index,source,target
0,Nothing Equipped,未裝備
1,Green Jersey,傑艾爾塞伊・緑
2,Blue Jersey,傑艾爾塞伊・青
3,Hunter's Greaves,獵人護腿
4,Hunter's Leggings,獵人裹腿
5,Bone Greaves,骨製護腿
6,Bone Leggings,骨製裹腿
7,Veloci Greaves,藍速龍護腿
8,Veloci Leggings,藍速龍裹腿
9,Battle Greaves,戦護腿
10,Battle Leggings,戦裹腿
11,Silver Metal Boots,白金屬靴・銀
12,Vespoid Greaves,巨蜂護腿
13,Vespoid Leggings,巨蜂裹腿
14,Hornetaur Greaves,巨甲蟲護腿
15,Hornetaur Leggings,巨甲蟲裹腿
16,High Metal Greaves,上位金屬護腿
17,High Metal Leggings,上位金屬裹腿
18,Dark Metal Boots,暗金屬・靴
19,Gen Greaves,源護腿
20,Gen Leggings,源裹腿
21,Pink Metal Boots,白金屬靴・桃
22,Chrome Metal Boots,鍍金屬線圈・靴
23,Io Greaves,伊歐護腿
24,Io Leggings,伊歐裹腿
25,Gypceros Greaves,毒怪鳥護腿
26,Gypceros Leggings,毒怪鳥裹腿
27,Cepha Greaves,沙龍護腿
28,Cepha Leggings,沙龍裹腿
29,Rathian Greaves,雌火龍護腿
30,Rathian Leggings,雌火龍裹腿
31,Khezu Greaves,奇怪龍護腿
32,Khezu Leggings,奇怪龍裹腿
33,Rathalos Greaves,雄火龍護腿
34,Rathalos Leggings,雄火龍裹腿
35,Plesioth Greaves,水龍護腿
36,Plesioth Leggings,水龍裹腿
37,Basarios Greaves,岩龍護腿
38,Basarios Leggings,岩龍裹腿
39,Diablos Greaves,角龍護腿
40,Diablos Leggings,角龍裹腿
41,Monoblos Greaves,一角龍護腿
42,Monoblos Leggings,一角龍裹腿
43,Gravios Greaves,鎧龍護腿
44,Gravios Leggings,鎧龍裹腿
45,Black Belt Greaves,黑腰帶護腿・黑
46,Mosswine Feet,菌豬
47,Veloci ーツ Feet,藍速龍
48,Gen ーツ Feet,源
49,Io ーツ Feet,伊歐
50,忍の Tabi・陽,忍之籠手・陽
51,忍の Tabi・陰,忍之籠手・陰
52,Guardian Boots,守靴
53,Guardian Feet,守
54,Helper Socks,助手
55,Healer Socks,治癒
56,Garuga Greaves,黑狼鳥護腿
57,Garuga Leggings,黑狼鳥裹腿
58,暁丸【Greaves】,暁丸護腿
59,曙丸【Greaves】,曙丸護腿
60,凛【 Hakama 】,凛籠手
61,艶【 Hakama 】,艶籠手
62,Crimson 凛【 Hakama 】,凛・紅
63,Crimson 艶【 Hakama 】,艶・紅
64,Dragon Feet,龍
65,Dragon Legs,龍腿甲
66,クリーム Jersey,
67,コーヒー Jersey,
68,Hunter's U Greaves,獵人護腿【Ｕ】
69,Hunter's U Leggings,獵人裹腿【Ｕ】
70,Bone U Greaves,骨製護腿【Ｕ】
71,Bone U Leggings,骨製裹腿【Ｕ】
72,Gia Greaves,白速龍護腿
73,Gia Leggings,白速龍裹腿
74,Battle U Greaves,戦護腿【Ｕ】
75,Battle U Leggings,戦裹腿【Ｕ】
76,Vespoid U Greaves,巨蜂護腿【Ｕ】
77,Vespoid U Leggings,巨蜂裹腿【Ｕ】
78,Hornetaur U Greaves,巨甲蟲護腿【Ｕ】
79,Hornetaur U Leggings,巨甲蟲裹腿【Ｕ】
80,High Metal U Greaves,上位金屬護腿【Ｕ】
81,High Metal U Leggings,上位金屬裹腿【Ｕ】
82,Gen U Greaves,源護腿【Ｕ】
83,Gen U Leggings,源裹腿【Ｕ】
84,Io U Greaves,伊歐護腿【Ｕ】
85,Io U Leggings,伊歐裹腿【Ｕ】
86,Gypceros U Greaves,毒怪鳥護腿【Ｕ】
87,Gypceros U Leggings,毒怪鳥裹腿【Ｕ】
88,Cepha U Greaves,沙龍護腿【Ｕ】
89,Cepha U Leggings,沙龍裹腿【Ｕ】
90,Rath Heart Greaves,火龍心護腿
91,Rath Heart Leggings,火龍心裹腿
92,Khezu U Greaves,奇怪龍護腿【Ｕ】
93,Khezu U Leggings,奇怪龍裹腿【Ｕ】
94,Rath Soul Greaves,火龍魂護腿
95,Rath Soul Leggings,火龍魂裹腿
96,Plesioth U Greaves,水龍護腿【Ｕ】
97,Plesioth U Leggings,水龍裹腿【Ｕ】
98,Basarios U Greaves,岩龍護腿【Ｕ】
99,Basarios U Leggings,岩龍裹腿【Ｕ】
100,Diablos U Greaves,角龍護腿【Ｕ】
101,Diablos U Leggings,角龍裹腿【Ｕ】
102,Monodevil Greaves,單眼惡魔護腿
103,Monodevil Leggings,單眼惡魔裹腿
104,Gravios U Greaves,鎧龍護腿【Ｕ】
105,Gravios U Leggings,鎧龍裹腿【Ｕ】
106,忍の Tabi・空,忍之籠手・空
107,忍の Tabi・海,忍之籠手・海
108,Guardian U Boots,守靴【Ｕ】
109,Guardian U Feet,守【Ｕ】
110,Helper U Socks,助手【Ｕ】
111,Healer U Socks,治癒【Ｕ】
112,暁丸・皇【Greaves】,暁丸護腿
113,曙丸・皇【Greaves】,曙丸護腿
114,凛・皇【 Hakama 】,凛籠手
115,艶・皇【 Hakama 】,艶籠手
116,ミラ Vulcan Feet,炎王龍爪
117,ミラ Vulcan Legs,炎王龍腿甲
118,ゴールド Lune Greaves,金月護腿
119,ゴールド Lune Leggings,金月裹腿
120,Silver Sol Greaves,日輪護腿・銀
121,Silver Sol Leggings,日輪裹腿・銀
122,Green S Jersey,傑艾爾塞伊【Ｓ】・緑
123,Blue S Jersey,傑艾爾塞伊【Ｓ】・青
124,Hunter's S Greaves,獵人護腿【Ｓ】
125,Hunter's S Leggings,獵人裹腿【Ｓ】
126,Bone S Greaves,骨製護腿【Ｓ】
127,Bone S Leggings,骨製裹腿【Ｓ】
128,Veloci S Greaves,藍速龍護腿【Ｓ】
129,Veloci S Leggings,藍速龍裹腿【Ｓ】
130,Battle S Greaves,戦護腿【Ｓ】
131,Battle S Leggings,戦裹腿【Ｓ】
132,Vespoid S Greaves,巨蜂護腿【Ｓ】
133,Vespoid S Leggings,巨蜂裹腿【Ｓ】
134,Hornetaur S Greaves,巨甲蟲護腿【Ｓ】
135,Hornetaur S Leggings,巨甲蟲裹腿【Ｓ】
136,High Metal S Greaves,上位金屬護腿【Ｓ】
137,High Metal S Leggings,上位金屬裹腿【Ｓ】
138,Gen S Greaves,源護腿【Ｓ】
139,Gen S Leggings,源裹腿【Ｓ】
140,Kut-Ku S Greaves,怪鳥護腿【Ｓ】
141,Kut-Ku S Leggings,怪鳥裹腿【Ｓ】
142,Io S Greaves,伊歐護腿【Ｓ】
143,Io S Leggings,伊歐裹腿【Ｓ】
144,Gypceros S Greaves,毒怪鳥護腿【Ｓ】
145,Gypceros S Leggings,毒怪鳥裹腿【Ｓ】
146,Cepha S Greaves,沙龍護腿【Ｓ】
147,Cepha S Leggings,沙龍裹腿【Ｓ】
148,Rathian S Greaves,雌火龍護腿【Ｓ】
149,Rathian S Leggings,雌火龍裹腿【Ｓ】
150,Khezu S Greaves,奇怪龍護腿【Ｓ】
151,Khezu S Leggings,奇怪龍裹腿【Ｓ】
152,Rathalos S Greaves,雄火龍護腿【Ｓ】
153,Rathalos S Leggings,雄火龍裹腿【Ｓ】
154,Plesioth S Greaves,水龍護腿【Ｓ】
155,Plesioth S Leggings,水龍裹腿【Ｓ】
156,Basarios S Greaves,岩龍護腿【Ｓ】
157,Basarios S Leggings,岩龍裹腿【Ｓ】
158,Diablos S Greaves,角龍護腿【Ｓ】
159,Diablos S Leggings,角龍裹腿【Ｓ】
160,Monoblos S Greaves,一角龍護腿【Ｓ】
161,Monoblos S Leggings,一角龍裹腿【Ｓ】
162,Gravios S Greaves,鎧龍護腿【Ｓ】
163,Gravios S Leggings,鎧龍裹腿【Ｓ】
164,忍の Tabi・Heaven,忍之籠手
165,忍の Tabi・Earth,忍之籠手
166,Guild Guard Boots Crimson,公會守衛靴・紅
167,Guild Guard タイツ Crimson,公會守衛・紅
168,Guild Guard Boots Crimson,公會守衛靴・紅
169,Guild Guard タイツ Crimson,公會守衛・紅
170,暁丸・覇【具足】,暁丸籠手
171,曙丸・覇【具足】,曙丸籠手
172,凛・覇【 Hakama 】,凛籠手
173,艶・覇【 Hakama 】,艶籠手
174,Dragon S Feet,龍【Ｓ】
175,Dragon S Legs,龍腿甲【Ｓ】
176,Hermitaur Greaves,盾蟹護腿
177,Hermitaur Leggings,盾蟹裹腿
178,Hermitaur U Greaves,盾蟹護腿【Ｕ】
179,Hermitaur U Leggings,盾蟹裹腿【Ｕ】
180,Hermitaur S Greaves,盾蟹護腿【Ｓ】
181,Hermitaur S Leggings,盾蟹裹腿【Ｓ】
182,Conga Greaves,桃毛獸護腿
183,Conga Leggings,桃毛獸裹腿
184,Conga U Greaves,桃毛獸護腿【Ｕ】
185,Conga U Leggings,桃毛獸裹腿【Ｕ】
186,Conga S Greaves,桃毛獸護腿【Ｓ】
187,Conga S Leggings,桃毛獸裹腿【Ｓ】
188,Blango Greaves,雪獅子護腿
189,Blango Leggings,雪獅子裹腿
190,Blango U Greaves,雪獅子護腿【Ｕ】
191,Blango U Leggings,雪獅子裹腿【Ｕ】
192,Blango S Greaves,雪獅子護腿【Ｓ】
193,Blango S Leggings,雪獅子裹腿【Ｓ】
194,Ceanataur Greaves,鎌蟹護腿
195,Ceanataur Leggings,鎌蟹裹腿
196,Ceanataur U Greaves,鎌蟹護腿【Ｕ】
197,Ceanataur U Leggings,鎌蟹裹腿【Ｕ】
198,Ceanataur S Greaves,鎌蟹護腿【Ｓ】
199,Ceanataur S Leggings,鎌蟹裹腿【Ｓ】
200,Kirin レガース,麒麟
201,Kirin Boots,麒麟靴
202,Kirin Sレガース,麒麟
203,Kirin S Boots,麒麟靴【Ｓ】
204,Kushala ペイル,鋼龍
205,Kushala ハディ,鋼龍
206,Mizuha 【具足】,具足
207,Toyotama 【具足】,具足
208,Empress Greaves,女帝護腿
209,Empress Leggings,女帝裹腿
210,Gold 剛【具足】,具足剛・金
211,不動【具足】,不動籠手
212,Kaiser Greaves,帝王護腿
213,Kaiser Leggings,帝王裹腿
214,夜叉【御足】,夜叉腕甲
215,修羅【御足】,修羅腕甲
216,Golden Hakama,金
217,Puppeteer ノ Tabi,傀儡師籠手
218,White Fatalis Feet,黒龍・白
219,White Fatalis Leggings,黒龍裹腿・白
220,Black Belt S Greaves,黑腰帶護腿【Ｓ】・黑
221,Gia ーツ Feet,白速龍
222,Remobra ーツ Feet,翼蛇龍
223,Guild Knight Boots,公會騎士靴
224,Guild Knight タイツ,公會騎士
225,Maid ストッキング,女僕
226,Private タイツ,士兵
227,Guild Guard Boots Green,公會守衛靴・緑
228,Guild Guard タイツ Green,公會守衛・緑
229,Guild Guard Boots Green,公會守衛靴・緑
230,Guild Guard タイツ Green,公會守衛・緑
231,K・ロブスタ Greaves,ｋ護腿
232,K・ロブスタ Leggings,ｋ裹腿
233,F Boots 00,靴【Ｆ】
234,F Boots 01,靴【Ｆ】
235,ブレイド Metal Boots,金屬・靴
236,Kut-Ku Greaves,怪鳥護腿
237,Kut-Ku Leggings,怪鳥裹腿
238,Kut-Ku U Greaves,怪鳥護腿【Ｕ】
239,Kut-Ku U Leggings,怪鳥裹腿【Ｕ】
240,Hypnoc Greaves,眠鳥護腿
241,Hypnoc Leggings,眠鳥裹腿
242,Hypnoc U Greaves,眠鳥護腿【Ｕ】
243,Hypnoc U Leggings,眠鳥裹腿【Ｕ】
244,Lavasioth Greaves,熔岩龍護腿
245,Lavasioth Leggings,熔岩龍裹腿
246,Lavasioth S Greaves,熔岩龍護腿【Ｓ】
247,Lavasioth S Leggings,熔岩龍裹腿【Ｓ】
248,Gia U Greaves,白速龍護腿【Ｕ】
249,Gia U Leggings,白速龍裹腿【Ｕ】
250,White Cat Boots,金猫靴・白
251,Black Cat Boots,金猫靴・黑
252,Gold Cat Boots,金猫靴・金
253,Gothic Greaves,哥德護腿
254,Gothic F Greaves,哥德護腿【Ｆ】
255,Beil Divider,貝爾
256,Comrade Boots 【猩】,猩靴
257,Jisutoreru Leg,吉斯特雷腿
258,Duo Greaves,雙護腿
259,Smart Leg,機靈腿
260,Strength Leg,力腿
261,Boot Up Leg,靴強化腿
262,Yuenesu Leg,尤艾涅蘇腿
263,Missing No.,遺失道具No.263
264,Missing No.,遺失道具No.264
265,Aerial Leg,空中腿
266,ジスト Leg,吉斯特腿
267,Missing No.,遺失道具No.267
268,Extra Leg,追加腿
269,ウナペルト Leg,烏納佩爾特腿
270,Kyuura Leg,丘拉腿
271,Missing No.,遺失道具No.271
272,Missing No.,遺失道具No.272
273,Tigrex Greaves,轟龍護腿
274,Tigrex Leggings,轟龍裹腿
275,Tigrex S Greaves,轟龍護腿【Ｓ】
276,Tigrex S Leggings,轟龍裹腿【Ｓ】
277,Butterfly Crura,蝶
278,Butterfly フェムル,蝶
279,Butterfly S Crura,蝶【Ｓ】
280,Butterfly Sフェムル,蝶
281,Akantor ケマル,霸龍
282,Akantor チケル,霸龍
283,ウナペルトF Leg,烏納佩爾特腿【Ｆ】
284,Red Cat F Boots,金猫靴【Ｆ】・赤
285,Melahoa Roots,梅拉霍阿
286,Melahoa U Roots,梅拉霍阿【Ｕ】
287,Makluva Pants,馬庫瓦褲
288,Makluva U Pants,馬庫瓦褲【Ｕ】
289,King Beetle Crura,王甲蟲
290,King Beetle フェムル,王甲蟲
291,King Beetle S Crura,王甲蟲【Ｓ】
292,King Beetle Sフェムル,王甲蟲
293,Death Stench Heel,死臭
294,Death Stench March,死臭
295,Death Stench S Heel,死臭【Ｓ】
296,Death Stench S March,死臭【Ｓ】
297,Mafumofu Boots,莫芙莫芙靴
298,Mafumofu S Boots,莫芙莫芙靴【Ｓ】
299,Kushala Fペイル,鋼龍
300,Kushala Fハディ,鋼龍
301,Kaiser F Greaves,帝王護腿【Ｆ】
302,Kaiser F Leggings,帝王裹腿【Ｆ】
303,Mizuha 魁【具足】,具足魁
304,Toyotama 魁【具足】,具足魁
305,Gold 剛・魁【具足】,具足剛魁・金
306,不動・魁【具足】,不動魁籠手
307,夜叉・魁【御足】,夜叉魁腕甲
308,修羅・魁【御足】,修羅魁腕甲
309,Empress F Greaves,女帝護腿【Ｆ】
310,Empress F Leggings,女帝裹腿【Ｆ】
311,Golden Hakama・魁,金魁
312,Puppeteer ノ Tabi・魁,傀儡師籠手・魁
313,Garuga F Greaves,黑狼鳥護腿【Ｆ】
314,Garuga F Leggings,黑狼鳥裹腿【Ｆ】
315,Kushala Fペイル,鋼龍
316,Kushala Fハディ,鋼龍
317,Kaiser F Greaves,帝王護腿【Ｆ】
318,Kaiser F Leggings,帝王裹腿【Ｆ】
319,Mizuha 魁【具足】,具足魁
320,Toyotama 魁【具足】,具足魁
321,Gold 剛・魁【具足】,具足剛魁・金
322,不動・魁【具足】,不動魁籠手
323,夜叉・魁【御足】,夜叉魁腕甲
324,修羅・魁【御足】,修羅魁腕甲
325,Empress F Greaves,女帝護腿【Ｆ】
326,Empress F Leggings,女帝裹腿【Ｆ】
327,Golden Hakama・魁,金魁
328,Puppeteer ノ Tabi・魁,傀儡師籠手・魁
329,Garuga F Greaves,黑狼鳥護腿【Ｆ】
330,Garuga F Leggings,黑狼鳥裹腿【Ｆ】
331,Lavasioth U Greaves,熔岩龍護腿【Ｕ】
332,Lavasioth U Leggings,熔岩龍裹腿【Ｕ】
333,White Metal Boots,白金屬靴・白
334,Celeste Greaves,天空護腿
335,Ciel Divider,天空
336,Comrada Boots 【 Red 】,克歐姆爾阿德阿靴・赤
337,Comrada Boots 【 Blue 】,克歐姆爾阿德阿靴・青
338,Comrada Boots 【 Green 】,克歐姆爾阿德阿靴・緑
339,Comrada Boots 【 Orange 】,克歐姆爾阿德阿靴・橙
340,ダミー,(dummy)
341,ダミー,(dummy)
342,Espinas Heel,棘龍
343,Espinas March,棘龍
344,Espinas F Heel,棘龍【Ｆ】
345,Espinas F March,棘龍【Ｆ】
346,Azul Greaves,青護腿
347,Azul Leggings,青裹腿
348,Amezari Greaves,阿梅扎里護腿
349,Amezari Leggings,阿梅扎里裹腿
350,Promise Boots 【 White 】,約定靴・白
351,Promise Boots 【 Blue 】,約定靴・青
352,Promise Boots 【 Purple 】,約定靴・紫
353,Promise Boots 【 Yellow 】,約定靴・黄
354,Bliss Boots 【 White 】,布爾伊斯斯靴・白
355,Bliss Boots 【 Blue 】,布爾伊斯斯靴・青
356,Bliss Boots 【 Purple 】,布爾伊斯斯靴・紫
357,Bliss Boots 【 Yellow 】,布爾伊斯斯靴・黄
358,Bliss F Boots 【 White 】,布爾伊斯斯靴【Ｆ】・白
359,Bliss F Boots 【 Blue 】,布爾伊斯斯靴【Ｆ】・青
360,Bliss F Boots 【 Purple 】,布爾伊斯斯靴【Ｆ】・紫
361,Bliss F Boots 【 Yellow 】,布爾伊斯斯靴【Ｆ】・黄
362,Lodge Wear Leg,旅宿服腿
363,Battle Leggings SP Blue,戦裹腿【ＳＰ】・青
364,Battle Leggings SP Yellow,戦裹腿【ＳＰ】・黄
365,Battle Leggings SP Purple,戦裹腿【ＳＰ】・紫
366,Rathian Greaves SP Blue,雌火龍護腿【ＳＰ】・青
367,Rathian Greaves SP Red,雌火龍護腿【ＳＰ】・赤
368,Rathian Greaves SP Black,雌火龍護腿【ＳＰ】・黑
369,Khezu Feet SP Blue,奇怪龍【ＳＰ】・青
370,Khezu Feet SP Green,奇怪龍【ＳＰ】・緑
371,Khezu Feet SP Black,奇怪龍【ＳＰ】・黑
372,Espinas Greaves SP Red,棘龍護腿【ＳＰ】・赤
373,Espinas Greaves SP Blue,棘龍護腿【ＳＰ】・青
374,Espinas Greaves SP Yellow,棘龍護腿【ＳＰ】・黄
375,Espinas Leggings SP Red,棘龍裹腿【ＳＰ】・赤
376,Espinas Leggings SP Blue,棘龍裹腿【ＳＰ】・青
377,Espinas Leggings SP Yellow,棘龍裹腿【ＳＰ】・黄
378,Noir Greaves,黑護腿
379,Guardi Boots SP White,古阿爾迪靴【ＳＰ】・白
380,Guardi Boots SP Black,古阿爾迪靴【ＳＰ】・黑
381,Guardi Boots SP Purple,古阿爾迪靴【ＳＰ】・紫
382,Healer Socks SP Blue,治癒【ＳＰ】・青
383,Healer Socks SP White,治癒【ＳＰ】・白
384,Healer Socks SP Yellow,治癒【ＳＰ】・黄
385,Mafumofu Boots SP Red,莫芙莫芙靴【ＳＰ】・赤
386,Mafumofu Boots SP Yellow,莫芙莫芙靴【ＳＰ】・黄
387,Mafumofu Boots SP Purple,莫芙莫芙靴【ＳＰ】・紫
388,Basarios Leggings SP Red,岩龍裹腿【ＳＰ】・赤
389,Basarios Leggings SP Black,岩龍裹腿【ＳＰ】・黑
390,Basarios Leggings SP Yellow,岩龍裹腿【ＳＰ】・黄
391,Apkallu Greaves,阿普可魯護腿
392,Apkallu Leggings,阿普可魯裹腿
393,Gospel Greaves,福音護腿
394,Gospel Leggings,福音裹腿
395,Espinas U Heel,棘龍【Ｕ】
396,Espinas U March,棘龍【Ｕ】
397,Blango Greaves SP Yellow,雪獅子護腿【ＳＰ】・黄
398,Blango Greaves SP Blue,雪獅子護腿【ＳＰ】・青
399,Blango Greaves SP Black,雪獅子護腿【ＳＰ】・黑
400,Golden Hakama SP White,金【ＳＰ】・白
401,Golden Hakama SP Purple,金【ＳＰ】・紫
402,Golden Hakama SP Green,金【ＳＰ】・緑
403,Gravios Leggings SP Green,鎧龍裹腿【ＳＰ】・緑
404,Gravios Leggings SP Purple,鎧龍裹腿【ＳＰ】・紫
405,Gravios Leggings SP Red,鎧龍裹腿【ＳＰ】・赤
406,Vashimu Greaves,尾晶蠍護腿
407,Vashimu Greaves Yellow,尾晶蠍護腿・黄
408,Vashimu Greaves Green,尾晶蠍護腿・緑
409,Vashimu Greaves Crimson,尾晶蠍護腿・紅
410,Vashimu Leggings,尾晶蠍裹腿
411,Vashimu Leggings Yellow,尾晶蠍裹腿・黄
412,Vashimu Leggings Green,尾晶蠍裹腿・緑
413,Vashimu Leggings Crimson,尾晶蠍裹腿・紅
414,Vashimu F Greaves,尾晶蠍護腿【Ｆ】
415,Vashimu F Greaves Yellow,尾晶蠍護腿【Ｆ】・黄
416,Vashimu F Greaves Green,尾晶蠍護腿【Ｆ】・緑
417,Vashimu F Greaves Crimson,尾晶蠍護腿【Ｆ】・紅
418,Vashimu F Leggings,尾晶蠍裹腿【Ｆ】
419,Vashimu F Leggings Yellow,尾晶蠍裹腿【Ｆ】・黄
420,Vashimu F Leggings Green,尾晶蠍裹腿【Ｆ】・緑
421,Vashimu F Leggings Crimson,尾晶蠍裹腿【Ｆ】・紅
422,Eques Greaves,騎士護腿
423,Eques Leggings,騎士裹腿
424,Eques Greaves 改,騎士護腿
425,Eques Leggings 改,騎士裹腿
426,Eques F Greaves,騎士護腿【Ｆ】
427,Eques F Leggings,騎士裹腿【Ｆ】
428,Star Festival の Tabi・Summer 【 Red 】,星祭手甲・赤
429,Star Festival の Tabi・Summer 【 Blue 】,星祭手甲・青
430,Star Festival の Tabi・Summer 【 Black 】,星祭手甲・黑
431,Star Festival の Tabi・Summer 【 White 】,星祭手甲・白
432,Tanabata の Tabi・Summer 【 Red 】,七夕手甲・赤
433,Tanabata の Tabi・Summer 【 Blue 】,七夕手甲・青
434,Tanabata の Tabi・Summer 【 Black 】,七夕手甲・黑
435,Tanabata の Tabi・Summer 【 White 】,七夕手甲・白
436,Star Festival の Tabi・織【 Red 】,星祭織手甲・赤
437,Star Festival の Tabi・織【 Blue 】,星祭織手甲・青
438,Star Festival の Tabi・織【 Black 】,星祭織手甲・黑
439,Star Festival の Tabi・織【 White 】,星祭織手甲・白
440,Tanabata の Tabi・織【 Red 】,七夕織手甲・赤
441,Tanabata の Tabi・織【 Blue 】,七夕織手甲・青
442,Tanabata の Tabi・織【 Black 】,七夕織手甲・黑
443,Tanabata の Tabi・織【 White 】,七夕織手甲・白
444,Star Festival の Tabi・Heaven 【 Red 】,星祭手甲・赤
445,Star Festival の Tabi・Heaven 【 Blue 】,星祭手甲・青
446,Star Festival の Tabi・Heaven 【 Black 】,星祭手甲・黑
447,Star Festival の Tabi・Heaven 【 White 】,星祭手甲・白
448,Tanabata の Tabi・Heaven 【 Red 】,七夕手甲・赤
449,Tanabata の Tabi・Heaven 【 Blue 】,七夕手甲・青
450,Tanabata の Tabi・Heaven 【 Black 】,七夕手甲・黑
451,Tanabata の Tabi・Heaven 【 White 】,七夕手甲・白
452,High Metal Greaves SP Black,上位金屬護腿【ＳＰ】・黑
453,High Metal Greaves SP Blue,上位金屬護腿【ＳＰ】・青
454,High Metal Greaves SP Yellow,上位金屬護腿【ＳＰ】・黄
455,S・Sol Greaves SP Red,日輪護腿【Ｓ】【ＳＰ】・赤
456,S・Sol Greaves SP Purple,日輪護腿【Ｓ】【ＳＰ】・紫
457,S・Sol Greaves SP Black,日輪護腿【Ｓ】【ＳＰ】・黑
458,Garuga Leggings SP White,黑狼鳥裹腿【ＳＰ】・白
459,Garuga Leggings SP Green,黑狼鳥裹腿【ＳＰ】・緑
460,Garuga Leggings SP Red,黑狼鳥裹腿【ＳＰ】・赤
461,Rookie Boots 【 White 】,新人靴・白
462,Rookie Boots 【 Red 】,新人靴・赤
463,Rookie Boots 【 Green 】,新人靴・緑
464,Hypnoc S Greaves,眠鳥護腿【Ｓ】
465,Hypnoc S Leggings,眠鳥裹腿【Ｓ】
466,Purogia Boots,普羅吉阿靴
467,Oracion Boots,祈願靴
468,Requiem Boots,鎮魂靴
469,Vashimu U Greaves,尾晶蠍護腿【Ｕ】
470,Vashimu U Greaves Yellow,尾晶蠍護腿【Ｕ】・黄
471,Vashimu U Greaves Green,尾晶蠍護腿【Ｕ】・緑
472,Vashimu U Greaves Crimson,尾晶蠍護腿【Ｕ】・紅
473,Vashimu U Leggings,尾晶蠍裹腿【Ｕ】
474,Vashimu U Leggings Yellow,尾晶蠍裹腿【Ｕ】・黄
475,Vashimu U Leggings Green,尾晶蠍裹腿【Ｕ】・緑
476,Vashimu U Leggings Crimson,尾晶蠍裹腿【Ｕ】・紅
477,Melan Greaves,紫黑護腿
478,Melan Leggings,紫黑裹腿
479,Rouge Greaves,紅護腿
480,Magisa Feet・Red,馬吉薩夫伊特・赤
481,Magisa Feet・Black,馬吉薩夫伊特・黑
482,Magisa Feet・Green,馬吉薩夫伊特・緑
483,Magisa Feet・White,馬吉薩夫伊特・白
484,Magisa Feet・Blue,馬吉薩夫伊特・青
485,Wizard Boots・Red,烏伊扎爾德靴・赤
486,Wizard Boots・Black,烏伊扎爾德靴・黑
487,Wizard Boots・Green,烏伊扎爾德靴・緑
488,Wizard Boots・White,烏伊扎爾德靴・白
489,Wizard Boots・Blue,烏伊扎爾德靴・青
490,Magisa F Feet・Red,馬吉薩夫伊特【Ｆ】・赤
491,Magisa F Feet・Black,馬吉薩夫伊特【Ｆ】・黑
492,Magisa F Feet・Green,馬吉薩夫伊特【Ｆ】・緑
493,Magisa F Feet・White,馬吉薩夫伊特【Ｆ】・白
494,Magisa F Feet・Blue,馬吉薩夫伊特【Ｆ】・青
495,Wizard F Boots・Red,烏伊扎爾德靴【Ｆ】・赤
496,Wizard F Boots・Black,烏伊扎爾德靴【Ｆ】・黑
497,Wizard F Boots・Green,烏伊扎爾德靴【Ｆ】・緑
498,Wizard F Boots・White,烏伊扎爾德靴【Ｆ】・白
499,Wizard F Boots・Blue,烏伊扎爾德靴【Ｆ】・青
500,Crowley Feet・Red,克羅烏勒伊夫・赤
501,Crowley Feet・Black,克羅烏勒伊夫・黑
502,Crowley Feet・Green,克羅烏勒伊夫・緑
503,Crowley Feet・White,克羅烏勒伊夫・白
504,Crowley Feet・Blue,克羅烏勒伊夫・青
505,Faust Boots・Red,夫阿烏斯特靴・赤
506,Faust Boots・Black,夫阿烏斯特靴・黑
507,Faust Boots・Green,夫阿烏斯特靴・緑
508,Faust Boots・White,夫阿烏斯特靴・白
509,Faust Boots・Blue,夫阿烏斯特靴・青
510,Kushala ペイル SP Red,鋼龍【ＳＰ】・赤
511,Kushala ペイル SP Yellow,鋼龍【ＳＰ】・黄
512,Kushala ペイル SP Green,鋼龍【ＳＰ】・緑
513,Kushala ハディ SP Red,鋼龍【ＳＰ】・赤
514,Kushala ハディ SP Yellow,鋼龍【ＳＰ】・黄
515,Kushala ハディ SP Green,鋼龍【ＳＰ】・緑
516,Kirin レガース SP Red,麒麟【ＳＰ】・赤
517,Kirin レガース SP Purple,麒麟【ＳＰ】・紫
518,Kirin レガース SP Black,麒麟【ＳＰ】・黑
519,Kirin Boots SP Red,麒麟靴【ＳＰ】・赤
520,Kirin Boots SP Purple,麒麟靴【ＳＰ】・紫
521,Kirin Boots SP Black,麒麟靴【ＳＰ】・黑
522,Strega Greaves,魔女護腿
523,Strega Leggings,魔女裹腿
524,Strega Greaves 改,改護腿
525,Strega Leggings 改,改裹腿
526,Strega F Greaves,魔女護腿【Ｆ】
527,Strega F Leggings,魔女裹腿【Ｆ】
528,Khezu L Greaves,奇怪龍護腿【Ｌ】
529,Cepha L Greaves,沙龍護腿【Ｌ】
530,Ceanataur L Greaves,鎌蟹護腿【Ｌ】
531,Rathalos L Greaves,雄火龍護腿【Ｌ】
532,Mafumofu L Boots,莫芙莫芙靴【Ｌ】
533,Red Cat Boots,金猫靴・赤
534,Amitie Feet,阿米提艾夫伊
535,Amitie Boots,阿米提艾靴
536,Basarios L Leggings,岩龍裹腿【Ｌ】
537,Gypceros L Leggings,毒怪鳥裹腿【Ｌ】
538,Guardian R Boots,守靴【Ｒ】
539,Healer R Socks,治癒【Ｒ】
540,Hunter's R Greaves,獵人護腿【Ｒ】
541,Rath Heart R Greaves,火龍心護腿【Ｒ】
542,Hermitaur R Greaves,盾蟹護腿【Ｒ】
543,Amitie F Feet,阿米提艾夫伊【Ｆ】
544,Amitie F Boots,阿米提艾靴【Ｆ】
545,Kyuura F Leg,丘拉腿【Ｆ】
546,Guardian R Crura,守【Ｒ】
547,Healer R Boots,治癒靴【Ｒ】
548,Quad Greaves C,四頭兜Ｃ護腿
549,Quad Greaves,四護腿
550,Beru Greaves,舞雷龍護腿
551,Beru Leggings,舞雷龍裹腿
552,Beru F Greaves,舞雷龍護腿【Ｆ】
553,Beru F Leggings,舞雷龍裹腿【Ｆ】
554,Lien Feet・Blue,里艾恩夫伊特・青
555,Lien Boot・Blue,里艾恩博歐特・青
556,Lien Feet・Red,里艾恩夫伊特・赤
557,Lien Boot・Red,里艾恩博歐特・赤
558,Lien Feet・Black,里艾恩夫伊特・黑
559,Lien Boot・Black,里艾恩博歐特・黑
560,Lien Feet・White,里艾恩夫伊特・白
561,Lien Boot・White,里艾恩博歐特・白
562,Lien F Feet・Blue,里艾恩夫伊特【Ｆ】・青
563,Lien F Boots・Blue,爾伊艾恩靴【Ｆ】・青
564,Lien F Feet・Red,里艾恩夫伊特【Ｆ】・赤
565,Lien F Boots・Red,爾伊艾恩靴【Ｆ】・赤
566,Lien F Feet・Black,里艾恩夫伊特【Ｆ】・黑
567,Lien F Boots・Black,爾伊艾恩靴【Ｆ】・黑
568,Lien F Feet・White,里艾恩夫伊特【Ｆ】・白
569,Lien F Boots・White,爾伊艾恩靴【Ｆ】・白
570,Kaiser Greaves SP White,帝王護腿【ＳＰ】・白
571,Kaiser Greaves SP Black,帝王護腿【ＳＰ】・黑
572,Kaiser Greaves SP Green,帝王護腿【ＳＰ】・緑
573,Kaiser Leggings SP White,帝王裹腿【ＳＰ】・白
574,Kaiser Leggings SP Black,帝王裹腿【ＳＰ】・黑
575,Kaiser Leggings SP Green,帝王裹腿【ＳＰ】・緑
576,Hermitaur Greaves SP Blue,盾蟹護腿【ＳＰ】・青
577,Hermitaur Greaves SP White,盾蟹護腿【ＳＰ】・白
578,Hermitaur Greaves SP Purple,盾蟹護腿【ＳＰ】・紫
579,Kut-Ku L Greaves,怪鳥護腿【Ｌ】
580,Gypceros L Greaves,毒怪鳥護腿【Ｌ】
581,Io L Greaves,伊歐護腿【Ｌ】
582,Rathian L Greaves,雌火龍護腿【Ｌ】
583,Basarios L Greaves,岩龍護腿【Ｌ】
584,Rathalos L Leggings,雄火龍裹腿【Ｌ】
585,Monoblos L Leggings,一角龍裹腿【Ｌ】
586,Melahoa R Roots,梅拉霍阿【Ｒ】
587,High Metal R Greaves,上位金屬護腿【Ｒ】
588,Diablos R Greaves,角龍護腿【Ｒ】
589,Blango R Greaves,雪獅子護腿【Ｒ】
590,Lavasioth R Greaves,熔岩龍護腿【Ｒ】
591,Gia R Leggings,白速龍裹腿【Ｒ】
592,Battle R Leggings,戦裹腿【Ｒ】
593,Hypnoc ルータ Leg,眠鳥腿
594,Hypnoc ルータ Boots,眠鳥靴
595,Garuda Leg,加魯達腿
596,Garuda Boots,加魯達靴
597,Extra F Leg,追加腿【Ｆ】
598,Butterfly L Crura,蝶【Ｌ】
599,Hypnoc R Greaves,眠鳥護腿【Ｒ】
600,ディジ Gear Boots,裝備鎧甲靴
601,Priere Boots,普伊艾雷靴
602,Salvacion Boots,斯阿勒維阿克伊歐靴
603,Shikari Greaves,斯希可里護腿
604,Shikari Greaves・魁,魁護腿
605,G・Guard R Boots Green,Ｇ衛Ｒ套裝緑靴【Ｇ】【Ｒ】・緑
606,Arma Feet・Black,阿爾馬夫伊特・黑
607,Arma Boots・Black,阿爾馬靴・黑
608,Arma Feet・White,阿爾馬夫伊特・白
609,Arma Boots・White,阿爾馬靴・白
610,Arma Feet・Blue,阿爾馬夫伊特・青
611,Arma Boots・Blue,阿爾馬靴・青
612,Arma Feet・Tea,阿爾馬夫伊特・茶
613,Arma Boots・Tea,阿爾馬靴・茶
614,Orden Feet,歐爾德恩夫伊
615,Orden Boots,歐爾德恩靴
616,Arma F Feet・Black,阿爾馬夫伊特【Ｆ】・黑
617,Arma F Boots・Black,阿爾馬靴【Ｆ】・黑
618,Arma F Feet・White,阿爾馬夫伊特【Ｆ】・白
619,Arma F Boots・White,阿爾馬靴【Ｆ】・白
620,Arma F Feet・Blue,阿爾馬夫伊特【Ｆ】・青
621,Arma F Boots・Blue,阿爾馬靴【Ｆ】・青
622,Arma F Feet・Tea,阿爾馬夫伊特【Ｆ】・茶
623,Arma F Boots・Tea,阿爾馬靴【Ｆ】・茶
624,Orden F Feet,歐爾德恩夫伊【Ｆ】
625,Orden F Boots,歐爾德恩靴【Ｆ】
626,Es Quera Leg,艾斯克烏艾拉腿
627,Es Quera Boots,艾斯克烏艾拉靴
628,Pandeum Leg,拍恩德烏姆腿
629,Pandeum Boots,拍恩德烏姆靴
630,Comrade Boots SP White,戰友靴【ＳＰ】・白
631,Comrade Boots SP Blue,戰友靴【ＳＰ】・青
632,Comrade Boots SP Black,戰友靴【ＳＰ】・黑
633,White Cat F Boots,金猫靴【Ｆ】・白
634,Death Stench L Heel,死臭【Ｌ】
635,Black Belt L Greaves,黑腰帶護腿【Ｌ】・黑
636,Battle L Greaves,戦護腿【Ｌ】
637,Tigrex L Greaves,轟龍護腿【Ｌ】
638,Khezu R Greaves,奇怪龍護腿【Ｒ】
639,Rath Soul R Greaves,火龍魂護腿【Ｒ】
640,Gia R Greaves,白速龍護腿【Ｒ】
641,G・Guard R Boots Green,Ｇ衛Ｒ套裝緑靴【Ｇ】【Ｒ】・緑
642,Khezu L Leggings,奇怪龍裹腿【Ｌ】
643,Io R Leggings,伊歐裹腿【Ｒ】
644,Comrade Boots SP Yellow,戰友靴【ＳＰ】・黄
645,Purokusu Greaves,普羅庫蘇護腿
646,Purokusu F Greaves,普羅庫蘇護腿【Ｆ】
647,Kurenesu Greaves,庫雷涅蘇護腿
648,Kurenesu F Greaves,庫雷涅蘇護腿【Ｆ】
649,Suini Greaves,蘇伊尼護腿
650,Suini F Greaves,蘇伊尼護腿【Ｆ】
651,Guraasu Boots,古拉阿蘇靴
652,Guraasu F Boots,古拉阿蘇靴【Ｆ】
653,Forutu Greaves,佛魯圖護腿
654,Forutu F Greaves,佛魯圖護腿【Ｆ】
655,Fakiru Greaves,法奇魯護腿
656,Fakiru F Greaves,法奇魯護腿【Ｆ】
657,Baraban Greaves,布阿爾阿布阿恩護腿
658,Baraban F Greaves,布阿爾阿布阿恩護腿【Ｆ】
659,Sufera Boots,蘇夫艾拉靴
660,Sufera F Boots,蘇夫艾拉靴【Ｆ】
661,Paria Greaves,呑龍護腿
662,Paria F Greaves,呑龍護腿【Ｆ】
663,Paria Leggings,呑龍裹腿
664,Paria F Leggings,呑龍裹腿【Ｆ】
665,Hypnolia Leg,哈伊普恩歐勒伊阿腿
666,Hypnolia Boots,哈伊普恩歐勒伊阿靴
667,Feral Leg,夫艾拉爾腿
668,Feral Boots,夫艾拉爾靴
669,Demon Lord ノ足枷,足枷
670,Rasta 教官 Foot,教官
671,童子ノ足枷,童子足枷
672,Dummy,(dummy)
673,Ex Feet・White,艾克斯夫伊特・白
674,Ex F Feet・White,艾克斯夫伊特【Ｆ】・白
675,Ex Boots・White,艾克斯靴・白
676,Ex F Boots・White,艾克斯靴【Ｆ】・白
677,Ex Feet・Red,艾克斯夫伊特・赤
678,Ex F Feet・Red,艾克斯夫伊特【Ｆ】・赤
679,Ex Boots・Red,艾克斯靴・赤
680,Ex F Boots・Red,艾克斯靴【Ｆ】・赤
681,Ex Feet・Blue,艾克斯夫伊特・青
682,Ex F Feet・Blue,艾克斯夫伊特【Ｆ】・青
683,Ex Boots・Blue,艾克斯靴・青
684,Ex F Boots・Blue,艾克斯靴【Ｆ】・青
685,Ex Feet・Black,艾克斯夫伊特・黑
686,Ex F Feet・Black,艾克斯夫伊特【Ｆ】・黑
687,Ex Boots・Black,艾克斯靴・黑
688,Ex F Boots・Black,艾克斯靴【Ｆ】・黑
689,Trance Feet,特拉恩克艾夫伊
690,Trance F Feet,特拉恩克艾夫伊【Ｆ】
691,Trance Boots,特拉恩克艾靴
692,Trance F Boots,特拉恩克艾靴【Ｆ】
693,Mizuha 【具足】 SP Blue,具足【ＳＰ】・青
694,Mizuha 【具足】 SP Red,具足【ＳＰ】・赤
695,Mizuha 【具足】 SP Yellow,具足【ＳＰ】・黄
696,Toyotama 【具足】 SP Blue,具足【ＳＰ】・青
697,Toyotama 【具足】 SP Red,具足【ＳＰ】・赤
698,Toyotama 【具足】 SP Yellow,具足【ＳＰ】・黄
699,暁丸【具足】 SP Red,暁丸籠手
700,暁丸【具足】 SP Purple,暁丸籠手
701,暁丸【具足】 SP White,暁丸籠手
702,凛【 Hakama 】 SP Black,凛籠手
703,凛【 Hakama 】 SP Purple,凛籠手
704,凛【 Hakama 】 SP White,凛籠手
705,Hunter's L Greaves,獵人護腿【Ｌ】
706,Kirin Lレガース,麒麟
707,Monoblos L Greaves,一角龍護腿【Ｌ】
708,Diablos L Greaves,角龍護腿【Ｌ】
709,Gravios L Greaves,鎧龍護腿【Ｌ】
710,Vespoid L Greaves,巨蜂護腿【Ｌ】
711,Basarios R Greaves,岩龍護腿【Ｒ】
712,G・Guard Rタイツ Green,【Ｇ】・緑
713,G・Guard Rタイツ Green,【Ｇ】・緑
714,Monodevil R Greaves,單眼惡魔護腿【Ｒ】
715,Hornetaur R Greaves,巨甲蟲護腿【Ｒ】
716,Ceanataur R Greaves,鎌蟹護腿【Ｒ】
717,Blango L Leggings,雪獅子裹腿【Ｌ】
718,Plesioth L Leggings,水龍裹腿【Ｌ】
719,Khezu R Leggings,奇怪龍裹腿【Ｒ】
720,Gravios R Leggings,鎧龍裹腿【Ｒ】
721,Weiss Heel,烏艾斯修伊爾
722,Weiss March,烏艾斯斯馬爾
723,Espinas R Heel,棘龍【Ｒ】
724,Tigrex L Leggings,轟龍裹腿【Ｌ】
725,Guns Leg,沸血吼腿
726,Wild Leg,烏伊爾德腿
727,Guns Boots,沸血吼靴
728,Wild Boots,烏伊爾德靴
729,Ecole Leg,艾科勒腿
730,Dian Leg,迪阿恩腿
731,Ecole Boots,艾科勒靴
732,Dian Boots,迪阿恩靴
733,Core Greaves C,克歐雷克護腿
734,Core Leggings C,克歐雷克裹腿
735,Core Greaves,核護腿
736,Core Leggings,核裹腿
737,Aneshisu Greaves,阿涅修伊蘇護腿
738,Aneshisu Leggings,阿涅修伊蘇裹腿
739,Kuraaji Greaves,拉瓦里護腿
740,Kuraaji Greaves 改,改護腿
741,Kuraaji F Greaves,拉瓦里護腿【Ｆ】
742,Kuraaji Leggings,拉瓦里裹腿
743,Kuraaji Leggings 改,改裹腿
744,Kuraaji F Leggings,拉瓦里裹腿【Ｆ】
745,Kinosu Greaves,觸媒研護腿
746,Himeros Greaves,螺鈿終護腿
747,Bureshisu Greaves,布雷修伊蘇護腿
748,Charien Leggings,恩流浪腕甲裹腿
749,Arietta Leg,阿爾伊艾特特阿腿
750,Tempest Leg,暴風腿
751,Vento Boots,背心維艾恩特歐靴
752,Mistral Boots,背心姆伊斯特爾阿勒靴
753,Arc Greaves,弧弓護腿
754,Arc Leggings,弧弓裹腿
755,Rath Duo Greaves,火龍雙護腿
756,Rath Duo Leggings,火龍雙裹腿
757,Shaln Feet・Blue,修阿爾恩夫伊・青
758,Shaln F Feet・Blue,修阿爾恩夫伊【Ｆ】・青
759,Shaln Boots・Blue,夏爾恩靴・青
760,Shaln F Boots・Blue,夏爾恩靴【Ｆ】・青
761,Shaln Feet・Green,修阿爾恩夫伊・緑
762,Shaln F Feet・Green,修阿爾恩夫伊【Ｆ】・緑
763,Shaln Boots・Green,夏爾恩靴・緑
764,Shaln F Boots・Green,夏爾恩靴【Ｆ】・緑
765,Shaln Feet・Purple,修阿爾恩夫伊・紫
766,Shaln F Feet・Purple,修阿爾恩夫伊【Ｆ】・紫
767,Shaln Boots・Purple,夏爾恩靴・紫
768,Shaln F Boots・Purple,夏爾恩靴【Ｆ】・紫
769,Shaln Feet・White,修阿爾恩夫伊・白
770,Shaln F Feet・White,修阿爾恩夫伊【Ｆ】・白
771,Shaln Boots・White,夏爾恩靴・白
772,Shaln F Boots・White,夏爾恩靴【Ｆ】・白
773,ルクス Feet,
774,ルクスF Feet,
775,ルクス Boots,魯庫蘇靴
776,ルクスF Boots,魯庫蘇靴【Ｆ】
777,Real Feet・White,雷阿爾夫伊特・白
778,Real F Feet・White,雷阿爾夫伊特【Ｆ】・白
779,Real Boots・White,雷阿爾靴・白
780,Real F Boots・White,雷阿爾靴【Ｆ】・白
781,Real Feet・Gold,雷阿爾夫伊特・金
782,Real F Feet・Gold,雷阿爾夫伊特【Ｆ】・金
783,Real Boots・Gold,雷阿爾靴・金
784,Real F Boots・Gold,雷阿爾靴【Ｆ】・金
785,Real Feet・Blue,雷阿爾夫伊特・青
786,Real F Feet・Blue,雷阿爾夫伊特【Ｆ】・青
787,Real Boots・Blue,雷阿爾靴・青
788,Real F Boots・Blue,雷阿爾靴【Ｆ】・青
789,Real Feet・Red,雷阿爾夫伊特・赤
790,Real F Feet・Red,雷阿爾夫伊特【Ｆ】・赤
791,Real Boots・Red,雷阿爾靴・赤
792,Real F Boots・Red,雷阿爾靴【Ｆ】・赤
793,Regis Feet,雷吉斯夫伊特
794,Regis F Feet,雷吉斯夫伊特【Ｆ】
795,Regis Boots,爾艾格伊斯靴
796,Regis F Boots,爾艾格伊斯靴【Ｆ】
797,Comrade Boots 【葉】,葉靴
798,Comrade Boots 【柑】,柑靴
799,Comrade Boots 【冷】,冷靴
800,Ceanataur Leggings SP Red,鎌蟹裹腿【ＳＰ】・赤
801,Ceanataur Leggings SP Black,鎌蟹裹腿【ＳＰ】・黑
802,Ceanataur Leggings SP Yellow,鎌蟹裹腿【ＳＰ】・黄
803,Remobra Feet SP White,翼蛇龍【ＳＰ】・白
804,Remobra Feet SP Yellow,翼蛇龍【ＳＰ】・黄
805,Remobra Feet SP Black,翼蛇龍【ＳＰ】・黑
806,G・Knight タイツ SP Red,【Ｇ】【ＳＰ】・赤
807,G・Knight タイツ SP Blue,【Ｇ】【ＳＰ】・青
808,G・Knight タイツ SP Purple,【Ｇ】【ＳＰ】・紫
809,PVタイツ SP Red,【ＳＰ】・赤
810,PVタイツ SP Blue,【ＳＰ】・青
811,PVタイツ SP Purple,【ＳＰ】・紫
812,Hermitaur L Greaves,盾蟹護腿【Ｌ】
813,High Metal L Greaves,上位金屬護腿【Ｌ】
814,Lavasioth L Greaves,熔岩龍護腿【Ｌ】
815,Bone L Greaves,骨製護腿【Ｌ】
816,Hornetaur L Greaves,巨甲蟲護腿【Ｌ】
817,G・Guard R Boots Crimson,Ｇ衛Ｒ套裝緑靴【Ｇ】【Ｒ】・紅
818,G・Guard R Boots Crimson,Ｇ衛Ｒ套裝緑靴【Ｇ】【Ｒ】・紅
819,Helper R Socks,助手【Ｒ】
820,Battle R Greaves,戦護腿【Ｒ】
821,Cepha R Greaves,沙龍護腿【Ｒ】
822,Bone R Greaves,骨製護腿【Ｒ】
823,Io L Leggings,伊歐裹腿【Ｌ】
824,Ceanataur L Leggings,鎌蟹裹腿【Ｌ】
825,Rath Heart R Leggings,火龍心裹腿【Ｒ】
826,Bone R Leggings,骨製裹腿【Ｒ】
827,Buran Greaves,布烏爾阿恩腕護腿
828,White Belt Greaves,黑腰帶護腿・白
829,Kagura 【 Hakama 】,哈可馬可古拉
830,Kagura・覇【 Hakama 】,覇
831,Kamiza 【 Hakama 】,哈可馬可米扎
832,Kamiza・覇【 Hakama 】,覇
833,アスハルテ Feet,
834,アスハルテ Boots,阿蘇哈魯特靴
835,ローク Greaves,腕護腿
836,ローク Leggings,腕裹腿
837,Soldato Feet,索爾達托夫伊
838,Gable Feet,加布勒夫伊特
839,Soldato Boots,斯歐勒德阿特歐靴
840,Gable Boots,加布艾靴
841,Uida Feet,烏伊達夫伊特
842,スティーダ Feet,
843,Uida Boots,磨尾虎靴
844,スティーダ Boots,蘇特伊達靴
845,Agria Leg,托吉阿腿
846,Flower Leg,夫爾歐烏艾爾腿
847,Agria Boots,托吉阿靴
848,Flower Boots,夫爾歐烏艾爾靴
849,Fauve Leg,法烏維腿
850,Fias Leg,夫伊阿斯腿
851,Fauve Boots,法烏維靴
852,Fias Boots,夫伊阿斯靴
853,フィデル Greaves,夫伊德魯護腿
854,フィデルF Greaves,夫伊德魯護腿【Ｆ】
855,ファクト Greaves,夫阿庫托護腿
856,ファクトF Greaves,夫阿庫托護腿【Ｆ】
857,シュロス Greaves,斯希尤羅蘇護腿
858,シュロスF Greaves,斯希尤羅蘇護腿【Ｆ】
859,アエトス Boots,阿艾托蘇靴
860,アエトスF Boots,阿艾托蘇靴【Ｆ】
861,ヴェルス Greaves,艾魯蘇護腿
862,ヴェルスF Greaves,艾魯蘇護腿【Ｆ】
863,フラント Greaves,夫拉恩托護腿
864,フラントF Greaves,夫拉恩托護腿【Ｆ】
865,Serieux Greaves,瑟里艾烏克斯護腿
866,Serieux F Greaves,瑟里艾烏克斯護腿【Ｆ】
867,ウェネス Boots,烏艾涅蘇靴
868,ウェネスF Boots,烏艾涅蘇靴【Ｆ】
869,Ferme Feet・Black,夫艾爾梅夫伊・黑
870,Ferme F Feet・Black,夫艾爾梅夫伊【Ｆ】・黑
871,Ferme Boots・Black,夫艾爾梅靴・黑
872,Ferme F Boots・Black,夫艾爾梅靴【Ｆ】・黑
873,Ferme Feet・Red,夫艾爾梅夫伊・赤
874,Ferme F Feet・Red,夫艾爾梅夫伊【Ｆ】・赤
875,Ferme Boots・Red,夫艾爾梅靴・赤
876,Ferme F Boots・Red,夫艾爾梅靴【Ｆ】・赤
877,Ferme Feet・White,夫艾爾梅夫伊・白
878,Ferme F Feet・White,夫艾爾梅夫伊【Ｆ】・白
879,Ferme Boots・White,夫艾爾梅靴・白
880,Ferme F Boots・White,夫艾爾梅靴【Ｆ】・白
881,Ferme Feet・Blue,夫艾爾梅夫伊・青
882,Ferme F Feet・Blue,夫艾爾梅夫伊【Ｆ】・青
883,Ferme Boots・Blue,夫艾爾梅靴・青
884,Ferme F Boots・Blue,夫艾爾梅靴【Ｆ】・青
885,リエーザ Feet,
886,リエーザF Feet,
887,リエーザ Boots,里艾扎靴
888,リエーザF Boots,里艾扎靴【Ｆ】
889,Claire Feet・Purple,克拉伊雷夫伊・紫
890,Claire F Feet・Purple,克拉伊雷夫伊【Ｆ】・紫
891,Claire Boots・Purple,克爾阿伊雷靴・紫
892,Claire F Boots・Purple,克爾阿伊雷靴【Ｆ】・紫
893,Claire Feet・Water,克拉伊雷夫伊
894,Claire F Feet・Water,克拉伊雷夫伊【Ｆ】
895,Claire Boots・Water,克爾阿伊雷瓦特爾靴
896,Claire F Boots・Water,克爾阿伊雷瓦特爾靴【Ｆ】
897,Claire Feet・Red,克拉伊雷夫伊・赤
898,Claire F Feet・Red,克拉伊雷夫伊【Ｆ】・赤
899,Claire Boots・Red,克爾阿伊雷靴・赤
900,Claire F Boots・Red,克爾阿伊雷靴【Ｆ】・赤
901,Claire Feet・Black,克拉伊雷夫伊・黑
902,Claire F Feet・Black,克拉伊雷夫伊【Ｆ】・黑
903,Claire Boots・Black,克爾阿伊雷靴・黑
904,Claire F Boots・Black,克爾阿伊雷靴【Ｆ】・黑
905,Desert Feet,德塞爾特夫伊
906,Desert F Feet,德塞爾特夫伊【Ｆ】
907,Desert Boots,德塞爾特靴
908,Desert F Boots,德塞爾特靴【Ｆ】
909,Empress Feet SP Red,女帝【ＳＰ】・赤
910,Empress Feet SP Yellow,女帝【ＳＰ】・黄
911,Empress Feet SP Purple,女帝【ＳＰ】・紫
912,Empress Boots SP Red,女帝靴【ＳＰ】・赤
913,Empress Boots SP Yellow,女帝靴【ＳＰ】・黄
914,Empress Boots SP Purple,女帝靴【ＳＰ】・紫
915,Vespoid Greaves SP Yellow,巨蜂護腿【ＳＰ】・黄
916,Vespoid Greaves SP Black,巨蜂護腿【ＳＰ】・黑
917,Vespoid Greaves SP Blue,巨蜂護腿【ＳＰ】・青
918,Comrade L Boots・Red,戰友靴【Ｌ】・赤
919,Comrade L Boots・Blue,戰友靴【Ｌ】・青
920,Comrade L Boots・Green,戰友靴【Ｌ】・緑
921,Comrade L Boots・Orange,戰友靴【Ｌ】・橙
922,Comrade R Boots・Red,戰友靴【Ｒ】・赤
923,Comrade R Boots・Blue,戰友靴【Ｒ】・青
924,Comrade R Boots・Green,戰友靴【Ｒ】・緑
925,Comrade R Boots・Orange,戰友靴【Ｒ】・橙
926,Battle L Leggings,戦裹腿【Ｌ】
927,Gravios L Leggings,鎧龍裹腿【Ｌ】
928,Hunter's R Leggings,獵人裹腿【Ｒ】
929,Vespoid R Leggings,巨蜂裹腿【Ｒ】
930,ヴィリヴラ Feet,
931,Angriff Feet,阿恩格里夫夫
932,ヴィリヴラ Boots,伊里拉靴
933,Angriff Boots,阿恩格爾伊夫夫靴
934,Schutz Feet,斯奇烏特茲夫
935,Hilfe Feet,希爾夫艾夫伊
936,Schutz Boots,斯克哈烏特茲靴
937,Hilfe Boots,哈伊勒夫艾靴
938,Makluva R Pants,馬庫瓦褲【Ｒ】
939,Raviente Greaves,大巖龍護腿
940,Raviente F Greaves,大巖龍護腿【Ｆ】
941,Raviente FX Greaves,大巖龍護腿【ＦＸ】
942,Raviente Leggings,大巖龍裹腿
943,Raviente F Leggings,大巖龍裹腿【Ｆ】
944,Raviente FX Leggings,大巖龍裹腿【ＦＸ】
945,アナキ Greaves,阿納基護腿
946,アナキ Boots,阿納基靴
947,Harvest Boots,収靴
948,Harvest Leggings,収裹腿
949,Craft Boots,克拉夫特靴
950,Craft F Boots,克拉夫特靴【Ｆ】
951,Craft Leggings,克拉夫特裹腿
952,Craft F Leggings,克拉夫特裹腿【Ｆ】
953,Ledia Boots,爾艾迪阿靴
954,Ledia F Boots,爾艾迪阿靴【Ｆ】
955,Ledia Leggings,爾艾迪阿裹腿
956,Ledia F Leggings,爾艾迪阿裹腿【Ｆ】
957,ティーア Leg,特伊阿腿
958,Viruto Leg,夫伊魯托腿
959,ティーア Boots,特伊阿靴
960,Viruto Boots,夫伊魯托靴
961,Muse Leg,磨尾虎腿
962,Tune Leg,圖涅腿
963,ゼーレ Boots,澤雷靴
964,Schnite Boots,斯克赫尼特靴
965,アセルス Feet,
966,アセルスF Feet,
967,スクラ Feet,
968,スクラF Feet,
969,ファルム Feet,
970,ファルムF Feet,
971,Diesel Boots,迪艾塞爾靴
972,Diesel F Boots,迪艾塞爾靴【Ｆ】
973,スディブ Feet,
974,スディブF Feet,
975,フィブラ Feet,
976,フィブラF Feet,
977,リガス Feet,
978,リガスF Feet,
979,ミーツェ Boots,吉阿爾靴
980,ミーツェF Boots,吉阿爾靴【Ｆ】
981,Melety Feet・White,梅勒特伊夫伊・白
982,Melety F Feet・White,梅勒特伊夫伊【Ｆ】・白
983,Melety Boots・White,梅爾艾特伊靴・白
984,Melety F Boots・White,梅爾艾特伊靴【Ｆ】・白
985,Melety Feet・Red,梅勒特伊夫伊・赤
986,Melety F Feet・Red,梅勒特伊夫伊【Ｆ】・赤
987,Melety Boots・Red,梅爾艾特伊靴・赤
988,Melety F Boots・Red,梅爾艾特伊靴【Ｆ】・赤
989,Melety Feet・Blue,梅勒特伊夫伊・青
990,Melety F Feet・Blue,梅勒特伊夫伊【Ｆ】・青
991,Melety Boots・Blue,梅爾艾特伊靴・青
992,Melety F Boots・Blue,梅爾艾特伊靴【Ｆ】・青
993,Melety Feet・Black,梅勒特伊夫伊・黑
994,Melety F Feet・Black,梅勒特伊夫伊【Ｆ】・黑
995,Melety Boots・Black,梅爾艾特伊靴・黑
996,Melety F Boots・Black,梅爾艾特伊靴【Ｆ】・黑
997,ゲレール Feet,
998,ゲレールF Feet,
999,レーラー Feet,
1000,レーラーF Feet,
1001,フェサー Feet,
1002,フェサーF Feet,
1003,シアンス Boots,吉阿爾靴
1004,シアンスF Boots,吉阿爾靴【Ｆ】
1005,Gold Feet・Red,夫伊特・金・赤
1006,Gold F Feet・Red,夫伊特【Ｆ】・金・赤
1007,Gold Boots・Red,靴・金・赤
1008,Gold F Boots・Red,靴【Ｆ】・金・赤
1009,Gold Feet・Blue,夫伊特・金・青
1010,Gold F Feet・Blue,夫伊特【Ｆ】・金・青
1011,Gold Boots・Blue,靴・金・青
1012,Gold F Boots・Blue,靴【Ｆ】・金・青
1013,Gold Feet・Yellow,夫伊特・金・黄
1014,Gold F Feet・Yellow,夫伊特【Ｆ】・金・黄
1015,Gold Boots・Yellow,靴・金・黄
1016,Gold F Boots・Yellow,靴【Ｆ】・金・黄
1017,Gold Feet・Purple,夫伊特・金・紫
1018,Gold F Feet・Purple,夫伊特【Ｆ】・金・紫
1019,Gold Boots・Purple,靴・金・紫
1020,Gold F Boots・Purple,靴【Ｆ】・金・紫
1021,シデロ Feet,
1022,シデロF Feet,
1023,オール Feet,
1024,オールF Feet,
1025,メタロ Feet,
1026,メタロF Feet,
1027,アルジャ Boots,靴
1028,アルジャF Boots,靴【Ｆ】
1029,Espinas FX Heel,棘龍【ＦＸ】
1030,Espinas FX March,棘龍【ＦＸ】
1031,,
1032,エクスト Greaves,腕護腿
1033,エクスト Greaves C,艾庫蘇托頭部防具Ｃ護腿
1034,エクスト Leggings,腕裹腿
1035,エクスト Leggings C,艾庫蘇托頭部防具Ｃ裹腿
1036,Death Stench Heel SP White,死臭【ＳＰ】・白
1037,Death Stench Heel SP Red,死臭【ＳＰ】・赤
1038,Death Stench Heel SP Blue,死臭【ＳＰ】・青
1039,Diablos Feet SP Purple,角龍【ＳＰ】・紫
1040,Diablos Feet SP Blue,角龍【ＳＰ】・青
1041,Diablos Feet SP Yellow,角龍【ＳＰ】・黄
1042,Makluva Pants SP Green,馬庫瓦褲【ＳＰ】・緑
1043,Makluva Pants SP Blue,馬庫瓦褲【ＳＰ】・青
1044,Makluva Pants SP Black,馬庫瓦褲【ＳＰ】・黑
1045,Dragon L Legs,龍腿甲【Ｌ】
1046,Kirin L Boots,麒麟靴【Ｌ】
1047,Hermitaur L Leggings,盾蟹裹腿【Ｌ】
1048,Bone L Leggings,骨製裹腿【Ｌ】
1049,Vespoid L Leggings,巨蜂裹腿【Ｌ】
1050,Diablos L Leggings,角龍裹腿【Ｌ】
1051,G・Guard Rタイツ Crimson,【Ｇ】・紅
1052,G・Guard Rタイツ Crimson,【Ｇ】・紅
1053,Hornetaur R Leggings,巨甲蟲裹腿【Ｒ】
1054,High Metal R Leggings,上位金屬裹腿【Ｒ】
1055,Rath Soul R Leggings,火龍魂裹腿【Ｒ】
1056,Blango L Greaves,雪獅子護腿【Ｌ】
1057,Plesioth L Greaves,水龍護腿【Ｌ】
1058,Gravios R Greaves,鎧龍護腿【Ｒ】
1059,Io R Greaves,伊歐護腿【Ｒ】
1060,Inari [Greaves 】,伊納里護腿
1061,Inari 覇 [Greaves 】,覇護腿
1062,Tamamo [Greaves 】,塔馬莫護腿
1063,Tamamo 覇 [Greaves 】,覇護腿
1064,コカロ Greaves,腕護腿
1065,コカロ Leggings,腕裹腿
1066,Shieri Greaves,服拉比護腿
1067,Shieri F Greaves,服拉比護腿【Ｆ】
1068,Shieri Leggings,服拉比裹腿
1069,Shieri F Leggings,服拉比裹腿【Ｆ】
1070,Harubadaa Greaves,哈魯巴達阿護腿
1071,Harubadaa F Greaves,哈魯巴達阿護腿【Ｆ】
1072,Tracker Leggings,特爾阿克克艾爾腕甲裹腿
1073,Tracker F Leggings,特爾阿克克艾爾腕甲裹腿【Ｆ】
1074,Zaakaa Greaves,布爾霧護腿
1075,Zaakaa F Greaves,布爾霧護腿【Ｆ】
1076,Chaser Leggings,克哈阿斯艾爾腕甲裹腿
1077,Chaser F Leggings,克哈阿斯艾爾腕甲裹腿【Ｆ】
1078,Royal Greaves,皇家護腿
1079,Royal F Greaves,皇家護腿【Ｆ】
1080,Lord Leggings,領主裹腿
1081,Lord F Leggings,領主裹腿【Ｆ】
1082,Dicto Leg,迪克托腿
1083,Dicto F Leg,迪克托腿【Ｆ】
1084,Diletto Boots,迪爾艾特托靴
1085,Diletto F Boots,迪爾艾特托靴【Ｆ】
1086,Kruss Leg,克魯斯斯腿
1087,Kruss F Leg,克魯斯斯腿【Ｆ】
1088,Quote Boots,克烏歐特靴
1089,Quote F Boots,克烏歐特靴【Ｆ】
1090,ウルバヌ Feet,
1091,ウルバヌF Feet,
1092,マグヌス Feet,
1093,マグヌスF Feet,
1094,ソレルス Feet,
1095,ソレルスF Feet,
1096,パルフェ Boots,拍魯夫艾靴
1097,パルフェF Boots,拍魯夫艾靴【Ｆ】
1098,アスティ Feet,
1099,アスティF Feet,
1100,アガトン Feet,
1101,アガトンF Feet,
1102,ランプロ Feet,
1103,ランプロF Feet,
1104,ソフィス Boots,索夫伊蘇靴
1105,ソフィスF Boots,索夫伊蘇靴【Ｆ】
1106,Aristo Feet・Blue,阿里斯托夫伊・青
1107,Aristo F Feet・Blue,阿里斯托夫伊【Ｆ】・青
1108,Aristo Boots・Blue,阿里斯托靴・青
1109,Aristo F Boots・Blue,阿里斯托靴【Ｆ】・青
1110,Aristo Feet・White,阿里斯托夫伊・白
1111,Aristo F Feet・White,阿里斯托夫伊【Ｆ】・白
1112,Aristo Boots・White,阿里斯托靴・白
1113,Aristo F Boots・White,阿里斯托靴【Ｆ】・白
1114,Aristo Feet・Purple,阿里斯托夫伊・紫
1115,Aristo F Feet・Purple,阿里斯托夫伊【Ｆ】・紫
1116,Aristo Boots・Purple,阿里斯托靴・紫
1117,Aristo F Boots・Purple,阿里斯托靴【Ｆ】・紫
1118,Aristo Feet・Red,阿里斯托夫伊・赤
1119,Aristo F Feet・Red,阿里斯托夫伊【Ｆ】・赤
1120,Aristo Boots・Red,阿里斯托靴・赤
1121,Aristo F Boots・Red,阿里斯托靴【Ｆ】・赤
1122,ビリス Feet,
1123,ビリスF Feet,
1124,ギエール Feet,
1125,ギエールF Feet,
1126,カウント Feet,
1127,カウントF Feet,
1128,フュルス Boots,夫尤魯蘇靴
1129,フュルスF Boots,夫尤魯蘇靴【Ｆ】
1130,Text Feet・Purple,特克斯特夫伊特・紫
1131,Text F Feet・Purple,特克斯特夫伊特【Ｆ】・紫
1132,Text Boots・Purple,特克斯特靴・紫
1133,Text F Boots・Purple,特克斯特靴【Ｆ】・紫
1134,Text Feet・Green,特克斯特夫伊特・緑
1135,Text F Feet・Green,特克斯特夫伊特【Ｆ】・緑
1136,Text Boots・Green,特克斯特靴・緑
1137,Text F Boots・Green,特克斯特靴【Ｆ】・緑
1138,Text Feet・Blue,特克斯特夫伊特・青
1139,Text F Feet・Blue,特克斯特夫伊特【Ｆ】・青
1140,Text Boots・Blue,特克斯特靴・青
1141,Text F Boots・Blue,特克斯特靴【Ｆ】・青
1142,Text Feet・Black,特克斯特夫伊特・黑
1143,Text F Feet・Black,特克斯特夫伊特【Ｆ】・黑
1144,Text Boots・Black,特克斯特靴・黑
1145,Text F Boots・Black,特克斯特靴【Ｆ】・黑
1146,Pasu マ Feet,
1147,Pasu マF Feet,
1148,フィーブル Feet,
1149,フィーブルF Feet,
1150,ヴァラク Feet,
1151,ヴァラクF Feet,
1152,ネウロン Boots,涅烏羅恩靴
1153,ネウロンF Boots,涅烏羅恩靴【Ｆ】
1154,Arge Feet,阿爾蓋夫伊特
1155,Arge F Feet,阿爾蓋夫伊特【Ｆ】
1156,Arge Boots,阿爾蓋靴
1157,Arge F Boots,阿爾蓋靴【Ｆ】
1158,Akantor ケマル SP Black,霸龍【ＳＰ】・黑
1159,Akantor ケマル SP Red,霸龍【ＳＰ】・赤
1160,Akantor ケマル SP White,霸龍【ＳＰ】・白
1161,Akantor チケル SP Black,霸龍【ＳＰ】・黑
1162,Akantor チケル SP Red,霸龍【ＳＰ】・赤
1163,Akantor チケル SP White,霸龍【ＳＰ】・白
1164,Gravios Greaves SP Black,鎧龍護腿【ＳＰ】・黑
1165,Gravios Greaves SP Blue,鎧龍護腿【ＳＰ】・青
1166,Gravios Greaves SP Red,鎧龍護腿【ＳＰ】・赤
1167,Conga L Leggings,桃毛獸裹腿【Ｌ】
1168,Hunter's L Leggings,獵人裹腿【Ｌ】
1169,Veloci L Leggings,藍速龍裹腿【Ｌ】
1170,Hornetaur L Leggings,巨甲蟲裹腿【Ｌ】
1171,High Metal L Leggings,上位金屬裹腿【Ｌ】
1172,Gen L Leggings,源裹腿【Ｌ】
1173,Gen R Leggings,源裹腿【Ｒ】
1174,Kut-Ku R Leggings,怪鳥裹腿【Ｒ】
1175,Basarios R Leggings,岩龍裹腿【Ｒ】
1176,Cepha R Leggings,沙龍裹腿【Ｒ】
1177,Plesioth R Leggings,水龍裹腿【Ｒ】
1178,Gypceros R Leggings,毒怪鳥裹腿【Ｒ】
1179,Dragon L Feet,龍【Ｌ】
1180,Veloci L Greaves,藍速龍護腿【Ｌ】
1181,Vespoid R Greaves,巨蜂護腿【Ｒ】
1182,Kut-Ku R Greaves,怪鳥護腿【Ｒ】
1183,Vashimu FX Greaves,尾晶蠍護腿【ＦＸ】
1184,Vashimu FX Leggings,尾晶蠍裹腿【ＦＸ】
1185,Vashimu FX Greaves Yellow,尾晶蠍護腿【ＦＸ】・黄
1186,Vashimu FX Leggings Yellow,尾晶蠍裹腿【ＦＸ】・黄
1187,Vashimu FX Greaves Green,尾晶蠍護腿【ＦＸ】・緑
1188,Vashimu FX Leggings Green,尾晶蠍裹腿【ＦＸ】・緑
1189,Vashimu FX Greaves Crimson,尾晶蠍護腿【ＦＸ】・紅
1190,Vashimu FX Leggings Crimson,尾晶蠍裹腿【ＦＸ】・紅
1191,Azul F Greaves,青護腿【Ｆ】
1192,Azul F Leggings,青裹腿【Ｆ】
1193,護靈者靴GS,護靈者靴
1194,護靈者靴GP,護靈者靴
1195,護靈者靴ZP,護靈者靴
1196,護靈者絲襪GS,護靈者絲襪
1197,護靈者絲襪GP,護靈者絲襪
1198,護靈者絲襪ZP,護靈者絲襪
1199,兵士護腿GS,兵士護腿
1200,兵士護腿GP,兵士護腿
1201,兵士護腿ZP,兵士護腿
1202,兵士吊帶襪GS,兵士吊帶襪
1203,兵士吊帶襪GP,兵士吊帶襪
1204,兵士吊帶襪ZP,兵士吊帶襪
1205,野蠻護腿GS,野蠻護腿
1206,野蠻護腿GP,野蠻護腿
1207,野蠻護腿ZP,野蠻護腿
1208,野蠻脛甲GS,野蠻脛甲
1209,野蠻脛甲GP,野蠻脛甲
1210,野蠻脛甲ZP,野蠻脛甲
1211,晴雲脛甲GS,晴雲脛甲
1212,晴雲脛甲GP,晴雲脛甲
1213,晴雲脛甲ZP,晴雲脛甲
1214,晴雲護腿GS,晴雲護腿
1215,晴雲護腿GP,晴雲護腿
1216,晴雲護腿ZP,晴雲護腿
1217,失落狂脛GS,失落狂脛
1218,失落狂脛GP,失落狂脛
1219,失落狂脛ZP,失落狂脛
1220,失落猛脛GS,失落猛脛
1221,失落猛脛GP,失落猛脛
1222,失落猛脛ZP,失落猛脛
1223,Beru ドラ Greaves,舞雷龍護腿
1224,Beru ドラ Leggings,舞雷龍裹腿
1225,Diru Greaves,迪爾護腿
1226,Diru F Greaves,迪爾護腿【Ｆ】
1227,Diru Leggings,迪爾裹腿
1228,Diru F Leggings,迪爾裹腿【Ｆ】
1229,Sufia Feet,蘇夫伊阿夫伊
1230,Sufia F Feet,蘇夫伊阿夫伊【Ｆ】
1231,Sufia Boots,蘇夫伊阿靴
1232,Sufia F Boots,蘇夫伊阿靴【Ｆ】
1233,Starina Leg,斯塔里納腿
1234,Starina F Leg,斯塔里納腿【Ｆ】
1235,Starina Boots,斯塔里納靴
1236,Starina F Boots,斯塔里納靴【Ｆ】
1237,Loose Leg,爾歐歐塞腿
1238,Loose F Leg,爾歐歐塞腿【Ｆ】
1239,Loose Boots,爾歐歐塞靴
1240,Loose F Boots,爾歐歐塞靴【Ｆ】
1241,Rage Feet,拉蓋夫伊特
1242,Rage F Feet,拉蓋夫伊特【Ｆ】
1243,Rage Boots,憤怒靴
1244,Rage F Boots,憤怒靴【Ｆ】
1245,Rampage Feet,拉姆拍蓋夫伊
1246,Rampage F Feet,拉姆拍蓋夫伊【Ｆ】
1247,Rampage Boots,拉姆拍蓋靴
1248,Rampage F Boots,拉姆拍蓋靴【Ｆ】
1249,Blaze Feet,布拉澤夫伊特
1250,Blaze F Feet,布拉澤夫伊特【Ｆ】
1251,Blaze Boots,布爾阿澤靴
1252,Blaze F Boots,布爾阿澤靴【Ｆ】
1253,Pharan Feet・White,夫阿拉恩夫伊・白
1254,Pharan F Feet・White,夫阿拉恩夫伊【Ｆ】・白
1255,Pharan Boots・White,普哈拉恩靴・白
1256,Pharan F Boots・White,普哈拉恩靴【Ｆ】・白
1257,Pharan Feet・Black,夫阿拉恩夫伊・黑
1258,Pharan F Feet・Black,夫阿拉恩夫伊【Ｆ】・黑
1259,Pharan Boots・Black,普哈拉恩靴・黑
1260,Pharan F Boots・Black,普哈拉恩靴【Ｆ】・黑
1261,Pharan Feet・Red,夫阿拉恩夫伊・赤
1262,Pharan F Feet・Red,夫阿拉恩夫伊【Ｆ】・赤
1263,Pharan Boots・Red,普哈拉恩靴・赤
1264,Pharan F Boots・Red,普哈拉恩靴【Ｆ】・赤
1265,Pharan Feet・Blue,夫阿拉恩夫伊・青
1266,Pharan F Feet・Blue,夫阿拉恩夫伊【Ｆ】・青
1267,Pharan Boots・Blue,普哈拉恩靴・青
1268,Pharan F Boots・Blue,普哈拉恩靴【Ｆ】・青
1269,Gold Cat F Feet,克阿特夫伊特【Ｆ】・金
1270,Gold Cat F Boots,金猫靴【Ｆ】・金
1271,Silver Cat Boots,金猫靴・銀
1272,Silver Cat F Feet,克阿特夫伊特【Ｆ】・銀
1273,Silver Cat F Boots,金猫靴【Ｆ】・銀
1274,ヴィン Leg,伊恩腿
1275,ヴィンF Leg,伊恩腿【Ｆ】
1276,ヴァンデ Leg,阿恩德腿
1277,ヴァンデF Leg,阿恩德腿【Ｆ】
1278,デスモ Leg,德蘇莫腿
1279,デスモF Leg,德蘇莫腿【Ｆ】
1280,ミスク Boots,米蘇庫靴
1281,ミスクF Boots,米蘇庫靴【Ｆ】
1282,ウーズィ Leg,烏茲伊腿
1283,ウーズィF Leg,烏茲伊腿【Ｆ】
1284,レガーメ Leg,雷加梅腿
1285,レガーメF Leg,雷加梅腿【Ｆ】
1286,ノット Leg,諾托腿
1287,ノットF Leg,諾托腿【Ｆ】
1288,ラソス Boots,拉索蘇靴
1289,ラソスF Boots,拉索蘇靴【Ｆ】
1290,Tigrex Greaves SP Black,轟龍護腿【ＳＰ】・黑
1291,Tigrex Greaves SP White,轟龍護腿【ＳＰ】・白
1292,Tigrex Greaves SP Purple,轟龍護腿【ＳＰ】・紫
1293,Monoblos Boots SP Yellow,一角龍靴【ＳＰ】・黄
1294,Monoblos Boots SP Green,一角龍靴【ＳＰ】・緑
1295,Monoblos Boots SP White,一角龍靴【ＳＰ】・白
1296,Khezu Leggings SP Black,奇怪龍裹腿【ＳＰ】・黑
1297,Khezu Leggings SP Green,奇怪龍裹腿【ＳＰ】・緑
1298,Khezu Leggings SP Blue,奇怪龍裹腿【ＳＰ】・青
1299,Hypnoc L Leggings,眠鳥裹腿【Ｌ】
1300,Lavasioth L Leggings,熔岩龍裹腿【Ｌ】
1301,Butterfly Lフェムル,蝶
1302,Cepha L Leggings,沙龍裹腿【Ｌ】
1303,Rathian L Leggings,雌火龍裹腿【Ｌ】
1304,Kut-Ku L Leggings,怪鳥裹腿【Ｌ】
1305,忍の Tabi・R,忍之籠手
1306,クリームR Jersey,
1307,Espinas R March,棘龍【Ｒ】
1308,Vashimu R Leggings,尾晶蠍裹腿【Ｒ】
1309,Vashimu R Leggings Yellow,尾晶蠍裹腿【Ｒ】・黄
1310,Vashimu R Leggings Green,尾晶蠍裹腿【Ｒ】・緑
1311,Vashimu R Leggings Crimson,尾晶蠍裹腿【Ｒ】・紅
1312,Lavasioth R Leggings,熔岩龍裹腿【Ｒ】
1313,King Beetle L Crura,王甲蟲【Ｌ】
1314,Gen L Greaves,源護腿【Ｌ】
1315,Vashimu R Greaves,尾晶蠍護腿【Ｒ】
1316,Vashimu R Greaves Yellow,尾晶蠍護腿【Ｒ】・黄
1317,Vashimu R Greaves Green,尾晶蠍護腿【Ｒ】・緑
1318,Vashimu R Greaves Crimson,尾晶蠍護腿【Ｒ】・紅
1319,Inari FX【Greaves】,伊納里護腿【ＦＸ】
1320,Tamamo FX【Greaves】,塔馬莫護腿【ＦＸ】
1321,Eques FX Greaves,騎士護腿【ＦＸ】
1322,Eques FX Leggings,騎士裹腿【ＦＸ】
1323,Noir F Greaves,黑護腿【Ｆ】
1324,Himeros F Greaves,螺鈿終護腿【Ｆ】
1325,Bureshisu F Greaves,布雷修伊蘇護腿【Ｆ】
1326,Charien F Leggings,恩流浪腕甲裹腿【Ｆ】
1327,Guren Greaves,紅蓮護腿
1328,Guren F Greaves,紅蓮護腿【Ｆ】
1329,Guren Leggings,紅蓮裹腿
1330,Guren F Leggings,紅蓮裹腿【Ｆ】
1331,Garnet Greaves,格阿爾恩艾特護腿
1332,Garnet F Greaves,格阿爾恩艾特護腿【Ｆ】
1333,Garnet FX Greaves,格阿爾恩艾特護腿【ＦＸ】
1334,Amethyst Greaves,紫水晶護腿
1335,Amethyst F Greaves,紫水晶護腿【Ｆ】
1336,Amethyst FX Greaves,紫水晶護腿【ＦＸ】
1337,Coral Greaves,珊瑚護腿
1338,Coral F Greaves,珊瑚護腿【Ｆ】
1339,Coral FX Greaves,珊瑚護腿【ＦＸ】
1340,Quartz Greaves,石英護腿
1341,Quartz F Greaves,石英護腿【Ｆ】
1342,Quartz FX Greaves,石英護腿【ＦＸ】
1343,Ruby Greaves,紅護腿
1344,Ruby F Greaves,紅護腿【Ｆ】
1345,Ruby FX Greaves,紅護腿【ＦＸ】
1346,Sapphire Greaves,藍護腿
1347,Sapphire F Greaves,藍護腿【Ｆ】
1348,Sapphire FX Greaves,藍護腿【ＦＸ】
1349,Emerald Greaves,翠護腿
1350,Emerald F Greaves,翠護腿【Ｆ】
1351,Emerald FX Greaves,翠護腿【ＦＸ】
1352,Pearl Greaves,珠護腿
1353,Pearl F Greaves,珠護腿【Ｆ】
1354,Pearl FX Greaves,珠護腿【ＦＸ】
1355,Topaz Leggings,黄玉ＦＸ腕甲裹腿
1356,Topaz F Leggings,黄玉ＦＸ腕甲裹腿【Ｆ】
1357,Topaz FX Leggings,黄玉ＦＸ腕甲裹腿【ＦＸ】
1358,Tourmaline Leggings,特歐烏爾姆阿勒伊腕甲裹腿
1359,Tourmaline F Leggings,特歐烏爾姆阿勒伊腕甲裹腿【Ｆ】
1360,Tourmaline FX Leggings,特歐烏爾姆阿勒伊腕甲裹腿【ＦＸ】
1361,Lapis Leggings,青金裹腿
1362,Lapis F Leggings,青金裹腿【Ｆ】
1363,Lapis FX Leggings,青金裹腿【ＦＸ】
1364,Beru FX Greaves,舞雷龍護腿【ＦＸ】
1365,Beru FX Leggings,舞雷龍裹腿【ＦＸ】
1366,Apkallu F Greaves,阿普可魯護腿【Ｆ】
1367,Apkallu F Leggings,阿普可魯裹腿【Ｆ】
1368,Mixes Greaves,混合護腿
1369,Mixes F Greaves,混合護腿【Ｆ】
1370,Mixes Leggings,混合裹腿
1371,Mixes F Leggings,混合裹腿【Ｆ】
1372,Atra Greaves,毒怪轟護腿
1373,Atra F Greaves,毒怪轟護腿【Ｆ】
1374,Atra Leggings,毒怪轟裹腿
1375,Atra F Leggings,毒怪轟裹腿【Ｆ】
1376,Mirado Leg,米拉多腿
1377,Mirado F Leg,米拉多腿【Ｆ】
1378,Mirado Boots,米拉多靴
1379,Mirado F Boots,米拉多靴【Ｆ】
1380,Deyuru Greaves,迪優魯護腿
1381,Deyuru F Greaves,迪優魯護腿【Ｆ】
1382,Deyuru Leggings,迪優魯裹腿
1383,Deyuru F Leggings,迪優魯裹腿【Ｆ】
1384,クルシッド Feet,
1385,クルシッドF Feet,
1386,ヴェロシ Feet,
1387,ヴェロシF Feet,
1388,ケプト Feet,
1389,ケプトF Feet,
1390,ハウット Boots,哈烏托靴
1391,ハウットF Boots,哈烏托靴【Ｆ】
1392,ヴェンガ Feet,
1393,ヴェンガF Feet,
1394,スプリン Feet,
1395,スプリンF Feet,
1396,マ Sharufu ット,
1397,マシャルF Feet,
1398,ペンブル Boots,佩恩布魯靴
1399,ペンブルF Boots,佩恩布魯靴【Ｆ】
1400,Regelia Feet・White,雷蓋里阿夫伊・白
1401,Regelia F Feet・White,雷蓋里阿夫伊【Ｆ】・白
1402,Regelia Boots・White,雷蓋爾伊阿靴・白
1403,Regelia F Boots・White,雷蓋爾伊阿靴【Ｆ】・白
1404,Regelia Feet・Red,雷蓋里阿夫伊・赤
1405,Regelia F Feet・Red,雷蓋里阿夫伊【Ｆ】・赤
1406,Regelia Boots・Red,雷蓋爾伊阿靴・赤
1407,Regelia F Boots・Red,雷蓋爾伊阿靴【Ｆ】・赤
1408,Regelia Feet・Green,雷蓋里阿夫伊・緑
1409,Regelia F Feet・Green,雷蓋里阿夫伊【Ｆ】・緑
1410,Regelia Boots・Green,雷蓋爾伊阿靴・緑
1411,Regelia F Boots・Green,雷蓋爾伊阿靴【Ｆ】・緑
1412,Regelia Feet・Blue,雷蓋里阿夫伊・青
1413,Regelia F Feet・Blue,雷蓋里阿夫伊【Ｆ】・青
1414,Regelia Boots・Blue,雷蓋爾伊阿靴・青
1415,Regelia F Boots・Blue,雷蓋爾伊阿靴【Ｆ】・青
1416,ゴラエス Feet,
1417,ゴラエスF Feet,
1418,バシリス Feet,
1419,バシリスF Feet,
1420,インジン Feet,
1421,インジンF Feet,
1422,Dexter Boots,德艾克斯特艾爾靴
1423,Dexter F Boots,德艾克斯特艾爾靴【Ｆ】
1424,ジャッグ Feet,
1425,ジャッグF Feet,
1426,コンシラ Feet,
1427,コンシラF Feet,
1428,Predator Feet,普雷達托爾夫
1429,Predator F Feet,普雷達托爾夫【Ｆ】
1430,プリジド Boots,普里傑伊多靴
1431,プリジドF Boots,普里傑伊多靴【Ｆ】
1432,Suriito Feet・Yellow,蘇里伊托夫伊・黄
1433,Suriito F Feet・Yellow,蘇里伊托夫伊【Ｆ】・黄
1434,Suriito Boots・Yellow,蘇里伊托靴・黄
1435,Suriito F Boots・Yellow,蘇里伊托靴【Ｆ】・黄
1436,Suriito Feet・Silver,蘇里伊托夫伊・銀
1437,Suriito F Feet・Silver,蘇里伊托夫伊【Ｆ】・銀
1438,Suriito Boots・Silver,蘇里伊托靴・銀
1439,Suriito F Boots・Silver,蘇里伊托靴【Ｆ】・銀
1440,Suriito Feet・Red,蘇里伊托夫伊・赤
1441,Suriito F Feet・Red,蘇里伊托夫伊【Ｆ】・赤
1442,Suriito Boots・Red,蘇里伊托靴・赤
1443,Suriito F Boots・Red,蘇里伊托靴【Ｆ】・赤
1444,Suriito Feet・Blue,蘇里伊托夫伊・青
1445,Suriito F Feet・Blue,蘇里伊托夫伊【Ｆ】・青
1446,Suriito Boots・Blue,蘇里伊托靴・青
1447,Suriito F Boots・Blue,蘇里伊托靴【Ｆ】・青
1448,Camarera Feet,克阿馬雷拉夫
1449,Camarera F Feet,克阿馬雷拉夫【Ｆ】
1450,Camarera Boots,克阿馬雷拉靴
1451,Camarera F Boots,克阿馬雷拉靴【Ｆ】
1452,Plesioth Greaves SP Black,水龍護腿【ＳＰ】・黑
1453,Plesioth Greaves SP Yellow,水龍護腿【ＳＰ】・黄
1454,Plesioth Greaves SP Purple,水龍護腿【ＳＰ】・紫
1455,Plesioth Leggings SP Black,水龍裹腿【ＳＰ】・黑
1456,Plesioth Leggings SP Yellow,水龍裹腿【ＳＰ】・黄
1457,Plesioth Leggings SP Purple,水龍裹腿【ＳＰ】・紫
1458,Gypceros Leggings SP Red,毒怪鳥裹腿【ＳＰ】・赤
1459,Gypceros Leggings SP Yellow,毒怪鳥裹腿【ＳＰ】・黄
1460,Gypceros Leggings SP Green,毒怪鳥裹腿【ＳＰ】・緑
1461,ダミー,(dummy)
1462,ダミー,(dummy)
1463,White Fatalis R Feet,黒龍【Ｒ】・白
1464,G・Lune R Leggings,月裹腿【Ｇ】【Ｒ】
1465,S・Sol R Leggings,日輪裹腿【Ｓ】【Ｒ】
1466,Death Stench L March,死臭【Ｌ】
1467,Green L Jersey,傑艾爾塞伊【Ｌ】・緑
1468,Blue L Jersey,傑艾爾塞伊【Ｌ】・青
1469,Ceanataur R Leggings,鎌蟹裹腿【Ｒ】
1470,Diablos R Leggings,角龍裹腿【Ｒ】
1471,Blango R Leggings,雪獅子裹腿【Ｒ】
1472,Conga R Greaves,桃毛獸護腿【Ｒ】
1473,Conga R Leggings,桃毛獸裹腿【Ｒ】
1474,Hypnoc R Leggings,眠鳥裹腿【Ｒ】
1475,Monodevil R Leggings,單眼惡魔裹腿【Ｒ】
1476,Plesioth R Greaves,水龍護腿【Ｒ】
1477,Santa Feet,薩恩塔夫伊特
1478,Santa F Feet,薩恩塔夫伊特【Ｆ】
1479,Santa Boots,薩恩塔靴
1480,Santa F Boots,薩恩塔靴【Ｆ】
1481,フェリ Greaves,腕護腿
1482,フェリF Greaves,腕護腿【Ｆ】
1483,フェリ Leggings,腕裹腿
1484,フェリF Leggings,腕裹腿【Ｆ】
1485,テネール Greaves,特涅魯護腿
1486,テネールF Greaves,特涅魯護腿【Ｆ】
1487,テネール Boots,特涅魯靴
1488,テネールF Boots,特涅魯靴【Ｆ】
1489,Rider Leg B,里德爾布腿
1490,Rising Leg B,里西恩格布腿
1491,Rider Boots B,里德爾布靴
1492,Rising Boots B,里西恩格布靴
1493,Rider Leg R,里德爾腿【Ｒ】
1494,Rising Leg R,里西恩格腿【Ｒ】
1495,Rider Boots R,里德爾靴【Ｒ】
1496,Rising Boots R,里西恩格靴【Ｒ】
1497,Rider Leg Y,里德爾伊腿
1498,Rising Leg Y,里西恩格伊腿
1499,Rider Boots Y,里德爾伊靴
1500,Rising Boots Y,里西恩格伊靴
1501,Rider Leg G,里德爾腿【Ｇ】
1502,Rising Leg G,里西恩格腿【Ｇ】
1503,Rider Boots G,里德爾靴【Ｇ】
1504,Rising Boots G,里西恩格靴【Ｇ】
1505,Robust ペイル,
1506,Robust Fペイル,
1507,Robust Legs,羅布斯特腿甲
1508,Robust F Legs,羅布斯特腿甲【Ｆ】
1509,Kukubo Feet,庫庫博夫伊特
1510,Kukubo F Feet,庫庫博夫伊特【Ｆ】
1511,Kukubo Leggings,制螺鈿裹腿
1512,Kukubo F Leggings,制螺鈿裹腿【Ｆ】
1513,Falco Greaves,服拉比腕護腿
1514,Falco F Greaves,服拉比腕護腿【Ｆ】
1515,Falco Leggings,服拉比腕裹腿
1516,Falco F Leggings,服拉比腕裹腿【Ｆ】
1517,ヴェスナ Feet,
1518,ヴェスナF Feet,
1519,ベラノ Feet,
1520,ベラノF Feet,
1521,カリフ Feet,
1522,カリフF Feet,
1523,シター Boots,斯希塔靴
1524,シターF Boots,斯希塔靴【Ｆ】
1525,コンセト Feet,
1526,コンセトF Feet,
1527,バステル Feet,
1528,バステルF Feet,
1529,カタフ Feet,
1530,カタフF Feet,
1531,ハネツァ Boots,哈涅茨阿靴
1532,ハネツァF Boots,哈涅茨阿靴【Ｆ】
1533,Bunny Feet・Black,布恩恩伊夫伊・黑
1534,Bunny F Feet・Black,布恩恩伊夫伊【Ｆ】・黑
1535,Bunny Boots・Black,布恩恩伊靴・黑
1536,Bunny F Boots・Black,布恩恩伊靴【Ｆ】・黑
1537,Bunny Feet・White,布恩恩伊夫伊・白
1538,Bunny F Feet・White,布恩恩伊夫伊【Ｆ】・白
1539,Bunny Boots・White,布恩恩伊靴・白
1540,Bunny F Boots・White,布恩恩伊靴【Ｆ】・白
1541,Bunny Feet・Red,布恩恩伊夫伊・赤
1542,Bunny F Feet・Red,布恩恩伊夫伊【Ｆ】・赤
1543,Bunny Boots・Red,布恩恩伊靴・赤
1544,Bunny F Boots・Red,布恩恩伊靴【Ｆ】・赤
1545,Bunny Feet・Purple,布恩恩伊夫伊・紫
1546,Bunny F Feet・Purple,布恩恩伊夫伊【Ｆ】・紫
1547,Bunny Boots・Purple,布恩恩伊靴・紫
1548,Bunny F Boots・Purple,布恩恩伊靴【Ｆ】・紫
1549,昇龍脚着・White,昇龍脚着・白
1550,昇龍F脚着・White,昇龍脚着・白
1551,波動脚着・White,波動脚着・白
1552,波動F脚着・White,波動脚着・白
1553,百裂脚着・Blue,百裂脚着・青
1554,百裂F脚着・Blue,百裂脚着・青
1555,気功脚着・Blue,気功脚着・青
1556,気功F脚着・Blue,気功脚着・青
1557,昇龍脚着・紺,昇龍脚着紺
1558,昇龍F脚着・紺,昇龍脚着紺
1559,波動脚着・紺,波動脚着紺
1560,波動F脚着・紺,波動脚着紺
1561,百裂脚着・Black,百裂脚着・黑
1562,百裂F脚着・Black,百裂脚着・黑
1563,気功脚着・Black,気功脚着・黑
1564,気功F脚着・Black,気功脚着・黑
1565,昇龍脚着・Yellow,昇龍脚着・黄
1566,昇龍F脚着・Yellow,昇龍脚着・黄
1567,波動脚着・Yellow,波動脚着・黄
1568,波動F脚着・Yellow,波動脚着・黄
1569,百裂脚着・Yellow,百裂脚着・黄
1570,百裂F脚着・Yellow,百裂脚着・黄
1571,気功脚着・Yellow,気功脚着・黄
1572,気功F脚着・Yellow,気功脚着・黄
1573,昇龍脚着・Purple,昇龍脚着・紫
1574,昇龍F脚着・Purple,昇龍脚着・紫
1575,波動脚着・Purple,波動脚着・紫
1576,波動F脚着・Purple,波動脚着・紫
1577,百裂脚着・Green,百裂脚着・緑
1578,百裂F脚着・Green,百裂脚着・緑
1579,気功脚着・Green,気功脚着・緑
1580,気功F脚着・Green,気功脚着・緑
1581,Steno Greaves・Orange,斯特諾護腿・橙
1582,Steno F Greaves・Orange,斯特諾護腿【Ｆ】・橙
1583,Steno Leggings・Orange,斯特諾裹腿・橙
1584,Steno F Leggings・Orange,斯特諾裹腿【Ｆ】・橙
1585,Steno Greaves・Peach,斯特諾護腿・桃
1586,Steno F Greaves・Peach,斯特諾護腿【Ｆ】・桃
1587,Steno Leggings・Peach,斯特諾裹腿・桃
1588,Steno F Leggings・Peach,斯特諾裹腿【Ｆ】・桃
1589,Steno Greaves・Blue,斯特諾護腿・青
1590,Steno F Greaves・Blue,斯特諾護腿【Ｆ】・青
1591,Steno Leggings・Blue,斯特諾裹腿・青
1592,Steno F Leggings・Blue,斯特諾裹腿【Ｆ】・青
1593,Steno Greaves・Red,斯特諾護腿・赤
1594,Steno F Greaves・Red,斯特諾護腿【Ｆ】・赤
1595,Steno Leggings・Red,斯特諾裹腿・赤
1596,Steno F Leggings・Red,斯特諾裹腿【Ｆ】・赤
1597,Jumpin' Feet,傑烏姆皮恩夫
1598,Jumpin' F Feet,傑烏姆皮恩夫【Ｆ】
1599,Jumpin' Boots,傑烏姆皮恩靴
1600,Jumpin' F Boots,傑烏姆皮恩靴【Ｆ】
1601,アデュス Greaves,腕護腿
1602,アデュスF Greaves,腕護腿【Ｆ】
1603,アデュス Leggings,腕裹腿
1604,アデュスF Leggings,腕裹腿【Ｆ】
1605,Metenera Feet,梅特涅拉夫伊
1606,Metenera F Feet,梅特涅拉夫伊【Ｆ】
1607,Metenera Boots,梅特涅拉靴
1608,Metenera F Boots,梅特涅拉靴【Ｆ】
1609,Excelle Greaves,來迪拉護腿
1610,Excelle F Greaves,來迪拉護腿【Ｆ】
1611,Excelle Leggings,來迪拉裹腿
1612,Excelle F Leggings,來迪拉裹腿【Ｆ】
1613,Pupen Greaves,制螺鈿護腿
1614,Pupen F Greaves,制螺鈿護腿【Ｆ】
1615,Pupen Leggings,制螺鈿裹腿
1616,Pupen F Leggings,制螺鈿裹腿【Ｆ】
1617,Moss Covered Greaves,苔克歐維艾爾艾德護腿
1618,Moss Covered F Greaves,苔克歐維艾爾艾德護腿【Ｆ】
1619,Moss Covered Leggings,苔克歐維艾爾艾德裹腿
1620,Moss Covered F Leggings,苔克歐維艾爾艾德裹腿【Ｆ】
1621,Kagura 【 Hakama 】 SP Red,哈可馬可古拉【ＳＰ】・赤
1622,Kagura 【 Hakama 】 SP Black,哈可馬可古拉【ＳＰ】・黑
1623,Kagura 【 Hakama 】 SP Purple,哈可馬可古拉【ＳＰ】・紫
1624,Kamiza 【 Hakama 】 SP Red,哈可馬可米扎【ＳＰ】・赤
1625,Kamiza 【 Hakama 】 SP Black,哈可馬可米扎【ＳＰ】・黑
1626,Kamiza 【 Hakama 】 SP Purple,哈可馬可米扎【ＳＰ】・紫
1627,Mosswine Feet SP White,菌豬【ＳＰ】・白
1628,Mosswine Feet SP Yellow,菌豬【ＳＰ】・黄
1629,Mosswine Feet SP Blue,菌豬【ＳＰ】・青
1630,King Beetle Lフェムル,王甲蟲
1631,Hypnoc L Greaves,眠鳥護腿【Ｌ】
1632,Conga L Greaves,桃毛獸護腿【Ｌ】
1633,コーヒーR Jersey,
1634,Hermitaur R Leggings,盾蟹裹腿【Ｒ】
1635,Gypceros R Greaves,毒怪鳥護腿【Ｒ】
1636,Gen R Greaves,源護腿【Ｒ】
1637,Shasse Greaves,毒怪轟護腿
1638,Shasse Leggings,毒怪轟裹腿
1639,Gospel F Greaves,福音護腿【Ｆ】
1640,Gospel F Leggings,福音裹腿【Ｆ】
1641,Rouge F Greaves,紅護腿【Ｆ】
1642,Freyja Boots,夫爾艾伊杰阿靴
1643,Freyja Leggings,夫爾艾伊杰阿裹腿
1644,Pariapuria FX Greaves,呑龍護腿【ＦＸ】
1645,Pariapuria FX Leggings,呑龍裹腿【ＦＸ】
1646,Guren FX Greaves,紅蓮護腿【ＦＸ】
1647,Guren FX Leggings,紅蓮裹腿【ＦＸ】
1648,Ruko Feet,魯科夫伊特
1649,Ruko F Feet,魯科夫伊特【Ｆ】
1650,Ruko Legs,魯科腿甲
1651,Ruko F Legs,魯科腿甲【Ｆ】
1652,Blitz レガース,
1653,Blitz Boots,布爾伊特茲靴
1654,Lils Greaves,觸媒研腕護腿
1655,ダミー,(dummy)
1656,Lils Leggings,觸媒研腕裹腿
1657,ダミー,(dummy)
1658,Kagura FX【 Hakama 】,哈可馬可古拉【ＦＸ】
1659,Kamiza FX【 Hakama 】,哈可馬可米扎【ＦＸ】
1660,Green 空ノ Hakama,空・緑
1661,Green 空ノ Hakama・魁,空魁・緑
1662,Welkin Hakama,烏艾爾基恩哈
1663,Welkin Hakama・魁,魁
1664,Breo Greaves,布雷歐護腿
1665,Breo F Greaves,布雷歐護腿【Ｆ】
1666,Vinen Greaves,夫伊涅恩護腿
1667,Vinen F Greaves,夫伊涅恩護腿【Ｆ】
1668,Vinen Boots,夫伊涅恩靴
1669,Vinen F Boots,夫伊涅恩靴【Ｆ】
1670,アナトリ Greaves,腕護腿
1671,アナトリ Leggings,腕裹腿
1672,Edio Feet・Blue,艾迪歐夫伊特・青
1673,Edio F Feet・Blue,艾迪歐夫伊特【Ｆ】・青
1674,Edio Boots・Blue,艾迪歐靴・青
1675,Edio F Boots・Blue,艾迪歐靴【Ｆ】・青
1676,Edio Feet・Red,艾迪歐夫伊特・赤
1677,Edio F Feet・Red,艾迪歐夫伊特【Ｆ】・赤
1678,Edio Boots・Red,艾迪歐靴・赤
1679,Edio F Boots・Red,艾迪歐靴【Ｆ】・赤
1680,Edio Feet・Yellow,艾迪歐夫伊特・黄
1681,Edio F Feet・Yellow,艾迪歐夫伊特【Ｆ】・黄
1682,Edio Boots・Yellow,艾迪歐靴・黄
1683,Edio F Boots・Yellow,艾迪歐靴【Ｆ】・黄
1684,Edio Feet・Black,艾迪歐夫伊特・黑
1685,Edio F Feet・Black,艾迪歐夫伊特【Ｆ】・黑
1686,Edio Boots・Black,艾迪歐靴・黑
1687,Edio F Boots・Black,艾迪歐靴【Ｆ】・黑
1688,Abitto Feet,阿比特托夫伊
1689,Abitto F Feet,阿比特托夫伊【Ｆ】
1690,Abitto Boots,阿比特托靴
1691,Abitto F Boots,阿比特托靴【Ｆ】
1692,Howx Greaves,迪拉瓦腕護腿
1693,Howx F Greaves,迪拉瓦腕護腿【Ｆ】
1694,Howx Leggings,迪拉瓦腕裹腿
1695,Howx F Leggings,迪拉瓦腕裹腿【Ｆ】
1696,Pirata Greaves,吉阿爾腕護腿
1697,Pirata F Greaves,吉阿爾腕護腿【Ｆ】
1698,Pirata Leggings,吉阿爾腕裹腿
1699,Pirata F Leggings,吉阿爾腕裹腿【Ｆ】
1700,アレス Feet,
1701,アレスF Feet,
1702,カリノ Feet,
1703,カリノF Feet,
1704,ルルス Feet,
1705,ルルスF Feet,
1706,Nada Boots,娜達靴
1707,Nada F Boots,娜達靴【Ｆ】
1708,Rosa Feet,羅薩夫伊特
1709,Rosa F Feet,羅薩夫伊特【Ｆ】
1710,Haosu Feet,哈歐蘇夫伊特
1711,Haosu F Feet,哈歐蘇夫伊特【Ｆ】
1712,Miru Feet,米魯夫伊特
1713,Miru F Feet,米魯夫伊特【Ｆ】
1714,Pasu Boots,波蘇靴
1715,Pasu F Boots,波蘇靴【Ｆ】
1716,Randa の Hakama・Yellow,の・黄
1717,蘭蛮の Hakama・Yellow,蘭蛮の・黄
1718,Randa の履・Yellow,の履・黄
1719,蘭蛮の履・Yellow,蘭蛮の履・黄
1720,Randa の Hakama・Red,の・赤
1721,蘭蛮の Hakama・Red,蘭蛮の・赤
1722,Randa の履・Red,の履・赤
1723,蘭蛮の履・Red,蘭蛮の履・赤
1724,Randa の Hakama・Purple,の・紫
1725,蘭蛮の Hakama・Purple,蘭蛮の・紫
1726,Randa の履・Purple,の履・紫
1727,蘭蛮の履・Purple,蘭蛮の履・紫
1728,Randa の Hakama・Gold,の・金
1729,蘭蛮の Hakama・Gold,蘭蛮の・金
1730,Randa の履・Gold,の履・金
1731,蘭蛮の履・Gold,蘭蛮の履・金
1732,竜巻脚着・Black,竜巻脚着・黑
1733,竜巻F脚着・Black,竜巻脚着・黑
1734,True 空脚着・Black,空脚着・黑
1735,True 空F脚着・Black,空脚着・黑
1736,千裂脚着・Black,千裂脚着・黑
1737,千裂F脚着・Black,千裂脚着・黑
1738,覇山脚着・Black,覇山脚着・黑
1739,覇山F脚着・Black,覇山脚着・黑
1740,竜巻脚着・Tea,竜巻脚着・茶
1741,竜巻F脚着・Tea,竜巻脚着・茶
1742,True 空脚着・Tea,空脚着・茶
1743,True 空F脚着・Tea,空脚着・茶
1744,千裂脚着・Purple,千裂脚着・紫
1745,千裂F脚着・Purple,千裂脚着・紫
1746,覇山脚着・Purple,覇山脚着・紫
1747,覇山F脚着・Purple,覇山脚着・紫
1748,竜巻脚着・White,竜巻脚着・白
1749,竜巻F脚着・White,竜巻脚着・白
1750,True 空脚着・White,空脚着・白
1751,True 空F脚着・White,空脚着・白
1752,千裂脚着・White,千裂脚着・白
1753,千裂F脚着・White,千裂脚着・白
1754,覇山脚着・White,覇山脚着・白
1755,覇山F脚着・White,覇山脚着・白
1756,竜巻脚着・Blue,竜巻脚着・青
1757,竜巻F脚着・Blue,竜巻脚着・青
1758,True 空脚着・Blue,空脚着・青
1759,True 空F脚着・Blue,空脚着・青
1760,千裂脚着・Green,千裂脚着・緑
1761,千裂F脚着・Green,千裂脚着・緑
1762,覇山脚着・Green,覇山脚着・緑
1763,覇山F脚着・Green,覇山脚着・緑
1764,正拳脚着,正拳脚着
1765,正拳F脚着,正拳脚着
1766,灼熱脚着,灼熱脚着
1767,灼熱F脚着,灼熱脚着
1768,龍星脚着,龍星脚着
1769,龍星F脚着,龍星脚着
1770,虎襲脚着,虎襲脚着
1771,虎襲F脚着,虎襲脚着
1772,旋風脚着,旋風脚着
1773,旋風F脚着,旋風脚着
1774,巴脚着,巴脚着
1775,巴F脚着,巴脚着
1776,Heaven 空脚着,空脚着
1777,Heaven 空F脚着,空脚着
1778,Heaven 昇脚着,昇脚着
1779,Heaven 昇F脚着,昇脚着
1780,Jeamu Feet,傑艾阿穆夫伊
1781,Jeamu F Feet,傑艾阿穆夫伊【Ｆ】
1782,Amyusu Feet,阿姆尤蘇夫伊
1783,Amyusu F Feet,阿姆尤蘇夫伊【Ｆ】
1784,Clevan Feet,克勒夫阿恩夫
1785,Clevan F Feet,克勒夫阿恩夫【Ｆ】
1786,Meterosu Boots,梅特羅蘇靴
1787,Meterosu F Boots,梅特羅蘇靴【Ｆ】
1788,Shipureru Feet,修伊普雷魯夫
1789,Shipureru F Feet,修伊普雷魯夫【Ｆ】
1790,Toresupa Feet,托雷蘇拍夫伊
1791,Toresupa F Feet,托雷蘇拍夫伊【Ｆ】
1792,Suteraru Feet,蘇特拉魯夫伊
1793,Suteraru F Feet,蘇特拉魯夫伊【Ｆ】
1794,Hakyura Boots,哈阿克伊烏爾阿靴
1795,Hakyura F Boots,哈阿克伊烏爾阿靴【Ｆ】
1796,Orutemo F Feet,歐魯特莫夫伊【Ｆ】
1797,Orutemo F Boots,歐魯特莫靴【Ｆ】
1798,忍の Tabi・陰 SP Yellow,忍之籠手・陰
1799,忍の Tabi・陰 SP Red,忍之籠手・陰
1800,忍の Tabi・陰 SP Blue,忍之籠手・陰
1801,K. Lobster Feet SP Black,克洛布斯特爾【ＳＰ】・黑
1802,K. Lobster Feet SP Green,克洛布斯特爾【ＳＰ】・緑
1803,K. Lobster Feet SP Blue,克洛布斯特爾【ＳＰ】・青
1804,K. Lobster Boots SP Black,ｋ龍蝦線圈ＳＰ黑靴【ＳＰ】・黑
1805,K. Lobster Boots SP Green,ｋ龍蝦線圈ＳＰ黑靴【ＳＰ】・緑
1806,K. Lobster Boots SP Blue,ｋ龍蝦線圈ＳＰ黑靴【ＳＰ】・青
1807,Aneshisu F Greaves,阿涅修伊蘇護腿【Ｆ】
1808,Aneshisu F Leggings,阿涅修伊蘇裹腿【Ｆ】
1809,Buran F Greaves,布烏爾阿恩腕護腿【Ｆ】
1810,Zwinger Feet,茲烏伊恩蓋爾
1811,Zwinger Boots,茲瓦伊恩格艾爾靴
1812,Demon Lord ノ足枷・魁,足枷魁
1813,童子ノ足枷・魁,童子足枷魁
1814,Melan F Greaves,紫黑護腿【Ｆ】
1815,Melan F Leggings,紫黑裹腿【Ｆ】
1816,Buto F Leg,布托腿【Ｆ】
1817,Himeros FX Greaves,螺鈿終護腿【ＦＸ】
1818,Charien FX Leggings,恩流浪腕甲裹腿【ＦＸ】
1819,Bureshisu FX Greaves,布雷修伊蘇護腿【ＦＸ】
1820,Rathalos LX Greaves,雄火龍護腿
1821,Rath Soul RX Greaves,火龍魂護腿
1822,Khezu LX Greaves,奇怪龍護腿
1823,Khezu RX Greaves,奇怪龍護腿
1824,High Metal LX Greaves,上位金屬護腿
1825,High Metal RX Greaves,上位金屬護腿
1826,Hornetaur LX Leggings,巨甲蟲裹腿
1827,Hornetaur RX Leggings,巨甲蟲裹腿
1828,Beru ドラR Greaves,舞雷龍多拉護腿
1829,Beru ドラR Leggings,舞雷龍多拉裹腿
1830,Flame Greaves,焔護腿
1831,Flame Leggings,焔裹腿
1832,Noon Glow Hakama,諾歐恩格洛烏
1833,夕茜ノ Hakama,夕茜
1834,Poogie Feet,波歐吉艾夫伊
1835,Poogie F Feet,波歐吉艾夫伊【Ｆ】
1836,Poogie Heel,波歐吉艾赫艾
1837,Poogie F Heel,波歐吉艾赫艾【Ｆ】
1838,Mandora Feet,馬恩多拉夫伊
1839,Mandora F Feet,馬恩多拉夫伊【Ｆ】
1840,Mandora Boots,馬恩多拉靴
1841,Mandora F Boots,馬恩多拉靴【Ｆ】
1842,Aonoko Feet,阿歐諾科夫伊
1843,Aonoko F Feet,阿歐諾科夫伊【Ｆ】
1844,Aonoko Boots,阿歐諾科靴
1845,Aonoko F Boots,阿歐諾科靴【Ｆ】
1846,Zeroi Greaves,紋章觸腕護腿
1847,Zeroi F Greaves,紋章觸腕護腿【Ｆ】
1848,Zeroi Leggings,紋章觸腕裹腿
1849,Zeroi F Leggings,紋章觸腕裹腿【Ｆ】
1850,Rail Greaves,毛毒怪護腿
1851,Rail F Greaves,毛毒怪護腿【Ｆ】
1852,Rail Leggings,毛毒怪裹腿
1853,Rail F Leggings,毛毒怪裹腿【Ｆ】
1854,Rudeos Greaves,牙血鐵護腿
1855,Rudeos F Greaves,牙血鐵護腿【Ｆ】
1856,Rudeos Leggings,牙血鐵裹腿
1857,Rudeos F Leggings,牙血鐵裹腿【Ｆ】
1858,Orchesis Greaves,霧野泰護腿
1859,Orchesis F Greaves,霧野泰護腿【Ｆ】
1860,Orchesis Leggings,霧野泰裹腿
1861,Orchesis F Leggings,霧野泰裹腿【Ｆ】
1862,フルイト Greaves,腕護腿
1863,フルイトF Greaves,腕護腿【Ｆ】
1864,ゲレオン Greaves,腕護腿
1865,ゲレオンF Greaves,腕護腿【Ｆ】
1866,ケック Greaves,腕護腿
1867,ケックF Greaves,腕護腿【Ｆ】
1868,ヘンフロ Leggings,赫恩夫羅裹腿
1869,ヘンフロF Leggings,赫恩夫羅裹腿【Ｆ】
1870,フリゲト Greaves,腕護腿
1871,フリゲトF Greaves,腕護腿【Ｆ】
1872,バーク Greaves,腕護腿
1873,バークF Greaves,腕護腿【Ｆ】
1874,ブリガン Greaves,腕護腿
1875,ブリガンF Greaves,腕護腿【Ｆ】
1876,プラム Leggings,普拉穆裹腿
1877,プラムF Leggings,普拉穆裹腿【Ｆ】
1878,Maisto Feet・Crimson,馬伊斯托夫伊・紅
1879,Maisto F Feet・Crimson,馬伊斯托夫伊【Ｆ】・紅
1880,Maisto Boots・Crimson,馬伊斯托靴・紅
1881,Maisto F Boots・Crimson,馬伊斯托靴【Ｆ】・紅
1882,Maisto Feet・Green,馬伊斯托夫伊・緑
1883,Maisto F Feet・Green,馬伊斯托夫伊【Ｆ】・緑
1884,Maisto Boots・Green,馬伊斯托靴・緑
1885,Maisto F Boots・Green,馬伊斯托靴【Ｆ】・緑
1886,Maisto Feet・Green,馬伊斯托夫伊・緑
1887,Maisto F Feet・Green,馬伊斯托夫伊【Ｆ】・緑
1888,Maisto Boots・Green,馬伊斯托靴・緑
1889,Maisto F Boots・Green,馬伊斯托靴【Ｆ】・緑
1890,Maisto Feet・Pink,馬伊斯托夫伊・桃
1891,Maisto F Feet・Pink,馬伊斯托夫伊【Ｆ】・桃
1892,Maisto Boots・Pink,馬伊斯托靴・桃
1893,Maisto F Boots・Pink,馬伊斯托靴【Ｆ】・桃
1894,Wagune Feet,瓦古涅夫伊特
1895,Wagune F Feet,瓦古涅夫伊特【Ｆ】
1896,Wagune Boots,瓦古涅靴
1897,Wagune F Boots,瓦古涅靴【Ｆ】
1898,Pistis F Feet,皮斯提斯夫伊【Ｆ】
1899,Pistis F Boots,皮斯提斯靴【Ｆ】
1900,Hypnoc Greaves SP Green,眠鳥護腿【ＳＰ】・緑
1901,Hypnoc Greaves SP Red,眠鳥護腿【ＳＰ】・赤
1902,Hypnoc Greaves SP Yellow,眠鳥護腿【ＳＰ】・黄
1903,Beru Greaves SP Black,舞雷龍護腿【ＳＰ】・黑
1904,Beru Greaves SP Red,舞雷龍護腿【ＳＰ】・赤
1905,Beru Greaves SP Purple,舞雷龍護腿【ＳＰ】・紫
1906,Beru Leggings SP Black,舞雷龍裹腿【ＳＰ】・黑
1907,Beru Leggings SP Red,舞雷龍裹腿【ＳＰ】・赤
1908,Beru Leggings SP Purple,舞雷龍裹腿【ＳＰ】・紫
1909,Rurudi Boots,魯魯迪靴
1910,Rurudi Leggings,魯魯迪裹腿
1911,Arc F Greaves,弧弓護腿【Ｆ】
1912,Arc F Leggings,弧弓裹腿【Ｆ】
1913,Strega FX Greaves,魔女護腿【ＦＸ】
1914,Strega FX Leggings,魔女裹腿【ＦＸ】
1915,Rath Heart RX Greaves,火龍心護腿
1916,Rathian LX Greaves,雌火龍護腿
1917,Vespoid RX Leggings,巨蜂裹腿
1918,Vespoid LX Leggings,巨蜂裹腿
1919,Hermitaur RX Greaves,赫爾米塔烏爾爾克護腿
1920,Hermitaur LX Greaves,赫爾米塔烏爾爾克護腿
1921,Diablos RX Greaves,角龍護腿
1922,Diablos LX Greaves,角龍護腿
1923,リリオ Greaves,里里歐護腿
1924,フレサ Greaves,夫雷薩護腿
1925,クラ Beru Greaves,舞雷龍護腿
1926,シルエラ Greaves,斯希魯艾拉護腿
1927,カメ Lea Greaves,可梅勒阿頭部防具護腿
1928,ハシント Greaves,哈斯希恩托護腿
1929,セレソ Greaves,塞雷索護腿
1930,オリバ Greaves,歐里巴護腿
1931,ラウレル Leggings,拉烏雷魯裹腿
1932,ココ Leggings,科科裹腿
1933,グラナダ Leggings,古拉納達裹腿
1934,アトロ Greaves,阿托羅護腿
1935,アトロF Greaves,阿托羅護腿【Ｆ】
1936,アトロ Boots,阿托羅靴
1937,アトロF Boots,阿托羅靴【Ｆ】
1938,Gogomoa Greaves,跳緋獸護腿
1939,Gogomoa F Greaves,跳緋獸護腿【Ｆ】
1940,Gogomoa Leggings,跳緋獸裹腿
1941,Gogomoa F Leggings,跳緋獸裹腿【Ｆ】
1942,Wadatsumi 【具足】,具足
1943,Okami 【具足】,具足
1944,Diina Leg,迪伊納腿
1945,Diina F Leg,迪伊納腿【Ｆ】
1946,True Shadow Hakama,特魯艾修阿多
1947,True Shadow Hakama・魁,魁
1948,翔影ノ Hakama,翔影
1949,翔影ノ Hakama・魁,翔影魁
1950,Black Tiger Greaves,黑虎哈歐里護腿・黑
1951,Black 豹ノ具足,豹具足・黑
1952,刹帝利ノ足枷,刹帝利足枷
1953,婆羅門ノ足枷,婆羅門足枷
1954,Galitos Feet・Tea,加里托斯夫伊・茶
1955,Galitos F Feet・Tea,加里托斯夫伊【Ｆ】・茶
1956,Galitos Boots・Tea,加爾伊托斯靴・茶
1957,Galitos F Boots・Tea,加爾伊托斯靴【Ｆ】・茶
1958,Galitos Feet・Red,加里托斯夫伊・赤
1959,Galitos F Feet・Red,加里托斯夫伊【Ｆ】・赤
1960,Galitos Boots・Red,加爾伊托斯靴・赤
1961,Galitos F Boots・Red,加爾伊托斯靴【Ｆ】・赤
1962,Galitos Feet・Black,加里托斯夫伊・黑
1963,Galitos F Feet・Black,加里托斯夫伊【Ｆ】・黑
1964,Galitos Boots・Black,加爾伊托斯靴・黑
1965,Galitos F Boots・Black,加爾伊托斯靴【Ｆ】・黑
1966,Galitos Feet・Water,加里托斯夫伊
1967,Galitos F Feet・Water,加里托斯夫伊【Ｆ】
1968,Galitos Boots・Water,加爾伊托斯瓦特爾靴
1969,Galitos F Boots・Water,加爾伊托斯瓦特爾靴【Ｆ】
1970,Riburi Feet,里布里夫伊特
1971,Riburi F Feet,里布里夫伊特【Ｆ】
1972,Riburi FZ Feet,里布里夫伊特【ＦＺ】
1973,Riburi Boots,里布里靴
1974,Riburi F Boots,里布里靴【Ｆ】
1975,Riburi FZ Boots,里布里靴【ＦＺ】
1976,Ridere Greaves,紫黑鍵護腿
1977,Ridere F Greaves,紫黑鍵護腿【Ｆ】
1978,Ridere Leggings,紫黑鍵裹腿
1979,Ridere F Leggings,紫黑鍵裹腿【Ｆ】
1980,Riot Greaves,紫黑鍵腕護腿
1981,Riot F Greaves,紫黑鍵腕護腿【Ｆ】
1982,Riot Leggings,紫黑鍵腕裹腿
1983,Riot F Leggings,紫黑鍵腕裹腿【Ｆ】
1984,スケ Ina Greaves,蘇凱伊娜腕護腿
1985,スケ Ina F Greaves,蘇凱伊娜腕護腿【Ｆ】
1986,ミッシナ Greaves,腕護腿
1987,ミッシナF Greaves,腕護腿【Ｆ】
1988,プリース Greaves,腕護腿
1989,プリースF Greaves,腕護腿【Ｆ】
1990,レキトリ Leggings,雷基托里裹腿
1991,レキトリF Leggings,雷基托里裹腿【Ｆ】
1992,マドニカ Greaves,腕護腿
1993,マドニカF Greaves,腕護腿【Ｆ】
1994,ヴィリヤ Greaves,腕護腿
1995,ヴィリヤF Greaves,腕護腿【Ｆ】
1996,ラプラル Greaves,腕護腿
1997,ラプラルF Greaves,腕護腿【Ｆ】
1998,サザール Leggings,薩扎魯裹腿
1999,サザールF Leggings,薩扎魯裹腿【Ｆ】
2000,Truss Leggings Blue,特魯斯斯裹腿・青
2001,Truss F Leggings Blue,特魯斯斯裹腿【Ｆ】・青
2002,Truss シューズ Blue,・青
2003,Truss Fシューズ Blue,・青
2004,Truss Leggings Red,特魯斯斯裹腿・赤
2005,Truss F Leggings Red,特魯斯斯裹腿【Ｆ】・赤
2006,Truss シューズ Red,・赤
2007,Truss Fシューズ Red,・赤
2008,Truss Leggings White,特魯斯斯裹腿・白
2009,Truss F Leggings White,特魯斯斯裹腿【Ｆ】・白
2010,Truss シューズ White,・白
2011,Truss Fシューズ White,・白
2012,Truss Leggings Purple,特魯斯斯裹腿・紫
2013,Truss F Leggings Purple,特魯斯斯裹腿【Ｆ】・紫
2014,Truss シューズ Purple,・紫
2015,Truss Fシューズ Purple,・紫
2016,Demon Greaves Blue,鬼護腿・青
2017,Demon F Greaves Blue,鬼護腿【Ｆ】・青
2018,Chaos Greaves Blue,混沌護腕青護腿・青
2019,Chaos F Greaves Blue,混沌護腕青護腿【Ｆ】・青
2020,Demon Greaves Red,鬼護腿・赤
2021,Demon F Greaves Red,鬼護腿【Ｆ】・赤
2022,Chaos Greaves Red,混沌護腕青護腿・赤
2023,Chaos F Greaves Red,混沌護腕青護腿【Ｆ】・赤
2024,Demon Greaves Green,鬼護腿・緑
2025,Demon F Greaves Green,鬼護腿【Ｆ】・緑
2026,Chaos Greaves Green,混沌護腕青護腿・緑
2027,Chaos F Greaves Green,混沌護腕青護腿【Ｆ】・緑
2028,Demon Greaves White,鬼護腿・白
2029,Demon F Greaves White,鬼護腿【Ｆ】・白
2030,Chaos Greaves White,混沌護腕青護腿・白
2031,Chaos F Greaves White,混沌護腕青護腿【Ｆ】・白
2032,Shadow Boots Purple,夏多烏靴・紫
2033,Shadow F Boots Purple,夏多烏靴【Ｆ】・紫
2034,Soul Boots Purple,索烏爾靴・紫
2035,Soul F Boots Purple,索烏爾靴【Ｆ】・紫
2036,Shadow Boots Red,夏多烏靴・赤
2037,Shadow F Boots Red,夏多烏靴【Ｆ】・赤
2038,Soul Boots Red,索烏爾靴・赤
2039,Soul F Boots Red,索烏爾靴【Ｆ】・赤
2040,Shadow Boots Green,夏多烏靴・緑
2041,Shadow F Boots Green,夏多烏靴【Ｆ】・緑
2042,Soul Boots Green,索烏爾靴・緑
2043,Soul F Boots Green,索烏爾靴【Ｆ】・緑
2044,Shadow Boots White,夏多烏靴・白
2045,Shadow F Boots White,夏多烏靴【Ｆ】・白
2046,Soul Boots White,索烏爾靴・白
2047,Soul F Boots White,索烏爾靴【Ｆ】・白
2048,フィディ Greaves,護腿
2049,エピディ Greaves,護腿
2050,ヴェルフィ Greaves,腕護腿
2051,ヴェルフィ Leggings,腕裹腿
2052,テリオグ Greaves,腕護腿
2053,テリオグ Leggings,腕裹腿
2054,Kurossu Feet,庫羅斯蘇夫伊
2055,Kurossu F Feet,庫羅斯蘇夫伊【Ｆ】
2056,Kurossu Boots,庫羅斯蘇靴
2057,Kurossu F Boots,庫羅斯蘇靴【Ｆ】
2058,Shieri FX Greaves,服拉比護腿【ＦＸ】
2059,Shieri FX Leggings,服拉比裹腿【ＦＸ】
2060,Craft FX Boots,克拉夫特靴【ＦＸ】
2061,Craft FX Leggings,克拉夫特裹腿【ＦＸ】
2062,Moss Covered FX Greaves,苔克歐維艾爾艾德護腿【ＦＸ】
2063,Moss Covered FX Leggings,苔克歐維艾爾艾德裹腿【ＦＸ】
2064,Excelle FX Greaves,來迪拉護腿【ＦＸ】
2065,Excelle FX Leggings,來迪拉裹腿【ＦＸ】
2066,Blue Sky Hakama・True,斯克伊哈可馬・青
2067,Welkin Hakama・True,烏艾爾基恩哈
2068,ビステマ Boots,比蘇特馬靴
2069,Rath Duo F Greaves,火龍雙護腿【Ｆ】
2070,Rath Duo F Leggings,火龍雙裹腿【Ｆ】
2071,ロークF Greaves,腕護腿【Ｆ】
2072,ロークF Leggings,腕裹腿【Ｆ】
2073,Buruho F Feet・Blue,布魯霍夫伊特【Ｆ】・青
2074,マー Gear F Boots・Blue,瑪裝靴【Ｆ】・青
2075,Gogomoa FX Greaves,跳緋獸護腿【ＦＸ】
2076,Gogomoa FX Leggings,跳緋獸裹腿【ＦＸ】
2077,Kuraaji FX Greaves,拉瓦里護腿【ＦＸ】
2078,Kuraaji FX Leggings,拉瓦里裹腿【ＦＸ】
2079,Zaakaa FX Greaves,布爾霧護腿【ＦＸ】
2080,Chaser FX Leggings,克哈阿斯艾爾腕甲裹腿【ＦＸ】
2081,Abitto FZ Feet,阿比特托夫伊【ＦＺ】
2082,Abitto FZ Boots,阿比特托靴【ＦＺ】
2083,Arge FZ Feet,阿爾蓋夫伊特【ＦＺ】
2084,Arge FZ Boots,阿爾蓋靴【ＦＺ】
2085,Camarera FZ Feet,克阿馬雷拉夫【ＦＺ】
2086,Camarera FZ Boots,克阿馬雷拉靴【ＦＺ】
2087,Metenera FZ Feet,梅特涅拉夫伊【ＦＺ】
2088,Metenera FZ Boots,梅特涅拉靴【ＦＺ】
2089,Ruko FX Feet,魯科夫伊特【ＦＸ】
2090,Ruko FX Legs,魯科腿甲【ＦＸ】
2091,Zamuza Greaves,多殼蟹護腿
2092,Zamuza F Greaves,多殼蟹護腿【Ｆ】
2093,Zamuza FX Greaves,多殼蟹護腿【ＦＸ】
2094,Zamuza Leggings,多殼蟹裹腿
2095,Zamuza F Leggings,多殼蟹裹腿【Ｆ】
2096,Zamuza FX Leggings,多殼蟹裹腿【ＦＸ】
2097,Abiorugu Greaves,獰龍護腿
2098,Abiorugu F Greaves,獰龍護腿【Ｆ】
2099,Abiorugu FX Greaves,獰龍護腿【ＦＸ】
2100,Abiorugu Leggings,獰龍裹腿
2101,Abiorugu F Leggings,獰龍裹腿【Ｆ】
2102,Abiorugu FX Leggings,獰龍裹腿【ＦＸ】
2103,Black Belt Greaves SP White,黑腰帶護腿【ＳＰ】・黑・白
2104,Black Belt Greaves SP Black,黑腰帶護腿【ＳＰ】・黑
2105,Black Belt Greaves SP Blue,黑腰帶護腿【ＳＰ】・黑・青
2106,Apkallu Greaves SP White,阿普可魯護腿【ＳＰ】・白
2107,Apkallu Greaves SP Green,阿普可魯護腿【ＳＰ】・緑
2108,Apkallu Greaves SP Yellow,阿普可魯護腿【ＳＰ】・黄
2109,Cepha LX Greaves,沙龍護腿
2110,Blango LX Greaves,布爾阿恩戈爾克斯護腿
2111,Gravios LX Greaves,鎧龍護腿
2112,Bone LX Leggings,骨製裹腿
2113,Cepha RX Greaves,沙龍護腿
2114,Blango RX Greaves,布爾阿恩戈爾克斯護腿
2115,Gravios RX Greaves,鎧龍護腿
2116,Bone RX Leggings,骨製裹腿
2117,White Snake Greaves,白蛇哈歐里護腿・白
2118,White Snake Greaves・魁,白蛇哈歐里・魁護腿・白
2119,White 鳥ノ具足,鳥具足・白
2120,White 鳥ノ具足・魁,鳥具足魁・白
2121,Kakabu Feet,可可布夫伊特
2122,Kakabu Leggings,尾虎皮裹腿
2123,Onero Greaves,血吼牙護腿
2124,Onero Leggings,血吼牙裹腿
2125,Jyaga Greaves,研磨尾護腿
2126,Jyaga Leggings,研磨尾裹腿
2127,Omet Feet・Black,歐梅特夫伊特・黑
2128,Omet F Feet・Black,歐梅特夫伊特【Ｆ】・黑
2129,Omet Boots・Black,歐梅特靴・黑
2130,Omet F Boots・Black,歐梅特靴【Ｆ】・黑
2131,Omet Feet・Red,歐梅特夫伊特・赤
2132,Omet F Feet・Red,歐梅特夫伊特【Ｆ】・赤
2133,Omet Boots・Red,歐梅特靴・赤
2134,Omet F Boots・Red,歐梅特靴【Ｆ】・赤
2135,Omet Feet・White,歐梅特夫伊特・白
2136,Omet F Feet・White,歐梅特夫伊特【Ｆ】・白
2137,Omet Boots・White,歐梅特靴・白
2138,Omet F Boots・White,歐梅特靴【Ｆ】・白
2139,Omet Feet・Blue,歐梅特夫伊特・青
2140,Omet F Feet・Blue,歐梅特夫伊特【Ｆ】・青
2141,Omet Boots・Blue,歐梅特靴・青
2142,Omet F Boots・Blue,歐梅特靴【Ｆ】・青
2143,Rutare Greaves,阿爾布腕護腿
2144,Rutare F Greaves,阿爾布腕護腿【Ｆ】
2145,Rutare Leggings,阿爾布腕裹腿
2146,Rutare F Leggings,阿爾布腕裹腿【Ｆ】
2147,Rolling Flow Greaves,滾流護腿
2148,Rolling Flow Greaves・魁,護腿瓦里艾流・魁護腿
2149,旋転の Greaves,旋転の護腿
2150,旋転の Greaves・魁,旋転の魁護腿
2151,厳岩の Hakama,厳岩の
2152,厳岩の Hakama・魁,厳岩の魁
2153,不破の Hakama,不破の
2154,不破の Hakama・魁,不破の魁
2155,無想の Hakama,無想の
2156,無想の Hakama・魁,無想の魁
2157,俊激の履,俊激の履
2158,俊激の履・魁,俊激の履魁
2159,Suifudo Feet,蘇伊夫多夫伊
2160,Suifudo F Feet,蘇伊夫多夫伊【Ｆ】
2161,Merodesu Feet,梅羅德蘇夫伊
2162,Merodesu F Feet,梅羅德蘇夫伊【Ｆ】
2163,Sumatosu Feet,蘇馬托蘇夫伊
2164,Sumatosu F Feet,蘇馬托蘇夫伊【Ｆ】
2165,Passhio Boots,拍斯斯希歐靴
2166,Passhio F Boots,拍斯斯希歐靴【Ｆ】
2167,Cultu Feet・Ash,克烏爾圖夫伊
2168,Cultu F Feet・Ash,克烏爾圖夫伊【Ｆ】
2169,Cultu Boots・Ash,克烏爾圖阿斯赫靴
2170,Cultu F Boots・Ash,克烏爾圖阿斯赫靴【Ｆ】
2171,Cultu Feet・Blue,克烏爾圖夫伊・青
2172,Cultu F Feet・Blue,克烏爾圖夫伊【Ｆ】・青
2173,Cultu Boots・Blue,克烏爾圖靴・青
2174,Cultu F Boots・Blue,克烏爾圖靴【Ｆ】・青
2175,Cultu Feet・Orange,克烏爾圖夫伊・橙
2176,Cultu F Feet・Orange,克烏爾圖夫伊【Ｆ】・橙
2177,Cultu Boots・Orange,克烏爾圖靴・橙
2178,Cultu F Boots・Orange,克烏爾圖靴【Ｆ】・橙
2179,Cultu Feet・Green,克烏爾圖夫伊・緑
2180,Cultu F Feet・Green,克烏爾圖夫伊【Ｆ】・緑
2181,Cultu Boots・Green,克烏爾圖靴・緑
2182,Cultu F Boots・Green,克烏爾圖靴【Ｆ】・緑
2183,Jisutoreru F Leg,吉斯特雷腿【Ｆ】
2184,Risaaza F Feet,里薩阿扎夫伊【Ｆ】
2185,Risaaza F Boots,里薩阿扎靴【Ｆ】
2186,Text FZ Feet・Purple,特克斯特夫伊特【ＦＺ】・紫
2187,Text FZ Feet・Green,特克斯特夫伊特【ＦＺ】・緑
2188,Text FZ Feet・Blue,特克斯特夫伊特【ＦＺ】・青
2189,Text FZ Feet・Black,特克斯特夫伊特【ＦＺ】・黑
2190,Text FZ Boots・Purple,特克斯特靴【ＦＺ】・紫
2191,Text FZ Boots・Green,特克斯特靴【ＦＺ】・緑
2192,Text FZ Boots・Blue,特克斯特靴【ＦＺ】・青
2193,Text FZ Boots・Black,特克斯特靴【ＦＺ】・黑
2194,Suriito FZ Feet・Yellow,蘇里伊托夫伊【ＦＺ】・黄
2195,Suriito FZ Feet・Silver,蘇里伊托夫伊【ＦＺ】・銀
2196,Suriito FZ Feet・Red,蘇里伊托夫伊【ＦＺ】・赤
2197,Suriito FZ Feet・Blue,蘇里伊托夫伊【ＦＺ】・青
2198,Suriito FZ Boots・Yellow,蘇里伊托靴【ＦＺ】・黄
2199,Suriito FZ Boots・Silver,蘇里伊托靴【ＦＺ】・銀
2200,Suriito FZ Boots・Red,蘇里伊托靴【ＦＺ】・赤
2201,Suriito FZ Boots・Blue,蘇里伊托靴【ＦＺ】・青
2202,Steno FZ Greaves・Orange,斯特諾護腿【ＦＺ】・橙
2203,Steno FZ Greaves・Peach,斯特諾護腿【ＦＺ】・桃
2204,Steno FZ Greaves・Blue,斯特諾護腿【ＦＺ】・青
2205,Steno FZ Greaves・Red,斯特諾護腿【ＦＺ】・赤
2206,Steno FZ Leggings・Orange,斯特諾裹腿【ＦＺ】・橙
2207,Steno FZ Leggings・Peach,斯特諾裹腿【ＦＺ】・桃
2208,Steno FZ Leggings・Blue,斯特諾裹腿【ＦＺ】・青
2209,Steno FZ Leggings・Red,斯特諾裹腿【ＦＺ】・赤
2210,Edio FZ Feet・Blue,艾迪歐夫伊特【ＦＺ】・青
2211,Edio FZ Feet・Red,艾迪歐夫伊特【ＦＺ】・赤
2212,Edio FZ Feet・Yellow,艾迪歐夫伊特【ＦＺ】・黄
2213,Edio FZ Feet・Black,艾迪歐夫伊特【ＦＺ】・黑
2214,Edio FZ Boots・Blue,艾迪歐靴【ＦＺ】・青
2215,Edio FZ Boots・Red,艾迪歐靴【ＦＺ】・赤
2216,Edio FZ Boots・Yellow,艾迪歐靴【ＦＺ】・黄
2217,Edio FZ Boots・Black,艾迪歐靴【ＦＺ】・黑
2218,Galitos FZ Feet・Tea,加里托斯夫伊【ＦＺ】・茶
2219,Galitos FZ Feet・Red,加里托斯夫伊【ＦＺ】・赤
2220,Galitos FZ Feet・Black,加里托斯夫伊【ＦＺ】・黑
2221,Galitos FZ Feet・Water,加里托斯夫伊【ＦＺ】
2222,Galitos FZ Boots・Tea,加爾伊托斯靴【ＦＺ】・茶
2223,Galitos FZ Boots・Red,加爾伊托斯靴【ＦＺ】・赤
2224,Galitos FZ Boots・Black,加爾伊托斯靴【ＦＺ】・黑
2225,Galitos FZ Boots・Water,加爾伊托斯瓦特爾靴【ＦＺ】
2226,Beil F Divider,貝爾【Ｆ】
2227,ダミー,(dummy)
2228,Jess Greaves,潔絲護腿
2229,Jess F Greaves,潔絲護腿【Ｆ】
2230,Jess FY Greaves,潔絲護腿
2231,Jess HC Greaves,潔絲護腿【ＨＣ】
2232,Jess Leggings,潔絲裹腿
2233,Jess F Leggings,潔絲裹腿【Ｆ】
2234,Jess FY Leggings,潔絲裹腿
2235,Jess HC Leggings,潔絲裹腿【ＨＣ】
2236,Eques HC Greaves,騎士護腿【ＨＣ】
2237,Eques HC Leggings,騎士裹腿【ＨＣ】
2238,Kuraaji HC Greaves,拉瓦里護腿【ＨＣ】
2239,Kuraaji HC Leggings,拉瓦里裹腿【ＨＣ】
2240,Melan FY Greaves,紫黑護腿
2241,Melan HC Greaves,紫黑護腿【ＨＣ】
2242,Melan FY Leggings,紫黑裹腿
2243,Melan HC Leggings,紫黑裹腿【ＨＣ】
2244,Harubadaa FY Greaves,哈魯巴達阿夫伊護腿
2245,Harubadaa HC Greaves,哈魯巴達阿護腿【ＨＣ】
2246,Tracker FY Leggings,特爾阿克克艾爾腕甲裹腿
2247,Tracker HC Leggings,特爾阿克克艾爾腕甲裹腿【ＨＣ】
2248,Omet FZ Feet・Black,歐梅特夫伊特【ＦＺ】・黑
2249,Omet FZ Boots・Black,歐梅特靴【ＦＺ】・黑
2250,Omet FZ Feet・Red,歐梅特夫伊特【ＦＺ】・赤
2251,Omet FZ Boots・Red,歐梅特靴【ＦＺ】・赤
2252,Omet FZ Feet・White,歐梅特夫伊特【ＦＺ】・白
2253,Omet FZ Boots・White,歐梅特靴【ＦＺ】・白
2254,Omet FZ Feet・Blue,歐梅特夫伊特【ＦＺ】・青
2255,Omet FZ Boots・Blue,歐梅特靴【ＦＺ】・青
2256,Cultu FZ Feet・Ash,克烏爾圖夫伊【ＦＺ】
2257,Cultu FZ Boots・Ash,克烏爾圖阿斯赫靴【ＦＺ】
2258,Cultu FZ Feet・Blue,克烏爾圖夫伊【ＦＺ】・青
2259,Cultu FZ Boots・Blue,克烏爾圖靴【ＦＺ】・青
2260,Cultu FZ Feet・Orange,克烏爾圖夫伊【ＦＺ】・橙
2261,Cultu FZ Boots・Orange,克烏爾圖靴【ＦＺ】・橙
2262,Cultu FZ Feet・Green,克烏爾圖夫伊【ＦＺ】・緑
2263,Cultu FZ Boots・Green,克烏爾圖靴【ＦＺ】・緑
2264,Cultu HC Feet・Ash,克烏爾圖夫伊【ＨＣ】
2265,Cultu HC Boots・Ash,克烏爾圖阿斯赫靴【ＨＣ】
2266,Cultu HC Feet・Blue,克烏爾圖夫伊【ＨＣ】・青
2267,Cultu HC Boots・Blue,克烏爾圖靴【ＨＣ】・青
2268,Cultu HC Feet・Orange,克烏爾圖夫伊【ＨＣ】・橙
2269,Cultu HC Boots・Orange,克烏爾圖靴【ＨＣ】・橙
2270,Cultu HC Feet・Green,克烏爾圖夫伊【ＨＣ】・緑
2271,Cultu HC Boots・Green,克烏爾圖靴【ＨＣ】・緑
2272,Gauss FZ Greaves,格阿烏斯斯ＦＺ腕護腿【ＦＺ】
2273,Weber FZ Greaves,瓦艾布艾爾ＦＺ腕護腿【ＦＺ】
2274,Gilbert FZ Greaves,格伊勒布艾爾特ＦＺ腕護腿【ＦＺ】
2275,Gauss FZ Leggings,格阿烏斯斯ＦＺ腕裹腿【ＦＺ】
2276,Weber FZ Leggings,瓦艾布艾爾ＦＺ腕裹腿【ＦＺ】
2277,Gilbert FZ Leggings,格伊勒布艾爾特ＦＺ腕裹腿【ＦＺ】
2278,Gauss HC Greaves,格阿烏斯斯ＦＺ腕護腿【ＨＣ】
2279,Weber HC Greaves,瓦艾布艾爾ＦＺ腕護腿【ＨＣ】
2280,Gilbert HC Greaves,格伊勒布艾爾特ＦＺ腕護腿【ＨＣ】
2281,Gauss HC Leggings,格阿烏斯斯ＦＺ腕裹腿【ＨＣ】
2282,Weber HC Leggings,瓦艾布艾爾ＦＺ腕裹腿【ＨＣ】
2283,Gilbert HC Leggings,格伊勒布艾爾特ＦＺ腕裹腿【ＨＣ】
2284,Shaln FZ Feet・Blue,修阿爾恩夫伊【ＦＺ】・青
2285,Shaln HC Feet・Blue,修阿爾恩夫伊【ＨＣ】・青
2286,Shaln FZ Boots・Blue,夏爾恩靴【ＦＺ】・青
2287,Shaln HC Boots・Blue,夏爾恩靴【ＨＣ】・青
2288,Shaln FZ Feet・Green,修阿爾恩夫伊【ＦＺ】・緑
2289,Shaln HC Feet・Green,修阿爾恩夫伊【ＨＣ】・緑
2290,Shaln FZ Boots・Green,夏爾恩靴【ＦＺ】・緑
2291,Shaln HC Boots・Green,夏爾恩靴【ＨＣ】・緑
2292,Shaln FZ Feet・Purple,修阿爾恩夫伊【ＦＺ】・紫
2293,Shaln HC Feet・Purple,修阿爾恩夫伊【ＨＣ】・紫
2294,Shaln FZ Boots・Purple,夏爾恩靴【ＦＺ】・紫
2295,Shaln HC Boots・Purple,夏爾恩靴【ＨＣ】・紫
2296,Shaln FZ Feet・White,修阿爾恩夫伊【ＦＺ】・白
2297,Shaln HC Feet・White,修阿爾恩夫伊【ＨＣ】・白
2298,Shaln FZ Boots・White,夏爾恩靴【ＦＺ】・白
2299,Shaln HC Boots・White,夏爾恩靴【ＨＣ】・白
2300,ダミー,(dummy)
2301,ダミー,(dummy)
2302,ダミー,(dummy)
2303,ダミー,(dummy)
2304,ダミー,(dummy)
2305,ダミー,(dummy)
2306,ダミー,(dummy)
2307,ダミー,(dummy)
2308,ダミー,(dummy)
2309,ダミー,(dummy)
2310,ダミー,(dummy)
2311,ダミー,(dummy)
2312,ダミー,(dummy)
2313,ダミー,(dummy)
2314,ダミー,(dummy)
2315,ダミー,(dummy)
2316,ダミー,(dummy)
2317,ダミー,(dummy)
2318,ダミー,(dummy)
2319,ダミー,(dummy)
2320,ダミー,(dummy)
2321,Kuaru Greaves,晶龍護腿
2322,Kuaru F Greaves,晶龍護腿【Ｆ】
2323,Kuaru FX Greaves,晶龍護腿【ＦＸ】
2324,Kuaru Leggings,晶龍裹腿
2325,Kuaru F Leggings,晶龍裹腿【Ｆ】
2326,Kuaru FX Leggings,晶龍裹腿【ＦＸ】
2327,Wind ペイル,
2328,Wind ハディ,
2329,Ruko Feet SP White,魯科夫伊特【ＳＰ】・白
2330,Ruko Feet SP Blue,魯科夫伊特【ＳＰ】・青
2331,Ruko Feet SP Red,魯科夫伊特【ＳＰ】・赤
2332,Ruko Legs SP White,魯科腿甲【ＳＰ】・白
2333,Ruko Legs SP Blue,魯科腿甲【ＳＰ】・青
2334,Ruko Legs SP Red,魯科腿甲【ＳＰ】・赤
2335,Comrade Boots SP White Red,戰友靴【ＳＰ】・白・赤
2336,Comrade Boots SP White Blue,戰友靴【ＳＰ】・白・青
2337,Comrade Boots SP White Yellow,戰友靴【ＳＰ】・白・黄
2338,Rubellite Greaves,爾烏布艾勒勒伊特護腿
2339,Rubellite F Greaves,爾烏布艾勒勒伊特護腿【Ｆ】
2340,Rubellite FX Greaves,爾烏布艾勒勒伊特護腿【ＦＸ】
2341,ラズライト Greaves,拉茲拉伊托護腿
2342,ラズライトF Greaves,拉茲拉伊托護腿【Ｆ】
2343,ラズライトFX Greaves,拉茲拉伊托護腿【ＦＸ】
2344,Zircon Greaves,証明球護腿
2345,Zircon F Greaves,証明球護腿【Ｆ】
2346,Zircon FX Greaves,証明球護腿【ＦＸ】
2347,Spinel Greaves,斯普伊恩艾勒護腿
2348,Spinel F Greaves,斯普伊恩艾勒護腿【Ｆ】
2349,Spinel FX Greaves,斯普伊恩艾勒護腿【ＦＸ】
2350,Pyrope Greaves,普伊爾歐普艾護腿
2351,Pyrope F Greaves,普伊爾歐普艾護腿【Ｆ】
2352,Pyrope FX Greaves,普伊爾歐普艾護腿【ＦＸ】
2353,アイオラ Greaves,阿伊歐拉護腿
2354,アイオラF Greaves,阿伊歐拉護腿【Ｆ】
2355,アイオラFX Greaves,阿伊歐拉護腿【ＦＸ】
2356,Jade Greaves,翠護腿
2357,Jade F Greaves,翠護腿【Ｆ】
2358,Jade FX Greaves,翠護腿【ＦＸ】
2359,Agate Greaves,阿加特護腿
2360,Agate F Greaves,阿加特護腿【Ｆ】
2361,Agate FX Greaves,阿加特護腿【ＦＸ】
2362,Citrine Leggings,黄晶ＦＸ腕甲裹腿
2363,Citrine F Leggings,黄晶ＦＸ腕甲裹腿【Ｆ】
2364,Citrine FX Leggings,黄晶ＦＸ腕甲裹腿【ＦＸ】
2365,Peridot Leggings,普艾爾伊德歐特腕甲裹腿
2366,Peridot F Leggings,普艾爾伊德歐特腕甲裹腿【Ｆ】
2367,Peridot FX Leggings,普艾爾伊德歐特腕甲裹腿【ＦＸ】
2368,Turquoise Leggings,特烏爾奎烏歐伊斯腕甲裹腿
2369,Turquoise F Leggings,特烏爾奎烏歐伊斯腕甲裹腿【Ｆ】
2370,Turquoise FX Leggings,特烏爾奎烏歐伊斯腕甲裹腿【ＦＸ】
2371,Valued Word Hakama,夫阿魯艾德沃
2372,Valued Word Hakama・魁,魁
2373,Valued Word Hakama・Smart,夫阿魯艾德沃
2374,Valued Word Hakama・Flower,夫阿魯艾德沃
2375,式部ノ Hakama,式部
2376,式部ノ Hakama・魁,式部魁
2377,式部ノ Hakama・Smart,式部
2378,式部ノ Hakama・Flower,式部
2379,Aruru Feet,阿魯魯夫伊特
2380,Aruru F Feet,阿魯魯夫伊特【Ｆ】
2381,Aruru FY Feet,阿魯魯夫伊夫
2382,Aruru HC Feet,阿魯魯夫伊特【ＨＣ】
2383,Aruru Leggings,恩流浪裹腿
2384,Aruru F Leggings,恩流浪裹腿【Ｆ】
2385,Aruru FY Leggings,阿魯魯夫伊裹腿
2386,Aruru HC Leggings,恩流浪裹腿【ＨＣ】
2387,Oorowa Greaves,鍵盤歌護腿
2388,Oorowa F Greaves,鍵盤歌護腿【Ｆ】
2389,Oorowa FY Greaves,鍵盤歌腕護腿
2390,Oorowa HC Greaves,鍵盤歌護腿【ＨＣ】
2391,Oorowa Leggings,鍵盤歌裹腿
2392,Oorowa F Leggings,鍵盤歌裹腿【Ｆ】
2393,Oorowa FY Leggings,鍵盤歌腕裹腿
2394,Oorowa HC Leggings,鍵盤歌裹腿【ＨＣ】
2395,Onero F Greaves,血吼牙護腿【Ｆ】
2396,Onero F Leggings,血吼牙裹腿【Ｆ】
2397,Diru FY Greaves,迪爾護腿
2398,Diru FY Leggings,迪爾裹腿
2399,Strega HC Greaves,魔女護腿【ＨＣ】
2400,Strega HC Leggings,魔女裹腿【ＨＣ】
2401,Zaakaa HC Greaves,布爾霧護腿【ＨＣ】
2402,Chaser HC Leggings,克哈阿斯艾爾腕甲裹腿【ＨＣ】
2403,Demon Lord ノ足枷・Extreme,足枷
2404,Demon Lord ノ足枷・Heaven,足枷
2405,童子ノ足枷・Extreme,童子足枷
2406,童子ノ足枷・Heaven,童子足枷
2407,アナキF Greaves,阿納基護腿【Ｆ】
2408,アナキFY Greaves,阿納基護腿
2409,アナキHC Greaves,阿納基護腿【ＨＣ】
2410,アナキF Boots,阿納基靴【Ｆ】
2411,アナキFY Boots,阿納基靴
2412,アナキHC Boots,阿納基靴【ＨＣ】
2413,Royal FY Greaves,羅亞爾夫伊護腿
2414,Royal HC Greaves,皇家護腿【ＨＣ】
2415,Lord FY Leggings,領主裹腿
2416,Lord HC Leggings,領主裹腿【ＨＣ】
2417,フレイ Boots,線圈靴
2418,クロノス Boots,庫羅諾蘇靴
2419,フレイ Leggings,線圈裹腿
2420,クロノス Leggings,庫羅諾蘇裹腿
2421,Himeros HC Greaves,螺鈿終護腿【ＨＣ】
2422,Bureshisu HC Greaves,布雷修伊蘇護腿【ＨＣ】
2423,Charien HC Leggings,恩流浪腕甲裹腿【ＨＣ】
2424,Buran FY Greaves,布烏爾阿恩腕護腿
2425,Buran HC Greaves,布烏爾阿恩腕護腿【ＨＣ】
2426,Gypceros LX Greaves,毒怪鳥護腿
2427,Ceanataur LX Greaves,鎌蟹護腿
2428,Tigrex LX Greaves,轟龍護腿
2429,Monoblos LX Leggings,一角龍裹腿
2430,Gypceros RX Greaves,毒怪鳥護腿
2431,Ceanataur RX Greaves,鎌蟹護腿
2432,Espinas RX Heel,棘龍
2433,Monodevil RX Leggings,單眼惡魔裹腿
2434,Cayssis Feet Water,克阿伊斯西斯
2435,Cayssis F Feet Water,克阿伊斯西斯【Ｆ】
2436,Cayssis FZ Feet Water,克阿伊斯西斯【ＦＺ】
2437,Cayssis Leggings Water,克阿伊斯西斯瓦特裹腿
2438,Cayssis F Leggings Water,克阿伊斯西斯瓦特裹腿【Ｆ】
2439,Cayssis FZ Leggings Water,克阿伊斯西斯瓦特裹腿【ＦＺ】
2440,Cayssis Feet Red,克阿伊斯西斯・赤
2441,Cayssis F Feet Red,克阿伊斯西斯【Ｆ】・赤
2442,Cayssis FZ Feet Red,克阿伊斯西斯【ＦＺ】・赤
2443,Cayssis Leggings Red,克阿伊斯西斯裹腿・赤
2444,Cayssis F Leggings Red,克阿伊斯西斯裹腿【Ｆ】・赤
2445,Cayssis FZ Leggings Red,克阿伊斯西斯裹腿【ＦＺ】・赤
2446,Cayssis Feet Blue,克阿伊斯西斯・青
2447,Cayssis F Feet Blue,克阿伊斯西斯【Ｆ】・青
2448,Cayssis FZ Feet Blue,克阿伊斯西斯【ＦＺ】・青
2449,Cayssis Leggings Blue,克阿伊斯西斯裹腿・青
2450,Cayssis F Leggings Blue,克阿伊斯西斯裹腿【Ｆ】・青
2451,Cayssis FZ Leggings Blue,克阿伊斯西斯裹腿【ＦＺ】・青
2452,Cayssis Feet Orange,克阿伊斯西斯・橙
2453,Cayssis F Feet Orange,克阿伊斯西斯【Ｆ】・橙
2454,Cayssis FZ Feet Orange,克阿伊斯西斯【ＦＺ】・橙
2455,Cayssis Leggings Orange,克阿伊斯西斯裹腿・橙
2456,Cayssis F Leggings Orange,克阿伊斯西斯裹腿【Ｆ】・橙
2457,Cayssis FZ Leggings Orange,克阿伊斯西斯裹腿【ＦＺ】・橙
2458,Rolling Sky Greaves,羅爾爾伊恩格斯克護腿
2459,Rolling Sky Greaves・魁,魁護腿
2460,Rolling Earth Greaves,羅爾爾伊恩蓋阿爾護腿
2461,Rolling Earth Greaves・魁,魁護腿
2462,Cubie Feet,克烏比艾夫伊
2463,Cubie F Feet,克烏比艾夫伊【Ｆ】
2464,Cubie FZ Feet,克烏比艾夫伊【ＦＺ】
2465,Cubie Leggings,克烏比艾裹腿
2466,Cubie F Leggings,克烏比艾裹腿【Ｆ】
2467,Cubie FZ Leggings,克烏比艾裹腿【ＦＺ】
2468,フラート Feet,
2469,フラートF Feet,
2470,ナーレー Feet,
2471,ナーレーF Feet,
2472,ヘイツ Feet,
2473,ヘイツF Feet,
2474,レーング Boots,雷恩古靴
2475,レーングF Boots,雷恩古靴【Ｆ】
2476,シャッド Feet,
2477,シャッドF Feet,
2478,フュージ Feet,
2479,フュージF Feet,
2480,タニイ Feet,
2481,タニイF Feet,
2482,ミナム Boots,米納穆靴
2483,ミナムF Boots,米納穆靴【Ｆ】
2484,Siena Greaves・Silver,西艾娜腕銀護腿・銀
2485,Siena F Greaves・Silver,西艾娜腕銀護腿【Ｆ】・銀
2486,Siena FZ Greaves・Silver,西艾娜腕銀護腿【ＦＺ】・銀
2487,Siena HC Greaves・Silver,西艾娜腕銀護腿【ＨＣ】・銀
2488,Siena Leggings・Silver,西艾娜腕銀裹腿・銀
2489,Siena F Leggings・Silver,西艾娜腕銀裹腿【Ｆ】・銀
2490,Siena FZ Leggings・Silver,西艾娜腕銀裹腿【ＦＺ】・銀
2491,Siena HC Leggings・Silver,西艾娜腕銀裹腿【ＨＣ】・銀
2492,Siena Greaves・Black,西艾娜腕銀護腿・黑
2493,Siena F Greaves・Black,西艾娜腕銀護腿【Ｆ】・黑
2494,Siena FZ Greaves・Black,西艾娜腕銀護腿【ＦＺ】・黑
2495,Siena HC Greaves・Black,西艾娜腕銀護腿【ＨＣ】・黑
2496,Siena Leggings・Black,西艾娜腕銀裹腿・黑
2497,Siena F Leggings・Black,西艾娜腕銀裹腿【Ｆ】・黑
2498,Siena FZ Leggings・Black,西艾娜腕銀裹腿【ＦＺ】・黑
2499,Siena HC Leggings・Black,西艾娜腕銀裹腿【ＨＣ】・黑
2500,Siena Greaves・Red,西艾娜腕銀護腿・赤
2501,Siena F Greaves・Red,西艾娜腕銀護腿【Ｆ】・赤
2502,Siena FZ Greaves・Red,西艾娜腕銀護腿【ＦＺ】・赤
2503,Siena HC Greaves・Red,西艾娜腕銀護腿【ＨＣ】・赤
2504,Siena Leggings・Red,西艾娜腕銀裹腿・赤
2505,Siena F Leggings・Red,西艾娜腕銀裹腿【Ｆ】・赤
2506,Siena FZ Leggings・Red,西艾娜腕銀裹腿【ＦＺ】・赤
2507,Siena HC Leggings・Red,西艾娜腕銀裹腿【ＨＣ】・赤
2508,Siena Greaves・Blue,西艾娜腕銀護腿・青
2509,Siena F Greaves・Blue,西艾娜腕銀護腿【Ｆ】・青
2510,Siena FZ Greaves・Blue,西艾娜腕銀護腿【ＦＺ】・青
2511,Siena HC Greaves・Blue,西艾娜腕銀護腿【ＨＣ】・青
2512,Siena Leggings・Blue,西艾娜腕銀裹腿・青
2513,Siena F Leggings・Blue,西艾娜腕銀裹腿【Ｆ】・青
2514,Siena FZ Leggings・Blue,西艾娜腕銀裹腿【ＦＺ】・青
2515,Siena HC Leggings・Blue,西艾娜腕銀裹腿【ＨＣ】・青
2516,Gauss Greaves,格阿烏斯斯ＦＺ腕護腿
2517,Gauss F Greaves,格阿烏斯斯ＦＺ腕護腿【Ｆ】
2518,Weber Greaves,瓦艾布艾爾ＦＺ腕護腿
2519,Weber F Greaves,瓦艾布艾爾ＦＺ腕護腿【Ｆ】
2520,Gilbert Greaves,格伊勒布艾爾特ＦＺ腕護腿
2521,Gilbert F Greaves,格伊勒布艾爾特ＦＺ腕護腿【Ｆ】
2522,Gauss Leggings,格阿烏斯斯ＦＺ腕裹腿
2523,Gauss F Leggings,格阿烏斯斯ＦＺ腕裹腿【Ｆ】
2524,Weber Leggings,瓦艾布艾爾ＦＺ腕裹腿
2525,Weber F Leggings,瓦艾布艾爾ＦＺ腕裹腿【Ｆ】
2526,Gilbert Leggings,格伊勒布艾爾特ＦＺ腕裹腿
2527,Gilbert F Leggings,格伊勒布艾爾特ＦＺ腕裹腿【Ｆ】
2528,Regyukusu F Feet,雷格尤庫蘇夫【Ｆ】
2529,Regyukusu F Boots,雷丘庫蘇靴【Ｆ】
2530,Garuda FZ Leg,加魯達腿【ＦＺ】
2531,Garuda FZ Boots,加魯達靴【ＦＺ】
2532,Feral FZ Leg,夫艾拉爾腿【ＦＺ】
2533,Feral FZ Boots,夫艾拉爾靴【ＦＺ】
2534,Pandeum FZ Leg,拍恩德烏姆腿【ＦＺ】
2535,Pandeum FZ Boots,拍恩德烏姆靴【ＦＺ】
2536,Dian FZ Leg,迪阿恩腿【ＦＺ】
2537,Dian FZ Boots,迪阿恩靴【ＦＺ】
2538,Wild FZ Leg,烏伊爾德腿【ＦＺ】
2539,Wild FZ Boots,烏伊爾德靴【ＦＺ】
2540,Flower FZ Leg,夫爾歐烏艾爾腿【ＦＺ】
2541,Flower FZ Boots,夫爾歐烏艾爾靴【ＦＺ】
2542,Fias FZ Leg,夫伊阿斯腿【ＦＺ】
2543,Fias FZ Boots,夫伊阿斯靴【ＦＺ】
2544,Viruto FZ Leg,夫伊魯托腿【ＦＺ】
2545,Viruto FZ Boots,夫伊魯托靴【ＦＺ】
2546,Tune FZ Leg,圖涅腿【ＦＺ】
2547,Schnite FZ Boots,斯克赫尼特靴【ＦＺ】
2548,Dicto FZ Leg,迪克托腿【ＦＺ】
2549,Diletto FZ Boots,迪爾艾特托靴【ＦＺ】
2550,Kruss FZ Leg,克魯斯斯腿【ＦＺ】
2551,Quote FZ Boots,克烏歐特靴【ＦＺ】
2552,Starina FZ Leg,斯塔里納腿【ＦＺ】
2553,Starina FZ Boots,斯塔里納靴【ＦＺ】
2554,Loose FZ Leg,爾歐歐塞腿【ＦＺ】
2555,Loose FZ Boots,爾歐歐塞靴【ＦＺ】
2556,Mirado FZ Leg,米拉多腿【ＦＺ】
2557,Mirado FZ Boots,米拉多靴【ＦＺ】
2558,Deyuru FZ Greaves,迪優魯護腿【ＦＺ】
2559,Deyuru FZ Leggings,迪優魯裹腿【ＦＺ】
2560,Robust FZペイル,
2561,Robust FZ Legs,羅布斯特腿甲【ＦＺ】
2562,Falco FZ Greaves,服拉比腕護腿【ＦＺ】
2563,Falco FZ Leggings,服拉比腕裹腿【ＦＺ】
2564,Howx FZ Greaves,迪拉瓦腕護腿【ＦＺ】
2565,Howx FZ Leggings,迪拉瓦腕裹腿【ＦＺ】
2566,Pirata FZ Greaves,吉阿爾腕護腿【ＦＺ】
2567,Pirata FZ Leggings,吉阿爾腕裹腿【ＦＺ】
2568,Zeroi FZ Greaves,紋章觸腕護腿【ＦＺ】
2569,Zeroi FZ Leggings,紋章觸腕裹腿【ＦＺ】
2570,Rail FZ Greaves,毛毒怪護腿【ＦＺ】
2571,Rail FZ Leggings,毛毒怪裹腿【ＦＺ】
2572,Ridere FZ Greaves,紫黑鍵護腿【ＦＺ】
2573,Ridere FZ Leggings,紫黑鍵裹腿【ＦＺ】
2574,Riot FZ Greaves,紫黑鍵腕護腿【ＦＺ】
2575,Riot FZ Leggings,紫黑鍵腕裹腿【ＦＺ】
2576,Rutare FZ Greaves,阿爾布腕護腿【ＦＺ】
2577,Rutare FZ Leggings,阿爾布腕裹腿【ＦＺ】
2578,Rolling Flow Greaves・Elegant,羅爾爾伊恩格夫爾護腿
2579,旋転の Greaves・Elegant,旋転の護腿
2580,Rolling Sky Greaves・Elegant,羅爾爾伊恩格斯克護腿
2581,Rolling Earth Greaves・Elegant,羅爾爾伊恩蓋阿爾護腿
2582,Odiva Greaves,歐迪瓦護腿
2583,Odiva F Greaves,歐迪瓦護腿【Ｆ】
2584,Odiva FX Greaves,歐迪瓦護腿【ＦＸ】
2585,Odiva Leggings,歐迪瓦裹腿
2586,Odiva F Leggings,歐迪瓦裹腿【Ｆ】
2587,Odiva FX Leggings,歐迪瓦裹腿【ＦＸ】
2588,武者【具足】,具足武者
2589,日光【具足】,具足日光
2590,Blitz Fレガース,
2591,Blitz F Boots,布爾伊特茲靴【Ｆ】
2592,Flame F Greaves,焔護腿【Ｆ】
2593,Flame F Leggings,焔裹腿【Ｆ】
2594,Wind Fペイル,
2595,Wind Fハディ,
2596,武者F【具足】,具足武者
2597,日光F【具足】,具足日光
2598,Wadatsumi F【具足】,具足【Ｆ】
2599,Okami F【具足】,具足【Ｆ】
2600,チャチャブピエーデ,
2601,チャチャブク Loose,
2602,チャチャブタロン,
2603,チャチャブバイン,
2604,トリート Greaves,托里托護腿
2605,トリートF Greaves,托里托護腿【Ｆ】
2606,トリートFY Greaves,托里托護腿
2607,トリートHC Greaves,托里托護腿【ＨＣ】
2608,トリート Boots,托里托靴
2609,トリートF Boots,托里托靴【Ｆ】
2610,トリートFY Boots,托里托靴
2611,トリートHC Boots,托里托靴【ＨＣ】
2612,Tangusu Greaves,阿爾布護腿
2613,Tangusu F Greaves,阿爾布護腿【Ｆ】
2614,Tangusu FY Greaves,塔恩古蘇夫伊護腿
2615,Tangusu HC Greaves,阿爾布護腿【ＨＣ】
2616,Kobaruta Leggings,科巴魯塔裹腿
2617,Kobaruta F Leggings,科巴魯塔裹腿【Ｆ】
2618,Kobaruta FY Leggings,科巴魯塔腕甲裹腿
2619,Kobaruta HC Leggings,科巴魯塔裹腿【ＨＣ】
2620,Dogumea Greaves,多古梅阿護腿
2621,Dogumea F Greaves,多古梅阿護腿【Ｆ】
2622,Dogumea FY Greaves,多古梅阿護腿
2623,Dogumea HC Greaves,多古梅阿護腿【ＨＣ】
2624,Dogumea Leggings,多古梅阿裹腿
2625,Dogumea F Leggings,多古梅阿裹腿【Ｆ】
2626,Dogumea FY Leggings,多古梅阿裹腿
2627,Dogumea HC Leggings,多古梅阿裹腿【ＨＣ】
2628,Madaru Greaves,証明球護腿
2629,Madaru F Greaves,証明球護腿【Ｆ】
2630,Madaru FY Greaves,証明球腕護腿
2631,Madaru HC Greaves,証明球護腿【ＨＣ】
2632,Madaru Leggings,証明球裹腿
2633,Madaru F Leggings,証明球裹腿【Ｆ】
2634,Madaru FY Leggings,証明球腕裹腿
2635,Madaru HC Leggings,証明球裹腿【ＨＣ】
2636,Diru HC Greaves,迪爾護腿【ＨＣ】
2637,Diru HC Leggings,迪爾裹腿【ＨＣ】
2638,Vinen FY Greaves,夫伊涅恩夫伊護腿
2639,Vinen HC Greaves,夫伊涅恩護腿【ＨＣ】
2640,Vinen FY Boots,夫伊涅恩夫伊靴
2641,Vinen HC Boots,夫伊涅恩靴【ＨＣ】
2642,Breo FY Greaves,布雷歐護腿
2643,Breo HC Greaves,布雷歐護腿【ＨＣ】
2644,Kakabu F Feet,可可布夫伊特【Ｆ】
2645,Kakabu FY Feet,可可布夫伊夫
2646,Kakabu HC Feet,可可布夫伊特【ＨＣ】
2647,Kakabu F Leggings,尾虎皮裹腿【Ｆ】
2648,Kakabu FY Leggings,可可布夫伊裹腿
2649,Kakabu HC Leggings,尾虎皮裹腿【ＨＣ】
2650,Gospel FY Greaves,福音護腿
2651,Gospel HC Greaves,福音護腿【ＨＣ】
2652,Gospel FY Leggings,福音裹腿
2653,Gospel HC Leggings,福音裹腿【ＨＣ】
2654,Zodic Feet・Blue,佐迪克夫伊特・青
2655,Zodic F Feet・Blue,佐迪克夫伊特【Ｆ】・青
2656,Zodic FZ Feet・Blue,佐迪克夫伊特【ＦＺ】・青
2657,Zodic Boots・Blue,佐迪克靴・青
2658,Zodic F Boots・Blue,佐迪克靴【Ｆ】・青
2659,Zodic FZ Boots・Blue,佐迪克靴【ＦＺ】・青
2660,Zodic Feet・Tea,佐迪克夫伊特・茶
2661,Zodic F Feet・Tea,佐迪克夫伊特【Ｆ】・茶
2662,Zodic FZ Feet・Tea,佐迪克夫伊特【ＦＺ】・茶
2663,Zodic Boots・Tea,佐迪克靴・茶
2664,Zodic F Boots・Tea,佐迪克靴【Ｆ】・茶
2665,Zodic FZ Boots・Tea,佐迪克靴【ＦＺ】・茶
2666,Zodic Feet・Green,佐迪克夫伊特・緑
2667,Zodic F Feet・Green,佐迪克夫伊特【Ｆ】・緑
2668,Zodic FZ Feet・Green,佐迪克夫伊特【ＦＺ】・緑
2669,Zodic Boots・Green,佐迪克靴・緑
2670,Zodic F Boots・Green,佐迪克靴【Ｆ】・緑
2671,Zodic FZ Boots・Green,佐迪克靴【ＦＺ】・緑
2672,Zodic Feet・Pink,佐迪克夫伊特・桃
2673,Zodic F Feet・Pink,佐迪克夫伊特【Ｆ】・桃
2674,Zodic FZ Feet・Pink,佐迪克夫伊特【ＦＺ】・桃
2675,Zodic Boots・Pink,佐迪克靴・桃
2676,Zodic F Boots・Pink,佐迪克靴【Ｆ】・桃
2677,Zodic FZ Boots・Pink,佐迪克靴【ＦＺ】・桃
2678,Rast Feet・Black,拉斯特夫伊特・黑
2679,Rast F Feet・Black,拉斯特夫伊特【Ｆ】・黑
2680,Rast FZ Feet・Black,拉斯特夫伊特【ＦＺ】・黑
2681,Rast HC Feet・Black,拉斯特夫伊特【ＨＣ】・黑
2682,Rast Boots・Black,拉斯特靴・黑
2683,Rast F Boots・Black,拉斯特靴【Ｆ】・黑
2684,Rast FZ Boots・Black,拉斯特靴【ＦＺ】・黑
2685,Rast HC Boots・Black,拉斯特靴【ＨＣ】・黑
2686,Rast Feet・Blue,拉斯特夫伊特・青
2687,Rast F Feet・Blue,拉斯特夫伊特【Ｆ】・青
2688,Rast FZ Feet・Blue,拉斯特夫伊特【ＦＺ】・青
2689,Rast HC Feet・Blue,拉斯特夫伊特【ＨＣ】・青
2690,Rast Boots・Blue,拉斯特靴・青
2691,Rast F Boots・Blue,拉斯特靴【Ｆ】・青
2692,Rast FZ Boots・Blue,拉斯特靴【ＦＺ】・青
2693,Rast HC Boots・Blue,拉斯特靴【ＨＣ】・青
2694,Rast Feet・Crimson,拉斯特夫伊特・紅
2695,Rast F Feet・Crimson,拉斯特夫伊特【Ｆ】・紅
2696,Rast FZ Feet・Crimson,拉斯特夫伊特【ＦＺ】・紅
2697,Rast HC Feet・Crimson,拉斯特夫伊特【ＨＣ】・紅
2698,Rast Boots・Crimson,拉斯特靴・紅
2699,Rast F Boots・Crimson,拉斯特靴【Ｆ】・紅
2700,Rast FZ Boots・Crimson,拉斯特靴【ＦＺ】・紅
2701,Rast HC Boots・Crimson,拉斯特靴【ＨＣ】・紅
2702,Rast Feet・White,拉斯特夫伊特・白
2703,Rast F Feet・White,拉斯特夫伊特【Ｆ】・白
2704,Rast FZ Feet・White,拉斯特夫伊特【ＦＺ】・白
2705,Rast HC Feet・White,拉斯特夫伊特【ＨＣ】・白
2706,Rast Boots・White,拉斯特靴・白
2707,Rast F Boots・White,拉斯特靴【Ｆ】・白
2708,Rast FZ Boots・White,拉斯特靴【ＦＺ】・白
2709,Rast HC Boots・White,拉斯特靴【ＨＣ】・白
2710,Latria Feet,拉特里阿夫伊特
2711,Latria F Feet,拉特里阿夫伊特【Ｆ】
2712,Latria FZ Feet,拉特里阿夫伊特【ＦＺ】
2713,Latria Boots,爾阿特里阿靴
2714,Latria F Boots,爾阿特里阿靴【Ｆ】
2715,Latria FZ Boots,爾阿特里阿靴【ＦＺ】
2716,Kemor Feet,凱莫爾夫伊特
2717,Kemor F Feet,凱莫爾夫伊特【Ｆ】
2718,Kemor FZ Feet,凱莫爾夫伊特【ＦＺ】
2719,Kemor Leggings,凱莫爾裹腿
2720,Kemor F Leggings,凱莫爾裹腿【Ｆ】
2721,Kemor FZ Leggings,凱莫爾裹腿【ＦＺ】
2722,ダミー,(dummy)
2723,ダミー,(dummy)
2724,剣士ランク１,剣士１
2725,剣士ランク２,剣士２
2726,剣士ランク３,剣士３
2727,剣士ランク４,剣士４
2728,剣士ランク５,剣士５
2729,剣士ランク６,剣士６
2730,剣士ランク７,剣士７
2731,ガンランク１,１
2732,ガンランク２,２
2733,ガンランク３,３
2734,ガンランク４,４
2735,ガンランク５,５
2736,ガンランク６,６
2737,ガンランク７,７
2738,デュスノF Greaves,護腿【Ｆ】
2739,デュスノF Leggings,裹腿【Ｆ】
2740,Blitz FXレガース,
2741,Blitz FX Boots,布爾伊特茲靴【ＦＸ】
2742,Flame FX Greaves,焔護腿【ＦＸ】
2743,Flame FX Leggings,焔裹腿【ＦＸ】
2744,Wind FXペイル,
2745,Wind FXハディ,
2746,武者FX【具足】,具足武者
2747,日光FX【具足】,具足日光
2748,Wadatsumi FX【具足】,具足【ＦＸ】
2749,Okami FX【具足】,具足【ＦＸ】
2750,Raviente HC Greaves,大巖龍護腿【ＨＣ】
2751,Raviente HC Leggings,大巖龍裹腿【ＨＣ】
2752,Espinas HC Heel,棘龍【ＨＣ】
2753,Espinas HC March,棘龍【ＨＣ】
2754,Vashimu HC Greaves,尾晶蠍護腿【ＨＣ】
2755,Vashimu HC Leggings,尾晶蠍裹腿【ＨＣ】
2756,Vashimu HC Greaves Yellow,尾晶蠍護腿【ＨＣ】・黄
2757,Vashimu HC Leggings Yellow,尾晶蠍裹腿【ＨＣ】・黄
2758,Vashimu HC Greaves Green,尾晶蠍護腿【ＨＣ】・緑
2759,Vashimu HC Leggings Green,尾晶蠍裹腿【ＨＣ】・緑
2760,Vashimu HC Greaves Crimson,尾晶蠍護腿【ＨＣ】・紅
2761,Vashimu HC Leggings Crimson,尾晶蠍裹腿【ＨＣ】・紅
2762,Inari HC【具足】,具足【ＨＣ】
2763,Tamamo HC【具足】,具足【ＨＣ】
2764,Beru HC Greaves,舞雷龍護腿【ＨＣ】
2765,Beru HC Leggings,舞雷龍裹腿【ＨＣ】
2766,Pariapuria HC Greaves,呑龍護腿【ＨＣ】
2767,Pariapuria HC Leggings,呑龍裹腿【ＨＣ】
2768,Guren HC Greaves,紅蓮護腿【ＨＣ】
2769,Guren HC Leggings,紅蓮裹腿【ＨＣ】
2770,Kagura HC【 Hakama 】,哈可馬可古拉【ＨＣ】
2771,Kamiza HC【 Hakama 】,哈可馬可米扎【ＨＣ】
2772,Gogomoa HC Greaves,跳緋獸護腿【ＨＣ】
2773,Gogomoa HC Leggings,跳緋獸裹腿【ＨＣ】
2774,Ruko HC Feet,魯科夫伊特【ＨＣ】
2775,Ruko HC Legs,魯科腿甲【ＨＣ】
2776,Zamuza HC Greaves,多殼蟹護腿【ＨＣ】
2777,Zamuza HC Leggings,多殼蟹裹腿【ＨＣ】
2778,Abiorugu HC Greaves,獰龍護腿【ＨＣ】
2779,Abiorugu HC Leggings,獰龍裹腿【ＨＣ】
2780,Kuaru HC Greaves,晶龍護腿【ＨＣ】
2781,Kuaru HC Leggings,晶龍裹腿【ＨＣ】
2782,Text HC Feet・Purple,特克斯特夫伊特【ＨＣ】・紫
2783,Text HC Boots・Purple,特克斯特靴【ＨＣ】・紫
2784,Text HC Feet・Green,特克斯特夫伊特【ＨＣ】・緑
2785,Text HC Boots・Green,特克斯特靴【ＨＣ】・緑
2786,Text HC Feet・Blue,特克斯特夫伊特【ＨＣ】・青
2787,Text HC Boots・Blue,特克斯特靴【ＨＣ】・青
2788,Text HC Feet・Black,特克斯特夫伊特【ＨＣ】・黑
2789,Text HC Boots・Black,特克斯特靴【ＨＣ】・黑
2790,Suriito HC Feet・Yellow,蘇里伊托夫伊【ＨＣ】・黄
2791,Suriito HC Boots・Yellow,蘇里伊托靴【ＨＣ】・黄
2792,Suriito HC Feet・Silver,蘇里伊托夫伊【ＨＣ】・銀
2793,Suriito HC Boots・Silver,蘇里伊托靴【ＨＣ】・銀
2794,Suriito HC Feet・Red,蘇里伊托夫伊【ＨＣ】・赤
2795,Suriito HC Boots・Red,蘇里伊托靴【ＨＣ】・赤
2796,Suriito HC Feet・Blue,蘇里伊托夫伊【ＨＣ】・青
2797,Suriito HC Boots・Blue,蘇里伊托靴【ＨＣ】・青
2798,Steno HC Greaves・Orange,斯特諾護腿【ＨＣ】・橙
2799,Steno HC Leggings・Orange,斯特諾裹腿【ＨＣ】・橙
2800,Steno HC Greaves・Peach,斯特諾護腿【ＨＣ】・桃
2801,Steno HC Leggings・Peach,斯特諾裹腿【ＨＣ】・桃
2802,Steno HC Greaves・Blue,斯特諾護腿【ＨＣ】・青
2803,Steno HC Leggings・Blue,斯特諾裹腿【ＨＣ】・青
2804,Steno HC Greaves・Red,斯特諾護腿【ＨＣ】・赤
2805,Steno HC Leggings・Red,斯特諾裹腿【ＨＣ】・赤
2806,Rage FZ Feet,拉蓋夫伊特【ＦＺ】
2807,Rage HC Feet,拉蓋夫伊特【ＨＣ】
2808,Rage FZ Boots,憤怒靴【ＦＺ】
2809,Rage HC Boots,憤怒靴【ＨＣ】
2810,Rampage FZ Feet,拉姆拍蓋夫伊【ＦＺ】
2811,Rampage HC Feet,拉姆拍蓋夫伊【ＨＣ】
2812,Rampage FZ Boots,拉姆拍蓋靴【ＦＺ】
2813,Rampage HC Boots,拉姆拍蓋靴【ＨＣ】
2814,Blaze FZ Feet,布拉澤夫伊特【ＦＺ】
2815,Blaze HC Feet,布拉澤夫伊特【ＨＣ】
2816,Blaze FZ Boots,布爾阿澤靴【ＦＺ】
2817,Blaze HC Boots,布爾阿澤靴【ＨＣ】
2818,Arge HC Feet,阿爾蓋夫伊特【ＨＣ】
2819,Arge HC Boots,阿爾蓋靴【ＨＣ】
2820,Camarera HC Feet,克阿馬雷拉夫【ＨＣ】
2821,Camarera HC Boots,克阿馬雷拉靴【ＨＣ】
2822,Metenera HC Feet,梅特涅拉夫伊【ＨＣ】
2823,Metenera HC Boots,梅特涅拉靴【ＨＣ】
2824,Pharan FZ Feet・White,夫阿拉恩夫伊【ＦＺ】・白
2825,Pharan HC Feet・White,夫阿拉恩夫伊【ＨＣ】・白
2826,Pharan FZ Boots・White,普哈拉恩靴【ＦＺ】・白
2827,Pharan HC Boots・White,普哈拉恩靴【ＨＣ】・白
2828,Pharan FZ Feet・Black,夫阿拉恩夫伊【ＦＺ】・黑
2829,Pharan HC Feet・Black,夫阿拉恩夫伊【ＨＣ】・黑
2830,Pharan FZ Boots・Black,普哈拉恩靴【ＦＺ】・黑
2831,Pharan HC Boots・Black,普哈拉恩靴【ＨＣ】・黑
2832,Pharan FZ Feet・Red,夫阿拉恩夫伊【ＦＺ】・赤
2833,Pharan HC Feet・Red,夫阿拉恩夫伊【ＨＣ】・赤
2834,Pharan FZ Boots・Red,普哈拉恩靴【ＦＺ】・赤
2835,Pharan HC Boots・Red,普哈拉恩靴【ＨＣ】・赤
2836,Pharan FZ Feet・Blue,夫阿拉恩夫伊【ＦＺ】・青
2837,Pharan HC Feet・Blue,夫阿拉恩夫伊【ＨＣ】・青
2838,Pharan FZ Boots・Blue,普哈拉恩靴【ＦＺ】・青
2839,Pharan HC Boots・Blue,普哈拉恩靴【ＨＣ】・青
2840,Zodic HC Feet・Blue,佐迪克夫伊特【ＨＣ】・青
2841,Zodic HC Boots・Blue,佐迪克靴【ＨＣ】・青
2842,Zodic HC Feet・Tea,佐迪克夫伊特【ＨＣ】・茶
2843,Zodic HC Boots・Tea,佐迪克靴【ＨＣ】・茶
2844,Zodic HC Feet・Green,佐迪克夫伊特【ＨＣ】・緑
2845,Zodic HC Boots・Green,佐迪克靴【ＨＣ】・緑
2846,Zodic HC Feet・Pink,佐迪克夫伊特【ＨＣ】・桃
2847,Zodic HC Boots・Pink,佐迪克靴【ＨＣ】・桃
2848,Raviente HS Greaves,大巖龍護腿【ＨＳ】
2849,Raviente HS Leggings,大巖龍裹腿【ＨＳ】
2850,Espinas HS Heel,棘龍【ＨＳ】
2851,Espinas HS March,棘龍【ＨＳ】
2852,Vashimu HS Greaves,尾晶蠍護腿【ＨＳ】
2853,Vashimu HS Leggings,尾晶蠍裹腿【ＨＳ】
2854,Vashimu HS Greaves Yellow,尾晶蠍護腿【ＨＳ】・黄
2855,Vashimu HS Leggings Yellow,尾晶蠍裹腿【ＨＳ】・黄
2856,Vashimu HS Greaves Green,尾晶蠍護腿【ＨＳ】・緑
2857,Vashimu HS Leggings Green,尾晶蠍裹腿【ＨＳ】・緑
2858,Vashimu HS Greaves Crimson,尾晶蠍護腿【ＨＳ】・紅
2859,Vashimu HS Leggings Crimson,尾晶蠍裹腿【ＨＳ】・紅
2860,Inari HS【具足】,具足【ＨＳ】
2861,Tamamo HS【具足】,具足【ＨＳ】
2862,Beru HS Greaves,舞雷龍護腿【ＨＳ】
2863,Beru HS Leggings,舞雷龍裹腿【ＨＳ】
2864,Pariapuria HS Greaves,呑龍護腿【ＨＳ】
2865,Pariapuria HS Leggings,呑龍裹腿【ＨＳ】
2866,Guren HS Greaves,紅蓮護腿【ＨＳ】
2867,Guren HS Leggings,紅蓮裹腿【ＨＳ】
2868,Kagura HS【 Hakama 】,哈可馬可古拉【ＨＳ】
2869,Kamiza HS【 Hakama 】,哈可馬可米扎【ＨＳ】
2870,Gogomoa HS Greaves,跳緋獸護腿【ＨＳ】
2871,Gogomoa HS Leggings,跳緋獸裹腿【ＨＳ】
2872,Ruko HS Feet,魯科夫伊特【ＨＳ】
2873,Ruko HS Legs,魯科腿甲【ＨＳ】
2874,Zamuza HS Greaves,多殼蟹護腿【ＨＳ】
2875,Zamuza HS Leggings,多殼蟹裹腿【ＨＳ】
2876,Abiorugu HS Greaves,獰龍護腿【ＨＳ】
2877,Abiorugu HS Leggings,獰龍裹腿【ＨＳ】
2878,Kuaru HS Greaves,晶龍護腿【ＨＳ】
2879,Kuaru HS Leggings,晶龍裹腿【ＨＳ】
2880,Lils F Greaves,觸媒研腕護腿【Ｆ】
2881,Lils F Leggings,觸媒研腕裹腿【Ｆ】
2882,Lils FX Greaves,觸媒研腕護腿【ＦＸ】
2883,Lils FX Leggings,觸媒研腕裹腿【ＦＸ】
2884,Zodic HS Feet・Blue,佐迪克夫伊特【ＨＳ】・青
2885,Zodic HS Boots・Blue,佐迪克靴【ＨＳ】・青
2886,Zodic HS Feet・Tea,佐迪克夫伊特【ＨＳ】・茶
2887,Zodic HS Boots・Tea,佐迪克靴【ＨＳ】・茶
2888,Zodic HS Feet・Green,佐迪克夫伊特【ＨＳ】・緑
2889,Zodic HS Boots・Green,佐迪克靴【ＨＳ】・緑
2890,Zodic HS Feet・Pink,佐迪克夫伊特【ＨＳ】・桃
2891,Zodic HS Boots・Pink,佐迪克靴【ＨＳ】・桃
2892,Rast HS Feet・Black,拉斯特夫伊特【ＨＳ】・黑
2893,Rast HS Boots・Black,拉斯特靴【ＨＳ】・黑
2894,Rast HS Feet・Blue,拉斯特夫伊特【ＨＳ】・青
2895,Rast HS Boots・Blue,拉斯特靴【ＨＳ】・青
2896,Rast HS Feet・Crimson,拉斯特夫伊特【ＨＳ】・紅
2897,Rast HS Boots・Crimson,拉斯特靴【ＨＳ】・紅
2898,Rast HS Feet・White,拉斯特夫伊特【ＨＳ】・白
2899,Rast HS Boots・White,拉斯特靴【ＨＳ】・白
2900,Cloth Feet・Red,克洛斯夫伊特・赤
2901,Cloth F Feet・Red,克洛斯夫伊特【Ｆ】・赤
2902,Cloth FZ Feet・Red,克洛斯夫伊特【ＦＺ】・赤
2903,Cloth HC Feet・Red,克洛斯夫伊特【ＨＣ】・赤
2904,Cloth HS Feet・Red,克洛斯夫伊特【ＨＳ】・赤
2905,Cloth Boots・Red,克爾歐特赫靴・赤
2906,Cloth F Boots・Red,克爾歐特赫靴【Ｆ】・赤
2907,Cloth FZ Boots・Red,克爾歐特赫靴【ＦＺ】・赤
2908,Cloth HC Boots・Red,克爾歐特赫靴【ＨＣ】・赤
2909,Cloth HS Boots・Red,克爾歐特赫靴【ＨＳ】・赤
2910,Cloth Feet・Blue,克洛斯夫伊特・青
2911,Cloth F Feet・Blue,克洛斯夫伊特【Ｆ】・青
2912,Cloth FZ Feet・Blue,克洛斯夫伊特【ＦＺ】・青
2913,Cloth HC Feet・Blue,克洛斯夫伊特【ＨＣ】・青
2914,Cloth HS Feet・Blue,克洛斯夫伊特【ＨＳ】・青
2915,Cloth Boots・Blue,克爾歐特赫靴・青
2916,Cloth F Boots・Blue,克爾歐特赫靴【Ｆ】・青
2917,Cloth FZ Boots・Blue,克爾歐特赫靴【ＦＺ】・青
2918,Cloth HC Boots・Blue,克爾歐特赫靴【ＨＣ】・青
2919,Cloth HS Boots・Blue,克爾歐特赫靴【ＨＳ】・青
2920,Cloth Feet・Purple,克洛斯夫伊特・紫
2921,Cloth F Feet・Purple,克洛斯夫伊特【Ｆ】・紫
2922,Cloth FZ Feet・Purple,克洛斯夫伊特【ＦＺ】・紫
2923,Cloth HC Feet・Purple,克洛斯夫伊特【ＨＣ】・紫
2924,Cloth HS Feet・Purple,克洛斯夫伊特【ＨＳ】・紫
2925,Cloth Boots・Purple,克爾歐特赫靴・紫
2926,Cloth F Boots・Purple,克爾歐特赫靴【Ｆ】・紫
2927,Cloth FZ Boots・Purple,克爾歐特赫靴【ＦＺ】・紫
2928,Cloth HC Boots・Purple,克爾歐特赫靴【ＨＣ】・紫
2929,Cloth HS Boots・Purple,克爾歐特赫靴【ＨＳ】・紫
2930,Cloth Feet・Green,克洛斯夫伊特・緑
2931,Cloth F Feet・Green,克洛斯夫伊特【Ｆ】・緑
2932,Cloth FZ Feet・Green,克洛斯夫伊特【ＦＺ】・緑
2933,Cloth HC Feet・Green,克洛斯夫伊特【ＨＣ】・緑
2934,Cloth HS Feet・Green,克洛斯夫伊特【ＨＳ】・緑
2935,Cloth Boots・Green,克爾歐特赫靴・緑
2936,Cloth F Boots・Green,克爾歐特赫靴【Ｆ】・緑
2937,Cloth FZ Boots・Green,克爾歐特赫靴【ＦＺ】・緑
2938,Cloth HC Boots・Green,克爾歐特赫靴【ＨＣ】・緑
2939,Cloth HS Boots・Green,克爾歐特赫靴【ＨＳ】・緑
2940,Issen 【具足】・Red,具足・赤
2941,Issen F【具足】・Red,具足【Ｆ】・赤
2942,Issen FZ【具足】・Red,具足【ＦＺ】・赤
2943,Issen HC【具足】・Red,具足【ＨＣ】・赤
2944,Issen HS【具足】・Red,具足【ＨＳ】・赤
2945,構射【具足】・Red,具足構射・赤
2946,構射F【具足】・Red,具足構射・赤
2947,構射FZ【具足】・Red,具足構射・赤
2948,構射HC【具足】・Red,具足構射・赤
2949,構射HS【具足】・Red,具足構射・赤
2950,Issen 【具足】・Blue,具足・青
2951,Issen F【具足】・Blue,具足【Ｆ】・青
2952,Issen FZ【具足】・Blue,具足【ＦＺ】・青
2953,Issen HC【具足】・Blue,具足【ＨＣ】・青
2954,Issen HS【具足】・Blue,具足【ＨＳ】・青
2955,構射【具足】・Blue,具足構射・青
2956,構射F【具足】・Blue,具足構射・青
2957,構射FZ【具足】・Blue,具足構射・青
2958,構射HC【具足】・Blue,具足構射・青
2959,構射HS【具足】・Blue,具足構射・青
2960,Issen 【具足】・Yellow,具足・黄
2961,Issen F【具足】・Yellow,具足【Ｆ】・黄
2962,Issen FZ【具足】・Yellow,具足【ＦＺ】・黄
2963,Issen HC【具足】・Yellow,具足【ＨＣ】・黄
2964,Issen HS【具足】・Yellow,具足【ＨＳ】・黄
2965,構射【具足】・Yellow,具足構射・黄
2966,構射F【具足】・Yellow,具足構射・黄
2967,構射FZ【具足】・Yellow,具足構射・黄
2968,構射HC【具足】・Yellow,具足構射・黄
2969,構射HS【具足】・Yellow,具足構射・黄
2970,Issen 【具足】・Black,具足・黑
2971,Issen F【具足】・Black,具足【Ｆ】・黑
2972,Issen FZ【具足】・Black,具足【ＦＺ】・黑
2973,Issen HC【具足】・Black,具足【ＨＣ】・黑
2974,Issen HS【具足】・Black,具足【ＨＳ】・黑
2975,構射【具足】・Black,具足構射・黑
2976,構射F【具足】・Black,具足構射・黑
2977,構射FZ【具足】・Black,具足構射・黑
2978,構射HC【具足】・Black,具足構射・黑
2979,構射HS【具足】・Black,具足構射・黑
2980,蜂針【具足】・Orange,具足蜂針・橙
2981,蜂針F【具足】・Orange,具足蜂針・橙
2982,蜂針FZ【具足】・Orange,具足蜂針・橙
2983,蜂針HC【具足】・Orange,具足蜂針・橙
2984,蜂針HS【具足】・Orange,具足蜂針・橙
2985,気弾【具足】・Orange,具足気弾・橙
2986,気弾F【具足】・Orange,具足気弾・橙
2987,気弾FZ【具足】・Orange,具足気弾・橙
2988,気弾HC【具足】・Orange,具足気弾・橙
2989,気弾HS【具足】・Orange,具足気弾・橙
2990,蜂針【具足】・Blue,具足蜂針・青
2991,蜂針F【具足】・Blue,具足蜂針・青
2992,蜂針FZ【具足】・Blue,具足蜂針・青
2993,蜂針HC【具足】・Blue,具足蜂針・青
2994,蜂針HS【具足】・Blue,具足蜂針・青
2995,気弾【具足】・Blue,具足気弾・青
2996,気弾F【具足】・Blue,具足気弾・青
2997,気弾FZ【具足】・Blue,具足気弾・青
2998,気弾HC【具足】・Blue,具足気弾・青
2999,気弾HS【具足】・Blue,具足気弾・青
3000,蜂針【具足】・Yellow,具足蜂針・黄
3001,蜂針F【具足】・Yellow,具足蜂針・黄
3002,蜂針FZ【具足】・Yellow,具足蜂針・黄
3003,蜂針HC【具足】・Yellow,具足蜂針・黄
3004,蜂針HS【具足】・Yellow,具足蜂針・黄
3005,気弾【具足】・Yellow,具足気弾・黄
3006,気弾F【具足】・Yellow,具足気弾・黄
3007,気弾FZ【具足】・Yellow,具足気弾・黄
3008,気弾HC【具足】・Yellow,具足気弾・黄
3009,気弾HS【具足】・Yellow,具足気弾・黄
3010,蜂針【具足】・Black,具足蜂針・黑
3011,蜂針F【具足】・Black,具足蜂針・黑
3012,蜂針FZ【具足】・Black,具足蜂針・黑
3013,蜂針HC【具足】・Black,具足蜂針・黑
3014,蜂針HS【具足】・Black,具足蜂針・黑
3015,気弾【具足】・Black,具足気弾・黑
3016,気弾F【具足】・Black,具足気弾・黑
3017,気弾FZ【具足】・Black,具足気弾・黑
3018,気弾HC【具足】・Black,具足気弾・黑
3019,気弾HS【具足】・Black,具足気弾・黑
3020,Algol F Greaves,阿爾布護腿【Ｆ】
3021,Algol FX Greaves,阿爾布護腿【ＦＸ】
3022,Algol F Leggings,阿爾布裹腿【Ｆ】
3023,Algol FX Leggings,阿爾布裹腿【ＦＸ】
3024,抜胴【具足】,具足抜胴
3025,抜胴F【具足】,具足抜胴
3026,抜胴FZ【具足】,具足抜胴
3027,抜胴HS【具足】,具足抜胴
3028,長根【具足】,具足長根
3029,長根F【具足】,具足長根
3030,長根FZ【具足】,具足長根
3031,長根HS【具足】,具足長根
3032,花火【具足】,具足花火
3033,花火F【具足】,具足花火
3034,花火FZ【具足】,具足花火
3035,花火HS【具足】,具足花火
3036,流星【具足】,具足流星
3037,流星F【具足】,具足流星
3038,流星FZ【具足】,具足流星
3039,流星HS【具足】,具足流星
3040,居合【具足】,具足居合
3041,居合F【具足】,具足居合
3042,居合FZ【具足】,具足居合
3043,居合HC【具足】,具足居合
3044,爆裂【具足】,具足爆裂
3045,爆裂F【具足】,具足爆裂
3046,爆裂FZ【具足】,具足爆裂
3047,爆裂HC【具足】,具足爆裂
3048,脱兎【具足】,具足脱兎
3049,脱兎F【具足】,具足脱兎
3050,脱兎FZ【具足】,具足脱兎
3051,脱兎HC【具足】,具足脱兎
3052,Violent 咲【具足】,具足咲
3053,Violent 咲F【具足】,具足咲
3054,Violent 咲FZ【具足】,具足咲
3055,Violent 咲HC【具足】,具足咲
3056,正拳FZ脚着,正拳脚着
3057,正拳HC脚着,正拳脚着
3058,灼熱FZ脚着,灼熱脚着
3059,灼熱HC脚着,灼熱脚着
3060,龍星FZ脚着,龍星脚着
3061,龍星HC脚着,龍星脚着
3062,虎襲FZ脚着,虎襲脚着
3063,虎襲HC脚着,虎襲脚着
3064,Kontao Feet,科恩塔歐夫伊
3065,Kontao F Feet,科恩塔歐夫伊【Ｆ】
3066,Kontao FZ Feet,科恩塔歐夫伊【ＦＺ】
3067,ダミー,(dummy)
3068,ダミー,(dummy)
3069,Kontao Boots,科恩塔歐靴
3070,Kontao F Boots,科恩塔歐靴【Ｆ】
3071,Kontao FZ Boots,科恩塔歐靴【ＦＺ】
3072,ダミー,(dummy)
3073,ダミー,(dummy)
3074,Gloria Feet・Gold,格洛里阿夫伊・金
3075,Gloria F Feet・Gold,格洛里阿夫伊【Ｆ】・金
3076,Gloria FZ Feet・Gold,格洛里阿夫伊【ＦＺ】・金
3077,Gloria HC Feet・Gold,格洛里阿夫伊【ＨＣ】・金
3078,Gloria HS Feet・Gold,格洛里阿夫伊【ＨＳ】・金
3079,Gloria Boots・Gold,格爾歐里阿靴・金
3080,Gloria F Boots・Gold,格爾歐里阿靴【Ｆ】・金
3081,Gloria FZ Boots・Gold,格爾歐里阿靴【ＦＺ】・金
3082,Gloria HC Boots・Gold,格爾歐里阿靴【ＨＣ】・金
3083,Gloria HS Boots・Gold,格爾歐里阿靴【ＨＳ】・金
3084,Gloria Feet・Blue,格洛里阿夫伊・青
3085,Gloria F Feet・Blue,格洛里阿夫伊【Ｆ】・青
3086,Gloria FZ Feet・Blue,格洛里阿夫伊【ＦＺ】・青
3087,Gloria HC Feet・Blue,格洛里阿夫伊【ＨＣ】・青
3088,Gloria HS Feet・Blue,格洛里阿夫伊【ＨＳ】・青
3089,Gloria Boots・Blue,格爾歐里阿靴・青
3090,Gloria F Boots・Blue,格爾歐里阿靴【Ｆ】・青
3091,Gloria FZ Boots・Blue,格爾歐里阿靴【ＦＺ】・青
3092,Gloria HC Boots・Blue,格爾歐里阿靴【ＨＣ】・青
3093,Gloria HS Boots・Blue,格爾歐里阿靴【ＨＳ】・青
3094,Gloria Feet・Water,格洛里阿夫伊
3095,Gloria F Feet・Water,格洛里阿夫伊【Ｆ】
3096,Gloria FZ Feet・Water,格洛里阿夫伊【ＦＺ】
3097,Gloria HC Feet・Water,格洛里阿夫伊【ＨＣ】
3098,Gloria HS Feet・Water,格洛里阿夫伊【ＨＳ】
3099,Gloria Boots・Water,格爾歐里阿瓦特爾靴
3100,Gloria F Boots・Water,格爾歐里阿瓦特爾靴【Ｆ】
3101,Gloria FZ Boots・Water,格爾歐里阿瓦特爾靴【ＦＺ】
3102,Gloria HC Boots・Water,格爾歐里阿瓦特爾靴【ＨＣ】
3103,Gloria HS Boots・Water,格爾歐里阿瓦特爾靴【ＨＳ】
3104,Gloria Feet・Red,格洛里阿夫伊・赤
3105,Gloria F Feet・Red,格洛里阿夫伊【Ｆ】・赤
3106,Gloria FZ Feet・Red,格洛里阿夫伊【ＦＺ】・赤
3107,Gloria HC Feet・Red,格洛里阿夫伊【ＨＣ】・赤
3108,Gloria HS Feet・Red,格洛里阿夫伊【ＨＳ】・赤
3109,Gloria Boots・Red,格爾歐里阿靴・赤
3110,Gloria F Boots・Red,格爾歐里阿靴【Ｆ】・赤
3111,Gloria FZ Boots・Red,格爾歐里阿靴【ＦＺ】・赤
3112,Gloria HC Boots・Red,格爾歐里阿靴【ＨＣ】・赤
3113,Gloria HS Boots・Red,格爾歐里阿靴【ＨＳ】・赤
3114,Shinryu 脚着・Red,脚着・赤
3115,Shinryu F脚着・Red,脚着・赤
3116,Shinryu FZ脚着・Red,脚着・赤
3117,Shinryu HC脚着・Red,脚着・赤
3118,Shinryu HS脚着・Red,脚着・赤
3119,Reppa 脚着・Red,脚着・赤
3120,Reppa F脚着・Red,脚着・赤
3121,Reppa FZ脚着・Red,脚着・赤
3122,Reppa HC脚着・Red,脚着・赤
3123,Reppa HS脚着・Red,脚着・赤
3124,Shinryu 脚着・White,脚着・白
3125,Shinryu F脚着・White,脚着・白
3126,Shinryu FZ脚着・White,脚着・白
3127,Shinryu HC脚着・White,脚着・白
3128,Shinryu HS脚着・White,脚着・白
3129,Reppa 脚着・White,脚着・白
3130,Reppa F脚着・White,脚着・白
3131,Reppa FZ脚着・White,脚着・白
3132,Reppa HC脚着・White,脚着・白
3133,Reppa HS脚着・White,脚着・白
3134,Shinryu 脚着・Purple,脚着・紫
3135,Shinryu F脚着・Purple,脚着・紫
3136,Shinryu FZ脚着・Purple,脚着・紫
3137,Shinryu HC脚着・Purple,脚着・紫
3138,Shinryu HS脚着・Purple,脚着・紫
3139,Reppa 脚着・Purple,脚着・紫
3140,Reppa F脚着・Purple,脚着・紫
3141,Reppa FZ脚着・Purple,脚着・紫
3142,Reppa HC脚着・Purple,脚着・紫
3143,Reppa HS脚着・Purple,脚着・紫
3144,Shinryu 脚着・Yellow,脚着・黄
3145,Shinryu F脚着・Yellow,脚着・黄
3146,Shinryu FZ脚着・Yellow,脚着・黄
3147,Shinryu HC脚着・Yellow,脚着・黄
3148,Shinryu HS脚着・Yellow,脚着・黄
3149,Reppa 脚着・Yellow,脚着・黄
3150,Reppa F脚着・Yellow,脚着・黄
3151,Reppa FZ脚着・Yellow,脚着・黄
3152,Reppa HC脚着・Yellow,脚着・黄
3153,Reppa HS脚着・Yellow,脚着・黄
3154,Cannon タイツ・Water,
3155,Cannon Fタイツ・Water,
3156,Cannon FZタイツ・Water,
3157,Cannon HCタイツ・Water,
3158,Cannon HSタイツ・Water,
3159,Axel タイツ・Water,
3160,Axel Fタイツ・Water,
3161,Axel FZタイツ・Water,
3162,Axel HCタイツ・Water,
3163,Axel HSタイツ・Water,
3164,Cannon タイツ・Green,・緑
3165,Cannon Fタイツ・Green,・緑
3166,Cannon FZタイツ・Green,・緑
3167,Cannon HCタイツ・Green,・緑
3168,Cannon HSタイツ・Green,・緑
3169,Axel タイツ・Green,・緑
3170,Axel Fタイツ・Green,・緑
3171,Axel FZタイツ・Green,・緑
3172,Axel HCタイツ・Green,・緑
3173,Axel HSタイツ・Green,・緑
3174,Cannon タイツ・Peach,・桃
3175,Cannon Fタイツ・Peach,・桃
3176,Cannon FZタイツ・Peach,・桃
3177,Cannon HCタイツ・Peach,・桃
3178,Cannon HSタイツ・Peach,・桃
3179,Axel タイツ・Peach,・桃
3180,Axel Fタイツ・Peach,・桃
3181,Axel FZタイツ・Peach,・桃
3182,Axel HCタイツ・Peach,・桃
3183,Axel HSタイツ・Peach,・桃
3184,Cannon タイツ・Purple,・紫
3185,Cannon Fタイツ・Purple,・紫
3186,Cannon FZタイツ・Purple,・紫
3187,Cannon HCタイツ・Purple,・紫
3188,Cannon HSタイツ・Purple,・紫
3189,Axel タイツ・Purple,・紫
3190,Axel Fタイツ・Purple,・紫
3191,Axel FZタイツ・Purple,・紫
3192,Axel HCタイツ・Purple,・紫
3193,Axel HSタイツ・Purple,・紫
3194,剣士ランク8,剣士8
3195,剣士ランク9,剣士9
3196,ガンランク8,8
3197,ガンランク9,9
3198,ダミー,(dummy)
3199,ダミー,(dummy)
3200,ダミー,(dummy)
3201,ダミー,(dummy)
3202,ダミー,(dummy)
3203,ダミー,(dummy)
3204,ダミー,(dummy)
3205,ダミー,(dummy)
3206,ダミー,(dummy)
3207,ダミー,(dummy)
3208,ダミー,(dummy)
3209,ダミー,(dummy)
3210,ダミー,(dummy)
3211,ダミー,(dummy)
3212,ダミー,(dummy)
3213,ダミー,(dummy)
3214,ダミー,(dummy)
3215,ダミー,(dummy)
3216,ダミー,(dummy)
3217,ダミー,(dummy)
3218,ダミー,(dummy)
3219,ダミー,(dummy)
3220,ダミー,(dummy)
3221,ダミー,(dummy)
3222,ダミー,(dummy)
3223,ダミー,(dummy)
3224,ダミー,(dummy)
3225,ダミー,(dummy)
3226,ダミー,(dummy)
3227,ダミー,(dummy)
3228,ダミー,(dummy)
3229,ダミー,(dummy)
3230,ダミー,(dummy)
3231,ダミー,(dummy)
3232,Hope Boots,望靴
3233,エミット Greaves,腕護腿
3234,エミットF Greaves,腕護腿【Ｆ】
3235,エミットFX Greaves,腕護腿【ＦＸ】
3236,エミット Leggings,腕裹腿
3237,エミットF Leggings,腕裹腿【Ｆ】
3238,エミットFX Leggings,腕裹腿【ＦＸ】
3239,Diboa Greaves,迪波阿護腿
3240,Diboa F Greaves,迪波阿護腿【Ｆ】
3241,Diboa FX Greaves,迪波阿護腿【ＦＸ】
3242,Diboa Leggings,迪波阿裹腿
3243,Diboa F Leggings,迪波阿裹腿【Ｆ】
3244,Diboa FX Leggings,迪波阿裹腿【ＦＸ】
3245,Pietra G Greaves,岩華護腿【Ｇ】
3246,Pietra GF Greaves,岩華護腿【ＧＦ】
3247,Pietra G Leggings,岩華裹腿【Ｇ】
3248,Pietra GF Leggings,岩華裹腿【ＧＦ】
3249,Pokara G Greaves,凍冰獸護腿【Ｇ】
3250,Pokara GF Greaves,凍冰獸護腿【ＧＦ】
3251,Pokara G Leggings,凍冰獸裹腿【Ｇ】
3252,Pokara GF Leggings,凍冰獸裹腿【ＧＦ】
3253,Hermitaur G Greaves,盾蟹護腿【Ｇ】
3254,Hermitaur GF Greaves,盾蟹護腿【ＧＦ】
3255,Hermitaur G Leggings,盾蟹裹腿【Ｇ】
3256,Hermitaur GF Leggings,盾蟹裹腿【ＧＦ】
3257,Kut-Ku G Greaves,怪鳥護腿【Ｇ】
3258,Kut-Ku GF Greaves,怪鳥護腿【ＧＦ】
3259,Kut-Ku G Leggings,怪鳥裹腿【Ｇ】
3260,Kut-Ku GF Leggings,怪鳥裹腿【ＧＦ】
3261,Farunokku G Greaves,傾雷鳥護腿【Ｇ】
3262,Farunokku GF Greaves,傾雷鳥護腿【ＧＦ】
3263,Farunokku G Leggings,傾雷鳥裹腿【Ｇ】
3264,Farunokku GF Leggings,傾雷鳥裹腿【ＧＦ】
3265,Gypceros G Greaves,毒怪鳥護腿【Ｇ】
3266,Gypceros GF Greaves,毒怪鳥護腿【ＧＦ】
3267,Gypceros G Leggings,毒怪鳥裹腿【Ｇ】
3268,Gypceros GF Leggings,毒怪鳥裹腿【ＧＦ】
3269,Conga G Greaves,桃毛獸護腿【Ｇ】
3270,Conga GF Greaves,桃毛獸護腿【ＧＦ】
3271,Conga G Leggings,桃毛獸裹腿【Ｇ】
3272,Conga GF Leggings,桃毛獸裹腿【ＧＦ】
3273,Hyuji G Greaves,針纏龍護腿【Ｇ】
3274,Hyuji GF Greaves,針纏龍護腿【ＧＦ】
3275,Hyuji G Leggings,針纏龍裹腿【Ｇ】
3276,Hyuji GF Leggings,針纏龍裹腿【ＧＦ】
3277,Basarios G Greaves,岩龍護腿【Ｇ】
3278,Basarios GF Greaves,岩龍護腿【ＧＦ】
3279,Basarios G Leggings,岩龍裹腿【Ｇ】
3280,Basarios GF Leggings,岩龍裹腿【ＧＦ】
3281,Rathian G Greaves,雌火龍護腿【Ｇ】
3282,Rathian GF Greaves,雌火龍護腿【ＧＦ】
3283,Rathian G Leggings,雌火龍裹腿【Ｇ】
3284,Rathian GF Leggings,雌火龍裹腿【ＧＦ】
3285,Ceanataur G Greaves,鎌蟹護腿【Ｇ】
3286,Ceanataur GF Greaves,鎌蟹護腿【ＧＦ】
3287,Ceanataur G Leggings,鎌蟹裹腿【Ｇ】
3288,Ceanataur GF Leggings,鎌蟹裹腿【ＧＦ】
3289,Mikagura G【 Hakama 】,哈可馬米可古【Ｇ】
3290,Mikagura GF【 Hakama 】,哈可馬米可古【ＧＦ】
3291,Satokagura G【 Hakama 】,哈可馬薩托可【Ｇ】
3292,Satokagura GF【 Hakama 】,哈可馬薩托可【ＧＦ】
3293,Rathalos G Greaves,雄火龍護腿【Ｇ】
3294,Rathalos GF Greaves,雄火龍護腿【ＧＦ】
3295,Rathalos G Leggings,雄火龍裹腿【Ｇ】
3296,Rathalos GF Leggings,雄火龍裹腿【ＧＦ】
3297,Blango G Greaves,雪獅子護腿【Ｇ】
3298,Blango GF Greaves,雪獅子護腿【ＧＦ】
3299,Blango G Leggings,雪獅子裹腿【Ｇ】
3300,Blango GF Leggings,雪獅子裹腿【ＧＦ】
3301,Khezu G Greaves,奇怪龍護腿【Ｇ】
3302,Khezu GF Greaves,奇怪龍護腿【ＧＦ】
3303,Khezu G Leggings,奇怪龍裹腿【Ｇ】
3304,Khezu GF Leggings,奇怪龍裹腿【ＧＦ】
3305,Hope G Greaves,望護腿【Ｇ】
3306,Hope GF Greaves,望護腿【ＧＦ】
3307,Hope G Leggings,望裹腿【Ｇ】
3308,Hope GF Leggings,望裹腿【ＧＦ】
3309,グラッシュ Feet,
3310,グラッシュF Feet,
3311,グラッシュFY Feet,
3312,グラッシュHC Feet,
3313,グラッシュ Boots,古拉斯希尤靴
3314,グラッシュF Boots,古拉斯希尤靴【Ｆ】
3315,グラッシュFY Boots,古拉斯希尤靴
3316,グラッシュHC Boots,古拉斯希尤靴【ＨＣ】
3317,Tandress Feet,塔恩德雷斯斯
3318,Tandress F Feet,塔恩德雷斯斯【Ｆ】
3319,Tandress FY Feet,塔恩德雷斯斯
3320,Tandress HC Feet,塔恩德雷斯斯【ＨＣ】
3321,Tandress Boots,塔恩德雷斯斯靴
3322,Tandress F Boots,塔恩德雷斯斯靴【Ｆ】
3323,Tandress FY Boots,塔恩德雷斯斯夫伊靴
3324,Tandress HC Boots,塔恩德雷斯斯靴【ＨＣ】
3325,ダミー,(dummy)
3326,ダミー,(dummy)
3327,ダミー,(dummy)
3328,ダミー,(dummy)
3329,ダミー,(dummy)
3330,ダミー,(dummy)
3331,ダミー,(dummy)
3332,ダミー,(dummy)
3333,Roses G Greaves,薔薇護腿【Ｇ】
3334,Roses G Leggings,薔薇裹腿【Ｇ】
3335,シェルカGレッグ,
3336,チェスカG Boots,靴【Ｇ】
3337,ロアースGレッグ,
3338,ライードG Boots,靴【Ｇ】
3339,Green 竜ノ具足【脛当】,脛当竜具足・緑
3340,Green 竜ノ具足F【脛当】,脛当竜具足・緑
3341,Green 竜ノ具足FZ【脛当】,脛当竜具足・緑
3342,Green 竜ノ具足HC【脛当】,脛当竜具足・緑
3343,Green 竜ノ具足HS【脛当】,脛当竜具足・緑
3344,Green 竜ノ Haori 【脛当】,脛当竜・緑
3345,Green 竜ノ Haori F【脛当】,脛当竜【Ｆ】・緑
3346,Green 竜ノ Haori FZ【脛当】,脛当竜【ＦＺ】・緑
3347,Green 竜ノ Haori HC【脛当】,脛当竜【ＨＣ】・緑
3348,Green 竜ノ Haori HS【脛当】,脛当竜【ＨＳ】・緑
3349,Ukon キック,
3350,Ukon Fキック,
3351,Ukon FZキック,
3352,Ukon HCキック,
3353,Ukon Boots,烏科恩靴
3354,Ukon F Boots,烏科恩靴【Ｆ】
3355,Ukon FZ Boots,烏科恩靴【ＦＺ】
3356,Ukon HC Boots,烏科恩靴【ＨＣ】
3357,Ukon HSキック,
3358,Ukon GSキック,
3359,Ukon HS Boots,烏科恩靴【ＨＳ】
3360,Ukon GS Boots,烏科恩靴【ＧＳ】
3361,Green 竜ノ具足GS【脛当】,脛当竜具足・緑
3362,Green 竜ノ Haori GS【脛当】,脛当竜【ＧＳ】・緑
3363,Roses GF Greaves,薔薇護腿【ＧＦ】
3364,Roses GF Leggings,薔薇裹腿【ＧＦ】
3365,ダミー,(dummy)
3366,ダミー,(dummy)
3367,Magos Feet・Yellow,馬戈斯夫伊特・黄
3368,Magos F Feet・Yellow,馬戈斯夫伊特【Ｆ】・黄
3369,Magos FZ Feet・Yellow,馬戈斯夫伊特【ＦＺ】・黄
3370,Magos HC Feet・Yellow,馬戈斯夫伊特【ＨＣ】・黄
3371,Magos HS Feet・Yellow,馬戈斯夫伊特【ＨＳ】・黄
3372,Magos Boots・Yellow,馬戈斯靴・黄
3373,Magos F Boots・Yellow,馬戈斯靴【Ｆ】・黄
3374,Magos FZ Boots・Yellow,馬戈斯靴【ＦＺ】・黄
3375,Magos HC Boots・Yellow,馬戈斯靴【ＨＣ】・黄
3376,Magos HS Boots・Yellow,馬戈斯靴【ＨＳ】・黄
3377,Magos Feet・Red,馬戈斯夫伊特・赤
3378,Magos F Feet・Red,馬戈斯夫伊特【Ｆ】・赤
3379,Magos FZ Feet・Red,馬戈斯夫伊特【ＦＺ】・赤
3380,Magos HC Feet・Red,馬戈斯夫伊特【ＨＣ】・赤
3381,Magos HS Feet・Red,馬戈斯夫伊特【ＨＳ】・赤
3382,Magos Boots・Red,馬戈斯靴・赤
3383,Magos F Boots・Red,馬戈斯靴【Ｆ】・赤
3384,Magos FZ Boots・Red,馬戈斯靴【ＦＺ】・赤
3385,Magos HC Boots・Red,馬戈斯靴【ＨＣ】・赤
3386,Magos HS Boots・Red,馬戈斯靴【ＨＳ】・赤
3387,Magos Feet・Water,馬戈斯夫伊特
3388,Magos F Feet・Water,馬戈斯夫伊特【Ｆ】
3389,Magos FZ Feet・Water,馬戈斯夫伊特【ＦＺ】
3390,Magos HC Feet・Water,馬戈斯夫伊特【ＨＣ】
3391,Magos HS Feet・Water,馬戈斯夫伊特【ＨＳ】
3392,Magos Boots・Water,馬戈斯瓦特爾靴
3393,Magos F Boots・Water,馬戈斯瓦特爾靴【Ｆ】
3394,Magos FZ Boots・Water,馬戈斯瓦特爾靴【ＦＺ】
3395,Magos HC Boots・Water,馬戈斯瓦特爾靴【ＨＣ】
3396,Magos HS Boots・Water,馬戈斯瓦特爾靴【ＨＳ】
3397,Magos Feet・Blue,馬戈斯夫伊特・青
3398,Magos F Feet・Blue,馬戈斯夫伊特【Ｆ】・青
3399,Magos FZ Feet・Blue,馬戈斯夫伊特【ＦＺ】・青
3400,Magos HC Feet・Blue,馬戈斯夫伊特【ＨＣ】・青
3401,Magos HS Feet・Blue,馬戈斯夫伊特【ＨＳ】・青
3402,Magos Boots・Blue,馬戈斯靴・青
3403,Magos F Boots・Blue,馬戈斯靴【Ｆ】・青
3404,Magos FZ Boots・Blue,馬戈斯靴【ＦＺ】・青
3405,Magos HC Boots・Blue,馬戈斯靴【ＨＣ】・青
3406,Magos HS Boots・Blue,馬戈斯靴【ＨＳ】・青
3407,Magos GS Feet・Yellow,馬戈斯夫伊特【ＧＳ】・黄
3408,Magos GS Boots・Yellow,馬戈斯靴【ＧＳ】・黄
3409,Magos GS Feet・Red,馬戈斯夫伊特【ＧＳ】・赤
3410,Magos GS Boots・Red,馬戈斯靴【ＧＳ】・赤
3411,Magos GS Feet・Water,馬戈斯夫伊特【ＧＳ】
3412,Magos GS Boots・Water,馬戈斯瓦特爾靴【ＧＳ】
3413,Magos GS Feet・Blue,馬戈斯夫伊特【ＧＳ】・青
3414,Magos GS Boots・Blue,馬戈斯靴【ＧＳ】・青
3415,Red 備ノ具足【脛当】,脛当備具足・赤
3416,Red 備ノ具足F【脛当】,脛当備具足・赤
3417,Red 備ノ具足FZ【脛当】,脛当備具足・赤
3418,Red 備ノ具足HC【脛当】,脛当備具足・赤
3419,Red 備ノ具足HS【脛当】,脛当備具足・赤
3420,Red 備ノ具足GS【脛当】,脛当備具足・赤
3421,Red 備ノ Haori 【脛当】,脛当備・赤
3422,Red 備ノ Haori F【脛当】,脛当備【Ｆ】・赤
3423,Red 備ノ Haori FZ【脛当】,脛当備【ＦＺ】・赤
3424,Red 備ノ Haori HC【脛当】,脛当備【ＨＣ】・赤
3425,Red 備ノ Haori HS【脛当】,脛当備【ＨＳ】・赤
3426,Red 備ノ Haori GS【脛当】,脛当備【ＧＳ】・赤
3427,Miku Feet,米庫夫伊特
3428,Miku F Feet,米庫夫伊特【Ｆ】
3429,Miku FZ Feet,米庫夫伊特【ＦＺ】
3430,Miku HC Feet,米庫夫伊特【ＨＣ】
3431,Miku HS Feet,米庫夫伊特【ＨＳ】
3432,Miku GS Feet,米庫夫伊特【ＧＳ】
3433,Miku Boots,米庫靴
3434,Miku F Boots,米庫靴【Ｆ】
3435,Miku FZ Boots,米庫靴【ＦＺ】
3436,Miku HC Boots,米庫靴【ＨＣ】
3437,Miku HS Boots,米庫靴【ＨＳ】
3438,Miku GS Boots,米庫靴【ＧＳ】
3439,Akahara Reisou BM Legs Red,阿可哈拉雷伊索烏腿甲・赤
3440,Akahara Reisou BM Legs F Red,阿可哈拉雷伊索烏腿甲【Ｆ】・赤
3441,Akahara Reisou BM Legs FZ Red,阿可哈拉雷伊索烏腿甲【ＦＺ】・赤
3442,Akahara Reisou BM Legs HC Red,阿可哈拉雷伊索烏腿甲【ＨＣ】・赤
3443,Akahara Reisou BM Legs HS Red,阿可哈拉雷伊索烏腿甲【ＨＳ】・赤
3444,Akahara Reisou BM Legs GS Red,阿可哈拉雷伊索烏腿甲【ＧＳ】・赤
3445,Akahara Reisou GN Legs Red,赤原禮裝射手腿甲・赤
3446,Akahara Reisou GN Legs F Red,赤原禮裝射手腿甲【Ｆ】・赤
3447,Akahara Reisou GN Legs FZ Red,赤原禮裝射手腿甲【ＦＺ】・赤
3448,Akahara Reisou GN Legs HC Red,赤原禮裝射手腿甲【ＨＣ】・赤
3449,Akahara Reisou GN Legs HS Red,赤原禮裝射手腿甲【ＨＳ】・赤
3450,Akahara Reisou GN Legs GS Red,赤原禮裝射手腿甲【ＧＳ】・赤
3451,Akahara Reisou BM Legs Blue,阿可哈拉雷伊索烏腿甲・青
3452,Akahara Reisou BM Legs F Blue,阿可哈拉雷伊索烏腿甲【Ｆ】・青
3453,Akahara Reisou BM Legs FZ Blue,阿可哈拉雷伊索烏腿甲【ＦＺ】・青
3454,Akahara Reisou BM Legs HC Blue,阿可哈拉雷伊索烏腿甲【ＨＣ】・青
3455,Akahara Reisou BM Legs HS Blue,阿可哈拉雷伊索烏腿甲【ＨＳ】・青
3456,Akahara Reisou BM Legs GS Blue,阿可哈拉雷伊索烏腿甲【ＧＳ】・青
3457,Akahara Reisou GN Legs Blue,赤原禮裝射手腿甲・青
3458,Akahara Reisou GN Legs F Blue,赤原禮裝射手腿甲【Ｆ】・青
3459,Akahara Reisou GN Legs FZ Blue,赤原禮裝射手腿甲【ＦＺ】・青
3460,Akahara Reisou GN Legs HC Blue,赤原禮裝射手腿甲【ＨＣ】・青
3461,Akahara Reisou GN Legs HS Blue,赤原禮裝射手腿甲【ＨＳ】・青
3462,Akahara Reisou GN Legs GS Blue,赤原禮裝射手腿甲【ＧＳ】・青
3463,Akahara Reisou BM Legs Black,阿可哈拉雷伊索烏腿甲・黑
3464,Akahara Reisou BM Legs F Black,阿可哈拉雷伊索烏腿甲【Ｆ】・黑
3465,Akahara Reisou BM Legs FZ Black,阿可哈拉雷伊索烏腿甲【ＦＺ】・黑
3466,Akahara Reisou BM Legs HC Black,阿可哈拉雷伊索烏腿甲【ＨＣ】・黑
3467,Akahara Reisou BM Legs HS Black,阿可哈拉雷伊索烏腿甲【ＨＳ】・黑
3468,Akahara Reisou BM Legs GS Black,阿可哈拉雷伊索烏腿甲【ＧＳ】・黑
3469,Akahara Reisou GN Legs Black,赤原禮裝射手腿甲・黑
3470,Akahara Reisou GN Legs F Black,赤原禮裝射手腿甲【Ｆ】・黑
3471,Akahara Reisou GN Legs FZ Black,赤原禮裝射手腿甲【ＦＺ】・黑
3472,Akahara Reisou GN Legs HC Black,赤原禮裝射手腿甲【ＨＣ】・黑
3473,Akahara Reisou GN Legs HS Black,赤原禮裝射手腿甲【ＨＳ】・黑
3474,Akahara Reisou GN Legs GS Black,赤原禮裝射手腿甲【ＧＳ】・黑
3475,Akahara Reisou BM Legs White,阿可哈拉雷伊索烏腿甲・白
3476,Akahara Reisou BM Legs F White,阿可哈拉雷伊索烏腿甲【Ｆ】・白
3477,Akahara Reisou BM Legs FZ White,阿可哈拉雷伊索烏腿甲【ＦＺ】・白
3478,Akahara Reisou BM Legs HC White,阿可哈拉雷伊索烏腿甲【ＨＣ】・白
3479,Akahara Reisou BM Legs HS White,阿可哈拉雷伊索烏腿甲【ＨＳ】・白
3480,Akahara Reisou BM Legs GS White,阿可哈拉雷伊索烏腿甲【ＧＳ】・白
3481,Akahara Reisou GN Legs White,赤原禮裝射手腿甲・白
3482,Akahara Reisou GN Legs F White,赤原禮裝射手腿甲【Ｆ】・白
3483,Akahara Reisou GN Legs FZ White,赤原禮裝射手腿甲【ＦＺ】・白
3484,Akahara Reisou GN Legs HC White,赤原禮裝射手腿甲【ＨＣ】・白
3485,Akahara Reisou GN Legs HS White,赤原禮裝射手腿甲【ＨＳ】・白
3486,Akahara Reisou GN Legs GS White,赤原禮裝射手腿甲【ＧＳ】・白
3487,Knight King Legs BM Blue,克尼格赫特基恩格腿甲・青
3488,Knight King Legs BM F Blue,克尼格赫特基恩格腿甲【Ｆ】・青
3489,Knight King Legs BM FZ Blue,克尼格赫特基恩格腿甲【ＦＺ】・青
3490,Knight King Legs BM HC Blue,克尼格赫特基恩格腿甲【ＨＣ】・青
3491,Knight King Legs BM HS Blue,克尼格赫特基恩格腿甲【ＨＳ】・青
3492,Knight King Legs BM GS Blue,克尼格赫特基恩格腿甲【ＧＳ】・青
3493,Knight King Legs GN Blue,騎士王射手腿甲・青
3494,Knight King Legs GN F Blue,騎士王射手腿甲【Ｆ】・青
3495,Knight King Legs GN FZ Blue,騎士王射手腿甲【ＦＺ】・青
3496,Knight King Legs GN HC Blue,騎士王射手腿甲【ＨＣ】・青
3497,Knight King Legs GN HS Blue,騎士王射手腿甲【ＨＳ】・青
3498,Knight King Legs GN GS Blue,騎士王射手腿甲【ＧＳ】・青
3499,Knight King Legs BM Red,克尼格赫特基恩格腿甲・赤
3500,Knight King Legs BM F Red,克尼格赫特基恩格腿甲【Ｆ】・赤
3501,Knight King Legs BM FZ Red,克尼格赫特基恩格腿甲【ＦＺ】・赤
3502,Knight King Legs BM HC Red,克尼格赫特基恩格腿甲【ＨＣ】・赤
3503,Knight King Legs BM HS Red,克尼格赫特基恩格腿甲【ＨＳ】・赤
3504,Knight King Legs BM GS Red,克尼格赫特基恩格腿甲【ＧＳ】・赤
3505,Knight King Legs GN Red,騎士王射手腿甲・赤
3506,Knight King Legs GN F Red,騎士王射手腿甲【Ｆ】・赤
3507,Knight King Legs GN FZ Red,騎士王射手腿甲【ＦＺ】・赤
3508,Knight King Legs GN HC Red,騎士王射手腿甲【ＨＣ】・赤
3509,Knight King Legs GN HS Red,騎士王射手腿甲【ＨＳ】・赤
3510,Knight King Legs GN GS Red,騎士王射手腿甲【ＧＳ】・赤
3511,Knight King Legs BM Black,克尼格赫特基恩格腿甲・黑
3512,Knight King Legs BM F Black,克尼格赫特基恩格腿甲【Ｆ】・黑
3513,Knight King Legs BM FZ Black,克尼格赫特基恩格腿甲【ＦＺ】・黑
3514,Knight King Legs BM HC Black,克尼格赫特基恩格腿甲【ＨＣ】・黑
3515,Knight King Legs BM HS Black,克尼格赫特基恩格腿甲【ＨＳ】・黑
3516,Knight King Legs BM GS Black,克尼格赫特基恩格腿甲【ＧＳ】・黑
3517,Knight King Legs GN Black,騎士王射手腿甲・黑
3518,Knight King Legs GN F Black,騎士王射手腿甲【Ｆ】・黑
3519,Knight King Legs GN FZ Black,騎士王射手腿甲【ＦＺ】・黑
3520,Knight King Legs GN HC Black,騎士王射手腿甲【ＨＣ】・黑
3521,Knight King Legs GN HS Black,騎士王射手腿甲【ＨＳ】・黑
3522,Knight King Legs GN GS Black,騎士王射手腿甲【ＧＳ】・黑
3523,Knight King Legs BM White,克尼格赫特基恩格腿甲・白
3524,Knight King Legs BM F White,克尼格赫特基恩格腿甲【Ｆ】・白
3525,Knight King Legs BM FZ White,克尼格赫特基恩格腿甲【ＦＺ】・白
3526,Knight King Legs BM HC White,克尼格赫特基恩格腿甲【ＨＣ】・白
3527,Knight King Legs BM HS White,克尼格赫特基恩格腿甲【ＨＳ】・白
3528,Knight King Legs BM GS White,克尼格赫特基恩格腿甲【ＧＳ】・白
3529,Knight King Legs GN White,騎士王射手腿甲・白
3530,Knight King Legs GN F White,騎士王射手腿甲【Ｆ】・白
3531,Knight King Legs GN FZ White,騎士王射手腿甲【ＦＺ】・白
3532,Knight King Legs GN HC White,騎士王射手腿甲【ＨＣ】・白
3533,Knight King Legs GN HS White,騎士王射手腿甲【ＨＳ】・白
3534,Knight King Legs GN GS White,騎士王射手腿甲【ＧＳ】・白
3535,ヴェルフFZ Greaves,護腿【ＦＺ】
3536,ヴェルフHC Greaves,護腿【ＨＣ】
3537,ヴェルフFZ Leggings,裹腿【ＦＺ】
3538,ヴェルフHC Leggings,裹腿【ＨＣ】
3539,テリオグFZ Greaves,腕護腿【ＦＺ】
3540,テリオグHC Greaves,腕護腿【ＨＣ】
3541,テリオグFZ Leggings,腕裹腿【ＦＺ】
3542,テリオグHC Leggings,腕裹腿【ＨＣ】
3543,Beil FZ Divider,貝爾【ＦＺ】
3544,Beil HC Divider,貝爾【ＨＣ】
3545,Pietra GX Greaves,岩華護腿【ＧＸ】
3546,Pietra GX Leggings,岩華裹腿【ＧＸ】
3547,Pokara GX Greaves,凍冰獸護腿【ＧＸ】
3548,Pokara GX Leggings,凍冰獸裹腿【ＧＸ】
3549,Hermitaur GX Greaves,盾蟹護腿【ＧＸ】
3550,Hermitaur GX Leggings,盾蟹裹腿【ＧＸ】
3551,Kut-Ku GX Greaves,怪鳥護腿【ＧＸ】
3552,Kut-Ku GX Leggings,怪鳥裹腿【ＧＸ】
3553,Farunokku GX Greaves,傾雷鳥護腿【ＧＸ】
3554,Farunokku GX Leggings,傾雷鳥裹腿【ＧＸ】
3555,Gypceros GX Greaves,毒怪鳥護腿【ＧＸ】
3556,Gypceros GX Leggings,毒怪鳥裹腿【ＧＸ】
3557,Conga GX Greaves,桃毛獸護腿【ＧＸ】
3558,Conga GX Leggings,桃毛獸裹腿【ＧＸ】
3559,Hyuji GX Greaves,針纏龍護腿【ＧＸ】
3560,Hyuji GX Leggings,針纏龍裹腿【ＧＸ】
3561,Basarios GX Greaves,岩龍護腿【ＧＸ】
3562,Basarios GX Leggings,岩龍裹腿【ＧＸ】
3563,Rathian GX Greaves,雌火龍護腿【ＧＸ】
3564,Rathian GX Leggings,雌火龍裹腿【ＧＸ】
3565,Ceanataur GX Greaves,鎌蟹護腿【ＧＸ】
3566,Ceanataur GX Leggings,鎌蟹裹腿【ＧＸ】
3567,Mikagura GX【 Hakama 】,哈可馬米可古【ＧＸ】
3568,Satokagura GX【 Hakama 】,哈可馬薩托可【ＧＸ】
3569,Rathalos GX Greaves,雄火龍護腿【ＧＸ】
3570,Rathalos GX Leggings,雄火龍裹腿【ＧＸ】
3571,Blango GX Greaves,雪獅子護腿【ＧＸ】
3572,Blango GX Leggings,雪獅子裹腿【ＧＸ】
3573,Khezu GX Greaves,奇怪龍護腿【ＧＸ】
3574,Khezu GX Leggings,奇怪龍裹腿【ＧＸ】
3575,Hope GX Greaves,望護腿【ＧＸ】
3576,Hope GX Leggings,望裹腿【ＧＸ】
3577,Gougarf G Greaves,鬥獸護腿【Ｇ】
3578,Gougarf GF Greaves,鬥獸護腿【ＧＦ】
3579,Gougarf GX Greaves,鬥獸護腿【ＧＸ】
3580,Gougarf G Leggings,鬥獸裹腿【Ｇ】
3581,Gougarf GF Leggings,鬥獸裹腿【ＧＦ】
3582,Gougarf GX Leggings,鬥獸裹腿【ＧＸ】
3583,Shourou 【端足】G,端足【Ｇ】
3584,Shourou 【端足】GF,端足【ＧＦ】
3585,Shourou 【端足】GX,端足【ＧＸ】
3586,Mitama 【端足】G,端足【Ｇ】
3587,Mitama 【端足】GF,端足【ＧＦ】
3588,Mitama 【端足】GX,端足【ＧＸ】
3589,Giaorugu G Greaves,冰獰龍護腿【Ｇ】
3590,Giaorugu GF Greaves,冰獰龍護腿【ＧＦ】
3591,Giaorugu GX Greaves,冰獰龍護腿【ＧＸ】
3592,Giaorugu G Leggings,冰獰龍裹腿【Ｇ】
3593,Giaorugu GF Leggings,冰獰龍裹腿【ＧＦ】
3594,Giaorugu GX Leggings,冰獰龍裹腿【ＧＸ】
3595,Gravios G Greaves,鎧龍護腿【Ｇ】
3596,Gravios GF Greaves,鎧龍護腿【ＧＦ】
3597,Gravios GX Greaves,鎧龍護腿【ＧＸ】
3598,Gravios G Leggings,鎧龍裹腿【Ｇ】
3599,Gravios GF Leggings,鎧龍裹腿【ＧＦ】
3600,Gravios GX Leggings,鎧龍裹腿【ＧＸ】
3601,Tigrex G Greaves,轟龍護腿【Ｇ】
3602,Tigrex GF Greaves,轟龍護腿【ＧＦ】
3603,Tigrex GX Greaves,轟龍護腿【ＧＸ】
3604,Tigrex G Leggings,轟龍裹腿【Ｇ】
3605,Tigrex GF Leggings,轟龍裹腿【ＧＦ】
3606,Tigrex GX Leggings,轟龍裹腿【ＧＸ】
3607,Paria G Greaves,呑龍護腿【Ｇ】
3608,Paria GF Greaves,呑龍護腿【ＧＦ】
3609,Paria GX Greaves,呑龍護腿【ＧＸ】
3610,Paria G Leggings,呑龍裹腿【Ｇ】
3611,Paria GF Leggings,呑龍裹腿【ＧＦ】
3612,Paria GX Leggings,呑龍裹腿【ＧＸ】
3613,Torpedo G Greaves,魚雷護腿【Ｇ】
3614,Torpedo GF Greaves,魚雷護腿【ＧＦ】
3615,Torpedo GX Greaves,魚雷護腿【ＧＸ】
3616,Torpedo G Leggings,魚雷裹腿【Ｇ】
3617,Torpedo GF Leggings,魚雷裹腿【ＧＦ】
3618,Torpedo GX Leggings,魚雷裹腿【ＧＸ】
3619,Lavasioth G Greaves,熔岩龍護腿【Ｇ】
3620,Lavasioth GF Greaves,熔岩龍護腿【ＧＦ】
3621,Lavasioth GX Greaves,熔岩龍護腿【ＧＸ】
3622,Lavasioth G Leggings,熔岩龍裹腿【Ｇ】
3623,Lavasioth GF Leggings,熔岩龍裹腿【ＧＦ】
3624,Lavasioth GX Leggings,熔岩龍裹腿【ＧＸ】
3625,Espinas G Heel,棘龍【Ｇ】
3626,Espinas GF Heel,棘龍【ＧＦ】
3627,Espinas GX Heel,棘龍【ＧＸ】
3628,Espinas G March,棘龍【Ｇ】
3629,Espinas GF March,棘龍【ＧＦ】
3630,Espinas GX March,棘龍【ＧＸ】
3631,Golden Hakama・G,金【Ｇ】
3632,Golden Hakama・GF,金【ＧＦ】
3633,Golden Hakama・GX,金【ＧＸ】
3634,Puppeteer ノ Tabi・G,傀儡師籠手
3635,Puppeteer ノ Tabi・GF,傀儡師籠手
3636,Puppeteer ノ Tabi・GX,傀儡師籠手
3637,Rebidiora G Feet,雷比迪歐拉夫【Ｇ】
3638,Rebidiora GF Feet,雷比迪歐拉夫【ＧＦ】
3639,Rebidiora GX Feet,雷比迪歐拉夫【ＧＸ】
3640,Rebidiora G Legs,雷極龍腿甲【Ｇ】
3641,Rebidiora GF Legs,雷極龍腿甲【ＧＦ】
3642,Rebidiora GX Legs,雷極龍腿甲【ＧＸ】
3643,Garuga G Greaves,黑狼鳥護腿【Ｇ】
3644,Garuga GF Greaves,黑狼鳥護腿【ＧＦ】
3645,Garuga GX Greaves,黑狼鳥護腿【ＧＸ】
3646,Garuga G Leggings,黑狼鳥裹腿【Ｇ】
3647,Garuga GF Leggings,黑狼鳥裹腿【ＧＦ】
3648,Garuga GX Leggings,黑狼鳥裹腿【ＧＸ】
3649,Vashimu G Greaves,尾晶蠍護腿【Ｇ】
3650,Vashimu GF Greaves,尾晶蠍護腿【ＧＦ】
3651,Vashimu GX Greaves,尾晶蠍護腿【ＧＸ】
3652,Vashimu G Leggings,尾晶蠍裹腿【Ｇ】
3653,Vashimu GF Leggings,尾晶蠍裹腿【ＧＦ】
3654,Vashimu GX Leggings,尾晶蠍裹腿【ＧＸ】
3655,Guren G Greaves,紅蓮護腿【Ｇ】
3656,Guren GF Greaves,紅蓮護腿【ＧＦ】
3657,Guren GX Greaves,紅蓮護腿【ＧＸ】
3658,Guren G Leggings,紅蓮裹腿【Ｇ】
3659,Guren GF Leggings,紅蓮裹腿【ＧＦ】
3660,Guren GX Leggings,紅蓮裹腿【ＧＸ】
3661,Inari G【Greaves】,伊納里護腿【Ｇ】
3662,Inari GF【Greaves】,伊納里護腿【ＧＦ】
3663,Inari GX【Greaves】,伊納里護腿【ＧＸ】
3664,Tamamo G【Greaves】,塔馬莫護腿【Ｇ】
3665,Tamamo GF【Greaves】,塔馬莫護腿【ＧＦ】
3666,Tamamo GX【Greaves】,塔馬莫護腿【ＧＸ】
3667,Disu G Greaves,迪斯Ｇ腕護腿【Ｇ】
3668,Disu GF Greaves,迪斯Ｇ腕護腿【ＧＦ】
3669,Disu GX Greaves,迪斯Ｇ腕護腿【ＧＸ】
3670,Disu G Leggings,迪斯Ｇ腕裹腿【Ｇ】
3671,Disu GF Leggings,迪斯Ｇ腕裹腿【ＧＦ】
3672,Disu GX Leggings,迪斯Ｇ腕裹腿【ＧＸ】
3673,Shadow Tabi・G,修阿多烏塔比【Ｇ】
3674,Shadow Tabi・GF,修阿多烏塔比【ＧＦ】
3675,Shadow Tabi・GX,修阿多烏塔比【ＧＸ】
3676,Shade Tabi・G,修阿德塔比【Ｇ】
3677,Shade Tabi・GF,修阿德塔比【ＧＦ】
3678,Shade Tabi・GX,修阿德塔比【ＧＸ】
3679,Byakko・Kensei G Feet,布亞克科凱恩【Ｇ】
3680,Byakko・Kensei GF Feet,布亞克科凱恩【ＧＦ】
3681,Suzaku・Kensei G Feet,蘇扎庫凱恩塞【Ｇ】
3682,Suzaku・Kensei GF Feet,蘇扎庫凱恩塞【ＧＦ】
3683,Genbu・Kensei G Feet,蓋恩布凱恩塞【Ｇ】
3684,Genbu・Kensei GF Feet,蓋恩布凱恩塞【ＧＦ】
3685,Seiryu・Kensei G Feet,塞伊爾尤凱恩【Ｇ】
3686,Seiryu・Kensei GF Feet,塞伊爾尤凱恩【ＧＦ】
3687,Byakko・双龍G Feet,双龍
3688,Byakko・双龍GF Feet,双龍
3689,Suzaku・双龍G Feet,双龍
3690,Suzaku・双龍GF Feet,双龍
3691,Genbu・双龍G Feet,双龍
3692,Genbu・双龍GF Feet,双龍
3693,Seiryu・双龍G Feet,双龍
3694,Seiryu・双龍GF Feet,双龍
3695,Byakko・剣王G Feet,剣王
3696,Byakko・剣王GF Feet,剣王
3697,Suzaku・剣王G Feet,剣王
3698,Suzaku・剣王GF Feet,剣王
3699,Genbu・剣王G Feet,剣王
3700,Genbu・剣王GF Feet,剣王
3701,Seiryu・剣王G Feet,剣王
3702,Seiryu・剣王GF Feet,剣王
3703,Byakko・刀神G Feet,刀神
3704,Byakko・刀神GF Feet,刀神
3705,Suzaku・刀神G Feet,刀神
3706,Suzaku・刀神GF Feet,刀神
3707,Genbu・刀神G Feet,刀神
3708,Genbu・刀神GF Feet,刀神
3709,Seiryu・刀神G Feet,刀神
3710,Seiryu・刀神GF Feet,刀神
3711,Byakko・Heaven 槍G Feet,槍
3712,Byakko・Heaven 槍GF Feet,槍
3713,Suzaku・Heaven 槍G Feet,槍
3714,Suzaku・Heaven 槍GF Feet,槍
3715,Genbu・Heaven 槍G Feet,槍
3716,Genbu・Heaven 槍GF Feet,槍
3717,Seiryu・Heaven 槍G Feet,槍
3718,Seiryu・Heaven 槍GF Feet,槍
3719,Byakko・砲皇G Feet,砲皇
3720,Byakko・砲皇GF Feet,砲皇
3721,Suzaku・砲皇G Feet,砲皇
3722,Suzaku・砲皇GF Feet,砲皇
3723,Genbu・砲皇G Feet,砲皇
3724,Genbu・砲皇GF Feet,砲皇
3725,Seiryu・砲皇G Feet,砲皇
3726,Seiryu・砲皇GF Feet,砲皇
3727,Byakko・鈍器獣G Feet,鈍器獣
3728,Byakko・鈍器獣GF Feet,鈍器獣
3729,Suzaku・鈍器獣G Feet,鈍器獣
3730,Suzaku・鈍器獣GF Feet,鈍器獣
3731,Genbu・鈍器獣G Feet,鈍器獣
3732,Genbu・鈍器獣GF Feet,鈍器獣
3733,Seiryu・鈍器獣G Feet,鈍器獣
3734,Seiryu・鈍器獣GF Feet,鈍器獣
3735,Byakko・奏帝G Feet,奏帝
3736,Byakko・奏帝GF Feet,奏帝
3737,Suzaku・奏帝G Feet,奏帝
3738,Suzaku・奏帝GF Feet,奏帝
3739,Genbu・奏帝G Feet,奏帝
3740,Genbu・奏帝GF Feet,奏帝
3741,Seiryu・奏帝G Feet,奏帝
3742,Seiryu・奏帝GF Feet,奏帝
3743,Byakko・銃傑G Boots,布伊阿克克歐・Ｇ面罩靴
3744,Byakko・銃傑GF Boots,布伊阿克克歐・ＧＦ面罩靴
3745,Suzaku・銃傑G Boots,蘇扎庫・Ｇ面罩靴
3746,Suzaku・銃傑GF Boots,蘇扎庫・ＧＦ面罩靴
3747,Genbu・銃傑G Boots,磁化抑・Ｇ面罩靴
3748,Genbu・銃傑GF Boots,磁化抑・ＧＦ面罩靴
3749,Seiryu・銃傑G Boots,瑟伊里烏・Ｇ面罩靴
3750,Seiryu・銃傑GF Boots,瑟伊里烏・ＧＦ面罩靴
3751,Byakko・銃仙G Boots,布伊阿克克歐・Ｇ面罩靴
3752,Byakko・銃仙GF Boots,布伊阿克克歐・ＧＦ面罩靴
3753,Suzaku・銃仙G Boots,蘇扎庫・Ｇ面罩靴
3754,Suzaku・銃仙GF Boots,蘇扎庫・ＧＦ面罩靴
3755,Genbu・銃仙G Boots,磁化抑・Ｇ面罩靴
3756,Genbu・銃仙GF Boots,磁化抑・ＧＦ面罩靴
3757,Seiryu・銃仙G Boots,瑟伊里烏・Ｇ面罩靴
3758,Seiryu・銃仙GF Boots,瑟伊里烏・ＧＦ面罩靴
3759,Byakko・Bow 鬼G Boots,布伊阿克克歐・弓Ｇ靴
3760,Byakko・Bow 鬼GF Boots,布伊阿克克歐・弓ＧＦ靴
3761,Suzaku・Bow 鬼G Boots,蘇扎庫・弓Ｇ靴
3762,Suzaku・Bow 鬼GF Boots,蘇扎庫・弓ＧＦ靴
3763,Genbu・Bow 鬼G Boots,磁化抑・弓Ｇ靴
3764,Genbu・Bow 鬼GF Boots,磁化抑・弓ＧＦ靴
3765,Seiryu・Bow 鬼G Boots,瑟伊里烏・弓Ｇ靴
3766,Seiryu・Bow 鬼GF Boots,瑟伊里烏・弓ＧＦ靴
3767,Odiva G Greaves,歐迪瓦護腿【Ｇ】
3768,Odiva G Leggings,歐迪瓦裹腿【Ｇ】
3769,Blitz Gレガース,
3770,Blitz G Boots,布爾伊特茲靴【Ｇ】
3771,Flame G Greaves,焔護腿【Ｇ】
3772,Flame G Leggings,焔裹腿【Ｇ】
3773,Wind Gペイル,
3774,Wind Gハディ,
3775,武者G [Greaves 】,武者護腿
3776,日光G [Greaves 】,日光護腿
3777,Wadatsumi G [Greaves 】,瓦達特蘇米護腿【Ｇ】
3778,Okami G [Greaves 】,歐可米護腿【Ｇ】
3779,Lils G Greaves,觸媒研腕護腿【Ｇ】
3780,Lils G Leggings,觸媒研腕裹腿【Ｇ】
3781,Algol G Greaves,阿爾布護腿【Ｇ】
3782,Algol G Leggings,阿爾布裹腿【Ｇ】
3783,エミットG Greaves,腕護腿【Ｇ】
3784,エミットG Leggings,腕裹腿【Ｇ】
3785,Diboa G Greaves,迪波阿護腿【Ｇ】
3786,Diboa G Leggings,迪波阿裹腿【Ｇ】
3787,Demon Lord Legs,德莫恩爾歐爾德腿甲
3788,童子ノ Legs,童子諾腿甲
3789,レアー Boots,雷阿靴
3790,ハーデス Boots,哈德蘇靴
3791,レアー Leggings,雷阿裹腿
3792,ハーデス Leggings,哈德蘇裹腿
3793,Roses GX Greaves,薔薇護腿【ＧＸ】
3794,Roses GX Leggings,薔薇裹腿【ＧＸ】
3795,Strega G Greaves,魔女護腿【Ｇ】
3796,Strega GF Greaves,魔女護腿【ＧＦ】
3797,Strega GX Greaves,魔女護腿【ＧＸ】
3798,Strega G Leggings,魔女裹腿【Ｇ】
3799,Strega GF Leggings,魔女裹腿【ＧＦ】
3800,Strega GX Leggings,魔女裹腿【ＧＸ】
3801,Pics Feet・Green,皮克斯夫伊特・緑
3802,Pics F Feet・Green,皮克斯夫伊特【Ｆ】・緑
3803,Pics FZ Feet・Green,皮克斯夫伊特【ＦＺ】・緑
3804,Pics HC Feet・Green,皮克斯夫伊特【ＨＣ】・緑
3805,Pics HS Feet・Green,皮克斯夫伊特【ＨＳ】・緑
3806,Pics GS Feet・Green,皮克斯夫伊特【ＧＳ】・緑
3807,Pics Boots・Green,皮克斯靴・緑
3808,Pics F Boots・Green,皮克斯靴【Ｆ】・緑
3809,Pics FZ Boots・Green,皮克斯靴【ＦＺ】・緑
3810,Pics HC Boots・Green,皮克斯靴【ＨＣ】・緑
3811,Pics HS Boots・Green,皮克斯靴【ＨＳ】・緑
3812,Pics GS Boots・Green,皮克斯靴【ＧＳ】・緑
3813,Pics Feet・Purple,皮克斯夫伊特・紫
3814,Pics F Feet・Purple,皮克斯夫伊特【Ｆ】・紫
3815,Pics FZ Feet・Purple,皮克斯夫伊特【ＦＺ】・紫
3816,Pics HC Feet・Purple,皮克斯夫伊特【ＨＣ】・紫
3817,Pics HS Feet・Purple,皮克斯夫伊特【ＨＳ】・紫
3818,Pics GS Feet・Purple,皮克斯夫伊特【ＧＳ】・紫
3819,Pics Boots・Purple,皮克斯靴・紫
3820,Pics F Boots・Purple,皮克斯靴【Ｆ】・紫
3821,Pics FZ Boots・Purple,皮克斯靴【ＦＺ】・紫
3822,Pics HC Boots・Purple,皮克斯靴【ＨＣ】・紫
3823,Pics HS Boots・Purple,皮克斯靴【ＨＳ】・紫
3824,Pics GS Boots・Purple,皮克斯靴【ＧＳ】・紫
3825,Pics Feet・Black,皮克斯夫伊特・黑
3826,Pics F Feet・Black,皮克斯夫伊特【Ｆ】・黑
3827,Pics FZ Feet・Black,皮克斯夫伊特【ＦＺ】・黑
3828,Pics HC Feet・Black,皮克斯夫伊特【ＨＣ】・黑
3829,Pics HS Feet・Black,皮克斯夫伊特【ＨＳ】・黑
3830,Pics GS Feet・Black,皮克斯夫伊特【ＧＳ】・黑
3831,Pics Boots・Black,皮克斯靴・黑
3832,Pics F Boots・Black,皮克斯靴【Ｆ】・黑
3833,Pics FZ Boots・Black,皮克斯靴【ＦＺ】・黑
3834,Pics HC Boots・Black,皮克斯靴【ＨＣ】・黑
3835,Pics HS Boots・Black,皮克斯靴【ＨＳ】・黑
3836,Pics GS Boots・Black,皮克斯靴【ＧＳ】・黑
3837,Pics Feet・Water,皮克斯夫伊特
3838,Pics F Feet・Water,皮克斯夫伊特【Ｆ】
3839,Pics FZ Feet・Water,皮克斯夫伊特【ＦＺ】
3840,Pics HC Feet・Water,皮克斯夫伊特【ＨＣ】
3841,Pics HS Feet・Water,皮克斯夫伊特【ＨＳ】
3842,Pics GS Feet・Water,皮克斯夫伊特【ＧＳ】
3843,Pics Boots・Water,皮克斯瓦特爾靴
3844,Pics F Boots・Water,皮克斯瓦特爾靴【Ｆ】
3845,Pics FZ Boots・Water,皮克斯瓦特爾靴【ＦＺ】
3846,Pics HC Boots・Water,皮克斯瓦特爾靴【ＨＣ】
3847,Pics HS Boots・Water,皮克斯瓦特爾靴【ＨＳ】
3848,Pics GS Boots・Water,皮克斯瓦特爾靴【ＧＳ】
3849,Bright Greaves,輝腕護腿
3850,Bright F Greaves,輝腕護腿【Ｆ】
3851,Bright FZ Greaves,輝腕護腿【ＦＺ】
3852,Bright HC Greaves,輝腕護腿【ＨＣ】
3853,Bright HS Greaves,輝腕護腿【ＨＳ】
3854,Bright GS Greaves,輝腕護腿【ＧＳ】
3855,Bright Leggings,輝腕裹腿
3856,Bright F Leggings,輝腕裹腿【Ｆ】
3857,Bright FZ Leggings,輝腕裹腿【ＦＺ】
3858,Bright HC Leggings,輝腕裹腿【ＨＣ】
3859,Bright HS Leggings,輝腕裹腿【ＨＳ】
3860,Bright GS Leggings,輝腕裹腿【ＧＳ】
3861,Juari Greaves,朱阿里腕護腿
3862,Juari F Greaves,朱阿里腕護腿【Ｆ】
3863,Juari FZ Greaves,朱阿里腕護腿【ＦＺ】
3864,Juari HC Greaves,朱阿里腕護腿【ＨＣ】
3865,Juari HS Greaves,朱阿里腕護腿【ＨＳ】
3866,Juari GS Greaves,朱阿里腕護腿【ＧＳ】
3867,Juari Leggings,朱阿里腕裹腿
3868,Juari F Leggings,朱阿里腕裹腿【Ｆ】
3869,Juari FZ Leggings,朱阿里腕裹腿【ＦＺ】
3870,Juari HC Leggings,朱阿里腕裹腿【ＨＣ】
3871,Juari HS Leggings,朱阿里腕裹腿【ＨＳ】
3872,Juari GS Leggings,朱阿里腕裹腿【ＧＳ】
3873,Tinku Greaves,特伊恩克烏腕護腿
3874,Tinku F Greaves,特伊恩克烏腕護腿【Ｆ】
3875,Tinku FZ Greaves,特伊恩克烏腕護腿【ＦＺ】
3876,Tinku HC Greaves,特伊恩克烏腕護腿【ＨＣ】
3877,Tinku HS Greaves,特伊恩克烏腕護腿【ＨＳ】
3878,Tinku GS Greaves,特伊恩克烏腕護腿【ＧＳ】
3879,Tinku Leggings,特伊恩克烏腕裹腿
3880,Tinku F Leggings,特伊恩克烏腕裹腿【Ｆ】
3881,Tinku FZ Leggings,特伊恩克烏腕裹腿【ＦＺ】
3882,Tinku HC Leggings,特伊恩克烏腕裹腿【ＨＣ】
3883,Tinku HS Leggings,特伊恩克烏腕裹腿【ＨＳ】
3884,Tinku GS Leggings,特伊恩克烏腕裹腿【ＧＳ】
3885,Real FZ Feet・White,雷阿爾夫伊特【ＦＺ】・白
3886,Real HC Feet・White,雷阿爾夫伊特【ＨＣ】・白
3887,Real HS Feet・White,雷阿爾夫伊特【ＨＳ】・白
3888,Real GS Feet・White,雷阿爾夫伊特【ＧＳ】・白
3889,Real FZ Boots・White,雷阿爾靴【ＦＺ】・白
3890,Real HC Boots・White,雷阿爾靴【ＨＣ】・白
3891,Real HS Boots・White,雷阿爾靴【ＨＳ】・白
3892,Real GS Boots・White,雷阿爾靴【ＧＳ】・白
3893,Lien FZ Feet・Blue,里艾恩夫伊特【ＦＺ】・青
3894,Lien HC Feet・Blue,里艾恩夫伊特【ＨＣ】・青
3895,Lien HS Feet・Blue,里艾恩夫伊特【ＨＳ】・青
3896,Lien GS Feet・Blue,里艾恩夫伊特【ＧＳ】・青
3897,Lien FZ Boots・Blue,爾伊艾恩靴【ＦＺ】・青
3898,Lien HC Boots・Blue,爾伊艾恩靴【ＨＣ】・青
3899,Lien HS Boots・Blue,爾伊艾恩靴【ＨＳ】・青
3900,Lien GS Boots・Blue,爾伊艾恩靴【ＧＳ】・青
3901,Melety FZ Feet・White,梅勒特伊夫伊【ＦＺ】・白
3902,Melety HC Feet・White,梅勒特伊夫伊【ＨＣ】・白
3903,Melety HS Feet・White,梅勒特伊夫伊【ＨＳ】・白
3904,Melety GS Feet・White,梅勒特伊夫伊【ＧＳ】・白
3905,Melety FZ Boots・Blue,梅爾艾特伊靴【ＦＺ】・青
3906,Melety HC Boots・Blue,梅爾艾特伊靴【ＨＣ】・青
3907,Melety HS Boots・Blue,梅爾艾特伊靴【ＨＳ】・青
3908,Melety GS Boots・Blue,梅爾艾特伊靴【ＧＳ】・青
3909,Regelia FZ Feet・White,雷蓋里阿夫伊【ＦＺ】・白
3910,Regelia HC Feet・White,雷蓋里阿夫伊【ＨＣ】・白
3911,Regelia HS Feet・White,雷蓋里阿夫伊【ＨＳ】・白
3912,Regelia GS Feet・White,雷蓋里阿夫伊【ＧＳ】・白
3913,Regelia FZ Boots・Blue,雷蓋爾伊阿靴【ＦＺ】・青
3914,Regelia HC Boots・Blue,雷蓋爾伊阿靴【ＨＣ】・青
3915,Regelia HS Boots・Blue,雷蓋爾伊阿靴【ＨＳ】・青
3916,Regelia GS Boots・Blue,雷蓋爾伊阿靴【ＧＳ】・青
3917,Suriito HS Feet・Yellow,蘇里伊托夫伊【ＨＳ】・黄
3918,Suriito GS Feet・Yellow,蘇里伊托夫伊【ＧＳ】・黄
3919,Suriito HS Boots・Yellow,蘇里伊托靴【ＨＳ】・黄
3920,Suriito GS Boots・Yellow,蘇里伊托靴【ＧＳ】・黄
3921,Steno HS Greaves・Orange,斯特諾護腿【ＨＳ】・橙
3922,Steno GS Greaves・Orange,斯特諾護腿【ＧＳ】・橙
3923,Steno HS Leggings・Orange,斯特諾裹腿【ＨＳ】・橙
3924,Steno GS Leggings・Orange,斯特諾裹腿【ＧＳ】・橙
3925,Edio HC Feet・Blue,艾迪歐夫伊特【ＨＣ】・青
3926,Edio HS Feet・Blue,艾迪歐夫伊特【ＨＳ】・青
3927,Edio GS Feet・Blue,艾迪歐夫伊特【ＧＳ】・青
3928,Edio HC Boots・Blue,艾迪歐靴【ＨＣ】・青
3929,Edio HS Boots・Blue,艾迪歐靴【ＨＳ】・青
3930,Edio GS Boots・Blue,艾迪歐靴【ＧＳ】・青
3931,Galitos HC Feet・Tea,加里托斯夫伊【ＨＣ】・茶
3932,Galitos HS Feet・Tea,加里托斯夫伊【ＨＳ】・茶
3933,Galitos GS Feet・Tea,加里托斯夫伊【ＧＳ】・茶
3934,Galitos HC Boots・Tea,加爾伊托斯靴【ＨＣ】・茶
3935,Galitos HS Boots・Tea,加爾伊托斯靴【ＨＳ】・茶
3936,Galitos GS Boots・Tea,加爾伊托斯靴【ＧＳ】・茶
3937,ロットキック,
3938,ロットFキック,
3939,ロットFZキック,
3940,ロットHCキック,
3941,ロットHSキック,
3942,ロットGSキック,
3943,ロット Boots,羅托靴
3944,ロットF Boots,羅托靴【Ｆ】
3945,ロットFZ Boots,羅托靴【ＦＺ】
3946,ロットHC Boots,羅托靴【ＨＣ】
3947,ロットHS Boots,羅托靴【ＨＳ】
3948,ロットGS Boots,羅托靴【ＧＳ】
3949,Blink F Feet,布里恩克夫伊【Ｆ】
3950,Blink F Boots,布爾伊恩克靴【Ｆ】
3951,Smart F Leg,機靈腿【Ｆ】
3952,Smart FZ Leg,機靈腿【ＦＺ】
3953,Smart HC Leg,機靈腿【ＨＣ】
3954,Gougarf FX Greaves,鬥獸護腿【ＦＸ】
3955,Gougarf HS Greaves,鬥獸護腿【ＨＳ】
3956,Gougarf FX Leggings,鬥獸裹腿【ＦＸ】
3957,Gougarf HS Leggings,鬥獸裹腿【ＨＳ】
3958,Regyukusu HC Feet,雷格尤庫蘇夫【ＨＣ】
3959,Regyukusu HS Feet,雷格尤庫蘇夫【ＨＳ】
3960,Regyukusu GS Feet,雷格尤庫蘇夫【ＧＳ】
3961,Regyukusu HC Boots,雷丘庫蘇靴【ＨＣ】
3962,Regyukusu HS Boots,雷丘庫蘇靴【ＨＳ】
3963,Regyukusu GS Boots,雷丘庫蘇靴【ＧＳ】
3964,Pistis HC Feet,皮斯提斯夫伊【ＨＣ】
3965,Pistis HS Feet,皮斯提斯夫伊【ＨＳ】
3966,Pistis GS Feet,皮斯提斯夫伊【ＧＳ】
3967,Pistis HC Boots,皮斯提斯靴【ＨＣ】
3968,Pistis HS Boots,皮斯提斯靴【ＨＳ】
3969,Pistis GS Boots,皮斯提斯靴【ＧＳ】
3970,Star Festival FZ Tabi 【 Red 】,星祭手甲・赤
3971,Star Festival HC Tabi 【 Red 】,星祭手甲・赤
3972,Star Festival HS Tabi 【 Red 】,星祭手甲・赤
3973,Star Festival GS Tabi 【 Red 】,星祭手甲・赤
3974,Tanabata FZ Tabi 【 Red 】,七夕手甲・赤
3975,Tanabata HC Tabi 【 Red 】,七夕手甲・赤
3976,Tanabata HS Tabi 【 Red 】,七夕手甲・赤
3977,Tanabata GS Tabi 【 Red 】,七夕手甲・赤
3978,Real FZ Feet・Gold,雷阿爾夫伊特【ＦＺ】・金
3979,Real HC Feet・Gold,雷阿爾夫伊特【ＨＣ】・金
3980,Real HS Feet・Gold,雷阿爾夫伊特【ＨＳ】・金
3981,Real GS Feet・Gold,雷阿爾夫伊特【ＧＳ】・金
3982,Real FZ Boots・Gold,雷阿爾靴【ＦＺ】・金
3983,Real HC Boots・Gold,雷阿爾靴【ＨＣ】・金
3984,Real HS Boots・Gold,雷阿爾靴【ＨＳ】・金
3985,Real GS Boots・Gold,雷阿爾靴【ＧＳ】・金
3986,Real FZ Feet・Blue,雷阿爾夫伊特【ＦＺ】・青
3987,Real HC Feet・Blue,雷阿爾夫伊特【ＨＣ】・青
3988,Real HS Feet・Blue,雷阿爾夫伊特【ＨＳ】・青
3989,Real GS Feet・Blue,雷阿爾夫伊特【ＧＳ】・青
3990,Real FZ Boots・Blue,雷阿爾靴【ＦＺ】・青
3991,Real HC Boots・Blue,雷阿爾靴【ＨＣ】・青
3992,Real HS Boots・Blue,雷阿爾靴【ＨＳ】・青
3993,Real GS Boots・Blue,雷阿爾靴【ＧＳ】・青
3994,Real FZ Feet・Red,雷阿爾夫伊特【ＦＺ】・赤
3995,Real HC Feet・Red,雷阿爾夫伊特【ＨＣ】・赤
3996,Real HS Feet・Red,雷阿爾夫伊特【ＨＳ】・赤
3997,Real GS Feet・Red,雷阿爾夫伊特【ＧＳ】・赤
3998,Real FZ Boots・Red,雷阿爾靴【ＦＺ】・赤
3999,Real HC Boots・Red,雷阿爾靴【ＨＣ】・赤
4000,Real HS Boots・Red,雷阿爾靴【ＨＳ】・赤
4001,Real GS Boots・Red,雷阿爾靴【ＧＳ】・赤
4002,Lien FZ Feet・Red,里艾恩夫伊特【ＦＺ】・赤
4003,Lien HC Feet・Red,里艾恩夫伊特【ＨＣ】・赤
4004,Lien HS Feet・Red,里艾恩夫伊特【ＨＳ】・赤
4005,Lien GS Feet・Red,里艾恩夫伊特【ＧＳ】・赤
4006,Lien FZ Boots・Red,爾伊艾恩靴【ＦＺ】・赤
4007,Lien HC Boots・Red,爾伊艾恩靴【ＨＣ】・赤
4008,Lien HS Boots・Red,爾伊艾恩靴【ＨＳ】・赤
4009,Lien GS Boots・Red,爾伊艾恩靴【ＧＳ】・赤
4010,Lien FZ Feet・Black,里艾恩夫伊特【ＦＺ】・黑
4011,Lien HC Feet・Black,里艾恩夫伊特【ＨＣ】・黑
4012,Lien HS Feet・Black,里艾恩夫伊特【ＨＳ】・黑
4013,Lien GS Feet・Black,里艾恩夫伊特【ＧＳ】・黑
4014,Lien FZ Boots・Black,爾伊艾恩靴【ＦＺ】・黑
4015,Lien HC Boots・Black,爾伊艾恩靴【ＨＣ】・黑
4016,Lien HS Boots・Black,爾伊艾恩靴【ＨＳ】・黑
4017,Lien GS Boots・Black,爾伊艾恩靴【ＧＳ】・黑
4018,Lien FZ Feet・White,里艾恩夫伊特【ＦＺ】・白
4019,Lien HC Feet・White,里艾恩夫伊特【ＨＣ】・白
4020,Lien HS Feet・White,里艾恩夫伊特【ＨＳ】・白
4021,Lien GS Feet・White,里艾恩夫伊特【ＧＳ】・白
4022,Lien FZ Boots・White,爾伊艾恩靴【ＦＺ】・白
4023,Lien HC Boots・White,爾伊艾恩靴【ＨＣ】・白
4024,Lien HS Boots・White,爾伊艾恩靴【ＨＳ】・白
4025,Lien GS Boots・White,爾伊艾恩靴【ＧＳ】・白
4026,Melety FZ Feet・Red,梅勒特伊夫伊【ＦＺ】・赤
4027,Melety HC Feet・Red,梅勒特伊夫伊【ＨＣ】・赤
4028,Melety HS Feet・Red,梅勒特伊夫伊【ＨＳ】・赤
4029,Melety GS Feet・Red,梅勒特伊夫伊【ＧＳ】・赤
4030,Melety FZ Feet・Blue,梅勒特伊夫伊【ＦＺ】・青
4031,Melety HC Feet・Blue,梅勒特伊夫伊【ＨＣ】・青
4032,Melety HS Feet・Blue,梅勒特伊夫伊【ＨＳ】・青
4033,Melety GS Feet・Blue,梅勒特伊夫伊【ＧＳ】・青
4034,Melety FZ Feet・Black,梅勒特伊夫伊【ＦＺ】・黑
4035,Melety HC Feet・Black,梅勒特伊夫伊【ＨＣ】・黑
4036,Melety HS Feet・Black,梅勒特伊夫伊【ＨＳ】・黑
4037,Melety GS Feet・Black,梅勒特伊夫伊【ＧＳ】・黑
4038,Melety FZ Boots・White,梅爾艾特伊靴【ＦＺ】・白
4039,Melety HC Boots・White,梅爾艾特伊靴【ＨＣ】・白
4040,Melety HS Boots・White,梅爾艾特伊靴【ＨＳ】・白
4041,Melety GS Boots・White,梅爾艾特伊靴【ＧＳ】・白
4042,Melety FZ Boots・Red,梅爾艾特伊靴【ＦＺ】・赤
4043,Melety HC Boots・Red,梅爾艾特伊靴【ＨＣ】・赤
4044,Melety HS Boots・Red,梅爾艾特伊靴【ＨＳ】・赤
4045,Melety GS Boots・Red,梅爾艾特伊靴【ＧＳ】・赤
4046,Melety FZ Boots・Black,梅爾艾特伊靴【ＦＺ】・黑
4047,Melety HC Boots・Black,梅爾艾特伊靴【ＨＣ】・黑
4048,Melety HS Boots・Black,梅爾艾特伊靴【ＨＳ】・黑
4049,Melety GS Boots・Black,梅爾艾特伊靴【ＧＳ】・黑
4050,Regelia FZ Feet・Red,雷蓋里阿夫伊【ＦＺ】・赤
4051,Regelia HC Feet・Red,雷蓋里阿夫伊【ＨＣ】・赤
4052,Regelia HS Feet・Red,雷蓋里阿夫伊【ＨＳ】・赤
4053,Regelia GS Feet・Red,雷蓋里阿夫伊【ＧＳ】・赤
4054,Regelia FZ Feet・Green,雷蓋里阿夫伊【ＦＺ】・緑
4055,Regelia HC Feet・Green,雷蓋里阿夫伊【ＨＣ】・緑
4056,Regelia HS Feet・Green,雷蓋里阿夫伊【ＨＳ】・緑
4057,Regelia GS Feet・Green,雷蓋里阿夫伊【ＧＳ】・緑
4058,Regelia FZ Feet・Blue,雷蓋里阿夫伊【ＦＺ】・青
4059,Regelia HC Feet・Blue,雷蓋里阿夫伊【ＨＣ】・青
4060,Regelia HS Feet・Blue,雷蓋里阿夫伊【ＨＳ】・青
4061,Regelia GS Feet・Blue,雷蓋里阿夫伊【ＧＳ】・青
4062,Regelia FZ Boots・White,雷蓋爾伊阿靴【ＦＺ】・白
4063,Regelia HC Boots・White,雷蓋爾伊阿靴【ＨＣ】・白
4064,Regelia HS Boots・White,雷蓋爾伊阿靴【ＨＳ】・白
4065,Regelia GS Boots・White,雷蓋爾伊阿靴【ＧＳ】・白
4066,Regelia FZ Boots・Red,雷蓋爾伊阿靴【ＦＺ】・赤
4067,Regelia HC Boots・Red,雷蓋爾伊阿靴【ＨＣ】・赤
4068,Regelia HS Boots・Red,雷蓋爾伊阿靴【ＨＳ】・赤
4069,Regelia GS Boots・Red,雷蓋爾伊阿靴【ＧＳ】・赤
4070,Regelia FZ Boots・Green,雷蓋爾伊阿靴【ＦＺ】・緑
4071,Regelia HC Boots・Green,雷蓋爾伊阿靴【ＨＣ】・緑
4072,Regelia HS Boots・Green,雷蓋爾伊阿靴【ＨＳ】・緑
4073,Regelia GS Boots・Green,雷蓋爾伊阿靴【ＧＳ】・緑
4074,Suriito HS Feet・Silver,蘇里伊托夫伊【ＨＳ】・銀
4075,Suriito GS Feet・Silver,蘇里伊托夫伊【ＧＳ】・銀
4076,Suriito HS Boots・Silver,蘇里伊托靴【ＨＳ】・銀
4077,Suriito GS Boots・Silver,蘇里伊托靴【ＧＳ】・銀
4078,Suriito HS Feet・Red,蘇里伊托夫伊【ＨＳ】・赤
4079,Suriito GS Feet・Red,蘇里伊托夫伊【ＧＳ】・赤
4080,Suriito HS Boots・Red,蘇里伊托靴【ＨＳ】・赤
4081,Suriito GS Boots・Red,蘇里伊托靴【ＧＳ】・赤
4082,Suriito HS Feet・Blue,蘇里伊托夫伊【ＨＳ】・青
4083,Suriito GS Feet・Blue,蘇里伊托夫伊【ＧＳ】・青
4084,Suriito HS Boots・Blue,蘇里伊托靴【ＨＳ】・青
4085,Suriito GS Boots・Blue,蘇里伊托靴【ＧＳ】・青
4086,Steno HS Greaves・Peach,斯特諾護腿【ＨＳ】・桃
4087,Steno GS Greaves・Peach,斯特諾護腿【ＧＳ】・桃
4088,Steno HS Leggings・Peach,斯特諾裹腿【ＨＳ】・桃
4089,Steno GS Leggings・Peach,斯特諾裹腿【ＧＳ】・桃
4090,Steno HS Greaves・Blue,斯特諾護腿【ＨＳ】・青
4091,Steno GS Greaves・Blue,斯特諾護腿【ＧＳ】・青
4092,Steno HS Leggings・Blue,斯特諾裹腿【ＨＳ】・青
4093,Steno GS Leggings・Blue,斯特諾裹腿【ＧＳ】・青
4094,Steno HS Greaves・Red,斯特諾護腿【ＨＳ】・赤
4095,Steno GS Greaves・Red,斯特諾護腿【ＧＳ】・赤
4096,Steno HS Leggings・Red,斯特諾裹腿【ＨＳ】・赤
4097,Steno GS Leggings・Red,斯特諾裹腿【ＧＳ】・赤
4098,Edio HC Feet・Red,艾迪歐夫伊特【ＨＣ】・赤
4099,Edio HS Feet・Red,艾迪歐夫伊特【ＨＳ】・赤
4100,Edio GS Feet・Red,艾迪歐夫伊特【ＧＳ】・赤
4101,Edio HC Boots・Red,艾迪歐靴【ＨＣ】・赤
4102,Edio HS Boots・Red,艾迪歐靴【ＨＳ】・赤
4103,Edio GS Boots・Red,艾迪歐靴【ＧＳ】・赤
4104,Edio HC Feet・Yellow,艾迪歐夫伊特【ＨＣ】・黄
4105,Edio HS Feet・Yellow,艾迪歐夫伊特【ＨＳ】・黄
4106,Edio GS Feet・Yellow,艾迪歐夫伊特【ＧＳ】・黄
4107,Edio HC Boots・Yellow,艾迪歐靴【ＨＣ】・黄
4108,Edio HS Boots・Yellow,艾迪歐靴【ＨＳ】・黄
4109,Edio GS Boots・Yellow,艾迪歐靴【ＧＳ】・黄
4110,Edio HC Feet・Black,艾迪歐夫伊特【ＨＣ】・黑
4111,Edio HS Feet・Black,艾迪歐夫伊特【ＨＳ】・黑
4112,Edio GS Feet・Black,艾迪歐夫伊特【ＧＳ】・黑
4113,Edio HC Boots・Black,艾迪歐靴【ＨＣ】・黑
4114,Edio HS Boots・Black,艾迪歐靴【ＨＳ】・黑
4115,Edio GS Boots・Black,艾迪歐靴【ＧＳ】・黑
4116,Galitos HC Feet・Red,加里托斯夫伊【ＨＣ】・赤
4117,Galitos HS Feet・Red,加里托斯夫伊【ＨＳ】・赤
4118,Galitos GS Feet・Red,加里托斯夫伊【ＧＳ】・赤
4119,Galitos HC Boots・Red,加爾伊托斯靴【ＨＣ】・赤
4120,Galitos HS Boots・Red,加爾伊托斯靴【ＨＳ】・赤
4121,Galitos GS Boots・Red,加爾伊托斯靴【ＧＳ】・赤
4122,Galitos HC Feet・Black,加里托斯夫伊【ＨＣ】・黑
4123,Galitos HS Feet・Black,加里托斯夫伊【ＨＳ】・黑
4124,Galitos GS Feet・Black,加里托斯夫伊【ＧＳ】・黑
4125,Galitos HC Boots・Black,加爾伊托斯靴【ＨＣ】・黑
4126,Galitos HS Boots・Black,加爾伊托斯靴【ＨＳ】・黑
4127,Galitos GS Boots・Black,加爾伊托斯靴【ＧＳ】・黑
4128,Galitos HC Feet・Water,加里托斯夫伊【ＨＣ】
4129,Galitos HS Feet・Water,加里托斯夫伊【ＨＳ】
4130,Galitos GS Feet・Water,加里托斯夫伊【ＧＳ】
4131,Galitos HC Boots・Water,加爾伊托斯瓦特爾靴【ＨＣ】
4132,Galitos HS Boots・Water,加爾伊托斯瓦特爾靴【ＨＳ】
4133,Galitos GS Boots・Water,加爾伊托斯瓦特爾靴【ＧＳ】
4134,Star Festival FZ Tabi 【 Blue 】,星祭手甲・青
4135,Star Festival HC Tabi 【 Blue 】,星祭手甲・青
4136,Star Festival HS Tabi 【 Blue 】,星祭手甲・青
4137,Star Festival GS Tabi 【 Blue 】,星祭手甲・青
4138,Tanabata FZ Tabi 【 Blue 】,七夕手甲・青
4139,Tanabata HC Tabi 【 Blue 】,七夕手甲・青
4140,Tanabata HS Tabi 【 Blue 】,七夕手甲・青
4141,Tanabata GS Tabi 【 Blue 】,七夕手甲・青
4142,Star Festival FZ Tabi 【 Black 】,星祭手甲・黑
4143,Star Festival HC Tabi 【 Black 】,星祭手甲・黑
4144,Star Festival HS Tabi 【 Black 】,星祭手甲・黑
4145,Star Festival GS Tabi 【 Black 】,星祭手甲・黑
4146,Tanabata FZ Tabi 【 Black 】,七夕手甲・黑
4147,Tanabata HC Tabi 【 Black 】,七夕手甲・黑
4148,Tanabata HS Tabi 【 Black 】,七夕手甲・黑
4149,Tanabata GS Tabi 【 Black 】,七夕手甲・黑
4150,Star Festival FZ Tabi 【 White 】,星祭手甲・白
4151,Star Festival HC Tabi 【 White 】,星祭手甲・白
4152,Star Festival HS Tabi 【 White 】,星祭手甲・白
4153,Star Festival GS Tabi 【 White 】,星祭手甲・白
4154,Tanabata FZ Tabi 【 White 】,七夕手甲・白
4155,Tanabata HC Tabi 【 White 】,七夕手甲・白
4156,Tanabata HS Tabi 【 White 】,七夕手甲・白
4157,Tanabata GS Tabi 【 White 】,七夕手甲・白
4158,ダミー,(dummy)
4159,ダミー,(dummy)
4160,ダミー,(dummy)
4161,ダミー,(dummy)
4162,ダミー,(dummy)
4163,ダミー,(dummy)
4164,ダミー,(dummy)
4165,ダミー,(dummy)
4166,ダミー,(dummy)
4167,ダミー,(dummy)
4168,ダミー,(dummy)
4169,ダミー,(dummy)
4170,ヴェルフHS Greaves,護腿【ＨＳ】
4171,ヴェルフGS Greaves,護腿【ＧＳ】
4172,ヴェルフHS Leggings,裹腿【ＨＳ】
4173,ヴェルフGS Leggings,裹腿【ＧＳ】
4174,テリオグHS Greaves,腕護腿【ＨＳ】
4175,テリオグGS Greaves,腕護腿【ＧＳ】
4176,テリオグHS Leggings,腕裹腿【ＨＳ】
4177,テリオグGS Leggings,腕裹腿【ＧＳ】
4178,Beil HS Divider,貝爾【ＨＳ】
4179,Beil GS Divider,貝爾【ＧＳ】
4180,Veloci G Greaves,藍速龍護腿【Ｇ】
4181,Veloci GF Greaves,藍速龍護腿【ＧＦ】
4182,Veloci GX Greaves,藍速龍護腿【ＧＸ】
4183,Veloci G Leggings,藍速龍裹腿【Ｇ】
4184,Veloci GF Leggings,藍速龍裹腿【ＧＦ】
4185,Veloci GX Leggings,藍速龍裹腿【ＧＸ】
4186,Io G Greaves,伊歐護腿【Ｇ】
4187,Io GF Greaves,伊歐護腿【ＧＦ】
4188,Io GX Greaves,伊歐護腿【ＧＸ】
4189,Io G Leggings,伊歐裹腿【Ｇ】
4190,Io GF Leggings,伊歐裹腿【ＧＦ】
4191,Io GX Leggings,伊歐裹腿【ＧＸ】
4192,Gen G Greaves,源護腿【Ｇ】
4193,Gen GF Greaves,源護腿【ＧＦ】
4194,Gen GX Greaves,源護腿【ＧＸ】
4195,Gen G Leggings,源裹腿【Ｇ】
4196,Gen GF Leggings,源裹腿【ＧＦ】
4197,Gen GX Leggings,源裹腿【ＧＸ】
4198,Cepha G Greaves,沙龍護腿【Ｇ】
4199,Cepha GF Greaves,沙龍護腿【ＧＦ】
4200,Cepha GX Greaves,沙龍護腿【ＧＸ】
4201,Cepha G Leggings,沙龍裹腿【Ｇ】
4202,Cepha GF Leggings,沙龍裹腿【ＧＦ】
4203,Cepha GX Leggings,沙龍裹腿【ＧＸ】
4204,Diablos G Greaves,角龍護腿【Ｇ】
4205,Diablos GF Greaves,角龍護腿【ＧＦ】
4206,Diablos GX Greaves,角龍護腿【ＧＸ】
4207,Diablos G Leggings,角龍裹腿【Ｇ】
4208,Diablos GF Leggings,角龍裹腿【ＧＦ】
4209,Diablos GX Leggings,角龍裹腿【ＧＸ】
4210,Plesioth G Greaves,水龍護腿【Ｇ】
4211,Plesioth GF Greaves,水龍護腿【ＧＦ】
4212,Plesioth GX Greaves,水龍護腿【ＧＸ】
4213,Plesioth G Leggings,水龍裹腿【Ｇ】
4214,Plesioth GF Leggings,水龍裹腿【ＧＦ】
4215,Plesioth GX Leggings,水龍裹腿【ＧＸ】
4216,Beru G Greaves,舞雷龍護腿【Ｇ】
4217,Beru GF Greaves,舞雷龍護腿【ＧＦ】
4218,Beru GX Greaves,舞雷龍護腿【ＧＸ】
4219,Beru G Leggings,舞雷龍裹腿【Ｇ】
4220,Beru GF Leggings,舞雷龍裹腿【ＧＦ】
4221,Beru GX Leggings,舞雷龍裹腿【ＧＸ】
4222,Black Gravios G Greaves,鎧龍護腿【Ｇ】・黑
4223,Black Gravios GF Greaves,鎧龍護腿【ＧＦ】・黑
4224,Black Gravios GX Greaves,鎧龍護腿【ＧＸ】・黑
4225,Black Gravios G Leggings,鎧龍裹腿【Ｇ】・黑
4226,Black Gravios GF Leggings,鎧龍裹腿【ＧＦ】・黑
4227,Black Gravios GX Leggings,鎧龍裹腿【ＧＸ】・黑
4228,Lune G Greaves,月護腿【Ｇ】
4229,Lune GF Greaves,月護腿【ＧＦ】
4230,Lune GX Greaves,月護腿【ＧＸ】
4231,Lune G Leggings,月裹腿【Ｇ】
4232,Lune GF Leggings,月裹腿【ＧＦ】
4233,Lune GX Leggings,月裹腿【ＧＸ】
4234,Stroma Greaves,斯羅瑪護腿
4235,Stroma F Greaves,斯羅瑪護腿【Ｆ】
4236,Stroma FX Greaves,斯羅瑪護腿【ＦＸ】
4237,Stroma G Greaves,斯羅瑪護腿【Ｇ】
4238,Stroma Leggings,斯羅瑪裹腿
4239,Stroma F Leggings,斯羅瑪裹腿【Ｆ】
4240,Stroma FX Leggings,斯羅瑪裹腿【ＦＸ】
4241,Stroma G Leggings,斯羅瑪裹腿【Ｇ】
4242,Plunder G Greaves,掠奪護腿【Ｇ】
4243,Plunder GF Greaves,掠奪護腿【ＧＦ】
4244,Plunder GX Greaves,掠奪護腿【ＧＸ】
4245,Plunder G Leggings,掠奪裹腿【Ｇ】
4246,Plunder GF Leggings,掠奪裹腿【ＧＦ】
4247,Plunder GX Leggings,掠奪裹腿【ＧＸ】
4248,Altera Greaves,阿勒特艾爾阿護腿
4249,Altera F Greaves,阿勒特艾爾阿護腿【Ｆ】
4250,Altera FX Greaves,阿勒特艾爾阿護腿【ＦＸ】
4251,Altera G Greaves,阿勒特艾爾阿護腿【Ｇ】
4252,Altera GF Greaves,阿勒特艾爾阿護腿【ＧＦ】
4253,Altera Leggings,阿勒特艾爾阿裹腿
4254,Altera F Leggings,阿勒特艾爾阿裹腿【Ｆ】
4255,Altera FX Leggings,阿勒特艾爾阿裹腿【ＦＸ】
4256,Altera G Leggings,阿勒特艾爾阿裹腿【Ｇ】
4257,Altera GF Leggings,阿勒特艾爾阿裹腿【ＧＦ】
4258,Dragon G Feet,龍【Ｇ】
4259,Dragon GF Feet,龍【ＧＦ】
4260,Dragon GX Feet,龍【ＧＸ】
4261,Dragon G Legs,龍腿甲【Ｇ】
4262,Dragon GF Legs,龍腿甲【ＧＦ】
4263,Dragon GX Legs,龍腿甲【ＧＸ】
4264,Iriku Greaves,伊里庫護腿
4265,Iriku F Greaves,伊里庫護腿【Ｆ】
4266,Iriku FX Greaves,伊里庫護腿【ＦＸ】
4267,Iriku HC Greaves,伊里庫護腿【ＨＣ】
4268,Iriku Leggings,伊里庫裹腿
4269,Iriku F Leggings,伊里庫裹腿【Ｆ】
4270,Iriku FX Leggings,伊里庫裹腿【ＦＸ】
4271,Iriku HC Leggings,伊里庫裹腿【ＨＣ】
4272,Iriku G Greaves,伊里庫護腿【Ｇ】
4273,Iriku GF Greaves,伊里庫護腿【ＧＦ】
4274,Iriku GX Greaves,伊里庫護腿【ＧＸ】
4275,Iriku G Leggings,伊里庫裹腿【Ｇ】
4276,Iriku GF Leggings,伊里庫裹腿【ＧＦ】
4277,Iriku GX Leggings,伊里庫裹腿【ＧＸ】
4278,Afti G Greaves,阿夫特伊Ｇ腕護腿【Ｇ】
4279,Afti GF Greaves,阿夫特伊Ｇ腕護腿【ＧＦ】
4280,Afti GX Greaves,阿夫特伊Ｇ腕護腿【ＧＸ】
4281,Afti G Leggings,阿夫特伊Ｇ腕裹腿【Ｇ】
4282,Afti GF Leggings,阿夫特伊Ｇ腕裹腿【ＧＦ】
4283,Afti GX Leggings,阿夫特伊Ｇ腕裹腿【ＧＸ】
4284,Secuti Feet・Black,塞克烏提夫伊・黑
4285,Secuti F Feet・Black,塞克烏提夫伊【Ｆ】・黑
4286,Secuti FZ Feet・Black,塞克烏提夫伊【ＦＺ】・黑
4287,Secuti HS Feet・Black,塞克烏提夫伊【ＨＳ】・黑
4288,Secuti GS Feet・Black,塞克烏提夫伊【ＧＳ】・黑
4289,Secuti GP Feet・Black,塞克烏提夫伊【ＧＰ】・黑
4290,Secuti Boots・Black,塞克烏提靴・黑
4291,Secuti F Boots・Black,塞克烏提靴【Ｆ】・黑
4292,Secuti FZ Boots・Black,塞克烏提靴【ＦＺ】・黑
4293,Secuti HS Boots・Black,塞克烏提靴【ＨＳ】・黑
4294,Secuti GS Boots・Black,塞克烏提靴【ＧＳ】・黑
4295,Secuti GP Boots・Black,塞克烏提靴【ＧＰ】・黑
4296,Secuti Feet・Blue,塞克烏提夫伊・青
4297,Secuti F Feet・Blue,塞克烏提夫伊【Ｆ】・青
4298,Secuti FZ Feet・Blue,塞克烏提夫伊【ＦＺ】・青
4299,Secuti HS Feet・Blue,塞克烏提夫伊【ＨＳ】・青
4300,Secuti GS Feet・Blue,塞克烏提夫伊【ＧＳ】・青
4301,Secuti GP Feet・Blue,塞克烏提夫伊【ＧＰ】・青
4302,Secuti Boots・Blue,塞克烏提靴・青
4303,Secuti F Boots・Blue,塞克烏提靴【Ｆ】・青
4304,Secuti FZ Boots・Blue,塞克烏提靴【ＦＺ】・青
4305,Secuti HS Boots・Blue,塞克烏提靴【ＨＳ】・青
4306,Secuti GS Boots・Blue,塞克烏提靴【ＧＳ】・青
4307,Secuti GP Boots・Blue,塞克烏提靴【ＧＰ】・青
4308,Secuti Feet・Red,塞克烏提夫伊・赤
4309,Secuti F Feet・Red,塞克烏提夫伊【Ｆ】・赤
4310,Secuti FZ Feet・Red,塞克烏提夫伊【ＦＺ】・赤
4311,Secuti HS Feet・Red,塞克烏提夫伊【ＨＳ】・赤
4312,Secuti GS Feet・Red,塞克烏提夫伊【ＧＳ】・赤
4313,Secuti GP Feet・Red,塞克烏提夫伊【ＧＰ】・赤
4314,Secuti Boots・Red,塞克烏提靴・赤
4315,Secuti F Boots・Red,塞克烏提靴【Ｆ】・赤
4316,Secuti FZ Boots・Red,塞克烏提靴【ＦＺ】・赤
4317,Secuti HS Boots・Red,塞克烏提靴【ＨＳ】・赤
4318,Secuti GS Boots・Red,塞克烏提靴【ＧＳ】・赤
4319,Secuti GP Boots・Red,塞克烏提靴【ＧＰ】・赤
4320,Secuti Feet・White,塞克烏提夫伊・白
4321,Secuti F Feet・White,塞克烏提夫伊【Ｆ】・白
4322,Secuti FZ Feet・White,塞克烏提夫伊【ＦＺ】・白
4323,Secuti HS Feet・White,塞克烏提夫伊【ＨＳ】・白
4324,Secuti GS Feet・White,塞克烏提夫伊【ＧＳ】・白
4325,Secuti GP Feet・White,塞克烏提夫伊【ＧＰ】・白
4326,Secuti Boots・White,塞克烏提靴・白
4327,Secuti F Boots・White,塞克烏提靴【Ｆ】・白
4328,Secuti FZ Boots・White,塞克烏提靴【ＦＺ】・白
4329,Secuti HS Boots・White,塞克烏提靴【ＨＳ】・白
4330,Secuti GS Boots・White,塞克烏提靴【ＧＳ】・白
4331,Secuti GP Boots・White,塞克烏提靴【ＧＰ】・白
4332,Gelt Feet・Black,蓋爾特夫伊特・黑
4333,Gelt F Feet・Black,蓋爾特夫伊特【Ｆ】・黑
4334,Gelt FZ Feet・Black,蓋爾特夫伊特【ＦＺ】・黑
4335,Gelt HS Feet・Black,蓋爾特夫伊特【ＨＳ】・黑
4336,Gelt GS Feet・Black,蓋爾特夫伊特【ＧＳ】・黑
4337,Gelt GP Feet・Black,蓋爾特夫伊特【ＧＰ】・黑
4338,Gelt Boots・Black,格爾特靴・黑
4339,Gelt F Boots・Black,格爾特靴【Ｆ】・黑
4340,Gelt FZ Boots・Black,格爾特靴【ＦＺ】・黑
4341,Gelt HS Boots・Black,格爾特靴【ＨＳ】・黑
4342,Gelt GS Boots・Black,格爾特靴【ＧＳ】・黑
4343,Gelt GP Boots・Black,格爾特靴【ＧＰ】・黑
4344,Gelt Feet・Copper,蓋爾特夫伊特
4345,Gelt F Feet・Copper,蓋爾特夫伊特【Ｆ】
4346,Gelt FZ Feet・Copper,蓋爾特夫伊特【ＦＺ】
4347,Gelt HS Feet・Copper,蓋爾特夫伊特【ＨＳ】
4348,Gelt GS Feet・Copper,蓋爾特夫伊特【ＧＳ】
4349,Gelt GP Feet・Copper,蓋爾特夫伊特【ＧＰ】
4350,Gelt Boots・Copper,蓋爾特克歐普佩爾靴
4351,Gelt F Boots・Copper,蓋爾特克歐普佩爾靴【Ｆ】
4352,Gelt FZ Boots・Copper,蓋爾特克歐普佩爾靴【ＦＺ】
4353,Gelt HS Boots・Copper,蓋爾特克歐普佩爾靴【ＨＳ】
4354,Gelt GS Boots・Copper,蓋爾特克歐普佩爾靴【ＧＳ】
4355,Gelt GP Boots・Copper,蓋爾特克歐普佩爾靴【ＧＰ】
4356,Gelt Feet・Silver,蓋爾特夫伊特・銀
4357,Gelt F Feet・Silver,蓋爾特夫伊特【Ｆ】・銀
4358,Gelt FZ Feet・Silver,蓋爾特夫伊特【ＦＺ】・銀
4359,Gelt HS Feet・Silver,蓋爾特夫伊特【ＨＳ】・銀
4360,Gelt GS Feet・Silver,蓋爾特夫伊特【ＧＳ】・銀
4361,Gelt GP Feet・Silver,蓋爾特夫伊特【ＧＰ】・銀
4362,Gelt Boots・Silver,格爾特靴・銀
4363,Gelt F Boots・Silver,格爾特靴【Ｆ】・銀
4364,Gelt FZ Boots・Silver,格爾特靴【ＦＺ】・銀
4365,Gelt HS Boots・Silver,格爾特靴【ＨＳ】・銀
4366,Gelt GS Boots・Silver,格爾特靴【ＧＳ】・銀
4367,Gelt GP Boots・Silver,格爾特靴【ＧＰ】・銀
4368,Gelt Feet・Gold,蓋爾特夫伊特・金
4369,Gelt F Feet・Gold,蓋爾特夫伊特【Ｆ】・金
4370,Gelt FZ Feet・Gold,蓋爾特夫伊特【ＦＺ】・金
4371,Gelt HS Feet・Gold,蓋爾特夫伊特【ＨＳ】・金
4372,Gelt GS Feet・Gold,蓋爾特夫伊特【ＧＳ】・金
4373,Gelt GP Feet・Gold,蓋爾特夫伊特【ＧＰ】・金
4374,Gelt Boots・Gold,格爾特靴・金
4375,Gelt F Boots・Gold,格爾特靴【Ｆ】・金
4376,Gelt FZ Boots・Gold,格爾特靴【ＦＺ】・金
4377,Gelt HS Boots・Gold,格爾特靴【ＨＳ】・金
4378,Gelt GS Boots・Gold,格爾特靴【ＧＳ】・金
4379,Gelt GP Boots・Gold,格爾特靴【ＧＰ】・金
4380,Shoko Leg,磨尾虎腿
4381,Shoko F Leg,磨尾虎腿【Ｆ】
4382,Shoko FZ Leg,磨尾虎腿【ＦＺ】
4383,Shoko HS Leg,磨尾虎腿【ＨＳ】
4384,Shoko GS Leg,磨尾虎腿【ＧＳ】
4385,Shoko GP Leg,磨尾虎腿【ＧＰ】
4386,Shoko Boots,磨尾虎靴
4387,Shoko F Boots,磨尾虎靴【Ｆ】
4388,Shoko FZ Boots,磨尾虎靴【ＦＺ】
4389,Shoko HS Boots,磨尾虎靴【ＨＳ】
4390,Shoko GS Boots,磨尾虎靴【ＧＳ】
4391,Shoko GP Boots,磨尾虎靴【ＧＰ】
4392,Genom Leg・Green,蓋諾姆腿・緑
4393,Genom F Leg・Green,蓋諾姆腿【Ｆ】・緑
4394,Genom FZ Leg・Green,蓋諾姆腿【ＦＺ】・緑
4395,Genom HS Leg・Green,蓋諾姆腿【ＨＳ】・緑
4396,Genom GS Leg・Green,蓋諾姆腿【ＧＳ】・緑
4397,Genom GP Leg・Green,蓋諾姆腿【ＧＰ】・緑
4398,Genom Boots・Green,蓋諾姆靴・緑
4399,Genom F Boots・Green,蓋諾姆靴【Ｆ】・緑
4400,Genom FZ Boots・Green,蓋諾姆靴【ＦＺ】・緑
4401,Genom HS Boots・Green,蓋諾姆靴【ＨＳ】・緑
4402,Genom GS Boots・Green,蓋諾姆靴【ＧＳ】・緑
4403,Genom GP Boots・Green,蓋諾姆靴【ＧＰ】・緑
4404,Genom Leg・Water,蓋諾姆瓦特爾腿
4405,Genom F Leg・Water,蓋諾姆瓦特爾腿【Ｆ】
4406,Genom FZ Leg・Water,蓋諾姆瓦特爾腿【ＦＺ】
4407,Genom HS Leg・Water,蓋諾姆瓦特爾腿【ＨＳ】
4408,Genom GS Leg・Water,蓋諾姆瓦特爾腿【ＧＳ】
4409,Genom GP Leg・Water,蓋諾姆瓦特爾腿【ＧＰ】
4410,Genom Boots・Water,蓋諾姆瓦特爾靴
4411,Genom F Boots・Water,蓋諾姆瓦特爾靴【Ｆ】
4412,Genom FZ Boots・Water,蓋諾姆瓦特爾靴【ＦＺ】
4413,Genom HS Boots・Water,蓋諾姆瓦特爾靴【ＨＳ】
4414,Genom GS Boots・Water,蓋諾姆瓦特爾靴【ＧＳ】
4415,Genom GP Boots・Water,蓋諾姆瓦特爾靴【ＧＰ】
4416,Genom Leg・Red,蓋諾姆腿・赤
4417,Genom F Leg・Red,蓋諾姆腿【Ｆ】・赤
4418,Genom FZ Leg・Red,蓋諾姆腿【ＦＺ】・赤
4419,Genom HS Leg・Red,蓋諾姆腿【ＨＳ】・赤
4420,Genom GS Leg・Red,蓋諾姆腿【ＧＳ】・赤
4421,Genom GP Leg・Red,蓋諾姆腿【ＧＰ】・赤
4422,Genom Boots・Red,蓋諾姆靴・赤
4423,Genom F Boots・Red,蓋諾姆靴【Ｆ】・赤
4424,Genom FZ Boots・Red,蓋諾姆靴【ＦＺ】・赤
4425,Genom HS Boots・Red,蓋諾姆靴【ＨＳ】・赤
4426,Genom GS Boots・Red,蓋諾姆靴【ＧＳ】・赤
4427,Genom GP Boots・Red,蓋諾姆靴【ＧＰ】・赤
4428,Genom Leg・Purple,蓋諾姆腿・紫
4429,Genom F Leg・Purple,蓋諾姆腿【Ｆ】・紫
4430,Genom FZ Leg・Purple,蓋諾姆腿【ＦＺ】・紫
4431,Genom HS Leg・Purple,蓋諾姆腿【ＨＳ】・紫
4432,Genom GS Leg・Purple,蓋諾姆腿【ＧＳ】・紫
4433,Genom GP Leg・Purple,蓋諾姆腿【ＧＰ】・紫
4434,Genom Boots・Purple,蓋諾姆靴・紫
4435,Genom F Boots・Purple,蓋諾姆靴【Ｆ】・紫
4436,Genom FZ Boots・Purple,蓋諾姆靴【ＦＺ】・紫
4437,Genom HS Boots・Purple,蓋諾姆靴【ＨＳ】・紫
4438,Genom GS Boots・Purple,蓋諾姆靴【ＧＳ】・紫
4439,Genom GP Boots・Purple,蓋諾姆靴【ＧＰ】・紫
4440,Divol Feet Green,迪夫歐爾夫伊・緑
4441,Divol F Feet Green,迪夫歐爾夫伊【Ｆ】・緑
4442,Divol FZ Feet Green,迪夫歐爾夫伊【ＦＺ】・緑
4443,Divol HS Feet Green,迪夫歐爾夫伊【ＨＳ】・緑
4444,Divol GS Feet Green,迪夫歐爾夫伊【ＧＳ】・緑
4445,Divol GP Feet Green,迪夫歐爾夫伊【ＧＰ】・緑
4446,Divol Boots Green,迪夫歐爾靴・緑
4447,Divol F Boots Green,迪夫歐爾靴【Ｆ】・緑
4448,Divol FZ Boots Green,迪夫歐爾靴【ＦＺ】・緑
4449,Divol HS Boots Green,迪夫歐爾靴【ＨＳ】・緑
4450,Divol GS Boots Green,迪夫歐爾靴【ＧＳ】・緑
4451,Divol GP Boots Green,迪夫歐爾靴【ＧＰ】・緑
4452,Divol Feet Tea,迪夫歐爾夫伊・茶
4453,Divol F Feet Tea,迪夫歐爾夫伊【Ｆ】・茶
4454,Divol FZ Feet Tea,迪夫歐爾夫伊【ＦＺ】・茶
4455,Divol HS Feet Tea,迪夫歐爾夫伊【ＨＳ】・茶
4456,Divol GS Feet Tea,迪夫歐爾夫伊【ＧＳ】・茶
4457,Divol GP Feet Tea,迪夫歐爾夫伊【ＧＰ】・茶
4458,Divol Boots Tea,迪夫歐爾靴・茶
4459,Divol F Boots Tea,迪夫歐爾靴【Ｆ】・茶
4460,Divol FZ Boots Tea,迪夫歐爾靴【ＦＺ】・茶
4461,Divol HS Boots Tea,迪夫歐爾靴【ＨＳ】・茶
4462,Divol GS Boots Tea,迪夫歐爾靴【ＧＳ】・茶
4463,Divol GP Boots Tea,迪夫歐爾靴【ＧＰ】・茶
4464,Divol Feet White,迪夫歐爾夫伊・白
4465,Divol F Feet White,迪夫歐爾夫伊【Ｆ】・白
4466,Divol FZ Feet White,迪夫歐爾夫伊【ＦＺ】・白
4467,Divol HS Feet White,迪夫歐爾夫伊【ＨＳ】・白
4468,Divol GS Feet White,迪夫歐爾夫伊【ＧＳ】・白
4469,Divol GP Feet White,迪夫歐爾夫伊【ＧＰ】・白
4470,Divol Boots White,迪夫歐爾靴・白
4471,Divol F Boots White,迪夫歐爾靴【Ｆ】・白
4472,Divol FZ Boots White,迪夫歐爾靴【ＦＺ】・白
4473,Divol HS Boots White,迪夫歐爾靴【ＨＳ】・白
4474,Divol GS Boots White,迪夫歐爾靴【ＧＳ】・白
4475,Divol GP Boots White,迪夫歐爾靴【ＧＰ】・白
4476,Dante Feet・Red,達恩特夫伊特・赤
4477,Dante F Feet・Red,達恩特夫伊特【Ｆ】・赤
4478,Dante FZ Feet・Red,達恩特夫伊特【ＦＺ】・赤
4479,Dante HS Feet・Red,達恩特夫伊特【ＨＳ】・赤
4480,Dante GS Feet・Red,達恩特夫伊特【ＧＳ】・赤
4481,Dante GP Feet・Red,達恩特夫伊特【ＧＰ】・赤
4482,Dante Boots・Red,達恩特靴・赤
4483,Dante F Boots・Red,達恩特靴【Ｆ】・赤
4484,Dante FZ Boots・Red,達恩特靴【ＦＺ】・赤
4485,Dante HS Boots・Red,達恩特靴【ＨＳ】・赤
4486,Dante GS Boots・Red,達恩特靴【ＧＳ】・赤
4487,Dante GP Boots・Red,達恩特靴【ＧＰ】・赤
4488,Lady Feet・White,拉德伊夫伊特・白
4489,Lady F Feet・White,拉德伊夫伊特【Ｆ】・白
4490,Lady FZ Feet・White,拉德伊夫伊特【ＦＺ】・白
4491,Lady HS Feet・White,拉德伊夫伊特【ＨＳ】・白
4492,Lady GS Feet・White,拉德伊夫伊特【ＧＳ】・白
4493,Lady GP Feet・White,拉德伊夫伊特【ＧＰ】・白
4494,Lady Boots・White,爾阿德伊靴・白
4495,Lady F Boots・White,爾阿德伊靴【Ｆ】・白
4496,Lady FZ Boots・White,爾阿德伊靴【ＦＺ】・白
4497,Lady HS Boots・White,爾阿德伊靴【ＨＳ】・白
4498,Lady GS Boots・White,爾阿德伊靴【ＧＳ】・白
4499,Lady GP Boots・White,爾阿德伊靴【ＧＰ】・白
4500,Dante Feet・Black,達恩特夫伊特・黑
4501,Dante F Feet・Black,達恩特夫伊特【Ｆ】・黑
4502,Dante FZ Feet・Black,達恩特夫伊特【ＦＺ】・黑
4503,Dante HS Feet・Black,達恩特夫伊特【ＨＳ】・黑
4504,Dante GS Feet・Black,達恩特夫伊特【ＧＳ】・黑
4505,Dante GP Feet・Black,達恩特夫伊特【ＧＰ】・黑
4506,Dante Boots・Black,達恩特靴・黑
4507,Dante F Boots・Black,達恩特靴【Ｆ】・黑
4508,Dante FZ Boots・Black,達恩特靴【ＦＺ】・黑
4509,Dante HS Boots・Black,達恩特靴【ＨＳ】・黑
4510,Dante GS Boots・Black,達恩特靴【ＧＳ】・黑
4511,Dante GP Boots・Black,達恩特靴【ＧＰ】・黑
4512,Lady Feet・Black,拉德伊夫伊特・黑
4513,Lady F Feet・Black,拉德伊夫伊特【Ｆ】・黑
4514,Lady FZ Feet・Black,拉德伊夫伊特【ＦＺ】・黑
4515,Lady HS Feet・Black,拉德伊夫伊特【ＨＳ】・黑
4516,Lady GS Feet・Black,拉德伊夫伊特【ＧＳ】・黑
4517,Lady GP Feet・Black,拉德伊夫伊特【ＧＰ】・黑
4518,Lady Boots・Black,爾阿德伊靴・黑
4519,Lady F Boots・Black,爾阿德伊靴【Ｆ】・黑
4520,Lady FZ Boots・Black,爾阿德伊靴【ＦＺ】・黑
4521,Lady HS Boots・Black,爾阿德伊靴【ＨＳ】・黑
4522,Lady GS Boots・Black,爾阿德伊靴【ＧＳ】・黑
4523,Lady GP Boots・Black,爾阿德伊靴【ＧＰ】・黑
4524,Dante Feet・White,達恩特夫伊特・白
4525,Dante F Feet・White,達恩特夫伊特【Ｆ】・白
4526,Dante FZ Feet・White,達恩特夫伊特【ＦＺ】・白
4527,Dante HS Feet・White,達恩特夫伊特【ＨＳ】・白
4528,Dante GS Feet・White,達恩特夫伊特【ＧＳ】・白
4529,Dante GP Feet・White,達恩特夫伊特【ＧＰ】・白
4530,Dante Boots・White,達恩特靴・白
4531,Dante F Boots・White,達恩特靴【Ｆ】・白
4532,Dante FZ Boots・White,達恩特靴【ＦＺ】・白
4533,Dante HS Boots・White,達恩特靴【ＨＳ】・白
4534,Dante GS Boots・White,達恩特靴【ＧＳ】・白
4535,Dante GP Boots・White,達恩特靴【ＧＰ】・白
4536,Lady Feet・Red,拉德伊夫伊特・赤
4537,Lady F Feet・Red,拉德伊夫伊特【Ｆ】・赤
4538,Lady FZ Feet・Red,拉德伊夫伊特【ＦＺ】・赤
4539,Lady HS Feet・Red,拉德伊夫伊特【ＨＳ】・赤
4540,Lady GS Feet・Red,拉德伊夫伊特【ＧＳ】・赤
4541,Lady GP Feet・Red,拉德伊夫伊特【ＧＰ】・赤
4542,Lady Boots・Red,爾阿德伊靴・赤
4543,Lady F Boots・Red,爾阿德伊靴【Ｆ】・赤
4544,Lady FZ Boots・Red,爾阿德伊靴【ＦＺ】・赤
4545,Lady HS Boots・Red,爾阿德伊靴【ＨＳ】・赤
4546,Lady GS Boots・Red,爾阿德伊靴【ＧＳ】・赤
4547,Lady GP Boots・Red,爾阿德伊靴【ＧＰ】・赤
4548,Dante Feet・Green,達恩特夫伊特・緑
4549,Dante F Feet・Green,達恩特夫伊特【Ｆ】・緑
4550,Dante FZ Feet・Green,達恩特夫伊特【ＦＺ】・緑
4551,Dante HS Feet・Green,達恩特夫伊特【ＨＳ】・緑
4552,Dante GS Feet・Green,達恩特夫伊特【ＧＳ】・緑
4553,Dante GP Feet・Green,達恩特夫伊特【ＧＰ】・緑
4554,Dante Boots・Green,達恩特靴・緑
4555,Dante F Boots・Green,達恩特靴【Ｆ】・緑
4556,Dante FZ Boots・Green,達恩特靴【ＦＺ】・緑
4557,Dante HS Boots・Green,達恩特靴【ＨＳ】・緑
4558,Dante GS Boots・Green,達恩特靴【ＧＳ】・緑
4559,Dante GP Boots・Green,達恩特靴【ＧＰ】・緑
4560,Lady Feet・Green,拉德伊夫伊特・緑
4561,Lady F Feet・Green,拉德伊夫伊特【Ｆ】・緑
4562,Lady FZ Feet・Green,拉德伊夫伊特【ＦＺ】・緑
4563,Lady HS Feet・Green,拉德伊夫伊特【ＨＳ】・緑
4564,Lady GS Feet・Green,拉德伊夫伊特【ＧＳ】・緑
4565,Lady GP Feet・Green,拉德伊夫伊特【ＧＰ】・緑
4566,Lady Boots・Green,爾阿德伊靴・緑
4567,Lady F Boots・Green,爾阿德伊靴【Ｆ】・緑
4568,Lady FZ Boots・Green,爾阿德伊靴【ＦＺ】・緑
4569,Lady HS Boots・Green,爾阿德伊靴【ＨＳ】・緑
4570,Lady GS Boots・Green,爾阿德伊靴【ＧＳ】・緑
4571,Lady GP Boots・Green,爾阿德伊靴【ＧＰ】・緑
4572,昇龍FZ脚着・White,昇龍脚着・白
4573,昇龍HS脚着・White,昇龍脚着・白
4574,昇龍GS脚着・White,昇龍脚着・白
4575,昇龍GP脚着・White,昇龍脚着・白
4576,波動FZ脚着・White,波動脚着・白
4577,波動HS脚着・White,波動脚着・白
4578,波動GS脚着・White,波動脚着・白
4579,波動GP脚着・White,波動脚着・白
4580,百裂FZ脚着・Blue,百裂脚着・青
4581,百裂HS脚着・Blue,百裂脚着・青
4582,百裂GS脚着・Blue,百裂脚着・青
4583,百裂GP脚着・Blue,百裂脚着・青
4584,気功FZ脚着・Blue,気功脚着・青
4585,気功HS脚着・Blue,気功脚着・青
4586,気功GS脚着・Blue,気功脚着・青
4587,気功GP脚着・Blue,気功脚着・青
4588,昇龍FZ脚着・紺,昇龍脚着紺
4589,昇龍HS脚着・紺,昇龍脚着紺
4590,昇龍GS脚着・紺,昇龍脚着紺
4591,昇龍GP脚着・紺,昇龍脚着紺
4592,波動FZ脚着・紺,波動脚着紺
4593,波動HS脚着・紺,波動脚着紺
4594,波動GS脚着・紺,波動脚着紺
4595,波動GP脚着・紺,波動脚着紺
4596,百裂FZ脚着・Black,百裂脚着・黑
4597,百裂HS脚着・Black,百裂脚着・黑
4598,百裂GS脚着・Black,百裂脚着・黑
4599,百裂GP脚着・Black,百裂脚着・黑
4600,気功FZ脚着・Black,気功脚着・黑
4601,気功HS脚着・Black,気功脚着・黑
4602,気功GS脚着・Black,気功脚着・黑
4603,気功GP脚着・Black,気功脚着・黑
4604,昇龍FZ脚着・Yellow,昇龍脚着・黄
4605,昇龍HS脚着・Yellow,昇龍脚着・黄
4606,昇龍GS脚着・Yellow,昇龍脚着・黄
4607,昇龍GP脚着・Yellow,昇龍脚着・黄
4608,波動FZ脚着・Yellow,波動脚着・黄
4609,波動HS脚着・Yellow,波動脚着・黄
4610,波動GS脚着・Yellow,波動脚着・黄
4611,波動GP脚着・Yellow,波動脚着・黄
4612,百裂FZ脚着・Yellow,百裂脚着・黄
4613,百裂HS脚着・Yellow,百裂脚着・黄
4614,百裂GS脚着・Yellow,百裂脚着・黄
4615,百裂GP脚着・Yellow,百裂脚着・黄
4616,気功FZ脚着・Yellow,気功脚着・黄
4617,気功HS脚着・Yellow,気功脚着・黄
4618,気功GS脚着・Yellow,気功脚着・黄
4619,気功GP脚着・Yellow,気功脚着・黄
4620,昇龍FZ脚着・Purple,昇龍脚着・紫
4621,昇龍HS脚着・Purple,昇龍脚着・紫
4622,昇龍GS脚着・Purple,昇龍脚着・紫
4623,昇龍GP脚着・Purple,昇龍脚着・紫
4624,波動FZ脚着・Purple,波動脚着・紫
4625,波動HS脚着・Purple,波動脚着・紫
4626,波動GS脚着・Purple,波動脚着・紫
4627,波動GP脚着・Purple,波動脚着・紫
4628,百裂FZ脚着・Green,百裂脚着・緑
4629,百裂HS脚着・Green,百裂脚着・緑
4630,百裂GS脚着・Green,百裂脚着・緑
4631,百裂GP脚着・Green,百裂脚着・緑
4632,気功FZ脚着・Green,気功脚着・緑
4633,気功HS脚着・Green,気功脚着・緑
4634,気功GS脚着・Green,気功脚着・緑
4635,気功GP脚着・Green,気功脚着・緑
4636,竜巻FZ脚着・Black,竜巻脚着・黑
4637,竜巻HS脚着・Black,竜巻脚着・黑
4638,竜巻GS脚着・Black,竜巻脚着・黑
4639,竜巻GP脚着・Black,竜巻脚着・黑
4640,True 空FZ脚着・Black,空脚着・黑
4641,True 空HS脚着・Black,空脚着・黑
4642,True 空GS脚着・Black,空脚着・黑
4643,True 空GP脚着・Black,空脚着・黑
4644,千裂FZ脚着・Black,千裂脚着・黑
4645,千裂HS脚着・Black,千裂脚着・黑
4646,千裂GS脚着・Black,千裂脚着・黑
4647,千裂GP脚着・Black,千裂脚着・黑
4648,覇山FZ脚着・Black,覇山脚着・黑
4649,覇山HS脚着・Black,覇山脚着・黑
4650,覇山GS脚着・Black,覇山脚着・黑
4651,覇山GP脚着・Black,覇山脚着・黑
4652,竜巻FZ脚着・Tea,竜巻脚着・茶
4653,竜巻HS脚着・Tea,竜巻脚着・茶
4654,竜巻GS脚着・Tea,竜巻脚着・茶
4655,竜巻GP脚着・Tea,竜巻脚着・茶
4656,True 空FZ脚着・Tea,空脚着・茶
4657,True 空HS脚着・Tea,空脚着・茶
4658,True 空GS脚着・Tea,空脚着・茶
4659,True 空GP脚着・Tea,空脚着・茶
4660,千裂FZ脚着・Purple,千裂脚着・紫
4661,千裂HS脚着・Purple,千裂脚着・紫
4662,千裂GS脚着・Purple,千裂脚着・紫
4663,千裂GP脚着・Purple,千裂脚着・紫
4664,覇山FZ脚着・Purple,覇山脚着・紫
4665,覇山HS脚着・Purple,覇山脚着・紫
4666,覇山GS脚着・Purple,覇山脚着・紫
4667,覇山GP脚着・Purple,覇山脚着・紫
4668,竜巻FZ脚着・White,竜巻脚着・白
4669,竜巻HS脚着・White,竜巻脚着・白
4670,竜巻GS脚着・White,竜巻脚着・白
4671,竜巻GP脚着・White,竜巻脚着・白
4672,True 空FZ脚着・White,空脚着・白
4673,True 空HS脚着・White,空脚着・白
4674,True 空GS脚着・White,空脚着・白
4675,True 空GP脚着・White,空脚着・白
4676,千裂FZ脚着・White,千裂脚着・白
4677,千裂HS脚着・White,千裂脚着・白
4678,千裂GS脚着・White,千裂脚着・白
4679,千裂GP脚着・White,千裂脚着・白
4680,覇山FZ脚着・White,覇山脚着・白
4681,覇山HS脚着・White,覇山脚着・白
4682,覇山GS脚着・White,覇山脚着・白
4683,覇山GP脚着・White,覇山脚着・白
4684,竜巻FZ脚着・Blue,竜巻脚着・青
4685,竜巻HS脚着・Blue,竜巻脚着・青
4686,竜巻GS脚着・Blue,竜巻脚着・青
4687,竜巻GP脚着・Blue,竜巻脚着・青
4688,True 空FZ脚着・Blue,空脚着・青
4689,True 空HS脚着・Blue,空脚着・青
4690,True 空GS脚着・Blue,空脚着・青
4691,True 空GP脚着・Blue,空脚着・青
4692,千裂FZ脚着・Green,千裂脚着・緑
4693,千裂HS脚着・Green,千裂脚着・緑
4694,千裂GS脚着・Green,千裂脚着・緑
4695,千裂GP脚着・Green,千裂脚着・緑
4696,覇山FZ脚着・Green,覇山脚着・緑
4697,覇山HS脚着・Green,覇山脚着・緑
4698,覇山GS脚着・Green,覇山脚着・緑
4699,覇山GP脚着・Green,覇山脚着・緑
4700,Demon FZ Greaves・Blue,鬼護腿【ＦＺ】・青
4701,Demon HS Greaves・Blue,鬼護腿【ＨＳ】・青
4702,Demon GS Greaves・Blue,鬼護腿【ＧＳ】・青
4703,Demon GP Greaves・Blue,鬼護腿【ＧＰ】・青
4704,Chaos FZ Greaves・Blue,混沌護腕青護腿【ＦＺ】・青
4705,Chaos HS Greaves・Blue,混沌護腕青護腿【ＨＳ】・青
4706,Chaos GS Greaves・Blue,混沌護腕青護腿【ＧＳ】・青
4707,Chaos GP Greaves・Blue,混沌護腕青護腿【ＧＰ】・青
4708,Shadow FZ Boots Purple,夏多烏靴【ＦＺ】・紫
4709,Shadow HS Boots Purple,夏多烏靴【ＨＳ】・紫
4710,Shadow GS Boots Purple,夏多烏靴【ＧＳ】・紫
4711,Shadow GP Boots Purple,夏多烏靴【ＧＰ】・紫
4712,Soul FZ Boots・Purple,索烏爾靴【ＦＺ】・紫
4713,Soul HS Boots・Purple,索烏爾靴【ＨＳ】・紫
4714,Soul GS Boots・Purple,索烏爾靴【ＧＳ】・紫
4715,Soul GP Boots・Purple,索烏爾靴【ＧＰ】・紫
4716,Demon FZ Greaves・Red,鬼護腿【ＦＺ】・赤
4717,Demon HS Greaves・Red,鬼護腿【ＨＳ】・赤
4718,Demon GS Greaves・Red,鬼護腿【ＧＳ】・赤
4719,Demon GP Greaves・Red,鬼護腿【ＧＰ】・赤
4720,Chaos FZ Greaves・Red,混沌護腕青護腿【ＦＺ】・赤
4721,Chaos HS Greaves・Red,混沌護腕青護腿【ＨＳ】・赤
4722,Chaos GS Greaves・Red,混沌護腕青護腿【ＧＳ】・赤
4723,Chaos GP Greaves・Red,混沌護腕青護腿【ＧＰ】・赤
4724,Shadow FZ Boots Red,夏多烏靴【ＦＺ】・赤
4725,Shadow HS Boots Red,夏多烏靴【ＨＳ】・赤
4726,Shadow GS Boots Red,夏多烏靴【ＧＳ】・赤
4727,Shadow GP Boots Red,夏多烏靴【ＧＰ】・赤
4728,Soul FZ Boots・Red,索烏爾靴【ＦＺ】・赤
4729,Soul HS Boots・Red,索烏爾靴【ＨＳ】・赤
4730,Soul GS Boots・Red,索烏爾靴【ＧＳ】・赤
4731,Soul GP Boots・Red,索烏爾靴【ＧＰ】・赤
4732,Demon FZ Greaves・Green,鬼護腿【ＦＺ】・緑
4733,Demon HS Greaves・Green,鬼護腿【ＨＳ】・緑
4734,Demon GS Greaves・Green,鬼護腿【ＧＳ】・緑
4735,Demon GP Greaves・Green,鬼護腿【ＧＰ】・緑
4736,Chaos FZ Greaves・Green,混沌護腕青護腿【ＦＺ】・緑
4737,Chaos HS Greaves・Green,混沌護腕青護腿【ＨＳ】・緑
4738,Chaos GS Greaves・Green,混沌護腕青護腿【ＧＳ】・緑
4739,Chaos GP Greaves・Green,混沌護腕青護腿【ＧＰ】・緑
4740,Shadow FZ Boots Green,夏多烏靴【ＦＺ】・緑
4741,Shadow HS Boots Green,夏多烏靴【ＨＳ】・緑
4742,Shadow GS Boots Green,夏多烏靴【ＧＳ】・緑
4743,Shadow GP Boots Green,夏多烏靴【ＧＰ】・緑
4744,Soul FZ Boots・Green,索烏爾靴【ＦＺ】・緑
4745,Soul HS Boots・Green,索烏爾靴【ＨＳ】・緑
4746,Soul GS Boots・Green,索烏爾靴【ＧＳ】・緑
4747,Soul GP Boots・Green,索烏爾靴【ＧＰ】・緑
4748,Demon FZ Greaves・White,鬼護腿【ＦＺ】・白
4749,Demon HS Greaves・White,鬼護腿【ＨＳ】・白
4750,Demon GS Greaves・White,鬼護腿【ＧＳ】・白
4751,Demon GP Greaves・White,鬼護腿【ＧＰ】・白
4752,Chaos FZ Greaves・White,混沌護腕青護腿【ＦＺ】・白
4753,Chaos HS Greaves・White,混沌護腕青護腿【ＨＳ】・白
4754,Chaos GS Greaves・White,混沌護腕青護腿【ＧＳ】・白
4755,Chaos GP Greaves・White,混沌護腕青護腿【ＧＰ】・白
4756,Shadow FZ Boots White,夏多烏靴【ＦＺ】・白
4757,Shadow HS Boots White,夏多烏靴【ＨＳ】・白
4758,Shadow GS Boots White,夏多烏靴【ＧＳ】・白
4759,Shadow GP Boots White,夏多烏靴【ＧＰ】・白
4760,Soul FZ Boots・White,索烏爾靴【ＦＺ】・白
4761,Soul HS Boots・White,索烏爾靴【ＨＳ】・白
4762,Soul GS Boots・White,索烏爾靴【ＧＳ】・白
4763,Soul GP Boots・White,索烏爾靴【ＧＰ】・白
4764,Issen GS【具足】・Red,具足【ＧＳ】・赤
4765,Issen GP【具足】・Red,具足【ＧＰ】・赤
4766,構射GS【具足】・Red,具足構射・赤
4767,構射GP【具足】・Red,具足構射・赤
4768,蜂針GS【具足】・Orange,具足蜂針・橙
4769,蜂針GP【具足】・Orange,具足蜂針・橙
4770,気弾GS【具足】・Orange,具足気弾・橙
4771,気弾GP【具足】・Orange,具足気弾・橙
4772,Issen GS【具足】・Blue,具足【ＧＳ】・青
4773,Issen GP【具足】・Blue,具足【ＧＰ】・青
4774,構射GS【具足】・Blue,具足構射・青
4775,構射GP【具足】・Blue,具足構射・青
4776,蜂針GS【具足】・Blue,具足蜂針・青
4777,蜂針GP【具足】・Blue,具足蜂針・青
4778,気弾GS【具足】・Blue,具足気弾・青
4779,気弾GP【具足】・Blue,具足気弾・青
4780,Issen GS【具足】・Yellow,具足【ＧＳ】・黄
4781,Issen GP【具足】・Yellow,具足【ＧＰ】・黄
4782,構射GS【具足】・Yellow,具足構射・黄
4783,構射GP【具足】・Yellow,具足構射・黄
4784,蜂針GS【具足】・Yellow,具足蜂針・黄
4785,蜂針GP【具足】・Yellow,具足蜂針・黄
4786,気弾GS【具足】・Yellow,具足気弾・黄
4787,気弾GP【具足】・Yellow,具足気弾・黄
4788,Issen GS【具足】・Black,具足【ＧＳ】・黑
4789,Issen GP【具足】・Black,具足【ＧＰ】・黑
4790,構射GS【具足】・Black,具足構射・黑
4791,構射GP【具足】・Black,具足構射・黑
4792,蜂針GS【具足】・Black,具足蜂針・黑
4793,蜂針GP【具足】・Black,具足蜂針・黑
4794,気弾GS【具足】・Black,具足気弾・黑
4795,気弾GP【具足】・Black,具足気弾・黑
4796,Shinryu GS脚着・Red,脚着・赤
4797,Shinryu GP脚着・Red,脚着・赤
4798,Reppa GS脚着・Red,脚着・赤
4799,Reppa GP脚着・Red,脚着・赤
4800,Cannon GSタイツ・Water,
4801,Cannon GPタイツ・Water,
4802,Axel GSタイツ・Water,
4803,Axel GPタイツ・Water,
4804,Shinryu GS脚着・White,脚着・白
4805,Shinryu GP脚着・White,脚着・白
4806,Reppa GS脚着・White,脚着・白
4807,Reppa GP脚着・White,脚着・白
4808,Cannon GSタイツ・Green,・緑
4809,Cannon GPタイツ・Green,・緑
4810,Axel GSタイツ・Green,・緑
4811,Axel GPタイツ・Green,・緑
4812,Shinryu GS脚着・Purple,脚着・紫
4813,Shinryu GP脚着・Purple,脚着・紫
4814,Reppa GS脚着・Purple,脚着・紫
4815,Reppa GP脚着・Purple,脚着・紫
4816,Cannon GSタイツ・Peach,・桃
4817,Cannon GPタイツ・Peach,・桃
4818,Axel GSタイツ・Peach,・桃
4819,Axel GPタイツ・Peach,・桃
4820,Shinryu GS脚着・Yellow,脚着・黄
4821,Shinryu GP脚着・Yellow,脚着・黄
4822,Reppa GS脚着・Yellow,脚着・黄
4823,Reppa GP脚着・Yellow,脚着・黄
4824,Cannon GSタイツ・Purple,・紫
4825,Cannon GPタイツ・Purple,・紫
4826,Axel GSタイツ・Purple,・紫
4827,Axel GPタイツ・Purple,・紫
4828,Garuda HS Leg,加魯達腿【ＨＳ】
4829,Garuda GS Leg,加魯達腿【ＧＳ】
4830,Garuda GP Leg,加魯達腿【ＧＰ】
4831,Garuda HS Boots,加魯達靴【ＨＳ】
4832,Garuda GS Boots,加魯達靴【ＧＳ】
4833,Garuda GP Boots,加魯達靴【ＧＰ】
4834,Feral HS Leg,夫艾拉爾腿【ＨＳ】
4835,Feral GS Leg,夫艾拉爾腿【ＧＳ】
4836,Feral GP Leg,夫艾拉爾腿【ＧＰ】
4837,Feral HS Boots,夫艾拉爾靴【ＨＳ】
4838,Feral GS Boots,夫艾拉爾靴【ＧＳ】
4839,Feral GP Boots,夫艾拉爾靴【ＧＰ】
4840,Fias HS Leg,夫伊阿斯腿【ＨＳ】
4841,Fias GS Leg,夫伊阿斯腿【ＧＳ】
4842,Fias GP Leg,夫伊阿斯腿【ＧＰ】
4843,Fias HS Boots,夫伊阿斯靴【ＨＳ】
4844,Fias GS Boots,夫伊阿斯靴【ＧＳ】
4845,Fias GP Boots,夫伊阿斯靴【ＧＰ】
4846,Viruto HS Leg,夫伊魯托腿【ＨＳ】
4847,Viruto GS Leg,夫伊魯托腿【ＧＳ】
4848,Viruto GP Leg,夫伊魯托腿【ＧＰ】
4849,Viruto HS Boots,夫伊魯托靴【ＨＳ】
4850,Viruto GS Boots,夫伊魯托靴【ＧＳ】
4851,Viruto GP Boots,夫伊魯托靴【ＧＰ】
4852,Falco HS Greaves,服拉比腕護腿【ＨＳ】
4853,Falco GS Greaves,服拉比腕護腿【ＧＳ】
4854,Falco GP Greaves,服拉比腕護腿【ＧＰ】
4855,Falco HS Leggings,服拉比腕裹腿【ＨＳ】
4856,Falco GS Leggings,服拉比腕裹腿【ＧＳ】
4857,Falco GP Leggings,服拉比腕裹腿【ＧＰ】
4858,Howx HS Greaves,迪拉瓦腕護腿【ＨＳ】
4859,Howx GS Greaves,迪拉瓦腕護腿【ＧＳ】
4860,Howx GP Greaves,迪拉瓦腕護腿【ＧＰ】
4861,Howx HS Leggings,迪拉瓦腕裹腿【ＨＳ】
4862,Howx GS Leggings,迪拉瓦腕裹腿【ＧＳ】
4863,Howx GP Leggings,迪拉瓦腕裹腿【ＧＰ】
4864,Gauss HS Greaves,格阿烏斯斯ＦＺ腕護腿【ＨＳ】
4865,Gauss GS Greaves,格阿烏斯斯ＦＺ腕護腿【ＧＳ】
4866,Gauss GP Greaves,格阿烏斯斯ＦＺ腕護腿【ＧＰ】
4867,Gauss HS Leggings,格阿烏斯斯ＦＺ腕裹腿【ＨＳ】
4868,Gauss GS Leggings,格阿烏斯斯ＦＺ腕裹腿【ＧＳ】
4869,Gauss GP Leggings,格阿烏斯斯ＦＺ腕裹腿【ＧＰ】
4870,Weber HS Greaves,瓦艾布艾爾ＦＺ腕護腿【ＨＳ】
4871,Weber GS Greaves,瓦艾布艾爾ＦＺ腕護腿【ＧＳ】
4872,Weber GP Greaves,瓦艾布艾爾ＦＺ腕護腿【ＧＰ】
4873,Weber HS Leggings,瓦艾布艾爾ＦＺ腕裹腿【ＨＳ】
4874,Weber GS Leggings,瓦艾布艾爾ＦＺ腕裹腿【ＧＳ】
4875,Weber GP Leggings,瓦艾布艾爾ＦＺ腕裹腿【ＧＰ】
4876,Gilbert HS Greaves,格伊勒布艾爾特ＦＺ腕護腿【ＨＳ】
4877,Gilbert GS Greaves,格伊勒布艾爾特ＦＺ腕護腿【ＧＳ】
4878,Gilbert GP Greaves,格伊勒布艾爾特ＦＺ腕護腿【ＧＰ】
4879,Gilbert HS Leggings,格伊勒布艾爾特ＦＺ腕裹腿【ＨＳ】
4880,Gilbert GS Leggings,格伊勒布艾爾特ＦＺ腕裹腿【ＧＳ】
4881,Gilbert GP Leggings,格伊勒布艾爾特ＦＺ腕裹腿【ＧＰ】
4882,Bright GP Greaves,輝腕護腿【ＧＰ】
4883,Bright GP Leggings,輝腕裹腿【ＧＰ】
4884,Juari GP Greaves,朱阿里腕護腿【ＧＰ】
4885,Juari GP Leggings,朱阿里腕裹腿【ＧＰ】
4886,Tinku GP Greaves,特伊恩克烏腕護腿【ＧＰ】
4887,Tinku GP Leggings,特伊恩克烏腕裹腿【ＧＰ】
4888,Luxt Greaves,勒烏克斯特護腿
4889,Luxt F Greaves,勒烏克斯特護腿【Ｆ】
4890,Luxt FY Greaves,勒烏克斯特腕護腿
4891,Luxt HS Greaves,勒烏克斯特護腿【ＨＳ】
4892,Luxt Leggings,勒烏克斯特裹腿
4893,Luxt F Leggings,勒烏克斯特裹腿【Ｆ】
4894,Luxt FY Leggings,勒烏克斯特腕裹腿
4895,Luxt HS Leggings,勒烏克斯特裹腿【ＨＳ】
4896,Luxt G Greaves,勒烏克斯特護腿【Ｇ】
4897,Luxt GF Greaves,勒烏克斯特護腿【ＧＦ】
4898,Luxt GX Greaves,勒烏克斯特護腿【ＧＸ】
4899,Luxt G Leggings,勒烏克斯特裹腿【Ｇ】
4900,Luxt GF Leggings,勒烏克斯特裹腿【ＧＦ】
4901,Luxt GX Leggings,勒烏克斯特裹腿【ＧＸ】
4902,Oleum Greaves,歐勒艾烏姆護腿
4903,Oleum F Greaves,歐勒艾烏姆護腿【Ｆ】
4904,Oleum FY Greaves,歐勒艾烏姆腕護腿
4905,Oleum HS Greaves,歐勒艾烏姆護腿【ＨＳ】
4906,Oleum Leggings,歐勒艾烏姆裹腿
4907,Oleum F Leggings,歐勒艾烏姆裹腿【Ｆ】
4908,Oleum FY Leggings,歐勒艾烏姆腕裹腿
4909,Oleum HS Leggings,歐勒艾烏姆裹腿【ＨＳ】
4910,Oleum G Greaves,歐勒艾烏姆護腿【Ｇ】
4911,Oleum GF Greaves,歐勒艾烏姆護腿【ＧＦ】
4912,Oleum GX Greaves,歐勒艾烏姆護腿【ＧＸ】
4913,Oleum G Leggings,歐勒艾烏姆裹腿【Ｇ】
4914,Oleum GF Leggings,歐勒艾烏姆裹腿【ＧＦ】
4915,Oleum GX Leggings,歐勒艾烏姆裹腿【ＧＸ】
4916,Kuranto Greaves,克烏爾阿恩特歐護腿
4917,Kuranto F Greaves,克烏爾阿恩特歐護腿【Ｆ】
4918,Kuranto FY Greaves,克烏爾阿恩特歐腕護腿
4919,Kuranto HS Greaves,克烏爾阿恩特歐護腿【ＨＳ】
4920,Kuranto Leggings,克烏爾阿恩特歐裹腿
4921,Kuranto F Leggings,克烏爾阿恩特歐裹腿【Ｆ】
4922,Kuranto FY Leggings,克烏爾阿恩特歐腕裹腿
4923,Kuranto HS Leggings,克烏爾阿恩特歐裹腿【ＨＳ】
4924,Kuranto G Greaves,克烏爾阿恩特歐護腿【Ｇ】
4925,Kuranto GF Greaves,克烏爾阿恩特歐護腿【ＧＦ】
4926,Kuranto GX Greaves,克烏爾阿恩特歐護腿【ＧＸ】
4927,Kuranto G Leggings,克烏爾阿恩特歐裹腿【Ｇ】
4928,Kuranto GF Leggings,克烏爾阿恩特歐裹腿【ＧＦ】
4929,Kuranto GX Leggings,克烏爾阿恩特歐裹腿【ＧＸ】
4930,Yupuk Greaves,伊烏普烏克護腿
4931,Yupuk F Greaves,伊烏普烏克護腿【Ｆ】
4932,Yupuk FY Greaves,伊烏普烏克腕護腿
4933,Yupuk HS Greaves,伊烏普烏克護腿【ＨＳ】
4934,Yupuk Leggings,伊烏普烏克裹腿
4935,Yupuk F Leggings,伊烏普烏克裹腿【Ｆ】
4936,Yupuk FY Leggings,伊烏普烏克腕裹腿
4937,Yupuk HS Leggings,伊烏普烏克裹腿【ＨＳ】
4938,Yupuk G Greaves,伊烏普烏克護腿【Ｇ】
4939,Yupuk GF Greaves,伊烏普烏克護腿【ＧＦ】
4940,Yupuk GX Greaves,伊烏普烏克護腿【ＧＸ】
4941,Yupuk G Leggings,伊烏普烏克裹腿【Ｇ】
4942,Yupuk GF Leggings,伊烏普烏克裹腿【ＧＦ】
4943,Yupuk GX Leggings,伊烏普烏克裹腿【ＧＸ】
4944,Higakure G Greaves,秘隱Ｇ腕護腿【Ｇ】
4945,Higakure GF Greaves,秘隱Ｇ腕護腿【ＧＦ】
4946,Higakure GX Greaves,秘隱Ｇ腕護腿【ＧＸ】
4947,Higakure G Leggings,秘隱Ｇ腕裹腿【Ｇ】
4948,Higakure GF Leggings,秘隱Ｇ腕裹腿【ＧＦ】
4949,Higakure GX Leggings,秘隱Ｇ腕裹腿【ＧＸ】
4950,Konseru G Greaves,康塞爾護腿【Ｇ】
4951,Konseru GF Greaves,康塞爾護腿【ＧＦ】
4952,Konseru GX Greaves,康塞爾護腿【ＧＸ】
4953,Konseru G Leggings,康塞爾裹腿【Ｇ】
4954,Konseru GF Leggings,康塞爾裹腿【ＧＦ】
4955,Konseru GX Leggings,康塞爾裹腿【ＧＸ】
4956,Diru G Greaves,迪爾護腿【Ｇ】
4957,Diru GF Greaves,迪爾護腿【ＧＦ】
4958,Diru GX Greaves,迪爾護腿【ＧＸ】
4959,Diru G Leggings,迪爾裹腿【Ｇ】
4960,Diru GF Leggings,迪爾裹腿【ＧＦ】
4961,Diru GX Leggings,迪爾裹腿【ＧＸ】
4962,コルヌー Boots,科魯努靴
4963,コピアイ Boots,科皮阿伊靴
4964,コルヌー Leggings,科魯努裹腿
4965,コピアイ Leggings,科皮阿伊裹腿
4966,メトリー Feet・Blue,・青
4967,メトリーF Feet・Blue,・青
4968,メトリーFZ Feet・Blue,・青
4969,メトリーHC Feet・Blue,・青
4970,メトリーHS Feet・Blue,・青
4971,メトリーGS Feet・Blue,・青
4972,メトリー Boots・Blue,梅托里靴・青
4973,メトリーF Boots・Blue,梅托里靴【Ｆ】・青
4974,メトリーFZ Boots・Blue,梅托里靴【ＦＺ】・青
4975,メトリーHC Boots・Blue,梅托里靴【ＨＣ】・青
4976,メトリーHS Boots・Blue,梅托里靴【ＨＳ】・青
4977,メトリーGS Boots・Blue,梅托里靴【ＧＳ】・青
4978,メトリー Feet・White,・白
4979,メトリーF Feet・White,・白
4980,メトリーFZ Feet・White,・白
4981,メトリーHC Feet・White,・白
4982,メトリーHS Feet・White,・白
4983,メトリーGS Feet・White,・白
4984,メトリー Boots・White,梅托里靴・白
4985,メトリーF Boots・White,梅托里靴【Ｆ】・白
4986,メトリーFZ Boots・White,梅托里靴【ＦＺ】・白
4987,メトリーHC Boots・White,梅托里靴【ＨＣ】・白
4988,メトリーHS Boots・White,梅托里靴【ＨＳ】・白
4989,メトリーGS Boots・White,梅托里靴【ＧＳ】・白
4990,メトリー Feet・Red,・赤
4991,メトリーF Feet・Red,・赤
4992,メトリーFZ Feet・Red,・赤
4993,メトリーHC Feet・Red,・赤
4994,メトリーHS Feet・Red,・赤
4995,メトリーGS Feet・Red,・赤
4996,メトリー Boots・Red,梅托里靴・赤
4997,メトリーF Boots・Red,梅托里靴【Ｆ】・赤
4998,メトリーFZ Boots・Red,梅托里靴【ＦＺ】・赤
4999,メトリーHC Boots・Red,梅托里靴【ＨＣ】・赤
5000,メトリーHS Boots・Red,梅托里靴【ＨＳ】・赤
5001,メトリーGS Boots・Red,梅托里靴【ＧＳ】・赤
5002,メトリー Feet・Green,・緑
5003,メトリーF Feet・Green,・緑
5004,メトリーFZ Feet・Green,・緑
5005,メトリーHC Feet・Green,・緑
5006,メトリーHS Feet・Green,・緑
5007,メトリーGS Feet・Green,・緑
5008,メトリー Boots・Green,梅托里靴・緑
5009,メトリーF Boots・Green,梅托里靴【Ｆ】・緑
5010,メトリーFZ Boots・Green,梅托里靴【ＦＺ】・緑
5011,メトリーHC Boots・Green,梅托里靴【ＨＣ】・緑
5012,メトリーHS Boots・Green,梅托里靴【ＨＳ】・緑
5013,メトリーGS Boots・Green,梅托里靴【ＧＳ】・緑
5014,ノヴィー Feet,
5015,ノヴィーF Feet,
5016,ノヴィーFZ Feet,
5017,ノヴィーHC Feet,
5018,ノヴィーHS Feet,
5019,ノヴィーGS Feet,
5020,ノヴィー Boots,諾伊靴
5021,ノヴィーF Boots,諾伊靴【Ｆ】
5022,ノヴィーFZ Boots,諾伊靴【ＦＺ】
5023,ノヴィーHC Boots,諾伊靴【ＨＣ】
5024,ノヴィーHS Boots,諾伊靴【ＨＳ】
5025,ノヴィーGS Boots,諾伊靴【ＧＳ】
5026,Flora Greaves,弗歐拉護腿
5027,Frau Feet,夫拉烏夫伊特
5028,Lea Leg,勒阿腿
5029,Keith Greaves,凱伊斯護腿
5030,Guinelle Greaves,格烏伊恩艾勒勒艾護腿
5031,Circa Feet,克伊爾克阿夫
5032,Edward Greaves,艾德瓦阿爾德護腿
5033,Taizo Greaves,塔伊佐護腿
5034,Tiala Boots,提阿拉靴
5035,Uwel Boots,烏瓦艾勒靴
5036,Natasha Leggings,娜塔修阿裹腿
5037,ダミー,(dummy)
5038,アミロ Feet・Blue,・青
5039,アミロF Feet・Blue,・青
5040,アミロFZ Feet・Blue,・青
5041,アミロHC Feet・Blue,・青
5042,アミロHS Feet・Blue,・青
5043,アミロGS Feet・Blue,・青
5044,アミロ Boots・Blue,阿米羅靴・青
5045,アミロF Boots・Blue,阿米羅靴【Ｆ】・青
5046,アミロFZ Boots・Blue,阿米羅靴【ＦＺ】・青
5047,アミロHC Boots・Blue,阿米羅靴【ＨＣ】・青
5048,アミロHS Boots・Blue,阿米羅靴【ＨＳ】・青
5049,アミロGS Boots・Blue,阿米羅靴【ＧＳ】・青
5050,アミロ Feet・Red,・赤
5051,アミロF Feet・Red,・赤
5052,アミロFZ Feet・Red,・赤
5053,アミロHC Feet・Red,・赤
5054,アミロHS Feet・Red,・赤
5055,アミロGS Feet・Red,・赤
5056,アミロ Boots・Red,阿米羅靴・赤
5057,アミロF Boots・Red,阿米羅靴【Ｆ】・赤
5058,アミロFZ Boots・Red,阿米羅靴【ＦＺ】・赤
5059,アミロHC Boots・Red,阿米羅靴【ＨＣ】・赤
5060,アミロHS Boots・Red,阿米羅靴【ＨＳ】・赤
5061,アミロGS Boots・Red,阿米羅靴【ＧＳ】・赤
5062,アミロ Feet・Yellow,・黄
5063,アミロF Feet・Yellow,・黄
5064,アミロFZ Feet・Yellow,・黄
5065,アミロHC Feet・Yellow,・黄
5066,アミロHS Feet・Yellow,・黄
5067,アミロGS Feet・Yellow,・黄
5068,アミロ Boots・Yellow,阿米羅靴・黄
5069,アミロF Boots・Yellow,阿米羅靴【Ｆ】・黄
5070,アミロFZ Boots・Yellow,阿米羅靴【ＦＺ】・黄
5071,アミロHC Boots・Yellow,阿米羅靴【ＨＣ】・黄
5072,アミロHS Boots・Yellow,阿米羅靴【ＨＳ】・黄
5073,アミロGS Boots・Yellow,阿米羅靴【ＧＳ】・黄
5074,アミロ Feet・Black,・黑
5075,アミロF Feet・Black,・黑
5076,アミロFZ Feet・Black,・黑
5077,アミロHC Feet・Black,・黑
5078,アミロHS Feet・Black,・黑
5079,アミロGS Feet・Black,・黑
5080,アミロ Boots・Black,阿米羅靴・黑
5081,アミロF Boots・Black,阿米羅靴【Ｆ】・黑
5082,アミロFZ Boots・Black,阿米羅靴【ＦＺ】・黑
5083,アミロHC Boots・Black,阿米羅靴【ＨＣ】・黑
5084,アミロHS Boots・Black,阿米羅靴【ＨＳ】・黑
5085,アミロGS Boots・Black,阿米羅靴【ＧＳ】・黑
5086,Pisces Feet,皮斯克艾斯夫
5087,Pisces F Feet,皮斯克艾斯夫【Ｆ】
5088,Pisces FZ Feet,皮斯克艾斯夫【ＦＺ】
5089,Pisces HC Feet,皮斯克艾斯夫【ＨＣ】
5090,Pisces HS Feet,皮斯克艾斯夫【ＨＳ】
5091,Pisces GS Feet,皮斯克艾斯夫【ＧＳ】
5092,Pisces Boots,皮斯克艾斯靴
5093,Pisces F Boots,皮斯克艾斯靴【Ｆ】
5094,Pisces FZ Boots,皮斯克艾斯靴【ＦＺ】
5095,Pisces HC Boots,皮斯克艾斯靴【ＨＣ】
5096,Pisces HS Boots,皮斯克艾斯靴【ＨＳ】
5097,Pisces GS Boots,皮斯克艾斯靴【ＧＳ】
5098,Azul G Greaves,青護腿【Ｇ】
5099,Azul GF Greaves,青護腿【ＧＦ】
5100,Azul GX Greaves,青護腿【ＧＸ】
5101,Azul G Leggings,青裹腿【Ｇ】
5102,Azul GF Leggings,青裹腿【ＧＦ】
5103,Azul GX Leggings,青裹腿【ＧＸ】
5104,Entora G Greaves,拉瓦里護腿【Ｇ】
5105,Entora GF Greaves,拉瓦里護腿【ＧＦ】
5106,Entora GX Greaves,拉瓦里護腿【ＧＸ】
5107,Entora G Leggings,拉瓦里裹腿【Ｇ】
5108,Entora GF Leggings,拉瓦里裹腿【ＧＦ】
5109,Entora GX Leggings,拉瓦里裹腿【ＧＸ】
5110,Holy King Feet,霍爾伊基恩格
5111,Holy King F Feet,霍爾伊基恩格【Ｆ】
5112,Holy King FZ Feet,霍爾伊基恩格【ＦＺ】
5113,Holy King HS Feet,霍爾伊基恩格【ＨＳ】
5114,Holy King GS Feet,霍爾伊基恩格【ＧＳ】
5115,Holy King GP Feet,霍爾伊基恩格【ＧＰ】
5116,Holy King Boots,霍爾伊基恩格靴
5117,Holy King F Boots,霍爾伊基恩格靴【Ｆ】
5118,Holy King FZ Boots,霍爾伊基恩格靴【ＦＺ】
5119,Holy King HS Boots,霍爾伊基恩格靴【ＨＳ】
5120,Holy King GS Boots,霍爾伊基恩格靴【ＧＳ】
5121,Holy King GP Boots,霍爾伊基恩格靴【ＧＰ】
5122,Hero King Feet,赫羅基恩格夫
5123,Hero King F Feet,赫羅基恩格夫【Ｆ】
5124,Hero King FZ Feet,赫羅基恩格夫【ＦＺ】
5125,Hero King HS Feet,赫羅基恩格夫【ＨＳ】
5126,Hero King GS Feet,赫羅基恩格夫【ＧＳ】
5127,Hero King GP Feet,赫羅基恩格夫【ＧＰ】
5128,Hero King Boots,赫羅基恩格靴
5129,Hero King F Boots,赫羅基恩格靴【Ｆ】
5130,Hero King FZ Boots,赫羅基恩格靴【ＦＺ】
5131,Hero King HS Boots,赫羅基恩格靴【ＨＳ】
5132,Hero King GS Boots,赫羅基恩格靴【ＧＳ】
5133,Hero King GP Boots,赫羅基恩格靴【ＧＰ】
5134,雷刃脚着,雷刃脚着
5135,雷刃F脚着,雷刃脚着
5136,雷刃FZ脚着,雷刃脚着
5137,雷刃HS脚着,雷刃脚着
5138,雷刃GS脚着,雷刃脚着
5139,雷刃GP脚着,雷刃脚着
5140,迅雷脚着,迅雷脚着
5141,迅雷F脚着,迅雷脚着
5142,迅雷FZ脚着,迅雷脚着
5143,迅雷HS脚着,迅雷脚着
5144,迅雷GS脚着,迅雷脚着
5145,迅雷GP脚着,迅雷脚着
5146,Heaven 星脚着,星脚着
5147,Heaven 星F脚着,星脚着
5148,Heaven 星FZ脚着,星脚着
5149,Heaven 星HS脚着,星脚着
5150,Heaven 星GS脚着,星脚着
5151,Heaven 星GP脚着,星脚着
5152,飛燕脚着,飛燕脚着
5153,飛燕F脚着,飛燕脚着
5154,飛燕FZ脚着,飛燕脚着
5155,飛燕HS脚着,飛燕脚着
5156,飛燕GS脚着,飛燕脚着
5157,飛燕GP脚着,飛燕脚着
5158,バット Greaves,巴托護腿
5159,バットF Greaves,巴托護腿【Ｆ】
5160,バットFZ Greaves,巴托護腿【ＦＺ】
5161,バットHS Greaves,巴托護腿【ＨＳ】
5162,バットGS Greaves,巴托護腿【ＧＳ】
5163,バットGP Greaves,巴托護腿【ＧＰ】
5164,Knight Greaves,騎士護腿
5165,Knight F Greaves,騎士護腿【Ｆ】
5166,Knight FZ Greaves,騎士護腿【ＦＺ】
5167,Knight HS Greaves,騎士護腿【ＨＳ】
5168,Knight GS Greaves,騎士護腿【ＧＳ】
5169,Knight GP Greaves,騎士護腿【ＧＰ】
5170,Shell Boots,殻的・翼靴
5171,Shell F Boots,殻的・翼靴【Ｆ】
5172,Shell FZ Boots,殻的・翼靴【ＦＺ】
5173,Shell HS Boots,殻的・翼靴【ＨＳ】
5174,Shell GS Boots,殻的・翼靴【ＧＳ】
5175,Shell GP Boots,殻的・翼靴【ＧＰ】
5176,Vector Boots,矢量・翼靴
5177,Vector F Boots,矢量・翼靴【Ｆ】
5178,Vector FZ Boots,矢量・翼靴【ＦＺ】
5179,Vector HS Boots,矢量・翼靴【ＨＳ】
5180,Vector GS Boots,矢量・翼靴【ＧＳ】
5181,Vector GP Boots,矢量・翼靴【ＧＰ】
5182,サーブル Feet,
5183,サーブルF Feet,
5184,サーブルFZ Feet,
5185,サーブルHS Feet,
5186,サーブルGS Feet,
5187,サーブルGP Feet,
5188,サーブル Boots,薩布魯靴
5189,サーブルF Boots,薩布魯靴【Ｆ】
5190,サーブルFZ Boots,薩布魯靴【ＦＺ】
5191,サーブルHS Boots,薩布魯靴【ＨＳ】
5192,サーブルGS Boots,薩布魯靴【ＧＳ】
5193,サーブルGP Boots,薩布魯靴【ＧＰ】
5194,ルワージュ Leg,魯瓦傑伊尤腿
5195,ルワージュF Leg,魯瓦傑伊尤腿【Ｆ】
5196,ルワージュFZ Leg,魯瓦傑伊尤腿【ＦＺ】
5197,ルワージュHS Leg,魯瓦傑伊尤腿【ＨＳ】
5198,ルワージュGS Leg,魯瓦傑伊尤腿【ＧＳ】
5199,ルワージュGP Leg,魯瓦傑伊尤腿【ＧＰ】
5200,ルワージュ Boots,魯瓦傑伊尤靴
5201,ルワージュF Boots,魯瓦傑伊尤靴【Ｆ】
5202,ルワージュFZ Boots,魯瓦傑伊尤靴【ＦＺ】
5203,ルワージュHS Boots,魯瓦傑伊尤靴【ＨＳ】
5204,ルワージュGS Boots,魯瓦傑伊尤靴【ＧＳ】
5205,ルワージュGP Boots,魯瓦傑伊尤靴【ＧＰ】
5206,ノメル Greaves,腕護腿
5207,ノメルF Greaves,腕護腿【Ｆ】
5208,ノメルFZ Greaves,腕護腿【ＦＺ】
5209,ノメルHS Greaves,腕護腿【ＨＳ】
5210,ノメルGS Greaves,腕護腿【ＧＳ】
5211,ノメルGP Greaves,腕護腿【ＧＰ】
5212,ノメル Leggings,腕裹腿
5213,ノメルF Leggings,腕裹腿【Ｆ】
5214,ノメルFZ Leggings,腕裹腿【ＦＺ】
5215,ノメルHS Leggings,腕裹腿【ＨＳ】
5216,ノメルGS Leggings,腕裹腿【ＧＳ】
5217,ノメルGP Leggings,腕裹腿【ＧＰ】
5218,Hero King Legs BM Gold,迪拉瓦王腕劍士腿甲・金
5219,Hero King Legs BM F Gold,迪拉瓦王腕劍士腿甲【Ｆ】・金
5220,Hero King Legs BM FZ Gold,迪拉瓦王腕劍士腿甲【ＦＺ】・金
5221,Hero King Legs BM HS Gold,迪拉瓦王腕劍士腿甲【ＨＳ】・金
5222,Hero King Legs BM GS Gold,迪拉瓦王腕劍士腿甲【ＧＳ】・金
5223,Hero King Legs BM GP Gold,迪拉瓦王腕劍士腿甲【ＧＰ】・金
5224,Hero King Legs GN Gold,迪拉瓦王腕射手腿甲・金
5225,Hero King Legs GN F Gold,迪拉瓦王腕射手腿甲【Ｆ】・金
5226,Hero King Legs GN FZ Gold,迪拉瓦王腕射手腿甲【ＦＺ】・金
5227,Hero King Legs GN HS Gold,迪拉瓦王腕射手腿甲【ＨＳ】・金
5228,Hero King Legs GN GS Gold,迪拉瓦王腕射手腿甲【ＧＳ】・金
5229,Hero King Legs GN GP Gold,迪拉瓦王腕射手腿甲【ＧＰ】・金
5230,Gorgon Feet・Black,戈爾戈恩夫伊・黑
5231,Gorgon F Feet・Black,戈爾戈恩夫伊【Ｆ】・黑
5232,Gorgon FZ Feet・Black,戈爾戈恩夫伊【ＦＺ】・黑
5233,Gorgon HS Feet・Black,戈爾戈恩夫伊【ＨＳ】・黑
5234,Gorgon GS Feet・Black,戈爾戈恩夫伊【ＧＳ】・黑
5235,Gorgon GP Feet・Black,戈爾戈恩夫伊【ＧＰ】・黑
5236,Gorgon Boots・Black,戈爾戈恩靴・黑
5237,Gorgon F Boots・Black,戈爾戈恩靴【Ｆ】・黑
5238,Gorgon FZ Boots・Black,戈爾戈恩靴【ＦＺ】・黑
5239,Gorgon HS Boots・Black,戈爾戈恩靴【ＨＳ】・黑
5240,Gorgon GS Boots・Black,戈爾戈恩靴【ＧＳ】・黑
5241,Gorgon GP Boots・Black,戈爾戈恩靴【ＧＰ】・黑
5242,Hero King Legs BM Black,迪拉瓦王腕劍士腿甲・黑
5243,Hero King Legs BM F Black,迪拉瓦王腕劍士腿甲【Ｆ】・黑
5244,Hero King Legs BM FZ Black,迪拉瓦王腕劍士腿甲【ＦＺ】・黑
5245,Hero King Legs BM HS Black,迪拉瓦王腕劍士腿甲【ＨＳ】・黑
5246,Hero King Legs BM GS Black,迪拉瓦王腕劍士腿甲【ＧＳ】・黑
5247,Hero King Legs BM GP Black,迪拉瓦王腕劍士腿甲【ＧＰ】・黑
5248,Hero King Legs GN Black,迪拉瓦王腕射手腿甲・黑
5249,Hero King Legs GN F Black,迪拉瓦王腕射手腿甲【Ｆ】・黑
5250,Hero King Legs GN FZ Black,迪拉瓦王腕射手腿甲【ＦＺ】・黑
5251,Hero King Legs GN HS Black,迪拉瓦王腕射手腿甲【ＨＳ】・黑
5252,Hero King Legs GN GS Black,迪拉瓦王腕射手腿甲【ＧＳ】・黑
5253,Hero King Legs GN GP Black,迪拉瓦王腕射手腿甲【ＧＰ】・黑
5254,Gorgon Feet・Blue,戈爾戈恩夫伊・青
5255,Gorgon F Feet・Blue,戈爾戈恩夫伊【Ｆ】・青
5256,Gorgon FZ Feet・Blue,戈爾戈恩夫伊【ＦＺ】・青
5257,Gorgon HS Feet・Blue,戈爾戈恩夫伊【ＨＳ】・青
5258,Gorgon GS Feet・Blue,戈爾戈恩夫伊【ＧＳ】・青
5259,Gorgon GP Feet・Blue,戈爾戈恩夫伊【ＧＰ】・青
5260,Gorgon Boots・Blue,戈爾戈恩靴・青
5261,Gorgon F Boots・Blue,戈爾戈恩靴【Ｆ】・青
5262,Gorgon FZ Boots・Blue,戈爾戈恩靴【ＦＺ】・青
5263,Gorgon HS Boots・Blue,戈爾戈恩靴【ＨＳ】・青
5264,Gorgon GS Boots・Blue,戈爾戈恩靴【ＧＳ】・青
5265,Gorgon GP Boots・Blue,戈爾戈恩靴【ＧＰ】・青
5266,Hero King Legs BM White,迪拉瓦王腕劍士腿甲・白
5267,Hero King Legs BM F White,迪拉瓦王腕劍士腿甲【Ｆ】・白
5268,Hero King Legs BM FZ White,迪拉瓦王腕劍士腿甲【ＦＺ】・白
5269,Hero King Legs BM HS White,迪拉瓦王腕劍士腿甲【ＨＳ】・白
5270,Hero King Legs BM GS White,迪拉瓦王腕劍士腿甲【ＧＳ】・白
5271,Hero King Legs BM GP White,迪拉瓦王腕劍士腿甲【ＧＰ】・白
5272,Hero King Legs GN White,迪拉瓦王腕射手腿甲・白
5273,Hero King Legs GN F White,迪拉瓦王腕射手腿甲【Ｆ】・白
5274,Hero King Legs GN FZ White,迪拉瓦王腕射手腿甲【ＦＺ】・白
5275,Hero King Legs GN HS White,迪拉瓦王腕射手腿甲【ＨＳ】・白
5276,Hero King Legs GN GS White,迪拉瓦王腕射手腿甲【ＧＳ】・白
5277,Hero King Legs GN GP White,迪拉瓦王腕射手腿甲【ＧＰ】・白
5278,Gorgon Feet・White,戈爾戈恩夫伊・白
5279,Gorgon F Feet・White,戈爾戈恩夫伊【Ｆ】・白
5280,Gorgon FZ Feet・White,戈爾戈恩夫伊【ＦＺ】・白
5281,Gorgon HS Feet・White,戈爾戈恩夫伊【ＨＳ】・白
5282,Gorgon GS Feet・White,戈爾戈恩夫伊【ＧＳ】・白
5283,Gorgon GP Feet・White,戈爾戈恩夫伊【ＧＰ】・白
5284,Gorgon Boots・White,戈爾戈恩靴・白
5285,Gorgon F Boots・White,戈爾戈恩靴【Ｆ】・白
5286,Gorgon FZ Boots・White,戈爾戈恩靴【ＦＺ】・白
5287,Gorgon HS Boots・White,戈爾戈恩靴【ＨＳ】・白
5288,Gorgon GS Boots・White,戈爾戈恩靴【ＧＳ】・白
5289,Gorgon GP Boots・White,戈爾戈恩靴【ＧＰ】・白
5290,Hero King Legs BM Red,迪拉瓦王腕劍士腿甲・赤
5291,Hero King Legs BM F Red,迪拉瓦王腕劍士腿甲【Ｆ】・赤
5292,Hero King Legs BM FZ Red,迪拉瓦王腕劍士腿甲【ＦＺ】・赤
5293,Hero King Legs BM HS Red,迪拉瓦王腕劍士腿甲【ＨＳ】・赤
5294,Hero King Legs BM GS Red,迪拉瓦王腕劍士腿甲【ＧＳ】・赤
5295,Hero King Legs BM GP Red,迪拉瓦王腕劍士腿甲【ＧＰ】・赤
5296,Hero King Legs GN Red,迪拉瓦王腕射手腿甲・赤
5297,Hero King Legs GN F Red,迪拉瓦王腕射手腿甲【Ｆ】・赤
5298,Hero King Legs GN FZ Red,迪拉瓦王腕射手腿甲【ＦＺ】・赤
5299,Hero King Legs GN HS Red,迪拉瓦王腕射手腿甲【ＨＳ】・赤
5300,Hero King Legs GN GS Red,迪拉瓦王腕射手腿甲【ＧＳ】・赤
5301,Hero King Legs GN GP Red,迪拉瓦王腕射手腿甲【ＧＰ】・赤
5302,Gorgon Feet・Red,戈爾戈恩夫伊・赤
5303,Gorgon F Feet・Red,戈爾戈恩夫伊【Ｆ】・赤
5304,Gorgon FZ Feet・Red,戈爾戈恩夫伊【ＦＺ】・赤
5305,Gorgon HS Feet・Red,戈爾戈恩夫伊【ＨＳ】・赤
5306,Gorgon GS Feet・Red,戈爾戈恩夫伊【ＧＳ】・赤
5307,Gorgon GP Feet・Red,戈爾戈恩夫伊【ＧＰ】・赤
5308,Gorgon Boots・Red,戈爾戈恩靴・赤
5309,Gorgon F Boots・Red,戈爾戈恩靴【Ｆ】・赤
5310,Gorgon FZ Boots・Red,戈爾戈恩靴【ＦＺ】・赤
5311,Gorgon HS Boots・Red,戈爾戈恩靴【ＨＳ】・赤
5312,Gorgon GS Boots・Red,戈爾戈恩靴【ＧＳ】・赤
5313,Gorgon GP Boots・Red,戈爾戈恩靴【ＧＰ】・赤
5314,Kruss HS Leg,克魯斯斯腿【ＨＳ】
5315,Kruss GS Leg,克魯斯斯腿【ＧＳ】
5316,Kruss GP Leg,克魯斯斯腿【ＧＰ】
5317,Quote HS Boots,克烏歐特靴【ＨＳ】
5318,Quote GS Boots,克烏歐特靴【ＧＳ】
5319,Quote GP Boots,克烏歐特靴【ＧＰ】
5320,Starina HS Leg,斯塔里納腿【ＨＳ】
5321,Starina GS Leg,斯塔里納腿【ＧＳ】
5322,Starina GP Leg,斯塔里納腿【ＧＰ】
5323,Starina HS Boots,斯塔里納靴【ＨＳ】
5324,Starina GS Boots,斯塔里納靴【ＧＳ】
5325,Starina GP Boots,斯塔里納靴【ＧＰ】
5326,Loose HS Leg,爾歐歐塞腿【ＨＳ】
5327,Loose GS Leg,爾歐歐塞腿【ＧＳ】
5328,Loose GP Leg,爾歐歐塞腿【ＧＰ】
5329,Loose HS Boots,爾歐歐塞靴【ＨＳ】
5330,Loose GS Boots,爾歐歐塞靴【ＧＳ】
5331,Loose GP Boots,爾歐歐塞靴【ＧＰ】
5332,Mirado HS Leg,米拉多腿【ＨＳ】
5333,Mirado GS Leg,米拉多腿【ＧＳ】
5334,Mirado GP Leg,米拉多腿【ＧＰ】
5335,Mirado HS Boots,米拉多靴【ＨＳ】
5336,Mirado GS Boots,米拉多靴【ＧＳ】
5337,Mirado GP Boots,米拉多靴【ＧＰ】
5338,Pirata HS Greaves,吉阿爾腕護腿【ＨＳ】
5339,Pirata GS Greaves,吉阿爾腕護腿【ＧＳ】
5340,Pirata GP Greaves,吉阿爾腕護腿【ＧＰ】
5341,Pirata HS Leggings,吉阿爾腕裹腿【ＨＳ】
5342,Pirata GS Leggings,吉阿爾腕裹腿【ＧＳ】
5343,Pirata GP Leggings,吉阿爾腕裹腿【ＧＰ】
5344,Zeroi HS Greaves,紋章觸腕護腿【ＨＳ】
5345,Zeroi GS Greaves,紋章觸腕護腿【ＧＳ】
5346,Zeroi GP Greaves,紋章觸腕護腿【ＧＰ】
5347,Zeroi HS Leggings,紋章觸腕裹腿【ＨＳ】
5348,Zeroi GS Leggings,紋章觸腕裹腿【ＧＳ】
5349,Zeroi GP Leggings,紋章觸腕裹腿【ＧＰ】
5350,Deyuru HS Greaves,迪優魯護腿【ＨＳ】
5351,Deyuru GS Greaves,迪優魯護腿【ＧＳ】
5352,Deyuru GP Greaves,迪優魯護腿【ＧＰ】
5353,Deyuru HS Leggings,迪優魯裹腿【ＨＳ】
5354,Deyuru GS Leggings,迪優魯裹腿【ＧＳ】
5355,Deyuru GP Leggings,迪優魯裹腿【ＧＰ】
5356,Robust HSペイル,
5357,Robust GSペイル,
5358,Robust GPペイル,
5359,Robust HS Legs,羅布斯特腿甲【ＨＳ】
5360,Robust GS Legs,羅布斯特腿甲【ＧＳ】
5361,Robust GP Legs,羅布斯特腿甲【ＧＰ】
5362,花火GS【具足】,具足花火
5363,花火GP【具足】,具足花火
5364,流星GS【具足】,具足流星
5365,流星GP【具足】,具足流星
5366,Bunny FZ Feet・Black,布恩恩伊夫伊【ＦＺ】・黑
5367,Bunny HS Feet・Black,布恩恩伊夫伊【ＨＳ】・黑
5368,Bunny GS Feet・Black,布恩恩伊夫伊【ＧＳ】・黑
5369,Bunny GP Feet・Black,布恩恩伊夫伊【ＧＰ】・黑
5370,Bunny FZ Feet・White,布恩恩伊夫伊【ＦＺ】・白
5371,Bunny HS Feet・White,布恩恩伊夫伊【ＨＳ】・白
5372,Bunny GS Feet・White,布恩恩伊夫伊【ＧＳ】・白
5373,Bunny GP Feet・White,布恩恩伊夫伊【ＧＰ】・白
5374,Bunny FZ Feet・Red,布恩恩伊夫伊【ＦＺ】・赤
5375,Bunny HS Feet・Red,布恩恩伊夫伊【ＨＳ】・赤
5376,Bunny GS Feet・Red,布恩恩伊夫伊【ＧＳ】・赤
5377,Bunny GP Feet・Red,布恩恩伊夫伊【ＧＰ】・赤
5378,Bunny FZ Feet・Purple,布恩恩伊夫伊【ＦＺ】・紫
5379,Bunny HS Feet・Purple,布恩恩伊夫伊【ＨＳ】・紫
5380,Bunny GS Feet・Purple,布恩恩伊夫伊【ＧＳ】・紫
5381,Bunny GP Feet・Purple,布恩恩伊夫伊【ＧＰ】・紫
5382,Bunny FZ Boots・Black,布恩恩伊靴【ＦＺ】・黑
5383,Bunny HS Boots・Black,布恩恩伊靴【ＨＳ】・黑
5384,Bunny GS Boots・Black,布恩恩伊靴【ＧＳ】・黑
5385,Bunny GP Boots・Black,布恩恩伊靴【ＧＰ】・黑
5386,Bunny FZ Boots・White,布恩恩伊靴【ＦＺ】・白
5387,Bunny HS Boots・White,布恩恩伊靴【ＨＳ】・白
5388,Bunny GS Boots・White,布恩恩伊靴【ＧＳ】・白
5389,Bunny GP Boots・White,布恩恩伊靴【ＧＰ】・白
5390,Bunny FZ Boots・Red,布恩恩伊靴【ＦＺ】・赤
5391,Bunny HS Boots・Red,布恩恩伊靴【ＨＳ】・赤
5392,Bunny GS Boots・Red,布恩恩伊靴【ＧＳ】・赤
5393,Bunny GP Boots・Red,布恩恩伊靴【ＧＰ】・赤
5394,Bunny FZ Boots・Purple,布恩恩伊靴【ＦＺ】・紫
5395,Bunny HS Boots・Purple,布恩恩伊靴【ＨＳ】・紫
5396,Bunny GS Boots・Purple,布恩恩伊靴【ＧＳ】・紫
5397,Bunny GP Boots・Purple,布恩恩伊靴【ＧＰ】・紫
5398,Miku GP Feet,米庫夫伊特【ＧＰ】
5399,Miku GP Boots,米庫靴【ＧＰ】
5400,Akahara Reisou BM Legs GP Red,阿可哈拉雷伊索烏腿甲【ＧＰ】・赤
5401,Akahara Reisou GN Legs GP Red,赤原禮裝射手腿甲【ＧＰ】・赤
5402,Akahara Reisou BM Legs GP Blue,阿可哈拉雷伊索烏腿甲【ＧＰ】・青
5403,Akahara Reisou GN Legs GP Blue,赤原禮裝射手腿甲【ＧＰ】・青
5404,Akahara Reisou BM Legs GP Black,阿可哈拉雷伊索烏腿甲【ＧＰ】・黑
5405,Akahara Reisou GN Legs GP Black,赤原禮裝射手腿甲【ＧＰ】・黑
5406,Akahara Reisou BM Legs GP White,阿可哈拉雷伊索烏腿甲【ＧＰ】・白
5407,Akahara Reisou GN Legs GP White,赤原禮裝射手腿甲【ＧＰ】・白
5408,Knight King Legs BM GP Blue,克尼格赫特基恩格腿甲【ＧＰ】・青
5409,Knight King Legs GN GP Blue,騎士王射手腿甲【ＧＰ】・青
5410,Knight King Legs BM GP Red,克尼格赫特基恩格腿甲【ＧＰ】・赤
5411,Knight King Legs GN GP Red,騎士王射手腿甲【ＧＰ】・赤
5412,Knight King Legs BM GP Black,克尼格赫特基恩格腿甲【ＧＰ】・黑
5413,Knight King Legs GN GP Black,騎士王射手腿甲【ＧＰ】・黑
5414,Knight King Legs BM GP White,克尼格赫特基恩格腿甲【ＧＰ】・白
5415,Knight King Legs GN GP White,騎士王射手腿甲【ＧＰ】・白
5416,Green 竜ノ具足GP【脛当】,脛当竜具足・緑
5417,Green 竜ノ Haori GP【脛当】,脛当竜【ＧＰ】・緑
5418,Red 備ノ具足GP【脛当】,脛当備具足・赤
5419,Red 備ノ Haori GP【脛当】,脛当備【ＧＰ】・赤
5420,Real GP Feet・White,雷阿爾夫伊特【ＧＰ】・白
5421,Real GP Feet・Gold,雷阿爾夫伊特【ＧＰ】・金
5422,Real GP Feet・Blue,雷阿爾夫伊特【ＧＰ】・青
5423,Real GP Feet・Red,雷阿爾夫伊特【ＧＰ】・赤
5424,Real GP Boots・White,雷阿爾靴【ＧＰ】・白
5425,Real GP Boots・Gold,雷阿爾靴【ＧＰ】・金
5426,Real GP Boots・Blue,雷阿爾靴【ＧＰ】・青
5427,Real GP Boots・Red,雷阿爾靴【ＧＰ】・赤
5428,Regelia GP Feet・White,雷蓋里阿夫伊【ＧＰ】・白
5429,Regelia GP Feet・Red,雷蓋里阿夫伊【ＧＰ】・赤
5430,Regelia GP Feet・Green,雷蓋里阿夫伊【ＧＰ】・緑
5431,Regelia GP Feet・Blue,雷蓋里阿夫伊【ＧＰ】・青
5432,Regelia GP Boots・White,雷蓋爾伊阿靴【ＧＰ】・白
5433,Regelia GP Boots・Red,雷蓋爾伊阿靴【ＧＰ】・赤
5434,Regelia GP Boots・Green,雷蓋爾伊阿靴【ＧＰ】・緑
5435,Regelia GP Boots・Blue,雷蓋爾伊阿靴【ＧＰ】・青
5436,Edio GP Feet・Blue,艾迪歐夫伊特【ＧＰ】・青
5437,Edio GP Feet・Red,艾迪歐夫伊特【ＧＰ】・赤
5438,Edio GP Feet・Yellow,艾迪歐夫伊特【ＧＰ】・黄
5439,Edio GP Feet・Black,艾迪歐夫伊特【ＧＰ】・黑
5440,Edio GP Boots・Blue,艾迪歐靴【ＧＰ】・青
5441,Edio GP Boots・Red,艾迪歐靴【ＧＰ】・赤
5442,Edio GP Boots・Yellow,艾迪歐靴【ＧＰ】・黄
5443,Edio GP Boots・Black,艾迪歐靴【ＧＰ】・黑
5444,Rast GS Feet・Black,拉斯特夫伊特【ＧＳ】・黑
5445,Rast GP Feet・Black,拉斯特夫伊特【ＧＰ】・黑
5446,Rast GS Boots・Black,拉斯特靴【ＧＳ】・黑
5447,Rast GP Boots・Black,拉斯特靴【ＧＰ】・黑
5448,Rast GS Feet・Blue,拉斯特夫伊特【ＧＳ】・青
5449,Rast GP Feet・Blue,拉斯特夫伊特【ＧＰ】・青
5450,Rast GS Boots・Blue,拉斯特靴【ＧＳ】・青
5451,Rast GP Boots・Blue,拉斯特靴【ＧＰ】・青
5452,Rast GS Feet・Crimson,拉斯特夫伊特【ＧＳ】・紅
5453,Rast GP Feet・Crimson,拉斯特夫伊特【ＧＰ】・紅
5454,Rast GS Boots・Crimson,拉斯特靴【ＧＳ】・紅
5455,Rast GP Boots・Crimson,拉斯特靴【ＧＰ】・紅
5456,Rast GS Feet・White,拉斯特夫伊特【ＧＳ】・白
5457,Rast GP Feet・White,拉斯特夫伊特【ＧＰ】・白
5458,Rast GS Boots・White,拉斯特靴【ＧＳ】・白
5459,Rast GP Boots・White,拉斯特靴【ＧＰ】・白
5460,Ciel FZ Divider,天空【ＦＺ】
5461,Ciel HS Divider,天空【ＨＳ】
5462,Ciel GS Divider,天空【ＧＳ】
5463,Ciel GP Divider,天空【ＧＰ】
5464,Omet HS Feet・Black,歐梅特夫伊特【ＨＳ】・黑
5465,Omet GS Feet・Black,歐梅特夫伊特【ＧＳ】・黑
5466,Omet GP Feet・Black,歐梅特夫伊特【ＧＰ】・黑
5467,Omet HS Boots・Black,歐梅特靴【ＨＳ】・黑
5468,Omet GS Boots・Black,歐梅特靴【ＧＳ】・黑
5469,Omet GP Boots・Black,歐梅特靴【ＧＰ】・黑
5470,Omet HS Feet・Red,歐梅特夫伊特【ＨＳ】・赤
5471,Omet GS Feet・Red,歐梅特夫伊特【ＧＳ】・赤
5472,Omet GP Feet・Red,歐梅特夫伊特【ＧＰ】・赤
5473,Omet HS Boots・Red,歐梅特靴【ＨＳ】・赤
5474,Omet GS Boots・Red,歐梅特靴【ＧＳ】・赤
5475,Omet GP Boots・Red,歐梅特靴【ＧＰ】・赤
5476,Omet HS Feet・White,歐梅特夫伊特【ＨＳ】・白
5477,Omet GS Feet・White,歐梅特夫伊特【ＧＳ】・白
5478,Omet GP Feet・White,歐梅特夫伊特【ＧＰ】・白
5479,Omet HS Boots・White,歐梅特靴【ＨＳ】・白
5480,Omet GS Boots・White,歐梅特靴【ＧＳ】・白
5481,Omet GP Boots・White,歐梅特靴【ＧＰ】・白
5482,Omet HS Feet・Blue,歐梅特夫伊特【ＨＳ】・青
5483,Omet GS Feet・Blue,歐梅特夫伊特【ＧＳ】・青
5484,Omet GP Feet・Blue,歐梅特夫伊特【ＧＰ】・青
5485,Omet HS Boots・Blue,歐梅特靴【ＨＳ】・青
5486,Omet GS Boots・Blue,歐梅特靴【ＧＳ】・青
5487,Omet GP Boots・Blue,歐梅特靴【ＧＰ】・青
5488,Gold FZ Feet・Red,夫伊特【ＦＺ】・金・赤
5489,Gold HS Feet・Red,夫伊特【ＨＳ】・金・赤
5490,Gold GS Feet・Red,夫伊特【ＧＳ】・金・赤
5491,Gold GP Feet・Red,夫伊特【ＧＰ】・金・赤
5492,Gold FZ Feet・Blue,夫伊特【ＦＺ】・金・青
5493,Gold HS Feet・Blue,夫伊特【ＨＳ】・金・青
5494,Gold GS Feet・Blue,夫伊特【ＧＳ】・金・青
5495,Gold GP Feet・Blue,夫伊特【ＧＰ】・金・青
5496,Gold FZ Feet・Yellow,夫伊特【ＦＺ】・金・黄
5497,Gold HS Feet・Yellow,夫伊特【ＨＳ】・金・黄
5498,Gold GS Feet・Yellow,夫伊特【ＧＳ】・金・黄
5499,Gold GP Feet・Yellow,夫伊特【ＧＰ】・金・黄
5500,Gold FZ Feet・Purple,夫伊特【ＦＺ】・金・紫
5501,Gold HS Feet・Purple,夫伊特【ＨＳ】・金・紫
5502,Gold GS Feet・Purple,夫伊特【ＧＳ】・金・紫
5503,Gold GP Feet・Purple,夫伊特【ＧＰ】・金・紫
5504,Gold FZ Boots・Red,靴【ＦＺ】・金・赤
5505,Gold HS Boots・Red,靴【ＨＳ】・金・赤
5506,Gold GS Boots・Red,靴【ＧＳ】・金・赤
5507,Gold GP Boots・Red,靴【ＧＰ】・金・赤
5508,Gold FZ Boots・Blue,靴【ＦＺ】・金・青
5509,Gold HS Boots・Blue,靴【ＨＳ】・金・青
5510,Gold GS Boots・Blue,靴【ＧＳ】・金・青
5511,Gold GP Boots・Blue,靴【ＧＰ】・金・青
5512,Gold FZ Boots・Yellow,靴【ＦＺ】・金・黄
5513,Gold HS Boots・Yellow,靴【ＨＳ】・金・黄
5514,Gold GS Boots・Yellow,靴【ＧＳ】・金・黄
5515,Gold GP Boots・Yellow,靴【ＧＰ】・金・黄
5516,Gold FZ Boots・Purple,靴【ＦＺ】・金・紫
5517,Gold HS Boots・Purple,靴【ＨＳ】・金・紫
5518,Gold GS Boots・Purple,靴【ＧＳ】・金・紫
5519,Gold GP Boots・Purple,靴【ＧＰ】・金・紫
5520,Shaln HS Feet・Blue,修阿爾恩夫伊【ＨＳ】・青
5521,Shaln GS Feet・Blue,修阿爾恩夫伊【ＧＳ】・青
5522,Shaln GP Feet・Blue,修阿爾恩夫伊【ＧＰ】・青
5523,Shaln HS Feet・Green,修阿爾恩夫伊【ＨＳ】・緑
5524,Shaln GS Feet・Green,修阿爾恩夫伊【ＧＳ】・緑
5525,Shaln GP Feet・Green,修阿爾恩夫伊【ＧＰ】・緑
5526,Shaln HS Feet・Purple,修阿爾恩夫伊【ＨＳ】・紫
5527,Shaln GS Feet・Purple,修阿爾恩夫伊【ＧＳ】・紫
5528,Shaln GP Feet・Purple,修阿爾恩夫伊【ＧＰ】・紫
5529,Shaln HS Feet・White,修阿爾恩夫伊【ＨＳ】・白
5530,Shaln GS Feet・White,修阿爾恩夫伊【ＧＳ】・白
5531,Shaln GP Feet・White,修阿爾恩夫伊【ＧＰ】・白
5532,Shaln HS Boots・Blue,夏爾恩靴【ＨＳ】・青
5533,Shaln GS Boots・Blue,夏爾恩靴【ＧＳ】・青
5534,Shaln GP Boots・Blue,夏爾恩靴【ＧＰ】・青
5535,Shaln HS Boots・Green,夏爾恩靴【ＨＳ】・緑
5536,Shaln GS Boots・Green,夏爾恩靴【ＧＳ】・緑
5537,Shaln GP Boots・Green,夏爾恩靴【ＧＰ】・緑
5538,Shaln HS Boots・Purple,夏爾恩靴【ＨＳ】・紫
5539,Shaln GS Boots・Purple,夏爾恩靴【ＧＳ】・紫
5540,Shaln GP Boots・Purple,夏爾恩靴【ＧＰ】・紫
5541,Shaln HS Boots・White,夏爾恩靴【ＨＳ】・白
5542,Shaln GS Boots・White,夏爾恩靴【ＧＳ】・白
5543,Shaln GP Boots・White,夏爾恩靴【ＧＰ】・白
5544,Aristo FZ Feet・Blue,阿里斯托夫伊【ＦＺ】・青
5545,Aristo HS Feet・Blue,阿里斯托夫伊【ＨＳ】・青
5546,Aristo GS Feet・Blue,阿里斯托夫伊【ＧＳ】・青
5547,Aristo GP Feet・Blue,阿里斯托夫伊【ＧＰ】・青
5548,Aristo FZ Feet・White,阿里斯托夫伊【ＦＺ】・白
5549,Aristo HS Feet・White,阿里斯托夫伊【ＨＳ】・白
5550,Aristo GS Feet・White,阿里斯托夫伊【ＧＳ】・白
5551,Aristo GP Feet・White,阿里斯托夫伊【ＧＰ】・白
5552,Aristo FZ Feet・Purple,阿里斯托夫伊【ＦＺ】・紫
5553,Aristo HS Feet・Purple,阿里斯托夫伊【ＨＳ】・紫
5554,Aristo GS Feet・Purple,阿里斯托夫伊【ＧＳ】・紫
5555,Aristo GP Feet・Purple,阿里斯托夫伊【ＧＰ】・紫
5556,Aristo FZ Feet・Red,阿里斯托夫伊【ＦＺ】・赤
5557,Aristo HS Feet・Red,阿里斯托夫伊【ＨＳ】・赤
5558,Aristo GS Feet・Red,阿里斯托夫伊【ＧＳ】・赤
5559,Aristo GP Feet・Red,阿里斯托夫伊【ＧＰ】・赤
5560,Aristo FZ Boots・Blue,阿里斯托靴【ＦＺ】・青
5561,Aristo HS Boots・Blue,阿里斯托靴【ＨＳ】・青
5562,Aristo GS Boots・Blue,阿里斯托靴【ＧＳ】・青
5563,Aristo GP Boots・Blue,阿里斯托靴【ＧＰ】・青
5564,Aristo FZ Boots・White,阿里斯托靴【ＦＺ】・白
5565,Aristo HS Boots・White,阿里斯托靴【ＨＳ】・白
5566,Aristo GS Boots・White,阿里斯托靴【ＧＳ】・白
5567,Aristo GP Boots・White,阿里斯托靴【ＧＰ】・白
5568,Aristo FZ Boots・Purple,阿里斯托靴【ＦＺ】・紫
5569,Aristo HS Boots・Purple,阿里斯托靴【ＨＳ】・紫
5570,Aristo GS Boots・Purple,阿里斯托靴【ＧＳ】・紫
5571,Aristo GP Boots・Purple,阿里斯托靴【ＧＰ】・紫
5572,Aristo FZ Boots・Red,阿里斯托靴【ＦＺ】・赤
5573,Aristo HS Boots・Red,阿里斯托靴【ＨＳ】・赤
5574,Aristo GS Boots・Red,阿里斯托靴【ＧＳ】・赤
5575,Aristo GP Boots・Red,阿里斯托靴【ＧＰ】・赤
5576,Magisa FZ Feet・Red,馬吉薩夫伊特【ＦＺ】・赤
5577,Magisa HS Feet・Red,馬吉薩夫伊特【ＨＳ】・赤
5578,Magisa GS Feet・Red,馬吉薩夫伊特【ＧＳ】・赤
5579,Magisa GP Feet・Red,馬吉薩夫伊特【ＧＰ】・赤
5580,Magisa FZ Feet・Black,馬吉薩夫伊特【ＦＺ】・黑
5581,Magisa HS Feet・Black,馬吉薩夫伊特【ＨＳ】・黑
5582,Magisa GS Feet・Black,馬吉薩夫伊特【ＧＳ】・黑
5583,Magisa GP Feet・Black,馬吉薩夫伊特【ＧＰ】・黑
5584,Magisa FZ Feet・Green,馬吉薩夫伊特【ＦＺ】・緑
5585,Magisa HS Feet・Green,馬吉薩夫伊特【ＨＳ】・緑
5586,Magisa GS Feet・Green,馬吉薩夫伊特【ＧＳ】・緑
5587,Magisa GP Feet・Green,馬吉薩夫伊特【ＧＰ】・緑
5588,Magisa FZ Feet・White,馬吉薩夫伊特【ＦＺ】・白
5589,Magisa HS Feet・White,馬吉薩夫伊特【ＨＳ】・白
5590,Magisa GS Feet・White,馬吉薩夫伊特【ＧＳ】・白
5591,Magisa GP Feet・White,馬吉薩夫伊特【ＧＰ】・白
5592,Wizard FZ Boots・Red,烏伊扎爾德靴【ＦＺ】・赤
5593,Wizard HS Boots・Red,烏伊扎爾德靴【ＨＳ】・赤
5594,Wizard GS Boots・Red,烏伊扎爾德靴【ＧＳ】・赤
5595,Wizard GP Boots・Red,烏伊扎爾德靴【ＧＰ】・赤
5596,Wizard FZ Boots・Black,烏伊扎爾德靴【ＦＺ】・黑
5597,Wizard HS Boots・Black,烏伊扎爾德靴【ＨＳ】・黑
5598,Wizard GS Boots・Black,烏伊扎爾德靴【ＧＳ】・黑
5599,Wizard GP Boots・Black,烏伊扎爾德靴【ＧＰ】・黑
5600,Wizard FZ Boots・Green,烏伊扎爾德靴【ＦＺ】・緑
5601,Wizard HS Boots・Green,烏伊扎爾德靴【ＨＳ】・緑
5602,Wizard GS Boots・Green,烏伊扎爾德靴【ＧＳ】・緑
5603,Wizard GP Boots・Green,烏伊扎爾德靴【ＧＰ】・緑
5604,Wizard FZ Boots・White,烏伊扎爾德靴【ＦＺ】・白
5605,Wizard HS Boots・White,烏伊扎爾德靴【ＨＳ】・白
5606,Wizard GS Boots・White,烏伊扎爾德靴【ＧＳ】・白
5607,Wizard GP Boots・White,烏伊扎爾德靴【ＧＰ】・白
5608,抜胴GS【Greaves】,抜胴護腿
5609,抜胴GP【Greaves】,抜胴護腿
5610,長根GS【Greaves】,長根護腿
5611,長根GP【Greaves】,長根護腿
5612,Meraginasu Greaves,黑穿龍護腿
5613,Meraginasu F Greaves,黑穿龍護腿【Ｆ】
5614,Meraginasu FX Greaves,黑穿龍護腿【ＦＸ】
5615,Meraginasu G Greaves,黑穿龍護腿【Ｇ】
5616,Meraginasu GF Greaves,黑穿龍護腿【ＧＦ】
5617,Meraginasu Leggings,黑穿龍裹腿
5618,Meraginasu F Leggings,黑穿龍裹腿【Ｆ】
5619,Meraginasu FX Leggings,黑穿龍裹腿【ＦＸ】
5620,Meraginasu G Leggings,黑穿龍裹腿【Ｇ】
5621,Meraginasu GF Leggings,黑穿龍裹腿【ＧＦ】
5622,Stroma GF Greaves,斯羅瑪護腿【ＧＦ】
5623,Stroma GF Leggings,斯羅瑪裹腿【ＧＦ】
5624,エミットGF Greaves,腕護腿【ＧＦ】
5625,エミットGF Leggings,腕裹腿【ＧＦ】
5626,Blitz GFレガース,
5627,Blitz GF Boots,布爾伊特茲靴【ＧＦ】
5628,Wadatsumi GF【Greaves】,瓦達特蘇米護腿【ＧＦ】
5629,Okami GF【Greaves】,歐可米護腿【ＧＦ】
5630,Diboa GF Greaves,迪波阿護腿【ＧＦ】
5631,Diboa GF Leggings,迪波阿裹腿【ＧＦ】
5632,若 Crimson 葉【足枷】,足枷若葉・紅
5633,若 Crimson 葉F【足枷】,足枷若葉・紅
5634,若 Crimson 葉FY【足枷】,足枷若葉・紅
5635,若 Crimson 葉HS【足枷】,足枷若葉・紅
5636,若 Crimson 葉G【足枷】,足枷若葉・紅
5637,若 Crimson 葉GF【足枷】,足枷若葉・紅
5638,若 Crimson 葉GX【足枷】,足枷若葉・紅
5639,翡戸隠【足枷】,足枷翡戸隠
5640,翡戸隠F【足枷】,足枷翡戸隠
5641,翡戸隠FY【足枷】,足枷翡戸隠
5642,翡戸隠HS【足枷】,足枷翡戸隠
5643,翡戸隠G【足枷】,足枷翡戸隠
5644,翡戸隠GF【足枷】,足枷翡戸隠
5645,翡戸隠GX【足枷】,足枷翡戸隠
5646,ブリゼ Greaves,腕護腿
5647,ブリゼF Greaves,腕護腿【Ｆ】
5648,ブリゼFY Greaves,腕護腿
5649,ブリゼHS Greaves,腕護腿【ＨＳ】
5650,ブリゼG Greaves,腕護腿【Ｇ】
5651,ブリゼGF Greaves,腕護腿【ＧＦ】
5652,ブリゼGX Greaves,腕護腿【ＧＸ】
5653,ブリゼ Leggings,腕裹腿
5654,ブリゼF Leggings,腕裹腿【Ｆ】
5655,ブリゼFY Leggings,腕裹腿
5656,ブリゼHS Leggings,腕裹腿【ＨＳ】
5657,ブリゼG Leggings,腕裹腿【Ｇ】
5658,ブリゼGF Leggings,腕裹腿【ＧＦ】
5659,ブリゼGX Leggings,腕裹腿【ＧＸ】
5660,Mixes FY Greaves,混合護腿
5661,Mixes HS Greaves,混合護腿【ＨＳ】
5662,Mixes G Greaves,混合護腿【Ｇ】
5663,Mixes GF Greaves,混合護腿【ＧＦ】
5664,Mixes GX Greaves,混合護腿【ＧＸ】
5665,Mixes FY Leggings,混合裹腿
5666,Mixes HS Leggings,混合裹腿【ＨＳ】
5667,Mixes G Leggings,混合裹腿【Ｇ】
5668,Mixes GF Leggings,混合裹腿【ＧＦ】
5669,Mixes GX Leggings,混合裹腿【ＧＸ】
5670,Zyra Feet・Green,茲伊拉夫伊特・緑
5671,Zyra F Feet・Green,茲伊拉夫伊特【Ｆ】・緑
5672,Zyra FZ Feet・Green,茲伊拉夫伊特【ＦＺ】・緑
5673,Zyra HS Feet・Green,茲伊拉夫伊特【ＨＳ】・緑
5674,Zyra GS Feet・Green,茲伊拉夫伊特【ＧＳ】・緑
5675,Zyra GP Feet・Green,茲伊拉夫伊特【ＧＰ】・緑
5676,Zyra Boots・Green,茲伊拉靴・緑
5677,Zyra F Boots・Green,茲伊拉靴【Ｆ】・緑
5678,Zyra FZ Boots・Green,茲伊拉靴【ＦＺ】・緑
5679,Zyra HS Boots・Green,茲伊拉靴【ＨＳ】・緑
5680,Zyra GS Boots・Green,茲伊拉靴【ＧＳ】・緑
5681,Zyra GP Boots・Green,茲伊拉靴【ＧＰ】・緑
5682,Zyra Feet・Water,茲伊拉夫伊特
5683,Zyra F Feet・Water,茲伊拉夫伊特【Ｆ】
5684,Zyra FZ Feet・Water,茲伊拉夫伊特【ＦＺ】
5685,Zyra HS Feet・Water,茲伊拉夫伊特【ＨＳ】
5686,Zyra GS Feet・Water,茲伊拉夫伊特【ＧＳ】
5687,Zyra GP Feet・Water,茲伊拉夫伊特【ＧＰ】
5688,Zyra Boots・Water,茲伊拉瓦特爾靴
5689,Zyra F Boots・Water,茲伊拉瓦特爾靴【Ｆ】
5690,Zyra FZ Boots・Water,茲伊拉瓦特爾靴【ＦＺ】
5691,Zyra HS Boots・Water,茲伊拉瓦特爾靴【ＨＳ】
5692,Zyra GS Boots・Water,茲伊拉瓦特爾靴【ＧＳ】
5693,Zyra GP Boots・Water,茲伊拉瓦特爾靴【ＧＰ】
5694,Zyra Feet・Red,茲伊拉夫伊特・赤
5695,Zyra F Feet・Red,茲伊拉夫伊特【Ｆ】・赤
5696,Zyra FZ Feet・Red,茲伊拉夫伊特【ＦＺ】・赤
5697,Zyra HS Feet・Red,茲伊拉夫伊特【ＨＳ】・赤
5698,Zyra GS Feet・Red,茲伊拉夫伊特【ＧＳ】・赤
5699,Zyra GP Feet・Red,茲伊拉夫伊特【ＧＰ】・赤
5700,Zyra Boots・Red,茲伊拉靴・赤
5701,Zyra F Boots・Red,茲伊拉靴【Ｆ】・赤
5702,Zyra FZ Boots・Red,茲伊拉靴【ＦＺ】・赤
5703,Zyra HS Boots・Red,茲伊拉靴【ＨＳ】・赤
5704,Zyra GS Boots・Red,茲伊拉靴【ＧＳ】・赤
5705,Zyra GP Boots・Red,茲伊拉靴【ＧＰ】・赤
5706,Zyra Feet・Blue,茲伊拉夫伊特・青
5707,Zyra F Feet・Blue,茲伊拉夫伊特【Ｆ】・青
5708,Zyra FZ Feet・Blue,茲伊拉夫伊特【ＦＺ】・青
5709,Zyra HS Feet・Blue,茲伊拉夫伊特【ＨＳ】・青
5710,Zyra GS Feet・Blue,茲伊拉夫伊特【ＧＳ】・青
5711,Zyra GP Feet・Blue,茲伊拉夫伊特【ＧＰ】・青
5712,Zyra Boots・Blue,茲伊拉靴・青
5713,Zyra F Boots・Blue,茲伊拉靴【Ｆ】・青
5714,Zyra FZ Boots・Blue,茲伊拉靴【ＦＺ】・青
5715,Zyra HS Boots・Blue,茲伊拉靴【ＨＳ】・青
5716,Zyra GS Boots・Blue,茲伊拉靴【ＧＳ】・青
5717,Zyra GP Boots・Blue,茲伊拉靴【ＧＰ】・青
5718,Carrol Feet・Black,克阿爾羅爾夫・黑
5719,Carrol F Feet・Black,克阿爾羅爾夫【Ｆ】・黑
5720,Carrol FZ Feet・Black,克阿爾羅爾夫【ＦＺ】・黑
5721,Carrol HS Feet・Black,克阿爾羅爾夫【ＨＳ】・黑
5722,Carrol GS Feet・Black,克阿爾羅爾夫【ＧＳ】・黑
5723,Carrol GP Feet・Black,克阿爾羅爾夫【ＧＰ】・黑
5724,Carrol Boots・Black,可羅靴・黑
5725,Carrol F Boots・Black,可羅靴【Ｆ】・黑
5726,Carrol FZ Boots・Black,可羅靴【ＦＺ】・黑
5727,Carrol HS Boots・Black,可羅靴【ＨＳ】・黑
5728,Carrol GS Boots・Black,可羅靴【ＧＳ】・黑
5729,Carrol GP Boots・Black,可羅靴【ＧＰ】・黑
5730,Carrol Feet・Blue,克阿爾羅爾夫・青
5731,Carrol F Feet・Blue,克阿爾羅爾夫【Ｆ】・青
5732,Carrol FZ Feet・Blue,克阿爾羅爾夫【ＦＺ】・青
5733,Carrol HS Feet・Blue,克阿爾羅爾夫【ＨＳ】・青
5734,Carrol GS Feet・Blue,克阿爾羅爾夫【ＧＳ】・青
5735,Carrol GP Feet・Blue,克阿爾羅爾夫【ＧＰ】・青
5736,Carrol Boots・Blue,可羅靴・青
5737,Carrol F Boots・Blue,可羅靴【Ｆ】・青
5738,Carrol FZ Boots・Blue,可羅靴【ＦＺ】・青
5739,Carrol HS Boots・Blue,可羅靴【ＨＳ】・青
5740,Carrol GS Boots・Blue,可羅靴【ＧＳ】・青
5741,Carrol GP Boots・Blue,可羅靴【ＧＰ】・青
5742,Carrol Feet・White,克阿爾羅爾夫・白
5743,Carrol F Feet・White,克阿爾羅爾夫【Ｆ】・白
5744,Carrol FZ Feet・White,克阿爾羅爾夫【ＦＺ】・白
5745,Carrol HS Feet・White,克阿爾羅爾夫【ＨＳ】・白
5746,Carrol GS Feet・White,克阿爾羅爾夫【ＧＳ】・白
5747,Carrol GP Feet・White,克阿爾羅爾夫【ＧＰ】・白
5748,Carrol Boots・White,可羅靴・白
5749,Carrol F Boots・White,可羅靴【Ｆ】・白
5750,Carrol FZ Boots・White,可羅靴【ＦＺ】・白
5751,Carrol HS Boots・White,可羅靴【ＨＳ】・白
5752,Carrol GS Boots・White,可羅靴【ＧＳ】・白
5753,Carrol GP Boots・White,可羅靴【ＧＰ】・白
5754,Carrol Feet・Red,克阿爾羅爾夫・赤
5755,Carrol F Feet・Red,克阿爾羅爾夫【Ｆ】・赤
5756,Carrol FZ Feet・Red,克阿爾羅爾夫【ＦＺ】・赤
5757,Carrol HS Feet・Red,克阿爾羅爾夫【ＨＳ】・赤
5758,Carrol GS Feet・Red,克阿爾羅爾夫【ＧＳ】・赤
5759,Carrol GP Feet・Red,克阿爾羅爾夫【ＧＰ】・赤
5760,Carrol Boots・Red,可羅靴・赤
5761,Carrol F Boots・Red,可羅靴【Ｆ】・赤
5762,Carrol FZ Boots・Red,可羅靴【ＦＺ】・赤
5763,Carrol HS Boots・Red,可羅靴【ＨＳ】・赤
5764,Carrol GS Boots・Red,可羅靴【ＧＳ】・赤
5765,Carrol GP Boots・Red,可羅靴【ＧＰ】・赤
5766,Serena Feet・Purple,塞雷納夫伊特・紫
5767,Serena F Feet・Purple,塞雷納夫伊特【Ｆ】・紫
5768,Serena FZ Feet・Purple,塞雷納夫伊特【ＦＺ】・紫
5769,Serena HS Feet・Purple,塞雷納夫伊特【ＨＳ】・紫
5770,Serena GS Feet・Purple,塞雷納夫伊特【ＧＳ】・紫
5771,Serena GP Feet・Purple,塞雷納夫伊特【ＧＰ】・紫
5772,Serena Boots・Purple,塞雷納靴・紫
5773,Serena F Boots・Purple,塞雷納靴【Ｆ】・紫
5774,Serena FZ Boots・Purple,塞雷納靴【ＦＺ】・紫
5775,Serena HS Boots・Purple,塞雷納靴【ＨＳ】・紫
5776,Serena GS Boots・Purple,塞雷納靴【ＧＳ】・紫
5777,Serena GP Boots・Purple,塞雷納靴【ＧＰ】・紫
5778,Serena Feet・Blue,塞雷納夫伊特・青
5779,Serena F Feet・Blue,塞雷納夫伊特【Ｆ】・青
5780,Serena FZ Feet・Blue,塞雷納夫伊特【ＦＺ】・青
5781,Serena HS Feet・Blue,塞雷納夫伊特【ＨＳ】・青
5782,Serena GS Feet・Blue,塞雷納夫伊特【ＧＳ】・青
5783,Serena GP Feet・Blue,塞雷納夫伊特【ＧＰ】・青
5784,Serena Boots・Blue,塞雷納靴・青
5785,Serena F Boots・Blue,塞雷納靴【Ｆ】・青
5786,Serena FZ Boots・Blue,塞雷納靴【ＦＺ】・青
5787,Serena HS Boots・Blue,塞雷納靴【ＨＳ】・青
5788,Serena GS Boots・Blue,塞雷納靴【ＧＳ】・青
5789,Serena GP Boots・Blue,塞雷納靴【ＧＰ】・青
5790,Serena Feet・White,塞雷納夫伊特・白
5791,Serena F Feet・White,塞雷納夫伊特【Ｆ】・白
5792,Serena FZ Feet・White,塞雷納夫伊特【ＦＺ】・白
5793,Serena HS Feet・White,塞雷納夫伊特【ＨＳ】・白
5794,Serena GS Feet・White,塞雷納夫伊特【ＧＳ】・白
5795,Serena GP Feet・White,塞雷納夫伊特【ＧＰ】・白
5796,Serena Boots・White,塞雷納靴・白
5797,Serena F Boots・White,塞雷納靴【Ｆ】・白
5798,Serena FZ Boots・White,塞雷納靴【ＦＺ】・白
5799,Serena HS Boots・White,塞雷納靴【ＨＳ】・白
5800,Serena GS Boots・White,塞雷納靴【ＧＳ】・白
5801,Serena GP Boots・White,塞雷納靴【ＧＰ】・白
5802,Serena Feet・Red,塞雷納夫伊特・赤
5803,Serena F Feet・Red,塞雷納夫伊特【Ｆ】・赤
5804,Serena FZ Feet・Red,塞雷納夫伊特【ＦＺ】・赤
5805,Serena HS Feet・Red,塞雷納夫伊特【ＨＳ】・赤
5806,Serena GS Feet・Red,塞雷納夫伊特【ＧＳ】・赤
5807,Serena GP Feet・Red,塞雷納夫伊特【ＧＰ】・赤
5808,Serena Boots・Red,塞雷納靴・赤
5809,Serena F Boots・Red,塞雷納靴【Ｆ】・赤
5810,Serena FZ Boots・Red,塞雷納靴【ＦＺ】・赤
5811,Serena HS Boots・Red,塞雷納靴【ＨＳ】・赤
5812,Serena GS Boots・Red,塞雷納靴【ＧＳ】・赤
5813,Serena GP Boots・Red,塞雷納靴【ＧＰ】・赤
5814,Nimbus Leg,尼姆布斯腿
5815,Nimbus F Leg,尼姆布斯腿【Ｆ】
5816,Nimbus FZ Leg,尼姆布斯腿【ＦＺ】
5817,Nimbus HS Leg,尼姆布斯腿【ＨＳ】
5818,Nimbus GS Leg,尼姆布斯腿【ＧＳ】
5819,Nimbus GP Leg,尼姆布斯腿【ＧＰ】
5820,Nimbus Boots,尼姆布斯靴
5821,Nimbus F Boots,尼姆布斯靴【Ｆ】
5822,Nimbus FZ Boots,尼姆布斯靴【ＦＺ】
5823,Nimbus HS Boots,尼姆布斯靴【ＨＳ】
5824,Nimbus GS Boots,尼姆布斯靴【ＧＳ】
5825,Nimbus GP Boots,尼姆布斯靴【ＧＰ】
5826,Ex FZ Feet・White,艾克斯夫伊特【ＦＺ】・白
5827,Ex HS Feet・White,艾克斯夫伊特【ＨＳ】・白
5828,Ex GS Feet・White,艾克斯夫伊特【ＧＳ】・白
5829,Ex GP Feet・White,艾克斯夫伊特【ＧＰ】・白
5830,Ex FZ Boots・White,艾克斯靴【ＦＺ】・白
5831,Ex HS Boots・White,艾克斯靴【ＨＳ】・白
5832,Ex GS Boots・White,艾克斯靴【ＧＳ】・白
5833,Ex GP Boots・White,艾克斯靴【ＧＰ】・白
5834,Ex FZ Feet・Red,艾克斯夫伊特【ＦＺ】・赤
5835,Ex HS Feet・Red,艾克斯夫伊特【ＨＳ】・赤
5836,Ex GS Feet・Red,艾克斯夫伊特【ＧＳ】・赤
5837,Ex GP Feet・Red,艾克斯夫伊特【ＧＰ】・赤
5838,Ex FZ Boots・Red,艾克斯靴【ＦＺ】・赤
5839,Ex HS Boots・Red,艾克斯靴【ＨＳ】・赤
5840,Ex GS Boots・Red,艾克斯靴【ＧＳ】・赤
5841,Ex GP Boots・Red,艾克斯靴【ＧＰ】・赤
5842,Ex FZ Feet・Blue,艾克斯夫伊特【ＦＺ】・青
5843,Ex HS Feet・Blue,艾克斯夫伊特【ＨＳ】・青
5844,Ex GS Feet・Blue,艾克斯夫伊特【ＧＳ】・青
5845,Ex GP Feet・Blue,艾克斯夫伊特【ＧＰ】・青
5846,Ex FZ Boots・Blue,艾克斯靴【ＦＺ】・青
5847,Ex HS Boots・Blue,艾克斯靴【ＨＳ】・青
5848,Ex GS Boots・Blue,艾克斯靴【ＧＳ】・青
5849,Ex GP Boots・Blue,艾克斯靴【ＧＰ】・青
5850,Ex FZ Feet・Black,艾克斯夫伊特【ＦＺ】・黑
5851,Ex HS Feet・Black,艾克斯夫伊特【ＨＳ】・黑
5852,Ex GS Feet・Black,艾克斯夫伊特【ＧＳ】・黑
5853,Ex GP Feet・Black,艾克斯夫伊特【ＧＰ】・黑
5854,Ex FZ Boots・Black,艾克斯靴【ＦＺ】・黑
5855,Ex HS Boots・Black,艾克斯靴【ＨＳ】・黑
5856,Ex GS Boots・Black,艾克斯靴【ＧＳ】・黑
5857,Ex GP Boots・Black,艾克斯靴【ＧＰ】・黑
5858,Gold Cat FZ Feet,克阿特夫伊特【ＦＺ】・金
5859,Gold Cat HS Feet,克阿特夫伊特【ＨＳ】・金
5860,Gold Cat GS Feet,克阿特夫伊特【ＧＳ】・金
5861,Gold Cat GP Feet,克阿特夫伊特【ＧＰ】・金
5862,Gold Cat FZ Boots,金猫靴【ＦＺ】・金
5863,Gold Cat HS Boots,金猫靴【ＨＳ】・金
5864,Gold Cat GS Boots,金猫靴【ＧＳ】・金
5865,Gold Cat GP Boots,金猫靴【ＧＰ】・金
5866,Silver Cat FZ Feet,克阿特夫伊特【ＦＺ】・銀
5867,Silver Cat HS Feet,克阿特夫伊特【ＨＳ】・銀
5868,Silver Cat GS Feet,克阿特夫伊特【ＧＳ】・銀
5869,Silver Cat GP Feet,克阿特夫伊特【ＧＰ】・銀
5870,Silver Cat FZ Boots,金猫靴【ＦＺ】・銀
5871,Silver Cat HS Boots,金猫靴【ＨＳ】・銀
5872,Silver Cat GS Boots,金猫靴【ＧＳ】・銀
5873,Silver Cat GP Boots,金猫靴【ＧＰ】・銀
5874,Claire FZ Feet・Purple,克拉伊雷夫伊【ＦＺ】・紫
5875,Claire HS Feet・Purple,克拉伊雷夫伊【ＨＳ】・紫
5876,Claire GS Feet・Purple,克拉伊雷夫伊【ＧＳ】・紫
5877,Claire GP Feet・Purple,克拉伊雷夫伊【ＧＰ】・紫
5878,Claire FZ Boots・Purple,克爾阿伊雷靴【ＦＺ】・紫
5879,Claire HS Boots・Purple,克爾阿伊雷靴【ＨＳ】・紫
5880,Claire GS Boots・Purple,克爾阿伊雷靴【ＧＳ】・紫
5881,Claire GP Boots・Purple,克爾阿伊雷靴【ＧＰ】・紫
5882,Claire FZ Feet・Water,克拉伊雷夫伊【ＦＺ】
5883,Claire HS Feet・Water,克拉伊雷夫伊【ＨＳ】
5884,Claire GS Feet・Water,克拉伊雷夫伊【ＧＳ】
5885,Claire GP Feet・Water,克拉伊雷夫伊【ＧＰ】
5886,Claire FZ Boots・Water,克爾阿伊雷瓦特爾靴【ＦＺ】
5887,Claire HS Boots・Water,克爾阿伊雷瓦特爾靴【ＨＳ】
5888,Claire GS Boots・Water,克爾阿伊雷瓦特爾靴【ＧＳ】
5889,Claire GP Boots・Water,克爾阿伊雷瓦特爾靴【ＧＰ】
5890,Claire FZ Feet・Red,克拉伊雷夫伊【ＦＺ】・赤
5891,Claire HS Feet・Red,克拉伊雷夫伊【ＨＳ】・赤
5892,Claire GS Feet・Red,克拉伊雷夫伊【ＧＳ】・赤
5893,Claire GP Feet・Red,克拉伊雷夫伊【ＧＰ】・赤
5894,Claire FZ Boots・Red,克爾阿伊雷靴【ＦＺ】・赤
5895,Claire HS Boots・Red,克爾阿伊雷靴【ＨＳ】・赤
5896,Claire GS Boots・Red,克爾阿伊雷靴【ＧＳ】・赤
5897,Claire GP Boots・Red,克爾阿伊雷靴【ＧＰ】・赤
5898,Claire FZ Feet・Black,克拉伊雷夫伊【ＦＺ】・黑
5899,Claire HS Feet・Black,克拉伊雷夫伊【ＨＳ】・黑
5900,Claire GS Feet・Black,克拉伊雷夫伊【ＧＳ】・黑
5901,Claire GP Feet・Black,克拉伊雷夫伊【ＧＰ】・黑
5902,Claire FZ Boots・Black,克爾阿伊雷靴【ＦＺ】・黑
5903,Claire HS Boots・Black,克爾阿伊雷靴【ＨＳ】・黑
5904,Claire GS Boots・Black,克爾阿伊雷靴【ＧＳ】・黑
5905,Claire GP Boots・Black,克爾阿伊雷靴【ＧＰ】・黑
5906,Text HS Feet・Purple,特克斯特夫伊特【ＨＳ】・紫
5907,Text GS Feet・Purple,特克斯特夫伊特【ＧＳ】・紫
5908,Text GP Feet・Purple,特克斯特夫伊特【ＧＰ】・紫
5909,Text HS Boots・Purple,特克斯特靴【ＨＳ】・紫
5910,Text GS Boots・Purple,特克斯特靴【ＧＳ】・紫
5911,Text GP Boots・Purple,特克斯特靴【ＧＰ】・紫
5912,Text HS Feet・Green,特克斯特夫伊特【ＨＳ】・緑
5913,Text GS Feet・Green,特克斯特夫伊特【ＧＳ】・緑
5914,Text GP Feet・Green,特克斯特夫伊特【ＧＰ】・緑
5915,Text HS Boots・Green,特克斯特靴【ＨＳ】・緑
5916,Text GS Boots・Green,特克斯特靴【ＧＳ】・緑
5917,Text GP Boots・Green,特克斯特靴【ＧＰ】・緑
5918,Text HS Feet・Blue,特克斯特夫伊特【ＨＳ】・青
5919,Text GS Feet・Blue,特克斯特夫伊特【ＧＳ】・青
5920,Text GP Feet・Blue,特克斯特夫伊特【ＧＰ】・青
5921,Text HS Boots・Blue,特克斯特靴【ＨＳ】・青
5922,Text GS Boots・Blue,特克斯特靴【ＧＳ】・青
5923,Text GP Boots・Blue,特克斯特靴【ＧＰ】・青
5924,Text HS Feet・Black,特克斯特夫伊特【ＨＳ】・黑
5925,Text GS Feet・Black,特克斯特夫伊特【ＧＳ】・黑
5926,Text GP Feet・Black,特克斯特夫伊特【ＧＰ】・黑
5927,Text HS Boots・Black,特克斯特靴【ＨＳ】・黑
5928,Text GS Boots・Black,特克斯特靴【ＧＳ】・黑
5929,Text GP Boots・Black,特克斯特靴【ＧＰ】・黑
5930,Cultu HS Feet・Ash,克烏爾圖夫伊【ＨＳ】
5931,Cultu GS Feet・Ash,克烏爾圖夫伊【ＧＳ】
5932,Cultu GP Feet・Ash,克烏爾圖夫伊【ＧＰ】
5933,Cultu HS Boots・Ash,克烏爾圖阿斯赫靴【ＨＳ】
5934,Cultu GS Boots・Ash,克烏爾圖阿斯赫靴【ＧＳ】
5935,Cultu GP Boots・Ash,克烏爾圖阿斯赫靴【ＧＰ】
5936,Cultu HS Feet・Blue,克烏爾圖夫伊【ＨＳ】・青
5937,Cultu GS Feet・Blue,克烏爾圖夫伊【ＧＳ】・青
5938,Cultu GP Feet・Blue,克烏爾圖夫伊【ＧＰ】・青
5939,Cultu HS Boots・Blue,克烏爾圖靴【ＨＳ】・青
5940,Cultu GS Boots・Blue,克烏爾圖靴【ＧＳ】・青
5941,Cultu GP Boots・Blue,克烏爾圖靴【ＧＰ】・青
5942,Cultu HS Feet・Orange,克烏爾圖夫伊【ＨＳ】・橙
5943,Cultu GS Feet・Orange,克烏爾圖夫伊【ＧＳ】・橙
5944,Cultu GP Feet・Orange,克烏爾圖夫伊【ＧＰ】・橙
5945,Cultu HS Boots・Orange,克烏爾圖靴【ＨＳ】・橙
5946,Cultu GS Boots・Orange,克烏爾圖靴【ＧＳ】・橙
5947,Cultu GP Boots・Orange,克烏爾圖靴【ＧＰ】・橙
5948,Cultu HS Feet・Green,克烏爾圖夫伊【ＨＳ】・緑
5949,Cultu GS Feet・Green,克烏爾圖夫伊【ＧＳ】・緑
5950,Cultu GP Feet・Green,克烏爾圖夫伊【ＧＰ】・緑
5951,Cultu HS Boots・Green,克烏爾圖靴【ＨＳ】・緑
5952,Cultu GS Boots・Green,克烏爾圖靴【ＧＳ】・緑
5953,Cultu GP Boots・Green,克烏爾圖靴【ＧＰ】・緑
5954,Arma FZ Feet・Black,阿爾馬夫伊特【ＦＺ】・黑
5955,Arma HS Feet・Black,阿爾馬夫伊特【ＨＳ】・黑
5956,Arma GS Feet・Black,阿爾馬夫伊特【ＧＳ】・黑
5957,Arma GP Feet・Black,阿爾馬夫伊特【ＧＰ】・黑
5958,Arma FZ Boots・Black,阿爾馬靴【ＦＺ】・黑
5959,Arma HS Boots・Black,阿爾馬靴【ＨＳ】・黑
5960,Arma GS Boots・Black,阿爾馬靴【ＧＳ】・黑
5961,Arma GP Boots・Black,阿爾馬靴【ＧＰ】・黑
5962,Arma FZ Feet・White,阿爾馬夫伊特【ＦＺ】・白
5963,Arma HS Feet・White,阿爾馬夫伊特【ＨＳ】・白
5964,Arma GS Feet・White,阿爾馬夫伊特【ＧＳ】・白
5965,Arma GP Feet・White,阿爾馬夫伊特【ＧＰ】・白
5966,Arma FZ Boots・White,阿爾馬靴【ＦＺ】・白
5967,Arma HS Boots・White,阿爾馬靴【ＨＳ】・白
5968,Arma GS Boots・White,阿爾馬靴【ＧＳ】・白
5969,Arma GP Boots・White,阿爾馬靴【ＧＰ】・白
5970,Arma FZ Feet・Blue,阿爾馬夫伊特【ＦＺ】・青
5971,Arma HS Feet・Blue,阿爾馬夫伊特【ＨＳ】・青
5972,Arma GS Feet・Blue,阿爾馬夫伊特【ＧＳ】・青
5973,Arma GP Feet・Blue,阿爾馬夫伊特【ＧＰ】・青
5974,Arma FZ Boots・Blue,阿爾馬靴【ＦＺ】・青
5975,Arma HS Boots・Blue,阿爾馬靴【ＨＳ】・青
5976,Arma GS Boots・Blue,阿爾馬靴【ＧＳ】・青
5977,Arma GP Boots・Blue,阿爾馬靴【ＧＰ】・青
5978,Arma FZ Feet・Tea,阿爾馬夫伊特【ＦＺ】・茶
5979,Arma HS Feet・Tea,阿爾馬夫伊特【ＨＳ】・茶
5980,Arma GS Feet・Tea,阿爾馬夫伊特【ＧＳ】・茶
5981,Arma GP Feet・Tea,阿爾馬夫伊特【ＧＰ】・茶
5982,Arma FZ Boots・Tea,阿爾馬靴【ＦＺ】・茶
5983,Arma HS Boots・Tea,阿爾馬靴【ＨＳ】・茶
5984,Arma GS Boots・Tea,阿爾馬靴【ＧＳ】・茶
5985,Arma GP Boots・Tea,阿爾馬靴【ＧＰ】・茶
5986,Siena HS Greaves・Silver,西艾娜腕銀護腿【ＨＳ】・銀
5987,Siena GS Greaves・Silver,西艾娜腕銀護腿【ＧＳ】・銀
5988,Siena GP Greaves・Silver,西艾娜腕銀護腿【ＧＰ】・銀
5989,Siena HS Leggings・Silver,西艾娜腕銀裹腿【ＨＳ】・銀
5990,Siena GS Leggings・Silver,西艾娜腕銀裹腿【ＧＳ】・銀
5991,Siena GP Leggings・Silver,西艾娜腕銀裹腿【ＧＰ】・銀
5992,Siena HS Greaves・Black,西艾娜腕銀護腿【ＨＳ】・黑
5993,Siena GS Greaves・Black,西艾娜腕銀護腿【ＧＳ】・黑
5994,Siena GP Greaves・Black,西艾娜腕銀護腿【ＧＰ】・黑
5995,Siena HS Leggings・Black,西艾娜腕銀裹腿【ＨＳ】・黑
5996,Siena GS Leggings・Black,西艾娜腕銀裹腿【ＧＳ】・黑
5997,Siena GP Leggings・Black,西艾娜腕銀裹腿【ＧＰ】・黑
5998,Siena HS Greaves・Red,西艾娜腕銀護腿【ＨＳ】・赤
5999,Siena GS Greaves・Red,西艾娜腕銀護腿【ＧＳ】・赤
6000,Siena GP Greaves・Red,西艾娜腕銀護腿【ＧＰ】・赤
6001,Siena HS Leggings・Red,西艾娜腕銀裹腿【ＨＳ】・赤
6002,Siena GS Leggings・Red,西艾娜腕銀裹腿【ＧＳ】・赤
6003,Siena GP Leggings・Red,西艾娜腕銀裹腿【ＧＰ】・赤
6004,Siena HS Greaves・Blue,西艾娜腕銀護腿【ＨＳ】・青
6005,Siena GS Greaves・Blue,西艾娜腕銀護腿【ＧＳ】・青
6006,Siena GP Greaves・Blue,西艾娜腕銀護腿【ＧＰ】・青
6007,Siena HS Leggings・Blue,西艾娜腕銀裹腿【ＨＳ】・青
6008,Siena GS Leggings・Blue,西艾娜腕銀裹腿【ＧＳ】・青
6009,Siena GP Leggings・Blue,西艾娜腕銀裹腿【ＧＰ】・青
6010,Cloth GS Feet・Red,克洛斯夫伊特【ＧＳ】・赤
6011,Cloth GP Feet・Red,克洛斯夫伊特【ＧＰ】・赤
6012,Cloth GS Boots・Red,克爾歐特赫靴【ＧＳ】・赤
6013,Cloth GP Boots・Red,克爾歐特赫靴【ＧＰ】・赤
6014,Cloth GS Feet・Blue,克洛斯夫伊特【ＧＳ】・青
6015,Cloth GP Feet・Blue,克洛斯夫伊特【ＧＰ】・青
6016,Cloth GS Boots・Blue,克爾歐特赫靴【ＧＳ】・青
6017,Cloth GP Boots・Blue,克爾歐特赫靴【ＧＰ】・青
6018,Cloth GS Feet・Purple,克洛斯夫伊特【ＧＳ】・紫
6019,Cloth GP Feet・Purple,克洛斯夫伊特【ＧＰ】・紫
6020,Cloth GS Boots・Purple,克爾歐特赫靴【ＧＳ】・紫
6021,Cloth GP Boots・Purple,克爾歐特赫靴【ＧＰ】・紫
6022,Cloth GS Feet・Green,克洛斯夫伊特【ＧＳ】・緑
6023,Cloth GP Feet・Green,克洛斯夫伊特【ＧＰ】・緑
6024,Cloth GS Boots・Green,克爾歐特赫靴【ＧＳ】・緑
6025,Cloth GP Boots・Green,克爾歐特赫靴【ＧＰ】・緑
6026,Maisto FZ Feet・Crimson,馬伊斯托夫伊【ＦＺ】・紅
6027,Maisto HS Feet・Crimson,馬伊斯托夫伊【ＨＳ】・紅
6028,Maisto GS Feet・Crimson,馬伊斯托夫伊【ＧＳ】・紅
6029,Maisto GP Feet・Crimson,馬伊斯托夫伊【ＧＰ】・紅
6030,Maisto FZ Boots・Crimson,馬伊斯托靴【ＦＺ】・紅
6031,Maisto HS Boots・Crimson,馬伊斯托靴【ＨＳ】・紅
6032,Maisto GS Boots・Crimson,馬伊斯托靴【ＧＳ】・紅
6033,Maisto GP Boots・Crimson,馬伊斯托靴【ＧＰ】・紅
6034,Maisto FZ Feet・Green,馬伊斯托夫伊【ＦＺ】・緑
6035,Maisto HS Feet・Green,馬伊斯托夫伊【ＨＳ】・緑
6036,Maisto GS Feet・Green,馬伊斯托夫伊【ＧＳ】・緑
6037,Maisto GP Feet・Green,馬伊斯托夫伊【ＧＰ】・緑
6038,Maisto FZ Boots・Green,馬伊斯托靴【ＦＺ】・緑
6039,Maisto HS Boots・Green,馬伊斯托靴【ＨＳ】・緑
6040,Maisto GS Boots・Green,馬伊斯托靴【ＧＳ】・緑
6041,Maisto GP Boots・Green,馬伊斯托靴【ＧＰ】・緑
6042,Maisto FZ Feet・Green,馬伊斯托夫伊【ＦＺ】・緑
6043,Maisto HS Feet・Green,馬伊斯托夫伊【ＨＳ】・緑
6044,Maisto GS Feet・Green,馬伊斯托夫伊【ＧＳ】・緑
6045,Maisto GP Feet・Green,馬伊斯托夫伊【ＧＰ】・緑
6046,Maisto FZ Boots・Green,馬伊斯托靴【ＦＺ】・緑
6047,Maisto HS Boots・Green,馬伊斯托靴【ＨＳ】・緑
6048,Maisto GS Boots・Green,馬伊斯托靴【ＧＳ】・緑
6049,Maisto GP Boots・Green,馬伊斯托靴【ＧＰ】・緑
6050,Maisto FZ Feet・Pink,馬伊斯托夫伊【ＦＺ】・桃
6051,Maisto HS Feet・Pink,馬伊斯托夫伊【ＨＳ】・桃
6052,Maisto GS Feet・Pink,馬伊斯托夫伊【ＧＳ】・桃
6053,Maisto GP Feet・Pink,馬伊斯托夫伊【ＧＰ】・桃
6054,Maisto FZ Boots・Pink,馬伊斯托靴【ＦＺ】・桃
6055,Maisto HS Boots・Pink,馬伊斯托靴【ＨＳ】・桃
6056,Maisto GS Boots・Pink,馬伊斯托靴【ＧＳ】・桃
6057,Maisto GP Boots・Pink,馬伊斯托靴【ＧＰ】・桃
6058,Cayssis HS Feet Water,克阿伊斯西斯【ＨＳ】
6059,Cayssis GS Feet Water,克阿伊斯西斯【ＧＳ】
6060,Cayssis GP Feet Water,克阿伊斯西斯【ＧＰ】
6061,Cayssis HS Leggings Water,克阿伊斯西斯瓦特裹腿【ＨＳ】
6062,Cayssis GS Leggings Water,克阿伊斯西斯瓦特裹腿【ＧＳ】
6063,Cayssis GP Leggings Water,克阿伊斯西斯瓦特裹腿【ＧＰ】
6064,Cayssis HS Feet Red,克阿伊斯西斯【ＨＳ】・赤
6065,Cayssis GS Feet Red,克阿伊斯西斯【ＧＳ】・赤
6066,Cayssis GP Feet Red,克阿伊斯西斯【ＧＰ】・赤
6067,Cayssis HS Leggings Red,克阿伊斯西斯裹腿【ＨＳ】・赤
6068,Cayssis GS Leggings Red,克阿伊斯西斯裹腿【ＧＳ】・赤
6069,Cayssis GP Leggings Red,克阿伊斯西斯裹腿【ＧＰ】・赤
6070,Cayssis HS Feet Blue,克阿伊斯西斯【ＨＳ】・青
6071,Cayssis GS Feet Blue,克阿伊斯西斯【ＧＳ】・青
6072,Cayssis GP Feet Blue,克阿伊斯西斯【ＧＰ】・青
6073,Cayssis HS Leggings Blue,克阿伊斯西斯裹腿【ＨＳ】・青
6074,Cayssis GS Leggings Blue,克阿伊斯西斯裹腿【ＧＳ】・青
6075,Cayssis GP Leggings Blue,克阿伊斯西斯裹腿【ＧＰ】・青
6076,Cayssis HS Feet Orange,克阿伊斯西斯【ＨＳ】・橙
6077,Cayssis GS Feet Orange,克阿伊斯西斯【ＧＳ】・橙
6078,Cayssis GP Feet Orange,克阿伊斯西斯【ＧＰ】・橙
6079,Cayssis HS Leggings Orange,克阿伊斯西斯裹腿【ＨＳ】・橙
6080,Cayssis GS Leggings Orange,克阿伊斯西斯裹腿【ＧＳ】・橙
6081,Cayssis GP Leggings Orange,克阿伊斯西斯裹腿【ＧＰ】・橙
6082,Pandeum HS Leg,拍恩德烏姆腿【ＨＳ】
6083,Pandeum GS Leg,拍恩德烏姆腿【ＧＳ】
6084,Pandeum GP Leg,拍恩德烏姆腿【ＧＰ】
6085,Pandeum HS Boots,拍恩德烏姆靴【ＨＳ】
6086,Pandeum GS Boots,拍恩德烏姆靴【ＧＳ】
6087,Pandeum GP Boots,拍恩德烏姆靴【ＧＰ】
6088,Dian HS Leg,迪阿恩腿【ＨＳ】
6089,Dian GS Leg,迪阿恩腿【ＧＳ】
6090,Dian GP Leg,迪阿恩腿【ＧＰ】
6091,Dian HS Boots,迪阿恩靴【ＨＳ】
6092,Dian GS Boots,迪阿恩靴【ＧＳ】
6093,Dian GP Boots,迪阿恩靴【ＧＰ】
6094,Wild HS Leg,烏伊爾德腿【ＨＳ】
6095,Wild GS Leg,烏伊爾德腿【ＧＳ】
6096,Wild GP Leg,烏伊爾德腿【ＧＰ】
6097,Wild HS Boots,烏伊爾德靴【ＨＳ】
6098,Wild GS Boots,烏伊爾德靴【ＧＳ】
6099,Wild GP Boots,烏伊爾德靴【ＧＰ】
6100,Flower HS Leg,夫爾歐烏艾爾腿【ＨＳ】
6101,Flower GS Leg,夫爾歐烏艾爾腿【ＧＳ】
6102,Flower GP Leg,夫爾歐烏艾爾腿【ＧＰ】
6103,Flower HS Boots,夫爾歐烏艾爾靴【ＨＳ】
6104,Flower GS Boots,夫爾歐烏艾爾靴【ＧＳ】
6105,Flower GP Boots,夫爾歐烏艾爾靴【ＧＰ】
6106,Tune HS Leg,圖涅腿【ＨＳ】
6107,Tune GS Leg,圖涅腿【ＧＳ】
6108,Tune GP Leg,圖涅腿【ＧＰ】
6109,Schnite HS Boots,斯克赫尼特靴【ＨＳ】
6110,Schnite GS Boots,斯克赫尼特靴【ＧＳ】
6111,Schnite GP Boots,斯克赫尼特靴【ＧＰ】
6112,Dicto HS Leg,迪克托腿【ＨＳ】
6113,Dicto GS Leg,迪克托腿【ＧＳ】
6114,Dicto GP Leg,迪克托腿【ＧＰ】
6115,Diletto HS Boots,迪爾艾特托靴【ＨＳ】
6116,Diletto GS Boots,迪爾艾特托靴【ＧＳ】
6117,Diletto GP Boots,迪爾艾特托靴【ＧＰ】
6118,Cubie HS Feet,克烏比艾夫伊【ＨＳ】
6119,Cubie GS Feet,克烏比艾夫伊【ＧＳ】
6120,Cubie GP Feet,克烏比艾夫伊【ＧＰ】
6121,Cubie HS Leggings,克烏比艾裹腿【ＨＳ】
6122,Cubie GS Leggings,克烏比艾裹腿【ＧＳ】
6123,Cubie GP Leggings,克烏比艾裹腿【ＧＰ】
6124,Kemor HS Feet,凱莫爾夫伊特【ＨＳ】
6125,Kemor GS Feet,凱莫爾夫伊特【ＧＳ】
6126,Kemor GP Feet,凱莫爾夫伊特【ＧＰ】
6127,Kemor HS Leggings,凱莫爾裹腿【ＨＳ】
6128,Kemor GS Leggings,凱莫爾裹腿【ＧＳ】
6129,Kemor GP Leggings,凱莫爾裹腿【ＧＰ】
6130,Suriito GP Feet・Yellow,蘇里伊托夫伊【ＧＰ】・黄
6131,Suriito GP Boots・Yellow,蘇里伊托靴【ＧＰ】・黄
6132,Suriito GP Feet・Silver,蘇里伊托夫伊【ＧＰ】・銀
6133,Suriito GP Boots・Silver,蘇里伊托靴【ＧＰ】・銀
6134,Suriito GP Feet・Red,蘇里伊托夫伊【ＧＰ】・赤
6135,Suriito GP Boots・Red,蘇里伊托靴【ＧＰ】・赤
6136,Suriito GP Feet・Blue,蘇里伊托夫伊【ＧＰ】・青
6137,Suriito GP Boots・Blue,蘇里伊托靴【ＧＰ】・青
6138,Galitos GP Feet・Tea,加里托斯夫伊【ＧＰ】・茶
6139,Galitos GP Boots・Tea,加爾伊托斯靴【ＧＰ】・茶
6140,Galitos GP Feet・Red,加里托斯夫伊【ＧＰ】・赤
6141,Galitos GP Boots・Red,加爾伊托斯靴【ＧＰ】・赤
6142,Galitos GP Feet・Black,加里托斯夫伊【ＧＰ】・黑
6143,Galitos GP Boots・Black,加爾伊托斯靴【ＧＰ】・黑
6144,Galitos GP Feet・Water,加里托斯夫伊【ＧＰ】
6145,Galitos GP Boots・Water,加爾伊托斯瓦特爾靴【ＧＰ】
6146,Lien GP Feet・Blue,里艾恩夫伊特【ＧＰ】・青
6147,Lien GP Boots・Blue,爾伊艾恩靴【ＧＰ】・青
6148,Lien GP Feet・Red,里艾恩夫伊特【ＧＰ】・赤
6149,Lien GP Boots・Red,爾伊艾恩靴【ＧＰ】・赤
6150,Lien GP Feet・Black,里艾恩夫伊特【ＧＰ】・黑
6151,Lien GP Boots・Black,爾伊艾恩靴【ＧＰ】・黑
6152,Lien GP Feet・White,里艾恩夫伊特【ＧＰ】・白
6153,Lien GP Boots・White,爾伊艾恩靴【ＧＰ】・白
6154,Melety GP Feet・White,梅勒特伊夫伊【ＧＰ】・白
6155,Melety GP Boots・White,梅爾艾特伊靴【ＧＰ】・白
6156,Melety GP Feet・Red,梅勒特伊夫伊【ＧＰ】・赤
6157,Melety GP Boots・Red,梅爾艾特伊靴【ＧＰ】・赤
6158,Melety GP Feet・Blue,梅勒特伊夫伊【ＧＰ】・青
6159,Melety GP Boots・Blue,梅爾艾特伊靴【ＧＰ】・青
6160,Melety GP Feet・Black,梅勒特伊夫伊【ＧＰ】・黑
6161,Melety GP Boots・Black,梅爾艾特伊靴【ＧＰ】・黑
6162,Steno GP Greaves・Orange,斯特諾護腿【ＧＰ】・橙
6163,Steno GP Leggings・Orange,斯特諾裹腿【ＧＰ】・橙
6164,Steno GP Greaves・Peach,斯特諾護腿【ＧＰ】・桃
6165,Steno GP Leggings・Peach,斯特諾裹腿【ＧＰ】・桃
6166,Steno GP Greaves・Blue,斯特諾護腿【ＧＰ】・青
6167,Steno GP Leggings・Blue,斯特諾裹腿【ＧＰ】・青
6168,Steno GP Greaves・Red,斯特諾護腿【ＧＰ】・赤
6169,Steno GP Leggings・Red,斯特諾裹腿【ＧＰ】・赤
6170,Star Festival GP Tabi 【 Red 】,星祭手甲・赤
6171,Tanabata GP Tabi 【 Red 】,七夕手甲・赤
6172,Star Festival GP Tabi 【 Blue 】,星祭手甲・青
6173,Tanabata GP Tabi 【 Blue 】,七夕手甲・青
6174,Star Festival GP Tabi 【 Black 】,星祭手甲・黑
6175,Tanabata GP Tabi 【 Black 】,七夕手甲・黑
6176,Star Festival GP Tabi 【 White 】,星祭手甲・白
6177,Tanabata GP Tabi 【 White 】,七夕手甲・白
6178,ダミー,(dummy)
6179,ダミー,(dummy)
6180,ダミー,(dummy)
6181,ダミー,(dummy)
6182,ダミー,(dummy)
6183,ダミー,(dummy)
6184,Historia Greaves,希斯歐里阿護腿
6185,Historia F Greaves,希斯歐里阿護腿【Ｆ】
6186,Historia FZ Greaves,希斯歐里阿護腿【ＦＺ】
6187,Historia HS Greaves,希斯歐里阿護腿【ＨＳ】
6188,Historia GS Greaves,希斯歐里阿護腿【ＧＳ】
6189,Historia GP Greaves,希斯歐里阿護腿【ＧＰ】
6190,Historia Leggings,希斯歐里阿裹腿
6191,Historia F Leggings,希斯歐里阿裹腿【Ｆ】
6192,Historia FZ Leggings,希斯歐里阿裹腿【ＦＺ】
6193,Historia HS Leggings,希斯歐里阿裹腿【ＨＳ】
6194,Historia GS Leggings,希斯歐里阿裹腿【ＧＳ】
6195,Historia GP Leggings,希斯歐里阿裹腿【ＧＰ】
6196,Furoru Leg,夫羅魯腿
6197,Furoru F Leg,夫羅魯腿【Ｆ】
6198,Furoru FX Leg,夫羅魯腿【ＦＸ】
6199,Furoru G Leg,夫羅魯腿【Ｇ】
6200,Furoru GF Leg,夫羅魯腿【ＧＦ】
6201,Furoru Boots,夫羅魯靴
6202,Furoru F Boots,夫羅魯靴【Ｆ】
6203,Furoru FX Boots,夫羅魯靴【ＦＸ】
6204,Furoru G Boots,夫羅魯靴【Ｇ】
6205,Furoru GF Boots,夫羅魯靴【ＧＦ】
6206,Franky G Leg,夫拉恩克伊腿【Ｇ】
6207,Franky GF Leg,夫拉恩克伊腿【ＧＦ】
6208,Franky GX Leg,夫拉恩克伊腿【ＧＸ】
6209,Franky G Boots,夫拉恩克伊靴【Ｇ】
6210,Franky GF Boots,夫拉恩克伊靴【ＧＦ】
6211,Franky GX Boots,夫拉恩克伊靴【ＧＸ】
6212,Diore Greaves,迪歐雷護腿
6213,Diore F Greaves,迪歐雷護腿【Ｆ】
6214,Diore FX Greaves,迪歐雷護腿【ＦＸ】
6215,Diore G Greaves,迪歐雷護腿【Ｇ】
6216,Diore GF Greaves,迪歐雷護腿【ＧＦ】
6217,Diore Leggings,迪歐雷裹腿
6218,Diore F Leggings,迪歐雷裹腿【Ｆ】
6219,Diore FX Leggings,迪歐雷裹腿【ＦＸ】
6220,Diore G Leggings,迪歐雷裹腿【Ｇ】
6221,Diore GF Leggings,迪歐雷裹腿【ＧＦ】
6222,Kagura G【 Hakama 】,哈可馬可古拉【Ｇ】
6223,Kagura GF【 Hakama 】,哈可馬可古拉【ＧＦ】
6224,Kagura GX【 Hakama 】,哈可馬可古拉【ＧＸ】
6225,Kamiza G【 Hakama 】,哈可馬可米扎【Ｇ】
6226,Kamiza GF【 Hakama 】,哈可馬可米扎【ＧＦ】
6227,Kamiza GX【 Hakama 】,哈可馬可米扎【ＧＸ】
6228,Jebia G Greaves,灰晶蠍護腿【Ｇ】
6229,Jebia GF Greaves,灰晶蠍護腿【ＧＦ】
6230,Jebia GX Greaves,灰晶蠍護腿【ＧＸ】
6231,Jebia G Leggings,灰晶蠍裹腿【Ｇ】
6232,Jebia GF Leggings,灰晶蠍裹腿【ＧＦ】
6233,Jebia GX Leggings,灰晶蠍裹腿【ＧＸ】
6234,Sol G Greaves,日輪護腿【Ｇ】
6235,Sol GF Greaves,日輪護腿【ＧＦ】
6236,Sol GX Greaves,日輪護腿【ＧＸ】
6237,Sol G Leggings,日輪裹腿【Ｇ】
6238,Sol GF Leggings,日輪裹腿【ＧＦ】
6239,Sol GX Leggings,日輪裹腿【ＧＸ】
6240,Vulcan G Feet,夫烏爾克阿恩【Ｇ】
6241,Vulcan GF Feet,夫烏爾克阿恩【ＧＦ】
6242,Vulcan GX Feet,夫烏爾克阿恩【ＧＸ】
6243,Vulcan G Legs,炎王龍腿甲【Ｇ】
6244,Vulcan GF Legs,炎王龍腿甲【ＧＦ】
6245,Vulcan GX Legs,炎王龍腿甲【ＧＸ】
6246,Algol GF Greaves,阿爾布護腿【ＧＦ】
6247,Algol GF Leggings,阿爾布裹腿【ＧＦ】
6248,Odiva GF Greaves,歐迪瓦護腿【ＧＦ】
6249,Odiva GF Leggings,歐迪瓦裹腿【ＧＦ】
6250,Byakko・Kensei GX Feet,布亞克科凱恩【ＧＸ】
6251,Suzaku・Kensei GX Feet,蘇扎庫凱恩塞【ＧＸ】
6252,Genbu・Kensei GX Feet,蓋恩布凱恩塞【ＧＸ】
6253,Seiryu・Kensei GX Feet,塞伊爾尤凱恩【ＧＸ】
6254,Byakko・双龍GX Feet,双龍
6255,Suzaku・双龍GX Feet,双龍
6256,Genbu・双龍GX Feet,双龍
6257,Seiryu・双龍GX Feet,双龍
6258,Byakko・剣王GX Feet,剣王
6259,Suzaku・剣王GX Feet,剣王
6260,Genbu・剣王GX Feet,剣王
6261,Seiryu・剣王GX Feet,剣王
6262,Byakko・刀神GX Feet,刀神
6263,Suzaku・刀神GX Feet,刀神
6264,Genbu・刀神GX Feet,刀神
6265,Seiryu・刀神GX Feet,刀神
6266,Byakko・Heaven 槍GX Feet,槍
6267,Suzaku・Heaven 槍GX Feet,槍
6268,Genbu・Heaven 槍GX Feet,槍
6269,Seiryu・Heaven 槍GX Feet,槍
6270,Byakko・砲皇GX Feet,砲皇
6271,Suzaku・砲皇GX Feet,砲皇
6272,Genbu・砲皇GX Feet,砲皇
6273,Seiryu・砲皇GX Feet,砲皇
6274,Byakko・鈍器獣GX Feet,鈍器獣
6275,Suzaku・鈍器獣GX Feet,鈍器獣
6276,Genbu・鈍器獣GX Feet,鈍器獣
6277,Seiryu・鈍器獣GX Feet,鈍器獣
6278,Byakko・奏帝GX Feet,奏帝
6279,Suzaku・奏帝GX Feet,奏帝
6280,Genbu・奏帝GX Feet,奏帝
6281,Seiryu・奏帝GX Feet,奏帝
6282,Byakko・銃傑GX Boots,布伊阿克克歐・ＧＸ面罩靴
6283,Suzaku・銃傑GX Boots,蘇扎庫・ＧＸ面罩靴
6284,Genbu・銃傑GX Boots,磁化抑・ＧＸ面罩靴
6285,Seiryu・銃傑GX Boots,瑟伊里烏・ＧＸ面罩靴
6286,Byakko・銃仙GX Boots,布伊阿克克歐・ＧＸ面罩靴
6287,Suzaku・銃仙GX Boots,蘇扎庫・ＧＸ面罩靴
6288,Genbu・銃仙GX Boots,磁化抑・ＧＸ面罩靴
6289,Seiryu・銃仙GX Boots,瑟伊里烏・ＧＸ面罩靴
6290,Byakko・Bow 鬼GX Boots,布伊阿克克歐・弓ＧＸ靴
6291,Suzaku・Bow 鬼GX Boots,蘇扎庫・弓ＧＸ靴
6292,Genbu・Bow 鬼GX Boots,磁化抑・弓ＧＸ靴
6293,Seiryu・Bow 鬼GX Boots,瑟伊里烏・弓ＧＸ靴
6294,Hisui Greaves,希蘇伊護腿
6295,Hisui F Greaves,希蘇伊護腿【Ｆ】
6296,Hisui FX Greaves,希蘇伊護腿【ＦＸ】
6297,Blood Greaves,血護腿
6298,Blood F Greaves,血護腿【Ｆ】
6299,Blood FX Greaves,血護腿【ＦＸ】
6300,Byakko・穿凰G Feet,穿凰
6301,Byakko・穿凰GF Feet,穿凰
6302,Byakko・穿凰GX Feet,穿凰
6303,Suzaku・穿凰G Feet,穿凰
6304,Suzaku・穿凰GF Feet,穿凰
6305,Suzaku・穿凰GX Feet,穿凰
6306,Genbu・穿凰G Feet,穿凰
6307,Genbu・穿凰GF Feet,穿凰
6308,Genbu・穿凰GX Feet,穿凰
6309,Seiryu・穿凰G Feet,穿凰
6310,Seiryu・穿凰GF Feet,穿凰
6311,Seiryu・穿凰GX Feet,穿凰
6312,Honour Feet・Red,霍諾烏爾夫伊・赤
6313,Honour F Feet・Red,霍諾烏爾夫伊【Ｆ】・赤
6314,Honour FZ Feet・Red,霍諾烏爾夫伊【ＦＺ】・赤
6315,Honour HS Feet・Red,霍諾烏爾夫伊【ＨＳ】・赤
6316,Honour GS Feet・Red,霍諾烏爾夫伊【ＧＳ】・赤
6317,Honour GP Feet・Red,霍諾烏爾夫伊【ＧＰ】・赤
6318,Honour Boots・Red,霍諾烏爾靴・赤
6319,Honour F Boots・Red,霍諾烏爾靴【Ｆ】・赤
6320,Honour FZ Boots・Red,霍諾烏爾靴【ＦＺ】・赤
6321,Honour HS Boots・Red,霍諾烏爾靴【ＨＳ】・赤
6322,Honour GS Boots・Red,霍諾烏爾靴【ＧＳ】・赤
6323,Honour GP Boots・Red,霍諾烏爾靴【ＧＰ】・赤
6324,Honour Feet・Blue,霍諾烏爾夫伊・青
6325,Honour F Feet・Blue,霍諾烏爾夫伊【Ｆ】・青
6326,Honour FZ Feet・Blue,霍諾烏爾夫伊【ＦＺ】・青
6327,Honour HS Feet・Blue,霍諾烏爾夫伊【ＨＳ】・青
6328,Honour GS Feet・Blue,霍諾烏爾夫伊【ＧＳ】・青
6329,Honour GP Feet・Blue,霍諾烏爾夫伊【ＧＰ】・青
6330,Honour Boots・Blue,霍諾烏爾靴・青
6331,Honour F Boots・Blue,霍諾烏爾靴【Ｆ】・青
6332,Honour FZ Boots・Blue,霍諾烏爾靴【ＦＺ】・青
6333,Honour HS Boots・Blue,霍諾烏爾靴【ＨＳ】・青
6334,Honour GS Boots・Blue,霍諾烏爾靴【ＧＳ】・青
6335,Honour GP Boots・Blue,霍諾烏爾靴【ＧＰ】・青
6336,Honour Feet・Green,霍諾烏爾夫伊・緑
6337,Honour F Feet・Green,霍諾烏爾夫伊【Ｆ】・緑
6338,Honour FZ Feet・Green,霍諾烏爾夫伊【ＦＺ】・緑
6339,Honour HS Feet・Green,霍諾烏爾夫伊【ＨＳ】・緑
6340,Honour GS Feet・Green,霍諾烏爾夫伊【ＧＳ】・緑
6341,Honour GP Feet・Green,霍諾烏爾夫伊【ＧＰ】・緑
6342,Honour Boots・Green,霍諾烏爾靴・緑
6343,Honour F Boots・Green,霍諾烏爾靴【Ｆ】・緑
6344,Honour FZ Boots・Green,霍諾烏爾靴【ＦＺ】・緑
6345,Honour HS Boots・Green,霍諾烏爾靴【ＨＳ】・緑
6346,Honour GS Boots・Green,霍諾烏爾靴【ＧＳ】・緑
6347,Honour GP Boots・Green,霍諾烏爾靴【ＧＰ】・緑
6348,Honour Feet・紺,紺
6349,Honour F Feet・紺,紺【Ｆ】
6350,Honour FZ Feet・紺,紺【ＦＺ】
6351,Honour HS Feet・紺,紺【ＨＳ】
6352,Honour GS Feet・紺,紺【ＧＳ】
6353,Honour GP Feet・紺,紺【ＧＰ】
6354,Honour Boots・紺,紺靴
6355,Honour F Boots・紺,紺靴【Ｆ】
6356,Honour FZ Boots・紺,紺靴【ＦＺ】
6357,Honour HS Boots・紺,紺靴【ＨＳ】
6358,Honour GS Boots・紺,紺靴【ＧＳ】
6359,Honour GP Boots・紺,紺靴【ＧＰ】
6360,Sheriff Feet・Tea,修艾里夫夫夫・茶
6361,Sheriff F Feet・Tea,修艾里夫夫夫【Ｆ】・茶
6362,Sheriff FZ Feet・Tea,修艾里夫夫夫【ＦＺ】・茶
6363,Sheriff HS Feet・Tea,修艾里夫夫夫【ＨＳ】・茶
6364,Sheriff GS Feet・Tea,修艾里夫夫夫【ＧＳ】・茶
6365,Sheriff GP Feet・Tea,修艾里夫夫夫【ＧＰ】・茶
6366,Sheriff Boots・Tea,斯赫里夫夫靴・茶
6367,Sheriff F Boots・Tea,斯赫里夫夫靴【Ｆ】・茶
6368,Sheriff FZ Boots・Tea,斯赫里夫夫靴【ＦＺ】・茶
6369,Sheriff HS Boots・Tea,斯赫里夫夫靴【ＨＳ】・茶
6370,Sheriff GS Boots・Tea,斯赫里夫夫靴【ＧＳ】・茶
6371,Sheriff GP Boots・Tea,斯赫里夫夫靴【ＧＰ】・茶
6372,Sheriff Feet・Black,修艾里夫夫夫・黑
6373,Sheriff F Feet・Black,修艾里夫夫夫【Ｆ】・黑
6374,Sheriff FZ Feet・Black,修艾里夫夫夫【ＦＺ】・黑
6375,Sheriff HS Feet・Black,修艾里夫夫夫【ＨＳ】・黑
6376,Sheriff GS Feet・Black,修艾里夫夫夫【ＧＳ】・黑
6377,Sheriff GP Feet・Black,修艾里夫夫夫【ＧＰ】・黑
6378,Sheriff Boots・Black,斯赫里夫夫靴・黑
6379,Sheriff F Boots・Black,斯赫里夫夫靴【Ｆ】・黑
6380,Sheriff FZ Boots・Black,斯赫里夫夫靴【ＦＺ】・黑
6381,Sheriff HS Boots・Black,斯赫里夫夫靴【ＨＳ】・黑
6382,Sheriff GS Boots・Black,斯赫里夫夫靴【ＧＳ】・黑
6383,Sheriff GP Boots・Black,斯赫里夫夫靴【ＧＰ】・黑
6384,Sheriff Feet・Blue,修艾里夫夫夫・青
6385,Sheriff F Feet・Blue,修艾里夫夫夫【Ｆ】・青
6386,Sheriff FZ Feet・Blue,修艾里夫夫夫【ＦＺ】・青
6387,Sheriff HS Feet・Blue,修艾里夫夫夫【ＨＳ】・青
6388,Sheriff GS Feet・Blue,修艾里夫夫夫【ＧＳ】・青
6389,Sheriff GP Feet・Blue,修艾里夫夫夫【ＧＰ】・青
6390,Sheriff Boots・Blue,斯赫里夫夫靴・青
6391,Sheriff F Boots・Blue,斯赫里夫夫靴【Ｆ】・青
6392,Sheriff FZ Boots・Blue,斯赫里夫夫靴【ＦＺ】・青
6393,Sheriff HS Boots・Blue,斯赫里夫夫靴【ＨＳ】・青
6394,Sheriff GS Boots・Blue,斯赫里夫夫靴【ＧＳ】・青
6395,Sheriff GP Boots・Blue,斯赫里夫夫靴【ＧＰ】・青
6396,Sheriff Feet・White,修艾里夫夫夫・白
6397,Sheriff F Feet・White,修艾里夫夫夫【Ｆ】・白
6398,Sheriff FZ Feet・White,修艾里夫夫夫【ＦＺ】・白
6399,Sheriff HS Feet・White,修艾里夫夫夫【ＨＳ】・白
6400,Sheriff GS Feet・White,修艾里夫夫夫【ＧＳ】・白
6401,Sheriff GP Feet・White,修艾里夫夫夫【ＧＰ】・白
6402,Sheriff Boots・White,斯赫里夫夫靴・白
6403,Sheriff F Boots・White,斯赫里夫夫靴【Ｆ】・白
6404,Sheriff FZ Boots・White,斯赫里夫夫靴【ＦＺ】・白
6405,Sheriff HS Boots・White,斯赫里夫夫靴【ＨＳ】・白
6406,Sheriff GS Boots・White,斯赫里夫夫靴【ＧＳ】・白
6407,Sheriff GP Boots・White,斯赫里夫夫靴【ＧＰ】・白
6408,Moonlight Hakama,莫歐恩里格赫
6409,Moonlight Hakama・F,莫歐恩里格赫【Ｆ】
6410,Moonlight Hakama・FZ,莫歐恩里格赫【ＦＺ】
6411,Moonlight Hakama・HS,莫歐恩里格赫【ＨＳ】
6412,Moonlight Hakama・GS,莫歐恩里格赫【ＧＳ】
6413,Moonlight Hakama・GP,莫歐恩里格赫【ＧＰ】
6414,Moonlight Tabi,莫歐恩里格赫
6415,Moonlight Tabi・F,莫歐恩里格赫【Ｆ】
6416,Moonlight Tabi・FZ,莫歐恩里格赫【ＦＺ】
6417,Moonlight Tabi・HS,莫歐恩里格赫【ＨＳ】
6418,Moonlight Tabi・GS,莫歐恩里格赫【ＧＳ】
6419,Moonlight Tabi・GP,莫歐恩里格赫【ＧＰ】
6420,Zodic GS Feet・Blue,佐迪克夫伊特【ＧＳ】・青
6421,Zodic GP Feet・Blue,佐迪克夫伊特【ＧＰ】・青
6422,Zodic GS Boots・Blue,佐迪克靴【ＧＳ】・青
6423,Zodic GP Boots・Blue,佐迪克靴【ＧＰ】・青
6424,Zodic GS Feet・Tea,佐迪克夫伊特【ＧＳ】・茶
6425,Zodic GP Feet・Tea,佐迪克夫伊特【ＧＰ】・茶
6426,Zodic GS Boots・Tea,佐迪克靴【ＧＳ】・茶
6427,Zodic GP Boots・Tea,佐迪克靴【ＧＰ】・茶
6428,Zodic GS Feet・Green,佐迪克夫伊特【ＧＳ】・緑
6429,Zodic GP Feet・Green,佐迪克夫伊特【ＧＰ】・緑
6430,Zodic GS Boots・Green,佐迪克靴【ＧＳ】・緑
6431,Zodic GP Boots・Green,佐迪克靴【ＧＰ】・緑
6432,Zodic GS Feet・Pink,佐迪克夫伊特【ＧＳ】・桃
6433,Zodic GP Feet・Pink,佐迪克夫伊特【ＧＰ】・桃
6434,Zodic GS Boots・Pink,佐迪克靴【ＧＳ】・桃
6435,Zodic GP Boots・Pink,佐迪克靴【ＧＰ】・桃
6436,Bliss FZ Boots 【 White 】,布爾伊斯斯靴【ＦＺ】・白
6437,Bliss HS Boots 【 White 】,布爾伊斯斯靴【ＨＳ】・白
6438,Bliss GS Boots 【 White 】,布爾伊斯斯靴【ＧＳ】・白
6439,Bliss GP Boots 【 White 】,布爾伊斯斯靴【ＧＰ】・白
6440,Bliss FZ Boots 【 Blue 】,布爾伊斯斯靴【ＦＺ】・青
6441,Bliss HS Boots 【 Blue 】,布爾伊斯斯靴【ＨＳ】・青
6442,Bliss GS Boots 【 Blue 】,布爾伊斯斯靴【ＧＳ】・青
6443,Bliss GP Boots 【 Blue 】,布爾伊斯斯靴【ＧＰ】・青
6444,Bliss FZ Boots 【 Purple 】,布爾伊斯斯靴【ＦＺ】・紫
6445,Bliss HS Boots 【 Purple 】,布爾伊斯斯靴【ＨＳ】・紫
6446,Bliss GS Boots 【 Purple 】,布爾伊斯斯靴【ＧＳ】・紫
6447,Bliss GP Boots 【 Purple 】,布爾伊斯斯靴【ＧＰ】・紫
6448,Bliss FZ Boots 【 Yellow 】,布爾伊斯斯靴【ＦＺ】・黄
6449,Bliss HS Boots 【 Yellow 】,布爾伊斯斯靴【ＨＳ】・黄
6450,Bliss GS Boots 【 Yellow 】,布爾伊斯斯靴【ＧＳ】・黄
6451,Bliss GP Boots 【 Yellow 】,布爾伊斯斯靴【ＧＰ】・黄
6452,White Cat FZ Boots,金猫靴【ＦＺ】・白
6453,White Cat HS Boots,金猫靴【ＨＳ】・白
6454,White Cat GS Boots,金猫靴【ＧＳ】・白
6455,White Cat GP Boots,金猫靴【ＧＰ】・白
6456,Pharan HS Feet・White,夫阿拉恩夫伊【ＨＳ】・白
6457,Pharan GS Feet・White,夫阿拉恩夫伊【ＧＳ】・白
6458,Pharan GP Feet・White,夫阿拉恩夫伊【ＧＰ】・白
6459,Pharan HS Boots・White,普哈拉恩靴【ＨＳ】・白
6460,Pharan GS Boots・White,普哈拉恩靴【ＧＳ】・白
6461,Pharan GP Boots・White,普哈拉恩靴【ＧＰ】・白
6462,Pharan HS Feet・Black,夫阿拉恩夫伊【ＨＳ】・黑
6463,Pharan GS Feet・Black,夫阿拉恩夫伊【ＧＳ】・黑
6464,Pharan GP Feet・Black,夫阿拉恩夫伊【ＧＰ】・黑
6465,Pharan HS Boots・Black,普哈拉恩靴【ＨＳ】・黑
6466,Pharan GS Boots・Black,普哈拉恩靴【ＧＳ】・黑
6467,Pharan GP Boots・Black,普哈拉恩靴【ＧＰ】・黑
6468,Pharan HS Feet・Red,夫阿拉恩夫伊【ＨＳ】・赤
6469,Pharan GS Feet・Red,夫阿拉恩夫伊【ＧＳ】・赤
6470,Pharan GP Feet・Red,夫阿拉恩夫伊【ＧＰ】・赤
6471,Pharan HS Boots・Red,普哈拉恩靴【ＨＳ】・赤
6472,Pharan GS Boots・Red,普哈拉恩靴【ＧＳ】・赤
6473,Pharan GP Boots・Red,普哈拉恩靴【ＧＰ】・赤
6474,Pharan HS Feet・Blue,夫阿拉恩夫伊【ＨＳ】・青
6475,Pharan GS Feet・Blue,夫阿拉恩夫伊【ＧＳ】・青
6476,Pharan GP Feet・Blue,夫阿拉恩夫伊【ＧＰ】・青
6477,Pharan HS Boots・Blue,普哈拉恩靴【ＨＳ】・青
6478,Pharan GS Boots・Blue,普哈拉恩靴【ＧＳ】・青
6479,Pharan GP Boots・Blue,普哈拉恩靴【ＧＰ】・青
6480,Gloria GS Feet・Gold,格洛里阿夫伊【ＧＳ】・金
6481,Gloria GP Feet・Gold,格洛里阿夫伊【ＧＰ】・金
6482,Gloria GS Boots・Gold,格爾歐里阿靴【ＧＳ】・金
6483,Gloria GP Boots・Gold,格爾歐里阿靴【ＧＰ】・金
6484,Gloria GS Feet・Blue,格洛里阿夫伊【ＧＳ】・青
6485,Gloria GP Feet・Blue,格洛里阿夫伊【ＧＰ】・青
6486,Gloria GS Boots・Blue,格爾歐里阿靴【ＧＳ】・青
6487,Gloria GP Boots・Blue,格爾歐里阿靴【ＧＰ】・青
6488,Gloria GS Feet・Water,格洛里阿夫伊【ＧＳ】
6489,Gloria GP Feet・Water,格洛里阿夫伊【ＧＰ】
6490,Gloria GS Boots・Water,格爾歐里阿瓦特爾靴【ＧＳ】
6491,Gloria GP Boots・Water,格爾歐里阿瓦特爾靴【ＧＰ】
6492,Gloria GS Feet・Red,格洛里阿夫伊【ＧＳ】・赤
6493,Gloria GP Feet・Red,格洛里阿夫伊【ＧＰ】・赤
6494,Gloria GS Boots・Red,格爾歐里阿靴【ＧＳ】・赤
6495,Gloria GP Boots・Red,格爾歐里阿靴【ＧＰ】・赤
6496,蘭蛮の Hakama・FZ Yellow,蘭蛮の【ＦＺ】・黄
6497,蘭蛮の Hakama・HS Yellow,蘭蛮の【ＨＳ】・黄
6498,蘭蛮の Hakama・GS Yellow,蘭蛮の【ＧＳ】・黄
6499,蘭蛮の Hakama・GP Yellow,蘭蛮の【ＧＰ】・黄
6500,蘭蛮の履・FZ Yellow,蘭蛮の履【ＦＺ】・黄
6501,蘭蛮の履・HS Yellow,蘭蛮の履【ＨＳ】・黄
6502,蘭蛮の履・GS Yellow,蘭蛮の履【ＧＳ】・黄
6503,蘭蛮の履・GP Yellow,蘭蛮の履【ＧＰ】・黄
6504,蘭蛮の Hakama・FZ Red,蘭蛮の【ＦＺ】・赤
6505,蘭蛮の Hakama・HS Red,蘭蛮の【ＨＳ】・赤
6506,蘭蛮の Hakama・GS Red,蘭蛮の【ＧＳ】・赤
6507,蘭蛮の Hakama・GP Red,蘭蛮の【ＧＰ】・赤
6508,蘭蛮の履・FZ Red,蘭蛮の履【ＦＺ】・赤
6509,蘭蛮の履・HS Red,蘭蛮の履【ＨＳ】・赤
6510,蘭蛮の履・GS Red,蘭蛮の履【ＧＳ】・赤
6511,蘭蛮の履・GP Red,蘭蛮の履【ＧＰ】・赤
6512,蘭蛮の Hakama・FZ Purple,蘭蛮の【ＦＺ】・紫
6513,蘭蛮の Hakama・HS Purple,蘭蛮の【ＨＳ】・紫
6514,蘭蛮の Hakama・GS Purple,蘭蛮の【ＧＳ】・紫
6515,蘭蛮の Hakama・GP Purple,蘭蛮の【ＧＰ】・紫
6516,蘭蛮の履・FZ Purple,蘭蛮の履【ＦＺ】・紫
6517,蘭蛮の履・HS Purple,蘭蛮の履【ＨＳ】・紫
6518,蘭蛮の履・GS Purple,蘭蛮の履【ＧＳ】・紫
6519,蘭蛮の履・GP Purple,蘭蛮の履【ＧＰ】・紫
6520,蘭蛮の Hakama・FZ Gold,蘭蛮の【ＦＺ】・金
6521,蘭蛮の Hakama・HS Gold,蘭蛮の【ＨＳ】・金
6522,蘭蛮の Hakama・GS Gold,蘭蛮の【ＧＳ】・金
6523,蘭蛮の Hakama・GP Gold,蘭蛮の【ＧＰ】・金
6524,蘭蛮の履・FZ Gold,蘭蛮の履【ＦＺ】・金
6525,蘭蛮の履・HS Gold,蘭蛮の履【ＨＳ】・金
6526,蘭蛮の履・GS Gold,蘭蛮の履【ＧＳ】・金
6527,蘭蛮の履・GP Gold,蘭蛮の履【ＧＰ】・金
6528,Ferme FZ Feet・Black,夫艾爾梅夫伊【ＦＺ】・黑
6529,Ferme HS Feet・Black,夫艾爾梅夫伊【ＨＳ】・黑
6530,Ferme GS Feet・Black,夫艾爾梅夫伊【ＧＳ】・黑
6531,Ferme GP Feet・Black,夫艾爾梅夫伊【ＧＰ】・黑
6532,Ferme FZ Boots・Black,夫艾爾梅靴【ＦＺ】・黑
6533,Ferme HS Boots・Black,夫艾爾梅靴【ＨＳ】・黑
6534,Ferme GS Boots・Black,夫艾爾梅靴【ＧＳ】・黑
6535,Ferme GP Boots・Black,夫艾爾梅靴【ＧＰ】・黑
6536,Ferme FZ Feet・Red,夫艾爾梅夫伊【ＦＺ】・赤
6537,Ferme HS Feet・Red,夫艾爾梅夫伊【ＨＳ】・赤
6538,Ferme GS Feet・Red,夫艾爾梅夫伊【ＧＳ】・赤
6539,Ferme GP Feet・Red,夫艾爾梅夫伊【ＧＰ】・赤
6540,Ferme FZ Boots・Red,夫艾爾梅靴【ＦＺ】・赤
6541,Ferme HS Boots・Red,夫艾爾梅靴【ＨＳ】・赤
6542,Ferme GS Boots・Red,夫艾爾梅靴【ＧＳ】・赤
6543,Ferme GP Boots・Red,夫艾爾梅靴【ＧＰ】・赤
6544,Ferme FZ Feet・White,夫艾爾梅夫伊【ＦＺ】・白
6545,Ferme HS Feet・White,夫艾爾梅夫伊【ＨＳ】・白
6546,Ferme GS Feet・White,夫艾爾梅夫伊【ＧＳ】・白
6547,Ferme GP Feet・White,夫艾爾梅夫伊【ＧＰ】・白
6548,Ferme FZ Boots・White,夫艾爾梅靴【ＦＺ】・白
6549,Ferme HS Boots・White,夫艾爾梅靴【ＨＳ】・白
6550,Ferme GS Boots・White,夫艾爾梅靴【ＧＳ】・白
6551,Ferme GP Boots・White,夫艾爾梅靴【ＧＰ】・白
6552,Ferme FZ Feet・Blue,夫艾爾梅夫伊【ＦＺ】・青
6553,Ferme HS Feet・Blue,夫艾爾梅夫伊【ＨＳ】・青
6554,Ferme GS Feet・Blue,夫艾爾梅夫伊【ＧＳ】・青
6555,Ferme GP Feet・Blue,夫艾爾梅夫伊【ＧＰ】・青
6556,Ferme FZ Boots・Blue,夫艾爾梅靴【ＦＺ】・青
6557,Ferme HS Boots・Blue,夫艾爾梅靴【ＨＳ】・青
6558,Ferme GS Boots・Blue,夫艾爾梅靴【ＧＳ】・青
6559,Ferme GP Boots・Blue,夫艾爾梅靴【ＧＰ】・青
6560,Truss FZ Leggings Blue,特魯斯斯裹腿【ＦＺ】・青
6561,Truss HS Leggings Blue,特魯斯斯裹腿【ＨＳ】・青
6562,Truss GS Leggings Blue,特魯斯斯裹腿【ＧＳ】・青
6563,Truss GP Leggings Blue,特魯斯斯裹腿【ＧＰ】・青
6564,Truss FZシューズ Blue,・青
6565,Truss HSシューズ Blue,・青
6566,Truss GSシューズ Blue,・青
6567,Truss GPシューズ Blue,・青
6568,Truss FZ Leggings Red,特魯斯斯裹腿【ＦＺ】・赤
6569,Truss HS Leggings Red,特魯斯斯裹腿【ＨＳ】・赤
6570,Truss GS Leggings Red,特魯斯斯裹腿【ＧＳ】・赤
6571,Truss GP Leggings Red,特魯斯斯裹腿【ＧＰ】・赤
6572,Truss FZシューズ Red,・赤
6573,Truss HSシューズ Red,・赤
6574,Truss GSシューズ Red,・赤
6575,Truss GPシューズ Red,・赤
6576,Truss FZ Leggings White,特魯斯斯裹腿【ＦＺ】・白
6577,Truss HS Leggings White,特魯斯斯裹腿【ＨＳ】・白
6578,Truss GS Leggings White,特魯斯斯裹腿【ＧＳ】・白
6579,Truss GP Leggings White,特魯斯斯裹腿【ＧＰ】・白
6580,Truss FZシューズ White,・白
6581,Truss HSシューズ White,・白
6582,Truss GSシューズ White,・白
6583,Truss GPシューズ White,・白
6584,Truss FZ Leggings Purple,特魯斯斯裹腿【ＦＺ】・紫
6585,Truss HS Leggings Purple,特魯斯斯裹腿【ＨＳ】・紫
6586,Truss GS Leggings Purple,特魯斯斯裹腿【ＧＳ】・紫
6587,Truss GP Leggings Purple,特魯斯斯裹腿【ＧＰ】・紫
6588,Truss FZシューズ Purple,・紫
6589,Truss HSシューズ Purple,・紫
6590,Truss GSシューズ Purple,・紫
6591,Truss GPシューズ Purple,・紫
6592,Rail HS Greaves,毛毒怪護腿【ＨＳ】
6593,Rail GS Greaves,毛毒怪護腿【ＧＳ】
6594,Rail GP Greaves,毛毒怪護腿【ＧＰ】
6595,Rail HS Leggings,毛毒怪裹腿【ＨＳ】
6596,Rail GS Leggings,毛毒怪裹腿【ＧＳ】
6597,Rail GP Leggings,毛毒怪裹腿【ＧＰ】
6598,Ridere HS Greaves,紫黑鍵護腿【ＨＳ】
6599,Ridere GS Greaves,紫黑鍵護腿【ＧＳ】
6600,Ridere GP Greaves,紫黑鍵護腿【ＧＰ】
6601,Ridere HS Leggings,紫黑鍵裹腿【ＨＳ】
6602,Ridere GS Leggings,紫黑鍵裹腿【ＧＳ】
6603,Ridere GP Leggings,紫黑鍵裹腿【ＧＰ】
6604,Riot HS Greaves,紫黑鍵腕護腿【ＨＳ】
6605,Riot GS Greaves,紫黑鍵腕護腿【ＧＳ】
6606,Riot GP Greaves,紫黑鍵腕護腿【ＧＰ】
6607,Riot HS Leggings,紫黑鍵腕裹腿【ＨＳ】
6608,Riot GS Leggings,紫黑鍵腕裹腿【ＧＳ】
6609,Riot GP Leggings,紫黑鍵腕裹腿【ＧＰ】
6610,Rutare HS Greaves,阿爾布腕護腿【ＨＳ】
6611,Rutare GS Greaves,阿爾布腕護腿【ＧＳ】
6612,Rutare GP Greaves,阿爾布腕護腿【ＧＰ】
6613,Rutare HS Leggings,阿爾布腕裹腿【ＨＳ】
6614,Rutare GS Leggings,阿爾布腕裹腿【ＧＳ】
6615,Rutare GP Leggings,阿爾布腕裹腿【ＧＰ】
6616,Rolling Flow Greaves・HS,滾流護腿【ＨＳ】
6617,Rolling Flow Greaves・GS,滾流護腿【ＧＳ】
6618,Rolling Flow Greaves・GP,滾流護腿【ＧＰ】
6619,旋転の Greaves・HS,旋転の護腿【ＨＳ】
6620,旋転の Greaves・GS,旋転の護腿【ＧＳ】
6621,旋転の Greaves・GP,旋転の護腿【ＧＰ】
6622,Rolling Sky Greaves・HS,羅爾爾伊恩格斯克護腿【ＨＳ】
6623,Rolling Sky Greaves・GS,羅爾爾伊恩格斯克護腿【ＧＳ】
6624,Rolling Sky Greaves・GP,羅爾爾伊恩格斯克護腿【ＧＰ】
6625,Rolling Earth Greaves・HS,羅爾爾伊恩蓋阿爾護腿【ＨＳ】
6626,Rolling Earth Greaves・GS,羅爾爾伊恩蓋阿爾護腿【ＧＳ】
6627,Rolling Earth Greaves・GP,羅爾爾伊恩蓋阿爾護腿【ＧＰ】
6628,Latria HS Feet,拉特里阿夫伊特【ＨＳ】
6629,Latria GS Feet,拉特里阿夫伊特【ＧＳ】
6630,Latria GP Feet,拉特里阿夫伊特【ＧＰ】
6631,Latria HS Boots,爾阿特里阿靴【ＨＳ】
6632,Latria GS Boots,爾阿特里阿靴【ＧＳ】
6633,Latria GP Boots,爾阿特里阿靴【ＧＰ】
6634,Kontao HS Feet,科恩塔歐夫伊【ＨＳ】
6635,Kontao GS Feet,科恩塔歐夫伊【ＧＳ】
6636,Kontao GP Feet,科恩塔歐夫伊【ＧＰ】
6637,Kontao HS Boots,科恩塔歐靴【ＨＳ】
6638,Kontao GS Boots,科恩塔歐靴【ＧＳ】
6639,Kontao GP Boots,科恩塔歐靴【ＧＰ】
6640,Deliver Greaves,交貨護腿
6641,Deliver F Greaves,交貨護腿【Ｆ】
6642,Deliver FY Greaves,交貨護腿
6643,Deliver HS Greaves,交貨護腿【ＨＳ】
6644,Deliver G Greaves,交貨護腿【Ｇ】
6645,Deliver GF Greaves,交貨護腿【ＧＦ】
6646,Deliver GX Greaves,交貨護腿【ＧＸ】
6647,Deliver Leggings,交貨裹腿
6648,Deliver F Leggings,交貨裹腿【Ｆ】
6649,Deliver FY Leggings,交貨裹腿
6650,Deliver HS Leggings,交貨裹腿【ＨＳ】
6651,Deliver G Leggings,交貨裹腿【Ｇ】
6652,Deliver GF Leggings,交貨裹腿【ＧＦ】
6653,Deliver GX Leggings,交貨裹腿【ＧＸ】
6654,Asaku Greaves,阿薩庫護腿
6655,Asaku F Greaves,阿薩庫護腿【Ｆ】
6656,Asaku FY Greaves,阿薩庫腕護腿
6657,Asaku HS Greaves,阿薩庫護腿【ＨＳ】
6658,Asaku G Greaves,阿薩庫護腿【Ｇ】
6659,Asaku GF Greaves,阿薩庫護腿【ＧＦ】
6660,Asaku GX Greaves,阿薩庫護腿【ＧＸ】
6661,Asaku Leggings,阿薩庫裹腿
6662,Asaku F Leggings,阿薩庫裹腿【Ｆ】
6663,Asaku FY Leggings,阿薩庫腕裹腿
6664,Asaku HS Leggings,阿薩庫裹腿【ＨＳ】
6665,Asaku G Leggings,阿薩庫裹腿【Ｇ】
6666,Asaku GF Leggings,阿薩庫裹腿【ＧＦ】
6667,Asaku GX Leggings,阿薩庫裹腿【ＧＸ】
6668,Nisuru Greaves,尼斯魯護腿
6669,Nisuru F Greaves,尼斯魯護腿【Ｆ】
6670,Nisuru FY Greaves,尼斯魯護腿
6671,Nisuru HS Greaves,尼斯魯護腿【ＨＳ】
6672,Nisuru G Greaves,尼斯魯護腿【Ｇ】
6673,Nisuru GF Greaves,尼斯魯護腿【ＧＦ】
6674,Nisuru GX Greaves,尼斯魯護腿【ＧＸ】
6675,Nisuru Leggings,尼斯魯裹腿
6676,Nisuru F Leggings,尼斯魯裹腿【Ｆ】
6677,Nisuru FY Leggings,尼斯魯裹腿
6678,Nisuru HS Leggings,尼斯魯裹腿【ＨＳ】
6679,Nisuru G Leggings,尼斯魯裹腿【Ｇ】
6680,Nisuru GF Leggings,尼斯魯裹腿【ＧＦ】
6681,Nisuru GX Leggings,尼斯魯裹腿【ＧＸ】
6682,Coord Greaves,克歐歐爾德護腿
6683,Coord F Greaves,克歐歐爾德護腿【Ｆ】
6684,Coord FY Greaves,克歐歐爾德腕護腿
6685,Coord HS Greaves,克歐歐爾德護腿【ＨＳ】
6686,Coord G Greaves,克歐歐爾德護腿【Ｇ】
6687,Coord GF Greaves,克歐歐爾德護腿【ＧＦ】
6688,Coord GX Greaves,克歐歐爾德護腿【ＧＸ】
6689,Coord Leggings,克歐歐爾德裹腿
6690,Coord F Leggings,克歐歐爾德裹腿【Ｆ】
6691,Coord FY Leggings,克歐歐爾德腕裹腿
6692,Coord HS Leggings,克歐歐爾德裹腿【ＨＳ】
6693,Coord G Leggings,克歐歐爾德裹腿【Ｇ】
6694,Coord GF Leggings,克歐歐爾德裹腿【ＧＦ】
6695,Coord GX Leggings,克歐歐爾德裹腿【ＧＸ】
6696,Resega Greaves,雷瑟加護腿
6697,Resega F Greaves,雷瑟加護腿【Ｆ】
6698,Resega FY Greaves,雷瑟加腕護腿
6699,Resega HS Greaves,雷瑟加護腿【ＨＳ】
6700,Resega G Greaves,雷瑟加護腿【Ｇ】
6701,Resega GF Greaves,雷瑟加護腿【ＧＦ】
6702,Resega GX Greaves,雷瑟加護腿【ＧＸ】
6703,Resega Leggings,雷瑟加裹腿
6704,Resega F Leggings,雷瑟加裹腿【Ｆ】
6705,Resega FY Leggings,雷瑟加腕裹腿
6706,Resega HS Leggings,雷瑟加裹腿【ＨＳ】
6707,Resega G Leggings,雷瑟加裹腿【Ｇ】
6708,Resega GF Leggings,雷瑟加裹腿【ＧＦ】
6709,Resega GX Leggings,雷瑟加裹腿【ＧＸ】
6710,Suforu Greaves,蘇佛魯護腿
6711,Suforu F Greaves,蘇佛魯護腿【Ｆ】
6712,Suforu FY Greaves,蘇佛魯腕護腿
6713,Suforu HS Greaves,蘇佛魯護腿【ＨＳ】
6714,Suforu G Greaves,蘇佛魯護腿【Ｇ】
6715,Suforu GF Greaves,蘇佛魯護腿【ＧＦ】
6716,Suforu GX Greaves,蘇佛魯護腿【ＧＸ】
6717,Suforu Leggings,蘇佛魯裹腿
6718,Suforu F Leggings,蘇佛魯裹腿【Ｆ】
6719,Suforu FY Leggings,蘇佛魯腕裹腿
6720,Suforu HS Leggings,蘇佛魯裹腿【ＨＳ】
6721,Suforu G Leggings,蘇佛魯裹腿【Ｇ】
6722,Suforu GF Leggings,蘇佛魯裹腿【ＧＦ】
6723,Suforu GX Leggings,蘇佛魯裹腿【ＧＸ】
6724,Perce Greaves,佩爾斯護腿
6725,Perce F Greaves,佩爾斯護腿【Ｆ】
6726,Perce FY Greaves,佩爾斯護腿
6727,Perce HS Greaves,佩爾斯護腿【ＨＳ】
6728,Perce G Greaves,佩爾斯護腿【Ｇ】
6729,Perce GF Greaves,佩爾斯護腿【ＧＦ】
6730,Perce GX Greaves,佩爾斯護腿【ＧＸ】
6731,Perce Leggings,佩爾斯裹腿
6732,Perce F Leggings,佩爾斯裹腿【Ｆ】
6733,Perce FY Leggings,佩爾斯裹腿
6734,Perce HS Leggings,佩爾斯裹腿【ＨＳ】
6735,Perce G Leggings,佩爾斯裹腿【Ｇ】
6736,Perce GF Leggings,佩爾斯裹腿【ＧＦ】
6737,Perce GX Leggings,佩爾斯裹腿【ＧＸ】
6738,Survey Corps Feet,蘇爾夫艾伊克
6739,Survey Corps F Feet,蘇爾夫艾伊克【Ｆ】
6740,Survey Corps FZ Feet,蘇爾夫艾伊克【ＦＺ】
6741,Survey Corps HS Feet,蘇爾夫艾伊克【ＨＳ】
6742,Survey Corps GS Feet,蘇爾夫艾伊克【ＧＳ】
6743,Survey Corps GP Feet,蘇爾夫艾伊克【ＧＰ】
6744,Survey Corps Boots,蘇爾夫艾伊克歐爾靴
6745,Survey Corps F Boots,蘇爾夫艾伊克歐爾靴【Ｆ】
6746,Survey Corps FZ Boots,蘇爾夫艾伊克歐爾靴【ＦＺ】
6747,Survey Corps HS Boots,蘇爾夫艾伊克歐爾靴【ＨＳ】
6748,Survey Corps GS Boots,蘇爾夫艾伊克歐爾靴【ＧＳ】
6749,Survey Corps GP Boots,蘇爾夫艾伊克歐爾靴【ＧＰ】
6750,Training Corps Feet,特拉伊尼恩格克
6751,Training Corps F Feet,特拉伊尼恩格克【Ｆ】
6752,Training Corps FZ Feet,特拉伊尼恩格克【ＦＺ】
6753,Training Corps HS Feet,特拉伊尼恩格克【ＨＳ】
6754,Training Corps GS Feet,特拉伊尼恩格克【ＧＳ】
6755,Training Corps GP Feet,特拉伊尼恩格克【ＧＰ】
6756,Training Corps Boots,特拉伊尼恩格克歐靴
6757,Training Corps F Boots,特拉伊尼恩格克歐靴【Ｆ】
6758,Training Corps FZ Boots,特拉伊尼恩格克歐靴【ＦＺ】
6759,Training Corps HS Boots,特拉伊尼恩格克歐靴【ＨＳ】
6760,Training Corps GS Boots,特拉伊尼恩格克歐靴【ＧＳ】
6761,Training Corps GP Boots,特拉伊尼恩格克歐靴【ＧＰ】
6762,ダミー,(dummy)
6763,ダミー,(dummy)
6764,ダミー,(dummy)
6765,ダミー,(dummy)
6766,ダミー,(dummy)
6767,ダミー,(dummy)
6768,ダミー,(dummy)
6769,ダミー,(dummy)
6770,ダミー,(dummy)
6771,ダミー,(dummy)
6772,ダミー,(dummy)
6773,ダミー,(dummy)
6774,ダミー,(dummy)
6775,ダミー,(dummy)
6776,ダミー,(dummy)
6777,ダミー,(dummy)
6778,ダミー,(dummy)
6779,ダミー,(dummy)
6780,ダミー,(dummy)
6781,ダミー,(dummy)
6782,ダミー,(dummy)
6783,ダミー,(dummy)
6784,Carrol Feet・Gold,克阿爾羅爾夫・金
6785,Leila Feet,勒伊拉夫伊特
6786,IS Academy Boots・White,伊薩克阿德姆伊靴・白
6787,IS Academy F Boots・White,伊薩克阿德姆伊靴【Ｆ】・白
6788,IS Academy FZ Boots・White,伊薩克阿德姆伊靴【ＦＺ】・白
6789,IS Academy HS Boots・White,伊薩克阿德姆伊靴【ＨＳ】・白
6790,IS Academy GS Boots・White,伊薩克阿德姆伊靴【ＧＳ】・白
6791,IS Academy GP Boots・White,伊薩克阿德姆伊靴【ＧＰ】・白
6792,IS Academy Leggings・White,伊薩克阿德姆伊裹腿・白
6793,IS Academy F Leggings・White,伊薩克阿德姆伊裹腿【Ｆ】・白
6794,IS Academy FZ Leggings・White,伊薩克阿德姆伊裹腿【ＦＺ】・白
6795,IS Academy HS Leggings・White,伊薩克阿德姆伊裹腿【ＨＳ】・白
6796,IS Academy GS Leggings・White,伊薩克阿德姆伊裹腿【ＧＳ】・白
6797,IS Academy GP Leggings・White,伊薩克阿德姆伊裹腿【ＧＰ】・白
6798,IS Academy Boots・Blue,伊薩克阿德姆伊靴・青
6799,IS Academy F Boots・Blue,伊薩克阿德姆伊靴【Ｆ】・青
6800,IS Academy FZ Boots・Blue,伊薩克阿德姆伊靴【ＦＺ】・青
6801,IS Academy HS Boots・Blue,伊薩克阿德姆伊靴【ＨＳ】・青
6802,IS Academy GS Boots・Blue,伊薩克阿德姆伊靴【ＧＳ】・青
6803,IS Academy GP Boots・Blue,伊薩克阿德姆伊靴【ＧＰ】・青
6804,IS Academy Leggings・Blue,伊薩克阿德姆伊裹腿・青
6805,IS Academy F Leggings・Blue,伊薩克阿德姆伊裹腿【Ｆ】・青
6806,IS Academy FZ Leggings・Blue,伊薩克阿德姆伊裹腿【ＦＺ】・青
6807,IS Academy HS Leggings・Blue,伊薩克阿德姆伊裹腿【ＨＳ】・青
6808,IS Academy GS Leggings・Blue,伊薩克阿德姆伊裹腿【ＧＳ】・青
6809,IS Academy GP Leggings・Blue,伊薩克阿德姆伊裹腿【ＧＰ】・青
6810,IS Academy Boots・Black,伊薩克阿德姆伊靴・黑
6811,IS Academy F Boots・Black,伊薩克阿德姆伊靴【Ｆ】・黑
6812,IS Academy FZ Boots・Black,伊薩克阿德姆伊靴【ＦＺ】・黑
6813,IS Academy HS Boots・Black,伊薩克阿德姆伊靴【ＨＳ】・黑
6814,IS Academy GS Boots・Black,伊薩克阿德姆伊靴【ＧＳ】・黑
6815,IS Academy GP Boots・Black,伊薩克阿德姆伊靴【ＧＰ】・黑
6816,IS Academy Leggings・Black,伊薩克阿德姆伊裹腿・黑
6817,IS Academy F Leggings・Black,伊薩克阿德姆伊裹腿【Ｆ】・黑
6818,IS Academy FZ Leggings・Black,伊薩克阿德姆伊裹腿【ＦＺ】・黑
6819,IS Academy HS Leggings・Black,伊薩克阿德姆伊裹腿【ＨＳ】・黑
6820,IS Academy GS Leggings・Black,伊薩克阿德姆伊裹腿【ＧＳ】・黑
6821,IS Academy GP Leggings・Black,伊薩克阿德姆伊裹腿【ＧＰ】・黑
6822,IS Academy Boots・Green,伊薩克阿德姆伊靴・緑
6823,IS Academy F Boots・Green,伊薩克阿德姆伊靴【Ｆ】・緑
6824,IS Academy FZ Boots・Green,伊薩克阿德姆伊靴【ＦＺ】・緑
6825,IS Academy HS Boots・Green,伊薩克阿德姆伊靴【ＨＳ】・緑
6826,IS Academy GS Boots・Green,伊薩克阿德姆伊靴【ＧＳ】・緑
6827,IS Academy GP Boots・Green,伊薩克阿德姆伊靴【ＧＰ】・緑
6828,IS Academy Leggings・Green,伊薩克阿德姆伊裹腿・緑
6829,IS Academy F Leggings・Green,伊薩克阿德姆伊裹腿【Ｆ】・緑
6830,IS Academy FZ Leggings・Green,伊薩克阿德姆伊裹腿【ＦＺ】・緑
6831,IS Academy HS Leggings・Green,伊薩克阿德姆伊裹腿【ＨＳ】・緑
6832,IS Academy GS Leggings・Green,伊薩克阿德姆伊裹腿【ＧＳ】・緑
6833,IS Academy GP Leggings・Green,伊薩克阿德姆伊裹腿【ＧＰ】・緑
6834,Comrade G Feet・Red,戰友【Ｇ】・赤
6835,Comrade GF Feet・Red,戰友【ＧＦ】・赤
6836,Comrade GX Feet・Red,戰友【ＧＸ】・赤
6837,Comrade G Boots・Red,戰友靴【Ｇ】・赤
6838,Comrade GF Boots・Red,戰友靴【ＧＦ】・赤
6839,Comrade GX Boots・Red,戰友靴【ＧＸ】・赤
6840,Comrade G Feet・Blue,戰友【Ｇ】・青
6841,Comrade GF Feet・Blue,戰友【ＧＦ】・青
6842,Comrade GX Feet・Blue,戰友【ＧＸ】・青
6843,Comrade G Boots・Blue,戰友靴【Ｇ】・青
6844,Comrade GF Boots・Blue,戰友靴【ＧＦ】・青
6845,Comrade GX Boots・Blue,戰友靴【ＧＸ】・青
6846,Comrade G Feet・Green,戰友【Ｇ】・緑
6847,Comrade GF Feet・Green,戰友【ＧＦ】・緑
6848,Comrade GX Feet・Green,戰友【ＧＸ】・緑
6849,Comrade G Boots・Green,戰友靴【Ｇ】・緑
6850,Comrade GF Boots・Green,戰友靴【ＧＦ】・緑
6851,Comrade GX Boots・Green,戰友靴【ＧＸ】・緑
6852,Comrade G Feet・Orange,戰友【Ｇ】・橙
6853,Comrade GF Feet・Orange,戰友【ＧＦ】・橙
6854,Comrade GX Feet・Orange,戰友【ＧＸ】・橙
6855,Comrade G Boots・Orange,戰友靴【Ｇ】・橙
6856,Comrade GF Boots・Orange,戰友靴【ＧＦ】・橙
6857,Comrade GX Boots・Orange,戰友靴【ＧＸ】・橙
6858,Melan G Greaves,紫黑護腿【Ｇ】
6859,Melan GF Greaves,紫黑護腿【ＧＦ】
6860,Melan GX Greaves,紫黑護腿【ＧＸ】
6861,Melan G Leggings,紫黑裹腿【Ｇ】
6862,Melan GF Leggings,紫黑裹腿【ＧＦ】
6863,Melan GX Leggings,紫黑裹腿【ＧＸ】
6864,Rouge FY Greaves,紅護腿
6865,Rouge HC Greaves,紅護腿【ＨＣ】
6866,Rouge G Greaves,紅護腿【Ｇ】
6867,Rouge GF Greaves,紅護腿【ＧＦ】
6868,Rouge GX Greaves,紅護腿【ＧＸ】
6869,Regyukusu GP Feet,雷格尤庫蘇夫【ＧＰ】
6870,Regyukusu GP Boots,雷丘庫蘇靴【ＧＰ】
6871,Beil GP Divider,貝爾【ＧＰ】
6872,ヴェルフGP Greaves,護腿【ＧＰ】
6873,ヴェルフGP Leggings,裹腿【ＧＰ】
6874,テリオグGP Greaves,腕護腿【ＧＰ】
6875,テリオグGP Leggings,腕裹腿【ＧＰ】
6876,Patapatagook・White,拍塔拍塔戈歐・白
6877,Patapatagook F・White,拍塔拍塔戈歐【Ｆ】・白
6878,Patapatagook FZ・White,拍塔拍塔戈歐【ＦＺ】・白
6879,Patapatagook HS・White,拍塔拍塔戈歐【ＨＳ】・白
6880,Patapatagook GS・White,拍塔拍塔戈歐【ＧＳ】・白
6881,Patapatagook GP・White,拍塔拍塔戈歐【ＧＰ】・白
6882,Patapatagook・Ash,拍塔拍塔戈歐
6883,Patapatagook F・Ash,拍塔拍塔戈歐【Ｆ】
6884,Patapatagook FZ・Ash,拍塔拍塔戈歐【ＦＺ】
6885,Patapatagook HS・Ash,拍塔拍塔戈歐【ＨＳ】
6886,Patapatagook GS・Ash,拍塔拍塔戈歐【ＧＳ】
6887,Patapatagook GP・Ash,拍塔拍塔戈歐【ＧＰ】
6888,Patapatagook・Red,拍塔拍塔戈歐・赤
6889,Patapatagook F・Red,拍塔拍塔戈歐【Ｆ】・赤
6890,Patapatagook FZ・Red,拍塔拍塔戈歐【ＦＺ】・赤
6891,Patapatagook HS・Red,拍塔拍塔戈歐【ＨＳ】・赤
6892,Patapatagook GS・Red,拍塔拍塔戈歐【ＧＳ】・赤
6893,Patapatagook GP・Red,拍塔拍塔戈歐【ＧＰ】・赤
6894,Hypnoc G Greaves,眠鳥護腿【Ｇ】
6895,Hypnoc GF Greaves,眠鳥護腿【ＧＦ】
6896,Hypnoc GX Greaves,眠鳥護腿【ＧＸ】
6897,Hypnoc G Leggings,眠鳥裹腿【Ｇ】
6898,Hypnoc GF Leggings,眠鳥裹腿【ＧＦ】
6899,Hypnoc GX Leggings,眠鳥裹腿【ＧＸ】
6900,Red Khezu G Greaves,奇怪龍護腿【Ｇ】・赤
6901,Red Khezu GF Greaves,奇怪龍護腿【ＧＦ】・赤
6902,Red Khezu GX Greaves,奇怪龍護腿【ＧＸ】・赤
6903,Red Khezu G Leggings,奇怪龍裹腿【Ｇ】・赤
6904,Red Khezu GF Leggings,奇怪龍裹腿【ＧＦ】・赤
6905,Red Khezu GX Leggings,奇怪龍裹腿【ＧＸ】・赤
6906,Monoblos G Greaves,一角龍護腿【Ｇ】
6907,Monoblos GF Greaves,一角龍護腿【ＧＦ】
6908,Monoblos GX Greaves,一角龍護腿【ＧＸ】
6909,Monoblos G Leggings,一角龍裹腿【Ｇ】
6910,Monoblos GF Leggings,一角龍裹腿【ＧＦ】
6911,Monoblos GX Leggings,一角龍裹腿【ＧＸ】
6912,Weiss G Heel,烏艾斯修伊爾【Ｇ】
6913,Weiss GF Heel,烏艾斯修伊爾【ＧＦ】
6914,Weiss GX Heel,烏艾斯修伊爾【ＧＸ】
6915,Weiss G March,烏艾斯斯馬爾【Ｇ】
6916,Weiss GF March,烏艾斯斯馬爾【ＧＦ】
6917,Weiss GX March,烏艾斯斯馬爾【ＧＸ】
6918,Venom G Greaves,毒護腿【Ｇ】
6919,Venom GF Greaves,毒護腿【ＧＦ】
6920,Venom GX Greaves,毒護腿【ＧＸ】
6921,Venom G Leggings,毒裹腿【Ｇ】
6922,Venom GF Leggings,毒裹腿【ＧＦ】
6923,Venom GX Leggings,毒裹腿【ＧＸ】
6924,Elegance [Greaves 】,艾勒加恩克艾護腿
6925,Elegance F [Greaves 】,艾勒加恩克艾護腿【Ｆ】
6926,Elegance FX [Greaves 】,艾勒加恩克艾護腿【ＦＸ】
6927,Elegance G [Greaves 】,艾勒加恩克艾護腿【Ｇ】
6928,Elegance GF [Greaves 】,艾勒加恩克艾護腿【ＧＦ】
6929,Grace [Greaves 】,格拉克艾護腿
6930,Grace F [Greaves 】,格拉克艾護腿【Ｆ】
6931,Grace FX [Greaves 】,格拉克艾護腿【ＦＸ】
6932,Grace G [Greaves 】,格拉克艾護腿【Ｇ】
6933,Grace GF [Greaves 】,格拉克艾護腿【ＧＦ】
6934,Elegance G [Greaves 】,艾勒加恩克艾護腿【Ｇ】
6935,Elegance GF [Greaves 】,艾勒加恩克艾護腿【ＧＦ】
6936,Elegance GX [Greaves 】,艾勒加恩克艾護腿【ＧＸ】
6937,Grace G [Greaves 】,格拉克艾護腿【Ｇ】
6938,Grace GF [Greaves 】,格拉克艾護腿【ＧＦ】
6939,Grace GX [Greaves 】,格拉克艾護腿【ＧＸ】
6940,Garuba ペイル,
6941,Garuba Fペイル,
6942,Garuba FXペイル,
6943,Garuba Gペイル,
6944,Garuba GFペイル,
6945,Garuba ハディ,
6946,Garuba Fハディ,
6947,Garuba FXハディ,
6948,Garuba Gハディ,
6949,Garuba GFハディ,
6950,Wind GFペイル,
6951,Wind GFハディ,
6952,武者GF【具足】,具足武者
6953,日光GF【具足】,具足日光
6954,White 蘭・Kensei Feet,蘭・白
6955,White 蘭・Kensei F Feet,蘭【Ｆ】・白
6956,White 蘭・Kensei FX Feet,蘭【ＦＸ】・白
6957,Crimson 霞・Kensei Feet,霞・紅
6958,Crimson 霞・Kensei F Feet,霞【Ｆ】・紅
6959,Crimson 霞・Kensei FX Feet,霞【ＦＸ】・紅
6960,White 蘭・Kensei G Feet,蘭【Ｇ】・白
6961,White 蘭・Kensei GF Feet,蘭【ＧＦ】・白
6962,White 蘭・Kensei GX Feet,蘭【ＧＸ】・白
6963,月夜・Kensei G Feet,月夜【Ｇ】
6964,月夜・Kensei GF Feet,月夜【ＧＦ】
6965,月夜・Kensei GX Feet,月夜【ＧＸ】
6966,Crimson 霞・Kensei G Feet,霞【Ｇ】・紅
6967,Crimson 霞・Kensei GF Feet,霞【ＧＦ】・紅
6968,Crimson 霞・Kensei GX Feet,霞【ＧＸ】・紅
6969,Green 穹・Kensei G Feet,穹【Ｇ】・緑
6970,Green 穹・Kensei GF Feet,穹【ＧＦ】・緑
6971,Green 穹・Kensei GX Feet,穹【ＧＸ】・緑
6972,White 蘭・双龍 Feet,蘭双龍・白
6973,White 蘭・双龍F Feet,蘭双龍・白
6974,White 蘭・双龍FX Feet,蘭双龍・白
6975,Crimson 霞・双龍 Feet,霞双龍・紅
6976,Crimson 霞・双龍F Feet,霞双龍・紅
6977,Crimson 霞・双龍FX Feet,霞双龍・紅
6978,White 蘭・双龍G Feet,蘭双龍・白
6979,White 蘭・双龍GF Feet,蘭双龍・白
6980,White 蘭・双龍GX Feet,蘭双龍・白
6981,月夜・双龍G Feet,月夜双龍
6982,月夜・双龍GF Feet,月夜双龍
6983,月夜・双龍GX Feet,月夜双龍
6984,Crimson 霞・双龍G Feet,霞双龍・紅
6985,Crimson 霞・双龍GF Feet,霞双龍・紅
6986,Crimson 霞・双龍GX Feet,霞双龍・紅
6987,Green 穹・双龍G Feet,穹双龍・緑
6988,Green 穹・双龍GF Feet,穹双龍・緑
6989,Green 穹・双龍GX Feet,穹双龍・緑
6990,White 蘭・剣王 Feet,蘭剣王・白
6991,White 蘭・剣王F Feet,蘭剣王・白
6992,White 蘭・剣王FX Feet,蘭剣王・白
6993,Crimson 霞・剣王 Feet,霞剣王・紅
6994,Crimson 霞・剣王F Feet,霞剣王・紅
6995,Crimson 霞・剣王FX Feet,霞剣王・紅
6996,White 蘭・剣王G Feet,蘭剣王・白
6997,White 蘭・剣王GF Feet,蘭剣王・白
6998,White 蘭・剣王GX Feet,蘭剣王・白
6999,月夜・剣王G Feet,月夜剣王
7000,月夜・剣王GF Feet,月夜剣王
7001,月夜・剣王GX Feet,月夜剣王
7002,Crimson 霞・剣王G Feet,霞剣王・紅
7003,Crimson 霞・剣王GF Feet,霞剣王・紅
7004,Crimson 霞・剣王GX Feet,霞剣王・紅
7005,Green 穹・剣王G Feet,穹剣王・緑
7006,Green 穹・剣王GF Feet,穹剣王・緑
7007,Green 穹・剣王GX Feet,穹剣王・緑
7008,White 蘭・刀神 Feet,蘭刀神・白
7009,White 蘭・刀神F Feet,蘭刀神・白
7010,White 蘭・刀神FX Feet,蘭刀神・白
7011,Crimson 霞・刀神 Feet,霞刀神・紅
7012,Crimson 霞・刀神F Feet,霞刀神・紅
7013,Crimson 霞・刀神FX Feet,霞刀神・紅
7014,White 蘭・刀神G Feet,蘭刀神・白
7015,White 蘭・刀神GF Feet,蘭刀神・白
7016,White 蘭・刀神GX Feet,蘭刀神・白
7017,月夜・刀神G Feet,月夜刀神
7018,月夜・刀神GF Feet,月夜刀神
7019,月夜・刀神GX Feet,月夜刀神
7020,Crimson 霞・刀神G Feet,霞刀神・紅
7021,Crimson 霞・刀神GF Feet,霞刀神・紅
7022,Crimson 霞・刀神GX Feet,霞刀神・紅
7023,Green 穹・刀神G Feet,穹刀神・緑
7024,Green 穹・刀神GF Feet,穹刀神・緑
7025,Green 穹・刀神GX Feet,穹刀神・緑
7026,White 蘭・鈍器獣 Feet,蘭鈍器獣・白
7027,White 蘭・鈍器獣F Feet,蘭鈍器獣・白
7028,White 蘭・鈍器獣FX Feet,蘭鈍器獣・白
7029,Crimson 霞・鈍器獣 Feet,霞鈍器獣・紅
7030,Crimson 霞・鈍器獣F Feet,霞鈍器獣・紅
7031,Crimson 霞・鈍器獣FX Feet,霞鈍器獣・紅
7032,White 蘭・鈍器獣G Feet,蘭鈍器獣・白
7033,White 蘭・鈍器獣GF Feet,蘭鈍器獣・白
7034,White 蘭・鈍器獣GX Feet,蘭鈍器獣・白
7035,月夜・鈍器獣G Feet,月夜鈍器獣
7036,月夜・鈍器獣GF Feet,月夜鈍器獣
7037,月夜・鈍器獣GX Feet,月夜鈍器獣
7038,Crimson 霞・鈍器獣G Feet,霞鈍器獣・紅
7039,Crimson 霞・鈍器獣GF Feet,霞鈍器獣・紅
7040,Crimson 霞・鈍器獣GX Feet,霞鈍器獣・紅
7041,Green 穹・鈍器獣G Feet,穹鈍器獣・緑
7042,Green 穹・鈍器獣GF Feet,穹鈍器獣・緑
7043,Green 穹・鈍器獣GX Feet,穹鈍器獣・緑
7044,White 蘭・奏帝 Feet,蘭奏帝・白
7045,White 蘭・奏帝F Feet,蘭奏帝・白
7046,White 蘭・奏帝FX Feet,蘭奏帝・白
7047,Crimson 霞・奏帝 Feet,霞奏帝・紅
7048,Crimson 霞・奏帝F Feet,霞奏帝・紅
7049,Crimson 霞・奏帝FX Feet,霞奏帝・紅
7050,White 蘭・奏帝G Feet,蘭奏帝・白
7051,White 蘭・奏帝GF Feet,蘭奏帝・白
7052,White 蘭・奏帝GX Feet,蘭奏帝・白
7053,月夜・奏帝G Feet,月夜奏帝
7054,月夜・奏帝GF Feet,月夜奏帝
7055,月夜・奏帝GX Feet,月夜奏帝
7056,Crimson 霞・奏帝G Feet,霞奏帝・紅
7057,Crimson 霞・奏帝GF Feet,霞奏帝・紅
7058,Crimson 霞・奏帝GX Feet,霞奏帝・紅
7059,Green 穹・奏帝G Feet,穹奏帝・緑
7060,Green 穹・奏帝GF Feet,穹奏帝・緑
7061,Green 穹・奏帝GX Feet,穹奏帝・緑
7062,White 蘭・Heaven 槍 Feet,蘭槍・白
7063,White 蘭・Heaven 槍F Feet,蘭槍・白
7064,White 蘭・Heaven 槍FX Feet,蘭槍・白
7065,Crimson 霞・Heaven 槍 Feet,霞槍・紅
7066,Crimson 霞・Heaven 槍F Feet,霞槍・紅
7067,Crimson 霞・Heaven 槍FX Feet,霞槍・紅
7068,White 蘭・Heaven 槍G Feet,蘭槍・白
7069,White 蘭・Heaven 槍GF Feet,蘭槍・白
7070,White 蘭・Heaven 槍GX Feet,蘭槍・白
7071,月夜・Heaven 槍G Feet,月夜槍
7072,月夜・Heaven 槍GF Feet,月夜槍
7073,月夜・Heaven 槍GX Feet,月夜槍
7074,Crimson 霞・Heaven 槍G Feet,霞槍・紅
7075,Crimson 霞・Heaven 槍GF Feet,霞槍・紅
7076,Crimson 霞・Heaven 槍GX Feet,霞槍・紅
7077,Green 穹・Heaven 槍G Feet,穹槍・緑
7078,Green 穹・Heaven 槍GF Feet,穹槍・緑
7079,Green 穹・Heaven 槍GX Feet,穹槍・緑
7080,White 蘭・砲皇 Feet,蘭砲皇・白
7081,White 蘭・砲皇F Feet,蘭砲皇・白
7082,White 蘭・砲皇FX Feet,蘭砲皇・白
7083,Crimson 霞・砲皇 Feet,霞砲皇・紅
7084,Crimson 霞・砲皇F Feet,霞砲皇・紅
7085,Crimson 霞・砲皇FX Feet,霞砲皇・紅
7086,White 蘭・砲皇G Feet,蘭砲皇・白
7087,White 蘭・砲皇GF Feet,蘭砲皇・白
7088,White 蘭・砲皇GX Feet,蘭砲皇・白
7089,月夜・砲皇G Feet,月夜砲皇
7090,月夜・砲皇GF Feet,月夜砲皇
7091,月夜・砲皇GX Feet,月夜砲皇
7092,Crimson 霞・砲皇G Feet,霞砲皇・紅
7093,Crimson 霞・砲皇GF Feet,霞砲皇・紅
7094,Crimson 霞・砲皇GX Feet,霞砲皇・紅
7095,Green 穹・砲皇G Feet,穹砲皇・緑
7096,Green 穹・砲皇GF Feet,穹砲皇・緑
7097,Green 穹・砲皇GX Feet,穹砲皇・緑
7098,White 蘭・穿凰 Feet,蘭穿凰・白
7099,White 蘭・穿凰F Feet,蘭穿凰・白
7100,White 蘭・穿凰FX Feet,蘭穿凰・白
7101,Crimson 霞・穿凰 Feet,霞穿凰・紅
7102,Crimson 霞・穿凰F Feet,霞穿凰・紅
7103,Crimson 霞・穿凰FX Feet,霞穿凰・紅
7104,White 蘭・穿凰G Feet,蘭穿凰・白
7105,White 蘭・穿凰GF Feet,蘭穿凰・白
7106,White 蘭・穿凰GX Feet,蘭穿凰・白
7107,月夜・穿凰G Feet,月夜穿凰
7108,月夜・穿凰GF Feet,月夜穿凰
7109,月夜・穿凰GX Feet,月夜穿凰
7110,Crimson 霞・穿凰G Feet,霞穿凰・紅
7111,Crimson 霞・穿凰GF Feet,霞穿凰・紅
7112,Crimson 霞・穿凰GX Feet,霞穿凰・紅
7113,Green 穹・穿凰G Feet,穹穿凰・緑
7114,Green 穹・穿凰GF Feet,穹穿凰・緑
7115,Green 穹・穿凰GX Feet,穹穿凰・緑
7116,White 蘭・銃仙 Boots,白面罩靴・白
7117,White 蘭・銃仙F Boots,白靴・白
7118,White 蘭・銃仙FX Boots,白・銃仙ＦＸ靴・白
7119,Crimson 霞・銃仙 Boots,深紅面罩靴・紅
7120,Crimson 霞・銃仙F Boots,深紅靴・紅
7121,Crimson 霞・銃仙FX Boots,深紅・銃仙ＦＸ靴・紅
7122,White 蘭・銃仙G Boots,白・Ｇ面罩靴・白
7123,White 蘭・銃仙GF Boots,白・ＧＦ面罩靴・白
7124,White 蘭・銃仙GX Boots,白・ＧＸ面罩靴・白
7125,月夜・銃仙G Boots,Ｇ面罩靴
7126,月夜・銃仙GF Boots,月夜銃仙靴
7127,月夜・銃仙GX Boots,月夜銃仙靴
7128,Crimson 霞・銃仙G Boots,深紅・Ｇ面罩靴・紅
7129,Crimson 霞・銃仙GF Boots,深紅・ＧＦ面罩靴・紅
7130,Crimson 霞・銃仙GX Boots,深紅・ＧＸ面罩靴・紅
7131,Green 穹・銃仙G Boots,緑・Ｇ面罩靴・緑
7132,Green 穹・銃仙GF Boots,緑・ＧＦ面罩靴・緑
7133,Green 穹・銃仙GX Boots,緑・ＧＸ面罩靴・緑
7134,White 蘭・銃傑 Boots,白面罩靴・白
7135,White 蘭・銃傑F Boots,白靴・白
7136,White 蘭・銃傑FX Boots,白・銃傑ＦＸ靴・白
7137,Crimson 霞・銃傑 Boots,深紅面罩靴・紅
7138,Crimson 霞・銃傑F Boots,深紅靴・紅
7139,Crimson 霞・銃傑FX Boots,深紅・銃傑ＦＸ靴・紅
7140,White 蘭・銃傑G Boots,白・Ｇ面罩靴・白
7141,White 蘭・銃傑GF Boots,白・ＧＦ面罩靴・白
7142,White 蘭・銃傑GX Boots,白・ＧＸ面罩靴・白
7143,月夜・銃傑G Boots,Ｇ面罩靴
7144,月夜・銃傑GF Boots,月夜銃傑靴
7145,月夜・銃傑GX Boots,月夜銃傑靴
7146,Crimson 霞・銃傑G Boots,深紅・Ｇ面罩靴・紅
7147,Crimson 霞・銃傑GF Boots,深紅・ＧＦ面罩靴・紅
7148,Crimson 霞・銃傑GX Boots,深紅・ＧＸ面罩靴・紅
7149,Green 穹・銃傑G Boots,緑・Ｇ面罩靴・緑
7150,Green 穹・銃傑GF Boots,緑・ＧＦ面罩靴・緑
7151,Green 穹・銃傑GX Boots,緑・ＧＸ面罩靴・緑
7152,White 蘭・Bow 鬼 Boots,白・弓面罩靴・白
7153,White 蘭・Bow 鬼F Boots,白・弓靴・白
7154,White 蘭・Bow 鬼FX Boots,白・弓鬼ＦＸ靴・白
7155,Crimson 霞・Bow 鬼 Boots,深紅・弓面罩靴・紅
7156,Crimson 霞・Bow 鬼F Boots,深紅・弓靴・紅
7157,Crimson 霞・Bow 鬼FX Boots,深紅・弓鬼ＦＸ靴・紅
7158,White 蘭・Bow 鬼G Boots,白・弓Ｇ靴・白
7159,White 蘭・Bow 鬼GF Boots,白・弓ＧＦ靴・白
7160,White 蘭・Bow 鬼GX Boots,白・弓ＧＸ靴・白
7161,月夜・Bow 鬼G Boots,月夜・弓Ｇ靴
7162,月夜・Bow 鬼GF Boots,月夜・弓ＧＦ靴
7163,月夜・Bow 鬼GX Boots,月夜・弓ＧＸ靴
7164,Crimson 霞・Bow 鬼G Boots,深紅・弓Ｇ靴・紅
7165,Crimson 霞・Bow 鬼GF Boots,深紅・弓ＧＦ靴・紅
7166,Crimson 霞・Bow 鬼GX Boots,深紅・弓ＧＸ靴・紅
7167,Green 穹・Bow 鬼G Boots,緑・弓Ｇ靴・緑
7168,Green 穹・Bow 鬼GF Boots,緑・弓ＧＦ靴・緑
7169,Green 穹・Bow 鬼GX Boots,緑・弓ＧＸ靴・緑
7170,Flight Greaves・White,夫爾伊格赫特護腿・白
7171,Flight Greaves F・White,夫爾伊格赫特護腿【Ｆ】・白
7172,Flight Greaves FZ・White,夫爾伊格赫特護腿【ＦＺ】・白
7173,Flight Greaves HS・White,夫爾伊格赫特護腿【ＨＳ】・白
7174,Flight Greaves GS・White,夫爾伊格赫特護腿【ＧＳ】・白
7175,Flight Greaves GP・White,夫爾伊格赫特護腿【ＧＰ】・白
7176,Flight Tabi・White,夫里格赫特塔・白
7177,Flight Tabi F・White,夫里格赫特塔【Ｆ】・白
7178,Flight Tabi FZ・White,夫里格赫特塔【ＦＺ】・白
7179,Flight Tabi HS・White,夫里格赫特塔【ＨＳ】・白
7180,Flight Tabi GS・White,夫里格赫特塔【ＧＳ】・白
7181,Flight Tabi GP・White,夫里格赫特塔【ＧＰ】・白
7182,Flight Greaves・Red,夫爾伊格赫特護腿・赤
7183,Flight Greaves F・Red,夫爾伊格赫特護腿【Ｆ】・赤
7184,Flight Greaves FZ・Red,夫爾伊格赫特護腿【ＦＺ】・赤
7185,Flight Greaves HS・Red,夫爾伊格赫特護腿【ＨＳ】・赤
7186,Flight Greaves GS・Red,夫爾伊格赫特護腿【ＧＳ】・赤
7187,Flight Greaves GP・Red,夫爾伊格赫特護腿【ＧＰ】・赤
7188,Flight Tabi・Red,夫里格赫特塔・赤
7189,Flight Tabi F・Red,夫里格赫特塔【Ｆ】・赤
7190,Flight Tabi FZ・Red,夫里格赫特塔【ＦＺ】・赤
7191,Flight Tabi HS・Red,夫里格赫特塔【ＨＳ】・赤
7192,Flight Tabi GS・Red,夫里格赫特塔【ＧＳ】・赤
7193,Flight Tabi GP・Red,夫里格赫特塔【ＧＰ】・赤
7194,Flight Greaves・Tea,夫爾伊格赫特護腿・茶
7195,Flight Greaves F・Tea,夫爾伊格赫特護腿【Ｆ】・茶
7196,Flight Greaves FZ・Tea,夫爾伊格赫特護腿【ＦＺ】・茶
7197,Flight Greaves HS・Tea,夫爾伊格赫特護腿【ＨＳ】・茶
7198,Flight Greaves GS・Tea,夫爾伊格赫特護腿【ＧＳ】・茶
7199,Flight Greaves GP・Tea,夫爾伊格赫特護腿【ＧＰ】・茶
7200,Flight Tabi・Tea,夫里格赫特塔・茶
7201,Flight Tabi F・Tea,夫里格赫特塔【Ｆ】・茶
7202,Flight Tabi FZ・Tea,夫里格赫特塔【ＦＺ】・茶
7203,Flight Tabi HS・Tea,夫里格赫特塔【ＨＳ】・茶
7204,Flight Tabi GS・Tea,夫里格赫特塔【ＧＳ】・茶
7205,Flight Tabi GP・Tea,夫里格赫特塔【ＧＰ】・茶
7206,Flight Greaves・Blue,夫爾伊格赫特護腿・青
7207,Flight Greaves F・Blue,夫爾伊格赫特護腿【Ｆ】・青
7208,Flight Greaves FZ・Blue,夫爾伊格赫特護腿【ＦＺ】・青
7209,Flight Greaves HS・Blue,夫爾伊格赫特護腿【ＨＳ】・青
7210,Flight Greaves GS・Blue,夫爾伊格赫特護腿【ＧＳ】・青
7211,Flight Greaves GP・Blue,夫爾伊格赫特護腿【ＧＰ】・青
7212,Flight Tabi・Blue,夫里格赫特塔・青
7213,Flight Tabi F・Blue,夫里格赫特塔【Ｆ】・青
7214,Flight Tabi FZ・Blue,夫里格赫特塔【ＦＺ】・青
7215,Flight Tabi HS・Blue,夫里格赫特塔【ＨＳ】・青
7216,Flight Tabi GS・Blue,夫里格赫特塔【ＧＳ】・青
7217,Flight Tabi GP・Blue,夫里格赫特塔【ＧＰ】・青
7218,Naga Feet・Blue,納加夫伊特・青
7219,Naga F Feet・Blue,納加夫伊特【Ｆ】・青
7220,Naga FZ Feet・Blue,納加夫伊特【ＦＺ】・青
7221,Naga HS Feet・Blue,納加夫伊特【ＨＳ】・青
7222,Naga GS Feet・Blue,納加夫伊特【ＧＳ】・青
7223,Naga GP Feet・Blue,納加夫伊特【ＧＰ】・青
7224,Naga Boots・Blue,納加靴・青
7225,Naga F Boots・Blue,納加靴【Ｆ】・青
7226,Naga FZ Boots・Blue,納加靴【ＦＺ】・青
7227,Naga HS Boots・Blue,納加靴【ＨＳ】・青
7228,Naga GS Boots・Blue,納加靴【ＧＳ】・青
7229,Naga GP Boots・Blue,納加靴【ＧＰ】・青
7230,Naga Feet・Red,納加夫伊特・赤
7231,Naga F Feet・Red,納加夫伊特【Ｆ】・赤
7232,Naga FZ Feet・Red,納加夫伊特【ＦＺ】・赤
7233,Naga HS Feet・Red,納加夫伊特【ＨＳ】・赤
7234,Naga GS Feet・Red,納加夫伊特【ＧＳ】・赤
7235,Naga GP Feet・Red,納加夫伊特【ＧＰ】・赤
7236,Naga Boots・Red,納加靴・赤
7237,Naga F Boots・Red,納加靴【Ｆ】・赤
7238,Naga FZ Boots・Red,納加靴【ＦＺ】・赤
7239,Naga HS Boots・Red,納加靴【ＨＳ】・赤
7240,Naga GS Boots・Red,納加靴【ＧＳ】・赤
7241,Naga GP Boots・Red,納加靴【ＧＰ】・赤
7242,Naga Feet・White,納加夫伊特・白
7243,Naga F Feet・White,納加夫伊特【Ｆ】・白
7244,Naga FZ Feet・White,納加夫伊特【ＦＺ】・白
7245,Naga HS Feet・White,納加夫伊特【ＨＳ】・白
7246,Naga GS Feet・White,納加夫伊特【ＧＳ】・白
7247,Naga GP Feet・White,納加夫伊特【ＧＰ】・白
7248,Naga Boots・White,納加靴・白
7249,Naga F Boots・White,納加靴【Ｆ】・白
7250,Naga FZ Boots・White,納加靴【ＦＺ】・白
7251,Naga HS Boots・White,納加靴【ＨＳ】・白
7252,Naga GS Boots・White,納加靴【ＧＳ】・白
7253,Naga GP Boots・White,納加靴【ＧＰ】・白
7254,Naga Feet・Black,納加夫伊特・黑
7255,Naga F Feet・Black,納加夫伊特【Ｆ】・黑
7256,Naga FZ Feet・Black,納加夫伊特【ＦＺ】・黑
7257,Naga HS Feet・Black,納加夫伊特【ＨＳ】・黑
7258,Naga GS Feet・Black,納加夫伊特【ＧＳ】・黑
7259,Naga GP Feet・Black,納加夫伊特【ＧＰ】・黑
7260,Naga Boots・Black,納加靴・黑
7261,Naga F Boots・Black,納加靴【Ｆ】・黑
7262,Naga FZ Boots・Black,納加靴【ＦＺ】・黑
7263,Naga HS Boots・Black,納加靴【ＨＳ】・黑
7264,Naga GS Boots・Black,納加靴【ＧＳ】・黑
7265,Naga GP Boots・Black,納加靴【ＧＰ】・黑
7266,Dawnbreak Hakama,達烏恩布雷阿
7267,Dawnbreak Hakama・F,達烏恩布雷阿【Ｆ】
7268,Dawnbreak Hakama・FZ,達烏恩布雷阿【ＦＺ】
7269,Dawnbreak Hakama・HS,達烏恩布雷阿【ＨＳ】
7270,Dawnbreak Hakama・GS,達烏恩布雷阿【ＧＳ】
7271,Dawnbreak Hakama・GP,達烏恩布雷阿【ＧＰ】
7272,Dawnbreak Tabi,達烏恩布雷阿
7273,Dawnbreak Tabi・F,達烏恩布雷阿【Ｆ】
7274,Dawnbreak Tabi・FZ,達烏恩布雷阿【ＦＺ】
7275,Dawnbreak Tabi・HS,達烏恩布雷阿【ＨＳ】
7276,Dawnbreak Tabi・GS,達烏恩布雷阿【ＧＳ】
7277,Dawnbreak Tabi・GP,達烏恩布雷阿【ＧＰ】
7278,Zuibei Heel,茲伊貝伊赫艾
7279,Zuibei F Heel,茲伊貝伊赫艾【Ｆ】
7280,Zuibei FZ Heel,茲伊貝伊赫艾【ＦＺ】
7281,Zuibei HS Heel,茲伊貝伊赫艾【ＨＳ】
7282,Zuibei GS Heel,茲伊貝伊赫艾【ＧＳ】
7283,Zuibei GP Heel,茲伊貝伊赫艾【ＧＰ】
7284,Zuibei March,茲伊貝伊馬爾
7285,Zuibei F March,茲伊貝伊馬爾【Ｆ】
7286,Zuibei FZ March,茲伊貝伊馬爾【ＦＺ】
7287,Zuibei HS March,茲伊貝伊馬爾【ＨＳ】
7288,Zuibei GS March,茲伊貝伊馬爾【ＧＳ】
7289,Zuibei GP March,茲伊貝伊馬爾【ＧＰ】
7290,Oyun Greaves・Blue,遊腕青護腿・青
7291,Oyun F Greaves・Blue,遊腕青護腿【Ｆ】・青
7292,Oyun FZ Greaves・Blue,遊腕青護腿【ＦＺ】・青
7293,Oyun HS Greaves・Blue,遊腕青護腿【ＨＳ】・青
7294,Oyun GS Greaves・Blue,遊腕青護腿【ＧＳ】・青
7295,Oyun GP Greaves・Blue,遊腕青護腿【ＧＰ】・青
7296,Oyun Leggings・Blue,遊腕青裹腿・青
7297,Oyun F Leggings・Blue,遊腕青裹腿【Ｆ】・青
7298,Oyun FZ Leggings・Blue,遊腕青裹腿【ＦＺ】・青
7299,Oyun HS Leggings・Blue,遊腕青裹腿【ＨＳ】・青
7300,Oyun GS Leggings・Blue,遊腕青裹腿【ＧＳ】・青
7301,Oyun GP Leggings・Blue,遊腕青裹腿【ＧＰ】・青
7302,Oyun Greaves・Red,遊腕青護腿・赤
7303,Oyun F Greaves・Red,遊腕青護腿【Ｆ】・赤
7304,Oyun FZ Greaves・Red,遊腕青護腿【ＦＺ】・赤
7305,Oyun HS Greaves・Red,遊腕青護腿【ＨＳ】・赤
7306,Oyun GS Greaves・Red,遊腕青護腿【ＧＳ】・赤
7307,Oyun GP Greaves・Red,遊腕青護腿【ＧＰ】・赤
7308,Oyun Leggings・Red,遊腕青裹腿・赤
7309,Oyun F Leggings・Red,遊腕青裹腿【Ｆ】・赤
7310,Oyun FZ Leggings・Red,遊腕青裹腿【ＦＺ】・赤
7311,Oyun HS Leggings・Red,遊腕青裹腿【ＨＳ】・赤
7312,Oyun GS Leggings・Red,遊腕青裹腿【ＧＳ】・赤
7313,Oyun GP Leggings・Red,遊腕青裹腿【ＧＰ】・赤
7314,Oyun Greaves・Black,遊腕青護腿・黑
7315,Oyun F Greaves・Black,遊腕青護腿【Ｆ】・黑
7316,Oyun FZ Greaves・Black,遊腕青護腿【ＦＺ】・黑
7317,Oyun HS Greaves・Black,遊腕青護腿【ＨＳ】・黑
7318,Oyun GS Greaves・Black,遊腕青護腿【ＧＳ】・黑
7319,Oyun GP Greaves・Black,遊腕青護腿【ＧＰ】・黑
7320,Oyun Leggings・Black,遊腕青裹腿・黑
7321,Oyun F Leggings・Black,遊腕青裹腿【Ｆ】・黑
7322,Oyun FZ Leggings・Black,遊腕青裹腿【ＦＺ】・黑
7323,Oyun HS Leggings・Black,遊腕青裹腿【ＨＳ】・黑
7324,Oyun GS Leggings・Black,遊腕青裹腿【ＧＳ】・黑
7325,Oyun GP Leggings・Black,遊腕青裹腿【ＧＰ】・黑
7326,Oyun Greaves・White,遊腕青護腿・白
7327,Oyun F Greaves・White,遊腕青護腿【Ｆ】・白
7328,Oyun FZ Greaves・White,遊腕青護腿【ＦＺ】・白
7329,Oyun HS Greaves・White,遊腕青護腿【ＨＳ】・白
7330,Oyun GS Greaves・White,遊腕青護腿【ＧＳ】・白
7331,Oyun GP Greaves・White,遊腕青護腿【ＧＰ】・白
7332,Oyun Leggings・White,遊腕青裹腿・白
7333,Oyun F Leggings・White,遊腕青裹腿【Ｆ】・白
7334,Oyun FZ Leggings・White,遊腕青裹腿【ＦＺ】・白
7335,Oyun HS Leggings・White,遊腕青裹腿【ＨＳ】・白
7336,Oyun GS Leggings・White,遊腕青裹腿【ＧＳ】・白
7337,Oyun GP Leggings・White,遊腕青裹腿【ＧＰ】・白
7338,Ash Feet・Red,阿修夫伊特・赤
7339,Ash F Feet・Red,阿修夫伊特【Ｆ】・赤
7340,Ash FZ Feet・Red,阿修夫伊特【ＦＺ】・赤
7341,Ash HS Feet・Red,阿修夫伊特【ＨＳ】・赤
7342,Ash GS Feet・Red,阿修夫伊特【ＧＳ】・赤
7343,Ash GP Feet・Red,阿修夫伊特【ＧＰ】・赤
7344,Ash Boots・Red,阿斯赫靴・赤
7345,Ash F Boots・Red,阿斯赫靴【Ｆ】・赤
7346,Ash FZ Boots・Red,阿斯赫靴【ＦＺ】・赤
7347,Ash HS Boots・Red,阿斯赫靴【ＨＳ】・赤
7348,Ash GS Boots・Red,阿斯赫靴【ＧＳ】・赤
7349,Ash GP Boots・Red,阿斯赫靴【ＧＰ】・赤
7350,Ash Feet・Blue,阿修夫伊特・青
7351,Ash F Feet・Blue,阿修夫伊特【Ｆ】・青
7352,Ash FZ Feet・Blue,阿修夫伊特【ＦＺ】・青
7353,Ash HS Feet・Blue,阿修夫伊特【ＨＳ】・青
7354,Ash GS Feet・Blue,阿修夫伊特【ＧＳ】・青
7355,Ash GP Feet・Blue,阿修夫伊特【ＧＰ】・青
7356,Ash Boots・Blue,阿斯赫靴・青
7357,Ash F Boots・Blue,阿斯赫靴【Ｆ】・青
7358,Ash FZ Boots・Blue,阿斯赫靴【ＦＺ】・青
7359,Ash HS Boots・Blue,阿斯赫靴【ＨＳ】・青
7360,Ash GS Boots・Blue,阿斯赫靴【ＧＳ】・青
7361,Ash GP Boots・Blue,阿斯赫靴【ＧＰ】・青
7362,Ash Feet・White,阿修夫伊特・白
7363,Ash F Feet・White,阿修夫伊特【Ｆ】・白
7364,Ash FZ Feet・White,阿修夫伊特【ＦＺ】・白
7365,Ash HS Feet・White,阿修夫伊特【ＨＳ】・白
7366,Ash GS Feet・White,阿修夫伊特【ＧＳ】・白
7367,Ash GP Feet・White,阿修夫伊特【ＧＰ】・白
7368,Ash Boots・White,阿斯赫靴・白
7369,Ash F Boots・White,阿斯赫靴【Ｆ】・白
7370,Ash FZ Boots・White,阿斯赫靴【ＦＺ】・白
7371,Ash HS Boots・White,阿斯赫靴【ＨＳ】・白
7372,Ash GS Boots・White,阿斯赫靴【ＧＳ】・白
7373,Ash GP Boots・White,阿斯赫靴【ＧＰ】・白
7374,Ash Feet・Black,阿修夫伊特・黑
7375,Ash F Feet・Black,阿修夫伊特【Ｆ】・黑
7376,Ash FZ Feet・Black,阿修夫伊特【ＦＺ】・黑
7377,Ash HS Feet・Black,阿修夫伊特【ＨＳ】・黑
7378,Ash GS Feet・Black,阿修夫伊特【ＧＳ】・黑
7379,Ash GP Feet・Black,阿修夫伊特【ＧＰ】・黑
7380,Ash Boots・Black,阿斯赫靴・黑
7381,Ash F Boots・Black,阿斯赫靴【Ｆ】・黑
7382,Ash FZ Boots・Black,阿斯赫靴【ＦＺ】・黑
7383,Ash HS Boots・Black,阿斯赫靴【ＨＳ】・黑
7384,Ash GS Boots・Black,阿斯赫靴【ＧＳ】・黑
7385,Ash GP Boots・Black,阿斯赫靴【ＧＰ】・黑
7386,Pistis GP Feet,皮斯提斯夫伊【ＧＰ】
7387,Pistis GP Boots,皮斯提斯靴【ＧＰ】
7388,Blink HS Feet,布里恩克夫伊【ＨＳ】
7389,Blink GS Feet,布里恩克夫伊【ＧＳ】
7390,Blink GP Feet,布里恩克夫伊【ＧＰ】
7391,Blink HS Boots,布爾伊恩克靴【ＨＳ】
7392,Blink GS Boots,布爾伊恩克靴【ＧＳ】
7393,Blink GP Boots,布爾伊恩克靴【ＧＰ】
7394,Ukon GPキック,
7395,Ukon GP Boots,烏科恩靴【ＧＰ】
7396,ロットGPキック,
7397,ロットGP Boots,羅托靴【ＧＰ】
7398,Arge HS Feet,阿爾蓋夫伊特【ＨＳ】
7399,Arge GS Feet,阿爾蓋夫伊特【ＧＳ】
7400,Arge GP Feet,阿爾蓋夫伊特【ＧＰ】
7401,Arge HS Boots,阿爾蓋靴【ＨＳ】
7402,Arge GS Boots,阿爾蓋靴【ＧＳ】
7403,Arge GP Boots,阿爾蓋靴【ＧＰ】
7404,Camarera HS Feet,克阿馬雷拉夫【ＨＳ】
7405,Camarera GS Feet,克阿馬雷拉夫【ＧＳ】
7406,Camarera GP Feet,克阿馬雷拉夫【ＧＰ】
7407,Camarera HS Boots,克阿馬雷拉靴【ＨＳ】
7408,Camarera GS Boots,克阿馬雷拉靴【ＧＳ】
7409,Camarera GP Boots,克阿馬雷拉靴【ＧＰ】
7410,Metenera HS Feet,梅特涅拉夫伊【ＨＳ】
7411,Metenera GS Feet,梅特涅拉夫伊【ＧＳ】
7412,Metenera GP Feet,梅特涅拉夫伊【ＧＰ】
7413,Metenera HS Boots,梅特涅拉靴【ＨＳ】
7414,Metenera GS Boots,梅特涅拉靴【ＧＳ】
7415,Metenera GP Boots,梅特涅拉靴【ＧＰ】
7416,Abitto HS Feet,阿比特托夫伊【ＨＳ】
7417,Abitto GS Feet,阿比特托夫伊【ＧＳ】
7418,Abitto GP Feet,阿比特托夫伊【ＧＰ】
7419,Abitto HS Boots,阿比特托靴【ＨＳ】
7420,Abitto GS Boots,阿比特托靴【ＧＳ】
7421,Abitto GP Boots,阿比特托靴【ＧＰ】
7422,Riburi HS Feet,里布里夫伊特【ＨＳ】
7423,Riburi GS Feet,里布里夫伊特【ＧＳ】
7424,Riburi GP Feet,里布里夫伊特【ＧＰ】
7425,Riburi HS Boots,里布里靴【ＨＳ】
7426,Riburi GS Boots,里布里靴【ＧＳ】
7427,Riburi GP Boots,里布里靴【ＧＰ】
7428,Jess G Greaves,潔絲護腿【Ｇ】
7429,Jess GF Greaves,潔絲護腿【ＧＦ】
7430,Jess GX Greaves,潔絲護腿【ＧＸ】
7431,Jess G Leggings,潔絲裹腿【Ｇ】
7432,Jess GF Leggings,潔絲裹腿【ＧＦ】
7433,Jess GX Leggings,潔絲裹腿【ＧＸ】
7434,Tangusu G Greaves,阿爾布護腿【Ｇ】
7435,Tangusu GF Greaves,阿爾布護腿【ＧＦ】
7436,Tangusu GX Greaves,阿爾布護腿【ＧＸ】
7437,Kobaruta G Leggings,科巴魯塔裹腿【Ｇ】
7438,Kobaruta GF Leggings,科巴魯塔裹腿【ＧＦ】
7439,Kobaruta GX Leggings,科巴魯塔裹腿【ＧＸ】
7440,Breo G Greaves,布雷歐護腿【Ｇ】
7441,Breo GF Greaves,布雷歐護腿【ＧＦ】
7442,Breo GX Greaves,布雷歐護腿【ＧＸ】
7443,Harokyu Feet,哈羅克尤夫伊
7444,Harokyu F Feet,哈羅克尤夫伊【Ｆ】
7445,Harokyu FY Feet,哈羅克尤夫伊
7446,Harokyu HS Feet,哈羅克尤夫伊【ＨＳ】
7447,Harokyu G Feet,哈羅克尤夫伊【Ｇ】
7448,Harokyu GF Feet,哈羅克尤夫伊【ＧＦ】
7449,Harokyu GX Feet,哈羅克尤夫伊【ＧＸ】
7450,Brooke Feet,布羅歐凱夫伊
7451,Brooke F Feet,布羅歐凱夫伊【Ｆ】
7452,Brooke FY Feet,布羅歐凱夫伊
7453,Brooke HS Feet,布羅歐凱夫伊【ＨＳ】
7454,Brooke G Feet,布羅歐凱夫伊【Ｇ】
7455,Brooke GF Feet,布羅歐凱夫伊【ＧＦ】
7456,Brooke GX Feet,布羅歐凱夫伊【ＧＸ】
7457,Brooke Boots,布羅歐凱靴
7458,Brooke F Boots,布羅歐凱靴【Ｆ】
7459,Brooke FY Boots,布羅歐凱夫伊靴
7460,Brooke HS Boots,布羅歐凱靴【ＨＳ】
7461,Brooke G Boots,布羅歐凱靴【Ｇ】
7462,Brooke GF Boots,布羅歐凱靴【ＧＦ】
7463,Brooke GX Boots,布羅歐凱靴【ＧＸ】
7464,Pale Sakura 【 Hakama 】,哈可馬拍勒薩
7465,Pale Sakura F【 Hakama 】,哈可馬拍勒薩【Ｆ】
7466,Pale Sakura FY【 Hakama 】,哈可馬拍勒薩
7467,Pale Sakura HS【 Hakama 】,哈可馬拍勒薩【ＨＳ】
7468,Pale Sakura G【 Hakama 】,哈可馬拍勒薩【Ｇ】
7469,Pale Sakura GF【 Hakama 】,哈可馬拍勒薩【ＧＦ】
7470,Pale Sakura GX【 Hakama 】,哈可馬拍勒薩【ＧＸ】
7471,Sakura Cloud 【 Hakama 】,哈可馬薩庫拉
7472,Sakura Cloud F【 Hakama 】,哈可馬薩庫拉【Ｆ】
7473,Sakura Cloud FY【 Hakama 】,哈可馬薩庫拉
7474,Sakura Cloud HS【 Hakama 】,哈可馬薩庫拉【ＨＳ】
7475,Sakura Cloud G【 Hakama 】,哈可馬薩庫拉【Ｇ】
7476,Sakura Cloud GF【 Hakama 】,哈可馬薩庫拉【ＧＦ】
7477,Sakura Cloud GX【 Hakama 】,哈可馬薩庫拉【ＧＸ】
7478,Kinioru Greaves,基尼奧爾護腿
7479,Kinioru F Greaves,基尼奧爾護腿【Ｆ】
7480,Kinioru FY Greaves,基尼奧爾護腿
7481,Kinioru HS Greaves,基尼奧爾護腿【ＨＳ】
7482,Kinioru G Greaves,基尼奧爾護腿【Ｇ】
7483,Kinioru GF Greaves,基尼奧爾護腿【ＧＦ】
7484,Kinioru GX Greaves,基尼奧爾護腿【ＧＸ】
7485,Kinioru Leggings,基尼奧爾裹腿
7486,Kinioru F Leggings,基尼奧爾裹腿【Ｆ】
7487,Kinioru FY Leggings,基尼奧爾裹腿
7488,Kinioru HS Leggings,基尼奧爾裹腿【ＨＳ】
7489,Kinioru G Leggings,基尼奧爾裹腿【Ｇ】
7490,Kinioru GF Leggings,基尼奧爾裹腿【ＧＦ】
7491,Kinioru GX Leggings,基尼奧爾裹腿【ＧＸ】
7492,Kaioru Greaves,可伊歐魯護腿
7493,Kaioru F Greaves,可伊歐魯護腿【Ｆ】
7494,Kaioru FY Greaves,可伊歐魯腕護腿
7495,Kaioru HS Greaves,可伊歐魯護腿【ＨＳ】
7496,Kaioru G Greaves,可伊歐魯護腿【Ｇ】
7497,Kaioru GF Greaves,可伊歐魯護腿【ＧＦ】
7498,Kaioru GX Greaves,可伊歐魯護腿【ＧＸ】
7499,Kaioru Leggings,可伊歐魯裹腿
7500,Kaioru F Leggings,可伊歐魯裹腿【Ｆ】
7501,Kaioru FY Leggings,可伊歐魯腕裹腿
7502,Kaioru HS Leggings,可伊歐魯裹腿【ＨＳ】
7503,Kaioru G Leggings,可伊歐魯裹腿【Ｇ】
7504,Kaioru GF Leggings,可伊歐魯裹腿【ＧＦ】
7505,Kaioru GX Leggings,可伊歐魯裹腿【ＧＸ】
7506,Yurisu Greaves,尤里蘇護腿
7507,Yurisu F Greaves,尤里蘇護腿【Ｆ】
7508,Yurisu FY Greaves,尤里蘇腕護腿
7509,Yurisu HS Greaves,尤里蘇護腿【ＨＳ】
7510,Yurisu G Greaves,尤里蘇護腿【Ｇ】
7511,Yurisu GF Greaves,尤里蘇護腿【ＧＦ】
7512,Yurisu GX Greaves,尤里蘇護腿【ＧＸ】
7513,Yurisu Leggings,尤里蘇裹腿
7514,Yurisu F Leggings,尤里蘇裹腿【Ｆ】
7515,Yurisu FY Leggings,尤里蘇腕裹腿
7516,Yurisu HS Leggings,尤里蘇裹腿【ＨＳ】
7517,Yurisu G Leggings,尤里蘇裹腿【Ｇ】
7518,Yurisu GF Leggings,尤里蘇裹腿【ＧＦ】
7519,Yurisu GX Leggings,尤里蘇裹腿【ＧＸ】
7520,Desordre Greaves,德艾斯歐爾德爾艾護腿
7521,Desordre F Greaves,德艾斯歐爾德爾艾護腿【Ｆ】
7522,Desordre FY Greaves,德艾斯歐爾德爾艾腕護腿
7523,Desordre HS Greaves,德艾斯歐爾德爾艾護腿【ＨＳ】
7524,Desordre G Greaves,德艾斯歐爾德爾艾護腿【Ｇ】
7525,Desordre GF Greaves,德艾斯歐爾德爾艾護腿【ＧＦ】
7526,Desordre GX Greaves,德艾斯歐爾德爾艾護腿【ＧＸ】
7527,Desordre Leggings,德艾斯歐爾德爾艾裹腿
7528,Desordre F Leggings,德艾斯歐爾德爾艾裹腿【Ｆ】
7529,Desordre FY Leggings,德艾斯歐爾德爾艾腕裹腿
7530,Desordre HS Leggings,德艾斯歐爾德爾艾裹腿【ＨＳ】
7531,Desordre G Leggings,德艾斯歐爾德爾艾裹腿【Ｇ】
7532,Desordre GF Leggings,德艾斯歐爾德爾艾裹腿【ＧＦ】
7533,Desordre GX Leggings,德艾斯歐爾德爾艾裹腿【ＧＸ】
7534,Carmine Feet Black,克阿爾米涅夫・黑
7535,Carmine F Feet Black,克阿爾米涅夫【Ｆ】・黑
7536,Carmine FZ Feet Black,克阿爾米涅夫【ＦＺ】・黑
7537,Carmine HS Feet Black,克阿爾米涅夫【ＨＳ】・黑
7538,Carmine GS Feet Black,克阿爾米涅夫【ＧＳ】・黑
7539,Carmine GP Feet Black,克阿爾米涅夫【ＧＰ】・黑
7540,Carmine Boots Black,克阿爾米涅靴・黑
7541,Carmine F Boots Black,克阿爾米涅靴【Ｆ】・黑
7542,Carmine FZ Boots Black,克阿爾米涅靴【ＦＺ】・黑
7543,Carmine HS Boots Black,克阿爾米涅靴【ＨＳ】・黑
7544,Carmine GS Boots Black,克阿爾米涅靴【ＧＳ】・黑
7545,Carmine GP Boots Black,克阿爾米涅靴【ＧＰ】・黑
7546,Carmine Feet Blue,克阿爾米涅夫・青
7547,Carmine F Feet Blue,克阿爾米涅夫【Ｆ】・青
7548,Carmine FZ Feet Blue,克阿爾米涅夫【ＦＺ】・青
7549,Carmine HS Feet Blue,克阿爾米涅夫【ＨＳ】・青
7550,Carmine GS Feet Blue,克阿爾米涅夫【ＧＳ】・青
7551,Carmine GP Feet Blue,克阿爾米涅夫【ＧＰ】・青
7552,Carmine Boots Blue,克阿爾米涅靴・青
7553,Carmine F Boots Blue,克阿爾米涅靴【Ｆ】・青
7554,Carmine FZ Boots Blue,克阿爾米涅靴【ＦＺ】・青
7555,Carmine HS Boots Blue,克阿爾米涅靴【ＨＳ】・青
7556,Carmine GS Boots Blue,克阿爾米涅靴【ＧＳ】・青
7557,Carmine GP Boots Blue,克阿爾米涅靴【ＧＰ】・青
7558,Carmine Feet Purple,克阿爾米涅夫・紫
7559,Carmine F Feet Purple,克阿爾米涅夫【Ｆ】・紫
7560,Carmine FZ Feet Purple,克阿爾米涅夫【ＦＺ】・紫
7561,Carmine HS Feet Purple,克阿爾米涅夫【ＨＳ】・紫
7562,Carmine GS Feet Purple,克阿爾米涅夫【ＧＳ】・紫
7563,Carmine GP Feet Purple,克阿爾米涅夫【ＧＰ】・紫
7564,Carmine Boots Purple,克阿爾米涅靴・紫
7565,Carmine F Boots Purple,克阿爾米涅靴【Ｆ】・紫
7566,Carmine FZ Boots Purple,克阿爾米涅靴【ＦＺ】・紫
7567,Carmine HS Boots Purple,克阿爾米涅靴【ＨＳ】・紫
7568,Carmine GS Boots Purple,克阿爾米涅靴【ＧＳ】・紫
7569,Carmine GP Boots Purple,克阿爾米涅靴【ＧＰ】・紫
7570,Carmine Feet White,克阿爾米涅夫・白
7571,Carmine F Feet White,克阿爾米涅夫【Ｆ】・白
7572,Carmine FZ Feet White,克阿爾米涅夫【ＦＺ】・白
7573,Carmine HS Feet White,克阿爾米涅夫【ＨＳ】・白
7574,Carmine GS Feet White,克阿爾米涅夫【ＧＳ】・白
7575,Carmine GP Feet White,克阿爾米涅夫【ＧＰ】・白
7576,Carmine Boots White,克阿爾米涅靴・白
7577,Carmine F Boots White,克阿爾米涅靴【Ｆ】・白
7578,Carmine FZ Boots White,克阿爾米涅靴【ＦＺ】・白
7579,Carmine HS Boots White,克阿爾米涅靴【ＨＳ】・白
7580,Carmine GS Boots White,克阿爾米涅靴【ＧＳ】・白
7581,Carmine GP Boots White,克阿爾米涅靴【ＧＰ】・白
7582,Ryu Feet・Red,爾尤夫伊特・赤
7583,Ryu F Feet・Red,爾尤夫伊特【Ｆ】・赤
7584,Ryu FZ Feet・Red,爾尤夫伊特【ＦＺ】・赤
7585,Ryu HS Feet・Red,爾尤夫伊特【ＨＳ】・赤
7586,Ryu GS Feet・Red,爾尤夫伊特【ＧＳ】・赤
7587,Ryu GP Feet・Red,爾尤夫伊特【ＧＰ】・赤
7588,Ryu Boots・Red,爾尤靴・赤
7589,Ryu F Boots・Red,爾尤靴【Ｆ】・赤
7590,Ryu FZ Boots・Red,爾尤靴【ＦＺ】・赤
7591,Ryu HS Boots・Red,爾尤靴【ＨＳ】・赤
7592,Ryu GS Boots・Red,爾尤靴【ＧＳ】・赤
7593,Ryu GP Boots・Red,爾尤靴【ＧＰ】・赤
7594,Ryu Feet・Blue,爾尤夫伊特・青
7595,Ryu F Feet・Blue,爾尤夫伊特【Ｆ】・青
7596,Ryu FZ Feet・Blue,爾尤夫伊特【ＦＺ】・青
7597,Ryu HS Feet・Blue,爾尤夫伊特【ＨＳ】・青
7598,Ryu GS Feet・Blue,爾尤夫伊特【ＧＳ】・青
7599,Ryu GP Feet・Blue,爾尤夫伊特【ＧＰ】・青
7600,Ryu Boots・Blue,爾尤靴・青
7601,Ryu F Boots・Blue,爾尤靴【Ｆ】・青
7602,Ryu FZ Boots・Blue,爾尤靴【ＦＺ】・青
7603,Ryu HS Boots・Blue,爾尤靴【ＨＳ】・青
7604,Ryu GS Boots・Blue,爾尤靴【ＧＳ】・青
7605,Ryu GP Boots・Blue,爾尤靴【ＧＰ】・青
7606,Ryu Feet・Orange,爾尤夫伊特・橙
7607,Ryu F Feet・Orange,爾尤夫伊特【Ｆ】・橙
7608,Ryu FZ Feet・Orange,爾尤夫伊特【ＦＺ】・橙
7609,Ryu HS Feet・Orange,爾尤夫伊特【ＨＳ】・橙
7610,Ryu GS Feet・Orange,爾尤夫伊特【ＧＳ】・橙
7611,Ryu GP Feet・Orange,爾尤夫伊特【ＧＰ】・橙
7612,Ryu Boots・Orange,爾尤靴・橙
7613,Ryu F Boots・Orange,爾尤靴【Ｆ】・橙
7614,Ryu FZ Boots・Orange,爾尤靴【ＦＺ】・橙
7615,Ryu HS Boots・Orange,爾尤靴【ＨＳ】・橙
7616,Ryu GS Boots・Orange,爾尤靴【ＧＳ】・橙
7617,Ryu GP Boots・Orange,爾尤靴【ＧＰ】・橙
7618,Ryu Feet・Yellow,爾尤夫伊特・黄
7619,Ryu F Feet・Yellow,爾尤夫伊特【Ｆ】・黄
7620,Ryu FZ Feet・Yellow,爾尤夫伊特【ＦＺ】・黄
7621,Ryu HS Feet・Yellow,爾尤夫伊特【ＨＳ】・黄
7622,Ryu GS Feet・Yellow,爾尤夫伊特【ＧＳ】・黄
7623,Ryu GP Feet・Yellow,爾尤夫伊特【ＧＰ】・黄
7624,Ryu Boots・Yellow,爾尤靴・黄
7625,Ryu F Boots・Yellow,爾尤靴【Ｆ】・黄
7626,Ryu FZ Boots・Yellow,爾尤靴【ＦＺ】・黄
7627,Ryu HS Boots・Yellow,爾尤靴【ＨＳ】・黄
7628,Ryu GS Boots・Yellow,爾尤靴【ＧＳ】・黄
7629,Ryu GP Boots・Yellow,爾尤靴【ＧＰ】・黄
7630,Carriage Feet,克阿爾里阿蓋
7631,Carriage F Feet,克阿爾里阿蓋【Ｆ】
7632,Carriage FZ Feet,克阿爾里阿蓋【ＦＺ】
7633,Carriage HS Feet,克阿爾里阿蓋【ＨＳ】
7634,Carriage GS Feet,克阿爾里阿蓋【ＧＳ】
7635,Carriage GP Feet,克阿爾里阿蓋【ＧＰ】
7636,Marble Feet,馬爾布勒夫伊
7637,Marble F Feet,馬爾布勒夫伊【Ｆ】
7638,Marble FZ Feet,馬爾布勒夫伊【ＦＺ】
7639,Marble HS Feet,馬爾布勒夫伊【ＨＳ】
7640,Marble GS Feet,馬爾布勒夫伊【ＧＳ】
7641,Marble GP Feet,馬爾布勒夫伊【ＧＰ】
7642,Shandy Feet,修阿恩德伊夫
7643,Shandy F Feet,修阿恩德伊夫【Ｆ】
7644,Shandy FZ Feet,修阿恩德伊夫【ＦＺ】
7645,Shandy HS Feet,修阿恩德伊夫【ＨＳ】
7646,Shandy GS Feet,修阿恩德伊夫【ＧＳ】
7647,Shandy GP Feet,修阿恩德伊夫【ＧＰ】
7648,Shandy Boots,夏恩德伊靴
7649,Shandy F Boots,夏恩德伊靴【Ｆ】
7650,Shandy FZ Boots,夏恩德伊靴【ＦＺ】
7651,Shandy HS Boots,夏恩德伊靴【ＨＳ】
7652,Shandy GS Boots,夏恩德伊靴【ＧＳ】
7653,Shandy GP Boots,夏恩德伊靴【ＧＰ】
7654,Banquet Feet,巴恩奎艾特夫
7655,Banquet F Feet,巴恩奎艾特夫【Ｆ】
7656,Banquet FZ Feet,巴恩奎艾特夫【ＦＺ】
7657,Banquet HS Feet,巴恩奎艾特夫【ＨＳ】
7658,Banquet GS Feet,巴恩奎艾特夫【ＧＳ】
7659,Banquet GP Feet,巴恩奎艾特夫【ＧＰ】
7660,ヴェラン Feet,
7661,ヴェランF Feet,
7662,ヴェランFZ Feet,
7663,ヴェランHS Feet,
7664,ヴェランGS Feet,
7665,ヴェランGP Feet,
7666,ランデグ Feet,
7667,ランデグF Feet,
7668,ランデグFZ Feet,
7669,ランデグHS Feet,
7670,ランデグGS Feet,
7671,ランデグGP Feet,
7672,ランデグ Boots,拉恩德古靴
7673,ランデグF Boots,拉恩德古靴【Ｆ】
7674,ランデグFZ Boots,拉恩德古靴【ＦＺ】
7675,ランデグHS Boots,拉恩德古靴【ＨＳ】
7676,ランデグGS Boots,拉恩德古靴【ＧＳ】
7677,ランデグGP Boots,拉恩德古靴【ＧＰ】
7678,Endre Feet,艾恩德雷夫伊
7679,Endre F Feet,艾恩德雷夫伊【Ｆ】
7680,Endre FZ Feet,艾恩德雷夫伊【ＦＺ】
7681,Endre HS Feet,艾恩德雷夫伊【ＨＳ】
7682,Endre GS Feet,艾恩德雷夫伊【ＧＳ】
7683,Endre GP Feet,艾恩德雷夫伊【ＧＰ】
7684,Endre Boots,艾恩德雷靴
7685,Endre F Boots,艾恩德雷靴【Ｆ】
7686,Endre FZ Boots,艾恩德雷靴【ＦＺ】
7687,Endre HS Boots,艾恩德雷靴【ＨＳ】
7688,Endre GS Boots,艾恩德雷靴【ＧＳ】
7689,Endre GP Boots,艾恩德雷靴【ＧＰ】
7690,Sagittario Feet Red,薩吉特塔里歐・赤
7691,Sagittario F Feet Red,薩吉特塔里歐【Ｆ】・赤
7692,Sagittario FZ Feet Red,薩吉特塔里歐【ＦＺ】・赤
7693,Sagittario HS Feet Red,薩吉特塔里歐【ＨＳ】・赤
7694,Sagittario GS Feet Red,薩吉特塔里歐【ＧＳ】・赤
7695,Sagittario GP Feet Red,薩吉特塔里歐【ＧＰ】・赤
7696,Sagittario Boots Red,薩吉特塔里歐靴・赤
7697,Sagittario F Boots Red,薩吉特塔里歐靴【Ｆ】・赤
7698,Sagittario FZ Boots Red,薩吉特塔里歐靴【ＦＺ】・赤
7699,Sagittario HS Boots Red,薩吉特塔里歐靴【ＨＳ】・赤
7700,Sagittario GS Boots Red,薩吉特塔里歐靴【ＧＳ】・赤
7701,Sagittario GP Boots Red,薩吉特塔里歐靴【ＧＰ】・赤
7702,Sagittario Feet Blue,薩吉特塔里歐・青
7703,Sagittario F Feet Blue,薩吉特塔里歐【Ｆ】・青
7704,Sagittario FZ Feet Blue,薩吉特塔里歐【ＦＺ】・青
7705,Sagittario HS Feet Blue,薩吉特塔里歐【ＨＳ】・青
7706,Sagittario GS Feet Blue,薩吉特塔里歐【ＧＳ】・青
7707,Sagittario GP Feet Blue,薩吉特塔里歐【ＧＰ】・青
7708,Sagittario Boots Blue,薩吉特塔里歐靴・青
7709,Sagittario F Boots Blue,薩吉特塔里歐靴【Ｆ】・青
7710,Sagittario FZ Boots Blue,薩吉特塔里歐靴【ＦＺ】・青
7711,Sagittario HS Boots Blue,薩吉特塔里歐靴【ＨＳ】・青
7712,Sagittario GS Boots Blue,薩吉特塔里歐靴【ＧＳ】・青
7713,Sagittario GP Boots Blue,薩吉特塔里歐靴【ＧＰ】・青
7714,Sagittario Feet Purple,薩吉特塔里歐・紫
7715,Sagittario F Feet Purple,薩吉特塔里歐【Ｆ】・紫
7716,Sagittario FZ Feet Purple,薩吉特塔里歐【ＦＺ】・紫
7717,Sagittario HS Feet Purple,薩吉特塔里歐【ＨＳ】・紫
7718,Sagittario GS Feet Purple,薩吉特塔里歐【ＧＳ】・紫
7719,Sagittario GP Feet Purple,薩吉特塔里歐【ＧＰ】・紫
7720,Sagittario Boots Purple,薩吉特塔里歐靴・紫
7721,Sagittario F Boots Purple,薩吉特塔里歐靴【Ｆ】・紫
7722,Sagittario FZ Boots Purple,薩吉特塔里歐靴【ＦＺ】・紫
7723,Sagittario HS Boots Purple,薩吉特塔里歐靴【ＨＳ】・紫
7724,Sagittario GS Boots Purple,薩吉特塔里歐靴【ＧＳ】・紫
7725,Sagittario GP Boots Purple,薩吉特塔里歐靴【ＧＰ】・紫
7726,Sagittario Feet Green,薩吉特塔里歐・緑
7727,Sagittario F Feet Green,薩吉特塔里歐【Ｆ】・緑
7728,Sagittario FZ Feet Green,薩吉特塔里歐【ＦＺ】・緑
7729,Sagittario HS Feet Green,薩吉特塔里歐【ＨＳ】・緑
7730,Sagittario GS Feet Green,薩吉特塔里歐【ＧＳ】・緑
7731,Sagittario GP Feet Green,薩吉特塔里歐【ＧＰ】・緑
7732,Sagittario Boots Green,薩吉特塔里歐靴・緑
7733,Sagittario F Boots Green,薩吉特塔里歐靴【Ｆ】・緑
7734,Sagittario FZ Boots Green,薩吉特塔里歐靴【ＦＺ】・緑
7735,Sagittario HS Boots Green,薩吉特塔里歐靴【ＨＳ】・緑
7736,Sagittario GS Boots Green,薩吉特塔里歐靴【ＧＳ】・緑
7737,Sagittario GP Boots Green,薩吉特塔里歐靴【ＧＰ】・緑
7738,Nina Feet・Red,尼納夫伊特・赤
7739,Nina F Feet・Red,尼納夫伊特【Ｆ】・赤
7740,Nina FZ Feet・Red,尼納夫伊特【ＦＺ】・赤
7741,Nina HS Feet・Red,尼納夫伊特【ＨＳ】・赤
7742,Nina GS Feet・Red,尼納夫伊特【ＧＳ】・赤
7743,Nina GP Feet・Red,尼納夫伊特【ＧＰ】・赤
7744,Nina Boots・Red,尼納靴・赤
7745,Nina F Boots・Red,尼納靴【Ｆ】・赤
7746,Nina FZ Boots・Red,尼納靴【ＦＺ】・赤
7747,Nina HS Boots・Red,尼納靴【ＨＳ】・赤
7748,Nina GS Boots・Red,尼納靴【ＧＳ】・赤
7749,Nina GP Boots・Red,尼納靴【ＧＰ】・赤
7750,Nina Feet・Green,尼納夫伊特・緑
7751,Nina F Feet・Green,尼納夫伊特【Ｆ】・緑
7752,Nina FZ Feet・Green,尼納夫伊特【ＦＺ】・緑
7753,Nina HS Feet・Green,尼納夫伊特【ＨＳ】・緑
7754,Nina GS Feet・Green,尼納夫伊特【ＧＳ】・緑
7755,Nina GP Feet・Green,尼納夫伊特【ＧＰ】・緑
7756,Nina Boots・Green,尼納靴・緑
7757,Nina F Boots・Green,尼納靴【Ｆ】・緑
7758,Nina FZ Boots・Green,尼納靴【ＦＺ】・緑
7759,Nina HS Boots・Green,尼納靴【ＨＳ】・緑
7760,Nina GS Boots・Green,尼納靴【ＧＳ】・緑
7761,Nina GP Boots・Green,尼納靴【ＧＰ】・緑
7762,Nina Feet・Peach,尼納夫伊特・桃
7763,Nina F Feet・Peach,尼納夫伊特【Ｆ】・桃
7764,Nina FZ Feet・Peach,尼納夫伊特【ＦＺ】・桃
7765,Nina HS Feet・Peach,尼納夫伊特【ＨＳ】・桃
7766,Nina GS Feet・Peach,尼納夫伊特【ＧＳ】・桃
7767,Nina GP Feet・Peach,尼納夫伊特【ＧＰ】・桃
7768,Nina Boots・Peach,尼納靴・桃
7769,Nina F Boots・Peach,尼納靴【Ｆ】・桃
7770,Nina FZ Boots・Peach,尼納靴【ＦＺ】・桃
7771,Nina HS Boots・Peach,尼納靴【ＨＳ】・桃
7772,Nina GS Boots・Peach,尼納靴【ＧＳ】・桃
7773,Nina GP Boots・Peach,尼納靴【ＧＰ】・桃
7774,Nina Feet・Blue,尼納夫伊特・青
7775,Nina F Feet・Blue,尼納夫伊特【Ｆ】・青
7776,Nina FZ Feet・Blue,尼納夫伊特【ＦＺ】・青
7777,Nina HS Feet・Blue,尼納夫伊特【ＨＳ】・青
7778,Nina GS Feet・Blue,尼納夫伊特【ＧＳ】・青
7779,Nina GP Feet・Blue,尼納夫伊特【ＧＰ】・青
7780,Nina Boots・Blue,尼納靴・青
7781,Nina F Boots・Blue,尼納靴【Ｆ】・青
7782,Nina FZ Boots・Blue,尼納靴【ＦＺ】・青
7783,Nina HS Boots・Blue,尼納靴【ＨＳ】・青
7784,Nina GS Boots・Blue,尼納靴【ＧＳ】・青
7785,Nina GP Boots・Blue,尼納靴【ＧＰ】・青
7786,Harze Feet,哈爾澤夫伊特
7787,Harze F Feet,哈爾澤夫伊特【Ｆ】
7788,Harze FZ Feet,哈爾澤夫伊特【ＦＺ】
7789,Harze HS Feet,哈爾澤夫伊特【ＨＳ】
7790,Harze GS Feet,哈爾澤夫伊特【ＧＳ】
7791,Harze GP Feet,哈爾澤夫伊特【ＧＰ】
7792,Harze Boots,哈澤靴
7793,Harze F Boots,哈澤靴【Ｆ】
7794,Harze FZ Boots,哈澤靴【ＦＺ】
7795,Harze HS Boots,哈澤靴【ＨＳ】
7796,Harze GS Boots,哈澤靴【ＧＳ】
7797,Harze GP Boots,哈澤靴【ＧＰ】
7798,Kuaru G Greaves,晶龍護腿【Ｇ】
7799,Kuaru GF Greaves,晶龍護腿【ＧＦ】
7800,Kuaru GX Greaves,晶龍護腿【ＧＸ】
7801,Kuaru G Leggings,晶龍裹腿【Ｇ】
7802,Kuaru GF Leggings,晶龍裹腿【ＧＦ】
7803,Kuaru GX Leggings,晶龍裹腿【ＧＸ】
7804,Empress G Greaves,女帝護腿【Ｇ】
7805,Empress GF Greaves,女帝護腿【ＧＦ】
7806,Empress GX Greaves,女帝護腿【ＧＸ】
7807,Empress G Leggings,女帝裹腿【Ｇ】
7808,Empress GF Leggings,女帝裹腿【ＧＦ】
7809,Empress GX Leggings,女帝裹腿【ＧＸ】
7810,Genesis G [Greaves 】,蓋涅西斯護腿【Ｇ】
7811,Genesis GF [Greaves 】,蓋涅西斯護腿【ＧＦ】
7812,Genesis GX [Greaves 】,蓋涅西斯護腿【ＧＸ】
7813,Motion G [Greaves 】,莫辛護腿【Ｇ】
7814,Motion GF [Greaves 】,莫辛護腿【ＧＦ】
7815,Motion GX [Greaves 】,莫辛護腿【ＧＸ】
7816,Pobo Greaves,波波護腿
7817,Pobo F Greaves,波波護腿【Ｆ】
7818,Pobo FX Greaves,波波護腿【ＦＸ】
7819,Pobo G Greaves,波波護腿【Ｇ】
7820,Pobo GF Greaves,波波護腿【ＧＦ】
7821,Pobo Leggings,波波裹腿
7822,Pobo F Leggings,波波裹腿【Ｆ】
7823,Pobo FX Leggings,波波裹腿【ＦＸ】
7824,Pobo G Leggings,波波裹腿【Ｇ】
7825,Pobo GF Leggings,波波裹腿【ＧＦ】
7826,Rath Soul G Greaves,火龍魂護腿【Ｇ】
7827,Rath Soul GF Greaves,火龍魂護腿【ＧＦ】
7828,Rath Soul GX Greaves,火龍魂護腿【ＧＸ】
7829,Rath Soul G Leggings,火龍魂裹腿【Ｇ】
7830,Rath Soul GF Leggings,火龍魂裹腿【ＧＦ】
7831,Rath Soul GX Leggings,火龍魂裹腿【ＧＸ】
7832,Rath Heart G Greaves,火龍心護腿【Ｇ】
7833,Rath Heart GF Greaves,火龍心護腿【ＧＦ】
7834,Rath Heart GX Greaves,火龍心護腿【ＧＸ】
7835,Rath Heart G Leggings,火龍心裹腿【Ｇ】
7836,Rath Heart GF Leggings,火龍心裹腿【ＧＦ】
7837,Rath Heart GX Leggings,火龍心裹腿【ＧＸ】
7838,Shatemu Boots,修阿特穆靴
7839,Shatemu F Boots,修阿特穆靴【Ｆ】
7840,Shatemu FZ Boots,修阿特穆靴【ＦＺ】
7841,Shatemu HS Boots,修阿特穆靴【ＨＳ】
7842,Shatemu GS Boots,修阿特穆靴【ＧＳ】
7843,Shatemu GP Boots,修阿特穆靴【ＧＰ】
7844,Shatemu Leggings,修阿特穆裹腿
7845,Shatemu F Leggings,修阿特穆裹腿【Ｆ】
7846,Shatemu FZ Leggings,修阿特穆裹腿【ＦＺ】
7847,Shatemu HS Leggings,修阿特穆裹腿【ＨＳ】
7848,Shatemu GS Leggings,修阿特穆裹腿【ＧＳ】
7849,Shatemu GP Leggings,修阿特穆裹腿【ＧＰ】
7850,Hevria Boots,哈艾維爾伊阿靴
7851,Hevria F Boots,哈艾維爾伊阿靴【Ｆ】
7852,Hevria FZ Boots,哈艾維爾伊阿靴【ＦＺ】
7853,Hevria HS Boots,哈艾維爾伊阿靴【ＨＳ】
7854,Hevria GS Boots,哈艾維爾伊阿靴【ＧＳ】
7855,Hevria GP Boots,哈艾維爾伊阿靴【ＧＰ】
7856,Hevria Leggings,哈艾維爾伊阿裹腿
7857,Hevria F Leggings,哈艾維爾伊阿裹腿【Ｆ】
7858,Hevria FZ Leggings,哈艾維爾伊阿裹腿【ＦＺ】
7859,Hevria HS Leggings,哈艾維爾伊阿裹腿【ＨＳ】
7860,Hevria GS Leggings,哈艾維爾伊阿裹腿【ＧＳ】
7861,Hevria GP Leggings,哈艾維爾伊阿裹腿【ＧＰ】
7862,Tiuru Boots,提烏魯靴
7863,Tiuru F Boots,提烏魯靴【Ｆ】
7864,Tiuru FZ Boots,提烏魯靴【ＦＺ】
7865,Tiuru HS Boots,提烏魯靴【ＨＳ】
7866,Tiuru GS Boots,提烏魯靴【ＧＳ】
7867,Tiuru GP Boots,提烏魯靴【ＧＰ】
7868,Tiuru Leggings,提烏魯裹腿
7869,Tiuru F Leggings,提烏魯裹腿【Ｆ】
7870,Tiuru FZ Leggings,提烏魯裹腿【ＦＺ】
7871,Tiuru HS Leggings,提烏魯裹腿【ＨＳ】
7872,Tiuru GS Leggings,提烏魯裹腿【ＧＳ】
7873,Tiuru GP Leggings,提烏魯裹腿【ＧＰ】
7874,Bande Feet・Blue,巴恩德夫伊特・青
7875,Bande F Feet・Blue,巴恩德夫伊特【Ｆ】・青
7876,Bande FZ Feet・Blue,巴恩德夫伊特【ＦＺ】・青
7877,Bande HS Feet・Blue,巴恩德夫伊特【ＨＳ】・青
7878,Bande GS Feet・Blue,巴恩德夫伊特【ＧＳ】・青
7879,Bande GP Feet・Blue,巴恩德夫伊特【ＧＰ】・青
7880,Bande Boots・Blue,巴恩德靴・青
7881,Bande F Boots・Blue,巴恩德靴【Ｆ】・青
7882,Bande FZ Boots・Blue,巴恩德靴【ＦＺ】・青
7883,Bande HS Boots・Blue,巴恩德靴【ＨＳ】・青
7884,Bande GS Boots・Blue,巴恩德靴【ＧＳ】・青
7885,Bande GP Boots・Blue,巴恩德靴【ＧＰ】・青
7886,Bande Feet・Red,巴恩德夫伊特・赤
7887,Bande F Feet・Red,巴恩德夫伊特【Ｆ】・赤
7888,Bande FZ Feet・Red,巴恩德夫伊特【ＦＺ】・赤
7889,Bande HS Feet・Red,巴恩德夫伊特【ＨＳ】・赤
7890,Bande GS Feet・Red,巴恩德夫伊特【ＧＳ】・赤
7891,Bande GP Feet・Red,巴恩德夫伊特【ＧＰ】・赤
7892,Bande Boots・Red,巴恩德靴・赤
7893,Bande F Boots・Red,巴恩德靴【Ｆ】・赤
7894,Bande FZ Boots・Red,巴恩德靴【ＦＺ】・赤
7895,Bande HS Boots・Red,巴恩德靴【ＨＳ】・赤
7896,Bande GS Boots・Red,巴恩德靴【ＧＳ】・赤
7897,Bande GP Boots・Red,巴恩德靴【ＧＰ】・赤
7898,Bande Feet・Green,巴恩德夫伊特・緑
7899,Bande F Feet・Green,巴恩德夫伊特【Ｆ】・緑
7900,Bande FZ Feet・Green,巴恩德夫伊特【ＦＺ】・緑
7901,Bande HS Feet・Green,巴恩德夫伊特【ＨＳ】・緑
7902,Bande GS Feet・Green,巴恩德夫伊特【ＧＳ】・緑
7903,Bande GP Feet・Green,巴恩德夫伊特【ＧＰ】・緑
7904,Bande Boots・Green,巴恩德靴・緑
7905,Bande F Boots・Green,巴恩德靴【Ｆ】・緑
7906,Bande FZ Boots・Green,巴恩德靴【ＦＺ】・緑
7907,Bande HS Boots・Green,巴恩德靴【ＨＳ】・緑
7908,Bande GS Boots・Green,巴恩德靴【ＧＳ】・緑
7909,Bande GP Boots・Green,巴恩德靴【ＧＰ】・緑
7910,Bande Feet・Black,巴恩德夫伊特・黑
7911,Bande F Feet・Black,巴恩德夫伊特【Ｆ】・黑
7912,Bande FZ Feet・Black,巴恩德夫伊特【ＦＺ】・黑
7913,Bande HS Feet・Black,巴恩德夫伊特【ＨＳ】・黑
7914,Bande GS Feet・Black,巴恩德夫伊特【ＧＳ】・黑
7915,Bande GP Feet・Black,巴恩德夫伊特【ＧＰ】・黑
7916,Bande Boots・Black,巴恩德靴・黑
7917,Bande F Boots・Black,巴恩德靴【Ｆ】・黑
7918,Bande FZ Boots・Black,巴恩德靴【ＦＺ】・黑
7919,Bande HS Boots・Black,巴恩德靴【ＨＳ】・黑
7920,Bande GS Boots・Black,巴恩德靴【ＧＳ】・黑
7921,Bande GP Boots・Black,巴恩德靴【ＧＰ】・黑
7922,Tenpi Legs・Red,特恩皮腿甲・赤
7923,Tenpi Legs F・Red,特恩皮腿甲【Ｆ】・赤
7924,Tenpi Legs FZ・Red,特恩皮腿甲【ＦＺ】・赤
7925,Tenpi Legs HS・Red,特恩皮腿甲【ＨＳ】・赤
7926,Tenpi Legs GS・Red,特恩皮腿甲【ＧＳ】・赤
7927,Tenpi Legs GP・Red,特恩皮腿甲【ＧＰ】・赤
7928,Tenpi Greaves・Red,特恩皮護腿・赤
7929,Tenpi Greaves F・Red,特恩皮護腿【Ｆ】・赤
7930,Tenpi Greaves FZ・Red,特恩皮護腿【ＦＺ】・赤
7931,Tenpi Greaves HS・Red,特恩皮護腿【ＨＳ】・赤
7932,Tenpi Greaves GS・Red,特恩皮護腿【ＧＳ】・赤
7933,Tenpi Greaves GP・Red,特恩皮護腿【ＧＰ】・赤
7934,Tenpi Legs・Blue,特恩皮腿甲・青
7935,Tenpi Legs F・Blue,特恩皮腿甲【Ｆ】・青
7936,Tenpi Legs FZ・Blue,特恩皮腿甲【ＦＺ】・青
7937,Tenpi Legs HS・Blue,特恩皮腿甲【ＨＳ】・青
7938,Tenpi Legs GS・Blue,特恩皮腿甲【ＧＳ】・青
7939,Tenpi Legs GP・Blue,特恩皮腿甲【ＧＰ】・青
7940,Tenpi Greaves・Blue,特恩皮護腿・青
7941,Tenpi Greaves F・Blue,特恩皮護腿【Ｆ】・青
7942,Tenpi Greaves FZ・Blue,特恩皮護腿【ＦＺ】・青
7943,Tenpi Greaves HS・Blue,特恩皮護腿【ＨＳ】・青
7944,Tenpi Greaves GS・Blue,特恩皮護腿【ＧＳ】・青
7945,Tenpi Greaves GP・Blue,特恩皮護腿【ＧＰ】・青
7946,Tenpi Legs・Black,特恩皮腿甲・黑
7947,Tenpi Legs F・Black,特恩皮腿甲【Ｆ】・黑
7948,Tenpi Legs FZ・Black,特恩皮腿甲【ＦＺ】・黑
7949,Tenpi Legs HS・Black,特恩皮腿甲【ＨＳ】・黑
7950,Tenpi Legs GS・Black,特恩皮腿甲【ＧＳ】・黑
7951,Tenpi Legs GP・Black,特恩皮腿甲【ＧＰ】・黑
7952,Tenpi Greaves・Black,特恩皮護腿・黑
7953,Tenpi Greaves F・Black,特恩皮護腿【Ｆ】・黑
7954,Tenpi Greaves FZ・Black,特恩皮護腿【ＦＺ】・黑
7955,Tenpi Greaves HS・Black,特恩皮護腿【ＨＳ】・黑
7956,Tenpi Greaves GS・Black,特恩皮護腿【ＧＳ】・黑
7957,Tenpi Greaves GP・Black,特恩皮護腿【ＧＰ】・黑
7958,Tenpi Legs・White,特恩皮腿甲・白
7959,Tenpi Legs F・White,特恩皮腿甲【Ｆ】・白
7960,Tenpi Legs FZ・White,特恩皮腿甲【ＦＺ】・白
7961,Tenpi Legs HS・White,特恩皮腿甲【ＨＳ】・白
7962,Tenpi Legs GS・White,特恩皮腿甲【ＧＳ】・白
7963,Tenpi Legs GP・White,特恩皮腿甲【ＧＰ】・白
7964,Tenpi Greaves・White,特恩皮護腿・白
7965,Tenpi Greaves F・White,特恩皮護腿【Ｆ】・白
7966,Tenpi Greaves FZ・White,特恩皮護腿【ＦＺ】・白
7967,Tenpi Greaves HS・White,特恩皮護腿【ＨＳ】・白
7968,Tenpi Greaves GS・White,特恩皮護腿【ＧＳ】・白
7969,Tenpi Greaves GP・White,特恩皮護腿【ＧＰ】・白
7970,Tenpi ノ鉄衣・Red,鉄衣・赤
7971,Tenpi ノ鉄衣F・Red,鉄衣・赤
7972,Tenpi ノ鉄衣FZ・Red,鉄衣・赤
7973,Tenpi ノ鉄衣HS・Red,鉄衣・赤
7974,Tenpi ノ鉄衣GS・Red,鉄衣・赤
7975,Tenpi ノ鉄衣GP・Red,鉄衣・赤
7976,Tenpi Foot 着・Red,着・赤
7977,Tenpi Foot 着F・Red,着・赤
7978,Tenpi Foot 着FZ・Red,着・赤
7979,Tenpi Foot 着HS・Red,着・赤
7980,Tenpi Foot 着GS・Red,着・赤
7981,Tenpi Foot 着GP・Red,着・赤
7982,Tenpi ノ鉄衣・Blue,鉄衣・青
7983,Tenpi ノ鉄衣F・Blue,鉄衣・青
7984,Tenpi ノ鉄衣FZ・Blue,鉄衣・青
7985,Tenpi ノ鉄衣HS・Blue,鉄衣・青
7986,Tenpi ノ鉄衣GS・Blue,鉄衣・青
7987,Tenpi ノ鉄衣GP・Blue,鉄衣・青
7988,Tenpi Foot 着・Blue,着・青
7989,Tenpi Foot 着F・Blue,着・青
7990,Tenpi Foot 着FZ・Blue,着・青
7991,Tenpi Foot 着HS・Blue,着・青
7992,Tenpi Foot 着GS・Blue,着・青
7993,Tenpi Foot 着GP・Blue,着・青
7994,Tenpi ノ鉄衣・Black,鉄衣・黑
7995,Tenpi ノ鉄衣F・Black,鉄衣・黑
7996,Tenpi ノ鉄衣FZ・Black,鉄衣・黑
7997,Tenpi ノ鉄衣HS・Black,鉄衣・黑
7998,Tenpi ノ鉄衣GS・Black,鉄衣・黑
7999,Tenpi ノ鉄衣GP・Black,鉄衣・黑
8000,Tenpi Foot 着・Black,着・黑
8001,Tenpi Foot 着F・Black,着・黑
8002,Tenpi Foot 着FZ・Black,着・黑
8003,Tenpi Foot 着HS・Black,着・黑
8004,Tenpi Foot 着GS・Black,着・黑
8005,Tenpi Foot 着GP・Black,着・黑
8006,Tenpi ノ鉄衣・White,鉄衣・白
8007,Tenpi ノ鉄衣F・White,鉄衣・白
8008,Tenpi ノ鉄衣FZ・White,鉄衣・白
8009,Tenpi ノ鉄衣HS・White,鉄衣・白
8010,Tenpi ノ鉄衣GS・White,鉄衣・白
8011,Tenpi ノ鉄衣GP・White,鉄衣・白
8012,Tenpi Foot 着・White,着・白
8013,Tenpi Foot 着F・White,着・白
8014,Tenpi Foot 着FZ・White,着・白
8015,Tenpi Foot 着HS・White,着・白
8016,Tenpi Foot 着GS・White,着・白
8017,Tenpi Foot 着GP・White,着・白
8018,Ruban Feet,魯巴恩夫伊特
8019,Ruban F Feet,魯巴恩夫伊特【Ｆ】
8020,Ruban FZ Feet,魯巴恩夫伊特【ＦＺ】
8021,Ruban HS Feet,魯巴恩夫伊特【ＨＳ】
8022,Ruban GS Feet,魯巴恩夫伊特【ＧＳ】
8023,Ruban GP Feet,魯巴恩夫伊特【ＧＰ】
8024,Ruban Leg,爾烏布阿恩腿
8025,Ruban F Leg,爾烏布阿恩腿【Ｆ】
8026,Ruban FZ Leg,爾烏布阿恩腿【ＦＺ】
8027,Ruban HS Leg,爾烏布阿恩腿【ＨＳ】
8028,Ruban GS Leg,爾烏布阿恩腿【ＧＳ】
8029,Ruban GP Leg,爾烏布阿恩腿【ＧＰ】
8030,Orloj Boots,歐爾勒歐杰靴
8031,Orloj F Boots,歐爾勒歐杰靴【Ｆ】
8032,Orloj FZ Boots,歐爾勒歐杰靴【ＦＺ】
8033,Orloj HS Boots,歐爾勒歐杰靴【ＨＳ】
8034,Orloj GS Boots,歐爾勒歐杰靴【ＧＳ】
8035,Orloj GP Boots,歐爾勒歐杰靴【ＧＰ】
8036,Orloj Leggings,歐爾勒歐杰裹腿
8037,Orloj F Leggings,歐爾勒歐杰裹腿【Ｆ】
8038,Orloj FZ Leggings,歐爾勒歐杰裹腿【ＦＺ】
8039,Orloj HS Leggings,歐爾勒歐杰裹腿【ＨＳ】
8040,Orloj GS Leggings,歐爾勒歐杰裹腿【ＧＳ】
8041,Orloj GP Leggings,歐爾勒歐杰裹腿【ＧＰ】
8042,L'Amore Feet,拉莫雷夫伊特
8043,L'Amore F Feet,拉莫雷夫伊特【Ｆ】
8044,L'Amore FZ Feet,拉莫雷夫伊特【ＦＺ】
8045,L'Amore HS Feet,拉莫雷夫伊特【ＨＳ】
8046,L'Amore GS Feet,拉莫雷夫伊特【ＧＳ】
8047,L'Amore GP Feet,拉莫雷夫伊特【ＧＰ】
8048,L'Amore Leg,爾阿莫雷腿
8049,L'Amore F Leg,爾阿莫雷腿【Ｆ】
8050,L'Amore FZ Leg,爾阿莫雷腿【ＦＺ】
8051,L'Amore HS Leg,爾阿莫雷腿【ＨＳ】
8052,L'Amore GS Leg,爾阿莫雷腿【ＧＳ】
8053,L'Amore GP Leg,爾阿莫雷腿【ＧＰ】
8054,Dolce Feet,多爾克艾夫伊
8055,Dolce F Feet,多爾克艾夫伊【Ｆ】
8056,Dolce FZ Feet,多爾克艾夫伊【ＦＺ】
8057,Dolce HS Feet,多爾克艾夫伊【ＨＳ】
8058,Dolce GS Feet,多爾克艾夫伊【ＧＳ】
8059,Dolce GP Feet,多爾克艾夫伊【ＧＰ】
8060,Dolce Leg,德歐勒克艾腿
8061,Dolce F Leg,德歐勒克艾腿【Ｆ】
8062,Dolce FZ Leg,德歐勒克艾腿【ＦＺ】
8063,Dolce HS Leg,德歐勒克艾腿【ＨＳ】
8064,Dolce GS Leg,德歐勒克艾腿【ＧＳ】
8065,Dolce GP Leg,德歐勒克艾腿【ＧＰ】
8066,Bendi Greaves,怪轟龍腕護腿
8067,Bendi F Greaves,怪轟龍腕護腿【Ｆ】
8068,Bendi FZ Greaves,怪轟龍腕護腿【ＦＺ】
8069,Bendi HS Greaves,怪轟龍腕護腿【ＨＳ】
8070,Bendi GS Greaves,怪轟龍腕護腿【ＧＳ】
8071,Bendi GP Greaves,怪轟龍腕護腿【ＧＰ】
8072,Bendi Leggings,怪轟龍腕裹腿
8073,Bendi F Leggings,怪轟龍腕裹腿【Ｆ】
8074,Bendi FZ Leggings,怪轟龍腕裹腿【ＦＺ】
8075,Bendi HS Leggings,怪轟龍腕裹腿【ＨＳ】
8076,Bendi GS Leggings,怪轟龍腕裹腿【ＧＳ】
8077,Bendi GP Leggings,怪轟龍腕裹腿【ＧＰ】
8078,Revenants Heel,雷夫艾納恩特
8079,Revenants F Heel,雷夫艾納恩特【Ｆ】
8080,Revenants FZ Heel,雷夫艾納恩特【ＦＺ】
8081,Revenants HS Heel,雷夫艾納恩特【ＨＳ】
8082,Revenants GS Heel,雷夫艾納恩特【ＧＳ】
8083,Revenants GP Heel,雷夫艾納恩特【ＧＰ】
8084,Revenants March,雷夫艾納恩特
8085,Revenants F March,雷夫艾納恩特【Ｆ】
8086,Revenants FZ March,雷夫艾納恩特【ＦＺ】
8087,Revenants HS March,雷夫艾納恩特【ＨＳ】
8088,Revenants GS March,雷夫艾納恩特【ＧＳ】
8089,Revenants GP March,雷夫艾納恩特【ＧＰ】
8090,Lucis F Feet,魯克伊斯夫伊【Ｆ】
8091,Lucis HS Feet,魯克伊斯夫伊【ＨＳ】
8092,Lucis GS Feet,魯克伊斯夫伊【ＧＳ】
8093,Lucis GP Feet,魯克伊斯夫伊【ＧＰ】
8094,Lucis F Boots,爾烏克伊斯靴【Ｆ】
8095,Lucis HS Boots,爾烏克伊斯靴【ＨＳ】
8096,Lucis GS Boots,爾烏克伊斯靴【ＧＳ】
8097,Lucis GP Boots,爾烏克伊斯靴【ＧＰ】
8098,Risaaza HS Feet,里薩阿扎夫伊【ＨＳ】
8099,Risaaza GS Feet,里薩阿扎夫伊【ＧＳ】
8100,Risaaza GP Feet,里薩阿扎夫伊【ＧＰ】
8101,Risaaza HS Boots,里薩阿扎靴【ＨＳ】
8102,Risaaza GS Boots,里薩阿扎靴【ＧＳ】
8103,Risaaza GP Boots,里薩阿扎靴【ＧＰ】
8104,Anteka Feet,阿恩特可夫伊
8105,Anteka F Feet,阿恩特可夫伊【Ｆ】
8106,Anteka FY Feet,阿恩特可夫伊
8107,Anteka HS Feet,阿恩特可夫伊【ＨＳ】
8108,Anteka G Feet,阿恩特可夫伊【Ｇ】
8109,Anteka GF Feet,阿恩特可夫伊【ＧＦ】
8110,Anteka GX Feet,阿恩特可夫伊【ＧＸ】
8111,Quoiz Feet,奎歐伊茲夫伊
8112,Quoiz F Feet,奎歐伊茲夫伊【Ｆ】
8113,Quoiz FY Feet,奎歐伊茲夫伊
8114,Quoiz HS Feet,奎歐伊茲夫伊【ＨＳ】
8115,Quoiz G Feet,奎歐伊茲夫伊【Ｇ】
8116,Quoiz GF Feet,奎歐伊茲夫伊【ＧＦ】
8117,Quoiz GX Feet,奎歐伊茲夫伊【ＧＸ】
8118,Quoiz Leggings,克烏歐伊茲裹腿
8119,Quoiz F Leggings,克烏歐伊茲裹腿【Ｆ】
8120,Quoiz FY Leggings,克烏歐伊茲夫伊裹腿
8121,Quoiz HS Leggings,克烏歐伊茲裹腿【ＨＳ】
8122,Quoiz G Leggings,克烏歐伊茲裹腿【Ｇ】
8123,Quoiz GF Leggings,克烏歐伊茲裹腿【ＧＦ】
8124,Quoiz GX Leggings,克烏歐伊茲裹腿【ＧＸ】
8125,Kalais Feet,可拉伊斯夫伊
8126,Kalais F Feet,可拉伊斯夫伊【Ｆ】
8127,Kalais FY Feet,可拉伊斯夫伊
8128,Kalais HS Feet,可拉伊斯夫伊【ＨＳ】
8129,Kalais G Feet,可拉伊斯夫伊【Ｇ】
8130,Kalais GF Feet,可拉伊斯夫伊【ＧＦ】
8131,Kalais GX Feet,可拉伊斯夫伊【ＧＸ】
8132,Kalais Leggings,可爾阿伊斯裹腿
8133,Kalais F Leggings,可爾阿伊斯裹腿【Ｆ】
8134,Kalais FY Leggings,可爾阿伊斯夫伊裹腿
8135,Kalais HS Leggings,可爾阿伊斯裹腿【ＨＳ】
8136,Kalais G Leggings,可爾阿伊斯裹腿【Ｇ】
8137,Kalais GF Leggings,可爾阿伊斯裹腿【ＧＦ】
8138,Kalais GX Leggings,可爾阿伊斯裹腿【ＧＸ】
8139,Yoruti Greaves,約爾提護腿
8140,Yoruti F Greaves,約爾提護腿【Ｆ】
8141,Yoruti FY Greaves,約爾提護腿
8142,Yoruti HS Greaves,約爾提護腿【ＨＳ】
8143,Yoruti G Greaves,約爾提護腿【Ｇ】
8144,Yoruti GF Greaves,約爾提護腿【ＧＦ】
8145,Yoruti GX Greaves,約爾提護腿【ＧＸ】
8146,Yoruti Leggings,約爾提裹腿
8147,Yoruti F Leggings,約爾提裹腿【Ｆ】
8148,Yoruti FY Leggings,約爾提裹腿
8149,Yoruti HS Leggings,約爾提裹腿【ＨＳ】
8150,Yoruti G Leggings,約爾提裹腿【Ｇ】
8151,Yoruti GF Leggings,約爾提裹腿【ＧＦ】
8152,Yoruti GX Leggings,約爾提裹腿【ＧＸ】
8153,Haragan Greaves,哈阿爾阿格阿恩護腿
8154,Haragan F Greaves,哈阿爾阿格阿恩護腿【Ｆ】
8155,Haragan FY Greaves,哈阿爾阿格阿恩腕護腿
8156,Haragan HS Greaves,哈阿爾阿格阿恩護腿【ＨＳ】
8157,Haragan G Greaves,哈阿爾阿格阿恩護腿【Ｇ】
8158,Haragan GF Greaves,哈阿爾阿格阿恩護腿【ＧＦ】
8159,Haragan GX Greaves,哈阿爾阿格阿恩護腿【ＧＸ】
8160,Haragan Leggings,哈阿爾阿格阿恩裹腿
8161,Haragan F Leggings,哈阿爾阿格阿恩裹腿【Ｆ】
8162,Haragan FY Leggings,哈阿爾阿格阿恩腕裹腿
8163,Haragan HS Leggings,哈阿爾阿格阿恩裹腿【ＨＳ】
8164,Haragan G Leggings,哈阿爾阿格阿恩裹腿【Ｇ】
8165,Haragan GF Leggings,哈阿爾阿格阿恩裹腿【ＧＦ】
8166,Haragan GX Leggings,哈阿爾阿格阿恩裹腿【ＧＸ】
8167,Rios Greaves,爾伊歐斯護腿
8168,Rios F Greaves,爾伊歐斯護腿【Ｆ】
8169,Rios FY Greaves,爾伊歐斯腕護腿
8170,Rios HS Greaves,爾伊歐斯護腿【ＨＳ】
8171,Rios G Greaves,爾伊歐斯護腿【Ｇ】
8172,Rios GF Greaves,爾伊歐斯護腿【ＧＦ】
8173,Rios GX Greaves,爾伊歐斯護腿【ＧＸ】
8174,Rios Leggings,爾伊歐斯裹腿
8175,Rios F Leggings,爾伊歐斯裹腿【Ｆ】
8176,Rios FY Leggings,爾伊歐斯腕裹腿
8177,Rios HS Leggings,爾伊歐斯裹腿【ＨＳ】
8178,Rios G Leggings,爾伊歐斯裹腿【Ｇ】
8179,Rios GF Leggings,爾伊歐斯裹腿【ＧＦ】
8180,Rios GX Leggings,爾伊歐斯裹腿【ＧＸ】
8181,Mist 【 Hakama 】,哈可馬米斯特
8182,Mist F【 Hakama 】,哈可馬米斯特【Ｆ】
8183,Mist FY【 Hakama 】,哈可馬米斯特
8184,Mist HS【 Hakama 】,哈可馬米斯特【ＨＳ】
8185,Mist G【 Hakama 】,哈可馬米斯特【Ｇ】
8186,Mist GF【 Hakama 】,哈可馬米斯特【ＧＦ】
8187,Mist GX【 Hakama 】,哈可馬米斯特【ＧＸ】
8188,Fog 【 Hakama 】,哈可馬夫歐格
8189,Fog F【 Hakama 】,哈可馬夫歐格【Ｆ】
8190,Fog FY【 Hakama 】,哈可馬夫歐格
8191,Fog HS【 Hakama 】,哈可馬夫歐格【ＨＳ】
8192,Fog G【 Hakama 】,哈可馬夫歐格【Ｇ】
8193,Fog GF【 Hakama 】,哈可馬夫歐格【ＧＦ】
8194,Fog GX【 Hakama 】,哈可馬夫歐格【ＧＸ】
8195,Rodokuru Greaves,羅多庫魯腕護腿
8196,Rodokuru F Greaves,羅多庫魯腕護腿【Ｆ】
8197,Rodokuru FY Greaves,羅多庫魯腕護腿
8198,Rodokuru HS Greaves,羅多庫魯腕護腿【ＨＳ】
8199,Rodokuru G Greaves,羅多庫魯腕護腿【Ｇ】
8200,Rodokuru GF Greaves,羅多庫魯腕護腿【ＧＦ】
8201,Rodokuru GX Greaves,羅多庫魯腕護腿【ＧＸ】
8202,Noir FY Greaves,黑護腿
8203,Noir HS Greaves,黑護腿【ＨＳ】
8204,Noir G Greaves,黑護腿【Ｇ】
8205,Noir GF Greaves,黑護腿【ＧＦ】
8206,Noir GX Greaves,黑護腿【ＧＸ】
8207,Demon Lord ノ足枷G,足枷
8208,Demon Lord ノ足枷GF,足枷
8209,Demon Lord ノ足枷GX,足枷
8210,童子ノ足枷G,童子足枷
8211,童子ノ足枷GF,童子足枷
8212,童子ノ足枷GX,童子足枷
8213,Trume Greaves,特魯梅護腿
8214,Trume F Greaves,特魯梅護腿【Ｆ】
8215,Trume FZ Greaves,特魯梅護腿【ＦＺ】
8216,Trume HS Greaves,特魯梅護腿【ＨＳ】
8217,Trume GS Greaves,特魯梅護腿【ＧＳ】
8218,Trume GP Greaves,特魯梅護腿【ＧＰ】
8219,Trume Boots,特魯梅靴
8220,Trume F Boots,特魯梅靴【Ｆ】
8221,Trume FZ Boots,特魯梅靴【ＦＺ】
8222,Trume HS Boots,特魯梅靴【ＨＳ】
8223,Trume GS Boots,特魯梅靴【ＧＳ】
8224,Trume GP Boots,特魯梅靴【ＧＰ】
8225,Gogomoa G Greaves,跳緋獸護腿【Ｇ】
8226,Gogomoa GF Greaves,跳緋獸護腿【ＧＦ】
8227,Gogomoa GX Greaves,跳緋獸護腿【ＧＸ】
8228,Gogomoa G Leggings,跳緋獸裹腿【Ｇ】
8229,Gogomoa GF Leggings,跳緋獸裹腿【ＧＦ】
8230,Gogomoa GX Leggings,跳緋獸裹腿【ＧＸ】
8231,Varusa Greaves,炎角龍護腿
8232,Varusa F Greaves,炎角龍護腿【Ｆ】
8233,Varusa FX Greaves,炎角龍護腿【ＦＸ】
8234,Varusa G Greaves,炎角龍護腿【Ｇ】
8235,Varusa GF Greaves,炎角龍護腿【ＧＦ】
8236,Varusa Leggings,炎角龍裹腿
8237,Varusa F Leggings,炎角龍裹腿【Ｆ】
8238,Varusa FX Leggings,炎角龍裹腿【ＦＸ】
8239,Varusa G Leggings,炎角龍裹腿【Ｇ】
8240,Varusa GF Leggings,炎角龍裹腿【ＧＦ】
8241,Flame GF Greaves,焔護腿【ＧＦ】
8242,Flame GF Leggings,焔裹腿【ＧＦ】
8243,Lils GF Greaves,觸媒研腕護腿【ＧＦ】
8244,Lils GF Leggings,觸媒研腕裹腿【ＧＦ】
8245,Asteli Feet・White,阿斯特里夫伊・白
8246,Asteli F Feet・White,阿斯特里夫伊【Ｆ】・白
8247,Asteli FZ Feet・White,阿斯特里夫伊【ＦＺ】・白
8248,Asteli HS Feet・White,阿斯特里夫伊【ＨＳ】・白
8249,Asteli GS Feet・White,阿斯特里夫伊【ＧＳ】・白
8250,Asteli GP Feet・White,阿斯特里夫伊【ＧＰ】・白
8251,Asteli Boots・White,阿斯特爾伊靴・白
8252,Asteli F Boots・White,阿斯特爾伊靴【Ｆ】・白
8253,Asteli FZ Boots・White,阿斯特爾伊靴【ＦＺ】・白
8254,Asteli HS Boots・White,阿斯特爾伊靴【ＨＳ】・白
8255,Asteli GS Boots・White,阿斯特爾伊靴【ＧＳ】・白
8256,Asteli GP Boots・White,阿斯特爾伊靴【ＧＰ】・白
8257,Asteli Feet・Blue,阿斯特里夫伊・青
8258,Asteli F Feet・Blue,阿斯特里夫伊【Ｆ】・青
8259,Asteli FZ Feet・Blue,阿斯特里夫伊【ＦＺ】・青
8260,Asteli HS Feet・Blue,阿斯特里夫伊【ＨＳ】・青
8261,Asteli GS Feet・Blue,阿斯特里夫伊【ＧＳ】・青
8262,Asteli GP Feet・Blue,阿斯特里夫伊【ＧＰ】・青
8263,Asteli Boots・Blue,阿斯特爾伊靴・青
8264,Asteli F Boots・Blue,阿斯特爾伊靴【Ｆ】・青
8265,Asteli FZ Boots・Blue,阿斯特爾伊靴【ＦＺ】・青
8266,Asteli HS Boots・Blue,阿斯特爾伊靴【ＨＳ】・青
8267,Asteli GS Boots・Blue,阿斯特爾伊靴【ＧＳ】・青
8268,Asteli GP Boots・Blue,阿斯特爾伊靴【ＧＰ】・青
8269,Asteli Feet・Red,阿斯特里夫伊・赤
8270,Asteli F Feet・Red,阿斯特里夫伊【Ｆ】・赤
8271,Asteli FZ Feet・Red,阿斯特里夫伊【ＦＺ】・赤
8272,Asteli HS Feet・Red,阿斯特里夫伊【ＨＳ】・赤
8273,Asteli GS Feet・Red,阿斯特里夫伊【ＧＳ】・赤
8274,Asteli GP Feet・Red,阿斯特里夫伊【ＧＰ】・赤
8275,Asteli Boots・Red,阿斯特爾伊靴・赤
8276,Asteli F Boots・Red,阿斯特爾伊靴【Ｆ】・赤
8277,Asteli FZ Boots・Red,阿斯特爾伊靴【ＦＺ】・赤
8278,Asteli HS Boots・Red,阿斯特爾伊靴【ＨＳ】・赤
8279,Asteli GS Boots・Red,阿斯特爾伊靴【ＧＳ】・赤
8280,Asteli GP Boots・Red,阿斯特爾伊靴【ＧＰ】・赤
8281,Asteli Feet・Black,阿斯特里夫伊・黑
8282,Asteli F Feet・Black,阿斯特里夫伊【Ｆ】・黑
8283,Asteli FZ Feet・Black,阿斯特里夫伊【ＦＺ】・黑
8284,Asteli HS Feet・Black,阿斯特里夫伊【ＨＳ】・黑
8285,Asteli GS Feet・Black,阿斯特里夫伊【ＧＳ】・黑
8286,Asteli GP Feet・Black,阿斯特里夫伊【ＧＰ】・黑
8287,Asteli Boots・Black,阿斯特爾伊靴・黑
8288,Asteli F Boots・Black,阿斯特爾伊靴【Ｆ】・黑
8289,Asteli FZ Boots・Black,阿斯特爾伊靴【ＦＺ】・黑
8290,Asteli HS Boots・Black,阿斯特爾伊靴【ＨＳ】・黑
8291,Asteli GS Boots・Black,阿斯特爾伊靴【ＧＳ】・黑
8292,Asteli GP Boots・Black,阿斯特爾伊靴【ＧＰ】・黑
8293,Lucchese Feet,魯克奇艾塞夫
8294,Lucchese F Feet,魯克奇艾塞夫【Ｆ】
8295,Lucchese FY Feet,魯克奇艾塞夫
8296,Lucchese HS Feet,魯克奇艾塞夫【ＨＳ】
8297,Lucchese G Feet,魯克奇艾塞夫【Ｇ】
8298,Lucchese GF Feet,魯克奇艾塞夫【ＧＦ】
8299,Lucchese GX Feet,魯克奇艾塞夫【ＧＸ】
8300,Lucchese Leggings,爾烏克克赫塞裹腿
8301,Lucchese F Leggings,爾烏克克赫塞裹腿【Ｆ】
8302,Lucchese FY Leggings,爾烏克克赫塞夫伊裹腿
8303,Lucchese HS Leggings,爾烏克克赫塞裹腿【ＨＳ】
8304,Lucchese G Leggings,爾烏克克赫塞裹腿【Ｇ】
8305,Lucchese GF Leggings,爾烏克克赫塞裹腿【ＧＦ】
8306,Lucchese GX Leggings,爾烏克克赫塞裹腿【ＧＸ】
8307,Orykto G Greaves,奧力克托護腿【Ｇ】
8308,Orykto GF Greaves,奧力克托護腿【ＧＦ】
8309,Orykto GX Greaves,奧力克托護腿【ＧＸ】
8310,Orykto G Leggings,奧力克托裹腿【Ｇ】
8311,Orykto GF Leggings,奧力克托裹腿【ＧＦ】
8312,Orykto GX Leggings,奧力克托裹腿【ＧＸ】
8313,Bonito Greaves,奇可雷護腿
8314,Bonito F Greaves,奇可雷護腿【Ｆ】
8315,Bonito FY Greaves,奇可雷腕護腿
8316,Bonito HS Greaves,奇可雷護腿【ＨＳ】
8317,Bonito G Greaves,奇可雷護腿【Ｇ】
8318,Bonito GF Greaves,奇可雷護腿【ＧＦ】
8319,Bonito GX Greaves,奇可雷護腿【ＧＸ】
8320,Bonito Leggings,奇可雷裹腿
8321,Bonito F Leggings,奇可雷裹腿【Ｆ】
8322,Bonito FY Leggings,奇可雷腕裹腿
8323,Bonito HS Leggings,奇可雷裹腿【ＨＳ】
8324,Bonito G Leggings,奇可雷裹腿【Ｇ】
8325,Bonito GF Leggings,奇可雷裹腿【ＧＦ】
8326,Bonito GX Leggings,奇可雷裹腿【ＧＸ】
8327,Silver Ruler G【 Hakama 】,哈可馬魯勒爾【Ｇ】・銀
8328,Silver Ruler GF【 Hakama 】,哈可馬魯勒爾【ＧＦ】・銀
8329,Silver Ruler GX【 Hakama 】,哈可馬魯勒爾【ＧＸ】・銀
8330,Silver Control G【 Hakama 】,哈可馬克歐恩【Ｇ】・銀
8331,Silver Control GF【 Hakama 】,哈可馬克歐恩【ＧＦ】・銀
8332,Silver Control GX【 Hakama 】,哈可馬克歐恩【ＧＸ】・銀
8333,Harudo Greaves,司銀龍護腿
8334,Harudo F Greaves,司銀龍護腿【Ｆ】
8335,Harudo FX Greaves,司銀龍護腿【ＦＸ】
8336,Harudo G Greaves,司銀龍護腿【Ｇ】
8337,Harudo GF Greaves,司銀龍護腿【ＧＦ】
8338,Harudo Leggings,司銀龍裹腿
8339,Harudo F Leggings,司銀龍裹腿【Ｆ】
8340,Harudo FX Leggings,司銀龍裹腿【ＦＸ】
8341,Harudo G Leggings,司銀龍裹腿【Ｇ】
8342,Harudo GF Leggings,司銀龍裹腿【ＧＦ】
8343,Gureado Greaves,古雷阿多護腿
8344,Gureado F Greaves,古雷阿多護腿【Ｆ】
8345,Gureado FX Greaves,古雷阿多護腿【ＦＸ】
8346,Gureado G Greaves,古雷阿多護腿【Ｇ】
8347,Gureado GF Greaves,古雷阿多護腿【ＧＦ】
8348,Gureado Leggings,古雷阿多裹腿
8349,Gureado F Leggings,古雷阿多裹腿【Ｆ】
8350,Gureado FX Leggings,古雷阿多裹腿【ＦＸ】
8351,Gureado G Leggings,古雷阿多裹腿【Ｇ】
8352,Gureado GF Leggings,古雷阿多裹腿【ＧＦ】
8353,Akantor Gケマル,霸龍
8354,Akantor GFケマル,霸龍
8355,Akantor GXケマル,霸龍
8356,Akantor Gチケル,霸龍
8357,Akantor GFチケル,霸龍
8358,Akantor GXチケル,霸龍
8359,G.Plesioth G Greaves,Ｇ水龍護腿【Ｇ】
8360,G.Plesioth GF Greaves,Ｇ水龍護腿【ＧＦ】
8361,G.Plesioth GX Greaves,Ｇ水龍護腿【ＧＸ】
8362,G.Plesioth G Leggings,Ｇ水龍裹腿【Ｇ】
8363,G.Plesioth GF Leggings,Ｇ水龍裹腿【ＧＦ】
8364,G.Plesioth GX Leggings,Ｇ水龍裹腿【ＧＸ】
8365,Bright Hypnoc G Greaves,眠鳥輝護腿【Ｇ】
8366,Bright Hypnoc GF Greaves,眠鳥輝護腿【ＧＦ】
8367,Bright Hypnoc GX Greaves,眠鳥輝護腿【ＧＸ】
8368,Bright Hypnoc G Leggings,眠鳥輝裹腿【Ｇ】
8369,Bright Hypnoc GF Leggings,眠鳥輝裹腿【ＧＦ】
8370,Bright Hypnoc GX Leggings,眠鳥輝裹腿【ＧＸ】
8371,Blitz GXレガース,
8372,Blitz GX Boots,布爾伊特茲靴【ＧＸ】
8373,Stroma GX Greaves,斯羅瑪護腿【ＧＸ】
8374,Stroma GX Leggings,斯羅瑪裹腿【ＧＸ】
8375,Diboa GX Greaves,迪波阿護腿【ＧＸ】
8376,Diboa GX Leggings,迪波阿裹腿【ＧＸ】
8377,Regnum Feet・White,雷格努姆夫伊・白
8378,Regnum F Feet・White,雷格努姆夫伊【Ｆ】・白
8379,Regnum FZ Feet・White,雷格努姆夫伊【ＦＺ】・白
8380,Regnum HS Feet・White,雷格努姆夫伊【ＨＳ】・白
8381,Regnum GS Feet・White,雷格努姆夫伊【ＧＳ】・白
8382,Regnum GP Feet・White,雷格努姆夫伊【ＧＰ】・白
8383,Regnum Boots・White,雷格努姆靴・白
8384,Regnum F Boots・White,雷格努姆靴【Ｆ】・白
8385,Regnum FZ Boots・White,雷格努姆靴【ＦＺ】・白
8386,Regnum HS Boots・White,雷格努姆靴【ＨＳ】・白
8387,Regnum GS Boots・White,雷格努姆靴【ＧＳ】・白
8388,Regnum GP Boots・White,雷格努姆靴【ＧＰ】・白
8389,Regnum Feet・Blue,雷格努姆夫伊・青
8390,Regnum F Feet・Blue,雷格努姆夫伊【Ｆ】・青
8391,Regnum FZ Feet・Blue,雷格努姆夫伊【ＦＺ】・青
8392,Regnum HS Feet・Blue,雷格努姆夫伊【ＨＳ】・青
8393,Regnum GS Feet・Blue,雷格努姆夫伊【ＧＳ】・青
8394,Regnum GP Feet・Blue,雷格努姆夫伊【ＧＰ】・青
8395,Regnum Boots・Blue,雷格努姆靴・青
8396,Regnum F Boots・Blue,雷格努姆靴【Ｆ】・青
8397,Regnum FZ Boots・Blue,雷格努姆靴【ＦＺ】・青
8398,Regnum HS Boots・Blue,雷格努姆靴【ＨＳ】・青
8399,Regnum GS Boots・Blue,雷格努姆靴【ＧＳ】・青
8400,Regnum GP Boots・Blue,雷格努姆靴【ＧＰ】・青
8401,Regnum Feet・Red,雷格努姆夫伊・赤
8402,Regnum F Feet・Red,雷格努姆夫伊【Ｆ】・赤
8403,Regnum FZ Feet・Red,雷格努姆夫伊【ＦＺ】・赤
8404,Regnum HS Feet・Red,雷格努姆夫伊【ＨＳ】・赤
8405,Regnum GS Feet・Red,雷格努姆夫伊【ＧＳ】・赤
8406,Regnum GP Feet・Red,雷格努姆夫伊【ＧＰ】・赤
8407,Regnum Boots・Red,雷格努姆靴・赤
8408,Regnum F Boots・Red,雷格努姆靴【Ｆ】・赤
8409,Regnum FZ Boots・Red,雷格努姆靴【ＦＺ】・赤
8410,Regnum HS Boots・Red,雷格努姆靴【ＨＳ】・赤
8411,Regnum GS Boots・Red,雷格努姆靴【ＧＳ】・赤
8412,Regnum GP Boots・Red,雷格努姆靴【ＧＰ】・赤
8413,Regnum Feet・Tea,雷格努姆夫伊・茶
8414,Regnum F Feet・Tea,雷格努姆夫伊【Ｆ】・茶
8415,Regnum FZ Feet・Tea,雷格努姆夫伊【ＦＺ】・茶
8416,Regnum HS Feet・Tea,雷格努姆夫伊【ＨＳ】・茶
8417,Regnum GS Feet・Tea,雷格努姆夫伊【ＧＳ】・茶
8418,Regnum GP Feet・Tea,雷格努姆夫伊【ＧＰ】・茶
8419,Regnum Boots・Tea,雷格努姆靴・茶
8420,Regnum F Boots・Tea,雷格努姆靴【Ｆ】・茶
8421,Regnum FZ Boots・Tea,雷格努姆靴【ＦＺ】・茶
8422,Regnum HS Boots・Tea,雷格努姆靴【ＨＳ】・茶
8423,Regnum GS Boots・Tea,雷格努姆靴【ＧＳ】・茶
8424,Regnum GP Boots・Tea,雷格努姆靴【ＧＰ】・茶
8425,Marin Feet・Blue,馬里恩夫伊特・青
8426,Marin F Feet・Blue,馬里恩夫伊特【Ｆ】・青
8427,Marin FZ Feet・Blue,馬里恩夫伊特【ＦＺ】・青
8428,Marin HS Feet・Blue,馬里恩夫伊特【ＨＳ】・青
8429,Marin GS Feet・Blue,馬里恩夫伊特【ＧＳ】・青
8430,Marin GP Feet・Blue,馬里恩夫伊特【ＧＰ】・青
8431,Marin Boots・Blue,馬里恩靴・青
8432,Marin F Boots・Blue,馬里恩靴【Ｆ】・青
8433,Marin FZ Boots・Blue,馬里恩靴【ＦＺ】・青
8434,Marin HS Boots・Blue,馬里恩靴【ＨＳ】・青
8435,Marin GS Boots・Blue,馬里恩靴【ＧＳ】・青
8436,Marin GP Boots・Blue,馬里恩靴【ＧＰ】・青
8437,Marin Feet・Peach,馬里恩夫伊特・桃
8438,Marin F Feet・Peach,馬里恩夫伊特【Ｆ】・桃
8439,Marin FZ Feet・Peach,馬里恩夫伊特【ＦＺ】・桃
8440,Marin HS Feet・Peach,馬里恩夫伊特【ＨＳ】・桃
8441,Marin GS Feet・Peach,馬里恩夫伊特【ＧＳ】・桃
8442,Marin GP Feet・Peach,馬里恩夫伊特【ＧＰ】・桃
8443,Marin Boots・Peach,馬里恩靴・桃
8444,Marin F Boots・Peach,馬里恩靴【Ｆ】・桃
8445,Marin FZ Boots・Peach,馬里恩靴【ＦＺ】・桃
8446,Marin HS Boots・Peach,馬里恩靴【ＨＳ】・桃
8447,Marin GS Boots・Peach,馬里恩靴【ＧＳ】・桃
8448,Marin GP Boots・Peach,馬里恩靴【ＧＰ】・桃
8449,Marin Feet・White,馬里恩夫伊特・白
8450,Marin F Feet・White,馬里恩夫伊特【Ｆ】・白
8451,Marin FZ Feet・White,馬里恩夫伊特【ＦＺ】・白
8452,Marin HS Feet・White,馬里恩夫伊特【ＨＳ】・白
8453,Marin GS Feet・White,馬里恩夫伊特【ＧＳ】・白
8454,Marin GP Feet・White,馬里恩夫伊特【ＧＰ】・白
8455,Marin Boots・White,馬里恩靴・白
8456,Marin F Boots・White,馬里恩靴【Ｆ】・白
8457,Marin FZ Boots・White,馬里恩靴【ＦＺ】・白
8458,Marin HS Boots・White,馬里恩靴【ＨＳ】・白
8459,Marin GS Boots・White,馬里恩靴【ＧＳ】・白
8460,Marin GP Boots・White,馬里恩靴【ＧＰ】・白
8461,Marin Feet・Black,馬里恩夫伊特・黑
8462,Marin F Feet・Black,馬里恩夫伊特【Ｆ】・黑
8463,Marin FZ Feet・Black,馬里恩夫伊特【ＦＺ】・黑
8464,Marin HS Feet・Black,馬里恩夫伊特【ＨＳ】・黑
8465,Marin GS Feet・Black,馬里恩夫伊特【ＧＳ】・黑
8466,Marin GP Feet・Black,馬里恩夫伊特【ＧＰ】・黑
8467,Marin Boots・Black,馬里恩靴・黑
8468,Marin F Boots・Black,馬里恩靴【Ｆ】・黑
8469,Marin FZ Boots・Black,馬里恩靴【ＦＺ】・黑
8470,Marin HS Boots・Black,馬里恩靴【ＨＳ】・黑
8471,Marin GS Boots・Black,馬里恩靴【ＧＳ】・黑
8472,Marin GP Boots・Black,馬里恩靴【ＧＰ】・黑
8473,Reflet Feet・Blue,雷夫勒特夫伊・青
8474,Reflet F Feet・Blue,雷夫勒特夫伊【Ｆ】・青
8475,Reflet FZ Feet・Blue,雷夫勒特夫伊【ＦＺ】・青
8476,Reflet HS Feet・Blue,雷夫勒特夫伊【ＨＳ】・青
8477,Reflet GS Feet・Blue,雷夫勒特夫伊【ＧＳ】・青
8478,Reflet GP Feet・Blue,雷夫勒特夫伊【ＧＰ】・青
8479,Reflet Boots・Blue,雷夫爾艾特靴・青
8480,Reflet F Boots・Blue,雷夫爾艾特靴【Ｆ】・青
8481,Reflet FZ Boots・Blue,雷夫爾艾特靴【ＦＺ】・青
8482,Reflet HS Boots・Blue,雷夫爾艾特靴【ＨＳ】・青
8483,Reflet GS Boots・Blue,雷夫爾艾特靴【ＧＳ】・青
8484,Reflet GP Boots・Blue,雷夫爾艾特靴【ＧＰ】・青
8485,Reflet Feet・White,雷夫勒特夫伊・白
8486,Reflet F Feet・White,雷夫勒特夫伊【Ｆ】・白
8487,Reflet FZ Feet・White,雷夫勒特夫伊【ＦＺ】・白
8488,Reflet HS Feet・White,雷夫勒特夫伊【ＨＳ】・白
8489,Reflet GS Feet・White,雷夫勒特夫伊【ＧＳ】・白
8490,Reflet GP Feet・White,雷夫勒特夫伊【ＧＰ】・白
8491,Reflet Boots・White,雷夫爾艾特靴・白
8492,Reflet F Boots・White,雷夫爾艾特靴【Ｆ】・白
8493,Reflet FZ Boots・White,雷夫爾艾特靴【ＦＺ】・白
8494,Reflet HS Boots・White,雷夫爾艾特靴【ＨＳ】・白
8495,Reflet GS Boots・White,雷夫爾艾特靴【ＧＳ】・白
8496,Reflet GP Boots・White,雷夫爾艾特靴【ＧＰ】・白
8497,Reflet Feet・Red,雷夫勒特夫伊・赤
8498,Reflet F Feet・Red,雷夫勒特夫伊【Ｆ】・赤
8499,Reflet FZ Feet・Red,雷夫勒特夫伊【ＦＺ】・赤
8500,Reflet HS Feet・Red,雷夫勒特夫伊【ＨＳ】・赤
8501,Reflet GS Feet・Red,雷夫勒特夫伊【ＧＳ】・赤
8502,Reflet GP Feet・Red,雷夫勒特夫伊【ＧＰ】・赤
8503,Reflet Boots・Red,雷夫爾艾特靴・赤
8504,Reflet F Boots・Red,雷夫爾艾特靴【Ｆ】・赤
8505,Reflet FZ Boots・Red,雷夫爾艾特靴【ＦＺ】・赤
8506,Reflet HS Boots・Red,雷夫爾艾特靴【ＨＳ】・赤
8507,Reflet GS Boots・Red,雷夫爾艾特靴【ＧＳ】・赤
8508,Reflet GP Boots・Red,雷夫爾艾特靴【ＧＰ】・赤
8509,Reflet Feet・Black,雷夫勒特夫伊・黑
8510,Reflet F Feet・Black,雷夫勒特夫伊【Ｆ】・黑
8511,Reflet FZ Feet・Black,雷夫勒特夫伊【ＦＺ】・黑
8512,Reflet HS Feet・Black,雷夫勒特夫伊【ＨＳ】・黑
8513,Reflet GS Feet・Black,雷夫勒特夫伊【ＧＳ】・黑
8514,Reflet GP Feet・Black,雷夫勒特夫伊【ＧＰ】・黑
8515,Reflet Boots・Black,雷夫爾艾特靴・黑
8516,Reflet F Boots・Black,雷夫爾艾特靴【Ｆ】・黑
8517,Reflet FZ Boots・Black,雷夫爾艾特靴【ＦＺ】・黑
8518,Reflet HS Boots・Black,雷夫爾艾特靴【ＨＳ】・黑
8519,Reflet GS Boots・Black,雷夫爾艾特靴【ＧＳ】・黑
8520,Reflet GP Boots・Black,雷夫爾艾特靴【ＧＰ】・黑
8521,CE Kevlar BM Legs Blue,克艾凱夫爾阿爾布腿甲・青
8522,CE Kevlar F BM Legs Blue,克艾凱夫爾阿爾布腿甲【Ｆ】・青
8523,CE Kevlar FZ BM Legs Blue,克艾凱夫爾阿爾布腿甲【ＦＺ】・青
8524,CE Kevlar HS BM Legs Blue,克艾凱夫爾阿爾布腿甲【ＨＳ】・青
8525,CE Kevlar GS BM Legs Blue,克艾凱夫爾阿爾布腿甲【ＧＳ】・青
8526,CE Kevlar GP BM Legs Blue,克艾凱夫爾阿爾布腿甲【ＧＰ】・青
8527,CE Kevlar GN Legs Blue,克艾凱夫拉爾腿甲・青
8528,CE Kevlar F GN Legs Blue,克艾凱夫拉爾腿甲【Ｆ】・青
8529,CE Kevlar FZ GN Legs Blue,克艾凱夫拉爾腿甲【ＦＺ】・青
8530,CE Kevlar HS GN Legs Blue,克艾凱夫拉爾腿甲【ＨＳ】・青
8531,CE Kevlar GS GN Legs Blue,克艾凱夫拉爾腿甲【ＧＳ】・青
8532,CE Kevlar GP GN Legs Blue,克艾凱夫拉爾腿甲【ＧＰ】・青
8533,CE Kevlar BM Legs Red,克艾凱夫爾阿爾布腿甲・赤
8534,CE Kevlar F BM Legs Red,克艾凱夫爾阿爾布腿甲【Ｆ】・赤
8535,CE Kevlar FZ BM Legs Red,克艾凱夫爾阿爾布腿甲【ＦＺ】・赤
8536,CE Kevlar HS BM Legs Red,克艾凱夫爾阿爾布腿甲【ＨＳ】・赤
8537,CE Kevlar GS BM Legs Red,克艾凱夫爾阿爾布腿甲【ＧＳ】・赤
8538,CE Kevlar GP BM Legs Red,克艾凱夫爾阿爾布腿甲【ＧＰ】・赤
8539,CE Kevlar GN Legs Red,克艾凱夫拉爾腿甲・赤
8540,CE Kevlar F GN Legs Red,克艾凱夫拉爾腿甲【Ｆ】・赤
8541,CE Kevlar FZ GN Legs Red,克艾凱夫拉爾腿甲【ＦＺ】・赤
8542,CE Kevlar HS GN Legs Red,克艾凱夫拉爾腿甲【ＨＳ】・赤
8543,CE Kevlar GS GN Legs Red,克艾凱夫拉爾腿甲【ＧＳ】・赤
8544,CE Kevlar GP GN Legs Red,克艾凱夫拉爾腿甲【ＧＰ】・赤
8545,CE Kevlar BM Legs White,克艾凱夫爾阿爾布腿甲・白
8546,CE Kevlar F BM Legs White,克艾凱夫爾阿爾布腿甲【Ｆ】・白
8547,CE Kevlar FZ BM Legs White,克艾凱夫爾阿爾布腿甲【ＦＺ】・白
8548,CE Kevlar HS BM Legs White,克艾凱夫爾阿爾布腿甲【ＨＳ】・白
8549,CE Kevlar GS BM Legs White,克艾凱夫爾阿爾布腿甲【ＧＳ】・白
8550,CE Kevlar GP BM Legs White,克艾凱夫爾阿爾布腿甲【ＧＰ】・白
8551,CE Kevlar GN Legs White,克艾凱夫拉爾腿甲・白
8552,CE Kevlar F GN Legs White,克艾凱夫拉爾腿甲【Ｆ】・白
8553,CE Kevlar FZ GN Legs White,克艾凱夫拉爾腿甲【ＦＺ】・白
8554,CE Kevlar HS GN Legs White,克艾凱夫拉爾腿甲【ＨＳ】・白
8555,CE Kevlar GS GN Legs White,克艾凱夫拉爾腿甲【ＧＳ】・白
8556,CE Kevlar GP GN Legs White,克艾凱夫拉爾腿甲【ＧＰ】・白
8557,CE Kevlar BM Legs Black,克艾凱夫爾阿爾布腿甲・黑
8558,CE Kevlar F BM Legs Black,克艾凱夫爾阿爾布腿甲【Ｆ】・黑
8559,CE Kevlar FZ BM Legs Black,克艾凱夫爾阿爾布腿甲【ＦＺ】・黑
8560,CE Kevlar HS BM Legs Black,克艾凱夫爾阿爾布腿甲【ＨＳ】・黑
8561,CE Kevlar GS BM Legs Black,克艾凱夫爾阿爾布腿甲【ＧＳ】・黑
8562,CE Kevlar GP BM Legs Black,克艾凱夫爾阿爾布腿甲【ＧＰ】・黑
8563,CE Kevlar GN Legs Black,克艾凱夫拉爾腿甲・黑
8564,CE Kevlar F GN Legs Black,克艾凱夫拉爾腿甲【Ｆ】・黑
8565,CE Kevlar FZ GN Legs Black,克艾凱夫拉爾腿甲【ＦＺ】・黑
8566,CE Kevlar HS GN Legs Black,克艾凱夫拉爾腿甲【ＨＳ】・黑
8567,CE Kevlar GS GN Legs Black,克艾凱夫拉爾腿甲【ＧＳ】・黑
8568,CE Kevlar GP GN Legs Black,克艾凱夫拉爾腿甲【ＧＰ】・黑
8569,AB Layer BM Legs Red,阿布爾阿伊艾爾布腿甲・赤
8570,AB Layer F BM Legs Red,阿布爾阿伊艾爾布腿甲【Ｆ】・赤
8571,AB Layer FZ BM Legs Red,阿布爾阿伊艾爾布腿甲【ＦＺ】・赤
8572,AB Layer HS BM Legs Red,阿布爾阿伊艾爾布腿甲【ＨＳ】・赤
8573,AB Layer GS BM Legs Red,阿布爾阿伊艾爾布腿甲【ＧＳ】・赤
8574,AB Layer GP BM Legs Red,阿布爾阿伊艾爾布腿甲【ＧＰ】・赤
8575,AB Layer GN Legs Red,阿布拉伊艾爾腿甲・赤
8576,AB Layer F GN Legs Red,阿布拉伊艾爾腿甲【Ｆ】・赤
8577,AB Layer FZ GN Legs Red,阿布拉伊艾爾腿甲【ＦＺ】・赤
8578,AB Layer HS GN Legs Red,阿布拉伊艾爾腿甲【ＨＳ】・赤
8579,AB Layer GS GN Legs Red,阿布拉伊艾爾腿甲【ＧＳ】・赤
8580,AB Layer GP GN Legs Red,阿布拉伊艾爾腿甲【ＧＰ】・赤
8581,AB Layer BM Legs Blue,阿布爾阿伊艾爾布腿甲・青
8582,AB Layer F BM Legs Blue,阿布爾阿伊艾爾布腿甲【Ｆ】・青
8583,AB Layer FZ BM Legs Blue,阿布爾阿伊艾爾布腿甲【ＦＺ】・青
8584,AB Layer HS BM Legs Blue,阿布爾阿伊艾爾布腿甲【ＨＳ】・青
8585,AB Layer GS BM Legs Blue,阿布爾阿伊艾爾布腿甲【ＧＳ】・青
8586,AB Layer GP BM Legs Blue,阿布爾阿伊艾爾布腿甲【ＧＰ】・青
8587,AB Layer GN Legs Blue,阿布拉伊艾爾腿甲・青
8588,AB Layer F GN Legs Blue,阿布拉伊艾爾腿甲【Ｆ】・青
8589,AB Layer FZ GN Legs Blue,阿布拉伊艾爾腿甲【ＦＺ】・青
8590,AB Layer HS GN Legs Blue,阿布拉伊艾爾腿甲【ＨＳ】・青
8591,AB Layer GS GN Legs Blue,阿布拉伊艾爾腿甲【ＧＳ】・青
8592,AB Layer GP GN Legs Blue,阿布拉伊艾爾腿甲【ＧＰ】・青
8593,AB Layer BM Legs Black,阿布爾阿伊艾爾布腿甲・黑
8594,AB Layer F BM Legs Black,阿布爾阿伊艾爾布腿甲【Ｆ】・黑
8595,AB Layer FZ BM Legs Black,阿布爾阿伊艾爾布腿甲【ＦＺ】・黑
8596,AB Layer HS BM Legs Black,阿布爾阿伊艾爾布腿甲【ＨＳ】・黑
8597,AB Layer GS BM Legs Black,阿布爾阿伊艾爾布腿甲【ＧＳ】・黑
8598,AB Layer GP BM Legs Black,阿布爾阿伊艾爾布腿甲【ＧＰ】・黑
8599,AB Layer GN Legs Black,阿布拉伊艾爾腿甲・黑
8600,AB Layer F GN Legs Black,阿布拉伊艾爾腿甲【Ｆ】・黑
8601,AB Layer FZ GN Legs Black,阿布拉伊艾爾腿甲【ＦＺ】・黑
8602,AB Layer HS GN Legs Black,阿布拉伊艾爾腿甲【ＨＳ】・黑
8603,AB Layer GS GN Legs Black,阿布拉伊艾爾腿甲【ＧＳ】・黑
8604,AB Layer GP GN Legs Black,阿布拉伊艾爾腿甲【ＧＰ】・黑
8605,AB Layer BM Legs White,阿布爾阿伊艾爾布腿甲・白
8606,AB Layer F BM Legs White,阿布爾阿伊艾爾布腿甲【Ｆ】・白
8607,AB Layer FZ BM Legs White,阿布爾阿伊艾爾布腿甲【ＦＺ】・白
8608,AB Layer HS BM Legs White,阿布爾阿伊艾爾布腿甲【ＨＳ】・白
8609,AB Layer GS BM Legs White,阿布爾阿伊艾爾布腿甲【ＧＳ】・白
8610,AB Layer GP BM Legs White,阿布爾阿伊艾爾布腿甲【ＧＰ】・白
8611,AB Layer GN Legs White,阿布拉伊艾爾腿甲・白
8612,AB Layer F GN Legs White,阿布拉伊艾爾腿甲【Ｆ】・白
8613,AB Layer FZ GN Legs White,阿布拉伊艾爾腿甲【ＦＺ】・白
8614,AB Layer HS GN Legs White,阿布拉伊艾爾腿甲【ＨＳ】・白
8615,AB Layer GS GN Legs White,阿布拉伊艾爾腿甲【ＧＳ】・白
8616,AB Layer GP GN Legs White,阿布拉伊艾爾腿甲【ＧＰ】・白
8617,Bronte Feet,布羅恩特夫伊
8618,Bronte F Feet,布羅恩特夫伊【Ｆ】
8619,Bronte FZ Feet,布羅恩特夫伊【ＦＺ】
8620,Bronte HS Feet,布羅恩特夫伊【ＨＳ】
8621,Bronte GS Feet,布羅恩特夫伊【ＧＳ】
8622,Bronte GP Feet,布羅恩特夫伊【ＧＰ】
8623,Bronte Boots,布羅恩特靴
8624,Bronte F Boots,布羅恩特靴【Ｆ】
8625,Bronte FZ Boots,布羅恩特靴【ＦＺ】
8626,Bronte HS Boots,布羅恩特靴【ＨＳ】
8627,Bronte GS Boots,布羅恩特靴【ＧＳ】
8628,Bronte GP Boots,布羅恩特靴【ＧＰ】
8629,Solene Feet,索勒涅夫伊特
8630,Solene F Feet,索勒涅夫伊特【Ｆ】
8631,Solene FZ Feet,索勒涅夫伊特【ＦＺ】
8632,Solene HS Feet,索勒涅夫伊特【ＨＳ】
8633,Solene GS Feet,索勒涅夫伊特【ＧＳ】
8634,Solene GP Feet,索勒涅夫伊特【ＧＰ】
8635,Solene Boots,索爾艾涅靴
8636,Solene F Boots,索爾艾涅靴【Ｆ】
8637,Solene FZ Boots,索爾艾涅靴【ＦＺ】
8638,Solene HS Boots,索爾艾涅靴【ＨＳ】
8639,Solene GS Boots,索爾艾涅靴【ＧＳ】
8640,Solene GP Boots,索爾艾涅靴【ＧＰ】
8641,Lapine Feet,拉皮涅夫伊特
8642,Lapine F Feet,拉皮涅夫伊特【Ｆ】
8643,Lapine FZ Feet,拉皮涅夫伊特【ＦＺ】
8644,Lapine HS Feet,拉皮涅夫伊特【ＨＳ】
8645,Lapine GS Feet,拉皮涅夫伊特【ＧＳ】
8646,Lapine GP Feet,拉皮涅夫伊特【ＧＰ】
8647,Lapine Boots,拉皮涅靴
8648,Lapine F Boots,拉皮涅靴【Ｆ】
8649,Lapine FZ Boots,拉皮涅靴【ＦＺ】
8650,Lapine HS Boots,拉皮涅靴【ＨＳ】
8651,Lapine GS Boots,拉皮涅靴【ＧＳ】
8652,Lapine GP Boots,拉皮涅靴【ＧＰ】
8653,Magos GP Feet・Yellow,馬戈斯夫伊特【ＧＰ】・黄
8654,Magos GP Boots・Yellow,馬戈斯靴【ＧＰ】・黄
8655,Magos GP Feet・Red,馬戈斯夫伊特【ＧＰ】・赤
8656,Magos GP Boots・Red,馬戈斯靴【ＧＰ】・赤
8657,Magos GP Feet・Water,馬戈斯夫伊特【ＧＰ】
8658,Magos GP Boots・Water,馬戈斯瓦特爾靴【ＧＰ】
8659,Magos GP Feet・Blue,馬戈斯夫伊特【ＧＰ】・青
8660,Magos GP Boots・Blue,馬戈斯靴【ＧＰ】・青
8661,Yukumo ノハカマ・Heaven,
8662,Yukumo ノハカマG・Heaven,
8663,Yukumo ノハカマGF・Heaven,
8664,Yukumo ノハカマGX・Heaven,
8665,Furogada G Greaves,浪紫黑Ｇ腕護腿【Ｇ】
8666,Furogada GF Greaves,浪紫黑Ｇ腕護腿【ＧＦ】
8667,Furogada GX Greaves,浪紫黑Ｇ腕護腿【ＧＸ】
8668,Yukumo ノハカマ・Earth,
8669,Yukumo ノハカマG・Earth,
8670,Yukumo ノハカマGF・Earth,
8671,Yukumo ノハカマGX・Earth,
8672,Furogada G Leggings,浪紫黑Ｇ腕裹腿【Ｇ】
8673,Furogada GF Leggings,浪紫黑Ｇ腕裹腿【ＧＦ】
8674,Furogada GX Leggings,浪紫黑Ｇ腕裹腿【ＧＸ】
8675,ダミー,(dummy)
8676,ダミー,(dummy)
8677,ダミー,(dummy)
8678,ダミー,(dummy)
8679,Rance G Greaves,蘭斯Ｇ腕護腿【Ｇ】
8680,Rance GF Greaves,蘭斯Ｇ腕護腿【ＧＦ】
8681,Rance GX Greaves,蘭斯Ｇ腕護腿【ＧＸ】
8682,ダミー,(dummy)
8683,ダミー,(dummy)
8684,ダミー,(dummy)
8685,ダミー,(dummy)
8686,Rance G Leggings,蘭斯Ｇ腕裹腿【Ｇ】
8687,Rance GF Leggings,蘭斯Ｇ腕裹腿【ＧＦ】
8688,Rance GX Leggings,蘭斯Ｇ腕裹腿【ＧＸ】
8689,Meirida Greaves,可雷托護腿
8690,Meirida F Greaves,可雷托護腿【Ｆ】
8691,Meirida FY Greaves,可雷托腕護腿
8692,Meirida HS Greaves,可雷托護腿【ＨＳ】
8693,Meirida G Greaves,可雷托護腿【Ｇ】
8694,Meirida GF Greaves,可雷托護腿【ＧＦ】
8695,Meirida GX Greaves,可雷托護腿【ＧＸ】
8696,Meirida Leggings,可雷托裹腿
8697,Meirida F Leggings,可雷托裹腿【Ｆ】
8698,Meirida FY Leggings,可雷托腕裹腿
8699,Meirida HS Leggings,可雷托裹腿【ＨＳ】
8700,Meirida G Leggings,可雷托裹腿【Ｇ】
8701,Meirida GF Leggings,可雷托裹腿【ＧＦ】
8702,Meirida GX Leggings,可雷托裹腿【ＧＸ】
8703,Maaden Greaves,瑪登護腿
8704,Maaden F Greaves,瑪登護腿【Ｆ】
8705,Maaden FY Greaves,瑪登護腿
8706,Maaden HS Greaves,瑪登護腿【ＨＳ】
8707,Maaden G Greaves,瑪登護腿【Ｇ】
8708,Maaden GF Greaves,瑪登護腿【ＧＦ】
8709,Maaden GX Greaves,瑪登護腿【ＧＸ】
8710,Maaden Leggings,瑪登裹腿
8711,Maaden F Leggings,瑪登裹腿【Ｆ】
8712,Maaden FY Leggings,瑪登裹腿
8713,Maaden HS Leggings,瑪登裹腿【ＨＳ】
8714,Maaden G Leggings,瑪登裹腿【Ｇ】
8715,Maaden GF Leggings,瑪登裹腿【ＧＦ】
8716,Maaden GX Leggings,瑪登裹腿【ＧＸ】
8717,Kosho 【 Hakama 】,哈可馬科修歐
8718,Kosho F【 Hakama 】,哈可馬科修歐【Ｆ】
8719,Kosho FY【 Hakama 】,哈可馬科修歐
8720,Kosho HS【 Hakama 】,哈可馬科修歐【ＨＳ】
8721,Kosho G【 Hakama 】,哈可馬科修歐【Ｇ】
8722,Kosho GF【 Hakama 】,哈可馬科修歐【ＧＦ】
8723,Kosho GX【 Hakama 】,哈可馬科修歐【ＧＸ】
8724,Koro [Hakama 】,哈可馬科羅
8725,Koro F [Hakama 】,哈可馬科羅【Ｆ】
8726,Koro FY [Hakama 】,哈可馬科羅夫
8727,Koro HS [Hakama 】,哈可馬科羅【ＨＳ】
8728,Koro G [Hakama 】,哈可馬科羅【Ｇ】
8729,Koro GF [Hakama 】,哈可馬科羅【ＧＦ】
8730,Koro GX [Hakama 】,哈可馬科羅【ＧＸ】
8731,Abuyado Greaves,阿布雅多護腿
8732,Abuyado F Greaves,阿布雅多護腿【Ｆ】
8733,Abuyado FY Greaves,阿布雅多腕護腿
8734,Abuyado HS Greaves,阿布雅多護腿【ＨＳ】
8735,Abuyado G Greaves,阿布雅多護腿【Ｇ】
8736,Abuyado GF Greaves,阿布雅多護腿【ＧＦ】
8737,Abuyado GX Greaves,阿布雅多護腿【ＧＸ】
8738,Abuyado Leggings,阿布雅多裹腿
8739,Abuyado F Leggings,阿布雅多裹腿【Ｆ】
8740,Abuyado FY Leggings,阿布雅多腕裹腿
8741,Abuyado HS Leggings,阿布雅多裹腿【ＨＳ】
8742,Abuyado G Leggings,阿布雅多裹腿【Ｇ】
8743,Abuyado GF Leggings,阿布雅多裹腿【ＧＦ】
8744,Abuyado GX Leggings,阿布雅多裹腿【ＧＸ】
8745,Gorukku Feet,戈魯克庫夫伊
8746,Gorukku F Feet,戈魯克庫夫伊【Ｆ】
8747,Gorukku FY Feet,戈魯克庫夫伊
8748,Gorukku HS Feet,戈魯克庫夫伊【ＨＳ】
8749,Gorukku G Feet,戈魯克庫夫伊【Ｇ】
8750,Gorukku GF Feet,戈魯克庫夫伊【ＧＦ】
8751,Gorukku GX Feet,戈魯克庫夫伊【ＧＸ】
8752,Gorukku Boots,螺鈿終靴
8753,Gorukku F Boots,螺鈿終靴【Ｆ】
8754,Gorukku FY Boots,戈魯克庫夫伊靴
8755,Gorukku HS Boots,螺鈿終靴【ＨＳ】
8756,Gorukku G Boots,螺鈿終靴【Ｇ】
8757,Gorukku GF Boots,螺鈿終靴【ＧＦ】
8758,Gorukku GX Boots,螺鈿終靴【ＧＸ】
8759,Shimashima Feet,修伊馬修伊馬
8760,Shimashima F Feet,修伊馬修伊馬【Ｆ】
8761,Shimashima FY Feet,修伊馬修伊馬
8762,Shimashima HS Feet,修伊馬修伊馬【ＨＳ】
8763,Shimashima G Feet,修伊馬修伊馬【Ｇ】
8764,Shimashima GF Feet,修伊馬修伊馬【ＧＦ】
8765,Shimashima GX Feet,修伊馬修伊馬【ＧＸ】
8766,Shimashima Boots,斯希馬斯希馬靴
8767,Shimashima F Boots,斯希馬斯希馬靴【Ｆ】
8768,Shimashima FY Boots,斯希馬斯希馬夫伊靴
8769,Shimashima HS Boots,斯希馬斯希馬靴【ＨＳ】
8770,Shimashima G Boots,斯希馬斯希馬靴【Ｇ】
8771,Shimashima GF Boots,斯希馬斯希馬靴【ＧＦ】
8772,Shimashima GX Boots,斯希馬斯希馬靴【ＧＸ】
8773,Rath Duo FY Greaves,火龍雙護腿
8774,Rath Duo HS Greaves,火龍雙護腿【ＨＳ】
8775,Rath Duo G Greaves,火龍雙護腿【Ｇ】
8776,Rath Duo GF Greaves,火龍雙護腿【ＧＦ】
8777,Rath Duo GX Greaves,火龍雙護腿【ＧＸ】
8778,Rath Duo FY Leggings,火龍雙裹腿
8779,Rath Duo HS Leggings,火龍雙裹腿【ＨＳ】
8780,Rath Duo G Leggings,火龍雙裹腿【Ｇ】
8781,Rath Duo GF Leggings,火龍雙裹腿【ＧＦ】
8782,Rath Duo GX Leggings,火龍雙裹腿【ＧＸ】
8783,Tandress HS Feet,塔恩德雷斯斯【ＨＳ】
8784,Tandress G Feet,塔恩德雷斯斯【Ｇ】
8785,Tandress GF Feet,塔恩德雷斯斯【ＧＦ】
8786,Tandress GX Feet,塔恩德雷斯斯【ＧＸ】
8787,Tandress HS Boots,塔恩德雷斯斯靴【ＨＳ】
8788,Tandress G Boots,塔恩德雷斯斯靴【Ｇ】
8789,Tandress GF Boots,塔恩德雷斯斯靴【ＧＦ】
8790,Tandress GX Boots,塔恩德雷斯斯靴【ＧＸ】
8791,Ranvuo Feet,拉恩夫烏歐夫
8792,Ranvuo F Feet,拉恩夫烏歐夫【Ｆ】
8793,Ranvuo FY Feet,拉恩夫烏歐夫
8794,Ranvuo HS Feet,拉恩夫烏歐夫【ＨＳ】
8795,Ranvuo G Feet,拉恩夫烏歐夫【Ｇ】
8796,Ranvuo GF Feet,拉恩夫烏歐夫【ＧＦ】
8797,Ranvuo GX Feet,拉恩夫烏歐夫【ＧＸ】
8798,Ranvuo Boots,爾阿恩維烏歐靴
8799,Ranvuo F Boots,爾阿恩維烏歐靴【Ｆ】
8800,Ranvuo FY Boots,拉恩夫烏歐夫伊靴
8801,Ranvuo HS Boots,爾阿恩維烏歐靴【ＨＳ】
8802,Ranvuo G Boots,爾阿恩維烏歐靴【Ｇ】
8803,Ranvuo GF Boots,爾阿恩維烏歐靴【ＧＦ】
8804,Ranvuo GX Boots,爾阿恩維烏歐靴【ＧＸ】
8805,Nyui Feet,恩尤伊夫伊特
8806,Nyui F Feet,恩尤伊夫伊特【Ｆ】
8807,Nyui FY Feet,恩尤伊夫伊夫
8808,Nyui HS Feet,恩尤伊夫伊特【ＨＳ】
8809,Nyui G Feet,恩尤伊夫伊特【Ｇ】
8810,Nyui GF Feet,恩尤伊夫伊特【ＧＦ】
8811,Nyui GX Feet,恩尤伊夫伊特【ＧＸ】
8812,Nyui Boots,恩伊烏伊靴
8813,Nyui F Boots,恩伊烏伊靴【Ｆ】
8814,Nyui FY Boots,恩尤伊夫伊靴
8815,Nyui HS Boots,恩伊烏伊靴【ＨＳ】
8816,Nyui G Boots,恩伊烏伊靴【Ｇ】
8817,Nyui GF Boots,恩伊烏伊靴【ＧＦ】
8818,Nyui GX Boots,恩伊烏伊靴【ＧＸ】
8819,ダミー,(dummy)
8820,ダミー,(dummy)
8821,ダミー,(dummy)
8822,ダミー,(dummy)
8823,Nympha G Greaves,寧芙護腿【Ｇ】
8824,Nympha GF Greaves,寧芙護腿【ＧＦ】
8825,Nympha GX Greaves,寧芙護腿【ＧＸ】
8826,ダミー,(dummy)
8827,ダミー,(dummy)
8828,ダミー,(dummy)
8829,ダミー,(dummy)
8830,Nympha G Leggings,寧芙裹腿【Ｇ】
8831,Nympha GF Leggings,寧芙裹腿【ＧＦ】
8832,Nympha GX Leggings,寧芙裹腿【ＧＸ】
8833,Harudo GX Greaves,司銀龍護腿【ＧＸ】
8834,Harudo GX Leggings,司銀龍裹腿【ＧＸ】
8835,Gureado GX Greaves,古雷阿多護腿【ＧＸ】
8836,Gureado GX Leggings,古雷阿多裹腿【ＧＸ】
8837,Pics GP Feet・Green,皮克斯夫伊特【ＧＰ】・緑
8838,Pics GP Boots・Green,皮克斯靴【ＧＰ】・緑
8839,Pics GP Feet・Purple,皮克斯夫伊特【ＧＰ】・紫
8840,Pics GP Boots・Purple,皮克斯靴【ＧＰ】・紫
8841,Pics GP Feet・Black,皮克斯夫伊特【ＧＰ】・黑
8842,Pics GP Boots・Black,皮克斯靴【ＧＰ】・黑
8843,Pics GP Feet・Water,皮克斯夫伊特【ＧＰ】
8844,Pics GP Boots・Water,皮克斯瓦特爾靴【ＧＰ】
8845,ダミー,(dummy)
8846,ダミー,(dummy)
8847,Smart HS Leg,機靈腿【ＨＳ】
8848,Smart GS Leg,機靈腿【ＧＳ】
8849,Gasura Greaves,鎧竜護腿
8850,Gasura F Greaves,鎧竜護腿【Ｆ】
8851,Gasura FX Greaves,鎧竜護腿【ＦＸ】
8852,Gasura G Greaves,鎧竜護腿【Ｇ】
8853,Gasura GF Greaves,鎧竜護腿【ＧＦ】
8854,Gasura GX Greaves,鎧竜護腿【ＧＸ】
8855,Gasura Leggings,鎧竜裹腿
8856,Gasura F Leggings,鎧竜裹腿【Ｆ】
8857,Gasura FX Leggings,鎧竜裹腿【ＦＸ】
8858,Gasura G Leggings,鎧竜裹腿【Ｇ】
8859,Gasura GF Leggings,鎧竜裹腿【ＧＦ】
8860,Gasura GX Leggings,鎧竜裹腿【ＧＸ】
8861,Wrath G【Greaves】,烏拉斯護腿【Ｇ】
8862,Wrath GF【Greaves】,烏拉斯護腿【ＧＦ】
8863,Wrath GX【Greaves】,烏拉斯護腿【ＧＸ】
8864,Anger G【Greaves】,阿恩蓋爾護腿【Ｇ】
8865,Anger GF【Greaves】,阿恩蓋爾護腿【ＧＦ】
8866,Anger GX【Greaves】,阿恩蓋爾護腿【ＧＸ】
8867,Abi G Greaves,獰龍護腿【Ｇ】
8868,Abi GF Greaves,獰龍護腿【ＧＦ】
8869,Abi GX Greaves,獰龍護腿【ＧＸ】
8870,Abi G Leggings,獰龍裹腿【Ｇ】
8871,Abi GF Leggings,獰龍裹腿【ＧＦ】
8872,Abi GX Leggings,獰龍裹腿【ＧＸ】
8873,Zinogre Greaves,雷狼龍護腿
8874,Zinogre G Greaves,雷狼龍護腿【Ｇ】
8875,Zinogre GF Greaves,雷狼龍護腿【ＧＦ】
8876,Zinogre GX Greaves,雷狼龍護腿【ＧＸ】
8877,Zinogre Leggings,雷狼龍裹腿
8878,Zinogre G Leggings,雷狼龍裹腿【Ｇ】
8879,Zinogre GF Leggings,雷狼龍裹腿【ＧＦ】
8880,Zinogre GX Leggings,雷狼龍裹腿【ＧＸ】
8881,Gania Feet・Red,加尼阿夫伊特・赤
8882,Gania F Feet・Red,加尼阿夫伊特【Ｆ】・赤
8883,Gania FZ Feet・Red,加尼阿夫伊特【ＦＺ】・赤
8884,Gania HS Feet・Red,加尼阿夫伊特【ＨＳ】・赤
8885,Gania GS Feet・Red,加尼阿夫伊特【ＧＳ】・赤
8886,Gania GP Feet・Red,加尼阿夫伊特【ＧＰ】・赤
8887,Gania Boots・Red,加尼阿靴・赤
8888,Gania F Boots・Red,加尼阿靴【Ｆ】・赤
8889,Gania FZ Boots・Red,加尼阿靴【ＦＺ】・赤
8890,Gania HS Boots・Red,加尼阿靴【ＨＳ】・赤
8891,Gania GS Boots・Red,加尼阿靴【ＧＳ】・赤
8892,Gania GP Boots・Red,加尼阿靴【ＧＰ】・赤
8893,Gania Feet・Blue,加尼阿夫伊特・青
8894,Gania F Feet・Blue,加尼阿夫伊特【Ｆ】・青
8895,Gania FZ Feet・Blue,加尼阿夫伊特【ＦＺ】・青
8896,Gania HS Feet・Blue,加尼阿夫伊特【ＨＳ】・青
8897,Gania GS Feet・Blue,加尼阿夫伊特【ＧＳ】・青
8898,Gania GP Feet・Blue,加尼阿夫伊特【ＧＰ】・青
8899,Gania Boots・Blue,加尼阿靴・青
8900,Gania F Boots・Blue,加尼阿靴【Ｆ】・青
8901,Gania FZ Boots・Blue,加尼阿靴【ＦＺ】・青
8902,Gania HS Boots・Blue,加尼阿靴【ＨＳ】・青
8903,Gania GS Boots・Blue,加尼阿靴【ＧＳ】・青
8904,Gania GP Boots・Blue,加尼阿靴【ＧＰ】・青
8905,Gania Feet・Tea,加尼阿夫伊特・茶
8906,Gania F Feet・Tea,加尼阿夫伊特【Ｆ】・茶
8907,Gania FZ Feet・Tea,加尼阿夫伊特【ＦＺ】・茶
8908,Gania HS Feet・Tea,加尼阿夫伊特【ＨＳ】・茶
8909,Gania GS Feet・Tea,加尼阿夫伊特【ＧＳ】・茶
8910,Gania GP Feet・Tea,加尼阿夫伊特【ＧＰ】・茶
8911,Gania Boots・Tea,加尼阿靴・茶
8912,Gania F Boots・Tea,加尼阿靴【Ｆ】・茶
8913,Gania FZ Boots・Tea,加尼阿靴【ＦＺ】・茶
8914,Gania HS Boots・Tea,加尼阿靴【ＨＳ】・茶
8915,Gania GS Boots・Tea,加尼阿靴【ＧＳ】・茶
8916,Gania GP Boots・Tea,加尼阿靴【ＧＰ】・茶
8917,Gania Feet・Purple,加尼阿夫伊特・紫
8918,Gania F Feet・Purple,加尼阿夫伊特【Ｆ】・紫
8919,Gania FZ Feet・Purple,加尼阿夫伊特【ＦＺ】・紫
8920,Gania HS Feet・Purple,加尼阿夫伊特【ＨＳ】・紫
8921,Gania GS Feet・Purple,加尼阿夫伊特【ＧＳ】・紫
8922,Gania GP Feet・Purple,加尼阿夫伊特【ＧＰ】・紫
8923,Gania Boots・Purple,加尼阿靴・紫
8924,Gania F Boots・Purple,加尼阿靴【Ｆ】・紫
8925,Gania FZ Boots・Purple,加尼阿靴【ＦＺ】・紫
8926,Gania HS Boots・Purple,加尼阿靴【ＨＳ】・紫
8927,Gania GS Boots・Purple,加尼阿靴【ＧＳ】・紫
8928,Gania GP Boots・Purple,加尼阿靴【ＧＰ】・紫
8929,Dinato Greaves,迪娜托腕護腿
8930,Dinato F Greaves,迪娜托腕護腿【Ｆ】
8931,Dinato FZ Greaves,迪娜托腕護腿【ＦＺ】
8932,Dinato HS Greaves,迪娜托腕護腿【ＨＳ】
8933,Dinato GS Greaves,迪娜托腕護腿【ＧＳ】
8934,Dinato GP Greaves,迪娜托腕護腿【ＧＰ】
8935,Dinato Leggings,迪娜托腕裹腿
8936,Dinato F Leggings,迪娜托腕裹腿【Ｆ】
8937,Dinato FZ Leggings,迪娜托腕裹腿【ＦＺ】
8938,Dinato HS Leggings,迪娜托腕裹腿【ＨＳ】
8939,Dinato GS Leggings,迪娜托腕裹腿【ＧＳ】
8940,Dinato GP Leggings,迪娜托腕裹腿【ＧＰ】
8941,Duque Greaves,杜奎艾腕護腿
8942,Duque F Greaves,杜奎艾腕護腿【Ｆ】
8943,Duque FZ Greaves,杜奎艾腕護腿【ＦＺ】
8944,Duque HS Greaves,杜奎艾腕護腿【ＨＳ】
8945,Duque GS Greaves,杜奎艾腕護腿【ＧＳ】
8946,Duque GP Greaves,杜奎艾腕護腿【ＧＰ】
8947,Duque Leggings,杜奎艾腕裹腿
8948,Duque F Leggings,杜奎艾腕裹腿【Ｆ】
8949,Duque FZ Leggings,杜奎艾腕裹腿【ＦＺ】
8950,Duque HS Leggings,杜奎艾腕裹腿【ＨＳ】
8951,Duque GS Leggings,杜奎艾腕裹腿【ＧＳ】
8952,Duque GP Leggings,杜奎艾腕裹腿【ＧＰ】
8953,Granu Greaves,格拉努護腿
8954,Granu F Greaves,格拉努護腿【Ｆ】
8955,Granu FZ Greaves,格拉努護腿【ＦＺ】
8956,Granu HS Greaves,格拉努護腿【ＨＳ】
8957,Granu GS Greaves,格拉努護腿【ＧＳ】
8958,Granu GP Greaves,格拉努護腿【ＧＰ】
8959,Granu Leggings,格拉努裹腿
8960,Granu F Leggings,格拉努裹腿【Ｆ】
8961,Granu FZ Leggings,格拉努裹腿【ＦＺ】
8962,Granu HS Leggings,格拉努裹腿【ＨＳ】
8963,Granu GS Leggings,格拉努裹腿【ＧＳ】
8964,Granu GP Leggings,格拉努裹腿【ＧＰ】
8965,Plug Feet :01,普魯格夫伊特
8966,Plug F Feet :01,普魯格夫伊特【Ｆ】
8967,Plug FZ Feet :01,普魯格夫伊特【ＦＺ】
8968,Plug HS Feet :01,普魯格夫伊特【ＨＳ】
8969,Plug GS Feet :01,普魯格夫伊特【ＧＳ】
8970,Plug GP Feet :01,普魯格夫伊特【ＧＰ】
8971,Plug Boots :01,普爾烏格靴
8972,Plug F Boots :01,普爾烏格靴【Ｆ】
8973,Plug FZ Boots :01,普爾烏格靴【ＦＺ】
8974,Plug HS Boots :01,普爾烏格靴【ＨＳ】
8975,Plug GS Boots :01,普爾烏格靴【ＧＳ】
8976,Plug GP Boots :01,普爾烏格靴【ＧＰ】
8977,Plug Feet :00,普魯格夫伊特
8978,Plug F Feet :00,普魯格夫伊特【Ｆ】
8979,Plug FZ Feet :00,普魯格夫伊特【ＦＺ】
8980,Plug HS Feet :00,普魯格夫伊特【ＨＳ】
8981,Plug GS Feet :00,普魯格夫伊特【ＧＳ】
8982,Plug GP Feet :00,普魯格夫伊特【ＧＰ】
8983,Plug Boots :00,普爾烏格靴
8984,Plug F Boots :00,普爾烏格靴【Ｆ】
8985,Plug FZ Boots :00,普爾烏格靴【ＦＺ】
8986,Plug HS Boots :00,普爾烏格靴【ＨＳ】
8987,Plug GS Boots :00,普爾烏格靴【ＧＳ】
8988,Plug GP Boots :00,普爾烏格靴【ＧＰ】
8989,Unit-01 Feet,烏尼特夫伊特
8990,Unit-01 F Feet,烏尼特夫伊特【Ｆ】
8991,Unit-01 FZ Feet,烏尼特夫伊特【ＦＺ】
8992,Unit-01 HS Feet,烏尼特夫伊特【ＨＳ】
8993,Unit-01 GS Feet,烏尼特夫伊特【ＧＳ】
8994,Unit-01 GP Feet,烏尼特夫伊特【ＧＰ】
8995,Unit-01 Boots,烏尼特靴
8996,Unit-01 F Boots,烏尼特靴【Ｆ】
8997,Unit-01 FZ Boots,烏尼特靴【ＦＺ】
8998,Unit-01 HS Boots,烏尼特靴【ＨＳ】
8999,Unit-01 GS Boots,烏尼特靴【ＧＳ】
9000,Unit-01 GP Boots,烏尼特靴【ＧＰ】
9001,Unit-00 Feet,烏尼特夫伊特
9002,Unit-00 F Feet,烏尼特夫伊特【Ｆ】
9003,Unit-00 FZ Feet,烏尼特夫伊特【ＦＺ】
9004,Unit-00 HS Feet,烏尼特夫伊特【ＨＳ】
9005,Unit-00 GS Feet,烏尼特夫伊特【ＧＳ】
9006,Unit-00 GP Feet,烏尼特夫伊特【ＧＰ】
9007,Unit-00 Boots,烏尼特靴
9008,Unit-00 F Boots,烏尼特靴【Ｆ】
9009,Unit-00 FZ Boots,烏尼特靴【ＦＺ】
9010,Unit-00 HS Boots,烏尼特靴【ＨＳ】
9011,Unit-00 GS Boots,烏尼特靴【ＧＳ】
9012,Unit-00 GP Boots,烏尼特靴【ＧＰ】
9013,Dusk Feet・Red,杜斯克夫伊特・赤
9014,Dusk F Feet・Red,杜斯克夫伊特【Ｆ】・赤
9015,Dusk FZ Feet・Red,杜斯克夫伊特【ＦＺ】・赤
9016,Dusk HS Feet・Red,杜斯克夫伊特【ＨＳ】・赤
9017,Dusk GS Feet・Red,杜斯克夫伊特【ＧＳ】・赤
9018,Dusk GP Feet・Red,杜斯克夫伊特【ＧＰ】・赤
9019,Dusk Boots・Red,杜斯克靴・赤
9020,Dusk F Boots・Red,杜斯克靴【Ｆ】・赤
9021,Dusk FZ Boots・Red,杜斯克靴【ＦＺ】・赤
9022,Dusk HS Boots・Red,杜斯克靴【ＨＳ】・赤
9023,Dusk GS Boots・Red,杜斯克靴【ＧＳ】・赤
9024,Dusk GP Boots・Red,杜斯克靴【ＧＰ】・赤
9025,Dusk Feet・White,杜斯克夫伊特・白
9026,Dusk F Feet・White,杜斯克夫伊特【Ｆ】・白
9027,Dusk FZ Feet・White,杜斯克夫伊特【ＦＺ】・白
9028,Dusk HS Feet・White,杜斯克夫伊特【ＨＳ】・白
9029,Dusk GS Feet・White,杜斯克夫伊特【ＧＳ】・白
9030,Dusk GP Feet・White,杜斯克夫伊特【ＧＰ】・白
9031,Dusk Boots・White,杜斯克靴・白
9032,Dusk F Boots・White,杜斯克靴【Ｆ】・白
9033,Dusk FZ Boots・White,杜斯克靴【ＦＺ】・白
9034,Dusk HS Boots・White,杜斯克靴【ＨＳ】・白
9035,Dusk GS Boots・White,杜斯克靴【ＧＳ】・白
9036,Dusk GP Boots・White,杜斯克靴【ＧＰ】・白
9037,Dusk Feet・Peach,杜斯克夫伊特・桃
9038,Dusk F Feet・Peach,杜斯克夫伊特【Ｆ】・桃
9039,Dusk FZ Feet・Peach,杜斯克夫伊特【ＦＺ】・桃
9040,Dusk HS Feet・Peach,杜斯克夫伊特【ＨＳ】・桃
9041,Dusk GS Feet・Peach,杜斯克夫伊特【ＧＳ】・桃
9042,Dusk GP Feet・Peach,杜斯克夫伊特【ＧＰ】・桃
9043,Dusk Boots・Peach,杜斯克靴・桃
9044,Dusk F Boots・Peach,杜斯克靴【Ｆ】・桃
9045,Dusk FZ Boots・Peach,杜斯克靴【ＦＺ】・桃
9046,Dusk HS Boots・Peach,杜斯克靴【ＨＳ】・桃
9047,Dusk GS Boots・Peach,杜斯克靴【ＧＳ】・桃
9048,Dusk GP Boots・Peach,杜斯克靴【ＧＰ】・桃
9049,Dusk Feet・Blue,杜斯克夫伊特・青
9050,Dusk F Feet・Blue,杜斯克夫伊特【Ｆ】・青
9051,Dusk FZ Feet・Blue,杜斯克夫伊特【ＦＺ】・青
9052,Dusk HS Feet・Blue,杜斯克夫伊特【ＨＳ】・青
9053,Dusk GS Feet・Blue,杜斯克夫伊特【ＧＳ】・青
9054,Dusk GP Feet・Blue,杜斯克夫伊特【ＧＰ】・青
9055,Dusk Boots・Blue,杜斯克靴・青
9056,Dusk F Boots・Blue,杜斯克靴【Ｆ】・青
9057,Dusk FZ Boots・Blue,杜斯克靴【ＦＺ】・青
9058,Dusk HS Boots・Blue,杜斯克靴【ＨＳ】・青
9059,Dusk GS Boots・Blue,杜斯克靴【ＧＳ】・青
9060,Dusk GP Boots・Blue,杜斯克靴【ＧＰ】・青
9061,トイスト Greaves,腕護腿
9062,トイストF Greaves,腕護腿【Ｆ】
9063,トイストFZ Greaves,腕護腿【ＦＺ】
9064,トイストHS Greaves,腕護腿【ＨＳ】
9065,トイストGS Greaves,腕護腿【ＧＳ】
9066,トイストGP Greaves,腕護腿【ＧＰ】
9067,トイスト Leggings,腕裹腿
9068,トイストF Leggings,腕裹腿【Ｆ】
9069,トイストFZ Leggings,腕裹腿【ＦＺ】
9070,トイストHS Leggings,腕裹腿【ＨＳ】
9071,トイストGS Leggings,腕裹腿【ＧＳ】
9072,トイストGP Leggings,腕裹腿【ＧＰ】
9073,Nekodan Feet,涅科達恩夫伊
9074,Nekodan F Feet,涅科達恩夫伊【Ｆ】
9075,Nekodan FZ Feet,涅科達恩夫伊【ＦＺ】
9076,Nekodan HS Feet,涅科達恩夫伊【ＨＳ】
9077,Nekodan GS Feet,涅科達恩夫伊【ＧＳ】
9078,Nekodan GP Feet,涅科達恩夫伊【ＧＰ】
9079,Aelucanth Crura,阿艾魯克阿恩
9080,Aelucanth G Crura,阿艾魯克阿恩【Ｇ】
9081,Aelucanth GF Crura,阿艾魯克阿恩【ＧＦ】
9082,Aelucanth GX Crura,阿艾魯克阿恩【ＧＸ】
9083,Aelucanth フェムル,
9084,Aelucanth Gフェムル,
9085,Aelucanth GFフェムル,
9086,Aelucanth GXフェムル,
9087,Rhopessa Crura,爾霍佩斯薩克
9088,Rhopessa G Crura,爾霍佩斯薩克【Ｇ】
9089,Rhopessa GF Crura,爾霍佩斯薩克【ＧＦ】
9090,Rhopessa GX Crura,爾霍佩斯薩克【ＧＸ】
9091,Rhopessa フェムル,
9092,Rhopessa Gフェムル,
9093,Rhopessa GFフェムル,
9094,Rhopessa GXフェムル,
9095,Riaruo G Greaves,里亞羅護腿【Ｇ】
9096,Riaruo GF Greaves,里亞羅護腿【ＧＦ】
9097,Riaruo GX Greaves,里亞羅護腿【ＧＸ】
9098,Riaruo G Leggings,里亞羅裹腿【Ｇ】
9099,Riaruo GF Leggings,里亞羅裹腿【ＧＦ】
9100,Riaruo GX Leggings,里亞羅裹腿【ＧＸ】
9101,Ordre Greaves,奧爾德護腿
9102,Ordre F Greaves,奧爾德護腿【Ｆ】
9103,Ordre FY Greaves,奧爾德護腿
9104,Ordre HS Greaves,奧爾德護腿【ＨＳ】
9105,Ordre G Greaves,奧爾德護腿【Ｇ】
9106,Ordre GF Greaves,奧爾德護腿【ＧＦ】
9107,Ordre GX Greaves,奧爾德護腿【ＧＸ】
9108,Ordre Leggings,奧爾德裹腿
9109,Ordre F Leggings,奧爾德裹腿【Ｆ】
9110,Ordre FY Leggings,奧爾德裹腿
9111,Ordre HS Leggings,奧爾德裹腿【ＨＳ】
9112,Ordre G Leggings,奧爾德裹腿【Ｇ】
9113,Ordre GF Leggings,奧爾德裹腿【ＧＦ】
9114,Ordre GX Leggings,奧爾德裹腿【ＧＸ】
9115,Cheni Greaves,切尼護腿
9116,Cheni F Greaves,切尼護腿【Ｆ】
9117,Cheni FY Greaves,切尼護腿
9118,Cheni HS Greaves,切尼護腿【ＨＳ】
9119,Cheni G Greaves,切尼護腿【Ｇ】
9120,Cheni GF Greaves,切尼護腿【ＧＦ】
9121,Cheni GX Greaves,切尼護腿【ＧＸ】
9122,Cheni Leggings,切尼裹腿
9123,Cheni F Leggings,切尼裹腿【Ｆ】
9124,Cheni FY Leggings,切尼裹腿
9125,Cheni HS Leggings,切尼裹腿【ＨＳ】
9126,Cheni G Leggings,切尼裹腿【Ｇ】
9127,Cheni GF Leggings,切尼裹腿【ＧＦ】
9128,Cheni GX Leggings,切尼裹腿【ＧＸ】
9129,Miniomu Greaves,米尼歐穆護腿
9130,Miniomu F Greaves,米尼歐穆護腿【Ｆ】
9131,Miniomu FY Greaves,米尼歐穆腕護腿
9132,Miniomu HS Greaves,米尼歐穆護腿【ＨＳ】
9133,Miniomu G Greaves,米尼歐穆護腿【Ｇ】
9134,Miniomu GF Greaves,米尼歐穆護腿【ＧＦ】
9135,Miniomu GX Greaves,米尼歐穆護腿【ＧＸ】
9136,Miniomu Leggings,米尼歐穆裹腿
9137,Miniomu F Leggings,米尼歐穆裹腿【Ｆ】
9138,Miniomu FY Leggings,米尼歐穆腕裹腿
9139,Miniomu HS Leggings,米尼歐穆裹腿【ＨＳ】
9140,Miniomu G Leggings,米尼歐穆裹腿【Ｇ】
9141,Miniomu GF Leggings,米尼歐穆裹腿【ＧＦ】
9142,Miniomu GX Leggings,米尼歐穆裹腿【ＧＸ】
9143,Once Greaves,歐恩克艾護腿
9144,Once F Greaves,歐恩克艾護腿【Ｆ】
9145,Once FY Greaves,翁斯護腿
9146,Once HS Greaves,歐恩克艾護腿【ＨＳ】
9147,Once G Greaves,歐恩克艾護腿【Ｇ】
9148,Once GF Greaves,歐恩克艾護腿【ＧＦ】
9149,Once GX Greaves,歐恩克艾護腿【ＧＸ】
9150,Once Leggings,歐恩克艾裹腿
9151,Once F Leggings,歐恩克艾裹腿【Ｆ】
9152,Once FY Leggings,翁斯裹腿
9153,Once HS Leggings,歐恩克艾裹腿【ＨＳ】
9154,Once G Leggings,歐恩克艾裹腿【Ｇ】
9155,Once GF Leggings,歐恩克艾裹腿【ＧＦ】
9156,Once GX Leggings,歐恩克艾裹腿【ＧＸ】
9157,Kurai 【 Hakama 】,哈可馬庫拉伊
9158,Kurai F【 Hakama 】,哈可馬庫拉伊【Ｆ】
9159,Kurai FX【 Hakama 】,哈可馬庫拉伊【ＦＸ】
9160,Kurai G【 Hakama 】,哈可馬庫拉伊【Ｇ】
9161,Kurai GF【 Hakama 】,哈可馬庫拉伊【ＧＦ】
9162,Kurai GX【 Hakama 】,哈可馬庫拉伊【ＧＸ】
9163,Kurai 【 Hakama 】,哈可馬庫拉伊
9164,Kurai F【 Hakama 】,哈可馬庫拉伊【Ｆ】
9165,Kurai FX【 Hakama 】,哈可馬庫拉伊【ＦＸ】
9166,Kurai G【 Hakama 】,哈可馬庫拉伊【Ｇ】
9167,Kurai GF【 Hakama 】,哈可馬庫拉伊【ＧＦ】
9168,Kurai GX【 Hakama 】,哈可馬庫拉伊【ＧＸ】
9169,Monodevil G Greaves,單眼惡魔護腿【Ｇ】
9170,Monodevil GF Greaves,單眼惡魔護腿【ＧＦ】
9171,Monodevil GX Greaves,單眼惡魔護腿【ＧＸ】
9172,Monodevil G Leggings,單眼惡魔裹腿【Ｇ】
9173,Monodevil GF Leggings,單眼惡魔裹腿【ＧＦ】
9174,Monodevil GX Leggings,單眼惡魔裹腿【ＧＸ】
9175,Black Diablos G Greaves,角龍護腿【Ｇ】・黑
9176,Black Diablos GF Greaves,角龍護腿【ＧＦ】・黑
9177,Black Diablos GX Greaves,角龍護腿【ＧＸ】・黑
9178,Black Diablos G Leggings,角龍裹腿【Ｇ】・黑
9179,Black Diablos GF Leggings,角龍裹腿【ＧＦ】・黑
9180,Black Diablos GX Leggings,角龍裹腿【ＧＸ】・黑
9181,Wadatsumi GX【Greaves 】,瓦達特蘇米護腿【ＧＸ】
9182,Okami GX【Greaves 】,歐可米護腿【ＧＸ】
9183,Odiva GX Greaves,歐迪瓦護腿【ＧＸ】
9184,Odiva GX Leggings,歐迪瓦裹腿【ＧＸ】
9185,Elegance GX【Greaves 】,艾勒加恩克艾護腿【ＧＸ】
9186,Grace GX【Greaves 】,格拉克艾護腿【ＧＸ】
9187,Vangis Greaves,維阿恩格伊斯護腿
9188,Vangis G Greaves,維阿恩格伊斯護腿【Ｇ】
9189,Vangis GF Greaves,維阿恩格伊斯護腿【ＧＦ】
9190,Vangis GX Greaves,維阿恩格伊斯護腿【ＧＸ】
9191,Vangis Leggings,維阿恩格伊斯裹腿
9192,Vangis G Leggings,維阿恩格伊斯裹腿【Ｇ】
9193,Vangis GF Leggings,維阿恩格伊斯裹腿【ＧＦ】
9194,Vangis GX Leggings,維阿恩格伊斯裹腿【ＧＸ】
9195,Shiruti Greaves,修伊魯提腕護腿
9196,Shiruti F Greaves,修伊魯提腕護腿【Ｆ】
9197,Shiruti FZ Greaves,修伊魯提腕護腿【ＦＺ】
9198,Shiruti HS Greaves,修伊魯提腕護腿【ＨＳ】
9199,Shiruti GS Greaves,修伊魯提腕護腿【ＧＳ】
9200,Shiruti GP Greaves,修伊魯提腕護腿【ＧＰ】
9201,Shiruti Leggings,修伊魯提腕裹腿
9202,Shiruti F Leggings,修伊魯提腕裹腿【Ｆ】
9203,Shiruti FZ Leggings,修伊魯提腕裹腿【ＦＺ】
9204,Shiruti HS Leggings,修伊魯提腕裹腿【ＨＳ】
9205,Shiruti GS Leggings,修伊魯提腕裹腿【ＧＳ】
9206,Shiruti GP Leggings,修伊魯提腕裹腿【ＧＰ】
9207,Brachy Greaves,碎龍護腿
9208,Brachy G Greaves,碎龍護腿【Ｇ】
9209,Brachy GF Greaves,碎龍護腿【ＧＦ】
9210,Brachy GX Greaves,碎龍護腿【ＧＸ】
9211,Brachy Leggings,碎龍裹腿
9212,Brachy G Leggings,碎龍裹腿【Ｇ】
9213,Brachy GF Leggings,碎龍裹腿【ＧＦ】
9214,Brachy GX Leggings,碎龍裹腿【ＧＸ】
9215,Torid Greaves,照雷鳥護腿
9216,Torid F Greaves,照雷鳥護腿【Ｆ】
9217,Torid FX Greaves,照雷鳥護腿【ＦＸ】
9218,Torid G Greaves,照雷鳥護腿【Ｇ】
9219,Torid GF Greaves,照雷鳥護腿【ＧＦ】
9220,Torid GX Greaves,照雷鳥護腿【ＧＸ】
9221,Torid Leggings,照雷鳥裹腿
9222,Torid F Leggings,照雷鳥裹腿【Ｆ】
9223,Torid FX Leggings,照雷鳥裹腿【ＦＸ】
9224,Torid G Leggings,照雷鳥裹腿【Ｇ】
9225,Torid GF Leggings,照雷鳥裹腿【ＧＦ】
9226,Torid GX Leggings,照雷鳥裹腿【ＧＸ】
9227,Lightning G【具足】,具足【Ｇ】
9228,Lightning GF【具足】,具足【ＧＦ】
9229,Lightning GX【具足】,具足【ＧＸ】
9230,Thunder G【具足】,具足【Ｇ】
9231,Thunder GF【具足】,具足【ＧＦ】
9232,Thunder GX【具足】,具足【ＧＸ】
9233,B.Espinas G Heel,棘龍【Ｇ】
9234,B.Espinas GF Heel,棘龍【ＧＦ】
9235,B.Espinas GX Heel,棘龍【ＧＸ】
9236,B.Espinas G March,棘龍【Ｇ】
9237,B.Espinas GF March,棘龍【ＧＦ】
9238,B.Espinas GX March,棘龍【ＧＸ】
9239,Red Volga G Greaves,熔岩龍赤護腿【Ｇ】・赤
9240,Red Volga GF Greaves,熔岩龍赤護腿【ＧＦ】・赤
9241,Red Volga GX Greaves,熔岩龍赤護腿【ＧＸ】・赤
9242,Red Volga G Leggings,熔岩龍赤裹腿【Ｇ】・赤
9243,Red Volga GF Leggings,熔岩龍赤裹腿【ＧＦ】・赤
9244,Red Volga GX Leggings,熔岩龍赤裹腿【ＧＸ】・赤
9245,Ravi G Greaves:Berserk,烈海龍護腿【Ｇ】
9246,Ravi GF Greaves:Berserk,烈海龍護腿【ＧＦ】
9247,Ravi GX Greaves:Berserk,烈海龍護腿【ＧＸ】
9248,Ravi G Leggings:Berserk,烈海龍裹腿【Ｇ】
9249,Ravi GF Leggings:Berserk,烈海龍裹腿【ＧＦ】
9250,Ravi GX Leggings:Berserk,烈海龍裹腿【ＧＸ】
9251,Ravi Greaves:Violent,烈海龍護腿
9252,Ravi HS Greaves:Violent,烈海龍護腿【ＨＳ】
9253,Ravi G Greaves:Violent,烈海龍護腿【Ｇ】
9254,Ravi GF Greaves:Violent,烈海龍護腿【ＧＦ】
9255,Ravi GX Greaves:Violent,烈海龍護腿【ＧＸ】
9256,Ravi Leggings:Violent,烈海龍裹腿
9257,Ravi HS Leggings:Violent,烈海龍裹腿【ＨＳ】
9258,Ravi G Leggings:Violent,烈海龍裹腿【Ｇ】
9259,Ravi GF Leggings:Violent,烈海龍裹腿【ＧＦ】
9260,Ravi GX Leggings:Violent,烈海龍裹腿【ＧＸ】
9261,Raviente G Greaves,大巖龍護腿【Ｇ】
9262,Raviente GF Greaves,大巖龍護腿【ＧＦ】
9263,Raviente GX Greaves,大巖龍護腿【ＧＸ】
9264,Raviente G Leggings,大巖龍裹腿【Ｇ】
9265,Raviente GF Leggings,大巖龍裹腿【ＧＦ】
9266,Raviente GX Leggings,大巖龍裹腿【ＧＸ】
9267,White Hypnoc G Greaves,眠鳥護腿【Ｇ】・白
9268,White Hypnoc GF Greaves,眠鳥護腿【ＧＦ】・白
9269,White Hypnoc GX Greaves,眠鳥護腿【ＧＸ】・白
9270,White Hypnoc G Leggings,眠鳥裹腿【Ｇ】・白
9271,White Hypnoc GF Leggings,眠鳥裹腿【ＧＦ】・白
9272,White Hypnoc GX Leggings,眠鳥裹腿【ＧＸ】・白
9273,Vichi Feet,夫伊奇伊夫伊
9274,Vichi F Feet,夫伊奇伊夫伊【Ｆ】
9275,Vichi FZ Feet,夫伊奇伊夫伊【ＦＺ】
9276,Vichi HS Feet,夫伊奇伊夫伊【ＨＳ】
9277,Vichi GS Feet,夫伊奇伊夫伊【ＧＳ】
9278,Vichi GP Feet,夫伊奇伊夫伊【ＧＰ】
9279,Vichi Boots,夫伊奇靴
9280,Vichi F Boots,夫伊奇靴【Ｆ】
9281,Vichi FZ Boots,夫伊奇靴【ＦＺ】
9282,Vichi HS Boots,夫伊奇靴【ＨＳ】
9283,Vichi GS Boots,夫伊奇靴【ＧＳ】
9284,Vichi GP Boots,夫伊奇靴【ＧＰ】
9285,Guild Bard Boots,古伊爾德巴爾德靴
9286,Guild Bard G Boots,古伊爾德巴爾德靴【Ｇ】
9287,Guild Bard GF Boots,古伊爾德巴爾德靴【ＧＦ】
9288,Guild Bard GX Boots,古伊爾德巴爾德靴【ＧＸ】
9289,Guild Bard Feet,古伊爾德巴爾
9290,Guild Bard G Feet,古伊爾德巴爾【Ｇ】
9291,Guild Bard GF Feet,古伊爾德巴爾【ＧＦ】
9292,Guild Bard GX Feet,古伊爾德巴爾【ＧＸ】
9293,Scholar Socks,斯奇歐拉爾索
9294,Scholar G Socks,斯奇歐拉爾索【Ｇ】
9295,Scholar GF Socks,斯奇歐拉爾索【ＧＦ】
9296,Scholar GX Socks,斯奇歐拉爾索【ＧＸ】
9297,Scholar サンダル,
9298,Scholar Gサンダル,
9299,Scholar GFサンダル,
9300,Scholar GXサンダル,
9301,Amistad Feet・Black,阿米斯塔德夫・黑
9302,Amistad F Feet・Black,阿米斯塔德夫【Ｆ】・黑
9303,Amistad FZ Feet・Black,阿米斯塔德夫【ＦＺ】・黑
9304,Amistad HS Feet・Black,阿米斯塔德夫【ＨＳ】・黑
9305,Amistad GS Feet・Black,阿米斯塔德夫【ＧＳ】・黑
9306,Amistad GP Feet・Black,阿米斯塔德夫【ＧＰ】・黑
9307,Amistad Boots・Black,阿米斯塔德靴・黑
9308,Amistad F Boots・Black,阿米斯塔德靴【Ｆ】・黑
9309,Amistad FZ Boots・Black,阿米斯塔德靴【ＦＺ】・黑
9310,Amistad HS Boots・Black,阿米斯塔德靴【ＨＳ】・黑
9311,Amistad GS Boots・Black,阿米斯塔德靴【ＧＳ】・黑
9312,Amistad GP Boots・Black,阿米斯塔德靴【ＧＰ】・黑
9313,Amistad Feet・White,阿米斯塔德夫・白
9314,Amistad F Feet・White,阿米斯塔德夫【Ｆ】・白
9315,Amistad FZ Feet・White,阿米斯塔德夫【ＦＺ】・白
9316,Amistad HS Feet・White,阿米斯塔德夫【ＨＳ】・白
9317,Amistad GS Feet・White,阿米斯塔德夫【ＧＳ】・白
9318,Amistad GP Feet・White,阿米斯塔德夫【ＧＰ】・白
9319,Amistad Boots・White,阿米斯塔德靴・白
9320,Amistad F Boots・White,阿米斯塔德靴【Ｆ】・白
9321,Amistad FZ Boots・White,阿米斯塔德靴【ＦＺ】・白
9322,Amistad HS Boots・White,阿米斯塔德靴【ＨＳ】・白
9323,Amistad GS Boots・White,阿米斯塔德靴【ＧＳ】・白
9324,Amistad GP Boots・White,阿米斯塔德靴【ＧＰ】・白
9325,Amistad Feet・Blue,阿米斯塔德夫・青
9326,Amistad F Feet・Blue,阿米斯塔德夫【Ｆ】・青
9327,Amistad FZ Feet・Blue,阿米斯塔德夫【ＦＺ】・青
9328,Amistad HS Feet・Blue,阿米斯塔德夫【ＨＳ】・青
9329,Amistad GS Feet・Blue,阿米斯塔德夫【ＧＳ】・青
9330,Amistad GP Feet・Blue,阿米斯塔德夫【ＧＰ】・青
9331,Amistad Boots・Blue,阿米斯塔德靴・青
9332,Amistad F Boots・Blue,阿米斯塔德靴【Ｆ】・青
9333,Amistad FZ Boots・Blue,阿米斯塔德靴【ＦＺ】・青
9334,Amistad HS Boots・Blue,阿米斯塔德靴【ＨＳ】・青
9335,Amistad GS Boots・Blue,阿米斯塔德靴【ＧＳ】・青
9336,Amistad GP Boots・Blue,阿米斯塔德靴【ＧＰ】・青
9337,Amistad Feet・Crimson,阿米斯塔德夫・紅
9338,Amistad F Feet・Crimson,阿米斯塔德夫【Ｆ】・紅
9339,Amistad FZ Feet・Crimson,阿米斯塔德夫【ＦＺ】・紅
9340,Amistad HS Feet・Crimson,阿米斯塔德夫【ＨＳ】・紅
9341,Amistad GS Feet・Crimson,阿米斯塔德夫【ＧＳ】・紅
9342,Amistad GP Feet・Crimson,阿米斯塔德夫【ＧＰ】・紅
9343,Amistad Boots・Crimson,阿米斯塔德靴・紅
9344,Amistad F Boots・Crimson,阿米斯塔德靴【Ｆ】・紅
9345,Amistad FZ Boots・Crimson,阿米斯塔德靴【ＦＺ】・紅
9346,Amistad HS Boots・Crimson,阿米斯塔德靴【ＨＳ】・紅
9347,Amistad GS Boots・Crimson,阿米斯塔德靴【ＧＳ】・紅
9348,Amistad GP Boots・Crimson,阿米斯塔德靴【ＧＰ】・紅
9349,Plug Feet :06,普魯格夫伊特
9350,Plug F Feet :06,普魯格夫伊特【Ｆ】
9351,Plug FZ Feet :06,普魯格夫伊特【ＦＺ】
9352,Plug HS Feet :06,普魯格夫伊特【ＨＳ】
9353,Plug GS Feet :06,普魯格夫伊特【ＧＳ】
9354,Plug GP Feet :06,普魯格夫伊特【ＧＰ】
9355,Plug Boots :06,普爾烏格靴
9356,Plug F Boots :06,普爾烏格靴【Ｆ】
9357,Plug FZ Boots :06,普爾烏格靴【ＦＺ】
9358,Plug HS Boots :06,普爾烏格靴【ＨＳ】
9359,Plug GS Boots :06,普爾烏格靴【ＧＳ】
9360,Plug GP Boots :06,普爾烏格靴【ＧＰ】
9361,Plug Feet :02,普魯格夫伊特
9362,Plug F Feet :02,普魯格夫伊特【Ｆ】
9363,Plug FZ Feet :02,普魯格夫伊特【ＦＺ】
9364,Plug HS Feet :02,普魯格夫伊特【ＨＳ】
9365,Plug GS Feet :02,普魯格夫伊特【ＧＳ】
9366,Plug GP Feet :02,普魯格夫伊特【ＧＰ】
9367,Plug Boots :02,普爾烏格靴
9368,Plug F Boots :02,普爾烏格靴【Ｆ】
9369,Plug FZ Boots :02,普爾烏格靴【ＦＺ】
9370,Plug HS Boots :02,普爾烏格靴【ＨＳ】
9371,Plug GS Boots :02,普爾烏格靴【ＧＳ】
9372,Plug GP Boots :02,普爾烏格靴【ＧＰ】
9373,Mark.06 Feet,馬爾克夫伊特
9374,Mark.06 F Feet,馬爾克夫伊特【Ｆ】
9375,Mark.06 FZ Feet,馬爾克夫伊特【ＦＺ】
9376,Mark.06 HS Feet,馬爾克夫伊特【ＨＳ】
9377,Mark.06 GS Feet,馬爾克夫伊特【ＧＳ】
9378,Mark.06 GP Feet,馬爾克夫伊特【ＧＰ】
9379,Mark.06 Boots,馬克０６・靴
9380,Mark.06 F Boots,馬克０６・靴【Ｆ】
9381,Mark.06 FZ Boots,馬克０６・靴【ＦＺ】
9382,Mark.06 HS Boots,馬克０６・靴【ＨＳ】
9383,Mark.06 GS Boots,馬克０６・靴【ＧＳ】
9384,Mark.06 GP Boots,馬克０６・靴【ＧＰ】
9385,Unit-02 Feet,烏尼特夫伊特
9386,Unit-02 F Feet,烏尼特夫伊特【Ｆ】
9387,Unit-02 FZ Feet,烏尼特夫伊特【ＦＺ】
9388,Unit-02 HS Feet,烏尼特夫伊特【ＨＳ】
9389,Unit-02 GS Feet,烏尼特夫伊特【ＧＳ】
9390,Unit-02 GP Feet,烏尼特夫伊特【ＧＰ】
9391,Unit-02 Boots,烏尼特靴
9392,Unit-02 F Boots,烏尼特靴【Ｆ】
9393,Unit-02 FZ Boots,烏尼特靴【ＦＺ】
9394,Unit-02 HS Boots,烏尼特靴【ＨＳ】
9395,Unit-02 GS Boots,烏尼特靴【ＧＳ】
9396,Unit-02 GP Boots,烏尼特靴【ＧＰ】
9397,Kaila Feet,可伊拉夫伊特
9398,Kaila F Feet,可伊拉夫伊特【Ｆ】
9399,Kaila FZ Feet,可伊拉夫伊特【ＦＺ】
9400,Kaila HS Feet,可伊拉夫伊特【ＨＳ】
9401,Kaila GS Feet,可伊拉夫伊特【ＧＳ】
9402,Kaila GP Feet,可伊拉夫伊特【ＧＰ】
9403,Kaila Boots,可伊爾阿靴
9404,Kaila F Boots,可伊爾阿靴【Ｆ】
9405,Kaila FZ Boots,可伊爾阿靴【ＦＺ】
9406,Kaila HS Boots,可伊爾阿靴【ＨＳ】
9407,Kaila GS Boots,可伊爾阿靴【ＧＳ】
9408,Kaila GP Boots,可伊爾阿靴【ＧＰ】
9409,ダミー,(dummy)
9410,ダミー,(dummy)
9411,ダミー,(dummy)
9412,ダミー,(dummy)
9413,ダミー,(dummy)
9414,ダミー,(dummy)
9415,Otono Greaves,抑制螺腕護腿
9416,Otono F Greaves,抑制螺腕護腿【Ｆ】
9417,Otono FY Greaves,抑制螺腕護腿
9418,Otono HS Greaves,抑制螺腕護腿【ＨＳ】
9419,Otono G Greaves,抑制螺腕護腿【Ｇ】
9420,Otono GF Greaves,抑制螺腕護腿【ＧＦ】
9421,Otono GX Greaves,抑制螺腕護腿【ＧＸ】
9422,Kabariba Greaves,可巴里巴護腿
9423,Kabariba F Greaves,可巴里巴護腿【Ｆ】
9424,Kabariba FY Greaves,可巴里巴腕護腿
9425,Kabariba HS Greaves,可巴里巴護腿【ＨＳ】
9426,Kabariba G Greaves,可巴里巴護腿【Ｇ】
9427,Kabariba GF Greaves,可巴里巴護腿【ＧＦ】
9428,Kabariba GX Greaves,可巴里巴護腿【ＧＸ】
9429,Kabariba Leggings,可巴里巴裹腿
9430,Kabariba F Leggings,可巴里巴裹腿【Ｆ】
9431,Kabariba FY Leggings,可巴里巴腕裹腿
9432,Kabariba HS Leggings,可巴里巴裹腿【ＨＳ】
9433,Kabariba G Leggings,可巴里巴裹腿【Ｇ】
9434,Kabariba GF Leggings,可巴里巴裹腿【ＧＦ】
9435,Kabariba GX Leggings,可巴里巴裹腿【ＧＸ】
9436,Toruboda Greaves,托魯波達護腿
9437,Toruboda F Greaves,托魯波達護腿【Ｆ】
9438,Toruboda FY Greaves,托魯波達腕護腿
9439,Toruboda HS Greaves,托魯波達護腿【ＨＳ】
9440,Toruboda G Greaves,托魯波達護腿【Ｇ】
9441,Toruboda GF Greaves,托魯波達護腿【ＧＦ】
9442,Toruboda GX Greaves,托魯波達護腿【ＧＸ】
9443,Toruboda Leggings,托魯波達裹腿
9444,Toruboda F Leggings,托魯波達裹腿【Ｆ】
9445,Toruboda FY Leggings,托魯波達腕裹腿
9446,Toruboda HS Leggings,托魯波達裹腿【ＨＳ】
9447,Toruboda G Leggings,托魯波達裹腿【Ｇ】
9448,Toruboda GF Leggings,托魯波達裹腿【ＧＦ】
9449,Toruboda GX Leggings,托魯波達裹腿【ＧＸ】
9450,Orykto Greaves,奧力克托護腿
9451,Orykto F Greaves,奧力克托護腿【Ｆ】
9452,Orykto FY Greaves,奧力克托護腿
9453,Orykto HS Greaves,奧力克托護腿【ＨＳ】
9454,Orykto Leggings,奧力克托裹腿
9455,Orykto F Leggings,奧力克托裹腿【Ｆ】
9456,Orykto FY Leggings,奧力克托裹腿
9457,Orykto HS Leggings,奧力克托裹腿【ＨＳ】
9458,Reuasu G Greaves,雷阿蘇護腿【Ｇ】
9459,Reuasu GF Greaves,雷阿蘇護腿【ＧＦ】
9460,Reuasu GX Greaves,雷阿蘇護腿【ＧＸ】
9461,Reuasu G Leggings,雷阿蘇裹腿【Ｇ】
9462,Reuasu GF Leggings,雷阿蘇裹腿【ＧＦ】
9463,Reuasu GX Leggings,雷阿蘇裹腿【ＧＸ】
9464,Harimeno Greaves,球紋章護腿
9465,Harimeno F Greaves,球紋章護腿【Ｆ】
9466,Harimeno FY Greaves,球紋章腕護腿
9467,Harimeno HS Greaves,球紋章護腿【ＨＳ】
9468,Harimeno G Greaves,球紋章護腿【Ｇ】
9469,Harimeno GF Greaves,球紋章護腿【ＧＦ】
9470,Harimeno GX Greaves,球紋章護腿【ＧＸ】
9471,Harimeno Leggings,球紋章裹腿
9472,Harimeno F Leggings,球紋章裹腿【Ｆ】
9473,Harimeno FY Leggings,球紋章腕裹腿
9474,Harimeno HS Leggings,球紋章裹腿【ＨＳ】
9475,Harimeno G Leggings,球紋章裹腿【Ｇ】
9476,Harimeno GF Leggings,球紋章裹腿【ＧＦ】
9477,Harimeno GX Leggings,球紋章裹腿【ＧＸ】
9478,Shiusu G Greaves,四隅Ｇ腕護腿【Ｇ】
9479,Shiusu GF Greaves,四隅Ｇ腕護腿【ＧＦ】
9480,Shiusu GX Greaves,四隅Ｇ腕護腿【ＧＸ】
9481,Shiusu G Leggings,四隅Ｇ腕裹腿【Ｇ】
9482,Shiusu GF Leggings,四隅Ｇ腕裹腿【ＧＦ】
9483,Shiusu GX Leggings,四隅Ｇ腕裹腿【ＧＸ】
9484,Barioth Greaves,氷牙龍護腿
9485,Barioth G Greaves,氷牙龍護腿【Ｇ】
9486,Barioth GF Greaves,氷牙龍護腿【ＧＦ】
9487,Barioth GX Greaves,氷牙龍護腿【ＧＸ】
9488,Barioth Leggings,氷牙龍裹腿
9489,Barioth G Leggings,氷牙龍裹腿【Ｇ】
9490,Barioth GF Leggings,氷牙龍裹腿【ＧＦ】
9491,Barioth GX Leggings,氷牙龍裹腿【ＧＸ】
9492,Will G Greaves,意志護腿【Ｇ】
9493,Will GF Greaves,意志護腿【ＧＦ】
9494,Will GX Greaves,意志護腿【ＧＸ】
9495,Will G Leggings,意志裹腿【Ｇ】
9496,Will GF Leggings,意志裹腿【ＧＦ】
9497,Will GX Leggings,意志裹腿【ＧＸ】
9498,Keisu Greaves,凱伊蘇護腿
9499,Keisu F Greaves,凱伊蘇護腿【Ｆ】
9500,Keisu FY Greaves,凱伊蘇腕護腿
9501,Keisu HS Greaves,凱伊蘇護腿【ＨＳ】
9502,Keisu G Greaves,凱伊蘇護腿【Ｇ】
9503,Keisu GF Greaves,凱伊蘇護腿【ＧＦ】
9504,Keisu GX Greaves,凱伊蘇護腿【ＧＸ】
9505,Keisu Leggings,凱伊蘇裹腿
9506,Keisu F Leggings,凱伊蘇裹腿【Ｆ】
9507,Keisu FY Leggings,凱伊蘇腕裹腿
9508,Keisu HS Leggings,凱伊蘇裹腿【ＨＳ】
9509,Keisu G Leggings,凱伊蘇裹腿【Ｇ】
9510,Keisu GF Leggings,凱伊蘇裹腿【ＧＦ】
9511,Keisu GX Leggings,凱伊蘇裹腿【ＧＸ】
9512,Lumiere Greaves,魯米艾雷護腿
9513,Lumiere F Greaves,魯米艾雷護腿【Ｆ】
9514,Lumiere FY Greaves,魯米艾雷腕護腿
9515,Lumiere HS Greaves,魯米艾雷護腿【ＨＳ】
9516,Lumiere G Greaves,魯米艾雷護腿【Ｇ】
9517,Lumiere GF Greaves,魯米艾雷護腿【ＧＦ】
9518,Lumiere GX Greaves,魯米艾雷護腿【ＧＸ】
9519,Lumiere Leggings,魯米艾雷裹腿
9520,Lumiere F Leggings,魯米艾雷裹腿【Ｆ】
9521,Lumiere FY Leggings,魯米艾雷腕裹腿
9522,Lumiere HS Leggings,魯米艾雷裹腿【ＨＳ】
9523,Lumiere G Leggings,魯米艾雷裹腿【Ｇ】
9524,Lumiere GF Leggings,魯米艾雷裹腿【ＧＦ】
9525,Lumiere GX Leggings,魯米艾雷裹腿【ＧＸ】
9526,Cleora Feet,克勒歐拉夫伊
9527,Cleora F Feet,克勒歐拉夫伊【Ｆ】
9528,Cleora FY Feet,克勒歐拉夫伊
9529,Cleora HS Feet,克勒歐拉夫伊【ＨＳ】
9530,Cleora G Feet,克勒歐拉夫伊【Ｇ】
9531,Cleora GF Feet,克勒歐拉夫伊【ＧＦ】
9532,Cleora GX Feet,克勒歐拉夫伊【ＧＸ】
9533,Cleora Boots,克艾歐拉靴
9534,Cleora F Boots,克艾歐拉靴【Ｆ】
9535,Cleora FY Boots,克爾艾歐拉夫伊靴
9536,Cleora HS Boots,克艾歐拉靴【ＨＳ】
9537,Cleora G Boots,克艾歐拉靴【Ｇ】
9538,Cleora GF Boots,克艾歐拉靴【ＧＦ】
9539,Cleora GX Boots,克艾歐拉靴【ＧＸ】
9540,Doragyurosu G Greaves,冥雷龍護腿【Ｇ】
9541,Doragyurosu GF Greaves,冥雷龍護腿【ＧＦ】
9542,Doragyurosu GX Greaves,冥雷龍護腿【ＧＸ】
9543,Doragyurosu G Leggings,冥雷龍裹腿【Ｇ】
9544,Doragyurosu GF Leggings,冥雷龍裹腿【ＧＦ】
9545,Doragyurosu GX Leggings,冥雷龍裹腿【ＧＸ】
9546,Wind GXペイル,
9547,Wind GXハディ,
9548,Meraginasu GX Greaves,黑穿龍護腿【ＧＸ】
9549,Meraginasu GX Leggings,黑穿龍裹腿【ＧＸ】
9550,Pobo GX Greaves,波波護腿【ＧＸ】
9551,Pobo GX Leggings,波波裹腿【ＧＸ】
9552,Toa Greaves,凍王龍護腿
9553,Toa F Greaves,凍王龍護腿【Ｆ】
9554,Toa FX Greaves,凍王龍護腿【ＦＸ】
9555,Toa G Greaves,凍王龍護腿【Ｇ】
9556,Toa GF Greaves,凍王龍護腿【ＧＦ】
9557,Toa GX Greaves,凍王龍護腿【ＧＸ】
9558,Toa Leggings,凍王龍裹腿
9559,Toa F Leggings,凍王龍裹腿【Ｆ】
9560,Toa FX Leggings,凍王龍裹腿【ＦＸ】
9561,Toa G Leggings,凍王龍裹腿【Ｇ】
9562,Toa GF Leggings,凍王龍裹腿【ＧＦ】
9563,Toa GX Leggings,凍王龍裹腿【ＧＸ】
9564,Blue Kut Ku G Greaves,怪鳥青庫護腿【Ｇ】・青
9565,Blue Kut Ku GF Greaves,怪鳥青庫護腿【ＧＦ】・青
9566,Blue Kut Ku GX Greaves,怪鳥青庫護腿【ＧＸ】・青
9567,Blue Kut Ku G Leggings,怪鳥青庫裹腿【Ｇ】・青
9568,Blue Kut Ku GF Leggings,怪鳥青庫裹腿【ＧＦ】・青
9569,Blue Kut Ku GX Leggings,怪鳥青庫裹腿【ＧＸ】・青
9570,Dreadrock G【 Hakama 】,哈可馬德雷阿【Ｇ】
9571,Dreadrock GF【 Hakama 】,哈可馬德雷阿【ＧＦ】
9572,Dreadrock GX【 Hakama 】,哈可馬德雷阿【ＧＸ】
9573,Redrock G【 Hakama 】,哈可馬雷德羅【Ｇ】
9574,Redrock GF【 Hakama 】,哈可馬雷德羅【ＧＦ】
9575,Redrock GX【 Hakama 】,哈可馬雷德羅【ＧＸ】
9576,Cielo Feet,克伊艾洛夫伊
9577,Cielo F Feet,克伊艾洛夫伊【Ｆ】
9578,Cielo FZ Feet,克伊艾洛夫伊【ＦＺ】
9579,Cielo HS Feet,克伊艾洛夫伊【ＨＳ】
9580,Cielo GS Feet,克伊艾洛夫伊【ＧＳ】
9581,Cielo GP Feet,克伊艾洛夫伊【ＧＰ】
9582,Cielo Boots,克伊艾爾歐靴
9583,Cielo F Boots,克伊艾爾歐靴【Ｆ】
9584,Cielo FZ Boots,克伊艾爾歐靴【ＦＺ】
9585,Cielo HS Boots,克伊艾爾歐靴【ＨＳ】
9586,Cielo GS Boots,克伊艾爾歐靴【ＧＳ】
9587,Cielo GP Boots,克伊艾爾歐靴【ＧＰ】
9588,Gagachu Feet,加加奇烏夫伊
9589,Gagachu F Feet,加加奇烏夫伊【Ｆ】
9590,Gagachu FZ Feet,加加奇烏夫伊【ＦＺ】
9591,Gagachu HS Feet,加加奇烏夫伊【ＨＳ】
9592,Gagachu GS Feet,加加奇烏夫伊【ＧＳ】
9593,Gagachu GP Feet,加加奇烏夫伊【ＧＰ】
9594,Gagachu Boots,加加丘靴
9595,Gagachu F Boots,加加丘靴【Ｆ】
9596,Gagachu FZ Boots,加加丘靴【ＦＺ】
9597,Gagachu HS Boots,加加丘靴【ＨＳ】
9598,Gagachu GS Boots,加加丘靴【ＧＳ】
9599,Gagachu GP Boots,加加丘靴【ＧＰ】
9600,Salta Feet,薩爾塔夫伊特
9601,Salta F Feet,薩爾塔夫伊特【Ｆ】
9602,Salta FZ Feet,薩爾塔夫伊特【ＦＺ】
9603,Salta HS Feet,薩爾塔夫伊特【ＨＳ】
9604,Salta GS Feet,薩爾塔夫伊特【ＧＳ】
9605,Salta GP Feet,薩爾塔夫伊特【ＧＰ】
9606,Salta Boots,薩爾塔靴
9607,Salta F Boots,薩爾塔靴【Ｆ】
9608,Salta FZ Boots,薩爾塔靴【ＦＺ】
9609,Salta HS Boots,薩爾塔靴【ＨＳ】
9610,Salta GS Boots,薩爾塔靴【ＧＳ】
9611,Salta GP Boots,薩爾塔靴【ＧＰ】
9612,Chiru G Greaves,血吼牙Ｇ腕護腿【Ｇ】
9613,Chiru GF Greaves,血吼牙Ｇ腕護腿【ＧＦ】
9614,Chiru GX Greaves,血吼牙Ｇ腕護腿【ＧＸ】
9615,Chiru G Leggings,血吼牙Ｇ腕裹腿【Ｇ】
9616,Chiru GF Leggings,血吼牙Ｇ腕裹腿【ＧＦ】
9617,Chiru GX Leggings,血吼牙Ｇ腕裹腿【ＧＸ】
9618,Ganeto G Greaves,法磁化Ｇ腕護腿【Ｇ】
9619,Ganeto GF Greaves,法磁化Ｇ腕護腿【ＧＦ】
9620,Ganeto GX Greaves,法磁化Ｇ腕護腿【ＧＸ】
9621,Ganeto G Leggings,法磁化Ｇ腕裹腿【Ｇ】
9622,Ganeto GF Leggings,法磁化Ｇ腕裹腿【ＧＦ】
9623,Ganeto GX Leggings,法磁化Ｇ腕裹腿【ＧＸ】
9624,Chiyo Legs,化抑制腿甲
9625,Chiyo Legs F,化抑制腿甲【Ｆ】
9626,Chiyo Legs FZ,化抑制腿甲【ＦＺ】
9627,Chiyo Legs HS,化抑制腿甲【ＨＳ】
9628,Chiyo Legs GS,化抑制腿甲【ＧＳ】
9629,Chiyo Legs GP,化抑制腿甲【ＧＰ】
9630,Chiyo Greaves,化抑制護腿
9631,Chiyo Greaves F,化抑制護腿【Ｆ】
9632,Chiyo Greaves FZ,化抑制護腿【ＦＺ】
9633,Chiyo Greaves HS,化抑制護腿【ＨＳ】
9634,Chiyo Greaves GS,化抑制護腿【ＧＳ】
9635,Chiyo Greaves GP,化抑制護腿【ＧＰ】
9636,Uragaan Greaves,爆錘龍護腿
9637,Uragaan G Greaves,爆錘龍護腿【Ｇ】
9638,Uragaan GF Greaves,爆錘龍護腿【ＧＦ】
9639,Uragaan GX Greaves,爆錘龍護腿【ＧＸ】
9640,Uragaan Leggings,爆錘龍裹腿
9641,Uragaan G Leggings,爆錘龍裹腿【Ｇ】
9642,Uragaan GF Leggings,爆錘龍裹腿【ＧＦ】
9643,Uragaan GX Leggings,爆錘龍裹腿【ＧＸ】
9644,Onyx Greaves,歐恩伊克斯護腿
9645,Onyx F Greaves,歐恩伊克斯護腿【Ｆ】
9646,Onyx FX Greaves,歐恩伊克斯護腿【ＦＸ】
9647,Rutile Greaves,魯提勒護腿
9648,Rutile F Greaves,魯提勒護腿【Ｆ】
9649,Rutile FX Greaves,魯提勒護腿【ＦＸ】
9650,Byakko・斬将G Feet,斬将
9651,Byakko・斬将GF Feet,斬将
9652,Byakko・斬将GX Feet,斬将
9653,Suzaku・斬将G Feet,斬将
9654,Suzaku・斬将GF Feet,斬将
9655,Suzaku・斬将GX Feet,斬将
9656,Genbu・斬将G Feet,斬将
9657,Genbu・斬将GF Feet,斬将
9658,Genbu・斬将GX Feet,斬将
9659,Seiryu・斬将G Feet,斬将
9660,Seiryu・斬将GF Feet,斬将
9661,Seiryu・斬将GX Feet,斬将
9662,White 蘭・斬将 Feet,蘭斬将・白
9663,White 蘭・斬将F Feet,蘭斬将・白
9664,White 蘭・斬将FX Feet,蘭斬将・白
9665,Crimson 霞・斬将 Feet,霞斬将・紅
9666,Crimson 霞・斬将F Feet,霞斬将・紅
9667,Crimson 霞・斬将FX Feet,霞斬将・紅
9668,White 蘭・斬将G Feet,蘭斬将・白
9669,White 蘭・斬将GF Feet,蘭斬将・白
9670,White 蘭・斬将GX Feet,蘭斬将・白
9671,月夜・斬将G Feet,月夜斬将
9672,月夜・斬将GF Feet,月夜斬将
9673,月夜・斬将GX Feet,月夜斬将
9674,Crimson 霞・斬将G Feet,霞斬将・紅
9675,Crimson 霞・斬将GF Feet,霞斬将・紅
9676,Crimson 霞・斬将GX Feet,霞斬将・紅
9677,Green 穹・斬将G Feet,穹斬将・緑
9678,Green 穹・斬将GF Feet,穹斬将・緑
9679,Green 穹・斬将GX Feet,穹斬将・緑
9680,Guan Greaves,關護腿
9681,Guan F Greaves,關護腿【Ｆ】
9682,Guan FX Greaves,關護腿【ＦＸ】
9683,Guan G Greaves,關護腿【Ｇ】
9684,Guan GF Greaves,關護腿【ＧＦ】
9685,Guan GX Greaves,關護腿【ＧＸ】
9686,Guan Leggings,關裹腿
9687,Guan F Leggings,關裹腿【Ｆ】
9688,Guan FX Leggings,關裹腿【ＦＸ】
9689,Guan G Leggings,關裹腿【Ｇ】
9690,Guan GF Leggings,關裹腿【ＧＦ】
9691,Guan GX Leggings,關裹腿【ＧＸ】
9692,Conqueror G【 Hakama 】,哈可馬克歐恩【Ｇ】
9693,Conqueror GF【 Hakama 】,哈可馬克歐恩【ＧＦ】
9694,Conqueror GX【 Hakama 】,哈可馬克歐恩【ＧＸ】
9695,Emperor G【 Hakama 】,哈可馬艾姆佩【Ｇ】
9696,Emperor GF【 Hakama 】,哈可馬艾姆佩【ＧＦ】
9697,Emperor GX【 Hakama 】,哈可馬艾姆佩【ＧＸ】
9698,Kushala Gペイル,鋼龍
9699,Kushala GFペイル,鋼龍
9700,Kushala GXペイル,鋼龍
9701,Kushala Gハディ,鋼龍
9702,Kushala GFハディ,鋼龍
9703,Kushala GXハディ,鋼龍
9704,Kaiser G Greaves,帝王護腿【Ｇ】
9705,Kaiser GF Greaves,帝王護腿【ＧＦ】
9706,Kaiser GX Greaves,帝王護腿【ＧＸ】
9707,Kaiser G Leggings,帝王裹腿【Ｇ】
9708,Kaiser GF Leggings,帝王裹腿【ＧＦ】
9709,Kaiser GX Leggings,帝王裹腿【ＧＸ】
9710,Mizuha G【Greaves】,瑞葉護腿【Ｇ】
9711,Mizuha GF【Greaves】,瑞葉護腿【ＧＦ】
9712,Mizuha GX【Greaves】,瑞葉護腿【ＧＸ】
9713,Toyotama G【Greaves】,豐玉護腿【Ｇ】
9714,Toyotama GF【Greaves】,豐玉護腿【ＧＦ】
9715,Toyotama GX【Greaves】,豐玉護腿【ＧＸ】
9716,Nargacuga Greaves,迅龍護腿
9717,Nargacuga G Greaves,迅龍護腿【Ｇ】
9718,Nargacuga GF Greaves,迅龍護腿【ＧＦ】
9719,Nargacuga GX Greaves,迅龍護腿【ＧＸ】
9720,Nargacuga Leggings,迅龍裹腿
9721,Nargacuga G Leggings,迅龍裹腿【Ｇ】
9722,Nargacuga GF Leggings,迅龍裹腿【ＧＦ】
9723,Nargacuga GX Leggings,迅龍裹腿【ＧＸ】
9724,Perifu Feet・Blue,佩里夫夫伊特・青
9725,Perifu F Feet・Blue,佩里夫夫伊特【Ｆ】・青
9726,Perifu FZ Feet・Blue,佩里夫夫伊特【ＦＺ】・青
9727,Perifu HS Feet・Blue,佩里夫夫伊特【ＨＳ】・青
9728,Perifu GS Feet・Blue,佩里夫夫伊特【ＧＳ】・青
9729,Perifu GP Feet・Blue,佩里夫夫伊特【ＧＰ】・青
9730,Perifu Boots・Blue,佩里夫靴・青
9731,Perifu F Boots・Blue,佩里夫靴【Ｆ】・青
9732,Perifu FZ Boots・Blue,佩里夫靴【ＦＺ】・青
9733,Perifu HS Boots・Blue,佩里夫靴【ＨＳ】・青
9734,Perifu GS Boots・Blue,佩里夫靴【ＧＳ】・青
9735,Perifu GP Boots・Blue,佩里夫靴【ＧＰ】・青
9736,Perifu Feet・Tea,佩里夫夫伊特・茶
9737,Perifu F Feet・Tea,佩里夫夫伊特【Ｆ】・茶
9738,Perifu FZ Feet・Tea,佩里夫夫伊特【ＦＺ】・茶
9739,Perifu HS Feet・Tea,佩里夫夫伊特【ＨＳ】・茶
9740,Perifu GS Feet・Tea,佩里夫夫伊特【ＧＳ】・茶
9741,Perifu GP Feet・Tea,佩里夫夫伊特【ＧＰ】・茶
9742,Perifu Boots・Tea,佩里夫靴・茶
9743,Perifu F Boots・Tea,佩里夫靴【Ｆ】・茶
9744,Perifu FZ Boots・Tea,佩里夫靴【ＦＺ】・茶
9745,Perifu HS Boots・Tea,佩里夫靴【ＨＳ】・茶
9746,Perifu GS Boots・Tea,佩里夫靴【ＧＳ】・茶
9747,Perifu GP Boots・Tea,佩里夫靴【ＧＰ】・茶
9748,Perifu Feet・Green,佩里夫夫伊特・緑
9749,Perifu F Feet・Green,佩里夫夫伊特【Ｆ】・緑
9750,Perifu FZ Feet・Green,佩里夫夫伊特【ＦＺ】・緑
9751,Perifu HS Feet・Green,佩里夫夫伊特【ＨＳ】・緑
9752,Perifu GS Feet・Green,佩里夫夫伊特【ＧＳ】・緑
9753,Perifu GP Feet・Green,佩里夫夫伊特【ＧＰ】・緑
9754,Perifu Boots・Green,佩里夫靴・緑
9755,Perifu F Boots・Green,佩里夫靴【Ｆ】・緑
9756,Perifu FZ Boots・Green,佩里夫靴【ＦＺ】・緑
9757,Perifu HS Boots・Green,佩里夫靴【ＨＳ】・緑
9758,Perifu GS Boots・Green,佩里夫靴【ＧＳ】・緑
9759,Perifu GP Boots・Green,佩里夫靴【ＧＰ】・緑
9760,Perifu Feet・Purple,佩里夫夫伊特・紫
9761,Perifu F Feet・Purple,佩里夫夫伊特【Ｆ】・紫
9762,Perifu FZ Feet・Purple,佩里夫夫伊特【ＦＺ】・紫
9763,Perifu HS Feet・Purple,佩里夫夫伊特【ＨＳ】・紫
9764,Perifu GS Feet・Purple,佩里夫夫伊特【ＧＳ】・紫
9765,Perifu GP Feet・Purple,佩里夫夫伊特【ＧＰ】・紫
9766,Perifu Boots・Purple,佩里夫靴・紫
9767,Perifu F Boots・Purple,佩里夫靴【Ｆ】・紫
9768,Perifu FZ Boots・Purple,佩里夫靴【ＦＺ】・紫
9769,Perifu HS Boots・Purple,佩里夫靴【ＨＳ】・紫
9770,Perifu GS Boots・Purple,佩里夫靴【ＧＳ】・紫
9771,Perifu GP Boots・Purple,佩里夫靴【ＧＰ】・紫
9772,Kaiji Feet,可伊傑伊夫伊
9773,Kaiji F Feet,可伊傑伊夫伊【Ｆ】
9774,Kaiji FZ Feet,可伊傑伊夫伊【ＦＺ】
9775,Kaiji HS Feet,可伊傑伊夫伊【ＨＳ】
9776,Kaiji GS Feet,可伊傑伊夫伊【ＧＳ】
9777,Kaiji GP Feet,可伊傑伊夫伊【ＧＰ】
9778,Kaiji Boots,可伊傑伊靴
9779,Kaiji F Boots,可伊傑伊靴【Ｆ】
9780,Kaiji FZ Boots,可伊傑伊靴【ＦＺ】
9781,Kaiji HS Boots,可伊傑伊靴【ＨＳ】
9782,Kaiji GS Boots,可伊傑伊靴【ＧＳ】
9783,Kaiji GP Boots,可伊傑伊靴【ＧＰ】
9784,Mikoko Feet,米科科夫伊特
9785,Mikoko F Feet,米科科夫伊特【Ｆ】
9786,Mikoko FZ Feet,米科科夫伊特【ＦＺ】
9787,Mikoko HS Feet,米科科夫伊特【ＨＳ】
9788,Mikoko GS Feet,米科科夫伊特【ＧＳ】
9789,Mikoko GP Feet,米科科夫伊特【ＧＰ】
9790,Mikoko Boots,米科科靴
9791,Mikoko F Boots,米科科靴【Ｆ】
9792,Mikoko FZ Boots,米科科靴【ＦＺ】
9793,Mikoko HS Boots,米科科靴【ＨＳ】
9794,Mikoko GS Boots,米科科靴【ＧＳ】
9795,Mikoko GP Boots,米科科靴【ＧＰ】
9796,テリュオ Feet,
9797,テリュオF Feet,
9798,テリュオFZ Feet,
9799,テリュオHS Feet,
9800,テリュオGS Feet,
9801,テリュオGP Feet,
9802,テリュオ Boots,特里尤歐靴
9803,テリュオF Boots,特里尤歐靴【Ｆ】
9804,テリュオFZ Boots,特里尤歐靴【ＦＺ】
9805,テリュオHS Boots,特里尤歐靴【ＨＳ】
9806,テリュオGS Boots,特里尤歐靴【ＧＳ】
9807,テリュオGP Boots,特里尤歐靴【ＧＰ】
9808,Sailor Socks,薩伊洛爾索克
9809,Sailor G Socks,薩伊洛爾索克【Ｇ】
9810,Sailor GF Socks,薩伊洛爾索克【ＧＦ】
9811,Sailor GX Socks,薩伊洛爾索克【ＧＸ】
9812,Sailor サンダル,
9813,Sailor Gサンダル,
9814,Sailor GFサンダル,
9815,Sailor GXサンダル,
9816,スフレ Feet,
9817,スフレF Feet,
9818,スフレFZ Feet,
9819,スフレHS Feet,
9820,スフレGS Feet,
9821,スフレGP Feet,
9822,スフレ Boots,蘇夫雷靴
9823,スフレF Boots,蘇夫雷靴【Ｆ】
9824,スフレFZ Boots,蘇夫雷靴【ＦＺ】
9825,スフレHS Boots,蘇夫雷靴【ＨＳ】
9826,スフレGS Boots,蘇夫雷靴【ＧＳ】
9827,スフレGP Boots,蘇夫雷靴【ＧＰ】
9828,Demon Tale ノ足枷G,足枷
9829,Demon Tale ノ足枷GF,足枷
9830,Demon Tale ノ足枷GX,足枷
9831,童伝ノ足枷G,童伝足枷
9832,童伝ノ足枷GF,童伝足枷
9833,童伝ノ足枷GX,童伝足枷
9834,Valier Greaves,勇士腕護腿
9835,Valier F Greaves,勇士腕護腿【Ｆ】
9836,Valier FY Greaves,勇士腕護腿
9837,Valier HS Greaves,勇士腕護腿【ＨＳ】
9838,Valier G Greaves,勇士腕護腿【Ｇ】
9839,Valier GF Greaves,勇士腕護腿【ＧＦ】
9840,Valier GX Greaves,勇士腕護腿【ＧＸ】
9841,Valier Leggings,勇士腕裹腿
9842,Valier F Leggings,勇士腕裹腿【Ｆ】
9843,Valier FY Leggings,勇士腕裹腿
9844,Valier HS Leggings,勇士腕裹腿【ＨＳ】
9845,Valier G Leggings,勇士腕裹腿【Ｇ】
9846,Valier GF Leggings,勇士腕裹腿【ＧＦ】
9847,Valier GX Leggings,勇士腕裹腿【ＧＸ】
9848,Lars Greaves,章觸媒腕護腿
9849,Lars F Greaves,章觸媒腕護腿【Ｆ】
9850,Lars FY Greaves,章觸媒腕護腿
9851,Lars HS Greaves,章觸媒腕護腿【ＨＳ】
9852,Lars G Greaves,章觸媒腕護腿【Ｇ】
9853,Lars GF Greaves,章觸媒腕護腿【ＧＦ】
9854,Lars GX Greaves,章觸媒腕護腿【ＧＸ】
9855,Lars Leggings,章觸媒腕裹腿
9856,Lars F Leggings,章觸媒腕裹腿【Ｆ】
9857,Lars FY Leggings,章觸媒腕裹腿
9858,Lars HS Leggings,章觸媒腕裹腿【ＨＳ】
9859,Lars G Leggings,章觸媒腕裹腿【Ｇ】
9860,Lars GF Leggings,章觸媒腕裹腿【ＧＦ】
9861,Lars GX Leggings,章觸媒腕裹腿【ＧＸ】
9862,Shirukku Feet,修伊魯克庫夫
9863,Shirukku F Feet,修伊魯克庫夫【Ｆ】
9864,Shirukku FY Feet,修伊魯克庫夫
9865,Shirukku HS Feet,修伊魯克庫夫【ＨＳ】
9866,Shirukku G Feet,修伊魯克庫夫【Ｇ】
9867,Shirukku GF Feet,修伊魯克庫夫【ＧＦ】
9868,Shirukku GX Feet,修伊魯克庫夫【ＧＸ】
9869,Shirukku Boots,研磨尾靴
9870,Shirukku F Boots,研磨尾靴【Ｆ】
9871,Shirukku FY Boots,斯希魯克庫夫伊靴
9872,Shirukku HS Boots,研磨尾靴【ＨＳ】
9873,Shirukku G Boots,研磨尾靴【Ｇ】
9874,Shirukku GF Boots,研磨尾靴【ＧＦ】
9875,Shirukku GX Boots,研磨尾靴【ＧＸ】
9876,Norukku Feet,諾魯克庫夫伊
9877,Norukku F Feet,諾魯克庫夫伊【Ｆ】
9878,Norukku FY Feet,諾魯克庫夫伊
9879,Norukku HS Feet,諾魯克庫夫伊【ＨＳ】
9880,Norukku G Feet,諾魯克庫夫伊【Ｇ】
9881,Norukku GF Feet,諾魯克庫夫伊【ＧＦ】
9882,Norukku GX Feet,諾魯克庫夫伊【ＧＸ】
9883,Norukku Boots,諾魯克靴
9884,Norukku F Boots,諾魯克靴【Ｆ】
9885,Norukku FY Boots,諾魯克庫夫伊靴
9886,Norukku HS Boots,諾魯克靴【ＨＳ】
9887,Norukku G Boots,諾魯克靴【Ｇ】
9888,Norukku GF Boots,諾魯克靴【ＧＦ】
9889,Norukku GX Boots,諾魯克靴【ＧＸ】
9890,Reiresu G Greaves,雷雷斯護腿【Ｇ】
9891,Reiresu GF Greaves,雷雷斯護腿【ＧＦ】
9892,Reiresu GX Greaves,雷雷斯護腿【ＧＸ】
9893,Reiresu G Leggings,雷雷斯裹腿【Ｇ】
9894,Reiresu GF Leggings,雷雷斯裹腿【ＧＦ】
9895,Reiresu GX Leggings,雷雷斯裹腿【ＧＸ】
9896,Saint G Greaves,聖護腿【Ｇ】
9897,Saint GF Greaves,聖護腿【ＧＦ】
9898,Saint GX Greaves,聖護腿【ＧＸ】
9899,Saint G Leggings,聖裹腿【Ｇ】
9900,Saint GF Leggings,聖裹腿【ＧＦ】
9901,Saint GX Leggings,聖裹腿【ＧＸ】
9902,ハセル Vol Feet,
9903,ハセル Vol Feet F,【Ｆ】
9904,ハセル Vol Feet FZ,【ＦＺ】
9905,ハセル Vol Feet HS,【ＨＳ】
9906,ハセル Vol Feet GS,【ＧＳ】
9907,ハセル Vol Feet GP,【ＧＰ】
9908,Solflare Feet,索爾夫拉雷夫
9909,Solflare F Feet,索爾夫拉雷夫【Ｆ】
9910,Solflare FZ Feet,索爾夫拉雷夫【ＦＺ】
9911,Solflare HS Feet,索爾夫拉雷夫【ＨＳ】
9912,Solflare GS Feet,索爾夫拉雷夫【ＧＳ】
9913,Solflare GP Feet,索爾夫拉雷夫【ＧＰ】
9914,Solflare Boots,索爾夫爾阿雷靴
9915,Solflare F Boots,索爾夫爾阿雷靴【Ｆ】
9916,Solflare FZ Boots,索爾夫爾阿雷靴【ＦＺ】
9917,Solflare HS Boots,索爾夫爾阿雷靴【ＨＳ】
9918,Solflare GS Boots,索爾夫爾阿雷靴【ＧＳ】
9919,Solflare GP Boots,索爾夫爾阿雷靴【ＧＰ】
9920,Arben Feet,阿爾貝恩夫伊
9921,Arben F Feet,阿爾貝恩夫伊【Ｆ】
9922,Arben FZ Feet,阿爾貝恩夫伊【ＦＺ】
9923,Arben HS Feet,阿爾貝恩夫伊【ＨＳ】
9924,Arben GS Feet,阿爾貝恩夫伊【ＧＳ】
9925,Arben GP Feet,阿爾貝恩夫伊【ＧＰ】
9926,Arben Boots,阿爾貝恩靴
9927,Arben F Boots,阿爾貝恩靴【Ｆ】
9928,Arben FZ Boots,阿爾貝恩靴【ＦＺ】
9929,Arben HS Boots,阿爾貝恩靴【ＨＳ】
9930,Arben GS Boots,阿爾貝恩靴【ＧＳ】
9931,Arben GP Boots,阿爾貝恩靴【ＧＰ】
9932,Keravuno Feet,凱拉夫烏諾夫
9933,Keravuno F Feet,凱拉夫烏諾夫【Ｆ】
9934,Keravuno FZ Feet,凱拉夫烏諾夫【ＦＺ】
9935,Keravuno HS Feet,凱拉夫烏諾夫【ＨＳ】
9936,Keravuno GS Feet,凱拉夫烏諾夫【ＧＳ】
9937,Keravuno GP Feet,凱拉夫烏諾夫【ＧＰ】
9938,Keravuno Boots,凱拉夫烏諾靴
9939,Keravuno F Boots,凱拉夫烏諾靴【Ｆ】
9940,Keravuno FZ Boots,凱拉夫烏諾靴【ＦＺ】
9941,Keravuno HS Boots,凱拉夫烏諾靴【ＨＳ】
9942,Keravuno GS Boots,凱拉夫烏諾靴【ＧＳ】
9943,Keravuno GP Boots,凱拉夫烏諾靴【ＧＰ】
9944,Waka Legs,若腿甲
9945,Waka Legs F,若腿甲【Ｆ】
9946,Waka Legs FZ,若腿甲【ＦＺ】
9947,Waka Legs HS,若腿甲【ＨＳ】
9948,Waka Legs GS,若腿甲【ＧＳ】
9949,Waka Legs GP,若腿甲【ＧＰ】
9950,Waka Greaves,若護腿
9951,Waka Greaves F,若護腿【Ｆ】
9952,Waka Greaves FZ,若護腿【ＦＺ】
9953,Waka Greaves HS,若護腿【ＨＳ】
9954,Waka Greaves GS,若護腿【ＧＳ】
9955,Waka Greaves GP,若護腿【ＧＰ】
9956,Ruko G Feet,魯科夫伊特【Ｇ】
9957,Ruko GF Feet,魯科夫伊特【ＧＦ】
9958,Ruko GX Feet,魯科夫伊特【ＧＸ】
9959,Ruko G Legs,魯科腿甲【Ｇ】
9960,Ruko GF Legs,魯科腿甲【ＧＦ】
9961,Ruko GX Legs,魯科腿甲【ＧＸ】
9962,Kirin Gレガース,麒麟
9963,Kirin GFレガース,麒麟
9964,Kirin GXレガース,麒麟
9965,Kirin G Boots,麒麟靴【Ｇ】
9966,Kirin GF Boots,麒麟靴【ＧＦ】
9967,Kirin GX Boots,麒麟靴【ＧＸ】
9968,Voljang Greaves,紅蓮獅子護腿
9969,Voljang F Greaves,紅蓮獅子護腿【Ｆ】
9970,Voljang FX Greaves,紅蓮獅子護腿【ＦＸ】
9971,Voljang G Greaves,紅蓮獅子護腿【Ｇ】
9972,Voljang GF Greaves,紅蓮獅子護腿【ＧＦ】
9973,Voljang GX Greaves,紅蓮獅子護腿【ＧＸ】
9974,Voljang Leggings,紅蓮獅子裹腿
9975,Voljang F Leggings,紅蓮獅子裹腿【Ｆ】
9976,Voljang FX Leggings,紅蓮獅子裹腿【ＦＸ】
9977,Voljang G Leggings,紅蓮獅子裹腿【Ｇ】
9978,Voljang GF Leggings,紅蓮獅子裹腿【ＧＦ】
9979,Voljang GX Leggings,紅蓮獅子裹腿【ＧＸ】
9980,Flame GX Greaves,焔護腿【ＧＸ】
9981,Flame GX Leggings,焔裹腿【ＧＸ】
9982,Furoru GX Leg,夫羅魯腿【ＧＸ】
9983,Furoru GX Boots,夫羅魯靴【ＧＸ】
9984,Varusa GX Greaves,炎角龍護腿【ＧＸ】
9985,Varusa GX Leggings,炎角龍裹腿【ＧＸ】
9986,Stygian Greaves,獄狼龍護腿
9987,Stygian G Greaves,獄狼龍護腿【Ｇ】
9988,Stygian GF Greaves,獄狼龍護腿【ＧＦ】
9989,Stygian GX Greaves,獄狼龍護腿【ＧＸ】
9990,Stygian Leggings,獄狼龍裹腿
9991,Stygian G Leggings,獄狼龍裹腿【Ｇ】
9992,Stygian GF Leggings,獄狼龍裹腿【ＧＦ】
9993,Stygian GX Leggings,獄狼龍裹腿【ＧＸ】
9994,Melynx Greaves,梅拉路護腿
9995,Melynx F Greaves,梅拉路護腿【Ｆ】
9996,Melynx FZ Greaves,梅拉路護腿【ＦＺ】
9997,Melynx HS Greaves,梅拉路護腿【ＨＳ】
9998,Melynx GS Greaves,梅拉路護腿【ＧＳ】
9999,Melynx GP Greaves,梅拉路護腿【ＧＰ】
10000,Melynx Feet,梅爾伊恩克斯夫
10001,Melynx F Feet,梅爾伊恩克斯夫【Ｆ】
10002,Melynx FZ Feet,梅爾伊恩克斯夫【ＦＺ】
10003,Melynx HS Feet,梅爾伊恩克斯夫【ＨＳ】
10004,Melynx GS Feet,梅爾伊恩克斯夫【ＧＳ】
10005,Melynx GP Feet,梅爾伊恩克斯夫【ＧＰ】
10006,Felyne Greaves,艾路猫護腿
10007,Felyne F Greaves,艾路猫護腿【Ｆ】
10008,Felyne FZ Greaves,艾路猫護腿【ＦＺ】
10009,Felyne HS Greaves,艾路猫護腿【ＨＳ】
10010,Felyne GS Greaves,艾路猫護腿【ＧＳ】
10011,Felyne GP Greaves,艾路猫護腿【ＧＰ】
10012,Felyne Feet,夫艾爾伊涅夫
10013,Felyne F Feet,夫艾爾伊涅夫【Ｆ】
10014,Felyne FZ Feet,夫艾爾伊涅夫【ＦＺ】
10015,Felyne HS Feet,夫艾爾伊涅夫【ＨＳ】
10016,Felyne GS Feet,夫艾爾伊涅夫【ＧＳ】
10017,Felyne GP Feet,夫艾爾伊涅夫【ＧＰ】
10018,Tabby Greaves,特阿布布伊護腿
10019,Tabby F Greaves,特阿布布伊護腿【Ｆ】
10020,Tabby FZ Greaves,特阿布布伊護腿【ＦＺ】
10021,Tabby HS Greaves,特阿布布伊護腿【ＨＳ】
10022,Tabby GS Greaves,特阿布布伊護腿【ＧＳ】
10023,Tabby GP Greaves,特阿布布伊護腿【ＧＰ】
10024,Tabby Feet,塔布布伊夫伊
10025,Tabby F Feet,塔布布伊夫伊【Ｆ】
10026,Tabby FZ Feet,塔布布伊夫伊【ＦＺ】
10027,Tabby HS Feet,塔布布伊夫伊【ＨＳ】
10028,Tabby GS Feet,塔布布伊夫伊【ＧＳ】
10029,Tabby GP Feet,塔布布伊夫伊【ＧＰ】
10030,Brown Greaves,褐護腿
10031,Brown F Greaves,褐護腿【Ｆ】
10032,Brown FZ Greaves,褐護腿【ＦＺ】
10033,Brown HS Greaves,褐護腿【ＨＳ】
10034,Brown GS Greaves,褐護腿【ＧＳ】
10035,Brown GP Greaves,褐護腿【ＧＰ】
10036,Brown Feet,布羅烏恩夫伊
10037,Brown F Feet,布羅烏恩夫伊【Ｆ】
10038,Brown FZ Feet,布羅烏恩夫伊【ＦＺ】
10039,Brown HS Feet,布羅烏恩夫伊【ＨＳ】
10040,Brown GS Feet,布羅烏恩夫伊【ＧＳ】
10041,Brown GP Feet,布羅烏恩夫伊【ＧＰ】
10042,Calico Greaves,比納桃護腿
10043,Calico F Greaves,比納桃護腿【Ｆ】
10044,Calico FZ Greaves,比納桃護腿【ＦＺ】
10045,Calico HS Greaves,比納桃護腿【ＨＳ】
10046,Calico GS Greaves,比納桃護腿【ＧＳ】
10047,Calico GP Greaves,比納桃護腿【ＧＰ】
10048,Calico Feet,克阿里克歐夫
10049,Calico F Feet,克阿里克歐夫【Ｆ】
10050,Calico FZ Feet,克阿里克歐夫【ＦＺ】
10051,Calico HS Feet,克阿里克歐夫【ＨＳ】
10052,Calico GS Feet,克阿里克歐夫【ＧＳ】
10053,Calico GP Feet,克阿里克歐夫【ＧＰ】
10054,Monotone Greaves,莫諾托涅護腿
10055,Monotone F Greaves,莫諾托涅護腿【Ｆ】
10056,Monotone FZ Greaves,莫諾托涅護腿【ＦＺ】
10057,Monotone HS Greaves,莫諾托涅護腿【ＨＳ】
10058,Monotone GS Greaves,莫諾托涅護腿【ＧＳ】
10059,Monotone GP Greaves,莫諾托涅護腿【ＧＰ】
10060,Monotone Feet,莫諾托涅夫伊
10061,Monotone F Feet,莫諾托涅夫伊【Ｆ】
10062,Monotone FZ Feet,莫諾托涅夫伊【ＦＺ】
10063,Monotone HS Feet,莫諾托涅夫伊【ＨＳ】
10064,Monotone GS Feet,莫諾托涅夫伊【ＧＳ】
10065,Monotone GP Feet,莫諾托涅夫伊【ＧＰ】
10066,Chashiro Greaves,奇阿修伊羅護腿
10067,Chashiro F Greaves,奇阿修伊羅護腿【Ｆ】
10068,Chashiro FZ Greaves,奇阿修伊羅護腿【ＦＺ】
10069,Chashiro HS Greaves,奇阿修伊羅護腿【ＨＳ】
10070,Chashiro GS Greaves,奇阿修伊羅護腿【ＧＳ】
10071,Chashiro GP Greaves,奇阿修伊羅護腿【ＧＰ】
10072,Chashiro Feet,奇阿修伊羅夫
10073,Chashiro F Feet,奇阿修伊羅夫【Ｆ】
10074,Chashiro FZ Feet,奇阿修伊羅夫【ＦＺ】
10075,Chashiro HS Feet,奇阿修伊羅夫【ＨＳ】
10076,Chashiro GS Feet,奇阿修伊羅夫【ＧＳ】
10077,Chashiro GP Feet,奇阿修伊羅夫【ＧＰ】
10078,Two-tone Greaves,二音護腿
10079,Two-tone F Greaves,二音護腿【Ｆ】
10080,Two-tone FZ Greaves,二音護腿【ＦＺ】
10081,Two-tone HS Greaves,二音護腿【ＨＳ】
10082,Two-tone GS Greaves,二音護腿【ＧＳ】
10083,Two-tone GP Greaves,二音護腿【ＧＰ】
10084,Two-tone Feet,特沃托涅夫伊
10085,Two-tone F Feet,特沃托涅夫伊【Ｆ】
10086,Two-tone FZ Feet,特沃托涅夫伊【ＦＺ】
10087,Two-tone HS Feet,特沃托涅夫伊【ＨＳ】
10088,Two-tone GS Feet,特沃托涅夫伊【ＧＳ】
10089,Two-tone GP Feet,特沃托涅夫伊【ＧＰ】
10090,Elegant Feet,艾勒加恩特夫
10091,Elegant F Feet,艾勒加恩特夫【Ｆ】
10092,Elegant FZ Feet,艾勒加恩特夫【ＦＺ】
10093,Elegant HS Feet,艾勒加恩特夫【ＨＳ】
10094,Elegant GS Feet,艾勒加恩特夫【ＧＳ】
10095,Elegant GP Feet,艾勒加恩特夫【ＧＰ】
10096,Elegant Boots,艾爾艾加恩特靴
10097,Elegant F Boots,艾爾艾加恩特靴【Ｆ】
10098,Elegant FZ Boots,艾爾艾加恩特靴【ＦＺ】
10099,Elegant HS Boots,艾爾艾加恩特靴【ＨＳ】
10100,Elegant GS Boots,艾爾艾加恩特靴【ＧＳ】
10101,Elegant GP Boots,艾爾艾加恩特靴【ＧＰ】
10102,Aura Feet,奧拉夫伊特
10103,Aura F Feet,奧拉夫伊特【Ｆ】
10104,Aura FZ Feet,奧拉夫伊特【ＦＺ】
10105,Aura HS Feet,奧拉夫伊特【ＨＳ】
10106,Aura GS Feet,奧拉夫伊特【ＧＳ】
10107,Aura GP Feet,奧拉夫伊特【ＧＰ】
10108,Aura Boots,阿烏拉靴
10109,Aura F Boots,阿烏拉靴【Ｆ】
10110,Aura FZ Boots,阿烏拉靴【ＦＺ】
10111,Aura HS Boots,阿烏拉靴【ＨＳ】
10112,Aura GS Boots,阿烏拉靴【ＧＳ】
10113,Aura GP Boots,阿烏拉靴【ＧＰ】
10114,Wasou Legs,瓦索烏腿甲
10115,Wasou Legs F,瓦索烏腿甲【Ｆ】
10116,Wasou Legs FZ,瓦索烏腿甲【ＦＺ】
10117,Wasou Legs HS,瓦索烏腿甲【ＨＳ】
10118,Wasou Legs GS,瓦索烏腿甲【ＧＳ】
10119,Wasou Legs GP,瓦索烏腿甲【ＧＰ】
10120,Wasou Greaves,瓦索烏護腿
10121,Wasou Greaves F,瓦索烏護腿【Ｆ】
10122,Wasou Greaves FZ,瓦索烏護腿【ＦＺ】
10123,Wasou Greaves HS,瓦索烏護腿【ＨＳ】
10124,Wasou Greaves GS,瓦索烏護腿【ＧＳ】
10125,Wasou Greaves GP,瓦索烏護腿【ＧＰ】
10126,Blue Ice Emperor Feet,伊克伊姆佩羅・青
10127,Blue Ice Emperor F Feet,伊克伊姆佩羅【Ｆ】・青
10128,Blue Ice Emperor FZ Feet,伊克伊姆佩羅【ＦＺ】・青
10129,Blue Ice Emperor HS Feet,伊克伊姆佩羅【ＨＳ】・青
10130,Blue Ice Emperor GS Feet,伊克伊姆佩羅【ＧＳ】・青
10131,Blue Ice Emperor GP Feet,伊克伊姆佩羅【ＧＰ】・青
10132,Blue Ice Emperor Boots,伊克艾艾姆佩羅爾靴・青
10133,Blue Ice Emperor F Boots,伊克艾艾姆佩羅爾靴【Ｆ】・青
10134,Blue Ice Emperor FZ Boots,伊克艾艾姆佩羅爾靴【ＦＺ】・青
10135,Blue Ice Emperor HS Boots,伊克艾艾姆佩羅爾靴【ＨＳ】・青
10136,Blue Ice Emperor GS Boots,伊克艾艾姆佩羅爾靴【ＧＳ】・青
10137,Blue Ice Emperor GP Boots,伊克艾艾姆佩羅爾靴【ＧＰ】・青
10138,White Ice Emperor Feet,伊克伊姆佩羅・白
10139,White Ice Emperor F Feet,伊克伊姆佩羅【Ｆ】・白
10140,White Ice Emperor FZ Feet,伊克伊姆佩羅【ＦＺ】・白
10141,White Ice Emperor HS Feet,伊克伊姆佩羅【ＨＳ】・白
10142,White Ice Emperor GS Feet,伊克伊姆佩羅【ＧＳ】・白
10143,White Ice Emperor GP Feet,伊克伊姆佩羅【ＧＰ】・白
10144,White Ice Emperor Boots,伊克艾艾姆佩羅爾靴・白
10145,White Ice Emperor F Boots,伊克艾艾姆佩羅爾靴【Ｆ】・白
10146,White Ice Emperor FZ Boots,伊克艾艾姆佩羅爾靴【ＦＺ】・白
10147,White Ice Emperor HS Boots,伊克艾艾姆佩羅爾靴【ＨＳ】・白
10148,White Ice Emperor GS Boots,伊克艾艾姆佩羅爾靴【ＧＳ】・白
10149,White Ice Emperor GP Boots,伊克艾艾姆佩羅爾靴【ＧＰ】・白
10150,Red Ice Emperor Feet,伊克伊姆佩羅・赤
10151,Red Ice Emperor F Feet,伊克伊姆佩羅【Ｆ】・赤
10152,Red Ice Emperor FZ Feet,伊克伊姆佩羅【ＦＺ】・赤
10153,Red Ice Emperor HS Feet,伊克伊姆佩羅【ＨＳ】・赤
10154,Red Ice Emperor GS Feet,伊克伊姆佩羅【ＧＳ】・赤
10155,Red Ice Emperor GP Feet,伊克伊姆佩羅【ＧＰ】・赤
10156,Red Ice Emperor Boots,伊克艾艾姆佩羅爾靴・赤
10157,Red Ice Emperor F Boots,伊克艾艾姆佩羅爾靴【Ｆ】・赤
10158,Red Ice Emperor FZ Boots,伊克艾艾姆佩羅爾靴【ＦＺ】・赤
10159,Red Ice Emperor HS Boots,伊克艾艾姆佩羅爾靴【ＨＳ】・赤
10160,Red Ice Emperor GS Boots,伊克艾艾姆佩羅爾靴【ＧＳ】・赤
10161,Red Ice Emperor GP Boots,伊克艾艾姆佩羅爾靴【ＧＰ】・赤
10162,Taruta Feet,塔魯塔夫伊特
10163,Taruta F Feet,塔魯塔夫伊特【Ｆ】
10164,Taruta FZ Feet,塔魯塔夫伊特【ＦＺ】
10165,Taruta HS Feet,塔魯塔夫伊特【ＨＳ】
10166,Taruta GS Feet,塔魯塔夫伊特【ＧＳ】
10167,Taruta GP Feet,塔魯塔夫伊特【ＧＰ】
10168,Taruta Boots,塔魯塔靴
10169,Taruta F Boots,塔魯塔靴【Ｆ】
10170,Taruta FZ Boots,塔魯塔靴【ＦＺ】
10171,Taruta HS Boots,塔魯塔靴【ＨＳ】
10172,Taruta GS Boots,塔魯塔靴【ＧＳ】
10173,Taruta GP Boots,塔魯塔靴【ＧＰ】
10174,Ruruta Feet,魯魯塔夫伊特
10175,Ruruta F Feet,魯魯塔夫伊特【Ｆ】
10176,Ruruta FZ Feet,魯魯塔夫伊特【ＦＺ】
10177,Ruruta HS Feet,魯魯塔夫伊特【ＨＳ】
10178,Ruruta GS Feet,魯魯塔夫伊特【ＧＳ】
10179,Ruruta GP Feet,魯魯塔夫伊特【ＧＰ】
10180,Ruruta Boots,魯魯塔靴
10181,Ruruta F Boots,魯魯塔靴【Ｆ】
10182,Ruruta FZ Boots,魯魯塔靴【ＦＺ】
10183,Ruruta HS Boots,魯魯塔靴【ＨＳ】
10184,Ruruta GS Boots,魯魯塔靴【ＧＳ】
10185,Ruruta GP Boots,魯魯塔靴【ＧＰ】
10186,Kurofi Feet,庫羅夫伊夫伊
10187,Kurofi F Feet,庫羅夫伊夫伊【Ｆ】
10188,Kurofi FZ Feet,庫羅夫伊夫伊【ＦＺ】
10189,Kurofi HS Feet,庫羅夫伊夫伊【ＨＳ】
10190,Kurofi GS Feet,庫羅夫伊夫伊【ＧＳ】
10191,Kurofi GP Feet,庫羅夫伊夫伊【ＧＰ】
10192,Kurofi Boots,庫羅夫伊靴
10193,Kurofi F Boots,庫羅夫伊靴【Ｆ】
10194,Kurofi FZ Boots,庫羅夫伊靴【ＦＺ】
10195,Kurofi HS Boots,庫羅夫伊靴【ＨＳ】
10196,Kurofi GS Boots,庫羅夫伊靴【ＧＳ】
10197,Kurofi GP Boots,庫羅夫伊靴【ＧＰ】
10198,Gudan Feet,古達恩夫伊特
10199,Gudan F Feet,古達恩夫伊特【Ｆ】
10200,Gudan FZ Feet,古達恩夫伊特【ＦＺ】
10201,Gudan HS Feet,古達恩夫伊特【ＨＳ】
10202,Gudan GS Feet,古達恩夫伊特【ＧＳ】
10203,Gudan GP Feet,古達恩夫伊特【ＧＰ】
10204,Chiarim Feet,奇伊阿里姆夫
10205,Chiarim F Feet,奇伊阿里姆夫【Ｆ】
10206,Chiarim FZ Feet,奇伊阿里姆夫【ＦＺ】
10207,Chiarim HS Feet,奇伊阿里姆夫【ＨＳ】
10208,Chiarim GS Feet,奇伊阿里姆夫【ＧＳ】
10209,Chiarim GP Feet,奇伊阿里姆夫【ＧＰ】
10210,Chiarim Boots,奇阿里姆靴
10211,Chiarim F Boots,奇阿里姆靴【Ｆ】
10212,Chiarim FZ Boots,奇阿里姆靴【ＦＺ】
10213,Chiarim HS Boots,奇阿里姆靴【ＨＳ】
10214,Chiarim GS Boots,奇阿里姆靴【ＧＳ】
10215,Chiarim GP Boots,奇阿里姆靴【ＧＰ】
10216,Rohokku Greaves,爾歐哈歐克克烏腕護腿
10217,Rohokku F Greaves,爾歐哈歐克克烏腕護腿【Ｆ】
10218,Rohokku FY Greaves,爾歐哈歐克克烏腕護腿
10219,Rohokku HS Greaves,爾歐哈歐克克烏腕護腿【ＨＳ】
10220,Rohokku G Greaves,爾歐哈歐克克烏腕護腿【Ｇ】
10221,Rohokku GF Greaves,爾歐哈歐克克烏腕護腿【ＧＦ】
10222,Rohokku GX Greaves,爾歐哈歐克克烏腕護腿【ＧＸ】
10223,Rohokku Leggings,爾歐哈歐克克烏腕裹腿
10224,Rohokku F Leggings,爾歐哈歐克克烏腕裹腿【Ｆ】
10225,Rohokku FY Leggings,爾歐哈歐克克烏腕裹腿
10226,Rohokku HS Leggings,爾歐哈歐克克烏腕裹腿【ＨＳ】
10227,Rohokku G Leggings,爾歐哈歐克克烏腕裹腿【Ｇ】
10228,Rohokku GF Leggings,爾歐哈歐克克烏腕裹腿【ＧＦ】
10229,Rohokku GX Leggings,爾歐哈歐克克烏腕裹腿【ＧＸ】
10230,Cure Greaves,治腕護腿
10231,Cure F Greaves,治腕護腿【Ｆ】
10232,Cure FY Greaves,治腕護腿
10233,Cure HS Greaves,治腕護腿【ＨＳ】
10234,Cure G Greaves,治腕護腿【Ｇ】
10235,Cure GF Greaves,治腕護腿【ＧＦ】
10236,Cure GX Greaves,治腕護腿【ＧＸ】
10237,Cure Leggings,治腕裹腿
10238,Cure F Leggings,治腕裹腿【Ｆ】
10239,Cure FY Leggings,治腕裹腿
10240,Cure HS Leggings,治腕裹腿【ＨＳ】
10241,Cure G Leggings,治腕裹腿【Ｇ】
10242,Cure GF Leggings,治腕裹腿【ＧＦ】
10243,Cure GX Leggings,治腕裹腿【ＧＸ】
10244,鬼凛ノ足枷G,鬼凛足枷
10245,鬼凛ノ足枷GF,鬼凛足枷
10246,鬼凛ノ足枷GX,鬼凛足枷
10247,童凛ノ足枷G,童凛足枷
10248,童凛ノ足枷GF,童凛足枷
10249,童凛ノ足枷GX,童凛足枷
10250,Eguiene Greaves,埃吉恩護腿
10251,Eguiene F Greaves,埃吉恩護腿【Ｆ】
10252,Eguiene FY Greaves,埃吉恩護腿
10253,Eguiene HS Greaves,埃吉恩護腿【ＨＳ】
10254,Eguiene G Greaves,埃吉恩護腿【Ｇ】
10255,Eguiene GF Greaves,埃吉恩護腿【ＧＦ】
10256,Eguiene GX Greaves,埃吉恩護腿【ＧＸ】
10257,Eguiene Leggings,埃吉恩裹腿
10258,Eguiene F Leggings,埃吉恩裹腿【Ｆ】
10259,Eguiene FY Leggings,埃吉恩裹腿
10260,Eguiene HS Leggings,埃吉恩裹腿【ＨＳ】
10261,Eguiene G Leggings,埃吉恩裹腿【Ｇ】
10262,Eguiene GF Leggings,埃吉恩裹腿【ＧＦ】
10263,Eguiene GX Leggings,埃吉恩裹腿【ＧＸ】
10264,Vakusu Greaves,瓦庫斯護腿
10265,Vakusu F Greaves,瓦庫斯護腿【Ｆ】
10266,Vakusu FY Greaves,瓦庫斯護腿
10267,Vakusu HS Greaves,瓦庫斯護腿【ＨＳ】
10268,Vakusu G Greaves,瓦庫斯護腿【Ｇ】
10269,Vakusu GF Greaves,瓦庫斯護腿【ＧＦ】
10270,Vakusu GX Greaves,瓦庫斯護腿【ＧＸ】
10271,Vakusu Leggings,瓦庫斯裹腿
10272,Vakusu F Leggings,瓦庫斯裹腿【Ｆ】
10273,Vakusu FY Leggings,瓦庫斯裹腿
10274,Vakusu HS Leggings,瓦庫斯裹腿【ＨＳ】
10275,Vakusu G Leggings,瓦庫斯裹腿【Ｇ】
10276,Vakusu GF Leggings,瓦庫斯裹腿【ＧＦ】
10277,Vakusu GX Leggings,瓦庫斯裹腿【ＧＸ】
10278,Nympha Greaves,寧芙護腿
10279,Chloe Greaves,奇洛艾護腿
10280,Espinas Z Heel,棘龍【Ｚ】
10281,Espinas ZF Heel,棘龍【ＺＦ】
10282,Espinas ZY Heel,棘龍【ＺＹ】
10283,Espinas ZX Heel,棘龍【ＺＸ】
10284,Espinas Z March,棘龍【Ｚ】
10285,Espinas ZF March,棘龍【ＺＦ】
10286,Espinas ZY March,棘龍【ＺＹ】
10287,Espinas ZX March,棘龍【ＺＸ】
10288,Hypnoc Z Greaves,眠鳥護腿【Ｚ】
10289,Hypnoc ZF Greaves,眠鳥護腿【ＺＦ】
10290,Hypnoc ZY Greaves,眠鳥護腿【ＺＹ】
10291,Hypnoc ZX Greaves,眠鳥護腿【ＺＸ】
10292,Hypnoc Z Leggings,眠鳥裹腿【Ｚ】
10293,Hypnoc ZF Leggings,眠鳥裹腿【ＺＦ】
10294,Hypnoc ZY Leggings,眠鳥裹腿【ＺＹ】
10295,Hypnoc ZX Leggings,眠鳥裹腿【ＺＸ】
10296,Khezu Z Greaves,奇怪龍護腿【Ｚ】
10297,Khezu ZF Greaves,奇怪龍護腿【ＺＦ】
10298,Khezu ZY Greaves,奇怪龍護腿【ＺＹ】
10299,Khezu ZX Greaves,奇怪龍護腿【ＺＸ】
10300,Khezu Z Leggings,奇怪龍裹腿【Ｚ】
10301,Khezu ZF Leggings,奇怪龍裹腿【ＺＦ】
10302,Khezu ZY Leggings,奇怪龍裹腿【ＺＹ】
10303,Khezu ZX Leggings,奇怪龍裹腿【ＺＸ】
10304,Hermitaur Z Greaves,盾蟹護腿【Ｚ】
10305,Hermitaur ZF Greaves,盾蟹護腿【ＺＦ】
10306,Hermitaur ZY Greaves,盾蟹護腿【ＺＹ】
10307,Hermitaur ZX Greaves,盾蟹護腿【ＺＸ】
10308,Hermitaur Z Leggings,盾蟹裹腿【Ｚ】
10309,Hermitaur ZF Leggings,盾蟹裹腿【ＺＦ】
10310,Hermitaur ZY Leggings,盾蟹裹腿【ＺＹ】
10311,Hermitaur ZX Leggings,盾蟹裹腿【ＺＸ】
10312,Dios Feet,迪歐斯夫伊特
10313,Dios F Feet,迪歐斯夫伊特【Ｆ】
10314,Dios FZ Feet,迪歐斯夫伊特【ＦＺ】
10315,Dios HS Feet,迪歐斯夫伊特【ＨＳ】
10316,Dios GS Feet,迪歐斯夫伊特【ＧＳ】
10317,Dios GP Feet,迪歐斯夫伊特【ＧＰ】
10318,Dios ZP Feet,迪歐斯夫伊特【ＺＰ】
10319,Dios Boots,迪歐斯靴
10320,Dios F Boots,迪歐斯靴【Ｆ】
10321,Dios FZ Boots,迪歐斯靴【ＦＺ】
10322,Dios HS Boots,迪歐斯靴【ＨＳ】
10323,Dios GS Boots,迪歐斯靴【ＧＳ】
10324,Dios GP Boots,迪歐斯靴【ＧＰ】
10325,Dios ZP Boots,迪歐斯靴【ＺＰ】
10326,Evol Feet・White,艾夫歐爾夫伊・白
10327,Evol F Feet・White,艾夫歐爾夫伊【Ｆ】・白
10328,Evol FZ Feet・White,艾夫歐爾夫伊【ＦＺ】・白
10329,Evol HS Feet・White,艾夫歐爾夫伊【ＨＳ】・白
10330,Evol GS Feet・White,艾夫歐爾夫伊【ＧＳ】・白
10331,Evol GP Feet・White,艾夫歐爾夫伊【ＧＰ】・白
10332,Evol ZP Feet・White,艾夫歐爾夫伊【ＺＰ】・白
10333,Evol Boots・White,艾夫歐爾靴・白
10334,Evol F Boots・White,艾夫歐爾靴【Ｆ】・白
10335,Evol FZ Boots・White,艾夫歐爾靴【ＦＺ】・白
10336,Evol HS Boots・White,艾夫歐爾靴【ＨＳ】・白
10337,Evol GS Boots・White,艾夫歐爾靴【ＧＳ】・白
10338,Evol GP Boots・White,艾夫歐爾靴【ＧＰ】・白
10339,Evol ZP Boots・White,艾夫歐爾靴【ＺＰ】・白
10340,Evol Feet・Red,艾夫歐爾夫伊・赤
10341,Evol F Feet・Red,艾夫歐爾夫伊【Ｆ】・赤
10342,Evol FZ Feet・Red,艾夫歐爾夫伊【ＦＺ】・赤
10343,Evol HS Feet・Red,艾夫歐爾夫伊【ＨＳ】・赤
10344,Evol GS Feet・Red,艾夫歐爾夫伊【ＧＳ】・赤
10345,Evol GP Feet・Red,艾夫歐爾夫伊【ＧＰ】・赤
10346,Evol ZP Feet・Red,艾夫歐爾夫伊【ＺＰ】・赤
10347,Evol Boots・Red,艾夫歐爾靴・赤
10348,Evol F Boots・Red,艾夫歐爾靴【Ｆ】・赤
10349,Evol FZ Boots・Red,艾夫歐爾靴【ＦＺ】・赤
10350,Evol HS Boots・Red,艾夫歐爾靴【ＨＳ】・赤
10351,Evol GS Boots・Red,艾夫歐爾靴【ＧＳ】・赤
10352,Evol GP Boots・Red,艾夫歐爾靴【ＧＰ】・赤
10353,Evol ZP Boots・Red,艾夫歐爾靴【ＺＰ】・赤
10354,Evol Feet・Blue,艾夫歐爾夫伊・青
10355,Evol F Feet・Blue,艾夫歐爾夫伊【Ｆ】・青
10356,Evol FZ Feet・Blue,艾夫歐爾夫伊【ＦＺ】・青
10357,Evol HS Feet・Blue,艾夫歐爾夫伊【ＨＳ】・青
10358,Evol GS Feet・Blue,艾夫歐爾夫伊【ＧＳ】・青
10359,Evol GP Feet・Blue,艾夫歐爾夫伊【ＧＰ】・青
10360,Evol ZP Feet・Blue,艾夫歐爾夫伊【ＺＰ】・青
10361,Evol Boots・Blue,艾夫歐爾靴・青
10362,Evol F Boots・Blue,艾夫歐爾靴【Ｆ】・青
10363,Evol FZ Boots・Blue,艾夫歐爾靴【ＦＺ】・青
10364,Evol HS Boots・Blue,艾夫歐爾靴【ＨＳ】・青
10365,Evol GS Boots・Blue,艾夫歐爾靴【ＧＳ】・青
10366,Evol GP Boots・Blue,艾夫歐爾靴【ＧＰ】・青
10367,Evol ZP Boots・Blue,艾夫歐爾靴【ＺＰ】・青
10368,Evol Feet・Purple,艾夫歐爾夫伊・紫
10369,Evol F Feet・Purple,艾夫歐爾夫伊【Ｆ】・紫
10370,Evol FZ Feet・Purple,艾夫歐爾夫伊【ＦＺ】・紫
10371,Evol HS Feet・Purple,艾夫歐爾夫伊【ＨＳ】・紫
10372,Evol GS Feet・Purple,艾夫歐爾夫伊【ＧＳ】・紫
10373,Evol GP Feet・Purple,艾夫歐爾夫伊【ＧＰ】・紫
10374,Evol ZP Feet・Purple,艾夫歐爾夫伊【ＺＰ】・紫
10375,Evol Boots・Purple,艾夫歐爾靴・紫
10376,Evol F Boots・Purple,艾夫歐爾靴【Ｆ】・紫
10377,Evol FZ Boots・Purple,艾夫歐爾靴【ＦＺ】・紫
10378,Evol HS Boots・Purple,艾夫歐爾靴【ＨＳ】・紫
10379,Evol GS Boots・Purple,艾夫歐爾靴【ＧＳ】・紫
10380,Evol GP Boots・Purple,艾夫歐爾靴【ＧＰ】・紫
10381,Evol ZP Boots・Purple,艾夫歐爾靴【ＺＰ】・紫
10382,Sakufi Feet,薩庫夫伊夫伊
10383,Sakufi F Feet,薩庫夫伊夫伊【Ｆ】
10384,Sakufi FZ Feet,薩庫夫伊夫伊【ＦＺ】
10385,Sakufi HS Feet,薩庫夫伊夫伊【ＨＳ】
10386,Sakufi GS Feet,薩庫夫伊夫伊【ＧＳ】
10387,Sakufi GP Feet,薩庫夫伊夫伊【ＧＰ】
10388,Sakufi ZP Feet,薩庫夫伊夫伊【ＺＰ】
10389,Sakufi Boots,薩庫夫伊靴
10390,Sakufi F Boots,薩庫夫伊靴【Ｆ】
10391,Sakufi FZ Boots,薩庫夫伊靴【ＦＺ】
10392,Sakufi HS Boots,薩庫夫伊靴【ＨＳ】
10393,Sakufi GS Boots,薩庫夫伊靴【ＧＳ】
10394,Sakufi GP Boots,薩庫夫伊靴【ＧＰ】
10395,Sakufi ZP Boots,薩庫夫伊靴【ＺＰ】
10396,Asumo Feet,阿蘇莫夫伊特
10397,Asumo F Feet,阿蘇莫夫伊特【Ｆ】
10398,Asumo FZ Feet,阿蘇莫夫伊特【ＦＺ】
10399,Asumo HS Feet,阿蘇莫夫伊特【ＨＳ】
10400,Asumo GS Feet,阿蘇莫夫伊特【ＧＳ】
10401,Asumo GP Feet,阿蘇莫夫伊特【ＧＰ】
10402,Asumo ZP Feet,阿蘇莫夫伊特【ＺＰ】
10403,Asumo Boots,阿蘇莫靴
10404,Asumo F Boots,阿蘇莫靴【Ｆ】
10405,Asumo FZ Boots,阿蘇莫靴【ＦＺ】
10406,Asumo HS Boots,阿蘇莫靴【ＨＳ】
10407,Asumo GS Boots,阿蘇莫靴【ＧＳ】
10408,Asumo GP Boots,阿蘇莫靴【ＧＰ】
10409,Asumo ZP Boots,阿蘇莫靴【ＺＰ】
10410,Carrol C Feet,克阿爾羅爾克
10411,Zyra C Feet,茲伊拉克夫伊
10412,Loose C Leg,緩Ｃ腿
10413,Asteli ZP Feet・White,阿斯特里夫伊【ＺＰ】・白
10414,Asteli ZP Boots・White,阿斯特爾伊靴【ＺＰ】・白
10415,Asteli ZP Feet・Blue,阿斯特里夫伊【ＺＰ】・青
10416,Asteli ZP Boots・Blue,阿斯特爾伊靴【ＺＰ】・青
10417,Asteli ZP Feet・Red,阿斯特里夫伊【ＺＰ】・赤
10418,Asteli ZP Boots・Red,阿斯特爾伊靴【ＺＰ】・赤
10419,Asteli ZP Feet・Black,阿斯特里夫伊【ＺＰ】・黑
10420,Asteli ZP Boots・Black,阿斯特爾伊靴【ＺＰ】・黑
10421,Lien ZP Feet・Blue,里艾恩夫伊特【ＺＰ】・青
10422,Lien ZP Boots・Blue,爾伊艾恩靴【ＺＰ】・青
10423,Lien ZP Feet・Red,里艾恩夫伊特【ＺＰ】・赤
10424,Lien ZP Boots・Red,爾伊艾恩靴【ＺＰ】・赤
10425,Lien ZP Feet・Black,里艾恩夫伊特【ＺＰ】・黑
10426,Lien ZP Boots・Black,爾伊艾恩靴【ＺＰ】・黑
10427,Lien ZP Feet・White,里艾恩夫伊特【ＺＰ】・白
10428,Lien ZP Boots・White,爾伊艾恩靴【ＺＰ】・白
10429,Carrol ZP Feet・Black,克阿爾羅爾夫【ＺＰ】・黑
10430,Carrol ZP Boots・Black,可羅靴【ＺＰ】・黑
10431,Carrol ZP Feet・Blue,克阿爾羅爾夫【ＺＰ】・青
10432,Carrol ZP Boots・Blue,可羅靴【ＺＰ】・青
10433,Carrol ZP Feet・White,克阿爾羅爾夫【ＺＰ】・白
10434,Carrol ZP Boots・White,可羅靴【ＺＰ】・白
10435,Carrol ZP Feet・Red,克阿爾羅爾夫【ＺＰ】・赤
10436,Carrol ZP Boots・Red,可羅靴【ＺＰ】・赤
10437,ブリゼ Greaves,腕護腿
10438,ブリゼF Greaves,腕護腿【Ｆ】
10439,ブリゼFY Greaves,腕護腿
10440,ブリゼHS Greaves,腕護腿【ＨＳ】
10441,ブリゼG Greaves,腕護腿【Ｇ】
10442,ブリゼGF Greaves,腕護腿【ＧＦ】
10443,ブリゼGX Greaves,腕護腿【ＧＸ】
10444,ブリゼ Leggings,腕裹腿
10445,ブリゼF Leggings,腕裹腿【Ｆ】
10446,ブリゼFY Leggings,腕裹腿
10447,ブリゼHS Leggings,腕裹腿【ＨＳ】
10448,ブリゼG Leggings,腕裹腿【Ｇ】
10449,ブリゼGF Leggings,腕裹腿【ＧＦ】
10450,ブリゼGX Leggings,腕裹腿【ＧＸ】
10451,Higakure C Greaves,秘隱Ｃ護腿
10452,Harokyu D Feet,哈羅克尤德夫
10453,Evol D Feet・White,艾夫歐爾德夫・白
10454,Evol D Feet・Red,艾夫歐爾德夫・赤
10455,Evol D Feet・Blue,艾夫歐爾德夫・青
10456,Evol D Feet・Purple,艾夫歐爾德夫・紫
10457,狩衛部隊 Feet・男,狩衛部隊男
10458,狩衛部隊 Feet・女,狩衛部隊女
10459,Blue Ice Emperor ZP Feet,伊克伊姆佩羅【ＺＰ】・青
10460,Blue Ice Emperor ZP Boots,伊克艾艾姆佩羅爾靴【ＺＰ】・青
10461,White Ice Emperor ZP Feet,伊克伊姆佩羅【ＺＰ】・白
10462,White Ice Emperor ZP Boots,伊克艾艾姆佩羅爾靴【ＺＰ】・白
10463,Red Ice Emperor ZP Feet,伊克伊姆佩羅【ＺＰ】・赤
10464,Red Ice Emperor ZP Boots,伊克艾艾姆佩羅爾靴【ＺＰ】・赤
10465,Wander Feet・Blue,瓦恩德爾夫伊・青
10466,Wander F Feet・Blue,瓦恩德爾夫伊【Ｆ】・青
10467,Wander FZ Feet・Blue,瓦恩德爾夫伊【ＦＺ】・青
10468,Wander HS Feet・Blue,瓦恩德爾夫伊【ＨＳ】・青
10469,Wander GS Feet・Blue,瓦恩德爾夫伊【ＧＳ】・青
10470,Wander GP Feet・Blue,瓦恩德爾夫伊【ＧＰ】・青
10471,Wander ZP Feet・Blue,瓦恩德爾夫伊【ＺＰ】・青
10472,Wander Boots・Blue,瓦恩德爾靴・青
10473,Wander F Boots・Blue,瓦恩德爾靴【Ｆ】・青
10474,Wander FZ Boots・Blue,瓦恩德爾靴【ＦＺ】・青
10475,Wander HS Boots・Blue,瓦恩德爾靴【ＨＳ】・青
10476,Wander GS Boots・Blue,瓦恩德爾靴【ＧＳ】・青
10477,Wander GP Boots・Blue,瓦恩德爾靴【ＧＰ】・青
10478,Wander ZP Boots・Blue,瓦恩德爾靴【ＺＰ】・青
10479,Wander Feet・Red,瓦恩德爾夫伊・赤
10480,Wander F Feet・Red,瓦恩德爾夫伊【Ｆ】・赤
10481,Wander FZ Feet・Red,瓦恩德爾夫伊【ＦＺ】・赤
10482,Wander HS Feet・Red,瓦恩德爾夫伊【ＨＳ】・赤
10483,Wander GS Feet・Red,瓦恩德爾夫伊【ＧＳ】・赤
10484,Wander GP Feet・Red,瓦恩德爾夫伊【ＧＰ】・赤
10485,Wander ZP Feet・Red,瓦恩德爾夫伊【ＺＰ】・赤
10486,Wander Boots・Red,瓦恩德爾靴・赤
10487,Wander F Boots・Red,瓦恩德爾靴【Ｆ】・赤
10488,Wander FZ Boots・Red,瓦恩德爾靴【ＦＺ】・赤
10489,Wander HS Boots・Red,瓦恩德爾靴【ＨＳ】・赤
10490,Wander GS Boots・Red,瓦恩德爾靴【ＧＳ】・赤
10491,Wander GP Boots・Red,瓦恩德爾靴【ＧＰ】・赤
10492,Wander ZP Boots・Red,瓦恩德爾靴【ＺＰ】・赤
10493,Wander Feet・White,瓦恩德爾夫伊・白
10494,Wander F Feet・White,瓦恩德爾夫伊【Ｆ】・白
10495,Wander FZ Feet・White,瓦恩德爾夫伊【ＦＺ】・白
10496,Wander HS Feet・White,瓦恩德爾夫伊【ＨＳ】・白
10497,Wander GS Feet・White,瓦恩德爾夫伊【ＧＳ】・白
10498,Wander GP Feet・White,瓦恩德爾夫伊【ＧＰ】・白
10499,Wander ZP Feet・White,瓦恩德爾夫伊【ＺＰ】・白
10500,Wander Boots・White,瓦恩德爾靴・白
10501,Wander F Boots・White,瓦恩德爾靴【Ｆ】・白
10502,Wander FZ Boots・White,瓦恩德爾靴【ＦＺ】・白
10503,Wander HS Boots・White,瓦恩德爾靴【ＨＳ】・白
10504,Wander GS Boots・White,瓦恩德爾靴【ＧＳ】・白
10505,Wander GP Boots・White,瓦恩德爾靴【ＧＰ】・白
10506,Wander ZP Boots・White,瓦恩德爾靴【ＺＰ】・白
10507,Wander Feet・Black,瓦恩德爾夫伊・黑
10508,Wander F Feet・Black,瓦恩德爾夫伊【Ｆ】・黑
10509,Wander FZ Feet・Black,瓦恩德爾夫伊【ＦＺ】・黑
10510,Wander HS Feet・Black,瓦恩德爾夫伊【ＨＳ】・黑
10511,Wander GS Feet・Black,瓦恩德爾夫伊【ＧＳ】・黑
10512,Wander GP Feet・Black,瓦恩德爾夫伊【ＧＰ】・黑
10513,Wander ZP Feet・Black,瓦恩德爾夫伊【ＺＰ】・黑
10514,Wander Boots・Black,瓦恩德爾靴・黑
10515,Wander F Boots・Black,瓦恩德爾靴【Ｆ】・黑
10516,Wander FZ Boots・Black,瓦恩德爾靴【ＦＺ】・黑
10517,Wander HS Boots・Black,瓦恩德爾靴【ＨＳ】・黑
10518,Wander GS Boots・Black,瓦恩德爾靴【ＧＳ】・黑
10519,Wander GP Boots・Black,瓦恩德爾靴【ＧＰ】・黑
10520,Wander ZP Boots・Black,瓦恩德爾靴【ＺＰ】・黑
10521,Gore Greaves,奇美護腿
10522,Gore G Greaves,奇美護腿【Ｇ】
10523,Gore GF Greaves,奇美護腿【ＧＦ】
10524,Gore GX Greaves,奇美護腿【ＧＸ】
10525,Gore Leggings,奇美裹腿
10526,Gore G Leggings,奇美裹腿【Ｇ】
10527,Gore GF Leggings,奇美裹腿【ＧＦ】
10528,Gore GX Leggings,奇美裹腿【ＧＸ】
10529,Zena G Greaves,裂水龍Ｇ腕護腿【Ｇ】
10530,Zena GF Greaves,裂水龍Ｇ腕護腿【ＧＦ】
10531,Zena GX Greaves,裂水龍Ｇ腕護腿【ＧＸ】
10532,Zena G Leggings,裂水龍Ｇ腕裹腿【Ｇ】
10533,Zena GF Leggings,裂水龍Ｇ腕裹腿【ＧＦ】
10534,Zena GX Leggings,裂水龍Ｇ腕裹腿【ＧＸ】
10535,Rathalos Z Greaves,雄火龍護腿【Ｚ】
10536,Rathalos ZF Greaves,雄火龍護腿【ＺＦ】
10537,Rathalos ZY Greaves,雄火龍護腿【ＺＹ】
10538,Rathalos ZX Greaves,雄火龍護腿【ＺＸ】
10539,Rathalos Z Leggings,雄火龍裹腿【Ｚ】
10540,Rathalos ZF Leggings,雄火龍裹腿【ＺＦ】
10541,Rathalos ZY Leggings,雄火龍裹腿【ＺＹ】
10542,Rathalos ZX Leggings,雄火龍裹腿【ＺＸ】
10543,Blango Z Greaves,雪獅子護腿【Ｚ】
10544,Blango ZF Greaves,雪獅子護腿【ＺＦ】
10545,Blango ZY Greaves,雪獅子護腿【ＺＹ】
10546,Blango ZX Greaves,雪獅子護腿【ＺＸ】
10547,Blango Z Leggings,雪獅子裹腿【Ｚ】
10548,Blango ZF Leggings,雪獅子裹腿【ＺＦ】
10549,Blango ZY Leggings,雪獅子裹腿【ＺＹ】
10550,Blango ZX Leggings,雪獅子裹腿【ＺＸ】
10551,Muruta Feet,穆魯塔夫伊特
10552,Muruta F Feet,穆魯塔夫伊特【Ｆ】
10553,Muruta FZ Feet,穆魯塔夫伊特【ＦＺ】
10554,Muruta HS Feet,穆魯塔夫伊特【ＨＳ】
10555,Muruta GS Feet,穆魯塔夫伊特【ＧＳ】
10556,Muruta GP Feet,穆魯塔夫伊特【ＧＰ】
10557,Muruta ZP Feet,穆魯塔夫伊特【ＺＰ】
10558,Muruta Boots,穆魯塔靴
10559,Muruta F Boots,穆魯塔靴【Ｆ】
10560,Muruta FZ Boots,穆魯塔靴【ＦＺ】
10561,Muruta HS Boots,穆魯塔靴【ＨＳ】
10562,Muruta GS Boots,穆魯塔靴【ＧＳ】
10563,Muruta GP Boots,穆魯塔靴【ＧＰ】
10564,Muruta ZP Boots,穆魯塔靴【ＺＰ】
10565,Howla Feet,霍烏拉夫伊特
10566,Howla F Feet,霍烏拉夫伊特【Ｆ】
10567,Howla FZ Feet,霍烏拉夫伊特【ＦＺ】
10568,Howla HS Feet,霍烏拉夫伊特【ＨＳ】
10569,Howla GS Feet,霍烏拉夫伊特【ＧＳ】
10570,Howla GP Feet,霍烏拉夫伊特【ＧＰ】
10571,Howla ZP Feet,霍烏拉夫伊特【ＺＰ】
10572,Howla Boots,霍烏爾阿靴
10573,Howla F Boots,霍烏爾阿靴【Ｆ】
10574,Howla FZ Boots,霍烏爾阿靴【ＦＺ】
10575,Howla HS Boots,霍烏爾阿靴【ＨＳ】
10576,Howla GS Boots,霍烏爾阿靴【ＧＳ】
10577,Howla GP Boots,霍烏爾阿靴【ＧＰ】
10578,Howla ZP Boots,霍烏爾阿靴【ＺＰ】
10579,Panse Feet,拍恩塞夫伊特
10580,Panse F Feet,拍恩塞夫伊特【Ｆ】
10581,Panse FZ Feet,拍恩塞夫伊特【ＦＺ】
10582,Panse HS Feet,拍恩塞夫伊特【ＨＳ】
10583,Panse GS Feet,拍恩塞夫伊特【ＧＳ】
10584,Panse GP Feet,拍恩塞夫伊特【ＧＰ】
10585,Panse ZP Feet,拍恩塞夫伊特【ＺＰ】
10586,Panse Boots,拍恩塞靴
10587,Panse F Boots,拍恩塞靴【Ｆ】
10588,Panse FZ Boots,拍恩塞靴【ＦＺ】
10589,Panse HS Boots,拍恩塞靴【ＨＳ】
10590,Panse GS Boots,拍恩塞靴【ＧＳ】
10591,Panse GP Boots,拍恩塞靴【ＧＰ】
10592,Panse ZP Boots,拍恩塞靴【ＺＰ】
10593,Marriage Feet,馬爾里阿蓋夫
10594,Marriage F Feet,馬爾里阿蓋夫【Ｆ】
10595,Marriage FZ Feet,馬爾里阿蓋夫【ＦＺ】
10596,Marriage HS Feet,馬爾里阿蓋夫【ＨＳ】
10597,Marriage GS Feet,馬爾里阿蓋夫【ＧＳ】
10598,Marriage GP Feet,馬爾里阿蓋夫【ＧＰ】
10599,Marriage ZP Feet,馬爾里阿蓋夫【ＺＰ】
10600,Marriage Boots,馬爾里阿蓋靴
10601,Marriage F Boots,馬爾里阿蓋靴【Ｆ】
10602,Marriage FZ Boots,馬爾里阿蓋靴【ＦＺ】
10603,Marriage HS Boots,馬爾里阿蓋靴【ＨＳ】
10604,Marriage GS Boots,馬爾里阿蓋靴【ＧＳ】
10605,Marriage GP Boots,馬爾里阿蓋靴【ＧＰ】
10606,Marriage ZP Boots,馬爾里阿蓋靴【ＺＰ】
10607,Yukine Feet,尤基涅夫伊特
10608,Yukine F Feet,尤基涅夫伊特【Ｆ】
10609,Yukine FZ Feet,尤基涅夫伊特【ＦＺ】
10610,Yukine HS Feet,尤基涅夫伊特【ＨＳ】
10611,Yukine GS Feet,尤基涅夫伊特【ＧＳ】
10612,Yukine GP Feet,尤基涅夫伊特【ＧＰ】
10613,Yukine ZP Feet,尤基涅夫伊特【ＺＰ】
10614,Yukine Boots,尤基涅靴
10615,Yukine F Boots,尤基涅靴【Ｆ】
10616,Yukine FZ Boots,尤基涅靴【ＦＺ】
10617,Yukine HS Boots,尤基涅靴【ＨＳ】
10618,Yukine GS Boots,尤基涅靴【ＧＳ】
10619,Yukine GP Boots,尤基涅靴【ＧＰ】
10620,Yukine ZP Boots,尤基涅靴【ＺＰ】
10621,Snow Miku Feet,斯諾烏米庫夫
10622,Snow Miku F Feet,斯諾烏米庫夫【Ｆ】
10623,Snow Miku FZ Feet,斯諾烏米庫夫【ＦＺ】
10624,Snow Miku HS Feet,斯諾烏米庫夫【ＨＳ】
10625,Snow Miku GS Feet,斯諾烏米庫夫【ＧＳ】
10626,Snow Miku GP Feet,斯諾烏米庫夫【ＧＰ】
10627,Snow Miku ZP Feet,斯諾烏米庫夫【ＺＰ】
10628,Snow Miku Boots,斯諾烏米庫靴
10629,Snow Miku F Boots,斯諾烏米庫靴【Ｆ】
10630,Snow Miku FZ Boots,斯諾烏米庫靴【ＦＺ】
10631,Snow Miku HS Boots,斯諾烏米庫靴【ＨＳ】
10632,Snow Miku GS Boots,斯諾烏米庫靴【ＧＳ】
10633,Snow Miku GP Boots,斯諾烏米庫靴【ＧＰ】
10634,Snow Miku ZP Boots,斯諾烏米庫靴【ＺＰ】
10635,Miku ZP Feet,米庫夫伊特【ＺＰ】
10636,Miku ZP Boots,米庫靴【ＺＰ】
10637,Oyun ZP Greaves・Blue,遊腕青護腿【ＺＰ】・青
10638,Oyun ZP Leggings・Blue,遊腕青裹腿【ＺＰ】・青
10639,Oyun ZP Greaves・Red,遊腕青護腿【ＺＰ】・赤
10640,Oyun ZP Leggings・Red,遊腕青裹腿【ＺＰ】・赤
10641,Oyun ZP Greaves・Black,遊腕青護腿【ＺＰ】・黑
10642,Oyun ZP Leggings・Black,遊腕青裹腿【ＺＰ】・黑
10643,Oyun ZP Greaves・White,遊腕青護腿【ＺＰ】・白
10644,Oyun ZP Leggings・White,遊腕青裹腿【ＺＰ】・白
10645,Demonclad ノ足枷G,足枷
10646,Demonclad ノ足枷GF,足枷
10647,Demonclad ノ足枷GX,足枷
10648,Youthclad ノ足枷G,足枷
10649,Youthclad ノ足枷GF,足枷
10650,Youthclad ノ足枷GX,足枷
10651,Rave Feet,拉夫艾夫伊特
10652,Rave F Feet,拉夫艾夫伊特【Ｆ】
10653,Rave FY Feet,拉夫艾夫伊夫
10654,Rave HS Feet,拉夫艾夫伊特【ＨＳ】
10655,Rave G Feet,拉夫艾夫伊特【Ｇ】
10656,Rave GF Feet,拉夫艾夫伊特【ＧＦ】
10657,Rave GX Feet,拉夫艾夫伊特【ＧＸ】
10658,Rave Boots,拉維靴
10659,Rave F Boots,拉維靴【Ｆ】
10660,Rave FY Boots,拉夫艾夫伊靴
10661,Rave HS Boots,拉維靴【ＨＳ】
10662,Rave G Boots,拉維靴【Ｇ】
10663,Rave GF Boots,拉維靴【ＧＦ】
10664,Rave GX Boots,拉維靴【ＧＸ】
10665,Wander D Feet・Blue,瓦恩德爾德夫・青
10666,Wander D Feet・Red,瓦恩德爾德夫・赤
10667,Wander D Feet・White,瓦恩德爾德夫・白
10668,Wander D Feet・Black,瓦恩德爾德夫・黑
10669,Blue Ice Emperor D Feet,伊克伊姆佩羅・青
10670,White Ice Emperor D Feet,伊克伊姆佩羅・白
10671,Red Ice Emperor D Feet,伊克伊姆佩羅・赤
10672,Rance C Greaves,蘭斯Ｃ護腿
10673,Santa D Feet,薩恩塔德夫伊
10674,Anteka D Feet,阿恩特可德夫
10675,Chiarim ZP Feet,奇伊阿里姆夫【ＺＰ】
10676,Chiarim ZP Boots,奇阿里姆靴【ＺＰ】
10677,Katante Z Greaves,刀手護腿【Ｚ】
10678,Katante ZF Greaves,刀手護腿【ＺＦ】
10679,Katante ZY Greaves,刀手護腿【ＺＹ】
10680,Katante ZX Greaves,刀手護腿【ＺＸ】
10681,Katante Z Leggings,刀手裹腿【Ｚ】
10682,Katante ZF Leggings,刀手裹腿【ＺＦ】
10683,Katante ZY Leggings,刀手裹腿【ＺＹ】
10684,Katante ZX Leggings,刀手裹腿【ＺＸ】
10685,Sakufi D Feet,薩庫夫伊德夫
10686,Asumo D Feet,阿蘇莫德夫伊
10687,Dios D Feet,迪歐斯德夫伊
10688,Asteli D Feet・White,阿斯特里德夫・白
10689,Asteli D Feet・Blue,阿斯特里德夫・青
10690,Asteli D Feet・Red,阿斯特里德夫・赤
10691,Asteli D Feet・Black,阿斯特里德夫・黑
10692,Lien D Feet・Blue,里艾恩德夫伊・青
10693,Lien D Feet・Red,里艾恩德夫伊・赤
10694,Lien D Feet・Black,里艾恩德夫伊・黑
10695,Lien D Feet・White,里艾恩德夫伊・白
10696,Lien D Feet・Crimson,里艾恩德夫伊・紅
10697,Lien D Feet・藍,藍
10698,Lien D Feet・Peach,里艾恩德夫伊・桃
10699,Carrol D Feet・Black,克阿爾羅爾德・黑
10700,Carrol D Feet・Blue,克阿爾羅爾德・青
10701,Carrol D Feet・White,克阿爾羅爾德・白
10702,Carrol D Feet・Red,克阿爾羅爾德・赤
10703,Carrol D Feet・Peach,克阿爾羅爾德・桃
10704,Gothic D Greaves,哥德護腿
10705,Kirin Dレガース,麒麟
10706,Farunokku D Greaves,傾雷鳥Ｄ護腿
10707,Farunokku D Leggings,傾雷鳥Ｄ裹腿
10708,Pokara D Greaves,凍冰獸Ｄ護腿
10709,Pokara D Leggings,凍冰獸Ｄ裹腿
10710,Genesis D [Greaves 】,蓋涅西斯德護腿
10711,Motion D [Greaves 】,莫辛德護腿
10712,Lightning D [Greaves 】,里格赫特尼恩護腿
10713,Thunder D [Greaves 】,斯烏恩德爾德護腿
10714,Toridcless D Greaves,照雷鳥Ｄ護腿
10715,Toridcless D Leggings,照雷鳥Ｄ裹腿
10716,Guan D Greaves,格烏阿恩Ｄ護腿
10717,Guan D Leggings,格烏阿恩Ｄ裹腿
10718,Varusa D Greaves,炎角龍Ｄ護腿
10719,Varusa D Leggings,炎角龍Ｄ裹腿
10720,Toa D Greaves,砦蟹Ｄ護腿
10721,Toa D Leggings,砦蟹Ｄ裹腿
10722,Blitz Dレガース,
10723,Stroma D Greaves,斯羅瑪腕護腿
10724,Stroma D Leggings,斯羅瑪腕裹腿
10725,Inagami D【具足】,具足
10726,Inagami D【具足】,具足
10727,Altera D Greaves,阿勒特艾爾阿腕護腿
10728,Altera D Leggings,阿勒特艾爾阿腕裹腿
10729,Pobo D Greaves,波波腕護腿
10730,Pobo D Leggings,波波腕裹腿
10731,Zinogre C Greaves,雷狼龍護腿
10732,Zinogre C Leggings,雷狼龍裹腿
10733,Hornetaur UD Greaves,巨甲蟲護腿
10734,Hornetaur UD Leggings,巨甲蟲裹腿
10735,Rathalos D Greaves,雄火龍護腿
10736,Rathalos D Leggings,雄火龍裹腿
10737,Gogomoa D Greaves,跳緋獸Ｄ護腿
10738,Gogomoa D Leggings,跳緋獸Ｄ裹腿
10739,Azul D Greaves,青護腿
10740,Azul D Leggings,青裹腿
10741,Harvest D Boots,収Ｄ靴
10742,Harvest D Leggings,収Ｄ裹腿
10743,Melan D Greaves,紫黑護腿
10744,Melan D Leggings,紫黑裹腿
10745,Diru D Greaves,迪爾護腿
10746,Diru D Leggings,迪爾裹腿
10747,Tandress D Feet,塔恩德雷斯斯
10748,Tandress D Boots,特阿恩德爾艾斯斯Ｄ靴
10749,Rance D Greaves,蘭斯Ｇ腕護腿
10750,Rance D Leggings,蘭斯Ｇ腕裹腿
10751,Ganeto D Greaves,法磁化Ｇ腕護腿
10752,Ganeto D Leggings,法磁化Ｇ腕裹腿
10753,Chiru D Greaves,血吼牙Ｇ腕護腿
10754,Chiru D Leggings,血吼牙Ｇ腕裹腿
10755,Shiusu D Greaves,四隅Ｇ腕護腿
10756,Shiusu D Leggings,四隅Ｇ腕裹腿
10757,Once D Greaves・無,歐恩克艾Ｄ頭兜・無護腿
10758,Pale Sakura D【 Hakama 】,哈可馬拍勒薩
10759,Pelegri Feet,佩勒格里夫伊
10760,Pelegri F Feet,佩勒格里夫伊【Ｆ】
10761,Pelegri FZ Feet,佩勒格里夫伊【ＦＺ】
10762,Pelegri HS Feet,佩勒格里夫伊【ＨＳ】
10763,Pelegri GS Feet,佩勒格里夫伊【ＧＳ】
10764,Pelegri GP Feet,佩勒格里夫伊【ＧＰ】
10765,Pelegri ZP Feet,佩勒格里夫伊【ＺＰ】
10766,Pelegri Boots,佩爾艾格里靴
10767,Pelegri F Boots,佩爾艾格里靴【Ｆ】
10768,Pelegri FZ Boots,佩爾艾格里靴【ＦＺ】
10769,Pelegri HS Boots,佩爾艾格里靴【ＨＳ】
10770,Pelegri GS Boots,佩爾艾格里靴【ＧＳ】
10771,Pelegri GP Boots,佩爾艾格里靴【ＧＰ】
10772,Pelegri ZP Boots,佩爾艾格里靴【ＺＰ】
10773,Melynx ZP Greaves,梅拉路護腿【ＺＰ】
10774,Melynx ZP Feet,梅爾伊恩克斯夫【ＺＰ】
10775,Felyne ZP Greaves,艾路猫護腿【ＺＰ】
10776,Felyne ZP Feet,夫艾爾伊涅夫【ＺＰ】
10777,Tabby ZP Greaves,特阿布布伊護腿【ＺＰ】
10778,Tabby ZP Feet,塔布布伊夫伊【ＺＰ】
10779,Brown ZP Greaves,褐護腿【ＺＰ】
10780,Brown ZP Feet,布羅烏恩夫伊【ＺＰ】
10781,Calico ZP Greaves,比納桃護腿【ＺＰ】
10782,Calico ZP Feet,克阿里克歐夫【ＺＰ】
10783,Monotone ZP Greaves,莫諾托涅護腿【ＺＰ】
10784,Monotone ZP Feet,莫諾托涅夫伊【ＺＰ】
10785,Chashiro ZP Greaves,奇阿修伊羅護腿【ＺＰ】
10786,Chashiro ZP Feet,奇阿修伊羅夫【ＺＰ】
10787,Two-tone ZP Greaves,二音護腿【ＺＰ】
10788,Two-tone ZP Feet,特沃托涅夫伊【ＺＰ】
10789,Wasou Legs ZP,瓦索烏腿甲【ＺＰ】
10790,Wasou Greaves ZP,瓦索烏護腿【ＺＰ】
10791,Howla D Feet,霍烏拉德夫伊
10792,Panse D Feet,拍恩塞德夫伊
10793,Marriage D Feet,馬爾里阿蓋德
10794,Yukine D Feet,尤基涅德夫伊
10795,Snow Miku D Feet,斯諾烏米庫德
10796,Miku D Feet,米庫德夫伊特
10797,Wasou Legs D,瓦索烏帽Ｄ腿甲
10798,Melynx D Greaves,梅拉路Ｄ護腿
10799,Felyne D Greaves,艾路猫Ｄ護腿
10800,Tabby D Greaves,特阿布布伊Ｄ護腿
10801,Brown D Greaves,褐Ｄ護腿
10802,Calico D Greaves,比納桃Ｄ護腿
10803,Monotone D Greaves,莫諾托涅Ｄ護腿
10804,Chashiro D Greaves,奇阿修伊羅Ｄ護腿
10805,Two-tone D Greaves,二音Ｄ護腿
10806,King Beetle D Crura,王甲蟲
10807,Butterfly D Crura,蝶
10808,Demon Lord ノ足枷D,足枷
10809,Demon Tale ノ足枷D,足枷
10810,鬼凛ノ足枷D,鬼凛足枷
10811,Empress C Greaves,女帝護腿
10812,Empress C Leggings,女帝裹腿
10813,Kaiser C Greaves,帝王護腿
10814,Kaiser C Leggings,帝王裹腿
10815,Dragon D Feet,龍
10816,Dragon D Legs,龍腿甲
10817,Nargacuga C Greaves,迅龍Ｃ護腿
10818,Nargacuga C Leggings,迅龍Ｃ裹腿
10819,Burning Cliff GX [Hakama 】,哈可馬布爾尼【ＧＸ】
10820,Crimson Cliff GX [Hakama 】,哈可馬克里夫【ＧＸ】・紅
10821,Vashimu Z Greaves,尾晶蠍護腿【Ｚ】
10822,Vashimu ZF Greaves,尾晶蠍護腿【ＺＦ】
10823,Vashimu ZY Greaves,尾晶蠍護腿【ＺＹ】
10824,Vashimu ZX Greaves,尾晶蠍護腿【ＺＸ】
10825,Vashimu Z Leggings,尾晶蠍裹腿【Ｚ】
10826,Vashimu ZF Leggings,尾晶蠍裹腿【ＺＦ】
10827,Vashimu ZY Leggings,尾晶蠍裹腿【ＺＹ】
10828,Vashimu ZX Leggings,尾晶蠍裹腿【ＺＸ】
10829,Tigrex Z Greaves,轟龍護腿【Ｚ】
10830,Tigrex ZF Greaves,轟龍護腿【ＺＦ】
10831,Tigrex ZY Greaves,轟龍護腿【ＺＹ】
10832,Tigrex ZX Greaves,轟龍護腿【ＺＸ】
10833,Tigrex Z Leggings,轟龍裹腿【Ｚ】
10834,Tigrex ZF Leggings,轟龍裹腿【ＺＦ】
10835,Tigrex ZY Leggings,轟龍裹腿【ＺＹ】
10836,Tigrex ZX Leggings,轟龍裹腿【ＺＸ】
10837,Adel Feet,阿德爾夫伊特
10838,Adel F Feet,阿德爾夫伊特【Ｆ】
10839,Adel FZ Feet,阿德爾夫伊特【ＦＺ】
10840,Adel HS Feet,阿德爾夫伊特【ＨＳ】
10841,Adel GS Feet,阿德爾夫伊特【ＧＳ】
10842,Adel GP Feet,阿德爾夫伊特【ＧＰ】
10843,Adel ZP Feet,阿德爾夫伊特【ＺＰ】
10844,Adel Boots,阿德爾靴
10845,Adel F Boots,阿德爾靴【Ｆ】
10846,Adel FZ Boots,阿德爾靴【ＦＺ】
10847,Adel HS Boots,阿德爾靴【ＨＳ】
10848,Adel GS Boots,阿德爾靴【ＧＳ】
10849,Adel GP Boots,阿德爾靴【ＧＰ】
10850,Adel ZP Boots,阿德爾靴【ＺＰ】
10851,Rocbouquet Feet,羅克博烏奎艾
10852,Rocbouquet F Feet,羅克博烏奎艾【Ｆ】
10853,Rocbouquet FZ Feet,羅克博烏奎艾【ＦＺ】
10854,Rocbouquet HS Feet,羅克博烏奎艾【ＨＳ】
10855,Rocbouquet GS Feet,羅克博烏奎艾【ＧＳ】
10856,Rocbouquet GP Feet,羅克博烏奎艾【ＧＰ】
10857,Rocbouquet ZP Feet,羅克博烏奎艾【ＺＰ】
10858,Rocbouquet Boots,羅克博烏克烏艾特靴
10859,Rocbouquet F Boots,羅克博烏克烏艾特靴【Ｆ】
10860,Rocbouquet FZ Boots,羅克博烏克烏艾特靴【ＦＺ】
10861,Rocbouquet HS Boots,羅克博烏克烏艾特靴【ＨＳ】
10862,Rocbouquet GS Boots,羅克博烏克烏艾特靴【ＧＳ】
10863,Rocbouquet GP Boots,羅克博烏克烏艾特靴【ＧＰ】
10864,Rocbouquet ZP Boots,羅克博烏克烏艾特靴【ＺＰ】
10865,Alkaiser Feet,阿爾可伊塞爾
10866,Alkaiser F Feet,阿爾可伊塞爾【Ｆ】
10867,Alkaiser FZ Feet,阿爾可伊塞爾【ＦＺ】
10868,Alkaiser HS Feet,阿爾可伊塞爾【ＨＳ】
10869,Alkaiser GS Feet,阿爾可伊塞爾【ＧＳ】
10870,Alkaiser GP Feet,阿爾可伊塞爾【ＧＰ】
10871,Alkaiser ZP Feet,阿爾可伊塞爾【ＺＰ】
10872,Alkaiser Boots,阿爾可伊塞爾靴
10873,Alkaiser F Boots,阿爾可伊塞爾靴【Ｆ】
10874,Alkaiser FZ Boots,阿爾可伊塞爾靴【ＦＺ】
10875,Alkaiser HS Boots,阿爾可伊塞爾靴【ＨＳ】
10876,Alkaiser GS Boots,阿爾可伊塞爾靴【ＧＳ】
10877,Alkaiser GP Boots,阿爾可伊塞爾靴【ＧＰ】
10878,Alkaiser ZP Boots,阿爾可伊塞爾靴【ＺＰ】
10879,Claudia Feet,克拉烏迪阿夫
10880,Claudia F Feet,克拉烏迪阿夫【Ｆ】
10881,Claudia FZ Feet,克拉烏迪阿夫【ＦＺ】
10882,Claudia HS Feet,克拉烏迪阿夫【ＨＳ】
10883,Claudia GS Feet,克拉烏迪阿夫【ＧＳ】
10884,Claudia GP Feet,克拉烏迪阿夫【ＧＰ】
10885,Claudia ZP Feet,克拉烏迪阿夫【ＺＰ】
10886,Claudia Boots,克爾阿烏迪阿靴
10887,Claudia F Boots,克爾阿烏迪阿靴【Ｆ】
10888,Claudia FZ Boots,克爾阿烏迪阿靴【ＦＺ】
10889,Claudia HS Boots,克爾阿烏迪阿靴【ＨＳ】
10890,Claudia GS Boots,克爾阿烏迪阿靴【ＧＳ】
10891,Claudia GP Boots,克爾阿烏迪阿靴【ＧＰ】
10892,Claudia ZP Boots,克爾阿烏迪阿靴【ＺＰ】
10893,Hesyumu Feet,赫斯尤穆夫伊
10894,Hesyumu F Feet,赫斯尤穆夫伊【Ｆ】
10895,Hesyumu FZ Feet,赫斯尤穆夫伊【ＦＺ】
10896,Hesyumu HS Feet,赫斯尤穆夫伊【ＨＳ】
10897,Hesyumu GS Feet,赫斯尤穆夫伊【ＧＳ】
10898,Hesyumu GP Feet,赫斯尤穆夫伊【ＧＰ】
10899,Hesyumu ZP Feet,赫斯尤穆夫伊【ＺＰ】
10900,Hesyumu Boots,赫斯尤穆靴
10901,Hesyumu F Boots,赫斯尤穆靴【Ｆ】
10902,Hesyumu FZ Boots,赫斯尤穆靴【ＦＺ】
10903,Hesyumu HS Boots,赫斯尤穆靴【ＨＳ】
10904,Hesyumu GS Boots,赫斯尤穆靴【ＧＳ】
10905,Hesyumu GP Boots,赫斯尤穆靴【ＧＰ】
10906,Hesyumu ZP Boots,赫斯尤穆靴【ＺＰ】
10907,Kasamie Feet,可薩米艾夫伊
10908,Kasamie F Feet,可薩米艾夫伊【Ｆ】
10909,Kasamie FZ Feet,可薩米艾夫伊【ＦＺ】
10910,Kasamie HS Feet,可薩米艾夫伊【ＨＳ】
10911,Kasamie GS Feet,可薩米艾夫伊【ＧＳ】
10912,Kasamie GP Feet,可薩米艾夫伊【ＧＰ】
10913,Kasamie ZP Feet,可薩米艾夫伊【ＺＰ】
10914,Kasamie Boots,可薩米艾靴
10915,Kasamie F Boots,可薩米艾靴【Ｆ】
10916,Kasamie FZ Boots,可薩米艾靴【ＦＺ】
10917,Kasamie HS Boots,可薩米艾靴【ＨＳ】
10918,Kasamie GS Boots,可薩米艾靴【ＧＳ】
10919,Kasamie GP Boots,可薩米艾靴【ＧＰ】
10920,Kasamie ZP Boots,可薩米艾靴【ＺＰ】
10921,Cielo ZP Feet,克伊艾洛夫伊【ＺＰ】
10922,Cielo ZP Boots,克伊艾爾歐靴【ＺＰ】
10923,Vichi ZP Feet,夫伊奇伊夫伊【ＺＰ】
10924,Vichi ZP Boots,夫伊奇靴【ＺＰ】
10925,Lapine ZP Feet,拉皮涅夫伊特【ＺＰ】
10926,Lapine ZP Boots,拉皮涅靴【ＺＰ】
10927,Beil ZP Divider,貝爾【ＺＰ】
10928,Pashio Greaves,培西歐護腿
10929,Pashio F Greaves,培西歐護腿【Ｆ】
10930,Pashio FY Greaves,培西歐護腿
10931,Pashio HS Greaves,培西歐護腿【ＨＳ】
10932,Pashio G Greaves,培西歐護腿【Ｇ】
10933,Pashio GF Greaves,培西歐護腿【ＧＦ】
10934,Pashio GX Greaves,培西歐護腿【ＧＸ】
10935,Pashio Leggings,培西歐裹腿
10936,Pashio F Leggings,培西歐裹腿【Ｆ】
10937,Pashio FY Leggings,培西歐裹腿
10938,Pashio HS Leggings,培西歐裹腿【ＨＳ】
10939,Pashio G Leggings,培西歐裹腿【Ｇ】
10940,Pashio GF Leggings,培西歐裹腿【ＧＦ】
10941,Pashio GX Leggings,培西歐裹腿【ＧＸ】
10942,Harudo D Greaves,金華龍Ｄ護腿
10943,Harudo D Leggings,金華龍Ｄ裹腿
10944,Elegance D [Greaves 】,艾勒加恩克艾護腿
10945,Grace D [Greaves 】,格拉克艾德護腿
10946,Meraginasu D Greaves,黑穿龍Ｄ護腿
10947,Meraginasu D Leggings,黑穿龍Ｄ裹腿
10948,Hesyumu D Feet,赫斯尤穆德夫
10949,Kasamie D Feet,可薩米艾德夫
10950,Cielo D Feet,克伊艾洛德夫
10951,Vichi D Feet,夫伊奇伊德夫
10952,Adel D Feet,阿德爾德夫伊
10953,Rocbouquet D Feet,羅克博烏奎艾
10954,Alkaiser D Feet,阿爾可伊塞爾
10955,Claudia D Feet,克拉烏迪阿德
10956,Kinosu D Greaves,觸媒研Ｄ護腿
10957,Himeros D Greaves,螺鈿終Ｄ護腿
10958,Charien D Leggings,恩流浪腕甲裹腿
10959,Arietta D Leg,阿爾伊艾特特阿Ｄ腿
10960,Craft D Boots,工Ｄ靴
10961,Shieri D Greaves,服拉比Ｄ護腿
10962,Pupen D Greaves,制螺鈿Ｄ護腿
10963,Moss Covered D Greaves,苔克歐維艾爾艾德Ｄ護腿
10964,Excelle D Greaves,來迪拉Ｄ護腿
10965,Ordre D Greaves,奧爾德Ｄ護腿
10966,Rath Duo D Greaves,火龍雙Ｄ護腿
10967,Atra D Greaves,毒怪轟Ｄ護腿
10968,Madaru D Greaves,証明球Ｄ護腿
10969,Shasse D Greaves,毒怪轟Ｄ護腿
10970,Orchesis D Greaves,霧野泰Ｄ護腿
10971,Blize D Greaves,艾恩流Ｄ護腿
10972,Quoiz D Feet,奎歐伊茲德夫
10973,Kalais D Feet,可拉伊斯德夫
10974,Lucchese D Feet,魯克奇艾塞德
10975,Entora D Greaves,拉瓦里Ｄ護腿
10976,YoRHa No.9 Type S Feet,約爾哈諾特伊【Ｓ】
10977,YoRHa No.9 Type S F Feet,約爾哈諾特伊【Ｓ】【Ｆ】
10978,YoRHa No.9 Type S FZ Feet,約爾哈諾特伊【Ｓ】【ＦＺ】
10979,YoRHa No.9 Type S HS Feet,約爾哈諾特伊【Ｓ】【ＨＳ】
10980,YoRHa No.9 Type S GS Feet,約爾哈諾特伊【Ｓ】【ＧＳ】
10981,YoRHa No.9 Type S GP Feet,約爾哈諾特伊【Ｓ】【ＧＰ】
10982,YoRHa No.9 Type S ZP Feet,約爾哈諾特伊【Ｓ】【ＺＰ】
10983,YoRHa No.9 Type S Boots,約爾哈諾特伊佩靴【Ｓ】
10984,YoRHa No.9 Type S F Boots,約爾哈諾特伊佩靴【Ｓ】【Ｆ】
10985,YoRHa No.9 Type S FZ Boots,約爾哈諾特伊佩靴【Ｓ】【ＦＺ】
10986,YoRHa No.9 Type S HS Boots,約爾哈諾特伊佩靴【Ｓ】【ＨＳ】
10987,YoRHa No.9 Type S GS Boots,約爾哈諾特伊佩靴【Ｓ】【ＧＳ】
10988,YoRHa No.9 Type S GP Boots,約爾哈諾特伊佩靴【Ｓ】【ＧＰ】
10989,YoRHa No.9 Type S ZP Boots,約爾哈諾特伊佩靴【Ｓ】【ＺＰ】
10990,YoRHa No.2 Type B Feet,約爾哈諾特伊
10991,YoRHa No.2 Type B F Feet,約爾哈諾特伊【Ｆ】
10992,YoRHa No.2 Type B FZ Feet,約爾哈諾特伊【ＦＺ】
10993,YoRHa No.2 Type B HS Feet,約爾哈諾特伊【ＨＳ】
10994,YoRHa No.2 Type B GS Feet,約爾哈諾特伊【ＧＳ】
10995,YoRHa No.2 Type B GP Feet,約爾哈諾特伊【ＧＰ】
10996,YoRHa No.2 Type B ZP Feet,約爾哈諾特伊【ＺＰ】
10997,YoRHa No.2 Type B Boots,約爾哈諾特伊佩布靴
10998,YoRHa No.2 Type B F Boots,約爾哈諾特伊佩布靴【Ｆ】
10999,YoRHa No.2 Type B FZ Boots,約爾哈諾特伊佩布靴【ＦＺ】
11000,YoRHa No.2 Type B HS Boots,約爾哈諾特伊佩布靴【ＨＳ】
11001,YoRHa No.2 Type B GS Boots,約爾哈諾特伊佩布靴【ＧＳ】
11002,YoRHa No.2 Type B GP Boots,約爾哈諾特伊佩布靴【ＧＰ】
11003,YoRHa No.2 Type B ZP Boots,約爾哈諾特伊佩布靴【ＺＰ】
11004,Shagaru Greaves,天廻護腿
11005,Shagaru G Greaves,天廻護腿【Ｇ】
11006,Shagaru GF Greaves,天廻護腿【ＧＦ】
11007,Shagaru GX Greaves,天廻護腿【ＧＸ】
11008,Shagaru Leggings,天廻裹腿
11009,Shagaru G Leggings,天廻裹腿【Ｇ】
11010,Shagaru GF Leggings,天廻裹腿【ＧＦ】
11011,Shagaru GX Leggings,天廻裹腿【ＧＸ】
11012,Hyujikiki Z Greaves,針纏龍護腿【Ｚ】
11013,Hyujikiki ZF Greaves,針纏龍護腿【ＺＦ】
11014,Hyujikiki ZY Greaves,針纏龍護腿【ＺＹ】
11015,Hyujikiki ZX Greaves,針纏龍護腿【ＺＸ】
11016,Hyujikiki Z Leggings,針纏龍裹腿【Ｚ】
11017,Hyujikiki ZF Leggings,針纏龍裹腿【ＺＦ】
11018,Hyujikiki ZY Leggings,針纏龍裹腿【ＺＹ】
11019,Hyujikiki ZX Leggings,針纏龍裹腿【ＺＸ】
11020,Gear Z Greaves,裝備護腿【Ｚ】
11021,Gear ZF Greaves,裝備護腿【ＺＦ】
11022,Gear ZY Greaves,裝備護腿【ＺＹ】
11023,Gear ZX Greaves,裝備護腿【ＺＸ】
11024,Gear Z Leggings,裝備裹腿【Ｚ】
11025,Gear ZF Leggings,裝備裹腿【ＺＦ】
11026,Gear ZY Leggings,裝備裹腿【ＺＹ】
11027,Gear ZX Leggings,裝備裹腿【ＺＸ】
11028,Rokka Feet,羅克可夫伊特
11029,Rokka F Feet,羅克可夫伊特【Ｆ】
11030,Rokka FZ Feet,羅克可夫伊特【ＦＺ】
11031,Rokka HS Feet,羅克可夫伊特【ＨＳ】
11032,Rokka GS Feet,羅克可夫伊特【ＧＳ】
11033,Rokka GP Feet,羅克可夫伊特【ＧＰ】
11034,Rokka ZP Feet,羅克可夫伊特【ＺＰ】
11035,Rokka Boots,羅克可靴
11036,Rokka F Boots,羅克可靴【Ｆ】
11037,Rokka FZ Boots,羅克可靴【ＦＺ】
11038,Rokka HS Boots,羅克可靴【ＨＳ】
11039,Rokka GS Boots,羅克可靴【ＧＳ】
11040,Rokka GP Boots,羅克可靴【ＧＰ】
11041,Rokka ZP Boots,羅克可靴【ＺＰ】
11042,Penre Feet,佩恩雷夫伊特
11043,Penre F Feet,佩恩雷夫伊特【Ｆ】
11044,Penre FZ Feet,佩恩雷夫伊特【ＦＺ】
11045,Penre HS Feet,佩恩雷夫伊特【ＨＳ】
11046,Penre GS Feet,佩恩雷夫伊特【ＧＳ】
11047,Penre GP Feet,佩恩雷夫伊特【ＧＰ】
11048,Penre ZP Feet,佩恩雷夫伊特【ＺＰ】
11049,Penre Boots,佩恩雷靴
11050,Penre F Boots,佩恩雷靴【Ｆ】
11051,Penre FZ Boots,佩恩雷靴【ＦＺ】
11052,Penre HS Boots,佩恩雷靴【ＨＳ】
11053,Penre GS Boots,佩恩雷靴【ＧＳ】
11054,Penre GP Boots,佩恩雷靴【ＧＰ】
11055,Penre ZP Boots,佩恩雷靴【ＺＰ】
11056,Akahara Reisou BM Legs ZP Red,阿可哈拉雷伊索烏腿甲【ＺＰ】・赤
11057,Akahara Reisou GN Legs ZP Red,赤原禮裝射手腿甲【ＺＰ】・赤
11058,Akahara Reisou BM Legs ZP Blue,阿可哈拉雷伊索烏腿甲【ＺＰ】・青
11059,Akahara Reisou GN Legs ZP Blue,赤原禮裝射手腿甲【ＺＰ】・青
11060,Akahara Reisou BM Legs ZP Black,阿可哈拉雷伊索烏腿甲【ＺＰ】・黑
11061,Akahara Reisou GN Legs ZP Black,赤原禮裝射手腿甲【ＺＰ】・黑
11062,Akahara Reisou BM Legs ZP White,阿可哈拉雷伊索烏腿甲【ＺＰ】・白
11063,Akahara Reisou GN Legs ZP White,赤原禮裝射手腿甲【ＺＰ】・白
11064,Knight King Legs BM ZP Blue,克尼格赫特基恩格腿甲【ＺＰ】・青
11065,Knight King Legs GN ZP Blue,騎士王射手腿甲【ＺＰ】・青
11066,Knight King Legs BM ZP Red,克尼格赫特基恩格腿甲【ＺＰ】・赤
11067,Knight King Legs GN ZP Red,騎士王射手腿甲【ＺＰ】・赤
11068,Knight King Legs BM ZP Black,克尼格赫特基恩格腿甲【ＺＰ】・黑
11069,Knight King Legs GN ZP Black,騎士王射手腿甲【ＺＰ】・黑
11070,Knight King Legs BM ZP White,克尼格赫特基恩格腿甲【ＺＰ】・白
11071,Knight King Legs GN ZP White,騎士王射手腿甲【ＺＰ】・白
11072,Hero King Legs BM ZP Gold,迪拉瓦王腕劍士腿甲【ＺＰ】・金
11073,Hero King Legs GN ZP Gold,迪拉瓦王腕射手腿甲【ＺＰ】・金
11074,Hero King Legs BM ZP Black,迪拉瓦王腕劍士腿甲【ＺＰ】・黑
11075,Hero King Legs GN ZP Black,迪拉瓦王腕射手腿甲【ＺＰ】・黑
11076,Hero King Legs BM ZP White,迪拉瓦王腕劍士腿甲【ＺＰ】・白
11077,Hero King Legs GN ZP White,迪拉瓦王腕射手腿甲【ＺＰ】・白
11078,Hero King Legs BM ZP Red,迪拉瓦王腕劍士腿甲【ＺＰ】・赤
11079,Hero King Legs GN ZP Red,迪拉瓦王腕射手腿甲【ＺＰ】・赤
11080,Gorgon ZP Feet・Black,戈爾戈恩夫伊【ＺＰ】・黑
11081,Gorgon ZP Boots・Black,戈爾戈恩靴【ＺＰ】・黑
11082,Gorgon ZP Feet・Blue,戈爾戈恩夫伊【ＺＰ】・青
11083,Gorgon ZP Boots・Blue,戈爾戈恩靴【ＺＰ】・青
11084,Gorgon ZP Feet・White,戈爾戈恩夫伊【ＺＰ】・白
11085,Gorgon ZP Boots・White,戈爾戈恩靴【ＺＰ】・白
11086,Gorgon ZP Feet・Red,戈爾戈恩夫伊【ＺＰ】・赤
11087,Gorgon ZP Boots・Red,戈爾戈恩靴【ＺＰ】・赤
11088,Arben ZP Feet,阿爾貝恩夫伊【ＺＰ】
11089,Arben ZP Boots,阿爾貝恩靴【ＺＰ】
11090,Aura ZP Feet,奧拉夫伊特【ＺＰ】
11091,Aura ZP Boots,阿烏拉靴【ＺＰ】
11092,Gagachu ZP Feet,加加奇烏夫伊【ＺＰ】
11093,Gagachu ZP Boots,加加丘靴【ＺＰ】
11094,Kurofi ZP Feet,庫羅夫伊夫伊【ＺＰ】
11095,Kurofi ZP Boots,庫羅夫伊靴【ＺＰ】
11096,Keravuno ZP Feet,凱拉夫烏諾夫【ＺＰ】
11097,Keravuno ZP Boots,凱拉夫烏諾靴【ＺＰ】
11098,Rikante Z Greaves,爾伊克阿恩特艾護腿【Ｚ】
11099,Rikante ZF Greaves,爾伊克阿恩特艾護腿【ＺＦ】
11100,Rikante ZY Greaves,爾伊克阿恩特艾護腿【ＺＹ】
11101,Rikante ZX Greaves,爾伊克阿恩特艾護腿【ＺＸ】
11102,Rikante Z Leggings,爾伊克阿恩特艾裹腿【Ｚ】
11103,Rikante ZF Leggings,爾伊克阿恩特艾裹腿【ＺＦ】
11104,Rikante ZY Leggings,爾伊克阿恩特艾裹腿【ＺＹ】
11105,Rikante ZX Leggings,爾伊克阿恩特艾裹腿【ＺＸ】
11106,Chatore G Greaves,夏托雷護腿【Ｇ】
11107,Chatore GF Greaves,夏托雷護腿【ＧＦ】
11108,Chatore GX Greaves,夏托雷護腿【ＧＸ】
11109,Chatore G Leggings,夏托雷裹腿【Ｇ】
11110,Chatore GF Leggings,夏托雷裹腿【ＧＦ】
11111,Chatore GX Leggings,夏托雷裹腿【ＧＸ】
11112,Donru GX Greaves,章觸媒ＧＸ腕護腿【ＧＸ】
11113,Donru GX Leggings,章觸媒ＧＸ腕裹腿【ＧＸ】
11114,Penre D Feet,佩恩雷德夫伊
11115,Rokka D Feet,羅克可德夫伊
11116,YoRHa No.9 Type S D Feet,約爾哈諾特伊【Ｓ】
11117,YoRHa No.2 Type B D Feet,約爾哈諾特伊
11118,トリートC Greaves,Ｃ外套護腿
11119,Craft C Boots,工Ｃ靴
11120,Cielo C Feet,克伊艾洛克夫
11121,Felyne C Greaves,艾路猫Ｃ護腿
11122,Akahara Reisou GN Legs D Red,阿可哈拉雷伊索烏腿甲・赤
11123,Akahara Reisou GN Legs D Blue,阿可哈拉雷伊索烏腿甲・青
11124,Akahara Reisou GN Legs D Black,阿可哈拉雷伊索烏腿甲・黑
11125,Akahara Reisou GN Legs D White,阿可哈拉雷伊索烏腿甲・白
11126,Knight King Legs BM D Blue,克尼格赫特基恩格腿甲・青
11127,Knight King Legs BM D Red,克尼格赫特基恩格腿甲・赤
11128,Knight King Legs BM D Black,克尼格赫特基恩格腿甲・黑
11129,Knight King Legs BM D White,克尼格赫特基恩格腿甲・白
11130,Hero King Legs BM D Gold,赫羅基恩格布姆德腿甲・金
11131,Hero King Legs BM D Black,赫羅基恩格布姆德腿甲・黑
11132,Hero King Legs BM D White,赫羅基恩格布姆德腿甲・白
11133,Hero King Legs BM D Red,赫羅基恩格布姆德腿甲・赤
11134,Gorgon D Feet・Black,戈爾戈恩德夫・黑
11135,Gorgon D Feet・Blue,戈爾戈恩德夫・青
11136,Gorgon D Feet・White,戈爾戈恩德夫・白
11137,Gorgon D Feet・Red,戈爾戈恩德夫・赤
11138,Arben D Feet,阿爾貝恩德夫
11139,Aura D Feet,奧拉德夫伊特
11140,Gagachu D Feet,加加奇烏德夫
11141,Kurofi D Feet,庫羅夫伊德夫
11142,Keravuno D Feet,凱拉夫烏諾德
11143,Espinas ZD Heel,棘龍
11144,Espinas ZD March,棘龍
11145,Hypnoc ZD Greaves,眠鳥護腿
11146,Hypnoc ZD Leggings,眠鳥裹腿
11147,Khezu ZD Greaves,奇怪龍護腿
11148,Khezu ZD Leggings,奇怪龍裹腿
11149,Hermitaur ZD Greaves,赫爾米塔烏爾茲德護腿
11150,Hermitaur ZD Leggings,赫爾米塔烏爾茲德裹腿
11151,Rathalos ZD Greaves,雄火龍護腿
11152,Rathalos ZD Leggings,雄火龍裹腿
11153,Blango ZD Greaves,布爾阿恩戈茲德護腿
11154,Blango ZD Leggings,布爾阿恩戈茲德裹腿
11155,Vashimu ZD Greaves,夫阿斯希穆茲德護腿
11156,Vashimu ZD Leggings,夫阿斯希穆茲德裹腿
11157,Tigrex ZD Greaves,轟龍護腿
11158,Tigrex ZD Leggings,轟龍裹腿
11159,Hyujikiki ZD Greaves,赫尤傑伊基基茲德護腿
11160,Hyujikiki ZD Leggings,赫尤傑伊基基茲德裹腿
11161,Gear ZD Greaves,蓋阿爾茲德護腿
11162,Gear ZD Leggings,蓋阿爾茲德裹腿
11163,Muruta D Feet,穆魯塔德夫伊
11164,Midogaron Z Greaves,爆狼護腿【Ｚ】
11165,Midogaron ZF Greaves,爆狼護腿【ＺＦ】
11166,Midogaron ZY Greaves,爆狼護腿【ＺＹ】
11167,Midogaron ZX Greaves,爆狼護腿【ＺＸ】
11168,Midogaron Z Leggings,爆狼裹腿【Ｚ】
11169,Midogaron ZF Leggings,爆狼裹腿【ＺＦ】
11170,Midogaron ZY Leggings,爆狼裹腿【ＺＹ】
11171,Midogaron ZX Leggings,爆狼裹腿【ＺＸ】
11172,White Fatalis GX Feet,黒龍【ＧＸ】・白
11173,White Fatalis GX Legs,黒龍腿甲【ＧＸ】・白
11174,Elzelion G Greaves,灼零龍護腿【Ｇ】
11175,Elzelion GF Greaves,灼零龍護腿【ＧＦ】
11176,Elzelion GX Greaves,灼零龍護腿【ＧＸ】
11177,Elzelion G Leggings,灼零龍裹腿【Ｇ】
11178,Elzelion GF Leggings,灼零龍裹腿【ＧＦ】
11179,Elzelion GX Leggings,灼零龍裹腿【ＧＸ】
11180,Zakka Feet,扎克可夫伊特
11181,Zakka F Feet,扎克可夫伊特【Ｆ】
11182,Zakka FZ Feet,扎克可夫伊特【ＦＺ】
11183,Zakka HS Feet,扎克可夫伊特【ＨＳ】
11184,Zakka GS Feet,扎克可夫伊特【ＧＳ】
11185,Zakka GP Feet,扎克可夫伊特【ＧＰ】
11186,Zakka ZP Feet,扎克可夫伊特【ＺＰ】
11187,Zakka Boots,扎克可靴
11188,Zakka F Boots,扎克可靴【Ｆ】
11189,Zakka FZ Boots,扎克可靴【ＦＺ】
11190,Zakka HS Boots,扎克可靴【ＨＳ】
11191,Zakka GS Boots,扎克可靴【ＧＳ】
11192,Zakka GP Boots,扎克可靴【ＧＰ】
11193,Zakka ZP Boots,扎克可靴【ＺＰ】
11194,Sword Hero Feet,斯沃爾德赫羅
11195,Sword Hero F Feet,斯沃爾德赫羅【Ｆ】
11196,Sword Hero FZ Feet,斯沃爾德赫羅【ＦＺ】
11197,Sword Hero HS Feet,斯沃爾德赫羅【ＨＳ】
11198,Sword Hero GS Feet,斯沃爾德赫羅【ＧＳ】
11199,Sword Hero GP Feet,斯沃爾德赫羅【ＧＰ】
11200,Sword Hero ZP Feet,斯沃爾德赫羅【ＺＰ】
11201,Twin Star Feet,特烏伊恩斯塔
11202,Twin Star F Feet,特烏伊恩斯塔【Ｆ】
11203,Twin Star FZ Feet,特烏伊恩斯塔【ＦＺ】
11204,Twin Star HS Feet,特烏伊恩斯塔【ＨＳ】
11205,Twin Star GS Feet,特烏伊恩斯塔【ＧＳ】
11206,Twin Star GP Feet,特烏伊恩斯塔【ＧＰ】
11207,Twin Star ZP Feet,特烏伊恩斯塔【ＺＰ】
11208,Heaven Blade Feet,赫阿夫艾恩布
11209,Heaven Blade F Feet,赫阿夫艾恩布【Ｆ】
11210,Heaven Blade FZ Feet,赫阿夫艾恩布【ＦＺ】
11211,Heaven Blade HS Feet,赫阿夫艾恩布【ＨＳ】
11212,Heaven Blade GS Feet,赫阿夫艾恩布【ＧＳ】
11213,Heaven Blade GP Feet,赫阿夫艾恩布【ＧＰ】
11214,Heaven Blade ZP Feet,赫阿夫艾恩布【ＺＰ】
11215,Spring Sword Feet,斯普伊恩格斯沃
11216,Spring Sword F Feet,斯普伊恩格斯沃【Ｆ】
11217,Spring Sword FZ Feet,斯普伊恩格斯沃【ＦＺ】
11218,Spring Sword HS Feet,斯普伊恩格斯沃【ＨＳ】
11219,Spring Sword GS Feet,斯普伊恩格斯沃【ＧＳ】
11220,Spring Sword GP Feet,斯普伊恩格斯沃【ＧＰ】
11221,Spring Sword ZP Feet,斯普伊恩格斯沃【ＺＰ】
11222,Riot Hammer Feet,里歐斯阿姆梅
11223,Riot Hammer F Feet,里歐斯阿姆梅【Ｆ】
11224,Riot Hammer FZ Feet,里歐斯阿姆梅【ＦＺ】
11225,Riot Hammer HS Feet,里歐斯阿姆梅【ＨＳ】
11226,Riot Hammer GS Feet,里歐斯阿姆梅【ＧＳ】
11227,Riot Hammer GP Feet,里歐斯阿姆梅【ＧＰ】
11228,Riot Hammer ZP Feet,里歐斯阿姆梅【ＺＰ】
11229,Song Horn Feet,索恩格霍爾恩
11230,Song Horn F Feet,索恩格霍爾恩【Ｆ】
11231,Song Horn FZ Feet,索恩格霍爾恩【ＦＺ】
11232,Song Horn HS Feet,索恩格霍爾恩【ＨＳ】
11233,Song Horn GS Feet,索恩格霍爾恩【ＧＳ】
11234,Song Horn GP Feet,索恩格霍爾恩【ＧＰ】
11235,Song Horn ZP Feet,索恩格霍爾恩【ＺＰ】
11236,Crush Lance Feet,克魯修拉恩克
11237,Crush Lance F Feet,克魯修拉恩克【Ｆ】
11238,Crush Lance FZ Feet,克魯修拉恩克【ＦＺ】
11239,Crush Lance HS Feet,克魯修拉恩克【ＨＳ】
11240,Crush Lance GS Feet,克魯修拉恩克【ＧＳ】
11241,Crush Lance GP Feet,克魯修拉恩克【ＧＰ】
11242,Crush Lance ZP Feet,克魯修拉恩克【ＺＰ】
11243,Scream Lance Feet,斯克雷阿姆拉
11244,Scream Lance F Feet,斯克雷阿姆拉【Ｆ】
11245,Scream Lance FZ Feet,斯克雷阿姆拉【ＦＺ】
11246,Scream Lance HS Feet,斯克雷阿姆拉【ＨＳ】
11247,Scream Lance GS Feet,斯克雷阿姆拉【ＧＳ】
11248,Scream Lance GP Feet,斯克雷阿姆拉【ＧＰ】
11249,Scream Lance ZP Feet,斯克雷阿姆拉【ＺＰ】
11250,Piercing Light Feet,皮艾爾克伊恩
11251,Piercing Light F Feet,皮艾爾克伊恩【Ｆ】
11252,Piercing Light FZ Feet,皮艾爾克伊恩【ＦＺ】
11253,Piercing Light HS Feet,皮艾爾克伊恩【ＨＳ】
11254,Piercing Light GS Feet,皮艾爾克伊恩【ＧＳ】
11255,Piercing Light GP Feet,皮艾爾克伊恩【ＧＰ】
11256,Piercing Light ZP Feet,皮艾爾克伊恩【ＺＰ】
11257,Colour Axe Feet,克歐洛烏拉克斯
11258,Colour Axe F Feet,克歐洛烏拉克斯【Ｆ】
11259,Colour Axe FZ Feet,克歐洛烏拉克斯【ＦＺ】
11260,Colour Axe HS Feet,克歐洛烏拉克斯【ＨＳ】
11261,Colour Axe GS Feet,克歐洛烏拉克斯【ＧＳ】
11262,Colour Axe GP Feet,克歐洛烏拉克斯【ＧＰ】
11263,Colour Axe ZP Feet,克歐洛烏拉克斯【ＺＰ】
11264,Blast Gun Boots,爆破銃腕甲靴
11265,Blast Gun F Boots,爆破銃腕甲靴【Ｆ】
11266,Blast Gun FZ Boots,爆破銃腕甲靴【ＦＺ】
11267,Blast Gun HS Boots,爆破銃腕甲靴【ＨＳ】
11268,Blast Gun GS Boots,爆破銃腕甲靴【ＧＳ】
11269,Blast Gun GP Boots,爆破銃腕甲靴【ＧＰ】
11270,Blast Gun ZP Boots,爆破銃腕甲靴【ＺＰ】
11271,Crush Gun Boots,砕銃腕甲靴
11272,Crush Gun F Boots,砕銃腕甲靴【Ｆ】
11273,Crush Gun FZ Boots,砕銃腕甲靴【ＦＺ】
11274,Crush Gun HS Boots,砕銃腕甲靴【ＨＳ】
11275,Crush Gun GS Boots,砕銃腕甲靴【ＧＳ】
11276,Crush Gun GP Boots,砕銃腕甲靴【ＧＰ】
11277,Crush Gun ZP Boots,砕銃腕甲靴【ＺＰ】
11278,Bow Saint Boots,弓聖靴
11279,Bow Saint F Boots,弓聖靴【Ｆ】
11280,Bow Saint FZ Boots,弓聖靴【ＦＺ】
11281,Bow Saint HS Boots,弓聖靴【ＨＳ】
11282,Bow Saint GS Boots,弓聖靴【ＧＳ】
11283,Bow Saint GP Boots,弓聖靴【ＧＰ】
11284,Bow Saint ZP Boots,弓聖靴【ＺＰ】
11285,Rantana Feet,拉恩塔納夫伊
11286,Rantana F Feet,拉恩塔納夫伊【Ｆ】
11287,Rantana FZ Feet,拉恩塔納夫伊【ＦＺ】
11288,Rantana HS Feet,拉恩塔納夫伊【ＨＳ】
11289,Rantana GS Feet,拉恩塔納夫伊【ＧＳ】
11290,Rantana GP Feet,拉恩塔納夫伊【ＧＰ】
11291,Rantana ZP Feet,拉恩塔納夫伊【ＺＰ】
11292,Rantana Boots,拉恩塔納靴
11293,Rantana F Boots,拉恩塔納靴【Ｆ】
11294,Rantana FZ Boots,拉恩塔納靴【ＦＺ】
11295,Rantana HS Boots,拉恩塔納靴【ＨＳ】
11296,Rantana GS Boots,拉恩塔納靴【ＧＳ】
11297,Rantana GP Boots,拉恩塔納靴【ＧＰ】
11298,Rantana ZP Boots,拉恩塔納靴【ＺＰ】
11299,Eris Feet,艾里斯夫伊特
11300,Eris F Feet,艾里斯夫伊特【Ｆ】
11301,Eris FZ Feet,艾里斯夫伊特【ＦＺ】
11302,Eris HS Feet,艾里斯夫伊特【ＨＳ】
11303,Eris GS Feet,艾里斯夫伊特【ＧＳ】
11304,Eris GP Feet,艾里斯夫伊特【ＧＰ】
11305,Eris ZP Feet,艾里斯夫伊特【ＺＰ】
11306,Eris Boots,艾莉絲靴
11307,Eris F Boots,艾莉絲靴【Ｆ】
11308,Eris FZ Boots,艾莉絲靴【ＦＺ】
11309,Eris HS Boots,艾莉絲靴【ＨＳ】
11310,Eris GS Boots,艾莉絲靴【ＧＳ】
11311,Eris GP Boots,艾莉絲靴【ＧＰ】
11312,Eris ZP Boots,艾莉絲靴【ＺＰ】
11313,Magisa ZP Feet・Red,馬吉薩夫伊特【ＺＰ】・赤
11314,Magisa ZP Feet・Black,馬吉薩夫伊特【ＺＰ】・黑
11315,Magisa ZP Feet・Green,馬吉薩夫伊特【ＺＰ】・緑
11316,Magisa ZP Feet・White,馬吉薩夫伊特【ＺＰ】・白
11317,Wizard ZP Boots・Red,烏伊扎爾德靴【ＺＰ】・赤
11318,Wizard ZP Boots・Black,烏伊扎爾德靴【ＺＰ】・黑
11319,Wizard ZP Boots・Green,烏伊扎爾德靴【ＺＰ】・緑
11320,Wizard ZP Boots・White,烏伊扎爾德靴【ＺＰ】・白
11321,Waka Legs ZP,若腿甲【ＺＰ】
11322,Waka Greaves ZP,若護腿【ＺＰ】
11323,Shaln ZP Feet・Blue,修阿爾恩夫伊【ＺＰ】・青
11324,Shaln ZP Feet・Green,修阿爾恩夫伊【ＺＰ】・緑
11325,Shaln ZP Feet・Purple,修阿爾恩夫伊【ＺＰ】・紫
11326,Shaln ZP Feet・White,修阿爾恩夫伊【ＺＰ】・白
11327,Shaln ZP Boots・Blue,夏爾恩靴【ＺＰ】・青
11328,Shaln ZP Boots・Green,夏爾恩靴【ＺＰ】・緑
11329,Shaln ZP Boots・Purple,夏爾恩靴【ＺＰ】・紫
11330,Shaln ZP Boots・White,夏爾恩靴【ＺＰ】・白
11331,Arumyu G Greaves,阿爾繆護腿【Ｇ】
11332,Arumyu GF Greaves,阿爾繆護腿【ＧＦ】
11333,Arumyu GX Greaves,阿爾繆護腿【ＧＸ】
11334,Arumyu G Leggings,阿爾繆裹腿【Ｇ】
11335,Arumyu GF Leggings,阿爾繆裹腿【ＧＦ】
11336,Arumyu GX Leggings,阿爾繆裹腿【ＧＸ】
11337,Korinyi Z Feet,科里恩伊伊夫【Ｚ】
11338,Korinyi ZF Feet,科里恩伊伊夫【ＺＦ】
11339,Korinyi ZY Feet,科里恩伊伊夫【ＺＹ】
11340,Korinyi ZX Feet,科里恩伊伊夫【ＺＸ】
11341,Korinyi Z Boots,科林Ｚ靴【Ｚ】
11342,Korinyi ZF Boots,科林Ｚ靴【ＺＦ】
11343,Korinyi ZY Boots,科林Ｚ靴【ＺＹ】
11344,Korinyi ZX Boots,科林Ｚ靴【ＺＸ】
11345,Renka Greaves Z,雷恩可護腿【Ｚ】
11346,Renka Greaves ZF,雷恩可護腿【ＺＦ】
11347,Renka Greaves ZY,雷恩可護腿【ＺＹ】
11348,Renka Greaves ZX,雷恩可護腿【ＺＸ】
11349,Renka Leggings Z,雷恩可裹腿【Ｚ】
11350,Renka Leggings ZF,雷恩可裹腿【ＺＦ】
11351,Renka Leggings ZY,雷恩可裹腿【ＺＹ】
11352,Renka Leggings ZX,雷恩可裹腿【ＺＸ】
11353,護靈者D靴,護靈者靴
11354,兵士D護腿,兵士護腿
11355,野蠻D護腿,野蠻護腿
11356,晴雲D脛甲,晴雲脛甲
11357,失落D狂脛,失落狂脛
11358,噬天D光脛,噬天光脛
11359,小藍ＣＯＳ靴,小藍ＣＯＳ靴
11360,ヴァンパイアＤフット,Ｄ
11361,Midogaron ZD Greaves,米多加羅恩茲德護腿
11362,Midogaron ZD Leggings,米多加羅恩茲德裹腿
11363,White Fatalis D Feet,黒龍・白
11364,White Fatalis D Legs,黒龍腿甲・白
11365,Elzelion D Greaves,灼零龍Ｄ護腿
11366,Elzelion D Leggings,灼零龍Ｄ裹腿
11367,Zakka D Feet,扎克可德夫伊
11368,十ノ軌跡C Feet,十軌跡
11369,十ノ至道C Boots,Ｃ頭巾靴
11370,Rantana D Feet,拉恩塔納德夫
11371,Eris D Feet,艾里斯德夫伊
11372,Magisa D Feet・Red,馬吉薩德夫伊・赤
11373,Magisa D Feet・Black,馬吉薩德夫伊・黑
11374,Magisa D Feet・Green,馬吉薩德夫伊・緑
11375,Magisa D Feet・White,馬吉薩德夫伊・白
11376,Magisa D Feet・Blue,馬吉薩德夫伊・青
11377,Waka Legs D,若帽Ｄ腿甲
11378,Shaln D Feet・Blue,修阿爾恩德夫・青
11379,Shaln D Feet・Green,修阿爾恩德夫・緑
11380,Shaln D Feet・Purple,修阿爾恩德夫・紫
11381,Shaln D Feet・White,修阿爾恩德夫・白
11382,Shaln D Feet・Red,修阿爾恩德夫・赤
11383,Shaln D Feet・Crimson,修阿爾恩德夫・紅
11384,Shaln D Feet・Orange,修阿爾恩德夫・橙
11385,Carriage D Feet,克阿爾里阿蓋
11386,Marble D Feet,馬爾布勒德夫
11387,Shandy D Feet,修阿恩德伊德
11388,Banquet D Feet,巴恩奎艾特德
11389,Korinyi D Feet,科里恩伊伊德
11390,Renka Greaves D,連歌哈歐里Ｄ護腿
11391,Kukubo D Feet,庫庫博德夫伊
11392,Kakabu D Feet,可可布德夫伊
11393,Aruru D Feet,阿魯魯德夫伊
11394,Red Cat D Boots,赤猫Ｄ靴・赤
11395,Rios D Greaves,爾伊歐斯Ｄ護腿
11396,Bonito D Greaves,奇可雷Ｄ護腿
11397,Meirida D Greaves,可雷托Ｄ護腿
11398,Miniomu D Greaves,米尼歐穆Ｄ護腿
11399,Harimeno D Greaves,球紋章Ｄ護腿
11400,Deliver D Greaves,交貨Ｄ護腿
11401,Asaku D Greaves,阿薩庫Ｄ護腿
11402,Desordre D Greaves,德艾斯歐爾德爾艾Ｄ護腿
11403,Haragan D Greaves,哈阿爾阿格阿恩Ｄ護腿
11404,Abuyado D Greaves,阿布雅多Ｄ護腿
11405,Ruko Z Greaves,魯科護腿【Ｚ】
11406,Ruko ZF Greaves,魯科護腿【ＺＦ】
11407,Ruko ZY Greaves,魯科護腿【ＺＹ】
11408,Ruko ZX Greaves,魯科護腿【ＺＸ】
11409,Ruko Z Leggings,魯科裹腿【Ｚ】
11410,Ruko ZF Leggings,魯科裹腿【ＺＦ】
11411,Ruko ZY Leggings,魯科裹腿【ＺＹ】
11412,Ruko ZX Leggings,魯科裹腿【ＺＸ】
11413,Plesioth Z Greaves,水龍護腿【Ｚ】
11414,Plesioth ZF Greaves,水龍護腿【ＺＦ】
11415,Plesioth ZY Greaves,水龍護腿【ＺＹ】
11416,Plesioth ZX Greaves,水龍護腿【ＺＸ】
11417,Plesioth Z Leggings,水龍裹腿【Ｚ】
11418,Plesioth ZF Leggings,水龍裹腿【ＺＦ】
11419,Plesioth ZY Leggings,水龍裹腿【ＺＹ】
11420,Plesioth ZX Leggings,水龍裹腿【ＺＸ】
11421,Sharufu Greaves,修阿魯芙護腿
11422,Sharufu F Greaves,修阿魯芙護腿【Ｆ】
11423,Sharufu FZ Greaves,修阿魯芙護腿【ＦＺ】
11424,Sharufu HS Greaves,修阿魯芙護腿【ＨＳ】
11425,Sharufu GS Greaves,修阿魯芙護腿【ＧＳ】
11426,Sharufu GP Greaves,修阿魯芙護腿【ＧＰ】
11427,Sharufu ZP Greaves,修阿魯芙護腿【ＺＰ】
11428,Sharufu Leggings,修阿魯芙裹腿
11429,Sharufu F Leggings,修阿魯芙裹腿【Ｆ】
11430,Sharufu FZ Leggings,修阿魯芙裹腿【ＦＺ】
11431,Sharufu HS Leggings,修阿魯芙裹腿【ＨＳ】
11432,Sharufu GS Leggings,修阿魯芙裹腿【ＧＳ】
11433,Sharufu GP Leggings,修阿魯芙裹腿【ＧＰ】
11434,Sharufu ZP Leggings,修阿魯芙裹腿【ＺＰ】
11435,Kamara Greaves,可瑪護腿
11436,Kamara F Greaves,可瑪護腿【Ｆ】
11437,Kamara FZ Greaves,可瑪護腿【ＦＺ】
11438,Kamara HS Greaves,可瑪護腿【ＨＳ】
11439,Kamara GS Greaves,可瑪護腿【ＧＳ】
11440,Kamara GP Greaves,可瑪護腿【ＧＰ】
11441,Kamara ZP Greaves,可瑪護腿【ＺＰ】
11442,Kamara Leggings,可瑪裹腿
11443,Kamara F Leggings,可瑪裹腿【Ｆ】
11444,Kamara FZ Leggings,可瑪裹腿【ＦＺ】
11445,Kamara HS Leggings,可瑪裹腿【ＨＳ】
11446,Kamara GS Leggings,可瑪裹腿【ＧＳ】
11447,Kamara GP Leggings,可瑪裹腿【ＧＰ】
11448,Kamara ZP Leggings,可瑪裹腿【ＺＰ】
11449,Ruche Greaves,褶護腿
11450,Ruche F Greaves,褶護腿【Ｆ】
11451,Ruche FZ Greaves,褶護腿【ＦＺ】
11452,Ruche HS Greaves,褶護腿【ＨＳ】
11453,Ruche GS Greaves,褶護腿【ＧＳ】
11454,Ruche GP Greaves,褶護腿【ＧＰ】
11455,Ruche ZP Greaves,褶護腿【ＺＰ】
11456,Ruche Leggings,褶裹腿
11457,Ruche F Leggings,褶裹腿【Ｆ】
11458,Ruche FZ Leggings,褶裹腿【ＦＺ】
11459,Ruche HS Leggings,褶裹腿【ＨＳ】
11460,Ruche GS Leggings,褶裹腿【ＧＳ】
11461,Ruche GP Leggings,褶裹腿【ＧＰ】
11462,Ruche ZP Leggings,褶裹腿【ＺＰ】
11463,Rage HS Feet,拉蓋夫伊特【ＨＳ】
11464,Rage GS Feet,拉蓋夫伊特【ＧＳ】
11465,Rage GP Feet,拉蓋夫伊特【ＧＰ】
11466,Rage ZP Feet,拉蓋夫伊特【ＺＰ】
11467,Rage HS Boots,憤怒靴【ＨＳ】
11468,Rage GS Boots,憤怒靴【ＧＳ】
11469,Rage GP Boots,憤怒靴【ＧＰ】
11470,Rage ZP Boots,憤怒靴【ＺＰ】
11471,Rampage HS Feet,拉姆拍蓋夫伊【ＨＳ】
11472,Rampage GS Feet,拉姆拍蓋夫伊【ＧＳ】
11473,Rampage GP Feet,拉姆拍蓋夫伊【ＧＰ】
11474,Rampage ZP Feet,拉姆拍蓋夫伊【ＺＰ】
11475,Rampage HS Boots,拉姆拍蓋靴【ＨＳ】
11476,Rampage GS Boots,拉姆拍蓋靴【ＧＳ】
11477,Rampage GP Boots,拉姆拍蓋靴【ＧＰ】
11478,Rampage ZP Boots,拉姆拍蓋靴【ＺＰ】
11479,Blaze HS Feet,布拉澤夫伊特【ＨＳ】
11480,Blaze GS Feet,布拉澤夫伊特【ＧＳ】
11481,Blaze GP Feet,布拉澤夫伊特【ＧＰ】
11482,Blaze ZP Feet,布拉澤夫伊特【ＺＰ】
11483,Blaze HS Boots,布爾阿澤靴【ＨＳ】
11484,Blaze GS Boots,布爾阿澤靴【ＧＳ】
11485,Blaze GP Boots,布爾阿澤靴【ＧＰ】
11486,Blaze ZP Boots,布爾阿澤靴【ＺＰ】
11487,Poogie FZ Feet,波歐吉艾夫伊【ＦＺ】
11488,Poogie HS Feet,波歐吉艾夫伊【ＨＳ】
11489,Poogie GS Feet,波歐吉艾夫伊【ＧＳ】
11490,Poogie GP Feet,波歐吉艾夫伊【ＧＰ】
11491,Poogie ZP Feet,波歐吉艾夫伊【ＺＰ】
11492,Poogie FZ Heel,波歐吉艾赫艾【ＦＺ】
11493,Poogie HS Heel,波歐吉艾赫艾【ＨＳ】
11494,Poogie GS Heel,波歐吉艾赫艾【ＧＳ】
11495,Poogie GP Heel,波歐吉艾赫艾【ＧＰ】
11496,Poogie ZP Heel,波歐吉艾赫艾【ＺＰ】
11497,Mandora FZ Feet,馬恩多拉夫伊【ＦＺ】
11498,Mandora HS Feet,馬恩多拉夫伊【ＨＳ】
11499,Mandora GS Feet,馬恩多拉夫伊【ＧＳ】
11500,Mandora GP Feet,馬恩多拉夫伊【ＧＰ】
11501,Mandora ZP Feet,馬恩多拉夫伊【ＺＰ】
11502,Mandora FZ Boots,馬恩多拉靴【ＦＺ】
11503,Mandora HS Boots,馬恩多拉靴【ＨＳ】
11504,Mandora GS Boots,馬恩多拉靴【ＧＳ】
11505,Mandora GP Boots,馬恩多拉靴【ＧＰ】
11506,Mandora ZP Boots,馬恩多拉靴【ＺＰ】
11507,Aonoko FZ Feet,阿歐諾科夫伊【ＦＺ】
11508,Aonoko HS Feet,阿歐諾科夫伊【ＨＳ】
11509,Aonoko GS Feet,阿歐諾科夫伊【ＧＳ】
11510,Aonoko GP Feet,阿歐諾科夫伊【ＧＰ】
11511,Aonoko ZP Feet,阿歐諾科夫伊【ＺＰ】
11512,Aonoko FZ Boots,阿歐諾科靴【ＦＺ】
11513,Aonoko HS Boots,阿歐諾科靴【ＨＳ】
11514,Aonoko GS Boots,阿歐諾科靴【ＧＳ】
11515,Aonoko GP Boots,阿歐諾科靴【ＧＰ】
11516,Aonoko ZP Boots,阿歐諾科靴【ＺＰ】
11517,Gauss ZP Greaves,格阿烏斯斯ＦＺ腕護腿【ＺＰ】
11518,Gauss ZP Leggings,格阿烏斯斯ＦＺ腕裹腿【ＺＰ】
11519,Weber ZP Greaves,瓦艾布艾爾ＦＺ腕護腿【ＺＰ】
11520,Weber ZP Leggings,瓦艾布艾爾ＦＺ腕裹腿【ＺＰ】
11521,Gilbert ZP Greaves,格伊勒布艾爾特ＦＺ腕護腿【ＺＰ】
11522,Gilbert ZP Leggings,格伊勒布艾爾特ＦＺ腕裹腿【ＺＰ】
11523,Zuibei ZP Heel,茲伊貝伊赫艾【ＺＰ】
11524,Zuibei ZP March,茲伊貝伊馬爾【ＺＰ】
11525,Liebre G Greaves,野泰里護腿【Ｇ】
11526,Liebre GF Greaves,野泰里護腿【ＧＦ】
11527,Liebre GX Greaves,野泰里護腿【ＧＸ】
11528,Liebre G Leggings,野泰里裹腿【Ｇ】
11529,Liebre GF Leggings,野泰里裹腿【ＧＦ】
11530,Liebre GX Leggings,野泰里裹腿【ＧＸ】
11531,Merente Z Greaves,姆艾爾艾恩特艾護腿【Ｚ】
11532,Merente ZF Greaves,姆艾爾艾恩特艾護腿【ＺＦ】
11533,Merente ZY Greaves,姆艾爾艾恩特艾護腿【ＺＹ】
11534,Merente ZX Greaves,姆艾爾艾恩特艾護腿【ＺＸ】
11535,Merente Z Leggings,姆艾爾艾恩特艾裹腿【Ｚ】
11536,Merente ZF Leggings,姆艾爾艾恩特艾裹腿【ＺＦ】
11537,Merente ZY Leggings,姆艾爾艾恩特艾裹腿【ＺＹ】
11538,Merente ZX Leggings,姆艾爾艾恩特艾裹腿【ＺＸ】
11539,Ruko ZD Greaves,魯科茲德護腿
11540,Ruko ZD Leggings,魯科茲德裹腿
11541,Plesioth ZD Greaves,水龍護腿
11542,Plesioth ZD Leggings,水龍裹腿
11543,Sharufu D Greaves,修阿魯芙Ｄ護腿
11544,Kamara D Greaves,可瑪Ｄ護腿
11545,Liebre D Greaves,野泰里Ｄ護腿
11546,Korinyi C Feet,科里恩伊伊克
11547,Ruche D Greaves,褶Ｄ護腿
11548,Strength D Leg,力腿
11549,Rage D Feet,拉蓋德夫伊特
11550,Rampage D Feet,拉姆拍蓋德夫
11551,Blaze D Feet,布拉澤德夫伊
11552,Poogie D Feet,波歐吉艾德夫
11553,Mandora D Feet,馬恩多拉德夫
11554,Aonoko D Feet,阿歐諾科德夫
11555,Gauss D Greaves,格阿烏斯斯Ｄ護腿
11556,Weber D Greaves,瓦艾布艾爾Ｄ護腿
11557,Gilbert D Greaves,格伊勒布艾爾特Ｄ護腿
11558,Zuibei D Heel,茲伊貝伊德赫
11559,Chiarim D Feet,奇伊阿里姆德
11560,Guild Bard C Boots,公會布阿爾德Ｃ靴
11561,Scholar C Socks,斯奇歐拉爾克
11562,Aelucanth C Crura,阿艾魯克阿恩
11563,Rhopessa C Crura,爾霍佩斯薩克
11564,Yukumo ノハカマC・Heaven,
11565,White 蘭D Feet,蘭・白
11566,Crimson 霞D Feet,霞・紅
11567,Demonclad ノ足枷D,足枷
11568,Tangusu D Greaves,阿爾布Ｄ護腿
11569,Disu D Greaves,迪斯Ｇ腕護腿
11570,Disu D Leggings,迪斯Ｇ腕裹腿
11571,Lils D Greaves,觸媒研腕護腿
11572,Lils D Leggings,觸媒研腕裹腿
11573,Dragon SC Feet,龍
11574,Dragon SC Legs,龍腿甲
11575,Dragon GD Feet,龍
11576,Dragon GD Legs,龍腿甲
11577,Vulcan D Feet,夫烏爾克阿恩
11578,Vulcan D Legs,火山Ｄ腿甲
11579,Vulcan GD Feet,夫烏爾克阿恩
11580,Vulcan GD Legs,炎王龍腿甲
11581,Garnet D Greaves,格阿爾恩艾特Ｄ護腿
11582,Amethyst D Greaves,紫水晶Ｄ護腿
11583,Coral D Greaves,珊瑚Ｄ護腿
11584,Quartz D Greaves,石英Ｄ護腿
11585,Emerald D Greaves,翠Ｄ護腿
11586,Pearl D Greaves,珠Ｄ護腿
11587,Ruby D Greaves,紅Ｄ護腿
11588,Sapphire D Greaves,藍Ｄ護腿
11589,Topaz D Leggings,黄玉ＦＸ腕甲裹腿
11590,Tourmaline D Leggings,特歐烏爾姆阿勒伊腕甲裹腿
11591,Lapis D Leggings,青金裹腿
11592,Hisui D Greaves,希蘇伊Ｄ護腿
11593,Onyx D Greaves,歐恩伊克斯Ｄ護腿
11594,Veloci ーツ Feet D,藍速龍
11595,Gen ーツ Feet D,源
11596,Io ーツ Feet D,伊歐
11597,Gia ーツ Feet D,白速龍
11598,Mosswine Feet D,菌豬
11599,Remobra ーツ Feet D,翼蛇龍
11600,Battle Leggings PD Blue,戦裹腿【ＰＤ】・青
11601,Battle Leggings PD Yellow,戦裹腿【ＰＤ】・黄
11602,Battle Leggings PD Purple,戦裹腿【ＰＤ】・紫
11603,Rathian Greaves PD Blue,雌火龍護腿【ＰＤ】・青
11604,Rathian Greaves PD Red,雌火龍護腿【ＰＤ】・赤
11605,Rathian Greaves PD Black,雌火龍護腿【ＰＤ】・黑
11606,Khezu Feet PD Blue,奇怪龍【ＰＤ】・青
11607,Khezu Feet PD Green,奇怪龍【ＰＤ】・緑
11608,Khezu Feet PD Black,奇怪龍【ＰＤ】・黑
11609,Espinas Greaves PD Red,棘龍護腿【ＰＤ】・赤
11610,Espinas Greaves PD Blue,棘龍護腿【ＰＤ】・青
11611,Espinas Greaves PD Yellow,棘龍護腿【ＰＤ】・黄
11612,Espinas Leggings PD Red,棘龍裹腿【ＰＤ】・赤
11613,Espinas Leggings PD Blue,棘龍裹腿【ＰＤ】・青
11614,Espinas Leggings PD Yellow,棘龍裹腿【ＰＤ】・黄
11615,Guardi Boots PD White,古阿爾迪靴【ＰＤ】・白
11616,Guardi Boots PD Black,古阿爾迪靴【ＰＤ】・黑
11617,Guardi Boots PD Purple,古阿爾迪靴【ＰＤ】・紫
11618,Healer Socks PD Blue,治癒【ＰＤ】・青
11619,Healer Socks PD White,治癒【ＰＤ】・白
11620,Healer Socks PD Yellow,治癒【ＰＤ】・黄
11621,Shourou 【端足】D,端足
11622,Mitama 【端足】D,端足
11623,Burning Cliff D [Hakama 】,哈可馬布爾尼
11624,Crimson Cliff D [Hakama 】,哈可馬克里夫・紅
11625,Ledia D Boots,毛毒怪Ｄ靴
11626,White Snake Greaves D,白蛇哈歐里Ｄ護腿・白
11627,Black Tiger Greaves D,黑虎哈歐里Ｄ護腿・黑
11628,Crushing Fog D [Hakama 】,哈可馬克魯修
11629,Valued Word Hakama D,夫阿魯艾德沃
11630,Blue Sky Hakama D,斯克伊哈可馬・青
11631,Noon Glow Hakama D,諾歐恩格洛烏
11632,Kosho D [Hakama 】,哈可馬科修歐
11633,True Shadow Hakama D,特魯艾修阿多
11634,Furogada D Greaves,浪紫黑Ｄ護腿
11635,Lars D Greaves,章觸媒Ｄ護腿
11636,Donru D Greaves,章觸媒Ｄ護腿
11637,Inagami ZD Greaves,伊納加米茲德護腿
11638,Barioth C Greaves,氷牙龍護腿
11639,Barioth C Leggings,氷牙龍裹腿
11640,Brachy C Greaves,碎龍Ｃ護腿
11641,Brachy C Leggings,碎龍Ｃ裹腿
11642,Uragaan C Greaves,爆錘龍Ｃ護腿
11643,Uragaan C Leggings,爆錘龍Ｃ裹腿
11644,Stygian C Greaves,斯特伊格伊阿恩Ｃ護腿
11645,Stygian C Leggings,斯特伊格伊阿恩Ｃ裹腿
11646,Gore C Greaves,奇美Ｃ護腿
11647,Gore C Leggings,奇美Ｃ裹腿
11648,Vangis C Greaves,維阿恩格伊斯Ｃ護腿
11649,Vangis C Leggings,維阿恩格伊斯Ｃ裹腿
11650,Shagaru C Greaves,天廻Ｃ護腿
11651,Shagaru C Leggings,天廻Ｃ裹腿
11652,Inagami Z Greaves,雅翁龍護腿【Ｚ】
11653,Inagami ZF Greaves,雅翁龍護腿【ＺＦ】
11654,Inagami ZY Greaves,雅翁龍護腿【ＺＹ】
11655,Inagami ZX Greaves,雅翁龍護腿【ＺＸ】
11656,Inagami Z Leggings,雅翁龍裹腿【Ｚ】
11657,Inagami ZF Leggings,雅翁龍裹腿【ＺＦ】
11658,Inagami ZY Leggings,雅翁龍裹腿【ＺＹ】
11659,Inagami ZX Leggings,雅翁龍裹腿【ＺＸ】
11660,Tempest 【 Hakama 】,哈可馬特姆佩
11661,Tempest G【 Hakama 】,哈可馬特姆佩【Ｇ】
11662,Tempest GF【 Hakama 】,哈可馬特姆佩【ＧＦ】
11663,Tempest GX【 Hakama 】,哈可馬特姆佩【ＧＸ】
11664,Welkin 【 Hakama 】,哈可馬烏艾爾
11665,Welkin G【 Hakama 】,哈可馬烏艾爾【Ｇ】
11666,Welkin GF【 Hakama 】,哈可馬烏艾爾【ＧＦ】
11667,Welkin GX【 Hakama 】,哈可馬烏艾爾【ＧＸ】
11668,Levin Greaves,雷護腿
11669,Levin F Greaves,雷護腿【Ｆ】
11670,Levin FZ Greaves,雷護腿【ＦＺ】
11671,Levin HS Greaves,雷護腿【ＨＳ】
11672,Levin GS Greaves,雷護腿【ＧＳ】
11673,Levin GP Greaves,雷護腿【ＧＰ】
11674,Levin ZP Greaves,雷護腿【ＺＰ】
11675,Levin Leggings,雷裹腿
11676,Levin F Leggings,雷裹腿【Ｆ】
11677,Levin FZ Leggings,雷裹腿【ＦＺ】
11678,Levin HS Leggings,雷裹腿【ＨＳ】
11679,Levin GS Leggings,雷裹腿【ＧＳ】
11680,Levin GP Leggings,雷裹腿【ＧＰ】
11681,Levin ZP Leggings,雷裹腿【ＺＰ】
11682,Silver Armour・Toenail,阿爾莫烏爾托・銀
11683,Silver Armour F・Toenail,阿爾莫烏爾托【Ｆ】・銀
11684,Silver Armour FZ・Toenail,阿爾莫烏爾托【ＦＺ】・銀
11685,Silver Armour HS・Toenail,阿爾莫烏爾托【ＨＳ】・銀
11686,Silver Armour GS・Toenail,阿爾莫烏爾托【ＧＳ】・銀
11687,Silver Armour GP・Toenail,阿爾莫烏爾托【ＧＰ】・銀
11688,Silver Armour ZP・Toenail,阿爾莫烏爾托【ＺＰ】・銀
11689,Silver Armour・Greaves,西爾夫艾拉爾莫烏護腿・銀
11690,Silver Armour F・Greaves,西爾夫艾拉爾莫烏護腿【Ｆ】・銀
11691,Silver Armour FZ・Greaves,西爾夫艾拉爾莫烏護腿【ＦＺ】・銀
11692,Silver Armour HS・Greaves,西爾夫艾拉爾莫烏護腿【ＨＳ】・銀
11693,Silver Armour GS・Greaves,西爾夫艾拉爾莫烏護腿【ＧＳ】・銀
11694,Silver Armour GP・Greaves,西爾夫艾拉爾莫烏護腿【ＧＰ】・銀
11695,Silver Armour ZP・Greaves,西爾夫艾拉爾莫烏護腿【ＺＰ】・銀
11696,Rose Ball Gown・Toenail,羅塞巴爾爾戈
11697,Rose Ball Gown F・Toenail,羅塞巴爾爾戈【Ｆ】
11698,Rose Ball Gown FZ・Toenail,羅塞巴爾爾戈【ＦＺ】
11699,Rose Ball Gown HS・Toenail,羅塞巴爾爾戈【ＨＳ】
11700,Rose Ball Gown GS・Toenail,羅塞巴爾爾戈【ＧＳ】
11701,Rose Ball Gown GP・Toenail,羅塞巴爾爾戈【ＧＰ】
11702,Rose Ball Gown ZP・Toenail,羅塞巴爾爾戈【ＺＰ】
11703,Rose Ball Gown・Greaves,羅塞巴爾爾戈烏恩護腿
11704,Rose Ball Gown F・Greaves,羅塞巴爾爾戈烏恩護腿【Ｆ】
11705,Rose Ball Gown FZ・Greaves,羅塞巴爾爾戈烏恩護腿【ＦＺ】
11706,Rose Ball Gown HS・Greaves,羅塞巴爾爾戈烏恩護腿【ＨＳ】
11707,Rose Ball Gown GS・Greaves,羅塞巴爾爾戈烏恩護腿【ＧＳ】
11708,Rose Ball Gown GP・Greaves,羅塞巴爾爾戈烏恩護腿【ＧＰ】
11709,Rose Ball Gown ZP・Greaves,羅塞巴爾爾戈烏恩護腿【ＺＰ】
11710,Shui Greaves,水護腿
11711,Shui F Greaves,水護腿【Ｆ】
11712,Shui FZ Greaves,水護腿【ＦＺ】
11713,Shui HS Greaves,水護腿【ＨＳ】
11714,Shui GS Greaves,水護腿【ＧＳ】
11715,Shui GP Greaves,水護腿【ＧＰ】
11716,Shui ZP Greaves,水護腿【ＺＰ】
11717,Shui Leggings,水裹腿
11718,Shui F Leggings,水裹腿【Ｆ】
11719,Shui FZ Leggings,水裹腿【ＦＺ】
11720,Shui HS Leggings,水裹腿【ＨＳ】
11721,Shui GS Leggings,水裹腿【ＧＳ】
11722,Shui GP Leggings,水裹腿【ＧＰ】
11723,Shui ZP Leggings,水裹腿【ＺＰ】
11724,CE Kevlar ZP BM Legs Blue,克艾凱夫爾阿爾布腿甲【ＺＰ】・青
11725,CE Kevlar ZP GN Legs Blue,克艾凱夫拉爾腿甲【ＺＰ】・青
11726,CE Kevlar ZP BM Legs Red,克艾凱夫爾阿爾布腿甲【ＺＰ】・赤
11727,CE Kevlar ZP GN Legs Red,克艾凱夫拉爾腿甲【ＺＰ】・赤
11728,CE Kevlar ZP BM Legs White,克艾凱夫爾阿爾布腿甲【ＺＰ】・白
11729,CE Kevlar ZP GN Legs White,克艾凱夫拉爾腿甲【ＺＰ】・白
11730,CE Kevlar ZP BM Legs Black,克艾凱夫爾阿爾布腿甲【ＺＰ】・黑
11731,CE Kevlar ZP GN Legs Black,克艾凱夫拉爾腿甲【ＺＰ】・黑
11732,AB Layer ZP BM Legs Red,阿布爾阿伊艾爾布腿甲【ＺＰ】・赤
11733,AB Layer ZP GN Legs Red,阿布拉伊艾爾腿甲【ＺＰ】・赤
11734,AB Layer ZP BM Legs Blue,阿布爾阿伊艾爾布腿甲【ＺＰ】・青
11735,AB Layer ZP GN Legs Blue,阿布拉伊艾爾腿甲【ＺＰ】・青
11736,AB Layer ZP BM Legs Black,阿布爾阿伊艾爾布腿甲【ＺＰ】・黑
11737,AB Layer ZP GN Legs Black,阿布拉伊艾爾腿甲【ＺＰ】・黑
11738,AB Layer ZP BM Legs White,阿布爾阿伊艾爾布腿甲【ＺＰ】・白
11739,AB Layer ZP GN Legs White,阿布拉伊艾爾腿甲【ＺＰ】・白
11740,Ruban ZP Feet,魯巴恩夫伊特【ＺＰ】
11741,Ruban ZP Leg,爾烏布阿恩腿【ＺＰ】
11742,L'Amore ZP Feet,拉莫雷夫伊特【ＺＰ】
11743,L'Amore ZP Leg,爾阿莫雷腿【ＺＰ】
11744,Orloj ZP Boots,歐爾勒歐杰靴【ＺＰ】
11745,Orloj ZP Leggings,歐爾勒歐杰裹腿【ＺＰ】
11746,Dolce ZP Feet,多爾克艾夫伊【ＺＰ】
11747,Dolce ZP Leg,德歐勒克艾腿【ＺＰ】
11748,Bright ZP Greaves,輝腕護腿【ＺＰ】
11749,Bright ZP Leggings,輝腕裹腿【ＺＰ】
11750,Juari ZP Greaves,朱阿里腕護腿【ＺＰ】
11751,Juari ZP Leggings,朱阿里腕裹腿【ＺＰ】
11752,Tinku ZP Greaves,特伊恩克烏腕護腿【ＺＰ】
11753,Tinku ZP Leggings,特伊恩克烏腕裹腿【ＺＰ】
11754,Shatemu ZP Boots,修阿特穆靴【ＺＰ】
11755,Shatemu ZP Leggings,修阿特穆裹腿【ＺＰ】
11756,Hevria ZP Boots,哈艾維爾伊阿靴【ＺＰ】
11757,Hevria ZP Leggings,哈艾維爾伊阿裹腿【ＺＰ】
11758,Tiuru ZP Boots,提烏魯靴【ＺＰ】
11759,Tiuru ZP Leggings,提烏魯裹腿【ＺＰ】
11760,Kaila ZP Feet,可伊拉夫伊特【ＺＰ】
11761,Kaila ZP Boots,可伊爾阿靴【ＺＰ】
11762,Fonse G Greaves,尾虎皮護腿【Ｇ】
11763,Fonse GF Greaves,尾虎皮護腿【ＧＦ】
11764,Fonse GX Greaves,尾虎皮護腿【ＧＸ】
11765,Fonse G Leggings,尾虎皮裹腿【Ｇ】
11766,Fonse GF Leggings,尾虎皮裹腿【ＧＦ】
11767,Fonse GX Leggings,尾虎皮裹腿【ＧＸ】
11768,Utante Z Greaves,歌者護腿【Ｚ】
11769,Utante ZF Greaves,歌者護腿【ＺＦ】
11770,Utante ZY Greaves,歌者護腿【ＺＹ】
11771,Utante ZX Greaves,歌者護腿【ＺＸ】
11772,Utante Z Leggings,歌者裹腿【Ｚ】
11773,Utante ZF Leggings,歌者裹腿【ＺＦ】
11774,Utante ZY Leggings,歌者裹腿【ＺＹ】
11775,Utante ZX Leggings,歌者裹腿【ＺＸ】
11776,Rizuvue G Greaves,麗茲維護腿【Ｇ】
11777,Rizuvue GF Greaves,麗茲維護腿【ＧＦ】
11778,Rizuvue GX Greaves,麗茲維護腿【ＧＸ】
11779,Rizuvue G Leggings,麗茲維裹腿【Ｇ】
11780,Rizuvue GF Leggings,麗茲維裹腿【ＧＦ】
11781,Rizuvue GX Leggings,麗茲維裹腿【ＧＸ】
11782,Inagami ZD Leggings,伊納加米茲德裹腿
11783,Tempest C【 Hakama 】,哈可馬特姆佩
11784,Welkin C【 Hakama 】,哈可馬烏艾爾
11785,Levin D Greaves,雷Ｄ護腿
11786,Silver Armour D・Toenail,阿爾莫烏爾德・銀
11787,Rose Ball Gown D・Toenail,羅塞巴爾爾戈
11788,Shui D Greaves,水Ｄ護腿
11789,CE Kevlar D BM Legs Blue,克艾凱夫爾阿爾德腿甲・青
11790,CE Kevlar D BM Legs Red,克艾凱夫爾阿爾德腿甲・赤
11791,CE Kevlar D BM Legs White,克艾凱夫爾阿爾德腿甲・白
11792,CE Kevlar D BM Legs Black,克艾凱夫爾阿爾德腿甲・黑
11793,AB Layer D BM Legs Red,阿布爾阿伊艾爾德腿甲・赤
11794,AB Layer D BM Legs Blue,阿布爾阿伊艾爾德腿甲・青
11795,AB Layer D BM Legs Black,阿布爾阿伊艾爾德腿甲・黑
11796,AB Layer D BM Legs White,阿布爾阿伊艾爾德腿甲・白
11797,Ruban D Feet,魯巴恩德夫伊
11798,L'Amore D Feet,拉莫雷德夫伊
11799,Orloj D Boots,歐爾勒歐杰Ｄ帯靴
11800,Dolce D Feet,多爾克艾德夫
11801,Bright D Greaves,輝Ｄ護腿
11802,Juari D Greaves,朱阿里Ｄ護腿
11803,Tinku D Greaves,特伊恩克烏Ｄ護腿
11804,Shatemu D Boots,修阿特穆Ｄ帯靴
11805,Hevria D Boots,哈艾維爾伊阿Ｄ帯靴
11806,Tiuru D Boots,提烏魯Ｄ帯靴
11807,Kaila D Feet,可伊拉德夫伊
11808,Fonse D Greaves,尾虎皮Ｄ護腿
11809,Hypnoc ルータD Leg,眠鳥腿
11810,Hypnolia D Leg,哈伊普恩歐勒伊阿Ｄ腿
11811,Es Quera D Leg,艾斯克烏艾拉德腿
11812,Ecole D Leg,艾科勒Ｄ腿
11813,Guns D Leg,沸血吼Ｄ腿
11814,Agria D Leg,托吉阿Ｄ腿
11815,Fauve D Leg,法烏維Ｄ腿
11816,ティーアD Leg,Ｄ頭腿
11817,Muse D Leg,磨尾虎Ｄ腿
11818,Dicto D Leg,紋章觸Ｄ腿
11819,Kruss D Leg,化抑制Ｄ腿
11820,Starina D Leg,觸媒研Ｄ腿
11821,Loose D Leg,緩Ｄ腿
11822,Mirado D Leg,鐵初音Ｄ腿
11823,Deyuru D Greaves,里艾恩Ｄ護腿
11824,Robust Dペイル,
11825,Falco D Greaves,服拉比Ｄ護腿
11826,Howx D Greaves,迪拉瓦Ｄ護腿
11827,Pirata D Greaves,吉阿爾腕護腿
11828,Zeroi D Greaves,紋章觸腕護腿
11829,Rail D Greaves,毛毒怪Ｄ護腿
11830,Ridere D Greaves,紫黑鍵Ｄ護腿
11831,Riot D Greaves,紫黑鍵Ｄ護腿
11832,Rutare D Greaves,阿爾布Ｄ護腿
11833,Rolling Flow Greaves・D,羅爾爾伊恩格夫爾護腿
11834,Rolling Sky Greaves・D,羅爾爾伊恩格斯克護腿
11835,Cubie D Feet,克烏比艾德夫
11836,Kemor D Feet,凱莫爾德夫伊
11837,Latria D Feet,拉特里阿德夫伊
11838,Kontao D Feet,科恩塔歐德夫
11839,Ukon Dキック,
11840,ロットDキック,
11841,Shoko D Leg,磨尾虎Ｄ腿
11842,Nimbus D Leg,努波奇Ｄ腿
11843,Moonlight Hakama・D,莫歐恩里格赫
11844,Dawnbreak Hakama・D,達烏恩布雷阿
11845,Toridcless Z Greaves,照雷鳥護腿【Ｚ】
11846,Toridcless ZF Greaves,照雷鳥護腿【ＺＦ】
11847,Toridcless ZY Greaves,照雷鳥護腿【ＺＹ】
11848,Toridcless ZX Greaves,照雷鳥護腿【ＺＸ】
11849,Toridcless Z Leggings,照雷鳥裹腿【Ｚ】
11850,Toridcless ZF Leggings,照雷鳥裹腿【ＺＦ】
11851,Toridcless ZY Leggings,照雷鳥裹腿【ＺＹ】
11852,Toridcless ZX Leggings,照雷鳥裹腿【ＺＸ】
11853,Doragyurosu Z Greaves,冥雷龍護腿【Ｚ】
11854,Doragyurosu ZF Greaves,冥雷龍護腿【ＺＦ】
11855,Doragyurosu ZY Greaves,冥雷龍護腿【ＺＹ】
11856,Doragyurosu ZX Greaves,冥雷龍護腿【ＺＸ】
11857,Doragyurosu Z Leggings,冥雷龍裹腿【Ｚ】
11858,Doragyurosu ZF Leggings,冥雷龍裹腿【ＺＦ】
11859,Doragyurosu ZY Leggings,冥雷龍裹腿【ＺＹ】
11860,Doragyurosu ZX Leggings,冥雷龍裹腿【ＺＸ】
11861,Alfi Feet,阿爾夫伊夫伊
11862,Alfi F Feet,阿爾夫伊夫伊【Ｆ】
11863,Alfi FZ Feet,阿爾夫伊夫伊【ＦＺ】
11864,Alfi HS Feet,阿爾夫伊夫伊【ＨＳ】
11865,Alfi GS Feet,阿爾夫伊夫伊【ＧＳ】
11866,Alfi GP Feet,阿爾夫伊夫伊【ＧＰ】
11867,Alfi ZP Feet,阿爾夫伊夫伊【ＺＰ】
11868,Alfi Leggings,阿爾菲腕裹腿
11869,Alfi F Leggings,阿爾菲腕裹腿【Ｆ】
11870,Alfi FZ Leggings,阿爾菲腕裹腿【ＦＺ】
11871,Alfi HS Leggings,阿爾菲腕裹腿【ＨＳ】
11872,Alfi GS Leggings,阿爾菲腕裹腿【ＧＳ】
11873,Alfi GP Leggings,阿爾菲腕裹腿【ＧＰ】
11874,Alfi ZP Leggings,阿爾菲腕裹腿【ＺＰ】
11875,Kaifa Greaves,開花護腿
11876,Kaifa F Greaves,開花護腿【Ｆ】
11877,Kaifa FZ Greaves,開花護腿【ＦＺ】
11878,Kaifa HS Greaves,開花護腿【ＨＳ】
11879,Kaifa GS Greaves,開花護腿【ＧＳ】
11880,Kaifa GP Greaves,開花護腿【ＧＰ】
11881,Kaifa ZP Greaves,開花護腿【ＺＰ】
11882,Kaifa Leggings,開花裹腿
11883,Kaifa F Leggings,開花裹腿【Ｆ】
11884,Kaifa FZ Leggings,開花裹腿【ＦＺ】
11885,Kaifa HS Leggings,開花裹腿【ＨＳ】
11886,Kaifa GS Leggings,開花裹腿【ＧＳ】
11887,Kaifa GP Leggings,開花裹腿【ＧＰ】
11888,Kaifa ZP Leggings,開花裹腿【ＺＰ】
11889,Straza Feet,斯特阿扎夫伊特
11890,Straza F Feet,斯特阿扎夫伊特【Ｆ】
11891,Straza FZ Feet,斯特阿扎夫伊特【ＦＺ】
11892,Straza HS Feet,斯特阿扎夫伊特【ＨＳ】
11893,Straza GS Feet,斯特阿扎夫伊特【ＧＳ】
11894,Straza GP Feet,斯特阿扎夫伊特【ＧＰ】
11895,Straza ZP Feet,斯特阿扎夫伊特【ＺＰ】
11896,Straza Leggings,斯特腕裹腿
11897,Straza F Leggings,斯特腕裹腿【Ｆ】
11898,Straza FZ Leggings,斯特腕裹腿【ＦＺ】
11899,Straza HS Leggings,斯特腕裹腿【ＨＳ】
11900,Straza GS Leggings,斯特腕裹腿【ＧＳ】
11901,Straza GP Leggings,斯特腕裹腿【ＧＰ】
11902,Straza ZP Leggings,斯特腕裹腿【ＺＰ】
11903,Furante Z Greaves,弗蘭護腿【Ｚ】
11904,Furante ZF Greaves,弗蘭護腿【ＺＦ】
11905,Furante ZY Greaves,弗蘭護腿【ＺＹ】
11906,Furante ZX Greaves,弗蘭護腿【ＺＸ】
11907,Furante Z Leggings,弗蘭裹腿【Ｚ】
11908,Furante ZF Leggings,弗蘭裹腿【ＺＦ】
11909,Furante ZY Leggings,弗蘭裹腿【ＺＹ】
11910,Furante ZX Leggings,弗蘭裹腿【ＺＸ】
11911,Cariva G Greaves,可里瓦護腿【Ｇ】
11912,Cariva GF Greaves,可里瓦護腿【ＧＦ】
11913,Cariva GX Greaves,可里瓦護腿【ＧＸ】
11914,Cariva G Leggings,可里瓦裹腿【Ｇ】
11915,Cariva GF Leggings,可里瓦裹腿【ＧＦ】
11916,Cariva GX Leggings,可里瓦裹腿【ＧＸ】
11917,Bonne G Greaves,博恩護腿【Ｇ】
11918,Bonne GF Greaves,博恩護腿【ＧＦ】
11919,Bonne GX Greaves,博恩護腿【ＧＸ】
11920,Bonne G Leggings,博恩裹腿【Ｇ】
11921,Bonne GF Leggings,博恩裹腿【ＧＦ】
11922,Bonne GX Leggings,博恩裹腿【ＧＸ】
11923,Survey Corps ZP Feet,蘇爾夫艾伊克【ＺＰ】
11924,Survey Corps ZP Boots,蘇爾夫艾伊克歐爾靴【ＺＰ】
11925,Training Corps ZP Feet,特拉伊尼恩格克【ＺＰ】
11926,Training Corps ZP Boots,特拉伊尼恩格克歐靴【ＺＰ】
11927,Twelve Paladins' Armor・Toenail,特烏艾爾夫艾
11928,Twelve Paladins' Armor F・Toenail,特烏艾爾夫艾【Ｆ】
11929,Twelve Paladins' Armor FZ・Toenail,特烏艾爾夫艾【ＦＺ】
11930,Twelve Paladins' Armor HS・Toenail,特烏艾爾夫艾【ＨＳ】
11931,Twelve Paladins' Armor GS・Toenail,特烏艾爾夫艾【ＧＳ】
11932,Twelve Paladins' Armor GP・Toenail,特烏艾爾夫艾【ＧＰ】
11933,Twelve Paladins' Armor ZP・Toenail,特烏艾爾夫艾【ＺＰ】
11934,Twelve Paladins' Armor・Greaves,特烏艾爾夫艾拍爾護腿
11935,Twelve Paladins' Armor F・Greaves,特烏艾爾夫艾拍爾護腿【Ｆ】
11936,Twelve Paladins' Armor FZ・Greaves,特烏艾爾夫艾拍爾護腿【ＦＺ】
11937,Twelve Paladins' Armor HS・Greaves,特烏艾爾夫艾拍爾護腿【ＨＳ】
11938,Twelve Paladins' Armor GS・Greaves,特烏艾爾夫艾拍爾護腿【ＧＳ】
11939,Twelve Paladins' Armor GP・Greaves,特烏艾爾夫艾拍爾護腿【ＧＰ】
11940,Twelve Paladins' Armor ZP・Greaves,特烏艾爾夫艾拍爾護腿【ＺＰ】
11941,Holy Maiden Armor・Toenail,霍爾伊馬伊德
11942,Holy Maiden Armor F・Toenail,霍爾伊馬伊德【Ｆ】
11943,Holy Maiden Armor FZ・Toenail,霍爾伊馬伊德【ＦＺ】
11944,Holy Maiden Armor HS・Toenail,霍爾伊馬伊德【ＨＳ】
11945,Holy Maiden Armor GS・Toenail,霍爾伊馬伊德【ＧＳ】
11946,Holy Maiden Armor GP・Toenail,霍爾伊馬伊德【ＧＰ】
11947,Holy Maiden Armor ZP・Toenail,霍爾伊馬伊德【ＺＰ】
11948,Holy Maiden Armor・Greaves,霍爾伊馬伊德納爾護腿
11949,Holy Maiden Armor F・Greaves,霍爾伊馬伊德納爾護腿【Ｆ】
11950,Holy Maiden Armor FZ・Greaves,霍爾伊馬伊德納爾護腿【ＦＺ】
11951,Holy Maiden Armor HS・Greaves,霍爾伊馬伊德納爾護腿【ＨＳ】
11952,Holy Maiden Armor GS・Greaves,霍爾伊馬伊德納爾護腿【ＧＳ】
11953,Holy Maiden Armor GP・Greaves,霍爾伊馬伊德納爾護腿【ＧＰ】
11954,Holy Maiden Armor ZP・Greaves,霍爾伊馬伊德納爾護腿【ＺＰ】
11955,Dragon Slayer Armor・Toenail,龍
11956,Dragon Slayer Armor F・Toenail,龍【Ｆ】
11957,Dragon Slayer Armor FZ・Toenail,龍【ＦＺ】
11958,Dragon Slayer Armor HS・Toenail,龍【ＨＳ】
11959,Dragon Slayer Armor GS・Toenail,龍【ＧＳ】
11960,Dragon Slayer Armor GP・Toenail,龍【ＧＰ】
11961,Dragon Slayer Armor ZP・Toenail,龍【ＺＰ】
11962,Dragon Slayer Armor・Greaves,龍護腿
11963,Dragon Slayer Armor F・Greaves,龍護腿【Ｆ】
11964,Dragon Slayer Armor FZ・Greaves,龍護腿【ＦＺ】
11965,Dragon Slayer Armor HS・Greaves,龍護腿【ＨＳ】
11966,Dragon Slayer Armor GS・Greaves,龍護腿【ＧＳ】
11967,Dragon Slayer Armor GP・Greaves,龍護腿【ＧＰ】
11968,Dragon Slayer Armor ZP・Greaves,龍護腿【ＺＰ】
11969,Rebellion Armour・Toenail,雷貝爾里歐納
11970,Rebellion Armour F・Toenail,雷貝爾里歐納【Ｆ】
11971,Rebellion Armour FZ・Toenail,雷貝爾里歐納【ＦＺ】
11972,Rebellion Armour HS・Toenail,雷貝爾里歐納【ＨＳ】
11973,Rebellion Armour GS・Toenail,雷貝爾里歐納【ＧＳ】
11974,Rebellion Armour GP・Toenail,雷貝爾里歐納【ＧＰ】
11975,Rebellion Armour ZP・Toenail,雷貝爾里歐納【ＺＰ】
11976,Rebellion Armour・Greaves,雷貝爾爾伊歐納爾護腿
11977,Rebellion Armour F・Greaves,雷貝爾爾伊歐納爾護腿【Ｆ】
11978,Rebellion Armour FZ・Greaves,雷貝爾爾伊歐納爾護腿【ＦＺ】
11979,Rebellion Armour HS・Greaves,雷貝爾爾伊歐納爾護腿【ＨＳ】
11980,Rebellion Armour GS・Greaves,雷貝爾爾伊歐納爾護腿【ＧＳ】
11981,Rebellion Armour GP・Greaves,雷貝爾爾伊歐納爾護腿【ＧＰ】
11982,Rebellion Armour ZP・Greaves,雷貝爾爾伊歐納爾護腿【ＺＰ】
11983,Dinato ZP Greaves,迪娜托腕護腿【ＺＰ】
11984,Dinato ZP Leggings,迪娜托腕裹腿【ＺＰ】
11985,Duque ZP Greaves,杜奎艾腕護腿【ＺＰ】
11986,Duque ZP Leggings,杜奎艾腕裹腿【ＺＰ】
11987,Granu ZP Greaves,格拉努護腿【ＺＰ】
11988,Granu ZP Leggings,格拉努裹腿【ＺＰ】
11989,Chiyo Legs ZP,化抑制腿甲【ＺＰ】
11990,Chiyo Greaves ZP,化抑制護腿【ＺＰ】
11991,Nekodan ZP Feet,涅科達恩夫伊【ＺＰ】
11992,Gudan ZP Feet,古達恩夫伊特【ＺＰ】
11993,Toridcless ZD Greaves,托里德克爾艾斯斯護腿
11994,Toridcless ZD Leggings,托里德克爾艾斯斯裹腿
11995,Doragyurosu ZD Greaves,多拉丘羅蘇茲德護腿
11996,Doragyurosu ZD Leggings,多拉丘羅蘇茲德裹腿
11997,Alfi D Feet,阿爾夫伊德夫
11998,Kaifa D Greaves,開花Ｄ護腿
11999,Straza D Feet,斯特阿扎德夫伊
12000,Renka Greaves C,連歌哈歐里Ｃ護腿
12001,Survey Corps D Feet,蘇爾夫艾伊克
12002,Training Corps D Feet,特拉伊尼恩格克
12003,Twelve Paladins' Armor D・Toenail,特烏艾爾夫艾
12004,Holy Maiden Armor D・Toenail,霍爾伊馬伊德
12005,Dragon Slayer Armor D・Toenail,龍
12006,Rebellion Armour D・Toenail,雷貝爾里歐納
12007,Dinato D Greaves,迪娜托Ｄ護腿
12008,Duque D Greaves,杜奎艾Ｄ護腿
12009,Granu D Greaves,格阿努Ｄ護腿
12010,Chiyo Legs D,奇約德腿甲
12011,Rubellite D Greaves,爾烏布艾勒勒伊特Ｄ護腿
12012,ラズライトD Greaves,Ｄ鎧甲護腿
12013,Zircon D Greaves,証明球Ｄ護腿
12014,Spinel D Greaves,斯普伊恩艾勒Ｄ護腿
12015,Jade D Greaves,翠Ｄ護腿
12016,Agate D Greaves,阿加特Ｄ護腿
12017,Pyrope D Greaves,普伊爾歐普艾Ｄ護腿
12018,アイオラD Greaves,Ｄ鎧甲護腿
12019,Rutile D Greaves,魯提勒Ｄ護腿
12020,Blood D Greaves,血Ｄ護腿
12021,Citrine D Leggings,黄晶ＦＸ腕甲裹腿
12022,Peridot D Leggings,普艾爾伊德歐特腕甲裹腿
12023,Turquoise D Leggings,特烏爾奎烏歐伊斯腕甲裹腿
12024,Mafumofu Boots PD Red,莫芙莫芙靴【ＰＤ】・赤
12025,Mafumofu Boots PD Yellow,莫芙莫芙靴【ＰＤ】・黄
12026,Mafumofu Boots PD Purple,莫芙莫芙靴【ＰＤ】・紫
12027,Basarios Leggings PD Red,岩龍裹腿【ＰＤ】・赤
12028,Basarios Leggings PD Black,岩龍裹腿【ＰＤ】・黑
12029,Basarios Leggings PD Yellow,岩龍裹腿【ＰＤ】・黄
12030,Blango Greaves PD Yellow,雪獅子護腿【ＰＤ】・黄
12031,Blango Greaves PD Blue,雪獅子護腿【ＰＤ】・青
12032,Blango Greaves PD Black,雪獅子護腿【ＰＤ】・黑
12033,Golden Hakama PD White,金【ＰＤ】・白
12034,Golden Hakama PD Purple,金【ＰＤ】・紫
12035,Golden Hakama PD Green,金【ＰＤ】・緑
12036,Gravios Leggings PD Green,鎧龍裹腿【ＰＤ】・緑
12037,Gravios Leggings PD Purple,鎧龍裹腿【ＰＤ】・紫
12038,Gravios Leggings PD Red,鎧龍裹腿【ＰＤ】・赤
12039,High Metal Greaves PD Black,上位金屬護腿【ＰＤ】・黑
12040,High Metal Greaves PD Blue,上位金屬護腿【ＰＤ】・青
12041,High Metal Greaves PD Yellow,上位金屬護腿【ＰＤ】・黄
12042,S・Sol Greaves PD Red,日輪護腿【Ｓ】【ＰＤ】・赤
12043,S・Sol Greaves PD Purple,日輪護腿【Ｓ】【ＰＤ】・紫
12044,S・Sol Greaves PD Black,日輪護腿【Ｓ】【ＰＤ】・黑
12045,Garuga Leggings PD White,黑狼鳥裹腿【ＰＤ】・白
12046,Garuga Leggings PD Green,黑狼鳥裹腿【ＰＤ】・緑
12047,Garuga Leggings PD Red,黑狼鳥裹腿【ＰＤ】・赤
12048,Hermitaur Greaves PD Blue,盾蟹護腿【ＰＤ】・青
12049,Hermitaur Greaves PD White,盾蟹護腿【ＰＤ】・白
12050,Hermitaur Greaves PD Purple,盾蟹護腿【ＰＤ】・紫
12051,Kushala ペイル PD Red,鋼龍【ＰＤ】・赤
12052,Kushala ペイル PD Yellow,鋼龍【ＰＤ】・黄
12053,Kushala ペイル PD Green,鋼龍【ＰＤ】・緑
12054,Kushala ハディ PD Red,鋼龍【ＰＤ】・赤
12055,Kushala ハディ PD Yellow,鋼龍【ＰＤ】・黄
12056,Kushala ハディ PD Green,鋼龍【ＰＤ】・緑
12057,忍の Tabi・陽D,忍之籠手・陽
12058,忍の Tabi・陰D,忍之籠手・陰
12059,Bonne D Greaves,博恩Ｄ護腿
12060,Kalais D Leggings,鈿終極Ｄ裹腿
12061,Lucchese D Leggings,雷托吉Ｄ裹腿
12062,Quoiz D Leggings,納桃毛Ｄ裹腿
12063,Nekodan D Feet,涅科達恩德夫
12064,Gudan D Feet,古達恩德夫伊
12065,Nerihi Greaves Z,涅里希護腿【Ｚ】
12066,Nerihi Greaves ZF,涅里希護腿【ＺＦ】
12067,Nerihi Greaves ZY,涅里希護腿【ＺＹ】
12068,Nerihi Greaves ZX,涅里希護腿【ＺＸ】
12069,Nerihi Leggings Z,涅里希裹腿【Ｚ】
12070,Nerihi Leggings ZF,涅里希裹腿【ＺＦ】
12071,Nerihi Leggings ZY,涅里希裹腿【ＺＹ】
12072,Nerihi Leggings ZX,涅里希裹腿【ＺＸ】
12073,Saine Feet,薩伊涅夫伊特
12074,Saine F Feet,薩伊涅夫伊特【Ｆ】
12075,Saine FZ Feet,薩伊涅夫伊特【ＦＺ】
12076,Saine HS Feet,薩伊涅夫伊特【ＨＳ】
12077,Saine GS Feet,薩伊涅夫伊特【ＧＳ】
12078,Saine GP Feet,薩伊涅夫伊特【ＧＰ】
12079,Saine ZP Feet,薩伊涅夫伊特【ＺＰ】
12080,Saine Boots,薩伊涅靴
12081,Saine F Boots,薩伊涅靴【Ｆ】
12082,Saine FZ Boots,薩伊涅靴【ＦＺ】
12083,Saine HS Boots,薩伊涅靴【ＨＳ】
12084,Saine GS Boots,薩伊涅靴【ＧＳ】
12085,Saine GP Boots,薩伊涅靴【ＧＰ】
12086,Saine ZP Boots,薩伊涅靴【ＺＰ】
12087,Wing Feet,烏伊恩格夫伊
12088,Wing F Feet,烏伊恩格夫伊【Ｆ】
12089,Wing FZ Feet,烏伊恩格夫伊【ＦＺ】
12090,Wing HS Feet,烏伊恩格夫伊【ＨＳ】
12091,Wing GS Feet,烏伊恩格夫伊【ＧＳ】
12092,Wing GP Feet,烏伊恩格夫伊【ＧＰ】
12093,Wing ZP Feet,烏伊恩格夫伊【ＺＰ】
12094,Wing Boots,翼靴
12095,Wing F Boots,翼靴【Ｆ】
12096,Wing FZ Boots,翼靴【ＦＺ】
12097,Wing HS Boots,翼靴【ＨＳ】
12098,Wing GS Boots,翼靴【ＧＳ】
12099,Wing GP Boots,翼靴【ＧＰ】
12100,Wing ZP Boots,翼靴【ＺＰ】
12101,Gasura Z Greaves,鎧竜護腿【Ｚ】
12102,Gasura ZF Greaves,鎧竜護腿【ＺＦ】
12103,Gasura ZY Greaves,鎧竜護腿【ＺＹ】
12104,Gasura ZX Greaves,鎧竜護腿【ＺＸ】
12105,Gasura Z Leggings,鎧竜裹腿【Ｚ】
12106,Gasura ZF Leggings,鎧竜裹腿【ＺＦ】
12107,Gasura ZY Leggings,鎧竜裹腿【ＺＹ】
12108,Gasura ZX Leggings,鎧竜裹腿【ＺＸ】
12109,Seregios Greaves,千刃龍護腿
12110,Seregios G Greaves,千刃龍護腿【Ｇ】
12111,Seregios GF Greaves,千刃龍護腿【ＧＦ】
12112,Seregios GX Greaves,千刃龍護腿【ＧＸ】
12113,Seregios Leggings,千刃龍裹腿
12114,Seregios G Leggings,千刃龍裹腿【Ｇ】
12115,Seregios GF Leggings,千刃龍裹腿【ＧＦ】
12116,Seregios GX Leggings,千刃龍裹腿【ＧＸ】
12117,Utaei Legs Z,烏塔艾伊腿甲【Ｚ】
12118,Utaei Legs ZF,烏塔艾伊腿甲【ＺＦ】
12119,Utaei Legs ZY,烏塔艾伊腿甲【ＺＹ】
12120,Utaei Legs ZX,烏塔艾伊腿甲【ＺＸ】
12121,Utaei Greaves Z,烏塔艾伊護腿【Ｚ】
12122,Utaei Greaves ZF,烏塔艾伊護腿【ＺＦ】
12123,Utaei Greaves ZY,烏塔艾伊護腿【ＺＹ】
12124,Utaei Greaves ZX,烏塔艾伊護腿【ＺＸ】
12125,Cassius G Greaves,可西烏斯護腿【Ｇ】
12126,Cassius GF Greaves,可西烏斯護腿【ＧＦ】
12127,Cassius GX Greaves,可西烏斯護腿【ＧＸ】
12128,Cassius G Leggings,可西烏斯裹腿【Ｇ】
12129,Cassius GF Leggings,可西烏斯裹腿【ＧＦ】
12130,Cassius GX Leggings,可西烏斯裹腿【ＧＸ】
12131,Pinbi Feet,皮恩比夫伊特
12132,Pinbi F Feet,皮恩比夫伊特【Ｆ】
12133,Pinbi FZ Feet,皮恩比夫伊特【ＦＺ】
12134,Pinbi HS Feet,皮恩比夫伊特【ＨＳ】
12135,Pinbi GS Feet,皮恩比夫伊特【ＧＳ】
12136,Pinbi GP Feet,皮恩比夫伊特【ＧＰ】
12137,Pinbi ZP Feet,皮恩比夫伊特【ＺＰ】
12138,Pinbi Boots,皮恩比靴
12139,Pinbi F Boots,皮恩比靴【Ｆ】
12140,Pinbi FZ Boots,皮恩比靴【ＦＺ】
12141,Pinbi HS Boots,皮恩比靴【ＨＳ】
12142,Pinbi GS Boots,皮恩比靴【ＧＳ】
12143,Pinbi GP Boots,皮恩比靴【ＧＰ】
12144,Pinbi ZP Boots,皮恩比靴【ＺＰ】
12145,Pribu Feet,普里布夫伊特
12146,Pribu F Feet,普里布夫伊特【Ｆ】
12147,Pribu FZ Feet,普里布夫伊特【ＦＺ】
12148,Pribu HS Feet,普里布夫伊特【ＨＳ】
12149,Pribu GS Feet,普里布夫伊特【ＧＳ】
12150,Pribu GP Feet,普里布夫伊特【ＧＰ】
12151,Pribu ZP Feet,普里布夫伊特【ＺＰ】
12152,Pribu Boots,普里布靴
12153,Pribu F Boots,普里布靴【Ｆ】
12154,Pribu FZ Boots,普里布靴【ＦＺ】
12155,Pribu HS Boots,普里布靴【ＨＳ】
12156,Pribu GS Boots,普里布靴【ＧＳ】
12157,Pribu GP Boots,普里布靴【ＧＰ】
12158,Pribu ZP Boots,普里布靴【ＺＰ】
12159,Gray Feet,格拉伊夫伊特
12160,Gray F Feet,格拉伊夫伊特【Ｆ】
12161,Gray FZ Feet,格拉伊夫伊特【ＦＺ】
12162,Gray HS Feet,格拉伊夫伊特【ＨＳ】
12163,Gray GS Feet,格拉伊夫伊特【ＧＳ】
12164,Gray GP Feet,格拉伊夫伊特【ＧＰ】
12165,Gray ZP Feet,格拉伊夫伊特【ＺＰ】
12166,Gray Boots,格拉伊靴
12167,Gray F Boots,格拉伊靴【Ｆ】
12168,Gray FZ Boots,格拉伊靴【ＦＺ】
12169,Gray HS Boots,格拉伊靴【ＨＳ】
12170,Gray GS Boots,格拉伊靴【ＧＳ】
12171,Gray GP Boots,格拉伊靴【ＧＰ】
12172,Gray ZP Boots,格拉伊靴【ＺＰ】
12173,Urpina Feet,烏爾皮納夫伊
12174,Urpina F Feet,烏爾皮納夫伊【Ｆ】
12175,Urpina FZ Feet,烏爾皮納夫伊【ＦＺ】
12176,Urpina HS Feet,烏爾皮納夫伊【ＨＳ】
12177,Urpina GS Feet,烏爾皮納夫伊【ＧＳ】
12178,Urpina GP Feet,烏爾皮納夫伊【ＧＰ】
12179,Urpina ZP Feet,烏爾皮納夫伊【ＺＰ】
12180,Urpina Boots,烏爾皮納靴
12181,Urpina F Boots,烏爾皮納靴【Ｆ】
12182,Urpina FZ Boots,烏爾皮納靴【ＦＺ】
12183,Urpina HS Boots,烏爾皮納靴【ＨＳ】
12184,Urpina GS Boots,烏爾皮納靴【ＧＳ】
12185,Urpina GP Boots,烏爾皮納靴【ＧＰ】
12186,Urpina ZP Boots,烏爾皮納靴【ＺＰ】
12187,Noel Feet,諾艾爾夫伊特
12188,Noel F Feet,諾艾爾夫伊特【Ｆ】
12189,Noel FZ Feet,諾艾爾夫伊特【ＦＺ】
12190,Noel HS Feet,諾艾爾夫伊特【ＨＳ】
12191,Noel GS Feet,諾艾爾夫伊特【ＧＳ】
12192,Noel GP Feet,諾艾爾夫伊特【ＧＰ】
12193,Noel ZP Feet,諾艾爾夫伊特【ＺＰ】
12194,Noel Boots,諾艾爾靴
12195,Noel F Boots,諾艾爾靴【Ｆ】
12196,Noel FZ Boots,諾艾爾靴【ＦＺ】
12197,Noel HS Boots,諾艾爾靴【ＨＳ】
12198,Noel GS Boots,諾艾爾靴【ＧＳ】
12199,Noel GP Boots,諾艾爾靴【ＧＰ】
12200,Noel ZP Boots,諾艾爾靴【ＺＰ】
12201,Bune Feet,布涅夫伊特
12202,Bune F Feet,布涅夫伊特【Ｆ】
12203,Bune FZ Feet,布涅夫伊特【ＦＺ】
12204,Bune HS Feet,布涅夫伊特【ＨＳ】
12205,Bune GS Feet,布涅夫伊特【ＧＳ】
12206,Bune GP Feet,布涅夫伊特【ＧＰ】
12207,Bune ZP Feet,布涅夫伊特【ＺＰ】
12208,Bune Boots,布涅靴
12209,Bune F Boots,布涅靴【Ｆ】
12210,Bune FZ Boots,布涅靴【ＦＺ】
12211,Bune HS Boots,布涅靴【ＨＳ】
12212,Bune GS Boots,布涅靴【ＧＳ】
12213,Bune GP Boots,布涅靴【ＧＰ】
12214,Bune ZP Boots,布涅靴【ＺＰ】
12215,Ravi G Greaves:Extreme,烈海龍護腿【Ｇ】
12216,Ravi GF Greaves:Extreme,烈海龍護腿【ＧＦ】
12217,Ravi GX Greaves:Extreme,烈海龍護腿【ＧＸ】
12218,Ravi G Leggings:Extreme,烈海龍裹腿【Ｇ】
12219,Ravi GF Leggings:Extreme,烈海龍裹腿【ＧＦ】
12220,Ravi GX Leggings:Extreme,烈海龍裹腿【ＧＸ】
12221,Harze ZP Feet,哈爾澤夫伊特【ＺＰ】
12222,Harze ZP Boots,哈澤靴【ＺＰ】
12223,Revenants ZP Heel,雷夫艾納恩特【ＺＰ】
12224,Revenants ZP March,雷夫艾納恩特【ＺＰ】
12225,Saine D Feet,薩伊涅德夫伊
12226,Wing D Feet,烏伊恩格德夫
12227,Gasura ZD Greaves,加蘇拉茲德護腿
12228,Gasura ZD Leggings,加蘇拉茲德裹腿
12229,Seregios C Greaves,千刃龍Ｃ護腿
12230,Seregios C Leggings,千刃龍Ｃ裹腿
12231,Pinbi D Feet,皮恩比德夫伊
12232,Pribu D Feet,普里布德夫伊
12233,Nerihi Greaves D,極征服哈歐里Ｄ護腿
12234,Gray D Feet,格拉伊德夫伊特
12235,Urpina D Feet,烏爾皮納德夫
12236,Noel D Feet,諾艾爾德夫伊
12237,Bune D Feet,布涅德夫伊特
12238,Melas D Leggings,轟龍鎧Ｄ腕甲裹腿
12239,Byakko・Kensei D Feet,布亞克科凱恩
12240,Byakko・双龍D Feet,双龍
12241,Byakko・剣王D Feet,剣王
12242,Byakko・刀神D Feet,刀神
12243,Byakko・Heaven 槍D Feet,槍
12244,Byakko・砲皇D Feet,砲皇
12245,Byakko・鈍器獣D Feet,鈍器獣
12246,Byakko・奏帝D Feet,奏帝
12247,Byakko・穿凰D Feet,穿凰
12248,Byakko・斬将D Feet,斬将
12249,Byakko・銃傑D Boots,布伊阿克克歐・Ｄ面罩靴
12250,Byakko・銃仙D Boots,布伊阿克克歐・Ｄ面罩靴
12251,Byakko・Bow 鬼D Boots,布伊阿克克歐・弓Ｄ靴
12252,キリンレガース PD Red,【ＰＤ】・赤
12253,キリンレガース PD Purple,【ＰＤ】・紫
12254,キリンレガースPD Black,【ＰＤ】・黑
12255,Kaiser Greaves PD White,帝王護腿【ＰＤ】・白
12256,Kaiser Leggings PD White,帝王裹腿【ＰＤ】・白
12257,Kaiser Greaves PD Black,帝王護腿【ＰＤ】・黑
12258,Kaiser Leggings PD Black,帝王裹腿【ＰＤ】・黑
12259,Kaiser Greaves PD Green,帝王護腿【ＰＤ】・緑
12260,Kaiser Leggings PD Green,帝王裹腿【ＰＤ】・緑
12261,Mizuha [Greaves] PD Blue,瑞葉護腿【ＰＤ】・青
12262,Mizuha [Greaves] PD Red,瑞葉護腿【ＰＤ】・赤
12263,Mizuha [Greaves] PD Yellow,瑞葉護腿【ＰＤ】・黄
12264,Toyotama [Greaves] PD Blue,豐玉護腿【ＰＤ】・青
12265,Toyotama [Greaves] PD Red,豐玉護腿【ＰＤ】・赤
12266,Toyotama [Greaves] PD Yellow,豐玉護腿【ＰＤ】・黄
12267,暁丸【具足】 PD Red,暁丸籠手
12268,暁丸【具足】 PD Purple,暁丸籠手
12269,暁丸【具足】 PD White,暁丸籠手
12270,凛【 Hakama 】 PD Black,凛籠手
12271,凛【 Hakama 】 PD Purple,凛籠手
12272,凛【 Hakama 】 PD White,凛籠手
12273,Ceanataur Leggings PD Red,鎌蟹裹腿【ＰＤ】・赤
12274,Ceanataur Leggings PD Black,鎌蟹裹腿【ＰＤ】・黑
12275,Ceanataur Leggings PD Yellow,鎌蟹裹腿【ＰＤ】・黄
12276,Remobra Feet PD White,翼蛇龍【ＰＤ】・白
12277,Remobra Feet PD Yellow,翼蛇龍【ＰＤ】・黄
12278,Remobra Feet PD Black,翼蛇龍【ＰＤ】・黑
12279,Harze D Feet,哈爾澤德夫伊
12280,Revenants D Heel,雷夫艾納恩特
12281,Kukubo D Leggings,制螺鈿Ｄ裹腿
12282,Kakabu D Leggings,尾虎皮Ｄ裹腿
12283,Aruru D Leggings,恩流浪Ｄ裹腿
12284,Suzaku・Kensei D Feet,蘇扎庫凱恩塞
12285,Suzaku・双龍D Feet,双龍
12286,Suzaku・剣王D Feet,剣王
12287,Suzaku・刀神D Feet,刀神
12288,Suzaku・Heaven 槍D Feet,槍
12289,Suzaku・砲皇D Feet,砲皇
12290,Suzaku・鈍器獣D Feet,鈍器獣
12291,Suzaku・奏帝D Feet,奏帝
12292,Suzaku・穿凰D Feet,穿凰
12293,Suzaku・斬将D Feet,斬将
12294,Suzaku・銃傑D Boots,蘇扎庫・Ｄ面罩靴
12295,Suzaku・銃仙D Boots,蘇扎庫・Ｄ面罩靴
12296,Suzaku・Bow 鬼D Boots,蘇扎庫・弓Ｄ靴
12297,G・Knight タイツ PD Red,【Ｇ】【ＰＤ】・赤
12298,G・Knight タイツ PD Blue,【Ｇ】【ＰＤ】・青
12299,G・Knight タイツ PD Purple,【Ｇ】【ＰＤ】・紫
12300,PVタイツ PD Red,【ＰＤ】・赤
12301,PVタイツ PD Blue,【ＰＤ】・青
12302,PVタイツ PD Purple,【ＰＤ】・紫
12303,Empress Feet PD Red,女帝【ＰＤ】・赤
12304,Empress Feet PD Yellow,女帝【ＰＤ】・黄
12305,Empress Feet PD Purple,女帝【ＰＤ】・紫
12306,Empress Boots PD Red,女帝靴【ＰＤ】・赤
12307,Empress Boots PD Yellow,女帝靴【ＰＤ】・黄
12308,Empress Boots PD Purple,女帝靴【ＰＤ】・紫
12309,Vespoid Greaves PD Yellow,巨蜂護腿【ＰＤ】・黄
12310,Vespoid Greaves PD Black,巨蜂護腿【ＰＤ】・黑
12311,Vespoid Greaves PD Blue,巨蜂護腿【ＰＤ】・青
12312,Death Stench Heel PD White,死臭【ＰＤ】・白
12313,Death Stench Heel PD Red,死臭【ＰＤ】・赤
12314,Death Stench Heel PD Blue,死臭【ＰＤ】・青
12315,Diablos Feet PD Purple,角龍【ＰＤ】・紫
12316,Diablos Feet PD Blue,角龍【ＰＤ】・青
12317,Diablos Feet PD Yellow,角龍【ＰＤ】・黄
12318,Makluva Pants PD Green,馬庫瓦褲【ＰＤ】・緑
12319,Makluva Pants PD Blue,馬庫瓦褲【ＰＤ】・青
12320,Makluva Pants PD Black,馬庫瓦褲【ＰＤ】・黑
12321,Akantor ケマル PD Black,霸龍【ＰＤ】・黑
12322,Akantor ケマル PD Red,霸龍【ＰＤ】・赤
12323,Akantor ケマル PD White,霸龍【ＰＤ】・白
12324,Akantor チケル PD Black,霸龍【ＰＤ】・黑
12325,Akantor チケル PD Red,霸龍【ＰＤ】・赤
12326,Akantor チケル PD White,霸龍【ＰＤ】・白
12327,Gravios Greaves PD Black,鎧龍護腿【ＰＤ】・黑
12328,Gravios Greaves PD Blue,鎧龍護腿【ＰＤ】・青
12329,Gravios Greaves PD Red,鎧龍護腿【ＰＤ】・赤
12330,Sharuru D Greaves,夏露露Ｄ護腿
12331,Neriotori Greaves D,初音未哈歐里Ｄ護腿
12332,Anorupatisu ZD Greaves,阿諾魯拍提蘇茲德護腿
12333,Anorupatisu ZD Leggings,阿諾魯拍提蘇茲德裹腿
12334,Dylan D Feet,德伊拉恩德夫
12335,Dibble D Feet,迪布布勒德夫
12336,Fins D Feet,夫伊恩斯德夫
12337,Dins D Feet,迪恩斯德夫伊
12338,Charis D Feet,奇阿里斯德夫
12339,Miriam D Feet,米里阿姆德夫
12340,Lenigan D Feet,勒尼加恩德夫
12341,執事 Maid 色替え,執事色替え
12342,Katante D Greaves,刀手Ｄ護腿
12343,Rikante D Greaves,爾伊克阿恩特艾Ｄ護腿
12344,Merente D Greaves,姆艾爾艾恩特艾Ｄ護腿
12345,Utante D Greaves,歌者Ｄ護腿
12346,Brooke D Feet,布羅歐凱德夫
12347,Shirukku D Feet,修伊魯克庫德
12348,Gorukku D Feet,戈魯克庫德夫
12349,Kiyoshi Greaves D,鎧沸血哈歐里Ｄ護腿
12350,Kashoku Greaves D,可修歐庫哈歐里Ｄ護腿
12351,Jyaga D Greaves,研磨尾Ｄ護腿
12352,Cure D Greaves,治Ｄ護腿
12353,Jess D Greaves,潔絲Ｄ護腿
12354,Riaruo D Greaves,里亞羅Ｄ護腿
12355,Reiresu D Greaves,雷雷斯Ｄ護腿
12356,Reuasu D Greaves,雷阿蘇Ｄ護腿
12357,Buran D Greaves,布烏爾阿恩腕護腿
12358,Shimashima D Feet,修伊馬修伊馬
12359,Desutora D Sabaton,德蘇托拉德薩
12360,Furante D Greaves,弗蘭Ｄ護腿
12361,Sharuru Greaves,夏露露Ｄ腕護腿
12362,Sharuru F Greaves,夏露露Ｄ腕護腿【Ｆ】
12363,Sharuru FZ Greaves,夏露露Ｄ腕護腿【ＦＺ】
12364,Sharuru HS Greaves,夏露露Ｄ腕護腿【ＨＳ】
12365,Sharuru GS Greaves,夏露露Ｄ腕護腿【ＧＳ】
12366,Sharuru GP Greaves,夏露露Ｄ腕護腿【ＧＰ】
12367,Sharuru ZP Greaves,夏露露Ｄ腕護腿【ＺＰ】
12368,Sharuru Leggings,夏露露Ｄ腕裹腿
12369,Sharuru F Leggings,夏露露Ｄ腕裹腿【Ｆ】
12370,Sharuru FZ Leggings,夏露露Ｄ腕裹腿【ＦＺ】
12371,Sharuru HS Leggings,夏露露Ｄ腕裹腿【ＨＳ】
12372,Sharuru GS Leggings,夏露露Ｄ腕裹腿【ＧＳ】
12373,Sharuru GP Leggings,夏露露Ｄ腕裹腿【ＧＰ】
12374,Sharuru ZP Leggings,夏露露Ｄ腕裹腿【ＺＰ】
12375,Neriotori Greaves Z,涅里歐托里護腿【Ｚ】
12376,Neriotori Greaves ZF,涅里歐托里護腿【ＺＦ】
12377,Neriotori Greaves ZY,涅里歐托里護腿【ＺＹ】
12378,Neriotori Greaves ZX,涅里歐托里護腿【ＺＸ】
12379,Neriotori Leggings Z,涅里歐托里裹腿【Ｚ】
12380,Neriotori Leggings ZF,涅里歐托里裹腿【ＺＦ】
12381,Neriotori Leggings ZY,涅里歐托里裹腿【ＺＹ】
12382,Neriotori Leggings ZX,涅里歐托里裹腿【ＺＸ】
12383,Anorupatisu Z Greaves,暴鋸龍護腿【Ｚ】
12384,Anorupatisu ZF Greaves,暴鋸龍護腿【ＺＦ】
12385,Anorupatisu ZY Greaves,暴鋸龍護腿【ＺＹ】
12386,Anorupatisu ZX Greaves,暴鋸龍護腿【ＺＸ】
12387,Anorupatisu Z Leggings,暴鋸龍裹腿【Ｚ】
12388,Anorupatisu ZF Leggings,暴鋸龍裹腿【ＺＦ】
12389,Anorupatisu ZY Leggings,暴鋸龍裹腿【ＺＹ】
12390,Anorupatisu ZX Leggings,暴鋸龍裹腿【ＺＸ】
12391,Utatsumugu Legs Z,烏塔茨穆古腿甲【Ｚ】
12392,Utatsumugu Legs ZF,烏塔茨穆古腿甲【ＺＦ】
12393,Utatsumugu Legs ZY,烏塔茨穆古腿甲【ＺＹ】
12394,Utatsumugu Legs ZX,烏塔茨穆古腿甲【ＺＸ】
12395,Utatsumugu Greaves Z,烏塔茨穆古護腿【Ｚ】
12396,Utatsumugu Greaves ZF,烏塔茨穆古護腿【ＺＦ】
12397,Utatsumugu Greaves ZY,烏塔茨穆古護腿【ＺＹ】
12398,Utatsumugu Greaves ZX,烏塔茨穆古護腿【ＺＸ】
12399,Lynx G Greaves,山猫護腿【Ｇ】
12400,Lynx GF Greaves,山猫護腿【ＧＦ】
12401,Lynx GX Greaves,山猫護腿【ＧＸ】
12402,Lynx G Leggings,山猫裹腿【Ｇ】
12403,Lynx GF Leggings,山猫裹腿【ＧＦ】
12404,Lynx GX Leggings,山猫裹腿【ＧＸ】
12405,Zindol G Greaves,辛多爾護腿【Ｇ】
12406,Zindol GF Greaves,辛多爾護腿【ＧＦ】
12407,Zindol GX Greaves,辛多爾護腿【ＧＸ】
12408,Zindol G Leggings,辛多爾裹腿【Ｇ】
12409,Zindol GF Leggings,辛多爾裹腿【ＧＦ】
12410,Zindol GX Leggings,辛多爾裹腿【ＧＸ】
12411,Dylan Feet,德伊拉恩夫伊
12412,Dylan F Feet,德伊拉恩夫伊【Ｆ】
12413,Dylan FZ Feet,德伊拉恩夫伊【ＦＺ】
12414,Dylan HS Feet,德伊拉恩夫伊【ＨＳ】
12415,Dylan GS Feet,德伊拉恩夫伊【ＧＳ】
12416,Dylan GP Feet,德伊拉恩夫伊【ＧＰ】
12417,Dylan ZP Feet,德伊拉恩夫伊【ＺＰ】
12418,Dylan Boots,德伊爾阿恩靴
12419,Dylan F Boots,德伊爾阿恩靴【Ｆ】
12420,Dylan FZ Boots,德伊爾阿恩靴【ＦＺ】
12421,Dylan HS Boots,德伊爾阿恩靴【ＨＳ】
12422,Dylan GS Boots,德伊爾阿恩靴【ＧＳ】
12423,Dylan GP Boots,德伊爾阿恩靴【ＧＰ】
12424,Dylan ZP Boots,德伊爾阿恩靴【ＺＰ】
12425,Dibble Feet,迪布布勒夫伊
12426,Dibble F Feet,迪布布勒夫伊【Ｆ】
12427,Dibble FZ Feet,迪布布勒夫伊【ＦＺ】
12428,Dibble HS Feet,迪布布勒夫伊【ＨＳ】
12429,Dibble GS Feet,迪布布勒夫伊【ＧＳ】
12430,Dibble GP Feet,迪布布勒夫伊【ＧＰ】
12431,Dibble ZP Feet,迪布布勒夫伊【ＺＰ】
12432,Dibble Boots,迪布布爾艾靴
12433,Dibble F Boots,迪布布爾艾靴【Ｆ】
12434,Dibble FZ Boots,迪布布爾艾靴【ＦＺ】
12435,Dibble HS Boots,迪布布爾艾靴【ＨＳ】
12436,Dibble GS Boots,迪布布爾艾靴【ＧＳ】
12437,Dibble GP Boots,迪布布爾艾靴【ＧＰ】
12438,Dibble ZP Boots,迪布布爾艾靴【ＺＰ】
12439,Fins Feet,夫伊恩斯夫伊
12440,Fins F Feet,夫伊恩斯夫伊【Ｆ】
12441,Fins FZ Feet,夫伊恩斯夫伊【ＦＺ】
12442,Fins HS Feet,夫伊恩斯夫伊【ＨＳ】
12443,Fins GS Feet,夫伊恩斯夫伊【ＧＳ】
12444,Fins GP Feet,夫伊恩斯夫伊【ＧＰ】
12445,Fins ZP Feet,夫伊恩斯夫伊【ＺＰ】
12446,Fins Boots,夫伊恩斯靴
12447,Fins F Boots,夫伊恩斯靴【Ｆ】
12448,Fins FZ Boots,夫伊恩斯靴【ＦＺ】
12449,Fins HS Boots,夫伊恩斯靴【ＨＳ】
12450,Fins GS Boots,夫伊恩斯靴【ＧＳ】
12451,Fins GP Boots,夫伊恩斯靴【ＧＰ】
12452,Fins ZP Boots,夫伊恩斯靴【ＺＰ】
12453,Dins Feet,迪恩斯夫伊特
12454,Dins F Feet,迪恩斯夫伊特【Ｆ】
12455,Dins FZ Feet,迪恩斯夫伊特【ＦＺ】
12456,Dins HS Feet,迪恩斯夫伊特【ＨＳ】
12457,Dins GS Feet,迪恩斯夫伊特【ＧＳ】
12458,Dins GP Feet,迪恩斯夫伊特【ＧＰ】
12459,Dins ZP Feet,迪恩斯夫伊特【ＺＰ】
12460,Dins Boots,迪恩斯靴
12461,Dins F Boots,迪恩斯靴【Ｆ】
12462,Dins FZ Boots,迪恩斯靴【ＦＺ】
12463,Dins HS Boots,迪恩斯靴【ＨＳ】
12464,Dins GS Boots,迪恩斯靴【ＧＳ】
12465,Dins GP Boots,迪恩斯靴【ＧＰ】
12466,Dins ZP Boots,迪恩斯靴【ＺＰ】
12467,Kiyoshi Greaves Z,基約斯希護腿【Ｚ】
12468,Kiyoshi Greaves ZF,基約斯希護腿【ＺＦ】
12469,Kiyoshi Greaves ZY,基約斯希護腿【ＺＹ】
12470,Kiyoshi Greaves ZX,基約斯希護腿【ＺＸ】
12471,Kiyoshi Tabi Z,基約修伊塔比【Ｚ】
12472,Kiyoshi Tabi ZF,基約修伊塔比【ＺＦ】
12473,Kiyoshi Tabi ZY,基約修伊塔比【ＺＹ】
12474,Kiyoshi Tabi ZX,基約修伊塔比【ＺＸ】
12475,Kashoku Greaves Z,可修庫護腿【Ｚ】
12476,Kashoku Greaves ZF,可修庫護腿【ＺＦ】
12477,Kashoku Greaves ZY,可修庫護腿【ＺＹ】
12478,Kashoku Greaves ZX,可修庫護腿【ＺＸ】
12479,Kashoku Tabi Z,可修歐庫塔比【Ｚ】
12480,Kashoku Tabi ZF,可修歐庫塔比【ＺＦ】
12481,Kashoku Tabi ZY,可修歐庫塔比【ＺＹ】
12482,Kashoku Tabi ZX,可修歐庫塔比【ＺＸ】
12483,Charis Feet,奇阿里斯夫伊
12484,Charis F Feet,奇阿里斯夫伊【Ｆ】
12485,Charis FZ Feet,奇阿里斯夫伊【ＦＺ】
12486,Charis HS Feet,奇阿里斯夫伊【ＨＳ】
12487,Charis GS Feet,奇阿里斯夫伊【ＧＳ】
12488,Charis GP Feet,奇阿里斯夫伊【ＧＰ】
12489,Charis ZP Feet,奇阿里斯夫伊【ＺＰ】
12490,Charis Boots,調里斯靴
12491,Charis F Boots,調里斯靴【Ｆ】
12492,Charis FZ Boots,調里斯靴【ＦＺ】
12493,Charis HS Boots,調里斯靴【ＨＳ】
12494,Charis GS Boots,調里斯靴【ＧＳ】
12495,Charis GP Boots,調里斯靴【ＧＰ】
12496,Charis ZP Boots,調里斯靴【ＺＰ】
12497,Miriam Feet,米里阿姆夫伊
12498,Miriam F Feet,米里阿姆夫伊【Ｆ】
12499,Miriam FZ Feet,米里阿姆夫伊【ＦＺ】
12500,Miriam HS Feet,米里阿姆夫伊【ＨＳ】
12501,Miriam GS Feet,米里阿姆夫伊【ＧＳ】
12502,Miriam GP Feet,米里阿姆夫伊【ＧＰ】
12503,Miriam ZP Feet,米里阿姆夫伊【ＺＰ】
12504,Miriam Boots,米里阿姆靴
12505,Miriam F Boots,米里阿姆靴【Ｆ】
12506,Miriam FZ Boots,米里阿姆靴【ＦＺ】
12507,Miriam HS Boots,米里阿姆靴【ＨＳ】
12508,Miriam GS Boots,米里阿姆靴【ＧＳ】
12509,Miriam GP Boots,米里阿姆靴【ＧＰ】
12510,Miriam ZP Boots,米里阿姆靴【ＺＰ】
12511,Lenigan Feet,勒尼加恩夫伊
12512,Lenigan F Feet,勒尼加恩夫伊【Ｆ】
12513,Lenigan FZ Feet,勒尼加恩夫伊【ＦＺ】
12514,Lenigan HS Feet,勒尼加恩夫伊【ＨＳ】
12515,Lenigan GS Feet,勒尼加恩夫伊【ＧＳ】
12516,Lenigan GP Feet,勒尼加恩夫伊【ＧＰ】
12517,Lenigan ZP Feet,勒尼加恩夫伊【ＺＰ】
12518,Lenigan Boots,爾艾尼加恩靴
12519,Lenigan F Boots,爾艾尼加恩靴【Ｆ】
12520,Lenigan FZ Boots,爾艾尼加恩靴【ＦＺ】
12521,Lenigan HS Boots,爾艾尼加恩靴【ＨＳ】
12522,Lenigan GS Boots,爾艾尼加恩靴【ＧＳ】
12523,Lenigan GP Boots,爾艾尼加恩靴【ＧＰ】
12524,Lenigan ZP Boots,爾艾尼加恩靴【ＺＰ】
12525,Favila Feet,夫阿夫伊拉夫
12526,Favila F Feet,夫阿夫伊拉夫【Ｆ】
12527,Favila FZ Feet,夫阿夫伊拉夫【ＦＺ】
12528,Favila HS Feet,夫阿夫伊拉夫【ＨＳ】
12529,Favila GS Feet,夫阿夫伊拉夫【ＧＳ】
12530,Favila GP Feet,夫阿夫伊拉夫【ＧＰ】
12531,Favila ZP Feet,夫阿夫伊拉夫【ＺＰ】
12532,Favila Boots,夫阿夫伊爾阿靴
12533,Favila F Boots,夫阿夫伊爾阿靴【Ｆ】
12534,Favila FZ Boots,夫阿夫伊爾阿靴【ＦＺ】
12535,Favila HS Boots,夫阿夫伊爾阿靴【ＨＳ】
12536,Favila GS Boots,夫阿夫伊爾阿靴【ＧＳ】
12537,Favila GP Boots,夫阿夫伊爾阿靴【ＧＰ】
12538,Favila ZP Boots,夫阿夫伊爾阿靴【ＺＰ】
12539,Desutora GS Sabaton,德蘇托拉薩巴【ＧＳ】
12540,Desutora GP Sabaton,德蘇托拉薩巴【ＧＰ】
12541,Desutora ZP Sabaton,德蘇托拉薩巴【ＺＰ】
12542,ダミー,(dummy)
12543,ダミー,(dummy)
12544,ダミー,(dummy)
12545,Desutora GS Leggings,大劍德斯托裹腿【ＧＳ】
12546,Desutora GP Leggings,大劍德斯托裹腿【ＧＰ】
12547,Desutora ZP Leggings,大劍德斯托裹腿【ＺＰ】
12548,ダミー,(dummy)
12549,ダミー,(dummy)
12550,ダミー,(dummy)
12551,Brave ZX Greaves,布拉夫艾茲克斯護腿【ＺＸ】
12552,Bogabado Z Greaves,波加巴多護腿【Ｚ】
12553,Bogabado ZF Greaves,波加巴多護腿【ＺＦ】
12554,Bogabado ZY Greaves,波加巴多護腿【ＺＹ】
12555,Bogabado ZX Greaves,波加巴多護腿【ＺＸ】
12556,Bogabado Z Leggings,波加巴多裹腿【Ｚ】
12557,Bogabado ZF Leggings,波加巴多裹腿【ＺＦ】
12558,Bogabado ZY Leggings,波加巴多裹腿【ＺＹ】
12559,Bogabado ZX Leggings,波加巴多裹腿【ＺＸ】
12560,Alicia Feet,阿里克伊阿夫
12561,Alicia F Feet,阿里克伊阿夫【Ｆ】
12562,Alicia FZ Feet,阿里克伊阿夫【ＦＺ】
12563,Alicia HS Feet,阿里克伊阿夫【ＨＳ】
12564,Alicia GS Feet,阿里克伊阿夫【ＧＳ】
12565,Alicia GP Feet,阿里克伊阿夫【ＧＰ】
12566,Alicia ZP Feet,阿里克伊阿夫【ＺＰ】
12567,Alicia Boots,阿爾伊克伊阿靴
12568,Alicia F Boots,阿爾伊克伊阿靴【Ｆ】
12569,Alicia FZ Boots,阿爾伊克伊阿靴【ＦＺ】
12570,Alicia HS Boots,阿爾伊克伊阿靴【ＨＳ】
12571,Alicia GS Boots,阿爾伊克伊阿靴【ＧＳ】
12572,Alicia GP Boots,阿爾伊克伊阿靴【ＧＰ】
12573,Alicia ZP Boots,阿爾伊克伊阿靴【ＺＰ】
12574,Tanzanite Greaves,抑制螺護腿
12575,Tanzanite F Greaves,抑制螺護腿【Ｆ】
12576,Tanzanite FX Greaves,抑制螺護腿【ＦＸ】
12577,Hematite Greaves,血鐵護腿
12578,Hematite F Greaves,血鐵護腿【Ｆ】
12579,Hematite FX Greaves,血鐵護腿【ＦＸ】
12580,Byakko・磁星G Feet,磁星
12581,Byakko・磁星GF Feet,磁星
12582,Byakko・磁星GX Feet,磁星
12583,Suzaku・磁星G Feet,磁星
12584,Suzaku・磁星GF Feet,磁星
12585,Suzaku・磁星GX Feet,磁星
12586,Genbu・磁星G Feet,磁星
12587,Genbu・磁星GF Feet,磁星
12588,Genbu・磁星GX Feet,磁星
12589,Seiryu・磁星G Feet,磁星
12590,Seiryu・磁星GF Feet,磁星
12591,Seiryu・磁星GX Feet,磁星
12592,White 蘭・磁星 Feet,蘭磁星・白
12593,White 蘭・磁星F Feet,蘭磁星・白
12594,White 蘭・磁星FX Feet,蘭磁星・白
12595,Crimson 霞・磁星 Feet,霞磁星・紅
12596,Crimson 霞・磁星F Feet,霞磁星・紅
12597,Crimson 霞・磁星FX Feet,霞磁星・紅
12598,White 蘭・磁星G Feet,蘭磁星・白
12599,White 蘭・磁星GF Feet,蘭磁星・白
12600,White 蘭・磁星GX Feet,蘭磁星・白
12601,Crimson 霞・磁星G Feet,霞磁星・紅
12602,Crimson 霞・磁星GF Feet,霞磁星・紅
12603,Crimson 霞・磁星GX Feet,霞磁星・紅
12604,月夜・磁星G Feet,月夜磁星
12605,月夜・磁星GF Feet,月夜磁星
12606,月夜・磁星GX Feet,月夜磁星
12607,Green 穹・磁星G Feet,穹磁星・緑
12608,Green 穹・磁星GF Feet,穹磁星・緑
12609,Green 穹・磁星GX Feet,穹磁星・緑
12610,Masaha Dress [Tabi] Red,塔比馬薩哈德・赤
12611,Masaha Dress F [Tabi] Red,塔比馬薩哈德【Ｆ】・赤
12612,Masaha Dress FZ [Tabi] Red,塔比馬薩哈德【ＦＺ】・赤
12613,Masaha Dress HS [Tabi] Red,塔比馬薩哈德【ＨＳ】・赤
12614,Masaha Dress GS [Tabi] Red,塔比馬薩哈德【ＧＳ】・赤
12615,Masaha Dress GP [Tabi] Red,塔比馬薩哈德【ＧＰ】・赤
12616,Masaha Dress ZP [Tabi] Red,塔比馬薩哈德【ＺＰ】・赤
12617,Masaha Dress [Greaves] Red,馬薩哈德雷斯護腿・赤
12618,Masaha Dress F [Greaves] Red,馬薩哈德雷斯護腿【Ｆ】・赤
12619,Masaha Dress FZ [Greaves] Red,馬薩哈德雷斯護腿【ＦＺ】・赤
12620,Masaha Dress HS [Greaves] Red,馬薩哈德雷斯護腿【ＨＳ】・赤
12621,Masaha Dress GS [Greaves] Red,馬薩哈德雷斯護腿【ＧＳ】・赤
12622,Masaha Dress GP [Greaves] Red,馬薩哈德雷斯護腿【ＧＰ】・赤
12623,Masaha Dress ZP [Greaves] Red,馬薩哈德雷斯護腿【ＺＰ】・赤
12624,Masaha Dress [Tabi] Silver,塔比馬薩哈德・銀
12625,Masaha Dress F [Tabi] Silver,塔比馬薩哈德【Ｆ】・銀
12626,Masaha Dress FZ [Tabi] Silver,塔比馬薩哈德【ＦＺ】・銀
12627,Masaha Dress HS [Tabi] Silver,塔比馬薩哈德【ＨＳ】・銀
12628,Masaha Dress GS [Tabi] Silver,塔比馬薩哈德【ＧＳ】・銀
12629,Masaha Dress GP [Tabi] Silver,塔比馬薩哈德【ＧＰ】・銀
12630,Masaha Dress ZP [Tabi] Silver,塔比馬薩哈德【ＺＰ】・銀
12631,Masaha Dress [Greaves] Silver,馬薩哈德雷斯護腿・銀
12632,Masaha Dress F [Greaves] Silver,馬薩哈德雷斯護腿【Ｆ】・銀
12633,Masaha Dress FZ [Greaves] Silver,馬薩哈德雷斯護腿【ＦＺ】・銀
12634,Masaha Dress HS [Greaves] Silver,馬薩哈德雷斯護腿【ＨＳ】・銀
12635,Masaha Dress GS [Greaves] Silver,馬薩哈德雷斯護腿【ＧＳ】・銀
12636,Masaha Dress GP [Greaves] Silver,馬薩哈德雷斯護腿【ＧＰ】・銀
12637,Masaha Dress ZP [Greaves] Silver,馬薩哈德雷斯護腿【ＺＰ】・銀
12638,Masaha Dress [Tabi] Blue,塔比馬薩哈德・青
12639,Masaha Dress F [Tabi] Blue,塔比馬薩哈德【Ｆ】・青
12640,Masaha Dress FZ [Tabi] Blue,塔比馬薩哈德【ＦＺ】・青
12641,Masaha Dress HS [Tabi] Blue,塔比馬薩哈德【ＨＳ】・青
12642,Masaha Dress GS [Tabi] Blue,塔比馬薩哈德【ＧＳ】・青
12643,Masaha Dress GP [Tabi] Blue,塔比馬薩哈德【ＧＰ】・青
12644,Masaha Dress ZP [Tabi] Blue,塔比馬薩哈德【ＺＰ】・青
12645,Masaha Dress [Greaves] Blue,馬薩哈德雷斯護腿・青
12646,Masaha Dress F [Greaves] Blue,馬薩哈德雷斯護腿【Ｆ】・青
12647,Masaha Dress FZ [Greaves] Blue,馬薩哈德雷斯護腿【ＦＺ】・青
12648,Masaha Dress HS [Greaves] Blue,馬薩哈德雷斯護腿【ＨＳ】・青
12649,Masaha Dress GS [Greaves] Blue,馬薩哈德雷斯護腿【ＧＳ】・青
12650,Masaha Dress GP [Greaves] Blue,馬薩哈德雷斯護腿【ＧＰ】・青
12651,Masaha Dress ZP [Greaves] Blue,馬薩哈德雷斯護腿【ＺＰ】・青
12652,Masaha Dress [Tabi] Orange,塔比馬薩哈德・橙
12653,Masaha Dress F [Tabi] Orange,塔比馬薩哈德【Ｆ】・橙
12654,Masaha Dress FZ [Tabi] Orange,塔比馬薩哈德【ＦＺ】・橙
12655,Masaha Dress HS [Tabi] Orange,塔比馬薩哈德【ＨＳ】・橙
12656,Masaha Dress GS [Tabi] Orange,塔比馬薩哈德【ＧＳ】・橙
12657,Masaha Dress GP [Tabi] Orange,塔比馬薩哈德【ＧＰ】・橙
12658,Masaha Dress ZP [Tabi] Orange,塔比馬薩哈德【ＺＰ】・橙
12659,Masaha Dress [Greaves] Orange,馬薩哈德雷斯護腿・橙
12660,Masaha Dress F [Greaves] Orange,馬薩哈德雷斯護腿【Ｆ】・橙
12661,Masaha Dress FZ [Greaves] Orange,馬薩哈德雷斯護腿【ＦＺ】・橙
12662,Masaha Dress HS [Greaves] Orange,馬薩哈德雷斯護腿【ＨＳ】・橙
12663,Masaha Dress GS [Greaves] Orange,馬薩哈德雷斯護腿【ＧＳ】・橙
12664,Masaha Dress GP [Greaves] Orange,馬薩哈德雷斯護腿【ＧＰ】・橙
12665,Masaha Dress ZP [Greaves] Orange,馬薩哈德雷斯護腿【ＺＰ】・橙
12666,Graham Greaves,格爾阿哈阿姆護腿
12667,Favila D Feet,夫阿夫伊拉德
12668,Alicia D Feet,阿里克伊阿德
12669,Masaha Dress C [Tabi 】,塔比馬薩哈德
12670,Aura C Feet,奧拉克夫伊特
12671,Asumo C Feet,阿蘇莫克夫伊
12672,Rokka C Feet,羅克可克夫伊
12673,Ruche C Greaves,褶Ｃ護腿
12674,Shui C Greaves,水Ｃ護腿
12675,Masaha Dress D [Tabi] Red,塔比馬薩哈德・赤
12676,Masaha Dress D [Tabi] Silver,塔比馬薩哈德・銀
12677,Masaha Dress D [Tabi] Blue,塔比馬薩哈德・青
12678,Masaha Dress D [Tabi] Orange,塔比馬薩哈德・橙
12679,Genbu・Kensei D Feet,蓋恩布凱恩塞
12680,Genbu・双龍D Feet,双龍
12681,Genbu・剣王D Feet,剣王
12682,Genbu・刀神D Feet,刀神
12683,Genbu・Heaven 槍D Feet,槍
12684,Genbu・砲皇D Feet,砲皇
12685,Genbu・鈍器獣D Feet,鈍器獣
12686,Genbu・奏帝D Feet,奏帝
12687,Genbu・穿凰D Feet,穿凰
12688,Genbu・斬将D Feet,斬将
12689,Genbu・銃傑D Boots,磁化抑・Ｄ面罩靴
12690,Genbu・銃仙D Boots,磁化抑・Ｄ面罩靴
12691,Genbu・Bow 鬼D Boots,磁化抑・弓Ｄ靴
12692,Tanzanite D Greaves,抑制螺Ｄ護腿
12693,Hematite D Greaves,血鐵Ｄ護腿
12694,Byakko・磁星D Feet,磁星
12695,Suzaku・磁星D Feet,磁星
12696,Genbu・磁星D Feet,磁星
12697,Tigrex Greaves PD Black,轟龍護腿【ＰＤ】・黑
12698,Tigrex Greaves PD White,轟龍護腿【ＰＤ】・白
12699,Tigrex Greaves PD Purple,轟龍護腿【ＰＤ】・紫
12700,Monoblos Boots PD Yellow,一角龍靴【ＰＤ】・黄
12701,Monoblos Boots PD Green,一角龍靴【ＰＤ】・緑
12702,Monoblos Boots PD White,一角龍靴【ＰＤ】・白
12703,Khezu Leggings PD Black,奇怪龍裹腿【ＰＤ】・黑
12704,Khezu Leggings PD Green,奇怪龍裹腿【ＰＤ】・緑
12705,Khezu Leggings PD Blue,奇怪龍裹腿【ＰＤ】・青
12706,Plesioth Greaves PD Black,水龍護腿【ＰＤ】・黑
12707,Plesioth Greaves PD Yellow,水龍護腿【ＰＤ】・黄
12708,Plesioth Greaves PD Purple,水龍護腿【ＰＤ】・紫
12709,Plesioth Leggings PD Black,水龍裹腿【ＰＤ】・黑
12710,Plesioth Leggings PD Yellow,水龍裹腿【ＰＤ】・黄
12711,Plesioth Leggings PD Purple,水龍裹腿【ＰＤ】・紫
12712,Gypceros Leggings PD Red,毒怪鳥裹腿【ＰＤ】・赤
12713,Gypceros Leggings PD Yellow,毒怪鳥裹腿【ＰＤ】・黄
12714,Gypceros Leggings PD Green,毒怪鳥裹腿【ＰＤ】・緑
12715,Kagura 【 Hakama 】 PD Red,哈可馬可古拉【ＰＤ】・赤
12716,Kagura 【 Hakama 】 PD Black,哈可馬可古拉【ＰＤ】・黑
12717,Kagura 【 Hakama 】 PD Purple,哈可馬可古拉【ＰＤ】・紫
12718,Kamiza 【 Hakama 】 PD Red,哈可馬可米扎【ＰＤ】・赤
12719,Kamiza 【 Hakama 】 PD Black,哈可馬可米扎【ＰＤ】・黑
12720,Kamiza 【 Hakama 】 PD Purple,哈可馬可米扎【ＰＤ】・紫
12721,Mosswine Feet PD White,菌豬【ＰＤ】・白
12722,Mosswine Feet PD Yellow,菌豬【ＰＤ】・黄
12723,Mosswine Feet PD Blue,菌豬【ＰＤ】・青
12724,忍の Tabi・陰 PD Yellow,忍之籠手・陰
12725,忍の Tabi・陰 PD Red,忍之籠手・陰
12726,忍の Tabi・陰 PD Blue,忍之籠手・陰
12727,Dusk D Feet・Red,杜斯克德夫伊・赤
12728,Dusk D Feet・White,杜斯克德夫伊・白
12729,Dusk D Feet・Peach,杜斯克德夫伊・桃
12730,Dusk D Feet・Blue,杜斯克德夫伊・青
12731,Marin D Feet・Blue,馬里恩德夫伊・青
12732,Marin D Feet・Peach,馬里恩德夫伊・桃
12733,Marin D Feet・White,馬里恩德夫伊・白
12734,Marin D Feet・Black,馬里恩德夫伊・黑
12735,Reflet D Feet・Blue,雷夫勒特德夫・青
12736,Reflet D Feet・White,雷夫勒特德夫・白
12737,Reflet D Feet・Red,雷夫勒特德夫・赤
12738,Reflet D Feet・Black,雷夫勒特德夫・黑
12739,Tenpi Legs D・Red,特恩皮德腿甲・赤
12740,Tenpi Legs D・Blue,特恩皮德腿甲・青
12741,Tenpi Legs D・Black,特恩皮德腿甲・黑
12742,Tenpi Legs D・White,特恩皮德腿甲・白
12743,Tenpi ノ鉄衣D・Red,鉄衣・赤
12744,Tenpi ノ鉄衣D・Blue,鉄衣・青
12745,Tenpi ノ鉄衣D・Black,鉄衣・黑
12746,Tenpi ノ鉄衣D・White,鉄衣・白
12747,Naga D Feet・Blue,納加德夫伊特・青
12748,Naga D Feet・Red,納加德夫伊特・赤
12749,Naga D Feet・White,納加德夫伊特・白
12750,Naga D Feet・Black,納加德夫伊特・黑
12751,Sheriff D Feet・Tea,修艾里夫夫德・茶
12752,Sheriff D Feet・Black,修艾里夫夫德・黑
12753,Sheriff D Feet・Blue,修艾里夫夫德・青
12754,Sheriff D Feet・White,修艾里夫夫德・白
12755,Serena D Feet・Purple,塞雷納德夫伊・紫
12756,Serena D Feet・Blue,塞雷納德夫伊・青
12757,Serena D Feet・White,塞雷納德夫伊・白
12758,Serena D Feet・Red,塞雷納德夫伊・赤
12759,Gelt D Feet・Black,蓋爾特德夫伊・黑
12760,Gelt D Feet・Copper,蓋爾特德夫伊
12761,Gelt D Feet・Silver,蓋爾特德夫伊・銀
12762,Gelt D Feet・Gold,蓋爾特德夫伊・金
12763,Gloria D Feet・Gold,格洛里阿德夫・金
12764,Gloria D Feet・Blue,格洛里阿德夫・青
12765,Gloria D Feet・Water,格洛里阿德夫
12766,Gloria D Feet・Red,格洛里阿德夫・赤
12767,Cloth D Feet・Red,克洛斯德夫伊・赤
12768,Cloth D Feet・Blue,克洛斯德夫伊・青
12769,Cloth D Feet・Purple,克洛斯德夫伊・紫
12770,Cloth D Feet・Green,克洛斯德夫伊・緑
12771,Rast D Feet・Black,拉斯特德夫伊・黑
12772,Rast D Feet・Blue,拉斯特德夫伊・青
12773,Rast D Feet・Crimson,拉斯特德夫伊・紅
12774,Rast D Feet・White,拉斯特德夫伊・白
12775,Siena D Greaves・Silver,西艾娜腕銀護腿・銀
12776,Siena D Greaves・Black,西艾娜腕銀護腿・黑
12777,Siena D Greaves・Red,西艾娜腕銀護腿・赤
12778,Siena D Greaves・Blue,西艾娜腕銀護腿・青
12779,Cultu D Feet・Ash,克烏爾圖德夫
12780,Cultu D Feet・Blue,克烏爾圖德夫・青
12781,Cultu D Feet・Orange,克烏爾圖德夫・橙
12782,Cultu D Feet・Green,克烏爾圖德夫・緑
12783,Truss D Leggings Blue,特拉斯裹腿・青
12784,Truss D Leggings Red,特拉斯裹腿・赤
12785,Truss D Leggings White,特拉斯裹腿・白
12786,Truss D Leggings Purple,特拉斯裹腿・紫
12787,Maisto D Feet・Crimson,馬伊斯托德夫・紅
12788,Maisto D Feet・Green,馬伊斯托德夫・緑
12789,Maisto D Feet・Green,馬伊斯托德夫・緑
12790,Maisto D Feet・Pink,馬伊斯托德夫・桃
12791,Randa Hakama・D Yellow,拉恩達哈可馬・黄
12792,Randa Hakama・D Red,拉恩達哈可馬・赤
12793,Randa Hakama・D Purple,拉恩達哈可馬・紫
12794,Randa Hakama・D Gold,拉恩達哈可馬・金
12795,Buney D Feet・Black,布涅伊德夫伊・黑
12796,Buney D Feet・White,布涅伊德夫伊・白
12797,Buney D Feet・Red,布涅伊德夫伊・赤
12798,Buney D Feet・Purple,布涅伊德夫伊・紫
12799,Regelia D Feet・White,雷蓋里阿德夫・白
12800,Regelia D Feet・Red,雷蓋里阿德夫・赤
12801,Regelia D Feet・Green,雷蓋里阿德夫・緑
12802,Regelia D Feet・Blue,雷蓋里阿德夫・青
12803,Aristo D Feet・Blue,阿里斯托德夫・青
12804,Aristo D Feet・White,阿里斯托德夫・白
12805,Aristo D Feet・Purple,阿里斯托德夫・紫
12806,Aristo D Feet・Red,阿里斯托德夫・赤
12807,Melety D Feet・White,梅勒特伊德夫・白
12808,Melety D Feet・Red,梅勒特伊德夫・赤
12809,Melety D Feet・Blue,梅勒特伊德夫・青
12810,Melety D Feet・Black,梅勒特伊德夫・黑
12811,Ferme D Feet・Black,夫艾爾梅德夫・黑
12812,Ferme D Feet・Red,夫艾爾梅德夫・赤
12813,Ferme D Feet・White,夫艾爾梅德夫・白
12814,Ferme D Feet・Blue,夫艾爾梅德夫・青
12815,Real D Feet・White,雷阿爾德夫伊・白
12816,Real D Feet・Gold,雷阿爾德夫伊・金
12817,Real D Feet・Blue,雷阿爾德夫伊・青
12818,Real D Feet・Red,雷阿爾德夫伊・赤
12819,Arma D Feet・Black,阿爾馬德夫伊・黑
12820,Arma D Feet・White,阿爾馬德夫伊・白
12821,Arma D Feet・Blue,阿爾馬德夫伊・青
12822,Arma D Feet・Tea,阿爾馬德夫伊・茶
12823,Honour D Feet・Red,霍諾烏爾德夫・赤
12824,Honour D Feet・Blue,霍諾烏爾德夫・青
12825,Honour D Feet・Green,霍諾烏爾德夫・緑
12826,Honour D Feet・紺,紺
12827,Pics D Feet・Green,皮克斯德夫伊・緑
12828,Pics D Feet・Purple,皮克斯德夫伊・紫
12829,Pics D Feet・Black,皮克斯德夫伊・黑
12830,Pics D Feet・Water,皮克斯德夫伊
12831,Magos D Feet・Yellow,馬戈斯德夫伊・黄
12832,Magos D Feet・Red,馬戈斯德夫伊・赤
12833,Magos D Feet・Water,馬戈斯德夫伊
12834,Magos D Feet・Blue,馬戈斯德夫伊・青
12835,Arge D Feet,阿爾蓋德夫伊
12836,Camarera D Feet,克阿馬雷拉德
12837,Metenera D Feet,梅特涅拉德夫
12838,Abitto D Feet,阿比特托德夫
12839,Riburi D Feet,里布里德夫伊
12840,Zodic D Feet・Blue,佐迪克德夫伊・青
12841,Zodic D Feet・Tea,佐迪克德夫伊・茶
12842,Zodic D Feet・Green,佐迪克德夫伊・緑
12843,Zodic D Feet・Pink,佐迪克德夫伊・桃
12844,Cayssis D Feet Water,克阿伊斯西斯
12845,Cayssis D Feet Red,克阿伊斯西斯・赤
12846,Cayssis D Feet Blue,克阿伊斯西斯・青
12847,Cayssis D Feet Orange,克阿伊斯西斯・橙
12848,Omet D Feet・Black,歐梅特德夫伊・黑
12849,Omet D Feet・Red,歐梅特德夫伊・赤
12850,Omet D Feet・White,歐梅特德夫伊・白
12851,Omet D Feet・Blue,歐梅特德夫伊・青
12852,Edio D Feet・Blue,艾迪歐德夫伊・青
12853,Edio D Feet・Red,艾迪歐德夫伊・赤
12854,Edio D Feet・Yellow,艾迪歐德夫伊・黄
12855,Edio D Feet・Black,艾迪歐德夫伊・黑
12856,Steno D Greaves・Orange,斯特諾德護腿・橙
12857,Steno D Greaves・Peach,斯特諾德護腿・桃
12858,Steno D Greaves・Blue,斯特諾德護腿・青
12859,Steno D Greaves・Red,斯特諾德護腿・赤
12860,Suriito D Feet・Yellow,蘇里伊托德夫・黄
12861,Suriito D Feet・Silver,蘇里伊托德夫・銀
12862,Suriito D Feet・Red,蘇里伊托德夫・赤
12863,Suriito D Feet・Blue,蘇里伊托德夫・青
12864,Galitos D Feet・Tea,加里托斯德夫・茶
12865,Galitos D Feet・Red,加里托斯德夫・赤
12866,Galitos D Feet・Black,加里托斯德夫・黑
12867,Galitos D Feet・Water,加里托斯德夫
12868,Text D Feet・Purple,特克斯特德夫伊・紫
12869,Text D Feet・Green,特克斯特德夫伊・緑
12870,Text D Feet・Blue,特克斯特德夫伊・青
12871,Text D Feet・Black,特克斯特德夫伊・黑
12872,Pharan D Feet・White,夫阿拉恩德夫・白
12873,Pharan D Feet・Black,夫阿拉恩德夫・黑
12874,Pharan D Feet・Red,夫阿拉恩德夫・赤
12875,Pharan D Feet・Blue,夫阿拉恩德夫・青
12876,Gold D Feet・Red,德夫伊特・金・赤
12877,Gold D Feet・Blue,德夫伊特・金・青
12878,Gold D Feet・Yellow,德夫伊特・金・黄
12879,Gold D Feet・Purple,德夫伊特・金・紫
12880,Claire D Feet・Purple,克拉伊雷德夫・紫
12881,Claire D Feet・Water,克拉伊雷德夫
12882,Claire D Feet・Red,克拉伊雷德夫・赤
12883,Claire D Feet・Black,克拉伊雷德夫・黑
12884,Gold Cat D Boots,赤猫Ｄ靴・金
12885,Silver Cat D Boots,赤猫Ｄ靴・銀
12886,Ex D Feet・White,艾克斯德夫伊特・白
12887,Ex D Feet・Red,艾克斯德夫伊特・赤
12888,Ex D Feet・Blue,艾克斯德夫伊特・青
12889,Ex D Feet・Black,艾克斯德夫伊特・黑
12890,Star Festival D Tabi 【 Red 】,星祭手甲・赤
12891,Star Festival D Tabi 【 Blue 】,星祭手甲・青
12892,Star Festival D Tabi 【 Black 】,星祭手甲・黑
12893,Star Festival D Tabi 【 White 】,星祭手甲・白
12894,Promise D Boots・White,約定靴・白
12895,Promise D Boots・Blue,約定靴・青
12896,Promise D Boots・Purple,約定靴・紫
12897,Promise D Boots・Yellow,約定靴・黄
12898,White M Boots D,姆德靴・白
12899,Flight Greaves D・White,夫爾伊格赫特德護腿・白
12900,Flight Greaves D・Red,夫爾伊格赫特德護腿・赤
12901,Flight Greaves D・Tea,夫爾伊格赫特德護腿・茶
12902,Flight Greaves D・Blue,夫爾伊格赫特德護腿・青
12903,Bande D Feet・Blue,巴恩德德夫伊・青
12904,Bande D Feet・Red,巴恩德德夫伊・赤
12905,Bande D Feet・Green,巴恩德德夫伊・緑
12906,Bande D Feet・Black,巴恩德德夫伊・黑
12907,Regnum D Feet・White,雷格努姆德夫・白
12908,Regnum D Feet・Blue,雷格努姆德夫・青
12909,Regnum D Feet・Red,雷格努姆德夫・赤
12910,Regnum D Feet・Tea,雷格努姆德夫・茶
12911,Gania D Feet・Red,加尼阿德夫伊・赤
12912,Gania D Feet・Blue,加尼阿德夫伊・青
12913,Gania D Feet・Tea,加尼阿德夫伊・茶
12914,Gania D Feet・Purple,加尼阿德夫伊・紫
12915,Amistad D Feet・Black,阿米斯塔德德・黑
12916,Amistad D Feet・White,阿米斯塔德德・白
12917,Amistad D Feet・Blue,阿米斯塔德德・青
12918,Amistad D Feet・Crimson,阿米斯塔德德・紅
12919,Perifu D Feet・Blue,佩里夫德夫伊・青
12920,Perifu D Feet・Tea,佩里夫德夫伊・茶
12921,Perifu D Feet・Green,佩里夫德夫伊・緑
12922,Perifu D Feet・Purple,佩里夫德夫伊・紫
12923,Vakusu D Greaves,瓦庫斯Ｄ護腿
12924,Rizuvue D Greaves,麗茲維Ｄ護腿
12925,Konseru D Greaves,康塞爾Ｄ護腿
12926,Utaei Legs D,烏塔艾伊德腿甲
12927,Utatsumugu Legs D,烏塔茨穆古德腿甲
12928,Shikari Greaves D,斯希可里德護腿
12929,Strega D Greaves,魔女Ｄ護腿
12930,Eques D Greaves,騎士護腿
12931,Uida D Feet,烏伊達德夫伊
12932,Kuraaji D Greaves,拉瓦里Ｄ護腿
12933,Aneshisu D Greaves,阿涅修伊蘇Ｄ護腿
12934,Zaakaa D Greaves,布爾霧Ｄ護腿
12935,Vinen D Greaves,怪轟龍Ｄ護腿
12936,Rudeos D Greaves,牙血鐵Ｄ護腿
12937,Breo D Greaves,布雷歐護腿
12938,Rouge D Greaves,紅護腿
12939,Onero D Greaves,血吼牙Ｄ護腿
12940,Diina D Leg,初音未Ｄ腿
12941,Oorowa D Greaves,鍵盤歌Ｄ護腿
12942,Higakure D Greaves,秘隱Ｄ護腿
12943,Perce D Greaves,佩爾斯Ｄ護腿
12944,Orykto D Greaves,奧力克托Ｄ護腿
12945,Orykto D Leggings,奧力克托Ｄ裹腿
12946,Yoruti D Greaves,約爾提Ｄ護腿
12947,Nisuru D Greaves,尼斯魯Ｄ護腿
12948,Maaden D Greaves,瑪登Ｄ護腿
12949,Maaden D Leggings,瑪登Ｄ裹腿
12950,Cheni D Greaves,切尼Ｄ護腿
12951,Eguiene D Greaves,埃吉恩Ｄ護腿
12952,Toruboda D Greaves,托魯波達Ｄ護腿
12953,Kabariba D Greaves,可巴里巴Ｄ護腿
12954,Norukku D Feet,諾魯克庫德夫
12955,Valier D Greaves,勇士Ｄ護腿
12956,Arumyu D Greaves,阿爾繆Ｄ護腿
12957,Chatore D Greaves,夏托雷Ｄ護腿
12958,Pashio D Greaves,培西歐Ｄ護腿
12959,Cariva D Greaves,可里瓦Ｄ護腿
12960,Desutora GS Sabaton,德蘇托拉薩巴【ＧＳ】
12961,Desutora GP Sabaton,德蘇托拉薩巴【ＧＰ】
12962,Desutora ZP Sabaton,德蘇托拉薩巴【ＺＰ】
12963,Desutora GS Leggings,大劍德斯托裹腿【ＧＳ】
12964,Desutora GP Leggings,大劍德斯托裹腿【ＧＰ】
12965,Desutora ZP Leggings,大劍德斯托裹腿【ＺＰ】
12966,Desutora D Sabaton,德蘇托拉德薩
12967,Bogabado ZD Greaves,博加巴多茲德護腿
12968,Bogabado ZD Leggings,博加巴多茲德裹腿
12969,Nerishoku Greaves Z,涅里修庫護腿【Ｚ】
12970,Nerishoku Greaves ZF,涅里修庫護腿【ＺＦ】
12971,Nerishoku Greaves ZY,涅里修庫護腿【ＺＹ】
12972,Nerishoku Greaves ZX,涅里修庫護腿【ＺＸ】
12973,Nerishoku Leggings Z,涅里修庫裹腿【Ｚ】
12974,Nerishoku Leggings ZF,涅里修庫裹腿【ＺＦ】
12975,Nerishoku Leggings ZY,涅里修庫裹腿【ＺＹ】
12976,Nerishoku Leggings ZX,涅里修庫裹腿【ＺＸ】
12977,Baruragaru Z Greaves,噬血龍護腿【Ｚ】
12978,Baruragaru ZF Greaves,噬血龍護腿【ＺＦ】
12979,Baruragaru ZY Greaves,噬血龍護腿【ＺＹ】
12980,Baruragaru ZX Greaves,噬血龍護腿【ＺＸ】
12981,Baruragaru Z Leggings,噬血龍裹腿【Ｚ】
12982,Baruragaru ZF Leggings,噬血龍裹腿【ＺＦ】
12983,Baruragaru ZY Leggings,噬血龍裹腿【ＺＹ】
12984,Baruragaru ZX Leggings,噬血龍裹腿【ＺＸ】
12985,Gravios Z Greaves,鎧龍護腿【Ｚ】
12986,Gravios ZF Greaves,鎧龍護腿【ＺＦ】
12987,Gravios ZY Greaves,鎧龍護腿【ＺＹ】
12988,Gravios ZX Greaves,鎧龍護腿【ＺＸ】
12989,Gravios Z Leggings,鎧龍裹腿【Ｚ】
12990,Gravios ZF Leggings,鎧龍裹腿【ＺＦ】
12991,Gravios ZY Leggings,鎧龍裹腿【ＺＹ】
12992,Gravios ZX Leggings,鎧龍裹腿【ＺＸ】
12993,Rabius Feet,拉比烏斯夫伊
12994,Rabius F Feet,拉比烏斯夫伊【Ｆ】
12995,Rabius FZ Feet,拉比烏斯夫伊【ＦＺ】
12996,Rabius HS Feet,拉比烏斯夫伊【ＨＳ】
12997,Rabius GS Feet,拉比烏斯夫伊【ＧＳ】
12998,Rabius GP Feet,拉比烏斯夫伊【ＧＰ】
12999,Rabius ZP Feet,拉比烏斯夫伊【ＺＰ】
13000,Rabius Boots,拉比烏斯靴
13001,Rabius F Boots,拉比烏斯靴【Ｆ】
13002,Rabius FZ Boots,拉比烏斯靴【ＦＺ】
13003,Rabius HS Boots,拉比烏斯靴【ＨＳ】
13004,Rabius GS Boots,拉比烏斯靴【ＧＳ】
13005,Rabius GP Boots,拉比烏斯靴【ＧＰ】
13006,Rabius ZP Boots,拉比烏斯靴【ＺＰ】
13007,Rocras Feet,羅克拉斯夫伊
13008,Rocras F Feet,羅克拉斯夫伊【Ｆ】
13009,Rocras FZ Feet,羅克拉斯夫伊【ＦＺ】
13010,Rocras HS Feet,羅克拉斯夫伊【ＨＳ】
13011,Rocras GS Feet,羅克拉斯夫伊【ＧＳ】
13012,Rocras GP Feet,羅克拉斯夫伊【ＧＰ】
13013,Rocras ZP Feet,羅克拉斯夫伊【ＺＰ】
13014,Rocras Boots,羅克拉斯靴
13015,Rocras F Boots,羅克拉斯靴【Ｆ】
13016,Rocras FZ Boots,羅克拉斯靴【ＦＺ】
13017,Rocras HS Boots,羅克拉斯靴【ＨＳ】
13018,Rocras GS Boots,羅克拉斯靴【ＧＳ】
13019,Rocras GP Boots,羅克拉斯靴【ＧＰ】
13020,Rocras ZP Boots,羅克拉斯靴【ＺＰ】
13021,Alisys Feet,阿里斯伊斯夫
13022,Alisys F Feet,阿里斯伊斯夫【Ｆ】
13023,Alisys FZ Feet,阿里斯伊斯夫【ＦＺ】
13024,Alisys HS Feet,阿里斯伊斯夫【ＨＳ】
13025,Alisys GS Feet,阿里斯伊斯夫【ＧＳ】
13026,Alisys GP Feet,阿里斯伊斯夫【ＧＰ】
13027,Alisys ZP Feet,阿里斯伊斯夫【ＺＰ】
13028,Alisys Boots,阿爾伊斯伊斯靴
13029,Alisys F Boots,阿爾伊斯伊斯靴【Ｆ】
13030,Alisys FZ Boots,阿爾伊斯伊斯靴【ＦＺ】
13031,Alisys HS Boots,阿爾伊斯伊斯靴【ＨＳ】
13032,Alisys GS Boots,阿爾伊斯伊斯靴【ＧＳ】
13033,Alisys GP Boots,阿爾伊斯伊斯靴【ＧＰ】
13034,Alisys ZP Boots,阿爾伊斯伊斯靴【ＺＰ】
13035,Loli Feet,洛里夫伊特
13036,Loli F Feet,洛里夫伊特【Ｆ】
13037,Loli FZ Feet,洛里夫伊特【ＦＺ】
13038,Loli HS Feet,洛里夫伊特【ＨＳ】
13039,Loli GS Feet,洛里夫伊特【ＧＳ】
13040,Loli GP Feet,洛里夫伊特【ＧＰ】
13041,Loli ZP Feet,洛里夫伊特【ＺＰ】
13042,Loli Boots,爾歐爾伊靴
13043,Loli F Boots,爾歐爾伊靴【Ｆ】
13044,Loli FZ Boots,爾歐爾伊靴【ＦＺ】
13045,Loli HS Boots,爾歐爾伊靴【ＨＳ】
13046,Loli GS Boots,爾歐爾伊靴【ＧＳ】
13047,Loli GP Boots,爾歐爾伊靴【ＧＰ】
13048,Loli ZP Boots,爾歐爾伊靴【ＺＰ】
13049,Recolis Feet,雷克歐里斯夫
13050,Recolis F Feet,雷克歐里斯夫【Ｆ】
13051,Recolis FZ Feet,雷克歐里斯夫【ＦＺ】
13052,Recolis HS Feet,雷克歐里斯夫【ＨＳ】
13053,Recolis GS Feet,雷克歐里斯夫【ＧＳ】
13054,Recolis GP Feet,雷克歐里斯夫【ＧＰ】
13055,Recolis ZP Feet,雷克歐里斯夫【ＺＰ】
13056,Recolis Boots,雷克歐爾伊斯靴
13057,Recolis F Boots,雷克歐爾伊斯靴【Ｆ】
13058,Recolis FZ Boots,雷克歐爾伊斯靴【ＦＺ】
13059,Recolis HS Boots,雷克歐爾伊斯靴【ＨＳ】
13060,Recolis GS Boots,雷克歐爾伊斯靴【ＧＳ】
13061,Recolis GP Boots,雷克歐爾伊斯靴【ＧＰ】
13062,Recolis ZP Boots,雷克歐爾伊斯靴【ＺＰ】
13063,Bita G Greaves,比塔護腿【Ｇ】
13064,Bita GF Greaves,比塔護腿【ＧＦ】
13065,Bita GX Greaves,比塔護腿【ＧＸ】
13066,Bita G Leggings,比塔裹腿【Ｇ】
13067,Bita GF Leggings,比塔裹腿【ＧＦ】
13068,Bita GX Leggings,比塔裹腿【ＧＸ】
13069,Koreputo G Greaves,科雷普托護腿【Ｇ】
13070,Koreputo GF Greaves,科雷普托護腿【ＧＦ】
13071,Koreputo GX Greaves,科雷普托護腿【ＧＸ】
13072,Koreputo G Leggings,科雷普托裹腿【Ｇ】
13073,Koreputo GF Leggings,科雷普托裹腿【ＧＦ】
13074,Koreputo GX Leggings,科雷普托裹腿【ＧＸ】
13075,Rapin G Greaves,爾阿普伊恩護腿【Ｇ】
13076,Rapin GF Greaves,爾阿普伊恩護腿【ＧＦ】
13077,Rapin GX Greaves,爾阿普伊恩護腿【ＧＸ】
13078,Rapin G Leggings,爾阿普伊恩裹腿【Ｇ】
13079,Rapin GF Leggings,爾阿普伊恩裹腿【ＧＦ】
13080,Rapin GX Leggings,爾阿普伊恩裹腿【ＧＸ】
13081,Kireek Feet,基雷艾克夫伊
13082,Kireek F Feet,基雷艾克夫伊【Ｆ】
13083,Kireek FZ Feet,基雷艾克夫伊【ＦＺ】
13084,Kireek HS Feet,基雷艾克夫伊【ＨＳ】
13085,Kireek GS Feet,基雷艾克夫伊【ＧＳ】
13086,Kireek GP Feet,基雷艾克夫伊【ＧＰ】
13087,Kireek ZP Feet,基雷艾克夫伊【ＺＰ】
13088,Kireek Boots,基雷艾克靴
13089,Kireek F Boots,基雷艾克靴【Ｆ】
13090,Kireek FZ Boots,基雷艾克靴【ＦＺ】
13091,Kireek HS Boots,基雷艾克靴【ＨＳ】
13092,Kireek GS Boots,基雷艾克靴【ＧＳ】
13093,Kireek GP Boots,基雷艾克靴【ＧＰ】
13094,Kireek ZP Boots,基雷艾克靴【ＺＰ】
13095,Quna Feet,奎納夫伊特
13096,Quna F Feet,奎納夫伊特【Ｆ】
13097,Quna FZ Feet,奎納夫伊特【ＦＺ】
13098,Quna HS Feet,奎納夫伊特【ＨＳ】
13099,Quna GS Feet,奎納夫伊特【ＧＳ】
13100,Quna GP Feet,奎納夫伊特【ＧＰ】
13101,Quna ZP Feet,奎納夫伊特【ＺＰ】
13102,Quna Boots,克烏納靴
13103,Quna F Boots,克烏納靴【Ｆ】
13104,Quna FZ Boots,克烏納靴【ＦＺ】
13105,Quna HS Boots,克烏納靴【ＨＳ】
13106,Quna GS Boots,克烏納靴【ＧＳ】
13107,Quna GP Boots,克烏納靴【ＧＰ】
13108,Quna ZP Boots,克烏納靴【ＺＰ】
13109,Dista Feet,迪斯塔夫伊特
13110,Dista F Feet,迪斯塔夫伊特【Ｆ】
13111,Dista FZ Feet,迪斯塔夫伊特【ＦＺ】
13112,Dista HS Feet,迪斯塔夫伊特【ＨＳ】
13113,Dista GS Feet,迪斯塔夫伊特【ＧＳ】
13114,Dista GP Feet,迪斯塔夫伊特【ＧＰ】
13115,Dista ZP Feet,迪斯塔夫伊特【ＺＰ】
13116,Dista Boots,迪斯塔靴
13117,Dista F Boots,迪斯塔靴【Ｆ】
13118,Dista FZ Boots,迪斯塔靴【ＦＺ】
13119,Dista HS Boots,迪斯塔靴【ＨＳ】
13120,Dista GS Boots,迪斯塔靴【ＧＳ】
13121,Dista GP Boots,迪斯塔靴【ＧＰ】
13122,Dista ZP Boots,迪斯塔靴【ＺＰ】
13123,Ionia Feet,伊歐尼阿夫伊
13124,Ionia F Feet,伊歐尼阿夫伊【Ｆ】
13125,Ionia FZ Feet,伊歐尼阿夫伊【ＦＺ】
13126,Ionia HS Feet,伊歐尼阿夫伊【ＨＳ】
13127,Ionia GS Feet,伊歐尼阿夫伊【ＧＳ】
13128,Ionia GP Feet,伊歐尼阿夫伊【ＧＰ】
13129,Ionia ZP Feet,伊歐尼阿夫伊【ＺＰ】
13130,Ionia Boots,伊歐尼阿靴
13131,Ionia F Boots,伊歐尼阿靴【Ｆ】
13132,Ionia FZ Boots,伊歐尼阿靴【ＦＺ】
13133,Ionia HS Boots,伊歐尼阿靴【ＨＳ】
13134,Ionia GS Boots,伊歐尼阿靴【ＧＳ】
13135,Ionia GP Boots,伊歐尼阿靴【ＧＰ】
13136,Ionia ZP Boots,伊歐尼阿靴【ＺＰ】
13137,Guridi Z Greaves,古里迪護腿【Ｚ】
13138,Guridi ZF Greaves,古里迪護腿【ＺＦ】
13139,Guridi ZY Greaves,古里迪護腿【ＺＹ】
13140,Guridi ZX Greaves,古里迪護腿【ＺＸ】
13141,Guridi Z Leggings,古里迪裹腿【Ｚ】
13142,Guridi ZF Leggings,古里迪裹腿【ＺＦ】
13143,Guridi ZY Leggings,古里迪裹腿【ＺＹ】
13144,Guridi ZX Leggings,古里迪裹腿【ＺＸ】
13145,Shifunyi Z Feet,修伊夫恩伊伊【Ｚ】
13146,Shifunyi ZF Feet,修伊夫恩伊伊【ＺＦ】
13147,Shifunyi ZY Feet,修伊夫恩伊伊【ＺＹ】
13148,Shifunyi ZX Feet,修伊夫恩伊伊【ＺＸ】
13149,Shifunyi Z Boots,初音未Ｚ靴【Ｚ】
13150,Shifunyi ZF Boots,初音未Ｚ靴【ＺＦ】
13151,Shifunyi ZY Boots,初音未Ｚ靴【ＺＹ】
13152,Shifunyi ZX Boots,初音未Ｚ靴【ＺＸ】
13153,Rockman Boots,爾歐克克姆阿恩靴
13154,Patapatagook・Rainbow,拍塔拍塔戈歐
13155,Patapatagook F・Rainbow,拍塔拍塔戈歐【Ｆ】
13156,Patapatagook FZ・Rainbow,拍塔拍塔戈歐【ＦＺ】
13157,Patapatagook HS・Rainbow,拍塔拍塔戈歐【ＨＳ】
13158,Patapatagook GS・Rainbow,拍塔拍塔戈歐【ＧＳ】
13159,Patapatagook GP・Rainbow,拍塔拍塔戈歐【ＧＰ】
13160,Patapatagook ZP・Rainbow,拍塔拍塔戈歐【ＺＰ】
13161,Patapatagook・Gold,拍塔拍塔戈歐・金
13162,Patapatagook F・Gold,拍塔拍塔戈歐【Ｆ】・金
13163,Patapatagook FZ・Gold,拍塔拍塔戈歐【ＦＺ】・金
13164,Patapatagook HS・Gold,拍塔拍塔戈歐【ＨＳ】・金
13165,Patapatagook GS・Gold,拍塔拍塔戈歐【ＧＳ】・金
13166,Patapatagook GP・Gold,拍塔拍塔戈歐【ＧＰ】・金
13167,Patapatagook ZP・Gold,拍塔拍塔戈歐【ＺＰ】・金
13168,Patapatagook・Silver,拍塔拍塔戈歐・銀
13169,Patapatagook F・Silver,拍塔拍塔戈歐【Ｆ】・銀
13170,Patapatagook FZ・Silver,拍塔拍塔戈歐【ＦＺ】・銀
13171,Patapatagook HS・Silver,拍塔拍塔戈歐【ＨＳ】・銀
13172,Patapatagook GS・Silver,拍塔拍塔戈歐【ＧＳ】・銀
13173,Patapatagook GP・Silver,拍塔拍塔戈歐【ＧＰ】・銀
13174,Patapatagook ZP・Silver,拍塔拍塔戈歐【ＺＰ】・銀
13175,Patapatagook・Copper,拍塔拍塔戈歐
13176,Patapatagook F・Copper,拍塔拍塔戈歐【Ｆ】
13177,Patapatagook FZ・Copper,拍塔拍塔戈歐【ＦＺ】
13178,Patapatagook HS・Copper,拍塔拍塔戈歐【ＨＳ】
13179,Patapatagook GS・Copper,拍塔拍塔戈歐【ＧＳ】
13180,Patapatagook GP・Copper,拍塔拍塔戈歐【ＧＰ】
13181,Patapatagook ZP・Copper,拍塔拍塔戈歐【ＺＰ】
13182,Patapatagook ZP・White,拍塔拍塔戈歐【ＺＰ】・白
13183,Patapatagook ZP・Red,拍塔拍塔戈歐【ＺＰ】・赤
13184,Patapatagook ZP・Ash,拍塔拍塔戈歐【ＺＰ】
13185,Nerishoku Greaves D,証明球哈歐里Ｄ護腿
13186,Gravios ZD Greaves,鎧龍護腿
13187,Gravios ZD Leggings,鎧龍裹腿
13188,Baruragaru ZD Greaves,巴魯拉加魯茲德護腿
13189,Baruragaru ZD Leggings,巴魯拉加魯茲德裹腿
13190,Rabius D Feet,拉比烏斯德夫
13191,Rocras D Feet,羅克拉斯德夫
13192,Alisys D Feet,阿里斯伊斯德
13193,Loli D Feet,洛里德夫伊特
13194,Recolis D Feet,雷克歐里斯德
13195,Rapin D Greaves,爾阿普伊恩Ｄ護腿
13196,Rapin C Greaves,爾阿普伊恩Ｃ護腿
13197,Kireek D Feet,基雷艾克德夫
13198,Quna D Feet,奎納德夫伊特
13199,Dista D Feet,迪斯塔德夫伊
13200,Ionia D Feet,伊歐尼阿德夫
13201,Guridi D Greaves,古里迪Ｄ護腿
13202,Shifunyi D Feet,修伊夫恩伊伊
13203,Rappy D Boots,吼牙血Ｄ靴
13204,Bita D Greaves,比塔Ｄ護腿
13205,Koreputo D Greaves,科雷普托Ｄ護腿
13206,Secuti D Feet・Black,塞克烏提德夫・黑
13207,Secuti D Feet・Blue,塞克烏提德夫・青
13208,Secuti D Feet・Red,塞克烏提德夫・赤
13209,Secuti D Feet・White,塞克烏提德夫・白
13210,Rockman D Boots,爾歐克克姆阿恩Ｄ靴
13211,Issen D [Greaves 】・Red,伊斯塞恩德護腿・赤
13212,蜂針D [Greaves 】・Orange,蜂針護腿・橙
13213,Patapatagook C・Rainbow,拍塔拍塔戈歐
13214,Patapatagook D・Gold,拍塔拍塔戈歐・金
13215,Patapatagook D・Silver,拍塔拍塔戈歐・銀
13216,Patapatagook D・Copper,拍塔拍塔戈歐
13217,Patapatagook D・White,拍塔拍塔戈歐・白
13218,Patapatagook D・Ash,拍塔拍塔戈歐
13219,Patapatagook D・Red,拍塔拍塔戈歐・赤
13220,Shanru Z Greaves,浪紫黑護腿【Ｚ】
13221,Shanru ZF Greaves,浪紫黑護腿【ＺＦ】
13222,Shanru ZY Greaves,浪紫黑護腿【ＺＹ】
13223,Shanru ZX Greaves,浪紫黑護腿【ＺＸ】
13224,Shanru Z Leggings,浪紫黑裹腿【Ｚ】
13225,Shanru ZF Leggings,浪紫黑裹腿【ＺＦ】
13226,Shanru ZY Leggings,浪紫黑裹腿【ＺＹ】
13227,Shanru ZX Leggings,浪紫黑裹腿【ＺＸ】
13228,Fanru Z Greaves,觸媒研護腿【Ｚ】
13229,Fanru ZF Greaves,觸媒研護腿【ＺＦ】
13230,Fanru ZY Greaves,觸媒研護腿【ＺＹ】
13231,Fanru ZX Greaves,觸媒研護腿【ＺＸ】
13232,Fanru Z Leggings,觸媒研裹腿【Ｚ】
13233,Fanru ZF Leggings,觸媒研裹腿【ＺＦ】
13234,Fanru ZY Leggings,觸媒研裹腿【ＺＹ】
13235,Fanru ZX Leggings,觸媒研裹腿【ＺＸ】
13236,Rengoku Greaves Z,雷恩戈庫護腿【Ｚ】
13237,Rengoku Greaves ZF,雷恩戈庫護腿【ＺＦ】
13238,Rengoku Greaves ZY,雷恩戈庫護腿【ＺＹ】
13239,Rengoku Greaves ZX,雷恩戈庫護腿【ＺＸ】
13240,Rengoku Leggings Z,雷恩戈庫裹腿【Ｚ】
13241,Rengoku Leggings ZF,雷恩戈庫裹腿【ＺＦ】
13242,Rengoku Leggings ZY,雷恩戈庫裹腿【ＺＹ】
13243,Rengoku Leggings ZX,雷恩戈庫裹腿【ＺＸ】
13244,Nerigeki Greaves Z,涅里蓋基護腿【Ｚ】
13245,Nerigeki Greaves ZF,涅里蓋基護腿【ＺＦ】
13246,Nerigeki Greaves ZY,涅里蓋基護腿【ＺＹ】
13247,Nerigeki Greaves ZX,涅里蓋基護腿【ＺＸ】
13248,Nerigeki Leggings Z,涅里蓋基裹腿【Ｚ】
13249,Nerigeki Leggings ZF,涅里蓋基裹腿【ＺＦ】
13250,Nerigeki Leggings ZY,涅里蓋基裹腿【ＺＹ】
13251,Nerigeki Leggings ZX,涅里蓋基裹腿【ＺＸ】
13252,Zamuza Z Greaves,多殼蟹護腿【Ｚ】
13253,Zamuza ZF Greaves,多殼蟹護腿【ＺＦ】
13254,Zamuza ZY Greaves,多殼蟹護腿【ＺＹ】
13255,Zamuza ZX Greaves,多殼蟹護腿【ＺＸ】
13256,Zamuza Z Leggings,多殼蟹裹腿【Ｚ】
13257,Zamuza ZF Leggings,多殼蟹裹腿【ＺＦ】
13258,Zamuza ZY Leggings,多殼蟹裹腿【ＺＹ】
13259,Zamuza ZX Leggings,多殼蟹裹腿【ＺＸ】
13260,Harudo Z Greaves,司銀龍護腿【Ｚ】
13261,Harudo ZF Greaves,司銀龍護腿【ＺＦ】
13262,Harudo ZY Greaves,司銀龍護腿【ＺＹ】
13263,Harudo ZX Greaves,司銀龍護腿【ＺＸ】
13264,Harudo Z Leggings,司銀龍裹腿【Ｚ】
13265,Harudo ZF Leggings,司銀龍裹腿【ＺＦ】
13266,Harudo ZY Leggings,司銀龍裹腿【ＺＹ】
13267,Harudo ZX Leggings,司銀龍裹腿【ＺＸ】
13268,Elysi G Greaves,初音未護腿【Ｇ】
13269,Elysi GF Greaves,初音未護腿【ＧＦ】
13270,Elysi GX Greaves,初音未護腿【ＧＸ】
13271,Elysi G Leggings,初音未裹腿【Ｇ】
13272,Elysi GF Leggings,初音未裹腿【ＧＦ】
13273,Elysi GX Leggings,初音未裹腿【ＧＸ】
13274,Myunru Z Greaves,姆伊烏恩爾烏護腿【Ｚ】
13275,Myunru ZF Greaves,姆伊烏恩爾烏護腿【ＺＦ】
13276,Myunru ZY Greaves,姆伊烏恩爾烏護腿【ＺＹ】
13277,Myunru ZX Greaves,姆伊烏恩爾烏護腿【ＺＸ】
13278,Myunru Z Leggings,姆伊烏恩爾烏裹腿【Ｚ】
13279,Myunru ZF Leggings,姆伊烏恩爾烏裹腿【ＺＦ】
13280,Myunru ZY Leggings,姆伊烏恩爾烏裹腿【ＺＹ】
13281,Myunru ZX Leggings,姆伊烏恩爾烏裹腿【ＺＸ】
13282,Kinkou Feet,基恩科烏夫伊
13283,Kinkou F Feet,基恩科烏夫伊【Ｆ】
13284,Kinkou FZ Feet,基恩科烏夫伊【ＦＺ】
13285,Kinkou HS Feet,基恩科烏夫伊【ＨＳ】
13286,Kinkou GS Feet,基恩科烏夫伊【ＧＳ】
13287,Kinkou GP Feet,基恩科烏夫伊【ＧＰ】
13288,Kinkou ZP Feet,基恩科烏夫伊【ＺＰ】
13289,Kinkou Boots,基恩科烏靴
13290,Kinkou F Boots,基恩科烏靴【Ｆ】
13291,Kinkou FZ Boots,基恩科烏靴【ＦＺ】
13292,Kinkou HS Boots,基恩科烏靴【ＨＳ】
13293,Kinkou GS Boots,基恩科烏靴【ＧＳ】
13294,Kinkou GP Boots,基恩科烏靴【ＧＰ】
13295,Kinkou ZP Boots,基恩科烏靴【ＺＰ】
13296,Anbu Feet,阿恩布夫伊特
13297,Anbu F Feet,阿恩布夫伊特【Ｆ】
13298,Anbu FZ Feet,阿恩布夫伊特【ＦＺ】
13299,Anbu HS Feet,阿恩布夫伊特【ＨＳ】
13300,Anbu GS Feet,阿恩布夫伊特【ＧＳ】
13301,Anbu GP Feet,阿恩布夫伊特【ＧＰ】
13302,Anbu ZP Feet,阿恩布夫伊特【ＺＰ】
13303,Anbu Boots,阿恩布靴
13304,Anbu F Boots,阿恩布靴【Ｆ】
13305,Anbu FZ Boots,阿恩布靴【ＦＺ】
13306,Anbu HS Boots,阿恩布靴【ＨＳ】
13307,Anbu GS Boots,阿恩布靴【ＧＳ】
13308,Anbu GP Boots,阿恩布靴【ＧＰ】
13309,Anbu ZP Boots,阿恩布靴【ＺＰ】
13310,Arbiter GS Sabaton,阿爾比特爾薩【ＧＳ】
13311,Arbiter GP Sabaton,阿爾比特爾薩【ＧＰ】
13312,Arbiter ZP Sabaton,阿爾比特爾薩【ＺＰ】
13313,Arbiter GS Leggings,大劍紫黑鍵裹腿【ＧＳ】
13314,Arbiter GP Leggings,大劍紫黑鍵裹腿【ＧＰ】
13315,Arbiter ZP Leggings,大劍紫黑鍵裹腿【ＺＰ】
13316,Fine Feet,夫伊涅夫伊特
13317,Fine F Feet,夫伊涅夫伊特【Ｆ】
13318,Fine FZ Feet,夫伊涅夫伊特【ＦＺ】
13319,Fine HS Feet,夫伊涅夫伊特【ＨＳ】
13320,Fine GS Feet,夫伊涅夫伊特【ＧＳ】
13321,Fine GP Feet,夫伊涅夫伊特【ＧＰ】
13322,Fine ZP Feet,夫伊涅夫伊特【ＺＰ】
13323,Fine Boots,精靴
13324,Fine F Boots,精靴【Ｆ】
13325,Fine FZ Boots,精靴【ＦＺ】
13326,Fine HS Boots,精靴【ＨＳ】
13327,Fine GS Boots,精靴【ＧＳ】
13328,Fine GP Boots,精靴【ＧＰ】
13329,Fine ZP Boots,精靴【ＺＰ】
13330,Kotona Feet,科托納夫伊特
13331,Kotona F Feet,科托納夫伊特【Ｆ】
13332,Kotona FZ Feet,科托納夫伊特【ＦＺ】
13333,Kotona HS Feet,科托納夫伊特【ＨＳ】
13334,Kotona GS Feet,科托納夫伊特【ＧＳ】
13335,Kotona GP Feet,科托納夫伊特【ＧＰ】
13336,Kotona ZP Feet,科托納夫伊特【ＺＰ】
13337,Kotona Boots,科托納靴
13338,Kotona F Boots,科托納靴【Ｆ】
13339,Kotona FZ Boots,科托納靴【ＦＺ】
13340,Kotona HS Boots,科托納靴【ＨＳ】
13341,Kotona GS Boots,科托納靴【ＧＳ】
13342,Kotona GP Boots,科托納靴【ＧＰ】
13343,Kotona ZP Boots,科托納靴【ＺＰ】
13344,Finis Feet,夫伊尼斯夫伊
13345,Finis F Feet,夫伊尼斯夫伊【Ｆ】
13346,Finis FZ Feet,夫伊尼斯夫伊【ＦＺ】
13347,Finis HS Feet,夫伊尼斯夫伊【ＨＳ】
13348,Finis GS Feet,夫伊尼斯夫伊【ＧＳ】
13349,Finis GP Feet,夫伊尼斯夫伊【ＧＰ】
13350,Finis ZP Feet,夫伊尼斯夫伊【ＺＰ】
13351,Finis Boots,夫伊尼斯靴
13352,Finis F Boots,夫伊尼斯靴【Ｆ】
13353,Finis FZ Boots,夫伊尼斯靴【ＦＺ】
13354,Finis HS Boots,夫伊尼斯靴【ＨＳ】
13355,Finis GS Boots,夫伊尼斯靴【ＧＳ】
13356,Finis GP Boots,夫伊尼斯靴【ＧＰ】
13357,Finis ZP Boots,夫伊尼斯靴【ＺＰ】
13358,Firl Feet,夫伊爾爾夫伊
13359,Firl F Feet,夫伊爾爾夫伊【Ｆ】
13360,Firl FZ Feet,夫伊爾爾夫伊【ＦＺ】
13361,Firl HS Feet,夫伊爾爾夫伊【ＨＳ】
13362,Firl GS Feet,夫伊爾爾夫伊【ＧＳ】
13363,Firl GP Feet,夫伊爾爾夫伊【ＧＰ】
13364,Firl ZP Feet,夫伊爾爾夫伊【ＺＰ】
13365,Firl Boots,夫伊爾爾靴
13366,Firl F Boots,夫伊爾爾靴【Ｆ】
13367,Firl FZ Boots,夫伊爾爾靴【ＦＺ】
13368,Firl HS Boots,夫伊爾爾靴【ＨＳ】
13369,Firl GS Boots,夫伊爾爾靴【ＧＳ】
13370,Firl GP Boots,夫伊爾爾靴【ＧＰ】
13371,Firl ZP Boots,夫伊爾爾靴【ＺＰ】
13372,Ryoso Legs,凌素腿甲
13373,Ryoso Legs F,凌素腿甲【Ｆ】
13374,Ryoso Legs FZ,凌素腿甲【ＦＺ】
13375,Ryoso Legs HS,凌素腿甲【ＨＳ】
13376,Ryoso Legs GS,凌素腿甲【ＧＳ】
13377,Ryoso Legs GP,凌素腿甲【ＧＰ】
13378,Ryoso Legs ZP,凌素腿甲【ＺＰ】
13379,Ryoso Greaves,凌素護腿
13380,Ryoso Greaves F,凌素護腿【Ｆ】
13381,Ryoso Greaves FZ,凌素護腿【ＦＺ】
13382,Ryoso Greaves HS,凌素護腿【ＨＳ】
13383,Ryoso Greaves GS,凌素護腿【ＧＳ】
13384,Ryoso Greaves GP,凌素護腿【ＧＰ】
13385,Ryoso Greaves ZP,凌素護腿【ＺＰ】
13386,Gems Feet,蓋姆斯夫伊特
13387,Gems F Feet,蓋姆斯夫伊特【Ｆ】
13388,Gems FZ Feet,蓋姆斯夫伊特【ＦＺ】
13389,Gems HS Feet,蓋姆斯夫伊特【ＨＳ】
13390,Gems GS Feet,蓋姆斯夫伊特【ＧＳ】
13391,Gems GP Feet,蓋姆斯夫伊特【ＧＰ】
13392,Gems ZP Feet,蓋姆斯夫伊特【ＺＰ】
13393,Gems Boots,蓋姆斯靴
13394,Gems F Boots,蓋姆斯靴【Ｆ】
13395,Gems FZ Boots,蓋姆斯靴【ＦＺ】
13396,Gems HS Boots,蓋姆斯靴【ＨＳ】
13397,Gems GS Boots,蓋姆斯靴【ＧＳ】
13398,Gems GP Boots,蓋姆斯靴【ＧＰ】
13399,Gems ZP Boots,蓋姆斯靴【ＺＰ】
13400,Alisha Feet,阿里修阿夫伊
13401,Alisha F Feet,阿里修阿夫伊【Ｆ】
13402,Alisha FZ Feet,阿里修阿夫伊【ＦＺ】
13403,Alisha HS Feet,阿里修阿夫伊【ＨＳ】
13404,Alisha GS Feet,阿里修阿夫伊【ＧＳ】
13405,Alisha GP Feet,阿里修阿夫伊【ＧＰ】
13406,Alisha ZP Feet,阿里修阿夫伊【ＺＰ】
13407,Alisha Boots,阿爾伊夏靴
13408,Alisha F Boots,阿爾伊夏靴【Ｆ】
13409,Alisha FZ Boots,阿爾伊夏靴【ＦＺ】
13410,Alisha HS Boots,阿爾伊夏靴【ＨＳ】
13411,Alisha GS Boots,阿爾伊夏靴【ＧＳ】
13412,Alisha GP Boots,阿爾伊夏靴【ＧＰ】
13413,Alisha ZP Boots,阿爾伊夏靴【ＺＰ】
13414,Ricca Feet,里克克阿夫伊
13415,Ricca F Feet,里克克阿夫伊【Ｆ】
13416,Ricca FZ Feet,里克克阿夫伊【ＦＺ】
13417,Ricca HS Feet,里克克阿夫伊【ＨＳ】
13418,Ricca GS Feet,里克克阿夫伊【ＧＳ】
13419,Ricca GP Feet,里克克阿夫伊【ＧＰ】
13420,Ricca ZP Feet,里克克阿夫伊【ＺＰ】
13421,Ricca Boots,里克克阿靴
13422,Ricca F Boots,里克克阿靴【Ｆ】
13423,Ricca FZ Boots,里克克阿靴【ＦＺ】
13424,Ricca HS Boots,里克克阿靴【ＨＳ】
13425,Ricca GS Boots,里克克阿靴【ＧＳ】
13426,Ricca GP Boots,里克克阿靴【ＧＰ】
13427,Ricca ZP Boots,里克克阿靴【ＺＰ】
13428,Kelis Feet,凱里斯夫伊特
13429,Kelis F Feet,凱里斯夫伊特【Ｆ】
13430,Kelis FZ Feet,凱里斯夫伊特【ＦＺ】
13431,Kelis HS Feet,凱里斯夫伊特【ＨＳ】
13432,Kelis GS Feet,凱里斯夫伊特【ＧＳ】
13433,Kelis GP Feet,凱里斯夫伊特【ＧＰ】
13434,Kelis ZP Feet,凱里斯夫伊特【ＺＰ】
13435,Kelis Boots,凱爾伊斯靴
13436,Kelis F Boots,凱爾伊斯靴【Ｆ】
13437,Kelis FZ Boots,凱爾伊斯靴【ＦＺ】
13438,Kelis HS Boots,凱爾伊斯靴【ＨＳ】
13439,Kelis GS Boots,凱爾伊斯靴【ＧＳ】
13440,Kelis GP Boots,凱爾伊斯靴【ＧＰ】
13441,Kelis ZP Boots,凱爾伊斯靴【ＺＰ】
13442,Kinkou D Feet,基恩科烏德夫
13443,Anbu D Feet,阿恩布德夫伊
13444,Rengoku Greaves D,雷恩歐庫哈歐里Ｄ護腿
13445,Nerigeki Greaves D,涅里格奇哈歐里Ｄ護腿
13446,Shanru D Greaves,浪紫黑Ｄ護腿
13447,Fanru D Greaves,觸媒研Ｄ護腿
13448,Zamuza ZD Greaves,扎穆扎茲德護腿
13449,Zamuza ZD Leggings,扎穆扎茲德裹腿
13450,Harudo ZD Greaves,哈魯多茲德護腿
13451,Harudo ZD Leggings,哈魯多茲德裹腿
13452,Arbiter D Sabaton,阿爾比特爾德
13453,Elysi D Greaves,初音未Ｄ護腿
13454,Fine D Feet,夫伊涅德夫伊
13455,Kotona D Feet,科托納德夫伊
13456,Finis D Feet,夫伊尼斯德夫
13457,Firl D Feet,夫伊爾爾德夫
13458,Ryoso Legs D,凌素帽Ｄ腿甲
13459,Gems D Feet,蓋姆斯德夫伊
13460,Alisha D Feet,阿里修阿德夫
13461,Ricca D Feet,里克克阿德夫
13462,Kelis D Feet,凱里斯德夫伊
13463,Myunru D Greaves,姆伊烏恩爾烏Ｄ護腿
13464,Seiryu・Kensei D Feet,塞伊爾尤凱恩
13465,Seiryu・双龍D Feet,双龍
13466,Seiryu・剣王D Feet,剣王
13467,Seiryu・刀神D Feet,刀神
13468,Seiryu・Heaven 槍D Feet,槍
13469,Seiryu・砲皇D Feet,砲皇
13470,Seiryu・鈍器獣D Feet,鈍器獣
13471,Seiryu・奏帝D Feet,奏帝
13472,Seiryu・穿凰D Feet,穿凰
13473,Seiryu・斬将D Feet,斬将
13474,Seiryu・銃傑D Boots,瑟伊里烏・Ｄ面罩靴
13475,Seiryu・銃仙D Boots,瑟伊里烏・Ｄ面罩靴
13476,Seiryu・Bow 鬼D Boots,瑟伊里烏・弓Ｄ靴
13477,Seiryu・磁星D Feet,磁星
13478,K.Lobster Feet PD Black,克洛布斯特爾【ＰＤ】・黑
13479,K.Lobster Feet PD Green,克洛布斯特爾【ＰＤ】・緑
13480,K.Lobster Feet PD Blue,克洛布斯特爾【ＰＤ】・青
13481,K.Lobster Boots PD Black,克爾歐布斯特爾靴【ＰＤ】・黑
13482,K.Lobster Boots PD Green,克爾歐布斯特爾靴【ＰＤ】・緑
13483,K.Lobster Boots PD Blue,克爾歐布斯特爾靴【ＰＤ】・青
13484,Hypnoc Greaves PD Green,眠鳥護腿【ＰＤ】・緑
13485,Hypnoc Greaves PD Red,眠鳥護腿【ＰＤ】・赤
13486,Hypnoc Greaves PD Yellow,眠鳥護腿【ＰＤ】・黄
13487,Beru Greaves PD Black,舞雷龍護腿【ＰＤ】・黑
13488,Beru Greaves PD Red,舞雷龍護腿【ＰＤ】・赤
13489,Beru Greaves PD Purple,舞雷龍護腿【ＰＤ】・紫
13490,Beru Leggings PD Black,舞雷龍裹腿【ＰＤ】・黑
13491,Beru Leggings PD Red,舞雷龍裹腿【ＰＤ】・赤
13492,Beru Leggings PD Purple,舞雷龍裹腿【ＰＤ】・紫
13493,Black Belt Greaves PD White,黑腰帶護腿【ＰＤ】・黑・白
13494,Black Belt Greaves PD Black,黑腰帶護腿【ＰＤ】・黑
13495,Black Belt Greaves PD Blue,黑腰帶護腿【ＰＤ】・黑・青
13496,Apkallu Greaves PD White,阿普可魯護腿【ＰＤ】・白
13497,Apkallu Greaves PD Green,阿普可魯護腿【ＰＤ】・緑
13498,Apkallu Greaves PD Yellow,阿普可魯護腿【ＰＤ】・黄
13499,Ruko Feet PD White,魯科夫伊特【ＰＤ】・白
13500,Ruko Feet PD Blue,魯科夫伊特【ＰＤ】・青
13501,Ruko Feet PD Red,魯科夫伊特【ＰＤ】・赤
13502,Ruko Legs PD White,魯科腿甲【ＰＤ】・白
13503,Ruko Legs PD Blue,魯科腿甲【ＰＤ】・青
13504,Ruko Legs PD Red,魯科腿甲【ＰＤ】・赤
13505,Comrade Boots PD White Red,戰友靴【ＰＤ】・白・赤
13506,Comrade Boots PD White Blue,戰友靴【ＰＤ】・白・青
13507,Comrade Boots PD White Yellow,戰友靴【ＰＤ】・白・黄
13508,Otono D Greaves,抑制螺腕護腿
13509,忍の Tabi・空D,忍之籠手・空
13510,忍の Tabi・海D,忍之籠手・海
13511,Shadow Tabi・D,修阿多烏塔比
13512,Shade Tabi・D,修阿德塔比德
13513,Hope D Greaves,望Ｄ護腿
