index,source,target
0,－－－－－－,－－－－－－
1,Book of Combos 1,調合書①
2,Book of Combos 2,調合書②
3,Book of Combos 3,調合書③
4,Book of Combos 4,調合書④
5,Book of Combos 5,調合書⑤
6,Alchemy Guide,煉金術指南
7,Potion,回復藥
8,Mega Potion,回復藥．大
9,Nutrients,營養劑
10,Mega Nutrients,營養劑．大
11,Antidote,解毒藥
12,Immunizer,免疫藥
13,Dash Juice,強走藥
14,Mega Dash Juice,強走藥．大
15,Demondrug,鬼人藥
16,Mega Demondrug,鬼人藥．大
17,Might Pill,怪力藥丸
18,Armorskin,硬化藥
19,Mega Armorskin,硬化藥．大
20,Adamant Pill,忍耐藥丸
21,Cool Drink,冷飲
22,Hot Drink,熱飲
23,Psychoserum,千里眼藥
24,Monster Fluid,魔物體液
25,Monster Broth,魔物濃汁
26,Herbal Medicine,漢方藥
27,Max Potion,萬能藥
28,Ancient Potion,秘藥
29,Catalyst,催化劑
30,Energy Drink,能量飲料
31,(dummy),(dummy)
32,Gunpowder,火藥
33,Lifecrystals,生命結晶
34,Lifepowder,生命粉塵
35,Powercharm,力量護符
36,Powertalon,力量之爪
37,Armorcharm,守護護符
38,Armortalon,守護之爪
39,Tranquilizer,鎮定劑
40,Raw Meat,生肉
41,Oiled Meat,塗油肉
42,Spiced Meat,辣味肉
43,Glazed meat,蜜汁肉
44,Poisoned Meat,毒肉
45,Tinged Meat,麻痺肉
46,Drugged Meat,睡眠肉
47,Rare Steak,半熟肉
48,Well-done Steak,熟肉
49,Gourmet Steak,美食牛排
50,Burnt Meat,燒焦肉
51,Hot Meat,熱肉
52,Hot Meat+,熱肉＋
53,Chilled Meat,冷肉
54,Chilled Meat+,冷肉＋
55,Antidote Meat,解毒肉
56,Antidote Meat+,解毒肉＋
57,Rare Fish,半熟魚
58,Well Done Fish,熟魚
59,Well Done Fish Dos,熟魚．改
60,Gourmet Fish,美食魚
61,Gourmet Fish Dos,美食魚．改
62,Burnt Fish,燒焦魚
63,(dummy),(dummy)
64,Boomerang,回力標
65,Throwing Knife,投擲刀
66,Poison Knife,毒投擲刀
67,Sleep Knife,睡眠投擲刀
68,Paralysis Knife,麻痺投擲刀
69,Tranq Knife,捕獲用麻醉刀
70,Bomb Casing,爆彈殼
71,Paintball,塗料球
72,Flash Bomb,閃光彈
73,Sonic Bomb,音爆彈
74,Dung,糞
75,Dung Bomb,糞彈
76,Smoke Bomb,煙霧彈
77,Poison Smoke Bomb,毒煙彈
78,Farcaster,回歸彈
79,Deodorant,消臭彈
80,Tranq Bomb,捕獲用麻醉球
81,Spiderweb,蜘蛛網
82,Net,網
83,Trap Tool,陷罠工具
84,Pitfall Trap,落穴罠
85,Shock Trap,麻痺罠
86,Lightning Rod,避雷針
87,(dummy),(dummy)
88,Barrel Lid,桶蓋
89,Small Barrel,小桶
90,Large Barrel,大桶
91,Barrel Bomb S,小桶爆彈
92,Barrel Bomb S+,小桶爆彈＋
93,Barrel Bomb L,大桶爆彈
94,Barrel Bomb L+,大桶爆彈＋
95,Bounce Bomb,跳躍爆彈
96,Bounce Bomb+,跳躍爆彈＋
97,Anti-Dragon Bomb,對龍爆彈
98,Event Bomb,活動爆彈
99,Huskberry,空殼果實
100,Bone Husk S,骨製彈殼．小
101,Bone Husk L,骨製彈殼．大
102,Normal S LV1,通常彈LV1
103,Normal S LV2,通常彈LV2
104,Normal S LV3,通常彈LV3
105,Pierce S LV1,貫通彈LV1
106,Pierce S LV2,貫通彈LV2
107,Pierce S LV3,貫通彈LV3
108,Pellet S Lv1,散彈LV1
109,Pellet S Lv2,散彈LV2
110,Pellet S Lv3,散彈LV3
111,Crag S Lv1,徹甲榴彈LV1
112,Crag S Lv2,徹甲榴彈LV2
113,Crag S Lv3,徹甲榴彈LV3
114,Clust S Lv1,擴散彈LV1
115,Clust S Lv2,擴散彈LV2
116,Clust S Lv3,擴散彈LV3
117,Flaming S,火炎彈
118,Water S,水冷彈
119,Thunder S,電撃彈
120,Freeze S,冰結彈
121,Dragon S,滅龍彈
122,Recover S Lv1,回復彈LV1
123,Recover S Lv2,回復彈LV2
124,Poison S Lv1,毒彈LV1
125,Poison S Lv2,毒彈LV2
126,Para S Lv1,麻痺彈LV1
127,Para S Lv2,麻痺彈LV2
128,Sleep S Lv1,睡眠彈LV1
129,Sleep S Lv2,睡眠彈LV2
130,Tranq S,捕獲麻醉彈
131,Paint S,塗料彈
132,Demon S,鬼人彈
133,Armor S,硬化彈
134,(dummy),(dummy)
135,No Coating,無瓶
136,Empty Bottle,空瓶
137,Power Coating,強撃瓶
138,Poison Coating,毒瓶
139,Para Coating,麻痺瓶
140,Sleep Coating,睡眠瓶
141,(dummy),(dummy)
142,Cricket,蟋蟀
143,Worm,蚯蚓
144,Firefly,螢火蟲
145,Frog,青蛙
146,Tuna Bait,鮪魚餌
147,Arowana Bait,龍魚餌
148,Goldenfish Bait,黄金魚餌
149,Mega Fishing Fly,釣蠅．大
150,Old Pickaxe,舊十字鎬
151,Iron Pickaxe,鐵十字鎬
152,Mega Pickaxe,十字鎬．大
153,Old Bugnet,舊捕蟲網
154,Bugnet,捕蟲網
155,Mega Bugnet,捕蟲網．大
156,BBQ Spit,燒肉套組
157,Quick BBQ Spit,攜帶燒肉套組
158,Male BBQ Spit,男性燒肉套組
159,Female BBQ Spit,女性燒肉套組
160,Felyne BBQ Spit,艾路猫燒肉套組
161,Universal BBQ Kit,萬能燒肉套件
162,Universal BBQ Set,萬能燒肉套組
163,Meat BBQ,燒肉
164,Meat BBQ,燒肉
165,Meat BBQ,燒肉
166,Meat BBQ,燒肉
167,Meat BBQ,燒肉
168,Fish BBQ,燒魚
169,Fish BBQ,燒魚
170,(dummy),(dummy)
171,(dummy),(dummy)
172,Whetstone,砥石
173,Binoculars,望遠鏡
174,Garbage,雜物
175,Flute,笛
176,Health Flute,回復笛
177,Antidote Flute,解毒笛
178,Demon Flute,鬼人笛
179,Armor Flute,硬化笛
180,Honey,蜂蜜
181,Day Herb,日輪草
182,Sunset Herb,夕陽草
183,Herb,藥草
184,Antidote Herb,解毒草
185,Fire Herb,火藥草
186,Ivy,常春藤葉
187,Sleep Herb,睡眠草
188,Sap Plant,粘著草
189,Felvine,木天蓼
190,Gloamgrass Root,薄暮草．根
191,Gloamgrass Bud,薄暮草．花
192,Hot Pepper,辣椒
193,Unique Mushroom,特選菇
194,Choice Mushroom,嚴選菇
195,Ripe Mushroom,完熟菇
196,Blue Mushroom,藍菇
197,Nitroshroom,硝化菇
198,Parashroom,麻痺菇
199,Toadstool,毒菇
200,Exciteshroom,興奮菇
201,Dragon Toadstool,龍毒菇
202,Spicy Mushroom,辛香菇
203,Deadly Mushroom,劇毒菇
204,Rainbow Dandelion,彩虹蒲公英
205,Paintberry,塗料果實
206,Might Seed,力量種子
207,Adamant Seed,忍耐種子
208,Dragonfell Berry,滅龍果實
209,Scatternut,散彈堅果
210,Needleberry,針果實
211,Bomberry,擴散果實
212,Broken Shell,破損的甲殼
213,Black Pearl,黑珍珠
214,Sunstone,太陽石
215,Stone,石頭
216,Iron Ore,鐵礦石
217,Earth Crystal,大地結晶
218,Machalite Ore,燕雀石
219,Dragonite Ore,輝龍石
220,Carbalite Ore,靈鶴石
221,Union Ore,白鳩石
222,Firestone,紅蓮石
223,(dummy),(dummy)
224,Coal,石炭
225,Lightcrystal,光水晶
226,Novacrystal,新星水晶
227,Antiseptic Stone,消毒石
228,Ice Crystal,冰結晶
229,(dummy),(dummy)
230,Dosbiscus,多斯芙蓉
231,Ale Nuts,麥酒堅果
232,Amber Ore,琥珀礦石
233,Secret Pouch,秘密袋
234,Knife Mackerel,利刃鯖魚
235,Sushifish,刺身魚
236,Sleepyfish,眠魚
237,Pin Tuna,針鮪魚
238,Rumblefish,彈跳沙丁魚
239,Scatterfish,擴散沙丁魚
240,Burst Arowana,爆裂龍魚
241,Bomb Arowana,爆彈龍魚
242,Lg Knife Mackarel,利刃鯖魚．大
243,Lg Sleepy Fish,眠魚．大
244,Lg Pin Tuna,針鮪魚．大
245,Lg Burst Arowana,爆裂龍魚．大
246,Lg Bomb Arowana,爆彈龍魚．大
247,Glutton Tuna,貪吃鮪魚
248,Gastronome Tuna,美食鮪魚
249,Goldenfish,黄金魚
250,Speartuna,旗魚
251,Small Goldenfish,小黄金魚
252,Silverfish,銀魚
253,Ancient Fish,古代魚
254,Queen Shrimp,女王蝦
255,Insect Husk,昆蟲殼
256,Yambug,山芋蟲
257,Stinkhopper,臭飛蝗
258,Snakebee Larva,土蜂幼蟲
259,Godbug,光蟲
260,Bitterbug,苦蟲
261,Flashbug,閃光蟲
262,Thunderbug,雷光蟲
263,King Scarab,王者甲蟲
264,Gluehopper,粘著飛蝗
265,(dummy),(dummy)
266,Killer Beetle,殺手鍬形蟲
267,Rare Scarab,稀有甲蟲
268,Royal Rhino,皇家獨角仙
269,Green Onion,青葱
270,Sliced Cactus,仙人掌切片
271,Rare Onion,特選葱
272,Fatty Tomato,肥美番茄
273,Demon Mushroom,鬼菇
274,Warwheat,戰鬥小麥
275,Mixed Beans,綜合豆
276,Stubborn Pan,頑固面包
277,Silver Cordgrass,銀茅草
278,Ancient Beans,古代豆
279,White Liver,白肝
280,Popo Tongue,波波舌
281,Pickled Khezu Whlp,奇怪龍幼體漬物
282,Remobra Shank,翼蛇龍腿肉
283,Dragon Tail,龍尾
284,Songfish,歌魚
285,Snake Salmon,蛇鮭魚
286,Rice Bug,米蟲
287,Spice Worm,香料蟲
288,Honey Dragonfly,蜂蜜蜻蛉
289,Hercudrome,力士甲蟲
290,Red Oil,紅油
291,Power Lard,力量豬油
292,Lifejam,生命果醤
293,Dry Margarine,乾燥瑪琪琳
294,Maengwoo Butter,猛牛乳油
295,Royal Cheese,皇家起司
296,Hopi Brew,霍皮酒
297,Blessed Wine,祝福葡萄酒
298,Golden Ale,黄金麥酒
299,Monster Egg,魔物蛋
300,Poogie Crackers,波奇餅乾
301,(dummy),(dummy)
302,Screamer,鳴袋
303,Poison Sac,毒袋
304,Paralysis Sac,麻痺袋
305,(dummy),(dummy)
306,Sleep Sac,睡眠袋
307,(dummy),(dummy)
308,Flame Sac,火炎袋
309,Electro Sac,電撃袋
310,Dash Extract,強走精華
311,Pale Extract,蒼白精華
312,Sm Monster Bone,魔物骨．小
313,Med Monster Bone,魔物骨．中
314,Lg Monster Bone,魔物骨．大
315,Monster Hardbone,堅龍骨
316,Elder Dragon Bone,古龍骨
317,Mystery Bone,謎之骨
318,Unknown Skull,未知的頭骨
319,Master's Skull,大師的頭骨
320,Bone,骨頭
321,Jumbo Bone,巨大的骨
322,Wyvern Fang,龍牙
323,Wyvern Claw,龍爪
324,Wyvern Gem,龍玉
325,Wyvern Tears,龍之涙
326,Territorial Dung,地盤糞
327,Crab Pearl,蟹珍珠
328,Dragon Treasure,龍之秘寶
329,Decayed Drgn Scl,腐敗的龍鱗
330,Crystalized Scale,結晶化的鱗
331,Mosswine Hide,菌豬的皮
332,Mosswine Head,菌豬的頭
333,Bullfango Pelt,野豬的皮
334,Bullfango Head,野豬的頭
335,Bulldrome Hide,大野豬的皮
336,Bulldrome Hide+,大野豬的皮＋
337,Kelbi Horn,精靈鹿的角
338,Kelbi Hide,精靈鹿的皮
339,Anteka Pelt,雪鹿的皮
340,Anteka Antlers,雪鹿的角
341,Velociprey Fang,藍速龍的牙
342,Velociprey Scale,藍速龍的鱗
343,Velociprey Scale+,藍速龍的上鱗
344,Velociprey Hide,藍速龍的皮
345,Velocidrome Hide,藍速龍王的皮
346,Velocidrome Claw,藍速龍王的爪
347,Velocidrome Claw+,藍速龍王的尖爪
348,Velocidrome Head,藍速龍王的頭
349,Giaprey Scale,白速龍的鱗
350,Giaprey Hide,白速龍的皮
351,Genprey Fang,黄速龍的牙
352,Genprey Scale,黄速龍的鱗
353,Genprey Scale+,黄速龍的上鱗
354,Genprey Hide,黄速龍的皮
355,Gendrome Hide,黄速龍王的皮
356,Gendrome Skull,黄速龍王的頭骨
357,Ioprey Fang,紅速龍的牙
358,Ioprey Scale,紅速龍的鱗
359,Ioprey Scale+,紅速龍的上鱗
360,Ioprey Hide,紅速龍的皮
361,Iodrome Hide,紅速龍王的皮
362,Iodrome Skull,紅速龍王的頭骨
363,Kut-Ku Scale,怪鳥的鱗
364,Kut-Ku Shell,怪鳥的甲殼
365,Kut-Ku Carapace,怪鳥的堅殼
366,Kut-Ku Ear,怪鳥的耳
367,Long Kut-Ku Ear,怪鳥的長耳
368,Giant Beak,巨大的喙
369,Splendid Beak,華麗的喙
370,Kut-Ku Webbing,怪鳥的翼膜
371,B.Kut-Ku Scale,青怪鳥的鱗
372,B.Kut-Ku Shell,青怪鳥的甲殼
373,B.Kut-Ku Carapace,青怪鳥的堅殼
374,Rubbery Hide,橡膠質的皮
375,Rubbery Hide+,橡膠質的皮＋
376,Gypceros Head,毒怪鳥的頭
377,P.Rubbery Hide,紫橡膠質的皮
378,P.Gypceros Wing,紫毒鳥的翼
379,Piscine Liver,魚龍的肝
380,Piscine Fang,魚龍的牙
381,Plesioth Scale,水龍的鱗
382,Plesioth Scale+,水龍的上鱗
383,Plesioth Fin,水龍的鰭
384,G.Plesioth Scale,翠水龍的鱗
385,G.Plesioth Fin,翠水龍的鰭
386,Cephalos Scale,砂龍的鱗
387,Cephalos Scale+,砂龍的上鱗
388,Cephalos Fin,砂龍的鰭
389,Cephalos Fin+,砂龍的上鰭
390,Coral Cphlos Scl,砂龍的珊瑚鱗
391,Coral Cphlos Fin,砂龍的珊瑚鰭
392,Rathian Scale,雌火龍的鱗
393,Rathian Scale+,雌火龍的上鱗
394,Rathian Plate,雌火龍的逆鱗
395,Rathian Ruby,雌火龍的寶玉
396,Rathian Shell,雌火龍的甲殼
397,Rathian Carapace,雌火龍的堅殼
398,Rathian Spike,雌火龍的棘
399,Rathian Spike+,雌火龍的上棘
400,P.Rathian Scale,櫻火龍的鱗
401,P.Rathian Scale+,櫻火龍的上鱗
402,P.Rathian Shell,櫻火龍的甲殼
403,P.Rathian Carpace,櫻火龍的堅殼
404,G.Rathian Scale+,金火龍的上鱗
405,G.Rathian Carpace,金火龍的堅殼
406,Fire Wyvern Claw,火龍的爪
407,Fire Wyvern Marrw,火龍的骨髓
408,Rathalos Scale,雄火龍的鱗
409,Rathalos Scale+,雄火龍的上鱗
410,Rathalos Plate,雄火龍的逆鱗
411,Rathalos Ruby,雄火龍的寶玉
412,Rathalos Shell,雄火龍的甲殼
413,Rathalos Carpace,雄火龍的堅殼
414,Rathalos Tail,雄火龍的尾巴
415,Rathalos Webbing,雄火龍的翼膜
416,Rathalos Wing,雄火龍的翼
417,A.Rathalos Scale,蒼火龍的鱗
418,A.Rathalos Scale+,蒼火龍的上鱗
419,A.Rathalos Shell,蒼火龍的甲殼
420,A.Rathalos Cpc,蒼火龍的堅殼
421,A.Rathalos Tail,蒼火龍的尾巴
422,A.Rathalos Wing,蒼火龍的翼
423,S.Rathalos Scale+,銀火龍的上鱗
424,S.Rathalos Cpc,銀火龍的堅殼
425,S.Rathalos Tail,銀火龍的尾巴
426,S.Rath Webbing,銀火龍的翼膜
427,S.Rathalos Wing,銀火龍的翼
428,Flabby Hide,柔軟的皮
429,Khezu Pearl Hide,珍珠色的柔皮
430,Pale Bone,蒼白的骨
431,Pale Khezu Steak,蒼白奇怪龍牛排
432,Alluring Hide,魅惑色的皮
433,Alluring Webbing,魅惑色的翼膜
434,Basarios Shell,岩龍的甲殼
435,Basarios Carapace,岩龍的堅殼
436,Basarios Wing,岩龍的翼
437,Gravios Marrow,鎧龍的骨髓
438,Gravios Shell,鎧龍的甲殼
439,Gravios Carapace,鎧龍的堅殼
440,Gravios Scalp,鎧龍的頭殼
441,B.Gravios Shell,黑鎧龍的甲殼
442,B.Gravios Carpace,黑鎧龍的堅殼
443,B.Gravios Skull,黑鎧龍的頭殼
444,Twisted Horn,螺旋的角
445,Majestic Horn,上等螺旋角
446,Diablos Shell,角龍的甲殼
447,Diablos Carapace,角龍的堅殼
448,Diablos Spine,角龍的背甲
449,Diablos Ridge,角龍的堅甲
450,Diablos Tail,角龍的尾巴
451,Diablos Fang,角龍的牙
452,Black Spiral Horn,黑螺旋角
453,B.Diablos Shell,黑角龍的甲殼
454,B.Diablos Spine,黑角龍的背甲
455,B.Diablos Tail,黑角龍的尾巴
456,B.Diablos Carpace,黑角龍的堅殼
457,Vespoid Abdomen,巨蜂的腹袋
458,Vespoid Shell,巨蜂的甲殼
459,Vespoid Carapace,巨蜂的堅殼
460,Vespoid Wing,巨蜂的翼
461,Vespoid InnerWing,巨蜂的薄羽
462,Hornetaur Shell,巨甲蟲的甲殼
463,Hornetaur Head,巨甲蟲的頭
464,Hornetaur Wing,巨甲蟲的翼
465,HornetaurInnrWng,巨甲蟲的薄羽
466,Small LobsterShl,小龍蝦的殼
467,Large LobsterShl,大龍蝦的殼
468,Great LobsterShl,上等龍蝦的殼
469,Giant LobsterShl,巨大龍蝦的殼
470,Blood Red Horn,血紅之角
471,Monoblos Shell,一角龍的甲殼
472,Monoblos Spine,一角龍的背甲
473,Monoblos Heart,一角龍的心臟
474,W.Monoblos Horn,白一角龍的角
475,W.Monoblos Shell,白一角龍的甲殼
476,W.Monoblos Spine,白一角龍的背甲
477,Kirin Horn,麒麟的角
478,Kirin Hide,麒麟的皮
479,Kirin Hide+,麒麟的皮＋
480,Kirin Mane,麒麟的鬣毛
481,Kirin Thndr Tail,麒麟的雷尾
482,Kirin Azure Horn,麒麟的蒼角
483,Lao-Shan Claw,老山龍的爪
484,Lao-Shan Horn,老山龍的角
485,Lao-Shan Scale,老山龍的鱗
486,Lao-Shan Ruby,老山龍的紅玉
487,Lao-Shan Shell,老山龍的甲殼
488,Lao-Shan Carapace,老山龍的堅殼
489,A.Lao-Shan Horn,蒼老山龍的角
490,A.Lao-Shan Shell,蒼老山龍的甲殼
491,Fatalis Horn,黑龍的角
492,Fatalis Scale,黑龍的鱗
493,Fatalis Shell,黑龍的甲殼
494,Fatalis Eye,黑龍的眼
495,Fatalis Webbing,黑龍的翼膜
496,C.Fatalis Horn,紅龍的角
497,C.Fatalis Scale,紅龍的鱗
498,C.Fatalis Shell,紅龍的甲殼
499,Fatalis Evil Eye,黑龍的邪眼
500,C.Fatalis Wing,紅龍的翼
501,W.Fatalis Scale,祖龍的鱗
502,W.Fatalis Shell,祖龍的甲殼
503,W.Fatalis Webbing,祖龍的翼膜
504,W.Fatalis Horn,祖龍的角
505,Berukyurosu Info,舞雷龍的情報
506,Pariapuria Info,呑龍的情報
507,Sharp Claw,鋭利的爪
508,Blangonga Fang,雪獅子的牙
509,Blangonga Fang+,雪獅子的鋭牙
510,Blangonga Pelt,雪獅子的皮
511,Blangonga Pelt+,雪獅子的皮＋
512,Blangonga Whisker,雪獅子的髭
513,Blangonga Tail,雪獅子的尾巴
514,Congalala Pelt,桃毛獸的皮
515,Vibrant Pelt,極彩色的毛
516,Congalala Claw,桃毛獸的爪
517,Congalala Fang,桃毛獸的牙
518,Congalala Pelt+,桃毛獸的皮＋
519,Congalala Claw+,桃毛獸的尖爪
520,(dummy),(dummy)
521,Rajang Horn,金獅子的角
522,Rajang Fang,金獅子的牙
523,Black Rajang Pelt,金獅子的黑毛
524,Rajang Claw,金獅子的爪
525,Rajang Tail,金獅子的尾巴
526,Gold Rajang Pelt,金色的毛
527,Carapaceon Brains,甲殼種的頭
528,Wyvern Scalp,龍頭殼
529,Sm Hermitaur Shl,盾蟹的小殼
530,Hermitaur Shell,盾蟹的甲殼
531,Hermitaur Claw,盾蟹的爪
532,Hermitaur Carpace,盾蟹的堅殼
533,Hermitaur Claw+,盾蟹的尖爪
534,(dummy),(dummy)
535,Sm Ceanataur Shl,鎌蟹的小殼
536,Ceanataur Shell,鎌蟹的甲殼
537,Ceanataur Carpace,鎌蟹的堅殼
538,Ceanataur Leg,鎌蟹的脚
539,Ceanataur Pincer,鎌蟹的鋏
540,Ceanataur Claw,鎌蟹的爪
541,Ceanataur Claw+,鎌蟹的尖爪
542,(dummy),(dummy)
543,Gaoren Shell,砦蟹的甲殼
544,Gaoren Spine,砦蟹的棘
545,Gaoren Pincer,砦蟹的鋏
546,Gaoren Claw,砦蟹的爪
547,(dummy),(dummy)
548,Daora Shell,鋼龍的甲殼
549,Daora Carapace,鋼龍的堅殼
550,Daora Scale,鋼龍的鱗
551,Daora Webbing,鋼龍的翼膜
552,Daora Horn,鋼龍的角
553,Daora Tail,鋼龍的尾巴
554,Daora Claw,鋼龍的爪
555,Daora Claw+,鋼龍的尖爪
556,Daora Jewel,鋼龍的寶玉
557,R.Daora Shell,錆鋼龍的甲殼
558,R.Daora Webbing,錆鋼龍的翼膜
559,R.Daora Webbing+,錆鋼龍的上翼膜
560,Chameleos Hide,霞龍的皮
561,Chameleos Hide+,霞龍的皮＋
562,Chameleos Horn,霞龍的角
563,Chameleos Horn+,霞龍的尖角
564,Chameleos Claw,霞龍的爪
565,Chameleos Webbing,霞龍的翼膜
566,Chameleos Tail,霞龍的尾巴
567,Chameleos Jewel,霞龍的寶玉
568,(dummy),(dummy)
569,Fire Dragon Scale,炎龍的鱗
570,Fire Dragon Claw,炎龍的爪
571,Fire Dragon Powder,炎龍的塵粉
572,Fire Dragon Jewel,炎龍的寶玉
573,Elder Dragon Blood,古龍之血
574,Fire Dragon Scale+,炎龍的上鱗
575,Lunastra Shell,炎妃龍的甲殼
576,Lunastra Mane,炎妃龍的鬣毛
577,Lunastra Webbing,炎妃龍的翼膜
578,Lunastra Tail,炎妃龍的尾巴
579,Lunastra Horn,炎妃龍的角
580,(dummy),(dummy)
581,Teostra Shell,炎王龍的甲殼
582,Teostra Carapace,炎王龍的堅殼
583,Teostra Mane,炎王龍的鬣毛
584,Teostra Webbing,炎王龍的翼膜
585,Teostra Tail,炎王龍的尾巴
586,Teostra Horn,炎王龍的角
587,Teostra Horn+,炎王龍的尖角
588,Yama Fin,山神龍的鰭
589,Yama Hide,山神龍的皮
590,Yama Fluid,山神龍的體液
591,Dragonwood,龍木
592,Dragonmoss,龍苔
593,(dummy),(dummy)
594,Remobra Skin,翼蛇龍的皮
595,Remobra Skin+,翼蛇龍的皮＋
596,Striped Skin,縞模様的皮
597,Remobra Skull,翼蛇龍的頭
598,Garuga Scale,黑狼鳥的鱗
599,Garuga Shell,黑狼鳥的甲殼
600,Garuga Ear,黑狼鳥的耳
601,Sharpened Beak,鋭利的喙
602,Garuga Wing,黑狼鳥的翼
603,Garuga Tail,黑狼鳥的尾巴
604,Garuga Mane,黑狼鳥的鬣毛
605,Lost Umbrella,遺失的傘
606,Chief's Sword F,村長的劍F
607,Stone Fist,石拳
608,Broken Dragonator,壞掉的龍杭砲
609,Titan Chain F,泰坦的鎖鏈F
610,Extra Pay,額外報酬
611,Ruststone,生錆的塊
612,Flat Ruststone,生錆的板状塊
613,Large Ruststone,生錆的大塊
614,Small Ruststone,生錆的小塊
615,Ruststone Rod,生錆的棒状塊
616,Ancient Stone,古代的塊
617,AncientFlatstone,古代的板状塊
618,Lg Ancient Stone,古代的大塊
619,Sm Ancient Stone,古代的小塊
620,Ancient StoneRod,古代的棒状塊
621,Storage Guide,收納達人的書
622,Storage Guide+,收納達人的書＋
623,House Expansion 1,旅店擴建計畫1
624,House Expansion 2,旅店擴建計畫2
625,Lynians Info,獸人族的情報
626,Shakalaka Info,奇面族的情報
627,Neopteron Info,甲蟲種的情報
628,Grt.Thndrbug Info,大雷光蟲的情報
629,Herbivore Info,草食種的情報
630,Bird Wyvern Info,鳥龍種的情報
631,Yian Garuga Info,黑狼鳥的情報
632,F.Wyvern Info 1,飛龍種的情報1
633,F.Wyvern Info 2,飛龍種的情報2
634,Rathalos Info,雄火龍的情報
635,Monoblos Info,一角龍的情報
636,Pisc.Wyvern Info,魚龍種的情報
637,Carapaceon Info 1,甲殼種的情報1
638,Carapaceon Info 2,甲殼種的情報2
639,Shen Gaoren Info,砦蟹的情報
640,Fanged Beast Info,牙獸種的情報
641,Blangonga Info,雪獅子王的情報
642,Rajang Info,金獅子的情報
643,Kirin Info,麒麟的情報
644,Kushala Info,鋼龍的情報
645,Chameleos Info,霞龍的情報
646,Lunastra Info,炎妃龍的情報
647,Teostra Info,炎王龍的情報
648,Lao-Shan Info,老山龍的情報
649,Yamatsukami Info,山神龍的情報
650,Fatalis Info,黑龍的情報
651,Akura Vashimu Info,尾晶蠍的情報
652,(dummy),(dummy)
653,(dummy),(dummy)
654,(dummy),(dummy)
655,Silver Egg,銀蛋
656,Gold Egg,金蛋
657,Map,地圖
658,First-Aid Med,急救藥
659,Ration,攜帶食料
660,Portable Spit,攜帶燒肉套組
661,Mini-Whetstone,攜帶砥石
662,EZ Shock Trap,支給用麻痺罠
663,EZ Flash Bomb,支給用閃光彈
664,EZ Max Potion,支給用萬能藥
665,EZ Pitfall Trap,支給用落穴罠
666,EZ Barrel Bomb L,支給用大桶爆彈
667,Ballista Ammo,弩砲彈
668,Cannon Ammo,大砲彈
669,Wyvern,飛龍
670,Wyvern Egg,飛龍的蛋
671,Herbivore Egg,草食種的蛋
672,Carnivore Egg,肉食種的蛋
673,Sootstone Ore,煤灰礦石
674,Quartz Ore,石英原石
675,Powderstone,火藥岩
676,Khezu Whelp,奇怪龍幼體
677,Khezu Ice Cream,奇怪龍冰淇淋
678,Guild Flag,公會旗
679,City Remnants,都市的殘骸
680,Bizarre Food,奇妙的飼料
681,Dragon Food,龍的飼料
682,Power Food,力量飼料
683,Monster Food,魔物飼料
684,EX Dragon Food,EX龍的飼料
685,Red Dragon Food,紅龍飼料
686,Green Dragon Food,綠龍飼料
687,Blue Dragon Food,藍龍飼料
688,Shot Flute,射撃笛
689,Assault Flute,強襲笛
690,Tail Flute,尾巴笛
691,Deadly Flute,必殺笛
692,Special Flute,特殊笛
693,Rage Flute,憤怒笛
694,Wrath Flute,憤激笛
695,Dragonator Key,龍杭砲的鑰匙
696,Competition Ticket,競賽票
697,(dummy),(dummy)
698,Sleep Smoke Ball,睡眠煙球
699,Sedation Ball,鎮靜球
700,Recovery Ball,回復球
701,Song of the Soul,寄宿魂之唄
702,Song of the Spirit,頌與精靈之唄
703,Song for Life,獻予生命之唄
704,Song of Origin,起始之唄
705,HH Info,狩獵笛的樂譜
706,Ancient HH Info,古代狩獵笛的樂譜
707,White Belt Coin,白帶硬幣
708,Black Belt Coin,黑帶硬幣
709,Expert Coin,達人硬幣
710,Bird Wyvern Coin,鳥龍的硬幣
711,Flying Wyvern Coin,飛龍的硬幣
712,Piscine Coin,魚龍的硬幣
713,Fanged Beast Coin,牙獸的硬幣
714,Carapaceon Coin,甲殼的硬幣
715,Elder Dragon Coin,古龍的硬幣
716,Eternal Coin,永遠的硬幣
717,Luxury Coin,豪華的硬幣
718,Solid Coin,堅實的硬幣
719,Guild Coin,公會硬幣
720,Mysterious Compass,通往秘境的羅盤
721,Mysterious Map,通往秘境的地圖
722,Mysterious Tools,通往秘境的五道具
723,Mysterious Set,秘境套組
724,Demise Book,終焉之書
725,Legendary Book,伝説之書
726,Elder Dragon Book,古龍之書
727,White Dragon Book,祖龍之書
728,Tower Frag Prequel,古塔的斷章．前篇
729,Tower Frag Novel,古塔的斷章．中篇
730,Tower Frag Sequel,古塔的斷章．後篇
731,Ancient Tower Book,古塔之書
732,Ancient Pot Top,古壺的口
733,Ancient Pot Middle,古壺的胴
734,Ancient Pot Bottom,古壺的底
735,Ancient Pot,古代的壺
736,Star Iron,星鉄
737,Mainsail,主帆
738,Main Mast,主檣
739,Comradery Proof,戰友之證
740,Bond Proof,戰友之絆
741,Instructor's Proof,教官的訂單
742,Egg Ticket,蛋票
743,Jewel Ticket,寶石票
744,Commendation,勇氣之證
745,Pawprint Seal,肉球的印鑑
746,Bronze Guild Tkt,青銅公會票
747,Cooking Ticket,燒肉票
748,Leadership Ticket,一流獵人的證
749,GS Ticket,大劍票
750,Hammer Ticket,大錘票
751,Lance Ticket,長槍票
752,SnS Ticket,單手劍票
753,Gunner Ticket,射手票
754,Pawprint Stamp,肉球的圖章
755,F Ticket CT 1,F票 CT 1
756,F Ticket CT 2,F票 CT 2
757,F Ticket CT 3,F票 CT 3
758,F Ticket CT 4,F票 CT 4
759,Mocha Pot,モチャ鍋
760,Mocha・Green,モチャ・緑
761,Mocha・Green,モチャ・緑
762,Mocha・Green,モチャ・緑
763,Mocha・Green,モチャ・緑
764,Mocha・Green,モチャ・緑
765,Mocha・Green,モチャ・緑
766,Mocha・Green,モチャ・緑
767,Mocha・Green,モチャ・緑
768,Mocha・Green,モチャ・緑
769,Mocha・Green,モチャ・緑
770,Mocha・Green,モチャ・緑
771,Mocha・Green,モチャ・緑
772,Mocha・Green,モチャ・緑
773,Mocha・Green,モチャ・緑
774,Mocha・Red,モチャ・赤
775,Mocha・Red,モチャ・赤
776,Mocha・Red,モチャ・赤
777,Mocha・Red,モチャ・赤
778,Mocha・Yellow,モチャ・黄
779,Mocha・Yellow,モチャ・黄
780,Mocha・Yellow,モチャ・黄
781,Mocha・Yellow,モチャ・黄
782,Mocha・Blue,モチャ・青
783,Mocha・Yellow,モチャ・黄
784,Mocha・Yellow,モチャ・黄
785,Mocha・Yellow,モチャ・黄
786,Mocha・Yellow,モチャ・黄
787,Mocha・Yellow,モチャ・黄
788,Mocha・Yellow,モチャ・黄
789,Mocha・Yellow,モチャ・黄
790,Mocha・Yellow,モチャ・黄
791,Mocha・Yellow,モチャ・黄
792,Mocha・Yellow,モチャ・黄
793,Mocha・Yellow,モチャ・黄
794,Aquaglow Jewel,水光原珠
795,Sunspire Jewel,陽翔原珠
796,Bloodrun Jewel,血注原珠
797,Lazurite Jewel,瑠璃原珠
798,Green Deco,緑之裝飾品
799,Paralysis 1 Deco,耐麻痺珠【1】
800,Sleep 1 Deco,耐睡眠珠【1】
801,Sleep 2 Deco,耐睡眠珠【2】
802,Stun 1 Deco,耐気絶珠【1】
803,Poison 1 Deco,耐毒珠【1】
804,Deoderant 1 Deco,消臭珠【1】
805,Deoderant 2 Deco,消臭珠【2】
806,Snowball Deco,雪玉無效珠
807,Quake Deco,耐震珠
808,Vocal Chords Deco,防音珠
809,Heat 1 Deco,耐暑珠【1】
810,Cold 1 Deco,耐寒珠【1】
811,Wind Pres.1 Deco,耐風壓珠【1】
812,Terrain Deco,地形珠
813,Health 1 Deco,體力珠【1】
814,Health 2 Deco,體力珠【2】
815,Recovery Deco,回復珠
816,Rec Speed 1 Deco,回復速度珠【1】
817,Attack 1 Deco,攻撃珠【1】
818,Status Attack Deco,特殊攻撃珠
819,Defense 1 Deco,防禦珠【1】
820,Guard 1 Deco,防禦性能珠【1】
821,Auto-Guard Deco,自動防禦珠
822,Stamina Deco,耐力珠
823,Hunger Deco,飢餓珠
824,Gluttony Deco,大胃王珠
825,Eating Deco,食事珠
826,Sharpness 1 Deco,鋒利度珠【1】
827,Artisan Deco,匠珠
828,Expert 1 Deco,達人珠【1】
829,Throwing 1 Deco,投擲珠【1】
830,Evasion 1 Deco,迴避珠【1】
831,Combining Deco,調合珠
832,Ammo Combo Deco,彈藥調合珠
833,Alchemy Deco,煉金珠
834,Reload Deco,裝填珠
835,Loading Deco,裝填數珠
836,Recoil 1 Deco,反動珠【1】
837,Precision Deco,精密珠
838,Normal Up Deco,通常彈強化珠
839,Pierce Up Deco,貫通彈強化珠
840,Pellet Up Deco,散彈強化珠
841,Normal Add 1 Deco,通常彈追加珠【1】
842,Pierce Add 1 Deco,貫通彈追加珠【1】
843,Pellet Add 1 Deco,散彈追加珠【1】
844,Crag Add 1 Deco,徹甲榴彈追加珠【1】
845,Clust Add 1 Deco,擴散彈追加珠【1】
846,Sharpening Deco,砥石使用珠
847,Small Arms Deco,砲術珠
848,Cooking Deco,料理珠
849,Hearing Deco,聽覺保護珠
850,Wide-Area 1 Deco,廣域珠【1】
851,Everlasting 1 Deco,效果持續珠【1】
852,Backpacking 1 Deco,搬運珠【1】
853,All UP 2 Deco,全耐性珠【2】
854,Fire 1 Deco,耐火珠【1】
855,Water 1 Deco,耐水珠【1】
856,Ice 1 Deco,耐冰珠【1】
857,Thunder 1 Deco,耐雷珠【1】
858,Dragon 1 Deco,耐龍珠【1】
859,Gathering 1 Deco,採取珠【1】
860,Gathering 2 Deco,採取珠【2】
861,Gather Speed Deco,高速採取珠
862,Carving 1 Deco,剥取珠【1】
863,Blessing 1 Deco,加護珠【1】
864,Blessing 2 Deco,加護珠【2】
865,Protection Deco,精靈王的加護珠
866,Fate 1 Deco,運氣珠【1】
867,Anti-Theft Deco,防盜珠
868,Fishing Deco,釣魚珠
869,Map Deco,地圖珠
870,Psychic 1 Deco,千里眼珠【1】
871,Stealth Deco,隱密珠
872,Adrenaline Deco,火場怪力珠
873,Monster Deco,對怪珠
874,Paralysis 2 Deco,耐麻痺珠【2】
875,Stun 2 Deco,耐気絶珠【2】
876,Stun 3 Deco,耐気絶珠【3】
877,Poison 2 Deco,耐毒珠【2】
878,Heat 2 Deco,耐暑珠【2】
879,Cold 2 Deco,耐寒珠【2】
880,Wind Pres. 2 Deco,耐風壓珠【2】
881,Health 3 Deco,體力珠【3】
882,Rec Speed 2 Deco,回復速度珠【2】
883,Attack 2 Deco,攻撃珠【2】
884,Defense 3 Deco,防禦珠【3】
885,Sharpness 2 Deco,鋒利度珠【2】
886,Expert 2 Deco,達人珠【2】
887,Evasion 2 Deco,迴避珠【2】
888,Recoil 2 Deco,反動珠【2】
889,Normal Add 2 Deco,通常彈追加珠【2】
890,Pierce Add 2 Deco,貫通彈追加珠【2】
891,Pellet Add 2 Deco,散彈追加珠【2】
892,Crag Add 2 Deco,徹甲榴彈追加珠【2】
893,Clust Add 2 Deco,擴散彈追加珠【2】
894,Bomb Boost Deco,爆彈強化珠
895,Gunnery Deco,砲術珠
896,Wide-Area 2 Deco,廣域珠【2】
897,Everlasting 2 Deco,效果持續珠【2】
898,Backpacking 2 Deco,搬運珠【2】
899,All UP 3 Deco,全耐性珠【3】
900,Fire 2 Deco,耐火珠【2】
901,Water 2 Deco,耐水珠【2】
902,Ice 2 Deco,耐冰珠【2】
903,Thunder 2 Deco,耐雷珠【2】
904,Dragon 2 Deco,耐龍珠【2】
905,Gathering 3 Deco,採取珠【3】
906,Gather Spd 2 Deco,高速採取珠【2】
907,Carving 2 Deco,剥取珠【2】
908,Fate 2 Deco,運氣珠【2】
909,Psychic 2 Deco,千里眼珠【2】
910,Gallery Atk Deco,畫廊攻撃珠
911,Gallery Def Deco,畫廊防禦珠
912,Guard 2 Deco,防禦性能珠【2】
913,Earplugs Deco,耳塞珠
914,All UP 1 Deco,全耐性珠【1】
915,Fire 3 Deco,耐火珠【3】
916,Water 3 Deco,耐水珠【3】
917,Ice 3 Deco,耐冰珠【3】
918,Thunder 3 Deco,耐雷珠【3】
919,Dragon 3 Deco,耐龍珠【3】
920,Psychic 3 Deco,千里眼珠【3】
921,Firecell Stone,獄炎石
922,Rainbow Ore,虹色鉱石
923,Springnight Carp,春夜鯉
924,Carpenterbug,木甲虫
925,Rainbow Insect,虹色虫
926,Great Hornfly,大角蠅
927,Great Ladybug,大天道虫
928,Shaka Treasure,奇面族的財宝
929,Shaka Inheritance,奇面族的遺産
930,Giaprey Scale,白速龍的鱗
931,Giaprey Scale+,白速龍的上鱗
932,Giaprey Hide,白速龍的皮
933,Giadrome Hide,白速龍王的皮
934,Giadrome Claw,白速龍王的爪
935,Giadrome Claw+,白速龍王的尖爪
936,Giadrome Head,白速龍王的頭
937,Sinister Cloth,不気味之布
938,C2D Fragment,C2D碎片
939,Perennial Frost,万年霜
940,Drgn Scale Fossil,龍鱗化石
941,Aminotite,アミノタイト
942,Slimy Mushroom,黏滑菇
943,Sticky Caterpillar,粘著毛虫
944,Sniper Fish,狙撃魚
945,Kurenzite,クレンザイト
946,Furniture Tkt,家具票
947,Furniture Tkt G,家具票Ｇ
948,Lightning Extract,雷光精華
949,Chaos Shroom,混沌菇
950,Toxin Sac,猛毒袋
951,Inferno Sac,爆炎袋
952,Thunder Sac,雷袋
953,Monster Bone+,魔物骨＋
954,Brute Bone,獣骨
955,Stout Bone,堅牢之骨
956,Felyne Fur Ruby,艾路猫的毛玉
957,Bulldrome Tusk,大野豬的牙
958,High Quality Pelt,上質毛皮
959,Giaprey Hide+,白速龍的皮＋
960,Velociprey Hide+,藍速龍的皮＋
961,Genprey Hide+,黄速龍的皮＋
962,Gendrome Tail,黄速龍王的尾巴
963,Ioprey Hide+,紅速龍的皮＋
964,Kut-Ku Scale+,怪鳥的上鱗
965,B.Kut-Ku Scale+,青怪鳥的上鱗
966,Blango Pelt,雪獅子的皮
967,Blango Pelt+,雪獅子的皮＋
968,Conga Pelt,桃毛獸的皮
969,Conga Pelt+,桃毛獸的皮＋
970,Plesioth Fin+,水龍的上鰭
971,G.Plesioth Scale+,翠水龍的上鱗
972,G.Plesioth Fin+,翠水龍的上鰭
973,Rath Fluid,火龍的體液
974,Rath Medulla,火龍的延髄
975,Basarios Tears,岩龍的涙
976,Gravios Medulla,鎧龍的延髄
977,B.Diablos Ridge,黑角龍的堅甲
978,Hornetaur Carapace,巨甲蟲的堅殼
979,Lao-Shan Scale+,老山龍的上鱗
980,Heavy Gaoren Shell,砦蟹的重殼
981,Gaoren Carapace,砦蟹的堅殼
982,Teo Wing Membrane,炎王龍的翼膜
983,Ancient Dragonwood,古代的龍木
984,Ancient Dragonmoss,古代的龍苔
985,Tigrex Scale,轟龍的鱗
986,Tigrex Scale+,轟龍的上鱗
987,Tigrex Shell,轟龍的甲殼
988,Tigrex Carapace,轟龍的堅殼
989,Tigrex Tail,轟龍的尾巴
990,Tigrex Claw,轟龍的爪
991,Tigrex Claw+,轟龍的尖爪
992,Tigrex Fang,轟龍的牙
993,Tigrex Fang+,轟龍的鋭牙
994,Tigrex Scalp,轟龍的頭殼
995,Akantor Scale,霸龍的鱗
996,Akantor Carapace,霸龍的堅殼
997,Akantor Tail,霸龍的尾巴
998,Akantor Claw,霸龍的爪
999,Akantor Fang,霸龍的牙
1000,Akantor Spike,霸龍的棘
1001,Hypnoc Pelt,眠鳥的皮
1002,Hypnoc Claw,眠鳥的爪
1003,Rainbow Feather,虹色羽毛
1004,Hypnoc Beak,眠鳥的喙
1005,Hypnoc Bezoar,眠鳥的胃石
1006,Hypnoc Pelt+,眠鳥的皮＋
1007,Hypnoc Fang,眠鳥的牙
1008,Hypnoc Claw+,眠鳥的尖爪
1009,Hypnoc Bezoar+,眠鳥的胃石＋
1010,B.Hypnoc Pelt,蒼眠鳥的皮
1011,B.Hypnoc Pelt+,蒼眠鳥的皮＋
1012,Volganos Scale,熔岩龍的鱗
1013,Volganos Shell,熔岩龍的甲殼
1014,Volganos Fang,熔岩龍的牙
1015,Volganos Fin,熔岩龍的鰭
1016,Volganos Scale+,熔岩龍的上鱗
1017,Volganos Carapace,熔岩龍的堅殼
1018,Volganos Fang+,熔岩龍的鋭牙
1019,Volganos Fin+,熔岩龍的上鰭
1020,Bond of Friendship,友情的絆
1021,N Medal・Copper,N獎章・銅
1022,N Medal・Silver,N獎章・銀
1023,N Medal・Gold,N獎章・金
1024,Neodymium Note,ネオジム音符
1025,Mercury Note,水銀音符
1026,Guild Ticket,公會票
1027,Black Currency,黑通貨
1028,Sturdy Wht Cloth,堅固的白布
1029,Appropriate Parts,剛好的零件
1030,Striped Fabric,縞模様的布
1031,Green Fabric,緑的布
1032,Fluffy Serum,蓬鬆血清
1033,Black Fabric,黑的布
1034,Blue Fabric,青的布
1035,Peach Fabric,桃的布
1036,Guild X Proof,公會Ｘ之證
1037,R.Volganos Shell,紅熔岩龍的甲殼
1038,R.Volganos Fang,紅熔岩龍的牙
1039,R.Volganos Fin,紅熔岩龍的鰭
1040,R.Volganos Cpc,紅熔岩龍的堅殼
1041,R.Volganos Fang+,紅熔岩龍的鋭牙
1042,R.Volganos Fin+,紅熔岩龍的上鰭
1043,Pink Ticket,桃色票
1044,Christmas Card,クリスマスカード
1045,Otoshidama [Child],お年玉【子】
1046,Espinas Scale,棘龍的鱗
1047,Espinas Carapace,棘龍的甲殼
1048,Espinas Spike,棘龍的棘
1049,Espinas Scalp,棘龍的頭殼
1050,Espinas Tail,棘龍的尾巴
1051,Espinas Ruby,棘龍的紅玉
1052,Espinas Horn,棘龍的角
1053,B.Espinas Scale,棘黒龍的鱗
1054,B.Espinas Carpace,棘黒龍的甲殼
1055,B.Espinas Spike,棘黒龍的棘
1056,B.Espinas Scalp,棘黒龍的頭殼
1057,B.Espinas Tail,棘黒龍的尾巴
1058,B.Espinas Ruby,棘黒龍的紅玉
1059,B.Espinas Horn,棘黒龍的角
1060,B.Espinas Acid,棘黒龍的酸液
1061,Vashimu Carapace,尾晶蠍的甲殼
1062,Vashimu Claw,尾晶蠍的爪
1063,Vashimu Jaw,尾晶蠍的顎
1064,Vashimu Crystal,尾晶蠍的結晶
1065,Vashimu Hard Tail,尾晶蠍的堅尾
1066,Vashimu Wht Blood,尾晶蠍的白血
1067,Vashimu Ylw Blood,尾晶蠍的黄血
1068,Vashimu Blue Blood,尾晶蠍的青血
1069,Vashimu Red Blood,尾晶蠍的赤血
1070,Stamina Drink N,耐力飲料Ｎ
1071,S.Hypnoc Pelt,白眠鳥的皮
1072,Silver Feather,銀色羽毛
1073,S.Hypnoc Fang,白眠鳥的牙
1074,Bug Spray Ticket,殺蟲劑票
1075,Porta Ore Red,紅的ポルタ鉱石
1076,Porta Ore Blue,青的ポルタ鉱石
1077,Porta Ore Blk,黒的ポルタ鉱石
1078,Porta Ore Wht,白的ポルタ鉱石
1079,Porta Ore Clr,透的ポルタ鉱石
1080,Porta Ore Purple,紫的ポルタ鉱石
1081,Porta Ore Rainbow,虹色ポルタ鉱石
1082,Thank you,謝謝
1083,Drama Ticket,ドラマ票
1084,S-Edge Ticket,S-Edge票
1085,Old Building Mats,古建築材料
1086,Memorial Proof,記念的証
1087,Crystal Shard,結晶碎片
1088,Carapaceon Gem,甲殼種的寶石
1089,Carapaceon Gem+,甲殼種的寶石＋
1090,Big Carapaceon Gem,甲殼種的大寶石
1091,Achievement Proof,達成之證
1092,A Father's Hope,父親的希望
1093,A Son's Love,兒子的愛
1094,Familial Bond,家族的絆
1095,First Heart,初戀的心
1096,Unrequited Soul,單戀的魂
1097,Bancho's Proof,番長之證
1098,N Medal・Black,N獎章・黒
1099,N Medal・White,N獎章・白
1100,N Medal・Gray,N獎章・灰
1101,Artisan's Nature,匠的本質
1102,Artisan's Mind,匠的心
1103,Artisan's Belief,匠的信念
1104,Artisan SP,匠珠SP
1105,Recoil SP,抑反珠SP
1106,Assault SP,腕力珠SP
1107,Sharpness SP,斬鐵珠SP
1108,Wind Pres.SP,文鎮珠SP
1109,Sharpen SP,研磨珠SP
1110,Ammosmith SP,彈製珠SP
1111,Loading SP,彈穴珠SP
1112,Reload SP,裝填珠SP
1113,Truesight SP,透眼珠SP
1114,Endurance SP,耐絶珠SP
1115,Stealth SP,忍足珠SP
1116,Antivirus SP,抗毒珠SP
1117,Alchemist SP,秘術珠SP
1118,Hermit G,仙人珠G
1119,Defense G,防禦珠G
1120,Edge G,斬空珠G
1121,Recoil 1 G,反動1珠G
1122,Sterile G,斷毒珠G
1123,Awareness G,洞察珠G
1124,Earplug G,音無珠G
1125,Flute G,笛吹珠G
1126,Escape G,逃足珠G
1127,Taijutsu G,體術珠G
1128,Strong Arm G,腕力珠G
1129,Inspiration G,頭電珠G
1130,Passive G,受身珠G
1131,Psychic 1 G,萬里珠G
1132,Pressure G,交渉珠G
1133,Capture G,捕獲珠G
1134,Adrenaline SP,危機珠SP
1135,Normal Shot SP,強彈珠SP
1136,Pierce Shot SP,貫通珠SP
1137,Pellet Shot SP,散彈珠SP
1138,Persistence SP,持續珠SP
1139,Fullness SP,滿腹珠SP
1140,Impatience SP,氣短珠SP
1141,Heavenshield SP,天盾珠SP
1142,Sprit SP,強精珠SP
1143,Steadiness SP,強腰珠SP
1144,Bullseye SP,針穴珠SP
1145,Para Res SP,耐麻痺珠SP
1146,Traveller SP,旅人珠SP
1147,Protection SP,防護珠SP
1148,Snowball SP,雪球珠SP
1149,Launching SP,發射珠SP
1150,Auto-Guard G,自動防禦珠G
1151,Speech G,会話珠G
1152,Doctor G,医師珠G
1153,Bond G,絆珠G
1154,Resistance SP,耐性珠SP
1155,Dragon Res SP,龍耐珠SP
1156,Healthy SP,健康珠SP
1157,Recovery SP,回復珠SP
1158,Comfort SP,快適珠SP
1159,Fisherman SP,釣魚珠SP
1160,Heat Res SP,耐暑珠SP
1161,Cold Res SP,耐寒珠SP
1162,Doctor SP,医師珠SP
1163,Food SP,食事珠SP
1164,Instructor Gem Ⅰ,指導石Ⅰ
1165,Instructor Gem Ⅱ,指導石Ⅱ
1166,Instructor Gem Ⅲ,指導石Ⅲ
1167,Instructor Gem Ⅳ,指導石Ⅳ
1168,Instructor Gem Ⅴ,指導石Ⅴ
1169,Kamu Orugaron Info,響狼的情報
1170,Nono Orugaron Info,雌響狼的情報
1171,Dyuragaua Info,冰狐龍的情報
1172,Gurenzeburu Info,蠻龍的情報
1173,Rukodiora Info,極龍的情報
1174,Gogomoa Info,跳緋獸的情報
1175,Taikun Zamuza Info,多殼蟹的情報
1176,Abiorugu Info,獰龍的情報
1177,Kuarusepusu Info,晶龍的情報
1178,Odibatorasu Info,弩岩龍的情報
1179,Polar Sea Info,極海的情報
1180,Farunokku Info,傾雷鳥的情報
1181,Hyujikiki Info,針纏龍的情報
1182,Midogaron Info,爆狼的情報
1183,Giaorugu Info,冰獰龍的情報
1184,Anorupatisu Info,暴鋸龍的情報
1185,Shantien Info,天翔龍的情報
1186,Rebidiora Info,雷極龍的情報
1187,Disufiroa Info,熾凍龍的情報
1188,Gougarf Info,鬥獸的情報
1189,Baruragaru Info,噬血龍的情報
1190,Zerureusu Info,輝界龍的情報
1191,Meraginasu Info,黒穿龍的情報
1192,Forokururu Info,華鳳鳥的情報
1193,Diorekkusu Info,雷轟龍的情報
1194,Inagami Info,雅翁龍的情報
1195,Garuba Daora Info,金塵龍的情報
1196,Poborubarumu Info,創音龍的情報
1197,Varusaburosu Info,炎角龍的情報
1198,Harudomerugu Info,司銀龍的情報
1199,Gureadomosu Info,水砦龍的情報
1200,Tai Chi Stamp,太極印
1201,(dummy),(dummy)
1202,(dummy),(dummy)
1203,(dummy),(dummy)
1204,(dummy),(dummy)
1205,(dummy),(dummy)
1206,White Scholar Tome,白學者之書
1207,(dummy),(dummy)
1208,(dummy),(dummy)
1209,(dummy),(dummy)
1210,(dummy),(dummy)
1211,(dummy),(dummy)
1212,Pioneer Mark,先駆者之証
1213,Lineage Mark,血脈之証
1214,Friend's letter,友人的信
1215,Kirin Proof,麒麟之證
1216,Kushala Proof,鋼龍之證
1217,Jebia Carapace,灰晶蠍的甲殼
1218,Jebia Claw,灰晶蠍的爪
1219,Jebia Jaw,灰晶蠍的大顎
1220,Jebia Tail Crystal,灰晶蠍的輝晶石
1221,Jebia Tail,灰晶蠍的靭尾
1222,Jebia Wht Blood,灰晶蠍的白血
1223,Jebia Ylw Blood,灰晶蠍的黄血
1224,Jebia Blue Blood,灰晶蠍的青血
1225,Jebia Red Blood,灰晶蠍的赤血
1226,Jebia Blood Stone,灰晶蠍的血晶石
1227,Netcafe Token,ネカフェトークン
1228,Memory Fragm,記憶碎片
1229,Lost Crown,失落之冠
1230,Pearl Sword I Tkt,珍珠劍Ｉ票
1231,Pearl Sword F Tkt,珍珠劍Ｆ票
1232,Secret Sword T Tkt,秘劍Ｔ票
1233,1st Year Head Tkt,1周年頭票
1234,1st Year Body Tkt,1周年胴票
1235,1st Year Arms Tkt,1周年腕票
1236,1st Year Waist Tkt,1周年腰票
1237,1st Year Legs Tkt,1周年脚票
1238,Dragstriker Report,Dragstriker Report
1239,King's Mischief,King's Mischief
1240,Secret Weapon Plan,Secret Weapon Plan
1241,Brown Fabric,Brown Fabric
1242,Throwing Bomb,投擲爆彈
1243,L.Barrel Bomb G2,大桶爆彈Ｇ２
1244,Lynian Trsr,Lynian Trsr
1245,Lynian Trsr+,Lynian Trsr+
1246,Lynian Hdn Trsr,Lynian Hdn Trsr
1247,Lynian Ruby,Lynian Ruby
1248,Lynian Ruby+,Lynian Ruby+
1249,Lynian Divine Ruby,Lynian Divine Ruby
1250,Herbivore Horn,草食種的角
1251,Herbivore Horn+,草食種的尖角
1252,Herbivore Hardhorn,草食種的堅角
1253,Herbivore Pelt,草食種的皮
1254,Herbivore Pelt+,草食種的皮＋
1255,Herbivore Finepelt,草食種的上等皮
1256,Herbivore Bone,草食種的骨
1257,Herbivore Bone+,草食種的上骨
1258,Herbivore Hardbone,草食種的堅骨
1259,Herbivore Hoof,草食種的蹄
1260,Herbivore Hoof+,草食種的尖蹄
1261,Herbivore Hoof++,草食種的剛蹄
1262,Herbivore Shell,草食種的甲殼
1263,Herbivore Carapace,草食種的堅殼
1264,Herbivore Cortex,草食種的重殼
1265,Herbivore Fang,草食種的牙
1266,Herbivore Fang+,草食種的尖牙
1267,Herbivore Hardfang,草食種的堅牙
1268,Pelagus Hide,牙獸種的皮
1269,Pelagus Hide+,牙獸種的皮＋
1270,Pelagus Tough Hide,牙獸種的強皮
1271,Pelagus Fang,牙獸種的牙
1272,Pelagus Fang+,牙獸種的尖牙
1273,Pelagus Hard Fang,牙獸種的堅牙
1274,Pelagus Claw,牙獸種的爪
1275,Pelagus Claw+,牙獸種的尖爪
1276,Pelagus Hard Claw,牙獸種的堅爪
1277,Pelagus Tail,牙獸種的尾
1278,Pelagus Tail+,牙獸種的上尾
1279,Pelagus Hard Tail,牙獸種的堅尾
1280,Insect Shell,甲蟲種的甲殼
1281,Insect Carapace,甲蟲種的堅殼
1282,Insect Cortex,甲蟲種的重殼
1283,Insect Needle,昆蟲的針
1284,Insect Needle+,昆蟲的尖針
1285,Insect Stinger,昆蟲的針刺
1286,Insect Fluid,甲蟲種的體液
1287,Insect Fluid+,甲蟲種的液＋
1288,Insect Thick Fluid,甲蟲種的濃液
1289,Carapaceon Shell,甲殼種的甲殼
1290,Carapaceon Cpc,甲殼種的堅殼
1291,Carapaceon Cortex,甲殼種的重殼
1292,Carapaceon Pincer,甲殼種的鉗
1293,Carapaceon Pincer+,甲殼種的尖鉗
1294,Carapaceon T.Pincr,甲殼種的巨大鉗
1295,Carapaceon Blade,甲殼種的刃
1296,Carapaceon Blade+,甲殼種的鋭刃
1297,Carapaceon Gasher,甲殼種的裂爪
1298,F.Wyvern Shell,飛龍種的甲殼
1299,F.Wyvern Carapace,飛龍種的堅殼
1300,F.Wyvern Cortex,飛龍種的重殼
1301,F.Wyvern Fang,飛龍種的牙
1302,F.Wyvern Fang+,飛龍種的尖牙
1303,F.Wyvern Hardfang,飛龍種的堅牙
1304,F.Wyvern Claw,飛龍種的爪
1305,F.Wyvern Claw+,飛龍種的尖爪
1306,F.Wyvern Riptalon,飛龍種的鋭爪
1307,F.Wyvern Bone,飛龍種的骨
1308,F.Wyvern Bone+,飛龍種的上骨
1309,F.Wyvern Hardbone,飛龍種的堅骨
1310,F.Wyvern Skin,飛龍種的皮
1311,F.Wyvern Skin+,飛龍種的皮＋
1312,F.Wyvern Finehide,飛龍種的上等皮
1313,F.Wyvern Wing,飛龍種的翼
1314,F.Wyvern Wing+,飛龍種的上翼
1315,F.Wyvern Fellwing,飛龍種的剛翼
1316,F.Wyvern Tail,飛龍種的尾
1317,F.Wyvern Tail+,飛龍種的上尾
1318,F.Wyvern Hardtail,飛龍種的堅尾
1319,F.Wyvern Spike,飛龍種的棘
1320,F.Wyvern Spike+,飛龍種的上棘
1321,F.Wyvern Surspike,飛龍種的特大棘
1322,F.Wyvern Horn,飛龍種的角
1323,F.Wyvern Horn+,飛龍種的尖角
1324,F.Wyvern Hardhorn,飛龍種的堅角
1325,F.Wyvern Scale,飛龍種的鱗
1326,F.Wyvern Scale+,飛龍種的上鱗
1327,F.Wyvern Shard,飛龍種的厚鱗
1328,F.Wyvern Blood,飛龍種的血
1329,F.Wyvern Blood+,飛龍種的血＋
1330,F.Wyvern Pureblood,飛龍種的淨血
1331,F.Wyvern Gem,飛龍種的寶玉
1332,F.Wyvern Gem+,飛龍種的寶玉＋
1333,F.Wyvern Puregem,飛龍種的淨寶玉
1334,F.Wyvern Head,飛龍種的頭
1335,F.Wyvern Scalp,飛龍種的頭皮
1336,F.Wyvern Crown,飛龍種的冠
1337,F.Wyvern Marrow,飛龍種的骨髓
1338,F.Wyvern Marrow+,飛龍種的上骨髓
1339,F.Wyvern Myeloid,飛龍種的脊髄
1340,F.Wyvern Liver,飛龍種的肝
1341,F.Wyvern Liver+,飛龍種的上肝
1342,F.Wyvern Hvy Liver,飛龍種的重肝
1343,F.Wyvern Jaw,飛龍種的顎
1344,F.Wyvern Jaw+,飛龍種的尖顎
1345,F.Wyvern Hardjaw,飛龍種的堅顎
1346,F.Wyvern Tear,飛龍種的涙
1347,F.Wyvern Tear+,飛龍種的涙＋
1348,F.Wyvern Pure Tear,飛龍種的淨涙
1349,F.Wyvern Fluid,飛龍種的體液
1350,F.Wyvern Fluid+,飛龍種的液＋
1351,F.Wyvern Broth,飛龍種的湯汁
1352,Piscine Scale,魚龍種的鱗
1353,Piscine Scale+,魚龍種的上鱗
1354,Piscine Thck Scale,魚龍種的厚鱗
1355,Piscine Fin,魚龍種的鰭
1356,Piscine Fin+,魚龍種的上鰭
1357,Piscine Hard Fin,魚龍種的堅鰭
1358,Piscine Blood,魚龍種的血
1359,Piscine Blood+,魚龍種的血＋
1360,Piscine Thck Blood,魚龍種的厚血
1361,Piscine Tusk,魚龍種的牙
1362,Piscine Tusk+,魚龍種的尖牙
1363,Piscine Hardtusk,魚龍種的堅牙
1364,Piscine Gills,魚龍種的鰓
1365,Piscine Gills+,魚龍種的上鰓
1366,Piscine Hvy Gill,魚龍種的重鰓
1367,B.Wyvern Shell,鳥龍種的甲殼
1368,B.Wyvern Carapace,鳥龍種的堅殼
1369,B.Wyvern Cortex,鳥龍種的重殼
1370,B.Wyvern Hide,鳥龍種的皮
1371,B.Wyvern Hide+,鳥龍種的皮＋
1372,B.Wyvern Finehide,鳥龍種的上等皮
1373,B.Wyvern Scale Ⅰ,鳥龍種的鱗Ⅰ
1374,B.Wyvern Scale Ⅱ,鳥龍種的鱗Ⅱ
1375,B.Wyvern Scale Ⅲ,鳥龍種的鱗Ⅲ
1376,B.Wyvern Fang,鳥龍種的牙
1377,B.Wyvern Fang+,鳥龍種的尖牙
1378,B.Wyvern Hardfang,鳥龍種的堅牙
1379,B.Wyvern Claw,鳥龍種的爪
1380,B.Wyvern Claw+,鳥龍種的尖爪
1381,B.Wyvern Riptalon,鳥龍種的鋭爪
1382,B.Wyvern Bone,鳥龍種的骨
1383,B.Wyvern Bone+,鳥龍種的上骨
1384,B.Wyvern Hardbone,鳥龍種的堅骨
1385,B.Wyvern Gem,鳥龍種的寶玉
1386,B.Wyvern Gem+,鳥龍種的寶玉＋
1387,B.Wyvern Fine Gem,鳥龍種的上等寶玉
1388,B.Wyvern Beak,B.Wyvern Beak
1389,B.Wyvern Beak+,B.Wyvern Beak+
1390,B.Wyvern Hard Beak,B.Wyvern Hard Beak
1391,B.Wyvern Pelt,鳥龍種的皮
1392,B.Wyvern Pelt+,鳥龍種的皮＋
1393,B.Wyvern Finepelt,鳥龍種的上等皮
1394,B.Wyvern Tail,鳥龍種的尾
1395,B.Wyvern Tail+,鳥龍種的上尾
1396,B.Wyvern Hardtail,鳥龍種的堅尾
1397,B.Wyvern Head Ⅰ,B.Wyvern Head Ⅰ
1398,B.Wyvern Head Ⅱ,B.Wyvern Head Ⅱ
1399,B.Wyvern Head Ⅲ,B.Wyvern Head Ⅲ
1400,E.Dragon Shell,古龍種的甲殼
1401,E.Dragon Carapace,古龍種的堅殼
1402,E.Dragon Hardshell,古龍種的堅殼
1403,E.Dragon Pelt,古龍種的皮
1404,E.Dragon Pelt+,古龍種的皮＋
1405,E.Dragon Finepelt,古龍種的上等皮
1406,E.Dragon Hide,古龍種的皮
1407,E.Dragon Hide+,古龍種的皮＋
1408,E.Dragon Finehide,古龍種的上等皮
1409,E.Dragon Claw,古龍種的爪
1410,E.Dragon Claw+,古龍種的尖爪
1411,E.Dragon Riptalon,古龍種的鋭爪
1412,E.Dragon Tail,古龍種的尾
1413,E.Dragon Tail+,古龍種的上尾
1414,E.Dragon Hardtail,古龍種的堅尾
1415,E.Dragon Blood,古龍種的血
1416,E.Dragon Blood+,古龍種的血＋
1417,E.Dragon Pureblood,古龍種的淨血
1418,E.Dragon Wing,古龍種的翼
1419,E.Dragon Wing+,古龍種的上翼
1420,E.Dragon Fellwing,古龍種的剛翼
1421,E.Dragon Horn,古龍種的角
1422,E.Dragon Horn+,古龍種的尖角
1423,E.Dragon Hardhorn,古龍種的堅角
1424,E.Dragon Scale,古龍種的鱗
1425,E.Dragon Scale+,古龍種的上鱗
1426,E.Dragon Shard,古龍種的厚鱗
1427,Fatalis Horn Ⅰ,黑龍的角Ⅰ
1428,Fatalis Horn Ⅱ,黑龍的角Ⅱ
1429,Fatalis Horn Ⅲ,黑龍的角Ⅲ
1430,Fatalis Wing Ⅰ,黑龍的翼Ⅰ
1431,Fatalis Wing Ⅱ,黑龍的翼Ⅱ
1432,Fatalis Wing Ⅲ,黑龍的翼Ⅲ
1433,Fatalis Scale Ⅰ,黑龍的鱗Ⅰ
1434,Fatalis Scale Ⅱ,黑龍的鱗Ⅱ
1435,Fatalis Scale Ⅲ,黑龍的鱗Ⅲ
1436,Storm Sac,嵐袋
1437,Scorch Sac,焦熱袋
1438,Tidal Sac,潮袋
1439,Glacial Sac,氷袋
1440,Coma Sac,昏睡袋
1441,Virulent Sac,劇毒袋
1442,Omniplegia Sac,強麻痺袋
1443,Wyvern Oil,Wyvern Oil
1444,Wyvern Oil+,Wyvern Oil+
1445,Thick Wyvern Oil,Thick Wyvern Oil
1446,Capture Proof,Capture Proof
1447,Part Breaker Proof,Part Breaker Proof
1448,Jade Piece,Jade Piece
1449,Large Armor Ball,Large Armor Ball
1450,Super Armor Ball,Super Armor Ball
1451,Mega Armor Ball,強化裝甲球
1452,Red Dyegrass,紅色染色草
1453,Blue Dyegrass,藍色染色草
1454,Yellow Dyegrass,黄色染色草
1455,Green Dyegrass,綠色染色草
1456,Purple Dyegrass,紫色染色草
1457,Black Dyegrass,黑色染色草
1458,White Dyegrass,白色染色草
1459,Rainbow Dyegrass,彩虹染色草
1460,Crystal Lance Tkt,水晶槍票
1461,P Head Tkt,Ｐ頭票
1462,P Mail Tkt,Ｐ胴票
1463,P Arm Tkt,Ｐ腕票
1464,P Tasset Tkt,Ｐ腰票
1465,P Boot Tkt,Ｐ脚票
1466,F.D.Furniture Tkt,火龍家具票
1467,Guild Emblem,Guild Emblem
1468,Guild Cheque (1k),Guild Cheque (1k)
1469,Large Chunks【Red】,Large Chunks【Red】
1470,Small Chunks【Red】,Small Chunks【Red】
1471,60k Cheque,60k Cheque
1472,30k Cheque,30k Cheque
1473,40k Cheque,40k Cheque
1474,30k Cheque 2,30k Cheque 2
1475,20k Cheque,20k Cheque
1476,10k Cheque,10k Cheque
1477,5k Cheque,5k Cheque
1478,1k Cheque,1k Cheque
1479,1z Cheque,1z Cheque
1480,1z Cheque 2,1z Cheque 2
1481,Maiden Health,Maiden Health
1482,Maiden Resilience,Maiden Resilience
1483,Maiden Persistence,Maiden Persistence
1484,Paint Bomb,塗料爆彈
1485,Sleep T.Bomb,睡眠投擲爆彈
1486,Boomerang G,回力標Ｇ
1487,Boiled Silver Egg,Boiled Silver Egg
1488,Boiled Golden Egg,Boiled Golden Egg
1489,Anti-Flinch Fruit,Anti-Flinch Fruit
1490,Stone G,石頭Ｇ
1491,Hot & Cold Drink,冷熱飲
1492,Thunder T.Bomb,雷投擲爆彈
1493,Ice T.Bomb,冰投擲爆彈
1494,Thunder B.Bomb,雷桶爆彈
1495,Poison B.Bomb,毒桶爆彈
1496,Ice B.Bomb,冰桶爆彈
1497,Sleep B.Bomb,睡眠桶爆彈
1498,Paralysis B.Bomb,麻痺桶爆彈
1499,Rolling Bomb,滾動爆彈
1500,G Whetstone,Ｇ砥石
1501,Hi-Speed Whetstone,高速砥石
1502,Disposable Earplug,Disposable Earplug
1503,Disposable HGE,Disposable HGE
1504,[Old] Pitfall Bomb,【舊】落穴爆彈
1505,Hot Powder,熱粉末
1506,Cool Powder,冷粉末
1507,Detox Powder,解毒粉末
1508,Awakening Powder,覺醒粉末
1509,Paralysis Powder,麻痺粉末
1510,Lightningrod G,Lightningrod G
1511,Herbal Medicine G,漢方藥Ｇ
1512,EZ Throwing Bomb,簡易投擲爆彈
1513,EZ LgBarrelBombG2,簡易大桶爆彈Ｇ２
1514,N Medal・Red,N Medal・Red
1515,N Medal・Blue,N Medal・Blue
1516,N Medal・Purple,N Medal・Purple
1517,Large Chunks【Wht】,Large Chunks【Wht】
1518,Small Chunks【Wht】,Small Chunks【Wht】
1519,Black Star Iron,黑星鐵
1520,Festi Ticket,祭票
1521,Ancient Hymn,Ancient Hymn
1522,Friendship Bond,Friendship Bond
1523,Egg Pieces,Egg Pieces
1524,Hunter Knowledge,Hunter Knowledge
1525,Health Drink Mix,體力飲料綜合
1526,Health Drink【HP】,體力飲料【體力】
1527,Health Drink【Stm】,體力飲料【耐力】
1528,Health Drink【Atk】,體力飲料【攻撃】
1529,Health Drink【Def】,體力飲料【防禦】
1530,Festi Memories,Festi Memories
1531,Diploma,Diploma
1532,E-Edge Ticket,Ｅ-Edge票
1533,Star Festi Ticket,星祭票
1534,Weaver Festi Tkt,七夕票
1535,N Head Tkt,Ｎ頭票
1536,Gunlance Coolant,銃槍冷卻劑
1537,Nearcaster,Nearcaster
1538,Fire-Proof Drink,耐火飲料
1539,Water-Proof Drink,耐水飲料
1540,Ice-Proof Drink,耐冰飲料
1541,Thndr-Proof Drink,耐雷飲料
1542,Dragon-Proof Drink,耐龍飲料
1543,Poison DefenceTkt,毒耐性票
1544,Sleep Defence Tkt,睡眠耐性票
1545,Para Defence Tkt,麻痺耐性票
1546,Guts Ticket,根性票
1547,Adrenaline Potion,興奮藥
1548,Starving Wolf Pot.,餓狼壺
1549,Emergency Bag,Emergency Bag
1550,Rasta Return Flute,光明歸還笛
1551,Rasta Cover Flute,光明掩護笛
1552,Poogie Aid Flute,波奇援助笛
1553,Spirit Drink,精神飲料
1554,Immunizer G,免疫藥Ｇ
1555,Caravan Mineral,Caravan Mineral
1556,Caravan Jewel,旅團珠
1557,Caravan Rare Herb,旅團稀有藥草
1558,Speed Fruit,Speed Fruit
1559,(dummy),(dummy)
1560,(dummy),(dummy)
1561,(dummy),(dummy)
1562,(dummy),(dummy)
1563,(dummy),(dummy)
1564,(dummy),(dummy)
1565,(dummy),(dummy)
1566,(dummy),(dummy)
1567,(dummy),(dummy)
1568,(dummy),(dummy)
1569,(dummy),(dummy)
1570,(dummy),(dummy)
1571,(dummy),(dummy)
1572,(dummy),(dummy)
1573,(dummy),(dummy)
1574,(dummy),(dummy)
1575,(dummy),(dummy)
1576,(dummy),(dummy)
1577,(dummy),(dummy)
1578,Flower Extract,花的精華
1579,Explosive Coating,爆炸瓶
1580,VS Returning Ball,對戰歸還球
1581,VS Landmine,對戰地雷
1582,VS Landmine G,對戰地雷Ｇ
1583,VS Slow Trap,對戰減速罠
1584,VS Poison Trap,對戰毒罠
1585,VS Sleep Trap,對戰睡眠罠
1586,VS Trap Breaker,對戰罠破壞
1587,VS Rust Trap,對戰錆罠
1588,VS Flash Trap,對戰閃光罠
1589,VS Dung Trap,對戰糞罠
1590,(dummy),(dummy)
1591,(dummy),(dummy)
1592,(dummy),(dummy)
1593,(dummy),(dummy)
1594,(dummy),(dummy)
1595,EZ VS Return Ball,簡易對戰回歸球
1596,EZ VS Landmine,簡易對戰地雷
1597,EZ VS Landmine G,簡易對戰地雷Ｇ
1598,EZ VS Slow Trap,簡易對戰減速罠
1599,EZ VS Poison Trap,簡易對戰毒罠
1600,EZ VS Sleep Trap,簡易對戰睡眠罠
1601,EZ VS Break Trap,簡易對戰破壞罠
1602,EZ VS Rust Trap,簡易對戰錆罠
1603,EZ VS Flash Trap,簡易對戰閃光罠
1604,EZ VS Dung Trap,簡易對戰糞罠
1605,(dummy),(dummy)
1606,(dummy),(dummy)
1607,(dummy),(dummy)
1608,(dummy),(dummy)
1609,(dummy),(dummy)
1610,Quest Complete Tkt,任務達成票
1611,Guild Stamp,Guild Stamp
1612,VS. Ticket,ＶＳ．票
1613,Super Lucky Charm,Super Lucky Charm
1614,D Rapier Tkt,Ｄ細劍票
1615,W Rapier Tkt,Ｗ細劍票
1616,Solid Tkt,固態票
1617,Solid+ Tkt,固態改票
1618,C Materi Tkt,Ｃ・原質票
1619,Liquid Tkt,液態票
1620,Liquid+ Tkt,液態改票
1621,C Element Tkt,Ｃ・原素票
1622,Lien Head Tkt,羈絆頭票
1623,Lien Chest Tkt,羈絆胴票
1624,Lien Arms Tkt,羈絆腕票
1625,Lien Waist Tkt,羈絆腰票
1626,Lien Legs Tkt,羈絆脚票
1627,Para Ticket Ⅰ,ＰＡＲＡ票Ⅰ
1628,Para Ticket Ⅱ,ＰＡＲＡ票Ⅱ
1629,Para Ticket Ⅲ,ＰＡＲＡ票Ⅲ
1630,HL Tkt,ＨＬ票
1631,EX Tkt,ＥＸ票
1632,CA Tkt,ＣＡ票
1633,Unapell Ticket,ユナペル票
1634,Hot Cat's Note,Hot Cat's Note
1635,Cool Cat's Note,Cool Cat's Note
1636,Fan Cat's Note,Fan Cat's Note
1637,Coin Cleaner,Coin Cleaner
1638,Winner's Coin,Winner's Coin
1639,Fish Print [Sm],魚拓［小］
1640,Fish Print [Lg],魚拓［大］
1641,Fisherman Proof,Fisherman Proof
1642,Otoshidama [Ugly],Otoshidama [Ugly]
1643,Electric Thorn,電棘
1644,ＢＰ Ticket [１],ＢＰ票【１】
1645,ＢＰ Ticket [２],ＢＰ票【２】
1646,ＢＰ Ticket [３],ＢＰ票【３】
1647,ＢＰ Ticket [４],ＢＰ票【４】
1648,ＢＰ Ticket [５],ＢＰ票【５】
1649,ＢＰ Ticket [６],ＢＰ票【６】
1650,ＢＰ Ticket [７],ＢＰ票【７】
1651,ＢＰ Ticket [８],ＢＰ票【８】
1652,Rock Salt,Rock Salt
1653,Beryl Ore,綠柱石礦石
1654,Amonite Ore,菊石礦石
1655,Thunderstone,雷石
1656,Wind Stone,風石
1657,Evening Stone,黄昏石
1658,Firefly Stone,螢火蟲石
1659,Pepper Eel,胡椒鰻
1660,Okasango,Okasango
1661,Happa Fruit,Happa Fruit
1662,Goushu Ticket,剛種票
1663,Teostra Proof,Teostra Proof
1664,Beru Proof,Beru Proof
1665,Beru Carapace,舞雷龍的堅殼
1666,Beru Scale,舞雷龍的鱗
1667,Beru Tail,舞雷龍的尾
1668,Beru Claw,舞雷龍的爪
1669,Beru Horn,舞雷龍的角
1670,Beru Wing,舞雷龍的翼
1671,Beru Fluid,舞雷龍的體液
1672,Beru Marrow,舞雷龍的骨髓
1673,Beru Fur,舞雷龍的毛
1674,Beru Mane,Beru Mane
1675,Beru Charged Scale,舞雷龍的帶電鱗
1676,Beru Jewel,貝爾珠
1677,Best Recipe,Best Recipe
1678,Essential Drink,必需飲料
1679,My Tore Ticket,マイトレ票
1680,Perk Token,Perk Token
1681,Maiden's Vitality,Maiden's Vitality
1682,Maiden's Immunity,Maiden's Immunity
1683,Maiden's Stamina,Maiden's Stamina
1684,Maiden's Soul,Maiden's Soul
1685,Affinity Whetstone,會心砥石
1686,Hawkeye Drink,鷹眼飲料
1687,Move Speed Fruit,Move Speed Fruit
1688,Dragoness Coin,Dragoness Coin
1689,Dragonlord Coin,Dragonlord Coin
1690,Saber Mezecoin,Saber Mezecoin
1691,Event Assist Tkt,活動補助票
1692,Porta Cake,Porta Cake
1693,Porta Mochio,Porta Mochio
1694,Unapell Red Cloth,Unapell Red Cloth
1695,Unapell Ash Cloth,Unapell Ash Cloth
1696,Gratitude [Red],Gratitude [Red]
1697,Gratitude [Wht],Gratitude [Wht]
1698,Small Red Shard,Small Red Shard
1699,Small White Shard,Small White Shard
1700,(Dummy),(dummy)
1701,Red Hunter Coin,Red Hunter Coin
1702,Blue Hunter Coin,Blue Hunter Coin
1703,Wht Hunter Coin,Wht Hunter Coin
1704,Pink Hunter Coin,Pink Hunter Coin
1705,Prpl Hunter Coin,Prpl Hunter Coin
1706,Ylw Hunter Coin,Ylw Hunter Coin
1707,Khezu L Tkt,電龍Ｌ票
1708,M Creek Tkt,Ｍ・溪流票
1709,B Marsh Tkt,Ｂ・沼澤票
1710,Berserker Swrd Tkt,狂戦士劍票
1711,Crystal Swrd Tkt,水晶劍票
1712,Dummy,(dummy)
1713,Squale Tkt,スクアーレ票
1714,Katze Tkt,カッツェ票
1715,Volpe Tkt,ヴォルペ票
1716,Hunter Secret Text,Hunter Secret Text
1717,Giant Hypnoc Beak,Giant Hypnoc Beak
1718,Alma Tkt Head,軍風頭票
1719,Alma Tkt Torso,軍風胴票
1720,Alma Tkt Arms,軍風腕票
1721,Alma Tkt Waist,軍風腰票
1722,Alma Tkt Legs,軍風脚票
1723,Wh.Neko Tkt Head,白猫頭票
1724,Wh.Neko Tkt Torso,白猫胴票
1725,Wh.Neko Tkt Arms,白猫腕票
1726,Wh.Neko Tkt Waist,白猫腰票
1727,Wh.Neko Tkt Legs,白猫脚票
1728,1 Million Memories,1 Million Memories
1729,PawCoin・Bronze,PawCoin・Bronze
1730,PawCoin・Silver,PawCoin・Silver
1731,PawCoin・Gold,PawCoin・Gold
1732,Cabal Tkt・Wht,カバル票・白
1733,Cabal Tkt・Blk,カバル票・黒
1734,Cabal Tkt・Red,カバル票・赤
1735,Cabal Tkt・Blue,カバル票・青
1736,Cabal Tkt・Ylw,カバル票・黄
1737,DL Tkt,ＤＬ票
1738,Torn Book・Ch 1,Torn Book・Ch 1
1739,Torn Book・Ch 2,Torn Book・Ch 2
1740,Torn Book・Ch 3,Torn Book・Ch 3
1741,Torn Book・Ch 4,Torn Book・Ch 4
1742,Torn Book・Ch 5,Torn Book・Ch 5
1743,Expert Book 1,Expert Book 1
1744,Expert Book 2,Expert Book 2
1745,BP２ Tkt・１,ＢＰ２票・１
1746,BP２ Tkt・２,ＢＰ２票・２
1747,BP２ Tkt・３,ＢＰ２票・３
1748,BP２ Tkt・４,ＢＰ２票・４
1749,BP２ Tkt・５,ＢＰ２票・５
1750,BP２ Tkt・６,ＢＰ２票・６
1751,BP２ Tkt・７,ＢＰ２票・７
1752,BP２ Tkt・８,ＢＰ２票・８
1753,ＴＰ Tkt・１,ＴＰ票・１
1754,ＴＰ Tkt・２,ＴＰ票・２
1755,ＴＰ Tkt・３,ＴＰ票・３
1756,ＴＰ Tkt・４,ＴＰ票・４
1757,ＴＰ Tkt・５,ＴＰ票・５
1758,Mysterious Fluid,謎之體液
1759,G Scimitar Tkt,Ｇ彎刀票
1760,F Berge Tkt,Ｆ波形劍票
1761,R.Crystal Tkt,紅水晶票
1762,P.Crystal Tkt,紫水晶票
1763,Seram Z Tkt,花語Ｚ票
1764,Aizen Z Tkt,黒鐵Ｚ票
1765,Seram V Tkt,セラムＶ票
1766,Aizen V Tkt,鋼鐵Ｖ票
1767,Anteka H Tkt,雪鹿Ｈ票
1768,Demonic Alloy,Demonic Alloy
1769,X Tkt Head,仙女頭票
1770,X Tkt Torso,仙女胴票
1771,X Tkt Arms,仙女腕票
1772,X Tkt Waist,仙女腰票
1773,X Tkt Legs,仙女脚票
1774,Heartfelt Bond,Heartfelt Bond
1775,Truthful Bond,Truthful Bond
1776,Metal Tkt Head,白合金頭票
1777,Metal Tkt Torso,白合金胴票
1778,Metal Tkt Arms,白合金腕票
1779,Metal Tkt Waist,白合金腰票
1780,Metal Tkt Legs,白合金脚票
1781,Xmas Treetop Tkt,聖誕樹上票
1782,Random Ball,Random Ball
1783,L.Barrel Bomb G3,大桶爆彈Ｇ３
1784,Pitfall Bomb,落穴爆彈
1785,Hi-Grade Whetstone,高級砥石
1786,Potion Set,回復藥組合
1787,Terrain Powder,地形粉末
1788,Antidote Powder,解毒粉末
1789,Immortal's Map,Immortal's Map
1790,Pickaxe G,十字鎬Ｇ
1791,Bugnet G,捕蟲網Ｇ
1792,Nitro Drug,Nitro Drug
1793,Chameleos Proof,Chameleos Proof
1794,Paria Proof,Paria Proof
1795,Paria Hide,呑龍的皮
1796,Paria Fang,呑龍的牙
1797,Paria Acid,Paria Acid
1798,Paria Blood,呑龍的血
1799,Paria Fin,呑龍的鰭
1800,Paria Bone,呑龍的骨
1801,Paria Liver,呑龍的肝
1802,Caravan Copper Gem,Caravan Copper Gem
1803,Caravan Silver Gem,Caravan Silver Gem
1804,Caravan Gold Gem,Caravan Gold Gem
1805,Foreign Jewelery,Foreign Jewelery
1806,Xmas Tree Tkt,聖誕樹中票
1807,Xmas Tree Base Tkt,聖誕樹下票
1808,White Star Iron,白星鐵
1809,BP３ Tkt・１,ＢＰ３票・１
1810,BP３ Tkt・２,ＢＰ３票・２
1811,BP３ Tkt・３,ＢＰ３票・３
1812,BP３ Tkt・４,ＢＰ３票・４
1813,BP３ Tkt・５,ＢＰ３票・５
1814,BP３ Tkt・６,ＢＰ３票・６
1815,BP３ Tkt・７,ＢＰ３票・７
1816,BP３ Tkt・８,ＢＰ３票・８
1817,Epic Record,Epic Record
1818,Supreme Junk,Supreme Junk
1819,Gilino A Tkt,黒音符Ａ票
1820,Tetare A Tkt,白音符Ａ票
1821,Felyne K Tkt,艾路Ｋ票
1822,Melynx K Tkt,梅拉路Ｋ票
1823,N Seal A,N Seal A
1824,N Seal B,N Seal B
1825,N Seal C,N Seal C
1826,Crown Tkt,鑽冠票
1827,Pavilion Tkt,鑽底票
1828,Pad S Tkt,防守短劍Ｓ票
1829,Tail S Tkt,捲尾Ｓ票
1830,D Parize Tkt,Ｄ麻痺票
1831,L Parize Tkt,Ｌ麻痺票
1832,N Ant Tkt,Ｎ之蟻票
1833,D Poison Tkt,Ｄ毒藥票
1834,L Poison Tkt,Ｌ毒藥票
1835,N Vespa Tkt,Ｎ黄蜂票
1836,Shaln Head,Shaln Head
1837,Shaln Chest,Shaln Chest
1838,Shaln Arms,Shaln Arms
1839,Shaln Waist,Shaln Waist
1840,Shaln Legs,Shaln Legs
1841,Real Tkt Head,皇室頭票
1842,Real Tkt Torso,皇室胴票
1843,Real Tkt Arms,皇室腕票
1844,Real Tkt Waist,皇室腰票
1845,Real Tkt Legs,皇室脚票
1846,Ancient Hymn II,Ancient Hymn II
1847,Book of Life,Book of Life
1848,Secret Stone,秘石
1849,Flare Gem,Flare Gem
1850,Penetrator Gem,Penetrator Gem
1851,Detonation Gem,Detonation Gem
1852,Orange Gem Shard,Orange Gem Shard
1853,Yellow Gem Shard,Yellow Gem Shard
1854,Green Gem Shard,Green Gem Shard
1855,Red Gem Shard,Red Gem Shard
1856,Purple Gem Shard,Purple Gem Shard
1857,Blue Gem Shard,Blue Gem Shard
1858,Thank You Ⅱ,Thank You Ⅱ
1859,VISA Ticket,ＶＩＳＡ票
1860,Evil Cat Memories,Evil Cat Memories
1861,Red Cat Memories,Red Cat Memories
1862,Porta Snail,Porta Snail
1863,Porta Grill,Porta Grill
1864,Porta Ice,Porta Ice
1865,Porta Velvet,Porta Velvet
1866,Lao-Shan Proof,Lao-Shan Proof
1867,Shen Gaoren Proof,Shen Gaoren Proof
1868,W.Espinas Scale,棘白龍的鱗
1869,W.Espi Carapace,棘白龍的堅殼
1870,W.Espinas Spike,棘白龍的棘
1871,W.Espinas Scalp,W.Espinas Scalp
1872,W.Espinas Tail,棘白龍的尾
1873,W.Espinas Ruby,W.Espinas Ruby
1874,W.Espinas Horn,棘白龍的角
1875,W.Espinas Flint,W.Espinas Flint
1876,Orugaron Claw,響狼的爪
1877,Orugaron Pelt,響狼的皮
1878,Orugaron Fang,響狼的牙
1879,Orugaron Mane,Orugaron Mane
1880,Orugaron Spike+,響狼的上棘
1881,Orugaron Spike,響狼的棘
1882,Orugaron Blood,響狼的血
1883,Orugaron Ruby,Orugaron Ruby
1884,Red Orugaron Pelt,響狼的皮
1885,Lunastra Proof,Lunastra Proof
1886,Heat Bomb,熱爆彈
1887,Bomb S.Crystal,Bomb S.Crystal
1888,Power S.Crystal,強力小結晶
1889,Poison S.Crystal,毒小結晶
1890,Para S.Crystal,麻痺小結晶
1891,Sleep S.Crystal,睡眠小結晶
1892,Fire S.Crystal,火小結晶
1893,Water S.Crystal,水小結晶
1894,Thunder S.Crystal,雷小結晶
1895,Ice S.Crystal,冰小結晶
1896,Dragon S.Crystal,龍小結晶
1897,Large Lucky Charm,Large Lucky Charm
1898,Orugaron Proof,Orugaron Proof
1899,Carving Charm,Carving Charm
1900,Proof of Bond,Proof of Bond
1901,Reward Tip Red,Reward Tip Red
1902,Reward Tip Blue,Reward Tip Blue
1903,Reward Tip Yellow,Reward Tip Yellow
1904,Book of Bonds Blue,Book of Bonds Blue
1905,Book of Bonds Red,Book of Bonds Red
1906,Award Medal Blue,Award Medal Blue
1907,Award Medal Red,Award Medal Red
1908,Dummy,(dummy)
1909,Dummy,(dummy)
1910,Dummy,(dummy)
1911,Dummy,(dummy)
1912,Dummy,(dummy)
1913,Dummy,(dummy)
1914,Dummy,(dummy)
1915,Dummy,(dummy)
1916,Dummy,(dummy)
1917,Dummy,(dummy)
1918,Dummy,(dummy)
1919,Dummy,(dummy)
1920,Dummy,(dummy)
1921,Dummy,(dummy)
1922,Dummy,(dummy)
1923,Dummy,(dummy)
1924,Dummy,(dummy)
1925,Dummy,(dummy)
1926,Dummy,(dummy)
1927,Dummy,(dummy)
1928,Dummy,(dummy)
1929,Dummy,(dummy)
1930,Dummy,(dummy)
1931,Dummy,(dummy)
1932,Dummy,(dummy)
1933,Dummy,(dummy)
1934,Dummy,(dummy)
1935,Dummy,(dummy)
1936,Dummy,(dummy)
1937,Dummy,(dummy)
1938,Dummy,(dummy)
1939,Dummy,(dummy)
1940,Dummy,(dummy)
1941,Dummy,(dummy)
1942,Dummy,(dummy)
1943,Dummy,(dummy)
1944,Dummy,(dummy)
1945,Dummy,(dummy)
1946,Dummy,(dummy)
1947,Dummy,(dummy)
1948,Dummy,(dummy)
1949,Dummy,(dummy)
1950,Dummy,(dummy)
1951,Dummy,(dummy)
1952,Dummy,(dummy)
1953,Dummy,(dummy)
1954,Dummy,(dummy)
1955,Dummy,(dummy)
1956,Dummy,(dummy)
1957,Dummy,(dummy)
1958,Dummy,(dummy)
1959,Dummy,(dummy)
1960,Dummy,(dummy)
1961,Dummy,(dummy)
1962,Dummy,(dummy)
1963,Dummy,(dummy)
1964,Dummy,(dummy)
1965,Dummy,(dummy)
1966,Dummy,(dummy)
1967,Dummy,(dummy)
1968,Dummy,(dummy)
1969,Dummy,(dummy)
1970,Dummy,(dummy)
1971,Dummy,(dummy)
1972,Dummy,(dummy)
1973,Dummy,(dummy)
1974,Dummy,(dummy)
1975,Dummy,(dummy)
1976,Dummy,(dummy)
1977,Dummy,(dummy)
1978,Dummy,(dummy)
1979,Dummy,(dummy)
1980,Dummy,(dummy)
1981,Dummy,(dummy)
1982,Dummy,(dummy)
1983,Dummy,(dummy)
1984,Dummy,(dummy)
1985,Dummy,(dummy)
1986,Dummy,(dummy)
1987,Dummy,(dummy)
1988,Dummy,(dummy)
1989,Dummy,(dummy)
1990,Dummy,(dummy)
1991,Dummy,(dummy)
1992,Dummy,(dummy)
1993,Dummy,(dummy)
1994,Dummy,(dummy)
1995,Dummy,(dummy)
1996,Dummy,(dummy)
1997,Dummy,(dummy)
1998,Dummy,(dummy)
1999,Dummy,(dummy)
2000,BP４ Tkt・１,ＢＰ４票・１
2001,BP４ Tkt・２,ＢＰ４票・２
2002,BP４ Tkt・３,ＢＰ４票・３
2003,BP４ Tkt・４,ＢＰ４票・４
2004,BP４ Tkt・５,ＢＰ４票・５
2005,BP４ Tkt・６,ＢＰ４票・６
2006,BP４ Tkt・７,ＢＰ４票・７
2007,BP４ Tkt・８,ＢＰ４票・８
2008,N Seal D,N Seal D
2009,N Seal E,N Seal E
2010,N Seal F,N Seal F
2011,Aqua P Tkt,水之Ｐ票
2012,Grom P Tkt,雷嗚之Ｐ票
2013,Frost F Tkt,冰霜Ｆ票
2014,Kamu F Tkt,無風Ｆ票
2015,Snow F Tkt,冰雪Ｆ票
2016,Grand F Tkt,大型Ｆ票
2017,F Cannon Tkt,Ｆ加農票
2018,D Cannon Tkt,Ｄ加農票
2019,Star Eagle Bow Tkt,星鷲弓票
2020,Star Koto Bow Tkt,星琴弓票
2021,Ferme Head Tkt,沈默頭票
2022,Ferme Body Tkt,沈默胴票
2023,Ferme Arm Tkt,沈默腕票
2024,Ferme Waist Tkt,沈默腰票
2025,Ferme Legs Tkt,沈默脚票
2026,Claire Tkt Head,煥晶頭票
2027,Claire Tkt Torso,煥晶胴票
2028,Claire Tkt Arms,煥晶腕票
2029,Claire Tkt Waist,煥晶腰票
2030,Claire Tkt Legs,煥晶脚票
2031,Guild Medallion,Guild Medallion
2032,Black Beast Claw,黑獸的爪
2033,Moonlight Stone,月光石
2034,Sharp Twin Fangs,鋭利雙牙
2035,Timeless Flute,悠久笛
2036,Strange Seeds,奇妙的種子
2037,Core Fragment,核心碎片
2038,Rasta Metal,Rasta Metal
2039,Caravan Medal,Caravan Medal
2040,No Crystal,無結晶
2041,First Aid Med G,First Aid Med G
2042,EZ Resolve Fruit,簡易覺悟果實
2043,Mobile Boomerang G,飛行回力標Ｇ
2044,EZ Stones,簡易石子
2045,EZ Earplugs,簡易耳塞
2046,Flying Bomb,飛行爆彈
2047,EZ Mega Demondrug,簡易鬼人藥．大
2048,EZ Mega Armorskin,簡易硬化藥．大
2049,EZ Hot & Cld Drink,簡易冷熱飲
2050,EZ Thunder Bomb,簡易雷爆彈
2051,EZ Poison Bomb,簡易毒爆彈
2052,EZ Ice Bomb,簡易冰爆彈
2053,EZ Sleep Bomb,簡易睡眠爆彈
2054,EZ Paralysis Bomb,簡易麻痺爆彈
2055,EZ Horizontal Bomb,簡易水平爆彈
2056,EZ Paint Ball,簡易塗料球
2057,EZ T.Sleep Bomb,簡易投擲睡眠爆彈
2058,EZ T.Thunder Bomb,簡易投擲雷爆彈
2059,EZ T.Ice Bomb,簡易投擲冰爆彈
2060,EZ Power Juice,簡易強走藥
2061,EZ Mega Juice,簡易強走藥．大
2062,EZ Poison Powder,簡易毒粉末
2063,EZ Sleep Powder,簡易睡眠粉末
2064,EZ Para Powder,簡易麻痺粉末
2065,EZ Hot Powder,簡易熱粉末
2066,EZ Cool Powder,簡易冷粉末
2067,EZ Natural Powder,簡易天然粉末
2068,EZ GL Coolant,簡易銃槍冷卻劑
2069,EZ Ancient Potion,簡易秘藥
2070,Old Frost Branch,Old Frost Branch
2071,Rust Chunk,Rust Chunk
2072,Rusty Cat's Mark,Rusty Cat's Mark
2073,Power Testimony,Power Testimony
2074,Harvest Coin,Harvest Coin
2075,Gather Coin 1,Gather Coin 1
2076,Gather Coin 2,Gather Coin 2
2077,Gather Coin 3,Gather Coin 3
2078,Gather Coin 4,Gather Coin 4
2079,Gather Coin 5,Gather Coin 5
2080,Gather Coin 6,Gather Coin 6
2081,Eligibility Coin,Eligibility Coin
2082,Final Coin,Final Coin
2083,Extreme Violence,Extreme Violence
2084,Tropical Tree,Tropical Tree
2085,A.Rathalos Virtue,A.Rathalos Virtue
2086,P.Rathian Virtue,P.Rathian Virtue
2087,B.Yearning Shard,B.Yearning Shard
2088,P.Yearning Shard,P.Yearning Shard
2089,Angelic Voice,Angelic Voice
2090,Jewel Box,Jewel Box
2091,Marine Coin,Marine Coin
2092,Sky Coin,Sky Coin
2093,Earth Coin,Earth Coin
2094,N Seal G,N Seal G
2095,N Seal H,N Seal H
2096,N Seal I,N Seal I
2097,Display Swrd Tkt,陽飾太刀票
2098,Evening Sword Tkt,宵飾太刀票
2099,Blitz Ticket,閃撃票
2100,Pearl Ticket,珍珠票
2101,Paralyze Ticket,麻痺票
2102,Reve Ticket,睡夢票
2103,Student Ticket,美神票
2104,Magnificent Tkt,力神票
2105,Ceremony Tkt,壹式票
2106,Ceremony+ Tkt,壹式改票
2107,Ceremony Pce Tkt,壹式【駒】票
2108,2nd Ceremony Tkt,貳式票
2109,Ceremony+ 2 Tkt,貳式改票
2110,Ceremony 2 Pce Tkt,貳式【駒】票
2111,ＴＮ Tkt・１,ＴＮ票・１
2112,ＴＮ Tkt・２,ＴＮ票・２
2113,ＴＮ Tkt・３,ＴＮ票・３
2114,ＴＮ Tkt・４,ＴＮ票・４
2115,ＴＮ Tkt・５,ＴＮ票・５
2116,Melety Tkt Head,專家頭票
2117,Melety Tkt Torso,專家胴票
2118,Melety Tkt Arms,專家腕票
2119,Melety Tkt Waist,專家腰票
2120,Melety Tkt Legs,專家脚票
2121,Gold Tkt Head,耀金頭票
2122,Gold Tkt Torso,耀金胴票
2123,Gold Tkt Arms,耀金腕票
2124,Gold Tkt Waist,耀金腰票
2125,Gold Tkt Legs,耀金脚票
2126,BP５ Tkt・１,ＢＰ５票・１
2127,BP５ Tkt・２,ＢＰ５票・２
2128,BP５ Tkt・３,ＢＰ５票・３
2129,BP５ Tkt・４,ＢＰ５票・４
2130,BP５ Tkt・５,ＢＰ５票・５
2131,BP５ Tkt・６,ＢＰ５票・６
2132,BP５ Tkt・７,ＢＰ５票・７
2133,BP５ Tkt・８,ＢＰ５票・８
2134,ＴＰ２ Tkt・１,ＴＰ２票・１
2135,ＴＰ２ Tkt・２,ＴＰ２票・２
2136,ＴＰ２ Tkt・３,ＴＰ２票・３
2137,ＴＰ２ Tkt・４,ＴＰ２票・４
2138,ＴＰ２ Tkt・５,ＴＰ２票・５
2139,PawCoin・Steel,PawCoin・Steel
2140,PawCoin・Iron,PawCoin・Iron
2141,PawCoin・Lead,PawCoin・Lead
2142,Guild Seal,Guild Seal
2143,Tough Snake Skin,Tough Snake Skin
2144,Gratitude Tkt,感謝票
2145,Otoshidama [Yin],Otoshidama [Yin]
2146,Raviente Blood,大巖龍的血
2147,Raviente Gem,大巖龍的寶玉
2148,Raviente Hide,大巖龍的皮
2149,Raviente Scale,大巖龍的鱗
2150,Raviente Wing,大巖龍的翼
2151,Raviente Marrow,大巖龍的骨髓
2152,Raviente Horn,大巖龍的角
2153,Raviente Fang,大巖龍的牙
2154,Raviente Tail,大巖龍的尾
2155,Raviente Spike,大巖龍的棘
2156,Power Gem,Power Gem
2157,Mid Power gem,Mid Power gem
2158,Secret Power Gem,Secret Power Gem
2159,Tanopopo Leaves,Tanopopo Leaves
2160,Substitute Grass,代用草
2161,Wht Sesame Shroom,白芝麻菇
2162,Kochi Seed,科奇種子
2163,Silky Grass,絲草
2164,Blk Sesame Shroom,黑芝麻菇
2165,Jade,Jade
2166,Agate Stone,瑪瑙石
2167,Beast Horn Stone,Beast Horn Stone
2168,Peach Crystal,桃結晶
2169,Mushroom Stone,菇石
2170,Chopping Stone,斬切石
2171,Wolf Beetle,狼甲蟲
2172,Stick Bug,竹節蟲
2173,Rampo Butterfly,蘭波蝴蝶
2174,Beni Botan Fly,Beni Botan Fly
2175,Green Eyed Monarch,Green Eyed Monarch
2176,Leafworm,勒阿夫沃爾姆
2177,Shakalaka Leaf,Shakalaka Leaf
2178,Smooth Stone,光滑石
2179,Bent Timber,Bent Timber
2180,Worn Cloth,Worn Cloth
2181,Chipped Knife,缺損的小刀
2182,Thin Plate,薄逆鱗
2183,Dapoten Flower,達波騰花
2184,Parapara Fruits,Parapara Fruits
2185,Honey Grass,蜂蜜草
2186,Utility Grass,實用草
2187,Oni-Cactus Flower,鬼仙人掌花
2188,Saffron Flower,番紅花
2189,Bakira Ore,巴基拉礦石
2190,Itamakara Ore,伊塔馬可拉礦石
2191,Kabuto Ore,兜礦石
2192,Rounded Stone,圓石
2193,Diamond Stone,金剛石
2194,Starlike Stone,星形石
2195,Thorn Bug,Thorn Bug
2196,Nail Grasshopper,釘蝗蟲
2197,Luminescent Worm,爾烏米内斯克艾恩特蟲
2198,Insect Exuviae,昆蟲蛻
2199,Sweet Insect,Sweet Insect
2200,Rice Hopper,Rice Hopper
2201,Felvine Necklace,Felvine Necklace
2202,Broken Pickaxe,壞掉的鶴嘴鋤
2203,Mirror Stone,鏡石
2204,Old Ladle,Old Ladle
2205,Elongated Bar,Elongated Bar
2206,Thick Braid,Thick Braid
2207,Yamatsukami Proof,Yamatsukami Proof
2208,Elder Dragon Fang,古龍種的牙
2209,Elder Dragon Jewel,古龍珠
2210,Yearly Sub Ticket,年間特典票
2211,Dummy,(dummy)
2212,Impact Coating,強撃瓶
2213,Artisan PA1,匠ＰＡ１
2214,Recoil PA1,反動減軽ＰＡ１
2215,Status Attack PA1,特殊攻撃ＰＡ１
2216,Precision PA1,精密射撃ＰＡ１
2217,Fasting PA1,絶食ＰＡ１
2218,Poison Sword PA1,毒属性強化ＰＡ１
2219,Para Sword PA1,麻痺属性強化ＰＡ１
2220,Sleep Sword PA1,睡眠属性強化ＰＡ１
2221,Piercc S.Add PA1,貫通彈追加ＰＡ１
2222,Backpacking PA1,搬運ＰＡ１
2223,Gather Speed PA1,高速採取ＰＡ１
2224,Psychic PA1,千里眼ＰＡ１
2225,Gunnery PA1,砲術ＰＡ１
2226,Flute Expert PA1,笛達人ＰＡ１
2227,Passive PA1,體術ＰＡ１
2228,Bond PA1,絆ＰＡ１
2229,Sharpness PB1,鋒利度ＰＢ１
2230,Sharpness PB2,鋒利度ＰＢ２
2231,Guard PB1,防禦性能ＰＢ１
2232,Guard PB2,防禦性能ＰＢ２
2233,Reload PB1,裝填速度ＰＢ１
2234,Reload PB2,裝填速度ＰＢ２
2235,Normal S.Up PB1,通常彈強化ＰＢ１
2236,Normal S.Up PB2,通常彈強化ＰＢ２
2237,Protection PB1,精靈加護ＰＢ１
2238,Protection PB2,精靈加護ＰＢ２
2239,Wind Pressure PB1,風壓ＰＢ１
2240,Wind Pressure PB2,風壓ＰＢ２
2241,Evasion PB1,迴避性能ＰＢ１
2242,Evasion PB2,迴避性能ＰＢ２
2243,Adrenaline PB1,火場怪力ＰＢ１
2244,Adrenaline PB2,火場怪力ＰＢ２
2245,Para Res PB1,耐麻痺ＰＢ１
2246,Para Res PB2,耐麻痺ＰＢ２
2247,Stun Res PB1,耐気絶ＰＢ１
2248,Stun Res PB2,耐気絶ＰＢ２
2249,Poison Res PB1,耐毒ＰＢ１
2250,Poison Res PB2,耐毒ＰＢ２
2251,Hunger PB1,飢餓ＰＢ１
2252,Hunger PB2,飢餓ＰＢ２
2253,Wide-Area PB1,廣域化ＰＢ１
2254,Wide-Area PB2,廣域化ＰＢ２
2255,All Res UP PB1,全耐性強化ＰＢ１
2256,All Res UP PB2,全耐性強化ＰＢ２
2257,Dragon Res PB1,耐龍ＰＢ１
2258,Dragon Res PB2,耐龍ＰＢ２
2259,Gathering PB1,採取ＰＢ１
2260,Gathering PB2,採取ＰＢ２
2261,Sharpening PC1,砥石使用ＰＣ１
2262,Sharpening PC2,砥石使用ＰＣ２
2263,Sharpening PC3,砥石使用ＰＣ３
2264,Sharpening PC4,砥石使用ＰＣ４
2265,Auto-Reload PC1,自動裝填ＰＣ１
2266,Auto-Reload PC2,自動裝填ＰＣ２
2267,Auto-Reload PC3,自動裝填ＰＣ３
2268,Auto-Reload PC4,自動裝填ＰＣ４
2269,Pierce S.Up PC1,貫通彈強化ＰＣ１
2270,Pierce S.Up PC2,貫通彈強化ＰＣ２
2271,Pierce S.Up PC3,貫通彈強化ＰＣ３
2272,Pierce S.Up PC4,貫通彈強化ＰＣ４
2273,Pellet S.Up PC1,散彈強化ＰＣ１
2274,Pellet S.Up PC2,散彈強化ＰＣ２
2275,Pellet S.Up PC3,散彈強化ＰＣ３
2276,Pellet S.Up PC4,散彈強化ＰＣ４
2277,Stamina PC1,耐力ＰＣ１
2278,Stamina PC2,耐力ＰＣ２
2279,Stamina PC3,耐力ＰＣ３
2280,Stamina PC4,耐力ＰＣ４
2281,Loading PC1,裝填數ＰＣ１
2282,Loading PC2,裝填數ＰＣ２
2283,Loading PC3,裝填數ＰＣ３
2284,Loading PC4,裝填數ＰＣ４
2285,Sharpness PC1,鋒利度ＰＣ１
2286,Sharpness PC2,鋒利度ＰＣ２
2287,Sharpness PC3,鋒利度ＰＣ３
2288,Sharpness PC4,鋒利度ＰＣ４
2289,Guard PC1,防禦性能ＰＣ１
2290,Guard PC2,防禦性能ＰＣ２
2291,Guard PC3,防禦性能ＰＣ３
2292,Guard PC4,防禦性能ＰＣ４
2293,Evasion PC1,迴避性能ＰＣ１
2294,Evasion PC2,迴避性能ＰＣ２
2295,Evasion PC3,迴避性能ＰＣ３
2296,Evasion PC4,迴避性能ＰＣ４
2297,Adrenaline PC1,火場怪力ＰＣ１
2298,Adrenaline PC2,火場怪力ＰＣ２
2299,Adrenaline PC3,火場怪力ＰＣ３
2300,Adrenaline PC4,火場怪力ＰＣ４
2301,Whim PC1,反復無常ＰＣ１
2302,Whim PC2,反復無常ＰＣ２
2303,Whim PC3,反復無常ＰＣ３
2304,Whim PC4,反復無常ＰＣ４
2305,Recovery PC1,回復ＰＣ１
2306,Recovery PC2,回復ＰＣ２
2307,Recovery PC3,回復ＰＣ３
2308,Recovery PC4,回復ＰＣ４
2309,Combining PC1,調合成功ＰＣ１
2310,Combining PC2,調合成功ＰＣ２
2311,Combining PC3,調合成功ＰＣ３
2312,Combining PC4,調合成功ＰＣ４
2313,Ammo Combiner PC1,彈藥調合ＰＣ１
2314,Ammo Combiner PC2,彈藥調合ＰＣ２
2315,Ammo Combiner PC3,彈藥調合ＰＣ３
2316,Ammo Combiner PC4,彈藥調合ＰＣ４
2317,Everlasting PC1,效果持續ＰＣ１
2318,Everlasting PC2,效果持續ＰＣ２
2319,Everlasting PC3,效果持續ＰＣ３
2320,Everlasting PC4,效果持續ＰＣ４
2321,Fire Attack PC1,火属性攻撃ＰＣ１
2322,Fire Attack PC2,火属性攻撃ＰＣ２
2323,Fire Attack PC3,火属性攻撃ＰＣ３
2324,Fire Attack PC4,火属性攻撃ＰＣ４
2325,Water Attack PC1,水属性攻撃ＰＣ１
2326,Water Attack PC2,水属性攻撃ＰＣ２
2327,Water Attack PC3,水属性攻撃ＰＣ３
2328,Water Attack PC4,水属性攻撃ＰＣ４
2329,Thunder Attack PC1,雷属性攻撃ＰＣ１
2330,Thunder Attack PC2,雷属性攻撃ＰＣ２
2331,Thunder Attack PC3,雷属性攻撃ＰＣ３
2332,Thunder Attack PC4,雷属性攻撃ＰＣ４
2333,Ice Attack PC1,冰属性攻撃ＰＣ１
2334,Ice Attack PC2,冰属性攻撃ＰＣ２
2335,Ice Attack PC3,冰属性攻撃ＰＣ３
2336,Ice Attack PC4,冰属性攻撃ＰＣ４
2337,Dragon Attack PC1,龍属性攻撃ＰＣ１
2338,Dragon Attack PC2,龍属性攻撃ＰＣ２
2339,Dragon Attack PC3,龍属性攻撃ＰＣ３
2340,Dragon Attack PC4,龍属性攻撃ＰＣ４
2341,Para Res SA1,耐麻痺ＳＡ１
2342,Stun Res SA1,耐気絶ＳＡ１
2343,Poison Res SA1,耐毒ＳＡ１
2344,Hunger SA1,飢餓ＳＡ１
2345,All Res UP SA1,全耐性強化ＳＡ１
2346,Dragon Res SA1,耐龍ＳＡ１
2347,Bomb Sword SA1,爆彈属性強化ＳＡ１
2348,Fire Sword SA1,火属性強化ＳＡ１
2349,Water Sword SA1,水属性強化ＳＡ１
2350,Thunder Sword SA1,雷属性強化ＳＡ１
2351,Ice Sword SA1,冰属性強化ＳＡ１
2352,Dragon Sword SA1,龍属性強化ＳＡ１
2353,Sleep Res SA1,耐睡眠ＳＡ１
2354,Snowball Res SA1,雪球無效ＳＡ１
2355,Recovery Speed SA1,回復速度ＳＡ１
2356,Pellet S. SA1,散彈ＳＡ１
2357,Bomb Boost SA1,爆彈強化ＳＡ１
2358,Gluttony SA1,大胃王ＳＡ１
2359,Anti-Theft SA1,防盜ＳＡ１
2360,Fire Res SA1,耐火ＳＡ１
2361,Water Res SA1,耐水ＳＡ１
2362,Ice Res SA1,耐冰ＳＡ１
2363,Thunder Res SA1,耐雷ＳＡ１
2364,Breakout SA1,脱出ＳＡ１
2365,PrcShot Add SB1,貫通彈追加ＳＢ１
2366,PrcShot Add SB2,貫通彈追加ＳＢ２
2367,Backpacking SB1,搬運ＳＢ１
2368,Backpacking SB2,搬運ＳＢ２
2369,Gather Speed SB1,高速採取ＳＢ１
2370,Gather Speed SB2,高速採取ＳＢ２
2371,Whim SB1,反復無常ＳＢ１
2372,Whim SB2,反復無常ＳＢ２
2373,Psychic SB1,千里眼ＳＢ１
2374,Psychic SB2,千里眼ＳＢ２
2375,Recovery SB1,回復ＳＢ１
2376,Recovery SB2,回復ＳＢ２
2377,Combining SB1,調合成功ＳＢ１
2378,Combining SB2,調合成功ＳＢ２
2379,Ammo Combiner SB1,彈藥調合ＳＢ１
2380,Ammo Combiner SB2,彈藥調合ＳＢ２
2381,Eating SB1,食事ＳＢ１
2382,Eating SB2,食事ＳＢ２
2383,Terrain SB1,地形耐性ＳＢ１
2384,Terrain SB2,地形耐性ＳＢ２
2385,Quake Res SB1,耐震ＳＢ１
2386,Quake Res SB2,耐震ＳＢ２
2387,Gunnery SB1,砲術ＳＢ１
2388,Gunnery SB2,砲術ＳＢ２
2389,Sleep Res SB1,耐睡眠ＳＢ１
2390,Sleep Res SB2,耐睡眠ＳＢ２
2391,Deoderant SB1,消臭ＳＢ１
2392,Deoderant SB2,消臭ＳＢ２
2393,Snowball Res SB1,雪球無效ＳＢ１
2394,Snowball Res SB2,雪球無效ＳＢ２
2395,Stealth SB1 SB1,隱密ＳＢ１
2396,Stealth SB2 SB2,隱密ＳＢ２
2397,Health SB1,體力ＳＢ１
2398,Health SB2,體力ＳＢ２
2399,Recovery Speed SB1,回復速度ＳＢ１
2400,Recovery Speed SB2,回復速度ＳＢ２
2401,Auto-Guard SB1,自動防禦ＳＢ１
2402,Auto-Guard SB2,自動防禦ＳＢ２
2403,Throwing SB1,投擲ＳＢ１
2404,Throwing SB2,投擲ＳＢ２
2405,Normal S. SB1,通常彈ＳＢ１
2406,Normal S. SB2,通常彈ＳＢ２
2407,Defense SB1,防禦ＳＢ１
2408,Defense SB2,防禦ＳＢ２
2409,Heat Res SB1,耐暑ＳＢ１
2410,Heat Res SB2,耐暑ＳＢ２
2411,Cold Res SB1,耐寒ＳＢ１
2412,Cold Res SB2,耐寒ＳＢ２
2413,Para Res SC1,耐麻痺ＳＣ１
2414,Para Res SC2,耐麻痺ＳＣ２
2415,Para Res SC3,耐麻痺ＳＣ３
2416,Para Res SC4,耐麻痺ＳＣ４
2417,Para Res SC5,耐麻痺ＳＣ５
2418,Para Res SC6,耐麻痺ＳＣ６
2419,Stun Res SC1,耐気絶ＳＣ１
2420,Stun Res SC2,耐気絶ＳＣ２
2421,Stun Res SC3,耐気絶ＳＣ３
2422,Stun Res SC4,耐気絶ＳＣ４
2423,Stun Res SC5,耐気絶ＳＣ５
2424,Stun Res SC6,耐気絶ＳＣ６
2425,Poison Res SC1,耐毒ＳＣ１
2426,Poison Res SC2,耐毒ＳＣ２
2427,Poison Res SC3,耐毒ＳＣ３
2428,Poison Res SC4,耐毒ＳＣ４
2429,Poison Res SC5,耐毒ＳＣ５
2430,Poison Res SC6,耐毒ＳＣ６
2431,PrcShot Add SC1,貫通彈追加ＳＣ１
2432,PrcShot Add SC2,貫通彈追加ＳＣ２
2433,PrcShot Add SC3,貫通彈追加ＳＣ３
2434,PrcShot Add SC4,貫通彈追加ＳＣ４
2435,PrcShot Add SC5,貫通彈追加ＳＣ５
2436,PrcShot Add SC6,貫通彈追加ＳＣ６
2437,Hunger SC1,飢餓ＳＣ１
2438,Hunger SC2,飢餓ＳＣ２
2439,Hunger SC3,飢餓ＳＣ３
2440,Hunger SC4,飢餓ＳＣ４
2441,Hunger SC5,飢餓ＳＣ５
2442,Hunger SC6,飢餓ＳＣ６
2443,Wide-Area SC1,廣域化ＳＣ１
2444,Wide-Area SC2,廣域化ＳＣ２
2445,Wide-Area SC3,廣域化ＳＣ３
2446,Wide-Area SC4,廣域化ＳＣ４
2447,Wide-Area SC5,廣域化ＳＣ５
2448,Wide-Area SC6,廣域化ＳＣ６
2449,All Res UP SC1,全耐性強化ＳＣ１
2450,All Res UP SC2,全耐性強化ＳＣ２
2451,All Res UP SC3,全耐性強化ＳＣ３
2452,All Res UP SC4,全耐性強化ＳＣ４
2453,All Res UP SC5,全耐性強化ＳＣ５
2454,All Res UP SC6,全耐性強化ＳＣ６
2455,Gathering SC1,採取ＳＣ１
2456,Gathering SC2,採取ＳＣ２
2457,Gathering SC3,採取ＳＣ３
2458,Gathering SC4,採取ＳＣ４
2459,Gathering SC5,採取ＳＣ５
2460,Gathering SC6,採取ＳＣ６
2461,Psychic SC1,千里眼ＳＣ１
2462,Psychic SC2,千里眼ＳＣ２
2463,Psychic SC3,千里眼ＳＣ３
2464,Psychic SC4,千里眼ＳＣ４
2465,Psychic SC5,千里眼ＳＣ５
2466,Psychic SC6,千里眼ＳＣ６
2467,Eating SC1,食事ＳＣ１
2468,Eating SC2,食事ＳＣ２
2469,Eating SC3,食事ＳＣ３
2470,Eating SC4,食事ＳＣ４
2471,Eating SC5,食事ＳＣ５
2472,Eating SC6,食事ＳＣ６
2473,Vocal Chords SC1,防音ＳＣ１
2474,Vocal Chords SC2,防音ＳＣ２
2475,Vocal Chords SC3,防音ＳＣ３
2476,Vocal Chords SC4,防音ＳＣ４
2477,Vocal Chords SC5,防音ＳＣ５
2478,Vocal Chords SC6,防音ＳＣ６
2479,Cooking SC1,料理ＳＣ１
2480,Cooking SC2,料理ＳＣ２
2481,Cooking SC3,料理ＳＣ３
2482,Cooking SC4,料理ＳＣ４
2483,Cooking SC5,料理ＳＣ５
2484,Cooking SC6,料理ＳＣ６
2485,Crag S.Add SC1,徹甲榴彈追加ＳＣ１
2486,Crag S.Add SC2,徹甲榴彈追加ＳＣ２
2487,Crag S.Add SC3,徹甲榴彈追加ＳＣ３
2488,Crag S.Add SC4,徹甲榴彈追加ＳＣ４
2489,Crag S.Add SC5,徹甲榴彈追加ＳＣ５
2490,Crag S.Add SC6,徹甲榴彈追加ＳＣ６
2491,Clust S.Up SC1,擴散彈強化ＳＣ１
2492,Clust S.Up SC2,擴散彈強化ＳＣ２
2493,Clust S.Up SC3,擴散彈強化ＳＣ３
2494,Clust S.Up SC4,擴散彈強化ＳＣ４
2495,Clust S.Up SC5,擴散彈強化ＳＣ５
2496,Clust S.Up SC6,擴散彈強化ＳＣ６
2497,Map SC1,地圖ＳＣ１
2498,Map SC2,地圖ＳＣ２
2499,Map SC3,地圖ＳＣ３
2500,Map SC4,地圖ＳＣ４
2501,Map SC5,地圖ＳＣ５
2502,Map SC6,地圖ＳＣ６
2503,Fishing SC1,釣魚ＳＣ１
2504,Fishing SC2,釣魚ＳＣ２
2505,Fishing SC3,釣魚ＳＣ３
2506,Fishing SC4,釣魚ＳＣ４
2507,Fishing SC5,釣魚ＳＣ５
2508,Fishing SC6,釣魚ＳＣ６
2509,Fire Res SC1,耐火ＳＣ１
2510,Fire Res SC2,耐火ＳＣ２
2511,Fire Res SC3,耐火ＳＣ３
2512,Fire Res SC4,耐火ＳＣ４
2513,Fire Res SC5,耐火ＳＣ５
2514,Fire Res SC6,耐火ＳＣ６
2515,Water Res SC1,耐水ＳＣ１
2516,Water Res SC2,耐水ＳＣ２
2517,Water Res SC3,耐水ＳＣ３
2518,Water Res SC4,耐水ＳＣ４
2519,Water Res SC5,耐水ＳＣ５
2520,Water Res SC6,耐水ＳＣ６
2521,Ice Res SC1,耐冰ＳＣ１
2522,Ice Res SC2,耐冰ＳＣ２
2523,Ice Res SC3,耐冰ＳＣ３
2524,Ice Res SC4,耐冰ＳＣ４
2525,Ice Res SC5,耐冰ＳＣ５
2526,Ice Res SC6,耐冰ＳＣ６
2527,Thunder Res SC1,耐雷ＳＣ１
2528,Thunder Res SC2,耐雷ＳＣ２
2529,Thunder Res SC3,耐雷ＳＣ３
2530,Thunder Res SC4,耐雷ＳＣ４
2531,Thunder Res SC5,耐雷ＳＣ５
2532,Thunder Res SC6,耐雷ＳＣ６
2533,PA Cuff Tkt,ＰＡ袖飾票
2534,PB Cuff Tkt,ＰＢ袖飾票
2535,PC Cuff Tkt,ＰＣ袖飾票
2536,Cuff Base・Festi,Cuff Base・Festi
2537,Cuff Base・Black,Cuff Base・Black
2538,Cuff Base・White,Cuff Base・White
2539,Cuff Base・Blue,Cuff Base・Blue
2540,Cuff Base・Purple,Cuff Base・Purple
2541,Cuff Base・Sakura,Cuff Base・Sakura
2542,Cuff Base・Ruby,Cuff Base・Ruby
2543,Cuff Base・Green,Cuff Base・Green
2544,Cuff Base・Yellow,Cuff Base・Yellow
2545,Cuff Base・Orange,Cuff Base・Orange
2546,Cuff Base・Aqua,Cuff Base・Aqua
2547,Cuff Base・Gray,Cuff Base・Gray
2548,Cuff Base・Walnut,Cuff Base・Walnut
2549,Hunter Seal Red,Hunter Seal Red
2550,Hunter Seal Blue,Hunter Seal Blue
2551,Hunter Seal White,Hunter Seal White
2552,Hunter Seal Pink,Hunter Seal Pink
2553,Hunter Seal Prpl,Hunter Seal Prpl
2554,Hunter Seal Ylw,Hunter Seal Ylw
2555,EZ Poison Green,簡易緑毒
2556,EZ Poison Yellow,簡易黄毒
2557,Warm Oil,Warm Oil
2558,Cooling Oil,Cooling Oil
2559,G Baron Tkt,Ｇ男爵票
2560,P Baron Tkt,Ｐ男爵票
2561,B Equa Tkt,Ｂ幼馬票
2562,H Equa Tkt,Ｈ幼馬票
2563,Frost P Tkt,冰霜Ｐ票
2564,Sleep P Tkt,催眠Ｐ票
2565,S Crane Tkt,Ｓ鶴弓票
2566,A Crane Tkt,Ａ鶴弓票
2567,Tank B Tkt,戰車Ｂ票
2568,Baston B Tkt,魔杖Ｂ票
2569,Fort B Tkt,要塞Ｂ票
2570,Tank W Tkt,戰車Ｗ票
2571,Baston W Tkt,魔杖Ｗ票
2572,Fort W Tkt,要塞Ｗ票
2573,Aristo Tkt Head,貴族頭票
2574,Aristo Tkt Torso,貴族胴票
2575,Aristo Tkt Arms,貴族腕票
2576,Aristo Tkt Waist,貴族腰票
2577,Aristo Tkt Legs,貴族脚票
2578,Texto Tkt Head,原典頭票
2579,Texto Tkt Torso,原典胴票
2580,Texto Tkt Arms,原典腕票
2581,Texto Tkt Waist,原典腰票
2582,Texto Tkt Legs,原典脚票
2583,Aje Tkt Head,先驅頭票
2584,Aje Tkt Torso,先驅胴票
2585,Aje Tkt Arms,先驅腕票
2586,Aje Tkt Waist,先驅腰票
2587,Aje Tkt Legs,先驅脚票
2588,BP６ Tkt・１,ＢＰ６票・１
2589,BP６ Tkt・２,ＢＰ６票・２
2590,BP６ Tkt・３,ＢＰ６票・３
2591,BP６ Tkt・４,ＢＰ６票・４
2592,BP６ Tkt・５,ＢＰ６票・５
2593,BP６ Tkt・６,ＢＰ６票・６
2594,BP６ Tkt・７,ＢＰ６票・７
2595,BP６ Tkt・８,ＢＰ６票・８
2596,EF Ticket,ＥＦ票
2597,Iron Star Chunk,鐵星塊
2598,Sincere Bond,Sincere Bond
2599,Honest Bond,Honest Bond
2600,Red Codex,Red Codex
2601,Blue Codex,Blue Codex
2602,Yellow Codex,Yellow Codex
2603,Fulgur Venom Stone,電光毒石
2604,Torn Map-Top,Torn Map-Top
2605,Torn Map-Bottom,Torn Map-Bottom
2606,Reel Blueprints,Reel Blueprints
2607,Blazing Ore,熾熱礦石
2608,Sliced Jade,Sliced Jade
2609,Dummy 1010071,Dummy 1010071
2610,Dummy 1010072,Dummy 1010072
2611,Weird Fish,怪魚
2612,Sky Grass,天空草
2613,Map Fragment Ⅰ,Map Fragment Ⅰ
2614,Map Fragment Ⅱ,Map Fragment Ⅱ
2615,Map Fragment Ⅲ,Map Fragment Ⅲ
2616,Map Fragment Ⅳ,Map Fragment Ⅳ
2617,Map Fragment Ⅴ,Map Fragment Ⅴ
2618,Rare Amber Water,Rare Amber Water
2619,Rare Crimson Water,Rare Crimson Water
2620,Rare Rose Water,Rare Rose Water
2621,Rare Jade Water,Rare Jade Water
2622,Rare Lapis Water,Rare Lapis Water
2623,Rare Black Water,Rare Black Water
2624,Rare Silver Water,Rare Silver Water
2625,Rare Gold Water,Rare Gold Water
2626,Rare Amber Bag,Rare Amber Bag
2627,Rare Crimson Bag,Rare Crimson Bag
2628,Rare Rose Bag,Rare Rose Bag
2629,Rare Jade Bag,Rare Jade Bag
2630,Rare Lapis Bag,Rare Lapis Bag
2631,Rare Black Bag,Rare Black Bag
2632,Rare Silver Bag,Rare Silver Bag
2633,Rare Golden Bag,Rare Golden Bag
2634,Amber Secret Pot,Amber Secret Pot
2635,Crimson Secret Pot,Crimson Secret Pot
2636,Rose Secret Pot,Rose Secret Pot
2637,Jade Secret Pot,Jade Secret Pot
2638,Lapis Secret Pot,Lapis Secret Pot
2639,Black Secret Pot,Black Secret Pot
2640,Silver Secret Pot,Silver Secret Pot
2641,Gold Secret pot,Gold Secret pot
2642,Decayed Hide,腐敗的皮
2643,Gravios Tailbone,鎧龍的尾骨
2644,Armorer's Secret,Armorer's Secret
2645,Dyuragaua Scale,冰狐龍的鱗
2646,Dyuragaua Shell,冰狐龍的甲殼
2647,Dyuragaua Claw,冰狐龍的爪
2648,Dyuragaua Horn,冰狐龍的角
2649,Dyuragaua Tail,冰狐龍的尾
2650,Dyuragaua Spike,冰狐龍的棘
2651,Dyuragaua Scale+,冰狐龍的上鱗
2652,Dyuragaua Carapace,冰狐龍的堅殼
2653,Dyuragaua Claw+,冰狐龍的尖爪
2654,Dyuragaua Horn+,冰狐龍的尖角
2655,Dyuragaua Tail+,冰狐龍的上尾
2656,Dyuragaua Spike+,冰狐龍的上棘
2657,Dyuragaua Proof,Dyuragaua Proof
2658,Rookie Proof,Rookie Proof
2659,SnS Soul (Low),SnS Soul (Low)
2660,SnS Soul (Mid),SnS Soul (Mid)
2661,SnS Soul (High),SnS Soul (High)
2662,SnS Soul (Top),SnS Soul (Top)
2663,DS Soul (Low),DS Soul (Low)
2664,DS Soul (Mid),DS Soul (Mid)
2665,DS Soul (High),DS Soul (High)
2666,DS Soul (Top),DS Soul (Top)
2667,GS Soul (Low),GS Soul (Low)
2668,GS Soul (Mid),GS Soul (Mid)
2669,GS Soul (High),GS Soul (High)
2670,GS Soul (Top),GS Soul (Top)
2671,LS Soul (Low),LS Soul (Low)
2672,LS Soul (Mid),LS Soul (Mid)
2673,LS Soul (High),LS Soul (High)
2674,LS Soul (Top),LS Soul (Top)
2675,Hammer Soul (Low),Hammer Soul (Low)
2676,Hammer Soul (Mid),Hammer Soul (Mid)
2677,Hammer Soul (High),Hammer Soul (High)
2678,Hammer Soul (Top),Hammer Soul (Top)
2679,HH Soul (Low),HH Soul (Low)
2680,HH Soul (Mid),HH Soul (Mid)
2681,HH Soul (High),HH Soul (High)
2682,HH Soul (Top),HH Soul (Top)
2683,Lance Soul (Low),Lance Soul (Low)
2684,Lance Soul (Mid),Lance Soul (Mid)
2685,Lance Soul (High),Lance Soul (High)
2686,Lance Soul (Top),Lance Soul (Top)
2687,GL Soul (Low),GL Soul (Low)
2688,GL Soul (Mid),GL Soul (Mid)
2689,GL Soul (High),GL Soul (High)
2690,GL Soul (Top),GL Soul (Top)
2691,HBG Soul (Low),HBG Soul (Low)
2692,HBG Soul (Mid),HBG Soul (Mid)
2693,HBG Soul (High),HBG Soul (High)
2694,HBG Soul (Top),HBG Soul (Top)
2695,LBG Soul (low),LBG Soul (low)
2696,LBG Soul (Mid),LBG Soul (Mid)
2697,LBG Soul (High),LBG Soul (High)
2698,LBG Soul (Top),LBG Soul (Top)
2699,Bow Soul (Low),Bow Soul (Low)
2700,Bow Soul (Mid),Bow Soul (Mid)
2701,Bow Soul (High),Bow Soul (High)
2702,Bow Soul (Top),Bow Soul (Top)
2703,Strong Beak,Strong Beak
2704,Ferocious Beak,Ferocious Beak
2705,Divine Beak,Divine Beak
2706,Conga Savage Claw,桃毛獸的爪
2707,Conga Choice Claw,桃毛獸的爪
2708,Conga Rend Claw,桃毛獸的爪
2709,Volga Rare Fin,熔岩龍的鰭
2710,Volga Blade Fin,熔岩龍的鰭
2711,Volga Tyrant Fin,熔岩龍的鰭
2712,Khezu Cushy Hide,奇怪龍的皮
2713,Khezu Ghost Hide,奇怪龍的皮
2714,Khezu Ivory Belly,Khezu Ivory Belly
2715,Los Calamity Scale,雄火龍的鱗
2716,Los Stygian Scale,雄火龍的鱗
2717,Los Emperor Scale,雄火龍的鱗
2718,Ian Steel Shell,雌火龍的甲殼
2719,Ian Radiant Shell,雌火龍的甲殼
2720,Ian Glossy Shell,雌火龍的甲殼
2721,Great Twisted Horn,大歪角
2722,Contorted Direhorn,歪曲兇角
2723,Sublime Direhorn,崇高兇角
2724,Blango Crush Fang,雪獅子的碎牙
2725,Blango Pierce Fang,雪獅子的貫通牙
2726,Blango Mystic fang,雪獅子的神秘牙
2727,HC Ticket,ＨＣ票
2728,Sharpening PA1,砥石使用ＰＡ１
2729,Reload PA1,裝填速度ＰＡ１
2730,Wind Pressure PA1,風壓ＰＡ１
2731,Stamina PA1,耐力ＰＡ１
2732,Sharpness PA1,鋒利度ＰＡ１
2733,Gathering PA1,採取ＰＡ１
2734,Recovery PA1,回復ＰＡ１
2735,Combining PA1,調合成功ＰＡ１
2736,Eating PA1,食事ＰＡ１
2737,Everlasting PA1,效果持續ＰＡ１
2738,Loading PB1,裝填數ＰＢ１
2739,Loading PB2,裝填數ＰＢ２
2740,Sharpening PB1,砥石使用ＰＢ１
2741,Sharpening PB2,砥石使用ＰＢ２
2742,Recoil PB1,反動減軽ＰＢ１
2743,Recoil PB2,反動減軽ＰＢ２
2744,Auto-Reload PB1,自動裝填ＰＢ１
2745,Auto-Reload PB2,自動裝填ＰＢ２
2746,Stamina PB1,耐力ＰＢ１
2747,Precision PB1,精密射撃ＰＢ１
2748,Fasting PB1,絶食ＰＢ１
2749,Flute Expert PB1,笛達人ＰＢ１
2750,Flute Expert PB2,笛達人ＰＢ２
2751,Fire Sword PB1,火属性強化ＰＢ１
2752,Fire Sword PB2,火属性強化ＰＢ２
2753,Thunder Sword PB1,雷属性強化ＰＢ１
2754,Thunder Sword PB2,雷属性強化ＰＢ２
2755,Water Sword PB1,水属性強化ＰＢ１
2756,Water Sword PB2,水属性強化ＰＢ２
2757,All Res UP PB3,全耐性強化ＰＢ３
2758,Combining PB1,調合成功ＰＢ１
2759,Gunnery PB1,砲術ＰＢ１
2760,Recoil PC1,反動減軽ＰＣ１
2761,Recoil PC2,反動減軽ＰＣ２
2762,Recoil PC3,反動減軽ＰＣ３
2763,Recoil PC4,反動減軽ＰＣ４
2764,Normal S.Up PC1,通常彈強化ＰＣ１
2765,Normal S.Up PC2,通常彈強化ＰＣ２
2766,Normal S.Up PC3,通常彈強化ＰＣ３
2767,Normal S.Up PC4,通常彈強化ＰＣ４
2768,Status Attack PC1,特殊攻撃ＰＣ１
2769,Status Attack PC2,特殊攻撃ＰＣ２
2770,Status Attack PC3,特殊攻撃ＰＣ３
2771,Status Attack PC4,特殊攻撃ＰＣ４
2772,Protection PC1,精靈加護ＰＣ１
2773,Protection PC2,精靈加護ＰＣ２
2774,Protection PC3,精靈加護ＰＣ３
2775,Protection PC4,精靈加護ＰＣ４
2776,Wind Pressure PC1,風壓ＰＣ１
2777,Wind Pressure PC2,風壓ＰＣ２
2778,Wind Pressure PC3,風壓ＰＣ３
2779,Wind Pressure PC4,風壓ＰＣ４
2780,Precision PC1,精密射撃ＰＣ１
2781,Precision PC2,精密射撃ＰＣ２
2782,Precision PC3,精密射撃ＰＣ３
2783,Precision PC4,精密射撃ＰＣ４
2784,Precision PC5,精密射撃ＰＣ５
2785,Gunnery PC1,砲術ＰＣ１
2786,Gunnery PC2,砲術ＰＣ２
2787,Gunnery PC3,砲術ＰＣ３
2788,Gunnery PC4,砲術ＰＣ４
2789,Gather Speed PC1,高速採取ＰＣ１
2790,Gather Speed PC2,高速採取ＰＣ２
2791,Gather Speed PC3,高速採取ＰＣ３
2792,Gather Speed PC4,高速採取ＰＣ４
2793,Dragon Res PC1,耐龍ＰＣ１
2794,Dragon Res PC2,耐龍ＰＣ２
2795,Dragon Res PC3,耐龍ＰＣ３
2796,Dragon Res PC4,耐龍ＰＣ４
2797,Backpacking PC1,搬運ＰＣ１
2798,Backpacking PC2,搬運ＰＣ２
2799,Backpacking PC3,搬運ＰＣ３
2800,Backpacking PC4,搬運ＰＣ４
2801,Passive PC1,體術ＰＣ１
2802,Passive PC2,體術ＰＣ２
2803,Passive PC3,體術ＰＣ３
2804,Passive PC4,體術ＰＣ４
2805,Dragon Sword PC1,龍属性強化ＰＣ１
2806,Dragon Sword PC2,龍属性強化ＰＣ２
2807,Dragon Sword PC3,龍属性強化ＰＣ３
2808,Dragon Sword PC4,龍属性強化ＰＣ４
2809,Dragon Sword PC5,龍属性強化ＰＣ５
2810,Ammo Combiner SA1,彈藥調合ＳＡ１
2811,Fire Attack SA1,火属性攻撃ＳＡ１
2812,Water Attack SA1,水属性攻撃ＳＡ１
2813,Thunder Attack SA1,雷属性攻撃ＳＡ１
2814,Ice Attack SA1,冰属性攻撃ＳＡ１
2815,Dragon Attack SA1,龍属性攻撃ＳＡ１
2816,Defense SA1,防禦ＳＡ１
2817,Heat Res SA1,耐暑ＳＡ１
2818,Cold Res SA1,耐寒ＳＡ１
2819,Martial Arts SA1,體術ＳＡ１
2820,Strong Arm SA1 SA1,剛腕ＳＡ１
2821,Inspiration SA1,靈感ＳＡ１
2822,Fire Attack SB1,火属性攻撃ＳＢ１
2823,Fire Attack SB2,火属性攻撃ＳＢ２
2824,Water Attack SB1,水属性攻撃ＳＢ１
2825,Water Attack SB2,水属性攻撃ＳＢ２
2826,Thunder Attack SB1,雷属性攻撃ＳＢ１
2827,Thunder Attack SB2,雷属性攻撃ＳＢ２
2828,Ice Attack SB1,冰属性攻撃ＳＢ１
2829,Ice Attack SB2,冰属性攻撃ＳＢ２
2830,Dragon Attack SB1,龍属性攻撃ＳＢ１
2831,Dragon Attack SB2,龍属性攻撃ＳＢ２
2832,Bond SB1,絆ＳＢ１
2833,Bond SB2,絆ＳＢ２
2834,Inspiration SB1,靈感ＳＢ１
2835,Inspiration SB2,靈感ＳＢ２
2836,Martial Arts SB1,體術ＳＢ１
2837,Martial Arts SB2,體術ＳＢ２
2838,Breakout SB1,脱出ＳＢ１
2839,Breakout SB2,脱出ＳＢ２
2840,Strong Arm SB1 SB1,剛腕ＳＢ１
2841,Strong Arm SB2 SB2,剛腕ＳＢ２
2842,Pressure SB1,威壓ＳＢ１
2843,Pressure SB2,威壓ＳＢ２
2844,Capture Expert SB1,捕獲達人ＳＢ１
2845,Capture Expert SB2,捕獲達人ＳＢ２
2846,Bomb Sword SC1,爆彈属性強化ＳＣ１
2847,Bomb Sword SC2,爆彈属性強化ＳＣ２
2848,Bomb Sword SC3,爆彈属性強化ＳＣ３
2849,Bomb Sword SC4,爆彈属性強化ＳＣ４
2850,Bomb Sword SC5,爆彈属性強化ＳＣ５
2851,Bomb Sword SC6,爆彈属性強化ＳＣ６
2852,Fire Sword SC1,火属性強化ＳＣ１
2853,Fire Sword SC2,火属性強化ＳＣ２
2854,Fire Sword SC3,火属性強化ＳＣ３
2855,Fire Sword SC4,火属性強化ＳＣ４
2856,Fire Sword SC5,火属性強化ＳＣ５
2857,Fire Sword SC6,火属性強化ＳＣ６
2858,Water Sword SC1,水属性強化ＳＣ１
2859,Water Sword SC2,水属性強化ＳＣ２
2860,Water Sword SC3,水属性強化ＳＣ３
2861,Water Sword SC4,水属性強化ＳＣ４
2862,Water Sword SC5,水属性強化ＳＣ５
2863,Water Sword SC6,水属性強化ＳＣ６
2864,Thunder Sword SC1,雷属性強化ＳＣ１
2865,Thunder Sword SC2,雷属性強化ＳＣ２
2866,Thunder Sword SC3,雷属性強化ＳＣ３
2867,Thunder Sword SC4,雷属性強化ＳＣ４
2868,Thunder Sword SC5,雷属性強化ＳＣ５
2869,Thunder Sword SC6,雷属性強化ＳＣ６
2870,Ice Sword SC1,冰属性強化ＳＣ１
2871,Ice Sword SC2,冰属性強化ＳＣ２
2872,Ice Sword SC3,冰属性強化ＳＣ３
2873,Ice Sword SC4,冰属性強化ＳＣ４
2874,Ice Sword SC5,冰属性強化ＳＣ５
2875,Ice Sword SC6,冰属性強化ＳＣ６
2876,Defense SC1,防禦ＳＣ１
2877,Defense SC2,防禦ＳＣ２
2878,Defense SC3,防禦ＳＣ３
2879,Defense SC4,防禦ＳＣ４
2880,Defense SC5,防禦ＳＣ５
2881,Defense SC6,防禦ＳＣ６
2882,Snowball Res SC1,雪球無效ＳＣ１
2883,Snowball Res SC2,雪球無效ＳＣ２
2884,Snowball Res SC3,雪球無效ＳＣ３
2885,Snowball Res SC4,雪球無效ＳＣ４
2886,Snowball Res SC5,雪球無效ＳＣ５
2887,Snowball Res SC6,雪球無效ＳＣ６
2888,Heat Res SC1,耐暑ＳＣ１
2889,Heat Res SC2,耐暑ＳＣ２
2890,Heat Res SC3,耐暑ＳＣ３
2891,Heat Res SC4,耐暑ＳＣ４
2892,Heat Res SC5,耐暑ＳＣ５
2893,Heat Res SC6,耐暑ＳＣ６
2894,Cold Res SC1,耐寒ＳＣ１
2895,Cold Res SC2,耐寒ＳＣ２
2896,Cold Res SC3,耐寒ＳＣ３
2897,Cold Res SC4,耐寒ＳＣ４
2898,Cold Res SC5,耐寒ＳＣ５
2899,Cold Res SC6,耐寒ＳＣ６
2900,Recovery Speed SC1,回復速度ＳＣ１
2901,Recovery Speed SC2,回復速度ＳＣ２
2902,Recovery Speed SC3,回復速度ＳＣ３
2903,Recovery Speed SC4,回復速度ＳＣ４
2904,Recovery Speed SC5,回復速度ＳＣ５
2905,Recovery Speed SC6,回復速度ＳＣ６
2906,Cuff Base・Brown,Cuff Base・Brown
2907,Cuff Base・Uhana,Cuff Base・Uhana
2908,Cuff Base・Citrus,Cuff Base・Citrus
2909,Cuff Base・Lilac,Cuff Base・Lilac
2910,Cuff Base・Sprout,Cuff Base・Sprout
2911,Cuff Base・Red,Cuff Base・Red
2912,Cuff Base・Crimson,Cuff Base・Crimson
2913,Cuff Base・Pine,Cuff Base・Pine
2914,Cuff Base・Scarlet,Cuff Base・Scarlet
2915,Snowflake Grass,雪花草
2916,Sleet Grass,霰草
2917,Popo Lily,波波百合
2918,Purse Grass,袋草
2919,Reverse Grass,逆草
2920,Yanat Ore,亞納特礦石
2921,Green Mold Stone,綠黴石
2922,Blue Mold Stone,藍黴石
2923,Red Mold Stone,紅黴石
2924,Snow Crystals,雪結晶
2925,Ice Bug,冰蟲
2926,Ice Butterfly,冰蝴蝶
2927,White Centipede,White Centipede
2928,Snow Spider,雪蜘蛛
2929,Earthworm,艾阿爾斯沃爾姆
2930,Torn Pouch,Torn Pouch
2931,Wilted Bouquet,Wilted Bouquet
2932,Cracked Pot,Cracked Pot
2933,Spicy Pepper,辛香椒
2934,Inferno Grass,煉獄草
2935,Charcoal Grass,木炭草
2936,Flaming Grass,火焔草
2937,Popo Beans,Popo Beans
2938,Juby,Juby
2939,Red Burdock Stone,紅牛蒡石
2940,Flint,Flint
2941,Blk Burdock Stone,黑牛蒡石
2942,Blue Burdock Stone,藍牛蒡石
2943,Fire Beetle,火甲蟲
2944,Toxic Skipper,Toxic Skipper
2945,Rockworm,羅克沃爾姆
2946,Blue-eyed Monarch,Blue-eyed Monarch
2947,Small Sword Hilt,Small Sword Hilt
2948,Burnt Felvine,Burnt Felvine
2949,Unfinished Barrel,未完成桶
2950,Stone Shard [Top],石片［上］
2951,Stone Shard [Mid],石片［中］
2952,Stone Shard [Bot],石片［下］
2953,Final Stone Plate,終焉石板
2954,Dora Carapace,冥雷龍的堅殼
2955,Dora Scale,冥雷龍的鱗
2956,Dora Tail,冥雷龍的尾
2957,Dora Claw,冥雷龍的爪
2958,Dora Horn,冥雷龍的角
2959,Dora Wing,冥雷龍的翼
2960,Dora Marrow,冥雷龍的骨髓
2961,Dora Mane,Dora Mane
2962,Dora Jewel,多拉珠
2963,Dora Proof,Dora Proof
2964,Stiff I Tkt,スティフＩ票
2965,Grave I Tkt,グレーヴＩ票
2966,Mammoth S Tkt,マンモスＳ票
2967,Furious S Tkt,フュリアＳ票
2968,Flame B Tkt,火焔Ｂ票
2969,Aqua B Tkt,泉流Ｂ票
2970,Spark M Tkt,閃光Ｍ票
2971,Drake M Tkt,巨龍Ｍ票
2972,Gold Cat GS Tkt,金猫大劍票
2973,Silver Cat GS Tkt,銀猫大劍票
2974,W Bolt Tkt,Ｗ・雷栓票
2975,C Fang Tkt,Ｃ・牙票
2976,T Fang Tkt,Ｔファング票
2977,Heat S Tkt,火焔Ｓ票
2978,Blaze S Tkt,烈焔Ｓ票
2979,Flare S Tkt,焔息Ｓ票
2980,Ripple S Tkt,細波Ｓ票
2981,Swell S Tkt,強盾Ｓ票
2982,Rogue S Tkt,遊侠Ｓ票
2983,Goldcat Gun Tkt 1,金猫砲・壹票
2984,Goldcat Gun Tkt 2,金猫砲・貳票
2985,Goldcat Gun Tkt 3,金猫砲・參票
2986,Silvrcat Gun Tkt 1,銀猫砲・壹票
2987,Silvrcat Gun Tkt 2,銀猫砲・貳票
2988,Silvrcat Gun Tkt 3,銀猫砲・參票
2989,E Mask Green Tkt,棘龍面罩緑票
2990,E Mask Tea Tkt,棘龍面罩茶票
2991,E Mask White Tkt,棘龍面罩白票
2992,Rage Tkt Head,憤怒頭票
2993,Rage Tkt Chest,憤怒胴票
2994,Rage Tkt Arms,憤怒腕票
2995,Rage Tkt Waist,憤怒腰票
2996,Rage Tkt Legs,憤怒脚票
2997,Rampage Tkt Head,狂亂頭票
2998,Rampage Tkt Chest,狂亂胴票
2999,Rampage Tkt Arms,狂亂腕票
3000,Rampage Tkt Waist,狂亂腰票
3001,Rampage Tkt Legs,狂亂脚票
3002,Blaze Tkt Head,業火頭票
3003,Blaze Tkt Chest,業火胴票
3004,Blaze Tkt Arms,業火腕票
3005,Blaze Tkt Waist,業火腰票
3006,Blaze Tkt Legs,業火脚票
3007,Pharan Tkt Head,巫者頭票
3008,Pharan Tkt Torso,巫者胴票
3009,Pharan Tkt Arms,巫者腕票
3010,Pharan Tkt Waist,巫者腰票
3011,Pharan Tkt Legs,巫者脚票
3012,Gold Cat Head,Gold Cat Head
3013,Gold Cat Chest,Gold Cat Chest
3014,Gold Cat Arms,Gold Cat Arms
3015,Gold Cat Waist,Gold Cat Waist
3016,Gold Cat Legs,Gold Cat Legs
3017,Silver Cat Head,Silver Cat Head
3018,Silver Cat Chest,Silver Cat Chest
3019,Silver Cat Arms,Silver Cat Arms
3020,Silver Cat Waist,Silver Cat Waist
3021,Silver Cat Legs,Silver Cat Legs
3022,Card Ore Blue,可片礦藍
3023,Card Ore Gray,可片礦灰
3024,Card Ore Green,可片礦綠
3025,Card Ore Orange,可片礦橙
3026,P Lance Tkt Black,Ｐ長槍票黒
3027,P Lance Tkt White,Ｐ長槍票白
3028,BP７ Tkt・１,ＢＰ７票・１
3029,BP７ Tkt・２,ＢＰ７票・２
3030,BP７ Tkt・３,ＢＰ７票・３
3031,BP７ Tkt・４,ＢＰ７票・４
3032,BP７ Tkt・５,ＢＰ７票・５
3033,BP７ Tkt・６,ＢＰ７票・６
3034,BP７ Tkt・７,ＢＰ７票・７
3035,BP７ Tkt・８,ＢＰ７票・８
3036,ＴＰ３ Tkt・１,ＴＰ３票・１
3037,ＴＰ３ Tkt・２,ＴＰ３票・２
3038,ＴＰ３ Tkt・３,ＴＰ３票・３
3039,ＴＰ３ Tkt・４,ＴＰ３票・４
3040,ＴＰ３ Tkt・５,ＴＰ３票・５
3041,Thank You Ⅲ,Thank You Ⅲ
3042,Pioneer Proof,Pioneer Proof
3043,Primo Coin,Primo Coin
3044,Ebony Dragontite,Ebony Dragontite
3045,Ivory Dragontite,Ivory Dragontite
3046,Carbide Board,Carbide Board
3047,Carbide Chain,Carbide Chain
3048,Barbide Bolt,Barbide Bolt
3049,Squishy Thing,Squishy Thing
3050,Warm S Tkt,暖熱Ｓ票
3051,Shine S Tkt,眩光Ｓ票
3052,Desire S Tkt,強欲Ｓ票
3053,Secret Notes Book,Secret Notes Book
3054,Charged Gear,Charged Gear
3055,EBX C Tkt,ＥＢＸＣ票
3056,EBX P Tkt,ＥＢＸＰ票
3057,EBX E Tkt,ＥＢＸＥ票
3058,Big Flash Gem,Big Flash Gem
3059,Big Blast Gem,Big Blast Gem
3060,Big Penetrator Gem,Big Penetrator Gem
3061,Instructor Coin,Instructor Coin
3062,Pale Hypnoc Pelt,蒼眠鳥的皮
3063,Sphere Tkt Head,星體頭票
3064,Sphere Tkt Torso,星體胴票
3065,Sphere Tkt Arms,星體腕票
3066,Sphere Tkt Waist,星體腰票
3067,Sphere Tkt Legs,星體脚票
3068,White Tools,White Tools
3069,Yellow Tools,Yellow Tools
3070,Bizarre Egg,Bizarre Egg
3071,East Light [Blue],East Light [Blue]
3072,East Light [Gold],East Light [Gold]
3073,West Light [Blue],West Light [Blue]
3074,West Light [Gold],West Light [Gold]
3075,Cuff Base・N,Cuff Base・N
3076,Cuff Base・Abyssal,Cuff Base・Abyssal
3077,Cuff Base・Mauve,Cuff Base・Mauve
3078,Cuff Base・Seed,Cuff Base・Seed
3079,Cuff Base・Pearl,Cuff Base・Pearl
3080,Cuff Base・Peach,Cuff Base・Peach
3081,Cuff Base・Gold,Cuff Base・Gold
3082,Cuff Base・Royal,Cuff Base・Royal
3083,Cuff Base・Akane,Cuff Base・Akane
3084,Loading PA1,裝填數ＰＡ１
3085,Guard PA1,防禦性能ＰＡ１
3086,Focus PA1,集中ＰＡ１
3087,Wind Pressure PA2,風壓ＰＡ２
3088,Adrenaline PA1,火場怪力ＰＡ１
3089,Bomb Sword PA1,爆彈属性強化ＰＡ１
3090,Bomb Sword PA2,爆彈属性強化ＰＡ２
3091,Ice Sword PA1,冰属性強化ＰＡ１
3092,Ice Sword PA2,冰属性強化ＰＡ２
3093,Pierce Up PB1,貫通彈強化ＰＢ１
3094,Pierce Up PB2,貫通彈強化ＰＢ２
3095,Pellet Up PB1,散彈強化ＰＢ１
3096,Pellet Up PB2,散彈強化ＰＢ２
3097,Status Attack PB1,特殊攻撃ＰＢ１
3098,Status Attack PB2,特殊攻撃ＰＢ２
3099,Stamina PB2,耐力ＰＢ２
3100,Stamina PB3,耐力ＰＢ３
3101,Poison Sword PB1,毒属性強化ＰＢ１
3102,Everlasting PB1,效果持續ＰＢ１
3103,Everlasting PB2,效果持續ＰＢ２
3104,Passive PB1,體術ＰＢ１
3105,Passive PB2,體術ＰＢ２
3106,Bomb Sword PB1,爆彈属性強化ＰＢ１
3107,Bomb Sword PB2,爆彈属性強化ＰＢ２
3108,Dragon Sword PB1,龍属性強化ＰＢ１
3109,Dragon Sword PB2,龍属性強化ＰＢ２
3110,Focus PC1,集中ＰＣ１
3111,Focus PC2,集中ＰＣ２
3112,Focus PC3,集中ＰＣ３
3113,Focus PC4,集中ＰＣ４
3114,Focus PC5,集中ＰＣ５
3115,Reload PC1,裝填速度ＰＣ１
3116,Reload PC2,裝填速度ＰＣ２
3117,Reload PC3,裝填速度ＰＣ３
3118,Reload PC4,裝填速度ＰＣ４
3119,Reload PC5,裝填速度ＰＣ５
3120,Fasting PC1,絶食ＰＣ１
3121,Fasting PC2,絶食ＰＣ２
3122,Fasting PC3,絶食ＰＣ３
3123,Fasting PC4,絶食ＰＣ４
3124,Fasting PC5,絶食ＰＣ５
3125,Poison Sword PC1,毒属性強化ＰＣ１
3126,Poison Sword PC2,毒属性強化ＰＣ２
3127,Poison Sword PC3,毒属性強化ＰＣ３
3128,Poison Sword PC4,毒属性強化ＰＣ４
3129,Poison Sword PC5,毒属性強化ＰＣ５
3130,Terrain PC1,地形耐性ＰＣ１
3131,Terrain PC2,地形耐性ＰＣ２
3132,Terrain PC3,地形耐性ＰＣ３
3133,Terrain PC4,地形耐性ＰＣ４
3134,Quake Res PC1,耐震ＰＣ１
3135,Quake Res PC2,耐震ＰＣ２
3136,Quake Res PC3,耐震ＰＣ３
3137,Quake Res PC4,耐震ＰＣ４
3138,Flute Expert PC1,笛達人ＰＣ１
3139,Flute Expert PC2,笛達人ＰＣ２
3140,Flute Expert PC3,笛達人ＰＣ３
3141,Flute Expert PC4,笛達人ＰＣ４
3142,Bond PC1,絆ＰＣ１
3143,Bond PC2,絆ＰＣ２
3144,Bond PC3,絆ＰＣ３
3145,Bond PC4,絆ＰＣ４
3146,Everlasting PC5,效果持續ＰＣ５
3147,Everlasting PC6,效果持續ＰＣ６
3148,Everlasting PC7,效果持續ＰＣ７
3149,Everlasting PC8,效果持續ＰＣ８
3150,Endurance PC5,持久ＰＣ５
3151,Hunger PC1,飢餓ＰＣ１
3152,Fire Attack SA2,火属性攻撃ＳＡ２
3153,Fire Attack SA3,火属性攻撃ＳＡ３
3154,Water Attack SA2,水属性攻撃ＳＡ２
3155,Water Attack SA3,水属性攻撃ＳＡ３
3156,Dragon Attack SA2,龍属性攻撃ＳＡ２
3157,Dragon Attack SA3,龍属性攻撃ＳＡ３
3158,Stealth SA1 SA1,隱密ＳＡ１
3159,Stealth SA2 SA2,隱密ＳＡ２
3160,Health SA1,體力ＳＡ１
3161,Health SA2,體力ＳＡ２
3162,Auto-Guard SA1,自動防禦ＳＡ１
3163,Auto-Guard SA2,自動防禦ＳＡ２
3164,Para Res SB1,耐麻痺ＳＢ１
3165,Para Res SB2,耐麻痺ＳＢ２
3166,Poison Res SB1,耐毒ＳＢ１
3167,Poison Res SB2,耐毒ＳＢ２
3168,Eating SB3,食事ＳＢ３
3169,Eating SB4,食事ＳＢ４
3170,Ammo Combiner SB3,彈藥調合ＳＢ３
3171,Ammo Combiner SB4,彈藥調合ＳＢ４
3172,Terrain SB3,地形耐性ＳＢ３
3173,Terrain SB4,地形耐性ＳＢ４
3174,Backpacking SB3,搬運ＳＢ３
3175,Backpacking SB4,搬運ＳＢ４
3176,Pellet S.Up SB1,散彈強化ＳＢ１
3177,Pellet S.Up SB2,散彈強化ＳＢ２
3178,Crag S.Up SB1,徹甲榴彈強化ＳＢ１
3179,Crag S.Up SB2,徹甲榴彈強化ＳＢ２
3180,Clust S.Up SB1,擴散彈強化ＳＢ１
3181,Clust S.Up SB2,擴散彈強化ＳＢ２
3182,Bomb Boost SB1,爆彈強化ＳＢ１
3183,Bomb Boost SB2,爆彈強化ＳＢ２
3184,Gluttony SB1,大胃王ＳＢ１
3185,Gluttony SB2,大胃王ＳＢ２
3186,Anti-Theft SB1,防盜ＳＢ１
3187,Anti-Theft SB2,防盜ＳＢ２
3188,Wide-Area SC7,廣域化ＳＣ７
3189,Wide-Area SC8,廣域化ＳＣ８
3190,Wide-Area SC9,廣域化ＳＣ９
3191,Wide-Area SC10,廣域化ＳＣ１０
3192,Wide-Area SC11,廣域化ＳＣ１１
3193,Passive SC1,體術ＳＣ１
3194,Passive SC2,體術ＳＣ２
3195,Passive SC3,體術ＳＣ３
3196,Passive SC4,體術ＳＣ４
3197,Passive SC5,體術ＳＣ５
3198,Combining SC1,調合成功ＳＣ１
3199,Combining SC2,調合成功ＳＣ２
3200,Combining SC3,調合成功ＳＣ３
3201,Combining SC4,調合成功ＳＣ４
3202,Combining SC5,調合成功ＳＣ５
3203,Backpacking SC1,搬運ＳＣ１
3204,Backpacking SC2,搬運ＳＣ２
3205,Backpacking SC3,搬運ＳＣ３
3206,Backpacking SC4,搬運ＳＣ４
3207,Backpacking SC5,搬運ＳＣ５
3208,Whim SC1,反復無常ＳＣ１
3209,Whim SC2,反復無常ＳＣ２
3210,Whim SC3,反復無常ＳＣ３
3211,Whim SC4,反復無常ＳＣ４
3212,Whim SC5,反復無常ＳＣ５
3213,Eating SC7,食事ＳＣ７
3214,Eating SC8,食事ＳＣ８
3215,Eating SC9,食事ＳＣ９
3216,Eating SC10,食事ＳＣ１０
3217,Eating SC11,食事ＳＣ１１
3218,Sleep Coating SC1,睡眠瓶追加ＳＣ１
3219,Sleep Coating SC2,睡眠瓶追加ＳＣ２
3220,Sleep Coating SC3,睡眠瓶追加ＳＣ３
3221,Sleep Coating SC4,睡眠瓶追加ＳＣ４
3222,Sleep Coating SC5,睡眠瓶追加ＳＣ５
3223,Para Coating SC1,麻痺瓶追加ＳＣ１
3224,Para Coating SC2,麻痺瓶追加ＳＣ２
3225,Para Coating SC3,麻痺瓶追加ＳＣ３
3226,Para Coating SC4,麻痺瓶追加ＳＣ４
3227,Para Coating SC5,麻痺瓶追加ＳＣ５
3228,Poison Coating SC1,毒瓶追加ＳＣ１
3229,Poison Coating SC2,毒瓶追加ＳＣ２
3230,Poison Coating SC3,毒瓶追加ＳＣ３
3231,Poison Coating SC4,毒瓶追加ＳＣ４
3232,Poison Coating SC5,毒瓶追加ＳＣ５
3233,Capture Expert SC1,捕獲達人ＳＣ１
3234,Capture Expert SC2,捕獲達人ＳＣ２
3235,Capture Expert SC3,捕獲達人ＳＣ３
3236,Capture Expert SC4,捕獲達人ＳＣ４
3237,Capture Expert SC5,捕獲達人ＳＣ５
3238,Inspiration SC1,靈感ＳＣ１
3239,Inspiration SC2,靈感ＳＣ２
3240,Inspiration SC3,靈感ＳＣ３
3241,Inspiration SC4,靈感ＳＣ４
3242,Inspiration SC5,靈感ＳＣ５
3243,Monster SC1,對怪物ＳＣ１
3244,Monster SC2,對怪物ＳＣ２
3245,Monster SC3,對怪物ＳＣ３
3246,Monster SC4,對怪物ＳＣ４
3247,Monster SC5,對怪物ＳＣ５
3248,Winner's Proof,Winner's Proof
3249,Hail P Tkt,冰雹Ｐ票
3250,Toxic P Tkt,熱疫Ｐ票
3251,Aqua C Tkt,水藍Ｃ票
3252,Metal C Tkt,金屬Ｃ票
3253,Venom S Tkt,毒魔Ｓ票
3254,Elec S Tkt,電氣Ｓ票
3255,Naga W Tkt,蛇神Ｗ票
3256,Hydra W Tkt,海蛇Ｗ票
3257,Slug L Tkt,亂鬥Ｌ票
3258,Nade L Tkt,飛躍Ｌ票
3259,Alti L Tkt,豪鋒Ｌ票
3260,Lizard M Tkt,蜥蜴Ｍ票
3261,Scale M Tkt,鱗之Ｍ票
3262,Draco M Tkt,龍之Ｍ票
3263,Regelia Tkt Head,英豪頭票
3264,Regelia Tkt Torso,英豪胴票
3265,Regelia Tkt Arms,英豪腕票
3266,Regelia Tkt Waist,英豪腰票
3267,Regelia Tkt Legs,英豪脚票
3268,ＴＮ２ Tkt・１,ＴＮ２票・１
3269,ＴＮ２ Tkt・２,ＴＮ２票・２
3270,ＴＮ２ Tkt・３,ＴＮ２票・３
3271,ＴＮ２ Tkt・４,ＴＮ２票・４
3272,ＴＮ２ Tkt・５,ＴＮ２票・５
3273,Sleet Tkt Head,雪花頭票
3274,Sleet Tkt Torso,雪花胴票
3275,Sleet Tkt Arms,雪花腕票
3276,Sleet Tkt Waist,雪花腰票
3277,Sleet Tkt Legs,雪花脚票
3278,Chamarella Tkt・H,接待頭票
3279,Chamerella Tkt・T,接待胴票
3280,Chamerella Tkt・A,接待腕票
3281,Chamerella Tkt・W,接待腰票
3282,Chamerella Tkt・L,接待脚票
3283,BP８ Tkt・１,ＢＰ８票・１
3284,BP８ Tkt・２,ＢＰ８票・２
3285,BP８ Tkt・３,ＢＰ８票・３
3286,BP８ Tkt・４,ＢＰ８票・４
3287,BP８ Tkt・５,ＢＰ８票・５
3288,BP８ Tkt・６,ＢＰ８票・６
3289,BP８ Tkt・７,ＢＰ８票・７
3290,BP８ Tkt・８,ＢＰ８票・８
3291,Thunder Scythe Tkt,雷豪鎌票
3292,Burning Scythe Tkt,灼熱鎌票
3293,Death Scythe Tkt,恐龍鎌票
3294,Ice Wedding Tiara,Ice Wedding Tiara
3295,Millenium Snow,Millenium Snow
3296,Permafrost,Permafrost
3297,Iceberg Tip,Iceberg Tip
3298,Reversible Stone,雙面石
3299,Cat Mist,Cat Mist
3300,False Whetstone,假砥石
3301,Black Platinum,Black Platinum
3302,Otoshidama [4th],Otoshidama [4th]
3303,Shakalaka Fragment,Shakalaka Fragment
3304,Crimson Melody,Crimson Melody
3305,Azure Melody,Azure Melody
3306,Comrade Strength,Comrade Strength
3307,F.Instructor Wish,F.Instructor Wish
3308,Undrying Skin,Undrying Skin
3309,Christmas Song,Christmas Song
3310,Large Socks,Large Socks
3311,Form of Passion,Form of Passion
3312,Arrow of Passion,Arrow of Passion
3313,Comrade Seal,Comrade Seal
3314,Hunter's Deed,Hunter's Deed
3315,Strange BBQ,奇怪燒肉
3316,Strange Spike,奇怪的棘
3317,Strange Pouch,Strange Pouch
3318,Shining Star,Shining Star
3319,Frozen Fur,凍結的毛
3320,Steel Ore,鋼鐵礦石
3321,Beast Claw,牙獸種的爪
3322,Beast Fang,牙獸種的牙
3323,Pure White Teeth,Pure White Teeth
3324,Hard Dorsal Spine,Hard Dorsal Spine
3325,Hard Red Horn,堅紅角
3326,Strong Heavy Scale,強重鱗
3327,Shotgun,Shotgun
3328,Pitchfork,Pitchfork
3329,Knife Set,小刀組
3330,Globe,Globe
3331,Duct Tape,Duct Tape
3332,DR2 Tkt Head,ＤＲ２頭票
3333,DR2 Tkt Torso,ＤＲ２胴票
3334,DR2 Tkt Arms,ＤＲ２腕票
3335,Dummy,(dummy)
3336,DR2 Tkt Waist,ＤＲ２腰票
3337,DR2 Tkt Legs,ＤＲ２脚票
3338,Cuff Base・Mustard,Cuff Base・Mustard
3339,Cuff Base・Jade,Cuff Base・Jade
3340,Cuff Base・Cyan,Cuff Base・Cyan
3341,Cuff Base・Caramel,Cuff Base・Caramel
3342,Cuff Base・Daffy,Cuff Base・Daffy
3343,Cuff Base・Mouse,Cuff Base・Mouse
3344,Cuff Base・Powder,Cuff Base・Powder
3345,Cuff Base・Violet,Cuff Base・Violet
3346,Auto-Reload PA1,自動裝填ＰＡ１
3347,Auto-Reload PA2,自動裝填ＰＡ２
3348,Auto-Reload PA3,自動裝填ＰＡ３
3349,Wind Pressure PA3,風壓ＰＡ３
3350,Wind Pressure PA4,風壓ＰＡ４
3351,Quake Res PA1,耐震ＰＡ１
3352,Quake Res PA2,耐震ＰＡ２
3353,Ammo Combiner PA1,彈藥調合ＰＡ１
3354,Ammo Combiner PA2,彈藥調合ＰＡ２
3355,Pierce Up PB3,貫通彈強化ＰＢ３
3356,Pierce Up PB4,貫通彈強化ＰＢ４
3357,Pierce Up PB5,貫通彈強化ＰＢ５
3358,Normal Up PB3,通常彈強化ＰＢ３
3359,Normal Up PB4,通常彈強化ＰＢ４
3360,Normal Up PB5,通常彈強化ＰＢ５
3361,Pellet Up PB3,散彈強化ＰＢ３
3362,Pellet Up PB4,散彈強化ＰＢ４
3363,Pellet Up PB5,散彈強化ＰＢ５
3364,Everlasting PB3,效果持續ＰＢ３
3365,Everlasting PB4,效果持續ＰＢ４
3366,Gunnery PB2,砲術ＰＢ２
3367,Gunnery PB3,砲術ＰＢ３
3368,Quake Res PB1,耐震ＰＢ１
3369,Quake Res PB2,耐震ＰＢ２
3370,Backpacking PB1,搬運ＰＢ１
3371,Backpacking PB2,搬運ＰＢ２
3372,Artisan PC1,匠ＰＣ１
3373,Artisan PC2,匠ＰＣ２
3374,Artisan PC3,匠ＰＣ３
3375,Artisan PC4,匠ＰＣ４
3376,Artisan PC5,匠ＰＣ５
3377,Stamina PC6,耐力ＰＣ６
3378,Stamina PC7,耐力ＰＣ７
3379,Stamina PC8,耐力ＰＣ８
3380,Stamina PC9,耐力ＰＣ９
3381,Stamina PC10,耐力ＰＣ１０
3382,Loading PC5,裝填數ＰＣ５
3383,Loading PC6,裝填數ＰＣ６
3384,Loading PC7,裝填數ＰＣ７
3385,Loading PC8,裝填數ＰＣ８
3386,Loading PC9,裝填數ＰＣ９
3387,Fasting PC6,絶食ＰＣ６
3388,Fasting PC7,絶食ＰＣ７
3389,Fasting PC8,絶食ＰＣ８
3390,Sharpness PC5,鋒利度ＰＣ５
3391,Sharpness PC6,鋒利度ＰＣ６
3392,Sharpness PC7,鋒利度ＰＣ７
3393,Recovery PC6,回復ＰＣ６
3394,Recovery PC7,回復ＰＣ７
3395,Recovery PC8,回復ＰＣ８
3396,Para Res PC1,耐麻痺ＰＣ１
3397,Para Res PC2,耐麻痺ＰＣ２
3398,Para Res PC3,耐麻痺ＰＣ３
3399,Para Res PC4,耐麻痺ＰＣ４
3400,Stun Res PC1,耐気絶ＰＣ１
3401,Stun Res PC2,耐気絶ＰＣ２
3402,Stun Res PC3,耐気絶ＰＣ３
3403,Stun Res PC4,耐気絶ＰＣ４
3404,Poison Res PC1,耐毒ＰＣ１
3405,Poison Res PC2,耐毒ＰＣ２
3406,Poison Res PC3,耐毒ＰＣ３
3407,Poison Res PC4,耐毒ＰＣ４
3408,Dragon Res PC5,耐龍ＰＣ５
3409,Dragon Res PC6,耐龍ＰＣ６
3410,Dragon Res PC7,耐龍ＰＣ７
3411,Hunger PC2,飢餓ＰＣ２
3412,Hunger PC3,飢餓ＰＣ３
3413,Hunger PC4,飢餓ＰＣ４
3414,Dragon Sword SA2,龍属性強化ＳＡ２
3415,Dragon Sword SA3,龍属性強化ＳＡ３
3416,Dragon Sword SA4,龍属性強化ＳＡ４
3417,Quake Res SA1,耐震ＳＡ１
3418,Quake Res SA2,耐震ＳＡ２
3419,Quake Res SA3,耐震ＳＡ３
3420,Defense SA2,防禦ＳＡ２
3421,Defense SA3,防禦ＳＡ３
3422,Defense SA4,防禦ＳＡ４
3423,Auto-Guard SA3,自動防禦ＳＡ３
3424,Auto-Guard SA4,自動防禦ＳＡ４
3425,Auto-Guard SA5,自動防禦ＳＡ５
3426,Gather Speed SB3,高速採取ＳＢ３
3427,Gather Speed SB4,高速採取ＳＢ４
3428,Gather Speed SB5,高速採取ＳＢ５
3429,Gunnery SB3,砲術ＳＢ３
3430,Gunnery SB4,砲術ＳＢ４
3431,Gunnery SB5,砲術ＳＢ５
3432,Dragon Res SB1,耐龍ＳＢ１
3433,Dragon Res SB2,耐龍ＳＢ２
3434,Dragon Res SB3,耐龍ＳＢ３
3435,Eating SB5,食事ＳＢ５
3436,Eating SB6,食事ＳＢ６
3437,Eating SB7,食事ＳＢ７
3438,Breakout SB3,脱出ＳＢ３
3439,Breakout SB4,脱出ＳＢ４
3440,Breakout SB5,脱出ＳＢ５
3441,Gluttony SB3,大胃王ＳＢ３
3442,Gluttony SB4,大胃王ＳＢ４
3443,Gluttony SB5,大胃王ＳＢ５
3444,Defense SB3,防禦ＳＢ３
3445,Defense SB4,防禦ＳＢ４
3446,Defense SB5,防禦ＳＢ５
3447,Heat Res SB3,耐暑ＳＢ３
3448,Heat Res SB4,耐暑ＳＢ４
3449,Heat Res SB5,耐暑ＳＢ５
3450,Everlasting SC1,效果持續ＳＣ１
3451,Everlasting SC2,效果持續ＳＣ２
3452,Everlasting SC3,效果持續ＳＣ３
3453,Everlasting SC4,效果持續ＳＣ４
3454,Everlasting SC5,效果持續ＳＣ５
3455,Ammo Combiner SC1,彈藥調合ＳＣ１
3456,Ammo Combiner SC2,彈藥調合ＳＣ２
3457,Ammo Combiner SC3,彈藥調合ＳＣ３
3458,Ammo Combiner SC4,彈藥調合ＳＣ４
3459,Ammo Combiner SC5,彈藥調合ＳＣ５
3460,Para Res SC7,耐麻痺ＳＣ７
3461,Para Res SC8,耐麻痺ＳＣ８
3462,Para Res SC9,耐麻痺ＳＣ９
3463,Para Res SC10,耐麻痺ＳＣ１０
3464,Para Res SC11,耐麻痺ＳＣ１１
3465,Stun Res SC7,耐気絶ＳＣ７
3466,Stun Res SC8,耐気絶ＳＣ８
3467,Stun Res SC9,耐気絶ＳＣ９
3468,Stun Res SC10,耐気絶ＳＣ１０
3469,Stun Res SC11,耐気絶ＳＣ１１
3470,Gather Speed SC1,高速採取ＳＣ１
3471,Gather Speed SC2,高速採取ＳＣ２
3472,Gather Speed SC3,高速採取ＳＣ３
3473,Gather Speed SC4,高速採取ＳＣ４
3474,Gather Speed SC5,高速採取ＳＣ５
3475,Dragon Sword SC1,龍属性強化ＳＣ１
3476,Dragon Sword SC2,龍属性強化ＳＣ２
3477,Dragon Sword SC3,龍属性強化ＳＣ３
3478,Dragon Sword SC4,龍属性強化ＳＣ４
3479,Dragon Sword SC5,龍属性強化ＳＣ５
3480,Bomb Boost SC1,爆彈強化ＳＣ１
3481,Bomb Boost SC2,爆彈強化ＳＣ２
3482,Bomb Boost SC3,爆彈強化ＳＣ３
3483,Bomb Boost SC4,爆彈強化ＳＣ４
3484,Bomb Boost SC5,爆彈強化ＳＣ５
3485,Auto-Guard SC1,自動防禦ＳＣ１
3486,Auto-Guard SC2,自動防禦ＳＣ２
3487,Auto-Guard SC3,自動防禦ＳＣ３
3488,Auto-Guard SC4,自動防禦ＳＣ４
3489,Auto-Guard SC5,自動防禦ＳＣ５
3490,Health SC1,體力ＳＣ１
3491,Health SC2,體力ＳＣ２
3492,Health SC3,體力ＳＣ３
3493,Health SC4,體力ＳＣ４
3494,Health SC5,體力ＳＣ５
3495,Throwing SC1,投擲ＳＣ１
3496,Throwing SC2,投擲ＳＣ２
3497,Throwing SC3,投擲ＳＣ３
3498,Throwing SC4,投擲ＳＣ４
3499,Throwing SC5,投擲ＳＣ５
3500,Anti-Theft SC1,防盜ＳＣ１
3501,Anti-Theft SC2,防盜ＳＣ２
3502,Anti-Theft SC3,防盜ＳＣ３
3503,Anti-Theft SC4,防盜ＳＣ４
3504,Anti-Theft SC5,防盜ＳＣ５
3505,Cooking SC7,料理ＳＣ７
3506,Cooking SC8,料理ＳＣ８
3507,Cooking SC9,料理ＳＣ９
3508,Cooking SC10,料理ＳＣ１０
3509,Cooking SC11,料理ＳＣ１１
3510,Basarios Sink Shl,Basarios Sink Shl
3511,Basarios Firm Shl,Basarios Firm Shl
3512,Basarios Rigid Shl,Basarios Rigid Shl
3513,Very Rubbery Hide,超彈性皮
3514,Most Rubbery Hide,極彈性皮
3515,Gypceros Crystal,Gypceros Crystal
3516,Teostra Fine Horn,炎王龍的上等角
3517,Teostra Rend Horn,炎王龍的裂角
3518,Teostra Lord Horn,炎王龍的主角
3519,Plesioth Razorfin,水龍的剃刀鰭
3520,Plesioth Bladefin,水龍的刃鰭
3521,Plesi Tyrant Fin,水龍的暴君鰭
3522,Daimyo Kill Claw,大名盾蟹的殺爪
3523,Daimyo Slice Claw,大名盾蟹的斬爪
3524,Daimyo Sever Claw,大名盾蟹的斷爪
3525,dummy,dummy
3526,Tigrex Gouge Claw,轟龍的鑿爪
3527,Tigrex Rend Claw,轟龍的裂爪
3528,Hypnoc Amber Pelt,眠鳥的琥珀皮
3529,Hypnoc Crimson Pelt,眠鳥的緋皮
3530,Hypnoc Old Bezoar,Hypnoc Old Bezoar
3531,dummy,dummy
3532,Paria Pierce Fang,呑龍的貫通牙
3533,Paria Terror Fin,呑龍的恐怖鰭
3534,dummy,dummy
3535,O.Espi Rage Spike,棘茶龍的憤怒棘
3536,dummy,dummy
3537,Guren Scale,蠻龍的鱗
3538,Guren Hide,蠻龍的皮
3539,Guren Claw,蠻龍的爪
3540,Guren Horn,蠻龍的角
3541,Guren Wing,蠻龍的翼
3542,Guren Tail,蠻龍的尾
3543,Guren Spike,蠻龍的棘
3544,Guren Scale+,蠻龍的上鱗
3545,Guren Hide+,蠻龍的皮＋
3546,Guren Claw+,蠻龍的尖爪
3547,Guren Horn+,蠻龍的尖角
3548,Guren Wing+,蠻龍的上翼
3549,Guren Tail+,蠻龍的上尾
3550,Guren Spike+,蠻龍的上棘
3551,Guren Proof,Guren Proof
3552,Training Jewel Ⅰ,訓練珠Ⅰ
3553,Training Jewel Ⅱ,訓練珠Ⅱ
3554,Training Jewel Ⅲ,訓練珠Ⅲ
3555,Training Jewel Ⅳ,訓練珠Ⅳ
3556,Feathered Rockworm,費阿斯艾雷德羅克沃爾姆
3557,Tallroot Butterfly,高根蝴蝶
3558,Barrel Locust,Barrel Locust
3559,Mt.Jewel Beetle,Mt.Jewel Beetle
3560,Peach Butterfly,桃蝴蝶
3561,Arcstone,弧石
3562,Mountain Crystal,山岳結晶
3563,Drench Leaf,Drench Leaf
3564,Iwahime Grass,岩姫草
3565,Dream Herb,夢幻草
3566,Alpine Grass,高山草
3567,Alpine Mstrd Grass,高山芥末草
3568,Porta Cookies,Porta Cookies
3569,Porta Chocolate,Porta Chocolate
3570,Porta Candy,Porta Candy
3571,Elder Dragon Jaw,古龍種的顎
3572,E.Dragon Webbing,古龍種的翼膜
3573,Kouzandake,Kouzandake
3574,Mellow Mackerel,醇香鯖魚
3575,Burukku Horn,野牛獸的角
3576,Burukku Hide,野牛獸的皮
3577,Burukku Head,Burukku Head
3578,Erupe Horn,雪羊獸的角
3579,Erupe Hide,雪羊獸的皮
3580,Erupe Hoof,雪羊獸的蹄
3581,Training Jewel Ⅴ,訓練珠Ⅴ
3582,Bewitching Coin,Bewitching Coin
3583,Glimmering Coin,Glimmering Coin
3584,Hazy Coin,Hazy Coin
3585,Blinking Coin,Blinking Coin
3586,SSFⅣ Tkt Head,ＳＳＦⅣ頭票
3587,SSFⅣ Tkt Torso,ＳＳＦⅣ胴票
3588,SSFⅣ Tkt Arms,ＳＳＦⅣ腕票
3589,SSFⅣ Tkt Waist,ＳＳＦⅣ腰票
3590,SSFⅣ Tkt Legs,ＳＳＦⅣ脚票
3591,Mossy Obsidian,Mossy Obsidian
3592,Mossy Marble,Mossy Marble
3593,Flame T Tkt,火焔Ｔ票
3594,Rain T Tkt,暴雨Ｔ票
3595,Shock S Tkt,震驚Ｓ票
3596,Lizard S Tkt,蜥蜴Ｓ票
3597,Steno Head Tkt,月坑頭票
3598,Steno Torso Tkt,月坑胴票
3599,Steno Arms Tkt,月坑腕票
3600,Steno Waist Tkt,月坑腰票
3601,Steno Legs Tkt,月坑脚票
3602,Metenella Cap Tkt,高手頭票
3603,Metenalla Mid Tkt,高手胴票
3604,Metenalla Arm Tkt,高手腕票
3605,Metenella Belt Tkt,高手腰票
3606,Metenella Boot Tkt,高手脚票
3607,Poison F Tkt,毒鞭Ｆ票
3608,Astral F Tkt,アストラルＦ票
3609,Proof of Alliance,Proof of Alliance
3610,Bond of Alliance,Bond of Alliance
3611,Seal of Alliance,Seal of Alliance
3612,Sweet Memory,Sweet Memory
3613,White Sugar,White Sugar
3614,Alti Tkt Red,豪鋒票赤
3615,Alti Tkt Yellow,豪鋒票黄
3616,Alti Tkt White,豪鋒票白
3617,Fer Tkt,紅鐵票
3618,Asiel Tkt,鋼票
3619,LC Tkt Red,ＬＣ票紅
3620,LC Tkt Blue,ＬＣ票藍
3621,LC Tkt Green,ＬＣ票緑
3622,Reino Tkt,帝國票
3623,Republica Tkt,共和票
3624,Fede Tkt,聯邦票
3625,Baron Tkt,男爵票
3626,Conde Tkt,伯爵票
3627,Marquee Tkt,侯爵票
3628,Sturdy Horn,堅固的角
3629,Esoteric Fabric-H,Esoteric Fabric-H
3630,Esoteric Fabric-S,Esoteric Fabric-S
3631,Bunny Tkt Head,兎頭票
3632,Bunny Tkt Torso,兎胴票
3633,Bunny Tkt Arms,兎腕票
3634,Bunny Tkt Waist,兎腰票
3635,Bunny Tkt Legs,兎脚票
3636,Red Hunter Dice,Red Hunter Dice
3637,Blue Hunter Dice,Blue Hunter Dice
3638,White Hunter Dice,White Hunter Dice
3639,Pink Hunter Dice,Pink Hunter Dice
3640,Purple Hunter Dice,Purple Hunter Dice
3641,Red Hunter Card,Red Hunter Card
3642,Blue Hunter Card,Blue Hunter Card
3643,Wht Hunter Card,Wht Hunter Card
3644,Pink Hunter Card,Pink Hunter Card
3645,Purple Hunter Card,Purple Hunter Card
3646,Red Hunter Book,Red Hunter Book
3647,Blue Hunter Book,Blue Hunter Book
3648,Wht Hunter Book,Wht Hunter Book
3649,Pink Hunter Book,Pink Hunter Book
3650,Purple Hunter Book,Purple Hunter Book
3651,Red Half-Tkt,赤半票
3652,Blue Half-Tkt,青半票
3653,Wht Half-Tkt,白半票
3654,Pink Half-Tkt,桃半票
3655,Purple Half-Tkt,紫半票
3656,Red Hunter Bag,Red Hunter Bag
3657,Blue Hunter Bag,Blue Hunter Bag
3658,Wht Hunter Bag,Wht Hunter Bag
3659,Pink Hunter Bag,Pink Hunter Bag
3660,Purple Hunter Bag,Purple Hunter Bag
3661,Booze-Honey [Blue],酒蜜［藍］
3662,Booze-Honey [Pink],酒蜜［粉］
3663,Hayashi Grass Dew,林草露
3664,Kanjo Grass Dew,勸請草露
3665,Gray Crystal,灰結晶
3666,False Gemstone,偽寶石
3667,Camellia Grass St.,山茶草莖
3668,Camellia Grass Se.,山茶草種
3669,Came. Grass Juice,椿草汁
3670,Conc Grass Essence,濃縮草精華
3671,Felvine Coin,Felvine Coin
3672,BP9 Tkt・1,ＢＰ９票・１
3673,BP9 Tkt・2,ＢＰ９票・２
3674,BP9 Tkt・3,ＢＰ９票・３
3675,BP9 Tkt・4,ＢＰ９票・４
3676,BP9 Tkt・5,ＢＰ９票・５
3677,BP9 Tkt・6,ＢＰ９票・６
3678,BP9 Tkt・7,ＢＰ９票・７
3679,BP9 Tkt・8,ＢＰ９票・８
3680,TP4 Tkt・1,ＴＰ４票・１
3681,TP4 Tkt・2,ＴＰ４票・２
3682,TP4 Tkt・3,ＴＰ４票・３
3683,TP4 Tkt・4,ＴＰ４票・４
3684,TP4 Tkt・5,ＴＰ４票・５
3685,Card Ore Red,可片礦紅
3686,Card Ore Clr,可片礦彩
3687,Card Ore Purple,可片礦紫
3688,Card Ore Pink,可片礦粉
3689,Garde S Tkt,前衛Ｓ票
3690,Agita S Tkt,アギタＳ票
3691,Excavator S Tkt,発掘Ｓ票
3692,Noble L Tkt,貴紳Ｌ票
3693,Officer L Tkt,士官Ｌ票
3694,Cleanse L Tkt,浄化Ｌ票
3695,Rogue Twinhorn,流氓雙角
3696,Violent Twinhorn,狂暴雙角
3697,Rogue Blk Bihorn,流氓黑雙角
3698,Brutal Blk Bihorn,兇暴黑雙角
3699,Fire-Proof Lapis,Fire-Proof Lapis
3700,Water-Proof Lapis,Water-Proof Lapis
3701,Thndr-Proof Lapis,Thndr-Proof Lapis
3702,Ice-Proof Lapis,Ice-Proof Lapis
3703,Drgn-Proof Lapis,Drgn-Proof Lapis
3704,Gemstone Egg,寶石蛋
3705,Cuff Base・Chitose,Cuff Base・Chitose
3706,Cuff Base・Suou,Cuff Base・Suou
3707,Cuff Base・Moegi,Cuff Base・Moegi
3708,Cuff Base・Tsuyukusa,Cuff Base・Tsuyukusa
3709,Cuff Base・Usugaki,Cuff Base・Usugaki
3710,Cuff Base・Tokiwa,Cuff Base・Tokiwa
3711,Cuff Base・Ruri,Cuff Base・Ruri
3712,Kirin Piel,Kirin Piel
3713,Kirin Silver Tail,麒麟的尾
3714,Kirin Silver Horn,麒麟的角
3715,Cham.Speckled Skin,Cham.Speckled Skin
3716,Cham.Illusion Skin,Cham.Illusion Skin
3717,Cham.Chroma Skin,Cham.Chroma Skin
3718,Garuga Purple Wing,黑狼鳥的紫翼
3719,Poisonous Beak,Poisonous Beak
3720,Espinas Rage Spike,棘龍的憤怒棘
3721,Espi.Euphoria Spk,Espi.Euphoria Spk
3722,Dyura Cold Shell,冰狐龍的甲殼
3723,Dyura Frost Shell,冰狐龍的甲殼
3724,Dyura Ice Shell,冰狐龍的甲殼
3725,Shogun Kill Claw,將軍鎌蟹的殺爪
3726,Shogun Slice Claw,將軍鎌蟹的斬爪
3727,Shogun Sever Claw,將軍鎌蟹的斷爪
3728,Rajang Fierce Fang,金獅子的猛烈牙
3729,Rajang Jet-Blk Fur,金獅子的漆黑毛
3730,Rajang King Fang,金獅子的王牙
3731,V.Drome Vivid Scle,V.Drome Vivid Scle
3732,V.Drome Piel,V.Drome Piel
3733,V.Drome Lng Claw,藍速龍王的長爪
3734,Monoblos Hard Shl,Monoblos Hard Shl
3735,A.Rath Doom Scale,蒼火龍的末日鱗
3736,A.Rath Prison Scl,A.Rath Prison Scl
3737,E.Dragon Tongue,E.Dragon Tongue
3738,E.Dragon Muscle,E.Dragon Muscle
3739,Auto-Reload PA4,自動裝填ＰＡ４
3740,Guts PA1,毅力ＰＡ１
3741,Guts PA2,毅力ＰＡ２
3742,Guts PA3,毅力ＰＡ３
3743,Speed Setup PA1,陷罠師ＰＡ１
3744,Speed Setup PA2,陷罠師ＰＡ２
3745,Speed Setup PA3,陷罠師ＰＡ３
3746,Gathering PA2,採取ＰＡ２
3747,Gathering PA3,採取ＰＡ３
3748,Gathering PA4,採取ＰＡ４
3749,Combining PA2,調合成功ＰＡ２
3750,Combining PA3,調合成功ＰＡ３
3751,Combining PA4,調合成功ＰＡ４
3752,Guts PB1,毅力ＰＢ１
3753,Guts PB2,毅力ＰＢ２
3754,Guts PB3,毅力ＰＢ３
3755,Guts PB4,毅力ＰＢ４
3756,Speed Setup PB1,陷罠師ＰＢ１
3757,Speed Setup PB2,陷罠師ＰＢ２
3758,Speed Setup PB3,陷罠師ＰＢ３
3759,Speed Setup PB4,陷罠師ＰＢ４
3760,Sleep Sword PB1,睡眠属性強化ＰＢ１
3761,Sleep Sword PB2,睡眠属性強化ＰＢ２
3762,Sleep Sword PB3,睡眠属性強化ＰＢ３
3763,Focus PB1,集中ＰＢ１
3764,Focus PB2,集中ＰＢ２
3765,Focus PB3,集中ＰＢ３
3766,Gunnery PB4,砲術ＰＢ４
3767,Gunnery PB5,砲術ＰＢ５
3768,Gunnery PB6,砲術ＰＢ６
3769,Gunnery PB7,砲術ＰＢ７
3770,Backpacking PB3,搬運ＰＢ３
3771,Backpacking PB4,搬運ＰＢ４
3772,Backpacking PB5,搬運ＰＢ５
3773,Psychic PB1,千里眼ＰＢ１
3774,Psychic PB2,千里眼ＰＢ２
3775,Psychic PB3,千里眼ＰＢ３
3776,Gathering Spd PB1,高速採取ＰＢ１
3777,Gathering Spd PB2,高速採取ＰＢ２
3778,Gathering Spd PB3,高速採取ＰＢ３
3779,Guts PC1,毅力ＰＣ１
3780,Guts PC2,毅力ＰＣ２
3781,Guts PC3,毅力ＰＣ３
3782,Guts PC4,毅力ＰＣ４
3783,Speed Setup PC1,陷罠師ＰＣ１
3784,Speed Setup PC2,陷罠師ＰＣ２
3785,Speed Setup PC3,陷罠師ＰＣ３
3786,Speed Setup PC4,陷罠師ＰＣ４
3787,Sleep Sword PC1,睡眠属性強化ＰＣ１
3788,Sleep Sword PC2,睡眠属性強化ＰＣ２
3789,Sleep Sword PC3,睡眠属性強化ＰＣ３
3790,Sleep Sword PC4,睡眠属性強化ＰＣ４
3791,Artisan PC6,匠ＰＣ６
3792,Artisan PC7,匠ＰＣ７
3793,Artisan PC8,匠ＰＣ８
3794,Artisan PC9,匠ＰＣ９
3795,Fasting PC9,絶食ＰＣ９
3796,Fasting PC10,絶食ＰＣ１０
3797,Fasting PC11,絶食ＰＣ１１
3798,Fasting PC12,絶食ＰＣ１２
3799,Fasting PC13,絶食ＰＣ１３
3800,Stamina PC11,耐力ＰＣ１１
3801,Stamina PC12,耐力ＰＣ１２
3802,Stamina PC13,耐力ＰＣ１３
3803,Stamina PC14,耐力ＰＣ１４
3804,Stamina PC15,耐力ＰＣ１５
3805,Potential PC5,底力ＰＣ５
3806,Potential PC6,底力ＰＣ６
3807,Potential PC7,底力ＰＣ７
3808,Potential PC8,底力ＰＣ８
3809,Potential PC9,底力ＰＣ９
3810,Wide-Area PC1,廣域化ＰＣ１
3811,Wide-Area PC2,廣域化ＰＣ２
3812,Wide-Area PC3,廣域化ＰＣ３
3813,Wide-Area PC4,廣域化ＰＣ４
3814,Wide-Area PC5,廣域化ＰＣ５
3815,All Res UP PC1,全耐性強化ＰＣ１
3816,All Res UP PC2,全耐性強化ＰＣ２
3817,All Res UP PC3,全耐性強化ＰＣ３
3818,All Res UP PC4,全耐性強化ＰＣ４
3819,All Res UP PC5,全耐性強化ＰＣ５
3820,Eating PC1,食事ＰＣ１
3821,Eating PC2,食事ＰＣ２
3822,Eating PC3,食事ＰＣ３
3823,Eating PC4,食事ＰＣ４
3824,Eating PC5,食事ＰＣ５
3825,Combining PC5,調合成功ＰＣ５
3826,Combining PC6,調合成功ＰＣ６
3827,Combining PC7,調合成功ＰＣ７
3828,Combining PC8,調合成功ＰＣ８
3829,Ammo Combiner PC5,彈藥調合ＰＣ５
3830,Ammo Combiner PC6,彈藥調合ＰＣ６
3831,Ammo Combiner PC7,彈藥調合ＰＣ７
3832,Ammo Combiner PC8,彈藥調合ＰＣ８
3833,Psychic PC1,千里眼ＰＣ１
3834,Psychic PC2,千里眼ＰＣ２
3835,Psychic PC3,千里眼ＰＣ３
3836,Psychic PC4,千里眼ＰＣ４
3837,Gathering PC1,採取ＰＣ１
3838,Gathering PC2,採取ＰＣ２
3839,Gathering PC3,採取ＰＣ３
3840,Gathering PC4,採取ＰＣ４
3841,Psychic SA1,千里眼ＳＡ１
3842,Psychic SA2,千里眼ＳＡ２
3843,Psychic SA3,千里眼ＳＡ３
3844,All Res UP SA2,全耐性強化ＳＡ２
3845,All Res UP SA3,全耐性強化ＳＡ３
3846,All Res UP SA4,全耐性強化ＳＡ４
3847,Capture Expert SA1,捕獲達人ＳＡ１
3848,Capture Expert SA2,捕獲達人ＳＡ２
3849,Capture Expert SA3,捕獲達人ＳＡ３
3850,Fishing SA1,釣魚ＳＡ１
3851,Fishing SA2,釣魚ＳＡ２
3852,Fishing SA3,釣魚ＳＡ３
3853,All Res UP SB1,全耐性強化ＳＢ１
3854,All Res UP SB2,全耐性強化ＳＢ２
3855,All Res UP SB3,全耐性強化ＳＢ３
3856,Dragon Res SB4,耐龍ＳＢ４
3857,Dragon Res SB5,耐龍ＳＢ５
3858,Dragon Res SB6,耐龍ＳＢ６
3859,Gathering SB1,採取ＳＢ１
3860,Gathering SB2,採取ＳＢ２
3861,Gathering SB3,採取ＳＢ３
3862,Thunder Sword SB1,雷属性強化ＳＢ１
3863,Thunder Sword SB2,雷属性強化ＳＢ２
3864,Thunder Sword SB3,雷属性強化ＳＢ３
3865,Fire Res SB1,耐火ＳＢ１
3866,Fire Res SB2,耐火ＳＢ２
3867,Fire Res SB3,耐火ＳＢ３
3868,Water Res SB1,耐水ＳＢ１
3869,Water Res SB2,耐水ＳＢ２
3870,Water Res SB3,耐水ＳＢ３
3871,Ice Res SB1,耐冰ＳＢ１
3872,Ice Res SB2,耐冰ＳＢ２
3873,Ice Res SB3,耐冰ＳＢ３
3874,Thunder Res SB1,耐雷ＳＢ１
3875,Thunder Res SB2,耐雷ＳＢ２
3876,Thunder Res SB3,耐雷ＳＢ３
3877,Fire Attack SC1,火属性攻撃ＳＣ１
3878,Fire Attack SC2,火属性攻撃ＳＣ２
3879,Fire Attack SC3,火属性攻撃ＳＣ３
3880,Fire Attack SC4,火属性攻撃ＳＣ４
3881,Fire Attack SC5,火属性攻撃ＳＣ５
3882,Water Attack SC1,水属性攻撃ＳＣ１
3883,Water Attack SC2,水属性攻撃ＳＣ２
3884,Water Attack SC3,水属性攻撃ＳＣ３
3885,Water Attack SC4,水属性攻撃ＳＣ４
3886,Water Attack SC5,水属性攻撃ＳＣ５
3887,Thunder Attack SC1,雷属性攻撃ＳＣ１
3888,Thunder Attack SC2,雷属性攻撃ＳＣ２
3889,Thunder Attack SC3,雷属性攻撃ＳＣ３
3890,Thunder Attack SC4,雷属性攻撃ＳＣ４
3891,Thunder Attack SC5,雷属性攻撃ＳＣ５
3892,Ice Attack SC1,冰属性攻撃ＳＣ１
3893,Ice Attack SC2,冰属性攻撃ＳＣ２
3894,Ice Attack SC3,冰属性攻撃ＳＣ３
3895,Ice Attack SC4,冰属性攻撃ＳＣ４
3896,Ice Attack SC5,冰属性攻撃ＳＣ５
3897,Dragon Attack SC1,龍属性攻撃ＳＣ１
3898,Dragon Attack SC2,龍属性攻撃ＳＣ２
3899,Dragon Attack SC3,龍属性攻撃ＳＣ３
3900,Dragon Attack SC4,龍属性攻撃ＳＣ４
3901,Dragon Attack SC5,龍属性攻撃ＳＣ５
3902,Bomb Sword SC7,爆彈属性強化ＳＣ７
3903,Bomb Sword SC8,爆彈属性強化ＳＣ８
3904,Bomb Sword SC9,爆彈属性強化ＳＣ９
3905,Bomb Sword SC10,爆彈属性強化ＳＣ１０
3906,Bomb Sword SC11,爆彈属性強化ＳＣ１１
3907,Breakout SC1,脱出ＳＣ１
3908,Breakout SC2,脱出ＳＣ２
3909,Breakout SC3,脱出ＳＣ３
3910,Breakout SC4,脱出ＳＣ４
3911,Breakout SC5,脱出ＳＣ５
3912,Health SC6,體力ＳＣ６
3913,Health SC7,體力ＳＣ７
3914,Health SC8,體力ＳＣ８
3915,Health SC9,體力ＳＣ９
3916,Health SC10,體力ＳＣ１０
3917,N.Shot Add SC1,通常彈追加ＳＣ１
3918,N.Shot Add SC2,通常彈追加ＳＣ２
3919,N.Shot Add SC3,通常彈追加ＳＣ３
3920,N.Shot Add SC4,通常彈追加ＳＣ４
3921,N.Shot Add SC5,通常彈追加ＳＣ５
3922,P.Shot Add SC1,貫通彈追加ＳＣ１
3923,P.Shot Add SC2,貫通彈追加ＳＣ２
3924,P.Shot Add SC3,貫通彈追加ＳＣ３
3925,P.Shot Add SC4,貫通彈追加ＳＣ４
3926,P.Shot Add SC5,貫通彈追加ＳＣ５
3927,Auto-Guard SC6,自動防禦ＳＣ６
3928,Auto-Guard SC7,自動防禦ＳＣ７
3929,Auto-Guard SC8,自動防禦ＳＣ８
3930,Auto-Guard SC9,自動防禦ＳＣ９
3931,Auto-Guard SC10,自動防禦ＳＣ１０
3932,Sleep Res SC1,耐睡眠ＳＣ１
3933,Sleep Res SC2,耐睡眠ＳＣ２
3934,Sleep Res SC3,耐睡眠ＳＣ３
3935,Sleep Res SC4,耐睡眠ＳＣ４
3936,Sleep Res SC5,耐睡眠ＳＣ５
3937,Smooth Vertebrate,Smooth Vertebrate
3938,Jade Jewel,玉珠
3939,Arhat Jewel,羅漢珠
3940,Rattail Jewel,鼠尾珠
3941,Bullhorn Jewel,牛角珠
3942,Tigerclaw Jewel,虎爪珠
3943,Rabittear Jewel,兔耳珠
3944,Dragoneye Jewel,龍眼珠
3945,Snakeskin Jewel,蛇皮珠
3946,Horsehoof Jewel,馬蹄珠
3947,Sheepwool Jewel,羊毛珠
3948,Monkeybutt Jewel,猴尻珠
3949,Chickenwing Jewel,鷄翅珠
3950,Dogtooth Jewel,犬牙珠
3951,Dummy101801,Dummy101801
3952,Fasting 1 G,Fasting 1 G
3953,Focus 1 G,Focus 1 G
3954,Guts G,Guts G
3955,Trapper G,罠師Ｇ
3956,Fire Atk G,Fire Atk G
3957,Water Atk G,Water Atk G
3958,Thunder Atk G,Thunder Atk G
3959,Ice Atk G,Ice Atk G
3960,Dragon Atk G,Dragon Atk G
3961,Bomb Sword G,Bomb Sword G
3962,Dragon Sword G,Dragon Sword G
3963,Dummy101802,Dummy101802
3964,EZ Adrenaline Drug,簡易興奮藥
3965,Double Point Pill,Double Point Pill
3966,Small Point Ball,Small Point Ball
3967,Medium Point Ball,Medium Point Ball
3968,Large Point Ball,Large Point Ball
3969,Return Ball,Return Ball
3970,Point Thief Flute,奪點笛
3971,Fertility Coin,Fertility Coin
3972,Transcend Proof 1,Transcend Proof 1
3973,Transcend Proof 2,Transcend Proof 2
3974,Transcend Proof 3,Transcend Proof 3
3975,Transcend Proof 4,Transcend Proof 4
3976,Transcend Proof 5,Transcend Proof 5
3977,Transcend Proof 6,Transcend Proof 6
3978,Transcend Proof 7,Transcend Proof 7
3979,Transcend Proof 8,Transcend Proof 8
3980,Transcend Proof 9,Transcend Proof 9
3981,Transcend Proof 10,Transcend Proof 10
3982,Morudeno P Tkt,蔚藍Ｐ票
3983,Steno R Tkt,月坑Ｒ票
3984,Rukodiora Scale,極龍的鱗
3985,Rukodiora Claw,極龍的爪
3986,Rukodiora Horn,極龍的角
3987,Rukodiora Wing,極龍的翼
3988,Rukodiora Tail,極龍的尾
3989,Rukodiora Gem,極龍的寶玉
3990,Rukodiora Scale+,極龍的上鱗
3991,Rukodiora Claw+,極龍的尖爪
3992,Rukodiora Horn+,極龍的尖角
3993,Rukodiora Webbing,極龍的翼膜
3994,Rukodiora Tail+,極龍的上尾
3995,Elder Dragon Gem,古龍種的寶玉
3996,Rukodiora Proof,Rukodiora Proof
3997,Famitsu Tkt,法米通票
3998,Pawprint Medal,Pawprint Medal
3999,Card Ore White,可片礦白
4000,Card Ore Maroon,可片礦褐
4001,Card Ore Yellow,可片礦黄
4002,Champion Proof,Champion Proof
4003,Surging Blk Shl,Surging Blk Shl
4004,Boiling Red Shl,Boiling Red Shl
4005,D.Floodgate Key,D.Floodgate Key
4006,Beguiling P.Clay,Beguiling P.Clay
4007,Robust Ash Clay,Robust Ash Clay
4008,Song of Peaks,Song of Peaks
4009,Song of Lakes,Song of Lakes
4010,Song of the Wild,Song of the Wild
4011,Fine River Design,Fine River Design
4012,Wind Chime,Wind Chime
4013,Crazed Maid's Plot,Crazed Maid's Plot
4014,N Force Tkt,Ｎ神力票
4015,N Baum Tkt,Ｎ神木票
4016,V Jewel Tkt,Ｖ寶石票
4017,V Lever Tkt,Ｖ・槓桿票
4018,A Leaf Tkt,Ａ緑葉票
4019,A Derive Tkt,Ａ玉葉票
4020,Bati Q Tkt,バティＱ票
4021,A Rose Tkt,Ａ・薔薇票
4022,A Derose Tkt,德羅澤Ａ票
4023,Kivala Q Tkt,惡魔Ｑ票
4024,Edio Head Tkt,城衛頭票
4025,Edio Chest Tkt,城衛胴票
4026,Edio Arms Tkt,城衛腕票
4027,Edio Waist Tkt,城衛腰票
4028,Edio Legs Tkt,城衛脚票
4029,Abit Tkt Head,嚮導頭票
4030,Abit Tkt Torso,嚮導胴票
4031,Abit Tkt Arms,嚮導腕票
4032,Abit Tkt Waist,嚮導腰票
4033,Abit Tkt Legs,嚮導脚票
4034,Large Angry Bone,大憤怒骨
4035,Varusaburosu Doll,Varusaburosu Doll
4036,Airborne Spores,飛散胞子
4037,Wyvern Mallet Tkt,撃龍鎚票
4038,Fancy Book 3,Fancy Book 3
4039,Hunter's Skill 2,Hunter's Skill 2
4040,Wpn Design Doc II,Wpn Design Doc II
4041,Magnetic Scales,磁力鱗
4042,SSFⅣ Head Tkt 2,ＳＳＦⅣ頭票２
4043,SSFⅣ Torso Tkt 2,ＳＳＦⅣ胴票２
4044,SSFⅣ Arms Tkt 2,ＳＳＦⅣ腕票２
4045,SSFⅣ Waist Tkt 2,ＳＳＦⅣ腰票２
4046,SSFⅣ Legs Tkt 2,ＳＳＦⅣ脚票２
4047,SSFⅣ Head Tkt X,ＳＳＦⅣ頭票Ｘ
4048,SSFⅣ Torso Tkt X,ＳＳＦⅣ胴票Ｘ
4049,SSFⅣ Arms Tkt X,ＳＳＦⅣ腕票Ｘ
4050,SSFⅣ Waist Tkt X,ＳＳＦⅣ腰票Ｘ
4051,SSFⅣ Legs Tkt X,ＳＳＦⅣ脚票Ｘ
4052,SSFⅣ Head Tkt F,ＳＳＦⅣ頭票Ｆ
4053,SSFⅣ Torso Tkt F,ＳＳＦⅣ胴票Ｆ
4054,SSFⅣ Arms Tkt F,ＳＳＦⅣ腕票Ｆ
4055,SSFⅣ Waist Tkt F,ＳＳＦⅣ腰票Ｆ
4056,SSFⅣ Legs Tkt F,ＳＳＦⅣ脚票Ｆ
4057,Pure Wht Star Iron,純白星鐵
4058,Earth Medal,Earth Medal
4059,Marine Medal,Marine Medal
4060,Sky Medal,Sky Medal
4061,Flash Blast T.Gem,Flash Blast T.Gem
4062,Attack Blast T.Gem,Attack Blast T.Gem
4063,Penetrating T.Gem,Penetrating T.Gem
4064,Blue Sky Cloth,Blue Sky Cloth
4065,Azure Sky Cloth,Azure Sky Cloth
4066,BP10 Tkt・１,ＢＰ10票・１
4067,BP10 Tkt・２,ＢＰ10票・２
4068,BP10 Tkt・３,ＢＰ10票・３
4069,BP10 Tkt・４,ＢＰ10票・４
4070,BP10 Tkt・５,ＢＰ10票・５
4071,BP10 Tkt・６,ＢＰ10票・６
4072,BP10 Tkt・７,ＢＰ10票・７
4073,BP10 Tkt・８,ＢＰ10票・８
4074,Danshin P Tkt,舞者Ｐ票
4075,Amenike P Tkt,迎風Ｐ票
4076,Kusanagi Tkt,草薙票
4077,Spider Tkt,蜘蛛切票
4078,Toyama Tkt,遠山票
4079,Little Crow Tkt,小烏丸票
4080,Orchid Tkt Head,蘭陀頭票
4081,Orchid Tkt Torso,蘭陀胴票
4082,Orchid Tkt Arms,蘭陀腕票
4083,Orchid Tkt Waist,蘭陀腰票
4084,Orchid Tkt Legs,蘭陀脚票
4085,Kucho Tkt,黒猫票
4086,Lute Tkt,金猫票
4087,Nyanshin Tkt,紅猫琴票
4088,Song of Forests,Song of Forests
4089,Song of Mountains,Song of Mountains
4090,Song of Dunes,Song of Dunes
4091,Song of the Ocean,Song of the Ocean
4092,Song of Meadows,Song of Meadows
4093,Carved Light Stone,雕刻光石
4094,Carved Dark Stone,雕刻暗石
4095,Carved Green Stone,雕刻綠石
4096,Carved Yllw Stone,雕刻黄石
4097,Carved Blue Stone,雕刻藍石
4098,Carved Blk Stone,雕刻黑石
4099,Carved Red Stone,雕刻紅石
4100,Carved Wht Stone,雕刻白石
4101,Naranha S Tkt,橙光Ｓ票
4102,Sapura S Tkt,墨色Ｓ票
4103,Veil S Tkt,碧閃Ｓ票
4104,Cuff Base・Blush,Cuff Base・Blush
4105,Cuff Base・Birch,Cuff Base・Birch
4106,Cuff Base・Silk,Cuff Base・Silk
4107,Cuff Base・Tan,Cuff Base・Tan
4108,Boarcrest Jewel,豬冠珠
4109,Mastodon Jewel,乳齒象珠
4110,Leomane Jewel,獅毛珠
4111,Ursine Jewel,熊珠
4112,Rhino Horn Jewel,犀角珠
4113,Tanuki Jewel,狸珠
4114,Prowler Jewel,潛行珠
4115,Crockjaw Jewel,鰐顎珠
4116,Foxtail Jewel,狐尾珠
4117,Wolffang Jewel,狼牙珠
4118,Attack II PA1,攻撃ⅡＰＡ１
4119,Attack II PA2,攻撃ⅡＰＡ２
4120,Recoil II PA1,反動減軽ⅡＰＡ１
4121,Evasion II PA1,迴避性能ⅡＰＡ１
4122,Evasion II PA2,迴避性能ⅡＰＡ２
4123,Precision II PA1,精密射撃ⅡＰＡ１
4124,Combining II PA1,調合成功ⅡＰＡ１
4125,Combining II PA2,調合成功ⅡＰＡ２
4126,Drgn Attack II PA1,龍属性攻撃ⅡＰＡ１
4127,Drgn Attack II PA2,龍属性攻撃ⅡＰＡ２
4128,Gunnery II PA1,砲術ⅡＰＡ１
4129,Gunnery II PA2,砲術ⅡＰＡ２
4130,Protection II PB1,精靈加護ⅡＰＢ１
4131,Protection II PB2,精靈加護ⅡＰＢ２
4132,Adrenaline II PB1,火場怪力ⅡＰＢ１
4133,Adrenaline II PB2,火場怪力ⅡＰＢ２
4134,Fasting II PB1,絶食ⅡＰＢ１
4135,Fasting II PB2,絶食ⅡＰＢ２
4136,Stamina II PB1,耐力ⅡＰＢ１
4137,Stamina II PB2,耐力ⅡＰＢ２
4138,N.Shot Up II PB1,通常彈強化ⅡＰＢ１
4139,N.Shot Up II PB2,通常彈強化ⅡＰＢ２
4140,Recoil II PB1,反動減軽ⅡＰＢ１
4141,Recoil II PB2,反動減軽ⅡＰＢ２
4142,Fire Attack II PB1,火属性攻撃ⅡＰＢ１
4143,Fire Attack II PB2,火属性攻撃ⅡＰＢ２
4144,Wat.Attack II PB1,水属性攻撃ⅡＰＢ１
4145,Wat.Attack II PB2,水属性攻撃ⅡＰＢ２
4146,Thn.Attack II PB1,雷属性攻撃ⅡＰＢ１
4147,Thn.Attack II PB2,雷属性攻撃ⅡＰＢ２
4148,Ice Attack II PB1,冰属性攻撃ⅡＰＢ１
4149,Ice Attack II PB2,冰属性攻撃ⅡＰＢ２
4150,Drgn Attack II PB1,龍属性攻撃ⅡＰＢ１
4151,Drgn Attack II PB2,龍属性攻撃ⅡＰＢ２
4152,Am.Combiner II PB1,彈藥調合ⅡＰＢ１
4153,Am.Combiner II PB2,彈藥調合ⅡＰＢ２
4154,Focus II PC1,集中ⅡＰＣ１
4155,Focus II PC2,集中ⅡＰＣ２
4156,Focus II PC3,集中ⅡＰＣ３
4157,Guts II PC1,毅力ⅡＰＣ１
4158,Guts II PC2,毅力ⅡＰＣ２
4159,Guts II PC3,毅力ⅡＰＣ３
4160,Speed Setup II PC1,陷罠師ⅡＰＣ１
4161,Speed Setup II PC2,陷罠師ⅡＰＣ２
4162,Speed Setup II PC3,陷罠師ⅡＰＣ３
4163,Para Sword II PC1,麻痺属性強化ⅡＰＣ１
4164,Para Sword II PC2,麻痺属性強化ⅡＰＣ２
4165,Para Sword II PC3,麻痺属性強化ⅡＰＣ３
4166,Psn. Sword II PC1,毒属性強化ⅡＰＣ１
4167,Psn. Sword II PC2,毒属性強化ⅡＰＣ２
4168,Psn. Sword II PC3,毒属性強化ⅡＰＣ３
4169,Sleep Sword II PC1,睡眠属性強化ⅡＰＣ１
4170,Sleep Sword II PC2,睡眠属性強化ⅡＰＣ２
4171,Sleep Sword II PC3,睡眠属性強化ⅡＰＣ３
4172,Precision II PC1,精密射撃ⅡＰＣ１
4173,Precision II PC2,精密射撃ⅡＰＣ２
4174,Precision II PC3,精密射撃ⅡＰＣ３
4175,Loading II PC1,裝填數ⅡＰＣ１
4176,Loading II PC2,裝填數ⅡＰＣ２
4177,Loading II PC3,裝填數ⅡＰＣ３
4178,Sharpening II PC1,砥石使用ⅡＰＣ１
4179,Sharpening II PC2,砥石使用ⅡＰＣ２
4180,Sharpening II PC3,砥石使用ⅡＰＣ３
4181,Sharpness II PC1,鋒利度ⅡＰＣ１
4182,Sharpness II PC2,鋒利度ⅡＰＣ２
4183,Sharpness II PC3,鋒利度ⅡＰＣ３
4184,Bomb Sword II PC1,爆彈属性強化ⅡＰＣ１
4185,Bomb Sword II PC2,爆彈属性強化ⅡＰＣ２
4186,Bomb Sword II PC3,爆彈属性強化ⅡＰＣ３
4187,Fire Sword II PC1,火属性強化ⅡＰＣ１
4188,Fire Sword II PC2,火属性強化ⅡＰＣ２
4189,Fire Sword II PC3,火属性強化ⅡＰＣ３
4190,Water Sword II PC1,水属性強化ⅡＰＣ１
4191,Water Sword II PC2,水属性強化ⅡＰＣ２
4192,Water Sword II PC3,水属性強化ⅡＰＣ３
4193,Thndr Sword II PC1,雷属性強化ⅡＰＣ１
4194,Thndr Sword II PC2,雷属性強化ⅡＰＣ２
4195,Thndr Sword II PC3,雷属性強化ⅡＰＣ３
4196,Ice Sword II PC1,冰属性強化ⅡＰＣ１
4197,Ice Sword II PC2,冰属性強化ⅡＰＣ２
4198,Ice Sword II PC3,冰属性強化ⅡＰＣ３
4199,Drgn Sword II PC1,龍属性強化ⅡＰＣ１
4200,Drgn Sword II PC2,龍属性強化ⅡＰＣ２
4201,Drgn Sword II PC3,龍属性強化ⅡＰＣ３
4202,Flute Expert II PC1,笛達人ⅡＰＣ１
4203,Flute Expert II PC2,笛達人ⅡＰＣ２
4204,Flute Expert II PC3,笛達人ⅡＰＣ３
4205,Passive II PC1,體術ⅡＰＣ１
4206,Passive II PC2,體術ⅡＰＣ２
4207,Passive II PC3,體術ⅡＰＣ３
4208,Bond II PC1,絆ⅡＰＣ１
4209,Bond II PC2,絆ⅡＰＣ２
4210,Bond II PC3,絆ⅡＰＣ３
4211,Gath. Speed II PC1,高速採取ⅡＰＣ１
4212,Gath.Speed II PC2,高速採取ⅡＰＣ２
4213,Gath. Speed II PC3,高速採取ⅡＰＣ３
4214,Stat Attack II SA1,特殊攻撃ⅡＳＡ１
4215,Stat Attack II SA2,特殊攻撃ⅡＳＡ２
4216,Sharpness II SA1,鋒利度ⅡＳＡ１
4217,Sharpness II SA2,鋒利度ⅡＳＡ２
4218,Recoil II SA1,反動減軽ⅡＳＡ１
4219,Recoil II SA2,反動減軽ⅡＳＡ２
4220,Psychic II SA1,千里眼ⅡＳＡ１
4221,Gunnery II SA1,砲術ⅡＳＡ１
4222,Rap.Gathering SA1,高速採取ＳＡ１
4223,Cap. Expert II SA1,捕獲達人ⅡＳＡ１
4224,Bomb Boost II SA1,爆彈強化ⅡＳＡ１
4225,Defense II SA1,防禦ⅡＳＡ１
4226,Para. Res II SB1,耐麻痺ⅡＳＢ１
4227,Para. Res II SB2,耐麻痺ⅡＳＢ２
4228,Stun Res II SB1,耐気絶ⅡＳＢ１
4229,Stun Res II SB2,耐気絶ⅡＳＢ２
4230,Poison Res II SB1,耐毒ⅡＳＢ１
4231,Poison Res II SB2,耐毒ⅡＳＢ２
4232,Wide-Area II SB1,廣域化ⅡＳＢ１
4233,Wide-Area II SB2,廣域化ⅡＳＢ２
4234,Backpacking II SB1,搬運ⅡＳＢ１
4235,Backpacking II SB2,搬運ⅡＳＢ２
4236,Terrain II SB1,地形耐性ⅡＳＢ１
4237,Terrain II SB2,地形耐性ⅡＳＢ２
4238,Gluttony II SB1,大胃王ⅡＳＢ１
4239,Gluttony II SB2,大胃王ⅡＳＢ２
4240,Snow. Res II SB1,雪球無效ⅡＳＢ１
4241,Snow.Res II SB2,雪球無效ⅡＳＢ２
4242,Auto-Guard II SB1,自動防禦ⅡＳＢ１
4243,Auto-Guard II SB2,自動防禦ⅡＳＢ２
4244,Defense Ⅱ SB1,防禦ⅡＳＢ１
4245,Defense Ⅱ SB2,防禦ⅡＳＢ２
4246,Health Ⅱ SB1,體力ⅡＳＢ１
4247,Health Ⅱ SB2,體力ⅡＳＢ２
4248,Capture Expert,Capture Expert
4249,Cap. Expert Ⅱ SB2,捕獲達人ⅡＳＢ２
4250,All Res UP Ⅱ SC1,全耐性強化ⅡＳＣ１
4251,All Res UP Ⅱ SC2,全耐性強化ⅡＳＣ２
4252,Psychic Ⅱ SC1,千里眼ⅡＳＣ１
4253,Psychic Ⅱ SC2,千里眼ⅡＳＣ２
4254,Everlasting Ⅱ SC1,效果持續ⅡＳＣ１
4255,Everlasting Ⅱ SC2,效果持續ⅡＳＣ２
4256,Whim Ⅱ SC1,反復無常ⅡＳＣ１
4257,Whim Ⅱ SC2,反復無常ⅡＳＣ２
4258,Passive Ⅱ SC1,體術ⅡＳＣ１
4259,Passive Ⅱ SC2,體術ⅡＳＣ２
4260,Flt.Expert Ⅱ SC1,笛達人ⅡＳＣ１
4261,Flt.Expert Ⅱ SC2,笛達人ⅡＳＣ２
4262,Terrain Ⅱ SC1,地形耐性ⅡＳＣ１
4263,Terrain Ⅱ SC2,地形耐性ⅡＳＣ２
4264,Gathering Ⅱ SC1,採取ⅡＳＣ１
4265,Gathering Ⅱ SC2,採取ⅡＳＣ２
4266,P.Shot Add Ⅱ SC1,貫通彈追加ⅡＳＣ１
4267,P.Shot Add Ⅱ SC2,貫通彈追加ⅡＳＣ２
4268,Quake Res Ⅱ SC1,耐震ⅡＳＣ１
4269,Quake Res Ⅱ SC2,耐震ⅡＳＣ２
4270,Cap. Expert Ⅱ SC1,捕獲達人ⅡＳＣ１
4271,Cap. Expert Ⅱ SC2,捕獲達人ⅡＳＣ２
4272,Cap. Expert Ⅱ SC3,捕獲達人ⅡＳＣ３
4273,Cap. Expert Ⅱ SC4,捕獲達人ⅡＳＣ４
4274,Breakout Ⅱ SC1,脱出ⅡＳＣ１
4275,Breakout Ⅱ SC2,脱出ⅡＳＣ２
4276,Breakout Ⅱ SC3,脱出ⅡＳＣ３
4277,Breakout Ⅱ SC4,脱出ⅡＳＣ４
4278,Inspiration Ⅱ SC1,靈感ⅡＳＣ１
4279,Inspiration Ⅱ SC2,靈感ⅡＳＣ２
4280,Inspiration Ⅱ SC3,靈感ⅡＳＣ３
4281,Inspiration Ⅱ SC4,靈感ⅡＳＣ４
4282,Defense Ⅱ SC1,防禦ⅡＳＣ１
4283,Defense Ⅱ SC2,防禦ⅡＳＣ２
4284,Defense Ⅱ SC3,防禦ⅡＳＣ３
4285,Defense Ⅱ SC4,防禦ⅡＳＣ４
4286,Rec. Speed Ⅱ SC1,回復速度ⅡＳＣ１
4287,Rec. Speed Ⅱ SC2,回復速度ⅡＳＣ２
4288,Rec. Speed Ⅱ SC3,回復速度ⅡＳＣ３
4289,Rec. Speed Ⅱ SC4,回復速度ⅡＳＣ４
4290,Sleep Res Ⅱ SC1,耐睡眠ⅡＳＣ１
4291,Sleep Res Ⅱ SC2,耐睡眠ⅡＳＣ２
4292,Sleep Res Ⅱ SC3,耐睡眠ⅡＳＣ３
4293,Sleep Res Ⅱ SC4,耐睡眠ⅡＳＣ４
4294,Deodorant Ⅱ SC1,消臭ⅡＳＣ１
4295,Deodorant Ⅱ SC2,消臭ⅡＳＣ２
4296,Deodorant Ⅱ SC3,消臭ⅡＳＣ３
4297,Deodorant Ⅱ SC4,消臭ⅡＳＣ４
4298,Snow.Res Ⅱ SC1,雪球無效ⅡＳＣ１
4299,Snow.Res Ⅱ SC2,雪球無效ⅡＳＣ２
4300,Snow.Res Ⅱ SC3,雪球無效ⅡＳＣ３
4301,Snow.Res Ⅱ SC4,雪球無效ⅡＳＣ４
4302,Stealth Ⅱ SC1,隱密ⅡＳＣ１
4303,Stealth Ⅱ SC2,隱密ⅡＳＣ２
4304,Stealth Ⅱ SC3,隱密ⅡＳＣ３
4305,Stealth Ⅱ SC4,隱密ⅡＳＣ４
4306,Health Ⅱ SC1,體力ⅡＳＣ１
4307,Health Ⅱ SC2,體力ⅡＳＣ２
4308,Health Ⅱ SC3,體力ⅡＳＣ３
4309,Health Ⅱ SC4,體力ⅡＳＣ４
4310,Poison Coating G,毒瓶Ｇ
4311,Para Coating G,麻痺瓶Ｇ
4312,Sleep Coating G,睡眠瓶Ｇ
4313,Poison Sword G,Poison Sword G
4314,Paralysis Sword G,Paralysis Sword G
4315,Sleep Sword G,Sleep Sword G
4316,Fire Sword G,Fire Sword G
4317,Water Sword G,Water Sword G
4318,Thunder Sword G,Thunder Sword G
4319,Ice Sword G,Ice Sword G
4320,Daora Desolate Shl,Daora Desolate Shl
4321,Daora Fierce Shl,Daora Fierce Shl
4322,Daora Violent Shl,Daora Violent Shl
4323,Orugaron Bld. Fang,響狼的血牙
4324,Orugaron Brkn Fang,響狼的折牙
4325,Orugaron P.WhtFur,響狼的純白毛
4326,Orugaron B.WhtFur,響狼的黑白毛
4327,P.Rathian St. Shl,P.Rathian St. Shl
4328,P.Rath Res. Shell,櫻火龍的耐殼
4329,Quivering Leather,Quivering Leather
4330,Supple Red Leather,Supple Red Leather
4331,Hypnoc Argent Fthr,Hypnoc Argent Fthr
4332,Hypn.Platinum Fthr,Hypn.Platinum Fthr
4333,Wyvern Egg…?,Wyvern Egg…?
4334,Herbivore Egg…?,Herbivore Egg…?
4335,Carnivore Egg…?,Carnivore Egg…?
4336,Normal Drawing 1,Normal Drawing 1
4337,Normal Drawing 2,Normal Drawing 2
4338,Miniature Drawing,Miniature Drawing
4339,Dummy38,(dummy)
4340,Gook Tear,古古鴨的涙
4341,Gook Feather,Gook Feather
4342,Polka Dot Patrn,Polka Dot Patrn
4343,Gunman Pattern,Gunman Pattern
4344,Dummy39,(dummy)
4345,Diving Design,Diving Design
4346,Fruit Salad Design,Fruit Salad Design
4347,Party Confetti,Party Confetti
4348,Tattered Drawings,Tattered Drawings
4349,Shabby Drawings,Shabby Drawings
4350,Gook Memories,Gook Memories
4351,F.Wyvern Plate,飛龍種的逆鱗
4352,F.Wyvern Jewel,飛龍珠
4353,Earplugs Berry,耳塞果實
4354,Defense Berry,防禦果實
4355,Combo Rate Berry,調合率果實
4356,Passive Berry,Passive Berry
4357,Eating Speed Berry,進食速度果實
4358,G2 Potion,Ｇ２回復藥
4359,Mega Drink,強力飲料
4360,Mega Guts Tkt,メガガッツ票
4361,Poisoner Tkt,使毒票
4362,Pararaipi Tkt,麻痺雙針票
4363,Demonic R Tkt,惡魔Ｒ票
4364,PA Cuff Tkt Ⅱ,ＰＡ袖飾票Ⅱ
4365,PB Cuff Tkt Ⅱ,ＰＢ袖飾票Ⅱ
4366,PC Cuff Tkt Ⅱ,ＰＣ袖飾票Ⅱ
4367,Sturdy Jawbone,堅固顎骨
4368,Card Ore Sand,可片礦沙
4369,Card Ore Plum,可片礦梅
4370,Card Ore Soot,可片礦煤
4371,Champion Tkt,チャンピオン票
4372,TP5 Tkt・1,ＴＰ５票・１
4373,TP5 Tkt・2,ＴＰ５票・２
4374,TP5 Tkt・3,ＴＰ５票・３
4375,TP5 Tkt・4,ＴＰ５票・４
4376,TP5 Tkt・5,ＴＰ５票・５
4377,Ena Tkt Ⅰ,神力票Ⅰ
4378,Ena Tkt Ⅱ,神力票Ⅱ
4379,Ena Tkt Ⅲ,神力票Ⅲ
4380,Ena Tkt Ⅳ,神力票Ⅳ
4381,Ena Tkt Ⅴ,神力票Ⅴ
4382,Ena Tkt Ⅵ,神力票Ⅵ
4383,Ena Tkt Ⅶ,神力票Ⅶ
4384,Ena Tkt Ⅷ,神力票Ⅷ
4385,S H Canard Tkt,Ｓ具現Ｈ票
4386,Notte H Tkt,ノッテＨ票
4387,Plato H Tkt,草綠Ｈ票
4388,Cuff Base・Apricot,Cuff Base・Apricot
4389,Cuff Base・Dawn,Cuff Base・Dawn
4390,Cuff Base・Leather,Cuff Base・Leather
4391,Cuff Base・Wax,Cuff Base・Wax
4392,Sply Guts Tkt,補給ガッツ票
4393,Cat Balloon Flute,猫氣球笛
4394,Cat Ballista,猫弩砲
4395,EZ Sonic Bomb,簡易音爆彈
4396,Signal Flare,Signal Flare
4397,Geyser Bomb,間歇泉爆彈
4398,Violent Ravi Blood,狂暴大巖龍之血
4399,Ancient Drgn Bone,古代龍骨
4400,Rukodiora Stone,Rukodiora Stone
4401,4401dummy,4401dummy
4402,4402dummy,4402dummy
4403,4403dummy,4403dummy
4404,4404dummy,4404dummy
4405,4405dummy,4405dummy
4406,Wild Silk Cacoon,Wild Silk Cacoon
4407,BP11 Tkt・１,ＢＰ11票・１
4408,BP11 Tkt・２,ＢＰ11票・２
4409,BP11 Tkt・３,ＢＰ11票・３
4410,BP11 Tkt・４,ＢＰ11票・４
4411,BP11 Tkt・５,ＢＰ11票・５
4412,BP11 Tkt・６,ＢＰ11票・６
4413,BP11 Tkt・７,ＢＰ11票・７
4414,BP11 Tkt・８,ＢＰ11票・８
4415,Meister Head Tkt,マイスト頭票
4416,Meister Body Tkt,マイスト胴票
4417,Meister Arm Tkt,マイスト腕票
4418,Meister Fauld Tkt,マイスト腰票
4419,Meister Boot Tkt,マイスト脚票
4420,Workshop Twins Tkt,工房雙炎票
4421,Workshop Pair Tkt,工房水雙票
4422,Workshop Bow,Workshop Bow
4423,Wokshop Water Bow,Wokshop Water Bow
4424,Lunar Yarn,Lunar Yarn
4425,Steel Polyhedron,Steel Polyhedron
4426,Virulent Mushroom,劇毒菇
4427,Rainbow Gunpowder,彩虹火藥
4428,Yggdrasil Branch,Yggdrasil Branch
4429,Inky Fragm,Inky Fragm
4430,Thank You Ⅳ,Thank You Ⅳ
4431,W Spoon Tkt,Ｗ湯匙票
4432,F Spoon Tkt,Ｆ湯匙票
4433,Pretty H Tkt,寶貝豬Ｈ票
4434,Rusty H Tkt,條紋豬票
4435,Lovely G Tkt,可愛豬Ｇ票
4436,Lovely A Tkt,可愛豬Ａ票
4437,Lovely S Tkt,可愛豬Ｓ票
4438,Baby G Tkt,寶貝豬Ｇ票
4439,Baby A Tkt,寶貝豬Ａ票
4440,Baby B Tkt,寶貝豬Ｂ票
4441,2011 Kit 3 Head,2011 Kit 3 Head
4442,2011 Kit 3 Chest,2011 Kit 3 Chest
4443,2011 Kit 3 Arms,2011 Kit 3 Arms
4444,2011 Kit 3 Waist,2011 Kit 3 Waist
4445,2011 Kit 3 Legs,2011 Kit 3 Legs
4446,2011 Kit 1 Head,2011 Kit 1 Head
4447,2011 Kit 1 Chest,2011 Kit 1 Chest
4448,2011 Kit 1 Arms,2011 Kit 1 Arms
4449,2011 Kit 1 Waist,2011 Kit 1 Waist
4450,2011 Kit 1 Legs,2011 Kit 1 Legs
4451,2011 Kit 2 Head,2011 Kit 2 Head
4452,2011 Kit 2 Chest,2011 Kit 2 Chest
4453,2011 Kit 2 Arms,2011 Kit 2 Arms
4454,2011 Kit 2 Waist,2011 Kit 2 Waist
4455,2011 Kit 2 Legs,2011 Kit 2 Legs
4456,Ethereal Branch,Ethereal Branch
4457,Teal Rubbish,Teal Rubbish
4458,Daoran Gunpowder,道蘭火藥
4459,Scarlet Festi Mem.,Scarlet Festi Mem.
4460,Indigo Festi Mem.,Indigo Festi Mem.
4461,Peach Festi Memory,Peach Festi Memory
4462,Freezing Fang,凍結的牙
4463,Eternal Friend Tkt,永遠友票
4464,Power Friend Tkt,力友票
4465,True Friend Tkt,真友票
4466,Pure Dawn Crystal,純淨黎明結晶
4467,Electric Stone,電氣石
4468,Star Debris,Star Debris
4469,Steel Direbone,鋼兇骨
4470,Carbon Blade,Carbon Blade
4471,Cat Luxury File,Cat Luxury File
4472,Fisherman's Guile,Fisherman's Guile
4473,Blk Beast Fang,黑獸的牙
4474,Extreme Flame Gem,Extreme Flame Gem
4475,Mutation Hammer,Mutation Hammer
4476,Iron Compass,Iron Compass
4477,Blk Fur,黑的毛
4478,Rip Talon,Rip Talon
4479,Fire Blast Stone,爆炎石
4480,Hunter Card Green,Hunter Card Green
4481,Hunter Card Black,Hunter Card Black
4482,Hunter Card Yellow,Hunter Card Yellow
4483,Hunter Card Water,Hunter Card Water
4484,Hunter Card Orange,Hunter Card Orange
4485,Unknown Scale,未知的鱗
4486,Unknown Webbing,Unknown Webbing
4487,Unknown Fang,未知的牙
4488,Unknown Jaw,Unknown Jaw
4489,Unknown Claw,未知的爪
4490,Unknown Wing,未知的翼
4491,Unknown Marrow,Unknown Marrow
4492,Unknown Tail,未知的尾
4493,Unknown Spike,未知的棘
4494,Earplugs II PA1,耳塞ⅡＰＡ１
4495,Earplugs II PA2,耳塞ⅡＰＡ２
4496,Earplugs II PA3,耳塞ⅡＰＡ３
4497,Fasting II PA1,絶食ⅡＰＡ１
4498,Fasting II PA2,絶食ⅡＰＡ２
4499,Fasting II PA3,絶食ⅡＰＡ３
4500,Psychic II PA1,千里眼ⅡＰＡ１
4501,Psychic II PA2,千里眼ⅡＰＡ２
4502,Am.Combiner II PA1,彈藥調合ⅡＰＡ１
4503,Am.Combiner II PA2,彈藥調合ⅡＰＡ２
4504,Eating II PA1,食事ⅡＰＡ１
4505,Eating II PA2,食事ⅡＰＡ２
4506,P. Shot Up II PB1,貫通彈強化ⅡＰＢ１
4507,P. Shot Up II PB2,貫通彈強化ⅡＰＢ２
4508,Evasion II PB1,迴避性能ⅡＰＢ１
4509,Evasion II PB2,迴避性能ⅡＰＢ２
4510,Precision II PB1,精密射撃ⅡＰＢ１
4511,Precision II PB2,精密射撃ⅡＰＢ２
4512,Sharpness II PB1,鋒利度ⅡＰＢ１
4513,Sharpness II PB2,鋒利度ⅡＰＢ２
4514,Sharpening II PB1,砥石使用ⅡＰＢ１
4515,Sharpening II PB2,砥石使用ⅡＰＢ２
4516,W. Pressure II PB1,風壓ⅡＰＢ１
4517,W. Pressure II PB2,風壓ⅡＰＢ２
4518,Bomb Sword II PB1,爆彈属性強化ⅡＰＢ１
4519,Bomb Sword II PB2,爆彈属性強化ⅡＰＢ２
4520,Fire Sword II PB1,火属性強化ⅡＰＢ１
4521,Fire Sword II PB2,火属性強化ⅡＰＢ２
4522,Water Sword II PB1,水属性強化ⅡＰＢ１
4523,Water Sword II PB2,水属性強化ⅡＰＢ２
4524,Thndr Sword II PB1,雷属性強化ⅡＰＢ１
4525,Thndr Sword II PB2,雷属性強化ⅡＰＢ２
4526,Ice Sword II PB1,冰属性強化ⅡＰＢ１
4527,Ice Sword II PB2,冰属性強化ⅡＰＢ２
4528,Drgn Sword II PB1,龍属性強化ⅡＰＢ１
4529,Drgn Sword II PB2,龍属性強化ⅡＰＢ２
4530,Guard II PC1,防禦性能ⅡＰＣ１
4531,Guard II PC2,防禦性能ⅡＰＣ２
4532,Guard II PC3,防禦性能ⅡＰＣ３
4533,Reload II PC1,裝填速度ⅡＰＣ１
4534,Reload II PC2,裝填速度ⅡＰＣ２
4535,Reload II PC3,裝填速度ⅡＰＣ３
4536,Auto-Reload II PC1,自動裝填ⅡＰＣ１
4537,Auto-Reload II PC2,自動裝填ⅡＰＣ２
4538,Auto-Reload II PC3,自動裝填ⅡＰＣ３
4539,Recoil II PC1,反動減軽ⅡＰＣ１
4540,Recoil II PC2,反動減軽ⅡＰＣ２
4541,Recoil II PC3,反動減軽ⅡＰＣ３
4542,Pe.Shot Up II PC1,散彈強化ⅡＰＣ１
4543,Pe.Shot Up II PC2,散彈強化ⅡＰＣ２
4544,Pe.Shot Up II PC3,散彈強化ⅡＰＣ３
4545,Stat.Attack II PC1,特殊攻撃ⅡＰＣ１
4546,Stat.Attack II PC2,特殊攻撃ⅡＰＣ２
4547,Stat.Attack II PC3,特殊攻撃ⅡＰＣ３
4548,Fasting II PC1,絶食ⅡＰＣ１
4549,Fasting II PC2,絶食ⅡＰＣ２
4550,Fasting II PC3,絶食ⅡＰＣ３
4551,Stamina II PC1,耐力ⅡＰＣ１
4552,Stamina II PC2,耐力ⅡＰＣ２
4553,Stamina II PC3,耐力ⅡＰＣ３
4554,Adrenaline II PC1,火場怪力ⅡＰＣ１
4555,Adrenaline II PC2,火場怪力ⅡＰＣ２
4556,Adrenaline II PC3,火場怪力ⅡＰＣ３
4557,Evasion II PC1,迴避性能ⅡＰＣ１
4558,Evasion II PC2,迴避性能ⅡＰＣ２
4559,Evasion II PC3,迴避性能ⅡＰＣ３
4560,Para. Res II PC1,耐麻痺ⅡＰＣ１
4561,Para. Res II PC2,耐麻痺ⅡＰＣ２
4562,Para. Res II PC3,耐麻痺ⅡＰＣ３
4563,Stun Res II PC1,耐気絶ⅡＰＣ１
4564,Stun Res II PC2,耐気絶ⅡＰＣ２
4565,Stun Res II PC3,耐気絶ⅡＰＣ３
4566,Poison Res II PC1,耐毒ⅡＰＣ１
4567,Poison Res II PC2,耐毒ⅡＰＣ２
4568,Poison Res II PC3,耐毒ⅡＰＣ３
4569,Gath.Speed II PC4,高速採取ⅡＰＣ４
4570,Gath.Speed II PC5,高速採取ⅡＰＣ５
4571,Gath.Speed II PC6,高速採取ⅡＰＣ６
4572,Psychic II PC1,千里眼ⅡＰＣ１
4573,Psychic II PC2,千里眼ⅡＰＣ２
4574,Psychic II PC3,千里眼ⅡＰＣ３
4575,Combining II PC1,調合成功ⅡＰＣ１
4576,Combining II PC2,調合成功ⅡＰＣ２
4577,Combining II PC3,調合成功ⅡＰＣ３
4578,Am.Combiner II PC1,彈藥調合ⅡＰＣ１
4579,Am.Combiner II PC2,彈藥調合ⅡＰＣ２
4580,Am.Combiner II PC3,彈藥調合ⅡＰＣ３
4581,Everlasting II PC1,效果持續ⅡＰＣ１
4582,Everlasting II PC2,效果持續ⅡＰＣ２
4583,Everlasting II PC3,效果持續ⅡＰＣ３
4584,Quake Res II PC1,耐震ⅡＰＣ１
4585,Quake Res II PC2,耐震ⅡＰＣ２
4586,Quake Res II PC3,耐震ⅡＰＣ３
4587,Terrain II PC1,地形耐性ⅡＰＣ１
4588,Terrain II PC2,地形耐性ⅡＰＣ２
4589,Terrain II PC3,地形耐性ⅡＰＣ３
4590,Protection II SA1,精靈加護ⅡＳＡ１
4591,Protection II SA2,精靈加護ⅡＳＡ２
4592,N.Shot Up II SA1,通常彈強化ⅡＳＡ１
4593,N.Shot Up II SA2,通常彈強化ⅡＳＡ２
4594,Stamina II SA1,耐力ⅡＳＡ１
4595,Stamina II SA2,耐力ⅡＳＡ２
4596,Gathering II SA1,採取ⅡＳＡ１
4597,Combining II SA1,調合成功ⅡＳＡ１
4598,Meal II SA1,食事ⅡＳＡ１
4599,Heat Res II SA1,耐暑ⅡＳＡ１
4600,Rec. Speed II SA1,回復速度ⅡＳＡ１
4601,Health II SA1,體力ⅡＳＡ１
4602,Gunnery II SB1,砲術ⅡＳＢ１
4603,Gunnery II SB2,砲術ⅡＳＢ２
4604,Psychic II SB1,千里眼ⅡＳＢ１
4605,Psychic II SB2,千里眼ⅡＳＢ２
4606,Hunger II SB1,飢餓ⅡＳＢ１
4607,Hunger II SB2,飢餓ⅡＳＢ２
4608,Gathering II SB1,採取ⅡＳＢ１
4609,Gathering II SB2,採取ⅡＳＢ２
4610,Quake Res II SB1,耐震ⅡＳＢ１
4611,Quake Res II SB2,耐震ⅡＳＢ２
4612,Am.Combiner II SB1,彈藥調合ⅡＳＢ１
4613,Am.Combiner II SB2,彈藥調合ⅡＳＢ２
4614,Fire Res II SB1,耐火ⅡＳＢ１
4615,Fire Res II SB2,耐火ⅡＳＢ２
4616,Water Res II SB1,耐水ⅡＳＢ１
4617,Water Res II SB2,耐水ⅡＳＢ２
4618,Ice Res II SB1,耐冰ⅡＳＢ１
4619,Ice Res II SB2,耐冰ⅡＳＢ２
4620,Thunder Res II SB1,耐雷ⅡＳＢ１
4621,Thunder Res II SB2,耐雷ⅡＳＢ２
4622,Heat Res II SB1,耐暑ⅡＳＢ１
4623,Heat Res II SB2,耐暑ⅡＳＢ２
4624,Cold Res II SB1,耐寒ⅡＳＢ１
4625,Cold Res II SB2,耐寒ⅡＳＢ２
4626,Recovery II SC1,回復ⅡＳＣ１
4627,Recovery II SC2,回復ⅡＳＣ２
4628,Combining II SC1,調合成功ⅡＳＣ１
4629,Combining II SC2,調合成功ⅡＳＣ２
4630,Am.Combiner II SC1,彈藥調合ⅡＳＣ１
4631,Am.Combiner II SC2,彈藥調合ⅡＳＣ２
4632,Eating II SC1,食事ⅡＳＣ１
4633,Eating II SC2,食事ⅡＳＣ２
4634,Dragon Res II SC1,耐龍ⅡＳＣ１
4635,Dragon Res II SC2,耐龍ⅡＳＣ２
4636,Gath.Speed II SC1,高速採取ⅡＳＣ１
4637,Gath.Speed II SC2,高速採取ⅡＳＣ２
4638,Backpacking II SC1,搬運ⅡＳＣ１
4639,Backpacking II SC2,搬運ⅡＳＣ２
4640,Wide-Area II SC1,廣域化ⅡＳＣ１
4641,Wide-Area II SC2,廣域化ⅡＳＣ２
4642,Hunger II SC1,飢餓ⅡＳＣ１
4643,Hunger II SC2,飢餓ⅡＳＣ２
4644,Poison Res II SC1,耐毒ⅡＳＣ１
4645,Poison Res II SC2,耐毒ⅡＳＣ２
4646,Auto-Guard II SC1,自動防禦ⅡＳＣ１
4647,Auto-Guard II SC2,自動防禦ⅡＳＣ２
4648,Auto-Guard II SC3,自動防禦ⅡＳＣ３
4649,Auto-Guard II SC4,自動防禦ⅡＳＣ４
4650,Pressure II SC1,威壓ⅡＳＣ１
4651,Pressure II SC2,威壓ⅡＳＣ２
4652,Pressure II SC3,威壓ⅡＳＣ３
4653,Pressure II SC4,威壓ⅡＳＣ４
4654,Anti-Theft II SC1,防盜ⅡＳＣ１
4655,Anti-Theft II SC2,防盜ⅡＳＣ２
4656,Anti-Theft II SC3,防盜ⅡＳＣ３
4657,Anti-Theft II SC4,防盜ⅡＳＣ４
4658,Bomb Boost II SC1,爆彈強化ⅡＳＣ１
4659,Bomb Boost II SC2,爆彈強化ⅡＳＣ２
4660,Bomb Boost II SC3,爆彈強化ⅡＳＣ３
4661,Bomb Boost II SC4,爆彈強化ⅡＳＣ４
4662,Gluttony II SC1,大胃王ⅡＳＣ１
4663,Gluttony II SC2,大胃王ⅡＳＣ２
4664,Gluttony II SC3,大胃王ⅡＳＣ３
4665,Gluttony II SC4,大胃王ⅡＳＣ４
4666,Map II SC1,地圖ⅡＳＣ１
4667,Map II SC2,地圖ⅡＳＣ２
4668,Map II SC3,地圖ⅡＳＣ３
4669,Map II SC4,地圖ⅡＳＣ４
4670,Alchemy II SC1,煉金ⅡＳＣ１
4671,Alchemy II SC2,煉金ⅡＳＣ２
4672,Alchemy II SC3,煉金ⅡＳＣ３
4673,Alchemy II SC4,煉金ⅡＳＣ４
4674,Breakout II SC5,脱出ⅡＳＣ５
4675,Breakout II SC6,脱出ⅡＳＣ６
4676,Breakout II SC7,脱出ⅡＳＣ７
4677,Breakout II SC8,脱出ⅡＳＣ８
4678,Cooking II SC1,料理ⅡＳＣ１
4679,Cooking II SC2,料理ⅡＳＣ２
4680,Cooking II SC3,料理ⅡＳＣ３
4681,Cooking II SC4,料理ⅡＳＣ４
4682,C.Shot Add II SC1,徹甲榴彈追加ⅡＳＣ１
4683,C.Shot Add II SC2,徹甲榴彈追加ⅡＳＣ２
4684,C.Shot Add II SC3,徹甲榴彈追加ⅡＳＣ３
4685,C.Shot Add II SC4,徹甲榴彈追加ⅡＳＣ４
4686,Wall G,Wall G
4687,Reload G,Reload G
4688,Auto-Reload G,Auto-Reload G
4689,Bomber G,轟炸Ｇ
4690,Protection G,Protection G
4691,Paperweight G,Paperweight G
4692,Nimble G,Nimble G
4693,Stamina G,Stamina G
4694,Pinpoint G,Pinpoint G
4695,Gunnery 1 G,Gunnery 1 G
4696,Corrosive Knife,腐蝕投擲刀
4697,Power Needle,Power Needle
4698,Power Ball,Power Ball
4699,Fire Knife,火投擲刀
4700,Water Knife,水投擲刀
4701,Ice Knife,冰投擲刀
4702,Thunder Knife,雷投擲刀
4703,Dragon Knife,龍投擲刀
4704,Whaletide Jewel,鯨潮珠
4705,Weaselscythe Jewel,鼬鎌珠
4706,Crowbeak Jewel,鴉嘴珠
4707,Eaglewing Jewel,鷹翼珠
4708,Owl Eye Jewel,梟眼珠
4709,Pignose Jewel,豬鼻珠
4710,Swallowtail Jewel,燕尾珠
4711,Stag Antler Jewel,鹿角珠
4712,Sparrowdance Jewel,雀舞珠
4713,Sharkjaw Jewel,鯊顎珠
4714,Atk. Info [Bad],Atk. Info [Bad]
4715,Atk. Info [Good],Atk. Info [Good]
4716,Elem. Info [Good],Elem. Info [Good]
4717,Mochi Mochi Fruit,Mochi Mochi Fruit
4718,Heart Mushroom,心型菇
4719,Crimson Princess,Crimson Princess
4720,Stonegrasp Beetle,握石甲蟲
4721,Amnesia Grass,健忘草
4722,Gook Junk,Gook Junk
4723,Gook Amulet,Gook Amulet
4724,Orioru Rice,Orioru Rice
4725,Yoshi Arowana,吉骨舌魚
4726,Kamu Kamu Fruit,Kamu Kamu Fruit
4727,Flounder Fruit,Flounder Fruit
4728,Omoware Leaf,Omoware Leaf
4729,Studded Gear,Studded Gear
4730,Leathe Gear,Leathe Gear
4731,Apex Gear,Apex Gear
4732,Chain Gear,Chain Gear
4733,Belt Gear,Belt Gear
4734,Blue Electrum,Blue Electrum
4735,Yellow Electrum,Yellow Electrum
4736,Clear Electrum,Clear Electrum
4737,Scarlet Electrum,Scarlet Electrum
4738,Gray Electrum,Gray Electrum
4739,Red Electrum,Red Electrum
4740,White Electrum,White Electrum
4741,Green Electrum,Green Electrum
4742,Orange Electrum,Orange Electrum
4743,Pink Electrum,Pink Electrum
4744,Purple Electrum,Purple Electrum
4745,All Res Fruit,All Res Fruit
4746,Hunger Inc. Fruit,Hunger Inc. Fruit
4747,Rec Speed Fruit,Rec Speed Fruit
4748,Anti-venom Fruit,Anti-venom Fruit
4749,Capture Exp Fruit,Capture Exp Fruit
4750,Perfect Whetstone,完美砥石
4751,Superior Nutrients,上等營養劑
4752,Tracker's Drink,追蹤飲料
4753,Marking Ball,Marking Ball
4754,Ultra Cool Drink,究極冷飲
4755,Ultra Hot Drink,究極熱飲
4756,Thin Jack Mackerel,細鰺魚
4757,Halfmoon Carp,Halfmoon Carp
4758,Black Belly Eel,Black Belly Eel
4759,Fragrant Grass,芳香草
4760,Pinky Grass,粉紅草
4761,Fuzzy Grass,絨毛草
4762,Clean Shell,潔淨甲殼
4763,Soft Shell,柔軟甲殼
4764,Rare Shell,稀有甲殼
4765,Pelican Ore,塘鵝礦石
4766,Black Pyroxene,Black Pyroxene
4767,Parusanto Ore,波魯桑托礦石
4768,Shovel Hopper,Shovel Hopper
4769,Fishing Bug,釣魚蟲
4770,Rockfang Worm,岩牙蟲
4771,Valiant Horn,勇猛的角
4772,Fragrant Branch,Fragrant Branch
4773,Charming Fruit,Charming Fruit
4774,Icy Branch,Icy Branch
4775,Card Ore [Ibis],可片礦［朱鷺］
4776,Card Ore [Muscle],可片礦［筋肉］
4777,Card Ore [Leap],可片礦［跳躍］
4778,Unyielding Spike,不屈的棘
4779,Huge Wthrd. Bone,巨大風化骨
4780,Mega-Rage Horn,超憤怒角
4781,Goldenblack Silk,Goldenblack Silk
4782,Ancient Debris,Ancient Debris
4783,Dorek P Tkt,泥濘Ｐ票
4784,Venio P Tkt,魅力Ｐ票
4785,Yera B Tkt,月神Ｂ票
4786,Dorek B Tkt,統治者Ｂ票
4787,Toros Tkt Head,鬥士頭票
4788,Toros Tkt Torso,鬥士胴票
4789,Toros Tkt Arms,鬥士腕票
4790,Toros Tkt Waist,鬥士腰票
4791,Toros Tkt Legs,鬥士脚票
4792,Seabreeze Stone,海風石
4793,Unbound Book [Sky],Unbound Book [Sky]
4794,Unbound Book [Hvn],Unbound Book [Hvn]
4795,Lottery Bag,Lottery Bag
4796,Beguiling Feathers,Beguiling Feathers
4797,Icy Scale Stone,Icy Scale Stone
4798,Book of Storms,Book of Storms
4799,Crimson Storm Bell,Crimson Storm Bell
4800,Ivory Star Clay,Ivory Star Clay
4801,Tail Fin Harness,Tail Fin Harness
4802,Glossy Pebble,Glossy Pebble
4803,Nagia L Tkt,至聖Ｌ票
4804,Tulle L Tkt,軍神Ｌ票
4805,Majiorno Tkt,月下魔女票
4806,Caserno Tkt,月下猫女票
4807,Unit Tkt,團結者票
4808,Unity Tkt,強化團結者票
4809,Unican G Tkt,團結者Ｇ票
4810,Iculta Tkt,開拓者票
4811,Ikuruti Tkt,強化開拓者票
4812,Iklon G Tkt,開拓者Ｇ票
4813,Galitos Tkt Head,元帥頭票
4814,Galitos Tkt Torso,元帥胴票
4815,Galitos Tkt Arms,元帥腕票
4816,Galitos Tkt Waist,元帥腰票
4817,Galitos Tkt Legs,元帥脚票
4818,Libre Tkt Head,輕快頭票
4819,Libre Tkt Torso,輕快胴票
4820,Libre Tkt Arms,輕快腕票
4821,Libre Tkt Waist,輕快腰票
4822,Libre Tkt Legs,輕快脚票
4823,BP12 Tkt・１,ＢＰ12票・１
4824,BP12 Tkt・２,ＢＰ12票・２
4825,BP12 Tkt・３,ＢＰ12票・３
4826,BP12 Tkt・４,ＢＰ12票・４
4827,BP12 Tkt・５,ＢＰ12票・５
4828,BP12 Tkt・６,ＢＰ12票・６
4829,BP12 Tkt・７,ＢＰ12票・７
4830,BP12 Tkt・８,ＢＰ12票・８
4831,Steel Durian,Steel Durian
4832,Mad King's Waltz,Mad King's Waltz
4833,Mystery Water,Mystery Water
4834,Demonic Fungus,Demonic Fungus
4835,Hunter's Will,Hunter's Will
4836,Beast Horn,牙獸種的角
4837,Flash Coin,Flash Coin
4838,Shakalaka Game,Shakalaka Game
4839,Shiny Blk Carapace,閃亮黑堅殼
4840,Buried Black Shell,埋沒的黑殼
4841,Ancient Ink,Ancient Ink
4842,Blademaster Seal,Blademaster Seal
4843,Gunmaster Seal,Gunmaster Seal
4844,Exere Fabric [M],Exere Fabric [M]
4845,Exere Fabric [S],Exere Fabric [S]
4846,Ice C Tkt,冰霜Ｃ票
4847,Thunder B Tkt,雷霆Ｂ票
4848,4 4 0 7 Dummy,(dummy)
4849,4 4 0 8 Dummy,(dummy)
4850,Sheild H Tkt,護盾Ｈ票
4851,Eternity S Tkt,永世Ｓ票
4852,Stun C Tkt,束縛Ｃ票
4853,V Venom Tkt,Ｖ蛇毒票
4854,Magnastone,磁石
4855,Supple Thread,Supple Thread
4856,I Sword Tkt,Ｉ大劍票
4857,L Sword Tkt,Ｌ大劍票
4858,Hidden Sword Tkt,隱劍票
4859,Cutter Blade Tkt,刃刈票
4860,V Tkt Head,Ｖ頭票
4861,V Tkt Torso,Ｖ胴票
4862,V Tkt Arms,Ｖ腕票
4863,V Tkt Waist,Ｖ腰票
4864,V Tkt Legs,Ｖ脚票
4865,Brave Tkt,勇敢票
4866,Sequin Tkt Ⅰ,セケン票Ⅰ
4867,Sequin Tkt Ⅱ,セケン票Ⅱ
4868,Sequin Tkt Ⅲ,セケン票Ⅲ
4869,Sequin Tkt Ⅳ,セケン票Ⅳ
4870,Sequin Tkt Ⅴ,セケン票Ⅴ
4871,Sequin Tkt Ⅵ,セケン票Ⅵ
4872,Sequin Tkt Ⅶ,セケン票Ⅶ
4873,Sequin Tkt Ⅷ,セケン票Ⅷ
4874,Kloss Tkt Head,クロッス頭票
4875,Kloss Tkt Torso,クロッス胴票
4876,Kloss Tkt Arms,クロッス腕票
4877,Kloss Tkt Waist,クロッス腰票
4878,Kloss Tkt Legs,クロッス脚票
4879,Cone Tkt White,甜筒白票
4880,Cone Tkt Tea,甜筒茶票
4881,Cone Tkt Green,甜筒緑票
4882,Cone Tkt Peach,甜筒桃票
4883,White Ice-pop Tkt,冰棒白票
4884,Tea Ice-pop Tkt,冰棒茶票
4885,Lime Ice-pop Tkt,冰棒緑票
4886,Peach Ice-pop Tkt,冰棒桃票
4887,Song of The Forest,Song of The Forest
4888,Song of The Beach,Song of The Beach
4889,Song of Quicksand,Song of Quicksand
4890,Song of Caves,Song of Caves
4891,Song of Comfort,Song of Comfort
4892,Song of Spring,Song of Spring
4893,Song of Summer,Song of Summer
4894,Song of Rain,Song of Rain
4895,Br.Scorpion Bond,Br.Scorpion Bond
4896,Sl.Scorpion Bond,Sl.Scorpion Bond
4897,Gold Scorpion Bond,Gold Scorpion Bond
4898,Br.T.Dragon Bond,Br.T.Dragon Bond
4899,Sl.T.Dragon Bond,Sl.T.Dragon Bond
4900,Gold T.Dragon Bond,Gold T.Dragon Bond
4901,Brnze Paria Bond,Brnze Paria Bond
4902,Slver Paria Bond,Slver Paria Bond
4903,Gold Paria Bond,Gold Paria Bond
4904,Gray Festi Memento,Gray Festi Memento
4905,Yel. Festi Memento,Yel. Festi Memento
4906,Grn. Festi Memento,Grn. Festi Memento
4907,Orn. Festi Memento,Orn. Festi Memento
4908,Cuff Base・Azure,Cuff Base・Azure
4909,Cuff Base・Crocus,Cuff Base・Crocus
4910,Porta Pyroxene,Porta Pyroxene
4911,Boron Note,Boron Note
4912,Sodium Note,Sodium Note
4913,Chlorine Note,Chlorine Note
4914,Titanium Note,Titanium Note
4915,Gallium Note,Gallium Note
4916,Niobium Note,Niobium Note
4917,Antimony Note,Antimony Note
4918,Lutetium Note,Lutetium Note
4919,Protactinium Note,Protactinium Note
4920,Fermium Note,Fermium Note
4921,Dora Leaden Gem,Dora Leaden Gem
4922,Dora Mystic Claw,冥雷龍的神秘爪
4923,Dora Eternal Scale,冥雷龍的永恆鱗
4924,Gravi. Charr Shell,鎧龍的焦殼
4925,Gravios Heat Shl,Gravios Heat Shl
4926,Gravi. Miracle Shl,Gravi. Miracle Shl
4927,Bulldrome Apex Fng,Bulldrome Apex Fng
4928,B.Drome Fierce Fng,B.Drome Fierce Fng
4929,B.Drome ViolentFng,B.Drome ViolentFng
4930,Akantor Death Scl,Akantor Death Scl
4931,Akan. Corrupt Claw,霸龍的腐敗爪
4932,Stately Beak,Stately Beak
4933,Pompous Beak,Pompous Beak
4934,4 4 0 6 Dummy,(dummy)
4935,Horrid Twist Horn,恐怖歪角
4936,Horrid Warped Horn,恐怖歪角
4937,Halk Feathers [R],Halk Feathers [R]
4938,Halk Feathers [F],Halk Feathers [F]
4939,Halk Feathers [W],Halk Feathers [W]
4940,Halk Feathers [I],Halk Feathers [I]
4941,Halk Feathers [T],Halk Feathers [T]
4942,Halk Feathers [D],Halk Feathers [D]
4943,Serious Drink Aff,認真飲料會心
4944,Hunter's Paper,Hunter's Paper
4945,Tuxedo Paper,Tuxedo Paper
4946,Mofumofu Patrn,Mofumofu Patrn
4947,Rooster Patrn,Rooster Patrn
4948,Lovely Drawing,Lovely Drawing
4949,Fort Drawing,Fort Drawing
4950,Yase Yase Food,Yase Yase Food
4951,Plump Food,Plump Food
4952,Halk Potion,霍克回復藥
4953,Serious Drink Fire,認真飲料火
4954,Serious Drink Wat,認真飲料水
4955,Serious Drink Ice,認真飲料冰
4956,Serious Drink Thnd,認真飲料雷
4957,Serious Drink Drgn,認真飲料龍
4958,Gogomoa Pelt,跳緋獸的皮
4959,Gogomoa Fang,跳緋獸的牙
4960,Gogomoa Claw,跳緋獸的爪
4961,Gogomoa Horn,跳緋獸的角
4962,Gogomoa Tail,跳緋獸的尾
4963,Kokomoa Pelt,跳緋幼獸的皮
4964,Gogomoa Pelt+,跳緋獸的皮＋
4965,Gogomoa Fang+,跳緋獸的尖牙
4966,Gogomoa Claw+,跳緋獸的尖爪
4967,Gogomoa Horn+,跳緋獸的尖角
4968,Gogomoa Tail+,跳緋獸的上尾
4969,Kokomoa Pelt+,跳緋幼獸的皮＋
4970,Gogomoa Proof,Gogomoa Proof
4971,Pelagus Horn,牙獸種的角
4972,Evasion Ⅱ PA3,迴避性能ⅡＰＡ３
4973,Sleep Sword Ⅱ PA1,睡眠属性強化ⅡＰＡ１
4974,Para. Sword Ⅱ PA1,麻痺属性強化ⅡＰＡ１
4975,Focus Ⅱ PA1,集中ⅡＰＡ１
4976,Stamina Ⅱ PA1,耐力ⅡＰＡ１
4977,W.Pressure Ⅱ PA1,風壓ⅡＰＡ１
4978,Eating Ⅱ PA3,食事ⅡＰＡ３
4979,Eating Ⅱ PA4,食事ⅡＰＡ４
4980,Psychic Ⅱ PA3,千里眼ⅡＰＡ３
4981,Psychic Ⅱ PA4,千里眼ⅡＰＡ４
4982,Recovery Ⅱ PA1,回復ⅡＰＡ１
4983,Recovery Ⅱ PA2,回復ⅡＰＡ２
4984,Stat.Attack Ⅱ PB1,特殊攻撃ⅡＰＢ１
4985,Stat.Attack Ⅱ PB2,特殊攻撃ⅡＰＢ２
4986,Elem.Attack Ⅱ PB1,属性攻撃ⅡＰＢ１
4987,Elem.Attack Ⅱ PB2,属性攻撃ⅡＰＢ２
4988,Elem.Attack Ⅱ PB3,属性攻撃ⅡＰＢ３
4989,Elem.Attack Ⅱ PB4,属性攻撃ⅡＰＢ４
4990,Elem.Attack Ⅱ PB5,属性攻撃ⅡＰＢ５
4991,Elem.Attack Ⅱ PB6,属性攻撃ⅡＰＢ６
4992,St.Recovery Ⅱ PB1,耐力回復ⅡＰＢ１
4993,St.Recovery Ⅱ PB2,耐力回復ⅡＰＢ２
4994,Wep.Handling Ⅱ PB1,武器扱ⅡＰＢ１
4995,Wep.Handling Ⅱ PB2,武器扱ⅡＰＢ２
4996,Eating Ⅱ PB1,食事ⅡＰＢ１
4997,Eating Ⅱ PB2,食事ⅡＰＢ２
4998,Eating Ⅱ PB3,食事ⅡＰＢ３
4999,Eating Ⅱ PB4,食事ⅡＰＢ４
5000,Quake Res Ⅱ PB1,耐震ⅡＰＢ１
5001,Quake Res Ⅱ PB2,耐震ⅡＰＢ２
5002,Quake Res Ⅱ PB3,耐震ⅡＰＢ３
5003,Quake Res Ⅱ PB4,耐震ⅡＰＢ４
5004,Combining Ⅱ PB1,調合成功ⅡＰＢ１
5005,Combining Ⅱ PB2,調合成功ⅡＰＢ２
5006,Combining Ⅱ PB3,調合成功ⅡＰＢ３
5007,Combining Ⅱ PB4,調合成功ⅡＰＢ４
5008,N.Shot Up Ⅱ PC1,通常彈強化ⅡＰＣ１
5009,N.Shot Up Ⅱ PC2,通常彈強化ⅡＰＣ２
5010,N.Shot Up Ⅱ PC3,通常彈強化ⅡＰＣ３
5011,N.Shot Up Ⅱ PC4,通常彈強化ⅡＰＣ４
5012,P.Shot Up Ⅱ PC1,貫通彈強化ⅡＰＣ１
5013,P.Shot Up Ⅱ PC2,貫通彈強化ⅡＰＣ２
5014,P.Shot Up Ⅱ PC3,貫通彈強化ⅡＰＣ３
5015,P.Shot Up Ⅱ PC4,貫通彈強化ⅡＰＣ４
5016,Pe.Shot Up Ⅱ PC4,散彈強化ⅡＰＣ４
5017,Pe.Shot Up Ⅱ PC5,散彈強化ⅡＰＣ５
5018,Pe.Shot Up Ⅱ PC6,散彈強化ⅡＰＣ６
5019,Pe.Shot Up Ⅱ PC7,散彈強化ⅡＰＣ７
5020,Focus Ⅱ PC4,集中ⅡＰＣ４
5021,Focus Ⅱ PC5,集中ⅡＰＣ５
5022,Focus Ⅱ PC6,集中ⅡＰＣ６
5023,Focus Ⅱ PC7,集中ⅡＰＣ７
5024,Guts Ⅱ PC4,毅力ⅡＰＣ４
5025,Guts Ⅱ PC5,毅力ⅡＰＣ５
5026,Guts Ⅱ PC6,毅力ⅡＰＣ６
5027,Guts Ⅱ PC7,毅力ⅡＰＣ７
5028,Speed Setup Ⅱ PC4,陷罠師ⅡＰＣ４
5029,Speed Setup Ⅱ PC5,陷罠師ⅡＰＣ５
5030,Speed Setup Ⅱ PC6,陷罠師ⅡＰＣ６
5031,Speed Setup Ⅱ PC7,陷罠師ⅡＰＣ７
5032,Sharpening Ⅱ PC4,砥石使用ⅡＰＣ４
5033,Sharpening Ⅱ PC5,砥石使用ⅡＰＣ５
5034,Sharpening Ⅱ PC6,砥石使用ⅡＰＣ６
5035,Sharpening Ⅱ PC7,砥石使用ⅡＰＣ７
5036,Para. Sword Ⅱ PC4,麻痺属性強化ⅡＰＣ４
5037,Para. Sword Ⅱ PC5,麻痺属性強化ⅡＰＣ５
5038,Bomb Sword Ⅱ PC4,爆彈属性強化ⅡＰＣ４
5039,Bomb Sword Ⅱ PC5,爆彈属性強化ⅡＰＣ５
5040,Bomb Sword Ⅱ PC6,爆彈属性強化ⅡＰＣ６
5041,Fire Sword Ⅱ PC4,火属性強化ⅡＰＣ４
5042,Fire Sword Ⅱ PC5,火属性強化ⅡＰＣ５
5043,Fire Sword Ⅱ PC6,火属性強化ⅡＰＣ６
5044,Recovery Ⅱ PC1,回復ⅡＰＣ１
5045,Recovery Ⅱ PC2,回復ⅡＰＣ２
5046,Recovery Ⅱ PC3,回復ⅡＰＣ３
5047,Hunger Ⅱ PC1,飢餓ⅡＰＣ１
5048,Hunger Ⅱ PC2,飢餓ⅡＰＣ２
5049,Hunger Ⅱ PC3,飢餓ⅡＰＣ３
5050,Gunnery Ⅱ PC1,砲術ⅡＰＣ１
5051,Gunnery Ⅱ PC2,砲術ⅡＰＣ２
5052,Gunnery Ⅱ PC3,砲術ⅡＰＣ３
5053,Bond Ⅱ PC4,絆ⅡＰＣ４
5054,Bond Ⅱ PC5,絆ⅡＰＣ５
5055,Bond Ⅱ PC6,絆ⅡＰＣ６
5056,Everlasting Ⅱ PC4,效果持續ⅡＰＣ４
5057,Everlasting Ⅱ PC5,效果持續ⅡＰＣ５
5058,Everlasting Ⅱ PC6,效果持續ⅡＰＣ６
5059,Wide-Area Ⅱ PC1,廣域化ⅡＰＣ１
5060,Wide-Area Ⅱ PC2,廣域化ⅡＰＣ２
5061,Wide-Area Ⅱ PC3,廣域化ⅡＰＣ３
5062,Whim Ⅱ PC1,反復無常ⅡＰＣ１
5063,Whim Ⅱ PC2,反復無常ⅡＰＣ２
5064,Whim Ⅱ PC3,反復無常ⅡＰＣ３
5065,Dragon Res Ⅱ PC1,耐龍ⅡＰＣ１
5066,Dragon Res Ⅱ PC2,耐龍ⅡＰＣ２
5067,Dragon Res Ⅱ PC3,耐龍ⅡＰＣ３
5068,N.Shot Up Ⅱ PA1,通常彈強化ⅡＰＡ１
5069,Am.Combiner Ⅱ PA3,彈藥調合ⅡＰＡ３
5070,Focus Ⅱ PB1,集中ⅡＰＢ１
5071,Focus Ⅱ PB2,集中ⅡＰＢ２
5072,Eating Ⅱ PB5,食事ⅡＰＢ５
5073,Eating Ⅱ PB6,食事ⅡＰＢ６
5074,Protection Ⅱ PC1,精靈加護ⅡＰＣ１
5075,Protection Ⅱ PC2,精靈加護ⅡＰＣ２
5076,Poison Sword Ⅱ PC4,毒属性強化ⅡＰＣ４
5077,Poison Sword Ⅱ PC5,毒属性強化ⅡＰＣ５
5078,Poison Sword Ⅱ PC6,毒属性強化ⅡＰＣ６
5079,Drgn.Attack Ⅱ PC1,龍属性攻撃ⅡＰＣ１
5080,Drgn.Attack Ⅱ PC2,龍属性攻撃ⅡＰＣ２
5081,Drgn.Attack Ⅱ PC3,龍属性攻撃ⅡＰＣ３
5082,Am.Combiner Ⅱ PC4,彈藥調合ⅡＰＣ４
5083,Am.Combiner Ⅱ PC5,彈藥調合ⅡＰＣ５
5084,Precision Ⅱ SA1,精密射撃ⅡＳＡ１
5085,Reload Ⅱ SA1,裝填速度ⅡＳＡ１
5086,Eating Ⅱ SB1,食事ⅡＳＢ１
5087,Gathering Ⅱ SB3,採取ⅡＳＢ３
5088,Gather Speed Ⅱ SB1,高速採取ⅡＳＢ１
5089,Psychic Ⅱ SB3,千里眼ⅡＳＢ３
5090,Ice Sword Ⅱ SC1,冰属性強化ⅡＳＣ１
5091,Dragon Sword Ⅱ SC1,龍属性強化ⅡＳＣ１
5092,Thndr.Sword Ⅱ SC1,雷属性強化ⅡＳＣ１
5093,Flute Expert Ⅱ SC3,笛達人ⅡＳＣ３
5094,Everlasting Ⅱ SC3,效果持續ⅡＳＣ３
5095,Defense Ⅱ SC5,防禦ⅡＳＣ５
5096,Rec. Speed Ⅱ SC5,回復速度ⅡＳＣ５
5097,Alchemy Ⅱ SC5,煉金ⅡＳＣ５
5098,Cap. Expert Ⅱ SC5,捕獲達人ⅡＳＣ５
5099,Auto-Guard Ⅱ SC5,自動防禦ⅡＳＣ５
5100,Attack G,Attack G
5101,Eating 1 G,Eating 1 G
5102,Sharpening G,Sharpening G
5103,Focus Deco,Focus Deco
5104,Bond Deco,Bond Deco
5105,Capture Deco,Capture Deco
5106,Passive Deco,Passive Deco
5107,Flute Expert Deco,Flute Expert Deco
5108,Trapper Deco,Trapper Deco
5109,Pressure Deco,Pressure Deco
5110,Cranethroat Jewel,鶴喉珠
5111,Cat's Eye Jewel,猫眼珠
5112,Turtleshell Jewel,龜甲珠
5113,E.Dragon Marrow,古龍種的骨髓
5114,Throwing Knife G,投擲刀Ｇ
5115,Knife Kit,小刀套組
5116,Acid S,Acid S
5117,Fire Acid S,Fire Acid S
5118,Water Acid S,Water Acid S
5119,Thunder Acid S,Thunder Acid S
5120,Ice Acid S,Ice Acid S
5121,Dragon Acid S,Dragon Acid S
5122,Fire Res Fruit,Fire Res Fruit
5123,Water Res Fruit,Water Res Fruit
5124,Dragon Res Fruit,Dragon Res Fruit
5125,Runner Fruit,Runner Fruit
5126,Ele Attack Fruit,Ele Attack Fruit
5127,Strength Powder,力量粉末
5128,Double Abi Proof,Double Abi Proof
5129,Status Powder,状態粉末
5130,Huge F.Wyvern Gem,Huge F.Wyvern Gem
5131,Sturdy Wind Box,Sturdy Wind Box
5132,Tuning Fork,Tuning Fork
5133,Rivet L Tkt,轟雷鉚釘Ｌ票
5134,Idu A Tkt,衝撃鉚釘Ａ票
5135,Audi Tkt,頌歌Ｌ票
5136,Almo Tkt,莊嚴Ｌ票
5137,Lg. Fang Fragment,Lg. Fang Fragment
5138,Giant Skull,巨大龍蝦的頭蓋
5139,Kauchu Top Tkt,典雅頭票
5140,Kauchu Jacket Tkt,典雅胴票
5141,Kauchu Sleeves Tkt,典雅腕票
5142,Kauchu Belt Tkt,典雅腰票
5143,Kauchu Boots Tkt,典雅脚票
5144,Small Red Shell,Small Red Shell
5145,Small Blue Shell,Small Blue Shell
5146,Small Green Shell,Small Green Shell
5147,Small Pink Shell,Small Pink Shell
5148,Small White Shell,Small White Shell
5149,Small Black Shell,Small Black Shell
5150,Small Peach Shell,Small Peach Shell
5151,Small Azure Shell,Small Azure Shell
5152,Small Yellow Shell,Small Yellow Shell
5153,Small Brown Shell,Small Brown Shell
5154,Small Cyan Shell,Small Cyan Shell
5155,Small Silver Shell,Small Silver Shell
5156,Small Gold Shell,Small Gold Shell
5157,Chem Vial・Red,Chem Vial・Red
5158,Chem Vial・Blue,Chem Vial・Blue
5159,Chem Vial・Green,Chem Vial・Green
5160,Chem Vial・Yellow,Chem Vial・Yellow
5161,Chem Vial・White,Chem Vial・White
5162,Chem Vial・Black,Chem Vial・Black
5163,Wood Effigy・Red,Wood Effigy・Red
5164,Wood Effigy・Green,Wood Effigy・Green
5165,Wood Effigy・White,Wood Effigy・White
5166,Wood Effigy・Gray,Wood Effigy・Gray
5167,Wood Effigy・Brown,Wood Effigy・Brown
5168,Wood Effigy・Black,Wood Effigy・Black
5169,Wood Effigy・Yellow,Wood Effigy・Yellow
5170,Wood Effigy・Blue,Wood Effigy・Blue
5171,Wood Effigy・Navy,Wood Effigy・Navy
5172,Wood Effigy・Cyan,Wood Effigy・Cyan
5173,Pink Portrait,Pink Portrait
5174,Peach Portrait,Peach Portrait
5175,Brown Portrait,Brown Portrait
5176,Indigo Portrait,Indigo Portrait
5177,Purple Portrait,Purple Portrait
5178,Red Portrait,Red Portrait
5179,Yellow Portrait,Yellow Portrait
5180,Blue Portrait,Blue Portrait
5181,White Portrait,White Portrait
5182,Orange Portrait,Orange Portrait
5183,Black Portrait,Black Portrait
5184,Blue Feather,Blue Feather
5185,Card Ore [Ebony],可片礦［烏木］
5186,Card Ore [Mauve],可片礦［淡紫］
5187,Sakura Dumpling,Sakura Dumpling
5188,Sakura Incense,Sakura Incense
5189,Blue Iron Sand,藍鐵砂
5190,Meteorite Gemstone,隕石寶石
5191,Golden Turtlestone,黄金龜石
5192,FestiMemory Purple,FestiMemory Purple
5193,Akane's Dream,Akane's Dream
5194,BP13 Tkt・1,ＢＰ13票・１
5195,BP13 Tkt・2,ＢＰ13票・２
5196,BP13 Tkt・3,ＢＰ13票・３
5197,BP13 Tkt・4,ＢＰ13票・４
5198,BP13 Tkt・5,ＢＰ13票・５
5199,BP13 Tkt・6,ＢＰ13票・６
5200,BP13 Tkt・7,ＢＰ13票・７
5201,BP13 Tkt・8,ＢＰ13票・８
5202,Corsaline Tkt,平和湍流票
5203,Miaroque Tkt,惡女票
5204,Miolva Tkt,紫百合票
5205,Ochsner Tkt,白百合票
5206,Duro D Tkt,藍玉Ｄ票
5207,Tamil T Tkt,紅玉Ｔ票
5208,Omet Vizor Tkt,眩光頭票
5209,Omet Mail Tkt,眩光胴票
5210,Omet Gauntlet Tkt,眩光腕票
5211,Omet Faulds Tkt,眩光腰票
5212,Omet Greaves Tkt,眩光脚票
5213,Dim Decor-Blue,Dim Decor-Blue
5214,Dim Decor-Pink,Dim Decor-Pink
5215,Gold Folding Door,Gold Folding Door
5216,Prototype Design,Prototype Design
5217,Phantom Thread,Phantom Thread
5218,Night Thread,Night Thread
5219,Hexar Powder,咒術粉末
5220,F.Instructor's Soul,F.Instructor's Soul
5221,Song of the Sun,Song of the Sun
5222,Song of Glaciers,Song of Glaciers
5223,Song of Canyons,Song of Canyons
5224,Song of Wind Caves,Song of Wind Caves
5225,Song of Meteor,Song of Meteor
5226,Song of Sunrise,Song of Sunrise
5227,Song of Swamps,Song of Swamps
5228,Song of Jungles,Song of Jungles
5229,White Cross,White Cross
5230,Apology Card White,Apology Card White
5231,Apology Card Red,Apology Card Red
5232,Fancy Book 4,Fancy Book 4
5233,Ghost-Dragon Iron,幽靈龍鐵
5234,Dark-Dragon Bone,闇龍骨
5235,Polyhedron Crystal,多面結晶
5236,Wpn Design Doc Ⅲ,Wpn Design Doc Ⅲ
5237,Gold Fish,金魚
5238,A Sweet Time,A Sweet Time
5239,Silken White Hair,Silken White Hair
5240,Big Black Horn,大黑角
5241,Bloody Black Shell,血色黑殼
5242,Sepia Portrait,Sepia Portrait
5243,Pisca Bait,Pisca Bait
5244,Mirror Sheen Stone,鏡面石
5245,Beach Amulet,Beach Amulet
5246,Red Hair Ornament,Red Hair Ornament
5247,Compass of Truth,Compass of Truth
5248,Candle of Fate,Candle of Fate
5249,Empty Book,Empty Book
5250,Decor Rod,Decor Rod
5251,Memorial Music Box,Memorial Music Box
5252,Wisdomarang,Wisdomarang
5253,Don's Inferno,Don's Inferno
5254,Pokika Tkt Brown,ポキカ茶票
5255,Pokika Tkt Red,ポキカ苺票
5256,Pokika Tkt Striped,ポキカ縞票
5257,Pokika Tkt White,ポキカ白票
5258,Geo Tkt Ⅰ,ジオ票Ⅰ
5259,Geo Tkt Ⅱ,ジオ票Ⅱ
5260,Geo Tkt Ⅲ,ジオ票Ⅲ
5261,Geo Tkt Ⅳ,ジオ票Ⅳ
5262,Geo Tkt Ⅴ,ジオ票Ⅴ
5263,Geo Tkt Ⅵ,ジオ票Ⅵ
5264,Geo Tkt Ⅶ,ジオ票Ⅶ
5265,Geo Tkt Ⅷ,ジオ票Ⅷ
5266,MS Tkt,ＭＳ票
5267,SBC Tkt,ＳＢＣ票
5268,Damaged Skin,Damaged Skin
5269,D Edge Tkt,Ｄ-Edge票
5270,W Edge Tkt,Ｗ-Edge票
5271,F Edge Tkt,Ｆ-Edge票
5272,TP6 Tkt・1,ＴＰ６票・１
5273,TP6 Tkt・2,ＴＰ６票・２
5274,TP6 Tkt・3,ＴＰ６票・３
5275,TP6 Tkt・4,ＴＰ６票・４
5276,TP6 Tkt・5,ＴＰ６票・５
5277,Gook Bomb,古克爆彈
5278,Egg Bomb,蛋爆彈
5279,Gook Cracker,古克爆竹
5280,??? Doll,??? Doll
5281,Gook Bomb Token,Gook Bomb Token
5282,Egg Bomb Token,Egg Bomb Token
5283,G Cracker Token,G Cracker Token
5284,??? Doll Token,??? Doll Token
5285,Sparkling Things,Sparkling Things
5286,Shiny Things,Shiny Things
5287,Fluffy Things,Fluffy Things
5288,Smooth Things,Smooth Things
5289,Fungal Kenstone,菌劍石
5290,Dark Steel,Dark Steel
5291,Crystal Fungus Ore,結晶菌礦
5292,Limestone,石灰石
5293,No Attack Marker,No Attack Marker
5294,Halk Flute・Demon,霍克笛・鬼人
5295,Halk Flute・Armor,霍克笛・硬化
5296,Zamuza Fungus,Zamuza Fungus
5297,Zamuza Stoneshell,多殼蟹的石殼
5298,Zamuza Stoneclaw,多殼蟹的石爪
5299,Zamuza Orange Shl,Zamuza Orange Shl
5300,Zamuza Orange Claw,多殼蟹的橙爪
5301,Zamuza Hammer,Zamuza Hammer
5302,Zamuza Carapace,多殼蟹的堅殼
5303,Zamuza Claw+,多殼蟹的尖爪
5304,Zamuza Thin Shl,Zamuza Thin Shl
5305,Zamuza Thin Claw,多殼蟹的薄爪
5306,Zamuza Drill,Zamuza Drill
5307,Carapaceon Jewel,甲殼種珠
5308,Zamuza Proof,Zamuza Proof
5309,Abiorugu Scale,獰龍的鱗
5310,Abiorugu Bone,獰龍的骨
5311,Abiorugu Hide,獰龍的皮
5312,Abiorugu Fang,獰龍的牙
5313,Abiorugu Tail,獰龍的尾
5314,Abiorugu Horn,獰龍的角
5315,Abiorugu Blood,獰龍的血
5316,Abiorugu Scale+,獰龍的上鱗
5317,Abiorugu Bone+,獰龍的上骨
5318,Abiorugu Hide+,獰龍的皮＋
5319,Abiorugu Fang+,獰龍的尖牙
5320,Abiorugu Tail+,獰龍的上尾
5321,Abiorugu Horn+,獰龍的尖角
5322,Abiorugu Blood+,獰龍的血＋
5323,Brute Scale,獸龍種的鱗
5324,Brute Scale+,獸龍種的上鱗
5325,Brute Hardscale,獸龍種的堅鱗
5326,Brute Horn,獸龍種的角
5327,Brute Horn+,獸龍種的尖角
5328,Brute Hardhorn,獸龍種的堅角
5329,Brute Fang,獸龍種的牙
5330,Brute Fang+,獸龍種的尖牙
5331,Brute Hrd Fang,獸龍種的堅牙
5332,Brute Tail,獸龍種的尾
5333,Brute Tail+,獸龍種的上尾
5334,Brute Hardtail,獸龍種的堅尾
5335,Abiorugu Proof,Abiorugu Proof
5336,Brute Blood,獸龍種的血
5337,Kuroni P Ticket,クローニＰ票
5338,Ahaba P Ticket,アハバーＰ票
5339,Cuff Base・Ivory,Cuff Base・Ivory
5340,Cuff Base・Hay,Cuff Base・Hay
5341,Cuff Base・Beige,Cuff Base・Beige
5342,Cuff Base・Cobalt,Cuff Base・Cobalt
5343,Cuff Base・Heather,Cuff Base・Heather
5344,Cuff Base・Corn,Cuff Base・Corn
5345,Armor Soul・Rough,Armor Soul・Rough
5346,Armor Soul・Calm,Armor Soul・Calm
5347,Armor Soul・Lucky,Armor Soul・Lucky
5348,Armor Soul・Odd,Armor Soul・Odd
5349,Blue Volga Doll,Blue Volga Doll
5350,Red Volga Doll,Red Volga Doll
5351,White Volga Doll,White Volga Doll
5352,Green Volga Doll,Green Volga Doll
5353,Prple Volga Doll,Prple Volga Doll
5354,Immature Mussels,Immature Mussels
5355,Solid Black Shell,堅實黑殼
5356,Unearthed Shell,出土的甲殼
5357,Red Tools,Red Tools
5358,Green Tools,Green Tools
5359,Blue Tools,Blue Tools
5360,Purple Tools,Purple Tools
5361,Sky Tools,Sky Tools
5362,Orange Tools,Orange Tools
5363,Pink Tools,Pink Tools
5364,Black Tools,Black Tools
5365,Proof of Company,Proof of Company
5366,Force of Company,Force of Company
5367,Seal of Company,Seal of Company
5368,Sharp Light Clay,Sharp Light Clay
5369,Fluid Stone,液體石
5370,Autumn Hearts,Autumn Hearts
5371,Black Double Thorn,黑雙棘
5372,Big Shimmerbone,大微光骨
5373,Wpn Design Doc α,Wpn Design Doc α
5374,Lunar Ink,Lunar Ink
5375,Festi Echoes Jia,Festi Echoes Jia
5376,Festi Echoes Otsu,Festi Echoes Otsu
5377,Festi Echoes Hei,Festi Echoes Hei
5378,Festi Echoes Tei,Festi Echoes Tei
5379,Glossy Fragments,Glossy Fragments
5380,Clown Knowledge,Clown Knowledge
5381,Purple Purecrystal,紫淨結晶
5382,Clown Secrets,Clown Secrets
5383,HC Pawprint Medal,HC Pawprint Medal
5384,Secret Proof・Low,Secret Proof・Low
5385,Secret Proof・Mid,Secret Proof・Mid
5386,Secret Proof・High,Secret Proof・High
5387,Secret Guide,Secret Guide
5388,Sparkling Pieces,Sparkling Pieces
5389,Shiny Pieces,Shiny Pieces
5390,Fluffy Pieces,Fluffy Pieces
5391,Smooth Pieces,Smooth Pieces
5392,HRP Tkt (4k),ＨＲＰ票（4k）
5393,Dummy 5393,(dummy)
5394,Dummy 5394,(dummy)
5395,Noble Note,Noble Note
5396,Fledgling Note,Fledgling Note
5397,Rider Note,Rider Note
5398,Garden Diagram,Garden Diagram
5399,Mechanical Diagram,Mechanical Diagram
5400,Recovery Up Dust,Recovery Up Dust
5401,Blackened Jewel,黑化珠
5402,Iris Jewel,鳶尾珠
5403,Horsetail Jewel,馬尾珠
5404,Moonlit Jewel,月下珠
5405,Beige Jewel,米色珠
5406,Orange Jewel,橙珠
5407,Pewter Jewel,錫珠
5408,Cream Jewel,乳脂珠
5409,Storage Jewel,收納珠
5410,Shion Jewel,紫苑珠
5411,Steadiness G,Steadiness G
5412,Treasure G,Treasure G
5413,Loading G,Loading G
5414,Resist G,Resist G
5415,Wide Area G,Wide Area G
5416,Normal Add G,Normal Add G
5417,Pierce Add G,Pierce Add G
5418,Pellet Add G,Pellet Add G
5419,Laziness G,Laziness G
5420,Fraility G,Fraility G
5421,Teostra Sup. Wing,炎王龍的至高翼
5422,Paria Sup. Stone,Paria Sup. Stone
5423,Dora Sup. Scale,冥雷龍的至高鱗
5424,Throwing 2 Deco,Throwing 2 Deco
5425,Caring Deco,Caring Deco
5426,Def Lock Deco,Def Lock Deco
5427,W.Handling Ⅱ PA1,武器扱ⅡＰＡ１
5428,W.Handling Ⅱ PA2,武器扱ⅡＰＡ２
5429,Ele Attack Ⅱ PA1,属性攻撃ⅡＰＡ１
5430,Ele Attack Ⅱ PA2,属性攻撃ⅡＰＡ２
5431,Stamina Rec Ⅱ PA1,耐力回復ⅡＰＡ１
5432,Stamina Rec Ⅱ PA2,耐力回復ⅡＰＡ２
5433,Artisan Ⅱ PA1,匠ⅡＰＡ１
5434,Artisan Ⅱ PA2,匠ⅡＰＡ２
5435,Throwing Ⅱ PA1,投擲ⅡＰＡ１
5436,Throwing Ⅱ PA2,投擲ⅡＰＡ２
5437,Combining Ⅱ PA3,調合成功ⅡＰＡ３
5438,Combining Ⅱ PA4,調合成功ⅡＰＡ４
5439,Para Sword Ⅱ PB1,麻痺属性強化ⅡＰＢ１
5440,Para Sword Ⅱ PB2,麻痺属性強化ⅡＰＢ２
5441,Para Sword Ⅱ PB3,麻痺属性強化ⅡＰＢ３
5442,Stamina Ⅱ PB3,耐力ⅡＰＢ３
5443,Stamina Ⅱ PB4,耐力ⅡＰＢ４
5444,Stamina Ⅱ PB5,耐力ⅡＰＢ５
5445,Quake Res Ⅱ PB5,耐震ⅡＰＢ５
5446,Quake Res Ⅱ PB6,耐震ⅡＰＢ６
5447,Quake Res Ⅱ PB7,耐震ⅡＰＢ７
5448,Precision Ⅱ PB3,精密射撃ⅡＰＢ３
5449,Precision Ⅱ PB4,精密射撃ⅡＰＢ４
5450,Precision Ⅱ PB5,精密射撃ⅡＰＢ５
5451,Def Lock Ⅱ PB1,防禦力鎖定ⅡＰＢ１
5452,Def Lock Ⅱ PB2,防禦力鎖定ⅡＰＢ２
5453,Def Lock Ⅱ PB3,防禦力鎖定ⅡＰＢ３
5454,Bomb Sword Ⅱ PB3,爆彈属性強化ⅡＰＢ３
5455,Bomb Sword Ⅱ PB4,爆彈属性強化ⅡＰＢ４
5456,Bomb Sword Ⅱ PB5,爆彈属性強化ⅡＰＢ５
5457,Caring Ⅱ PB1,看護ⅡＰＢ１
5458,Caring Ⅱ PB2,看護ⅡＰＢ２
5459,Caring Ⅱ PB3,看護ⅡＰＢ３
5460,Wide-Area Ⅱ PB1,廣域化ⅡＰＢ１
5461,Wide-Area Ⅱ PB2,廣域化ⅡＰＢ２
5462,Wide-Area Ⅱ PB3,廣域化ⅡＰＢ３
5463,W.Pressure Ⅱ PC1,風壓ⅡＰＣ１
5464,W.Pressure Ⅱ PC2,風壓ⅡＰＣ２
5465,W.Pressure Ⅱ PC3,風壓ⅡＰＣ３
5466,W.Pressure Ⅱ PC4,風壓ⅡＰＣ４
5467,W.Pressure Ⅱ PC5,風壓ⅡＰＣ５
5468,Sleep Sword Ⅱ PC4,睡眠属性強化ⅡＰＣ４
5469,Sleep Sword Ⅱ PC5,睡眠属性強化ⅡＰＣ５
5470,Sleep Sword Ⅱ PC6,睡眠属性強化ⅡＰＣ６
5471,Sleep Sword Ⅱ PC7,睡眠属性強化ⅡＰＣ７
5472,Sleep Sword Ⅱ PC8,睡眠属性強化ⅡＰＣ８
5473,Fasting Ⅱ PC4,絶食ⅡＰＣ４
5474,Fasting Ⅱ PC5,絶食ⅡＰＣ５
5475,Fasting Ⅱ PC6,絶食ⅡＰＣ６
5476,Fasting Ⅱ PC7,絶食ⅡＰＣ７
5477,Fasting Ⅱ PC8,絶食ⅡＰＣ８
5478,Psn.Sword Ⅱ PC7,毒属性強化ⅡＰＣ７
5479,Psn.Sword Ⅱ PC8,毒属性強化ⅡＰＣ８
5480,Psn.Sword Ⅱ PC9,毒属性強化ⅡＰＣ９
5481,Psn.Sword Ⅱ PC10,毒属性強化ⅡＰＣ１０
5482,Psn.Sword Ⅱ PC11,毒属性強化ⅡＰＣ１１
5483,Adrenaline Ⅱ PC4,火場怪力ⅡＰＣ４
5484,Adrenaline Ⅱ PC5,火場怪力ⅡＰＣ５
5485,Adrenaline Ⅱ PC6,火場怪力ⅡＰＣ６
5486,Adrenaline Ⅱ PC7,火場怪力ⅡＰＣ７
5487,Adrenaline Ⅱ PC8,火場怪力ⅡＰＣ８
5488,Loading Ⅱ PC4,裝填數ⅡＰＣ４
5489,Loading Ⅱ PC5,裝填數ⅡＰＣ５
5490,Loading Ⅱ PC6,裝填數ⅡＰＣ６
5491,Loading Ⅱ PC7,裝填數ⅡＰＣ７
5492,Loading Ⅱ PC8,裝填數ⅡＰＣ８
5493,Dragon Res Ⅱ PC4,耐龍ⅡＰＣ４
5494,Dragon Res Ⅱ PC5,耐龍ⅡＰＣ５
5495,Dragon Res Ⅱ PC6,耐龍ⅡＰＣ６
5496,Dragon Res Ⅱ PC7,耐龍ⅡＰＣ７
5497,Dragon Res Ⅱ PC8,耐龍ⅡＰＣ８
5498,Hunger Ⅱ PC4,飢餓ⅡＰＣ４
5499,Hunger Ⅱ PC5,飢餓ⅡＰＣ５
5500,Hunger Ⅱ PC6,飢餓ⅡＰＣ６
5501,Hunger Ⅱ PC7,飢餓ⅡＰＣ７
5502,Hunger Ⅱ PC8,飢餓ⅡＰＣ８
5503,Para Res Ⅱ PC4,耐麻痺ⅡＰＣ４
5504,Para Res Ⅱ PC5,耐麻痺ⅡＰＣ５
5505,Para Res Ⅱ PC6,耐麻痺ⅡＰＣ６
5506,Para Res Ⅱ PC7,耐麻痺ⅡＰＣ７
5507,Para Res Ⅱ PC8,耐麻痺ⅡＰＣ８
5508,Stun Res Ⅱ PC4,耐気絶ⅡＰＣ４
5509,Stun Res Ⅱ PC5,耐気絶ⅡＰＣ５
5510,Stun Res Ⅱ PC6,耐気絶ⅡＰＣ６
5511,Stun Res Ⅱ PC7,耐気絶ⅡＰＣ７
5512,Stun Res Ⅱ PC8,耐気絶ⅡＰＣ８
5513,Poison Res Ⅱ PC4,耐毒ⅡＰＣ４
5514,Poison Res Ⅱ PC5,耐毒ⅡＰＣ５
5515,Poison Res Ⅱ PC6,耐毒ⅡＰＣ６
5516,Poison Res Ⅱ PC7,耐毒ⅡＰＣ７
5517,Poison Res Ⅱ PC8,耐毒ⅡＰＣ８
5518,Gthr.Speed Ⅱ PC7,高速採取ⅡＰＣ７
5519,Gthr.Speed Ⅱ PC8,高速採取ⅡＰＣ８
5520,Gthr.Speed Ⅱ PC9,高速採取ⅡＰＣ９
5521,Gthr.Speed Ⅱ PC10,高速採取ⅡＰＣ１０
5522,Gthr.Speed Ⅱ PC11,高速採取ⅡＰＣ１１
5523,Wep.Handling Ⅱ SA1,武器扱ⅡＳＡ１
5524,Fasting Ⅱ SA1,絶食ⅡＳＡ１
5525,Focus Ⅱ SA1,集中ⅡＳＡ１
5526,Guard Ⅱ SA1,防禦性能ⅡＳＡ１
5527,Precision Ⅱ SA2,精密射撃ⅡＳＡ２
5528,Protection Ⅱ SA3,精靈加護ⅡＳＡ３
5529,K.Throwing Ⅱ SB1,投擲ⅡＳＢ１
5530,K.Throwing Ⅱ SB2,投擲ⅡＳＢ２
5531,K.Throwing Ⅱ SB3,投擲ⅡＳＢ３
5532,K.Throwing Ⅱ SB4,投擲ⅡＳＢ４
5533,Caring Ⅱ SB1,看護ⅡＳＢ１
5534,Caring Ⅱ SB2,看護ⅡＳＢ２
5535,Caring Ⅱ SB3,看護ⅡＳＢ３
5536,Caring Ⅱ SB4,看護ⅡＳＢ４
5537,Def Lock Ⅱ SB1,防禦力鎖定ⅡＳＢ１
5538,Def Lock Ⅱ SB2,防禦力鎖定ⅡＳＢ２
5539,Def Lock Ⅱ SB3,防禦力鎖定ⅡＳＢ３
5540,Def Lock Ⅱ SB4,防禦力鎖定ⅡＳＢ４
5541,Everlasting Ⅱ SC4,效果持續ⅡＳＣ４
5542,Everlasting Ⅱ SC5,效果持續ⅡＳＣ５
5543,Everlasting Ⅱ SC6,效果持續ⅡＳＣ６
5544,Everlasting Ⅱ SC7,效果持續ⅡＳＣ７
5545,Everlasting Ⅱ SC8,效果持續ⅡＳＣ８
5546,Wide-Area Ⅱ SC3,廣域化ⅡＳＣ３
5547,Wide-Area Ⅱ SC4,廣域化ⅡＳＣ４
5548,Wide-Area Ⅱ SC5,廣域化ⅡＳＣ５
5549,Wide-Area Ⅱ SC6,廣域化ⅡＳＣ６
5550,Wide-Area Ⅱ SC7,廣域化ⅡＳＣ７
5551,Recovery Ⅱ SC3,回復ⅡＳＣ３
5552,Recovery Ⅱ SC4,回復ⅡＳＣ４
5553,Recovery Ⅱ SC5,回復ⅡＳＣ５
5554,Recovery Ⅱ SC6,回復ⅡＳＣ６
5555,Recovery Ⅱ SC7,回復ⅡＳＣ７
5556,Gluttony Ⅱ SC5,大胃王ⅡＳＣ５
5557,Gluttony Ⅱ SC6,大胃王ⅡＳＣ６
5558,Gluttony Ⅱ SC7,大胃王ⅡＳＣ７
5559,Gluttony Ⅱ SC8,大胃王ⅡＳＣ８
5560,Gluttony Ⅱ SC9,大胃王ⅡＳＣ９
5561,Snowball Res Ⅱ SC5,雪球無效ⅡＳＣ５
5562,Snowball Res Ⅱ SC6,雪球無效ⅡＳＣ６
5563,Snowball Res Ⅱ SC7,雪球無效ⅡＳＣ７
5564,Snowball Res Ⅱ SC8,雪球無效ⅡＳＣ８
5565,Snowball Res Ⅱ SC9,雪球無效ⅡＳＣ９
5566,Bomb Boost Ⅱ SC5,爆彈強化ⅡＳＣ５
5567,Bomb Boost Ⅱ SC6,爆彈強化ⅡＳＣ６
5568,Bomb Boost Ⅱ SC7,爆彈強化ⅡＳＣ７
5569,Bomb Boost Ⅱ SC8,爆彈強化ⅡＳＣ８
5570,Bomb Boost Ⅱ SC9,爆彈強化ⅡＳＣ９
5571,Kaesis Tkt Head,桀傲頭票
5572,Kaesis Tkt Torso,桀傲胴票
5573,Kaesis Tkt Arms,桀傲腕票
5574,Kaesis Tkt Waist,桀傲腰票
5575,Kaesis Tkt Legs,桀傲脚票
5576,Gero G Tkt,寒冰Ｇ票
5577,Urna G Tkt,飛水Ｇ票
5578,Sedu M Tkt,海皇Ｍ票
5579,Puru M Tkt,光明Ｍ票
5580,Fame S Tkt,名鏈Ｓ票
5581,Calypso S Tkt,神鏈Ｓ票
5582,Kano A Tkt,寶鏈Ａ票
5583,Argum S Tkt,沈鏈Ｓ票
5584,Latin S Tkt,古鏈Ｓ票
5585,Ur B Tkt,戰鏈Ｂ票
5586,Ancient Quartz,Ancient Quartz
5587,Corum Steel Stone,柯倫鋼石
5588,Megolum Steel Wire,Megolum Steel Wire
5589,Onness Fluid,嚮導之流體
5590,Sword Fragment,Sword Fragment
5591,Poison Icicle,Poison Icicle
5592,Starlight Crystal,星光結晶
5593,Scrlt Drgn Iron,斯克爾爾特龍鐵
5594,Ghost Iron,幽靈鐵
5595,Guild Banner,Guild Banner
5596,Card Ore Aoi,可片礦葵
5597,Card Ore Katsura,可片礦桂
5598,Festi Memory Black,Festi Memory Black
5599,Festi Memory White,Festi Memory White
5600,Festi Echoes Bo,Festi Echoes Bo
5601,Festi Echoes Ki,Festi Echoes Ki
5602,Festi Echoes Kou,Festi Echoes Kou
5603,Festi Echoes Shin,Festi Echoes Shin
5604,Festi Echoes Jin,Festi Echoes Jin
5605,Festi Echoes Gui,Festi Echoes Gui
5606,HC Crafting Tkt,ＨＣ製作票
5607,Blue Hunters Skin,Blue Hunters Skin
5608,Red Hunters Skin,Red Hunters Skin
5609,Anti-Dragon Steel,Anti-Dragon Steel
5610,Oriental Bamboo,Oriental Bamboo
5611,E. Paper Strip,E. Paper Strip
5612,Refreshing Fan,Refreshing Fan
5613,Midsummer Memories,Midsummer Memories
5614,Mezeporta Flower,梅傑波爾塔之花
5615,Shiny White Shell,閃亮白殼
5616,Moonlight Sake,Moonlight Sake
5617,Moonlight Herbs,月光草
5618,Silver Wings,銀翼
5619,Silver Fur,銀火龍的毛
5620,Silver Wingfeather,銀火龍的羽翼
5621,Flourish Coin,Flourish Coin
5622,Flashing Gemstone,Flashing Gemstone
5623,Piercing Gemstone,貫通寶石
5624,Smashing Gemstone,破碎寶石
5625,Old Star Iron,舊星鐵
5626,Ryuso Tkt,リュウソウ票
5627,D Ice Tkt,Ｄ冰票
5628,I Bowgun Tkt,Ｉ弩票
5629,I Bullets Tkt,Ｉ彈票
5630,I Blast Tkt,Ｉ爆破票
5631,I Assault Tkt,Ｉ強襲票
5632,S Bowgun Tkt,Ｓ弩票
5633,S Bullets Tkt,Ｓ彈票
5634,S Blast Tkt,Ｓ爆破票
5635,S Assault Tkt,Ｓ強襲票
5636,Siena Head Tkt,狂戰頭票
5637,Siena Chest Tkt,狂戰胴票
5638,Siena Arms Tkt,狂戰腕票
5639,Siena Waist Tkt,狂戰腰票
5640,Siena Legs Tkt,狂戰脚票
5641,Sasa's Loveletter,Sasa's Loveletter
5642,Rabbit Gloves,Rabbit Gloves
5643,Daorite Ore,迪奧来特礦石
5644,Daora Pale Ice,Daora Pale Ice
5645,Daora Purp. Ice,Daora Purp. Ice
5646,Purple Cloud Twine,Purple Cloud Twine
5647,Song of Source,Song of Source
5648,Song of Boulder,Song of Boulder
5649,Song of Plateau,Song of Plateau
5650,Song of Trees,Song of Trees
5651,Song of Mist,Song of Mist
5652,Song of Abyss,Song of Abyss
5653,Song of Tornado,Song of Tornado
5654,Song of Blizzard,Song of Blizzard
5655,S Tweeter Tkt,Ｓツィータ票
5656,N Tweeter Tkt,Ｎツィータ票
5657,S Fanare Tkt,Ｓファナレ票
5658,N Fanare Tkt,Ｎファナレ票
5659,Gauss Head Tkt,神使頭票
5660,Gauss Chest Tkt,神使胴票
5661,Gauss Arms Tkt,神使腕票
5662,Gauss Waist Tkt,神使腰票
5663,Gauss Legs Tkt,神使脚票
5664,Weber Head Tkt,織夢者頭票
5665,Weber Chest Tkt,織夢者胴票
5666,Weber Arms Tkt,織夢者腕票
5667,Weber Waist Tkt,織夢者腰票
5668,Weber Legs Tkt,織夢者脚票
5669,G Bato Tkt Head,Ｇ祈願頭票
5670,G Bato Tkt Torso,Ｇ祈願胴票
5671,G Bato Tkt Arms,Ｇ祈願腕票
5672,G Bato Tkt Waist,Ｇ祈願腰票
5673,G Bato Tkt Legs,Ｇ祈願脚票
5674,Thoria Tkt Ⅰ,トリア票Ⅰ
5675,Thoria Tkt Ⅱ,トリア票Ⅱ
5676,Thoria Tkt Ⅲ,トリア票Ⅲ
5677,Thoria Tkt Ⅳ,トリア票Ⅳ
5678,Thoria Tkt Ⅴ,トリア票Ⅴ
5679,Thoria Tkt Ⅵ,トリア票Ⅵ
5680,Thoria Tkt Ⅶ,トリア票Ⅶ
5681,Thoria Tkt Ⅷ,トリア票Ⅷ
5682,BP14 Tkt・1,ＢＰ14票・１
5683,BP14 Tkt・2,ＢＰ14票・２
5684,BP14 Tkt・3,ＢＰ14票・３
5685,BP14 Tkt・4,ＢＰ14票・４
5686,BP14 Tkt・5,ＢＰ14票・５
5687,BP14 Tkt・6,ＢＰ14票・６
5688,BP14 Tkt・7,ＢＰ14票・７
5689,BP14 Tkt・8,ＢＰ14票・８
5690,Cloud B Tkt,雲Ｂ票
5691,Fire B Tkt,炎Ｂ票
5692,Dragon S Tkt,龍Ｓ票
5693,Thank You Ⅴ,Thank You Ⅴ
5694,Lucius's Request Ⅰ,Lucius's Request Ⅰ
5695,Lucius's Request Ⅱ,Lucius's Request Ⅱ
5696,Lucius's Request Ⅲ,Lucius's Request Ⅲ
5697,Refreshing Drink,清涼飲料
5698,Hot Water Pan,Hot Water Pan
5699,Rich Fruit,Rich Fruit
5700,Denarius・Gold,Denarius・Gold
5701,Denarius・Silver,Denarius・Silver
5702,Denarius・Copper,Denarius・Copper
5703,Blastshot,Blastshot
5704,Fire Blastshot,Fire Blastshot
5705,Water Blastshot,Water Blastshot
5706,Thunder Blastshot,Thunder Blastshot
5707,Ice Blastshot,Ice Blastshot
5708,Dragon Blastshot,Dragon Blastshot
5709,Blasting Fluid,Blasting Fluid
5710,Healing Ball,Healing Ball
5711,Gook Whistle,古克笛
5712,Gook Fireworks,古克煙火
5713,Lost Ball,Lost Ball
5714,Gook Pickaxe,古克鶴嘴鋤
5715,Gook Fishing Bait,古克魚餌
5716,Gook Bug Net,古克蟲網
5717,Gook Gloves,Gook Gloves
5718,Healing Ball Token,Healing Ball Token
5719,Gook Whistle Tkn,Gook Whistle Tkn
5720,Gook Fireworks Tkn,Gook Fireworks Tkn
5721,Gook Lost Ball Tkn,Gook Lost Ball Tkn
5722,Pickaxe G Token,Pickaxe G Token
5723,Fishing Bait G Tkn,Fishing Bait G Tkn
5724,Bug Net G Token,Bug Net G Token
5725,Glove G Token,Glove G Token
5726,Pelagus Spike,牙獸種的棘
5727,Guren Rough Horn,蠻龍的角
5728,Guren Fierce Horn,蠻龍的角
5729,Guren Violent Horn,蠻龍的狂暴角
5730,Rusted Heavy Wing,生銹的重翼
5731,Rusted Lead Wing,生銹的鉛翼
5732,Rusted Fellwing,生銹的剛翼
5733,Exercise Beads Ⅵ,Exercise Beads Ⅵ
5734,Espi Miasma Spike,棘龍的瘴氣棘
5735,Azure Ruler Scale,蒼王的鱗
5736,Pink Charm Shell,粉紅魅力甲殼
5737,Hypnoc Clr Bezoar,Hypnoc Clr Bezoar
5738,Kuaru Scale,晶龍的鱗
5739,Kuaru Claw,晶龍的爪
5740,Kuaru Hide,晶龍的皮
5741,Kuaru Shard,晶龍的厚鱗
5742,Kuaru Beam Crystal,Kuaru Beam Crystal
5743,Leviathan Scale,海龍種的鱗
5744,Leviathan Scale+,海龍種的上鱗
5745,Leviathan Shard,海龍種的厚鱗
5746,Leviathan Hide,海龍種的皮
5747,Leviathan Hide+,海龍種的皮＋
5748,Leviathan Piel,Leviathan Piel
5749,Leviathan Jewel,海龍種珠
5750,Kuaru Proof,Kuaru Proof
5751,Candy Drawings,Candy Drawings
5752,Naughty Note,Naughty Note
5753,Memorial Note,Memorial Note
5754,Festi Note,Festi Note
5755,My Mission Tkt,我的任務票
5756,Gogomoa Hairball,Gogomoa Hairball
5757,Glistn Things,Glistn Things
5758,Hairy Things,Hairy Things
5759,Gritty Things,Gritty Things
5760,Rough Things,Rough Things
5761,Intro Special Bag,Intro Special Bag
5762,Halk Ball [Poison],Halk Ball [Poison]
5763,Millennium Rice,Millennium Rice
5764,Silver Liver,銀火龍的肝
5765,Tuna Blowfish,鮪河豚
5766,Thin Wyvern Cut,Thin Wyvern Cut
5767,Rainbow Lettuce,Rainbow Lettuce
5768,Queen Parsley,Queen Parsley
5769,Bitter Cheese,Bitter Cheese
5770,Dancing Spice,Dancing Spice
5771,Halk Call,Halk Call
5772,Special Armor Tkt,特殊防具票
5773,Unknown Red Eye,Unknown Red Eye
5774,Dummy 5774,Dummy 5774
5775,Dummy 5775,Dummy 5775
5776,HC Proof White,HC Proof White
5777,HC Proof Red,HC Proof Red
5778,HC Proof Green,HC Proof Green
5779,HC Proof Blue,HC Proof Blue
5780,HC Proof Yellow,HC Proof Yellow
5781,HC Proof Purple,HC Proof Purple
5782,HC Proof Cyan,HC Proof Cyan
5783,HC Proof Orange,HC Proof Orange
5784,HC Proof Peach,HC Proof Peach
5785,HC Proof Gray,HC Proof Gray
5786,HC Crystal Red,HC Crystal Red
5787,HC Crystal Yellow,HC Crystal Yellow
5788,HC Crystal Blue,HC Crystal Blue
5789,HC Crystal Gray,HC Crystal Gray
5790,HC Crystal Purple,HC Crystal Purple
5791,Combo Drink,調合飲料
5792,Dummy 5792,Dummy 5792
5793,Psychic Powder,千里眼粉末
5794,Sacrifice Potion,犧牲回復藥
5795,Thunder Res Fruit,Thunder Res Fruit
5796,Ice Res Fruit,Ice Res Fruit
5797,Wind Res Fruit,Wind Res Fruit
5798,Evasion Fruit,Evasion Fruit
5799,Anti-Stun Fruit,Anti-Stun Fruit
5800,Recoil SP α,Recoil SP α
5801,Recoil SP β,Recoil SP β
5802,Assault SP α,Assault SP α
5803,Assault SP β,Assault SP β
5804,Wind SP α,Wind SP α
5805,Wind SP β,Wind SP β
5806,Sharpen SP α,Sharpen SP α
5807,Sharpen SP β,Sharpen SP β
5808,Ammosmith SP α,Ammosmith SP α
5809,Ammosmith SP β,Ammosmith SP β
5810,Loading SP α,Loading SP α
5811,Loading SP β,Loading SP β
5812,Reload SP α,Reload SP α
5813,Reload SP β,Reload SP β
5814,Normal Shot SP α,Normal Shot SP α
5815,Normal Shot SP β,Normal Shot SP β
5816,Pierce Shot SP α,Pierce Shot SP α
5817,Pierce Shot SP β,Pierce Shot SP β
5818,Pellet Shot SP α,Pellet Shot SP α
5819,Pellet Shot SP β,Pellet Shot SP β
5820,Heavenshield SP α,Heavenshield SP α
5821,Heavenshield SP β,Heavenshield SP β
5822,Sprit SP α,Sprit SP α
5823,Sprit SP β,Sprit SP β
5824,Steadiness SP α,Steadiness SP α
5825,Steadiness SP β,Steadiness SP β
5826,Bullseye SP α,Bullseye SP α
5827,Bullseye SP β,Bullseye SP β
5828,Traveller SP α,Traveller SP α
5829,Traveller SP β,Traveller SP β
5830,Launching SP α,Launching SP α
5831,Launching SP β,Launching SP β
5832,Focus SP,Focus SP
5833,Focus SP α,Focus SP α
5834,Focus SP β,Focus SP β
5835,Gunnery SP,Gunnery SP
5836,Gunnery SP α,Gunnery SP α
5837,Gunnery SP β,Gunnery SP β
5838,Agility SP,Agility SP
5839,Agility SP α,Agility SP α
5840,Agility SP β,Agility SP β
5841,Hearing SP,Hearing SP
5842,Hearing SP α,Hearing SP α
5843,Hearing SP β,Hearing SP β
5844,Halk Para Ball,Halk Para Ball
5845,Halk Sleep Ball,Halk Sleep Ball
5846,Halk Slice Ball,Halk Slice Ball
5847,Halk Blast Ball,Halk Blast Ball
5848,Halk Bang Ball,Halk Bang Ball
5849,Caring G,Caring G
5850,Willpower G,Willpower G
5851,Dragon Res G,Dragon Res G
5852,Def Lock G,Def Lock G
5853,Normal Up G,Normal Up G
5854,Pierce Up G,Pierce Up G
5855,Pellet Up G,Pellet Up G
5856,Self-Defence G,Self-Defence G
5857,Ele Atk 1 G,Ele Atk 1 G
5858,Status Atk G,Status Atk G
5859,Fencing II PA1,劍術ⅡＰＡ１
5860,Fencing II PA2,劍術ⅡＰＡ２
5861,Status Res II PA1,状態耐性ⅡＰＡ１
5862,Status Res II PA2,状態耐性ⅡＰＡ２
5863,Sharpness II PA1,鋒利度ⅡＰＡ１
5864,Sharpness II PA2,鋒利度ⅡＰＡ２
5865,Para Res II PA1,耐麻痺ⅡＰＡ１
5866,Para Res II PA2,耐麻痺ⅡＰＡ２
5867,Stun Res II PA1,耐気絶ⅡＰＡ１
5868,Stun Res II PA2,耐気絶ⅡＰＡ２
5869,Poison Res II PA1,耐毒ⅡＰＡ１
5870,Poison Res II PA2,耐毒ⅡＰＡ２
5871,Reload II PB1,裝填速度ⅡＰＢ１
5872,Reload II PB2,裝填速度ⅡＰＢ２
5873,Reload II PB3,裝填速度ⅡＰＢ３
5874,Sleep Sword II PB1,睡眠属性強化ⅡＰＢ１
5875,Sleep Sword II PB2,睡眠属性強化ⅡＰＢ２
5876,Sleep Sword II PB3,睡眠属性強化ⅡＰＢ３
5877,Focus II PB3,集中ⅡＰＢ３
5878,Focus II PB4,集中ⅡＰＢ４
5879,Focus II PB5,集中ⅡＰＢ５
5880,Throwing II PB1,投擲ⅡＰＢ１
5881,Throwing II PB2,投擲ⅡＰＢ２
5882,Throwing II PB3,投擲ⅡＰＢ３
5883,Pierce Shot II PB1,貫通彈強化ⅡＰＢ１
5884,Pierce Shot II PB2,貫通彈強化ⅡＰＢ２
5885,Pierce Shot II PB3,貫通彈強化ⅡＰＢ３
5886,Gthr.Speed II PB1,高速採取ⅡＰＢ１
5887,Gthr.Speed II PB2,高速採取ⅡＰＢ２
5888,Gthr.Speed II PB3,高速採取ⅡＰＢ３
5889,Whim II PB1,反復無常ⅡＰＢ１
5890,Whim II PB2,反復無常ⅡＰＢ２
5891,Whim II PB3,反復無常ⅡＰＢ３
5892,Artisan II PB1,匠ⅡＰＢ１
5893,Artisan II PB2,匠ⅡＰＢ２
5894,Artisan II PB3,匠ⅡＰＢ３
5895,Fencing II PC1,劍術ⅡＰＣ１
5896,Fencing II PC2,劍術ⅡＰＣ２
5897,Fencing II PC3,劍術ⅡＰＣ３
5898,Fencing II PC4,劍術ⅡＰＣ４
5899,Fencing II PC5,劍術ⅡＰＣ５
5900,Status Res II PC1,状態耐性ⅡＰＣ１
5901,Status Res II PC2,状態耐性ⅡＰＣ２
5902,Status Res II PC3,状態耐性ⅡＰＣ３
5903,Status Res II PC4,状態耐性ⅡＰＣ４
5904,Status Res II PC5,状態耐性ⅡＰＣ５
5905,W. Handling II PC1,武器扱ⅡＰＣ１
5906,W. Handling II PC2,武器扱ⅡＰＣ２
5907,W. Handling II PC3,武器扱ⅡＰＣ３
5908,W. Handling II PC4,武器扱ⅡＰＣ４
5909,W. Handling II PC5,武器扱ⅡＰＣ５
5910,Ele Attack II PC1,属性攻撃ⅡＰＣ１
5911,Ele Attack II PC2,属性攻撃ⅡＰＣ２
5912,Ele Attack II PC3,属性攻撃ⅡＰＣ３
5913,Ele Attack II PC4,属性攻撃ⅡＰＣ４
5914,Ele Attack II PC5,属性攻撃ⅡＰＣ５
5915,Stamina Rec II PC1,耐力回復ⅡＰＣ１
5916,Stamina Rec II PC2,耐力回復ⅡＰＣ２
5917,Stamina Rec II PC3,耐力回復ⅡＰＣ３
5918,Stamina Rec II PC4,耐力回復ⅡＰＣ４
5919,Stamina Rec II PC5,耐力回復ⅡＰＣ５
5920,Guts II PC8,毅力ⅡＰＣ８
5921,Guts II PC9,毅力ⅡＰＣ９
5922,Guts II PC10,毅力ⅡＰＣ１０
5923,Guts II PC11,毅力ⅡＰＣ１１
5924,Guts II PC12,毅力ⅡＰＣ１２
5925,Throwing II PC1,投擲ⅡＰＣ１
5926,Throwing II PC2,投擲ⅡＰＣ２
5927,Throwing II PC3,投擲ⅡＰＣ３
5928,Throwing II PC4,投擲ⅡＰＣ４
5929,Throwing II PC5,投擲ⅡＰＣ５
5930,Caring II PC1,看護ⅡＰＣ１
5931,Caring II PC2,看護ⅡＰＣ２
5932,Caring II PC3,看護ⅡＰＣ３
5933,Caring II PC4,看護ⅡＰＣ４
5934,Caring II PC5,看護ⅡＰＣ５
5935,Def Lock II PC1,防禦力鎖定ⅡＰＣ１
5936,Def Lock II PC2,防禦力鎖定ⅡＰＣ２
5937,Def Lock II PC3,防禦力鎖定ⅡＰＣ３
5938,Def Lock II PC4,防禦力鎖定ⅡＰＣ４
5939,Def Lock II PC5,防禦力鎖定ⅡＰＣ５
5940,Pierce Shot II PC1,貫通彈強化ⅡＰＣ１
5941,Pierce Shot II PC2,貫通彈強化ⅡＰＣ２
5942,Pierce Shot II PC3,貫通彈強化ⅡＰＣ３
5943,Pierce Shot II PC4,貫通彈強化ⅡＰＣ４
5944,Pierce Shot II PC5,貫通彈強化ⅡＰＣ５
5945,Gathering II PC1,採取ⅡＰＣ１
5946,Gathering II PC2,採取ⅡＰＣ２
5947,Gathering II PC3,採取ⅡＰＣ３
5948,Gathering II PC4,採取ⅡＰＣ４
5949,Gathering II PC5,採取ⅡＰＣ５
5950,Para Res II PC9,耐麻痺ⅡＰＣ９
5951,Para Res II PC10,耐麻痺ⅡＰＣ１０
5952,Para Res II PC11,耐麻痺ⅡＰＣ１１
5953,Para Res II PC12,耐麻痺ⅡＰＣ１２
5954,Para Res II PC13,耐麻痺ⅡＰＣ１３
5955,Sharpness II SA3,鋒利度ⅡＳＡ３
5956,Artisan II SA1,匠ⅡＳＡ１
5957,Auto-Reload II SA1,自動裝填ⅡＳＡ１
5958,Evasion II SA1,迴避性能ⅡＳＡ１
5959,Pierce Up II SA1,貫通彈強化ⅡＳＡ１
5960,Pierce Shot II SB1,貫通彈強化ⅡＳＢ１
5961,Pierce Shot II SB2,貫通彈強化ⅡＳＢ２
5962,Pierce Shot II SB3,貫通彈強化ⅡＳＢ３
5963,Pierce Shot II SB4,貫通彈強化ⅡＳＢ４
5964,Pierce Shot II SB5,貫通彈強化ⅡＳＢ５
5965,Wide-Area II SB3,廣域化ⅡＳＢ３
5966,Wide-Area II SB4,廣域化ⅡＳＢ４
5967,Wide-Area II SB5,廣域化ⅡＳＢ５
5968,Wide-Area II SB6,廣域化ⅡＳＢ６
5969,Wide-Area II SB7,廣域化ⅡＳＢ７
5970,Backpacking II SC3,搬運ⅡＳＣ３
5971,Backpacking II SC4,搬運ⅡＳＣ４
5972,Backpacking II SC5,搬運ⅡＳＣ５
5973,Backpacking II SC6,搬運ⅡＳＣ６
5974,Backpacking II SC7,搬運ⅡＳＣ７
5975,Dragon Res II SC3,耐龍ⅡＳＣ３
5976,Dragon Res II SC4,耐龍ⅡＳＣ４
5977,Dragon Res II SC5,耐龍ⅡＳＣ５
5978,Dragon Res II SC6,耐龍ⅡＳＣ６
5979,Dragon Res II SC7,耐龍ⅡＳＣ７
5980,Gathering II SC3,採取ⅡＳＣ３
5981,Gathering II SC4,採取ⅡＳＣ４
5982,Gathering II SC5,採取ⅡＳＣ５
5983,Gathering II SC6,採取ⅡＳＣ６
5984,Gathering II SC7,採取ⅡＳＣ７
5985,Sleep Res II SC5,耐睡眠ⅡＳＣ５
5986,Sleep Res II SC6,耐睡眠ⅡＳＣ６
5987,Sleep Res II SC7,耐睡眠ⅡＳＣ７
5988,Sleep Res II SC8,耐睡眠ⅡＳＣ８
5989,Sleep Res II SC9,耐睡眠ⅡＳＣ９
5990,Deoderant II SC5,消臭ⅡＳＣ５
5991,Deoderant II SC6,消臭ⅡＳＣ６
5992,Deoderant II SC7,消臭ⅡＳＣ７
5993,Deoderant II SC8,消臭ⅡＳＣ８
5994,Deoderant II SC9,消臭ⅡＳＣ９
5995,Cuff Base・Glimmer,Cuff Base・Glimmer
5996,Cuff Base・Insects,Cuff Base・Insects
5997,Cuff Base・Cream,Cuff Base・Cream
5998,Cuff Base・Navy,Cuff Base・Navy
5999,Cuff Base・Indigo,Cuff Base・Indigo
6000,Pink Jewel,粉珠
6001,White Tea Jewel,白茶珠
6002,Dry Tea Jewel,德爾伊茶珠
6003,Alabaster Jewel,阿拉巴斯特爾珠
6004,Golden Jewel,戈爾德恩珠
6005,Speckled Jewel,斯佩克克勒德珠
6006,Linseed Jewel,利恩塞艾德珠
6007,Willow Jewel,威伊爾洛威珠
6008,Floral Jewel,夫洛拉爾珠
6009,Budding Jewel,布德迪恩格珠
6010,Storm Kuaru Proof,Storm Kuaru Proof
6011,Double Kuaru Proof,Double Kuaru Proof
6012,Contest Proof 1st,Contest Proof 1st
6013,Contest Proof 2nd,Contest Proof 2nd
6014,Contest Proof 3rd,Contest Proof 3rd
6015,Fishing Proof 1st,Fishing Proof 1st
6016,Fishing Proof 2nd,Fishing Proof 2nd
6017,Fishing Proof 3rd,Fishing Proof 3rd
6018,Parin WhtTea Tkt,パリン白茶票
6019,Parin WhtBerry Tkt,パリン白苺票
6020,Parin GrnTea Tkt,パリン綠茶票
6021,Parin BerryTea Tkt,パリン苺茶票
6022,S ParisTeateaTkt,Ｓパリ茶茶票
6023,S ParisBeryberyTkt,Ｓパリ苺苺票
6024,Paris Fluffy,Paris Fluffy
6025,Crispy Fruit,Crispy Fruit
6026,Dowsing Rod,Dowsing Rod
6027,Gar License,Gar License
6028,Ticking Device,Ticking Device
6029,Carbide Edge,Carbide Edge
6030,Charm Gear,Charm Gear
6031,Sonic Gear,音波裝置
6032,Fancy Book 6,Fancy Book 6
6033,Akura Jebia Hymn,Akura Jebia Hymn
6034,Black Beast Fur,黑獸的毛
6035,Eternal Ice Fang,永凍的牙
6036,Conductive Padding,Conductive Padding
6037,Magudaora Alloy,Magudaora Alloy
6038,Suspicious Parts,Suspicious Parts
6039,Shivering Beak,Shivering Beak
6040,Poisonous Skin,Poisonous Skin
6041,Explosives License,Explosives License
6042,Eastern Bamboo,Eastern Bamboo
6043,Eastern Straw Rope,Eastern Straw Rope
6044,Excavated,Excavated
6045,Ice Stones,冰石
6046,Ice Blade Crystal,冰刃結晶
6047,Card Ore Still,可片礦靜
6048,Card Ore Spirit,可片礦魂
6049,Card Ore Pure,可片礦純淨
6050,N545 Ore,Ｎ５４５礦石
6051,Sweet Temptation,Sweet Temptation
6052,Dry Red HeavyShl,Dry Red HeavyShl
6053,Shaka Stationary,Shaka Stationary
6054,Shaka Scripture,Shaka Scripture
6055,Christmas Gifts,Christmas Gifts
6056,Festive Candles,Festive Candles
6057,Yellow Tea Leaves,Yellow Tea Leaves
6058,Madder Tea Leaves,Madder Tea Leaves
6059,Super Hard WCCO,Super Hard WCCO
6060,Super Hard HCLM,Super Hard HCLM
6061,Dongle Requiem,Dongle Requiem
6062,Dongle Oracle,Dongle Oracle
6063,Epidosis Egg,Epidosis Egg
6064,Canbrio Eggs,Canbrio Eggs
6065,Prismatic Leather,Prismatic Leather
6066,Gospel Stone,福音石
6067,BP15 Tkt・1,ＢＰ15票・１
6068,BP15 Tkt・2,ＢＰ15票・２
6069,BP15 Tkt・3,ＢＰ15票・３
6070,BP15 Tkt・4,ＢＰ15票・４
6071,BP15 Tkt・5,ＢＰ15票・５
6072,BP15 Tkt・6,ＢＰ15票・６
6073,BP15 Tkt・7,ＢＰ15票・７
6074,[SnS] Beam Slash,[SnS] Beam Slash
6075,[DS] Sharpening,[DS] Sharpening
6076,[GS] Rotation,[GS] Rotation
6077,[GS] Counter Ⅰ,[GS] Counter Ⅰ
6078,[GS] Counter Ⅱ,[GS] Counter Ⅱ
6079,[LS] Piercing,[LS] Piercing
6080,[GL] Rush Thrust,[GL] Rush Thrust
6081,[Hammer] Charge Ⅰ,[Hammer] Charge Ⅰ
6082,[Hammer] Charge Ⅱ,[Hammer] Charge Ⅱ
6083,[Hammer] Charge Ⅲ,[Hammer] Charge Ⅲ
6084,Stun Value Sigil,Stun Value Sigil
6085,Sonic Range Sigil,Sonic Range Sigil
6086,Dummy 6086,Dummy 6086
6087,Dummy 6087,Dummy 6087
6088,Agama Tkt,アガマ票
6089,Bia Tkt,ビア票
6090,Aqua Tkt,飛水票
6091,Zodek Tkt Head,正義頭票
6092,Zodek Tkt Torso,正義胴票
6093,Zodek Tkt Arms,正義腕票
6094,Zodek Tkt Waist,正義腰票
6095,Zodek Tkt Legs,正義脚票
6096,Wheel Tkt,神意票
6097,Oviri Tkt,狂野票
6098,Ohai Tkt,オハイ票
6099,Indus Tkt,赤雷票
6100,Octol Tkt,オクトル票
6101,Pasami Tkt,中堅票
6102,Pasudaina Tkt,動能票
6103,Piscari Tkt,旋風票
6104,Bathclin Tkt,戰神票
6105,Pascal Tkt,司令票
6106,Nagrin Tkt,ナグリン票
6107,Caligu Tkt,カリギュ票
6108,Cabaret Tkt,キャヴァ票
6109,Neko Tie Tkt,ネコダイ票
6110,Mounto Tkt,マウント票
6111,Grande Tkt,グランデ票
6112,Lavia Tkt,ラヴィア票
6113,Black Wyvern Claw,黑龍的爪
6114,Boiling Blood,沸騰的血
6115,Dummy 6115,Dummy 6115
6116,Dragoon Tkt,惡龍票
6117,L Burst Tkt,Ｌ爆破票
6118,Rasta Tkt,光明票
6119,Stern Tkt,凜然票
6120,Rast Tkt Head,星塵頭票
6121,Rast Tkt Torso,星塵胴票
6122,Rast Tkt Arms,星塵腕票
6123,Rast Tkt Waist,星塵腰票
6124,Rast Tkt Legs,星塵脚票
6125,Fuego Tkt,フエゴ票
6126,Para Tkt,麻痺票
6127,Vada Tkt,ヴァダ票
6128,Veno Tkt,ヴェノ票
6129,Ron Tkt,ロン票
6130,Indigo Jewel,伊恩迪戈珠
6131,Deep Blue Jewel,德艾普藍珠
6132,Rust Jewel,魯斯特珠
6133,Yellow Jewel,黄珠
6134,Wet Crow Jewel,威艾特克羅威珠
6135,Scarlet Jewel,斯克阿爾勒特珠
6136,Purple Jewel,紫珠
6137,Realgar Jewel,雷阿爾加爾珠
6138,Orchid Jewel,歐爾奇德珠
6139,Lime Jewel,利梅珠
6140,Odi Cannon Shell,弩岩龍的砲殼
6141,Odi Iron Scale,弩岩龍的鱗
6142,Odi Gnashing Jaw,弩岩龍的咬顎
6143,Odi Tall Horn,弩岩龍的角
6144,Odi Shredclaw,弩岩龍的裂爪
6145,Odi Grand Spike,弩岩龍的棘
6146,Odi Repel Proof,Odi Repel Proof
6147,Odi Slay Proof,Odi Slay Proof
6148,Odi Supreme Scale,弩岩龍的至高鱗
6149,Gogo Scarlet Fur,跳緋獸的毛
6150,Gogo Fierce Fur,跳緋獸的毛
6151,Gogo Thickfur,跳緋獸的毛
6152,Beru Thunder Scl,Beru Thunder Scl
6153,Beru Phosphor Scl,Beru Phosphor Scl
6154,Gaudy Beak,Gaudy Beak
6155,Crimson Belly Hair,Crimson Belly Hair
6156,Sharp Twisted Horn,鋭利歪角
6157,HC Crystal White ,HC Crystal White 
6158,HC Crystal Green ,HC Crystal Green 
6159,HC Crystal Cyan ,HC Crystal Cyan 
6160,HC Crystal Orange ,HC Crystal Orange 
6161,HC Crystal Peach ,HC Crystal Peach 
6162,HC Crystal Silver ,HC Crystal Silver 
6163,HC Crystal Gold ,HC Crystal Gold 
6164,HRP Tkt (800),ＨＲＰ票（800）
6165,Thin Gook Soup,Thin Gook Soup
6166,Tasty Gook Soup,Tasty Gook Soup
6167,Rich Gook Soup,Rich Gook Soup
6168,Fire Atk Fruit,Fire Atk Fruit
6169,Water Atk Fruit,Water Atk Fruit
6170,Ice Atk Fruit,Ice Atk Fruit
6171,Thunder Atk Fruit,Thunder Atk Fruit
6172,Dragon Atk Fruit,Dragon Atk Fruit
6173,Tremor Pear,Tremor Pear
6174,Flinch Powder,硬直粉末
6175,HRP Tkt (10K),ＨＲＰ票（10K）
6176,HRP Tkt (20k),ＨＲＰ票（20K）
6177,Monster Drawings,Monster Drawings
6178,Big Ears Note,Big Ears Note
6179,Small Ears Note,Small Ears Note
6180,Pointed Ears Note,Pointed Ears Note
6181,Bright Tail Note,Bright Tail Note
6182,Lovely Tail Note,Lovely Tail Note
6183,Cool Tail Note,Cool Tail Note
6184,Flashing Note,Flashing Note
6185,Flickering Note,Flickering Note
6186,Angry Note,Angry Note
6187,Folly Note,Folly Note
6188,Numb Note,Numb Note
6189,Freezing note,Freezing note
6190,Monster Survey Tkt,魔物調査票
6191,Demon Pattern,Demon Pattern
6192,Cuff Base・Ebony,Cuff Base・Ebony
6193,Cuff Base・Amethyst,Cuff Base・Amethyst
6194,Cuff Base・Olive,Cuff Base・Olive
6195,Cuff Base・Cinnabar,Cuff Base・Cinnabar
6196,Cuff Base・Marian,Cuff Base・Marian
6197,Craftsman SP α,Craftsman SP α
6198,Craftsman SP β,Craftsman SP β
6199,Killer Iron SP α,Killer Iron SP α
6200,Killer Iron SP β,Killer Iron SP β
6201,See-Through SP α,See-Through SP α
6202,See-Through SP β,See-Through SP β
6203,Endurance SP α,Endurance SP α
6204,Endurance SP β,Endurance SP β
6205,Anti-Poison SP α,Anti-Poison SP α
6206,Anti-Poison SP β,Anti-Poison SP β
6207,Paralysis SP α,Paralysis SP α
6208,Paralysis SP β,Paralysis SP β
6209,Snowball SP α,Snowball SP α
6210,Snowball SP β,Snowball SP β
6211,Resistance SP α,Resistance SP α
6212,Resistance SP β,Resistance SP β
6213,Dummy 6213,Dummy 6213
6214,Dummy 6214,Dummy 6214
6215,Heat Res SP α,Heat Res SP α
6216,Heat Res SP β,Heat Res SP β
6217,Cold Res SP α,Cold Res SP α
6218,Cold Res SP β,Cold Res SP β
6219,Crisis SP α,Crisis SP α
6220,Crisis SP β,Crisis SP β
6221,Health SP α,Health SP α
6222,Health SP β,Health SP β
6223,Shinobi SP α,Shinobi SP α
6224,Shinobi SP β,Shinobi SP β
6225,Secret Arts SP α,Secret Arts SP α
6226,Secret Arts SP β,Secret Arts SP β
6227,Persistance SP α,Persistance SP α
6228,Persistance SP β,Persistance SP β
6229,Guts SP α,Guts SP α
6230,Guts SP β,Guts SP β
6231,Impatience SP α,Impatience SP α
6232,Impatience SP β,Impatience SP β
6233,Protection SP α,Protection SP α
6234,Protection SP β,Protection SP β
6235,Recovery SP α,Recovery SP α
6236,Recovery SP β,Recovery SP β
6237,Fast Footwork SP α,Fast Footwork SP α
6238,Fast Footwork SP β,Fast Footwork SP β
6239,Power Fishing SP α,Power Fishing SP α
6240,Power Fishing SP β,Power Fishing SP β
6241,Medic SP α,Medic SP α
6242,Medic SP β,Medic SP β
6243,Gastronomy SP α,Gastronomy SP α
6244,Gastronomy SP β,Gastronomy SP β
6245,Recoil 2 G,Recoil 2 G
6246,Handling G,Handling G
6247,Throwing G,投擲Ｇ
6248,Guard G,Guard G
6249,Focus 2 G,Focus 2 G
6250,Psychic 2 G,Psychic 2 G
6251,Fasting 2 G,Fasting 2 G
6252,Gunnery 2 G,Gunnery 2 G
6253,Evasion G,Evasion G
6254,Quake Res G,Quake Res G
6255,Fencing II PA3,劍術ⅡＰＡ３
6256,Fencing II PA4,劍術ⅡＰＡ４
6257,Status Res II PA3,状態耐性ⅡＰＡ３
6258,Status Res II PA4,状態耐性ⅡＰＡ４
6259,Artisan II PA3,匠ⅡＰＡ３
6260,Artisan II PA4,匠ⅡＰＡ４
6261,W. Handling II PA3,武器扱ⅡＰＡ３
6262,W. Handling II PA4,武器扱ⅡＰＡ４
6263,Ele Attack II PA3,属性攻撃ⅡＰＡ３
6264,Ele Attack II PA4,属性攻撃ⅡＰＡ４
6265,Attack II PA3,攻撃ⅡＰＡ３
6266,Attack II PA4,攻撃ⅡＰＡ４
6267,Reload II PB4,裝填速度ⅡＰＢ４
6268,Reload II PB5,裝填速度ⅡＰＢ５
6269,Reload II PB6,裝填速度ⅡＰＢ６
6270,Para Sword II PB4,麻痺属性強化ⅡＰＢ４
6271,Para Sword II PB5,麻痺属性強化ⅡＰＢ５
6272,Para Sword II PB6,麻痺属性強化ⅡＰＢ６
6273,Focus II PB6,集中ⅡＰＢ６
6274,Focus II PB7,集中ⅡＰＢ７
6275,Focus II PB8,集中ⅡＰＢ８
6276,Throwing II PB4,投擲ⅡＰＢ４
6277,Throwing II PB5,投擲ⅡＰＢ５
6278,Throwing II PB6,投擲ⅡＰＢ６
6279,Pierce Shot II PB4,貫通彈強化ⅡＰＢ４
6280,Pierce Shot II PB5,貫通彈強化ⅡＰＢ５
6281,Pierce Shot II PB6,貫通彈強化ⅡＰＢ６
6282,Gath.Speed II PB4,高速採取ⅡＰＢ４
6283,Gath.Speed II PB5,高速採取ⅡＰＢ５
6284,Gath.Speed II PB6,高速採取ⅡＰＢ６
6285,Whim II PB4,反復無常ⅡＰＢ４
6286,Whim II PB5,反復無常ⅡＰＢ５
6287,Whim II PB6,反復無常ⅡＰＢ６
6288,Artisan II PB4,匠ⅡＰＢ４
6289,Artisan II PB5,匠ⅡＰＢ５
6290,Artisan II PB6,匠ⅡＰＢ６
6291,Fencing II PC6,劍術ⅡＰＣ６
6292,Fencing II PC7,劍術ⅡＰＣ７
6293,Fencing II PC8,劍術ⅡＰＣ８
6294,Fencing II PC9,劍術ⅡＰＣ９
6295,Fencing II PC10,劍術ⅡＰＣ１０
6296,Status Res II PC6,状態耐性ⅡＰＣ６
6297,Status Res II PC7,状態耐性ⅡＰＣ７
6298,Status Res II PC8,状態耐性ⅡＰＣ８
6299,Status Res II PC9,状態耐性ⅡＰＣ９
6300,Status Res II PC10,状態耐性ⅡＰＣ１０
6301,W.Handling II PC6,武器扱ⅡＰＣ６
6302,W.Handling II PC7,武器扱ⅡＰＣ７
6303,W.Handling II PC8,武器扱ⅡＰＣ８
6304,W.Handling II PC9,武器扱ⅡＰＣ９
6305,W.Handling II PC10,武器扱ⅡＰＣ１０
6306,Ele Attack II PC6,属性攻撃ⅡＰＣ６
6307,Ele Attack II PC7,属性攻撃ⅡＰＣ７
6308,Ele Attack II PC8,属性攻撃ⅡＰＣ８
6309,Ele Attack II PC9,属性攻撃ⅡＰＣ９
6310,Ele Attack II PC10,属性攻撃ⅡＰＣ１０
6311,Stam.Rec II PC6,耐力回復ⅡＰＣ６
6312,Stam.Rec II PC7,耐力回復ⅡＰＣ７
6313,Stam.Rec II PC8,耐力回復ⅡＰＣ８
6314,Stam.Rec II PC9,耐力回復ⅡＰＣ９
6315,Stam.Rec II PC10,耐力回復ⅡＰＣ１０
6316,Guts II PC13,毅力ⅡＰＣ１３
6317,Guts II PC14,毅力ⅡＰＣ１４
6318,Guts II PC15,毅力ⅡＰＣ１５
6319,Guts II PC16,毅力ⅡＰＣ１６
6320,Guts II PC17,毅力ⅡＰＣ１７
6321,Throwing II PC6,投擲ⅡＰＣ６
6322,Throwing II PC7,投擲ⅡＰＣ７
6323,Throwing II PC8,投擲ⅡＰＣ８
6324,Throwing II PC9,投擲ⅡＰＣ９
6325,Throwing II PC10,投擲ⅡＰＣ１０
6326,Caring II PC6,看護ⅡＰＣ６
6327,Caring II PC7,看護ⅡＰＣ７
6328,Caring II PC8,看護ⅡＰＣ８
6329,Caring II PC9,看護ⅡＰＣ９
6330,Caring II PC10,看護ⅡＰＣ１０
6331,Def Lock II PC6,防禦力鎖定ⅡＰＣ６
6332,Def Lock II PC7,防禦力鎖定ⅡＰＣ７
6333,Def Lock II PC8,防禦力鎖定ⅡＰＣ８
6334,Def Lock II PC9,防禦力鎖定ⅡＰＣ９
6335,Def Lock II PC10,防禦力鎖定ⅡＰＣ１０
6336,Pierce Add II PC6,貫通彈追加ⅡＰＣ６
6337,Pierce Add II PC7,貫通彈追加ⅡＰＣ７
6338,Pierce Add II PC8,貫通彈追加ⅡＰＣ８
6339,Pierce Add II PC9,貫通彈追加ⅡＰＣ９
6340,Pierce Add II PC10,貫通彈追加ⅡＰＣ１０
6341,Gathering II PC6,採取ⅡＰＣ６
6342,Gathering II PC7,採取ⅡＰＣ７
6343,Gathering II PC8,採取ⅡＰＣ８
6344,Gathering II PC9,採取ⅡＰＣ９
6345,Gathering II PC10,採取ⅡＰＣ１０
6346,Expert II PC1,達人ⅡＰＣ１
6347,Expert II PC2,達人ⅡＰＣ２
6348,Expert II PC3,達人ⅡＰＣ３
6349,Expert II PC4,達人ⅡＰＣ４
6350,Expert II PC5,達人ⅡＰＣ５
6351,Sharpness II SA4,鋒利度ⅡＳＡ４
6352,Artisan II SA2,匠ⅡＳＡ２
6353,Auto-Reload II SA2,自動裝填ⅡＳＡ２
6354,Evasion II SA2,迴避性能ⅡＳＡ２
6355,Pierce Up II SA2,貫通彈強化ⅡＳＡ２
6356,Prce.Shot II SB6,貫通彈強化ⅡＳＢ６
6357,Prce.Shot II SB7,貫通彈強化ⅡＳＢ７
6358,Prce.Shot II SB8,貫通彈強化ⅡＳＢ８
6359,Prce.Shot II SB9,貫通彈強化ⅡＳＢ９
6360,Prce.Shot II SB10,貫通彈強化ⅡＳＢ１０
6361,Wide-Area II SB8,廣域化ⅡＳＢ８
6362,Wide-Area II SB9,廣域化ⅡＳＢ９
6363,Wide-Area II SB10,廣域化ⅡＳＢ１０
6364,Wide-Area II SB11,廣域化ⅡＳＢ１１
6365,Wide-Area II SB12,廣域化ⅡＳＢ１２
6366,Backpack.II SC8,搬運ⅡＳＣ８
6367,Backpack.II SC9,搬運ⅡＳＣ９
6368,Backpack.II SC10,搬運ⅡＳＣ１０
6369,Backpack.II SC11,搬運ⅡＳＣ１１
6370,Backpack.II SC12,搬運ⅡＳＣ１２
6371,Dragon Res II SC8,耐龍ⅡＳＣ８
6372,Dragon Res II SC9,耐龍ⅡＳＣ９
6373,Dragon Res II SC10,耐龍ⅡＳＣ１０
6374,Dragon Res II SC11,耐龍ⅡＳＣ１１
6375,Dragon Res II SC12,耐龍ⅡＳＣ１２
6376,Gathering II SC8,採取ⅡＳＣ８
6377,Gathering II SC9,採取ⅡＳＣ９
6378,Gathering II SC10,採取ⅡＳＣ１０
6379,Gathering II SC11,採取ⅡＳＣ１１
6380,Gathering II SC12,採取ⅡＳＣ１２
6381,Throwing II SC1,投擲ⅡＳＣ１
6382,Throwing II SC2,投擲ⅡＳＣ２
6383,Throwing II SC3,投擲ⅡＳＣ３
6384,Throwing II SC4,投擲ⅡＳＣ４
6385,Throwing II SC5,投擲ⅡＳＣ５
6386,Def Lock II SC1,防禦力鎖定ⅡＳＣ１
6387,Def Lock II SC2,防禦力鎖定ⅡＳＣ２
6388,Def Lock II SC3,防禦力鎖定ⅡＳＣ３
6389,Def Lock II SC4,防禦力鎖定ⅡＳＣ４
6390,Def Lock II SC5,防禦力鎖定ⅡＳＣ５
6391,Carapaceon Fluid,甲殼種的體液
6392,M. Cat's Favourite,M. Cat's Favourite
6393,Exercise Pearl Ⅶ,Exercise Pearl Ⅶ
6394,Fort C Tkt,要塞Ｃ票
6395,Fort S Tkt,要塞Ｓ票
6396,Last L Tkt,終極Ｌ票
6397,Dragon M Tkt,惡龍Ｍ票
6398,Burst S Tkt,爆裂Ｓ票
6399,Shadow S Tkt,暗影Ｓ票
6400,Papipupe Tkt A,パピプペ票Ａ
6401,Papipupe Tkt B,パピプペ票Ｂ
6402,Papipupe Tkt C,パピプペ票Ｃ
6403,Wyrm's Blaze Tkt,龍炎票
6404,Wyrm's Blight Tkt,龍疫票
6405,Fulgur Blade Tkt,雷刃票
6406,Wyrm's Bane Tkt,滅龍票
6407,Divinity Tkt,神居票
6408,Divine Spirit Tkt,神居幻票
6409,Divine Wrath Tkt,神居幻魔票
6410,Divine King Tkt,神居幻魔王票
6411,Kamui Tkt,神威票
6412,Kamui Phantom Tkt,神威幻票
6413,Kamui Demon Tkt,神威幻魔票
6414,Kamui Demongod Tkt,神威幻魔王票
6415,Onimusha Tkt Head,鬼武者頭票
6416,Onimusha Tkt Torso,鬼武者胴票
6417,Onimusha Tkt Arms,鬼武者腕票
6418,Onimusha Tkt Waist,鬼武者腰票
6419,Onimusha Tkt Legs,鬼武者脚票
6420,H Nail Tkt,Ｈ貫穿票
6421,M Nail Tkt,Ｍ貫穿票
6422,E Pole Tkt,Ｅ之棒票
6423,P Pole Tkt,Ｐ之棒票
6424,W Prick Tkt,Ｗ刺針弓票
6425,H Prick Tkt,Ｈ刺針弓票
6426,Cross Tkt Head,勝利頭票
6427,Cross Tkt Torso,勝利胴票
6428,Cross Tkt Arms,勝利腕票
6429,Cross Tkt Waist,勝利腰票
6430,Cross Tkt Legs,勝利脚票
6431,Goruganos Scale,黄金魚龍的鱗
6432,Goruganos Scle+,Goruganos Scle+
6433,Aruganos Scale,白銀魚龍的鱗
6434,Aruganos Scle+,Aruganos Scle+
6435,Piscine Drilltusk,Piscine Drilltusk
6436,Piscine Greatfin,Piscine Greatfin
6437,Arugoru Fuse Shell,Arugoru Fuse Shell
6438,Gloria Tkt Head,榮耀頭票
6439,Gloria Tkt Torso,榮耀胴票
6440,Gloria Tkt Arms,榮耀腕票
6441,Gloria Tkt Waist,榮耀腰票
6442,Gloria Tkt Legs,榮耀脚票
6443,SF25 Tkt Head,ＳＦ25頭票
6444,SF25 Tkt Torso,ＳＦ25胴票
6445,SF25 Tkt Arms,ＳＦ25腕票
6446,SF25 Tkt Waist,ＳＦ25腰票
6447,SF25 Tkt Legs,ＳＦ25脚票
6448,Oni.Soul Tkt Head,鬼魂頭票
6449,Oni.Soul Tkt Torso,鬼魂胴票
6450,Oni.Soul Tkt Arms,鬼魂腕票
6451,Oni.Soul Tkt Waist,鬼魂腰票
6452,Oni.Soul Tkt Legs,鬼魂脚票
6453,Oni.Ex Tkt Head,鬼Ｅｘ頭票
6454,Oni.Ex Tkt Torso,鬼Ｅｘ胴票
6455,Oni.Ex Tkt Arms,鬼Ｅｘ腕票
6456,Oni.Ex Tkt Waist,鬼Ｅｘ腰票
6457,Oni.Ex Tkt Legs,鬼Ｅｘ脚票
6458,Blue Mochi,Blue Mochi
6459,Pink Mochi,Pink Mochi
6460,Romantic Perfume,Romantic Perfume
6461,Rough Ball,Rough Ball
6462,Crackling Fruit,Crackling Fruit
6463,Gesture・Bow Ⅱ,Gesture・Bow Ⅱ
6464,Gesture・LBG Ⅱ,Gesture・LBG Ⅱ
6465,Gesture・SnS Ⅱ,Gesture・SnS Ⅱ
6466,Gesture・LS Ⅱ,Gesture・LS Ⅱ
6467,Valorant Crest,勇冠
6468,Valorant Plume,Valorant Plume
6469,Admirable Shinobi,Admirable Shinobi
6470,Firth Tkt,ファース票
6471,Hearts Tkt,ハーツ票
6472,Cry Tkt,クライ票
6473,Sentopi Tkt A,セントピ票Ａ
6474,Sentopi Tkt B,セントピ票Ｂ
6475,Sentopi Tkt C,セントピ票Ｃ
6476,D Blade Tkt,Ｄブレイド票
6477,R Blade Tkt,Ｒブレイド票
6478,C Lance Tkt,Ｃランス票
6479,K Lance Tkt,Ｋランス票
6480,S Mortar Tkt,Ｓモルタル票
6481,W Mortar Tkt,Ｗモルタル票
6482,A Mortar Tkt,Ａモルタル票
6483,B Mortar Tkt,Ｂモルタル票
6484,S Cavalry Tkt,Ｓカルバリ票
6485,W Cavalry Tkt,Ｗカルバリ票
6486,A Cavalry Tkt,Ａカルバリ票
6487,B Cavalry Tkt,Ｂカルバリ票
6488,Purple Ice Fruit,Purple Ice Fruit
6489,Yellow Ice Fruit,Yellow Ice Fruit
6490,Orange Ice Fruit,Orange Ice Fruit
6491,Peach Ice Fruit,Peach Ice Fruit
6492,Round Fruit,Round Fruit
6493,W.Monoblos BM G,W.Monoblos BM G
6494,W.Monoblos BM GF,W.Monoblos BM GF
6495,W.Monoblos BM GX1,W.Monoblos BM GX1
6496,W.Monoblos BM GX2,W.Monoblos BM GX2
6497,W.Monoblos BM GX3,W.Monoblos BM GX3
6498,W.Monoblos BM GX4,W.Monoblos BM GX4
6499,W.Monoblos BM GX5,W.Monoblos BM GX5
6500,W.Monoblos GN G,W.Monoblos GN G
6501,W.Monoblos GN GF,W.Monoblos GN GF
6502,W.Monoblos GN GX1,W.Monoblos GN GX1
6503,W.Monoblos GN GX2,W.Monoblos GN GX2
6504,W.Monoblos GN GX3,W.Monoblos GN GX3
6505,W.Monoblos GN GX4,W.Monoblos GN GX4
6506,W.Monoblos GN GX5,W.Monoblos GN GX5
6507,B.Diablos BM G,B.Diablos BM G
6508,B.Diablos BM GF,B.Diablos BM GF
6509,B.Diablos BM GX1,B.Diablos BM GX1
6510,B.Diablos BM GX2,B.Diablos BM GX2
6511,B.Diablos BM GX3,B.Diablos BM GX3
6512,B.Diablos BM GX4,B.Diablos BM GX4
6513,B.Diablos BM GX5,B.Diablos BM GX5
6514,B.Diablos GN G,B.Diablos GN G
6515,B.Diablos GN GF,B.Diablos GN GF
6516,B.Diablos GN GX1,B.Diablos GN GX1
6517,B.Diablos GN GX2,B.Diablos GN GX2
6518,B.Diablos GN GX3,B.Diablos GN GX3
6519,B.Diablos GN GX4,B.Diablos GN GX4
6520,Dummy 6520,Dummy 6520
6521,Dummy 6521,Dummy 6521
6522,Dummy 6522,Dummy 6522
6523,Dummy 6523,Dummy 6523
6524,Dummy 6524,Dummy 6524
6525,Dummy 6525,Dummy 6525
6526,Dummy 6526,Dummy 6526
6527,Dummy 6527,Dummy 6527
6528,Dummy 6528,Dummy 6528
6529,Dummy 6529,Dummy 6529
6530,Dummy 6530,Dummy 6530
6531,Dummy 6531,Dummy 6531
6532,B.Diablos GN GX5,B.Diablos GN GX5
6533,Yama Kurai Info,Yama Kurai Info
6534,Gasurabazura Info,Gasurabazura Info
6535,Zinogre Info,Zinogre Info
6536,Kusubami Info,Kusubami Info
6537,Deviljho Info,Deviljho Info
6538,Brachydios Info,Brachydios Info
6539,Barioth Info,Barioth Info
6540,Torid Info,Torid Info
6541,Toa Info,Toa Info
6542,Uragaan Info,Uragaan Info
6543,Guanzorumu Info,Guanzorumu Info
6544,Nargacuga Info,Nargacuga Info
6545,Voljang Info,Voljang Info
6546,Zenaserisu Info,Zenaserisu Info
6547,Gore Magala Info,Gore Magala Info
6548,Keoaruboru Info,Keoaruboru Info
6549,S.Magala Info,S.Magala Info
6550,Elzelion Info,Elzelion Info
6551,Amastu Info,Amastu Info
6552,Seregios Info,Seregios Info
6553,Bogabadorumu Info,Bogabadorumu Info
6554,Dummy 6554,Dummy 6554
6555,Dummy 6555,Dummy 6555
6556,Dummy 6556,Dummy 6556
6557,Dummy 6557,Dummy 6557
6558,Dummy 6558,Dummy 6558
6559,Dummy 6559,Dummy 6559
6560,Dummy 6560,Dummy 6560
6561,Dummy 6561,Dummy 6561
6562,Dummy 6562,Dummy 6562
6563,Dummy 6563,Dummy 6563
6564,Dummy 6564,Dummy 6564
6565,Dummy 6565,Dummy 6565
6566,Dummy 6566,Dummy 6566
6567,Dummy 6567,Dummy 6567
6568,Dummy 6568,Dummy 6568
6569,Dummy 6569,Dummy 6569
6570,Dummy 6570,Dummy 6570
6571,Dummy 6571,Dummy 6571
6572,Dummy 6572,Dummy 6572
6573,Dummy 6573,Dummy 6573
6574,Dummy 6574,Dummy 6574
6575,Dummy 6575,Dummy 6575
6576,Dummy 6576,Dummy 6576
6577,Dummy 6577,Dummy 6577
6578,Dummy 6578,Dummy 6578
6579,Dummy 6579,Dummy 6579
6580,Dummy 6580,Dummy 6580
6581,Dummy 6581,Dummy 6581
6582,Dummy 6582,Dummy 6582
6583,Dummy 6583,Dummy 6583
6584,Dummy 6584,Dummy 6584
6585,Dummy 6585,Dummy 6585
6586,Dummy 6586,Dummy 6586
6587,Dummy 6587,Dummy 6587
6588,Dummy 6588,Dummy 6588
6589,Dummy 6589,Dummy 6589
6590,Dummy 6590,Dummy 6590
6591,Dummy 6591,Dummy 6591
6592,Dummy 6592,Dummy 6592
6593,Dummy 6593,Dummy 6593
6594,Dummy 6594,Dummy 6594
6595,Dummy 6595,Dummy 6595
6596,Dummy 6596,Dummy 6596
6597,Dummy 6597,Dummy 6597
6598,Dummy 6598,Dummy 6598
6599,Dummy 6599,Dummy 6599
6600,Blk Seven Fruit,Blk Seven Fruit
6601,Coro Fruit,Coro Fruit
6602,Red Tea Seeds,紅茶種子
6603,Fragile Seed,脆弱種子
6604,Defiant Nut,Defiant Nut
6605,Shiny Charm Fruit,Shiny Charm Fruit
6606,Cassiterite,Cassiterite
6607,Galena,Galena
6608,Twinkling Crystal,閃爍結晶
6609,Triedge Ore,三角礦石
6610,Glittering Ore,閃亮礦石
6611,Versatile Crystal,萬能結晶
6612,Taro Bug,芋蟲
6613,Sunny Dragonfly,Sunny Dragonfly
6614,Twin Firefly,雙螢火蟲
6615,Plantblight Bug,植物疫蟲
6616,Shellnut Ant,Shellnut Ant
6617,Smiela Aphid,Smiela Aphid
6618,Sunny Grass,晴朗草
6619,Spiderwort,蜘蛛草
6620,Shining Mystery,Shining Mystery
6621,Rambling Fish,漫遊魚
6622,Stubborn Goby,Stubborn Goby
6623,Red Ice Flower,紅冰花
6624,Snow Firefly,雪螢火蟲
6625,Ice Stone,冰石
6626,Blue Seastone,藍海石
6627,Snow Mushroom,雪菇
6628,Millennium Shroom,千年菇
6629,Extreme Salmon,Extreme Salmon
6630,Hammerhead Tuna,雙髻鮪
6631,Eternal Ice Cubes,Eternal Ice Cubes
6632,Soapstone,滑石
6633,Special Mushroom,特選菇
6634,Illusive Flower,夢幻花
6635,Wyvern Prisma Tear,Wyvern Prisma Tear
6636,Beast Pheromone,Beast Pheromone
6637,Large Faded Pearl,Large Faded Pearl
6638,BalistaBinder Ammo,BalistaBinder Ammo
6639,Attack 3 Deco,Attack 3 Deco
6640,G Rage・Attack,G Rage・Attack
6641,G Rage・Issen,G Rage・Issen
6642,dummy 6642,dummy 6642
6643,Kut-Ku Bone,怪鳥的骨
6644,Kut-Ku Hollow Beak,Kut-Ku Hollow Beak
6645,K.Ku Bewitchng Ear,K.Ku Bewitchng Ear
6646,Hrm.Shield Claw,盾蟹的爪
6647,Hrm.Eternal Claw,Hrm.Eternal Claw
6648,Hermitaur Feeler,Hermitaur Feeler
6649,Pokaradon Bone,凍海獸的骨
6650,Pokaradon Claw,凍海獸的爪
6651,Pokaradon Tusk,凍海獸的牙
6652,Pokaradon Ice Tear,Pokaradon Ice Tear
6653,Pokaradon Tail,凍海獸的尾
6654,Pokaradon Hide,凍海獸的皮
6655,GR1 Gem,GR1 Gem
6656,Rubbery Everhide,Rubbery Everhide
6657,Inexhaustive Fluid,Inexhaustive Fluid
6658,Gyp.Radiant Stone,Gyp.Radiant Stone
6659,Conga. Everpelt,桃毛獸的永皮
6660,Lovely Pelt,Lovely Pelt
6661,Conga.Sharp Claws,桃毛獸的鋭爪
6662,Farunokku Claw,傾雷鳥的爪
6663,Farunokku Hide,傾雷鳥的皮
6664,Far.Rainbow Tail,Far.Rainbow Tail
6665,Far.Thunder Hide,Far.Thunder Hide
6666,Farunokku Beak,Farunokku Beak
6667,Farunokku Tail,傾雷鳥的尾
6668,GR2 Gem,GR2 Gem
6669,Bas.Glitter Shell,Bas.Glitter Shell
6670,Basarios Direwing,岩龍的兇翼
6671,Basarios Head,Basarios Head
6672,Rath.Glitter Scale,Rath.Glitter Scale
6673,Rathian Toxi Spike,雌火龍的毒棘
6674,Rath.Wicked Plate,Rath.Wicked Plate
6675,Cean.Glisten Shell,Cean.Glisten Shell
6676,Cean.Scissor Claw,Cean.Scissor Claw
6677,Cean.Honed Blade,Cean.Honed Blade
6678,Hyuji Bristle Pelt,針纏龍的剛毛皮
6679,Hyuji Fang,針纏龍的牙
6680,Hyuji Thorn Spike,針纏龍的刺棘
6681,Hyuji Red Needle,Hyuji Red Needle
6682,Hyuji Tail,針纏龍的尾
6683,Hyuji Horn,針纏龍的角
6684,GR3 Gem,GR3 Gem
6685,Los.Wthrd Scale,雄火龍的鱗
6686,Los.Deep Marrow,Los.Deep Marrow
6687,Los.Prisma Blood,Los.Prisma Blood
6688,Blng.Glacial Hide,Blng.Glacial Hide
6689,Blng.Thick Tail,Blng.Thick Tail
6690,Blng.Aged Beard,Blng.Aged Beard
6691,Blng.Berg Fang,Blng.Berg Fang
6692,Khezu Aged Hide,奇怪龍的皮
6693,Khezu Soul Extract,Khezu Soul Extract
6694,Khezu Azure Hide,奇怪龍的皮
6695,Gravios Lord Bone,鎧龍的主骨
6696,Gravios Liver,鎧龍的肝
6697,Gravios Bulwark,Gravios Bulwark
6698,Mido.Heat Pelt,爆狼的熱皮
6699,Midogaron Fang,爆狼的牙
6700,Mido.Fire Tendon,Mido.Fire Tendon
6701,Mido.Lava Claw,Mido.Lava Claw
6702,Midogaron Mane,Midogaron Mane
6703,Midogaron Spike,爆狼的棘
6704,GR4 Gem,GR4 Gem
6705,Espi.Eternal Thorn,Espi.Eternal Thorn
6706,Espinas Thorn,棘龍的棘
6707,Espinas Dark Shell,棘龍的闇殼
6708,Volg.Scoria Scale,Volg.Scoria Scale
6709,Volg.Solid Fang,Volg.Solid Fang
6710,Volg.Magma Fin,Volg.Magma Fin
6711,Paria Supreme Hide,呑龍的皮
6712,Paria Durable Bone,呑龍的骨
6713,Par.Thick Mucus,Par.Thick Mucus
6714,Tgrx.Supreme Scale,Tgrx.Supreme Scale
6715,Tgrx.FierceWebbing,Tgrx.FierceWebbing
6716,Tigrex Great Fang,轟龍的大牙
6717,Giaorugu Scale,冰獰龍的鱗
6718,Giaorugu Hide,冰獰龍的皮
6719,Giaorugu Horn,冰獰龍的角
6720,Giaorugu Blood,冰獰龍的血
6721,Giaorugu Fang,冰獰龍的牙
6722,Giaorugu Tail,冰獰龍的尾
6723,GR5 Gem,GR5 Gem
6724,Rajang Mystic Fang,金獅子的牙
6725,Pure Gold Pelt,純金的皮
6726,Rajang Blood,金獅子的血
6727,Rajang Mystic Horn,金獅子的角
6728,Vash. Apex Crystal,Vash. Apex Crystal
6729,Vash. Demise Claw,Vash. Demise Claw
6730,Vashimu Rare Fluid,尾晶蠍的體液
6731,Vash. Solid Tail,Vash. Solid Tail
6732,Garuga Crazy Shell,黑狼鳥的狂殼
6733,Garuga Dark Weave,Garuga Dark Weave
6734,Garuga Rend Claw,黑狼鳥的裂爪
6735,Guren Wrath Shell,蠻龍的憤怒殼
6736,Guren Rage Horn,蠻龍的角
6737,Guren Fierce Tail,蠻龍的尾
6738,Guren Brute Spike,蠻龍的棘
6739,Dyura Frozen Shard,Dyura Frozen Shard
6740,Dyura Frost Cortex,冰狐龍的重殼
6741,Dyura Chill Spike,冰狐龍的棘
6742,Anoru Fang,暴鋸龍的牙
6743,Anour Shell,阿諾烏爾的甲殼
6744,Anoru Horn,暴鋸龍的角
6745,Anoru Glare,Anoru Glare
6746,Anoru Tail,暴鋸龍的尾
6747,Anoru Webbing,暴鋸龍的翼膜
6748,GR7 Gem,GR7 Gem
6749,Scorch Sac,焦熱袋
6750,Tsunami Sac,海嘯袋
6751,Typhoon Sac,颱風袋
6752,Permafrost Sac,Permafrost Sac
6753,Miasma Sac,Miasma Sac
6754,Immobilizing Sac,Immobilizing Sac
6755,Deep Coma Sac,Deep Coma Sac
6756,Wyvern Tail,龍的尾
6757,Wyvern Wing,龍的翼
6758,Wyvern Tail+,龍的上尾
6759,Wyvern Wing+,龍的上翼
6760,Mi-Ru Enigma Scale,Mi-Ru Enigma Scale
6761,Mi-Ru Onyx Shell,黑狐龍的甲殼
6762,Mi-Ru Crystal,Mi-Ru Crystal
6763,Mi-Ru Blood,黑狐龍的血
6764,Mi-Ru Obscure Horn,Mi-Ru Obscure Horn
6765,Mi-Ru Spike,黑狐龍的棘
6766,Rebidiora Shard,雷極龍的厚鱗
6767,Rebidiora Cortex,雷極龍的重殼
6768,Rebidiora Weave,Rebidiora Weave
6769,Magnetic Stone,磁力石
6770,Rebidiora Horn,雷極龍的角
6771,Rebidiora Lash,雷極龍的靭尾
6772,Rebidiora Direwing,Rebidiora Direwing
6773,Shanthien Shard,天翔龍的厚鱗
6774,Shanthien Cortex,天翔龍的重殼
6775,Shanthien Piel,Shanthien Piel
6776,Shanthien Crystal,Shanthien Crystal
6777,Shanthien Hardhorn,天翔龍的堅角
6778,Shan.Air Shell,天翔龍的氣殼
6779,Shanthien Ripper,Shanthien Ripper
6780,Disu.Fire Plate,Disu.Fire Plate
6781,Disu.Ice Plate,Disu.Ice Plate
6782,Disufiroa Talon,Disufiroa Talon
6783,Skyslasher,Skyslasher
6784,Ivory Dgnsphire,Ivory Dgnsphire
6785,Disufiroa Fellwing,熾凍龍的剛翼
6786,Disufiroa Diretail,Disufiroa Diretail
6787,Gesture・DS Ⅱ,Gesture・DS Ⅱ
6788,Gesture・Hammer Ⅱ,Gesture・Hammer Ⅱ
6789,Gesture・HH Ⅱ,Gesture・HH Ⅱ
6790,Gesture・Lance Ⅱ,Gesture・Lance Ⅱ
6791,Dummy 6791,Dummy 6791
6792,Dummy 6792,Dummy 6792
6793,Unique Monst.Bone,獨特魔物骨
6794,Marbled Steak,霜降牛排
6795,Glossy Skin,Glossy Skin
6796,Herb. Shine Shell,Herb. Shine Shell
6797,Unique Animal Bone,獨特動物骨
6798,Fine Beast Hair,Fine Beast Hair
6799,Beast Blood,牙獸種的血
6800,Heavy Wyvern Hide,重龍的皮
6801,Flying Wyvern Arm,Flying Wyvern Arm
6802,Fly.Wyvern Tongue,Fly.Wyvern Tongue
6803,Piscine Great Fin,魚龍種的鰭
6804,Piscine Great Fang,魚龍種的牙
6805,Piscine Great Scl,Piscine Great Scl
6806,Insect Bladeshell,Insect Bladeshell
6807,Poison Stinger,Poison Stinger
6808,Insect Pheromones,Insect Pheromones
6809,TopSecret TrsrBag,TopSecret TrsrBag
6810,Clean Junk,Clean Junk
6811,Shakalaka Bomb,奇面族爆彈
6812,Jagged Tusks,Jagged Tusks
6813,Rough Scale,粗鱗
6814,Bird Wyvern Talon,Bird Wyvern Talon
6815,Bug Small Legs,蟲的細腿
6816,Red Pearl,Red Pearl
6817,Stoneshell Crab,Stoneshell Crab
6818,Pokara Fang,凍冰獸的牙
6819,Pokara Hide,凍冰獸的皮
6820,Pokara Blubber,Pokara Blubber
6821,Pepper Bug,椒蟲
6822,Fatty Blowfish,肥河豚
6823,Scythe Mantis,Scythe Mantis
6824,Sake Mushrooms,酒菇
6825,Fist Rice,Fist Rice
6826,Round Egg,Round Egg
6827,Gyre Cucumber,Gyre Cucumber
6828,Gold Extract,金色的精華
6829,Predator Honey,掠食者蜂蜜
6830,Dazzling Shard,Dazzling Shard
6831,GW Ticket,ＧＷ票
6832,GW Deco Voucher,GW Deco Voucher
6833,GW Lottery Ticket,ＧＷ抽選票
6834,Silver Jewel,銀珠
6835,Dark Green Jewel,暗綠珠
6836,Azure Jewel,阿茲雷珠
6837,Guild R. Cuff 1,Guild R. Cuff 1
6838,Guild R. Cuff 2,Guild R. Cuff 2
6839,Guild R. Cuff 3,Guild R. Cuff 3
6840,Guild R. Cuff 4,Guild R. Cuff 4
6841,Guild R. Cuff 5,Guild R. Cuff 5
6842,Guild R. Cuff 6,Guild R. Cuff 6
6843,Guild R. Cuff 7,Guild R. Cuff 7
6844,Guild R. Cuff 8,Guild R. Cuff 8
6845,Guild R. Cuff 9,Guild R. Cuff 9
6846,Guild R. Cuff 10,Guild R. Cuff 10
6847,Guild R. Cuff 11,Guild R. Cuff 11
6848,Guild R. Cuff 12,Guild R. Cuff 12
6849,Dummy 6649,Dummy 6649
6850,Dummy 6650,Dummy 6650
6851,Dummy 6651,Dummy 6651
6852,Dummy 6652,Dummy 6652
6853,Dummy 6653,Dummy 6653
6854,Dummy 6654,Dummy 6654
6855,Dummy 6655,Dummy 6655
6856,Dummy 6656,Dummy 6656
6857,Dummy 6657,Dummy 6657
6858,Dummy 6658,Dummy 6658
6859,Dummy 6659,Dummy 6659
6860,Dummy 6660,Dummy 6660
6861,Dummy 6661,Dummy 6661
6862,Dummy 6662,Dummy 6662
6863,Dummy 6663,Dummy 6663
6864,Dummy 6664,Dummy 6664
6865,Dummy 6665,Dummy 6665
6866,Dummy 6666,Dummy 6666
6867,Dummy 6667,Dummy 6667
6868,Dummy 6668,Dummy 6668
6869,Dummy 6669,Dummy 6669
6870,Dummy 6670,Dummy 6670
6871,Dummy 6671,Dummy 6671
6872,Dummy 6672,Dummy 6672
6873,Dummy 6673,Dummy 6673
6874,Dummy 6674,Dummy 6674
6875,Dummy 6675,Dummy 6675
6876,Dummy 6676,Dummy 6676
6877,Deviljho Scale,恐暴龍的鱗
6878,Deviljho Hide,恐暴龍的皮
6879,Deviljho Fang,恐暴龍的牙
6880,Deviljho talon,Deviljho talon
6881,Deviljho Scalp,Deviljho Scalp
6882,Deviljho Tail,恐暴龍的尾
6883,Deviljho Gem,恐暴龍的寶玉
6884,Deviljho Shard,恐暴龍的厚鱗
6885,Deviljho Coat,Deviljho Coat
6886,Deviljho Hardfang,恐暴龍的堅牙
6887,Deviljho Ripper,Deviljho Ripper
6888,Deviljho Flail,Deviljho Flail
6889,Deviljho Crook,Deviljho Crook
6890,Dummy 6890,Dummy 6890
6891,Dummy 6891,Dummy 6891
6892,Hope BM G,Hope BM G
6893,Hope BM GF,Hope BM GF
6894,Hope GN G,Hope GN G
6895,Hope GN GF,Hope GN GF
6896,Pietra BM G,Pietra BM G
6897,Pietra BM GF,Pietra BM GF
6898,Pietra GN G,Pietra GN G
6899,Pietra GN GF,Pietra GN GF
6900,Yian Kut-Ku BM G,Yian Kut-Ku BM G
6901,Yian Kut-Ku BM GF,Yian Kut-Ku BM GF
6902,Yian Kut-Ku GN G,Yian Kut-Ku GN G
6903,Yian Kut-Ku GN GF,Yian Kut-Ku GN GF
6904,Daimyo BM G,Daimyo BM G
6905,Daimyo BM GF,Daimyo BM GF
6906,Daimyo GN G,Daimyo GN G
6907,Daimyo GN GF,Daimyo GN GF
6908,Pokaradon BM G,Pokaradon BM G
6909,Pokaradon BM GF,Pokaradon BM GF
6910,Pokaradon GN G,Pokaradon GN G
6911,Pokaradon GN GF,Pokaradon GN GF
6912,Congalala BM G,Congalala BM G
6913,Congalala BM GF,Congalala BM GF
6914,Congalala GN G,Congalala GN G
6915,Congalala GN GF,Congalala GN GF
6916,Gypceros BM G,Gypceros BM G
6917,Gypceros BM GF,Gypceros BM GF
6918,Gypceros GN G,Gypceros GN G
6919,Gypceros GN GF,Gypceros GN GF
6920,Farunokku BM G,Farunokku BM G
6921,Farunokku BM GF,Farunokku BM GF
6922,Farunokku GN G,Farunokku GN G
6923,Farunokku GN GF,Farunokku GN GF
6924,Basarios BM G,Basarios BM G
6925,Basarios BM GF,Basarios BM GF
6926,Basarios GN G,Basarios GN G
6927,Basarios GN GF,Basarios GN GF
6928,Rathian BM G,Rathian BM G
6929,Rathian BM GF,Rathian BM GF
6930,Rathian GN G,Rathian GN G
6931,Rathian GN GF,Rathian GN GF
6932,Shogun BM G,Shogun BM G
6933,Shogun BM GF,Shogun BM GF
6934,Shogun GN G,Shogun GN G
6935,Shogun GN GF,Shogun GN GF
6936,Hyujikiki BM G,Hyujikiki BM G
6937,Hyujikiki BM GF,Hyujikiki BM GF
6938,Hyujikiki GN G,Hyujikiki GN G
6939,Hyujikiki GN GF,Hyujikiki GN GF
6940,Blangonga BM G,Blangonga BM G
6941,Blangonga BM GF,Blangonga BM GF
6942,Blangonga GN G,Blangonga GN G
6943,Blangonga GN GF,Blangonga GN GF
6944,Rathalos BM G,Rathalos BM G
6945,Rathalos BM GF,Rathalos BM GF
6946,Rathalos GN G,Rathalos GN G
6947,Rathalos GN GF,Rathalos GN GF
6948,Khezu BM G,Khezu BM G
6949,Khezu BM GF,Khezu BM GF
6950,Khezu GN G,Khezu GN G
6951,Khezu GN GF,Khezu GN GF
6952,Mikagura BM G,Mikagura BM G
6953,Mikagura BM GF,Mikagura BM GF
6954,Satokagura GN G,Satokagura GN G
6955,Satokagura GN GF,Satokagura GN GF
6956,Roses BM G,Roses BM G
6957,Roses BM GF,Roses BM GF
6958,Roses GN G,Roses GN G
6959,Roses GN GF,Roses GN GF
6960,Mixes BM G,Mixes BM G
6961,Mixes BM GF,Mixes BM GF
6962,Mixes BM GX1,Mixes BM GX1
6963,Mixes BM GX2,Mixes BM GX2
6964,Mixes BM GX3,Mixes BM GX3
6965,Mixes BM GX4,Mixes BM GX4
6966,Mixes BM GX5,Mixes BM GX5
6967,Mixes GN G,Mixes GN G
6968,Mixes GN GF,Mixes GN GF
6969,Mixes GN GX1,Mixes GN GX1
6970,Mixes GN GX2,Mixes GN GX2
6971,Mixes GN GX3,Mixes GN GX3
6972,Mixes GN GX4,Mixes GN GX4
6973,Mixes GN GX5,Mixes GN GX5
6974,Dummy 6974,Dummy 6974
6975,Dummy 6975,Dummy 6975
6976,Dummy 6976,Dummy 6976
6977,Dummy 6977,Dummy 6977
6978,Dummy 6978,Dummy 6978
6979,Dummy 6979,Dummy 6979
6980,Dummy 6980,Dummy 6980
6981,Dummy 6981,Dummy 6981
6982,Dummy 6982,Dummy 6982
6983,Dummy 6983,Dummy 6983
6984,S. Exchange Tkt,特別交換票
6985,G Ticket,Ｇ強化票
6986,Poison,Poison
6987,Kut-Ku Fine Scale,Kut-Ku Fine Scale
6988,Hermitaur Scissor,Hermitaur Scissor
6989,Gypceros Hard Claw,毒怪鳥的堅爪
6990,Congalala Shredder,Congalala Shredder
6991,Basarios Teardrop,Basarios Teardrop
6992,Rathian Shineshell,雌火龍的輝殼
6993,Shogun Great Leg,Shogun Great Leg
6994,Blango Prime Fang,雪獅子的極牙
6995,Khezu Membrane,Khezu Membrane
6996,Gravios Mega Shell,鎧龍的大殼
6997,Los Great Shell,Los Great Shell
6998,Espi Eternal Scale,Espi Eternal Scale
6999,Volga Divine Fin,Volga Divine Fin
7000,Paria Supreme Fang,呑龍的牙
7001,Tigrex Mega Claw,轟龍的大爪
7002,Rajang Everhide,金獅子的永皮
7003,Garuga Powerscale,黑狼鳥的力鱗
7004,Dyura Powerclaw,Dyura Powerclaw
7005,Vashimu Mega Shell,尾晶蠍的甲殼
7006,Guren Death Scale,蠻龍的鱗
7007,G Weapon Kit,G Weapon Kit
7008,G Armor Kit,G Armor Kit
7009,Hades Inter. Tkt,ハデスインター票
7010,Festival Emblem,Festival Emblem
7011,Festival Gem,Festival Gem
7012,Sushi Fruit,Sushi Fruit
7013,Black Gloss Stone,黑光澤石
7014,Predator Feather,Predator Feather
7015,Sturdy Beast Fur,Sturdy Beast Fur
7016,Sharp Fang Shard,Sharp Fang Shard
7017,Ice Scales,Ice Scales
7018,Ice Petals,Ice Petals
7019,Andradite Shard,紅榴石厚鱗
7020,Twisted Hachimaki,Twisted Hachimaki
7021,Bright Red Happi,Bright Red Happi
7022,Gold Mikoshi Decor,Gold Mikoshi Decor
7023,Supreme Dango,Supreme Dango
7024,Adamant Orange,Adamant Orange
7025,Celestite Fragment,Celestite Fragment
7026,Celestite Chunk,Celestite Chunk
7027,Quartz Aggregate,Quartz Aggregate
7028,Big Jade Stone,大玉石
7029,Delicate Gears,Delicate Gears
7030,Rough Celestite,Rough Celestite
7031,Lure Grass,誘餌草
7032,Maestro's Seal,Maestro's Seal
7033,Huge Pierced Bone,巨大貫穿骨
7034,Old Keel Bone,舊龍骨
7035,Old Beast Bone,舊獣骨
7036,Luminous Scale,發光的鱗
7037,Rusty Old Lantern,Rusty Old Lantern
7038,Fine Handkerchief,Fine Handkerchief
7039,Weathered Leather,Weathered Leather
7040,Warm Fur,温暖的毛
7041,Basic Sigil Mat,Basic Sigil Mat
7042,Dummy 7042,Dummy 7042
7043,Card Ore Violet,可片礦菫
7044,Card Ore Wysteria,可片礦紫藤
7045,Card Ore Indigo,可片礦藍紫
7046,Yell R Ticket,イェルＲ票
7047,Kaleto R Ticket,カレトＲ票
7048,Giar R Ticket,ジアルＲ票
7049,Bull R Ticket,ブルＲ票
7050,Kirino T Tkt,キリノＴ票
7051,Vure T Tkt,ヴレＴ票
7052,ＢＧ１ Tkt・１,ＢＧ１票・１
7053,ＢＧ１ Tkt・２,ＢＧ１票・２
7054,ＢＧ１ Tkt・３,ＢＧ１票・３
7055,ＢＧ１ Tkt・４,ＢＧ１票・４
7056,ＢＧ１ Tkt・５,ＢＧ１票・５
7057,ＢＧ１ Tkt・６,ＢＧ１票・６
7058,ＢＧ１ Tkt・７,ＢＧ１票・７
7059,Odd Red Liquid,Odd Red Liquid
7060,Odd Blue Liquid,Odd Blue Liquid
7061,Odd Teal Liquid,Odd Teal Liquid
7062,Odd Pink Liquid,Odd Pink Liquid
7063,Odd White Liquid,Odd White Liquid
7064,Odd Black Liquid,Odd Black Liquid
7065,Odd Peach Liquid,Odd Peach Liquid
7066,Odd Azure Liquid,Odd Azure Liquid
7067,Odd Yellow Liquid,Odd Yellow Liquid
7068,Odd Brown Liquid,Odd Brown Liquid
7069,Odd Green Liquid,Odd Green Liquid
7070,Odd Silver Liquid,Odd Silver Liquid
7071,Odd Gold Liquid,Odd Gold Liquid
7072,Old Red Oak Box,Old Red Oak Box
7073,Old Blue Oak Box,Old Blue Oak Box
7074,Old Green Oak Box,Old Green Oak Box
7075,Old White Oak Box,Old White Oak Box
7076,Old Black Oak Box,Old Black Oak Box
7077,Old Pink Oak Box,Old Pink Oak Box
7078,Old Yellow Oak Box,Old Yellow Oak Box
7079,Old Brown Oak Box,Old Brown Oak Box
7080,Old Silver Oak Box,Old Silver Oak Box
7081,Old Golden Oak Box,Old Golden Oak Box
7082,Red Bracelet,Red Bracelet
7083,Blue Bracelet,Blue Bracelet
7084,Yellow Bracelet,Yellow Bracelet
7085,Green Bracelet,Green Bracelet
7086,Gold Bracelet,Gold Bracelet
7087,Silver Bracelet,Silver Bracelet
7088,Cyan Bracelet,Cyan Bracelet
7089,Purple Bracelet,Purple Bracelet
7090,Pink Bracelet,Pink Bracelet
7091,White Bracelet,White Bracelet
7092,Black Bracelet,Black Bracelet
7093,Date Head Ticket,伊達頭票
7094,Date Chest Ticket,伊達胴票
7095,Date Arms Ticket,伊達腕票
7096,Date Waist Ticket,伊達腰票
7097,Date Legs Ticket,伊達脚票
7098,Bright Head Tkt,燦耀頭票
7099,Bright Chest Tkt,燦耀胴票
7100,Bright Arms Tkt,燦耀腕票
7101,Bright Waist Tkt,燦耀腰票
7102,Bright Legs Tkt,燦耀脚票
7103,Juari Head Tkt,霸主頭票
7104,Juari Chest Tkt,霸主胴票
7105,Juari Arms Tkt,霸主腕票
7106,Juari Waist Tkt,霸主腰票
7107,Juari Legs Tkt,霸主脚票
7108,Tink Head Tkt,殘暴頭票
7109,Tink Chest Tkt,殘暴胴票
7110,Tink Arms Tkt,殘暴腕票
7111,Tink Waist Tkt,殘暴腰票
7112,Tink Legs Tkt,殘暴脚票
7113,Magos Head Tkt,神官頭票
7114,Magos Chest Tkt,神官胴票
7115,Magos Arms Tkt,神官腕票
7116,Magos Waist Tkt,神官腰票
7117,Magos Legs Tkt,神官脚票
7118,Mastery Head Tkt,精通頭票
7119,Mastery Chest Tkt,精通胴票
7120,Mastery Arms Tkt,精通腕票
7121,Mastery Waist Tkt,精通腰票
7122,Mastery Legs Tkt,精通脚票
7123,1k Gz Cheque,1k Gz Cheque
7124,Soft Cloth,Soft Cloth
7125,Light Colour Dye,Light Colour Dye
7126,Damaged Scale,破損的鱗
7127,Delicate Blossom,Delicate Blossom
7128,Saint Ore,聖礦石
7129,Wire Worm,威伊雷蟲
7130,Cracked Fang,Cracked Fang
7131,Cracked Bone,裂開的骨
7132,Cracked Claw,Cracked Claw
7133,Chipped Fang,缺損的牙
7134,Chipped Bone,缺損的骨
7135,Chipped Claw,缺損的爪
7136,Broken Fang,破損的牙
7137,Broken Bone,破損的骨
7138,Broken Claw,破損的爪
7139,Supr.Proof-Red,Supr.Proof-Red
7140,Supr.Proof-Blue,Supr.Proof-Blue
7141,Supr.Proof-Yellow,Supr.Proof-Yellow
7142,Supr.Proof-White,Supr.Proof-White
7143,Supr.Proof-Green,Supr.Proof-Green
7144,Red Pass Ⅰ,Red Pass Ⅰ
7145,Blue Pass Ⅰ,Blue Pass Ⅰ
7146,Blue Pass Ⅱ,Blue Pass Ⅱ
7147,Yellow Pass Ⅰ,Yellow Pass Ⅰ
7148,Yellow Pass Ⅱ,Yellow Pass Ⅱ
7149,Yellow Pass Ⅲ,Yellow Pass Ⅲ
7150,White Pass Ⅰ,White Pass Ⅰ
7151,White Pass Ⅱ,White Pass Ⅱ
7152,White Pass Ⅲ,White Pass Ⅲ
7153,White Pass Ⅳ,White Pass Ⅳ
7154,Green Pass Ⅰ,Green Pass Ⅰ
7155,Green Pass Ⅱ,Green Pass Ⅱ
7156,Green Pass Ⅲ,Green Pass Ⅲ
7157,Green Pass Ⅳ,Green Pass Ⅳ
7158,Green Pass Ⅴ,Green Pass Ⅴ
7159,Toko's Book,Toko's Book
7160,Saikou's Book,Saikou's Book
7161,GR6 Gem,GR6 Gem
7162,B Edge Tkt,Ｂ鋭劍票
7163,T Anger Tkt,Ｔ憤怒票
7164,D Gear Tkt,Ｄギア票
7165,B Roar Tkt,Ｂ咆哮票
7166,IM Carbine Tkt,ＩＭカービン票
7167,IM Cannon Tkt,ＩＭ加農票
7168,IM Burst Tkt,ＩＭ爆發票
7169,IM Assault Tkt,ＩＭ強襲票
7170,IM Predator Tkt,ＩＭ掠食票
7171,Battle FU Tkt,戰鬥ＦＵ票
7172,Raijin FU Tkt,雷神ＦＵ票
7173,Creepy FU Tkt,詭異ＦＵ票
7174,Abyssal FU Tkt,深淵ＦＵ票
7175,Rain FU Tkt,暴雨ＦＵ票
7176,Arti Purple Tkt,豪鋒紫票
7177,Stray Purple Tkt,ストレイ紫票
7178,Blue Stone,藍石
7179,Arudoru Tkt Yllw,アルドル黄票
7180,Arudoru Tkt Blck,アルドル黒票
7181,Arudoru Tkt Pur,アルドル紫票
7182,Arudoru Tkt Lead,アルドル鉛票
7183,Sigil Mat Ticket,紋章素材票
7184,Porto L Red Tkt,ポルトＬ赤票
7185,Porto L Yellow Tkt,ポルトＬ黄票
7186,Porto L White Tkt,ポルトＬ白票
7187,Porto L Black Tkt,ポルトＬ黒票
7188,D.R.Spear Tkt,ＤＲ槍票
7189,D.R.Fang Spear Tkt,ＤＲ牙槍票
7190,T.R.Spear Tkt,ＴＲ槍票
7191,T.R.Fang Spear Tkt,ＴＲ牙槍票
7192,Sanada Head Tkt,真田頭票
7193,Sanada Chest Tkt,真田胴票
7194,Sanada Arms Tkt,真田腕票
7195,Sanada Waist Tkt,真田腰票
7196,Sanada Legs Tkt,真田脚票
7197,Promisd V.Swrd Tkt,約定勝利劍票
7198,Golden V.Swrd Tkt,勝利黄金劍票
7199,Kanshou&Bakuya Tkt,干將・莫邪票
7200,Caladbolg Tkt,投影偽螺旋票
7201,Fate/SN Tkt Head,Ｆ／ＳＮ頭票
7202,Fate/SN Tkt Chest,Ｆ／ＳＮ胴票
7203,Fate/SN Tkt Arms,Ｆ／ＳＮ腕票
7204,Fate/SN Tkt Waist,Ｆ／ＳＮ腰票
7205,Fate/SN Tkt Legs,Ｆ／ＳＮ脚票
7206,Miku Key Tkt,ミク鍵票
7207,Hatsune Keyboard,Hatsune Keyboard
7208,Miku Horn Tkt,ミク角票
7209,Miku Vocals,Miku Vocals
7210,Miku Cos Tkt Head,未來裝頭票
7211,Miku Cos Tkt Torso,未來裝胴票
7212,Miku Cos Tkt Arms,未來裝腕票
7213,Miku Cos Tkt Waist,未來裝腰票
7214,Miku Cos Tkt Legs,未來裝脚票
7215,六爪流景秀生産券,六爪流景秀生産券
7216,六爪流爪駆生産券,六爪流爪駆生産券
7217,一刀流景秀生産券,一刀流景秀生産券
7218,一刀流爪駆生産券,一刀流爪駆生産券
7219,Dirai Tkt,ディライ票
7220,Variati Tkt,バリアシ票
7221,Ikusaga Tkt A,イクサガ票Ａ
7222,Ikusaga Tkt B,イクサガ票Ｂ
7223,Sprout Ore,芽礦石
7224,Caravan Trsr,Caravan Trsr
7225,Attack PA1,攻撃ＰＡ１
7226,Expert PA1,達人ＰＡ１
7227,Eating PA2,食事ＰＡ２
7228,Wide-Area PA1,廣域化ＰＡ１
7229,Caring PA1,看護ＰＡ１
7230,Dummy 7230,Dummy 7230
7231,Ein A Tkt,アインＡ票
7232,Rurousuisen,Rurousuisen
7233,Shining Heaven Ore,閃耀天礦石
7234,SnS Ribbon Low,SnS Ribbon Low
7235,SnS Ribbon Mid,SnS Ribbon Mid
7236,SnS Ribbon High,SnS Ribbon High
7237,DS Ribbon Low,DS Ribbon Low
7238,DS Ribbon Mid,DS Ribbon Mid
7239,DS Ribbon High,DS Ribbon High
7240,GS Ribbon Low,GS Ribbon Low
7241,GS Ribbon Mid,GS Ribbon Mid
7242,GS Ribbon High,GS Ribbon High
7243,LS Ribbon Low,LS Ribbon Low
7244,LS Ribbon Mid,LS Ribbon Mid
7245,LS Ribbon High,LS Ribbon High
7246,Hammer Ribbon Low,Hammer Ribbon Low
7247,Hammer Ribbon Mid,Hammer Ribbon Mid
7248,Hammer Ribbon High,Hammer Ribbon High
7249,HH Ribbon Low,HH Ribbon Low
7250,HH Ribbon Mid,HH Ribbon Mid
7251,HH Ribbon High,HH Ribbon High
7252,Lance Ribbon Low,Lance Ribbon Low
7253,Lance Ribbon Mid,Lance Ribbon Mid
7254,Lance Ribbon High,Lance Ribbon High
7255,GL Ribbon Low,GL Ribbon Low
7256,GL Ribbon Mid,GL Ribbon Mid
7257,GL Ribbon High,GL Ribbon High
7258,LBG Ribbon low,LBG Ribbon low
7259,LBG Ribbon Mid,LBG Ribbon Mid
7260,LBG Ribbon High,LBG Ribbon High
7261,HBG Ribbon Low,HBG Ribbon Low
7262,HBG Ribbon Mid,HBG Ribbon Mid
7263,HBG Ribbon High,HBG Ribbon High
7264,Bow Ribbon Low,Bow Ribbon Low
7265,Bow Ribbon Mid,Bow Ribbon Mid
7266,Bow Ribbon High,Bow Ribbon High
7267,Ulti.Conquest Bond,Ulti.Conquest Bond
7268,Green Valor Stone,綠勇氣石
7269,Blue Valor Stone,藍勇氣石
7270,Red Valor Stone,紅勇氣石
7271,Yellow Valor Stone,黄勇氣石
7272,IM Tomen Tkt,ＩＭトメン票
7273,Rabina FU Tkt,ラビーナＦＵ票
7274,AppreciationTkt VI,感謝票Ⅵ
7275,Magnetised Fur,Magnetised Fur
7276,Urgent Proof,Urgent Proof
7277,Supressing Ball,Supressing Ball
7278,Conquest Reset Tkt,征伐重置票
7279,Wht Conquest Tkt,白征伐票
7280,Purp.Conquest Tkt,紫征伐票
7281,Oran.Conquest Tkt,橙征伐票
7282,Sigil Catalyst,Sigil Catalyst
7283,Bird Wyvern Ringer,Bird Wyvern Ringer
7284,Hermitaur Armor,Hermitaur Armor
7285,Conga.Polished Fng,Conga.Polished Fng
7286,Gypceros Ven.Tail,Gypceros Ven.Tail
7287,Basarios Ven.Shell,岩龍的毒殼
7288,Ceanataur Katana,Ceanataur Katana
7289,Elastic Hide,Elastic Hide
7290,Tigrex Tiger Skin,Tigrex Tiger Skin
7291,Paria Stone,Paria Stone
7292,Gravios Magma Ore,Gravios Magma Ore
7293,Volg.Fierce Fang,Volg.Fierce Fang
7294,Espinas Tox.Thorn,棘龍的毒刺
7295,Raj.Boiling Blood,Raj.Boiling Blood
7296,Guren Rage Spike,蠻龍的棘
7297,Dyuragaua Hvy.Tail,Dyuragaua Hvy.Tail
7298,Garuga Iron Cortex,黑狼鳥的重殼
7299,Gougarf Strong Arm,Gougarf Strong Arm
7300,Gougarf Proof,Gougarf Proof
7301,Lolo Pelt,洛洛的皮
7302,Ray Pelt,雷伊的皮
7303,Gougarf Marrow,鬥獸的骨髓
7304,Gougarf Tail,鬥獸的尾
7305,Gougarf Mane,Gougarf Mane
7306,Magnetic Iron,磁力鐵
7307,White Lolo Pelt,白洛洛的皮
7308,Black Ray Pelt,Black Ray Pelt
7309,Gougarf Piel,Gougarf Piel
7310,Gougarf Lash,鬥獸的靭尾
7311,Gougarf Jaw,鬥獸的顎
7312,Gougarf Hematite,Gougarf Hematite
7313,Gougarf Heart,鬥獸的心臟
7314,Pics Tkt Head,精靈頭票
7315,Pics Tkt Torso,精靈胴票
7316,Pics Tkt Arms,精靈腕票
7317,Pics Tkt Waist,精靈腰票
7318,Pics TKt Legs,精靈脚票
7319,Misty R Tkt,ミスティＲ票
7320,Terifa R Tkt,テリファＲ票
7321,Hex H Tkt,ヘックスＨ票
7322,Wreck H Tkt,レックＨ票
7323,Varia R Tkt,ヴァリアＲ票
7324,Varia S Tkt,ヴァリアＳ票
7325,Varia C Tkt,ヴァリアＣ票
7326,Varia D Tkt,ヴァリアＤ票
7327,Varia B Tkt,ヴァリアＢ票
7328,Varia M Tkt,ヴァリアＭ票
7329,Essen R Tkt,エッセンＲ票
7330,Essen S Tkt,エッセンＳ票
7331,Essen C Tkt,エッセンＣ票
7332,Essen D Tkt,エッセンＤ票
7333,Essen B Tkt,エッセンＢ票
7334,Essen A Tkt,エッセンＡ票
7335,Strong Attack SA1,剛撃ＳＡ１
7336,Issen SA1,一閃ＳＡ１
7337,E.Weakness SA1,属性弱點ＳＡ１
7338,Strong Attack SA2,剛撃ＳＡ２
7339,Issen SA2,一閃ＳＡ２
7340,E.Weakness SA2,属性弱點ＳＡ２
7341,Strong Attack SA3,剛撃ＳＡ３
7342,Issen SA3,一閃ＳＡ３
7343,E.Weakness SA3,属性弱點ＳＡ３
7344,Rapid Firing SA1,速射ＳＡ１
7345,Reflect.Cuff SA1,反射ＳＡ１
7346,Rage Cuff SA1,憤怒ＳＡ１
7347,Rapid Fire SA2,速射ＳＡ２
7348,Reflect SA2,反射ＳＡ２
7349,Rage SA2 SA2,憤怒ＳＡ２
7350,Rapid Fire SA3,速射ＳＡ３
7351,Reflect SA3,反射ＳＡ３
7352,Rage SA3 SA3,憤怒ＳＡ３
7353,Encourage SB1,激勵ＳＢ１
7354,Mounting SB1,騎乘ＳＢ１
7355,Combo Expert SB1,連撃達人ＳＢ１
7356,Lone Wolf SB1,孤狼ＳＢ１
7357,Vitality SB1,體質ＳＢ１
7358,Iron Arm SB1,鐵腕ＳＢ１
7359,Breeder SB1,飼育ＳＢ１
7360,Survivor SB1,倖存者ＳＢ１
7361,Encourage SB2,激勵ＳＢ２
7362,Mounting SB2,騎乘ＳＢ２
7363,Combo Expert SB2,連撃達人ＳＢ２
7364,Lone Wolf SB2,孤狼ＳＢ２
7365,Vitality SB2,體質ＳＢ２
7366,Iron Arm SB2,鐵腕ＳＢ２
7367,Breeder SB2,飼育ＳＢ２
7368,Survivor SB2,倖存者ＳＢ２
7369,Encourage SB3,激勵ＳＢ３
7370,Mounting SB3,騎乘ＳＢ３
7371,Combo Expert SB3,連撃達人ＳＢ３
7372,Lone Wolf SB3,孤狼ＳＢ３
7373,Vitality SB3,體質ＳＢ３
7374,Iron Arm SB3,鐵腕ＳＢ３
7375,Breeder SB3,飼育ＳＢ３
7376,Survivor SB3,倖存者ＳＢ３
7377,Encourage SB4,激勵ＳＢ４
7378,Mounting SB4,騎乘ＳＢ４
7379,Combo Expert SB4,連撃達人ＳＢ４
7380,Lone Wolf SB4,孤狼ＳＢ４
7381,Vitality SB4,體質ＳＢ４
7382,Iron Arm SB4,鐵腕ＳＢ４
7383,Breeder SB4,飼育ＳＢ４
7384,Survivor SB4,倖存者ＳＢ４
7385,Encourage SB5,激勵ＳＢ５
7386,Mounting SB5,騎乘ＳＢ５
7387,Combo Expert SB5,連撃達人ＳＢ５
7388,Lone Wolf SB5,孤狼ＳＢ５
7389,Vitality SB5,體質ＳＢ５
7390,Iron Arm SB5,鐵腕ＳＢ５
7391,Breeder SB5,飼育ＳＢ５
7392,Survivor SB5,倖存者ＳＢ５
7393,Encourage SC1,激勵ＳＣ１
7394,Mounting SC1,騎乘ＳＣ１
7395,Combo Expert SC1,連撃達人ＳＣ１
7396,Lone Wolf SC1,孤狼ＳＣ１
7397,Vitality SC1,體質ＳＣ１
7398,Iron Arm SC1,鐵腕ＳＣ１
7399,Breeder SC1,飼育ＳＣ１
7400,Survivor SC1,倖存者ＳＣ１
7401,Encourage SC2,激勵ＳＣ２
7402,Mounting SC2,騎乘ＳＣ２
7403,Combo Expert SC2,連撃達人ＳＣ２
7404,Lone Wolf SC2,孤狼ＳＣ２
7405,Vitality SC2,體質ＳＣ２
7406,Iron Arm SC2,鐵腕ＳＣ２
7407,Breeder SC2,飼育ＳＣ２
7408,Survivor SC2,倖存者ＳＣ２
7409,Light Tread SC1,軽足ＳＣ１
7410,Anti Ravi Bomb+,對拉維爆彈＋
7411,Revival Ore,復活礦石
7412,Sedative Ore,鎮静礦石
7413,Deadly Ore,致命礦石
7414,Destruction Ore,破壞礦石
7415,Assault Ore,強襲礦石
7416,Steel Ice Pick,Steel Ice Pick
7417,Weathered Tools,Weathered Tools
7418,Skill Cuff G84,Skill Cuff G84
7419,Skill Cuff G85,Skill Cuff G85
7420,Skill Cuff G86,Skill Cuff G86
7421,Skill Cuff G87,Skill Cuff G87
7422,Skill Cuff G88,Skill Cuff G88
7423,Skill Cuff G89,Skill Cuff G89
7424,Skill Cuff G90,Skill Cuff G90
7425,Skill Cuff G91,Skill Cuff G91
7426,Skill Cuff G92,Skill Cuff G92
7427,Skill Cuff G93,Skill Cuff G93
7428,Skill Cuff G94,Skill Cuff G94
7429,Skill Cuff G95,Skill Cuff G95
7430,Skill Cuff G96,Skill Cuff G96
7431,Skill Cuff G97,Skill Cuff G97
7432,Skill Cuff G98,Skill Cuff G98
7433,Skill Cuff G99,Skill Cuff G99
7434,Skill Cuff G100,Skill Cuff G100
7435,ユニカムＢ生産券,ユニカムＢ生産券
7436,ユニカムＰ生産券,ユニカムＰ生産券
7437,Ichrome BU Tkt,イクロームＢＵ票
7438,Ichrome BI Tkt,イクロームＢＩ票
7439,ナーデルＰ生産券,ナーデルＰ生産券
7440,ナーデルＤ生産券,ナーデルＤ生産券
7441,ナーデルＴ生産券,ナーデルＴ生産券
7442,ナーデルＭ生産券,ナーデルＭ生産券
7443,Carbis M Tkt,聖地Ｍ票
7444,Karudora M Tkt,源流Ｍ票
7445,Carbis E Tkt,聖地Ｅ票
7446,Karudora E Tkt,源流Ｅ票
7447,Buster L Tkt,毀滅Ｌ票
7448,Hydra M Tkt,海蛇Ｍ票
7449,Alia Q Tkt,アリアＱ票
7450,Alia W Tkt,アリアＷ票
7451,Tomen Q Tkt,トメンＱ票
7452,Tomen W Tkt,トメンＷ票
7453,Cuff Base G・Hemp,Cuff Base G・Hemp
7454,Cuff Base G・Lily,Cuff Base G・Lily
7455,C.Base G・Miscanthus,C.Base G・Miscanthus
7456,C.Base G・Narcissus,C.Base G・Narcissus
7457,C.Base G・Daffodil,C.Base G・Daffodil
7458,C.Base G・Decumaria,C.Base G・Decumaria
7459,C.Base G・Butterbur,C.Base G・Butterbur
7460,C.Base G・Horsetail,C.Base G・Horsetail
7461,C.Base G・Dianthus,C.Base G・Dianthus
7462,C.Base G・Bamboo,C.Base G・Bamboo
7463,C.Base G・Physalis,C.Base G・Physalis
7464,C.Base G・Aubergine,C.Base G・Aubergine
7465,20 Soul Gem G,20 Soul Gem G
7466,40 Soul Gem G,40 Soul Gem G
7467,80 Soul Gem G,80 Soul Gem G
7468,20 Soul Gem,20 Soul Gem
7469,40 Soul Gem,40 Soul Gem
7470,80 Soul Gem,80 Soul Gem
7471,★5 Liberation Coin,★5 Liberation Coin
7472,Conquest Gem Bud,Conquest Gem Bud
7473,Conquest Gem Bloom,Conquest Gem Bloom
7474,Supr.Sunlight Gem,Supr.Sunlight Gem
7475,Supr.Moonlight Gem,Supr.Moonlight Gem
7476,★6 Liberation Coin,★6 Liberation Coin
7477,★7 Liberation Coin,★7 Liberation Coin
7478,GUide to Victory,GUide to Victory
7479,Lumin.Armor Rock,Lumin.Armor Rock
7480,Komono Armor Rock,Komono Armor Rock
7481,Dummy 7481,Dummy 7481
7482,Dummy 7482,Dummy 7482
7483,Dummy 7483,Dummy 7483
7484,Dummy 7484,Dummy 7484
7485,Tranquil Grass,寧靜草
7486,Confession Stone,懺悔石
7487,Nuts G Tkt,堅果Ｇ票
7488,Chocolate G Tkt,巧克力Ｇ票
7489,Cookie G Tkt,餅乾Ｇ票
7490,Raisins G Tkt,葡萄乾Ｇ票
7491,Crispy Corn,Crispy Corn
7492,Fresh Ice Flowers,新鮮冰花
7493,HR Neko Whetstone,ＨＲ猫砥石
7494,Hunter's Resolve,Hunter's Resolve
7495,Glass Tuning Fork,Glass Tuning Fork
7496,Fancy Book 5,Fancy Book 5
7497,単結晶の円錐,単結晶の円錐
7498,地噴梵字の書,地噴梵字の書
7499,Big Sharp Claws,Big Sharp Claws
7500,グルーラ稀鉱石,グルーラ稀鉱石
7501,Oni Iron,鬼鐵
7502,Glory Coin,Glory Coin
7503,D.Cat Medal White,D.Cat Medal White
7504,D.Cat Medal Yellow,D.Cat Medal Yellow
7505,D.Cat Medal Red,D.Cat Medal Red
7506,D.Cat Medal Blue,D.Cat Medal Blue
7507,D.Cat Medal Black,D.Cat Medal Black
7508,D.Cat Coin White,D.Cat Coin White
7509,D.Cat Coin Yellow,D.Cat Coin Yellow
7510,D.Cat Coin Red,D.Cat Coin Red
7511,D.Cat Coin Blue,D.Cat Coin Blue
7512,D.Cat Coin Black,D.Cat Coin Black
7513,Pietra BM GX1,Pietra BM GX1
7514,Pietra BM GX2,Pietra BM GX2
7515,Pietra BM GX3,Pietra BM GX3
7516,Pietra BM GX4,Pietra BM GX4
7517,Pietra BM GX5,Pietra BM GX5
7518,Pietra GN GX1,Pietra GN GX1
7519,Pietra GN GX2,Pietra GN GX2
7520,Pietra GN GX3,Pietra GN GX3
7521,Pietra GN GX4,Pietra GN GX4
7522,Pietra GN GX5,Pietra GN GX5
7523,Pokaradon BM GX1,Pokaradon BM GX1
7524,Pokaradon BM GX2,Pokaradon BM GX2
7525,Pokaradon BM GX3,Pokaradon BM GX3
7526,Pokaradon BM GX4,Pokaradon BM GX4
7527,Pokaradon BM GX5,Pokaradon BM GX5
7528,Pokaradon GN GX1,Pokaradon GN GX1
7529,Pokaradon GN GX2,Pokaradon GN GX2
7530,Pokaradon GN GX3,Pokaradon GN GX3
7531,Pokaradon GN GX4,Pokaradon GN GX4
7532,Pokaradon GN GX5,Pokaradon GN GX5
7533,Daimyo BM GX1,Daimyo BM GX1
7534,Daimyo BM GX2,Daimyo BM GX2
7535,Daimyo BM GX3,Daimyo BM GX3
7536,Daimyo BM GX4,Daimyo BM GX4
7537,Daimyo BM GX5,Daimyo BM GX5
7538,Daimyo GN GX1,Daimyo GN GX1
7539,Daimyo GN GX2,Daimyo GN GX2
7540,Daimyo GN GX3,Daimyo GN GX3
7541,Daimyo GN GX4,Daimyo GN GX4
7542,Daimyo GN GX5,Daimyo GN GX5
7543,Yian Kut-Ku BM GX1,Yian Kut-Ku BM GX1
7544,Yian Kut-Ku BM GX2,Yian Kut-Ku BM GX2
7545,Yian Kut-Ku BM GX3,Yian Kut-Ku BM GX3
7546,Yian Kut-Ku BM GX4,Yian Kut-Ku BM GX4
7547,Yian Kut-Ku BM GX5,Yian Kut-Ku BM GX5
7548,Yian Kut-Ku GN GX1,Yian Kut-Ku GN GX1
7549,Yian Kut-Ku GN GX2,Yian Kut-Ku GN GX2
7550,Yian Kut-Ku GN GX3,Yian Kut-Ku GN GX3
7551,Yian Kut-Ku GN GX4,Yian Kut-Ku GN GX4
7552,Yian Kut-Ku GN GX5,Yian Kut-Ku GN GX5
7553,Farunokku BM GX1,Farunokku BM GX1
7554,Farunokku BM GX2,Farunokku BM GX2
7555,Farunokku BM GX3,Farunokku BM GX3
7556,Farunokku BM GX4,Farunokku BM GX4
7557,Farunokku BM GX5,Farunokku BM GX5
7558,Farunokku GN GX1,Farunokku GN GX1
7559,Farunokku GN GX2,Farunokku GN GX2
7560,Farunokku GN GX3,Farunokku GN GX3
7561,Farunokku GN GX4,Farunokku GN GX4
7562,Farunokku GN GX5,Farunokku GN GX5
7563,Gypceros BM GX1,Gypceros BM GX1
7564,Gypceros BM GX2,Gypceros BM GX2
7565,Gypceros BM GX3,Gypceros BM GX3
7566,Gypceros BM GX4,Gypceros BM GX4
7567,Gypceros BM GX5,Gypceros BM GX5
7568,Gypceros GN GX1,Gypceros GN GX1
7569,Gypceros GN GX2,Gypceros GN GX2
7570,Gypceros GN GX3,Gypceros GN GX3
7571,Gypceros GN GX4,Gypceros GN GX4
7572,Gypceros GN GX5,Gypceros GN GX5
7573,Congalala BM GX1,Congalala BM GX1
7574,Congalala BM GX2,Congalala BM GX2
7575,Congalala BM GX3,Congalala BM GX3
7576,Congalala BM GX4,Congalala BM GX4
7577,Congalala BM GX5,Congalala BM GX5
7578,Congalala GN GX1,Congalala GN GX1
7579,Congalala GN GX2,Congalala GN GX2
7580,Congalala GN GX3,Congalala GN GX3
7581,Congalala GN GX4,Congalala GN GX4
7582,Congalala GN GX5,Congalala GN GX5
7583,Hyujikiki BM GX1,Hyujikiki BM GX1
7584,Hyujikiki BM GX2,Hyujikiki BM GX2
7585,Hyujikiki BM GX3,Hyujikiki BM GX3
7586,Hyujikiki BM GX4,Hyujikiki BM GX4
7587,Hyujikiki BM GX5,Hyujikiki BM GX5
7588,Hyujikiki GN GX1,Hyujikiki GN GX1
7589,Hyujikiki GN GX2,Hyujikiki GN GX2
7590,Hyujikiki GN GX3,Hyujikiki GN GX3
7591,Hyujikiki GN GX4,Hyujikiki GN GX4
7592,Hyujikiki GN GX5,Hyujikiki GN GX5
7593,Basarios BM GX1,Basarios BM GX1
7594,Basarios BM GX2,Basarios BM GX2
7595,Basarios BM GX3,Basarios BM GX3
7596,Basarios BM GX4,Basarios BM GX4
7597,Basarios BM GX5,Basarios BM GX5
7598,Basarios GN GX1,Basarios GN GX1
7599,Basarios GN GX2,Basarios GN GX2
7600,Basarios GN GX3,Basarios GN GX3
7601,Basarios GN GX4,Basarios GN GX4
7602,Basarios GN GX5,Basarios GN GX5
7603,Rathian BM GX1,Rathian BM GX1
7604,Rathian BM GX2,Rathian BM GX2
7605,Rathian BM GX3,Rathian BM GX3
7606,Rathian BM GX4,Rathian BM GX4
7607,Rathian BM GX5,Rathian BM GX5
7608,Rathian GN GX1,Rathian GN GX1
7609,Rathian GN GX2,Rathian GN GX2
7610,Rathian GN GX3,Rathian GN GX3
7611,Rathian GN GX4,Rathian GN GX4
7612,Rathian GN GX5,Rathian GN GX5
7613,Shogun BM GX1,Shogun BM GX1
7614,Shogun BM GX2,Shogun BM GX2
7615,Shogun BM GX3,Shogun BM GX3
7616,Shogun BM GX4,Shogun BM GX4
7617,Shogun BM GX5,Shogun BM GX5
7618,Shogun GN GX1,Shogun GN GX1
7619,Shogun GN GX2,Shogun GN GX2
7620,Shogun GN GX3,Shogun GN GX3
7621,Shogun GN GX4,Shogun GN GX4
7622,Shogun GN GX5,Shogun GN GX5
7623,Mikagura BM GX1,Mikagura BM GX1
7624,Mikagura BM GX2,Mikagura BM GX2
7625,Mikagura BM GX3,Mikagura BM GX3
7626,Mikagura BM GX4,Mikagura BM GX4
7627,Mikagura BM GX5,Mikagura BM GX5
7628,Satokagura GN GX1,Satokagura GN GX1
7629,Satokagura GN GX2,Satokagura GN GX2
7630,Satokagura GN GX3,Satokagura GN GX3
7631,Satokagura GN GX4,Satokagura GN GX4
7632,Satokagura GN GX5,Satokagura GN GX5
7633,Rathalos BM GX1,Rathalos BM GX1
7634,Rathalos BM GX2,Rathalos BM GX2
7635,Rathalos BM GX3,Rathalos BM GX3
7636,Rathalos BM GX4,Rathalos BM GX4
7637,Rathalos BM GX5,Rathalos BM GX5
7638,Rathalos GN GX1,Rathalos GN GX1
7639,Rathalos GN GX2,Rathalos GN GX2
7640,Rathalos GN GX3,Rathalos GN GX3
7641,Rathalos GN GX4,Rathalos GN GX4
7642,Rathalos GN GX5,Rathalos GN GX5
7643,Blangonga BM GX1,Blangonga BM GX1
7644,Blangonga BM GX2,Blangonga BM GX2
7645,Blangonga BM GX3,Blangonga BM GX3
7646,Blangonga BM GX4,Blangonga BM GX4
7647,Blangonga BM GX5,Blangonga BM GX5
7648,Blangonga GN GX1,Blangonga GN GX1
7649,Blangonga GN GX2,Blangonga GN GX2
7650,Blangonga GN GX3,Blangonga GN GX3
7651,Blangonga GN GX4,Blangonga GN GX4
7652,Blangonga GN GX5,Blangonga GN GX5
7653,Khezu BM GX1,Khezu BM GX1
7654,Khezu BM GX2,Khezu BM GX2
7655,Khezu BM GX3,Khezu BM GX3
7656,Khezu BM GX4,Khezu BM GX4
7657,Khezu BM GX5,Khezu BM GX5
7658,Khezu GN GX1,Khezu GN GX1
7659,Khezu GN GX2,Khezu GN GX2
7660,Khezu GN GX3,Khezu GN GX3
7661,Khezu GN GX4,Khezu GN GX4
7662,Khezu GN GX5,Khezu GN GX5
7663,Hope BM GX1,Hope BM GX1
7664,Hope BM GX2,Hope BM GX2
7665,Hope BM GX3,Hope BM GX3
7666,Hope BM GX4,Hope BM GX4
7667,Hope BM GX5,Hope BM GX5
7668,Hope GN GX1,Hope GN GX1
7669,Hope GN GX2,Hope GN GX2
7670,Hope GN GX3,Hope GN GX3
7671,Hope GN GX4,Hope GN GX4
7672,Hope GN GX5,Hope GN GX5
7673,Gougarf BM G1,Gougarf BM G1
7674,Gougarf BM GF1,Gougarf BM GF1
7675,Gougarf BM GX1,Gougarf BM GX1
7676,Gougarf BM GX2,Gougarf BM GX2
7677,Gougarf BM GX3,Gougarf BM GX3
7678,Gougarf BM GX4,Gougarf BM GX4
7679,Gougarf BM GX5,Gougarf BM GX5
7680,Gougarf GN G1,Gougarf GN G1
7681,Gougarf GN GF1,Gougarf GN GF1
7682,Gougarf GN GX1,Gougarf GN GX1
7683,Gougarf GN GX2,Gougarf GN GX2
7684,Gougarf GN GX3,Gougarf GN GX3
7685,Gougarf GN GX4,Gougarf GN GX4
7686,Gougarf GN GX5,Gougarf GN GX5
7687,Shantien BM G1,Shantien BM G1
7688,Shantien BM GF1,Shantien BM GF1
7689,Shantien BM GX1,Shantien BM GX1
7690,Shantien BM GX2,Shantien BM GX2
7691,Shantien BM GX3,Shantien BM GX3
7692,Shantien BM GX4,Shantien BM GX4
7693,Shantien BM GX5,Shantien BM GX5
7694,Shantien GN G1,Shantien GN G1
7695,Shantien GN GF1,Shantien GN GF1
7696,Shantien GN GX1,Shantien GN GX1
7697,Shantien GN GX2,Shantien GN GX2
7698,Shantien GN GX3,Shantien GN GX3
7699,Shantien GN GX4,Shantien GN GX4
7700,Shantien GN GX5,Shantien GN GX5
7701,Giaorugu BM G,Giaorugu BM G
7702,Giaorugu BM GF,Giaorugu BM GF
7703,Giaorugu BM GX1,Giaorugu BM GX1
7704,Giaorugu BM GX2,Giaorugu BM GX2
7705,Giaorugu BM GX3,Giaorugu BM GX3
7706,Giaorugu BM GX4,Giaorugu BM GX4
7707,Giaorugu BM GX5,Giaorugu BM GX5
7708,Giaorugu GN G,Giaorugu GN G
7709,Giaorugu GN GF,Giaorugu GN GF
7710,Giaorugu GN GX1,Giaorugu GN GX1
7711,Giaorugu GN GX2,Giaorugu GN GX2
7712,Giaorugu GN GX3,Giaorugu GN GX3
7713,Giaorugu GN GX4,Giaorugu GN GX4
7714,Giaorugu GN GX5,Giaorugu GN GX5
7715,Gravios BM G,Gravios BM G
7716,Gravios BM GF,Gravios BM GF
7717,Gravios BM GX1,Gravios BM GX1
7718,Gravios BM GX2,Gravios BM GX2
7719,Gravios BM GX3,Gravios BM GX3
7720,Gravios BM GX4,Gravios BM GX4
7721,Gravios BM GX5,Gravios BM GX5
7722,Gravios GN G,Gravios GN G
7723,Gravios GN GF,Gravios GN GF
7724,Gravios GN GX1,Gravios GN GX1
7725,Gravios GN GX2,Gravios GN GX2
7726,Gravios GN GX3,Gravios GN GX3
7727,Gravios GN GX4,Gravios GN GX4
7728,Gravios GN GX5,Gravios GN GX5
7729,Tigrex BM G,Tigrex BM G
7730,Tigrex BM GF,Tigrex BM GF
7731,Tigrex BM GX1,Tigrex BM GX1
7732,Tigrex BM GX2,Tigrex BM GX2
7733,Tigrex BM GX3,Tigrex BM GX3
7734,Tigrex BM GX4,Tigrex BM GX4
7735,Tigrex BM GX5,Tigrex BM GX5
7736,Tigrex GN G,Tigrex GN G
7737,Tigrex GN GF,Tigrex GN GF
7738,Tigrex GN GX1,Tigrex GN GX1
7739,Tigrex GN GX2,Tigrex GN GX2
7740,Tigrex GN GX3,Tigrex GN GX3
7741,Tigrex GN GX4,Tigrex GN GX4
7742,Tigrex GN GX5,Tigrex GN GX5
7743,Pariapuria BM G,Pariapuria BM G
7744,Pariapuria BM GF,Pariapuria BM GF
7745,Pariapuria BM GX1,Pariapuria BM GX1
7746,Pariapuria BM GX2,Pariapuria BM GX2
7747,Pariapuria BM GX3,Pariapuria BM GX3
7748,Pariapuria BM GX4,Pariapuria BM GX4
7749,Pariapuria BM GX5,Pariapuria BM GX5
7750,Pariapuria GN G,Pariapuria GN G
7751,Pariapuria GN GF,Pariapuria GN GF
7752,Pariapuria GN GX1,Pariapuria GN GX1
7753,Pariapuria GN GX2,Pariapuria GN GX2
7754,Pariapuria GN GX3,Pariapuria GN GX3
7755,Pariapuria GN GX4,Pariapuria GN GX4
7756,Pariapuria GN GX5,Pariapuria GN GX5
7757,Torpedo BM G,Torpedo BM G
7758,Torpedo BM GF,Torpedo BM GF
7759,Torpedo BM GX1,Torpedo BM GX1
7760,Torpedo BM GX2,Torpedo BM GX2
7761,Torpedo BM GX3,Torpedo BM GX3
7762,Torpedo BM GX4,Torpedo BM GX4
7763,Torpedo BM GX5,Torpedo BM GX5
7764,Torpedo GN G,Torpedo GN G
7765,Torpedo GN GF,Torpedo GN GF
7766,Torpedo GN GX1,Torpedo GN GX1
7767,Torpedo GN GX2,Torpedo GN GX2
7768,Torpedo GN GX3,Torpedo GN GX3
7769,Torpedo GN GX4,Torpedo GN GX4
7770,Torpedo GN GX5,Torpedo GN GX5
7771,Volganos BM G,Volganos BM G
7772,Volganos BM GF,Volganos BM GF
7773,Volganos BM GX1,Volganos BM GX1
7774,Volganos BM GX2,Volganos BM GX2
7775,Volganos BM GX3,Volganos BM GX3
7776,Volganos BM GX4,Volganos BM GX4
7777,Volganos BM GX5,Volganos BM GX5
7778,Volganos GN G,Volganos GN G
7779,Volganos GN GF,Volganos GN GF
7780,Volganos GN GX1,Volganos GN GX1
7781,Volganos GN GX2,Volganos GN GX2
7782,Volganos GN GX3,Volganos GN GX3
7783,Volganos GN GX4,Volganos GN GX4
7784,Volganos GN GX5,Volganos GN GX5
7785,Espinas BM G,Espinas BM G
7786,Espinas BM GF,Espinas BM GF
7787,Espinas BM GX1,Espinas BM GX1
7788,Espinas BM GX2,Espinas BM GX2
7789,Espinas BM GX3,Espinas BM GX3
7790,Espinas BM GX4,Espinas BM GX4
7791,Espinas BM GX5,Espinas BM GX5
7792,Espinas GN G,Espinas GN G
7793,Espinas GN GF,Espinas GN GF
7794,Espinas GN GX1,Espinas GN GX1
7795,Espinas GN GX2,Espinas GN GX2
7796,Espinas GN GX3,Espinas GN GX3
7797,Espinas GN GX4,Espinas GN GX4
7798,Espinas GN GX5,Espinas GN GX5
7799,Golden BM G,Golden BM G
7800,Golden BM GF,Golden BM GF
7801,Golden BM GX1,Golden BM GX1
7802,Golden BM GX2,Golden BM GX2
7803,Golden BM GX3,Golden BM GX3
7804,Golden BM GX4,Golden BM GX4
7805,Golden BM GX5,Golden BM GX5
7806,Black Cub GN G,Black Cub GN G
7807,Black Cub GN GF,Black Cub GN GF
7808,Black Cub GN GX1,Black Cub GN GX1
7809,Black Cub GN GX2,Black Cub GN GX2
7810,Black Cub GN GX3,Black Cub GN GX3
7811,Black Cub GN GX4,Black Cub GN GX4
7812,Black Cub GN GX5,Black Cub GN GX5
7813,Rebidiora BM G,Rebidiora BM G
7814,Rebidiora BM GF,Rebidiora BM GF
7815,Rebidiora BM GX1,Rebidiora BM GX1
7816,Rebidiora BM GX2,Rebidiora BM GX2
7817,Rebidiora BM GX3,Rebidiora BM GX3
7818,Rebidiora BM GX4,Rebidiora BM GX4
7819,Rebidiora BM GX5,Rebidiora BM GX5
7820,Rebidiora GN G,Rebidiora GN G
7821,Rebidiora GN GF,Rebidiora GN GF
7822,Rebidiora GN GX1,Rebidiora GN GX1
7823,Rebidiora GN GX2,Rebidiora GN GX2
7824,Rebidiora GN GX3,Rebidiora GN GX3
7825,Rebidiora GN GX4,Rebidiora GN GX4
7826,Rebidiora GN GX5,Rebidiora GN GX5
7827,Garuga BM G,Garuga BM G
7828,Garuga BM GF,Garuga BM GF
7829,Garuga BM GX1,Garuga BM GX1
7830,Garuga BM GX2,Garuga BM GX2
7831,Garuga BM GX3,Garuga BM GX3
7832,Garuga BM GX4,Garuga BM GX4
7833,Garuga BM GX5,Garuga BM GX5
7834,Garuga GN G,Garuga GN G
7835,Garuga GN GF,Garuga GN GF
7836,Garuga GN GX1,Garuga GN GX1
7837,Garuga GN GX2,Garuga GN GX2
7838,Garuga GN GX3,Garuga GN GX3
7839,Garuga GN GX4,Garuga GN GX4
7840,Garuga GN GX5,Garuga GN GX5
7841,Akura BM G,Akura BM G
7842,Akura BM GF,Akura BM GF
7843,Akura BM GX1,Akura BM GX1
7844,Akura BM GX2,Akura BM GX2
7845,Akura BM GX3,Akura BM GX3
7846,Akura BM GX4,Akura BM GX4
7847,Akura BM GX5,Akura BM GX5
7848,Akura GN G,Akura GN G
7849,Akura GN GF,Akura GN GF
7850,Akura GN GX1,Akura GN GX1
7851,Akura GN GX2,Akura GN GX2
7852,Akura GN GX3,Akura GN GX3
7853,Akura GN GX4,Akura GN GX4
7854,Akura GN GX5,Akura GN GX5
7855,Guren BM G,Guren BM G
7856,Guren BM GF,Guren BM GF
7857,Guren BM GX1,Guren BM GX1
7858,Guren BM GX2,Guren BM GX2
7859,Guren BM GX3,Guren BM GX3
7860,Guren BM GX4,Guren BM GX4
7861,Guren BM GX5,Guren BM GX5
7862,Guren GN G,Guren GN G
7863,Guren GN GF,Guren GN GF
7864,Guren GN GX1,Guren GN GX1
7865,Guren GN GX2,Guren GN GX2
7866,Guren GN GX3,Guren GN GX3
7867,Guren GN GX4,Guren GN GX4
7868,Guren GN GX5,Guren GN GX5
7869,Inari BM G,Inari BM G
7870,Inari BM GF,Inari BM GF
7871,Inari BM GX1,Inari BM GX1
7872,Inari BM GX2,Inari BM GX2
7873,Inari BM GX3,Inari BM GX3
7874,Inari BM GX4,Inari BM GX4
7875,Inari BM GX5,Inari BM GX5
7876,Tamamo GN G,Tamamo GN G
7877,Tamamo GN GF,Tamamo GN GF
7878,Tamamo GN GX1,Tamamo GN GX1
7879,Tamamo GN GX2,Tamamo GN GX2
7880,Tamamo GN GX3,Tamamo GN GX3
7881,Tamamo GN GX4,Tamamo GN GX4
7882,Tamamo GN GX5,Tamamo GN GX5
7883,Disufiroa BM G,Disufiroa BM G
7884,Disufiroa BM GF,Disufiroa BM GF
7885,Disufiroa BM GX1,Disufiroa BM GX1
7886,Disufiroa BM GX2,Disufiroa BM GX2
7887,Disufiroa BM GX3,Disufiroa BM GX3
7888,Disufiroa BM GX4,Disufiroa BM GX4
7889,Disufiroa BM GX5,Disufiroa BM GX5
7890,Disufiroa GN G,Disufiroa GN G
7891,Disufiroa GN GF,Disufiroa GN GF
7892,Disufiroa GN GX1,Disufiroa GN GX1
7893,Disufiroa GN GX2,Disufiroa GN GX2
7894,Disufiroa GN GX3,Disufiroa GN GX3
7895,Disufiroa GN GX4,Disufiroa GN GX4
7896,Disufiroa GN GX5,Disufiroa GN GX5
7897,Shadow BM G,Shadow BM G
7898,Shadow BM GF,Shadow BM GF
7899,Shadow BM GX1,Shadow BM GX1
7900,Shadow BM GX2,Shadow BM GX2
7901,Shadow BM GX3,Shadow BM GX3
7902,Shadow BM GX4,Shadow BM GX4
7903,Shadow BM GX5,Shadow BM GX5
7904,Shade GN G,Shade GN G
7905,Shade GN GF,Shade GN GF
7906,Shade GN GX1,Shade GN GX1
7907,Shade GN GX2,Shade GN GX2
7908,Shade GN GX3,Shade GN GX3
7909,Shade GN GX4,Shade GN GX4
7910,Shade GN GX5,Shade GN GX5
7911,Roses BM GX1,Roses BM GX1
7912,Roses BM GX2,Roses BM GX2
7913,Roses BM GX3,Roses BM GX3
7914,Roses BM GX4,Roses BM GX4
7915,Roses BM GX5,Roses BM GX5
7916,Roses GN GX1,Roses GN GX1
7917,Roses GN GX2,Roses GN GX2
7918,Roses GN GX3,Roses GN GX3
7919,Roses GN GX4,Roses GN GX4
7920,Roses GN GX5,Roses GN GX5
7921,Strega BM G,Strega BM G
7922,Dummy 7922,Dummy 7922
7923,Dummy 7923,Dummy 7923
7924,Dummy 7924,Dummy 7924
7925,Dummy 7925,Dummy 7925
7926,Strega BM GF,Strega BM GF
7927,Dummy 7927,Dummy 7927
7928,Dummy 7928,Dummy 7928
7929,Dummy 7929,Dummy 7929
7930,Dummy 7930,Dummy 7930
7931,Strega BM GX1,Strega BM GX1
7932,Strega BM GX2,Strega BM GX2
7933,Strega BM GX3,Strega BM GX3
7934,Strega BM GX4,Strega BM GX4
7935,Strega BM GX5,Strega BM GX5
7936,Strega GN G,Strega GN G
7937,Dummy 7937,Dummy 7937
7938,Dummy 7938,Dummy 7938
7939,Dummy 7939,Dummy 7939
7940,Dummy 7940,Dummy 7940
7941,Strega GN GF,Strega GN GF
7942,Dummy 7942,Dummy 7942
7943,Dummy 7943,Dummy 7943
7944,Dummy 7944,Dummy 7944
7945,Dummy 7945,Dummy 7945
7946,Strega GN GX1,Strega GN GX1
7947,Strega GN GX2,Strega GN GX2
7948,Strega GN GX3,Strega GN GX3
7949,Strega GN GX4,Strega GN GX4
7950,Strega GN GX5,Strega GN GX5
7951,Gougarf BM G2,Gougarf BM G2
7952,Gougarf BM GF2,Gougarf BM GF2
7953,Gougarf GN G2,Gougarf GN G2
7954,Gougarf GN GF2,Gougarf GN GF2
7955,Shantien BM G2,Shantien BM G2
7956,Shantien BM G3,Shantien BM G3
7957,Shantien BM G4,Shantien BM G4
7958,Shantien BM G5,Shantien BM G5
7959,Shantien BM GF2,Shantien BM GF2
7960,Shantien BM GF3,Shantien BM GF3
7961,Shantien BM GF4,Shantien BM GF4
7962,Shantien BM GF5,Shantien BM GF5
7963,Shantien GN G2,Shantien GN G2
7964,Shantien GN G3,Shantien GN G3
7965,Shantien GN G4,Shantien GN G4
7966,Shantien GN G5,Shantien GN G5
7967,Shantien GN GF2,Shantien GN GF2
7968,Shantien GN GF3,Shantien GN GF3
7969,Shantien GN GF4,Shantien GN GF4
7970,Shantien GN GF5,Shantien GN GF5
7971,5k Gz Cheque,5k Gz Cheque
7972,10k Gz Cheque,10k Gz Cheque
7973,20k Gz Cheque,20k Gz Cheque
7974,30k Gz Cheque,30k Gz Cheque
7975,40k Gz Cheque,40k Gz Cheque
7976,50k Gz Cheque,50k Gz Cheque
7977,100k Gz Cheque,100k Gz Cheque
7978,ミズキの委任状,ミズキの委任状
7979,GRP Tkt (4k),ＧＲＰ票（4000）
7980,Guild Intro Letter,Guild Intro Letter
7981,GRP Tkt (20k),ＧＲＰ票（20000）
7982,Guild Commendation,Guild Commendation
7983,猟団特別推薦状,猟団特別推薦状
7984,猟団長の推薦状,猟団長の推薦状
7985,Dev.Support Tickt,Dev.Support Tickt
7986,Dax H Tkt,ダックスＨ票
7987,Dax A Tkt,ダックスＡ票
7988,Rhino S Tkt,金羽Ｓ票
7989,Rhino T Tkt,金羽Ｔ票
7990,Bugs O Tkt,バグスＯ票
7991,Bugs B Tkt,バグスＢ票
7992,セクティ生産券頭,セクティ生産券頭
7993,セクティ生産券胴,セクティ生産券胴
7994,セクティ生産券腕,セクティ生産券腕
7995,セクティ生産券腰,セクティ生産券腰
7996,セクティ生産券脚,セクティ生産券脚
7997,Roji B Tkt,ロジＢ票
7998,Grind P Tkt,研磨Ｐ票
7999,GE Regil Tkt,ＧＥレギル票
8000,GE Dore Tkt,ＧＥドーレ票
8001,Adonis R Tkt,アドニスＲ票
8002,メルガイＳ生産券,メルガイＳ生産券
8003,Nocta B Tkt,ノクタＢ票
8004,Verona M Tkt,ベローナＭ票
8005,Croix B Tkt,クロワＢ票
8006,ユエンＢ生産券,ユエンＢ生産券
8007,スタウロＳ生産券,スタウロＳ生産券
8008,ロンドゥＳ生産券,ロンドゥＳ生産券
8009,ルントＨ生産券,ルントＨ生産券
8010,Klaus H Tkt,クラウスＨ票
8011,Armor Tkt Head,防具頭票
8012,Armor Tkt Torso,防具胴票
8013,Armor Tkt Arms,防具腕票
8014,Armor Tkt Waist,防具腰票
8015,Armor Tkt Legs,防具脚票
8016,Metori Tkt Head,メトリー頭票
8017,Metori Tkt Torso,メトリー胴票
8018,Metori Tkt Arms,メトリー腕票
8019,Metori Tkt Waist,メトリー腰票
8020,Metori Tkt Legs,メトリー脚票
8021,Dummy 8021,Dummy 8021
8022,Dummy 8022,Dummy 8022
8023,Dummy 8023,Dummy 8023
8024,東光皆伝の証,東光皆伝の証
8025,西光皆伝の証,西光皆伝の証
8026,Encourage Fruit,Encourage Fruit
8027,Vitality Fruit,Vitality Fruit
8028,Red Soul Fruit,Red Soul Fruit
8029,Blue Soul Fruit,Blue Soul Fruit
8030,Shiriagari Fruit,Shiriagari Fruit
8031,Elixir of Peace,Elixir of Peace
8032,Hunting Medal,Hunting Medal
8033,Haste C. (-5s),Haste C. (-5s)
8034,Haste C. (-10s),Haste C. (-10s)
8035,Haste C. (-20s),Haste C. (-20s)
8036,Haste C. (-30s),Haste C. (-30s)
8037,Haste C. (-40s),Haste C. (-40s)
8038,Gather.C. (Min+1),Gather.C. (Min+1)
8039,Gather.C. (Min+2),Gather.C. (Min+2)
8040,Gather.C. (Min+3),Gather.C. (Min+3)
8041,Gather.C. (Max+1),Gather.C. (Max+1)
8042,Gather.C. (Max+2),Gather.C. (Max+2)
8043,Health C. (+10),Health C. (+10)
8044,Health C. (+20),Health C. (+20)
8045,Health C. (+30),Health C. (+30)
8046,Health C. (+40),Health C. (+40)
8047,Health C. (+50),Health C. (+50)
8048,Stamina C. (+10),Stamina C. (+10)
8049,Stamina C. (+20),Stamina C. (+20)
8050,Stamina C. (+30),Stamina C. (+30)
8051,Stamina C. (+40),Stamina C. (+40)
8052,Stamina C. (+50),Stamina C. (+50)
8053,Two Toned Charm,Two Toned Charm
8054,"Amulet E ""2""","Amulet E ""2"""
8055,"Amulet E ""3""","Amulet E ""3"""
8056,"Amulet E ""4""","Amulet E ""4"""
8057,"Amulet E ""5""","Amulet E ""5"""
8058,Bomb Crystal G,Bomb Crystal G
8059,Power Crystal G,強力結晶Ｇ
8060,Poison Crystal G,毒結晶Ｇ
8061,Para Crystal G,麻痺結晶Ｇ
8062,Sleep Crystal G,睡眠結晶Ｇ
8063,Inferno Crystal,煉獄結晶
8064,Tsunami Crystal,海嘯結晶
8065,Storm Crystal,嵐結晶
8066,Glacial Crystal,冰河結晶
8067,Elder D. Crystal,古龍結晶
8068,Guild Aid Proof,Guild Aid Proof
8069,Diva Song Gem,Diva Song Gem
8070,Fluffy Cake,Fluffy Cake
8071,Thick Nectar,Thick Nectar
8072,Warm Honey Tea,温暖蜜茶
8073,Small Flower Seeds,小花種子
8074,Still Life Collect,Still Life Collect
8075,Akura Poison Fur,尾晶蠍的毛
8076,Akura Lightcrystal,Akura Lightcrystal
8077,Vash. Conc Fluid,Vash. Conc Fluid
8078,B.Gravios Red Mrw,B.Gravios Red Mrw
8079,B.Gravios Fire Mrw,B.Gravios Fire Mrw
8080,B.Gravios Meld Mrw,B.Gravios Meld Mrw
8081,Black Gravios Core,黑格拉夫伊歐斯核心
8082,C.Drome Shield Scl,C.Drome Shield Scl
8083,C.Drome Indigo Scl,C.Drome Indigo Scl
8084,Cephadrome R.Scale,砂龍王的紅鱗
8085,Cephadrome Plate,砂龍王的逆鱗
8086,Gold Rathian Plate,金火龍的逆鱗
8087,Gold Rathian Ruby,Gold Rathian Ruby
8088,Velocidrome Sac,藍速龍王的袋
8089,Plesioth Bub.Gem,Plesioth Bub.Gem
8090,Berukyurosu Tears,Berukyurosu Tears
8091,Barur.Fluid Sac,噬血龍的液袋
8092,Velocidrome Scale,藍速龍王的鱗
8093,Velocidrome Fang,藍速龍王的牙
8094,Velocidrome Crest,藍速龍王的冠
8095,Velocidrome Bone,藍速龍王的骨
8096,Gendrome Scale,黄速龍王的鱗
8097,Gendrome Fang,黄速龍王的牙
8098,Gendrome Crest,黄速龍王的冠
8099,Gendrome Claw,黄速龍王的爪
8100,Iodrome Scale,紅速龍王的鱗
8101,Iodrome Bone,紅速龍王的骨
8102,Iodrome Crest,紅速龍王的冠
8103,Iodrome Fang,紅速龍王的牙
8104,Plesioth Elder Fng,Plesioth Elder Fng
8105,Plesi.Ancient Fin,Plesi.Ancient Fin
8106,Massive LobsterShl,Massive LobsterShl
8107,Plesioth T.Webbing,水龍的厚翼膜
8108,Diablos Old Shell,角龍的舊殼
8109,Blos Tempered Fng,Blos Tempered Fng
8110,Diablos Temp.Horn,角龍的暴角
8111,Blos Symmetry Horn,Blos Symmetry Horn
8112,Beru. Supreme Shl,Beru. Supreme Shl
8113,Beru. Supreme Scl,Beru. Supreme Scl
8114,Beru. Medulla,Beru. Medulla
8115,Beru Flawless Horn,舞雷龍的無瑕角
8116,C.Drome Elder Fang,C.Drome Elder Fang
8117,C.Drome Elder Fin,C.Drome Elder Fin
8118,Cephadrome G.Fin,砂龍王的偉鰭
8119,C.Drome Shiny Scl,C.Drome Shiny Scl
8120,B.Gravi Evershell,B.Gravi Evershell
8121,B.Gravi Everbone,B.Gravi Everbone
8122,B.Gravios Bulwark,B.Gravios Bulwark
8123,B.Gravios Wing,黑鎧龍的翼
8124,G.Rath Shard,金火龍的厚鱗
8125,G.Rath Cortex,金火龍的重殼
8126,G.Rath Direspike,G.Rath Direspike
8127,G.Rath Mantle,金火龍的天鱗
8128,Fatalis Cortex,黑龍的重殼
8129,Fatalis Hardhorn,黑龍的堅角
8130,Fatalis Fellwing,黑龍的剛翼
8131,Fatalis Devil Eye,Fatalis Devil Eye
8132,Fatalis Gem,黑龍的寶玉
8133,Black Drgnsphire,Black Drgnsphire
8134,Zeru Shard,輝界龍的厚鱗
8135,Zeru Cortex,輝界龍的重殼
8136,Zeru Marrow,輝界龍的骨髓
8137,Zeru Sapphire,Zeru Sapphire
8138,Zeru Lash,輝界龍的靭尾
8139,Zeru Blunt Horn,輝界龍的鈍角
8140,Zeru Light Wing,輝界龍的翼
8141,Zeru Shineclaw,輝界龍的輝爪
8142,Zeru Scale,輝界龍的鱗
8143,Zeru Shell,輝界龍的甲殼
8144,Zeru Gleam,Zeru Gleam
8145,Zeru Plate,輝界龍的逆鱗
8146,Zeru Tail,輝界龍的尾
8147,Zeru Horn,輝界龍的角
8148,Zeru Talon,Zeru Talon
8149,Zeru Claw,輝界龍的爪
8150,Baru White Hide,噬血龍的白皮
8151,Baru Purple Scale,噬血龍的紫鱗
8152,Baru Dense Fluid,噬血龍的體液
8153,Baru Blood Vessel,噬血龍的血管
8154,Baru Lash,噬血龍的靭尾
8155,Baru Thin Tentacle,Baru Thin Tentacle
8156,Baru Rainbow Fin,噬血龍的鰭
8157,Baru Thin Tongue,Baru Thin Tongue
8158,Baru Crest,噬血龍的冠
8159,Baru Blood Bag,噬血龍的血袋
8160,Baru Para Bag,Baru Para Bag
8161,Baru Poison Bag,Baru Poison Bag
8162,Baru Hide,噬血龍的皮
8163,Baru Scale,噬血龍的鱗
8164,Baru Fluid,噬血龍的體液
8165,Baru Blood,噬血龍的血
8166,Baru Tail,噬血龍的尾
8167,Baru Tentacle,Baru Tentacle
8168,Baru Fin,噬血龍的鰭
8169,Baru Tongue,Baru Tongue
8170,Baru Frill,Baru Frill
8171,Baru Blood Sac,噬血龍的袋
8172,Baru Para Sac,噬血龍的麻痺袋
8173,Baru Poison Sac,噬血龍的毒袋
8174,Baruragaru Proof,Baruragaru Proof
8175,Zerureusu Proof,Zerureusu Proof
8176,Prayer Leaves,Prayer Leaves
8177,Prayer Branch,Prayer Branch
8178,Prayer Seed,祈願種子
8179,Music Crystal,音樂結晶
8180,P Rome Tkt,Ｐ捍衛者票
8181,功猟メダル返還券,功猟メダル返還券
8182,先駆者の紋章Ⅰ,先駆者の紋章Ⅰ
8183,先駆者の紋章Ⅱ,先駆者の紋章Ⅱ
8184,先駆者の紋章Ⅲ,先駆者の紋章Ⅲ
8185,Pioneer Mark Ⅰ,Pioneer Mark Ⅰ
8186,Pioneer Mark Ⅱ,Pioneer Mark Ⅱ
8187,Pioneer Mark Ⅲ,Pioneer Mark Ⅲ
8188,Ｓリステ生産券,Ｓリステ生産券
8189,Ｇギャルド生産券,Ｇギャルド生産券
8190,E Greed Tkt,Ｅグリード票
8191,Ａジーク生産券,Ａジーク生産券
8192,Ｎスヴェア生産券,Ｎスヴェア生産券
8193,H Nade Tkt,Ｈ飛躍票
8194,BG2 Tkt・1,ＢＧ２票・１
8195,BG2 Tkt・2,ＢＧ２票・２
8196,BG2 Tkt・3,ＢＧ２票・３
8197,BG2 Tkt・4,ＢＧ２票・４
8198,BG2 Tkt・5,ＢＧ２票・５
8199,BG2 Tkt・6,ＢＧ２票・６
8200,BG2 Tkt・7,ＢＧ２票・７
8201,Torn Blueprint,Torn Blueprint
8202,Rusted File,Rusted File
8203,Vermilion Orb,Vermilion Orb
8204,Dried Giant Bone,乾燥巨大骨
8205,Phantom Cruderite,Phantom Cruderite
8206,Cracked Land,Cracked Land
8207,Crimson Stone Slab,深紅石板
8208,Black Soul Stone,黑魂石
8209,Scarlet Cloth,Scarlet Cloth
8210,Divine Stone Block,神石塊
8211,Divine C.Fabric,Divine C.Fabric
8212,Divine Gemstone,神寶石
8213,Buried Indigo Eye,Buried Indigo Eye
8214,Old Indigo Mirror,Old Indigo Mirror
8215,Rusty Indigo Blade,Rusty Indigo Blade
8216,Old Sketch,Old Sketch
8217,Old Diary,Old Diary
8218,Old Letter,Old Letter
8219,Yellow Sand Design,Yellow Sand Design
8220,Yellow Sand Screw,Yellow Sand Screw
8221,Yellow Sand Bullet,Yellow Sand Bullet
8222,Silence Graphite,Silence Graphite
8223,Awakening Red Ore,覺醒紅礦石
8224,Oblivion Iron Ore,忘卻鐵礦石
8225,Subzero Crystal,極寒結晶
8226,Lump of Blue Ice,Lump of Blue Ice
8227,Earthblessed Ore,地祝福礦石
8228,Windblessed Ore,風祝福礦石
8229,Dayblessed Ore,日祝福礦石
8230,Skyblessed Ore,天祝福礦石
8231,Abies Leaves,Abies Leaves
8232,Abies Thick Leaves,Abies Thick Leaves
8233,Abies Sharp Leaves,Abies Sharp Leaves
8234,Rare Snow Leaves,Rare Snow Leaves
8235,Zodiac Gift(Horse),Zodiac Gift(Horse)
8236,Golden Wings,Golden Wings
8237,Golden Hair,Golden Hair
8238,Golden Blessing,Golden Blessing
8239,Lovely Glasses,Lovely Glasses
8240,Colored Glasses,Colored Glasses
8241,Luxury Glasses,Luxury Glasses
8242,Blue Luxury Paint,Blue Luxury Paint
8243,Peach Luxury Paint,Peach Luxury Paint
8244,いざないの音色,いざないの音色
8245,まどわしの音色,まどわしの音色
8246,Enchanting Paint,Enchanting Paint
8247,Fresh Pickled Egg,Fresh Pickled Egg
8248,Delicious Egg,Delicious Egg
8249,Phantom Egg,Phantom Egg
8250,Sakura Ore Shard,櫻礦厚鱗
8251,Heavy Sakura Ore,重櫻礦石
8252,Sharp Sakura Ore,鋭櫻礦石
8253,Rare Sakura Ore,稀有櫻礦石
8254,Sky Soul Stone,天空魂石
8255,Wind Soul Stone,風魂石
8256,Sea Soul Stone,海魂石
8257,Cliff Soul Stone,崖魂石
8258,Earth Soul Stone,地魂石
8259,Mislaid Red Ball,Mislaid Red Ball
8260,Secret Red Ball,Secret Red Ball
8261,Abscessed Tooth,Abscessed Tooth
8262,Glossy Woodblock,Glossy Woodblock
8263,Fusarium Tooth,Fusarium Tooth
8264,Glossy Fabric,Glossy Fabric
8265,Beautiful Petals,Beautiful Petals
8266,Old Memoires,Old Memoires
8267,Noble Handkerchief,Noble Handkerchief
8268,Gentleman's Guide,Gentleman's Guide
8269,Lubricant,Lubricant
8270,Durable Spring,Durable Spring
8271,Divine Gold Powder,神聖金粉
8272,Shiny Portrait,Shiny Portrait
8273,The Phantom Play,The Phantom Play
8274,Secret of Kut-Ku,Secret of Kut-Ku
8275,Hidden Thoughts,Hidden Thoughts
8276,Confessional,Confessional
8277,Kings Mischief,Kings Mischief
8278,Record of Mischief,Record of Mischief
8279,Crimson Hair,Crimson Hair
8280,Glossy Lipstick,Glossy Lipstick
8281,Pink Suger,Pink Suger
8282,Candy Ball,Candy Ball
8283,Sign of Unity,Sign of Unity
8284,Proof of Unity,Proof of Unity
8285,Sakura Crest,櫻花冠
8286,Inner Thoughts,Inner Thoughts
8287,Evangalists Proof,Evangalists Proof
8288,Colored Horns,Colored Horns
8289,Colored Horn,彩色的角
8290,Ice and Snow Fruit,Ice and Snow Fruit
8291,Frosty Sugar Plum,Frosty Sugar Plum
8292,Shimmering Balls,Shimmering Balls
8293,Sugary ball,Sugary ball
8294,Sublime Tunes,Sublime Tunes
8295,Sweet Tunes,Sweet Tunes
8296,Strange Stone,奇妙石
8297,Strange Stick,Strange Stick
8298,Christmas Pouch,Christmas Pouch
8299,Christmas Coin,Christmas Coin
8300,Strange Coin,Strange Coin
8301,Strange Talisman,Strange Talisman
8302,Sweet Hope,Sweet Hope
8303,Sweet Love,Sweet Love
8304,Silver Box,Silver Box
8305,Gold Box,Gold Box
8306,Rag String,Rag String
8307,Rag Rope,Rag Rope
8308,Penglai Bamboo,Penglai Bamboo
8309,Longevity Bamboo,Longevity Bamboo
8310,Enchanting Letter,Enchanting Letter
8311,Strong Temptations,Strong Temptations
8312,Frozen Horn,凍結的角
8313,Large Frozen Fur,大凍結毛
8314,Thread of Passion,Thread of Passion
8315,Wing of Passion,Wing of Passion
8316,Glossy Onyxshell,Glossy Onyxshell
8317,Shiny Onyxshell,Shiny Onyxshell
8318,Sweet Season,Sweet Season
8319,Sweet Times,Sweet Times
8320,Bright String,Bright String
8321,Bright Rope,Bright Rope
8322,カルド鉱石【乱】,カルド鉱石【乱】
8323,カルド鉱石【動】,カルド鉱石【動】
8324,カルド鉱石【揺】,カルド鉱石【揺】
8325,Heavenly Jewel,赫阿夫艾恩爾伊珠
8326,Peony Jewel,佩歐恩伊珠
8327,Onion Bud Jewel,歐尼歐恩布德珠
8328,Crimson Jewel,克里姆索恩珠
8329,Porcelain Jewel,波爾克艾拉伊恩珠
8330,PA Cuff Tkt G,ＰＡ袖飾票Ｇ
8331,PB Cuff Tkt G,ＰＢ袖飾票Ｇ
8332,PC Cuff Tkt G,ＰＣ袖飾票Ｇ
8333,Raijin GS Tkt,雷神ＧＳ票
8334,Black GS Tkt,黑ＧＳ票
8335,Horn Coin,Horn Coin
8336,Crimson GS Tkt,深紅ＧＳ票
8337,White GS Tkt,白ＧＳ票
8338,Prosperity Coin,Prosperity Coin
8339,E Vang Tkt,Ｅヴァング票
8340,"Porta Ore ""Sprkl""",波爾塔礦石「閃」
8341,GTUNE Tkt,ＧＴＵＮＥ票
8342,Radius Tkt,ラディウス票
8343,Genome S Tkt,基因Ｓ票
8344,Proteo B Tkt,プロテオＢ票
8345,Spine D Tkt,スパインＤ票
8346,Naran J Tkt,ナランＪ票
8347,ガンドＳ生産券,ガンドＳ生産券
8348,ユーＳ生産券,ユーＳ生産券
8349,Sealed Sword F Tkt,封印剣Ｆ票
8350,Reverse Swrd F Tkt,リバース剣Ｆ票
8351,Fear S Tkt,フィアＳ票
8352,Vio S Tkt,ヴィオＳ票
8353,Bio S Tkt,バイオＳ票
8354,Physio S Tkt,フィジオＳ票
8355,Philodus Tkt,フィロダス票
8356,フュアコル生産券,フュアコル生産券
8357,God Rebirth Tkt,神威再臨票
8358,Second Coming Tkt,神居再臨票
8359,Jera Ⅰ Tkt,妬忌Ⅰ票
8360,Epide Ⅰ Tkt,瘟疫Ⅰ票
8361,トワルフＰ生産券,トワルフＰ生産券
8362,Deogis J Tkt,デオギスＪ票
8363,Twin Saints N Tkt,双聖Ｎ票
8364,Snake Bow N Tkt,蛇弓Ｎ票
8365,Grace SA1,恩寵ＳＡ１
8366,Edgemaster SA1,劍術ＳＡ１
8367,Critical Shot SA1,彈道強化ＳＡ１
8368,Three Worlds SA1,三界ＳＡ１
8369,Charge Attack SA1,蓄力攻撃ＳＡ１
8370,Bullet Saver SA1,節約彈藥ＳＡ１
8371,Movement Speed SA1,移動速度ＳＡ１
8372,Reinforcement SA1,強化再生ＳＡ１
8373,Vampirism SA1,吸血ＳＡ１
8374,Adaptation SA1,適應ＳＡ１
8375,Dark Pulse SA1,闇脈動ＳＡ１
8376,Evade Distance SA1,迴避距離ＳＡ１
8377,Herbal Science SA1,藥草學ＳＡ１
8378,Compensation SB1,補正ＳＢ１
8379,Compensation SB2,補正ＳＢ２
8380,Compensation SB3,補正ＳＢ３
8381,Compensation SB4,補正ＳＢ４
8382,Steady Hand SB1,穩定手ＳＢ１
8383,Steady Hand SB2,穩定手ＳＢ２
8384,Steady Hand SB3,穩定手ＳＢ３
8385,Steady Hand SB4,穩定手ＳＢ４
8386,Shiriagari SB1,後勁ＳＢ１
8387,Shiriagari SB2,後勁ＳＢ２
8388,Shiriagari SB3,後勁ＳＢ３
8389,Shiriagari SB4,後勁ＳＢ４
8390,Compensation SC1,補正ＳＣ１
8391,Compensation SC2,補正ＳＣ２
8392,Steady Hand SC1,穩定手ＳＣ１
8393,Steady Hand SC2,穩定手ＳＣ２
8394,Shiriagari SC1,後勁ＳＣ１
8395,Shiriagari SC2,後勁ＳＣ２
8396,Crystal Res SC1,結晶耐性ＳＣ１
8397,Magnetic Res SC1,磁気耐性ＳＣ１
8398,Issen PA1,一閃ＰＡ１
8399,Issen PA2,一閃ＰＡ２
8400,Strong Attack PA1,剛撃ＰＡ１
8401,Strong Attack PA2,剛撃ＰＡ２
8402,Three Worlds PA1,三界ＰＡ１
8403,Three Worlds PA2,三界ＰＡ２
8404,Rage PA1,憤怒ＰＡ１
8405,Rage PA2,憤怒ＰＡ２
8406,Reinforcement PA1,強化再生ＰＡ１
8407,Reinforcement PA2,強化再生ＰＡ２
8408,Encourage PB1,激勵ＰＢ１
8409,Encourage PB2,激勵ＰＢ２
8410,Encourage PB3,激勵ＰＢ３
8411,Encourage PB4,激勵ＰＢ４
8412,Steady Hand PB1,穩定手ＰＢ１
8413,Steady Hand PB2,穩定手ＰＢ２
8414,Steady Hand PB3,穩定手ＰＢ３
8415,Steady Hand PB4,穩定手ＰＢ４
8416,Combo Expert PB1,連撃達人ＰＢ１
8417,Combo Expert PB2,連撃達人ＰＢ２
8418,Combo Expert PB3,連撃達人ＰＢ３
8419,Combo Expert PB4,連撃達人ＰＢ４
8420,Mounting PB1,騎乘ＰＢ１
8421,Mounting PB2,騎乘ＰＢ２
8422,Mounting PB3,騎乘ＰＢ３
8423,Mounting PB4,騎乘ＰＢ４
8424,Shiriagari PB1,後勁ＰＢ１
8425,Shiriagari PB2,後勁ＰＢ２
8426,Shiriagari PB3,後勁ＰＢ３
8427,Shiriagari PB4,後勁ＰＢ４
8428,Lone Wolf PC1,孤狼ＰＣ１
8429,Lone Wolf PC2,孤狼ＰＣ２
8430,Lone Wolf PC3,孤狼ＰＣ３
8431,Lone Wolf PC4,孤狼ＰＣ４
8432,Lone Wolf PC5,孤狼ＰＣ５
8433,Iron Arm PC1,鐵腕ＰＣ１
8434,Iron Arm PC2,鐵腕ＰＣ２
8435,Iron Arm PC3,鐵腕ＰＣ３
8436,Iron Arm PC4,鐵腕ＰＣ４
8437,Iron Arm PC5,鐵腕ＰＣ５
8438,Breeder PC1,飼育ＰＣ１
8439,Breeder PC2,飼育ＰＣ２
8440,Breeder PC3,飼育ＰＣ３
8441,Breeder PC4,飼育ＰＣ４
8442,Breeder PC5,飼育ＰＣ５
8443,Survivor PC1,倖存者ＰＣ１
8444,Survivor PC2,倖存者ＰＣ２
8445,Survivor PC3,倖存者ＰＣ３
8446,Survivor PC4,倖存者ＰＣ４
8447,Survivor PC5,倖存者ＰＣ５
8448,Vitality PC1,體質ＰＣ１
8449,Vitality PC2,體質ＰＣ２
8450,Vitality PC3,體質ＰＣ３
8451,Vitality PC4,體質ＰＣ４
8452,Vitality PC5,體質ＰＣ５
8453,Relief PC1,救済ＰＣ１
8454,Relief PC2,救済ＰＣ２
8455,Relief PC3,救済ＰＣ３
8456,Relief PC4,救済ＰＣ４
8457,Relief PC5,救済ＰＣ５
8458,Sobriety PC1,節制ＰＣ１
8459,Sobriety PC2,節制ＰＣ２
8460,Sobriety PC3,節制ＰＣ３
8461,Sobriety PC4,節制ＰＣ４
8462,Sobriety PC5,節制ＰＣ５
8463,Crystal Res PC1,結晶耐性ＰＣ１
8464,Crystal Res PC2,結晶耐性ＰＣ２
8465,Crystal Res PC3,結晶耐性ＰＣ３
8466,Crystal Res PC4,結晶耐性ＰＣ４
8467,Crystal Res PC5,結晶耐性ＰＣ５
8468,Magnetic Res PC1,磁気耐性ＰＣ１
8469,Magnetic Res PC2,磁気耐性ＰＣ２
8470,Magnetic Res PC3,磁気耐性ＰＣ３
8471,Magnetic Res PC4,磁気耐性ＰＣ４
8472,Magnetic Res PC5,磁気耐性ＰＣ５
8473,Light Tread PC1,軽足ＰＣ１
8474,Light Tread PC2,軽足ＰＣ２
8475,Light Tread PC3,軽足ＰＣ３
8476,Light Tread PC4,軽足ＰＣ４
8477,Light Tread PC5,軽足ＰＣ５
8478,Solemn Box,Solemn Box
8479,Holdfast Sap,Holdfast Sap
8480,Beauty Fruit,Beauty Fruit
8481,Suspicious Fangs,Suspicious Fangs
8482,Novy Tkt Head,ノヴィー頭票
8483,Novy Tkt Torso,ノヴィー胴票
8484,Novy Tkt Arms,ノヴィー腕票
8485,Novy Tkt Waist,ノヴィー腰票
8486,Novy Tkt Legs,ノヴィー脚票
8487,Dummy 8487,Dummy 8487
8488,Dummy 8488,Dummy 8488
8489,Dummy 8489,Dummy 8489
8490,Dummy 8490,Dummy 8490
8491,Dummy 8491,Dummy 8491
8492,リグイ生産券頭,リグイ生産券頭
8493,リグイ生産券胴,リグイ生産券胴
8494,リグイ生産券腕,リグイ生産券腕
8495,リグイ生産券腰,リグイ生産券腰
8496,リグイ生産券脚,リグイ生産券脚
8497,Dummy 8497,Dummy 8497
8498,Dummy 8498,Dummy 8498
8499,Dummy 8499,Dummy 8499
8500,Dummy 8500,Dummy 8500
8501,Dummy 8501,Dummy 8501
8502,FE Awaken Tkt (H),ＦＥ覚醒頭票
8503,FE Awaken Tkt (C),ＦＥ覚醒胴票
8504,FE Awaken Tkt (A),ＦＥ覚醒腕票
8505,FE Awaken Tkt (W),ＦＥ覚醒腰票
8506,FE Awaken Tkt (L),ＦＥ覚醒脚票
8507,DMC Head Tkt,ＤＭＣ頭票
8508,DMC Chest Tkt,ＤＭＣ胴票
8509,DMC Arms Tkt,ＤＭＣ腕票
8510,DMC Waist Tkt,ＤＭＣ腰票
8511,DMC Legs Tkt,ＤＭＣ脚票
8512,Gelt Head Tkt,強獸神頭票
8513,Gelt Chest Tkt,強獸神胴票
8514,Gelt Arms Tkt,強獸神腕票
8515,Gelt Waist Tkt,強獸神腰票
8516,Gelt Legs Tkt,強獸神脚票
8517,Genome Tkt Head,基因頭票
8518,Genome Tkt Torso,基因胴票
8519,Genome Tkt Arms,基因腕票
8520,Genome Tkt Waist,基因腰票
8521,Genome Tkt Legs,基因脚票
8522,Devol Tkt Head,デボル頭票
8523,Devol Tkt Torso,デボル胴票
8524,Devol Tkt Arms,デボル腕票
8525,Devol Tkt Waist,デボル腰票
8526,Devol Tkt Legs,デボル脚票
8527,SFCP Tkt Head,ＳＦＣＰ頭票
8528,SFCP Tkt Torso,ＳＦＣＰ胴票
8529,SFCP Tkt Arms,ＳＦＣＰ腕票
8530,SFCP Tkt Waist,ＳＦＣＰ腰票
8531,SFCP Tkt Legs,ＳＦＣＰ脚票
8532,VⅡ Tkt Head,ＶⅡ頭票
8533,VⅡ Tkt Torso,ＶⅡ胴票
8534,VⅡ Tkt Arms,ＶⅡ腕票
8535,VⅡ Tkt Waist,ＶⅡ腰票
8536,VⅡ Tkt Legs,ＶⅡ脚票
8537,Saber Tkt Head,セイバー頭票
8538,Saber Tkt Torso,セイバー胴票
8539,Saber Tkt Arms,セイバー腕票
8540,Saber Tkt Waist,セイバー腰票
8541,Saber Tkt Legs,セイバー脚票
8542,ルワジュ生産券頭,ルワジュ生産券頭
8543,ルワジュ生産券胴,ルワジュ生産券胴
8544,ルワジュ生産券腕,ルワジュ生産券腕
8545,ルワジュ生産券腰,ルワジュ生産券腰
8546,ルワジュ生産券脚,ルワジュ生産券脚
8547,ノメル生産券頭,ノメル生産券頭
8548,ノメル生産券胴,ノメル生産券胴
8549,ノメル生産券腕,ノメル生産券腕
8550,ノメル生産券腰,ノメル生産券腰
8551,ノメル生産券脚,ノメル生産券脚
8552,Fate Ⅱ Tkt Head,フェイトⅡ頭票
8553,Fate Ⅱ Tkt Torso,フェイトⅡ胴票
8554,Fate Ⅱ Tkt Arms,フェイトⅡ腕票
8555,Fate Ⅱ Tkt Waist,フェイトⅡ腰票
8556,Fate Ⅱ Tkt Legs,フェイトⅡ脚票
8557,Rebellion Tkt,反逆之劍票
8558,R Kai Tkt,Ｒ改票
8559,Jela Ⅱ Tkt,妬忌Ⅱ票
8560,Epide Ⅱ Tkt,瘟疫Ⅱ票
8561,Jela Ⅲ Tkt,妬忌Ⅲ票
8562,Epide Ⅲ Tkt,瘟疫Ⅲ票
8563,Jela Ⅳ Tkt,妬忌Ⅳ票
8564,Epide Ⅳ Tkt,瘟疫Ⅳ票
8565,Jela Ⅴ Tkt,妬忌Ⅴ票
8566,Epide Ⅴ Tkt,瘟疫Ⅴ票
8567,Veloci BM G,Veloci BM G
8568,Veloci BM GF,Veloci BM GF
8569,Veloci BM GX1,Veloci BM GX1
8570,Veloci BM GX2,Veloci BM GX2
8571,Veloci BM GX3,Veloci BM GX3
8572,Veloci BM GX4,Veloci BM GX4
8573,Veloci BM GX5,Veloci BM GX5
8574,Veloci GN G,Veloci GN G
8575,Veloci GN GF,Veloci GN GF
8576,Veloci GN GX1,Veloci GN GX1
8577,Veloci GN GX2,Veloci GN GX2
8578,Veloci GN GX3,Veloci GN GX3
8579,Veloci GN GX4,Veloci GN GX4
8580,Veloci GN GX5,Veloci GN GX5
8581,Io BM G,Io BM G
8582,Io BM GF,Io BM GF
8583,Io BM GX1,Io BM GX1
8584,Io BM GX2,Io BM GX2
8585,Io BM GX3,Io BM GX3
8586,Io BM GX4,Io BM GX4
8587,Io BM GX5,Io BM GX5
8588,Io GN G,Io GN G
8589,Io GN GF,Io GN GF
8590,Io GN GX1,Io GN GX1
8591,Io GN GX2,Io GN GX2
8592,Io GN GX3,Io GN GX3
8593,Io GN GX4,Io GN GX4
8594,Io GN GX5,Io GN GX5
8595,Gen BM G,Gen BM G
8596,Gen BM GF,Gen BM GF
8597,Gen BM GX1,Gen BM GX1
8598,Gen BM GX2,Gen BM GX2
8599,Gen BM GX3,Gen BM GX3
8600,Gen BM GX4,Gen BM GX4
8601,Gen BM GX5,Gen BM GX5
8602,Gen GN G,Gen GN G
8603,Gen GN GF,Gen GN GF
8604,Gen GN GX1,Gen GN GX1
8605,Gen GN GX2,Gen GN GX2
8606,Gen GN GX3,Gen GN GX3
8607,Gen GN GX4,Gen GN GX4
8608,Gen GN GX5,Gen GN GX5
8609,Cepha BM G,Cepha BM G
8610,Cepha BM GF,Cepha BM GF
8611,Cepha BM GX1,Cepha BM GX1
8612,Cepha BM GX2,Cepha BM GX2
8613,Cepha BM GX3,Cepha BM GX3
8614,Cepha BM GX4,Cepha BM GX4
8615,Cepha BM GX5,Cepha BM GX5
8616,Cepha GN G,Cepha GN G
8617,Cepha GN GF,Cepha GN GF
8618,Cepha GN GX1,Cepha GN GX1
8619,Cepha GN GX2,Cepha GN GX2
8620,Cepha GN GX3,Cepha GN GX3
8621,Cepha GN GX4,Cepha GN GX4
8622,Cepha GN GX5,Cepha GN GX5
8623,Diablos BM G,Diablos BM G
8624,Diablos BM GF,Diablos BM GF
8625,Diablos BM GX1,Diablos BM GX1
8626,Diablos BM GX2,Diablos BM GX2
8627,Diablos BM GX3,Diablos BM GX3
8628,Diablos BM GX4,Diablos BM GX4
8629,Diablos BM GX5,Diablos BM GX5
8630,Diablos GN G,Diablos GN G
8631,Diablos GN GF,Diablos GN GF
8632,Diablos GN GX1,Diablos GN GX1
8633,Diablos GN GX2,Diablos GN GX2
8634,Diablos GN GX3,Diablos GN GX3
8635,Diablos GN GX4,Diablos GN GX4
8636,Diablos GN GX5,Diablos GN GX5
8637,Plesioth BM G,Plesioth BM G
8638,Plesioth BM GF,Plesioth BM GF
8639,Plesioth BM GX1,Plesioth BM GX1
8640,Plesioth BM GX2,Plesioth BM GX2
8641,Plesioth BM GX3,Plesioth BM GX3
8642,Plesioth BM GX4,Plesioth BM GX4
8643,Plesioth BM GX5,Plesioth BM GX5
8644,Plesioth GN G,Plesioth GN G
8645,Plesioth GN GF,Plesioth GN GF
8646,Plesioth GN GX1,Plesioth GN GX1
8647,Plesioth GN GX2,Plesioth GN GX2
8648,Plesioth GN GX3,Plesioth GN GX3
8649,Plesioth GN GX4,Plesioth GN GX4
8650,Plesioth GN GX5,Plesioth GN GX5
8651,Beru BM G,Beru BM G
8652,Beru BM GF,Beru BM GF
8653,Beru BM GX1,Beru BM GX1
8654,Beru BM GX2,Beru BM GX2
8655,Beru BM GX3,Beru BM GX3
8656,Beru BM GX4,Beru BM GX4
8657,Beru BM GX5,Beru BM GX5
8658,Beru GN G,Beru GN G
8659,Beru GN GF,Beru GN GF
8660,Beru GN GX1,Beru GN GX1
8661,Beru GN GX2,Beru GN GX2
8662,Beru GN GX3,Beru GN GX3
8663,Beru GN GX4,Beru GN GX4
8664,Beru GN GX5,Beru GN GX5
8665,Blk Gravios BM G,Blk Gravios BM G
8666,Blk Gravios BM GF,Blk Gravios BM GF
8667,Blk Gravios BM GX1,Blk Gravios BM GX1
8668,Blk Gravios BM GX2,Blk Gravios BM GX2
8669,Blk Gravios BM GX3,Blk Gravios BM GX3
8670,Blk Gravios BM GX4,Blk Gravios BM GX4
8671,Blk Gravios BM GX5,Blk Gravios BM GX5
8672,Blk Gravios GN G,Blk Gravios GN G
8673,Blk Gravios GN GF,Blk Gravios GN GF
8674,Blk Gravios GN GX1,Blk Gravios GN GX1
8675,Blk Gravios GN GX2,Blk Gravios GN GX2
8676,Blk Gravios GN GX3,Blk Gravios GN GX3
8677,Blk Gravios GN GX4,Blk Gravios GN GX4
8678,Blk Gravios GN GX5,Blk Gravios GN GX5
8679,Lune BM G,Lune BM G
8680,Lune BM GF,Lune BM GF
8681,Lune BM GX1,Lune BM GX1
8682,Lune BM GX2,Lune BM GX2
8683,Lune BM GX3,Lune BM GX3
8684,Lune BM GX4,Lune BM GX4
8685,Lune BM GX5,Lune BM GX5
8686,Lune GN G,Lune GN G
8687,Lune GN GF,Lune GN GF
8688,Lune GN GX1,Lune GN GX1
8689,Lune GN GX2,Lune GN GX2
8690,Lune GN GX3,Lune GN GX3
8691,Lune GN GX4,Lune GN GX4
8692,Lune GN GX5,Lune GN GX5
8693,Plunder BM G,Plunder BM G
8694,Plunder BM GF,Plunder BM GF
8695,Plunder BM GX1,Plunder BM GX1
8696,Plunder BM GX2,Plunder BM GX2
8697,Plunder BM GX3,Plunder BM GX3
8698,Plunder BM GX4,Plunder BM GX4
8699,Plunder BM GX5,Plunder BM GX5
8700,Plunder GN G,Plunder GN G
8701,Plunder GN GF,Plunder GN GF
8702,Plunder GN GX1,Plunder GN GX1
8703,Plunder GN GX2,Plunder GN GX2
8704,Plunder GN GX3,Plunder GN GX3
8705,Plunder GN GX4,Plunder GN GX4
8706,Plunder GN GX5,Plunder GN GX5
8707,Dragon BM G,Dragon BM G
8708,Dragon BM GF,Dragon BM GF
8709,Dragon BM GX1,Dragon BM GX1
8710,Dragon BM GX2,Dragon BM GX2
8711,Dragon BM GX3,Dragon BM GX3
8712,Dragon BM GX4,Dragon BM GX4
8713,Dragon BM GX5,Dragon BM GX5
8714,Dragon GN G,Dragon GN G
8715,Dragon GN GF,Dragon GN GF
8716,Dragon GN GX1,Dragon GN GX1
8717,Dragon GN GX2,Dragon GN GX2
8718,Dragon GN GX3,Dragon GN GX3
8719,Dragon GN GX4,Dragon GN GX4
8720,Dragon GN GX5,Dragon GN GX5
8721,Higakure BM G,Higakure BM G
8722,Higakure BM GF,Higakure BM GF
8723,Higakure BM GX1,Higakure BM GX1
8724,Higakure BM GX2,Higakure BM GX2
8725,Higakure BM GX3,Higakure BM GX3
8726,Higakure BM GX4,Higakure BM GX4
8727,Higakure BM GX5,Higakure BM GX5
8728,Higakure GN G,Higakure GN G
8729,Higakure GN GF,Higakure GN GF
8730,Higakure GN GX1,Higakure GN GX1
8731,Higakure GN GX2,Higakure GN GX2
8732,Higakure GN GX3,Higakure GN GX3
8733,Higakure GN GX4,Higakure GN GX4
8734,Higakure GN GX5,Higakure GN GX5
8735,Konseru BM G,Konseru BM G
8736,Konseru BM GF,Konseru BM GF
8737,Konseru BM GX1,Konseru BM GX1
8738,Konseru BM GX2,Konseru BM GX2
8739,Konseru BM GX3,Konseru BM GX3
8740,Konseru BM GX4,Konseru BM GX4
8741,Konseru BM GX5,Konseru BM GX5
8742,Konseru GN G,Konseru GN G
8743,Konseru GN GF,Konseru GN GF
8744,Konseru GN GX1,Konseru GN GX1
8745,Konseru GN GX2,Konseru GN GX2
8746,Konseru GN GX3,Konseru GN GX3
8747,Konseru GN GX4,Konseru GN GX4
8748,Konseru GN GX5,Konseru GN GX5
8749,Diru BM G,Diru BM G
8750,Diru BM GF,Diru BM GF
8751,Diru BM GX1,Diru BM GX1
8752,Diru BM GX2,Diru BM GX2
8753,Diru BM GX3,Diru BM GX3
8754,Diru BM GX4,Diru BM GX4
8755,Diru BM GX5,Diru BM GX5
8756,Diru GN G,Diru GN G
8757,Diru GN GF,Diru GN GF
8758,Diru GN GX1,Diru GN GX1
8759,Diru GN GX2,Diru GN GX2
8760,Diru GN GX3,Diru GN GX3
8761,Diru GN GX4,Diru GN GX4
8762,Diru GN GX5,Diru GN GX5
8763,Fire Atk Deco,Fire Atk Deco
8764,Water Atk Deco,Water Atk Deco
8765,Thunder Atk Deco,Thunder Atk Deco
8766,Ice Atk Deco,Ice Atk Deco
8767,Dragon Atk Deco,Dragon Atk Deco
8768,Fire Sword Deco,Fire Sword Deco
8769,Water Sword Deco,Water Sword Deco
8770,Thunder Sword Deco,Thunder Sword Deco
8771,Ice Sword Deco,Ice Sword Deco
8772,Dragon Sword Deco,Dragon Sword Deco
8773,Fencing G,Fencing G
8774,Focus G,Focus G
8775,Status Res G,Status Res G
8776,Recoil G,Recoil G
8777,Fasting G,Fasting G
8778,Divergence I Tkt,分岐Ⅰ票
8779,D.Divergence I Tkt,Ｄ分岐Ⅰ票
8780,Unsigned Ⅰ Tkt,無銘Ⅰ票
8781,Unsigned B. Ⅰ Tkt,無銘黒Ⅰ票
8782,10P Poogie Tkt,10Ｐ波奇票
8783,30P Poogie Tkt,30Ｐ波奇票
8784,First Type Tkt,壹式票
8785,Second Type Tkt,貳式票
8786,壱式千成生産券,壱式千成生産券
8787,弐式千成生産券,弐式千成生産券
8788,Proof Tkt,証票
8789,レプティ生産券,レプティ生産券
8790,Itasis Tkt,イタシス票
8791,Epigauss Tkt,エピガウス票
8792,1st Prosperity Tkt,壹式繁榮票
8793,2nd Prosperity Tkt,貳式繁榮票
8794,ルオルティ生産券,ルオルティ生産券
8795,Ageros Tkt,アゲロス票
8796,Jela Ⅵ Tkt,妬忌Ⅵ票
8797,Epide Ⅵ Tkt,瘟疫Ⅵ票
8798,Nadel C Tkt,刺針Ｃ票
8799,Nadel L Tkt,刺針Ｌ票
8800,Alia L Tkt,アリアＬ票
8801,Tomen L Tkt,トメンＬ票
8802,SR Hiden Stone,SR Hiden Stone
8803,Kaera A Tkt,至愛Ａ票
8804,ジルＡ生産券,ジルＡ生産券
8805,Tetsugi B Tkt,傳承Ｂ票
8806,Dollar B Tkt,歳月Ｂ票
8807,Neko Blast 4G Tkt,猫爆裂４Ｇ票
8808,Neko B.Samurai Tkt,猫侍票
8809,Neko B.Land Tkt,猫陸票
8810,Neko Blast 4S Tkt,猫爆裂４Ｓ票
8811,Neko B.Ninja Tkt,猫忍者票
8812,Neko B. Earth Tkt,猫大地票
8813,Arcus C Tkt,弓弩Ｃ票
8814,Puerta C Tkt,隘口Ｃ票
8815,Arcus S Tkt,弓弩Ｓ票
8816,Puerta S Tkt,隘口Ｓ票
8817,シュッド生産券,シュッド生産券
8818,ヴェスト生産券,ヴェスト生産券
8819,メリーディ生産券,メリーディ生産券
8820,I Aria Tkt,Ｉアリア票
8821,I Bank Tkt,Ｉバンク票
8822,S Aria Tkt,Ｓアリア票
8823,S Bank Tkt,Ｓバンク票
8824,パートル生産券,パートル生産券
8825,Safir Tkt,藍寶石票
8826,Ruby Tkt,紅寶石票
8827,オーパロ生産券,オーパロ生産券
8828,Ｄメレーナ生産券,Ｄメレーナ生産券
8829,Reve T Tkt,睡夢Ｔ票
8830,Avril Tkt,四月票
8831,Eunius Tkt,五月票
8832,Desemble Tkt,十二月票
8833,June Tkt,六月票
8834,D Shane Tkt,Ｄ綻華票
8835,Bell T Tkt,地獄Ｔ票
8836,Charmant Tkt,魅力票
8837,クルール生産券,クルール生産券
8838,Hunting Miracle,Hunting Miracle
8839,Grace Smoke,優雅煙霧
8840,Sky S Tkt,スカイＳ票
8841,Shall S Tkt,シャルＳ票
8842,V Gardo Tkt,Ｖ架勢票
8843,B Gardo Tkt,Ｂ架勢票
8844,P Fiaro Tkt,Ｐ艶紫票
8845,P Baiso,P Baiso
8846,Mera Scale,黒穿龍的鱗
8847,Mera Shell,黒穿龍的甲殼
8848,Mera Spike,黒穿龍的棘
8849,Mera Jewel,梅拉珠
8850,Mera Tail Spike,黒穿龍的棘
8851,Mera Horn,黒穿龍的角
8852,Mera Fluid,黒穿龍的體液
8853,Mera Shard,黒穿龍的厚鱗
8854,Mera Cortex,黒穿龍的重殼
8855,Mera Surespike,黒穿龍的必中棘
8856,Mera Onyx Stone,梅拉縞瑪瑙石
8857,Mera Tail,黒穿龍的尾
8858,Mera Bladehorn,黒穿龍的刃角
8859,Mera Blood,黒穿龍的血
8860,Mera Proof,Mera Proof
8861,Ｐゼスカル生産券,Ｐゼスカル生産券
8862,Ｆゼスカル生産券,Ｆゼスカル生産券
8863,Ｄゼスカル生産券,Ｄゼスカル生産券
8864,Ａゼスカル生産券,Ａゼスカル生産券
8865,Ｍゼスカル生産券,Ｍゼスカル生産券
8866,Ｇゼスカル生産券,Ｇゼスカル生産券
8867,Ｂゼスカル生産券,Ｂゼスカル生産券
8868,Ｐフェジカ生産券,Ｐフェジカ生産券
8869,Ｆフェジカ生産券,Ｆフェジカ生産券
8870,Ｄフェジカ生産券,Ｄフェジカ生産券
8871,Ａフェジカ生産券,Ａフェジカ生産券
8872,Ｍフェジカ生産券,Ｍフェジカ生産券
8873,Ｇフェジカ生産券,Ｇフェジカ生産券
8874,Ｂフェジカ生産券,Ｂフェジカ生産券
8875,ギップル生産券,ギップル生産券
8876,モォーギル生産券,モォーギル生産券
8877,Relic M Tkt,骨董Ｍ票
8878,Relic E Tkt,骨董Ｅ票
8879,ユニカムＴ生産券,ユニカムＴ生産券
8880,イクロムＷ生産券,イクロムＷ生産券
8881,Megadeath L Tkt,超死神Ｌ票
8882,Echidna M Tkt,毒蛇Ｍ票
8883,Dora Glass Scale,冥雷龍的玻璃鱗
8884,Dora Gleam Scale,冥雷龍的微光鱗
8885,Dora Murder Scale,冥雷龍的殺鱗
8886,Black Crystal Pin,黑結晶針
8887,Black Radiant Pin,Black Radiant Pin
8888,Red Phantom Pin,Red Phantom Pin
8889,Premium Sigil Tkt,特別紋章票
8890,F.Pink Sigil Tkt,ＦＰ紋章票
8891,Cellobi Tkt,セロビ票
8892,Scarecrow Ticket,稻草人票
8893,Sharq Tkt,鯊魚票
8894,Fukibuki Teapot,Fukibuki Teapot
8895,Yukumo Ticket,ユクモ票
8896,Zyra Head Tkt,ジーラ頭票
8897,Zyra Torso Tkt,ジーラ胴票
8898,Zyra Arms Tkt,ジーラ腕票
8899,Zyra Waist Tkt,ジーラ腰票
8900,Zyra Legs Tkt,ジーラ脚票
8901,Carrol Head,Carrol Head
8902,Carrol Chest,Carrol Chest
8903,Carrol Arms,Carrol Arms
8904,Carrol Waist,Carrol Waist
8905,Carrol Legs,Carrol Legs
8906,Serena Tkt Head,劍客頭票
8907,Serena Tkt Torso,劍客胴票
8908,Serena Tkt Arms,劍客腕票
8909,Serena Tkt Waist,劍客腰票
8910,Serena Tkt Legs,劍客脚票
8911,History Tkt Head,百年戰記頭票
8912,History Tkt Torso,百年戰記胴票
8913,History Tkt Arms,百年戰記腕票
8914,History Tkt Waist,百年戰記腰票
8915,History Tkt Legs,百年戰記脚票
8916,Steel Flower Ore,鋼花礦石
8917,Jewel Beetle Gem,Jewel Beetle Gem
8918,Caramel Beetle,焦糖甲蟲
8919,Kusadango,Kusadango
8920,Taihoukazura,Taihoukazura
8921,Kinushimeji,Kinushimeji
8922,Cutthroat Fish,割喉魚
8923,Amber Ore,琥珀礦石
8924,Grease Stone,油石
8925,Atarkanite,Atarkanite
8926,Blk Swallowtail,Blk Swallowtail
8927,Kusumino Insect,Kusumino Insect
8928,Wyvernjaw Bee,Wyvernjaw Bee
8929,Cryptic Locust,Cryptic Locust
8930,Butterfly Lily,蝴蝶百合
8931,Wind Up Grass,風上草
8932,Steel Wool,Steel Wool
8933,Toro Pulp,Toro Pulp
8934,Gorgeous Koi,Gorgeous Koi
8935,Pallone's Wisdom,Pallone's Wisdom
8936,Caravan Moon Box,Caravan Moon Box
8937,East's Gratitude,East's Gratitude
8938,North's Gratitude,North's Gratitude
8939,West's Gratitude,West's Gratitude
8940,Miracle Herb,奇跡草
8941,Rainbow Mint,Rainbow Mint
8942,Onion Sticks,Onion Sticks
8943,Bright Grain,Bright Grain
8944,Millennium Peach,Millennium Peach
8945,Monochrome Shroom,單色菇
8946,Iron Cannon Fish,鐵炮魚
8947,South's Gratitude,South's Gratitude
8948,East's Heart,東方的心臟
8949,Star Pineapple,Star Pineapple
8950,North's Heart,北方的心臟
8951,Ancient Algae,Ancient Algae
8952,West's Heart,西方的心臟
8953,Snow Kiwi,Snow Kiwi
8954,South's Heart,南方的心臟
8955,Goemon Frog,Goemon Frog
8956,Magma Mango,Magma Mango
8957,Bicolour Skimmer,Bicolour Skimmer
8958,Dummy 8958,Dummy 8958
8959,Ravenous Clam,Ravenous Clam
8960,Deep Sea Chub,Deep Sea Chub
8961,Lava King Crab,Lava King Crab
8962,Arctic Salmon,Arctic Salmon
8963,Golden Coin G,Golden Coin G
8964,Trial Coin G,Trial Coin G
8965,Aniv. Memory Coin,Aniv. Memory Coin
8966,Gacha Lucky Charm,Gacha Lucky Charm
8967,Acid Pepper,酸椒
8968,Snow Powder,雪粉末
8969,Wabisabi Wasabi,Wabisabi Wasabi
8970,Dangerous Melon,Dangerous Melon
8971,Dummy 8971,Dummy 8971
8972,Mimic Vines,Mimic Vines
8973,Demon Pepper,鬼椒
8974,Dummy 8974,Dummy 8974
8975,Dummy 8975,Dummy 8975
8976,Dummy 8976,Dummy 8976
8977,Dummy 8977,Dummy 8977
8978,Ultra Vanilla Bean,Ultra Vanilla Bean
8979,SnS Merit Low,SnS Merit Low
8980,SnS Merit Mid,SnS Merit Mid
8981,SnS Merit High,SnS Merit High
8982,DS Merit Low,DS Merit Low
8983,DS Merit Mid,DS Merit Mid
8984,DS Merit High,DS Merit High
8985,GS Merit Low,GS Merit Low
8986,GS Merit Mid,GS Merit Mid
8987,GS Merit High,GS Merit High
8988,LS Merit Low,LS Merit Low
8989,LS Merit Mid,LS Merit Mid
8990,LS Merit High,LS Merit High
8991,Hammer Merit L,Hammer Merit L
8992,Hammer Merit M,Hammer Merit M
8993,Hammer Merit H,Hammer Merit H
8994,HH Merit Low,HH Merit Low
8995,HH Merit Mid,HH Merit Mid
8996,HH Merit High,HH Merit High
8997,Lance Merit Low,Lance Merit Low
8998,Lance Merit Mid,Lance Merit Mid
8999,Lance Merit High,Lance Merit High
9000,GL Merit Low,GL Merit Low
9001,GL Merit Mid,GL Merit Mid
9002,GL Merit High,GL Merit High
9003,Tonfa Merit L,Tonfa Merit L
9004,Tonfa Merit M,Tonfa Merit M
9005,Tonfa Merit H,Tonfa Merit H
9006,HBG Merit Low,HBG Merit Low
9007,HBG Merit Mid,HBG Merit Mid
9008,HBG Merit High,HBG Merit High
9009,LBG Merit Low,LBG Merit Low
9010,LBG Merit Mid,LBG Merit Mid
9011,LBG Merit High,LBG Merit High
9012,Bow Merit Low,Bow Merit Low
9013,Bow Merit Mid,Bow Merit Mid
9014,Bow Merit High,Bow Merit High
9015,Maka Ore,馬可礦石
9016,Silver Crystal,銀結晶
9017,Golden Crystal,黄金結晶
9018,Tonfa Soul Low,Tonfa Soul Low
9019,Tonfa Soul Mid,Tonfa Soul Mid
9020,Tonfa Soul High,Tonfa Soul High
9021,Tonfa Soul Top,Tonfa Soul Top
9022,Tonfa Ribbon Low,Tonfa Ribbon Low
9023,Tonfa Ribbon Mid,Tonfa Ribbon Mid
9024,Tonfa Ribbon High,Tonfa Ribbon High
9025,Kamu Hardfang,響狼的堅牙
9026,Kamu Finepelt,響狼的上等皮
9027,Kamu Frost Spike,響狼的霜棘
9028,Kamu Frost Gem,響狼的寶玉
9029,Orugaron Icefang,響狼的氷牙
9030,Nono Fine Fang,雌響狼的牙
9031,Nono Fine Pelt,雌響狼的皮
9032,Nono Frost Spike,雌響狼的棘
9033,Nono Frost Gem,雌響狼的寶玉
9034,Nono Frost Fur,雌響狼的毛
9035,Orugaron Iceblood,響狼的氷血
9036,Bulldrome Finepelt,大野豬的上等皮
9037,Bulldrome Long Fur,Bulldrome Long Fur
9038,Bulldrome Head,Bulldrome Head
9039,Bulldrome Hardbone,大野豬的堅骨
9040,Bulldrome Ripfang,Bulldrome Ripfang
9041,Foro Talon,Foro Talon
9042,Foro Hide,華鳳鳥的皮
9043,Foro Fluid,華鳳鳥的體液
9044,Foro Pelt,華鳳鳥的皮
9045,Foro Beak,Foro Beak
9046,Foro Tailfeathers,Foro Tailfeathers
9047,Foro Weave,Foro Weave
9048,Foro Nectar,Foro Nectar
9049,Foro Hardclaw,華鳳鳥的堅爪
9050,Foro Fine Pelt,Foro Fine Pelt
9051,Foro Extract,華鳳鳥的精華
9052,Foro Red Pelt,華鳳鳥的皮
9053,Dignified Longbeak,Dignified Longbeak
9054,Foro Tail,華鳳鳥的尾
9055,Foro Wing,華鳳鳥的翼
9056,Foro Honey,Foro Honey
9057,Foro Screamer,Foro Screamer
9058,Foro Proof,Foro Proof
9059,Diorex Scale,雷鎧龍的鱗
9060,Diorex Shell,雷鎧龍的甲殼
9061,Diorex Marrow,雷鎧龍的骨髓
9062,Diorex Voltshell,Diorex Voltshell
9063,Diorex Scalp,Diorex Scalp
9064,Diorex Leg Shell,Diorex Leg Shell
9065,Diorex Tail Shell,Diorex Tail Shell
9066,Diorex Shard,雷鎧龍的厚鱗
9067,Diorex Cortex,雷鎧龍的重殼
9068,Diorex Medulla,Diorex Medulla
9069,Diorex Shockstone,Diorex Shockstone
9070,Diorex Hardfang,雷鎧龍的堅牙
9071,Diorex Arm,Diorex Arm
9072,Diorex Tail,雷鎧龍的尾
9073,Diorex Proof,Diorex Proof
9074,S.Rath Plate,銀火龍的逆鱗
9075,S.Rath Cortex,銀火龍的重殼
9076,S.Rath Shard,銀火龍的厚鱗
9077,S.Rath Darkmarrow,S.Rath Darkmarrow
9078,S.Rath Bloodstone,S.Rath Bloodstone
9079,S.Rath Ruby,S.Rath Ruby
9080,Akura Acidfur,尾晶蠍的酸毛
9081,Akura Red Crystal,Akura Red Crystal
9082,Jebia Cortex,灰晶蠍的重殼
9083,Jebia Extract,灰晶蠍的精華
9084,Jebia Hardclaw,灰晶蠍的堅爪
9085,Volatile Crystal,揮發結晶
9086,Jebia Strong Tail,Jebia Strong Tail
9087,Jebia Blood Gem,灰晶蠍的寶玉
9088,Jebia Rich Fluid,灰晶蠍的濃液
9089,Rath Trove Scale,Rath Trove Scale
9090,ラオウトＤ生産券,ラオウトＤ生産券
9091,ルペルスＤ生産券,ルペルスＤ生産券
9092,Baro K Tkt,バロウＫ票
9093,Viral K Tkt,ヴィラルＫ票
9094,カイントＫ生産券,カイントＫ生産券
9095,マルクＫ生産券,マルクＫ生産券
9096,Dune K Tkt,デュネＫ票
9097,ローデスＧ生産券,ローデスＧ生産券
9098,モルアＧ生産券,モルアＧ生産券
9099,ポウラＫ生産券,ポウラＫ生産券
9100,ファルガＫ生産券,ファルガＫ生産券
9101,Naish K Tkt,ナイシュＫ票
9102,パラカＫ生産券,パラカＫ生産券
9103,Genebi K Tkt,ジェネビＫ票
9104,レスＧ生産券,レスＧ生産券
9105,ガッシュＧ生産券,ガッシュＧ生産券
9106,Ｇシャンド生産券,Ｇシャンド生産券
9107,Ｆビシュナ生産券,Ｆビシュナ生産券
9108,オナブル生産券頭,オナブル生産券頭
9109,オナブル生産券胴,オナブル生産券胴
9110,オナブル生産券腕,オナブル生産券腕
9111,オナブル生産券腰,オナブル生産券腰
9112,オナブル生産券脚,オナブル生産券脚
9113,Small Flowers,小花
9114,Medium Flowers,中花
9115,Luxury Flowers,豪華花
9116,Small Flowers G,小花Ｇ
9117,Medium Flowers G,中花Ｇ
9118,Luxury Flowers G,豪華花Ｇ
9119,Fatalis Flame Scl,Fatalis Flame Scl
9120,Fatalis Flame Horn,黑龍的角
9121,Fatalis Flame Wing,黑龍的翼
9122,Fatalis Flame Eye,黑龍的眼
9123,Fatalis Plate,黑龍的逆鱗
9124,Fatalis Ruby,Fatalis Ruby
9125,Lost Luxury Crown,Lost Luxury Crown
9126,Solid Memories,Solid Memories
9127,OST Benefits Tkt,ＯＳＴ特典票
9128,BG3 Tkt・1,ＢＧ３票・１
9129,BG3 Tkt・2,ＢＧ３票・２
9130,BG3 Tkt・3,ＢＧ３票・３
9131,BG3 Tkt・4,ＢＧ３票・４
9132,BG3 Tkt・5,ＢＧ３票・５
9133,BG3 Tkt・6,ＢＧ３票・６
9134,BG3 Tkt・7,ＢＧ３票・７
9135,Pasupapi Tkt,彩蝶票
9136,パススロウ生産券,パススロウ生産券
9137,ピスアピ生産券,ピスアピ生産券
9138,ピスヒピア生産券,ピスヒピア生産券
9139,Vor S Tkt,火山Ｓ票
9140,イラプＳ生産券,イラプＳ生産券
9141,Down S Tkt,窮底Ｓ票
9142,Inon S Tkt,洪患Ｓ票
9143,I Mortar Tkt,Ｉモルタル票
9144,P Mortar Tkt,Ｐモルタル票
9145,I Cavalry Tkt,Ｉカルバリ票
9146,P Cavalry Tkt,Ｐカルバリ票
9147,Sierra S Tkt,銅鋸Ｓ票
9148,Sega S Tkt,金鋸Ｓ票
9149,ノデルＦ生産券,ノデルＦ生産券
9150,ノデルＧ生産券,ノデルＧ生産券
9151,ノデルＥ生産券,ノデルＥ生産券
9152,ノデルＳ生産券,ノデルＳ生産券
9153,ルエニＳ生産券,ルエニＳ生産券
9154,ルエニＥ生産券,ルエニＥ生産券
9155,Clan F Tkt,名門Ｆ票
9156,Clan G Tkt,名門Ｇ票
9157,Clan E Tkt,名門Ｅ票
9158,Clan S Tkt,名門Ｓ票
9159,クリスＳ生産券,クリスＳ生産券
9160,クリスＥ生産券,クリスＥ生産券
9161,幟の結紐,幟の結紐
9162,Blessing Bell,Blessing Bell
9163,閑夜の流れ石,閑夜の流れ石
9164,Light Steel Ball,Light Steel Ball
9165,Dark Steel Ball,Dark Steel Ball
9166,Pyroxene,Pyroxene
9167,Old Bone,陳舊的骨
9168,Wave Soul Grass,波魂草
9169,Falls Soul Grass,瀑魂草
9170,Cliff Soul Grass,崖魂草
9171,Replacement Blade,Replacement Blade
9172,First-Aid Med S,急救藥Ｓ
9173,Sublime Ration,極上攜帶糧食
9174,カルド鉱石・成,カルド鉱石・成
9175,カルド鉱石・貴,カルド鉱石・貴
9176,カルド鉱石・発,カルド鉱石・発
9177,カルド鉱石・栄,カルド鉱石・栄
9178,Ornamental Grass,觀賞草
9179,Eastern Wool,Eastern Wool
9180,Red Cat Tears,Red Cat Tears
9181,Evil Cat Tears,Evil Cat Tears
9182,King's Medal,King's Medal
9183,Thank You Ⅶ,Thank You Ⅶ
9184,Franc BM G,Franc BM G
9185,Franc BM GF,Franc BM GF
9186,Franc BM GX1,Franc BM GX1
9187,Franc BM GX2,Franc BM GX2
9188,Franc BM GX3,Franc BM GX3
9189,Franc BM GX4,Franc BM GX4
9190,Franc BM GX5,Franc BM GX5
9191,Franc GN G,Franc GN G
9192,Franc GN GF,Franc GN GF
9193,Franc GN GX1,Franc GN GX1
9194,Franc GN GX2,Franc GN GX2
9195,Franc GN GX3,Franc GN GX3
9196,Franc GN GX4,Franc GN GX4
9197,Franc GN GX5,Franc GN GX5
9198,Kagura BM G,Kagura BM G
9199,Kagura BM GF,Kagura BM GF
9200,Kagura BM GX1,Kagura BM GX1
9201,Kagura BM GX2,Kagura BM GX2
9202,Kagura BM GX3,Kagura BM GX3
9203,Kagura BM GX4,Kagura BM GX4
9204,Kagura BM GX5,Kagura BM GX5
9205,Kamiza GN G,Kamiza GN G
9206,Kamiza GN GF,Kamiza GN GF
9207,Kamiza GN GX1,Kamiza GN GX1
9208,Kamiza GN GX2,Kamiza GN GX2
9209,Kamiza GN GX3,Kamiza GN GX3
9210,Kamiza GN GX4,Kamiza GN GX4
9211,Kamiza GN GX5,Kamiza GN GX5
9212,Jebia BM G,Jebia BM G
9213,Jebia BM GF,Jebia BM GF
9214,Jebia BM GX1,Jebia BM GX1
9215,Jebia BM GX2,Jebia BM GX2
9216,Jebia BM GX3,Jebia BM GX3
9217,Jebia BM GX4,Jebia BM GX4
9218,Jebia BM GX5,Jebia BM GX5
9219,Jebia GN G,Jebia GN G
9220,Jebia GN GF,Jebia GN GF
9221,Jebia GN GX1,Jebia GN GX1
9222,Jebia GN GX2,Jebia GN GX2
9223,Jebia GN GX3,Jebia GN GX3
9224,Jebia GN GX4,Jebia GN GX4
9225,Jebia GN GX5,Jebia GN GX5
9226,Sol BM G,Sol BM G
9227,Sol BM GF,Sol BM GF
9228,Sol BM GX1,Sol BM GX1
9229,Sol BM GX2,Sol BM GX2
9230,Sol BM GX3,Sol BM GX3
9231,Sol BM GX4,Sol BM GX4
9232,Sol BM GX5,Sol BM GX5
9233,Sol GN G,Sol GN G
9234,Sol GN GF,Sol GN GF
9235,Sol GN GX1,Sol GN GX1
9236,Sol GN GX2,Sol GN GX2
9237,Sol GN GX3,Sol GN GX3
9238,Sol GN GX4,Sol GN GX4
9239,Sol GN GX5,Sol GN GX5
9240,Vulcan BM G,Vulcan BM G
9241,Vulcan BM GF,Vulcan BM GF
9242,Vulcan BM GX1,Vulcan BM GX1
9243,Vulcan BM GX2,Vulcan BM GX2
9244,Vulcan BM GX3,Vulcan BM GX3
9245,Vulcan BM GX4,Vulcan BM GX4
9246,Vulcan BM GX5,Vulcan BM GX5
9247,Vulcan GN G,Vulcan GN G
9248,Vulcan GN GF,Vulcan GN GF
9249,Vulcan GN GX1,Vulcan GN GX1
9250,Vulcan GN GX2,Vulcan GN GX2
9251,Vulcan GN GX3,Vulcan GN GX3
9252,Vulcan GN GX4,Vulcan GN GX4
9253,Vulcan GN GX5,Vulcan GN GX5
9254,SnS Hiden? White,SnS Hiden? White
9255,SnS Hiden? Red,SnS Hiden? Red
9256,SnS Hiden? Black,SnS Hiden? Black
9257,SnS Hiden? Blue,SnS Hiden? Blue
9258,DS Hiden? White,DS Hiden? White
9259,DS Hiden? Red,DS Hiden? Red
9260,DS Hiden? Black,DS Hiden? Black
9261,DS Hiden? Blue,DS Hiden? Blue
9262,GS Hiden? White,GS Hiden? White
9263,GS Hiden? Red,GS Hiden? Red
9264,GS Hiden? Black,GS Hiden? Black
9265,GS Hiden? Blue,GS Hiden? Blue
9266,LS Hiden? White,LS Hiden? White
9267,LS Hiden? Red,LS Hiden? Red
9268,LS Hiden? Black,LS Hiden? Black
9269,LS Hiden? Blue,LS Hiden? Blue
9270,Lance Hiden? White,Lance Hiden? White
9271,Lance Hiden? Red,Lance Hiden? Red
9272,Lance Hiden? Black,Lance Hiden? Black
9273,Lance Hiden? Blue,Lance Hiden? Blue
9274,GL Hiden? White,GL Hiden? White
9275,GL Hiden? Red,GL Hiden? Red
9276,GL Hiden? Black,GL Hiden? Black
9277,GL Hiden? Blue,GL Hiden? Blue
9278,Hammer Hiden? Wh,Hammer Hiden? Wh
9279,Hammer Hiden? Red,Hammer Hiden? Red
9280,Hammer Hiden? Blk,Hammer Hiden? Blk
9281,Hammer Hiden? Blu,Hammer Hiden? Blu
9282,HH Hiden? White,HH Hiden? White
9283,HH Hiden? Red,HH Hiden? Red
9284,HH Hiden? Black,HH Hiden? Black
9285,HH Hiden? Blue,HH Hiden? Blue
9286,LBG Hiden? White,LBG Hiden? White
9287,LBG Hiden? Red,LBG Hiden? Red
9288,LBG Hiden? Black,LBG Hiden? Black
9289,LBG Hiden? Blue,LBG Hiden? Blue
9290,HBG Hiden? White,HBG Hiden? White
9291,HBG Hiden? Red,HBG Hiden? Red
9292,HBG Hiden? Black,HBG Hiden? Black
9293,HBG Hiden? Blue,HBG Hiden? Blue
9294,Bow Hiden? White,Bow Hiden? White
9295,Bow Hiden? Red,Bow Hiden? Red
9296,Bow Hiden? Black,Bow Hiden? Black
9297,Bow Hiden? Blue,Bow Hiden? Blue
9298,Tonfa Hiden? White,Tonfa Hiden? White
9299,Tonfa Hiden? Red,Tonfa Hiden? Red
9300,Tonfa Hiden? Black,Tonfa Hiden? Black
9301,Tonfa Hiden? Blue,Tonfa Hiden? Blue
9302,Nisuru BM G,Nisuru BM G
9303,Nisuru BM GF,Nisuru BM GF
9304,Nisuru BM GX1,Nisuru BM GX1
9305,Nisuru BM GX2,Nisuru BM GX2
9306,Nisuru BM GX3,Nisuru BM GX3
9307,Nisuru BM GX4,Nisuru BM GX4
9308,Nisuru BM GX5,Nisuru BM GX5
9309,Nisuru GN G,Nisuru GN G
9310,Nisuru GN GF,Nisuru GN GF
9311,Nisuru GN GX1,Nisuru GN GX1
9312,Nisuru GN GX2,Nisuru GN GX2
9313,Nisuru GN GX3,Nisuru GN GX3
9314,Nisuru GN GX4,Nisuru GN GX4
9315,Nisuru GN GX5,Nisuru GN GX5
9316,Perce BM G,Perce BM G
9317,Perce BM GF,Perce BM GF
9318,Perce BM GX1,Perce BM GX1
9319,Perce BM GX2,Perce BM GX2
9320,Perce BM GX3,Perce BM GX3
9321,Perce BM GX4,Perce BM GX4
9322,Perce BM GX5,Perce BM GX5
9323,Perce GN G,Perce GN G
9324,Perce GN GF,Perce GN GF
9325,Perce GN GX1,Perce GN GX1
9326,Perce GN GX2,Perce GN GX2
9327,Perce GN GX3,Perce GN GX3
9328,Perce GN GX4,Perce GN GX4
9329,Perce GN GX5,Perce GN GX5
9330,Comrade BM G,Comrade BM G
9331,Comrade BM GF,Comrade BM GF
9332,Comrade BM GX1,Comrade BM GX1
9333,Comrade BM GX2,Comrade BM GX2
9334,Comrade BM GX3,Comrade BM GX3
9335,Comrade BM GX4,Comrade BM GX4
9336,Comrade BM GX5,Comrade BM GX5
9337,Comrade GN G,Comrade GN G
9338,Comrade GN GF,Comrade GN GF
9339,Comrade GN GX1,Comrade GN GX1
9340,Comrade GN GX2,Comrade GN GX2
9341,Comrade GN GX3,Comrade GN GX3
9342,Comrade GN GX4,Comrade GN GX4
9343,Comrade GN GX5,Comrade GN GX5
9344,Prayer Tree Ore,祈願樹礦石
9345,C Crest Tkt,Ｃ・紋章票
9346,N Tavros Tkt,Ｎタウロス票
9347,G Glaria Tkt,Ｇ瀑布票
9348,R Glaria Tkt,Ｒ瀑布票
9349,Sheriff Tkt Head,警長頭票
9350,Sheriff Tkt Torso,警長胴票
9351,Sheriff Tkt Arms,警長腕票
9352,Sheriff Tkt Waist,警長腰票
9353,Sheriff Tkt Legs,警長脚票
9354,Attack Tkt Head,進撃頭票
9355,Attack Tkt Torso,進撃胴票
9356,Attack Tkt Arms,進撃腕票
9357,Attack Tkt Waist,進撃腰票
9358,Attack Tkt Legs,進撃脚票
9359,IS Head Tkt,ＩＳ頭票
9360,IS Torso Tkt,ＩＳ胴票
9361,IS Arms Tkt,ＩＳ腕票
9362,IS Waist Tkt,ＩＳ腰票
9363,IS Legs Tkt,ＩＳ脚票
9364,Gorgeous Feathers,Gorgeous Feathers
9365,Oblivion Flute,忘卻笛
9366,Elegant Bag,Elegant Bag
9367,Taboo Abyssal Tome,Taboo Abyssal Tome
9368,Silence Gem,Silence Gem
9369,Phantom Dustshroom,幻影粉塵菇
9370,Bamot Steel,Bamot Steel
9371,Surveyor Sword Tkt,調査兵用劍票
9372,Garrison Sword Tkt,駐屯兵用劍票
9373,Ultra-Steel B Tkt,超硬質Ｂ票
9374,Snap B Tkt,スナップＢ票
9375,Void fissure Tkt,空裂票
9376,Soryu Tkt,蒼流旋票
9377,SL Ⅰ Tkt,ＳＬ・Ⅰ票
9378,SL Ⅱ Tkt,ＳＬ・Ⅱ票
9379,SL Ⅲ Tkt,ＳＬ・Ⅲ票
9380,SL Ⅳ Tkt,ＳＬ・Ⅳ票
9381,SL Ⅴ Tkt,ＳＬ・Ⅴ票
9382,SL Ⅵ Tkt,ＳＬ・Ⅵ票
9383,ROS Ⅰ Tkt,ＲＯＳ・Ⅰ票
9384,ROS Ⅱ Tkt,ＲＯＳ・Ⅱ票
9385,ROS Ⅲ Tkt,ＲＯＳ・Ⅲ票
9386,ROS Ⅳ Tkt,ＲＯＳ・Ⅳ票
9387,ROS Ⅴ Tkt,ＲＯＳ・Ⅴ票
9388,ROS Ⅵ Tkt,ＲＯＳ・Ⅵ票
9389,Fazel G Tkt,ファゼルＧ票
9390,鋼連岩の希緋石,鋼連岩の希緋石
9391,鋼連岩の希金石,鋼連岩の希金石
9392,鋼連岩の希銀石,鋼連岩の希銀石
9393,鋼連岩の希黒石,鋼連岩の希黒石
9394,鋼連岩の希紫石,鋼連岩の希紫石
9395,Incitement SA1,挑釁ＳＡ１
9396,Drug Knowledge SA1,藥品知識ＳＡ１
9397,Abs Def SA1,絶對防禦ＳＡ１
9398,Blazing Grace SB1,炎之恩寵ＳＢ１
9399,Blazing Grace SB2,炎之恩寵ＳＢ２
9400,Blazing Grace SB3,炎之恩寵ＳＢ３
9401,Blazing Grace SB4,炎之恩寵ＳＢ４
9402,Mindfulness SB1,專心ＳＢ１
9403,Mindfulness SB2,專心ＳＢ２
9404,Mindfulness SB3,專心ＳＢ３
9405,Mindfulness SB4,專心ＳＢ４
9406,Blazing Grace SC1,炎之恩寵ＳＣ１
9407,Blazing Grace SC2,炎之恩寵ＳＣ２
9408,Mindfulness SC1,專心ＳＣ１
9409,Mindfulness SC2,專心ＳＣ２
9410,E.Weakness PA1,属性弱點ＰＡ１
9411,E.Weakness PA2,属性弱點ＰＡ２
9412,Herbal Science PA1,藥草學ＰＡ１
9413,Herbal Science PA2,藥草學ＰＡ２
9414,Movement Speed PA1,移動速度ＰＡ１
9415,Movement Speed PA2,移動速度ＰＡ２
9416,Grace PA1,恩寵ＰＡ１
9417,Edgemaster PA1,劍術ＰＡ１
9418,Critical Shot PA1,彈道強化ＰＡ１
9419,Bullet Saver PA1,節約彈藥ＰＡ１
9420,Comp.PB1 PB1,補正ＰＢ１
9421,Comp.PB2 PB2,補正ＰＢ２
9422,Comp.PB3 PB3,補正ＰＢ３
9423,Comp.PB4 PB4,補正ＰＢ４
9424,Vitality PB1,體質ＰＢ１
9425,Vitality PB2,體質ＰＢ２
9426,Vitality PB3,體質ＰＢ３
9427,Vitality PB4,體質ＰＢ４
9428,Encourage PB5,激勵ＰＢ５
9429,Encourage PB6,激勵ＰＢ６
9430,Encourage PB7,激勵ＰＢ７
9431,Encourage PB8,激勵ＰＢ８
9432,Steady Hand PB5,穩定手ＰＢ５
9433,Steady Hand PB6,穩定手ＰＢ６
9434,Steady Hand PB7,穩定手ＰＢ７
9435,Steady Hand PB8,穩定手ＰＢ８
9436,Mounting PB5,騎乘ＰＢ５
9437,Mounting PB6,騎乘ＰＢ６
9438,Mounting PB7,騎乘ＰＢ７
9439,Mounting PB8,騎乘ＰＢ８
9440,Iron Arm PC6,鐵腕ＰＣ６
9441,Iron Arm PC7,鐵腕ＰＣ７
9442,Iron Arm PC8,鐵腕ＰＣ８
9443,Iron Arm PC9,鐵腕ＰＣ９
9444,Iron Arm PC10,鐵腕ＰＣ１０
9445,Breeder PC6,飼育ＰＣ６
9446,Breeder PC7,飼育ＰＣ７
9447,Breeder PC8,飼育ＰＣ８
9448,Breeder PC9,飼育ＰＣ９
9449,Breeder PC10,飼育ＰＣ１０
9450,Lone Wolf PC6,孤狼ＰＣ６
9451,Lone Wolf PC7,孤狼ＰＣ７
9452,Lone Wolf PC8,孤狼ＰＣ８
9453,Lone Wolf PC9,孤狼ＰＣ９
9454,Lone Wolf PC10,孤狼ＰＣ１０
9455,Shiriagari PC6,後勁ＰＣ６
9456,Shiriagari PC7,後勁ＰＣ７
9457,Shiriagari PC8,後勁ＰＣ８
9458,Shiriagari PC9,後勁ＰＣ９
9459,Shiriagari PC10,後勁ＰＣ１０
9460,Combo Expert PC6,連撃達人ＰＣ６
9461,Combo Expert PC7,連撃達人ＰＣ７
9462,Combo Expert PC8,連撃達人ＰＣ８
9463,Combo Expert PC9,連撃達人ＰＣ９
9464,Combo Expert PC10,連撃達人ＰＣ１０
9465,Survivor PC6,倖存者ＰＣ６
9466,Survivor PC7,倖存者ＰＣ７
9467,Survivor PC8,倖存者ＰＣ８
9468,Survivor PC9,倖存者ＰＣ９
9469,Survivor PC10,倖存者ＰＣ１０
9470,Relief PC6,救済ＰＣ６
9471,Relief PC7,救済ＰＣ７
9472,Relief PC8,救済ＰＣ８
9473,Relief PC9,救済ＰＣ９
9474,Relief PC10,救済ＰＣ１０
9475,Sobriety PC6,節制ＰＣ６
9476,Sobriety PC7,節制ＰＣ７
9477,Sobriety PC8,節制ＰＣ８
9478,Sobriety PC9,節制ＰＣ９
9479,Sobriety PC10,節制ＰＣ１０
9480,Crystal Res PC6,結晶耐性ＰＣ６
9481,Crystal Res PC7,結晶耐性ＰＣ７
9482,Crystal Res PC8,結晶耐性ＰＣ８
9483,Crystal Res PC9,結晶耐性ＰＣ９
9484,Crystal Res PC10,結晶耐性ＰＣ１０
9485,Magnetic Res PC6,磁気耐性ＰＣ６
9486,Magnetic Res PC7,磁気耐性ＰＣ７
9487,Magnetic Res PC8,磁気耐性ＰＣ８
9488,Magnetic Res PC9,磁気耐性ＰＣ９
9489,Magnetic Res PC10,磁気耐性ＰＣ１０
9490,Hunter G,Hunter G
9491,Eating 2 G,Eating 2 G
9492,Artisan 1 G,Artisan 1 G
9493,Ele Atk 2 G,Ele Atk 2 G
9494,Daybreak Jewel,達伊布雷阿克珠
9495,Baby Bamboo Jewel,巴布伊巴姆波歐珠
9496,Secret Color Jewel,塞克雷特克歐洛爾珠
9497,Baby Purple Jewel,巴布伊紫珠
9498,Silver Moon Tkt,銀月票
9499,Scatter Tkt,散華票
9500,Shadow Bubble Tkt,泡影票
9501,Red Rain Tkt,紅雨票
9502,Cranium Tkt,クラニウム票
9503,Wicked Tkt,ウィキッド票
9504,Airborne Tkt Head,飛天頭票
9505,Airborne Tkt Torso,飛天胴票
9506,Airborne Tkt Arms,飛天腕票
9507,Airborne Tkt Waist,飛天腰票
9508,Airborne Tkt Legs,飛天脚票
9509,FG1 Tkt 1,ＦＧ１票・１
9510,FG1 Tkt 2,ＦＧ１票・２
9511,FG1 Tkt 3,ＦＧ１票・３
9512,FG1 Tkt 4,ＦＧ１票・４
9513,FG1 Tkt 5,ＦＧ１票・５
9514,FG1 Tkt 6,ＦＧ１票・６
9515,FG1 Tkt 7,ＦＧ１票・７
9516,New World Bond Ⅰ,New World Bond Ⅰ
9517,New World Bond Ⅱ,New World Bond Ⅱ
9518,New World Bond Ⅲ,New World Bond Ⅲ
9519,Hill D Tkt,戰意Ｄ票
9520,Ruida Tkt,深邃票
9521,Foret R Tkt,綠林Ｒ票
9522,Sombu R Tkt,響樂Ｒ票
9523,Masha Tkt,永生票
9524,Masha P Tkt,永生Ｐ票
9525,Masha E Tkt,永生Ｅ票
9526,Masha T Tkt,永生Ｔ票
9527,Masha I Tkt,永生Ｉ票
9528,Masha J Tkt,永生Ｊ票
9529,Masha N Tkt,永生Ｎ票
9530,Foss Tkt,培育票
9531,Foss P Tkt,培育Ｐ票
9532,Foss E Tkt,培育Ｅ票
9533,Foss T Tkt,培育Ｔ票
9534,Foss I Tkt,培育Ｉ票
9535,Foss J Tkt,培育Ｊ票
9536,Foss N Tkt,培育Ｎ票
9537,Slippery Sucker,Slippery Sucker
9538,Dummy 9538,Dummy 9538
9539,BL Croix Tkt,ＢＬ十字票
9540,Dummy 9540,Dummy 9540
9541,J Croix Tkt,Ｊ十字票
9542,VI Croix Tkt,ＶＩ十字票
9543,C Croix Tkt,Ｃ十字票
9544,LA Croix Tkt,ＬＡ十字票
9545,NO Croix Tkt,ＮＯ十字票
9546,R Croix Tkt,Ｒ十字票
9547,Dummy 9547,Dummy 9547
9548,GRクロツ生産券,GRクロツ生産券
9549,GEクロツ生産券,GEクロツ生産券
9550,Ｌクロツ生産券,Ｌクロツ生産券
9551,Ｈクロツ生産券,Ｈクロツ生産券
9552,Ｓクロツ生産券,Ｓクロツ生産券
9553,Ｖクロツ生産券,Ｖクロツ生産券
9554,Romu Tkt,ロム票
9555,Wind Shear F Tkt,風切Ｆ票
9556,Wind Shear D Tkt,風切Ｄ票
9557,Dummy 9540,Dummy 9540
9558,Dummy 9541,Dummy 9541
9559,Dummy 9542,Dummy 9542
9560,Dummy 9543,Dummy 9543
9561,Toro N Tkt,トロＮ票
9562,Kuro D Tkt,クロＤ票
9563,Box Tkt,ボックス票
9564,Max Tkt,マックス票
9565,リレＳ生産券,リレＳ生産券
9566,Mele S Tkt,怒槍Ｓ票
9567,アピストＳ生産券,アピストＳ生産券
9568,Glamour S Tkt,短鯛Ｓ票
9569,カメント生産券,カメント生産券
9570,Finanto Tkt,光城票
9571,Red Capsicum,Red Capsicum
9572,ルレイアゲハ,ルレイアゲハ
9573,Master's Book,Master's Book
9574,Silicanite,Silicanite
9575,激光鎚の報告書,激光鎚の報告書
9576,B.Iron Polyhedron,B.Iron Polyhedron
9577,New Wpn Design Doc,New Wpn Design Doc
9578,Summer Seed,夏種子
9579,Moonlight Clouds,Moonlight Clouds
9580,Phantasmal Hotrock,Phantasmal Hotrock
9581,Porta Pyroxene (F),Porta Pyroxene (F)
9582,Pine Tree,Pine Tree
9583,Moonlight Sand,Moonlight Sand
9584,Peak Soul Grass,峰魂草
9585,Inagami Proof,Inagami Proof
9586,Garuba Proof,Garuba Proof
9587,P.Rubber Greathide,P.Rubber Greathide
9588,P.Rubber Purehide,P.Rubber Purehide
9589,P.Gyp Hard Head,P.Gyp Hard Head
9590,P.Gyp Green Tail,紫毒怪鳥的緑尾
9591,P.Gyp Shineclaw,P.Gyp Shineclaw
9592,P.Gyp Shinehide,P.Gyp Shinehide
9593,P.Gyp Lightcrystal,P.Gyp Lightcrystal
9594,W.Espi Rage Spike,棘白龍的憤怒棘
9595,W.Espi Venom Spike,W.Espi Venom Spike
9596,W.Espi Direshard,W.Espi Direshard
9597,W.Espi Direcortex,W.Espi Direcortex
9598,W.Espi Swordspike,W.Espi Swordspike
9599,W.Espi Dense Shell,W.Espi Dense Shell
9600,W.Espi Flame Stone,W.Espi Flame Stone
9601,Monoblos Scute,Monoblos Scute
9602,Monoblos Carapace,一角龍的堅殼
9603,Monoblos Cortex,一角龍的重殼
9604,Crimson Horn,Crimson Horn
9605,Brave Crimson Horn,Brave Crimson Horn
9606,Monoblos Hardfang,一角龍的堅牙
9607,Malleable Hide,Malleable Hide
9608,Red Khezu Membrane,Red Khezu Membrane
9609,Red Khezu Piel,Red Khezu Piel
9610,Red Alluring Hide,Red Alluring Hide
9611,Hypnoc Brighthide,眠鳥的輝皮
9612,Hypnoc Finehide,眠鳥的上等皮
9613,Hypnoc Hardclaw,眠鳥的堅爪
9614,Hypnoc Brave Beak,Hypnoc Brave Beak
9615,Hypnoc Mega Bezoar,Hypnoc Mega Bezoar
9616,Garuba Scale,金塵龍的鱗
9617,Garuba Shell,金塵龍的甲殼
9618,Garuba Claw,金塵龍的爪
9619,Garuba Topaz,Garuba Topaz
9620,Garuba Horn,金塵龍的角
9621,Garuba Tail,金塵龍的尾
9622,Garuba Webbing,金塵龍的翼膜
9623,Garuba Shard,金塵龍的厚鱗
9624,Garuba Cortex,金塵龍的重殼
9625,Garuba Glassclaw,金塵龍的玻璃爪
9626,Garuba Sunstone,Garuba Sunstone
9627,Garuba Chrome Horn,金塵龍的輝角
9628,Garuba Crystaltail,金塵龍的晶尾
9629,Garuba Goldenwing,金塵龍的金翼
9630,Inagami Hide,雅翁龍的皮
9631,Inagami Fur,雅翁龍的毛
9632,Inagami Scale,雅翁龍的鱗
9633,Inagami Tendon,Inagami Tendon
9634,Inagami Marrow,雅翁龍的骨髓
9635,Inagami Tail,雅翁龍的尾
9636,Inagami Piel,Inagami Piel
9637,Inagami Glosshair,Inagami Glosshair
9638,Inagami Shard,雅翁龍的厚鱗
9639,Inagami Muscle,Inagami Muscle
9640,Inagami Darkmarrow,雅翁龍的闇骨髓
9641,Inagami Pure Scale,雅翁龍的鱗
9642,Inagami Lash,雅翁龍的靭尾
9643,Hunter Pass・Red,Hunter Pass・Red
9644,Hunter Pass・Blue,Hunter Pass・Blue
9645,Hunter Pass・White,Hunter Pass・White
9646,Hunter Pass・Pink,Hunter Pass・Pink
9647,Hunter Pass・Purple,Hunter Pass・Purple
9648,Hunter Pass・Yellow,Hunter Pass・Yellow
9649,Hunter Ring・Red,Hunter Ring・Red
9650,Hunter Ring・Blue,Hunter Ring・Blue
9651,Hunter Ring・White,Hunter Ring・White
9652,Hunter Ring・Pink,Hunter Ring・Pink
9653,Hunter Ring・Purple,Hunter Ring・Purple
9654,Hunter Ring・Yellow,Hunter Ring・Yellow
9655,Hunter Badge・Red,Hunter Badge・Red
9656,Hunter Badge・Blue,Hunter Badge・Blue
9657,Hunter Badge・White,Hunter Badge・White
9658,Hunter Badge・Pink,Hunter Badge・Pink
9659,Hunter Badge・Purp,Hunter Badge・Purp
9660,Hunter Badge・Yell,Hunter Badge・Yell
9661,Hunter Medal・Red,Hunter Medal・Red
9662,Hunter Medal・Blue,Hunter Medal・Blue
9663,Hunter Medal・White,Hunter Medal・White
9664,Hunter Medal・Pink,Hunter Medal・Pink
9665,Hunter Medal・Purpl,Hunter Medal・Purpl
9666,Hunter Medal・Yellw,Hunter Medal・Yellw
9667,Rusted Fittings,Rusted Fittings
9668,Beautiful Fittings,Beautiful Fittings
9669,Shining Fittings,Shining Fittings
9670,Necronomicon,Necronomicon
9671,Seedy Magazine,Seedy Magazine
9672,Beautiful Book,Beautiful Book
9673,Cute Book,Cute Book
9674,Magnificent Novel,Magnificent Novel
9675,Big Book,Big Book
9676,Small Book,Small Book
9677,Musical Memories,Musical Memories
9678,Old Lamp,Old Lamp
9679,True Hairpin,True Hairpin
9680,Oath Ring・Gold,Oath Ring・Gold
9681,Oath Ring・Silver,Oath Ring・Silver
9682,Soft Black Fabric,Soft Black Fabric
9683,Broken Red Parts,Broken Red Parts
9684,Broken Blue Parts,Broken Blue Parts
9685,Golden Amulet,Golden Amulet
9686,Promise Necklace,Promise Necklace
9687,Ash Tkt Head,灰燼頭票
9688,Ash Tkt Torso,灰燼胴票
9689,Ash Tkt Arms,灰燼腕票
9690,Ash Tkt Waist,灰燼腰票
9691,Ash Tkt Legs,灰燼脚票
9692,Cuff Base G・Adapt,Cuff Base G・Adapt
9693,Cuff Base G・Incite,Cuff Base G・Incite
9694,Cuff Base G・Abslt,Cuff Base G・Abslt
9695,Cuff Base G・Asst,Cuff Base G・Asst
9696,C Pact Tkt,Ｃパクト票
9697,Glittering Wings,Glittering Wings
9698,Prima F Tkt,プリマＦ票
9699,Prima D Tkt,プリマＤ票
9700,Zuibei Ticket,ズィベイ票
9701,Super Dash Extract,Super Dash Extract
9702,Mellow Felvine,Mellow Felvine
9703,Cuff Base G・Trsr,Cuff Base G・Trsr
9704,Sound Crystal,音結晶
9705,Artisans Testimony,Artisans Testimony
9706,Reddy Jewel,雷德德伊珠
9707,Ultramarine Jewel,烏爾特拉馬里内珠
9708,Nyananite,Nyananite
9709,Cat Eye Ore [Red],猫眼礦石［紅］
9710,Cat Eye Ore [Blue],猫眼礦石［藍］
9711,Quick Potion,速效回復藥
9712,Quick Mega Potion,速效回復藥．大
9713,Quick Poison,Quick Poison
9714,Quick Max Potion,速效萬能藥
9715,Quick Mega Juice,速效強走藥．大
9716,Dummy 9716,Dummy 9716
9717,Attack Medicine,攻撃藥
9718,Defense Medicine,防禦藥
9719,All Element Drug,All Element Drug
9720,Health Medicine,體力藥
9721,Stamina Medicine,耐力藥
9722,Guigui Dumbell,Guigui Dumbell
9723,Pospos Gloves,Pospos Gloves
9724,Bunbun Stick,Bunbun Stick
9725,Kunkun Aroma,Kunkun Aroma
9726,Suyasuya Pillow,呼呼大睡枕
9727,Beyond Belt,Beyond Belt
9728,TrsrHuntersTrsr,TrsrHuntersTrsr
9729,Felyne Hair Gem,Felyne Hair Gem
9730,Tribrella Shroom,三傘菇
9731,Burnt Branches,Burnt Branches
9732,Thorny Vine,Thorny Vine
9733,Pink Thorny Vine,Pink Thorny Vine
9734,Golden Thorny Vine,Golden Thorny Vine
9735,Broken Glass,Broken Glass
9736,Peach Glass Shards,Peach Glass Shards
9737,Star Leaf,Star Leaf
9738,Akazome Fruit,Akazome Fruit
9739,Aozome Fruit,Aozome Fruit
9740,Haizome Fruit,Haizome Fruit
9741,Dawnsong Feather,Dawnsong Feather
9742,Dusksong Feather,Dusksong Feather
9743,Small Fish Stone,小魚石
9744,Large Fish Stone,拉爾格魚石
9745,Palm Leaf,Palm Leaf
9746,Dry Moss,Dry Moss
9747,Guruguru Rose,Guruguru Rose
9748,Makimaki Thorns,Makimaki Thorns
9749,Roll Thorns,Roll Thorns
9750,Sweet Fruit,Sweet Fruit
9751,Spicy Fruit,Spicy Fruit
9752,Bitter Fruit,Bitter Fruit
9753,Magmag Bug,岩漿蟲
9754,Prickly Mushroom,刺菇
9755,Molten Slag,Molten Slag
9756,Electrum Flower,琥珀金花
9757,Bulgstone,巴爾格石
9758,Bell Banana,Bell Banana
9759,Mizutama Feather,Mizutama Feather
9760,Star Firestone,星紅蓮石
9761,Star Maidenstone,星乙女石
9762,Star Sunsetstone,星夕陽石
9763,Dirty Bandage,Dirty Bandage
9764,Torn Bandage,Torn Bandage
9765,Rubber Wood Chips,Rubber Wood Chips
9766,Star Sky Stone,星星空石
9767,Star Cloud Stone,星雲石
9768,Star Night Stone,星夜石
9769,Drought Bloom,Drought Bloom
9770,Quivering Bloom,Quivering Bloom
9771,Uzumaki Seashell,Uzumaki Seashell
9772,Clam Shell,貝殼
9773,Sunspot Flower,日斑花
9774,Masked Grass,假面草
9775,Biting Shell Case,Biting Shell Case
9776,Cracked Shell Case,Cracked Shell Case
9777,Crushed Shell Case,Crushed Shell Case
9778,Shimmerwing,Shimmerwing
9779,Stormy Darter,Stormy Darter
9780,Blizzard Moth,Blizzard Moth
9781,Marumaru Wasp,Marumaru Wasp
9782,Dummy 9782,Dummy 9782
9783,Steel Grass,鋼鐵草
9784,Augite Flower,輝石花
9785,Torn Black Mask,Torn Black Mask
9786,River Soul Stone,川魂石
9787,Tree Soul Stone,樹魂石
9788,Kind Heart,慈心
9789,Displaced Thread,Displaced Thread
9790,Pink Weave,Pink Weave
9791,Elegant Mane,Elegant Mane
9792,Fox Attack Stone,狐攻撃石
9793,Resolvanite,Resolvanite
9794,Clown's Secret,Clown's Secret
9795,Super Hard GGGX,Super Hard GGGX
9796,Special Secret Tkt,特別秘傳票
9797,Flash T. Tkt Head,閃軌跡頭票
9798,Flash T. Tkt Torso,閃軌跡胴票
9799,Flash T. Tkt Arms,閃軌跡腕票
9800,Flash T. Tkt Waist,閃軌跡腰票
9801,Flash T. Tkt Legs,閃軌跡脚票
9802,Naga Tkt Head,蛇神頭票
9803,Naga Tkt Torso,蛇神胴票
9804,Naga Tkt Arms,蛇神腕票
9805,Naga Tkt Waist,蛇神腰票
9806,Naga Tkt Legs,蛇神脚票
9807,Dummy 9807,Dummy 9807
9808,Dummy 9808,Dummy 9808
9809,Dummy 9809,Dummy 9809
9810,Dummy 9810,Dummy 9810
9811,Dummy 9811,Dummy 9811
9812,Oyun Tkt Head,オユン頭票
9813,Oyun Tkt Torso,オユン胴票
9814,Oyun Tkt Arms,オユン腕票
9815,Oyun Tkt Waist,オユン腰票
9816,Oyun Tkt Legs,オユン脚票
9817,Carriage Tkt Head,輸運頭票
9818,Carriage Tkt Torso,輸運胴票
9819,Carriage Tkt Arms,輸運腕票
9820,Carriage Tkt Waist,輸運腰票
9821,Carriage Tkt Legs,輸運脚票
9822,Marble Tkt Head,マーブル頭票
9823,Marble Tkt Torso,マーブル胴票
9824,Marble Tkt Arms,マーブル腕票
9825,Marble Tkt Waist,マーブル腰票
9826,Marble Tkt Legs,マーブル脚票
9827,Chande Tkt Head,シャンデ頭票
9828,Chande Tkt Torso,シャンデ胴票
9829,Chande Tkt Arms,シャンデ腕票
9830,Chande Tkt Waist,シャンデ腰票
9831,Chande Tkt Legs,シャンデ脚票
9832,Banquet Tkt Head,宴會頭票
9833,Banquet Tkt Torso,宴會胴票
9834,Banquet Tkt Arms,宴會腕票
9835,Banquet Tkt Waist,宴會腰票
9836,Banquet Tkt Legs,宴會脚票
9837,Veran Tkt Head,ヴェラン頭票
9838,Veran Tkt Torso,ヴェラン胴票
9839,Veran Tkt Arms,ヴェラン腕票
9840,Veran Tkt Waist,ヴェラン腰票
9841,Veran Tkt Legs,ヴェラン脚票
9842,ランデグ生産券頭,ランデグ生産券頭
9843,ランデグ生産券胴,ランデグ生産券胴
9844,ランデグ生産券腕,ランデグ生産券腕
9845,ランデグ生産券腰,ランデグ生産券腰
9846,ランデグ生産券脚,ランデグ生産券脚
9847,Endore Tkt Head,エンドア頭票
9848,Endore Tkt Torso,エンドア胴票
9849,Endore Tkt Arms,エンドア腕票
9850,Endore Tkt Waist,エンドア腰票
9851,Endore Tkt Legs,エンドア脚票
9852,Dark Night Ore,暗夜礦石
9853,Hypnoc BM G,Hypnoc BM G
9854,Hypnoc BM GF,Hypnoc BM GF
9855,Hypnoc BM GX1,Hypnoc BM GX1
9856,Hypnoc BM GX2,Hypnoc BM GX2
9857,Hypnoc BM GX3,Hypnoc BM GX3
9858,Hypnoc BM GX4,Hypnoc BM GX4
9859,Hypnoc BM GX5,Hypnoc BM GX5
9860,Hypnoc GN G,Hypnoc GN G
9861,Hypnoc GN GF,Hypnoc GN GF
9862,Hypnoc GN GX1,Hypnoc GN GX1
9863,Hypnoc GN GX2,Hypnoc GN GX2
9864,Hypnoc GN GX3,Hypnoc GN GX3
9865,Hypnoc GN GX4,Hypnoc GN GX4
9866,Hypnoc GN GX5,Hypnoc GN GX5
9867,Red Khezu BM G,Red Khezu BM G
9868,Red Khezu BM GF,Red Khezu BM GF
9869,Red Khezu BM GX1,Red Khezu BM GX1
9870,Red Khezu BM GX2,Red Khezu BM GX2
9871,Red Khezu BM GX3,Red Khezu BM GX3
9872,Red Khezu BM GX4,Red Khezu BM GX4
9873,Red Khezu BM GX5,Red Khezu BM GX5
9874,Red Khezu GN G,Red Khezu GN G
9875,Red Khezu GN GF,Red Khezu GN GF
9876,Red Khezu GN GX1,Red Khezu GN GX1
9877,Red Khezu GN GX2,Red Khezu GN GX2
9878,Red Khezu GN GX3,Red Khezu GN GX3
9879,Red Khezu GN GX4,Red Khezu GN GX4
9880,Red Khezu GN GX5,Red Khezu GN GX5
9881,Monoblos BM G,Monoblos BM G
9882,Monoblos BM GF,Monoblos BM GF
9883,Monoblos BM GX1,Monoblos BM GX1
9884,Monoblos BM GX2,Monoblos BM GX2
9885,Monoblos BM GX3,Monoblos BM GX3
9886,Monoblos BM GX4,Monoblos BM GX4
9887,Monoblos BM GX5,Monoblos BM GX5
9888,Monoblos GN G,Monoblos GN G
9889,Monoblos GN GF,Monoblos GN GF
9890,Monoblos GN GX1,Monoblos GN GX1
9891,Monoblos GN GX2,Monoblos GN GX2
9892,Monoblos GN GX3,Monoblos GN GX3
9893,Monoblos GN GX4,Monoblos GN GX4
9894,Monoblos GN GX5,Monoblos GN GX5
9895,Weiss BM G,Weiss BM G
9896,Weiss BM GF,Weiss BM GF
9897,Weiss BM GX1,Weiss BM GX1
9898,Weiss BM GX2,Weiss BM GX2
9899,Weiss BM GX3,Weiss BM GX3
9900,Weiss BM GX4,Weiss BM GX4
9901,Weiss BM GX5,Weiss BM GX5
9902,Weiss GN G,Weiss GN G
9903,Weiss GN GF,Weiss GN GF
9904,Weiss GN GX1,Weiss GN GX1
9905,Weiss GN GX2,Weiss GN GX2
9906,Weiss GN GX3,Weiss GN GX3
9907,Weiss GN GX4,Weiss GN GX4
9908,Weiss GN GX5,Weiss GN GX5
9909,Venom BM G,Venom BM G
9910,Venom BM GF,Venom BM GF
9911,Venom BM GX1,Venom BM GX1
9912,Venom BM GX2,Venom BM GX2
9913,Venom BM GX3,Venom BM GX3
9914,Venom BM GX4,Venom BM GX4
9915,Venom BM GX5,Venom BM GX5
9916,Venom GN G,Venom GN G
9917,Venom GN GF,Venom GN GF
9918,Venom GN GX1,Venom GN GX1
9919,Venom GN GX2,Venom GN GX2
9920,Venom GN GX3,Venom GN GX3
9921,Venom GN GX4,Venom GN GX4
9922,Venom GN GX5,Venom GN GX5
9923,Elegance BM G,Elegance BM G
9924,Elegance BM GF,Elegance BM GF
9925,Elegance BM GX1,Elegance BM GX1
9926,Elegance BM GX2,Elegance BM GX2
9927,Elegance BM GX3,Elegance BM GX3
9928,Elegance BM GX4,Elegance BM GX4
9929,Elegance BM GX5,Elegance BM GX5
9930,Grace GN G,Grace GN G
9931,Grace GN GF,Grace GN GF
9932,Grace GN GX1,Grace GN GX1
9933,Grace GN GX2,Grace GN GX2
9934,Grace GN GX3,Grace GN GX3
9935,Grace GN GX4,Grace GN GX4
9936,Grace GN GX5,Grace GN GX5
9937,Jess BM G,Jess BM G
9938,Jess BM GF,Jess BM GF
9939,Jess BM GX1,Jess BM GX1
9940,Jess BM GX2,Jess BM GX2
9941,Jess BM GX3,Jess BM GX3
9942,Jess BM GX4,Jess BM GX4
9943,Jess BM GX5,Jess BM GX5
9944,Jess GN G,Jess GN G
9945,Jess GN GF,Jess GN GF
9946,Jess GN GX1,Jess GN GX1
9947,Jess GN GX2,Jess GN GX2
9948,Jess GN GX3,Jess GN GX3
9949,Jess GN GX4,Jess GN GX4
9950,Jess GN GX5,Jess GN GX5
9951,Caravan Bloom Box,Caravan Bloom Box
9952,Caravan Star Box,Caravan Star Box
9953,Caravan Snow Box,Caravan Snow Box
9954,Caravan Air Box,Caravan Air Box
9955,ギルド黒晶栄典,ギルド黒晶栄典
9956,ギルド黒輝栄典,ギルド黒輝栄典
9957,ギルド冥朱栄典,ギルド冥朱栄典
9958,Superior Tkt,上位票
9959,Dummy 9959,Dummy 9959
9960,Dummy 9960,Dummy 9960
9961,Dummy 9961,Dummy 9961
9962,Dummy 9962,Dummy 9962
9963,Dummy 9963,Dummy 9963
9964,Dummy 9964,Dummy 9964
9965,Breo G,Breo G
9966,Breo GF,Breo GF
9967,Breo GX1,Breo GX1
9968,Breo GX2,Breo GX2
9969,Breo GX3,Breo GX3
9970,Breo GX4,Breo GX4
9971,Breo GX5,Breo GX5
9972,Kinioru BM G,Kinioru BM G
9973,Kinioru BM GF,Kinioru BM GF
9974,Kinioru BM GX1,Kinioru BM GX1
9975,Kinioru BM GX2,Kinioru BM GX2
9976,Kinioru BM GX3,Kinioru BM GX3
9977,Kinioru BM GX4,Kinioru BM GX4
9978,Kinioru BM GX5,Kinioru BM GX5
9979,Kinioru GN G,Kinioru GN G
9980,Kinioru GN GF,Kinioru GN GF
9981,Kinioru GN GX1,Kinioru GN GX1
9982,Kinioru GN GX2,Kinioru GN GX2
9983,Kinioru GN GX3,Kinioru GN GX3
9984,Kinioru GN GX4,Kinioru GN GX4
9985,Kinioru GN GX5,Kinioru GN GX5
9986,Neko Comfort G,Neko Comfort G
9987,Neko Comfort GF,Neko Comfort GF
9988,Neko Comfort GX,Neko Comfort GX
9989,Neko Blade G,Neko Blade G
9990,Neko Blade GF,Neko Blade GF
9991,Neko Blade GX,Neko Blade GX
9992,Sharp Expert G,Sharp Expert G
9993,Status Fencing G,Status Fencing G
9994,Dummy 9994,Dummy 9994
9995,Assistance SA1,支援ＳＡ１
9996,Stylish SB1,風雅ＳＢ１
9997,Stylish SB2,風雅ＳＢ２
9998,Stylish SB3,風雅ＳＢ３
9999,Stylish SB4,風雅ＳＢ４
10000,Stylish SC1,風雅ＳＣ１
10001,Stylish SC2,風雅ＳＣ２
10002,Strong Attack SA4,剛撃ＳＡ４
10003,Issen SA4,一閃ＳＡ４
10004,E.Weakness SA4,属性弱點ＳＡ４
10005,Strong Attack SA5,剛撃ＳＡ５
10006,Issen SA5,一閃ＳＡ５
10007,E.Weakness SA5,属性弱點ＳＡ５
10008,Strong Attack SA6,剛撃ＳＡ６
10009,Issen SA6,一閃ＳＡ６
10010,E.Weakness SA6,属性弱點ＳＡ６
10011,Strong Attack SA7,剛撃ＳＡ７
10012,Issen SA7,一閃ＳＡ７
10013,E.Weakness SA7,属性弱點ＳＡ７
10014,Adaptation PA1,適應ＰＡ１
10015,Incitement PA1,挑釁ＰＡ１
10016,Abs Def PA1,絶對防禦ＰＡ１
10017,Abs Def PA2,絶對防禦ＰＡ２
10018,Vampirism PA1,吸血ＰＡ１
10019,Vampirism PA2,吸血ＰＡ２
10020,Vampirism PA3,吸血ＰＡ３
10021,Drug Knowledge PA1,藥品知識ＰＡ１
10022,Drug Knowledge PA2,藥品知識ＰＡ２
10023,Drug Knowledge PA3,藥品知識ＰＡ３
10024,Dark Pulse PB1,闇脈動ＰＢ１
10025,Dark Pulse PB2,闇脈動ＰＢ２
10026,Edgemaster PB1,劍術ＰＢ１
10027,Edgemaster PB2,劍術ＰＢ２
10028,Critical Shot PB1,彈道強化ＰＢ１
10029,Critical Shot PB2,彈道強化ＰＢ２
10030,Bullet Saver PB1,節約彈藥ＰＢ１
10031,Bullet Saver PB2,節約彈藥ＰＢ２
10032,Rapid Fire PB1,速射ＰＢ１
10033,Rapid Fire PB2,速射ＰＢ２
10034,Charge Attack PB1,蓄力攻撃ＰＢ１
10035,Charge Attack PB2,蓄力攻撃ＰＢ２
10036,Movement Speed PB1,移動速度ＰＢ１
10037,Movement Speed PB2,移動速度ＰＢ２
10038,Reflect PB1,反射ＰＢ１
10039,Reflect PB2,反射ＰＢ２
10040,Reinforcement PB1,強化再生ＰＢ１
10041,Reinforcement PB2,強化再生ＰＢ２
10042,Reinforcement PB3,強化再生ＰＢ３
10043,Reinforcement PB4,強化再生ＰＢ４
10044,Dark Pulse PC1,闇脈動ＰＣ１
10045,Dark Pulse PC2,闇脈動ＰＣ２
10046,Dark Pulse PC3,闇脈動ＰＣ３
10047,Dark Pulse PC4,闇脈動ＰＣ４
10048,Dark Pulse PC5,闇脈動ＰＣ５
10049,Dark Pulse PC6,闇脈動ＰＣ６
10050,Edgemaster PC1,劍術ＰＣ１
10051,Edgemaster PC2,劍術ＰＣ２
10052,Edgemaster PC3,劍術ＰＣ３
10053,Edgemaster PC4,劍術ＰＣ４
10054,Edgemaster PC5,劍術ＰＣ５
10055,Edgemaster PC6,劍術ＰＣ６
10056,Critical Shot PC1,彈道強化ＰＣ１
10057,Critical Shot PC2,彈道強化ＰＣ２
10058,Critical Shot PC3,彈道強化ＰＣ３
10059,Critical Shot PC4,彈道強化ＰＣ４
10060,Critical Shot PC5,彈道強化ＰＣ５
10061,Critical Shot PC6,彈道強化ＰＣ６
10062,Bullet Saver PC1,節約彈藥ＰＣ１
10063,Bullet Saver PC2,節約彈藥ＰＣ２
10064,Bullet Saver PC3,節約彈藥ＰＣ３
10065,Bullet Saver PC4,節約彈藥ＰＣ４
10066,Bullet Saver PC5,節約彈藥ＰＣ５
10067,Bullet Saver PC6,節約彈藥ＰＣ６
10068,Rapid Fire PC1,速射ＰＣ１
10069,Rapid Fire PC2,速射ＰＣ２
10070,Rapid Fire PC3,速射ＰＣ３
10071,Rapid Fire PC4,速射ＰＣ４
10072,Rapid Fire PC5,速射ＰＣ５
10073,Rapid Fire PC6,速射ＰＣ６
10074,Charge Attack PC1,蓄力攻撃ＰＣ１
10075,Charge Attack PC2,蓄力攻撃ＰＣ２
10076,Charge Attack PC3,蓄力攻撃ＰＣ３
10077,Charge Attack PC4,蓄力攻撃ＰＣ４
10078,Charge Attack PC5,蓄力攻撃ＰＣ５
10079,Charge Attack PC6,蓄力攻撃ＰＣ６
10080,Movement Speed PC1,移動速度ＰＣ１
10081,Movement Speed PC2,移動速度ＰＣ２
10082,Movement Speed PC3,移動速度ＰＣ３
10083,Movement Speed PC4,移動速度ＰＣ４
10084,Movement Speed PC5,移動速度ＰＣ５
10085,Movement Speed PC6,移動速度ＰＣ６
10086,Reflect PC1,反射ＰＣ１
10087,Reflect PC2,反射ＰＣ２
10088,Reflect PC3,反射ＰＣ３
10089,Reflect PC4,反射ＰＣ４
10090,Reflect PC5,反射ＰＣ５
10091,Reflect PC6,反射ＰＣ６
10092,Mindfulness PC1,專心ＰＣ１
10093,Mindfulness PC2,專心ＰＣ２
10094,Hearing ProT. PA1,聽覺保護ＰＡ１
10095,Eating PA3,食事ＰＡ３
10096,Reinforcement PA3,強化再生ＰＡ３
10097,Herbal Science PA3,藥草學ＰＡ３
10098,Book of Kindness,Book of Kindness
10099,dummy10099,dummy10099
10100,dummy10100,dummy10100
10101,Kinpika Oval,Kinpika Oval
10102,Albino Extract,Albino Extract
10103,Burnt Iron Shards,燒焦鐵片
10104,Yuki Fluff,Yuki Fluff
10105,Guild Cat Tkt,公會猫票
10106,Acorn Tkt,橡實票
10107,Magma Cat Tkt,熔岩猫票
10108,Guild Cat Tkt Top,公會猫上票
10109,Guild Cat Tkt Mid,公會猫中票
10110,Acorn Tkt Head,橡實頭票
10111,Acorn Tkt Torso,橡實胴票
10112,Magma Cat Tkt Top,熔岩猫上票
10113,Magma Cat Tkt Mid,熔岩猫中票
10114,Raw Soul [Low],Raw Soul [Low]
10115,Raw Soul [Mid],Raw Soul [Mid]
10116,Raw Soul [High],Raw Soul [High]
10117,Raw Soul [Top],Raw Soul [Top]
10118,Distorted Board,Distorted Board
10119,Burnt Metal Shards,Burnt Metal Shards
10120,Golden Fruit,Golden Fruit
10121,Bright Stone,明亮石
10122,Crackling Stones,爆鳴石
10123,Starrywing,Starrywing
10124,Safflower X Ten,Safflower X Ten
10125,Blueflower X Ten,Blueflower X Ten
10126,Dummy 10126,Dummy 10126
10127,Dummy 10127,Dummy 10127
10128,Dummy 10128,Dummy 10128
10129,Dummy 10129,Dummy 10129
10130,Dummy 10130,Dummy 10130
10131,SnS Hiden EX?White,SnS Hiden EX?White
10132,SnS Hiden EX?Red,SnS Hiden EX?Red
10133,SnS Hiden EX?Black,SnS Hiden EX?Black
10134,SnS Hiden EX?Blue,SnS Hiden EX?Blue
10135,DS Hiden EX?White,DS Hiden EX?White
10136,DS Hiden EX?Red,DS Hiden EX?Red
10137,DS Hiden EX?Black,DS Hiden EX?Black
10138,DS Hiden EX?Blue,DS Hiden EX?Blue
10139,GS Hiden EX?White,GS Hiden EX?White
10140,GS Hiden EX?Red,GS Hiden EX?Red
10141,GS Hiden EX?Black,GS Hiden EX?Black
10142,GS Hiden EX?Blue,GS Hiden EX?Blue
10143,LS Hiden EX?White,LS Hiden EX?White
10144,LS Hiden EX?Red,LS Hiden EX?Red
10145,LS Hiden EX?Black,LS Hiden EX?Black
10146,LS Hiden EX?Blue,LS Hiden EX?Blue
10147,Lance Hiden EX?Wh,Lance Hiden EX?Wh
10148,Lance Hiden EX?Red,Lance Hiden EX?Red
10149,Lance Hiden EX?Blk,Lance Hiden EX?Blk
10150,Lance Hiden EX?Blu,Lance Hiden EX?Blu
10151,GL Hiden EX?White,GL Hiden EX?White
10152,GL Hiden EX?Red,GL Hiden EX?Red
10153,GL Hiden EX?Black,GL Hiden EX?Black
10154,GL Hiden EX?Blue,GL Hiden EX?Blue
10155,HM Hiden EX?Wh,HM Hiden EX?Wh
10156,HM Hiden EX?Red,HM Hiden EX?Red
10157,HM Hiden EX?Blk,HM Hiden EX?Blk
10158,HM Hiden EX?Blu,HM Hiden EX?Blu
10159,HH Hiden EX?White,HH Hiden EX?White
10160,HH Hiden EX?Red,HH Hiden EX?Red
10161,HH Hiden EX?Black,HH Hiden EX?Black
10162,HH Hiden EX?Blue,HH Hiden EX?Blue
10163,LBG Hiden EX?White,LBG Hiden EX?White
10164,LBG Hiden EX?Red,LBG Hiden EX?Red
10165,LBG Hiden EX?Black,LBG Hiden EX?Black
10166,LBG Hiden EX?Blue,LBG Hiden EX?Blue
10167,HBG Hiden EX?White,HBG Hiden EX?White
10168,HBG Hiden EX?Red,HBG Hiden EX?Red
10169,HBG Hiden EX?Black,HBG Hiden EX?Black
10170,HBG Hiden EX?Blue,HBG Hiden EX?Blue
10171,Bow Hiden EX?White,Bow Hiden EX?White
10172,Bow Hiden EX?Red,Bow Hiden EX?Red
10173,Bow Hiden EX?Black,Bow Hiden EX?Black
10174,Bow Hiden EX?Blue,Bow Hiden EX?Blue
10175,Tonfa Hiden EX?Wh,Tonfa Hiden EX?Wh
10176,Tonfa Hiden EX?Red,Tonfa Hiden EX?Red
10177,Tonfa Hiden EX?Blk,Tonfa Hiden EX?Blk
10178,Tonfa Hiden EX?Blu,Tonfa Hiden EX?Blu
10179,Shiten Tkt,始天票
10180,Shiten Key,Shiten Key
10181,Shiten Lock,Shiten Lock
10182,Hunter Heart・Yellw,Hunter Heart・Yellw
10183,Hunter Heart・Red,Hunter Heart・Red
10184,Hunter Heart・Green,Hunter Heart・Green
10185,Hunter Heart・Blue,Hunter Heart・Blue
10186,Shiten Seal,Shiten Seal
10187,Golden Pawstamp,Golden Pawstamp
10188,Silver Pawstamp,Silver Pawstamp
10189,Bronze Pawstamp,Bronze Pawstamp
10190,Red Neko Jewel,紅内科珠
10191,Blue Neko Jewel,藍内科珠
10192,Green Neko Jewel,綠内科珠
10193,Yellow Neko Jewel,黄内科珠
10194,Purple Neko Jewel,紫内科珠
10195,White Neko Jewel,白内科珠
10196,Black Neko Jewel,黑内科珠
10197,Tea Neko Jewel,茶内科珠
10198,Ash Neko Jewel,灰内科珠
10199,Orange Neko Jewel,橙内科珠
10200,Crimson Neko Jewel,克里姆索恩内科珠
10201,Redrust Neko Jewel,雷德魯斯特内科珠
10202,Void Neko Jewel,夫歐伊德内科珠
10203,Scarlet Neko Jewel,斯克阿爾勒特内科珠
10204,Rouge Neko Jewel,羅烏格内科珠
10205,Red Tan Neko Jewel,紅塔恩内科珠
10206,Teal Neko Jewel,特阿爾内科珠
10207,Navy Blue N.Jewel,納夫伊藍恩傑艾威艾爾
10208,Celadon Neko Jewel,克艾拉多恩内科珠
10209,Lapis Neko Jewel,拉皮斯内科珠
10210,Babyblue Neko Jwl,巴布伊布爾烏艾内科珠
10211,Azure Neko Jewel,阿茲雷内科珠
10212,Neko Arm Bracelet,Neko Arm Bracelet
10213,Neko Delight Jewel,内科德利格赫特珠
10214,Neko Protect Jwl,内科普羅特克特珠
10215,Neko Flame Jewel,内科夫拉梅珠
10216,Neko Water Jewel,内科水珠
10217,Neko Ice Jewel,内科冰珠
10218,Neko Thunder Jwl,内科雷珠
10219,Neko Dragon Jewel,内科龍珠
10220,Neko Anti-Psn Jwl,内科阿恩特伊普斯恩珠
10221,Neko Sleep-Res Jwl,内科睡眠耐性珠
10222,Neko Para-Res Jwl,内科麻痺耐性珠
10223,Neko Endurance Jwl,内科艾恩杜拉恩克艾珠
10224,Neko Adamant Jwl,内科阿達馬恩特珠
10225,Neko Density Jewel,内科德恩斯伊特伊珠
10226,Neko Nullsound Jwl,内科努爾爾索烏恩德珠
10227,Neko Dem.Flute Jwl,内科德姆夫爾烏特珠
10228,Neko Rec.Flute Jwl,内科雷克夫爾烏特珠
10229,Neko Arm.Flute Jwl,内科阿爾姆夫爾烏特珠
10230,Neko Para.Trap Jwl,内科波拉特拉普珠
10231,Neko Piercer Jwl,内科皮艾爾克艾爾珠
10232,Neko Jumbo Jwl,内科傑烏姆波珠
10233,Neko Bomb Jewel,内科波姆布珠
10234,Neko Para Jewel,内科麻痺珠
10235,Neko Poison Jewel,内科毒珠
10236,Neko Sleep Jewel,内科睡眠珠
10237,Neko Nya Pro Jewel,内科恩亞普羅珠
10238,Neko Guardian Jwl,内科古阿爾迪阿恩珠
10239,Neko Windless Jwl,内科威伊恩德勒斯斯珠
10240,Neko Earplugs Jwl,内科艾阿爾普爾烏格斯珠
10241,Neko Bravery Jwl,内科布拉夫艾爾伊珠
10242,Neko Scattersht Jwl,内科斯克阿特特爾斯赫特珠
10243,Neko Silence Jwl,内科斯伊勒恩克艾珠
10244,Neko Vent Jewel,内科夫艾恩特珠
10245,Neko Giant Jewel,内科吉阿恩特珠
10246,Neko Explosion Jwl,内科艾克斯普洛斯伊歐恩珠
10247,Neko EX Para Jwl,内科艾克斯麻痺珠
10248,Neko EX Poison Jwl,内科艾克斯毒珠
10249,Neko EX Sleep Jwl,内科艾克斯睡眠珠
10250,Demon Cat Grnd Jwl,德莫恩猫格爾恩德珠
10251,Demon Cat Wind Jwl,德莫恩猫威伊恩德珠
10252,Demon Cat Snd Jwl,德莫恩猫斯恩德珠
10253,Recovry Neko G.Jwl,雷克歐夫爾伊内科格傑威爾
10254,Recovry Neko W.Jwl,雷克歐夫爾伊内科威傑威爾
10255,Recovry Neko S.Jwl,雷克歐夫爾伊内科斯傑威爾
10256,Armor Neko G.Jwl,阿爾莫爾内科格傑威爾
10257,Armor Neko W.Jwl,阿爾莫爾内科威傑威爾
10258,Armor Neko S.Jwl,阿爾莫爾内科斯傑威爾
10259,Neko ParTrap G.Jwl,内科波爾特拉普格傑威爾
10260,Neko ParTrap W.Jwl,内科波爾特拉普威傑威爾
10261,Neko ParTrap S.Jwl,内科波爾特拉普斯傑威爾
10262,Neko Expert Jewel,内科達人珠
10263,Neko Virtuoso Jwl,内科夫伊爾特烏歐索珠
10264,Neko Skill Jewel,内科斯基爾爾珠
10265,Neko Fortress Jwl,内科福爾特雷斯斯珠
10266,Neko Guarding Jwl,内科古阿爾迪恩格珠
10267,Neko Quiet Jewel,内科烏伊艾特珠
10268,Neko Resolute Jwl,内科雷索爾烏特珠
10269,Neko Impregnbl Jwl,内科伊姆普雷格恩布爾珠
10270,Neko Hollow Jewel,内科霍爾洛威珠
10271,Neko Detox Jewel,内科德托克斯珠
10272,Neko Paranoia Jwl,内科波拉諾伊阿珠
10273,Neko Anti-Para Jwl,内科阿恩特伊麻痺珠
10274,Neko Friendshp Jwl,内科夫里艾恩德斯赫普珠
10275,Neko Guren Jewel,内科古雷恩珠
10276,Neko Waterblst Jwl,内科瓦特爾布爾斯特珠
10277,Neko Glacier Jwl,内科格拉克伊艾爾珠
10278,Neko Thunder Jewel,内科雷珠
10279,Neko Terminatr Jwl,内科特爾米納特爾珠
10280,Neko Epiphany Jwl,内科艾皮普哈恩伊珠
10281,Neko Immense Jewel,内科伊姆梅恩塞珠
10282,Neko Fissure Jewel,内科菲斯蘇雷珠
10283,Neko EX Pa.Rush Jwl,内科艾克斯波魯斯赫珠
10284,Neko EX Ps.Rush Jwl,内科艾克斯普斯魯斯赫珠
10285,Neko EX Sl.Rush Jwl,内科艾克斯斯爾魯斯赫珠
10286,Neko EX B.Para Jwl,内科艾克斯布波拉珠
10287,Neko EX B.Psn Jwl,内科艾克斯布普斯恩珠
10288,Neko EX B.Sleep Jwl,内科艾克斯布斯勒艾普珠
10289,Neko EX Stunner Jwl,内科艾克斯斯特烏恩内爾珠
10290,Neko EX Inject Jwl,内科艾克斯伊恩傑艾克特珠
10291,Neko EX Knockout Jwl,内科艾克斯克諾克科烏特珠
10292,D. Neko Earth Jwl,德内科艾阿爾特赫珠
10293,Demon Neko F.Jwl,德莫恩内科夫傑威爾
10294,D. Neko Echo Jwl,德内科艾克霍珠
10295,Rec.Neko Earth Jwl,雷克内科艾阿爾特赫珠
10296,Recovery Neko F.Jwl,雷克歐夫艾爾伊内科夫傑威爾
10297,Rec.Neko Echo Jwl,雷克内科艾克霍珠
10298,Arm.Neko Earth Jwl,阿爾姆内科艾阿爾特赫珠
10299,Arm.Neko Float Jwl,阿爾姆内科夫洛阿特珠
10300,Arm.Neko Echo Jwl,阿爾姆内科艾克霍珠
10301,Neko ParaTrap G.Jwl,内科波拉特拉普格傑威爾
10302,Neko ParaTrap F.Jwl,内科波拉特拉普夫傑威爾
10303,Neko ParaTrap E.Jwl,内科波拉特拉普艾傑威爾
10304,Dummy 10304,Dummy 10304
10305,Dummy 10305,Dummy 10305
10306,Dummy 10306,Dummy 10306
10307,Dummy 10307,Dummy 10307
10308,Dummy 10308,Dummy 10308
10309,Dummy 10309,Dummy 10309
10310,Dummy 10310,Dummy 10310
10311,Dummy 10311,Dummy 10311
10312,Dummy 10312,Dummy 10312
10313,Dummy 10313,Dummy 10313
10314,Dummy 10314,Dummy 10314
10315,Dummy 10315,Dummy 10315
10316,Dummy 10316,Dummy 10316
10317,Dummy 10317,Dummy 10317
10318,Dummy 10318,Dummy 10318
10319,Dummy 10319,Dummy 10319
10320,Dummy 10320,Dummy 10320
10321,Dummy 10321,Dummy 10321
10322,Dummy 10322,Dummy 10322
10323,Dummy 10323,Dummy 10323
10324,Dummy 10324,Dummy 10324
10325,Dummy 10325,Dummy 10325
10326,Dummy 10326,Dummy 10326
10327,Dummy 10327,Dummy 10327
10328,Dummy 10328,Dummy 10328
10329,Dummy 10329,Dummy 10329
10330,Dummy 10330,Dummy 10330
10331,Dummy 10331,Dummy 10331
10332,Dummy 10332,Dummy 10332
10333,Dummy 10333,Dummy 10333
10334,Dummy 10334,Dummy 10334
10335,Dummy 10335,Dummy 10335
10336,Dummy 10336,Dummy 10336
10337,Dummy 10337,Dummy 10337
10338,Dummy 10338,Dummy 10338
10339,Dummy 10339,Dummy 10339
10340,Dummy 10340,Dummy 10340
10341,Dummy 10341,Dummy 10341
10342,Dummy 10342,Dummy 10342
10343,Dummy 10343,Dummy 10343
10344,Dummy 10344,Dummy 10344
10345,Dummy 10345,Dummy 10345
10346,Dummy 10346,Dummy 10346
10347,Dummy 10347,Dummy 10347
10348,Dummy 10348,Dummy 10348
10349,Dummy 10349,Dummy 10349
10350,Dummy 10350,Dummy 10350
10351,Dummy 10351,Dummy 10351
10352,Dummy 10352,Dummy 10352
10353,Dummy 10353,Dummy 10353
10354,ロワファル生産券,ロワファル生産券
10355,Blue Ruin Document,Blue Ruin Document
10356,Starry Night Book,Starry Night Book
10357,Done Cat Tkt Head,ドーネ猫頭票
10358,Done Cat Tkt Torso,ドーネ猫胴票
10359,Done Cat Tkt Arms,ドーネ猫腕票
10360,Done Cat Tkt Waist,ドーネ猫腰票
10361,Done Cat Tkt Legs,ドーネ猫脚票
10362,Vigorous PC5,強健ＰＣ５
10363,Compensation PA1,補正ＰＡ１
10364,Blaze PA1,炎熱ＰＡ１
10365,Potential PA2,底力ＰＡ２
10366,Fate PA1,運氣ＰＡ１
10367,Status Res Gem Ⅲ,Status Res Gem Ⅲ
10368,Everlasting Gem,Everlasting Gem
10369,Carving Gem,Carving Gem
10370,Bomb Sword Gem,Bomb Sword Gem
10371,Poison Sword Gem,Poison Sword Gem
10372,Para. Sword Gem,Para. Sword Gem
10373,Sleep Sword Gem,Sleep Sword Gem
10374,Fire Sword Gem,Fire Sword Gem
10375,Water Sword Gem,Water Sword Gem
10376,Thunder Sword Gem,Thunder Sword Gem
10377,Ice Sword Gem,Ice Sword Gem
10378,Dragon Sword Gem,Dragon Sword Gem
10379,Neko Gemtail Tkt,宝石尾猫票
10380,Harze Ticket,ハルゼ票
10381,Neko Offense Jewel,内科歐夫費恩塞珠
10382,Neko Poisoning Jwl,内科波伊索尼恩格珠
10383,Neko Drowsiness Jwl,内科德羅威斯伊内斯斯珠
10384,Revival Drug,Revival Drug
10385,Revival Ball,Revival Ball
10386,Original Scroll,Original Scroll
10387,Neko Attack Jewel,内科攻撃珠
10388,Neko Courage Jewel,内科克歐烏拉格珠
10389,Neko Resist. Jewel,内科雷斯伊斯特珠
10390,Neko F.Attack Jwl,内科夫阿特塔克克珠
10391,Neko W.Attack Jwl,内科威阿特塔克克珠
10392,Neko T.Attack Jwl,内科特阿特塔克克珠
10393,Neko I.Attack Jwl,内科伊阿特塔克克珠
10394,Neko D.Attack Jwl,内科德阿特塔克克珠
10395,Neko Grit Jewel,内科格里特珠
10396,Neko Agility Jewel,内科阿吉利特伊珠
10397,Neko Fencing 1 Jwl,内科費恩克伊恩格珠
10398,Neko Fencing 2 Jwl,内科費恩克伊恩格珠
10399,Neko Reflect Jewel,内科雷夫勒克特珠
10400,Neko Return Jewel,内科雷特烏爾恩珠
10401,Neko Inspire Jewel,内科伊恩斯皮雷珠
10402,Neko Bonds Jewel,内科波恩德斯珠
10403,Neko Encourage Jwl,内科艾恩克歐烏拉格珠
10404,Neko Lucky Jewel,内科爾烏克克伊珠
10405,Neko Move. Jewel,内科莫夫艾珠
10406,Neko Attack G.Jwl,内科攻撃格傑威爾
10407,Neko Attack W.Jwl,内科攻撃威傑威爾
10408,Neko Attack S.Jwl,内科攻撃斯傑威爾
10409,Neko Courage G.Jwl,内科克歐烏拉格格傑威爾
10410,Neko Courage W.Jwl,内科克歐烏拉格威傑威爾
10411,Neko Courage S.Jwl,内科克歐烏拉格斯傑威爾
10412,Neko Guts Jewel,内科古特斯珠
10413,Neko Qck Soil Jwl,内科克克索伊爾珠
10414,Neko Wnd Agile Jwl,内科威恩德阿吉勒珠
10415,Neko Snd Agile Jwl,内科斯恩德阿吉勒珠
10416,Neko Gall Agile Jwl,内科加爾爾阿吉勒珠
10417,Neko Slash Iron Jwl,内科斯拉斯赫伊羅恩珠
10418,Neko Mstr Fencer Jwl,内科姆斯特爾費恩克艾爾珠
10419,Neko Hard Shot Jwl,内科哈爾德斯霍特珠
10420,Neko Restoration Jwl,内科雷斯托拉特伊歐恩珠
10421,Neko Wind Rec Jwl,内科威伊恩德雷克珠
10422,Neko Snd Recvry Jwl,内科斯恩德雷克夫爾伊珠
10423,Neko Revenge Jwl,内科雷夫艾恩格珠
10424,Neko Fury Jewel,内科符爾伊珠
10425,Neko Ally Jewel,内科阿爾爾伊珠
10426,Neko Inspiratn Jwl,内科伊恩斯皮拉特恩珠
10427,Neko Fortune Jewel,内科福爾特烏内珠
10428,Neko Good Luck Jwl,内科戈歐德爾烏克克珠
10429,Neko Flash Jewel,内科夫拉斯赫珠
10430,Neko S. Attack Jwl,内科斯攻撃珠
10431,Happy Neko Grn.Jwl,哈普普伊内科格爾恩傑威爾
10432,Happy Neko Wnd.Jwl,哈普普伊内科威恩德傑威爾
10433,Happy Neko Snd.Jwl,哈普普伊内科斯恩德傑威爾
10434,Bold Neko Grnd.Jwl,波爾德内科格爾恩德傑威爾
10435,Bold Neko Wind Jwl,波爾德内科威伊恩德珠
10436,Bold Neko Snd.Jwl,波爾德内科斯恩德傑威爾
10437,Neko All Res Jwl,内科阿爾爾耐性珠
10438,Neko F. Flame Jwl,内科飛夫拉梅珠
10439,Neko S. Current Jwl,内科斯克烏爾雷恩特珠
10440,Neko Lightning Jwl,内科利格赫特尼恩格珠
10441,Neko Freeze Jwl,内科夫雷艾澤珠
10442,Neko S. Dragon Jwl,内科斯龍珠
10443,Neko Savage Jwl,内科薩夫阿格珠
10444,Fast S. Neko G.Jwl,法斯特斯内科格傑威爾
10445,Fast S. Neko W.Jwl,法斯特斯内科威傑威爾
10446,Fast S. Neko S.Jwl,法斯特斯内科斯傑威爾
10447,Fast S. Neko R.Jwl,法斯特斯内科爾傑威爾
10448,Strng S. Neko G.Jwl,斯特爾恩格斯内科格傑威爾
10449,Strng S. Neko W.Jwl,斯特爾恩格斯内科威傑威爾
10450,Strng S. Neko S.Jwl,斯特爾恩格斯内科斯傑威爾
10451,Strng S. Neko R.Jwl,斯特爾恩格斯内科爾傑威爾
10452,Slsh I. Neko M.Jwl,斯爾斯赫伊内科姆傑威爾
10453,Slsh I. Neko P.Jwl,斯爾斯赫伊内科普傑威爾
10454,Slsh I. Neko T.Jwl,斯爾斯赫伊内科特傑威爾
10455,Slsh I. Neko L.Jwl,斯爾斯赫伊内科爾傑威爾
10456,Slsh I. Neko A.Jwl,斯爾斯赫伊内科阿傑威爾
10457,Fencer Neko W.Jwl,費恩克艾爾内科威傑威爾
10458,Fencer Neko B.Jwl,費恩克艾爾内科布傑威爾
10459,Fencer Neko I.Jwl,費恩克艾爾内科伊傑威爾
10460,Fencer Neko S.Jwl,費恩克艾爾内科斯傑威爾
10461,Fencer Neko A.Jwl,費恩克艾爾内科阿傑威爾
10462,HrdShot Neko W.Jwl,赫爾德斯霍特内科威傑威爾
10463,HrdShot Neko B.Jwl,赫爾德斯霍特内科布傑威爾
10464,HrdShot Neko I.Jwl,赫爾德斯霍特内科伊傑威爾
10465,HrdShot Neko S.Jwl,赫爾德斯霍特内科斯傑威爾
10466,HrdShot Neko A.Jwl,赫爾德斯霍特内科阿傑威爾
10467,Restore Neko Of.Jwl,Restore Neko Of.Jwl
10468,Restore Neko F.Jwl,Restore Neko F.Jwl
10469,Restore Neko P.Jwl,Restore Neko P.Jwl
10470,WindRec Neko Of.Jwl,威伊恩德雷克内科歐夫傑威爾
10471,WindRec Neko F.Jwl,威伊恩德雷克内科夫傑威爾
10472,WindRec Neko P.Jwl,威伊恩德雷克内科普傑威爾
10473,SoundRec Neko Of.Jwl,索烏恩德雷克内科歐夫傑威爾
10474,SoundRec Neko F.Jwl,索烏恩德雷克内科夫傑威爾
10475,SoundRec Neko P.Jwl,索烏恩德雷克内科普傑威爾
10476,Revenge Neko Of.Jwl,雷夫艾恩格内科歐夫傑威爾
10477,Revenge Neko F.Jwl,雷夫艾恩格内科夫傑威爾
10478,Revenge Neko P.Jwl,雷夫艾恩格内科普傑威爾
10479,Fury Neko MeetJwl,Fury Neko MeetJwl
10480,Fury Neko ParaJwl,Fury Neko ParaJwl
10481,Fury Neko TimeJwl,Fury Neko TimeJwl
10482,Fury Neko LuckJwl,Fury Neko LuckJwl
10483,Fury Neko AntiJwl,Fury Neko AntiJwl
10484,Ally Neko MeetJwl,Ally Neko MeetJwl
10485,Ally Neko ParaJwl,Ally Neko ParaJwl
10486,Ally Neko TimeJwl,Ally Neko TimeJwl
10487,Ally Neko LuckJwl,Ally Neko LuckJwl
10488,Ally Neko AntiJwl,Ally Neko AntiJwl
10489,Inspire Neko M.Jwl,伊恩斯皮雷内科姆傑威爾
10490,Inspire Neko P.Jwl,伊恩斯皮雷内科普傑威爾
10491,Inspire Neko T.Jwl,伊恩斯皮雷内科特傑威爾
10492,Inspire Neko L.Jwl,伊恩斯皮雷内科爾傑威爾
10493,Inspire Neko A.Jwl,伊恩斯皮雷内科阿傑威爾
10494,Lucky Neko M.Jwl,爾烏克克伊内科姆傑威爾
10495,Lucky Neko P.Jwl,爾烏克克伊内科普傑威爾
10496,Lucky Neko T.Jwl,爾烏克克伊内科特傑威爾
10497,Lucky Neko A.Jwl,爾烏克克伊内科阿傑威爾
10498,Lucky Neko S.Jwl,爾烏克克伊内科斯傑威爾
10499,Lucky Neko B.Jwl,爾烏克克伊内科布傑威爾
10500,GoodLuck Neko P.Jwl,戈歐德爾烏克克内科普傑威爾
10501,GoodLuck Neko T.Jwl,戈歐德爾烏克克内科特傑威爾
10502,GoodLuck Neko A.Jwl,戈歐德爾烏克克内科阿傑威爾
10503,GoodLuck Neko S.Jwl,戈歐德爾烏克克内科斯傑威爾
10504,GoodLuck Neko B.Jwl,戈歐德爾烏克克内科布傑威爾
10505,GoodLuck Neko R.Jwl,戈歐德爾烏克克内科爾傑威爾
10506,Flash Neko W.Jwl,夫拉斯赫内科威傑威爾
10507,Flash Neko B.Jwl,夫拉斯赫内科布傑威爾
10508,Flash Neko E.Jwl,夫拉斯赫内科艾傑威爾
10509,Flash Neko Big Jwl,夫拉斯赫内科比格珠
10510,Flash Neko Rsh.Jwl,夫拉斯赫内科爾斯赫傑威爾
10511,Flash Neko Brs.Jwl,夫拉斯赫内科布爾斯傑威爾
10512,Flash Neko Lck.Jwl,夫拉斯赫内科爾克克傑威爾
10513,Skill Neko Frm.Jwl,斯基爾爾内科夫爾姆傑威爾
10514,Skill Neko R.Jwl,斯基爾爾内科爾傑威爾
10515,Skill Neko Res.Jwl,斯基爾爾内科雷斯傑威爾
10516,Protect Neko Rs.Jwl,普羅特克特内科爾斯傑威爾
10517,Protect Neko F.Jwl,普羅特克特内科夫傑威爾
10518,Protect Neko R.Jwl,普羅特克特内科爾傑威爾
10519,WindPrtc Neko Rs.Jwl,威伊恩德普爾特克内科爾斯傑威爾
10520,WindPrtc Neko F.Jwl,威伊恩德普爾特克内科夫傑威爾
10521,WindPrtc Neko R.Jwl,威伊恩德普爾特克内科爾傑威爾
10522,Earplug Neko Rs.Jwl,艾阿爾普爾烏格内科爾斯傑威爾
10523,Earplug Neko F.Jwl,艾阿爾普爾烏格内科夫傑威爾
10524,Earplug Neko R.Jwl,艾阿爾普爾烏格内科爾傑威爾
10525,Penetrate Neko A.Jwl,佩内特拉特内科阿傑威爾
10526,Penetrate Neko E.Jwl,佩内特拉特内科艾傑威爾
10527,Immense Neko Ant.Jwl,伊姆梅恩塞内科阿恩特傑威爾
10528,Immense Neko En.Jwl,伊姆梅恩塞内科艾恩傑威爾
10529,Explosion Neko A.Jwl,艾克斯普洛斯伊歐恩内科阿傑威爾
10530,Explosion Neko E.Jwl,艾克斯普洛斯伊歐恩内科艾傑威爾
10531,EX Para Neko W.Jwl,艾克斯麻痺内科威傑威爾
10532,EX Para Neko B.Jwl,艾克斯麻痺内科布傑威爾
10533,EX Para Neko E.Jwl,艾克斯麻痺内科艾傑威爾
10534,Atck Para Neko W.Jwl,阿特克克麻痺内科威傑威爾
10535,Atck Para Neko B.Jwl,阿特克克麻痺内科布傑威爾
10536,Atck Para Neko E.Jwl,阿特克克麻痺内科艾傑威爾
10537,EX Poison Neko W.Jwl,艾克斯毒内科威傑威爾
10538,EX Poison Neko B.Jwl,艾克斯毒内科布傑威爾
10539,EX Poison Neko E.Jwl,艾克斯毒内科艾傑威爾
10540,Atck Poisn Neko W.Jwl,阿特克克波伊斯恩内科威傑威爾
10541,Atck Poisn Neko B.Jwl,阿特克克波伊斯恩内科布傑威爾
10542,Atck Poisn Neko E.Jwl,阿特克克波伊斯恩内科艾傑威爾
10543,EX Sleep Neko W.Jwl,艾克斯睡眠内科威傑威爾
10544,EX Sleep Neko B.Jwl,艾克斯睡眠内科布傑威爾
10545,EX Sleep Neko E.Jwl,艾克斯睡眠内科艾傑威爾
10546,Atck Sleep Neko W.Jwl,阿特克克睡眠内科威傑威爾
10547,Atck Sleep Neko B.Jwl,阿特克克睡眠内科布傑威爾
10548,Atck Sleep Neko E.Jwl,阿特克克睡眠内科艾傑威爾
10549,Dem.Para Neko G.Jwl,德姆波拉内科格傑威爾
10550,Dem.Para Neko W.Jwl,德姆波拉内科威傑威爾
10551,Dem.Para Neko S.Jwl,德姆波拉内科斯傑威爾
10552,Dem.Grit Neko G.Jwl,德姆格里特内科格傑威爾
10553,Dem.Grit Neko W.Jwl,德姆格里特内科威傑威爾
10554,Dem.Grit Neko S.Jwl,德姆格里特内科斯傑威爾
10555,ParaTime Neko G.Jwl,波拉特伊梅内科格傑威爾
10556,ParaTime Neko W.Jwl,波拉特伊梅内科威傑威爾
10557,ParaTime Neko S.Jwl,波拉特伊梅内科斯傑威爾
10558,ParaGrit Neko G.Jwl,波拉格里特内科格傑威爾
10559,ParaGrit Neko W.Jwl,波拉格里特内科威傑威爾
10560,ParaGrit Neko S.Jwl,波拉格里特内科斯傑威爾
10561,HrdPara Neko G.Jwl,赫爾德波拉内科格傑威爾
10562,HrdPara Neko W.Jwl,赫爾德波拉内科威傑威爾
10563,HrdPara Neko S.Jwl,赫爾德波拉内科斯傑威爾
10564,HrdGrit Neko G.Jwl,赫爾德格里特内科格傑威爾
10565,HrdGrit Neko W.Jwl,赫爾德格里特内科威傑威爾
10566,HrdGrit Neko S.Jwl,赫爾德格里特内科斯傑威爾
10567,Spd.Para Neko G.Jwl,斯普德波拉内科格傑威爾
10568,Spd.Para Neko W.Jwl,斯普德波拉内科威傑威爾
10569,Spd.Para Neko S.Jwl,斯普德波拉内科斯傑威爾
10570,Support Neko Jwl P,蘇普波爾特内科珠普
10571,Gold Neko Crown,Gold Neko Crown
10572,Silver Neko Glory,Silver Neko Glory
10573,Copper Neko Honour,Copper Neko Honour
10574,Neko Res Jewel P,Neko Res Jewel P
10575,Neko Flutist Jwl P,内科夫爾烏特伊斯特珠普
10576,Dummy 10576,Dummy 10576
10577,Poborubarumu Proof,Poborubarumu Proof
10578,Poborubarumu Hide,創音龍的皮
10579,Poborubarumu Fluid,創音龍的體液
10580,Poborubarumu Marrow,創音龍的骨髓
10581,Poborubarumu Ringer,Poborubarumu Ringer
10582,Giant Clam Debris,Giant Clam Debris
10583,Poborubarumu Fang,創音龍的牙
10584,Poboru. Webbing,創音龍的翼膜
10585,Poborubarumu Piel,Poborubarumu Piel
10586,Poboru. Emulsion,Poboru. Emulsion
10587,Poboru.Deep Marrow,創音龍的深骨髓
10588,Poborubarumu Throat,Poborubarumu Throat
10589,Poborubarumu Shl,Poborubarumu Shl
10590,Poboru. Dentition,Poboru. Dentition
10591,Poborubarumu Wing,創音龍的翼
10592,Poboru. Song Sac,創音龍的歌袋
10593,Stradia Tkt,ストラディア票
10594,Riura Tkt,リウラ票
10595,Larcia Tkt,ラルシア票
10596,Shelsha Tkt,シェルシャ票
10597,Lagri Tkt,ラグリ票
10598,Lagri B Tkt,ラグリＢ票
10599,Lagri P Tkt,ラグリＰ票
10600,Lagri R Tkt,ラグリＲ票
10601,Lagri D Tkt,ラグリＤ票
10602,Lagri S Tkt,ラグリＳ票
10603,Lagri K Tkt,ラグリＫ票
10604,Zaouli Tkt,ザウリ票
10605,Zaouli B Tkt,ザウリＢ票
10606,Zaouli P Tkt,ザウリＰ票
10607,Zaouli R Tkt,ザウリＲ票
10608,Zaouli D Tkt,ザウリＤ票
10609,Zaouli S Tkt,ザウリＳ票
10610,Zaouli K Tkt,ザウリＫ票
10611,Hanachirusato Tkt,花散里票
10612,Flower Petal V.Tkt,花弁Ｖ票
10613,Flower Bow Tkt,花弓票
10614,Wysteria Bow Tkt,紫藤弓票
10615,Defi Tkt,デフィ票
10616,Vizov Tkt,ヴィゾフ票
10617,Lies Tkt,リース票
10618,Via Tkt,ヴィア票
10619,Ketto Tkt,ケット票
10620,Ketto R Tkt,ケットＲ票
10621,Ketto O Tkt,ケットＯ票
10622,Ketto K Tkt,ケットＫ票
10623,Ketto S Tkt,ケットＳ票
10624,Ketto C Tkt,ケットＣ票
10625,Ketto D Tkt,ケットＤ票
10626,Poisuku Tkt,ポイスク票
10627,Poisuku R Tkt,ポイスクＲ票
10628,Poisuku J Tkt,ポイスクＪ票
10629,Poisuku P Tkt,ポイスクＰ票
10630,Poisuku C Tkt,ポイスクＣ票
10631,Poisuku S Tkt,ポイスクＳ票
10632,Poisuku U Tkt,ポイスクＵ票
10633,Lorelei Tkt,ロレライ票
10634,Mansana Tkt,マンサナ票
10635,Fata Tkt,ファタ票
10636,Fleur Tkt,フルール票
10637,Lunastra Pwr.Scl,Lunastra Pwr.Scl
10638,Lunastra Pwr.Shl,Lunastra Pwr.Shl
10639,Luna. Noble Wing,炎妃龍的翼
10640,Lunastra Crown Mane,Lunastra Crown Mane
10641,Phantom Drgn Trsr,Phantom Drgn Trsr
10642,Luna. Lovely Fang,炎妃龍的麗牙
10643,Luna. Mystic Fang,炎妃龍的神秘牙
10644,Lunastra Trsr Fang,炎妃龍的寶牙
10645,Kuaru. Ever Scale,晶龍的鱗
10646,Kuaru. Ever Hide,晶龍的皮
10647,Kuaru. Essence Gem,Kuaru. Essence Gem
10648,Kuaru. UV Crystal,Kuaru. UV Crystal
10649,Kuaru. Stripestone,Kuaru. Stripestone
10650,Kuaru. Rainbow Gem,Kuaru. Rainbow Gem
10651,Kuaru. Prismastone,Kuaru. Prismastone
10652,A. Rath Supreme Shl,A. Rath Supreme Shl
10653,A. Rath Supr Scle,A. Rath Supr Scle
10654,A. Rath Deep Marrow,A. Rath Deep Marrow
10655,S. Rath Bloodgem,S. Rath Bloodgem
10656,A. Rath Glory Scale,A. Rath Glory Scale
10657,P. Rath Olden Shl,P. Rath Olden Shl
10658,P. Rath Olden Scle,P. Rath Olden Scle
10659,P. Rath Great Spike,P. Rath Great Spike
10660,P. Rath Glow Plate,P. Rath Glow Plate
10661,P. Rathian Haze Shl,P. Rathian Haze Shl
10662,Risty Tkt,リスティ票
10663,Del Sur Tkt,デルスル票
10664,Trihes Tkt,トリヘス票
10665,Lux Raw Tkt,リュクス生票
10666,Zut Student Tkt,ズット生徒票
10667,Tower Potion,塔回復藥
10668,Tower Mega Potion,塔回復藥．大
10669,Tower Max Potion,塔萬能藥
10670,Life Dust,Life Dust
10671,Tower Steak,塔牛排
10672,Twr WellDone Steak,塔熟肉
10673,Tower Antidote,塔解毒藥
10674,Deadly Poison Cure,Deadly Poison Cure
10675,Tower Deoderant,塔消臭劑
10676,Tower Immunizer,塔免疫藥
10677,Tower Immunizer G,塔免疫藥Ｇ
10678,Twr MoveSpd Fruit,塔移動速度果實
10679,Tower Armor Pill,塔硬化藥丸
10680,Tower Dash Juice,塔強走藥
10681,Tower Dash Juice G,塔強走藥Ｇ
10682,Tower SmallBrlBomb,塔小桶爆彈
10683,Tower ThrowingBomb,塔投擲爆彈
10684,Small horn,小角
10685,T. Whetstones,塔砥石
10686,T. Fast Whetstone,塔高速砥石
10687,T. Power Coating,塔強撃瓶
10688,T. Poison Coating,塔毒瓶
10689,T. Normal S LV2,塔通常彈ＬＶ２
10690,T. Normal S LV3,塔通常彈ＬＶ３
10691,T. Pierce S LV1,塔貫通彈ＬＶ１
10692,T. Pierce S LV2,塔貫通彈ＬＶ２
10693,T. Pierce S LV3,塔貫通彈ＬＶ３
10694,T. Pellet S Lv1,塔散彈ＬＶ１
10695,T. Pellet S Lv2,塔散彈ＬＶ２
10696,T. Pellet S Lv3,塔散彈ＬＶ３
10697,T. Crag S Lv1,塔徹甲榴彈ＬＶ１
10698,T. Crag S Lv2,塔徹甲榴彈ＬＶ２
10699,T. Crag S Lv3,塔徹甲榴彈ＬＶ３
10700,T. Clust S Lv1,塔擴散彈ＬＶ１
10701,T. Clust S Lv2,塔擴散彈ＬＶ２
10702,T. Clust S Lv3,塔擴散彈ＬＶ３
10703,T. Flaming S,塔火炎彈
10704,T. Water S,塔水冷彈
10705,T. Thunder S,塔電撃彈
10706,T. Freeze S,塔凍結彈
10707,T. Dragon S,塔滅龍彈
10708,T. Recov S Lv1,塔回復彈ＬＶ１
10709,T. Recov S Lv2,塔回復彈ＬＶ２
10710,T. Poison S Lv1,塔毒彈ＬＶ１
10711,T. Poison S Lv2,塔毒彈ＬＶ２
10712,T.Bomb Crystal,T.Bomb Crystal
10713,T.Poison Crystal,T.Poison Crystal
10714,T.Fire Crystal,T.Fire Crystal
10715,T.Water Crystal,T.Water Crystal
10716,T.Thunder Crystal,T.Thunder Crystal
10717,T.Ice Crystal,T.Ice Crystal
10718,T.Dragon Crystal,T.Dragon Crystal
10719,Shimmering Stones,閃爍石
10720,Clear Stone,清澈石
10721,Fluffy Stones,蓬鬆石
10722,Small Gears,Small Gears
10723,Delicate Gold Tube,Delicate Gold Tube
10724,Pure Metal Ball,Pure Metal Ball
10725,Scale Fossil,Scale Fossil
10726,Claw Fossil,Claw Fossil
10727,Fang Fossil,Fang Fossil
10728,Wing Fossil,Wing Fossil
10729,Head Fossil,Head Fossil
10730,Sakura Neko Jwl,薩庫拉内科珠
10731,Water Neko Jwl,水内科珠
10732,Blood Neko Jwl,布洛歐德内科珠
10733,Crimson Neko Jwl,克里姆索恩内科珠
10734,Scarlet Neko Jwl,斯克阿爾勒特内科珠
10735,Wisteria Neko Jwl,威伊斯特里阿内科珠
10736,Seedling Neko Jwl,塞艾德利恩格内科珠
10737,Peach Neko Jwl,佩阿克赫内科珠
10738,Madder Neko Jwl,馬德德爾内科珠
10739,Navy Blue Neko Jwl,納夫伊藍内科珠
10740,Red Birch Neko Jwl,紅比爾克赫内科珠
10741,Bamboo Neko Jwl,巴姆波歐内科珠
10742,Turquiose Neko Jwl,特烏爾烏伊歐塞内科珠
10743,Flower Neko Jwl,夫洛威艾爾内科珠
10744,Peony Neko Jwl,佩歐恩伊内科珠
10745,White G Neko Jwl,白格内科珠
10746,Caravan Plum Box,Caravan Plum Box
10747,Caravan ChrysnthmBox,Caravan ChrysnthmBox
10748,Caravan Cherry Box,Caravan Cherry Box
10749,Grief Seed,悲慟種子
10750,Madoka Tkt,マドカ票
10751,Soul Gem,Soul Gem
10752,Faded Soul Gem,Faded Soul Gem
10753,FG2 Tkt 1,ＦＧ２票・１
10754,FG2 Tkt 2,ＦＧ２票・２
10755,FG2 Tkt 3,ＦＧ２票・３
10756,FG2 Tkt 4,ＦＧ２票・４
10757,FG2 Tkt 5,ＦＧ２票・５
10758,FG2 Tkt 6,ＦＧ２票・６
10759,FG2 Tkt 7,ＦＧ２票・７
10760,Dummy 10760,Dummy 10760
10761,Dummy 10761,Dummy 10761
10762,Dummy 10762,Dummy 10762
10763,"New Years Gift ""Ram""","New Years Gift ""Ram"""
10764,Sweet Fragrance,Sweet Fragrance
10765,Glimmering Peach,Glimmering Peach
10766,Glitter Powder,閃耀粉末
10767,Graceful Vessel,Graceful Vessel
10768,Brave Helmet,Brave Helmet
10769,White Cats Bill,White Cats Bill
10770,Crimson Cat Barrel,紅猫桶
10771,Aku Cat Barrel,惡猫桶
10772,Stormsoul Grass,嵐魂草
10773,Hillsoul Grass,希爾爾魂草
10774,Dusk ・ Navy Blue,Dusk ・ Navy Blue
10775,High Purecrystal,高淨結晶
10776,Tower Purecrystal,塔淨結晶
10777,Reisei Petal,Reisei Petal
10778,Regal Black Cloth,Regal Black Cloth
10779,Golden Thread,Golden Thread
10780,Trume Tkt,トルメ票
10781,Guild Crystal Crest,Guild Crystal Crest
10782,Guild Abyss Crest,Guild Abyss Crest
10783,Guild Cerise Crest,Guild Cerise Crest
10784,Fresh Heavy Claw,Fresh Heavy Claw
10785,Shantien Kit 1 Head,Shantien Kit 1 Head
10786,Shantien Kit 1 Chest,Shantien Kit 1 Chest
10787,Shantien Kit 1 Arms,Shantien Kit 1 Arms
10788,Shantien Kit 1 Waist,Shantien Kit 1 Waist
10789,Shantien Kit 1 Legs,Shantien Kit 1 Legs
10790,Shantien Kit 2 Head,Shantien Kit 2 Head
10791,Shantien Kit 2 Chest,Shantien Kit 2 Chest
10792,Shantien Kit 2 Arms,Shantien Kit 2 Arms
10793,Shantien Kit 2 Waist,Shantien Kit 2 Waist
10794,Shantien Kit 2 Legs,Shantien Kit 2 Legs
10795,Shantien Kit 3 Head,Shantien Kit 3 Head
10796,Shantien Kit 3 Chest,Shantien Kit 3 Chest
10797,Shantien Kit 3 Arms,Shantien Kit 3 Arms
10798,Shantien Kit 3 Waist,Shantien Kit 3 Waist
10799,Shantien Kit 3 Legs,Shantien Kit 3 Legs
10800,Bande Tkt (Head),バンデ頭票
10801,Bande Tkt (Chest),バンデ胴票
10802,Bande Tkt (Arm),バンデ腕票
10803,Bande Tkt (Waist),バンデ腰票
10804,Bande Tkt (Leg),バンデ脚票
10805,Sun Tkt Head,太陽頭票
10806,Sun Tkt Torso,太陽胴票
10807,Sun Tkt Arms,太陽腕票
10808,Sun Tkt Waist,太陽腰票
10809,Sun Tkt Legs,太陽脚票
10810,Bendi Tkt,ベンディ票
10811,Revenants Tkt,レヴナント票
10812,Gold Ornament Shrd,Gold Ornament Shrd
10813,Pink Star Iron,粉星鐵
10814,Iron Tinted Jewel,伊羅恩特伊恩特德珠
10815,Blue Blunt Jewel,藍布爾烏恩特珠
10816,Yoruti BM G,Yoruti BM G
10817,Yoruti BM GF,Yoruti BM GF
10818,Yoruti BM GX1,Yoruti BM GX1
10819,Yoruti BM GX2,Yoruti BM GX2
10820,Yoruti BM GX3,Yoruti BM GX3
10821,Yoruti BM GX4,Yoruti BM GX4
10822,Yoruti BM GX5,Yoruti BM GX5
10823,Yoruti GN G,Yoruti GN G
10824,Yoruti GN GF,Yoruti GN GF
10825,Yoruti GN GX1,Yoruti GN GX1
10826,Yoruti GN GX2,Yoruti GN GX2
10827,Yoruti GN GX3,Yoruti GN GX3
10828,Yoruti GN GX4,Yoruti GN GX4
10829,Yoruti GN GX5,Yoruti GN GX5
10830,Kuaru BM G,Kuaru BM G
10831,Kuaru BM GF,Kuaru BM GF
10832,Kuaru BM GX1,Kuaru BM GX1
10833,Kuaru BM GX2,Kuaru BM GX2
10834,Kuaru BM GX3,Kuaru BM GX3
10835,Kuaru BM GX4,Kuaru BM GX4
10836,Kuaru BM GX5,Kuaru BM GX5
10837,Kuaru GN G,Kuaru GN G
10838,Kuaru GN GF,Kuaru GN GF
10839,Kuaru GN GX1,Kuaru GN GX1
10840,Kuaru GN GX2,Kuaru GN GX2
10841,Kuaru GN GX3,Kuaru GN GX3
10842,Kuaru GN GX4,Kuaru GN GX4
10843,Kuaru GN GX5,Kuaru GN GX5
10844,Lunastra BM G,Lunastra BM G
10845,Lunastra BM GF,Lunastra BM GF
10846,Lunastra BM GX1,Lunastra BM GX1
10847,Lunastra BM GX2,Lunastra BM GX2
10848,Lunastra BM GX3,Lunastra BM GX3
10849,Lunastra BM GX4,Lunastra BM GX4
10850,Lunastra BM GX5,Lunastra BM GX5
10851,Lunastra GN G,Lunastra GN G
10852,Lunastra GN GF,Lunastra GN GF
10853,Lunastra GN GX1,Lunastra GN GX1
10854,Lunastra GN GX2,Lunastra GN GX2
10855,Lunastra GN GX3,Lunastra GN GX3
10856,Lunastra GN GX4,Lunastra GN GX4
10857,Lunastra GN GX5,Lunastra GN GX5
10858,Genesis BM G,Genesis BM G
10859,Genesis BM GF,Genesis BM GF
10860,Genesis BM GX1,Genesis BM GX1
10861,Genesis BM GX2,Genesis BM GX2
10862,Genesis BM GX3,Genesis BM GX3
10863,Genesis BM GX4,Genesis BM GX4
10864,Genesis BM GX5,Genesis BM GX5
10865,Motion GN G,Motion GN G
10866,Motion GN GF,Motion GN GF
10867,Motion GN GX1,Motion GN GX1
10868,Motion GN GX2,Motion GN GX2
10869,Motion GN GX3,Motion GN GX3
10870,Motion GN GX4,Motion GN GX4
10871,Motion GN GX5,Motion GN GX5
10872,Soul BM G,Soul BM G
10873,Soul BM GF,Soul BM GF
10874,Soul BM GX1,Soul BM GX1
10875,Soul BM GX2,Soul BM GX2
10876,Soul BM GX3,Soul BM GX3
10877,Soul BM GX4,Soul BM GX4
10878,Soul BM GX5,Soul BM GX5
10879,Soul GN G,Soul GN G
10880,Soul GN GF,Soul GN GF
10881,Soul GN GX1,Soul GN GX1
10882,Soul GN GX2,Soul GN GX2
10883,Soul GN GX3,Soul GN GX3
10884,Soul GN GX4,Soul GN GX4
10885,Soul GN GX5,Soul GN GX5
10886,Heart BM G,Heart BM G
10887,Heart BM GF,Heart BM GF
10888,Heart BM GX1,Heart BM GX1
10889,Heart BM GX2,Heart BM GX2
10890,Heart BM GX3,Heart BM GX3
10891,Heart BM GX4,Heart BM GX4
10892,Heart BM GX5,Heart BM GX5
10893,Heart GN G,Heart GN G
10894,Heart GN GF,Heart GN GF
10895,Heart GN GX1,Heart GN GX1
10896,Heart GN GX2,Heart GN GX2
10897,Heart GN GX3,Heart GN GX3
10898,Heart GN GX4,Heart GN GX4
10899,Heart GN GX5,Heart GN GX5
10900,Hunter Deco,Hunter Deco
10901,Breeder Deco,Breeder Deco
10902,Relief Deco,Relief Deco
10903,Drunk Deco,Drunk Deco
10904,Crystal Deco,Crystal Deco
10905,Magnet Deco,Magnet Deco
10906,Vigilance Deco,Vigilance Deco
10907,Recoil Expert G,Recoil Expert G
10908,Strange Res G,Strange Res G
10909,Dissolver SA1,属性解放ＳＡ１
10910,Dissolver SA2,属性解放ＳＡ２
10911,Dissolver SA3,属性解放ＳＡ３
10912,Steady Hand SB5,穩定手ＳＢ５
10913,Gentle Shot SA1,柔射ＳＡ１
10914,Gentle Shot SA2,柔射ＳＡ２
10915,Gentle Shot SA3,柔射ＳＡ３
10916,Assistance PA1,支援ＰＡ１
10917,Assistance PA2,支援ＰＡ２
10918,Assistance PA3,支援ＰＡ３
10919,Assistance PA4,支援ＰＡ４
10920,Adaptation PA2,適應ＰＡ２
10921,Incitement PA2,挑釁ＰＡ２
10922,Evade Distance PA1,迴避距離ＰＡ１
10923,Evade Distance PA2,迴避距離ＰＡ２
10924,Evade Distance PA3,迴避距離ＰＡ３
10925,Evade Distance PA4,迴避距離ＰＡ４
10926,Stylish PB1,風雅ＰＢ１
10927,Stylish PB2,風雅ＰＢ２
10928,Stylish PB3,風雅ＰＢ３
10929,Stylish PB4,風雅ＰＢ４
10930,Blazing Grace PB1,炎之恩寵ＰＢ１
10931,Blazing Grace PB2,炎之恩寵ＰＢ２
10932,Blazing Grace PB3,炎之恩寵ＰＢ３
10933,Blazing Grace PB4,炎之恩寵ＰＢ４
10934,Assistance PB1,支援ＰＢ１
10935,Assistance PB2,支援ＰＢ２
10936,Assistance PB3,支援ＰＢ３
10937,Assistance PB4,支援ＰＢ４
10938,Movement Speed PB3,移動速度ＰＢ３
10939,Movement Speed PB4,移動速度ＰＢ４
10940,Edgemaster PB3,劍術ＰＢ３
10941,Critical Shot PB3,彈道強化ＰＢ３
10942,Three Worlds PB1,三界ＰＢ１
10943,Three Worlds PB2,三界ＰＢ２
10944,Three Worlds PB3,三界ＰＢ３
10945,Three Worlds PB4,三界ＰＢ４
10946,Rage PC1 PC1,憤怒ＰＣ１
10947,Rage PC2 PC2,憤怒ＰＣ２
10948,Rage PC3 PC3,憤怒ＰＣ３
10949,Rage PC4 PC4,憤怒ＰＣ４
10950,Rage PC5 PC5,憤怒ＰＣ５
10951,Rage PC6 PC6,憤怒ＰＣ６
10952,Evade Distance PC1,迴避距離ＰＣ１
10953,Evade Distance PC2,迴避距離ＰＣ２
10954,Evade Distance PC3,迴避距離ＰＣ３
10955,Evade Distance PC4,迴避距離ＰＣ４
10956,Evade Distance PC5,迴避距離ＰＣ５
10957,Evade Distance PC6,迴避距離ＰＣ６
10958,Vampirism PC1,吸血ＰＣ１
10959,Vampirism PC2,吸血ＰＣ２
10960,Vampirism PC3,吸血ＰＣ３
10961,Vampirism PC4,吸血ＰＣ４
10962,Vampirism PC5,吸血ＰＣ５
10963,Vampirism PC6,吸血ＰＣ６
10964,Drug Knowledge PC1,藥品知識ＰＣ１
10965,Drug Knowledge PC2,藥品知識ＰＣ２
10966,Drug Knowledge PC3,藥品知識ＰＣ３
10967,Drug Knowledge PC4,藥品知識ＰＣ４
10968,Drug Knowledge PC5,藥品知識ＰＣ５
10969,Drug Knowledge PC6,藥品知識ＰＣ６
10970,Combo Expert PC11,連撃達人ＰＣ１１
10971,Combo Expert PC12,連撃達人ＰＣ１２
10972,Combo Expert PC13,連撃達人ＰＣ１３
10973,Combo Expert PC14,連撃達人ＰＣ１４
10974,Combo Expert PC15,連撃達人ＰＣ１５
10975,Mounting PC1,騎乘ＰＣ１
10976,Mounting PC2,騎乘ＰＣ２
10977,Mounting PC3,騎乘ＰＣ３
10978,Mounting PC4,騎乘ＰＣ４
10979,Mounting PC5,騎乘ＰＣ５
10980,Compensation PC1,補正ＰＣ１
10981,Compensation PC2,補正ＰＣ２
10982,Compensation PC3,補正ＰＣ３
10983,Compensation PC4,補正ＰＣ４
10984,Compensation PC5,補正ＰＣ５
10985,Blazing Grace PC1,炎之恩寵ＰＣ１
10986,Blazing Grace PC2,炎之恩寵ＰＣ２
10987,Blazing Grace PC3,炎之恩寵ＰＣ３
10988,Blazing Grace PC4,炎之恩寵ＰＣ４
10989,Encourage PC1,激勵ＰＣ１
10990,Encourage PC2,激勵ＰＣ２
10991,Encourage PC3,激勵ＰＣ３
10992,Encourage PC4,激勵ＰＣ４
10993,Encourage PC5,激勵ＰＣ５
10994,Iron Arm PC11,鐵腕ＰＣ１１
10995,Iron Arm PC12,鐵腕ＰＣ１２
10996,Steady Hand PA1,穩定手ＰＡ１
10997,Drug Knowledge PA4,藥品知識ＰＡ４
10998,dummy10998,dummy10998
10999,Banded Cat Tkt,縞猫票
11000,Ban Cat Tkt Head,宴會猫頭票
11001,Ban Cat Tkt Torso,宴會猫胴票
11002,Flower Dumpling,Flower Dumpling
11003,Sun Cat Tkt Head,太陽猫頭票
11004,Copper Flower,銅花
11005,Transparent Crystl,Transparent Crystl
11006,Blue Crystal,藍結晶
11007,Old Branch,Old Branch
11008,Burnt Branch,Burnt Branch
11009,Green Grass,綠草
11010,Coarse Fluffy Wool,Coarse Fluffy Wool
11011,Clumpy Fluffy Wool,Clumpy Fluffy Wool
11012,Fire Sigil,Fire Sigil
11013,Water Sigil,Water Sigil
11014,Thunder Sigil,Thunder Sigil
11015,Dragon Sigil,Dragon Sigil
11016,Ice Sigil,Ice Sigil
11017,Para Sigil,Para Sigil
11018,Sleep Sigil,Sleep Sigil
11019,Poison Sigil,Poison Sigil
11020,Affinity Sigil,Affinity Sigil
11021,Norm S. Sigil,Norm S. Sigil
11022,Pierce S. Sigil,Pierce S. Sigil
11023,Pellet S. Sigil,Pellet S. Sigil
11024,Crag S. Sigil,Crag S. Sigil
11025,Fire S. Sigil,Fire S. Sigil
11026,Water S. Sigil,Water S. Sigil
11027,Thunder S. Sigil,Thunder S. Sigil
11028,Ice S. Sigil,Ice S. Sigil
11029,Norm S. Sigil Ⅱ,Norm S. Sigil Ⅱ
11030,Pierce S. Sigil Ⅱ,Pierce S. Sigil Ⅱ
11031,Pellet S. Sigil Ⅱ,Pellet S. Sigil Ⅱ
11032,Crag S. Sigil Ⅱ,Crag S. Sigil Ⅱ
11033,Fire S. Sigil Ⅱ,Fire S. Sigil Ⅱ
11034,Water S. Sigil Ⅱ,Water S. Sigil Ⅱ
11035,Thunder S. Sigil Ⅱ,Thunder S. Sigil Ⅱ
11036,Ice S. Sigil Ⅱ,Ice S. Sigil Ⅱ
11037,Rec Speed Gem Ⅰ,Rec Speed Gem Ⅰ
11038,Rec Speed Gem Ⅱ,Rec Speed Gem Ⅱ
11039,Stamina Rec Gem Ⅰ,Stamina Rec Gem Ⅰ
11040,Stamina Rec Gem Ⅱ,Stamina Rec Gem Ⅱ
11041,Stamina Gem Ⅰ,耐力的寶玉Ⅰ
11042,Stamina Gem Ⅱ,耐力的寶玉Ⅱ
11043,Eating Gem,Eating Gem
11044,Attack Gem Ⅰ,攻撃力的寶玉Ⅰ
11045,Attack Gem Ⅱ,攻撃力的寶玉Ⅱ
11046,Attack Gem Ⅲ,攻撃力的寶玉Ⅲ
11047,Adrenaline Gem Ⅰ,Adrenaline Gem Ⅰ
11048,Adrenaline Gem Ⅱ,Adrenaline Gem Ⅱ
11049,Expert Gem Ⅰ,Expert Gem Ⅰ
11050,Expert Gem Ⅱ,Expert Gem Ⅱ
11051,Expert Gem Ⅲ,Expert Gem Ⅲ
11052,Expert Gem Ⅳ,Expert Gem Ⅳ
11053,Expert Gem Ⅴ,Expert Gem Ⅴ
11054,Status Gem,Status Gem
11055,Gunnery Gem Ⅰ,Gunnery Gem Ⅰ
11056,Gunnery Gem Ⅱ,Gunnery Gem Ⅱ
11057,Fire Attack Gem Ⅰ,Fire Attack Gem Ⅰ
11058,Fire Attack Gem Ⅱ,Fire Attack Gem Ⅱ
11059,Water Attack Gem Ⅰ,Water Attack Gem Ⅰ
11060,Water Attack Gem Ⅱ,Water Attack Gem Ⅱ
11061,Ice Attack Gem Ⅰ,Ice Attack Gem Ⅰ
11062,Ice Attack Gem Ⅱ,Ice Attack Gem Ⅱ
11063,Thunder Attk Gem Ⅰ,Thunder Attk Gem Ⅰ
11064,Thunder Attk Gem Ⅱ,Thunder Attk Gem Ⅱ
11065,Dragon Attk Gem Ⅰ,Dragon Attk Gem Ⅰ
11066,Dragon Attk Gem Ⅱ,Dragon Attk Gem Ⅱ
11067,Elemental Attk Gem,Elemental Attk Gem
11068,Martial Arts Gem Ⅰ,Martial Arts Gem Ⅰ
11069,Martial Arts Gem Ⅱ,Martial Arts Gem Ⅱ
11070,Fasting Gem Ⅰ,Fasting Gem Ⅰ
11071,Fasting Gem Ⅱ,Fasting Gem Ⅱ
11072,Focus Gem Ⅰ,Focus Gem Ⅰ
11073,Focus Gem Ⅱ,Focus Gem Ⅱ
11074,Wpn Handling Gem,Wpn Handling Gem
11075,Guard Gem Ⅰ,Guard Gem Ⅰ
11076,Guard Gem Ⅱ,Guard Gem Ⅱ
11077,Sharpening Gem Ⅰ,Sharpening Gem Ⅰ
11078,Sharpening Gem Ⅱ,Sharpening Gem Ⅱ
11079,Sharpness Gem Ⅰ,鋒利度的寶玉Ⅰ
11080,Sharpness Gem Ⅱ,鋒利度的寶玉Ⅱ
11081,Artisan Gem,Artisan Gem
11082,Fencing Gem Ⅰ,Fencing Gem Ⅰ
11083,Fencing Gem Ⅱ,Fencing Gem Ⅱ
11084,Normal Shot Up Gem,Normal Shot Up Gem
11085,Pierce Shot Up Gem,Pierce Shot Up Gem
11086,Pellet Shot Up Gem,Pellet Shot Up Gem
11087,Loading Gem,Loading Gem
11088,Reload Gem Ⅰ,Reload Gem Ⅰ
11089,Reload Gem Ⅱ,Reload Gem Ⅱ
11090,Reload Gem Ⅲ,Reload Gem Ⅲ
11091,Recoil Gem Ⅰ,Recoil Gem Ⅰ
11092,Recoil Gem Ⅱ,Recoil Gem Ⅱ
11093,Recoil Gem Ⅲ,Recoil Gem Ⅲ
11094,Auto-Reload Gem,Auto-Reload Gem
11095,Ammo Combiner Gem,Ammo Combiner Gem
11096,Precision Gem Ⅰ,Precision Gem Ⅰ
11097,Precision Gem Ⅱ,Precision Gem Ⅱ
11098,Poison Res Gem,Poison Res Gem
11099,Para Res Gem,Para Res Gem
11100,Sleep Res Gem,Sleep Res Gem
11101,Status Res Gem Ⅰ,Status Res Gem Ⅰ
11102,Status Res Gem Ⅱ,Status Res Gem Ⅱ
11103,Stun Res Gem,Stun Res Gem
11104,Deoderant Gem,Deoderant Gem
11105,Snowball Res Gem,Snowball Res Gem
11106,Def Lock Gem,Def Lock Gem
11107,Magnetic Res Gem,Magnetic Res Gem
11108,Crystal Res Gem,Crystal Res Gem
11109,Hearing Prot Gem Ⅰ,Hearing Prot Gem Ⅰ
11110,Hearing Prot Gem Ⅱ,Hearing Prot Gem Ⅱ
11111,Wnd Pressure Gem Ⅰ,Wnd Pressure Gem Ⅰ
11112,Wnd Pressure Gem Ⅱ,Wnd Pressure Gem Ⅱ
11113,Quake Res Gem Ⅰ,Quake Res Gem Ⅰ
11114,Quake Res Gem Ⅱ,Quake Res Gem Ⅱ
11115,Evasion Gem Ⅰ,Evasion Gem Ⅰ
11116,Evasion Gem Ⅱ,Evasion Gem Ⅱ
11117,Heat Res Gem Ⅰ,Heat Res Gem Ⅰ
11118,Heat Res Gem Ⅱ,Heat Res Gem Ⅱ
11119,Cold Res Gem Ⅰ,Cold Res Gem Ⅰ
11120,Cold Res Gem Ⅱ,Cold Res Gem Ⅱ
11121,Terrain Gem,Terrain Gem
11122,Prot Gem Ⅰ,Prot Gem Ⅰ
11123,Prot Gem Ⅱ,Prot Gem Ⅱ
11124,Guts Gem Ⅰ,Guts Gem Ⅰ
11125,Guts Gem Ⅱ,Guts Gem Ⅱ
11126,Wide-Area Gem Ⅱ,Wide-Area Gem Ⅱ
11127,Wide-Area Gem Ⅲ,Wide-Area Gem Ⅲ
11128,Whim Gem,Whim Gem
11129,Hunter Gem,Hunter Gem
11130,Combining Gem Ⅰ,Combining Gem Ⅰ
11131,Combining Gem Ⅱ,Combining Gem Ⅱ
11132,Flute Expert Gem,Flute Expert Gem
11133,Speed Setup Gem Ⅰ,Speed Setup Gem Ⅰ
11134,Speed Setup Gem Ⅱ,Speed Setup Gem Ⅱ
11135,Map Gem,地圖的寶玉
11136,Psychic Gem,Psychic Gem
11137,Backpacking Gem,Backpacking Gem
11138,Gather Speed Gem Ⅱ,Gather Speed Gem Ⅱ
11139,Gathering Gem Ⅱ,Gathering Gem Ⅱ
11140,Mindfulness Gem,Mindfulness Gem
11141,Fate Gem Ⅰ,Fate Gem Ⅰ
11142,Fate Gem Ⅱ,Fate Gem Ⅱ
11143,Pressure Gem Ⅰ,Pressure Gem Ⅰ
11144,Pressure Gem Ⅱ,Pressure Gem Ⅱ
11145,Capture Expert Gem,Capture Expert Gem
11146,Caring Gem Ⅱ,Caring Gem Ⅱ
11147,Caring Gem Ⅲ,Caring Gem Ⅲ
11148,Combat Suprem SA1,戦闘至上ＳＡ１
11149,Drug Knowledge SB1,藥品知識ＳＢ１
11150,Strong Attack SA8,剛撃ＳＡ８
11151,Issen SA8,一閃ＳＡ８
11152,Exploit SA8,弱點特效ＳＡ８
11153,Motion・HH 1,Motion・HH 1
11154,Motion・Lance 1,Motion・Lance 1
11155,Orange Wyvernspike,橙龍的棘
11156,Trial Gacha Coin,Trial Gacha Coin
11157,Dummy 11157,Dummy 11157
11158,Singed Book,Singed Book
11159,Courage gem,Courage gem
11160,Glittering Gem,Glittering Gem
11161,Divine Gem,Divine Gem
11162,Pulsating Liquid,Pulsating Liquid
11163,Ancient Gold Shard,Ancient Gold Shard
11164,Ancient Technology,Ancient Technology
11165,Tower Catalyst,塔催化劑
11166,Sun Cat Tkt Torso,太陽猫胴票
11167,Tower Medal,Tower Medal
11168,Nickname Ticket,稱號票
11169,Personality Ticket,性格票
11170,Purple Black Ore,紫黑礦石
11171,Motion・DS 1,Motion・DS 1
11172,Motion・Hammer 1,Motion・Hammer 1
11173,Ancient Book,Ancient Book
11174,Cardia Tkt,カルディア票
11175,Munimy Tkt,ムニミ票
11176,Melody Tkt,旋律票
11177,Harmony Tkt,調和票
11178,Asteli Head,Asteli Head
11179,Asteli Chest,Asteli Chest
11180,Asteli Arms,Asteli Arms
11181,Asteli Waist,Asteli Waist
11182,Asteli Legs,Asteli Legs
11183,Varusa Shl,Varusa Shl
11184,Varusa Fang,炎角龍的牙
11185,Varusa Blood,炎角龍的血
11186,Varusa Indigo Gem,Varusa Indigo Gem
11187,Varusa Tail,炎角龍的尾
11188,Varusa Horn,炎角龍的角
11189,Varusa Fine Shell,炎角龍的上等甲殼
11190,Varusa Fine Hide,炎角龍的上等皮
11191,Varusa Brightblood,炎角龍的輝血
11192,Varusa Crimson Gem,Varusa Crimson Gem
11193,Varusa Flametail,炎角龍的炎尾
11194,Varusa Twinhorns,炎角龍的雙角
11195,Burning Cactus,Burning Cactus
11196,Sandsoul Grass,沙魂草
11197,Valleysoul Grass,夫阿爾勒伊魂草
11198,Gogo Eminent Fur,跳緋獸的毛
11199,Gogo Eminent Clw,Gogo Eminent Clw
11200,Gogo Combat Fang,跳緋獸的戰牙
11201,Gogo Extreme Horn,跳緋獸的極角
11202,Gogo Silk Tail,跳緋獸的尾
11203,Koko Quality Fur,Koko Quality Fur
11204,Gogo Orange Fur,跳緋獸的毛
11205,Cuff Base G・Raisin,Cuff Base G・Raisin
11206,Varusaburosu Proof,Varusaburosu Proof
11207,Blazing Emblem,Blazing Emblem
11208,Oni Mourning Iron,鬼弔鐵
11209,Elegant Wht Cloth,Elegant Wht Cloth
11210,Pheonix Thin Stone,鳳凰薄石
11211,Gogomoa BM G,Gogomoa BM G
11212,Gogomoa BM GF,Gogomoa BM GF
11213,Gogomoa BM GX1,Gogomoa BM GX1
11214,Gogomoa BM GX2,Gogomoa BM GX2
11215,Gogomoa BM GX3,Gogomoa BM GX3
11216,Gogomoa BM GX4,Gogomoa BM GX4
11217,Gogomoa BM GX5,Gogomoa BM GX5
11218,Gogomoa GN G,Gogomoa GN G
11219,Gogomoa GN GF,Gogomoa GN GF
11220,Gogomoa GN GX1,Gogomoa GN GX1
11221,Gogomoa GN GX2,Gogomoa GN GX2
11222,Gogomoa GN GX3,Gogomoa GN GX3
11223,Gogomoa GN GX4,Gogomoa GN GX4
11224,Gogomoa GN GX5,Gogomoa GN GX5
11225,Orykto BM G,Orykto BM G
11226,Orykto BM GF,Orykto BM GF
11227,Orykto BM GX1,Orykto BM GX1
11228,Orykto BM GX2,Orykto BM GX2
11229,Orykto BM GX3,Orykto BM GX3
11230,Orykto BM GX4,Orykto BM GX4
11231,Orykto BM GX5,Orykto BM GX5
11232,Orykto GN G,Orykto GN G
11233,Orykto GN GF,Orykto GN GF
11234,Orykto GN GX1,Orykto GN GX1
11235,Orykto GN GX2,Orykto GN GX2
11236,Orykto GN GX3,Orykto GN GX3
11237,Orykto GN GX4,Orykto GN GX4
11238,Orykto GN GX5,Orykto GN GX5
11239,Luchar GN G,Luchar GN G
11240,Luchar GN GF,Luchar GN GF
11241,Luchar GN GX,Luchar GN GX
11242,3P Pugi Tkt,プギ３票
11243,5P Pugi Tkt,プギ５票
11244,Halk Raw Feed,Halk Raw Feed
11245,Halk Fire Feed,Halk Fire Feed
11246,Halk Water Feed,Halk Water Feed
11247,Halk Thndr Feed,Halk Thndr Feed
11248,Halk Dragn Feed,Halk Dragn Feed
11249,Halk Ice Feed,Halk Ice Feed
11250,Motion・Bow 1,Motion・Bow 1
11251,Motion・GL 1,Motion・GL 1
11252,Pallone Wve Velvet,Pallone Wve Velvet
11253,Pallone Wve Calico,Pallone Wve Calico
11254,Pallone Wve Gold,Pallone Wve Gold
11255,Akantor Power Scl,Akantor Power Scl
11256,Akantor Power Shl,Akantor Power Shl
11257,Akantor Myeloid,Akantor Myeloid
11258,Akantor Ripclaw,Akantor Ripclaw
11259,Akantor Eradicator,Akantor Eradicator
11260,B.Hypnoc Long Fur,蒼眠鳥的長毛
11261,B.Hypnoc Supr Clw,B.Hypnoc Supr Clw
11262,B.Hypnoc BraveBeak,B.Hypnoc BraveBeak
11263,B.Hypnoc S.Bezoar,B.Hypnoc S.Bezoar
11264,B.Hypnoc Fine Fur,蒼眠鳥的上等毛
11265,Conquest Crystal,征服結晶
11266,Gendrome Vivid Scl,Gendrome Vivid Scl
11267,Gendrome Piel,Gendrome Piel
11268,Gendrome Long Claw,Gendrome Long Claw
11269,Gendrome Sac,黄速龍王的袋
11270,G.Plesi Brave Fng,G.Plesi Brave Fng
11271,G.Plesi Brave Fin,G.Plesi Brave Fin
11272,Curved Shrimp Claw,Curved Shrimp Claw
11273,G.Plesi Webbing,翠水龍的翼膜
11274,G.PlesiothRotaryFin,翠水龍的旋轉鰭
11275,G.Plesioth Finblade,翠水龍的鰭刃
11276,G.PlesiothTerribFin,翠水龍的恐怖鰭
11277,G.Plesi Bubble Gem,G.Plesi Bubble Gem
11278,Gesture・SnS Ⅰ,Gesture・SnS Ⅰ
11279,Gesture・LS Ⅰ,Gesture・LS Ⅰ
11280,Gesture・HBG Ⅰ,Gesture・HBG Ⅰ
11281,True Soul Ball G,True Soul Ball G
11282,True Soul Ball,True Soul Ball
11283,Dragon Crystal Gem,Dragon Crystal Gem
11284,Ceremony Lyrics,Ceremony Lyrics
11285,Mirage Powder,幻影粉末
11286,Ancient Super Stl,Ancient Super Stl
11287,Thank You Ⅷ,Thank You Ⅷ
11288,Azoth Tkt,アゾット票
11289,Blue Azoth Tkt,青アゾット票
11290,Red Spear Tkt,紅槍票
11291,Black Spear Tkt,黒槍票
11292,Marinero Tkt,マリネロ票
11293,Materoto Tkt,マテロト票
11294,Maru Tkt,マル票
11295,Thalassa Tkt,タラサ票
11296,FG3 Tkt 1,ＦＧ３票・１
11297,FG3 Tkt 2,ＦＧ３票・２
11298,FG3 Tkt 3,ＦＧ３票・３
11299,FG3 Tkt 4,ＦＧ３票・４
11300,FG3 Tkt 5,ＦＧ３票・５
11301,Ruvuni Tkt,ルヴニ票
11302,Diablos Tkt,角龍票
11303,Viri Tkt,ヴィリ票
11304,Viri B Tkt,ヴィリＢ票
11305,Viri R Tkt,ヴィリＲ票
11306,Viri L Tkt,ヴィリＬ票
11307,Tupars Tkt,トゥパルス票
11308,Zafia Tkt,ザフィア票
11309,Oniche Tkt,オニチェ票
11310,Oniche B Tkt,オニチェＢ票
11311,Oniche R Tkt,オニチェＲ票
11312,Oniche L Tkt,オニチェＬ票
11313,Manaito Tkt,マナイト票
11314,Supirune Tkt,スピルネ票
11315,Abyssal Origin Gem,Abyssal Origin Gem
11316,Gureadomosu Shl,Gureadomosu Shl
11317,Gureadomosu Hide,水砦龍的皮
11318,Gureadomosu Moss,Gureadomosu Moss
11319,Guread. WaterSac,Guread. WaterSac
11320,Gureadomosu Webbing,水砦龍的翼膜
11321,Gureadomosu Tail,水砦龍的尾
11322,Gureadomosu Tube,Gureadomosu Tube
11323,Gurea.Origin Shell,始源紅蓮的甲殼
11324,Gurea.Origin Hide,始源紅蓮的皮
11325,Gurea.Rare Moss,Gurea.Rare Moss
11326,Gurea.Hydro Filter,Gurea.Hydro Filter
11327,Gurea.Slick Wing,Gurea.Slick Wing
11328,Gurea.Mossy Tail,水砦龍的苔尾
11329,Gurea.Soft Tube,Gurea.Soft Tube
11330,Valier Tkt,ヴァリエ票
11331,Louise Tkt,ルイーズ票
11332,Rei Alma Tkt,レイアルマ票
11333,Kanpi Tkt,カンピ票
11334,Vinci Tkt,ヴィンチ票
11335,Victor Tkt,勝者票
11336,Harudomerugu Scale,司銀龍的鱗
11337,Harudomerugu Shl,Harudomerugu Shl
11338,Harudomerugu Claw,司銀龍的爪
11339,Harudomerugu Wing,司銀龍的翼
11340,Harudomerugu Horn,司銀龍的角
11341,Harudo.Flowgem,Harudo.Flowgem
11342,Harudomerugu Tail,司銀龍的尾
11343,Harudo.Sharp Scale,司銀龍的鱗
11344,Harudo.Sharp Shl,Harudo.Sharp Shl
11345,Harudo.Sharp Claw,司銀龍的爪
11346,Harudo H. Wingblade,司銀龍的翼刃
11347,Harudo H. Hornblade,司銀龍的角刃
11348,Harudo Torrent Gem,Harudo Torrent Gem
11349,Harudo H.Tailblade,司銀龍的尾刃
11350,Harudo Control Core,Harudo Control Core
11351,P.White Flower Petal,P.White Flower Petal
11352,Night Sky Yarn,Night Sky Yarn
11353,F. Pttrn Hachimaki,F. Pttrn Hachimaki
11354,Sparkling Mtl Shard,Sparkling Mtl Shard
11355,Frozen Metal Pieces,Frozen Metal Pieces
11356,Argent Book,Argent Book
11357,Blood Stained Book,Blood Stained Book
11358,Blackened Book,Blackened Book
11359,Treasured Flwr Bskt,Treasured Flwr Bskt
11360,Some Old Bone,某根舊骨
11361,White Melody,White Melody
11362,Charged Junk,Charged Junk
11363,Black Steel Stone,黑鋼鐵石
11364,Rotten Shock Water,腐敗麻痺水
11365,Blaze Box,Blaze Box
11366,Fague Steel,Fague Steel
11367,Shiny Sucker,Shiny Sucker
11368,Coast Soul Grass,岸魂草
11369,Forest Soul Grass,森魂草
11370,Lake Soul Grass,湖魂草
11371,Lineage Tkt,血脈票
11372,Regina Tkt,女王票
11373,Prince Tkt,王子票
11374,Sovereign Tkt,君主票
11375,Regalia Tkt,王徽票
11376,Nobless Tkt,貴族票
11377,Varia T Tkt,ヴァリアＴ票
11378,Esse SC Tkt,エッセＳＣ票
11379,Harudomerugu Proof,Harudomerugu Proof
11380,Gureadomosu Proof,Gureadomosu Proof
11381,Power Ritual・Red,Power Ritual・Red
11382,Power Ritual・Blue,Power Ritual・Blue
11383,Power Ritual・Dark,Power Ritual・Dark
11384,Purity Ritual・Red,Purity Ritual・Red
11385,Purity Ritual・Blue,Purity Ritual・Blue
11386,Purity Ritual・Dark,Purity Ritual・Dark
11387,"Cats Eye Gem ""Green""","Cats Eye Gem ""Green"""
11388,Assault Sand Iron,強襲沙鐵
11389,Brilliant Red Cloth,Brilliant Red Cloth
11390,Forgotten Seashell,Forgotten Seashell
11391,Precious Heart,Precious Heart
11392,Flowing Metal Pieces,Flowing Metal Pieces
11393,Prime Ticket,極票
11394,Regnum Neko Tkt,王領猫票
11395,Entangled Chains,Entangled Chains
11396,Rusty Fork,Rusty Fork
11397,Distorted Fork,Distorted Fork
11398,Stellate Indigo Gem,Stellate Indigo Gem
11399,Tooth-Marked Iron,Tooth-Marked Iron
11400,Silent Fuse,Silent Fuse
11401,Sorairodake,Sorairodake
11402,Momoirodake,Momoirodake
11403,Projection Cat Tkt,投影猫票
11404,Promise Cat Tkt,約定猫票
11405,Regu Cat Tkt,レグ猫票
11406,Dirty Blue S. Fabric,Dirty Blue S. Fabric
11407,Distorted Knife,歪曲投擲刀
11408,Sunset Blade,Sunset Blade
11409,Night Blade,Night Blade
11410,Star Type Augite,星特伊佩輝石
11411,Rugged Stone,粗硬石
11412,Used Barrel Bomb,用過的桶爆彈
11413,Worn Button,Worn Button
11414,Scratched Button,Scratched Button
11415,Archer Cat Tkt Head,射手猫頭票
11416,Knight Cat Tkt Head,騎士猫頭票
11417,Regu Cat Tkt Torso,レグ猫胴票
11418,Archer Cat Tkt Torso,射手猫胴票
11419,Knight Cat Tkt Torso,騎士猫胴票
11420,UBW Tkt,ＵＢＷ票
11421,Regnum Tkt Head,王領頭票
11422,Regnum Tkt Torso,王領胴票
11423,Regnum Tkt Arms,王領腕票
11424,Regnum Tkt Waist,王領腰票
11425,Regnum Tkt Legs,王領脚票
11426,Marine Tkt Head,海洋頭票
11427,Marine Tkt Torso,海洋胴票
11428,Marine Tkt Arms,海洋腕票
11429,Marine Tkt Waist,海洋腰票
11430,Marine Tkt Legs,海洋脚票
11431,Rufflet Tkt Head,ラフレット頭票
11432,Rufflet Tkt Torso,ラフレット胴票
11433,Rufflet Tkt Arms,ラフレット腕票
11434,Rufflet Tkt Waist,ラフレット腰票
11435,Rufflet Tkt Legs,ラフレット脚票
11436,Bronte Tkt,ブロンテ票
11437,Solene Tkt,ソレーヌ票
11438,Rapinu Ticket,ラピヌ票
11439,Caravan Secret Box,Caravan Secret Box
11440,Pallone Trsr,Pallone Trsr
11441,Faded Blue S. Fabric,Faded Blue S. Fabric
11442,Tropio Tkt,トロピオ票
11443,Sharp UP Sigil,Sharp UP Sigil
11444,Skill UP Sigil,Skill UP Sigil
11445,Attack UP Sigil,Attack UP Sigil
11446,Ele Status UP Sigil,Ele Status UP Sigil
11447,Crit Dist UP Sigil,Crit Dist UP Sigil
11448,Coating UP Sigil,Coating UP Sigil
11449,Defense UP Sigil,Defense UP Sigil
11450,Damage Red Sigil,Damage Red Sigil
11451,HP Regen Sigil,HP Regen Sigil
11452,GR Armor Sigil,GR Armor Sigil
11453,Old Stone Block,舊石塊
11454,Tecatekanite,Tecatekanite
11455,Gold Tarneko Tkt ,金タルネコ票
11456,Silver Tarneko Tkt ,銀タルネコ票
11457,Cppr Tarneko Tkt ,銅タルネコ票
11458,Gamboge Jewel,加姆波格珠
11459,Patina Jewel,波特伊納珠
11460,Ebony Jewel,艾波恩伊珠
11461,Gentiana Jewel,格恩特伊阿納珠
11462,Heaven Book [BluPnk],Heaven Book [BluPnk]
11463,Elegant Ancient Docs,Elegant Ancient Docs
11464,Bleak Ancient Docs,Bleak Ancient Docs
11465,Anc.HopeStone [Org],古代希望石［橙］
11466,Anc.HopeStone [Blu],古代希望石［藍］
11467,Anc.HopeStone [Red],古代希望石［紅］
11468,Anc.HopeStone [Yel],古代希望石［黄］
11469,Anc.HopeStone [Pur],古代希望石［紫］
11470,Guild Crest,Guild Crest
11471,Support Flute G,支援笛Ｇ
11472,Hungry Blade G,Hungry Blade G
11473,Gunlancer G,Gunlancer G
11474,Persistence G,Persistence G
11475,Mysterious Jewel,姆伊斯特里歐烏斯珠
11476,Command Curse,Command Curse
11477,Projected Weapon,Projected Weapon
11478,Solv Rule BM G,Solv Rule BM G
11479,Solv Rule BM GF,Solv Rule BM GF
11480,Solv Rule BM GX1,Solv Rule BM GX1
11481,Solv Rule BM GX2,Solv Rule BM GX2
11482,Solv Rule BM GX3,Solv Rule BM GX3
11483,Solv Rule BM GX4,Solv Rule BM GX4
11484,Solv Rule BM GX5,Solv Rule BM GX5
11485,Solv Lord GN G,Solv Lord GN G
11486,Solv Lord GN GF,Solv Lord GN GF
11487,Solv Lord GN GX1,Solv Lord GN GX1
11488,Solv Lord GN GX2,Solv Lord GN GX2
11489,Solv Lord GN GX3,Solv Lord GN GX3
11490,Solv Lord GN GX4,Solv Lord GN GX4
11491,Solv Lord GN GX5,Solv Lord GN GX5
11492,Akantor BM G,Akantor BM G
11493,Akantor BM GF,Akantor BM GF
11494,Akantor BM GX1,Akantor BM GX1
11495,Akantor BM GX2,Akantor BM GX2
11496,Akantor BM GX3,Akantor BM GX3
11497,Akantor BM GX4,Akantor BM GX4
11498,Akantor BM GX5,Akantor BM GX5
11499,Akantor GN G,Akantor GN G
11500,Akantor GN GF,Akantor GN GF
11501,Akantor GN GX1,Akantor GN GX1
11502,Akantor GN GX2,Akantor GN GX2
11503,Akantor GN GX3,Akantor GN GX3
11504,Akantor GN GX4,Akantor GN GX4
11505,Akantor GN GX5,Akantor GN GX5
11506,Green Plesi BM G,Green Plesi BM G
11507,Green Plesi BM GF,Green Plesi BM GF
11508,Green Plesi BM GX1,Green Plesi BM GX1
11509,Green Plesi BM GX2,Green Plesi BM GX2
11510,Green Plesi BM GX3,Green Plesi BM GX3
11511,Green Plesi BM GX4,Green Plesi BM GX4
11512,Green Plesi BM GX5,Green Plesi BM GX5
11513,Green Plesi GN G,Green Plesi GN G
11514,Green Plesi GN GF,Green Plesi GN GF
11515,Green Plesi GN GX1,Green Plesi GN GX1
11516,Green Plesi GN GX2,Green Plesi GN GX2
11517,Green Plesi GN GX3,Green Plesi GN GX3
11518,Green Plesi GN GX4,Green Plesi GN GX4
11519,Green Plesi GN GX5,Green Plesi GN GX5
11520,Bright Hypnoc BM G,Bright Hypnoc BM G
11521,Bright Hypnoc BM GF,Bright Hypnoc BM GF
11522,B.Hypnoc BM GX1,B.Hypnoc BM GX1
11523,B.Hypnoc BM GX2,B.Hypnoc BM GX2
11524,B.Hypnoc BM GX3,B.Hypnoc BM GX3
11525,B.Hypnoc BM GX4,B.Hypnoc BM GX4
11526,B.Hypnoc BM GX5,B.Hypnoc BM GX5
11527,Bright Hypnoc GN G,Bright Hypnoc GN G
11528,Bright Hypnoc GN GF,Bright Hypnoc GN GF
11529,B.Hypnoc GN GX1,B.Hypnoc GN GX1
11530,B.Hypnoc GN GX2,B.Hypnoc GN GX2
11531,B.Hypnoc GN GX3,B.Hypnoc GN GX3
11532,B.Hypnoc GN GX4,B.Hypnoc GN GX4
11533,B.Hypnoc GN GX5,B.Hypnoc GN GX5
11534,Nympha BM GX1,Nympha BM GX1
11535,Nympha BM GX2,Nympha BM GX2
11536,Nympha BM GX3,Nympha BM GX3
11537,Nympha BM GX4,Nympha BM GX4
11538,Nympha BM GX5,Nympha BM GX5
11539,Nympha GN GX1,Nympha GN GX1
11540,Nympha GN GX2,Nympha GN GX2
11541,Nympha GN GX3,Nympha GN GX3
11542,Nympha GN GX4,Nympha GN GX4
11543,Nympha GN GX5,Nympha GN GX5
11544,Maaden BM G,Maaden BM G
11545,Maaden BM GF,Maaden BM GF
11546,Maaden BM GX1,Maaden BM GX1
11547,Maaden BM GX2,Maaden BM GX2
11548,Maaden BM GX3,Maaden BM GX3
11549,Maaden BM GX4,Maaden BM GX4
11550,Maaden BM GX5,Maaden BM GX5
11551,Maaden GN G,Maaden GN G
11552,Maaden GN GF,Maaden GN GF
11553,Maaden GN GX1,Maaden GN GX1
11554,Maaden GN GX2,Maaden GN GX2
11555,Maaden GN GX3,Maaden GN GX3
11556,Maaden GN GX4,Maaden GN GX4
11557,Maaden GN GX5,Maaden GN GX5
11558,Kosho BM G,Kosho BM G
11559,Kosho BM GF,Kosho BM GF
11560,Kosho BM GX1,Kosho BM GX1
11561,Kosho BM GX2,Kosho BM GX2
11562,Kosho BM GX3,Kosho BM GX3
11563,Kosho BM GX4,Kosho BM GX4
11564,Kosho BM GX5,Kosho BM GX5
11565,Koro GN G,Koro GN G
11566,Koro GN GF,Koro GN GF
11567,Koro GN GX1,Koro GN GX1
11568,Koro GN GX2,Koro GN GX2
11569,Koro GN GX3,Koro GN GX3
11570,Koro GN GX4,Koro GN GX4
11571,Koro GN GX5,Koro GN GX5
11572,Sword God SA1,劍神ＳＡ１
11573,Sword God SA2,劍神ＳＡ２
11574,Sword God SA3,劍神ＳＡ３
11575,Vigorous SA1,強健ＳＡ１
11576,Vigorous SA2,強健ＳＡ２
11577,Vigorous SA3,強健ＳＡ３
11578,Charge Attack PA1,蓄力攻撃ＰＡ１
11579,Charge Attack PA2,蓄力攻撃ＰＡ２
11580,Charge Attack PA3,蓄力攻撃ＰＡ３
11581,Charge Attack PA4,蓄力攻撃ＰＡ４
11582,Dissolver PA1,属性解放ＰＡ１
11583,Dissolver PA2,属性解放ＰＡ２
11584,Dissolver PA3,属性解放ＰＡ３
11585,Gentle Shot PA1,柔射ＰＡ１
11586,Gentle Shot PA2,柔射ＰＡ２
11587,Combat Suprem PA1,戦闘至上ＰＡ１
11588,Combat Suprem PB1,戦闘至上ＰＢ１
11589,Combat Suprem PB2,戦闘至上ＰＢ２
11590,Dissolver PB1,属性解放ＰＢ１
11591,Dissolver PB2,属性解放ＰＢ２
11592,Charge Attack PB3,蓄力攻撃ＰＢ３
11593,Herbal Science PB1,藥草學ＰＢ１
11594,Evade Distance PB1,迴避距離ＰＢ１
11595,Blazing Grace PB5,炎之恩寵ＰＢ５
11596,Compensation PB5,補正ＰＢ５
11597,Compensation PB6,補正ＰＢ６
11598,Drug Knowledge PB1,藥品知識ＰＢ１
11599,Drug Knowledge PB2,藥品知識ＰＢ２
11600,Drug Knowledge PB3,藥品知識ＰＢ３
11601,Reflect PB3,反射ＰＢ３
11602,Reflect PB4,反射ＰＢ４
11603,Reflect PB5,反射ＰＢ５
11604,Lone Wolf PB1,孤狼ＰＢ１
11605,Lone Wolf PB2,孤狼ＰＢ２
11606,Vitality PB5,體質ＰＢ５
11607,Vitality PB6,體質ＰＢ６
11608,Dissolver PC1,属性解放ＰＣ１
11609,Dissolver PC2,属性解放ＰＣ２
11610,Dissolver PC3,属性解放ＰＣ３
11611,Dissolver PC4,属性解放ＰＣ４
11612,Dissolver PC5,属性解放ＰＣ５
11613,Dissolver PC6,属性解放ＰＣ６
11614,Dissolver PC7,属性解放ＰＣ７
11615,Assistance PC1,支援ＰＣ１
11616,Assistance PC2,支援ＰＣ２
11617,Assistance PC3,支援ＰＣ３
11618,Assistance PC4,支援ＰＣ４
11619,Steady Hand PC1,穩定手ＰＣ１
11620,Steady Hand PC2,穩定手ＰＣ２
11621,Steady Hand PC3,穩定手ＰＣ３
11622,Steady Hand PC4,穩定手ＰＣ４
11623,Steady Hand PC5,穩定手ＰＣ５
11624,Encourage PC6,激勵ＰＣ６
11625,Encourage PC7,激勵ＰＣ７
11626,Encourage PC8,激勵ＰＣ８
11627,Encourage PC9,激勵ＰＣ９
11628,Encourage PC10,激勵ＰＣ１０
11629,Encourage PC11,激勵ＰＣ１１
11630,Herbal Science PC1,藥草學ＰＣ１
11631,Herbal Science PC2,藥草學ＰＣ２
11632,Herbal Science PC3,藥草學ＰＣ３
11633,Herbal Science PC4,藥草學ＰＣ４
11634,Herbal Science PC5,藥草學ＰＣ５
11635,Herbal Science PC6,藥草學ＰＣ６
11636,Stylish PC1,風雅ＰＣ１
11637,Stylish PC2,風雅ＰＣ２
11638,Stylish PC3,風雅ＰＣ３
11639,Stylish PC4,風雅ＰＣ４
11640,Stylish PC5,風雅ＰＣ５
11641,Stylish PC6,風雅ＰＣ６
11642,Stylish PC7,風雅ＰＣ７
11643,Mounting PC6,騎乘ＰＣ６
11644,Mounting PC7,騎乘ＰＣ７
11645,Blazing Grace PC5,炎之恩寵ＰＣ５
11646,Blazing Grace PC6,炎之恩寵ＰＣ６
11647,Compensation PC6,補正ＰＣ６
11648,Reflect PC7,反射ＰＣ７
11649,Reflect PC8,反射ＰＣ８
11650,Reflect PC9,反射ＰＣ９
11651,Reflect PC10,反射ＰＣ１０
11652,Lone Wolf PC11,孤狼ＰＣ１１
11653,Combo Expert PC16,連撃達人ＰＣ１６
11654,Combo Expert PC17,連撃達人ＰＣ１７
11655,Combo Expert PC18,連撃達人ＰＣ１８
11656,Combo Expert PC19,連撃達人ＰＣ１９
11657,Combo Expert PC20,連撃達人ＰＣ２０
11658,Precise Blast G,Precise Blast G
11659,Continuous G,Continuous G
11660,Survivability G,Survivability G
11661,Ancient Dissolver,Ancient Dissolver
11662,Ancient Lubricant,Ancient Lubricant
11663,Status Assault SA1,状態強襲ＳＡ１
11664,Herbal Science Gem,Herbal Science Gem
11665,Rage Gem Ⅰ,Rage Gem Ⅰ
11666,Rage Gem Ⅱ,Rage Gem Ⅱ
11667,Vitality Gem Ⅰ,Vitality Gem Ⅰ
11668,Vitality Gem Ⅱ,Vitality Gem Ⅱ
11669,Vitality Gem Ⅲ,Vitality Gem Ⅲ
11670,Reflect Gem Ⅰ,Reflect Gem Ⅰ
11671,Reflect Gem Ⅱ,Reflect Gem Ⅱ
11672,Reflect Gem Ⅲ,Reflect Gem Ⅲ
11673,Stylish Gem,Stylish Gem
11674,Edgemaster Gem Ⅰ,Edgemaster Gem Ⅰ
11675,Edgemaster Gem Ⅱ,Edgemaster Gem Ⅱ
11676,Edgemaster Gem Ⅲ,Edgemaster Gem Ⅲ
11677,Steady Hand Gem,Steady Hand Gem
11678,Gentle Shot Gem Ⅰ,Gentle Shot Gem Ⅰ
11679,Gentle Shot Gem Ⅱ,Gentle Shot Gem Ⅱ
11680,Gentle Shot Gem Ⅲ,Gentle Shot Gem Ⅲ
11681,Mounting Gem Ⅰ,Mounting Gem Ⅰ
11682,Mounting Gem Ⅱ,Mounting Gem Ⅱ
11683,Mounting Gem Ⅲ,Mounting Gem Ⅲ
11684,Critical Shot Gem Ⅰ,Critical Shot Gem Ⅰ
11685,Critical Shot Gem Ⅱ,Critical Shot Gem Ⅱ
11686,Critical Shot Gem Ⅲ,Critical Shot Gem Ⅲ
11687,Bullet Saver Gem Ⅰ,Bullet Saver Gem Ⅰ
11688,Bullet Saver Gem Ⅱ,Bullet Saver Gem Ⅱ
11689,Three Worlds Gem Ⅱ,Three Worlds Gem Ⅱ
11690,Three Worlds Gem Ⅲ,Three Worlds Gem Ⅲ
11691,Combo Exp Gem Ⅱ,Combo Exp Gem Ⅱ
11692,Combo Exp Gem Ⅲ,Combo Exp Gem Ⅲ
11693,Encourage Gem Ⅰ,Encourage Gem Ⅰ
11694,Encourage Gem Ⅱ,Encourage Gem Ⅱ
11695,Compensation Gem,Compensation Gem
11696,Blazing Grace Gem Ⅰ,Blazing Grace Gem Ⅰ
11697,Blazing Grace Gem Ⅱ,Blazing Grace Gem Ⅱ
11698,NP G Finesse Mat,NP G Finesse Mat
11699,Tower Cost Book,Tower Cost Book
11700,NP SnS Mat,NP SnS Mat
11701,B.Diablos Worn Shl,B.Diablos Worn Shl
11702,B.Diablos Worn Fng,B.Diablos Worn Fng
11703,Blk Twisted Horn,黑歪的角
11704,Blk Twisted Bihorn,黑歪的雙角
11705,Dashing Twisted Hrn,Dashing Twisted Hrn
11706,W.Monoblos Grt Shl,W.Monoblos Grt Shl
11707,W.Monoblos Grt Crpc,W.Monoblos Grt Crpc
11708,Pure Grayhorn,Pure Grayhorn
11709,True Pure Grayhorn,True Pure Grayhorn
11710,W.Monoblos Hard Fng,W.Monoblos Hard Fng
11711,W.Monoblos Hrd Shl,W.Monoblos Hrd Shl
11712,W.Mono Savage Shl,W.Mono Savage Shl
11713,Preparation Tkt,準備票
11714,Abyssal True Blood,Abyssal True Blood
11715,Yama Kurai Hide,浮峰龍的皮
11716,Yama Kurai Fur,浮峰龍的毛
11717,Dirty Golden Tooth,Dirty Golden Tooth
11718,Yama Kurai Acid,Yama Kurai Acid
11719,Dragon Vine,Dragon Vine
11720,Mystery Seed,謎之種子
11721,Y.Kurai Origin Hide,浮峰龍的皮
11722,Y.Kurai Origin Fur,浮峰龍的毛
11723,Shining Gold Tooth,Shining Gold Tooth
11724,Yama Kurai Maw,Yama Kurai Maw
11725,Dragon God Vine,Dragon God Vine
11726,Dragon God Seed,龍神種子
11727,Yama Kurai Proof,Yama Kurai Proof
11728,Dummy 11728,Dummy 11728
11729,Abio.Supreme Scl,Abio.Supreme Scl
11730,Abiorugu Suprm Hide,獰龍的皮
11731,Abiorugu Cruel Hrn,Abiorugu Cruel Hrn
11732,Abio.Starved Blood,Abio.Starved Blood
11733,Abiorugu Flayer,Abiorugu Flayer
11734,Abiorugu Fierce Fng,Abiorugu Fierce Fng
11735,Abio. Malice Bone,Abio. Malice Bone
11736,Abiorugu Feral Bone,Abiorugu Feral Bone
11737,Abiorugu Solid Bone,獰龍的骨
11738,Abiorugu Heat Bone,獰龍的骨
11739,Moonlight Egg,Moonlight Egg
11740,Shakalaka Hat,Shakalaka Hat
11741,Noble White Hair,Noble White Hair
11742,Heroic Black Hair,Heroic Black Hair
11743,Lone Scarlet Hair,Lone Scarlet Hair
11744,Gold Paint,Gold Paint
11745,Silver Paint,Silver Paint
11746,Bronze Paint,Bronze Paint
11747,Foggy Soul Grass,霧魂草
11748,Cloudy Soul Grass,雲魂草
11749,Tidal Soul Grass,潮魂草
11750,Ravine Soul Grass,峽魂草
11751,White Magnet,White Magnet
11752,Silky Ore,絲礦石
11753,Giant Bone Scroll,巨大骨卷軸
11754,Wht Desert Beetle,白沙漠甲蟲
11755,Desert Honey Grass,沙漠蜜草
11756,Momentary Beauty,Momentary Beauty
11757,Muji Trout,Muji Trout
11758,Marble Ore,大理石礦石
11759,Glittering Sandstone,閃亮砂岩
11760,Pure Wht Minerals,Pure Wht Minerals
11761,Wht Worm,白蟲
11762,Inch Worm,伊恩奇蟲
11763,Tawara Cactus,Tawara Cactus
11764,Everlasting Flower,永生花
11765,Sheer Field Grass,峭野草
11766,Rock Mushroom,岩菇
11767,Giant Stag Beetle,巨大鍬形蟲
11768,Boxed Catfish,盒裝鯰魚
11769,Neko Jewel Plum,Neko Jewel Plum
11770,Neko Jewel Apricot,Neko Jewel Apricot
11771,Neko Jewel Violet,Neko Jewel Violet
11772,Neko Jewel Willow,Neko Jewel Willow
11773,Neko Jewel Pomegrnt,Neko Jewel Pomegrnt
11774,Neko Jewel Laevigata,Neko Jewel Laevigata
11775,Neko Jewel Rice Seed,Neko Jewel Rice Seed
11776,Neko Jewel Jade,Neko Jewel Jade
11777,Neko Jewel Citrus,Neko Jewel Citrus
11778,Neko Jewel L.Yellow,Neko Jewel L.Yellow
11779,Neko Jewel D.Green,Neko Jewel D.Green
11780,Neko Jewel D.Brown,Neko Jewel D.Brown
11781,Tower Para S. Lv1,塔麻痺彈ＬＶ１
11782,Tower Para S. Lv2,塔麻痺彈ＬＶ２
11783,Tower Sleep S. LV1,塔睡眠彈ＬＶ１
11784,Tower Sleep S. Lv2,塔睡眠彈ＬＶ２
11785,Gesture・LBG Ⅰ,Gesture・LBG Ⅰ
11786,Gesture・GS Ⅰ,Gesture・GS Ⅰ
11787,Gesture・Tonfa Ⅰ,Gesture・Tonfa Ⅰ
11788,Gasurabazura Hide,怒貌龍的皮
11789,Gasurabazura Scale,怒貌龍的鱗
11790,Gasurabazura Fin,怒貌龍的鰭
11791,Gasurabazura Blood+,怒貌龍的血＋
11792,Gasura.Brace,Gasura.Brace
11793,Gasura.Venom Fang,怒貌龍的毒牙
11794,Gasura.Barbtail,怒貌龍的刺尾
11795,Gasura.Thick Hide,怒貌龍的皮
11796,Gasura.Thick Scale,怒貌龍的鱗
11797,Gasura.Speed Fin,怒貌龍的速鰭
11798,Gasura.Scald Blood,怒貌龍的熱血
11799,Gasura.Strng Arm Skn,Gasura.Strng Arm Skn
11800,Gasura D.Venom Fng,Gasura D.Venom Fng
11801,Gasura.Spiketail,怒貌龍的棘尾
11802,Gasura.Ocean Lung,Gasura.Ocean Lung
11803,Gasurabazura Proof,Gasurabazura Proof
11804,Cilty Tkt,チルティ票
11805,Neko Commendation Jwl,内科克歐姆梅恩達特伊歐恩珠
11806,Neko Gathering Jwl,内科加特赫里恩格珠
11807,Neko Exploration Jwl,内科艾克斯普洛拉特伊歐恩珠
11808,Neko Support Jewel,内科蘇普波爾特珠
11809,Neko Guard Jewel,内科防禦性能珠
11810,Neko Origin Jewel,内科歐里吉恩珠
11811,Neko Genus Jewel,内科格努斯珠
11812,Neko Meeting Jewel,内科梅艾特伊恩格珠
11813,Neko Divine Jewel,内科迪夫伊内珠
11814,Neko Tribute Jewel,内科特里布特珠
11815,Neko Prevention Jwl,内科普雷夫艾恩特伊歐恩珠
11816,Neko Resistance Jwl,内科雷斯伊斯塔恩克艾珠
11817,NekoGather EarthJwl,NekoGather EarthJwl
11818,NekoGather WindJwl,NekoGather WindJwl
11819,NekoGather SoundJwl,NekoGather SoundJwl
11820,Neko Adventure Jwl,内科阿德夫艾恩特烏雷珠
11821,Neko Support Jwl,内科蘇普波爾特珠
11822,Neko Bodyguard Jwl,内科波德伊古阿爾德珠
11823,Neko O.Defense Jwl,内科歐德費恩塞珠
11824,Neko G.Defense Jwl,内科格德費恩塞珠
11825,Neko Body Jwl,内科波德伊珠
11826,Neko God Defense Jwl,内科戈德防禦珠
11827,Neko Flute Jwl,内科笛珠
11828,Neko T.Speed B.Jwl,内科特斯佩艾德布傑威爾
11829,Neko T.Speed D.Jwl,内科特斯佩艾德德傑威爾
11830,Neko T.Speed R.Jwl,内科特斯佩艾德爾傑威爾
11831,NekoCelebrity E.Jwl,内科克艾勒布里特伊艾傑威爾
11832,NekoCelebrity W.Jwl,内科克艾勒布里特伊威傑威爾
11833,NekoCelebrity S.Jwl,内科克艾勒布里特伊斯傑威爾
11834,NekoVenture BodyJwl,NekoVenture BodyJwl
11835,NekoVenture DefJwl,NekoVenture DefJwl
11836,NekoVenture ResJwl,NekoVenture ResJwl
11837,NekoSupport OniJwl,NekoSupport OniJwl
11838,NekoSupport KaiJwl,NekoSupport KaiJwl
11839,NekoSupport HrdJwl,NekoSupport HrdJwl
11840,NekoB.Guard Insp.Jwl,内科布古阿爾德伊恩斯普傑威爾
11841,NekoB.Guard Bond.Jwl,内科布古阿爾德波恩德傑威爾
11842,NekoB.Guard CheerJwl,NekoB.Guard CheerJwl
11843,NekoO.Def Insp.Jwl,内科歐德夫伊恩斯普傑威爾
11844,NekoO.Def Bond Jwl,内科歐德夫絆珠
11845,NekoO.Def Cheer Jwl,内科歐德夫克赫艾爾珠
11846,NekoG.Def Insp.Jwl,内科格德夫伊恩斯普傑威爾
11847,NekoG.Def Bond Jwl,内科格德夫絆珠
11848,NekoG.Def Cheer Jwl,内科格德夫克赫艾爾珠
11849,NekoBody Insp.Jwl,内科波德伊伊恩斯普傑威爾
11850,NekoBody Bond Jwl,内科波德伊絆珠
11851,NekoBody Cheer Jwl,内科波德伊克赫艾爾珠
11852,NekoGodDef Insp.Jwl,内科戈德德夫伊恩斯普傑威爾
11853,NekoGodDef Bond Jwl,内科戈德德夫絆珠
11854,NekoGodDef Cheer Jwl,内科戈德德夫克赫艾爾珠
11855,ネコ貢復体・極珠,ネコ貢復体・極珠
11856,ネコ貢復防・極珠,ネコ貢復防・極珠
11857,ネコ貢復耐・極珠,ネコ貢復耐・極珠
11858,ネコ貢速体・極珠,ネコ貢速体・極珠
11859,ネコ貢速防・極珠,ネコ貢速防・極珠
11860,ネコ貢速耐・極珠,ネコ貢速耐・極珠
11861,ネコ冒険体・極珠,ネコ冒険体・極珠
11862,ネコ冒険防・極珠,ネコ冒険防・極珠
11863,ネコ冒険耐・極珠,ネコ冒険耐・極珠
11864,ネコ援鬼励・極珠,ネコ援鬼励・極珠
11865,ネコ援回励・極珠,ネコ援回励・極珠
11866,ネコ援硬励・極珠,ネコ援硬励・極珠
11867,ネコ堅援鬼・極珠,ネコ堅援鬼・極珠
11868,ネコ堅援回・極珠,ネコ堅援回・極珠
11869,ネコ堅援硬・極珠,ネコ堅援硬・極珠
11870,ネコ衛体奮・極珠,ネコ衛体奮・極珠
11871,ネコ衛体絆・極珠,ネコ衛体絆・極珠
11872,ネコ衛体励・極珠,ネコ衛体励・極珠
11873,ネコ元防奮・極珠,ネコ元防奮・極珠
11874,ネコ元防絆・極珠,ネコ元防絆・極珠
11875,ネコ元防励・極珠,ネコ元防励・極珠
11876,ネコ属防奮・極珠,ネコ属防奮・極珠
11877,ネコ属防絆・極珠,ネコ属防絆・極珠
11878,ネコ属防励・極珠,ネコ属防励・極珠
11879,ネコ会体奮・極珠,ネコ会体奮・極珠
11880,ネコ会体絆・極珠,ネコ会体絆・極珠
11881,ネコ会体励・極珠,ネコ会体励・極珠
11882,ネコ神防奮・極珠,ネコ神防奮・極珠
11883,ネコ神防絆・極珠,ネコ神防絆・極珠
11884,ネコ神防励・極珠,ネコ神防励・極珠
11885,ネコ激痺奮・極珠,ネコ激痺奮・極珠
11886,ネコ激痺絆・極珠,ネコ激痺絆・極珠
11887,ネコ激痺励・極珠,ネコ激痺励・極珠
11888,ネコ攻痺奮・極珠,ネコ攻痺奮・極珠
11889,ネコ攻痺絆・極珠,ネコ攻痺絆・極珠
11890,ネコ攻痺励・極珠,ネコ攻痺励・極珠
11891,ネコ激毒奮・極珠,ネコ激毒奮・極珠
11892,ネコ激毒絆・極珠,ネコ激毒絆・極珠
11893,ネコ激毒励・極珠,ネコ激毒励・極珠
11894,ネコ攻毒奮・極珠,ネコ攻毒奮・極珠
11895,ネコ攻毒絆・極珠,ネコ攻毒絆・極珠
11896,ネコ攻毒励・極珠,ネコ攻毒励・極珠
11897,ネコ激睡奮・極珠,ネコ激睡奮・極珠
11898,ネコ激睡絆・極珠,ネコ激睡絆・極珠
11899,ネコ激睡励・極珠,ネコ激睡励・極珠
11900,ネコ攻睡奮・極珠,ネコ攻睡奮・極珠
11901,ネコ攻睡絆・極珠,ネコ攻睡絆・極珠
11902,ネコ攻睡励・極珠,ネコ攻睡励・極珠
11903,ネコ突破励・極珠,ネコ突破励・極珠
11904,ネコ絶大励・極珠,ネコ絶大励・極珠
11905,ネコ炸裂励・極珠,ネコ炸裂励・極珠
11906,ネコ剣豪奮・極珠,ネコ剣豪奮・極珠
11907,ネコ剣豪絆・極珠,ネコ剣豪絆・極珠
11908,ネコ剣豪励・極珠,ネコ剣豪励・極珠
11909,ネコ剣豪速・極珠,ネコ剣豪速・極珠
11910,ネコ剣豪反・極珠,ネコ剣豪反・極珠
11911,ネコ強射奮・極珠,ネコ強射奮・極珠
11912,ネコ強射絆・極珠,ネコ強射絆・極珠
11913,ネコ強射励・極珠,ネコ強射励・極珠
11914,ネコ強射速・極珠,ネコ強射速・極珠
11915,ネコ強射反・極珠,ネコ強射反・極珠
11916,ネコ瞬速奮・極珠,ネコ瞬速奮・極珠
11917,ネコ瞬速絆・極珠,ネコ瞬速絆・極珠
11918,ネコ瞬速励・極珠,ネコ瞬速励・極珠
11919,ネコ瞬速巨・極珠,ネコ瞬速巨・極珠
11920,ネコ瞬速突・極珠,ネコ瞬速突・極珠
11921,ネコ瞬速爆・極珠,ネコ瞬速爆・極珠
11922,ネコ瞬速運・極珠,ネコ瞬速運・極珠
11923,ネコ鬼励土・極珠,ネコ鬼励土・極珠
11924,ネコ鬼励風・極珠,ネコ鬼励風・極珠
11925,ネコ鬼励音・極珠,ネコ鬼励音・極珠
11926,ネコ回励土・極珠,ネコ回励土・極珠
11927,ネコ回励風・極珠,ネコ回励風・極珠
11928,ネコ回励音・極珠,ネコ回励音・極珠
11929,ネコ硬励土・極珠,ネコ硬励土・極珠
11930,ネコ硬励風・極珠,ネコ硬励風・極珠
11931,ネコ硬励音・極珠,ネコ硬励音・極珠
11932,ネコ速痺土・極珠,ネコ速痺土・極珠
11933,ネコ速痺風・極珠,ネコ速痺風・極珠
11934,ネコ速痺音・極珠,ネコ速痺音・極珠
11935,ネコ攻運速・極珠,ネコ攻運速・極珠
11936,ネコ会運速・極珠,ネコ会運速・極珠
11937,ネコ会運擲・極珠,ネコ会運擲・極珠
11938,ネコ攻運爆・極珠,ネコ攻運爆・極珠
11939,ネコ斬鉄会・極珠,ネコ斬鉄会・極珠
11940,ネコ斬鉄痺・極珠,ネコ斬鉄痺・極珠
11941,ネコ斬鉄度・極珠,ネコ斬鉄度・極珠
11942,ネコ斬鉄運・極珠,ネコ斬鉄運・極珠
11943,ネコ斬鉄反・極珠,ネコ斬鉄反・極珠
11944,ネコ復土攻・極珠,ネコ復土攻・極珠
11945,ネコ復風攻・極珠,ネコ復風攻・極珠
11946,ネコ復音攻・極珠,ネコ復音攻・極珠
11947,ネコ復胆攻・極珠,ネコ復胆攻・極珠
11948,ネコ復土体・極珠,ネコ復土体・極珠
11949,ネコ復風体・極珠,ネコ復風体・極珠
11950,ネコ復音体・極珠,ネコ復音体・極珠
11951,ネコ復胆体・極珠,ネコ復胆体・極珠
11952,ネコ復土防・極珠,ネコ復土防・極珠
11953,ネコ復風防・極珠,ネコ復風防・極珠
11954,ネコ復音防・極珠,ネコ復音防・極珠
11955,ネコ復胆防・極珠,ネコ復胆防・極珠
11956,ネコ激憤会・極珠,ネコ激憤会・極珠
11957,ネコ激憤痺・極珠,ネコ激憤痺・極珠
11958,ネコ激憤度・極珠,ネコ激憤度・極珠
11959,ネコ激憤運・極珠,ネコ激憤運・極珠
11960,ネコ激憤反・極珠,ネコ激憤反・極珠
11961,ネコ盟友会・極珠,ネコ盟友会・極珠
11962,ネコ盟友痺・極珠,ネコ盟友痺・極珠
11963,ネコ盟友度・極珠,ネコ盟友度・極珠
11964,ネコ盟友運・極珠,ネコ盟友運・極珠
11965,ネコ盟友反・極珠,ネコ盟友反・極珠
11966,ネコ鼓舞会・極珠,ネコ鼓舞会・極珠
11967,ネコ鼓舞痺・極珠,ネコ鼓舞痺・極珠
11968,ネコ鼓舞度・極珠,ネコ鼓舞度・極珠
11969,ネコ鼓舞運・極珠,ネコ鼓舞運・極珠
11970,ネコ鼓舞反・極珠,ネコ鼓舞反・極珠
11971,ネコ激痺突・極珠,ネコ激痺突・極珠
11972,ネコ激痺巨・極珠,ネコ激痺巨・極珠
11973,ネコ攻痺爆・極珠,ネコ攻痺爆・極珠
11974,ネコ激毒突・極珠,ネコ激毒突・極珠
11975,ネコ激毒巨・極珠,ネコ激毒巨・極珠
11976,ネコ攻毒爆・極珠,ネコ攻毒爆・極珠
11977,ネコ激睡突・極珠,ネコ激睡突・極珠
11978,ネコ激睡巨・極珠,ネコ激睡巨・極珠
11979,ネコ攻睡爆・極珠,ネコ攻睡爆・極珠
11980,Exotic Gem,Exotic Gem
11981,Exotic Bone,異國骨
11982,Airyu Tkt,アイリュ票
11983,Cornpopper Tkt,コーンポッパー票
11984,Gaiasp Tkt,ガイアスプ票
11985,Chak Chak Tkt,チャクチャク票
11986,Arca Tkt,アルカ票
11987,Grau C Tkt,灰Ｃ票
11988,Mavro C Tkt,黒Ｃ票
11989,Mauve C Tkt,淡紫Ｃ票
11990,Rose C Tkt,薔薇Ｃ票
11991,Rashino Tkt,ラシノ票
11992,Rosson Tkt,ロッソン票
11993,IM Pain Tkt,ＩＭ苦痛票
11994,Demon FU Tkt,鬼人ＦＵ票
11995,Longinus Tkt,ロンギヌス票
11996,P Rifle Tkt,Ｐ銃票
11997,P Knife Tkt,Ｐ刀票
11998,C Sword Tkt,Ｃ大剣票
11999,Zinogre Carapace,雷狼龍的堅殼
12000,Zinogre Electrofur,雷狼龍的電毛
12001,Zinogre Claw+,雷狼龍的尖爪
12002,Zinogre Shocker+,Zinogre Shocker+
12003,Fulgurbug,電光蟲
12004,Zinogre Jasper,Zinogre Jasper
12005,Zinogre Tail,雷狼龍的尾
12006,Zinogre Horn,雷狼龍的角
12007,Zinogre Cortex,雷狼龍的重殼
12008,Zinogre Electrfur+,雷狼龍的電毛＋
12009,Zinogre Riptalon,雷狼龍的鋭爪
12010,Zinogre D.Shocker,Zinogre D.Shocker
12011,Zinogre Skymerald,Zinogre Skymerald
12012,Zinogre Lash,雷狼龍的靭尾
12013,Zinogre Hardhorn,雷狼龍的堅角
12014,Sealed Book,Sealed Book
12015,Binding Book,Binding Book
12016,Cleansing Book,Cleansing Book
12017,Fate Sword Tkt,運命剣票
12018,Karma Sword Tkt,業剣票
12019,End Hammer Tkt,終焉大錘票
12020,Final Hammer Tkt,最終大錘票
12021,Eternal Bow Tkt,永遠弓票
12022,Immortal Bow Tkt,不滅弓票
12023,Etotra Tkt,エトトラ票
12024,Latesia Tkt,ラテシア票
12025,Artes Tkt,アルテス票
12026,Polemika Tkt,ポレミカ票
12027,S Dist Tkt,ディストＳ票
12028,S Troll Tkt,トロールＳ票
12029,S Est Tkt,エストＳ票
12030,S Mira Tkt,ミラＳ票
12031,S Domino Tkt,ドミノＳ票
12032,Pral Tkt,プラル票
12033,Larufi Tkt,ラルフィ票
12034,F Dist Tkt,ディストＦ票
12035,F Troll Tkt,トロールＦ票
12036,F Est Tkt,エストＦ票
12037,F Mira Tkt,ミラＦ票
12038,F Domino Tkt,ドミノＦ票
12039,Uber Tkt,超絶票
12040,Yufal Tkt,ユファル票
12041,Caravan Crmellia Box,Caravan Crmellia Box
12042,Caravan Hllyhock Box,Caravan Hllyhock Box
12043,T.Para Coating,塔麻痺瓶
12044,T.Sleep Coating,塔睡眠瓶
12045,Grave Claw,Grave Claw
12046,Solemn Purple Cloth,Solemn Purple Cloth
12047,Soft White Hair,Soft White Hair
12048,Large Black Cusps,Large Black Cusps
12049,Surging Blk Carapace,Surging Blk Carapace
12050,Boiling Red Carapace,Boiling Red Carapace
12051,Crab Cat Tkt,蟹猫票
12052,Chipped Metal Piece,Chipped Metal Piece
12053,Palm Sized Screw,Palm Sized Screw
12054,Muddy Ball,Muddy Ball
12055,Thorny Seashell,Thorny Seashell
12056,Puncture Seashell,Puncture Seashell
12057,Fragrant Fishing Line,Fragrant Fishing Line
12058,Fragrant Fish Net,Fragrant Fish Net
12059,Frgrnt Metal Fitting,Frgrnt Metal Fitting
12060,Crab Cat Tkt Head,蟹猫頭票
12061,Pen Cat Tkt Head,ペン猫頭票
12062,Hajikeru Fruit,Hajikeru Fruit
12063,Bright Blue Flower,亮藍花
12064,Frostbite Flower,凍傷花
12065,Slimy Leaves,Slimy Leaves
12066,Smooth Leaves,Smooth Leaves
12067,Utauta Morpho,Utauta Morpho
12068,Torinome Morpho,Torinome Morpho
12069,Glimmering Morpho,Glimmering Morpho
12070,ガニネコ生産券胴,ガニネコ生産券胴
12071,ペンネコ生産券胴,ペンネコ生産券胴
12072,東ネコ生産券天,東ネコ生産券天
12073,東ネコ生産券北,東ネコ生産券北
12074,東ネコ生産券奥,東ネコ生産券奥
12075,東ネコ生産券江,東ネコ生産券江
12076,東ネコ生産券尾,東ネコ生産券尾
12077,東ネコ生産券浪,東ネコ生産券浪
12078,東ネコ生産券陰,東ネコ生産券陰
12079,東ネコ生産券伊,東ネコ生産券伊
12080,東ネコ生産券筑,東ネコ生産券筑
12081,東ネコ生産券金,東ネコ生産券金
12082,東ネコ生産券青,東ネコ生産券青
12083,Coral Jewel,克歐拉爾珠
12084,Navy Jewel,納夫伊珠
12085,Crabapple Jewel,克拉巴普普勒珠
12086,M. Challenge Tkt 1,Ｍ・挑戦票・１
12087,M. Challenge Tkt 2,Ｍ・挑戦票・２
12088,M. Challenge Tkt 3,Ｍ・挑戦票・３
12089,M. Challenge Tkt 4,Ｍ・挑戦票・４
12090,M. Challenge Tkt 5,Ｍ・挑戦票・５
12091,M. Challenge Tkt 6,Ｍ・挑戦票・６
12092,M. Answer Tkt 1A,Ｍ・回答票・１Ａ
12093,M. Answer Tkt 1B,Ｍ・回答票・１Ｂ
12094,M. Answer Tkt 2A,Ｍ・回答票・２Ａ
12095,M. Answer Tkt 2B,Ｍ・回答票・２Ｂ
12096,M. Answer Tkt 3A,Ｍ・回答票・３Ａ
12097,M. Answer Tkt 3B,Ｍ・回答票・３Ｂ
12098,M. Answer Tkt 4A,Ｍ・回答票・４Ａ
12099,M. Answer Tkt 4B,Ｍ・回答票・４Ｂ
12100,M. Answer Tkt 5A,Ｍ・回答票・５Ａ
12101,M. Answer Tkt 5B,Ｍ・回答票・５Ｂ
12102,M. Answer Tkt 6A,Ｍ・回答票・６Ａ
12103,M. Answer Tkt 6B,Ｍ・回答票・６Ｂ
12104,Cross Pendant,Cross Pendant
12105,Fancy Mirror,Fancy Mirror
12106,Beautiful Mirror,Beautiful Mirror
12107,Rusty Mirror,Rusty Mirror
12108,Broken Mirror,Broken Mirror
12109,Red Stone Pieces,紅石片
12110,誰かの食べ残し,誰かの食べ残し
12111,Modish Cup,Modish Cup
12112,Mystery White Bill,Mystery White Bill
12113,Mystery Red Bill,Mystery Red Bill
12114,Mystery Yellw Bill,Mystery Yellw Bill
12115,Mystery Purpl Bill,Mystery Purpl Bill
12116,Mystery Blue Bill,Mystery Blue Bill
12117,Dirty Crest,汚的冠
12118,Cute Crest,可愛的冠
12119,Beautiful Crest,Beautiful Crest
12120,Gorgeous Crest,Gorgeous Crest
12121,Creepy Crest,詭異的冠
12122,New Bookmark,New Bookmark
12123,Old Bookmark,Old Bookmark
12124,Broken Bookmark,Broken Bookmark
12125,Dirty Bookmark,Dirty Bookmark
12126,Cloth Bookmark,Cloth Bookmark
12127,Leather Bookmark,Leather Bookmark
12128,Embroidered Bookmark,Embroidered Bookmark
12129,人類補完計画書,人類補完計画書
12130,Dusk Tkt Head,黄昏頭票
12131,Dusk Tkt Torso,黄昏胴票
12132,Dusk Tkt Arms,黄昏腕票
12133,Dusk Tkt Waist,黄昏腰票
12134,Dusk Tkt Legs,黄昏脚票
12135,EVA Tkt,ＥＶＡ票
12136,トイスト生産券,トイスト生産券
12137,Disu Kit 1 Head,Disu Kit 1 Head
12138,Disu Kit 1 Chest,Disu Kit 1 Chest
12139,Disu Kit 1 Arms,Disu Kit 1 Arms
12140,Disu Kit 1 Waist,Disu Kit 1 Waist
12141,Disu Kit 1 Legs,Disu Kit 1 Legs
12142,Disu Kit 2 Head,Disu Kit 2 Head
12143,Disu Kit 2 Chest,Disu Kit 2 Chest
12144,Disu Kit 2 Arms,Disu Kit 2 Arms
12145,Disu Kit 2 Waist,Disu Kit 2 Waist
12146,Disu Kit 2 Legs,Disu Kit 2 Legs
12147,Disu Kit 3 Head,Disu Kit 3 Head
12148,Disu Kit 3 Chest,Disu Kit 3 Chest
12149,Disu Kit 3 Arms,Disu Kit 3 Arms
12150,Disu Kit 3 Waist,Disu Kit 3 Waist
12151,Disu Kit 3 Legs,Disu Kit 3 Legs
12152,Gania Tkt Head,ガニア頭票
12153,Gania Tkt Torso,ガニア胴票
12154,Gania Tkt Arms,ガニア腕票
12155,Gania Tkt Waist,ガニア腰票
12156,Gania Tkt Legs,ガニア脚票
12157,Wrath BM G,Wrath BM G
12158,Wrath BM GF,Wrath BM GF
12159,Wrath BM GX1,Wrath BM GX1
12160,Wrath BM GX2,Wrath BM GX2
12161,Wrath BM GX3,Wrath BM GX3
12162,Wrath BM GX4,Wrath BM GX4
12163,Wrath BM GX5,Wrath BM GX5
12164,Rage GN G,Rage GN G
12165,Rage GN GF,Rage GN GF
12166,Rage GN GX1,Rage GN GX1
12167,Rage GN GX2,Rage GN GX2
12168,Rage GN GX3,Rage GN GX3
12169,Rage GN GX4,Rage GN GX4
12170,Rage GN GX5,Rage GN GX5
12171,Abi BM G,Abi BM G
12172,Abi BM GF,Abi BM GF
12173,Abi BM GX1,Abi BM GX1
12174,Abi BM GX2,Abi BM GX2
12175,Abi BM GX3,Abi BM GX3
12176,Abi BM GX4,Abi BM GX4
12177,Abi BM GX5,Abi BM GX5
12178,Abi GN G,Abi GN G
12179,Abi GN GF,Abi GN GF
12180,Abi GN GX1,Abi GN GX1
12181,Abi GN GX2,Abi GN GX2
12182,Abi GN GX3,Abi GN GX3
12183,Abi GN GX4,Abi GN GX4
12184,Abi GN GX5,Abi GN GX5
12185,Ordre BM G,Ordre BM G
12186,Ordre BM GF,Ordre BM GF
12187,Ordre BM GX1,Ordre BM GX1
12188,Ordre BM GX2,Ordre BM GX2
12189,Ordre BM GX3,Ordre BM GX3
12190,Ordre BM GX4,Ordre BM GX4
12191,Ordre BM GX5,Ordre BM GX5
12192,Ordre GN G,Ordre GN G
12193,Ordre GN GF,Ordre GN GF
12194,Ordre GN GX1,Ordre GN GX1
12195,Ordre GN GX2,Ordre GN GX2
12196,Ordre GN GX3,Ordre GN GX3
12197,Ordre GN GX4,Ordre GN GX4
12198,Ordre GN GX5,Ordre GN GX5
12199,Cheni BM G,Cheni BM G
12200,Cheni BM GF,Cheni BM GF
12201,Cheni BM GX1,Cheni BM GX1
12202,Cheni BM GX2,Cheni BM GX2
12203,Cheni BM GX3,Cheni BM GX3
12204,Cheni BM GX4,Cheni BM GX4
12205,Cheni BM GX5,Cheni BM GX5
12206,Cheni GN G,Cheni GN G
12207,Cheni GN GF,Cheni GN GF
12208,Cheni GN GX1,Cheni GN GX1
12209,Cheni GN GX2,Cheni GN GX2
12210,Cheni GN GX3,Cheni GN GX3
12211,Cheni GN GX4,Cheni GN GX4
12212,Cheni GN GX5,Cheni GN GX5
12213,Riaruo BM GX1,Riaruo BM GX1
12214,Riaruo BM GX2,Riaruo BM GX2
12215,Riaruo BM GX3,Riaruo BM GX3
12216,Riaruo BM GX4,Riaruo BM GX4
12217,Riaruo BM GX5,Riaruo BM GX5
12218,Riaruo GN GX1,Riaruo GN GX1
12219,Riaruo GN GX2,Riaruo GN GX2
12220,Riaruo GN GX3,Riaruo GN GX3
12221,Riaruo GN GX4,Riaruo GN GX4
12222,Riaruo GN GX5,Riaruo GN GX5
12223,Drawing Arts SA1,拔刀術ＳＡ１
12224,Sword God PA1,劍神ＰＡ１
12225,Sword God PA2,劍神ＰＡ２
12226,Vigorous PA1,強健ＰＡ１
12227,Vigorous PA2,強健ＰＡ２
12228,Vigorous PA3,強健ＰＡ３
12229,Adaptation PA3,適應ＰＡ３
12230,Incitement PA3,挑釁ＰＡ３
12231,Assistance PA5,支援ＰＡ５
12232,Abs Def PA3,絶對防禦ＰＡ３
12233,Combat Suprem PA2,戦闘至上ＰＡ２
12234,Charge Attack Up PB4 PB4,蓄力攻撃強化ＰＢ４
12235,Charge Attack Up PB5 PB5,蓄力攻撃強化ＰＢ５
12236,Charge Attack Up PB6 PB6,蓄力攻撃強化ＰＢ６
12237,Dissolver PB3 PB3,属性解放ＰＢ３
12238,Dissolver PB4 PB4,属性解放ＰＢ４
12239,Dissolver PB5 PB5,属性解放ＰＢ５
12240,Dissolver PB6 PB6,属性解放ＰＢ６
12241,Herbal Science PB2,藥草學ＰＢ２
12242,Herbal Science PB3,藥草學ＰＢ３
12243,Drug Knowledge PB4,藥品知識ＰＢ４
12244,Drug Knowledge PB5,藥品知識ＰＢ５
12245,Drug Knowledge PB6,藥品知識ＰＢ６
12246,Dark Pulse PB3,闇脈動ＰＢ３
12247,Dark Pulse PB4,闇脈動ＰＢ４
12248,Dark Pulse PB5,闇脈動ＰＢ５
12249,Dark Pulse PB6,闇脈動ＰＢ６
12250,Rapid Fire PB3,速射ＰＢ３
12251,Rapid Fire PB4,速射ＰＢ４
12252,Rapid Fire PB5,速射ＰＢ５
12253,Rapid Fire PB6,速射ＰＢ６
12254,Sword God PC1,劍神ＰＣ１
12255,Sword God PC2,劍神ＰＣ２
12256,Sword God PC3,劍神ＰＣ３
12257,Sword God PC4,劍神ＰＣ４
12258,Sword God PC5,劍神ＰＣ５
12259,Edgemaster PC7,劍術ＰＣ７
12260,Edgemaster PC8,劍術ＰＣ８
12261,Edgemaster PC9,劍術ＰＣ９
12262,Edgemaster PC10,劍術ＰＣ１０
12263,Edgemaster PC11,劍術ＰＣ１１
12264,Critical Shot PC7,彈道強化ＰＣ７
12265,Critical Shot PC8,彈道強化ＰＣ８
12266,Critical Shot PC9,彈道強化ＰＣ９
12267,Critical Shot PC10,彈道強化ＰＣ１０
12268,Critical Shot PC11,彈道強化ＰＣ１１
12269,Bullet Saver PC7,節約彈藥ＰＣ７
12270,Bullet Saver PC8,節約彈藥ＰＣ８
12271,Bullet Saver PC9,節約彈藥ＰＣ９
12272,Bullet Saver PC10,節約彈藥ＰＣ１０
12273,Bullet Saver PC11,節約彈藥ＰＣ１１
12274,Vampirism PC7,吸血ＰＣ７
12275,Vampirism PC8,吸血ＰＣ８
12276,Vampirism PC9,吸血ＰＣ９
12277,Vampirism PC10,吸血ＰＣ１０
12278,Vampirism PC11,吸血ＰＣ１１
12279,Adaptation PC1,適應ＰＣ１
12280,Adaptation PC2,適應ＰＣ２
12281,Adaptation PC3,適應ＰＣ３
12282,Adaptation PC4,適應ＰＣ４
12283,Adaptation PC5,適應ＰＣ５
12284,Incitement PC1,挑釁ＰＣ１
12285,Incitement PC2,挑釁ＰＣ２
12286,Incitement PC3,挑釁ＰＣ３
12287,Incitement PC4,挑釁ＰＣ４
12288,Incitement PC5,挑釁ＰＣ５
12289,Abs Def PC1,絶對防禦ＰＣ１
12290,Abs Def PC2,絶對防禦ＰＣ２
12291,Abs Def PC3,絶對防禦ＰＣ３
12292,Abs Def PC4,絶對防禦ＰＣ４
12293,Abs Def PC5,絶對防禦ＰＣ５
12294,Combat Suprem PC1,戦闘至上ＰＣ１
12295,Combat Suprem PC2,戦闘至上ＰＣ２
12296,Combat Suprem PC3,戦闘至上ＰＣ３
12297,Combat Suprem PC4,戦闘至上ＰＣ４
12298,Combat Suprem PC5,戦闘至上ＰＣ５
12299,Vigorous PC1,強健ＰＣ１
12300,Vigorous PC2,強健ＰＣ２
12301,Vigorous PC3,強健ＰＣ３
12302,Vigorous PC4,強健ＰＣ４
12303,NERV Top Secret Material,NERV Top Secret Material
12304,Heavy Power Gem,Heavy Power Gem
12305,True Power Gem,True Power Gem
12306,Divine Power Gem,Divine Power Gem
12307,O. Espi Toxic Spike,O. Espi Toxic Spike
12308,O. Espi Absolute Scl,O. Espi Absolute Scl
12309,O. Espi Absolute Shl,O. Espi Absolute Shl
12310,O. Espi Blade Spike,O. Espi Blade Spike
12311,O. Espi Brown Shl,O. Espi Brown Shl
12312,Torid Shl,Torid Shl
12313,Toridcles Fur,照雷鳥的毛
12314,Torid Claw,照雷鳥的爪
12315,Torid Gem,照雷鳥的寶玉
12316,Torid Fthrhrn Piece,Torid Fthrhrn Piece
12317,Toridlcess Wing Shl,照雷鳥的翼殼
12318,Toridcles Tail Shl,照雷鳥的尾殼
12319,Torid Shl+,Torid Shl+
12320,Torid Fur+,照雷鳥的毛＋
12321,Torid Claw+,照雷鳥的尖爪
12322,Torid Pure Gem,照雷鳥的淨寶玉
12323,Torid Featherhorn,照雷鳥的羽角
12324,Torid Hard Wing Shl,照雷鳥的堅翼殼
12325,Torid Tail,照雷鳥的尾
12326,Torid Body Fluid,Torid Body Fluid
12327,R. Volga Ageless Fin,熔岩龍的鰭
12328,R. Volga Ageless Scale,熔岩龍的鱗
12329,R. Volga Magma Fang,R. Volga Magma Fang
12330,R. Volga Slag Shell,R. Volga Slag Shell
12331,R. Volga Rotary Fin,R. Volga Rotary Fin
12332,R. Volga Finblade,R. Volga Finblade
12333,R. Volga Terrorfin,R. Volga Terrorfin
12334,R. Volga Meltfang,R. Volga Meltfang
12335,Locket of Joy,Locket of Joy
12336,Locket of Sorrow,Locket of Sorrow
12337,Locket of Anger,Locket of Anger
12338,Locket of Healing,Locket of Healing
12339,Star Sand,Star Sand
12340,Moon Sand,Moon Sand
12341,Earth Sand,Earth Sand
12342,Seaside Sand,Seaside Sand
12343,Fossil Sand,Fossil Sand
12344,Noble Feather Pen,Noble Feather Pen
12345,Fancy Quill Pen,Fancy Quill Pen
12346,Old Quill Pen,Old Quill Pen
12347,Big Quill Pen,Big Quill Pen
12348,Small Quill Pen,Small Quill Pen
12349,Christmas Wreath,Christmas Wreath
12350,Eastern Decoration,Eastern Decoration
12351,Sweet Ribbon,Sweet Ribbon
12352,White Tie,White Tie
12353,White Choker,White Choker
12354,Dummy 12354,Dummy 12354
12355,Torid Proof,Torid Proof
12356,Dummy 12356,Dummy 12356
12357,Dummy 12357,Dummy 12357
12358,Dummy 12358,Dummy 12358
12359,Wpn Forging Study,Wpn Forging Study
12360,Porta Brownies,Porta Brownies
12361,Porta Marshmallows,Porta Marshmallows
12362,Barioth Carapace,冰牙龍的堅殼
12363,Barioth Prmafrst Sac,Barioth Prmafrst Sac
12364,Barioth Thickfur,Barioth Thickfur
12365,Barioth Frost Gem,Barioth Frost Gem
12366,Amber Tusk,Amber Tusk
12367,Barioth Spike,冰牙龍的棘
12368,Barioth Tail,冰牙龍的尾
12369,Barioth Claw+,冰牙龍的尖爪
12370,Barioth Cortex,冰牙龍的重殼
12371,Flashfrost Sac,Flashfrost Sac
12372,Barioth Tough Hide,冰牙龍的強皮
12373,Barioth Mantle,冰牙龍的天鱗
12374,Hvy Amber Tusks,Hvy Amber Tusks
12375,Barioth Lash,冰牙龍的靭尾
12376,Barioth Talon,Barioth Talon
12377,W.Hypnoc Suprm Fur,眠鳥的毛
12378,W.Hypnoc Suprm Claw,眠鳥的爪
12379,W.Hypnoc V.Beak,W.Hypnoc V.Beak
12380,W.Hypnoc Tru Bezoar,W.Hypnoc Tru Bezoar
12381,Hypnoc Silver Hair,Hypnoc Silver Hair
12382,W. Hypnoc Wht Hair,W. Hypnoc Wht Hair
12383,Dummy 12383,Dummy 12383
12384,Dummy 12384,Dummy 12384
12385,Dummy 12385,Dummy 12385
12386,FG4 Tkt 1,ＦＧ４票・１
12387,FG4 Tkt 2,ＦＧ４票・２
12388,FG4 Tkt 3,ＦＧ４票・３
12389,FG4 Tkt 4,ＦＧ４票・４
12390,FG4 Tkt 5,ＦＧ４票・５
12391,オスクリ生産券,オスクリ生産券
12392,ルスクリ生産券,ルスクリ生産券
12393,Valenti Tkt,ヴァレンティ票
12394,Begia Tkt,ベギア票
12395,Dummy 12395,Dummy 12395
12396,Dummy 12396,Dummy 12396
12397,Dummy 12397,Dummy 12397
12398,Dummy 12398,Dummy 12398
12399,Dummy 12399,Dummy 12399
12400,Aniba Quest Tkt,アニバ任務票
12401,Exotic Shl,Exotic Shl
12402,Brach Carapace,碎龍的堅殼
12403,Brach EbonShl,Brach EbonShl
12404,Mystery Slime,Mystery Slime
12405,Brach Scalp,Brach Scalp
12406,Brach Tail,碎龍的尾
12407,Brach Pounder,Brach Pounder
12408,Brach Gem,碎龍的寶玉
12409,Brach Cortex,碎龍的重殼
12410,Brach EbonShl+,Brach EbonShl+
12411,Glowing Slime,Glowing Slime
12412,Brach Crown,Brach Crown
12413,Brach Lash,碎龍的靭尾
12414,Brach Pounder+,Brach Pounder+
12415,Brach Pallium,碎龍的天殻
12416,Riko No. Tkt,リコノ票
12417,Riko De. Tkt,リコデ票
12418,Riko To. Tkt,リコト票
12419,Riko Ku. Tkt,リコク票
12420,Riko Shi. Tkt,リコシ票
12421,Riko Tou. Tkt,リコトウ票
12422,Riko Gala. Tkt,リコガラ票
12423,Gio No. Tkt,ジオノ票
12424,Gio De. Tkt,ジオデ票
12425,Gio To. Tkt,ジオト票
12426,Gio Ku. Tkt,ジオク票
12427,Gio Shi. Tkt,ジオシ票
12428,Gio Tou. Tkt,ジオトウ票
12429,Gio Gala. Tkt,ジオガラ票
12430,Azul Tkt,アズール票
12431,アクダル生産券,アクダル生産券
12432,ズセ生産券,ズセ生産券
12433,ロズ生産券,ロズ生産券
12434,Verde Tkt,ヴェルデ票
12435,アイスバ生産券,アイスバ生産券
12436,Cassius Tkt,カシウス票
12437,T Spear Tkt,Ｔ槍票
12438,N2 Tkt,Ｎ２票
12439,Super Electromagnet Tkt,超電磁票
12440,Friendship Proof Red,Friendship Proof Red
12441,Friendship Proof Blue,Friendship Proof Blue
12442,Friendship Proof Wht,Friendship Proof Wht
12443,Friendship Proof Yllw,Friendship Proof Yllw
12444,Friendship Proof Pink,Friendship Proof Pink
12445,Friendship Proof Pur,Friendship Proof Pur
12446,Bond Coin,Bond Coin
12447,Meisei Coin,Meisei Coin
12448,Shozo Coin,Shozo Coin
12449,Rare Coin,Rare Coin
12450,Nyanya Coin,Nyanya Coin
12451,Gook Coin,Gook Coin
12452,Rusty Coin,Rusty Coin
12453,Starry Sky Coin,Starry Sky Coin
12454,Sunlight Coin,Sunlight Coin
12455,Moonlight Coin,Moonlight Coin
12456,Mysterious Coin,Mysterious Coin
12457,Memory Coin,Memory Coin
12458,Oblivion Coin,Oblivion Coin
12459,Bright Coin,Bright Coin
12460,Raviente Blk Hide,大巖龍的皮
12461,Raviente Blk Scale,大巖龍的鱗
12462,Raviente Blk Blood,大巖龍的血
12463,Ravi Bright Crystal,Ravi Bright Crystal
12464,Raviente Blk Horn,大巖龍的角
12465,Raviente Blk Wing,大巖龍的翼
12466,Raviente Blk Tail,大巖龍的尾
12467,Raviente Blk Fang,大巖龍的牙
12468,Ravi Hidden Marrow,Ravi Hidden Marrow
12469,Raviente Blk Spike,大巖龍的棘
12470,Volga Tkt,ヴォルガ票
12471,W Eater Tkt,Ｗ・喰者票
12472,Tallfish Tkt,トールフィッシュ票
12473,B Star,B Star
12474,Green Light Stone,綠光石
12475,Blood Light Stone,布洛歐德光石
12476,Flwr Soul Stone,花魂石
12477,Rain Soul Stone,雨魂石
12478,Mist Soul Grass,霧魂草
12479,Bubble Soul Grass,泡魂草
12480,Snow Soul Grass,雪魂草
12481,パローネ奇水,パローネ奇水
12482,パローネ幻水,パローネ幻水
12483,パローネ妖水,パローネ妖水
12484,Tenacious GrnScl,Tenacious GrnScl
12485,Tenacious OrngScl,Tenacious OrngScl
12486,Tenacious WhtScl,Tenacious WhtScl
12487,Fluffy Cotton,Fluffy Cotton
12488,"New Years Gift ""Monkey""","New Years Gift ""Monkey"""
12489,甘い小言,甘い小言
12490,風情ある堅紙・紺,風情ある堅紙・紺
12491,風情ある堅紙・桃,風情ある堅紙・桃
12492,Guren Jam,Guren Jam
12493,Toxic Flower,毒花
12494,Magzegite Ore,馬格傑基特礦石
12495,T. Impact Coating,塔強撃瓶
12496,T. Acid Shot,塔酸彈
12497,T. Bomb S.,塔爆彈
12498,T. Power Crystal,T. Power Crystal
12499,G9 Gacha Tkt,Ｇ９抽選票
12500,Rouge Jewel,羅烏格珠
12501,Tortoise Jewel,托爾托伊塞珠
12502,Pale Indigo Jewel,波勒伊恩迪戈珠
12503,Elegant Blue Cloth,Elegant Blue Cloth
12504,Agerta Ore,阿傑爾塔礦石
12505,Kaila Ticket,カイラ票
12506,Dawn Docs,Dawn Docs
12507,RedSnow Ancient Docs,RedSnow Ancient Docs
12508,Grudg. Ancient Docs,Grudg. Ancient Docs
12509,Veitch Ticket,ヴィーチ票
12510,White Beak,White Beak
12511,Sakura Night Book,Sakura Night Book
12512,Guild Symbol,Guild Symbol
12513,Shiusu Coin,Shiusu Coin
12514,Shiusu Mining Coin,Shiusu Mining Coin
12515,Shiusu Insect Coin,Shiusu Insect Coin
12516,ShiusuGatheringCoin,ShiusuGatheringCoin
12517,採集のコイン４Ｇ,採集のコイン４Ｇ
12518,採集のコイン５Ｇ,採集のコイン５Ｇ
12519,採集のコイン６Ｇ,採集のコイン６Ｇ
12520,採集のコイン収Ｇ,採集のコイン収Ｇ
12521,採集のコイン穫Ｇ,採集のコイン穫Ｇ
12522,EVA Tkt Ⅱ,ＥＶＡ票Ⅱ
12523,Pen Cat Tkt,ペン猫票
12524,ギルスカ生産券,ギルスカ生産券
12525,Amista Tkt Head,アミスタ頭票
12526,Amista Tkt Torso,アミスタ胴票
12527,Amista Tkt Arms,アミスタ腕票
12528,Amista Tkt Waist,アミスタ腰票
12529,Amista Tkt Legs,アミスタ脚票
12530,Lightning BM G,Lightning BM G
12531,Lightning BM GF,Lightning BM GF
12532,Lightning BM GX1,Lightning BM GX1
12533,Lightning BM GX2,Lightning BM GX2
12534,Lightning BM GX3,Lightning BM GX3
12535,Lightning BM GX4,Lightning BM GX4
12536,Lightning BM GX5,Lightning BM GX5
12537,Thunder GN G,Thunder GN G
12538,Thunder GN GF,Thunder GN GF
12539,Thunder GN GX1,Thunder GN GX1
12540,Thunder GN GX2,Thunder GN GX2
12541,Thunder GN GX3,Thunder GN GX3
12542,Thunder GN GX4,Thunder GN GX4
12543,Thunder GN GX5,Thunder GN GX5
12544,Orange Espi BM G,Orange Espi BM G
12545,Orange Espi BM GF,Orange Espi BM GF
12546,Orange Espi BM GX1,Orange Espi BM GX1
12547,Orange Espi BM GX2,Orange Espi BM GX2
12548,Orange Espi BM GX3,Orange Espi BM GX3
12549,Orange Espi BM GX4,Orange Espi BM GX4
12550,Orange Espi BM GX5,Orange Espi BM GX5
12551,Orange Espi GN G,Orange Espi GN G
12552,Orange Espi GN GF,Orange Espi GN GF
12553,Orange Espi GN GX1,Orange Espi GN GX1
12554,Orange Espi GN GX2,Orange Espi GN GX2
12555,Orange Espi GN GX3,Orange Espi GN GX3
12556,Orange Espi GN GX4,Orange Espi GN GX4
12557,Orange Espi GN GX5,Orange Espi GN GX5
12558,Red Vola BM G,Red Vola BM G
12559,Red Vola BM GF,Red Vola BM GF
12560,Red Vola BM GX1,Red Vola BM GX1
12561,Red Vola BM GX2,Red Vola BM GX2
12562,Red Vola BM GX3,Red Vola BM GX3
12563,Red Vola BM GX4,Red Vola BM GX4
12564,Red Vola BM GX5,Red Vola BM GX5
12565,Red Vola GN G,Red Vola GN G
12566,Red Vola GN GF,Red Vola GN GF
12567,Red Vola GN GX1,Red Vola GN GX1
12568,Red Vola GN GX2,Red Vola GN GX2
12569,Red Vola GN GX3,Red Vola GN GX3
12570,Red Vola GN GX4,Red Vola GN GX4
12571,Red Vola GN GX5,Red Vola GN GX5
12572,Will BM GX1,Will BM GX1
12573,Will BM GX2,Will BM GX2
12574,Will BM GX3,Will BM GX3
12575,Will BM GX4,Will BM GX4
12576,Will BM GX5,Will BM GX5
12577,Will GN GX1,Will GN GX1
12578,Will GN GX2,Will GN GX2
12579,Will GN GX3,Will GN GX3
12580,Will GN GX4,Will GN GX4
12581,Will GN GX5,Will GN GX5
12582,White Hypnoc BM G,White Hypnoc BM G
12583,White Hypnoc BM GF,White Hypnoc BM GF
12584,White Hypnoc BM GX1,White Hypnoc BM GX1
12585,White Hypnoc BM GX2,White Hypnoc BM GX2
12586,White Hypnoc BM GX3,White Hypnoc BM GX3
12587,White Hypnoc BM GX4,White Hypnoc BM GX4
12588,White Hypnoc BM GX5,White Hypnoc BM GX5
12589,White Hypnoc GN G,White Hypnoc GN G
12590,White Hypnoc GN GF,White Hypnoc GN GF
12591,White Hypnoc GN GX1,White Hypnoc GN GX1
12592,White Hypnoc GN GX2,White Hypnoc GN GX2
12593,White Hypnoc GN GX3,White Hypnoc GN GX3
12594,White Hypnoc GN GX4,White Hypnoc GN GX4
12595,White Hypnoc GN GX5,White Hypnoc GN GX5
12596,Cavalli BM G,Cavalli BM G
12597,Cavalli BM GF,Cavalli BM GF
12598,Cavalli BM GX1,Cavalli BM GX1
12599,Cavalli BM GX2,Cavalli BM GX2
12600,Cavalli BM GX3,Cavalli BM GX3
12601,Cavalli BM GX4,Cavalli BM GX4
12602,Cavalli BM GX5,Cavalli BM GX5
12603,Cavalli GN G,Cavalli GN G
12604,Cavalli GN GF,Cavalli GN GF
12605,Cavalli GN GX1,Cavalli GN GX1
12606,Cavalli GN GX2,Cavalli GN GX2
12607,Cavalli GN GX3,Cavalli GN GX3
12608,Cavalli GN GX4,Cavalli GN GX4
12609,Cavalli GN GX5,Cavalli GN GX5
12610,Torubo BM G,Torubo BM G
12611,Torubo BM GF,Torubo BM GF
12612,Torubo BM GX1,Torubo BM GX1
12613,Torubo BM GX2,Torubo BM GX2
12614,Torubo BM GX3,Torubo BM GX3
12615,Torubo BM GX4,Torubo BM GX4
12616,Torubo BM GX5,Torubo BM GX5
12617,Torubo GN G,Torubo GN G
12618,Torubo GN GF,Torubo GN GF
12619,Torubo GN GX1,Torubo GN GX1
12620,Torubo GN GX2,Torubo GN GX2
12621,Torubo GN GX3,Torubo GN GX3
12622,Torubo GN GX4,Torubo GN GX4
12623,Torubo GN GX5,Torubo GN GX5
12624,Sky Blue Jewel,斯克伊藍珠
12625,Red Iron Jewel,紅伊羅恩珠
12626,Blast Res G,Blast Res G
12627,Caring Focus G,Caring Focus G
12628,Mindfulness G,Mindfulness G
12629,Blade Protect G,Blade Protect G
12630,Gun Protect G,Gun Protect G
12631,Thunder Clad SA1,雷纏ＳＡ１
12632,S. Assault SA1,風雅強襲ＳＡ１
12633,Crit Conv SA1,會心轉換ＳＡ１
12634,Crit Conv SA2,會心轉換ＳＡ２
12635,Crit Conv SA3,會心轉換ＳＡ３
12636,Crit Conv SA4,會心轉換ＳＡ４
12637,Crit Conv SA5,會心轉換ＳＡ５
12638,Crit Conv SA6,會心轉換ＳＡ６
12639,Crit Conv SA7,會心轉換ＳＡ７
12640,Crit Conv SA8,會心轉換ＳＡ８
12641,Hard Strike SA9,剛撃ＳＡ９
12642,One Flash SA9,一閃ＳＡ９
12643,Severe Strike SA9,重撃ＳＡ９
12644,Drawing Arts PA1,拔刀術ＰＡ１
12645,Drawing Arts PA2,拔刀術ＰＡ２
12646,Status Assault PA1,状態強襲ＰＡ１
12647,Status Assault PA2,状態強襲ＰＡ２
12648,Adaptation PA4,適應ＰＡ４
12649,Incitement PA4,挑釁ＰＡ４
12650,Abs Def PA4,絶對防禦ＰＡ４
12651,Assistance PA6,支援ＰＡ６
12652,Combat Suprem PA3,戦闘至上ＰＡ３
12653,Vigorous PA4,強健ＰＡ４
12654,Steady Hand PB9,穩定手ＰＢ９
12655,Steady Hand PB10,穩定手ＰＢ１０
12656,Steady Hand PB11,穩定手ＰＢ１１
12657,Steady Hand PB12,穩定手ＰＢ１２
12658,Steady Hand PB13,穩定手ＰＢ１３
12659,Encourage PB9,激勵ＰＢ９
12660,Encourage PB10,激勵ＰＢ１０
12661,Encourage PB11,激勵ＰＢ１１
12662,Encourage PB12,激勵ＰＢ１２
12663,Encourage PB13,激勵ＰＢ１３
12664,Compensation PB7,補正ＰＢ７
12665,Compensation PB8,補正ＰＢ８
12666,Compensation PB9,補正ＰＢ９
12667,Compensation PB10,補正ＰＢ１０
12668,Compensation PB11,補正ＰＢ１１
12669,Blazing Grace PB6,炎之恩寵ＰＢ６
12670,Blazing Grace PB7,炎之恩寵ＰＢ７
12671,Blazing Grace PB8,炎之恩寵ＰＢ８
12672,Blazing Grace PB9,炎之恩寵ＰＢ９
12673,Blazing Grace PB10,炎之恩寵ＰＢ１０
12674,Drawing Arts PC1,拔刀術ＰＣ１
12675,Drawing Arts PC2,拔刀術ＰＣ２
12676,Drawing Arts PC3,拔刀術ＰＣ３
12677,Drawing Arts PC4,拔刀術ＰＣ４
12678,Drawing Arts PC5,拔刀術ＰＣ５
12679,Status Assault PC1,状態強襲ＰＣ１
12680,Status Assault PC2,状態強襲ＰＣ２
12681,Status Assault PC3,状態強襲ＰＣ３
12682,Status Assault PC4,状態強襲ＰＣ４
12683,Status Assault PC5,状態強襲ＰＣ５
12684,Strong Attack PC1,剛撃ＰＣ１
12685,Strong Attack PC2,剛撃ＰＣ２
12686,Strong Attack PC3,剛撃ＰＣ３
12687,Strong Attack PC4,剛撃ＰＣ４
12688,Strong Attack PC5,剛撃ＰＣ５
12689,Issen PC1,一閃ＰＣ１
12690,Issen PC2,一閃ＰＣ２
12691,Issen PC3,一閃ＰＣ３
12692,Issen PC4,一閃ＰＣ４
12693,Issen PC5,一閃ＰＣ５
12694,ExploitWeakness PC1,弱點特效ＰＣ１
12695,ExploitWeakness PC2,弱點特效ＰＣ２
12696,ExploitWeakness PC3,弱點特效ＰＣ３
12697,ExploitWeakness PC4,弱點特效ＰＣ４
12698,ExploitWeakness PC5,弱點特效ＰＣ５
12699,Three Worlds PC1,三界ＰＣ１
12700,Three Worlds PC2,三界ＰＣ２
12701,Three Worlds PC3,三界ＰＣ３
12702,Three Worlds PC4,三界ＰＣ４
12703,Three Worlds PC5,三界ＰＣ５
12704,Gentle Shot PC1,柔射ＰＣ１
12705,Gentle Shot PC2,柔射ＰＣ２
12706,Gentle Shot PC3,柔射ＰＣ３
12707,Gentle Shot PC4,柔射ＰＣ４
12708,Gentle Shot PC5,柔射ＰＣ５
12709,Charge Attack PC7,蓄力攻撃ＰＣ７
12710,Charge Attack PC8,蓄力攻撃ＰＣ８
12711,Charge Attack PC9,蓄力攻撃ＰＣ９
12712,Charge Attack PC10,蓄力攻撃ＰＣ１０
12713,Charge Attack PC11,蓄力攻撃ＰＣ１１
12714,Dissolver PC8,属性解放ＰＣ８
12715,Dissolver PC9,属性解放ＰＣ９
12716,Dissolver PC10,属性解放ＰＣ１０
12717,Dissolver PC11,属性解放ＰＣ１１
12718,Dissolver PC12,属性解放ＰＣ１２
12719,Mounting PC8,騎乘ＰＣ８
12720,Mounting PC9,騎乘ＰＣ９
12721,Mounting PC10,騎乘ＰＣ１０
12722,Mounting PC11,騎乘ＰＣ１１
12723,Mounting PC12,騎乘ＰＣ１２
12724,Raviente BM GX1,Raviente BM GX1
12725,Raviente BM GX2,Raviente BM GX2
12726,Raviente BM GX3,Raviente BM GX3
12727,Raviente BM GX4,Raviente BM GX4
12728,Raviente BM GX5,Raviente BM GX5
12729,Raviente GN GX1,Raviente GN GX1
12730,Raviente GN GX2,Raviente GN GX2
12731,Raviente GN GX3,Raviente GN GX3
12732,Raviente GN GX4,Raviente GN GX4
12733,Raviente GN GX5,Raviente GN GX5
12734,Violent Ravi BM GX1,Violent Ravi BM GX1
12735,Violent Ravi BM GX2,Violent Ravi BM GX2
12736,Violent Ravi BM GX3,Violent Ravi BM GX3
12737,Violent Ravi BM GX4,Violent Ravi BM GX4
12738,Violent Ravi BM GX5,Violent Ravi BM GX5
12739,Violent Ravi GN GX1,Violent Ravi GN GX1
12740,Violent Ravi GN GX2,Violent Ravi GN GX2
12741,Violent Ravi GN GX3,Violent Ravi GN GX3
12742,Violent Ravi GN GX4,Violent Ravi GN GX4
12743,Violent Ravi GN GX5,Violent Ravi GN GX5
12744,Berserk Ravi BM GX1,Berserk Ravi BM GX1
12745,Berserk Ravi BM GX2,Berserk Ravi BM GX2
12746,Berserk Ravi BM GX3,Berserk Ravi BM GX3
12747,Berserk Ravi BM GX4,Berserk Ravi BM GX4
12748,Berserk Ravi BM GX5,Berserk Ravi BM GX5
12749,Berserk Ravi GN GX1,Berserk Ravi GN GX1
12750,Berserk Ravi GN GX2,Berserk Ravi GN GX2
12751,Berserk Ravi GN GX3,Berserk Ravi GN GX3
12752,Berserk Ravi GN GX4,Berserk Ravi GN GX4
12753,Berserk Ravi GN GX5,Berserk Ravi GN GX5
12754,Reuasu BM GX1,Reuasu BM GX1
12755,Reuasu BM GX2,Reuasu BM GX2
12756,Reuasu BM GX3,Reuasu BM GX3
12757,Reuasu BM GX4,Reuasu BM GX4
12758,Reuasu BM GX5,Reuasu BM GX5
12759,Reuasu GN GX1,Reuasu GN GX1
12760,Reuasu GN GX2,Reuasu GN GX2
12761,Reuasu GN GX3,Reuasu GN GX3
12762,Reuasu GN GX4,Reuasu GN GX4
12763,Reuasu GN GX5,Reuasu GN GX5
12764,Cuff Base G・Flash,Cuff Base G・Flash
12765,Cuff Base G・Status,Cuff Base G・Status
12766,No.1 Vote Material,No.1 Vote Material
12767,No.2 Vote Material,No.2 Vote Material
12768,No.3 Vote Material,No.3 Vote Material
12769,Amineko Tkt,アミ猫票
12770,Thorny Flower,Thorny Flower
12771,Smooth Flower,光滑花
12772,Twilight Ore,黄昏礦石
12773,Evening Ore,黄昏礦石
12774,銀雫の石,銀雫の石
12775,Festival Cat Bell,Festival Cat Bell
12776,カラカラ石の塊,カラカラ石の塊
12777,パローニャ空石,パローニャ空石
12778,Amineko Tkt Head,アミ猫頭票
12779,Torn Rope,Torn Rope
12780,Charcoal Rope,Charcoal Rope
12781,Burnt Cannonball,燒焦砲彈
12782,Crushed Cannonball,碎裂砲彈
12783,Soft Fabric,Soft Fabric
12784,赤青縞の布地,赤青縞の布地
12785,Glitter Stone,閃爍石
12786,パローニャ緑布,パローニャ緑布
12787,Amineko Tkt Torso,アミ猫胴票
12788,S-DAT,S-DAT
12789,Dummy 12789,Dummy 12789
12790,Dummy 12790,Dummy 12790
12791,Dummy 12791,Dummy 12791
12792,Dummy 12792,Dummy 12792
12793,Dummy 12793,Dummy 12793
12794,Dummy 12794,Dummy 12794
12795,Dummy 12795,Dummy 12795
12796,Dummy 12796,Dummy 12796
12797,Dummy 12797,Dummy 12797
12798,Dummy 12798,Dummy 12798
12799,Dummy 12799,Dummy 12799
12800,Dummy 12800,Dummy 12800
12801,Dummy 12801,Dummy 12801
12802,Dummy 12802,Dummy 12802
12803,Dummy 12803,Dummy 12803
12804,Gesture・HBG Ⅱ,Gesture・HBG Ⅱ
12805,Gesture・GL Ⅱ,Gesture・GL Ⅱ
12806,Gesture・GS Ⅱ,Gesture・GS Ⅱ
12807,Gesture・Tonfa Ⅱ,Gesture・Tonfa Ⅱ
12808,Odi Absolute Shl,Odi Absolute Shl
12809,Odi Absolute Scale,弩岩龍的絶對鱗
12810,Odi Mandible,Odi Mandible
12811,Odi Hardspike,弩岩龍的堅棘
12812,Odi Anger Horn,弩岩龍的角
12813,Odi Slaughter Claw,弩岩龍的殺戮爪
12814,Odi Large Shl,Odi Large Shl
12815,Odi Huge Carapace,弩岩龍的堅殼
12816,Dora Immortal Shl,Dora Immortal Shl
12817,Dora Immortal Scale,冥雷龍的不滅鱗
12818,Dora Twilight Gem,Dora Twilight Gem
12819,Dora Blk Blood,冥雷龍的血
12820,Dora Perish Claw,冥雷龍的爪
12821,B.Kut-Ku Ancnt Scl,B.Kut-Ku Ancnt Scl
12822,B.Kut-Ku Ancnt Shl,B.Kut-Ku Ancnt Shl
12823,Daming Beak,Daming Beak
12824,B.Kut-Ku Devil Ear,B.Kut-Ku Devil Ear
12825,Blue Kut-Ku Ringer,Blue Kut-Ku Ringer
12826,Toa Ice Scale,Toa Ice Scale
12827,Toa Shl,Toa Shl
12828,Toa Fur,炎狐龍的毛
12829,Toa Gem,炎狐龍的寶玉
12830,Toa horn,炎狐龍的角
12831,Toa Wing,炎狐龍的翼
12832,Toa Tail,炎狐龍的尾
12833,Toa Origin Ice Scl,Toa Origin Ice Scl
12834,Toa Origin Shl,Toa Origin Shl
12835,Toa Wht Ice Fur,Toa Wht Ice Fur
12836,Toa Ruby,Toa Ruby
12837,Toa Pale Sharphorn,Toa Pale Sharphorn
12838,Toa Fellwing,炎狐龍的剛翼
12839,Toa Strong Tail,Toa Strong Tail
12840,Paraly Tkt,麻痺票
12841,デシルト生産券,デシルト生産券
12842,Uragaan Scale+,爆錘龍的上鱗
12843,Uragaan Carapace,爆錘龍的堅殼
12844,Uragaan Scute ,Uragaan Scute 
12845,Uragaan Jaw,爆錘龍的顎
12846,Uragaan Marrow,爆錘龍的骨髓
12847,Uragaan Ruby,Uragaan Ruby
12848,Uragaan Shard,爆錘龍的厚鱗
12849,Uragaan Cortex,爆錘龍的重殼
12850,Uragaan Scute+,Uragaan Scute+
12851,Uragaan Hard Jaw,爆錘龍的堅顎
12852,Uragaan Pallium,爆錘龍的天殻
12853,Gagachu Ticket,ガガチュ票
12854,甘露石,甘露石
12855,夜香水,夜香水
12856,Toa Proof,Toa Proof
12857,Dark Cat Seal Red,Dark Cat Seal Red
12858,Dark Cat Seal Blue,Dark Cat Seal Blue
12859,Dark Cat Seal Peach,Dark Cat Seal Peach
12860,Dark Cat Seal White,Dark Cat Seal White
12861,Dark Cat Seal Black,Dark Cat Seal Black
12862,Dark Cat Seal Gold,Dark Cat Seal Gold
12863,Dark Cat Button Red,Dark Cat Button Red
12864,Dark Cat Button Blue,Dark Cat Button Blue
12865,Dark Cat Button Peach,Dark Cat Button Peach
12866,Dark Cat Button White,Dark Cat Button White
12867,Dark Cat Button Black,Dark Cat Button Black
12868,Dark Cat Button Gold,Dark Cat Button Gold
12869,Lost Lens,Lost Lens
12870,Freeze Res SC1,耐凍結ＳＣ１
12871,Ice Age SA1,冰河ＳＡ１
12872,Cielo Ticket,シエロ票
12873,Salta Tkt,サルタ票
12874,トドル生産券,トドル生産券
12875,ミネスト生産券,ミネスト生産券
12876,China Pink Jewel,奇納粉珠
12877,New Leaves Jewel,内威勒阿夫艾斯珠
12878,Freeze Deco,Freeze Deco
12879,Sharp Focus G,Sharp Focus G
12880,Gathering G,Gathering G
12881,Guildmaster Head,Guildmaster Head
12882,千歳神楽生産券,千歳神楽生産券
12883,玉響神楽生産券,玉響神楽生産券
12884,ギルドスター,ギルドスター
12885,Guildmaster Chest,Guildmaster Chest
12886,Guildmaster Arms,Guildmaster Arms
12887,Guildmaster Waist,Guildmaster Waist
12888,Guildmaster Legs,Guildmaster Legs
12889,Special Hunting Tkt,特別狩猟票
12890,Dummy 12890,Dummy 12890
12891,Dummy 12891,Dummy 12891
12892,Dummy 12892,Dummy 12892
12893,Lone Wolf Gem,Lone Wolf Gem
12894,Dissolver Gem,Dissolver Gem
12895,Vampirism Gem Ⅰ,Vampirism Gem Ⅰ
12896,Vampirism Gem Ⅱ,Vampirism Gem Ⅱ
12897,Evade Distance Gem,Evade Distance Gem
12898,Movement Speed Gem Ⅰ,Movement Speed Gem Ⅰ
12899,Movement Speed Gem Ⅱ,Movement Speed Gem Ⅱ
12900,Kushala Dragon Scl,Kushala Dragon Scl
12901,Kushala Cortex,鋼龍的重殼
12902,Kushala Riptalon,鋼龍的鋭爪
12903,Large Kushala Gem,Large Kushala Gem
12904,Kushala Hardhorn,鋼龍的堅角
12905,Kushala Fellwing,鋼龍的剛翼
12906,Kushala Strong Tail,Kushala Strong Tail
12907,Kushala Rage Shl,Kushala Rage Shl
12908,Nullberry,抹消果實
12909,Chameleos Rare Hde,Chameleos Rare Hde
12910,Chameleos Fellwing,霞龍的剛翼
12911,Chameleos Riptalon,霞龍的鋭爪
12912,Lg Chameleos Gem,Lg Chameleos Gem
12913,Chameleos Hardhorn,霞龍的堅角
12914,Chameleos Hardtail,霞龍的堅尾
12915,Chameleos GlossHde,Chameleos GlossHde
12916,Teostra Cortex,炎王龍的重殼
12917,Teostra Dragon Scl,Teostra Dragon Scl
12918,Teostra Hardhorn,炎王龍的堅角
12919,Teostra Hardtail,炎王龍的堅尾
12920,Teostra Riptalon,炎王龍的鋭爪
12921,Large Teostra Gem,Large Teostra Gem
12922,Teostra ImprisonHorn,Teostra ImprisonHorn
12923,Doragyurosu BM G,Doragyurosu BM G
12924,Doragyurosu BM GF,Doragyurosu BM GF
12925,Doragyurosu BM GX1,Doragyurosu BM GX1
12926,Doragyurosu BM GX2,Doragyurosu BM GX2
12927,Doragyurosu BM GX3,Doragyurosu BM GX3
12928,Doragyurosu BM GX4,Doragyurosu BM GX4
12929,Doragyurosu BM GX5,Doragyurosu BM GX5
12930,Doragyurosu GN G,Doragyurosu GN G
12931,Doragyurosu GN GF,Doragyurosu GN GF
12932,Doragyurosu GN GX1,Doragyurosu GN GX1
12933,Doragyurosu GN GX2,Doragyurosu GN GX2
12934,Doragyurosu GN GX3,Doragyurosu GN GX3
12935,Doragyurosu GN GX4,Doragyurosu GN GX4
12936,Doragyurosu GN GX5,Doragyurosu GN GX5
12937,Blue Kut-Ku BM G,Blue Kut-Ku BM G
12938,Blue Kut-Ku BM GF,Blue Kut-Ku BM GF
12939,Blue Kut-Ku BM GX1,Blue Kut-Ku BM GX1
12940,Blue Kut-Ku BM GX2,Blue Kut-Ku BM GX2
12941,Blue Kut-Ku BM GX3,Blue Kut-Ku BM GX3
12942,Blue Kut-Ku BM GX4,Blue Kut-Ku BM GX4
12943,Blue Kut-Ku BM GX5,Blue Kut-Ku BM GX5
12944,Blue Kut-Ku GN G,Blue Kut-Ku GN G
12945,Blue Kut-Ku GN GF,Blue Kut-Ku GN GF
12946,Blue Kut-Ku GN GX1,Blue Kut-Ku GN GX1
12947,Blue Kut-Ku GN GX2,Blue Kut-Ku GN GX2
12948,Blue Kut-Ku GN GX3,Blue Kut-Ku GN GX3
12949,Blue Kut-Ku GN GX4,Blue Kut-Ku GN GX4
12950,Blue Kut-Ku GN GX5,Blue Kut-Ku GN GX5
12951,Dreadrock BM G,Dreadrock BM G
12952,Dreadrock BM GF,Dreadrock BM GF
12953,Dreadrock BM GX1,Dreadrock BM GX1
12954,Dreadrock BM GX2,Dreadrock BM GX2
12955,Dreadrock BM GX3,Dreadrock BM GX3
12956,Dreadrock BM GX4,Dreadrock BM GX4
12957,Dreadrock BM GX5,Dreadrock BM GX5
12958,Redrock GN G,Redrock GN G
12959,Redrock GN GF,Redrock GN GF
12960,Redrock GN GX1,Redrock GN GX1
12961,Redrock GN GX2,Redrock GN GX2
12962,Redrock GN GX3,Redrock GN GX3
12963,Redrock GN GX4,Redrock GN GX4
12964,Redrock GN GX5,Redrock GN GX5
12965,SAF Soul Low,SAF Soul Low
12966,SAF Soul Mid,SAF Soul Mid
12967,SAF Soul High,SAF Soul High
12968,SAF Soul Top,SAF Soul Top
12969,SAF Ribbon Low,SAF Ribbon Low
12970,SAF Ribbon Mid,SAF Ribbon Mid
12971,SAF Ribbon High,SAF Ribbon High
12972,SAF Merit Low,SAF Merit Low
12973,SAF Merit Mid,SAF Merit Mid
12974,SAF Merit High,SAF Merit High
12975,Peri Cat Tkt,ペリ猫票
12976,Peri Cat Head Tkt,ペリ猫頭票
12977,Peri Cat Torso Tkt,ペリ猫胴票
12978,桃雫の石,桃雫の石
12979,Bright Red Ball,Bright Red Ball
12980,Smooth Fabric,Smooth Fabric
12981,Broken Barrel Bomb,破損桶爆彈
12982,マシノ生産券,マシノ生産券
12983,Mimital Tkt,ミミタル票
12984,デュヴェ生産券,デュヴェ生産券
12985,イレク生産券,イレク生産券
12986,シンシュ生産券,シンシュ生産券
12987,Feza Tkt,フェザ票
12988,E.Steel Frame Tkt,Ｅ・鋼架票
12989,ジャン剣生産券,ジャン剣生産券
12990,BOF Tkt,ＢＯＦ票
12991,Ryu Dragon Tkt,リュウ竜票
12992,Ryu Fire Tkt,リュウ炎票
12993,Engetsu Thndr Tkt,エンゲツ雷票
12994,Engetsu Fire Tkt,エンゲツ炎票
12995,Hiden Stn (Ribbon),Hiden Stn (Ribbon)
12996,Hiden Stn (Merits),Hiden Stn (Merits)
12997,Dummy 12997,Dummy 12997
12998,Dummy 12998,Dummy 12998
12999,Dummy 12999,Dummy 12999
13000,Dummy 13000,Dummy 13000
13001,Dummy 13001,Dummy 13001
13002,Dummy 13002,Dummy 13002
13003,Dummy 13003,Dummy 13003
13004,Dummy 13004,Dummy 13004
13005,Dummy 13005,Dummy 13005
13006,Dummy 13006,Dummy 13006
13007,Dummy 13007,Dummy 13007
13008,Dummy 13008,Dummy 13008
13009,Dummy 13009,Dummy 13009
13010,Dummy 13010,Dummy 13010
13011,Dummy 13011,Dummy 13011
13012,Dummy 13012,Dummy 13012
13013,Ranze B Tkt,ランゼＢ票
13014,Ranze A Tkt,ランゼＡ票
13015,Ranze V Tkt,ランゼＶ票
13016,Ranze N Tkt,ランゼＮ票
13017,Dummy 13017,Dummy 13017
13018,Dummy 13018,Dummy 13018
13019,Ranze R Tkt,ランゼＲ票
13020,Dummy 13020,Dummy 13020
13021,Ranze L Tkt,ランゼＬ票
13022,Perif Tkt Head,ペリフ頭票
13023,Kaiji Tkt,カイジ票
13024,Dummy 13024,Dummy 13024
13025,Dummy 13025,Dummy 13025
13026,Dummy 13026,Dummy 13026
13027,Sailor Tkt,水手票
13028,Souffle Tkt,スフレ票
13029,Dummy 13029,Dummy 13029
13030,Dummy 13030,Dummy 13030
13031,Dummy 13031,Dummy 13031
13032,Dummy 13032,Dummy 13032
13033,Dummy 13033,Dummy 13033
13034,FG5 Tkt 1,ＦＧ５票・１
13035,FG5 Tkt 2,ＦＧ５票・２
13036,FG5 Tkt 3,ＦＧ５票・３
13037,FG5 Tkt 4,ＦＧ５票・４
13038,FG5 Tkt 5,ＦＧ５票・５
13039,Nargacuga Scale,迅龍的鱗
13040,Nargacuga Blackfur,Nargacuga Blackfur
13041,Narga Tail,迅龍的尾
13042,Narga Tailspike,Narga Tailspike
13043,Nargacuga Cutwing,Nargacuga Cutwing
13044,Narga Fang,迅龍的牙
13045,Narga Medulla,Narga Medulla
13046,Nargacuga Shard,迅龍的厚鱗
13047,Narga Blackfur+,Narga Blackfur+
13048,Narga Strong Tail,Narga Strong Tail
13049,Narga Tailspear,Narga Tailspear
13050,Nargacuga Lash,迅龍的靭尾
13051,Narga Heavy Fang,迅龍的重牙
13052,Nargacuga Mantle,迅龍的天鱗
13053,Persimmon Jewel,佩爾斯伊姆莫恩珠
13054,Magnolia Jewel,馬格諾利阿珠
13055,Mosaic Jewel,莫薩伊克珠
13056,"10,000 Pelika","10,000 Pelika"
13057,Armor Sphere,Armor Sphere
13058,Armor Sphere+,Armor Sphere+
13059,Adv Armor Sphere,Adv Armor Sphere
13060,Hard Armor Sphere,Hard Armor Sphere
13061,Heaven Armor Sphere,Heaven Armor Sphere
13062,True Armor Sphere,True Armor Sphere
13063,Strong Armor Sphere,Strong Armor Sphere
13064,Divine Armor Sphere,Divine Armor Sphere
13065,Elegant Blade G,Elegant Blade G
13066,Ranged G,Ranged G
13067,Evasive Blade G,Evasive Blade G
13068,Sunflower,向日葵
13069,Pool Soul Grass,池魂草
13070,Rain Soul Grass,雨魂草
13071,Smoldering Flame,Smoldering Flame
13072,Blue Candle,Blue Candle
13073,Red Candle,Red Candle
13074,Great Flame,Great Flame
13075,Starbreaker Jewel,斯塔爾布雷阿凱爾珠
13076,Fiery Gunpowder,熾烈火藥
13077,Raiden Cotton,Raiden Cotton
13078,Phantom Eggshell,Phantom Eggshell
13079,Caravan Orchid Box,Caravan Orchid Box
13080,Passing Stone,Passing Stone
13081,Dummy 13081,Dummy 13081
13082,Blue Orb,Blue Orb
13083,White Orb,White Orb
13084,Black Orb,Black Orb
13085,Yellow Orb,Yellow Orb
13086,Dummy 13086,Dummy 13086
13087,Guanzorumu Scale,帝征龍的鱗
13088,Guanzorumu Pelt,帝征龍的皮
13089,Guanzorumu Blood,帝征龍的血
13090,Guanzorumu Ruby,Guanzorumu Ruby
13091,Guanzorumu Claw,帝征龍的爪
13092,Guanzorumu Wing,帝征龍的翼
13093,Guanzorumu Tail,帝征龍的尾
13094,Guanzorumu Marrow,帝征龍的骨髓
13095,Crit Conv PA1,會心轉換ＰＡ１
13096,Crit Conv PA2,會心轉換ＰＡ２
13097,S. Assault PA1,風雅強襲ＰＡ１
13098,S. Assault PA2,風雅強襲ＰＡ２
13099,S. Assault PA3,風雅強襲ＰＡ３
13100,Thunder Clad PA1,雷纏ＰＡ１
13101,Thunder Clad PA2,雷纏ＰＡ２
13102,Ice Age PA1,冰河ＰＡ１
13103,Ice Age PA2,冰河ＰＡ２
13104,Ice Age PA3,冰河ＰＡ３
13105,Drug Knowledge PB7,藥品知識ＰＢ７
13106,Drug Knowledge PB8,藥品知識ＰＢ８
13107,Drug Knowledge PB9,藥品知識ＰＢ９
13108,Stylish PB5,風雅ＰＢ５
13109,Stylish PB6,風雅ＰＢ６
13110,Stylish PB7,風雅ＰＢ７
13111,Stylish PB8,風雅ＰＢ８
13112,Vitality PB7,體質ＰＢ７
13113,Vitality PB8,體質ＰＢ８
13114,Lone Wolf PB3,孤狼ＰＢ３
13115,Lone Wolf PB4,孤狼ＰＢ４
13116,Lone Wolf PB5,孤狼ＰＢ５
13117,Lone Wolf PB6,孤狼ＰＢ６
13118,Lone Wolf PB7,孤狼ＰＢ７
13119,Lone Wolf PB8,孤狼ＰＢ８
13120,Dissolver PB7,属性解放ＰＢ７
13121,Dissolver PB8,属性解放ＰＢ８
13122,Dissolver PB9,属性解放ＰＢ９
13123,Dissolver PB10,属性解放ＰＢ１０
13124,Dissolver PB11,属性解放ＰＢ１１
13125,S. Assault PC1,風雅強襲ＰＣ１
13126,S. Assault PC2,風雅強襲ＰＣ２
13127,S. Assault PC3,風雅強襲ＰＣ３
13128,S. Assault PC4,風雅強襲ＰＣ４
13129,S. Assault PC5,風雅強襲ＰＣ５
13130,Crit Conv PC1,會心轉換ＰＣ１
13131,Crit Conv PC2,會心轉換ＰＣ２
13132,Crit Conv PC3,會心轉換ＰＣ３
13133,Crit Conv PC4,會心轉換ＰＣ４
13134,Crit Conv PC5,會心轉換ＰＣ５
13135,Crit Conv PC6,會心轉換ＰＣ６
13136,Ice Age PC1,冰河ＰＣ１
13137,Ice Age PC2,冰河ＰＣ２
13138,Ice Age PC3,冰河ＰＣ３
13139,Ice Age PC4,冰河ＰＣ４
13140,Ice Age PC5,冰河ＰＣ５
13141,Ice Age PC6,冰河ＰＣ６
13142,Thunder Clad PC1,雷纏ＰＣ１
13143,Thunder Clad PC2,雷纏ＰＣ２
13144,Thunder Clad PC3,雷纏ＰＣ３
13145,Thunder Clad PC4,雷纏ＰＣ４
13146,Thunder Clad PC5,雷纏ＰＣ５
13147,Thunder Clad PC6,雷纏ＰＣ６
13148,Herbal Science PC7,藥草學ＰＣ７
13149,Herbal Science PC8,藥草學ＰＣ８
13150,Herbal Science PC9,藥草學ＰＣ９
13151,Herbal Science PC10,藥草學ＰＣ１０
13152,Issen PC6,一閃ＰＣ６
13153,Issen PC7,一閃ＰＣ７
13154,Issen PC8,一閃ＰＣ８
13155,Issen PC9,一閃ＰＣ９
13156,Issen PC10,一閃ＰＣ１０
13157,Three Worlds PC6,三界ＰＣ６
13158,Three Worlds PC7,三界ＰＣ７
13159,Three Worlds PC8,三界ＰＣ８
13160,Three Worlds PC9,三界ＰＣ９
13161,Incitement PC6,挑釁ＰＣ６
13162,Incitement PC7,挑釁ＰＣ７
13163,Incitement PC8,挑釁ＰＣ８
13164,Incitement PC9,挑釁ＰＣ９
13165,Vigorous PC6,強健ＰＣ６
13166,Vigorous PC7,強健ＰＣ７
13167,Vigorous PC8,強健ＰＣ８
13168,Vigorous PC9,強健ＰＣ９
13169,Abs Def PC6,絶對防禦ＰＣ６
13170,Abs Def PC7,絶對防禦ＰＣ７
13171,Abs Def PC8,絶對防禦ＰＣ８
13172,Adaptation PC6,適應ＰＣ６
13173,Adaptation PC7,適應ＰＣ７
13174,Adaptation PC8,適應ＰＣ８
13175,Guanzorumu Proof,Guanzorumu Proof
13176,Lotto SAF Mat,Lotto SAF Mat
13177,Arbden Ticket,アルブデン票
13178,Keravuno Ticket,ケラヴノ票
13179,Proof of Appreciation Ⅸ,Proof of Appreciation Ⅸ
13180,Windbreak P Upgrade Tkt,風防Ｐ強化票
13181,P Upgrade Tkt,Ｐ強化票
13182,Demon Iron,鬼鐵
13183,Jita Jita Guide,Jita Jita Guide
13184,Dogeza Guide,Dogeza Guide
13185,E Card,E Card
13186,10 Million Tkts,1000万票
13187,Dummy 13187,Dummy 13187
13188,Dummy 13188,Dummy 13188
13189,Dummy 13189,Dummy 13189
13190,Guild Point Tkt,公会点票
13191,テリュオ生産券,テリュオ生産券
13192,Perif Tkt Torso,ペリフ胴票
13193,Perif Tkt Arms,ペリフ腕票
13194,Perif Tkt Waist,ペリフ腰票
13195,Perif Tkt Legs,ペリフ脚票
13196,SAF Hiden? White,SAF Hiden? White
13197,SAF Hiden? Red,SAF Hiden? Red
13198,SAF Hiden? Black,SAF Hiden? Black
13199,SAF Hiden? Blue,SAF Hiden? Blue
13200,SAF Hiden EX? White,SAF Hiden EX? White
13201,SAF Hiden EX? Red,SAF Hiden EX? Red
13202,SAF Hiden EX? Black,SAF Hiden EX? Black
13203,SAF Hiden EX? Blue,SAF Hiden EX? Blue
13204,Conqueror BM G,Conqueror BM G
13205,Conqueror BM GF,Conqueror BM GF
13206,Conqueror BM GX1,Conqueror BM GX1
13207,Conqueror BM GX2,Conqueror BM GX2
13208,Conqueror BM GX3,Conqueror BM GX3
13209,Conqueror BM GX4,Conqueror BM GX4
13210,Conqueror BM GX5,Conqueror BM GX5
13211,Emperor GN G,Emperor GN G
13212,Emperor GN GF,Emperor GN GF
13213,Emperor GN GX1,Emperor GN GX1
13214,Emperor GN GX2,Emperor GN GX2
13215,Emperor GN GX3,Emperor GN GX3
13216,Emperor GN GX4,Emperor GN GX4
13217,Emperor GN GX5,Emperor GN GX5
13218,Reiresu BM GX1,Reiresu BM GX1
13219,Reiresu BM GX2,Reiresu BM GX2
13220,Reiresu BM GX3,Reiresu BM GX3
13221,Reiresu BM GX4,Reiresu BM GX4
13222,Reiresu BM GX5,Reiresu BM GX5
13223,Reiresu GN GX1,Reiresu GN GX1
13224,Reiresu GN GX2,Reiresu GN GX2
13225,Reiresu GN GX3,Reiresu GN GX3
13226,Reiresu GN GX4,Reiresu GN GX4
13227,Reiresu GN GX5,Reiresu GN GX5
13228,Saint BM GX1,Saint BM GX1
13229,Saint BM GX2,Saint BM GX2
13230,Saint BM GX3,Saint BM GX3
13231,Saint BM GX4,Saint BM GX4
13232,Saint BM GX5,Saint BM GX5
13233,Saint GN GX1,Saint GN GX1
13234,Saint GN GX2,Saint GN GX2
13235,Saint GN GX3,Saint GN GX3
13236,Saint GN GX4,Saint GN GX4
13237,Saint GN GX5,Saint GN GX5
13238,Golden Night Book,Golden Night Book
13239,Kushala BM G,Kushala BM G
13240,Kushala BM GF,Kushala BM GF
13241,Kushala BM GX1,Kushala BM GX1
13242,Kushala BM GX2,Kushala BM GX2
13243,Kushala BM GX3,Kushala BM GX3
13244,Kushala BM GX4,Kushala BM GX4
13245,Kushala BM GX5,Kushala BM GX5
13246,Kushala GN G,Kushala GN G
13247,Kushala GN GF,Kushala GN GF
13248,Kushala GN GX1,Kushala GN GX1
13249,Kushala GN GX2,Kushala GN GX2
13250,Kushala GN GX3,Kushala GN GX3
13251,Kushala GN GX4,Kushala GN GX4
13252,Kushala GN GX5,Kushala GN GX5
13253,Kaiser BM G,Kaiser BM G
13254,Kaiser BM GF,Kaiser BM GF
13255,Kaiser BM GX1,Kaiser BM GX1
13256,Kaiser BM GX2,Kaiser BM GX2
13257,Kaiser BM GX3,Kaiser BM GX3
13258,Kaiser BM GX4,Kaiser BM GX4
13259,Kaiser BM GX5,Kaiser BM GX5
13260,Kaiser GN G,Kaiser GN G
13261,Kaiser GN GF,Kaiser GN GF
13262,Kaiser GN GX1,Kaiser GN GX1
13263,Kaiser GN GX2,Kaiser GN GX2
13264,Kaiser GN GX3,Kaiser GN GX3
13265,Kaiser GN GX4,Kaiser GN GX4
13266,Kaiser GN GX5,Kaiser GN GX5
13267,Mizuha BM G,Mizuha BM G
13268,Mizuha BM GF,Mizuha BM GF
13269,Mizuha BM GX1,Mizuha BM GX1
13270,Mizuha BM GX2,Mizuha BM GX2
13271,Mizuha BM GX3,Mizuha BM GX3
13272,Mizuha BM GX4,Mizuha BM GX4
13273,Mizuha BM GX5,Mizuha BM GX5
13274,Toyotama GN G,Toyotama GN G
13275,Toyotama GN GF,Toyotama GN GF
13276,Toyotama GN GX1,Toyotama GN GX1
13277,Toyotama GN GX2,Toyotama GN GX2
13278,Toyotama GN GX3,Toyotama GN GX3
13279,Toyotama GN GX4,Toyotama GN GX4
13280,Toyotama GN GX5,Toyotama GN GX5
13281,Valier BM G,Valier BM G
13282,Valier BM GF,Valier BM GF
13283,Valier BM GX1,Valier BM GX1
13284,Valier BM GX2,Valier BM GX2
13285,Valier BM GX3,Valier BM GX3
13286,Valier BM GX4,Valier BM GX4
13287,Valier BM GX5,Valier BM GX5
13288,Valier GN G,Valier GN G
13289,Valier GN GF,Valier GN GF
13290,Valier GN GX1,Valier GN GX1
13291,Valier GN GX2,Valier GN GX2
13292,Valier GN GX3,Valier GN GX3
13293,Valier GN GX4,Valier GN GX4
13294,Valier GN GX5,Valier GN GX5
13295,Norukku BM G,Norukku BM G
13296,Norukku BM GF,Norukku BM GF
13297,Norukku BM GX1,Norukku BM GX1
13298,Norukku BM GX2,Norukku BM GX2
13299,Norukku BM GX3,Norukku BM GX3
13300,Norukku BM GX4,Norukku BM GX4
13301,Norukku BM GX5,Norukku BM GX5
13302,Norukku GN G,Norukku GN G
13303,Norukku GN GF,Norukku GN GF
13304,Norukku GN GX1,Norukku GN GX1
13305,Norukku GN GX2,Norukku GN GX2
13306,Norukku GN GX3,Norukku GN GX3
13307,Norukku GN GX4,Norukku GN GX4
13308,Norukku GN GX5,Norukku GN GX5
13309,Lavish Attack SA1,豪撃ＳＡ１
13310,Fortification SA1,強化ＳＡ１
13311,G Attack・Draw,G Attack・Draw
13312,G Issen・Draw,G Issen・Draw
13313,G Attack・Herb,G Attack・Herb
13314,G Issen・Herb,G Issen・Herb
13315,G Protect・Status,G Protect・Status
13316,G Protect・Exploit,G Protect・Exploit
13317,G Attack・Dissolve,G Attack・Dissolve
13318,G Attack・Blaze,G Attack・Blaze
13319,Attack 4 Deco,Attack 4 Deco
13320,G Attack・Resist,G Attack・Resist
13321,G Issen・Resist,G Issen・Resist
13322,Spec.Flower Basket,Spec.Flower Basket
13323,Golden Book,Golden Book
13324,Shining Fur,閃亮的毛
13325,Solemn Thorns,Solemn Thorns
13326,Waka Ticket,ワカ票
13327,S Flare Tkt Ⅰ,フレアＳ票Ⅰ
13328,S Flare Tkt Ⅱ,フレアＳ票Ⅱ
13329,S Flare Tkt Ⅲ,フレアＳ票Ⅲ
13330,Voljang Proof,Voljang Proof
13331,Kirin Storm Hide,麒麟的皮
13332,Kirin Storm Tail,麒麟的尾
13333,Kirin Sinew,Kirin Sinew
13334,Kirin Silver Mane,Kirin Silver Mane
13335,Kirin Purehorn,Kirin Purehorn
13336,Ruko.Pureshard,Ruko.Pureshard
13337,Ruko.Purecortex,Ruko.Purecortex
13338,Ruko.Dynamo Horn,Ruko.Dynamo Horn
13339,Ruko.Magnetic Wve,Ruko.Magnetic Wve
13340,Ruko.Shocklash,Ruko.Shocklash
13341,Dark Spectrum Gem,Dark Spectrum Gem
13342,Rukodiora R.Spine,Rukodiora R.Spine
13343,Rukodiora Red Claw,極龍的爪
13344,Rukodiora Red Horn,極龍的角
13345,Ruko Red Membrane,Ruko Red Membrane
13346,Voljang Shell,紅蓮獅子的甲殼
13347,Voljang Fang,紅蓮獅子的牙
13348,Voljang Heat Hide,Voljang Heat Hide
13349,Voljang Blood,紅蓮獅子的血
13350,Voljang Horn,紅蓮獅子的角
13351,Flintstone,燧石
13352,Voljang Tail,紅蓮獅子的尾
13353,Voljang Origin Shl,Voljang Origin Shl
13354,Voljang Origin Fng,Voljang Origin Fng
13355,Voljang Heat Piel,Voljang Heat Piel
13356,Voljang Dark Blood,Voljang Dark Blood
13357,Voljang Heavy Horn,Voljang Heavy Horn
13358,Solid Flintstone,堅固燧石
13359,Voljang Lash,紅蓮獅子的靭尾
13360,NK1 Tkt 1,ＮＫ１票・１
13361,NK1 Tkt 2,ＮＫ１票・２
13362,NK1 Tkt 3,ＮＫ１票・３
13363,NK1 Tkt 4,ＮＫ１票・４
13364,NK1 Tkt 5,ＮＫ１票・５
13365,Dummy 13365,Dummy 13365
13366,Porta Pyroxene Green,Porta Pyroxene Green
13367,Porta Pyroxene Sakura,Porta Pyroxene Sakura
13368,G Issen・Vigor,G Issen・Vigor
13369,G Issen・Rage,G Issen・Rage
13370,Dummy 13370,Dummy 13370
13371,Dummy 13371,Dummy 13371
13372,Dummy 13372,Dummy 13372
13373,Dummy 13373,Dummy 13373
13374,Dummy 13374,Dummy 13374
13375,S.Zinogre Shl,S.Zinogre Shl
13376,S.Zinogre Drgn Fur,S.Zinogre Drgn Fur
13377,S.Zinogre Claw,獄狼龍的爪
13378,S.Zinogre Drgn Shl,S.Zinogre Drgn Shl
13379,Dracophage Bug,噬龍蟲
13380,S.ZinogreUmbrge,S.ZinogreUmbrge
13381,S.Zinogre Tail,獄狼龍的尾
13382,S.Zinogre Horn,獄狼龍的角
13383,S.Zin Cortex,獄狼龍的重殼
13384,S.Zin Pulsing Fur,S.Zin Pulsing Fur
13385,S.Zin Riptalon,獄狼龍的鋭爪
13386,S.Zin Pulsing Shl,S.Zin Pulsing Shl
13387,S.Zinogre Jasper,S.Zinogre Jasper
13388,S.Zinogre Hardtail,獄狼龍的堅尾
13389,S.Zinogre Hardhorn,獄狼龍的堅角
13390,Engine Key,Engine Key
13391,Vampire Blood,Vampire Blood
13392,Gu Neko Tkt,グ猫票
13393,Eastrn NekoSwrd SkyTkt,東猫剣空票
13394,Eastrn NekoSwrd NorthTkt,東猫剣北票
13395,東ネコ槌生産券奥,東ネコ槌生産券奥
13396,EastrnNekoSwrd RiverTkt,東猫剣川票
13397,EastrnNekoSwrd TailTkt,東猫剣尾票
13398,EastrnNekoMallet WaveTkt,東猫槌波票
13399,EastrnNekoMallet ShdwTkt,東猫槌影票
13400,東ネコ槌生産券伊,東ネコ槌生産券伊
13401,東ネコ槌生産券筑,東ネコ槌生産券筑
13402,星柄の柔らかい布,星柄の柔らかい布
13403,花柄の柔らかい布,花柄の柔らかい布
13404,Felyne Ticket,艾路猫票
13405,Prayer Jwl (Ring),祈願珠（里恩格）
13406,Prayer Jwl (Music),祈願珠（穆斯伊克）
13407,Prayer Jwl (Sound),祈願珠（音）
13408,赤い玉手箱,赤い玉手箱
13409,青い玉手箱,青い玉手箱
13410,緑の玉手箱,緑の玉手箱
13411,黄色の玉手箱,黄色の玉手箱
13412,ポルタ切手・密林,ポルタ切手・密林
13413,ポルタ切手・火山,ポルタ切手・火山
13414,ポルタ切手・沼地,ポルタ切手・沼地
13415,ポルタ切手・雪山,ポルタ切手・雪山
13416,NK2 Tkt 1,ＮＫ２票・１
13417,NK2 Tkt 2,ＮＫ２票・２
13418,NK2 Tkt 3,ＮＫ２票・３
13419,NK2 Tkt 4,ＮＫ２票・４
13420,NK2 Tkt 5,ＮＫ２票・５
13421,Dummy 13421,Dummy 13421
13422,アイルー刀生産券,アイルー刀生産券
13423,メラルー刀生産券,メラルー刀生産券
13424,アイルー棍生産券,アイルー棍生産券
13425,メラルー棍生産券,メラルー棍生産券
13426,アイルー銃生産券,アイルー銃生産券
13427,メラルー銃生産券,メラルー銃生産券
13428,Twin Iron Fan Tkt,双鉄扇票
13429,Log Greatsword Tkt,丸太大剣票
13430,Log Mallet Tkt,丸太大錘票
13431,Iron Fan Sword Tkt,鉄扇剣票
13432,Elegant Tkt,優雅票
13433,Dummy 13433,Dummy 13433
13434,Dummy 13434,Dummy 13434
13435,Dummy 13435,Dummy 13435
13436,ポイニー生産券,ポイニー生産券
13437,Rufus Tkt,ルーファス票
13438,シーニット生産券,シーニット生産券
13439,ウィリディ生産券,ウィリディ生産券
13440,アルブス生産券,アルブス生産券
13441,シュウィ生産券,シュウィ生産券
13442,IceEmperor GS Tkt,氷帝大剣票
13443,DarkIce GS Tkt,暗氷大剣票
13444,Ice Emperor Ax Tkt,氷帝斧票
13445,Dark Ice Ax Tkt,暗氷斧票
13446,Dummy 13446,Dummy 13446
13447,Dummy 13447,Dummy 13447
13448,Dummy 13448,Dummy 13448
13449,Aura Ticket,オーラ票
13450,Wasou Ticket,和装票
13451,Taruta Tkt,タルタ票
13452,Ruruta Tkt,ルルタ票
13453,Clofi Ticket,クロフィ票
13454,Gudan Tkt Head,グダン頭票
13455,Gudan Tkt Torso,グダン胴票
13456,Gudan Tkt Arms,グダン腕票
13457,Gudan Tkt Waist,グダン腰票
13458,Gudan Tkt Legs,グダン脚票
13459,Purple Dure Head,Purple Dure Head
13460,Purple Dure Chest,Purple Dure Chest
13461,Purple Dure Arms,Purple Dure Arms
13462,Purple Dure Waist,Purple Dure Waist
13463,Purple Dure Legs,Purple Dure Legs
13464,Blue Dure Head,Blue Dure Head
13465,Blue Dure Chest,Blue Dure Chest
13466,Blue Dure Arms,Blue Dure Arms
13467,Blue Dure Waist,Blue Dure Waist
13468,Blue Dure Legs,Blue Dure Legs
13469,White Dure Head,White Dure Head
13470,White Dure Chest,White Dure Chest
13471,White Dure Arms,White Dure Arms
13472,White Dure Waist,White Dure Waist
13473,White Dure Legs,White Dure Legs
13474,パローネ麗水,パローネ麗水
13475,Peach Orb,Peach Orb
13476,Green Orb,Green Orb
13477,Purple Orb,Purple Orb
13478,Silver Book,Silver Book
13479,Bond Stone,絆石
13480,Unknown Blueprint,Unknown Blueprint
13481,Cosmic Soul Grass,宇宙魂草
13482,Spring Soul Grass,泉魂草
13483,Dummy 13483,Dummy 13483
13484,Luxurious Fur,Luxurious Fur
13485,Training Cloth,Training Cloth
13486,Bizzare Flower,奇異花
13487,Moonlight Branch,Moonlight Branch
13488,Midnight Ivy,Midnight Ivy
13489,Golden Bell,Golden Bell
13490,Sniper SA1,狙撃ＳＡ１
13491,Obscurity SA1,隱密強化ＳＡ１
13492,EmprIceBowgun Tkt,氷帝弩票
13493,EmprIceBowgun+ Tkt,氷帝弩＋票
13494,皇氷弩舞生産券,皇氷弩舞生産券
13495,皇氷弩襲生産券,皇氷弩襲生産券
13496,皇氷弩氷河生産券,皇氷弩氷河生産券
13497,王皇氷弩生産券,王皇氷弩生産券
13498,王皇氷弩改生産券,王皇氷弩改生産券
13499,DarkIceBowgun Tkt,暗氷弩票
13500,DarkIceBowgun+ Tkt,暗氷弩＋票
13501,冥氷弩舞生産券,冥氷弩舞生産券
13502,冥氷弩襲生産券,冥氷弩襲生産券
13503,冥氷弩氷河生産券,冥氷弩氷河生産券
13504,王冥氷弩生産券,王冥氷弩生産券
13505,王冥氷弩改生産券,王冥氷弩改生産券
13506,NP Duals Mat,NP Duals Mat
13507,Oni True Iron,鬼真鐵
13508,Chiarim Ticket,キアリム票
13509,祈奏石,祈奏石
13510,祈響石,祈響石
13511,祈唄石,祈唄石
13512,祈鳴石,祈鳴石
13513,Dummy 13513,Dummy 13513
13514,Dummy 13514,Dummy 13514
13515,Dummy 13515,Dummy 13515
13516,Dummy 13516,Dummy 13516
13517,Rukodiora BM G,Rukodiora BM G
13518,Rukodiora BM GF,Rukodiora BM GF
13519,Rukodiora BM GX1,Rukodiora BM GX1
13520,Rukodiora BM GX2,Rukodiora BM GX2
13521,Rukodiora BM GX3,Rukodiora BM GX3
13522,Rukodiora BM GX4,Rukodiora BM GX4
13523,Rukodiora BM GX5,Rukodiora BM GX5
13524,Rukodiora GN G,Rukodiora GN G
13525,Rukodiora GN GF,Rukodiora GN GF
13526,Rukodiora GN GX1,Rukodiora GN GX1
13527,Rukodiora GN GX2,Rukodiora GN GX2
13528,Rukodiora GN GX3,Rukodiora GN GX3
13529,Rukodiora GN GX4,Rukodiora GN GX4
13530,Rukodiora GN GX5,Rukodiora GN GX5
13531,Kirin BM G,Kirin BM G
13532,Kirin BM GF,Kirin BM GF
13533,Kirin BM GX1,Kirin BM GX1
13534,Kirin BM GX2,Kirin BM GX2
13535,Kirin BM GX3,Kirin BM GX3
13536,Kirin BM GX4,Kirin BM GX4
13537,Kirin BM GX5,Kirin BM GX5
13538,Kirin GN G,Kirin GN G
13539,Kirin GN GF,Kirin GN GF
13540,Kirin GN GX1,Kirin GN GX1
13541,Kirin GN GX2,Kirin GN GX2
13542,Kirin GN GX3,Kirin GN GX3
13543,Kirin GN GX4,Kirin GN GX4
13544,Kirin GN GX5,Kirin GN GX5
13545,Eguiene BM G,Eguiene BM G
13546,Eguiene BM GF,Eguiene BM GF
13547,Eguiene BM GX1,Eguiene BM GX1
13548,Eguiene BM GX2,Eguiene BM GX2
13549,Eguiene BM GX3,Eguiene BM GX3
13550,Eguiene BM GX4,Eguiene BM GX4
13551,Eguiene BM GX5,Eguiene BM GX5
13552,Eguiene GN G,Eguiene GN G
13553,Eguiene GN GF,Eguiene GN GF
13554,Eguiene GN GX1,Eguiene GN GX1
13555,Eguiene GN GX2,Eguiene GN GX2
13556,Eguiene GN GX3,Eguiene GN GX3
13557,Eguiene GN GX4,Eguiene GN GX4
13558,Eguiene GN GX5,Eguiene GN GX5
13559,Vakusu BM G,Vakusu BM G
13560,Vakusu BM GF,Vakusu BM GF
13561,Vakusu BM GX1,Vakusu BM GX1
13562,Vakusu BM GX2,Vakusu BM GX2
13563,Vakusu BM GX3,Vakusu BM GX3
13564,Vakusu BM GX4,Vakusu BM GX4
13565,Vakusu BM GX5,Vakusu BM GX5
13566,Vakusu GN G,Vakusu GN G
13567,Vakusu GN GF,Vakusu GN GF
13568,Vakusu GN GX1,Vakusu GN GX1
13569,Vakusu GN GX2,Vakusu GN GX2
13570,Vakusu GN GX3,Vakusu GN GX3
13571,Vakusu GN GX4,Vakusu GN GX4
13572,Vakusu GN GX5,Vakusu GN GX5
13573,Dummy 13573,Dummy 13573
13574,2016 ChallengeTktⅠ,2016挑戦票Ⅰ
13575,2016 ChallengeTktⅡ,2016挑戦票Ⅱ
13576,2016 ChallengeTktⅢ,2016挑戦票Ⅲ
13577,2016 ChallengeTktⅣ,2016挑戦票Ⅳ
13578,2016 ChallengeTktⅤ,2016挑戦票Ⅴ
13579,2016 ChallengeTktⅥ,2016挑戦票Ⅵ
13580,2016 Answer TktⅠＡ,2016回答票ⅠＡ
13581,2016 Answer TktⅠＢ,2016回答票ⅠＢ
13582,2016 Answer TktⅡＡ,2016回答票ⅡＡ
13583,2016 Answer TktⅡＢ,2016回答票ⅡＢ
13584,2016 Answer TktⅢＡ,2016回答票ⅢＡ
13585,2016 Answer TktⅢＢ,2016回答票ⅢＢ
13586,2016 Answer TktⅣＡ,2016回答票ⅣＡ
13587,2016 Answer TktⅣＢ,2016回答票ⅣＢ
13588,2016 Answer TktⅤＡ,2016回答票ⅤＡ
13589,2016 Answer TktⅤＢ,2016回答票ⅤＢ
13590,2016 Answer TktⅥＡ,2016回答票ⅥＡ
13591,2016 Answer TktⅥＢ,2016回答票ⅥＢ
13592,Dummy 13592,Dummy 13592
13593,Bleed Cure,Bleed Cure
13594,Dummy 13594,Dummy 13594
13595,Dummy 13595,Dummy 13595
13596,Dummy 13596,Dummy 13596
13597,Dummy 13597,Dummy 13597
13598,Dummy 13598,Dummy 13598
13599,Dummy 13599,Dummy 13599
13600,Dummy 13600,Dummy 13600
13601,Dummy 13601,Dummy 13601
13602,Dummy 13602,Dummy 13602
13603,Dummy 13603,Dummy 13603
13604,Dummy 13604,Dummy 13604
13605,Dummy 13605,Dummy 13605
13606,Dummy 13606,Dummy 13606
13607,Anti-Venom,Anti-Venom
13608,Heat Cannon,熱砲
13609,T. Fire Acid,塔火炎酸
13610,T. Water Acid,塔水冷酸
13611,T. Thunder Acid,塔電撃酸
13612,T. Ice Acid,塔冰結酸
13613,T. Dragon Acid,塔滅龍酸
13614,Dummy 13614,Dummy 13614
13615,Zena Scale,天彗龍的鱗
13616,Zena Shell,天彗龍的甲殼
13617,Zena Marrow,天彗龍的骨髓
13618,Zena Black Gem,Zena Black Gem
13619,Zena Blade,天彗龍的刃
13620,Zena Tail,天彗龍的尾
13621,Zena Blood Gem,Zena Blood Gem
13622,Dummy 13622,Dummy 13622
13623,Dummy 13623,Dummy 13623
13624,Evoneko Tkt,エボ猫票
13625,Dummy 13625,Dummy 13625
13626,Tio Tkt,ティオ票
13627,Zio Tkt,ジオ票
13628,Light Twr SAF Book,Light Twr SAF Book
13629,Dark Twr SAF Book,Dark Twr SAF Book
13630,NK3 Tkt 1,ＮＫ３票・１
13631,NK3 Tkt 2,ＮＫ３票・２
13632,NK3 Tkt 3,ＮＫ３票・３
13633,NK3 Tkt 4,ＮＫ３票・４
13634,NK3 Tkt 5,ＮＫ３票・５
13635,NK3 Tkt 6,ＮＫ３票・６
13636,NP SAF Mat,NP SAF Mat
13637,祈律石,祈律石
13638,祈唱石,祈唱石
13639,祈吟石,祈吟石
13640,SnS True? White,SnS True? White
13641,SnS True? Red,SnS True? Red
13642,SnS True? Black,SnS True? Black
13643,SnS True? Blue,SnS True? Blue
13644,DS True? White,DS True? White
13645,DS True? Red,DS True? Red
13646,DS True? Black,DS True? Black
13647,DS True? Blue,DS True? Blue
13648,GS True? White,GS True? White
13649,GS True? Red,GS True? Red
13650,GS True? Black,GS True? Black
13651,GS True? Blue,GS True? Blue
13652,LS True? White,LS True? White
13653,LS True? Red,LS True? Red
13654,LS True? Black,LS True? Black
13655,LS True? Blue,LS True? Blue
13656,Hammer True? White,Hammer True? White
13657,Hammer True? Red,Hammer True? Red
13658,Hammer True? Black,Hammer True? Black
13659,Hammer True? Blue,Hammer True? Blue
13660,HH True? White,HH True? White
13661,HH True? Red,HH True? Red
13662,HH True? Black,HH True? Black
13663,HH True? Blue,HH True? Blue
13664,Lance True? White,Lance True? White
13665,Lance True? Red,Lance True? Red
13666,Lance True? Black,Lance True? Black
13667,Lance True? Blue,Lance True? Blue
13668,GL True? White,GL True? White
13669,GL True? Red,GL True? Red
13670,GL True? Black,GL True? Black
13671,GL True? Blue,GL True? Blue
13672,SAF True? White,SAF True? White
13673,SAF True? Red,SAF True? Red
13674,SAF True? Black,SAF True? Black
13675,SAF True? Blue,SAF True? Blue
13676,Tonfa True? White,Tonfa True? White
13677,Tonfa True? Red,Tonfa True? Red
13678,Tonfa True? Black,Tonfa True? Black
13679,Tonfa True? Blue,Tonfa True? Blue
13680,HBG True? White,HBG True? White
13681,HBG True? Red,HBG True? Red
13682,HBG True? Black,HBG True? Black
13683,HBG True? Blue,HBG True? Blue
13684,LBG True? White,LBG True? White
13685,LBG True? Red,LBG True? Red
13686,LBG True? Black,LBG True? Black
13687,LBG True? Blue,LBG True? Blue
13688,Bow True? White,Bow True? White
13689,Bow True? Red,Bow True? Red
13690,Bow True? Black,Bow True? Black
13691,Bow True? Blue,Bow True? Blue
13692,Taiko Olive,Taiko Olive
13693,Gutsy Meat,膽大肉
13694,Daimyo Huge Shl,Daimyo Huge Shl
13695,Daimyo Huge Claw,Daimyo Huge Claw
13696,Daimyo Huge Leg,Daimyo Huge Leg
13697,Daimyo Huge Teeth,Daimyo Huge Teeth
13698,Daimyo Huge Feeler,Daimyo Huge Feeler
13699,Golden Pearl,Golden Pearl
13700,Huge Scalp,Huge Scalp
13701,Mega Scalp,Mega Scalp
13702,Daimyo Z Claw,Daimyo Z Claw
13703,Daimyo Z Mid Claw,Daimyo Z Mid Claw
13704,Daimyo Z High Claw,Daimyo Z High Claw
13705,Daimyo Z Top Claw,Daimyo Z Top Claw
13706,Hypnoc Orange Fur,眠鳥的橙毛
13707,Hypnoc Riptalon,眠鳥的鋭爪
13708,Hypnoc Saliva,Hypnoc Saliva
13709,Hypnoc Comb,Hypnoc Comb
13710,Hypnoc Dark Bezoar,Hypnoc Dark Bezoar
13711,Hypnoc Ringer,Hypnoc Ringer
13712,Hypnoc Tail Plume,Hypnoc Tail Plume
13713,Hypnoc Gold Plume,Hypnoc Gold Plume
13714,Hypnoc Z Beak,Hypnoc Z Beak
13715,Hypnoc Z Mid Beak,Hypnoc Z Mid Beak
13716,Hypnoc Z High Beak,Hypnoc Z High Beak
13717,Hypnoc Z Top Beak,Hypnoc Z Top Beak
13718,Espi Thick Grn Scl,Espi Thick Grn Scl
13719,Espi Crimson Barb,Espi Crimson Barb
13720,Espi Thick Grn Shl,Espi Thick Grn Shl
13721,Espinas Poison Bld,Espinas Poison Bld
13722,Deadly Poison Sac,Deadly Poison Sac
13723,Espinas Huge Gem,Espinas Huge Gem
13724,Espinas Wing Claw,Espinas Wing Claw
13725,Espinas Heavy Wing,棘龍的重翼
13726,Espi Psn Gland,Espi Psn Gland
13727,Espinas Para Gland,Espinas Para Gland
13728,Espinas Psn Marrow,棘龍的骨髓
13729,Espinas Psn Tail,棘龍的尾
13730,Espinas Z Horn,棘龍的角
13731,Espinas Z Mid Horn,棘龍的角
13732,Espinas Z High Hrn,Espinas Z High Hrn
13733,Espinas Z Top Horn,棘龍的角
13734,Khezu Fresh Hide,Khezu Fresh Hide
13735,Khezu Spleen,Khezu Spleen
13736,Khezu InsulatingFilm,Khezu InsulatingFilm
13737,Khezu Antenna Fur,奇怪龍的毛
13738,Khezu SoftPearlSkn,Khezu SoftPearlSkn
13739,Khezu Pearl,Khezu Pearl
13740,Khezu Soft Wing,奇怪龍的翼
13741,Khezu Sup Soft Wng,Khezu Sup Soft Wng
13742,Khezu Stomach,Khezu Stomach
13743,Khezu Huge Stomach,Khezu Huge Stomach
13744,Khezu Sucker,Khezu Sucker
13745,Khezu Mega Sucker,Khezu Mega Sucker
13746,Khezu Z Head,Khezu Z Head
13747,Khezu Z Mid Head,Khezu Z Mid Head
13748,Khezu Z High Head,Khezu Z High Head
13749,Khezu Z Top Head,Khezu Z Top Head
13750,Gore Magala Scale+,黑蝕龍的上鱗
13751,Gore Magala Carapace,黑蝕龍的堅殼
13752,Gore Magala Ripclaw+,Gore Magala Ripclaw+
13753,Gore Magala Wing+,黑蝕龍的上翼
13754,Gore Magala Nyctgem,Gore Magala Nyctgem
13755,Gore Magala Plate,黑蝕龍的逆鱗
13756,Gore Magala Tail,黑蝕龍的尾
13757,Gore Magala Feeler+,Gore Magala Feeler+
13758,Defiled Scale,Defiled Scale
13759,Gore Magala Shard,黑蝕龍的厚鱗
13760,Gore Magala Cortex,黑蝕龍的重殼
13761,Gore Magala Shredder,Gore Magala Shredder
13762,Gore Magala Eclipse,Gore Magala Eclipse
13763,Gore Magala Mantle,黑蝕龍的天鱗
13764,Gore Magala Lash,黑蝕龍的靭尾
13765,Gore Magala Sensor,Gore Magala Sensor
13766,Rathalos Flame Shl,Rathalos Flame Shl
13767,Rathalos Searscale,Rathalos Searscale
13768,Rathalos Searclaw,Rathalos Searclaw
13769,Los Burning Blood,雄火龍的血
13770,Rathalos L.Plate,Rathalos L.Plate
13771,Rathalos Nova Gem,Rathalos Nova Gem
13772,Rathalos Crown,Rathalos Crown
13773,Rathalos S. Crown,Rathalos S. Crown
13774,Los Burning Tail,雄火龍的尾
13775,Los S.Burning Tail,Los S.Burning Tail
13776,Rathalos Z Wing,雄火龍的翼
13777,Los Z Mid Wing,Los Z Mid Wing
13778,Los Z High Wing,Los Z High Wing
13779,Los Z Fellwing,Los Z Fellwing
13780,Beautiful B. Cloth,Beautiful B. Cloth
13781,Torn Scales,Torn Scales
13782,Dummy 13782,Dummy 13782
13783,マヴロヴ生産券,マヴロヴ生産券
13784,ロゾヴィ生産券,ロゾヴィ生産券
13785,ヴィグル生産券,ヴィグル生産券
13786,Solitaire Tkt,ソリティア票
13787,プレット生産券,プレット生産券
13788,ネキュロ生産券,ネキュロ生産券
13789,Proof of a Pioneer,Proof of a Pioneer
13790,Sakufi Tkt,サクフィ票
13791,Asumo Ticket,アスモ票
13792,Dios Tkt,ディオス票
13793,MHF-Z Kit,MHF-Z Kit
13794,Carrol C Tkt,キャロルＣ票
13795,Zyra C Tkt,ジーラＣ票
13796,Loose C Tkt,ルーズＣ票
13797,Harokyu D Tkt,ハロキュＤ票
13798,Higakure C Tkt,ヒガクレＣ票
13799,Thunder Clad PA3,雷纏ＰＡ３
13800,Thunder Clad PA4,雷纏ＰＡ４
13801,Lavish Attack PA1,豪撃ＰＡ１
13802,Lavish Attack PA2,豪撃ＰＡ２
13803,Fortification PA1,強化ＰＡ１
13804,Fortification PA2,強化ＰＡ２
13805,Sniper PA1,狙撃ＰＡ１
13806,Sniper PA2,狙撃ＰＡ２
13807,Obscurity PA1,隱密強化ＰＡ１
13808,Obscurity PA2,隱密強化ＰＡ２
13809,Encourage PB14,激勵ＰＢ１４
13810,Dissolver PB12,属性解放ＰＢ１２
13811,Dissolver PB13,属性解放ＰＢ１３
13812,Dissolver PB14,属性解放ＰＢ１４
13813,Dissolver PB15,属性解放ＰＢ１５
13814,Mounting PB9 PB9,騎乘ＰＢ９
13815,Mounting PB10 PB10,騎乘ＰＢ１０
13816,Herbal Science PB4,藥草學ＰＢ４
13817,Herbal Science PB5,藥草學ＰＢ５
13818,Charge Attack PB7,蓄力攻撃ＰＢ７
13819,Charge Attack PB8,蓄力攻撃ＰＢ８
13820,Charge Attack PB9,蓄力攻撃ＰＢ９
13821,Drawing Arts PB1,拔刀術ＰＢ１
13822,Drawing Arts PB2,拔刀術ＰＢ２
13823,Drug Knowledge PB10,藥品知識ＰＢ１０
13824,Drug Knowledge PB11,藥品知識ＰＢ１１
13825,Drug Knowledge PB12,藥品知識ＰＢ１２
13826,Drug Knowledge PB13,藥品知識ＰＢ１３
13827,Caring PB1,看護ＰＢ１
13828,Caring PB2,看護ＰＢ２
13829,Gentle Shot PC6,柔射ＰＣ６
13830,Thunder Clad PC7,雷纏ＰＣ７
13831,Thunder Clad PC8,雷纏ＰＣ８
13832,Thunder Clad PC9,雷纏ＰＣ９
13833,Thunder Clad PC10,雷纏ＰＣ１０
13834,Thunder Clad PC11,雷纏ＰＣ１１
13835,S. Assault PC6,風雅強襲ＰＣ６
13836,S. Assault PC7,風雅強襲ＰＣ７
13837,S. Assault PC8,風雅強襲ＰＣ８
13838,S. Assault PC9,風雅強襲ＰＣ９
13839,StylishAssault PC10,風雅強襲ＰＣ１０
13840,StylishAssault PC11,風雅強襲ＰＣ１１
13841,StylishAssault PC12,風雅強襲ＰＣ１２
13842,Crit Conv PC7,會心轉換ＰＣ７
13843,Crit Conv PC8,會心轉換ＰＣ８
13844,Crit Conv PC9,會心轉換ＰＣ９
13845,Crit Conv PC10,會心轉換ＰＣ１０
13846,Crit Conv PC11,會心轉換ＰＣ１１
13847,Crit Conv PC12,會心轉換ＰＣ１２
13848,Lavish Attack PC1,豪撃ＰＣ１
13849,Lavish Attack PC2,豪撃ＰＣ２
13850,Lavish Attack PC3,豪撃ＰＣ３
13851,Lavish Attack PC4,豪撃ＰＣ４
13852,Fortification PC1,強化ＰＣ１
13853,Fortification PC2,強化ＰＣ２
13854,Fortification PC3,強化ＰＣ３
13855,Fortification PC4,強化ＰＣ４
13856,Sniper PC1,狙撃ＰＣ１
13857,Sniper PC2,狙撃ＰＣ２
13858,Vampirism PC12,吸血ＰＣ１２
13859,Vampirism PC13,吸血ＰＣ１３
13860,Vampirism PC14,吸血ＰＣ１４
13861,Vampirism PC15,吸血ＰＣ１５
13862,Vampirism PC16,吸血ＰＣ１６
13863,Vampirism PC17,吸血ＰＣ１７
13864,Dissolver PC13,属性解放ＰＣ１３
13865,Dissolver PC14,属性解放ＰＣ１４
13866,Herbal Science PC11,藥草學ＰＣ１１
13867,Herbal Science PC12,藥草學ＰＣ１２
13868,Ice Age PC7,冰河ＰＣ７
13869,Ice Age PC8,冰河ＰＣ８
13870,Ice Age PC9,冰河ＰＣ９
13871,Ice Age PC10,冰河ＰＣ１０
13872,Ice Age PC11,冰河ＰＣ１１
13873,Ice Age PC12,冰河ＰＣ１２
13874,Obscurity PC1,隱密強化ＰＣ１
13875,Obscurity PC2,隱密強化ＰＣ２
13876,Obscurity PC3,隱密強化ＰＣ３
13877,Drug Knowledge PC7,藥品知識ＰＣ７
13878,Drug Knowledge PC8,藥品知識ＰＣ８
13879,Skill Slots Up SZ,Skill Slots Up SZ
13880,Crit Conversion Up SZ,Crit Conversion Up SZ
13881,S. Assault Up SZ,S. Assault Up SZ
13882,Dissolver Up SZ,Dissolver Up SZ
13883,Thunder Clad Up SZ,Thunder Clad Up SZ
13884,Ice Age Up SZ,Ice Age Up SZ
13885,Vampirism Up SZ,Vampirism Up SZ
13886,Drug Knowledge Up SZ,Drug Knowledge Up SZ
13887,Assistance Up SZ,Assistance Up SZ
13888,Earplugs Up SZ,Earplugs Up SZ
13889,Wind Res Up SZ,Wind Res Up SZ
13890,Quake Res Up SZ,Quake Res Up SZ
13891,Poison Res Up SZ,Poison Res Up SZ
13892,Para Res Up SZ,Para Res Up SZ
13893,Sleep Res Up SZ,Sleep Res Up SZ
13894,Evol D Tkt,エヴォルＤ票
13895,Wht War Flag,Wht War Flag
13896,Purple War Flag,Purple War Flag
13897,Orange War Flag,Orange War Flag
13898,Dummy 13898,Dummy 13898
13899,Dummy 13899,Dummy 13899
13900,Dummy 13900,Dummy 13900
13901,Dummy 13901,Dummy 13901
13902,Dummy 13902,Dummy 13902
13903,Dummy 13903,Dummy 13903
13904,Zena BM G,Zena BM G
13905,Zena BM GF,Zena BM GF
13906,Zena BM GX1,Zena BM GX1
13907,Zena BM GX2,Zena BM GX2
13908,Zena BM GX3,Zena BM GX3
13909,Zena BM GX4,Zena BM GX4
13910,Zena BM GX5,Zena BM GX5
13911,Zena GN G,Zena GN G
13912,Zena GN GF,Zena GN GF
13913,Zena GN GX1,Zena GN GX1
13914,Zena GN GX2,Zena GN GX2
13915,Zena GN GX3,Zena GN GX3
13916,Zena GN GX4,Zena GN GX4
13917,Zena GN GX5,Zena GN GX5
13918,Blang Brutal Fur,雪獅子的毛
13919,Blang Brutal Fang,雪獅子的牙
13920,Blang Brutal Hide,雪獅子的皮
13921,Blang Brutal Bone,雪獅子的骨
13922,Blang Noble Beard,Blang Noble Beard
13923,Blangonga Winter Gem,Blangonga Winter Gem
13924,Blang Majestic Fang,Blang Majestic Fang
13925,Blang HvyMajesticFng,Blang HvyMajesticFng
13926,Blangonga Soft Tail,雪獅子王的尾
13927,Blang Strng Soft Tl,Blang Strng Soft Tl
13928,Blangonga Z Arm,Blangonga Z Arm
13929,Blangonga Z Mid Arm,Blangonga Z Mid Arm
13930,Blangonga Z High Arm,Blangonga Z High Arm
13931,Blangonga Z Top Arm,Blangonga Z Top Arm
13932,Solid Giant Bone,堅固巨大骨
13933,Unique Blk Scales,Unique Blk Scales
13934,Sirena Ore,席蕾娜礦石
13935,Mutant Shell,突變的甲殼
13936,Destin Tkt,デスタン票
13937,エヴァイ生産券,エヴァイ生産券
13938,スコペル生産券,スコペル生産券
13939,パルトネ生産券,パルトネ生産券
13940,Diletto Tkt,ディレット票
13941,Ｄソルテ生産券,Ｄソルテ生産券
13942,D Solte Tkt,ソルテＤ票
13943,Ｄヴィーゴ生産券,Ｄヴィーゴ生産券
13944,Ｄシィラ生産券,Ｄシィラ生産券
13945,Ｄサン生産券,Ｄサン生産券
13946,Ｄシン生産券,Ｄシン生産券
13947,イスティ生産券,イスティ生産券
13948,E Solte Tkt,ソルテＥ票
13949,Ｅタジャウ生産券,Ｅタジャウ生産券
13950,Ｅヴィーゴ生産券,Ｅヴィーゴ生産券
13951,E Shira,E Shira
13952,E San Tkt,サンＥ票
13953,E Shin Tkt,シンＥ票
13954,王皇氷弩絶生産券,王皇氷弩絶生産券
13955,王冥氷弩絶生産券,王冥氷弩絶生産券
13956,Snow SnS 1 Tkt,雪片手1票
13957,Snow Bow 1 Tkt,雪弓1票
13958,Snow SnS 2 Tkt,雪片手2票
13959,Snow Bow 2 Tkt,雪弓2票
13960,Snow Miku Tkt,雪ミク票
13961,Wander Tkt,ワンダレ票
13962,Muruta Ticket,ムルタ票
13963,Howla Ticket,ハウラ票
13964,Panse Ticket,パンセ票
13965,Marriage Ticket,マリジュ票
13966,Wander D Tkt,ワンダレＤ票
13967,Blue Ice Emperor D Tkt,蒼氷帝Ｄ票
13968,White Ice Emperor D Tkt,白氷帝Ｄ票
13969,Red Ice Emperor D Tkt,紅氷帝Ｄ票
13970,Music Shapd Crystl,Music Shapd Crystl
13971,Snow Mike Music,Snow Mike Music
13972,Prayer Pebbles,Prayer Pebbles
13973,Fine Feathers,Fine Feathers
13974,Katante Mat,Katante Mat
13975,Santa D Tkt,サンタＤ票
13976,Anteka D Tkt,雪鹿Ｄ票
13977,Rance C Tkt,ランセＣ票
13978,Demon Soul Stone,鬼魂石
13979,Fish Soul Stone,魚魂石
13980,祭典の刻印,祭典の刻印
13981,Rending Iron,撕裂鐵
13982,"New Years Gift ""Bird""","New Years Gift ""Bird"""
13983,Sweet Passion,Sweet Passion
13984,Kizuna Ore,羈絆礦石
13985,ギルド双獅紋章,ギルド双獅紋章
13986,Pelegri Kit,Pelegri Kit
13987,Dummy 13987,Dummy 13987
13988,Dummy 13988,Dummy 13988
13989,Dummy 13989,Dummy 13989
13990,Evasion Boost SA1,迴避強化ＳＡ１
13991,Dummy 13991,Dummy 13991
13992,Dummy 13992,Dummy 13992
13993,Demonclad BM GX1,Demonclad BM GX1
13994,Demonclad BM GX2,Demonclad BM GX2
13995,Demonclad BM GX3,Demonclad BM GX3
13996,Demonclad BM GX4,Demonclad BM GX4
13997,Demonclad BM GX5,Demonclad BM GX5
13998,Dummy 13998,Dummy 13998
13999,Dummy 13999,Dummy 13999
14000,Dojiclad GN GX1,Dojiclad GN GX1
14001,Dojiclad GN GX2,Dojiclad GN GX2
14002,Dojiclad GN GX3,Dojiclad GN GX3
14003,Dojiclad GN GX4,Dojiclad GN GX4
14004,Dojiclad GN GX5,Dojiclad GN GX5
14005,Sakufi D Tkt,サクフィＤ票
14006,Asumo D Tkt,アスモＤ票
14007,Dios D Tkt,ディオスＤ票
14008,Asteli D Tkt,アステリＤ票
14009,Lien D Tkt,羈絆Ｄ票
14010,Carrol D Tkt,キャロルＤ票
14011,Azul D Tkt,アズールＤ票
14012,Harve D Tkt,ハーヴェストＤ票
14013,Melan D Tkt,メランＤ票
14014,Diru D Tkt,ディールＤ票
14015,Tandre D Tkt,タンドレスＤ票
14016,Rance D Tkt,ランセＤ票
14017,Ganeto D Tkt,ガネトＤ票
14018,Chiru D Tkt,チールＤ票
14019,Shiusu D Tkt,シウスＤ票
14020,Uruki D Tkt,ウルキＤ票
14021,Wans D Tkt,ワンスＤ票
14022,Pale Sakura D Tkt,薄桜Ｄ票
14023,Iris D Tkt,アイリスＤ票
14024,Heruto GX,Heruto GX
14025,Iroasu GX,Iroasu GX
14026,Howla D Tkt,ハウラＤ票
14027,Panse D Tkt,パンセＤ票
14028,Marriage D Tkt,マリジュＤ票
14029,Snow Miku D Tkt,雪ミクＤ票
14030,Miku Cos D Tkt,未來装Ｄ票
14031,Wasou D Tkt,和装Ｄ票
14032,Felyne D Tkt,艾路猫Ｄ票
14033,Obituary D Tkt,訃告Ｄ票
14034,Butterfly D Tkt,蝶Ｄ票
14035,V Ad D Tkt,アドＶＤ票
14036,V Reje D Tkt,レジェＶＤ票
14037,Demon Lord D Tkt,魔王Ｄ票
14038,Demon Tale D Tkt,魔譚Ｄ票
14039,Demon Rule D Tkt,魔則Ｄ票
14040,Bistro D Tkt,ビストロＤ票
14041,Vashimu Purple Shl,Vashimu Purple Shl
14042,Vash. Crystal Fluid,Vash. Crystal Fluid
14043,Vashimu Strange Hair,Vashimu Strange Hair
14044,Vash. Extreme Fluid,Vash. Extreme Fluid
14045,Deadly Paralysis Sac,Deadly Paralysis Sac
14046,Vashimu Lrg Crystal,Vashimu Lrg Crystal
14047,Vashimu Hard Jaw,尾晶蠍的顎
14048,Vashimu Strong Jaw,Vashimu Strong Jaw
14049,Vashimu Hard Claw,尾晶蠍的爪
14050,Vashimu Shred Claw,Vashimu Shred Claw
14051,Vashimu Z Tail,尾晶蠍的尾
14052,Vashimu Z Mid Tail,Vashimu Z Mid Tail
14053,Vashimu Z High Tail,Vashimu Z High Tail
14054,Vashimu Z Top Tail,Vashimu Z Top Tail
14055,Keoaru Charcoal Hide,Keoaru Charcoal Hide
14056,Keoaru Large Bone,焔嶽龍的大骨
14057,Keoaru Boiling Fluid,焔嶽龍的沸騰體液
14058,Keoaruboru Large Gem,Keoaruboru Large Gem
14059,Keoaru Super Tail,焔嶽龍的超尾
14060,Keoaru Burning Horn,焔嶽龍的燃燒角
14061,Keoaru Large Claw,焔嶽龍的爪
14062,Keoaru Shaped Shl,Keoaru Shaped Shl
14063,Legendary Rasta Tkt,伝説光明票
14064,Storage Guide・Extreme,Storage Guide・Extreme
14065,IC Sword Tkt,ＩＣ剣票
14066,LH Sword Tkt,ＬＨ剣票
14067,G Reaper Tkt,Ｇ・死神票
14068,Rusty Old Sword,Rusty Old Sword
14069,Saga Tkt,サガ票
14070,T260G Tkt,Ｔ２６０Ｇ票
14071,Katana Soul,Katana Soul
14072,Tigrex Hard Scale,轟龍的鱗
14073,Tigrex Hard Hide,轟龍的皮
14074,Tigrex Hunger Fang,Tigrex Hunger Fang
14075,Tigrex Rage Blood,轟龍的血
14076,Tigrex Rage Sac,轟龍的袋
14077,Tigrex Amber Gem,Tigrex Amber Gem
14078,Tigrex Grinding Jaw,Tigrex Grinding Jaw
14079,Tigrex Crushing Jaw,Tigrex Crushing Jaw
14080,Tigrex Violence Tail,Tigrex Violence Tail
14081,Tigrex Extreme Tail,Tigrex Extreme Tail
14082,Tigrex Z Claw,Tigrex Z Claw
14083,Tigrex Z Mid Claw,Tigrex Z Mid Claw
14084,Tigrex Z High Claw,Tigrex Z High Claw
14085,Tigrex Z Top Claw,Tigrex Z Top Claw
14086,Dummy 14088,Dummy 14088
14087,Dummy 14089,Dummy 14089
14088,Emil D Tkt,エミルＤ票
14089,Hesham Ticket,ヘシュム票
14090,Hesham D Tkt,ヘシュムＤ票
14091,Kasamie Ticket,カサミエ票
14092,Kasamie D Tkt,カサミエＤ票
14093,Beautiful Badge,Beautiful Badge
14094,Spooky Tkt,怪奇票
14095,Big Pumpkin,Big Pumpkin
14096,Small Pumpkin,Small Pumpkin
14097,Special Ribbon,Special Ribbon
14098,Deep Mortar,Deep Mortar
14099,Ergonomic Pestle,Ergonomic Pestle
14100,Sticky Mochi,Sticky Mochi
14101,Hot Cookies,Hot Cookies
14102,Moist Cookies,Moist Cookies
14103,Dummy 14105,Dummy 14105
14104,Kinosu D Tkt,キノスＤ票
14105,Himeros D Tkt,ヒメロスＤ票
14106,Charien D Tkt,カリエンＤ票
14107,Arie D Tkt,アリエＤ票
14108,Craft D Tkt,クラフトＤ票
14109,Shieri D Tkt,シエリーＤ票
14110,Pupen D Tkt,プペンＤ票
14111,Moss Cover D Tkt,モスカバＤ票
14112,Excelle D Tkt,エクセレＤ票
14113,Ordre D Tkt,オルドルＤ票
14114,R Duo D Tkt,デュオＲＤ票
14115,Atra D Tkt,アトラＤ票
14116,Madaru D Tkt,マダルＤ票
14117,Shasse D Tkt,シャッセＤ票
14118,Orchesis D Tkt,オルケシスＤ票
14119,Blize D Tkt,ブライズＤ票
14120,Quoiz D Tkt,クォイズＤ票
14121,Kalais D Tkt,カライスＤ票
14122,Lucchese D Tkt,ルケッセＤ票
14123,Entora D Tkt,エントラＤ票
14124,Saga D Tkt,サガＤ票
14125,Cielo D Tkt,シエロＤ票
14126,Vichi D Tkt,ヴィチＤ票
14127,Bullet Saver Up SZ,Bullet Saver Up SZ
14128,Guard Up SZ,Guard Up SZ
14129,Adaptation Up SZ,Adaptation Up SZ
14130,Encourage Up SZ,Encourage Up SZ
14131,Rush SA1,猛進ＳＡ１
14132,Dummy 14132,Dummy 14132
14133,Status Res G2,Status Res G2
14134,G Thunder Clad,G Thunder Clad
14135,G Encourage,G Encourage
14136,Burning Cliff BM GX1,Burning Cliff BM GX1
14137,Burning Cliff BM GX2,Burning Cliff BM GX2
14138,Burning Cliff BM GX3,Burning Cliff BM GX3
14139,Burning Cliff BM GX4,Burning Cliff BM GX4
14140,Burning Cliff BM GX5,Burning Cliff BM GX5
14141,Crimson Cliff GN GX1,Crimson Cliff GN GX1
14142,Crimson Cliff GN GX2,Crimson Cliff GN GX2
14143,Crimson Cliff GN GX3,Crimson Cliff GN GX3
14144,Crimson Cliff GN GX4,Crimson Cliff GN GX4
14145,Crimson Cliff GN GX5,Crimson Cliff GN GX5
14146,Pashio BM G,Pashio BM G
14147,Pashio BM GF,Pashio BM GF
14148,Pashio BM GX1,Pashio BM GX1
14149,Pashio BM GX2,Pashio BM GX2
14150,Pashio BM GX3,Pashio BM GX3
14151,Pashio BM GX4,Pashio BM GX4
14152,Pashio BM GX5,Pashio BM GX5
14153,Pashio GN G,Pashio GN G
14154,Pashio GN GF,Pashio GN GF
14155,Pashio GN GX1,Pashio GN GX1
14156,Pashio GN GX2,Pashio GN GX2
14157,Pashio GN GX3,Pashio GN GX3
14158,Pashio GN GX4,Pashio GN GX4
14159,Pashio GN GX5,Pashio GN GX5
14160,Rainbow Soul Grass,彩虹魂草
14161,Orange Orb,Orange Orb
14162,力強い熱意,力強い熱意
14163,絢爛な七段・紺,絢爛な七段・紺
14164,絢爛な七段・桃,絢爛な七段・桃
14165,Saga Gacha Tkt,サガ抽選票
14166,祈演石,祈演石
14167,祈楽石,祈楽石
14168,祈旋石,祈旋石
14169,祈雅石,祈雅石
14170,祈音石,祈音石
14171,祈符石,祈符石
14172,祈弦石,祈弦石
14173,祈節石,祈節石
14174,祈琴石,祈琴石
14175,祈鼓石,祈鼓石
14176,祈笛石,祈笛石
14177,祈紋石,祈紋石
14178,祈叉石,祈叉石
14179,FG6 Tkt 1,ＦＧ６票・１
14180,FG6 Tkt 2,ＦＧ６票・２
14181,FG6 Tkt 3,ＦＧ６票・３
14182,FG6 Tkt 4,ＦＧ６票・４
14183,FG6 Tkt 5,ＦＧ６票・５
14184,Furu B Tkt,フルＢ票
14185,フルＢ亜生産券,フルＢ亜生産券
14186,フルＢ辿生産券,フルＢ辿生産券
14187,Cielo C Tkt,シエロＣ票
14188,Felyne C Tkt,艾路Ｃ票
14189,Fate/SN Tkt D,Ｆ／ＳＮＤ票
14190,Fate Ⅱ Tkt D,フェイトⅡＤ票
14191,Arben D Tkt,アーベンＤ票
14192,Aura D Tkt,オーラＤ票
14193,Clofi D Tkt,クロフィＤ票
14194,Keravuno D Tkt,ケラヴノＤ票
14195,Penre D Tkt,ペンレＤ票
14196,Penre Ticket,ペンレ票
14197,Rokka D Tkt,ロッカＤ票
14198,Rokka Ticket,ロッカ票
14199,トリート解放券Ｃ,トリート解放券Ｃ
14200,Craft C Tkt,クラフトＣ票
14201,NieR Ticket,ニーア票
14202,NieR Ticket D,ニーアＤ票
14203,White Execution Tkt,白処刑票
14204,White Sorrow Tkt,白哀惜票
14205,NieR Gacha Tkt,ニーア抽選票
14206,Tower Fire Bomb S.,塔火爆彈Ｓ
14207,Tower Water Bomb S.,塔水爆彈Ｓ
14208,Tower Tnd Bomb S.,塔雷爆彈Ｓ
14209,Tower Ice Bomb S.,塔冰爆彈Ｓ
14210,Tower Drg Bomb S.,塔龍爆彈Ｓ
14211,S.Magala Scale+,天迴龍的上鱗
14212,S.Magala Carapace,天迴龍的堅殼
14213,S.Magala Caress+,S.Magala Caress+
14214,S.Magala Prismwing+,S.Magala Prismwing+
14215,S.Magala Phosgem,S.Magala Phosgem
14216,S.Magala Plate,天迴龍的逆鱗
14217,S.Magala Tail,天迴龍的尾
14218,S.Magala Horn,天迴龍的角
14219,Pure Scale,純淨的鱗
14220,S.Magala Shard,天迴龍的厚鱗
14221,S.Magala Cortex,天迴龍的重殼
14222,S.Magala Purifier,S.Magala Purifier
14223,S.Magala Lightwing,S.Magala Lightwing
14224,S.Magala Mantle,天迴龍的天鱗
14225,S.Magala Lash,天迴龍的靭尾
14226,S.Magala Hardhorn,天迴龍的堅角
14227,桃のクリスタル,桃のクリスタル
14228,緑のクリスタル,緑のクリスタル
14229,紫のクリスタル,紫のクリスタル
14230,白のクリスタル,白のクリスタル
14231,青のクリスタル,青のクリスタル
14232,赤のクリスタル,赤のクリスタル
14233,黄のクリスタル,黄のクリスタル
14234,水のクリスタル,水のクリスタル
14235,開花草,開花草
14236,Bamboo Dumplings,Bamboo Dumplings
14237,燃え盛る焔,燃え盛る焔
14238,想いの募る短冊,想いの募る短冊
14239,Torn Paper Piece:1/3,Torn Paper Piece:1/3
14240,Torn Paper Piece:2/3,Torn Paper Piece:2/3
14241,Torn Paper Piece:3/3,Torn Paper Piece:3/3
14242,Dummy 14242,Dummy 14242
14243,Dummy 14243,Dummy 14243
14244,Dummy 14244,Dummy 14244
14245,ﾖﾙﾊ部隊依頼書①,ﾖﾙﾊ部隊依頼書①
14246,Ripped Paper Piece:1/3,Ripped Paper Piece:1/3
14247,Ripped Paper Piece:2/3,Ripped Paper Piece:2/3
14248,Ripped Paper Piece:3/3,Ripped Paper Piece:3/3
14249,Giaorugu Frozen Scle,Giaorugu Frozen Scle
14250,Giaorugu Fever Hide,Giaorugu Fever Hide
14251,Giaorugu Sharp Claw,冰獰龍的爪
14252,Giao Frost Marrow,Giao Frost Marrow
14253,Giaorugu Frost Blood,Giaorugu Frost Blood
14254,Giaorugu Frost Gem,Giaorugu Frost Gem
14255,Giaorugu Fierce Horn,Giaorugu Fierce Horn
14256,Giao Lrg Fierce Horn,Giao Lrg Fierce Horn
14257,Giaorugu Ice Sac,Giaorugu Ice Sac
14258,Giao Ultra Ice Sac,Giao Ultra Ice Sac
14259,Giaorugu Thick Bone,Giaorugu Thick Bone
14260,Giaorugu Heavy Bone,冰獰龍的骨
14261,Giaorugu Z Tail,冰獰龍的尾
14262,Giao Z Mid Tail,Giao Z Mid Tail
14263,Giao Z High tail,Giao Z High tail
14264,Giao Z Top Tail,Giao Z Top Tail
14265,Hyuji Soft Fur,針纏龍的毛
14266,Hyuji Heavy Bone,針纏龍的重骨
14267,Hyuji Large Spike,針纏龍的棘
14268,Hyuji Tendon,Hyuji Tendon
14269,Shrunken Poison Sac,萎縮的毒袋
14270,Golden Needle,Golden Needle
14271,Hyuji Strong Tail,Hyuji Strong Tail
14272,Hyuji Tough Tail,Hyuji Tough Tail
14273,Hyuji Large Horn,針纏龍的角
14274,Hyuji Lrg Solid Horn,針纏龍的角
14275,Hyuji Iron Talon,Hyuji Iron Talon
14276,Hyuji Shrp Irn Talon,Hyuji Shrp Irn Talon
14277,Hyuji Z Needle,Hyuji Z Needle
14278,Hyuji Z Mid Needle,Hyuji Z Mid Needle
14279,Hyuji Z High Needle,Hyuji Z High Needle
14280,Hyuji Z Top Needle,Hyuji Z Top Needle
14281,ﾖﾙﾊ部隊依頼書②,ﾖﾙﾊ部隊依頼書②
14282,ﾖﾙﾊ部隊依頼書③,ﾖﾙﾊ部隊依頼書③
14283,NK4 Tkt 1,ＮＫ４票・１
14284,NK4 Tkt 2,ＮＫ４票・２
14285,NK4 Tkt 3,ＮＫ４票・３
14286,NK4 Tkt 4,ＮＫ４票・４
14287,Bird Soul Stone,鳥魂石
14288,Gagachu D Tkt,ガガチュＤ票
14289,Land Soul Stone,陸魂石
14290,水銀の書,水銀の書
14291,Reflect Up SZ,Reflect Up SZ
14292,Stylish Up SZ,Stylish Up SZ
14293,Hunter's Book 1,Hunter's Book 1
14294,Hunter's Book 2,Hunter's Book 2
14295,Hunter's Book 3,Hunter's Book 3
14296,Hunter's Book 4,Hunter's Book 4
14297,Hunter's Book 5,Hunter's Book 5
14298,Zenith Mog Mat,Zenith Mog Mat
14299,Ricante Mat,Ricante Mat
14300,Chatore BM G,Chatore BM G
14301,Chatore BM GF,Chatore BM GF
14302,Chatore BM GX1,Chatore BM GX1
14303,Chatore BM GX2,Chatore BM GX2
14304,Chatore BM GX3,Chatore BM GX3
14305,Chatore BM GX4,Chatore BM GX4
14306,Chatore BM GX5,Chatore BM GX5
14307,Chatore GN G,Chatore GN G
14308,Chatore GN GF,Chatore GN GF
14309,Chatore GN GX1,Chatore GN GX1
14310,Chatore GN GX2,Chatore GN GX2
14311,Chatore GN GX3,Chatore GN GX3
14312,Chatore GN GX4,Chatore GN GX4
14313,Chatore GN GX5,Chatore GN GX5
14314,Muruta D Tkt,ムルタＤ票
14315,Hunter's Book 6,Hunter's Book 6
14316,Dummy 14316,Dummy 14316
14317,Dummy 14317,Dummy 14317
14318,Dummy 14318,Dummy 14318
14319,Dummy 14319,Dummy 14319
14320,Tower Nullberry,塔抹消果實
14321,Tower Bleed Cure,塔裂傷藥
14322,Tower Energy Drink,塔能量飲料
14323,Tower Adren Drink,塔興奮飲料
14324,Tower S.Wolf Drink,塔劍狼飲料
14325,Tower Random Beads,Tower Random Beads
14326,Tower Shocktrap,塔麻痺罠
14327,Tower Pitfall,塔落穴罠
14328,Moon Silver Grass,月銀草
14329,Stange Pumpkin,Stange Pumpkin
14330,Goldfish Patternd Chime,Goldfish Patternd Chime
14331,Raw Ribbon [Low],Raw Ribbon [Low]
14332,Raw Ribbon [Mid],Raw Ribbon [Mid]
14333,Raw Ribbon [High],Raw Ribbon [High]
14334,Raw Merit [Low],Raw Merit [Low]
14335,Raw Merit [Mid],Raw Merit [Mid]
14336,Raw Merit [High],Raw Merit [High]
14337,Exploit Weakness Gem,Exploit Weakness Gem
14338,S. Assault Gem,S. Assault Gem
14339,Thunder Clad,Thunder Clad
14340,Crit Conversion Gem,Crit Conversion Gem
14341,Sword God Gem Ⅰ,Sword God Gem Ⅰ
14342,Sword God Gem Ⅱ,Sword God Gem Ⅱ
14343,Issen Gem Ⅰ,Issen Gem Ⅰ
14344,Issen Gem Ⅱ,Issen Gem Ⅱ
14345,Issen Gem Ⅲ,Issen Gem Ⅲ
14346,Courrier Notes Ⅰ,Courrier Notes Ⅰ
14347,Courrier Notes Ⅱ,Courrier Notes Ⅱ
14348,Courrier Notes Ⅲ,Courrier Notes Ⅲ
14349,Courrier Notes Ⅳ,Courrier Notes Ⅳ
14350,Courrier Notes Ⅴ,Courrier Notes Ⅴ
14351,支給品の一部,支給品の一部
14352,Insect Soul Stone,昆蟲魂石
14353,Golden Wings Tkt,金翼票
14354,クロエの恥じらい,クロエの恥じらい
14355,紅竜蒼竜の大魂魄,紅竜蒼竜の大魂魄
14356,Elzelion Sharp Scale,Elzelion Sharp Scale
14357,Elzelion Mane,Elzelion Mane
14358,Elzelion Twin Sac,Elzelion Twin Sac
14359,Elzelion Gem,灼零龍的寶玉
14360,Elze Burning Claw,Elze Burning Claw
14361,Elzelion Zero Claw,Elzelion Zero Claw
14362,Elzelion Fuel Horn,Elzelion Fuel Horn
14363,Elze Frozen Horn,Elze Frozen Horn
14364,Elzelion Tail,灼零龍的尾
14365,10th Ticket,10周年票
14366,10th Combo Ticket,10周年組合票
14367,10th Weapon Ticket,10周年武器票
14368,10th Armor Ticket,10周年防具票
14369,ホルクの楽譜,ホルクの楽譜
14370,幻の灼零卵殻,幻の灼零卵殻
14371,淡雪シュガー,淡雪シュガー
14372,Mido Tough Hide,爆狼的皮
14373,Mido Purple Fur,Mido Purple Fur
14374,Mido Large Bone,Mido Large Bone
14375,Mido Speed Claw,Mido Speed Claw
14376,Mido Soft Tendon,Mido Soft Tendon
14377,Mido Boiling Blood,爆狼的沸騰血
14378,MidoHotPiercingFang,MidoHotPiercingFang
14379,Mido Warp Eye,Mido Warp Eye
14380,Mido Red Spine,Mido Red Spine
14381,Mido Stem Marrow,Mido Stem Marrow
14382,Mido Whip Tail,Mido Whip Tail
14383,Mido Flash Gem,Mido Flash Gem
14384,Mido Z Leg,Mido Z Leg
14385,Mido Z Mid Leg,Mido Z Mid Leg
14386,Mido Z High leg,Mido Z High leg
14387,Mido Z Top Leg,Mido Z Top Leg
14388,Fish Duo Passions,Fish Duo Passions
14389,Blooming Silk,Blooming Silk
14390,WhT. Fata Thndr Scle,WhT. Fata Thndr Scle
14391,WhT. Fata Thndr Shl,WhT. Fata Thndr Shl
14392,W. Fata Bright Gem,W. Fata Bright Gem
14393,W. Fatalis Pale Horn,W. Fatalis Pale Horn
14394,W. Fata Rd Thndr Hrn,W. Fata Rd Thndr Hrn
14395,W Fata Flshng Rd Eye,W Fata Flshng Rd Eye
14396,W. Fata Pale Wng Clw,W. Fata Pale Wng Clw
14397,W. Fata Cracked Wing,W. Fata Cracked Wing
14398,W. Fata Wht Shell,祖龍的白殼
14399,W. Fata Glwng Rd Shl,W. Fata Glwng Rd Shl
14400,End Soul Grass,終魂草
14401,Blue Ice Magatama,Blue Ice Magatama
14402,10th Anniv C Tkt,10周年Ｃ票
14403,10th Anniv Neko Tkt,10周年猫票
14404,T. Sonic Bomb,塔音爆彈
14405,T. Flash Bomb,塔閃光彈
14406,Zakka Ticket,ザッカ票
14407,Rantana Ticket,ランタナ票
14408,Eris Tkt,エリス票
14409,10の希望【黒兎】,10の希望【黒兎】
14410,怪異譚【山】,怪異譚【山】
14411,怪異譚【川】,怪異譚【川】
14412,怪異譚【雲】,怪異譚【雲】
14413,Zakka D Tkt,ザッカＤ票
14414,Rantana D Tkt,ランタナＤ票
14415,Eris D Tkt,エリスＤ票
14416,Waka D Tkt,ワカＤ票
14417,Magisa D Tkt,マギサＤ票
14418,Shaln D Tkt,シャランＤ票
14419,キャリジ生産券Ｄ,キャリジ生産券Ｄ
14420,Marble D Tkt,マーブルＤ票
14421,Chandelier D Tkt,シャンディＤ票
14422,Banquette D Tkt,宴會Ｄ票
14423,Korinyi D Tkt,コリニィＤ票
14424,Renka D Tkt,レンカＤ票
14425,Dummy 14425,Dummy 14425
14426,Dummy 14426,Dummy 14426
14427,Dummy 14427,Dummy 14427
14428,Kukubo D Tkt,ククボＤ票
14429,Kakabu D Tkt,カカブＤ票
14430,Aruru D Tkt,アルルＤ票
14431,Scarlet Neko D Tkt,緋猫Ｄ票
14432,Raios D Tkt,ライオスＤ票
14433,Bonito D Tkt,ボニトＤ票
14434,Meirida D Tkt,メイリダＤ票
14435,Miniom D Tkt,ミニオムＤ票
14436,Harimeno D Tkt,ハリメノＤ票
14437,Deriv D Tkt,デリヴＤ票
14438,Asaak D Tkt,アサークＤ票
14439,Desert D Tkt,デゾルトＤ票
14440,Halgan D Tkt,ハラガンＤ票
14441,Abyad D Tkt,アブヤドＤ票
14442,Burnt Frost Scale,Burnt Frost Scale
14443,SP Book,SP Book
14444,Cost Book,Cost Book
14445,Road Respec,Road Respec
14446,Wht Fatalis D Tik,Wht Fatalis D Tik
14447,Dummy 14447,Dummy 14447
14448,Dummy 14448,Dummy 14448
14449,Dummy 14449,Dummy 14449
14450,G Issen・Protect,G Issen・Protect
14451,G Strong・Worlds,G Strong・Worlds
14452,G Bullet・Worlds,G Bullet・Worlds
14453,G Flash・Clad,G Flash・Clad
14454,Wht Fatalis BM GX1,Wht Fatalis BM GX1
14455,Wht Fatalis BM GX2,Wht Fatalis BM GX2
14456,Wht Fatalis BM GX3,Wht Fatalis BM GX3
14457,Wht Fatalis BM GX4,Wht Fatalis BM GX4
14458,Wht Fatalis BM GX5,Wht Fatalis BM GX5
14459,Wht Fatalis GN GX1,Wht Fatalis GN GX1
14460,Wht Fatalis GN GX2,Wht Fatalis GN GX2
14461,Wht Fatalis GN GX3,Wht Fatalis GN GX3
14462,Wht Fatalis GN GX4,Wht Fatalis GN GX4
14463,Wht Fatalis GN GX5,Wht Fatalis GN GX5
14464,Arumyu BM G,Arumyu BM G
14465,Arumyu BM GF,Arumyu BM GF
14466,Arumyu BM GX1,Arumyu BM GX1
14467,Arumyu BM GX2,Arumyu BM GX2
14468,Arumyu BM GX3,Arumyu BM GX3
14469,Arumyu BM GX4,Arumyu BM GX4
14470,Arumyu BM GX5,Arumyu BM GX5
14471,Arumyu GN G,Arumyu GN G
14472,Arumyu GN GF,Arumyu GN GF
14473,Arumyu GN GX1,Arumyu GN GX1
14474,Arumyu GN GX2,Arumyu GN GX2
14475,Arumyu GN GX3,Arumyu GN GX3
14476,Arumyu GN GX4,Arumyu GN GX4
14477,Arumyu GN GX5,Arumyu GN GX5
14478,Elzelion BM G,Elzelion BM G
14479,Elzelion BM GF,Elzelion BM GF
14480,Elzelion BM GX1,Elzelion BM GX1
14481,Elzelion BM GX2,Elzelion BM GX2
14482,Elzelion BM GX3,Elzelion BM GX3
14483,Elzelion BM GX4,Elzelion BM GX4
14484,Elzelion BM GX5,Elzelion BM GX5
14485,Elzelion GN G,Elzelion GN G
14486,Elzelion GN GF,Elzelion GN GF
14487,Elzelion GN GX1,Elzelion GN GX1
14488,Elzelion GN GX2,Elzelion GN GX2
14489,Elzelion GN GX3,Elzelion GN GX3
14490,Elzelion GN GX4,Elzelion GN GX4
14491,Elzelion GN GX5,Elzelion GN GX5
14492,Vigorous Up SZ,Vigorous Up SZ
14493,Ceaseless SA1,無盡ＳＡ１
14494,Skilled SA1 SA1,熟練ＳＡ１
14495,2010 Anniv D Tkt,2010周年Ｄ票
14496,2011 Anniv D Tkt,2011周年Ｄ票
14497,2012 Anniv D Tkt,2012周年Ｄ票
14498,Zuibei D Tkt,ズィベイＤ票
14499,Demonclad D Tkt,魔装Ｄ票
14500,Scharf Ticket,シャルフ票
14501,Kamara Ticket,カマラ票
14502,Ruche Ticket,ルーチェ票
14503,Levin Ticket,レビン票
14504,小力生産券Ｄ,小力生産券Ｄ
14505,Scharf D Tkt,シャルフＤ票
14506,Kamara D Tkt,カマラＤ票
14507,Ruche D Tkt,ルーチェＤ票
14508,Liebre D Tkt,リエーブレＤ票
14509,Korinyi C Tkt,コリニィＣ票
14510,Levin D Tkt,レビンＤ票
14511,Plesioth Dull Scale,Plesioth Dull Scale
14512,Plesioth Gill,水龍的鰓
14513,Plesioth Blue Fang,Plesioth Blue Fang
14514,Plesi Viscous Marrow,Plesi Viscous Marrow
14515,Plesioth Muddy Gel,Plesioth Muddy Gel
14516,Plesioth Gel Sac,Plesioth Gel Sac
14517,Plesioth Z Head,Plesioth Z Head
14518,Plesi Z Mid Head,Plesi Z Mid Head
14519,Plesi Z High Head,Plesi Z High Head
14520,Plesi Z Top Head,Plesi Z Top Head
14521,Plesioth Large Fin,水龍的大鰭
14522,Plesioth Huge Fin,Plesioth Huge Fin
14523,Plesioth Strong Leg,Plesioth Strong Leg
14524,Plesioth Tough Leg,Plesioth Tough Leg
14525,Plesioth Tail Spike,水龍的棘
14526,Plesi Shrp Tail Spk,Plesi Shrp Tail Spk
14527,Ruko Magnet Scale,Ruko Magnet Scale
14528,Rukodiora Rigid Shll,Rukodiora Rigid Shll
14529,Ruko Shrp Magnet Clw,Ruko Shrp Magnet Clw
14530,Rukodiora Heavy Bone,極龍的重骨
14531,Rukodiora Null Blood,極龍的血
14532,Rukodiora Magnet Gem,Rukodiora Magnet Gem
14533,Ruko Orange Spike,極龍的棘
14534,Ruko Magnetic Tail,Ruko Magnetic Tail
14535,Ruko Orange Horn,極龍的角
14536,Ruko Extreme Horn,Ruko Extreme Horn
14537,Melente Mat,Melente Mat
14538,HL Hiden Tkt,ＨＬ秘傳票
14539,Ruko Z Wing,極龍的翼
14540,Ruko Z Mid Wing,Ruko Z Mid Wing
14541,Ruko Z High Wng,Ruko Z High Wng
14542,Ruko Z Top Wing,Ruko Z Top Wing
14543,Magic Soul Stone,魔法魂石
14544,Season Soul Stone,季節魂石
14545,Snake Soul Stone,蛇魂石
14546,Ash Crystals,灰結晶
14547,Tangusu D Tkt,タングスＤ票
14548,FP Transmog Ticket,ＦＰ外装票
14549,White Hiden EX D Tkt,白秘傳ＥＸＤ票
14550,Red Hiden EX D Tkt,紅秘傳ＥＸＤ票
14551,Glittering Wreath,Glittering Wreath
14552,New Year Gem [Inu],New Year Gem [Inu]
14553,Sweet Flower Words,Sweet Flower Words
14554,Riebure BM G,Riebure BM G
14555,Riebure BM GF,Riebure BM GF
14556,Riebure BM GX1,Riebure BM GX1
14557,Riebure BM GX2,Riebure BM GX2
14558,Riebure BM GX3,Riebure BM GX3
14559,Riebure BM GX4,Riebure BM GX4
14560,Riebure BM GX5,Riebure BM GX5
14561,Riebure GN G,Riebure GN G
14562,Riebure GN GF,Riebure GN GF
14563,Riebure GN GX1,Riebure GN GX1
14564,Riebure GN GX2,Riebure GN GX2
14565,Riebure GN GX3,Riebure GN GX3
14566,Riebure GN GX4,Riebure GN GX4
14567,Riebure GN GX5,Riebure GN GX5
14568,Lovely AT Tkt,可愛豬ＡＴ票
14569,Lovely BO Tkt,可愛豬ＢＯ票
14570,Lovely P Tkt,可愛豬Ｐ票
14571,ベイビーAT生産券,ベイビーAT生産券
14572,ベイビーBO生産券,ベイビーBO生産券
14573,ベイビーＰ生産券,ベイビーＰ生産券
14574,Disu D Tkt,ディスＤ票
14575,Lils D Tkt,リルスＤ票
14576,Dragoon SC Tkt,ドラゴンＳＣ票
14577,Dragoon GD Tkt,ドラゴンＧＤ票
14578,Vulcan D Tkt,バルカンＤ票
14579,Vulcan GD Tkt,バルカンＧＤ票
14580,Garnet Tkt,石榴石票
14581,Amethyst Tkt,紫水晶票
14582,Coral Tkt,珊瑚票
14583,Quartz Tkt,石英票
14584,Emerald Tkt,緑寶石票
14585,Pearl Badge,Pearl Badge
14586,Ruby Tkt,紅寶石票
14587,Sapphire Tkt,藍寶石票
14588,Onyx Tkt,縞瑪瑙票
14589,Jade Tkt,翡翠票
14590,Topaz Tkt,黄玉票
14591,Tourmaline Tkt,電気石票
14592,Lapis Tkt,青金石票
14593,Bulphan Tkt,ブルファン票
14594,Garuruga Tkt,ガルルガ票
14595,Lampos Tkt,ランポス票
14596,Genepos Tkt,ゲネポス票
14597,Eos Tkt,イーオス票
14598,Gianos Tkt,ギアノス票
14599,Mos Tkt,モス票
14600,Gaburas Merit Tkt,ガブラス功票
14601,Battle SP Blu Tkt,バトルＳＰ青票
14602,Battle SP Yellow Tkt,バトルＳＰ黄票
14603,Battle SP Purple Tkt,バトルＳＰ紫票
14604,Leia SP Blue Tkt,レイアＳＰ青票
14605,Leia SP Red Tkt,レイアＳＰ赤票
14606,Leia SP Black Tkt,レイアＳＰ黒票
14607,フルフルSP青功券,フルフルSP青功券
14608,フルフルSP緑功券,フルフルSP緑功券
14609,フルフルSP黒功券,フルフルSP黒功券
14610,Espinas SP Red Tkt,エスピナＳＰ赤票
14611,Espinas SP Blu Tkt,エスピナＳＰ青票
14612,Espinas SP Ylw Tkt,エスピナＳＰ黄票
14613,ヒーディSP功券,ヒーディSP功券
14614,Upper Shiten Key,Upper Shiten Key
14615,Upper Shiten Lock,Upper Shiten Lock
14616,Skill Slots Up Sigil,Skill Slots Up Sigil
14617,Crit Conv Up Sigil,Crit Conv Up Sigil
14618,Sty. Assault Up Sigil,Sty. Assault Up Sigil
14619,Dissolver Up Sigil,Dissolver Up Sigil
14620,Thunder Clad Up Sigil,Thunder Clad Up Sigil
14621,Ice Age Up Sigil,Ice Age Up Sigil
14622,Vampirism Up Sigil,Vampirism Up Sigil
14623,Drug Knowledge Up Sigil,Drug Knowledge Up Sigil
14624,Assistance Up Sigil,Assistance Up Sigil
14625,Hearing P. Up Sigil,Hearing P. Up Sigil
14626,Wind Res Up Sigil,Wind Res Up Sigil
14627,Quake Res Up Sigil,Quake Res Up Sigil
14628,Poison Res Up Sigil,Poison Res Up Sigil
14629,Para Res Up Sigil,Para Res Up Sigil
14630,Sleep Res Up Sigil,Sleep Res Up Sigil
14631,Bullet Saver Up Sigil,Bullet Saver Up Sigil
14632,Guard Up Sigil,Guard Up Sigil
14633,Adaptation Up Sigil,Adaptation Up Sigil
14634,Encourage Up Sigil,Encourage Up Sigil
14635,Reflect Up Sigil,Reflect Up Sigil
14636,Stylish Up Sigil,Stylish Up Sigil
14637,Vigorous Up Sigil,Vigorous Up Sigil
14638,Routama D Tkt,ルータマＤ票
14639,Z Tower Sigil Mat,Z Tower Sigil Mat
14640,Power Taloncharm,Power Taloncharm
14641,Armor Taloncharm,Armor Taloncharm
14642,Hunter's Taloncharm,Hunter's Taloncharm
14643,Burning Cliff D Tkt,焔嶽Ｄ票
14644,Crimson Cliff D Tkt,緋嶽Ｄ票
14645,Furogada D Tkt,フロガダＤ票
14646,Lars D Tkt,ラースＤ票
14647,Donru D Tkt,ドンルＤ票
14648,White Snake D Tkt,白蛇Ｄ票
14649,Black Tiger D Tkt,黒虎Ｄ票
14650,Crushing Fog D Tkt,砕霧Ｄ票
14651,Valued Word D Tkt,金言Ｄ票
14652,Blue Sky D Tkt,蒼天Ｄ票
14653,Noon Glow D Tkt,午光Ｄ票
14654,Kosho D Tkt,コショーＤ票
14655,True Shadow D Tkt,真影Ｄ票
14656,アイルＦ解放券Ｄ,アイルＦ解放券Ｄ
14657,Primitive Fire Tkt,原火票
14658,転輪勝利生産券,転輪勝利生産券
14659,EXTELLA Tkt,エクステラ票
14660,EXTELLA Tkt D,エクステラＤ票
14661,Rose Cat Tkt,薔薇猫票
14662,Shui Ticket,シュイ票
14663,Shui D Tkt,シュイＤ票
14664,Ledia D Tkt,レディアＤ票
14665,Hypno R Tkt D,眠鳥ＲＤ票
14666,Hypno L Tkt D,眠鳥ＬＤ票
14667,エス生産券Ｄ,エス生産券Ｄ
14668,?cole D Tkt,エコールＤ票
14669,Guns D Tkt,ガンズＤ票
14670,Agria D Tkt,アグリアＤ票
14671,Fauve D Tkt,フォーヴＤ票
14672,Tier D Tkt,ティエールＤ票
14673,Muse D Tkt,ミューズＤ票
14674,Dicto D Tkt,ディクトＤ票
14675,Kruss D Tkt,クルスＤ票
14676,Starina D Tkt,スタリナＤ票
14677,Loose D Tkt,ルーズＤ票
14678,Mirado D Tkt,ミラドＤ票
14679,Deyuru D Tkt,デユルＤ票
14680,Robust D Tkt,ロバストＤ票
14681,Falco D Tkt,ファルコＤ票
14682,Howx D Tkt,ハウクスＤ票
14683,Pirata D Tkt,ピラタＤ票
14684,Zeroi D Tkt,ゼロイＤ票
14685,Rail D Tkt,レイルＤ票
14686,Ridere D Tkt,リデーレＤ票
14687,Riot D Tkt,ライオットＤ票
14688,Rutare D Tkt,ルターレＤ票
14689,Rolling Flow D Tkt,転流Ｄ票
14690,Rolling Sky D Tkt,転空Ｄ票
14691,Cubie D Tkt,クービーＤ票
14692,Kemor D Tkt,ケモールＤ票
14693,Latria D Tkt,ラトリアＤ票
14694,Kontao D Tkt,コンタオＤ票
14695,Ukon D Tkt,ウコンＤ票
14696,Rotto D Tkt,ロットＤ票
14697,Shoko D Tkt,ショコＤ票
14698,Nimbus D Tkt,ニンバスＤ票
14699,Moonlight D Tkt,月光Ｄ票
14700,Dawnbreak D Tkt,黎明Ｄ票
14701,Croc Soul Stone,鰐魂石
14702,Falcon Soul Stone,隼魂石
14703,Wet Soul Stone,濕魂石
14704,UBW Production D,UBW Production D
14705,Madoka Production D,Madoka Production D
14706,Ani 2013 Production D,Ani 2013 Production D
14707,Ani 2014 Production D,Ani 2014 Production D
14708,Kaila D Tkt,カイラＤ票
14709,Fonse D Tkt,フォンスＤ票
14710,Amatsu Carapace,嵐龍的堅殼
14711,Amatsu Pleura,Amatsu Pleura
14712,Amatsu Claw+,嵐龍的尖爪
14713,Amatsu Webbing,嵐龍的翼膜
14714,Storm Vesicle,Storm Vesicle
14715,Heavenly Dragon Gem,Heavenly Dragon Gem
14716,Amatsu Tail,嵐龍的尾
14717,Amatsu Horn,嵐龍的角
14718,Amatsu Cortex,嵐龍的重殼
14719,Amatsu Heavy Pleura,Amatsu Heavy Pleura
14720,AmatsuHrdClw(GRClaw),AmatsuHrdClw(GRClaw)
14721,Amatsu Thickweb,Amatsu Thickweb
14722,Storm Vesicle+,Storm Vesicle+
14723,Heavenly Dragsphire,Heavenly Dragsphire
14724,Amatsu Storm Tail,Amatsu Storm Tail
14725,Amatsu Hard Horn,Amatsu Hard Horn
14726,Inagami Tenacious Hide,雅翁龍的皮
14727,Inagami Tenacious Scale,雅翁龍的鱗
14728,Inagami Tenacious Bone,雅翁龍的骨
14729,Inagami Tenacious Hair,Inagami Tenacious Hair
14730,Inagami Bamboo Shell,雅翁龍的甲殼
14731,Inagami Shoot Marrow,雅翁龍的骨髓
14732,Inagami Hardfang,雅翁龍的堅牙
14733,Inagami Bold Mustasche,Inagami Bold Mustasche
14734,Inagami Sharp Claw,雅翁龍的鋭爪
14735,Inagami Fibrous Tendon,Inagami Fibrous Tendon
14736,Inagami Blunt Claw,Inagami Blunt Claw
14737,Inagami Hard Tendon,Inagami Hard Tendon
14738,Inagami Z Tail,雅翁龍的尾
14739,Inagami Z Mid Tail,Inagami Z Mid Tail
14740,Inagami Z High Tail,Inagami Z High Tail
14741,Inagami Z Top Tail,Inagami Z Top Tail
14742,Radiant Ash Jewel,輝灰珠
14743,Blooming Harmonic Steel,Blooming Harmonic Steel
14744,Ruination Iron,破滅鐵
14745,祈吹石,祈吹石
14746,祈曲石,祈曲石
14747,祈器石,祈器石
14748,祈交石,祈交石
14749,祈声石,祈声石
14750,祈和石,祈和石
14751,祈協石,祈協石
14752,祈興石,祈興石
14753,祈謡石,祈謡石
14754,祈盤石,祈盤石
14755,祈調石,祈調石
14756,祈諧石,祈諧石
14757,祈聴石,祈聴石
14758,Utante Mat,Utante Mat
14759,Rizuvue BM GX1,Rizuvue BM GX1
14760,Rizuvue BM GX2,Rizuvue BM GX2
14761,Rizuvue BM GX3,Rizuvue BM GX3
14762,Rizuvue BM GX4,Rizuvue BM GX4
14763,Rizuvue BM GX5,Rizuvue BM GX5
14764,Rizuvue GN GX1,Rizuvue GN GX1
14765,Rizuvue GN GX2,Rizuvue GN GX2
14766,Rizuvue GN GX3,Rizuvue GN GX3
14767,Rizuvue GN GX4,Rizuvue GN GX4
14768,Rizuvue GN GX5,Rizuvue GN GX5
14769,Fonce BM GX1,Fonce BM GX1
14770,Fonce BM GX2,Fonce BM GX2
14771,Fonce BM GX3,Fonce BM GX3
14772,Fonce BM GX4,Fonce BM GX4
14773,Fonce BM GX5,Fonce BM GX5
14774,Fonce GN GX1,Fonce GN GX1
14775,Fonce GN GX2,Fonce GN GX2
14776,Fonce GN GX3,Fonce GN GX3
14777,Fonce GN GX4,Fonce GN GX4
14778,Fonce GN GX5,Fonce GN GX5
14779,Rizuvue BM G,Rizuvue BM G
14780,Rizuvue BM GF,Rizuvue BM GF
14781,Rizuvue GN G,Rizuvue GN G
14782,Rizuvue GN GF,Rizuvue GN GF
14783,Artisan 2 G,Artisan 2 G
14784,G Break・Blade,G Break・Blade
14785,G Break・Gunner,G Break・Gunner
14786,G Break・Protect,G Break・Protect
14787,G Attack・Style,G Attack・Style
14788,G Attack・Sword,G Attack・Sword
14789,G Attack・Clad,G Attack・Clad
14790,G Attack・Rush,G Attack・Rush
14791,G Attack・Cease,G Attack・Cease
14792,G Attack・Realms,G Attack・Realms
14793,G Issen・Realms,G Issen・Realms
14794,Point Breakthrough SA1,一點突破ＳＡ１
14795,Ragri PT Tkt,ラグリＰＴ票
14796,Zauri PT Tkt,ザウリＰＴ票
14797,IM Sorrow Tkt,ＩＭ哀惜票
14798,Storm FU Tkt,ストームＦＵ票
14799,UBW Lottery Tkt,ＵＢＷ抽選票
14800,Madoka Lottery Tkt,マドカ抽選票
14801,Abnormality SA1,異常状態ＳＡ１
14802,Obscurity Up SZ,Obscurity Up SZ
14803,Adrenaline Charm,Adrenaline Charm
14804,Starvation Charm,Starvation Charm
14805,Sun Ninja D Tkt,陽忍Ｄ票
14806,Moon Ninja D Tkt,月忍Ｄ票
14807,Rubellite Tkt,紅電気石票
14808,Lazurite,Lazurite
14809,Zircon Tkt,ジルコン票
14810,Spinel Tkt,尖晶石票
14811,Jade Tkt,翡翠票
14812,Agate Tkt,瑪瑙票
14813,Pilove Tkt,ピロープ票
14814,Iora Tkt,イオラ票
14815,Rutile Tkt,金紅石票
14816,ブラッド功券,ブラッド功券
14817,Citrine Tkt,黄水晶票
14818,Peridot Tkt,橄欖石票
14819,Turqoise Tkt,緑松石票
14820,マフモフSP赤功券,マフモフSP赤功券
14821,マフモフSP黄功券,マフモフSP黄功券
14822,マフモフSP紫功券,マフモフSP紫功券
14823,バサルSP赤功券,バサルSP赤功券
14824,バサルSP黒功券,バサルSP黒功券
14825,バサルSP黄功券,バサルSP黄功券
14826,Blanco SP Yllw Tkt,ブランゴＳＰ黄票
14827,Blanco SP Blu Tkt,ブランゴＳＰ青票
14828,Blanco SP Blk Tkt,ブランゴＳＰ黒票
14829,Golden SP Wht Tkt,金色ＳＰ白票
14830,Golden SP Purp Tkt,金色ＳＰ紫票
14831,Golden SP Grn Tkt,金色ＳＰ緑票
14832,グラビドSP緑功券,グラビドSP緑功券
14833,グラビドSP紫功券,グラビドSP紫功券
14834,グラビドSP赤功券,グラビドSP赤功券
14835,ハイメタSP黒功券,ハイメタSP黒功券
14836,ハイメタSP青功券,ハイメタSP青功券
14837,ハイメタSP黄功券,ハイメタSP黄功券
14838,S Sol SP Red Tkt,ソルＳＰ赤票
14839,S Sol SP Purp Tkt,ソルＳＰ紫票
14840,S Sol SP Black Tkt,ソルＳＰ黒票
14841,ガルルガSP白功券,ガルルガSP白功券
14842,ガルルガSP緑功券,ガルルガSP緑功券
14843,ガルルガSP赤功券,ガルルガSP赤功券
14844,Zazami SP Blue Tkt,ザザミＳＰ青票
14845,Zazami SP Wht Tkt,ザザミＳＰ白票
14846,Zazami SP Purp Tkt,ザザミＳＰ紫票
14847,Kushana SP Red Tkt,クシャナＳＰ赤票
14848,Kushana SP Ylw Tkt,クシャナＳＰ黄票
14849,Kushana SP Grn Tkt,クシャナＳＰ緑票
14850,Wolf Soul Stone,狼魂石
14851,Mirage Soul Stone,蜃景魂石
14852,Ink Soul Stone,墨魂石
14853,Blooming Cast Iron,盛開鑄鐵
14854,Furante Mat,Furante Mat
14855,Alfi Ticket,アルフィ票
14856,DoublCherryTreSeed,雙櫻樹種子
14857,桜吹雪の巻物,桜吹雪の巻物
14858,Absolute Armor Sphere,Absolute Armor Sphere
14859,Torid Lovely Shell,照雷鳥的甲殼
14860,Torid Lovely Fur,照雷鳥的毛
14861,Torid Lovely Wng Clw,Torid Lovely Wng Clw
14862,Torid Lovely Marrow,Torid Lovely Marrow
14863,Torid Bright Roots,Torid Bright Roots
14864,Torid Shining Gem,Torid Shining Gem
14865,Torid Z Wing,照雷鳥的翼
14866,Torid Z Mid Wing,Torid Z Mid Wing
14867,Torid Z High Wing,Torid Z High Wing
14868,Torid Z Top Wing,Torid Z Top Wing
14869,Torid Full Plume,Torid Full Plume
14870,Torid Lovely Plume,Torid Lovely Plume
14871,Torid Complete Tail,Torid Complete Tail
14872,Torid Lovely Tail,照雷鳥的尾
14873,Dora Grief Shl,Dora Grief Shl
14874,Dora Grief Scale,冥雷龍的鱗
14875,Dora Grief Claw,冥雷龍的爪
14876,Dora Roaring Blood,冥雷龍的血
14877,Dora Erosion Gem,Dora Erosion Gem
14878,Dora Erosion Marrow,Dora Erosion Marrow
14879,Dora Z Horn,冥雷龍的角
14880,Dora Z Mid Horn,冥雷龍的角
14881,Dora Z High Hrn,Dora Z High Hrn
14882,Dora Z Top Horn,冥雷龍的角
14883,Dora Grief Wing,冥雷龍的翼
14884,Dora Erosion Wing,冥雷龍的翼
14885,Dora Grief Tail,冥雷龍的尾
14886,Dora Erosion Tail,冥雷龍的尾
14887,EXTELLA Gacha Token,EXTELLA Gacha Token
14888,Gesture・SAF Ⅰ,Gesture・SAF Ⅰ
14889,Gesture・SAF Ⅱ,Gesture・SAF Ⅱ
14890,Gesture・Dance Ⅱ,Gesture・Dance Ⅱ
14891,Kaifa Ticket,カイファ票
14892,Rainbow Powder,彩虹粉末
14893,Freezing Iron,凍結鐵
14894,Alfi D Tkt,アルフィＤ票
14895,Kaifa D Tkt,カイファＤ票
14896,Ani 2015 Tkt D,2015周年Ｄ票
14897,Chiyo D Tkt,チヨＤ票
14898,Shingeki D Tkt,進撃Ｄ票
14899,Nekodan D Tkt,ネコダンＤ票
14900,Gudan D Tkt,グダンＤ票
14901,Proof of Passion,Proof of Passion
14902,Proof of Love,Proof of Love
14903,絢爛四季手箱・春,絢爛四季手箱・春
14904,Fate AP Ⅰ Tkt,フェイトＡＰⅠ票
14905,Fate AP Ⅱ Tkt,フェイトＡＰⅡ票
14906,Fate AP Ⅰ Tkt D,フェイトＡＰⅠＤ票
14907,Fate AP Ⅱ Tkt D,フェイトＡＰⅡＤ票
14908,Saint Cat Tkt,聖猫票
14909,Glittering Tkt,煌めき票
14910,Fantasy GS Tkt,幻想大剣票
14911,Twelve Heroes Tkt,十二英雄票
14912,Saint Flag Tkt,聖旗票
14913,Straza Ticket,ストラザ票
14914,Straza D Ticket,ストラザＤ票
14915,Cariva BM G,Cariva BM G
14916,Cariva BM GF,Cariva BM GF
14917,Cariva BM GX1,Cariva BM GX1
14918,Cariva BM GX2,Cariva BM GX2
14919,Cariva BM GX3,Cariva BM GX3
14920,Cariva BM GX4,Cariva BM GX4
14921,Cariva BM GX5,Cariva BM GX5
14922,Cariva GN G,Cariva GN G
14923,Cariva GN GF,Cariva GN GF
14924,Cariva GN GX1,Cariva GN GX1
14925,Cariva GN GX2,Cariva GN GX2
14926,Cariva GN GX3,Cariva GN GX3
14927,Cariva GN GX4,Cariva GN GX4
14928,Cariva GN GX5,Cariva GN GX5
14929,Bonne BM GX1,Bonne BM GX1
14930,Bonne BM GX2,Bonne BM GX2
14931,Bonne BM GX3,Bonne BM GX3
14932,Bonne BM GX4,Bonne BM GX4
14933,Bonne BM GX5,Bonne BM GX5
14934,Bonne GN GX1,Bonne GN GX1
14935,Bonne GN GX2,Bonne GN GX2
14936,Bonne GN GX3,Bonne GN GX3
14937,Bonne GN GX4,Bonne GN GX4
14938,Bonne GN GX5,Bonne GN GX5
14939,G Abnorm・Vamp,G Abnorm・Vamp
14940,G Abnorm・Clad,G Abnorm・Clad
14941,G Abnorm・Draw,G Abnorm・Draw
14942,G Abnorm・Boost,G Abnorm・Boost
14943,G Abnorm・Obscure,G Abnorm・Obscure
14944,Abnormal Jewel,異常珠
14945,Obscurity Up Sigil,Obscurity Up Sigil
14946,Renka C Tkt,レンカＣ票
14947,Apocrypha Gacha Token 1,Apocrypha Gacha Token 1
14948,Apocrypha Gacha Token 2,Apocrypha Gacha Token 2
14949,Bonne D Tkt,ボンネＤ票
14950,G Evasion Boost,G Evasion Boost
14951,Anoru Woe Scale,暴鋸龍的鱗
14952,Anoru Woe Shell,暴鋸龍的甲殼
14953,Anoru Woe Fang,暴鋸龍的牙
14954,Anoru Silver Gem,Anoru Silver Gem
14955,Anoru Disaster Marrow,Anoru Disaster Marrow
14956,Anoru Z Sawhorn,Anoru Z Sawhorn
14957,Anoru Z Mid Sawhorn,Anoru Z Mid Sawhorn
14958,Anoru Z High Sawhorn,Anoru Z High Sawhorn
14959,Anoru Z Top Sawhorn,Anoru Z Top Sawhorn
14960,Anoru Misery Tail,暴鋸龍的尾
14961,Anoru Gruesome Tail,Anoru Gruesome Tail
14962,Anoru Large Back Fin,Anoru Large Back Fin
14963,Anoru Extreme Back Fin,Anoru Extreme Back Fin
14964,Anoru Blue Wing,Anoru Blue Wing
14965,Anoru Extreme Blue Wing,Anoru Extreme Blue Wing
14966,Anoru Woe Blood,暴鋸龍的血
14967,Gasura Dried Hide,怒貌龍的皮
14968,Gasura Dried Scale,怒貌龍的鱗
14969,Gasura Poison Gland,Gasura Poison Gland
14970,Gasurabazura Bone,怒貌龍的骨
14971,Gasura Venom Sac,Gasura Venom Sac
14972,Gasura Fever Blood,Gasura Fever Blood
14973,Gasura Poison Fang,怒貌龍的牙
14974,Gasura Dried Bld Fng,Gasura Dried Bld Fng
14975,Gasura Thick Fin,怒貌龍的厚鰭
14976,Gasura Phosphor Fin,Gasura Phosphor Fin
14977,Gasura Shrp Tail Spk,Gasura Shrp Tail Spk
14978,Gasura Hvy Tail Spk,Gasura Hvy Tail Spk
14979,Gasura Z Arm,Gasura Z Arm
14980,Gasura Z Mid Arm,Gasura Z Mid Arm
14981,Gasura Z High Arm,Gasura Z High Arm
14982,Gasura Z Top Arm,Gasura Z Top Arm
14983,WhtTigrHolySwrdTkt,白虎・剣聖票
14984,WhtTigrDrgnPairTkt,白虎・双龍票
14985,WhtTigrKingSwrdTkt,白虎・剣王票
14986,WhtTigrSwrdGodTkt,白虎・刀神票
14987,WhtTigrGodSpearTkt,白虎・天槍票
14988,白虎・砲皇功券,白虎・砲皇功券
14989,白虎・鈍器獣功券,白虎・鈍器獣功券
14990,白虎・奏帝功券,白虎・奏帝功券
14991,白虎・穿凰功券,白虎・穿凰功券
14992,白虎・斬将功券,白虎・斬将功券
14993,白虎・銃傑功券,白虎・銃傑功券
14994,白虎・銃仙功券,白虎・銃仙功券
14995,WhtTigrBowDemonTkt,白虎・弓鬼票
14996,Kirin SP Red Tkt,キリンＳＰ赤票
14997,Kirin SP Purp Tkt,キリンＳＰ紫票
14998,Kirin SP Black Tkt,キリンＳＰ黒票
14999,Kaiser SP Wht Tkt,カイザーＳＰ白票
15000,Kaiser SP Blk Tkt,カイザーＳＰ黒票
15001,Kaiser SP Grn Tkt,カイザーＳＰ緑票
15002,Mizuha SP Blu Tkt,ミズハＳＰ青票
15003,Mizuha SP Red Tkt,ミズハＳＰ赤票
15004,Mizuha SP Ylw Tkt,ミズハＳＰ黄票
15005,トヨタマSP青功券,トヨタマSP青功券
15006,トヨタマSP赤功券,トヨタマSP赤功券
15007,トヨタマSP黄功券,トヨタマSP黄功券
15008,暁丸凛SP功券,暁丸凛SP功券
15009,Swallow Soul Stone,燕魂石
15010,Drop Soul Stone,落魂石
15011,Heaven Wedge Stone,天楔石
15012,100 Days Bamboo,100 Days Bamboo
15013,"1,000 Days Bamboo","1,000 Days Bamboo"
15014,Jagged SP Red Tkt,ジャギドＳＰ赤票
15015,Jagged SP Blk Tkt,ジャギドＳＰ黒票
15016,Jagged SP Yllw Tkt,ジャギドＳＰ黄票
15017,ガブラスSP白功券,ガブラスSP白功券
15018,ガブラスSP黄功券,ガブラスSP黄功券
15019,ガブラスSP黒功券,ガブラスSP黒功券
15020,Forged Harmonic Steel,Forged Harmonic Steel
15021,Harmonic Cotton,Harmonic Cotton
15022,Supreme Scroll,Supreme Scroll
15023,Gae Bolg Tkt,ゲイボルグ票
15024,Golden Tkt,金色票
15025,アウナス鎌生産券,アウナス鎌生産券
15026,Drgn Scl Sword Tkt,龍鱗剣票
15027,Saga II Ticket,サガⅡ票
15028,Saga II D Ticket,サガⅡＤ票
15029,Saga II Gacha Token,Saga II Gacha Token
15030,Saine Ticket,サイネ票
15031,Saine D Tkt,サイネＤ票
15032,Nerihi D Tkt,ネリヒＤ票
15033,祈拭石,祈拭石
15034,祈塞石,祈塞石
15035,祈放石,祈放石
15036,祈別石,祈別石
15037,祈溢石,祈溢石
15038,決意の証,決意の証
15039,Fasbite Ore,法斯拜特礦石
15040,祝福のブーケ,祝福のブーケ
15041,Gook Special Fthr,Gook Special Fthr
15042,ポルタカシワ,ポルタカシワ
15043,極上の柏葉,極上の柏葉
15044,Porta Anko,Porta Anko
15045,Thank You Ⅹ,Thank You Ⅹ
15046,Seregios Slavescale,Seregios Slavescale
15047,Seregios Airblade,Seregios Airblade
15048,Seregios Carver,Seregios Carver
15049,Seregios Scraper,Seregios Scraper
15050,Seregios Dissenter,Seregios Dissenter
15051,Seregios Impaler,Seregios Impaler
15052,Seregios Sunderer,Seregios Sunderer
15053,Seregios Slavescale+,Seregios Slavescale+
15054,Seregios Airblade+,Seregios Airblade+
15055,Seregios Carver+,Seregios Carver+
15056,Seregios Scraper+,Seregios Scraper+
15057,Seregios Lens,Seregios Lens
15058,Seregios Impaler+,Seregios Impaler+
15059,Seregios Sunderer+,Seregios Sunderer+
15060,Harze D Tkt,ハルゼＤ票
15061,Revenants D Tkt,レヴナントＤ票
15062,Wing Ticket,ウィング票
15063,Wing D Ticket,ウィングＤ票
15064,Pinbi Ticket,ピンビ票
15065,Pinbi D Ticket,ピンビＤ票
15066,Pribu Ticket,プリブ票
15067,Pribu D Ticket,プリブＤ票
15068,Utaei Mat,Utaei Mat
15069,Spacing Jewel,間距珠
15070,Extreme Ravi BM GX1,Extreme Ravi BM GX1
15071,Extreme Ravi BM GX2,Extreme Ravi BM GX2
15072,Extreme Ravi BM GX3,Extreme Ravi BM GX3
15073,Extreme Ravi BM GX4,Extreme Ravi BM GX4
15074,Extreme Ravi BM GX5,Extreme Ravi BM GX5
15075,Extreme Ravi GN GX1,Extreme Ravi GN GX1
15076,Extreme Ravi GN GX2,Extreme Ravi GN GX2
15077,Extreme Ravi GN GX3,Extreme Ravi GN GX3
15078,Extreme Ravi GN GX4,Extreme Ravi GN GX4
15079,Extreme Ravi GN GX5,Extreme Ravi GN GX5
15080,Cassius BM GX1,Cassius BM GX1
15081,Cassius BM GX2,Cassius BM GX2
15082,Cassius BM GX3,Cassius BM GX3
15083,Cassius BM GX4,Cassius BM GX4
15084,Cassius BM GX5,Cassius BM GX5
15085,Cassius GN GX1,Cassius GN GX1
15086,Cassius GN GX2,Cassius GN GX2
15087,Cassius GN GX3,Cassius GN GX3
15088,Cassius GN GX4,Cassius GN GX4
15089,Cassius GN GX5,Cassius GN GX5
15090,G Spacing・Draw,G Spacing・Draw
15091,G Spacing・Vamp,G Spacing・Vamp
15092,G Spacing・Mount,G Spacing・Mount
15093,G Spacing・Gentle,G Spacing・Gentle
15094,G Spacing・Bullets,G Spacing・Bullets
15095,G Spacing・Steady,G Spacing・Steady
15096,Melas D Tkt,メラスＤ票
15097,Robin Neko Ticket,ロビンネコ票
15098,Spacing SA1,間合ＳＡ１
15099,Spacing SA2,間合ＳＡ２
15100,Soul Up SZ,Soul Up SZ
15101,Soul Up Sigil,Soul Up Sigil
15102,祈濯石,祈濯石
15103,NK5 Tkt 1,ＮＫ５票・１
15104,NK5 Tkt 2,ＮＫ５票・２
15105,NK5 Tkt 3,ＮＫ５票・３
15106,NK5 Tkt 4,ＮＫ５票・４
15107,NK5 Tkt 5,ＮＫ５票・５
15108,NK5 Tkt 6,ＮＫ５票・６
15109,Raviente Ruby,Raviente Ruby
15110,Raviente Sapphire,Raviente Sapphire
15111,Calm Phoenix Silk,Calm Phoenix Silk
15112,Silver Harmonic Stone,銀諧振石
15113,Dylan Tkt,ディラン票
15114,Dylan D Tkt,ディランＤ票
15115,Dibble Tkt,ディブル票
15116,Dibble D Tkt,ディブルＤ票
15117,Neriotori D Tkt,ネリオトリＤ票
15118,Sharuru Tkt,シャルル票
15119,Sharuru D Tkt,シャルルＤ票
15120,Suzaku Blade Tkt,朱雀・剣聖票
15121,Suzaku DB Tkt,朱雀・双龍票
15122,Suzaku GS Tkt,朱雀・剣王票
15123,Suzaku LS Tkt,朱雀・刀神票
15124,Suzaku Lance Tkt,朱雀・天槍票
15125,Suzaku Cannon Tkt,朱雀・砲皇票
15126,Suzaku Basher Tkt,朱雀・鈍器獣票
15127,Suzaku Horn Tkt,朱雀・奏帝票
15128,Suzaku Tonfa Tkt,朱雀・穿凰票
15129,Suzaku Slasher Tkt,朱雀・斬将票
15130,Suzaku Gunmaster Tkt,朱雀・銃傑票
15131,Suzaku Blaster Tkt,朱雀・銃仙票
15132,Suzaku Bow Tkt,朱雀・弓鬼票
15133,G Night PVSP Tkt,Ｇ夜ＰＶＳＰ票
15134,Empre SP Red Tkt,エンプレスＳＰ赤票
15135,Empre SP Yellow Tkt,エンプレスＳＰ黄票
15136,Empre SP Purple Tkt,エンプレスＳＰ紫票
15137,Rango SP Yellow Tkt,ランゴＳＰ黄票
15138,Rango SP Black Tkt,ランゴＳＰ黒票
15139,Rango SP Blue Tkt,ランゴＳＰ青票
15140,Death S. SP White Tkt,デススタＳＰ白票
15141,Death S. SP Red Tkt,デススタＳＰ赤票
15142,Death S. SP Blue Tkt,デススタＳＰ青票
15143,Diablo SP Purple Tkt,ディアブロＳＰ紫票
15144,Diablo SP Blue Tkt,ディアブロＳＰ青票
15145,Diablo SP Yellow Tkt,ディアブロＳＰ黄票
15146,Makluva SP Green Tkt,マクロアバＳＰ緑票
15147,Makluva SP Blue Tkt,マクロアバＳＰ青票
15148,Makluva SP Black Tkt,マクロアバＳＰ黒票
15149,Akantor SP Black Tkt,アカムトＳＰ黒票
15150,Akantor SP Red Tkt,アカムトＳＰ赤票
15151,Akantor SP White Tkt,アカムトＳＰ白票
15152,Gravi SP Black Tkt,グラビＳＰ黒票
15153,Gravi SP Blue Tkt,グラビＳＰ青票
15154,Gravi SP Red Tkt,グラビＳＰ赤票
15155,Cure D Tkt,キュアＤ票
15156,Jyaga D Tkt,ジャガＤ票
15157,100 Year Old Items,100 Year Old Items
15158,Firefly Soul Rock,螢火蟲魂岩
15159,Demon Soul Rock,鬼魂岩
15160,Smoke Soul Stone,煙魂石
15161,Sunny Soul Stone,晴朗魂石
15162,Snow Toys,Snow Toys
15163,旧・怪異譚【山】,旧・怪異譚【山】
15164,旧・怪異譚【川】,旧・怪異譚【川】
15165,旧・怪異譚【雲】,旧・怪異譚【雲】
15166,旧・怪異譚【風】,旧・怪異譚【風】
15167,旧・怪異譚【雨】,旧・怪異譚【雨】
15168,旧・怪異譚【鳴】,旧・怪異譚【鳴】
15169,SnowWeapn TrialTkt,雪武器體驗票
15170,奇面族の猛毒塊,奇面族の猛毒塊
15171,砕竜への憧れ,砕竜への憧れ
15172,アイルー印の果実,アイルー印の果実
15173,Mezefest Tkt,メゼフェス票
15174,親方からの伝言,親方からの伝言
15175,たい変めでたい品,たい変めでたい品
15176,Algol D Tkt,アルゴルＤ票
15177,きらめく鱗形見,きらめく鱗形見
15178,Thank You XI,Thank You XI
15179,祈繋石,祈繋石
15180,祈導石,祈導石
15181,祈輝石,祈輝石
15182,祈結石,祈結石
15183,祈捧石,祈捧石
15184,祈遂石,祈遂石
15185,祈添石,祈添石
15186,祈凜石,祈凜石
15187,祈貢石,祈貢石
15188,祈光石,祈光石
15189,祈照石,祈照石
15190,Glitter Gunpowder,閃亮火藥
15191,盈月輝石,盈月輝石
15192,Katante D Tkt,カタンテＤ票
15193,Ricante D Tkt,リカンテＤ票
15194,Merente D Tkt,メレンテＤ票
15195,Utante D Tkt,ウタンテＤ票
15196,Furante D Tkt,フランテＤ票
15197,Jess D Tkt,ジェスＤ票
15198,Riaruo D Tkt,リアルオＤ票
15199,Reiresu D Tkt,レイレスＤ票
15200,Reuasu D Tkt,レウアスＤ票
15201,Blanc D Tkt,ブランＤ票
15202,H Shock D Tkt,Ｈ衝撃Ｄ票
15203,Shimashima D Tkt,シマシマＤ票
15204,Sparkle Gunpowder,炫光火藥
15205,Dummy 15205,Dummy 15205
15206,Dummy 15206,Dummy 15206
15207,Charis Tkt,カリス票
15208,Charis D Tkt,カリスＤ票
15209,Desutora Tkt,デストラ票
15210,Desutora D Tkt,デストラＤ票
15211,Kashoku D Tkt,華飾Ｄ票
15212,Gesture・Sit Ⅰ,Gesture・Sit Ⅰ
15213,Gesture・Dance Ⅲ,Gesture・Dance Ⅲ
15214,Gesture・Dance Ⅳ,Gesture・Dance Ⅳ
15215,Gesture・Dance Ⅴ,Gesture・Dance Ⅴ
15216,Gesture・Thanks,Gesture・Thanks
15217,Shaka Poison Lump,Shaka Poison Lump
15218,Shaka Venom Lump,Shaka Venom Lump
15219,Portane,Portane
15220,Fins Tkt,フィンズ票
15221,Fins D Tkt,フィンズＤ票
15222,Dins Tkt,ディンズ票
15223,Dins D Tkt,ディンズＤ票
15224,Lenigan Tkt,レニガン票
15225,Lenigan D Tkt,レニガンＤ票
15226,Utatsumugu Cloth,Utatsumugu Cloth
15227,Dark Invitation,Dark Invitation
15228,Light Invitation,Light Invitation
15229,Kiyoshi D Tkt,キヨシＤ票
15230,AnivaMemoryGachaTkt,アニヴァ記憶抽選票
15231,Tokimeki Coin,Tokimeki Coin
15232,G Abnorm・Protect,G Abnorm・Protect
15233,Lynx BM GX1,Lynx BM GX1
15234,Lynx BM GX2,Lynx BM GX2
15235,Lynx BM GX3,Lynx BM GX3
15236,Lynx BM GX4,Lynx BM GX4
15237,Lynx BM GX5,Lynx BM GX5
15238,Lynx GN GX1,Lynx GN GX1
15239,Lynx GN GX2,Lynx GN GX2
15240,Lynx GN GX3,Lynx GN GX3
15241,Lynx GN GX4,Lynx GN GX4
15242,Lynx GN GX5,Lynx GN GX5
15243,Zindol BM GX1,Zindol BM GX1
15244,Zindol BM GX2,Zindol BM GX2
15245,Zindol BM GX3,Zindol BM GX3
15246,Zindol BM GX4,Zindol BM GX4
15247,Zindol BM GX5,Zindol BM GX5
15248,Zindol GN GX1,Zindol GN GX1
15249,Zindol GN GX2,Zindol GN GX2
15250,Zindol GN GX3,Zindol GN GX3
15251,Zindol GN GX4,Zindol GN GX4
15252,Zindol GN GX5,Zindol GN GX5
15253,Burukku D Tkt,ブルックＤ票
15254,Shirukku D Tkt,シルクＤ票
15255,Gorukku D Tkt,ゴルクＤ票
15256,MS Soul Low,MS Soul Low
15257,MS Soul Mid,MS Soul Mid
15258,MS Soul High,MS Soul High
15259,MS Soul Top,MS Soul Top
15260,MS Ribbon Low,MS Ribbon Low
15261,MS Ribbon Mid,MS Ribbon Mid
15262,MS Ribbon High,MS Ribbon High
15263,MS Merit Low,MS Merit Low
15264,MS Merit Mid,MS Merit Mid
15265,MS Merit High,MS Merit High
15266,Storage Guide・Illusion,Storage Guide・Illusion
15267,Hiden Stamp・SnS,Hiden Stamp・SnS
15268,Hiden Stamp・DS,Hiden Stamp・DS
15269,Hiden Stamp・GS,Hiden Stamp・GS
15270,Hiden Stamp・LS,Hiden Stamp・LS
15271,Hiden Stamp・Hammer,Hiden Stamp・Hammer
15272,Hiden Stamp・HH,Hiden Stamp・HH
15273,Hiden Stamp・Lance,Hiden Stamp・Lance
15274,Hiden Stamp・GL,Hiden Stamp・GL
15275,Hiden Stamp・SAF,Hiden Stamp・SAF
15276,Hiden Stamp・Tonfa,Hiden Stamp・Tonfa
15277,Hiden Stamp・MS,Hiden Stamp・MS
15278,Hiden Stamp・LBG,Hiden Stamp・LBG
15279,Hiden Stamp・HBG,Hiden Stamp・HBG
15280,Hiden Stamp・Bow,Hiden Stamp・Bow
15281,舞姫歌扇生産券,舞姫歌扇生産券
15282,S Eater Tkt,ソウルイーター票
15283,Strider Tkt,ストライダー票
15284,樽ラッピー生産券,樽ラッピー生産券
15285,PSO2 Ticket,ＰＳＯ２票
15286,PSO2 D Ticket,ＰＳＯ２Ｄ票
15287,PSO2 Gacha Token,PSO2 Gacha Token
15288,Zenith Sigil Stamp,Zenith Sigil Stamp
15289,Metal D Tkt,白合金Ｄ票
15290,Promise D Tkt,約定Ｄ票
15291,Star Festival D Tkt,星祭Ｄ票
15292,Ex D Tkt,ＥＸＤ票
15293,Gold Cat D Tkt,金猫Ｄ票
15294,Silver Cat D Tkt,銀猫Ｄ票
15295,Claire D Tkt,煥晶Ｄ票
15296,Gold D Tkt,耀金Ｄ票
15297,Pharan D Tkt,巫者Ｄ票
15298,Text D Tkt,原典Ｄ票
15299,Galitos D Tkt,元帥Ｄ票
15300,Suriito D Tkt,スリートＤ票
15301,Steno D Tkt,月坑Ｄ票
15302,Edio D Tkt,城衛Ｄ票
15303,Omet D Tkt,眩光Ｄ票
15304,Cayssis D Tkt,ケイシスＤ票
15305,Zodic D Tkt,ゾディックＤ票
15306,Arge D Tkt,アルジェＤ票
15307,Camarera D Tkt,カマレラＤ票
15308,Metenera D Tkt,メテネラＤ票
15309,Abitto D Tkt,アビットＤ票
15310,Riburi D Tkt,リブリＤ票
15311,M?gos D Tkt,メゴスＤ票
15312,Pics D Tkt,精靈Ｄ票
15313,Secuti D Tkt,セキュティＤ票
15314,Honour D Tkt,榮譽Ｄ票
15315,Flight D Tkt,飛翔Ｄ票
15316,Bande D Tkt,バンデＤ票
15317,Regnum D Tkt,王領Ｄ票
15318,Gania D Tkt,ガニアＤ票
15319,Amistad D Tkt,アミスタＤ票
15320,Perifu D Tkt,ペリフＤ票
15321,Arma D Tkt,アルマＤ票
15322,Real D Tkt,皇室Ｄ票
15323,Ferme D Tkt,沈默Ｄ票
15324,Melety D Tkt,專家Ｄ票
15325,Aristo D Tkt,貴族Ｄ票
15326,Regelia D Tkt,英豪Ｄ票
15327,Bunny D Tkt,兎Ｄ票
15328,Randa D Tkt,ランダＤ票
15329,Maisto D Tkt,マイストＤ票
15330,Truss D Tkt,トラスＤ票
15331,Cultu D Tkt,カルチュＤ票
15332,Siena D Tkt,狂戰Ｄ票
15333,Rast D Tkt,星塵Ｄ票
15334,Cloth D Tkt,クロスＤ票
15335,Gloria D Tkt,榮耀Ｄ票
15336,Gelt D Tkt,強獸神Ｄ票
15337,Serena D Tkt,劍客Ｄ票
15338,Sheriff D Tkt,警長Ｄ票
15339,Naga D Tkt,蛇神Ｄ票
15340,Tenpi D Tkt,テンピＤ票
15341,Reflet D Tkt,ルフレＤ票
15342,Marin D Tkt,マリンＤ票
15343,Dusk D Tkt,黄昏Ｄ票
15344,Vakusu D Tkt,ヴァクスＤ票
15345,Rizuvue D Tkt,リズヴエＤ票
15346,Konseru D Tkt,コンセルＤ票
15347,Shikari D Tkt,シカリＤ票
15348,Strega D Tkt,ストレガＤ票
15349,Eques D Tkt,エクエスＤ票
15350,Uida D Tkt,ウイダＤ票
15351,Kuraaji D Tkt,クラージＤ票
15352,Anesis D Tkt,アネシスＤ票
15353,Zaakaa D Tkt,ザーカＤ票
15354,Vinen D Tkt,ヴィネンＤ票
15355,Rudeos D Tkt,ルデオスＤ票
15356,Breo D Tkt,ブレオＤ票
15357,Rouge D Tkt,ルージュＤ票
15358,Onero D Tkt,オネロＤ票
15359,Diina D Tkt,ディーナＤ票
15360,Oorowa D Tkt,オーロワＤ票
15361,Higakure D Tkt,ヒガクレＤ票
15362,Perce D Tkt,パースＤ票
15363,Orykto D Tkt,オリクトＤ票
15364,Yoruti D Tkt,ヨルティＤ票
15365,Nisuru D Tkt,ニスルＤ票
15366,Maaden D Tkt,マーデンＤ票
15367,Cheni D Tkt,チェニＤ票
15368,Eguiene D Tkt,エギエネＤ票
15369,Torboda D Tkt,トルボダＤ票
15370,Cavalliba D Tkt,カバリバＤ票
15371,Norukku D Tkt,ノルクＤ票
15372,Valier D Tkt,ヴァリエＤ票
15373,Arumyu D Tkt,アルミュＤ票
15374,Chatore D Tkt,チャトレＤ票
15375,Pashio D Tkt,パシオＤ票
15376,Cariva D Tkt,カリバＤ票
15377,Yellow Feather,Yellow Feather
15378,Fluffy Yellow Feather,Fluffy Yellow Feather
15379,Boga Layered Hide,Boga Layered Hide
15380,Boga Deflecting Scale,Boga Deflecting Scale
15381,Boga High Density Bone,Boga High Density Bone
15382,Boga Pressure Blood,Boga Pressure Blood
15383,Boga Emission Powder,博加噴射粉末
15384,Boga Flaming Fog Gem,Boga Flaming Fog Gem
15385,Boga Cone Tail,Boga Cone Tail
15386,Boga Sharp Cone Tail,Boga Sharp Cone Tail
15387,Boga Blunt Fang,Boga Blunt Fang
15388,Boga Heavy Blunt Fang,Boga Heavy Blunt Fang
15389,Boga Exobone,Boga Exobone
15390,Boga Strong Exobone,Boga Strong Exobone
15391,Boga Z Arm,Boga Z Arm
15392,Boga Z Mid Arm,Boga Z Mid Arm
15393,Boga Z High Arm,Boga Z High Arm
15394,Boga Z Top Arm,Boga Z Top Arm
15395,Genbu Sword Tkt,玄武・剣聖票
15396,Genbu Twin Dragons Tkt,玄武・双龍票
15397,Genbu Sword King Tkt,玄武・剣王票
15398,Genbu Sword God Tkt,玄武・刀神票
15399,Genbu Sky Spear,Genbu Sky Spear
15400,Genbu Gun Emperor Tkt,玄武・砲皇票
15401,玄武・鈍器獣功券,玄武・鈍器獣功券
15402,玄武・奏帝功券,玄武・奏帝功券
15403,玄武・穿凰功券,玄武・穿凰功券
15404,玄武・斬将功券,玄武・斬将功券
15405,Genbu Guru Tkt,玄武・銃傑票
15406,Genbu Wizard Tkt,玄武・銃仙票
15407,玄武・弓鬼功券,玄武・弓鬼功券
15408,Rex SP BlkTkt,レックスＳＰ黒票
15409,Rex SP WhtTkt,レックスＳＰ白票
15410,RexSP PurTkt,レックスＳＰ紫票
15411,MonoblosSP YllwTkt,モノブロスＳＰ黄票
15412,MonoblosSP GrnTkt,モノブロスＳＰ緑票
15413,MonoblosSP WhtTkt,モノブロスＳＰ白票
15414,Furu SP Blk Tkt,フルＳＰ黒票
15415,Furu SP Grn Tkt,フルＳＰ緑票
15416,Furu SP Blu Tkt,フルＳＰ青票
15417,Ganos SP Blk Tkt,ガノスＳＰ黒票
15418,Ganos SP Yllw Tkt,ガノスＳＰ黄票
15419,Ganos SP Pur Tkt,ガノスＳＰ紫票
15420,Geryos SP Red Tkt,ゲリオスＳＰ赤票
15421,Geryos SP Yllw Tkt,ゲリオスＳＰ黄票
15422,Geryos SP Grn Tkt,ゲリオスＳＰ緑票
15423,Kagura SP Red Tkt,カグラＳＰ赤票
15424,Kagura SP Blk Tkt,カグラＳＰ黒票
15425,Kagura SP Pur Tkt,カグラＳＰ紫票
15426,Kamukura SP Red Tkt,カムクラＳＰ赤票
15427,Kamukura SP Blk Tkt,カムクラＳＰ黒票
15428,Kamukura SP Pur Tkt,カムクラＳＰ紫票
15429,Moss SP Wht Tkt,モスＳＰ白票
15430,Moss SP Yllw Tkt,モスＳＰ黄票
15431,Moss SP Blu Tkt,モスＳＰ青票
15432,Shinobu SP Yllw Tkt,シノブＳＰ黄票
15433,Shinobu SP Red Tkt,シノブＳＰ赤票
15434,Shinobu SP Blu Tkt,シノブＳＰ青票
15435,Mag Hammr Material,Mag Hammr Material
15436,Dark Neko Pass Red,Dark Neko Pass Red
15437,Dark Neko Pass Blue,Dark Neko Pass Blue
15438,Dark Neko Pass Peach,Dark Neko Pass Peach
15439,Dark Neko Pass White,Dark Neko Pass White
15440,Dark Neko Pass Black,Dark Neko Pass Black
15441,Dark Neko Pass Gold,Dark Neko Pass Gold
15442,Dark Neko Ring Red,Dark Neko Ring Red
15443,Dark Neko Ring Blue,Dark Neko Ring Blue
15444,Dark Neko Ring Peach,Dark Neko Ring Peach
15445,Dark Neko Ring White,Dark Neko Ring White
15446,Dark Neko Ring Black,Dark Neko Ring Black
15447,Dark Neko Ring Gold,Dark Neko Ring Gold
15448,Entrusted Secret Text,Entrusted Secret Text
15449,鷲魂岩,鷲魂岩
15450,藤魂石,藤魂石
15451,潮島の財宝,潮島の財宝
15452,試作型軽弩設計図,試作型軽弩設計図
15453,改良型軽弩設計図,改良型軽弩設計図
15454,青紫色のビン,青紫色のビン
15455,不思議な塗料,不思議な塗料
15456,Rappy D Tkt,ラッピーＤ票
15457,Rapineko Tkt,ラピ猫票
15458,Utaei D Tkt,歌詠Ｄ票
15459,Utatsumugu D Tkt,歌紡Ｄ票
15460,Calamity Insignia,Calamity Insignia
15461,Disaster Insignia,Disaster Insignia
15462,Gravios Heavy Shell,鎧龍的甲殼
15463,Gravios Fever Shell,鎧龍的甲殼
15464,Gravios Heavy Bone,鎧龍的骨
15465,Gravios Heavy Wing,鎧龍的翼
15466,Gravios Blasting Sac,Gravios Blasting Sac
15467,Gravios Burning Gem,Gravios Burning Gem
15468,Gravios Heavy Headshell,Gravios Heavy Headshell
15469,Gravios Huge Headshell,Gravios Huge Headshell
15470,Gravios Heavy Tail Bone,Gravios Heavy Tail Bone
15471,Gravios Huge Tail Bone,Gravios Huge Tail Bone
15472,Gravios Z Body,Gravios Z Body
15473,Gravios Z Mid Body,Gravios Z Mid Body
15474,Gravios Z High Body,Gravios Z High Body
15475,Gravios Z Top Body,Gravios Z Top Body
15476,Baru Mottled Skin,Baru Mottled Skin
15477,Baru Indigo Scale,噬血龍的鱗
15478,Baru Mixed Blood,Baru Mixed Blood
15479,Baru Crimson Gland,Baru Crimson Gland
15480,Baru Special Blood Sac,Baru Special Blood Sac
15481,Baru Grasping Tongue,Baru Grasping Tongue
15482,Baru Fine Tentacle,Baru Fine Tentacle
15483,Baru Exquisite Tentacle,Baru Exquisite Tentacle
15484,Baru Crimson Fin,噬血龍的緋鰭
15485,Baru Vermillion Fin,Baru Vermillion Fin
15486,Baru Tailtip,Baru Tailtip
15487,Baru Sharp Tailtip,Baru Sharp Tailtip
15488,Baru Z Head,Baru Z Head
15489,Baru Z Mid Head,Baru Z Mid Head
15490,Baru Z High Head,Baru Z High Head
15491,Baru Z Top Head,Baru Z Top Head
15492,Tanzanite Tkt,タンザナイト票
15493,ヘマタイト功券,ヘマタイト功券
15494,白虎・磁星功券,白虎・磁星功券
15495,朱雀・磁星功券,朱雀・磁星功券
15496,玄武・磁星功券,玄武・磁星功券
15497,大巌竜愛の証・紅,大巌竜愛の証・紅
15498,大巌竜愛の証・蒼,大巌竜愛の証・蒼
15499,グラハムの御墨付,グラハムの御墨付
15500,グラハムの奥義書,グラハムの奥義書
15501,ミニオ生産券,ミニオ生産券
15502,ハリネ生産券,ハリネ生産券
15503,パッカリＧ生産券,パッカリＧ生産券
15504,パックリＧ生産券,パックリＧ生産券
15505,でか焼鳥生産券,でか焼鳥生産券
15506,Ｌネコ生産券,Ｌネコ生産券
15507,Alicia Tkt,アリシア票
15508,Alicia D Tkt,アリシアＤ票
15509,竜宮状,竜宮状
15510,安全な箱,安全な箱
15511,新鮮な血,新鮮な血
15512,とても新鮮な血,とても新鮮な血
15513,青年の情報①,青年の情報①
15514,青年の情報②,青年の情報②
15515,青年のつぶやき,青年のつぶやき
15516,Gesture・Solicitate,Gesture・Solicitate
15517,Gesture・Air Mic,Gesture・Air Mic
15518,Gesture・Air Guitar,Gesture・Air Guitar
15519,Gesture・Janken,Gesture・Janken
15520,Gesture・Terror,Gesture・Terror
15521,Masaha Ticket,マサハ票
15522,Masaha D Ticket,マサハＤ票
15523,Masaha C Ticket,マサハＣ票
15524,Favila Tkt,ファビラ票
15525,Favila D Tkt,ファビラＤ票
15526,Furious Jewel,憤怒珠
15527,Black Belt Jewel,黑帶珠
15528,Lost Object,Lost Object
15529,Piping Hot Meat,Piping Hot Meat
15530,G Fire Res,G Fire Res
15531,G Furious・Health,G Furious・Health
15532,G Furious・Clad,G Furious・Clad
15533,G Furious・Assault,G Furious・Assault
15534,G Furious・Rush,G Furious・Rush
15535,G Furious・Blade,G Furious・Blade
15536,G Furious・Ranged,G Furious・Ranged
15537,G Issen・Cease,G Issen・Cease
15538,G Attack・Vamp,G Attack・Vamp
15539,G Attack・Abnorm,G Attack・Abnorm
15540,G Attack・Suprem,G Attack・Suprem
15541,G Attack・Ranged,G Attack・Ranged
15542,MS Hiden? White,MS Hiden? White
15543,MS Hiden? Red,MS Hiden? Red
15544,MS Hiden? Black,MS Hiden? Black
15545,MS Hiden? Blue,MS Hiden? Blue
15546,MS True? White,MS True? White
15547,MS True? Red,MS True? Red
15548,MS True? Black,MS True? Black
15549,MS True? Blue,MS True? Blue
15550,MS Hiden EX? White,MS Hiden EX? White
15551,MS Hiden EX? Red,MS Hiden EX? Red
15552,MS Hiden EX? Black,MS Hiden EX? Black
15553,MS Hiden EX? Blue,MS Hiden EX? Blue
15554,G Rolling・Curtain,G Rolling・Curtain
15555,G Strong・Technique,G Strong・Technique
15556,G Obscurity・Clad,G Obscurity・Clad
15557,G Spacing・Saver,G Spacing・Saver
15558,Black Stone,黑石
15559,Black Lava,Black Lava
15560,Wings of Goodness,Wings of Goodness
15561,Wings of Passion,Wings of Passion
15562,Highlands Diary・1,Highlands Diary・1
15563,Highlands Diary・2,Highlands Diary・2
15564,Highlands Report,Highlands Report
15565,Furious SA1 SA1,憤激ＳＡ１
15566,Rush Up SZ,Rush Up SZ
15567,Skill Slots Up PZ1,Skill Slots Up PZ1
15568,Skill Slots Up PZ2,Skill Slots Up PZ2
15569,Skill Slots Up PZ3,Skill Slots Up PZ3
15570,Skill Slots Up PZ4,Skill Slots Up PZ4
15571,Skill Slots Up PZ5,Skill Slots Up PZ5
15572,Skill Slots Up PZ6,Skill Slots Up PZ6
15573,Skill Slots Up PZ7,Skill Slots Up PZ7
15574,Skill Slots Up PZ8,Skill Slots Up PZ8
15575,Skill Slots Up PZ9,Skill Slots Up PZ9
15576,Skill Slots Up PZ10,Skill Slots Up PZ10
15577,Skill Slots Up PZ11,Skill Slots Up PZ11
15578,Skill Slots Up PZ12,Skill Slots Up PZ12
15579,Skill Slots Up PZ13,Skill Slots Up PZ13
15580,Skill Slots Up PZ14,Skill Slots Up PZ14
15581,Skill Slots Up PZ15,Skill Slots Up PZ15
15582,Skill Slots Up PZ16,Skill Slots Up PZ16
15583,Skill Slots Up PZ17,Skill Slots Up PZ17
15584,Skill Slots Up PZ18,Skill Slots Up PZ18
15585,Skill Slots Up PZ19,Skill Slots Up PZ19
15586,Skill Slots Up PZ20,Skill Slots Up PZ20
15587,Skill Slots Up PZ21,Skill Slots Up PZ21
15588,Skill Slots Up PZ22,Skill Slots Up PZ22
15589,Skill Slots Up PZ23,Skill Slots Up PZ23
15590,Skill Slots Up PZ24,Skill Slots Up PZ24
15591,Skill Slots Up PZ25,Skill Slots Up PZ25
15592,Skill Slots Up PZ26,Skill Slots Up PZ26
15593,Skill Slots Up PZ27,Skill Slots Up PZ27
15594,Skill Slots Up PZ28,Skill Slots Up PZ28
15595,Skill Slots Up PZ29,Skill Slots Up PZ29
15596,Skill Slots Up PZ30,Skill Slots Up PZ30
15597,Skill Slots Up PZ31,Skill Slots Up PZ31
15598,Skill Slots Up PZ32,Skill Slots Up PZ32
15599,Skill Slots Up PZ33,Skill Slots Up PZ33
15600,Skill Slots Up PZ34,Skill Slots Up PZ34
15601,Skill Slots Up PZ35,Skill Slots Up PZ35
15602,Skill Slots Up PZ36,Skill Slots Up PZ36
15603,Skill Slots Up PZ37,Skill Slots Up PZ37
15604,Skill Slots Up PZ38,Skill Slots Up PZ38
15605,Skill Slots Up PZ39,Skill Slots Up PZ39
15606,Skill Slots Up PZ40,Skill Slots Up PZ40
15607,Skill Slots Up PZ41,Skill Slots Up PZ41
15608,Skill Slots Up PZ42,Skill Slots Up PZ42
15609,Skill Slots Up PZ43,Skill Slots Up PZ43
15610,Skill Slots Up PZ44,Skill Slots Up PZ44
15611,Skill Slots Up PZ45,Skill Slots Up PZ45
15612,Skill Slots Up PZ46,Skill Slots Up PZ46
15613,Skill Slots Up PZ47,Skill Slots Up PZ47
15614,Skill Slots Up PZ48,Skill Slots Up PZ48
15615,Skill Slots Up PZ49,Skill Slots Up PZ49
15616,Skill Slots Up PZ50,Skill Slots Up PZ50
15617,Skill Slots Up PZ51,Skill Slots Up PZ51
15618,Skill Slots Up PZ52,Skill Slots Up PZ52
15619,Skill Slots Up PZ53,Skill Slots Up PZ53
15620,Skill Slots Up PZ54,Skill Slots Up PZ54
15621,Skill Slots Up PZ55,Skill Slots Up PZ55
15622,Crit Conv Up PZ1,Crit Conv Up PZ1
15623,Crit Conv Up PZ2,Crit Conv Up PZ2
15624,Crit Conv Up PZ3,Crit Conv Up PZ3
15625,Crit Conv Up PZ4,Crit Conv Up PZ4
15626,Crit Conv Up PZ5,Crit Conv Up PZ5
15627,Crit Conv Up PZ6,Crit Conv Up PZ6
15628,Crit Conv Up PZ7,Crit Conv Up PZ7
15629,Thunder Clad Up PZ1,Thunder Clad Up PZ1
15630,Thunder Clad Up PZ2,Thunder Clad Up PZ2
15631,Thunder Clad Up PZ3,Thunder Clad Up PZ3
15632,Thunder Clad Up PZ4,Thunder Clad Up PZ4
15633,Thunder Clad Up PZ5,Thunder Clad Up PZ5
15634,Thunder Clad Up PZ6,Thunder Clad Up PZ6
15635,Thunder Clad Up PZ7,Thunder Clad Up PZ7
15636,S. Assault Up PZ1,S. Assault Up PZ1
15637,S. Assault Up PZ2,S. Assault Up PZ2
15638,S. Assault Up PZ3,S. Assault Up PZ3
15639,S. Assault Up PZ4,S. Assault Up PZ4
15640,S. Assault Up PZ5,S. Assault Up PZ5
15641,S. Assault Up PZ6,S. Assault Up PZ6
15642,Vampirism Up PZ1,Vampirism Up PZ1
15643,Vampirism Up PZ2,Vampirism Up PZ2
15644,Vampirism Up PZ3,Vampirism Up PZ3
15645,Vampirism Up PZ4,Vampirism Up PZ4
15646,Vampirism Up PZ5,Vampirism Up PZ5
15647,Vampirism Up PZ6,Vampirism Up PZ6
15648,Dissolver Up PZ1,Dissolver Up PZ1
15649,Dissolver Up PZ2,Dissolver Up PZ2
15650,Dissolver Up PZ3,Dissolver Up PZ3
15651,Dissolver Up PZ4,Dissolver Up PZ4
15652,Dissolver Up PZ5,Dissolver Up PZ5
15653,Dissolver Up PZ6,Dissolver Up PZ6
15654,Ice Age Up PZ1,Ice Age Up PZ1
15655,Ice Age Up PZ2,Ice Age Up PZ2
15656,Ice Age Up PZ3,Ice Age Up PZ3
15657,Ice Age Up PZ4,Ice Age Up PZ4
15658,Ice Age Up PZ5,Ice Age Up PZ5
15659,Ice Age Up PZ6,Ice Age Up PZ6
15660,Drug K. Up PZ1,Drug K. Up PZ1
15661,Drug K. Up PZ2,Drug K. Up PZ2
15662,Drug K. Up PZ3,Drug K. Up PZ3
15663,Drug K. Up PZ4,Drug K. Up PZ4
15664,Drug K. Up PZ5,Drug K. Up PZ5
15665,Drug K. Up PZ6,Drug K. Up PZ6
15666,Assistance Up PZ1,Assistance Up PZ1
15667,Assistance Up PZ2,Assistance Up PZ2
15668,Assistance Up PZ3,Assistance Up PZ3
15669,Assistance Up PZ4,Assistance Up PZ4
15670,Assistance Up PZ5,Assistance Up PZ5
15671,Assistance Up PZ6,Assistance Up PZ6
15672,Rush Up PZ1,Rush Up PZ1
15673,Rush Up PZ2,Rush Up PZ2
15674,Rush Up PZ3,Rush Up PZ3
15675,Rush Up PZ4,Rush Up PZ4
15676,Rush Up PZ5,Rush Up PZ5
15677,Rush Up PZ6,Rush Up PZ6
15678,Rush Up PZ7,Rush Up PZ7
15679,Adaptation Up PZ1,Adaptation Up PZ1
15680,Adaptation Up PZ2,Adaptation Up PZ2
15681,Adaptation Up PZ3,Adaptation Up PZ3
15682,Adaptation Up PZ4,Adaptation Up PZ4
15683,Adaptation Up PZ5,Adaptation Up PZ5
15684,Adaptation Up PZ6,Adaptation Up PZ6
15685,Encourage Up PZ1,Encourage Up PZ1
15686,Encourage Up PZ2,Encourage Up PZ2
15687,Encourage Up PZ3,Encourage Up PZ3
15688,Encourage Up PZ4,Encourage Up PZ4
15689,Encourage Up PZ5,Encourage Up PZ5
15690,Encourage Up PZ6,Encourage Up PZ6
15691,Reflect Up PZ1,Reflect Up PZ1
15692,Reflect Up PZ2,Reflect Up PZ2
15693,Reflect Up PZ3,Reflect Up PZ3
15694,Reflect Up PZ4,Reflect Up PZ4
15695,Reflect Up PZ5,Reflect Up PZ5
15696,Reflect Up PZ6,Reflect Up PZ6
15697,Stylish Up PZ1,Stylish Up PZ1
15698,Stylish Up PZ2,Stylish Up PZ2
15699,Stylish Up PZ3,Stylish Up PZ3
15700,Stylish Up PZ4,Stylish Up PZ4
15701,Stylish Up PZ5,Stylish Up PZ5
15702,Stylish Up PZ6,Stylish Up PZ6
15703,Vigorous Up PZ1,Vigorous Up PZ1
15704,Vigorous Up PZ2,Vigorous Up PZ2
15705,Vigorous Up PZ3,Vigorous Up PZ3
15706,Vigorous Up PZ4,Vigorous Up PZ4
15707,Vigorous Up PZ5,Vigorous Up PZ5
15708,Vigorous Up PZ6,Vigorous Up PZ6
15709,Obscurity Up PZ1,Obscurity Up PZ1
15710,Obscurity Up PZ2,Obscurity Up PZ2
15711,Obscurity Up PZ3,Obscurity Up PZ3
15712,Obscurity Up PZ4,Obscurity Up PZ4
15713,Obscurity Up PZ5,Obscurity Up PZ5
15714,Obscurity Up PZ6,Obscurity Up PZ6
15715,Soul Up PZ1,Soul Up PZ1
15716,Soul Up PZ2,Soul Up PZ2
15717,Soul Up PZ3,Soul Up PZ3
15718,Soul Up PZ4,Soul Up PZ4
15719,Soul Up PZ5,Soul Up PZ5
15720,Soul Up PZ6,Soul Up PZ6
15721,Soul Up PZ7,Soul Up PZ7
15722,Earplugs Up PZ1,Earplugs Up PZ1
15723,Earplugs Up PZ2,Earplugs Up PZ2
15724,Earplugs Up PZ3,Earplugs Up PZ3
15725,Earplugs Up PZ4,Earplugs Up PZ4
15726,Earplugs Up PZ5,Earplugs Up PZ5
15727,Wind Res Up PZ1,Wind Res Up PZ1
15728,Wind Res Up PZ2,Wind Res Up PZ2
15729,Wind Res Up PZ3,Wind Res Up PZ3
15730,Wind Res Up PZ4,Wind Res Up PZ4
15731,Wind Res Up PZ5,Wind Res Up PZ5
15732,Quake Res Up PZ1,Quake Res Up PZ1
15733,Quake Res Up PZ2,Quake Res Up PZ2
15734,Quake Res Up PZ3,Quake Res Up PZ3
15735,Quake Res Up PZ4,Quake Res Up PZ4
15736,Quake Res Up PZ5,Quake Res Up PZ5
15737,Poison Res Up PZ1,Poison Res Up PZ1
15738,Poison Res Up PZ2,Poison Res Up PZ2
15739,Poison Res Up PZ3,Poison Res Up PZ3
15740,Poison Res Up PZ4,Poison Res Up PZ4
15741,Poison Res Up PZ5,Poison Res Up PZ5
15742,Poison Res Up PZ6,Poison Res Up PZ6
15743,Para Res Up PZ1,Para Res Up PZ1
15744,Para Res Up PZ2,Para Res Up PZ2
15745,Para Res Up PZ3,Para Res Up PZ3
15746,Para Res Up PZ4,Para Res Up PZ4
15747,Para Res Up PZ5,Para Res Up PZ5
15748,Para Res Up PZ6,Para Res Up PZ6
15749,Sleep Res Up PZ1,Sleep Res Up PZ1
15750,Sleep Res Up PZ2,Sleep Res Up PZ2
15751,Sleep Res Up PZ3,Sleep Res Up PZ3
15752,Sleep Res Up PZ4,Sleep Res Up PZ4
15753,Sleep Res Up PZ5,Sleep Res Up PZ5
15754,Sleep Res Up PZ6,Sleep Res Up PZ6
15755,Guard Up PZ1,Guard Up PZ1
15756,Guard Up PZ2,Guard Up PZ2
15757,Guard Up PZ3,Guard Up PZ3
15758,Guard Up PZ4,Guard Up PZ4
15759,Guard Up PZ5,Guard Up PZ5
15760,Guard Up PZ6,Guard Up PZ6
15761,Bullet Saver Up PZ1,Bullet Saver Up PZ1
15762,Bullet Saver Up PZ2,Bullet Saver Up PZ2
15763,Bullet Saver Up PZ3,Bullet Saver Up PZ3
15764,Bullet Saver Up PZ4,Bullet Saver Up PZ4
15765,Bullet Saver Up PZ5,Bullet Saver Up PZ5
15766,Bullet Saver Up PZ6,Bullet Saver Up PZ6
15767,Rush Up Sigil,Rush Up Sigil
15768,Asumo C Tkt,アスモＣ票
15769,Rokka C Tkt,ロッカＣ票
15770,Ruche C Tkt,ルーチェＣ票
15771,Shui C Tkt,シュイＣ票
15772,Aura C Tkt,オーラＣ票
15773,Resonant Hemp,Resonant Hemp
15774,Alisys Tkt,アリシス票
15775,Alisys D Tkt,アリシスＤ票
15776,Loli Tkt,ロリ票
15777,Loli D Tkt,ロリＤ票
15778,Gears of Destiny,Gears of Destiny
15779,Santa Gook Effigy,Santa Gook Effigy
15780,Onimusha D Tkt,鬼武者Ｄ票
15781,Lion Soulstone,獅魂石
15782,Rabbit Soulstone,兔魂石
15783,Whale Soulstone,鯨魂石
15784,Shadow Soulstone,影魂石
15785,Blasting Fog Grass,爆霧草
15786,P. Gunlance Plan,P. Gunlance Plan
15787,P. Upgrade Plan,P. Upgrade Plan
15788,Varusa Object,Varusa Object
15789,Varusa Object G,Varusa Object G
15790,Colourful Yarn,Colourful Yarn
15791,Cute Powder,可愛粉末
15792,New Year Gem [Pig],New Year Gem [Pig]
15793,Gook Crane Tkt,鶴古古鴨票
15794,Gook Duck Tkt,アヒル古古鴨票
15795,Gook Parrot Tkt,インコ古古鴨票
15796,Gook Poison Tkt,毒古古鴨票
15797,Gook Para Tkt ,麻痺古古鴨票
15798,Gook Ice Tkt,氷古古鴨票
15799,Gook Phantom Tkt,幻影古古鴨票
15800,Gook Oriental Tkt,和風古古鴨票
15801,Gook Sleepy Tkt,眠気古古鴨票
15802,Gook Slumber Tkt,微睡古古鴨票
15803,Gook Dream Tkt,夢古古鴨票
15804,Gold GookTkt,金古古鴨票
15805,Silver Gook Tkt,銀古古鴨票
15806,Copper Gook Tkt,銅古古鴨票
15807,Rainbow Gook Tkt,虹古古鴨票
15808,Gold Gook Tkt L,金古古鴨票Ｌ
15809,Silver Gook Tkt L,銀古古鴨票Ｌ
15810,Copper Gook Tkt L,銅古古鴨票Ｌ
15811,Gook C Tkt,古古鴨Ｃ票
15812,Gold Gook Tkt D,金古古鴨Ｄ票
15813,Silver Gook Tkt D,銀古古鴨Ｄ票
15814,Copper Gook Tkt D,銅古古鴨Ｄ票
15815,White Gook Tkt D,白古古鴨Ｄ票
15816,Red Gook Tkt D,赤古古鴨Ｄ票
15817,Gray Gook Tkt D,灰古古鴨Ｄ票
15818,Newyear Snake Gem,Newyear Snake Gem
15819,Rabius Tkt,ラビウス票
15820,Rabius D Tkt,ラビウスＤ票
15821,Rocras Tkt,ロクラス票
15822,Rocras D Tkt,ロクラスＤ票
15823,Recolis Tkt,レコリス票
15824,Recolis D Tkt,レコリスＤ票
15825,Rusty Gears,Rusty Gears
15826,Guridi D Tkt,グリディＤ票
15827,Fluffy Tail,蓬鬆的尾
15828,Shifunyi D Tkt,シフニＤ票
15829,Bita BM GX1,Bita BM GX1
15830,Bita BM GX2,Bita BM GX2
15831,Bita BM GX3,Bita BM GX3
15832,Bita BM GX4,Bita BM GX4
15833,Bita BM GX5,Bita BM GX5
15834,Bita GN GX1,Bita GN GX1
15835,Bita GN GX2,Bita GN GX2
15836,Bita GN GX3,Bita GN GX3
15837,Bita GN GX4,Bita GN GX4
15838,Bita GN GX5,Bita GN GX5
15839,Koreputo BM GX1,Koreputo BM GX1
15840,Koreputo BM GX2,Koreputo BM GX2
15841,Koreputo BM GX3,Koreputo BM GX3
15842,Koreputo BM GX4,Koreputo BM GX4
15843,Koreputo BM GX5,Koreputo BM GX5
15844,Koreputo GN GX1,Koreputo GN GX1
15845,Koreputo GN GX2,Koreputo GN GX2
15846,Koreputo GN GX3,Koreputo GN GX3
15847,Koreputo GN GX4,Koreputo GN GX4
15848,Koreputo GN GX5,Koreputo GN GX5
15849,Rafan BM GX1,Rafan BM GX1
15850,Rafan BM GX2,Rafan BM GX2
15851,Rafan BM GX3,Rafan BM GX3
15852,Rafan BM GX4,Rafan BM GX4
15853,Rafan BM GX5,Rafan BM GX5
15854,Rafan GN GX1,Rafan GN GX1
15855,Rafan GN GX2,Rafan GN GX2
15856,Rafan GN GX3,Rafan GN GX3
15857,Rafan GN GX4,Rafan GN GX4
15858,Rafan GN GX5,Rafan GN GX5
15859,G Water Res,G Water Res
15860,G Thunder Res,G Thunder Res
15861,G Ice Res,G Ice Res
15862,G Dragon Res,G Dragon Res
15863,G Trained・Attack,G Trained・Attack
15864,G Trained・Clad,G Trained・Clad
15865,G Trained・Flash,G Trained・Flash
15866,G Trained・Ceaseless,G Trained・Ceaseless
15867,G Trained・Sword,G Trained・Sword
15868,Nerishoku Mog Tkt,ネリショクモグ票
15869,Rafan D Tkt,ラファンＤ票
15870,Rafan C Tkt,ラファンＣ票
15871,Bita D Tkt,ビタＤ票
15872,Koreputo D Tkt,コレプトＤ票
15873,Z3P_item_055,Z3P_item_055
15874,Z3P_item_056,Z3P_item_056
15875,Z3P_item_057,Z3P_item_057
15876,Z3P_item_058,Z3P_item_058
15877,Z3P_item_059,Z3P_item_059
15878,Z3P_item_060,Z3P_item_060
15879,Z3P_item_061,Z3P_item_061
15880,Z3P_item_062,Z3P_item_062
15881,Z3P_item_063,Z3P_item_063
15882,Z3P_item_064,Z3P_item_064
15883,Z3P_item_065,Z3P_item_065
15884,Z3P_item_066,Z3P_item_066
15885,Z3P_item_067,Z3P_item_067
15886,Z3P_item_068,Z3P_item_068
15887,Z3P_item_069,Z3P_item_069
15888,Z3P_item_070,Z3P_item_070
15889,Z3P_item_071,Z3P_item_071
15890,Z3P_item_072,Z3P_item_072
15891,Z3P_item_073,Z3P_item_073
15892,Z3P_item_074,Z3P_item_074
15893,Z3P_item_075,Z3P_item_075
15894,Z3P_item_076,Z3P_item_076
15895,Z3P_item_077,Z3P_item_077
15896,Z3P_item_078,Z3P_item_078
15897,Z3P_item_079,Z3P_item_079
15898,Z3P_item_080,Z3P_item_080
15899,Z3P_item_081,Z3P_item_081
15900,Z3P_item_082,Z3P_item_082
15901,Z3P_item_083,Z3P_item_083
15902,Z3P_item_084,Z3P_item_084
15903,Z3P_item_085,Z3P_item_085
15904,Z3P_item_086,Z3P_item_086
15905,Z3P_item_087,Z3P_item_087
15906,Z3P_item_088,Z3P_item_088
15907,Z3P_item_089,Z3P_item_089
15908,Z3P_item_090,Z3P_item_090
15909,Z3P_item_091,Z3P_item_091
15910,Z3P_item_092,Z3P_item_092
15911,Z3P_item_093,Z3P_item_093
15912,Z3P_item_094,Z3P_item_094
15913,Z3P_item_095,Z3P_item_095
15914,Z3P_item_096,Z3P_item_096
15915,Z3P_item_097,Z3P_item_097
15916,Z3P_item_098,Z3P_item_098
15917,Z3P_item_099,Z3P_item_099
15918,Z3P_item_100,Z3P_item_100
15919,Ceaseless Up PZ1,Ceaseless Up PZ1
15920,Ceaseless Up PZ2,Ceaseless Up PZ2
15921,Ceaseless Up PZ3,Ceaseless Up PZ3
15922,Ceaseless Up PZ4,Ceaseless Up PZ4
15923,Ceaseless Up PZ5,Ceaseless Up PZ5
15924,Ceaseless Up PZ6,Ceaseless Up PZ6
15925,Ceaseless Up PZ7,Ceaseless Up PZ7
15926,Crit Conv Up PZ8,Crit Conv Up PZ8
15927,Crit Conv Up PZ9,Crit Conv Up PZ9
15928,Thunder Clad Up PZ8,Thunder Clad Up PZ8
15929,Thunder Clad Up PZ9,Thunder Clad Up PZ9
15930,S. Assault Up PZ7,S. Assault Up PZ7
15931,S. Assault Up PZ8,S. Assault Up PZ8
15932,Vampirism Up PZ7,Vampirism Up PZ7
15933,Vampirism Up PZ8,Vampirism Up PZ8
15934,Dissolver Up PZ7,Dissolver Up PZ7
15935,Ice Age Up PZ7,Ice Age Up PZ7
15936,Drug K. Up PZ7,Drug K. Up PZ7
15937,Assistance Up PZ7,Assistance Up PZ7
15938,Assistance Up PZ8,Assistance Up PZ8
15939,Rush Up PZ8,Rush Up PZ8
15940,Rush Up PZ9,Rush Up PZ9
15941,Adaptation Up PZ7,Adaptation Up PZ7
15942,Adaptation Up PZ8,Adaptation Up PZ8
15943,Encourage Up PZ7,Encourage Up PZ7
15944,Reflect Up PZ7,Reflect Up PZ7
15945,Stylish Up PZ7,Stylish Up PZ7
15946,Stylish Up PZ8,Stylish Up PZ8
15947,Vigorous Up PZ7,Vigorous Up PZ7
15948,Vigorous Up PZ8,Vigorous Up PZ8
15949,Obscurity Up PZ7,Obscurity Up PZ7
15950,Obscurity Up PZ8,Obscurity Up PZ8
15951,Soul Up PZ8,Soul Up PZ8
15952,Earplugs Up PZ6,Earplugs Up PZ6
15953,Wind Res Up PZ6,Wind Res Up PZ6
15954,Quake Res Up PZ6,Quake Res Up PZ6
15955,Poison Res Up PZ7,Poison Res Up PZ7
15956,Para Res Up PZ7,Para Res Up PZ7
15957,Sleep Res Up PZ7,Sleep Res Up PZ7
15958,Guard Up PZ7,Guard Up PZ7
15959,Guard Up PZ8,Guard Up PZ8
15960,Guard Up PZ9,Guard Up PZ9
15961,Guard Up PZ10,Guard Up PZ10
15962,Bullet Saver Up PZ7,Bullet Saver Up PZ7
15963,Bullet Saver Up PZ8,Bullet Saver Up PZ8
15964,Bullet Saver Up PZ9,Bullet Saver Up PZ9
15965,Blt.Saver Up PZ10,Blt.Saver Up PZ10
15966,Skill Slots Up PZ56,Skill Slots Up PZ56
15967,Skill Slots Up PZ57,Skill Slots Up PZ57
15968,Skill Slots Up PZ58,Skill Slots Up PZ58
15969,Trained SA1 SA1,鍛鏈ＳＡ１
15970,Ceaseless Up SZ,Ceaseless Up SZ
15971,Z3P_tama_053,Z3P_tama_053
15972,Z3P_tama_054,Z3P_tama_054
15973,Z3P_tama_055,Z3P_tama_055
15974,Z3P_tama_056,Z3P_tama_056
15975,Z3P_tama_057,Z3P_tama_057
15976,Z3P_tama_058,Z3P_tama_058
15977,Z3P_tama_059,Z3P_tama_059
15978,Z3P_tama_060,Z3P_tama_060
15979,Z3P_tama_061,Z3P_tama_061
15980,Z3P_tama_062,Z3P_tama_062
15981,Z3P_tama_063,Z3P_tama_063
15982,Z3P_tama_064,Z3P_tama_064
15983,Z3P_tama_065,Z3P_tama_065
15984,Z3P_tama_066,Z3P_tama_066
15985,Z3P_tama_067,Z3P_tama_067
15986,Z3P_tama_068,Z3P_tama_068
15987,Z3P_tama_069,Z3P_tama_069
15988,Z3P_tama_070,Z3P_tama_070
15989,Z3P_tama_071,Z3P_tama_071
15990,Z3P_tama_072,Z3P_tama_072
15991,Z3P_tama_073,Z3P_tama_073
15992,Z3P_tama_074,Z3P_tama_074
15993,Z3P_tama_075,Z3P_tama_075
15994,Z3P_tama_076,Z3P_tama_076
15995,Z3P_tama_077,Z3P_tama_077
15996,Z3P_tama_078,Z3P_tama_078
15997,Z3P_tama_079,Z3P_tama_079
15998,Z3P_tama_080,Z3P_tama_080
15999,Z3P_tama_081,Z3P_tama_081
16000,Z3P_tama_082,Z3P_tama_082
16001,Z3P_tama_083,Z3P_tama_083
16002,Z3P_tama_084,Z3P_tama_084
16003,Z3P_tama_085,Z3P_tama_085
16004,Z3P_tama_086,Z3P_tama_086
16005,Z3P_tama_087,Z3P_tama_087
16006,Z3P_tama_088,Z3P_tama_088
16007,Z3P_tama_089,Z3P_tama_089
16008,Z3P_tama_090,Z3P_tama_090
16009,Z3P_tama_091,Z3P_tama_091
16010,Z3P_tama_092,Z3P_tama_092
16011,Z3P_tama_093,Z3P_tama_093
16012,Z3P_tama_094,Z3P_tama_094
16013,Z3P_tama_095,Z3P_tama_095
16014,Z3P_tama_096,Z3P_tama_096
16015,Z3P_tama_097,Z3P_tama_097
16016,Z3P_tama_098,Z3P_tama_098
16017,Z3P_tama_099,Z3P_tama_099
16018,Z3P_tama_100,Z3P_tama_100
16019,Z3P_tama_101,Z3P_tama_101
16020,Z3P_tama_102,Z3P_tama_102
16021,Z3P_tama_103,Z3P_tama_103
16022,Z3P_tama_104,Z3P_tama_104
16023,Z3P_tama_105,Z3P_tama_105
16024,Z3P_tama_106,Z3P_tama_106
16025,Z3P_tama_107,Z3P_tama_107
16026,Z3P_tama_108,Z3P_tama_108
16027,Z3P_tama_109,Z3P_tama_109
16028,Z3P_tama_110,Z3P_tama_110
16029,Z3P_tama_111,Z3P_tama_111
16030,Z3P_tama_112,Z3P_tama_112
16031,Z3P_tama_113,Z3P_tama_113
16032,Z3P_tama_114,Z3P_tama_114
16033,Z3P_tama_115,Z3P_tama_115
16034,Z3P_tama_116,Z3P_tama_116
16035,Z3P_tama_117,Z3P_tama_117
16036,Z3P_tama_118,Z3P_tama_118
16037,Z3P_tama_119,Z3P_tama_119
16038,Z3P_tama_120,Z3P_tama_120
16039,Z3P_tama_121,Z3P_tama_121
16040,Z3P_tama_122,Z3P_tama_122
16041,Z3P_tama_123,Z3P_tama_123
16042,Z3P_tama_124,Z3P_tama_124
16043,Z3P_tama_125,Z3P_tama_125
16044,Z3P_tama_126,Z3P_tama_126
16045,Z3P_tama_127,Z3P_tama_127
16046,Z3P_tama_128,Z3P_tama_128
16047,Z3P_tama_129,Z3P_tama_129
16048,Z3P_tama_130,Z3P_tama_130
16049,Z3P_tama_131,Z3P_tama_131
16050,Z3P_tama_132,Z3P_tama_132
16051,Z3P_tama_133,Z3P_tama_133
16052,Z3P_tama_134,Z3P_tama_134
16053,Z3P_tama_135,Z3P_tama_135
16054,Z3P_tama_136,Z3P_tama_136
16055,Z3P_tama_137,Z3P_tama_137
16056,Z3P_tama_138,Z3P_tama_138
16057,Z3P_tama_139,Z3P_tama_139
16058,Z3P_tama_140,Z3P_tama_140
16059,Z3P_tama_141,Z3P_tama_141
16060,Z3P_tama_142,Z3P_tama_142
16061,Z3P_tama_143,Z3P_tama_143
16062,Z3P_tama_144,Z3P_tama_144
16063,Z3P_tama_145,Z3P_tama_145
16064,Z3P_tama_146,Z3P_tama_146
16065,Z3P_tama_147,Z3P_tama_147
16066,Z3P_tama_148,Z3P_tama_148
16067,Z3P_tama_149,Z3P_tama_149
16068,Z3P_tama_150,Z3P_tama_150
16069,Z3P_tama_151,Z3P_tama_151
16070,Z3P_tama_152,Z3P_tama_152
16071,Z3P_tama_153,Z3P_tama_153
16072,Z3P_tama_154,Z3P_tama_154
16073,Z3P_tama_155,Z3P_tama_155
16074,Z3P_tama_156,Z3P_tama_156
16075,Z3P_tama_157,Z3P_tama_157
16076,Z3P_tama_158,Z3P_tama_158
16077,Z3P_tama_159,Z3P_tama_159
16078,Z3P_tama_160,Z3P_tama_160
16079,Z3P_tama_161,Z3P_tama_161
16080,Z3P_tama_162,Z3P_tama_162
16081,Z3P_tama_163,Z3P_tama_163
16082,Z3P_tama_164,Z3P_tama_164
16083,Z3P_tama_165,Z3P_tama_165
16084,Z3P_tama_166,Z3P_tama_166
16085,Z3P_tama_167,Z3P_tama_167
16086,Z3P_tama_168,Z3P_tama_168
16087,Z3P_tama_169,Z3P_tama_169
16088,Z3P_tama_170,Z3P_tama_170
16089,Z3P_tama_171,Z3P_tama_171
16090,Z3P_tama_172,Z3P_tama_172
16091,Z3P_tama_173,Z3P_tama_173
16092,Z3P_tama_174,Z3P_tama_174
16093,Z3P_tama_175,Z3P_tama_175
16094,Z3P_tama_176,Z3P_tama_176
16095,Z3P_tama_177,Z3P_tama_177
16096,Z3P_tama_178,Z3P_tama_178
16097,Z3P_tama_179,Z3P_tama_179
16098,Z3P_tama_180,Z3P_tama_180
16099,Z3P_tama_181,Z3P_tama_181
16100,Z3P_tama_182,Z3P_tama_182
16101,Z3P_tama_183,Z3P_tama_183
16102,Z3P_tama_184,Z3P_tama_184
16103,Z3P_tama_185,Z3P_tama_185
16104,Z3P_tama_186,Z3P_tama_186
16105,Z3P_tama_187,Z3P_tama_187
16106,Z3P_tama_188,Z3P_tama_188
16107,Z3P_tama_189,Z3P_tama_189
16108,Z3P_tama_190,Z3P_tama_190
16109,Z3P_tama_191,Z3P_tama_191
16110,Z3P_tama_192,Z3P_tama_192
16111,Z3P_tama_193,Z3P_tama_193
16112,Z3P_tama_194,Z3P_tama_194
16113,Z3P_tama_195,Z3P_tama_195
16114,Z3P_tama_196,Z3P_tama_196
16115,Z3P_tama_197,Z3P_tama_197
16116,Z3P_tama_198,Z3P_tama_198
16117,Z3P_tama_199,Z3P_tama_199
16118,Z3P_tama_200,Z3P_tama_200
16119,Z3P_tama_201,Z3P_tama_201
16120,Z3P_tama_202,Z3P_tama_202
16121,Dummy 16121,Dummy 16121
16122,Dummy 16122,Dummy 16122
16123,Dummy 16123,Dummy 16123
16124,Dummy 16124,Dummy 16124
16125,Dummy 16125,Dummy 16125
16126,Dummy 16126,Dummy 16126
16127,Dummy 16127,Dummy 16127
16128,Dummy 16128,Dummy 16128
16129,Dummy 16129,Dummy 16129
16130,Dummy 16130,Dummy 16130
16131,Dummy 16131,Dummy 16131
16132,Dummy 16132,Dummy 16132
16133,Dummy 16133,Dummy 16133
16134,Dummy 16134,Dummy 16134
16135,Dummy 16135,Dummy 16135
16136,Dummy 16136,Dummy 16136
16137,Dummy 16137,Dummy 16137
16138,Dummy 16138,Dummy 16138
16139,Dummy 16139,Dummy 16139
16140,Dummy 16140,Dummy 16140
16141,Dummy 16141,Dummy 16141
16142,Dummy 16142,Dummy 16142
16143,Dummy 16143,Dummy 16143
16144,Dummy 16144,Dummy 16144
16145,Dummy 16145,Dummy 16145
16146,Dummy 16146,Dummy 16146
16147,Dummy 16147,Dummy 16147
16148,Dummy 16148,Dummy 16148
16149,Dummy 16149,Dummy 16149
16150,Dummy 16150,Dummy 16150
16151,Dummy 16151,Dummy 16151
16152,Dummy 16152,Dummy 16152
16153,Dummy 16153,Dummy 16153
16154,Dummy 16154,Dummy 16154
16155,Dummy 16155,Dummy 16155
16156,Dummy 16156,Dummy 16156
16157,Dummy 16157,Dummy 16157
16158,Dummy 16158,Dummy 16158
16159,Dummy 16159,Dummy 16159
16160,SnS・Basic,SnS・Basic
16161,SnS・G,SnS・G
16162,SnS・S. Atk,SnS・S. Atk
16163,SnS・Issen,SnS・Issen
16164,SnS・S. Assault,SnS・S. Assault
16165,SnS・Thunder Clad,SnS・Thunder Clad
16166,SnS・Ceaseless,SnS・Ceaseless
16167,SnS・Rush,SnS・Rush
16168,SnS・Furious,SnS・Furious
16169,SnS・Lavish Attack,SnS・Lavish Attack
16170,DS・Basic,DS・Basic
16171,DS・G,DS・G
16172,DS・Strong Attack,DS・Strong Attack
16173,DS・Issen,DS・Issen
16174,DS・S. Assault,DS・S. Assault
16175,DS・Stylish,DS・Stylish
16176,DS・Ceaseless,DS・Ceaseless
16177,DS・Rush,DS・Rush
16178,DS・Furious,DS・Furious
16179,DS・Lavish Attack,DS・Lavish Attack
16180,GS・Basic,GS・Basic
16181,GS・G,GS・G
16182,GS・Strong Attack,GS・Strong Attack
16183,GS・Issen,GS・Issen
16184,GS・Charge Up,GS・Charge Up
16185,GS・Obscurity,GS・Obscurity
16186,GS・Ceaseless,GS・Ceaseless
16187,GS・Rush,GS・Rush
16188,GS・Furious,GS・Furious
16189,GS・Lavish Attack,GS・Lavish Attack
16190,LS・Basic,LS・Basic
16191,LS・G,LS・G
16192,LS・Strong Attack,LS・Strong Attack
16193,LS・Issen,LS・Issen
16194,LS・Charge Up,LS・Charge Up
16195,LS・Obscurity,LS・Obscurity
16196,LS・Ceaseless,LS・Ceaseless
16197,LS・Rush,LS・Rush
16198,LS・Furious,LS・Furious
16199,LS・Lavish Attack,LS・Lavish Attack
16200,Hammer・Basic,Hammer・Basic
16201,Hammer・G,Hammer・G
16202,Hammer・S. Attack,Hammer・S. Attack
16203,Hammer・Issen,Hammer・Issen
16204,Hammer・Charge Up,Hammer・Charge Up
16205,Hammer・Thunder Cld,Hammer・Thunder Cld
16206,Hammer・Ceaseless,Hammer・Ceaseless
16207,Hammer・Rush,Hammer・Rush
16208,Hammer・Furious,Hammer・Furious
16209,Hammer・Point Break,Hammer・Point Break
16210,HH・Basic,HH・Basic
16211,HH・G,HH・G
16212,HH・Strong Attack,HH・Strong Attack
16213,HH・Issen,HH・Issen
16214,HH・Encourage,HH・Encourage
16215,HH・Assistance,HH・Assistance
16216,HH・Ceaseless,HH・Ceaseless
16217,HH・Rush,HH・Rush
16218,HH・Furious,HH・Furious
16219,HH・Point Break,HH・Point Break
16220,Lance・Basic,Lance・Basic
16221,Lance・G,Lance・G
16222,Lance・S. Attack,Lance・S. Attack
16223,Lance・Issen,Lance・Issen
16224,Lance・Frtfctn,Lance・Frtfctn
16225,Lance・Obscurity,Lance・Obscurity
16226,Lance・Ceaseless,Lance・Ceaseless
16227,Lance・Rush,Lance・Rush
16228,Lance・Furious,Lance・Furious
16229,Lance・Reflect,Lance・Reflect
16230,GL・Basic,GL・Basic
16231,GL・G,GL・G
16232,GL・Strong Attack,GL・Strong Attack
16233,GL・Issen,GL・Issen
16234,GL・Fortification,GL・Fortification
16235,GL・Obscurity,GL・Obscurity
16236,GL・Ceaseless,GL・Ceaseless
16237,GL・Rush,GL・Rush
16238,GL・Furious,GL・Furious
16239,GL・Blazing Grace,GL・Blazing Grace
16240,SAF・Basic,SAF・Basic
16241,SAF・G,SAF・G
16242,SAF・S. Attack,SAF・S. Attack
16243,SAF・Issen,SAF・Issen
16244,SAF・Charge Up,SAF・Charge Up
16245,SAF・Obscurity,SAF・Obscurity
16246,SAF・Ceaseless,SAF・Ceaseless
16247,SAF・Rush,SAF・Rush
16248,SAF・Furious,SAF・Furious
16249,SAF・S. Assault,SAF・S. Assault
16250,Tonfa・Basic,Tonfa・Basic
16251,Tonfa・G,Tonfa・G
16252,Tonfa・S. Attack,Tonfa・S. Attack
16253,Tonfa・Issen,Tonfa・Issen
16254,Tonfa・Charge Up,Tonfa・Charge Up
16255,Tonfa・Stylish,Tonfa・Stylish
16256,Tonfa・Ceaseless,Tonfa・Ceaseless
16257,Tonfa・Rush,Tonfa・Rush
16258,Tonfa・Furious,Tonfa・Furious
16259,Tonfa・Trained,Tonfa・Trained
16260,MS・Basic,MS・Basic
16261,MS・G,MS・G
16262,MS・Strong Attack,MS・Strong Attack
16263,MS・Issen,MS・Issen
16264,MS・Obscurity,MS・Obscurity
16265,MS・Thunder Clad,MS・Thunder Clad
16266,MS・Ceaseless,MS・Ceaseless
16267,MS・Rush,MS・Rush
16268,MS・Furious,MS・Furious
16269,MS・S. Assault,MS・S. Assault
16270,LBG・Basic,LBG・Basic
16271,LBG・G,LBG・G
16272,LBG・Strong Attack,LBG・Strong Attack
16273,LBG・Issen,LBG・Issen
16274,LBG・Gentle Shot,LBG・Gentle Shot
16275,LBG・Mounting,LBG・Mounting
16276,LBG・Ceaseless,LBG・Ceaseless
16277,LBG・Rush,LBG・Rush
16278,LBG・Furious,LBG・Furious
16279,LBG・Spacing,LBG・Spacing
16280,HBG・Basic,HBG・Basic
16281,HBG・G,HBG・G
16282,HBG・Strong Attack,HBG・Strong Attack
16283,HBG・Issen,HBG・Issen
16284,HBG・Gentle Shot,HBG・Gentle Shot
16285,HBG・Mounting,HBG・Mounting
16286,HBG・Ceaseless,HBG・Ceaseless
16287,HBG・Rush,HBG・Rush
16288,HBG・Furious,HBG・Furious
16289,HBG・Spacing,HBG・Spacing
16290,Bow・Basic,Bow・Basic
16291,Bow・G,Bow・G
16292,Bow・Strong Attack,Bow・Strong Attack
16293,Bow・Issen,Bow・Issen
16294,Bow・Sniper,Bow・Sniper
16295,Bow・Lavish Attack,Bow・Lavish Attack
16296,Bow・Ceaseless,Bow・Ceaseless
16297,Bow・Rush,Bow・Rush
16298,Bow・Furious,Bow・Furious
16299,Bow・Spacing,Bow・Spacing
16300,青龍・剣聖功券,青龍・剣聖功券
16301,青龍・双龍功券,青龍・双龍功券
16302,青龍・剣王功券,青龍・剣王功券
16303,青龍・刀神功券,青龍・刀神功券
16304,青龍・天槍功券,青龍・天槍功券
16305,青龍・砲皇功券,青龍・砲皇功券
16306,青龍・鈍器獣功券,青龍・鈍器獣功券
16307,青龍・奏帝功券,青龍・奏帝功券
16308,青龍・穿凰功券,青龍・穿凰功券
16309,青龍・斬将功券,青龍・斬将功券
16310,青龍・磁星功券,青龍・磁星功券
16311,青龍・銃傑功券,青龍・銃傑功券
16312,青龍・銃仙功券,青龍・銃仙功券
16313,青龍・弓鬼功券,青龍・弓鬼功券
16314,ＫロブスSP黒功券,ＫロブスSP黒功券
16315,ＫロブスSP緑功券,ＫロブスSP緑功券
16316,ＫロブスSP青功券,ＫロブスSP青功券
16317,Hypno SP Green Tkt,ヒプノＳＰ緑票
16318,Hypno SP Red Tkt,ヒプノＳＰ赤票
16319,Hypno SP Yllw Tkt,ヒプノＳＰ黄票
16320,Bell SP Black Tkt,ベルＳＰ黒票
16321,Bell SP Red Tkt,ベルＳＰ赤票
16322,Bell SP Purple Tkt,ベルＳＰ紫票
16323,クロオビSP白功券,クロオビSP白功券
16324,クロオビSP黒功券,クロオビSP黒功券
16325,クロオビSP青功券,クロオビSP青功券
16326,アプカルSP白功券,アプカルSP白功券
16327,アプカルSP緑功券,アプカルSP緑功券
16328,アプカルSP黄功券,アプカルSP黄功券
16329,ルコSP白功券,ルコSP白功券
16330,ルコSP青功券,ルコSP青功券
16331,ルコSP赤功券,ルコSP赤功券
16332,コムラSP白赤功券,コムラSP白赤功券
16333,コムラSP白青功券,コムラSP白青功券
16334,コムラSP白黄功券,コムラSP白黄功券
16335,Sea Ninja D Tkt,海忍Ｄ票
16336,Sky Ninja D Tkt,空忍Ｄ票
16337,Shadowed D Tkt,影忍Ｄ票
16338,Refined Peace Iron,精煉和平鐵
16339,Pure Peace Iron,純淨和平鐵
16340,Peace Silk,Peace Silk
16341,Halberd Silk,Halberd Silk
16342,Finis Tkt,フィニス票
16343,Finis D Tkt,フィニスＤ票
16344,Firl Tkt,フィル票
16345,Firl D Tkt,フィルＤ票
16346,Marina Tkt,マリーナ票
16347,Marina D Tkt,マリーナＤ票
16348,Alisha Tkt,アリシャ票
16349,Alisha D Tkt,アリシャＤ票
16350,Shuri Tkt,シュリ票
16351,Shuri D Tkt,シュリＤ票
16352,Ricca Tkt,リッカ票
16353,Ricca D Tkt,リッカＤ票
16354,Ninja Code・Land,Ninja Code・Land
16355,Ninja Code・Sea,Ninja Code・Sea
16356,Ninja Code・Sky,Ninja Code・Sky
16357,Ninja Code・Heaven,Ninja Code・Heaven
16358,Otono D Tkt,オトノＤ票
16359,Hope D Tkt,ホープＤ票
16360,Gesture・Speak,Gesture・Speak
16361,Gesture・Dance Ⅵ,Gesture・Dance Ⅵ
16362,Gesture・Dance Ⅶ,Gesture・Dance Ⅶ
16363,SnS Soul Mass,SnS Soul Mass
16364,SnS Ribbon Mass,SnS Ribbon Mass
16365,SnS Merit Mass,SnS Merit Mass
16366,DS Soul Mass,DS Soul Mass
16367,DS Ribbon Mass,DS Ribbon Mass
16368,DS Merit Mass,DS Merit Mass
16369,GS Soul Mass,GS Soul Mass
16370,GS Ribbon Mass,GS Ribbon Mass
16371,GS Merit Mass,GS Merit Mass
16372,LS Soul Mass,LS Soul Mass
16373,LS Ribbon Mass,LS Ribbon Mass
16374,LS Merit Mass,LS Merit Mass
16375,Hammer Soul Mass,Hammer Soul Mass
16376,Hammer Ribbon Mass,Hammer Ribbon Mass
16377,Hammer Merit Mass,Hammer Merit Mass
16378,HH Soul Mass,HH Soul Mass
16379,HH Ribbon Mass,HH Ribbon Mass
16380,HH Merit Mass,HH Merit Mass
16381,Lance Soul Mass,Lance Soul Mass
16382,Lance Ribbon Mass,Lance Ribbon Mass
16383,Lance Merit Mass,Lance Merit Mass
16384,GL Soul Mass,GL Soul Mass
16385,GL Ribbon Mass,GL Ribbon Mass
16386,GL Merit Mass,GL Merit Mass
16387,SAF Soul Mass,SAF Soul Mass
16388,SAF Ribbon Mass,SAF Ribbon Mass
16389,SAF Merit Mass,SAF Merit Mass
16390,Tonfa Soul Mass,Tonfa Soul Mass
16391,Tonfa Ribbon Mass,Tonfa Ribbon Mass
16392,Tonfa Merit Mass,Tonfa Merit Mass
16393,MS Soul Mass,MS Soul Mass
16394,MS Ribbon Mass,MS Ribbon Mass
16395,MS Merit Mass,MS Merit Mass
16396,LBG Soul Mass,LBG Soul Mass
16397,LBG Ribbon Mass,LBG Ribbon Mass
16398,LBG Merit Mass,LBG Merit Mass
16399,HBG Soul Mass,HBG Soul Mass
16400,HBG Ribbon Mass,HBG Ribbon Mass
16401,HBG Merit Mass,HBG Merit Mass
16402,Bow Soul Mass,Bow Soul Mass
16403,Bow Ribbon Mass,Bow Ribbon Mass
16404,Bow Merit Mass,Bow Merit Mass
16405,SnS Hiden Jewel,片手劍秘伝珠
16406,DS Hiden Jewel,雙劍秘伝珠
16407,GS Hiden Jewel,大劍秘伝珠
16408,LS Hiden Jewel,太刀秘伝珠
16409,Hammer Hiden Jewel,大錘秘伝珠
16410,HH Hiden Jewel,狩獵笛秘伝珠
16411,Lance Hiden Jewel,長槍秘伝珠
16412,GL Hiden Jewel,銃槍秘伝珠
16413,SAF Hiden Jewel,斜銃槍秘伝珠
16414,Tonfa Hiden Jewel,穿徹劍秘伝珠
16415,MS Hiden Jewel,磁浮砥秘伝珠
16416,LBG Hiden Jewel,輕弩秘伝珠
16417,HBG Hiden Jewel,重弩秘伝珠
16418,Bow Hiden Jewel,弓秘伝珠
16419,Scarlet Light,Scarlet Light
16420,Decor. Camellia,Decor. Camellia
16421,Everlasting Candy,Everlasting Candy
16422,Choronite,Choronite
16423,Harudo Ivory Scale,Harudo Ivory Scale
16424,Harudo Heavy Skin,Harudo Heavy Skin
16425,Harudo Fine Bone,司銀龍的上等骨
16426,Harudo Brightblood,Harudo Brightblood
16427,Harudo Medulla,Harudo Medulla
16428,Harudo Manipulator,Harudo Manipulator
16429,Harudo Sharp Tail,司銀龍的尾
16430,Harudo Tail Core,Harudo Tail Core
16431,Harudo Sharp Wing,司銀龍的翼
16432,Harudo Wing Core,Harudo Wing Core
16433,Harudo Slash Claw,Harudo Slash Claw
16434,Harudo Limb Claw,司銀龍的爪
16435,Harudo Z Head,Harudo Z Head
16436,Harudo Z Mid Head,Harudo Z Mid Head
16437,Harudo Z High Head,Harudo Z High Head
16438,Harudo Z Top Head,Harudo Z Top Head
16439,Rattling Powder,響聲粉末
16440,Gachi Flower,毅之花
16441,Exploration Report,Exploration Report
16442,Kinkou Tkt,キンコウ票
16443,Kinkou D Tkt,キンコウＤ票
16444,Anbu Tkt,暗部票
16445,Anbu D Tkt,暗部Ｄ票
16446,Ryoso Tkt,リョウソ票
16447,Ryoso D Tkt,リョウソＤ票
16448,Gems Tkt,ジェムス票
16449,Gems D Tkt,ジェムスＤ票
16450,Fine Tkt,ファイン票
16451,Fine D Tkt,ファインＤ票
16452,Kelis Tkt,ケリス票
16453,Kelis D Tkt,ケリスＤ票
16454,Kotona Tkt,コトナ票
16455,Kotona D Tkt,コトナＤ票
16456,Shanru Silk,Shanru Silk
16457,Fanru Silk,Fanru Silk
16458,Myunru Silk,Myunru Silk
16459,FZ Ticket・1,ＦＺ票・1
16460,FZ Ticket・2,ＦＺ票・2
16461,FZ Ticket・3,ＦＺ票・3
16462,FZ Ticket・4,ＦＺ票・4
16463,FZ Ticket・5,ＦＺ票・5
16464,FZ Ticket・6,ＦＺ票・6
16465,FZ Ticket・7,ＦＺ票・7
16466,FZ Ticket・8,ＦＺ票・8
16467,FZ Ticket・9,ＦＺ票・9
16468,FZ Ticket・10,ＦＺ票・10
16469,FZ Ticket・11,ＦＺ票・11
16470,FZ Ticket・12,ＦＺ票・12
16471,FZ Ticket・13,ＦＺ票・13
16472,FZ Ticket・14,ＦＺ票・14
16473,High Prayer Gem,High Prayer Gem
16474,Song Prayer Gem,Song Prayer Gem
16475,Bullet Prayer Gem,Bullet Prayer Gem
16476,Ren Prayer Gem,Ren Prayer Gem
16477,Dancing Prayer Gem,Dancing Prayer Gem
16478,Kan Prayer Gem,Kan Prayer Gem
16479,Rhyme Prayer Gem,Rhyme Prayer Gem
16480,Praise Prayer Gem,Praise Prayer Gem
16481,Tomo Prayer Gem,Tomo Prayer Gem
16482,Poem Prayer Gem,Poem Prayer Gem
16483,Kind Prayer Gem,Kind Prayer Gem
16484,Life Prayer Gem,Life Prayer Gem
16485,Marked Prayer Gem,Marked Prayer Gem
16486,Bloom Prayer Gem,Bloom Prayer Gem
16487,Light Flower,光之花
16488,Spring Flavour,Spring Flavour
16489,Fresh Flowers,新鮮花
16490,Fine Carp Brocade,Fine Carp Brocade
16491,Hero Carp Brocade,Hero Carp Brocade
16492,Arbiter Ticket,アービター票
16493,Arbiter D Tkt,アービターＤ票
16494,Taikun Crush Shell,Taikun Crush Shell
16495,Taikun Orange Shl,Taikun Orange Shl
16496,Taikun White Shell,Taikun White Shell
16497,Taikun Cyan Shell,Taikun Cyan Shell
16498,Taikun Whisker,Taikun Whisker
16499,Taikun Boltstone,Taikun Boltstone
16500,Taikun Spike,多殼蟹的棘
16501,Taikun Blue Spike,Taikun Blue Spike
16502,Taikun Leg,Taikun Leg
16503,Taikun Hard Leg,Taikun Hard Leg
16504,Taikun Z Claw,多殼蟹的爪
16505,Taikun Z Mid Claw,Taikun Z Mid Claw
16506,Taikun Z High Claw,Taikun Z High Claw
16507,Taikun Z Top Claw,Taikun Z Top Claw
16508,Rengoku D Tkt,煉獄Ｄ票
16509,Nerigeki D Tkt,ネリゲキＤ票
16510,Elysi D Tkt,エリシＤ票
16511,Enzu D Tkt,エンズＤ票
16512,Tapir Soul Stone,貘魂石
16513,Shrimp Soul Stone,蝦魂石
16514,Crab Soul Stone,蟹魂石
16515,Eternal Flame,Eternal Flame
16516,Crimson Flame,Crimson Flame
16517,Blue Flame,Blue Flame
16518,Ceaseless Up Sigil,Ceaseless Up Sigil
16519,Elysium BM GX1,Elysium BM GX1
16520,Elysium BM GX2,Elysium BM GX2
16521,Elysium BM GX3,Elysium BM GX3
16522,Elysium BM GX4,Elysium BM GX4
16523,Elysium BM GX5,Elysium BM GX5
16524,Elysium GN GX1,Elysium GN GX1
16525,Elysium GN GX2,Elysium GN GX2
16526,Elysium GN GX3,Elysium GN GX3
16527,Elysium GN GX4,Elysium GN GX4
16528,Elysium GN GX5,Elysium GN GX5
16529,NK6 Ticket・1,ＮＫ６票・1
16530,NK6 Ticket・2,ＮＫ６票・2
16531,NK6 Ticket・3,ＮＫ６票・3
16532,NK6 Ticket・4,ＮＫ６票・4
16533,Shanru D Tkt,シャンルＤ票
16534,Fanru D Tkt,ファンルＤ票
16535,Myunru D Tkt,ミュンルＤ票
16536,Dummy 16536,Dummy 16536
16537,Dummy 16537,Dummy 16537
16538,Dummy 16538,Dummy 16538
16539,Dummy 16539,Dummy 16539
16540,Dummy 16540,Dummy 16540
16541,Dummy 16541,Dummy 16541
16542,Dummy 16542,Dummy 16542
16543,Dummy 16543,Dummy 16543
16544,Dummy 16544,Dummy 16544
16545,Dummy 16545,Dummy 16545
16546,Dummy 16546,Dummy 16546
16547,Dummy 16547,Dummy 16547
16548,Dummy 16548,Dummy 16548
16549,Dummy 16549,Dummy 16549
16550,Dummy 16550,Dummy 16550
16551,Dummy 16551,Dummy 16551
16552,Dummy 16552,Dummy 16552
16553,Dummy 16553,Dummy 16553
16554,Dummy 16554,Dummy 16554
16555,Dummy 16555,Dummy 16555
16556,Dummy 16556,Dummy 16556
16557,Dummy 16557,Dummy 16557
16558,Dummy 16558,Dummy 16558
16559,Dummy 16559,Dummy 16559
16560,Dummy 16560,Dummy 16560
16561,Dummy 16561,Dummy 16561
16562,Dummy 16562,Dummy 16562
16563,Dummy 16563,Dummy 16563
16564,Dummy 16564,Dummy 16564
16565,Dummy 16565,Dummy 16565
16566,Dummy 16566,Dummy 16566
16567,Dummy 16567,Dummy 16567
16568,Dummy 16568,Dummy 16568
16569,Dummy 16569,Dummy 16569
16570,Dummy 16570,Dummy 16570
16571,Dummy 16571,Dummy 16571
16572,Dummy 16572,Dummy 16572
16573,Dummy 16573,Dummy 16573
16574,Dummy 16574,Dummy 16574
16575,Dummy 16575,Dummy 16575
16576,Dummy 16576,Dummy 16576
16577,Dummy 16577,Dummy 16577
16578,Dummy 16578,Dummy 16578
16579,Dummy 16579,Dummy 16579
16580,Dummy 16580,Dummy 16580
16581,Dummy 16581,Dummy 16581
16582,Dummy 16582,Dummy 16582
16583,Dummy 16583,Dummy 16583
16584,Dummy 16584,Dummy 16584
16585,Dummy 16585,Dummy 16585
16586,Dummy 16586,Dummy 16586
16587,Dummy 16587,Dummy 16587
16588,Dummy 16588,Dummy 16588
16589,Dummy 16589,Dummy 16589
16590,Dummy 16590,Dummy 16590
16591,Dummy 16591,Dummy 16591
16592,Dummy 16592,Dummy 16592
16593,Dummy 16593,Dummy 16593
16594,Dummy 16594,Dummy 16594
16595,Dummy 16595,Dummy 16595
16596,Dummy 16596,Dummy 16596
16597,Dummy 16597,Dummy 16597
16598,Dummy 16598,Dummy 16598
16599,Dummy 16599,Dummy 16599
16600,Dummy 16600,Dummy 16600
16601,Dummy 16601,Dummy 16601
16602,Dummy 16602,Dummy 16602
16603,Dummy 16603,Dummy 16603
16604,Dummy 16604,Dummy 16604
16605,Dummy 16605,Dummy 16605
16606,Dummy 16606,Dummy 16606
16607,Dummy 16607,Dummy 16607
16608,Dummy 16608,Dummy 16608
16609,Dummy 16609,Dummy 16609
16610,Dummy 16610,Dummy 16610
16611,Dummy 16611,Dummy 16611
16612,Dummy 16612,Dummy 16612
16613,Dummy 16613,Dummy 16613
16614,Dummy 16614,Dummy 16614
16615,Dummy 16615,Dummy 16615
16616,Dummy 16616,Dummy 16616
16617,Dummy 16617,Dummy 16617
16618,Dummy 16618,Dummy 16618
16619,Dummy 16619,Dummy 16619
16620,Dummy 16620,Dummy 16620
16621,Dummy 16621,Dummy 16621
16622,Dummy 16622,Dummy 16622
16623,Dummy 16623,Dummy 16623
16624,Dummy 16624,Dummy 16624
16625,Dummy 16625,Dummy 16625
16626,Dummy 16626,Dummy 16626
16627,Dummy 16627,Dummy 16627
16628,Dummy 16628,Dummy 16628
16629,Dummy 16629,Dummy 16629
16630,Dummy 16630,Dummy 16630
16631,Dummy 16631,Dummy 16631
16632,Dummy 16632,Dummy 16632
16633,Dummy 16633,Dummy 16633
16634,Dummy 16634,Dummy 16634
16635,Dummy 16635,Dummy 16635
16636,Dummy 16636,Dummy 16636
16637,Dummy 16637,Dummy 16637
16638,Dummy 16638,Dummy 16638
16639,Dummy 16639,Dummy 16639
16640,Dummy 16640,Dummy 16640
16641,Dummy 16641,Dummy 16641
16642,Dummy 16642,Dummy 16642
16643,Dummy 16643,Dummy 16643
16644,Dummy 16644,Dummy 16644
16645,Dummy 16645,Dummy 16645
16646,Dummy 16646,Dummy 16646
16647,Dummy 16647,Dummy 16647
16648,Dummy 16648,Dummy 16648
16649,Dummy 16649,Dummy 16649
16650,Dummy 16650,Dummy 16650
16651,Dummy 16651,Dummy 16651
16652,Dummy 16652,Dummy 16652
16653,Dummy 16653,Dummy 16653
16654,Dummy 16654,Dummy 16654
16655,Dummy 16655,Dummy 16655
16656,Dummy 16656,Dummy 16656
16657,Dummy 16657,Dummy 16657
16658,Dummy 16658,Dummy 16658
16659,Dummy 16659,Dummy 16659
16660,Dummy 16660,Dummy 16660
16661,Dummy 16661,Dummy 16661
16662,Dummy 16662,Dummy 16662
16663,Dummy 16663,Dummy 16663
16664,Dummy 16664,Dummy 16664
16665,Dummy 16665,Dummy 16665
16666,Dummy 16666,Dummy 16666
16667,Dummy 16667,Dummy 16667
16668,Dummy 16668,Dummy 16668
16669,Dummy 16669,Dummy 16669
16670,Dummy 16670,Dummy 16670
16671,Dummy 16671,Dummy 16671
16672,Dummy 16672,Dummy 16672
16673,Dummy 16673,Dummy 16673
16674,Dummy 16674,Dummy 16674
16675,Dummy 16675,Dummy 16675
16676,Dummy 16676,Dummy 16676
16677,Dummy 16677,Dummy 16677
16678,Dummy 16678,Dummy 16678
16679,Dummy 16679,Dummy 16679
16680,Dummy 16680,Dummy 16680
16681,Dummy 16681,Dummy 16681
16682,Dummy 16682,Dummy 16682
16683,Dummy 16683,Dummy 16683
16684,Dummy 16684,Dummy 16684
16685,Dummy 16685,Dummy 16685
16686,Dummy 16686,Dummy 16686
16687,Dummy 16687,Dummy 16687
16688,Dummy 16688,Dummy 16688
16689,Dummy 16689,Dummy 16689
16690,Dummy 16690,Dummy 16690
16691,Dummy 16691,Dummy 16691
16692,Dummy 16692,Dummy 16692
16693,Dummy 16693,Dummy 16693
16694,Dummy 16694,Dummy 16694
16695,Dummy 16695,Dummy 16695
16696,Dummy 16696,Dummy 16696
16697,Dummy 16697,Dummy 16697
16698,Dummy 16698,Dummy 16698
16699,Dummy 16699,Dummy 16699
16700,Dummy 16700,Dummy 16700
