index,source,target
0,Nothing Equipped,
1,Leather Helm,
2,Chainmail Helm,
3,Hunter's Helm,
4,Hunter's Cap,
5,Bone Helm,
6,Bone Cap,
7,Veloci Helm,
8,Veloci Cap,
9,Battle Helm,
10,Battle Cap,
11,Vespoid Helm,
12,Vespoid Cap,
13,Hornetaur Helm,
14,Hornetaur Cap,
15,High Metal Helm,
16,High Metal Cap,
17,Gen Helm,
18,Gen Cap,
19,Io Helm,
20,Io Cap,
21,Gypceros Helm,
22,Gypceros Cap,
23,Cepha Helm,
24,Cepha Cap,
25,Rathian Helm,
26,Rathian Cap,
27,Khezu Helm,
28,Khezu Cap,
29,Rathalos Helm,
30,Rathalos Cap,
31,Plesioth Helm,
32,Plesioth Cap,
33,King Lobster Helm,
34,Basarios Helm,
35,Basarios Cap,
36,Diablos Helm,
37,Diablos Cap,
38,Monoblos Helm,
39,Monoblos Cap,
40,Gravios Helm,
41,Gravios Cap,
42,Black Belt Helm,
43,Mosswine Mask,
44,Felyne Mask,
45,Chaoshroom,
46,Melahoa Vizor,
47,Makluva Hood,
48,Bistro Cap,
49,Veloci Mask,
50,Gen Mask,
51,Io Mask,
52,Bullfango Mask,
53,Red Piercing,
54,Blue Piercing,
55,Yellow Piercing,
56,Black Piercing,
57,Solar Shinobi Mask,
58,Shadow Shinobi Mask,
59,Guardian Helm,
60,Guardian Mask,
61,Helper Hood,
62,Healer Glasses,
63,Skull Face,
64,Garuga Helm,
65,Garuga Cap,
66,Garuga Mask,
67,Auroros Helm,
68,Genesis Headpiece,
69,Borealis Crown,
70,Glyph Crown,
71,Dragon Head,
72,Dragon Face,
73,Leather U Helm,
74,Chainmail U Helm,
75,Hunter's U Helm,
76,Hunter's U Cap,
77,Bone U Helm,
78,Bone U Cap,
79,Gia Helm,
80,Gia Cap,
81,Battle U Helm,
82,Battle U Cap,
83,Vespoid U Helm,
84,Vespoid U Cap,
85,Hornetaur U Helm,
86,Hornetaur U Cap,
87,High Metal U Helm,
88,High Metal U Cap,
89,Gen U Helm,
90,Gen U Cap,
91,Io U Helm,
92,Io U Cap,
93,Gypceros U Helm,
94,Gypceros U Cap,
95,Cepha U Helm,
96,Cepha U Cap,
97,Rath Heart Helm,
98,Rath Heart Cap,
99,Khezu U Helm,
100,Khezu U Cap,
101,Rath Soul Helm,
102,Rath Soul Cap,
103,Plesioth U Helm,
104,Plesioth U Cap,
105,Basarios U Helm,
106,Basarios U Cap,
107,Diablos U Helm,
108,Diablos U Cap,
109,Monodevil Helm,
110,Monodevil Cap,
111,Gravios U Helm,
112,Gravios U Cap,
113,Shinobi Mask・Sky,
114,Shinobi Mask・Sea,
115,Guardian U Helm,
116,Guardian U Mask,
117,Helper U Hood,
118,Healer U Beret,
119,Emperor Auroros Helm,
120,Emperor Genesis Helm,
121,Emprr Borealis Crown,
122,Emperor Glyph Crown,
123,Fatalis Head,
124,Fatalis Face,
125,Golden Moon Helm,
126,Golden Moon Cap,
127,Silver Sol Helm,
128,Silver Sol Cap,
129,Leather S Helm,
130,Chainmail S Helm,
131,Hunter's S Helm,
132,Hunter's S Cap,
133,Bone S Helm,
134,Bone S Cap,
135,Veloci S Helm,
136,Veloci S Cap,
137,Battle S Helm,
138,Battle S Cap,
139,Vespoid S Helm,
140,Vespoid S Cap,
141,Hornetaur S Helm,
142,Hornetaur S Cap,
143,High Metal S Helm,
144,High Metal S Cap,
145,Gen S Helm,
146,Gen S Cap,
147,Kut-Ku S Helm,
148,Kut-Ku S Cap,
149,Io S Helm,
150,Io S Cap,
151,Gypceros S Helm,
152,Gypceros S Cap,
153,Cepha S Helm,
154,Cepha S Cap,
155,Rathian S Helm,
156,Rathian S Cap,
157,Khezu S Helm,
158,Khezu S Cap,
159,Rathalos S Helm,
160,Rathalos S Cap,
161,Plesioth S Helm,
162,Plesioth S Cap,
163,Basarios S Helm,
164,Basarios S Cap,
165,Diablos S Helm,
166,Diablos S Cap,
167,Monoblos S Helm,
168,Monoblos S Cap,
169,Gravios S Helm,
170,Gravios S Cap,
171,Shinobi Mask・Heaven,
172,Shinobi Mask・Earth,
173,Red Guild Tricorne,
174,Red Guild Mask,
175,Red Guild Hat,
176,Red Guild Piercing,
177,Titan Auroros Helm,
178,Titan Genesis Hdpce,
179,Titan Borealis Crown,
180,Titan Glyph Crown,
181,Dragon S Head,
182,Dragon S Face,
183,Hermitaur Helm,
184,Hermitaur Cap,
185,Hermitaur U Helm,
186,Hermitaur U Cap,
187,Hermitaur S Helm,
188,Hermitaur S Cap,
189,Conga Helm,
190,Conga Cap,
191,Conga U Helm,
192,Conga U Cap,
193,Conga S Helm,
194,Conga S Cap,
195,Blango Helm,
196,Blango Cap,
197,Blango U Helm,
198,Blango U Cap,
199,Blango S Helm,
200,Blango S Cap,
201,Ceanataur Helm,
202,Ceanataur Cap,
203,Ceanataur U Helm,
204,Ceanataur U Cap,
205,Ceanataur S Helm,
206,Ceanataur S Cap,
207,Kirin Horn,
208,Kirin Corno,
209,Kirin S Horn,
210,Kirin S Corno,
211,Kushala Glare,
212,Kushala Snarl,
213,Mizuha [Eboshi 】,
214,Toyotama [Eboshi 】,
215,Empress Crown,
216,Empress Mask,
217,Indra Helm,
218,Steadfast Helm,
219,Kaiser Crown,
220,Kaiser Mask,
221,Guardian Mask,
222,Carnage Mask,
223,Golden Hair Tie,
224,Puppetmaster Mask,
225,White Fatalis Head,
226,White Fatalis Face,
227,Black Belt S Helm,
228,Gia Mask,
229,Remobra Mask,
230,Guild Knight Feather,
231,Guild Knight Mask,
232,Maid Headband,
233,Private Glasses,
234,White Piercing,
235,Blue Guild Tricorne,
236,Blue Guild Mask,
237,Blue Guild Hat,
238,Blue Guild Piercing,
239,Lobster Cap,
240,Piercing of Skill,
241,Piercing of Power,
242,Piercing of Life,
243,Expert's Piercing,
244,Craftsman's Piercing,
245,Master's Piercing,
246,Piercing of Fortune,
247,Ill Omen Piercing,
248,Protector's Piercing,
249,Hero's Piercing,
250,F Head 00,
251,F Head 01,
252,Freya Piercing,
253,Kut-Ku Ear Cuffs,
254,Kut-Ku Earrings,
255,Kut-Ku U Helm,
256,Kut-Ku U Cap,
257,Hypnoc Helm,
258,Hypnoc Cap,
259,Hypnoc U Helm,
260,Hypnoc U Cap,
261,Lava Helm,
262,Lava Cap,
263,Lava Helm S,
264,Lava Cap S,
265,Gia U Helm,
266,Gia U Cap,
267,White Cat Mask,
268,Black Cat Mask,
269,Gold Cat Mask,
270,Gothic Piercing,
271,Gothic F Piercing,
272,Beil Earrings,
273,Comrade Helm 【猩】,
274,Jisutoreru Head,
275,Duo Helm,
276,Smart Head,
277,Strength Head,
278,Boot Up Head,
279,Yuenesu Head,
280,Missing No.,
281,Missing No.,
282,Aerial Head,
283,Giste Head,
284,Missing No.,
285,Extra Head,
286,Tenderfoot Hood,
287,Kyuura Head,
288,Missing No.,
289,Missing No.,
290,Rough Felyne Mask,
291,Tigrex Helm,
292,Tigrex Cap,
293,Tigrex S Helm,
294,Tigrex S Cap,
295,Butterfly Vertex,
296,Butterfly Kabuto,
297,Butterfly S Vertex,
298,Butterfly S Kabuto,
299,Shakalaka Mask,
300,Fellow Crest,
301,Regular's Piercing,
302,Clan Res Piercing,
303,Carthorse Piercing,
304,Fish Hook Piercing,
305,Clan Rigid Piercing,
306,Melahoa U Vizor,
307,Makluva U Hood,
308,Bistro U Cap,
309,King Beetle Vertex,
310,King Beetle Kabuto,
311,King Beetle S Vertex,
312,King Beetle S Kabuto,
313,Death Stench Brain,
314,Death Stench Soul,
315,Death Stench S Brain,
316,Death Stench S Soul,
317,Mafumofu Hood,
318,Mafumofu S Hood,
319,Akantor Mask,
320,Akantor Fangs,
321,Kushala F Glare,
322,Kushala F Snarl,
323,Kaiser F Crown,
324,Kaiser F Mask,
325,Ace Mizuha Cap,
326,Ace Extravagant Cap,
327,Ace Indra Helm,
328,Ace Steadfast Helm,
329,Ace Guardian Mask,
330,Ace Carnage Mask,
331,Empress F Sector,
332,Empress F Mask,
333,Ace Golden Hair Tie,
334,Ace Puppetmstr Mask,
335,Garuga F Helm,
336,Garuga F Cap,
337,Kushala F Glare,
338,Kushala F Snarl,
339,Kaiser F Crown,
340,Kaiser F Mask,
341,Ace Mizuha Cap,
342,Ace Extravagant Cap,
343,Ace Indra Helm,
344,Ace Steadfast Helm,
345,Ace Guardian Mask,
346,Ace Carnage Mask,
347,Empress F Sector,
348,Empress F Mask,
349,Ace Golden Hair Tie,
350,Ace Puppetmstr Mask,
351,Garuga F Helm,
352,Garuga F Cap,
353,Lavasioth U Helm,
354,Lavasioth U Cap,
355,White Metal Piercing,
356,Celeste Piercing,
357,Ciel Earrings,
358,Red Comrade Helm,
359,Blue Comrade Helm,
360,Green Comrade Helm,
361,Orange Comrade Helm,
362,Kelbi Mask,
363,Santa Hat,
364,Safety S Piercing,
365,Safety U Piercing,
366,Safety Piercing,
367,Safety F Piercing,
368,Tribute Piercing,
369,ダミー,
370,ダミー,
371,Espinas Brain,
372,Espinas Soul,
373,Espinas F Brain,
374,Espinas F Soul,
375,Azul Head,
376,Azul Wig,
377,Amezari Head,
378,Amezari Cap,
379,Vow Headgear White,
380,Vow Headgear Blue,
381,Vow Headgear Purple,
382,Vow Headgear Yellow,
383,Bliss Helm White,
384,Bliss Helm Blue,
385,Bliss Helm Purple,
386,Bliss Helm Yellow,
387,Bliss Helm F White,
388,Bliss Helm F Blue,
389,Bliss Helm F Purple,
390,Bliss Helm F Yellow,
391,Lodge Wear Head,
392,Espinas Mask,
393,Noir Head,
394,Battle Cap SP Blue,
395,Battle Cap SP Yellow,
396,Battle Cap SP Purple,
397,Rathian Helm SP Blue,
398,Rathian Helm SP Red,
399,Rathian Helm SP Black,
400,Khezu Helm SP Blue,
401,Khezu Helm SP Green,
402,Khezu Helm SP Black,
403,Espinas Helm SP Red,
404,Espinas Helm SP Blue,
405,Espinas Helm SP Yellow,
406,Espinas Cap SP Red,
407,Espinas Cap SP Blue,
408,Espinas Cap SP Yellow,
409,Noir Piercing,
410,Guardi Helm SP White,
411,Guardi Helm SP Black,
412,Guardi Helm SP Purple,
413,Healer Glasses SP Blue,
414,Healer Glasses SP White,
415,Healer Glasses SP Yellow,
416,Mafumofu Hood SP Red,
417,Mafumofu Hood SP Yellow,
418,Mafumofu Hood SP Purple,
419,Basarios Cap SP Red,
420,Basarios Cap SP Black,
421,Basarios Cap SP Yellow,
422,Apkallu Helm,
423,Apkallu Cap,
424,Gospel Helm,
425,Gospel Cap,
426,Espinas U Brain,
427,Espinas U Soul,
428,Blango Helm SP Yellow,
429,Blango Helm SP Blue,
430,Blango Helm SP Black,
431,Golden Tie SP White,
432,Golden Tie SP Purple,
433,Golden Tie SP Green,
434,Gravios Cap SP Green,
435,Gravios Cap SP Purple,
436,Gravios Cap SP Red,
437,Fellow Bikoonu,
438,Fest Victor's Crown,
439,Fest Victor's Crown,
440,Fest Victor's Crown,
441,Fest Victor's Crown,
442,Fest Victor's Crown,
443,Fest Victor's Crown,
444,Vashimu Helm,
445,Vashimu Helm Ylw,
446,Vashimu Helm Green,
447,Vashimu Helm Red,
448,Vashimu Cap,
449,Vashimu Cap Ylw,
450,Vashimu Cap Green,
451,Vashimu Cap Red,
452,Vashimu F Helm,
453,Vashimu F Helm Ylw,
454,Vashimu F Helm Green,
455,Vashimu F Helm Red,
456,Vashimu F Cap,
457,Vashimu F Cap Ylw,
458,Vashimu F Cap Green,
459,Vashimu F Cap Red,
460,Eques Helm,
461,Eques Cap,
462,Eques Helm 改,
463,Eques Cap 改,
464,Eques F Helm,
465,Eques F Cap,
466,Hot Red Star Mask,
467,Hot Blue Star Mask,
468,Hot Black Star Mask,
469,Hot White Star Mask,
470,Hot Red Stellar Mask,
471,Hot Blu Stellar Mask,
472,Hot Blk Stellar Mask,
473,Hot Wht Stellar Mask,
474,Cool Red Star Mask,
475,Cool Blue Star Mask,
476,Cool Black Star Mask,
477,Cool White Star Mask,
478,Cool Rd Stellar Mask,
479,Cool Bl Stellar Mask,
480,Cool Bk Stellar Mask,
481,Cool Wt Stellar Mask,
482,Sky Red Star Mask,
483,Sky Blue Star Mask,
484,Sky Black Star Mask,
485,Sky White Star Mask,
486,Sky Red Stellar Mask,
487,Sky Blu Stellar Mask,
488,Sky Blk Stellar Mask,
489,Sky Wht Stellar Mask,
490,Hi-Metal Helm SP Blk,
491,Hi-Metal Helm SP Blu,
492,Hi-Metal Helm SP Ylw,
493,S・Sol Helm SP Red,
494,S・Sol Helm SP Purple,
495,S・Sol Helm SP Black,
496,Garuga Cap SP White,
497,Garuga Cap SP Green,
498,Garuga Cap SP Red,
499,Rookie Helm【White】,
500,Rookie Helm【Red】,
501,Rookie Helm【Green】,
502,Hypnoc S Helm,
503,Hypnoc S Cap,
504,Fest Victor's Crown,
505,Fest Victor's Crown,
506,Fest Victor's Crown,
507,Fest Victor's Crown,
508,Fest Victor's Crown,
509,Fest Victor's Crown,
510,Fest Victor's Crown,
511,Fest Victor's Crown,
512,Fest Victor's Crown,
513,Fest Victor's Crown,
514,Fest Victor's Crown,
515,Fest Victor's Crown,
516,Fest Victor's Crown,
517,Fest Victor's Crown,
518,Fest Victor's Crown,
519,Fest Victor's Crown,
520,Fest Victor's Crown,
521,Fest Victor's Crown,
522,Fest Victor's Crown,
523,Fest Victor's Crown,
524,Fest Victor's Crown,
525,Fest Victor's Crown,
526,Fest Victor's Crown,
527,Fest Victor's Crown,
528,Hot White Masque,
529,Hot Brown Masque,
530,Hot Black Masque,
531,Hot Pale Masque,
532,Cool White Masque,
533,Cool Brown Masque,
534,Cool Black Masque,
535,Cool Pale Masque,
536,Sky White Masque,
537,Sky Brown Masque,
538,Sky Black Masque,
539,Sky Pale Masque,
540,Vashimu Beretta,
541,Purogia Head,
542,Oracion Head,
543,Requiem Head,
544,Fellow Crest F,
545,Kelbi Mask F,
546,Fellow Bikoonu F,
547,Vashimu U Helm,
548,Vashimu U Helm Yell,
549,Vashimu U Helm Green,
550,Vashimu U Helm Red,
551,Vashimu U Cap,
552,Vashimu U Cap Yell,
553,Vashimu U Cap Green,
554,Vashimu U Cap Red,
555,Melan Head,
556,Melan Wig,
557,Rouge Piercing,
558,Magisa Head・Red,
559,Magisa Head・Black,
560,Magisa Head・Green,
561,Magisa Head・White,
562,Magisa Head・Blue,
563,Wizard Hat・Red,
564,Wizard Hat・Black,
565,Wizard Hat・Green,
566,Wizard Hat・White,
567,Wizard Hat・Blue,
568,Magisa F Head・Red,
569,Magisa F Head・Black,
570,Magisa F Head・Green,
571,Magisa F Head・White,
572,Magisa F Head・Blue,
573,Wizard F Hat・Red,
574,Wizard F Hat・Black,
575,Wizard F Hat・Green,
576,Wizard F Hat・White,
577,Wizard F Hat・Blue,
578,Crowley Head・Red,
579,Crowley Head・Black,
580,Crowley Head・Green,
581,Crowley Head・White,
582,Crowley Head・Blue,
583,Faust Hat・Red,
584,Faust Hat・Black,
585,Faust Hat・Green,
586,Faust Hat・White,
587,Faust Hat・Blue,
588,Kushala Glare SP Red,
589,Kushala Glare SP Yellow,
590,Kushala Glare SP Green,
591,Kushala Snarl SP Red,
592,Kushala Snarl SP Yellow,
593,Kushala Snarl SP Green,
594,Kirin Horn SP Red,
595,Kirin Horn SP Purple,
596,Kirin Horn SP Black,
597,Kirin Corno SP Red,
598,Kirin Corno SP Purple,
599,Kirin Corno SP Black,
600,Strega Helm,
601,Strega Cap,
602,Strega Helm 改,
603,Strega Cap 改,
604,Strega F Helm,
605,Strega F Cap,
606,Khezu L Helm,
607,Cepha L Helm,
608,Ceanataur L Helm,
609,Rathalos L Helm,
610,Mafumofu L Hood,
611,Red Cat Mask,
612,Amitie Head,
613,Amitie Hat,
614,Basarios L Cap,
615,Gypceros L Cap,
616,Guardian R Helm,
617,Healer R Head,
618,Hunter's R Helm,
619,Rath Heart R Helm,
620,Hermitaur R Helm,
621,Amitie F Head,
622,Amitie F Hat,
623,Kyuura F Head,
624,Guardian R Vertex,
625,Healer R Beret,
626,Fest Victor's Crown,
627,Fest Victor's Crown,
628,Fest Victor's Crown,
629,Fest Victor's Crown,
630,Fest Victor's Crown,
631,Fest Victor's Crown,
632,Fest Victor's Crown,
633,Fest Victor's Crown,
634,Fest Victor's Crown,
635,Fest Victor's Crown,
636,Fest Victor's Crown,
637,Fest Victor's Crown,
638,Fest Victor's Crown,
639,Fest Victor's Crown,
640,Fest Victor's Crown,
641,Fest Victor's Crown,
642,Fest Victor's Crown,
643,Fest Victor's Crown,
644,Fest Victor's Crown,
645,Fest Victor's Crown,
646,Fest Victor's Crown,
647,Fest Victor's Crown,
648,Fest Victor's Crown,
649,Fest Victor's Crown,
650,Fest Victor's Crown,
651,Fest Victor's Crown,
652,Fest Victor's Crown,
653,Fest Victor's Crown,
654,Fest Victor's Crown,
655,Fest Victor's Crown,
656,Fest Victor's Crown,
657,Fest Victor's Crown,
658,Fest Victor's Crown,
659,Fest Victor's Crown,
660,Fest Victor's Crown,
661,Fest Victor's Crown,
662,Fest Victor's Crown,
663,Fest Victor's Crown,
664,Fest Victor's Crown,
665,Fest Victor's Crown,
666,Fest Victor's Crown,
667,Fest Victor's Crown,
668,Fest Victor's Crown,
669,Fest Victor's Crown,
670,Fest Victor's Crown,
671,Fest Victor's Crown,
672,Fest Victor's Crown,
673,Fest Victor's Crown,
674,Fest Victor's Crown,
675,Fest Victor's Crown,
676,Fest Victor's Crown,
677,Fest Victor's Crown,
678,Fest Victor's Crown,
679,Fest Victor's Crown,
680,Fest Victor's Crown,
681,Fest Victor's Crown,
682,Fest Victor's Crown,
683,Fest Victor's Crown,
684,Fest Victor's Crown,
685,Fest Victor's Crown,
686,Quad Helm C,
687,Quad Helm,
688,Iris Piercing SP,
689,Beru Helm,
690,Beru Cap,
691,Beru F Helm,
692,Beru F Cap,
693,Lien Head・Blue,
694,Lien Hat・Blue,
695,Lien Head・Red,
696,Lien Hat・Red,
697,Lien Head・Black,
698,Lien Hat・Black,
699,Lien Head・White,
700,Lien Hat・White,
701,Lien F Head・Blue,
702,Lien F Hat・Blue,
703,Lien F Head・Red,
704,Lien F Hat・Red,
705,Lien F Head・Black,
706,Lien F Hat・Black,
707,Lien F Head・White,
708,Lien F Hat・White,
709,Kaiser Crown SP White,
710,Kaiser Crown SP Black,
711,Kaiser Crown SP Green,
712,Kaiser Mask SP White,
713,Kaiser Mask SP Black,
714,Kaiser Mask SP Green,
715,Hermitaur Helm SP Blue,
716,Hermitaur Helm SP White,
717,Hermitaur Helm SP Purple,
718,Kut-Ku L Helm,
719,Gypceros L Helm,
720,Io L Helm,
721,Rathian L Helm,
722,Basarios L Helm,
723,Rathalos L Cap,
724,Monoblos L Cap,
725,Melahoa R Vizor,
726,High Metal R Helm,
727,Diablos R Helm,
728,Blango R Helm,
729,Lava Helm R,
730,Gia R Cap,
731,Battle R Cap,
732,Hypnoc ルータ Head,
733,Hypnoc ルータ Piercings,
734,Garuda Head,
735,Garuda Piercing,
736,Beru Beretta,
737,Hi-Metal U Helm・Gold,
738,Hi-Metal U Helm・Silver,
739,Hi-Metal U Helm・Copper,
740,Beru Beretta F,
741,ウナペルトF Head,
742,Red Cat F Mask,
743,Extra F Head,
744,Butterfly L Vertex,
745,Hypnoc R Helm,
746,Digi Gear Headwear,
747,Priere Head,
748,Salvacion Head,
749,Shikari Hairwear,
750,Ace Shikari Hairwear,
751,BlueGuildTricorneR,
752,Arma Head・Black,
753,Arma Hat・Black,
754,Arma Head・White,
755,Arma Hat・White,
756,Arma Head・Blue,
757,Arma Hat・Blue,
758,Arma Head・Tea,
759,Arma Hat・Tea,
760,Orden Head,
761,Orden Hat,
762,Arma F Head・Black,
763,Arma F Hat・Black,
764,Arma F Head・White,
765,Arma F Hat・White,
766,Arma F Head・Blue,
767,Arma F Hat・Blue,
768,Arma F Head・Tea,
769,Arma F Hat・Tea,
770,Orden F Head,
771,Orden F Hat,
772,Es Quera Head,
773,Es Quera Piercing,
774,Pandeum Head,
775,Pandeum Piercing,
776,GuildTricorneSPBlk,
777,GuildTricorneSPWht,
778,GuildTricorneSPPrpl,
779,White Cat F Mask,
780,Death Stench L Brain,
781,Black Belt L Helm,
782,Battle L Helm,
783,Tigrex L Helm,
784,Khezu R Helm,
785,Rath Soul R Helm,
786,Gia R Helm,
787,Blue Guild Hat R,
788,Khezu L Cap,
789,Io R Cap,
790,Clan Cargo Piercing,
791,Clan Hunt Piercing,
792,Kirin Crest Navy,
793,Kirin Crest Azure,
794,Guild Hat SP Black,
795,Guild Hat SP White,
796,Guild Hat SP Purple,
797,Arma Piercing・Black,
798,Arma Haar・Black,
799,Arma Piercing・White,
800,Arma Haar・White,
801,Arma Piercing・Blue,
802,Arma Haar・Blue,
803,Arma Piercing・Tea,
804,Arma Haar・Tea,
805,Orden Piercing,
806,Orden Haar,
807,Arma F Piercing・Black,
808,Arma F Haar・Black,
809,Arma F Piercing・White,
810,Arma F Haar・White,
811,Arma F Piercing・Blue,
812,Arma F Haar・Blue,
813,Arma F Piercing・Tea,
814,Arma F Haar・Tea,
815,Orden F Piercing,
816,Orden F Haar,
817,Purokusu Piercing,
818,Purokusu F Piercing,
819,Kurenesu Piercing,
820,Kurenesu F Piercing,
821,Suini Piercing,
822,Suini F Piercing,
823,Guraasu Haar,
824,Guraasu F Haar,
825,Forutu Piercing,
826,Forutu F Piercing,
827,Fakiru Piercing,
828,Fakiru F Piercing,
829,Baraban Piercing,
830,Baraban F Piercing,
831,Sufera Haar,
832,Sufera F Haar,
833,Pariapuria Helm,
834,Pariapuria F Helm,
835,Pariapuria Cap,
836,Pariapuria F Cap,
837,Hypnolia Head,
838,Hypnolia Piercing,
839,Feral Head,
840,Feral Piercing,
841,Demon Lord Horn,
842,Rasta Instructor Cap,
843,Infant Horn,
844,ダミー,
845,Ex Piercing・White,
846,Ex F Piercing・White,
847,Ex Haar・White,
848,Ex F Haar・White,
849,Ex Piercing・Red,
850,Ex F Piercing・Red,
851,Ex Haar・Red,
852,Ex F Haar・Red,
853,Ex Piercing・Blue,
854,Ex F Piercing・Blue,
855,Ex Haar・Blue,
856,Ex F Haar・Blue,
857,Ex Piercing・Black,
858,Ex F Piercing・Black,
859,Ex Haar・Black,
860,Ex F Haar・Black,
861,Trance Piercing,
862,Trance F Piercing,
863,Trance Haar,
864,Trance F Haar,
865,Mizuha Cap SP Blue,
866,Mizuha Cap SP Red,
867,Mizuha Cap SP Yellow,
868,Extrvgnt Cap SP Blue,
869,Extrvgnt Cap SP Red,
870,Extrvgnt Cap SP Yellow,
871,Auroros Helm SP Red,
872,Auroros Helm SP Purple,
873,Auroros Helm SP White,
874,Boreal Crown SP Black,
875,Boreal Crown SP Purple,
876,Boreal Crown SP White,
877,Lovers Piercing,
878,Lovers F Piercing,
879,Amigo Piercing・Red,
880,Amigo F Piercing・Red,
881,Amigo Piercing・Blue,
882,Amigo F Piercing・Blue,
883,Amigo Piercing・Yellow,
884,Amigo F Piercing・Yellow,
885,Amigo Piercing・Green,
886,Amigo F Piercing・Green,
887,Felyne Ears,
888,Felyne Ears F,
889,Paria Beretta,
890,Paria Beretta F,
891,Shock Piercing,
892,Marksman's Piercing,
893,Foresight Piercing,
894,Sacrifice Piercing,
895,Fraternal Piercing,
896,Hunter's L Helm,
897,Kirin L Horn,
898,Monoblos L Helm,
899,Diablos L Helm,
900,Gravios L Helm,
901,Vespoid L Helm,
902,Basarios R Helm,
903,Blue Guild Mask R,
904,Blue Guild Pierce R,
905,Monodevil R Helm,
906,Hornetaur R Helm,
907,Ceanataur R Helm,
908,Blango L Cap,
909,Plesioth L Cap,
910,Khezu R Cap,
911,Gravios R Cap,
912,Weiss Brain,
913,Weiss Soul,
914,Espinas R Brain,
915,Tigrex L Cap,
916,Guns Head,
917,Wild Head,
918,Guns Piercing,
919,Wild Piercing,
920,Ecole Head,
921,Dian Head,
922,Ecole Piercing,
923,Dian Piercing,
924,Core Helm C,
925,Core Cap C,
926,Core Helm,
927,Core Cap,
928,Aneshisu Helm,
929,Aneshisu Cap,
930,Kuraaji Helm,
931,Kuraaji Helm 改,
932,Kuraaji F Helm,
933,Kuraaji Cap,
934,Kuraaji Cap 改,
935,Kuraaji F Cap,
936,Kinosu Helm,
937,Himeros Helm,
938,Bureshisu Helm,
939,Charien Cap,
940,Arietta Head,
941,Tempest Head,
942,Vento Piercing,
943,Mistral Piercing,
944,Arc Helm,
945,Arc Cap,
946,Rath Duo Helm,
947,Rath Duo Cap,
948,Shaln Head・Blue,
949,Shaln F Head・Blue,
950,Shaln Hat・Blue,
951,Shaln F Hat・Blue,
952,Shaln Head・Green,
953,Shaln F Head・Green,
954,Shaln Hat・Green,
955,Shaln F Hat・Green,
956,Shaln Head・Purple,
957,Shaln F Head・Purple,
958,Shaln Hat・Purple,
959,Shaln F Hat・Purple,
960,Shaln Head・White,
961,Shaln F Head・White,
962,Shaln Hat・White,
963,Shaln F Hat・White,
964,ルクス Head,
965,ルクスF Head,
966,ルクス Hat,
967,ルクスF Hat,
968,Real Head・White,
969,Real F Head・White,
970,Real Mask・White,
971,Real F Mask・White,
972,Real Head・Gold,
973,Real F Head・Gold,
974,Real Mask・Gold,
975,Real F Mask・Gold,
976,Real Head・Blue,
977,Real F Head・Blue,
978,Real Mask・Blue,
979,Real F Mask・Blue,
980,Real Head・Red,
981,Real F Head・Red,
982,Real Mask・Red,
983,Real F Mask・Red,
984,Regis Head,
985,Regis F Head,
986,Regis Mask,
987,Regis F Mask,
988,Fresh Comrade Helm,
989,Sweet Comrade Helm,
990,Cool Comrade Helm,
991,Ceanataur Cap SP Red,
992,Ceanataur Cap SP Black,
993,Ceanataur Cap SP Yellow,
994,Remobra Mask SP White,
995,Remobra Mask SP Yellow,
996,Remobra Mask SP Black,
997,G・Knight Mask SP Red,
998,G・Knight Mask SP Blue,
999,G・Knight Mask SP Purple,
1000,PV Glasses SP Red,
1001,PV Glasses SP Blue,
1002,PV Glasses SP Purple,
1003,Hermitaur L Helm,
1004,High Metal L Helm,
1005,Lava Helm L,
1006,Bone L Helm,
1007,Hornetaur L Helm,
1008,Red Guild Tricorne R,
1009,Red Guild Hat R,
1010,Helper R Hood,
1011,Battle R Helm,
1012,Cepha R Helm,
1013,Bone R Helm,
1014,Io L Cap,
1015,Ceanataur L Cap,
1016,Rath Heart R Cap,
1017,Bone R Cap,
1018,Buran Piercing,
1019,Buran Head,
1020,Kirin Verde,
1021,Kirin Verde F,
1022,Kirin Rufus,
1023,Kirin Rufus F,
1024,Kirin Arancia,
1025,Kirin Arancia F,
1026,Vashimu Corsage,
1027,Vashimu Corsage F,
1028,Beru Corsage,
1029,Beru Corsage F,
1030,White Belt Helm,
1031,Elegy Helm,
1032,Titan Elegy Helm,
1033,Divine Crown,
1034,Titan Divine Crown,
1035,Ashalt Headwear,
1036,Ashalt Mask,
1037,ローク Helm,
1038,ローク Cap,
1039,Soldato Head,
1040,Gable Head,
1041,Soldato Mask,
1042,Gable Mask,
1043,Uida Head,
1044,スティーダ Head,
1045,Uida Mask,
1046,スティーダ Mask,
1047,Agria Head,
1048,Flower Head,
1049,Agria Piercing,
1050,Flower Piercing,
1051,Fauve Head,
1052,Fias Head,
1053,Fauve Piercing,
1054,Fias Piercing,
1055,フィデル Piercing,
1056,フィデルF Piercing,
1057,ファクト Piercing,
1058,ファクトF Piercing,
1059,シュロス Piercing,
1060,シュロスF Piercing,
1061,アエトス Haar,
1062,アエトスF Haar,
1063,ヴェルス Piercing,
1064,ヴェルスF Piercing,
1065,フラント Piercing,
1066,フラントF Piercing,
1067,セリュー Piercing,
1068,セリューF Piercing,
1069,ウェネス Haar,
1070,ウェネスF Haar,
1071,Ferme Head・Black,
1072,Ferme F Head・Black,
1073,Ferme Mask・Black,
1074,Ferme F Mask・Black,
1075,Ferme Head・Red,
1076,Ferme F Head・Red,
1077,Ferme Mask・Red,
1078,Ferme F Mask・Red,
1079,Ferme Head・White,
1080,Ferme F Head・White,
1081,Ferme Mask・White,
1082,Ferme F Mask・White,
1083,Ferme Head・Blue,
1084,Ferme F Head・Blue,
1085,Ferme Mask・Blue,
1086,Ferme F Mask・Blue,
1087,リエーザ Head,
1088,リエーザF Head,
1089,リエーザ Mask,
1090,リエーザF Mask,
1091,Claire Head・Purple,
1092,Claire F Head・Purple,
1093,Claire Piercing・Purple,
1094,Claire F Piercing・Purple,
1095,Claire Head・Water,
1096,Claire F Head・Water,
1097,Claire Piercing・Water,
1098,Claire F Piercing・Water,
1099,Claire Head・Red,
1100,Claire F Head・Red,
1101,Claire Piercing・Red,
1102,Claire F Piercing・Red,
1103,Claire Head・Black,
1104,Claire F Head・Black,
1105,Claire Piercing・Black,
1106,Claire F Piercing・Black,
1107,Desert Head,
1108,Desert F Head,
1109,Desert Piercings,
1110,Desert F Piercings,
1111,Empress Head SP Red,
1112,Empress Head SP Yellow,
1113,Empress Head SP Purple,
1114,Empress Mask SP Red,
1115,Empress Mask SP Yellow,
1116,Empress Mask SP Purple,
1117,Vespoid Helm SP Yellow,
1118,Vespoid Helm SP Black,
1119,Vespoid Helm SP Blue,
1120,Comrade L Helm・Red,
1121,Comrade L Helm・Blue,
1122,Comrade L Helm・Green,
1123,Comrade L Helm・Orange,
1124,Comrade R Helm・Red,
1125,Comrade R Helm・Blue,
1126,Comrade R Helm・Green,
1127,Comrade R Helm・Orange,
1128,Battle L Cap,
1129,Gravios L Cap,
1130,Hunter's R Cap,
1131,Vespoid R Cap,
1132,ガロン Beretta,
1133,ガロン Beretta F,
1134,猟団員の証【猪突】,
1135,猟団員の証【狙撃】,
1136,Chullo,
1137,Chullo F,
1138,ヴィリヴラ Head,
1139,Angriff Head,
1140,ヴィリヴラ Mask,
1141,Angriff Mask,
1142,Schutz Head,
1143,Hilfe Head,
1144,Schutz Mask,
1145,Hilfe Mask,
1146,Makluva R Hood,
1147,Raviente Head,
1148,Raviente F Head,
1149,Raviente FX Head,
1150,Raviente Cap,
1151,Raviente F Cap,
1152,Raviente FX Cap,
1153,アナキ Head,
1154,アナキ Band,
1155,Harvest Head,
1156,Harvest Piercing,
1157,Craft Head,
1158,Craft F Head,
1159,Craft Piercing,
1160,Craft F Piercing,
1161,Ledia Head,
1162,Ledia F Head,
1163,Ledia Piercing,
1164,Ledia F Piercing,
1165,ティーア Head,
1166,Viruto Head,
1167,ティーア Piercing,
1168,Viruto Piercing,
1169,Muse Head,
1170,Tune Head,
1171,ゼーレ Piercing,
1172,Schnite Piercing,
1173,アセルス Head,
1174,アセルスF Head,
1175,スクラ Head,
1176,スクラF Head,
1177,ファルム Head,
1178,ファルムF Head,
1179,Diesel Hat,
1180,Diesel F Hat,
1181,スディブ Head,
1182,スディブF Head,
1183,フィブラ Head,
1184,フィブラF Head,
1185,リガス Head,
1186,リガスF Head,
1187,ミーツェ Hat,
1188,ミーツェF Hat,
1189,Melety Head・White,
1190,Melety F Head・White,
1191,Melety Hat・White,
1192,Melety F Hat・White,
1193,Melety Head・Red,
1194,Melety F Head・Red,
1195,Melety Hat・Red,
1196,Melety F Hat・Red,
1197,Melety Head・Blue,
1198,Melety F Head・Blue,
1199,Melety Hat・Blue,
1200,Melety F Hat・Blue,
1201,Melety Head・Black,
1202,Melety F Head・Black,
1203,Melety Hat・Black,
1204,Melety F Hat・Black,
1205,ゲレール Head,
1206,ゲレールF Head,
1207,レーラー Head,
1208,レーラーF Head,
1209,フェサー Head,
1210,フェサーF Head,
1211,シアンス Hat,
1212,シアンスF Hat,
1213,Gold Helm・Red,
1214,Gold F Helm・Red,
1215,Gold Mask・Red,
1216,Gold F Mask・Red,
1217,Gold Helm・Blue,
1218,Gold F Helm・Blue,
1219,Gold Mask・Blue,
1220,Gold F Mask・Blue,
1221,Gold Helm・Yellow,
1222,Gold F Helm・Yellow,
1223,Gold Mask・Yellow,
1224,Gold F Mask・Yellow,
1225,Gold Helm・Purple,
1226,Gold F Helm・Purple,
1227,Gold Mask・Purple,
1228,Gold F Mask・Purple,
1229,シデロ Helm,
1230,シデロF Helm,
1231,オール Helm,
1232,オールF Helm,
1233,メタロ Helm,
1234,メタロF Helm,
1235,アルジャ Mask,
1236,アルジャF Mask,
1237,Espinas FX Brain,
1238,Espinas FX Soul,
1239,,
1240,エクスト Helm,
1241,エクスト Helm C,
1242,エクスト Cap,
1243,エクスト Cap C,
1244,Death Stench Brain SP White,
1245,Death Stench Brain SP Red,
1246,Death Stench Brain SP Blue,
1247,Diablos Helm SP Purple,
1248,Diablos Helm SP Blue,
1249,Diablos Helm SP Yellow,
1250,Makluva Hood SP Green,
1251,Makluva Hood SP Blue,
1252,Makluva Hood SP Black,
1253,Dragon L Face,
1254,Kirin L Corno,
1255,Hermitaur L Cap,
1256,Bone L Cap,
1257,Vespoid L Cap,
1258,Diablos L Cap,
1259,G・Guard R Mask Crimson,
1260,G・Guard R Piercing Crimson,
1261,Hornetaur R Cap,
1262,High Metal R Cap,
1263,Rath Soul R Cap,
1264,Blango L Helm,
1265,Plesioth L Helm,
1266,Gravios R Helm,
1267,Io R Helm,
1268,Crimson 霞の眼鏡,
1269,Crimson 霞の眼鏡F,
1270,Green 穹の眼鏡,
1271,Green 穹の眼鏡F,
1272,翠霞の眼鏡,
1273,翠霞の眼鏡F,
1274,マーレ Piercing,
1275,マーレ Piercing F,
1276,Sky Piercings,
1277,Sky Piercings F,
1278,Land Piercings,
1279,Land Piercings F,
1280,Raviente Beretta,
1281,Raviente Beretta F,
1282,Fellow Beret・White,
1283,Fellow Beret F・White,
1284,Fellow Beret・Red,
1285,Fellow Beret F・Red,
1286,Fellow Beret・Green,
1287,Fellow Beret F・Green,
1288,Fellow Beret・Purple,
1289,Fellow Beret F・Purple,
1290,Dyuragaua Kabuto,
1291,Inari 覇 Kabuto,
1292,Dyuragaua 【御面】,
1293,Tamamo 覇【御面】,
1294,Dyuragaua【Eboshi】,
1295,Inari 覇【Eboshi】,
1296,Dyuragaua 【覆面】,
1297,Tamamo 覇【覆面】,
1298,コカロ Helm,
1299,コカロ Cap,
1300,Shieri Helm,
1301,Shieri F Helm,
1302,Shieri Cap,
1303,Shieri F Cap,
1304,Harubadaa Head,
1305,Harubadaa F Head,
1306,Tracker Cap,
1307,Tracker F Cap,
1308,Zaakaa Head,
1309,Zaakaa F Head,
1310,Chaser Cap,
1311,Chaser F Cap,
1312,Royal Head,
1313,Royal F Head,
1314,Lord Cap,
1315,Lord F Cap,
1316,Dicto Head,
1317,Dicto F Head,
1318,Diletto Piercing,
1319,Diletto F Piercing,
1320,Kruss Head,
1321,Kruss F Head,
1322,Quote Piercing,
1323,Quote F Piercing,
1324,ウルバヌ Helm,
1325,ウルバヌF Helm,
1326,マグヌス Helm,
1327,マグヌスF Helm,
1328,ソレルス Helm,
1329,ソレルスF Helm,
1330,パルフェ Mask,
1331,パルフェF Mask,
1332,アスティ Helm,
1333,アスティF Helm,
1334,アガトン Helm,
1335,アガトンF Helm,
1336,ランプロ Helm,
1337,ランプロF Helm,
1338,ソフィス Mask,
1339,ソフィスF Mask,
1340,Aristo Head・Blue,
1341,Aristo F Head・Blue,
1342,Aristo Mask・Blue,
1343,Aristo F Mask・Blue,
1344,Aristo Head・White,
1345,Aristo F Head・White,
1346,Aristo Mask・White,
1347,Aristo F Mask・White,
1348,Aristo Head・Purple,
1349,Aristo F Head・Purple,
1350,Aristo Mask・Purple,
1351,Aristo F Mask・Purple,
1352,Aristo Head・Red,
1353,Aristo F Head・Red,
1354,Aristo Mask・Red,
1355,Aristo F Mask・Red,
1356,ビリス Face,
1357,ビリスF Face,
1358,ギエール Face,
1359,ギエールF Face,
1360,カウント Face,
1361,カウントF Face,
1362,フュルス Mask,
1363,フュルスF Mask,
1364,Text Head・Purple,
1365,Text F Head・Purple,
1366,Text Mask・Purple,
1367,Text F Mask・Purple,
1368,Text Head・Green,
1369,Text F Head・Green,
1370,Text Mask・Green,
1371,Text F Mask・Green,
1372,Text Head・Blue,
1373,Text F Head・Blue,
1374,Text Mask・Blue,
1375,Text F Mask・Blue,
1376,Text Head・Black,
1377,Text F Head・Black,
1378,Text Mask・Black,
1379,Text F Mask・Black,
1380,パスマ Face,
1381,パスマF Face,
1382,フィーブル Face,
1383,フィーブルF Face,
1384,ヴァラク Face,
1385,ヴァラクF Face,
1386,ネウロン Mask,
1387,ネウロンF Mask,
1388,Arge Head,
1389,Arge F Head,
1390,Arge Hat,
1391,Arge F Hat,
1392,Akantor Mask SP Black,
1393,Akantor Mask SP Red,
1394,Akantor Mask SP White,
1395,Akantor リクン SP Black,
1396,Akantor リクン SP Red,
1397,Akantor リクン SP White,
1398,Gravios Helm SP Black,
1399,Gravios Helm SP Blue,
1400,Gravios Helm SP Red,
1401,Conga L Cap,
1402,Hunter's L Cap,
1403,Veloci L Cap,
1404,Hornetaur L Cap,
1405,High Metal L Cap,
1406,Gen L Cap,
1407,Gen R Cap,
1408,Kut-Ku R Cap,
1409,Basarios R Cap,
1410,Cepha R Cap,
1411,Plesioth R Cap,
1412,Gypceros R Cap,
1413,Dragon L Head,
1414,Veloci L Helm,
1415,Vespoid R Helm,
1416,Kut-Ku R Helm,
1417,Vashimu FX Helm,
1418,Vashimu FX Cap,
1419,Vashimu FX Helm Yellow,
1420,Vashimu FX Cap Yellow,
1421,Vashimu FX Helm Green,
1422,Vashimu FX Cap Green,
1423,Vashimu FX Helm Crimson,
1424,Vashimu FX Cap Crimson,
1425,Azul F Head,
1426,Azul F Wig,
1427,Dearly Piercing,
1428,Dearly Piercing F,
1429,Buddy Piercing,
1430,Buddy Piercing F,
1431,Paria Corsage,
1432,Paria Corsage F,
1433,猟団員の証【闘技】,
1434,Dyura Beretta,
1435,Dyura Beretta F,
1436,護靈者王冠GS,
1437,護靈者王冠GP,
1438,護靈者王冠ZP,
1439,護靈者王冕GS,
1440,護靈者王冕GP,
1441,護靈者王冕ZP,
1442,兵士頭飾GS,
1443,兵士頭飾GP,
1444,兵士頭飾ZP,
1445,兵士軍帽GS,
1446,兵士軍帽GP,
1447,兵士軍帽ZP,
1448,野蠻護髮GS,
1449,野蠻護髮GP,
1450,野蠻護髮ZP,
1451,野蠻髮束GS,
1452,野蠻髮束GP,
1453,野蠻髮束ZP,
1454,晴雲頭飾GS,
1455,晴雲頭飾GP,
1456,晴雲頭飾ZP,
1457,晴雲髮飾GS,
1458,晴雲髮飾GP,
1459,晴雲髮飾ZP,
1460,失落狂眼GS,
1461,失落狂眼GP,
1462,失落狂眼ZP,
1463,失落猛眼GS,
1464,失落猛眼GP,
1465,失落猛眼ZP,
1466,Beru ドラ Helm,
1467,Beru ドラ Cap,
1468,Diru Head,
1469,Diru F Head,
1470,Diru Wig,
1471,Diru F Wig,
1472,Sufia Head,
1473,Sufia F Head,
1474,Sufia Hat,
1475,Sufia F Hat,
1476,Starina Head,
1477,Starina F Head,
1478,Starina Piercing,
1479,Starina F Piercing,
1480,Loose Head,
1481,Loose F Head,
1482,Loose Piercing,
1483,Loose F Piercing,
1484,Rage Helm,
1485,Rage F Helm,
1486,Rage Mask,
1487,Rage F Mask,
1488,Rampage Helm,
1489,Rampage F Helm,
1490,Rampage Mask,
1491,Rampage F Mask,
1492,Blaze Helm,
1493,Blaze F Helm,
1494,Blaze Mask,
1495,Blaze F Mask,
1496,Pharan Helm・White,
1497,Pharan F Helm・White,
1498,Pharan Mask・White,
1499,Pharan F Mask・White,
1500,Pharan Helm・Black,
1501,Pharan F Helm・Black,
1502,Pharan Mask・Black,
1503,Pharan F Mask・Black,
1504,Pharan Helm・Red,
1505,Pharan F Helm・Red,
1506,Pharan Mask・Red,
1507,Pharan F Mask・Red,
1508,Pharan Helm・Blue,
1509,Pharan F Helm・Blue,
1510,Pharan Mask・Blue,
1511,Pharan F Mask・Blue,
1512,Gold Cat F Head,
1513,Gold Cat F Haar,
1514,Silver Cat Mask,
1515,Silver Cat F Head,
1516,Silver Cat F Haar,
1517,ヴィン Head,
1518,ヴィンF Head,
1519,ヴァンデ Head,
1520,ヴァンデF Head,
1521,デスモ Head,
1522,デスモF Head,
1523,ミスク Piercing,
1524,ミスクF Piercing,
1525,ウーズィ Head,
1526,ウーズィF Head,
1527,レガーメ Head,
1528,レガーメF Head,
1529,ノット Head,
1530,ノットF Head,
1531,ラソス Piercing,
1532,ラソスF Piercing,
1533,Tigrex Helm SP Black,
1534,Tigrex Helm SP White,
1535,Tigrex Helm SP Purple,
1536,Monoblos Helm SP Yellow,
1537,Monoblos Helm SP Green,
1538,Monoblos Helm SP White,
1539,Khezu Cap SP Black,
1540,Khezu Cap SP Green,
1541,Khezu Cap SP Blue,
1542,Hypnoc L Cap,
1543,Lavasioth L Cap,
1544,Butterfly L Kabuto,
1545,Cepha L Cap,
1546,Rathian L Cap,
1547,Kut-Ku L Cap,
1548,Shinobi Mask・R,
1549,Leather R Helm,
1550,Espinas R Soul,
1551,Bistro R Cap,
1552,Vashimu R Cap,
1553,Vashimu R Cap Yellow,
1554,Vashimu R Cap Green,
1555,Vashimu R Cap Crimson,
1556,Lavasioth R Cap,
1557,King Beetle L Vertex,
1558,Gen L Helm,
1559,Vashimu R Helm,
1560,Vashimu R Helm Yellow,
1561,Vashimu R Helm Green,
1562,Vashimu R Helm Crimson,
1563,Inari FX Kabuto,
1564,Tamamo FX【御面】,
1565,Eques FX Helm,
1566,Eques FX Cap,
1567,Noir F Piercing,
1568,ダミー,
1569,Himeros F Helm,
1570,Bureshisu F Helm,
1571,Charien F Cap,
1572,Kyoukan Mask,
1573,Kyoukan Mask F,
1574,Espi Mask・Green,
1575,Espi F Mask・Green,
1576,Espi Mask・Tea,
1577,Espi F Mask・Tea,
1578,Espi Mask・White,
1579,Espi F Mask・White,
1580,Inari FX【Eboshi】,
1581,Tamamo FX【覆面】,
1582,Guren Head,
1583,Guren F Head,
1584,Guren Cap,
1585,Guren F Cap,
1586,Garnet Helm,
1587,Garnet F Helm,
1588,Garnet FX Helm,
1589,Amethyst Helm,
1590,Amethyst F Helm,
1591,Amethyst FX Helm,
1592,Coral Helm,
1593,Coral F Helm,
1594,Coral FX Helm,
1595,Quartz Helm,
1596,Quartz F Helm,
1597,Quartz FX Helm,
1598,Ruby Helm,
1599,Ruby F Helm,
1600,Ruby FX Helm,
1601,Sapphire Helm,
1602,Sapphire F Helm,
1603,Sapphire FX Helm,
1604,Emerald Helm,
1605,Emerald F Helm,
1606,Emerald FX Helm,
1607,Pearl Helm,
1608,Pearl F Helm,
1609,Pearl FX Helm,
1610,Topaz Cap,
1611,Topaz F Cap,
1612,Topaz FX Cap,
1613,Tourmaline Cap,
1614,Tourmaline F Cap,
1615,Tourmaline FX Cap,
1616,Lapis Cap,
1617,Lapis F Cap,
1618,Lapis FX Cap,
1619,Beru FX Helm,
1620,Beru FX Cap,
1621,Apkallu F Helm,
1622,Apkallu F Cap,
1623,Mixes Helm,
1624,Mixes F Helm,
1625,Mixes Cap,
1626,Mixes F Cap,
1627,Atra Helm,
1628,Atra F Helm,
1629,Atra Cap,
1630,Atra F Cap,
1631,レグラバンダー,
1632,レグラバンダーF,
1633,レグラ Scarf,
1634,レグラ Scarf F,
1635,Fellow バンダー,
1636,Fellow バンダーF,
1637,Fellow Scarf,
1638,Fellow Scarf F,
1639,Mirado Head,
1640,Mirado F Head,
1641,Mirado Piercing,
1642,Mirado F Piercing,
1643,Deyuru Helm,
1644,Deyuru F Helm,
1645,Deyuru Cap,
1646,Deyuru F Cap,
1647,クルシッド Helm,
1648,クルシッドF Helm,
1649,ヴェロシ Helm,
1650,ヴェロシF Helm,
1651,ケプト Helm,
1652,ケプトF Helm,
1653,ハウット Mask,
1654,ハウットF Mask,
1655,ヴェンガ Helm,
1656,ヴェンガF Helm,
1657,スプリン Helm,
1658,スプリンF Helm,
1659,マシャル Helm,
1660,マシャルF Helm,
1661,ペンブル Mask,
1662,ペンブルF Mask,
1663,Regelia Helm・White,
1664,Regelia F Helm・White,
1665,Regelia Mask・White,
1666,Regelia F Mask・White,
1667,Regelia Helm・Red,
1668,Regelia F Helm・Red,
1669,Regelia Mask・Red,
1670,Regelia F Mask・Red,
1671,Regelia Helm・Green,
1672,Regelia F Helm・Green,
1673,Regelia Mask・Green,
1674,Regelia F Mask・Green,
1675,Regelia Helm・Blue,
1676,Regelia F Helm・Blue,
1677,Regelia Mask・Blue,
1678,Regelia F Mask・Blue,
1679,ゴラエス Helm,
1680,ゴラエスF Helm,
1681,バシリス Helm,
1682,バシリスF Helm,
1683,インジン Helm,
1684,インジンF Helm,
1685,Dexter Mask,
1686,Dexter F Mask,
1687,ジャッグ Helm,
1688,ジャッグF Helm,
1689,コンシラ Helm,
1690,コンシラF Helm,
1691,Predator Helm,
1692,Predator F Helm,
1693,プリジド Mask,
1694,プリジドF Mask,
1695,Suriito Head・Yellow,
1696,Suriito F Head・Yellow,
1697,Suriito Haar・Yellow,
1698,Suriito F Haar・Yellow,
1699,Suriito Head・Silver,
1700,Suriito F Head・Silver,
1701,Suriito Haar・Silver,
1702,Suriito F Haar・Silver,
1703,Suriito Head・Red,
1704,Suriito F Head・Red,
1705,Suriito Haar・Red,
1706,Suriito F Haar・Red,
1707,Suriito Head・Blue,
1708,Suriito F Head・Blue,
1709,Suriito Haar・Blue,
1710,Suriito F Haar・Blue,
1711,Camarera Head,
1712,Camarera F Head,
1713,Camarera Haar,
1714,Camarera F Haar,
1715,Plesioth Helm SP Black,
1716,Plesioth Helm SP Yellow,
1717,Plesioth Helm SP Purple,
1718,Plesioth Cap SP Black,
1719,Plesioth Cap SP Yellow,
1720,Plesioth Cap SP Purple,
1721,Gypceros Cap SP Red,
1722,Gypceros Cap SP Yellow,
1723,Gypceros Cap SP Green,
1724,Post-Festivities【Winning Cat】,
1725,Post-Festivities【Winning Cat】,
1726,Post-Festivities【Winning Cat】,
1727,Post-Festivities【Winning Cat】,
1728,Post-Festivities【Winning Cat】,
1729,Post-Festivities【Winning Cat】,
1730,Post-Festivities【Winning Cat】,
1731,Post-Festivities【Winning Cat】,
1732,Post-Festivities【Winning Cat】,
1733,Post-Festivities【Winning Cat】,
1734,Post-Festivities【Winning Cat】,
1735,Post-Festivities【Winning Cat】,
1736,Post-Festivities【Winning Cat】,
1737,Post-Festivities【Winning Cat】,
1738,Post-Festivities【Winning Cat】,
1739,Post-Festivities【Winning Cat】,
1740,Post-Festivities【Winning Cat】,
1741,Post-Festivities【Winning Cat】,
1742,Post-Festivities【Winning Cat】,
1743,Post-Festivities【Winning Cat】,
1744,Post-Festivities【Winning Cat】,
1745,Post-Festivities【Winning Cat】,
1746,Post-Festivities【Winning Cat】,
1747,Post-Festivities【Winning Cat】,
1748,Post-Festivities【Winning Cat】,
1749,Post-Festivities【Winning Cat】,
1750,Post-Festivities【Winning Cat】,
1751,Post-Festivities【Winning Cat】,
1752,Post-Festivities【Winning Cat】,
1753,Post-Festivities【Winning Cat】,
1754,Post-Festivities【Winning Cat】,
1755,Post-Festivities【Winning Cat】,
1756,Post-Festivities【Winning Cat】,
1757,Post-Festivities【Winning Cat】,
1758,Post-Festivities【Winning Cat】,
1759,Post-Festivities【Winning Cat】,
1760,Post-Festivities【Winning Cat】,
1761,Post-Festivities【Winning Cat】,
1762,Post-Festivities【Winning Cat】,
1763,Post-Festivities【Winning Cat】,
1764,Post-Festivities【Winning Cat】,
1765,Post-Festivities【Winning Cat】,
1766,Post-Festivities【Winning Cat】,
1767,Post-Festivities【Winning Cat】,
1768,Post-Festivities【Winning Cat】,
1769,Post-Festivities【Winning Cat】,
1770,Post-Festivities【Winning Cat】,
1771,Post-Festivities【Winning Cat】,
1772,Post-Festivities【Winning Cat】,
1773,Post-Festivities【Winning Cat】,
1774,Post-Festivities【Winning Cat】,
1775,Post-Festivities【Winning Cat】,
1776,Post-Festivities【Winning Cat】,
1777,Post-Festivities【Winning Cat】,
1778,Post-Festivities【Winning Cat】,
1779,Post-Festivities【Winning Cat】,
1780,Post-Festivities【Winning Cat】,
1781,Post-Festivities【Winning Cat】,
1782,Post-Festivities【Winning Cat】,
1783,Post-Festivities【Winning Cat】,
1784,Post-Festivities【Winning Cat】,
1785,Post-Festivities【Winning Cat】,
1786,Post-Festivities【Winning Cat】,
1787,Post-Festivities【Winning Cat】,
1788,Post-Festivities【Winning Cat】,
1789,Post-Festivities【Winning Cat】,
1790,Post-Festivities【Winning Cat】,
1791,Post-Festivities【Winning Cat】,
1792,Post-Festivities【Winning Cat】,
1793,Post-Festivities【Winning Cat】,
1794,Post-Festivities【Winning Cat】,
1795,Post-Festivities【Winning Cat】,
1796,Post-Festivities【Winning Cat】,
1797,Post-Festivities【Winning Cat】,
1798,Post-Festivities【Winning Cat】,
1799,Post-Festivities【Winning Cat】,
1800,Post-Festivities【Winning Cat】,
1801,Post-Festivities【Winning Cat】,
1802,Post-Festivities【Winning Cat】,
1803,Post-Festivities【Winning Cat】,
1804,ダミー,
1805,ダミー,
1806,White Fatalis R Head,
1807,G・Lune R Cap,
1808,S・Sol R Cap,
1809,Death Stench L Soul,
1810,Leather L Helm,
1811,Chainmail L Helm,
1812,Ceanataur R Cap,
1813,Diablos R Cap,
1814,Blango R Cap,
1815,Conga R Helm,
1816,Conga R Cap,
1817,Hypnoc R Cap,
1818,Monodevil R Cap,
1819,Plesioth R Helm,
1820,Guren Beretta,
1821,Guren Beretta F,
1822,Santa F Head,
1823,フェリ Helm,
1824,フェリF Helm,
1825,フェリ Cap,
1826,フェリF Cap,
1827,テネール Head,
1828,テネールF Head,
1829,テネール Band,
1830,テネールF Band,
1831,Rider Head B,
1832,Rising Head B,
1833,Rider Mask B,
1834,Rising Mask B,
1835,Rider Head R,
1836,Rising Head R,
1837,Rider Mask R,
1838,Rising Mask R,
1839,Rider Head Y,
1840,Rising Head Y,
1841,Rider Mask Y,
1842,Rising Mask Y,
1843,Rider Head G,
1844,Rising Head G,
1845,Rider Mask G,
1846,Rising Mask G,
1847,Moose Head,
1848,Robust Glare,
1849,Robust F Glare,
1850,Robust Face,
1851,Robust F Face,
1852,Kukubo Head,
1853,Kukubo F Head,
1854,Kukubo Cap,
1855,Kukubo F Cap,
1856,Erupe Beretta,
1857,Erupe Beretta F,
1858,ガロン Corsage,
1859,ガロン Corsage F,
1860,Ravi Corsage,
1861,Ravi Corsage F,
1862,Falco Helm,
1863,Falco F Helm,
1864,Falco Cap,
1865,Falco F Cap,
1866,ヴェスナ Head,
1867,ヴェスナF Head,
1868,ベラノ Head,
1869,ベラノF Head,
1870,カリフ Head,
1871,カリフF Head,
1872,シター Mask,
1873,シターF Mask,
1874,コンセト Head,
1875,コンセトF Head,
1876,バステル Head,
1877,バステルF Head,
1878,カタフ Head,
1879,カタフF Head,
1880,ハネツァ Mask,
1881,ハネツァF Mask,
1882,Bunny Band・Black,
1883,Bunny F Band・Black,
1884,Bunny Head・Black,
1885,Bunny F Head・Black,
1886,Bunny Band・White,
1887,Bunny F Band・White,
1888,Bunny Head・White,
1889,Bunny F Head・White,
1890,Bunny Band・Red,
1891,Bunny F Band・Red,
1892,Bunny Head・Red,
1893,Bunny F Head・Red,
1894,Bunny Band・Purple,
1895,Bunny F Band・Purple,
1896,Bunny Head・Purple,
1897,Bunny F Head・Purple,
1898,昇龍 Hachimaki・White,
1899,昇龍F Hachimaki・White,
1900,波動 Hachimaki・White,
1901,波動F Hachimaki・White,
1902,百裂お団子・Blue,
1903,百裂Fお団子・Blue,
1904,気功お団子・Blue,
1905,気功Fお団子・Blue,
1906,昇龍 Hachimaki・紺,
1907,昇龍F Hachimaki・紺,
1908,波動 Hachimaki・紺,
1909,波動F Hachimaki・紺,
1910,百裂お団子・Black,
1911,百裂Fお団子・Black,
1912,気功お団子・Black,
1913,気功Fお団子・Black,
1914,昇龍 Hachimaki・Yellow,
1915,昇龍F Hachimaki・Yellow,
1916,波動 Hachimaki・Yellow,
1917,波動F Hachimaki・Yellow,
1918,百裂お団子・Yellow,
1919,百裂Fお団子・Yellow,
1920,気功お団子・Yellow,
1921,気功Fお団子・Yellow,
1922,昇龍 Hachimaki・Purple,
1923,昇龍F Hachimaki・Purple,
1924,波動 Hachimaki・Purple,
1925,波動F Hachimaki・Purple,
1926,百裂お団子・Green,
1927,百裂Fお団子・Green,
1928,気功お団子・Green,
1929,気功Fお団子・Green,
1930,Steno Helm・Orange,
1931,Steno F Helm・Orange,
1932,Steno Cap・Orange,
1933,Steno F Cap・Orange,
1934,Steno Helm・Peach,
1935,Steno F Helm・Peach,
1936,Steno Cap・Peach,
1937,Steno F Cap・Peach,
1938,Steno Helm・Blue,
1939,Steno F Helm・Blue,
1940,Steno Cap・Blue,
1941,Steno F Cap・Blue,
1942,Steno Helm・Red,
1943,Steno F Helm・Red,
1944,Steno Cap・Red,
1945,Steno F Cap・Red,
1946,Jumpin' Band,
1947,Jumpin' F Band,
1948,Jumpin' Head,
1949,Jumpin' F Head,
1950,アデュス Helm,
1951,アデュスF Helm,
1952,アデュス Cap,
1953,アデュスF Cap,
1954,Metenera Head,
1955,Metenera F Head,
1956,Metenera Haar,
1957,Metenera F Haar,
1958,Excelle Helm,
1959,Excelle F Helm,
1960,Excelle Cap,
1961,Excelle F Cap,
1962,Pupen Helm,
1963,Pupen F Helm,
1964,Pupen Cap,
1965,Pupen F Cap,
1966,Moss Covered Helm,
1967,Moss Covered F Helm,
1968,Moss Covered Cap,
1969,Moss Covered F Cap,
1970,Kagura Kabuto SP Red,
1971,Kagura Kabuto SP Black,
1972,Kagura Kabuto SP Purple,
1973,Kamiza Hachigane SP Red,
1974,Kamiza Hachigane SP Black,
1975,Kamiza Hachigane SP Purple,
1976,Mosswine Mask SP White,
1977,Mosswine Mask SP Yellow,
1978,Mosswine Mask SP Blue,
1979,King Beetle L Kabuto,
1980,Hypnoc L Helm,
1981,Conga L Helm,
1982,Chainmail R Helm,
1983,Hermitaur R Cap,
1984,Gypceros R Helm,
1985,Gen R Helm,
1986,Shasse Helm,
1987,Shasse Cap,
1988,Gospel F Helm,
1989,Gospel F Cap,
1990,Rouge F Piercing,
1991,Freyja Head,
1992,Freyja Piercing,
1993,Paria FX Helm,
1994,Paria FX Cap,
1995,Guren FX Head,
1996,Guren FX Cap,
1997,Rufus Piercing,
1998,Rufus Piercing F,
1999,シーニー Piercing,
2000,シーニー Piercing F,
2001,Jaune Piercing,
2002,Jaune Piercing F,
2003,アルブス Piercing,
2004,アルブス Piercing F,
2005,Plate Piercing,
2006,Plate Piercing F,
2007,Transcendent Piercing VI,
2008,Transcendent Piercing VII,
2009,Transcendent Piercing VIII,
2010,Transcendent Piercing IX,
2011,Transcendent Piercing X,
2012,猟団員の証【遠撃】,
2013,Transcendent Piercing I,
2014,Transcendent Piercing II,
2015,Transcendent Piercing III,
2016,Transcendent Piercing IV,
2017,Transcendent Piercing V,
2018,Ruko Head,
2019,Ruko F Head,
2020,Ruko Face,
2021,Ruko F Face,
2022,Ruko Beretta,
2023,Ruko Beretta F,
2024,Blitz Horn,
2025,Blitz Corno,
2026,Lils Head,
2027,ダミー,
2028,Lils Cap,
2029,ダミー,
2030,Kagura FX Kabuto,
2031,Kamiza FX Hachigane,
2032,Blue Sky Headguard,
2033,Blue Sky Headguard・魁,
2034,Welkin Headguard,
2035,Welkin Headguard・魁,
2036,Breo Head,
2037,Breo Piercing,
2038,Breo F Head,
2039,Breo F Piercing,
2040,ヴィネン Head,
2041,ヴィネンF Head,
2042,ヴィネン Band,
2043,ヴィネンF Band,
2044,アナトリ Helm,
2045,アナトリ Cap,
2046,Edio Helm・Blue,
2047,Edio F Helm・Blue,
2048,Edio Mask・Blue,
2049,Edio F Mask・Blue,
2050,Edio Helm・Red,
2051,Edio F Helm・Red,
2052,Edio Mask・Red,
2053,Edio F Mask・Red,
2054,Edio Helm・Yellow,
2055,Edio F Helm・Yellow,
2056,Edio Mask・Yellow,
2057,Edio F Mask・Yellow,
2058,Edio Helm・Black,
2059,Edio F Helm・Black,
2060,Edio Mask・Black,
2061,Edio F Mask・Black,
2062,Abitto Head,
2063,Abitto F Head,
2064,Abitto Haar,
2065,Abitto F Haar,
2066,Howx Helm,
2067,Howx F Helm,
2068,Howx Cap,
2069,Howx F Cap,
2070,Pirata Head,
2071,Pirata F Head,
2072,Pirata Cap,
2073,Pirata F Cap,
2074,アレス Head,
2075,アレスF Head,
2076,カリノ Head,
2077,カリノF Head,
2078,ルルス Head,
2079,ルルスF Head,
2080,Nada Hat,
2081,Nada F Hat,
2082,Rosa Head,
2083,Rosa F Head,
2084,Haosu Head,
2085,Haosu F Head,
2086,Miru Head,
2087,Miru F Head,
2088,Pasu Hat,
2089,Pasu F Hat,
2090,Randa Hat・Yellow,
2091,蘭蛮 Hat・Yellow,
2092,Randa Mask・Yellow,
2093,蘭蛮 Mask・Yellow,
2094,Randa Hat・Red,
2095,蘭蛮 Hat・Red,
2096,Randa Mask・Red,
2097,蘭蛮 Mask・Red,
2098,Randa Hat・Purple,
2099,蘭蛮 Hat・Purple,
2100,Randa Mask・Purple,
2101,蘭蛮 Mask・Purple,
2102,Randa Hat・Gold,
2103,蘭蛮 Hat・Gold,
2104,Randa Mask・Gold,
2105,蘭蛮 Mask・Gold,
2106,竜巻 Hachimaki・Black,
2107,竜巻F Hachimaki・Black,
2108,True 空 Hachimaki・Black,
2109,True 空F Hachimaki・Black,
2110,千裂お団子・Black,
2111,千裂Fお団子・Black,
2112,覇山お団子・Black,
2113,覇山Fお団子・Black,
2114,竜巻 Hachimaki・Tea,
2115,竜巻F Hachimaki・Tea,
2116,True 空 Hachimaki・Tea,
2117,True 空F Hachimaki・Tea,
2118,千裂お団子・Purple,
2119,千裂Fお団子・Purple,
2120,覇山お団子・Purple,
2121,覇山Fお団子・Purple,
2122,竜巻 Hachimaki・White,
2123,竜巻F Hachimaki・White,
2124,True 空 Hachimaki・White,
2125,True 空F Hachimaki・White,
2126,千裂お団子・White,
2127,千裂Fお団子・White,
2128,覇山お団子・White,
2129,覇山Fお団子・White,
2130,竜巻 Hachimaki・Blue,
2131,竜巻F Hachimaki・Blue,
2132,True 空 Hachimaki・Blue,
2133,True 空F Hachimaki・Blue,
2134,千裂お団子・Green,
2135,千裂Fお団子・Green,
2136,覇山お団子・Green,
2137,覇山Fお団子・Green,
2138,正拳 Hachimaki,
2139,正拳F Hachimaki,
2140,灼熱 Hachimaki,
2141,灼熱F Hachimaki,
2142,龍星お団子,
2143,龍星Fお団子,
2144,虎襲お団子,
2145,虎襲Fお団子,
2146,旋風 Hachimaki,
2147,旋風F Hachimaki,
2148,巴 Hachimaki,
2149,巴F Hachimaki,
2150,Heaven 空お団子,
2151,Heaven 空Fお団子,
2152,Heaven 昇お団子,
2153,Heaven 昇Fお団子,
2154,Jeamu Helm,
2155,Jeamu F Helm,
2156,Amyusu Helm,
2157,Amyusu F Helm,
2158,Clevan Helm,
2159,Clevan F Helm,
2160,Meterosu Mask,
2161,Meterosu F Mask,
2162,Shipureru Helm,
2163,Shipureru F Helm,
2164,Toresupa Helm,
2165,Toresupa F Helm,
2166,Suteraru Helm,
2167,Suteraru F Helm,
2168,Hakyura Mask,
2169,Hakyura F Mask,
2170,Orutemo F Head,
2171,Orutemo F Hat,
2172,Shinobi Mask・陰 SP Yellow,
2173,Shinobi Mask・陰 SP Red,
2174,Shinobi Mask・陰 SP Blue,
2175,K.Lobster Helm SP Black,
2176,K.Lobster Helm SP Green,
2177,K.Lobster Helm SP Blue,
2178,K.Lobster Hat SP Black,
2179,K.Lobster Hat SP Green,
2180,K.Lobster Hat SP Blue,
2181,Dyura Corsage,
2182,Dyura Corsage F,
2183,Guren Corsage,
2184,Guren Corsage F,
2185,Vol Admiral,
2186,Vol Yamato,
2187,Vol Legend,
2188,Vol Apocalypse,
2189,ダンシン Piercing,
2190,ダンシン Piercing F,
2191,アメニケ Piercing,
2192,アメニケ Piercing F,
2193,Sowilo Piercing,
2194,Sowilo F Piercing,
2195,Ansuz Piercing,
2196,Ansuz F Piercing,
2197,Eolh Piercing,
2198,Eolh F Piercing,
2199,Laguz Piercing,
2200,Laguz F Piercing,
2201,Gebo Piercing,
2202,Gebo F Piercing,
2203,Teiwaz Piercing,
2204,Teiwaz F Piercing,
2205,Uruz Piercing,
2206,Uruz F Piercing,
2207,Eihwaz Piercing,
2208,Eihwaz F Piercing,
2209,Aneshisu F Helm,
2210,Aneshisu F Cap,
2211,Buran F Head,
2212,Buran F Piercing,
2213,Zwinger Head,
2214,Zwinger Mask,
2215,Demon Lord Horn・魁,
2216,童子ノ角・魁,
2217,Melan F Head,
2218,Melan F Wig,
2219,Buto F Head,
2220,Ocean Piercing,
2221,Sky Piercing,
2222,Earth Piercing,
2223,Himeros FX Helm,
2224,Charien FX Cap,
2225,Bureshisu FX Helm,
2226,High Metal R Helm・Gold,
2227,High Metal R Helm・Silver,
2228,High Metal R Helm・Copper,
2229,Rathalos LX Helm,
2230,Rath Soul RX Helm,
2231,Khezu LX Helm,
2232,Khezu RX Helm,
2233,High Metal LX Helm,
2234,High Metal RX Helm,
2235,Hornetaur LX Cap,
2236,Hornetaur RX Cap,
2237,Orutemo F Piercing,
2238,Orutemo F Haar,
2239,Beru ドラR Helm,
2240,Beru ドラR Cap,
2241,Flame Crown,
2242,Flame Mask,
2243,Noon Glow Headguard,
2244,夕茜ノ Headguard,
2245,Poogie Crown,
2246,Poogie F Crown,
2247,Poogie Symbol,
2248,Poogie F Symbol,
2249,Mandora Helm,
2250,Mandora F Helm,
2251,Mandora Hat,
2252,Mandora F Hat,
2253,Aonoko Helm,
2254,Aonoko F Helm,
2255,Aonoko Hat,
2256,Aonoko F Hat,
2257,Zeroi Head,
2258,Zeroi F Head,
2259,Zeroi Cap,
2260,Zeroi F Cap,
2261,Rail Helm,
2262,Rail F Helm,
2263,Rail Cap,
2264,Rail F Cap,
2265,Rudeos Helm,
2266,Rudeos F Helm,
2267,Rudeos Cap,
2268,Rudeos F Cap,
2269,Orchesis Helm,
2270,Orchesis F Helm,
2271,Orchesis Cap,
2272,Orchesis F Cap,
2273,フルイト Helm,
2274,フルイトF Helm,
2275,ゲレオン Helm,
2276,ゲレオンF Helm,
2277,ケック Helm,
2278,ケックF Helm,
2279,ヘンフロ Cap,
2280,ヘンフロF Cap,
2281,フリゲト Helm,
2282,フリゲトF Helm,
2283,バーク Helm,
2284,バークF Helm,
2285,ブリガン Helm,
2286,ブリガンF Helm,
2287,プラム Cap,
2288,プラムF Cap,
2289,Maisto Head・Crimson,
2290,Maisto F Head・Crimson,
2291,Maisto Hat・Crimson,
2292,Maisto F Hat・Crimson,
2293,Maisto Head・Green,
2294,Maisto F Head・Green,
2295,Maisto Hat・Green,
2296,Maisto F Hat・Green,
2297,Maisto Head・Green,
2298,Maisto F Head・Green,
2299,Maisto Hat・Green,
2300,Maisto F Hat・Green,
2301,Maisto Head・Pink,
2302,Maisto F Head・Pink,
2303,Maisto Hat・Pink,
2304,Maisto F Hat・Pink,
2305,Wagune Head,
2306,Wagune F Head,
2307,Wagune Cap,
2308,Wagune F Cap,
2309,Pistis F Head,
2310,Pistis F Hat,
2311,Hypnoc Helm SP Green,
2312,Hypnoc Helm SP Red,
2313,Hypnoc Helm SP Yellow,
2314,Beru Helm SP Black,
2315,Beru Helm SP Red,
2316,Beru Helm SP Purple,
2317,Beru Cap SP Black,
2318,Beru Cap SP Red,
2319,Beru Cap SP Purple,
2320,Erupe Corsage,
2321,Erupe Corsage F,
2322,Ruko Corsage,
2323,Ruko Corsage F,
2324,Ena Piercing I,
2325,Ena F Piercing I,
2326,Ena Piercing II,
2327,Ena F Piercing II,
2328,Ena Piercing III,
2329,Ena F Piercing III,
2330,Ena Piercing IV,
2331,Ena F Piercing IV,
2332,Ena Piercing V,
2333,Ena F Piercing V,
2334,Ena Piercing VI,
2335,Ena F Piercing VI,
2336,Ena Piercing VII,
2337,Ena F Piercing VII,
2338,Ena Piercing VIII,
2339,Ena F Piercing VIII,
2340,Rurudi Head,
2341,Rurudi Piercing,
2342,Arc F Helm,
2343,Arc F Cap,
2344,Strega FX Helm,
2345,Strega FX Cap,
2346,Rath Heart RX Helm,
2347,Rathian LX Helm,
2348,Vespoid RX Cap,
2349,Vespoid LX Cap,
2350,Hermitaur RX Helm,
2351,Hermitaur LX Helm,
2352,Diablos RX Helm,
2353,Diablos LX Helm,
2354,リリオ Helm,
2355,フレサ Helm,
2356,クラ Beru Helm,
2357,シルエラ Helm,
2358,カメ Lea Helm,
2359,ハシント Helm,
2360,セレソ Helm,
2361,オリバ Helm,
2362,ラウレル Cap,
2363,ココ Cap,
2364,グラナダ Cap,
2365,アトロ Head,
2366,アトロF Head,
2367,アトロ Band,
2368,アトロF Band,
2369,Gogomoa Helm,
2370,Gogomoa F Helm,
2371,Gogomoa Cap,
2372,Gogomoa F Cap,
2373,Gogomoa Beretta,
2374,Gogomoa Beretta F,
2375,Wadatsumi【Eboshi】,
2376,Okami【Eboshi】,
2377,Diina Head,
2378,Diina F Head,
2379,True Shadow Headguard,
2380,True Shadow Headguard・魁,
2381,翔影ノ Headguard,
2382,翔影ノ Headguard・魁,
2383,Black Tiger Headguard,
2384,Black 豹ノ Headguard,
2385,刹帝利ノ角,
2386,婆羅門ノ角,
2387,Galitos Head・Tea,
2388,Galitos F Head・Tea,
2389,Galitos Band・Tea,
2390,Galitos F Band・Tea,
2391,Galitos Head・Red,
2392,Galitos F Head・Red,
2393,Galitos Band・Red,
2394,Galitos F Band・Red,
2395,Galitos Head・Black,
2396,Galitos F Head・Black,
2397,Galitos Band・Black,
2398,Galitos F Band・Black,
2399,Galitos Head・Water,
2400,Galitos F Head・Water,
2401,Galitos Band・Water,
2402,Galitos F Band・Water,
2403,Riburi Head,
2404,Riburi F Head,
2405,Riburi FZ Head,
2406,Riburi Haar,
2407,Riburi F Haar,
2408,Riburi FZ Haar,
2409,Ridere Helm,
2410,Ridere F Helm,
2411,Ridere Cap,
2412,Ridere F Cap,
2413,Riot Helm,
2414,Riot F Helm,
2415,Riot Cap,
2416,Riot F Cap,
2417,スケ Ina Helm,
2418,スケ Ina F Helm,
2419,ミッシナ Helm,
2420,ミッシナF Helm,
2421,プリース Helm,
2422,プリースF Helm,
2423,レキトリ Cap,
2424,レキトリF Cap,
2425,マドニカ Helm,
2426,マドニカF Helm,
2427,ヴィリヤ Helm,
2428,ヴィリヤF Helm,
2429,ラプラル Helm,
2430,ラプラルF Helm,
2431,サザール Cap,
2432,サザールF Cap,
2433,Truss Montera Blue,
2434,Truss F Montera Blue,
2435,Truss Bikoonu Blue,
2436,Truss F Bikoonu Blue,
2437,Truss Montera Red,
2438,Truss F Montera Red,
2439,Truss Bikoonu Red,
2440,Truss F Bikoonu Red,
2441,Truss Montera White,
2442,Truss F Montera White,
2443,Truss Bikoonu White,
2444,Truss F Bikoonu White,
2445,Truss Montera Purple,
2446,Truss F Montera Purple,
2447,Truss Bikoonu Purple,
2448,Truss F Bikoonu Purple,
2449,Demon Head Blue,
2450,Demon F Head Blue,
2451,Chaos Head Blue,
2452,Chaos F Head Blue,
2453,Demon Head Red,
2454,Demon F Head Red,
2455,Chaos Head Red,
2456,Chaos F Head Red,
2457,Demon Head Green,
2458,Demon F Head Green,
2459,Chaos Head Green,
2460,Chaos F Head Green,
2461,Demon Head White,
2462,Demon F Head White,
2463,Chaos Head White,
2464,Chaos F Head White,
2465,Shadow Wig Purple,
2466,Shadow F Wig Purple,
2467,Soul Wig Purple,
2468,Soul F Wig Purple,
2469,Shadow Wig Red,
2470,Shadow F Wig Red,
2471,Soul Wig Red,
2472,Soul F Wig Red,
2473,Shadow Wig Green,
2474,Shadow F Wig Green,
2475,Soul Wig Green,
2476,Soul F Wig Green,
2477,Shadow Wig White,
2478,Shadow F Wig White,
2479,Soul Wig White,
2480,Soul F Wig White,
2481,フィディ Helm,
2482,エピディ Helm,
2483,ヴェルフィ Helm,
2484,ヴェルフィ Cap,
2485,テリオグ Helm,
2486,テリオグ Cap,
2487,Kurossu Head,
2488,Kurossu F Head,
2489,Kurossu Hat,
2490,Kurossu F Hat,
2491,セケン Piercing I,
2492,セケンF Piercing I,
2493,セケン Piercing II,
2494,セケンF Piercing II,
2495,セケン Piercing III,
2496,セケンF Piercing III,
2497,セケン Piercing IV,
2498,セケンF Piercing IV,
2499,セケン Piercing V,
2500,セケンF Piercing V,
2501,セケン Piercing VI,
2502,セケンF Piercing VI,
2503,セケン Piercing VII,
2504,セケンF Piercing VII,
2505,セケン Piercing VIII,
2506,セケンF Piercing VIII,
2507,ダミー,
2508,ダミー,
2509,ダミー,
2510,ダミー,
2511,Shieri FX Helm,
2512,Shieri FX Cap,
2513,Craft FX Head,
2514,Craft FX Piercing,
2515,Moss Covered FX Helm,
2516,Moss Covered FX Cap,
2517,Excelle FX Helm,
2518,Excelle FX Cap,
2519,Blue Sky Headguard・True,
2520,Welkin Headguard・True,
2521,ビステマ Head,
2522,Rath Duo F Helm,
2523,Rath Duo F Cap,
2524,ロークF Helm,
2525,ロークF Cap,
2526,Buruho F Head・Blue,
2527,マー Gear F Hat・Blue,
2528,Gogomoa FX Helm,
2529,Gogomoa FX Cap,
2530,Kuraaji FX Helm,
2531,Kuraaji FX Cap,
2532,Zaakaa FX Head,
2533,Chaser FX Cap,
2534,Abitto FZ Head,
2535,Abitto FZ Haar,
2536,Arge FZ Head,
2537,Arge FZ Haar,
2538,Camarera FZ Head,
2539,Camarera FZ Haar,
2540,Metenera FZ Head,
2541,Metenera FZ Haar,
2542,Ruko FX Head,
2543,Ruko FX Face,
2544,Vashimu Charm,
2545,Vashimu Charm F,
2546,Vashimu Charm SP,
2547,Beru Charm,
2548,Beru Charm F,
2549,Beru Charm SP,
2550,Pariapuria Charm,
2551,Pariapuria Charm F,
2552,Pariapuria Charm SP,
2553,Rookie Piercing,
2554,Zamuza Helm,
2555,Zamuza F Helm,
2556,Zamuza FX Helm,
2557,Zamuza Cap,
2558,Zamuza F Cap,
2559,Zamuza FX Cap,
2560,Abiorugu Helm,
2561,Abiorugu F Helm,
2562,Abiorugu FX Helm,
2563,Abiorugu Cap,
2564,Abiorugu F Cap,
2565,Abiorugu FX Cap,
2566,Black Belt Helm SP White,
2567,Black Belt Helm SP Black,
2568,Black Belt Helm SP Blue,
2569,Apkallu Helm SP White,
2570,Apkallu Helm SP Green,
2571,Apkallu Helm SP Yellow,
2572,Cepha LX Helm,
2573,Blango LX Helm,
2574,Gravios LX Helm,
2575,Bone LX Cap,
2576,Cepha RX Helm,
2577,Blango RX Helm,
2578,Gravios RX Helm,
2579,Bone RX Cap,
2580,White Snake Headguard,
2581,White Snake Headguard・魁,
2582, White 鳥ノ Headguard,
2583,White 鳥ノ Headguard・魁,
2584,Kakabu Head,
2585,Kakabu Cap,
2586,Onero Helm,
2587,Onero Cap,
2588,Jyaga Helm,
2589,Jyaga Cap,
2590,Omet Helm・Black,
2591,Omet F Helm・Black,
2592,Omet Mask・Black,
2593,Omet F Mask・Black,
2594,Omet Helm・Red,
2595,Omet F Helm・Red,
2596,Omet Mask・Red,
2597,Omet F Mask・Red,
2598,Omet Helm・White,
2599,Omet F Helm・White,
2600,Omet Mask・White,
2601,Omet F Mask・White,
2602,Omet Helm・Blue,
2603,Omet F Helm・Blue,
2604,Omet Mask・Blue,
2605,Omet F Mask・Blue,
2606,Rutare Helm,
2607,Rutare F Helm,
2608,Rutare Cap,
2609,Rutare F Cap,
2610,Rolling Flow Headguard,
2611,Rolling Flow Headguard・魁,
2612,旋転の Headguard,
2613,旋転の Headguard・魁,
2614,厳岩 Hat,
2615,厳岩 Hat・魁,
2616,不破 Hat,
2617,不破 Hat・魁,
2618,無想 Hat,
2619,無想 Hat・魁,
2620,俊激 Mask,
2621,俊激 Mask・魁,
2622,Suifudo Head,
2623,Suifudo F Head,
2624,Merodesu Head,
2625,Merodesu F Head,
2626,Sumatosu Head,
2627,Sumatosu F Head,
2628,Passhio Haar,
2629,Passhio F Haar,
2630,Cultu Piercing・Ash,
2631,Cultu F Piercing・Ash,
2632,Cultu Haar・Ash,
2633,Cultu F Haar・Ash,
2634,Cultu Piercing・Blue,
2635,Cultu F Piercing・Blue,
2636,Cultu Haar・Blue,
2637,Cultu F Haar・Blue,
2638,Cultu Piercing・Orange,
2639,Cultu F Piercing・Orange,
2640,Cultu Haar・Orange,
2641,Cultu F Haar・Orange,
2642,Cultu Piercing・Green,
2643,Cultu F Piercing・Green,
2644,Cultu Haar・Green,
2645,Cultu F Haar・Green,
2646,Jisutoreru F Head,
2647,Risaaza F Head,
2648,Risaaza F Mask,
2649,Text FZ Head・Purple,
2650,Text FZ Head・Green,
2651,Text FZ Head・Blue,
2652,Text FZ Head・Black,
2653,Text FZ Mask・Purple,
2654,Text FZ Mask・Green,
2655,Text FZ Mask・Blue,
2656,Text FZ Mask・Black,
2657,Suriito FZ Head・Yellow,
2658,Suriito FZ Head・Silver,
2659,Suriito FZ Head・Red,
2660,Suriito FZ Head・Blue,
2661,Suriito FZ Haar・Yellow,
2662,Suriito FZ Haar・Silver,
2663,Suriito FZ Haar・Red,
2664,Suriito FZ Haar・Blue,
2665,Steno FZ Helm・Orange,
2666,Steno FZ Helm・Peach,
2667,Steno FZ Helm・Blue,
2668,Steno FZ Helm・Red,
2669,Steno FZ Cap・Orange,
2670,Steno FZ Cap・Peach,
2671,Steno FZ Cap・Blue,
2672,Steno FZ Cap・Red,
2673,Edio FZ Helm・Blue,
2674,Edio FZ Helm・Red,
2675,Edio FZ Helm・Yellow,
2676,Edio FZ Helm・Black,
2677,Edio FZ Mask・Blue,
2678,Edio FZ Mask・Red,
2679,Edio FZ Mask・Yellow,
2680,Edio FZ Mask・Black,
2681,Galitos FZ Head・Tea,
2682,Galitos FZ Head・Red,
2683,Galitos FZ Head・Black,
2684,Galitos FZ Head・Water,
2685,Galitos FZ Band・Tea,
2686,Galitos FZ Band・Red,
2687,Galitos FZ Band・Black,
2688,Galitos FZ Band・Water,
2689,Abiorugu Beretta,
2690,Abiorugu Beretta F,
2691,Erupe Mask,
2692,Erupe Mask F,
2693,Brooke Mask,
2694,Brooke Mask F,
2695,Gogomoa Corsage,
2696,Gogomoa Corsage F,
2697,ジオ Piercing I,
2698,ジオF Piercing I,
2699,ジオ Piercing II,
2700,ジオF Piercing II,
2701,ジオ Piercing III,
2702,ジオF Piercing III,
2703,ジオ Piercing IV,
2704,ジオF Piercing IV,
2705,ジオ Piercing V,
2706,ジオF Piercing V,
2707,ジオ Piercing VI,
2708,ジオF Piercing VI,
2709,ジオ Piercing VII,
2710,ジオF Piercing VII,
2711,ジオ Piercing VIII,
2712,ジオF Piercing VIII,
2713,Beil F Earrings,
2714,Ahaba ー Piercing,
2715,Ahaba ーF Piercing,
2716,クローニー Piercing,
2717,クローニーF Piercing,
2718,Dummy,
2719,Zamuza Beretta,
2720,Zamuza Beretta F,
2721,Jess Helm,
2722,Jess F Helm,
2723,Jess FY Helm,
2724,Jess HC Helm,
2725,Jess Cap,
2726,Jess F Cap,
2727,Jess FY Cap,
2728,Jess HC Cap,
2729,Eques HC Helm,
2730,Eques HC Cap,
2731,Kuraaji HC Helm,
2732,Kuraaji HC Cap,
2733,Melan FY Head,
2734,Melan HC Head,
2735,Melan FY Wig,
2736,Melan HC Wig,
2737,Harubadaa FY Head,
2738,Harubadaa HC Head,
2739,Tracker FY Cap,
2740,Tracker HC Cap,
2741,Omet FZ Helm・Black,
2742,Omet FZ Mask・Black,
2743,Omet FZ Helm・Red,
2744,Omet FZ Mask・Red,
2745,Omet FZ Helm・White,
2746,Omet FZ Mask・White,
2747,Omet FZ Helm・Blue,
2748,Omet FZ Mask・Blue,
2749,Cultu FZ Piercing・Ash,
2750,Cultu FZ Haar・Ash,
2751,Cultu FZ Piercing・Blue,
2752,Cultu FZ Haar・Blue,
2753,Cultu FZ Piercing・Orange,
2754,Cultu FZ Haar・Orange,
2755,Cultu FZ Piercing・Green,
2756,Cultu FZ Haar・Green,
2757,Cultu HC Piercing・Ash,
2758,Cultu HC Haar・Ash,
2759,Cultu HC Piercing・Blue,
2760,Cultu HC Haar・Blue,
2761,Cultu HC Piercing・Orange,
2762,Cultu HC Haar・Orange,
2763,Cultu HC Piercing・Green,
2764,Cultu HC Haar・Green,
2765,Gauss FZ Helm,
2766,Weber FZ Helm,
2767,Gilbert FZ Helm,
2768,Gauss FZ Mask,
2769,Weber FZ Mask,
2770,Gilbert FZ Mask,
2771,Gauss HC Helm,
2772,Weber HC Helm,
2773,Gilbert HC Helm,
2774,Gauss HC Mask,
2775,Weber HC Mask,
2776,Gilbert HC Mask,
2777,Shaln FZ Head・Blue,
2778,Shaln HC Head・Blue,
2779,Shaln FZ Hat・Blue,
2780,Shaln HC Hat・Blue,
2781,Shaln FZ Head・Green,
2782,Shaln HC Head・Green,
2783,Shaln FZ Hat・Green,
2784,Shaln HC Hat・Green,
2785,Shaln FZ Head・Purple,
2786,Shaln HC Head・Purple,
2787,Shaln FZ Hat・Purple,
2788,Shaln HC Hat・Purple,
2789,Shaln FZ Head・White,
2790,Shaln HC Head・White,
2791,Shaln FZ Hat・White,
2792,Shaln HC Hat・White,
2793,ダミー,
2794,ダミー,
2795,ダミー,
2796,ダミー,
2797,ダミー,
2798,ダミー,
2799,ダミー,
2800,ダミー,
2801,ダミー,
2802,ダミー,
2803,ダミー,
2804,ダミー,
2805,ダミー,
2806,ダミー,
2807,ダミー,
2808,ダミー,
2809,ダミー,
2810,ダミー,
2811,ダミー,
2812,ダミー,
2813,ダミー,
2814,ダミー,
2815,Kuaru Helm,
2816,Kuaru F Helm,
2817,Kuaru FX Helm,
2818,Kuaru Cap,
2819,Kuaru F Cap,
2820,Kuaru FX Cap,
2821,Wind Glare,
2822,Wind Snarl,
2823,Ruko Head SP White,
2824,Ruko Head SP Blue,
2825,Ruko Head SP Red,
2826,Ruko Face SP White,
2827,Ruko Face SP Blue,
2828,Ruko Face SP Red,
2829,Comrade Helm SP White Red,
2830,Comrade Helm SP White Blue,
2831,Comrade Helm SP White Yellow,
2832,Rubellite Helm,
2833,Rubellite F Helm,
2834,Rubellite FX Helm,
2835,Lazurite Helm,
2836,Lazurite F Helm,
2837,Lazurite FX Helm,
2838,Zircon Helm,
2839,Zircon F Helm,
2840,Zircon FX Helm,
2841,Spinel Helm,
2842,Spinel F Helm,
2843,Spinel FX Helm,
2844,Pyrope Helm,
2845,Pyrope F Helm,
2846,Pyrope FX Helm,
2847,アイオラ Helm,
2848,アイオラF Helm,
2849,アイオラFX Helm,
2850,Jade Helm,
2851,Jade F Helm,
2852,Jade FX Helm,
2853,Agate Helm,
2854,Agate F Helm,
2855,Agate FX Helm,
2856,Citrine Cap,
2857,Citrine F Cap,
2858,Citrine FX Cap,
2859,Peridot Cap,
2860,Peridot F Cap,
2861,Peridot FX Cap,
2862,Turquoise Cap,
2863,Turquoise F Cap,
2864,Turquoise FX Cap,
2865,Valued Word Headguard,
2866,Valued Word Headguard・魁,
2867,Valued Word Headguard・Smart,
2868,Valued Word Headguard・Flower,
2869,式部ノ Headguard,
2870,式部ノ Headguard・魁,
2871,式部ノ Headguard・Smart,
2872,式部ノ Headguard・Flower,
2873,Aruru Head,
2874,Aruru F Head,
2875,Aruru FY Head,
2876,Aruru HC Head,
2877,Aruru Cap,
2878,Aruru F Cap,
2879,Aruru FY Cap,
2880,Aruru HC Cap,
2881,Oorowa Helm,
2882,Oorowa F Helm,
2883,Oorowa FY Helm,
2884,Oorowa HC Helm,
2885,Oorowa Cap,
2886,Oorowa F Cap,
2887,Oorowa FY Cap,
2888,Oorowa HC Cap,
2889,Onero F Helm,
2890,Onero F Cap,
2891,Diru FY Head,
2892,Diru FY Wig,
2893,Strega HC Helm,
2894,Strega HC Cap,
2895,Zaakaa HC Head,
2896,Chaser HC Cap,
2897,Demon Lord Horn・Extreme,
2898,Demon Lord Horn・Heaven,
2899,童子ノ角・Extreme,
2900,童子ノ角・Heaven,
2901,アナキF Head,
2902,アナキFY Head,
2903,アナキHC Head,
2904,アナキF Band,
2905,アナキFY Band,
2906,アナキHC Band,
2907,Royal FY Head,
2908,Royal HC Head,
2909,Lord FY Cap,
2910,Lord HC Cap,
2911,フレイ Head,
2912,クロノス Head,
2913,フレイ Piercing,
2914,クロノス Piercing,
2915,Himeros HC Helm,
2916,Bureshisu HC Helm,
2917,Charien HC Cap,
2918,Buran FY Piercing,
2919,Buran HC Piercing,
2920,Gypceros LX Helm,
2921,Ceanataur LX Helm,
2922,Tigrex LX Helm,
2923,Monoblos LX Cap,
2924,Gypceros RX Helm,
2925,Ceanataur RX Helm,
2926,Espinas RX Brain,
2927,Monodevil RX Cap,
2928,Cayssis Helm Water,
2929,Cayssis F Helm Water,
2930,Cayssis FZ Helm Water,
2931,Cayssis Mask Water,
2932,Cayssis F Mask Water,
2933,Cayssis FZ Mask Water,
2934,Cayssis Helm Red,
2935,Cayssis F Helm Red,
2936,Cayssis FZ Helm Red,
2937,Cayssis Mask Red,
2938,Cayssis F Mask Red,
2939,Cayssis FZ Mask Red,
2940,Cayssis Helm Blue,
2941,Cayssis F Helm Blue,
2942,Cayssis FZ Helm Blue,
2943,Cayssis Mask Blue,
2944,Cayssis F Mask Blue,
2945,Cayssis FZ Mask Blue,
2946,Cayssis Helm Orange,
2947,Cayssis F Helm Orange,
2948,Cayssis FZ Helm Orange,
2949,Cayssis Mask Orange,
2950,Cayssis F Mask Orange,
2951,Cayssis FZ Mask Orange,
2952,Rolling Sky Headguard,
2953,Rolling Sky Headguard・魁,
2954,Rolling Earth Headguard,
2955,Rolling Earth Headguard・魁,
2956,Cubie Helm,
2957,Cubie F Helm,
2958,Cubie FZ Helm,
2959,Cubie Mask,
2960,Cubie F Mask,
2961,Cubie FZ Mask,
2962,フラート Head,
2963,フラートF Head,
2964,ナーレー Head,
2965,ナーレーF Head,
2966,ヘイツ Head,
2967,ヘイツF Head,
2968,レーング Haar,
2969,レーングF Haar,
2970,シャッド Head,
2971,シャッドF Head,
2972,フュージ Head,
2973,フュージF Head,
2974,タニイ Head,
2975,タニイF Head,
2976,ミナム Haar,
2977,ミナムF Haar,
2978,Siena Helm・Silver,
2979,Siena F Helm・Silver,
2980,Siena FZ Helm・Silver,
2981,Siena HC Helm・Silver,
2982,Siena Cap・Silver,
2983,Siena F Cap・Silver,
2984,Siena FZ Cap・Silver,
2985,Siena HC Cap・Silver,
2986,Siena Helm・Black,
2987,Siena F Helm・Black,
2988,Siena FZ Helm・Black,
2989,Siena HC Helm・Black,
2990,Siena Cap・Black,
2991,Siena F Cap・Black,
2992,Siena FZ Cap・Black,
2993,Siena HC Cap・Black,
2994,Siena Helm・Red,
2995,Siena F Helm・Red,
2996,Siena FZ Helm・Red,
2997,Siena HC Helm・Red,
2998,Siena Cap・Red,
2999,Siena F Cap・Red,
3000,Siena FZ Cap・Red,
3001,Siena HC Cap・Red,
3002,Siena Helm・Blue,
3003,Siena F Helm・Blue,
3004,Siena FZ Helm・Blue,
3005,Siena HC Helm・Blue,
3006,Siena Cap・Blue,
3007,Siena F Cap・Blue,
3008,Siena FZ Cap・Blue,
3009,Siena HC Cap・Blue,
3010,Gauss Helm,
3011,Gauss F Helm,
3012,Weber Helm,
3013,Weber F Helm,
3014,Gilbert Helm,
3015,Gilbert F Helm,
3016,Gauss Mask,
3017,Gauss F Mask,
3018,Weber Mask,
3019,Weber F Mask,
3020,Gilbert Mask,
3021,Gilbert F Mask,
3022,Regyukusu F Head,
3023,Regyukusu F Mask,
3024,Garuda FZ Head,
3025,Garuda FZ Piercing,
3026,Feral FZ Head,
3027,Feral FZ Piercing,
3028,Pandeum FZ Head,
3029,Pandeum FZ Piercing,
3030,Dian FZ Head,
3031,Dian FZ Piercing,
3032,Wild FZ Head,
3033,Wild FZ Piercing,
3034,Flower FZ Head,
3035,Flower FZ Piercing,
3036,Fias FZ Head,
3037,Fias FZ Piercing,
3038,Viruto FZ Head,
3039,Viruto FZ Piercing,
3040,Tune FZ Head,
3041,Schnite FZ Piercing,
3042,Dicto FZ Head,
3043,Diletto FZ Piercing,
3044,Kruss FZ Head,
3045,Quote FZ Piercing,
3046,Starina FZ Head,
3047,Starina FZ Piercing,
3048,Loose FZ Head,
3049,Loose FZ Piercing,
3050,Mirado FZ Head,
3051,Mirado FZ Piercing,
3052,Deyuru FZ Helm,
3053,Deyuru FZ Cap,
3054,Robust FZ Glare,
3055,Robust FZ Face,
3056,Falco FZ Helm,
3057,Falco FZ Cap,
3058,Howx FZ Helm,
3059,Howx FZ Cap,
3060,Pirata FZ Head,
3061,Pirata FZ Cap,
3062,Zeroi FZ Head,
3063,Zeroi FZ Cap,
3064,Rail FZ Helm,
3065,Rail FZ Cap,
3066,Ridere FZ Helm,
3067,Ridere FZ Cap,
3068,Riot FZ Helm,
3069,Riot FZ Cap,
3070,Rutare FZ Helm,
3071,Rutare FZ Cap,
3072,Rolling Flow Headguard・Elegant,
3073,旋転の Headguard・Elegant,
3074,Rolling Sky Headguard・Elegant,
3075,Rolling Earth Headguard・Elegant,
3076,Kuaru Beretta,
3077,Kuaru Beretta F,
3078,Abiorugu Corsage,
3079,Abiorugu Corsage F,
3080,Zamuza Corsage,
3081,Zamuza Corsage F,
3082,レグラ Scarf FZ,
3083,Fellow Scarf FZ,
3084,トリア Piercing I,
3085,トリア F Piercing I,
3086,トリア Piercing II,
3087,トリア F Piercing II,
3088,トリア Piercing III,
3089,トリア F Piercing III,
3090,トリア Piercing IV,
3091,トリア F Piercing IV,
3092,トリア Piercing V,
3093,トリア F Piercing V,
3094,トリア Piercing VI,
3095,トリア F Piercing VI,
3096,トリア Piercing VII,
3097,トリア F Piercing VII,
3098,トリア Piercing VIII,
3099,トリア F Piercing VIII,
3100,Buran FY Head,
3101,Buran HC Head,
3102,Odiva Helm,
3103,Odiva F Helm,
3104,Odiva FX Helm,
3105,Odiva Cap,
3106,Odiva F Cap,
3107,Odiva FX Cap,
3108,Warrior Kabuto,
3109,Sunlight Kabuto,
3110,Blitz F Horn,
3111,Blitz F Corno,
3112,Flame F Crown,
3113,Flame F Mask,
3114,Wind F Glare,
3115,Wind F Snarl,
3116,Warrior F Kabuto,
3117,Sunlight F Kabuto,
3118,Wadatsumi F【Eboshi】,
3119,Okami F【Eboshi】,
3120,Odiva レッタ,
3121,Odiva レッタF,
3122,トリート Head,
3123,トリートF Head,
3124,トリートFY Head,
3125,トリートHC Head,
3126,トリート Piercing,
3127,トリートF Piercing,
3128,トリートFY Piercing,
3129,トリートHC Piercing,
3130,Tangusu Head,
3131,Tangusu F Head,
3132,Tangusu FY Head,
3133,Tangusu HC Head,
3134,Kobaruta Cap,
3135,Kobaruta F Cap,
3136,Kobaruta FY Cap,
3137,Kobaruta HC Cap,
3138,Dogumea Helm,
3139,Dogumea F Helm,
3140,Dogumea FY Helm,
3141,Dogumea HC Helm,
3142,Dogumea Cap,
3143,Dogumea F Cap,
3144,Dogumea FY Cap,
3145,Dogumea HC Cap,
3146,Kuaru Corsage,
3147,Kuaru Corsage F,
3148,Madaru Helm,
3149,Madaru F Helm,
3150,Madaru FY Helm,
3151,Madaru HC Helm,
3152,Madaru Cap,
3153,Madaru F Cap,
3154,Madaru FY Cap,
3155,Madaru HC Cap,
3156,Diru HC Head,
3157,Diru HC Wig,
3158,Vinen FY Head,
3159,Vinen HC Head,
3160,Vinen FY Band,
3161,Vinen HC Band,
3162,Breo FY Head,
3163,Breo FY Piercing,
3164,Breo HC Head,
3165,Breo HC Piercing,
3166,Kakabu F Head,
3167,Kakabu FY Head,
3168,Kakabu HC Head,
3169,Kakabu F Cap,
3170,Kakabu FY Cap,
3171,Kakabu HC Cap,
3172,Gospel FY Helm,
3173,Gospel HC Helm,
3174,Gospel FY Cap,
3175,Gospel HC Cap,
3176,Zodic Helm・Blue,
3177,Zodic F Helm・Blue,
3178,Zodic FZ Helm・Blue,
3179,Zodic Mask・Blue,
3180,Zodic F Mask・Blue,
3181,Zodic FZ Mask・Blue,
3182,Zodic Helm・Tea,
3183,Zodic F Helm・Tea,
3184,Zodic FZ Helm・Tea,
3185,Zodic Mask・Tea,
3186,Zodic F Mask・Tea,
3187,Zodic FZ Mask・Tea,
3188,Zodic Helm・Green,
3189,Zodic F Helm・Green,
3190,Zodic FZ Helm・Green,
3191,Zodic Mask・Green,
3192,Zodic F Mask・Green,
3193,Zodic FZ Mask・Green,
3194,Zodic Helm・Pink,
3195,Zodic F Helm・Pink,
3196,Zodic FZ Helm・Pink,
3197,Zodic Mask・Pink,
3198,Zodic F Mask・Pink,
3199,Zodic FZ Mask・Pink,
3200,Rast Head・Black,
3201,Rast F Head・Black,
3202,Rast FZ Head・Black,
3203,Rast HC Head・Black,
3204,Rast Haar・Black,
3205,Rast F Haar・Black,
3206,Rast FZ Haar・Black,
3207,Rast HC Haar・Black,
3208,Rast Head・Blue,
3209,Rast F Head・Blue,
3210,Rast FZ Head・Blue,
3211,Rast HC Head・Blue,
3212,Rast Haar・Blue,
3213,Rast F Haar・Blue,
3214,Rast FZ Haar・Blue,
3215,Rast HC Haar・Blue,
3216,Rast Head・Crimson,
3217,Rast F Head・Crimson,
3218,Rast FZ Head・Crimson,
3219,Rast HC Head・Crimson,
3220,Rast Haar・Crimson,
3221,Rast F Haar・Crimson,
3222,Rast FZ Haar・Crimson,
3223,Rast HC Haar・Crimson,
3224,Rast Head・White,
3225,Rast F Head・White,
3226,Rast FZ Head・White,
3227,Rast HC Head・White,
3228,Rast Haar・White,
3229,Rast F Haar・White,
3230,Rast FZ Haar・White,
3231,Rast HC Haar・White,
3232,Latria Head,
3233,Latria F Head,
3234,Latria FZ Head,
3235,Latria Haar,
3236,Latria F Haar,
3237,Latria FZ Haar,
3238,Kemor Helm,
3239,Kemor F Helm,
3240,Kemor FZ Helm,
3241,Kemor Mask,
3242,Kemor F Mask,
3243,Kemor FZ Mask,
3244,ダミー,
3245,ダミー,
3246,ダミー,
3247,ダミー,
3248,ダミー,
3249,ダミー,
3250,ダミー,
3251,ダミー,
3252,ダミー,
3253,ダミー,
3254,ダミー,
3255,ダミー,
3256,ダミー,
3257,ダミー,
3258,ダミー,
3259,ダミー,
3260,ダミー,
3261,ダミー,
3262,剣士ランク１,
3263,剣士ランク２,
3264,剣士ランク３,
3265,剣士ランク４,
3266,剣士ランク５,
3267,剣士ランク６,
3268,剣士ランク７,
3269,ガンランク１,
3270,ガンランク２,
3271,ガンランク３,
3272,ガンランク４,
3273,ガンランク５,
3274,ガンランク６,
3275,ガンランク７,
3276,デュスノF Helm,
3277,デュスノF Cap,
3278,Blitz FX Horn,
3279,Blitz FX Corno,
3280,Flame FX Crown,
3281,Flame FX Mask,
3282,Wind FX Glare,
3283,Wind FX Snarl,
3284,Warrior FX Kabuto,
3285,Sunlight FX Kabuto,
3286,Wadatsumi FX【Eboshi】,
3287,Okami FX【Eboshi】,
3288,Raviente HC Head,
3289,Raviente HC Cap,
3290,Espinas HC Brain,
3291,Espinas HC Soul,
3292,Vashimu HC Helm,
3293,Vashimu HC Cap,
3294,Vashimu HC Helm Yellow,
3295,Vashimu HC Cap Yellow,
3296,Vashimu HC Helm Green,
3297,Vashimu HC Cap Green,
3298,Vashimu HC Helm Crimson,
3299,Vashimu HC Cap Crimson,
3300,Inari HC Kabuto,
3301,Tamamo HC【御面】,
3302,Beru HC Helm,
3303,Beru HC Cap,
3304,Pariapuria HC Helm,
3305,Pariapuria HC Cap,
3306,Guren HC Head,
3307,Guren HC Cap,
3308,Kagura HC Kabuto,
3309,Kamiza HC Hachigane,
3310,Gogomoa HC Helm,
3311,Gogomoa HC Cap,
3312,Ruko HC Head,
3313,Ruko HC Face,
3314,Zamuza HC Helm,
3315,Zamuza HC Cap,
3316,Abiorugu HC Helm,
3317,Abiorugu HC Cap,
3318,Kuaru HC Helm,
3319,Kuaru HC Cap,
3320,Text HC Head・Purple,
3321,Text HC Mask・Purple,
3322,Text HC Head・Green,
3323,Text HC Mask・Green,
3324,Text HC Head・Blue,
3325,Text HC Mask・Blue,
3326,Text HC Head・Black,
3327,Text HC Mask・Black,
3328,Suriito HC Head・Yellow,
3329,Suriito HC Haar・Yellow,
3330,Suriito HC Head・Silver,
3331,Suriito HC Haar・Silver,
3332,Suriito HC Head・Red,
3333,Suriito HC Haar・Red,
3334,Suriito HC Head・Blue,
3335,Suriito HC Haar・Blue,
3336,Steno HC Helm・Orange,
3337,Steno HC Cap・Orange,
3338,Steno HC Helm・Peach,
3339,Steno HC Cap・Peach,
3340,Steno HC Helm・Blue,
3341,Steno HC Cap・Blue,
3342,Steno HC Helm・Red,
3343,Steno HC Cap・Red,
3344,Rage FZ Helm,
3345,Rage HC Helm,
3346,Rage FZ Mask,
3347,Rage HC Mask,
3348,Rampage FZ Helm,
3349,Rampage HC Helm,
3350,Rampage FZ Mask,
3351,Rampage HC Mask,
3352,Blaze FZ Helm,
3353,Blaze HC Helm,
3354,Blaze FZ Mask,
3355,Blaze HC Mask,
3356,Arge HC Head,
3357,Arge HC Haar,
3358,Camarera HC Head,
3359,Camarera HC Haar,
3360,Metenera HC Head,
3361,Metenera HC Haar,
3362,Pharan FZ Helm・White,
3363,Pharan HC Helm・White,
3364,Pharan FZ Mask・White,
3365,Pharan HC Mask・White,
3366,Pharan FZ Helm・Black,
3367,Pharan HC Helm・Black,
3368,Pharan FZ Mask・Black,
3369,Pharan HC Mask・Black,
3370,Pharan FZ Helm・Red,
3371,Pharan HC Helm・Red,
3372,Pharan FZ Mask・Red,
3373,Pharan HC Mask・Red,
3374,Pharan FZ Helm・Blue,
3375,Pharan HC Helm・Blue,
3376,Pharan FZ Mask・Blue,
3377,Pharan HC Mask・Blue,
3378,Espi FZ Mask・Green,
3379,Espi HC Mask・Green,
3380,Espi FZ Mask・Tea,
3381,Espi HC Mask・Tea,
3382,Espi FZ Mask・White,
3383,Espi HC Mask・White,
3384,Zodic HC Helm・Blue,
3385,Zodic HC Mask・Blue,
3386,Zodic HC Helm・Tea,
3387,Zodic HC Mask・Tea,
3388,Zodic HC Helm・Green,
3389,Zodic HC Mask・Green,
3390,Zodic HC Helm・Pink,
3391,Zodic HC Mask・Pink,
3392,Inari HC【Eboshi】,
3393,Tamamo HC【覆面】,
3394,Raviente HS Head,
3395,Raviente HS Cap,
3396,Espinas HS Brain,
3397,Espinas HS Soul,
3398,Vashimu HS Helm,
3399,Vashimu HS Cap,
3400,Vashimu HS Helm Yellow,
3401,Vashimu HS Cap Yellow,
3402,Vashimu HS Helm Green,
3403,Vashimu HS Cap Green,
3404,Vashimu HS Helm Crimson,
3405,Vashimu HS Cap Crimson,
3406,Inari HS Kabuto,
3407,Inari HS【Eboshi】,
3408,Tamamo HS【御面】,
3409,Tamamo HS【覆面】,
3410,Beru HS Helm,
3411,Beru HS Cap,
3412,Pariapuria HS Helm,
3413,Pariapuria HS Cap,
3414,Guren HS Head,
3415,Guren HS Cap,
3416,Kagura HS Kabuto,
3417,Kamiza HS Hachigane,
3418,Gogomoa HS Helm,
3419,Gogomoa HS Cap,
3420,Ruko HS Head,
3421,Ruko HS Face,
3422,Zamuza HS Helm,
3423,Zamuza HS Cap,
3424,Abiorugu HS Helm,
3425,Abiorugu HS Cap,
3426,Kuaru HS Helm,
3427,Kuaru HS Cap,
3428,Lils F Head,
3429,Lils F Cap,
3430,Lils FX Head,
3431,Lils FX Cap,
3432,Zodic HS Helm・Blue,
3433,Zodic HS Mask・Blue,
3434,Zodic HS Helm・Tea,
3435,Zodic HS Mask・Tea,
3436,Zodic HS Helm・Green,
3437,Zodic HS Mask・Green,
3438,Zodic HS Helm・Pink,
3439,Zodic HS Mask・Pink,
3440,Rast HS Head・Black,
3441,Rast HS Haar・Black,
3442,Rast HS Head・Blue,
3443,Rast HS Haar・Blue,
3444,Rast HS Head・Crimson,
3445,Rast HS Haar・Crimson,
3446,Rast HS Head・White,
3447,Rast HS Haar・White,
3448,Cloth Head・Red,
3449,Cloth F Head・Red,
3450,Cloth FZ Head・Red,
3451,Cloth HC Head・Red,
3452,Cloth HS Head・Red,
3453,Cloth Haar・Red,
3454,Cloth F Haar・Red,
3455,Cloth FZ Haar・Red,
3456,Cloth HC Haar・Red,
3457,Cloth HS Haar・Red,
3458,Cloth Head・Blue,
3459,Cloth F Head・Blue,
3460,Cloth FZ Head・Blue,
3461,Cloth HC Head・Blue,
3462,Cloth HS Head・Blue,
3463,Cloth Haar・Blue,
3464,Cloth F Haar・Blue,
3465,Cloth FZ Haar・Blue,
3466,Cloth HC Haar・Blue,
3467,Cloth HS Haar・Blue,
3468,Cloth Head・Purple,
3469,Cloth F Head・Purple,
3470,Cloth FZ Head・Purple,
3471,Cloth HC Head・Purple,
3472,Cloth HS Head・Purple,
3473,Cloth Haar・Purple,
3474,Cloth F Haar・Purple,
3475,Cloth FZ Haar・Purple,
3476,Cloth HC Haar・Purple,
3477,Cloth HS Haar・Purple,
3478,Cloth Head・Green,
3479,Cloth F Head・Green,
3480,Cloth FZ Head・Green,
3481,Cloth HC Head・Green,
3482,Cloth HS Head・Green,
3483,Cloth Haar・Green,
3484,Cloth F Haar・Green,
3485,Cloth FZ Haar・Green,
3486,Cloth HC Haar・Green,
3487,Cloth HS Haar・Green,
3488,Issen Hachigane・Red,
3489,Issen F Hachigane・Red,
3490,Issen FZ Hachigane・Red,
3491,Issen HC Hachigane・Red,
3492,Issen HS Hachigane・Red,
3493,構射 Hachigane・Red,
3494,構射F Hachigane・Red,
3495,構射FZ Hachigane・Red,
3496,構射HC Hachigane・Red,
3497,構射HS Hachigane・Red,
3498,Issen Hachigane・Blue,
3499,Issen F Hachigane・Blue,
3500,Issen FZ Hachigane・Blue,
3501,Issen HC Hachigane・Blue,
3502,Issen HS Hachigane・Blue,
3503,構射 Hachigane・Blue,
3504,構射F Hachigane・Blue,
3505,構射FZ Hachigane・Blue,
3506,構射HC Hachigane・Blue,
3507,構射HS Hachigane・Blue,
3508,Issen Hachigane・Yellow,
3509,Issen F Hachigane・Yellow,
3510,Issen FZ Hachigane・Yellow,
3511,Issen HC Hachigane・Yellow,
3512,Issen HS Hachigane・Yellow,
3513,構射 Hachigane・Yellow,
3514,構射F Hachigane・Yellow,
3515,構射FZ Hachigane・Yellow,
3516,構射HC Hachigane・Yellow,
3517,構射HS Hachigane・Yellow,
3518,Issen Hachigane・Black,
3519,Issen F Hachigane・Black,
3520,Issen FZ Hachigane・Black,
3521,Issen HC Hachigane・Black,
3522,Issen HS Hachigane・Black,
3523,構射 Hachigane・Black,
3524,構射F Hachigane・Black,
3525,構射FZ Hachigane・Black,
3526,構射HC Hachigane・Black,
3527,構射HS Hachigane・Black,
3528,蜂針 Hachigane・Orange,
3529,蜂針F Hachigane・Orange,
3530,蜂針FZ Hachigane・Orange,
3531,蜂針HC Hachigane・Orange,
3532,蜂針HS Hachigane・Orange,
3533,気弾 Hachigane・Orange,
3534,気弾F Hachigane・Orange,
3535,気弾FZ Hachigane・Orange,
3536,気弾HC Hachigane・Orange,
3537,気弾HS Hachigane・Orange,
3538,蜂針 Hachigane・Blue,
3539,蜂針F Hachigane・Blue,
3540,蜂針FZ Hachigane・Blue,
3541,蜂針HC Hachigane・Blue,
3542,蜂針HS Hachigane・Blue,
3543,気弾 Hachigane・Blue,
3544,気弾F Hachigane・Blue,
3545,気弾FZ Hachigane・Blue,
3546,気弾HC Hachigane・Blue,
3547,気弾HS Hachigane・Blue,
3548,蜂針 Hachigane・Yellow,
3549,蜂針F Hachigane・Yellow,
3550,蜂針FZ Hachigane・Yellow,
3551,蜂針HC Hachigane・Yellow,
3552,蜂針HS Hachigane・Yellow,
3553,気弾 Hachigane・Yellow,
3554,気弾F Hachigane・Yellow,
3555,気弾FZ Hachigane・Yellow,
3556,気弾HC Hachigane・Yellow,
3557,気弾HS Hachigane・Yellow,
3558,蜂針 Hachigane・Black,
3559,蜂針F Hachigane・Black,
3560,蜂針FZ Hachigane・Black,
3561,蜂針HC Hachigane・Black,
3562,蜂針HS Hachigane・Black,
3563,気弾 Hachigane・Black,
3564,気弾F Hachigane・Black,
3565,気弾FZ Hachigane・Black,
3566,気弾HC Hachigane・Black,
3567,気弾HS Hachigane・Black,
3568,Algol F Helm,
3569,Algol FX Helm,
3570,Algol F Cap,
3571,Algol FX Cap,
3572,抜胴 Hachigane,
3573,抜胴F Hachigane,
3574,抜胴FZ Hachigane,
3575,抜胴HS Hachigane,
3576,長根 Hachigane,
3577,長根F Hachigane,
3578,長根FZ Hachigane,
3579,長根HS Hachigane,
3580,花火 Hachigane,
3581,花火F Hachigane,
3582,花火FZ Hachigane,
3583,花火HS Hachigane,
3584,流星 Hachigane,
3585,流星F Hachigane,
3586,流星FZ Hachigane,
3587,流星HS Hachigane,
3588,居合 Hachigane,
3589,居合F Hachigane,
3590,居合FZ Hachigane,
3591,居合HC Hachigane,
3592,爆裂 Hachigane,
3593,爆裂F Hachigane,
3594,爆裂FZ Hachigane,
3595,爆裂HC Hachigane,
3596,脱兎 Hachigane,
3597,脱兎F Hachigane,
3598,脱兎FZ Hachigane,
3599,脱兎HC Hachigane,
3600,Violent 咲 Hachigane,
3601,Violent 咲F Hachigane,
3602,Violent 咲FZ Hachigane,
3603,Violent 咲HC Hachigane,
3604,正拳FZ Hachimaki,
3605,正拳HC Hachimaki,
3606,灼熱FZ Hachimaki,
3607,灼熱HC Hachimaki,
3608,龍星FZお団子,
3609,龍星HCお団子,
3610,虎襲FZお団子,
3611,虎襲HCお団子,
3612,Kontao Head,
3613,Kontao F Head,
3614,Kontao FZ Head,
3615,ダミー,
3616,ダミー,
3617,Kontao Haar,
3618,Kontao F Haar,
3619,Kontao FZ Haar,
3620,ダミー,
3621,ダミー,
3622,Gloria Helm・Gold,
3623,Gloria F Helm・Gold,
3624,Gloria FZ Helm・Gold,
3625,Gloria HC Helm・Gold,
3626,Gloria HS Helm・Gold,
3627,Gloria Mask・Gold,
3628,Gloria F Mask・Gold,
3629,Gloria FZ Mask・Gold,
3630,Gloria HC Mask・Gold,
3631,Gloria HS Mask・Gold,
3632,Gloria Helm・Blue,
3633,Gloria F Helm・Blue,
3634,Gloria FZ Helm・Blue,
3635,Gloria HC Helm・Blue,
3636,Gloria HS Helm・Blue,
3637,Gloria Mask・Blue,
3638,Gloria F Mask・Blue,
3639,Gloria FZ Mask・Blue,
3640,Gloria HC Mask・Blue,
3641,Gloria HS Mask・Blue,
3642,Gloria Helm・Water,
3643,Gloria F Helm・Water,
3644,Gloria FZ Helm・Water,
3645,Gloria HC Helm・Water,
3646,Gloria HS Helm・Water,
3647,Gloria Mask・Water,
3648,Gloria F Mask・Water,
3649,Gloria FZ Mask・Water,
3650,Gloria HC Mask・Water,
3651,Gloria HS Mask・Water,
3652,Gloria Helm・Red,
3653,Gloria F Helm・Red,
3654,Gloria FZ Helm・Red,
3655,Gloria HC Helm・Red,
3656,Gloria HS Helm・Red,
3657,Gloria Mask・Red,
3658,Gloria F Mask・Red,
3659,Gloria FZ Mask・Red,
3660,Gloria HC Mask・Red,
3661,Gloria HS Mask・Red,
3662,Shinryu Hachimaki・Red,
3663,Shinryu F Hachimaki・Red,
3664,Shinryu FZ Hachimaki・Red,
3665,Shinryu HC Hachimaki・Red,
3666,Shinryu HS Hachimaki・Red,
3667,Reppa Hachimaki・Red,
3668,Reppa F Hachimaki・Red,
3669,Reppa FZ Hachimaki・Red,
3670,Reppa HC Hachimaki・Red,
3671,Reppa HS Hachimaki・Red,
3672,Shinryu Hachimaki・White,
3673,Shinryu F Hachimaki・White,
3674,Shinryu FZ Hachimaki・White,
3675,Shinryu HC Hachimaki・White,
3676,Shinryu HS Hachimaki・White,
3677,Reppa Hachimaki・White,
3678,Reppa F Hachimaki・White,
3679,Reppa FZ Hachimaki・White,
3680,Reppa HC Hachimaki・White,
3681,Reppa HS Hachimaki・White,
3682,Shinryu Hachimaki・Purple,
3683,Shinryu F Hachimaki・Purple,
3684,Shinryu FZ Hachimaki・Purple,
3685,Shinryu HC Hachimaki・Purple,
3686,Shinryu HS Hachimaki・Purple,
3687,Reppa Hachimaki・Purple,
3688,Reppa F Hachimaki・Purple,
3689,Reppa FZ Hachimaki・Purple,
3690,Reppa HC Hachimaki・Purple,
3691,Reppa HS Hachimaki・Purple,
3692,Shinryu Hachimaki・Yellow,
3693,Shinryu F Hachimaki・Yellow,
3694,Shinryu FZ Hachimaki・Yellow,
3695,Shinryu HC Hachimaki・Yellow,
3696,Shinryu HS Hachimaki・Yellow,
3697,Reppa Hachimaki・Yellow,
3698,Reppa F Hachimaki・Yellow,
3699,Reppa FZ Hachimaki・Yellow,
3700,Reppa HC Hachimaki・Yellow,
3701,Reppa HS Hachimaki・Yellow,
3702,Cannon Beret・Water,
3703,Cannon F Beret・Water,
3704,Cannon FZ Beret・Water,
3705,Cannon HC Beret・Water,
3706,Cannon HS Beret・Water,
3707,Axel Beret・Water,
3708,Axel F Beret・Water,
3709,Axel FZ Beret・Water,
3710,Axel HC Beret・Water,
3711,Axel HS Beret・Water,
3712,Cannon Beret・Green,
3713,Cannon F Beret・Green,
3714,Cannon FZ Beret・Green,
3715,Cannon HC Beret・Green,
3716,Cannon HS Beret・Green,
3717,Axel Beret・Green,
3718,Axel F Beret・Green,
3719,Axel FZ Beret・Green,
3720,Axel HC Beret・Green,
3721,Axel HS Beret・Green,
3722,Cannon Beret・Peach,
3723,Cannon F Beret・Peach,
3724,Cannon FZ Beret・Peach,
3725,Cannon HC Beret・Peach,
3726,Cannon HS Beret・Peach,
3727,Axel Beret・Peach,
3728,Axel F Beret・Peach,
3729,Axel FZ Beret・Peach,
3730,Axel HC Beret・Peach,
3731,Axel HS Beret・Peach,
3732,Cannon Beret・Purple,
3733,Cannon F Beret・Purple,
3734,Cannon FZ Beret・Purple,
3735,Cannon HC Beret・Purple,
3736,Cannon HS Beret・Purple,
3737,Axel Beret・Purple,
3738,Axel F Beret・Purple,
3739,Axel FZ Beret・Purple,
3740,Axel HC Beret・Purple,
3741,Axel HS Beret・Purple,
3742,剣士ランク8,
3743,剣士ランク9,
3744,ガンランク8,
3745,ガンランク9,
3746,ダミー,
3747,ダミー,
3748,ダミー,
3749,ダミー,
3750,ダミー,
3751,ダミー,
3752,ダミー,
3753,ダミー,
3754,ダミー,
3755,ダミー,
3756,ダミー,
3757,ダミー,
3758,ダミー,
3759,ダミー,
3760,ダミー,
3761,ダミー,
3762,ダミー,
3763,ダミー,
3764,ダミー,
3765,ダミー,
3766,ダミー,
3767,ダミー,
3768,ダミー,
3769,ダミー,
3770,ダミー,
3771,ダミー,
3772,ダミー,
3773,ダミー,
3774,ダミー,
3775,ダミー,
3776,ダミー,
3777,ダミー,
3778,ダミー,
3779,ダミー,
3780,Hope Helm,
3781,エミット Helm,
3782,エミットF Helm,
3783,エミットFX Helm,
3784,エミット Cap,
3785,エミットF Cap,
3786,エミットFX Cap,
3787,Diboa Helm,
3788,Diboa F Helm,
3789,Diboa FX Helm,
3790,Diboa Cap,
3791,Diboa F Cap,
3792,Diboa FX Cap,
3793,Pietra G Helm,
3794,Pietra GF Helm,
3795,Pietra G Cap,
3796,Pietra GF Cap,
3797,Pokara G Helm,
3798,Pokara GF Helm,
3799,Pokara G Cap,
3800,Pokara GF Cap,
3801,Hermitaur G Helm,
3802,Hermitaur GF Helm,
3803,Hermitaur G Cap,
3804,Hermitaur GF Cap,
3805,Kut-Ku G Helm,
3806,Kut-Ku GF Helm,
3807,Kut-Ku G Cap,
3808,Kut-Ku GF Cap,
3809,Farunokku G Helm,
3810,Farunokku GF Helm,
3811,Farunokku G Cap,
3812,Farunokku GF Cap,
3813,Gypceros G Helm,
3814,Gypceros GF Helm,
3815,Gypceros G Cap,
3816,Gypceros GF Cap,
3817,Conga G Helm,
3818,Conga GF Helm,
3819,Conga G Cap,
3820,Conga GF Cap,
3821,Hyuji G Helm,
3822,Hyuji GF Helm,
3823,Hyuji G Cap,
3824,Hyuji GF Cap,
3825,Basarios G Helm,
3826,Basarios GF Helm,
3827,Basarios G Cap,
3828,Basarios GF Cap,
3829,Rathian G Helm,
3830,Rathian GF Helm,
3831,Rathian G Cap,
3832,Rathian GF Cap,
3833,Ceanataur G Helm,
3834,Ceanataur GF Helm,
3835,Ceanataur G Cap,
3836,Ceanataur GF Cap,
3837,Mikagura G Kabuto,
3838,Mikagura GF Kabuto,
3839,Satokagura G Hachigane,
3840,Satokagura GF Hachigane,
3841,Rathalos G Helm,
3842,Rathalos GF Helm,
3843,Rathalos G Cap,
3844,Rathalos GF Cap,
3845,Blango G Helm,
3846,Blango GF Helm,
3847,Blango G Cap,
3848,Blango GF Cap,
3849,Khezu G Helm,
3850,Khezu GF Helm,
3851,Khezu G Cap,
3852,Khezu GF Cap,
3853,Hope G Helm,
3854,Hope GF Helm,
3855,Hope G Cap,
3856,Hope GF Cap,
3857,シャン Beretta,
3858,シャン Beretta F,
3859,チャチャブファシーネ,
3860,チャチャブキュリーオ,
3861,Odi Corsage,
3862,Odi Corsage F,
3863,グラッシュ Head,
3864,グラッシュF Head,
3865,グラッシュFY Head,
3866,グラッシュHC Head,
3867,グラッシュ Piercing,
3868,グラッシュF Piercing,
3869,グラッシュFY Piercing,
3870,グラッシュHC Piercing,
3871,Tandress Head,
3872,Tandress F Head,
3873,Tandress FY Head,
3874,Tandress HC Head,
3875,Tandress Piercing,
3876,Tandress F Piercing,
3877,Tandress FY Piercing,
3878,Tandress HC Piercing,
3879,ダミー,
3880,ダミー,
3881,ダミー,
3882,ダミー,
3883,ダミー,
3884,ダミー,
3885,ダミー,
3886,ダミー,
3887,Roses G Helm,
3888,Roses G Cap,
3889,シェルカG Head,
3890,チェスカG Cap,
3891,ロアース G Head,
3892,ライードG Cap,
3893,Green 竜ノ具足 Kabuto,
3894,Green 竜ノ具足F Kabuto,
3895,Green 竜ノ具足FZ Kabuto,
3896,Green 竜ノ具足HC Kabuto,
3897,Green 竜ノ具足HS Kabuto,
3898,Green 竜ノ Haori Kabuto,
3899,Green 竜ノ Haori F Kabuto,
3900,Green 竜ノ Haori FZ Kabuto,
3901,Green 竜ノ Haori HC Kabuto,
3902,Green 竜ノ Haori HS Kabuto,
3903,Ukon Head,
3904,Ukon F Head,
3905,Ukon FZ Head,
3906,Ukon HC Head,
3907,Ukon Mask,
3908,Ukon F Mask,
3909,Ukon FZ Mask,
3910,Ukon HC Mask,
3911,Ukon HS Head,
3912,Ukon GS Head,
3913,Ukon HS Mask,
3914,Ukon GS Mask,
3915,Green 竜ノ具足GS Kabuto,
3916,Green 竜ノ Haori GS Kabuto,
3917,Roses GF Helm,
3918,Roses GF Cap,
3919,ダミー,
3920,ダミー,
3921,Magos Head・Yellow,
3922,Magos F Head・Yellow,
3923,Magos FZ Head・Yellow,
3924,Magos HC Head・Yellow,
3925,Magos HS Head・Yellow,
3926,Magos Haar・Yellow,
3927,Magos F Haar・Yellow,
3928,Magos FZ Haar・Yellow,
3929,Magos HC Haar・Yellow,
3930,Magos HS Haar・Yellow,
3931,Magos Head・Red,
3932,Magos F Head・Red,
3933,Magos FZ Head・Red,
3934,Magos HC Head・Red,
3935,Magos HS Head・Red,
3936,Magos Haar・Red,
3937,Magos F Haar・Red,
3938,Magos FZ Haar・Red,
3939,Magos HC Haar・Red,
3940,Magos HS Haar・Red,
3941,Magos Head・Water,
3942,Magos F Head・Water,
3943,Magos FZ Head・Water,
3944,Magos HC Head・Water,
3945,Magos HS Head・Water,
3946,Magos Haar・Water,
3947,Magos F Haar・Water,
3948,Magos FZ Haar・Water,
3949,Magos HC Haar・Water,
3950,Magos HS Haar・Water,
3951,Magos Head・Blue,
3952,Magos F Head・Blue,
3953,Magos FZ Head・Blue,
3954,Magos HC Head・Blue,
3955,Magos HS Head・Blue,
3956,Magos Haar・Blue,
3957,Magos F Haar・Blue,
3958,Magos FZ Haar・Blue,
3959,Magos HC Haar・Blue,
3960,Magos HS Haar・Blue,
3961,Magos GS Head・Yellow,
3962,Magos GS Haar・Yellow,
3963,Magos GS Head・Red,
3964,Magos GS Haar・Red,
3965,Magos GS Head・Water,
3966,Magos GS Haar・Water,
3967,Magos GS Head・Blue,
3968,Magos GS Haar・Blue,
3969,Red 備ノ具足 Kabuto,
3970,Red 備ノ具足F Kabuto,
3971,Red 備ノ具足FZ Kabuto,
3972,Red 備ノ具足HC Kabuto,
3973,Red 備ノ具足HS Kabuto,
3974,Red 備ノ具足GS Kabuto,
3975,Red 備ノ Haori Kabuto,
3976,Red 備ノ Haori F Kabuto,
3977,Red 備ノ Haori FZ Kabuto,
3978,Red 備ノ Haori HC Kabuto,
3979,Red 備ノ Haori HS Kabuto,
3980,Red 備ノ Haori GS Kabuto,
3981,Miku Head,
3982,Miku F Head,
3983,Miku FZ Head,
3984,Miku HC Head,
3985,Miku HS Head,
3986,Miku GS Head,
3987,Miku Piercing,
3988,Miku F Piercing,
3989,Miku FZ Piercing,
3990,Miku HC Piercing,
3991,Miku HS Piercing,
3992,Miku GS Piercing,
3993,Akahara Reisou BM Head Red,
3994,Akahara Reisou BM Head F Red,
3995,Akahara Reisou BM Head FZ Red,
3996,Akahara Reisou BM Head HC Red,
3997,Akahara Reisou BM Head HS Red,
3998,Akahara Reisou BM Head GS Red,
3999,Akahara Reisou GN Head Red,
4000,Akahara Reisou GN Head F Red,
4001,Akahara Reisou GN Head FZ Red,
4002,Akahara Reisou GN Head HC Red,
4003,Akahara Reisou GN Head HS Red,
4004,Akahara Reisou GN Head GS Red,
4005,Akahara Reisou BM Head Blue,
4006,Akahara Reisou BM Head F Blue,
4007,Akahara Reisou BM Head FZ Blue,
4008,Akahara Reisou BM Head HC Blue,
4009,Akahara Reisou BM Head HS Blue,
4010,Akahara Reisou BM Head GS Blue,
4011,Akahara Reisou GN Head Blue,
4012,Akahara Reisou GN Head F Blue,
4013,Akahara Reisou GN Head FZ Blue,
4014,Akahara Reisou GN Head HC Blue,
4015,Akahara Reisou GN Head HS Blue,
4016,Akahara Reisou GN Head GS Blue,
4017,Akahara Reisou BM Head Black,
4018,Akahara Reisou BM Head F Black,
4019,Akahara Reisou BM Head FZ Black,
4020,Akahara Reisou BM Head HC Black,
4021,Akahara Reisou BM Head HS Black,
4022,Akahara Reisou BM Head GS Black,
4023,Akahara Reisou GN Head Black,
4024,Akahara Reisou GN Head F Black,
4025,Akahara Reisou GN Head FZ Black,
4026,Akahara Reisou GN Head HC Black,
4027,Akahara Reisou GN Head HS Black,
4028,Akahara Reisou GN Head GS Black,
4029,Akahara Reisou BM Head White,
4030,Akahara Reisou BM Head F White,
4031,Akahara Reisou BM Head FZ White,
4032,Akahara Reisou BM Head HC White,
4033,Akahara Reisou BM Head HS White,
4034,Akahara Reisou BM Head GS White,
4035,Akahara Reisou GN Head White,
4036,Akahara Reisou GN Head F White,
4037,Akahara Reisou GN Head FZ White,
4038,Akahara Reisou GN Head HC White,
4039,Akahara Reisou GN Head HS White,
4040,Akahara Reisou GN Head GS White,
4041,Knight King Hair BM Blue,
4042,Knight King Hair BM F Blue,
4043,Knight King Hair BM FZ Blue,
4044,Knight King Hair BM HC Blue,
4045,Knight King Hair BM HS Blue,
4046,Knight King Hair BM GS Blue,
4047,Knight King Hair GN Blue,
4048,Knight King Hair GN F Blue,
4049,Knight King Hair GN FZ Blue,
4050,Knight King Hair GN HC Blue,
4051,Knight King Hair GN HS Blue,
4052,Knight King Hair GN GS Blue,
4053,Knight King Hair BM Red,
4054,Knight King Hair BM F Red,
4055,Knight King Hair BM FZ Red,
4056,Knight King Hair BM HC Red,
4057,Knight King Hair BM HS Red,
4058,Knight King Hair BM GS Red,
4059,Knight King Hair GN Red,
4060,Knight King Hair GN F Red,
4061,Knight King Hair GN FZ Red,
4062,Knight King Hair GN HC Red,
4063,Knight King Hair GN HS Red,
4064,Knight King Hair GN GS Red,
4065,Knight King Hair BM Black,
4066,Knight King Hair BM F Black,
4067,Knight King Hair BM FZ Black,
4068,Knight King Hair BM HC Black,
4069,Knight King Hair BM HS Black,
4070,Knight King Hair BM GS Black,
4071,Knight King Hair GN Black,
4072,Knight King Hair GN F Black,
4073,Knight King Hair GN FZ Black,
4074,Knight King Hair GN HC Black,
4075,Knight King Hair GN HS Black,
4076,Knight King Hair GN GS Black,
4077,Knight King Hair BM White,
4078,Knight King Hair BM F White,
4079,Knight King Hair BM FZ White,
4080,Knight King Hair BM HC White,
4081,Knight King Hair BM HS White,
4082,Knight King Hair BM GS White,
4083,Knight King Hair GN White,
4084,Knight King Hair GN F White,
4085,Knight King Hair GN FZ White,
4086,Knight King Hair GN HC White,
4087,Knight King Hair GN HS White,
4088,Knight King Hair GN GS White,
4089,ヴェルフFZ Helm,
4090,ヴェルフHC Helm,
4091,ヴェルフFZ Cap,
4092,ヴェルフHC Cap,
4093,テリオグFZ Helm,
4094,テリオグHC Helm,
4095,テリオグFZ Cap,
4096,テリオグHC Cap,
4097,Beil FZ Earrings,
4098,Beil HC Earrings,
4099,Ahaba ーFZ Piercing,
4100,Ahaba ーHC Piercing,
4101,Ahaba ーHS Piercing,
4102,クローニーFZ Piercing,
4103,クローニーHC Piercing,
4104,クローニーHS Piercing,
4105,Pietra GX Helm,
4106,Pietra GX Cap,
4107,Pokara GX Helm,
4108,Pokara GX Cap,
4109,Hermitaur GX Helm,
4110,Hermitaur GX Cap,
4111,Kut-Ku GX Helm,
4112,Kut-Ku GX Cap,
4113,Farunokku GX Helm,
4114,Farunokku GX Cap,
4115,Gypceros GX Helm,
4116,Gypceros GX Cap,
4117,Conga GX Helm,
4118,Conga GX Cap,
4119,Hyuji GX Helm,
4120,Hyuji GX Cap,
4121,Basarios GX Helm,
4122,Basarios GX Cap,
4123,Rathian GX Helm,
4124,Rathian GX Cap,
4125,Ceanataur GX Helm,
4126,Ceanataur GX Cap,
4127,Mikagura GX Kabuto,
4128,Satokagura GX Hachigane,
4129,Rathalos GX Helm,
4130,Rathalos GX Cap,
4131,Blango GX Helm,
4132,Blango GX Cap,
4133,Khezu GX Helm,
4134,Khezu GX Cap,
4135,Hope GX Helm,
4136,Hope GX Cap,
4137,Gougarf G Helm,
4138,Gougarf GF Helm,
4139,Gougarf GX Helm,
4140,Gougarf G Cap,
4141,Gougarf GF Cap,
4142,Gougarf GX Cap,
4143,Shourou【Heaven 頭】G,
4144,Shourou【Heaven 頭】GF,
4145,Shourou【Heaven 頭】GX,
4146,Mitama【Heaven 頭】G,
4147,Mitama【Heaven 頭】GF,
4148,Mitama【Heaven 頭】GX,
4149,Giaorugu G Helm,
4150,Giaorugu GF Helm,
4151,Giaorugu GX Helm,
4152,Giaorugu G Cap,
4153,Giaorugu GF Cap,
4154,Giaorugu GX Cap,
4155,Gravios G Helm,
4156,Gravios GF Helm,
4157,Gravios GX Helm,
4158,Gravios G Cap,
4159,Gravios GF Cap,
4160,Gravios GX Cap,
4161,Tigrex G Helm,
4162,Tigrex GF Helm,
4163,Tigrex GX Helm,
4164,Tigrex G Cap,
4165,Tigrex GF Cap,
4166,Tigrex GX Cap,
4167,Paria G Helm,
4168,Paria GF Helm,
4169,Paria GX Helm,
4170,Paria G Cap,
4171,Paria GF Cap,
4172,Paria GX Cap,
4173,Torpedo G Helm,
4174,Torpedo GF Helm,
4175,Torpedo GX Helm,
4176,Torpedo G Cap,
4177,Torpedo GF Cap,
4178,Torpedo GX Cap,
4179,Lavasioth G Helm,
4180,Lavasioth GF Helm,
4181,Lavasioth GX Helm,
4182,Lavasioth G Cap,
4183,Lavasioth GF Cap,
4184,Lavasioth GX Cap,
4185,Espinas G Brain,
4186,Espinas GF Brain,
4187,Espinas GX Brain,
4188,Espinas G Soul,
4189,Espinas GF Soul,
4190,Espinas GX Soul,
4191,Golden Headdress・G,
4192,Golden Headdress・GF,
4193,Golden Headdress・GX,
4194,Puppeteer Mask 隠・G,
4195,Puppeteer Mask 隠・GF,
4196,Puppeteer Mask 隠・GX,
4197,Rebidiora G Head,
4198,Rebidiora GF Head,
4199,Rebidiora GX Head,
4200,Rebidiora G Face,
4201,Rebidiora GF Face,
4202,Rebidiora GX Face,
4203,Garuga G Helm,
4204,Garuga GF Helm,
4205,Garuga GX Helm,
4206,Garuga G Cap,
4207,Garuga GF Cap,
4208,Garuga GX Cap,
4209,Vashimu G Helm,
4210,Vashimu GF Helm,
4211,Vashimu GX Helm,
4212,Vashimu G Cap,
4213,Vashimu GF Cap,
4214,Vashimu GX Cap,
4215,Guren G Helm,
4216,Guren GF Helm,
4217,Guren GX Helm,
4218,Guren G Cap,
4219,Guren GF Cap,
4220,Guren GX Cap,
4221,Inari G Kabuto,
4222,Inari GF Kabuto,
4223,Inari GX Kabuto,
4224,Tamamo G【御面】,
4225,Tamamo GF【御面】,
4226,Tamamo GX【御面】,
4227,Disu G Helm,
4228,Disu GF Helm,
4229,Disu GX Helm,
4230,Disu G Cap,
4231,Disu GF Cap,
4232,Disu GX Cap,
4233,Shadow Mask・G,
4234,Shadow Mask・GF,
4235,Shadow Mask・GX,
4236,Shade Mask・G,
4237,Shade Mask・GF,
4238,Shade Mask・GX,
4239,Byakko・Kensei G Helm,
4240,Byakko・Kensei GF Helm,
4241,Suzaku・Kensei G Helm,
4242,Suzaku・Kensei GF Helm,
4243,Genbu・Kensei G Helm,
4244,Genbu・Kensei GF Helm,
4245,Seiryu・Kensei G Helm,
4246,Seiryu・Kensei GF Helm,
4247,Byakko・双龍G Helm,
4248,Byakko・双龍GF Helm,
4249,Suzaku・双龍G Helm,
4250,Suzaku・双龍GF Helm,
4251,Genbu・双龍G Helm,
4252,Genbu・双龍GF Helm,
4253,Seiryu・双龍G Helm,
4254,Seiryu・双龍GF Helm,
4255,Byakko・剣王G Helm,
4256,Byakko・剣王GF Helm,
4257,Suzaku・剣王G Helm,
4258,Suzaku・剣王GF Helm,
4259,Genbu・剣王G Helm,
4260,Genbu・剣王GF Helm,
4261,Seiryu・剣王G Helm,
4262,Seiryu・剣王GF Helm,
4263,Byakko・刀神G Helm,
4264,Byakko・刀神GF Helm,
4265,Suzaku・刀神G Helm,
4266,Suzaku・刀神GF Helm,
4267,Genbu・刀神G Helm,
4268,Genbu・刀神GF Helm,
4269,Seiryu・刀神G Helm,
4270,Seiryu・刀神GF Helm,
4271,Byakko・Heaven 槍G Helm,
4272,Byakko・Heaven 槍GF Helm,
4273,Suzaku・Heaven 槍G Helm,
4274,Suzaku・Heaven 槍GF Helm,
4275,Genbu・Heaven 槍G Helm,
4276,Genbu・Heaven 槍GF Helm,
4277,Seiryu・Heaven 槍G Helm,
4278,Seiryu・Heaven 槍GF Helm,
4279,Byakko・砲皇G Helm,
4280,Byakko・砲皇GF Helm,
4281,Suzaku・砲皇G Helm,
4282,Suzaku・砲皇GF Helm,
4283,Genbu・砲皇G Helm,
4284,Genbu・砲皇GF Helm,
4285,Seiryu・砲皇G Helm,
4286,Seiryu・砲皇GF Helm,
4287,Byakko・鈍器獣G Helm,
4288,Byakko・鈍器獣GF Helm,
4289,Suzaku・鈍器獣G Helm,
4290,Suzaku・鈍器獣GF Helm,
4291,Genbu・鈍器獣G Helm,
4292,Genbu・鈍器獣GF Helm,
4293,Seiryu・鈍器獣G Helm,
4294,Seiryu・鈍器獣GF Helm,
4295,Byakko・奏帝G Helm,
4296,Byakko・奏帝GF Helm,
4297,Suzaku・奏帝G Helm,
4298,Suzaku・奏帝GF Helm,
4299,Genbu・奏帝G Helm,
4300,Genbu・奏帝GF Helm,
4301,Seiryu・奏帝G Helm,
4302,Seiryu・奏帝GF Helm,
4303,Byakko・銃傑G Mask,
4304,Byakko・銃傑GF Mask,
4305,Suzaku・銃傑G Mask,
4306,Suzaku・銃傑GF Mask,
4307,Genbu・銃傑G Mask,
4308,Genbu・銃傑GF Mask,
4309,Seiryu・銃傑G Mask,
4310,Seiryu・銃傑GF Mask,
4311,Byakko・銃仙G Mask,
4312,Byakko・銃仙GF Mask,
4313,Suzaku・銃仙G Mask,
4314,Suzaku・銃仙GF Mask,
4315,Genbu・銃仙G Mask,
4316,Genbu・銃仙GF Mask,
4317,Seiryu・銃仙G Mask,
4318,Seiryu・銃仙GF Mask,
4319,Byakko・Bow 鬼G Mask,
4320,Byakko・Bow 鬼GF Mask,
4321,Suzaku・Bow 鬼G Mask,
4322,Suzaku・Bow 鬼GF Mask,
4323,Genbu・Bow 鬼G Mask,
4324,Genbu・Bow 鬼GF Mask,
4325,Seiryu・Bow 鬼G Mask,
4326,Seiryu・Bow 鬼GF Mask,
4327,Odiva G Helm,
4328,Odiva G Cap,
4329,Blitz G Horn,
4330,Blitz G Corno,
4331,Flame G Crown,
4332,Flame G Mask,
4333,Wind G Glare,
4334,Wind G Snarl,
4335,武者G Kabuto,
4336,日光G Kabuto,
4337,Wadatsumi G【Eboshi】,
4338,Okami G【Eboshi】,
4339,Lils G Head,
4340,Lils G Cap,
4341,Algol G Helm,
4342,Algol G Cap,
4343,エミットG Helm,
4344,エミットG Cap,
4345,Diboa G Helm,
4346,Diboa G Cap,
4347,Demon Lord Headguard,
4348,童子ノ Headguard,
4349,レアー Head,
4350,ハーデス Head,
4351,レアー Piercing,
4352,ハーデス Piercing,
4353,Roses GX Helm,
4354,Roses GX Cap,
4355,Strega G Helm,
4356,Strega GF Helm,
4357,Strega GX Helm,
4358,Strega G Cap,
4359,Strega GF Cap,
4360,Strega GX Cap,
4361,Pics Head・Green,
4362,Pics F Head・Green,
4363,Pics FZ Head・Green,
4364,Pics HC Head・Green,
4365,Pics HS Head・Green,
4366,Pics GS Head・Green,
4367,Pics Hat・Green,
4368,Pics F Hat・Green,
4369,Pics FZ Hat・Green,
4370,Pics HC Hat・Green,
4371,Pics HS Hat・Green,
4372,Pics GS Hat・Green,
4373,Pics Head・Purple,
4374,Pics F Head・Purple,
4375,Pics FZ Head・Purple,
4376,Pics HC Head・Purple,
4377,Pics HS Head・Purple,
4378,Pics GS Head・Purple,
4379,Pics Hat・Purple,
4380,Pics F Hat・Purple,
4381,Pics FZ Hat・Purple,
4382,Pics HC Hat・Purple,
4383,Pics HS Hat・Purple,
4384,Pics GS Hat・Purple,
4385,Pics Head・Black,
4386,Pics F Head・Black,
4387,Pics FZ Head・Black,
4388,Pics HC Head・Black,
4389,Pics HS Head・Black,
4390,Pics GS Head・Black,
4391,Pics Hat・Black,
4392,Pics F Hat・Black,
4393,Pics FZ Hat・Black,
4394,Pics HC Hat・Black,
4395,Pics HS Hat・Black,
4396,Pics GS Hat・Black,
4397,Pics Head・Water,
4398,Pics F Head・Water,
4399,Pics FZ Head・Water,
4400,Pics HC Head・Water,
4401,Pics HS Head・Water,
4402,Pics GS Head・Water,
4403,Pics Hat・Water,
4404,Pics F Hat・Water,
4405,Pics FZ Hat・Water,
4406,Pics HC Hat・Water,
4407,Pics HS Hat・Water,
4408,Pics GS Hat・Water,
4409,Bright Helm,
4410,Bright F Helm,
4411,Bright FZ Helm,
4412,Bright HC Helm,
4413,Bright HS Helm,
4414,Bright GS Helm,
4415,Bright Cap,
4416,Bright F Cap,
4417,Bright FZ Cap,
4418,Bright HC Cap,
4419,Bright HS Cap,
4420,Bright GS Cap,
4421,Juari Helm,
4422,Juari F Helm,
4423,Juari FZ Helm,
4424,Juari HC Helm,
4425,Juari HS Helm,
4426,Juari GS Helm,
4427,Juari Cap,
4428,Juari F Cap,
4429,Juari FZ Cap,
4430,Juari HC Cap,
4431,Juari HS Cap,
4432,Juari GS Cap,
4433,Tinku Helm,
4434,Tinku F Helm,
4435,Tinku FZ Helm,
4436,Tinku HC Helm,
4437,Tinku HS Helm,
4438,Tinku GS Helm,
4439,Tinku Cap,
4440,Tinku F Cap,
4441,Tinku FZ Cap,
4442,Tinku HC Cap,
4443,Tinku HS Cap,
4444,Tinku GS Cap,
4445,Real FZ Head・White,
4446,Real HC Head・White,
4447,Real HS Head・White,
4448,Real GS Head・White,
4449,Real FZ Mask・White,
4450,Real HC Mask・White,
4451,Real HS Mask・White,
4452,Real GS Mask・White,
4453,Lien FZ Head・Blue,
4454,Lien HC Head・Blue,
4455,Lien HS Head・Blue,
4456,Lien GS Head・Blue,
4457,Lien FZ Hat・Blue,
4458,Lien HC Hat・Blue,
4459,Lien HS Hat・Blue,
4460,Lien GS Hat・Blue,
4461,Melety FZ Head・White,
4462,Melety HC Head・White,
4463,Melety HS Head・White,
4464,Melety GS Head・White,
4465,Melety FZ Hat・Blue,
4466,Melety HC Hat・Blue,
4467,Melety HS Hat・Blue,
4468,Melety GS Hat・Blue,
4469,Regelia FZ Helm・White,
4470,Regelia HC Helm・White,
4471,Regelia HS Helm・White,
4472,Regelia GS Helm・White,
4473,Regelia FZ Mask・Blue,
4474,Regelia HC Mask・Blue,
4475,Regelia HS Mask・Blue,
4476,Regelia GS Mask・Blue,
4477,Suriito HS Head・Yellow,
4478,Suriito GS Head・Yellow,
4479,Suriito HS Haar・Yellow,
4480,Suriito GS Haar・Yellow,
4481,Steno HS Helm・Orange,
4482,Steno GS Helm・Orange,
4483,Steno HS Cap・Orange,
4484,Steno GS Cap・Orange,
4485,Edio HC Helm・Blue,
4486,Edio HS Helm・Blue,
4487,Edio GS Helm・Blue,
4488,Edio HC Mask・Blue,
4489,Edio HS Mask・Blue,
4490,Edio GS Mask・Blue,
4491,Galitos HC Head・Tea,
4492,Galitos HS Head・Tea,
4493,Galitos GS Head・Tea,
4494,Galitos HC Band・Tea,
4495,Galitos HS Band・Tea,
4496,Galitos GS Band・Tea,
4497,ロット Head,
4498,ロットF Head,
4499,ロットFZ Head,
4500,ロットHC Head,
4501,ロットHS Head,
4502,ロットGS Head,
4503,ロット Mask,
4504,ロットF Mask,
4505,ロットFZ Mask,
4506,ロットHC Mask,
4507,ロットHS Mask,
4508,ロットGS Mask,
4509,Blink F Band,
4510,Blink F Head,
4511,Smart F Head,
4512,Smart FZ Head,
4513,Smart HC Head,
4514,ゴウ Beretta,
4515,ゴウ Beretta F,
4516,Ahaba ーGS Piercing,
4517,クローニーGS Piercing,
4518,Gougarf FX Helm,
4519,Gougarf HS Helm,
4520,Gougarf FX Cap,
4521,Gougarf HS Cap,
4522,Regyukusu HC Head,
4523,Regyukusu HS Head,
4524,Regyukusu GS Head,
4525,Regyukusu HC Mask,
4526,Regyukusu HS Mask,
4527,Regyukusu GS Mask,
4528,Pistis HC Head,
4529,Pistis HS Head,
4530,Pistis GS Head,
4531,Pistis HC Hat,
4532,Pistis HS Hat,
4533,Pistis GS Hat,
4534,Star Festival FZ Mask [Red 】,
4535,Star Festival HC Mask [Red 】,
4536,Star Festival HS Mask [Red 】,
4537,Star Festival GS Mask [Red 】,
4538,Tanabata FZ Mask [Red 】,
4539,Tanabata HC Mask [Red 】,
4540,Tanabata HS Mask [Red 】,
4541,Tanabata GS Mask [Red 】,
4542,Real FZ Head・Gold,
4543,Real HC Head・Gold,
4544,Real HS Head・Gold,
4545,Real GS Head・Gold,
4546,Real FZ Mask・Gold,
4547,Real HC Mask・Gold,
4548,Real HS Mask・Gold,
4549,Real GS Mask・Gold,
4550,Real FZ Head・Blue,
4551,Real HC Head・Blue,
4552,Real HS Head・Blue,
4553,Real GS Head・Blue,
4554,Real FZ Mask・Blue,
4555,Real HC Mask・Blue,
4556,Real HS Mask・Blue,
4557,Real GS Mask・Blue,
4558,Real FZ Head・Red,
4559,Real HC Head・Red,
4560,Real HS Head・Red,
4561,Real GS Head・Red,
4562,Real FZ Mask・Red,
4563,Real HC Mask・Red,
4564,Real HS Mask・Red,
4565,Real GS Mask・Red,
4566,Lien FZ Head・Red,
4567,Lien HC Head・Red,
4568,Lien HS Head・Red,
4569,Lien GS Head・Red,
4570,Lien FZ Hat・Red,
4571,Lien HC Hat・Red,
4572,Lien HS Hat・Red,
4573,Lien GS Hat・Red,
4574,Lien FZ Head・Black,
4575,Lien HC Head・Black,
4576,Lien HS Head・Black,
4577,Lien GS Head・Black,
4578,Lien FZ Hat・Black,
4579,Lien HC Hat・Black,
4580,Lien HS Hat・Black,
4581,Lien GS Hat・Black,
4582,Lien FZ Head・White,
4583,Lien HC Head・White,
4584,Lien HS Head・White,
4585,Lien GS Head・White,
4586,Lien FZ Hat・White,
4587,Lien HC Hat・White,
4588,Lien HS Hat・White,
4589,Lien GS Hat・White,
4590,Melety FZ Head・Red,
4591,Melety HC Head・Red,
4592,Melety HS Head・Red,
4593,Melety GS Head・Red,
4594,Melety FZ Head・Blue,
4595,Melety HC Head・Blue,
4596,Melety HS Head・Blue,
4597,Melety GS Head・Blue,
4598,Melety FZ Head・Black,
4599,Melety HC Head・Black,
4600,Melety HS Head・Black,
4601,Melety GS Head・Black,
4602,Melety FZ Hat・White,
4603,Melety HC Hat・White,
4604,Melety HS Hat・White,
4605,Melety GS Hat・White,
4606,Melety FZ Hat・Red,
4607,Melety HC Hat・Red,
4608,Melety HS Hat・Red,
4609,Melety GS Hat・Red,
4610,Melety FZ Hat・Black,
4611,Melety HC Hat・Black,
4612,Melety HS Hat・Black,
4613,Melety GS Hat・Black,
4614,Regelia FZ Helm・Red,
4615,Regelia HC Helm・Red,
4616,Regelia HS Helm・Red,
4617,Regelia GS Helm・Red,
4618,Regelia FZ Helm・Green,
4619,Regelia HC Helm・Green,
4620,Regelia HS Helm・Green,
4621,Regelia GS Helm・Green,
4622,Regelia FZ Helm・Blue,
4623,Regelia HC Helm・Blue,
4624,Regelia HS Helm・Blue,
4625,Regelia GS Helm・Blue,
4626,Regelia FZ Mask・White,
4627,Regelia HC Mask・White,
4628,Regelia HS Mask・White,
4629,Regelia GS Mask・White,
4630,Regelia FZ Mask・Red,
4631,Regelia HC Mask・Red,
4632,Regelia HS Mask・Red,
4633,Regelia GS Mask・Red,
4634,Regelia FZ Mask・Green,
4635,Regelia HC Mask・Green,
4636,Regelia HS Mask・Green,
4637,Regelia GS Mask・Green,
4638,Suriito HS Head・Silver,
4639,Suriito GS Head・Silver,
4640,Suriito HS Haar・Silver,
4641,Suriito GS Haar・Silver,
4642,Suriito HS Head・Red,
4643,Suriito GS Head・Red,
4644,Suriito HS Haar・Red,
4645,Suriito GS Haar・Red,
4646,Suriito HS Head・Blue,
4647,Suriito GS Head・Blue,
4648,Suriito HS Haar・Blue,
4649,Suriito GS Haar・Blue,
4650,Steno HS Helm・Peach,
4651,Steno GS Helm・Peach,
4652,Steno HS Cap・Peach,
4653,Steno GS Cap・Peach,
4654,Steno HS Helm・Blue,
4655,Steno GS Helm・Blue,
4656,Steno HS Cap・Blue,
4657,Steno GS Cap・Blue,
4658,Steno HS Helm・Red,
4659,Steno GS Helm・Red,
4660,Steno HS Cap・Red,
4661,Steno GS Cap・Red,
4662,Edio HC Helm・Red,
4663,Edio HS Helm・Red,
4664,Edio GS Helm・Red,
4665,Edio HC Mask・Red,
4666,Edio HS Mask・Red,
4667,Edio GS Mask・Red,
4668,Edio HC Helm・Yellow,
4669,Edio HS Helm・Yellow,
4670,Edio GS Helm・Yellow,
4671,Edio HC Mask・Yellow,
4672,Edio HS Mask・Yellow,
4673,Edio GS Mask・Yellow,
4674,Edio HC Helm・Black,
4675,Edio HS Helm・Black,
4676,Edio GS Helm・Black,
4677,Edio HC Mask・Black,
4678,Edio HS Mask・Black,
4679,Edio GS Mask・Black,
4680,Galitos HC Head・Red,
4681,Galitos HS Head・Red,
4682,Galitos GS Head・Red,
4683,Galitos HC Band・Red,
4684,Galitos HS Band・Red,
4685,Galitos GS Band・Red,
4686,Galitos HC Head・Black,
4687,Galitos HS Head・Black,
4688,Galitos GS Head・Black,
4689,Galitos HC Band・Black,
4690,Galitos HS Band・Black,
4691,Galitos GS Band・Black,
4692,Galitos HC Head・Water,
4693,Galitos HS Head・Water,
4694,Galitos GS Head・Water,
4695,Galitos HC Band・Water,
4696,Galitos HS Band・Water,
4697,Galitos GS Band・Water,
4698,Star Festival FZ Mask [Blue 】,
4699,Star Festival HC Mask [Blue 】,
4700,Star Festival HS Mask [Blue 】,
4701,Star Festival GS Mask [Blue 】,
4702,Tanabata FZ Mask [Blue 】,
4703,Tanabata HC Mask [Blue 】,
4704,Tanabata HS Mask [Blue 】,
4705,Tanabata GS Mask [Blue 】,
4706,Star Festival FZ Mask [Black 】,
4707,Star Festival HC Mask [Black 】,
4708,Star Festival HS Mask [Black 】,
4709,Star Festival GS Mask [Black 】,
4710,Tanabata FZ Mask [Black 】,
4711,Tanabata HC Mask [Black 】,
4712,Tanabata HS Mask [Black 】,
4713,Tanabata GS Mask [Black 】,
4714,Star Festival FZ Mask [White 】,
4715,Star Festival HC Mask [White 】,
4716,Star Festival HS Mask [White 】,
4717,Star Festival GS Mask [White 】,
4718,Tanabata FZ Mask [White 】,
4719,Tanabata HC Mask [White 】,
4720,Tanabata HS Mask [White 】,
4721,Tanabata GS Mask [White 】,
4722,ダミー,
4723,ダミー,
4724,ダミー,
4725,ダミー,
4726,ダミー,
4727,ダミー,
4728,ダミー,
4729,ダミー,
4730,ダミー,
4731,ダミー,
4732,ダミー,
4733,ダミー,
4734,Welf HS Helm,
4735,Welf GS Helm,
4736,Welf HS Cap,
4737,Welf GS Cap,
4738,テリオグHS Helm,
4739,テリオグGS Helm,
4740,テリオグHS Cap,
4741,テリオグGS Cap,
4742,Beil HS Earrings,
4743,Beil GS Earrings,
4744,Miku Head・White,
4745,Miku F Head・White,
4746,Miku FZ Head・White,
4747,Miku HC Head・White,
4748,Miku HS Head・White,
4749,Miku GS Head・White,
4750,Miku Piercing・White,
4751,Miku F Piercing・White,
4752,Miku FZ Piercing・White,
4753,Miku HC Piercing・White,
4754,Miku HS Piercing・White,
4755,Miku GS Piercing・White,
4756,Miku Head・Yellow,
4757,Miku F Head・Yellow,
4758,Miku FZ Head・Yellow,
4759,Miku HC Head・Yellow,
4760,Miku HS Head・Yellow,
4761,Miku GS Head・Yellow,
4762,Miku Piercing・Yellow,
4763,Miku F Piercing・Yellow,
4764,Miku FZ Piercing・Yellow,
4765,Miku HC Piercing・Yellow,
4766,Miku HS Piercing・Yellow,
4767,Miku GS Piercing・Yellow,
4768,Miku Head・Black,
4769,Miku F Head・Black,
4770,Miku FZ Head・Black,
4771,Miku HC Head・Black,
4772,Miku HS Head・Black,
4773,Miku GS Head・Black,
4774,Miku Piercing・Black,
4775,Miku F Piercing・Black,
4776,Miku FZ Piercing・Black,
4777,Miku HC Piercing・Black,
4778,Miku HS Piercing・Black,
4779,Miku GS Piercing・Black,
4780,Miku Head・Brown,
4781,Miku F Head・Brown,
4782,Miku FZ Head・Brown,
4783,Miku HC Head・Brown,
4784,Miku HS Head・Brown,
4785,Miku GS Head・Brown,
4786,Miku Piercing・Brown,
4787,Miku F Piercing・Brown,
4788,Miku FZ Piercing・Brown,
4789,Miku HC Piercing・Brown,
4790,Miku HS Piercing・Brown,
4791,Miku GS Piercing・Brown,
4792,Veloci G Helm,
4793,Veloci GF Helm,
4794,Veloci GX Helm,
4795,Veloci G Cap,
4796,Veloci GF Cap,
4797,Veloci GX Cap,
4798,Io G Helm,
4799,Io GF Helm,
4800,Io GX Helm,
4801,Io G Cap,
4802,Io GF Cap,
4803,Io GX Cap,
4804,Gen G Helm,
4805,Gen GF Helm,
4806,Gen GX Helm,
4807,Gen G Cap,
4808,Gen GF Cap,
4809,Gen GX Cap,
4810,Cepha G Helm,
4811,Cepha GF Helm,
4812,Cepha GX Helm,
4813,Cepha G Cap,
4814,Cepha GF Cap,
4815,Cepha GX Cap,
4816,Diablos G Helm,
4817,Diablos GF Helm,
4818,Diablos GX Helm,
4819,Diablos G Cap,
4820,Diablos GF Cap,
4821,Diablos GX Cap,
4822,Plesioth G Helm,
4823,Plesioth GF Helm,
4824,Plesioth GX Helm,
4825,Plesioth G Cap,
4826,Plesioth GF Cap,
4827,Plesioth GX Cap,
4828,Beru G Helm,
4829,Beru GF Helm,
4830,Beru GX Helm,
4831,Beru G Cap,
4832,Beru GF Cap,
4833,Beru GX Cap,
4834,Black Gravios G Helm,
4835,Black Gravios GF Helm,
4836,Black Gravios GX Helm,
4837,Black Gravios G Cap,
4838,Black Gravios GF Cap,
4839,Black Gravios GX Cap,
4840,Lune G Helm,
4841,Lune GF Helm,
4842,Lune GX Helm,
4843,Lune G Cap,
4844,Lune GF Cap,
4845,Lune GX Cap,
4846,Stroma Helm,
4847,Stroma F Helm,
4848,Stroma FX Helm,
4849,Stroma G Helm,
4850,Stroma Cap,
4851,Stroma F Cap,
4852,Stroma FX Cap,
4853,Stroma G Cap,
4854,Plunder G Helm,
4855,Plunder GF Helm,
4856,Plunder GX Helm,
4857,Plunder G Cap,
4858,Plunder GF Cap,
4859,Plunder GX Cap,
4860,Altera Helm,
4861,Altera F Helm,
4862,Altera FX Helm,
4863,Altera G Helm,
4864,Altera GF Helm,
4865,Altera Cap,
4866,Altera F Cap,
4867,Altera FX Cap,
4868,Altera G Cap,
4869,Altera GF Cap,
4870,Dragon G Head,
4871,Dragon GF Head,
4872,Dragon GX Head,
4873,Dragon G Face,
4874,Dragon GF Face,
4875,Dragon GX Face,
4876,Iriku Helm,
4877,Iriku F Helm,
4878,Iriku FX Helm,
4879,Iriku HC Helm,
4880,Iriku Cap,
4881,Iriku F Cap,
4882,Iriku FX Cap,
4883,Iriku HC Cap,
4884,Iriku G Helm,
4885,Iriku GF Helm,
4886,Iriku GX Helm,
4887,Iriku G Cap,
4888,Iriku GF Cap,
4889,Iriku GX Cap,
4890,Afti G Helm,
4891,Afti GF Helm,
4892,Afti GX Helm,
4893,Afti G Cap,
4894,Afti GF Cap,
4895,Afti GX Cap,
4896,Secuti Helm・Black,
4897,Secuti F Helm・Black,
4898,Secuti FZ Helm・Black,
4899,Secuti HS Helm・Black,
4900,Secuti GS Helm・Black,
4901,Secuti GP Helm・Black,
4902,Secuti Mask・Black,
4903,Secuti F Mask・Black,
4904,Secuti FZ Mask・Black,
4905,Secuti HS Mask・Black,
4906,Secuti GS Mask・Black,
4907,Secuti GP Mask・Black,
4908,Secuti Helm・Blue,
4909,Secuti F Helm・Blue,
4910,Secuti FZ Helm・Blue,
4911,Secuti HS Helm・Blue,
4912,Secuti GS Helm・Blue,
4913,Secuti GP Helm・Blue,
4914,Secuti Mask・Blue,
4915,Secuti F Mask・Blue,
4916,Secuti FZ Mask・Blue,
4917,Secuti HS Mask・Blue,
4918,Secuti GS Mask・Blue,
4919,Secuti GP Mask・Blue,
4920,Secuti Helm・Red,
4921,Secuti F Helm・Red,
4922,Secuti FZ Helm・Red,
4923,Secuti HS Helm・Red,
4924,Secuti GS Helm・Red,
4925,Secuti GP Helm・Red,
4926,Secuti Mask・Red,
4927,Secuti F Mask・Red,
4928,Secuti FZ Mask・Red,
4929,Secuti HS Mask・Red,
4930,Secuti GS Mask・Red,
4931,Secuti GP Mask・Red,
4932,Secuti Helm・White,
4933,Secuti F Helm・White,
4934,Secuti FZ Helm・White,
4935,Secuti HS Helm・White,
4936,Secuti GS Helm・White,
4937,Secuti GP Helm・White,
4938,Secuti Mask・White,
4939,Secuti F Mask・White,
4940,Secuti FZ Mask・White,
4941,Secuti HS Mask・White,
4942,Secuti GS Mask・White,
4943,Secuti GP Mask・White,
4944,Gelt Helm・Black,
4945,Gelt F Helm・Black,
4946,Gelt FZ Helm・Black,
4947,Gelt HS Helm・Black,
4948,Gelt GS Helm・Black,
4949,Gelt GP Helm・Black,
4950,Gelt Mask・Black,
4951,Gelt F Mask・Black,
4952,Gelt FZ Mask・Black,
4953,Gelt HS Mask・Black,
4954,Gelt GS Mask・Black,
4955,Gelt GP Mask・Black,
4956,Gelt Helm・Copper,
4957,Gelt F Helm・Copper,
4958,Gelt FZ Helm・Copper,
4959,Gelt HS Helm・Copper,
4960,Gelt GS Helm・Copper,
4961,Gelt GP Helm・Copper,
4962,Gelt Mask・Copper,
4963,Gelt F Mask・Copper,
4964,Gelt FZ Mask・Copper,
4965,Gelt HS Mask・Copper,
4966,Gelt GS Mask・Copper,
4967,Gelt GP Mask・Copper,
4968,Gelt Helm・Silver,
4969,Gelt F Helm・Silver,
4970,Gelt FZ Helm・Silver,
4971,Gelt HS Helm・Silver,
4972,Gelt GS Helm・Silver,
4973,Gelt GP Helm・Silver,
4974,Gelt Mask・Silver,
4975,Gelt F Mask・Silver,
4976,Gelt FZ Mask・Silver,
4977,Gelt HS Mask・Silver,
4978,Gelt GS Mask・Silver,
4979,Gelt GP Mask・Silver,
4980,Gelt Helm・Gold,
4981,Gelt F Helm・Gold,
4982,Gelt FZ Helm・Gold,
4983,Gelt HS Helm・Gold,
4984,Gelt GS Helm・Gold,
4985,Gelt GP Helm・Gold,
4986,Gelt Mask・Gold,
4987,Gelt F Mask・Gold,
4988,Gelt FZ Mask・Gold,
4989,Gelt HS Mask・Gold,
4990,Gelt GS Mask・Gold,
4991,Gelt GP Mask・Gold,
4992,Shoko Head,
4993,Shoko F Head,
4994,Shoko FZ Head,
4995,Shoko HS Head,
4996,Shoko GS Head,
4997,Shoko GP Head,
4998,Shoko Band,
4999,Shoko F Band,
5000,Shoko FZ Band,
5001,Shoko HS Band,
5002,Shoko GS Band,
5003,Shoko GP Band,
5004,Genom Head・Green,
5005,Genom F Head・Green,
5006,Genom FZ Head・Green,
5007,Genom HS Head・Green,
5008,Genom GS Head・Green,
5009,Genom GP Head・Green,
5010,Genom Mask・Green,
5011,Genom F Mask・Green,
5012,Genom FZ Mask・Green,
5013,Genom HS Mask・Green,
5014,Genom GS Mask・Green,
5015,Genom GP Mask・Green,
5016,Genom Head・Water,
5017,Genom F Head・Water,
5018,Genom FZ Head・Water,
5019,Genom HS Head・Water,
5020,Genom GS Head・Water,
5021,Genom GP Head・Water,
5022,Genom Mask・Water,
5023,Genom F Mask・Water,
5024,Genom FZ Mask・Water,
5025,Genom HS Mask・Water,
5026,Genom GS Mask・Water,
5027,Genom GP Mask・Water,
5028,Genom Head・Red,
5029,Genom F Head・Red,
5030,Genom FZ Head・Red,
5031,Genom HS Head・Red,
5032,Genom GS Head・Red,
5033,Genom GP Head・Red,
5034,Genom Mask・Red,
5035,Genom F Mask・Red,
5036,Genom FZ Mask・Red,
5037,Genom HS Mask・Red,
5038,Genom GS Mask・Red,
5039,Genom GP Mask・Red,
5040,Genom Head・Purple,
5041,Genom F Head・Purple,
5042,Genom FZ Head・Purple,
5043,Genom HS Head・Purple,
5044,Genom GS Head・Purple,
5045,Genom GP Head・Purple,
5046,Genom Mask・Purple,
5047,Genom F Mask・Purple,
5048,Genom FZ Mask・Purple,
5049,Genom HS Mask・Purple,
5050,Genom GS Mask・Purple,
5051,Genom GP Mask・Purple,
5052,Divol Head Green,
5053,Divol F Head Green,
5054,Divol FZ Head Green,
5055,Divol HS Head Green,
5056,Divol GS Head Green,
5057,Divol GP Head Green,
5058,Divol Mask Green,
5059,Divol F Mask Green,
5060,Divol FZ Mask Green,
5061,Divol HS Mask Green,
5062,Divol GS Mask Green,
5063,Divol GP Mask Green,
5064,Divol Head Tea,
5065,Divol F Head Tea,
5066,Divol FZ Head Tea,
5067,Divol HS Head Tea,
5068,Divol GS Head Tea,
5069,Divol GP Head Tea,
5070,Divol Mask Tea,
5071,Divol F Mask Tea,
5072,Divol FZ Mask Tea,
5073,Divol HS Mask Tea,
5074,Divol GS Mask Tea,
5075,Divol GP Mask Tea,
5076,Divol Head White,
5077,Divol F Head White,
5078,Divol FZ Head White,
5079,Divol HS Head White,
5080,Divol GS Head White,
5081,Divol GP Head White,
5082,Divol Mask White,
5083,Divol F Mask White,
5084,Divol FZ Mask White,
5085,Divol HS Mask White,
5086,Divol GS Mask White,
5087,Divol GP Mask White,
5088,Dante Head・Red,
5089,Dante F Head・Red,
5090,Dante FZ Head・Red,
5091,Dante HS Head・Red,
5092,Dante GS Head・Red,
5093,Dante GP Head・Red,
5094,Dante Wig・Red,
5095,Dante F Wig・Red,
5096,Dante FZ Wig・Red,
5097,Dante HS Wig・Red,
5098,Dante GS Wig・Red,
5099,Dante GP Wig・Red,
5100,Lady Head・White,
5101,Lady F Head・White,
5102,Lady FZ Head・White,
5103,Lady HS Head・White,
5104,Lady GS Head・White,
5105,Lady GP Head・White,
5106,Lady Wig・White,
5107,Lady F Wig・White,
5108,Lady FZ Wig・White,
5109,Lady HS Wig・White,
5110,Lady GS Wig・White,
5111,Lady GP Wig・White,
5112,Dante Head・Black,
5113,Dante F Head・Black,
5114,Dante FZ Head・Black,
5115,Dante HS Head・Black,
5116,Dante GS Head・Black,
5117,Dante GP Head・Black,
5118,Dante Wig・Black,
5119,Dante F Wig・Black,
5120,Dante FZ Wig・Black,
5121,Dante HS Wig・Black,
5122,Dante GS Wig・Black,
5123,Dante GP Wig・Black,
5124,Lady Head・Black,
5125,Lady F Head・Black,
5126,Lady FZ Head・Black,
5127,Lady HS Head・Black,
5128,Lady GS Head・Black,
5129,Lady GP Head・Black,
5130,Lady Wig・Black,
5131,Lady F Wig・Black,
5132,Lady FZ Wig・Black,
5133,Lady HS Wig・Black,
5134,Lady GS Wig・Black,
5135,Lady GP Wig・Black,
5136,Dante Head・White,
5137,Dante F Head・White,
5138,Dante FZ Head・White,
5139,Dante HS Head・White,
5140,Dante GS Head・White,
5141,Dante GP Head・White,
5142,Dante Wig・White,
5143,Dante F Wig・White,
5144,Dante FZ Wig・White,
5145,Dante HS Wig・White,
5146,Dante GS Wig・White,
5147,Dante GP Wig・White,
5148,Lady Head・Red,
5149,Lady F Head・Red,
5150,Lady FZ Head・Red,
5151,Lady HS Head・Red,
5152,Lady GS Head・Red,
5153,Lady GP Head・Red,
5154,Lady Wig・Red,
5155,Lady F Wig・Red,
5156,Lady FZ Wig・Red,
5157,Lady HS Wig・Red,
5158,Lady GS Wig・Red,
5159,Lady GP Wig・Red,
5160,Dante Head・Green,
5161,Dante F Head・Green,
5162,Dante FZ Head・Green,
5163,Dante HS Head・Green,
5164,Dante GS Head・Green,
5165,Dante GP Head・Green,
5166,Dante Wig・Green,
5167,Dante F Wig・Green,
5168,Dante FZ Wig・Green,
5169,Dante HS Wig・Green,
5170,Dante GS Wig・Green,
5171,Dante GP Wig・Green,
5172,Lady Head・Green,
5173,Lady F Head・Green,
5174,Lady FZ Head・Green,
5175,Lady HS Head・Green,
5176,Lady GS Head・Green,
5177,Lady GP Head・Green,
5178,Lady Wig・Green,
5179,Lady F Wig・Green,
5180,Lady FZ Wig・Green,
5181,Lady HS Wig・Green,
5182,Lady GS Wig・Green,
5183,Lady GP Wig・Green,
5184,Shoryu FZ Hachimaki・White,
5185,Shoryu HS Hachimaki・White,
5186,Shoryu GS Hachimaki・White,
5187,Shoryu GP Hachimaki・White,
5188,Hadou FZ Hachimaki・White,
5189,Hadou HS Hachimaki・White,
5190,Hadou GS Hachimaki・White,
5191,Hadou GP Hachimaki・White,
5192,百裂FZお団子・Blue,
5193,百裂HSお団子・Blue,
5194,百裂GSお団子・Blue,
5195,百裂GPお団子・Blue,
5196,気功FZお団子・Blue,
5197,気功HSお団子・Blue,
5198,気功GSお団子・Blue,
5199,気功GPお団子・Blue,
5200,昇龍FZ Hachimaki・紺,
5201,昇龍HS Hachimaki・紺,
5202,昇龍GS Hachimaki・紺,
5203,昇龍GP Hachimaki・紺,
5204,波動FZ Hachimaki・紺,
5205,波動HS Hachimaki・紺,
5206,波動GS Hachimaki・紺,
5207,波動GP Hachimaki・紺,
5208,百裂FZお団子・Black,
5209,百裂HSお団子・Black,
5210,百裂GSお団子・Black,
5211,百裂GPお団子・Black,
5212,気功FZお団子・Black,
5213,気功HSお団子・Black,
5214,気功GSお団子・Black,
5215,気功GPお団子・Black,
5216,昇龍FZ Hachimaki・Yellow,
5217,昇龍HS Hachimaki・Yellow,
5218,昇龍GS Hachimaki・Yellow,
5219,昇龍GP Hachimaki・Yellow,
5220,波動FZ Hachimaki・Yellow,
5221,波動HS Hachimaki・Yellow,
5222,波動GS Hachimaki・Yellow,
5223,波動GP Hachimaki・Yellow,
5224,百裂FZお団子・Yellow,
5225,百裂HSお団子・Yellow,
5226,百裂GSお団子・Yellow,
5227,百裂GPお団子・Yellow,
5228,気功FZお団子・Yellow,
5229,気功HSお団子・Yellow,
5230,気功GSお団子・Yellow,
5231,気功GPお団子・Yellow,
5232,昇龍FZ Hachimaki・Purple,
5233,昇龍HS Hachimaki・Purple,
5234,昇龍GS Hachimaki・Purple,
5235,昇龍GP Hachimaki・Purple,
5236,波動FZ Hachimaki・Purple,
5237,波動HS Hachimaki・Purple,
5238,波動GS Hachimaki・Purple,
5239,波動GP Hachimaki・Purple,
5240,百裂FZお団子・Green,
5241,百裂HSお団子・Green,
5242,百裂GSお団子・Green,
5243,百裂GPお団子・Green,
5244,気功FZお団子・Green,
5245,気功HSお団子・Green,
5246,気功GSお団子・Green,
5247,気功GPお団子・Green,
5248,竜巻FZ Hachimaki・Black,
5249,竜巻HS Hachimaki・Black,
5250,竜巻GS Hachimaki・Black,
5251,竜巻GP Hachimaki・Black,
5252,True 空FZ Hachimaki・Black,
5253,True 空HS Hachimaki・Black,
5254,True 空GS Hachimaki・Black,
5255,True 空GP Hachimaki・Black,
5256,千裂FZお団子・Black,
5257,千裂HSお団子・Black,
5258,千裂GSお団子・Black,
5259,千裂GPお団子・Black,
5260,覇山FZお団子・Black,
5261,覇山HSお団子・Black,
5262,覇山GSお団子・Black,
5263,覇山GPお団子・Black,
5264,竜巻FZ Hachimaki・Tea,
5265,竜巻HS Hachimaki・Tea,
5266,竜巻GS Hachimaki・Tea,
5267,竜巻GP Hachimaki・Tea,
5268,True 空FZ Hachimaki・Tea,
5269,True 空HS Hachimaki・Tea,
5270,True 空GS Hachimaki・Tea,
5271,True 空GP Hachimaki・Tea,
5272,千裂FZお団子・Purple,
5273,千裂HSお団子・Purple,
5274,千裂GSお団子・Purple,
5275,千裂GPお団子・Purple,
5276,覇山FZお団子・Purple,
5277,覇山HSお団子・Purple,
5278,覇山GSお団子・Purple,
5279,覇山GPお団子・Purple,
5280,竜巻FZ Hachimaki・White,
5281,竜巻HS Hachimaki・White,
5282,竜巻GS Hachimaki・White,
5283,竜巻GP Hachimaki・White,
5284,True 空FZ Hachimaki・White,
5285,True 空HS Hachimaki・White,
5286,True 空GS Hachimaki・White,
5287,True 空GP Hachimaki・White,
5288,千裂FZお団子・White,
5289,千裂HSお団子・White,
5290,千裂GSお団子・White,
5291,千裂GPお団子・White,
5292,覇山FZお団子・White,
5293,覇山HSお団子・White,
5294,覇山GSお団子・White,
5295,覇山GPお団子・White,
5296,竜巻FZ Hachimaki・Blue,
5297,竜巻HS Hachimaki・Blue,
5298,竜巻GS Hachimaki・Blue,
5299,竜巻GP Hachimaki・Blue,
5300,True 空FZ Hachimaki・Blue,
5301,True 空HS Hachimaki・Blue,
5302,True 空GS Hachimaki・Blue,
5303,True 空GP Hachimaki・Blue,
5304,千裂FZお団子・Green,
5305,千裂HSお団子・Green,
5306,千裂GSお団子・Green,
5307,千裂GPお団子・Green,
5308,覇山FZお団子・Green,
5309,覇山HSお団子・Green,
5310,覇山GSお団子・Green,
5311,覇山GPお団子・Green,
5312,Demon FZ Head・Blue,
5313,Demon HS Head・Blue,
5314,Demon GS Head・Blue,
5315,Demon GP Head・Blue,
5316,Chaos FZ Head・Blue,
5317,Chaos HS Head・Blue,
5318,Chaos GS Head・Blue,
5319,Chaos GP Head・Blue,
5320,Shadow FZ Wig Purple,
5321,Shadow HS Wig Purple,
5322,Shadow GS Wig Purple,
5323,Shadow GP Wig Purple,
5324,Soul FZ Wig・Purple,
5325,Soul HS Wig・Purple,
5326,Soul GS Wig・Purple,
5327,Soul GP Wig・Purple,
5328,Demon FZ Head・Red,
5329,Demon HS Head・Red,
5330,Demon GS Head・Red,
5331,Demon GP Head・Red,
5332,Chaos FZ Head・Red,
5333,Chaos HS Head・Red,
5334,Chaos GS Head・Red,
5335,Chaos GP Head・Red,
5336,Shadow FZ Wig Red,
5337,Shadow HS Wig Red,
5338,Shadow GS Wig Red,
5339,Shadow GP Wig Red,
5340,Soul FZ Wig・Red,
5341,Soul HS Wig・Red,
5342,Soul GS Wig・Red,
5343,Soul GP Wig・Red,
5344,Demon FZ Head・Green,
5345,Demon HS Head・Green,
5346,Demon GS Head・Green,
5347,Demon GP Head・Green,
5348,Chaos FZ Head・Green,
5349,Chaos HS Head・Green,
5350,Chaos GS Head・Green,
5351,Chaos GP Head・Green,
5352,Shadow FZ Wig Green,
5353,Shadow HS Wig Green,
5354,Shadow GS Wig Green,
5355,Shadow GP Wig Green,
5356,Soul FZ Wig・Green,
5357,Soul HS Wig・Green,
5358,Soul GS Wig・Green,
5359,Soul GP Wig・Green,
5360,Demon FZ Head・White,
5361,Demon HS Head・White,
5362,Demon GS Head・White,
5363,Demon GP Head・White,
5364,Chaos FZ Head・White,
5365,Chaos HS Head・White,
5366,Chaos GS Head・White,
5367,Chaos GP Head・White,
5368,Shadow FZ Wig White,
5369,Shadow HS Wig White,
5370,Shadow GS Wig White,
5371,Shadow GP Wig White,
5372,Soul FZ Wig・White,
5373,Soul HS Wig・White,
5374,Soul GS Wig・White,
5375,Soul GP Wig・White,
5376,Issen GS Hachigane・Red,
5377,Issen GP Hachigane・Red,
5378,構射GS Hachigane・Red,
5379,構射GP Hachigane・Red,
5380,蜂針GS Hachigane・Orange,
5381,蜂針GP Hachigane・Orange,
5382,気弾GS Hachigane・Orange,
5383,気弾GP Hachigane・Orange,
5384,Issen GS Hachigane・Blue,
5385,Issen GP Hachigane・Blue,
5386,構射GS Hachigane・Blue,
5387,構射GP Hachigane・Blue,
5388,蜂針GS Hachigane・Blue,
5389,蜂針GP Hachigane・Blue,
5390,気弾GS Hachigane・Blue,
5391,気弾GP Hachigane・Blue,
5392,Issen GS Hachigane・Yellow,
5393,Issen GP Hachigane・Yellow,
5394,構射GS Hachigane・Yellow,
5395,構射GP Hachigane・Yellow,
5396,蜂針GS Hachigane・Yellow,
5397,蜂針GP Hachigane・Yellow,
5398,気弾GS Hachigane・Yellow,
5399,気弾GP Hachigane・Yellow,
5400,Issen GS Hachigane・Black,
5401,Issen GP Hachigane・Black,
5402,構射GS Hachigane・Black,
5403,構射GP Hachigane・Black,
5404,蜂針GS Hachigane・Black,
5405,蜂針GP Hachigane・Black,
5406,気弾GS Hachigane・Black,
5407,気弾GP Hachigane・Black,
5408,Shinryu GS Hachimaki・Red,
5409,Shinryu GP Hachimaki・Red,
5410,Reppa GS Hachimaki・Red,
5411,Reppa GP Hachimaki・Red,
5412,Cannon GS Beret・Water,
5413,Cannon GP Beret・Water,
5414,Axel GS Beret・Water,
5415,Axel GP Beret・Water,
5416,Shinryu GS Hachimaki・White,
5417,Shinryu GP Hachimaki・White,
5418,Reppa GS Hachimaki・White,
5419,Reppa GP Hachimaki・White,
5420,Cannon GS Beret・Green,
5421,Cannon GP Beret・Green,
5422,Axel GS Beret・Green,
5423,Axel GP Beret・Green,
5424,Shinryu GS Hachimaki・Purple,
5425,Shinryu GP Hachimaki・Purple,
5426,Reppa GS Hachimaki・Purple,
5427,Reppa GP Hachimaki・Purple,
5428,Cannon GS Beret・Peach,
5429,Cannon GP Beret・Peach,
5430,Axel GS Beret・Peach,
5431,Axel GP Beret・Peach,
5432,Shinryu GS Hachimaki・Yellow,
5433,Shinryu GP Hachimaki・Yellow,
5434,Reppa GS Hachimaki・Yellow,
5435,Reppa GP Hachimaki・Yellow,
5436,Cannon GS Beret・Purple,
5437,Cannon GP Beret・Purple,
5438,Axel GS Beret・Purple,
5439,Axel GP Beret・Purple,
5440,Garuda HS Head,
5441,Garuda GS Head,
5442,Garuda GP Head,
5443,Garuda HS Piercing,
5444,Garuda GS Piercing,
5445,Garuda GP Piercing,
5446,Feral HS Head,
5447,Feral GS Head,
5448,Feral GP Head,
5449,Feral HS Piercing,
5450,Feral GS Piercing,
5451,Feral GP Piercing,
5452,Fias HS Head,
5453,Fias GS Head,
5454,Fias GP Head,
5455,Fias HS Piercing,
5456,Fias GS Piercing,
5457,Fias GP Piercing,
5458,Viruto HS Head,
5459,Viruto GS Head,
5460,Viruto GP Head,
5461,Viruto HS Piercing,
5462,Viruto GS Piercing,
5463,Viruto GP Piercing,
5464,Falco HS Helm,
5465,Falco GS Helm,
5466,Falco GP Helm,
5467,Falco HS Cap,
5468,Falco GS Cap,
5469,Falco GP Cap,
5470,Howx HS Helm,
5471,Howx GS Helm,
5472,Howx GP Helm,
5473,Howx HS Cap,
5474,Howx GS Cap,
5475,Howx GP Cap,
5476,Gauss HS Helm,
5477,Gauss GS Helm,
5478,Gauss GP Helm,
5479,Gauss HS Mask,
5480,Gauss GS Mask,
5481,Gauss GP Mask,
5482,Weber HS Helm,
5483,Weber GS Helm,
5484,Weber GP Helm,
5485,Weber HS Mask,
5486,Weber GS Mask,
5487,Weber GP Mask,
5488,Gilbert HS Helm,
5489,Gilbert GS Helm,
5490,Gilbert GP Helm,
5491,Gilbert HS Mask,
5492,Gilbert GS Mask,
5493,Gilbert GP Mask,
5494,Bright GP Helm,
5495,Bright GP Cap,
5496,Juari GP Helm,
5497,Juari GP Cap,
5498,Tinku GP Helm,
5499,Tinku GP Cap,
5500,Luxt Helm,
5501,Luxt F Helm,
5502,Luxt FY Helm,
5503,Luxt HS Helm,
5504,Luxt Cap,
5505,Luxt F Cap,
5506,Luxt FY Cap,
5507,Luxt HS Cap,
5508,Luxt G Helm,
5509,Luxt GF Helm,
5510,Luxt GX Helm,
5511,Luxt G Cap,
5512,Luxt GF Cap,
5513,Luxt GX Cap,
5514,Oleum Helm,
5515,Oleum F Helm,
5516,Oleum FY Helm,
5517,Oleum HS Helm,
5518,Oleum Cap,
5519,Oleum F Cap,
5520,Oleum FY Cap,
5521,Oleum HS Cap,
5522,Oleum G Helm,
5523,Oleum GF Helm,
5524,Oleum GX Helm,
5525,Oleum G Cap,
5526,Oleum GF Cap,
5527,Oleum GX Cap,
5528,Kuranto Helm,
5529,Kuranto F Helm,
5530,Kuranto FY Helm,
5531,Kuranto HS Helm,
5532,Kuranto Cap,
5533,Kuranto F Cap,
5534,Kuranto FY Cap,
5535,Kuranto HS Cap,
5536,Kuranto G Helm,
5537,Kuranto GF Helm,
5538,Kuranto GX Helm,
5539,Kuranto G Cap,
5540,Kuranto GF Cap,
5541,Kuranto GX Cap,
5542,Yupuk Helm,
5543,Yupuk F Helm,
5544,Yupuk FY Helm,
5545,Yupuk HS Helm,
5546,Yupuk Cap,
5547,Yupuk F Cap,
5548,Yupuk FY Cap,
5549,Yupuk HS Cap,
5550,Yupuk G Helm,
5551,Yupuk GF Helm,
5552,Yupuk GX Helm,
5553,Yupuk G Cap,
5554,Yupuk GF Cap,
5555,Yupuk GX Cap,
5556,Higakure G Helm,
5557,Higakure GF Helm,
5558,Higakure GX Helm,
5559,Higakure G Cap,
5560,Higakure GF Cap,
5561,Higakure GX Cap,
5562,Konseru G Helm,
5563,Konseru GF Helm,
5564,Konseru GX Helm,
5565,Konseru G Cap,
5566,Konseru GF Cap,
5567,Konseru GX Cap,
5568,Diru G Head,
5569,Diru GF Head,
5570,Diru GX Head,
5571,Diru G Wig,
5572,Diru GF Wig,
5573,Diru GX Wig,
5574,コルヌー Head,
5575,コピアイ Head,
5576,コルヌー Piercing,
5577,コピアイ Piercing,
5578,メトリー Helm・Blue,
5579,メトリーF Helm・Blue,
5580,メトリーFZ Helm・Blue,
5581,メトリーHC Helm・Blue,
5582,メトリーHS Helm・Blue,
5583,メトリーGS Helm・Blue,
5584,メトリー Mask・Blue,
5585,メトリーF Mask・Blue,
5586,メトリーFZ Mask・Blue,
5587,メトリーHC Mask・Blue,
5588,メトリーHS Mask・Blue,
5589,メトリーGS Mask・Blue,
5590,メトリー Helm・White,
5591,メトリーF Helm・White,
5592,メトリーFZ Helm・White,
5593,メトリーHC Helm・White,
5594,メトリーHS Helm・White,
5595,メトリーGS Helm・White,
5596,メトリー Mask・White,
5597,メトリーF Mask・White,
5598,メトリーFZ Mask・White,
5599,メトリーHC Mask・White,
5600,メトリーHS Mask・White,
5601,メトリーGS Mask・White,
5602,メトリー Helm・Red,
5603,メトリーF Helm・Red,
5604,メトリーFZ Helm・Red,
5605,メトリーHC Helm・Red,
5606,メトリーHS Helm・Red,
5607,メトリーGS Helm・Red,
5608,メトリー Mask・Red,
5609,メトリーF Mask・Red,
5610,メトリーFZ Mask・Red,
5611,メトリーHC Mask・Red,
5612,メトリーHS Mask・Red,
5613,メトリーGS Mask・Red,
5614,メトリー Helm・Green,
5615,メトリーF Helm・Green,
5616,メトリーFZ Helm・Green,
5617,メトリーHC Helm・Green,
5618,メトリーHS Helm・Green,
5619,メトリーGS Helm・Green,
5620,メトリー Mask・Green,
5621,メトリーF Mask・Green,
5622,メトリーFZ Mask・Green,
5623,メトリーHC Mask・Green,
5624,メトリーHS Mask・Green,
5625,メトリーGS Mask・Green,
5626,Nova Helm,
5627,Nova F Helm,
5628,Nova FZ Helm,
5629,Nova HC Helm,
5630,Nova HS Helm,
5631,Nova GS Helm,
5632,Nova Mask,
5633,Nova F Mask,
5634,Nova FZ Mask,
5635,Nova HC Mask,
5636,Nova HS Mask,
5637,Nova GS Mask,
5638,Flora Helm,
5639,Frau Head,
5640,Lea Helm,
5641,Keith Helm,
5642,Guinelle Head,
5643,Circa Head,
5644,Edward Piercing,
5645,Taizo Head,
5646,Tiala Cap,
5647,Uwel Piercing,
5648,Natasha Head,
5649,ダミー,
5650,アミロ Helm・Blue,
5651,アミロF Helm・Blue,
5652,アミロFZ Helm・Blue,
5653,アミロHC Helm・Blue,
5654,アミロHS Helm・Blue,
5655,アミロGS Helm・Blue,
5656,アミロ Mask・Blue,
5657,アミロF Mask・Blue,
5658,アミロFZ Mask・Blue,
5659,アミロHC Mask・Blue,
5660,アミロHS Mask・Blue,
5661,アミロGS Mask・Blue,
5662,アミロ Helm・Red,
5663,アミロF Helm・Red,
5664,アミロFZ Helm・Red,
5665,アミロHC Helm・Red,
5666,アミロHS Helm・Red,
5667,アミロGS Helm・Red,
5668,アミロ Mask・Red,
5669,アミロF Mask・Red,
5670,アミロFZ Mask・Red,
5671,アミロHC Mask・Red,
5672,アミロHS Mask・Red,
5673,アミロGS Mask・Red,
5674,アミロ Helm・Yellow,
5675,アミロF Helm・Yellow,
5676,アミロFZ Helm・Yellow,
5677,アミロHC Helm・Yellow,
5678,アミロHS Helm・Yellow,
5679,アミロGS Helm・Yellow,
5680,アミロ Mask・Yellow,
5681,アミロF Mask・Yellow,
5682,アミロFZ Mask・Yellow,
5683,アミロHC Mask・Yellow,
5684,アミロHS Mask・Yellow,
5685,アミロGS Mask・Yellow,
5686,アミロ Helm・Black,
5687,アミロF Helm・Black,
5688,アミロFZ Helm・Black,
5689,アミロHC Helm・Black,
5690,アミロHS Helm・Black,
5691,アミロGS Helm・Black,
5692,アミロ Mask・Black,
5693,アミロF Mask・Black,
5694,アミロFZ Mask・Black,
5695,アミロHC Mask・Black,
5696,アミロHS Mask・Black,
5697,アミロGS Mask・Black,
5698,Pisces Helm,
5699,Pisces F Helm,
5700,Pisces FZ Helm,
5701,Pisces HC Helm,
5702,Pisces HS Helm,
5703,Pisces GS Helm,
5704,Pisces Mask,
5705,Pisces F Mask,
5706,Pisces FZ Mask,
5707,Pisces HC Mask,
5708,Pisces HS Mask,
5709,Pisces GS Mask,
5710,Azul G Head,
5711,Azul GF Head,
5712,Azul GX Head,
5713,Azul G Wig,
5714,Azul GF Wig,
5715,Azul GX Wig,
5716,Entora G Helm,
5717,Entora GF Helm,
5718,Entora GX Helm,
5719,Entora G Cap,
5720,Entora GF Cap,
5721,Entora GX Cap,
5722,Holy King Head,
5723,Holy King F Head,
5724,Holy King FZ Head,
5725,Holy King HS Head,
5726,Holy King GS Head,
5727,Holy King GP Head,
5728,Holy King Wig,
5729,Holy King F Wig,
5730,Holy King FZ Wig,
5731,Holy King HS Wig,
5732,Holy King GS Wig,
5733,Holy King GP Wig,
5734,Hero King Head,
5735,Hero King F Head,
5736,Hero King FZ Head,
5737,Hero King HS Head,
5738,Hero King GS Head,
5739,Hero King GP Head,
5740,Hero King Wig,
5741,Hero King F Wig,
5742,Hero King FZ Wig,
5743,Hero King HS Wig,
5744,Hero King GS Wig,
5745,Hero King GP Wig,
5746,雷刃 Hachimaki,
5747,雷刃F Hachimaki,
5748,雷刃FZ Hachimaki,
5749,雷刃HS Hachimaki,
5750,雷刃GS Hachimaki,
5751,雷刃GP Hachimaki,
5752,迅雷 Hachimaki,
5753,迅雷F Hachimaki,
5754,迅雷FZ Hachimaki,
5755,迅雷HS Hachimaki,
5756,迅雷GS Hachimaki,
5757,迅雷GP Hachimaki,
5758,Heaven 星お団子,
5759,Heaven 星Fお団子,
5760,Heaven 星FZお団子,
5761,Heaven 星HSお団子,
5762,Heaven 星GSお団子,
5763,Heaven 星GPお団子,
5764,飛燕お団子,
5765,飛燕Fお団子,
5766,飛燕FZお団子,
5767,飛燕HSお団子,
5768,飛燕GSお団子,
5769,飛燕GPお団子,
5770,Bat Head,
5771,Bat F Head,
5772,Bat FZ Head,
5773,Bat HS Head,
5774,Bat GS Head,
5775,Bat GP Head,
5776,Knight Head,
5777,Knight F Head,
5778,Knight FZ Head,
5779,Knight HS Head,
5780,Knight GS Head,
5781,Knight GP Head,
5782,Shell Wig,
5783,Shell F Wig,
5784,Shell FZ Wig,
5785,Shell HS Wig,
5786,Shell GS Wig,
5787,Shell GP Wig,
5788,Vector Wig,
5789,Vector F Wig,
5790,Vector FZ Wig,
5791,Vector HS Wig,
5792,Vector GS Wig,
5793,Vector GP Wig,
5794,サーブル Piercing,
5795,サーブルF Piercing,
5796,サーブルFZ Piercing,
5797,サーブルHS Piercing,
5798,サーブルGS Piercing,
5799,サーブルGP Piercing,
5800,サーブル Haar,
5801,サーブルF Haar,
5802,サーブルFZ Haar,
5803,サーブルHS Haar,
5804,サーブルGS Haar,
5805,サーブルGP Haar,
5806,ルワージュ Head,
5807,ルワージュF Head,
5808,ルワージュFZ Head,
5809,ルワージュHS Head,
5810,ルワージュGS Head,
5811,ルワージュGP Head,
5812,ルワージュ Piercing,
5813,ルワージュF Piercing,
5814,ルワージュFZ Piercing,
5815,ルワージュHS Piercing,
5816,ルワージュGS Piercing,
5817,ルワージュGP Piercing,
5818,ノメル Head,
5819,ノメルF Head,
5820,ノメルFZ Head,
5821,ノメルHS Head,
5822,ノメルGS Head,
5823,ノメルGP Head,
5824,ノメル Cap,
5825,ノメルF Cap,
5826,ノメルFZ Cap,
5827,ノメルHS Cap,
5828,ノメルGS Cap,
5829,ノメルGP Cap,
5830,Hero King Earring BM Gold,
5831,Hero King Earring BM F Gold,
5832,Hero King Earring BM FZ Gold,
5833,Hero King Earring BM HS Gold,
5834,Hero King Earring BM GS Gold,
5835,Hero King Earring BM GP Gold,
5836,Hero King Earring GN Gold,
5837,Hero King Earring GN F Gold,
5838,Hero King Earring GN FZ Gold,
5839,Hero King Earring GN HS Gold,
5840,Hero King Earring GN GS Gold,
5841,Hero King Earring GN GP Gold,
5842,Gorgon Head・Black,
5843,Gorgon F Head・Black,
5844,Gorgon FZ Head・Black,
5845,Gorgon HS Head・Black,
5846,Gorgon GS Head・Black,
5847,Gorgon GP Head・Black,
5848,Gorgon Mask・Black,
5849,Gorgon F Mask・Black,
5850,Gorgon FZ Mask・Black,
5851,Gorgon HS Mask・Black,
5852,Gorgon GS Mask・Black,
5853,Gorgon GP Mask・Black,
5854,Baruragaru Beretta,
5855,Baruragaru Beretta F,
5856,シャン Corsage,
5857,シャン Corsage F,
5858,グリンデ Piercing,
5859,グリンデF Piercing,
5860,グリンデFZ Piercing,
5861,グリンデHC Piercing,
5862,グリンデHS Piercing,
5863,グリンデGS Piercing,
5864,Contra Piercing,
5865,Contra F Piercing,
5866,Contra FX Piercing,
5867,Contra HS Piercing,
5868,Contra G Piercing,
5869,Contra GF Piercing,
5870,Jintora Piercing,
5871,Jintora F Piercing,
5872,Jintora FX Piercing,
5873,Jintora HS Piercing,
5874,Jintora G Piercing,
5875,Jintora GF Piercing,
5876,Antora Piercing,
5877,Antora F Piercing,
5878,Antora FX Piercing,
5879,Antora HS Piercing,
5880,Antora G Piercing,
5881,Antora GF Piercing,
5882,Bintora Piercing,
5883,Bintora F Piercing,
5884,Bintora FX Piercing,
5885,Bintora HS Piercing,
5886,Bintora G Piercing,
5887,Bintora GF Piercing,
5888,Tantora Piercing,
5889,Tantora F Piercing,
5890,Tantora FX Piercing,
5891,Tantora HS Piercing,
5892,Tantora G Piercing,
5893,Tantora GF Piercing,
5894,－－－－,
5895,－－－－,
5896,ダミー,
5897,ダミー,
5898,ダミー,
5899,ダミー,
5900,Kruss HS Head,
5901,Kruss GS Head,
5902,Kruss GP Head,
5903,Quote HS Piercing,
5904,Quote GS Piercing,
5905,Quote GP Piercing,
5906,Starina HS Head,
5907,Starina GS Head,
5908,Starina GP Head,
5909,Starina HS Piercing,
5910,Starina GS Piercing,
5911,Starina GP Piercing,
5912,Loose HS Head,
5913,Loose GS Head,
5914,Loose GP Head,
5915,Loose HS Piercing,
5916,Loose GS Piercing,
5917,Loose GP Piercing,
5918,Mirado HS Head,
5919,Mirado GS Head,
5920,Mirado GP Head,
5921,Mirado HS Piercing,
5922,Mirado GS Piercing,
5923,Mirado GP Piercing,
5924,Pirata HS Head,
5925,Pirata GS Head,
5926,Pirata GP Head,
5927,Pirata HS Cap,
5928,Pirata GS Cap,
5929,Pirata GP Cap,
5930,Zeroi HS Head,
5931,Zeroi GS Head,
5932,Zeroi GP Head,
5933,Zeroi HS Cap,
5934,Zeroi GS Cap,
5935,Zeroi GP Cap,
5936,Deyuru HS Helm,
5937,Deyuru GS Helm,
5938,Deyuru GP Helm,
5939,Deyuru HS Cap,
5940,Deyuru GS Cap,
5941,Deyuru GP Cap,
5942,Robust HS Glare,
5943,Robust GS Glare,
5944,Robust GP Glare,
5945,Robust HS Face,
5946,Robust GS Face,
5947,Robust GP Face,
5948,Fireworks GS Hachigane,
5949,Fireworks GP Hachigane,
5950,Shooting Star GS Hachigane,
5951,Shooting Star GP Hachigane,
5952,Bunny FZ Band・Black,
5953,Bunny HS Band・Black,
5954,Bunny GS Band・Black,
5955,Bunny GP Band・Black,
5956,Bunny FZ Band・White,
5957,Bunny HS Band・White,
5958,Bunny GS Band・White,
5959,Bunny GP Band・White,
5960,Bunny FZ Band・Red,
5961,Bunny HS Band・Red,
5962,Bunny GS Band・Red,
5963,Bunny GP Band・Red,
5964,Bunny FZ Band・Purple,
5965,Bunny HS Band・Purple,
5966,Bunny GS Band・Purple,
5967,Bunny GP Band・Purple,
5968,Bunny FZ Head・Black,
5969,Bunny HS Head・Black,
5970,Bunny GS Head・Black,
5971,Bunny GP Head・Black,
5972,Bunny FZ Head・White,
5973,Bunny HS Head・White,
5974,Bunny GS Head・White,
5975,Bunny GP Head・White,
5976,Bunny FZ Head・Red,
5977,Bunny HS Head・Red,
5978,Bunny GS Head・Red,
5979,Bunny GP Head・Red,
5980,Bunny FZ Head・Purple,
5981,Bunny HS Head・Purple,
5982,Bunny GS Head・Purple,
5983,Bunny GP Head・Purple,
5984,Miku GP Head,
5985,Miku GP Piercing,
5986,Miku GP Head・White,
5987,Miku GP Piercing・White,
5988,Miku GP Head・Yellow,
5989,Miku GP Piercing・Yellow,
5990,Miku GP Head・Black,
5991,Miku GP Piercing・Black,
5992,Miku GP Head・Brown,
5993,Miku GP Piercing・Brown,
5994,Akahara Reisou BM Head GP Red,
5995,Akahara Reisou GN Head GP Red,
5996,Akahara Reisou BM Head GP Blue,
5997,Akahara Reisou GN Head GP Blue,
5998,Akahara Reisou BM Head GP Black,
5999,Akahara Reisou GN Head GP Black,
6000,Akahara Reisou BM Head GP White,
6001,Akahara Reisou GN Head GP White,
6002,Knight King Hair BM GP Blue,
6003,Knight King Hair GN GP Blue,
6004,Knight King Hair BM GP Red,
6005,Knight King Hair GN GP Red,
6006,Knight King Hair BM GP Black,
6007,Knight King Hair GN GP Black,
6008,Knight King Hair BM GP White,
6009,Knight King Hair GN GP White,
6010,蒼竜ノ具足GP【兜】,
6011,蒼竜ノ羽織GP【兜】,
6012,赤備ノ具足GP【兜】,
6013,赤備ノ羽織GP【兜】,
6014,Real GP Head・White,
6015,Real GP Head・Gold,
6016,Real GP Head・Blue,
6017,Real GP Head・Red,
6018,Real GP Mask・White,
6019,Real GP Mask・Gold,
6020,Real GP Mask・Blue,
6021,Real GP Mask・Red,
6022,Regelia GP Helm・White,
6023,Regelia GP Helm・Red,
6024,Regelia GP Helm・Green,
6025,Regelia GP Helm・Blue,
6026,Regelia GP Mask・White,
6027,Regelia GP Mask・Red,
6028,Regelia GP Mask・Green,
6029,Regelia GP Mask・Blue,
6030,Edio GP Helm・Blue,
6031,Edio GP Helm・Red,
6032,Edio GP Helm・Yellow,
6033,Edio GP Helm・Black,
6034,Edio GP Mask・Blue,
6035,Edio GP Mask・Red,
6036,Edio GP Mask・Yellow,
6037,Edio GP Mask・Black,
6038,Rast GS Head・Black,
6039,Rast GP Head・Black,
6040,Rast GS Haar・Black,
6041,Rast GP Haar・Black,
6042,Rast GS Head・Blue,
6043,Rast GP Head・Blue,
6044,Rast GS Haar・Blue,
6045,Rast GP Haar・Blue,
6046,Rast GS Head・Crimson,
6047,Rast GP Head・Crimson,
6048,Rast GS Haar・Crimson,
6049,Rast GP Haar・Crimson,
6050,Rast GS Head・White,
6051,Rast GP Head・White,
6052,Rast GS Haar・White,
6053,Rast GP Haar・White,
6054,Ciel FZ Earrings,
6055,Ciel HS Earrings,
6056,Ciel GS Earrings,
6057,Ciel GP Earrings,
6058,Omet HS Helm・Black,
6059,Omet GS Helm・Black,
6060,Omet GP Helm・Black,
6061,Omet HS Mask・Black,
6062,Omet GS Mask・Black,
6063,Omet GP Mask・Black,
6064,Omet HS Helm・Red,
6065,Omet GS Helm・Red,
6066,Omet GP Helm・Red,
6067,Omet HS Mask・Red,
6068,Omet GS Mask・Red,
6069,Omet GP Mask・Red,
6070,Omet HS Helm・White,
6071,Omet GS Helm・White,
6072,Omet GP Helm・White,
6073,Omet HS Mask・White,
6074,Omet GS Mask・White,
6075,Omet GP Mask・White,
6076,Omet HS Helm・Blue,
6077,Omet GS Helm・Blue,
6078,Omet GP Helm・Blue,
6079,Omet HS Mask・Blue,
6080,Omet GS Mask・Blue,
6081,Omet GP Mask・Blue,
6082,Gold FZ Helm・Red,
6083,Gold HS Helm・Red,
6084,Gold GS Helm・Red,
6085,Gold GP Helm・Red,
6086,Gold FZ Helm・Blue,
6087,Gold HS Helm・Blue,
6088,Gold GS Helm・Blue,
6089,Gold GP Helm・Blue,
6090,Gold FZ Helm・Yellow,
6091,Gold HS Helm・Yellow,
6092,Gold GS Helm・Yellow,
6093,Gold GP Helm・Yellow,
6094,Gold FZ Helm・Purple,
6095,Gold HS Helm・Purple,
6096,Gold GS Helm・Purple,
6097,Gold GP Helm・Purple,
6098,Gold FZ Mask・Red,
6099,Gold HS Mask・Red,
6100,Gold GS Mask・Red,
6101,Gold GP Mask・Red,
6102,Gold FZ Mask・Blue,
6103,Gold HS Mask・Blue,
6104,Gold GS Mask・Blue,
6105,Gold GP Mask・Blue,
6106,Gold FZ Mask・Yellow,
6107,Gold HS Mask・Yellow,
6108,Gold GS Mask・Yellow,
6109,Gold GP Mask・Yellow,
6110,Gold FZ Mask・Purple,
6111,Gold HS Mask・Purple,
6112,Gold GS Mask・Purple,
6113,Gold GP Mask・Purple,
6114,Shaln HS Head・Blue,
6115,Shaln GS Head・Blue,
6116,Shaln GP Head・Blue,
6117,Shaln HS Head・Green,
6118,Shaln GS Head・Green,
6119,Shaln GP Head・Green,
6120,Shaln HS Head・Purple,
6121,Shaln GS Head・Purple,
6122,Shaln GP Head・Purple,
6123,Shaln HS Head・White,
6124,Shaln GS Head・White,
6125,Shaln GP Head・White,
6126,Shaln HS Hat・Blue,
6127,Shaln GS Hat・Blue,
6128,Shaln GP Hat・Blue,
6129,Shaln HS Hat・Green,
6130,Shaln GS Hat・Green,
6131,Shaln GP Hat・Green,
6132,Shaln HS Hat・Purple,
6133,Shaln GS Hat・Purple,
6134,Shaln GP Hat・Purple,
6135,Shaln HS Hat・White,
6136,Shaln GS Hat・White,
6137,Shaln GP Hat・White,
6138,Aristo FZ Head・Blue,
6139,Aristo HS Head・Blue,
6140,Aristo GS Head・Blue,
6141,Aristo GP Head・Blue,
6142,Aristo FZ Head・White,
6143,Aristo HS Head・White,
6144,Aristo GS Head・White,
6145,Aristo GP Head・White,
6146,Aristo FZ Head・Purple,
6147,Aristo HS Head・Purple,
6148,Aristo GS Head・Purple,
6149,Aristo GP Head・Purple,
6150,Aristo FZ Head・Red,
6151,Aristo HS Head・Red,
6152,Aristo GS Head・Red,
6153,Aristo GP Head・Red,
6154,Aristo FZ Mask・Blue,
6155,Aristo HS Mask・Blue,
6156,Aristo GS Mask・Blue,
6157,Aristo GP Mask・Blue,
6158,Aristo FZ Mask・White,
6159,Aristo HS Mask・White,
6160,Aristo GS Mask・White,
6161,Aristo GP Mask・White,
6162,Aristo FZ Mask・Purple,
6163,Aristo HS Mask・Purple,
6164,Aristo GS Mask・Purple,
6165,Aristo GP Mask・Purple,
6166,Aristo FZ Mask・Red,
6167,Aristo HS Mask・Red,
6168,Aristo GS Mask・Red,
6169,Aristo GP Mask・Red,
6170,Magisa FZ Head・Red,
6171,Magisa HS Head・Red,
6172,Magisa GS Head・Red,
6173,Magisa GP Head・Red,
6174,Magisa FZ Head・Black,
6175,Magisa HS Head・Black,
6176,Magisa GS Head・Black,
6177,Magisa GP Head・Black,
6178,Magisa FZ Head・Green,
6179,Magisa HS Head・Green,
6180,Magisa GS Head・Green,
6181,Magisa GP Head・Green,
6182,Magisa FZ Head・White,
6183,Magisa HS Head・White,
6184,Magisa GS Head・White,
6185,Magisa GP Head・White,
6186,Wizard FZ Hat・Red,
6187,Wizard HS Hat・Red,
6188,Wizard GS Hat・Red,
6189,Wizard GP Hat・Red,
6190,Wizard FZ Hat・Black,
6191,Wizard HS Hat・Black,
6192,Wizard GS Hat・Black,
6193,Wizard GP Hat・Black,
6194,Wizard FZ Hat・Green,
6195,Wizard HS Hat・Green,
6196,Wizard GS Hat・Green,
6197,Wizard GP Hat・Green,
6198,Wizard FZ Hat・White,
6199,Wizard HS Hat・White,
6200,Wizard GS Hat・White,
6201,Wizard GP Hat・White,
6202,抜胴GS Hachigane,
6203,抜胴GP Hachigane,
6204,長根GS Hachigane,
6205,長根GP Hachigane,
6206,Hero King Earring BM Black,
6207,Hero King Earring BM F Black,
6208,Hero King Earring BM FZ Black,
6209,Hero King Earring BM HS Black,
6210,Hero King Earring BM GS Black,
6211,Hero King Earring BM GP Black,
6212,Hero King Earring GN Black,
6213,Hero King Earring GN F Black,
6214,Hero King Earring GN FZ Black,
6215,Hero King Earring GN HS Black,
6216,Hero King Earring GN GS Black,
6217,Hero King Earring GN GP Black,
6218,Gorgon Head・Blue,
6219,Gorgon F Head・Blue,
6220,Gorgon FZ Head・Blue,
6221,Gorgon HS Head・Blue,
6222,Gorgon GS Head・Blue,
6223,Gorgon GP Head・Blue,
6224,Gorgon Mask・Blue,
6225,Gorgon F Mask・Blue,
6226,Gorgon FZ Mask・Blue,
6227,Gorgon HS Mask・Blue,
6228,Gorgon GS Mask・Blue,
6229,Gorgon GP Mask・Blue,
6230,Hero King Earring BM White,
6231,Hero King Earring BM F White,
6232,Hero King Earring BM FZ White,
6233,Hero King Earring BM HS White,
6234,Hero King Earring BM GS White,
6235,Hero King Earring BM GP White,
6236,Hero King Earring GN White,
6237,Hero King Earring GN F White,
6238,Hero King Earring GN FZ White,
6239,Hero King Earring GN HS White,
6240,Hero King Earring GN GS White,
6241,Hero King Earring GN GP White,
6242,Gorgon Head・White,
6243,Gorgon F Head・White,
6244,Gorgon FZ Head・White,
6245,Gorgon HS Head・White,
6246,Gorgon GS Head・White,
6247,Gorgon GP Head・White,
6248,Gorgon Mask・White,
6249,Gorgon F Mask・White,
6250,Gorgon FZ Mask・White,
6251,Gorgon HS Mask・White,
6252,Gorgon GS Mask・White,
6253,Gorgon GP Mask・White,
6254,Hero King Earring BM Red,
6255,Hero King Earring BM F Red,
6256,Hero King Earring BM FZ Red,
6257,Hero King Earring BM HS Red,
6258,Hero King Earring BM GS Red,
6259,Hero King Earring BM GP Red,
6260,Hero King Earring GN Red,
6261,Hero King Earring GN F Red,
6262,Hero King Earring GN FZ Red,
6263,Hero King Earring GN HS Red,
6264,Hero King Earring GN GS Red,
6265,Hero King Earring GN GP Red,
6266,Gorgon Head・Red,
6267,Gorgon F Head・Red,
6268,Gorgon FZ Head・Red,
6269,Gorgon HS Head・Red,
6270,Gorgon GS Head・Red,
6271,Gorgon GP Head・Red,
6272,Gorgon Mask・Red,
6273,Gorgon F Mask・Red,
6274,Gorgon FZ Mask・Red,
6275,Gorgon HS Mask・Red,
6276,Gorgon GS Mask・Red,
6277,Gorgon GP Mask・Red,
6278,Meraginasu Helm,
6279,Meraginasu F Helm,
6280,Meraginasu FX Helm,
6281,Meraginasu G Helm,
6282,Meraginasu GF Helm,
6283,Meraginasu Cap,
6284,Meraginasu F Cap,
6285,Meraginasu FX Cap,
6286,Meraginasu G Cap,
6287,Meraginasu GF Cap,
6288,Stroma GF Helm,
6289,Stroma GF Cap,
6290,エミットGF Helm,
6291,エミットGF Cap,
6292,Blitz GF Horn,
6293,Blitz GF Corno,
6294,Wadatsumi GF【Eboshi】,
6295,Okami GF【Eboshi】,
6296,Diboa GF Helm,
6297,Diboa GF Cap,
6298,若 Crimson 葉【角】,
6299,若 Crimson 葉F【角】,
6300,若 Crimson 葉FY【角】,
6301,若 Crimson 葉HS【角】,
6302,若 Crimson 葉G【角】,
6303,若 Crimson 葉GF【角】,
6304,若 Crimson 葉GX【角】,
6305,翡戸隠【角】,
6306,翡戸隠F【角】,
6307,翡戸隠FY【角】,
6308,翡戸隠HS【角】,
6309,翡戸隠G【角】,
6310,翡戸隠GF【角】,
6311,翡戸隠GX【角】,
6312,Blize Helm,
6313,Blize F Helm,
6314,Blize FY Helm,
6315,Blize HS Helm,
6316,Blize G Helm,
6317,Blize GF Helm,
6318,Blize GX Helm,
6319,Blize Cap,
6320,Blize F Cap,
6321,Blize FY Cap,
6322,Blize HS Cap,
6323,Blize G Cap,
6324,Blize GF Cap,
6325,Blize GX Cap,
6326,Mixes FY Helm,
6327,Mixes HS Helm,
6328,Mixes G Helm,
6329,Mixes GF Helm,
6330,Mixes GX Helm,
6331,Mixes FY Cap,
6332,Mixes HS Cap,
6333,Mixes G Cap,
6334,Mixes GF Cap,
6335,Mixes GX Cap,
6336,Zyra Helm・Green,
6337,Zyra F Helm・Green,
6338,Zyra FZ Helm・Green,
6339,Zyra HS Helm・Green,
6340,Zyra GS Helm・Green,
6341,Zyra GP Helm・Green,
6342,Zyra Mask・Green,
6343,Zyra F Mask・Green,
6344,Zyra FZ Mask・Green,
6345,Zyra HS Mask・Green,
6346,Zyra GS Mask・Green,
6347,Zyra GP Mask・Green,
6348,Zyra Helm・Water,
6349,Zyra F Helm・Water,
6350,Zyra FZ Helm・Water,
6351,Zyra HS Helm・Water,
6352,Zyra GS Helm・Water,
6353,Zyra GP Helm・Water,
6354,Zyra Mask・Water,
6355,Zyra F Mask・Water,
6356,Zyra FZ Mask・Water,
6357,Zyra HS Mask・Water,
6358,Zyra GS Mask・Water,
6359,Zyra GP Mask・Water,
6360,Zyra Helm・Red,
6361,Zyra F Helm・Red,
6362,Zyra FZ Helm・Red,
6363,Zyra HS Helm・Red,
6364,Zyra GS Helm・Red,
6365,Zyra GP Helm・Red,
6366,Zyra Mask・Red,
6367,Zyra F Mask・Red,
6368,Zyra FZ Mask・Red,
6369,Zyra HS Mask・Red,
6370,Zyra GS Mask・Red,
6371,Zyra GP Mask・Red,
6372,Zyra Helm・Blue,
6373,Zyra F Helm・Blue,
6374,Zyra FZ Helm・Blue,
6375,Zyra HS Helm・Blue,
6376,Zyra GS Helm・Blue,
6377,Zyra GP Helm・Blue,
6378,Zyra Mask・Blue,
6379,Zyra F Mask・Blue,
6380,Zyra FZ Mask・Blue,
6381,Zyra HS Mask・Blue,
6382,Zyra GS Mask・Blue,
6383,Zyra GP Mask・Blue,
6384,Carrol Band・Black,
6385,Carrol F Band・Black,
6386,Carrol FZ Band・Black,
6387,Carrol HS Band・Black,
6388,Carrol GS Band・Black,
6389,Carrol GP Band・Black,
6390,Carrol Head・Black,
6391,Carrol F Head・Black,
6392,Carrol FZ Head・Black,
6393,Carrol HS Head・Black,
6394,Carrol GS Head・Black,
6395,Carrol GP Head・Black,
6396,Carrol Band・Blue,
6397,Carrol F Band・Blue,
6398,Carrol FZ Band・Blue,
6399,Carrol HS Band・Blue,
6400,Carrol GS Band・Blue,
6401,Carrol GP Band・Blue,
6402,Carrol Head・Blue,
6403,Carrol F Head・Blue,
6404,Carrol FZ Head・Blue,
6405,Carrol HS Head・Blue,
6406,Carrol GS Head・Blue,
6407,Carrol GP Head・Blue,
6408,Carrol Band・White,
6409,Carrol F Band・White,
6410,Carrol FZ Band・White,
6411,Carrol HS Band・White,
6412,Carrol GS Band・White,
6413,Carrol GP Band・White,
6414,Carrol Head・White,
6415,Carrol F Head・White,
6416,Carrol FZ Head・White,
6417,Carrol HS Head・White,
6418,Carrol GS Head・White,
6419,Carrol GP Head・White,
6420,Carrol Band・Red,
6421,Carrol F Band・Red,
6422,Carrol FZ Band・Red,
6423,Carrol HS Band・Red,
6424,Carrol GS Band・Red,
6425,Carrol GP Band・Red,
6426,Carrol Head・Red,
6427,Carrol F Head・Red,
6428,Carrol FZ Head・Red,
6429,Carrol HS Head・Red,
6430,Carrol GS Head・Red,
6431,Carrol GP Head・Red,
6432,Serena Head・Purple,
6433,Serena F Head・Purple,
6434,Serena FZ Head・Purple,
6435,Serena HS Head・Purple,
6436,Serena GS Head・Purple,
6437,Serena GP Head・Purple,
6438,Serena Hat・Purple,
6439,Serena F Hat・Purple,
6440,Serena FZ Hat・Purple,
6441,Serena HS Hat・Purple,
6442,Serena GS Hat・Purple,
6443,Serena GP Hat・Purple,
6444,Serena Head・Blue,
6445,Serena F Head・Blue,
6446,Serena FZ Head・Blue,
6447,Serena HS Head・Blue,
6448,Serena GS Head・Blue,
6449,Serena GP Head・Blue,
6450,Serena Hat・Blue,
6451,Serena F Hat・Blue,
6452,Serena FZ Hat・Blue,
6453,Serena HS Hat・Blue,
6454,Serena GS Hat・Blue,
6455,Serena GP Hat・Blue,
6456,Serena Head・White,
6457,Serena F Head・White,
6458,Serena FZ Head・White,
6459,Serena HS Head・White,
6460,Serena GS Head・White,
6461,Serena GP Head・White,
6462,Serena Hat・White,
6463,Serena F Hat・White,
6464,Serena FZ Hat・White,
6465,Serena HS Hat・White,
6466,Serena GS Hat・White,
6467,Serena GP Hat・White,
6468,Serena Head・Red,
6469,Serena F Head・Red,
6470,Serena FZ Head・Red,
6471,Serena HS Head・Red,
6472,Serena GS Head・Red,
6473,Serena GP Head・Red,
6474,Serena Hat・Red,
6475,Serena F Hat・Red,
6476,Serena FZ Hat・Red,
6477,Serena HS Hat・Red,
6478,Serena GS Hat・Red,
6479,Serena GP Hat・Red,
6480,Nimbus Head,
6481,Nimbus F Head,
6482,Nimbus FZ Head,
6483,Nimbus HS Head,
6484,Nimbus GS Head,
6485,Nimbus GP Head,
6486,Nimbus Band,
6487,Nimbus F Band,
6488,Nimbus FZ Band,
6489,Nimbus HS Band,
6490,Nimbus GS Band,
6491,Nimbus GP Band,
6492,Ex FZ Piercing・White,
6493,Ex HS Piercing・White,
6494,Ex GS Piercing・White,
6495,Ex GP Piercing・White,
6496,Ex FZ Haar・White,
6497,Ex HS Haar・White,
6498,Ex GS Haar・White,
6499,Ex GP Haar・White,
6500,Ex FZ Piercing・Red,
6501,Ex HS Piercing・Red,
6502,Ex GS Piercing・Red,
6503,Ex GP Piercing・Red,
6504,Ex FZ Haar・Red,
6505,Ex HS Haar・Red,
6506,Ex GS Haar・Red,
6507,Ex GP Haar・Red,
6508,Ex FZ Piercing・Blue,
6509,Ex HS Piercing・Blue,
6510,Ex GS Piercing・Blue,
6511,Ex GP Piercing・Blue,
6512,Ex FZ Haar・Blue,
6513,Ex HS Haar・Blue,
6514,Ex GS Haar・Blue,
6515,Ex GP Haar・Blue,
6516,Ex FZ Piercing・Black,
6517,Ex HS Piercing・Black,
6518,Ex GS Piercing・Black,
6519,Ex GP Piercing・Black,
6520,Ex FZ Haar・Black,
6521,Ex HS Haar・Black,
6522,Ex GS Haar・Black,
6523,Ex GP Haar・Black,
6524,Gold Cat FZ Head,
6525,Gold Cat HS Head,
6526,Gold Cat GS Head,
6527,Gold Cat GP Head,
6528,Gold Cat FZ Haar,
6529,Gold Cat HS Haar,
6530,Gold Cat GS Haar,
6531,Gold Cat GP Haar,
6532,Silver Cat FZ Head,
6533,Silver Cat HS Head,
6534,Silver Cat GS Head,
6535,Silver Cat GP Head,
6536,Silver Cat FZ Haar,
6537,Silver Cat HS Haar,
6538,Silver Cat GS Haar,
6539,Silver Cat GP Haar,
6540,Claire FZ Head・Purple,
6541,Claire HS Head・Purple,
6542,Claire GS Head・Purple,
6543,Claire GP Head・Purple,
6544,Claire FZ Piercing・Purple,
6545,Claire HS Piercing・Purple,
6546,Claire GS Piercing・Purple,
6547,Claire GP Piercing・Purple,
6548,Claire FZ Head・Water,
6549,Claire HS Head・Water,
6550,Claire GS Head・Water,
6551,Claire GP Head・Water,
6552,Claire FZ Piercing・Water,
6553,Claire HS Piercing・Water,
6554,Claire GS Piercing・Water,
6555,Claire GP Piercing・Water,
6556,Claire FZ Head・Red,
6557,Claire HS Head・Red,
6558,Claire GS Head・Red,
6559,Claire GP Head・Red,
6560,Claire FZ Piercing・Red,
6561,Claire HS Piercing・Red,
6562,Claire GS Piercing・Red,
6563,Claire GP Piercing・Red,
6564,Claire FZ Head・Black,
6565,Claire HS Head・Black,
6566,Claire GS Head・Black,
6567,Claire GP Head・Black,
6568,Claire FZ Piercing・Black,
6569,Claire HS Piercing・Black,
6570,Claire GS Piercing・Black,
6571,Claire GP Piercing・Black,
6572,Text HS Head・Purple,
6573,Text GS Head・Purple,
6574,Text GP Head・Purple,
6575,Text HS Mask・Purple,
6576,Text GS Mask・Purple,
6577,Text GP Mask・Purple,
6578,Text HS Head・Green,
6579,Text GS Head・Green,
6580,Text GP Head・Green,
6581,Text HS Mask・Green,
6582,Text GS Mask・Green,
6583,Text GP Mask・Green,
6584,Text HS Head・Blue,
6585,Text GS Head・Blue,
6586,Text GP Head・Blue,
6587,Text HS Mask・Blue,
6588,Text GS Mask・Blue,
6589,Text GP Mask・Blue,
6590,Text HS Head・Black,
6591,Text GS Head・Black,
6592,Text GP Head・Black,
6593,Text HS Mask・Black,
6594,Text GS Mask・Black,
6595,Text GP Mask・Black,
6596,Cultu HS Piercing・Ash,
6597,Cultu GS Piercing・Ash,
6598,Cultu GP Piercing・Ash,
6599,Cultu HS Haar・Ash,
6600,Cultu GS Haar・Ash,
6601,Cultu GP Haar・Ash,
6602,Cultu HS Piercing・Blue,
6603,Cultu GS Piercing・Blue,
6604,Cultu GP Piercing・Blue,
6605,Cultu HS Haar・Blue,
6606,Cultu GS Haar・Blue,
6607,Cultu GP Haar・Blue,
6608,Cultu HS Piercing・Orange,
6609,Cultu GS Piercing・Orange,
6610,Cultu GP Piercing・Orange,
6611,Cultu HS Haar・Orange,
6612,Cultu GS Haar・Orange,
6613,Cultu GP Haar・Orange,
6614,Cultu HS Piercing・Green,
6615,Cultu GS Piercing・Green,
6616,Cultu GP Piercing・Green,
6617,Cultu HS Haar・Green,
6618,Cultu GS Haar・Green,
6619,Cultu GP Haar・Green,
6620,Arma FZ Head・Black,
6621,Arma HS Head・Black,
6622,Arma GS Head・Black,
6623,Arma GP Head・Black,
6624,Arma FZ Hat・Black,
6625,Arma HS Hat・Black,
6626,Arma GS Hat・Black,
6627,Arma GP Hat・Black,
6628,Arma FZ Head・White,
6629,Arma HS Head・White,
6630,Arma GS Head・White,
6631,Arma GP Head・White,
6632,Arma FZ Hat・White,
6633,Arma HS Hat・White,
6634,Arma GS Hat・White,
6635,Arma GP Hat・White,
6636,Arma FZ Head・Blue,
6637,Arma HS Head・Blue,
6638,Arma GS Head・Blue,
6639,Arma GP Head・Blue,
6640,Arma FZ Hat・Blue,
6641,Arma HS Hat・Blue,
6642,Arma GS Hat・Blue,
6643,Arma GP Hat・Blue,
6644,Arma FZ Head・Tea,
6645,Arma HS Head・Tea,
6646,Arma GS Head・Tea,
6647,Arma GP Head・Tea,
6648,Arma FZ Hat・Tea,
6649,Arma HS Hat・Tea,
6650,Arma GS Hat・Tea,
6651,Arma GP Hat・Tea,
6652,Siena HS Helm・Silver,
6653,Siena GS Helm・Silver,
6654,Siena GP Helm・Silver,
6655,Siena HS Cap・Silver,
6656,Siena GS Cap・Silver,
6657,Siena GP Cap・Silver,
6658,Siena HS Helm・Black,
6659,Siena GS Helm・Black,
6660,Siena GP Helm・Black,
6661,Siena HS Cap・Black,
6662,Siena GS Cap・Black,
6663,Siena GP Cap・Black,
6664,Siena HS Helm・Red,
6665,Siena GS Helm・Red,
6666,Siena GP Helm・Red,
6667,Siena HS Cap・Red,
6668,Siena GS Cap・Red,
6669,Siena GP Cap・Red,
6670,Siena HS Helm・Blue,
6671,Siena GS Helm・Blue,
6672,Siena GP Helm・Blue,
6673,Siena HS Cap・Blue,
6674,Siena GS Cap・Blue,
6675,Siena GP Cap・Blue,
6676,Cloth GS Head・Red,
6677,Cloth GP Head・Red,
6678,Cloth GS Haar・Red,
6679,Cloth GP Haar・Red,
6680,Cloth GS Head・Blue,
6681,Cloth GP Head・Blue,
6682,Cloth GS Haar・Blue,
6683,Cloth GP Haar・Blue,
6684,Cloth GS Head・Purple,
6685,Cloth GP Head・Purple,
6686,Cloth GS Haar・Purple,
6687,Cloth GP Haar・Purple,
6688,Cloth GS Head・Green,
6689,Cloth GP Head・Green,
6690,Cloth GS Haar・Green,
6691,Cloth GP Haar・Green,
6692,Maisto FZ Head・Crimson,
6693,Maisto HS Head・Crimson,
6694,Maisto GS Head・Crimson,
6695,Maisto GP Head・Crimson,
6696,Maisto FZ Hat・Crimson,
6697,Maisto HS Hat・Crimson,
6698,Maisto GS Hat・Crimson,
6699,Maisto GP Hat・Crimson,
6700,Maisto FZ Head・Green,
6701,Maisto HS Head・Green,
6702,Maisto GS Head・Green,
6703,Maisto GP Head・Green,
6704,Maisto FZ Hat・Green,
6705,Maisto HS Hat・Green,
6706,Maisto GS Hat・Green,
6707,Maisto GP Hat・Green,
6708,Maisto FZ Head・Green,
6709,Maisto HS Head・Green,
6710,Maisto GS Head・Green,
6711,Maisto GP Head・Green,
6712,Maisto FZ Hat・Green,
6713,Maisto HS Hat・Green,
6714,Maisto GS Hat・Green,
6715,Maisto GP Hat・Green,
6716,Maisto FZ Head・Pink,
6717,Maisto HS Head・Pink,
6718,Maisto GS Head・Pink,
6719,Maisto GP Head・Pink,
6720,Maisto FZ Hat・Pink,
6721,Maisto HS Hat・Pink,
6722,Maisto GS Hat・Pink,
6723,Maisto GP Hat・Pink,
6724,Cayssis HS Helm Water,
6725,Cayssis GS Helm Water,
6726,Cayssis GP Helm Water,
6727,Cayssis HS Mask Water,
6728,Cayssis GS Mask Water,
6729,Cayssis GP Mask Water,
6730,Cayssis HS Helm Red,
6731,Cayssis GS Helm Red,
6732,Cayssis GP Helm Red,
6733,Cayssis HS Mask Red,
6734,Cayssis GS Mask Red,
6735,Cayssis GP Mask Red,
6736,Cayssis HS Helm Blue,
6737,Cayssis GS Helm Blue,
6738,Cayssis GP Helm Blue,
6739,Cayssis HS Mask Blue,
6740,Cayssis GS Mask Blue,
6741,Cayssis GP Mask Blue,
6742,Cayssis HS Helm Orange,
6743,Cayssis GS Helm Orange,
6744,Cayssis GP Helm Orange,
6745,Cayssis HS Mask Orange,
6746,Cayssis GS Mask Orange,
6747,Cayssis GP Mask Orange,
6748,Pandeum HS Head,
6749,Pandeum GS Head,
6750,Pandeum GP Head,
6751,Pandeum HS Piercing,
6752,Pandeum GS Piercing,
6753,Pandeum GP Piercing,
6754,Dian HS Head,
6755,Dian GS Head,
6756,Dian GP Head,
6757,Dian HS Piercing,
6758,Dian GS Piercing,
6759,Dian GP Piercing,
6760,Wild HS Head,
6761,Wild GS Head,
6762,Wild GP Head,
6763,Wild HS Piercing,
6764,Wild GS Piercing,
6765,Wild GP Piercing,
6766,Flower HS Head,
6767,Flower GS Head,
6768,Flower GP Head,
6769,Flower HS Piercing,
6770,Flower GS Piercing,
6771,Flower GP Piercing,
6772,Tune HS Head,
6773,Tune GS Head,
6774,Tune GP Head,
6775,Schnite HS Piercing,
6776,Schnite GS Piercing,
6777,Schnite GP Piercing,
6778,Dicto HS Head,
6779,Dicto GS Head,
6780,Dicto GP Head,
6781,Diletto HS Piercing,
6782,Diletto GS Piercing,
6783,Diletto GP Piercing,
6784,Cubie HS Helm,
6785,Cubie GS Helm,
6786,Cubie GP Helm,
6787,Cubie HS Mask,
6788,Cubie GS Mask,
6789,Cubie GP Mask,
6790,Kemor HS Helm,
6791,Kemor GS Helm,
6792,Kemor GP Helm,
6793,Kemor HS Mask,
6794,Kemor GS Mask,
6795,Kemor GP Mask,
6796,Suriito GP Head・Yellow,
6797,Suriito GP Haar・Yellow,
6798,Suriito GP Head・Silver,
6799,Suriito GP Haar・Silver,
6800,Suriito GP Head・Red,
6801,Suriito GP Haar・Red,
6802,Suriito GP Head・Blue,
6803,Suriito GP Haar・Blue,
6804,Galitos GP Head・Tea,
6805,Galitos GP Band・Tea,
6806,Galitos GP Head・Red,
6807,Galitos GP Band・Red,
6808,Galitos GP Head・Black,
6809,Galitos GP Band・Black,
6810,Galitos GP Head・Water,
6811,Galitos GP Band・Water,
6812,Lien GP Head・Blue,
6813,Lien GP Hat・Blue,
6814,Lien GP Head・Red,
6815,Lien GP Hat・Red,
6816,Lien GP Head・Black,
6817,Lien GP Hat・Black,
6818,Lien GP Head・White,
6819,Lien GP Hat・White,
6820,Melety GP Head・White,
6821,Melety GP Hat・White,
6822,Melety GP Head・Red,
6823,Melety GP Hat・Red,
6824,Melety GP Head・Blue,
6825,Melety GP Hat・Blue,
6826,Melety GP Head・Black,
6827,Melety GP Hat・Black,
6828,Steno GP Helm・Orange,
6829,Steno GP Cap・Orange,
6830,Steno GP Helm・Peach,
6831,Steno GP Cap・Peach,
6832,Steno GP Helm・Blue,
6833,Steno GP Cap・Blue,
6834,Steno GP Helm・Red,
6835,Steno GP Cap・Red,
6836,Star Festival GP Mask [Red】,
6837,Tanabata GP Mask [Red】,
6838,Star Festival GP Mask [Blue】,
6839,Tanabata GP Mask [Blue】,
6840,Star Festival GP Mask [Black】,
6841,Tanabata GP Mask [Black】,
6842,Star Festival GP Mask [White】,
6843,Tanabata GP Mask [White】,
6844,Arma FZ Piercing・Black,
6845,Arma HS Piercing・Black,
6846,Arma GS Piercing・Black,
6847,Arma GP Piercing・Black,
6848,Arma FZ Haar・Black,
6849,Arma HS Haar・Black,
6850,Arma GS Haar・Black,
6851,Arma GP Haar・Black,
6852,Arma FZ Piercing・White,
6853,Arma HS Piercing・White,
6854,Arma GS Piercing・White,
6855,Arma GP Piercing・White,
6856,Arma FZ Haar・White,
6857,Arma HS Haar・White,
6858,Arma GS Haar・White,
6859,Arma GP Haar・White,
6860,Arma FZ Piercing・Blue,
6861,Arma HS Piercing・Blue,
6862,Arma GS Piercing・Blue,
6863,Arma GP Piercing・Blue,
6864,Arma FZ Haar・Blue,
6865,Arma HS Haar・Blue,
6866,Arma GS Haar・Blue,
6867,Arma GP Haar・Blue,
6868,Arma FZ Piercing・Tea,
6869,Arma HS Piercing・Tea,
6870,Arma GS Piercing・Tea,
6871,Arma GP Piercing・Tea,
6872,Arma FZ Haar・Tea,
6873,Arma HS Haar・Tea,
6874,Arma GS Haar・Tea,
6875,Arma GP Haar・Tea,
6876,ダミー,
6877,ダミー,
6878,ダミー,
6879,ダミー,
6880,ダミー,
6881,ダミー,
6882,Historia Head,
6883,Historia F Head,
6884,Historia FZ Head,
6885,Historia HS Head,
6886,Historia GS Head,
6887,Historia GP Head,
6888,Historia Cap,
6889,Historia F Cap,
6890,Historia FZ Cap,
6891,Historia HS Cap,
6892,Historia GS Cap,
6893,Historia GP Cap,
6894,Furoru Head,
6895,Furoru F Head,
6896,Furoru FX Head,
6897,Furoru G Head,
6898,Furoru GF Head,
6899,Furoru Hat,
6900,Furoru F Hat,
6901,Furoru FX Hat,
6902,Furoru G Hat,
6903,Furoru GF Hat,
6904,Franky G Head,
6905,Franky GF Head,
6906,Franky GX Head,
6907,Franky G Hat,
6908,Franky GF Hat,
6909,Franky GX Hat,
6910,Diore Helm,
6911,Diore F Helm,
6912,Diore FX Helm,
6913,Diore G Helm,
6914,Diore GF Helm,
6915,Diore Cap,
6916,Diore F Cap,
6917,Diore FX Cap,
6918,Diore G Cap,
6919,Diore GF Cap,
6920,Kagura G Kabuto,
6921,Kagura GF Kabuto,
6922,Kagura GX Kabuto,
6923,Kamiza G Hachigane,
6924,Kamiza GF Hachigane,
6925,Kamiza GX Hachigane,
6926,Jebia G Helm,
6927,Jebia GF Helm,
6928,Jebia GX Helm,
6929,Jebia G Cap,
6930,Jebia GF Cap,
6931,Jebia GX Cap,
6932,Sol G Helm,
6933,Sol GF Helm,
6934,Sol GX Helm,
6935,Sol G Cap,
6936,Sol GF Cap,
6937,Sol GX Cap,
6938,Vulcan G Head,
6939,Vulcan GF Head,
6940,Vulcan GX Head,
6941,Vulcan G Face,
6942,Vulcan GF Face,
6943,Vulcan GX Face,
6944,Algol GF Helm,
6945,Algol GF Cap,
6946,Odiva GF Helm,
6947,Odiva GF Cap,
6948,Byakko・Kensei GX Helm,
6949,Suzaku・Kensei GX Helm,
6950,Genbu・Kensei GX Helm,
6951,Seiryu・Kensei GX Helm,
6952,Byakko・双龍GX Helm,
6953,Suzaku・双龍GX Helm,
6954,Genbu・双龍GX Helm,
6955,Seiryu・双龍GX Helm,
6956,Byakko・剣王GX Helm,
6957,Suzaku・剣王GX Helm,
6958,Genbu・剣王GX Helm,
6959,Seiryu・剣王GX Helm,
6960,Byakko・刀神GX Helm,
6961,Suzaku・刀神GX Helm,
6962,Genbu・刀神GX Helm,
6963,Seiryu・刀神GX Helm,
6964,Byakko・Heaven 槍GX Helm,
6965,Suzaku・Heaven 槍GX Helm,
6966,Genbu・Heaven 槍GX Helm,
6967,Seiryu・Heaven 槍GX Helm,
6968,Byakko・砲皇GX Helm,
6969,Suzaku・砲皇GX Helm,
6970,Genbu・砲皇GX Helm,
6971,Seiryu・砲皇GX Helm,
6972,Byakko・鈍器獣GX Helm,
6973,Suzaku・鈍器獣GX Helm,
6974,Genbu・鈍器獣GX Helm,
6975,Seiryu・鈍器獣GX Helm,
6976,Byakko・奏帝GX Helm,
6977,Suzaku・奏帝GX Helm,
6978,Genbu・奏帝GX Helm,
6979,Seiryu・奏帝GX Helm,
6980,Byakko・銃傑GX Mask,
6981,Suzaku・銃傑GX Mask,
6982,Genbu・銃傑GX Mask,
6983,Seiryu・銃傑GX Mask,
6984,Byakko・銃仙GX Mask,
6985,Suzaku・銃仙GX Mask,
6986,Genbu・銃仙GX Mask,
6987,Seiryu・銃仙GX Mask,
6988,Byakko・Bow 鬼GX Mask,
6989,Suzaku・Bow 鬼GX Mask,
6990,Genbu・Bow 鬼GX Mask,
6991,Seiryu・Bow 鬼GX Mask,
6992,Hisui Helm,
6993,Hisui F Helm,
6994,Hisui FX Helm,
6995,Blood Helm,
6996,Blood F Helm,
6997,Blood FX Helm,
6998,Byakko・穿凰G Helm,
6999,Byakko・穿凰GF Helm,
7000,Byakko・穿凰GX Helm,
7001,Suzaku・穿凰G Helm,
7002,Suzaku・穿凰GF Helm,
7003,Suzaku・穿凰GX Helm,
7004,Genbu・穿凰G Helm,
7005,Genbu・穿凰GF Helm,
7006,Genbu・穿凰GX Helm,
7007,Seiryu・穿凰G Helm,
7008,Seiryu・穿凰GF Helm,
7009,Seiryu・穿凰GX Helm,
7010,Honour Helm・Red,
7011,Honour F Helm・Red,
7012,Honour FZ Helm・Red,
7013,Honour HS Helm・Red,
7014,Honour GS Helm・Red,
7015,Honour GP Helm・Red,
7016,Honour Mask・Red,
7017,Honour F Mask・Red,
7018,Honour FZ Mask・Red,
7019,Honour HS Mask・Red,
7020,Honour GS Mask・Red,
7021,Honour GP Mask・Red,
7022,Honour Helm・Blue,
7023,Honour F Helm・Blue,
7024,Honour FZ Helm・Blue,
7025,Honour HS Helm・Blue,
7026,Honour GS Helm・Blue,
7027,Honour GP Helm・Blue,
7028,Honour Mask・Blue,
7029,Honour F Mask・Blue,
7030,Honour FZ Mask・Blue,
7031,Honour HS Mask・Blue,
7032,Honour GS Mask・Blue,
7033,Honour GP Mask・Blue,
7034,Honour Helm・Green,
7035,Honour F Helm・Green,
7036,Honour FZ Helm・Green,
7037,Honour HS Helm・Green,
7038,Honour GS Helm・Green,
7039,Honour GP Helm・Green,
7040,Honour Mask・Green,
7041,Honour F Mask・Green,
7042,Honour FZ Mask・Green,
7043,Honour HS Mask・Green,
7044,Honour GS Mask・Green,
7045,Honour GP Mask・Green,
7046,Honour Helm・紺,
7047,Honour F Helm・紺,
7048,Honour FZ Helm・紺,
7049,Honour HS Helm・紺,
7050,Honour GS Helm・紺,
7051,Honour GP Helm・紺,
7052,Honour Mask・紺,
7053,Honour F Mask・紺,
7054,Honour FZ Mask・紺,
7055,Honour HS Mask・紺,
7056,Honour GS Mask・紺,
7057,Honour GP Mask・紺,
7058,Sheriff Head・Tea,
7059,Sheriff F Head・Tea,
7060,Sheriff FZ Head・Tea,
7061,Sheriff HS Head・Tea,
7062,Sheriff GS Head・Tea,
7063,Sheriff GP Head・Tea,
7064,Sheriff Hat・Tea,
7065,Sheriff F Hat・Tea,
7066,Sheriff FZ Hat・Tea,
7067,Sheriff HS Hat・Tea,
7068,Sheriff GS Hat・Tea,
7069,Sheriff GP Hat・Tea,
7070,Sheriff Head・Black,
7071,Sheriff F Head・Black,
7072,Sheriff FZ Head・Black,
7073,Sheriff HS Head・Black,
7074,Sheriff GS Head・Black,
7075,Sheriff GP Head・Black,
7076,Sheriff Hat・Black,
7077,Sheriff F Hat・Black,
7078,Sheriff FZ Hat・Black,
7079,Sheriff HS Hat・Black,
7080,Sheriff GS Hat・Black,
7081,Sheriff GP Hat・Black,
7082,Sheriff Head・Blue,
7083,Sheriff F Head・Blue,
7084,Sheriff FZ Head・Blue,
7085,Sheriff HS Head・Blue,
7086,Sheriff GS Head・Blue,
7087,Sheriff GP Head・Blue,
7088,Sheriff Hat・Blue,
7089,Sheriff F Hat・Blue,
7090,Sheriff FZ Hat・Blue,
7091,Sheriff HS Hat・Blue,
7092,Sheriff GS Hat・Blue,
7093,Sheriff GP Hat・Blue,
7094,Sheriff Head・White,
7095,Sheriff F Head・White,
7096,Sheriff FZ Head・White,
7097,Sheriff HS Head・White,
7098,Sheriff GS Head・White,
7099,Sheriff GP Head・White,
7100,Sheriff Hat・White,
7101,Sheriff F Hat・White,
7102,Sheriff FZ Hat・White,
7103,Sheriff HS Hat・White,
7104,Sheriff GS Hat・White,
7105,Sheriff GP Hat・White,
7106,Moonlight Helm,
7107,Moonlight Helm・F,
7108,Moonlight Helm・FZ,
7109,Moonlight Helm・HS,
7110,Moonlight Helm・GS,
7111,Moonlight Helm・GP,
7112,Moonlight Mask,
7113,Moonlight Mask・F,
7114,Moonlight Mask・FZ,
7115,Moonlight Mask・HS,
7116,Moonlight Mask・GS,
7117,Moonlight Mask・GP,
7118,Zodic GS Helm・Blue,
7119,Zodic GP Helm・Blue,
7120,Zodic GS Mask・Blue,
7121,Zodic GP Mask・Blue,
7122,Zodic GS Helm・Tea,
7123,Zodic GP Helm・Tea,
7124,Zodic GS Mask・Tea,
7125,Zodic GP Mask・Tea,
7126,Zodic GS Helm・Green,
7127,Zodic GP Helm・Green,
7128,Zodic GS Mask・Green,
7129,Zodic GP Mask・Green,
7130,Zodic GS Helm・Pink,
7131,Zodic GP Helm・Pink,
7132,Zodic GS Mask・Pink,
7133,Zodic GP Mask・Pink,
7134,Bliss FZ Head【White】,
7135,Bliss HS Head【White】,
7136,Bliss GS Head【White】,
7137,Bliss GP Head【White】,
7138,Bliss FZ Head【Blue】,
7139,Bliss HS Head【Blue】,
7140,Bliss GS Head【Blue】,
7141,Bliss GP Head【Blue】,
7142,Bliss FZ Head【Purple】,
7143,Bliss HS Head【Purple】,
7144,Bliss GS Head【Purple】,
7145,Bliss GP Head【Purple】,
7146,Bliss FZ Head【Yellow】,
7147,Bliss HS Head【Yellow】,
7148,Bliss GS Head【Yellow】,
7149,Bliss GP Head【Yellow】,
7150,White Cat FZ Mask,
7151,White Cat HS Mask,
7152,White Cat GS Mask,
7153,White Cat GP Mask,
7154,Pharan HS Helm・White,
7155,Pharan GS Helm・White,
7156,Pharan GP Helm・White,
7157,Pharan HS Mask・White,
7158,Pharan GS Mask・White,
7159,Pharan GP Mask・White,
7160,Pharan HS Helm・Black,
7161,Pharan GS Helm・Black,
7162,Pharan GP Helm・Black,
7163,Pharan HS Mask・Black,
7164,Pharan GS Mask・Black,
7165,Pharan GP Mask・Black,
7166,Pharan HS Helm・Red,
7167,Pharan GS Helm・Red,
7168,Pharan GP Helm・Red,
7169,Pharan HS Mask・Red,
7170,Pharan GS Mask・Red,
7171,Pharan GP Mask・Red,
7172,Pharan HS Helm・Blue,
7173,Pharan GS Helm・Blue,
7174,Pharan GP Helm・Blue,
7175,Pharan HS Mask・Blue,
7176,Pharan GS Mask・Blue,
7177,Pharan GP Mask・Blue,
7178,Gloria GS Helm・Gold,
7179,Gloria GP Helm・Gold,
7180,Gloria GS Mask・Gold,
7181,Gloria GP Mask・Gold,
7182,Gloria GS Helm・Blue,
7183,Gloria GP Helm・Blue,
7184,Gloria GS Mask・Blue,
7185,Gloria GP Mask・Blue,
7186,Gloria GS Helm・Water,
7187,Gloria GP Helm・Water,
7188,Gloria GS Mask・Water,
7189,Gloria GP Mask・Water,
7190,Gloria GS Helm・Red,
7191,Gloria GP Helm・Red,
7192,Gloria GS Mask・Red,
7193,Gloria GP Mask・Red,
7194,蘭蛮 Hat・FZ Yellow,
7195,蘭蛮 Hat・HS Yellow,
7196,蘭蛮 Hat・GS Yellow,
7197,蘭蛮 Hat・GP Yellow,
7198,蘭蛮 Mask・FZ Yellow,
7199,蘭蛮 Mask・HS Yellow,
7200,蘭蛮 Mask・GS Yellow,
7201,蘭蛮 Mask・GP Yellow,
7202,蘭蛮 Hat・FZ Red,
7203,蘭蛮 Hat・HS Red,
7204,蘭蛮 Hat・GS Red,
7205,蘭蛮 Hat・GP Red,
7206,蘭蛮 Mask・FZ Red,
7207,蘭蛮 Mask・HS Red,
7208,蘭蛮 Mask・GS Red,
7209,蘭蛮 Mask・GP Red,
7210,蘭蛮 Hat・FZ Purple,
7211,蘭蛮 Hat・HS Purple,
7212,蘭蛮 Hat・GS Purple,
7213,蘭蛮 Hat・GP Purple,
7214,蘭蛮 Mask・FZ Purple,
7215,蘭蛮 Mask・HS Purple,
7216,蘭蛮 Mask・GS Purple,
7217,蘭蛮 Mask・GP Purple,
7218,蘭蛮 Hat・FZ Gold,
7219,蘭蛮 Hat・HS Gold,
7220,蘭蛮 Hat・GS Gold,
7221,蘭蛮 Hat・GP Gold,
7222,蘭蛮 Mask・FZ Gold,
7223,蘭蛮 Mask・HS Gold,
7224,蘭蛮 Mask・GS Gold,
7225,蘭蛮 Mask・GP Gold,
7226,Ferme FZ Head・Black,
7227,Ferme HS Head・Black,
7228,Ferme GS Head・Black,
7229,Ferme GP Head・Black,
7230,Ferme FZ Mask・Black,
7231,Ferme HS Mask・Black,
7232,Ferme GS Mask・Black,
7233,Ferme GP Mask・Black,
7234,Ferme FZ Head・Red,
7235,Ferme HS Head・Red,
7236,Ferme GS Head・Red,
7237,Ferme GP Head・Red,
7238,Ferme FZ Mask・Red,
7239,Ferme HS Mask・Red,
7240,Ferme GS Mask・Red,
7241,Ferme GP Mask・Red,
7242,Ferme FZ Head・White,
7243,Ferme HS Head・White,
7244,Ferme GS Head・White,
7245,Ferme GP Head・White,
7246,Ferme FZ Mask・White,
7247,Ferme HS Mask・White,
7248,Ferme GS Mask・White,
7249,Ferme GP Mask・White,
7250,Ferme FZ Head・Blue,
7251,Ferme HS Head・Blue,
7252,Ferme GS Head・Blue,
7253,Ferme GP Head・Blue,
7254,Ferme FZ Mask・Blue,
7255,Ferme HS Mask・Blue,
7256,Ferme GS Mask・Blue,
7257,Ferme GP Mask・Blue,
7258,Truss FZ Montera Blue,
7259,Truss HS Montera Blue,
7260,Truss GS Montera Blue,
7261,Truss GP Montera Blue,
7262,Truss FZ Bikoonu Blue,
7263,Truss HS Bikoonu Blue,
7264,Truss GS Bikoonu Blue,
7265,Truss GP Bikoonu Blue,
7266,Truss FZ Montera Red,
7267,Truss HS Montera Red,
7268,Truss GS Montera Red,
7269,Truss GP Montera Red,
7270,Truss FZ Bikoonu Red,
7271,Truss HS Bikoonu Red,
7272,Truss GS Bikoonu Red,
7273,Truss GP Bikoonu Red,
7274,Truss FZ Montera White,
7275,Truss HS Montera White,
7276,Truss GS Montera White,
7277,Truss GP Montera White,
7278,Truss FZ Bikoonu White,
7279,Truss HS Bikoonu White,
7280,Truss GS Bikoonu White,
7281,Truss GP Bikoonu White,
7282,Truss FZ Montera Purple,
7283,Truss HS Montera Purple,
7284,Truss GS Montera Purple,
7285,Truss GP Montera Purple,
7286,Truss FZ Bikoonu Purple,
7287,Truss HS Bikoonu Purple,
7288,Truss GS Bikoonu Purple,
7289,Truss GP Bikoonu Purple,
7290,Rail HS Helm,
7291,Rail GS Helm,
7292,Rail GP Helm,
7293,Rail HS Cap,
7294,Rail GS Cap,
7295,Rail GP Cap,
7296,Ridere HS Helm,
7297,Ridere GS Helm,
7298,Ridere GP Helm,
7299,Ridere HS Cap,
7300,Ridere GS Cap,
7301,Ridere GP Cap,
7302,Riot HS Helm,
7303,Riot GS Helm,
7304,Riot GP Helm,
7305,Riot HS Cap,
7306,Riot GS Cap,
7307,Riot GP Cap,
7308,Rutare HS Helm,
7309,Rutare GS Helm,
7310,Rutare GP Helm,
7311,Rutare HS Cap,
7312,Rutare GS Cap,
7313,Rutare GP Cap,
7314,Rolling Flow Headguard・HS,
7315,Rolling Flow Headguard・GS,
7316,Rolling Flow Headguard・GP,
7317,旋転の Headguard・HS,
7318,旋転の Headguard・GS,
7319,旋転の Headguard・GP,
7320,Rolling Sky Headguard・HS,
7321,Rolling Sky Headguard・GS,
7322,Rolling Sky Headguard・GP,
7323,Rolling Earth Headguard・HS,
7324,Rolling Earth Headguard・GS,
7325,Rolling Earth Headguard・GP,
7326,Latria HS Head,
7327,Latria GS Head,
7328,Latria GP Head,
7329,Latria HS Haar,
7330,Latria GS Haar,
7331,Latria GP Haar,
7332,Kontao HS Head,
7333,Kontao GS Head,
7334,Kontao GP Head,
7335,Kontao HS Haar,
7336,Kontao GS Haar,
7337,Kontao GP Haar,
7338,Deliver Helm,
7339,Deliver F Helm,
7340,Deliver FY Helm,
7341,Deliver HS Helm,
7342,Deliver G Helm,
7343,Deliver GF Helm,
7344,Deliver GX Helm,
7345,Deliver Cap,
7346,Deliver F Cap,
7347,Deliver FY Cap,
7348,Deliver HS Cap,
7349,Deliver G Cap,
7350,Deliver GF Cap,
7351,Deliver GX Cap,
7352,Asaku Helm,
7353,Asaku F Helm,
7354,Asaku FY Helm,
7355,Asaku HS Helm,
7356,Asaku G Helm,
7357,Asaku GF Helm,
7358,Asaku GX Helm,
7359,Asaku Cap,
7360,Asaku F Cap,
7361,Asaku FY Cap,
7362,Asaku HS Cap,
7363,Asaku G Cap,
7364,Asaku GF Cap,
7365,Asaku GX Cap,
7366,Nisuru Helm,
7367,Nisuru F Helm,
7368,Nisuru FY Helm,
7369,Nisuru HS Helm,
7370,Nisuru G Helm,
7371,Nisuru GF Helm,
7372,Nisuru GX Helm,
7373,Nisuru Cap,
7374,Nisuru F Cap,
7375,Nisuru FY Cap,
7376,Nisuru HS Cap,
7377,Nisuru G Cap,
7378,Nisuru GF Cap,
7379,Nisuru GX Cap,
7380,Coord Helm,
7381,Coord F Helm,
7382,Coord FY Helm,
7383,Coord HS Helm,
7384,Coord G Helm,
7385,Coord GF Helm,
7386,Coord GX Helm,
7387,Coord Cap,
7388,Coord F Cap,
7389,Coord FY Cap,
7390,Coord HS Cap,
7391,Coord G Cap,
7392,Coord GF Cap,
7393,Coord GX Cap,
7394,Resega Helm,
7395,Resega F Helm,
7396,Resega FY Helm,
7397,Resega HS Helm,
7398,Resega G Helm,
7399,Resega GF Helm,
7400,Resega GX Helm,
7401,Resega Cap,
7402,Resega F Cap,
7403,Resega FY Cap,
7404,Resega HS Cap,
7405,Resega G Cap,
7406,Resega GF Cap,
7407,Resega GX Cap,
7408,Suforu Helm,
7409,Suforu F Helm,
7410,Suforu FY Helm,
7411,Suforu HS Helm,
7412,Suforu G Helm,
7413,Suforu GF Helm,
7414,Suforu GX Helm,
7415,Suforu Cap,
7416,Suforu F Cap,
7417,Suforu FY Cap,
7418,Suforu HS Cap,
7419,Suforu G Cap,
7420,Suforu GF Cap,
7421,Suforu GX Cap,
7422,Perce Helm,
7423,Perce F Helm,
7424,Perce FY Helm,
7425,Perce HS Helm,
7426,Perce G Helm,
7427,Perce GF Helm,
7428,Perce GX Helm,
7429,Perce Cap,
7430,Perce F Cap,
7431,Perce FY Cap,
7432,Perce HS Cap,
7433,Perce G Cap,
7434,Perce GF Cap,
7435,Perce GX Cap,
7436,Survey Corps Head,
7437,Survey Corps F Head,
7438,Survey Corps FZ Head,
7439,Survey Corps HS Head,
7440,Survey Corps GS Head,
7441,Survey Corps GP Head,
7442,Survey Corps Piercing,
7443,Survey Corps F Piercing,
7444,Survey Corps FZ Piercing,
7445,Survey Corps HS Piercing,
7446,Survey Corps GS Piercing,
7447,Survey Corps GP Piercing,
7448,Training Corps Head,
7449,Training Corps F Head,
7450,Training Corps FZ Head,
7451,Training Corps HS Head,
7452,Training Corps GS Head,
7453,Training Corps GP Head,
7454,Training Corps Piercing,
7455,Training Corps F Piercing,
7456,Training Corps FZ Piercing,
7457,Training Corps HS Piercing,
7458,Training Corps GS Piercing,
7459,Training Corps GP Piercing,
7460,ダミー,
7461,ダミー,
7462,ダミー,
7463,ダミー,
7464,ダミー,
7465,ダミー,
7466,ダミー,
7467,ダミー,
7468,ダミー,
7469,ダミー,
7470,ダミー,
7471,ダミー,
7472,ダミー,
7473,ダミー,
7474,ダミー,
7475,ダミー,
7476,ダミー,
7477,ダミー,
7478,ダミー,
7479,ダミー,
7480,ダミー,
7481,ダミー,
7482,Carrol Band・Gold,
7483,Leila Band,
7484,IS Academy Head・White,
7485,IS Academy F Head・White,
7486,IS Academy FZ Head・White,
7487,IS Academy HS Head・White,
7488,IS Academy GS Head・White,
7489,IS Academy GP Head・White,
7490,IS Academy Piercing・White,
7491,IS Academy F Piercing・White,
7492,IS Academy FZ Piercing・White,
7493,IS Academy HS Piercing・White,
7494,IS Academy GS Piercing・White,
7495,IS Academy GP Piercing・White,
7496,IS Academy Head・Blue,
7497,IS Academy F Head・Blue,
7498,IS Academy FZ Head・Blue,
7499,IS Academy HS Head・Blue,
7500,IS Academy GS Head・Blue,
7501,IS Academy GP Head・Blue,
7502,IS Academy Piercing・Blue,
7503,IS Academy F Piercing・Blue,
7504,IS Academy FZ Piercing・Blue,
7505,IS Academy HS Piercing・Blue,
7506,IS Academy GS Piercing・Blue,
7507,IS Academy GP Piercing・Blue,
7508,IS Academy Head・Black,
7509,IS Academy F Head・Black,
7510,IS Academy FZ Head・Black,
7511,IS Academy HS Head・Black,
7512,IS Academy GS Head・Black,
7513,IS Academy GP Head・Black,
7514,IS Academy Piercing・Black,
7515,IS Academy F Piercing・Black,
7516,IS Academy FZ Piercing・Black,
7517,IS Academy HS Piercing・Black,
7518,IS Academy GS Piercing・Black,
7519,IS Academy GP Piercing・Black,
7520,IS Academy Head・Green,
7521,IS Academy F Head・Green,
7522,IS Academy FZ Head・Green,
7523,IS Academy HS Head・Green,
7524,IS Academy GS Head・Green,
7525,IS Academy GP Head・Green,
7526,IS Academy Piercing・Green,
7527,IS Academy F Piercing・Green,
7528,IS Academy FZ Piercing・Green,
7529,IS Academy HS Piercing・Green,
7530,IS Academy GS Piercing・Green,
7531,IS Academy GP Piercing・Green,
7532,Comrade G Head・Red,
7533,Comrade GF Head・Red,
7534,Comrade GX Head・Red,
7535,Comrade G Hat・Red,
7536,Comrade GF Hat・Red,
7537,Comrade GX Hat・Red,
7538,Comrade G Head・Blue,
7539,Comrade GF Head・Blue,
7540,Comrade GX Head・Blue,
7541,Comrade G Hat・Blue,
7542,Comrade GF Hat・Blue,
7543,Comrade GX Hat・Blue,
7544,Comrade G Head・Green,
7545,Comrade GF Head・Green,
7546,Comrade GX Head・Green,
7547,Comrade G Hat・Green,
7548,Comrade GF Hat・Green,
7549,Comrade GX Hat・Green,
7550,Comrade G Head・Orange,
7551,Comrade GF Head・Orange,
7552,Comrade GX Head・Orange,
7553,Comrade G Hat・Orange,
7554,Comrade GF Hat・Orange,
7555,Comrade GX Hat・Orange,
7556,Melan G Head,
7557,Melan GF Head,
7558,Melan GX Head,
7559,Melan G Wig,
7560,Melan GF Wig,
7561,Melan GX Wig,
7562,Rouge FY Piercing,
7563,Rouge HC Piercing,
7564,Rouge G Piercing,
7565,Rouge GF Piercing,
7566,Rouge GX Piercing,
7567,Regyukusu GP Head,
7568,Regyukusu GP Mask,
7569,Beil GP Earrings,
7570,ヴェルフGP Helm,
7571,ヴェルフGP Cap,
7572,テリオグGP Helm,
7573,テリオグGP Cap,
7574,フォロ Beretta,
7575,フォロ Beretta F,
7576,Baruragaru Corsage,
7577,Baruragaru Corsage F,
7578,ゴウ Corsage,
7579,ゴウ Corsage F,
7580,猟団員の証G【剛閃】,
7581,猟団員の証GF【剛閃】,
7582,猟団員の証GX【剛閃】,
7583,猟団員の証G【磨穿】,
7584,猟団員の証GF【磨穿】,
7585,猟団員の証GX【磨穿】,
7586,Fellow Bikoonu FZ,
7587,Fellow Bikoonu HS,
7588,Fellow Bikoonu GS,
7589,Fellow Bikoonu GP,
7590,Ahaba ーGP Piercing,
7591,ダンシン Piercing FZ,
7592,ダンシン Piercing HS,
7593,ダンシン Piercing GS,
7594,ダンシン Piercing GP,
7595,Hypnoc G Helm,
7596,Hypnoc GF Helm,
7597,Hypnoc GX Helm,
7598,Hypnoc G Cap,
7599,Hypnoc GF Cap,
7600,Hypnoc GX Cap,
7601,Red Khezu G Helm,
7602,Red Khezu GF Helm,
7603,Red Khezu GX Helm,
7604,Red Khezu G Cap,
7605,Red Khezu GF Cap,
7606,Red Khezu GX Cap,
7607,Monoblos G Helm,
7608,Monoblos GF Helm,
7609,Monoblos GX Helm,
7610,Monoblos G Cap,
7611,Monoblos GF Cap,
7612,Monoblos GX Cap,
7613,Weiss G Brain,
7614,Weiss GF Brain,
7615,Weiss GX Brain,
7616,Weiss G Soul,
7617,Weiss GF Soul,
7618,Weiss GX Soul,
7619,Venom G Helm,
7620,Venom GF Helm,
7621,Venom GX Helm,
7622,Venom G Cap,
7623,Venom GF Cap,
7624,Venom GX Cap,
7625,Elegance 【趣】,
7626,Elegance F【趣】,
7627,Elegance FX【趣】,
7628,Elegance G【趣】,
7629,Elegance GF【趣】,
7630,Grace 【趣】,
7631,Grace F【趣】,
7632,Grace FX【趣】,
7633,Grace G【趣】,
7634,Grace GF【趣】,
7635,Inagami G【趣】,
7636,Inagami GF【趣】,
7637,Inagami GX【趣】,
7638,Inagami G【趣】,
7639,Inagami GF【趣】,
7640,Inagami GX【趣】,
7641,Garuba Glare,
7642,Garuba F Glare,
7643,Garuba FX Glare,
7644,Garuba G Glare,
7645,Garuba GF Glare,
7646,Garuba Snarl,
7647,Garuba F Snarl,
7648,Garuba FX Snarl,
7649,Garuba G Snarl,
7650,Garuba GF Snarl,
7651,Wind GF Glare,
7652,Wind GF Snarl,
7653,武者GF Kabuto,
7654,日光GF Kabuto,
7655,White 蘭・Kensei Helm,
7656,White 蘭・Kensei F Helm,
7657,White 蘭・Kensei FX Helm,
7658,Crimson 霞・Kensei Helm,
7659,Crimson 霞・Kensei F Helm,
7660,Crimson 霞・Kensei FX Helm,
7661,White 蘭・Kensei G Helm,
7662,White 蘭・Kensei GF Helm,
7663,White 蘭・Kensei GX Helm,
7664,月夜・Kensei G Helm,
7665,月夜・Kensei GF Helm,
7666,月夜・Kensei GX Helm,
7667,Crimson 霞・Kensei G Helm,
7668,Crimson 霞・Kensei GF Helm,
7669,Crimson 霞・Kensei GX Helm,
7670,Green 穹・Kensei G Helm,
7671,Green 穹・Kensei GF Helm,
7672,Green 穹・Kensei GX Helm,
7673,White 蘭・双龍 Helm,
7674,White 蘭・双龍F Helm,
7675,White 蘭・双龍FX Helm,
7676,Crimson 霞・双龍 Helm,
7677,Crimson 霞・双龍F Helm,
7678,Crimson 霞・双龍FX Helm,
7679,White 蘭・双龍G Helm,
7680,White 蘭・双龍GF Helm,
7681,White 蘭・双龍GX Helm,
7682,月夜・双龍G Helm,
7683,月夜・双龍GF Helm,
7684,月夜・双龍GX Helm,
7685,Crimson 霞・双龍G Helm,
7686,Crimson 霞・双龍GF Helm,
7687,Crimson 霞・双龍GX Helm,
7688,Green 穹・双龍G Helm,
7689,Green 穹・双龍GF Helm,
7690,Green 穹・双龍GX Helm,
7691,White 蘭・剣王 Helm,
7692,White 蘭・剣王F Helm,
7693,White 蘭・剣王FX Helm,
7694,Crimson 霞・剣王 Helm,
7695,Crimson 霞・剣王F Helm,
7696,Crimson 霞・剣王FX Helm,
7697,White 蘭・剣王G Helm,
7698,White 蘭・剣王GF Helm,
7699,White 蘭・剣王GX Helm,
7700,月夜・剣王G Helm,
7701,月夜・剣王GF Helm,
7702,月夜・剣王GX Helm,
7703,Crimson 霞・剣王G Helm,
7704,Crimson 霞・剣王GF Helm,
7705,Crimson 霞・剣王GX Helm,
7706,Green 穹・剣王G Helm,
7707,Green 穹・剣王GF Helm,
7708,Green 穹・剣王GX Helm,
7709,White 蘭・刀神 Helm,
7710,White 蘭・刀神F Helm,
7711,White 蘭・刀神FX Helm,
7712,Crimson 霞・刀神 Helm,
7713,Crimson 霞・刀神F Helm,
7714,Crimson 霞・刀神FX Helm,
7715,White 蘭・刀神G Helm,
7716,White 蘭・刀神GF Helm,
7717,White 蘭・刀神GX Helm,
7718,月夜・刀神G Helm,
7719,月夜・刀神GF Helm,
7720,月夜・刀神GX Helm,
7721,Crimson 霞・刀神G Helm,
7722,Crimson 霞・刀神GF Helm,
7723,Crimson 霞・刀神GX Helm,
7724,Green 穹・刀神G Helm,
7725,Green 穹・刀神GF Helm,
7726,Green 穹・刀神GX Helm,
7727,White 蘭・鈍器獣 Helm,
7728,White 蘭・鈍器獣F Helm,
7729,White 蘭・鈍器獣FX Helm,
7730,Crimson 霞・鈍器獣 Helm,
7731,Crimson 霞・鈍器獣F Helm,
7732,Crimson 霞・鈍器獣FX Helm,
7733,White 蘭・鈍器獣G Helm,
7734,White 蘭・鈍器獣GF Helm,
7735,White 蘭・鈍器獣GX Helm,
7736,月夜・鈍器獣G Helm,
7737,月夜・鈍器獣GF Helm,
7738,月夜・鈍器獣GX Helm,
7739,Crimson 霞・鈍器獣G Helm,
7740,Crimson 霞・鈍器獣GF Helm,
7741,Crimson 霞・鈍器獣GX Helm,
7742,Green 穹・鈍器獣G Helm,
7743,Green 穹・鈍器獣GF Helm,
7744,Green 穹・鈍器獣GX Helm,
7745,White 蘭・奏帝 Helm,
7746,White 蘭・奏帝F Helm,
7747,White 蘭・奏帝FX Helm,
7748,Crimson 霞・奏帝 Helm,
7749,Crimson 霞・奏帝F Helm,
7750,Crimson 霞・奏帝FX Helm,
7751,White 蘭・奏帝G Helm,
7752,White 蘭・奏帝GF Helm,
7753,White 蘭・奏帝GX Helm,
7754,月夜・奏帝G Helm,
7755,月夜・奏帝GF Helm,
7756,月夜・奏帝GX Helm,
7757,Crimson 霞・奏帝G Helm,
7758,Crimson 霞・奏帝GF Helm,
7759,Crimson 霞・奏帝GX Helm,
7760,Green 穹・奏帝G Helm,
7761,Green 穹・奏帝GF Helm,
7762,Green 穹・奏帝GX Helm,
7763,White 蘭・Heaven 槍 Helm,
7764,White 蘭・Heaven 槍F Helm,
7765,White 蘭・Heaven 槍FX Helm,
7766,Crimson 霞・Heaven 槍 Helm,
7767,Crimson 霞・Heaven 槍F Helm,
7768,Crimson 霞・Heaven 槍FX Helm,
7769,White 蘭・Heaven 槍G Helm,
7770,White 蘭・Heaven 槍GF Helm,
7771,White 蘭・Heaven 槍GX Helm,
7772,月夜・Heaven 槍G Helm,
7773,月夜・Heaven 槍GF Helm,
7774,月夜・Heaven 槍GX Helm,
7775,Crimson 霞・Heaven 槍G Helm,
7776,Crimson 霞・Heaven 槍GF Helm,
7777,Crimson 霞・Heaven 槍GX Helm,
7778,Green 穹・Heaven 槍G Helm,
7779,Green 穹・Heaven 槍GF Helm,
7780,Green 穹・Heaven 槍GX Helm,
7781,White 蘭・砲皇 Helm,
7782,White 蘭・砲皇F Helm,
7783,White 蘭・砲皇FX Helm,
7784,Crimson 霞・砲皇 Helm,
7785,Crimson 霞・砲皇F Helm,
7786,Crimson 霞・砲皇FX Helm,
7787,White 蘭・砲皇G Helm,
7788,White 蘭・砲皇GF Helm,
7789,White 蘭・砲皇GX Helm,
7790,月夜・砲皇G Helm,
7791,月夜・砲皇GF Helm,
7792,月夜・砲皇GX Helm,
7793,Crimson 霞・砲皇G Helm,
7794,Crimson 霞・砲皇GF Helm,
7795,Crimson 霞・砲皇GX Helm,
7796,Green 穹・砲皇G Helm,
7797,Green 穹・砲皇GF Helm,
7798,Green 穹・砲皇GX Helm,
7799,White 蘭・穿凰 Helm,
7800,White 蘭・穿凰F Helm,
7801,White 蘭・穿凰FX Helm,
7802,Crimson 霞・穿凰 Helm,
7803,Crimson 霞・穿凰F Helm,
7804,Crimson 霞・穿凰FX Helm,
7805,White 蘭・穿凰G Helm,
7806,White 蘭・穿凰GF Helm,
7807,White 蘭・穿凰GX Helm,
7808,月夜・穿凰G Helm,
7809,月夜・穿凰GF Helm,
7810,月夜・穿凰GX Helm,
7811,Crimson 霞・穿凰G Helm,
7812,Crimson 霞・穿凰GF Helm,
7813,Crimson 霞・穿凰GX Helm,
7814,Green 穹・穿凰G Helm,
7815,Green 穹・穿凰GF Helm,
7816,Green 穹・穿凰GX Helm,
7817,White 蘭・銃仙 Mask,
7818,White 蘭・銃仙F Mask,
7819,White 蘭・銃仙FX Mask,
7820,Crimson 霞・銃仙 Mask,
7821,Crimson 霞・銃仙F Mask,
7822,Crimson 霞・銃仙FX Mask,
7823,White 蘭・銃仙G Mask,
7824,White 蘭・銃仙GF Mask,
7825,White 蘭・銃仙GX Mask,
7826,月夜・銃仙G Mask,
7827,月夜・銃仙GF Mask,
7828,月夜・銃仙GX Mask,
7829,Crimson 霞・銃仙G Mask,
7830,Crimson 霞・銃仙GF Mask,
7831,Crimson 霞・銃仙GX Mask,
7832,Green 穹・銃仙G Mask,
7833,Green 穹・銃仙GF Mask,
7834,Green 穹・銃仙GX Mask,
7835,White 蘭・銃傑 Mask,
7836,White 蘭・銃傑F Mask,
7837,White 蘭・銃傑FX Mask,
7838,Crimson 霞・銃傑 Mask,
7839,Crimson 霞・銃傑F Mask,
7840,Crimson 霞・銃傑FX Mask,
7841,White 蘭・銃傑G Mask,
7842,White 蘭・銃傑GF Mask,
7843,White 蘭・銃傑GX Mask,
7844,月夜・銃傑G Mask,
7845,月夜・銃傑GF Mask,
7846,月夜・銃傑GX Mask,
7847,Crimson 霞・銃傑G Mask,
7848,Crimson 霞・銃傑GF Mask,
7849,Crimson 霞・銃傑GX Mask,
7850,Green 穹・銃傑G Mask,
7851,Green 穹・銃傑GF Mask,
7852,Green 穹・銃傑GX Mask,
7853,White 蘭・Bow 鬼 Mask,
7854,White 蘭・Bow 鬼F Mask,
7855,White 蘭・Bow 鬼FX Mask,
7856,Crimson 霞・Bow 鬼 Mask,
7857,Crimson 霞・Bow 鬼F Mask,
7858,Crimson 霞・Bow 鬼FX Mask,
7859,White 蘭・Bow 鬼G Mask,
7860,White 蘭・Bow 鬼GF Mask,
7861,White 蘭・Bow 鬼GX Mask,
7862,月夜・Bow 鬼G Mask,
7863,月夜・Bow 鬼GF Mask,
7864,月夜・Bow 鬼GX Mask,
7865,Crimson 霞・Bow 鬼G Mask,
7866,Crimson 霞・Bow 鬼GF Mask,
7867,Crimson 霞・Bow 鬼GX Mask,
7868,Green 穹・Bow 鬼G Mask,
7869,Green 穹・Bow 鬼GF Mask,
7870,Green 穹・Bow 鬼GX Mask,
7871,Flight Headguard・White,
7872,Flight Headguard F・White,
7873,Flight Headguard FZ・White,
7874,Flight Headguard HS・White,
7875,Flight Headguard GS・White,
7876,Flight Headguard GP・White,
7877,Flight Mask・White,
7878,Flight Mask F・White,
7879,Flight Mask FZ・White,
7880,Flight Mask HS・White,
7881,Flight Mask GS・White,
7882,Flight Mask GP・White,
7883,Flight Headguard・Red,
7884,Flight Headguard F・Red,
7885,Flight Headguard FZ・Red,
7886,Flight Headguard HS・Red,
7887,Flight Headguard GS・Red,
7888,Flight Headguard GP・Red,
7889,Flight Mask・Red,
7890,Flight Mask F・Red,
7891,Flight Mask FZ・Red,
7892,Flight Mask HS・Red,
7893,Flight Mask GS・Red,
7894,Flight Mask GP・Red,
7895,Flight Headguard・Tea,
7896,Flight Headguard F・Tea,
7897,Flight Headguard FZ・Tea,
7898,Flight Headguard HS・Tea,
7899,Flight Headguard GS・Tea,
7900,Flight Headguard GP・Tea,
7901,Flight Mask・Tea,
7902,Flight Mask F・Tea,
7903,Flight Mask FZ・Tea,
7904,Flight Mask HS・Tea,
7905,Flight Mask GS・Tea,
7906,Flight Mask GP・Tea,
7907,Flight Headguard・Blue,
7908,Flight Headguard F・Blue,
7909,Flight Headguard FZ・Blue,
7910,Flight Headguard HS・Blue,
7911,Flight Headguard GS・Blue,
7912,Flight Headguard GP・Blue,
7913,Flight Mask・Blue,
7914,Flight Mask F・Blue,
7915,Flight Mask FZ・Blue,
7916,Flight Mask HS・Blue,
7917,Flight Mask GS・Blue,
7918,Flight Mask GP・Blue,
7919,Naga Head・Blue,
7920,Naga F Head・Blue,
7921,Naga FZ Head・Blue,
7922,Naga HS Head・Blue,
7923,Naga GS Head・Blue,
7924,Naga GP Head・Blue,
7925,Naga Mask・Blue,
7926,Naga F Mask・Blue,
7927,Naga FZ Mask・Blue,
7928,Naga HS Mask・Blue,
7929,Naga GS Mask・Blue,
7930,Naga GP Mask・Blue,
7931,Naga Head・Red,
7932,Naga F Head・Red,
7933,Naga FZ Head・Red,
7934,Naga HS Head・Red,
7935,Naga GS Head・Red,
7936,Naga GP Head・Red,
7937,Naga Mask・Red,
7938,Naga F Mask・Red,
7939,Naga FZ Mask・Red,
7940,Naga HS Mask・Red,
7941,Naga GS Mask・Red,
7942,Naga GP Mask・Red,
7943,Naga Head・White,
7944,Naga F Head・White,
7945,Naga FZ Head・White,
7946,Naga HS Head・White,
7947,Naga GS Head・White,
7948,Naga GP Head・White,
7949,Naga Mask・White,
7950,Naga F Mask・White,
7951,Naga FZ Mask・White,
7952,Naga HS Mask・White,
7953,Naga GS Mask・White,
7954,Naga GP Mask・White,
7955,Naga Head・Black,
7956,Naga F Head・Black,
7957,Naga FZ Head・Black,
7958,Naga HS Head・Black,
7959,Naga GS Head・Black,
7960,Naga GP Head・Black,
7961,Naga Mask・Black,
7962,Naga F Mask・Black,
7963,Naga FZ Mask・Black,
7964,Naga HS Mask・Black,
7965,Naga GS Mask・Black,
7966,Naga GP Mask・Black,
7967,Dawnbreak Helm,
7968,Dawnbreak Helm・F,
7969,Dawnbreak Helm・FZ,
7970,Dawnbreak Helm・HS,
7971,Dawnbreak Helm・GS,
7972,Dawnbreak Helm・GP,
7973,Dawnbreak Mask,
7974,Dawnbreak Mask・F,
7975,Dawnbreak Mask・FZ,
7976,Dawnbreak Mask・HS,
7977,Dawnbreak Mask・GS,
7978,Dawnbreak Mask・GP,
7979,Zuibei Brain,
7980,Zuibei F Brain,
7981,Zuibei FZ Brain,
7982,Zuibei HS Brain,
7983,Zuibei GS Brain,
7984,Zuibei GP Brain,
7985,Zuibei Soul,
7986,Zuibei F Soul,
7987,Zuibei FZ Soul,
7988,Zuibei HS Soul,
7989,Zuibei GS Soul,
7990,Zuibei GP Soul,
7991,Oyun Helm・Blue,
7992,Oyun F Helm・Blue,
7993,Oyun FZ Helm・Blue,
7994,Oyun HS Helm・Blue,
7995,Oyun GS Helm・Blue,
7996,Oyun GP Helm・Blue,
7997,Oyun Cap・Blue,
7998,Oyun F Cap・Blue,
7999,Oyun FZ Cap・Blue,
8000,Oyun HS Cap・Blue,
8001,Oyun GS Cap・Blue,
8002,Oyun GP Cap・Blue,
8003,Oyun Helm・Red,
8004,Oyun F Helm・Red,
8005,Oyun FZ Helm・Red,
8006,Oyun HS Helm・Red,
8007,Oyun GS Helm・Red,
8008,Oyun GP Helm・Red,
8009,Oyun Cap・Red,
8010,Oyun F Cap・Red,
8011,Oyun FZ Cap・Red,
8012,Oyun HS Cap・Red,
8013,Oyun GS Cap・Red,
8014,Oyun GP Cap・Red,
8015,Oyun Helm・Black,
8016,Oyun F Helm・Black,
8017,Oyun FZ Helm・Black,
8018,Oyun HS Helm・Black,
8019,Oyun GS Helm・Black,
8020,Oyun GP Helm・Black,
8021,Oyun Cap・Black,
8022,Oyun F Cap・Black,
8023,Oyun FZ Cap・Black,
8024,Oyun HS Cap・Black,
8025,Oyun GS Cap・Black,
8026,Oyun GP Cap・Black,
8027,Oyun Helm・White,
8028,Oyun F Helm・White,
8029,Oyun FZ Helm・White,
8030,Oyun HS Helm・White,
8031,Oyun GS Helm・White,
8032,Oyun GP Helm・White,
8033,Oyun Cap・White,
8034,Oyun F Cap・White,
8035,Oyun FZ Cap・White,
8036,Oyun HS Cap・White,
8037,Oyun GS Cap・White,
8038,Oyun GP Cap・White,
8039,Ash Head・Red,
8040,Ash F Head・Red,
8041,Ash FZ Head・Red,
8042,Ash HS Head・Red,
8043,Ash GS Head・Red,
8044,Ash GP Head・Red,
8045,Ash Hat・Red,
8046,Ash F Hat・Red,
8047,Ash FZ Hat・Red,
8048,Ash HS Hat・Red,
8049,Ash GS Hat・Red,
8050,Ash GP Hat・Red,
8051,Ash Head・Blue,
8052,Ash F Head・Blue,
8053,Ash FZ Head・Blue,
8054,Ash HS Head・Blue,
8055,Ash GS Head・Blue,
8056,Ash GP Head・Blue,
8057,Ash Hat・Blue,
8058,Ash F Hat・Blue,
8059,Ash FZ Hat・Blue,
8060,Ash HS Hat・Blue,
8061,Ash GS Hat・Blue,
8062,Ash GP Hat・Blue,
8063,Ash Head・White,
8064,Ash F Head・White,
8065,Ash FZ Head・White,
8066,Ash HS Head・White,
8067,Ash GS Head・White,
8068,Ash GP Head・White,
8069,Ash Hat・White,
8070,Ash F Hat・White,
8071,Ash FZ Hat・White,
8072,Ash HS Hat・White,
8073,Ash GS Hat・White,
8074,Ash GP Hat・White,
8075,Ash Head・Black,
8076,Ash F Head・Black,
8077,Ash FZ Head・Black,
8078,Ash HS Head・Black,
8079,Ash GS Head・Black,
8080,Ash GP Head・Black,
8081,Ash Hat・Black,
8082,Ash F Hat・Black,
8083,Ash FZ Hat・Black,
8084,Ash HS Hat・Black,
8085,Ash GS Hat・Black,
8086,Ash GP Hat・Black,
8087,Pistis GP Head,
8088,Pistis GP Hat,
8089,Blink HS Band,
8090,Blink GS Band,
8091,Blink GP Band,
8092,Blink HS Head,
8093,Blink GS Head,
8094,Blink GP Head,
8095,Ukon GP Head,
8096,Ukon GP Mask,
8097,ロットGP Head,
8098,ロットGP Mask,
8099,Arge HS Head,
8100,Arge GS Head,
8101,Arge GP Head,
8102,Arge HS Haar,
8103,Arge GS Haar,
8104,Arge GP Haar,
8105,Camarera HS Head,
8106,Camarera GS Head,
8107,Camarera GP Head,
8108,Camarera HS Haar,
8109,Camarera GS Haar,
8110,Camarera GP Haar,
8111,Metenera HS Head,
8112,Metenera GS Head,
8113,Metenera GP Head,
8114,Metenera HS Haar,
8115,Metenera GS Haar,
8116,Metenera GP Haar,
8117,Abitto HS Head,
8118,Abitto GS Head,
8119,Abitto GP Head,
8120,Abitto HS Haar,
8121,Abitto GS Haar,
8122,Abitto GP Haar,
8123,Riburi HS Head,
8124,Riburi GS Head,
8125,Riburi GP Head,
8126,Riburi HS Haar,
8127,Riburi GS Haar,
8128,Riburi GP Haar,
8129,Jess G Helm,
8130,Jess GF Helm,
8131,Jess GX Helm,
8132,Jess G Cap,
8133,Jess GF Cap,
8134,Jess GX Cap,
8135,Tangusu G Head,
8136,Tangusu GF Head,
8137,Tangusu GX Head,
8138,Kobaruta G Cap,
8139,Kobaruta GF Cap,
8140,Kobaruta GX Cap,
8141,Breo G Head,
8142,Breo G Piercing,
8143,Breo GF Head,
8144,Breo GF Piercing,
8145,Breo GX Head,
8146,Breo GX Piercing,
8147,Harokyu Head,
8148,Harokyu F Head,
8149,Harokyu FY Head,
8150,Harokyu HS Head,
8151,Harokyu G Head,
8152,Harokyu GF Head,
8153,Harokyu GX Head,
8154,Brooke Head,
8155,Brooke F Head,
8156,Brooke FY Head,
8157,Brooke HS Head,
8158,Brooke G Head,
8159,Brooke GF Head,
8160,Brooke GX Head,
8161,Brooke Face,
8162,Brooke F Face,
8163,Brooke FY Face,
8164,Brooke HS Face,
8165,Brooke G Face,
8166,Brooke GF Face,
8167,Brooke GX Face,
8168,Pale Sakura Hachigane,
8169,Pale Sakura F Hachigane,
8170,Pale Sakura FY Hachigane,
8171,Pale Sakura HS Hachigane,
8172,Pale Sakura G Hachigane,
8173,Pale Sakura GF Hachigane,
8174,Pale Sakura GX Hachigane,
8175,Sakura Cloud Hachigane,
8176,Sakura Cloud F Hachigane,
8177,Sakura Cloud FY Hachigane,
8178,Sakura Cloud HS Hachigane,
8179,Sakura Cloud G Hachigane,
8180,Sakura Cloud GF Hachigane,
8181,Sakura Cloud GX Hachigane,
8182,Kinioru Helm,
8183,Kinioru F Helm,
8184,Kinioru FY Helm,
8185,Kinioru HS Helm,
8186,Kinioru G Helm,
8187,Kinioru GF Helm,
8188,Kinioru GX Helm,
8189,Kinioru Cap,
8190,Kinioru F Cap,
8191,Kinioru FY Cap,
8192,Kinioru HS Cap,
8193,Kinioru G Cap,
8194,Kinioru GF Cap,
8195,Kinioru GX Cap,
8196,Kaioru Helm,
8197,Kaioru F Helm,
8198,Kaioru FY Helm,
8199,Kaioru HS Helm,
8200,Kaioru G Helm,
8201,Kaioru GF Helm,
8202,Kaioru GX Helm,
8203,Kaioru Cap,
8204,Kaioru F Cap,
8205,Kaioru FY Cap,
8206,Kaioru HS Cap,
8207,Kaioru G Cap,
8208,Kaioru GF Cap,
8209,Kaioru GX Cap,
8210,Yurisu Helm,
8211,Yurisu F Helm,
8212,Yurisu FY Helm,
8213,Yurisu HS Helm,
8214,Yurisu G Helm,
8215,Yurisu GF Helm,
8216,Yurisu GX Helm,
8217,Yurisu Cap,
8218,Yurisu F Cap,
8219,Yurisu FY Cap,
8220,Yurisu HS Cap,
8221,Yurisu G Cap,
8222,Yurisu GF Cap,
8223,Yurisu GX Cap,
8224,Desordre Helm,
8225,Desordre F Helm,
8226,Desordre FY Helm,
8227,Desordre HS Helm,
8228,Desordre G Helm,
8229,Desordre GF Helm,
8230,Desordre GX Helm,
8231,Desordre Cap,
8232,Desordre F Cap,
8233,Desordre FY Cap,
8234,Desordre HS Cap,
8235,Desordre G Cap,
8236,Desordre GF Cap,
8237,Desordre GX Cap,
8238,Carmine Head Black,
8239,Carmine F Head Black,
8240,Carmine FZ Head Black,
8241,Carmine HS Head Black,
8242,Carmine GS Head Black,
8243,Carmine GP Head Black,
8244,Carmine Haar Black,
8245,Carmine F Haar Black,
8246,Carmine FZ Haar Black,
8247,Carmine HS Haar Black,
8248,Carmine GS Haar Black,
8249,Carmine GP Haar Black,
8250,Carmine Head Blue,
8251,Carmine F Head Blue,
8252,Carmine FZ Head Blue,
8253,Carmine HS Head Blue,
8254,Carmine GS Head Blue,
8255,Carmine GP Head Blue,
8256,Carmine Haar Blue,
8257,Carmine F Haar Blue,
8258,Carmine FZ Haar Blue,
8259,Carmine HS Haar Blue,
8260,Carmine GS Haar Blue,
8261,Carmine GP Haar Blue,
8262,Carmine Head Purple,
8263,Carmine F Head Purple,
8264,Carmine FZ Head Purple,
8265,Carmine HS Head Purple,
8266,Carmine GS Head Purple,
8267,Carmine GP Head Purple,
8268,Carmine Haar Purple,
8269,Carmine F Haar Purple,
8270,Carmine FZ Haar Purple,
8271,Carmine HS Haar Purple,
8272,Carmine GS Haar Purple,
8273,Carmine GP Haar Purple,
8274,Carmine Head White,
8275,Carmine F Head White,
8276,Carmine FZ Head White,
8277,Carmine HS Head White,
8278,Carmine GS Head White,
8279,Carmine GP Head White,
8280,Carmine Haar White,
8281,Carmine F Haar White,
8282,Carmine FZ Haar White,
8283,Carmine HS Haar White,
8284,Carmine GS Haar White,
8285,Carmine GP Haar White,
8286,Ryu Head・Red,
8287,Ryu F Head・Red,
8288,Ryu FZ Head・Red,
8289,Ryu HS Head・Red,
8290,Ryu GS Head・Red,
8291,Ryu GP Head・Red,
8292,Ryu Haar・Red,
8293,Ryu F Haar・Red,
8294,Ryu FZ Haar・Red,
8295,Ryu HS Haar・Red,
8296,Ryu GS Haar・Red,
8297,Ryu GP Haar・Red,
8298,Ryu Head・Blue,
8299,Ryu F Head・Blue,
8300,Ryu FZ Head・Blue,
8301,Ryu HS Head・Blue,
8302,Ryu GS Head・Blue,
8303,Ryu GP Head・Blue,
8304,Ryu Haar・Blue,
8305,Ryu F Haar・Blue,
8306,Ryu FZ Haar・Blue,
8307,Ryu HS Haar・Blue,
8308,Ryu GS Haar・Blue,
8309,Ryu GP Haar・Blue,
8310,Ryu Head・Orange,
8311,Ryu F Head・Orange,
8312,Ryu FZ Head・Orange,
8313,Ryu HS Head・Orange,
8314,Ryu GS Head・Orange,
8315,Ryu GP Head・Orange,
8316,Ryu Haar・Orange,
8317,Ryu F Haar・Orange,
8318,Ryu FZ Haar・Orange,
8319,Ryu HS Haar・Orange,
8320,Ryu GS Haar・Orange,
8321,Ryu GP Haar・Orange,
8322,Ryu Head・Yellow,
8323,Ryu F Head・Yellow,
8324,Ryu FZ Head・Yellow,
8325,Ryu HS Head・Yellow,
8326,Ryu GS Head・Yellow,
8327,Ryu GP Head・Yellow,
8328,Ryu Haar・Yellow,
8329,Ryu F Haar・Yellow,
8330,Ryu FZ Haar・Yellow,
8331,Ryu HS Haar・Yellow,
8332,Ryu GS Haar・Yellow,
8333,Ryu GP Haar・Yellow,
8334,Carriage Head,
8335,Carriage F Head,
8336,Carriage FZ Head,
8337,Carriage HS Head,
8338,Carriage GS Head,
8339,Carriage GP Head,
8340,Marble Head,
8341,Marble F Head,
8342,Marble FZ Head,
8343,Marble HS Head,
8344,Marble GS Head,
8345,Marble GP Head,
8346,Shandy Head,
8347,Shandy F Head,
8348,Shandy FZ Head,
8349,Shandy HS Head,
8350,Shandy GS Head,
8351,Shandy GP Head,
8352,Shandy Hat,
8353,Shandy F Hat,
8354,Shandy FZ Hat,
8355,Shandy HS Hat,
8356,Shandy GS Hat,
8357,Shandy GP Hat,
8358,Banquet Head,
8359,Banquet F Head,
8360,Banquet FZ Head,
8361,Banquet HS Head,
8362,Banquet GS Head,
8363,Banquet GP Head,
8364,ヴェラン Helm,
8365,ヴェランF Helm,
8366,ヴェランFZ Helm,
8367,ヴェランHS Helm,
8368,ヴェランGS Helm,
8369,ヴェランGP Helm,
8370,ランデグ Helm,
8371,ランデグF Helm,
8372,ランデグFZ Helm,
8373,ランデグHS Helm,
8374,ランデグGS Helm,
8375,ランデグGP Helm,
8376,ランデグ Mask,
8377,ランデグF Mask,
8378,ランデグFZ Mask,
8379,ランデグHS Mask,
8380,ランデグGS Mask,
8381,ランデグGP Mask,
8382,Endre Helm,
8383,Endre F Helm,
8384,Endre FZ Helm,
8385,Endre HS Helm,
8386,Endre GS Helm,
8387,Endre GP Helm,
8388,Endre Mask,
8389,Endre F Mask,
8390,Endre FZ Mask,
8391,Endre HS Mask,
8392,Endre GS Mask,
8393,Endre GP Mask,
8394,Ina Beretta,
8395,Ina Beretta F,
8396,フォロ Corsage,
8397,フォロ Corsage F,
8398,Cat Piercing 【慰労】,
8399,Cat F Piercing 【慰労】,
8400,Cat HS Piercing 【慰労】,
8401,Cat G Piercing 【慰労】,
8402,Cat GF Piercing 【慰労】,
8403,Cat GX Piercing 【慰労】,
8404,Cat Piercing 【剣客】,
8405,Cat F Piercing 【剣客】,
8406,Cat HS Piercing 【剣客】,
8407,Cat G Piercing 【剣客】,
8408,Cat GF Piercing 【剣客】,
8409,Cat GX Piercing 【剣客】,
8410,Sagittario Head Red,
8411,Sagittario F Head Red,
8412,Sagittario FZ Head Red,
8413,Sagittario HS Head Red,
8414,Sagittario GS Head Red,
8415,Sagittario GP Head Red,
8416,Sagittario Haar Red,
8417,Sagittario F Haar Red,
8418,Sagittario FZ Haar Red,
8419,Sagittario HS Haar Red,
8420,Sagittario GS Haar Red,
8421,Sagittario GP Haar Red,
8422,Sagittario Head Blue,
8423,Sagittario F Head Blue,
8424,Sagittario FZ Head Blue,
8425,Sagittario HS Head Blue,
8426,Sagittario GS Head Blue,
8427,Sagittario GP Head Blue,
8428,Sagittario Haar Blue,
8429,Sagittario F Haar Blue,
8430,Sagittario FZ Haar Blue,
8431,Sagittario HS Haar Blue,
8432,Sagittario GS Haar Blue,
8433,Sagittario GP Haar Blue,
8434,Sagittario Head Purple,
8435,Sagittario F Head Purple,
8436,Sagittario FZ Head Purple,
8437,Sagittario HS Head Purple,
8438,Sagittario GS Head Purple,
8439,Sagittario GP Head Purple,
8440,Sagittario Haar Purple,
8441,Sagittario F Haar Purple,
8442,Sagittario FZ Haar Purple,
8443,Sagittario HS Haar Purple,
8444,Sagittario GS Haar Purple,
8445,Sagittario GP Haar Purple,
8446,Sagittario Head Green,
8447,Sagittario F Head Green,
8448,Sagittario FZ Head Green,
8449,Sagittario HS Head Green,
8450,Sagittario GS Head Green,
8451,Sagittario GP Head Green,
8452,Sagittario Haar Green,
8453,Sagittario F Haar Green,
8454,Sagittario FZ Haar Green,
8455,Sagittario HS Haar Green,
8456,Sagittario GS Haar Green,
8457,Sagittario GP Haar Green,
8458,Nina Head・Red,
8459,Nina F Head・Red,
8460,Nina FZ Head・Red,
8461,Nina HS Head・Red,
8462,Nina GS Head・Red,
8463,Nina GP Head・Red,
8464,Nina Haar・Red,
8465,Nina F Haar・Red,
8466,Nina FZ Haar・Red,
8467,Nina HS Haar・Red,
8468,Nina GS Haar・Red,
8469,Nina GP Haar・Red,
8470,Nina Head・Green,
8471,Nina F Head・Green,
8472,Nina FZ Head・Green,
8473,Nina HS Head・Green,
8474,Nina GS Head・Green,
8475,Nina GP Head・Green,
8476,Nina Haar・Green,
8477,Nina F Haar・Green,
8478,Nina FZ Haar・Green,
8479,Nina HS Haar・Green,
8480,Nina GS Haar・Green,
8481,Nina GP Haar・Green,
8482,Nina Head・Peach,
8483,Nina F Head・Peach,
8484,Nina FZ Head・Peach,
8485,Nina HS Head・Peach,
8486,Nina GS Head・Peach,
8487,Nina GP Head・Peach,
8488,Nina Haar・Peach,
8489,Nina F Haar・Peach,
8490,Nina FZ Haar・Peach,
8491,Nina HS Haar・Peach,
8492,Nina GS Haar・Peach,
8493,Nina GP Haar・Peach,
8494,Nina Head・Blue,
8495,Nina F Head・Blue,
8496,Nina FZ Head・Blue,
8497,Nina HS Head・Blue,
8498,Nina GS Head・Blue,
8499,Nina GP Head・Blue,
8500,Nina Haar・Blue,
8501,Nina F Haar・Blue,
8502,Nina FZ Haar・Blue,
8503,Nina HS Haar・Blue,
8504,Nina GS Haar・Blue,
8505,Nina GP Haar・Blue,
8506,Embrace Piercing,
8507,Embrace F Piercing,
8508,Embrace FZ Piercing,
8509,Embrace HS Piercing,
8510,Embrace GS Piercing,
8511,Embrace GP Piercing,
8512,Harze Band,
8513,Harze F Band,
8514,Harze FZ Band,
8515,Harze HS Band,
8516,Harze GS Band,
8517,Harze GP Band,
8518,Harze Head,
8519,Harze F Head,
8520,Harze FZ Head,
8521,Harze HS Head,
8522,Harze GS Head,
8523,Harze GP Head,
8524,Kuaru G Helm,
8525,Kuaru GF Helm,
8526,Kuaru GX Helm,
8527,Kuaru G Cap,
8528,Kuaru GF Cap,
8529,Kuaru GX Cap,
8530,Empress G Sector,
8531,Empress GF Sector,
8532,Empress GX Sector,
8533,Empress G Mask,
8534,Empress GF Mask,
8535,Empress GX Mask,
8536,Genesis G【五線譜】,
8537,Genesis GF【五線譜】,
8538,Genesis GX【五線譜】,
8539,Motion G【五線譜】,
8540,Motion GF【五線譜】,
8541,Motion GX【五線譜】,
8542,Pobo Helm,
8543,Pobo F Helm,
8544,Pobo FX Helm,
8545,Pobo G Helm,
8546,Pobo GF Helm,
8547,Pobo Cap,
8548,Pobo F Cap,
8549,Pobo FX Cap,
8550,Pobo G Cap,
8551,Pobo GF Cap,
8552,Rath Soul G Helm,
8553,Rath Soul GF Helm,
8554,Rath Soul GX Helm,
8555,Rath Soul G Cap,
8556,Rath Soul GF Cap,
8557,Rath Soul GX Cap,
8558,Rath Heart G Helm,
8559,Rath Heart GF Helm,
8560,Rath Heart GX Helm,
8561,Rath Heart G Cap,
8562,Rath Heart GF Cap,
8563,Rath Heart GX Cap,
8564,Shatemu Band,
8565,Shatemu F Band,
8566,Shatemu FZ Band,
8567,Shatemu HS Band,
8568,Shatemu GS Band,
8569,Shatemu GP Band,
8570,Shatemu Head,
8571,Shatemu F Head,
8572,Shatemu FZ Head,
8573,Shatemu HS Head,
8574,Shatemu GS Head,
8575,Shatemu GP Head,
8576,Hevria Band,
8577,Hevria F Band,
8578,Hevria FZ Band,
8579,Hevria HS Band,
8580,Hevria GS Band,
8581,Hevria GP Band,
8582,Hevria Head,
8583,Hevria F Head,
8584,Hevria FZ Head,
8585,Hevria HS Head,
8586,Hevria GS Head,
8587,Hevria GP Head,
8588,Tiuru Band,
8589,Tiuru F Band,
8590,Tiuru FZ Band,
8591,Tiuru HS Band,
8592,Tiuru GS Band,
8593,Tiuru GP Band,
8594,Tiuru Head,
8595,Tiuru F Head,
8596,Tiuru FZ Head,
8597,Tiuru HS Head,
8598,Tiuru GS Head,
8599,Tiuru GP Head,
8600,Bande Head・Blue,
8601,Bande F Head・Blue,
8602,Bande FZ Head・Blue,
8603,Bande HS Head・Blue,
8604,Bande GS Head・Blue,
8605,Bande GP Head・Blue,
8606,Bande Cap・Blue,
8607,Bande F Cap・Blue,
8608,Bande FZ Cap・Blue,
8609,Bande HS Cap・Blue,
8610,Bande GS Cap・Blue,
8611,Bande GP Cap・Blue,
8612,Bande Head・Red,
8613,Bande F Head・Red,
8614,Bande FZ Head・Red,
8615,Bande HS Head・Red,
8616,Bande GS Head・Red,
8617,Bande GP Head・Red,
8618,Bande Cap・Red,
8619,Bande F Cap・Red,
8620,Bande FZ Cap・Red,
8621,Bande HS Cap・Red,
8622,Bande GS Cap・Red,
8623,Bande GP Cap・Red,
8624,Bande Head・Green,
8625,Bande F Head・Green,
8626,Bande FZ Head・Green,
8627,Bande HS Head・Green,
8628,Bande GS Head・Green,
8629,Bande GP Head・Green,
8630,Bande Cap・Green,
8631,Bande F Cap・Green,
8632,Bande FZ Cap・Green,
8633,Bande HS Cap・Green,
8634,Bande GS Cap・Green,
8635,Bande GP Cap・Green,
8636,Bande Head・Black,
8637,Bande F Head・Black,
8638,Bande FZ Head・Black,
8639,Bande HS Head・Black,
8640,Bande GS Head・Black,
8641,Bande GP Head・Black,
8642,Bande Cap・Black,
8643,Bande F Cap・Black,
8644,Bande FZ Cap・Black,
8645,Bande HS Cap・Black,
8646,Bande GS Cap・Black,
8647,Bande GP Cap・Black,
8648,Tenpi Helm・Red,
8649,Tenpi Helm F・Red,
8650,Tenpi Helm FZ・Red,
8651,Tenpi Helm HS・Red,
8652,Tenpi Helm GS・Red,
8653,Tenpi Helm GP・Red,
8654,Tenpi Headguard・Red,
8655,Tenpi Headguard F・Red,
8656,Tenpi Headguard FZ・Red,
8657,Tenpi Headguard HS・Red,
8658,Tenpi Headguard GS・Red,
8659,Tenpi Headguard GP・Red,
8660,Tenpi Helm・Blue,
8661,Tenpi Helm F・Blue,
8662,Tenpi Helm FZ・Blue,
8663,Tenpi Helm HS・Blue,
8664,Tenpi Helm GS・Blue,
8665,Tenpi Helm GP・Blue,
8666,Tenpi Headguard・Blue,
8667,Tenpi Headguard F・Blue,
8668,Tenpi Headguard FZ・Blue,
8669,Tenpi Headguard HS・Blue,
8670,Tenpi Headguard GS・Blue,
8671,Tenpi Headguard GP・Blue,
8672,Tenpi Helm・Black,
8673,Tenpi Helm F・Black,
8674,Tenpi Helm FZ・Black,
8675,Tenpi Helm HS・Black,
8676,Tenpi Helm GS・Black,
8677,Tenpi Helm GP・Black,
8678,Tenpi Headguard・Black,
8679,Tenpi Headguard F・Black,
8680,Tenpi Headguard FZ・Black,
8681,Tenpi Headguard HS・Black,
8682,Tenpi Headguard GS・Black,
8683,Tenpi Headguard GP・Black,
8684,Tenpi Helm・White,
8685,Tenpi Helm F・White,
8686,Tenpi Helm FZ・White,
8687,Tenpi Helm HS・White,
8688,Tenpi Helm GS・White,
8689,Tenpi Helm GP・White,
8690,Tenpi Headguard・White,
8691,Tenpi Headguard F・White,
8692,Tenpi Headguard FZ・White,
8693,Tenpi Headguard HS・White,
8694,Tenpi Headguard GS・White,
8695,Tenpi Headguard GP・White,
8696,Tenpi Crown・Red,
8697,Tenpi Crown F・Red,
8698,Tenpi Crown FZ・Red,
8699,Tenpi Crown HS・Red,
8700,Tenpi Crown GS・Red,
8701,Tenpi Crown GP・Red,
8702,Tenpi ノ団子・Red,
8703,Tenpi ノ団子F・Red,
8704,Tenpi ノ団子FZ・Red,
8705,Tenpi ノ団子HS・Red,
8706,Tenpi ノ団子GS・Red,
8707,Tenpi ノ団子GP・Red,
8708,Tenpi Crown・Blue,
8709,Tenpi Crown F・Blue,
8710,Tenpi Crown FZ・Blue,
8711,Tenpi Crown HS・Blue,
8712,Tenpi Crown GS・Blue,
8713,Tenpi Crown GP・Blue,
8714,Tenpi ノ団子・Blue,
8715,Tenpi ノ団子F・Blue,
8716,Tenpi ノ団子FZ・Blue,
8717,Tenpi ノ団子HS・Blue,
8718,Tenpi ノ団子GS・Blue,
8719,Tenpi ノ団子GP・Blue,
8720,Tenpi Crown・Black,
8721,Tenpi Crown F・Black,
8722,Tenpi Crown FZ・Black,
8723,Tenpi Crown HS・Black,
8724,Tenpi Crown GS・Black,
8725,Tenpi Crown GP・Black,
8726,Tenpi ノ団子・Black,
8727,Tenpi ノ団子F・Black,
8728,Tenpi ノ団子FZ・Black,
8729,Tenpi ノ団子HS・Black,
8730,Tenpi ノ団子GS・Black,
8731,Tenpi ノ団子GP・Black,
8732,Tenpi Crown・White,
8733,Tenpi Crown F・White,
8734,Tenpi Crown FZ・White,
8735,Tenpi Crown HS・White,
8736,Tenpi Crown GS・White,
8737,Tenpi Crown GP・White,
8738,Tenpi ノ団子・White,
8739,Tenpi ノ団子F・White,
8740,Tenpi ノ団子FZ・White,
8741,Tenpi ノ団子HS・White,
8742,Tenpi ノ団子GS・White,
8743,Tenpi ノ団子GP・White,
8744,Ruban Band,
8745,Ruban F Band,
8746,Ruban FZ Band,
8747,Ruban HS Band,
8748,Ruban GS Band,
8749,Ruban GP Band,
8750,Ruban Head,
8751,Ruban F Head,
8752,Ruban FZ Head,
8753,Ruban HS Head,
8754,Ruban GS Head,
8755,Ruban GP Head,
8756,Orloj Band,
8757,Orloj F Band,
8758,Orloj FZ Band,
8759,Orloj HS Band,
8760,Orloj GS Band,
8761,Orloj GP Band,
8762,Orloj Head,
8763,Orloj F Head,
8764,Orloj FZ Head,
8765,Orloj HS Head,
8766,Orloj GS Head,
8767,Orloj GP Head,
8768,L'Amore Mask,
8769,L'Amore F Mask,
8770,L'Amore FZ Mask,
8771,L'Amore HS Mask,
8772,L'Amore GS Mask,
8773,L'Amore GP Mask,
8774,L'Amore Head,
8775,L'Amore F Head,
8776,L'Amore FZ Head,
8777,L'Amore HS Head,
8778,L'Amore GS Head,
8779,L'Amore GP Head,
8780,Dolce Mask,
8781,Dolce F Mask,
8782,Dolce FZ Mask,
8783,Dolce HS Mask,
8784,Dolce GS Mask,
8785,Dolce GP Mask,
8786,Dolce Head,
8787,Dolce F Head,
8788,Dolce FZ Head,
8789,Dolce HS Head,
8790,Dolce GS Head,
8791,Dolce GP Head,
8792,Bendi Helm,
8793,Bendi F Helm,
8794,Bendi FZ Helm,
8795,Bendi HS Helm,
8796,Bendi GS Helm,
8797,Bendi GP Helm,
8798,Bendi Cap,
8799,Bendi F Cap,
8800,Bendi FZ Cap,
8801,Bendi HS Cap,
8802,Bendi GS Cap,
8803,Bendi GP Cap,
8804,Revenants Brain,
8805,Revenants F Brain,
8806,Revenants FZ Brain,
8807,Revenants HS Brain,
8808,Revenants GS Brain,
8809,Revenants GP Brain,
8810,Revenants Soul,
8811,Revenants F Soul,
8812,Revenants FZ Soul,
8813,Revenants HS Soul,
8814,Revenants GS Soul,
8815,Revenants GP Soul,
8816,Lucis F Head,
8817,Lucis HS Head,
8818,Lucis GS Head,
8819,Lucis GP Head,
8820,Lucis F Hat,
8821,Lucis HS Hat,
8822,Lucis GS Hat,
8823,Lucis GP Hat,
8824,Risaaza HS Head,
8825,Risaaza GS Head,
8826,Risaaza GP Head,
8827,Risaaza HS Mask,
8828,Risaaza GS Mask,
8829,Risaaza GP Mask,
8830,Anteka Head,
8831,Anteka F Head,
8832,Anteka FY Head,
8833,Anteka HS Head,
8834,Anteka G Head,
8835,Anteka GF Head,
8836,Anteka GX Head,
8837,Quoiz Head,
8838,Quoiz F Head,
8839,Quoiz FY Head,
8840,Quoiz HS Head,
8841,Quoiz G Head,
8842,Quoiz GF Head,
8843,Quoiz GX Head,
8844,Quoiz Cap,
8845,Quoiz F Cap,
8846,Quoiz FY Cap,
8847,Quoiz HS Cap,
8848,Quoiz G Cap,
8849,Quoiz GF Cap,
8850,Quoiz GX Cap,
8851,Kalais Head,
8852,Kalais F Head,
8853,Kalais FY Head,
8854,Kalais HS Head,
8855,Kalais G Head,
8856,Kalais GF Head,
8857,Kalais GX Head,
8858,Kalais Cap,
8859,Kalais F Cap,
8860,Kalais FY Cap,
8861,Kalais HS Cap,
8862,Kalais G Cap,
8863,Kalais GF Cap,
8864,Kalais GX Cap,
8865,Yoruti Helm,
8866,Yoruti F Helm,
8867,Yoruti FY Helm,
8868,Yoruti HS Helm,
8869,Yoruti G Helm,
8870,Yoruti GF Helm,
8871,Yoruti GX Helm,
8872,Yoruti Cap,
8873,Yoruti F Cap,
8874,Yoruti FY Cap,
8875,Yoruti HS Cap,
8876,Yoruti G Cap,
8877,Yoruti GF Cap,
8878,Yoruti GX Cap,
8879,Haragan Helm,
8880,Haragan F Helm,
8881,Haragan FY Helm,
8882,Haragan HS Helm,
8883,Haragan G Helm,
8884,Haragan GF Helm,
8885,Haragan GX Helm,
8886,Haragan Cap,
8887,Haragan F Cap,
8888,Haragan FY Cap,
8889,Haragan HS Cap,
8890,Haragan G Cap,
8891,Haragan GF Cap,
8892,Haragan GX Cap,
8893,Rios Helm,
8894,Rios F Helm,
8895,Rios FY Helm,
8896,Rios HS Helm,
8897,Rios G Helm,
8898,Rios GF Helm,
8899,Rios GX Helm,
8900,Rios Cap,
8901,Rios F Cap,
8902,Rios FY Cap,
8903,Rios HS Cap,
8904,Rios G Cap,
8905,Rios GF Cap,
8906,Rios GX Cap,
8907,Mist Hachigane,
8908,Mist F Hachigane,
8909,Mist FY Hachigane,
8910,Mist HS Hachigane,
8911,Mist G Hachigane,
8912,Mist GF Hachigane,
8913,Mist GX Hachigane,
8914,Fog Hachigane,
8915,Fog F Hachigane,
8916,Fog FY Hachigane,
8917,Fog HS Hachigane,
8918,Fog G Hachigane,
8919,Fog GF Hachigane,
8920,Fog GX Hachigane,
8921,Rodokuru Head,
8922,Rodokuru F Head,
8923,Rodokuru FY Head,
8924,Rodokuru HS Head,
8925,Rodokuru G Head,
8926,Rodokuru GF Head,
8927,Rodokuru GX Head,
8928,Noir FY Piercing,
8929,Noir HS Piercing,
8930,Noir G Piercing,
8931,Noir GF Piercing,
8932,Noir GX Piercing,
8933,Demon Lord Horn G,
8934,Demon Lord Horn GF,
8935,Demon Lord Horn GX,
8936,童子ノ角G,
8937,童子ノ角GF,
8938,童子ノ角GX,
8939,Ina Corsage,
8940,Ina Corsage F,
8941,ポボル Beretta,
8942,ポボル Beretta F,
8943,Trume Helm,
8944,Trume F Helm,
8945,Trume FZ Helm,
8946,Trume HS Helm,
8947,Trume GS Helm,
8948,Trume GP Helm,
8949,Trume Mask,
8950,Trume F Mask,
8951,Trume FZ Mask,
8952,Trume HS Mask,
8953,Trume GS Mask,
8954,Trume GP Mask,
8955,Gogomoa G Helm,
8956,Gogomoa GF Helm,
8957,Gogomoa GX Helm,
8958,Gogomoa G Cap,
8959,Gogomoa GF Cap,
8960,Gogomoa GX Cap,
8961,Varusa Helm,
8962,Varusa F Helm,
8963,Varusa FX Helm,
8964,Varusa G Helm,
8965,Varusa GF Helm,
8966,Varusa Cap,
8967,Varusa F Cap,
8968,Varusa FX Cap,
8969,Varusa G Cap,
8970,Varusa GF Cap,
8971,Flame GF Crown,
8972,Flame GF Mask,
8973,Lils GF Head,
8974,Lils GF Cap,
8975,Asteli Piercing・White,
8976,Asteli F Piercing・White,
8977,Asteli FZ Piercing・White,
8978,Asteli HS Piercing・White,
8979,Asteli GS Piercing・White,
8980,Asteli GP Piercing・White,
8981,Asteli Haar・White,
8982,Asteli F Haar・White,
8983,Asteli FZ Haar・White,
8984,Asteli HS Haar・White,
8985,Asteli GS Haar・White,
8986,Asteli GP Haar・White,
8987,Asteli Piercing・Blue,
8988,Asteli F Piercing・Blue,
8989,Asteli FZ Piercing・Blue,
8990,Asteli HS Piercing・Blue,
8991,Asteli GS Piercing・Blue,
8992,Asteli GP Piercing・Blue,
8993,Asteli Haar・Blue,
8994,Asteli F Haar・Blue,
8995,Asteli FZ Haar・Blue,
8996,Asteli HS Haar・Blue,
8997,Asteli GS Haar・Blue,
8998,Asteli GP Haar・Blue,
8999,Asteli Piercing・Red,
9000,Asteli F Piercing・Red,
9001,Asteli FZ Piercing・Red,
9002,Asteli HS Piercing・Red,
9003,Asteli GS Piercing・Red,
9004,Asteli GP Piercing・Red,
9005,Asteli Haar・Red,
9006,Asteli F Haar・Red,
9007,Asteli FZ Haar・Red,
9008,Asteli HS Haar・Red,
9009,Asteli GS Haar・Red,
9010,Asteli GP Haar・Red,
9011,Asteli Piercing・Black,
9012,Asteli F Piercing・Black,
9013,Asteli FZ Piercing・Black,
9014,Asteli HS Piercing・Black,
9015,Asteli GS Piercing・Black,
9016,Asteli GP Piercing・Black,
9017,Asteli Haar・Black,
9018,Asteli F Haar・Black,
9019,Asteli FZ Haar・Black,
9020,Asteli HS Haar・Black,
9021,Asteli GS Haar・Black,
9022,Asteli GP Haar・Black,
9023,Lucchese Head,
9024,Lucchese F Head,
9025,Lucchese FY Head,
9026,Lucchese HS Head,
9027,Lucchese G Head,
9028,Lucchese GF Head,
9029,Lucchese GX Head,
9030,Lucchese Cap,
9031,Lucchese F Cap,
9032,Lucchese FY Cap,
9033,Lucchese HS Cap,
9034,Lucchese G Cap,
9035,Lucchese GF Cap,
9036,Lucchese GX Cap,
9037,Orykto G Helm,
9038,Orykto GF Helm,
9039,Orykto GX Helm,
9040,Orykto G Cap,
9041,Orykto GF Cap,
9042,Orykto GX Cap,
9043,Bonito Helm,
9044,Bonito F Helm,
9045,Bonito FY Helm,
9046,Bonito HS Helm,
9047,Bonito G Helm,
9048,Bonito GF Helm,
9049,Bonito GX Helm,
9050,Bonito Cap,
9051,Bonito F Cap,
9052,Bonito FY Cap,
9053,Bonito HS Cap,
9054,Bonito G Cap,
9055,Bonito GF Cap,
9056,Bonito GX Cap,
9057,Contra GX Piercing,
9058,Jintora GX Piercing,
9059,Antora GX Piercing,
9060,Bintora GX Piercing,
9061,Tantora GX Piercing,
9062,Luchar G Piercing,
9063,Luchar GF Piercing,
9064,Luchar GX Piercing,
9065,Solv Rule G Kabuto,
9066,Solv Rule GF Kabuto,
9067,Solv Rule GX Kabuto,
9068,Solv Lord G Kabuto,
9069,Solv Lord GF Kabuto,
9070,Solv Lord GX Kabuto,
9071,Harudo Helm,
9072,Harudo F Helm,
9073,Harudo FX Helm,
9074,Harudo G Helm,
9075,Harudo GF Helm,
9076,Harudo Cap,
9077,Harudo F Cap,
9078,Harudo FX Cap,
9079,Harudo G Cap,
9080,Harudo GF Cap,
9081,Gureado Helm,
9082,Gureado F Helm,
9083,Gureado FX Helm,
9084,Gureado G Helm,
9085,Gureado GF Helm,
9086,Gureado Cap,
9087,Gureado F Cap,
9088,Gureado FX Cap,
9089,Gureado G Cap,
9090,Gureado GF Cap,
9091,Akantor G Mask,
9092,Akantor GF Mask,
9093,Akantor GX Mask,
9094,Akantor G Fangs,
9095,Akantor GF Fangs,
9096,Akantor GX Fangs,
9097,G.Plesioth G Helm,
9098,G.Plesioth GF Helm,
9099,G.Plesioth GX Helm,
9100,G.Plesioth G Cap,
9101,G.Plesioth GF Cap,
9102,G.Plesioth GX Cap,
9103,Bright Hypnoc G Helm,
9104,Bright Hypnoc GF Helm,
9105,Bright Hypnoc GX Helm,
9106,Bright Hypnoc G Cap,
9107,Bright Hypnoc GF Cap,
9108,Bright Hypnoc GX Cap,
9109,Blitz GX Horn,
9110,Blitz GX Corno,
9111,Stroma GX Helm,
9112,Stroma GX Cap,
9113,Diboa GX Helm,
9114,Diboa GX Cap,
9115,Regnum Head・White,
9116,Regnum F Head・White,
9117,Regnum FZ Head・White,
9118,Regnum HS Head・White,
9119,Regnum GS Head・White,
9120,Regnum GP Head・White,
9121,Regnum Hat・White,
9122,Regnum F Hat・White,
9123,Regnum FZ Hat・White,
9124,Regnum HS Hat・White,
9125,Regnum GS Hat・White,
9126,Regnum GP Hat・White,
9127,Regnum Head・Blue,
9128,Regnum F Head・Blue,
9129,Regnum FZ Head・Blue,
9130,Regnum HS Head・Blue,
9131,Regnum GS Head・Blue,
9132,Regnum GP Head・Blue,
9133,Regnum Hat・Blue,
9134,Regnum F Hat・Blue,
9135,Regnum FZ Hat・Blue,
9136,Regnum HS Hat・Blue,
9137,Regnum GS Hat・Blue,
9138,Regnum GP Hat・Blue,
9139,Regnum Head・Red,
9140,Regnum F Head・Red,
9141,Regnum FZ Head・Red,
9142,Regnum HS Head・Red,
9143,Regnum GS Head・Red,
9144,Regnum GP Head・Red,
9145,Regnum Hat・Red,
9146,Regnum F Hat・Red,
9147,Regnum FZ Hat・Red,
9148,Regnum HS Hat・Red,
9149,Regnum GS Hat・Red,
9150,Regnum GP Hat・Red,
9151,Regnum Head・Tea,
9152,Regnum F Head・Tea,
9153,Regnum FZ Head・Tea,
9154,Regnum HS Head・Tea,
9155,Regnum GS Head・Tea,
9156,Regnum GP Head・Tea,
9157,Regnum Hat・Tea,
9158,Regnum F Hat・Tea,
9159,Regnum FZ Hat・Tea,
9160,Regnum HS Hat・Tea,
9161,Regnum GS Hat・Tea,
9162,Regnum GP Hat・Tea,
9163,Marin Head・Blue,
9164,Marin F Head・Blue,
9165,Marin FZ Head・Blue,
9166,Marin HS Head・Blue,
9167,Marin GS Head・Blue,
9168,Marin GP Head・Blue,
9169,Marin Cap・Blue,
9170,Marin F Cap・Blue,
9171,Marin FZ Cap・Blue,
9172,Marin HS Cap・Blue,
9173,Marin GS Cap・Blue,
9174,Marin GP Cap・Blue,
9175,Marin Head・Peach,
9176,Marin F Head・Peach,
9177,Marin FZ Head・Peach,
9178,Marin HS Head・Peach,
9179,Marin GS Head・Peach,
9180,Marin GP Head・Peach,
9181,Marin Cap・Peach,
9182,Marin F Cap・Peach,
9183,Marin FZ Cap・Peach,
9184,Marin HS Cap・Peach,
9185,Marin GS Cap・Peach,
9186,Marin GP Cap・Peach,
9187,Marin Head・White,
9188,Marin F Head・White,
9189,Marin FZ Head・White,
9190,Marin HS Head・White,
9191,Marin GS Head・White,
9192,Marin GP Head・White,
9193,Marin Cap・White,
9194,Marin F Cap・White,
9195,Marin FZ Cap・White,
9196,Marin HS Cap・White,
9197,Marin GS Cap・White,
9198,Marin GP Cap・White,
9199,Marin Head・Black,
9200,Marin F Head・Black,
9201,Marin FZ Head・Black,
9202,Marin HS Head・Black,
9203,Marin GS Head・Black,
9204,Marin GP Head・Black,
9205,Marin Cap・Black,
9206,Marin F Cap・Black,
9207,Marin FZ Cap・Black,
9208,Marin HS Cap・Black,
9209,Marin GS Cap・Black,
9210,Marin GP Cap・Black,
9211,Reflet Head・Blue,
9212,Reflet F Head・Blue,
9213,Reflet FZ Head・Blue,
9214,Reflet HS Head・Blue,
9215,Reflet GS Head・Blue,
9216,Reflet GP Head・Blue,
9217,Reflet Mask・Blue,
9218,Reflet F Mask・Blue,
9219,Reflet FZ Mask・Blue,
9220,Reflet HS Mask・Blue,
9221,Reflet GS Mask・Blue,
9222,Reflet GP Mask・Blue,
9223,Reflet Head・White,
9224,Reflet F Head・White,
9225,Reflet FZ Head・White,
9226,Reflet HS Head・White,
9227,Reflet GS Head・White,
9228,Reflet GP Head・White,
9229,Reflet Mask・White,
9230,Reflet F Mask・White,
9231,Reflet FZ Mask・White,
9232,Reflet HS Mask・White,
9233,Reflet GS Mask・White,
9234,Reflet GP Mask・White,
9235,Reflet Head・Red,
9236,Reflet F Head・Red,
9237,Reflet FZ Head・Red,
9238,Reflet HS Head・Red,
9239,Reflet GS Head・Red,
9240,Reflet GP Head・Red,
9241,Reflet Mask・Red,
9242,Reflet F Mask・Red,
9243,Reflet FZ Mask・Red,
9244,Reflet HS Mask・Red,
9245,Reflet GS Mask・Red,
9246,Reflet GP Mask・Red,
9247,Reflet Head・Black,
9248,Reflet F Head・Black,
9249,Reflet FZ Head・Black,
9250,Reflet HS Head・Black,
9251,Reflet GS Head・Black,
9252,Reflet GP Head・Black,
9253,Reflet Mask・Black,
9254,Reflet F Mask・Black,
9255,Reflet FZ Mask・Black,
9256,Reflet HS Mask・Black,
9257,Reflet GS Mask・Black,
9258,Reflet GP Mask・Black,
9259,CE Kevlar BM Head Blue,
9260,CE Kevlar F BM Head Blue,
9261,CE Kevlar FZ BM Head Blue,
9262,CE Kevlar HS BM Head Blue,
9263,CE Kevlar GS BM Head Blue,
9264,CE Kevlar GP BM Head Blue,
9265,CE Kevlar GN Head Blue,
9266,CE Kevlar F GN Head Blue,
9267,CE Kevlar FZ GN Head Blue,
9268,CE Kevlar HS GN Head Blue,
9269,CE Kevlar GS GN Head Blue,
9270,CE Kevlar GP GN Head Blue,
9271,CE Kevlar BM Head Red,
9272,CE Kevlar F BM Head Red,
9273,CE Kevlar FZ BM Head Red,
9274,CE Kevlar HS BM Head Red,
9275,CE Kevlar GS BM Head Red,
9276,CE Kevlar GP BM Head Red,
9277,CE Kevlar GN Head Red,
9278,CE Kevlar F GN Head Red,
9279,CE Kevlar FZ GN Head Red,
9280,CE Kevlar HS GN Head Red,
9281,CE Kevlar GS GN Head Red,
9282,CE Kevlar GP GN Head Red,
9283,CE Kevlar BM Head White,
9284,CE Kevlar F BM Head White,
9285,CE Kevlar FZ BM Head White,
9286,CE Kevlar HS BM Head White,
9287,CE Kevlar GS BM Head White,
9288,CE Kevlar GP BM Head White,
9289,CE Kevlar GN Head White,
9290,CE Kevlar F GN Head White,
9291,CE Kevlar FZ GN Head White,
9292,CE Kevlar HS GN Head White,
9293,CE Kevlar GS GN Head White,
9294,CE Kevlar GP GN Head White,
9295,CE Kevlar BM Head Black,
9296,CE Kevlar F BM Head Black,
9297,CE Kevlar FZ BM Head Black,
9298,CE Kevlar HS BM Head Black,
9299,CE Kevlar GS BM Head Black,
9300,CE Kevlar GP BM Head Black,
9301,CE Kevlar GN Head Black,
9302,CE Kevlar F GN Head Black,
9303,CE Kevlar FZ GN Head Black,
9304,CE Kevlar HS GN Head Black,
9305,CE Kevlar GS GN Head Black,
9306,CE Kevlar GP GN Head Black,
9307,AB Layer BM Head Red,
9308,AB Layer F BM Head Red,
9309,AB Layer FZ BM Head Red,
9310,AB Layer HS BM Head Red,
9311,AB Layer GS BM Head Red,
9312,AB Layer GP BM Head Red,
9313,AB Layer GN Head Red,
9314,AB Layer F GN Head Red,
9315,AB Layer FZ GN Head Red,
9316,AB Layer HS GN Head Red,
9317,AB Layer GS GN Head Red,
9318,AB Layer GP GN Head Red,
9319,AB Layer BM Head Blue,
9320,AB Layer F BM Head Blue,
9321,AB Layer FZ BM Head Blue,
9322,AB Layer HS BM Head Blue,
9323,AB Layer GS BM Head Blue,
9324,AB Layer GP BM Head Blue,
9325,AB Layer GN Head Blue,
9326,AB Layer F GN Head Blue,
9327,AB Layer FZ GN Head Blue,
9328,AB Layer HS GN Head Blue,
9329,AB Layer GS GN Head Blue,
9330,AB Layer GP GN Head Blue,
9331,AB Layer BM Head Black,
9332,AB Layer F BM Head Black,
9333,AB Layer FZ BM Head Black,
9334,AB Layer HS BM Head Black,
9335,AB Layer GS BM Head Black,
9336,AB Layer GP BM Head Black,
9337,AB Layer GN Head Black,
9338,AB Layer F GN Head Black,
9339,AB Layer FZ GN Head Black,
9340,AB Layer HS GN Head Black,
9341,AB Layer GS GN Head Black,
9342,AB Layer GP GN Head Black,
9343,AB Layer BM Head White,
9344,AB Layer F BM Head White,
9345,AB Layer FZ BM Head White,
9346,AB Layer HS BM Head White,
9347,AB Layer GS BM Head White,
9348,AB Layer GP BM Head White,
9349,AB Layer GN Head White,
9350,AB Layer F GN Head White,
9351,AB Layer FZ GN Head White,
9352,AB Layer HS GN Head White,
9353,AB Layer GS GN Head White,
9354,AB Layer GP GN Head White,
9355,Bronte Head,
9356,Bronte F Head,
9357,Bronte FZ Head,
9358,Bronte HS Head,
9359,Bronte GS Head,
9360,Bronte GP Head,
9361,Bronte Hat,
9362,Bronte F Hat,
9363,Bronte FZ Hat,
9364,Bronte HS Hat,
9365,Bronte GS Hat,
9366,Bronte GP Hat,
9367,Solene Head,
9368,Solene F Head,
9369,Solene FZ Head,
9370,Solene HS Head,
9371,Solene GS Head,
9372,Solene GP Head,
9373,Solene Hat,
9374,Solene F Hat,
9375,Solene FZ Hat,
9376,Solene HS Hat,
9377,Solene GS Hat,
9378,Solene GP Hat,
9379,Lapine Band,
9380,Lapine F Band,
9381,Lapine FZ Band,
9382,Lapine HS Band,
9383,Lapine GS Band,
9384,Lapine GP Band,
9385,Lapine Head,
9386,Lapine F Head,
9387,Lapine FZ Head,
9388,Lapine HS Head,
9389,Lapine GS Head,
9390,Lapine GP Head,
9391,トロピオ Piercing,
9392,トロピオF Piercing,
9393,トロピオFZ Piercing,
9394,トロピオHS Piercing,
9395,トロピオGS Piercing,
9396,トロピオGP Piercing,
9397,Magos GP Head・Yellow,
9398,Magos GP Haar・Yellow,
9399,Magos GP Head・Red,
9400,Magos GP Haar・Red,
9401,Magos GP Head・Water,
9402,Magos GP Haar・Water,
9403,Magos GP Head・Blue,
9404,Magos GP Haar・Blue,
9405,Yukumo Kasa・Heaven,
9406,Yukumo Kasa G・Heaven,
9407,Yukumo Kasa GF・Heaven,
9408,Yukumo Kasa GX・Heaven,
9409,Furogada G Head,
9410,Furogada GF Head,
9411,Furogada GX Head,
9412,Yukumo Kasa・Earth,
9413,Yukumo Kasa G・Earth,
9414,Yukumo Kasa GF・Earth,
9415,Yukumo Kasa GX・Earth,
9416,Furogada G Cap,
9417,Furogada GF Cap,
9418,Furogada GX Cap,
9419,ダミー,
9420,ダミー,
9421,ダミー,
9422,ダミー,
9423,Rance G Head,
9424,Rance GF Head,
9425,Rance GX Head,
9426,ダミー,
9427,ダミー,
9428,ダミー,
9429,ダミー,
9430,Rance G Wig,
9431,Rance GF Wig,
9432,Rance GX Wig,
9433,Meirida Helm,
9434,Meirida F Helm,
9435,Meirida FY Helm,
9436,Meirida HS Helm,
9437,Meirida G Helm,
9438,Meirida GF Helm,
9439,Meirida GX Helm,
9440,Meirida Cap,
9441,Meirida F Cap,
9442,Meirida FY Cap,
9443,Meirida HS Cap,
9444,Meirida G Cap,
9445,Meirida GF Cap,
9446,Meirida GX Cap,
9447,Maaden Helm,
9448,Maaden F Helm,
9449,Maaden FY Helm,
9450,Maaden HS Helm,
9451,Maaden G Helm,
9452,Maaden GF Helm,
9453,Maaden GX Helm,
9454,Maaden Cap,
9455,Maaden F Cap,
9456,Maaden FY Cap,
9457,Maaden HS Cap,
9458,Maaden G Cap,
9459,Maaden GF Cap,
9460,Maaden GX Cap,
9461,Kosho Hachigane,
9462,Kosho F Hachigane,
9463,Kosho FY Hachigane,
9464,Kosho HS Hachigane,
9465,Kosho G Hachigane,
9466,Kosho GF Hachigane,
9467,Kosho GX Hachigane,
9468,Koro Hachigane,
9469,Koro F Hachigane,
9470,Koro FY Hachigane,
9471,Koro HS Hachigane,
9472,Koro G Hachigane,
9473,Koro GF Hachigane,
9474,Koro GX Hachigane,
9475,Abuyado Helm,
9476,Abuyado F Helm,
9477,Abuyado FY Helm,
9478,Abuyado HS Helm,
9479,Abuyado G Helm,
9480,Abuyado GF Helm,
9481,Abuyado GX Helm,
9482,Abuyado Cap,
9483,Abuyado F Cap,
9484,Abuyado FY Cap,
9485,Abuyado HS Cap,
9486,Abuyado G Cap,
9487,Abuyado GF Cap,
9488,Abuyado GX Cap,
9489,Gorukku Head,
9490,Gorukku F Head,
9491,Gorukku FY Head,
9492,Gorukku HS Head,
9493,Gorukku G Head,
9494,Gorukku GF Head,
9495,Gorukku GX Head,
9496,Gorukku Face,
9497,Gorukku F Face,
9498,Gorukku FY Face,
9499,Gorukku HS Face,
9500,Gorukku G Face,
9501,Gorukku GF Face,
9502,Gorukku GX Face,
9503,ハルル Beretta,
9504,ハルルF Beretta,
9505,ポボル Corsage,
9506,ポボルF Corsage,
9507,Shimashima Head,
9508,Shimashima F Head,
9509,Shimashima FY Head,
9510,Shimashima HS Head,
9511,Shimashima G Head,
9512,Shimashima GF Head,
9513,Shimashima GX Head,
9514,Shimashima Cap,
9515,Shimashima F Cap,
9516,Shimashima FY Cap,
9517,Shimashima HS Cap,
9518,Shimashima G Cap,
9519,Shimashima GF Cap,
9520,Shimashima GX Cap,
9521,Rath Duo FY Helm,
9522,Rath Duo HS Helm,
9523,Rath Duo G Helm,
9524,Rath Duo GF Helm,
9525,Rath Duo GX Helm,
9526,Rath Duo FY Cap,
9527,Rath Duo HS Cap,
9528,Rath Duo G Cap,
9529,Rath Duo GF Cap,
9530,Rath Duo GX Cap,
9531,Tandress HS Head,
9532,Tandress G Head,
9533,Tandress GF Head,
9534,Tandress GX Head,
9535,Tandress HS Piercing,
9536,Tandress G Piercing,
9537,Tandress GF Piercing,
9538,Tandress GX Piercing,
9539,Ranvuo Helm,
9540,Ranvuo F Helm,
9541,Ranvuo FY Helm,
9542,Ranvuo HS Helm,
9543,Ranvuo G Helm,
9544,Ranvuo GF Helm,
9545,Ranvuo GX Helm,
9546,Ranvuo Cap,
9547,Ranvuo F Cap,
9548,Ranvuo FY Cap,
9549,Ranvuo HS Cap,
9550,Ranvuo G Cap,
9551,Ranvuo GF Cap,
9552,Ranvuo GX Cap,
9553,Nyui Helm,
9554,Nyui F Helm,
9555,Nyui FY Helm,
9556,Nyui HS Helm,
9557,Nyui G Helm,
9558,Nyui GF Helm,
9559,Nyui GX Helm,
9560,Nyui Cap,
9561,Nyui F Cap,
9562,Nyui FY Cap,
9563,Nyui HS Cap,
9564,Nyui G Cap,
9565,Nyui GF Cap,
9566,Nyui GX Cap,
9567,ダミー,
9568,ダミー,
9569,ダミー,
9570,ダミー,
9571,Nympha G Helm,
9572,Nympha GF Helm,
9573,Nympha GX Helm,
9574,ダミー,
9575,ダミー,
9576,ダミー,
9577,ダミー,
9578,Nympha G Cap,
9579,Nympha GF Cap,
9580,Nympha GX Cap,
9581,Harudo GX Helm,
9582,Harudo GX Cap,
9583,Gureado GX Helm,
9584,Gureado GX Cap,
9585,Pics GP Head・Green,
9586,Pics GP Hat・Green,
9587,Pics GP Head・Purple,
9588,Pics GP Hat・Purple,
9589,Pics GP Head・Black,
9590,Pics GP Hat・Black,
9591,Pics GP Head・Water,
9592,Pics GP Hat・Water,
9593,ダミー,
9594,ダミー,
9595,Barrel Cat Helm・Gold,
9596,ダミー,
9597,ダミー,
9598,ダミー,
9599,ダミー,
9600,ダミー,
9601,ダミー,
9602,Barrel Cat Helm・Silver,
9603,ダミー,
9604,ダミー,
9605,ダミー,
9606,ダミー,
9607,ダミー,
9608,ダミー,
9609,Barrel Cat Helm・Copper,
9610,ダミー,
9611,ダミー,
9612,ダミー,
9613,ダミー,
9614,ダミー,
9615,ダミー,
9616,Smart HS Head,
9617,Smart GS Head,
9618,Gasura Helm,
9619,Gasura F Helm,
9620,Gasura FX Helm,
9621,Gasura G Helm,
9622,Gasura GF Helm,
9623,Gasura GX Helm,
9624,Gasura Cap,
9625,Gasura F Cap,
9626,Gasura FX Cap,
9627,Gasura G Cap,
9628,Gasura GF Cap,
9629,Gasura GX Cap,
9630,Wrath G Kabuto,
9631,Wrath GF Kabuto,
9632,Wrath GX Kabuto,
9633,Anger G Kabuto,
9634,Anger GF Kabuto,
9635,Anger GX Kabuto,
9636,Abi G Helm,
9637,Abi GF Helm,
9638,Abi GX Helm,
9639,Abi G Cap,
9640,Abi GF Cap,
9641,Abi GX Cap,
9642,Zinogre Helm,
9643,Zinogre G Helm,
9644,Zinogre GF Helm,
9645,Zinogre GX Helm,
9646,Zinogre Cap,
9647,Zinogre G Cap,
9648,Zinogre GF Cap,
9649,Zinogre GX Cap,
9650,Gania Head・Red,
9651,Gania F Head・Red,
9652,Gania FZ Head・Red,
9653,Gania HS Head・Red,
9654,Gania GS Head・Red,
9655,Gania GP Head・Red,
9656,Gania Cap・Red,
9657,Gania F Cap・Red,
9658,Gania FZ Cap・Red,
9659,Gania HS Cap・Red,
9660,Gania GS Cap・Red,
9661,Gania GP Cap・Red,
9662,Gania Head・Blue,
9663,Gania F Head・Blue,
9664,Gania FZ Head・Blue,
9665,Gania HS Head・Blue,
9666,Gania GS Head・Blue,
9667,Gania GP Head・Blue,
9668,Gania Cap・Blue,
9669,Gania F Cap・Blue,
9670,Gania FZ Cap・Blue,
9671,Gania HS Cap・Blue,
9672,Gania GS Cap・Blue,
9673,Gania GP Cap・Blue,
9674,Gania Head・Tea,
9675,Gania F Head・Tea,
9676,Gania FZ Head・Tea,
9677,Gania HS Head・Tea,
9678,Gania GS Head・Tea,
9679,Gania GP Head・Tea,
9680,Gania Cap・Tea,
9681,Gania F Cap・Tea,
9682,Gania FZ Cap・Tea,
9683,Gania HS Cap・Tea,
9684,Gania GS Cap・Tea,
9685,Gania GP Cap・Tea,
9686,Gania Head・Purple,
9687,Gania F Head・Purple,
9688,Gania FZ Head・Purple,
9689,Gania HS Head・Purple,
9690,Gania GS Head・Purple,
9691,Gania GP Head・Purple,
9692,Gania Cap・Purple,
9693,Gania F Cap・Purple,
9694,Gania FZ Cap・Purple,
9695,Gania HS Cap・Purple,
9696,Gania GS Cap・Purple,
9697,Gania GP Cap・Purple,
9698,Dinato Head,
9699,Dinato F Head,
9700,Dinato FZ Head,
9701,Dinato HS Head,
9702,Dinato GS Head,
9703,Dinato GP Head,
9704,Dinato Cap,
9705,Dinato F Cap,
9706,Dinato FZ Cap,
9707,Dinato HS Cap,
9708,Dinato GS Cap,
9709,Dinato GP Cap,
9710,Duque Head,
9711,Duque F Head,
9712,Duque FZ Head,
9713,Duque HS Head,
9714,Duque GS Head,
9715,Duque GP Head,
9716,Duque Cap,
9717,Duque F Cap,
9718,Duque FZ Cap,
9719,Duque HS Cap,
9720,Duque GS Cap,
9721,Duque GP Cap,
9722,Granu Head,
9723,Granu F Head,
9724,Granu FZ Head,
9725,Granu HS Head,
9726,Granu GS Head,
9727,Granu GP Head,
9728,Granu Cap,
9729,Granu F Cap,
9730,Granu FZ Cap,
9731,Granu HS Cap,
9732,Granu GS Cap,
9733,Granu GP Cap,
9734,Plug Head:01,
9735,Plug F Head:01,
9736,Plug FZ Head:01,
9737,Plug HS Head:01,
9738,Plug GS Head:01,
9739,Plug GP Head:01,
9740,Plug Cap:01,
9741,Plug F Cap:01,
9742,Plug FZ Cap:01,
9743,Plug HS Cap:01,
9744,Plug GS Cap:01,
9745,Plug GP Cap:01,
9746,Plug Head:00,
9747,Plug F Head:00,
9748,Plug FZ Head:00,
9749,Plug HS Head:00,
9750,Plug GS Head:00,
9751,Plug GP Head:00,
9752,Plug Cap:00,
9753,Plug F Cap:00,
9754,Plug FZ Cap:00,
9755,Plug HS Cap:00,
9756,Plug GS Cap:00,
9757,Plug GP Cap:00,
9758,Unit-01 Head,
9759,Unit-01 F Head,
9760,Unit-01 FZ Head,
9761,Unit-01 HS Head,
9762,Unit-01 GS Head,
9763,Unit-01 GP Head,
9764,Unit-01 Mask,
9765,Unit-01 F Mask,
9766,Unit-01 FZ Mask,
9767,Unit-01 HS Mask,
9768,Unit-01 GS Mask,
9769,Unit-01 GP Mask,
9770,Unit-00 Head,
9771,Unit-00 F Head,
9772,Unit-00 FZ Head,
9773,Unit-00 HS Head,
9774,Unit-00 GS Head,
9775,Unit-00 GP Head,
9776,Unit-00 Mask,
9777,Unit-00 F Mask,
9778,Unit-00 FZ Mask,
9779,Unit-00 HS Mask,
9780,Unit-00 GS Mask,
9781,Unit-00 GP Mask,
9782,Dusk Head・Red,
9783,Dusk F Head・Red,
9784,Dusk FZ Head・Red,
9785,Dusk HS Head・Red,
9786,Dusk GS Head・Red,
9787,Dusk GP Head・Red,
9788,Dusk Cap・Red,
9789,Dusk F Cap・Red,
9790,Dusk FZ Cap・Red,
9791,Dusk HS Cap・Red,
9792,Dusk GS Cap・Red,
9793,Dusk GP Cap・Red,
9794,Dusk Head・White,
9795,Dusk F Head・White,
9796,Dusk FZ Head・White,
9797,Dusk HS Head・White,
9798,Dusk GS Head・White,
9799,Dusk GP Head・White,
9800,Dusk Cap・White,
9801,Dusk F Cap・White,
9802,Dusk FZ Cap・White,
9803,Dusk HS Cap・White,
9804,Dusk GS Cap・White,
9805,Dusk GP Cap・White,
9806,Dusk Head・Peach,
9807,Dusk F Head・Peach,
9808,Dusk FZ Head・Peach,
9809,Dusk HS Head・Peach,
9810,Dusk GS Head・Peach,
9811,Dusk GP Head・Peach,
9812,Dusk Cap・Peach,
9813,Dusk F Cap・Peach,
9814,Dusk FZ Cap・Peach,
9815,Dusk HS Cap・Peach,
9816,Dusk GS Cap・Peach,
9817,Dusk GP Cap・Peach,
9818,Dusk Head・Blue,
9819,Dusk F Head・Blue,
9820,Dusk FZ Head・Blue,
9821,Dusk HS Head・Blue,
9822,Dusk GS Head・Blue,
9823,Dusk GP Head・Blue,
9824,Dusk Cap・Blue,
9825,Dusk F Cap・Blue,
9826,Dusk FZ Cap・Blue,
9827,Dusk HS Cap・Blue,
9828,Dusk GS Cap・Blue,
9829,Dusk GP Cap・Blue,
9830,トイスト Head,
9831,トイストF Head,
9832,トイストFZ Head,
9833,トイストHS Head,
9834,トイストGS Head,
9835,トイストGP Head,
9836,トイスト Cap,
9837,トイストF Cap,
9838,トイストFZ Cap,
9839,トイストHS Cap,
9840,トイストGS Cap,
9841,トイストGP Cap,
9842,Nekodan Head,
9843,Nekodan F Head,
9844,Nekodan FZ Head,
9845,Nekodan HS Head,
9846,Nekodan GS Head,
9847,Nekodan GP Head,
9848,Aelucanth Vertex,
9849,Aelucanth G Vertex,
9850,Aelucanth GF Vertex,
9851,Aelucanth GX Vertex,
9852,Aelucanth Capto,
9853,Aelucanth G Capto,
9854,Aelucanth GF Capto,
9855,Aelucanth GX Capto,
9856,Rhopessa Vertex,
9857,Rhopessa G Vertex,
9858,Rhopessa GF Vertex,
9859,Rhopessa GX Vertex,
9860,Rhopessa Capto,
9861,Rhopessa G Capto,
9862,Rhopessa GF Capto,
9863,Rhopessa GX Capto,
9864,Gasura Beretta,
9865,Gasura F Beretta,
9866,ハルル Corsage,
9867,ハルルF Corsage,
9868,Riaruo G Helm,
9869,Riaruo GF Helm,
9870,Riaruo GX Helm,
9871,Riaruo G Cap,
9872,Riaruo GF Cap,
9873,Riaruo GX Cap,
9874,Ordre Helm,
9875,Ordre F Helm,
9876,Ordre FY Helm,
9877,Ordre HS Helm,
9878,Ordre G Helm,
9879,Ordre GF Helm,
9880,Ordre GX Helm,
9881,Ordre Cap,
9882,Ordre F Cap,
9883,Ordre FY Cap,
9884,Ordre HS Cap,
9885,Ordre G Cap,
9886,Ordre GF Cap,
9887,Ordre GX Cap,
9888,Cheni Helm,
9889,Cheni F Helm,
9890,Cheni FY Helm,
9891,Cheni HS Helm,
9892,Cheni G Helm,
9893,Cheni GF Helm,
9894,Cheni GX Helm,
9895,Cheni Cap,
9896,Cheni F Cap,
9897,Cheni FY Cap,
9898,Cheni HS Cap,
9899,Cheni G Cap,
9900,Cheni GF Cap,
9901,Cheni GX Cap,
9902,Miniomu Helm,
9903,Miniomu F Helm,
9904,Miniomu FY Helm,
9905,Miniomu HS Helm,
9906,Miniomu G Helm,
9907,Miniomu GF Helm,
9908,Miniomu GX Helm,
9909,Miniomu Cap,
9910,Miniomu F Cap,
9911,Miniomu FY Cap,
9912,Miniomu HS Cap,
9913,Miniomu G Cap,
9914,Miniomu GF Cap,
9915,Miniomu GX Cap,
9916,Brooke Mask G,
9917,Brooke Mask GF,
9918,Brooke Mask GX,
9919,Erupe Mask G,
9920,Erupe Mask GF,
9921,Erupe Mask GX,
9922,Vol Yamato G,
9923,Vol Yamato GF,
9924,Vol Yamato GX,
9925,Vol Apocalypse G,
9926,Vol Apocalypse GF,
9927,Vol Apocalypse GX,
9928,Once Helm,
9929,Once F Helm,
9930,Once FY Helm,
9931,Once HS Helm,
9932,Once G Helm,
9933,Once GF Helm,
9934,Once GX Helm,
9935,Once Cap,
9936,Once F Cap,
9937,Once FY Cap,
9938,Once HS Cap,
9939,Once G Cap,
9940,Once GF Cap,
9941,Once GX Cap,
9942,Kurai Kabuto,
9943,Kurai F Kabuto,
9944,Kurai FX Kabuto,
9945,Kurai G Kabuto,
9946,Kurai GF Kabuto,
9947,Kurai GX Kabuto,
9948,Kurai Kabuto,
9949,Kurai F Kabuto,
9950,Kurai FX Kabuto,
9951,Kurai G Kabuto,
9952,Kurai GF Kabuto,
9953,Kurai GX Kabuto,
9954,Monodevil G Helm,
9955,Monodevil GF Helm,
9956,Monodevil GX Helm,
9957,Monodevil G Cap,
9958,Monodevil GF Cap,
9959,Monodevil GX Cap,
9960,B.Diablos G Helm,
9961,B.Diablos GF Helm,
9962,B.Diablos GX Helm,
9963,B.Diablos G Cap,
9964,B.Diablos GF Cap,
9965,B.Diablos GX Cap,
9966,Wadatsumi GX【Eboshi】,
9967,Okami GX【Eboshi】,
9968,Odiva GX Helm,
9969,Odiva GX Cap,
9970,Elegance GX【趣】,
9971,Grace GX【趣】,
9972,Vangis Helm,
9973,Vangis G Helm,
9974,Vangis GF Helm,
9975,Vangis GX Helm,
9976,Vangis Cap,
9977,Vangis G Cap,
9978,Vangis GF Cap,
9979,Vangis GX Cap,
9980,Shiruti Head,
9981,Shiruti F Head,
9982,Shiruti FZ Head,
9983,Shiruti HS Head,
9984,Shiruti GS Head,
9985,Shiruti GP Head,
9986,Shiruti Cap,
9987,Shiruti F Cap,
9988,Shiruti FZ Cap,
9989,Shiruti HS Cap,
9990,Shiruti GS Cap,
9991,Shiruti GP Cap,
9992,Brachy Helm,
9993,Brachy G Helm,
9994,Brachy GF Helm,
9995,Brachy GX Helm,
9996,Brachy Cap,
9997,Brachy G Cap,
9998,Brachy GF Cap,
9999,Brachy GX Cap,
10000,Torid Helm,
10001,Torid F Helm,
10002,Torid FX Helm,
10003,Torid G Helm,
10004,Torid GF Helm,
10005,Torid GX Helm,
10006,Torid Cap,
10007,Torid F Cap,
10008,Torid FX Cap,
10009,Torid G Cap,
10010,Torid GF Cap,
10011,Torid GX Cap,
10012,Lightning G Kabuto,
10013,Lightning GF Kabuto,
10014,Lightning GX Kabuto,
10015,Thunder G Kabuto,
10016,Thunder GF Kabuto,
10017,Thunder GX Kabuto,
10018,B.Espinas G Brain,
10019,B.Espinas GF Brain,
10020,B.Espinas GX Brain,
10021,B.Espinas G Soul,
10022,B.Espinas GF Soul,
10023,B.Espinas GX Soul,
10024,Red Volga G Helm,
10025,Red Volga GF Helm,
10026,Red Volga GX Helm,
10027,Red Volga G Cap,
10028,Red Volga GF Cap,
10029,Red Volga GX Cap,
10030,Ravi G Head:Berserk,
10031,Ravi GF Head:Berserk,
10032,Ravi GX Head:Berserk,
10033,Ravi G Cap:Berserk,
10034,Ravi GF Cap:Berserk,
10035,Ravi GX Cap:Berserk,
10036,Ravi Head:Violent,
10037,Ravi HS Head:Violent,
10038,Ravi G Head:Violent,
10039,Ravi GF Head:Violent,
10040,Ravi GX Head:Violent,
10041,Ravi Cap:Violent,
10042,Ravi HS Cap:Violent,
10043,Ravi G Cap:Violent,
10044,Ravi GF Cap:Violent,
10045,Ravi GX Cap:Violent,
10046,Raviente G Head,
10047,Raviente GF Head,
10048,Raviente GX Head,
10049,Raviente G Cap,
10050,Raviente GF Cap,
10051,Raviente GX Cap,
10052,S.Hypnoc G Helm,
10053,S.Hypnoc GF Helm,
10054,S.Hypnoc GX Helm,
10055,S.Hypnoc G Cap,
10056,S.Hypnoc GF Cap,
10057,S.Hypnoc GX Cap,
10058,Vichi Head,
10059,Vichi F Head,
10060,Vichi FZ Head,
10061,Vichi HS Head,
10062,Vichi GS Head,
10063,Vichi GP Head,
10064,Vichi Cap,
10065,Vichi F Cap,
10066,Vichi FZ Cap,
10067,Vichi HS Cap,
10068,Vichi GS Cap,
10069,Vichi GP Cap,
10070,Guild Bard Lobos,
10071,Guild Bard G Lobos,
10072,Guild Bard GF Lobos,
10073,Guild Bard GX Lobos,
10074,Guild Bard Hat,
10075,Guild Bard G Hat,
10076,Guild Bard GF Hat,
10077,Guild Bard GX Hat,
10078,Scholar Hood,
10079,Scholar G Hood,
10080,Scholar GF Hood,
10081,Scholar GX Hood,
10082,Scholar Beret,
10083,Scholar G Beret,
10084,Scholar GF Beret,
10085,Scholar GX Beret,
10086,Amistad Helm・Black,
10087,Amistad F Helm・Black,
10088,Amistad FZ Helm・Black,
10089,Amistad HS Helm・Black,
10090,Amistad GS Helm・Black,
10091,Amistad GP Helm・Black,
10092,Amistad Mask・Black,
10093,Amistad F Mask・Black,
10094,Amistad FZ Mask・Black,
10095,Amistad HS Mask・Black,
10096,Amistad GS Mask・Black,
10097,Amistad GP Mask・Black,
10098,Amistad Helm・White,
10099,Amistad F Helm・White,
10100,Amistad FZ Helm・White,
10101,Amistad HS Helm・White,
10102,Amistad GS Helm・White,
10103,Amistad GP Helm・White,
10104,Amistad Mask・White,
10105,Amistad F Mask・White,
10106,Amistad FZ Mask・White,
10107,Amistad HS Mask・White,
10108,Amistad GS Mask・White,
10109,Amistad GP Mask・White,
10110,Amistad Helm・Blue,
10111,Amistad F Helm・Blue,
10112,Amistad FZ Helm・Blue,
10113,Amistad HS Helm・Blue,
10114,Amistad GS Helm・Blue,
10115,Amistad GP Helm・Blue,
10116,Amistad Mask・Blue,
10117,Amistad F Mask・Blue,
10118,Amistad FZ Mask・Blue,
10119,Amistad HS Mask・Blue,
10120,Amistad GS Mask・Blue,
10121,Amistad GP Mask・Blue,
10122,Amistad Helm・Crimson,
10123,Amistad F Helm・Crimson,
10124,Amistad FZ Helm・Crimson,
10125,Amistad HS Helm・Crimson,
10126,Amistad GS Helm・Crimson,
10127,Amistad GP Helm・Crimson,
10128,Amistad Mask・Crimson,
10129,Amistad F Mask・Crimson,
10130,Amistad FZ Mask・Crimson,
10131,Amistad HS Mask・Crimson,
10132,Amistad GS Mask・Crimson,
10133,Amistad GP Mask・Crimson,
10134,Plug Head:06,
10135,Plug F Head:06,
10136,Plug FZ Head:06,
10137,Plug HS Head:06,
10138,Plug GS Head:06,
10139,Plug GP Head:06,
10140,Plug Cap:06,
10141,Plug F Cap:06,
10142,Plug FZ Cap:06,
10143,Plug HS Cap:06,
10144,Plug GS Cap:06,
10145,Plug GP Cap:06,
10146,Plug Head:02,
10147,Plug F Head:02,
10148,Plug FZ Head:02,
10149,Plug HS Head:02,
10150,Plug GS Head:02,
10151,Plug GP Head:02,
10152,Plug Cap:02,
10153,Plug F Cap:02,
10154,Plug FZ Cap:02,
10155,Plug HS Cap:02,
10156,Plug GS Cap:02,
10157,Plug GP Cap:02,
10158,Mark.06 Head,
10159,Mark.06 F Head,
10160,Mark.06 FZ Head,
10161,Mark.06 HS Head,
10162,Mark.06 GS Head,
10163,Mark.06 GP Head,
10164,Mark.06 Mask,
10165,Mark.06 F Mask,
10166,Mark.06 FZ Mask,
10167,Mark.06 HS Mask,
10168,Mark.06 GS Mask,
10169,Mark.06 GP Mask,
10170,Unit-02 Head,
10171,Unit-02 F Head,
10172,Unit-02 FZ Head,
10173,Unit-02 HS Head,
10174,Unit-02 GS Head,
10175,Unit-02 GP Head,
10176,Unit-02 Mask,
10177,Unit-02 F Mask,
10178,Unit-02 FZ Mask,
10179,Unit-02 HS Mask,
10180,Unit-02 GS Mask,
10181,Unit-02 GP Mask,
10182,Kaila Helm,
10183,Kaila F Helm,
10184,Kaila FZ Helm,
10185,Kaila HS Helm,
10186,Kaila GS Helm,
10187,Kaila GP Helm,
10188,Kaila Mask,
10189,Kaila F Mask,
10190,Kaila FZ Mask,
10191,Kaila HS Mask,
10192,Kaila GS Mask,
10193,Kaila GP Mask,
10194,護靈者D王冠,
10195,兵士D頭飾,
10196,野蠻D護髮,
10197,晴雲D頭飾,
10198,失落D狂眼,
10199,噬天D光眼,
10200,Torid Beretta,
10201,Torid F Beretta,
10202,Gasura Corsage,
10203,Gasura F Corsage,
10204,Otono Head,
10205,Otono F Head,
10206,Otono FY Head,
10207,Otono HS Head,
10208,Otono G Head,
10209,Otono GF Head,
10210,Otono GX Head,
10211,Kabariba Helm,
10212,Kabariba F Helm,
10213,Kabariba FY Helm,
10214,Kabariba HS Helm,
10215,Kabariba G Helm,
10216,Kabariba GF Helm,
10217,Kabariba GX Helm,
10218,Kabariba Cap,
10219,Kabariba F Cap,
10220,Kabariba FY Cap,
10221,Kabariba HS Cap,
10222,Kabariba G Cap,
10223,Kabariba GF Cap,
10224,Kabariba GX Cap,
10225,Toruboda Head,
10226,Toruboda F Head,
10227,Toruboda FY Head,
10228,Toruboda HS Head,
10229,Toruboda G Head,
10230,Toruboda GF Head,
10231,Toruboda GX Head,
10232,Toruboda Cap,
10233,Toruboda F Cap,
10234,Toruboda FY Cap,
10235,Toruboda HS Cap,
10236,Toruboda G Cap,
10237,Toruboda GF Cap,
10238,Toruboda GX Cap,
10239,Orykto Helm,
10240,Orykto F Helm,
10241,Orykto FY Helm,
10242,Orykto HS Helm,
10243,Orykto Cap,
10244,Orykto F Cap,
10245,Orykto FY Cap,
10246,Orykto HS Cap,
10247,Reuasu G Helm,
10248,Reuasu GF Helm,
10249,Reuasu GX Helm,
10250,Reuasu G Cap,
10251,Reuasu GF Cap,
10252,Reuasu GX Cap,
10253,Harimeno Helm,
10254,Harimeno F Helm,
10255,Harimeno FY Helm,
10256,Harimeno HS Helm,
10257,Harimeno G Helm,
10258,Harimeno GF Helm,
10259,Harimeno GX Helm,
10260,Harimeno Cap,
10261,Harimeno F Cap,
10262,Harimeno FY Cap,
10263,Harimeno HS Cap,
10264,Harimeno G Cap,
10265,Harimeno GF Cap,
10266,Harimeno GX Cap,
10267,Shiusu G Head,
10268,Shiusu GF Head,
10269,Shiusu GX Head,
10270,Shiusu G Wig,
10271,Shiusu GF Wig,
10272,Shiusu GX Wig,
10273,Barioth Helm,
10274,Barioth G Helm,
10275,Barioth GF Helm,
10276,Barioth GX Helm,
10277,Barioth Cap,
10278,Barioth G Cap,
10279,Barioth GF Cap,
10280,Barioth GX Cap,
10281,Will G Head,
10282,Will GF Head,
10283,Will GX Head,
10284,Will G Cap,
10285,Will GF Cap,
10286,Will GX Cap,
10287,Keisu Helm,
10288,Keisu F Helm,
10289,Keisu FY Helm,
10290,Keisu HS Helm,
10291,Keisu G Helm,
10292,Keisu GF Helm,
10293,Keisu GX Helm,
10294,Keisu Cap,
10295,Keisu F Cap,
10296,Keisu FY Cap,
10297,Keisu HS Cap,
10298,Keisu G Cap,
10299,Keisu GF Cap,
10300,Keisu GX Cap,
10301,Lumiere Helm,
10302,Lumiere F Helm,
10303,Lumiere FY Helm,
10304,Lumiere HS Helm,
10305,Lumiere G Helm,
10306,Lumiere GF Helm,
10307,Lumiere GX Helm,
10308,Lumiere Cap,
10309,Lumiere F Cap,
10310,Lumiere FY Cap,
10311,Lumiere HS Cap,
10312,Lumiere G Cap,
10313,Lumiere GF Cap,
10314,Lumiere GX Cap,
10315,Cleora Helm,
10316,Cleora F Helm,
10317,Cleora FY Helm,
10318,Cleora HS Helm,
10319,Cleora G Helm,
10320,Cleora GF Helm,
10321,Cleora GX Helm,
10322,Cleora Cap,
10323,Cleora F Cap,
10324,Cleora FY Cap,
10325,Cleora HS Cap,
10326,Cleora G Cap,
10327,Cleora GF Cap,
10328,Cleora GX Cap,
10329,Doragyurosu G Helm,
10330,Doragyurosu GF Helm,
10331,Doragyurosu GX Helm,
10332,Doragyurosu G Cap,
10333,Doragyurosu GF Cap,
10334,Doragyurosu GX Cap,
10335,Wind GX Glare,
10336,Wind GX Snarl,
10337,Meraginasu GX Helm,
10338,Meraginasu GX Cap,
10339,Pobo GX Helm,
10340,Pobo GX Cap,
10341,Toa Helm,
10342,Toa F Helm,
10343,Toa FX Helm,
10344,Toa G Helm,
10345,Toa GF Helm,
10346,Toa GX Helm,
10347,Toa Cap,
10348,Toa F Cap,
10349,Toa FX Cap,
10350,Toa G Cap,
10351,Toa GF Cap,
10352,Toa GX Cap,
10353,Blue Kut Ku G Helm,
10354,Blue Kut Ku GF Helm,
10355,Blue Kut Ku GX Helm,
10356,Blue Kut Ku G Cap,
10357,Blue Kut Ku GF Cap,
10358,Blue Kut Ku GX Cap,
10359,Dreadrock G Kabuto,
10360,Dreadrock GF Kabuto,
10361,Dreadrock GX Kabuto,
10362,Redrock G Kabuto,
10363,Redrock GF Kabuto,
10364,Redrock GX Kabuto,
10365,Cielo Head,
10366,Cielo F Head,
10367,Cielo FZ Head,
10368,Cielo HS Head,
10369,Cielo GS Head,
10370,Cielo GP Head,
10371,Cielo Cap,
10372,Cielo F Cap,
10373,Cielo FZ Cap,
10374,Cielo HS Cap,
10375,Cielo GS Cap,
10376,Cielo GP Cap,
10377,Gagachu Piercing,
10378,Gagachu F Piercing,
10379,Gagachu FZ Piercing,
10380,Gagachu HS Piercing,
10381,Gagachu GS Piercing,
10382,Gagachu GP Piercing,
10383,Gagachu Haar,
10384,Gagachu F Haar,
10385,Gagachu FZ Haar,
10386,Gagachu HS Haar,
10387,Gagachu GS Haar,
10388,Gagachu GP Haar,
10389,Salta Head,
10390,Salta F Head,
10391,Salta FZ Head,
10392,Salta HS Head,
10393,Salta GS Head,
10394,Salta GP Head,
10395,Salta Cap,
10396,Salta F Cap,
10397,Salta FZ Cap,
10398,Salta HS Cap,
10399,Salta GS Cap,
10400,Salta GP Cap,
10401,Chiru G Head,
10402,Chiru GF Head,
10403,Chiru GX Head,
10404,Chiru G Wig,
10405,Chiru GF Wig,
10406,Chiru GX Wig,
10407,Ganeto G Head,
10408,Ganeto GF Head,
10409,Ganeto GX Head,
10410,Ganeto G Wig,
10411,Ganeto GF Wig,
10412,Ganeto GX Wig,
10413,Chiyo Hairpiece,
10414,Chiyo Hairpiece F,
10415,Chiyo Hairpiece FZ,
10416,Chiyo Hairpiece HS,
10417,Chiyo Hairpiece GS,
10418,Chiyo Hairpiece GP,
10419,Chiyo Hairpin,
10420,Chiyo Hairpin F,
10421,Chiyo Hairpin FZ,
10422,Chiyo Hairpin HS,
10423,Chiyo Hairpin GS,
10424,Chiyo Hairpin GP,
10425,Uragaan Helm,
10426,Uragaan G Helm,
10427,Uragaan GF Helm,
10428,Uragaan GX Helm,
10429,Uragaan Cap,
10430,Uragaan G Cap,
10431,Uragaan GF Cap,
10432,Uragaan GX Cap,
10433,Post-Festivities【Winning Cat】,
10434,Post-Festivities【Winning Cat】,
10435,Post-Festivities【Winning Cat】,
10436,Post-Festivities【Winning Cat】,
10437,Post-Festivities【Winning Cat】,
10438,Post-Festivities【Winning Cat】,
10439,Post-Festivities【Winning Cat】,
10440,Post-Festivities【Winning Cat】,
10441,Post-Festivities【Winning Cat】,
10442,Post-Festivities【Winning Cat】,
10443,Post-Festivities【Winning Cat】,
10444,Post-Festivities【Winning Cat】,
10445,Post-Festivities【Winning Cat】,
10446,Post-Festivities【Winning Cat】,
10447,Post-Festivities【Winning Cat】,
10448,Post-Festivities【Winning Cat】,
10449,Post-Festivities【Winning Cat】,
10450,Post-Festivities【Winning Cat】,
10451,Post-Festivities【Winning Cat】,
10452,Post-Festivities【Winning Cat】,
10453,Post-Festivities【Winning Cat】,
10454,Post-Festivities【Winning Cat】,
10455,Post-Festivities【Winning Cat】,
10456,Post-Festivities【Winning Cat】,
10457,Post-Festivities【Winning Cat】,
10458,Post-Festivities【Winning Cat】,
10459,Post-Festivities【Winning Cat】,
10460,Post-Festivities【Winning Cat】,
10461,Post-Festivities【Winning Cat】,
10462,Post-Festivities【Winning Cat】,
10463,Post-Festivities【Winning Cat】,
10464,Post-Festivities【Winning Cat】,
10465,Post-Festivities【Winning Cat】,
10466,Post-Festivities【Winning Cat】,
10467,Post-Festivities【Winning Cat】,
10468,Post-Festivities【Winning Cat】,
10469,Post-Festivities【Winning Cat】,
10470,Post-Festivities【Winning Cat】,
10471,Post-Festivities【Winning Cat】,
10472,Post-Festivities【Winning Cat】,
10473,Post-Festivities【Winning Cat】,
10474,Post-Festivities【Winning Cat】,
10475,Post-Festivities【Winning Cat】,
10476,Post-Festivities【Winning Cat】,
10477,Post-Festivities【Winning Cat】,
10478,Post-Festivities【Winning Cat】,
10479,Post-Festivities【Winning Cat】,
10480,Post-Festivities【Winning Cat】,
10481,Post-Festivities【Winning Cat】,
10482,Post-Festivities【Winning Cat】,
10483,Post-Festivities【Winning Cat】,
10484,Post-Festivities【Winning Cat】,
10485,Post-Festivities【Winning Cat】,
10486,Post-Festivities【Winning Cat】,
10487,Post-Festivities【Winning Cat】,
10488,Post-Festivities【Winning Cat】,
10489,Post-Festivities【Winning Cat】,
10490,Post-Festivities【Winning Cat】,
10491,Post-Festivities【Winning Cat】,
10492,Post-Festivities【Winning Cat】,
10493,Onyx Helm,
10494,Onyx F Helm,
10495,Onyx FX Helm,
10496,Rutile Helm,
10497,Rutile F Helm,
10498,Rutile FX Helm,
10499,Byakko・斬将G Helm,
10500,Byakko・斬将GF Helm,
10501,Byakko・斬将GX Helm,
10502,Suzaku・斬将G Helm,
10503,Suzaku・斬将GF Helm,
10504,Suzaku・斬将GX Helm,
10505,Genbu・斬将G Helm,
10506,Genbu・斬将GF Helm,
10507,Genbu・斬将GX Helm,
10508,Seiryu・斬将G Helm,
10509,Seiryu・斬将GF Helm,
10510,Seiryu・斬将GX Helm,
10511,White 蘭・斬将 Helm,
10512,White 蘭・斬将F Helm,
10513,White 蘭・斬将FX Helm,
10514,Crimson 霞・斬将 Helm,
10515,Crimson 霞・斬将F Helm,
10516,Crimson 霞・斬将FX Helm,
10517,White 蘭・斬将G Helm,
10518,White 蘭・斬将GF Helm,
10519,White 蘭・斬将GX Helm,
10520,月夜・斬将G Helm,
10521,月夜・斬将GF Helm,
10522,月夜・斬将GX Helm,
10523,Crimson 霞・斬将G Helm,
10524,Crimson 霞・斬将GF Helm,
10525,Crimson 霞・斬将GX Helm,
10526,Green 穹・斬将G Helm,
10527,Green 穹・斬将GF Helm,
10528,Green 穹・斬将GX Helm,
10529,Guan Head,
10530,Guan F Head,
10531,Guan FX Head,
10532,Guan G Head,
10533,Guan GF Head,
10534,Guan GX Head,
10535,Guan Cap,
10536,Guan F Cap,
10537,Guan FX Cap,
10538,Guan G Cap,
10539,Guan GF Cap,
10540,Guan GX Cap,
10541,Conqueror G Kabuto,
10542,Conqueror GF Kabuto,
10543,Conqueror GX Kabuto,
10544,Emperor G Kabuto,
10545,Emperor GF Kabuto,
10546,Emperor GX Kabuto,
10547,Kushala G Glare,
10548,Kushala GF Glare,
10549,Kushala GX Glare,
10550,Kushala G Snarl,
10551,Kushala GF Snarl,
10552,Kushala GX Snarl,
10553,Kaiser G Crown,
10554,Kaiser GF Crown,
10555,Kaiser GX Crown,
10556,Kaiser G Mask,
10557,Kaiser GF Mask,
10558,Kaiser GX Mask,
10559,Mizuha G【帽子】,
10560,Mizuha GF【帽子】,
10561,Mizuha GX【帽子】,
10562,Toyotama G【帽子】,
10563,Toyotama GF【帽子】,
10564,Toyotama GX【帽子】,
10565,Nargacuga Helm,
10566,Nargacuga G Helm,
10567,Nargacuga GF Helm,
10568,Nargacuga GX Helm,
10569,Nargacuga Cap,
10570,Nargacuga G Cap,
10571,Nargacuga GF Cap,
10572,Nargacuga GX Cap,
10573,Perifu Helm・Blue,
10574,Perifu F Helm・Blue,
10575,Perifu FZ Helm・Blue,
10576,Perifu HS Helm・Blue,
10577,Perifu GS Helm・Blue,
10578,Perifu GP Helm・Blue,
10579,Perifu Cap・Blue,
10580,Perifu F Cap・Blue,
10581,Perifu FZ Cap・Blue,
10582,Perifu HS Cap・Blue,
10583,Perifu GS Cap・Blue,
10584,Perifu GP Cap・Blue,
10585,Perifu Helm・Tea,
10586,Perifu F Helm・Tea,
10587,Perifu FZ Helm・Tea,
10588,Perifu HS Helm・Tea,
10589,Perifu GS Helm・Tea,
10590,Perifu GP Helm・Tea,
10591,Perifu Cap・Tea,
10592,Perifu F Cap・Tea,
10593,Perifu FZ Cap・Tea,
10594,Perifu HS Cap・Tea,
10595,Perifu GS Cap・Tea,
10596,Perifu GP Cap・Tea,
10597,Perifu Helm・Green,
10598,Perifu F Helm・Green,
10599,Perifu FZ Helm・Green,
10600,Perifu HS Helm・Green,
10601,Perifu GS Helm・Green,
10602,Perifu GP Helm・Green,
10603,Perifu Cap・Green,
10604,Perifu F Cap・Green,
10605,Perifu FZ Cap・Green,
10606,Perifu HS Cap・Green,
10607,Perifu GS Cap・Green,
10608,Perifu GP Cap・Green,
10609,Perifu Helm・Purple,
10610,Perifu F Helm・Purple,
10611,Perifu FZ Helm・Purple,
10612,Perifu HS Helm・Purple,
10613,Perifu GS Helm・Purple,
10614,Perifu GP Helm・Purple,
10615,Perifu Cap・Purple,
10616,Perifu F Cap・Purple,
10617,Perifu FZ Cap・Purple,
10618,Perifu HS Cap・Purple,
10619,Perifu GS Cap・Purple,
10620,Perifu GP Cap・Purple,
10621,Kaiji Mask,
10622,Kaiji F Mask,
10623,Kaiji FZ Mask,
10624,Kaiji HS Mask,
10625,Kaiji GS Mask,
10626,Kaiji GP Mask,
10627,Kaiji Cap,
10628,Kaiji F Cap,
10629,Kaiji FZ Cap,
10630,Kaiji HS Cap,
10631,Kaiji GS Cap,
10632,Kaiji GP Cap,
10633,Mikoko Mask,
10634,Mikoko F Mask,
10635,Mikoko FZ Mask,
10636,Mikoko HS Mask,
10637,Mikoko GS Mask,
10638,Mikoko GP Mask,
10639,Mikoko Cap,
10640,Mikoko F Cap,
10641,Mikoko FZ Cap,
10642,Mikoko HS Cap,
10643,Mikoko GS Cap,
10644,Mikoko GP Cap,
10645,テリュオ Head,
10646,テリュオF Head,
10647,テリュオFZ Head,
10648,テリュオHS Head,
10649,テリュオGS Head,
10650,テリュオGP Head,
10651,テリュオ Hat,
10652,テリュオF Hat,
10653,テリュオFZ Hat,
10654,テリュオHS Hat,
10655,テリュオGS Hat,
10656,テリュオGP Hat,
10657,Sailor Hood,
10658,Sailor G Hood,
10659,Sailor GF Hood,
10660,Sailor GX Hood,
10661,Sailor Cap,
10662,Sailor G Cap,
10663,Sailor GF Cap,
10664,Sailor GX Cap,
10665,Souffle Head,
10666,Souffle F Head,
10667,Souffle FZ Head,
10668,Souffle HS Head,
10669,Souffle GS Head,
10670,Souffle GP Head,
10671,Souffle Mask,
10672,Souffle F Mask,
10673,Souffle FZ Mask,
10674,Souffle HS Mask,
10675,Souffle GS Mask,
10676,Souffle GP Mask,
10677,アメニケ Piercing FZ,
10678,アメニケ Piercing HS,
10679,アメニケ Piercing GS,
10680,アメニケ Piercing GP,
10681,クローニーGP Piercing,
10682,Demon Tale Horn G,
10683,Demon Tale Horn GF,
10684,Demon Tale Horn GX,
10685,童伝ノ角G,
10686,童伝ノ角GF,
10687,童伝ノ角GX,
10688,Valier Head,
10689,Valier F Head,
10690,Valier FY Head,
10691,Valier HS Head,
10692,Valier G Head,
10693,Valier GF Head,
10694,Valier GX Head,
10695,Valier Cap,
10696,Valier F Cap,
10697,Valier FY Cap,
10698,Valier HS Cap,
10699,Valier G Cap,
10700,Valier GF Cap,
10701,Valier GX Cap,
10702,Lars Head,
10703,Lars F Head,
10704,Lars FY Head,
10705,Lars HS Head,
10706,Lars G Head,
10707,Lars GF Head,
10708,Lars GX Head,
10709,Lars Cap,
10710,Lars F Cap,
10711,Lars FY Cap,
10712,Lars HS Cap,
10713,Lars G Cap,
10714,Lars GF Cap,
10715,Lars GX Cap,
10716,Uruki Mask,
10717,Uruki Mask F,
10718,Uruki Mask G,
10719,Uruki Mask GF,
10720,Uruki Mask GX,
10721,Shirukku Head,
10722,Shirukku F Head,
10723,Shirukku FY Head,
10724,Shirukku HS Head,
10725,Shirukku G Head,
10726,Shirukku GF Head,
10727,Shirukku GX Head,
10728,Shirukku Face,
10729,Shirukku F Face,
10730,Shirukku FY Face,
10731,Shirukku HS Face,
10732,Shirukku G Face,
10733,Shirukku GF Face,
10734,Shirukku GX Face,
10735,Norukku Head,
10736,Norukku F Head,
10737,Norukku FY Head,
10738,Norukku HS Head,
10739,Norukku G Head,
10740,Norukku GF Head,
10741,Norukku GX Head,
10742,Norukku Face,
10743,Norukku F Face,
10744,Norukku FY Face,
10745,Norukku HS Face,
10746,Norukku G Face,
10747,Norukku GF Face,
10748,Norukku GX Face,
10749,Reiresu G Helm,
10750,Reiresu GF Helm,
10751,Reiresu GX Helm,
10752,Reiresu G Cap,
10753,Reiresu GF Cap,
10754,Reiresu GX Cap,
10755,Saint G Helm,
10756,Saint GF Helm,
10757,Saint GX Helm,
10758,Saint G Cap,
10759,Saint GF Cap,
10760,Saint GX Cap,
10761,Utahime DIVA Piercing,
10762,Utahime DIVA Piercing F,
10763,Utahime DIVA Piercing FZ,
10764,Utahime DIVA Piercing HS,
10765,Utahime DIVA Piercing GS,
10766,Utahime DIVA Piercing GP,
10767,Solflare Head,
10768,Solflare F Head,
10769,Solflare FZ Head,
10770,Solflare HS Head,
10771,Solflare GS Head,
10772,Solflare GP Head,
10773,Solflare Cap,
10774,Solflare F Cap,
10775,Solflare FZ Cap,
10776,Solflare HS Cap,
10777,Solflare GS Cap,
10778,Solflare GP Cap,
10779,Guan Beretta,
10780,Guan Beretta F,
10781,Guan Beretta G,
10782,Guan Beretta GF,
10783,Guan Beretta GX,
10784,Torid Corsage,
10785,Torid F Corsage,
10786,Torid G Corsage,
10787,Torid GF Corsage,
10788,Torid GX Corsage,
10789,Arben Head,
10790,Arben F Head,
10791,Arben FZ Head,
10792,Arben HS Head,
10793,Arben GS Head,
10794,Arben GP Head,
10795,Arben Cap,
10796,Arben F Cap,
10797,Arben FZ Cap,
10798,Arben HS Cap,
10799,Arben GS Cap,
10800,Arben GP Cap,
10801,Keravuno Head,
10802,Keravuno F Head,
10803,Keravuno FZ Head,
10804,Keravuno HS Head,
10805,Keravuno GS Head,
10806,Keravuno GP Head,
10807,Keravuno Cap,
10808,Keravuno F Cap,
10809,Keravuno FZ Cap,
10810,Keravuno HS Cap,
10811,Keravuno GS Cap,
10812,Keravuno GP Cap,
10813,Waka Cap,
10814,Waka Cap F,
10815,Waka Cap FZ,
10816,Waka Cap HS,
10817,Waka Cap GS,
10818,Waka Cap GP,
10819,Waka Crown,
10820,Waka Crown F,
10821,Waka Crown FZ,
10822,Waka Crown HS,
10823,Waka Crown GS,
10824,Waka Crown GP,
10825,Ruko G Head,
10826,Ruko GF Head,
10827,Ruko GX Head,
10828,Ruko G Face,
10829,Ruko GF Face,
10830,Ruko GX Face,
10831,Kirin G Horn,
10832,Kirin GF Horn,
10833,Kirin GX Horn,
10834,Kirin G Corno,
10835,Kirin GF Corno,
10836,Kirin GX Corno,
10837,Voljang Helm,
10838,Voljang F Helm,
10839,Voljang FX Helm,
10840,Voljang G Helm,
10841,Voljang GF Helm,
10842,Voljang GX Helm,
10843,Voljang Cap,
10844,Voljang F Cap,
10845,Voljang FX Cap,
10846,Voljang G Cap,
10847,Voljang GF Cap,
10848,Voljang GX Cap,
10849,Flame GX Crown,
10850,Flame GX Mask,
10851,Furoru GX Head,
10852,Furoru GX Hat,
10853,Varusa GX Helm,
10854,Varusa GX Cap,
10855,Stygian Helm,
10856,Stygian G Helm,
10857,Stygian GF Helm,
10858,Stygian GX Helm,
10859,Stygian Cap,
10860,Stygian G Cap,
10861,Stygian GF Cap,
10862,Stygian GX Cap,
10863,Melynx Head,
10864,Melynx F Head,
10865,Melynx FZ Head,
10866,Melynx HS Head,
10867,Melynx GS Head,
10868,Melynx GP Head,
10869,Melynx Cap,
10870,Melynx F Cap,
10871,Melynx FZ Cap,
10872,Melynx HS Cap,
10873,Melynx GS Cap,
10874,Melynx GP Cap,
10875,Felyne Head,
10876,Felyne F Head,
10877,Felyne FZ Head,
10878,Felyne HS Head,
10879,Felyne GS Head,
10880,Felyne GP Head,
10881,Felyne Cap,
10882,Felyne F Cap,
10883,Felyne FZ Cap,
10884,Felyne HS Cap,
10885,Felyne GS Cap,
10886,Felyne GP Cap,
10887,Tabby Head,
10888,Tabby F Head,
10889,Tabby FZ Head,
10890,Tabby HS Head,
10891,Tabby GS Head,
10892,Tabby GP Head,
10893,Tabby Cap,
10894,Tabby F Cap,
10895,Tabby FZ Cap,
10896,Tabby HS Cap,
10897,Tabby GS Cap,
10898,Tabby GP Cap,
10899,Brown Head,
10900,Brown F Head,
10901,Brown FZ Head,
10902,Brown HS Head,
10903,Brown GS Head,
10904,Brown GP Head,
10905,Brown Cap,
10906,Brown F Cap,
10907,Brown FZ Cap,
10908,Brown HS Cap,
10909,Brown GS Cap,
10910,Brown GP Cap,
10911,Calico Head,
10912,Calico F Head,
10913,Calico FZ Head,
10914,Calico HS Head,
10915,Calico GS Head,
10916,Calico GP Head,
10917,Calico Cap,
10918,Calico F Cap,
10919,Calico FZ Cap,
10920,Calico HS Cap,
10921,Calico GS Cap,
10922,Calico GP Cap,
10923,Monotone Head,
10924,Monotone F Head,
10925,Monotone FZ Head,
10926,Monotone HS Head,
10927,Monotone GS Head,
10928,Monotone GP Head,
10929,Monotone Cap,
10930,Monotone F Cap,
10931,Monotone FZ Cap,
10932,Monotone HS Cap,
10933,Monotone GS Cap,
10934,Monotone GP Cap,
10935,Chashiro Head,
10936,Chashiro F Head,
10937,Chashiro FZ Head,
10938,Chashiro HS Head,
10939,Chashiro GS Head,
10940,Chashiro GP Head,
10941,Chashiro Cap,
10942,Chashiro F Cap,
10943,Chashiro FZ Cap,
10944,Chashiro HS Cap,
10945,Chashiro GS Cap,
10946,Chashiro GP Cap,
10947,Two-tone Head,
10948,Two-tone F Head,
10949,Two-tone FZ Head,
10950,Two-tone HS Head,
10951,Two-tone GS Head,
10952,Two-tone GP Head,
10953,Two-tone Cap,
10954,Two-tone F Cap,
10955,Two-tone FZ Cap,
10956,Two-tone HS Cap,
10957,Two-tone GS Cap,
10958,Two-tone GP Cap,
10959,Elegant Head,
10960,Elegant F Head,
10961,Elegant FZ Head,
10962,Elegant HS Head,
10963,Elegant GS Head,
10964,Elegant GP Head,
10965,Elegant Cap,
10966,Elegant F Cap,
10967,Elegant FZ Cap,
10968,Elegant HS Cap,
10969,Elegant GS Cap,
10970,Elegant GP Cap,
10971,Aura Head,
10972,Aura F Head,
10973,Aura FZ Head,
10974,Aura HS Head,
10975,Aura GS Head,
10976,Aura GP Head,
10977,Aura Cap,
10978,Aura F Cap,
10979,Aura FZ Cap,
10980,Aura HS Cap,
10981,Aura GS Cap,
10982,Aura GP Cap,
10983,Wasou Cap,
10984,Wasou Cap F,
10985,Wasou Cap FZ,
10986,Wasou Cap HS,
10987,Wasou Cap GS,
10988,Wasou Cap GP,
10989,Wasou Crown,
10990,Wasou Crown F,
10991,Wasou Crown FZ,
10992,Wasou Crown HS,
10993,Wasou Crown GS,
10994,Wasou Crown GP,
10995,Blue Ice Emperor Head,
10996,Blue Ice Emperor F Head,
10997,Blue Ice Emperor FZ Head,
10998,Blue Ice Emperor HS Head,
10999,Blue Ice Emperor GS Head,
11000,Blue Ice Emperor GP Head,
11001,Blue Ice Emperor Cap,
11002,Blue Ice Emperor F Cap,
11003,Blue Ice Emperor FZ Cap,
11004,Blue Ice Emperor HS Cap,
11005,Blue Ice Emperor GS Cap,
11006,Blue Ice Emperor GP Cap,
11007,White Ice Emperor Head,
11008,White Ice Emperor F Head,
11009,White Ice Emperor FZ Head,
11010,White Ice Emperor HS Head,
11011,White Ice Emperor GS Head,
11012,White Ice Emperor GP Head,
11013,White Ice Emperor Cap,
11014,White Ice Emperor F Cap,
11015,White Ice Emperor FZ Cap,
11016,White Ice Emperor HS Cap,
11017,White Ice Emperor GS Cap,
11018,White Ice Emperor GP Cap,
11019,Red Ice Emperor Head,
11020,Red Ice Emperor F Head,
11021,Red Ice Emperor FZ Head,
11022,Red Ice Emperor HS Head,
11023,Red Ice Emperor GS Head,
11024,Red Ice Emperor GP Head,
11025,Red Ice Emperor Cap,
11026,Red Ice Emperor F Cap,
11027,Red Ice Emperor FZ Cap,
11028,Red Ice Emperor HS Cap,
11029,Red Ice Emperor GS Cap,
11030,Red Ice Emperor GP Cap,
11031,Taruta Head,
11032,Taruta F Head,
11033,Taruta FZ Head,
11034,Taruta HS Head,
11035,Taruta GS Head,
11036,Taruta GP Head,
11037,Taruta Cap,
11038,Taruta F Cap,
11039,Taruta FZ Cap,
11040,Taruta HS Cap,
11041,Taruta GS Cap,
11042,Taruta GP Cap,
11043,Ruruta Head,
11044,Ruruta F Head,
11045,Ruruta FZ Head,
11046,Ruruta HS Head,
11047,Ruruta GS Head,
11048,Ruruta GP Head,
11049,Ruruta Cap,
11050,Ruruta F Cap,
11051,Ruruta FZ Cap,
11052,Ruruta HS Cap,
11053,Ruruta GS Cap,
11054,Ruruta GP Cap,
11055,Kurofi Head,
11056,Kurofi F Head,
11057,Kurofi FZ Head,
11058,Kurofi HS Head,
11059,Kurofi GS Head,
11060,Kurofi GP Head,
11061,Kurofi Cap,
11062,Kurofi F Cap,
11063,Kurofi FZ Cap,
11064,Kurofi HS Cap,
11065,Kurofi GS Cap,
11066,Kurofi GP Cap,
11067,Gudan Head,
11068,Gudan F Head,
11069,Gudan FZ Head,
11070,Gudan HS Head,
11071,Gudan GS Head,
11072,Gudan GP Head,
11073,Chiarim Head,
11074,Chiarim F Head,
11075,Chiarim FZ Head,
11076,Chiarim HS Head,
11077,Chiarim GS Head,
11078,Chiarim GP Head,
11079,Chiarim Cap,
11080,Chiarim F Cap,
11081,Chiarim FZ Cap,
11082,Chiarim HS Cap,
11083,Chiarim GS Cap,
11084,Chiarim GP Cap,
11085,Rohokku Head,
11086,Rohokku F Head,
11087,Rohokku FY Head,
11088,Rohokku HS Head,
11089,Rohokku G Head,
11090,Rohokku GF Head,
11091,Rohokku GX Head,
11092,Rohokku Cap,
11093,Rohokku F Cap,
11094,Rohokku FY Cap,
11095,Rohokku HS Cap,
11096,Rohokku G Cap,
11097,Rohokku GF Cap,
11098,Rohokku GX Cap,
11099,Cure Head,
11100,Cure F Head,
11101,Cure FY Head,
11102,Cure HS Head,
11103,Cure G Head,
11104,Cure GF Head,
11105,Cure GX Head,
11106,Cure Cap,
11107,Cure F Cap,
11108,Cure FY Cap,
11109,Cure HS Cap,
11110,Cure G Cap,
11111,Cure GF Cap,
11112,Cure GX Cap,
11113,鬼凛ノ角G,
11114,鬼凛ノ角GF,
11115,鬼凛ノ角GX,
11116,童凛ノ角G,
11117,童凛ノ角GF,
11118,童凛ノ角GX,
11119,Eguiene Head,
11120,Eguiene F Head,
11121,Eguiene FY Head,
11122,Eguiene HS Head,
11123,Eguiene G Head,
11124,Eguiene GF Head,
11125,Eguiene GX Head,
11126,Eguiene Cap,
11127,Eguiene F Cap,
11128,Eguiene FY Cap,
11129,Eguiene HS Cap,
11130,Eguiene G Cap,
11131,Eguiene GF Cap,
11132,Eguiene GX Cap,
11133,Vakusu Head,
11134,Vakusu F Head,
11135,Vakusu FY Head,
11136,Vakusu HS Head,
11137,Vakusu G Head,
11138,Vakusu GF Head,
11139,Vakusu GX Head,
11140,Vakusu Cap,
11141,Vakusu F Cap,
11142,Vakusu FY Cap,
11143,Vakusu HS Cap,
11144,Vakusu G Cap,
11145,Vakusu GF Cap,
11146,Vakusu GX Cap,
11147,Once Head,
11148,Chloe Head,
11149,Espinas Z Brain,
11150,Espinas ZF Brain,
11151,Espinas ZY Brain,
11152,Espinas ZX Brain,
11153,Espinas Z Soul,
11154,Espinas ZF Soul,
11155,Espinas ZY Soul,
11156,Espinas ZX Soul,
11157,Hypnoc Z Helm,
11158,Hypnoc ZF Helm,
11159,Hypnoc ZY Helm,
11160,Hypnoc ZX Helm,
11161,Hypnoc Z Cap,
11162,Hypnoc ZF Cap,
11163,Hypnoc ZY Cap,
11164,Hypnoc ZX Cap,
11165,Khezu Z Helm,
11166,Khezu ZF Helm,
11167,Khezu ZY Helm,
11168,Khezu ZX Helm,
11169,Khezu Z Cap,
11170,Khezu ZF Cap,
11171,Khezu ZY Cap,
11172,Khezu ZX Cap,
11173,Hermitaur Z Helm,
11174,Hermitaur ZF Helm,
11175,Hermitaur ZY Helm,
11176,Hermitaur ZX Helm,
11177,Hermitaur Z Cap,
11178,Hermitaur ZF Cap,
11179,Hermitaur ZY Cap,
11180,Hermitaur ZX Cap,
11181,Dios Head,
11182,Dios F Head,
11183,Dios FZ Head,
11184,Dios HS Head,
11185,Dios GS Head,
11186,Dios GP Head,
11187,Dios ZP Head,
11188,Dios Cap,
11189,Dios F Cap,
11190,Dios FZ Cap,
11191,Dios HS Cap,
11192,Dios GS Cap,
11193,Dios GP Cap,
11194,Dios ZP Cap,
11195,Evol Head・White,
11196,Evol F Head・White,
11197,Evol FZ Head・White,
11198,Evol HS Head・White,
11199,Evol GS Head・White,
11200,Evol GP Head・White,
11201,Evol ZP Head・White,
11202,Evol Mask・White,
11203,Evol F Mask・White,
11204,Evol FZ Mask・White,
11205,Evol HS Mask・White,
11206,Evol GS Mask・White,
11207,Evol GP Mask・White,
11208,Evol ZP Mask・White,
11209,Evol Head・Red,
11210,Evol F Head・Red,
11211,Evol FZ Head・Red,
11212,Evol HS Head・Red,
11213,Evol GS Head・Red,
11214,Evol GP Head・Red,
11215,Evol ZP Head・Red,
11216,Evol Mask・Red,
11217,Evol F Mask・Red,
11218,Evol FZ Mask・Red,
11219,Evol HS Mask・Red,
11220,Evol GS Mask・Red,
11221,Evol GP Mask・Red,
11222,Evol ZP Mask・Red,
11223,Evol Head・Blue,
11224,Evol F Head・Blue,
11225,Evol FZ Head・Blue,
11226,Evol HS Head・Blue,
11227,Evol GS Head・Blue,
11228,Evol GP Head・Blue,
11229,Evol ZP Head・Blue,
11230,Evol Mask・Blue,
11231,Evol F Mask・Blue,
11232,Evol FZ Mask・Blue,
11233,Evol HS Mask・Blue,
11234,Evol GS Mask・Blue,
11235,Evol GP Mask・Blue,
11236,Evol ZP Mask・Blue,
11237,Evol Head・Purple,
11238,Evol F Head・Purple,
11239,Evol FZ Head・Purple,
11240,Evol HS Head・Purple,
11241,Evol GS Head・Purple,
11242,Evol GP Head・Purple,
11243,Evol ZP Head・Purple,
11244,Evol Mask・Purple,
11245,Evol F Mask・Purple,
11246,Evol FZ Mask・Purple,
11247,Evol HS Mask・Purple,
11248,Evol GS Mask・Purple,
11249,Evol GP Mask・Purple,
11250,Evol ZP Mask・Purple,
11251,Sakufi Head,
11252,Sakufi F Head,
11253,Sakufi FZ Head,
11254,Sakufi HS Head,
11255,Sakufi GS Head,
11256,Sakufi GP Head,
11257,Sakufi ZP Head,
11258,Sakufi Cap,
11259,Sakufi F Cap,
11260,Sakufi FZ Cap,
11261,Sakufi HS Cap,
11262,Sakufi GS Cap,
11263,Sakufi GP Cap,
11264,Sakufi ZP Cap,
11265,Asumo Head,
11266,Asumo F Head,
11267,Asumo FZ Head,
11268,Asumo HS Head,
11269,Asumo GS Head,
11270,Asumo GP Head,
11271,Asumo ZP Head,
11272,Asumo Cap,
11273,Asumo F Cap,
11274,Asumo FZ Cap,
11275,Asumo HS Cap,
11276,Asumo GS Cap,
11277,Asumo GP Cap,
11278,Asumo ZP Cap,
11279,Carrol C Band,
11280,Zyra C Helm,
11281,Loose C Head,
11282,Asteli ZP Piercing・White,
11283,Asteli ZP Haar・White,
11284,Asteli ZP Piercing・Blue,
11285,Asteli ZP Haar・Blue,
11286,Asteli ZP Piercing・Red,
11287,Asteli ZP Haar・Red,
11288,Asteli ZP Piercing・Black,
11289,Asteli ZP Haar・Black,
11290,Lien ZP Head・Blue,
11291,Lien ZP Hat・Blue,
11292,Lien ZP Head・Red,
11293,Lien ZP Hat・Red,
11294,Lien ZP Head・Black,
11295,Lien ZP Hat・Black,
11296,Lien ZP Head・White,
11297,Lien ZP Hat・White,
11298,Carrol ZP Band・Black,
11299,Carrol ZP Head・Black,
11300,Carrol ZP Band・Blue,
11301,Carrol ZP Head・Blue,
11302,Carrol ZP Band・White,
11303,Carrol ZP Head・White,
11304,Carrol ZP Band・Red,
11305,Carrol ZP Head・Red,
11306,Zena Beretta,
11307,Zena F Beretta,
11308,Zena G Beretta,
11309,Zena GF Beretta,
11310,Zena GX Beretta,
11311,Guan Corsage,
11312,Guan F Corsage,
11313,Guan G Corsage,
11314,Guan GF Corsage,
11315,Guan GX Corsage,
11316,Blize Helm,
11317,Blize F Helm,
11318,Blize FY Helm,
11319,Blize HS Helm,
11320,Blize G Helm,
11321,Blize GF Helm,
11322,Blize GX Helm,
11323,Blize Cap,
11324,Blize F Cap,
11325,Blize FY Cap,
11326,Blize HS Cap,
11327,Blize G Cap,
11328,Blize GF Cap,
11329,Blize GX Cap,
11330,Higakure C Helm,
11331,Harokyu D Head,
11332,Evol D Head・White,
11333,Evol D Head・Red,
11334,Evol D Head・Blue,
11335,Evol D Head・Purple,
11336,Hunting Troops Head・Male,
11337,Hunting Troops Head・Female,
11338,Blue Ice Emperor ZP Head,
11339,Blue Ice Emperor ZP Cap,
11340,White Ice Emperor ZP Head,
11341,White Ice Emperor ZP Cap,
11342,Red Ice Emperor ZP Head,
11343,Red Ice Emperor ZP Cap,
11344,Wander Head・Blue,
11345,Wander F Head・Blue,
11346,Wander FZ Head・Blue,
11347,Wander HS Head・Blue,
11348,Wander GS Head・Blue,
11349,Wander GP Head・Blue,
11350,Wander ZP Head・Blue,
11351,Wander Haar・Blue,
11352,Wander F Haar・Blue,
11353,Wander FZ Haar・Blue,
11354,Wander HS Haar・Blue,
11355,Wander GS Haar・Blue,
11356,Wander GP Haar・Blue,
11357,Wander ZP Haar・Blue,
11358,Wander Head・Red,
11359,Wander F Head・Red,
11360,Wander FZ Head・Red,
11361,Wander HS Head・Red,
11362,Wander GS Head・Red,
11363,Wander GP Head・Red,
11364,Wander ZP Head・Red,
11365,Wander Haar・Red,
11366,Wander F Haar・Red,
11367,Wander FZ Haar・Red,
11368,Wander HS Haar・Red,
11369,Wander GS Haar・Red,
11370,Wander GP Haar・Red,
11371,Wander ZP Haar・Red,
11372,Wander Head・White,
11373,Wander F Head・White,
11374,Wander FZ Head・White,
11375,Wander HS Head・White,
11376,Wander GS Head・White,
11377,Wander GP Head・White,
11378,Wander ZP Head・White,
11379,Wander Haar・White,
11380,Wander F Haar・White,
11381,Wander FZ Haar・White,
11382,Wander HS Haar・White,
11383,Wander GS Haar・White,
11384,Wander GP Haar・White,
11385,Wander ZP Haar・White,
11386,Wander Head・Black,
11387,Wander F Head・Black,
11388,Wander FZ Head・Black,
11389,Wander HS Head・Black,
11390,Wander GS Head・Black,
11391,Wander GP Head・Black,
11392,Wander ZP Head・Black,
11393,Wander Haar・Black,
11394,Wander F Haar・Black,
11395,Wander FZ Haar・Black,
11396,Wander HS Haar・Black,
11397,Wander GS Haar・Black,
11398,Wander GP Haar・Black,
11399,Wander ZP Haar・Black,
11400,Gore Helm,
11401,Gore G Helm,
11402,Gore GF Helm,
11403,Gore GX Helm,
11404,Gore Cap,
11405,Gore G Cap,
11406,Gore GF Cap,
11407,Gore GX Cap,
11408,Zena G Head,
11409,Zena GF Head,
11410,Zena GX Head,
11411,Zena G Cap,
11412,Zena GF Cap,
11413,Zena GX Cap,
11414,Rathalos Z Helm,
11415,Rathalos ZF Helm,
11416,Rathalos ZY Helm,
11417,Rathalos ZX Helm,
11418,Rathalos Z Cap,
11419,Rathalos ZF Cap,
11420,Rathalos ZY Cap,
11421,Rathalos ZX Cap,
11422,Blango Z Helm,
11423,Blango ZF Helm,
11424,Blango ZY Helm,
11425,Blango ZX Helm,
11426,Blango Z Cap,
11427,Blango ZF Cap,
11428,Blango ZY Cap,
11429,Blango ZX Cap,
11430,Muruta Head,
11431,Muruta F Head,
11432,Muruta FZ Head,
11433,Muruta HS Head,
11434,Muruta GS Head,
11435,Muruta GP Head,
11436,Muruta ZP Head,
11437,Muruta Cap,
11438,Muruta F Cap,
11439,Muruta FZ Cap,
11440,Muruta HS Cap,
11441,Muruta GS Cap,
11442,Muruta GP Cap,
11443,Muruta ZP Cap,
11444,Howla Head,
11445,Howla F Head,
11446,Howla FZ Head,
11447,Howla HS Head,
11448,Howla GS Head,
11449,Howla GP Head,
11450,Howla ZP Head,
11451,Howla Cap,
11452,Howla F Cap,
11453,Howla FZ Cap,
11454,Howla HS Cap,
11455,Howla GS Cap,
11456,Howla GP Cap,
11457,Howla ZP Cap,
11458,Panse Head,
11459,Panse F Head,
11460,Panse FZ Head,
11461,Panse HS Head,
11462,Panse GS Head,
11463,Panse GP Head,
11464,Panse ZP Head,
11465,Panse Cap,
11466,Panse F Cap,
11467,Panse FZ Cap,
11468,Panse HS Cap,
11469,Panse GS Cap,
11470,Panse GP Cap,
11471,Panse ZP Cap,
11472,Marriage Head,
11473,Marriage F Head,
11474,Marriage FZ Head,
11475,Marriage HS Head,
11476,Marriage GS Head,
11477,Marriage GP Head,
11478,Marriage ZP Head,
11479,Marriage Cap,
11480,Marriage F Cap,
11481,Marriage FZ Cap,
11482,Marriage HS Cap,
11483,Marriage GS Cap,
11484,Marriage GP Cap,
11485,Marriage ZP Cap,
11486,Yukine Head,
11487,Yukine F Head,
11488,Yukine FZ Head,
11489,Yukine HS Head,
11490,Yukine GS Head,
11491,Yukine GP Head,
11492,Yukine ZP Head,
11493,Yukine Mask,
11494,Yukine F Mask,
11495,Yukine FZ Mask,
11496,Yukine HS Mask,
11497,Yukine GS Mask,
11498,Yukine GP Mask,
11499,Yukine ZP Mask,
11500,Snow Miku Head,
11501,Snow Miku F Head,
11502,Snow Miku FZ Head,
11503,Snow Miku HS Head,
11504,Snow Miku GS Head,
11505,Snow Miku GP Head,
11506,Snow Miku ZP Head,
11507,Snow Miku Piercing,
11508,Snow Miku F Piercing,
11509,Snow Miku FZ Piercing,
11510,Snow Miku HS Piercing,
11511,Snow Miku GS Piercing,
11512,Snow Miku GP Piercing,
11513,Snow Miku ZP Piercing,
11514,Miku ZP Head,
11515,Miku ZP Piercing,
11516,Oyun ZP Helm・Blue,
11517,Oyun ZP Cap・Blue,
11518,Oyun ZP Helm・Red,
11519,Oyun ZP Cap・Red,
11520,Oyun ZP Helm・Black,
11521,Oyun ZP Cap・Black,
11522,Oyun ZP Helm・White,
11523,Oyun ZP Cap・White,
11524,Demonclad Horn G,
11525,Demonclad Horn GF,
11526,Demonclad Horn GX,
11527,Youthclad Horn G,
11528,Youthclad Horn GF,
11529,Youthclad Horn GX,
11530,Rave Helm,
11531,Rave F Helm,
11532,Rave FY Helm,
11533,Rave HS Helm,
11534,Rave G Helm,
11535,Rave GF Helm,
11536,Rave GX Helm,
11537,Rave Cap,
11538,Rave F Cap,
11539,Rave FY Cap,
11540,Rave HS Cap,
11541,Rave G Cap,
11542,Rave GF Cap,
11543,Rave GX Cap,
11544,Wander D Head・Blue,
11545,Wander D Head・Red,
11546,Wander D Head・White,
11547,Wander D Head・Black,
11548,Blue Ice Emperor D Head,
11549,White Ice Emperor D Head,
11550,Red Ice Emperor D Head,
11551,Rance C Head,
11552,Santa D Head,
11553,Anteka D Head,
11554,Chiarim ZP Head,
11555,Chiarim ZP Cap,
11556,Miku ZP Head・White,
11557,Miku ZP Piercing・White,
11558,Miku ZP Head・Yellow,
11559,Miku ZP Piercing・Yellow,
11560,Miku ZP Head・Black,
11561,Miku ZP Piercing・Black,
11562,Miku ZP Head・Brown,
11563,Miku ZP Piercing・Brown,
11564,Katante Z Helm,
11565,Katante ZF Helm,
11566,Katante ZY Helm,
11567,Katante ZX Helm,
11568,Katante Z Cap,
11569,Katante ZF Cap,
11570,Katante ZY Cap,
11571,Katante ZX Cap,
11572,Sakufi D Head,
11573,Asumo D Head,
11574,Dios D Head,
11575,Asteli D Piercing・White,
11576,Asteli D Piercing・Blue,
11577,Asteli D Piercing・Red,
11578,Asteli D Piercing・Black,
11579,Lien D Head・Blue,
11580,Lien D Head・Red,
11581,Lien D Head・Black,
11582,Lien D Head・White,
11583,Lien D Head・Crimson,
11584,Lien D Head・Cyan,
11585,Lien D Head・Peach,
11586,Carrol D Band・Black,
11587,Carrol D Band・Blue,
11588,Carrol D Band・White,
11589,Carrol D Band・Red,
11590,Carrol D Band・Peach,
11591,Gothic D Piercing,
11592,Kirin D Horn,
11593,Farunokku D Helm,
11594,Farunokku D Cap,
11595,Pokara D Helm,
11596,Pokara D Cap,
11597,Genesis D【五線譜】,
11598,Motion D【五線譜】,
11599,Lightning D Kabuto,
11600,Thunder D Kabuto,
11601,Toridcless D Helm,
11602,Toridcless D Cap,
11603,Guan D Head,
11604,Guan D Cap,
11605,Varusa D Helm,
11606,Varusa D Cap,
11607,Toa D Helm,
11608,Toa D Cap,
11609,Blitz D Horn,
11610,Stroma D Helm,
11611,Stroma D Cap,
11612,Elegance D【趣】,
11613,Grace D【趣】,
11614,Altera D Helm,
11615,Altera D Cap,
11616,Pobo D Helm,
11617,Pobo D Cap,
11618,Zinogre C Helm,
11619,Zinogre C Cap,
11620,Hornetaur UD Helm,
11621,Hornetaur UD Cap,
11622,Rathalos D Helm,
11623,Rathalos D Cap,
11624,Gogomoa D Helm,
11625,Gogomoa D Cap,
11626,Azul D Head,
11627,Azul D Wig,
11628,Harvest D Head,
11629,Harvest D Piercing,
11630,Melan D Head,
11631,Melan D Wig,
11632,Diru D Head,
11633,Diru D Wig,
11634,Tandress D Head,
11635,Tandress D Piercing,
11636,Rance D Head,
11637,Rance D Wig,
11638,Ganeto D Head,
11639,Ganeto D Wig,
11640,Chiru D Head,
11641,Chiru D Wig,
11642,Shiusu D Head,
11643,Shiusu D Wig,
11644,Uruki Mask D,
11645,Once D Helm・無,
11646,Pale Sakura D Hachigane,
11647,Iris Piercing D,
11648,Pelegri Head,
11649,Pelegri F Head,
11650,Pelegri FZ Head,
11651,Pelegri HS Head,
11652,Pelegri GS Head,
11653,Pelegri GP Head,
11654,Pelegri ZP Head,
11655,Pelegri Cap,
11656,Pelegri F Cap,
11657,Pelegri FZ Cap,
11658,Pelegri HS Cap,
11659,Pelegri GS Cap,
11660,Pelegri GP Cap,
11661,Pelegri ZP Cap,
11662,Heruto G Piercing,
11663,Heruto GF Piercing,
11664,Heruto GX Piercing,
11665,Iroasu G Piercing,
11666,Iroasu GF Piercing,
11667,Iroasu GX Piercing,
11668,Melynx ZP Head,
11669,Melynx ZP Cap,
11670,Felyne ZP Head,
11671,Felyne ZP Cap,
11672,Tabby ZP Head,
11673,Tabby ZP Cap,
11674,Brown ZP Head,
11675,Brown ZP Cap,
11676,Calico ZP Head,
11677,Calico ZP Cap,
11678,Monotone ZP Head,
11679,Monotone ZP Cap,
11680,Chashiro ZP Head,
11681,Chashiro ZP Cap,
11682,Two-tone ZP Head,
11683,Two-tone ZP Cap,
11684,Wasou Cap ZP,
11685,Wasou Crown ZP,
11686,Howla D Head,
11687,Panse D Head,
11688,Marriage D Head,
11689,Yukine D Head,
11690,Snow Miku D Head,
11691,Miku D Head,
11692,Miku D Head・White,
11693,Miku D Head・Yellow,
11694,Miku D Head・Black,
11695,Miku D Head・Brown,
11696,Wasou Cap D,
11697,Melynx D Head,
11698,Felyne D Head,
11699,Tabby D Head,
11700,Brown D Head,
11701,Calico D Head,
11702,Monotone D Head,
11703,Chashiro D Head,
11704,Two-tone D Head,
11705,Bistro D Cap,
11706,King Beetle D Vertex,
11707,Butterfly D Vertex,
11708,Vol Admiral D,
11709,Vol Legend D,
11710,Demon Lord Horn D,
11711,Demon Tale ノ角D,
11712,鬼凛ノ角D,
11713,Empress C Sector,
11714,Empress C Mask,
11715,Kaiser C Crown,
11716,Kaiser C Mask,
11717,Dragon D Head,
11718,Dragon D Face,
11719,Nargacuga C Helm,
11720,Nargacuga C Cap,
11721,Burning Cliff GX Kabuto,
11722,Crimson Cliff GX Kabuto,
11723,Vashimu Z Helm,
11724,Vashimu ZF Helm,
11725,Vashimu ZY Helm,
11726,Vashimu ZX Helm,
11727,Vashimu Z Cap,
11728,Vashimu ZF Cap,
11729,Vashimu ZY Cap,
11730,Vashimu ZX Cap,
11731,Tigrex Z Helm,
11732,Tigrex ZF Helm,
11733,Tigrex ZY Helm,
11734,Tigrex ZX Helm,
11735,Tigrex Z Cap,
11736,Tigrex ZF Cap,
11737,Tigrex ZY Cap,
11738,Tigrex ZX Cap,
11739,Adel Head,
11740,Adel F Head,
11741,Adel FZ Head,
11742,Adel HS Head,
11743,Adel GS Head,
11744,Adel GP Head,
11745,Adel ZP Head,
11746,Adel Mask,
11747,Adel F Mask,
11748,Adel FZ Mask,
11749,Adel HS Mask,
11750,Adel GS Mask,
11751,Adel GP Mask,
11752,Adel ZP Mask,
11753,Rocbouquet Head,
11754,Rocbouquet F Head,
11755,Rocbouquet FZ Head,
11756,Rocbouquet HS Head,
11757,Rocbouquet GS Head,
11758,Rocbouquet GP Head,
11759,Rocbouquet ZP Head,
11760,Rocbouquet Mask,
11761,Rocbouquet F Mask,
11762,Rocbouquet FZ Mask,
11763,Rocbouquet HS Mask,
11764,Rocbouquet GS Mask,
11765,Rocbouquet GP Mask,
11766,Rocbouquet ZP Mask,
11767,Alkaiser Head,
11768,Alkaiser F Head,
11769,Alkaiser FZ Head,
11770,Alkaiser HS Head,
11771,Alkaiser GS Head,
11772,Alkaiser GP Head,
11773,Alkaiser ZP Head,
11774,Alkaiser Mask,
11775,Alkaiser F Mask,
11776,Alkaiser FZ Mask,
11777,Alkaiser HS Mask,
11778,Alkaiser GS Mask,
11779,Alkaiser GP Mask,
11780,Alkaiser ZP Mask,
11781,Claudia Head,
11782,Claudia F Head,
11783,Claudia FZ Head,
11784,Claudia HS Head,
11785,Claudia GS Head,
11786,Claudia GP Head,
11787,Claudia ZP Head,
11788,Claudia Mask,
11789,Claudia F Mask,
11790,Claudia FZ Mask,
11791,Claudia HS Mask,
11792,Claudia GS Mask,
11793,Claudia GP Mask,
11794,Claudia ZP Mask,
11795,Hesyumu Head,
11796,Hesyumu F Head,
11797,Hesyumu FZ Head,
11798,Hesyumu HS Head,
11799,Hesyumu GS Head,
11800,Hesyumu GP Head,
11801,Hesyumu ZP Head,
11802,Hesyumu Cap,
11803,Hesyumu F Cap,
11804,Hesyumu FZ Cap,
11805,Hesyumu HS Cap,
11806,Hesyumu GS Cap,
11807,Hesyumu GP Cap,
11808,Hesyumu ZP Cap,
11809,Kasamie Head,
11810,Kasamie F Head,
11811,Kasamie FZ Head,
11812,Kasamie HS Head,
11813,Kasamie GS Head,
11814,Kasamie GP Head,
11815,Kasamie ZP Head,
11816,Kasamie Cap,
11817,Kasamie F Cap,
11818,Kasamie FZ Cap,
11819,Kasamie HS Cap,
11820,Kasamie GS Cap,
11821,Kasamie GP Cap,
11822,Kasamie ZP Cap,
11823,Cielo ZP Head,
11824,Cielo ZP Cap,
11825,Vichi ZP Head,
11826,Vichi ZP Cap,
11827,Lapine ZP Band,
11828,Lapine ZP Head,
11829,Beil ZP Earrings,
11830,Emil Mask,
11831,Emil F Mask,
11832,Emil FZ Mask,
11833,Emil HS Mask,
11834,Emil GS Mask,
11835,Emil GP Mask,
11836,Emil ZP Mask,
11837,Pashio Helm,
11838,Pashio F Helm,
11839,Pashio FY Helm,
11840,Pashio HS Helm,
11841,Pashio G Helm,
11842,Pashio GF Helm,
11843,Pashio GX Helm,
11844,Pashio Cap,
11845,Pashio F Cap,
11846,Pashio FY Cap,
11847,Pashio HS Cap,
11848,Pashio G Cap,
11849,Pashio GF Cap,
11850,Pashio GX Cap,
11851,Harudo D Helm,
11852,Harudo D Cap,
11853,Elegance D【趣】,
11854,Grace D【趣】,
11855,Meraginasu D Helm,
11856,Meraginasu D Cap,
11857,Hesyumu D Head,
11858,Kasamie D Head,
11859,Cielo D Head,
11860,Vichi D Head,
11861,Adel D Head,
11862,Rocbouquet D Head,
11863,Alkaiser D Head,
11864,Claudia D Head,
11865,Emil D Mask,
11866,Kinosu D Helm,
11867,Himeros D Helm,
11868,Charien D Cap,
11869,Arietta D Head,
11870,Craft D Head,
11871,Shieri D Helm,
11872,Pupen D Helm,
11873,Moss Covered D Helm,
11874,Excelle D Helm,
11875,Ordre D Helm,
11876,Rath Duo D Helm,
11877,Atra D Helm,
11878,Madaru D Helm,
11879,Shasse D Helm,
11880,Orchesis D Helm,
11881,Blize D Helm,
11882,Quoiz D Head,
11883,Kalais D Head,
11884,Lucchese D Head,
11885,Entora D Helm,
11886,YoRHa No.9 Type S Head,
11887,YoRHa No.9 Type S F Head,
11888,YoRHa No.9 Type S FZ Head,
11889,YoRHa No.9 Type S HS Head,
11890,YoRHa No.9 Type S GS Head,
11891,YoRHa No.9 Type S GP Head,
11892,YoRHa No.9 Type S ZP Head,
11893,YoRHa No.9 Type S Mask,
11894,YoRHa No.9 Type S F Mask,
11895,YoRHa No.9 Type S FZ Mask,
11896,YoRHa No.9 Type S HS Mask,
11897,YoRHa No.9 Type S GS Mask,
11898,YoRHa No.9 Type S GP Mask,
11899,YoRHa No.9 Type S ZP Mask,
11900,YoRHa No.2 Type B Head,
11901,YoRHa No.2 Type B F Head,
11902,YoRHa No.2 Type B FZ Head,
11903,YoRHa No.2 Type B HS Head,
11904,YoRHa No.2 Type B GS Head,
11905,YoRHa No.2 Type B GP Head,
11906,YoRHa No.2 Type B ZP Head,
11907,YoRHa No.2 Type B Mask,
11908,YoRHa No.2 Type B F Mask,
11909,YoRHa No.2 Type B FZ Mask,
11910,YoRHa No.2 Type B HS Mask,
11911,YoRHa No.2 Type B GS Mask,
11912,YoRHa No.2 Type B GP Mask,
11913,YoRHa No.2 Type B ZP Mask,
11914,Shagaru Helm,
11915,Shagaru G Helm,
11916,Shagaru GF Helm,
11917,Shagaru GX Helm,
11918,Shagaru Cap,
11919,Shagaru G Cap,
11920,Shagaru GF Cap,
11921,Shagaru GX Cap,
11922,Hyujikiki Z Helm,
11923,Hyujikiki ZF Helm,
11924,Hyujikiki ZY Helm,
11925,Hyujikiki ZX Helm,
11926,Hyujikiki Z Cap,
11927,Hyujikiki ZF Cap,
11928,Hyujikiki ZY Cap,
11929,Hyujikiki ZX Cap,
11930,Gear Z Helm,
11931,Gear ZF Helm,
11932,Gear ZY Helm,
11933,Gear ZX Helm,
11934,Gear Z Cap,
11935,Gear ZF Cap,
11936,Gear ZY Cap,
11937,Gear ZX Cap,
11938,Rokka Helm,
11939,Rokka F Helm,
11940,Rokka FZ Helm,
11941,Rokka HS Helm,
11942,Rokka GS Helm,
11943,Rokka GP Helm,
11944,Rokka ZP Helm,
11945,Rokka Cap,
11946,Rokka F Cap,
11947,Rokka FZ Cap,
11948,Rokka HS Cap,
11949,Rokka GS Cap,
11950,Rokka GP Cap,
11951,Rokka ZP Cap,
11952,Penre Head,
11953,Penre F Head,
11954,Penre FZ Head,
11955,Penre HS Head,
11956,Penre GS Head,
11957,Penre GP Head,
11958,Penre ZP Head,
11959,Penre Cap,
11960,Penre F Cap,
11961,Penre FZ Cap,
11962,Penre HS Cap,
11963,Penre GS Cap,
11964,Penre GP Cap,
11965,Penre ZP Cap,
11966,Akahara Reisou BM Head ZP Red,
11967,Akahara Reisou GN Head ZP Red,
11968,Akahara Reisou BM Head ZP Blue,
11969,Akahara Reisou GN Head ZP Blue,
11970,Akahara Reisou BM Head ZP Black,
11971,Akahara Reisou GN Head ZP Black,
11972,Akahara Reisou BM Head ZP White,
11973,Akahara Reisou GN Head ZP White,
11974,Knight King Hair BM ZP Blue,
11975,Knight King Hair GN ZP Blue,
11976,Knight King Hair BM ZP Red,
11977,Knight King Hair GN ZP Red,
11978,Knight King Hair BM ZP Black,
11979,Knight King Hair GN ZP Black,
11980,Knight King Hair BM ZP White,
11981,Knight King Hair GN ZP White,
11982,Hero King Earring BM ZP Gold,
11983,Hero King Earring GN ZP Gold,
11984,Hero King Earring BM ZP Black,
11985,Hero King Earring GN ZP Black,
11986,Hero King Earring BM ZP White,
11987,Hero King Earring GN ZP White,
11988,Hero King Earring BM ZP Red,
11989,Hero King Earring GN ZP Red,
11990,Gorgon ZP Head・Black,
11991,Gorgon ZP Mask・Black,
11992,Gorgon ZP Head・Blue,
11993,Gorgon ZP Mask・Blue,
11994,Gorgon ZP Head・White,
11995,Gorgon ZP Mask・White,
11996,Gorgon ZP Head・Red,
11997,Gorgon ZP Mask・Red,
11998,Arben ZP Head,
11999,Arben ZP Cap,
12000,Aura ZP Head,
12001,Aura ZP Cap,
12002,Gagachu ZP Piercing,
12003,Gagachu ZP Haar,
12004,Kurofi ZP Head,
12005,Kurofi ZP Cap,
12006,Keravuno ZP Head,
12007,Keravuno ZP Cap,
12008,Rikante Z Helm,
12009,Rikante ZF Helm,
12010,Rikante ZY Helm,
12011,Rikante ZX Helm,
12012,Rikante Z Cap,
12013,Rikante ZF Cap,
12014,Rikante ZY Cap,
12015,Rikante ZX Cap,
12016,Chatore G Helm,
12017,Chatore GF Helm,
12018,Chatore GX Helm,
12019,Chatore G Cap,
12020,Chatore GF Cap,
12021,Chatore GX Cap,
12022,Donru GX Helm,
12023,Donru GX Cap,
12024,Penre D Head,
12025,Rokka D Helm,
12026,YoRHa No.9 Type S D Head,
12027,YoRHa No.2 Type B D Head,
12028,Treat C Head,
12029,Craft C Head,
12030,Cielo C Head,
12031,Felyne C Head,
12032,Akahara Reisou GN Head D Red,
12033,Akahara Reisou GN Head D Blue,
12034,Akahara Reisou GN Head D Black,
12035,Akahara Reisou GN Head D White,
12036,Knight King Hair BM D Blue,
12037,Knight King Hair BM D Red,
12038,Knight King Hair BM D Black,
12039,Knight King Hair BM D White,
12040,Hero King Earring BM D Gold,
12041,Hero King Earring BM D Black,
12042,Hero King Earring BM D White,
12043,Hero King Earring BM D Red,
12044,Gorgon D Head・Black,
12045,Gorgon D Head・Blue,
12046,Gorgon D Head・White,
12047,Gorgon D Head・Red,
12048,Arben D Head,
12049,Aura D Head,
12050,Gagachu D Piercing,
12051,Kurofi D Head,
12052,Keravuno D Head,
12053,Espinas ZD Brain,
12054,Espinas ZD Soul,
12055,Hypnoc ZD Helm,
12056,Hypnoc ZD Cap,
12057,Khezu ZD Helm,
12058,Khezu ZD Cap,
12059,Hermitaur ZD Helm,
12060,Hermitaur ZD Cap,
12061,Rathalos ZD Helm,
12062,Rathalos ZD Cap,
12063,Blango ZD Helm,
12064,Blango ZD Cap,
12065,Vashimu ZD Helm,
12066,Vashimu ZD Cap,
12067,Tigrex ZD Helm,
12068,Tigrex ZD Cap,
12069,Hyujikiki ZD Helm,
12070,Hyujikiki ZD Cap,
12071,Gear ZD Helm,
12072,Gear ZD Cap,
12073,Muruta D Head,
12074,Midogaron Z Helm,
12075,Midogaron ZF Helm,
12076,Midogaron ZY Helm,
12077,Midogaron ZX Helm,
12078,Midogaron Z Cap,
12079,Midogaron ZF Cap,
12080,Midogaron ZY Cap,
12081,Midogaron ZX Cap,
12082,White Fatalis GX Head,
12083,White Fatalis GX Face,
12084,Elzelion G Helm,
12085,Elzelion GF Helm,
12086,Elzelion GX Helm,
12087,Elzelion G Cap,
12088,Elzelion GF Cap,
12089,Elzelion GX Cap,
12090,Zakka Helm,
12091,Zakka F Helm,
12092,Zakka FZ Helm,
12093,Zakka HS Helm,
12094,Zakka GS Helm,
12095,Zakka GP Helm,
12096,Zakka ZP Helm,
12097,Zakka Cap,
12098,Zakka F Cap,
12099,Zakka FZ Cap,
12100,Zakka HS Cap,
12101,Zakka GS Cap,
12102,Zakka GP Cap,
12103,Zakka ZP Cap,
12104,Sword Hero Helm,
12105,Sword Hero F Helm,
12106,Sword Hero FZ Helm,
12107,Sword Hero HS Helm,
12108,Sword Hero GS Helm,
12109,Sword Hero GP Helm,
12110,Sword Hero ZP Helm,
12111,Twin Star Helm,
12112,Twin Star F Helm,
12113,Twin Star FZ Helm,
12114,Twin Star HS Helm,
12115,Twin Star GS Helm,
12116,Twin Star GP Helm,
12117,Twin Star ZP Helm,
12118,Heaven Blade Helm,
12119,Heaven Blade F Helm,
12120,Heaven Blade FZ Helm,
12121,Heaven Blade HS Helm,
12122,Heaven Blade GS Helm,
12123,Heaven Blade GP Helm,
12124,Heaven Blade ZP Helm,
12125,Spring Sword Helm,
12126,Spring Sword F Helm,
12127,Spring Sword FZ Helm,
12128,Spring Sword HS Helm,
12129,Spring Sword GS Helm,
12130,Spring Sword GP Helm,
12131,Spring Sword ZP Helm,
12132,Riot Hammer Helm,
12133,Riot Hammer F Helm,
12134,Riot Hammer FZ Helm,
12135,Riot Hammer HS Helm,
12136,Riot Hammer GS Helm,
12137,Riot Hammer GP Helm,
12138,Riot Hammer ZP Helm,
12139,Song Horn Helm,
12140,Song Horn F Helm,
12141,Song Horn FZ Helm,
12142,Song Horn HS Helm,
12143,Song Horn GS Helm,
12144,Song Horn GP Helm,
12145,Song Horn ZP Helm,
12146,Crush Lance Helm,
12147,Crush Lance F Helm,
12148,Crush Lance FZ Helm,
12149,Crush Lance HS Helm,
12150,Crush Lance GS Helm,
12151,Crush Lance GP Helm,
12152,Crush Lance ZP Helm,
12153,Scream Lance Helm,
12154,Scream Lance F Helm,
12155,Scream Lance FZ Helm,
12156,Scream Lance HS Helm,
12157,Scream Lance GS Helm,
12158,Scream Lance GP Helm,
12159,Scream Lance ZP Helm,
12160,Piercing Light Helm,
12161,Piercing Light F Helm,
12162,Piercing Light FZ Helm,
12163,Piercing Light HS Helm,
12164,Piercing Light GS Helm,
12165,Piercing Light GP Helm,
12166,Piercing Light ZP Helm,
12167,Colour Axe Helm,
12168,Colour Axe F Helm,
12169,Colour Axe FZ Helm,
12170,Colour Axe HS Helm,
12171,Colour Axe GS Helm,
12172,Colour Axe GP Helm,
12173,Colour Axe ZP Helm,
12174,Blast Gun Cap,
12175,Blast Gun F Cap,
12176,Blast Gun FZ Cap,
12177,Blast Gun HS Cap,
12178,Blast Gun GS Cap,
12179,Blast Gun GP Cap,
12180,Blast Gun ZP Cap,
12181,Crush Gun Cap,
12182,Crush Gun F Cap,
12183,Crush Gun FZ Cap,
12184,Crush Gun HS Cap,
12185,Crush Gun GS Cap,
12186,Crush Gun GP Cap,
12187,Crush Gun ZP Cap,
12188,Bow Saint Cap,
12189,Bow Saint F Cap,
12190,Bow Saint FZ Cap,
12191,Bow Saint HS Cap,
12192,Bow Saint GS Cap,
12193,Bow Saint GP Cap,
12194,Bow Saint ZP Cap,
12195,Rantana Helm,
12196,Rantana F Helm,
12197,Rantana FZ Helm,
12198,Rantana HS Helm,
12199,Rantana GS Helm,
12200,Rantana GP Helm,
12201,Rantana ZP Helm,
12202,Rantana Cap,
12203,Rantana F Cap,
12204,Rantana FZ Cap,
12205,Rantana HS Cap,
12206,Rantana GS Cap,
12207,Rantana GP Cap,
12208,Rantana ZP Cap,
12209,Eris Helm,
12210,Eris F Helm,
12211,Eris FZ Helm,
12212,Eris HS Helm,
12213,Eris GS Helm,
12214,Eris GP Helm,
12215,Eris ZP Helm,
12216,Eris Cap,
12217,Eris F Cap,
12218,Eris FZ Cap,
12219,Eris HS Cap,
12220,Eris GS Cap,
12221,Eris GP Cap,
12222,Eris ZP Cap,
12223,Magisa ZP Head・Red,
12224,Magisa ZP Head・Black,
12225,Magisa ZP Head・Green,
12226,Magisa ZP Head・White,
12227,Wizard ZP Hat・Red,
12228,Wizard ZP Hat・Black,
12229,Wizard ZP Hat・Green,
12230,Wizard ZP Hat・White,
12231,Waka Cap ZP,
12232,Waka Crown ZP,
12233,Shaln ZP Head・Blue,
12234,Shaln ZP Head・Green,
12235,Shaln ZP Head・Purple,
12236,Shaln ZP Head・White,
12237,Shaln ZP Hat・Blue,
12238,Shaln ZP Hat・Green,
12239,Shaln ZP Hat・Purple,
12240,Shaln ZP Hat・White,
12241,Arumyu G Head,
12242,Arumyu GF Head,
12243,Arumyu GX Head,
12244,Arumyu G Cap,
12245,Arumyu GF Cap,
12246,Arumyu GX Cap,
12247,Korinyi Z Band,
12248,Korinyi ZF Band,
12249,Korinyi ZY Band,
12250,Korinyi ZX Band,
12251,Korinyi Z Head,
12252,Korinyi ZF Head,
12253,Korinyi ZY Head,
12254,Korinyi ZX Head,
12255,Renka Headguard Z,
12256,Renka Headguard ZF,
12257,Renka Headguard ZY,
12258,Renka Headguard ZX,
12259,Renka Mask Z,
12260,Renka Mask ZF,
12261,Renka Mask ZY,
12262,Renka Mask ZX,
12263,Elzelion Beretta,
12264,Elzelion F Beretta,
12265,Elzelion G Beretta,
12266,Elzelion GF Beretta,
12267,Elzelion GX Beretta,
12268,ダミー,
12269,ダミー,
12270,ダミー,
12271,ダミー,
12272,ダミー,
12273,ダミー,
12274,ダミー,
12275,ダミー,
12276,Midogaron ZD Helm,
12277,Midogaron ZD Cap,
12278,White Fatalis D Head,
12279,White Fatalis D Face,
12280,Elzelion D Helm,
12281,Elzelion D Cap,
12282,Zakka D Helm,
12283,十ノ軌跡C Helm,
12284,十ノ至道C Cap,
12285,Rantana D Helm,
12286,Eris D Helm,
12287,Magisa D Head・Red,
12288,Magisa D Head・Black,
12289,Magisa D Head・Green,
12290,Magisa D Head・White,
12291,Magisa D Head・Blue,
12292,Waka Cap D,
12293,Shaln D Head・Blue,
12294,Shaln D Head・Green,
12295,Shaln D Head・Purple,
12296,Shaln D Head・White,
12297,Shaln D Head・Red,
12298,Shaln D Head・Crimson,
12299,Shaln D Head・Orange,
12300,Carriage D Head,
12301,Marble D Head,
12302,Shandy D Head,
12303,Banquet D Head,
12304,Korinyi D Band,
12305,Renka Headguard D,
12306,Barrel Cat D Helm・Gold,
12307,Barrel Cat D Helm・Silver,
12308,Barrel Cat D Helm・Copper,
12309,Kukubo D Head,
12310,Kakabu D Head,
12311,Aruru D Head,
12312,Red Cat D Mask,
12313,Rios D Helm,
12314,Bonito D Helm,
12315,Meirida D Helm,
12316,Miniomu D Helm,
12317,Harimeno D Helm,
12318,Deliver D Helm,
12319,Asaku D Helm,
12320,Desordre D Helm,
12321,Haragan D Helm,
12322,Abuyado D Helm,
12323,Ruko Z Helm,
12324,Ruko ZF Helm,
12325,Ruko ZY Helm,
12326,Ruko ZX Helm,
12327,Ruko Z Cap,
12328,Ruko ZF Cap,
12329,Ruko ZY Cap,
12330,Ruko ZX Cap,
12331,Plesioth Z Helm,
12332,Plesioth ZF Helm,
12333,Plesioth ZY Helm,
12334,Plesioth ZX Helm,
12335,Plesioth Z Cap,
12336,Plesioth ZF Cap,
12337,Plesioth ZY Cap,
12338,Plesioth ZX Cap,
12339,Sharufu Helm,
12340,Sharufu F Helm,
12341,Sharufu FZ Helm,
12342,Sharufu HS Helm,
12343,Sharufu GS Helm,
12344,Sharufu GP Helm,
12345,Sharufu ZP Helm,
12346,Sharufu Cap,
12347,Sharufu F Cap,
12348,Sharufu FZ Cap,
12349,Sharufu HS Cap,
12350,Sharufu GS Cap,
12351,Sharufu GP Cap,
12352,Sharufu ZP Cap,
12353,Kamara Helm,
12354,Kamara F Helm,
12355,Kamara FZ Helm,
12356,Kamara HS Helm,
12357,Kamara GS Helm,
12358,Kamara GP Helm,
12359,Kamara ZP Helm,
12360,Kamara Cap,
12361,Kamara F Cap,
12362,Kamara FZ Cap,
12363,Kamara HS Cap,
12364,Kamara GS Cap,
12365,Kamara GP Cap,
12366,Kamara ZP Cap,
12367,Ruche Helm,
12368,Ruche F Helm,
12369,Ruche FZ Helm,
12370,Ruche HS Helm,
12371,Ruche GS Helm,
12372,Ruche GP Helm,
12373,Ruche ZP Helm,
12374,Ruche Cap,
12375,Ruche F Cap,
12376,Ruche FZ Cap,
12377,Ruche HS Cap,
12378,Ruche GS Cap,
12379,Ruche GP Cap,
12380,Ruche ZP Cap,
12381,Rage HS Helm,
12382,Rage GS Helm,
12383,Rage GP Helm,
12384,Rage ZP Helm,
12385,Rage HS Mask,
12386,Rage GS Mask,
12387,Rage GP Mask,
12388,Rage ZP Mask,
12389,Rampage HS Helm,
12390,Rampage GS Helm,
12391,Rampage GP Helm,
12392,Rampage ZP Helm,
12393,Rampage HS Mask,
12394,Rampage GS Mask,
12395,Rampage GP Mask,
12396,Rampage ZP Mask,
12397,Blaze HS Helm,
12398,Blaze GS Helm,
12399,Blaze GP Helm,
12400,Blaze ZP Helm,
12401,Blaze HS Mask,
12402,Blaze GS Mask,
12403,Blaze GP Mask,
12404,Blaze ZP Mask,
12405,Espi HS Mask・Green,
12406,Espi GS Mask・Green,
12407,Espi GP Mask・Green,
12408,Espi ZP Mask・Green,
12409,Espi HS Mask・Tea,
12410,Espi GS Mask・Tea,
12411,Espi GP Mask・Tea,
12412,Espi ZP Mask・Tea,
12413,Espi HS Mask・White,
12414,Espi GS Mask・White,
12415,Espi GP Mask・White,
12416,Espi ZP Mask・White,
12417,Poogie FZ Crown,
12418,Poogie HS Crown,
12419,Poogie GS Crown,
12420,Poogie GP Crown,
12421,Poogie ZP Crown,
12422,Poogie FZ Symbol,
12423,Poogie HS Symbol,
12424,Poogie GS Symbol,
12425,Poogie GP Symbol,
12426,Poogie ZP Symbol,
12427,Mandora FZ Helm,
12428,Mandora HS Helm,
12429,Mandora GS Helm,
12430,Mandora GP Helm,
12431,Mandora ZP Helm,
12432,Mandora FZ Hat,
12433,Mandora HS Hat,
12434,Mandora GS Hat,
12435,Mandora GP Hat,
12436,Mandora ZP Hat,
12437,Aonoko FZ Helm,
12438,Aonoko HS Helm,
12439,Aonoko GS Helm,
12440,Aonoko GP Helm,
12441,Aonoko ZP Helm,
12442,Aonoko FZ Hat,
12443,Aonoko HS Hat,
12444,Aonoko GS Hat,
12445,Aonoko GP Hat,
12446,Aonoko ZP Hat,
12447,Gauss ZP Helm,
12448,Gauss ZP Mask,
12449,Weber ZP Helm,
12450,Weber ZP Mask,
12451,Gilbert ZP Helm,
12452,Gilbert ZP Mask,
12453,Zuibei ZP Brain,
12454,Zuibei ZP Soul,
12455,Liebre G Helm,
12456,Liebre GF Helm,
12457,Liebre GX Helm,
12458,Liebre G Cap,
12459,Liebre GF Cap,
12460,Liebre GX Cap,
12461,Merente Z Helm,
12462,Merente ZF Helm,
12463,Merente ZY Helm,
12464,Merente ZX Helm,
12465,Merente Z Cap,
12466,Merente ZF Cap,
12467,Merente ZY Cap,
12468,Merente ZX Cap,
12469,Ruko ZD Helm,
12470,Ruko ZD Cap,
12471,Plesioth ZD Helm,
12472,Plesioth ZD Cap,
12473,Sharufu D Helm,
12474,Kamara D Helm,
12475,Liebre D Helm,
12476,Korinyi C Band,
12477,Ruche D Helm,
12478,Strength D Head,
12479,Rage D Helm,
12480,Rampage D Helm,
12481,Blaze D Helm,
12482,Espi D Mask・Green,
12483,Espi D Mask・Tea,
12484,Espi D Mask・White,
12485,Poogie D Crown,
12486,Mandora D Helm,
12487,Aonoko D Helm,
12488,Gauss D Helm,
12489,Weber D Helm,
12490,Gilbert D Helm,
12491,Zuibei D Brain,
12492,Chiarim D Head,
12493,Guild Bard C Lobos,
12494,Scholar C Hood,
12495,Aelucanth C Vertex,
12496,Rhopessa C Vertex,
12497,Yukumo Kasa C・Heaven,
12498,Michelia Alba・ Kensei D Helm,
12499,Michelia Alba・双龍D Helm,
12500,White 蘭・剣王D Helm,
12501,White 蘭・刀神D Helm,
12502,White 蘭・鈍器獣D Helm,
12503,White 蘭・奏帝D Helm,
12504,White 蘭・Heaven 槍D Helm,
12505,White 蘭・砲皇D Helm,
12506,White 蘭・銃傑D Mask,
12507,White 蘭・銃仙D Mask,
12508,White 蘭・Bow 鬼D Mask,
12509,White 蘭・穿凰D Helm,
12510,White 蘭・斬将D Helm,
12511,Sunset Glow・Kensei D Helm,
12512,Crimson 霞・双龍D Helm,
12513,Crimson 霞・剣王D Helm,
12514,Crimson 霞・刀神D Helm,
12515,Crimson 霞・鈍器獣D Helm,
12516,Crimson 霞・奏帝D Helm,
12517,Crimson 霞・Heaven 槍D Helm,
12518,Crimson 霞・砲皇D Helm,
12519,Crimson 霞・銃傑D Mask,
12520,Crimson 霞・銃仙D Mask,
12521,Crimson 霞・Bow 鬼D Mask,
12522,Crimson 霞・穿凰D Helm,
12523,Crimson 霞・斬将D Helm,
12524,Demonclad Horn D,
12525,Tangusu D Head,
12526,Disu D Helm,
12527,Disu D Cap,
12528,Lils D Head,
12529,Lils D Cap,
12530,Dragon SC Head,
12531,Dragon SC Face,
12532,Dragon GD Head,
12533,Dragon GD Face,
12534,Vulcan D Head,
12535,Vulcan D Face,
12536,Vulcan GD Head,
12537,Vulcan GD Face,
12538,Garnet D Helm,
12539,Amethyst D Helm,
12540,Coral D Helm,
12541,Quartz D Helm,
12542,Emerald D Helm,
12543,Pearl D Helm,
12544,Ruby D Helm,
12545,Sapphire D Helm,
12546,Topaz D Cap,
12547,Tourmaline D Cap,
12548,Lapis D Cap,
12549,Hisui D Helm,
12550,Onyx D Helm,
12551,ブルファンD Mask,
12552,Garuga D Mask,
12553,Veloci Mask D,
12554,Gen Mask D,
12555,Io Mask D,
12556,Gia Mask D,
12557,Mosswine Mask D,
12558,Remobra Mask D,
12559,Battle Cap PD Blue,
12560,Battle Cap PD Yellow,
12561,Battle Cap PD Purple,
12562,Rathian Helm PD Blue,
12563,Rathian Helm PD Red,
12564,Rathian Helm PD Black,
12565,Khezu Helm PD Blue,
12566,Khezu Helm PD Green,
12567,Khezu Helm PD Black,
12568,Espinas Helm PD Red,
12569,Espinas Helm PD Blue,
12570,Espinas Helm PD Yellow,
12571,Guardi Helm PD White,
12572,Guardi Helm PD Black,
12573,Guardi Helm PD Purple,
12574,Healer Glasses PD Blue,
12575,Healer Glasses PD White,
12576,Healer Glasses PD Yellow,
12577,Shourou【Heaven 頭】D,
12578,Mitama【Heaven 頭】D,
12579,Burning Cliff D Kabuto,
12580,Crimson Cliff D Kabuto,
12581,Ledia D Head,
12582,White Snake Headguard D,
12583,Black Tiger Headguard D,
12584,Crushing Fog D Hachigane,
12585,Valued Word Headguard D,
12586,Blue Sky Headguard D,
12587,Noon Glow Headguard D,
12588,Kosho D Hachigane,
12589,True Shadow Headguard D,
12590,Felyne D Mask,
12591,Furogada D Head,
12592,Lars D Head,
12593,Donru D Helm,
12594,Inagami ZD Helm,
12595,Barioth C Helm,
12596,Barioth C Cap,
12597,Brachy C Helm,
12598,Brachy C Cap,
12599,Uragaan C Helm,
12600,Uragaan C Cap,
12601,Stygian C Helm,
12602,Stygian C Cap,
12603,Gore C Helm,
12604,Gore C Cap,
12605,Vangis C Helm,
12606,Vangis C Cap,
12607,Shagaru C Helm,
12608,Shagaru C Cap,
12609,Inagami Z Helm,
12610,Inagami ZF Helm,
12611,Inagami ZY Helm,
12612,Inagami ZX Helm,
12613,Inagami Z Cap,
12614,Inagami ZF Cap,
12615,Inagami ZY Cap,
12616,Inagami ZX Cap,
12617,Tempest [Crown】,
12618,Tempest G [Crown】,
12619,Tempest GF [Crown】,
12620,Tempest GX [Crown】,
12621,Welkin [Crown】,
12622,Welkin G [Crown】,
12623,Welkin GF [Crown】,
12624,Welkin GX [Crown】,
12625,Levin Helm,
12626,Levin F Helm,
12627,Levin FZ Helm,
12628,Levin HS Helm,
12629,Levin GS Helm,
12630,Levin GP Helm,
12631,Levin ZP Helm,
12632,Levin Cap,
12633,Levin F Cap,
12634,Levin FZ Cap,
12635,Levin HS Cap,
12636,Levin GS Cap,
12637,Levin GP Cap,
12638,Levin ZP Cap,
12639,Silver Armour・Helm,
12640,Silver Armour F・Helm,
12641,Silver Armour FZ・Helm,
12642,Silver Armour HS・Helm,
12643,Silver Armour GS・Helm,
12644,Silver Armour GP・Helm,
12645,Silver Armour ZP・Helm,
12646,Silver Armour・Headguard,
12647,Silver Armour F・Headguard,
12648,Silver Armour FZ・Headguard,
12649,Silver Armour HS・Headguard,
12650,Silver Armour GS・Headguard,
12651,Silver Armour GP・Headguard,
12652,Silver Armour ZP・Headguard,
12653,Rose Ball Gown・Hairtie,
12654,Rose Ball Gown F・Hairtie,
12655,Rose Ball Gown FZ・Hairtie,
12656,Rose Ball Gown HS・Hairtie,
12657,Rose Ball Gown GS・Hairtie,
12658,Rose Ball Gown GP・Hairtie,
12659,Rose Ball Gown ZP・Hairtie,
12660,Rose Ball Gown・Knot,
12661,Rose Ball Gown F・Knot,
12662,Rose Ball Gown FZ・Knot,
12663,Rose Ball Gown HS・Knot,
12664,Rose Ball Gown GS・Knot,
12665,Rose Ball Gown GP・Knot,
12666,Rose Ball Gown ZP・Knot,
12667,Shui Helm,
12668,Shui F Helm,
12669,Shui FZ Helm,
12670,Shui HS Helm,
12671,Shui GS Helm,
12672,Shui GP Helm,
12673,Shui ZP Helm,
12674,Shui Cap,
12675,Shui F Cap,
12676,Shui FZ Cap,
12677,Shui HS Cap,
12678,Shui GS Cap,
12679,Shui GP Cap,
12680,Shui ZP Cap,
12681,CE Kevlar ZP BM Head Blue,
12682,CE Kevlar ZP GN Head Blue,
12683,CE Kevlar ZP BM Head Red,
12684,CE Kevlar ZP GN Head Red,
12685,CE Kevlar ZP BM Head White,
12686,CE Kevlar ZP GN Head White,
12687,CE Kevlar ZP BM Head Black,
12688,CE Kevlar ZP GN Head Black,
12689,AB Layer ZP BM Head Red,
12690,AB Layer ZP GN Head Red,
12691,AB Layer ZP BM Head Blue,
12692,AB Layer ZP GN Head Blue,
12693,AB Layer ZP BM Head Black,
12694,AB Layer ZP GN Head Black,
12695,AB Layer ZP BM Head White,
12696,AB Layer ZP GN Head White,
12697,Ruban ZP Band,
12698,Ruban ZP Head,
12699,L'Amore ZP Mask,
12700,L'Amore ZP Head,
12701,Orloj ZP Band,
12702,Orloj ZP Head,
12703,Dolce ZP Mask,
12704,Dolce ZP Head,
12705,Bright ZP Helm,
12706,Bright ZP Cap,
12707,Juari ZP Helm,
12708,Juari ZP Cap,
12709,Tinku ZP Helm,
12710,Tinku ZP Cap,
12711,Shatemu ZP Band,
12712,Shatemu ZP Head,
12713,Hevria ZP Band,
12714,Hevria ZP Head,
12715,Tiuru ZP Band,
12716,Tiuru ZP Head,
12717,Kaila ZP Helm,
12718,Kaila ZP Mask,
12719,Fonse G Helm,
12720,Fonse GF Helm,
12721,Fonse GX Helm,
12722,Fonse G Cap,
12723,Fonse GF Cap,
12724,Fonse GX Cap,
12725,Utante Z Helm,
12726,Utante ZF Helm,
12727,Utante ZY Helm,
12728,Utante ZX Helm,
12729,Utante Z Cap,
12730,Utante ZF Cap,
12731,Utante ZY Cap,
12732,Utante ZX Cap,
12733,Rizuvue G Helm,
12734,Rizuvue GF Helm,
12735,Rizuvue GX Helm,
12736,Rizuvue G Cap,
12737,Rizuvue GF Cap,
12738,Rizuvue GX Cap,
12739,Elzelion Corsage,
12740,Elzelion F Corsage,
12741,Elzelion G Corsage,
12742,Elzelion GF Corsage,
12743,Elzelion GX Corsage,
12744,Inagami ZD Cap,
12745,Tempest C [Crown】,
12746,Welkin C [Crown】,
12747,Levin D Helm,
12748,Silver Armour D・Helm,
12749,Rose Ball Gown D・Hairtie,
12750,Shui D Helm,
12751,CE Kevlar D BM Head Blue,
12752,CE Kevlar D BM Head Red,
12753,CE Kevlar D BM Head White,
12754,CE Kevlar D BM Head Black,
12755,AB Layer D BM Head Red,
12756,AB Layer D BM Head Blue,
12757,AB Layer D BM Head Black,
12758,AB Layer D BM Head White,
12759,Ruban D Band,
12760,L'Amore D Mask,
12761,Orloj D Band,
12762,Dolce D Mask,
12763,Bright D Helm,
12764,Juari D Helm,
12765,Tinku D Helm,
12766,Shatemu D Band,
12767,Hevria D Band,
12768,Tiuru D Band,
12769,Kaila D Helm,
12770,Fonse D Helm,
12771,Hypnoc ルータD Head,
12772,Hypnolia D Head,
12773,Es Quera D Head,
12774,Ecole D Head,
12775,Guns D Head,
12776,Agria D Head,
12777,Fauve D Head,
12778,ティーアD Head,
12779,Muse D Head,
12780,Dicto D Head,
12781,Kruss D Head,
12782,Starina D Head,
12783,Loose D Head,
12784,Mirado D Head,
12785,Deyuru D Helm,
12786,Robust D Glare,
12787,Falco D Helm,
12788,Howx D Helm,
12789,Pirata D Head,
12790,Zeroi D Head,
12791,Rail D Helm,
12792,Ridere D Helm,
12793,Riot D Helm,
12794,Rutare D Helm,
12795,Rolling Flow Headguard・D,
12796,Rolling Sky Headguard・D,
12797,Cubie D Helm,
12798,Kemor D Helm,
12799,Latria D Head,
12800,Kontao D Head,
12801,Ukon D Head,
12802,ロットD Head,
12803,Shoko D Head,
12804,Nimbus D Head,
12805,Moonlight Helm・D,
12806,Dawnbreak Helm・D,
12807,Toridcless Z Helm,
12808,Toridcless ZF Helm,
12809,Toridcless ZY Helm,
12810,Toridcless ZX Helm,
12811,Toridcless Z Cap,
12812,Toridcless ZF Cap,
12813,Toridcless ZY Cap,
12814,Toridcless ZX Cap,
12815,Doragyurosu Z Helm,
12816,Doragyurosu ZF Helm,
12817,Doragyurosu ZY Helm,
12818,Doragyurosu ZX Helm,
12819,Doragyurosu Z Cap,
12820,Doragyurosu ZF Cap,
12821,Doragyurosu ZY Cap,
12822,Doragyurosu ZX Cap,
12823,Alfi Head,
12824,Alfi F Head,
12825,Alfi FZ Head,
12826,Alfi HS Head,
12827,Alfi GS Head,
12828,Alfi GP Head,
12829,Alfi ZP Head,
12830,Alfi Cap,
12831,Alfi F Cap,
12832,Alfi FZ Cap,
12833,Alfi HS Cap,
12834,Alfi GS Cap,
12835,Alfi GP Cap,
12836,Alfi ZP Cap,
12837,Kaifa Helm,
12838,Kaifa F Helm,
12839,Kaifa FZ Helm,
12840,Kaifa HS Helm,
12841,Kaifa GS Helm,
12842,Kaifa GP Helm,
12843,Kaifa ZP Helm,
12844,Kaifa Cap,
12845,Kaifa F Cap,
12846,Kaifa FZ Cap,
12847,Kaifa HS Cap,
12848,Kaifa GS Cap,
12849,Kaifa GP Cap,
12850,Kaifa ZP Cap,
12851,Straza Head,
12852,Straza F Head,
12853,Straza FZ Head,
12854,Straza HS Head,
12855,Straza GS Head,
12856,Straza GP Head,
12857,Straza ZP Head,
12858,Straza Cap,
12859,Straza F Cap,
12860,Straza FZ Cap,
12861,Straza HS Cap,
12862,Straza GS Cap,
12863,Straza GP Cap,
12864,Straza ZP Cap,
12865,Furante Z Helm,
12866,Furante ZF Helm,
12867,Furante ZY Helm,
12868,Furante ZX Helm,
12869,Furante Z Cap,
12870,Furante ZF Cap,
12871,Furante ZY Cap,
12872,Furante ZX Cap,
12873,Cariva G Helm,
12874,Cariva GF Helm,
12875,Cariva GX Helm,
12876,Cariva G Cap,
12877,Cariva GF Cap,
12878,Cariva GX Cap,
12879,Bonne G Helm,
12880,Bonne GF Helm,
12881,Bonne GX Helm,
12882,Bonne G Cap,
12883,Bonne GF Cap,
12884,Bonne GX Cap,
12885,Survey Corps ZP Head,
12886,Survey Corps ZP Piercing,
12887,Training Corps ZP Head,
12888,Training Corps ZP Piercing,
12889,Twelve Paladins' Armor・BM Yelow,
12890,Twelve Paladins' Armor・BM White,
12891,Twelve Paladins' Armor・BM Brown,
12892,Twelve Paladins' Armor・BM Black,
12893,Twelve Paladins' Armor F・BM Yelow,
12894,Twelve Paladins' Armor F・BM White,
12895,Twelve Paladins' Armor F・BM Brown,
12896,Twelve Paladins' Armor F・BM Black,
12897,Twelve Paladins' Armor FZ・BM Yelow,
12898,Twelve Paladins' Armor FZ・BM White,
12899,Twelve Paladins' Armor FZ・BM Brown,
12900,Twelve Paladins' Armor FZ・BM Black,
12901,Twelve Paladins' Armor HS・BM Yelow,
12902,Twelve Paladins' Armor HS・BM White,
12903,Twelve Paladins' Armor HS・BM Brown,
12904,Twelve Paladins' Armor HS・BM Black,
12905,Twelve Paladins' Armor GS・BM Yelow,
12906,Twelve Paladins' Armor GS・BM White,
12907,Twelve Paladins' Armor GS・BM Brown,
12908,Twelve Paladins' Armor GS・BM Black,
12909,Twelve Paladins' Armor GP・BM Yelow,
12910,Twelve Paladins' Armor GP・BM White,
12911,Twelve Paladins' Armor GP・BM Brown,
12912,Twelve Paladins' Armor GP・BM Black,
12913,Twelve Paladins' Armor ZP・BM Yelow,
12914,Twelve Paladins' Armor ZP・BM White,
12915,Twelve Paladins' Armor ZP・BM Brown,
12916,Twelve Paladins' Armor ZP・BM Black,
12917,Twelve Paladins' Armor・Bow Yellow,
12918,Twelve Paladins' Armor・Bow White,
12919,Twelve Paladins' Armor・Bow Brown,
12920,Twelve Paladins' Armor・Bow Black,
12921,Twelve Paladins' Armor F・Bow Yellow,
12922,Twelve Paladins' Armor F・Bow White,
12923,Twelve Paladins' Armor F・Bow Brown,
12924,Twelve Paladins' Armor F・Bow Black,
12925,Twelve Paladins' Armor FZ・Bow Yellow,
12926,Twelve Paladins' Armor FZ・Bow White,
12927,Twelve Paladins' Armor FZ・Bow Brown,
12928,Twelve Paladins' Armor FZ・Bow Black,
12929,Twelve Paladins' Armor HS・Bow Yellow,
12930,Twelve Paladins' Armor HS・Bow White,
12931,Twelve Paladins' Armor HS・Bow Brown,
12932,Twelve Paladins' Armor HS・Bow Black,
12933,Twelve Paladins' Armor GS・Bow Yellow,
12934,Twelve Paladins' Armor GS・Bow White,
12935,Twelve Paladins' Armor GS・Bow Brown,
12936,Twelve Paladins' Armor GS・Bow Black,
12937,Twelve Paladins' Armor GP・Bow Yellow,
12938,Twelve Paladins' Armor GP・Bow White,
12939,Twelve Paladins' Armor GP・Bow Brown,
12940,Twelve Paladins' Armor GP・Bow Black,
12941,Twelve Paladins' Armor ZP・Bow Yellow,
12942,Twelve Paladins' Armor ZP・Bow White,
12943,Twelve Paladins' Armor ZP・Bow Brown,
12944,Twelve Paladins' Armor ZP・Bow Black,
12945,Holy Maiden Armor・Hairtie,
12946,Holy Maiden Armor F・Hairtie,
12947,Holy Maiden Armor FZ・Hairtie,
12948,Holy Maiden Armor HS・Hairtie,
12949,Holy Maiden Armor GS・Hairtie,
12950,Holy Maiden Armor GP・Hairtie,
12951,Holy Maiden Armor ZP・Hairtie,
12952,Holy Maiden Armor・Knot,
12953,Holy Maiden Armor F・Knot,
12954,Holy Maiden Armor FZ・Knot,
12955,Holy Maiden Armor HS・Knot,
12956,Holy Maiden Armor GS・Knot,
12957,Holy Maiden Armor GP・Knot,
12958,Holy Maiden Armor ZP・Knot,
12959,Dragon Slayer Armor・Blade,
12960,Dragon Slayer Armor F・Blade,
12961,Dragon Slayer Armor FZ・Blade,
12962,Dragon Slayer Armor HS・Blade,
12963,Dragon Slayer Armor GS・Blade,
12964,Dragon Slayer Armor GP・Blade,
12965,Dragon Slayer Armor ZP・Blade,
12966,Dragon Slayer Armor・Bow,
12967,Dragon Slayer Armor F・Bow,
12968,Dragon Slayer Armor FZ・Bow,
12969,Dragon Slayer Armor HS・Bow,
12970,Dragon Slayer Armor GS・Bow,
12971,Dragon Slayer Armor GP・Bow,
12972,Dragon Slayer Armor ZP・Bow,
12973,Helm of Hidden Infidelity・Blade,
12974,Helm of Hidden Infidelity F・Blade,
12975,Helm of Hidden Infidelity FZ・Blade,
12976,Helm of Hidden Infidelity HS・Blade,
12977,Helm of Hidden Infidelity GS・Blade,
12978,Helm of Hidden Infidelity GP・Blade,
12979,Helm of Hidden Infidelity ZP・Blade,
12980,Helm of Hidden Infidelity・Bow,
12981,Helm of Hidden Infidelity F・Bow,
12982,Helm of Hidden Infidelity FZ・Bow,
12983,Helm of Hidden Infidelity HS・Bow,
12984,Helm of Hidden Infidelity GS・Bow,
12985,Helm of Hidden Infidelity GP・Bow,
12986,Helm of Hidden Infidelity ZP・Bow,
12987,Dinato ZP Head,
12988,Dinato ZP Cap,
12989,Duque ZP Head,
12990,Duque ZP Cap,
12991,Granu ZP Head,
12992,Granu ZP Cap,
12993,Chiyo Hairpiece ZP,
12994,Chiyo Hairpin ZP,
12995,Zena Corsage,
12996,Zena F Corsage,
12997,Zena G Corsage,
12998,Zena GF Corsage,
12999,Zena GX Corsage,
13000,Nekodan ZP Head,
13001,Gudan ZP Head,
13002,Toridcless ZD Helm,
13003,Toridcless ZD Cap,
13004,Doragyurosu ZD Helm,
13005,Doragyurosu ZD Cap,
13006,Alfi D Head,
13007,Kaifa D Helm,
13008,Straza D Head,
13009,Renka Headguard C,
13010,Survey Corps D Head,
13011,Training Corps D Head,
13012,Twelve Paladins' Armor D・Yellow,
13013,Twelve Paladins' Armor D・White,
13014,Twelve Paladins' Armor D・Brown,
13015,Twelve Paladins' Armor D・Black,
13016,Holy Maiden Armor D・Hairtie,
13017,Dragon Slayer Armor D,
13018,Helm of Hidden Infidelity D,
13019,Dinato D Head,
13020,Duque D Head,
13021,Granu D Head,
13022,Chiyo Hairpiece D,
13023,Rubellite D Helm,
13024,Lazurite D Helm,
13025,Zircon D Helm,
13026,Spinel D Helm,
13027,Jade D Helm,
13028,Agate D Helm,
13029,Pyrope D Helm,
13030,Iolite D Helm,
13031,Rutile D Helm,
13032,Blood D Helm,
13033,Citrine D Cap,
13034,Peridot D Cap,
13035,Turquoise D Cap,
13036,Mafumofu Hood PD Red,
13037,Mafumofu Hood PD Yellow,
13038,Mafumofu Hood PD Purple,
13039,Basarios Cap PD Red,
13040,Basarios Cap PD Black,
13041,Basarios Cap PD Yellow,
13042,Blango Helm PD Yellow,
13043,Blango Helm PD Blue,
13044,Blango Helm PD Black,
13045,Golden Headdress PD White,
13046,Golden Headdress PD Purple,
13047,Golden Headdress PD Green,
13048,Gravios Cap PD Green,
13049,Gravios Cap PD Purple,
13050,Gravios Cap PD Red,
13051,High Metal Helm PD Black,
13052,High Metal Helm PD Blue,
13053,High Metal Helm PD Yellow,
13054,S・Sol Helm PD Red,
13055,S・Sol Helm PD Purple,
13056,S・Sol Helm PD Black,
13057,Garuga Cap PD White,
13058,Garuga Cap PD Green,
13059,Garuga Cap PD Red,
13060,Hermitaur Helm PD Blue,
13061,Hermitaur Helm PD White,
13062,Hermitaur Helm PD Purple,
13063,Kushala Glare PD Red,
13064,Kushala Glare PD Yellow,
13065,Kushala Glare PD Green,
13066,Kushala Snarl PD Red,
13067,Kushala Snarl PD Yellow,
13068,Kushala Snarl PD Green,
13069,Shinobi Mask・陽D,
13070,Shinobi Mask・陰D,
13071,Bonne D Helm,
13072,Kalais D Cap,
13073,Lucchese D Cap,
13074,Quoiz D Cap,
13075,Nekodan D Head,
13076,Gudan D Head,
13077,Nerihi Headguard Z,
13078,Nerihi Headguard ZF,
13079,Nerihi Headguard ZY,
13080,Nerihi Headguard ZX,
13081,Nerihi Mask Z,
13082,Nerihi Mask ZF,
13083,Nerihi Mask ZY,
13084,Nerihi Mask ZX,
13085,Saine Helm,
13086,Saine F Helm,
13087,Saine FZ Helm,
13088,Saine HS Helm,
13089,Saine GS Helm,
13090,Saine GP Helm,
13091,Saine ZP Helm,
13092,Saine Cap,
13093,Saine F Cap,
13094,Saine FZ Cap,
13095,Saine HS Cap,
13096,Saine GS Cap,
13097,Saine GP Cap,
13098,Saine ZP Cap,
13099,Wing Head,
13100,Wing F Head,
13101,Wing FZ Head,
13102,Wing HS Head,
13103,Wing GS Head,
13104,Wing GP Head,
13105,Wing ZP Head,
13106,Wing Cap,
13107,Wing F Cap,
13108,Wing FZ Cap,
13109,Wing HS Cap,
13110,Wing GS Cap,
13111,Wing GP Cap,
13112,Wing ZP Cap,
13113,Gasura Z Helm,
13114,Gasura ZF Helm,
13115,Gasura ZY Helm,
13116,Gasura ZX Helm,
13117,Gasura Z Cap,
13118,Gasura ZF Cap,
13119,Gasura ZY Cap,
13120,Gasura ZX Cap,
13121,Seregios Helm,
13122,Seregios G Helm,
13123,Seregios GF Helm,
13124,Seregios GX Helm,
13125,Seregios Cap,
13126,Seregios G Cap,
13127,Seregios GF Cap,
13128,Seregios GX Cap,
13129,Utaei Hairpiece Z,
13130,Utaei Hairpiece ZF,
13131,Utaei Hairpiece ZY,
13132,Utaei Hairpiece ZX,
13133,Utaei Hairpin Z,
13134,Utaei Hairpin ZF,
13135,Utaei Hairpin ZY,
13136,Utaei Hairpin ZX,
13137,Cassius G Helm,
13138,Cassius GF Helm,
13139,Cassius GX Helm,
13140,Cassius G Cap,
13141,Cassius GF Cap,
13142,Cassius GX Cap,
13143,Pinbi Head,
13144,Pinbi F Head,
13145,Pinbi FZ Head,
13146,Pinbi HS Head,
13147,Pinbi GS Head,
13148,Pinbi GP Head,
13149,Pinbi ZP Head,
13150,Pinbi Mask,
13151,Pinbi F Mask,
13152,Pinbi FZ Mask,
13153,Pinbi HS Mask,
13154,Pinbi GS Mask,
13155,Pinbi GP Mask,
13156,Pinbi ZP Mask,
13157,Pribu Head,
13158,Pribu F Head,
13159,Pribu FZ Head,
13160,Pribu HS Head,
13161,Pribu GS Head,
13162,Pribu GP Head,
13163,Pribu ZP Head,
13164,Pribu Mask,
13165,Pribu F Mask,
13166,Pribu FZ Mask,
13167,Pribu HS Mask,
13168,Pribu GS Mask,
13169,Pribu GP Mask,
13170,Pribu ZP Mask,
13171,Gray Head,
13172,Gray F Head,
13173,Gray FZ Head,
13174,Gray HS Head,
13175,Gray GS Head,
13176,Gray GP Head,
13177,Gray ZP Head,
13178,Gray Mask,
13179,Gray F Mask,
13180,Gray FZ Mask,
13181,Gray HS Mask,
13182,Gray GS Mask,
13183,Gray GP Mask,
13184,Gray ZP Mask,
13185,Urpina Head,
13186,Urpina F Head,
13187,Urpina FZ Head,
13188,Urpina HS Head,
13189,Urpina GS Head,
13190,Urpina GP Head,
13191,Urpina ZP Head,
13192,Urpina Cap,
13193,Urpina F Cap,
13194,Urpina FZ Cap,
13195,Urpina HS Cap,
13196,Urpina GS Cap,
13197,Urpina GP Cap,
13198,Urpina ZP Cap,
13199,Noel Head,
13200,Noel F Head,
13201,Noel FZ Head,
13202,Noel HS Head,
13203,Noel GS Head,
13204,Noel GP Head,
13205,Noel ZP Head,
13206,Noel Mask,
13207,Noel F Mask,
13208,Noel FZ Mask,
13209,Noel HS Mask,
13210,Noel GS Mask,
13211,Noel GP Mask,
13212,Noel ZP Mask,
13213,Bune Head,
13214,Bune F Head,
13215,Bune FZ Head,
13216,Bune HS Head,
13217,Bune GS Head,
13218,Bune GP Head,
13219,Bune ZP Head,
13220,Bune Mask,
13221,Bune F Mask,
13222,Bune FZ Mask,
13223,Bune HS Mask,
13224,Bune GS Mask,
13225,Bune GP Mask,
13226,Bune ZP Mask,
13227,Ravi G Head:Extreme,
13228,Ravi GF Head:Extreme,
13229,Ravi GX Head:Extreme,
13230,Ravi G Cap:Extreme,
13231,Ravi GF Cap:Extreme,
13232,Ravi GX Cap:Extreme,
13233,Harze ZP Band,
13234,Harze ZP Head,
13235,Revenants ZP Brain,
13236,Revenants ZP Soul,
13237,Post-Festivities【Winning Cat】,
13238,Post-Festivities【Winning Cat】,
13239,Post-Festivities【Winning Cat】,
13240,Post-Festivities【Winning Cat】,
13241,Post-Festivities【Winning Cat】,
13242,Post-Festivities【Winning Cat】,
13243,Post-Festivities【Winning Cat】,
13244,Post-Festivities【Winning Cat】,
13245,Post-Festivities【Winning Cat】,
13246,Post-Festivities【Winning Cat】,
13247,Post-Festivities【Winning Cat】,
13248,Post-Festivities【Winning Cat】,
13249,Post-Festivities【Winning Cat】,
13250,Post-Festivities【Winning Cat】,
13251,Post-Festivities【Winning Cat】,
13252,Post-Festivities【Winning Cat】,
13253,Post-Festivities【Winning Cat】,
13254,Post-Festivities【Winning Cat】,
13255,Post-Festivities【Winning Cat】,
13256,Post-Festivities【Winning Cat】,
13257,Post-Festivities【Winning Cat】,
13258,Post-Festivities【Winning Cat】,
13259,Post-Festivities【Winning Cat】,
13260,Post-Festivities【Winning Cat】,
13261,Post-Festivities【Winning Cat】,
13262,Post-Festivities【Winning Cat】,
13263,Post-Festivities【Winning Cat】,
13264,Post-Festivities【Winning Cat】,
13265,Post-Festivities【Winning Cat】,
13266,Post-Festivities【Winning Cat】,
13267,Post-Festivities【Winning Cat】,
13268,Post-Festivities【Winning Cat】,
13269,Post-Festivities【Winning Cat】,
13270,Post-Festivities【Winning Cat】,
13271,Post-Festivities【Winning Cat】,
13272,Post-Festivities【Winning Cat】,
13273,Post-Festivities【Winning Cat】,
13274,Post-Festivities【Winning Cat】,
13275,Post-Festivities【Winning Cat】,
13276,Post-Festivities【Winning Cat】,
13277,Saine D Helm,
13278,Wing D Head,
13279,Gasra ZD Helm,
13280,Gasra ZD Cap,
13281,Seregios C Helm,
13282,Seregios C Cap,
13283,Pinbi D Head,
13284,Pribu D Head,
13285,Nerihi Headguard D,
13286,Gray D Head,
13287,Urpina D Head,
13288,Noel D Head,
13289,Bune D Head,
13290,Melas D Wig,
13291,Byakko・Kensei D Helm,
13292,Byakko・双龍D Helm,
13293,Byakko・剣王D Helm,
13294,Byakko・刀神D Helm,
13295,Byakko・Heaven 槍D Helm,
13296,Byakko・砲皇D Helm,
13297,Byakko・鈍器獣D Helm,
13298,Byakko・奏帝D Helm,
13299,Byakko・穿凰D Helm,
13300,Byakko・斬将D Helm,
13301,Byakko・銃傑D Mask,
13302,Byakko・銃仙D Mask,
13303,Byakko・Bow 鬼D Mask,
13304,Kirin Horn PD Red,
13305,Kirin Horn PD Purple,
13306,Kirin Horn PD Black,
13307,Kaiser Crown PD White,
13308,Kaiser Mask PD White,
13309,Kaiser Crown PD Black,
13310,Kaiser Mask PD Black,
13311,Kaiser Crown PD Green,
13312,Kaiser Mask PD Green,
13313,Mizuha 【帽子】 PD Blue,
13314,Mizuha 【帽子】 PD Red,
13315,Mizuha 【帽子】 PD Yellow,
13316,Toyotama 【帽子】 PD Blue,
13317,Toyotama 【帽子】 PD Red,
13318,Toyotama 【帽子】 PD Yellow,
13319,暁丸 Kabuto PD Red,
13320,暁丸 Kabuto PD Purple,
13321,暁丸 Kabuto PD White,
13322,凛 Hachigane PD Black,
13323,凛 Hachigane PD Purple,
13324,凛 Hachigane PD White,
13325,Ceanataur Cap PD Red,
13326,Ceanataur Cap PD Black,
13327,Ceanataur Cap PD Yellow,
13328,Remobra Mask PD White,
13329,Remobra Mask PD Yellow,
13330,Remobra Mask PD Black,
13331,Harze D Band,
13332,Revenants D Brain,
13333,Kukubo D Cap,
13334,Kakabu D Cap,
13335,Aruru D Cap,
13336,Suzaku・Kensei D Helm,
13337,Suzaku・双龍D Helm,
13338,Suzaku・剣王D Helm,
13339,Suzaku・刀神D Helm,
13340,Suzaku・Heaven 槍D Helm,
13341,Suzaku・砲皇D Helm,
13342,Suzaku・鈍器獣D Helm,
13343,Suzaku・奏帝D Helm,
13344,Suzaku・穿凰D Helm,
13345,Suzaku・斬将D Helm,
13346,Suzaku・銃傑D Mask,
13347,Suzaku・銃仙D Mask,
13348,Suzaku・Bow 鬼D Mask,
13349,G・Knight Mask PD Red,
13350,G・Knight Mask PD Blue,
13351,G・Knight Mask PD Purple,
13352,PV Glasses PD Red,
13353,PV Glasses PD Blue,
13354,PV Glasses PD Purple,
13355,Empress Head PD Red,
13356,Empress Head PD Yellow,
13357,Empress Head PD Purple,
13358,Empress Mask PD Red,
13359,Empress Mask PD Yellow,
13360,Empress Mask PD Purple,
13361,Vespoid Helm PD Yellow,
13362,Vespoid Helm PD Black,
13363,Vespoid Helm PD Blue,
13364,Death Stench Brain PD White,
13365,Death Stench Brain PD Red,
13366,Death Stench Brain PD Blue,
13367,Diablos Helm PD Purple,
13368,Diablos Helm PD Blue,
13369,Diablos Helm PD Yellow,
13370,Makluva Hood PD Green,
13371,Makluva Hood PD Blue,
13372,Makluva Hood PD Black,
13373,Akantor Mask PD Black,
13374,Akantor Mask PD Red,
13375,Akantor Mask PD White,
13376,Akantor リクン PD Black,
13377,Akantor リクン PD Red,
13378,Akantor リクン PD White,
13379,Gravios Helm PD Black,
13380,Gravios Helm PD Blue,
13381,Gravios Helm PD Red,
13382,Uruki D Festa,
13383,Felyne D Festa,
13384,Melynx D Festa,
13385,Poogie D Festa,
13386,Espi D Festa,
13387,B.Espi D Festa,
13388,W.Espi D Festa,
13389,Kamu D Festa,
13390,Nono D Festa,
13391,Gogomoa D Festa,
13392,Elzelion D Festa,
13393,Extreme Elzelion D Festa,
13394,Duremudira D Festa,
13395,Goocoo D Festa,
13396,Sharuru D Helm,
13397,Neriotori Headguard D,
13398,Anorupatisu ZD Helm,
13399,Anorupatisu ZD Cap,
13400,Dylan D Head,
13401,Dibble D Head,
13402,Fins D Head,
13403,Dins D Head,
13404,Charis D Helm,
13405,Miriam D Head,
13406,Lenigan D Head,
13407,執事 Maid 色替え,
13408,Katante D Helm,
13409,Rikante D Helm,
13410,Merente D Helm,
13411,Utante D Helm,
13412,Brooke D Head,
13413,Shirukku D Head,
13414,Gorukku D Head,
13415,Goruganosu Head D,
13416,Aruganosu Head D,
13417,Kiyoshi Helm D,
13418,Kashoku Helm D,
13419,Jyaga D Helm,
13420,Cure D Head,
13421,Jess D Helm,
13422,Riaruo D Helm,
13423,Reiresu D Helm,
13424,Reuasu D Helm,
13425,Buran D Head,
13426,Shimashima D Head,
13427,Desutora D Helm,
13428,Furante D Helm,
13429,Sharuru Helm,
13430,Sharuru F Helm,
13431,Sharuru FZ Helm,
13432,Sharuru HS Helm,
13433,Sharuru GS Helm,
13434,Sharuru GP Helm,
13435,Sharuru ZP Helm,
13436,Sharuru Cap,
13437,Sharuru F Cap,
13438,Sharuru FZ Cap,
13439,Sharuru HS Cap,
13440,Sharuru GS Cap,
13441,Sharuru GP Cap,
13442,Sharuru ZP Cap,
13443,Neriotori Headguard Z,
13444,Neriotori Headguard ZF,
13445,Neriotori Headguard ZY,
13446,Neriotori Headguard ZX,
13447,Neriotori Mask Z,
13448,Neriotori Mask ZF,
13449,Neriotori Mask ZY,
13450,Neriotori Mask ZX,
13451,Anorupatisu Z Helm,
13452,Anorupatisu ZF Helm,
13453,Anorupatisu ZY Helm,
13454,Anorupatisu ZX Helm,
13455,Anorupatisu Z Cap,
13456,Anorupatisu ZF Cap,
13457,Anorupatisu ZY Cap,
13458,Anorupatisu ZX Cap,
13459,Utatsumugu Hairpiece Z,
13460,Utatsumugu Hairpiece ZF,
13461,Utatsumugu Hairpiece ZY,
13462,Utatsumugu Hairpiece ZX,
13463,Utatsumugu Hairpin Z,
13464,Utatsumugu Hairpin ZF,
13465,Utatsumugu Hairpin ZY,
13466,Utatsumugu Hairpin ZX,
13467,Lynx G Helm,
13468,Lynx GF Helm,
13469,Lynx GX Helm,
13470,Lynx G Cap,
13471,Lynx GF Cap,
13472,Lynx GX Cap,
13473,Zindol G Helm,
13474,Zindol GF Helm,
13475,Zindol GX Helm,
13476,Zindol G Cap,
13477,Zindol GF Cap,
13478,Zindol GX Cap,
13479,Dylan Head,
13480,Dylan F Head,
13481,Dylan FZ Head,
13482,Dylan HS Head,
13483,Dylan GS Head,
13484,Dylan GP Head,
13485,Dylan ZP Head,
13486,Dylan Mask,
13487,Dylan F Mask,
13488,Dylan FZ Mask,
13489,Dylan HS Mask,
13490,Dylan GS Mask,
13491,Dylan GP Mask,
13492,Dylan ZP Mask,
13493,Dibble Head,
13494,Dibble F Head,
13495,Dibble FZ Head,
13496,Dibble HS Head,
13497,Dibble GS Head,
13498,Dibble GP Head,
13499,Dibble ZP Head,
13500,Dibble Mask,
13501,Dibble F Mask,
13502,Dibble FZ Mask,
13503,Dibble HS Mask,
13504,Dibble GS Mask,
13505,Dibble GP Mask,
13506,Dibble ZP Mask,
13507,Fins Head,
13508,Fins F Head,
13509,Fins FZ Head,
13510,Fins HS Head,
13511,Fins GS Head,
13512,Fins GP Head,
13513,Fins ZP Head,
13514,Fins Mask,
13515,Fins F Mask,
13516,Fins FZ Mask,
13517,Fins HS Mask,
13518,Fins GS Mask,
13519,Fins GP Mask,
13520,Fins ZP Mask,
13521,Dins Head,
13522,Dins F Head,
13523,Dins FZ Head,
13524,Dins HS Head,
13525,Dins GS Head,
13526,Dins GP Head,
13527,Dins ZP Head,
13528,Dins Mask,
13529,Dins F Mask,
13530,Dins FZ Mask,
13531,Dins HS Mask,
13532,Dins GS Mask,
13533,Dins GP Mask,
13534,Dins ZP Mask,
13535,Kiyoshi Helm Z,
13536,Kiyoshi Helm ZF,
13537,Kiyoshi Helm ZY,
13538,Kiyoshi Helm ZX,
13539,Kiyoshi Crown Z,
13540,Kiyoshi Crown ZF,
13541,Kiyoshi Crown ZY,
13542,Kiyoshi Crown ZX,
13543,Kashoku Helm Z,
13544,Kashoku Helm ZF,
13545,Kashoku Helm ZY,
13546,Kashoku Helm ZX,
13547,Kashoku Crown Z,
13548,Kashoku Crown ZF,
13549,Kashoku Crown ZY,
13550,Kashoku Crown ZX,
13551,Charis Helm,
13552,Charis F Helm,
13553,Charis FZ Helm,
13554,Charis HS Helm,
13555,Charis GS Helm,
13556,Charis GP Helm,
13557,Charis ZP Helm,
13558,Charis Cap,
13559,Charis F Cap,
13560,Charis FZ Cap,
13561,Charis HS Cap,
13562,Charis GS Cap,
13563,Charis GP Cap,
13564,Charis ZP Cap,
13565,Miriam Head,
13566,Miriam F Head,
13567,Miriam FZ Head,
13568,Miriam HS Head,
13569,Miriam GS Head,
13570,Miriam GP Head,
13571,Miriam ZP Head,
13572,Miriam Cap,
13573,Miriam F Cap,
13574,Miriam FZ Cap,
13575,Miriam HS Cap,
13576,Miriam GS Cap,
13577,Miriam GP Cap,
13578,Miriam ZP Cap,
13579,Lenigan Head,
13580,Lenigan F Head,
13581,Lenigan FZ Head,
13582,Lenigan HS Head,
13583,Lenigan GS Head,
13584,Lenigan GP Head,
13585,Lenigan ZP Head,
13586,Lenigan Mask,
13587,Lenigan F Mask,
13588,Lenigan FZ Mask,
13589,Lenigan HS Mask,
13590,Lenigan GS Mask,
13591,Lenigan GP Mask,
13592,Lenigan ZP Mask,
13593,Favila Head,
13594,Favila F Head,
13595,Favila FZ Head,
13596,Favila HS Head,
13597,Favila GS Head,
13598,Favila GP Head,
13599,Favila ZP Head,
13600,Favila Mask,
13601,Favila F Mask,
13602,Favila FZ Mask,
13603,Favila HS Mask,
13604,Favila GS Mask,
13605,Favila GP Mask,
13606,Favila ZP Mask,
13607,Goruganosu Head Z,
13608,Goruganosu Head ZF,
13609,Goruganosu Head ZY,
13610,Goruganosu Head ZX,
13611,Aruganosu Head Z,
13612,Aruganosu Head ZF,
13613,Aruganosu Head ZY,
13614,Aruganosu Head ZX,
13615,Desutora GS Helm,
13616,Desutora GP Helm,
13617,Desutora ZP Helm,
13618,ダミー,
13619,ダミー,
13620,ダミー,
13621,Desutora GS Face,
13622,Desutora GP Face,
13623,Desutora ZP Face,
13624,ダミー,
13625,ダミー,
13626,ダミー,
13627,Brave ZX Head,
13628,Bogabado Z Helm,
13629,Bogabado ZF Helm,
13630,Bogabado ZY Helm,
13631,Bogabado ZX Helm,
13632,Bogabado Z Cap,
13633,Bogabado ZF Cap,
13634,Bogabado ZY Cap,
13635,Bogabado ZX Cap,
13636,Alicia Head,
13637,Alicia F Head,
13638,Alicia FZ Head,
13639,Alicia HS Head,
13640,Alicia GS Head,
13641,Alicia GP Head,
13642,Alicia ZP Head,
13643,Alicia Cap,
13644,Alicia F Cap,
13645,Alicia FZ Cap,
13646,Alicia HS Cap,
13647,Alicia GS Cap,
13648,Alicia GP Cap,
13649,Alicia ZP Cap,
13650,Boga Beretta,
13651,Boga F Beretta,
13652,Boga G Beretta,
13653,Boga GF Beretta,
13654,Boga GX Beretta,
13655,Boga Corsage,
13656,Boga F Corsage,
13657,Boga G Corsage,
13658,Boga GF Corsage,
13659,Boga GX Corsage,
13660,Tanzanite Helm,
13661,Tanzanite F Helm,
13662,Tanzanite FX Helm,
13663,Hematite Helm,
13664,Hematite F Helm,
13665,Hematite FX Helm,
13666,Byakko・磁星G Helm,
13667,Byakko・磁星GF Helm,
13668,Byakko・磁星GX Helm,
13669,Suzaku・磁星G Helm,
13670,Suzaku・磁星GF Helm,
13671,Suzaku・磁星GX Helm,
13672,Genbu・磁星G Helm,
13673,Genbu・磁星GF Helm,
13674,Genbu・磁星GX Helm,
13675,Seiryu・磁星G Helm,
13676,Seiryu・磁星GF Helm,
13677,Seiryu・磁星GX Helm,
13678,White 蘭・磁星 Helm,
13679,White 蘭・磁星F Helm,
13680,White 蘭・磁星FX Helm,
13681,Crimson 霞・磁星 Helm,
13682,Crimson 霞・磁星F Helm,
13683,Crimson 霞・磁星FX Helm,
13684,White 蘭・磁星G Helm,
13685,White 蘭・磁星GF Helm,
13686,White 蘭・磁星GX Helm,
13687,Crimson 霞・磁星G Helm,
13688,Crimson 霞・磁星GF Helm,
13689,Crimson 霞・磁星GX Helm,
13690,月夜・磁星G Helm,
13691,月夜・磁星GF Helm,
13692,月夜・磁星GX Helm,
13693,Green 穹・磁星G Helm,
13694,Green 穹・磁星GF Helm,
13695,Green 穹・磁星GX Helm,
13696,Masaha Dress [Hairpiece] Red,
13697,Masaha Dress F [Hairpiece] Red,
13698,Masaha Dress FZ [Hairpiece] Red,
13699,Masaha Dress HS [Hairpiece] Red,
13700,Masaha Dress GS [Hairpiece] Red,
13701,Masaha Dress GP [Hairpiece] Red,
13702,Masaha Dress ZP [Hairpiece] Red,
13703,Masaha Dress [Hairpin] Red,
13704,Masaha Dress F [Hairpin] Red,
13705,Masaha Dress FZ [Hairpin] Red,
13706,Masaha Dress HS [Hairpin] Red,
13707,Masaha Dress GS [Hairpin] Red,
13708,Masaha Dress GP [Hairpin] Red,
13709,Masaha Dress ZP [Hairpin] Red,
13710,Masaha Dress [Hairpiece] Silver,
13711,Masaha Dress F [Hairpiece] Silver,
13712,Masaha Dress FZ [Hairpiece] Silver,
13713,Masaha Dress HS [Hairpiece] Silver,
13714,Masaha Dress GS [Hairpiece] Silver,
13715,Masaha Dress GP [Hairpiece] Silver,
13716,Masaha Dress ZP [Hairpiece] Silver,
13717,Masaha Dress [Hairpin] Silver,
13718,Masaha Dress F [Hairpin] Silver,
13719,Masaha Dress FZ [Hairpin] Silver,
13720,Masaha Dress HS [Hairpin] Silver,
13721,Masaha Dress GS [Hairpin] Silver,
13722,Masaha Dress GP [Hairpin] Silver,
13723,Masaha Dress ZP [Hairpin] Silver,
13724,Masaha Dress [Hairpiece] Blue,
13725,Masaha Dress F [Hairpiece] Blue,
13726,Masaha Dress FZ [Hairpiece] Blue,
13727,Masaha Dress HS [Hairpiece] Blue,
13728,Masaha Dress GS [Hairpiece] Blue,
13729,Masaha Dress GP [Hairpiece] Blue,
13730,Masaha Dress ZP [Hairpiece] Blue,
13731,Masaha Dress [Hairpin] Blue,
13732,Masaha Dress F [Hairpin] Blue,
13733,Masaha Dress FZ [Hairpin] Blue,
13734,Masaha Dress HS [Hairpin] Blue,
13735,Masaha Dress GS [Hairpin] Blue,
13736,Masaha Dress GP [Hairpin] Blue,
13737,Masaha Dress ZP [Hairpin] Blue,
13738,Masaha Dress [Hairpiece] Orange,
13739,Masaha Dress F [Hairpiece] Orange,
13740,Masaha Dress FZ [Hairpiece] Orange,
13741,Masaha Dress HS [Hairpiece] Orange,
13742,Masaha Dress GS [Hairpiece] Orange,
13743,Masaha Dress GP [Hairpiece] Orange,
13744,Masaha Dress ZP [Hairpiece] Orange,
13745,Masaha Dress [Hairpin] Orange,
13746,Masaha Dress F [Hairpin] Orange,
13747,Masaha Dress FZ [Hairpin] Orange,
13748,Masaha Dress HS [Hairpin] Orange,
13749,Masaha Dress GS [Hairpin] Orange,
13750,Masaha Dress GP [Hairpin] Orange,
13751,Masaha Dress ZP [Hairpin] Orange,
13752,Graham Helm,
13753,Favila D Head,
13754,Alicia D Head,
13755,Masaha Dress C [Hairpiece】,
13756,Aura C Head,
13757,Asumo C Head,
13758,Rokka C Helm,
13759,Ruche C Helm,
13760,Shui C Helm,
13761,White 蘭・磁星D Helm,
13762,Crimson 霞・磁星D Helm,
13763,Masaha Dress D [Hairpiece] Red,
13764,Masaha Dress D [Hairpiece] Silver,
13765,Masaha Dress D [Hairpiece] Blue,
13766,Masaha Dress D [Hairpiece] Orange,
13767,Genbu・Kensei D Helm,
13768,Genbu・双龍D Helm,
13769,Genbu・剣王D Helm,
13770,Genbu・刀神D Helm,
13771,Genbu・Heaven 槍D Helm,
13772,Genbu・砲皇D Helm,
13773,Genbu・鈍器獣D Helm,
13774,Genbu・奏帝D Helm,
13775,Genbu・穿凰D Helm,
13776,Genbu・斬将D Helm,
13777,Genbu・銃傑D Mask,
13778,Genbu・銃仙D Mask,
13779,Genbu・Bow 鬼D Mask,
13780,Tanzanite D Helm,
13781,Hematite D Helm,
13782,Byakko・磁星D Helm,
13783,Suzaku・磁星D Helm,
13784,Genbu・磁星D Helm,
13785,Tigrex Helm PD Black,
13786,Tigrex Helm PD White,
13787,Tigrex Helm PD Purple,
13788,Monoblos Helm PD Yellow,
13789,Monoblos Helm PD Green,
13790,Monoblos Helm PD White,
13791,Khezu Cap PD Black,
13792,Khezu Cap PD Green,
13793,Khezu Cap PD Blue,
13794,Plesioth Helm PD Black,
13795,Plesioth Helm PD Yellow,
13796,Plesioth Helm PD Purple,
13797,Plesioth Cap PD Black,
13798,Plesioth Cap PD Yellow,
13799,Plesioth Cap PD Purple,
13800,Gypceros Cap PD Red,
13801,Gypceros Cap PD Yellow,
13802,Gypceros Cap PD Green,
13803,Kagura Kabuto PD Red,
13804,Kagura Kabuto PD Black,
13805,Kagura Kabuto PD Purple,
13806,Kamiza Hachigane PD Red,
13807,Kamiza Hachigane PD Black,
13808,Kamiza Hachigane PD Purple,
13809,Mosswine Mask PD White,
13810,Mosswine Mask PD Yellow,
13811,Mosswine Mask PD Blue,
13812,Shinobi Mask・陰 PD Yellow,
13813,Shinobi Mask・陰 PD Red,
13814,Shinobi Mask・陰 PD Blue,
13815,Dyura D Festa,
13816,Khezu D Festa,
13817,Anorupatisu D Festa,
13818,Vashimu D Festa,
13819,Pariapuria D Festa,
13820,Hypnoc D Festa,
13821,山菜爺D Festa,
13822,Box Blue D Festa,
13823,Box Red D Festa,
13824,Dusk D Head・Red,
13825,Dusk D Head・White,
13826,Dusk D Head・Peach,
13827,Dusk D Head・Blue,
13828,Marin D Head・Blue,
13829,Marin D Head・Peach,
13830,Marin D Head・White,
13831,Marin D Head・Black,
13832,Reflet D Head・Blue,
13833,Reflet D Head・White,
13834,Reflet D Head・Red,
13835,Reflet D Head・Black,
13836,Tenpi Helm D・Red,
13837,Tenpi Helm D・Blue,
13838,Tenpi Helm D・Black,
13839,Tenpi Helm D・White,
13840,Tenpi Crown D・Red,
13841,Tenpi Crown D・Blue,
13842,Tenpi Crown D・Black,
13843,Tenpi Crown D・White,
13844,Naga D Head・Blue,
13845,Naga D Head・Red,
13846,Naga D Head・White,
13847,Naga D Head・Black,
13848,Sheriff D Head・Tea,
13849,Sheriff D Head・Black,
13850,Sheriff D Head・Blue,
13851,Sheriff D Head・White,
13852,Serena D Head・Purple,
13853,Serena D Head・Blue,
13854,Serena D Head・White,
13855,Serena D Head・Red,
13856,Gelt D Helm・Black,
13857,Gelt D Helm・Copper,
13858,Gelt D Helm・Silver,
13859,Gelt D Helm・Gold,
13860,Gloria D Helm・Gold,
13861,Gloria D Helm・Blue,
13862,Gloria D Helm・Water,
13863,Gloria D Helm・Red,
13864,Cloth D Head・Red,
13865,Cloth D Head・Blue,
13866,Cloth D Head・Purple,
13867,Cloth D Head・Green,
13868,Rast D Head・Black,
13869,Rast D Head・Blue,
13870,Rast D Head・Crimson,
13871,Rast D Head・White,
13872,Siena D Helm・Silver,
13873,Siena D Helm・Black,
13874,Siena D Helm・Red,
13875,Siena D Helm・Blue,
13876,Cultu D Piercing・Ash,
13877,Cultu D Piercing・Blue,
13878,Cultu D Piercing・Orange,
13879,Cultu D Piercing・Green,
13880,Truss D Montera Blue,
13881,Truss D Montera Red,
13882,Truss D Montera White,
13883,Truss D Montera Purple,
13884,Maisto D Head・Crimson,
13885,Maisto D Head・Green,
13886,Maisto D Head・Green,
13887,Maisto D Head・Pink,
13888,Randa Hat・D Yellow,
13889,Randa Hat・D Red,
13890,Randa Hat・D Purple,
13891,Randa Hat・D Gold,
13892,Bunny D Band・Black,
13893,Bunny D Band・White,
13894,Bunny D Band・Red,
13895,Bunny D Band・Purple,
13896,Regelia D Helm・White,
13897,Regelia D Helm・Red,
13898,Regelia D Helm・Green,
13899,Regelia D Helm・Blue,
13900,Aristo D Head・Blue,
13901,Aristo D Head・White,
13902,Aristo D Head・Purple,
13903,Aristo D Head・Red,
13904,Melety D Head・White,
13905,Melety D Head・Red,
13906,Melety D Head・Blue,
13907,Melety D Head・Black,
13908,Ferme D Head・Black,
13909,Ferme D Head・Red,
13910,Ferme D Head・White,
13911,Ferme D Head・Blue,
13912,Real D Head・White,
13913,Real D Head・Gold,
13914,Real D Head・Blue,
13915,Real D Head・Red,
13916,Arma D Head・Black,
13917,Arma D Piercing・Black,
13918,Arma D Head・White,
13919,Arma D Piercing・White,
13920,Arma D Head・Blue,
13921,Arma D Piercing・Blue,
13922,Arma D Head・Tea,
13923,Arma D Piercing・Tea,
13924,Honour D Helm・Red,
13925,Honour D Helm・Blue,
13926,Honour D Helm・Green,
13927,Honour D Helm・紺,
13928,Pics D Head・Green,
13929,Pics D Head・Purple,
13930,Pics D Head・Black,
13931,Pics D Head・Water,
13932,Magos D Head・Yellow,
13933,Magos D Head・Red,
13934,Magos D Head・Water,
13935,Magos D Head・Blue,
13936,Arge D Head,
13937,Camarera D Head,
13938,Metenera D Head,
13939,Abitto D Head,
13940,Riburi D Head,
13941,Zodic D Helm・Blue,
13942,Zodic D Helm・Tea,
13943,Zodic D Helm・Green,
13944,Zodic D Helm・Pink,
13945,Cayssis D Helm Water,
13946,Cayssis D Helm Red,
13947,Cayssis D Helm Blue,
13948,Cayssis D Helm Orange,
13949,Omet D Helm・Black,
13950,Omet D Helm・Red,
13951,Omet D Helm・White,
13952,Omet D Helm・Blue,
13953,Edio D Helm・Blue,
13954,Edio D Helm・Red,
13955,Edio D Helm・Yellow,
13956,Edio D Helm・Black,
13957,Steno D Helm・Orange,
13958,Steno D Helm・Peach,
13959,Steno D Helm・Blue,
13960,Steno D Helm・Red,
13961,Suriito D Head・Yellow,
13962,Suriito D Head・Silver,
13963,Suriito D Head・Red,
13964,Suriito D Head・Blue,
13965,Galitos D Head・Tea,
13966,Galitos D Head・Red,
13967,Galitos D Head・Black,
13968,Galitos D Head・Water,
13969,Text D Head・Purple,
13970,Text D Head・Green,
13971,Text D Head・Blue,
13972,Text D Head・Black,
13973,Pharan D Helm・White,
13974,Pharan D Helm・Black,
13975,Pharan D Helm・Red,
13976,Pharan D Helm・Blue,
13977,Gold D Helm・Red,
13978,Gold D Helm・Blue,
13979,Gold D Helm・Yellow,
13980,Gold D Helm・Purple,
13981,Claire D Head・Purple,
13982,Claire D Head・Water,
13983,Claire D Head・Red,
13984,Claire D Head・Black,
13985,Gold Cat D Mask,
13986,Silver Cat D Mask,
13987,Ex D Piercing・White,
13988,Ex D Piercing・Red,
13989,Ex D Piercing・Blue,
13990,Ex D Piercing・Black,
13991,Star Festival D Mask [Red】,
13992,Star Festival D Mask [Blue】,
13993,Star Festival D Mask [Black】,
13994,Star Festival D Mask [White】,
13995,Promise D Head・White,
13996,Promise D Head・Blue,
13997,Promise D Head・Purple,
13998,Promise D Head・Yellow,
13999,White M Piercing D,
14000,Flight Headguard D・White,
14001,Flight Headguard D・Red,
14002,Flight Headguard D・Tea,
14003,Flight Headguard D・Blue,
14004,Bande D Head・Blue,
14005,Bande D Head・Red,
14006,Bande D Head・Green,
14007,Bande D Head・Black,
14008,Regnum D Head・White,
14009,Regnum D Head・Blue,
14010,Regnum D Head・Red,
14011,Regnum D Head・Tea,
14012,Gania D Head・Red,
14013,Gania D Head・Blue,
14014,Gania D Head・Tea,
14015,Gania D Head・Purple,
14016,Amistad D Helm・Black,
14017,Amistad D Helm・White,
14018,Amistad D Helm・Blue,
14019,Amistad D Helm・Crimson,
14020,Perifu D Helm・Blue,
14021,Perifu D Helm・Tea,
14022,Perifu D Helm・Green,
14023,Perifu D Helm・Purple,
14024,Khezu 亜D Festa,
14025,ヒプ繁D Festa,
14026,ヒプ希D Festa,
14027,Vakusu D Head,
14028,Rizuvue D Helm,
14029,Konseru D Helm,
14030,Utaei Hairpiece D,
14031,Utatsumugu Hairpiece D,
14032,Shikari の髪当てD,
14033,Strega D Helm,
14034,Eques D Helm,
14035,Uida D Head,
14036,Kuraaji D Helm,
14037,Aneshisu D Helm,
14038,Zaakaa D Head,
14039,Vinen D Head,
14040,Rudeos D Helm,
14041,Breo D Head,
14042,Rouge D Piercings,
14043,Onero D Helm,
14044,Diina D Head,
14045,Oorowa D Helm,
14046,Higakure D Helm,
14047,Perce D Helm,
14048,Orykto D Helm,
14049,Orykto D Cap,
14050,Yoruti D Helm,
14051,Nisuru D Helm,
14052,Maaden D Helm,
14053,Maaden D Cap,
14054,Cheni D Helm,
14055,Eguiene D Head,
14056,Toruboda D Head,
14057,Kabariba D Helm,
14058,Norukku D Head,
14059,Valier D Head,
14060,Arumyu D Head,
14061,Chatore D Helm,
14062,Pashio D Helm,
14063,Cariva D Helm,
14064,Desutora GS Helm,
14065,Desutora GP Helm,
14066,Desutora ZP Helm,
14067,Desutora GS Face,
14068,Desutora GP Face,
14069,Desutora ZP Face,
14070,Desutora D Helm,
14071,Bogabado ZD Helm,
14072,Bogabado ZD Cap,
14073,Nerishoku Headguard Z,
14074,Nerishoku Headguard ZF,
14075,Nerishoku Headguard ZY,
14076,Nerishoku Headguard ZX,
14077,Nerishoku Mask Z,
14078,Nerishoku Mask ZF,
14079,Nerishoku Mask ZY,
14080,Nerishoku Mask ZX,
14081,Baruragaru Z Helm,
14082,Baruragaru ZF Helm,
14083,Baruragaru ZY Helm,
14084,Baruragaru ZX Helm,
14085,Baruragaru Z Cap,
14086,Baruragaru ZF Cap,
14087,Baruragaru ZY Cap,
14088,Baruragaru ZX Cap,
14089,Gravios Z Helm,
14090,Gravios ZF Helm,
14091,Gravios ZY Helm,
14092,Gravios ZX Helm,
14093,Gravios Z Cap,
14094,Gravios ZF Cap,
14095,Gravios ZY Cap,
14096,Gravios ZX Cap,
14097,Rabius Head,
14098,Rabius F Head,
14099,Rabius FZ Head,
14100,Rabius HS Head,
14101,Rabius GS Head,
14102,Rabius GP Head,
14103,Rabius ZP Head,
14104,Rabius Cap,
14105,Rabius F Cap,
14106,Rabius FZ Cap,
14107,Rabius HS Cap,
14108,Rabius GS Cap,
14109,Rabius GP Cap,
14110,Rabius ZP Cap,
14111,Rocras Head,
14112,Rocras F Head,
14113,Rocras FZ Head,
14114,Rocras HS Head,
14115,Rocras GS Head,
14116,Rocras GP Head,
14117,Rocras ZP Head,
14118,Rocras Cap,
14119,Rocras F Cap,
14120,Rocras FZ Cap,
14121,Rocras HS Cap,
14122,Rocras GS Cap,
14123,Rocras GP Cap,
14124,Rocras ZP Cap,
14125,Alisys Head,
14126,Alisys F Head,
14127,Alisys FZ Head,
14128,Alisys HS Head,
14129,Alisys GS Head,
14130,Alisys GP Head,
14131,Alisys ZP Head,
14132,Alisys Cap,
14133,Alisys F Cap,
14134,Alisys FZ Cap,
14135,Alisys HS Cap,
14136,Alisys GS Cap,
14137,Alisys GP Cap,
14138,Alisys ZP Cap,
14139,Loli Head,
14140,Loli F Head,
14141,Loli FZ Head,
14142,Loli HS Head,
14143,Loli GS Head,
14144,Loli GP Head,
14145,Loli ZP Head,
14146,Loli Cap,
14147,Loli F Cap,
14148,Loli FZ Cap,
14149,Loli HS Cap,
14150,Loli GS Cap,
14151,Loli GP Cap,
14152,Loli ZP Cap,
14153,Recolis Head,
14154,Recolis F Head,
14155,Recolis FZ Head,
14156,Recolis HS Head,
14157,Recolis GS Head,
14158,Recolis GP Head,
14159,Recolis ZP Head,
14160,Recolis Cap,
14161,Recolis F Cap,
14162,Recolis FZ Cap,
14163,Recolis HS Cap,
14164,Recolis GS Cap,
14165,Recolis GP Cap,
14166,Recolis ZP Cap,
14167,Bita G Helm,
14168,Bita GF Helm,
14169,Bita GX Helm,
14170,Bita G Cap,
14171,Bita GF Cap,
14172,Bita GX Cap,
14173,Koreputo G Helm,
14174,Koreputo GF Helm,
14175,Koreputo GX Helm,
14176,Koreputo G Cap,
14177,Koreputo GF Cap,
14178,Koreputo GX Cap,
14179,Rapin G Helm,
14180,Rapin GF Helm,
14181,Rapin GX Helm,
14182,Rapin G Cap,
14183,Rapin GF Cap,
14184,Rapin GX Cap,
14185,Kireek Head,
14186,Kireek F Head,
14187,Kireek FZ Head,
14188,Kireek HS Head,
14189,Kireek GS Head,
14190,Kireek GP Head,
14191,Kireek ZP Head,
14192,Kireek Mask,
14193,Kireek F Mask,
14194,Kireek FZ Mask,
14195,Kireek HS Mask,
14196,Kireek GS Mask,
14197,Kireek GP Mask,
14198,Kireek ZP Mask,
14199,Quna Head,
14200,Quna F Head,
14201,Quna FZ Head,
14202,Quna HS Head,
14203,Quna GS Head,
14204,Quna GP Head,
14205,Quna ZP Head,
14206,Quna Mask,
14207,Quna F Mask,
14208,Quna FZ Mask,
14209,Quna HS Mask,
14210,Quna GS Mask,
14211,Quna GP Mask,
14212,Quna ZP Mask,
14213,Dista Head,
14214,Dista F Head,
14215,Dista FZ Head,
14216,Dista HS Head,
14217,Dista GS Head,
14218,Dista GP Head,
14219,Dista ZP Head,
14220,Dista Mask,
14221,Dista F Mask,
14222,Dista FZ Mask,
14223,Dista HS Mask,
14224,Dista GS Mask,
14225,Dista GP Mask,
14226,Dista ZP Mask,
14227,Ionia Head,
14228,Ionia F Head,
14229,Ionia FZ Head,
14230,Ionia HS Head,
14231,Ionia GS Head,
14232,Ionia GP Head,
14233,Ionia ZP Head,
14234,Ionia Cap,
14235,Ionia F Cap,
14236,Ionia FZ Cap,
14237,Ionia HS Cap,
14238,Ionia GS Cap,
14239,Ionia GP Cap,
14240,Ionia ZP Cap,
14241,Guridi Z Helm,
14242,Guridi ZF Helm,
14243,Guridi ZY Helm,
14244,Guridi ZX Helm,
14245,Guridi Z Cap,
14246,Guridi ZF Cap,
14247,Guridi ZY Cap,
14248,Guridi ZX Cap,
14249,Shifunyi Z Band,
14250,Shifunyi ZF Band,
14251,Shifunyi ZY Band,
14252,Shifunyi ZX Band,
14253,Shifunyi Z Head,
14254,Shifunyi ZF Head,
14255,Shifunyi ZY Head,
14256,Shifunyi ZX Head,
14257,Rockman Cap,
14258,Nerishoku Headguard D,
14259,Gravios ZD Helm,
14260,Gravios ZD Cap,
14261,Baruragaru ZD Helm,
14262,Baruragaru ZD Cap,
14263,Rabius D Head,
14264,Rocras D Head,
14265,Alisys D Head,
14266,Loli D Head,
14267,Recolis D Head,
14268,Rapin D Helm,
14269,Rapin C Helm,
14270,Kireek D Head,
14271,Quna D Head,
14272,Dista D Head,
14273,Ionia D Head,
14274,Guridi D Helm,
14275,Shifunyi D Band,
14276,Rappy D Head,
14277,Bita D Helm,
14278,Koreputo D Helm,
14279,Secuti D Helm・Black,
14280,Secuti D Helm・Blue,
14281,Secuti D Helm・Red,
14282,Secuti D Helm・White,
14283,Rockman D Cap,
14284,Issen D Hachigane・Red,
14285,蜂針D Hachigane・Orange,
14286,Shanru Z Helm,
14287,Shanru ZF Helm,
14288,Shanru ZY Helm,
14289,Shanru ZX Helm,
14290,Shanru Z Cap,
14291,Shanru ZF Cap,
14292,Shanru ZY Cap,
14293,Shanru ZX Cap,
14294,Fanru Z Helm,
14295,Fanru ZF Helm,
14296,Fanru ZY Helm,
14297,Fanru ZX Helm,
14298,Fanru Z Cap,
14299,Fanru ZF Cap,
14300,Fanru ZY Cap,
14301,Fanru ZX Cap,
14302,Rengoku Headguard Z,
14303,Rengoku Headguard ZF,
14304,Rengoku Headguard ZY,
14305,Rengoku Headguard ZX,
14306,Rengoku Mask Z,
14307,Rengoku Mask ZF,
14308,Rengoku Mask ZY,
14309,Rengoku Mask ZX,
14310,Nerigeki Headguard Z,
14311,Nerigeki Headguard ZF,
14312,Nerigeki Headguard ZY,
14313,Nerigeki Headguard ZX,
14314,Nerigeki Mask Z,
14315,Nerigeki Mask ZF,
14316,Nerigeki Mask ZY,
14317,Nerigeki Mask ZX,
14318,Zamuza Z Helm,
14319,Zamuza ZF Helm,
14320,Zamuza ZY Helm,
14321,Zamuza ZX Helm,
14322,Zamuza Z Cap,
14323,Zamuza ZF Cap,
14324,Zamuza ZY Cap,
14325,Zamuza ZX Cap,
14326,Harudo Z Helm,
14327,Harudo ZF Helm,
14328,Harudo ZY Helm,
14329,Harudo ZX Helm,
14330,Harudo Z Cap,
14331,Harudo ZF Cap,
14332,Harudo ZY Cap,
14333,Harudo ZX Cap,
14334,Elysi G Helm,
14335,Elysi GF Helm,
14336,Elysi GX Helm,
14337,Elysi G Cap,
14338,Elysi GF Cap,
14339,Elysi GX Cap,
14340,Myunru Z Helm,
14341,Myunru ZF Helm,
14342,Myunru ZY Helm,
14343,Myunru ZX Helm,
14344,Myunru Z Cap,
14345,Myunru ZF Cap,
14346,Myunru ZY Cap,
14347,Myunru ZX Cap,
14348,Kinkou Head,
14349,Kinkou F Head,
14350,Kinkou FZ Head,
14351,Kinkou HS Head,
14352,Kinkou GS Head,
14353,Kinkou GP Head,
14354,Kinkou ZP Head,
14355,Kinkou Cap,
14356,Kinkou F Cap,
14357,Kinkou FZ Cap,
14358,Kinkou HS Cap,
14359,Kinkou GS Cap,
14360,Kinkou GP Cap,
14361,Kinkou ZP Cap,
14362,Anbu Head,
14363,Anbu F Head,
14364,Anbu FZ Head,
14365,Anbu HS Head,
14366,Anbu GS Head,
14367,Anbu GP Head,
14368,Anbu ZP Head,
14369,Anbu Cap,
14370,Anbu F Cap,
14371,Anbu FZ Cap,
14372,Anbu HS Cap,
14373,Anbu GS Cap,
14374,Anbu GP Cap,
14375,Anbu ZP Cap,
14376,Arbiter GS Helm,
14377,Arbiter GP Helm,
14378,Arbiter ZP Helm,
14379,Arbiter GS Face,
14380,Arbiter GP Face,
14381,Arbiter ZP Face,
14382,Fine Head,
14383,Fine F Head,
14384,Fine FZ Head,
14385,Fine HS Head,
14386,Fine GS Head,
14387,Fine GP Head,
14388,Fine ZP Head,
14389,Fine Cap,
14390,Fine F Cap,
14391,Fine FZ Cap,
14392,Fine HS Cap,
14393,Fine GS Cap,
14394,Fine GP Cap,
14395,Fine ZP Cap,
14396,Kotona Head,
14397,Kotona F Head,
14398,Kotona FZ Head,
14399,Kotona HS Head,
14400,Kotona GS Head,
14401,Kotona GP Head,
14402,Kotona ZP Head,
14403,Kotona Cap,
14404,Kotona F Cap,
14405,Kotona FZ Cap,
14406,Kotona HS Cap,
14407,Kotona GS Cap,
14408,Kotona GP Cap,
14409,Kotona ZP Cap,
14410,Finis Head,
14411,Finis F Head,
14412,Finis FZ Head,
14413,Finis HS Head,
14414,Finis GS Head,
14415,Finis GP Head,
14416,Finis ZP Head,
14417,Finis Cap,
14418,Finis F Cap,
14419,Finis FZ Cap,
14420,Finis HS Cap,
14421,Finis GS Cap,
14422,Finis GP Cap,
14423,Finis ZP Cap,
14424,Firl Head,
14425,Firl F Head,
14426,Firl FZ Head,
14427,Firl HS Head,
14428,Firl GS Head,
14429,Firl GP Head,
14430,Firl ZP Head,
14431,Firl Cap,
14432,Firl F Cap,
14433,Firl FZ Cap,
14434,Firl HS Cap,
14435,Firl GS Cap,
14436,Firl GP Cap,
14437,Firl ZP Cap,
14438,Ryoso Cap,
14439,Ryoso Cap F,
14440,Ryoso Cap FZ,
14441,Ryoso Cap HS,
14442,Ryoso Cap GS,
14443,Ryoso Cap GP,
14444,Ryoso Cap ZP,
14445,Ryoso Crown,
14446,Ryoso Crown F,
14447,Ryoso Crown FZ,
14448,Ryoso Crown HS,
14449,Ryoso Crown GS,
14450,Ryoso Crown GP,
14451,Ryoso Crown ZP,
14452,Gems Head,
14453,Gems F Head,
14454,Gems FZ Head,
14455,Gems HS Head,
14456,Gems GS Head,
14457,Gems GP Head,
14458,Gems ZP Head,
14459,Gems Mask,
14460,Gems F Mask,
14461,Gems FZ Mask,
14462,Gems HS Mask,
14463,Gems GS Mask,
14464,Gems GP Mask,
14465,Gems ZP Mask,
14466,Alisha Head,
14467,Alisha F Head,
14468,Alisha FZ Head,
14469,Alisha HS Head,
14470,Alisha GS Head,
14471,Alisha GP Head,
14472,Alisha ZP Head,
14473,Alisha Cap,
14474,Alisha F Cap,
14475,Alisha FZ Cap,
14476,Alisha HS Cap,
14477,Alisha GS Cap,
14478,Alisha GP Cap,
14479,Alisha ZP Cap,
14480,Ricca Helm,
14481,Ricca F Helm,
14482,Ricca FZ Helm,
14483,Ricca HS Helm,
14484,Ricca GS Helm,
14485,Ricca GP Helm,
14486,Ricca ZP Helm,
14487,Ricca Cap,
14488,Ricca F Cap,
14489,Ricca FZ Cap,
14490,Ricca HS Cap,
14491,Ricca GS Cap,
14492,Ricca GP Cap,
14493,Ricca ZP Cap,
14494,Kelis Helm,
14495,Kelis F Helm,
14496,Kelis FZ Helm,
14497,Kelis HS Helm,
14498,Kelis GS Helm,
14499,Kelis GP Helm,
14500,Kelis ZP Helm,
14501,Kelis Cap,
14502,Kelis F Cap,
14503,Kelis FZ Cap,
14504,Kelis HS Cap,
14505,Kelis GS Cap,
14506,Kelis GP Cap,
14507,Kelis ZP Cap,
14508,Kinkou D Head,
14509,Anbu D Head,
14510,Rengoku Headguard D,
14511,Nerigeki Headguard D,
14512,Shanru D Helm,
14513,Fanru D Helm,
14514,Zamuza ZD Helm,
14515,Zamuza ZD Cap,
14516,Harudo ZD Helm,
14517,Harudo ZD Cap,
14518,Arbiter D Helm,
14519,Elysi D Helm,
14520,Fine D Head,
14521,Kotona D Head,
14522,Finis D Head,
14523,Firl D Head,
14524,Ryoso Cap D,
14525,Gems D Head,
14526,Alisha D Head,
14527,Ricca D Helm,
14528,Kelis D Helm,
14529,Myunru D Helm,
14530,Seiryu・Kensei D Helm,
14531,Seiryu・双龍D Helm,
14532,Seiryu・剣王D Helm,
14533,Seiryu・刀神D Helm,
14534,Seiryu・Heaven 槍D Helm,
14535,Seiryu・砲皇D Helm,
14536,Seiryu・鈍器獣D Helm,
14537,Seiryu・奏帝D Helm,
14538,Seiryu・穿凰D Helm,
14539,Seiryu・斬将D Helm,
14540,Seiryu・銃傑D Mask,
14541,Seiryu・銃仙D Mask,
14542,Seiryu・Bow 鬼D Mask,
14543,Seiryu・磁星D Helm,
14544,K.Lobster Helm PD Black,
14545,K.Lobster Helm PD Green,
14546,K.Lobster Helm PD Blue,
14547,K.Lobster Hat PD Black,
14548,K.Lobster Hat PD Green,
14549,K.Lobster Hat PD Blue,
14550,Hypnoc Helm PD Green,
14551,Hypnoc Helm PD Red,
14552,Hypnoc Helm PD Yellow,
14553,Beru Helm PD Black,
14554,Beru Helm PD Red,
14555,Beru Helm PD Purple,
14556,Beru Cap PD Black,
14557,Beru Cap PD Red,
14558,Beru Cap PD Purple,
14559,Black Belt Helm PD White,
14560,Black Belt Helm PD Black,
14561,Black Belt Helm PD Blue,
14562,Apkallu Helm PD White,
14563,Apkallu Helm PD Green,
14564,Apkallu Helm PD Yellow,
14565,Ruko Head PD White,
14566,Ruko Head PD Blue,
14567,Ruko Head PD Red,
14568,Ruko Face PD White,
14569,Ruko Face PD Blue,
14570,Ruko Face PD Red,
14571,Comrada Helm PD White Red,
14572,Comrada Helm PD White Blue,
14573,Comrada Helm PD White Yellow,
14574,Otono D Head,
14575,Shinobi Mask・Sky D,
14576,Shinobi Mask・Sea D,
14577,Shadow Mask・D,
14578,Shade Mask・D,
14579,Hope D Helm,
14580,Bogabado D Festa,
14581,Yamatsukami D Festa,
14582,Kut-Ku D Festa,
14583,Teo D Festa,
14584,Hermitaur D Festa,
14585,Baruragaru D Festa,
14586,Rajang D Festa,
14587,Auntie D Festa,
14588,唄収集家D Festa,
14589,Dandy D Festa,
14590,G Felyne D Festa,
14591,G Poogie D Festa,
14592,G Goocoo D Festa,
14593,G Khezu D Festa,
