index,source,target
0,Nothing Equipped,
1,Green Jersey,
2,Blue Jersey,
3,Hunter's Greaves,
4,Hunter's Leggings,
5,Bone Greaves,
6,Bone Leggings,
7,Veloci Greaves,
8,Veloci Leggings,
9,Battle Greaves,
10,Battle Leggings,
11,Silver Metal Boots,
12,Vespoid Greaves,
13,Vespoid Leggings,
14,Hornetaur Greaves,
15,Hornetaur Leggings,
16,High Metal Greaves,
17,High Metal Leggings,
18,Dark Metal Boots,
19,Gen Greaves,
20,Gen Leggings,
21,Pink Metal Boots,
22,Chrome Metal Boots,
23,Io Greaves,
24,Io Leggings,
25,Gypceros Greaves,
26,Gypceros Leggings,
27,Cepha Greaves,
28,Cepha Leggings,
29,Rathian Greaves,
30,Rathian Leggings,
31,Khezu Greaves,
32,Khezu Leggings,
33,Rathalos Greaves,
34,Rathalos Leggings,
35,Plesioth Greaves,
36,Plesioth Leggings,
37,Basarios Greaves,
38,Basarios Leggings,
39,Diablos Greaves,
40,Diablos Leggings,
41,Monoblos Greaves,
42,Monoblos Leggings,
43,Gravios Greaves,
44,Gravios Leggings,
45,Black Belt Greaves,
46,Mosswine Feet,
47,Veloci ーツ Feet,
48,Gen ーツ Feet,
49,Io ーツ Feet,
50,忍の Tabi・陽,
51,忍の Tabi・陰,
52,Guardian Boots,
53,Guardian Feet,
54,Helper Socks,
55,Healer Socks,
56,Garuga Greaves,
57,Garuga Leggings,
58,暁丸【Greaves】,
59,曙丸【Greaves】,
60,凛【 Hakama 】,
61,艶【 Hakama 】,
62,Crimson 凛【 Hakama 】,
63,Crimson 艶【 Hakama 】,
64,Dragon Feet,
65,Dragon Legs,
66,クリーム Jersey,
67,コーヒー Jersey,
68,Hunter's U Greaves,
69,Hunter's U Leggings,
70,Bone U Greaves,
71,Bone U Leggings,
72,Gia Greaves,
73,Gia Leggings,
74,Battle U Greaves,
75,Battle U Leggings,
76,Vespoid U Greaves,
77,Vespoid U Leggings,
78,Hornetaur U Greaves,
79,Hornetaur U Leggings,
80,High Metal U Greaves,
81,High Metal U Leggings,
82,Gen U Greaves,
83,Gen U Leggings,
84,Io U Greaves,
85,Io U Leggings,
86,Gypceros U Greaves,
87,Gypceros U Leggings,
88,Cepha U Greaves,
89,Cepha U Leggings,
90,Rath Heart Greaves,
91,Rath Heart Leggings,
92,Khezu U Greaves,
93,Khezu U Leggings,
94,Rath Soul Greaves,
95,Rath Soul Leggings,
96,Plesioth U Greaves,
97,Plesioth U Leggings,
98,Basarios U Greaves,
99,Basarios U Leggings,
100,Diablos U Greaves,
101,Diablos U Leggings,
102,Monodevil Greaves,
103,Monodevil Leggings,
104,Gravios U Greaves,
105,Gravios U Leggings,
106,忍の Tabi・空,
107,忍の Tabi・海,
108,Guardian U Boots,
109,Guardian U Feet,
110,Helper U Socks,
111,Healer U Socks,
112,暁丸・皇【Greaves】,
113,曙丸・皇【Greaves】,
114,凛・皇【 Hakama 】,
115,艶・皇【 Hakama 】,
116,ミラ Vulcan Feet,
117,ミラ Vulcan Legs,
118,ゴールド Lune Greaves,
119,ゴールド Lune Leggings,
120,Silver Sol Greaves,
121,Silver Sol Leggings,
122,Green S Jersey,
123,Blue S Jersey,
124,Hunter's S Greaves,
125,Hunter's S Leggings,
126,Bone S Greaves,
127,Bone S Leggings,
128,Veloci S Greaves,
129,Veloci S Leggings,
130,Battle S Greaves,
131,Battle S Leggings,
132,Vespoid S Greaves,
133,Vespoid S Leggings,
134,Hornetaur S Greaves,
135,Hornetaur S Leggings,
136,High Metal S Greaves,
137,High Metal S Leggings,
138,Gen S Greaves,
139,Gen S Leggings,
140,Kut-Ku S Greaves,
141,Kut-Ku S Leggings,
142,Io S Greaves,
143,Io S Leggings,
144,Gypceros S Greaves,
145,Gypceros S Leggings,
146,Cepha S Greaves,
147,Cepha S Leggings,
148,Rathian S Greaves,
149,Rathian S Leggings,
150,Khezu S Greaves,
151,Khezu S Leggings,
152,Rathalos S Greaves,
153,Rathalos S Leggings,
154,Plesioth S Greaves,
155,Plesioth S Leggings,
156,Basarios S Greaves,
157,Basarios S Leggings,
158,Diablos S Greaves,
159,Diablos S Leggings,
160,Monoblos S Greaves,
161,Monoblos S Leggings,
162,Gravios S Greaves,
163,Gravios S Leggings,
164,忍の Tabi・Heaven,
165,忍の Tabi・Earth,
166,Guild Guard Boots Crimson,
167,Guild Guard タイツ Crimson,
168,Guild Guard Boots Crimson,
169,Guild Guard タイツ Crimson,
170,暁丸・覇【具足】,
171,曙丸・覇【具足】,
172,凛・覇【 Hakama 】,
173,艶・覇【 Hakama 】,
174,Dragon S Feet,
175,Dragon S Legs,
176,Hermitaur Greaves,
177,Hermitaur Leggings,
178,Hermitaur U Greaves,
179,Hermitaur U Leggings,
180,Hermitaur S Greaves,
181,Hermitaur S Leggings,
182,Conga Greaves,
183,Conga Leggings,
184,Conga U Greaves,
185,Conga U Leggings,
186,Conga S Greaves,
187,Conga S Leggings,
188,Blango Greaves,
189,Blango Leggings,
190,Blango U Greaves,
191,Blango U Leggings,
192,Blango S Greaves,
193,Blango S Leggings,
194,Ceanataur Greaves,
195,Ceanataur Leggings,
196,Ceanataur U Greaves,
197,Ceanataur U Leggings,
198,Ceanataur S Greaves,
199,Ceanataur S Leggings,
200,Kirin レガース,
201,Kirin Boots,
202,Kirin Sレガース,
203,Kirin S Boots,
204,Kushala ペイル,
205,Kushala ハディ,
206,Mizuha 【具足】,
207,Toyotama 【具足】,
208,Empress Greaves,
209,Empress Leggings,
210,Gold 剛【具足】,
211,不動【具足】,
212,Kaiser Greaves,
213,Kaiser Leggings,
214,夜叉【御足】,
215,修羅【御足】,
216,Golden Hakama,
217,Puppeteer ノ Tabi,
218,White Fatalis Feet,
219,White Fatalis Leggings,
220,Black Belt S Greaves,
221,Gia ーツ Feet,
222,Remobra ーツ Feet,
223,Guild Knight Boots,
224,Guild Knight タイツ,
225,Maid ストッキング,
226,Private タイツ,
227,Guild Guard Boots Green,
228,Guild Guard タイツ Green,
229,Guild Guard Boots Green,
230,Guild Guard タイツ Green,
231,K・ロブスタ Greaves,
232,K・ロブスタ Leggings,
233,F Boots 00,
234,F Boots 01,
235,ブレイド Metal Boots,
236,Kut-Ku Greaves,
237,Kut-Ku Leggings,
238,Kut-Ku U Greaves,
239,Kut-Ku U Leggings,
240,Hypnoc Greaves,
241,Hypnoc Leggings,
242,Hypnoc U Greaves,
243,Hypnoc U Leggings,
244,Lavasioth Greaves,
245,Lavasioth Leggings,
246,Lavasioth S Greaves,
247,Lavasioth S Leggings,
248,Gia U Greaves,
249,Gia U Leggings,
250,White Cat Boots,
251,Black Cat Boots,
252,Gold Cat Boots,
253,Gothic Greaves,
254,Gothic F Greaves,
255,Beil Divider,
256,Comrade Boots 【猩】,
257,Jisutoreru Leg,
258,Duo Greaves,
259,Smart Leg,
260,Strength Leg,
261,Boot Up Leg,
262,Yuenesu Leg,
263,Missing No.,
264,Missing No.,
265,Aerial Leg,
266,ジスト Leg,
267,Missing No.,
268,Extra Leg,
269,ウナペルト Leg,
270,Kyuura Leg,
271,Missing No.,
272,Missing No.,
273,Tigrex Greaves,
274,Tigrex Leggings,
275,Tigrex S Greaves,
276,Tigrex S Leggings,
277,Butterfly Crura,
278,Butterfly フェムル,
279,Butterfly S Crura,
280,Butterfly Sフェムル,
281,Akantor ケマル,
282,Akantor チケル,
283,ウナペルトF Leg,
284,Red Cat F Boots,
285,Melahoa Roots,
286,Melahoa U Roots,
287,Makluva Pants,
288,Makluva U Pants,
289,King Beetle Crura,
290,King Beetle フェムル,
291,King Beetle S Crura,
292,King Beetle Sフェムル,
293,Death Stench Heel,
294,Death Stench March,
295,Death Stench S Heel,
296,Death Stench S March,
297,Mafumofu Boots,
298,Mafumofu S Boots,
299,Kushala Fペイル,
300,Kushala Fハディ,
301,Kaiser F Greaves,
302,Kaiser F Leggings,
303,Mizuha 魁【具足】,
304,Toyotama 魁【具足】,
305,Gold 剛・魁【具足】,
306,不動・魁【具足】,
307,夜叉・魁【御足】,
308,修羅・魁【御足】,
309,Empress F Greaves,
310,Empress F Leggings,
311,Golden Hakama・魁,
312,Puppeteer ノ Tabi・魁,
313,Garuga F Greaves,
314,Garuga F Leggings,
315,Kushala Fペイル,
316,Kushala Fハディ,
317,Kaiser F Greaves,
318,Kaiser F Leggings,
319,Mizuha 魁【具足】,
320,Toyotama 魁【具足】,
321,Gold 剛・魁【具足】,
322,不動・魁【具足】,
323,夜叉・魁【御足】,
324,修羅・魁【御足】,
325,Empress F Greaves,
326,Empress F Leggings,
327,Golden Hakama・魁,
328,Puppeteer ノ Tabi・魁,
329,Garuga F Greaves,
330,Garuga F Leggings,
331,Lavasioth U Greaves,
332,Lavasioth U Leggings,
333,White Metal Boots,
334,Celeste Greaves,
335,Ciel Divider,
336,Comrada Boots 【 Red 】,
337,Comrada Boots 【 Blue 】,
338,Comrada Boots 【 Green 】,
339,Comrada Boots 【 Orange 】,
340,ダミー,
341,ダミー,
342,Espinas Heel,
343,Espinas March,
344,Espinas F Heel,
345,Espinas F March,
346,Azul Greaves,
347,Azul Leggings,
348,Amezari Greaves,
349,Amezari Leggings,
350,Promise Boots 【 White 】,
351,Promise Boots 【 Blue 】,
352,Promise Boots 【 Purple 】,
353,Promise Boots 【 Yellow 】,
354,Bliss Boots 【 White 】,
355,Bliss Boots 【 Blue 】,
356,Bliss Boots 【 Purple 】,
357,Bliss Boots 【 Yellow 】,
358,Bliss F Boots 【 White 】,
359,Bliss F Boots 【 Blue 】,
360,Bliss F Boots 【 Purple 】,
361,Bliss F Boots 【 Yellow 】,
362,Lodge Wear Leg,
363,Battle Leggings SP Blue,
364,Battle Leggings SP Yellow,
365,Battle Leggings SP Purple,
366,Rathian Greaves SP Blue,
367,Rathian Greaves SP Red,
368,Rathian Greaves SP Black,
369,Khezu Feet SP Blue,
370,Khezu Feet SP Green,
371,Khezu Feet SP Black,
372,Espinas Greaves SP Red,
373,Espinas Greaves SP Blue,
374,Espinas Greaves SP Yellow,
375,Espinas Leggings SP Red,
376,Espinas Leggings SP Blue,
377,Espinas Leggings SP Yellow,
378,Noir Greaves,
379,Guardi Boots SP White,
380,Guardi Boots SP Black,
381,Guardi Boots SP Purple,
382,Healer Socks SP Blue,
383,Healer Socks SP White,
384,Healer Socks SP Yellow,
385,Mafumofu Boots SP Red,
386,Mafumofu Boots SP Yellow,
387,Mafumofu Boots SP Purple,
388,Basarios Leggings SP Red,
389,Basarios Leggings SP Black,
390,Basarios Leggings SP Yellow,
391,Apkallu Greaves,
392,Apkallu Leggings,
393,Gospel Greaves,
394,Gospel Leggings,
395,Espinas U Heel,
396,Espinas U March,
397,Blango Greaves SP Yellow,
398,Blango Greaves SP Blue,
399,Blango Greaves SP Black,
400,Golden Hakama SP White,
401,Golden Hakama SP Purple,
402,Golden Hakama SP Green,
403,Gravios Leggings SP Green,
404,Gravios Leggings SP Purple,
405,Gravios Leggings SP Red,
406,Vashimu Greaves,
407,Vashimu Greaves Yellow,
408,Vashimu Greaves Green,
409,Vashimu Greaves Crimson,
410,Vashimu Leggings,
411,Vashimu Leggings Yellow,
412,Vashimu Leggings Green,
413,Vashimu Leggings Crimson,
414,Vashimu F Greaves,
415,Vashimu F Greaves Yellow,
416,Vashimu F Greaves Green,
417,Vashimu F Greaves Crimson,
418,Vashimu F Leggings,
419,Vashimu F Leggings Yellow,
420,Vashimu F Leggings Green,
421,Vashimu F Leggings Crimson,
422,Eques Greaves,
423,Eques Leggings,
424,Eques Greaves 改,
425,Eques Leggings 改,
426,Eques F Greaves,
427,Eques F Leggings,
428,Star Festival の Tabi・Summer 【 Red 】,
429,Star Festival の Tabi・Summer 【 Blue 】,
430,Star Festival の Tabi・Summer 【 Black 】,
431,Star Festival の Tabi・Summer 【 White 】,
432,Tanabata の Tabi・Summer 【 Red 】,
433,Tanabata の Tabi・Summer 【 Blue 】,
434,Tanabata の Tabi・Summer 【 Black 】,
435,Tanabata の Tabi・Summer 【 White 】,
436,Star Festival の Tabi・織【 Red 】,
437,Star Festival の Tabi・織【 Blue 】,
438,Star Festival の Tabi・織【 Black 】,
439,Star Festival の Tabi・織【 White 】,
440,Tanabata の Tabi・織【 Red 】,
441,Tanabata の Tabi・織【 Blue 】,
442,Tanabata の Tabi・織【 Black 】,
443,Tanabata の Tabi・織【 White 】,
444,Star Festival の Tabi・Heaven 【 Red 】,
445,Star Festival の Tabi・Heaven 【 Blue 】,
446,Star Festival の Tabi・Heaven 【 Black 】,
447,Star Festival の Tabi・Heaven 【 White 】,
448,Tanabata の Tabi・Heaven 【 Red 】,
449,Tanabata の Tabi・Heaven 【 Blue 】,
450,Tanabata の Tabi・Heaven 【 Black 】,
451,Tanabata の Tabi・Heaven 【 White 】,
452,High Metal Greaves SP Black,
453,High Metal Greaves SP Blue,
454,High Metal Greaves SP Yellow,
455,S・Sol Greaves SP Red,
456,S・Sol Greaves SP Purple,
457,S・Sol Greaves SP Black,
458,Garuga Leggings SP White,
459,Garuga Leggings SP Green,
460,Garuga Leggings SP Red,
461,Rookie Boots 【 White 】,
462,Rookie Boots 【 Red 】,
463,Rookie Boots 【 Green 】,
464,Hypnoc S Greaves,
465,Hypnoc S Leggings,
466,Purogia Boots,
467,Oracion Boots,
468,Requiem Boots,
469,Vashimu U Greaves,
470,Vashimu U Greaves Yellow,
471,Vashimu U Greaves Green,
472,Vashimu U Greaves Crimson,
473,Vashimu U Leggings,
474,Vashimu U Leggings Yellow,
475,Vashimu U Leggings Green,
476,Vashimu U Leggings Crimson,
477,Melan Greaves,
478,Melan Leggings,
479,Rouge Greaves,
480,Magisa Feet・Red,
481,Magisa Feet・Black,
482,Magisa Feet・Green,
483,Magisa Feet・White,
484,Magisa Feet・Blue,
485,Wizard Boots・Red,
486,Wizard Boots・Black,
487,Wizard Boots・Green,
488,Wizard Boots・White,
489,Wizard Boots・Blue,
490,Magisa F Feet・Red,
491,Magisa F Feet・Black,
492,Magisa F Feet・Green,
493,Magisa F Feet・White,
494,Magisa F Feet・Blue,
495,Wizard F Boots・Red,
496,Wizard F Boots・Black,
497,Wizard F Boots・Green,
498,Wizard F Boots・White,
499,Wizard F Boots・Blue,
500,Crowley Feet・Red,
501,Crowley Feet・Black,
502,Crowley Feet・Green,
503,Crowley Feet・White,
504,Crowley Feet・Blue,
505,Faust Boots・Red,
506,Faust Boots・Black,
507,Faust Boots・Green,
508,Faust Boots・White,
509,Faust Boots・Blue,
510,Kushala ペイル SP Red,
511,Kushala ペイル SP Yellow,
512,Kushala ペイル SP Green,
513,Kushala ハディ SP Red,
514,Kushala ハディ SP Yellow,
515,Kushala ハディ SP Green,
516,Kirin レガース SP Red,
517,Kirin レガース SP Purple,
518,Kirin レガース SP Black,
519,Kirin Boots SP Red,
520,Kirin Boots SP Purple,
521,Kirin Boots SP Black,
522,Strega Greaves,
523,Strega Leggings,
524,Strega Greaves 改,
525,Strega Leggings 改,
526,Strega F Greaves,
527,Strega F Leggings,
528,Khezu L Greaves,
529,Cepha L Greaves,
530,Ceanataur L Greaves,
531,Rathalos L Greaves,
532,Mafumofu L Boots,
533,Red Cat Boots,
534,Amitie Feet,
535,Amitie Boots,
536,Basarios L Leggings,
537,Gypceros L Leggings,
538,Guardian R Boots,
539,Healer R Socks,
540,Hunter's R Greaves,
541,Rath Heart R Greaves,
542,Hermitaur R Greaves,
543,Amitie F Feet,
544,Amitie F Boots,
545,Kyuura F Leg,
546,Guardian R Crura,
547,Healer R Boots,
548,Quad Greaves C,
549,Quad Greaves,
550,Beru Greaves,
551,Beru Leggings,
552,Beru F Greaves,
553,Beru F Leggings,
554,Lien Feet・Blue,
555,Lien Boot・Blue,
556,Lien Feet・Red,
557,Lien Boot・Red,
558,Lien Feet・Black,
559,Lien Boot・Black,
560,Lien Feet・White,
561,Lien Boot・White,
562,Lien F Feet・Blue,
563,Lien F Boots・Blue,
564,Lien F Feet・Red,
565,Lien F Boots・Red,
566,Lien F Feet・Black,
567,Lien F Boots・Black,
568,Lien F Feet・White,
569,Lien F Boots・White,
570,Kaiser Greaves SP White,
571,Kaiser Greaves SP Black,
572,Kaiser Greaves SP Green,
573,Kaiser Leggings SP White,
574,Kaiser Leggings SP Black,
575,Kaiser Leggings SP Green,
576,Hermitaur Greaves SP Blue,
577,Hermitaur Greaves SP White,
578,Hermitaur Greaves SP Purple,
579,Kut-Ku L Greaves,
580,Gypceros L Greaves,
581,Io L Greaves,
582,Rathian L Greaves,
583,Basarios L Greaves,
584,Rathalos L Leggings,
585,Monoblos L Leggings,
586,Melahoa R Roots,
587,High Metal R Greaves,
588,Diablos R Greaves,
589,Blango R Greaves,
590,Lavasioth R Greaves,
591,Gia R Leggings,
592,Battle R Leggings,
593,Hypnoc ルータ Leg,
594,Hypnoc ルータ Boots,
595,Garuda Leg,
596,Garuda Boots,
597,Extra F Leg,
598,Butterfly L Crura,
599,Hypnoc R Greaves,
600,ディジ Gear Boots,
601,Priere Boots,
602,Salvacion Boots,
603,Shikari Greaves,
604,Shikari Greaves・魁,
605,G・Guard R Boots Green,
606,Arma Feet・Black,
607,Arma Boots・Black,
608,Arma Feet・White,
609,Arma Boots・White,
610,Arma Feet・Blue,
611,Arma Boots・Blue,
612,Arma Feet・Tea,
613,Arma Boots・Tea,
614,Orden Feet,
615,Orden Boots,
616,Arma F Feet・Black,
617,Arma F Boots・Black,
618,Arma F Feet・White,
619,Arma F Boots・White,
620,Arma F Feet・Blue,
621,Arma F Boots・Blue,
622,Arma F Feet・Tea,
623,Arma F Boots・Tea,
624,Orden F Feet,
625,Orden F Boots,
626,Es Quera Leg,
627,Es Quera Boots,
628,Pandeum Leg,
629,Pandeum Boots,
630,Comrade Boots SP White,
631,Comrade Boots SP Blue,
632,Comrade Boots SP Black,
633,White Cat F Boots,
634,Death Stench L Heel,
635,Black Belt L Greaves,
636,Battle L Greaves,
637,Tigrex L Greaves,
638,Khezu R Greaves,
639,Rath Soul R Greaves,
640,Gia R Greaves,
641,G・Guard R Boots Green,
642,Khezu L Leggings,
643,Io R Leggings,
644,Comrade Boots SP Yellow,
645,Purokusu Greaves,
646,Purokusu F Greaves,
647,Kurenesu Greaves,
648,Kurenesu F Greaves,
649,Suini Greaves,
650,Suini F Greaves,
651,Guraasu Boots,
652,Guraasu F Boots,
653,Forutu Greaves,
654,Forutu F Greaves,
655,Fakiru Greaves,
656,Fakiru F Greaves,
657,Baraban Greaves,
658,Baraban F Greaves,
659,Sufera Boots,
660,Sufera F Boots,
661,Paria Greaves,
662,Paria F Greaves,
663,Paria Leggings,
664,Paria F Leggings,
665,Hypnolia Leg,
666,Hypnolia Boots,
667,Feral Leg,
668,Feral Boots,
669,Demon Lord ノ足枷,
670,Rasta 教官 Foot,
671,童子ノ足枷,
672,Dummy,
673,Ex Feet・White,
674,Ex F Feet・White,
675,Ex Boots・White,
676,Ex F Boots・White,
677,Ex Feet・Red,
678,Ex F Feet・Red,
679,Ex Boots・Red,
680,Ex F Boots・Red,
681,Ex Feet・Blue,
682,Ex F Feet・Blue,
683,Ex Boots・Blue,
684,Ex F Boots・Blue,
685,Ex Feet・Black,
686,Ex F Feet・Black,
687,Ex Boots・Black,
688,Ex F Boots・Black,
689,Trance Feet,
690,Trance F Feet,
691,Trance Boots,
692,Trance F Boots,
693,Mizuha 【具足】 SP Blue,
694,Mizuha 【具足】 SP Red,
695,Mizuha 【具足】 SP Yellow,
696,Toyotama 【具足】 SP Blue,
697,Toyotama 【具足】 SP Red,
698,Toyotama 【具足】 SP Yellow,
699,暁丸【具足】 SP Red,
700,暁丸【具足】 SP Purple,
701,暁丸【具足】 SP White,
702,凛【 Hakama 】 SP Black,
703,凛【 Hakama 】 SP Purple,
704,凛【 Hakama 】 SP White,
705,Hunter's L Greaves,
706,Kirin Lレガース,
707,Monoblos L Greaves,
708,Diablos L Greaves,
709,Gravios L Greaves,
710,Vespoid L Greaves,
711,Basarios R Greaves,
712,G・Guard Rタイツ Green,
713,G・Guard Rタイツ Green,
714,Monodevil R Greaves,
715,Hornetaur R Greaves,
716,Ceanataur R Greaves,
717,Blango L Leggings,
718,Plesioth L Leggings,
719,Khezu R Leggings,
720,Gravios R Leggings,
721,Weiss Heel,
722,Weiss March,
723,Espinas R Heel,
724,Tigrex L Leggings,
725,Guns Leg,
726,Wild Leg,
727,Guns Boots,
728,Wild Boots,
729,Ecole Leg,
730,Dian Leg,
731,Ecole Boots,
732,Dian Boots,
733,Core Greaves C,
734,Core Leggings C,
735,Core Greaves,
736,Core Leggings,
737,Aneshisu Greaves,
738,Aneshisu Leggings,
739,Kuraaji Greaves,
740,Kuraaji Greaves 改,
741,Kuraaji F Greaves,
742,Kuraaji Leggings,
743,Kuraaji Leggings 改,
744,Kuraaji F Leggings,
745,Kinosu Greaves,
746,Himeros Greaves,
747,Bureshisu Greaves,
748,Charien Leggings,
749,Arietta Leg,
750,Tempest Leg,
751,Vento Boots,
752,Mistral Boots,
753,Arc Greaves,
754,Arc Leggings,
755,Rath Duo Greaves,
756,Rath Duo Leggings,
757,Shaln Feet・Blue,
758,Shaln F Feet・Blue,
759,Shaln Boots・Blue,
760,Shaln F Boots・Blue,
761,Shaln Feet・Green,
762,Shaln F Feet・Green,
763,Shaln Boots・Green,
764,Shaln F Boots・Green,
765,Shaln Feet・Purple,
766,Shaln F Feet・Purple,
767,Shaln Boots・Purple,
768,Shaln F Boots・Purple,
769,Shaln Feet・White,
770,Shaln F Feet・White,
771,Shaln Boots・White,
772,Shaln F Boots・White,
773,ルクス Feet,
774,ルクスF Feet,
775,ルクス Boots,
776,ルクスF Boots,
777,Real Feet・White,
778,Real F Feet・White,
779,Real Boots・White,
780,Real F Boots・White,
781,Real Feet・Gold,
782,Real F Feet・Gold,
783,Real Boots・Gold,
784,Real F Boots・Gold,
785,Real Feet・Blue,
786,Real F Feet・Blue,
787,Real Boots・Blue,
788,Real F Boots・Blue,
789,Real Feet・Red,
790,Real F Feet・Red,
791,Real Boots・Red,
792,Real F Boots・Red,
793,Regis Feet,
794,Regis F Feet,
795,Regis Boots,
796,Regis F Boots,
797,Comrade Boots 【葉】,
798,Comrade Boots 【柑】,
799,Comrade Boots 【冷】,
800,Ceanataur Leggings SP Red,
801,Ceanataur Leggings SP Black,
802,Ceanataur Leggings SP Yellow,
803,Remobra Feet SP White,
804,Remobra Feet SP Yellow,
805,Remobra Feet SP Black,
806,G・Knight タイツ SP Red,
807,G・Knight タイツ SP Blue,
808,G・Knight タイツ SP Purple,
809,PVタイツ SP Red,
810,PVタイツ SP Blue,
811,PVタイツ SP Purple,
812,Hermitaur L Greaves,
813,High Metal L Greaves,
814,Lavasioth L Greaves,
815,Bone L Greaves,
816,Hornetaur L Greaves,
817,G・Guard R Boots Crimson,
818,G・Guard R Boots Crimson,
819,Helper R Socks,
820,Battle R Greaves,
821,Cepha R Greaves,
822,Bone R Greaves,
823,Io L Leggings,
824,Ceanataur L Leggings,
825,Rath Heart R Leggings,
826,Bone R Leggings,
827,Buran Greaves,
828,White Belt Greaves,
829,Kagura 【 Hakama 】,
830,Kagura・覇【 Hakama 】,
831,Kamiza 【 Hakama 】,
832,Kamiza・覇【 Hakama 】,
833,アスハルテ Feet,
834,アスハルテ Boots,
835,ローク Greaves,
836,ローク Leggings,
837,Soldato Feet,
838,Gable Feet,
839,Soldato Boots,
840,Gable Boots,
841,Uida Feet,
842,スティーダ Feet,
843,Uida Boots,
844,スティーダ Boots,
845,Agria Leg,
846,Flower Leg,
847,Agria Boots,
848,Flower Boots,
849,Fauve Leg,
850,Fias Leg,
851,Fauve Boots,
852,Fias Boots,
853,フィデル Greaves,
854,フィデルF Greaves,
855,ファクト Greaves,
856,ファクトF Greaves,
857,シュロス Greaves,
858,シュロスF Greaves,
859,アエトス Boots,
860,アエトスF Boots,
861,ヴェルス Greaves,
862,ヴェルスF Greaves,
863,フラント Greaves,
864,フラントF Greaves,
865,Serieux Greaves,
866,Serieux F Greaves,
867,ウェネス Boots,
868,ウェネスF Boots,
869,Ferme Feet・Black,
870,Ferme F Feet・Black,
871,Ferme Boots・Black,
872,Ferme F Boots・Black,
873,Ferme Feet・Red,
874,Ferme F Feet・Red,
875,Ferme Boots・Red,
876,Ferme F Boots・Red,
877,Ferme Feet・White,
878,Ferme F Feet・White,
879,Ferme Boots・White,
880,Ferme F Boots・White,
881,Ferme Feet・Blue,
882,Ferme F Feet・Blue,
883,Ferme Boots・Blue,
884,Ferme F Boots・Blue,
885,リエーザ Feet,
886,リエーザF Feet,
887,リエーザ Boots,
888,リエーザF Boots,
889,Claire Feet・Purple,
890,Claire F Feet・Purple,
891,Claire Boots・Purple,
892,Claire F Boots・Purple,
893,Claire Feet・Water,
894,Claire F Feet・Water,
895,Claire Boots・Water,
896,Claire F Boots・Water,
897,Claire Feet・Red,
898,Claire F Feet・Red,
899,Claire Boots・Red,
900,Claire F Boots・Red,
901,Claire Feet・Black,
902,Claire F Feet・Black,
903,Claire Boots・Black,
904,Claire F Boots・Black,
905,Desert Feet,
906,Desert F Feet,
907,Desert Boots,
908,Desert F Boots,
909,Empress Feet SP Red,
910,Empress Feet SP Yellow,
911,Empress Feet SP Purple,
912,Empress Boots SP Red,
913,Empress Boots SP Yellow,
914,Empress Boots SP Purple,
915,Vespoid Greaves SP Yellow,
916,Vespoid Greaves SP Black,
917,Vespoid Greaves SP Blue,
918,Comrade L Boots・Red,
919,Comrade L Boots・Blue,
920,Comrade L Boots・Green,
921,Comrade L Boots・Orange,
922,Comrade R Boots・Red,
923,Comrade R Boots・Blue,
924,Comrade R Boots・Green,
925,Comrade R Boots・Orange,
926,Battle L Leggings,
927,Gravios L Leggings,
928,Hunter's R Leggings,
929,Vespoid R Leggings,
930,ヴィリヴラ Feet,
931,Angriff Feet,
932,ヴィリヴラ Boots,
933,Angriff Boots,
934,Schutz Feet,
935,Hilfe Feet,
936,Schutz Boots,
937,Hilfe Boots,
938,Makluva R Pants,
939,Raviente Greaves,
940,Raviente F Greaves,
941,Raviente FX Greaves,
942,Raviente Leggings,
943,Raviente F Leggings,
944,Raviente FX Leggings,
945,アナキ Greaves,
946,アナキ Boots,
947,Harvest Boots,
948,Harvest Leggings,
949,Craft Boots,
950,Craft F Boots,
951,Craft Leggings,
952,Craft F Leggings,
953,Ledia Boots,
954,Ledia F Boots,
955,Ledia Leggings,
956,Ledia F Leggings,
957,ティーア Leg,
958,Viruto Leg,
959,ティーア Boots,
960,Viruto Boots,
961,Muse Leg,
962,Tune Leg,
963,ゼーレ Boots,
964,Schnite Boots,
965,アセルス Feet,
966,アセルスF Feet,
967,スクラ Feet,
968,スクラF Feet,
969,ファルム Feet,
970,ファルムF Feet,
971,Diesel Boots,
972,Diesel F Boots,
973,スディブ Feet,
974,スディブF Feet,
975,フィブラ Feet,
976,フィブラF Feet,
977,リガス Feet,
978,リガスF Feet,
979,ミーツェ Boots,
980,ミーツェF Boots,
981,Melety Feet・White,
982,Melety F Feet・White,
983,Melety Boots・White,
984,Melety F Boots・White,
985,Melety Feet・Red,
986,Melety F Feet・Red,
987,Melety Boots・Red,
988,Melety F Boots・Red,
989,Melety Feet・Blue,
990,Melety F Feet・Blue,
991,Melety Boots・Blue,
992,Melety F Boots・Blue,
993,Melety Feet・Black,
994,Melety F Feet・Black,
995,Melety Boots・Black,
996,Melety F Boots・Black,
997,ゲレール Feet,
998,ゲレールF Feet,
999,レーラー Feet,
1000,レーラーF Feet,
1001,フェサー Feet,
1002,フェサーF Feet,
1003,シアンス Boots,
1004,シアンスF Boots,
1005,Gold Feet・Red,
1006,Gold F Feet・Red,
1007,Gold Boots・Red,
1008,Gold F Boots・Red,
1009,Gold Feet・Blue,
1010,Gold F Feet・Blue,
1011,Gold Boots・Blue,
1012,Gold F Boots・Blue,
1013,Gold Feet・Yellow,
1014,Gold F Feet・Yellow,
1015,Gold Boots・Yellow,
1016,Gold F Boots・Yellow,
1017,Gold Feet・Purple,
1018,Gold F Feet・Purple,
1019,Gold Boots・Purple,
1020,Gold F Boots・Purple,
1021,シデロ Feet,
1022,シデロF Feet,
1023,オール Feet,
1024,オールF Feet,
1025,メタロ Feet,
1026,メタロF Feet,
1027,アルジャ Boots,
1028,アルジャF Boots,
1029,Espinas FX Heel,
1030,Espinas FX March,
1031,,
1032,エクスト Greaves,
1033,エクスト Greaves C,
1034,エクスト Leggings,
1035,エクスト Leggings C,
1036,Death Stench Heel SP White,
1037,Death Stench Heel SP Red,
1038,Death Stench Heel SP Blue,
1039,Diablos Feet SP Purple,
1040,Diablos Feet SP Blue,
1041,Diablos Feet SP Yellow,
1042,Makluva Pants SP Green,
1043,Makluva Pants SP Blue,
1044,Makluva Pants SP Black,
1045,Dragon L Legs,
1046,Kirin L Boots,
1047,Hermitaur L Leggings,
1048,Bone L Leggings,
1049,Vespoid L Leggings,
1050,Diablos L Leggings,
1051,G・Guard Rタイツ Crimson,
1052,G・Guard Rタイツ Crimson,
1053,Hornetaur R Leggings,
1054,High Metal R Leggings,
1055,Rath Soul R Leggings,
1056,Blango L Greaves,
1057,Plesioth L Greaves,
1058,Gravios R Greaves,
1059,Io R Greaves,
1060,Inari [Greaves 】,
1061,Inari 覇 [Greaves 】,
1062,Tamamo [Greaves 】,
1063,Tamamo 覇 [Greaves 】,
1064,コカロ Greaves,
1065,コカロ Leggings,
1066,Shieri Greaves,
1067,Shieri F Greaves,
1068,Shieri Leggings,
1069,Shieri F Leggings,
1070,Harubadaa Greaves,
1071,Harubadaa F Greaves,
1072,Tracker Leggings,
1073,Tracker F Leggings,
1074,Zaakaa Greaves,
1075,Zaakaa F Greaves,
1076,Chaser Leggings,
1077,Chaser F Leggings,
1078,Royal Greaves,
1079,Royal F Greaves,
1080,Lord Leggings,
1081,Lord F Leggings,
1082,Dicto Leg,
1083,Dicto F Leg,
1084,Diletto Boots,
1085,Diletto F Boots,
1086,Kruss Leg,
1087,Kruss F Leg,
1088,Quote Boots,
1089,Quote F Boots,
1090,ウルバヌ Feet,
1091,ウルバヌF Feet,
1092,マグヌス Feet,
1093,マグヌスF Feet,
1094,ソレルス Feet,
1095,ソレルスF Feet,
1096,パルフェ Boots,
1097,パルフェF Boots,
1098,アスティ Feet,
1099,アスティF Feet,
1100,アガトン Feet,
1101,アガトンF Feet,
1102,ランプロ Feet,
1103,ランプロF Feet,
1104,ソフィス Boots,
1105,ソフィスF Boots,
1106,Aristo Feet・Blue,
1107,Aristo F Feet・Blue,
1108,Aristo Boots・Blue,
1109,Aristo F Boots・Blue,
1110,Aristo Feet・White,
1111,Aristo F Feet・White,
1112,Aristo Boots・White,
1113,Aristo F Boots・White,
1114,Aristo Feet・Purple,
1115,Aristo F Feet・Purple,
1116,Aristo Boots・Purple,
1117,Aristo F Boots・Purple,
1118,Aristo Feet・Red,
1119,Aristo F Feet・Red,
1120,Aristo Boots・Red,
1121,Aristo F Boots・Red,
1122,ビリス Feet,
1123,ビリスF Feet,
1124,ギエール Feet,
1125,ギエールF Feet,
1126,カウント Feet,
1127,カウントF Feet,
1128,フュルス Boots,
1129,フュルスF Boots,
1130,Text Feet・Purple,
1131,Text F Feet・Purple,
1132,Text Boots・Purple,
1133,Text F Boots・Purple,
1134,Text Feet・Green,
1135,Text F Feet・Green,
1136,Text Boots・Green,
1137,Text F Boots・Green,
1138,Text Feet・Blue,
1139,Text F Feet・Blue,
1140,Text Boots・Blue,
1141,Text F Boots・Blue,
1142,Text Feet・Black,
1143,Text F Feet・Black,
1144,Text Boots・Black,
1145,Text F Boots・Black,
1146,Pasu マ Feet,
1147,Pasu マF Feet,
1148,フィーブル Feet,
1149,フィーブルF Feet,
1150,ヴァラク Feet,
1151,ヴァラクF Feet,
1152,ネウロン Boots,
1153,ネウロンF Boots,
1154,Arge Feet,
1155,Arge F Feet,
1156,Arge Boots,
1157,Arge F Boots,
1158,Akantor ケマル SP Black,
1159,Akantor ケマル SP Red,
1160,Akantor ケマル SP White,
1161,Akantor チケル SP Black,
1162,Akantor チケル SP Red,
1163,Akantor チケル SP White,
1164,Gravios Greaves SP Black,
1165,Gravios Greaves SP Blue,
1166,Gravios Greaves SP Red,
1167,Conga L Leggings,
1168,Hunter's L Leggings,
1169,Veloci L Leggings,
1170,Hornetaur L Leggings,
1171,High Metal L Leggings,
1172,Gen L Leggings,
1173,Gen R Leggings,
1174,Kut-Ku R Leggings,
1175,Basarios R Leggings,
1176,Cepha R Leggings,
1177,Plesioth R Leggings,
1178,Gypceros R Leggings,
1179,Dragon L Feet,
1180,Veloci L Greaves,
1181,Vespoid R Greaves,
1182,Kut-Ku R Greaves,
1183,Vashimu FX Greaves,
1184,Vashimu FX Leggings,
1185,Vashimu FX Greaves Yellow,
1186,Vashimu FX Leggings Yellow,
1187,Vashimu FX Greaves Green,
1188,Vashimu FX Leggings Green,
1189,Vashimu FX Greaves Crimson,
1190,Vashimu FX Leggings Crimson,
1191,Azul F Greaves,
1192,Azul F Leggings,
1193,護靈者靴GS,
1194,護靈者靴GP,
1195,護靈者靴ZP,
1196,護靈者絲襪GS,
1197,護靈者絲襪GP,
1198,護靈者絲襪ZP,
1199,兵士護腿GS,
1200,兵士護腿GP,
1201,兵士護腿ZP,
1202,兵士吊帶襪GS,
1203,兵士吊帶襪GP,
1204,兵士吊帶襪ZP,
1205,野蠻護腿GS,
1206,野蠻護腿GP,
1207,野蠻護腿ZP,
1208,野蠻脛甲GS,
1209,野蠻脛甲GP,
1210,野蠻脛甲ZP,
1211,晴雲脛甲GS,
1212,晴雲脛甲GP,
1213,晴雲脛甲ZP,
1214,晴雲護腿GS,
1215,晴雲護腿GP,
1216,晴雲護腿ZP,
1217,失落狂脛GS,
1218,失落狂脛GP,
1219,失落狂脛ZP,
1220,失落猛脛GS,
1221,失落猛脛GP,
1222,失落猛脛ZP,
1223,Beru ドラ Greaves,
1224,Beru ドラ Leggings,
1225,Diru Greaves,
1226,Diru F Greaves,
1227,Diru Leggings,
1228,Diru F Leggings,
1229,Sufia Feet,
1230,Sufia F Feet,
1231,Sufia Boots,
1232,Sufia F Boots,
1233,Starina Leg,
1234,Starina F Leg,
1235,Starina Boots,
1236,Starina F Boots,
1237,Loose Leg,
1238,Loose F Leg,
1239,Loose Boots,
1240,Loose F Boots,
1241,Rage Feet,
1242,Rage F Feet,
1243,Rage Boots,
1244,Rage F Boots,
1245,Rampage Feet,
1246,Rampage F Feet,
1247,Rampage Boots,
1248,Rampage F Boots,
1249,Blaze Feet,
1250,Blaze F Feet,
1251,Blaze Boots,
1252,Blaze F Boots,
1253,Pharan Feet・White,
1254,Pharan F Feet・White,
1255,Pharan Boots・White,
1256,Pharan F Boots・White,
1257,Pharan Feet・Black,
1258,Pharan F Feet・Black,
1259,Pharan Boots・Black,
1260,Pharan F Boots・Black,
1261,Pharan Feet・Red,
1262,Pharan F Feet・Red,
1263,Pharan Boots・Red,
1264,Pharan F Boots・Red,
1265,Pharan Feet・Blue,
1266,Pharan F Feet・Blue,
1267,Pharan Boots・Blue,
1268,Pharan F Boots・Blue,
1269,Gold Cat F Feet,
1270,Gold Cat F Boots,
1271,Silver Cat Boots,
1272,Silver Cat F Feet,
1273,Silver Cat F Boots,
1274,ヴィン Leg,
1275,ヴィンF Leg,
1276,ヴァンデ Leg,
1277,ヴァンデF Leg,
1278,デスモ Leg,
1279,デスモF Leg,
1280,ミスク Boots,
1281,ミスクF Boots,
1282,ウーズィ Leg,
1283,ウーズィF Leg,
1284,レガーメ Leg,
1285,レガーメF Leg,
1286,ノット Leg,
1287,ノットF Leg,
1288,ラソス Boots,
1289,ラソスF Boots,
1290,Tigrex Greaves SP Black,
1291,Tigrex Greaves SP White,
1292,Tigrex Greaves SP Purple,
1293,Monoblos Boots SP Yellow,
1294,Monoblos Boots SP Green,
1295,Monoblos Boots SP White,
1296,Khezu Leggings SP Black,
1297,Khezu Leggings SP Green,
1298,Khezu Leggings SP Blue,
1299,Hypnoc L Leggings,
1300,Lavasioth L Leggings,
1301,Butterfly Lフェムル,
1302,Cepha L Leggings,
1303,Rathian L Leggings,
1304,Kut-Ku L Leggings,
1305,忍の Tabi・R,
1306,クリームR Jersey,
1307,Espinas R March,
1308,Vashimu R Leggings,
1309,Vashimu R Leggings Yellow,
1310,Vashimu R Leggings Green,
1311,Vashimu R Leggings Crimson,
1312,Lavasioth R Leggings,
1313,King Beetle L Crura,
1314,Gen L Greaves,
1315,Vashimu R Greaves,
1316,Vashimu R Greaves Yellow,
1317,Vashimu R Greaves Green,
1318,Vashimu R Greaves Crimson,
1319,Inari FX【Greaves】,
1320,Tamamo FX【Greaves】,
1321,Eques FX Greaves,
1322,Eques FX Leggings,
1323,Noir F Greaves,
1324,Himeros F Greaves,
1325,Bureshisu F Greaves,
1326,Charien F Leggings,
1327,Guren Greaves,
1328,Guren F Greaves,
1329,Guren Leggings,
1330,Guren F Leggings,
1331,Garnet Greaves,
1332,Garnet F Greaves,
1333,Garnet FX Greaves,
1334,Amethyst Greaves,
1335,Amethyst F Greaves,
1336,Amethyst FX Greaves,
1337,Coral Greaves,
1338,Coral F Greaves,
1339,Coral FX Greaves,
1340,Quartz Greaves,
1341,Quartz F Greaves,
1342,Quartz FX Greaves,
1343,Ruby Greaves,
1344,Ruby F Greaves,
1345,Ruby FX Greaves,
1346,Sapphire Greaves,
1347,Sapphire F Greaves,
1348,Sapphire FX Greaves,
1349,Emerald Greaves,
1350,Emerald F Greaves,
1351,Emerald FX Greaves,
1352,Pearl Greaves,
1353,Pearl F Greaves,
1354,Pearl FX Greaves,
1355,Topaz Leggings,
1356,Topaz F Leggings,
1357,Topaz FX Leggings,
1358,Tourmaline Leggings,
1359,Tourmaline F Leggings,
1360,Tourmaline FX Leggings,
1361,Lapis Leggings,
1362,Lapis F Leggings,
1363,Lapis FX Leggings,
1364,Beru FX Greaves,
1365,Beru FX Leggings,
1366,Apkallu F Greaves,
1367,Apkallu F Leggings,
1368,Mixes Greaves,
1369,Mixes F Greaves,
1370,Mixes Leggings,
1371,Mixes F Leggings,
1372,Atra Greaves,
1373,Atra F Greaves,
1374,Atra Leggings,
1375,Atra F Leggings,
1376,Mirado Leg,
1377,Mirado F Leg,
1378,Mirado Boots,
1379,Mirado F Boots,
1380,Deyuru Greaves,
1381,Deyuru F Greaves,
1382,Deyuru Leggings,
1383,Deyuru F Leggings,
1384,クルシッド Feet,
1385,クルシッドF Feet,
1386,ヴェロシ Feet,
1387,ヴェロシF Feet,
1388,ケプト Feet,
1389,ケプトF Feet,
1390,ハウット Boots,
1391,ハウットF Boots,
1392,ヴェンガ Feet,
1393,ヴェンガF Feet,
1394,スプリン Feet,
1395,スプリンF Feet,
1396,マ Sharufu ット,
1397,マシャルF Feet,
1398,ペンブル Boots,
1399,ペンブルF Boots,
1400,Regelia Feet・White,
1401,Regelia F Feet・White,
1402,Regelia Boots・White,
1403,Regelia F Boots・White,
1404,Regelia Feet・Red,
1405,Regelia F Feet・Red,
1406,Regelia Boots・Red,
1407,Regelia F Boots・Red,
1408,Regelia Feet・Green,
1409,Regelia F Feet・Green,
1410,Regelia Boots・Green,
1411,Regelia F Boots・Green,
1412,Regelia Feet・Blue,
1413,Regelia F Feet・Blue,
1414,Regelia Boots・Blue,
1415,Regelia F Boots・Blue,
1416,ゴラエス Feet,
1417,ゴラエスF Feet,
1418,バシリス Feet,
1419,バシリスF Feet,
1420,インジン Feet,
1421,インジンF Feet,
1422,Dexter Boots,
1423,Dexter F Boots,
1424,ジャッグ Feet,
1425,ジャッグF Feet,
1426,コンシラ Feet,
1427,コンシラF Feet,
1428,Predator Feet,
1429,Predator F Feet,
1430,プリジド Boots,
1431,プリジドF Boots,
1432,Suriito Feet・Yellow,
1433,Suriito F Feet・Yellow,
1434,Suriito Boots・Yellow,
1435,Suriito F Boots・Yellow,
1436,Suriito Feet・Silver,
1437,Suriito F Feet・Silver,
1438,Suriito Boots・Silver,
1439,Suriito F Boots・Silver,
1440,Suriito Feet・Red,
1441,Suriito F Feet・Red,
1442,Suriito Boots・Red,
1443,Suriito F Boots・Red,
1444,Suriito Feet・Blue,
1445,Suriito F Feet・Blue,
1446,Suriito Boots・Blue,
1447,Suriito F Boots・Blue,
1448,Camarera Feet,
1449,Camarera F Feet,
1450,Camarera Boots,
1451,Camarera F Boots,
1452,Plesioth Greaves SP Black,
1453,Plesioth Greaves SP Yellow,
1454,Plesioth Greaves SP Purple,
1455,Plesioth Leggings SP Black,
1456,Plesioth Leggings SP Yellow,
1457,Plesioth Leggings SP Purple,
1458,Gypceros Leggings SP Red,
1459,Gypceros Leggings SP Yellow,
1460,Gypceros Leggings SP Green,
1461,ダミー,
1462,ダミー,
1463,White Fatalis R Feet,
1464,G・Lune R Leggings,
1465,S・Sol R Leggings,
1466,Death Stench L March,
1467,Green L Jersey,
1468,Blue L Jersey,
1469,Ceanataur R Leggings,
1470,Diablos R Leggings,
1471,Blango R Leggings,
1472,Conga R Greaves,
1473,Conga R Leggings,
1474,Hypnoc R Leggings,
1475,Monodevil R Leggings,
1476,Plesioth R Greaves,
1477,Santa Feet,
1478,Santa F Feet,
1479,Santa Boots,
1480,Santa F Boots,
1481,フェリ Greaves,
1482,フェリF Greaves,
1483,フェリ Leggings,
1484,フェリF Leggings,
1485,テネール Greaves,
1486,テネールF Greaves,
1487,テネール Boots,
1488,テネールF Boots,
1489,Rider Leg B,
1490,Rising Leg B,
1491,Rider Boots B,
1492,Rising Boots B,
1493,Rider Leg R,
1494,Rising Leg R,
1495,Rider Boots R,
1496,Rising Boots R,
1497,Rider Leg Y,
1498,Rising Leg Y,
1499,Rider Boots Y,
1500,Rising Boots Y,
1501,Rider Leg G,
1502,Rising Leg G,
1503,Rider Boots G,
1504,Rising Boots G,
1505,Robust ペイル,
1506,Robust Fペイル,
1507,Robust Legs,
1508,Robust F Legs,
1509,Kukubo Feet,
1510,Kukubo F Feet,
1511,Kukubo Leggings,
1512,Kukubo F Leggings,
1513,Falco Greaves,
1514,Falco F Greaves,
1515,Falco Leggings,
1516,Falco F Leggings,
1517,ヴェスナ Feet,
1518,ヴェスナF Feet,
1519,ベラノ Feet,
1520,ベラノF Feet,
1521,カリフ Feet,
1522,カリフF Feet,
1523,シター Boots,
1524,シターF Boots,
1525,コンセト Feet,
1526,コンセトF Feet,
1527,バステル Feet,
1528,バステルF Feet,
1529,カタフ Feet,
1530,カタフF Feet,
1531,ハネツァ Boots,
1532,ハネツァF Boots,
1533,Bunny Feet・Black,
1534,Bunny F Feet・Black,
1535,Bunny Boots・Black,
1536,Bunny F Boots・Black,
1537,Bunny Feet・White,
1538,Bunny F Feet・White,
1539,Bunny Boots・White,
1540,Bunny F Boots・White,
1541,Bunny Feet・Red,
1542,Bunny F Feet・Red,
1543,Bunny Boots・Red,
1544,Bunny F Boots・Red,
1545,Bunny Feet・Purple,
1546,Bunny F Feet・Purple,
1547,Bunny Boots・Purple,
1548,Bunny F Boots・Purple,
1549,昇龍脚着・White,
1550,昇龍F脚着・White,
1551,波動脚着・White,
1552,波動F脚着・White,
1553,百裂脚着・Blue,
1554,百裂F脚着・Blue,
1555,気功脚着・Blue,
1556,気功F脚着・Blue,
1557,昇龍脚着・紺,
1558,昇龍F脚着・紺,
1559,波動脚着・紺,
1560,波動F脚着・紺,
1561,百裂脚着・Black,
1562,百裂F脚着・Black,
1563,気功脚着・Black,
1564,気功F脚着・Black,
1565,昇龍脚着・Yellow,
1566,昇龍F脚着・Yellow,
1567,波動脚着・Yellow,
1568,波動F脚着・Yellow,
1569,百裂脚着・Yellow,
1570,百裂F脚着・Yellow,
1571,気功脚着・Yellow,
1572,気功F脚着・Yellow,
1573,昇龍脚着・Purple,
1574,昇龍F脚着・Purple,
1575,波動脚着・Purple,
1576,波動F脚着・Purple,
1577,百裂脚着・Green,
1578,百裂F脚着・Green,
1579,気功脚着・Green,
1580,気功F脚着・Green,
1581,Steno Greaves・Orange,
1582,Steno F Greaves・Orange,
1583,Steno Leggings・Orange,
1584,Steno F Leggings・Orange,
1585,Steno Greaves・Peach,
1586,Steno F Greaves・Peach,
1587,Steno Leggings・Peach,
1588,Steno F Leggings・Peach,
1589,Steno Greaves・Blue,
1590,Steno F Greaves・Blue,
1591,Steno Leggings・Blue,
1592,Steno F Leggings・Blue,
1593,Steno Greaves・Red,
1594,Steno F Greaves・Red,
1595,Steno Leggings・Red,
1596,Steno F Leggings・Red,
1597,Jumpin' Feet,
1598,Jumpin' F Feet,
1599,Jumpin' Boots,
1600,Jumpin' F Boots,
1601,アデュス Greaves,
1602,アデュスF Greaves,
1603,アデュス Leggings,
1604,アデュスF Leggings,
1605,Metenera Feet,
1606,Metenera F Feet,
1607,Metenera Boots,
1608,Metenera F Boots,
1609,Excelle Greaves,
1610,Excelle F Greaves,
1611,Excelle Leggings,
1612,Excelle F Leggings,
1613,Pupen Greaves,
1614,Pupen F Greaves,
1615,Pupen Leggings,
1616,Pupen F Leggings,
1617,Moss Covered Greaves,
1618,Moss Covered F Greaves,
1619,Moss Covered Leggings,
1620,Moss Covered F Leggings,
1621,Kagura 【 Hakama 】 SP Red,
1622,Kagura 【 Hakama 】 SP Black,
1623,Kagura 【 Hakama 】 SP Purple,
1624,Kamiza 【 Hakama 】 SP Red,
1625,Kamiza 【 Hakama 】 SP Black,
1626,Kamiza 【 Hakama 】 SP Purple,
1627,Mosswine Feet SP White,
1628,Mosswine Feet SP Yellow,
1629,Mosswine Feet SP Blue,
1630,King Beetle Lフェムル,
1631,Hypnoc L Greaves,
1632,Conga L Greaves,
1633,コーヒーR Jersey,
1634,Hermitaur R Leggings,
1635,Gypceros R Greaves,
1636,Gen R Greaves,
1637,Shasse Greaves,
1638,Shasse Leggings,
1639,Gospel F Greaves,
1640,Gospel F Leggings,
1641,Rouge F Greaves,
1642,Freyja Boots,
1643,Freyja Leggings,
1644,Pariapuria FX Greaves,
1645,Pariapuria FX Leggings,
1646,Guren FX Greaves,
1647,Guren FX Leggings,
1648,Ruko Feet,
1649,Ruko F Feet,
1650,Ruko Legs,
1651,Ruko F Legs,
1652,Blitz レガース,
1653,Blitz Boots,
1654,Lils Greaves,
1655,ダミー,
1656,Lils Leggings,
1657,ダミー,
1658,Kagura FX【 Hakama 】,
1659,Kamiza FX【 Hakama 】,
1660,Green 空ノ Hakama,
1661,Green 空ノ Hakama・魁,
1662,Welkin Hakama,
1663,Welkin Hakama・魁,
1664,Breo Greaves,
1665,Breo F Greaves,
1666,Vinen Greaves,
1667,Vinen F Greaves,
1668,Vinen Boots,
1669,Vinen F Boots,
1670,アナトリ Greaves,
1671,アナトリ Leggings,
1672,Edio Feet・Blue,
1673,Edio F Feet・Blue,
1674,Edio Boots・Blue,
1675,Edio F Boots・Blue,
1676,Edio Feet・Red,
1677,Edio F Feet・Red,
1678,Edio Boots・Red,
1679,Edio F Boots・Red,
1680,Edio Feet・Yellow,
1681,Edio F Feet・Yellow,
1682,Edio Boots・Yellow,
1683,Edio F Boots・Yellow,
1684,Edio Feet・Black,
1685,Edio F Feet・Black,
1686,Edio Boots・Black,
1687,Edio F Boots・Black,
1688,Abitto Feet,
1689,Abitto F Feet,
1690,Abitto Boots,
1691,Abitto F Boots,
1692,Howx Greaves,
1693,Howx F Greaves,
1694,Howx Leggings,
1695,Howx F Leggings,
1696,Pirata Greaves,
1697,Pirata F Greaves,
1698,Pirata Leggings,
1699,Pirata F Leggings,
1700,アレス Feet,
1701,アレスF Feet,
1702,カリノ Feet,
1703,カリノF Feet,
1704,ルルス Feet,
1705,ルルスF Feet,
1706,Nada Boots,
1707,Nada F Boots,
1708,Rosa Feet,
1709,Rosa F Feet,
1710,Haosu Feet,
1711,Haosu F Feet,
1712,Miru Feet,
1713,Miru F Feet,
1714,Pasu Boots,
1715,Pasu F Boots,
1716,Randa の Hakama・Yellow,
1717,蘭蛮の Hakama・Yellow,
1718,Randa の履・Yellow,
1719,蘭蛮の履・Yellow,
1720,Randa の Hakama・Red,
1721,蘭蛮の Hakama・Red,
1722,Randa の履・Red,
1723,蘭蛮の履・Red,
1724,Randa の Hakama・Purple,
1725,蘭蛮の Hakama・Purple,
1726,Randa の履・Purple,
1727,蘭蛮の履・Purple,
1728,Randa の Hakama・Gold,
1729,蘭蛮の Hakama・Gold,
1730,Randa の履・Gold,
1731,蘭蛮の履・Gold,
1732,竜巻脚着・Black,
1733,竜巻F脚着・Black,
1734,True 空脚着・Black,
1735,True 空F脚着・Black,
1736,千裂脚着・Black,
1737,千裂F脚着・Black,
1738,覇山脚着・Black,
1739,覇山F脚着・Black,
1740,竜巻脚着・Tea,
1741,竜巻F脚着・Tea,
1742,True 空脚着・Tea,
1743,True 空F脚着・Tea,
1744,千裂脚着・Purple,
1745,千裂F脚着・Purple,
1746,覇山脚着・Purple,
1747,覇山F脚着・Purple,
1748,竜巻脚着・White,
1749,竜巻F脚着・White,
1750,True 空脚着・White,
1751,True 空F脚着・White,
1752,千裂脚着・White,
1753,千裂F脚着・White,
1754,覇山脚着・White,
1755,覇山F脚着・White,
1756,竜巻脚着・Blue,
1757,竜巻F脚着・Blue,
1758,True 空脚着・Blue,
1759,True 空F脚着・Blue,
1760,千裂脚着・Green,
1761,千裂F脚着・Green,
1762,覇山脚着・Green,
1763,覇山F脚着・Green,
1764,正拳脚着,
1765,正拳F脚着,
1766,灼熱脚着,
1767,灼熱F脚着,
1768,龍星脚着,
1769,龍星F脚着,
1770,虎襲脚着,
1771,虎襲F脚着,
1772,旋風脚着,
1773,旋風F脚着,
1774,巴脚着,
1775,巴F脚着,
1776,Heaven 空脚着,
1777,Heaven 空F脚着,
1778,Heaven 昇脚着,
1779,Heaven 昇F脚着,
1780,Jeamu Feet,
1781,Jeamu F Feet,
1782,Amyusu Feet,
1783,Amyusu F Feet,
1784,Clevan Feet,
1785,Clevan F Feet,
1786,Meterosu Boots,
1787,Meterosu F Boots,
1788,Shipureru Feet,
1789,Shipureru F Feet,
1790,Toresupa Feet,
1791,Toresupa F Feet,
1792,Suteraru Feet,
1793,Suteraru F Feet,
1794,Hakyura Boots,
1795,Hakyura F Boots,
1796,Orutemo F Feet,
1797,Orutemo F Boots,
1798,忍の Tabi・陰 SP Yellow,
1799,忍の Tabi・陰 SP Red,
1800,忍の Tabi・陰 SP Blue,
1801,K. Lobster Feet SP Black,
1802,K. Lobster Feet SP Green,
1803,K. Lobster Feet SP Blue,
1804,K. Lobster Boots SP Black,
1805,K. Lobster Boots SP Green,
1806,K. Lobster Boots SP Blue,
1807,Aneshisu F Greaves,
1808,Aneshisu F Leggings,
1809,Buran F Greaves,
1810,Zwinger Feet,
1811,Zwinger Boots,
1812,Demon Lord ノ足枷・魁,
1813,童子ノ足枷・魁,
1814,Melan F Greaves,
1815,Melan F Leggings,
1816,Buto F Leg,
1817,Himeros FX Greaves,
1818,Charien FX Leggings,
1819,Bureshisu FX Greaves,
1820,Rathalos LX Greaves,
1821,Rath Soul RX Greaves,
1822,Khezu LX Greaves,
1823,Khezu RX Greaves,
1824,High Metal LX Greaves,
1825,High Metal RX Greaves,
1826,Hornetaur LX Leggings,
1827,Hornetaur RX Leggings,
1828,Beru ドラR Greaves,
1829,Beru ドラR Leggings,
1830,Flame Greaves,
1831,Flame Leggings,
1832,Noon Glow Hakama,
1833,夕茜ノ Hakama,
1834,Poogie Feet,
1835,Poogie F Feet,
1836,Poogie Heel,
1837,Poogie F Heel,
1838,Mandora Feet,
1839,Mandora F Feet,
1840,Mandora Boots,
1841,Mandora F Boots,
1842,Aonoko Feet,
1843,Aonoko F Feet,
1844,Aonoko Boots,
1845,Aonoko F Boots,
1846,Zeroi Greaves,
1847,Zeroi F Greaves,
1848,Zeroi Leggings,
1849,Zeroi F Leggings,
1850,Rail Greaves,
1851,Rail F Greaves,
1852,Rail Leggings,
1853,Rail F Leggings,
1854,Rudeos Greaves,
1855,Rudeos F Greaves,
1856,Rudeos Leggings,
1857,Rudeos F Leggings,
1858,Orchesis Greaves,
1859,Orchesis F Greaves,
1860,Orchesis Leggings,
1861,Orchesis F Leggings,
1862,フルイト Greaves,
1863,フルイトF Greaves,
1864,ゲレオン Greaves,
1865,ゲレオンF Greaves,
1866,ケック Greaves,
1867,ケックF Greaves,
1868,ヘンフロ Leggings,
1869,ヘンフロF Leggings,
1870,フリゲト Greaves,
1871,フリゲトF Greaves,
1872,バーク Greaves,
1873,バークF Greaves,
1874,ブリガン Greaves,
1875,ブリガンF Greaves,
1876,プラム Leggings,
1877,プラムF Leggings,
1878,Maisto Feet・Crimson,
1879,Maisto F Feet・Crimson,
1880,Maisto Boots・Crimson,
1881,Maisto F Boots・Crimson,
1882,Maisto Feet・Green,
1883,Maisto F Feet・Green,
1884,Maisto Boots・Green,
1885,Maisto F Boots・Green,
1886,Maisto Feet・Green,
1887,Maisto F Feet・Green,
1888,Maisto Boots・Green,
1889,Maisto F Boots・Green,
1890,Maisto Feet・Pink,
1891,Maisto F Feet・Pink,
1892,Maisto Boots・Pink,
1893,Maisto F Boots・Pink,
1894,Wagune Feet,
1895,Wagune F Feet,
1896,Wagune Boots,
1897,Wagune F Boots,
1898,Pistis F Feet,
1899,Pistis F Boots,
1900,Hypnoc Greaves SP Green,
1901,Hypnoc Greaves SP Red,
1902,Hypnoc Greaves SP Yellow,
1903,Beru Greaves SP Black,
1904,Beru Greaves SP Red,
1905,Beru Greaves SP Purple,
1906,Beru Leggings SP Black,
1907,Beru Leggings SP Red,
1908,Beru Leggings SP Purple,
1909,Rurudi Boots,
1910,Rurudi Leggings,
1911,Arc F Greaves,
1912,Arc F Leggings,
1913,Strega FX Greaves,
1914,Strega FX Leggings,
1915,Rath Heart RX Greaves,
1916,Rathian LX Greaves,
1917,Vespoid RX Leggings,
1918,Vespoid LX Leggings,
1919,Hermitaur RX Greaves,
1920,Hermitaur LX Greaves,
1921,Diablos RX Greaves,
1922,Diablos LX Greaves,
1923,リリオ Greaves,
1924,フレサ Greaves,
1925,クラ Beru Greaves,
1926,シルエラ Greaves,
1927,カメ Lea Greaves,
1928,ハシント Greaves,
1929,セレソ Greaves,
1930,オリバ Greaves,
1931,ラウレル Leggings,
1932,ココ Leggings,
1933,グラナダ Leggings,
1934,アトロ Greaves,
1935,アトロF Greaves,
1936,アトロ Boots,
1937,アトロF Boots,
1938,Gogomoa Greaves,
1939,Gogomoa F Greaves,
1940,Gogomoa Leggings,
1941,Gogomoa F Leggings,
1942,Wadatsumi 【具足】,
1943,Okami 【具足】,
1944,Diina Leg,
1945,Diina F Leg,
1946,True Shadow Hakama,
1947,True Shadow Hakama・魁,
1948,翔影ノ Hakama,
1949,翔影ノ Hakama・魁,
1950,Black Tiger Greaves,
1951,Black 豹ノ具足,
1952,刹帝利ノ足枷,
1953,婆羅門ノ足枷,
1954,Galitos Feet・Tea,
1955,Galitos F Feet・Tea,
1956,Galitos Boots・Tea,
1957,Galitos F Boots・Tea,
1958,Galitos Feet・Red,
1959,Galitos F Feet・Red,
1960,Galitos Boots・Red,
1961,Galitos F Boots・Red,
1962,Galitos Feet・Black,
1963,Galitos F Feet・Black,
1964,Galitos Boots・Black,
1965,Galitos F Boots・Black,
1966,Galitos Feet・Water,
1967,Galitos F Feet・Water,
1968,Galitos Boots・Water,
1969,Galitos F Boots・Water,
1970,Riburi Feet,
1971,Riburi F Feet,
1972,Riburi FZ Feet,
1973,Riburi Boots,
1974,Riburi F Boots,
1975,Riburi FZ Boots,
1976,Ridere Greaves,
1977,Ridere F Greaves,
1978,Ridere Leggings,
1979,Ridere F Leggings,
1980,Riot Greaves,
1981,Riot F Greaves,
1982,Riot Leggings,
1983,Riot F Leggings,
1984,スケ Ina Greaves,
1985,スケ Ina F Greaves,
1986,ミッシナ Greaves,
1987,ミッシナF Greaves,
1988,プリース Greaves,
1989,プリースF Greaves,
1990,レキトリ Leggings,
1991,レキトリF Leggings,
1992,マドニカ Greaves,
1993,マドニカF Greaves,
1994,ヴィリヤ Greaves,
1995,ヴィリヤF Greaves,
1996,ラプラル Greaves,
1997,ラプラルF Greaves,
1998,サザール Leggings,
1999,サザールF Leggings,
2000,Truss Leggings Blue,
2001,Truss F Leggings Blue,
2002,Truss シューズ Blue,
2003,Truss Fシューズ Blue,
2004,Truss Leggings Red,
2005,Truss F Leggings Red,
2006,Truss シューズ Red,
2007,Truss Fシューズ Red,
2008,Truss Leggings White,
2009,Truss F Leggings White,
2010,Truss シューズ White,
2011,Truss Fシューズ White,
2012,Truss Leggings Purple,
2013,Truss F Leggings Purple,
2014,Truss シューズ Purple,
2015,Truss Fシューズ Purple,
2016,Demon Greaves Blue,
2017,Demon F Greaves Blue,
2018,Chaos Greaves Blue,
2019,Chaos F Greaves Blue,
2020,Demon Greaves Red,
2021,Demon F Greaves Red,
2022,Chaos Greaves Red,
2023,Chaos F Greaves Red,
2024,Demon Greaves Green,
2025,Demon F Greaves Green,
2026,Chaos Greaves Green,
2027,Chaos F Greaves Green,
2028,Demon Greaves White,
2029,Demon F Greaves White,
2030,Chaos Greaves White,
2031,Chaos F Greaves White,
2032,Shadow Boots Purple,
2033,Shadow F Boots Purple,
2034,Soul Boots Purple,
2035,Soul F Boots Purple,
2036,Shadow Boots Red,
2037,Shadow F Boots Red,
2038,Soul Boots Red,
2039,Soul F Boots Red,
2040,Shadow Boots Green,
2041,Shadow F Boots Green,
2042,Soul Boots Green,
2043,Soul F Boots Green,
2044,Shadow Boots White,
2045,Shadow F Boots White,
2046,Soul Boots White,
2047,Soul F Boots White,
2048,フィディ Greaves,
2049,エピディ Greaves,
2050,ヴェルフィ Greaves,
2051,ヴェルフィ Leggings,
2052,テリオグ Greaves,
2053,テリオグ Leggings,
2054,Kurossu Feet,
2055,Kurossu F Feet,
2056,Kurossu Boots,
2057,Kurossu F Boots,
2058,Shieri FX Greaves,
2059,Shieri FX Leggings,
2060,Craft FX Boots,
2061,Craft FX Leggings,
2062,Moss Covered FX Greaves,
2063,Moss Covered FX Leggings,
2064,Excelle FX Greaves,
2065,Excelle FX Leggings,
2066,Blue Sky Hakama・True,
2067,Welkin Hakama・True,
2068,ビステマ Boots,
2069,Rath Duo F Greaves,
2070,Rath Duo F Leggings,
2071,ロークF Greaves,
2072,ロークF Leggings,
2073,Buruho F Feet・Blue,
2074,マー Gear F Boots・Blue,
2075,Gogomoa FX Greaves,
2076,Gogomoa FX Leggings,
2077,Kuraaji FX Greaves,
2078,Kuraaji FX Leggings,
2079,Zaakaa FX Greaves,
2080,Chaser FX Leggings,
2081,Abitto FZ Feet,
2082,Abitto FZ Boots,
2083,Arge FZ Feet,
2084,Arge FZ Boots,
2085,Camarera FZ Feet,
2086,Camarera FZ Boots,
2087,Metenera FZ Feet,
2088,Metenera FZ Boots,
2089,Ruko FX Feet,
2090,Ruko FX Legs,
2091,Zamuza Greaves,
2092,Zamuza F Greaves,
2093,Zamuza FX Greaves,
2094,Zamuza Leggings,
2095,Zamuza F Leggings,
2096,Zamuza FX Leggings,
2097,Abiorugu Greaves,
2098,Abiorugu F Greaves,
2099,Abiorugu FX Greaves,
2100,Abiorugu Leggings,
2101,Abiorugu F Leggings,
2102,Abiorugu FX Leggings,
2103,Black Belt Greaves SP White,
2104,Black Belt Greaves SP Black,
2105,Black Belt Greaves SP Blue,
2106,Apkallu Greaves SP White,
2107,Apkallu Greaves SP Green,
2108,Apkallu Greaves SP Yellow,
2109,Cepha LX Greaves,
2110,Blango LX Greaves,
2111,Gravios LX Greaves,
2112,Bone LX Leggings,
2113,Cepha RX Greaves,
2114,Blango RX Greaves,
2115,Gravios RX Greaves,
2116,Bone RX Leggings,
2117,White Snake Greaves,
2118,White Snake Greaves・魁,
2119,White 鳥ノ具足,
2120,White 鳥ノ具足・魁,
2121,Kakabu Feet,
2122,Kakabu Leggings,
2123,Onero Greaves,
2124,Onero Leggings,
2125,Jyaga Greaves,
2126,Jyaga Leggings,
2127,Omet Feet・Black,
2128,Omet F Feet・Black,
2129,Omet Boots・Black,
2130,Omet F Boots・Black,
2131,Omet Feet・Red,
2132,Omet F Feet・Red,
2133,Omet Boots・Red,
2134,Omet F Boots・Red,
2135,Omet Feet・White,
2136,Omet F Feet・White,
2137,Omet Boots・White,
2138,Omet F Boots・White,
2139,Omet Feet・Blue,
2140,Omet F Feet・Blue,
2141,Omet Boots・Blue,
2142,Omet F Boots・Blue,
2143,Rutare Greaves,
2144,Rutare F Greaves,
2145,Rutare Leggings,
2146,Rutare F Leggings,
2147,Rolling Flow Greaves,
2148,Rolling Flow Greaves・魁,
2149,旋転の Greaves,
2150,旋転の Greaves・魁,
2151,厳岩の Hakama,
2152,厳岩の Hakama・魁,
2153,不破の Hakama,
2154,不破の Hakama・魁,
2155,無想の Hakama,
2156,無想の Hakama・魁,
2157,俊激の履,
2158,俊激の履・魁,
2159,Suifudo Feet,
2160,Suifudo F Feet,
2161,Merodesu Feet,
2162,Merodesu F Feet,
2163,Sumatosu Feet,
2164,Sumatosu F Feet,
2165,Passhio Boots,
2166,Passhio F Boots,
2167,Cultu Feet・Ash,
2168,Cultu F Feet・Ash,
2169,Cultu Boots・Ash,
2170,Cultu F Boots・Ash,
2171,Cultu Feet・Blue,
2172,Cultu F Feet・Blue,
2173,Cultu Boots・Blue,
2174,Cultu F Boots・Blue,
2175,Cultu Feet・Orange,
2176,Cultu F Feet・Orange,
2177,Cultu Boots・Orange,
2178,Cultu F Boots・Orange,
2179,Cultu Feet・Green,
2180,Cultu F Feet・Green,
2181,Cultu Boots・Green,
2182,Cultu F Boots・Green,
2183,Jisutoreru F Leg,
2184,Risaaza F Feet,
2185,Risaaza F Boots,
2186,Text FZ Feet・Purple,
2187,Text FZ Feet・Green,
2188,Text FZ Feet・Blue,
2189,Text FZ Feet・Black,
2190,Text FZ Boots・Purple,
2191,Text FZ Boots・Green,
2192,Text FZ Boots・Blue,
2193,Text FZ Boots・Black,
2194,Suriito FZ Feet・Yellow,
2195,Suriito FZ Feet・Silver,
2196,Suriito FZ Feet・Red,
2197,Suriito FZ Feet・Blue,
2198,Suriito FZ Boots・Yellow,
2199,Suriito FZ Boots・Silver,
2200,Suriito FZ Boots・Red,
2201,Suriito FZ Boots・Blue,
2202,Steno FZ Greaves・Orange,
2203,Steno FZ Greaves・Peach,
2204,Steno FZ Greaves・Blue,
2205,Steno FZ Greaves・Red,
2206,Steno FZ Leggings・Orange,
2207,Steno FZ Leggings・Peach,
2208,Steno FZ Leggings・Blue,
2209,Steno FZ Leggings・Red,
2210,Edio FZ Feet・Blue,
2211,Edio FZ Feet・Red,
2212,Edio FZ Feet・Yellow,
2213,Edio FZ Feet・Black,
2214,Edio FZ Boots・Blue,
2215,Edio FZ Boots・Red,
2216,Edio FZ Boots・Yellow,
2217,Edio FZ Boots・Black,
2218,Galitos FZ Feet・Tea,
2219,Galitos FZ Feet・Red,
2220,Galitos FZ Feet・Black,
2221,Galitos FZ Feet・Water,
2222,Galitos FZ Boots・Tea,
2223,Galitos FZ Boots・Red,
2224,Galitos FZ Boots・Black,
2225,Galitos FZ Boots・Water,
2226,Beil F Divider,
2227,ダミー,
2228,Jess Greaves,
2229,Jess F Greaves,
2230,Jess FY Greaves,
2231,Jess HC Greaves,
2232,Jess Leggings,
2233,Jess F Leggings,
2234,Jess FY Leggings,
2235,Jess HC Leggings,
2236,Eques HC Greaves,
2237,Eques HC Leggings,
2238,Kuraaji HC Greaves,
2239,Kuraaji HC Leggings,
2240,Melan FY Greaves,
2241,Melan HC Greaves,
2242,Melan FY Leggings,
2243,Melan HC Leggings,
2244,Harubadaa FY Greaves,
2245,Harubadaa HC Greaves,
2246,Tracker FY Leggings,
2247,Tracker HC Leggings,
2248,Omet FZ Feet・Black,
2249,Omet FZ Boots・Black,
2250,Omet FZ Feet・Red,
2251,Omet FZ Boots・Red,
2252,Omet FZ Feet・White,
2253,Omet FZ Boots・White,
2254,Omet FZ Feet・Blue,
2255,Omet FZ Boots・Blue,
2256,Cultu FZ Feet・Ash,
2257,Cultu FZ Boots・Ash,
2258,Cultu FZ Feet・Blue,
2259,Cultu FZ Boots・Blue,
2260,Cultu FZ Feet・Orange,
2261,Cultu FZ Boots・Orange,
2262,Cultu FZ Feet・Green,
2263,Cultu FZ Boots・Green,
2264,Cultu HC Feet・Ash,
2265,Cultu HC Boots・Ash,
2266,Cultu HC Feet・Blue,
2267,Cultu HC Boots・Blue,
2268,Cultu HC Feet・Orange,
2269,Cultu HC Boots・Orange,
2270,Cultu HC Feet・Green,
2271,Cultu HC Boots・Green,
2272,Gauss FZ Greaves,
2273,Weber FZ Greaves,
2274,Gilbert FZ Greaves,
2275,Gauss FZ Leggings,
2276,Weber FZ Leggings,
2277,Gilbert FZ Leggings,
2278,Gauss HC Greaves,
2279,Weber HC Greaves,
2280,Gilbert HC Greaves,
2281,Gauss HC Leggings,
2282,Weber HC Leggings,
2283,Gilbert HC Leggings,
2284,Shaln FZ Feet・Blue,
2285,Shaln HC Feet・Blue,
2286,Shaln FZ Boots・Blue,
2287,Shaln HC Boots・Blue,
2288,Shaln FZ Feet・Green,
2289,Shaln HC Feet・Green,
2290,Shaln FZ Boots・Green,
2291,Shaln HC Boots・Green,
2292,Shaln FZ Feet・Purple,
2293,Shaln HC Feet・Purple,
2294,Shaln FZ Boots・Purple,
2295,Shaln HC Boots・Purple,
2296,Shaln FZ Feet・White,
2297,Shaln HC Feet・White,
2298,Shaln FZ Boots・White,
2299,Shaln HC Boots・White,
2300,ダミー,
2301,ダミー,
2302,ダミー,
2303,ダミー,
2304,ダミー,
2305,ダミー,
2306,ダミー,
2307,ダミー,
2308,ダミー,
2309,ダミー,
2310,ダミー,
2311,ダミー,
2312,ダミー,
2313,ダミー,
2314,ダミー,
2315,ダミー,
2316,ダミー,
2317,ダミー,
2318,ダミー,
2319,ダミー,
2320,ダミー,
2321,Kuaru Greaves,
2322,Kuaru F Greaves,
2323,Kuaru FX Greaves,
2324,Kuaru Leggings,
2325,Kuaru F Leggings,
2326,Kuaru FX Leggings,
2327,Wind ペイル,
2328,Wind ハディ,
2329,Ruko Feet SP White,
2330,Ruko Feet SP Blue,
2331,Ruko Feet SP Red,
2332,Ruko Legs SP White,
2333,Ruko Legs SP Blue,
2334,Ruko Legs SP Red,
2335,Comrade Boots SP White Red,
2336,Comrade Boots SP White Blue,
2337,Comrade Boots SP White Yellow,
2338,Rubellite Greaves,
2339,Rubellite F Greaves,
2340,Rubellite FX Greaves,
2341,ラズライト Greaves,
2342,ラズライトF Greaves,
2343,ラズライトFX Greaves,
2344,Zircon Greaves,
2345,Zircon F Greaves,
2346,Zircon FX Greaves,
2347,Spinel Greaves,
2348,Spinel F Greaves,
2349,Spinel FX Greaves,
2350,Pyrope Greaves,
2351,Pyrope F Greaves,
2352,Pyrope FX Greaves,
2353,アイオラ Greaves,
2354,アイオラF Greaves,
2355,アイオラFX Greaves,
2356,Jade Greaves,
2357,Jade F Greaves,
2358,Jade FX Greaves,
2359,Agate Greaves,
2360,Agate F Greaves,
2361,Agate FX Greaves,
2362,Citrine Leggings,
2363,Citrine F Leggings,
2364,Citrine FX Leggings,
2365,Peridot Leggings,
2366,Peridot F Leggings,
2367,Peridot FX Leggings,
2368,Turquoise Leggings,
2369,Turquoise F Leggings,
2370,Turquoise FX Leggings,
2371,Valued Word Hakama,
2372,Valued Word Hakama・魁,
2373,Valued Word Hakama・Smart,
2374,Valued Word Hakama・Flower,
2375,式部ノ Hakama,
2376,式部ノ Hakama・魁,
2377,式部ノ Hakama・Smart,
2378,式部ノ Hakama・Flower,
2379,Aruru Feet,
2380,Aruru F Feet,
2381,Aruru FY Feet,
2382,Aruru HC Feet,
2383,Aruru Leggings,
2384,Aruru F Leggings,
2385,Aruru FY Leggings,
2386,Aruru HC Leggings,
2387,Oorowa Greaves,
2388,Oorowa F Greaves,
2389,Oorowa FY Greaves,
2390,Oorowa HC Greaves,
2391,Oorowa Leggings,
2392,Oorowa F Leggings,
2393,Oorowa FY Leggings,
2394,Oorowa HC Leggings,
2395,Onero F Greaves,
2396,Onero F Leggings,
2397,Diru FY Greaves,
2398,Diru FY Leggings,
2399,Strega HC Greaves,
2400,Strega HC Leggings,
2401,Zaakaa HC Greaves,
2402,Chaser HC Leggings,
2403,Demon Lord ノ足枷・Extreme,
2404,Demon Lord ノ足枷・Heaven,
2405,童子ノ足枷・Extreme,
2406,童子ノ足枷・Heaven,
2407,アナキF Greaves,
2408,アナキFY Greaves,
2409,アナキHC Greaves,
2410,アナキF Boots,
2411,アナキFY Boots,
2412,アナキHC Boots,
2413,Royal FY Greaves,
2414,Royal HC Greaves,
2415,Lord FY Leggings,
2416,Lord HC Leggings,
2417,フレイ Boots,
2418,クロノス Boots,
2419,フレイ Leggings,
2420,クロノス Leggings,
2421,Himeros HC Greaves,
2422,Bureshisu HC Greaves,
2423,Charien HC Leggings,
2424,Buran FY Greaves,
2425,Buran HC Greaves,
2426,Gypceros LX Greaves,
2427,Ceanataur LX Greaves,
2428,Tigrex LX Greaves,
2429,Monoblos LX Leggings,
2430,Gypceros RX Greaves,
2431,Ceanataur RX Greaves,
2432,Espinas RX Heel,
2433,Monodevil RX Leggings,
2434,Cayssis Feet Water,
2435,Cayssis F Feet Water,
2436,Cayssis FZ Feet Water,
2437,Cayssis Leggings Water,
2438,Cayssis F Leggings Water,
2439,Cayssis FZ Leggings Water,
2440,Cayssis Feet Red,
2441,Cayssis F Feet Red,
2442,Cayssis FZ Feet Red,
2443,Cayssis Leggings Red,
2444,Cayssis F Leggings Red,
2445,Cayssis FZ Leggings Red,
2446,Cayssis Feet Blue,
2447,Cayssis F Feet Blue,
2448,Cayssis FZ Feet Blue,
2449,Cayssis Leggings Blue,
2450,Cayssis F Leggings Blue,
2451,Cayssis FZ Leggings Blue,
2452,Cayssis Feet Orange,
2453,Cayssis F Feet Orange,
2454,Cayssis FZ Feet Orange,
2455,Cayssis Leggings Orange,
2456,Cayssis F Leggings Orange,
2457,Cayssis FZ Leggings Orange,
2458,Rolling Sky Greaves,
2459,Rolling Sky Greaves・魁,
2460,Rolling Earth Greaves,
2461,Rolling Earth Greaves・魁,
2462,Cubie Feet,
2463,Cubie F Feet,
2464,Cubie FZ Feet,
2465,Cubie Leggings,
2466,Cubie F Leggings,
2467,Cubie FZ Leggings,
2468,フラート Feet,
2469,フラートF Feet,
2470,ナーレー Feet,
2471,ナーレーF Feet,
2472,ヘイツ Feet,
2473,ヘイツF Feet,
2474,レーング Boots,
2475,レーングF Boots,
2476,シャッド Feet,
2477,シャッドF Feet,
2478,フュージ Feet,
2479,フュージF Feet,
2480,タニイ Feet,
2481,タニイF Feet,
2482,ミナム Boots,
2483,ミナムF Boots,
2484,Siena Greaves・Silver,
2485,Siena F Greaves・Silver,
2486,Siena FZ Greaves・Silver,
2487,Siena HC Greaves・Silver,
2488,Siena Leggings・Silver,
2489,Siena F Leggings・Silver,
2490,Siena FZ Leggings・Silver,
2491,Siena HC Leggings・Silver,
2492,Siena Greaves・Black,
2493,Siena F Greaves・Black,
2494,Siena FZ Greaves・Black,
2495,Siena HC Greaves・Black,
2496,Siena Leggings・Black,
2497,Siena F Leggings・Black,
2498,Siena FZ Leggings・Black,
2499,Siena HC Leggings・Black,
2500,Siena Greaves・Red,
2501,Siena F Greaves・Red,
2502,Siena FZ Greaves・Red,
2503,Siena HC Greaves・Red,
2504,Siena Leggings・Red,
2505,Siena F Leggings・Red,
2506,Siena FZ Leggings・Red,
2507,Siena HC Leggings・Red,
2508,Siena Greaves・Blue,
2509,Siena F Greaves・Blue,
2510,Siena FZ Greaves・Blue,
2511,Siena HC Greaves・Blue,
2512,Siena Leggings・Blue,
2513,Siena F Leggings・Blue,
2514,Siena FZ Leggings・Blue,
2515,Siena HC Leggings・Blue,
2516,Gauss Greaves,
2517,Gauss F Greaves,
2518,Weber Greaves,
2519,Weber F Greaves,
2520,Gilbert Greaves,
2521,Gilbert F Greaves,
2522,Gauss Leggings,
2523,Gauss F Leggings,
2524,Weber Leggings,
2525,Weber F Leggings,
2526,Gilbert Leggings,
2527,Gilbert F Leggings,
2528,Regyukusu F Feet,
2529,Regyukusu F Boots,
2530,Garuda FZ Leg,
2531,Garuda FZ Boots,
2532,Feral FZ Leg,
2533,Feral FZ Boots,
2534,Pandeum FZ Leg,
2535,Pandeum FZ Boots,
2536,Dian FZ Leg,
2537,Dian FZ Boots,
2538,Wild FZ Leg,
2539,Wild FZ Boots,
2540,Flower FZ Leg,
2541,Flower FZ Boots,
2542,Fias FZ Leg,
2543,Fias FZ Boots,
2544,Viruto FZ Leg,
2545,Viruto FZ Boots,
2546,Tune FZ Leg,
2547,Schnite FZ Boots,
2548,Dicto FZ Leg,
2549,Diletto FZ Boots,
2550,Kruss FZ Leg,
2551,Quote FZ Boots,
2552,Starina FZ Leg,
2553,Starina FZ Boots,
2554,Loose FZ Leg,
2555,Loose FZ Boots,
2556,Mirado FZ Leg,
2557,Mirado FZ Boots,
2558,Deyuru FZ Greaves,
2559,Deyuru FZ Leggings,
2560,Robust FZペイル,
2561,Robust FZ Legs,
2562,Falco FZ Greaves,
2563,Falco FZ Leggings,
2564,Howx FZ Greaves,
2565,Howx FZ Leggings,
2566,Pirata FZ Greaves,
2567,Pirata FZ Leggings,
2568,Zeroi FZ Greaves,
2569,Zeroi FZ Leggings,
2570,Rail FZ Greaves,
2571,Rail FZ Leggings,
2572,Ridere FZ Greaves,
2573,Ridere FZ Leggings,
2574,Riot FZ Greaves,
2575,Riot FZ Leggings,
2576,Rutare FZ Greaves,
2577,Rutare FZ Leggings,
2578,Rolling Flow Greaves・Elegant,
2579,旋転の Greaves・Elegant,
2580,Rolling Sky Greaves・Elegant,
2581,Rolling Earth Greaves・Elegant,
2582,Odiva Greaves,
2583,Odiva F Greaves,
2584,Odiva FX Greaves,
2585,Odiva Leggings,
2586,Odiva F Leggings,
2587,Odiva FX Leggings,
2588,武者【具足】,
2589,日光【具足】,
2590,Blitz Fレガース,
2591,Blitz F Boots,
2592,Flame F Greaves,
2593,Flame F Leggings,
2594,Wind Fペイル,
2595,Wind Fハディ,
2596,武者F【具足】,
2597,日光F【具足】,
2598,Wadatsumi F【具足】,
2599,Okami F【具足】,
2600,チャチャブピエーデ,
2601,チャチャブク Loose,
2602,チャチャブタロン,
2603,チャチャブバイン,
2604,トリート Greaves,
2605,トリートF Greaves,
2606,トリートFY Greaves,
2607,トリートHC Greaves,
2608,トリート Boots,
2609,トリートF Boots,
2610,トリートFY Boots,
2611,トリートHC Boots,
2612,Tangusu Greaves,
2613,Tangusu F Greaves,
2614,Tangusu FY Greaves,
2615,Tangusu HC Greaves,
2616,Kobaruta Leggings,
2617,Kobaruta F Leggings,
2618,Kobaruta FY Leggings,
2619,Kobaruta HC Leggings,
2620,Dogumea Greaves,
2621,Dogumea F Greaves,
2622,Dogumea FY Greaves,
2623,Dogumea HC Greaves,
2624,Dogumea Leggings,
2625,Dogumea F Leggings,
2626,Dogumea FY Leggings,
2627,Dogumea HC Leggings,
2628,Madaru Greaves,
2629,Madaru F Greaves,
2630,Madaru FY Greaves,
2631,Madaru HC Greaves,
2632,Madaru Leggings,
2633,Madaru F Leggings,
2634,Madaru FY Leggings,
2635,Madaru HC Leggings,
2636,Diru HC Greaves,
2637,Diru HC Leggings,
2638,Vinen FY Greaves,
2639,Vinen HC Greaves,
2640,Vinen FY Boots,
2641,Vinen HC Boots,
2642,Breo FY Greaves,
2643,Breo HC Greaves,
2644,Kakabu F Feet,
2645,Kakabu FY Feet,
2646,Kakabu HC Feet,
2647,Kakabu F Leggings,
2648,Kakabu FY Leggings,
2649,Kakabu HC Leggings,
2650,Gospel FY Greaves,
2651,Gospel HC Greaves,
2652,Gospel FY Leggings,
2653,Gospel HC Leggings,
2654,Zodic Feet・Blue,
2655,Zodic F Feet・Blue,
2656,Zodic FZ Feet・Blue,
2657,Zodic Boots・Blue,
2658,Zodic F Boots・Blue,
2659,Zodic FZ Boots・Blue,
2660,Zodic Feet・Tea,
2661,Zodic F Feet・Tea,
2662,Zodic FZ Feet・Tea,
2663,Zodic Boots・Tea,
2664,Zodic F Boots・Tea,
2665,Zodic FZ Boots・Tea,
2666,Zodic Feet・Green,
2667,Zodic F Feet・Green,
2668,Zodic FZ Feet・Green,
2669,Zodic Boots・Green,
2670,Zodic F Boots・Green,
2671,Zodic FZ Boots・Green,
2672,Zodic Feet・Pink,
2673,Zodic F Feet・Pink,
2674,Zodic FZ Feet・Pink,
2675,Zodic Boots・Pink,
2676,Zodic F Boots・Pink,
2677,Zodic FZ Boots・Pink,
2678,Rast Feet・Black,
2679,Rast F Feet・Black,
2680,Rast FZ Feet・Black,
2681,Rast HC Feet・Black,
2682,Rast Boots・Black,
2683,Rast F Boots・Black,
2684,Rast FZ Boots・Black,
2685,Rast HC Boots・Black,
2686,Rast Feet・Blue,
2687,Rast F Feet・Blue,
2688,Rast FZ Feet・Blue,
2689,Rast HC Feet・Blue,
2690,Rast Boots・Blue,
2691,Rast F Boots・Blue,
2692,Rast FZ Boots・Blue,
2693,Rast HC Boots・Blue,
2694,Rast Feet・Crimson,
2695,Rast F Feet・Crimson,
2696,Rast FZ Feet・Crimson,
2697,Rast HC Feet・Crimson,
2698,Rast Boots・Crimson,
2699,Rast F Boots・Crimson,
2700,Rast FZ Boots・Crimson,
2701,Rast HC Boots・Crimson,
2702,Rast Feet・White,
2703,Rast F Feet・White,
2704,Rast FZ Feet・White,
2705,Rast HC Feet・White,
2706,Rast Boots・White,
2707,Rast F Boots・White,
2708,Rast FZ Boots・White,
2709,Rast HC Boots・White,
2710,Latria Feet,
2711,Latria F Feet,
2712,Latria FZ Feet,
2713,Latria Boots,
2714,Latria F Boots,
2715,Latria FZ Boots,
2716,Kemor Feet,
2717,Kemor F Feet,
2718,Kemor FZ Feet,
2719,Kemor Leggings,
2720,Kemor F Leggings,
2721,Kemor FZ Leggings,
2722,ダミー,
2723,ダミー,
2724,剣士ランク１,
2725,剣士ランク２,
2726,剣士ランク３,
2727,剣士ランク４,
2728,剣士ランク５,
2729,剣士ランク６,
2730,剣士ランク７,
2731,ガンランク１,
2732,ガンランク２,
2733,ガンランク３,
2734,ガンランク４,
2735,ガンランク５,
2736,ガンランク６,
2737,ガンランク７,
2738,デュスノF Greaves,
2739,デュスノF Leggings,
2740,Blitz FXレガース,
2741,Blitz FX Boots,
2742,Flame FX Greaves,
2743,Flame FX Leggings,
2744,Wind FXペイル,
2745,Wind FXハディ,
2746,武者FX【具足】,
2747,日光FX【具足】,
2748,Wadatsumi FX【具足】,
2749,Okami FX【具足】,
2750,Raviente HC Greaves,
2751,Raviente HC Leggings,
2752,Espinas HC Heel,
2753,Espinas HC March,
2754,Vashimu HC Greaves,
2755,Vashimu HC Leggings,
2756,Vashimu HC Greaves Yellow,
2757,Vashimu HC Leggings Yellow,
2758,Vashimu HC Greaves Green,
2759,Vashimu HC Leggings Green,
2760,Vashimu HC Greaves Crimson,
2761,Vashimu HC Leggings Crimson,
2762,Inari HC【具足】,
2763,Tamamo HC【具足】,
2764,Beru HC Greaves,
2765,Beru HC Leggings,
2766,Pariapuria HC Greaves,
2767,Pariapuria HC Leggings,
2768,Guren HC Greaves,
2769,Guren HC Leggings,
2770,Kagura HC【 Hakama 】,
2771,Kamiza HC【 Hakama 】,
2772,Gogomoa HC Greaves,
2773,Gogomoa HC Leggings,
2774,Ruko HC Feet,
2775,Ruko HC Legs,
2776,Zamuza HC Greaves,
2777,Zamuza HC Leggings,
2778,Abiorugu HC Greaves,
2779,Abiorugu HC Leggings,
2780,Kuaru HC Greaves,
2781,Kuaru HC Leggings,
2782,Text HC Feet・Purple,
2783,Text HC Boots・Purple,
2784,Text HC Feet・Green,
2785,Text HC Boots・Green,
2786,Text HC Feet・Blue,
2787,Text HC Boots・Blue,
2788,Text HC Feet・Black,
2789,Text HC Boots・Black,
2790,Suriito HC Feet・Yellow,
2791,Suriito HC Boots・Yellow,
2792,Suriito HC Feet・Silver,
2793,Suriito HC Boots・Silver,
2794,Suriito HC Feet・Red,
2795,Suriito HC Boots・Red,
2796,Suriito HC Feet・Blue,
2797,Suriito HC Boots・Blue,
2798,Steno HC Greaves・Orange,
2799,Steno HC Leggings・Orange,
2800,Steno HC Greaves・Peach,
2801,Steno HC Leggings・Peach,
2802,Steno HC Greaves・Blue,
2803,Steno HC Leggings・Blue,
2804,Steno HC Greaves・Red,
2805,Steno HC Leggings・Red,
2806,Rage FZ Feet,
2807,Rage HC Feet,
2808,Rage FZ Boots,
2809,Rage HC Boots,
2810,Rampage FZ Feet,
2811,Rampage HC Feet,
2812,Rampage FZ Boots,
2813,Rampage HC Boots,
2814,Blaze FZ Feet,
2815,Blaze HC Feet,
2816,Blaze FZ Boots,
2817,Blaze HC Boots,
2818,Arge HC Feet,
2819,Arge HC Boots,
2820,Camarera HC Feet,
2821,Camarera HC Boots,
2822,Metenera HC Feet,
2823,Metenera HC Boots,
2824,Pharan FZ Feet・White,
2825,Pharan HC Feet・White,
2826,Pharan FZ Boots・White,
2827,Pharan HC Boots・White,
2828,Pharan FZ Feet・Black,
2829,Pharan HC Feet・Black,
2830,Pharan FZ Boots・Black,
2831,Pharan HC Boots・Black,
2832,Pharan FZ Feet・Red,
2833,Pharan HC Feet・Red,
2834,Pharan FZ Boots・Red,
2835,Pharan HC Boots・Red,
2836,Pharan FZ Feet・Blue,
2837,Pharan HC Feet・Blue,
2838,Pharan FZ Boots・Blue,
2839,Pharan HC Boots・Blue,
2840,Zodic HC Feet・Blue,
2841,Zodic HC Boots・Blue,
2842,Zodic HC Feet・Tea,
2843,Zodic HC Boots・Tea,
2844,Zodic HC Feet・Green,
2845,Zodic HC Boots・Green,
2846,Zodic HC Feet・Pink,
2847,Zodic HC Boots・Pink,
2848,Raviente HS Greaves,
2849,Raviente HS Leggings,
2850,Espinas HS Heel,
2851,Espinas HS March,
2852,Vashimu HS Greaves,
2853,Vashimu HS Leggings,
2854,Vashimu HS Greaves Yellow,
2855,Vashimu HS Leggings Yellow,
2856,Vashimu HS Greaves Green,
2857,Vashimu HS Leggings Green,
2858,Vashimu HS Greaves Crimson,
2859,Vashimu HS Leggings Crimson,
2860,Inari HS【具足】,
2861,Tamamo HS【具足】,
2862,Beru HS Greaves,
2863,Beru HS Leggings,
2864,Pariapuria HS Greaves,
2865,Pariapuria HS Leggings,
2866,Guren HS Greaves,
2867,Guren HS Leggings,
2868,Kagura HS【 Hakama 】,
2869,Kamiza HS【 Hakama 】,
2870,Gogomoa HS Greaves,
2871,Gogomoa HS Leggings,
2872,Ruko HS Feet,
2873,Ruko HS Legs,
2874,Zamuza HS Greaves,
2875,Zamuza HS Leggings,
2876,Abiorugu HS Greaves,
2877,Abiorugu HS Leggings,
2878,Kuaru HS Greaves,
2879,Kuaru HS Leggings,
2880,Lils F Greaves,
2881,Lils F Leggings,
2882,Lils FX Greaves,
2883,Lils FX Leggings,
2884,Zodic HS Feet・Blue,
2885,Zodic HS Boots・Blue,
2886,Zodic HS Feet・Tea,
2887,Zodic HS Boots・Tea,
2888,Zodic HS Feet・Green,
2889,Zodic HS Boots・Green,
2890,Zodic HS Feet・Pink,
2891,Zodic HS Boots・Pink,
2892,Rast HS Feet・Black,
2893,Rast HS Boots・Black,
2894,Rast HS Feet・Blue,
2895,Rast HS Boots・Blue,
2896,Rast HS Feet・Crimson,
2897,Rast HS Boots・Crimson,
2898,Rast HS Feet・White,
2899,Rast HS Boots・White,
2900,Cloth Feet・Red,
2901,Cloth F Feet・Red,
2902,Cloth FZ Feet・Red,
2903,Cloth HC Feet・Red,
2904,Cloth HS Feet・Red,
2905,Cloth Boots・Red,
2906,Cloth F Boots・Red,
2907,Cloth FZ Boots・Red,
2908,Cloth HC Boots・Red,
2909,Cloth HS Boots・Red,
2910,Cloth Feet・Blue,
2911,Cloth F Feet・Blue,
2912,Cloth FZ Feet・Blue,
2913,Cloth HC Feet・Blue,
2914,Cloth HS Feet・Blue,
2915,Cloth Boots・Blue,
2916,Cloth F Boots・Blue,
2917,Cloth FZ Boots・Blue,
2918,Cloth HC Boots・Blue,
2919,Cloth HS Boots・Blue,
2920,Cloth Feet・Purple,
2921,Cloth F Feet・Purple,
2922,Cloth FZ Feet・Purple,
2923,Cloth HC Feet・Purple,
2924,Cloth HS Feet・Purple,
2925,Cloth Boots・Purple,
2926,Cloth F Boots・Purple,
2927,Cloth FZ Boots・Purple,
2928,Cloth HC Boots・Purple,
2929,Cloth HS Boots・Purple,
2930,Cloth Feet・Green,
2931,Cloth F Feet・Green,
2932,Cloth FZ Feet・Green,
2933,Cloth HC Feet・Green,
2934,Cloth HS Feet・Green,
2935,Cloth Boots・Green,
2936,Cloth F Boots・Green,
2937,Cloth FZ Boots・Green,
2938,Cloth HC Boots・Green,
2939,Cloth HS Boots・Green,
2940,Issen 【具足】・Red,
2941,Issen F【具足】・Red,
2942,Issen FZ【具足】・Red,
2943,Issen HC【具足】・Red,
2944,Issen HS【具足】・Red,
2945,構射【具足】・Red,
2946,構射F【具足】・Red,
2947,構射FZ【具足】・Red,
2948,構射HC【具足】・Red,
2949,構射HS【具足】・Red,
2950,Issen 【具足】・Blue,
2951,Issen F【具足】・Blue,
2952,Issen FZ【具足】・Blue,
2953,Issen HC【具足】・Blue,
2954,Issen HS【具足】・Blue,
2955,構射【具足】・Blue,
2956,構射F【具足】・Blue,
2957,構射FZ【具足】・Blue,
2958,構射HC【具足】・Blue,
2959,構射HS【具足】・Blue,
2960,Issen 【具足】・Yellow,
2961,Issen F【具足】・Yellow,
2962,Issen FZ【具足】・Yellow,
2963,Issen HC【具足】・Yellow,
2964,Issen HS【具足】・Yellow,
2965,構射【具足】・Yellow,
2966,構射F【具足】・Yellow,
2967,構射FZ【具足】・Yellow,
2968,構射HC【具足】・Yellow,
2969,構射HS【具足】・Yellow,
2970,Issen 【具足】・Black,
2971,Issen F【具足】・Black,
2972,Issen FZ【具足】・Black,
2973,Issen HC【具足】・Black,
2974,Issen HS【具足】・Black,
2975,構射【具足】・Black,
2976,構射F【具足】・Black,
2977,構射FZ【具足】・Black,
2978,構射HC【具足】・Black,
2979,構射HS【具足】・Black,
2980,蜂針【具足】・Orange,
2981,蜂針F【具足】・Orange,
2982,蜂針FZ【具足】・Orange,
2983,蜂針HC【具足】・Orange,
2984,蜂針HS【具足】・Orange,
2985,気弾【具足】・Orange,
2986,気弾F【具足】・Orange,
2987,気弾FZ【具足】・Orange,
2988,気弾HC【具足】・Orange,
2989,気弾HS【具足】・Orange,
2990,蜂針【具足】・Blue,
2991,蜂針F【具足】・Blue,
2992,蜂針FZ【具足】・Blue,
2993,蜂針HC【具足】・Blue,
2994,蜂針HS【具足】・Blue,
2995,気弾【具足】・Blue,
2996,気弾F【具足】・Blue,
2997,気弾FZ【具足】・Blue,
2998,気弾HC【具足】・Blue,
2999,気弾HS【具足】・Blue,
3000,蜂針【具足】・Yellow,
3001,蜂針F【具足】・Yellow,
3002,蜂針FZ【具足】・Yellow,
3003,蜂針HC【具足】・Yellow,
3004,蜂針HS【具足】・Yellow,
3005,気弾【具足】・Yellow,
3006,気弾F【具足】・Yellow,
3007,気弾FZ【具足】・Yellow,
3008,気弾HC【具足】・Yellow,
3009,気弾HS【具足】・Yellow,
3010,蜂針【具足】・Black,
3011,蜂針F【具足】・Black,
3012,蜂針FZ【具足】・Black,
3013,蜂針HC【具足】・Black,
3014,蜂針HS【具足】・Black,
3015,気弾【具足】・Black,
3016,気弾F【具足】・Black,
3017,気弾FZ【具足】・Black,
3018,気弾HC【具足】・Black,
3019,気弾HS【具足】・Black,
3020,Algol F Greaves,
3021,Algol FX Greaves,
3022,Algol F Leggings,
3023,Algol FX Leggings,
3024,抜胴【具足】,
3025,抜胴F【具足】,
3026,抜胴FZ【具足】,
3027,抜胴HS【具足】,
3028,長根【具足】,
3029,長根F【具足】,
3030,長根FZ【具足】,
3031,長根HS【具足】,
3032,花火【具足】,
3033,花火F【具足】,
3034,花火FZ【具足】,
3035,花火HS【具足】,
3036,流星【具足】,
3037,流星F【具足】,
3038,流星FZ【具足】,
3039,流星HS【具足】,
3040,居合【具足】,
3041,居合F【具足】,
3042,居合FZ【具足】,
3043,居合HC【具足】,
3044,爆裂【具足】,
3045,爆裂F【具足】,
3046,爆裂FZ【具足】,
3047,爆裂HC【具足】,
3048,脱兎【具足】,
3049,脱兎F【具足】,
3050,脱兎FZ【具足】,
3051,脱兎HC【具足】,
3052,Violent 咲【具足】,
3053,Violent 咲F【具足】,
3054,Violent 咲FZ【具足】,
3055,Violent 咲HC【具足】,
3056,正拳FZ脚着,
3057,正拳HC脚着,
3058,灼熱FZ脚着,
3059,灼熱HC脚着,
3060,龍星FZ脚着,
3061,龍星HC脚着,
3062,虎襲FZ脚着,
3063,虎襲HC脚着,
3064,Kontao Feet,
3065,Kontao F Feet,
3066,Kontao FZ Feet,
3067,ダミー,
3068,ダミー,
3069,Kontao Boots,
3070,Kontao F Boots,
3071,Kontao FZ Boots,
3072,ダミー,
3073,ダミー,
3074,Gloria Feet・Gold,
3075,Gloria F Feet・Gold,
3076,Gloria FZ Feet・Gold,
3077,Gloria HC Feet・Gold,
3078,Gloria HS Feet・Gold,
3079,Gloria Boots・Gold,
3080,Gloria F Boots・Gold,
3081,Gloria FZ Boots・Gold,
3082,Gloria HC Boots・Gold,
3083,Gloria HS Boots・Gold,
3084,Gloria Feet・Blue,
3085,Gloria F Feet・Blue,
3086,Gloria FZ Feet・Blue,
3087,Gloria HC Feet・Blue,
3088,Gloria HS Feet・Blue,
3089,Gloria Boots・Blue,
3090,Gloria F Boots・Blue,
3091,Gloria FZ Boots・Blue,
3092,Gloria HC Boots・Blue,
3093,Gloria HS Boots・Blue,
3094,Gloria Feet・Water,
3095,Gloria F Feet・Water,
3096,Gloria FZ Feet・Water,
3097,Gloria HC Feet・Water,
3098,Gloria HS Feet・Water,
3099,Gloria Boots・Water,
3100,Gloria F Boots・Water,
3101,Gloria FZ Boots・Water,
3102,Gloria HC Boots・Water,
3103,Gloria HS Boots・Water,
3104,Gloria Feet・Red,
3105,Gloria F Feet・Red,
3106,Gloria FZ Feet・Red,
3107,Gloria HC Feet・Red,
3108,Gloria HS Feet・Red,
3109,Gloria Boots・Red,
3110,Gloria F Boots・Red,
3111,Gloria FZ Boots・Red,
3112,Gloria HC Boots・Red,
3113,Gloria HS Boots・Red,
3114,Shinryu 脚着・Red,
3115,Shinryu F脚着・Red,
3116,Shinryu FZ脚着・Red,
3117,Shinryu HC脚着・Red,
3118,Shinryu HS脚着・Red,
3119,Reppa 脚着・Red,
3120,Reppa F脚着・Red,
3121,Reppa FZ脚着・Red,
3122,Reppa HC脚着・Red,
3123,Reppa HS脚着・Red,
3124,Shinryu 脚着・White,
3125,Shinryu F脚着・White,
3126,Shinryu FZ脚着・White,
3127,Shinryu HC脚着・White,
3128,Shinryu HS脚着・White,
3129,Reppa 脚着・White,
3130,Reppa F脚着・White,
3131,Reppa FZ脚着・White,
3132,Reppa HC脚着・White,
3133,Reppa HS脚着・White,
3134,Shinryu 脚着・Purple,
3135,Shinryu F脚着・Purple,
3136,Shinryu FZ脚着・Purple,
3137,Shinryu HC脚着・Purple,
3138,Shinryu HS脚着・Purple,
3139,Reppa 脚着・Purple,
3140,Reppa F脚着・Purple,
3141,Reppa FZ脚着・Purple,
3142,Reppa HC脚着・Purple,
3143,Reppa HS脚着・Purple,
3144,Shinryu 脚着・Yellow,
3145,Shinryu F脚着・Yellow,
3146,Shinryu FZ脚着・Yellow,
3147,Shinryu HC脚着・Yellow,
3148,Shinryu HS脚着・Yellow,
3149,Reppa 脚着・Yellow,
3150,Reppa F脚着・Yellow,
3151,Reppa FZ脚着・Yellow,
3152,Reppa HC脚着・Yellow,
3153,Reppa HS脚着・Yellow,
3154,Cannon タイツ・Water,
3155,Cannon Fタイツ・Water,
3156,Cannon FZタイツ・Water,
3157,Cannon HCタイツ・Water,
3158,Cannon HSタイツ・Water,
3159,Axel タイツ・Water,
3160,Axel Fタイツ・Water,
3161,Axel FZタイツ・Water,
3162,Axel HCタイツ・Water,
3163,Axel HSタイツ・Water,
3164,Cannon タイツ・Green,
3165,Cannon Fタイツ・Green,
3166,Cannon FZタイツ・Green,
3167,Cannon HCタイツ・Green,
3168,Cannon HSタイツ・Green,
3169,Axel タイツ・Green,
3170,Axel Fタイツ・Green,
3171,Axel FZタイツ・Green,
3172,Axel HCタイツ・Green,
3173,Axel HSタイツ・Green,
3174,Cannon タイツ・Peach,
3175,Cannon Fタイツ・Peach,
3176,Cannon FZタイツ・Peach,
3177,Cannon HCタイツ・Peach,
3178,Cannon HSタイツ・Peach,
3179,Axel タイツ・Peach,
3180,Axel Fタイツ・Peach,
3181,Axel FZタイツ・Peach,
3182,Axel HCタイツ・Peach,
3183,Axel HSタイツ・Peach,
3184,Cannon タイツ・Purple,
3185,Cannon Fタイツ・Purple,
3186,Cannon FZタイツ・Purple,
3187,Cannon HCタイツ・Purple,
3188,Cannon HSタイツ・Purple,
3189,Axel タイツ・Purple,
3190,Axel Fタイツ・Purple,
3191,Axel FZタイツ・Purple,
3192,Axel HCタイツ・Purple,
3193,Axel HSタイツ・Purple,
3194,剣士ランク8,
3195,剣士ランク9,
3196,ガンランク8,
3197,ガンランク9,
3198,ダミー,
3199,ダミー,
3200,ダミー,
3201,ダミー,
3202,ダミー,
3203,ダミー,
3204,ダミー,
3205,ダミー,
3206,ダミー,
3207,ダミー,
3208,ダミー,
3209,ダミー,
3210,ダミー,
3211,ダミー,
3212,ダミー,
3213,ダミー,
3214,ダミー,
3215,ダミー,
3216,ダミー,
3217,ダミー,
3218,ダミー,
3219,ダミー,
3220,ダミー,
3221,ダミー,
3222,ダミー,
3223,ダミー,
3224,ダミー,
3225,ダミー,
3226,ダミー,
3227,ダミー,
3228,ダミー,
3229,ダミー,
3230,ダミー,
3231,ダミー,
3232,Hope Boots,
3233,エミット Greaves,
3234,エミットF Greaves,
3235,エミットFX Greaves,
3236,エミット Leggings,
3237,エミットF Leggings,
3238,エミットFX Leggings,
3239,Diboa Greaves,
3240,Diboa F Greaves,
3241,Diboa FX Greaves,
3242,Diboa Leggings,
3243,Diboa F Leggings,
3244,Diboa FX Leggings,
3245,Pietra G Greaves,
3246,Pietra GF Greaves,
3247,Pietra G Leggings,
3248,Pietra GF Leggings,
3249,Pokara G Greaves,
3250,Pokara GF Greaves,
3251,Pokara G Leggings,
3252,Pokara GF Leggings,
3253,Hermitaur G Greaves,
3254,Hermitaur GF Greaves,
3255,Hermitaur G Leggings,
3256,Hermitaur GF Leggings,
3257,Kut-Ku G Greaves,
3258,Kut-Ku GF Greaves,
3259,Kut-Ku G Leggings,
3260,Kut-Ku GF Leggings,
3261,Farunokku G Greaves,
3262,Farunokku GF Greaves,
3263,Farunokku G Leggings,
3264,Farunokku GF Leggings,
3265,Gypceros G Greaves,
3266,Gypceros GF Greaves,
3267,Gypceros G Leggings,
3268,Gypceros GF Leggings,
3269,Conga G Greaves,
3270,Conga GF Greaves,
3271,Conga G Leggings,
3272,Conga GF Leggings,
3273,Hyuji G Greaves,
3274,Hyuji GF Greaves,
3275,Hyuji G Leggings,
3276,Hyuji GF Leggings,
3277,Basarios G Greaves,
3278,Basarios GF Greaves,
3279,Basarios G Leggings,
3280,Basarios GF Leggings,
3281,Rathian G Greaves,
3282,Rathian GF Greaves,
3283,Rathian G Leggings,
3284,Rathian GF Leggings,
3285,Ceanataur G Greaves,
3286,Ceanataur GF Greaves,
3287,Ceanataur G Leggings,
3288,Ceanataur GF Leggings,
3289,Mikagura G【 Hakama 】,
3290,Mikagura GF【 Hakama 】,
3291,Satokagura G【 Hakama 】,
3292,Satokagura GF【 Hakama 】,
3293,Rathalos G Greaves,
3294,Rathalos GF Greaves,
3295,Rathalos G Leggings,
3296,Rathalos GF Leggings,
3297,Blango G Greaves,
3298,Blango GF Greaves,
3299,Blango G Leggings,
3300,Blango GF Leggings,
3301,Khezu G Greaves,
3302,Khezu GF Greaves,
3303,Khezu G Leggings,
3304,Khezu GF Leggings,
3305,Hope G Greaves,
3306,Hope GF Greaves,
3307,Hope G Leggings,
3308,Hope GF Leggings,
3309,グラッシュ Feet,
3310,グラッシュF Feet,
3311,グラッシュFY Feet,
3312,グラッシュHC Feet,
3313,グラッシュ Boots,
3314,グラッシュF Boots,
3315,グラッシュFY Boots,
3316,グラッシュHC Boots,
3317,Tandress Feet,
3318,Tandress F Feet,
3319,Tandress FY Feet,
3320,Tandress HC Feet,
3321,Tandress Boots,
3322,Tandress F Boots,
3323,Tandress FY Boots,
3324,Tandress HC Boots,
3325,ダミー,
3326,ダミー,
3327,ダミー,
3328,ダミー,
3329,ダミー,
3330,ダミー,
3331,ダミー,
3332,ダミー,
3333,Roses G Greaves,
3334,Roses G Leggings,
3335,シェルカGレッグ,
3336,チェスカG Boots,
3337,ロアースGレッグ,
3338,ライードG Boots,
3339,Green 竜ノ具足【脛当】,
3340,Green 竜ノ具足F【脛当】,
3341,Green 竜ノ具足FZ【脛当】,
3342,Green 竜ノ具足HC【脛当】,
3343,Green 竜ノ具足HS【脛当】,
3344,Green 竜ノ Haori 【脛当】,
3345,Green 竜ノ Haori F【脛当】,
3346,Green 竜ノ Haori FZ【脛当】,
3347,Green 竜ノ Haori HC【脛当】,
3348,Green 竜ノ Haori HS【脛当】,
3349,Ukon キック,
3350,Ukon Fキック,
3351,Ukon FZキック,
3352,Ukon HCキック,
3353,Ukon Boots,
3354,Ukon F Boots,
3355,Ukon FZ Boots,
3356,Ukon HC Boots,
3357,Ukon HSキック,
3358,Ukon GSキック,
3359,Ukon HS Boots,
3360,Ukon GS Boots,
3361,Green 竜ノ具足GS【脛当】,
3362,Green 竜ノ Haori GS【脛当】,
3363,Roses GF Greaves,
3364,Roses GF Leggings,
3365,ダミー,
3366,ダミー,
3367,Magos Feet・Yellow,
3368,Magos F Feet・Yellow,
3369,Magos FZ Feet・Yellow,
3370,Magos HC Feet・Yellow,
3371,Magos HS Feet・Yellow,
3372,Magos Boots・Yellow,
3373,Magos F Boots・Yellow,
3374,Magos FZ Boots・Yellow,
3375,Magos HC Boots・Yellow,
3376,Magos HS Boots・Yellow,
3377,Magos Feet・Red,
3378,Magos F Feet・Red,
3379,Magos FZ Feet・Red,
3380,Magos HC Feet・Red,
3381,Magos HS Feet・Red,
3382,Magos Boots・Red,
3383,Magos F Boots・Red,
3384,Magos FZ Boots・Red,
3385,Magos HC Boots・Red,
3386,Magos HS Boots・Red,
3387,Magos Feet・Water,
3388,Magos F Feet・Water,
3389,Magos FZ Feet・Water,
3390,Magos HC Feet・Water,
3391,Magos HS Feet・Water,
3392,Magos Boots・Water,
3393,Magos F Boots・Water,
3394,Magos FZ Boots・Water,
3395,Magos HC Boots・Water,
3396,Magos HS Boots・Water,
3397,Magos Feet・Blue,
3398,Magos F Feet・Blue,
3399,Magos FZ Feet・Blue,
3400,Magos HC Feet・Blue,
3401,Magos HS Feet・Blue,
3402,Magos Boots・Blue,
3403,Magos F Boots・Blue,
3404,Magos FZ Boots・Blue,
3405,Magos HC Boots・Blue,
3406,Magos HS Boots・Blue,
3407,Magos GS Feet・Yellow,
3408,Magos GS Boots・Yellow,
3409,Magos GS Feet・Red,
3410,Magos GS Boots・Red,
3411,Magos GS Feet・Water,
3412,Magos GS Boots・Water,
3413,Magos GS Feet・Blue,
3414,Magos GS Boots・Blue,
3415,Red 備ノ具足【脛当】,
3416,Red 備ノ具足F【脛当】,
3417,Red 備ノ具足FZ【脛当】,
3418,Red 備ノ具足HC【脛当】,
3419,Red 備ノ具足HS【脛当】,
3420,Red 備ノ具足GS【脛当】,
3421,Red 備ノ Haori 【脛当】,
3422,Red 備ノ Haori F【脛当】,
3423,Red 備ノ Haori FZ【脛当】,
3424,Red 備ノ Haori HC【脛当】,
3425,Red 備ノ Haori HS【脛当】,
3426,Red 備ノ Haori GS【脛当】,
3427,Miku Feet,
3428,Miku F Feet,
3429,Miku FZ Feet,
3430,Miku HC Feet,
3431,Miku HS Feet,
3432,Miku GS Feet,
3433,Miku Boots,
3434,Miku F Boots,
3435,Miku FZ Boots,
3436,Miku HC Boots,
3437,Miku HS Boots,
3438,Miku GS Boots,
3439,Akahara Reisou BM Legs Red,
3440,Akahara Reisou BM Legs F Red,
3441,Akahara Reisou BM Legs FZ Red,
3442,Akahara Reisou BM Legs HC Red,
3443,Akahara Reisou BM Legs HS Red,
3444,Akahara Reisou BM Legs GS Red,
3445,Akahara Reisou GN Legs Red,
3446,Akahara Reisou GN Legs F Red,
3447,Akahara Reisou GN Legs FZ Red,
3448,Akahara Reisou GN Legs HC Red,
3449,Akahara Reisou GN Legs HS Red,
3450,Akahara Reisou GN Legs GS Red,
3451,Akahara Reisou BM Legs Blue,
3452,Akahara Reisou BM Legs F Blue,
3453,Akahara Reisou BM Legs FZ Blue,
3454,Akahara Reisou BM Legs HC Blue,
3455,Akahara Reisou BM Legs HS Blue,
3456,Akahara Reisou BM Legs GS Blue,
3457,Akahara Reisou GN Legs Blue,
3458,Akahara Reisou GN Legs F Blue,
3459,Akahara Reisou GN Legs FZ Blue,
3460,Akahara Reisou GN Legs HC Blue,
3461,Akahara Reisou GN Legs HS Blue,
3462,Akahara Reisou GN Legs GS Blue,
3463,Akahara Reisou BM Legs Black,
3464,Akahara Reisou BM Legs F Black,
3465,Akahara Reisou BM Legs FZ Black,
3466,Akahara Reisou BM Legs HC Black,
3467,Akahara Reisou BM Legs HS Black,
3468,Akahara Reisou BM Legs GS Black,
3469,Akahara Reisou GN Legs Black,
3470,Akahara Reisou GN Legs F Black,
3471,Akahara Reisou GN Legs FZ Black,
3472,Akahara Reisou GN Legs HC Black,
3473,Akahara Reisou GN Legs HS Black,
3474,Akahara Reisou GN Legs GS Black,
3475,Akahara Reisou BM Legs White,
3476,Akahara Reisou BM Legs F White,
3477,Akahara Reisou BM Legs FZ White,
3478,Akahara Reisou BM Legs HC White,
3479,Akahara Reisou BM Legs HS White,
3480,Akahara Reisou BM Legs GS White,
3481,Akahara Reisou GN Legs White,
3482,Akahara Reisou GN Legs F White,
3483,Akahara Reisou GN Legs FZ White,
3484,Akahara Reisou GN Legs HC White,
3485,Akahara Reisou GN Legs HS White,
3486,Akahara Reisou GN Legs GS White,
3487,Knight King Legs BM Blue,
3488,Knight King Legs BM F Blue,
3489,Knight King Legs BM FZ Blue,
3490,Knight King Legs BM HC Blue,
3491,Knight King Legs BM HS Blue,
3492,Knight King Legs BM GS Blue,
3493,Knight King Legs GN Blue,
3494,Knight King Legs GN F Blue,
3495,Knight King Legs GN FZ Blue,
3496,Knight King Legs GN HC Blue,
3497,Knight King Legs GN HS Blue,
3498,Knight King Legs GN GS Blue,
3499,Knight King Legs BM Red,
3500,Knight King Legs BM F Red,
3501,Knight King Legs BM FZ Red,
3502,Knight King Legs BM HC Red,
3503,Knight King Legs BM HS Red,
3504,Knight King Legs BM GS Red,
3505,Knight King Legs GN Red,
3506,Knight King Legs GN F Red,
3507,Knight King Legs GN FZ Red,
3508,Knight King Legs GN HC Red,
3509,Knight King Legs GN HS Red,
3510,Knight King Legs GN GS Red,
3511,Knight King Legs BM Black,
3512,Knight King Legs BM F Black,
3513,Knight King Legs BM FZ Black,
3514,Knight King Legs BM HC Black,
3515,Knight King Legs BM HS Black,
3516,Knight King Legs BM GS Black,
3517,Knight King Legs GN Black,
3518,Knight King Legs GN F Black,
3519,Knight King Legs GN FZ Black,
3520,Knight King Legs GN HC Black,
3521,Knight King Legs GN HS Black,
3522,Knight King Legs GN GS Black,
3523,Knight King Legs BM White,
3524,Knight King Legs BM F White,
3525,Knight King Legs BM FZ White,
3526,Knight King Legs BM HC White,
3527,Knight King Legs BM HS White,
3528,Knight King Legs BM GS White,
3529,Knight King Legs GN White,
3530,Knight King Legs GN F White,
3531,Knight King Legs GN FZ White,
3532,Knight King Legs GN HC White,
3533,Knight King Legs GN HS White,
3534,Knight King Legs GN GS White,
3535,ヴェルフFZ Greaves,
3536,ヴェルフHC Greaves,
3537,ヴェルフFZ Leggings,
3538,ヴェルフHC Leggings,
3539,テリオグFZ Greaves,
3540,テリオグHC Greaves,
3541,テリオグFZ Leggings,
3542,テリオグHC Leggings,
3543,Beil FZ Divider,
3544,Beil HC Divider,
3545,Pietra GX Greaves,
3546,Pietra GX Leggings,
3547,Pokara GX Greaves,
3548,Pokara GX Leggings,
3549,Hermitaur GX Greaves,
3550,Hermitaur GX Leggings,
3551,Kut-Ku GX Greaves,
3552,Kut-Ku GX Leggings,
3553,Farunokku GX Greaves,
3554,Farunokku GX Leggings,
3555,Gypceros GX Greaves,
3556,Gypceros GX Leggings,
3557,Conga GX Greaves,
3558,Conga GX Leggings,
3559,Hyuji GX Greaves,
3560,Hyuji GX Leggings,
3561,Basarios GX Greaves,
3562,Basarios GX Leggings,
3563,Rathian GX Greaves,
3564,Rathian GX Leggings,
3565,Ceanataur GX Greaves,
3566,Ceanataur GX Leggings,
3567,Mikagura GX【 Hakama 】,
3568,Satokagura GX【 Hakama 】,
3569,Rathalos GX Greaves,
3570,Rathalos GX Leggings,
3571,Blango GX Greaves,
3572,Blango GX Leggings,
3573,Khezu GX Greaves,
3574,Khezu GX Leggings,
3575,Hope GX Greaves,
3576,Hope GX Leggings,
3577,Gougarf G Greaves,
3578,Gougarf GF Greaves,
3579,Gougarf GX Greaves,
3580,Gougarf G Leggings,
3581,Gougarf GF Leggings,
3582,Gougarf GX Leggings,
3583,Shourou 【端足】G,
3584,Shourou 【端足】GF,
3585,Shourou 【端足】GX,
3586,Mitama 【端足】G,
3587,Mitama 【端足】GF,
3588,Mitama 【端足】GX,
3589,Giaorugu G Greaves,
3590,Giaorugu GF Greaves,
3591,Giaorugu GX Greaves,
3592,Giaorugu G Leggings,
3593,Giaorugu GF Leggings,
3594,Giaorugu GX Leggings,
3595,Gravios G Greaves,
3596,Gravios GF Greaves,
3597,Gravios GX Greaves,
3598,Gravios G Leggings,
3599,Gravios GF Leggings,
3600,Gravios GX Leggings,
3601,Tigrex G Greaves,
3602,Tigrex GF Greaves,
3603,Tigrex GX Greaves,
3604,Tigrex G Leggings,
3605,Tigrex GF Leggings,
3606,Tigrex GX Leggings,
3607,Paria G Greaves,
3608,Paria GF Greaves,
3609,Paria GX Greaves,
3610,Paria G Leggings,
3611,Paria GF Leggings,
3612,Paria GX Leggings,
3613,Torpedo G Greaves,
3614,Torpedo GF Greaves,
3615,Torpedo GX Greaves,
3616,Torpedo G Leggings,
3617,Torpedo GF Leggings,
3618,Torpedo GX Leggings,
3619,Lavasioth G Greaves,
3620,Lavasioth GF Greaves,
3621,Lavasioth GX Greaves,
3622,Lavasioth G Leggings,
3623,Lavasioth GF Leggings,
3624,Lavasioth GX Leggings,
3625,Espinas G Heel,
3626,Espinas GF Heel,
3627,Espinas GX Heel,
3628,Espinas G March,
3629,Espinas GF March,
3630,Espinas GX March,
3631,Golden Hakama・G,
3632,Golden Hakama・GF,
3633,Golden Hakama・GX,
3634,Puppeteer ノ Tabi・G,
3635,Puppeteer ノ Tabi・GF,
3636,Puppeteer ノ Tabi・GX,
3637,Rebidiora G Feet,
3638,Rebidiora GF Feet,
3639,Rebidiora GX Feet,
3640,Rebidiora G Legs,
3641,Rebidiora GF Legs,
3642,Rebidiora GX Legs,
3643,Garuga G Greaves,
3644,Garuga GF Greaves,
3645,Garuga GX Greaves,
3646,Garuga G Leggings,
3647,Garuga GF Leggings,
3648,Garuga GX Leggings,
3649,Vashimu G Greaves,
3650,Vashimu GF Greaves,
3651,Vashimu GX Greaves,
3652,Vashimu G Leggings,
3653,Vashimu GF Leggings,
3654,Vashimu GX Leggings,
3655,Guren G Greaves,
3656,Guren GF Greaves,
3657,Guren GX Greaves,
3658,Guren G Leggings,
3659,Guren GF Leggings,
3660,Guren GX Leggings,
3661,Inari G【Greaves】,
3662,Inari GF【Greaves】,
3663,Inari GX【Greaves】,
3664,Tamamo G【Greaves】,
3665,Tamamo GF【Greaves】,
3666,Tamamo GX【Greaves】,
3667,Disu G Greaves,
3668,Disu GF Greaves,
3669,Disu GX Greaves,
3670,Disu G Leggings,
3671,Disu GF Leggings,
3672,Disu GX Leggings,
3673,Shadow Tabi・G,
3674,Shadow Tabi・GF,
3675,Shadow Tabi・GX,
3676,Shade Tabi・G,
3677,Shade Tabi・GF,
3678,Shade Tabi・GX,
3679,Byakko・Kensei G Feet,
3680,Byakko・Kensei GF Feet,
3681,Suzaku・Kensei G Feet,
3682,Suzaku・Kensei GF Feet,
3683,Genbu・Kensei G Feet,
3684,Genbu・Kensei GF Feet,
3685,Seiryu・Kensei G Feet,
3686,Seiryu・Kensei GF Feet,
3687,Byakko・双龍G Feet,
3688,Byakko・双龍GF Feet,
3689,Suzaku・双龍G Feet,
3690,Suzaku・双龍GF Feet,
3691,Genbu・双龍G Feet,
3692,Genbu・双龍GF Feet,
3693,Seiryu・双龍G Feet,
3694,Seiryu・双龍GF Feet,
3695,Byakko・剣王G Feet,
3696,Byakko・剣王GF Feet,
3697,Suzaku・剣王G Feet,
3698,Suzaku・剣王GF Feet,
3699,Genbu・剣王G Feet,
3700,Genbu・剣王GF Feet,
3701,Seiryu・剣王G Feet,
3702,Seiryu・剣王GF Feet,
3703,Byakko・刀神G Feet,
3704,Byakko・刀神GF Feet,
3705,Suzaku・刀神G Feet,
3706,Suzaku・刀神GF Feet,
3707,Genbu・刀神G Feet,
3708,Genbu・刀神GF Feet,
3709,Seiryu・刀神G Feet,
3710,Seiryu・刀神GF Feet,
3711,Byakko・Heaven 槍G Feet,
3712,Byakko・Heaven 槍GF Feet,
3713,Suzaku・Heaven 槍G Feet,
3714,Suzaku・Heaven 槍GF Feet,
3715,Genbu・Heaven 槍G Feet,
3716,Genbu・Heaven 槍GF Feet,
3717,Seiryu・Heaven 槍G Feet,
3718,Seiryu・Heaven 槍GF Feet,
3719,Byakko・砲皇G Feet,
3720,Byakko・砲皇GF Feet,
3721,Suzaku・砲皇G Feet,
3722,Suzaku・砲皇GF Feet,
3723,Genbu・砲皇G Feet,
3724,Genbu・砲皇GF Feet,
3725,Seiryu・砲皇G Feet,
3726,Seiryu・砲皇GF Feet,
3727,Byakko・鈍器獣G Feet,
3728,Byakko・鈍器獣GF Feet,
3729,Suzaku・鈍器獣G Feet,
3730,Suzaku・鈍器獣GF Feet,
3731,Genbu・鈍器獣G Feet,
3732,Genbu・鈍器獣GF Feet,
3733,Seiryu・鈍器獣G Feet,
3734,Seiryu・鈍器獣GF Feet,
3735,Byakko・奏帝G Feet,
3736,Byakko・奏帝GF Feet,
3737,Suzaku・奏帝G Feet,
3738,Suzaku・奏帝GF Feet,
3739,Genbu・奏帝G Feet,
3740,Genbu・奏帝GF Feet,
3741,Seiryu・奏帝G Feet,
3742,Seiryu・奏帝GF Feet,
3743,Byakko・銃傑G Boots,
3744,Byakko・銃傑GF Boots,
3745,Suzaku・銃傑G Boots,
3746,Suzaku・銃傑GF Boots,
3747,Genbu・銃傑G Boots,
3748,Genbu・銃傑GF Boots,
3749,Seiryu・銃傑G Boots,
3750,Seiryu・銃傑GF Boots,
3751,Byakko・銃仙G Boots,
3752,Byakko・銃仙GF Boots,
3753,Suzaku・銃仙G Boots,
3754,Suzaku・銃仙GF Boots,
3755,Genbu・銃仙G Boots,
3756,Genbu・銃仙GF Boots,
3757,Seiryu・銃仙G Boots,
3758,Seiryu・銃仙GF Boots,
3759,Byakko・Bow 鬼G Boots,
3760,Byakko・Bow 鬼GF Boots,
3761,Suzaku・Bow 鬼G Boots,
3762,Suzaku・Bow 鬼GF Boots,
3763,Genbu・Bow 鬼G Boots,
3764,Genbu・Bow 鬼GF Boots,
3765,Seiryu・Bow 鬼G Boots,
3766,Seiryu・Bow 鬼GF Boots,
3767,Odiva G Greaves,
3768,Odiva G Leggings,
3769,Blitz Gレガース,
3770,Blitz G Boots,
3771,Flame G Greaves,
3772,Flame G Leggings,
3773,Wind Gペイル,
3774,Wind Gハディ,
3775,武者G [Greaves 】,
3776,日光G [Greaves 】,
3777,Wadatsumi G [Greaves 】,
3778,Okami G [Greaves 】,
3779,Lils G Greaves,
3780,Lils G Leggings,
3781,Algol G Greaves,
3782,Algol G Leggings,
3783,エミットG Greaves,
3784,エミットG Leggings,
3785,Diboa G Greaves,
3786,Diboa G Leggings,
3787,Demon Lord Legs,
3788,童子ノ Legs,
3789,レアー Boots,
3790,ハーデス Boots,
3791,レアー Leggings,
3792,ハーデス Leggings,
3793,Roses GX Greaves,
3794,Roses GX Leggings,
3795,Strega G Greaves,
3796,Strega GF Greaves,
3797,Strega GX Greaves,
3798,Strega G Leggings,
3799,Strega GF Leggings,
3800,Strega GX Leggings,
3801,Pics Feet・Green,
3802,Pics F Feet・Green,
3803,Pics FZ Feet・Green,
3804,Pics HC Feet・Green,
3805,Pics HS Feet・Green,
3806,Pics GS Feet・Green,
3807,Pics Boots・Green,
3808,Pics F Boots・Green,
3809,Pics FZ Boots・Green,
3810,Pics HC Boots・Green,
3811,Pics HS Boots・Green,
3812,Pics GS Boots・Green,
3813,Pics Feet・Purple,
3814,Pics F Feet・Purple,
3815,Pics FZ Feet・Purple,
3816,Pics HC Feet・Purple,
3817,Pics HS Feet・Purple,
3818,Pics GS Feet・Purple,
3819,Pics Boots・Purple,
3820,Pics F Boots・Purple,
3821,Pics FZ Boots・Purple,
3822,Pics HC Boots・Purple,
3823,Pics HS Boots・Purple,
3824,Pics GS Boots・Purple,
3825,Pics Feet・Black,
3826,Pics F Feet・Black,
3827,Pics FZ Feet・Black,
3828,Pics HC Feet・Black,
3829,Pics HS Feet・Black,
3830,Pics GS Feet・Black,
3831,Pics Boots・Black,
3832,Pics F Boots・Black,
3833,Pics FZ Boots・Black,
3834,Pics HC Boots・Black,
3835,Pics HS Boots・Black,
3836,Pics GS Boots・Black,
3837,Pics Feet・Water,
3838,Pics F Feet・Water,
3839,Pics FZ Feet・Water,
3840,Pics HC Feet・Water,
3841,Pics HS Feet・Water,
3842,Pics GS Feet・Water,
3843,Pics Boots・Water,
3844,Pics F Boots・Water,
3845,Pics FZ Boots・Water,
3846,Pics HC Boots・Water,
3847,Pics HS Boots・Water,
3848,Pics GS Boots・Water,
3849,Bright Greaves,
3850,Bright F Greaves,
3851,Bright FZ Greaves,
3852,Bright HC Greaves,
3853,Bright HS Greaves,
3854,Bright GS Greaves,
3855,Bright Leggings,
3856,Bright F Leggings,
3857,Bright FZ Leggings,
3858,Bright HC Leggings,
3859,Bright HS Leggings,
3860,Bright GS Leggings,
3861,Juari Greaves,
3862,Juari F Greaves,
3863,Juari FZ Greaves,
3864,Juari HC Greaves,
3865,Juari HS Greaves,
3866,Juari GS Greaves,
3867,Juari Leggings,
3868,Juari F Leggings,
3869,Juari FZ Leggings,
3870,Juari HC Leggings,
3871,Juari HS Leggings,
3872,Juari GS Leggings,
3873,Tinku Greaves,
3874,Tinku F Greaves,
3875,Tinku FZ Greaves,
3876,Tinku HC Greaves,
3877,Tinku HS Greaves,
3878,Tinku GS Greaves,
3879,Tinku Leggings,
3880,Tinku F Leggings,
3881,Tinku FZ Leggings,
3882,Tinku HC Leggings,
3883,Tinku HS Leggings,
3884,Tinku GS Leggings,
3885,Real FZ Feet・White,
3886,Real HC Feet・White,
3887,Real HS Feet・White,
3888,Real GS Feet・White,
3889,Real FZ Boots・White,
3890,Real HC Boots・White,
3891,Real HS Boots・White,
3892,Real GS Boots・White,
3893,Lien FZ Feet・Blue,
3894,Lien HC Feet・Blue,
3895,Lien HS Feet・Blue,
3896,Lien GS Feet・Blue,
3897,Lien FZ Boots・Blue,
3898,Lien HC Boots・Blue,
3899,Lien HS Boots・Blue,
3900,Lien GS Boots・Blue,
3901,Melety FZ Feet・White,
3902,Melety HC Feet・White,
3903,Melety HS Feet・White,
3904,Melety GS Feet・White,
3905,Melety FZ Boots・Blue,
3906,Melety HC Boots・Blue,
3907,Melety HS Boots・Blue,
3908,Melety GS Boots・Blue,
3909,Regelia FZ Feet・White,
3910,Regelia HC Feet・White,
3911,Regelia HS Feet・White,
3912,Regelia GS Feet・White,
3913,Regelia FZ Boots・Blue,
3914,Regelia HC Boots・Blue,
3915,Regelia HS Boots・Blue,
3916,Regelia GS Boots・Blue,
3917,Suriito HS Feet・Yellow,
3918,Suriito GS Feet・Yellow,
3919,Suriito HS Boots・Yellow,
3920,Suriito GS Boots・Yellow,
3921,Steno HS Greaves・Orange,
3922,Steno GS Greaves・Orange,
3923,Steno HS Leggings・Orange,
3924,Steno GS Leggings・Orange,
3925,Edio HC Feet・Blue,
3926,Edio HS Feet・Blue,
3927,Edio GS Feet・Blue,
3928,Edio HC Boots・Blue,
3929,Edio HS Boots・Blue,
3930,Edio GS Boots・Blue,
3931,Galitos HC Feet・Tea,
3932,Galitos HS Feet・Tea,
3933,Galitos GS Feet・Tea,
3934,Galitos HC Boots・Tea,
3935,Galitos HS Boots・Tea,
3936,Galitos GS Boots・Tea,
3937,ロットキック,
3938,ロットFキック,
3939,ロットFZキック,
3940,ロットHCキック,
3941,ロットHSキック,
3942,ロットGSキック,
3943,ロット Boots,
3944,ロットF Boots,
3945,ロットFZ Boots,
3946,ロットHC Boots,
3947,ロットHS Boots,
3948,ロットGS Boots,
3949,Blink F Feet,
3950,Blink F Boots,
3951,Smart F Leg,
3952,Smart FZ Leg,
3953,Smart HC Leg,
3954,Gougarf FX Greaves,
3955,Gougarf HS Greaves,
3956,Gougarf FX Leggings,
3957,Gougarf HS Leggings,
3958,Regyukusu HC Feet,
3959,Regyukusu HS Feet,
3960,Regyukusu GS Feet,
3961,Regyukusu HC Boots,
3962,Regyukusu HS Boots,
3963,Regyukusu GS Boots,
3964,Pistis HC Feet,
3965,Pistis HS Feet,
3966,Pistis GS Feet,
3967,Pistis HC Boots,
3968,Pistis HS Boots,
3969,Pistis GS Boots,
3970,Star Festival FZ Tabi 【 Red 】,
3971,Star Festival HC Tabi 【 Red 】,
3972,Star Festival HS Tabi 【 Red 】,
3973,Star Festival GS Tabi 【 Red 】,
3974,Tanabata FZ Tabi 【 Red 】,
3975,Tanabata HC Tabi 【 Red 】,
3976,Tanabata HS Tabi 【 Red 】,
3977,Tanabata GS Tabi 【 Red 】,
3978,Real FZ Feet・Gold,
3979,Real HC Feet・Gold,
3980,Real HS Feet・Gold,
3981,Real GS Feet・Gold,
3982,Real FZ Boots・Gold,
3983,Real HC Boots・Gold,
3984,Real HS Boots・Gold,
3985,Real GS Boots・Gold,
3986,Real FZ Feet・Blue,
3987,Real HC Feet・Blue,
3988,Real HS Feet・Blue,
3989,Real GS Feet・Blue,
3990,Real FZ Boots・Blue,
3991,Real HC Boots・Blue,
3992,Real HS Boots・Blue,
3993,Real GS Boots・Blue,
3994,Real FZ Feet・Red,
3995,Real HC Feet・Red,
3996,Real HS Feet・Red,
3997,Real GS Feet・Red,
3998,Real FZ Boots・Red,
3999,Real HC Boots・Red,
4000,Real HS Boots・Red,
4001,Real GS Boots・Red,
4002,Lien FZ Feet・Red,
4003,Lien HC Feet・Red,
4004,Lien HS Feet・Red,
4005,Lien GS Feet・Red,
4006,Lien FZ Boots・Red,
4007,Lien HC Boots・Red,
4008,Lien HS Boots・Red,
4009,Lien GS Boots・Red,
4010,Lien FZ Feet・Black,
4011,Lien HC Feet・Black,
4012,Lien HS Feet・Black,
4013,Lien GS Feet・Black,
4014,Lien FZ Boots・Black,
4015,Lien HC Boots・Black,
4016,Lien HS Boots・Black,
4017,Lien GS Boots・Black,
4018,Lien FZ Feet・White,
4019,Lien HC Feet・White,
4020,Lien HS Feet・White,
4021,Lien GS Feet・White,
4022,Lien FZ Boots・White,
4023,Lien HC Boots・White,
4024,Lien HS Boots・White,
4025,Lien GS Boots・White,
4026,Melety FZ Feet・Red,
4027,Melety HC Feet・Red,
4028,Melety HS Feet・Red,
4029,Melety GS Feet・Red,
4030,Melety FZ Feet・Blue,
4031,Melety HC Feet・Blue,
4032,Melety HS Feet・Blue,
4033,Melety GS Feet・Blue,
4034,Melety FZ Feet・Black,
4035,Melety HC Feet・Black,
4036,Melety HS Feet・Black,
4037,Melety GS Feet・Black,
4038,Melety FZ Boots・White,
4039,Melety HC Boots・White,
4040,Melety HS Boots・White,
4041,Melety GS Boots・White,
4042,Melety FZ Boots・Red,
4043,Melety HC Boots・Red,
4044,Melety HS Boots・Red,
4045,Melety GS Boots・Red,
4046,Melety FZ Boots・Black,
4047,Melety HC Boots・Black,
4048,Melety HS Boots・Black,
4049,Melety GS Boots・Black,
4050,Regelia FZ Feet・Red,
4051,Regelia HC Feet・Red,
4052,Regelia HS Feet・Red,
4053,Regelia GS Feet・Red,
4054,Regelia FZ Feet・Green,
4055,Regelia HC Feet・Green,
4056,Regelia HS Feet・Green,
4057,Regelia GS Feet・Green,
4058,Regelia FZ Feet・Blue,
4059,Regelia HC Feet・Blue,
4060,Regelia HS Feet・Blue,
4061,Regelia GS Feet・Blue,
4062,Regelia FZ Boots・White,
4063,Regelia HC Boots・White,
4064,Regelia HS Boots・White,
4065,Regelia GS Boots・White,
4066,Regelia FZ Boots・Red,
4067,Regelia HC Boots・Red,
4068,Regelia HS Boots・Red,
4069,Regelia GS Boots・Red,
4070,Regelia FZ Boots・Green,
4071,Regelia HC Boots・Green,
4072,Regelia HS Boots・Green,
4073,Regelia GS Boots・Green,
4074,Suriito HS Feet・Silver,
4075,Suriito GS Feet・Silver,
4076,Suriito HS Boots・Silver,
4077,Suriito GS Boots・Silver,
4078,Suriito HS Feet・Red,
4079,Suriito GS Feet・Red,
4080,Suriito HS Boots・Red,
4081,Suriito GS Boots・Red,
4082,Suriito HS Feet・Blue,
4083,Suriito GS Feet・Blue,
4084,Suriito HS Boots・Blue,
4085,Suriito GS Boots・Blue,
4086,Steno HS Greaves・Peach,
4087,Steno GS Greaves・Peach,
4088,Steno HS Leggings・Peach,
4089,Steno GS Leggings・Peach,
4090,Steno HS Greaves・Blue,
4091,Steno GS Greaves・Blue,
4092,Steno HS Leggings・Blue,
4093,Steno GS Leggings・Blue,
4094,Steno HS Greaves・Red,
4095,Steno GS Greaves・Red,
4096,Steno HS Leggings・Red,
4097,Steno GS Leggings・Red,
4098,Edio HC Feet・Red,
4099,Edio HS Feet・Red,
4100,Edio GS Feet・Red,
4101,Edio HC Boots・Red,
4102,Edio HS Boots・Red,
4103,Edio GS Boots・Red,
4104,Edio HC Feet・Yellow,
4105,Edio HS Feet・Yellow,
4106,Edio GS Feet・Yellow,
4107,Edio HC Boots・Yellow,
4108,Edio HS Boots・Yellow,
4109,Edio GS Boots・Yellow,
4110,Edio HC Feet・Black,
4111,Edio HS Feet・Black,
4112,Edio GS Feet・Black,
4113,Edio HC Boots・Black,
4114,Edio HS Boots・Black,
4115,Edio GS Boots・Black,
4116,Galitos HC Feet・Red,
4117,Galitos HS Feet・Red,
4118,Galitos GS Feet・Red,
4119,Galitos HC Boots・Red,
4120,Galitos HS Boots・Red,
4121,Galitos GS Boots・Red,
4122,Galitos HC Feet・Black,
4123,Galitos HS Feet・Black,
4124,Galitos GS Feet・Black,
4125,Galitos HC Boots・Black,
4126,Galitos HS Boots・Black,
4127,Galitos GS Boots・Black,
4128,Galitos HC Feet・Water,
4129,Galitos HS Feet・Water,
4130,Galitos GS Feet・Water,
4131,Galitos HC Boots・Water,
4132,Galitos HS Boots・Water,
4133,Galitos GS Boots・Water,
4134,Star Festival FZ Tabi 【 Blue 】,
4135,Star Festival HC Tabi 【 Blue 】,
4136,Star Festival HS Tabi 【 Blue 】,
4137,Star Festival GS Tabi 【 Blue 】,
4138,Tanabata FZ Tabi 【 Blue 】,
4139,Tanabata HC Tabi 【 Blue 】,
4140,Tanabata HS Tabi 【 Blue 】,
4141,Tanabata GS Tabi 【 Blue 】,
4142,Star Festival FZ Tabi 【 Black 】,
4143,Star Festival HC Tabi 【 Black 】,
4144,Star Festival HS Tabi 【 Black 】,
4145,Star Festival GS Tabi 【 Black 】,
4146,Tanabata FZ Tabi 【 Black 】,
4147,Tanabata HC Tabi 【 Black 】,
4148,Tanabata HS Tabi 【 Black 】,
4149,Tanabata GS Tabi 【 Black 】,
4150,Star Festival FZ Tabi 【 White 】,
4151,Star Festival HC Tabi 【 White 】,
4152,Star Festival HS Tabi 【 White 】,
4153,Star Festival GS Tabi 【 White 】,
4154,Tanabata FZ Tabi 【 White 】,
4155,Tanabata HC Tabi 【 White 】,
4156,Tanabata HS Tabi 【 White 】,
4157,Tanabata GS Tabi 【 White 】,
4158,ダミー,
4159,ダミー,
4160,ダミー,
4161,ダミー,
4162,ダミー,
4163,ダミー,
4164,ダミー,
4165,ダミー,
4166,ダミー,
4167,ダミー,
4168,ダミー,
4169,ダミー,
4170,ヴェルフHS Greaves,
4171,ヴェルフGS Greaves,
4172,ヴェルフHS Leggings,
4173,ヴェルフGS Leggings,
4174,テリオグHS Greaves,
4175,テリオグGS Greaves,
4176,テリオグHS Leggings,
4177,テリオグGS Leggings,
4178,Beil HS Divider,
4179,Beil GS Divider,
4180,Veloci G Greaves,
4181,Veloci GF Greaves,
4182,Veloci GX Greaves,
4183,Veloci G Leggings,
4184,Veloci GF Leggings,
4185,Veloci GX Leggings,
4186,Io G Greaves,
4187,Io GF Greaves,
4188,Io GX Greaves,
4189,Io G Leggings,
4190,Io GF Leggings,
4191,Io GX Leggings,
4192,Gen G Greaves,
4193,Gen GF Greaves,
4194,Gen GX Greaves,
4195,Gen G Leggings,
4196,Gen GF Leggings,
4197,Gen GX Leggings,
4198,Cepha G Greaves,
4199,Cepha GF Greaves,
4200,Cepha GX Greaves,
4201,Cepha G Leggings,
4202,Cepha GF Leggings,
4203,Cepha GX Leggings,
4204,Diablos G Greaves,
4205,Diablos GF Greaves,
4206,Diablos GX Greaves,
4207,Diablos G Leggings,
4208,Diablos GF Leggings,
4209,Diablos GX Leggings,
4210,Plesioth G Greaves,
4211,Plesioth GF Greaves,
4212,Plesioth GX Greaves,
4213,Plesioth G Leggings,
4214,Plesioth GF Leggings,
4215,Plesioth GX Leggings,
4216,Beru G Greaves,
4217,Beru GF Greaves,
4218,Beru GX Greaves,
4219,Beru G Leggings,
4220,Beru GF Leggings,
4221,Beru GX Leggings,
4222,Black Gravios G Greaves,
4223,Black Gravios GF Greaves,
4224,Black Gravios GX Greaves,
4225,Black Gravios G Leggings,
4226,Black Gravios GF Leggings,
4227,Black Gravios GX Leggings,
4228,Lune G Greaves,
4229,Lune GF Greaves,
4230,Lune GX Greaves,
4231,Lune G Leggings,
4232,Lune GF Leggings,
4233,Lune GX Leggings,
4234,Stroma Greaves,
4235,Stroma F Greaves,
4236,Stroma FX Greaves,
4237,Stroma G Greaves,
4238,Stroma Leggings,
4239,Stroma F Leggings,
4240,Stroma FX Leggings,
4241,Stroma G Leggings,
4242,Plunder G Greaves,
4243,Plunder GF Greaves,
4244,Plunder GX Greaves,
4245,Plunder G Leggings,
4246,Plunder GF Leggings,
4247,Plunder GX Leggings,
4248,Altera Greaves,
4249,Altera F Greaves,
4250,Altera FX Greaves,
4251,Altera G Greaves,
4252,Altera GF Greaves,
4253,Altera Leggings,
4254,Altera F Leggings,
4255,Altera FX Leggings,
4256,Altera G Leggings,
4257,Altera GF Leggings,
4258,Dragon G Feet,
4259,Dragon GF Feet,
4260,Dragon GX Feet,
4261,Dragon G Legs,
4262,Dragon GF Legs,
4263,Dragon GX Legs,
4264,Iriku Greaves,
4265,Iriku F Greaves,
4266,Iriku FX Greaves,
4267,Iriku HC Greaves,
4268,Iriku Leggings,
4269,Iriku F Leggings,
4270,Iriku FX Leggings,
4271,Iriku HC Leggings,
4272,Iriku G Greaves,
4273,Iriku GF Greaves,
4274,Iriku GX Greaves,
4275,Iriku G Leggings,
4276,Iriku GF Leggings,
4277,Iriku GX Leggings,
4278,Afti G Greaves,
4279,Afti GF Greaves,
4280,Afti GX Greaves,
4281,Afti G Leggings,
4282,Afti GF Leggings,
4283,Afti GX Leggings,
4284,Secuti Feet・Black,
4285,Secuti F Feet・Black,
4286,Secuti FZ Feet・Black,
4287,Secuti HS Feet・Black,
4288,Secuti GS Feet・Black,
4289,Secuti GP Feet・Black,
4290,Secuti Boots・Black,
4291,Secuti F Boots・Black,
4292,Secuti FZ Boots・Black,
4293,Secuti HS Boots・Black,
4294,Secuti GS Boots・Black,
4295,Secuti GP Boots・Black,
4296,Secuti Feet・Blue,
4297,Secuti F Feet・Blue,
4298,Secuti FZ Feet・Blue,
4299,Secuti HS Feet・Blue,
4300,Secuti GS Feet・Blue,
4301,Secuti GP Feet・Blue,
4302,Secuti Boots・Blue,
4303,Secuti F Boots・Blue,
4304,Secuti FZ Boots・Blue,
4305,Secuti HS Boots・Blue,
4306,Secuti GS Boots・Blue,
4307,Secuti GP Boots・Blue,
4308,Secuti Feet・Red,
4309,Secuti F Feet・Red,
4310,Secuti FZ Feet・Red,
4311,Secuti HS Feet・Red,
4312,Secuti GS Feet・Red,
4313,Secuti GP Feet・Red,
4314,Secuti Boots・Red,
4315,Secuti F Boots・Red,
4316,Secuti FZ Boots・Red,
4317,Secuti HS Boots・Red,
4318,Secuti GS Boots・Red,
4319,Secuti GP Boots・Red,
4320,Secuti Feet・White,
4321,Secuti F Feet・White,
4322,Secuti FZ Feet・White,
4323,Secuti HS Feet・White,
4324,Secuti GS Feet・White,
4325,Secuti GP Feet・White,
4326,Secuti Boots・White,
4327,Secuti F Boots・White,
4328,Secuti FZ Boots・White,
4329,Secuti HS Boots・White,
4330,Secuti GS Boots・White,
4331,Secuti GP Boots・White,
4332,Gelt Feet・Black,
4333,Gelt F Feet・Black,
4334,Gelt FZ Feet・Black,
4335,Gelt HS Feet・Black,
4336,Gelt GS Feet・Black,
4337,Gelt GP Feet・Black,
4338,Gelt Boots・Black,
4339,Gelt F Boots・Black,
4340,Gelt FZ Boots・Black,
4341,Gelt HS Boots・Black,
4342,Gelt GS Boots・Black,
4343,Gelt GP Boots・Black,
4344,Gelt Feet・Copper,
4345,Gelt F Feet・Copper,
4346,Gelt FZ Feet・Copper,
4347,Gelt HS Feet・Copper,
4348,Gelt GS Feet・Copper,
4349,Gelt GP Feet・Copper,
4350,Gelt Boots・Copper,
4351,Gelt F Boots・Copper,
4352,Gelt FZ Boots・Copper,
4353,Gelt HS Boots・Copper,
4354,Gelt GS Boots・Copper,
4355,Gelt GP Boots・Copper,
4356,Gelt Feet・Silver,
4357,Gelt F Feet・Silver,
4358,Gelt FZ Feet・Silver,
4359,Gelt HS Feet・Silver,
4360,Gelt GS Feet・Silver,
4361,Gelt GP Feet・Silver,
4362,Gelt Boots・Silver,
4363,Gelt F Boots・Silver,
4364,Gelt FZ Boots・Silver,
4365,Gelt HS Boots・Silver,
4366,Gelt GS Boots・Silver,
4367,Gelt GP Boots・Silver,
4368,Gelt Feet・Gold,
4369,Gelt F Feet・Gold,
4370,Gelt FZ Feet・Gold,
4371,Gelt HS Feet・Gold,
4372,Gelt GS Feet・Gold,
4373,Gelt GP Feet・Gold,
4374,Gelt Boots・Gold,
4375,Gelt F Boots・Gold,
4376,Gelt FZ Boots・Gold,
4377,Gelt HS Boots・Gold,
4378,Gelt GS Boots・Gold,
4379,Gelt GP Boots・Gold,
4380,Shoko Leg,
4381,Shoko F Leg,
4382,Shoko FZ Leg,
4383,Shoko HS Leg,
4384,Shoko GS Leg,
4385,Shoko GP Leg,
4386,Shoko Boots,
4387,Shoko F Boots,
4388,Shoko FZ Boots,
4389,Shoko HS Boots,
4390,Shoko GS Boots,
4391,Shoko GP Boots,
4392,Genom Leg・Green,
4393,Genom F Leg・Green,
4394,Genom FZ Leg・Green,
4395,Genom HS Leg・Green,
4396,Genom GS Leg・Green,
4397,Genom GP Leg・Green,
4398,Genom Boots・Green,
4399,Genom F Boots・Green,
4400,Genom FZ Boots・Green,
4401,Genom HS Boots・Green,
4402,Genom GS Boots・Green,
4403,Genom GP Boots・Green,
4404,Genom Leg・Water,
4405,Genom F Leg・Water,
4406,Genom FZ Leg・Water,
4407,Genom HS Leg・Water,
4408,Genom GS Leg・Water,
4409,Genom GP Leg・Water,
4410,Genom Boots・Water,
4411,Genom F Boots・Water,
4412,Genom FZ Boots・Water,
4413,Genom HS Boots・Water,
4414,Genom GS Boots・Water,
4415,Genom GP Boots・Water,
4416,Genom Leg・Red,
4417,Genom F Leg・Red,
4418,Genom FZ Leg・Red,
4419,Genom HS Leg・Red,
4420,Genom GS Leg・Red,
4421,Genom GP Leg・Red,
4422,Genom Boots・Red,
4423,Genom F Boots・Red,
4424,Genom FZ Boots・Red,
4425,Genom HS Boots・Red,
4426,Genom GS Boots・Red,
4427,Genom GP Boots・Red,
4428,Genom Leg・Purple,
4429,Genom F Leg・Purple,
4430,Genom FZ Leg・Purple,
4431,Genom HS Leg・Purple,
4432,Genom GS Leg・Purple,
4433,Genom GP Leg・Purple,
4434,Genom Boots・Purple,
4435,Genom F Boots・Purple,
4436,Genom FZ Boots・Purple,
4437,Genom HS Boots・Purple,
4438,Genom GS Boots・Purple,
4439,Genom GP Boots・Purple,
4440,Divol Feet Green,
4441,Divol F Feet Green,
4442,Divol FZ Feet Green,
4443,Divol HS Feet Green,
4444,Divol GS Feet Green,
4445,Divol GP Feet Green,
4446,Divol Boots Green,
4447,Divol F Boots Green,
4448,Divol FZ Boots Green,
4449,Divol HS Boots Green,
4450,Divol GS Boots Green,
4451,Divol GP Boots Green,
4452,Divol Feet Tea,
4453,Divol F Feet Tea,
4454,Divol FZ Feet Tea,
4455,Divol HS Feet Tea,
4456,Divol GS Feet Tea,
4457,Divol GP Feet Tea,
4458,Divol Boots Tea,
4459,Divol F Boots Tea,
4460,Divol FZ Boots Tea,
4461,Divol HS Boots Tea,
4462,Divol GS Boots Tea,
4463,Divol GP Boots Tea,
4464,Divol Feet White,
4465,Divol F Feet White,
4466,Divol FZ Feet White,
4467,Divol HS Feet White,
4468,Divol GS Feet White,
4469,Divol GP Feet White,
4470,Divol Boots White,
4471,Divol F Boots White,
4472,Divol FZ Boots White,
4473,Divol HS Boots White,
4474,Divol GS Boots White,
4475,Divol GP Boots White,
4476,Dante Feet・Red,
4477,Dante F Feet・Red,
4478,Dante FZ Feet・Red,
4479,Dante HS Feet・Red,
4480,Dante GS Feet・Red,
4481,Dante GP Feet・Red,
4482,Dante Boots・Red,
4483,Dante F Boots・Red,
4484,Dante FZ Boots・Red,
4485,Dante HS Boots・Red,
4486,Dante GS Boots・Red,
4487,Dante GP Boots・Red,
4488,Lady Feet・White,
4489,Lady F Feet・White,
4490,Lady FZ Feet・White,
4491,Lady HS Feet・White,
4492,Lady GS Feet・White,
4493,Lady GP Feet・White,
4494,Lady Boots・White,
4495,Lady F Boots・White,
4496,Lady FZ Boots・White,
4497,Lady HS Boots・White,
4498,Lady GS Boots・White,
4499,Lady GP Boots・White,
4500,Dante Feet・Black,
4501,Dante F Feet・Black,
4502,Dante FZ Feet・Black,
4503,Dante HS Feet・Black,
4504,Dante GS Feet・Black,
4505,Dante GP Feet・Black,
4506,Dante Boots・Black,
4507,Dante F Boots・Black,
4508,Dante FZ Boots・Black,
4509,Dante HS Boots・Black,
4510,Dante GS Boots・Black,
4511,Dante GP Boots・Black,
4512,Lady Feet・Black,
4513,Lady F Feet・Black,
4514,Lady FZ Feet・Black,
4515,Lady HS Feet・Black,
4516,Lady GS Feet・Black,
4517,Lady GP Feet・Black,
4518,Lady Boots・Black,
4519,Lady F Boots・Black,
4520,Lady FZ Boots・Black,
4521,Lady HS Boots・Black,
4522,Lady GS Boots・Black,
4523,Lady GP Boots・Black,
4524,Dante Feet・White,
4525,Dante F Feet・White,
4526,Dante FZ Feet・White,
4527,Dante HS Feet・White,
4528,Dante GS Feet・White,
4529,Dante GP Feet・White,
4530,Dante Boots・White,
4531,Dante F Boots・White,
4532,Dante FZ Boots・White,
4533,Dante HS Boots・White,
4534,Dante GS Boots・White,
4535,Dante GP Boots・White,
4536,Lady Feet・Red,
4537,Lady F Feet・Red,
4538,Lady FZ Feet・Red,
4539,Lady HS Feet・Red,
4540,Lady GS Feet・Red,
4541,Lady GP Feet・Red,
4542,Lady Boots・Red,
4543,Lady F Boots・Red,
4544,Lady FZ Boots・Red,
4545,Lady HS Boots・Red,
4546,Lady GS Boots・Red,
4547,Lady GP Boots・Red,
4548,Dante Feet・Green,
4549,Dante F Feet・Green,
4550,Dante FZ Feet・Green,
4551,Dante HS Feet・Green,
4552,Dante GS Feet・Green,
4553,Dante GP Feet・Green,
4554,Dante Boots・Green,
4555,Dante F Boots・Green,
4556,Dante FZ Boots・Green,
4557,Dante HS Boots・Green,
4558,Dante GS Boots・Green,
4559,Dante GP Boots・Green,
4560,Lady Feet・Green,
4561,Lady F Feet・Green,
4562,Lady FZ Feet・Green,
4563,Lady HS Feet・Green,
4564,Lady GS Feet・Green,
4565,Lady GP Feet・Green,
4566,Lady Boots・Green,
4567,Lady F Boots・Green,
4568,Lady FZ Boots・Green,
4569,Lady HS Boots・Green,
4570,Lady GS Boots・Green,
4571,Lady GP Boots・Green,
4572,昇龍FZ脚着・White,
4573,昇龍HS脚着・White,
4574,昇龍GS脚着・White,
4575,昇龍GP脚着・White,
4576,波動FZ脚着・White,
4577,波動HS脚着・White,
4578,波動GS脚着・White,
4579,波動GP脚着・White,
4580,百裂FZ脚着・Blue,
4581,百裂HS脚着・Blue,
4582,百裂GS脚着・Blue,
4583,百裂GP脚着・Blue,
4584,気功FZ脚着・Blue,
4585,気功HS脚着・Blue,
4586,気功GS脚着・Blue,
4587,気功GP脚着・Blue,
4588,昇龍FZ脚着・紺,
4589,昇龍HS脚着・紺,
4590,昇龍GS脚着・紺,
4591,昇龍GP脚着・紺,
4592,波動FZ脚着・紺,
4593,波動HS脚着・紺,
4594,波動GS脚着・紺,
4595,波動GP脚着・紺,
4596,百裂FZ脚着・Black,
4597,百裂HS脚着・Black,
4598,百裂GS脚着・Black,
4599,百裂GP脚着・Black,
4600,気功FZ脚着・Black,
4601,気功HS脚着・Black,
4602,気功GS脚着・Black,
4603,気功GP脚着・Black,
4604,昇龍FZ脚着・Yellow,
4605,昇龍HS脚着・Yellow,
4606,昇龍GS脚着・Yellow,
4607,昇龍GP脚着・Yellow,
4608,波動FZ脚着・Yellow,
4609,波動HS脚着・Yellow,
4610,波動GS脚着・Yellow,
4611,波動GP脚着・Yellow,
4612,百裂FZ脚着・Yellow,
4613,百裂HS脚着・Yellow,
4614,百裂GS脚着・Yellow,
4615,百裂GP脚着・Yellow,
4616,気功FZ脚着・Yellow,
4617,気功HS脚着・Yellow,
4618,気功GS脚着・Yellow,
4619,気功GP脚着・Yellow,
4620,昇龍FZ脚着・Purple,
4621,昇龍HS脚着・Purple,
4622,昇龍GS脚着・Purple,
4623,昇龍GP脚着・Purple,
4624,波動FZ脚着・Purple,
4625,波動HS脚着・Purple,
4626,波動GS脚着・Purple,
4627,波動GP脚着・Purple,
4628,百裂FZ脚着・Green,
4629,百裂HS脚着・Green,
4630,百裂GS脚着・Green,
4631,百裂GP脚着・Green,
4632,気功FZ脚着・Green,
4633,気功HS脚着・Green,
4634,気功GS脚着・Green,
4635,気功GP脚着・Green,
4636,竜巻FZ脚着・Black,
4637,竜巻HS脚着・Black,
4638,竜巻GS脚着・Black,
4639,竜巻GP脚着・Black,
4640,True 空FZ脚着・Black,
4641,True 空HS脚着・Black,
4642,True 空GS脚着・Black,
4643,True 空GP脚着・Black,
4644,千裂FZ脚着・Black,
4645,千裂HS脚着・Black,
4646,千裂GS脚着・Black,
4647,千裂GP脚着・Black,
4648,覇山FZ脚着・Black,
4649,覇山HS脚着・Black,
4650,覇山GS脚着・Black,
4651,覇山GP脚着・Black,
4652,竜巻FZ脚着・Tea,
4653,竜巻HS脚着・Tea,
4654,竜巻GS脚着・Tea,
4655,竜巻GP脚着・Tea,
4656,True 空FZ脚着・Tea,
4657,True 空HS脚着・Tea,
4658,True 空GS脚着・Tea,
4659,True 空GP脚着・Tea,
4660,千裂FZ脚着・Purple,
4661,千裂HS脚着・Purple,
4662,千裂GS脚着・Purple,
4663,千裂GP脚着・Purple,
4664,覇山FZ脚着・Purple,
4665,覇山HS脚着・Purple,
4666,覇山GS脚着・Purple,
4667,覇山GP脚着・Purple,
4668,竜巻FZ脚着・White,
4669,竜巻HS脚着・White,
4670,竜巻GS脚着・White,
4671,竜巻GP脚着・White,
4672,True 空FZ脚着・White,
4673,True 空HS脚着・White,
4674,True 空GS脚着・White,
4675,True 空GP脚着・White,
4676,千裂FZ脚着・White,
4677,千裂HS脚着・White,
4678,千裂GS脚着・White,
4679,千裂GP脚着・White,
4680,覇山FZ脚着・White,
4681,覇山HS脚着・White,
4682,覇山GS脚着・White,
4683,覇山GP脚着・White,
4684,竜巻FZ脚着・Blue,
4685,竜巻HS脚着・Blue,
4686,竜巻GS脚着・Blue,
4687,竜巻GP脚着・Blue,
4688,True 空FZ脚着・Blue,
4689,True 空HS脚着・Blue,
4690,True 空GS脚着・Blue,
4691,True 空GP脚着・Blue,
4692,千裂FZ脚着・Green,
4693,千裂HS脚着・Green,
4694,千裂GS脚着・Green,
4695,千裂GP脚着・Green,
4696,覇山FZ脚着・Green,
4697,覇山HS脚着・Green,
4698,覇山GS脚着・Green,
4699,覇山GP脚着・Green,
4700,Demon FZ Greaves・Blue,
4701,Demon HS Greaves・Blue,
4702,Demon GS Greaves・Blue,
4703,Demon GP Greaves・Blue,
4704,Chaos FZ Greaves・Blue,
4705,Chaos HS Greaves・Blue,
4706,Chaos GS Greaves・Blue,
4707,Chaos GP Greaves・Blue,
4708,Shadow FZ Boots Purple,
4709,Shadow HS Boots Purple,
4710,Shadow GS Boots Purple,
4711,Shadow GP Boots Purple,
4712,Soul FZ Boots・Purple,
4713,Soul HS Boots・Purple,
4714,Soul GS Boots・Purple,
4715,Soul GP Boots・Purple,
4716,Demon FZ Greaves・Red,
4717,Demon HS Greaves・Red,
4718,Demon GS Greaves・Red,
4719,Demon GP Greaves・Red,
4720,Chaos FZ Greaves・Red,
4721,Chaos HS Greaves・Red,
4722,Chaos GS Greaves・Red,
4723,Chaos GP Greaves・Red,
4724,Shadow FZ Boots Red,
4725,Shadow HS Boots Red,
4726,Shadow GS Boots Red,
4727,Shadow GP Boots Red,
4728,Soul FZ Boots・Red,
4729,Soul HS Boots・Red,
4730,Soul GS Boots・Red,
4731,Soul GP Boots・Red,
4732,Demon FZ Greaves・Green,
4733,Demon HS Greaves・Green,
4734,Demon GS Greaves・Green,
4735,Demon GP Greaves・Green,
4736,Chaos FZ Greaves・Green,
4737,Chaos HS Greaves・Green,
4738,Chaos GS Greaves・Green,
4739,Chaos GP Greaves・Green,
4740,Shadow FZ Boots Green,
4741,Shadow HS Boots Green,
4742,Shadow GS Boots Green,
4743,Shadow GP Boots Green,
4744,Soul FZ Boots・Green,
4745,Soul HS Boots・Green,
4746,Soul GS Boots・Green,
4747,Soul GP Boots・Green,
4748,Demon FZ Greaves・White,
4749,Demon HS Greaves・White,
4750,Demon GS Greaves・White,
4751,Demon GP Greaves・White,
4752,Chaos FZ Greaves・White,
4753,Chaos HS Greaves・White,
4754,Chaos GS Greaves・White,
4755,Chaos GP Greaves・White,
4756,Shadow FZ Boots White,
4757,Shadow HS Boots White,
4758,Shadow GS Boots White,
4759,Shadow GP Boots White,
4760,Soul FZ Boots・White,
4761,Soul HS Boots・White,
4762,Soul GS Boots・White,
4763,Soul GP Boots・White,
4764,Issen GS【具足】・Red,
4765,Issen GP【具足】・Red,
4766,構射GS【具足】・Red,
4767,構射GP【具足】・Red,
4768,蜂針GS【具足】・Orange,
4769,蜂針GP【具足】・Orange,
4770,気弾GS【具足】・Orange,
4771,気弾GP【具足】・Orange,
4772,Issen GS【具足】・Blue,
4773,Issen GP【具足】・Blue,
4774,構射GS【具足】・Blue,
4775,構射GP【具足】・Blue,
4776,蜂針GS【具足】・Blue,
4777,蜂針GP【具足】・Blue,
4778,気弾GS【具足】・Blue,
4779,気弾GP【具足】・Blue,
4780,Issen GS【具足】・Yellow,
4781,Issen GP【具足】・Yellow,
4782,構射GS【具足】・Yellow,
4783,構射GP【具足】・Yellow,
4784,蜂針GS【具足】・Yellow,
4785,蜂針GP【具足】・Yellow,
4786,気弾GS【具足】・Yellow,
4787,気弾GP【具足】・Yellow,
4788,Issen GS【具足】・Black,
4789,Issen GP【具足】・Black,
4790,構射GS【具足】・Black,
4791,構射GP【具足】・Black,
4792,蜂針GS【具足】・Black,
4793,蜂針GP【具足】・Black,
4794,気弾GS【具足】・Black,
4795,気弾GP【具足】・Black,
4796,Shinryu GS脚着・Red,
4797,Shinryu GP脚着・Red,
4798,Reppa GS脚着・Red,
4799,Reppa GP脚着・Red,
4800,Cannon GSタイツ・Water,
4801,Cannon GPタイツ・Water,
4802,Axel GSタイツ・Water,
4803,Axel GPタイツ・Water,
4804,Shinryu GS脚着・White,
4805,Shinryu GP脚着・White,
4806,Reppa GS脚着・White,
4807,Reppa GP脚着・White,
4808,Cannon GSタイツ・Green,
4809,Cannon GPタイツ・Green,
4810,Axel GSタイツ・Green,
4811,Axel GPタイツ・Green,
4812,Shinryu GS脚着・Purple,
4813,Shinryu GP脚着・Purple,
4814,Reppa GS脚着・Purple,
4815,Reppa GP脚着・Purple,
4816,Cannon GSタイツ・Peach,
4817,Cannon GPタイツ・Peach,
4818,Axel GSタイツ・Peach,
4819,Axel GPタイツ・Peach,
4820,Shinryu GS脚着・Yellow,
4821,Shinryu GP脚着・Yellow,
4822,Reppa GS脚着・Yellow,
4823,Reppa GP脚着・Yellow,
4824,Cannon GSタイツ・Purple,
4825,Cannon GPタイツ・Purple,
4826,Axel GSタイツ・Purple,
4827,Axel GPタイツ・Purple,
4828,Garuda HS Leg,
4829,Garuda GS Leg,
4830,Garuda GP Leg,
4831,Garuda HS Boots,
4832,Garuda GS Boots,
4833,Garuda GP Boots,
4834,Feral HS Leg,
4835,Feral GS Leg,
4836,Feral GP Leg,
4837,Feral HS Boots,
4838,Feral GS Boots,
4839,Feral GP Boots,
4840,Fias HS Leg,
4841,Fias GS Leg,
4842,Fias GP Leg,
4843,Fias HS Boots,
4844,Fias GS Boots,
4845,Fias GP Boots,
4846,Viruto HS Leg,
4847,Viruto GS Leg,
4848,Viruto GP Leg,
4849,Viruto HS Boots,
4850,Viruto GS Boots,
4851,Viruto GP Boots,
4852,Falco HS Greaves,
4853,Falco GS Greaves,
4854,Falco GP Greaves,
4855,Falco HS Leggings,
4856,Falco GS Leggings,
4857,Falco GP Leggings,
4858,Howx HS Greaves,
4859,Howx GS Greaves,
4860,Howx GP Greaves,
4861,Howx HS Leggings,
4862,Howx GS Leggings,
4863,Howx GP Leggings,
4864,Gauss HS Greaves,
4865,Gauss GS Greaves,
4866,Gauss GP Greaves,
4867,Gauss HS Leggings,
4868,Gauss GS Leggings,
4869,Gauss GP Leggings,
4870,Weber HS Greaves,
4871,Weber GS Greaves,
4872,Weber GP Greaves,
4873,Weber HS Leggings,
4874,Weber GS Leggings,
4875,Weber GP Leggings,
4876,Gilbert HS Greaves,
4877,Gilbert GS Greaves,
4878,Gilbert GP Greaves,
4879,Gilbert HS Leggings,
4880,Gilbert GS Leggings,
4881,Gilbert GP Leggings,
4882,Bright GP Greaves,
4883,Bright GP Leggings,
4884,Juari GP Greaves,
4885,Juari GP Leggings,
4886,Tinku GP Greaves,
4887,Tinku GP Leggings,
4888,Luxt Greaves,
4889,Luxt F Greaves,
4890,Luxt FY Greaves,
4891,Luxt HS Greaves,
4892,Luxt Leggings,
4893,Luxt F Leggings,
4894,Luxt FY Leggings,
4895,Luxt HS Leggings,
4896,Luxt G Greaves,
4897,Luxt GF Greaves,
4898,Luxt GX Greaves,
4899,Luxt G Leggings,
4900,Luxt GF Leggings,
4901,Luxt GX Leggings,
4902,Oleum Greaves,
4903,Oleum F Greaves,
4904,Oleum FY Greaves,
4905,Oleum HS Greaves,
4906,Oleum Leggings,
4907,Oleum F Leggings,
4908,Oleum FY Leggings,
4909,Oleum HS Leggings,
4910,Oleum G Greaves,
4911,Oleum GF Greaves,
4912,Oleum GX Greaves,
4913,Oleum G Leggings,
4914,Oleum GF Leggings,
4915,Oleum GX Leggings,
4916,Kuranto Greaves,
4917,Kuranto F Greaves,
4918,Kuranto FY Greaves,
4919,Kuranto HS Greaves,
4920,Kuranto Leggings,
4921,Kuranto F Leggings,
4922,Kuranto FY Leggings,
4923,Kuranto HS Leggings,
4924,Kuranto G Greaves,
4925,Kuranto GF Greaves,
4926,Kuranto GX Greaves,
4927,Kuranto G Leggings,
4928,Kuranto GF Leggings,
4929,Kuranto GX Leggings,
4930,Yupuk Greaves,
4931,Yupuk F Greaves,
4932,Yupuk FY Greaves,
4933,Yupuk HS Greaves,
4934,Yupuk Leggings,
4935,Yupuk F Leggings,
4936,Yupuk FY Leggings,
4937,Yupuk HS Leggings,
4938,Yupuk G Greaves,
4939,Yupuk GF Greaves,
4940,Yupuk GX Greaves,
4941,Yupuk G Leggings,
4942,Yupuk GF Leggings,
4943,Yupuk GX Leggings,
4944,Higakure G Greaves,
4945,Higakure GF Greaves,
4946,Higakure GX Greaves,
4947,Higakure G Leggings,
4948,Higakure GF Leggings,
4949,Higakure GX Leggings,
4950,Konseru G Greaves,
4951,Konseru GF Greaves,
4952,Konseru GX Greaves,
4953,Konseru G Leggings,
4954,Konseru GF Leggings,
4955,Konseru GX Leggings,
4956,Diru G Greaves,
4957,Diru GF Greaves,
4958,Diru GX Greaves,
4959,Diru G Leggings,
4960,Diru GF Leggings,
4961,Diru GX Leggings,
4962,コルヌー Boots,
4963,コピアイ Boots,
4964,コルヌー Leggings,
4965,コピアイ Leggings,
4966,メトリー Feet・Blue,
4967,メトリーF Feet・Blue,
4968,メトリーFZ Feet・Blue,
4969,メトリーHC Feet・Blue,
4970,メトリーHS Feet・Blue,
4971,メトリーGS Feet・Blue,
4972,メトリー Boots・Blue,
4973,メトリーF Boots・Blue,
4974,メトリーFZ Boots・Blue,
4975,メトリーHC Boots・Blue,
4976,メトリーHS Boots・Blue,
4977,メトリーGS Boots・Blue,
4978,メトリー Feet・White,
4979,メトリーF Feet・White,
4980,メトリーFZ Feet・White,
4981,メトリーHC Feet・White,
4982,メトリーHS Feet・White,
4983,メトリーGS Feet・White,
4984,メトリー Boots・White,
4985,メトリーF Boots・White,
4986,メトリーFZ Boots・White,
4987,メトリーHC Boots・White,
4988,メトリーHS Boots・White,
4989,メトリーGS Boots・White,
4990,メトリー Feet・Red,
4991,メトリーF Feet・Red,
4992,メトリーFZ Feet・Red,
4993,メトリーHC Feet・Red,
4994,メトリーHS Feet・Red,
4995,メトリーGS Feet・Red,
4996,メトリー Boots・Red,
4997,メトリーF Boots・Red,
4998,メトリーFZ Boots・Red,
4999,メトリーHC Boots・Red,
5000,メトリーHS Boots・Red,
5001,メトリーGS Boots・Red,
5002,メトリー Feet・Green,
5003,メトリーF Feet・Green,
5004,メトリーFZ Feet・Green,
5005,メトリーHC Feet・Green,
5006,メトリーHS Feet・Green,
5007,メトリーGS Feet・Green,
5008,メトリー Boots・Green,
5009,メトリーF Boots・Green,
5010,メトリーFZ Boots・Green,
5011,メトリーHC Boots・Green,
5012,メトリーHS Boots・Green,
5013,メトリーGS Boots・Green,
5014,ノヴィー Feet,
5015,ノヴィーF Feet,
5016,ノヴィーFZ Feet,
5017,ノヴィーHC Feet,
5018,ノヴィーHS Feet,
5019,ノヴィーGS Feet,
5020,ノヴィー Boots,
5021,ノヴィーF Boots,
5022,ノヴィーFZ Boots,
5023,ノヴィーHC Boots,
5024,ノヴィーHS Boots,
5025,ノヴィーGS Boots,
5026,Flora Greaves,
5027,Frau Feet,
5028,Lea Leg,
5029,Keith Greaves,
5030,Guinelle Greaves,
5031,Circa Feet,
5032,Edward Greaves,
5033,Taizo Greaves,
5034,Tiala Boots,
5035,Uwel Boots,
5036,Natasha Leggings,
5037,ダミー,
5038,アミロ Feet・Blue,
5039,アミロF Feet・Blue,
5040,アミロFZ Feet・Blue,
5041,アミロHC Feet・Blue,
5042,アミロHS Feet・Blue,
5043,アミロGS Feet・Blue,
5044,アミロ Boots・Blue,
5045,アミロF Boots・Blue,
5046,アミロFZ Boots・Blue,
5047,アミロHC Boots・Blue,
5048,アミロHS Boots・Blue,
5049,アミロGS Boots・Blue,
5050,アミロ Feet・Red,
5051,アミロF Feet・Red,
5052,アミロFZ Feet・Red,
5053,アミロHC Feet・Red,
5054,アミロHS Feet・Red,
5055,アミロGS Feet・Red,
5056,アミロ Boots・Red,
5057,アミロF Boots・Red,
5058,アミロFZ Boots・Red,
5059,アミロHC Boots・Red,
5060,アミロHS Boots・Red,
5061,アミロGS Boots・Red,
5062,アミロ Feet・Yellow,
5063,アミロF Feet・Yellow,
5064,アミロFZ Feet・Yellow,
5065,アミロHC Feet・Yellow,
5066,アミロHS Feet・Yellow,
5067,アミロGS Feet・Yellow,
5068,アミロ Boots・Yellow,
5069,アミロF Boots・Yellow,
5070,アミロFZ Boots・Yellow,
5071,アミロHC Boots・Yellow,
5072,アミロHS Boots・Yellow,
5073,アミロGS Boots・Yellow,
5074,アミロ Feet・Black,
5075,アミロF Feet・Black,
5076,アミロFZ Feet・Black,
5077,アミロHC Feet・Black,
5078,アミロHS Feet・Black,
5079,アミロGS Feet・Black,
5080,アミロ Boots・Black,
5081,アミロF Boots・Black,
5082,アミロFZ Boots・Black,
5083,アミロHC Boots・Black,
5084,アミロHS Boots・Black,
5085,アミロGS Boots・Black,
5086,Pisces Feet,
5087,Pisces F Feet,
5088,Pisces FZ Feet,
5089,Pisces HC Feet,
5090,Pisces HS Feet,
5091,Pisces GS Feet,
5092,Pisces Boots,
5093,Pisces F Boots,
5094,Pisces FZ Boots,
5095,Pisces HC Boots,
5096,Pisces HS Boots,
5097,Pisces GS Boots,
5098,Azul G Greaves,
5099,Azul GF Greaves,
5100,Azul GX Greaves,
5101,Azul G Leggings,
5102,Azul GF Leggings,
5103,Azul GX Leggings,
5104,Entora G Greaves,
5105,Entora GF Greaves,
5106,Entora GX Greaves,
5107,Entora G Leggings,
5108,Entora GF Leggings,
5109,Entora GX Leggings,
5110,Holy King Feet,
5111,Holy King F Feet,
5112,Holy King FZ Feet,
5113,Holy King HS Feet,
5114,Holy King GS Feet,
5115,Holy King GP Feet,
5116,Holy King Boots,
5117,Holy King F Boots,
5118,Holy King FZ Boots,
5119,Holy King HS Boots,
5120,Holy King GS Boots,
5121,Holy King GP Boots,
5122,Hero King Feet,
5123,Hero King F Feet,
5124,Hero King FZ Feet,
5125,Hero King HS Feet,
5126,Hero King GS Feet,
5127,Hero King GP Feet,
5128,Hero King Boots,
5129,Hero King F Boots,
5130,Hero King FZ Boots,
5131,Hero King HS Boots,
5132,Hero King GS Boots,
5133,Hero King GP Boots,
5134,雷刃脚着,
5135,雷刃F脚着,
5136,雷刃FZ脚着,
5137,雷刃HS脚着,
5138,雷刃GS脚着,
5139,雷刃GP脚着,
5140,迅雷脚着,
5141,迅雷F脚着,
5142,迅雷FZ脚着,
5143,迅雷HS脚着,
5144,迅雷GS脚着,
5145,迅雷GP脚着,
5146,Heaven 星脚着,
5147,Heaven 星F脚着,
5148,Heaven 星FZ脚着,
5149,Heaven 星HS脚着,
5150,Heaven 星GS脚着,
5151,Heaven 星GP脚着,
5152,飛燕脚着,
5153,飛燕F脚着,
5154,飛燕FZ脚着,
5155,飛燕HS脚着,
5156,飛燕GS脚着,
5157,飛燕GP脚着,
5158,バット Greaves,
5159,バットF Greaves,
5160,バットFZ Greaves,
5161,バットHS Greaves,
5162,バットGS Greaves,
5163,バットGP Greaves,
5164,Knight Greaves,
5165,Knight F Greaves,
5166,Knight FZ Greaves,
5167,Knight HS Greaves,
5168,Knight GS Greaves,
5169,Knight GP Greaves,
5170,Shell Boots,
5171,Shell F Boots,
5172,Shell FZ Boots,
5173,Shell HS Boots,
5174,Shell GS Boots,
5175,Shell GP Boots,
5176,Vector Boots,
5177,Vector F Boots,
5178,Vector FZ Boots,
5179,Vector HS Boots,
5180,Vector GS Boots,
5181,Vector GP Boots,
5182,サーブル Feet,
5183,サーブルF Feet,
5184,サーブルFZ Feet,
5185,サーブルHS Feet,
5186,サーブルGS Feet,
5187,サーブルGP Feet,
5188,サーブル Boots,
5189,サーブルF Boots,
5190,サーブルFZ Boots,
5191,サーブルHS Boots,
5192,サーブルGS Boots,
5193,サーブルGP Boots,
5194,ルワージュ Leg,
5195,ルワージュF Leg,
5196,ルワージュFZ Leg,
5197,ルワージュHS Leg,
5198,ルワージュGS Leg,
5199,ルワージュGP Leg,
5200,ルワージュ Boots,
5201,ルワージュF Boots,
5202,ルワージュFZ Boots,
5203,ルワージュHS Boots,
5204,ルワージュGS Boots,
5205,ルワージュGP Boots,
5206,ノメル Greaves,
5207,ノメルF Greaves,
5208,ノメルFZ Greaves,
5209,ノメルHS Greaves,
5210,ノメルGS Greaves,
5211,ノメルGP Greaves,
5212,ノメル Leggings,
5213,ノメルF Leggings,
5214,ノメルFZ Leggings,
5215,ノメルHS Leggings,
5216,ノメルGS Leggings,
5217,ノメルGP Leggings,
5218,Hero King Legs BM Gold,
5219,Hero King Legs BM F Gold,
5220,Hero King Legs BM FZ Gold,
5221,Hero King Legs BM HS Gold,
5222,Hero King Legs BM GS Gold,
5223,Hero King Legs BM GP Gold,
5224,Hero King Legs GN Gold,
5225,Hero King Legs GN F Gold,
5226,Hero King Legs GN FZ Gold,
5227,Hero King Legs GN HS Gold,
5228,Hero King Legs GN GS Gold,
5229,Hero King Legs GN GP Gold,
5230,Gorgon Feet・Black,
5231,Gorgon F Feet・Black,
5232,Gorgon FZ Feet・Black,
5233,Gorgon HS Feet・Black,
5234,Gorgon GS Feet・Black,
5235,Gorgon GP Feet・Black,
5236,Gorgon Boots・Black,
5237,Gorgon F Boots・Black,
5238,Gorgon FZ Boots・Black,
5239,Gorgon HS Boots・Black,
5240,Gorgon GS Boots・Black,
5241,Gorgon GP Boots・Black,
5242,Hero King Legs BM Black,
5243,Hero King Legs BM F Black,
5244,Hero King Legs BM FZ Black,
5245,Hero King Legs BM HS Black,
5246,Hero King Legs BM GS Black,
5247,Hero King Legs BM GP Black,
5248,Hero King Legs GN Black,
5249,Hero King Legs GN F Black,
5250,Hero King Legs GN FZ Black,
5251,Hero King Legs GN HS Black,
5252,Hero King Legs GN GS Black,
5253,Hero King Legs GN GP Black,
5254,Gorgon Feet・Blue,
5255,Gorgon F Feet・Blue,
5256,Gorgon FZ Feet・Blue,
5257,Gorgon HS Feet・Blue,
5258,Gorgon GS Feet・Blue,
5259,Gorgon GP Feet・Blue,
5260,Gorgon Boots・Blue,
5261,Gorgon F Boots・Blue,
5262,Gorgon FZ Boots・Blue,
5263,Gorgon HS Boots・Blue,
5264,Gorgon GS Boots・Blue,
5265,Gorgon GP Boots・Blue,
5266,Hero King Legs BM White,
5267,Hero King Legs BM F White,
5268,Hero King Legs BM FZ White,
5269,Hero King Legs BM HS White,
5270,Hero King Legs BM GS White,
5271,Hero King Legs BM GP White,
5272,Hero King Legs GN White,
5273,Hero King Legs GN F White,
5274,Hero King Legs GN FZ White,
5275,Hero King Legs GN HS White,
5276,Hero King Legs GN GS White,
5277,Hero King Legs GN GP White,
5278,Gorgon Feet・White,
5279,Gorgon F Feet・White,
5280,Gorgon FZ Feet・White,
5281,Gorgon HS Feet・White,
5282,Gorgon GS Feet・White,
5283,Gorgon GP Feet・White,
5284,Gorgon Boots・White,
5285,Gorgon F Boots・White,
5286,Gorgon FZ Boots・White,
5287,Gorgon HS Boots・White,
5288,Gorgon GS Boots・White,
5289,Gorgon GP Boots・White,
5290,Hero King Legs BM Red,
5291,Hero King Legs BM F Red,
5292,Hero King Legs BM FZ Red,
5293,Hero King Legs BM HS Red,
5294,Hero King Legs BM GS Red,
5295,Hero King Legs BM GP Red,
5296,Hero King Legs GN Red,
5297,Hero King Legs GN F Red,
5298,Hero King Legs GN FZ Red,
5299,Hero King Legs GN HS Red,
5300,Hero King Legs GN GS Red,
5301,Hero King Legs GN GP Red,
5302,Gorgon Feet・Red,
5303,Gorgon F Feet・Red,
5304,Gorgon FZ Feet・Red,
5305,Gorgon HS Feet・Red,
5306,Gorgon GS Feet・Red,
5307,Gorgon GP Feet・Red,
5308,Gorgon Boots・Red,
5309,Gorgon F Boots・Red,
5310,Gorgon FZ Boots・Red,
5311,Gorgon HS Boots・Red,
5312,Gorgon GS Boots・Red,
5313,Gorgon GP Boots・Red,
5314,Kruss HS Leg,
5315,Kruss GS Leg,
5316,Kruss GP Leg,
5317,Quote HS Boots,
5318,Quote GS Boots,
5319,Quote GP Boots,
5320,Starina HS Leg,
5321,Starina GS Leg,
5322,Starina GP Leg,
5323,Starina HS Boots,
5324,Starina GS Boots,
5325,Starina GP Boots,
5326,Loose HS Leg,
5327,Loose GS Leg,
5328,Loose GP Leg,
5329,Loose HS Boots,
5330,Loose GS Boots,
5331,Loose GP Boots,
5332,Mirado HS Leg,
5333,Mirado GS Leg,
5334,Mirado GP Leg,
5335,Mirado HS Boots,
5336,Mirado GS Boots,
5337,Mirado GP Boots,
5338,Pirata HS Greaves,
5339,Pirata GS Greaves,
5340,Pirata GP Greaves,
5341,Pirata HS Leggings,
5342,Pirata GS Leggings,
5343,Pirata GP Leggings,
5344,Zeroi HS Greaves,
5345,Zeroi GS Greaves,
5346,Zeroi GP Greaves,
5347,Zeroi HS Leggings,
5348,Zeroi GS Leggings,
5349,Zeroi GP Leggings,
5350,Deyuru HS Greaves,
5351,Deyuru GS Greaves,
5352,Deyuru GP Greaves,
5353,Deyuru HS Leggings,
5354,Deyuru GS Leggings,
5355,Deyuru GP Leggings,
5356,Robust HSペイル,
5357,Robust GSペイル,
5358,Robust GPペイル,
5359,Robust HS Legs,
5360,Robust GS Legs,
5361,Robust GP Legs,
5362,花火GS【具足】,
5363,花火GP【具足】,
5364,流星GS【具足】,
5365,流星GP【具足】,
5366,Bunny FZ Feet・Black,
5367,Bunny HS Feet・Black,
5368,Bunny GS Feet・Black,
5369,Bunny GP Feet・Black,
5370,Bunny FZ Feet・White,
5371,Bunny HS Feet・White,
5372,Bunny GS Feet・White,
5373,Bunny GP Feet・White,
5374,Bunny FZ Feet・Red,
5375,Bunny HS Feet・Red,
5376,Bunny GS Feet・Red,
5377,Bunny GP Feet・Red,
5378,Bunny FZ Feet・Purple,
5379,Bunny HS Feet・Purple,
5380,Bunny GS Feet・Purple,
5381,Bunny GP Feet・Purple,
5382,Bunny FZ Boots・Black,
5383,Bunny HS Boots・Black,
5384,Bunny GS Boots・Black,
5385,Bunny GP Boots・Black,
5386,Bunny FZ Boots・White,
5387,Bunny HS Boots・White,
5388,Bunny GS Boots・White,
5389,Bunny GP Boots・White,
5390,Bunny FZ Boots・Red,
5391,Bunny HS Boots・Red,
5392,Bunny GS Boots・Red,
5393,Bunny GP Boots・Red,
5394,Bunny FZ Boots・Purple,
5395,Bunny HS Boots・Purple,
5396,Bunny GS Boots・Purple,
5397,Bunny GP Boots・Purple,
5398,Miku GP Feet,
5399,Miku GP Boots,
5400,Akahara Reisou BM Legs GP Red,
5401,Akahara Reisou GN Legs GP Red,
5402,Akahara Reisou BM Legs GP Blue,
5403,Akahara Reisou GN Legs GP Blue,
5404,Akahara Reisou BM Legs GP Black,
5405,Akahara Reisou GN Legs GP Black,
5406,Akahara Reisou BM Legs GP White,
5407,Akahara Reisou GN Legs GP White,
5408,Knight King Legs BM GP Blue,
5409,Knight King Legs GN GP Blue,
5410,Knight King Legs BM GP Red,
5411,Knight King Legs GN GP Red,
5412,Knight King Legs BM GP Black,
5413,Knight King Legs GN GP Black,
5414,Knight King Legs BM GP White,
5415,Knight King Legs GN GP White,
5416,Green 竜ノ具足GP【脛当】,
5417,Green 竜ノ Haori GP【脛当】,
5418,Red 備ノ具足GP【脛当】,
5419,Red 備ノ Haori GP【脛当】,
5420,Real GP Feet・White,
5421,Real GP Feet・Gold,
5422,Real GP Feet・Blue,
5423,Real GP Feet・Red,
5424,Real GP Boots・White,
5425,Real GP Boots・Gold,
5426,Real GP Boots・Blue,
5427,Real GP Boots・Red,
5428,Regelia GP Feet・White,
5429,Regelia GP Feet・Red,
5430,Regelia GP Feet・Green,
5431,Regelia GP Feet・Blue,
5432,Regelia GP Boots・White,
5433,Regelia GP Boots・Red,
5434,Regelia GP Boots・Green,
5435,Regelia GP Boots・Blue,
5436,Edio GP Feet・Blue,
5437,Edio GP Feet・Red,
5438,Edio GP Feet・Yellow,
5439,Edio GP Feet・Black,
5440,Edio GP Boots・Blue,
5441,Edio GP Boots・Red,
5442,Edio GP Boots・Yellow,
5443,Edio GP Boots・Black,
5444,Rast GS Feet・Black,
5445,Rast GP Feet・Black,
5446,Rast GS Boots・Black,
5447,Rast GP Boots・Black,
5448,Rast GS Feet・Blue,
5449,Rast GP Feet・Blue,
5450,Rast GS Boots・Blue,
5451,Rast GP Boots・Blue,
5452,Rast GS Feet・Crimson,
5453,Rast GP Feet・Crimson,
5454,Rast GS Boots・Crimson,
5455,Rast GP Boots・Crimson,
5456,Rast GS Feet・White,
5457,Rast GP Feet・White,
5458,Rast GS Boots・White,
5459,Rast GP Boots・White,
5460,Ciel FZ Divider,
5461,Ciel HS Divider,
5462,Ciel GS Divider,
5463,Ciel GP Divider,
5464,Omet HS Feet・Black,
5465,Omet GS Feet・Black,
5466,Omet GP Feet・Black,
5467,Omet HS Boots・Black,
5468,Omet GS Boots・Black,
5469,Omet GP Boots・Black,
5470,Omet HS Feet・Red,
5471,Omet GS Feet・Red,
5472,Omet GP Feet・Red,
5473,Omet HS Boots・Red,
5474,Omet GS Boots・Red,
5475,Omet GP Boots・Red,
5476,Omet HS Feet・White,
5477,Omet GS Feet・White,
5478,Omet GP Feet・White,
5479,Omet HS Boots・White,
5480,Omet GS Boots・White,
5481,Omet GP Boots・White,
5482,Omet HS Feet・Blue,
5483,Omet GS Feet・Blue,
5484,Omet GP Feet・Blue,
5485,Omet HS Boots・Blue,
5486,Omet GS Boots・Blue,
5487,Omet GP Boots・Blue,
5488,Gold FZ Feet・Red,
5489,Gold HS Feet・Red,
5490,Gold GS Feet・Red,
5491,Gold GP Feet・Red,
5492,Gold FZ Feet・Blue,
5493,Gold HS Feet・Blue,
5494,Gold GS Feet・Blue,
5495,Gold GP Feet・Blue,
5496,Gold FZ Feet・Yellow,
5497,Gold HS Feet・Yellow,
5498,Gold GS Feet・Yellow,
5499,Gold GP Feet・Yellow,
5500,Gold FZ Feet・Purple,
5501,Gold HS Feet・Purple,
5502,Gold GS Feet・Purple,
5503,Gold GP Feet・Purple,
5504,Gold FZ Boots・Red,
5505,Gold HS Boots・Red,
5506,Gold GS Boots・Red,
5507,Gold GP Boots・Red,
5508,Gold FZ Boots・Blue,
5509,Gold HS Boots・Blue,
5510,Gold GS Boots・Blue,
5511,Gold GP Boots・Blue,
5512,Gold FZ Boots・Yellow,
5513,Gold HS Boots・Yellow,
5514,Gold GS Boots・Yellow,
5515,Gold GP Boots・Yellow,
5516,Gold FZ Boots・Purple,
5517,Gold HS Boots・Purple,
5518,Gold GS Boots・Purple,
5519,Gold GP Boots・Purple,
5520,Shaln HS Feet・Blue,
5521,Shaln GS Feet・Blue,
5522,Shaln GP Feet・Blue,
5523,Shaln HS Feet・Green,
5524,Shaln GS Feet・Green,
5525,Shaln GP Feet・Green,
5526,Shaln HS Feet・Purple,
5527,Shaln GS Feet・Purple,
5528,Shaln GP Feet・Purple,
5529,Shaln HS Feet・White,
5530,Shaln GS Feet・White,
5531,Shaln GP Feet・White,
5532,Shaln HS Boots・Blue,
5533,Shaln GS Boots・Blue,
5534,Shaln GP Boots・Blue,
5535,Shaln HS Boots・Green,
5536,Shaln GS Boots・Green,
5537,Shaln GP Boots・Green,
5538,Shaln HS Boots・Purple,
5539,Shaln GS Boots・Purple,
5540,Shaln GP Boots・Purple,
5541,Shaln HS Boots・White,
5542,Shaln GS Boots・White,
5543,Shaln GP Boots・White,
5544,Aristo FZ Feet・Blue,
5545,Aristo HS Feet・Blue,
5546,Aristo GS Feet・Blue,
5547,Aristo GP Feet・Blue,
5548,Aristo FZ Feet・White,
5549,Aristo HS Feet・White,
5550,Aristo GS Feet・White,
5551,Aristo GP Feet・White,
5552,Aristo FZ Feet・Purple,
5553,Aristo HS Feet・Purple,
5554,Aristo GS Feet・Purple,
5555,Aristo GP Feet・Purple,
5556,Aristo FZ Feet・Red,
5557,Aristo HS Feet・Red,
5558,Aristo GS Feet・Red,
5559,Aristo GP Feet・Red,
5560,Aristo FZ Boots・Blue,
5561,Aristo HS Boots・Blue,
5562,Aristo GS Boots・Blue,
5563,Aristo GP Boots・Blue,
5564,Aristo FZ Boots・White,
5565,Aristo HS Boots・White,
5566,Aristo GS Boots・White,
5567,Aristo GP Boots・White,
5568,Aristo FZ Boots・Purple,
5569,Aristo HS Boots・Purple,
5570,Aristo GS Boots・Purple,
5571,Aristo GP Boots・Purple,
5572,Aristo FZ Boots・Red,
5573,Aristo HS Boots・Red,
5574,Aristo GS Boots・Red,
5575,Aristo GP Boots・Red,
5576,Magisa FZ Feet・Red,
5577,Magisa HS Feet・Red,
5578,Magisa GS Feet・Red,
5579,Magisa GP Feet・Red,
5580,Magisa FZ Feet・Black,
5581,Magisa HS Feet・Black,
5582,Magisa GS Feet・Black,
5583,Magisa GP Feet・Black,
5584,Magisa FZ Feet・Green,
5585,Magisa HS Feet・Green,
5586,Magisa GS Feet・Green,
5587,Magisa GP Feet・Green,
5588,Magisa FZ Feet・White,
5589,Magisa HS Feet・White,
5590,Magisa GS Feet・White,
5591,Magisa GP Feet・White,
5592,Wizard FZ Boots・Red,
5593,Wizard HS Boots・Red,
5594,Wizard GS Boots・Red,
5595,Wizard GP Boots・Red,
5596,Wizard FZ Boots・Black,
5597,Wizard HS Boots・Black,
5598,Wizard GS Boots・Black,
5599,Wizard GP Boots・Black,
5600,Wizard FZ Boots・Green,
5601,Wizard HS Boots・Green,
5602,Wizard GS Boots・Green,
5603,Wizard GP Boots・Green,
5604,Wizard FZ Boots・White,
5605,Wizard HS Boots・White,
5606,Wizard GS Boots・White,
5607,Wizard GP Boots・White,
5608,抜胴GS【Greaves】,
5609,抜胴GP【Greaves】,
5610,長根GS【Greaves】,
5611,長根GP【Greaves】,
5612,Meraginasu Greaves,
5613,Meraginasu F Greaves,
5614,Meraginasu FX Greaves,
5615,Meraginasu G Greaves,
5616,Meraginasu GF Greaves,
5617,Meraginasu Leggings,
5618,Meraginasu F Leggings,
5619,Meraginasu FX Leggings,
5620,Meraginasu G Leggings,
5621,Meraginasu GF Leggings,
5622,Stroma GF Greaves,
5623,Stroma GF Leggings,
5624,エミットGF Greaves,
5625,エミットGF Leggings,
5626,Blitz GFレガース,
5627,Blitz GF Boots,
5628,Wadatsumi GF【Greaves】,
5629,Okami GF【Greaves】,
5630,Diboa GF Greaves,
5631,Diboa GF Leggings,
5632,若 Crimson 葉【足枷】,
5633,若 Crimson 葉F【足枷】,
5634,若 Crimson 葉FY【足枷】,
5635,若 Crimson 葉HS【足枷】,
5636,若 Crimson 葉G【足枷】,
5637,若 Crimson 葉GF【足枷】,
5638,若 Crimson 葉GX【足枷】,
5639,翡戸隠【足枷】,
5640,翡戸隠F【足枷】,
5641,翡戸隠FY【足枷】,
5642,翡戸隠HS【足枷】,
5643,翡戸隠G【足枷】,
5644,翡戸隠GF【足枷】,
5645,翡戸隠GX【足枷】,
5646,ブリゼ Greaves,
5647,ブリゼF Greaves,
5648,ブリゼFY Greaves,
5649,ブリゼHS Greaves,
5650,ブリゼG Greaves,
5651,ブリゼGF Greaves,
5652,ブリゼGX Greaves,
5653,ブリゼ Leggings,
5654,ブリゼF Leggings,
5655,ブリゼFY Leggings,
5656,ブリゼHS Leggings,
5657,ブリゼG Leggings,
5658,ブリゼGF Leggings,
5659,ブリゼGX Leggings,
5660,Mixes FY Greaves,
5661,Mixes HS Greaves,
5662,Mixes G Greaves,
5663,Mixes GF Greaves,
5664,Mixes GX Greaves,
5665,Mixes FY Leggings,
5666,Mixes HS Leggings,
5667,Mixes G Leggings,
5668,Mixes GF Leggings,
5669,Mixes GX Leggings,
5670,Zyra Feet・Green,
5671,Zyra F Feet・Green,
5672,Zyra FZ Feet・Green,
5673,Zyra HS Feet・Green,
5674,Zyra GS Feet・Green,
5675,Zyra GP Feet・Green,
5676,Zyra Boots・Green,
5677,Zyra F Boots・Green,
5678,Zyra FZ Boots・Green,
5679,Zyra HS Boots・Green,
5680,Zyra GS Boots・Green,
5681,Zyra GP Boots・Green,
5682,Zyra Feet・Water,
5683,Zyra F Feet・Water,
5684,Zyra FZ Feet・Water,
5685,Zyra HS Feet・Water,
5686,Zyra GS Feet・Water,
5687,Zyra GP Feet・Water,
5688,Zyra Boots・Water,
5689,Zyra F Boots・Water,
5690,Zyra FZ Boots・Water,
5691,Zyra HS Boots・Water,
5692,Zyra GS Boots・Water,
5693,Zyra GP Boots・Water,
5694,Zyra Feet・Red,
5695,Zyra F Feet・Red,
5696,Zyra FZ Feet・Red,
5697,Zyra HS Feet・Red,
5698,Zyra GS Feet・Red,
5699,Zyra GP Feet・Red,
5700,Zyra Boots・Red,
5701,Zyra F Boots・Red,
5702,Zyra FZ Boots・Red,
5703,Zyra HS Boots・Red,
5704,Zyra GS Boots・Red,
5705,Zyra GP Boots・Red,
5706,Zyra Feet・Blue,
5707,Zyra F Feet・Blue,
5708,Zyra FZ Feet・Blue,
5709,Zyra HS Feet・Blue,
5710,Zyra GS Feet・Blue,
5711,Zyra GP Feet・Blue,
5712,Zyra Boots・Blue,
5713,Zyra F Boots・Blue,
5714,Zyra FZ Boots・Blue,
5715,Zyra HS Boots・Blue,
5716,Zyra GS Boots・Blue,
5717,Zyra GP Boots・Blue,
5718,Carrol Feet・Black,
5719,Carrol F Feet・Black,
5720,Carrol FZ Feet・Black,
5721,Carrol HS Feet・Black,
5722,Carrol GS Feet・Black,
5723,Carrol GP Feet・Black,
5724,Carrol Boots・Black,
5725,Carrol F Boots・Black,
5726,Carrol FZ Boots・Black,
5727,Carrol HS Boots・Black,
5728,Carrol GS Boots・Black,
5729,Carrol GP Boots・Black,
5730,Carrol Feet・Blue,
5731,Carrol F Feet・Blue,
5732,Carrol FZ Feet・Blue,
5733,Carrol HS Feet・Blue,
5734,Carrol GS Feet・Blue,
5735,Carrol GP Feet・Blue,
5736,Carrol Boots・Blue,
5737,Carrol F Boots・Blue,
5738,Carrol FZ Boots・Blue,
5739,Carrol HS Boots・Blue,
5740,Carrol GS Boots・Blue,
5741,Carrol GP Boots・Blue,
5742,Carrol Feet・White,
5743,Carrol F Feet・White,
5744,Carrol FZ Feet・White,
5745,Carrol HS Feet・White,
5746,Carrol GS Feet・White,
5747,Carrol GP Feet・White,
5748,Carrol Boots・White,
5749,Carrol F Boots・White,
5750,Carrol FZ Boots・White,
5751,Carrol HS Boots・White,
5752,Carrol GS Boots・White,
5753,Carrol GP Boots・White,
5754,Carrol Feet・Red,
5755,Carrol F Feet・Red,
5756,Carrol FZ Feet・Red,
5757,Carrol HS Feet・Red,
5758,Carrol GS Feet・Red,
5759,Carrol GP Feet・Red,
5760,Carrol Boots・Red,
5761,Carrol F Boots・Red,
5762,Carrol FZ Boots・Red,
5763,Carrol HS Boots・Red,
5764,Carrol GS Boots・Red,
5765,Carrol GP Boots・Red,
5766,Serena Feet・Purple,
5767,Serena F Feet・Purple,
5768,Serena FZ Feet・Purple,
5769,Serena HS Feet・Purple,
5770,Serena GS Feet・Purple,
5771,Serena GP Feet・Purple,
5772,Serena Boots・Purple,
5773,Serena F Boots・Purple,
5774,Serena FZ Boots・Purple,
5775,Serena HS Boots・Purple,
5776,Serena GS Boots・Purple,
5777,Serena GP Boots・Purple,
5778,Serena Feet・Blue,
5779,Serena F Feet・Blue,
5780,Serena FZ Feet・Blue,
5781,Serena HS Feet・Blue,
5782,Serena GS Feet・Blue,
5783,Serena GP Feet・Blue,
5784,Serena Boots・Blue,
5785,Serena F Boots・Blue,
5786,Serena FZ Boots・Blue,
5787,Serena HS Boots・Blue,
5788,Serena GS Boots・Blue,
5789,Serena GP Boots・Blue,
5790,Serena Feet・White,
5791,Serena F Feet・White,
5792,Serena FZ Feet・White,
5793,Serena HS Feet・White,
5794,Serena GS Feet・White,
5795,Serena GP Feet・White,
5796,Serena Boots・White,
5797,Serena F Boots・White,
5798,Serena FZ Boots・White,
5799,Serena HS Boots・White,
5800,Serena GS Boots・White,
5801,Serena GP Boots・White,
5802,Serena Feet・Red,
5803,Serena F Feet・Red,
5804,Serena FZ Feet・Red,
5805,Serena HS Feet・Red,
5806,Serena GS Feet・Red,
5807,Serena GP Feet・Red,
5808,Serena Boots・Red,
5809,Serena F Boots・Red,
5810,Serena FZ Boots・Red,
5811,Serena HS Boots・Red,
5812,Serena GS Boots・Red,
5813,Serena GP Boots・Red,
5814,Nimbus Leg,
5815,Nimbus F Leg,
5816,Nimbus FZ Leg,
5817,Nimbus HS Leg,
5818,Nimbus GS Leg,
5819,Nimbus GP Leg,
5820,Nimbus Boots,
5821,Nimbus F Boots,
5822,Nimbus FZ Boots,
5823,Nimbus HS Boots,
5824,Nimbus GS Boots,
5825,Nimbus GP Boots,
5826,Ex FZ Feet・White,
5827,Ex HS Feet・White,
5828,Ex GS Feet・White,
5829,Ex GP Feet・White,
5830,Ex FZ Boots・White,
5831,Ex HS Boots・White,
5832,Ex GS Boots・White,
5833,Ex GP Boots・White,
5834,Ex FZ Feet・Red,
5835,Ex HS Feet・Red,
5836,Ex GS Feet・Red,
5837,Ex GP Feet・Red,
5838,Ex FZ Boots・Red,
5839,Ex HS Boots・Red,
5840,Ex GS Boots・Red,
5841,Ex GP Boots・Red,
5842,Ex FZ Feet・Blue,
5843,Ex HS Feet・Blue,
5844,Ex GS Feet・Blue,
5845,Ex GP Feet・Blue,
5846,Ex FZ Boots・Blue,
5847,Ex HS Boots・Blue,
5848,Ex GS Boots・Blue,
5849,Ex GP Boots・Blue,
5850,Ex FZ Feet・Black,
5851,Ex HS Feet・Black,
5852,Ex GS Feet・Black,
5853,Ex GP Feet・Black,
5854,Ex FZ Boots・Black,
5855,Ex HS Boots・Black,
5856,Ex GS Boots・Black,
5857,Ex GP Boots・Black,
5858,Gold Cat FZ Feet,
5859,Gold Cat HS Feet,
5860,Gold Cat GS Feet,
5861,Gold Cat GP Feet,
5862,Gold Cat FZ Boots,
5863,Gold Cat HS Boots,
5864,Gold Cat GS Boots,
5865,Gold Cat GP Boots,
5866,Silver Cat FZ Feet,
5867,Silver Cat HS Feet,
5868,Silver Cat GS Feet,
5869,Silver Cat GP Feet,
5870,Silver Cat FZ Boots,
5871,Silver Cat HS Boots,
5872,Silver Cat GS Boots,
5873,Silver Cat GP Boots,
5874,Claire FZ Feet・Purple,
5875,Claire HS Feet・Purple,
5876,Claire GS Feet・Purple,
5877,Claire GP Feet・Purple,
5878,Claire FZ Boots・Purple,
5879,Claire HS Boots・Purple,
5880,Claire GS Boots・Purple,
5881,Claire GP Boots・Purple,
5882,Claire FZ Feet・Water,
5883,Claire HS Feet・Water,
5884,Claire GS Feet・Water,
5885,Claire GP Feet・Water,
5886,Claire FZ Boots・Water,
5887,Claire HS Boots・Water,
5888,Claire GS Boots・Water,
5889,Claire GP Boots・Water,
5890,Claire FZ Feet・Red,
5891,Claire HS Feet・Red,
5892,Claire GS Feet・Red,
5893,Claire GP Feet・Red,
5894,Claire FZ Boots・Red,
5895,Claire HS Boots・Red,
5896,Claire GS Boots・Red,
5897,Claire GP Boots・Red,
5898,Claire FZ Feet・Black,
5899,Claire HS Feet・Black,
5900,Claire GS Feet・Black,
5901,Claire GP Feet・Black,
5902,Claire FZ Boots・Black,
5903,Claire HS Boots・Black,
5904,Claire GS Boots・Black,
5905,Claire GP Boots・Black,
5906,Text HS Feet・Purple,
5907,Text GS Feet・Purple,
5908,Text GP Feet・Purple,
5909,Text HS Boots・Purple,
5910,Text GS Boots・Purple,
5911,Text GP Boots・Purple,
5912,Text HS Feet・Green,
5913,Text GS Feet・Green,
5914,Text GP Feet・Green,
5915,Text HS Boots・Green,
5916,Text GS Boots・Green,
5917,Text GP Boots・Green,
5918,Text HS Feet・Blue,
5919,Text GS Feet・Blue,
5920,Text GP Feet・Blue,
5921,Text HS Boots・Blue,
5922,Text GS Boots・Blue,
5923,Text GP Boots・Blue,
5924,Text HS Feet・Black,
5925,Text GS Feet・Black,
5926,Text GP Feet・Black,
5927,Text HS Boots・Black,
5928,Text GS Boots・Black,
5929,Text GP Boots・Black,
5930,Cultu HS Feet・Ash,
5931,Cultu GS Feet・Ash,
5932,Cultu GP Feet・Ash,
5933,Cultu HS Boots・Ash,
5934,Cultu GS Boots・Ash,
5935,Cultu GP Boots・Ash,
5936,Cultu HS Feet・Blue,
5937,Cultu GS Feet・Blue,
5938,Cultu GP Feet・Blue,
5939,Cultu HS Boots・Blue,
5940,Cultu GS Boots・Blue,
5941,Cultu GP Boots・Blue,
5942,Cultu HS Feet・Orange,
5943,Cultu GS Feet・Orange,
5944,Cultu GP Feet・Orange,
5945,Cultu HS Boots・Orange,
5946,Cultu GS Boots・Orange,
5947,Cultu GP Boots・Orange,
5948,Cultu HS Feet・Green,
5949,Cultu GS Feet・Green,
5950,Cultu GP Feet・Green,
5951,Cultu HS Boots・Green,
5952,Cultu GS Boots・Green,
5953,Cultu GP Boots・Green,
5954,Arma FZ Feet・Black,
5955,Arma HS Feet・Black,
5956,Arma GS Feet・Black,
5957,Arma GP Feet・Black,
5958,Arma FZ Boots・Black,
5959,Arma HS Boots・Black,
5960,Arma GS Boots・Black,
5961,Arma GP Boots・Black,
5962,Arma FZ Feet・White,
5963,Arma HS Feet・White,
5964,Arma GS Feet・White,
5965,Arma GP Feet・White,
5966,Arma FZ Boots・White,
5967,Arma HS Boots・White,
5968,Arma GS Boots・White,
5969,Arma GP Boots・White,
5970,Arma FZ Feet・Blue,
5971,Arma HS Feet・Blue,
5972,Arma GS Feet・Blue,
5973,Arma GP Feet・Blue,
5974,Arma FZ Boots・Blue,
5975,Arma HS Boots・Blue,
5976,Arma GS Boots・Blue,
5977,Arma GP Boots・Blue,
5978,Arma FZ Feet・Tea,
5979,Arma HS Feet・Tea,
5980,Arma GS Feet・Tea,
5981,Arma GP Feet・Tea,
5982,Arma FZ Boots・Tea,
5983,Arma HS Boots・Tea,
5984,Arma GS Boots・Tea,
5985,Arma GP Boots・Tea,
5986,Siena HS Greaves・Silver,
5987,Siena GS Greaves・Silver,
5988,Siena GP Greaves・Silver,
5989,Siena HS Leggings・Silver,
5990,Siena GS Leggings・Silver,
5991,Siena GP Leggings・Silver,
5992,Siena HS Greaves・Black,
5993,Siena GS Greaves・Black,
5994,Siena GP Greaves・Black,
5995,Siena HS Leggings・Black,
5996,Siena GS Leggings・Black,
5997,Siena GP Leggings・Black,
5998,Siena HS Greaves・Red,
5999,Siena GS Greaves・Red,
6000,Siena GP Greaves・Red,
6001,Siena HS Leggings・Red,
6002,Siena GS Leggings・Red,
6003,Siena GP Leggings・Red,
6004,Siena HS Greaves・Blue,
6005,Siena GS Greaves・Blue,
6006,Siena GP Greaves・Blue,
6007,Siena HS Leggings・Blue,
6008,Siena GS Leggings・Blue,
6009,Siena GP Leggings・Blue,
6010,Cloth GS Feet・Red,
6011,Cloth GP Feet・Red,
6012,Cloth GS Boots・Red,
6013,Cloth GP Boots・Red,
6014,Cloth GS Feet・Blue,
6015,Cloth GP Feet・Blue,
6016,Cloth GS Boots・Blue,
6017,Cloth GP Boots・Blue,
6018,Cloth GS Feet・Purple,
6019,Cloth GP Feet・Purple,
6020,Cloth GS Boots・Purple,
6021,Cloth GP Boots・Purple,
6022,Cloth GS Feet・Green,
6023,Cloth GP Feet・Green,
6024,Cloth GS Boots・Green,
6025,Cloth GP Boots・Green,
6026,Maisto FZ Feet・Crimson,
6027,Maisto HS Feet・Crimson,
6028,Maisto GS Feet・Crimson,
6029,Maisto GP Feet・Crimson,
6030,Maisto FZ Boots・Crimson,
6031,Maisto HS Boots・Crimson,
6032,Maisto GS Boots・Crimson,
6033,Maisto GP Boots・Crimson,
6034,Maisto FZ Feet・Green,
6035,Maisto HS Feet・Green,
6036,Maisto GS Feet・Green,
6037,Maisto GP Feet・Green,
6038,Maisto FZ Boots・Green,
6039,Maisto HS Boots・Green,
6040,Maisto GS Boots・Green,
6041,Maisto GP Boots・Green,
6042,Maisto FZ Feet・Green,
6043,Maisto HS Feet・Green,
6044,Maisto GS Feet・Green,
6045,Maisto GP Feet・Green,
6046,Maisto FZ Boots・Green,
6047,Maisto HS Boots・Green,
6048,Maisto GS Boots・Green,
6049,Maisto GP Boots・Green,
6050,Maisto FZ Feet・Pink,
6051,Maisto HS Feet・Pink,
6052,Maisto GS Feet・Pink,
6053,Maisto GP Feet・Pink,
6054,Maisto FZ Boots・Pink,
6055,Maisto HS Boots・Pink,
6056,Maisto GS Boots・Pink,
6057,Maisto GP Boots・Pink,
6058,Cayssis HS Feet Water,
6059,Cayssis GS Feet Water,
6060,Cayssis GP Feet Water,
6061,Cayssis HS Leggings Water,
6062,Cayssis GS Leggings Water,
6063,Cayssis GP Leggings Water,
6064,Cayssis HS Feet Red,
6065,Cayssis GS Feet Red,
6066,Cayssis GP Feet Red,
6067,Cayssis HS Leggings Red,
6068,Cayssis GS Leggings Red,
6069,Cayssis GP Leggings Red,
6070,Cayssis HS Feet Blue,
6071,Cayssis GS Feet Blue,
6072,Cayssis GP Feet Blue,
6073,Cayssis HS Leggings Blue,
6074,Cayssis GS Leggings Blue,
6075,Cayssis GP Leggings Blue,
6076,Cayssis HS Feet Orange,
6077,Cayssis GS Feet Orange,
6078,Cayssis GP Feet Orange,
6079,Cayssis HS Leggings Orange,
6080,Cayssis GS Leggings Orange,
6081,Cayssis GP Leggings Orange,
6082,Pandeum HS Leg,
6083,Pandeum GS Leg,
6084,Pandeum GP Leg,
6085,Pandeum HS Boots,
6086,Pandeum GS Boots,
6087,Pandeum GP Boots,
6088,Dian HS Leg,
6089,Dian GS Leg,
6090,Dian GP Leg,
6091,Dian HS Boots,
6092,Dian GS Boots,
6093,Dian GP Boots,
6094,Wild HS Leg,
6095,Wild GS Leg,
6096,Wild GP Leg,
6097,Wild HS Boots,
6098,Wild GS Boots,
6099,Wild GP Boots,
6100,Flower HS Leg,
6101,Flower GS Leg,
6102,Flower GP Leg,
6103,Flower HS Boots,
6104,Flower GS Boots,
6105,Flower GP Boots,
6106,Tune HS Leg,
6107,Tune GS Leg,
6108,Tune GP Leg,
6109,Schnite HS Boots,
6110,Schnite GS Boots,
6111,Schnite GP Boots,
6112,Dicto HS Leg,
6113,Dicto GS Leg,
6114,Dicto GP Leg,
6115,Diletto HS Boots,
6116,Diletto GS Boots,
6117,Diletto GP Boots,
6118,Cubie HS Feet,
6119,Cubie GS Feet,
6120,Cubie GP Feet,
6121,Cubie HS Leggings,
6122,Cubie GS Leggings,
6123,Cubie GP Leggings,
6124,Kemor HS Feet,
6125,Kemor GS Feet,
6126,Kemor GP Feet,
6127,Kemor HS Leggings,
6128,Kemor GS Leggings,
6129,Kemor GP Leggings,
6130,Suriito GP Feet・Yellow,
6131,Suriito GP Boots・Yellow,
6132,Suriito GP Feet・Silver,
6133,Suriito GP Boots・Silver,
6134,Suriito GP Feet・Red,
6135,Suriito GP Boots・Red,
6136,Suriito GP Feet・Blue,
6137,Suriito GP Boots・Blue,
6138,Galitos GP Feet・Tea,
6139,Galitos GP Boots・Tea,
6140,Galitos GP Feet・Red,
6141,Galitos GP Boots・Red,
6142,Galitos GP Feet・Black,
6143,Galitos GP Boots・Black,
6144,Galitos GP Feet・Water,
6145,Galitos GP Boots・Water,
6146,Lien GP Feet・Blue,
6147,Lien GP Boots・Blue,
6148,Lien GP Feet・Red,
6149,Lien GP Boots・Red,
6150,Lien GP Feet・Black,
6151,Lien GP Boots・Black,
6152,Lien GP Feet・White,
6153,Lien GP Boots・White,
6154,Melety GP Feet・White,
6155,Melety GP Boots・White,
6156,Melety GP Feet・Red,
6157,Melety GP Boots・Red,
6158,Melety GP Feet・Blue,
6159,Melety GP Boots・Blue,
6160,Melety GP Feet・Black,
6161,Melety GP Boots・Black,
6162,Steno GP Greaves・Orange,
6163,Steno GP Leggings・Orange,
6164,Steno GP Greaves・Peach,
6165,Steno GP Leggings・Peach,
6166,Steno GP Greaves・Blue,
6167,Steno GP Leggings・Blue,
6168,Steno GP Greaves・Red,
6169,Steno GP Leggings・Red,
6170,Star Festival GP Tabi 【 Red 】,
6171,Tanabata GP Tabi 【 Red 】,
6172,Star Festival GP Tabi 【 Blue 】,
6173,Tanabata GP Tabi 【 Blue 】,
6174,Star Festival GP Tabi 【 Black 】,
6175,Tanabata GP Tabi 【 Black 】,
6176,Star Festival GP Tabi 【 White 】,
6177,Tanabata GP Tabi 【 White 】,
6178,ダミー,
6179,ダミー,
6180,ダミー,
6181,ダミー,
6182,ダミー,
6183,ダミー,
6184,Historia Greaves,
6185,Historia F Greaves,
6186,Historia FZ Greaves,
6187,Historia HS Greaves,
6188,Historia GS Greaves,
6189,Historia GP Greaves,
6190,Historia Leggings,
6191,Historia F Leggings,
6192,Historia FZ Leggings,
6193,Historia HS Leggings,
6194,Historia GS Leggings,
6195,Historia GP Leggings,
6196,Furoru Leg,
6197,Furoru F Leg,
6198,Furoru FX Leg,
6199,Furoru G Leg,
6200,Furoru GF Leg,
6201,Furoru Boots,
6202,Furoru F Boots,
6203,Furoru FX Boots,
6204,Furoru G Boots,
6205,Furoru GF Boots,
6206,Franky G Leg,
6207,Franky GF Leg,
6208,Franky GX Leg,
6209,Franky G Boots,
6210,Franky GF Boots,
6211,Franky GX Boots,
6212,Diore Greaves,
6213,Diore F Greaves,
6214,Diore FX Greaves,
6215,Diore G Greaves,
6216,Diore GF Greaves,
6217,Diore Leggings,
6218,Diore F Leggings,
6219,Diore FX Leggings,
6220,Diore G Leggings,
6221,Diore GF Leggings,
6222,Kagura G【 Hakama 】,
6223,Kagura GF【 Hakama 】,
6224,Kagura GX【 Hakama 】,
6225,Kamiza G【 Hakama 】,
6226,Kamiza GF【 Hakama 】,
6227,Kamiza GX【 Hakama 】,
6228,Jebia G Greaves,
6229,Jebia GF Greaves,
6230,Jebia GX Greaves,
6231,Jebia G Leggings,
6232,Jebia GF Leggings,
6233,Jebia GX Leggings,
6234,Sol G Greaves,
6235,Sol GF Greaves,
6236,Sol GX Greaves,
6237,Sol G Leggings,
6238,Sol GF Leggings,
6239,Sol GX Leggings,
6240,Vulcan G Feet,
6241,Vulcan GF Feet,
6242,Vulcan GX Feet,
6243,Vulcan G Legs,
6244,Vulcan GF Legs,
6245,Vulcan GX Legs,
6246,Algol GF Greaves,
6247,Algol GF Leggings,
6248,Odiva GF Greaves,
6249,Odiva GF Leggings,
6250,Byakko・Kensei GX Feet,
6251,Suzaku・Kensei GX Feet,
6252,Genbu・Kensei GX Feet,
6253,Seiryu・Kensei GX Feet,
6254,Byakko・双龍GX Feet,
6255,Suzaku・双龍GX Feet,
6256,Genbu・双龍GX Feet,
6257,Seiryu・双龍GX Feet,
6258,Byakko・剣王GX Feet,
6259,Suzaku・剣王GX Feet,
6260,Genbu・剣王GX Feet,
6261,Seiryu・剣王GX Feet,
6262,Byakko・刀神GX Feet,
6263,Suzaku・刀神GX Feet,
6264,Genbu・刀神GX Feet,
6265,Seiryu・刀神GX Feet,
6266,Byakko・Heaven 槍GX Feet,
6267,Suzaku・Heaven 槍GX Feet,
6268,Genbu・Heaven 槍GX Feet,
6269,Seiryu・Heaven 槍GX Feet,
6270,Byakko・砲皇GX Feet,
6271,Suzaku・砲皇GX Feet,
6272,Genbu・砲皇GX Feet,
6273,Seiryu・砲皇GX Feet,
6274,Byakko・鈍器獣GX Feet,
6275,Suzaku・鈍器獣GX Feet,
6276,Genbu・鈍器獣GX Feet,
6277,Seiryu・鈍器獣GX Feet,
6278,Byakko・奏帝GX Feet,
6279,Suzaku・奏帝GX Feet,
6280,Genbu・奏帝GX Feet,
6281,Seiryu・奏帝GX Feet,
6282,Byakko・銃傑GX Boots,
6283,Suzaku・銃傑GX Boots,
6284,Genbu・銃傑GX Boots,
6285,Seiryu・銃傑GX Boots,
6286,Byakko・銃仙GX Boots,
6287,Suzaku・銃仙GX Boots,
6288,Genbu・銃仙GX Boots,
6289,Seiryu・銃仙GX Boots,
6290,Byakko・Bow 鬼GX Boots,
6291,Suzaku・Bow 鬼GX Boots,
6292,Genbu・Bow 鬼GX Boots,
6293,Seiryu・Bow 鬼GX Boots,
6294,Hisui Greaves,
6295,Hisui F Greaves,
6296,Hisui FX Greaves,
6297,Blood Greaves,
6298,Blood F Greaves,
6299,Blood FX Greaves,
6300,Byakko・穿凰G Feet,
6301,Byakko・穿凰GF Feet,
6302,Byakko・穿凰GX Feet,
6303,Suzaku・穿凰G Feet,
6304,Suzaku・穿凰GF Feet,
6305,Suzaku・穿凰GX Feet,
6306,Genbu・穿凰G Feet,
6307,Genbu・穿凰GF Feet,
6308,Genbu・穿凰GX Feet,
6309,Seiryu・穿凰G Feet,
6310,Seiryu・穿凰GF Feet,
6311,Seiryu・穿凰GX Feet,
6312,Honour Feet・Red,
6313,Honour F Feet・Red,
6314,Honour FZ Feet・Red,
6315,Honour HS Feet・Red,
6316,Honour GS Feet・Red,
6317,Honour GP Feet・Red,
6318,Honour Boots・Red,
6319,Honour F Boots・Red,
6320,Honour FZ Boots・Red,
6321,Honour HS Boots・Red,
6322,Honour GS Boots・Red,
6323,Honour GP Boots・Red,
6324,Honour Feet・Blue,
6325,Honour F Feet・Blue,
6326,Honour FZ Feet・Blue,
6327,Honour HS Feet・Blue,
6328,Honour GS Feet・Blue,
6329,Honour GP Feet・Blue,
6330,Honour Boots・Blue,
6331,Honour F Boots・Blue,
6332,Honour FZ Boots・Blue,
6333,Honour HS Boots・Blue,
6334,Honour GS Boots・Blue,
6335,Honour GP Boots・Blue,
6336,Honour Feet・Green,
6337,Honour F Feet・Green,
6338,Honour FZ Feet・Green,
6339,Honour HS Feet・Green,
6340,Honour GS Feet・Green,
6341,Honour GP Feet・Green,
6342,Honour Boots・Green,
6343,Honour F Boots・Green,
6344,Honour FZ Boots・Green,
6345,Honour HS Boots・Green,
6346,Honour GS Boots・Green,
6347,Honour GP Boots・Green,
6348,Honour Feet・紺,
6349,Honour F Feet・紺,
6350,Honour FZ Feet・紺,
6351,Honour HS Feet・紺,
6352,Honour GS Feet・紺,
6353,Honour GP Feet・紺,
6354,Honour Boots・紺,
6355,Honour F Boots・紺,
6356,Honour FZ Boots・紺,
6357,Honour HS Boots・紺,
6358,Honour GS Boots・紺,
6359,Honour GP Boots・紺,
6360,Sheriff Feet・Tea,
6361,Sheriff F Feet・Tea,
6362,Sheriff FZ Feet・Tea,
6363,Sheriff HS Feet・Tea,
6364,Sheriff GS Feet・Tea,
6365,Sheriff GP Feet・Tea,
6366,Sheriff Boots・Tea,
6367,Sheriff F Boots・Tea,
6368,Sheriff FZ Boots・Tea,
6369,Sheriff HS Boots・Tea,
6370,Sheriff GS Boots・Tea,
6371,Sheriff GP Boots・Tea,
6372,Sheriff Feet・Black,
6373,Sheriff F Feet・Black,
6374,Sheriff FZ Feet・Black,
6375,Sheriff HS Feet・Black,
6376,Sheriff GS Feet・Black,
6377,Sheriff GP Feet・Black,
6378,Sheriff Boots・Black,
6379,Sheriff F Boots・Black,
6380,Sheriff FZ Boots・Black,
6381,Sheriff HS Boots・Black,
6382,Sheriff GS Boots・Black,
6383,Sheriff GP Boots・Black,
6384,Sheriff Feet・Blue,
6385,Sheriff F Feet・Blue,
6386,Sheriff FZ Feet・Blue,
6387,Sheriff HS Feet・Blue,
6388,Sheriff GS Feet・Blue,
6389,Sheriff GP Feet・Blue,
6390,Sheriff Boots・Blue,
6391,Sheriff F Boots・Blue,
6392,Sheriff FZ Boots・Blue,
6393,Sheriff HS Boots・Blue,
6394,Sheriff GS Boots・Blue,
6395,Sheriff GP Boots・Blue,
6396,Sheriff Feet・White,
6397,Sheriff F Feet・White,
6398,Sheriff FZ Feet・White,
6399,Sheriff HS Feet・White,
6400,Sheriff GS Feet・White,
6401,Sheriff GP Feet・White,
6402,Sheriff Boots・White,
6403,Sheriff F Boots・White,
6404,Sheriff FZ Boots・White,
6405,Sheriff HS Boots・White,
6406,Sheriff GS Boots・White,
6407,Sheriff GP Boots・White,
6408,Moonlight Hakama,
6409,Moonlight Hakama・F,
6410,Moonlight Hakama・FZ,
6411,Moonlight Hakama・HS,
6412,Moonlight Hakama・GS,
6413,Moonlight Hakama・GP,
6414,Moonlight Tabi,
6415,Moonlight Tabi・F,
6416,Moonlight Tabi・FZ,
6417,Moonlight Tabi・HS,
6418,Moonlight Tabi・GS,
6419,Moonlight Tabi・GP,
6420,Zodic GS Feet・Blue,
6421,Zodic GP Feet・Blue,
6422,Zodic GS Boots・Blue,
6423,Zodic GP Boots・Blue,
6424,Zodic GS Feet・Tea,
6425,Zodic GP Feet・Tea,
6426,Zodic GS Boots・Tea,
6427,Zodic GP Boots・Tea,
6428,Zodic GS Feet・Green,
6429,Zodic GP Feet・Green,
6430,Zodic GS Boots・Green,
6431,Zodic GP Boots・Green,
6432,Zodic GS Feet・Pink,
6433,Zodic GP Feet・Pink,
6434,Zodic GS Boots・Pink,
6435,Zodic GP Boots・Pink,
6436,Bliss FZ Boots 【 White 】,
6437,Bliss HS Boots 【 White 】,
6438,Bliss GS Boots 【 White 】,
6439,Bliss GP Boots 【 White 】,
6440,Bliss FZ Boots 【 Blue 】,
6441,Bliss HS Boots 【 Blue 】,
6442,Bliss GS Boots 【 Blue 】,
6443,Bliss GP Boots 【 Blue 】,
6444,Bliss FZ Boots 【 Purple 】,
6445,Bliss HS Boots 【 Purple 】,
6446,Bliss GS Boots 【 Purple 】,
6447,Bliss GP Boots 【 Purple 】,
6448,Bliss FZ Boots 【 Yellow 】,
6449,Bliss HS Boots 【 Yellow 】,
6450,Bliss GS Boots 【 Yellow 】,
6451,Bliss GP Boots 【 Yellow 】,
6452,White Cat FZ Boots,
6453,White Cat HS Boots,
6454,White Cat GS Boots,
6455,White Cat GP Boots,
6456,Pharan HS Feet・White,
6457,Pharan GS Feet・White,
6458,Pharan GP Feet・White,
6459,Pharan HS Boots・White,
6460,Pharan GS Boots・White,
6461,Pharan GP Boots・White,
6462,Pharan HS Feet・Black,
6463,Pharan GS Feet・Black,
6464,Pharan GP Feet・Black,
6465,Pharan HS Boots・Black,
6466,Pharan GS Boots・Black,
6467,Pharan GP Boots・Black,
6468,Pharan HS Feet・Red,
6469,Pharan GS Feet・Red,
6470,Pharan GP Feet・Red,
6471,Pharan HS Boots・Red,
6472,Pharan GS Boots・Red,
6473,Pharan GP Boots・Red,
6474,Pharan HS Feet・Blue,
6475,Pharan GS Feet・Blue,
6476,Pharan GP Feet・Blue,
6477,Pharan HS Boots・Blue,
6478,Pharan GS Boots・Blue,
6479,Pharan GP Boots・Blue,
6480,Gloria GS Feet・Gold,
6481,Gloria GP Feet・Gold,
6482,Gloria GS Boots・Gold,
6483,Gloria GP Boots・Gold,
6484,Gloria GS Feet・Blue,
6485,Gloria GP Feet・Blue,
6486,Gloria GS Boots・Blue,
6487,Gloria GP Boots・Blue,
6488,Gloria GS Feet・Water,
6489,Gloria GP Feet・Water,
6490,Gloria GS Boots・Water,
6491,Gloria GP Boots・Water,
6492,Gloria GS Feet・Red,
6493,Gloria GP Feet・Red,
6494,Gloria GS Boots・Red,
6495,Gloria GP Boots・Red,
6496,蘭蛮の Hakama・FZ Yellow,
6497,蘭蛮の Hakama・HS Yellow,
6498,蘭蛮の Hakama・GS Yellow,
6499,蘭蛮の Hakama・GP Yellow,
6500,蘭蛮の履・FZ Yellow,
6501,蘭蛮の履・HS Yellow,
6502,蘭蛮の履・GS Yellow,
6503,蘭蛮の履・GP Yellow,
6504,蘭蛮の Hakama・FZ Red,
6505,蘭蛮の Hakama・HS Red,
6506,蘭蛮の Hakama・GS Red,
6507,蘭蛮の Hakama・GP Red,
6508,蘭蛮の履・FZ Red,
6509,蘭蛮の履・HS Red,
6510,蘭蛮の履・GS Red,
6511,蘭蛮の履・GP Red,
6512,蘭蛮の Hakama・FZ Purple,
6513,蘭蛮の Hakama・HS Purple,
6514,蘭蛮の Hakama・GS Purple,
6515,蘭蛮の Hakama・GP Purple,
6516,蘭蛮の履・FZ Purple,
6517,蘭蛮の履・HS Purple,
6518,蘭蛮の履・GS Purple,
6519,蘭蛮の履・GP Purple,
6520,蘭蛮の Hakama・FZ Gold,
6521,蘭蛮の Hakama・HS Gold,
6522,蘭蛮の Hakama・GS Gold,
6523,蘭蛮の Hakama・GP Gold,
6524,蘭蛮の履・FZ Gold,
6525,蘭蛮の履・HS Gold,
6526,蘭蛮の履・GS Gold,
6527,蘭蛮の履・GP Gold,
6528,Ferme FZ Feet・Black,
6529,Ferme HS Feet・Black,
6530,Ferme GS Feet・Black,
6531,Ferme GP Feet・Black,
6532,Ferme FZ Boots・Black,
6533,Ferme HS Boots・Black,
6534,Ferme GS Boots・Black,
6535,Ferme GP Boots・Black,
6536,Ferme FZ Feet・Red,
6537,Ferme HS Feet・Red,
6538,Ferme GS Feet・Red,
6539,Ferme GP Feet・Red,
6540,Ferme FZ Boots・Red,
6541,Ferme HS Boots・Red,
6542,Ferme GS Boots・Red,
6543,Ferme GP Boots・Red,
6544,Ferme FZ Feet・White,
6545,Ferme HS Feet・White,
6546,Ferme GS Feet・White,
6547,Ferme GP Feet・White,
6548,Ferme FZ Boots・White,
6549,Ferme HS Boots・White,
6550,Ferme GS Boots・White,
6551,Ferme GP Boots・White,
6552,Ferme FZ Feet・Blue,
6553,Ferme HS Feet・Blue,
6554,Ferme GS Feet・Blue,
6555,Ferme GP Feet・Blue,
6556,Ferme FZ Boots・Blue,
6557,Ferme HS Boots・Blue,
6558,Ferme GS Boots・Blue,
6559,Ferme GP Boots・Blue,
6560,Truss FZ Leggings Blue,
6561,Truss HS Leggings Blue,
6562,Truss GS Leggings Blue,
6563,Truss GP Leggings Blue,
6564,Truss FZシューズ Blue,
6565,Truss HSシューズ Blue,
6566,Truss GSシューズ Blue,
6567,Truss GPシューズ Blue,
6568,Truss FZ Leggings Red,
6569,Truss HS Leggings Red,
6570,Truss GS Leggings Red,
6571,Truss GP Leggings Red,
6572,Truss FZシューズ Red,
6573,Truss HSシューズ Red,
6574,Truss GSシューズ Red,
6575,Truss GPシューズ Red,
6576,Truss FZ Leggings White,
6577,Truss HS Leggings White,
6578,Truss GS Leggings White,
6579,Truss GP Leggings White,
6580,Truss FZシューズ White,
6581,Truss HSシューズ White,
6582,Truss GSシューズ White,
6583,Truss GPシューズ White,
6584,Truss FZ Leggings Purple,
6585,Truss HS Leggings Purple,
6586,Truss GS Leggings Purple,
6587,Truss GP Leggings Purple,
6588,Truss FZシューズ Purple,
6589,Truss HSシューズ Purple,
6590,Truss GSシューズ Purple,
6591,Truss GPシューズ Purple,
6592,Rail HS Greaves,
6593,Rail GS Greaves,
6594,Rail GP Greaves,
6595,Rail HS Leggings,
6596,Rail GS Leggings,
6597,Rail GP Leggings,
6598,Ridere HS Greaves,
6599,Ridere GS Greaves,
6600,Ridere GP Greaves,
6601,Ridere HS Leggings,
6602,Ridere GS Leggings,
6603,Ridere GP Leggings,
6604,Riot HS Greaves,
6605,Riot GS Greaves,
6606,Riot GP Greaves,
6607,Riot HS Leggings,
6608,Riot GS Leggings,
6609,Riot GP Leggings,
6610,Rutare HS Greaves,
6611,Rutare GS Greaves,
6612,Rutare GP Greaves,
6613,Rutare HS Leggings,
6614,Rutare GS Leggings,
6615,Rutare GP Leggings,
6616,Rolling Flow Greaves・HS,
6617,Rolling Flow Greaves・GS,
6618,Rolling Flow Greaves・GP,
6619,旋転の Greaves・HS,
6620,旋転の Greaves・GS,
6621,旋転の Greaves・GP,
6622,Rolling Sky Greaves・HS,
6623,Rolling Sky Greaves・GS,
6624,Rolling Sky Greaves・GP,
6625,Rolling Earth Greaves・HS,
6626,Rolling Earth Greaves・GS,
6627,Rolling Earth Greaves・GP,
6628,Latria HS Feet,
6629,Latria GS Feet,
6630,Latria GP Feet,
6631,Latria HS Boots,
6632,Latria GS Boots,
6633,Latria GP Boots,
6634,Kontao HS Feet,
6635,Kontao GS Feet,
6636,Kontao GP Feet,
6637,Kontao HS Boots,
6638,Kontao GS Boots,
6639,Kontao GP Boots,
6640,Deliver Greaves,
6641,Deliver F Greaves,
6642,Deliver FY Greaves,
6643,Deliver HS Greaves,
6644,Deliver G Greaves,
6645,Deliver GF Greaves,
6646,Deliver GX Greaves,
6647,Deliver Leggings,
6648,Deliver F Leggings,
6649,Deliver FY Leggings,
6650,Deliver HS Leggings,
6651,Deliver G Leggings,
6652,Deliver GF Leggings,
6653,Deliver GX Leggings,
6654,Asaku Greaves,
6655,Asaku F Greaves,
6656,Asaku FY Greaves,
6657,Asaku HS Greaves,
6658,Asaku G Greaves,
6659,Asaku GF Greaves,
6660,Asaku GX Greaves,
6661,Asaku Leggings,
6662,Asaku F Leggings,
6663,Asaku FY Leggings,
6664,Asaku HS Leggings,
6665,Asaku G Leggings,
6666,Asaku GF Leggings,
6667,Asaku GX Leggings,
6668,Nisuru Greaves,
6669,Nisuru F Greaves,
6670,Nisuru FY Greaves,
6671,Nisuru HS Greaves,
6672,Nisuru G Greaves,
6673,Nisuru GF Greaves,
6674,Nisuru GX Greaves,
6675,Nisuru Leggings,
6676,Nisuru F Leggings,
6677,Nisuru FY Leggings,
6678,Nisuru HS Leggings,
6679,Nisuru G Leggings,
6680,Nisuru GF Leggings,
6681,Nisuru GX Leggings,
6682,Coord Greaves,
6683,Coord F Greaves,
6684,Coord FY Greaves,
6685,Coord HS Greaves,
6686,Coord G Greaves,
6687,Coord GF Greaves,
6688,Coord GX Greaves,
6689,Coord Leggings,
6690,Coord F Leggings,
6691,Coord FY Leggings,
6692,Coord HS Leggings,
6693,Coord G Leggings,
6694,Coord GF Leggings,
6695,Coord GX Leggings,
6696,Resega Greaves,
6697,Resega F Greaves,
6698,Resega FY Greaves,
6699,Resega HS Greaves,
6700,Resega G Greaves,
6701,Resega GF Greaves,
6702,Resega GX Greaves,
6703,Resega Leggings,
6704,Resega F Leggings,
6705,Resega FY Leggings,
6706,Resega HS Leggings,
6707,Resega G Leggings,
6708,Resega GF Leggings,
6709,Resega GX Leggings,
6710,Suforu Greaves,
6711,Suforu F Greaves,
6712,Suforu FY Greaves,
6713,Suforu HS Greaves,
6714,Suforu G Greaves,
6715,Suforu GF Greaves,
6716,Suforu GX Greaves,
6717,Suforu Leggings,
6718,Suforu F Leggings,
6719,Suforu FY Leggings,
6720,Suforu HS Leggings,
6721,Suforu G Leggings,
6722,Suforu GF Leggings,
6723,Suforu GX Leggings,
6724,Perce Greaves,
6725,Perce F Greaves,
6726,Perce FY Greaves,
6727,Perce HS Greaves,
6728,Perce G Greaves,
6729,Perce GF Greaves,
6730,Perce GX Greaves,
6731,Perce Leggings,
6732,Perce F Leggings,
6733,Perce FY Leggings,
6734,Perce HS Leggings,
6735,Perce G Leggings,
6736,Perce GF Leggings,
6737,Perce GX Leggings,
6738,Survey Corps Feet,
6739,Survey Corps F Feet,
6740,Survey Corps FZ Feet,
6741,Survey Corps HS Feet,
6742,Survey Corps GS Feet,
6743,Survey Corps GP Feet,
6744,Survey Corps Boots,
6745,Survey Corps F Boots,
6746,Survey Corps FZ Boots,
6747,Survey Corps HS Boots,
6748,Survey Corps GS Boots,
6749,Survey Corps GP Boots,
6750,Training Corps Feet,
6751,Training Corps F Feet,
6752,Training Corps FZ Feet,
6753,Training Corps HS Feet,
6754,Training Corps GS Feet,
6755,Training Corps GP Feet,
6756,Training Corps Boots,
6757,Training Corps F Boots,
6758,Training Corps FZ Boots,
6759,Training Corps HS Boots,
6760,Training Corps GS Boots,
6761,Training Corps GP Boots,
6762,ダミー,
6763,ダミー,
6764,ダミー,
6765,ダミー,
6766,ダミー,
6767,ダミー,
6768,ダミー,
6769,ダミー,
6770,ダミー,
6771,ダミー,
6772,ダミー,
6773,ダミー,
6774,ダミー,
6775,ダミー,
6776,ダミー,
6777,ダミー,
6778,ダミー,
6779,ダミー,
6780,ダミー,
6781,ダミー,
6782,ダミー,
6783,ダミー,
6784,Carrol Feet・Gold,
6785,Leila Feet,
6786,IS Academy Boots・White,
6787,IS Academy F Boots・White,
6788,IS Academy FZ Boots・White,
6789,IS Academy HS Boots・White,
6790,IS Academy GS Boots・White,
6791,IS Academy GP Boots・White,
6792,IS Academy Leggings・White,
6793,IS Academy F Leggings・White,
6794,IS Academy FZ Leggings・White,
6795,IS Academy HS Leggings・White,
6796,IS Academy GS Leggings・White,
6797,IS Academy GP Leggings・White,
6798,IS Academy Boots・Blue,
6799,IS Academy F Boots・Blue,
6800,IS Academy FZ Boots・Blue,
6801,IS Academy HS Boots・Blue,
6802,IS Academy GS Boots・Blue,
6803,IS Academy GP Boots・Blue,
6804,IS Academy Leggings・Blue,
6805,IS Academy F Leggings・Blue,
6806,IS Academy FZ Leggings・Blue,
6807,IS Academy HS Leggings・Blue,
6808,IS Academy GS Leggings・Blue,
6809,IS Academy GP Leggings・Blue,
6810,IS Academy Boots・Black,
6811,IS Academy F Boots・Black,
6812,IS Academy FZ Boots・Black,
6813,IS Academy HS Boots・Black,
6814,IS Academy GS Boots・Black,
6815,IS Academy GP Boots・Black,
6816,IS Academy Leggings・Black,
6817,IS Academy F Leggings・Black,
6818,IS Academy FZ Leggings・Black,
6819,IS Academy HS Leggings・Black,
6820,IS Academy GS Leggings・Black,
6821,IS Academy GP Leggings・Black,
6822,IS Academy Boots・Green,
6823,IS Academy F Boots・Green,
6824,IS Academy FZ Boots・Green,
6825,IS Academy HS Boots・Green,
6826,IS Academy GS Boots・Green,
6827,IS Academy GP Boots・Green,
6828,IS Academy Leggings・Green,
6829,IS Academy F Leggings・Green,
6830,IS Academy FZ Leggings・Green,
6831,IS Academy HS Leggings・Green,
6832,IS Academy GS Leggings・Green,
6833,IS Academy GP Leggings・Green,
6834,Comrade G Feet・Red,
6835,Comrade GF Feet・Red,
6836,Comrade GX Feet・Red,
6837,Comrade G Boots・Red,
6838,Comrade GF Boots・Red,
6839,Comrade GX Boots・Red,
6840,Comrade G Feet・Blue,
6841,Comrade GF Feet・Blue,
6842,Comrade GX Feet・Blue,
6843,Comrade G Boots・Blue,
6844,Comrade GF Boots・Blue,
6845,Comrade GX Boots・Blue,
6846,Comrade G Feet・Green,
6847,Comrade GF Feet・Green,
6848,Comrade GX Feet・Green,
6849,Comrade G Boots・Green,
6850,Comrade GF Boots・Green,
6851,Comrade GX Boots・Green,
6852,Comrade G Feet・Orange,
6853,Comrade GF Feet・Orange,
6854,Comrade GX Feet・Orange,
6855,Comrade G Boots・Orange,
6856,Comrade GF Boots・Orange,
6857,Comrade GX Boots・Orange,
6858,Melan G Greaves,
6859,Melan GF Greaves,
6860,Melan GX Greaves,
6861,Melan G Leggings,
6862,Melan GF Leggings,
6863,Melan GX Leggings,
6864,Rouge FY Greaves,
6865,Rouge HC Greaves,
6866,Rouge G Greaves,
6867,Rouge GF Greaves,
6868,Rouge GX Greaves,
6869,Regyukusu GP Feet,
6870,Regyukusu GP Boots,
6871,Beil GP Divider,
6872,ヴェルフGP Greaves,
6873,ヴェルフGP Leggings,
6874,テリオグGP Greaves,
6875,テリオグGP Leggings,
6876,Patapatagook・White,
6877,Patapatagook F・White,
6878,Patapatagook FZ・White,
6879,Patapatagook HS・White,
6880,Patapatagook GS・White,
6881,Patapatagook GP・White,
6882,Patapatagook・Ash,
6883,Patapatagook F・Ash,
6884,Patapatagook FZ・Ash,
6885,Patapatagook HS・Ash,
6886,Patapatagook GS・Ash,
6887,Patapatagook GP・Ash,
6888,Patapatagook・Red,
6889,Patapatagook F・Red,
6890,Patapatagook FZ・Red,
6891,Patapatagook HS・Red,
6892,Patapatagook GS・Red,
6893,Patapatagook GP・Red,
6894,Hypnoc G Greaves,
6895,Hypnoc GF Greaves,
6896,Hypnoc GX Greaves,
6897,Hypnoc G Leggings,
6898,Hypnoc GF Leggings,
6899,Hypnoc GX Leggings,
6900,Red Khezu G Greaves,
6901,Red Khezu GF Greaves,
6902,Red Khezu GX Greaves,
6903,Red Khezu G Leggings,
6904,Red Khezu GF Leggings,
6905,Red Khezu GX Leggings,
6906,Monoblos G Greaves,
6907,Monoblos GF Greaves,
6908,Monoblos GX Greaves,
6909,Monoblos G Leggings,
6910,Monoblos GF Leggings,
6911,Monoblos GX Leggings,
6912,Weiss G Heel,
6913,Weiss GF Heel,
6914,Weiss GX Heel,
6915,Weiss G March,
6916,Weiss GF March,
6917,Weiss GX March,
6918,Venom G Greaves,
6919,Venom GF Greaves,
6920,Venom GX Greaves,
6921,Venom G Leggings,
6922,Venom GF Leggings,
6923,Venom GX Leggings,
6924,Elegance [Greaves 】,
6925,Elegance F [Greaves 】,
6926,Elegance FX [Greaves 】,
6927,Elegance G [Greaves 】,
6928,Elegance GF [Greaves 】,
6929,Grace [Greaves 】,
6930,Grace F [Greaves 】,
6931,Grace FX [Greaves 】,
6932,Grace G [Greaves 】,
6933,Grace GF [Greaves 】,
6934,Elegance G [Greaves 】,
6935,Elegance GF [Greaves 】,
6936,Elegance GX [Greaves 】,
6937,Grace G [Greaves 】,
6938,Grace GF [Greaves 】,
6939,Grace GX [Greaves 】,
6940,Garuba ペイル,
6941,Garuba Fペイル,
6942,Garuba FXペイル,
6943,Garuba Gペイル,
6944,Garuba GFペイル,
6945,Garuba ハディ,
6946,Garuba Fハディ,
6947,Garuba FXハディ,
6948,Garuba Gハディ,
6949,Garuba GFハディ,
6950,Wind GFペイル,
6951,Wind GFハディ,
6952,武者GF【具足】,
6953,日光GF【具足】,
6954,White 蘭・Kensei Feet,
6955,White 蘭・Kensei F Feet,
6956,White 蘭・Kensei FX Feet,
6957,Crimson 霞・Kensei Feet,
6958,Crimson 霞・Kensei F Feet,
6959,Crimson 霞・Kensei FX Feet,
6960,White 蘭・Kensei G Feet,
6961,White 蘭・Kensei GF Feet,
6962,White 蘭・Kensei GX Feet,
6963,月夜・Kensei G Feet,
6964,月夜・Kensei GF Feet,
6965,月夜・Kensei GX Feet,
6966,Crimson 霞・Kensei G Feet,
6967,Crimson 霞・Kensei GF Feet,
6968,Crimson 霞・Kensei GX Feet,
6969,Green 穹・Kensei G Feet,
6970,Green 穹・Kensei GF Feet,
6971,Green 穹・Kensei GX Feet,
6972,White 蘭・双龍 Feet,
6973,White 蘭・双龍F Feet,
6974,White 蘭・双龍FX Feet,
6975,Crimson 霞・双龍 Feet,
6976,Crimson 霞・双龍F Feet,
6977,Crimson 霞・双龍FX Feet,
6978,White 蘭・双龍G Feet,
6979,White 蘭・双龍GF Feet,
6980,White 蘭・双龍GX Feet,
6981,月夜・双龍G Feet,
6982,月夜・双龍GF Feet,
6983,月夜・双龍GX Feet,
6984,Crimson 霞・双龍G Feet,
6985,Crimson 霞・双龍GF Feet,
6986,Crimson 霞・双龍GX Feet,
6987,Green 穹・双龍G Feet,
6988,Green 穹・双龍GF Feet,
6989,Green 穹・双龍GX Feet,
6990,White 蘭・剣王 Feet,
6991,White 蘭・剣王F Feet,
6992,White 蘭・剣王FX Feet,
6993,Crimson 霞・剣王 Feet,
6994,Crimson 霞・剣王F Feet,
6995,Crimson 霞・剣王FX Feet,
6996,White 蘭・剣王G Feet,
6997,White 蘭・剣王GF Feet,
6998,White 蘭・剣王GX Feet,
6999,月夜・剣王G Feet,
7000,月夜・剣王GF Feet,
7001,月夜・剣王GX Feet,
7002,Crimson 霞・剣王G Feet,
7003,Crimson 霞・剣王GF Feet,
7004,Crimson 霞・剣王GX Feet,
7005,Green 穹・剣王G Feet,
7006,Green 穹・剣王GF Feet,
7007,Green 穹・剣王GX Feet,
7008,White 蘭・刀神 Feet,
7009,White 蘭・刀神F Feet,
7010,White 蘭・刀神FX Feet,
7011,Crimson 霞・刀神 Feet,
7012,Crimson 霞・刀神F Feet,
7013,Crimson 霞・刀神FX Feet,
7014,White 蘭・刀神G Feet,
7015,White 蘭・刀神GF Feet,
7016,White 蘭・刀神GX Feet,
7017,月夜・刀神G Feet,
7018,月夜・刀神GF Feet,
7019,月夜・刀神GX Feet,
7020,Crimson 霞・刀神G Feet,
7021,Crimson 霞・刀神GF Feet,
7022,Crimson 霞・刀神GX Feet,
7023,Green 穹・刀神G Feet,
7024,Green 穹・刀神GF Feet,
7025,Green 穹・刀神GX Feet,
7026,White 蘭・鈍器獣 Feet,
7027,White 蘭・鈍器獣F Feet,
7028,White 蘭・鈍器獣FX Feet,
7029,Crimson 霞・鈍器獣 Feet,
7030,Crimson 霞・鈍器獣F Feet,
7031,Crimson 霞・鈍器獣FX Feet,
7032,White 蘭・鈍器獣G Feet,
7033,White 蘭・鈍器獣GF Feet,
7034,White 蘭・鈍器獣GX Feet,
7035,月夜・鈍器獣G Feet,
7036,月夜・鈍器獣GF Feet,
7037,月夜・鈍器獣GX Feet,
7038,Crimson 霞・鈍器獣G Feet,
7039,Crimson 霞・鈍器獣GF Feet,
7040,Crimson 霞・鈍器獣GX Feet,
7041,Green 穹・鈍器獣G Feet,
7042,Green 穹・鈍器獣GF Feet,
7043,Green 穹・鈍器獣GX Feet,
7044,White 蘭・奏帝 Feet,
7045,White 蘭・奏帝F Feet,
7046,White 蘭・奏帝FX Feet,
7047,Crimson 霞・奏帝 Feet,
7048,Crimson 霞・奏帝F Feet,
7049,Crimson 霞・奏帝FX Feet,
7050,White 蘭・奏帝G Feet,
7051,White 蘭・奏帝GF Feet,
7052,White 蘭・奏帝GX Feet,
7053,月夜・奏帝G Feet,
7054,月夜・奏帝GF Feet,
7055,月夜・奏帝GX Feet,
7056,Crimson 霞・奏帝G Feet,
7057,Crimson 霞・奏帝GF Feet,
7058,Crimson 霞・奏帝GX Feet,
7059,Green 穹・奏帝G Feet,
7060,Green 穹・奏帝GF Feet,
7061,Green 穹・奏帝GX Feet,
7062,White 蘭・Heaven 槍 Feet,
7063,White 蘭・Heaven 槍F Feet,
7064,White 蘭・Heaven 槍FX Feet,
7065,Crimson 霞・Heaven 槍 Feet,
7066,Crimson 霞・Heaven 槍F Feet,
7067,Crimson 霞・Heaven 槍FX Feet,
7068,White 蘭・Heaven 槍G Feet,
7069,White 蘭・Heaven 槍GF Feet,
7070,White 蘭・Heaven 槍GX Feet,
7071,月夜・Heaven 槍G Feet,
7072,月夜・Heaven 槍GF Feet,
7073,月夜・Heaven 槍GX Feet,
7074,Crimson 霞・Heaven 槍G Feet,
7075,Crimson 霞・Heaven 槍GF Feet,
7076,Crimson 霞・Heaven 槍GX Feet,
7077,Green 穹・Heaven 槍G Feet,
7078,Green 穹・Heaven 槍GF Feet,
7079,Green 穹・Heaven 槍GX Feet,
7080,White 蘭・砲皇 Feet,
7081,White 蘭・砲皇F Feet,
7082,White 蘭・砲皇FX Feet,
7083,Crimson 霞・砲皇 Feet,
7084,Crimson 霞・砲皇F Feet,
7085,Crimson 霞・砲皇FX Feet,
7086,White 蘭・砲皇G Feet,
7087,White 蘭・砲皇GF Feet,
7088,White 蘭・砲皇GX Feet,
7089,月夜・砲皇G Feet,
7090,月夜・砲皇GF Feet,
7091,月夜・砲皇GX Feet,
7092,Crimson 霞・砲皇G Feet,
7093,Crimson 霞・砲皇GF Feet,
7094,Crimson 霞・砲皇GX Feet,
7095,Green 穹・砲皇G Feet,
7096,Green 穹・砲皇GF Feet,
7097,Green 穹・砲皇GX Feet,
7098,White 蘭・穿凰 Feet,
7099,White 蘭・穿凰F Feet,
7100,White 蘭・穿凰FX Feet,
7101,Crimson 霞・穿凰 Feet,
7102,Crimson 霞・穿凰F Feet,
7103,Crimson 霞・穿凰FX Feet,
7104,White 蘭・穿凰G Feet,
7105,White 蘭・穿凰GF Feet,
7106,White 蘭・穿凰GX Feet,
7107,月夜・穿凰G Feet,
7108,月夜・穿凰GF Feet,
7109,月夜・穿凰GX Feet,
7110,Crimson 霞・穿凰G Feet,
7111,Crimson 霞・穿凰GF Feet,
7112,Crimson 霞・穿凰GX Feet,
7113,Green 穹・穿凰G Feet,
7114,Green 穹・穿凰GF Feet,
7115,Green 穹・穿凰GX Feet,
7116,White 蘭・銃仙 Boots,
7117,White 蘭・銃仙F Boots,
7118,White 蘭・銃仙FX Boots,
7119,Crimson 霞・銃仙 Boots,
7120,Crimson 霞・銃仙F Boots,
7121,Crimson 霞・銃仙FX Boots,
7122,White 蘭・銃仙G Boots,
7123,White 蘭・銃仙GF Boots,
7124,White 蘭・銃仙GX Boots,
7125,月夜・銃仙G Boots,
7126,月夜・銃仙GF Boots,
7127,月夜・銃仙GX Boots,
7128,Crimson 霞・銃仙G Boots,
7129,Crimson 霞・銃仙GF Boots,
7130,Crimson 霞・銃仙GX Boots,
7131,Green 穹・銃仙G Boots,
7132,Green 穹・銃仙GF Boots,
7133,Green 穹・銃仙GX Boots,
7134,White 蘭・銃傑 Boots,
7135,White 蘭・銃傑F Boots,
7136,White 蘭・銃傑FX Boots,
7137,Crimson 霞・銃傑 Boots,
7138,Crimson 霞・銃傑F Boots,
7139,Crimson 霞・銃傑FX Boots,
7140,White 蘭・銃傑G Boots,
7141,White 蘭・銃傑GF Boots,
7142,White 蘭・銃傑GX Boots,
7143,月夜・銃傑G Boots,
7144,月夜・銃傑GF Boots,
7145,月夜・銃傑GX Boots,
7146,Crimson 霞・銃傑G Boots,
7147,Crimson 霞・銃傑GF Boots,
7148,Crimson 霞・銃傑GX Boots,
7149,Green 穹・銃傑G Boots,
7150,Green 穹・銃傑GF Boots,
7151,Green 穹・銃傑GX Boots,
7152,White 蘭・Bow 鬼 Boots,
7153,White 蘭・Bow 鬼F Boots,
7154,White 蘭・Bow 鬼FX Boots,
7155,Crimson 霞・Bow 鬼 Boots,
7156,Crimson 霞・Bow 鬼F Boots,
7157,Crimson 霞・Bow 鬼FX Boots,
7158,White 蘭・Bow 鬼G Boots,
7159,White 蘭・Bow 鬼GF Boots,
7160,White 蘭・Bow 鬼GX Boots,
7161,月夜・Bow 鬼G Boots,
7162,月夜・Bow 鬼GF Boots,
7163,月夜・Bow 鬼GX Boots,
7164,Crimson 霞・Bow 鬼G Boots,
7165,Crimson 霞・Bow 鬼GF Boots,
7166,Crimson 霞・Bow 鬼GX Boots,
7167,Green 穹・Bow 鬼G Boots,
7168,Green 穹・Bow 鬼GF Boots,
7169,Green 穹・Bow 鬼GX Boots,
7170,Flight Greaves・White,
7171,Flight Greaves F・White,
7172,Flight Greaves FZ・White,
7173,Flight Greaves HS・White,
7174,Flight Greaves GS・White,
7175,Flight Greaves GP・White,
7176,Flight Tabi・White,
7177,Flight Tabi F・White,
7178,Flight Tabi FZ・White,
7179,Flight Tabi HS・White,
7180,Flight Tabi GS・White,
7181,Flight Tabi GP・White,
7182,Flight Greaves・Red,
7183,Flight Greaves F・Red,
7184,Flight Greaves FZ・Red,
7185,Flight Greaves HS・Red,
7186,Flight Greaves GS・Red,
7187,Flight Greaves GP・Red,
7188,Flight Tabi・Red,
7189,Flight Tabi F・Red,
7190,Flight Tabi FZ・Red,
7191,Flight Tabi HS・Red,
7192,Flight Tabi GS・Red,
7193,Flight Tabi GP・Red,
7194,Flight Greaves・Tea,
7195,Flight Greaves F・Tea,
7196,Flight Greaves FZ・Tea,
7197,Flight Greaves HS・Tea,
7198,Flight Greaves GS・Tea,
7199,Flight Greaves GP・Tea,
7200,Flight Tabi・Tea,
7201,Flight Tabi F・Tea,
7202,Flight Tabi FZ・Tea,
7203,Flight Tabi HS・Tea,
7204,Flight Tabi GS・Tea,
7205,Flight Tabi GP・Tea,
7206,Flight Greaves・Blue,
7207,Flight Greaves F・Blue,
7208,Flight Greaves FZ・Blue,
7209,Flight Greaves HS・Blue,
7210,Flight Greaves GS・Blue,
7211,Flight Greaves GP・Blue,
7212,Flight Tabi・Blue,
7213,Flight Tabi F・Blue,
7214,Flight Tabi FZ・Blue,
7215,Flight Tabi HS・Blue,
7216,Flight Tabi GS・Blue,
7217,Flight Tabi GP・Blue,
7218,Naga Feet・Blue,
7219,Naga F Feet・Blue,
7220,Naga FZ Feet・Blue,
7221,Naga HS Feet・Blue,
7222,Naga GS Feet・Blue,
7223,Naga GP Feet・Blue,
7224,Naga Boots・Blue,
7225,Naga F Boots・Blue,
7226,Naga FZ Boots・Blue,
7227,Naga HS Boots・Blue,
7228,Naga GS Boots・Blue,
7229,Naga GP Boots・Blue,
7230,Naga Feet・Red,
7231,Naga F Feet・Red,
7232,Naga FZ Feet・Red,
7233,Naga HS Feet・Red,
7234,Naga GS Feet・Red,
7235,Naga GP Feet・Red,
7236,Naga Boots・Red,
7237,Naga F Boots・Red,
7238,Naga FZ Boots・Red,
7239,Naga HS Boots・Red,
7240,Naga GS Boots・Red,
7241,Naga GP Boots・Red,
7242,Naga Feet・White,
7243,Naga F Feet・White,
7244,Naga FZ Feet・White,
7245,Naga HS Feet・White,
7246,Naga GS Feet・White,
7247,Naga GP Feet・White,
7248,Naga Boots・White,
7249,Naga F Boots・White,
7250,Naga FZ Boots・White,
7251,Naga HS Boots・White,
7252,Naga GS Boots・White,
7253,Naga GP Boots・White,
7254,Naga Feet・Black,
7255,Naga F Feet・Black,
7256,Naga FZ Feet・Black,
7257,Naga HS Feet・Black,
7258,Naga GS Feet・Black,
7259,Naga GP Feet・Black,
7260,Naga Boots・Black,
7261,Naga F Boots・Black,
7262,Naga FZ Boots・Black,
7263,Naga HS Boots・Black,
7264,Naga GS Boots・Black,
7265,Naga GP Boots・Black,
7266,Dawnbreak Hakama,
7267,Dawnbreak Hakama・F,
7268,Dawnbreak Hakama・FZ,
7269,Dawnbreak Hakama・HS,
7270,Dawnbreak Hakama・GS,
7271,Dawnbreak Hakama・GP,
7272,Dawnbreak Tabi,
7273,Dawnbreak Tabi・F,
7274,Dawnbreak Tabi・FZ,
7275,Dawnbreak Tabi・HS,
7276,Dawnbreak Tabi・GS,
7277,Dawnbreak Tabi・GP,
7278,Zuibei Heel,
7279,Zuibei F Heel,
7280,Zuibei FZ Heel,
7281,Zuibei HS Heel,
7282,Zuibei GS Heel,
7283,Zuibei GP Heel,
7284,Zuibei March,
7285,Zuibei F March,
7286,Zuibei FZ March,
7287,Zuibei HS March,
7288,Zuibei GS March,
7289,Zuibei GP March,
7290,Oyun Greaves・Blue,
7291,Oyun F Greaves・Blue,
7292,Oyun FZ Greaves・Blue,
7293,Oyun HS Greaves・Blue,
7294,Oyun GS Greaves・Blue,
7295,Oyun GP Greaves・Blue,
7296,Oyun Leggings・Blue,
7297,Oyun F Leggings・Blue,
7298,Oyun FZ Leggings・Blue,
7299,Oyun HS Leggings・Blue,
7300,Oyun GS Leggings・Blue,
7301,Oyun GP Leggings・Blue,
7302,Oyun Greaves・Red,
7303,Oyun F Greaves・Red,
7304,Oyun FZ Greaves・Red,
7305,Oyun HS Greaves・Red,
7306,Oyun GS Greaves・Red,
7307,Oyun GP Greaves・Red,
7308,Oyun Leggings・Red,
7309,Oyun F Leggings・Red,
7310,Oyun FZ Leggings・Red,
7311,Oyun HS Leggings・Red,
7312,Oyun GS Leggings・Red,
7313,Oyun GP Leggings・Red,
7314,Oyun Greaves・Black,
7315,Oyun F Greaves・Black,
7316,Oyun FZ Greaves・Black,
7317,Oyun HS Greaves・Black,
7318,Oyun GS Greaves・Black,
7319,Oyun GP Greaves・Black,
7320,Oyun Leggings・Black,
7321,Oyun F Leggings・Black,
7322,Oyun FZ Leggings・Black,
7323,Oyun HS Leggings・Black,
7324,Oyun GS Leggings・Black,
7325,Oyun GP Leggings・Black,
7326,Oyun Greaves・White,
7327,Oyun F Greaves・White,
7328,Oyun FZ Greaves・White,
7329,Oyun HS Greaves・White,
7330,Oyun GS Greaves・White,
7331,Oyun GP Greaves・White,
7332,Oyun Leggings・White,
7333,Oyun F Leggings・White,
7334,Oyun FZ Leggings・White,
7335,Oyun HS Leggings・White,
7336,Oyun GS Leggings・White,
7337,Oyun GP Leggings・White,
7338,Ash Feet・Red,
7339,Ash F Feet・Red,
7340,Ash FZ Feet・Red,
7341,Ash HS Feet・Red,
7342,Ash GS Feet・Red,
7343,Ash GP Feet・Red,
7344,Ash Boots・Red,
7345,Ash F Boots・Red,
7346,Ash FZ Boots・Red,
7347,Ash HS Boots・Red,
7348,Ash GS Boots・Red,
7349,Ash GP Boots・Red,
7350,Ash Feet・Blue,
7351,Ash F Feet・Blue,
7352,Ash FZ Feet・Blue,
7353,Ash HS Feet・Blue,
7354,Ash GS Feet・Blue,
7355,Ash GP Feet・Blue,
7356,Ash Boots・Blue,
7357,Ash F Boots・Blue,
7358,Ash FZ Boots・Blue,
7359,Ash HS Boots・Blue,
7360,Ash GS Boots・Blue,
7361,Ash GP Boots・Blue,
7362,Ash Feet・White,
7363,Ash F Feet・White,
7364,Ash FZ Feet・White,
7365,Ash HS Feet・White,
7366,Ash GS Feet・White,
7367,Ash GP Feet・White,
7368,Ash Boots・White,
7369,Ash F Boots・White,
7370,Ash FZ Boots・White,
7371,Ash HS Boots・White,
7372,Ash GS Boots・White,
7373,Ash GP Boots・White,
7374,Ash Feet・Black,
7375,Ash F Feet・Black,
7376,Ash FZ Feet・Black,
7377,Ash HS Feet・Black,
7378,Ash GS Feet・Black,
7379,Ash GP Feet・Black,
7380,Ash Boots・Black,
7381,Ash F Boots・Black,
7382,Ash FZ Boots・Black,
7383,Ash HS Boots・Black,
7384,Ash GS Boots・Black,
7385,Ash GP Boots・Black,
7386,Pistis GP Feet,
7387,Pistis GP Boots,
7388,Blink HS Feet,
7389,Blink GS Feet,
7390,Blink GP Feet,
7391,Blink HS Boots,
7392,Blink GS Boots,
7393,Blink GP Boots,
7394,Ukon GPキック,
7395,Ukon GP Boots,
7396,ロットGPキック,
7397,ロットGP Boots,
7398,Arge HS Feet,
7399,Arge GS Feet,
7400,Arge GP Feet,
7401,Arge HS Boots,
7402,Arge GS Boots,
7403,Arge GP Boots,
7404,Camarera HS Feet,
7405,Camarera GS Feet,
7406,Camarera GP Feet,
7407,Camarera HS Boots,
7408,Camarera GS Boots,
7409,Camarera GP Boots,
7410,Metenera HS Feet,
7411,Metenera GS Feet,
7412,Metenera GP Feet,
7413,Metenera HS Boots,
7414,Metenera GS Boots,
7415,Metenera GP Boots,
7416,Abitto HS Feet,
7417,Abitto GS Feet,
7418,Abitto GP Feet,
7419,Abitto HS Boots,
7420,Abitto GS Boots,
7421,Abitto GP Boots,
7422,Riburi HS Feet,
7423,Riburi GS Feet,
7424,Riburi GP Feet,
7425,Riburi HS Boots,
7426,Riburi GS Boots,
7427,Riburi GP Boots,
7428,Jess G Greaves,
7429,Jess GF Greaves,
7430,Jess GX Greaves,
7431,Jess G Leggings,
7432,Jess GF Leggings,
7433,Jess GX Leggings,
7434,Tangusu G Greaves,
7435,Tangusu GF Greaves,
7436,Tangusu GX Greaves,
7437,Kobaruta G Leggings,
7438,Kobaruta GF Leggings,
7439,Kobaruta GX Leggings,
7440,Breo G Greaves,
7441,Breo GF Greaves,
7442,Breo GX Greaves,
7443,Harokyu Feet,
7444,Harokyu F Feet,
7445,Harokyu FY Feet,
7446,Harokyu HS Feet,
7447,Harokyu G Feet,
7448,Harokyu GF Feet,
7449,Harokyu GX Feet,
7450,Brooke Feet,
7451,Brooke F Feet,
7452,Brooke FY Feet,
7453,Brooke HS Feet,
7454,Brooke G Feet,
7455,Brooke GF Feet,
7456,Brooke GX Feet,
7457,Brooke Boots,
7458,Brooke F Boots,
7459,Brooke FY Boots,
7460,Brooke HS Boots,
7461,Brooke G Boots,
7462,Brooke GF Boots,
7463,Brooke GX Boots,
7464,Pale Sakura 【 Hakama 】,
7465,Pale Sakura F【 Hakama 】,
7466,Pale Sakura FY【 Hakama 】,
7467,Pale Sakura HS【 Hakama 】,
7468,Pale Sakura G【 Hakama 】,
7469,Pale Sakura GF【 Hakama 】,
7470,Pale Sakura GX【 Hakama 】,
7471,Sakura Cloud 【 Hakama 】,
7472,Sakura Cloud F【 Hakama 】,
7473,Sakura Cloud FY【 Hakama 】,
7474,Sakura Cloud HS【 Hakama 】,
7475,Sakura Cloud G【 Hakama 】,
7476,Sakura Cloud GF【 Hakama 】,
7477,Sakura Cloud GX【 Hakama 】,
7478,Kinioru Greaves,
7479,Kinioru F Greaves,
7480,Kinioru FY Greaves,
7481,Kinioru HS Greaves,
7482,Kinioru G Greaves,
7483,Kinioru GF Greaves,
7484,Kinioru GX Greaves,
7485,Kinioru Leggings,
7486,Kinioru F Leggings,
7487,Kinioru FY Leggings,
7488,Kinioru HS Leggings,
7489,Kinioru G Leggings,
7490,Kinioru GF Leggings,
7491,Kinioru GX Leggings,
7492,Kaioru Greaves,
7493,Kaioru F Greaves,
7494,Kaioru FY Greaves,
7495,Kaioru HS Greaves,
7496,Kaioru G Greaves,
7497,Kaioru GF Greaves,
7498,Kaioru GX Greaves,
7499,Kaioru Leggings,
7500,Kaioru F Leggings,
7501,Kaioru FY Leggings,
7502,Kaioru HS Leggings,
7503,Kaioru G Leggings,
7504,Kaioru GF Leggings,
7505,Kaioru GX Leggings,
7506,Yurisu Greaves,
7507,Yurisu F Greaves,
7508,Yurisu FY Greaves,
7509,Yurisu HS Greaves,
7510,Yurisu G Greaves,
7511,Yurisu GF Greaves,
7512,Yurisu GX Greaves,
7513,Yurisu Leggings,
7514,Yurisu F Leggings,
7515,Yurisu FY Leggings,
7516,Yurisu HS Leggings,
7517,Yurisu G Leggings,
7518,Yurisu GF Leggings,
7519,Yurisu GX Leggings,
7520,Desordre Greaves,
7521,Desordre F Greaves,
7522,Desordre FY Greaves,
7523,Desordre HS Greaves,
7524,Desordre G Greaves,
7525,Desordre GF Greaves,
7526,Desordre GX Greaves,
7527,Desordre Leggings,
7528,Desordre F Leggings,
7529,Desordre FY Leggings,
7530,Desordre HS Leggings,
7531,Desordre G Leggings,
7532,Desordre GF Leggings,
7533,Desordre GX Leggings,
7534,Carmine Feet Black,
7535,Carmine F Feet Black,
7536,Carmine FZ Feet Black,
7537,Carmine HS Feet Black,
7538,Carmine GS Feet Black,
7539,Carmine GP Feet Black,
7540,Carmine Boots Black,
7541,Carmine F Boots Black,
7542,Carmine FZ Boots Black,
7543,Carmine HS Boots Black,
7544,Carmine GS Boots Black,
7545,Carmine GP Boots Black,
7546,Carmine Feet Blue,
7547,Carmine F Feet Blue,
7548,Carmine FZ Feet Blue,
7549,Carmine HS Feet Blue,
7550,Carmine GS Feet Blue,
7551,Carmine GP Feet Blue,
7552,Carmine Boots Blue,
7553,Carmine F Boots Blue,
7554,Carmine FZ Boots Blue,
7555,Carmine HS Boots Blue,
7556,Carmine GS Boots Blue,
7557,Carmine GP Boots Blue,
7558,Carmine Feet Purple,
7559,Carmine F Feet Purple,
7560,Carmine FZ Feet Purple,
7561,Carmine HS Feet Purple,
7562,Carmine GS Feet Purple,
7563,Carmine GP Feet Purple,
7564,Carmine Boots Purple,
7565,Carmine F Boots Purple,
7566,Carmine FZ Boots Purple,
7567,Carmine HS Boots Purple,
7568,Carmine GS Boots Purple,
7569,Carmine GP Boots Purple,
7570,Carmine Feet White,
7571,Carmine F Feet White,
7572,Carmine FZ Feet White,
7573,Carmine HS Feet White,
7574,Carmine GS Feet White,
7575,Carmine GP Feet White,
7576,Carmine Boots White,
7577,Carmine F Boots White,
7578,Carmine FZ Boots White,
7579,Carmine HS Boots White,
7580,Carmine GS Boots White,
7581,Carmine GP Boots White,
7582,Ryu Feet・Red,
7583,Ryu F Feet・Red,
7584,Ryu FZ Feet・Red,
7585,Ryu HS Feet・Red,
7586,Ryu GS Feet・Red,
7587,Ryu GP Feet・Red,
7588,Ryu Boots・Red,
7589,Ryu F Boots・Red,
7590,Ryu FZ Boots・Red,
7591,Ryu HS Boots・Red,
7592,Ryu GS Boots・Red,
7593,Ryu GP Boots・Red,
7594,Ryu Feet・Blue,
7595,Ryu F Feet・Blue,
7596,Ryu FZ Feet・Blue,
7597,Ryu HS Feet・Blue,
7598,Ryu GS Feet・Blue,
7599,Ryu GP Feet・Blue,
7600,Ryu Boots・Blue,
7601,Ryu F Boots・Blue,
7602,Ryu FZ Boots・Blue,
7603,Ryu HS Boots・Blue,
7604,Ryu GS Boots・Blue,
7605,Ryu GP Boots・Blue,
7606,Ryu Feet・Orange,
7607,Ryu F Feet・Orange,
7608,Ryu FZ Feet・Orange,
7609,Ryu HS Feet・Orange,
7610,Ryu GS Feet・Orange,
7611,Ryu GP Feet・Orange,
7612,Ryu Boots・Orange,
7613,Ryu F Boots・Orange,
7614,Ryu FZ Boots・Orange,
7615,Ryu HS Boots・Orange,
7616,Ryu GS Boots・Orange,
7617,Ryu GP Boots・Orange,
7618,Ryu Feet・Yellow,
7619,Ryu F Feet・Yellow,
7620,Ryu FZ Feet・Yellow,
7621,Ryu HS Feet・Yellow,
7622,Ryu GS Feet・Yellow,
7623,Ryu GP Feet・Yellow,
7624,Ryu Boots・Yellow,
7625,Ryu F Boots・Yellow,
7626,Ryu FZ Boots・Yellow,
7627,Ryu HS Boots・Yellow,
7628,Ryu GS Boots・Yellow,
7629,Ryu GP Boots・Yellow,
7630,Carriage Feet,
7631,Carriage F Feet,
7632,Carriage FZ Feet,
7633,Carriage HS Feet,
7634,Carriage GS Feet,
7635,Carriage GP Feet,
7636,Marble Feet,
7637,Marble F Feet,
7638,Marble FZ Feet,
7639,Marble HS Feet,
7640,Marble GS Feet,
7641,Marble GP Feet,
7642,Shandy Feet,
7643,Shandy F Feet,
7644,Shandy FZ Feet,
7645,Shandy HS Feet,
7646,Shandy GS Feet,
7647,Shandy GP Feet,
7648,Shandy Boots,
7649,Shandy F Boots,
7650,Shandy FZ Boots,
7651,Shandy HS Boots,
7652,Shandy GS Boots,
7653,Shandy GP Boots,
7654,Banquet Feet,
7655,Banquet F Feet,
7656,Banquet FZ Feet,
7657,Banquet HS Feet,
7658,Banquet GS Feet,
7659,Banquet GP Feet,
7660,ヴェラン Feet,
7661,ヴェランF Feet,
7662,ヴェランFZ Feet,
7663,ヴェランHS Feet,
7664,ヴェランGS Feet,
7665,ヴェランGP Feet,
7666,ランデグ Feet,
7667,ランデグF Feet,
7668,ランデグFZ Feet,
7669,ランデグHS Feet,
7670,ランデグGS Feet,
7671,ランデグGP Feet,
7672,ランデグ Boots,
7673,ランデグF Boots,
7674,ランデグFZ Boots,
7675,ランデグHS Boots,
7676,ランデグGS Boots,
7677,ランデグGP Boots,
7678,Endre Feet,
7679,Endre F Feet,
7680,Endre FZ Feet,
7681,Endre HS Feet,
7682,Endre GS Feet,
7683,Endre GP Feet,
7684,Endre Boots,
7685,Endre F Boots,
7686,Endre FZ Boots,
7687,Endre HS Boots,
7688,Endre GS Boots,
7689,Endre GP Boots,
7690,Sagittario Feet Red,
7691,Sagittario F Feet Red,
7692,Sagittario FZ Feet Red,
7693,Sagittario HS Feet Red,
7694,Sagittario GS Feet Red,
7695,Sagittario GP Feet Red,
7696,Sagittario Boots Red,
7697,Sagittario F Boots Red,
7698,Sagittario FZ Boots Red,
7699,Sagittario HS Boots Red,
7700,Sagittario GS Boots Red,
7701,Sagittario GP Boots Red,
7702,Sagittario Feet Blue,
7703,Sagittario F Feet Blue,
7704,Sagittario FZ Feet Blue,
7705,Sagittario HS Feet Blue,
7706,Sagittario GS Feet Blue,
7707,Sagittario GP Feet Blue,
7708,Sagittario Boots Blue,
7709,Sagittario F Boots Blue,
7710,Sagittario FZ Boots Blue,
7711,Sagittario HS Boots Blue,
7712,Sagittario GS Boots Blue,
7713,Sagittario GP Boots Blue,
7714,Sagittario Feet Purple,
7715,Sagittario F Feet Purple,
7716,Sagittario FZ Feet Purple,
7717,Sagittario HS Feet Purple,
7718,Sagittario GS Feet Purple,
7719,Sagittario GP Feet Purple,
7720,Sagittario Boots Purple,
7721,Sagittario F Boots Purple,
7722,Sagittario FZ Boots Purple,
7723,Sagittario HS Boots Purple,
7724,Sagittario GS Boots Purple,
7725,Sagittario GP Boots Purple,
7726,Sagittario Feet Green,
7727,Sagittario F Feet Green,
7728,Sagittario FZ Feet Green,
7729,Sagittario HS Feet Green,
7730,Sagittario GS Feet Green,
7731,Sagittario GP Feet Green,
7732,Sagittario Boots Green,
7733,Sagittario F Boots Green,
7734,Sagittario FZ Boots Green,
7735,Sagittario HS Boots Green,
7736,Sagittario GS Boots Green,
7737,Sagittario GP Boots Green,
7738,Nina Feet・Red,
7739,Nina F Feet・Red,
7740,Nina FZ Feet・Red,
7741,Nina HS Feet・Red,
7742,Nina GS Feet・Red,
7743,Nina GP Feet・Red,
7744,Nina Boots・Red,
7745,Nina F Boots・Red,
7746,Nina FZ Boots・Red,
7747,Nina HS Boots・Red,
7748,Nina GS Boots・Red,
7749,Nina GP Boots・Red,
7750,Nina Feet・Green,
7751,Nina F Feet・Green,
7752,Nina FZ Feet・Green,
7753,Nina HS Feet・Green,
7754,Nina GS Feet・Green,
7755,Nina GP Feet・Green,
7756,Nina Boots・Green,
7757,Nina F Boots・Green,
7758,Nina FZ Boots・Green,
7759,Nina HS Boots・Green,
7760,Nina GS Boots・Green,
7761,Nina GP Boots・Green,
7762,Nina Feet・Peach,
7763,Nina F Feet・Peach,
7764,Nina FZ Feet・Peach,
7765,Nina HS Feet・Peach,
7766,Nina GS Feet・Peach,
7767,Nina GP Feet・Peach,
7768,Nina Boots・Peach,
7769,Nina F Boots・Peach,
7770,Nina FZ Boots・Peach,
7771,Nina HS Boots・Peach,
7772,Nina GS Boots・Peach,
7773,Nina GP Boots・Peach,
7774,Nina Feet・Blue,
7775,Nina F Feet・Blue,
7776,Nina FZ Feet・Blue,
7777,Nina HS Feet・Blue,
7778,Nina GS Feet・Blue,
7779,Nina GP Feet・Blue,
7780,Nina Boots・Blue,
7781,Nina F Boots・Blue,
7782,Nina FZ Boots・Blue,
7783,Nina HS Boots・Blue,
7784,Nina GS Boots・Blue,
7785,Nina GP Boots・Blue,
7786,Harze Feet,
7787,Harze F Feet,
7788,Harze FZ Feet,
7789,Harze HS Feet,
7790,Harze GS Feet,
7791,Harze GP Feet,
7792,Harze Boots,
7793,Harze F Boots,
7794,Harze FZ Boots,
7795,Harze HS Boots,
7796,Harze GS Boots,
7797,Harze GP Boots,
7798,Kuaru G Greaves,
7799,Kuaru GF Greaves,
7800,Kuaru GX Greaves,
7801,Kuaru G Leggings,
7802,Kuaru GF Leggings,
7803,Kuaru GX Leggings,
7804,Empress G Greaves,
7805,Empress GF Greaves,
7806,Empress GX Greaves,
7807,Empress G Leggings,
7808,Empress GF Leggings,
7809,Empress GX Leggings,
7810,Genesis G [Greaves 】,
7811,Genesis GF [Greaves 】,
7812,Genesis GX [Greaves 】,
7813,Motion G [Greaves 】,
7814,Motion GF [Greaves 】,
7815,Motion GX [Greaves 】,
7816,Pobo Greaves,
7817,Pobo F Greaves,
7818,Pobo FX Greaves,
7819,Pobo G Greaves,
7820,Pobo GF Greaves,
7821,Pobo Leggings,
7822,Pobo F Leggings,
7823,Pobo FX Leggings,
7824,Pobo G Leggings,
7825,Pobo GF Leggings,
7826,Rath Soul G Greaves,
7827,Rath Soul GF Greaves,
7828,Rath Soul GX Greaves,
7829,Rath Soul G Leggings,
7830,Rath Soul GF Leggings,
7831,Rath Soul GX Leggings,
7832,Rath Heart G Greaves,
7833,Rath Heart GF Greaves,
7834,Rath Heart GX Greaves,
7835,Rath Heart G Leggings,
7836,Rath Heart GF Leggings,
7837,Rath Heart GX Leggings,
7838,Shatemu Boots,
7839,Shatemu F Boots,
7840,Shatemu FZ Boots,
7841,Shatemu HS Boots,
7842,Shatemu GS Boots,
7843,Shatemu GP Boots,
7844,Shatemu Leggings,
7845,Shatemu F Leggings,
7846,Shatemu FZ Leggings,
7847,Shatemu HS Leggings,
7848,Shatemu GS Leggings,
7849,Shatemu GP Leggings,
7850,Hevria Boots,
7851,Hevria F Boots,
7852,Hevria FZ Boots,
7853,Hevria HS Boots,
7854,Hevria GS Boots,
7855,Hevria GP Boots,
7856,Hevria Leggings,
7857,Hevria F Leggings,
7858,Hevria FZ Leggings,
7859,Hevria HS Leggings,
7860,Hevria GS Leggings,
7861,Hevria GP Leggings,
7862,Tiuru Boots,
7863,Tiuru F Boots,
7864,Tiuru FZ Boots,
7865,Tiuru HS Boots,
7866,Tiuru GS Boots,
7867,Tiuru GP Boots,
7868,Tiuru Leggings,
7869,Tiuru F Leggings,
7870,Tiuru FZ Leggings,
7871,Tiuru HS Leggings,
7872,Tiuru GS Leggings,
7873,Tiuru GP Leggings,
7874,Bande Feet・Blue,
7875,Bande F Feet・Blue,
7876,Bande FZ Feet・Blue,
7877,Bande HS Feet・Blue,
7878,Bande GS Feet・Blue,
7879,Bande GP Feet・Blue,
7880,Bande Boots・Blue,
7881,Bande F Boots・Blue,
7882,Bande FZ Boots・Blue,
7883,Bande HS Boots・Blue,
7884,Bande GS Boots・Blue,
7885,Bande GP Boots・Blue,
7886,Bande Feet・Red,
7887,Bande F Feet・Red,
7888,Bande FZ Feet・Red,
7889,Bande HS Feet・Red,
7890,Bande GS Feet・Red,
7891,Bande GP Feet・Red,
7892,Bande Boots・Red,
7893,Bande F Boots・Red,
7894,Bande FZ Boots・Red,
7895,Bande HS Boots・Red,
7896,Bande GS Boots・Red,
7897,Bande GP Boots・Red,
7898,Bande Feet・Green,
7899,Bande F Feet・Green,
7900,Bande FZ Feet・Green,
7901,Bande HS Feet・Green,
7902,Bande GS Feet・Green,
7903,Bande GP Feet・Green,
7904,Bande Boots・Green,
7905,Bande F Boots・Green,
7906,Bande FZ Boots・Green,
7907,Bande HS Boots・Green,
7908,Bande GS Boots・Green,
7909,Bande GP Boots・Green,
7910,Bande Feet・Black,
7911,Bande F Feet・Black,
7912,Bande FZ Feet・Black,
7913,Bande HS Feet・Black,
7914,Bande GS Feet・Black,
7915,Bande GP Feet・Black,
7916,Bande Boots・Black,
7917,Bande F Boots・Black,
7918,Bande FZ Boots・Black,
7919,Bande HS Boots・Black,
7920,Bande GS Boots・Black,
7921,Bande GP Boots・Black,
7922,Tenpi Legs・Red,
7923,Tenpi Legs F・Red,
7924,Tenpi Legs FZ・Red,
7925,Tenpi Legs HS・Red,
7926,Tenpi Legs GS・Red,
7927,Tenpi Legs GP・Red,
7928,Tenpi Greaves・Red,
7929,Tenpi Greaves F・Red,
7930,Tenpi Greaves FZ・Red,
7931,Tenpi Greaves HS・Red,
7932,Tenpi Greaves GS・Red,
7933,Tenpi Greaves GP・Red,
7934,Tenpi Legs・Blue,
7935,Tenpi Legs F・Blue,
7936,Tenpi Legs FZ・Blue,
7937,Tenpi Legs HS・Blue,
7938,Tenpi Legs GS・Blue,
7939,Tenpi Legs GP・Blue,
7940,Tenpi Greaves・Blue,
7941,Tenpi Greaves F・Blue,
7942,Tenpi Greaves FZ・Blue,
7943,Tenpi Greaves HS・Blue,
7944,Tenpi Greaves GS・Blue,
7945,Tenpi Greaves GP・Blue,
7946,Tenpi Legs・Black,
7947,Tenpi Legs F・Black,
7948,Tenpi Legs FZ・Black,
7949,Tenpi Legs HS・Black,
7950,Tenpi Legs GS・Black,
7951,Tenpi Legs GP・Black,
7952,Tenpi Greaves・Black,
7953,Tenpi Greaves F・Black,
7954,Tenpi Greaves FZ・Black,
7955,Tenpi Greaves HS・Black,
7956,Tenpi Greaves GS・Black,
7957,Tenpi Greaves GP・Black,
7958,Tenpi Legs・White,
7959,Tenpi Legs F・White,
7960,Tenpi Legs FZ・White,
7961,Tenpi Legs HS・White,
7962,Tenpi Legs GS・White,
7963,Tenpi Legs GP・White,
7964,Tenpi Greaves・White,
7965,Tenpi Greaves F・White,
7966,Tenpi Greaves FZ・White,
7967,Tenpi Greaves HS・White,
7968,Tenpi Greaves GS・White,
7969,Tenpi Greaves GP・White,
7970,Tenpi ノ鉄衣・Red,
7971,Tenpi ノ鉄衣F・Red,
7972,Tenpi ノ鉄衣FZ・Red,
7973,Tenpi ノ鉄衣HS・Red,
7974,Tenpi ノ鉄衣GS・Red,
7975,Tenpi ノ鉄衣GP・Red,
7976,Tenpi Foot 着・Red,
7977,Tenpi Foot 着F・Red,
7978,Tenpi Foot 着FZ・Red,
7979,Tenpi Foot 着HS・Red,
7980,Tenpi Foot 着GS・Red,
7981,Tenpi Foot 着GP・Red,
7982,Tenpi ノ鉄衣・Blue,
7983,Tenpi ノ鉄衣F・Blue,
7984,Tenpi ノ鉄衣FZ・Blue,
7985,Tenpi ノ鉄衣HS・Blue,
7986,Tenpi ノ鉄衣GS・Blue,
7987,Tenpi ノ鉄衣GP・Blue,
7988,Tenpi Foot 着・Blue,
7989,Tenpi Foot 着F・Blue,
7990,Tenpi Foot 着FZ・Blue,
7991,Tenpi Foot 着HS・Blue,
7992,Tenpi Foot 着GS・Blue,
7993,Tenpi Foot 着GP・Blue,
7994,Tenpi ノ鉄衣・Black,
7995,Tenpi ノ鉄衣F・Black,
7996,Tenpi ノ鉄衣FZ・Black,
7997,Tenpi ノ鉄衣HS・Black,
7998,Tenpi ノ鉄衣GS・Black,
7999,Tenpi ノ鉄衣GP・Black,
8000,Tenpi Foot 着・Black,
8001,Tenpi Foot 着F・Black,
8002,Tenpi Foot 着FZ・Black,
8003,Tenpi Foot 着HS・Black,
8004,Tenpi Foot 着GS・Black,
8005,Tenpi Foot 着GP・Black,
8006,Tenpi ノ鉄衣・White,
8007,Tenpi ノ鉄衣F・White,
8008,Tenpi ノ鉄衣FZ・White,
8009,Tenpi ノ鉄衣HS・White,
8010,Tenpi ノ鉄衣GS・White,
8011,Tenpi ノ鉄衣GP・White,
8012,Tenpi Foot 着・White,
8013,Tenpi Foot 着F・White,
8014,Tenpi Foot 着FZ・White,
8015,Tenpi Foot 着HS・White,
8016,Tenpi Foot 着GS・White,
8017,Tenpi Foot 着GP・White,
8018,Ruban Feet,
8019,Ruban F Feet,
8020,Ruban FZ Feet,
8021,Ruban HS Feet,
8022,Ruban GS Feet,
8023,Ruban GP Feet,
8024,Ruban Leg,
8025,Ruban F Leg,
8026,Ruban FZ Leg,
8027,Ruban HS Leg,
8028,Ruban GS Leg,
8029,Ruban GP Leg,
8030,Orloj Boots,
8031,Orloj F Boots,
8032,Orloj FZ Boots,
8033,Orloj HS Boots,
8034,Orloj GS Boots,
8035,Orloj GP Boots,
8036,Orloj Leggings,
8037,Orloj F Leggings,
8038,Orloj FZ Leggings,
8039,Orloj HS Leggings,
8040,Orloj GS Leggings,
8041,Orloj GP Leggings,
8042,L'Amore Feet,
8043,L'Amore F Feet,
8044,L'Amore FZ Feet,
8045,L'Amore HS Feet,
8046,L'Amore GS Feet,
8047,L'Amore GP Feet,
8048,L'Amore Leg,
8049,L'Amore F Leg,
8050,L'Amore FZ Leg,
8051,L'Amore HS Leg,
8052,L'Amore GS Leg,
8053,L'Amore GP Leg,
8054,Dolce Feet,
8055,Dolce F Feet,
8056,Dolce FZ Feet,
8057,Dolce HS Feet,
8058,Dolce GS Feet,
8059,Dolce GP Feet,
8060,Dolce Leg,
8061,Dolce F Leg,
8062,Dolce FZ Leg,
8063,Dolce HS Leg,
8064,Dolce GS Leg,
8065,Dolce GP Leg,
8066,Bendi Greaves,
8067,Bendi F Greaves,
8068,Bendi FZ Greaves,
8069,Bendi HS Greaves,
8070,Bendi GS Greaves,
8071,Bendi GP Greaves,
8072,Bendi Leggings,
8073,Bendi F Leggings,
8074,Bendi FZ Leggings,
8075,Bendi HS Leggings,
8076,Bendi GS Leggings,
8077,Bendi GP Leggings,
8078,Revenants Heel,
8079,Revenants F Heel,
8080,Revenants FZ Heel,
8081,Revenants HS Heel,
8082,Revenants GS Heel,
8083,Revenants GP Heel,
8084,Revenants March,
8085,Revenants F March,
8086,Revenants FZ March,
8087,Revenants HS March,
8088,Revenants GS March,
8089,Revenants GP March,
8090,Lucis F Feet,
8091,Lucis HS Feet,
8092,Lucis GS Feet,
8093,Lucis GP Feet,
8094,Lucis F Boots,
8095,Lucis HS Boots,
8096,Lucis GS Boots,
8097,Lucis GP Boots,
8098,Risaaza HS Feet,
8099,Risaaza GS Feet,
8100,Risaaza GP Feet,
8101,Risaaza HS Boots,
8102,Risaaza GS Boots,
8103,Risaaza GP Boots,
8104,Anteka Feet,
8105,Anteka F Feet,
8106,Anteka FY Feet,
8107,Anteka HS Feet,
8108,Anteka G Feet,
8109,Anteka GF Feet,
8110,Anteka GX Feet,
8111,Quoiz Feet,
8112,Quoiz F Feet,
8113,Quoiz FY Feet,
8114,Quoiz HS Feet,
8115,Quoiz G Feet,
8116,Quoiz GF Feet,
8117,Quoiz GX Feet,
8118,Quoiz Leggings,
8119,Quoiz F Leggings,
8120,Quoiz FY Leggings,
8121,Quoiz HS Leggings,
8122,Quoiz G Leggings,
8123,Quoiz GF Leggings,
8124,Quoiz GX Leggings,
8125,Kalais Feet,
8126,Kalais F Feet,
8127,Kalais FY Feet,
8128,Kalais HS Feet,
8129,Kalais G Feet,
8130,Kalais GF Feet,
8131,Kalais GX Feet,
8132,Kalais Leggings,
8133,Kalais F Leggings,
8134,Kalais FY Leggings,
8135,Kalais HS Leggings,
8136,Kalais G Leggings,
8137,Kalais GF Leggings,
8138,Kalais GX Leggings,
8139,Yoruti Greaves,
8140,Yoruti F Greaves,
8141,Yoruti FY Greaves,
8142,Yoruti HS Greaves,
8143,Yoruti G Greaves,
8144,Yoruti GF Greaves,
8145,Yoruti GX Greaves,
8146,Yoruti Leggings,
8147,Yoruti F Leggings,
8148,Yoruti FY Leggings,
8149,Yoruti HS Leggings,
8150,Yoruti G Leggings,
8151,Yoruti GF Leggings,
8152,Yoruti GX Leggings,
8153,Haragan Greaves,
8154,Haragan F Greaves,
8155,Haragan FY Greaves,
8156,Haragan HS Greaves,
8157,Haragan G Greaves,
8158,Haragan GF Greaves,
8159,Haragan GX Greaves,
8160,Haragan Leggings,
8161,Haragan F Leggings,
8162,Haragan FY Leggings,
8163,Haragan HS Leggings,
8164,Haragan G Leggings,
8165,Haragan GF Leggings,
8166,Haragan GX Leggings,
8167,Rios Greaves,
8168,Rios F Greaves,
8169,Rios FY Greaves,
8170,Rios HS Greaves,
8171,Rios G Greaves,
8172,Rios GF Greaves,
8173,Rios GX Greaves,
8174,Rios Leggings,
8175,Rios F Leggings,
8176,Rios FY Leggings,
8177,Rios HS Leggings,
8178,Rios G Leggings,
8179,Rios GF Leggings,
8180,Rios GX Leggings,
8181,Mist 【 Hakama 】,
8182,Mist F【 Hakama 】,
8183,Mist FY【 Hakama 】,
8184,Mist HS【 Hakama 】,
8185,Mist G【 Hakama 】,
8186,Mist GF【 Hakama 】,
8187,Mist GX【 Hakama 】,
8188,Fog 【 Hakama 】,
8189,Fog F【 Hakama 】,
8190,Fog FY【 Hakama 】,
8191,Fog HS【 Hakama 】,
8192,Fog G【 Hakama 】,
8193,Fog GF【 Hakama 】,
8194,Fog GX【 Hakama 】,
8195,Rodokuru Greaves,
8196,Rodokuru F Greaves,
8197,Rodokuru FY Greaves,
8198,Rodokuru HS Greaves,
8199,Rodokuru G Greaves,
8200,Rodokuru GF Greaves,
8201,Rodokuru GX Greaves,
8202,Noir FY Greaves,
8203,Noir HS Greaves,
8204,Noir G Greaves,
8205,Noir GF Greaves,
8206,Noir GX Greaves,
8207,Demon Lord ノ足枷G,
8208,Demon Lord ノ足枷GF,
8209,Demon Lord ノ足枷GX,
8210,童子ノ足枷G,
8211,童子ノ足枷GF,
8212,童子ノ足枷GX,
8213,Trume Greaves,
8214,Trume F Greaves,
8215,Trume FZ Greaves,
8216,Trume HS Greaves,
8217,Trume GS Greaves,
8218,Trume GP Greaves,
8219,Trume Boots,
8220,Trume F Boots,
8221,Trume FZ Boots,
8222,Trume HS Boots,
8223,Trume GS Boots,
8224,Trume GP Boots,
8225,Gogomoa G Greaves,
8226,Gogomoa GF Greaves,
8227,Gogomoa GX Greaves,
8228,Gogomoa G Leggings,
8229,Gogomoa GF Leggings,
8230,Gogomoa GX Leggings,
8231,Varusa Greaves,
8232,Varusa F Greaves,
8233,Varusa FX Greaves,
8234,Varusa G Greaves,
8235,Varusa GF Greaves,
8236,Varusa Leggings,
8237,Varusa F Leggings,
8238,Varusa FX Leggings,
8239,Varusa G Leggings,
8240,Varusa GF Leggings,
8241,Flame GF Greaves,
8242,Flame GF Leggings,
8243,Lils GF Greaves,
8244,Lils GF Leggings,
8245,Asteli Feet・White,
8246,Asteli F Feet・White,
8247,Asteli FZ Feet・White,
8248,Asteli HS Feet・White,
8249,Asteli GS Feet・White,
8250,Asteli GP Feet・White,
8251,Asteli Boots・White,
8252,Asteli F Boots・White,
8253,Asteli FZ Boots・White,
8254,Asteli HS Boots・White,
8255,Asteli GS Boots・White,
8256,Asteli GP Boots・White,
8257,Asteli Feet・Blue,
8258,Asteli F Feet・Blue,
8259,Asteli FZ Feet・Blue,
8260,Asteli HS Feet・Blue,
8261,Asteli GS Feet・Blue,
8262,Asteli GP Feet・Blue,
8263,Asteli Boots・Blue,
8264,Asteli F Boots・Blue,
8265,Asteli FZ Boots・Blue,
8266,Asteli HS Boots・Blue,
8267,Asteli GS Boots・Blue,
8268,Asteli GP Boots・Blue,
8269,Asteli Feet・Red,
8270,Asteli F Feet・Red,
8271,Asteli FZ Feet・Red,
8272,Asteli HS Feet・Red,
8273,Asteli GS Feet・Red,
8274,Asteli GP Feet・Red,
8275,Asteli Boots・Red,
8276,Asteli F Boots・Red,
8277,Asteli FZ Boots・Red,
8278,Asteli HS Boots・Red,
8279,Asteli GS Boots・Red,
8280,Asteli GP Boots・Red,
8281,Asteli Feet・Black,
8282,Asteli F Feet・Black,
8283,Asteli FZ Feet・Black,
8284,Asteli HS Feet・Black,
8285,Asteli GS Feet・Black,
8286,Asteli GP Feet・Black,
8287,Asteli Boots・Black,
8288,Asteli F Boots・Black,
8289,Asteli FZ Boots・Black,
8290,Asteli HS Boots・Black,
8291,Asteli GS Boots・Black,
8292,Asteli GP Boots・Black,
8293,Lucchese Feet,
8294,Lucchese F Feet,
8295,Lucchese FY Feet,
8296,Lucchese HS Feet,
8297,Lucchese G Feet,
8298,Lucchese GF Feet,
8299,Lucchese GX Feet,
8300,Lucchese Leggings,
8301,Lucchese F Leggings,
8302,Lucchese FY Leggings,
8303,Lucchese HS Leggings,
8304,Lucchese G Leggings,
8305,Lucchese GF Leggings,
8306,Lucchese GX Leggings,
8307,Orykto G Greaves,
8308,Orykto GF Greaves,
8309,Orykto GX Greaves,
8310,Orykto G Leggings,
8311,Orykto GF Leggings,
8312,Orykto GX Leggings,
8313,Bonito Greaves,
8314,Bonito F Greaves,
8315,Bonito FY Greaves,
8316,Bonito HS Greaves,
8317,Bonito G Greaves,
8318,Bonito GF Greaves,
8319,Bonito GX Greaves,
8320,Bonito Leggings,
8321,Bonito F Leggings,
8322,Bonito FY Leggings,
8323,Bonito HS Leggings,
8324,Bonito G Leggings,
8325,Bonito GF Leggings,
8326,Bonito GX Leggings,
8327,Silver Ruler G【 Hakama 】,
8328,Silver Ruler GF【 Hakama 】,
8329,Silver Ruler GX【 Hakama 】,
8330,Silver Control G【 Hakama 】,
8331,Silver Control GF【 Hakama 】,
8332,Silver Control GX【 Hakama 】,
8333,Harudo Greaves,
8334,Harudo F Greaves,
8335,Harudo FX Greaves,
8336,Harudo G Greaves,
8337,Harudo GF Greaves,
8338,Harudo Leggings,
8339,Harudo F Leggings,
8340,Harudo FX Leggings,
8341,Harudo G Leggings,
8342,Harudo GF Leggings,
8343,Gureado Greaves,
8344,Gureado F Greaves,
8345,Gureado FX Greaves,
8346,Gureado G Greaves,
8347,Gureado GF Greaves,
8348,Gureado Leggings,
8349,Gureado F Leggings,
8350,Gureado FX Leggings,
8351,Gureado G Leggings,
8352,Gureado GF Leggings,
8353,Akantor Gケマル,
8354,Akantor GFケマル,
8355,Akantor GXケマル,
8356,Akantor Gチケル,
8357,Akantor GFチケル,
8358,Akantor GXチケル,
8359,G.Plesioth G Greaves,
8360,G.Plesioth GF Greaves,
8361,G.Plesioth GX Greaves,
8362,G.Plesioth G Leggings,
8363,G.Plesioth GF Leggings,
8364,G.Plesioth GX Leggings,
8365,Bright Hypnoc G Greaves,
8366,Bright Hypnoc GF Greaves,
8367,Bright Hypnoc GX Greaves,
8368,Bright Hypnoc G Leggings,
8369,Bright Hypnoc GF Leggings,
8370,Bright Hypnoc GX Leggings,
8371,Blitz GXレガース,
8372,Blitz GX Boots,
8373,Stroma GX Greaves,
8374,Stroma GX Leggings,
8375,Diboa GX Greaves,
8376,Diboa GX Leggings,
8377,Regnum Feet・White,
8378,Regnum F Feet・White,
8379,Regnum FZ Feet・White,
8380,Regnum HS Feet・White,
8381,Regnum GS Feet・White,
8382,Regnum GP Feet・White,
8383,Regnum Boots・White,
8384,Regnum F Boots・White,
8385,Regnum FZ Boots・White,
8386,Regnum HS Boots・White,
8387,Regnum GS Boots・White,
8388,Regnum GP Boots・White,
8389,Regnum Feet・Blue,
8390,Regnum F Feet・Blue,
8391,Regnum FZ Feet・Blue,
8392,Regnum HS Feet・Blue,
8393,Regnum GS Feet・Blue,
8394,Regnum GP Feet・Blue,
8395,Regnum Boots・Blue,
8396,Regnum F Boots・Blue,
8397,Regnum FZ Boots・Blue,
8398,Regnum HS Boots・Blue,
8399,Regnum GS Boots・Blue,
8400,Regnum GP Boots・Blue,
8401,Regnum Feet・Red,
8402,Regnum F Feet・Red,
8403,Regnum FZ Feet・Red,
8404,Regnum HS Feet・Red,
8405,Regnum GS Feet・Red,
8406,Regnum GP Feet・Red,
8407,Regnum Boots・Red,
8408,Regnum F Boots・Red,
8409,Regnum FZ Boots・Red,
8410,Regnum HS Boots・Red,
8411,Regnum GS Boots・Red,
8412,Regnum GP Boots・Red,
8413,Regnum Feet・Tea,
8414,Regnum F Feet・Tea,
8415,Regnum FZ Feet・Tea,
8416,Regnum HS Feet・Tea,
8417,Regnum GS Feet・Tea,
8418,Regnum GP Feet・Tea,
8419,Regnum Boots・Tea,
8420,Regnum F Boots・Tea,
8421,Regnum FZ Boots・Tea,
8422,Regnum HS Boots・Tea,
8423,Regnum GS Boots・Tea,
8424,Regnum GP Boots・Tea,
8425,Marin Feet・Blue,
8426,Marin F Feet・Blue,
8427,Marin FZ Feet・Blue,
8428,Marin HS Feet・Blue,
8429,Marin GS Feet・Blue,
8430,Marin GP Feet・Blue,
8431,Marin Boots・Blue,
8432,Marin F Boots・Blue,
8433,Marin FZ Boots・Blue,
8434,Marin HS Boots・Blue,
8435,Marin GS Boots・Blue,
8436,Marin GP Boots・Blue,
8437,Marin Feet・Peach,
8438,Marin F Feet・Peach,
8439,Marin FZ Feet・Peach,
8440,Marin HS Feet・Peach,
8441,Marin GS Feet・Peach,
8442,Marin GP Feet・Peach,
8443,Marin Boots・Peach,
8444,Marin F Boots・Peach,
8445,Marin FZ Boots・Peach,
8446,Marin HS Boots・Peach,
8447,Marin GS Boots・Peach,
8448,Marin GP Boots・Peach,
8449,Marin Feet・White,
8450,Marin F Feet・White,
8451,Marin FZ Feet・White,
8452,Marin HS Feet・White,
8453,Marin GS Feet・White,
8454,Marin GP Feet・White,
8455,Marin Boots・White,
8456,Marin F Boots・White,
8457,Marin FZ Boots・White,
8458,Marin HS Boots・White,
8459,Marin GS Boots・White,
8460,Marin GP Boots・White,
8461,Marin Feet・Black,
8462,Marin F Feet・Black,
8463,Marin FZ Feet・Black,
8464,Marin HS Feet・Black,
8465,Marin GS Feet・Black,
8466,Marin GP Feet・Black,
8467,Marin Boots・Black,
8468,Marin F Boots・Black,
8469,Marin FZ Boots・Black,
8470,Marin HS Boots・Black,
8471,Marin GS Boots・Black,
8472,Marin GP Boots・Black,
8473,Reflet Feet・Blue,
8474,Reflet F Feet・Blue,
8475,Reflet FZ Feet・Blue,
8476,Reflet HS Feet・Blue,
8477,Reflet GS Feet・Blue,
8478,Reflet GP Feet・Blue,
8479,Reflet Boots・Blue,
8480,Reflet F Boots・Blue,
8481,Reflet FZ Boots・Blue,
8482,Reflet HS Boots・Blue,
8483,Reflet GS Boots・Blue,
8484,Reflet GP Boots・Blue,
8485,Reflet Feet・White,
8486,Reflet F Feet・White,
8487,Reflet FZ Feet・White,
8488,Reflet HS Feet・White,
8489,Reflet GS Feet・White,
8490,Reflet GP Feet・White,
8491,Reflet Boots・White,
8492,Reflet F Boots・White,
8493,Reflet FZ Boots・White,
8494,Reflet HS Boots・White,
8495,Reflet GS Boots・White,
8496,Reflet GP Boots・White,
8497,Reflet Feet・Red,
8498,Reflet F Feet・Red,
8499,Reflet FZ Feet・Red,
8500,Reflet HS Feet・Red,
8501,Reflet GS Feet・Red,
8502,Reflet GP Feet・Red,
8503,Reflet Boots・Red,
8504,Reflet F Boots・Red,
8505,Reflet FZ Boots・Red,
8506,Reflet HS Boots・Red,
8507,Reflet GS Boots・Red,
8508,Reflet GP Boots・Red,
8509,Reflet Feet・Black,
8510,Reflet F Feet・Black,
8511,Reflet FZ Feet・Black,
8512,Reflet HS Feet・Black,
8513,Reflet GS Feet・Black,
8514,Reflet GP Feet・Black,
8515,Reflet Boots・Black,
8516,Reflet F Boots・Black,
8517,Reflet FZ Boots・Black,
8518,Reflet HS Boots・Black,
8519,Reflet GS Boots・Black,
8520,Reflet GP Boots・Black,
8521,CE Kevlar BM Legs Blue,
8522,CE Kevlar F BM Legs Blue,
8523,CE Kevlar FZ BM Legs Blue,
8524,CE Kevlar HS BM Legs Blue,
8525,CE Kevlar GS BM Legs Blue,
8526,CE Kevlar GP BM Legs Blue,
8527,CE Kevlar GN Legs Blue,
8528,CE Kevlar F GN Legs Blue,
8529,CE Kevlar FZ GN Legs Blue,
8530,CE Kevlar HS GN Legs Blue,
8531,CE Kevlar GS GN Legs Blue,
8532,CE Kevlar GP GN Legs Blue,
8533,CE Kevlar BM Legs Red,
8534,CE Kevlar F BM Legs Red,
8535,CE Kevlar FZ BM Legs Red,
8536,CE Kevlar HS BM Legs Red,
8537,CE Kevlar GS BM Legs Red,
8538,CE Kevlar GP BM Legs Red,
8539,CE Kevlar GN Legs Red,
8540,CE Kevlar F GN Legs Red,
8541,CE Kevlar FZ GN Legs Red,
8542,CE Kevlar HS GN Legs Red,
8543,CE Kevlar GS GN Legs Red,
8544,CE Kevlar GP GN Legs Red,
8545,CE Kevlar BM Legs White,
8546,CE Kevlar F BM Legs White,
8547,CE Kevlar FZ BM Legs White,
8548,CE Kevlar HS BM Legs White,
8549,CE Kevlar GS BM Legs White,
8550,CE Kevlar GP BM Legs White,
8551,CE Kevlar GN Legs White,
8552,CE Kevlar F GN Legs White,
8553,CE Kevlar FZ GN Legs White,
8554,CE Kevlar HS GN Legs White,
8555,CE Kevlar GS GN Legs White,
8556,CE Kevlar GP GN Legs White,
8557,CE Kevlar BM Legs Black,
8558,CE Kevlar F BM Legs Black,
8559,CE Kevlar FZ BM Legs Black,
8560,CE Kevlar HS BM Legs Black,
8561,CE Kevlar GS BM Legs Black,
8562,CE Kevlar GP BM Legs Black,
8563,CE Kevlar GN Legs Black,
8564,CE Kevlar F GN Legs Black,
8565,CE Kevlar FZ GN Legs Black,
8566,CE Kevlar HS GN Legs Black,
8567,CE Kevlar GS GN Legs Black,
8568,CE Kevlar GP GN Legs Black,
8569,AB Layer BM Legs Red,
8570,AB Layer F BM Legs Red,
8571,AB Layer FZ BM Legs Red,
8572,AB Layer HS BM Legs Red,
8573,AB Layer GS BM Legs Red,
8574,AB Layer GP BM Legs Red,
8575,AB Layer GN Legs Red,
8576,AB Layer F GN Legs Red,
8577,AB Layer FZ GN Legs Red,
8578,AB Layer HS GN Legs Red,
8579,AB Layer GS GN Legs Red,
8580,AB Layer GP GN Legs Red,
8581,AB Layer BM Legs Blue,
8582,AB Layer F BM Legs Blue,
8583,AB Layer FZ BM Legs Blue,
8584,AB Layer HS BM Legs Blue,
8585,AB Layer GS BM Legs Blue,
8586,AB Layer GP BM Legs Blue,
8587,AB Layer GN Legs Blue,
8588,AB Layer F GN Legs Blue,
8589,AB Layer FZ GN Legs Blue,
8590,AB Layer HS GN Legs Blue,
8591,AB Layer GS GN Legs Blue,
8592,AB Layer GP GN Legs Blue,
8593,AB Layer BM Legs Black,
8594,AB Layer F BM Legs Black,
8595,AB Layer FZ BM Legs Black,
8596,AB Layer HS BM Legs Black,
8597,AB Layer GS BM Legs Black,
8598,AB Layer GP BM Legs Black,
8599,AB Layer GN Legs Black,
8600,AB Layer F GN Legs Black,
8601,AB Layer FZ GN Legs Black,
8602,AB Layer HS GN Legs Black,
8603,AB Layer GS GN Legs Black,
8604,AB Layer GP GN Legs Black,
8605,AB Layer BM Legs White,
8606,AB Layer F BM Legs White,
8607,AB Layer FZ BM Legs White,
8608,AB Layer HS BM Legs White,
8609,AB Layer GS BM Legs White,
8610,AB Layer GP BM Legs White,
8611,AB Layer GN Legs White,
8612,AB Layer F GN Legs White,
8613,AB Layer FZ GN Legs White,
8614,AB Layer HS GN Legs White,
8615,AB Layer GS GN Legs White,
8616,AB Layer GP GN Legs White,
8617,Bronte Feet,
8618,Bronte F Feet,
8619,Bronte FZ Feet,
8620,Bronte HS Feet,
8621,Bronte GS Feet,
8622,Bronte GP Feet,
8623,Bronte Boots,
8624,Bronte F Boots,
8625,Bronte FZ Boots,
8626,Bronte HS Boots,
8627,Bronte GS Boots,
8628,Bronte GP Boots,
8629,Solene Feet,
8630,Solene F Feet,
8631,Solene FZ Feet,
8632,Solene HS Feet,
8633,Solene GS Feet,
8634,Solene GP Feet,
8635,Solene Boots,
8636,Solene F Boots,
8637,Solene FZ Boots,
8638,Solene HS Boots,
8639,Solene GS Boots,
8640,Solene GP Boots,
8641,Lapine Feet,
8642,Lapine F Feet,
8643,Lapine FZ Feet,
8644,Lapine HS Feet,
8645,Lapine GS Feet,
8646,Lapine GP Feet,
8647,Lapine Boots,
8648,Lapine F Boots,
8649,Lapine FZ Boots,
8650,Lapine HS Boots,
8651,Lapine GS Boots,
8652,Lapine GP Boots,
8653,Magos GP Feet・Yellow,
8654,Magos GP Boots・Yellow,
8655,Magos GP Feet・Red,
8656,Magos GP Boots・Red,
8657,Magos GP Feet・Water,
8658,Magos GP Boots・Water,
8659,Magos GP Feet・Blue,
8660,Magos GP Boots・Blue,
8661,Yukumo ノハカマ・Heaven,
8662,Yukumo ノハカマG・Heaven,
8663,Yukumo ノハカマGF・Heaven,
8664,Yukumo ノハカマGX・Heaven,
8665,Furogada G Greaves,
8666,Furogada GF Greaves,
8667,Furogada GX Greaves,
8668,Yukumo ノハカマ・Earth,
8669,Yukumo ノハカマG・Earth,
8670,Yukumo ノハカマGF・Earth,
8671,Yukumo ノハカマGX・Earth,
8672,Furogada G Leggings,
8673,Furogada GF Leggings,
8674,Furogada GX Leggings,
8675,ダミー,
8676,ダミー,
8677,ダミー,
8678,ダミー,
8679,Rance G Greaves,
8680,Rance GF Greaves,
8681,Rance GX Greaves,
8682,ダミー,
8683,ダミー,
8684,ダミー,
8685,ダミー,
8686,Rance G Leggings,
8687,Rance GF Leggings,
8688,Rance GX Leggings,
8689,Meirida Greaves,
8690,Meirida F Greaves,
8691,Meirida FY Greaves,
8692,Meirida HS Greaves,
8693,Meirida G Greaves,
8694,Meirida GF Greaves,
8695,Meirida GX Greaves,
8696,Meirida Leggings,
8697,Meirida F Leggings,
8698,Meirida FY Leggings,
8699,Meirida HS Leggings,
8700,Meirida G Leggings,
8701,Meirida GF Leggings,
8702,Meirida GX Leggings,
8703,Maaden Greaves,
8704,Maaden F Greaves,
8705,Maaden FY Greaves,
8706,Maaden HS Greaves,
8707,Maaden G Greaves,
8708,Maaden GF Greaves,
8709,Maaden GX Greaves,
8710,Maaden Leggings,
8711,Maaden F Leggings,
8712,Maaden FY Leggings,
8713,Maaden HS Leggings,
8714,Maaden G Leggings,
8715,Maaden GF Leggings,
8716,Maaden GX Leggings,
8717,Kosho 【 Hakama 】,
8718,Kosho F【 Hakama 】,
8719,Kosho FY【 Hakama 】,
8720,Kosho HS【 Hakama 】,
8721,Kosho G【 Hakama 】,
8722,Kosho GF【 Hakama 】,
8723,Kosho GX【 Hakama 】,
8724,Koro [Hakama 】,
8725,Koro F [Hakama 】,
8726,Koro FY [Hakama 】,
8727,Koro HS [Hakama 】,
8728,Koro G [Hakama 】,
8729,Koro GF [Hakama 】,
8730,Koro GX [Hakama 】,
8731,Abuyado Greaves,
8732,Abuyado F Greaves,
8733,Abuyado FY Greaves,
8734,Abuyado HS Greaves,
8735,Abuyado G Greaves,
8736,Abuyado GF Greaves,
8737,Abuyado GX Greaves,
8738,Abuyado Leggings,
8739,Abuyado F Leggings,
8740,Abuyado FY Leggings,
8741,Abuyado HS Leggings,
8742,Abuyado G Leggings,
8743,Abuyado GF Leggings,
8744,Abuyado GX Leggings,
8745,Gorukku Feet,
8746,Gorukku F Feet,
8747,Gorukku FY Feet,
8748,Gorukku HS Feet,
8749,Gorukku G Feet,
8750,Gorukku GF Feet,
8751,Gorukku GX Feet,
8752,Gorukku Boots,
8753,Gorukku F Boots,
8754,Gorukku FY Boots,
8755,Gorukku HS Boots,
8756,Gorukku G Boots,
8757,Gorukku GF Boots,
8758,Gorukku GX Boots,
8759,Shimashima Feet,
8760,Shimashima F Feet,
8761,Shimashima FY Feet,
8762,Shimashima HS Feet,
8763,Shimashima G Feet,
8764,Shimashima GF Feet,
8765,Shimashima GX Feet,
8766,Shimashima Boots,
8767,Shimashima F Boots,
8768,Shimashima FY Boots,
8769,Shimashima HS Boots,
8770,Shimashima G Boots,
8771,Shimashima GF Boots,
8772,Shimashima GX Boots,
8773,Rath Duo FY Greaves,
8774,Rath Duo HS Greaves,
8775,Rath Duo G Greaves,
8776,Rath Duo GF Greaves,
8777,Rath Duo GX Greaves,
8778,Rath Duo FY Leggings,
8779,Rath Duo HS Leggings,
8780,Rath Duo G Leggings,
8781,Rath Duo GF Leggings,
8782,Rath Duo GX Leggings,
8783,Tandress HS Feet,
8784,Tandress G Feet,
8785,Tandress GF Feet,
8786,Tandress GX Feet,
8787,Tandress HS Boots,
8788,Tandress G Boots,
8789,Tandress GF Boots,
8790,Tandress GX Boots,
8791,Ranvuo Feet,
8792,Ranvuo F Feet,
8793,Ranvuo FY Feet,
8794,Ranvuo HS Feet,
8795,Ranvuo G Feet,
8796,Ranvuo GF Feet,
8797,Ranvuo GX Feet,
8798,Ranvuo Boots,
8799,Ranvuo F Boots,
8800,Ranvuo FY Boots,
8801,Ranvuo HS Boots,
8802,Ranvuo G Boots,
8803,Ranvuo GF Boots,
8804,Ranvuo GX Boots,
8805,Nyui Feet,
8806,Nyui F Feet,
8807,Nyui FY Feet,
8808,Nyui HS Feet,
8809,Nyui G Feet,
8810,Nyui GF Feet,
8811,Nyui GX Feet,
8812,Nyui Boots,
8813,Nyui F Boots,
8814,Nyui FY Boots,
8815,Nyui HS Boots,
8816,Nyui G Boots,
8817,Nyui GF Boots,
8818,Nyui GX Boots,
8819,ダミー,
8820,ダミー,
8821,ダミー,
8822,ダミー,
8823,Nympha G Greaves,
8824,Nympha GF Greaves,
8825,Nympha GX Greaves,
8826,ダミー,
8827,ダミー,
8828,ダミー,
8829,ダミー,
8830,Nympha G Leggings,
8831,Nympha GF Leggings,
8832,Nympha GX Leggings,
8833,Harudo GX Greaves,
8834,Harudo GX Leggings,
8835,Gureado GX Greaves,
8836,Gureado GX Leggings,
8837,Pics GP Feet・Green,
8838,Pics GP Boots・Green,
8839,Pics GP Feet・Purple,
8840,Pics GP Boots・Purple,
8841,Pics GP Feet・Black,
8842,Pics GP Boots・Black,
8843,Pics GP Feet・Water,
8844,Pics GP Boots・Water,
8845,ダミー,
8846,ダミー,
8847,Smart HS Leg,
8848,Smart GS Leg,
8849,Gasura Greaves,
8850,Gasura F Greaves,
8851,Gasura FX Greaves,
8852,Gasura G Greaves,
8853,Gasura GF Greaves,
8854,Gasura GX Greaves,
8855,Gasura Leggings,
8856,Gasura F Leggings,
8857,Gasura FX Leggings,
8858,Gasura G Leggings,
8859,Gasura GF Leggings,
8860,Gasura GX Leggings,
8861,Wrath G【Greaves】,
8862,Wrath GF【Greaves】,
8863,Wrath GX【Greaves】,
8864,Anger G【Greaves】,
8865,Anger GF【Greaves】,
8866,Anger GX【Greaves】,
8867,Abi G Greaves,
8868,Abi GF Greaves,
8869,Abi GX Greaves,
8870,Abi G Leggings,
8871,Abi GF Leggings,
8872,Abi GX Leggings,
8873,Zinogre Greaves,
8874,Zinogre G Greaves,
8875,Zinogre GF Greaves,
8876,Zinogre GX Greaves,
8877,Zinogre Leggings,
8878,Zinogre G Leggings,
8879,Zinogre GF Leggings,
8880,Zinogre GX Leggings,
8881,Gania Feet・Red,
8882,Gania F Feet・Red,
8883,Gania FZ Feet・Red,
8884,Gania HS Feet・Red,
8885,Gania GS Feet・Red,
8886,Gania GP Feet・Red,
8887,Gania Boots・Red,
8888,Gania F Boots・Red,
8889,Gania FZ Boots・Red,
8890,Gania HS Boots・Red,
8891,Gania GS Boots・Red,
8892,Gania GP Boots・Red,
8893,Gania Feet・Blue,
8894,Gania F Feet・Blue,
8895,Gania FZ Feet・Blue,
8896,Gania HS Feet・Blue,
8897,Gania GS Feet・Blue,
8898,Gania GP Feet・Blue,
8899,Gania Boots・Blue,
8900,Gania F Boots・Blue,
8901,Gania FZ Boots・Blue,
8902,Gania HS Boots・Blue,
8903,Gania GS Boots・Blue,
8904,Gania GP Boots・Blue,
8905,Gania Feet・Tea,
8906,Gania F Feet・Tea,
8907,Gania FZ Feet・Tea,
8908,Gania HS Feet・Tea,
8909,Gania GS Feet・Tea,
8910,Gania GP Feet・Tea,
8911,Gania Boots・Tea,
8912,Gania F Boots・Tea,
8913,Gania FZ Boots・Tea,
8914,Gania HS Boots・Tea,
8915,Gania GS Boots・Tea,
8916,Gania GP Boots・Tea,
8917,Gania Feet・Purple,
8918,Gania F Feet・Purple,
8919,Gania FZ Feet・Purple,
8920,Gania HS Feet・Purple,
8921,Gania GS Feet・Purple,
8922,Gania GP Feet・Purple,
8923,Gania Boots・Purple,
8924,Gania F Boots・Purple,
8925,Gania FZ Boots・Purple,
8926,Gania HS Boots・Purple,
8927,Gania GS Boots・Purple,
8928,Gania GP Boots・Purple,
8929,Dinato Greaves,
8930,Dinato F Greaves,
8931,Dinato FZ Greaves,
8932,Dinato HS Greaves,
8933,Dinato GS Greaves,
8934,Dinato GP Greaves,
8935,Dinato Leggings,
8936,Dinato F Leggings,
8937,Dinato FZ Leggings,
8938,Dinato HS Leggings,
8939,Dinato GS Leggings,
8940,Dinato GP Leggings,
8941,Duque Greaves,
8942,Duque F Greaves,
8943,Duque FZ Greaves,
8944,Duque HS Greaves,
8945,Duque GS Greaves,
8946,Duque GP Greaves,
8947,Duque Leggings,
8948,Duque F Leggings,
8949,Duque FZ Leggings,
8950,Duque HS Leggings,
8951,Duque GS Leggings,
8952,Duque GP Leggings,
8953,Granu Greaves,
8954,Granu F Greaves,
8955,Granu FZ Greaves,
8956,Granu HS Greaves,
8957,Granu GS Greaves,
8958,Granu GP Greaves,
8959,Granu Leggings,
8960,Granu F Leggings,
8961,Granu FZ Leggings,
8962,Granu HS Leggings,
8963,Granu GS Leggings,
8964,Granu GP Leggings,
8965,Plug Feet :01,
8966,Plug F Feet :01,
8967,Plug FZ Feet :01,
8968,Plug HS Feet :01,
8969,Plug GS Feet :01,
8970,Plug GP Feet :01,
8971,Plug Boots :01,
8972,Plug F Boots :01,
8973,Plug FZ Boots :01,
8974,Plug HS Boots :01,
8975,Plug GS Boots :01,
8976,Plug GP Boots :01,
8977,Plug Feet :00,
8978,Plug F Feet :00,
8979,Plug FZ Feet :00,
8980,Plug HS Feet :00,
8981,Plug GS Feet :00,
8982,Plug GP Feet :00,
8983,Plug Boots :00,
8984,Plug F Boots :00,
8985,Plug FZ Boots :00,
8986,Plug HS Boots :00,
8987,Plug GS Boots :00,
8988,Plug GP Boots :00,
8989,Unit-01 Feet,
8990,Unit-01 F Feet,
8991,Unit-01 FZ Feet,
8992,Unit-01 HS Feet,
8993,Unit-01 GS Feet,
8994,Unit-01 GP Feet,
8995,Unit-01 Boots,
8996,Unit-01 F Boots,
8997,Unit-01 FZ Boots,
8998,Unit-01 HS Boots,
8999,Unit-01 GS Boots,
9000,Unit-01 GP Boots,
9001,Unit-00 Feet,
9002,Unit-00 F Feet,
9003,Unit-00 FZ Feet,
9004,Unit-00 HS Feet,
9005,Unit-00 GS Feet,
9006,Unit-00 GP Feet,
9007,Unit-00 Boots,
9008,Unit-00 F Boots,
9009,Unit-00 FZ Boots,
9010,Unit-00 HS Boots,
9011,Unit-00 GS Boots,
9012,Unit-00 GP Boots,
9013,Dusk Feet・Red,
9014,Dusk F Feet・Red,
9015,Dusk FZ Feet・Red,
9016,Dusk HS Feet・Red,
9017,Dusk GS Feet・Red,
9018,Dusk GP Feet・Red,
9019,Dusk Boots・Red,
9020,Dusk F Boots・Red,
9021,Dusk FZ Boots・Red,
9022,Dusk HS Boots・Red,
9023,Dusk GS Boots・Red,
9024,Dusk GP Boots・Red,
9025,Dusk Feet・White,
9026,Dusk F Feet・White,
9027,Dusk FZ Feet・White,
9028,Dusk HS Feet・White,
9029,Dusk GS Feet・White,
9030,Dusk GP Feet・White,
9031,Dusk Boots・White,
9032,Dusk F Boots・White,
9033,Dusk FZ Boots・White,
9034,Dusk HS Boots・White,
9035,Dusk GS Boots・White,
9036,Dusk GP Boots・White,
9037,Dusk Feet・Peach,
9038,Dusk F Feet・Peach,
9039,Dusk FZ Feet・Peach,
9040,Dusk HS Feet・Peach,
9041,Dusk GS Feet・Peach,
9042,Dusk GP Feet・Peach,
9043,Dusk Boots・Peach,
9044,Dusk F Boots・Peach,
9045,Dusk FZ Boots・Peach,
9046,Dusk HS Boots・Peach,
9047,Dusk GS Boots・Peach,
9048,Dusk GP Boots・Peach,
9049,Dusk Feet・Blue,
9050,Dusk F Feet・Blue,
9051,Dusk FZ Feet・Blue,
9052,Dusk HS Feet・Blue,
9053,Dusk GS Feet・Blue,
9054,Dusk GP Feet・Blue,
9055,Dusk Boots・Blue,
9056,Dusk F Boots・Blue,
9057,Dusk FZ Boots・Blue,
9058,Dusk HS Boots・Blue,
9059,Dusk GS Boots・Blue,
9060,Dusk GP Boots・Blue,
9061,トイスト Greaves,
9062,トイストF Greaves,
9063,トイストFZ Greaves,
9064,トイストHS Greaves,
9065,トイストGS Greaves,
9066,トイストGP Greaves,
9067,トイスト Leggings,
9068,トイストF Leggings,
9069,トイストFZ Leggings,
9070,トイストHS Leggings,
9071,トイストGS Leggings,
9072,トイストGP Leggings,
9073,Nekodan Feet,
9074,Nekodan F Feet,
9075,Nekodan FZ Feet,
9076,Nekodan HS Feet,
9077,Nekodan GS Feet,
9078,Nekodan GP Feet,
9079,Aelucanth Crura,
9080,Aelucanth G Crura,
9081,Aelucanth GF Crura,
9082,Aelucanth GX Crura,
9083,Aelucanth フェムル,
9084,Aelucanth Gフェムル,
9085,Aelucanth GFフェムル,
9086,Aelucanth GXフェムル,
9087,Rhopessa Crura,
9088,Rhopessa G Crura,
9089,Rhopessa GF Crura,
9090,Rhopessa GX Crura,
9091,Rhopessa フェムル,
9092,Rhopessa Gフェムル,
9093,Rhopessa GFフェムル,
9094,Rhopessa GXフェムル,
9095,Riaruo G Greaves,
9096,Riaruo GF Greaves,
9097,Riaruo GX Greaves,
9098,Riaruo G Leggings,
9099,Riaruo GF Leggings,
9100,Riaruo GX Leggings,
9101,Ordre Greaves,
9102,Ordre F Greaves,
9103,Ordre FY Greaves,
9104,Ordre HS Greaves,
9105,Ordre G Greaves,
9106,Ordre GF Greaves,
9107,Ordre GX Greaves,
9108,Ordre Leggings,
9109,Ordre F Leggings,
9110,Ordre FY Leggings,
9111,Ordre HS Leggings,
9112,Ordre G Leggings,
9113,Ordre GF Leggings,
9114,Ordre GX Leggings,
9115,Cheni Greaves,
9116,Cheni F Greaves,
9117,Cheni FY Greaves,
9118,Cheni HS Greaves,
9119,Cheni G Greaves,
9120,Cheni GF Greaves,
9121,Cheni GX Greaves,
9122,Cheni Leggings,
9123,Cheni F Leggings,
9124,Cheni FY Leggings,
9125,Cheni HS Leggings,
9126,Cheni G Leggings,
9127,Cheni GF Leggings,
9128,Cheni GX Leggings,
9129,Miniomu Greaves,
9130,Miniomu F Greaves,
9131,Miniomu FY Greaves,
9132,Miniomu HS Greaves,
9133,Miniomu G Greaves,
9134,Miniomu GF Greaves,
9135,Miniomu GX Greaves,
9136,Miniomu Leggings,
9137,Miniomu F Leggings,
9138,Miniomu FY Leggings,
9139,Miniomu HS Leggings,
9140,Miniomu G Leggings,
9141,Miniomu GF Leggings,
9142,Miniomu GX Leggings,
9143,Once Greaves,
9144,Once F Greaves,
9145,Once FY Greaves,
9146,Once HS Greaves,
9147,Once G Greaves,
9148,Once GF Greaves,
9149,Once GX Greaves,
9150,Once Leggings,
9151,Once F Leggings,
9152,Once FY Leggings,
9153,Once HS Leggings,
9154,Once G Leggings,
9155,Once GF Leggings,
9156,Once GX Leggings,
9157,Kurai 【 Hakama 】,
9158,Kurai F【 Hakama 】,
9159,Kurai FX【 Hakama 】,
9160,Kurai G【 Hakama 】,
9161,Kurai GF【 Hakama 】,
9162,Kurai GX【 Hakama 】,
9163,Kurai 【 Hakama 】,
9164,Kurai F【 Hakama 】,
9165,Kurai FX【 Hakama 】,
9166,Kurai G【 Hakama 】,
9167,Kurai GF【 Hakama 】,
9168,Kurai GX【 Hakama 】,
9169,Monodevil G Greaves,
9170,Monodevil GF Greaves,
9171,Monodevil GX Greaves,
9172,Monodevil G Leggings,
9173,Monodevil GF Leggings,
9174,Monodevil GX Leggings,
9175,Black Diablos G Greaves,
9176,Black Diablos GF Greaves,
9177,Black Diablos GX Greaves,
9178,Black Diablos G Leggings,
9179,Black Diablos GF Leggings,
9180,Black Diablos GX Leggings,
9181,Wadatsumi GX【Greaves 】,
9182,Okami GX【Greaves 】,
9183,Odiva GX Greaves,
9184,Odiva GX Leggings,
9185,Elegance GX【Greaves 】,
9186,Grace GX【Greaves 】,
9187,Vangis Greaves,
9188,Vangis G Greaves,
9189,Vangis GF Greaves,
9190,Vangis GX Greaves,
9191,Vangis Leggings,
9192,Vangis G Leggings,
9193,Vangis GF Leggings,
9194,Vangis GX Leggings,
9195,Shiruti Greaves,
9196,Shiruti F Greaves,
9197,Shiruti FZ Greaves,
9198,Shiruti HS Greaves,
9199,Shiruti GS Greaves,
9200,Shiruti GP Greaves,
9201,Shiruti Leggings,
9202,Shiruti F Leggings,
9203,Shiruti FZ Leggings,
9204,Shiruti HS Leggings,
9205,Shiruti GS Leggings,
9206,Shiruti GP Leggings,
9207,Brachy Greaves,
9208,Brachy G Greaves,
9209,Brachy GF Greaves,
9210,Brachy GX Greaves,
9211,Brachy Leggings,
9212,Brachy G Leggings,
9213,Brachy GF Leggings,
9214,Brachy GX Leggings,
9215,Torid Greaves,
9216,Torid F Greaves,
9217,Torid FX Greaves,
9218,Torid G Greaves,
9219,Torid GF Greaves,
9220,Torid GX Greaves,
9221,Torid Leggings,
9222,Torid F Leggings,
9223,Torid FX Leggings,
9224,Torid G Leggings,
9225,Torid GF Leggings,
9226,Torid GX Leggings,
9227,Lightning G【具足】,
9228,Lightning GF【具足】,
9229,Lightning GX【具足】,
9230,Thunder G【具足】,
9231,Thunder GF【具足】,
9232,Thunder GX【具足】,
9233,B.Espinas G Heel,
9234,B.Espinas GF Heel,
9235,B.Espinas GX Heel,
9236,B.Espinas G March,
9237,B.Espinas GF March,
9238,B.Espinas GX March,
9239,Red Volga G Greaves,
9240,Red Volga GF Greaves,
9241,Red Volga GX Greaves,
9242,Red Volga G Leggings,
9243,Red Volga GF Leggings,
9244,Red Volga GX Leggings,
9245,Ravi G Greaves:Berserk,
9246,Ravi GF Greaves:Berserk,
9247,Ravi GX Greaves:Berserk,
9248,Ravi G Leggings:Berserk,
9249,Ravi GF Leggings:Berserk,
9250,Ravi GX Leggings:Berserk,
9251,Ravi Greaves:Violent,
9252,Ravi HS Greaves:Violent,
9253,Ravi G Greaves:Violent,
9254,Ravi GF Greaves:Violent,
9255,Ravi GX Greaves:Violent,
9256,Ravi Leggings:Violent,
9257,Ravi HS Leggings:Violent,
9258,Ravi G Leggings:Violent,
9259,Ravi GF Leggings:Violent,
9260,Ravi GX Leggings:Violent,
9261,Raviente G Greaves,
9262,Raviente GF Greaves,
9263,Raviente GX Greaves,
9264,Raviente G Leggings,
9265,Raviente GF Leggings,
9266,Raviente GX Leggings,
9267,White Hypnoc G Greaves,
9268,White Hypnoc GF Greaves,
9269,White Hypnoc GX Greaves,
9270,White Hypnoc G Leggings,
9271,White Hypnoc GF Leggings,
9272,White Hypnoc GX Leggings,
9273,Vichi Feet,
9274,Vichi F Feet,
9275,Vichi FZ Feet,
9276,Vichi HS Feet,
9277,Vichi GS Feet,
9278,Vichi GP Feet,
9279,Vichi Boots,
9280,Vichi F Boots,
9281,Vichi FZ Boots,
9282,Vichi HS Boots,
9283,Vichi GS Boots,
9284,Vichi GP Boots,
9285,Guild Bard Boots,
9286,Guild Bard G Boots,
9287,Guild Bard GF Boots,
9288,Guild Bard GX Boots,
9289,Guild Bard Feet,
9290,Guild Bard G Feet,
9291,Guild Bard GF Feet,
9292,Guild Bard GX Feet,
9293,Scholar Socks,
9294,Scholar G Socks,
9295,Scholar GF Socks,
9296,Scholar GX Socks,
9297,Scholar サンダル,
9298,Scholar Gサンダル,
9299,Scholar GFサンダル,
9300,Scholar GXサンダル,
9301,Amistad Feet・Black,
9302,Amistad F Feet・Black,
9303,Amistad FZ Feet・Black,
9304,Amistad HS Feet・Black,
9305,Amistad GS Feet・Black,
9306,Amistad GP Feet・Black,
9307,Amistad Boots・Black,
9308,Amistad F Boots・Black,
9309,Amistad FZ Boots・Black,
9310,Amistad HS Boots・Black,
9311,Amistad GS Boots・Black,
9312,Amistad GP Boots・Black,
9313,Amistad Feet・White,
9314,Amistad F Feet・White,
9315,Amistad FZ Feet・White,
9316,Amistad HS Feet・White,
9317,Amistad GS Feet・White,
9318,Amistad GP Feet・White,
9319,Amistad Boots・White,
9320,Amistad F Boots・White,
9321,Amistad FZ Boots・White,
9322,Amistad HS Boots・White,
9323,Amistad GS Boots・White,
9324,Amistad GP Boots・White,
9325,Amistad Feet・Blue,
9326,Amistad F Feet・Blue,
9327,Amistad FZ Feet・Blue,
9328,Amistad HS Feet・Blue,
9329,Amistad GS Feet・Blue,
9330,Amistad GP Feet・Blue,
9331,Amistad Boots・Blue,
9332,Amistad F Boots・Blue,
9333,Amistad FZ Boots・Blue,
9334,Amistad HS Boots・Blue,
9335,Amistad GS Boots・Blue,
9336,Amistad GP Boots・Blue,
9337,Amistad Feet・Crimson,
9338,Amistad F Feet・Crimson,
9339,Amistad FZ Feet・Crimson,
9340,Amistad HS Feet・Crimson,
9341,Amistad GS Feet・Crimson,
9342,Amistad GP Feet・Crimson,
9343,Amistad Boots・Crimson,
9344,Amistad F Boots・Crimson,
9345,Amistad FZ Boots・Crimson,
9346,Amistad HS Boots・Crimson,
9347,Amistad GS Boots・Crimson,
9348,Amistad GP Boots・Crimson,
9349,Plug Feet :06,
9350,Plug F Feet :06,
9351,Plug FZ Feet :06,
9352,Plug HS Feet :06,
9353,Plug GS Feet :06,
9354,Plug GP Feet :06,
9355,Plug Boots :06,
9356,Plug F Boots :06,
9357,Plug FZ Boots :06,
9358,Plug HS Boots :06,
9359,Plug GS Boots :06,
9360,Plug GP Boots :06,
9361,Plug Feet :02,
9362,Plug F Feet :02,
9363,Plug FZ Feet :02,
9364,Plug HS Feet :02,
9365,Plug GS Feet :02,
9366,Plug GP Feet :02,
9367,Plug Boots :02,
9368,Plug F Boots :02,
9369,Plug FZ Boots :02,
9370,Plug HS Boots :02,
9371,Plug GS Boots :02,
9372,Plug GP Boots :02,
9373,Mark.06 Feet,
9374,Mark.06 F Feet,
9375,Mark.06 FZ Feet,
9376,Mark.06 HS Feet,
9377,Mark.06 GS Feet,
9378,Mark.06 GP Feet,
9379,Mark.06 Boots,
9380,Mark.06 F Boots,
9381,Mark.06 FZ Boots,
9382,Mark.06 HS Boots,
9383,Mark.06 GS Boots,
9384,Mark.06 GP Boots,
9385,Unit-02 Feet,
9386,Unit-02 F Feet,
9387,Unit-02 FZ Feet,
9388,Unit-02 HS Feet,
9389,Unit-02 GS Feet,
9390,Unit-02 GP Feet,
9391,Unit-02 Boots,
9392,Unit-02 F Boots,
9393,Unit-02 FZ Boots,
9394,Unit-02 HS Boots,
9395,Unit-02 GS Boots,
9396,Unit-02 GP Boots,
9397,Kaila Feet,
9398,Kaila F Feet,
9399,Kaila FZ Feet,
9400,Kaila HS Feet,
9401,Kaila GS Feet,
9402,Kaila GP Feet,
9403,Kaila Boots,
9404,Kaila F Boots,
9405,Kaila FZ Boots,
9406,Kaila HS Boots,
9407,Kaila GS Boots,
9408,Kaila GP Boots,
9409,ダミー,
9410,ダミー,
9411,ダミー,
9412,ダミー,
9413,ダミー,
9414,ダミー,
9415,Otono Greaves,
9416,Otono F Greaves,
9417,Otono FY Greaves,
9418,Otono HS Greaves,
9419,Otono G Greaves,
9420,Otono GF Greaves,
9421,Otono GX Greaves,
9422,Kabariba Greaves,
9423,Kabariba F Greaves,
9424,Kabariba FY Greaves,
9425,Kabariba HS Greaves,
9426,Kabariba G Greaves,
9427,Kabariba GF Greaves,
9428,Kabariba GX Greaves,
9429,Kabariba Leggings,
9430,Kabariba F Leggings,
9431,Kabariba FY Leggings,
9432,Kabariba HS Leggings,
9433,Kabariba G Leggings,
9434,Kabariba GF Leggings,
9435,Kabariba GX Leggings,
9436,Toruboda Greaves,
9437,Toruboda F Greaves,
9438,Toruboda FY Greaves,
9439,Toruboda HS Greaves,
9440,Toruboda G Greaves,
9441,Toruboda GF Greaves,
9442,Toruboda GX Greaves,
9443,Toruboda Leggings,
9444,Toruboda F Leggings,
9445,Toruboda FY Leggings,
9446,Toruboda HS Leggings,
9447,Toruboda G Leggings,
9448,Toruboda GF Leggings,
9449,Toruboda GX Leggings,
9450,Orykto Greaves,
9451,Orykto F Greaves,
9452,Orykto FY Greaves,
9453,Orykto HS Greaves,
9454,Orykto Leggings,
9455,Orykto F Leggings,
9456,Orykto FY Leggings,
9457,Orykto HS Leggings,
9458,Reuasu G Greaves,
9459,Reuasu GF Greaves,
9460,Reuasu GX Greaves,
9461,Reuasu G Leggings,
9462,Reuasu GF Leggings,
9463,Reuasu GX Leggings,
9464,Harimeno Greaves,
9465,Harimeno F Greaves,
9466,Harimeno FY Greaves,
9467,Harimeno HS Greaves,
9468,Harimeno G Greaves,
9469,Harimeno GF Greaves,
9470,Harimeno GX Greaves,
9471,Harimeno Leggings,
9472,Harimeno F Leggings,
9473,Harimeno FY Leggings,
9474,Harimeno HS Leggings,
9475,Harimeno G Leggings,
9476,Harimeno GF Leggings,
9477,Harimeno GX Leggings,
9478,Shiusu G Greaves,
9479,Shiusu GF Greaves,
9480,Shiusu GX Greaves,
9481,Shiusu G Leggings,
9482,Shiusu GF Leggings,
9483,Shiusu GX Leggings,
9484,Barioth Greaves,
9485,Barioth G Greaves,
9486,Barioth GF Greaves,
9487,Barioth GX Greaves,
9488,Barioth Leggings,
9489,Barioth G Leggings,
9490,Barioth GF Leggings,
9491,Barioth GX Leggings,
9492,Will G Greaves,
9493,Will GF Greaves,
9494,Will GX Greaves,
9495,Will G Leggings,
9496,Will GF Leggings,
9497,Will GX Leggings,
9498,Keisu Greaves,
9499,Keisu F Greaves,
9500,Keisu FY Greaves,
9501,Keisu HS Greaves,
9502,Keisu G Greaves,
9503,Keisu GF Greaves,
9504,Keisu GX Greaves,
9505,Keisu Leggings,
9506,Keisu F Leggings,
9507,Keisu FY Leggings,
9508,Keisu HS Leggings,
9509,Keisu G Leggings,
9510,Keisu GF Leggings,
9511,Keisu GX Leggings,
9512,Lumiere Greaves,
9513,Lumiere F Greaves,
9514,Lumiere FY Greaves,
9515,Lumiere HS Greaves,
9516,Lumiere G Greaves,
9517,Lumiere GF Greaves,
9518,Lumiere GX Greaves,
9519,Lumiere Leggings,
9520,Lumiere F Leggings,
9521,Lumiere FY Leggings,
9522,Lumiere HS Leggings,
9523,Lumiere G Leggings,
9524,Lumiere GF Leggings,
9525,Lumiere GX Leggings,
9526,Cleora Feet,
9527,Cleora F Feet,
9528,Cleora FY Feet,
9529,Cleora HS Feet,
9530,Cleora G Feet,
9531,Cleora GF Feet,
9532,Cleora GX Feet,
9533,Cleora Boots,
9534,Cleora F Boots,
9535,Cleora FY Boots,
9536,Cleora HS Boots,
9537,Cleora G Boots,
9538,Cleora GF Boots,
9539,Cleora GX Boots,
9540,Doragyurosu G Greaves,
9541,Doragyurosu GF Greaves,
9542,Doragyurosu GX Greaves,
9543,Doragyurosu G Leggings,
9544,Doragyurosu GF Leggings,
9545,Doragyurosu GX Leggings,
9546,Wind GXペイル,
9547,Wind GXハディ,
9548,Meraginasu GX Greaves,
9549,Meraginasu GX Leggings,
9550,Pobo GX Greaves,
9551,Pobo GX Leggings,
9552,Toa Greaves,
9553,Toa F Greaves,
9554,Toa FX Greaves,
9555,Toa G Greaves,
9556,Toa GF Greaves,
9557,Toa GX Greaves,
9558,Toa Leggings,
9559,Toa F Leggings,
9560,Toa FX Leggings,
9561,Toa G Leggings,
9562,Toa GF Leggings,
9563,Toa GX Leggings,
9564,Blue Kut Ku G Greaves,
9565,Blue Kut Ku GF Greaves,
9566,Blue Kut Ku GX Greaves,
9567,Blue Kut Ku G Leggings,
9568,Blue Kut Ku GF Leggings,
9569,Blue Kut Ku GX Leggings,
9570,Dreadrock G【 Hakama 】,
9571,Dreadrock GF【 Hakama 】,
9572,Dreadrock GX【 Hakama 】,
9573,Redrock G【 Hakama 】,
9574,Redrock GF【 Hakama 】,
9575,Redrock GX【 Hakama 】,
9576,Cielo Feet,
9577,Cielo F Feet,
9578,Cielo FZ Feet,
9579,Cielo HS Feet,
9580,Cielo GS Feet,
9581,Cielo GP Feet,
9582,Cielo Boots,
9583,Cielo F Boots,
9584,Cielo FZ Boots,
9585,Cielo HS Boots,
9586,Cielo GS Boots,
9587,Cielo GP Boots,
9588,Gagachu Feet,
9589,Gagachu F Feet,
9590,Gagachu FZ Feet,
9591,Gagachu HS Feet,
9592,Gagachu GS Feet,
9593,Gagachu GP Feet,
9594,Gagachu Boots,
9595,Gagachu F Boots,
9596,Gagachu FZ Boots,
9597,Gagachu HS Boots,
9598,Gagachu GS Boots,
9599,Gagachu GP Boots,
9600,Salta Feet,
9601,Salta F Feet,
9602,Salta FZ Feet,
9603,Salta HS Feet,
9604,Salta GS Feet,
9605,Salta GP Feet,
9606,Salta Boots,
9607,Salta F Boots,
9608,Salta FZ Boots,
9609,Salta HS Boots,
9610,Salta GS Boots,
9611,Salta GP Boots,
9612,Chiru G Greaves,
9613,Chiru GF Greaves,
9614,Chiru GX Greaves,
9615,Chiru G Leggings,
9616,Chiru GF Leggings,
9617,Chiru GX Leggings,
9618,Ganeto G Greaves,
9619,Ganeto GF Greaves,
9620,Ganeto GX Greaves,
9621,Ganeto G Leggings,
9622,Ganeto GF Leggings,
9623,Ganeto GX Leggings,
9624,Chiyo Legs,
9625,Chiyo Legs F,
9626,Chiyo Legs FZ,
9627,Chiyo Legs HS,
9628,Chiyo Legs GS,
9629,Chiyo Legs GP,
9630,Chiyo Greaves,
9631,Chiyo Greaves F,
9632,Chiyo Greaves FZ,
9633,Chiyo Greaves HS,
9634,Chiyo Greaves GS,
9635,Chiyo Greaves GP,
9636,Uragaan Greaves,
9637,Uragaan G Greaves,
9638,Uragaan GF Greaves,
9639,Uragaan GX Greaves,
9640,Uragaan Leggings,
9641,Uragaan G Leggings,
9642,Uragaan GF Leggings,
9643,Uragaan GX Leggings,
9644,Onyx Greaves,
9645,Onyx F Greaves,
9646,Onyx FX Greaves,
9647,Rutile Greaves,
9648,Rutile F Greaves,
9649,Rutile FX Greaves,
9650,Byakko・斬将G Feet,
9651,Byakko・斬将GF Feet,
9652,Byakko・斬将GX Feet,
9653,Suzaku・斬将G Feet,
9654,Suzaku・斬将GF Feet,
9655,Suzaku・斬将GX Feet,
9656,Genbu・斬将G Feet,
9657,Genbu・斬将GF Feet,
9658,Genbu・斬将GX Feet,
9659,Seiryu・斬将G Feet,
9660,Seiryu・斬将GF Feet,
9661,Seiryu・斬将GX Feet,
9662,White 蘭・斬将 Feet,
9663,White 蘭・斬将F Feet,
9664,White 蘭・斬将FX Feet,
9665,Crimson 霞・斬将 Feet,
9666,Crimson 霞・斬将F Feet,
9667,Crimson 霞・斬将FX Feet,
9668,White 蘭・斬将G Feet,
9669,White 蘭・斬将GF Feet,
9670,White 蘭・斬将GX Feet,
9671,月夜・斬将G Feet,
9672,月夜・斬将GF Feet,
9673,月夜・斬将GX Feet,
9674,Crimson 霞・斬将G Feet,
9675,Crimson 霞・斬将GF Feet,
9676,Crimson 霞・斬将GX Feet,
9677,Green 穹・斬将G Feet,
9678,Green 穹・斬将GF Feet,
9679,Green 穹・斬将GX Feet,
9680,Guan Greaves,
9681,Guan F Greaves,
9682,Guan FX Greaves,
9683,Guan G Greaves,
9684,Guan GF Greaves,
9685,Guan GX Greaves,
9686,Guan Leggings,
9687,Guan F Leggings,
9688,Guan FX Leggings,
9689,Guan G Leggings,
9690,Guan GF Leggings,
9691,Guan GX Leggings,
9692,Conqueror G【 Hakama 】,
9693,Conqueror GF【 Hakama 】,
9694,Conqueror GX【 Hakama 】,
9695,Emperor G【 Hakama 】,
9696,Emperor GF【 Hakama 】,
9697,Emperor GX【 Hakama 】,
9698,Kushala Gペイル,
9699,Kushala GFペイル,
9700,Kushala GXペイル,
9701,Kushala Gハディ,
9702,Kushala GFハディ,
9703,Kushala GXハディ,
9704,Kaiser G Greaves,
9705,Kaiser GF Greaves,
9706,Kaiser GX Greaves,
9707,Kaiser G Leggings,
9708,Kaiser GF Leggings,
9709,Kaiser GX Leggings,
9710,Mizuha G【Greaves】,
9711,Mizuha GF【Greaves】,
9712,Mizuha GX【Greaves】,
9713,Toyotama G【Greaves】,
9714,Toyotama GF【Greaves】,
9715,Toyotama GX【Greaves】,
9716,Nargacuga Greaves,
9717,Nargacuga G Greaves,
9718,Nargacuga GF Greaves,
9719,Nargacuga GX Greaves,
9720,Nargacuga Leggings,
9721,Nargacuga G Leggings,
9722,Nargacuga GF Leggings,
9723,Nargacuga GX Leggings,
9724,Perifu Feet・Blue,
9725,Perifu F Feet・Blue,
9726,Perifu FZ Feet・Blue,
9727,Perifu HS Feet・Blue,
9728,Perifu GS Feet・Blue,
9729,Perifu GP Feet・Blue,
9730,Perifu Boots・Blue,
9731,Perifu F Boots・Blue,
9732,Perifu FZ Boots・Blue,
9733,Perifu HS Boots・Blue,
9734,Perifu GS Boots・Blue,
9735,Perifu GP Boots・Blue,
9736,Perifu Feet・Tea,
9737,Perifu F Feet・Tea,
9738,Perifu FZ Feet・Tea,
9739,Perifu HS Feet・Tea,
9740,Perifu GS Feet・Tea,
9741,Perifu GP Feet・Tea,
9742,Perifu Boots・Tea,
9743,Perifu F Boots・Tea,
9744,Perifu FZ Boots・Tea,
9745,Perifu HS Boots・Tea,
9746,Perifu GS Boots・Tea,
9747,Perifu GP Boots・Tea,
9748,Perifu Feet・Green,
9749,Perifu F Feet・Green,
9750,Perifu FZ Feet・Green,
9751,Perifu HS Feet・Green,
9752,Perifu GS Feet・Green,
9753,Perifu GP Feet・Green,
9754,Perifu Boots・Green,
9755,Perifu F Boots・Green,
9756,Perifu FZ Boots・Green,
9757,Perifu HS Boots・Green,
9758,Perifu GS Boots・Green,
9759,Perifu GP Boots・Green,
9760,Perifu Feet・Purple,
9761,Perifu F Feet・Purple,
9762,Perifu FZ Feet・Purple,
9763,Perifu HS Feet・Purple,
9764,Perifu GS Feet・Purple,
9765,Perifu GP Feet・Purple,
9766,Perifu Boots・Purple,
9767,Perifu F Boots・Purple,
9768,Perifu FZ Boots・Purple,
9769,Perifu HS Boots・Purple,
9770,Perifu GS Boots・Purple,
9771,Perifu GP Boots・Purple,
9772,Kaiji Feet,
9773,Kaiji F Feet,
9774,Kaiji FZ Feet,
9775,Kaiji HS Feet,
9776,Kaiji GS Feet,
9777,Kaiji GP Feet,
9778,Kaiji Boots,
9779,Kaiji F Boots,
9780,Kaiji FZ Boots,
9781,Kaiji HS Boots,
9782,Kaiji GS Boots,
9783,Kaiji GP Boots,
9784,Mikoko Feet,
9785,Mikoko F Feet,
9786,Mikoko FZ Feet,
9787,Mikoko HS Feet,
9788,Mikoko GS Feet,
9789,Mikoko GP Feet,
9790,Mikoko Boots,
9791,Mikoko F Boots,
9792,Mikoko FZ Boots,
9793,Mikoko HS Boots,
9794,Mikoko GS Boots,
9795,Mikoko GP Boots,
9796,テリュオ Feet,
9797,テリュオF Feet,
9798,テリュオFZ Feet,
9799,テリュオHS Feet,
9800,テリュオGS Feet,
9801,テリュオGP Feet,
9802,テリュオ Boots,
9803,テリュオF Boots,
9804,テリュオFZ Boots,
9805,テリュオHS Boots,
9806,テリュオGS Boots,
9807,テリュオGP Boots,
9808,Sailor Socks,
9809,Sailor G Socks,
9810,Sailor GF Socks,
9811,Sailor GX Socks,
9812,Sailor サンダル,
9813,Sailor Gサンダル,
9814,Sailor GFサンダル,
9815,Sailor GXサンダル,
9816,スフレ Feet,
9817,スフレF Feet,
9818,スフレFZ Feet,
9819,スフレHS Feet,
9820,スフレGS Feet,
9821,スフレGP Feet,
9822,スフレ Boots,
9823,スフレF Boots,
9824,スフレFZ Boots,
9825,スフレHS Boots,
9826,スフレGS Boots,
9827,スフレGP Boots,
9828,Demon Tale ノ足枷G,
9829,Demon Tale ノ足枷GF,
9830,Demon Tale ノ足枷GX,
9831,童伝ノ足枷G,
9832,童伝ノ足枷GF,
9833,童伝ノ足枷GX,
9834,Valier Greaves,
9835,Valier F Greaves,
9836,Valier FY Greaves,
9837,Valier HS Greaves,
9838,Valier G Greaves,
9839,Valier GF Greaves,
9840,Valier GX Greaves,
9841,Valier Leggings,
9842,Valier F Leggings,
9843,Valier FY Leggings,
9844,Valier HS Leggings,
9845,Valier G Leggings,
9846,Valier GF Leggings,
9847,Valier GX Leggings,
9848,Lars Greaves,
9849,Lars F Greaves,
9850,Lars FY Greaves,
9851,Lars HS Greaves,
9852,Lars G Greaves,
9853,Lars GF Greaves,
9854,Lars GX Greaves,
9855,Lars Leggings,
9856,Lars F Leggings,
9857,Lars FY Leggings,
9858,Lars HS Leggings,
9859,Lars G Leggings,
9860,Lars GF Leggings,
9861,Lars GX Leggings,
9862,Shirukku Feet,
9863,Shirukku F Feet,
9864,Shirukku FY Feet,
9865,Shirukku HS Feet,
9866,Shirukku G Feet,
9867,Shirukku GF Feet,
9868,Shirukku GX Feet,
9869,Shirukku Boots,
9870,Shirukku F Boots,
9871,Shirukku FY Boots,
9872,Shirukku HS Boots,
9873,Shirukku G Boots,
9874,Shirukku GF Boots,
9875,Shirukku GX Boots,
9876,Norukku Feet,
9877,Norukku F Feet,
9878,Norukku FY Feet,
9879,Norukku HS Feet,
9880,Norukku G Feet,
9881,Norukku GF Feet,
9882,Norukku GX Feet,
9883,Norukku Boots,
9884,Norukku F Boots,
9885,Norukku FY Boots,
9886,Norukku HS Boots,
9887,Norukku G Boots,
9888,Norukku GF Boots,
9889,Norukku GX Boots,
9890,Reiresu G Greaves,
9891,Reiresu GF Greaves,
9892,Reiresu GX Greaves,
9893,Reiresu G Leggings,
9894,Reiresu GF Leggings,
9895,Reiresu GX Leggings,
9896,Saint G Greaves,
9897,Saint GF Greaves,
9898,Saint GX Greaves,
9899,Saint G Leggings,
9900,Saint GF Leggings,
9901,Saint GX Leggings,
9902,ハセル Vol Feet,
9903,ハセル Vol Feet F,
9904,ハセル Vol Feet FZ,
9905,ハセル Vol Feet HS,
9906,ハセル Vol Feet GS,
9907,ハセル Vol Feet GP,
9908,Solflare Feet,
9909,Solflare F Feet,
9910,Solflare FZ Feet,
9911,Solflare HS Feet,
9912,Solflare GS Feet,
9913,Solflare GP Feet,
9914,Solflare Boots,
9915,Solflare F Boots,
9916,Solflare FZ Boots,
9917,Solflare HS Boots,
9918,Solflare GS Boots,
9919,Solflare GP Boots,
9920,Arben Feet,
9921,Arben F Feet,
9922,Arben FZ Feet,
9923,Arben HS Feet,
9924,Arben GS Feet,
9925,Arben GP Feet,
9926,Arben Boots,
9927,Arben F Boots,
9928,Arben FZ Boots,
9929,Arben HS Boots,
9930,Arben GS Boots,
9931,Arben GP Boots,
9932,Keravuno Feet,
9933,Keravuno F Feet,
9934,Keravuno FZ Feet,
9935,Keravuno HS Feet,
9936,Keravuno GS Feet,
9937,Keravuno GP Feet,
9938,Keravuno Boots,
9939,Keravuno F Boots,
9940,Keravuno FZ Boots,
9941,Keravuno HS Boots,
9942,Keravuno GS Boots,
9943,Keravuno GP Boots,
9944,Waka Legs,
9945,Waka Legs F,
9946,Waka Legs FZ,
9947,Waka Legs HS,
9948,Waka Legs GS,
9949,Waka Legs GP,
9950,Waka Greaves,
9951,Waka Greaves F,
9952,Waka Greaves FZ,
9953,Waka Greaves HS,
9954,Waka Greaves GS,
9955,Waka Greaves GP,
9956,Ruko G Feet,
9957,Ruko GF Feet,
9958,Ruko GX Feet,
9959,Ruko G Legs,
9960,Ruko GF Legs,
9961,Ruko GX Legs,
9962,Kirin Gレガース,
9963,Kirin GFレガース,
9964,Kirin GXレガース,
9965,Kirin G Boots,
9966,Kirin GF Boots,
9967,Kirin GX Boots,
9968,Voljang Greaves,
9969,Voljang F Greaves,
9970,Voljang FX Greaves,
9971,Voljang G Greaves,
9972,Voljang GF Greaves,
9973,Voljang GX Greaves,
9974,Voljang Leggings,
9975,Voljang F Leggings,
9976,Voljang FX Leggings,
9977,Voljang G Leggings,
9978,Voljang GF Leggings,
9979,Voljang GX Leggings,
9980,Flame GX Greaves,
9981,Flame GX Leggings,
9982,Furoru GX Leg,
9983,Furoru GX Boots,
9984,Varusa GX Greaves,
9985,Varusa GX Leggings,
9986,Stygian Greaves,
9987,Stygian G Greaves,
9988,Stygian GF Greaves,
9989,Stygian GX Greaves,
9990,Stygian Leggings,
9991,Stygian G Leggings,
9992,Stygian GF Leggings,
9993,Stygian GX Leggings,
9994,Melynx Greaves,
9995,Melynx F Greaves,
9996,Melynx FZ Greaves,
9997,Melynx HS Greaves,
9998,Melynx GS Greaves,
9999,Melynx GP Greaves,
10000,Melynx Feet,
10001,Melynx F Feet,
10002,Melynx FZ Feet,
10003,Melynx HS Feet,
10004,Melynx GS Feet,
10005,Melynx GP Feet,
10006,Felyne Greaves,
10007,Felyne F Greaves,
10008,Felyne FZ Greaves,
10009,Felyne HS Greaves,
10010,Felyne GS Greaves,
10011,Felyne GP Greaves,
10012,Felyne Feet,
10013,Felyne F Feet,
10014,Felyne FZ Feet,
10015,Felyne HS Feet,
10016,Felyne GS Feet,
10017,Felyne GP Feet,
10018,Tabby Greaves,
10019,Tabby F Greaves,
10020,Tabby FZ Greaves,
10021,Tabby HS Greaves,
10022,Tabby GS Greaves,
10023,Tabby GP Greaves,
10024,Tabby Feet,
10025,Tabby F Feet,
10026,Tabby FZ Feet,
10027,Tabby HS Feet,
10028,Tabby GS Feet,
10029,Tabby GP Feet,
10030,Brown Greaves,
10031,Brown F Greaves,
10032,Brown FZ Greaves,
10033,Brown HS Greaves,
10034,Brown GS Greaves,
10035,Brown GP Greaves,
10036,Brown Feet,
10037,Brown F Feet,
10038,Brown FZ Feet,
10039,Brown HS Feet,
10040,Brown GS Feet,
10041,Brown GP Feet,
10042,Calico Greaves,
10043,Calico F Greaves,
10044,Calico FZ Greaves,
10045,Calico HS Greaves,
10046,Calico GS Greaves,
10047,Calico GP Greaves,
10048,Calico Feet,
10049,Calico F Feet,
10050,Calico FZ Feet,
10051,Calico HS Feet,
10052,Calico GS Feet,
10053,Calico GP Feet,
10054,Monotone Greaves,
10055,Monotone F Greaves,
10056,Monotone FZ Greaves,
10057,Monotone HS Greaves,
10058,Monotone GS Greaves,
10059,Monotone GP Greaves,
10060,Monotone Feet,
10061,Monotone F Feet,
10062,Monotone FZ Feet,
10063,Monotone HS Feet,
10064,Monotone GS Feet,
10065,Monotone GP Feet,
10066,Chashiro Greaves,
10067,Chashiro F Greaves,
10068,Chashiro FZ Greaves,
10069,Chashiro HS Greaves,
10070,Chashiro GS Greaves,
10071,Chashiro GP Greaves,
10072,Chashiro Feet,
10073,Chashiro F Feet,
10074,Chashiro FZ Feet,
10075,Chashiro HS Feet,
10076,Chashiro GS Feet,
10077,Chashiro GP Feet,
10078,Two-tone Greaves,
10079,Two-tone F Greaves,
10080,Two-tone FZ Greaves,
10081,Two-tone HS Greaves,
10082,Two-tone GS Greaves,
10083,Two-tone GP Greaves,
10084,Two-tone Feet,
10085,Two-tone F Feet,
10086,Two-tone FZ Feet,
10087,Two-tone HS Feet,
10088,Two-tone GS Feet,
10089,Two-tone GP Feet,
10090,Elegant Feet,
10091,Elegant F Feet,
10092,Elegant FZ Feet,
10093,Elegant HS Feet,
10094,Elegant GS Feet,
10095,Elegant GP Feet,
10096,Elegant Boots,
10097,Elegant F Boots,
10098,Elegant FZ Boots,
10099,Elegant HS Boots,
10100,Elegant GS Boots,
10101,Elegant GP Boots,
10102,Aura Feet,
10103,Aura F Feet,
10104,Aura FZ Feet,
10105,Aura HS Feet,
10106,Aura GS Feet,
10107,Aura GP Feet,
10108,Aura Boots,
10109,Aura F Boots,
10110,Aura FZ Boots,
10111,Aura HS Boots,
10112,Aura GS Boots,
10113,Aura GP Boots,
10114,Wasou Legs,
10115,Wasou Legs F,
10116,Wasou Legs FZ,
10117,Wasou Legs HS,
10118,Wasou Legs GS,
10119,Wasou Legs GP,
10120,Wasou Greaves,
10121,Wasou Greaves F,
10122,Wasou Greaves FZ,
10123,Wasou Greaves HS,
10124,Wasou Greaves GS,
10125,Wasou Greaves GP,
10126,Blue Ice Emperor Feet,
10127,Blue Ice Emperor F Feet,
10128,Blue Ice Emperor FZ Feet,
10129,Blue Ice Emperor HS Feet,
10130,Blue Ice Emperor GS Feet,
10131,Blue Ice Emperor GP Feet,
10132,Blue Ice Emperor Boots,
10133,Blue Ice Emperor F Boots,
10134,Blue Ice Emperor FZ Boots,
10135,Blue Ice Emperor HS Boots,
10136,Blue Ice Emperor GS Boots,
10137,Blue Ice Emperor GP Boots,
10138,White Ice Emperor Feet,
10139,White Ice Emperor F Feet,
10140,White Ice Emperor FZ Feet,
10141,White Ice Emperor HS Feet,
10142,White Ice Emperor GS Feet,
10143,White Ice Emperor GP Feet,
10144,White Ice Emperor Boots,
10145,White Ice Emperor F Boots,
10146,White Ice Emperor FZ Boots,
10147,White Ice Emperor HS Boots,
10148,White Ice Emperor GS Boots,
10149,White Ice Emperor GP Boots,
10150,Red Ice Emperor Feet,
10151,Red Ice Emperor F Feet,
10152,Red Ice Emperor FZ Feet,
10153,Red Ice Emperor HS Feet,
10154,Red Ice Emperor GS Feet,
10155,Red Ice Emperor GP Feet,
10156,Red Ice Emperor Boots,
10157,Red Ice Emperor F Boots,
10158,Red Ice Emperor FZ Boots,
10159,Red Ice Emperor HS Boots,
10160,Red Ice Emperor GS Boots,
10161,Red Ice Emperor GP Boots,
10162,Taruta Feet,
10163,Taruta F Feet,
10164,Taruta FZ Feet,
10165,Taruta HS Feet,
10166,Taruta GS Feet,
10167,Taruta GP Feet,
10168,Taruta Boots,
10169,Taruta F Boots,
10170,Taruta FZ Boots,
10171,Taruta HS Boots,
10172,Taruta GS Boots,
10173,Taruta GP Boots,
10174,Ruruta Feet,
10175,Ruruta F Feet,
10176,Ruruta FZ Feet,
10177,Ruruta HS Feet,
10178,Ruruta GS Feet,
10179,Ruruta GP Feet,
10180,Ruruta Boots,
10181,Ruruta F Boots,
10182,Ruruta FZ Boots,
10183,Ruruta HS Boots,
10184,Ruruta GS Boots,
10185,Ruruta GP Boots,
10186,Kurofi Feet,
10187,Kurofi F Feet,
10188,Kurofi FZ Feet,
10189,Kurofi HS Feet,
10190,Kurofi GS Feet,
10191,Kurofi GP Feet,
10192,Kurofi Boots,
10193,Kurofi F Boots,
10194,Kurofi FZ Boots,
10195,Kurofi HS Boots,
10196,Kurofi GS Boots,
10197,Kurofi GP Boots,
10198,Gudan Feet,
10199,Gudan F Feet,
10200,Gudan FZ Feet,
10201,Gudan HS Feet,
10202,Gudan GS Feet,
10203,Gudan GP Feet,
10204,Chiarim Feet,
10205,Chiarim F Feet,
10206,Chiarim FZ Feet,
10207,Chiarim HS Feet,
10208,Chiarim GS Feet,
10209,Chiarim GP Feet,
10210,Chiarim Boots,
10211,Chiarim F Boots,
10212,Chiarim FZ Boots,
10213,Chiarim HS Boots,
10214,Chiarim GS Boots,
10215,Chiarim GP Boots,
10216,Rohokku Greaves,
10217,Rohokku F Greaves,
10218,Rohokku FY Greaves,
10219,Rohokku HS Greaves,
10220,Rohokku G Greaves,
10221,Rohokku GF Greaves,
10222,Rohokku GX Greaves,
10223,Rohokku Leggings,
10224,Rohokku F Leggings,
10225,Rohokku FY Leggings,
10226,Rohokku HS Leggings,
10227,Rohokku G Leggings,
10228,Rohokku GF Leggings,
10229,Rohokku GX Leggings,
10230,Cure Greaves,
10231,Cure F Greaves,
10232,Cure FY Greaves,
10233,Cure HS Greaves,
10234,Cure G Greaves,
10235,Cure GF Greaves,
10236,Cure GX Greaves,
10237,Cure Leggings,
10238,Cure F Leggings,
10239,Cure FY Leggings,
10240,Cure HS Leggings,
10241,Cure G Leggings,
10242,Cure GF Leggings,
10243,Cure GX Leggings,
10244,鬼凛ノ足枷G,
10245,鬼凛ノ足枷GF,
10246,鬼凛ノ足枷GX,
10247,童凛ノ足枷G,
10248,童凛ノ足枷GF,
10249,童凛ノ足枷GX,
10250,Eguiene Greaves,
10251,Eguiene F Greaves,
10252,Eguiene FY Greaves,
10253,Eguiene HS Greaves,
10254,Eguiene G Greaves,
10255,Eguiene GF Greaves,
10256,Eguiene GX Greaves,
10257,Eguiene Leggings,
10258,Eguiene F Leggings,
10259,Eguiene FY Leggings,
10260,Eguiene HS Leggings,
10261,Eguiene G Leggings,
10262,Eguiene GF Leggings,
10263,Eguiene GX Leggings,
10264,Vakusu Greaves,
10265,Vakusu F Greaves,
10266,Vakusu FY Greaves,
10267,Vakusu HS Greaves,
10268,Vakusu G Greaves,
10269,Vakusu GF Greaves,
10270,Vakusu GX Greaves,
10271,Vakusu Leggings,
10272,Vakusu F Leggings,
10273,Vakusu FY Leggings,
10274,Vakusu HS Leggings,
10275,Vakusu G Leggings,
10276,Vakusu GF Leggings,
10277,Vakusu GX Leggings,
10278,Nympha Greaves,
10279,Chloe Greaves,
10280,Espinas Z Heel,
10281,Espinas ZF Heel,
10282,Espinas ZY Heel,
10283,Espinas ZX Heel,
10284,Espinas Z March,
10285,Espinas ZF March,
10286,Espinas ZY March,
10287,Espinas ZX March,
10288,Hypnoc Z Greaves,
10289,Hypnoc ZF Greaves,
10290,Hypnoc ZY Greaves,
10291,Hypnoc ZX Greaves,
10292,Hypnoc Z Leggings,
10293,Hypnoc ZF Leggings,
10294,Hypnoc ZY Leggings,
10295,Hypnoc ZX Leggings,
10296,Khezu Z Greaves,
10297,Khezu ZF Greaves,
10298,Khezu ZY Greaves,
10299,Khezu ZX Greaves,
10300,Khezu Z Leggings,
10301,Khezu ZF Leggings,
10302,Khezu ZY Leggings,
10303,Khezu ZX Leggings,
10304,Hermitaur Z Greaves,
10305,Hermitaur ZF Greaves,
10306,Hermitaur ZY Greaves,
10307,Hermitaur ZX Greaves,
10308,Hermitaur Z Leggings,
10309,Hermitaur ZF Leggings,
10310,Hermitaur ZY Leggings,
10311,Hermitaur ZX Leggings,
10312,Dios Feet,
10313,Dios F Feet,
10314,Dios FZ Feet,
10315,Dios HS Feet,
10316,Dios GS Feet,
10317,Dios GP Feet,
10318,Dios ZP Feet,
10319,Dios Boots,
10320,Dios F Boots,
10321,Dios FZ Boots,
10322,Dios HS Boots,
10323,Dios GS Boots,
10324,Dios GP Boots,
10325,Dios ZP Boots,
10326,Evol Feet・White,
10327,Evol F Feet・White,
10328,Evol FZ Feet・White,
10329,Evol HS Feet・White,
10330,Evol GS Feet・White,
10331,Evol GP Feet・White,
10332,Evol ZP Feet・White,
10333,Evol Boots・White,
10334,Evol F Boots・White,
10335,Evol FZ Boots・White,
10336,Evol HS Boots・White,
10337,Evol GS Boots・White,
10338,Evol GP Boots・White,
10339,Evol ZP Boots・White,
10340,Evol Feet・Red,
10341,Evol F Feet・Red,
10342,Evol FZ Feet・Red,
10343,Evol HS Feet・Red,
10344,Evol GS Feet・Red,
10345,Evol GP Feet・Red,
10346,Evol ZP Feet・Red,
10347,Evol Boots・Red,
10348,Evol F Boots・Red,
10349,Evol FZ Boots・Red,
10350,Evol HS Boots・Red,
10351,Evol GS Boots・Red,
10352,Evol GP Boots・Red,
10353,Evol ZP Boots・Red,
10354,Evol Feet・Blue,
10355,Evol F Feet・Blue,
10356,Evol FZ Feet・Blue,
10357,Evol HS Feet・Blue,
10358,Evol GS Feet・Blue,
10359,Evol GP Feet・Blue,
10360,Evol ZP Feet・Blue,
10361,Evol Boots・Blue,
10362,Evol F Boots・Blue,
10363,Evol FZ Boots・Blue,
10364,Evol HS Boots・Blue,
10365,Evol GS Boots・Blue,
10366,Evol GP Boots・Blue,
10367,Evol ZP Boots・Blue,
10368,Evol Feet・Purple,
10369,Evol F Feet・Purple,
10370,Evol FZ Feet・Purple,
10371,Evol HS Feet・Purple,
10372,Evol GS Feet・Purple,
10373,Evol GP Feet・Purple,
10374,Evol ZP Feet・Purple,
10375,Evol Boots・Purple,
10376,Evol F Boots・Purple,
10377,Evol FZ Boots・Purple,
10378,Evol HS Boots・Purple,
10379,Evol GS Boots・Purple,
10380,Evol GP Boots・Purple,
10381,Evol ZP Boots・Purple,
10382,Sakufi Feet,
10383,Sakufi F Feet,
10384,Sakufi FZ Feet,
10385,Sakufi HS Feet,
10386,Sakufi GS Feet,
10387,Sakufi GP Feet,
10388,Sakufi ZP Feet,
10389,Sakufi Boots,
10390,Sakufi F Boots,
10391,Sakufi FZ Boots,
10392,Sakufi HS Boots,
10393,Sakufi GS Boots,
10394,Sakufi GP Boots,
10395,Sakufi ZP Boots,
10396,Asumo Feet,
10397,Asumo F Feet,
10398,Asumo FZ Feet,
10399,Asumo HS Feet,
10400,Asumo GS Feet,
10401,Asumo GP Feet,
10402,Asumo ZP Feet,
10403,Asumo Boots,
10404,Asumo F Boots,
10405,Asumo FZ Boots,
10406,Asumo HS Boots,
10407,Asumo GS Boots,
10408,Asumo GP Boots,
10409,Asumo ZP Boots,
10410,Carrol C Feet,
10411,Zyra C Feet,
10412,Loose C Leg,
10413,Asteli ZP Feet・White,
10414,Asteli ZP Boots・White,
10415,Asteli ZP Feet・Blue,
10416,Asteli ZP Boots・Blue,
10417,Asteli ZP Feet・Red,
10418,Asteli ZP Boots・Red,
10419,Asteli ZP Feet・Black,
10420,Asteli ZP Boots・Black,
10421,Lien ZP Feet・Blue,
10422,Lien ZP Boots・Blue,
10423,Lien ZP Feet・Red,
10424,Lien ZP Boots・Red,
10425,Lien ZP Feet・Black,
10426,Lien ZP Boots・Black,
10427,Lien ZP Feet・White,
10428,Lien ZP Boots・White,
10429,Carrol ZP Feet・Black,
10430,Carrol ZP Boots・Black,
10431,Carrol ZP Feet・Blue,
10432,Carrol ZP Boots・Blue,
10433,Carrol ZP Feet・White,
10434,Carrol ZP Boots・White,
10435,Carrol ZP Feet・Red,
10436,Carrol ZP Boots・Red,
10437,ブリゼ Greaves,
10438,ブリゼF Greaves,
10439,ブリゼFY Greaves,
10440,ブリゼHS Greaves,
10441,ブリゼG Greaves,
10442,ブリゼGF Greaves,
10443,ブリゼGX Greaves,
10444,ブリゼ Leggings,
10445,ブリゼF Leggings,
10446,ブリゼFY Leggings,
10447,ブリゼHS Leggings,
10448,ブリゼG Leggings,
10449,ブリゼGF Leggings,
10450,ブリゼGX Leggings,
10451,Higakure C Greaves,
10452,Harokyu D Feet,
10453,Evol D Feet・White,
10454,Evol D Feet・Red,
10455,Evol D Feet・Blue,
10456,Evol D Feet・Purple,
10457,狩衛部隊 Feet・男,
10458,狩衛部隊 Feet・女,
10459,Blue Ice Emperor ZP Feet,
10460,Blue Ice Emperor ZP Boots,
10461,White Ice Emperor ZP Feet,
10462,White Ice Emperor ZP Boots,
10463,Red Ice Emperor ZP Feet,
10464,Red Ice Emperor ZP Boots,
10465,Wander Feet・Blue,
10466,Wander F Feet・Blue,
10467,Wander FZ Feet・Blue,
10468,Wander HS Feet・Blue,
10469,Wander GS Feet・Blue,
10470,Wander GP Feet・Blue,
10471,Wander ZP Feet・Blue,
10472,Wander Boots・Blue,
10473,Wander F Boots・Blue,
10474,Wander FZ Boots・Blue,
10475,Wander HS Boots・Blue,
10476,Wander GS Boots・Blue,
10477,Wander GP Boots・Blue,
10478,Wander ZP Boots・Blue,
10479,Wander Feet・Red,
10480,Wander F Feet・Red,
10481,Wander FZ Feet・Red,
10482,Wander HS Feet・Red,
10483,Wander GS Feet・Red,
10484,Wander GP Feet・Red,
10485,Wander ZP Feet・Red,
10486,Wander Boots・Red,
10487,Wander F Boots・Red,
10488,Wander FZ Boots・Red,
10489,Wander HS Boots・Red,
10490,Wander GS Boots・Red,
10491,Wander GP Boots・Red,
10492,Wander ZP Boots・Red,
10493,Wander Feet・White,
10494,Wander F Feet・White,
10495,Wander FZ Feet・White,
10496,Wander HS Feet・White,
10497,Wander GS Feet・White,
10498,Wander GP Feet・White,
10499,Wander ZP Feet・White,
10500,Wander Boots・White,
10501,Wander F Boots・White,
10502,Wander FZ Boots・White,
10503,Wander HS Boots・White,
10504,Wander GS Boots・White,
10505,Wander GP Boots・White,
10506,Wander ZP Boots・White,
10507,Wander Feet・Black,
10508,Wander F Feet・Black,
10509,Wander FZ Feet・Black,
10510,Wander HS Feet・Black,
10511,Wander GS Feet・Black,
10512,Wander GP Feet・Black,
10513,Wander ZP Feet・Black,
10514,Wander Boots・Black,
10515,Wander F Boots・Black,
10516,Wander FZ Boots・Black,
10517,Wander HS Boots・Black,
10518,Wander GS Boots・Black,
10519,Wander GP Boots・Black,
10520,Wander ZP Boots・Black,
10521,Gore Greaves,
10522,Gore G Greaves,
10523,Gore GF Greaves,
10524,Gore GX Greaves,
10525,Gore Leggings,
10526,Gore G Leggings,
10527,Gore GF Leggings,
10528,Gore GX Leggings,
10529,Zena G Greaves,
10530,Zena GF Greaves,
10531,Zena GX Greaves,
10532,Zena G Leggings,
10533,Zena GF Leggings,
10534,Zena GX Leggings,
10535,Rathalos Z Greaves,
10536,Rathalos ZF Greaves,
10537,Rathalos ZY Greaves,
10538,Rathalos ZX Greaves,
10539,Rathalos Z Leggings,
10540,Rathalos ZF Leggings,
10541,Rathalos ZY Leggings,
10542,Rathalos ZX Leggings,
10543,Blango Z Greaves,
10544,Blango ZF Greaves,
10545,Blango ZY Greaves,
10546,Blango ZX Greaves,
10547,Blango Z Leggings,
10548,Blango ZF Leggings,
10549,Blango ZY Leggings,
10550,Blango ZX Leggings,
10551,Muruta Feet,
10552,Muruta F Feet,
10553,Muruta FZ Feet,
10554,Muruta HS Feet,
10555,Muruta GS Feet,
10556,Muruta GP Feet,
10557,Muruta ZP Feet,
10558,Muruta Boots,
10559,Muruta F Boots,
10560,Muruta FZ Boots,
10561,Muruta HS Boots,
10562,Muruta GS Boots,
10563,Muruta GP Boots,
10564,Muruta ZP Boots,
10565,Howla Feet,
10566,Howla F Feet,
10567,Howla FZ Feet,
10568,Howla HS Feet,
10569,Howla GS Feet,
10570,Howla GP Feet,
10571,Howla ZP Feet,
10572,Howla Boots,
10573,Howla F Boots,
10574,Howla FZ Boots,
10575,Howla HS Boots,
10576,Howla GS Boots,
10577,Howla GP Boots,
10578,Howla ZP Boots,
10579,Panse Feet,
10580,Panse F Feet,
10581,Panse FZ Feet,
10582,Panse HS Feet,
10583,Panse GS Feet,
10584,Panse GP Feet,
10585,Panse ZP Feet,
10586,Panse Boots,
10587,Panse F Boots,
10588,Panse FZ Boots,
10589,Panse HS Boots,
10590,Panse GS Boots,
10591,Panse GP Boots,
10592,Panse ZP Boots,
10593,Marriage Feet,
10594,Marriage F Feet,
10595,Marriage FZ Feet,
10596,Marriage HS Feet,
10597,Marriage GS Feet,
10598,Marriage GP Feet,
10599,Marriage ZP Feet,
10600,Marriage Boots,
10601,Marriage F Boots,
10602,Marriage FZ Boots,
10603,Marriage HS Boots,
10604,Marriage GS Boots,
10605,Marriage GP Boots,
10606,Marriage ZP Boots,
10607,Yukine Feet,
10608,Yukine F Feet,
10609,Yukine FZ Feet,
10610,Yukine HS Feet,
10611,Yukine GS Feet,
10612,Yukine GP Feet,
10613,Yukine ZP Feet,
10614,Yukine Boots,
10615,Yukine F Boots,
10616,Yukine FZ Boots,
10617,Yukine HS Boots,
10618,Yukine GS Boots,
10619,Yukine GP Boots,
10620,Yukine ZP Boots,
10621,Snow Miku Feet,
10622,Snow Miku F Feet,
10623,Snow Miku FZ Feet,
10624,Snow Miku HS Feet,
10625,Snow Miku GS Feet,
10626,Snow Miku GP Feet,
10627,Snow Miku ZP Feet,
10628,Snow Miku Boots,
10629,Snow Miku F Boots,
10630,Snow Miku FZ Boots,
10631,Snow Miku HS Boots,
10632,Snow Miku GS Boots,
10633,Snow Miku GP Boots,
10634,Snow Miku ZP Boots,
10635,Miku ZP Feet,
10636,Miku ZP Boots,
10637,Oyun ZP Greaves・Blue,
10638,Oyun ZP Leggings・Blue,
10639,Oyun ZP Greaves・Red,
10640,Oyun ZP Leggings・Red,
10641,Oyun ZP Greaves・Black,
10642,Oyun ZP Leggings・Black,
10643,Oyun ZP Greaves・White,
10644,Oyun ZP Leggings・White,
10645,Demonclad ノ足枷G,
10646,Demonclad ノ足枷GF,
10647,Demonclad ノ足枷GX,
10648,Youthclad ノ足枷G,
10649,Youthclad ノ足枷GF,
10650,Youthclad ノ足枷GX,
10651,Rave Feet,
10652,Rave F Feet,
10653,Rave FY Feet,
10654,Rave HS Feet,
10655,Rave G Feet,
10656,Rave GF Feet,
10657,Rave GX Feet,
10658,Rave Boots,
10659,Rave F Boots,
10660,Rave FY Boots,
10661,Rave HS Boots,
10662,Rave G Boots,
10663,Rave GF Boots,
10664,Rave GX Boots,
10665,Wander D Feet・Blue,
10666,Wander D Feet・Red,
10667,Wander D Feet・White,
10668,Wander D Feet・Black,
10669,Blue Ice Emperor D Feet,
10670,White Ice Emperor D Feet,
10671,Red Ice Emperor D Feet,
10672,Rance C Greaves,
10673,Santa D Feet,
10674,Anteka D Feet,
10675,Chiarim ZP Feet,
10676,Chiarim ZP Boots,
10677,Katante Z Greaves,
10678,Katante ZF Greaves,
10679,Katante ZY Greaves,
10680,Katante ZX Greaves,
10681,Katante Z Leggings,
10682,Katante ZF Leggings,
10683,Katante ZY Leggings,
10684,Katante ZX Leggings,
10685,Sakufi D Feet,
10686,Asumo D Feet,
10687,Dios D Feet,
10688,Asteli D Feet・White,
10689,Asteli D Feet・Blue,
10690,Asteli D Feet・Red,
10691,Asteli D Feet・Black,
10692,Lien D Feet・Blue,
10693,Lien D Feet・Red,
10694,Lien D Feet・Black,
10695,Lien D Feet・White,
10696,Lien D Feet・Crimson,
10697,Lien D Feet・藍,
10698,Lien D Feet・Peach,
10699,Carrol D Feet・Black,
10700,Carrol D Feet・Blue,
10701,Carrol D Feet・White,
10702,Carrol D Feet・Red,
10703,Carrol D Feet・Peach,
10704,Gothic D Greaves,
10705,Kirin Dレガース,
10706,Farunokku D Greaves,
10707,Farunokku D Leggings,
10708,Pokara D Greaves,
10709,Pokara D Leggings,
10710,Genesis D [Greaves 】,
10711,Motion D [Greaves 】,
10712,Lightning D [Greaves 】,
10713,Thunder D [Greaves 】,
10714,Toridcless D Greaves,
10715,Toridcless D Leggings,
10716,Guan D Greaves,
10717,Guan D Leggings,
10718,Varusa D Greaves,
10719,Varusa D Leggings,
10720,Toa D Greaves,
10721,Toa D Leggings,
10722,Blitz Dレガース,
10723,Stroma D Greaves,
10724,Stroma D Leggings,
10725,Inagami D【具足】,
10726,Inagami D【具足】,
10727,Altera D Greaves,
10728,Altera D Leggings,
10729,Pobo D Greaves,
10730,Pobo D Leggings,
10731,Zinogre C Greaves,
10732,Zinogre C Leggings,
10733,Hornetaur UD Greaves,
10734,Hornetaur UD Leggings,
10735,Rathalos D Greaves,
10736,Rathalos D Leggings,
10737,Gogomoa D Greaves,
10738,Gogomoa D Leggings,
10739,Azul D Greaves,
10740,Azul D Leggings,
10741,Harvest D Boots,
10742,Harvest D Leggings,
10743,Melan D Greaves,
10744,Melan D Leggings,
10745,Diru D Greaves,
10746,Diru D Leggings,
10747,Tandress D Feet,
10748,Tandress D Boots,
10749,Rance D Greaves,
10750,Rance D Leggings,
10751,Ganeto D Greaves,
10752,Ganeto D Leggings,
10753,Chiru D Greaves,
10754,Chiru D Leggings,
10755,Shiusu D Greaves,
10756,Shiusu D Leggings,
10757,Once D Greaves・無,
10758,Pale Sakura D【 Hakama 】,
10759,Pelegri Feet,
10760,Pelegri F Feet,
10761,Pelegri FZ Feet,
10762,Pelegri HS Feet,
10763,Pelegri GS Feet,
10764,Pelegri GP Feet,
10765,Pelegri ZP Feet,
10766,Pelegri Boots,
10767,Pelegri F Boots,
10768,Pelegri FZ Boots,
10769,Pelegri HS Boots,
10770,Pelegri GS Boots,
10771,Pelegri GP Boots,
10772,Pelegri ZP Boots,
10773,Melynx ZP Greaves,
10774,Melynx ZP Feet,
10775,Felyne ZP Greaves,
10776,Felyne ZP Feet,
10777,Tabby ZP Greaves,
10778,Tabby ZP Feet,
10779,Brown ZP Greaves,
10780,Brown ZP Feet,
10781,Calico ZP Greaves,
10782,Calico ZP Feet,
10783,Monotone ZP Greaves,
10784,Monotone ZP Feet,
10785,Chashiro ZP Greaves,
10786,Chashiro ZP Feet,
10787,Two-tone ZP Greaves,
10788,Two-tone ZP Feet,
10789,Wasou Legs ZP,
10790,Wasou Greaves ZP,
10791,Howla D Feet,
10792,Panse D Feet,
10793,Marriage D Feet,
10794,Yukine D Feet,
10795,Snow Miku D Feet,
10796,Miku D Feet,
10797,Wasou Legs D,
10798,Melynx D Greaves,
10799,Felyne D Greaves,
10800,Tabby D Greaves,
10801,Brown D Greaves,
10802,Calico D Greaves,
10803,Monotone D Greaves,
10804,Chashiro D Greaves,
10805,Two-tone D Greaves,
10806,King Beetle D Crura,
10807,Butterfly D Crura,
10808,Demon Lord ノ足枷D,
10809,Demon Tale ノ足枷D,
10810,鬼凛ノ足枷D,
10811,Empress C Greaves,
10812,Empress C Leggings,
10813,Kaiser C Greaves,
10814,Kaiser C Leggings,
10815,Dragon D Feet,
10816,Dragon D Legs,
10817,Nargacuga C Greaves,
10818,Nargacuga C Leggings,
10819,Burning Cliff GX [Hakama 】,
10820,Crimson Cliff GX [Hakama 】,
10821,Vashimu Z Greaves,
10822,Vashimu ZF Greaves,
10823,Vashimu ZY Greaves,
10824,Vashimu ZX Greaves,
10825,Vashimu Z Leggings,
10826,Vashimu ZF Leggings,
10827,Vashimu ZY Leggings,
10828,Vashimu ZX Leggings,
10829,Tigrex Z Greaves,
10830,Tigrex ZF Greaves,
10831,Tigrex ZY Greaves,
10832,Tigrex ZX Greaves,
10833,Tigrex Z Leggings,
10834,Tigrex ZF Leggings,
10835,Tigrex ZY Leggings,
10836,Tigrex ZX Leggings,
10837,Adel Feet,
10838,Adel F Feet,
10839,Adel FZ Feet,
10840,Adel HS Feet,
10841,Adel GS Feet,
10842,Adel GP Feet,
10843,Adel ZP Feet,
10844,Adel Boots,
10845,Adel F Boots,
10846,Adel FZ Boots,
10847,Adel HS Boots,
10848,Adel GS Boots,
10849,Adel GP Boots,
10850,Adel ZP Boots,
10851,Rocbouquet Feet,
10852,Rocbouquet F Feet,
10853,Rocbouquet FZ Feet,
10854,Rocbouquet HS Feet,
10855,Rocbouquet GS Feet,
10856,Rocbouquet GP Feet,
10857,Rocbouquet ZP Feet,
10858,Rocbouquet Boots,
10859,Rocbouquet F Boots,
10860,Rocbouquet FZ Boots,
10861,Rocbouquet HS Boots,
10862,Rocbouquet GS Boots,
10863,Rocbouquet GP Boots,
10864,Rocbouquet ZP Boots,
10865,Alkaiser Feet,
10866,Alkaiser F Feet,
10867,Alkaiser FZ Feet,
10868,Alkaiser HS Feet,
10869,Alkaiser GS Feet,
10870,Alkaiser GP Feet,
10871,Alkaiser ZP Feet,
10872,Alkaiser Boots,
10873,Alkaiser F Boots,
10874,Alkaiser FZ Boots,
10875,Alkaiser HS Boots,
10876,Alkaiser GS Boots,
10877,Alkaiser GP Boots,
10878,Alkaiser ZP Boots,
10879,Claudia Feet,
10880,Claudia F Feet,
10881,Claudia FZ Feet,
10882,Claudia HS Feet,
10883,Claudia GS Feet,
10884,Claudia GP Feet,
10885,Claudia ZP Feet,
10886,Claudia Boots,
10887,Claudia F Boots,
10888,Claudia FZ Boots,
10889,Claudia HS Boots,
10890,Claudia GS Boots,
10891,Claudia GP Boots,
10892,Claudia ZP Boots,
10893,Hesyumu Feet,
10894,Hesyumu F Feet,
10895,Hesyumu FZ Feet,
10896,Hesyumu HS Feet,
10897,Hesyumu GS Feet,
10898,Hesyumu GP Feet,
10899,Hesyumu ZP Feet,
10900,Hesyumu Boots,
10901,Hesyumu F Boots,
10902,Hesyumu FZ Boots,
10903,Hesyumu HS Boots,
10904,Hesyumu GS Boots,
10905,Hesyumu GP Boots,
10906,Hesyumu ZP Boots,
10907,Kasamie Feet,
10908,Kasamie F Feet,
10909,Kasamie FZ Feet,
10910,Kasamie HS Feet,
10911,Kasamie GS Feet,
10912,Kasamie GP Feet,
10913,Kasamie ZP Feet,
10914,Kasamie Boots,
10915,Kasamie F Boots,
10916,Kasamie FZ Boots,
10917,Kasamie HS Boots,
10918,Kasamie GS Boots,
10919,Kasamie GP Boots,
10920,Kasamie ZP Boots,
10921,Cielo ZP Feet,
10922,Cielo ZP Boots,
10923,Vichi ZP Feet,
10924,Vichi ZP Boots,
10925,Lapine ZP Feet,
10926,Lapine ZP Boots,
10927,Beil ZP Divider,
10928,Pashio Greaves,
10929,Pashio F Greaves,
10930,Pashio FY Greaves,
10931,Pashio HS Greaves,
10932,Pashio G Greaves,
10933,Pashio GF Greaves,
10934,Pashio GX Greaves,
10935,Pashio Leggings,
10936,Pashio F Leggings,
10937,Pashio FY Leggings,
10938,Pashio HS Leggings,
10939,Pashio G Leggings,
10940,Pashio GF Leggings,
10941,Pashio GX Leggings,
10942,Harudo D Greaves,
10943,Harudo D Leggings,
10944,Elegance D [Greaves 】,
10945,Grace D [Greaves 】,
10946,Meraginasu D Greaves,
10947,Meraginasu D Leggings,
10948,Hesyumu D Feet,
10949,Kasamie D Feet,
10950,Cielo D Feet,
10951,Vichi D Feet,
10952,Adel D Feet,
10953,Rocbouquet D Feet,
10954,Alkaiser D Feet,
10955,Claudia D Feet,
10956,Kinosu D Greaves,
10957,Himeros D Greaves,
10958,Charien D Leggings,
10959,Arietta D Leg,
10960,Craft D Boots,
10961,Shieri D Greaves,
10962,Pupen D Greaves,
10963,Moss Covered D Greaves,
10964,Excelle D Greaves,
10965,Ordre D Greaves,
10966,Rath Duo D Greaves,
10967,Atra D Greaves,
10968,Madaru D Greaves,
10969,Shasse D Greaves,
10970,Orchesis D Greaves,
10971,Blize D Greaves,
10972,Quoiz D Feet,
10973,Kalais D Feet,
10974,Lucchese D Feet,
10975,Entora D Greaves,
10976,YoRHa No.9 Type S Feet,
10977,YoRHa No.9 Type S F Feet,
10978,YoRHa No.9 Type S FZ Feet,
10979,YoRHa No.9 Type S HS Feet,
10980,YoRHa No.9 Type S GS Feet,
10981,YoRHa No.9 Type S GP Feet,
10982,YoRHa No.9 Type S ZP Feet,
10983,YoRHa No.9 Type S Boots,
10984,YoRHa No.9 Type S F Boots,
10985,YoRHa No.9 Type S FZ Boots,
10986,YoRHa No.9 Type S HS Boots,
10987,YoRHa No.9 Type S GS Boots,
10988,YoRHa No.9 Type S GP Boots,
10989,YoRHa No.9 Type S ZP Boots,
10990,YoRHa No.2 Type B Feet,
10991,YoRHa No.2 Type B F Feet,
10992,YoRHa No.2 Type B FZ Feet,
10993,YoRHa No.2 Type B HS Feet,
10994,YoRHa No.2 Type B GS Feet,
10995,YoRHa No.2 Type B GP Feet,
10996,YoRHa No.2 Type B ZP Feet,
10997,YoRHa No.2 Type B Boots,
10998,YoRHa No.2 Type B F Boots,
10999,YoRHa No.2 Type B FZ Boots,
11000,YoRHa No.2 Type B HS Boots,
11001,YoRHa No.2 Type B GS Boots,
11002,YoRHa No.2 Type B GP Boots,
11003,YoRHa No.2 Type B ZP Boots,
11004,Shagaru Greaves,
11005,Shagaru G Greaves,
11006,Shagaru GF Greaves,
11007,Shagaru GX Greaves,
11008,Shagaru Leggings,
11009,Shagaru G Leggings,
11010,Shagaru GF Leggings,
11011,Shagaru GX Leggings,
11012,Hyujikiki Z Greaves,
11013,Hyujikiki ZF Greaves,
11014,Hyujikiki ZY Greaves,
11015,Hyujikiki ZX Greaves,
11016,Hyujikiki Z Leggings,
11017,Hyujikiki ZF Leggings,
11018,Hyujikiki ZY Leggings,
11019,Hyujikiki ZX Leggings,
11020,Gear Z Greaves,
11021,Gear ZF Greaves,
11022,Gear ZY Greaves,
11023,Gear ZX Greaves,
11024,Gear Z Leggings,
11025,Gear ZF Leggings,
11026,Gear ZY Leggings,
11027,Gear ZX Leggings,
11028,Rokka Feet,
11029,Rokka F Feet,
11030,Rokka FZ Feet,
11031,Rokka HS Feet,
11032,Rokka GS Feet,
11033,Rokka GP Feet,
11034,Rokka ZP Feet,
11035,Rokka Boots,
11036,Rokka F Boots,
11037,Rokka FZ Boots,
11038,Rokka HS Boots,
11039,Rokka GS Boots,
11040,Rokka GP Boots,
11041,Rokka ZP Boots,
11042,Penre Feet,
11043,Penre F Feet,
11044,Penre FZ Feet,
11045,Penre HS Feet,
11046,Penre GS Feet,
11047,Penre GP Feet,
11048,Penre ZP Feet,
11049,Penre Boots,
11050,Penre F Boots,
11051,Penre FZ Boots,
11052,Penre HS Boots,
11053,Penre GS Boots,
11054,Penre GP Boots,
11055,Penre ZP Boots,
11056,Akahara Reisou BM Legs ZP Red,
11057,Akahara Reisou GN Legs ZP Red,
11058,Akahara Reisou BM Legs ZP Blue,
11059,Akahara Reisou GN Legs ZP Blue,
11060,Akahara Reisou BM Legs ZP Black,
11061,Akahara Reisou GN Legs ZP Black,
11062,Akahara Reisou BM Legs ZP White,
11063,Akahara Reisou GN Legs ZP White,
11064,Knight King Legs BM ZP Blue,
11065,Knight King Legs GN ZP Blue,
11066,Knight King Legs BM ZP Red,
11067,Knight King Legs GN ZP Red,
11068,Knight King Legs BM ZP Black,
11069,Knight King Legs GN ZP Black,
11070,Knight King Legs BM ZP White,
11071,Knight King Legs GN ZP White,
11072,Hero King Legs BM ZP Gold,
11073,Hero King Legs GN ZP Gold,
11074,Hero King Legs BM ZP Black,
11075,Hero King Legs GN ZP Black,
11076,Hero King Legs BM ZP White,
11077,Hero King Legs GN ZP White,
11078,Hero King Legs BM ZP Red,
11079,Hero King Legs GN ZP Red,
11080,Gorgon ZP Feet・Black,
11081,Gorgon ZP Boots・Black,
11082,Gorgon ZP Feet・Blue,
11083,Gorgon ZP Boots・Blue,
11084,Gorgon ZP Feet・White,
11085,Gorgon ZP Boots・White,
11086,Gorgon ZP Feet・Red,
11087,Gorgon ZP Boots・Red,
11088,Arben ZP Feet,
11089,Arben ZP Boots,
11090,Aura ZP Feet,
11091,Aura ZP Boots,
11092,Gagachu ZP Feet,
11093,Gagachu ZP Boots,
11094,Kurofi ZP Feet,
11095,Kurofi ZP Boots,
11096,Keravuno ZP Feet,
11097,Keravuno ZP Boots,
11098,Rikante Z Greaves,
11099,Rikante ZF Greaves,
11100,Rikante ZY Greaves,
11101,Rikante ZX Greaves,
11102,Rikante Z Leggings,
11103,Rikante ZF Leggings,
11104,Rikante ZY Leggings,
11105,Rikante ZX Leggings,
11106,Chatore G Greaves,
11107,Chatore GF Greaves,
11108,Chatore GX Greaves,
11109,Chatore G Leggings,
11110,Chatore GF Leggings,
11111,Chatore GX Leggings,
11112,Donru GX Greaves,
11113,Donru GX Leggings,
11114,Penre D Feet,
11115,Rokka D Feet,
11116,YoRHa No.9 Type S D Feet,
11117,YoRHa No.2 Type B D Feet,
11118,トリートC Greaves,
11119,Craft C Boots,
11120,Cielo C Feet,
11121,Felyne C Greaves,
11122,Akahara Reisou GN Legs D Red,
11123,Akahara Reisou GN Legs D Blue,
11124,Akahara Reisou GN Legs D Black,
11125,Akahara Reisou GN Legs D White,
11126,Knight King Legs BM D Blue,
11127,Knight King Legs BM D Red,
11128,Knight King Legs BM D Black,
11129,Knight King Legs BM D White,
11130,Hero King Legs BM D Gold,
11131,Hero King Legs BM D Black,
11132,Hero King Legs BM D White,
11133,Hero King Legs BM D Red,
11134,Gorgon D Feet・Black,
11135,Gorgon D Feet・Blue,
11136,Gorgon D Feet・White,
11137,Gorgon D Feet・Red,
11138,Arben D Feet,
11139,Aura D Feet,
11140,Gagachu D Feet,
11141,Kurofi D Feet,
11142,Keravuno D Feet,
11143,Espinas ZD Heel,
11144,Espinas ZD March,
11145,Hypnoc ZD Greaves,
11146,Hypnoc ZD Leggings,
11147,Khezu ZD Greaves,
11148,Khezu ZD Leggings,
11149,Hermitaur ZD Greaves,
11150,Hermitaur ZD Leggings,
11151,Rathalos ZD Greaves,
11152,Rathalos ZD Leggings,
11153,Blango ZD Greaves,
11154,Blango ZD Leggings,
11155,Vashimu ZD Greaves,
11156,Vashimu ZD Leggings,
11157,Tigrex ZD Greaves,
11158,Tigrex ZD Leggings,
11159,Hyujikiki ZD Greaves,
11160,Hyujikiki ZD Leggings,
11161,Gear ZD Greaves,
11162,Gear ZD Leggings,
11163,Muruta D Feet,
11164,Midogaron Z Greaves,
11165,Midogaron ZF Greaves,
11166,Midogaron ZY Greaves,
11167,Midogaron ZX Greaves,
11168,Midogaron Z Leggings,
11169,Midogaron ZF Leggings,
11170,Midogaron ZY Leggings,
11171,Midogaron ZX Leggings,
11172,White Fatalis GX Feet,
11173,White Fatalis GX Legs,
11174,Elzelion G Greaves,
11175,Elzelion GF Greaves,
11176,Elzelion GX Greaves,
11177,Elzelion G Leggings,
11178,Elzelion GF Leggings,
11179,Elzelion GX Leggings,
11180,Zakka Feet,
11181,Zakka F Feet,
11182,Zakka FZ Feet,
11183,Zakka HS Feet,
11184,Zakka GS Feet,
11185,Zakka GP Feet,
11186,Zakka ZP Feet,
11187,Zakka Boots,
11188,Zakka F Boots,
11189,Zakka FZ Boots,
11190,Zakka HS Boots,
11191,Zakka GS Boots,
11192,Zakka GP Boots,
11193,Zakka ZP Boots,
11194,Sword Hero Feet,
11195,Sword Hero F Feet,
11196,Sword Hero FZ Feet,
11197,Sword Hero HS Feet,
11198,Sword Hero GS Feet,
11199,Sword Hero GP Feet,
11200,Sword Hero ZP Feet,
11201,Twin Star Feet,
11202,Twin Star F Feet,
11203,Twin Star FZ Feet,
11204,Twin Star HS Feet,
11205,Twin Star GS Feet,
11206,Twin Star GP Feet,
11207,Twin Star ZP Feet,
11208,Heaven Blade Feet,
11209,Heaven Blade F Feet,
11210,Heaven Blade FZ Feet,
11211,Heaven Blade HS Feet,
11212,Heaven Blade GS Feet,
11213,Heaven Blade GP Feet,
11214,Heaven Blade ZP Feet,
11215,Spring Sword Feet,
11216,Spring Sword F Feet,
11217,Spring Sword FZ Feet,
11218,Spring Sword HS Feet,
11219,Spring Sword GS Feet,
11220,Spring Sword GP Feet,
11221,Spring Sword ZP Feet,
11222,Riot Hammer Feet,
11223,Riot Hammer F Feet,
11224,Riot Hammer FZ Feet,
11225,Riot Hammer HS Feet,
11226,Riot Hammer GS Feet,
11227,Riot Hammer GP Feet,
11228,Riot Hammer ZP Feet,
11229,Song Horn Feet,
11230,Song Horn F Feet,
11231,Song Horn FZ Feet,
11232,Song Horn HS Feet,
11233,Song Horn GS Feet,
11234,Song Horn GP Feet,
11235,Song Horn ZP Feet,
11236,Crush Lance Feet,
11237,Crush Lance F Feet,
11238,Crush Lance FZ Feet,
11239,Crush Lance HS Feet,
11240,Crush Lance GS Feet,
11241,Crush Lance GP Feet,
11242,Crush Lance ZP Feet,
11243,Scream Lance Feet,
11244,Scream Lance F Feet,
11245,Scream Lance FZ Feet,
11246,Scream Lance HS Feet,
11247,Scream Lance GS Feet,
11248,Scream Lance GP Feet,
11249,Scream Lance ZP Feet,
11250,Piercing Light Feet,
11251,Piercing Light F Feet,
11252,Piercing Light FZ Feet,
11253,Piercing Light HS Feet,
11254,Piercing Light GS Feet,
11255,Piercing Light GP Feet,
11256,Piercing Light ZP Feet,
11257,Colour Axe Feet,
11258,Colour Axe F Feet,
11259,Colour Axe FZ Feet,
11260,Colour Axe HS Feet,
11261,Colour Axe GS Feet,
11262,Colour Axe GP Feet,
11263,Colour Axe ZP Feet,
11264,Blast Gun Boots,
11265,Blast Gun F Boots,
11266,Blast Gun FZ Boots,
11267,Blast Gun HS Boots,
11268,Blast Gun GS Boots,
11269,Blast Gun GP Boots,
11270,Blast Gun ZP Boots,
11271,Crush Gun Boots,
11272,Crush Gun F Boots,
11273,Crush Gun FZ Boots,
11274,Crush Gun HS Boots,
11275,Crush Gun GS Boots,
11276,Crush Gun GP Boots,
11277,Crush Gun ZP Boots,
11278,Bow Saint Boots,
11279,Bow Saint F Boots,
11280,Bow Saint FZ Boots,
11281,Bow Saint HS Boots,
11282,Bow Saint GS Boots,
11283,Bow Saint GP Boots,
11284,Bow Saint ZP Boots,
11285,Rantana Feet,
11286,Rantana F Feet,
11287,Rantana FZ Feet,
11288,Rantana HS Feet,
11289,Rantana GS Feet,
11290,Rantana GP Feet,
11291,Rantana ZP Feet,
11292,Rantana Boots,
11293,Rantana F Boots,
11294,Rantana FZ Boots,
11295,Rantana HS Boots,
11296,Rantana GS Boots,
11297,Rantana GP Boots,
11298,Rantana ZP Boots,
11299,Eris Feet,
11300,Eris F Feet,
11301,Eris FZ Feet,
11302,Eris HS Feet,
11303,Eris GS Feet,
11304,Eris GP Feet,
11305,Eris ZP Feet,
11306,Eris Boots,
11307,Eris F Boots,
11308,Eris FZ Boots,
11309,Eris HS Boots,
11310,Eris GS Boots,
11311,Eris GP Boots,
11312,Eris ZP Boots,
11313,Magisa ZP Feet・Red,
11314,Magisa ZP Feet・Black,
11315,Magisa ZP Feet・Green,
11316,Magisa ZP Feet・White,
11317,Wizard ZP Boots・Red,
11318,Wizard ZP Boots・Black,
11319,Wizard ZP Boots・Green,
11320,Wizard ZP Boots・White,
11321,Waka Legs ZP,
11322,Waka Greaves ZP,
11323,Shaln ZP Feet・Blue,
11324,Shaln ZP Feet・Green,
11325,Shaln ZP Feet・Purple,
11326,Shaln ZP Feet・White,
11327,Shaln ZP Boots・Blue,
11328,Shaln ZP Boots・Green,
11329,Shaln ZP Boots・Purple,
11330,Shaln ZP Boots・White,
11331,Arumyu G Greaves,
11332,Arumyu GF Greaves,
11333,Arumyu GX Greaves,
11334,Arumyu G Leggings,
11335,Arumyu GF Leggings,
11336,Arumyu GX Leggings,
11337,Korinyi Z Feet,
11338,Korinyi ZF Feet,
11339,Korinyi ZY Feet,
11340,Korinyi ZX Feet,
11341,Korinyi Z Boots,
11342,Korinyi ZF Boots,
11343,Korinyi ZY Boots,
11344,Korinyi ZX Boots,
11345,Renka Greaves Z,
11346,Renka Greaves ZF,
11347,Renka Greaves ZY,
11348,Renka Greaves ZX,
11349,Renka Leggings Z,
11350,Renka Leggings ZF,
11351,Renka Leggings ZY,
11352,Renka Leggings ZX,
11353,護靈者D靴,
11354,兵士D護腿,
11355,野蠻D護腿,
11356,晴雲D脛甲,
11357,失落D狂脛,
11358,噬天D光脛,
11359,小藍ＣＯＳ靴,
11360,ヴァンパイアＤフット,
11361,Midogaron ZD Greaves,
11362,Midogaron ZD Leggings,
11363,White Fatalis D Feet,
11364,White Fatalis D Legs,
11365,Elzelion D Greaves,
11366,Elzelion D Leggings,
11367,Zakka D Feet,
11368,十ノ軌跡C Feet,
11369,十ノ至道C Boots,
11370,Rantana D Feet,
11371,Eris D Feet,
11372,Magisa D Feet・Red,
11373,Magisa D Feet・Black,
11374,Magisa D Feet・Green,
11375,Magisa D Feet・White,
11376,Magisa D Feet・Blue,
11377,Waka Legs D,
11378,Shaln D Feet・Blue,
11379,Shaln D Feet・Green,
11380,Shaln D Feet・Purple,
11381,Shaln D Feet・White,
11382,Shaln D Feet・Red,
11383,Shaln D Feet・Crimson,
11384,Shaln D Feet・Orange,
11385,Carriage D Feet,
11386,Marble D Feet,
11387,Shandy D Feet,
11388,Banquet D Feet,
11389,Korinyi D Feet,
11390,Renka Greaves D,
11391,Kukubo D Feet,
11392,Kakabu D Feet,
11393,Aruru D Feet,
11394,Red Cat D Boots,
11395,Rios D Greaves,
11396,Bonito D Greaves,
11397,Meirida D Greaves,
11398,Miniomu D Greaves,
11399,Harimeno D Greaves,
11400,Deliver D Greaves,
11401,Asaku D Greaves,
11402,Desordre D Greaves,
11403,Haragan D Greaves,
11404,Abuyado D Greaves,
11405,Ruko Z Greaves,
11406,Ruko ZF Greaves,
11407,Ruko ZY Greaves,
11408,Ruko ZX Greaves,
11409,Ruko Z Leggings,
11410,Ruko ZF Leggings,
11411,Ruko ZY Leggings,
11412,Ruko ZX Leggings,
11413,Plesioth Z Greaves,
11414,Plesioth ZF Greaves,
11415,Plesioth ZY Greaves,
11416,Plesioth ZX Greaves,
11417,Plesioth Z Leggings,
11418,Plesioth ZF Leggings,
11419,Plesioth ZY Leggings,
11420,Plesioth ZX Leggings,
11421,Sharufu Greaves,
11422,Sharufu F Greaves,
11423,Sharufu FZ Greaves,
11424,Sharufu HS Greaves,
11425,Sharufu GS Greaves,
11426,Sharufu GP Greaves,
11427,Sharufu ZP Greaves,
11428,Sharufu Leggings,
11429,Sharufu F Leggings,
11430,Sharufu FZ Leggings,
11431,Sharufu HS Leggings,
11432,Sharufu GS Leggings,
11433,Sharufu GP Leggings,
11434,Sharufu ZP Leggings,
11435,Kamara Greaves,
11436,Kamara F Greaves,
11437,Kamara FZ Greaves,
11438,Kamara HS Greaves,
11439,Kamara GS Greaves,
11440,Kamara GP Greaves,
11441,Kamara ZP Greaves,
11442,Kamara Leggings,
11443,Kamara F Leggings,
11444,Kamara FZ Leggings,
11445,Kamara HS Leggings,
11446,Kamara GS Leggings,
11447,Kamara GP Leggings,
11448,Kamara ZP Leggings,
11449,Ruche Greaves,
11450,Ruche F Greaves,
11451,Ruche FZ Greaves,
11452,Ruche HS Greaves,
11453,Ruche GS Greaves,
11454,Ruche GP Greaves,
11455,Ruche ZP Greaves,
11456,Ruche Leggings,
11457,Ruche F Leggings,
11458,Ruche FZ Leggings,
11459,Ruche HS Leggings,
11460,Ruche GS Leggings,
11461,Ruche GP Leggings,
11462,Ruche ZP Leggings,
11463,Rage HS Feet,
11464,Rage GS Feet,
11465,Rage GP Feet,
11466,Rage ZP Feet,
11467,Rage HS Boots,
11468,Rage GS Boots,
11469,Rage GP Boots,
11470,Rage ZP Boots,
11471,Rampage HS Feet,
11472,Rampage GS Feet,
11473,Rampage GP Feet,
11474,Rampage ZP Feet,
11475,Rampage HS Boots,
11476,Rampage GS Boots,
11477,Rampage GP Boots,
11478,Rampage ZP Boots,
11479,Blaze HS Feet,
11480,Blaze GS Feet,
11481,Blaze GP Feet,
11482,Blaze ZP Feet,
11483,Blaze HS Boots,
11484,Blaze GS Boots,
11485,Blaze GP Boots,
11486,Blaze ZP Boots,
11487,Poogie FZ Feet,
11488,Poogie HS Feet,
11489,Poogie GS Feet,
11490,Poogie GP Feet,
11491,Poogie ZP Feet,
11492,Poogie FZ Heel,
11493,Poogie HS Heel,
11494,Poogie GS Heel,
11495,Poogie GP Heel,
11496,Poogie ZP Heel,
11497,Mandora FZ Feet,
11498,Mandora HS Feet,
11499,Mandora GS Feet,
11500,Mandora GP Feet,
11501,Mandora ZP Feet,
11502,Mandora FZ Boots,
11503,Mandora HS Boots,
11504,Mandora GS Boots,
11505,Mandora GP Boots,
11506,Mandora ZP Boots,
11507,Aonoko FZ Feet,
11508,Aonoko HS Feet,
11509,Aonoko GS Feet,
11510,Aonoko GP Feet,
11511,Aonoko ZP Feet,
11512,Aonoko FZ Boots,
11513,Aonoko HS Boots,
11514,Aonoko GS Boots,
11515,Aonoko GP Boots,
11516,Aonoko ZP Boots,
11517,Gauss ZP Greaves,
11518,Gauss ZP Leggings,
11519,Weber ZP Greaves,
11520,Weber ZP Leggings,
11521,Gilbert ZP Greaves,
11522,Gilbert ZP Leggings,
11523,Zuibei ZP Heel,
11524,Zuibei ZP March,
11525,Liebre G Greaves,
11526,Liebre GF Greaves,
11527,Liebre GX Greaves,
11528,Liebre G Leggings,
11529,Liebre GF Leggings,
11530,Liebre GX Leggings,
11531,Merente Z Greaves,
11532,Merente ZF Greaves,
11533,Merente ZY Greaves,
11534,Merente ZX Greaves,
11535,Merente Z Leggings,
11536,Merente ZF Leggings,
11537,Merente ZY Leggings,
11538,Merente ZX Leggings,
11539,Ruko ZD Greaves,
11540,Ruko ZD Leggings,
11541,Plesioth ZD Greaves,
11542,Plesioth ZD Leggings,
11543,Sharufu D Greaves,
11544,Kamara D Greaves,
11545,Liebre D Greaves,
11546,Korinyi C Feet,
11547,Ruche D Greaves,
11548,Strength D Leg,
11549,Rage D Feet,
11550,Rampage D Feet,
11551,Blaze D Feet,
11552,Poogie D Feet,
11553,Mandora D Feet,
11554,Aonoko D Feet,
11555,Gauss D Greaves,
11556,Weber D Greaves,
11557,Gilbert D Greaves,
11558,Zuibei D Heel,
11559,Chiarim D Feet,
11560,Guild Bard C Boots,
11561,Scholar C Socks,
11562,Aelucanth C Crura,
11563,Rhopessa C Crura,
11564,Yukumo ノハカマC・Heaven,
11565,White 蘭D Feet,
11566,Crimson 霞D Feet,
11567,Demonclad ノ足枷D,
11568,Tangusu D Greaves,
11569,Disu D Greaves,
11570,Disu D Leggings,
11571,Lils D Greaves,
11572,Lils D Leggings,
11573,Dragon SC Feet,
11574,Dragon SC Legs,
11575,Dragon GD Feet,
11576,Dragon GD Legs,
11577,Vulcan D Feet,
11578,Vulcan D Legs,
11579,Vulcan GD Feet,
11580,Vulcan GD Legs,
11581,Garnet D Greaves,
11582,Amethyst D Greaves,
11583,Coral D Greaves,
11584,Quartz D Greaves,
11585,Emerald D Greaves,
11586,Pearl D Greaves,
11587,Ruby D Greaves,
11588,Sapphire D Greaves,
11589,Topaz D Leggings,
11590,Tourmaline D Leggings,
11591,Lapis D Leggings,
11592,Hisui D Greaves,
11593,Onyx D Greaves,
11594,Veloci ーツ Feet D,
11595,Gen ーツ Feet D,
11596,Io ーツ Feet D,
11597,Gia ーツ Feet D,
11598,Mosswine Feet D,
11599,Remobra ーツ Feet D,
11600,Battle Leggings PD Blue,
11601,Battle Leggings PD Yellow,
11602,Battle Leggings PD Purple,
11603,Rathian Greaves PD Blue,
11604,Rathian Greaves PD Red,
11605,Rathian Greaves PD Black,
11606,Khezu Feet PD Blue,
11607,Khezu Feet PD Green,
11608,Khezu Feet PD Black,
11609,Espinas Greaves PD Red,
11610,Espinas Greaves PD Blue,
11611,Espinas Greaves PD Yellow,
11612,Espinas Leggings PD Red,
11613,Espinas Leggings PD Blue,
11614,Espinas Leggings PD Yellow,
11615,Guardi Boots PD White,
11616,Guardi Boots PD Black,
11617,Guardi Boots PD Purple,
11618,Healer Socks PD Blue,
11619,Healer Socks PD White,
11620,Healer Socks PD Yellow,
11621,Shourou 【端足】D,
11622,Mitama 【端足】D,
11623,Burning Cliff D [Hakama 】,
11624,Crimson Cliff D [Hakama 】,
11625,Ledia D Boots,
11626,White Snake Greaves D,
11627,Black Tiger Greaves D,
11628,Crushing Fog D [Hakama 】,
11629,Valued Word Hakama D,
11630,Blue Sky Hakama D,
11631,Noon Glow Hakama D,
11632,Kosho D [Hakama 】,
11633,True Shadow Hakama D,
11634,Furogada D Greaves,
11635,Lars D Greaves,
11636,Donru D Greaves,
11637,Inagami ZD Greaves,
11638,Barioth C Greaves,
11639,Barioth C Leggings,
11640,Brachy C Greaves,
11641,Brachy C Leggings,
11642,Uragaan C Greaves,
11643,Uragaan C Leggings,
11644,Stygian C Greaves,
11645,Stygian C Leggings,
11646,Gore C Greaves,
11647,Gore C Leggings,
11648,Vangis C Greaves,
11649,Vangis C Leggings,
11650,Shagaru C Greaves,
11651,Shagaru C Leggings,
11652,Inagami Z Greaves,
11653,Inagami ZF Greaves,
11654,Inagami ZY Greaves,
11655,Inagami ZX Greaves,
11656,Inagami Z Leggings,
11657,Inagami ZF Leggings,
11658,Inagami ZY Leggings,
11659,Inagami ZX Leggings,
11660,Tempest 【 Hakama 】,
11661,Tempest G【 Hakama 】,
11662,Tempest GF【 Hakama 】,
11663,Tempest GX【 Hakama 】,
11664,Welkin 【 Hakama 】,
11665,Welkin G【 Hakama 】,
11666,Welkin GF【 Hakama 】,
11667,Welkin GX【 Hakama 】,
11668,Levin Greaves,
11669,Levin F Greaves,
11670,Levin FZ Greaves,
11671,Levin HS Greaves,
11672,Levin GS Greaves,
11673,Levin GP Greaves,
11674,Levin ZP Greaves,
11675,Levin Leggings,
11676,Levin F Leggings,
11677,Levin FZ Leggings,
11678,Levin HS Leggings,
11679,Levin GS Leggings,
11680,Levin GP Leggings,
11681,Levin ZP Leggings,
11682,Silver Armour・Toenail,
11683,Silver Armour F・Toenail,
11684,Silver Armour FZ・Toenail,
11685,Silver Armour HS・Toenail,
11686,Silver Armour GS・Toenail,
11687,Silver Armour GP・Toenail,
11688,Silver Armour ZP・Toenail,
11689,Silver Armour・Greaves,
11690,Silver Armour F・Greaves,
11691,Silver Armour FZ・Greaves,
11692,Silver Armour HS・Greaves,
11693,Silver Armour GS・Greaves,
11694,Silver Armour GP・Greaves,
11695,Silver Armour ZP・Greaves,
11696,Rose Ball Gown・Toenail,
11697,Rose Ball Gown F・Toenail,
11698,Rose Ball Gown FZ・Toenail,
11699,Rose Ball Gown HS・Toenail,
11700,Rose Ball Gown GS・Toenail,
11701,Rose Ball Gown GP・Toenail,
11702,Rose Ball Gown ZP・Toenail,
11703,Rose Ball Gown・Greaves,
11704,Rose Ball Gown F・Greaves,
11705,Rose Ball Gown FZ・Greaves,
11706,Rose Ball Gown HS・Greaves,
11707,Rose Ball Gown GS・Greaves,
11708,Rose Ball Gown GP・Greaves,
11709,Rose Ball Gown ZP・Greaves,
11710,Shui Greaves,
11711,Shui F Greaves,
11712,Shui FZ Greaves,
11713,Shui HS Greaves,
11714,Shui GS Greaves,
11715,Shui GP Greaves,
11716,Shui ZP Greaves,
11717,Shui Leggings,
11718,Shui F Leggings,
11719,Shui FZ Leggings,
11720,Shui HS Leggings,
11721,Shui GS Leggings,
11722,Shui GP Leggings,
11723,Shui ZP Leggings,
11724,CE Kevlar ZP BM Legs Blue,
11725,CE Kevlar ZP GN Legs Blue,
11726,CE Kevlar ZP BM Legs Red,
11727,CE Kevlar ZP GN Legs Red,
11728,CE Kevlar ZP BM Legs White,
11729,CE Kevlar ZP GN Legs White,
11730,CE Kevlar ZP BM Legs Black,
11731,CE Kevlar ZP GN Legs Black,
11732,AB Layer ZP BM Legs Red,
11733,AB Layer ZP GN Legs Red,
11734,AB Layer ZP BM Legs Blue,
11735,AB Layer ZP GN Legs Blue,
11736,AB Layer ZP BM Legs Black,
11737,AB Layer ZP GN Legs Black,
11738,AB Layer ZP BM Legs White,
11739,AB Layer ZP GN Legs White,
11740,Ruban ZP Feet,
11741,Ruban ZP Leg,
11742,L'Amore ZP Feet,
11743,L'Amore ZP Leg,
11744,Orloj ZP Boots,
11745,Orloj ZP Leggings,
11746,Dolce ZP Feet,
11747,Dolce ZP Leg,
11748,Bright ZP Greaves,
11749,Bright ZP Leggings,
11750,Juari ZP Greaves,
11751,Juari ZP Leggings,
11752,Tinku ZP Greaves,
11753,Tinku ZP Leggings,
11754,Shatemu ZP Boots,
11755,Shatemu ZP Leggings,
11756,Hevria ZP Boots,
11757,Hevria ZP Leggings,
11758,Tiuru ZP Boots,
11759,Tiuru ZP Leggings,
11760,Kaila ZP Feet,
11761,Kaila ZP Boots,
11762,Fonse G Greaves,
11763,Fonse GF Greaves,
11764,Fonse GX Greaves,
11765,Fonse G Leggings,
11766,Fonse GF Leggings,
11767,Fonse GX Leggings,
11768,Utante Z Greaves,
11769,Utante ZF Greaves,
11770,Utante ZY Greaves,
11771,Utante ZX Greaves,
11772,Utante Z Leggings,
11773,Utante ZF Leggings,
11774,Utante ZY Leggings,
11775,Utante ZX Leggings,
11776,Rizuvue G Greaves,
11777,Rizuvue GF Greaves,
11778,Rizuvue GX Greaves,
11779,Rizuvue G Leggings,
11780,Rizuvue GF Leggings,
11781,Rizuvue GX Leggings,
11782,Inagami ZD Leggings,
11783,Tempest C【 Hakama 】,
11784,Welkin C【 Hakama 】,
11785,Levin D Greaves,
11786,Silver Armour D・Toenail,
11787,Rose Ball Gown D・Toenail,
11788,Shui D Greaves,
11789,CE Kevlar D BM Legs Blue,
11790,CE Kevlar D BM Legs Red,
11791,CE Kevlar D BM Legs White,
11792,CE Kevlar D BM Legs Black,
11793,AB Layer D BM Legs Red,
11794,AB Layer D BM Legs Blue,
11795,AB Layer D BM Legs Black,
11796,AB Layer D BM Legs White,
11797,Ruban D Feet,
11798,L'Amore D Feet,
11799,Orloj D Boots,
11800,Dolce D Feet,
11801,Bright D Greaves,
11802,Juari D Greaves,
11803,Tinku D Greaves,
11804,Shatemu D Boots,
11805,Hevria D Boots,
11806,Tiuru D Boots,
11807,Kaila D Feet,
11808,Fonse D Greaves,
11809,Hypnoc ルータD Leg,
11810,Hypnolia D Leg,
11811,Es Quera D Leg,
11812,Ecole D Leg,
11813,Guns D Leg,
11814,Agria D Leg,
11815,Fauve D Leg,
11816,ティーアD Leg,
11817,Muse D Leg,
11818,Dicto D Leg,
11819,Kruss D Leg,
11820,Starina D Leg,
11821,Loose D Leg,
11822,Mirado D Leg,
11823,Deyuru D Greaves,
11824,Robust Dペイル,
11825,Falco D Greaves,
11826,Howx D Greaves,
11827,Pirata D Greaves,
11828,Zeroi D Greaves,
11829,Rail D Greaves,
11830,Ridere D Greaves,
11831,Riot D Greaves,
11832,Rutare D Greaves,
11833,Rolling Flow Greaves・D,
11834,Rolling Sky Greaves・D,
11835,Cubie D Feet,
11836,Kemor D Feet,
11837,Latria D Feet,
11838,Kontao D Feet,
11839,Ukon Dキック,
11840,ロットDキック,
11841,Shoko D Leg,
11842,Nimbus D Leg,
11843,Moonlight Hakama・D,
11844,Dawnbreak Hakama・D,
11845,Toridcless Z Greaves,
11846,Toridcless ZF Greaves,
11847,Toridcless ZY Greaves,
11848,Toridcless ZX Greaves,
11849,Toridcless Z Leggings,
11850,Toridcless ZF Leggings,
11851,Toridcless ZY Leggings,
11852,Toridcless ZX Leggings,
11853,Doragyurosu Z Greaves,
11854,Doragyurosu ZF Greaves,
11855,Doragyurosu ZY Greaves,
11856,Doragyurosu ZX Greaves,
11857,Doragyurosu Z Leggings,
11858,Doragyurosu ZF Leggings,
11859,Doragyurosu ZY Leggings,
11860,Doragyurosu ZX Leggings,
11861,Alfi Feet,
11862,Alfi F Feet,
11863,Alfi FZ Feet,
11864,Alfi HS Feet,
11865,Alfi GS Feet,
11866,Alfi GP Feet,
11867,Alfi ZP Feet,
11868,Alfi Leggings,
11869,Alfi F Leggings,
11870,Alfi FZ Leggings,
11871,Alfi HS Leggings,
11872,Alfi GS Leggings,
11873,Alfi GP Leggings,
11874,Alfi ZP Leggings,
11875,Kaifa Greaves,
11876,Kaifa F Greaves,
11877,Kaifa FZ Greaves,
11878,Kaifa HS Greaves,
11879,Kaifa GS Greaves,
11880,Kaifa GP Greaves,
11881,Kaifa ZP Greaves,
11882,Kaifa Leggings,
11883,Kaifa F Leggings,
11884,Kaifa FZ Leggings,
11885,Kaifa HS Leggings,
11886,Kaifa GS Leggings,
11887,Kaifa GP Leggings,
11888,Kaifa ZP Leggings,
11889,Straza Feet,
11890,Straza F Feet,
11891,Straza FZ Feet,
11892,Straza HS Feet,
11893,Straza GS Feet,
11894,Straza GP Feet,
11895,Straza ZP Feet,
11896,Straza Leggings,
11897,Straza F Leggings,
11898,Straza FZ Leggings,
11899,Straza HS Leggings,
11900,Straza GS Leggings,
11901,Straza GP Leggings,
11902,Straza ZP Leggings,
11903,Furante Z Greaves,
11904,Furante ZF Greaves,
11905,Furante ZY Greaves,
11906,Furante ZX Greaves,
11907,Furante Z Leggings,
11908,Furante ZF Leggings,
11909,Furante ZY Leggings,
11910,Furante ZX Leggings,
11911,Cariva G Greaves,
11912,Cariva GF Greaves,
11913,Cariva GX Greaves,
11914,Cariva G Leggings,
11915,Cariva GF Leggings,
11916,Cariva GX Leggings,
11917,Bonne G Greaves,
11918,Bonne GF Greaves,
11919,Bonne GX Greaves,
11920,Bonne G Leggings,
11921,Bonne GF Leggings,
11922,Bonne GX Leggings,
11923,Survey Corps ZP Feet,
11924,Survey Corps ZP Boots,
11925,Training Corps ZP Feet,
11926,Training Corps ZP Boots,
11927,Twelve Paladins' Armor・Toenail,
11928,Twelve Paladins' Armor F・Toenail,
11929,Twelve Paladins' Armor FZ・Toenail,
11930,Twelve Paladins' Armor HS・Toenail,
11931,Twelve Paladins' Armor GS・Toenail,
11932,Twelve Paladins' Armor GP・Toenail,
11933,Twelve Paladins' Armor ZP・Toenail,
11934,Twelve Paladins' Armor・Greaves,
11935,Twelve Paladins' Armor F・Greaves,
11936,Twelve Paladins' Armor FZ・Greaves,
11937,Twelve Paladins' Armor HS・Greaves,
11938,Twelve Paladins' Armor GS・Greaves,
11939,Twelve Paladins' Armor GP・Greaves,
11940,Twelve Paladins' Armor ZP・Greaves,
11941,Holy Maiden Armor・Toenail,
11942,Holy Maiden Armor F・Toenail,
11943,Holy Maiden Armor FZ・Toenail,
11944,Holy Maiden Armor HS・Toenail,
11945,Holy Maiden Armor GS・Toenail,
11946,Holy Maiden Armor GP・Toenail,
11947,Holy Maiden Armor ZP・Toenail,
11948,Holy Maiden Armor・Greaves,
11949,Holy Maiden Armor F・Greaves,
11950,Holy Maiden Armor FZ・Greaves,
11951,Holy Maiden Armor HS・Greaves,
11952,Holy Maiden Armor GS・Greaves,
11953,Holy Maiden Armor GP・Greaves,
11954,Holy Maiden Armor ZP・Greaves,
11955,Dragon Slayer Armor・Toenail,
11956,Dragon Slayer Armor F・Toenail,
11957,Dragon Slayer Armor FZ・Toenail,
11958,Dragon Slayer Armor HS・Toenail,
11959,Dragon Slayer Armor GS・Toenail,
11960,Dragon Slayer Armor GP・Toenail,
11961,Dragon Slayer Armor ZP・Toenail,
11962,Dragon Slayer Armor・Greaves,
11963,Dragon Slayer Armor F・Greaves,
11964,Dragon Slayer Armor FZ・Greaves,
11965,Dragon Slayer Armor HS・Greaves,
11966,Dragon Slayer Armor GS・Greaves,
11967,Dragon Slayer Armor GP・Greaves,
11968,Dragon Slayer Armor ZP・Greaves,
11969,Rebellion Armour・Toenail,
11970,Rebellion Armour F・Toenail,
11971,Rebellion Armour FZ・Toenail,
11972,Rebellion Armour HS・Toenail,
11973,Rebellion Armour GS・Toenail,
11974,Rebellion Armour GP・Toenail,
11975,Rebellion Armour ZP・Toenail,
11976,Rebellion Armour・Greaves,
11977,Rebellion Armour F・Greaves,
11978,Rebellion Armour FZ・Greaves,
11979,Rebellion Armour HS・Greaves,
11980,Rebellion Armour GS・Greaves,
11981,Rebellion Armour GP・Greaves,
11982,Rebellion Armour ZP・Greaves,
11983,Dinato ZP Greaves,
11984,Dinato ZP Leggings,
11985,Duque ZP Greaves,
11986,Duque ZP Leggings,
11987,Granu ZP Greaves,
11988,Granu ZP Leggings,
11989,Chiyo Legs ZP,
11990,Chiyo Greaves ZP,
11991,Nekodan ZP Feet,
11992,Gudan ZP Feet,
11993,Toridcless ZD Greaves,
11994,Toridcless ZD Leggings,
11995,Doragyurosu ZD Greaves,
11996,Doragyurosu ZD Leggings,
11997,Alfi D Feet,
11998,Kaifa D Greaves,
11999,Straza D Feet,
12000,Renka Greaves C,
12001,Survey Corps D Feet,
12002,Training Corps D Feet,
12003,Twelve Paladins' Armor D・Toenail,
12004,Holy Maiden Armor D・Toenail,
12005,Dragon Slayer Armor D・Toenail,
12006,Rebellion Armour D・Toenail,
12007,Dinato D Greaves,
12008,Duque D Greaves,
12009,Granu D Greaves,
12010,Chiyo Legs D,
12011,Rubellite D Greaves,
12012,ラズライトD Greaves,
12013,Zircon D Greaves,
12014,Spinel D Greaves,
12015,Jade D Greaves,
12016,Agate D Greaves,
12017,Pyrope D Greaves,
12018,アイオラD Greaves,
12019,Rutile D Greaves,
12020,Blood D Greaves,
12021,Citrine D Leggings,
12022,Peridot D Leggings,
12023,Turquoise D Leggings,
12024,Mafumofu Boots PD Red,
12025,Mafumofu Boots PD Yellow,
12026,Mafumofu Boots PD Purple,
12027,Basarios Leggings PD Red,
12028,Basarios Leggings PD Black,
12029,Basarios Leggings PD Yellow,
12030,Blango Greaves PD Yellow,
12031,Blango Greaves PD Blue,
12032,Blango Greaves PD Black,
12033,Golden Hakama PD White,
12034,Golden Hakama PD Purple,
12035,Golden Hakama PD Green,
12036,Gravios Leggings PD Green,
12037,Gravios Leggings PD Purple,
12038,Gravios Leggings PD Red,
12039,High Metal Greaves PD Black,
12040,High Metal Greaves PD Blue,
12041,High Metal Greaves PD Yellow,
12042,S・Sol Greaves PD Red,
12043,S・Sol Greaves PD Purple,
12044,S・Sol Greaves PD Black,
12045,Garuga Leggings PD White,
12046,Garuga Leggings PD Green,
12047,Garuga Leggings PD Red,
12048,Hermitaur Greaves PD Blue,
12049,Hermitaur Greaves PD White,
12050,Hermitaur Greaves PD Purple,
12051,Kushala ペイル PD Red,
12052,Kushala ペイル PD Yellow,
12053,Kushala ペイル PD Green,
12054,Kushala ハディ PD Red,
12055,Kushala ハディ PD Yellow,
12056,Kushala ハディ PD Green,
12057,忍の Tabi・陽D,
12058,忍の Tabi・陰D,
12059,Bonne D Greaves,
12060,Kalais D Leggings,
12061,Lucchese D Leggings,
12062,Quoiz D Leggings,
12063,Nekodan D Feet,
12064,Gudan D Feet,
12065,Nerihi Greaves Z,
12066,Nerihi Greaves ZF,
12067,Nerihi Greaves ZY,
12068,Nerihi Greaves ZX,
12069,Nerihi Leggings Z,
12070,Nerihi Leggings ZF,
12071,Nerihi Leggings ZY,
12072,Nerihi Leggings ZX,
12073,Saine Feet,
12074,Saine F Feet,
12075,Saine FZ Feet,
12076,Saine HS Feet,
12077,Saine GS Feet,
12078,Saine GP Feet,
12079,Saine ZP Feet,
12080,Saine Boots,
12081,Saine F Boots,
12082,Saine FZ Boots,
12083,Saine HS Boots,
12084,Saine GS Boots,
12085,Saine GP Boots,
12086,Saine ZP Boots,
12087,Wing Feet,
12088,Wing F Feet,
12089,Wing FZ Feet,
12090,Wing HS Feet,
12091,Wing GS Feet,
12092,Wing GP Feet,
12093,Wing ZP Feet,
12094,Wing Boots,
12095,Wing F Boots,
12096,Wing FZ Boots,
12097,Wing HS Boots,
12098,Wing GS Boots,
12099,Wing GP Boots,
12100,Wing ZP Boots,
12101,Gasura Z Greaves,
12102,Gasura ZF Greaves,
12103,Gasura ZY Greaves,
12104,Gasura ZX Greaves,
12105,Gasura Z Leggings,
12106,Gasura ZF Leggings,
12107,Gasura ZY Leggings,
12108,Gasura ZX Leggings,
12109,Seregios Greaves,
12110,Seregios G Greaves,
12111,Seregios GF Greaves,
12112,Seregios GX Greaves,
12113,Seregios Leggings,
12114,Seregios G Leggings,
12115,Seregios GF Leggings,
12116,Seregios GX Leggings,
12117,Utaei Legs Z,
12118,Utaei Legs ZF,
12119,Utaei Legs ZY,
12120,Utaei Legs ZX,
12121,Utaei Greaves Z,
12122,Utaei Greaves ZF,
12123,Utaei Greaves ZY,
12124,Utaei Greaves ZX,
12125,Cassius G Greaves,
12126,Cassius GF Greaves,
12127,Cassius GX Greaves,
12128,Cassius G Leggings,
12129,Cassius GF Leggings,
12130,Cassius GX Leggings,
12131,Pinbi Feet,
12132,Pinbi F Feet,
12133,Pinbi FZ Feet,
12134,Pinbi HS Feet,
12135,Pinbi GS Feet,
12136,Pinbi GP Feet,
12137,Pinbi ZP Feet,
12138,Pinbi Boots,
12139,Pinbi F Boots,
12140,Pinbi FZ Boots,
12141,Pinbi HS Boots,
12142,Pinbi GS Boots,
12143,Pinbi GP Boots,
12144,Pinbi ZP Boots,
12145,Pribu Feet,
12146,Pribu F Feet,
12147,Pribu FZ Feet,
12148,Pribu HS Feet,
12149,Pribu GS Feet,
12150,Pribu GP Feet,
12151,Pribu ZP Feet,
12152,Pribu Boots,
12153,Pribu F Boots,
12154,Pribu FZ Boots,
12155,Pribu HS Boots,
12156,Pribu GS Boots,
12157,Pribu GP Boots,
12158,Pribu ZP Boots,
12159,Gray Feet,
12160,Gray F Feet,
12161,Gray FZ Feet,
12162,Gray HS Feet,
12163,Gray GS Feet,
12164,Gray GP Feet,
12165,Gray ZP Feet,
12166,Gray Boots,
12167,Gray F Boots,
12168,Gray FZ Boots,
12169,Gray HS Boots,
12170,Gray GS Boots,
12171,Gray GP Boots,
12172,Gray ZP Boots,
12173,Urpina Feet,
12174,Urpina F Feet,
12175,Urpina FZ Feet,
12176,Urpina HS Feet,
12177,Urpina GS Feet,
12178,Urpina GP Feet,
12179,Urpina ZP Feet,
12180,Urpina Boots,
12181,Urpina F Boots,
12182,Urpina FZ Boots,
12183,Urpina HS Boots,
12184,Urpina GS Boots,
12185,Urpina GP Boots,
12186,Urpina ZP Boots,
12187,Noel Feet,
12188,Noel F Feet,
12189,Noel FZ Feet,
12190,Noel HS Feet,
12191,Noel GS Feet,
12192,Noel GP Feet,
12193,Noel ZP Feet,
12194,Noel Boots,
12195,Noel F Boots,
12196,Noel FZ Boots,
12197,Noel HS Boots,
12198,Noel GS Boots,
12199,Noel GP Boots,
12200,Noel ZP Boots,
12201,Bune Feet,
12202,Bune F Feet,
12203,Bune FZ Feet,
12204,Bune HS Feet,
12205,Bune GS Feet,
12206,Bune GP Feet,
12207,Bune ZP Feet,
12208,Bune Boots,
12209,Bune F Boots,
12210,Bune FZ Boots,
12211,Bune HS Boots,
12212,Bune GS Boots,
12213,Bune GP Boots,
12214,Bune ZP Boots,
12215,Ravi G Greaves:Extreme,
12216,Ravi GF Greaves:Extreme,
12217,Ravi GX Greaves:Extreme,
12218,Ravi G Leggings:Extreme,
12219,Ravi GF Leggings:Extreme,
12220,Ravi GX Leggings:Extreme,
12221,Harze ZP Feet,
12222,Harze ZP Boots,
12223,Revenants ZP Heel,
12224,Revenants ZP March,
12225,Saine D Feet,
12226,Wing D Feet,
12227,Gasura ZD Greaves,
12228,Gasura ZD Leggings,
12229,Seregios C Greaves,
12230,Seregios C Leggings,
12231,Pinbi D Feet,
12232,Pribu D Feet,
12233,Nerihi Greaves D,
12234,Gray D Feet,
12235,Urpina D Feet,
12236,Noel D Feet,
12237,Bune D Feet,
12238,Melas D Leggings,
12239,Byakko・Kensei D Feet,
12240,Byakko・双龍D Feet,
12241,Byakko・剣王D Feet,
12242,Byakko・刀神D Feet,
12243,Byakko・Heaven 槍D Feet,
12244,Byakko・砲皇D Feet,
12245,Byakko・鈍器獣D Feet,
12246,Byakko・奏帝D Feet,
12247,Byakko・穿凰D Feet,
12248,Byakko・斬将D Feet,
12249,Byakko・銃傑D Boots,
12250,Byakko・銃仙D Boots,
12251,Byakko・Bow 鬼D Boots,
12252,キリンレガース PD Red,
12253,キリンレガース PD Purple,
12254,キリンレガースPD Black,
12255,Kaiser Greaves PD White,
12256,Kaiser Leggings PD White,
12257,Kaiser Greaves PD Black,
12258,Kaiser Leggings PD Black,
12259,Kaiser Greaves PD Green,
12260,Kaiser Leggings PD Green,
12261,Mizuha [Greaves] PD Blue,
12262,Mizuha [Greaves] PD Red,
12263,Mizuha [Greaves] PD Yellow,
12264,Toyotama [Greaves] PD Blue,
12265,Toyotama [Greaves] PD Red,
12266,Toyotama [Greaves] PD Yellow,
12267,暁丸【具足】 PD Red,
12268,暁丸【具足】 PD Purple,
12269,暁丸【具足】 PD White,
12270,凛【 Hakama 】 PD Black,
12271,凛【 Hakama 】 PD Purple,
12272,凛【 Hakama 】 PD White,
12273,Ceanataur Leggings PD Red,
12274,Ceanataur Leggings PD Black,
12275,Ceanataur Leggings PD Yellow,
12276,Remobra Feet PD White,
12277,Remobra Feet PD Yellow,
12278,Remobra Feet PD Black,
12279,Harze D Feet,
12280,Revenants D Heel,
12281,Kukubo D Leggings,
12282,Kakabu D Leggings,
12283,Aruru D Leggings,
12284,Suzaku・Kensei D Feet,
12285,Suzaku・双龍D Feet,
12286,Suzaku・剣王D Feet,
12287,Suzaku・刀神D Feet,
12288,Suzaku・Heaven 槍D Feet,
12289,Suzaku・砲皇D Feet,
12290,Suzaku・鈍器獣D Feet,
12291,Suzaku・奏帝D Feet,
12292,Suzaku・穿凰D Feet,
12293,Suzaku・斬将D Feet,
12294,Suzaku・銃傑D Boots,
12295,Suzaku・銃仙D Boots,
12296,Suzaku・Bow 鬼D Boots,
12297,G・Knight タイツ PD Red,
12298,G・Knight タイツ PD Blue,
12299,G・Knight タイツ PD Purple,
12300,PVタイツ PD Red,
12301,PVタイツ PD Blue,
12302,PVタイツ PD Purple,
12303,Empress Feet PD Red,
12304,Empress Feet PD Yellow,
12305,Empress Feet PD Purple,
12306,Empress Boots PD Red,
12307,Empress Boots PD Yellow,
12308,Empress Boots PD Purple,
12309,Vespoid Greaves PD Yellow,
12310,Vespoid Greaves PD Black,
12311,Vespoid Greaves PD Blue,
12312,Death Stench Heel PD White,
12313,Death Stench Heel PD Red,
12314,Death Stench Heel PD Blue,
12315,Diablos Feet PD Purple,
12316,Diablos Feet PD Blue,
12317,Diablos Feet PD Yellow,
12318,Makluva Pants PD Green,
12319,Makluva Pants PD Blue,
12320,Makluva Pants PD Black,
12321,Akantor ケマル PD Black,
12322,Akantor ケマル PD Red,
12323,Akantor ケマル PD White,
12324,Akantor チケル PD Black,
12325,Akantor チケル PD Red,
12326,Akantor チケル PD White,
12327,Gravios Greaves PD Black,
12328,Gravios Greaves PD Blue,
12329,Gravios Greaves PD Red,
12330,Sharuru D Greaves,
12331,Neriotori Greaves D,
12332,Anorupatisu ZD Greaves,
12333,Anorupatisu ZD Leggings,
12334,Dylan D Feet,
12335,Dibble D Feet,
12336,Fins D Feet,
12337,Dins D Feet,
12338,Charis D Feet,
12339,Miriam D Feet,
12340,Lenigan D Feet,
12341,執事 Maid 色替え,
12342,Katante D Greaves,
12343,Rikante D Greaves,
12344,Merente D Greaves,
12345,Utante D Greaves,
12346,Brooke D Feet,
12347,Shirukku D Feet,
12348,Gorukku D Feet,
12349,Kiyoshi Greaves D,
12350,Kashoku Greaves D,
12351,Jyaga D Greaves,
12352,Cure D Greaves,
12353,Jess D Greaves,
12354,Riaruo D Greaves,
12355,Reiresu D Greaves,
12356,Reuasu D Greaves,
12357,Buran D Greaves,
12358,Shimashima D Feet,
12359,Desutora D Sabaton,
12360,Furante D Greaves,
12361,Sharuru Greaves,
12362,Sharuru F Greaves,
12363,Sharuru FZ Greaves,
12364,Sharuru HS Greaves,
12365,Sharuru GS Greaves,
12366,Sharuru GP Greaves,
12367,Sharuru ZP Greaves,
12368,Sharuru Leggings,
12369,Sharuru F Leggings,
12370,Sharuru FZ Leggings,
12371,Sharuru HS Leggings,
12372,Sharuru GS Leggings,
12373,Sharuru GP Leggings,
12374,Sharuru ZP Leggings,
12375,Neriotori Greaves Z,
12376,Neriotori Greaves ZF,
12377,Neriotori Greaves ZY,
12378,Neriotori Greaves ZX,
12379,Neriotori Leggings Z,
12380,Neriotori Leggings ZF,
12381,Neriotori Leggings ZY,
12382,Neriotori Leggings ZX,
12383,Anorupatisu Z Greaves,
12384,Anorupatisu ZF Greaves,
12385,Anorupatisu ZY Greaves,
12386,Anorupatisu ZX Greaves,
12387,Anorupatisu Z Leggings,
12388,Anorupatisu ZF Leggings,
12389,Anorupatisu ZY Leggings,
12390,Anorupatisu ZX Leggings,
12391,Utatsumugu Legs Z,
12392,Utatsumugu Legs ZF,
12393,Utatsumugu Legs ZY,
12394,Utatsumugu Legs ZX,
12395,Utatsumugu Greaves Z,
12396,Utatsumugu Greaves ZF,
12397,Utatsumugu Greaves ZY,
12398,Utatsumugu Greaves ZX,
12399,Lynx G Greaves,
12400,Lynx GF Greaves,
12401,Lynx GX Greaves,
12402,Lynx G Leggings,
12403,Lynx GF Leggings,
12404,Lynx GX Leggings,
12405,Zindol G Greaves,
12406,Zindol GF Greaves,
12407,Zindol GX Greaves,
12408,Zindol G Leggings,
12409,Zindol GF Leggings,
12410,Zindol GX Leggings,
12411,Dylan Feet,
12412,Dylan F Feet,
12413,Dylan FZ Feet,
12414,Dylan HS Feet,
12415,Dylan GS Feet,
12416,Dylan GP Feet,
12417,Dylan ZP Feet,
12418,Dylan Boots,
12419,Dylan F Boots,
12420,Dylan FZ Boots,
12421,Dylan HS Boots,
12422,Dylan GS Boots,
12423,Dylan GP Boots,
12424,Dylan ZP Boots,
12425,Dibble Feet,
12426,Dibble F Feet,
12427,Dibble FZ Feet,
12428,Dibble HS Feet,
12429,Dibble GS Feet,
12430,Dibble GP Feet,
12431,Dibble ZP Feet,
12432,Dibble Boots,
12433,Dibble F Boots,
12434,Dibble FZ Boots,
12435,Dibble HS Boots,
12436,Dibble GS Boots,
12437,Dibble GP Boots,
12438,Dibble ZP Boots,
12439,Fins Feet,
12440,Fins F Feet,
12441,Fins FZ Feet,
12442,Fins HS Feet,
12443,Fins GS Feet,
12444,Fins GP Feet,
12445,Fins ZP Feet,
12446,Fins Boots,
12447,Fins F Boots,
12448,Fins FZ Boots,
12449,Fins HS Boots,
12450,Fins GS Boots,
12451,Fins GP Boots,
12452,Fins ZP Boots,
12453,Dins Feet,
12454,Dins F Feet,
12455,Dins FZ Feet,
12456,Dins HS Feet,
12457,Dins GS Feet,
12458,Dins GP Feet,
12459,Dins ZP Feet,
12460,Dins Boots,
12461,Dins F Boots,
12462,Dins FZ Boots,
12463,Dins HS Boots,
12464,Dins GS Boots,
12465,Dins GP Boots,
12466,Dins ZP Boots,
12467,Kiyoshi Greaves Z,
12468,Kiyoshi Greaves ZF,
12469,Kiyoshi Greaves ZY,
12470,Kiyoshi Greaves ZX,
12471,Kiyoshi Tabi Z,
12472,Kiyoshi Tabi ZF,
12473,Kiyoshi Tabi ZY,
12474,Kiyoshi Tabi ZX,
12475,Kashoku Greaves Z,
12476,Kashoku Greaves ZF,
12477,Kashoku Greaves ZY,
12478,Kashoku Greaves ZX,
12479,Kashoku Tabi Z,
12480,Kashoku Tabi ZF,
12481,Kashoku Tabi ZY,
12482,Kashoku Tabi ZX,
12483,Charis Feet,
12484,Charis F Feet,
12485,Charis FZ Feet,
12486,Charis HS Feet,
12487,Charis GS Feet,
12488,Charis GP Feet,
12489,Charis ZP Feet,
12490,Charis Boots,
12491,Charis F Boots,
12492,Charis FZ Boots,
12493,Charis HS Boots,
12494,Charis GS Boots,
12495,Charis GP Boots,
12496,Charis ZP Boots,
12497,Miriam Feet,
12498,Miriam F Feet,
12499,Miriam FZ Feet,
12500,Miriam HS Feet,
12501,Miriam GS Feet,
12502,Miriam GP Feet,
12503,Miriam ZP Feet,
12504,Miriam Boots,
12505,Miriam F Boots,
12506,Miriam FZ Boots,
12507,Miriam HS Boots,
12508,Miriam GS Boots,
12509,Miriam GP Boots,
12510,Miriam ZP Boots,
12511,Lenigan Feet,
12512,Lenigan F Feet,
12513,Lenigan FZ Feet,
12514,Lenigan HS Feet,
12515,Lenigan GS Feet,
12516,Lenigan GP Feet,
12517,Lenigan ZP Feet,
12518,Lenigan Boots,
12519,Lenigan F Boots,
12520,Lenigan FZ Boots,
12521,Lenigan HS Boots,
12522,Lenigan GS Boots,
12523,Lenigan GP Boots,
12524,Lenigan ZP Boots,
12525,Favila Feet,
12526,Favila F Feet,
12527,Favila FZ Feet,
12528,Favila HS Feet,
12529,Favila GS Feet,
12530,Favila GP Feet,
12531,Favila ZP Feet,
12532,Favila Boots,
12533,Favila F Boots,
12534,Favila FZ Boots,
12535,Favila HS Boots,
12536,Favila GS Boots,
12537,Favila GP Boots,
12538,Favila ZP Boots,
12539,Desutora GS Sabaton,
12540,Desutora GP Sabaton,
12541,Desutora ZP Sabaton,
12542,ダミー,
12543,ダミー,
12544,ダミー,
12545,Desutora GS Leggings,
12546,Desutora GP Leggings,
12547,Desutora ZP Leggings,
12548,ダミー,
12549,ダミー,
12550,ダミー,
12551,Brave ZX Greaves,
12552,Bogabado Z Greaves,
12553,Bogabado ZF Greaves,
12554,Bogabado ZY Greaves,
12555,Bogabado ZX Greaves,
12556,Bogabado Z Leggings,
12557,Bogabado ZF Leggings,
12558,Bogabado ZY Leggings,
12559,Bogabado ZX Leggings,
12560,Alicia Feet,
12561,Alicia F Feet,
12562,Alicia FZ Feet,
12563,Alicia HS Feet,
12564,Alicia GS Feet,
12565,Alicia GP Feet,
12566,Alicia ZP Feet,
12567,Alicia Boots,
12568,Alicia F Boots,
12569,Alicia FZ Boots,
12570,Alicia HS Boots,
12571,Alicia GS Boots,
12572,Alicia GP Boots,
12573,Alicia ZP Boots,
12574,Tanzanite Greaves,
12575,Tanzanite F Greaves,
12576,Tanzanite FX Greaves,
12577,Hematite Greaves,
12578,Hematite F Greaves,
12579,Hematite FX Greaves,
12580,Byakko・磁星G Feet,
12581,Byakko・磁星GF Feet,
12582,Byakko・磁星GX Feet,
12583,Suzaku・磁星G Feet,
12584,Suzaku・磁星GF Feet,
12585,Suzaku・磁星GX Feet,
12586,Genbu・磁星G Feet,
12587,Genbu・磁星GF Feet,
12588,Genbu・磁星GX Feet,
12589,Seiryu・磁星G Feet,
12590,Seiryu・磁星GF Feet,
12591,Seiryu・磁星GX Feet,
12592,White 蘭・磁星 Feet,
12593,White 蘭・磁星F Feet,
12594,White 蘭・磁星FX Feet,
12595,Crimson 霞・磁星 Feet,
12596,Crimson 霞・磁星F Feet,
12597,Crimson 霞・磁星FX Feet,
12598,White 蘭・磁星G Feet,
12599,White 蘭・磁星GF Feet,
12600,White 蘭・磁星GX Feet,
12601,Crimson 霞・磁星G Feet,
12602,Crimson 霞・磁星GF Feet,
12603,Crimson 霞・磁星GX Feet,
12604,月夜・磁星G Feet,
12605,月夜・磁星GF Feet,
12606,月夜・磁星GX Feet,
12607,Green 穹・磁星G Feet,
12608,Green 穹・磁星GF Feet,
12609,Green 穹・磁星GX Feet,
12610,Masaha Dress [Tabi] Red,
12611,Masaha Dress F [Tabi] Red,
12612,Masaha Dress FZ [Tabi] Red,
12613,Masaha Dress HS [Tabi] Red,
12614,Masaha Dress GS [Tabi] Red,
12615,Masaha Dress GP [Tabi] Red,
12616,Masaha Dress ZP [Tabi] Red,
12617,Masaha Dress [Greaves] Red,
12618,Masaha Dress F [Greaves] Red,
12619,Masaha Dress FZ [Greaves] Red,
12620,Masaha Dress HS [Greaves] Red,
12621,Masaha Dress GS [Greaves] Red,
12622,Masaha Dress GP [Greaves] Red,
12623,Masaha Dress ZP [Greaves] Red,
12624,Masaha Dress [Tabi] Silver,
12625,Masaha Dress F [Tabi] Silver,
12626,Masaha Dress FZ [Tabi] Silver,
12627,Masaha Dress HS [Tabi] Silver,
12628,Masaha Dress GS [Tabi] Silver,
12629,Masaha Dress GP [Tabi] Silver,
12630,Masaha Dress ZP [Tabi] Silver,
12631,Masaha Dress [Greaves] Silver,
12632,Masaha Dress F [Greaves] Silver,
12633,Masaha Dress FZ [Greaves] Silver,
12634,Masaha Dress HS [Greaves] Silver,
12635,Masaha Dress GS [Greaves] Silver,
12636,Masaha Dress GP [Greaves] Silver,
12637,Masaha Dress ZP [Greaves] Silver,
12638,Masaha Dress [Tabi] Blue,
12639,Masaha Dress F [Tabi] Blue,
12640,Masaha Dress FZ [Tabi] Blue,
12641,Masaha Dress HS [Tabi] Blue,
12642,Masaha Dress GS [Tabi] Blue,
12643,Masaha Dress GP [Tabi] Blue,
12644,Masaha Dress ZP [Tabi] Blue,
12645,Masaha Dress [Greaves] Blue,
12646,Masaha Dress F [Greaves] Blue,
12647,Masaha Dress FZ [Greaves] Blue,
12648,Masaha Dress HS [Greaves] Blue,
12649,Masaha Dress GS [Greaves] Blue,
12650,Masaha Dress GP [Greaves] Blue,
12651,Masaha Dress ZP [Greaves] Blue,
12652,Masaha Dress [Tabi] Orange,
12653,Masaha Dress F [Tabi] Orange,
12654,Masaha Dress FZ [Tabi] Orange,
12655,Masaha Dress HS [Tabi] Orange,
12656,Masaha Dress GS [Tabi] Orange,
12657,Masaha Dress GP [Tabi] Orange,
12658,Masaha Dress ZP [Tabi] Orange,
12659,Masaha Dress [Greaves] Orange,
12660,Masaha Dress F [Greaves] Orange,
12661,Masaha Dress FZ [Greaves] Orange,
12662,Masaha Dress HS [Greaves] Orange,
12663,Masaha Dress GS [Greaves] Orange,
12664,Masaha Dress GP [Greaves] Orange,
12665,Masaha Dress ZP [Greaves] Orange,
12666,Graham Greaves,
12667,Favila D Feet,
12668,Alicia D Feet,
12669,Masaha Dress C [Tabi 】,
12670,Aura C Feet,
12671,Asumo C Feet,
12672,Rokka C Feet,
12673,Ruche C Greaves,
12674,Shui C Greaves,
12675,Masaha Dress D [Tabi] Red,
12676,Masaha Dress D [Tabi] Silver,
12677,Masaha Dress D [Tabi] Blue,
12678,Masaha Dress D [Tabi] Orange,
12679,Genbu・Kensei D Feet,
12680,Genbu・双龍D Feet,
12681,Genbu・剣王D Feet,
12682,Genbu・刀神D Feet,
12683,Genbu・Heaven 槍D Feet,
12684,Genbu・砲皇D Feet,
12685,Genbu・鈍器獣D Feet,
12686,Genbu・奏帝D Feet,
12687,Genbu・穿凰D Feet,
12688,Genbu・斬将D Feet,
12689,Genbu・銃傑D Boots,
12690,Genbu・銃仙D Boots,
12691,Genbu・Bow 鬼D Boots,
12692,Tanzanite D Greaves,
12693,Hematite D Greaves,
12694,Byakko・磁星D Feet,
12695,Suzaku・磁星D Feet,
12696,Genbu・磁星D Feet,
12697,Tigrex Greaves PD Black,
12698,Tigrex Greaves PD White,
12699,Tigrex Greaves PD Purple,
12700,Monoblos Boots PD Yellow,
12701,Monoblos Boots PD Green,
12702,Monoblos Boots PD White,
12703,Khezu Leggings PD Black,
12704,Khezu Leggings PD Green,
12705,Khezu Leggings PD Blue,
12706,Plesioth Greaves PD Black,
12707,Plesioth Greaves PD Yellow,
12708,Plesioth Greaves PD Purple,
12709,Plesioth Leggings PD Black,
12710,Plesioth Leggings PD Yellow,
12711,Plesioth Leggings PD Purple,
12712,Gypceros Leggings PD Red,
12713,Gypceros Leggings PD Yellow,
12714,Gypceros Leggings PD Green,
12715,Kagura 【 Hakama 】 PD Red,
12716,Kagura 【 Hakama 】 PD Black,
12717,Kagura 【 Hakama 】 PD Purple,
12718,Kamiza 【 Hakama 】 PD Red,
12719,Kamiza 【 Hakama 】 PD Black,
12720,Kamiza 【 Hakama 】 PD Purple,
12721,Mosswine Feet PD White,
12722,Mosswine Feet PD Yellow,
12723,Mosswine Feet PD Blue,
12724,忍の Tabi・陰 PD Yellow,
12725,忍の Tabi・陰 PD Red,
12726,忍の Tabi・陰 PD Blue,
12727,Dusk D Feet・Red,
12728,Dusk D Feet・White,
12729,Dusk D Feet・Peach,
12730,Dusk D Feet・Blue,
12731,Marin D Feet・Blue,
12732,Marin D Feet・Peach,
12733,Marin D Feet・White,
12734,Marin D Feet・Black,
12735,Reflet D Feet・Blue,
12736,Reflet D Feet・White,
12737,Reflet D Feet・Red,
12738,Reflet D Feet・Black,
12739,Tenpi Legs D・Red,
12740,Tenpi Legs D・Blue,
12741,Tenpi Legs D・Black,
12742,Tenpi Legs D・White,
12743,Tenpi ノ鉄衣D・Red,
12744,Tenpi ノ鉄衣D・Blue,
12745,Tenpi ノ鉄衣D・Black,
12746,Tenpi ノ鉄衣D・White,
12747,Naga D Feet・Blue,
12748,Naga D Feet・Red,
12749,Naga D Feet・White,
12750,Naga D Feet・Black,
12751,Sheriff D Feet・Tea,
12752,Sheriff D Feet・Black,
12753,Sheriff D Feet・Blue,
12754,Sheriff D Feet・White,
12755,Serena D Feet・Purple,
12756,Serena D Feet・Blue,
12757,Serena D Feet・White,
12758,Serena D Feet・Red,
12759,Gelt D Feet・Black,
12760,Gelt D Feet・Copper,
12761,Gelt D Feet・Silver,
12762,Gelt D Feet・Gold,
12763,Gloria D Feet・Gold,
12764,Gloria D Feet・Blue,
12765,Gloria D Feet・Water,
12766,Gloria D Feet・Red,
12767,Cloth D Feet・Red,
12768,Cloth D Feet・Blue,
12769,Cloth D Feet・Purple,
12770,Cloth D Feet・Green,
12771,Rast D Feet・Black,
12772,Rast D Feet・Blue,
12773,Rast D Feet・Crimson,
12774,Rast D Feet・White,
12775,Siena D Greaves・Silver,
12776,Siena D Greaves・Black,
12777,Siena D Greaves・Red,
12778,Siena D Greaves・Blue,
12779,Cultu D Feet・Ash,
12780,Cultu D Feet・Blue,
12781,Cultu D Feet・Orange,
12782,Cultu D Feet・Green,
12783,Truss D Leggings Blue,
12784,Truss D Leggings Red,
12785,Truss D Leggings White,
12786,Truss D Leggings Purple,
12787,Maisto D Feet・Crimson,
12788,Maisto D Feet・Green,
12789,Maisto D Feet・Green,
12790,Maisto D Feet・Pink,
12791,Randa Hakama・D Yellow,
12792,Randa Hakama・D Red,
12793,Randa Hakama・D Purple,
12794,Randa Hakama・D Gold,
12795,Buney D Feet・Black,
12796,Buney D Feet・White,
12797,Buney D Feet・Red,
12798,Buney D Feet・Purple,
12799,Regelia D Feet・White,
12800,Regelia D Feet・Red,
12801,Regelia D Feet・Green,
12802,Regelia D Feet・Blue,
12803,Aristo D Feet・Blue,
12804,Aristo D Feet・White,
12805,Aristo D Feet・Purple,
12806,Aristo D Feet・Red,
12807,Melety D Feet・White,
12808,Melety D Feet・Red,
12809,Melety D Feet・Blue,
12810,Melety D Feet・Black,
12811,Ferme D Feet・Black,
12812,Ferme D Feet・Red,
12813,Ferme D Feet・White,
12814,Ferme D Feet・Blue,
12815,Real D Feet・White,
12816,Real D Feet・Gold,
12817,Real D Feet・Blue,
12818,Real D Feet・Red,
12819,Arma D Feet・Black,
12820,Arma D Feet・White,
12821,Arma D Feet・Blue,
12822,Arma D Feet・Tea,
12823,Honour D Feet・Red,
12824,Honour D Feet・Blue,
12825,Honour D Feet・Green,
12826,Honour D Feet・紺,
12827,Pics D Feet・Green,
12828,Pics D Feet・Purple,
12829,Pics D Feet・Black,
12830,Pics D Feet・Water,
12831,Magos D Feet・Yellow,
12832,Magos D Feet・Red,
12833,Magos D Feet・Water,
12834,Magos D Feet・Blue,
12835,Arge D Feet,
12836,Camarera D Feet,
12837,Metenera D Feet,
12838,Abitto D Feet,
12839,Riburi D Feet,
12840,Zodic D Feet・Blue,
12841,Zodic D Feet・Tea,
12842,Zodic D Feet・Green,
12843,Zodic D Feet・Pink,
12844,Cayssis D Feet Water,
12845,Cayssis D Feet Red,
12846,Cayssis D Feet Blue,
12847,Cayssis D Feet Orange,
12848,Omet D Feet・Black,
12849,Omet D Feet・Red,
12850,Omet D Feet・White,
12851,Omet D Feet・Blue,
12852,Edio D Feet・Blue,
12853,Edio D Feet・Red,
12854,Edio D Feet・Yellow,
12855,Edio D Feet・Black,
12856,Steno D Greaves・Orange,
12857,Steno D Greaves・Peach,
12858,Steno D Greaves・Blue,
12859,Steno D Greaves・Red,
12860,Suriito D Feet・Yellow,
12861,Suriito D Feet・Silver,
12862,Suriito D Feet・Red,
12863,Suriito D Feet・Blue,
12864,Galitos D Feet・Tea,
12865,Galitos D Feet・Red,
12866,Galitos D Feet・Black,
12867,Galitos D Feet・Water,
12868,Text D Feet・Purple,
12869,Text D Feet・Green,
12870,Text D Feet・Blue,
12871,Text D Feet・Black,
12872,Pharan D Feet・White,
12873,Pharan D Feet・Black,
12874,Pharan D Feet・Red,
12875,Pharan D Feet・Blue,
12876,Gold D Feet・Red,
12877,Gold D Feet・Blue,
12878,Gold D Feet・Yellow,
12879,Gold D Feet・Purple,
12880,Claire D Feet・Purple,
12881,Claire D Feet・Water,
12882,Claire D Feet・Red,
12883,Claire D Feet・Black,
12884,Gold Cat D Boots,
12885,Silver Cat D Boots,
12886,Ex D Feet・White,
12887,Ex D Feet・Red,
12888,Ex D Feet・Blue,
12889,Ex D Feet・Black,
12890,Star Festival D Tabi 【 Red 】,
12891,Star Festival D Tabi 【 Blue 】,
12892,Star Festival D Tabi 【 Black 】,
12893,Star Festival D Tabi 【 White 】,
12894,Promise D Boots・White,
12895,Promise D Boots・Blue,
12896,Promise D Boots・Purple,
12897,Promise D Boots・Yellow,
12898,White M Boots D,
12899,Flight Greaves D・White,
12900,Flight Greaves D・Red,
12901,Flight Greaves D・Tea,
12902,Flight Greaves D・Blue,
12903,Bande D Feet・Blue,
12904,Bande D Feet・Red,
12905,Bande D Feet・Green,
12906,Bande D Feet・Black,
12907,Regnum D Feet・White,
12908,Regnum D Feet・Blue,
12909,Regnum D Feet・Red,
12910,Regnum D Feet・Tea,
12911,Gania D Feet・Red,
12912,Gania D Feet・Blue,
12913,Gania D Feet・Tea,
12914,Gania D Feet・Purple,
12915,Amistad D Feet・Black,
12916,Amistad D Feet・White,
12917,Amistad D Feet・Blue,
12918,Amistad D Feet・Crimson,
12919,Perifu D Feet・Blue,
12920,Perifu D Feet・Tea,
12921,Perifu D Feet・Green,
12922,Perifu D Feet・Purple,
12923,Vakusu D Greaves,
12924,Rizuvue D Greaves,
12925,Konseru D Greaves,
12926,Utaei Legs D,
12927,Utatsumugu Legs D,
12928,Shikari Greaves D,
12929,Strega D Greaves,
12930,Eques D Greaves,
12931,Uida D Feet,
12932,Kuraaji D Greaves,
12933,Aneshisu D Greaves,
12934,Zaakaa D Greaves,
12935,Vinen D Greaves,
12936,Rudeos D Greaves,
12937,Breo D Greaves,
12938,Rouge D Greaves,
12939,Onero D Greaves,
12940,Diina D Leg,
12941,Oorowa D Greaves,
12942,Higakure D Greaves,
12943,Perce D Greaves,
12944,Orykto D Greaves,
12945,Orykto D Leggings,
12946,Yoruti D Greaves,
12947,Nisuru D Greaves,
12948,Maaden D Greaves,
12949,Maaden D Leggings,
12950,Cheni D Greaves,
12951,Eguiene D Greaves,
12952,Toruboda D Greaves,
12953,Kabariba D Greaves,
12954,Norukku D Feet,
12955,Valier D Greaves,
12956,Arumyu D Greaves,
12957,Chatore D Greaves,
12958,Pashio D Greaves,
12959,Cariva D Greaves,
12960,Desutora GS Sabaton,
12961,Desutora GP Sabaton,
12962,Desutora ZP Sabaton,
12963,Desutora GS Leggings,
12964,Desutora GP Leggings,
12965,Desutora ZP Leggings,
12966,Desutora D Sabaton,
12967,Bogabado ZD Greaves,
12968,Bogabado ZD Leggings,
12969,Nerishoku Greaves Z,
12970,Nerishoku Greaves ZF,
12971,Nerishoku Greaves ZY,
12972,Nerishoku Greaves ZX,
12973,Nerishoku Leggings Z,
12974,Nerishoku Leggings ZF,
12975,Nerishoku Leggings ZY,
12976,Nerishoku Leggings ZX,
12977,Baruragaru Z Greaves,
12978,Baruragaru ZF Greaves,
12979,Baruragaru ZY Greaves,
12980,Baruragaru ZX Greaves,
12981,Baruragaru Z Leggings,
12982,Baruragaru ZF Leggings,
12983,Baruragaru ZY Leggings,
12984,Baruragaru ZX Leggings,
12985,Gravios Z Greaves,
12986,Gravios ZF Greaves,
12987,Gravios ZY Greaves,
12988,Gravios ZX Greaves,
12989,Gravios Z Leggings,
12990,Gravios ZF Leggings,
12991,Gravios ZY Leggings,
12992,Gravios ZX Leggings,
12993,Rabius Feet,
12994,Rabius F Feet,
12995,Rabius FZ Feet,
12996,Rabius HS Feet,
12997,Rabius GS Feet,
12998,Rabius GP Feet,
12999,Rabius ZP Feet,
13000,Rabius Boots,
13001,Rabius F Boots,
13002,Rabius FZ Boots,
13003,Rabius HS Boots,
13004,Rabius GS Boots,
13005,Rabius GP Boots,
13006,Rabius ZP Boots,
13007,Rocras Feet,
13008,Rocras F Feet,
13009,Rocras FZ Feet,
13010,Rocras HS Feet,
13011,Rocras GS Feet,
13012,Rocras GP Feet,
13013,Rocras ZP Feet,
13014,Rocras Boots,
13015,Rocras F Boots,
13016,Rocras FZ Boots,
13017,Rocras HS Boots,
13018,Rocras GS Boots,
13019,Rocras GP Boots,
13020,Rocras ZP Boots,
13021,Alisys Feet,
13022,Alisys F Feet,
13023,Alisys FZ Feet,
13024,Alisys HS Feet,
13025,Alisys GS Feet,
13026,Alisys GP Feet,
13027,Alisys ZP Feet,
13028,Alisys Boots,
13029,Alisys F Boots,
13030,Alisys FZ Boots,
13031,Alisys HS Boots,
13032,Alisys GS Boots,
13033,Alisys GP Boots,
13034,Alisys ZP Boots,
13035,Loli Feet,
13036,Loli F Feet,
13037,Loli FZ Feet,
13038,Loli HS Feet,
13039,Loli GS Feet,
13040,Loli GP Feet,
13041,Loli ZP Feet,
13042,Loli Boots,
13043,Loli F Boots,
13044,Loli FZ Boots,
13045,Loli HS Boots,
13046,Loli GS Boots,
13047,Loli GP Boots,
13048,Loli ZP Boots,
13049,Recolis Feet,
13050,Recolis F Feet,
13051,Recolis FZ Feet,
13052,Recolis HS Feet,
13053,Recolis GS Feet,
13054,Recolis GP Feet,
13055,Recolis ZP Feet,
13056,Recolis Boots,
13057,Recolis F Boots,
13058,Recolis FZ Boots,
13059,Recolis HS Boots,
13060,Recolis GS Boots,
13061,Recolis GP Boots,
13062,Recolis ZP Boots,
13063,Bita G Greaves,
13064,Bita GF Greaves,
13065,Bita GX Greaves,
13066,Bita G Leggings,
13067,Bita GF Leggings,
13068,Bita GX Leggings,
13069,Koreputo G Greaves,
13070,Koreputo GF Greaves,
13071,Koreputo GX Greaves,
13072,Koreputo G Leggings,
13073,Koreputo GF Leggings,
13074,Koreputo GX Leggings,
13075,Rapin G Greaves,
13076,Rapin GF Greaves,
13077,Rapin GX Greaves,
13078,Rapin G Leggings,
13079,Rapin GF Leggings,
13080,Rapin GX Leggings,
13081,Kireek Feet,
13082,Kireek F Feet,
13083,Kireek FZ Feet,
13084,Kireek HS Feet,
13085,Kireek GS Feet,
13086,Kireek GP Feet,
13087,Kireek ZP Feet,
13088,Kireek Boots,
13089,Kireek F Boots,
13090,Kireek FZ Boots,
13091,Kireek HS Boots,
13092,Kireek GS Boots,
13093,Kireek GP Boots,
13094,Kireek ZP Boots,
13095,Quna Feet,
13096,Quna F Feet,
13097,Quna FZ Feet,
13098,Quna HS Feet,
13099,Quna GS Feet,
13100,Quna GP Feet,
13101,Quna ZP Feet,
13102,Quna Boots,
13103,Quna F Boots,
13104,Quna FZ Boots,
13105,Quna HS Boots,
13106,Quna GS Boots,
13107,Quna GP Boots,
13108,Quna ZP Boots,
13109,Dista Feet,
13110,Dista F Feet,
13111,Dista FZ Feet,
13112,Dista HS Feet,
13113,Dista GS Feet,
13114,Dista GP Feet,
13115,Dista ZP Feet,
13116,Dista Boots,
13117,Dista F Boots,
13118,Dista FZ Boots,
13119,Dista HS Boots,
13120,Dista GS Boots,
13121,Dista GP Boots,
13122,Dista ZP Boots,
13123,Ionia Feet,
13124,Ionia F Feet,
13125,Ionia FZ Feet,
13126,Ionia HS Feet,
13127,Ionia GS Feet,
13128,Ionia GP Feet,
13129,Ionia ZP Feet,
13130,Ionia Boots,
13131,Ionia F Boots,
13132,Ionia FZ Boots,
13133,Ionia HS Boots,
13134,Ionia GS Boots,
13135,Ionia GP Boots,
13136,Ionia ZP Boots,
13137,Guridi Z Greaves,
13138,Guridi ZF Greaves,
13139,Guridi ZY Greaves,
13140,Guridi ZX Greaves,
13141,Guridi Z Leggings,
13142,Guridi ZF Leggings,
13143,Guridi ZY Leggings,
13144,Guridi ZX Leggings,
13145,Shifunyi Z Feet,
13146,Shifunyi ZF Feet,
13147,Shifunyi ZY Feet,
13148,Shifunyi ZX Feet,
13149,Shifunyi Z Boots,
13150,Shifunyi ZF Boots,
13151,Shifunyi ZY Boots,
13152,Shifunyi ZX Boots,
13153,Rockman Boots,
13154,Patapatagook・Rainbow,
13155,Patapatagook F・Rainbow,
13156,Patapatagook FZ・Rainbow,
13157,Patapatagook HS・Rainbow,
13158,Patapatagook GS・Rainbow,
13159,Patapatagook GP・Rainbow,
13160,Patapatagook ZP・Rainbow,
13161,Patapatagook・Gold,
13162,Patapatagook F・Gold,
13163,Patapatagook FZ・Gold,
13164,Patapatagook HS・Gold,
13165,Patapatagook GS・Gold,
13166,Patapatagook GP・Gold,
13167,Patapatagook ZP・Gold,
13168,Patapatagook・Silver,
13169,Patapatagook F・Silver,
13170,Patapatagook FZ・Silver,
13171,Patapatagook HS・Silver,
13172,Patapatagook GS・Silver,
13173,Patapatagook GP・Silver,
13174,Patapatagook ZP・Silver,
13175,Patapatagook・Copper,
13176,Patapatagook F・Copper,
13177,Patapatagook FZ・Copper,
13178,Patapatagook HS・Copper,
13179,Patapatagook GS・Copper,
13180,Patapatagook GP・Copper,
13181,Patapatagook ZP・Copper,
13182,Patapatagook ZP・White,
13183,Patapatagook ZP・Red,
13184,Patapatagook ZP・Ash,
13185,Nerishoku Greaves D,
13186,Gravios ZD Greaves,
13187,Gravios ZD Leggings,
13188,Baruragaru ZD Greaves,
13189,Baruragaru ZD Leggings,
13190,Rabius D Feet,
13191,Rocras D Feet,
13192,Alisys D Feet,
13193,Loli D Feet,
13194,Recolis D Feet,
13195,Rapin D Greaves,
13196,Rapin C Greaves,
13197,Kireek D Feet,
13198,Quna D Feet,
13199,Dista D Feet,
13200,Ionia D Feet,
13201,Guridi D Greaves,
13202,Shifunyi D Feet,
13203,Rappy D Boots,
13204,Bita D Greaves,
13205,Koreputo D Greaves,
13206,Secuti D Feet・Black,
13207,Secuti D Feet・Blue,
13208,Secuti D Feet・Red,
13209,Secuti D Feet・White,
13210,Rockman D Boots,
13211,Issen D [Greaves 】・Red,
13212,蜂針D [Greaves 】・Orange,
13213,Patapatagook C・Rainbow,
13214,Patapatagook D・Gold,
13215,Patapatagook D・Silver,
13216,Patapatagook D・Copper,
13217,Patapatagook D・White,
13218,Patapatagook D・Ash,
13219,Patapatagook D・Red,
13220,Shanru Z Greaves,
13221,Shanru ZF Greaves,
13222,Shanru ZY Greaves,
13223,Shanru ZX Greaves,
13224,Shanru Z Leggings,
13225,Shanru ZF Leggings,
13226,Shanru ZY Leggings,
13227,Shanru ZX Leggings,
13228,Fanru Z Greaves,
13229,Fanru ZF Greaves,
13230,Fanru ZY Greaves,
13231,Fanru ZX Greaves,
13232,Fanru Z Leggings,
13233,Fanru ZF Leggings,
13234,Fanru ZY Leggings,
13235,Fanru ZX Leggings,
13236,Rengoku Greaves Z,
13237,Rengoku Greaves ZF,
13238,Rengoku Greaves ZY,
13239,Rengoku Greaves ZX,
13240,Rengoku Leggings Z,
13241,Rengoku Leggings ZF,
13242,Rengoku Leggings ZY,
13243,Rengoku Leggings ZX,
13244,Nerigeki Greaves Z,
13245,Nerigeki Greaves ZF,
13246,Nerigeki Greaves ZY,
13247,Nerigeki Greaves ZX,
13248,Nerigeki Leggings Z,
13249,Nerigeki Leggings ZF,
13250,Nerigeki Leggings ZY,
13251,Nerigeki Leggings ZX,
13252,Zamuza Z Greaves,
13253,Zamuza ZF Greaves,
13254,Zamuza ZY Greaves,
13255,Zamuza ZX Greaves,
13256,Zamuza Z Leggings,
13257,Zamuza ZF Leggings,
13258,Zamuza ZY Leggings,
13259,Zamuza ZX Leggings,
13260,Harudo Z Greaves,
13261,Harudo ZF Greaves,
13262,Harudo ZY Greaves,
13263,Harudo ZX Greaves,
13264,Harudo Z Leggings,
13265,Harudo ZF Leggings,
13266,Harudo ZY Leggings,
13267,Harudo ZX Leggings,
13268,Elysi G Greaves,
13269,Elysi GF Greaves,
13270,Elysi GX Greaves,
13271,Elysi G Leggings,
13272,Elysi GF Leggings,
13273,Elysi GX Leggings,
13274,Myunru Z Greaves,
13275,Myunru ZF Greaves,
13276,Myunru ZY Greaves,
13277,Myunru ZX Greaves,
13278,Myunru Z Leggings,
13279,Myunru ZF Leggings,
13280,Myunru ZY Leggings,
13281,Myunru ZX Leggings,
13282,Kinkou Feet,
13283,Kinkou F Feet,
13284,Kinkou FZ Feet,
13285,Kinkou HS Feet,
13286,Kinkou GS Feet,
13287,Kinkou GP Feet,
13288,Kinkou ZP Feet,
13289,Kinkou Boots,
13290,Kinkou F Boots,
13291,Kinkou FZ Boots,
13292,Kinkou HS Boots,
13293,Kinkou GS Boots,
13294,Kinkou GP Boots,
13295,Kinkou ZP Boots,
13296,Anbu Feet,
13297,Anbu F Feet,
13298,Anbu FZ Feet,
13299,Anbu HS Feet,
13300,Anbu GS Feet,
13301,Anbu GP Feet,
13302,Anbu ZP Feet,
13303,Anbu Boots,
13304,Anbu F Boots,
13305,Anbu FZ Boots,
13306,Anbu HS Boots,
13307,Anbu GS Boots,
13308,Anbu GP Boots,
13309,Anbu ZP Boots,
13310,Arbiter GS Sabaton,
13311,Arbiter GP Sabaton,
13312,Arbiter ZP Sabaton,
13313,Arbiter GS Leggings,
13314,Arbiter GP Leggings,
13315,Arbiter ZP Leggings,
13316,Fine Feet,
13317,Fine F Feet,
13318,Fine FZ Feet,
13319,Fine HS Feet,
13320,Fine GS Feet,
13321,Fine GP Feet,
13322,Fine ZP Feet,
13323,Fine Boots,
13324,Fine F Boots,
13325,Fine FZ Boots,
13326,Fine HS Boots,
13327,Fine GS Boots,
13328,Fine GP Boots,
13329,Fine ZP Boots,
13330,Kotona Feet,
13331,Kotona F Feet,
13332,Kotona FZ Feet,
13333,Kotona HS Feet,
13334,Kotona GS Feet,
13335,Kotona GP Feet,
13336,Kotona ZP Feet,
13337,Kotona Boots,
13338,Kotona F Boots,
13339,Kotona FZ Boots,
13340,Kotona HS Boots,
13341,Kotona GS Boots,
13342,Kotona GP Boots,
13343,Kotona ZP Boots,
13344,Finis Feet,
13345,Finis F Feet,
13346,Finis FZ Feet,
13347,Finis HS Feet,
13348,Finis GS Feet,
13349,Finis GP Feet,
13350,Finis ZP Feet,
13351,Finis Boots,
13352,Finis F Boots,
13353,Finis FZ Boots,
13354,Finis HS Boots,
13355,Finis GS Boots,
13356,Finis GP Boots,
13357,Finis ZP Boots,
13358,Firl Feet,
13359,Firl F Feet,
13360,Firl FZ Feet,
13361,Firl HS Feet,
13362,Firl GS Feet,
13363,Firl GP Feet,
13364,Firl ZP Feet,
13365,Firl Boots,
13366,Firl F Boots,
13367,Firl FZ Boots,
13368,Firl HS Boots,
13369,Firl GS Boots,
13370,Firl GP Boots,
13371,Firl ZP Boots,
13372,Ryoso Legs,
13373,Ryoso Legs F,
13374,Ryoso Legs FZ,
13375,Ryoso Legs HS,
13376,Ryoso Legs GS,
13377,Ryoso Legs GP,
13378,Ryoso Legs ZP,
13379,Ryoso Greaves,
13380,Ryoso Greaves F,
13381,Ryoso Greaves FZ,
13382,Ryoso Greaves HS,
13383,Ryoso Greaves GS,
13384,Ryoso Greaves GP,
13385,Ryoso Greaves ZP,
13386,Gems Feet,
13387,Gems F Feet,
13388,Gems FZ Feet,
13389,Gems HS Feet,
13390,Gems GS Feet,
13391,Gems GP Feet,
13392,Gems ZP Feet,
13393,Gems Boots,
13394,Gems F Boots,
13395,Gems FZ Boots,
13396,Gems HS Boots,
13397,Gems GS Boots,
13398,Gems GP Boots,
13399,Gems ZP Boots,
13400,Alisha Feet,
13401,Alisha F Feet,
13402,Alisha FZ Feet,
13403,Alisha HS Feet,
13404,Alisha GS Feet,
13405,Alisha GP Feet,
13406,Alisha ZP Feet,
13407,Alisha Boots,
13408,Alisha F Boots,
13409,Alisha FZ Boots,
13410,Alisha HS Boots,
13411,Alisha GS Boots,
13412,Alisha GP Boots,
13413,Alisha ZP Boots,
13414,Ricca Feet,
13415,Ricca F Feet,
13416,Ricca FZ Feet,
13417,Ricca HS Feet,
13418,Ricca GS Feet,
13419,Ricca GP Feet,
13420,Ricca ZP Feet,
13421,Ricca Boots,
13422,Ricca F Boots,
13423,Ricca FZ Boots,
13424,Ricca HS Boots,
13425,Ricca GS Boots,
13426,Ricca GP Boots,
13427,Ricca ZP Boots,
13428,Kelis Feet,
13429,Kelis F Feet,
13430,Kelis FZ Feet,
13431,Kelis HS Feet,
13432,Kelis GS Feet,
13433,Kelis GP Feet,
13434,Kelis ZP Feet,
13435,Kelis Boots,
13436,Kelis F Boots,
13437,Kelis FZ Boots,
13438,Kelis HS Boots,
13439,Kelis GS Boots,
13440,Kelis GP Boots,
13441,Kelis ZP Boots,
13442,Kinkou D Feet,
13443,Anbu D Feet,
13444,Rengoku Greaves D,
13445,Nerigeki Greaves D,
13446,Shanru D Greaves,
13447,Fanru D Greaves,
13448,Zamuza ZD Greaves,
13449,Zamuza ZD Leggings,
13450,Harudo ZD Greaves,
13451,Harudo ZD Leggings,
13452,Arbiter D Sabaton,
13453,Elysi D Greaves,
13454,Fine D Feet,
13455,Kotona D Feet,
13456,Finis D Feet,
13457,Firl D Feet,
13458,Ryoso Legs D,
13459,Gems D Feet,
13460,Alisha D Feet,
13461,Ricca D Feet,
13462,Kelis D Feet,
13463,Myunru D Greaves,
13464,Seiryu・Kensei D Feet,
13465,Seiryu・双龍D Feet,
13466,Seiryu・剣王D Feet,
13467,Seiryu・刀神D Feet,
13468,Seiryu・Heaven 槍D Feet,
13469,Seiryu・砲皇D Feet,
13470,Seiryu・鈍器獣D Feet,
13471,Seiryu・奏帝D Feet,
13472,Seiryu・穿凰D Feet,
13473,Seiryu・斬将D Feet,
13474,Seiryu・銃傑D Boots,
13475,Seiryu・銃仙D Boots,
13476,Seiryu・Bow 鬼D Boots,
13477,Seiryu・磁星D Feet,
13478,K.Lobster Feet PD Black,
13479,K.Lobster Feet PD Green,
13480,K.Lobster Feet PD Blue,
13481,K.Lobster Boots PD Black,
13482,K.Lobster Boots PD Green,
13483,K.Lobster Boots PD Blue,
13484,Hypnoc Greaves PD Green,
13485,Hypnoc Greaves PD Red,
13486,Hypnoc Greaves PD Yellow,
13487,Beru Greaves PD Black,
13488,Beru Greaves PD Red,
13489,Beru Greaves PD Purple,
13490,Beru Leggings PD Black,
13491,Beru Leggings PD Red,
13492,Beru Leggings PD Purple,
13493,Black Belt Greaves PD White,
13494,Black Belt Greaves PD Black,
13495,Black Belt Greaves PD Blue,
13496,Apkallu Greaves PD White,
13497,Apkallu Greaves PD Green,
13498,Apkallu Greaves PD Yellow,
13499,Ruko Feet PD White,
13500,Ruko Feet PD Blue,
13501,Ruko Feet PD Red,
13502,Ruko Legs PD White,
13503,Ruko Legs PD Blue,
13504,Ruko Legs PD Red,
13505,Comrade Boots PD White Red,
13506,Comrade Boots PD White Blue,
13507,Comrade Boots PD White Yellow,
13508,Otono D Greaves,
13509,忍の Tabi・空D,
13510,忍の Tabi・海D,
13511,Shadow Tabi・D,
13512,Shade Tabi・D,
13513,Hope D Greaves,
