index,source,target
0,Nothing Equipped,
1,Leather Mail,
2,Chainmail Mail,
3,Hunter's Mail,
4,Hunter's Vest,
5,Bone Mail,
6,Bone Vest,
7,Veloci Mail,
8,Veloci Vest,
9,Battle Mail,
10,Battle Vest,
11,Vespoid Mail,
12,Vespoid Vest,
13,Hornetaur Mail,
14,Hornetaur Vest,
15,High Metal Mail,
16,High Metal Vest,
17,Gen Mail,
18,Gen Vest,
19,Kut-Ku Mail,
20,Kut-Ku Vest,
21,Io Mail,
22,Io Vest,
23,Gypceros Mail,
24,Gypceros Vest,
25,Cepha Mail,
26,Cepha Vest,
27,Steel Mail,
28,Rathian Mail,
29,Rathian Vest,
30,Khezu Mail,
31,Khezu Vest,
32,Rathalos Mail,
33,Rathalos Vest,
34,Plesioth Mail,
35,Plesioth Vest,
36,King Lobster Shell,
37,King Lobster Skin,
38,Basarios Mail,
39,Basarios Vest,
40,Diablos Mail,
41,Diablos Vest,
42,Monoblos Mail,
43,Monoblos Vest,
44,Gravios Mail,
45,Gravios Vest,
46,Black Belt Mail,
47,Mosswine Vest,
48,Melahoa Ribplate,
49,Makluva Cover,
50,Bistro Vest,
51,Veloci ーツボディ,
52,Gen ーツボディ,
53,Io ーツボディ,
54,忍の Shozoku・陽,
55,忍の Shozoku・陰,
56,Guardian Suit,
57,Guardian Vest,
58,Helper Vest,
59,Healer Vest,
60,Garuga Mail,
61,Garuga Vest,
62,暁丸【胴当て】,
63,曙丸【胴当て】,
64,凛【胸当て】,
65,艶【胸当て】,
66,Dragon Hide,
67,Dragon Skin,
68,Leather U Mail,
69,Chainmail U Mail,
70,Hunter's U Mail,
71,Hunter's U Vest,
72,Bone U Mail,
73,Bone U Vest,
74,Gia Mail,
75,Gia Vest,
76,Battle U Mail,
77,Battle U Vest,
78,Vespoid U Mail,
79,Vespoid U Vest,
80,Hornetaur U Mail,
81,Hornetaur U Vest,
82,High Metal U Mail,
83,High Metal U Vest,
84,Gen U Mail,
85,Gen U Vest,
86,Kut-Ku U Mail,
87,Kut-Ku U Vest,
88,Io U Mail,
89,Io U Vest,
90,Gypceros U Mail,
91,Gypceros U Vest,
92,Cepha U Mail,
93,Cepha U Vest,
94,Steel U Mail,
95,Rath Heart Mail,
96,Rath Heart Vest,
97,Khezu U Mail,
98,Khezu U Vest,
99,Rath Soul Mail,
100,Rath Soul Vest,
101,Plesioth U Mail,
102,Plesioth U Vest,
103,Basarios U Mail,
104,Basarios U Vest,
105,Diablos U Mail,
106,Diablos U Vest,
107,Monodevil Mail,
108,Monodevil Vest,
109,Gravios U Mail,
110,Gravios U Vest,
111,忍の Shozoku・空,
112,忍の Shozoku・海,
113,Guardian U Suit,
114,Guardian U Vest,
115,Helper U Vest,
116,Healer U Vest,
117,暁丸・皇【胴当て】,
118,曙丸・皇【胴当て】,
119,凛・皇【胸当て】,
120,艶・皇【胸当て】,
121,ミラ Vulcan Hide,
122,ミラ Vulcan Skin,
123,ゴールド Lune Mail,
124,ゴールド Lune Vest,
125,Silver Sol Mail,
126,Silver Sol Vest,
127,Leather S Mail,
128,Chainmail S Mail,
129,Hunter's S Mail,
130,Hunter's S Vest,
131,Bone S Mail,
132,Bone S Vest,
133,Veloci S Mail,
134,Veloci S Vest,
135,Battle S Mail,
136,Battle S Vest,
137,Vespoid S Mail,
138,Vespoid S Vest,
139,Hornetaur S Mail,
140,Hornetaur S Vest,
141,High Metal S Mail,
142,High Metal S Vest,
143,Gen S Mail,
144,Gen S Vest,
145,Kut-Ku S Mail,
146,Kut-Ku S Vest,
147,Io S Mail,
148,Io S Vest,
149,Gypceros S Mail,
150,Gypceros S Vest,
151,Cepha S Mail,
152,Cepha S Vest,
153,Steel S Mail,
154,Rathian S Mail,
155,Rathian S Vest,
156,Khezu S Mail,
157,Khezu S Vest,
158,Rathalos S Mail,
159,Rathalos S Vest,
160,Plesioth S Mail,
161,Plesioth S Vest,
162,Basarios S Mail,
163,Basarios S Vest,
164,Diablos S Mail,
165,Diablos S Vest,
166,Monoblos S Mail,
167,Monoblos S Vest,
168,Gravios S Mail,
169,Gravios S Vest,
170,忍の Shozoku・Heaven,
171,忍の Shozoku・Earth,
172,Guild Guard Suit Crimson,
173,Guild Guard Vest Crimson,
174,Guild Guard Suit Crimson,
175,Guild Guard Vest Crimson,
176,暁丸・覇【胴当て】,
177,曙丸・覇【胴当て】,
178,凛・覇【胸当て】,
179,艶・覇【胸当て】,
180,Dragon S Hide,
181,Dragon S Skin,
182,Hermitaur Mail,
183,Hermitaur Vest,
184,Hermitaur U Mail,
185,Hermitaur U Vest,
186,Hermitaur S Mail,
187,Hermitaur S Vest,
188,Conga Mail,
189,Conga Vest,
190,Conga U Mail,
191,Conga U Vest,
192,Conga S Mail,
193,Conga S Vest,
194,Blango Mail,
195,Blango Vest,
196,Blango U Mail,
197,Blango U Vest,
198,Blango S Mail,
199,Blango S Vest,
200,Ceanataur Mail,
201,Ceanataur Vest,
202,Ceanataur U Mail,
203,Ceanataur U Vest,
204,Ceanataur S Mail,
205,Ceanataur S Vest,
206,Kirin Vest,
207,Kirin ケープ,
208,Kirin S Vest,
209,Kirin Sケープ,
210,Kushala Diru,
211,Kushala バダル,
212,Mizuha [Chestplate 】,
213,Toyotama [Chestplate 】,
214,Empress Mail,
215,Empress Vest,
216,Gold 剛【胴当て】,
217,不動【胴当て】,
218,Kaiser Mail,
219,Kaiser Vest,
220,夜叉【羽衣】,
221,修羅【羽衣】,
222,Golden Haori,
223,Puppeteer ノ装束,
224,White Fatalis Hide,
225,White Fatalis Skin,
226,Black Belt S Mail,
227,Gia ーツボディ,
228,Red Cat F Suit,
229,Remobra ーツボディ,
230,Guild Knight Suit,
231,Guild Knight Vest,
232,Maid Vest,
233,Private Vest,
234,狩人Tシャツ,
235,ダミー,
236,Guild Guard Suit Green,
237,Guild Guard Vest Green,
238,Guild Guard Suit Green,
239,Guild Guard Vest Green,
240,Fボディ00,
241,Fボディ01,
242,Guild ヒーロー Mail,
243,Hypnoc Mail,
244,Hypnoc Vest,
245,Hypnoc U Mail,
246,Hypnoc U Vest,
247,Lavasioth Mail,
248,Lavasioth Vest,
249,Lavasioth S Mail,
250,Lavasioth S Vest,
251,Gia U Mail,
252,Gia U Vest,
253,White Cat Suit,
254,Black Cat Suit,
255,Gold Cat Suit,
256,Gothic Plate,
257,Gothic F Plate,
258,Beil Brigantes,
259,Comrade Mail 【猩】,
260,Jisutoreru Vest,
261,Duo Mail,
262,Smart Vest,
263,Strength ボディ,
264,Boot Up Vest,
265,Yuenesu Vest,
266,Missing No.,
267,Missing No.,
268,Aerial Vest,
269,ジスト Vest,
270,Missing No.,
271,Extra Vest,
272,ウナペルト Vest,
273,Kyuura Vest,
274,Missing No.,
275,Missing No.,
276,Tigrex Mail,
277,Tigrex Vest,
278,Tigrex S Mail,
279,Tigrex S Vest,
280,Butterfly Thorax,
281,Butterfly ペクトス,
282,Butterfly S Thorax,
283,Butterfly Sペクトス,
284,Akantor ウルンテ,
285,Akantor ウルンペ,
286,ウナペルトF Vest,
287,Missing No.,
288,Melahoa U Ribplate,
289,Makluva U Cover,
290,Bistro U Vest,
291,King Beetle Thorax,
292,King Beetle ペクトス,
293,King Beetle S Thorax,
294,King Beetle Sペクトス,
295,Death Stench Muscle,
296,Death Stench Heart,
297,Death Stench S Muscle,
298,Death Stench S Heart,
299,Mafumofu Jacket,
300,Mafumofu S Jacket,
301,Kushala F Diru,
302,Kushala Fバダル,
303,Kaiser F Mail,
304,Kaiser F Vest,
305,Mizuha 魁 [Chestplate 】,
306,Toyotama 魁 [Chestplate 】,
307,Gold 剛・魁【胴当て】,
308,不動・魁【胴当て】,
309,夜叉・魁【羽衣】,
310,修羅・魁【羽衣】,
311,Empress F Mail,
312,Empress F Vest,
313,Golden Haori・魁,
314,Puppeteer ノ装束・魁,
315,Garuga F Mail,
316,Garuga F Vest,
317,Kushala F Diru,
318,Kushala Fバダル,
319,Kaiser F Mail,
320,Kaiser F Vest,
321,Mizuha 魁 [Chestplate 】,
322,Toyotama 魁 [Chestplate 】,
323,Gold 剛・魁【胴当て】,
324,不動・魁【胴当て】,
325,夜叉・魁【羽衣】,
326,修羅・魁【羽衣】,
327,Empress F Mail,
328,Empress F Vest,
329,Golden Haori・魁,
330,Puppeteer ノ装束・魁,
331,Garuga F Mail,
332,Garuga F Vest,
333,Lavasioth U Mail,
334,Lavasioth U Vest,
335,White Metal Mail,
336,Celeste Plate,
337,Ciel Brigantes,
338,Comrada Mail 【 Red 】,
339,Comrada Mail 【 Blue 】,
340,Comrada Mail 【 Green 】,
341,Comrada Mail 【 Orange 】,
342,Dummy,
343,Dummy,
344,Espinas Muscle,
345,Espinas Heart,
346,Espinas F Muscle,
347,Espinas F Heart,
348,Azul Jacket,
349,Azul Suit,
350,Amezari Mail,
351,Amezari Skin,
352,Promise Mail 【 White 】,
353,Promise Mail 【 Blue 】,
354,Promise Mail 【 Purple 】,
355,Promise Mail 【 Yellow 】,
356,Bliss Mail 【 White 】,
357,Bliss Mail 【 Blue 】,
358,Bliss Mail 【 Purple 】,
359,Bliss Mail 【 Yellow 】,
360,Bliss F Mail 【 White 】,
361,Bliss F Mail 【 Blue 】,
362,Bliss F Mail 【 Purple 】,
363,Bliss F Mail 【 Yellow 】,
364,Lodge Wear Vest,
365,Battle Vest SP Blue,
366,Battle Vest SP Yellow,
367,Battle Vest SP Purple,
368,Rathian Mail SP Blue,
369,Rathian Mail SP Red,
370,Rathian Mail SP Black,
371,Khezu Mail SP Blue,
372,Khezu Mail SP Green,
373,Khezu Mail SP Black,
374,Espinas Mail SP Red,
375,Espinas Mail SP Blue,
376,Espinas Mail SP Yellow,
377,Espinas Vest SP Red,
378,Espinas Vest SP Blue,
379,Espinas Vest SP Yellow,
380,Noir Jacket,
381,Guardi Suit SP White,
382,Guardi Suit SP Black,
383,Guardi Suit SP Purple,
384,Healer Vest SP Blue,
385,Healer Vest SP White,
386,Healer Vest SP Yellow,
387,Mafumofu Suit SP Red,
388,Mafumofu Suit SP Yellow,
389,Mafumofu Suit SP Purple,
390,Basarios Vest SP Red,
391,Basarios Vest SP Black,
392,Basarios Vest SP Yellow,
393,Apkallu Mail,
394,Apkallu Vest,
395,Gospel Mail,
396,Gospel Vest,
397,Espinas U Muscle,
398,Espinas U Heart,
399,Blango Mail SP Yellow,
400,Blango Mail SP Blue,
401,Blango Mail SP Black,
402,Golden Haori SP White,
403,Golden Haori SP Purple,
404,Golden Haori SP Green,
405,Gravios Vest SP Green,
406,Gravios Vest SP Purple,
407,Gravios Vest SP Red,
408,Vashimu Mail,
409,Vashimu Mail Yellow,
410,Vashimu Mail Green,
411,Vashimu Mail Crimson,
412,Vashimu Vest,
413,Vashimu Vest Yellow,
414,Vashimu Vest Green,
415,Vashimu Vest Crimson,
416,Vashimu F Mail,
417,Vashimu F Mail Yellow,
418,Vashimu F Mail Green,
419,Vashimu F Mail Crimson,
420,Vashimu F Vest,
421,Vashimu F Vest Yellow,
422,Vashimu F Vest Green,
423,Vashimu F Vest Crimson,
424,Eques Mail,
425,Eques Vest,
426,Eques Mail 改,
427,Eques Vest 改,
428,Eques F Mail,
429,Eques F Vest,
430,Star Festival Shozoku・Summer [Red 】,
431,Star Festival Shozoku・Summer [Blue 】,
432,Star Festival Shozoku・Summer [Black 】,
433,Star Festival Shozoku・Summer [White 】,
434,Tanabata Shozoku・Summer [Red 】,
435,Tanabata Shozoku・Summer [Blue 】,
436,Tanabata Shozoku・Summer [Black 】,
437,Tanabata Shozoku・Summer [White 】,
438,Star Festival Shozoku・織 [Red 】,
439,Star Festival Shozoku・織 [Blue 】,
440,Star Festival Shozoku・織 [Black 】,
441,Star Festival Shozoku・織 [White 】,
442,Tanabata Shozoku・織 [Red 】,
443,Tanabata Shozoku・織 [Blue 】,
444,Tanabata Shozoku・織 [Black 】,
445,Tanabata Shozoku・織 [White 】,
446,Star Festival Shozoku・Heaven [Red 】,
447,Star Festival Shozoku・Heaven [Blue 】,
448,Star Festival Shozoku・Heaven [Black 】,
449,Star Festival Shozoku・Heaven [White 】,
450,Tanabata Shozoku・Heaven [Red 】,
451,Tanabata Shozoku・Heaven [Blue 】,
452,Tanabata Shozoku・Heaven [Black 】,
453,Tanabata Shozoku・Heaven [White 】,
454,High Metal Mail SP Black,
455,High Metal Mail SP Blue,
456,High Metal Mail SP Yellow,
457,S・Sol Mail SP Red,
458,S・Sol Mail SP Purple,
459,S・Sol Mail SP Black,
460,Garuga Vest SP White,
461,Garuga Vest SP Green,
462,Garuga Vest SP Red,
463,Rookie Mail 【 White 】,
464,Rookie Mail 【 Red 】,
465,Rookie Mail 【 Green 】,
466,Hypnoc S Mail,
467,Hypnoc S Vest,
468,Purogia Mail,
469,Oracion Mail,
470,Requiem Mail,
471,Vashimu U Mail,
472,Vashimu U Mail Yellow,
473,Vashimu U Mail Green,
474,Vashimu U Mail Crimson,
475,Vashimu U Vest,
476,Vashimu U Vest Yellow,
477,Vashimu U Vest Green,
478,Vashimu U Vest Crimson,
479,Melan Jacket,
480,Melan Suit,
481,Rouge Jacket,
482,Magisa Vest・Red,
483,Magisa Vest・Black,
484,Magisa Vest・Green,
485,Magisa Vest・White,
486,Magisa Vest・Blue,
487,Wizard Suit・Red,
488,Wizard Suit・Black,
489,Wizard Suit・Green,
490,Wizard Suit・White,
491,Wizard Suit・Blue,
492,Magisa F Vest・Red,
493,Magisa F Vest・Black,
494,Magisa F Vest・Green,
495,Magisa F Vest・White,
496,Magisa F Vest・Blue,
497,Wizard F Suit・Red,
498,Wizard F Suit・Black,
499,Wizard F Suit・Green,
500,Wizard F Suit・White,
501,Wizard F Suit・Blue,
502,Crowley Vest・Red,
503,Crowley Vest・Black,
504,Crowley Vest・Green,
505,Crowley Vest・White,
506,Crowley Vest・Blue,
507,Faust Suit・Red,
508,Faust Suit・Black,
509,Faust Suit・Green,
510,Faust Suit・White,
511,Faust Suit・Blue,
512,Kushala Diru SP Red,
513,Kushala Diru SP Yellow,
514,Kushala Diru SP Green,
515,Kushala バダル SP Red,
516,Kushala バダル SP Yellow,
517,Kushala バダル SP Green,
518,Kirin Vest SP Red,
519,Kirin Vest SP Purple,
520,Kirin Vest SP Black,
521,Kirin ケープ SP Red,
522,Kirin ケープ SP Purple,
523,Kirin ケープ SP Black,
524,Strega Mail,
525,Strega Vest,
526,Strega Mail 改,
527,Strega Vest 改,
528,Strega F Mail,
529,Strega F Vest,
530,Khezu L Mail,
531,Cepha L Mail,
532,Ceanataur L Mail,
533,Rathalos L Mail,
534,Mafumofu L Jacket,
535,Red Cat Suit,
536,Amitie Vest,
537,Amitie Suit,
538,Basarios L Vest,
539,Gypceros L Vest,
540,Guardian R Suit,
541,Healer R Vest,
542,Hunter's R Mail,
543,Rath Heart R Mail,
544,Hermitaur R Mail,
545,Amitie F Vest,
546,Amitie F Suit,
547,Kyuura F Vest,
548,Guardian Rコルポ,
549,Healer Rケープ,
550,Quad Mail C,
551,Quad Mail,
552,Beru Mail,
553,Beru Vest,
554,Beru F Mail,
555,Beru F Vest,
556,Lien Vest・Blue,
557,Lien Suit・Blue,
558,Lien Vest・Red,
559,Lien Suit・Red,
560,Lien Vest・Black,
561,Lien Suit・Black,
562,Lien Vest・White,
563,Lien Suit・White,
564,Lien F Vest・Blue,
565,Lien F Suit・Blue,
566,Lien F Vest・Red,
567,Lien F Suit・Red,
568,Lien F Vest・Black,
569,Lien F Suit・Black,
570,Lien F Vest・White,
571,Lien F Suit・White,
572,Kaiser Mail SP White,
573,Kaiser Mail SP Black,
574,Kaiser Mail SP Green,
575,Kaiser Vest SP White,
576,Kaiser Vest SP Black,
577,Kaiser Vest SP Green,
578,Hermitaur Mail SP Blue,
579,Hermitaur Mail SP White,
580,Hermitaur Mail SP Purple,
581,Kut-Ku L Mail,
582,Gypceros L Mail,
583,Io L Mail,
584,Rathian L Mail,
585,Basarios L Mail,
586,Rathalos L Vest,
587,Monoblos L Vest,
588,Melahoa R Ribplate,
589,High Metal R Mail,
590,Diablos R Mail,
591,Blango R Mail,
592,Lavasioth R Mail,
593,Gia R Vest,
594,Battle R Vest,
595,Hypnoc ルータ Suit,
596,Hypnoc ルータ Vest,
597,Garuda Suit,
598,Garuda Vest 【 Heaven 】,
599,ファミ通Tシャツ,
600,ファミ通TシャツF,
601,Extra F Vest,
602,Butterfly L Thorax,
603,Hypnoc R Mail,
604,ディジ Gear Mail,
605,Priere Mail,
606,Salvacion Mail,
607,Shikari の胴当て,
608,Shikari の胴当て・魁,
609,G・Guard R Suit Green,
610,Arma Vest・Black,
611,Arma Suit・Black,
612,Arma Vest・White,
613,Arma Suit・White,
614,Arma Vest・Blue,
615,Arma Suit・Blue,
616,Arma Vest・Tea,
617,Arma Suit・Tea,
618,Orden Vest,
619,Orden Suit,
620,Arma F Vest・Black,
621,Arma F Suit・Black,
622,Arma F Vest・White,
623,Arma F Suit・White,
624,Arma F Vest・Blue,
625,Arma F Suit・Blue,
626,Arma F Vest・Tea,
627,Arma F Suit・Tea,
628,Orden F Vest,
629,Orden F Suit,
630,Es Quera Suit,
631,Es Quera Vest,
632,Pandeum Suit,
633,Pandeum Vest,
634,White Cat F Suit,
635,Death Stench L Muscle,
636,Black Belt L Mail,
637,Battle L Mail,
638,Tigrex L Mail,
639,Khezu R Mail,
640,Rath Soul R Mail,
641,Gia R Mail,
642,G・Guard R Suit Green,
643,Khezu L Vest,
644,Io R Vest,
645,Garuda Vest 【 Earth 】,
646,Purokusu Mail,
647,Purokusu F Mail,
648,Kurenesu Mail,
649,Kurenesu F Mail,
650,Suini Mail,
651,Suini F Mail,
652,Guraasu Vest,
653,Guraasu F Vest,
654,Forutu Mail,
655,Forutu F Mail,
656,Fakiru Mail,
657,Fakiru F Mail,
658,Baraban Mail,
659,Baraban F Mail,
660,Sufera Vest,
661,Sufera F Vest,
662,Paria Mail,
663,Paria F Mail,
664,Paria Vest,
665,Paria F Vest,
666,Hypnolia Suit,
667,Hypnolia Vest,
668,Feral Suit,
669,Feral Vest,
670,Demon Lord ノ肩鎧,
671,Rasta 教官胴,
672,童子ノ肩鎧,
673,ダミー,
674,Ex Vest・White,
675,Ex F Vest・White,
676,Ex Suit・White,
677,Ex F Suit・White,
678,Ex Vest・Red,
679,Ex F Vest・Red,
680,Ex Suit・Red,
681,Ex F Suit・Red,
682,Ex Vest・Blue,
683,Ex F Vest・Blue,
684,Ex Suit・Blue,
685,Ex F Suit・Blue,
686,Ex Vest・Black,
687,Ex F Vest・Black,
688,Ex Suit・Black,
689,Ex F Suit・Black,
690,Trance Vest,
691,Trance F Vest,
692,Trance Suit,
693,Trance F Suit,
694,Mizuha [Chest] SP Blue,
695,Mizuha [Chest] SP Red,
696,Mizuha [Chest] SP Yellow,
697,Toyotama [Chest] SP Blue,
698,Toyotama [Chest] SP Red,
699,Toyotama [Chest] SP Yellow,
700,暁丸【胴当て】 SP Red,
701,暁丸【胴当て】 SP Purple,
702,暁丸【胴当て】 SP White,
703,凛 [Chestplate] SP Black,
704,凛 [Chestplate] SP Purple,
705,凛 [Chestplate] SP White,
706,Hunter's L Mail,
707,Kirin L Vest,
708,Monoblos L Mail,
709,Diablos L Mail,
710,Gravios L Mail,
711,Vespoid L Mail,
712,Basarios R Mail,
713,G・Guard R Vest Green,
714,G・Guard R Vest Green,
715,Monodevil R Mail,
716,Hornetaur R Mail,
717,Ceanataur R Mail,
718,Blango L Vest,
719,Plesioth L Vest,
720,Khezu R Vest,
721,Gravios R Vest,
722,Weiss Muscle,
723,Weiss Heart,
724,Espinas R Muscle,
725,Tigrex L Vest,
726,Guns Suit,
727,Wild Suit,
728,Guns Vest,
729,Wild Vest,
730,Ecole Suit,
731,Dian Suit,
732,Ecole Vest,
733,Dian Vest,
734,Core Mail C,
735,Core Vest C,
736,Core Mail,
737,Core Vest,
738,Aneshisu Mail,
739,Aneshisu Vest,
740,Kuraaji Mail,
741,Kuraaji Mail 改,
742,Kuraaji F Mail,
743,Kuraaji Vest,
744,Kuraaji Vest 改,
745,Kuraaji F Vest,
746,Kinosu Mail,
747,Himeros Mail,
748,Bureshisu Mail,
749,Charien Vest,
750,Arietta Suit,
751,Tempest Suit,
752,Vento Vest,
753,Mistral Vest,
754,Arc Mail,
755,Arc Vest,
756,Rath Duo Mail,
757,Rath Duo Vest,
758,Shaln Vest・Blue,
759,Shaln F Vest・Blue,
760,Shaln Suit・Blue,
761,Shaln F Suit・Blue,
762,Shaln Vest・Green,
763,Shaln F Vest・Green,
764,Shaln Suit・Green,
765,Shaln F Suit・Green,
766,Shaln Vest・Purple,
767,Shaln F Vest・Purple,
768,Shaln Suit・Purple,
769,Shaln F Suit・Purple,
770,Shaln Vest・White,
771,Shaln F Vest・White,
772,Shaln Suit・White,
773,Shaln F Suit・White,
774,ルクス Vest,
775,ルクスF Vest,
776,ルクス Suit,
777,ルクスF Suit,
778,Real Mail・White,
779,Real F Mail・White,
780,Real Suit・White,
781,Real F Suit・White,
782,Real Mail・Gold,
783,Real F Mail・Gold,
784,Real Suit・Gold,
785,Real F Suit・Gold,
786,Real Mail・Blue,
787,Real F Mail・Blue,
788,Real Suit・Blue,
789,Real F Suit・Blue,
790,Real Mail・Red,
791,Real F Mail・Red,
792,Real Suit・Red,
793,Real F Suit・Red,
794,Regis Mail,
795,Regis F Mail,
796,Regis Suit,
797,Regis F Suit,
798,Comrade Mail 【葉】,
799,Comrade Mail 【柑】,
800,Comrade Mail 【冷】,
801,Ceanataur Vest SP Red,
802,Ceanataur Vest SP Black,
803,Ceanataur Vest SP Yellow,
804,Remobra ボディ SP White,
805,Remobra ボディ SP Yellow,
806,Remobra ボディ SP Black,
807,G・Knight Vest SP Red,
808,G・Knight Vest SP Blue,
809,G・Knight Vest SP Purple,
810,PV Vest SP Red,
811,PV Vest SP Blue,
812,PV Vest SP Purple,
813,Hermitaur L Mail,
814,High Metal L Mail,
815,Steel L Mail,
816,Lavasioth L Mail,
817,Bone L Mail,
818,Hornetaur L Mail,
819,G・Guard R Suit Crimson,
820,G・Guard R Suit Crimson,
821,Helper R Vest,
822,Battle R Mail,
823,Cepha R Mail,
824,Bone R Mail,
825,Io L Vest,
826,Ceanataur L Vest,
827,Rath Heart R Vest,
828,Bone R Vest,
829,Buran Jacket,
830,White Belt Mail,
831,Kagura 【胴当て】,
832,Kagura・覇【胴当て】,
833,Kamiza [Chestplate 】,
834,Kamiza・覇 [Chestplate 】,
835,アスハルテ Mail,
836,アスハルテ Suit,
837,ローク Mail,
838,ローク Vest,
839,Soldato Mail,
840,Gable Mail,
841,Soldato Suit,
842,Gable Suit,
843,Uida Mail,
844,スティーダ Mail,
845,Uida Suit,
846,スティーダ Suit,
847,Agria Suit,
848,Flower Suit,
849,Agria Vest,
850,Flower Vest,
851,Fauve Suit,
852,Fias Suit,
853,Fauve Vest,
854,Fias Vest,
855,フィデル Mail,
856,フィデルF Mail,
857,ファクト Mail,
858,ファクトF Mail,
859,シュロス Mail,
860,シュロスF Mail,
861,アエトス Vest,
862,アエトスF Vest,
863,ヴェルス Mail,
864,ヴェルスF Mail,
865,フラント Mail,
866,フラントF Mail,
867,Serieux Mail,
868,Serieux F Mail,
869,ウェネス Vest,
870,ウェネスF Vest,
871,Ferme Mail・Black,
872,Ferme F Mail・Black,
873,Ferme Suit・Black,
874,Ferme F Suit・Black,
875,Ferme Mail・Red,
876,Ferme F Mail・Red,
877,Ferme Suit・Red,
878,Ferme F Suit・Red,
879,Ferme Mail・White,
880,Ferme F Mail・White,
881,Ferme Suit・White,
882,Ferme F Suit・White,
883,Ferme Mail・Blue,
884,Ferme F Mail・Blue,
885,Ferme Suit・Blue,
886,Ferme F Suit・Blue,
887,リエーザ Mail,
888,リエーザF Mail,
889,リエーザ Suit,
890,リエーザF Suit,
891,Claire Vest・Purple,
892,Claire F Vest・Purple,
893,Claire Suit・Purple,
894,Claire F Suit・Purple,
895,Claire Vest・Water,
896,Claire F Vest・Water,
897,Claire Suit・Water,
898,Claire F Suit・Water,
899,Claire Vest・Red,
900,Claire F Vest・Red,
901,Claire Suit・Red,
902,Claire F Suit・Red,
903,Claire Vest・Black,
904,Claire F Vest・Black,
905,Claire Suit・Black,
906,Claire F Suit・Black,
907,Desert Vest,
908,Desert F Vest,
909,Desert Suit,
910,Desert F Suit,
911,Empress Mail SP Red,
912,Empress Mail SP Yellow,
913,Empress Mail SP Purple,
914,Empress Suit SP Red,
915,Empress Suit SP Yellow,
916,Empress Suit SP Purple,
917,Vespoid Mail SP Yellow,
918,Vespoid Mail SP Black,
919,Vespoid Mail SP Blue,
920,Comrade L Mail・Red,
921,Comrade L Mail・Blue,
922,Comrade L Mail・Green,
923,Comrade L Mail・Orange,
924,Comrade R Mail・Red,
925,Comrade R Mail・Blue,
926,Comrade R Mail・Green,
927,Comrade R Mail・Orange,
928,Battle L Vest,
929,Gravios L Vest,
930,Hunter's R Vest,
931,Vespoid R Vest,
932,チャチャブルング,
933,チャチャブルンガ,
934,チャチャブロエ,
935,チャチャブリダ,
936,ヴィリヴラ Mail,
937,Angriff Mail,
938,ヴィリヴラ Suit,
939,Angriff Suit,
940,Schutz Mail,
941,Hilfe Mail,
942,Schutz Suit,
943,Hilfe Suit,
944,Makluva R Cover,
945,Raviente Mail,
946,Raviente F Mail,
947,Raviente FX Mail,
948,Raviente Vest,
949,Raviente F Vest,
950,Raviente FX Vest,
951,アナキ Jacket,
952,アナキ Suit,
953,Harvest Mail,
954,Harvest Vest,
955,Craft Mail,
956,Craft F Mail,
957,Craft Vest,
958,Craft F Vest,
959,Ledia Mail,
960,Ledia F Mail,
961,Ledia Vest,
962,Ledia F Vest,
963,ティーア Suit,
964,Viruto Suit,
965,ティーア Vest,
966,Viruto Vest,
967,Muse Suit,
968,Tune Suit,
969,ゼーレ Vest,
970,Schnite Vest,
971,アセルス Vest,
972,アセルスF Vest,
973,スクラ Vest,
974,スクラF Vest,
975,ファルム Vest,
976,ファルムF Vest,
977,Diesel Suit,
978,Diesel F Suit,
979,スディブ Vest,
980,スディブF Vest,
981,フィブラ Vest,
982,フィブラF Vest,
983,リガス Vest,
984,リガスF Vest,
985,ミーツェ Suit,
986,ミーツェF Suit,
987,Melety Vest・White,
988,Melety F Vest・White,
989,Melety Suit・White,
990,Melety F Suit・White,
991,Melety Vest・Red,
992,Melety F Vest・Red,
993,Melety Suit・Red,
994,Melety F Suit・Red,
995,Melety Vest・Blue,
996,Melety F Vest・Blue,
997,Melety Suit・Blue,
998,Melety F Suit・Blue,
999,Melety Vest・Black,
1000,Melety F Vest・Black,
1001,Melety Suit・Black,
1002,Melety F Suit・Black,
1003,ゲレール Vest,
1004,ゲレールF Vest,
1005,レーラー Vest,
1006,レーラーF Vest,
1007,フェサー Vest,
1008,フェサーF Vest,
1009,シアンス Suit,
1010,シアンスF Suit,
1011,Gold Mail・Red,
1012,Gold F Mail・Red,
1013,Gold Suit・Red,
1014,Gold F Suit・Red,
1015,Gold Mail・Blue,
1016,Gold F Mail・Blue,
1017,Gold Suit・Blue,
1018,Gold F Suit・Blue,
1019,Gold Mail・Yellow,
1020,Gold F Mail・Yellow,
1021,Gold Suit・Yellow,
1022,Gold F Suit・Yellow,
1023,Gold Mail・Purple,
1024,Gold F Mail・Purple,
1025,Gold Suit・Purple,
1026,Gold F Suit・Purple,
1027,シデロ Mail,
1028,シデロF Mail,
1029,オール Mail,
1030,オールF Mail,
1031,メタロ Mail,
1032,メタロF Mail,
1033,アルジャ Suit,
1034,アルジャF Suit,
1035,Espinas FX Muscle,
1036,Espinas FX Heart,
1037,,
1038,エクスト Mail,
1039,エクスト Mail C,
1040,エクスト Vest,
1041,エクスト Vest C,
1042,Death Stench Muscle SP White,
1043,Death Stench Muscle SP Red,
1044,Death Stench Muscle SP Blue,
1045,Diablos Mail SP Purple,
1046,Diablos Mail SP Blue,
1047,Diablos Mail SP Yellow,
1048,Makluva Cover SP Green,
1049,Makluva Cover SP Blue,
1050,Makluva Cover SP Black,
1051,Dragon L Skin,
1052,Kirin Lケープ,
1053,Hermitaur L Vest,
1054,Bone L Vest,
1055,Vespoid L Vest,
1056,Diablos L Vest,
1057,G・Guard R Vest Crimson,
1058,G・Guard R Vest Crimson,
1059,Hornetaur R Vest,
1060,High Metal R Vest,
1061,Rath Soul R Vest,
1062,Blango L Mail,
1063,Plesioth L Mail,
1064,Gravios R Mail,
1065,Io R Mail,
1066,Inari 【胴当て】,
1067,Inari 覇【胴当て】,
1068,Tamamo [Chestplate 】,
1069,Tamamo 覇 [Chestplate 】,
1070,コカロ Mail,
1071,コカロ Vest,
1072,Shieri Mail,
1073,Shieri F Mail,
1074,Shieri Vest,
1075,Shieri F Vest,
1076,Harubadaa Mail,
1077,Harubadaa F Mail,
1078,Tracker Vest,
1079,Tracker F Vest,
1080,Zaakaa Mail,
1081,Zaakaa F Mail,
1082,Chaser Vest,
1083,Chaser F Vest,
1084,Royal Mail,
1085,Royal F Mail,
1086,Lord Vest,
1087,Lord F Vest,
1088,Dicto Suit,
1089,Dicto F Suit,
1090,Diletto Vest,
1091,Diletto F Vest,
1092,Kruss Suit,
1093,Kruss F Suit,
1094,Quote Vest,
1095,Quote F Vest,
1096,ウルバヌ Mail,
1097,ウルバヌF Mail,
1098,マグヌス Mail,
1099,マグヌスF Mail,
1100,ソレルス Mail,
1101,ソレルスF Mail,
1102,パルフェ Suit,
1103,パルフェF Suit,
1104,アスティ Mail,
1105,アスティF Mail,
1106,アガトン Mail,
1107,アガトンF Mail,
1108,ランプロ Mail,
1109,ランプロF Mail,
1110,ソフィス Suit,
1111,ソフィスF Suit,
1112,Aristo Vest・Blue,
1113,Aristo F Vest・Blue,
1114,Aristo Suit・Blue,
1115,Aristo F Suit・Blue,
1116,Aristo Vest・White,
1117,Aristo F Vest・White,
1118,Aristo Suit・White,
1119,Aristo F Suit・White,
1120,Aristo Vest・Purple,
1121,Aristo F Vest・Purple,
1122,Aristo Suit・Purple,
1123,Aristo F Suit・Purple,
1124,Aristo Vest・Red,
1125,Aristo F Vest・Red,
1126,Aristo Suit・Red,
1127,Aristo F Suit・Red,
1128,ビリス Vest,
1129,ビリスF Vest,
1130,ギエール Vest,
1131,ギエールF Vest,
1132,カウント Vest,
1133,カウントF Vest,
1134,フュルス Suit,
1135,フュルスF Suit,
1136,Text Vest・Purple,
1137,Text F Vest・Purple,
1138,Text Suit・Purple,
1139,Text F Suit・Purple,
1140,Text Vest・Green,
1141,Text F Vest・Green,
1142,Text Suit・Green,
1143,Text F Suit・Green,
1144,Text Vest・Blue,
1145,Text F Vest・Blue,
1146,Text Suit・Blue,
1147,Text F Suit・Blue,
1148,Text Vest・Black,
1149,Text F Vest・Black,
1150,Text Suit・Black,
1151,Text F Suit・Black,
1152,Pasu マ Vest,
1153,Pasu マF Vest,
1154,フィーブル Vest,
1155,フィーブルF Vest,
1156,ヴァラク Vest,
1157,ヴァラクF Vest,
1158,ネウロン Suit,
1159,ネウロンF Suit,
1160,Arge Vest,
1161,Arge F Vest,
1162,Arge Suit,
1163,Arge F Suit,
1164,Akantor ウルンテ SP Black,
1165,Akantor ウルンテ SP Red,
1166,Akantor ウルンテ SP White,
1167,Akantor ウルンペ SP Black,
1168,Akantor ウルンペ SP Red,
1169,Akantor ウルンペ SP White,
1170,Gravios Mail SP Black,
1171,Gravios Mail SP Blue,
1172,Gravios Mail SP Red,
1173,Conga L Vest,
1174,Hunter's L Vest,
1175,Veloci L Vest,
1176,Hornetaur L Vest,
1177,High Metal L Vest,
1178,Gen L Vest,
1179,Gen R Vest,
1180,Kut-Ku R Vest,
1181,Basarios R Vest,
1182,Cepha R Vest,
1183,Plesioth R Vest,
1184,Gypceros R Vest,
1185,Dragon L Hide,
1186,Veloci L Mail,
1187,Vespoid R Mail,
1188,Kut-Ku R Mail,
1189,Vashimu FX Mail,
1190,Vashimu FX Vest,
1191,Vashimu FX Mail Yellow,
1192,Vashimu FX Vest Yellow,
1193,Vashimu FX Mail Green,
1194,Vashimu FX Vest Green,
1195,Vashimu FX Mail Crimson,
1196,Vashimu FX Vest Crimson,
1197,Azul F Jacket,
1198,Azul F Suit,
1199,護靈者風衣GS,
1200,護靈者風衣GP,
1201,護靈者風衣ZP,
1202,護靈者之翼GS,
1203,護靈者之翼GP,
1204,護靈者之翼ZP,
1205,兵士外衣GS,
1206,兵士外衣GP,
1207,兵士外衣ZP,
1208,兵士披肩GS,
1209,兵士披肩GP,
1210,兵士披肩ZP,
1211,野蠻護甲GS,
1212,野蠻護甲GP,
1213,野蠻護甲ZP,
1214,野蠻鎖甲GS,
1215,野蠻鎖甲GP,
1216,野蠻鎖甲ZP,
1217,晴雲鎖甲GS,
1218,晴雲鎖甲GP,
1219,晴雲鎖甲ZP,
1220,晴雲衣裳GS,
1221,晴雲衣裳GP,
1222,晴雲衣裳ZP,
1223,失落狂甲GS,
1224,失落狂甲GP,
1225,失落狂甲ZP,
1226,失落猛甲GS,
1227,失落猛甲GP,
1228,失落猛甲ZP,
1229,Beru ドラ Mail,
1230,Beru ドラ Vest,
1231,Diru Jacket,
1232,Diru F Jacket,
1233,Diru Suit,
1234,Diru F Suit,
1235,Sufia Vest,
1236,Sufia F Vest,
1237,Sufia Suit,
1238,Sufia F Suit,
1239,Starina Suit,
1240,Starina F Suit,
1241,Starina Vest,
1242,Starina F Vest,
1243,Loose Suit,
1244,Loose F Suit,
1245,Loose Vest,
1246,Loose F Vest,
1247,Rage Mail,
1248,Rage F Mail,
1249,Rage Suit,
1250,Rage F Suit,
1251,Rampage Mail,
1252,Rampage F Mail,
1253,Rampage Suit,
1254,Rampage F Suit,
1255,Blaze Mail,
1256,Blaze F Mail,
1257,Blaze Suit,
1258,Blaze F Suit,
1259,Pharan Mail・White,
1260,Pharan F Mail・White,
1261,Pharan Suit・White,
1262,Pharan F Suit・White,
1263,Pharan Mail・Black,
1264,Pharan F Mail・Black,
1265,Pharan Suit・Black,
1266,Pharan F Suit・Black,
1267,Pharan Mail・Red,
1268,Pharan F Mail・Red,
1269,Pharan Suit・Red,
1270,Pharan F Suit・Red,
1271,Pharan Mail・Blue,
1272,Pharan F Mail・Blue,
1273,Pharan Suit・Blue,
1274,Pharan F Suit・Blue,
1275,Gold Cat F Vest,
1276,Gold Cat F Suit,
1277,Silver Cat Suit,
1278,Silver Cat F Vest,
1279,Silver Cat F Suit,
1280,ヴィン Suit,
1281,ヴィンF Suit,
1282,ヴァンデ Suit,
1283,ヴァンデF Suit,
1284,デスモ Suit,
1285,デスモF Suit,
1286,ミスク Vest,
1287,ミスクF Vest,
1288,ウーズィ Suit,
1289,ウーズィF Suit,
1290,レガーメ Suit,
1291,レガーメF Suit,
1292,ノット Suit,
1293,ノットF Suit,
1294,ラソス Vest,
1295,ラソスF Vest,
1296,Tigrex Mail SP Black,
1297,Tigrex Mail SP White,
1298,Tigrex Mail SP Purple,
1299,Monoblos Mail SP Yellow,
1300,Monoblos Mail SP Green,
1301,Monoblos Mail SP White,
1302,Khezu Vest SP Black,
1303,Khezu Vest SP Green,
1304,Khezu Vest SP Blue,
1305,Hypnoc L Vest,
1306,Lavasioth L Vest,
1307,Butterfly Lペクトス,
1308,Cepha L Vest,
1309,Rathian L Vest,
1310,Kut-Ku L Vest,
1311,忍の Shozoku・R,
1312,Leather R Mail,
1313,Espinas R Heart,
1314,Bistro R Vest,
1315,Vashimu R Vest,
1316,Vashimu R Vest Yellow,
1317,Vashimu R Vest Green,
1318,Vashimu R Vest Crimson,
1319,Lavasioth R Vest,
1320,King Beetle L Thorax,
1321,Gen L Mail,
1322,Steel R Mail,
1323,Vashimu R Mail,
1324,Vashimu R Mail Yellow,
1325,Vashimu R Mail Green,
1326,Vashimu R Mail Crimson,
1327,Inari FX【胴当て】,
1328,Tamamo FX [Chestplate 】,
1329,Eques FX Mail,
1330,Eques FX Vest,
1331,Noir F Jacket,
1332,Himeros F Mail,
1333,Bureshisu F Mail,
1334,Charien F Vest,
1335,Guren Mail,
1336,Guren F Mail,
1337,Guren Vest,
1338,Guren F Vest,
1339,Garnet Mail,
1340,Garnet F Mail,
1341,Garnet FX Mail,
1342,Amethyst Mail,
1343,Amethyst F Mail,
1344,Amethyst FX Mail,
1345,Coral Mail,
1346,Coral F Mail,
1347,Coral FX Mail,
1348,Quartz Mail,
1349,Quartz F Mail,
1350,Quartz FX Mail,
1351,Ruby Mail,
1352,Ruby F Mail,
1353,Ruby FX Mail,
1354,Sapphire Mail,
1355,Sapphire F Mail,
1356,Sapphire FX Mail,
1357,Emerald Mail,
1358,Emerald F Mail,
1359,Emerald FX Mail,
1360,Pearl Mail,
1361,Pearl F Mail,
1362,Pearl FX Mail,
1363,Topaz Vest,
1364,Topaz F Vest,
1365,Topaz FX Vest,
1366,Tourmaline Vest,
1367,Tourmaline F Vest,
1368,Tourmaline FX Vest,
1369,Lapis Vest,
1370,Lapis F Vest,
1371,Lapis FX Vest,
1372,Beru FX Mail,
1373,Beru FX Vest,
1374,Apkallu F Mail,
1375,Apkallu F Vest,
1376,Mixes Mail,
1377,Mixes F Mail,
1378,Mixes Vest,
1379,Mixes F Vest,
1380,Atra Mail,
1381,Atra F Mail,
1382,Atra Vest,
1383,Atra F Vest,
1384,Mirado Suit,
1385,Mirado F Suit,
1386,Mirado Vest,
1387,Mirado F Vest,
1388,Deyuru Mail,
1389,Deyuru F Mail,
1390,Deyuru Vest,
1391,Deyuru F Vest,
1392,クルシッド Mail,
1393,クルシッドF Mail,
1394,ヴェロシ Mail,
1395,ヴェロシF Mail,
1396,ケプト Mail,
1397,ケプトF Mail,
1398,ハウット Suit,
1399,ハウットF Suit,
1400,ヴェンガ Mail,
1401,ヴェンガF Mail,
1402,スプリン Mail,
1403,スプリンF Mail,
1404,マシャル Mail,
1405,マシャルF Mail,
1406,ペンブル Suit,
1407,ペンブルF Suit,
1408,Regelia Mail・White,
1409,Regelia F Mail・White,
1410,Regelia Suit・White,
1411,Regelia F Suit・White,
1412,Regelia Mail・Red,
1413,Regelia F Mail・Red,
1414,Regelia Suit・Red,
1415,Regelia F Suit・Red,
1416,Regelia Mail・Green,
1417,Regelia F Mail・Green,
1418,Regelia Suit・Green,
1419,Regelia F Suit・Green,
1420,Regelia Mail・Blue,
1421,Regelia F Mail・Blue,
1422,Regelia Suit・Blue,
1423,Regelia F Suit・Blue,
1424,ゴラエス Mail,
1425,ゴラエスF Mail,
1426,バシリス Mail,
1427,バシリスF Mail,
1428,インジン Mail,
1429,インジンF Mail,
1430,Dexter Suit,
1431,Dexter F Suit,
1432,ジャッグ Mail,
1433,ジャッグF Mail,
1434,コンシラ Mail,
1435,コンシラF Mail,
1436,Predator Mail,
1437,Predator F Mail,
1438,プリジド Suit,
1439,プリジドF Suit,
1440,Suriito Vest・Yellow,
1441,Suriito F Vest・Yellow,
1442,Suriito Suit・Yellow,
1443,Suriito F Suit・Yellow,
1444,Suriito Vest・Silver,
1445,Suriito F Vest・Silver,
1446,Suriito Suit・Silver,
1447,Suriito F Suit・Silver,
1448,Suriito Vest・Red,
1449,Suriito F Vest・Red,
1450,Suriito Suit・Red,
1451,Suriito F Suit・Red,
1452,Suriito Vest・Blue,
1453,Suriito F Vest・Blue,
1454,Suriito Suit・Blue,
1455,Suriito F Suit・Blue,
1456,Camarera Vest,
1457,Camarera F Vest,
1458,Camarera Suit,
1459,Camarera F Suit,
1460,Plesioth Mail SP Black,
1461,Plesioth Mail SP Yellow,
1462,Plesioth Mail SP Purple,
1463,Plesioth Vest SP Black,
1464,Plesioth Vest SP Yellow,
1465,Plesioth Vest SP Purple,
1466,Gypceros Vest SP Red,
1467,Gypceros Vest SP Yellow,
1468,Gypceros Vest SP Green,
1469,ダミー,
1470,ダミー,
1471,White Fatalis R Hide,
1472,G・Lune R Vest,
1473,S・Sol R Vest,
1474,Death Stench L Heart,
1475,Leather L Mail,
1476,Chainmail L Mail,
1477,Ceanataur R Vest,
1478,Diablos R Vest,
1479,Blango R Vest,
1480,Conga R Mail,
1481,Conga R Vest,
1482,Hypnoc R Vest,
1483,Monodevil R Vest,
1484,Plesioth R Mail,
1485,Santa Vest,
1486,Santa F Vest,
1487,Santa Suit,
1488,Santa F Suit,
1489,フェリ Mail,
1490,フェリF Mail,
1491,フェリ Vest,
1492,フェリF Vest,
1493,テネール Jacket,
1494,テネールF Jacket,
1495,テネール Suit,
1496,テネールF Suit,
1497,Rider Suit B,
1498,Rising Suit B,
1499,Rider Vest B,
1500,Rising Vest B,
1501,Rider Suit R,
1502,Rising Suit R,
1503,Rider Vest R,
1504,Rising Vest R,
1505,Rider Suit Y,
1506,Rising Suit Y,
1507,Rider Vest Y,
1508,Rising Vest Y,
1509,Rider Suit G,
1510,Rising Suit G,
1511,Rider Vest G,
1512,Rising Vest G,
1513,Robust Diru,
1514,Robust F Diru,
1515,Robust Skin,
1516,Robust F Skin,
1517,Kukubo Mail,
1518,Kukubo F Mail,
1519,Kukubo Vest,
1520,Kukubo F Vest,
1521,Falco Mail,
1522,Falco F Mail,
1523,Falco Vest,
1524,Falco F Vest,
1525,ヴェスナ Mail,
1526,ヴェスナF Mail,
1527,ベラノ Mail,
1528,ベラノF Mail,
1529,カリフ Mail,
1530,カリフF Mail,
1531,シター Suit,
1532,シターF Suit,
1533,コンセト Mail,
1534,コンセトF Mail,
1535,バステル Mail,
1536,バステルF Mail,
1537,カタフ Mail,
1538,カタフF Mail,
1539,ハネツァ Suit,
1540,ハネツァF Suit,
1541,Bunny Suit・Black,
1542,Bunny F Suit・Black,
1543,Bunny Vest・Black,
1544,Bunny F Vest・Black,
1545,Bunny Suit・White,
1546,Bunny F Suit・White,
1547,Bunny Vest・White,
1548,Bunny F Vest・White,
1549,Bunny Suit・Red,
1550,Bunny F Suit・Red,
1551,Bunny Vest・Red,
1552,Bunny F Vest・Red,
1553,Bunny Suit・Purple,
1554,Bunny F Suit・Purple,
1555,Bunny Vest・Purple,
1556,Bunny F Vest・Purple,
1557,昇龍胴着・White,
1558,昇龍F胴着・White,
1559,波動胴着・White,
1560,波動F胴着・White,
1561,百裂胴着・Blue,
1562,百裂F胴着・Blue,
1563,気功胴着・Blue,
1564,気功F胴着・Blue,
1565,昇龍胴着・紺,
1566,昇龍F胴着・紺,
1567,波動胴着・紺,
1568,波動F胴着・紺,
1569,百裂胴着・Black,
1570,百裂F胴着・Black,
1571,気功胴着・Black,
1572,気功F胴着・Black,
1573,昇龍胴着・Yellow,
1574,昇龍F胴着・Yellow,
1575,波動胴着・Yellow,
1576,波動F胴着・Yellow,
1577,百裂胴着・Yellow,
1578,百裂F胴着・Yellow,
1579,気功胴着・Yellow,
1580,気功F胴着・Yellow,
1581,昇龍胴着・Purple,
1582,昇龍F胴着・Purple,
1583,波動胴着・Purple,
1584,波動F胴着・Purple,
1585,百裂胴着・Green,
1586,百裂F胴着・Green,
1587,気功胴着・Green,
1588,気功F胴着・Green,
1589,Steno Mail・Orange,
1590,Steno F Mail・Orange,
1591,Steno Vest・Orange,
1592,Steno F Vest・Orange,
1593,Steno Mail・Peach,
1594,Steno F Mail・Peach,
1595,Steno Vest・Peach,
1596,Steno F Vest・Peach,
1597,Steno Mail・Blue,
1598,Steno F Mail・Blue,
1599,Steno Vest・Blue,
1600,Steno F Vest・Blue,
1601,Steno Mail・Red,
1602,Steno F Mail・Red,
1603,Steno Vest・Red,
1604,Steno F Vest・Red,
1605,Jumpin' Suit,
1606,Jumpin' F Suit,
1607,Jumpin' Vest,
1608,Jumpin' F Vest,
1609,アデュス Mail,
1610,アデュスF Mail,
1611,アデュス Vest,
1612,アデュスF Vest,
1613,Metenera Vest,
1614,Metenera F Vest,
1615,Metenera Suit,
1616,Metenera F Suit,
1617,Excelle Mail,
1618,Excelle F Mail,
1619,Excelle Vest,
1620,Excelle F Vest,
1621,Pupen Mail,
1622,Pupen F Mail,
1623,Pupen Vest,
1624,Pupen F Vest,
1625,Moss Covered Mail,
1626,Moss Covered F Mail,
1627,Moss Covered Vest,
1628,Moss Covered F Vest,
1629,Kagura 【胴当て】 SP Red,
1630,Kagura 【胴当て】 SP Black,
1631,Kagura 【胴当て】 SP Purple,
1632,Kamiza [Chestplate] SP Red,
1633,Kamiza [Chestplate] SP Black,
1634,Kamiza [Chestplate] SP Purple,
1635,Mosswine Vest SP White,
1636,Mosswine Vest SP Yellow,
1637,Mosswine Vest SP Blue,
1638,King Beetle Lペクトス,
1639,Hypnoc L Mail,
1640,Conga L Mail,
1641,Chainmail R Mail,
1642,Hermitaur R Vest,
1643,Gypceros R Mail,
1644,Gen R Mail,
1645,Shasse Mail,
1646,Shasse Vest,
1647,Gospel F Mail,
1648,Gospel F Vest,
1649,Rouge F Jacket,
1650,Freyja Mail,
1651,Freyja Vest,
1652,Paria FX Mail,
1653,Paria FX Vest,
1654,Guren FX Mail,
1655,Guren FX Vest,
1656,Ruko Hide,
1657,Ruko F Hide,
1658,Ruko Skin,
1659,Ruko F Skin,
1660,Blitz Vest,
1661,Blitz ケープ,
1662,Lils Mail,
1663,ダミー,
1664,Lils Vest,
1665,ダミー,
1666,Kagura FX【胴当て】,
1667,Kamiza FX [Chestplate 】,
1668,Blue Sky Haori,
1669,Blue Sky Haori・魁,
1670,Welkin Haori,
1671,Welkin Haori・魁,
1672,Breo Jacket,
1673,Breo F Jacket,
1674,Vinen Jacket,
1675,Vinen F Jacket,
1676,Vinen Suit,
1677,Vinen F Suit,
1678,アナトリ Mail,
1679,アナトリ Vest,
1680,Edio Mail・Blue,
1681,Edio F Mail・Blue,
1682,エ Dios ーツ・Blue,
1683,Edio F Suit・Blue,
1684,Edio Mail・Red,
1685,Edio F Mail・Red,
1686,エ Dios ーツ・Red,
1687,Edio F Suit・Red,
1688,Edio Mail・Yellow,
1689,Edio F Mail・Yellow,
1690,エ Dios ーツ・Yellow,
1691,Edio F Suit・Yellow,
1692,Edio Mail・Black,
1693,Edio F Mail・Black,
1694,エ Dios ーツ・Black,
1695,Edio F Suit・Black,
1696,Abitto Vest,
1697,Abitto F Vest,
1698,Abitto Suit,
1699,Abitto F Suit,
1700,Howx Mail,
1701,Howx F Mail,
1702,Howx Vest,
1703,Howx F Vest,
1704,Pirata Jacket,
1705,Pirata F Jacket,
1706,Pirata Suit,
1707,Pirata F Suit,
1708,アレス Vest,
1709,アレスF Vest,
1710,カリノ Vest,
1711,カリノF Vest,
1712,ルルス Vest,
1713,ルルスF Vest,
1714,Nada Suit,
1715,Nada F Suit,
1716,Rosa Vest,
1717,Rosa F Vest,
1718,Haosu Vest,
1719,Haosu F Vest,
1720,Miru Vest,
1721,Miru F Vest,
1722,Pasu Suit,
1723,Pasu F Suit,
1724,Randa の胴当・Yellow,
1725,蘭蛮の胴当・Yellow,
1726,Randa の Shozoku・Yellow,
1727,蘭蛮の Shozoku・Yellow,
1728,Randa の胴当・Red,
1729,蘭蛮の胴当・Red,
1730,Randa の Shozoku・Red,
1731,蘭蛮の Shozoku・Red,
1732,Randa の胴当・Purple,
1733,蘭蛮の胴当・Purple,
1734,Randa の Shozoku・Purple,
1735,蘭蛮の Shozoku・Purple,
1736,Randa の胴当・Gold,
1737,蘭蛮の胴当・Gold,
1738,Randa の Shozoku・Gold,
1739,蘭蛮の Shozoku・Gold,
1740,竜巻胴着・Black,
1741,竜巻F胴着・Black,
1742,True 空胴着・Black,
1743,True 空F胴着・Black,
1744,千裂胴着・Black,
1745,千裂F胴着・Black,
1746,覇山胴着・Black,
1747,覇山F胴着・Black,
1748,竜巻胴着・Tea,
1749,竜巻F胴着・Tea,
1750,True 空胴着・Tea,
1751,True 空F胴着・Tea,
1752,千裂胴着・Purple,
1753,千裂F胴着・Purple,
1754,覇山胴着・Purple,
1755,覇山F胴着・Purple,
1756,竜巻胴着・White,
1757,竜巻F胴着・White,
1758,True 空胴着・White,
1759,True 空F胴着・White,
1760,千裂胴着・White,
1761,千裂F胴着・White,
1762,覇山胴着・White,
1763,覇山F胴着・White,
1764,竜巻胴着・Blue,
1765,竜巻F胴着・Blue,
1766,True 空胴着・Blue,
1767,True 空F胴着・Blue,
1768,千裂胴着・Green,
1769,千裂F胴着・Green,
1770,覇山胴着・Green,
1771,覇山F胴着・Green,
1772,正拳胴着,
1773,正拳F胴着,
1774,灼熱胴着,
1775,灼熱F胴着,
1776,龍星胴着,
1777,龍星F胴着,
1778,虎襲胴着,
1779,虎襲F胴着,
1780,旋風胴着,
1781,旋風F胴着,
1782,巴胴着,
1783,巴F胴着,
1784,Heaven 空胴着,
1785,Heaven 空F胴着,
1786,Heaven 昇胴着,
1787,Heaven 昇F胴着,
1788,Jeamu Mail,
1789,Jeamu F Mail,
1790,Amyusu Mail,
1791,Amyusu F Mail,
1792,Clevan Mail,
1793,Clevan F Mail,
1794,Meterosu Suit,
1795,Meterosu F Suit,
1796,Shipureru Mail,
1797,Shipureru F Mail,
1798,Toresupa Mail,
1799,Toresupa F Mail,
1800,Suteraru Mail,
1801,Suteraru F Mail,
1802,Hakyura Suit,
1803,Hakyura F Suit,
1804,Orutemo F Vest,
1805,Orutemo F Suit,
1806,忍の Shozoku・陰 SP Yellow,
1807,忍の Shozoku・陰 SP Red,
1808,忍の Shozoku・陰 SP Blue,
1809,K.Lobster Shell SP Black,
1810,K.Lobster Shell SP Green,
1811,K.Lobster Shell SP Blue,
1812,K.Lobster Skin SP Black,
1813,K.Lobster Skin SP Green,
1814,K.Lobster Skin SP Blue,
1815,Aneshisu F Mail,
1816,Aneshisu F Vest,
1817,Buran F Jacket,
1818,Zwinger Mail,
1819,Zwinger Suit,
1820,Demon Lord ノ肩鎧・魁,
1821,童子ノ肩鎧・魁,
1822,Melan F Jacket,
1823,Melan F Suit,
1824,Buto F Vest,
1825,Himeros FX Mail,
1826,Charien FX Vest,
1827,Bureshisu FX Mail,
1828,Rathalos LX Mail,
1829,Rath Soul RX Mail,
1830,Khezu LX Mail,
1831,Khezu RX Mail,
1832,High Metal LX Mail,
1833,High Metal RX Mail,
1834,Hornetaur LX Vest,
1835,Hornetaur RX Vest,
1836,Beru ドラR Mail,
1837,Beru ドラR Vest,
1838,Flame Mail,
1839,Flame Vest,
1840,Noon Glow Haori,
1841,夕茜ノ Haori,
1842,Poogie Vest,
1843,Poogie F Vest,
1844,Poogie Torso,
1845,Poogie F Torso,
1846,Mandora Vest,
1847,Mandora F Vest,
1848,Mandora Suit,
1849,Mandora F Suit,
1850,Aonoko Vest,
1851,Aonoko F Vest,
1852,Aonoko Suit,
1853,Aonoko F Suit,
1854,Zeroi Jacket,
1855,Zeroi F Jacket,
1856,Zeroi Suit,
1857,Zeroi F Suit,
1858,Rail Mail,
1859,Rail F Mail,
1860,Rail Vest,
1861,Rail F Vest,
1862,Rudeos Mail,
1863,Rudeos F Mail,
1864,Rudeos Vest,
1865,Rudeos F Vest,
1866,Orchesis Mail,
1867,Orchesis F Mail,
1868,Orchesis Vest,
1869,Orchesis F Vest,
1870,フルイト Mail,
1871,フルイトF Mail,
1872,ゲレオン Mail,
1873,ゲレオンF Mail,
1874,ケック Mail,
1875,ケックF Mail,
1876,ヘンフロ Vest,
1877,ヘンフロF Vest,
1878,フリゲト Mail,
1879,フリゲトF Mail,
1880,バーク Mail,
1881,バークF Mail,
1882,ブリガン Mail,
1883,ブリガンF Mail,
1884,プラム Vest,
1885,プラムF Vest,
1886,Maisto Vest・Crimson,
1887,Maisto F Vest・Crimson,
1888,Maisto Suit・Crimson,
1889,Maisto F Suit・Crimson,
1890,Maisto Vest・Green,
1891,Maisto F Vest・Green,
1892,Maisto Suit・Green,
1893,Maisto F Suit・Green,
1894,Maisto Vest・Green,
1895,Maisto F Vest・Green,
1896,Maisto Suit・Green,
1897,Maisto F Suit・Green,
1898,Maisto Vest・Pink,
1899,Maisto F Vest・Pink,
1900,Maisto Suit・Pink,
1901,Maisto F Suit・Pink,
1902,Wagune Vest,
1903,Wagune F Vest,
1904,Wagune Suit,
1905,Wagune F Suit,
1906,Pistis F Vest,
1907,Pistis F Suit,
1908,Hypnoc Mail SP Green,
1909,Hypnoc Mail SP Red,
1910,Hypnoc Mail SP Yellow,
1911,Beru Mail SP Black,
1912,Beru Mail SP Red,
1913,Beru Mail SP Purple,
1914,Beru Vest SP Black,
1915,Beru Vest SP Red,
1916,Beru Vest SP Purple,
1917,Rurudi Mail,
1918,Rurudi Vest,
1919,Arc F Mail,
1920,Arc F Vest,
1921,Strega FX Mail,
1922,Strega FX Vest,
1923,Rath Heart RX Mail,
1924,Rathian LX Mail,
1925,Vespoid RX Vest,
1926,Vespoid LX Vest,
1927,Hermitaur RX Mail,
1928,Hermitaur LX Mail,
1929,Diablos RX Mail,
1930,Diablos LX Mail,
1931,リリオ Mail,
1932,フレサ Mail,
1933,クラ Beru Mail,
1934,シルエラ Mail,
1935,カメ Lea Mail,
1936,ハシント Mail,
1937,セレソ Mail,
1938,オリバ Mail,
1939,ラウレル Vest,
1940,ココ Vest,
1941,グラナダ Vest,
1942,アトロ Jacket,
1943,アトロF Jacket,
1944,アトロ Suit,
1945,アトロF Suit,
1946,Gogomoa Mail,
1947,Gogomoa F Mail,
1948,Gogomoa Vest,
1949,Gogomoa F Vest,
1950,Wadatsumi [Chestplate 】,
1951,Okami [Chestplate 】,
1952,Diina Vest,
1953,Diina F Vest,
1954,True Shadow Haori,
1955,True Shadow Haori・魁,
1956,翔影ノ Haori,
1957,翔影ノ Haori・魁,
1958,Black Tiger Haori,
1959,Black 豹ノ Haori,
1960,刹帝利ノ肩鎧,
1961,婆羅門ノ肩鎧,
1962,Galitos Vest・Tea,
1963,Galitos F Vest・Tea,
1964,Galitos Suit・Tea,
1965,Galitos F Suit・Tea,
1966,Galitos Vest・Red,
1967,Galitos F Vest・Red,
1968,Galitos Suit・Red,
1969,Galitos F Suit・Red,
1970,Galitos Vest・Black,
1971,Galitos F Vest・Black,
1972,Galitos Suit・Black,
1973,Galitos F Suit・Black,
1974,Galitos Vest・Water,
1975,Galitos F Vest・Water,
1976,Galitos Suit・Water,
1977,Galitos F Suit・Water,
1978,Riburi Vest,
1979,Riburi F Vest,
1980,Riburi FZ Vest,
1981,Riburi Suit,
1982,Riburi F Suit,
1983,Riburi FZ Suit,
1984,Ridere Mail,
1985,Ridere F Mail,
1986,Ridere Vest,
1987,Ridere F Vest,
1988,Riot Mail,
1989,Riot F Mail,
1990,Riot Vest,
1991,Riot F Vest,
1992,スケ Ina Mail,
1993,スケ Ina F Mail,
1994,ミッシナ Mail,
1995,ミッシナF Mail,
1996,プリース Mail,
1997,プリースF Mail,
1998,レキトリ Vest,
1999,レキトリF Vest,
2000,マドニカ Mail,
2001,マドニカF Mail,
2002,ヴィリヤ Mail,
2003,ヴィリヤF Mail,
2004,ラプラル Mail,
2005,ラプラルF Mail,
2006,サザール Vest,
2007,サザールF Vest,
2008,Truss Jacket Blue,
2009,Truss F Jacket Blue,
2010,Truss Vest Blue,
2011,Truss F Vest Blue,
2012,Truss Jacket Red,
2013,Truss F Jacket Red,
2014,Truss Vest Red,
2015,Truss F Vest Red,
2016,Truss Jacket White,
2017,Truss F Jacket White,
2018,Truss Vest White,
2019,Truss F Vest White,
2020,Truss Jacket Purple,
2021,Truss F Jacket Purple,
2022,Truss Vest Purple,
2023,Truss F Vest Purple,
2024,Demon ドレス Blue,
2025,Demon Fドレス Blue,
2026,Chaos ドレス Blue,
2027,Chaos Fドレス Blue,
2028,Demon ドレス Red,
2029,Demon Fドレス Red,
2030,Chaos ドレス Red,
2031,Chaos Fドレス Red,
2032,Demon ドレス Green,
2033,Demon Fドレス Green,
2034,Chaos ドレス Green,
2035,Chaos Fドレス Green,
2036,Demon ドレス White,
2037,Demon Fドレス White,
2038,Chaos ドレス White,
2039,Chaos Fドレス White,
2040,Shadow Suit Purple,
2041,Shadow F Suit Purple,
2042,Soul Suit Purple,
2043,Soul F Suit Purple,
2044,Shadow Suit Red,
2045,Shadow F Suit Red,
2046,Soul Suit Red,
2047,Soul F Suit Red,
2048,Shadow Suit Green,
2049,Shadow F Suit Green,
2050,Soul Suit Green,
2051,Soul F Suit Green,
2052,Shadow Suit White,
2053,Shadow F Suit White,
2054,Soul Suit White,
2055,Soul F Suit White,
2056,フィディ Mail,
2057,エピディ Mail,
2058,ヴェルフィ Mail,
2059,ヴェルフィ Vest,
2060,テリオグ Mail,
2061,テリオグ Vest,
2062,Kurossu Vest,
2063,Kurossu F Vest,
2064,Kurossu Suit,
2065,Kurossu F Suit,
2066,Shieri FX Mail,
2067,Shieri FX Vest,
2068,Craft FX Mail,
2069,Craft FX Vest,
2070,Moss Covered FX Mail,
2071,Moss Covered FX Vest,
2072,Excelle FX Mail,
2073,Excelle FX Vest,
2074,Blue Sky Haori・True,
2075,Welkin Haori・True,
2076,ビステマ Mail,
2077,Rath Duo F Mail,
2078,Rath Duo F Vest,
2079,ロークF Mail,
2080,ロークF Vest,
2081,Buruho F Vest・Blue,
2082,マー Gear F Suit・Blue,
2083,Gogomoa FX Mail,
2084,Gogomoa FX Vest,
2085,Kuraaji FX Mail,
2086,Kuraaji FX Vest,
2087,Zaakaa FX Mail,
2088,Chaser FX Vest,
2089,Abitto FZ Vest,
2090,Abitto FZ Suit,
2091,Arge FZ Vest,
2092,Arge FZ Suit,
2093,Camarera FZ Vest,
2094,Camarera FZ Suit,
2095,Metenera FZ Vest,
2096,Metenera FZ Suit,
2097,Ruko FX Hide,
2098,Ruko FX Skin,
2099,Zamuza Mail,
2100,Zamuza F Mail,
2101,Zamuza FX Mail,
2102,Zamuza Vest,
2103,Zamuza F Vest,
2104,Zamuza FX Vest,
2105,Abiorugu Mail,
2106,Abiorugu F Mail,
2107,Abiorugu FX Mail,
2108,Abiorugu Vest,
2109,Abiorugu F Vest,
2110,Abiorugu FX Vest,
2111,Black Belt Mail SP White,
2112,Black Belt Mail SP Black,
2113,Black Belt Mail SP Blue,
2114,Apkallu Mail SP White,
2115,Apkallu Mail SP Green,
2116,Apkallu Mail SP Yellow,
2117,Cepha LX Mail,
2118,Blango LX Mail,
2119,Gravios LX Mail,
2120,Bone LX Vest,
2121,Cepha RX Mail,
2122,Blango RX Mail,
2123,Gravios RX Mail,
2124,Bone RX Vest,
2125,White Snake Haori,
2126,White Snake Haori・魁,
2127,White 鳥ノ Haori,
2128,White 鳥ノ Haori・魁,
2129,Kakabu Mail,
2130,Kakabu Vest,
2131,Onero Mail,
2132,Onero Vest,
2133,Jyaga Mail,
2134,Jyaga Vest,
2135,Omet Mail・Black,
2136,Omet F Mail・Black,
2137,Omet Suit・Black,
2138,Omet F Suit・Black,
2139,Omet Mail・Red,
2140,Omet F Mail・Red,
2141,Omet Suit・Red,
2142,Omet F Suit・Red,
2143,Omet Mail・White,
2144,Omet F Mail・White,
2145,Omet Suit・White,
2146,Omet F Suit・White,
2147,Omet Mail・Blue,
2148,Omet F Mail・Blue,
2149,Omet Suit・Blue,
2150,Omet F Suit・Blue,
2151,Rutare Mail,
2152,Rutare F Mail,
2153,Rutare Vest,
2154,Rutare F Vest,
2155,Rolling Flow Chestplate,
2156,Rolling Flow Chestplate・魁,
2157,旋転の Chestplate,
2158,旋転の Chestplate・魁,
2159,厳岩の胴当て,
2160,厳岩の胴当て・魁,
2161,不破の胴当て,
2162,不破の胴当て・魁,
2163,無想の胴当て,
2164,無想の胴当て・魁,
2165,俊激の Shozoku,
2166,俊激の Shozoku・魁,
2167,Suifudo Vest,
2168,Suifudo F Vest,
2169,Merodesu Vest,
2170,Merodesu F Vest,
2171,Sumatosu Vest,
2172,Sumatosu F Vest,
2173,Passhio Suit,
2174,Passhio F Suit,
2175,Cultu Vest・Ash,
2176,Cultu F Vest・Ash,
2177,Cultu Suit・Ash,
2178,Cultu F Suit・Ash,
2179,Cultu Vest・Blue,
2180,Cultu F Vest・Blue,
2181,Cultu Suit・Blue,
2182,Cultu F Suit・Blue,
2183,Cultu Vest・Orange,
2184,Cultu F Vest・Orange,
2185,Cultu Suit・Orange,
2186,Cultu F Suit・Orange,
2187,Cultu Vest・Green,
2188,Cultu F Vest・Green,
2189,Cultu Suit・Green,
2190,Cultu F Suit・Green,
2191,Jisutoreru F Vest,
2192,Risaaza F Mail,
2193,Risaaza F Suit,
2194,Text FZ Vest・Purple,
2195,Text FZ Vest・Green,
2196,Text FZ Vest・Blue,
2197,Text FZ Vest・Black,
2198,Text FZ Suit・Purple,
2199,Text FZ Suit・Green,
2200,Text FZ Suit・Blue,
2201,Text FZ Suit・Black,
2202,Suriito FZ Vest・Yellow,
2203,Suriito FZ Vest・Silver,
2204,Suriito FZ Vest・Red,
2205,Suriito FZ Vest・Blue,
2206,Suriito FZ Suit・Yellow,
2207,Suriito FZ Suit・Silver,
2208,Suriito FZ Suit・Red,
2209,Suriito FZ Suit・Blue,
2210,Steno FZ Mail・Orange,
2211,Steno FZ Mail・Peach,
2212,Steno FZ Mail・Blue,
2213,Steno FZ Mail・Red,
2214,Steno FZ Vest・Orange,
2215,Steno FZ Vest・Peach,
2216,Steno FZ Vest・Blue,
2217,Steno FZ Vest・Red,
2218,Edio FZ Mail・Blue,
2219,Edio FZ Mail・Red,
2220,Edio FZ Mail・Yellow,
2221,Edio FZ Mail・Black,
2222,Edio FZ Suit・Blue,
2223,Edio FZ Suit・Red,
2224,Edio FZ Suit・Yellow,
2225,Edio FZ Suit・Black,
2226,Galitos FZ Vest・Tea,
2227,Galitos FZ Vest・Red,
2228,Galitos FZ Vest・Black,
2229,Galitos FZ Vest・Water,
2230,Galitos FZ Suit・Tea,
2231,Galitos FZ Suit・Red,
2232,Galitos FZ Suit・Black,
2233,Galitos FZ Suit・Water,
2234,Beil F Brigantes,
2235,Dummy,
2236,Jess Mail,
2237,Jess F Mail,
2238,Jess FY Mail,
2239,Jess HC Mail,
2240,Jess Vest,
2241,Jess F Vest,
2242,Jess FY Vest,
2243,Jess HC Vest,
2244,Eques HC Mail,
2245,Eques HC Vest,
2246,Kuraaji HC Mail,
2247,Kuraaji HC Vest,
2248,Melan FY Jacket,
2249,Melan HC Jacket,
2250,Melan FY Suit,
2251,Melan HC Suit,
2252,Harubadaa FY Mail,
2253,Harubadaa HC Mail,
2254,Tracker FY Vest,
2255,Tracker HC Vest,
2256,Omet FZ Mail・Black,
2257,Omet FZ Suit・Black,
2258,Omet FZ Mail・Red,
2259,Omet FZ Suit・Red,
2260,Omet FZ Mail・White,
2261,Omet FZ Suit・White,
2262,Omet FZ Mail・Blue,
2263,Omet FZ Suit・Blue,
2264,Cultu FZ Vest・Ash,
2265,Cultu FZ Suit・Ash,
2266,Cultu FZ Vest・Blue,
2267,Cultu FZ Suit・Blue,
2268,Cultu FZ Vest・Orange,
2269,Cultu FZ Suit・Orange,
2270,Cultu FZ Vest・Green,
2271,Cultu FZ Suit・Green,
2272,Cultu HC Vest・Ash,
2273,Cultu HC Suit・Ash,
2274,Cultu HC Vest・Blue,
2275,Cultu HC Suit・Blue,
2276,Cultu HC Vest・Orange,
2277,Cultu HC Suit・Orange,
2278,Cultu HC Vest・Green,
2279,Cultu HC Suit・Green,
2280,Gauss FZ Mail,
2281,Weber FZ Mail,
2282,Gilbert FZ Mail,
2283,Gauss FZ Vest,
2284,Weber FZ Vest,
2285,Gilbert FZ Vest,
2286,Gauss HC Mail,
2287,Weber HC Mail,
2288,Gilbert HC Mail,
2289,Gauss HC Vest,
2290,Weber HC Vest,
2291,Gilbert HC Vest,
2292,Shaln FZ Vest・Blue,
2293,Shaln HC Vest・Blue,
2294,Shaln FZ Suit・Blue,
2295,Shaln HC Suit・Blue,
2296,Shaln FZ Vest・Green,
2297,Shaln HC Vest・Green,
2298,Shaln FZ Suit・Green,
2299,Shaln HC Suit・Green,
2300,Shaln FZ Vest・Purple,
2301,Shaln HC Vest・Purple,
2302,Shaln FZ Suit・Purple,
2303,Shaln HC Suit・Purple,
2304,Shaln FZ Vest・White,
2305,Shaln HC Vest・White,
2306,Shaln FZ Suit・White,
2307,Shaln HC Suit・White,
2308,ダミー,
2309,ダミー,
2310,ダミー,
2311,ダミー,
2312,ダミー,
2313,ダミー,
2314,ダミー,
2315,ダミー,
2316,ダミー,
2317,ダミー,
2318,ダミー,
2319,ダミー,
2320,ダミー,
2321,ダミー,
2322,ダミー,
2323,ダミー,
2324,ダミー,
2325,ダミー,
2326,ダミー,
2327,ダミー,
2328,ダミー,
2329,ダミー,
2330,Kuaru Mail,
2331,Kuaru F Mail,
2332,Kuaru FX Mail,
2333,Kuaru Vest,
2334,Kuaru F Vest,
2335,Kuaru FX Vest,
2336,Wind Diru,
2337,Wind バダル,
2338,Ruko Hide SP White,
2339,Ruko Hide SP Blue,
2340,Ruko Hide SP Red,
2341,Ruko Skin SP White,
2342,Ruko Skin SP Blue,
2343,Ruko Skin SP Red,
2344,Comrade Mail SP White Red,
2345,Comrade Mail SP White Blue,
2346,Comrade Mail SP White Yellow,
2347,Rubellite Mail,
2348,Rubellite F Mail,
2349,Rubellite FX Mail,
2350,ラズライト Mail,
2351,ラズライトF Mail,
2352,ラズライトFX Mail,
2353,Zircon Mail,
2354,Zircon F Mail,
2355,Zircon FX Mail,
2356,Spinel Mail,
2357,Spinel F Mail,
2358,Spinel FX Mail,
2359,Pyrope Mail,
2360,Pyrope F Mail,
2361,Pyrope FX Mail,
2362,アイオラ Mail,
2363,アイオラF Mail,
2364,アイオラFX Mail,
2365,Jade Mail,
2366,Jade F Mail,
2367,Jade FX Mail,
2368,Agate Mail,
2369,Agate F Mail,
2370,Agate FX Mail,
2371,Citrine Vest,
2372,Citrine F Vest,
2373,Citrine FX Vest,
2374,Peridot Vest,
2375,Peridot F Vest,
2376,Peridot FX Vest,
2377,Turquoise Vest,
2378,Turquoise F Vest,
2379,Turquoise FX Vest,
2380,Valued Word Haori,
2381,Valued Word Haori・魁,
2382,Valued Word Haori・Smart,
2383,Valued Word Haori・Flower,
2384,式部ノ Haori,
2385,式部ノ Haori・魁,
2386,式部ノ Haori・Smart,
2387,式部ノ Haori・Flower,
2388,Aruru Mail,
2389,Aruru F Mail,
2390,Aruru FY Mail,
2391,Aruru HC Mail,
2392,Aruru Vest,
2393,Aruru F Vest,
2394,Aruru FY Vest,
2395,Aruru HC Vest,
2396,Oorowa Mail,
2397,Oorowa F Mail,
2398,Oorowa FY Mail,
2399,Oorowa HC Mail,
2400,Oorowa Vest,
2401,Oorowa F Vest,
2402,Oorowa FY Vest,
2403,Oorowa HC Vest,
2404,Onero F Mail,
2405,Onero F Vest,
2406,Diru FY Jacket,
2407,Diru FY Suit,
2408,Strega HC Mail,
2409,Strega HC Vest,
2410,Zaakaa HC Mail,
2411,Chaser HC Vest,
2412,Demon Lord ノ肩鎧・Extreme,
2413,Demon Lord ノ肩鎧・Heaven,
2414,童子ノ肩鎧・Extreme,
2415,童子ノ肩鎧・Heaven,
2416,アナキF Jacket,
2417,アナキFY Jacket,
2418,アナキHC Jacket,
2419,アナキF Suit,
2420,アナキFY Suit,
2421,アナキHC Suit,
2422,Royal FY Mail,
2423,Royal HC Mail,
2424,Lord FY Vest,
2425,Lord HC Vest,
2426,フレイ Mail,
2427,クロノス Mail,
2428,フレイ Vest,
2429,クロノス Vest,
2430,Himeros HC Mail,
2431,Bureshisu HC Mail,
2432,Charien HC Vest,
2433,Buran FY Jacket,
2434,Buran HC Jacket,
2435,Gypceros LX Mail,
2436,Ceanataur LX Mail,
2437,Tigrex LX Mail,
2438,Monoblos LX Vest,
2439,Gypceros RX Mail,
2440,Ceanataur RX Mail,
2441,Espinas RX Muscle,
2442,Monodevil RX Vest,
2443,Cayssis Mail Water,
2444,Cayssis F Mail Water,
2445,Cayssis FZ Mail Water,
2446,Cayssis Vest Water,
2447,Cayssis F Vest Water,
2448,Cayssis FZ Vest Water,
2449,Cayssis Mail Red,
2450,Cayssis F Mail Red,
2451,Cayssis FZ Mail Red,
2452,Cayssis Vest Red,
2453,Cayssis F Vest Red,
2454,Cayssis FZ Vest Red,
2455,Cayssis Mail Blue,
2456,Cayssis F Mail Blue,
2457,Cayssis FZ Mail Blue,
2458,Cayssis Vest Blue,
2459,Cayssis F Vest Blue,
2460,Cayssis FZ Vest Blue,
2461,Cayssis Mail Orange,
2462,Cayssis F Mail Orange,
2463,Cayssis FZ Mail Orange,
2464,Cayssis Vest Orange,
2465,Cayssis F Vest Orange,
2466,Cayssis FZ Vest Orange,
2467,Rolling Sky Chestplate,
2468,Rolling Sky Chestplate・魁,
2469,Rolling Earth Chestplate,
2470,Rolling Earth Chestplate・魁,
2471,Cubie Mail,
2472,Cubie F Mail,
2473,Cubie FZ Mail,
2474,Cubie Vest,
2475,Cubie F Vest,
2476,Cubie FZ Vest,
2477,フラート Vest,
2478,フラートF Vest,
2479,ナーレー Vest,
2480,ナーレーF Vest,
2481,ヘイツ Vest,
2482,ヘイツF Vest,
2483,レーング Suit,
2484,レーングF Suit,
2485,シャッド Vest,
2486,シャッドF Vest,
2487,フュージ Vest,
2488,フュージF Vest,
2489,タニイ Vest,
2490,タニイF Vest,
2491,ミナム Suit,
2492,ミナムF Suit,
2493,Siena Mail・Silver,
2494,Siena F Mail・Silver,
2495,Siena FZ Mail・Silver,
2496,Siena HC Mail・Silver,
2497,Siena Vest・Silver,
2498,Siena F Vest・Silver,
2499,Siena FZ Vest・Silver,
2500,Siena HC Vest・Silver,
2501,Siena Mail・Black,
2502,Siena F Mail・Black,
2503,Siena FZ Mail・Black,
2504,Siena HC Mail・Black,
2505,Siena Vest・Black,
2506,Siena F Vest・Black,
2507,Siena FZ Vest・Black,
2508,Siena HC Vest・Black,
2509,Siena Mail・Red,
2510,Siena F Mail・Red,
2511,Siena FZ Mail・Red,
2512,Siena HC Mail・Red,
2513,Siena Vest・Red,
2514,Siena F Vest・Red,
2515,Siena FZ Vest・Red,
2516,Siena HC Vest・Red,
2517,Siena Mail・Blue,
2518,Siena F Mail・Blue,
2519,Siena FZ Mail・Blue,
2520,Siena HC Mail・Blue,
2521,Siena Vest・Blue,
2522,Siena F Vest・Blue,
2523,Siena FZ Vest・Blue,
2524,Siena HC Vest・Blue,
2525,Gauss Mail,
2526,Gauss F Mail,
2527,Weber Mail,
2528,Weber F Mail,
2529,Gilbert Mail,
2530,Gilbert F Mail,
2531,Gauss Vest,
2532,Gauss F Vest,
2533,Weber Vest,
2534,Weber F Vest,
2535,Gilbert Vest,
2536,Gilbert F Vest,
2537,Regyukusu F Mail,
2538,Regyukusu F Suit,
2539,Garuda FZ Suit,
2540,Garuda FZ Vest,
2541,Feral FZ Suit,
2542,Feral FZ Vest,
2543,Pandeum FZ Suit,
2544,Pandeum FZ Vest,
2545,Dian FZ Suit,
2546,Dian FZ Vest,
2547,Wild FZ Suit,
2548,Wild FZ Vest,
2549,Flower FZ Suit,
2550,Flower FZ Vest,
2551,Fias FZ Suit,
2552,Fias FZ Vest,
2553,Viruto FZ Suit,
2554,Viruto FZ Vest,
2555,Tune FZ Suit,
2556,Schnite FZ Vest,
2557,Dicto FZ Suit,
2558,Diletto FZ Vest,
2559,Kruss FZ Suit,
2560,Quote FZ Vest,
2561,Starina FZ Suit,
2562,Starina FZ Vest,
2563,Loose FZ Suit,
2564,Loose FZ Vest,
2565,Mirado FZ Suit,
2566,Mirado FZ Vest,
2567,Deyuru FZ Mail,
2568,Deyuru FZ Vest,
2569,Robust FZ Diru,
2570,Robust FZ Skin,
2571,Falco FZ Mail,
2572,Falco FZ Vest,
2573,Howx FZ Mail,
2574,Howx FZ Vest,
2575,Pirata FZ Jacket,
2576,Pirata FZ Suit,
2577,Zeroi FZ Jacket,
2578,Zeroi FZ Suit,
2579,Rail FZ Mail,
2580,Rail FZ Vest,
2581,Ridere FZ Mail,
2582,Ridere FZ Vest,
2583,Riot FZ Mail,
2584,Riot FZ Vest,
2585,Rutare FZ Mail,
2586,Rutare FZ Vest,
2587,Rolling Flow Chestplate・Elegant,
2588,旋転の Chestplate・Elegant,
2589,Rolling Sky Chestplate・Elegant,
2590,Rolling Earth Chestplate・Elegant,
2591,Odiva Mail,
2592,Odiva F Mail,
2593,Odiva FX Mail,
2594,Odiva Vest,
2595,Odiva F Vest,
2596,Odiva FX Vest,
2597,武者【胴当て】,
2598,日光【胴当て】,
2599,Blitz F Vest,
2600,Blitz Fケープ,
2601,Flame F Mail,
2602,Flame F Vest,
2603,Wind F Diru,
2604,Wind Fバダル,
2605,武者F【胴当て】,
2606,日光F【胴当て】,
2607,Wadatsumi F [Chestplate 】,
2608,Okami F [Chestplate 】,
2609,トリート Jacket,
2610,トリートF Jacket,
2611,トリートFY Jacket,
2612,トリートHC Jacket,
2613,トリート Suit,
2614,トリートF Suit,
2615,トリートFY Suit,
2616,トリートHC Suit,
2617,Tangusu Mail,
2618,Tangusu F Mail,
2619,Tangusu FY Mail,
2620,Tangusu HC Mail,
2621,Kobaruta Vest,
2622,Kobaruta F Vest,
2623,Kobaruta FY Vest,
2624,Kobaruta HC Vest,
2625,Dogumea Mail,
2626,Dogumea F Mail,
2627,Dogumea FY Mail,
2628,Dogumea HC Mail,
2629,Dogumea Vest,
2630,Dogumea F Vest,
2631,Dogumea FY Vest,
2632,Dogumea HC Vest,
2633,Madaru Mail,
2634,Madaru F Mail,
2635,Madaru FY Mail,
2636,Madaru HC Mail,
2637,Madaru Vest,
2638,Madaru F Vest,
2639,Madaru FY Vest,
2640,Madaru HC Vest,
2641,Diru HC Jacket,
2642,Diru HC Suit,
2643,Vinen FY Jacket,
2644,Vinen HC Jacket,
2645,Vinen FY Suit,
2646,Vinen HC Suit,
2647,Breo FY Jacket,
2648,Breo HC Jacket,
2649,Kakabu F Mail,
2650,Kakabu FY Mail,
2651,Kakabu HC Mail,
2652,Kakabu F Vest,
2653,Kakabu FY Vest,
2654,Kakabu HC Vest,
2655,Gospel FY Mail,
2656,Gospel HC Mail,
2657,Gospel FY Vest,
2658,Gospel HC Vest,
2659,Zodic Mail・Blue,
2660,Zodic F Mail・Blue,
2661,Zodic FZ Mail・Blue,
2662,Zodic Suit・Blue,
2663,Zodic F Suit・Blue,
2664,Zodic FZ Suit・Blue,
2665,Zodic Mail・Tea,
2666,Zodic F Mail・Tea,
2667,Zodic FZ Mail・Tea,
2668,Zodic Suit・Tea,
2669,Zodic F Suit・Tea,
2670,Zodic FZ Suit・Tea,
2671,Zodic Mail・Green,
2672,Zodic F Mail・Green,
2673,Zodic FZ Mail・Green,
2674,Zodic Suit・Green,
2675,Zodic F Suit・Green,
2676,Zodic FZ Suit・Green,
2677,Zodic Mail・Pink,
2678,Zodic F Mail・Pink,
2679,Zodic FZ Mail・Pink,
2680,Zodic Suit・Pink,
2681,Zodic F Suit・Pink,
2682,Zodic FZ Suit・Pink,
2683,Rast Vest・Black,
2684,Rast F Vest・Black,
2685,Rast FZ Vest・Black,
2686,Rast HC Vest・Black,
2687,Rast Suit・Black,
2688,Rast F Suit・Black,
2689,Rast FZ Suit・Black,
2690,Rast HC Suit・Black,
2691,Rast Vest・Blue,
2692,Rast F Vest・Blue,
2693,Rast FZ Vest・Blue,
2694,Rast HC Vest・Blue,
2695,Rast Suit・Blue,
2696,Rast F Suit・Blue,
2697,Rast FZ Suit・Blue,
2698,Rast HC Suit・Blue,
2699,Rast Vest・Crimson,
2700,Rast F Vest・Crimson,
2701,Rast FZ Vest・Crimson,
2702,Rast HC Vest・Crimson,
2703,Rast Suit・Crimson,
2704,Rast F Suit・Crimson,
2705,Rast FZ Suit・Crimson,
2706,Rast HC Suit・Crimson,
2707,Rast Vest・White,
2708,Rast F Vest・White,
2709,Rast FZ Vest・White,
2710,Rast HC Vest・White,
2711,Rast Suit・White,
2712,Rast F Suit・White,
2713,Rast FZ Suit・White,
2714,Rast HC Suit・White,
2715,Latria Vest,
2716,Latria F Vest,
2717,Latria FZ Vest,
2718,Latria Suit,
2719,Latria F Suit,
2720,Latria FZ Suit,
2721,Kemor Mail,
2722,Kemor F Mail,
2723,Kemor FZ Mail,
2724,Kemor Vest,
2725,Kemor F Vest,
2726,Kemor FZ Vest,
2727,ダミー,
2728,ダミー,
2729,剣士ランク１,
2730,剣士ランク２,
2731,剣士ランク３,
2732,剣士ランク４,
2733,剣士ランク５,
2734,剣士ランク６,
2735,剣士ランク７,
2736,ガンランク１,
2737,ガンランク２,
2738,ガンランク３,
2739,ガンランク４,
2740,ガンランク５,
2741,ガンランク６,
2742,ガンランク７,
2743,デュスノF Mail,
2744,デュスノF Vest,
2745,Blitz FX Vest,
2746,Blitz FXケープ,
2747,Flame FX Mail,
2748,Flame FX Vest,
2749,Wind FX Diru,
2750,Wind FXバダル,
2751,武者FX【胴当て】,
2752,日光FX【胴当て】,
2753,Wadatsumi FX [Chestplate 】,
2754,Okami FX [Chestplate 】,
2755,Raviente HC Mail,
2756,Raviente HC Vest,
2757,Espinas HC Muscle,
2758,Espinas HC Heart,
2759,Vashimu HC Mail,
2760,Vashimu HC Vest,
2761,Vashimu HC Mail Yellow,
2762,Vashimu HC Vest Yellow,
2763,Vashimu HC Mail Green,
2764,Vashimu HC Vest Green,
2765,Vashimu HC Mail Crimson,
2766,Vashimu HC Vest Crimson,
2767,Inari HC【胴当て】,
2768,Tamamo HC [Chestplate 】,
2769,Beru HC Mail,
2770,Beru HC Vest,
2771,Pariapuria HC Mail,
2772,Pariapuria HC Vest,
2773,Guren HC Mail,
2774,Guren HC Vest,
2775,Kagura HC【胴当て】,
2776,Kamiza HC [Chestplate 】,
2777,Gogomoa HC Mail,
2778,Gogomoa HC Vest,
2779,Ruko HC Hide,
2780,Ruko HC Skin,
2781,Zamuza HC Mail,
2782,Zamuza HC Vest,
2783,Abiorugu HC Mail,
2784,Abiorugu HC Vest,
2785,Kuaru HC Mail,
2786,Kuaru HC Vest,
2787,Text HC Vest・Purple,
2788,Text HC Suit・Purple,
2789,Text HC Vest・Green,
2790,Text HC Suit・Green,
2791,Text HC Vest・Blue,
2792,Text HC Suit・Blue,
2793,Text HC Vest・Black,
2794,Text HC Suit・Black,
2795,Suriito HC Vest・Yellow,
2796,Suriito HC Suit・Yellow,
2797,Suriito HC Vest・Silver,
2798,Suriito HC Suit・Silver,
2799,Suriito HC Vest・Red,
2800,Suriito HC Suit・Red,
2801,Suriito HC Vest・Blue,
2802,Suriito HC Suit・Blue,
2803,Steno HC Mail・Orange,
2804,Steno HC Vest・Orange,
2805,Steno HC Mail・Peach,
2806,Steno HC Vest・Peach,
2807,Steno HC Mail・Blue,
2808,Steno HC Vest・Blue,
2809,Steno HC Mail・Red,
2810,Steno HC Vest・Red,
2811,Rage FZ Mail,
2812,Rage HC Mail,
2813,Rage FZ Suit,
2814,Rage HC Suit,
2815,Rampage FZ Mail,
2816,Rampage HC Mail,
2817,Rampage FZ Suit,
2818,Rampage HC Suit,
2819,Blaze FZ Mail,
2820,Blaze HC Mail,
2821,Blaze FZ Suit,
2822,Blaze HC Suit,
2823,Arge HC Vest,
2824,Arge HC Suit,
2825,Camarera HC Vest,
2826,Camarera HC Suit,
2827,Metenera HC Vest,
2828,Metenera HC Suit,
2829,Pharan FZ Mail・White,
2830,Pharan HC Mail・White,
2831,Pharan FZ Suit・White,
2832,Pharan HC Suit・White,
2833,Pharan FZ Mail・Black,
2834,Pharan HC Mail・Black,
2835,Pharan FZ Suit・Black,
2836,Pharan HC Suit・Black,
2837,Pharan FZ Mail・Red,
2838,Pharan HC Mail・Red,
2839,Pharan FZ Suit・Red,
2840,Pharan HC Suit・Red,
2841,Pharan FZ Mail・Blue,
2842,Pharan HC Mail・Blue,
2843,Pharan FZ Suit・Blue,
2844,Pharan HC Suit・Blue,
2845,Zodic HC Mail・Blue,
2846,Zodic HC Suit・Blue,
2847,Zodic HC Mail・Tea,
2848,Zodic HC Suit・Tea,
2849,Zodic HC Mail・Green,
2850,Zodic HC Suit・Green,
2851,Zodic HC Mail・Pink,
2852,Zodic HC Suit・Pink,
2853,Raviente HS Mail,
2854,Raviente HS Vest,
2855,Espinas HS Muscle,
2856,Espinas HS Heart,
2857,Vashimu HS Mail,
2858,Vashimu HS Vest,
2859,Vashimu HS Mail Yellow,
2860,Vashimu HS Vest Yellow,
2861,Vashimu HS Mail Green,
2862,Vashimu HS Vest Green,
2863,Vashimu HS Mail Crimson,
2864,Vashimu HS Vest Crimson,
2865,Inari HS【胴当て】,
2866,Tamamo HS [Chestplate 】,
2867,Beru HS Mail,
2868,Beru HS Vest,
2869,Pariapuria HS Mail,
2870,Pariapuria HS Vest,
2871,Guren HS Mail,
2872,Guren HS Vest,
2873,Kagura HS【胴当て】,
2874,Kamiza HS [Chestplate 】,
2875,Gogomoa HS Mail,
2876,Gogomoa HS Vest,
2877,Ruko HS Hide,
2878,Ruko HS Skin,
2879,Zamuza HS Mail,
2880,Zamuza HS Vest,
2881,Abiorugu HS Mail,
2882,Abiorugu HS Vest,
2883,Kuaru HS Mail,
2884,Kuaru HS Vest,
2885,Lils F Mail,
2886,Lils F Vest,
2887,Lils FX Mail,
2888,Lils FX Vest,
2889,Zodic HS Mail・Blue,
2890,Zodic HS Suit・Blue,
2891,Zodic HS Mail・Tea,
2892,Zodic HS Suit・Tea,
2893,Zodic HS Mail・Green,
2894,Zodic HS Suit・Green,
2895,Zodic HS Mail・Pink,
2896,Zodic HS Suit・Pink,
2897,Rast HS Vest・Black,
2898,Rast HS Suit・Black,
2899,Rast HS Vest・Blue,
2900,Rast HS Suit・Blue,
2901,Rast HS Vest・Crimson,
2902,Rast HS Suit・Crimson,
2903,Rast HS Vest・White,
2904,Rast HS Suit・White,
2905,Cloth Vest・Red,
2906,Cloth F Vest・Red,
2907,Cloth FZ Vest・Red,
2908,Cloth HC Vest・Red,
2909,Cloth HS Vest・Red,
2910,Cloth Suit・Red,
2911,Cloth F Suit・Red,
2912,Cloth FZ Suit・Red,
2913,Cloth HC Suit・Red,
2914,Cloth HS Suit・Red,
2915,Cloth Vest・Blue,
2916,Cloth F Vest・Blue,
2917,Cloth FZ Vest・Blue,
2918,Cloth HC Vest・Blue,
2919,Cloth HS Vest・Blue,
2920,Cloth Suit・Blue,
2921,Cloth F Suit・Blue,
2922,Cloth FZ Suit・Blue,
2923,Cloth HC Suit・Blue,
2924,Cloth HS Suit・Blue,
2925,Cloth Vest・Purple,
2926,Cloth F Vest・Purple,
2927,Cloth FZ Vest・Purple,
2928,Cloth HC Vest・Purple,
2929,Cloth HS Vest・Purple,
2930,Cloth Suit・Purple,
2931,Cloth F Suit・Purple,
2932,Cloth FZ Suit・Purple,
2933,Cloth HC Suit・Purple,
2934,Cloth HS Suit・Purple,
2935,Cloth Vest・Green,
2936,Cloth F Vest・Green,
2937,Cloth FZ Vest・Green,
2938,Cloth HC Vest・Green,
2939,Cloth HS Vest・Green,
2940,Cloth Suit・Green,
2941,Cloth F Suit・Green,
2942,Cloth FZ Suit・Green,
2943,Cloth HC Suit・Green,
2944,Cloth HS Suit・Green,
2945,Issen 【胴当て】・Red,
2946,Issen F【胴当て】・Red,
2947,Issen FZ【胴当て】・Red,
2948,Issen HC【胴当て】・Red,
2949,Issen HS【胴当て】・Red,
2950,構射【胴当て】・Red,
2951,構射F【胴当て】・Red,
2952,構射FZ【胴当て】・Red,
2953,構射HC【胴当て】・Red,
2954,構射HS【胴当て】・Red,
2955,Issen 【胴当て】・Blue,
2956,Issen F【胴当て】・Blue,
2957,Issen FZ【胴当て】・Blue,
2958,Issen HC【胴当て】・Blue,
2959,Issen HS【胴当て】・Blue,
2960,構射【胴当て】・Blue,
2961,構射F【胴当て】・Blue,
2962,構射FZ【胴当て】・Blue,
2963,構射HC【胴当て】・Blue,
2964,構射HS【胴当て】・Blue,
2965,Issen 【胴当て】・Yellow,
2966,Issen F【胴当て】・Yellow,
2967,Issen FZ【胴当て】・Yellow,
2968,Issen HC【胴当て】・Yellow,
2969,Issen HS【胴当て】・Yellow,
2970,構射【胴当て】・Yellow,
2971,構射F【胴当て】・Yellow,
2972,構射FZ【胴当て】・Yellow,
2973,構射HC【胴当て】・Yellow,
2974,構射HS【胴当て】・Yellow,
2975,Issen 【胴当て】・Black,
2976,Issen F【胴当て】・Black,
2977,Issen FZ【胴当て】・Black,
2978,Issen HC【胴当て】・Black,
2979,Issen HS【胴当て】・Black,
2980,構射【胴当て】・Black,
2981,構射F【胴当て】・Black,
2982,構射FZ【胴当て】・Black,
2983,構射HC【胴当て】・Black,
2984,構射HS【胴当て】・Black,
2985,蜂針 [Chestplate 】・Orange,
2986,蜂針F [Chestplate 】・Orange,
2987,蜂針FZ [Chestplate 】・Orange,
2988,蜂針HC [Chestplate 】・Orange,
2989,蜂針HS [Chestplate 】・Orange,
2990,気弾 [Chestplate 】・Orange,
2991,気弾F [Chestplate 】・Orange,
2992,気弾FZ [Chestplate 】・Orange,
2993,気弾HC [Chestplate 】・Orange,
2994,気弾HS [Chestplate 】・Orange,
2995,蜂針 [Chestplate 】・Blue,
2996,蜂針F [Chestplate 】・Blue,
2997,蜂針FZ [Chestplate 】・Blue,
2998,蜂針HC [Chestplate 】・Blue,
2999,蜂針HS [Chestplate 】・Blue,
3000,気弾 [Chestplate 】・Blue,
3001,気弾F [Chestplate 】・Blue,
3002,気弾FZ [Chestplate 】・Blue,
3003,気弾HC [Chestplate 】・Blue,
3004,気弾HS [Chestplate 】・Blue,
3005,蜂針 [Chestplate 】・Yellow,
3006,蜂針F [Chestplate 】・Yellow,
3007,蜂針FZ [Chestplate 】・Yellow,
3008,蜂針HC [Chestplate 】・Yellow,
3009,蜂針HS [Chestplate 】・Yellow,
3010,気弾 [Chestplate 】・Yellow,
3011,気弾F [Chestplate 】・Yellow,
3012,気弾FZ [Chestplate 】・Yellow,
3013,気弾HC [Chestplate 】・Yellow,
3014,気弾HS [Chestplate 】・Yellow,
3015,蜂針 [Chestplate 】・Black,
3016,蜂針F [Chestplate 】・Black,
3017,蜂針FZ [Chestplate 】・Black,
3018,蜂針HC [Chestplate 】・Black,
3019,蜂針HS [Chestplate 】・Black,
3020,気弾 [Chestplate 】・Black,
3021,気弾F [Chestplate 】・Black,
3022,気弾FZ [Chestplate 】・Black,
3023,気弾HC [Chestplate 】・Black,
3024,気弾HS [Chestplate 】・Black,
3025,Algol F Mail,
3026,Algol FX Mail,
3027,Algol F Vest,
3028,Algol FX Vest,
3029,抜胴【胴当て】,
3030,抜胴F【胴当て】,
3031,抜胴FZ【胴当て】,
3032,抜胴HS【胴当て】,
3033,長根【胴当て】,
3034,長根F【胴当て】,
3035,長根FZ【胴当て】,
3036,長根HS【胴当て】,
3037,花火 [Chestplate 】,
3038,花火F [Chestplate 】,
3039,花火FZ [Chestplate 】,
3040,花火HS [Chestplate 】,
3041,流星 [Chestplate 】,
3042,流星F [Chestplate 】,
3043,流星FZ [Chestplate 】,
3044,流星HS [Chestplate 】,
3045,居合【胴当て】,
3046,居合F【胴当て】,
3047,居合FZ【胴当て】,
3048,居合HC【胴当て】,
3049,爆裂【胴当て】,
3050,爆裂F【胴当て】,
3051,爆裂FZ【胴当て】,
3052,爆裂HC【胴当て】,
3053,脱兎 [Chestplate 】,
3054,脱兎F [Chestplate 】,
3055,脱兎FZ [Chestplate 】,
3056,脱兎HC [Chestplate 】,
3057, Violent 咲 [Chestplate 】,
3058, Violent 咲F [Chestplate 】,
3059, Violent 咲FZ [Chestplate 】,
3060, Violent 咲HC [Chestplate 】,
3061,正拳FZ胴着,
3062,正拳HC胴着,
3063,灼熱FZ胴着,
3064,灼熱HC胴着,
3065,龍星FZ胴着,
3066,龍星HC胴着,
3067,虎襲FZ胴着,
3068,虎襲HC胴着,
3069,Kontao Vest,
3070,Kontao F Vest,
3071,Kontao FZ Vest,
3072,ダミー,
3073,ダミー,
3074,Kontao Suit,
3075,Kontao F Suit,
3076,Kontao FZ Suit,
3077,ダミー,
3078,ダミー,
3079,Gloria Mail・Gold,
3080,Gloria F Mail・Gold,
3081,Gloria FZ Mail・Gold,
3082,Gloria HC Mail・Gold,
3083,Gloria HS Mail・Gold,
3084,Gloria Suit・Gold,
3085,Gloria F Suit・Gold,
3086,Gloria FZ Suit・Gold,
3087,Gloria HC Suit・Gold,
3088,Gloria HS Suit・Gold,
3089,Gloria Mail・Blue,
3090,Gloria F Mail・Blue,
3091,Gloria FZ Mail・Blue,
3092,Gloria HC Mail・Blue,
3093,Gloria HS Mail・Blue,
3094,Gloria Suit・Blue,
3095,Gloria F Suit・Blue,
3096,Gloria FZ Suit・Blue,
3097,Gloria HC Suit・Blue,
3098,Gloria HS Suit・Blue,
3099,Gloria Mail・Water,
3100,Gloria F Mail・Water,
3101,Gloria FZ Mail・Water,
3102,Gloria HC Mail・Water,
3103,Gloria HS Mail・Water,
3104,Gloria Suit・Water,
3105,Gloria F Suit・Water,
3106,Gloria FZ Suit・Water,
3107,Gloria HC Suit・Water,
3108,Gloria HS Suit・Water,
3109,Gloria Mail・Red,
3110,Gloria F Mail・Red,
3111,Gloria FZ Mail・Red,
3112,Gloria HC Mail・Red,
3113,Gloria HS Mail・Red,
3114,Gloria Suit・Red,
3115,Gloria F Suit・Red,
3116,Gloria FZ Suit・Red,
3117,Gloria HC Suit・Red,
3118,Gloria HS Suit・Red,
3119,Shinryu 胴着・Red,
3120,Shinryu F胴着・Red,
3121,Shinryu FZ胴着・Red,
3122,Shinryu HC胴着・Red,
3123,Shinryu HS胴着・Red,
3124,Reppa 胴着・Red,
3125,Reppa F胴着・Red,
3126,Reppa FZ胴着・Red,
3127,Reppa HC胴着・Red,
3128,Reppa HS胴着・Red,
3129,Shinryu 胴着・White,
3130,Shinryu F胴着・White,
3131,Shinryu FZ胴着・White,
3132,Shinryu HC胴着・White,
3133,Shinryu HS胴着・White,
3134,Reppa 胴着・White,
3135,Reppa F胴着・White,
3136,Reppa FZ胴着・White,
3137,Reppa HC胴着・White,
3138,Reppa HS胴着・White,
3139,Shinryu 胴着・Purple,
3140,Shinryu F胴着・Purple,
3141,Shinryu FZ胴着・Purple,
3142,Shinryu HC胴着・Purple,
3143,Shinryu HS胴着・Purple,
3144,Reppa 胴着・Purple,
3145,Reppa F胴着・Purple,
3146,Reppa FZ胴着・Purple,
3147,Reppa HC胴着・Purple,
3148,Reppa HS胴着・Purple,
3149,Shinryu 胴着・Yellow,
3150,Shinryu F胴着・Yellow,
3151,Shinryu FZ胴着・Yellow,
3152,Shinryu HC胴着・Yellow,
3153,Shinryu HS胴着・Yellow,
3154,Reppa 胴着・Yellow,
3155,Reppa F胴着・Yellow,
3156,Reppa FZ胴着・Yellow,
3157,Reppa HC胴着・Yellow,
3158,Reppa HS胴着・Yellow,
3159,Cannon Suit・Water,
3160,Cannon F Suit・Water,
3161,Cannon FZ Suit・Water,
3162,Cannon HC Suit・Water,
3163,Cannon HS Suit・Water,
3164,Axel Suit・Water,
3165,Axel F Suit・Water,
3166,Axel FZ Suit・Water,
3167,Axel HC Suit・Water,
3168,Axel HS Suit・Water,
3169,Cannon Suit・Green,
3170,Cannon F Suit・Green,
3171,Cannon FZ Suit・Green,
3172,Cannon HC Suit・Green,
3173,Cannon HS Suit・Green,
3174,Axel Suit・Green,
3175,Axel F Suit・Green,
3176,Axel FZ Suit・Green,
3177,Axel HC Suit・Green,
3178,Axel HS Suit・Green,
3179,Cannon Suit・Peach,
3180,Cannon F Suit・Peach,
3181,Cannon FZ Suit・Peach,
3182,Cannon HC Suit・Peach,
3183,Cannon HS Suit・Peach,
3184,Axel Suit・Peach,
3185,Axel F Suit・Peach,
3186,Axel FZ Suit・Peach,
3187,Axel HC Suit・Peach,
3188,Axel HS Suit・Peach,
3189,Cannon Suit・Purple,
3190,Cannon F Suit・Purple,
3191,Cannon FZ Suit・Purple,
3192,Cannon HC Suit・Purple,
3193,Cannon HS Suit・Purple,
3194,Axel Suit・Purple,
3195,Axel F Suit・Purple,
3196,Axel FZ Suit・Purple,
3197,Axel HC Suit・Purple,
3198,Axel HS Suit・Purple,
3199,剣士ランク8,
3200,剣士ランク9,
3201,ガンランク8,
3202,ガンランク9,
3203,ダミー,
3204,ダミー,
3205,ダミー,
3206,ダミー,
3207,ダミー,
3208,ダミー,
3209,ダミー,
3210,ダミー,
3211,ダミー,
3212,ダミー,
3213,ダミー,
3214,ダミー,
3215,ダミー,
3216,ダミー,
3217,ダミー,
3218,ダミー,
3219,ダミー,
3220,ダミー,
3221,ダミー,
3222,ダミー,
3223,ダミー,
3224,ダミー,
3225,ダミー,
3226,ダミー,
3227,ダミー,
3228,ダミー,
3229,ダミー,
3230,ダミー,
3231,ダミー,
3232,ダミー,
3233,ダミー,
3234,ダミー,
3235,ダミー,
3236,ダミー,
3237,Hope Mail,
3238,エミット Mail,
3239,エミットF Mail,
3240,エミットFX Mail,
3241,エミット Vest,
3242,エミットF Vest,
3243,エミットFX Vest,
3244,Diboa Mail,
3245,Diboa F Mail,
3246,Diboa FX Mail,
3247,Diboa Vest,
3248,Diboa F Vest,
3249,Diboa FX Vest,
3250,Pietra G Mail,
3251,Pietra GF Mail,
3252,Pietra G Vest,
3253,Pietra GF Vest,
3254,Pokara G Mail,
3255,Pokara GF Mail,
3256,Pokara G Vest,
3257,Pokara GF Vest,
3258,Hermitaur G Mail,
3259,Hermitaur GF Mail,
3260,Hermitaur G Vest,
3261,Hermitaur GF Vest,
3262,Kut-Ku G Mail,
3263,Kut-Ku GF Mail,
3264,Kut-Ku G Vest,
3265,Kut-Ku GF Vest,
3266,Farunokku G Mail,
3267,Farunokku GF Mail,
3268,Farunokku G Vest,
3269,Farunokku GF Vest,
3270,Gypceros G Mail,
3271,Gypceros GF Mail,
3272,Gypceros G Vest,
3273,Gypceros GF Vest,
3274,Conga G Mail,
3275,Conga GF Mail,
3276,Conga G Vest,
3277,Conga GF Vest,
3278,Hyuji G Mail,
3279,Hyuji GF Mail,
3280,Hyuji G Vest,
3281,Hyuji GF Vest,
3282,Basarios G Mail,
3283,Basarios GF Mail,
3284,Basarios G Vest,
3285,Basarios GF Vest,
3286,Rathian G Mail,
3287,Rathian GF Mail,
3288,Rathian G Vest,
3289,Rathian GF Vest,
3290,Ceanataur G Mail,
3291,Ceanataur GF Mail,
3292,Ceanataur G Vest,
3293,Ceanataur GF Vest,
3294,Mikagura G【胴当て】,
3295,Mikagura GF【胴当て】,
3296,Satokagura G [Chestplate 】,
3297,Satokagura GF [Chestplate 】,
3298,Rathalos G Mail,
3299,Rathalos GF Mail,
3300,Rathalos G Vest,
3301,Rathalos GF Vest,
3302,Blango G Mail,
3303,Blango GF Mail,
3304,Blango G Vest,
3305,Blango GF Vest,
3306,Khezu G Mail,
3307,Khezu GF Mail,
3308,Khezu G Vest,
3309,Khezu GF Vest,
3310,Hope G Mail,
3311,Hope GF Mail,
3312,Hope G Vest,
3313,Hope GF Vest,
3314,グラッシュ Vest,
3315,グラッシュF Vest,
3316,グラッシュFY Vest,
3317,グラッシュHC Vest,
3318,グラッシュ Suit,
3319,グラッシュF Suit,
3320,グラッシュFY Suit,
3321,グラッシュHC Suit,
3322,Tandress Mail,
3323,Tandress F Mail,
3324,Tandress FY Mail,
3325,Tandress HC Mail,
3326,Tandress Vest,
3327,Tandress F Vest,
3328,Tandress FY Vest,
3329,Tandress HC Vest,
3330,ダミー,
3331,ダミー,
3332,ダミー,
3333,ダミー,
3334,ダミー,
3335,ダミー,
3336,ダミー,
3337,ダミー,
3338,Roses G Mail,
3339,Roses G Vest,
3340,Shell カG Mail,
3341,チェスカG Vest,
3342,ロアースG Mail,
3343,ライードG Vest,
3344,Green 竜ノ具足【胴服】,
3345,Green 竜ノ具足F【胴服】,
3346,Green 竜ノ具足FZ【胴服】,
3347,Green 竜ノ具足HC【胴服】,
3348,Green 竜ノ具足HS【胴服】,
3349,Green 竜ノ Haori 【胴服】,
3350,Green 竜ノ Haori F【胴服】,
3351,Green 竜ノ Haori FZ【胴服】,
3352,Green 竜ノ Haori HC【胴服】,
3353,Green 竜ノ Haori HS【胴服】,
3354,Ukon Vest,
3355,Ukon F Vest,
3356,Ukon FZ Vest,
3357,Ukon HC Vest,
3358,Ukon Suit,
3359,Ukon F Suit,
3360,Ukon FZ Suit,
3361,Ukon HC Suit,
3362,Ukon HS Vest,
3363,Ukon GS Vest,
3364,Ukon HS Suit,
3365,Ukon GS Suit,
3366,Green 竜ノ具足GS【胴服】,
3367,Green 竜ノ Haori GS【胴服】,
3368,Roses GF Mail,
3369,Roses GF Vest,
3370,ダミー,
3371,ダミー,
3372,Magos Mail・Yellow,
3373,Magos F Mail・Yellow,
3374,Magos FZ Mail・Yellow,
3375,Magos HC Mail・Yellow,
3376,Magos HS Mail・Yellow,
3377,Magos Suit・Yellow,
3378,Magos F Suit・Yellow,
3379,Magos FZ Suit・Yellow,
3380,Magos HC Suit・Yellow,
3381,Magos HS Suit・Yellow,
3382,Magos Mail・Red,
3383,Magos F Mail・Red,
3384,Magos FZ Mail・Red,
3385,Magos HC Mail・Red,
3386,Magos HS Mail・Red,
3387,Magos Suit・Red,
3388,Magos F Suit・Red,
3389,Magos FZ Suit・Red,
3390,Magos HC Suit・Red,
3391,Magos HS Suit・Red,
3392,Magos Mail・Water,
3393,Magos F Mail・Water,
3394,Magos FZ Mail・Water,
3395,Magos HC Mail・Water,
3396,Magos HS Mail・Water,
3397,Magos Suit・Water,
3398,Magos F Suit・Water,
3399,Magos FZ Suit・Water,
3400,Magos HC Suit・Water,
3401,Magos HS Suit・Water,
3402,Magos Mail・Blue,
3403,Magos F Mail・Blue,
3404,Magos FZ Mail・Blue,
3405,Magos HC Mail・Blue,
3406,Magos HS Mail・Blue,
3407,Magos Suit・Blue,
3408,Magos F Suit・Blue,
3409,Magos FZ Suit・Blue,
3410,Magos HC Suit・Blue,
3411,Magos HS Suit・Blue,
3412,Magos GS Mail・Yellow,
3413,Magos GS Suit・Yellow,
3414,Magos GS Mail・Red,
3415,Magos GS Suit・Red,
3416,Magos GS Mail・Water,
3417,Magos GS Suit・Water,
3418,Magos GS Mail・Blue,
3419,Magos GS Suit・Blue,
3420,Red 備ノ具足【胴服】,
3421,Red 備ノ具足F【胴服】,
3422,Red 備ノ具足FZ【胴服】,
3423,Red 備ノ具足HC【胴服】,
3424,Red 備ノ具足HS【胴服】,
3425,Red 備ノ具足GS【胴服】,
3426,Red 備ノ Haori 【胴服】,
3427,Red 備ノ Haori F【胴服】,
3428,Red 備ノ Haori FZ【胴服】,
3429,Red 備ノ Haori HC【胴服】,
3430,Red 備ノ Haori HS【胴服】,
3431,Red 備ノ Haori GS【胴服】,
3432,Miku Vest,
3433,Miku F Vest,
3434,Miku FZ Vest,
3435,Miku HC Vest,
3436,Miku HS Vest,
3437,Miku GS Vest,
3438,Miku Suit,
3439,Miku F Suit,
3440,Miku FZ Suit,
3441,Miku HC Suit,
3442,Miku HS Suit,
3443,Miku GS Suit,
3444,Akahara Reisou BM Chest Red,
3445,Akahara Reisou BM Chest F Red,
3446,Akahara Reisou BM Chest FZ Red,
3447,Akahara Reisou BM Chest HC Red,
3448,Akahara Reisou BM Chest HS Red,
3449,Akahara Reisou BM Chest GS Red,
3450,Akahara Reisou・胴: Bow Red,
3451,Akahara Reisou・胴: Bow F Red,
3452,Akahara Reisou・胴: Bow FZ Red,
3453,Akahara Reisou・胴: Bow HC Red,
3454,Akahara Reisou・胴: Bow HS Red,
3455,Akahara Reisou・胴: Bow GS Red,
3456,Akahara Reisou BM Chest Blue,
3457,Akahara Reisou BM Chest F Blue,
3458,Akahara Reisou BM Chest FZ Blue,
3459,Akahara Reisou BM Chest HC Blue,
3460,Akahara Reisou BM Chest HS Blue,
3461,Akahara Reisou BM Chest GS Blue,
3462,Akahara Reisou・胴: Bow Blue,
3463,Akahara Reisou・胴: Bow F Blue,
3464,Akahara Reisou・胴: Bow FZ Blue,
3465,Akahara Reisou・胴: Bow HC Blue,
3466,Akahara Reisou・胴: Bow HS Blue,
3467,Akahara Reisou・胴: Bow GS Blue,
3468,Akahara Reisou BM Chest Black,
3469,Akahara Reisou BM Chest F Black,
3470,Akahara Reisou BM Chest FZ Black,
3471,Akahara Reisou BM Chest HC Black,
3472,Akahara Reisou BM Chest HS Black,
3473,Akahara Reisou BM Chest GS Black,
3474,Akahara Reisou・胴: Bow Black,
3475,Akahara Reisou・胴: Bow F Black,
3476,Akahara Reisou・胴: Bow FZ Black,
3477,Akahara Reisou・胴: Bow HC Black,
3478,Akahara Reisou・胴: Bow HS Black,
3479,Akahara Reisou・胴: Bow GS Black,
3480,Akahara Reisou BM Chest White,
3481,Akahara Reisou BM Chest F White,
3482,Akahara Reisou BM Chest FZ White,
3483,Akahara Reisou BM Chest HC White,
3484,Akahara Reisou BM Chest HS White,
3485,Akahara Reisou BM Chest GS White,
3486,Akahara Reisou・胴: Bow White,
3487,Akahara Reisou・胴: Bow F White,
3488,Akahara Reisou・胴: Bow FZ White,
3489,Akahara Reisou・胴: Bow HC White,
3490,Akahara Reisou・胴: Bow HS White,
3491,Akahara Reisou・胴: Bow GS White,
3492,Knight King Chest BM Blue,
3493,Knight King Chest BM F Blue,
3494,Knight King Chest BM FZ Blue,
3495,Knight King Chest BM HC Blue,
3496,Knight King Chest BM HS Blue,
3497,Knight King Chest BM GS Blue,
3498,騎士王の胴鎧: Bow Blue,
3499,騎士王の胴鎧: Bow F Blue,
3500,騎士王の胴鎧: Bow FZ Blue,
3501,騎士王の胴鎧: Bow HC Blue,
3502,騎士王の胴鎧: Bow HS Blue,
3503,騎士王の胴鎧: Bow GS Blue,
3504,Knight King Chest BM Red,
3505,Knight King Chest BM F Red,
3506,Knight King Chest BM FZ Red,
3507,Knight King Chest BM HC Red,
3508,Knight King Chest BM HS Red,
3509,Knight King Chest BM GS Red,
3510,騎士王の胴鎧: Bow Red,
3511,騎士王の胴鎧: Bow F Red,
3512,騎士王の胴鎧: Bow FZ Red,
3513,騎士王の胴鎧: Bow HC Red,
3514,騎士王の胴鎧: Bow HS Red,
3515,騎士王の胴鎧: Bow GS Red,
3516,Knight King Chest BM Black,
3517,Knight King Chest BM F Black,
3518,Knight King Chest BM FZ Black,
3519,Knight King Chest BM HC Black,
3520,Knight King Chest BM HS Black,
3521,Knight King Chest BM GS Black,
3522,騎士王の胴鎧: Bow Black,
3523,騎士王の胴鎧: Bow F Black,
3524,騎士王の胴鎧: Bow FZ Black,
3525,騎士王の胴鎧: Bow HC Black,
3526,騎士王の胴鎧: Bow HS Black,
3527,騎士王の胴鎧: Bow GS Black,
3528,Knight King Chest BM White,
3529,Knight King Chest BM F White,
3530,Knight King Chest BM FZ White,
3531,Knight King Chest BM HC White,
3532,Knight King Chest BM HS White,
3533,Knight King Chest BM GS White,
3534,騎士王の胴鎧: Bow White,
3535,騎士王の胴鎧: Bow F White,
3536,騎士王の胴鎧: Bow FZ White,
3537,騎士王の胴鎧: Bow HC White,
3538,騎士王の胴鎧: Bow HS White,
3539,騎士王の胴鎧: Bow GS White,
3540,ヴェルフFZ Mail,
3541,ヴェルフHC Mail,
3542,ヴェルフFZ Vest,
3543,ヴェルフHC Vest,
3544,テリオグFZ Mail,
3545,テリオグHC Mail,
3546,テリオグFZ Vest,
3547,テリオグHC Vest,
3548,Beil FZ Brigantes,
3549,Beil HC Brigantes,
3550,ファミ通TシャツFZ,
3551,ファミ通TシャツHC,
3552,Pietra GX Mail,
3553,Pietra GX Vest,
3554,Pokara GX Mail,
3555,Pokara GX Vest,
3556,Hermitaur GX Mail,
3557,Hermitaur GX Vest,
3558,Kut-Ku GX Mail,
3559,Kut-Ku GX Vest,
3560,Farunokku GX Mail,
3561,Farunokku GX Vest,
3562,Gypceros GX Mail,
3563,Gypceros GX Vest,
3564,Conga GX Mail,
3565,Conga GX Vest,
3566,Hyuji GX Mail,
3567,Hyuji GX Vest,
3568,Basarios GX Mail,
3569,Basarios GX Vest,
3570,Rathian GX Mail,
3571,Rathian GX Vest,
3572,Ceanataur GX Mail,
3573,Ceanataur GX Vest,
3574,Mikagura GX【胴当て】,
3575,Satokagura GX [Chestplate 】,
3576,Rathalos GX Mail,
3577,Rathalos GX Vest,
3578,Blango GX Mail,
3579,Blango GX Vest,
3580,Khezu GX Mail,
3581,Khezu GX Vest,
3582,Hope GX Mail,
3583,Hope GX Vest,
3584,Gougarf G Mail,
3585,Gougarf GF Mail,
3586,Gougarf GX Mail,
3587,Gougarf G Vest,
3588,Gougarf GF Vest,
3589,Gougarf GX Vest,
3590,Shourou 【殻胴】G,
3591,Shourou 【殻胴】GF,
3592,Shourou 【殻胴】GX,
3593,Mitama 【殻胴】G,
3594,Mitama 【殻胴】GF,
3595,Mitama 【殻胴】GX,
3596,Giaorugu G Mail,
3597,Giaorugu GF Mail,
3598,Giaorugu GX Mail,
3599,Giaorugu G Vest,
3600,Giaorugu GF Vest,
3601,Giaorugu GX Vest,
3602,Gravios G Mail,
3603,Gravios GF Mail,
3604,Gravios GX Mail,
3605,Gravios G Vest,
3606,Gravios GF Vest,
3607,Gravios GX Vest,
3608,Tigrex G Mail,
3609,Tigrex GF Mail,
3610,Tigrex GX Mail,
3611,Tigrex G Vest,
3612,Tigrex GF Vest,
3613,Tigrex GX Vest,
3614,Paria G Mail,
3615,Paria GF Mail,
3616,Paria GX Mail,
3617,Paria G Vest,
3618,Paria GF Vest,
3619,Paria GX Vest,
3620,Torpedo G Mail,
3621,Torpedo GF Mail,
3622,Torpedo GX Mail,
3623,Torpedo G Vest,
3624,Torpedo GF Vest,
3625,Torpedo GX Vest,
3626,Lavasioth G Mail,
3627,Lavasioth GF Mail,
3628,Lavasioth GX Mail,
3629,Lavasioth G Vest,
3630,Lavasioth GF Vest,
3631,Lavasioth GX Vest,
3632,Espinas G Muscle,
3633,Espinas GF Muscle,
3634,Espinas GX Muscle,
3635,Espinas G Heart,
3636,Espinas GF Heart,
3637,Espinas GX Heart,
3638,Golden Haori・G,
3639,Golden Haori・GF,
3640,Golden Haori・GX,
3641,Puppeteer ノ装束・G,
3642,Puppeteer ノ装束・GF,
3643,Puppeteer ノ装束・GX,
3644,Rebidiora G Hide,
3645,Rebidiora GF Hide,
3646,Rebidiora GX Hide,
3647,Rebidiora G Skin,
3648,Rebidiora GF Skin,
3649,Rebidiora GX Skin,
3650,Garuga G Mail,
3651,Garuga GF Mail,
3652,Garuga GX Mail,
3653,Garuga G Vest,
3654,Garuga GF Vest,
3655,Garuga GX Vest,
3656,Vashimu G Mail,
3657,Vashimu GF Mail,
3658,Vashimu GX Mail,
3659,Vashimu G Vest,
3660,Vashimu GF Vest,
3661,Vashimu GX Vest,
3662,Guren G Mail,
3663,Guren GF Mail,
3664,Guren GX Mail,
3665,Guren G Vest,
3666,Guren GF Vest,
3667,Guren GX Vest,
3668,Inari G【胴当て】,
3669,Inari GF【胴当て】,
3670,Inari GX【胴当て】,
3671,Tamamo G [Chestplate 】,
3672,Tamamo GF [Chestplate 】,
3673,Tamamo GX [Chestplate 】,
3674,Disu G Mail,
3675,Disu GF Mail,
3676,Disu GX Mail,
3677,Disu G Vest,
3678,Disu GF Vest,
3679,Disu GX Vest,
3680,Shadow Shozoku・G,
3681,Shadow Shozoku・GF,
3682,Shadow Shozoku・GX,
3683,Shade Shozoku・G,
3684,Shade Shozoku・GF,
3685,Shade Shozoku・GX,
3686,Byakko・Kensei G Mail,
3687,Byakko・Kensei GF Mail,
3688,Suzaku・Kensei G Mail,
3689,Suzaku・Kensei GF Mail,
3690,Genbu・Kensei G Mail,
3691,Genbu・Kensei GF Mail,
3692,Seiryu・Kensei G Mail,
3693,Seiryu・Kensei GF Mail,
3694,Byakko・双龍G Mail,
3695,Byakko・双龍GF Mail,
3696,Suzaku・双龍G Mail,
3697,Suzaku・双龍GF Mail,
3698,Genbu・双龍G Mail,
3699,Genbu・双龍GF Mail,
3700,Seiryu・双龍G Mail,
3701,Seiryu・双龍GF Mail,
3702,Byakko・剣王G Mail,
3703,Byakko・剣王GF Mail,
3704,Suzaku・剣王G Mail,
3705,Suzaku・剣王GF Mail,
3706,Genbu・剣王G Mail,
3707,Genbu・剣王GF Mail,
3708,Seiryu・剣王G Mail,
3709,Seiryu・剣王GF Mail,
3710,Byakko・刀神G Mail,
3711,Byakko・刀神GF Mail,
3712,Suzaku・刀神G Mail,
3713,Suzaku・刀神GF Mail,
3714,Genbu・刀神G Mail,
3715,Genbu・刀神GF Mail,
3716,Seiryu・刀神G Mail,
3717,Seiryu・刀神GF Mail,
3718,Byakko・Heaven 槍G Mail,
3719,Byakko・Heaven 槍GF Mail,
3720,Suzaku・Heaven 槍G Mail,
3721,Suzaku・Heaven 槍GF Mail,
3722,Genbu・Heaven 槍G Mail,
3723,Genbu・Heaven 槍GF Mail,
3724,Seiryu・Heaven 槍G Mail,
3725,Seiryu・Heaven 槍GF Mail,
3726,Byakko・砲皇G Mail,
3727,Byakko・砲皇GF Mail,
3728,Suzaku・砲皇G Mail,
3729,Suzaku・砲皇GF Mail,
3730,Genbu・砲皇G Mail,
3731,Genbu・砲皇GF Mail,
3732,Seiryu・砲皇G Mail,
3733,Seiryu・砲皇GF Mail,
3734,Byakko・鈍器獣G Mail,
3735,Byakko・鈍器獣GF Mail,
3736,Suzaku・鈍器獣G Mail,
3737,Suzaku・鈍器獣GF Mail,
3738,Genbu・鈍器獣G Mail,
3739,Genbu・鈍器獣GF Mail,
3740,Seiryu・鈍器獣G Mail,
3741,Seiryu・鈍器獣GF Mail,
3742,Byakko・奏帝G Mail,
3743,Byakko・奏帝GF Mail,
3744,Suzaku・奏帝G Mail,
3745,Suzaku・奏帝GF Mail,
3746,Genbu・奏帝G Mail,
3747,Genbu・奏帝GF Mail,
3748,Seiryu・奏帝G Mail,
3749,Seiryu・奏帝GF Mail,
3750,Byakko・銃傑G Suit,
3751,Byakko・銃傑GF Suit,
3752,Suzaku・銃傑G Suit,
3753,Suzaku・銃傑GF Suit,
3754,Genbu・銃傑G Suit,
3755,Genbu・銃傑GF Suit,
3756,Seiryu・銃傑G Suit,
3757,Seiryu・銃傑GF Suit,
3758,Byakko・銃仙G Suit,
3759,Byakko・銃仙GF Suit,
3760,Suzaku・銃仙G Suit,
3761,Suzaku・銃仙GF Suit,
3762,Genbu・銃仙G Suit,
3763,Genbu・銃仙GF Suit,
3764,Seiryu・銃仙G Suit,
3765,Seiryu・銃仙GF Suit,
3766,Byakko・Bow 鬼G Suit,
3767,Byakko・Bow 鬼GF Suit,
3768,Suzaku・Bow 鬼G Suit,
3769,Suzaku・Bow 鬼GF Suit,
3770,Genbu・Bow 鬼G Suit,
3771,Genbu・Bow 鬼GF Suit,
3772,Seiryu・Bow 鬼G Suit,
3773,Seiryu・Bow 鬼GF Suit,
3774,Odiva G Mail,
3775,Odiva G Vest,
3776,Blitz G Vest,
3777,Blitz Gケープ,
3778,Flame G Mail,
3779,Flame G Vest,
3780,Wind G Diru,
3781,Wind Gバダル,
3782,武者G【胴当て】,
3783,日光G【胴当て】,
3784,Wadatsumi G [Chestplate 】,
3785,Okami G [Chestplate 】,
3786,Lils G Mail,
3787,Lils G Vest,
3788,Algol G Mail,
3789,Algol G Vest,
3790,エミットG Mail,
3791,エミットG Vest,
3792,Diboa G Mail,
3793,Diboa G Vest,
3794,Demon Lord ノ胴当,
3795,童子ノ胴当,
3796,レアー Mail,
3797,ハーデス Mail,
3798,レアー Vest,
3799,ハーデス Vest,
3800,Roses GX Mail,
3801,Roses GX Vest,
3802,Strega G Mail,
3803,Strega GF Mail,
3804,Strega GX Mail,
3805,Strega G Vest,
3806,Strega GF Vest,
3807,Strega GX Vest,
3808,Pics Vest・Green,
3809,Pics F Vest・Green,
3810,Pics FZ Vest・Green,
3811,Pics HC Vest・Green,
3812,Pics HS Vest・Green,
3813,Pics GS Vest・Green,
3814,Pics Suit・Green,
3815,Pics F Suit・Green,
3816,Pics FZ Suit・Green,
3817,Pics HC Suit・Green,
3818,Pics HS Suit・Green,
3819,Pics GS Suit・Green,
3820,Pics Vest・Purple,
3821,Pics F Vest・Purple,
3822,Pics FZ Vest・Purple,
3823,Pics HC Vest・Purple,
3824,Pics HS Vest・Purple,
3825,Pics GS Vest・Purple,
3826,Pics Suit・Purple,
3827,Pics F Suit・Purple,
3828,Pics FZ Suit・Purple,
3829,Pics HC Suit・Purple,
3830,Pics HS Suit・Purple,
3831,Pics GS Suit・Purple,
3832,Pics Vest・Black,
3833,Pics F Vest・Black,
3834,Pics FZ Vest・Black,
3835,Pics HC Vest・Black,
3836,Pics HS Vest・Black,
3837,Pics GS Vest・Black,
3838,Pics Suit・Black,
3839,Pics F Suit・Black,
3840,Pics FZ Suit・Black,
3841,Pics HC Suit・Black,
3842,Pics HS Suit・Black,
3843,Pics GS Suit・Black,
3844,Pics Vest・Water,
3845,Pics F Vest・Water,
3846,Pics FZ Vest・Water,
3847,Pics HC Vest・Water,
3848,Pics HS Vest・Water,
3849,Pics GS Vest・Water,
3850,Pics Suit・Water,
3851,Pics F Suit・Water,
3852,Pics FZ Suit・Water,
3853,Pics HC Suit・Water,
3854,Pics HS Suit・Water,
3855,Pics GS Suit・Water,
3856,Bright Mail,
3857,Bright F Mail,
3858,Bright FZ Mail,
3859,Bright HC Mail,
3860,Bright HS Mail,
3861,Bright GS Mail,
3862,Bright Vest,
3863,Bright F Vest,
3864,Bright FZ Vest,
3865,Bright HC Vest,
3866,Bright HS Vest,
3867,Bright GS Vest,
3868,Juari Mail,
3869,Juari F Mail,
3870,Juari FZ Mail,
3871,Juari HC Mail,
3872,Juari HS Mail,
3873,Juari GS Mail,
3874,Juari Vest,
3875,Juari F Vest,
3876,Juari FZ Vest,
3877,Juari HC Vest,
3878,Juari HS Vest,
3879,Juari GS Vest,
3880,Tinku Mail,
3881,Tinku F Mail,
3882,Tinku FZ Mail,
3883,Tinku HC Mail,
3884,Tinku HS Mail,
3885,Tinku GS Mail,
3886,Tinku Vest,
3887,Tinku F Vest,
3888,Tinku FZ Vest,
3889,Tinku HC Vest,
3890,Tinku HS Vest,
3891,Tinku GS Vest,
3892,Real FZ Mail・White,
3893,Real HC Mail・White,
3894,Real HS Mail・White,
3895,Real GS Mail・White,
3896,Real FZ Suit・White,
3897,Real HC Suit・White,
3898,Real HS Suit・White,
3899,Real GS Suit・White,
3900,Lien FZ Vest・Blue,
3901,Lien HC Vest・Blue,
3902,Lien HS Vest・Blue,
3903,Lien GS Vest・Blue,
3904,Lien FZ Suit・Blue,
3905,Lien HC Suit・Blue,
3906,Lien HS Suit・Blue,
3907,Lien GS Suit・Blue,
3908,Melety FZ Vest・White,
3909,Melety HC Vest・White,
3910,Melety HS Vest・White,
3911,Melety GS Vest・White,
3912,Melety FZ Suit・Blue,
3913,Melety HC Suit・Blue,
3914,Melety HS Suit・Blue,
3915,Melety GS Suit・Blue,
3916,Regelia FZ Mail・White,
3917,Regelia HC Mail・White,
3918,Regelia HS Mail・White,
3919,Regelia GS Mail・White,
3920,Regelia FZ Suit・Blue,
3921,Regelia HC Suit・Blue,
3922,Regelia HS Suit・Blue,
3923,Regelia GS Suit・Blue,
3924,Suriito HS Vest・Yellow,
3925,Suriito GS Vest・Yellow,
3926,Suriito HS Suit・Yellow,
3927,Suriito GS Suit・Yellow,
3928,Steno HS Mail・Orange,
3929,Steno GS Mail・Orange,
3930,Steno HS Vest・Orange,
3931,Steno GS Vest・Orange,
3932,Edio HC Mail・Blue,
3933,Edio HS Mail・Blue,
3934,Edio GS Mail・Blue,
3935,Edio HC Suit・Blue,
3936,Edio HS Suit・Blue,
3937,Edio GS Suit・Blue,
3938,Galitos HC Vest・Tea,
3939,Galitos HS Vest・Tea,
3940,Galitos GS Vest・Tea,
3941,Galitos HC Suit・Tea,
3942,Galitos HS Suit・Tea,
3943,Galitos GS Suit・Tea,
3944,ロット Vest,
3945,ロットF Vest,
3946,ロットFZ Vest,
3947,ロットHC Vest,
3948,ロットHS Vest,
3949,ロットGS Vest,
3950,ロット Suit,
3951,ロットF Suit,
3952,ロットFZ Suit,
3953,ロットHC Suit,
3954,ロットHS Suit,
3955,ロットGS Suit,
3956,Blink F Suit,
3957,Blink F Vest,
3958,Smart F Vest,
3959,Smart FZ Vest,
3960,Smart HC Vest,
3961,Gougarf FX Mail,
3962,Gougarf HS Mail,
3963,Gougarf FX Vest,
3964,Gougarf HS Vest,
3965,Regyukusu HC Mail,
3966,Regyukusu HS Mail,
3967,Regyukusu GS Mail,
3968,Regyukusu HC Suit,
3969,Regyukusu HS Suit,
3970,Regyukusu GS Suit,
3971,Pistis HC Vest,
3972,Pistis HS Vest,
3973,Pistis GS Vest,
3974,Pistis HC Suit,
3975,Pistis HS Suit,
3976,Pistis GS Suit,
3977,Star Festival FZ Shozoku [Red 】,
3978,Star Festival HC Shozoku [Red 】,
3979,Star Festival HS Shozoku [Red 】,
3980,Star Festival GS Shozoku [Red 】,
3981,Tanabata FZ Shozoku [Red 】,
3982,Tanabata HC Shozoku [Red 】,
3983,Tanabata HS Shozoku [Red 】,
3984,Tanabata GS Shozoku [Red 】,
3985,Real FZ Mail・Gold,
3986,Real HC Mail・Gold,
3987,Real HS Mail・Gold,
3988,Real GS Mail・Gold,
3989,Real FZ Suit・Gold,
3990,Real HC Suit・Gold,
3991,Real HS Suit・Gold,
3992,Real GS Suit・Gold,
3993,Real FZ Mail・Blue,
3994,Real HC Mail・Blue,
3995,Real HS Mail・Blue,
3996,Real GS Mail・Blue,
3997,Real FZ Suit・Blue,
3998,Real HC Suit・Blue,
3999,Real HS Suit・Blue,
4000,Real GS Suit・Blue,
4001,Real FZ Mail・Red,
4002,Real HC Mail・Red,
4003,Real HS Mail・Red,
4004,Real GS Mail・Red,
4005,Real FZ Suit・Red,
4006,Real HC Suit・Red,
4007,Real HS Suit・Red,
4008,Real GS Suit・Red,
4009,Lien FZ Vest・Red,
4010,Lien HC Vest・Red,
4011,Lien HS Vest・Red,
4012,Lien GS Vest・Red,
4013,Lien FZ Suit・Red,
4014,Lien HC Suit・Red,
4015,Lien HS Suit・Red,
4016,Lien GS Suit・Red,
4017,Lien FZ Vest・Black,
4018,Lien HC Vest・Black,
4019,Lien HS Vest・Black,
4020,Lien GS Vest・Black,
4021,Lien FZ Suit・Black,
4022,Lien HC Suit・Black,
4023,Lien HS Suit・Black,
4024,Lien GS Suit・Black,
4025,Lien FZ Vest・White,
4026,Lien HC Vest・White,
4027,Lien HS Vest・White,
4028,Lien GS Vest・White,
4029,Lien FZ Suit・White,
4030,Lien HC Suit・White,
4031,Lien HS Suit・White,
4032,Lien GS Suit・White,
4033,Melety FZ Vest・Red,
4034,Melety HC Vest・Red,
4035,Melety HS Vest・Red,
4036,Melety GS Vest・Red,
4037,Melety FZ Vest・Blue,
4038,Melety HC Vest・Blue,
4039,Melety HS Vest・Blue,
4040,Melety GS Vest・Blue,
4041,Melety FZ Vest・Black,
4042,Melety HC Vest・Black,
4043,Melety HS Vest・Black,
4044,Melety GS Vest・Black,
4045,Melety FZ Suit・White,
4046,Melety HC Suit・White,
4047,Melety HS Suit・White,
4048,Melety GS Suit・White,
4049,Melety FZ Suit・Red,
4050,Melety HC Suit・Red,
4051,Melety HS Suit・Red,
4052,Melety GS Suit・Red,
4053,Melety FZ Suit・Black,
4054,Melety HC Suit・Black,
4055,Melety HS Suit・Black,
4056,Melety GS Suit・Black,
4057,Regelia FZ Mail・Red,
4058,Regelia HC Mail・Red,
4059,Regelia HS Mail・Red,
4060,Regelia GS Mail・Red,
4061,Regelia FZ Mail・Green,
4062,Regelia HC Mail・Green,
4063,Regelia HS Mail・Green,
4064,Regelia GS Mail・Green,
4065,Regelia FZ Mail・Blue,
4066,Regelia HC Mail・Blue,
4067,Regelia HS Mail・Blue,
4068,Regelia GS Mail・Blue,
4069,Regelia FZ Suit・White,
4070,Regelia HC Suit・White,
4071,Regelia HS Suit・White,
4072,Regelia GS Suit・White,
4073,Regelia FZ Suit・Red,
4074,Regelia HC Suit・Red,
4075,Regelia HS Suit・Red,
4076,Regelia GS Suit・Red,
4077,Regelia FZ Suit・Green,
4078,Regelia HC Suit・Green,
4079,Regelia HS Suit・Green,
4080,Regelia GS Suit・Green,
4081,Suriito HS Vest・Silver,
4082,Suriito GS Vest・Silver,
4083,Suriito HS Suit・Silver,
4084,Suriito GS Suit・Silver,
4085,Suriito HS Vest・Red,
4086,Suriito GS Vest・Red,
4087,Suriito HS Suit・Red,
4088,Suriito GS Suit・Red,
4089,Suriito HS Vest・Blue,
4090,Suriito GS Vest・Blue,
4091,Suriito HS Suit・Blue,
4092,Suriito GS Suit・Blue,
4093,Steno HS Mail・Peach,
4094,Steno GS Mail・Peach,
4095,Steno HS Vest・Peach,
4096,Steno GS Vest・Peach,
4097,Steno HS Mail・Blue,
4098,Steno GS Mail・Blue,
4099,Steno HS Vest・Blue,
4100,Steno GS Vest・Blue,
4101,Steno HS Mail・Red,
4102,Steno GS Mail・Red,
4103,Steno HS Vest・Red,
4104,Steno GS Vest・Red,
4105,Edio HC Mail・Red,
4106,Edio HS Mail・Red,
4107,Edio GS Mail・Red,
4108,Edio HC Suit・Red,
4109,Edio HS Suit・Red,
4110,Edio GS Suit・Red,
4111,Edio HC Mail・Yellow,
4112,Edio HS Mail・Yellow,
4113,Edio GS Mail・Yellow,
4114,Edio HC Suit・Yellow,
4115,Edio HS Suit・Yellow,
4116,Edio GS Suit・Yellow,
4117,Edio HC Mail・Black,
4118,Edio HS Mail・Black,
4119,Edio GS Mail・Black,
4120,Edio HC Suit・Black,
4121,Edio HS Suit・Black,
4122,Edio GS Suit・Black,
4123,Galitos HC Vest・Red,
4124,Galitos HS Vest・Red,
4125,Galitos GS Vest・Red,
4126,Galitos HC Suit・Red,
4127,Galitos HS Suit・Red,
4128,Galitos GS Suit・Red,
4129,Galitos HC Vest・Black,
4130,Galitos HS Vest・Black,
4131,Galitos GS Vest・Black,
4132,Galitos HC Suit・Black,
4133,Galitos HS Suit・Black,
4134,Galitos GS Suit・Black,
4135,Galitos HC Vest・Water,
4136,Galitos HS Vest・Water,
4137,Galitos GS Vest・Water,
4138,Galitos HC Suit・Water,
4139,Galitos HS Suit・Water,
4140,Galitos GS Suit・Water,
4141,Star Festival FZ Shozoku [Blue 】,
4142,Star Festival HC Shozoku [Blue 】,
4143,Star Festival HS Shozoku [Blue 】,
4144,Star Festival GS Shozoku [Blue 】,
4145,Tanabata FZ Shozoku [Blue 】,
4146,Tanabata HC Shozoku [Blue 】,
4147,Tanabata HS Shozoku [Blue 】,
4148,Tanabata GS Shozoku [Blue 】,
4149,Star Festival FZ Shozoku [Black 】,
4150,Star Festival HC Shozoku [Black 】,
4151,Star Festival HS Shozoku [Black 】,
4152,Star Festival GS Shozoku [Black 】,
4153,Tanabata FZ Shozoku [Black 】,
4154,Tanabata HC Shozoku [Black 】,
4155,Tanabata HS Shozoku [Black 】,
4156,Tanabata GS Shozoku [Black 】,
4157,Star Festival FZ Shozoku [White 】,
4158,Star Festival HC Shozoku [White 】,
4159,Star Festival HS Shozoku [White 】,
4160,Star Festival GS Shozoku [White 】,
4161,Tanabata FZ Shozoku [White 】,
4162,Tanabata HC Shozoku [White 】,
4163,Tanabata HS Shozoku [White 】,
4164,Tanabata GS Shozoku [White 】,
4165,ダミー,
4166,ダミー,
4167,ダミー,
4168,ダミー,
4169,ダミー,
4170,ダミー,
4171,ダミー,
4172,ダミー,
4173,ダミー,
4174,ダミー,
4175,ダミー,
4176,ダミー,
4177,ヴェルフHS Mail,
4178,ヴェルフGS Mail,
4179,ヴェルフHS Vest,
4180,ヴェルフGS Vest,
4181,テリオグHS Mail,
4182,テリオグGS Mail,
4183,テリオグHS Vest,
4184,テリオグGS Vest,
4185,Beil HS Brigantes,
4186,Beil GS Brigantes,
4187,Veloci G Mail,
4188,Veloci GF Mail,
4189,Veloci GX Mail,
4190,Veloci G Vest,
4191,Veloci GF Vest,
4192,Veloci GX Vest,
4193,Io G Mail,
4194,Io GF Mail,
4195,Io GX Mail,
4196,Io G Vest,
4197,Io GF Vest,
4198,Io GX Vest,
4199,Gen G Mail,
4200,Gen GF Mail,
4201,Gen GX Mail,
4202,Gen G Vest,
4203,Gen GF Vest,
4204,Gen GX Vest,
4205,Cepha G Mail,
4206,Cepha GF Mail,
4207,Cepha GX Mail,
4208,Cepha G Vest,
4209,Cepha GF Vest,
4210,Cepha GX Vest,
4211,Diablos G Mail,
4212,Diablos GF Mail,
4213,Diablos GX Mail,
4214,Diablos G Vest,
4215,Diablos GF Vest,
4216,Diablos GX Vest,
4217,Plesioth G Mail,
4218,Plesioth GF Mail,
4219,Plesioth GX Mail,
4220,Plesioth G Vest,
4221,Plesioth GF Vest,
4222,Plesioth GX Vest,
4223,Beru G Mail,
4224,Beru GF Mail,
4225,Beru GX Mail,
4226,Beru G Vest,
4227,Beru GF Vest,
4228,Beru GX Vest,
4229,Black Gravios G Mail,
4230,Black Gravios GF Mail,
4231,Black Gravios GX Mail,
4232,Black Gravios G Vest,
4233,Black Gravios GF Vest,
4234,Black Gravios GX Vest,
4235,Lune G Mail,
4236,Lune GF Mail,
4237,Lune GX Mail,
4238,Lune G Vest,
4239,Lune GF Vest,
4240,Lune GX Vest,
4241,Stroma Mail,
4242,Stroma F Mail,
4243,Stroma FX Mail,
4244,Stroma G Mail,
4245,Stroma Vest,
4246,Stroma F Vest,
4247,Stroma FX Vest,
4248,Stroma G Vest,
4249,Plunder G Mail,
4250,Plunder GF Mail,
4251,Plunder GX Mail,
4252,Plunder G Vest,
4253,Plunder GF Vest,
4254,Plunder GX Vest,
4255,Altera Mail,
4256,Altera F Mail,
4257,Altera FX Mail,
4258,Altera G Mail,
4259,Altera GF Mail,
4260,Altera Vest,
4261,Altera F Vest,
4262,Altera FX Vest,
4263,Altera G Vest,
4264,Altera GF Vest,
4265,Dragon G Hide,
4266,Dragon GF Hide,
4267,Dragon GX Hide,
4268,Dragon G Skin,
4269,Dragon GF Skin,
4270,Dragon GX Skin,
4271,Iriku Mail,
4272,Iriku F Mail,
4273,Iriku FX Mail,
4274,Iriku HC Mail,
4275,Iriku Vest,
4276,Iriku F Vest,
4277,Iriku FX Vest,
4278,Iriku HC Vest,
4279,Iriku G Mail,
4280,Iriku GF Mail,
4281,Iriku GX Mail,
4282,Iriku G Vest,
4283,Iriku GF Vest,
4284,Iriku GX Vest,
4285,Afti G Mail,
4286,Afti GF Mail,
4287,Afti GX Mail,
4288,Afti G Vest,
4289,Afti GF Vest,
4290,Afti GX Vest,
4291,Secuti Mail・Black,
4292,Secuti F Mail・Black,
4293,Secuti FZ Mail・Black,
4294,Secuti HS Mail・Black,
4295,Secuti GS Mail・Black,
4296,Secuti GP Mail・Black,
4297,Secuti Suit・Black,
4298,Secuti F Suit・Black,
4299,Secuti FZ Suit・Black,
4300,Secuti HS Suit・Black,
4301,Secuti GS Suit・Black,
4302,Secuti GP Suit・Black,
4303,Secuti Mail・Blue,
4304,Secuti F Mail・Blue,
4305,Secuti FZ Mail・Blue,
4306,Secuti HS Mail・Blue,
4307,Secuti GS Mail・Blue,
4308,Secuti GP Mail・Blue,
4309,Secuti Suit・Blue,
4310,Secuti F Suit・Blue,
4311,Secuti FZ Suit・Blue,
4312,Secuti HS Suit・Blue,
4313,Secuti GS Suit・Blue,
4314,Secuti GP Suit・Blue,
4315,Secuti Mail・Red,
4316,Secuti F Mail・Red,
4317,Secuti FZ Mail・Red,
4318,Secuti HS Mail・Red,
4319,Secuti GS Mail・Red,
4320,Secuti GP Mail・Red,
4321,Secuti Suit・Red,
4322,Secuti F Suit・Red,
4323,Secuti FZ Suit・Red,
4324,Secuti HS Suit・Red,
4325,Secuti GS Suit・Red,
4326,Secuti GP Suit・Red,
4327,Secuti Mail・White,
4328,Secuti F Mail・White,
4329,Secuti FZ Mail・White,
4330,Secuti HS Mail・White,
4331,Secuti GS Mail・White,
4332,Secuti GP Mail・White,
4333,Secuti Suit・White,
4334,Secuti F Suit・White,
4335,Secuti FZ Suit・White,
4336,Secuti HS Suit・White,
4337,Secuti GS Suit・White,
4338,Secuti GP Suit・White,
4339,Gelt Mail・Black,
4340,Gelt F Mail・Black,
4341,Gelt FZ Mail・Black,
4342,Gelt HS Mail・Black,
4343,Gelt GS Mail・Black,
4344,Gelt GP Mail・Black,
4345,Gelt Suit・Black,
4346,Gelt F Suit・Black,
4347,Gelt FZ Suit・Black,
4348,Gelt HS Suit・Black,
4349,Gelt GS Suit・Black,
4350,Gelt GP Suit・Black,
4351,Gelt Mail・Copper,
4352,Gelt F Mail・Copper,
4353,Gelt FZ Mail・Copper,
4354,Gelt HS Mail・Copper,
4355,Gelt GS Mail・Copper,
4356,Gelt GP Mail・Copper,
4357,Gelt Suit・Copper,
4358,Gelt F Suit・Copper,
4359,Gelt FZ Suit・Copper,
4360,Gelt HS Suit・Copper,
4361,Gelt GS Suit・Copper,
4362,Gelt GP Suit・Copper,
4363,Gelt Mail・Silver,
4364,Gelt F Mail・Silver,
4365,Gelt FZ Mail・Silver,
4366,Gelt HS Mail・Silver,
4367,Gelt GS Mail・Silver,
4368,Gelt GP Mail・Silver,
4369,Gelt Suit・Silver,
4370,Gelt F Suit・Silver,
4371,Gelt FZ Suit・Silver,
4372,Gelt HS Suit・Silver,
4373,Gelt GS Suit・Silver,
4374,Gelt GP Suit・Silver,
4375,Gelt Mail・Gold,
4376,Gelt F Mail・Gold,
4377,Gelt FZ Mail・Gold,
4378,Gelt HS Mail・Gold,
4379,Gelt GS Mail・Gold,
4380,Gelt GP Mail・Gold,
4381,Gelt Suit・Gold,
4382,Gelt F Suit・Gold,
4383,Gelt FZ Suit・Gold,
4384,Gelt HS Suit・Gold,
4385,Gelt GS Suit・Gold,
4386,Gelt GP Suit・Gold,
4387,Shoko Suit,
4388,Shoko F Suit,
4389,Shoko FZ Suit,
4390,Shoko HS Suit,
4391,Shoko GS Suit,
4392,Shoko GP Suit,
4393,Shoko Vest,
4394,Shoko F Vest,
4395,Shoko FZ Vest,
4396,Shoko HS Vest,
4397,Shoko GS Vest,
4398,Shoko GP Vest,
4399,Genom Suit・Green,
4400,Genom F Suit・Green,
4401,Genom FZ Suit・Green,
4402,Genom HS Suit・Green,
4403,Genom GS Suit・Green,
4404,Genom GP Suit・Green,
4405,Genom Vest・Green,
4406,Genom F Vest・Green,
4407,Genom FZ Vest・Green,
4408,Genom HS Vest・Green,
4409,Genom GS Vest・Green,
4410,Genom GP Vest・Green,
4411,Genom Suit・Water,
4412,Genom F Suit・Water,
4413,Genom FZ Suit・Water,
4414,Genom HS Suit・Water,
4415,Genom GS Suit・Water,
4416,Genom GP Suit・Water,
4417,Genom Vest・Water,
4418,Genom F Vest・Water,
4419,Genom FZ Vest・Water,
4420,Genom HS Vest・Water,
4421,Genom GS Vest・Water,
4422,Genom GP Vest・Water,
4423,Genom Suit・Red,
4424,Genom F Suit・Red,
4425,Genom FZ Suit・Red,
4426,Genom HS Suit・Red,
4427,Genom GS Suit・Red,
4428,Genom GP Suit・Red,
4429,Genom Vest・Red,
4430,Genom F Vest・Red,
4431,Genom FZ Vest・Red,
4432,Genom HS Vest・Red,
4433,Genom GS Vest・Red,
4434,Genom GP Vest・Red,
4435,Genom Suit・Purple,
4436,Genom F Suit・Purple,
4437,Genom FZ Suit・Purple,
4438,Genom HS Suit・Purple,
4439,Genom GS Suit・Purple,
4440,Genom GP Suit・Purple,
4441,Genom Vest・Purple,
4442,Genom F Vest・Purple,
4443,Genom FZ Vest・Purple,
4444,Genom HS Vest・Purple,
4445,Genom GS Vest・Purple,
4446,Genom GP Vest・Purple,
4447,Divol Suit Green,
4448,Divol F Suit Green,
4449,Divol FZ Suit Green,
4450,Divol HS Suit Green,
4451,Divol GS Suit Green,
4452,Divol GP Suit Green,
4453,Divol Vest Green,
4454,Divol F Vest Green,
4455,Divol FZ Vest Green,
4456,Divol HS Vest Green,
4457,Divol GS Vest Green,
4458,Divol GP Vest Green,
4459,Divol Suit Tea,
4460,Divol F Suit Tea,
4461,Divol FZ Suit Tea,
4462,Divol HS Suit Tea,
4463,Divol GS Suit Tea,
4464,Divol GP Suit Tea,
4465,Divol Vest Tea,
4466,Divol F Vest Tea,
4467,Divol FZ Vest Tea,
4468,Divol HS Vest Tea,
4469,Divol GS Vest Tea,
4470,Divol GP Vest Tea,
4471,Divol Suit White,
4472,Divol F Suit White,
4473,Divol FZ Suit White,
4474,Divol HS Suit White,
4475,Divol GS Suit White,
4476,Divol GP Suit White,
4477,Divol Vest White,
4478,Divol F Vest White,
4479,Divol FZ Vest White,
4480,Divol HS Vest White,
4481,Divol GS Vest White,
4482,Divol GP Vest White,
4483,Dante Suit・Red,
4484,Dante F Suit・Red,
4485,Dante FZ Suit・Red,
4486,Dante HS Suit・Red,
4487,Dante GS Suit・Red,
4488,Dante GP Suit・Red,
4489,Dante Vest・Red,
4490,Dante F Vest・Red,
4491,Dante FZ Vest・Red,
4492,Dante HS Vest・Red,
4493,Dante GS Vest・Red,
4494,Dante GP Vest・Red,
4495,Lady Suit・White,
4496,Lady F Suit・White,
4497,Lady FZ Suit・White,
4498,Lady HS Suit・White,
4499,Lady GS Suit・White,
4500,Lady GP Suit・White,
4501,Lady Vest・White,
4502,Lady F Vest・White,
4503,Lady FZ Vest・White,
4504,Lady HS Vest・White,
4505,Lady GS Vest・White,
4506,Lady GP Vest・White,
4507,Dante Suit・Black,
4508,Dante F Suit・Black,
4509,Dante FZ Suit・Black,
4510,Dante HS Suit・Black,
4511,Dante GS Suit・Black,
4512,Dante GP Suit・Black,
4513,Dante Vest・Black,
4514,Dante F Vest・Black,
4515,Dante FZ Vest・Black,
4516,Dante HS Vest・Black,
4517,Dante GS Vest・Black,
4518,Dante GP Vest・Black,
4519,Lady Suit・Black,
4520,Lady F Suit・Black,
4521,Lady FZ Suit・Black,
4522,Lady HS Suit・Black,
4523,Lady GS Suit・Black,
4524,Lady GP Suit・Black,
4525,Lady Vest・Black,
4526,Lady F Vest・Black,
4527,Lady FZ Vest・Black,
4528,Lady HS Vest・Black,
4529,Lady GS Vest・Black,
4530,Lady GP Vest・Black,
4531,Dante Suit・White,
4532,Dante F Suit・White,
4533,Dante FZ Suit・White,
4534,Dante HS Suit・White,
4535,Dante GS Suit・White,
4536,Dante GP Suit・White,
4537,Dante Vest・White,
4538,Dante F Vest・White,
4539,Dante FZ Vest・White,
4540,Dante HS Vest・White,
4541,Dante GS Vest・White,
4542,Dante GP Vest・White,
4543,Lady Suit・Red,
4544,Lady F Suit・Red,
4545,Lady FZ Suit・Red,
4546,Lady HS Suit・Red,
4547,Lady GS Suit・Red,
4548,Lady GP Suit・Red,
4549,Lady Vest・Red,
4550,Lady F Vest・Red,
4551,Lady FZ Vest・Red,
4552,Lady HS Vest・Red,
4553,Lady GS Vest・Red,
4554,Lady GP Vest・Red,
4555,Dante Suit・Green,
4556,Dante F Suit・Green,
4557,Dante FZ Suit・Green,
4558,Dante HS Suit・Green,
4559,Dante GS Suit・Green,
4560,Dante GP Suit・Green,
4561,Dante Vest・Green,
4562,Dante F Vest・Green,
4563,Dante FZ Vest・Green,
4564,Dante HS Vest・Green,
4565,Dante GS Vest・Green,
4566,Dante GP Vest・Green,
4567,Lady Suit・Green,
4568,Lady F Suit・Green,
4569,Lady FZ Suit・Green,
4570,Lady HS Suit・Green,
4571,Lady GS Suit・Green,
4572,Lady GP Suit・Green,
4573,Lady Vest・Green,
4574,Lady F Vest・Green,
4575,Lady FZ Vest・Green,
4576,Lady HS Vest・Green,
4577,Lady GS Vest・Green,
4578,Lady GP Vest・Green,
4579,昇龍FZ胴着・White,
4580,昇龍HS胴着・White,
4581,昇龍GS胴着・White,
4582,昇龍GP胴着・White,
4583,波動FZ胴着・White,
4584,波動HS胴着・White,
4585,波動GS胴着・White,
4586,波動GP胴着・White,
4587,百裂FZ胴着・Blue,
4588,百裂HS胴着・Blue,
4589,百裂GS胴着・Blue,
4590,百裂GP胴着・Blue,
4591,気功FZ胴着・Blue,
4592,気功HS胴着・Blue,
4593,気功GS胴着・Blue,
4594,気功GP胴着・Blue,
4595,昇龍FZ胴着・紺,
4596,昇龍HS胴着・紺,
4597,昇龍GS胴着・紺,
4598,昇龍GP胴着・紺,
4599,波動FZ胴着・紺,
4600,波動HS胴着・紺,
4601,波動GS胴着・紺,
4602,波動GP胴着・紺,
4603,百裂FZ胴着・Black,
4604,百裂HS胴着・Black,
4605,百裂GS胴着・Black,
4606,百裂GP胴着・Black,
4607,気功FZ胴着・Black,
4608,気功HS胴着・Black,
4609,気功GS胴着・Black,
4610,気功GP胴着・Black,
4611,昇龍FZ胴着・Yellow,
4612,昇龍HS胴着・Yellow,
4613,昇龍GS胴着・Yellow,
4614,昇龍GP胴着・Yellow,
4615,波動FZ胴着・Yellow,
4616,波動HS胴着・Yellow,
4617,波動GS胴着・Yellow,
4618,波動GP胴着・Yellow,
4619,百裂FZ胴着・Yellow,
4620,百裂HS胴着・Yellow,
4621,百裂GS胴着・Yellow,
4622,百裂GP胴着・Yellow,
4623,気功FZ胴着・Yellow,
4624,気功HS胴着・Yellow,
4625,気功GS胴着・Yellow,
4626,気功GP胴着・Yellow,
4627,昇龍FZ胴着・Purple,
4628,昇龍HS胴着・Purple,
4629,昇龍GS胴着・Purple,
4630,昇龍GP胴着・Purple,
4631,波動FZ胴着・Purple,
4632,波動HS胴着・Purple,
4633,波動GS胴着・Purple,
4634,波動GP胴着・Purple,
4635,百裂FZ胴着・Green,
4636,百裂HS胴着・Green,
4637,百裂GS胴着・Green,
4638,百裂GP胴着・Green,
4639,気功FZ胴着・Green,
4640,気功HS胴着・Green,
4641,気功GS胴着・Green,
4642,気功GP胴着・Green,
4643,竜巻FZ胴着・Black,
4644,竜巻HS胴着・Black,
4645,竜巻GS胴着・Black,
4646,竜巻GP胴着・Black,
4647,True 空FZ胴着・Black,
4648,True 空HS胴着・Black,
4649,True 空GS胴着・Black,
4650,True 空GP胴着・Black,
4651,千裂FZ胴着・Black,
4652,千裂HS胴着・Black,
4653,千裂GS胴着・Black,
4654,千裂GP胴着・Black,
4655,覇山FZ胴着・Black,
4656,覇山HS胴着・Black,
4657,覇山GS胴着・Black,
4658,覇山GP胴着・Black,
4659,竜巻FZ胴着・Tea,
4660,竜巻HS胴着・Tea,
4661,竜巻GS胴着・Tea,
4662,竜巻GP胴着・Tea,
4663,True 空FZ胴着・Tea,
4664,True 空HS胴着・Tea,
4665,True 空GS胴着・Tea,
4666,True 空GP胴着・Tea,
4667,千裂FZ胴着・Purple,
4668,千裂HS胴着・Purple,
4669,千裂GS胴着・Purple,
4670,千裂GP胴着・Purple,
4671,覇山FZ胴着・Purple,
4672,覇山HS胴着・Purple,
4673,覇山GS胴着・Purple,
4674,覇山GP胴着・Purple,
4675,竜巻FZ胴着・White,
4676,竜巻HS胴着・White,
4677,竜巻GS胴着・White,
4678,竜巻GP胴着・White,
4679,True 空FZ胴着・White,
4680,True 空HS胴着・White,
4681,True 空GS胴着・White,
4682,True 空GP胴着・White,
4683,千裂FZ胴着・White,
4684,千裂HS胴着・White,
4685,千裂GS胴着・White,
4686,千裂GP胴着・White,
4687,覇山FZ胴着・White,
4688,覇山HS胴着・White,
4689,覇山GS胴着・White,
4690,覇山GP胴着・White,
4691,竜巻FZ胴着・Blue,
4692,竜巻HS胴着・Blue,
4693,竜巻GS胴着・Blue,
4694,竜巻GP胴着・Blue,
4695,True 空FZ胴着・Blue,
4696,True 空HS胴着・Blue,
4697,True 空GS胴着・Blue,
4698,True 空GP胴着・Blue,
4699,千裂FZ胴着・Green,
4700,千裂HS胴着・Green,
4701,千裂GS胴着・Green,
4702,千裂GP胴着・Green,
4703,覇山FZ胴着・Green,
4704,覇山HS胴着・Green,
4705,覇山GS胴着・Green,
4706,覇山GP胴着・Green,
4707,Demon FZドレス・Blue,
4708,Demon HSドレス・Blue,
4709,Demon GSドレス・Blue,
4710,Demon GPドレス・Blue,
4711,Chaos FZドレス・Blue,
4712,Chaos HSドレス・Blue,
4713,Chaos GSドレス・Blue,
4714,Chaos GPドレス・Blue,
4715,Shadow FZ Suit Purple,
4716,Shadow HS Suit Purple,
4717,Shadow GS Suit Purple,
4718,Shadow GP Suit Purple,
4719,Soul FZ Suit・Purple,
4720,Soul HS Suit・Purple,
4721,Soul GS Suit・Purple,
4722,Soul GP Suit・Purple,
4723,Demon FZドレス・Red,
4724,Demon HSドレス・Red,
4725,Demon GSドレス・Red,
4726,Demon GPドレス・Red,
4727,Chaos FZドレス・Red,
4728,Chaos HSドレス・Red,
4729,Chaos GSドレス・Red,
4730,Chaos GPドレス・Red,
4731,Shadow FZ Suit Red,
4732,Shadow HS Suit Red,
4733,Shadow GS Suit Red,
4734,Shadow GP Suit Red,
4735,Soul FZ Suit・Red,
4736,Soul HS Suit・Red,
4737,Soul GS Suit・Red,
4738,Soul GP Suit・Red,
4739,Demon FZドレス・Green,
4740,Demon HSドレス・Green,
4741,Demon GSドレス・Green,
4742,Demon GPドレス・Green,
4743,Chaos FZドレス・Green,
4744,Chaos HSドレス・Green,
4745,Chaos GSドレス・Green,
4746,Chaos GPドレス・Green,
4747,Shadow FZ Suit Green,
4748,Shadow HS Suit Green,
4749,Shadow GS Suit Green,
4750,Shadow GP Suit Green,
4751,Soul FZ Suit・Green,
4752,Soul HS Suit・Green,
4753,Soul GS Suit・Green,
4754,Soul GP Suit・Green,
4755,Demon FZドレス・White,
4756,Demon HSドレス・White,
4757,Demon GSドレス・White,
4758,Demon GPドレス・White,
4759,Chaos FZドレス・White,
4760,Chaos HSドレス・White,
4761,Chaos GSドレス・White,
4762,Chaos GPドレス・White,
4763,Shadow FZ Suit White,
4764,Shadow HS Suit White,
4765,Shadow GS Suit White,
4766,Shadow GP Suit White,
4767,Soul FZ Suit・White,
4768,Soul HS Suit・White,
4769,Soul GS Suit・White,
4770,Soul GP Suit・White,
4771,Issen GS【胴当て】・Red,
4772,Issen GP【胴当て】・Red,
4773,構射GS【胴当て】・Red,
4774,構射GP【胴当て】・Red,
4775,蜂針GS [Chestplate 】・Orange,
4776,蜂針GP [Chestplate 】・Orange,
4777,気弾GS [Chestplate 】・Orange,
4778,気弾GP [Chestplate 】・Orange,
4779,Issen GS【胴当て】・Blue,
4780,Issen GP【胴当て】・Blue,
4781,構射GS【胴当て】・Blue,
4782,構射GP【胴当て】・Blue,
4783,蜂針GS [Chestplate 】・Blue,
4784,蜂針GP [Chestplate 】・Blue,
4785,気弾GS [Chestplate 】・Blue,
4786,気弾GP [Chestplate 】・Blue,
4787,Issen GS【胴当て】・Yellow,
4788,Issen GP【胴当て】・Yellow,
4789,構射GS【胴当て】・Yellow,
4790,構射GP【胴当て】・Yellow,
4791,蜂針GS [Chestplate 】・Yellow,
4792,蜂針GP [Chestplate 】・Yellow,
4793,気弾GS [Chestplate 】・Yellow,
4794,気弾GP [Chestplate 】・Yellow,
4795,Issen GS【胴当て】・Black,
4796,Issen GP【胴当て】・Black,
4797,構射GS【胴当て】・Black,
4798,構射GP【胴当て】・Black,
4799,蜂針GS [Chestplate 】・Black,
4800,蜂針GP [Chestplate 】・Black,
4801,気弾GS [Chestplate 】・Black,
4802,気弾GP [Chestplate 】・Black,
4803,Shinryu GS胴着・Red,
4804,Shinryu GP胴着・Red,
4805,Reppa GS胴着・Red,
4806,Reppa GP胴着・Red,
4807,Cannon GS Suit・Water,
4808,Cannon GP Suit・Water,
4809,Axel GS Suit・Water,
4810,Axel GP Suit・Water,
4811,Shinryu GS胴着・White,
4812,Shinryu GP胴着・White,
4813,Reppa GS胴着・White,
4814,Reppa GP胴着・White,
4815,Cannon GS Suit・Green,
4816,Cannon GP Suit・Green,
4817,Axel GS Suit・Green,
4818,Axel GP Suit・Green,
4819,Shinryu GS胴着・Purple,
4820,Shinryu GP胴着・Purple,
4821,Reppa GS胴着・Purple,
4822,Reppa GP胴着・Purple,
4823,Cannon GS Suit・Peach,
4824,Cannon GP Suit・Peach,
4825,Axel GS Suit・Peach,
4826,Axel GP Suit・Peach,
4827,Shinryu GS胴着・Yellow,
4828,Shinryu GP胴着・Yellow,
4829,Reppa GS胴着・Yellow,
4830,Reppa GP胴着・Yellow,
4831,Cannon GS Suit・Purple,
4832,Cannon GP Suit・Purple,
4833,Axel GS Suit・Purple,
4834,Axel GP Suit・Purple,
4835,Garuda HS Suit,
4836,Garuda GS Suit,
4837,Garuda GP Suit,
4838,Garuda HS Vest,
4839,Garuda GS Vest,
4840,Garuda GP Vest,
4841,Feral HS Suit,
4842,Feral GS Suit,
4843,Feral GP Suit,
4844,Feral HS Vest,
4845,Feral GS Vest,
4846,Feral GP Vest,
4847,Fias HS Suit,
4848,Fias GS Suit,
4849,Fias GP Suit,
4850,Fias HS Vest,
4851,Fias GS Vest,
4852,Fias GP Vest,
4853,Viruto HS Suit,
4854,Viruto GS Suit,
4855,Viruto GP Suit,
4856,Viruto HS Vest,
4857,Viruto GS Vest,
4858,Viruto GP Vest,
4859,Falco HS Mail,
4860,Falco GS Mail,
4861,Falco GP Mail,
4862,Falco HS Vest,
4863,Falco GS Vest,
4864,Falco GP Vest,
4865,Howx HS Mail,
4866,Howx GS Mail,
4867,Howx GP Mail,
4868,Howx HS Vest,
4869,Howx GS Vest,
4870,Howx GP Vest,
4871,Gauss HS Mail,
4872,Gauss GS Mail,
4873,Gauss GP Mail,
4874,Gauss HS Vest,
4875,Gauss GS Vest,
4876,Gauss GP Vest,
4877,Weber HS Mail,
4878,Weber GS Mail,
4879,Weber GP Mail,
4880,Weber HS Vest,
4881,Weber GS Vest,
4882,Weber GP Vest,
4883,Gilbert HS Mail,
4884,Gilbert GS Mail,
4885,Gilbert GP Mail,
4886,Gilbert HS Vest,
4887,Gilbert GS Vest,
4888,Gilbert GP Vest,
4889,Bright GP Mail,
4890,Bright GP Vest,
4891,Juari GP Mail,
4892,Juari GP Vest,
4893,Tinku GP Mail,
4894,Tinku GP Vest,
4895,Luxt Mail,
4896,Luxt F Mail,
4897,Luxt FY Mail,
4898,Luxt HS Mail,
4899,Luxt Vest,
4900,Luxt F Vest,
4901,Luxt FY Vest,
4902,Luxt HS Vest,
4903,Luxt G Mail,
4904,Luxt GF Mail,
4905,Luxt GX Mail,
4906,Luxt G Vest,
4907,Luxt GF Vest,
4908,Luxt GX Vest,
4909,Oleum Mail,
4910,Oleum F Mail,
4911,Oleum FY Mail,
4912,Oleum HS Mail,
4913,Oleum Vest,
4914,Oleum F Vest,
4915,Oleum FY Vest,
4916,Oleum HS Vest,
4917,Oleum G Mail,
4918,Oleum GF Mail,
4919,Oleum GX Mail,
4920,Oleum G Vest,
4921,Oleum GF Vest,
4922,Oleum GX Vest,
4923,Kuranto Mail,
4924,Kuranto F Mail,
4925,Kuranto FY Mail,
4926,Kuranto HS Mail,
4927,Kuranto Vest,
4928,Kuranto F Vest,
4929,Kuranto FY Vest,
4930,Kuranto HS Vest,
4931,Kuranto G Mail,
4932,Kuranto GF Mail,
4933,Kuranto GX Mail,
4934,Kuranto G Vest,
4935,Kuranto GF Vest,
4936,Kuranto GX Vest,
4937,Yupuk Mail,
4938,Yupuk F Mail,
4939,Yupuk FY Mail,
4940,Yupuk HS Mail,
4941,Yupuk Vest,
4942,Yupuk F Vest,
4943,Yupuk FY Vest,
4944,Yupuk HS Vest,
4945,Yupuk G Mail,
4946,Yupuk GF Mail,
4947,Yupuk GX Mail,
4948,Yupuk G Vest,
4949,Yupuk GF Vest,
4950,Yupuk GX Vest,
4951,Higakure G Mail,
4952,Higakure GF Mail,
4953,Higakure GX Mail,
4954,Higakure G Vest,
4955,Higakure GF Vest,
4956,Higakure GX Vest,
4957,Konseru G Mail,
4958,Konseru GF Mail,
4959,Konseru GX Mail,
4960,Konseru G Vest,
4961,Konseru GF Vest,
4962,Konseru GX Vest,
4963,Diru G Jacket,
4964,Diru GF Jacket,
4965,Diru GX Jacket,
4966,Diru G Suit,
4967,Diru GF Suit,
4968,Diru GX Suit,
4969,コルヌー Mail,
4970,コピアイ Mail,
4971,コルヌー Vest,
4972,コピアイ Vest,
4973,メトリー Mail・Blue,
4974,メトリーF Mail・Blue,
4975,メトリーFZ Mail・Blue,
4976,メトリーHC Mail・Blue,
4977,メトリーHS Mail・Blue,
4978,メトリーGS Mail・Blue,
4979,メトリー Suit・Blue,
4980,メトリーF Suit・Blue,
4981,メトリーFZ Suit・Blue,
4982,メトリーHC Suit・Blue,
4983,メトリーHS Suit・Blue,
4984,メトリーGS Suit・Blue,
4985,メトリー Mail・White,
4986,メトリーF Mail・White,
4987,メトリーFZ Mail・White,
4988,メトリーHC Mail・White,
4989,メトリーHS Mail・White,
4990,メトリーGS Mail・White,
4991,メトリー Suit・White,
4992,メトリーF Suit・White,
4993,メトリーFZ Suit・White,
4994,メトリーHC Suit・White,
4995,メトリーHS Suit・White,
4996,メトリーGS Suit・White,
4997,メトリー Mail・Red,
4998,メトリーF Mail・Red,
4999,メトリーFZ Mail・Red,
5000,メトリーHC Mail・Red,
5001,メトリーHS Mail・Red,
5002,メトリーGS Mail・Red,
5003,メトリー Suit・Red,
5004,メトリーF Suit・Red,
5005,メトリーFZ Suit・Red,
5006,メトリーHC Suit・Red,
5007,メトリーHS Suit・Red,
5008,メトリーGS Suit・Red,
5009,メトリー Mail・Green,
5010,メトリーF Mail・Green,
5011,メトリーFZ Mail・Green,
5012,メトリーHC Mail・Green,
5013,メトリーHS Mail・Green,
5014,メトリーGS Mail・Green,
5015,メトリー Suit・Green,
5016,メトリーF Suit・Green,
5017,メトリーFZ Suit・Green,
5018,メトリーHC Suit・Green,
5019,メトリーHS Suit・Green,
5020,メトリーGS Suit・Green,
5021,ノヴィー Mail,
5022,ノヴィーF Mail,
5023,ノヴィーFZ Mail,
5024,ノヴィーHC Mail,
5025,ノヴィーHS Mail,
5026,ノヴィーGS Mail,
5027,ノヴィー Suit,
5028,ノヴィーF Suit,
5029,ノヴィーFZ Suit,
5030,ノヴィーHC Suit,
5031,ノヴィーHS Suit,
5032,ノヴィーGS Suit,
5033,Flora Mail,
5034,Frau Vest,
5035,Lea Suit,
5036,Keith Mail,
5037,Guinelle Mail,
5038,Circa Vest,
5039,Edward Mail,
5040,Taizo Mail,
5041,Tiala Mail,
5042,Uwel Mail,
5043,Natasha Suit,
5044,ダミー,
5045,アミロ Mail・Blue,
5046,アミロF Mail・Blue,
5047,アミロFZ Mail・Blue,
5048,アミロHC Mail・Blue,
5049,アミロHS Mail・Blue,
5050,アミロGS Mail・Blue,
5051,アミロ Suit・Blue,
5052,アミロF Suit・Blue,
5053,アミロFZ Suit・Blue,
5054,アミロHC Suit・Blue,
5055,アミロHS Suit・Blue,
5056,アミロGS Suit・Blue,
5057,アミロ Mail・Red,
5058,アミロF Mail・Red,
5059,アミロFZ Mail・Red,
5060,アミロHC Mail・Red,
5061,アミロHS Mail・Red,
5062,アミロGS Mail・Red,
5063,アミロ Suit・Red,
5064,アミロF Suit・Red,
5065,アミロFZ Suit・Red,
5066,アミロHC Suit・Red,
5067,アミロHS Suit・Red,
5068,アミロGS Suit・Red,
5069,アミロ Mail・Yellow,
5070,アミロF Mail・Yellow,
5071,アミロFZ Mail・Yellow,
5072,アミロHC Mail・Yellow,
5073,アミロHS Mail・Yellow,
5074,アミロGS Mail・Yellow,
5075,アミロ Suit・Yellow,
5076,アミロF Suit・Yellow,
5077,アミロFZ Suit・Yellow,
5078,アミロHC Suit・Yellow,
5079,アミロHS Suit・Yellow,
5080,アミロGS Suit・Yellow,
5081,アミロ Mail・Black,
5082,アミロF Mail・Black,
5083,アミロFZ Mail・Black,
5084,アミロHC Mail・Black,
5085,アミロHS Mail・Black,
5086,アミロGS Mail・Black,
5087,アミロ Suit・Black,
5088,アミロF Suit・Black,
5089,アミロFZ Suit・Black,
5090,アミロHC Suit・Black,
5091,アミロHS Suit・Black,
5092,アミロGS Suit・Black,
5093,Pisces Mail,
5094,Pisces F Mail,
5095,Pisces FZ Mail,
5096,Pisces HC Mail,
5097,Pisces HS Mail,
5098,Pisces GS Mail,
5099,Pisces Suit,
5100,Pisces F Suit,
5101,Pisces FZ Suit,
5102,Pisces HC Suit,
5103,Pisces HS Suit,
5104,Pisces GS Suit,
5105,Azul G Jacket,
5106,Azul GF Jacket,
5107,Azul GX Jacket,
5108,Azul G Suit,
5109,Azul GF Suit,
5110,Azul GX Suit,
5111,Entora G Mail,
5112,Entora GF Mail,
5113,Entora GX Mail,
5114,Entora G Vest,
5115,Entora GF Vest,
5116,Entora GX Vest,
5117,Holy King Suit,
5118,Holy King F Suit,
5119,Holy King FZ Suit,
5120,Holy King HS Suit,
5121,Holy King GS Suit,
5122,Holy King GP Suit,
5123,Holy King Vest,
5124,Holy King F Vest,
5125,Holy King FZ Vest,
5126,Holy King HS Vest,
5127,Holy King GS Vest,
5128,Holy King GP Vest,
5129,Hero King Suit,
5130,Hero King F Suit,
5131,Hero King FZ Suit,
5132,Hero King HS Suit,
5133,Hero King GS Suit,
5134,Hero King GP Suit,
5135,Hero King Vest,
5136,Hero King F Vest,
5137,Hero King FZ Vest,
5138,Hero King HS Vest,
5139,Hero King GS Vest,
5140,Hero King GP Vest,
5141,雷刃胴着,
5142,雷刃F胴着,
5143,雷刃FZ胴着,
5144,雷刃HS胴着,
5145,雷刃GS胴着,
5146,雷刃GP胴着,
5147,迅雷胴着,
5148,迅雷F胴着,
5149,迅雷FZ胴着,
5150,迅雷HS胴着,
5151,迅雷GS胴着,
5152,迅雷GP胴着,
5153,Heaven 星胴着,
5154,Heaven 星F胴着,
5155,Heaven 星FZ胴着,
5156,Heaven 星HS胴着,
5157,Heaven 星GS胴着,
5158,Heaven 星GP胴着,
5159,飛燕胴着,
5160,飛燕F胴着,
5161,飛燕FZ胴着,
5162,飛燕HS胴着,
5163,飛燕GS胴着,
5164,飛燕GP胴着,
5165,バットドレス,
5166,バットFドレス,
5167,バットFZドレス,
5168,バットHSドレス,
5169,バットGSドレス,
5170,バットGPドレス,
5171,Knight ドレス,
5172,Knight Fドレス,
5173,Knight FZドレス,
5174,Knight HSドレス,
5175,Knight GSドレス,
5176,Knight GPドレス,
5177,Shell Suit,
5178,Shell F Suit,
5179,Shell FZ Suit,
5180,Shell HS Suit,
5181,Shell GS Suit,
5182,Shell GP Suit,
5183,Vector Suit,
5184,Vector F Suit,
5185,Vector FZ Suit,
5186,Vector HS Suit,
5187,Vector GS Suit,
5188,Vector GP Suit,
5189,サーブル Vest,
5190,サーブルF Vest,
5191,サーブルFZ Vest,
5192,サーブルHS Vest,
5193,サーブルGS Vest,
5194,サーブルGP Vest,
5195,サーブル Suit,
5196,サーブルF Suit,
5197,サーブルFZ Suit,
5198,サーブルHS Suit,
5199,サーブルGS Suit,
5200,サーブルGP Suit,
5201,ルワージュ Suit,
5202,ルワージュF Suit,
5203,ルワージュFZ Suit,
5204,ルワージュHS Suit,
5205,ルワージュGS Suit,
5206,ルワージュGP Suit,
5207,ルワージュ Vest,
5208,ルワージュF Vest,
5209,ルワージュFZ Vest,
5210,ルワージュHS Vest,
5211,ルワージュGS Vest,
5212,ルワージュGP Vest,
5213,ノメル Jacket,
5214,ノメルF Jacket,
5215,ノメルFZ Jacket,
5216,ノメルHS Jacket,
5217,ノメルGS Jacket,
5218,ノメルGP Jacket,
5219,ノメル Suit,
5220,ノメルF Suit,
5221,ノメルFZ Suit,
5222,ノメルHS Suit,
5223,ノメルGS Suit,
5224,ノメルGP Suit,
5225,Hero King Chest BM Gold,
5226,Hero King Chest BM F Gold,
5227,Hero King Chest BM FZ Gold,
5228,Hero King Chest BM HS Gold,
5229,Hero King Chest BM GS Gold,
5230,Hero King Chest BM GP Gold,
5231,Hero King Chest GN Gold,
5232,Hero King Chest GN F Gold,
5233,Hero King Chest GN FZ Gold,
5234,Hero King Chest GN HS Gold,
5235,Hero King Chest GN GS Gold,
5236,Hero King Chest GN GP Gold,
5237,Gorgon Vest・Black,
5238,Gorgon F Vest・Black,
5239,Gorgon FZ Vest・Black,
5240,Gorgon HS Vest・Black,
5241,Gorgon GS Vest・Black,
5242,Gorgon GP Vest・Black,
5243,Gorgon Suit・Black,
5244,Gorgon F Suit・Black,
5245,Gorgon FZ Suit・Black,
5246,Gorgon HS Suit・Black,
5247,Gorgon GS Suit・Black,
5248,Gorgon GP Suit・Black,
5249,Kruss HS Suit,
5250,Kruss GS Suit,
5251,Kruss GP Suit,
5252,Quote HS Vest,
5253,Quote GS Vest,
5254,Quote GP Vest,
5255,Starina HS Suit,
5256,Starina GS Suit,
5257,Starina GP Suit,
5258,Starina HS Vest,
5259,Starina GS Vest,
5260,Starina GP Vest,
5261,Loose HS Suit,
5262,Loose GS Suit,
5263,Loose GP Suit,
5264,Loose HS Vest,
5265,Loose GS Vest,
5266,Loose GP Vest,
5267,Mirado HS Suit,
5268,Mirado GS Suit,
5269,Mirado GP Suit,
5270,Mirado HS Vest,
5271,Mirado GS Vest,
5272,Mirado GP Vest,
5273,Pirata HS Jacket,
5274,Pirata GS Jacket,
5275,Pirata GP Jacket,
5276,Pirata HS Suit,
5277,Pirata GS Suit,
5278,Pirata GP Suit,
5279,Zeroi HS Jacket,
5280,Zeroi GS Jacket,
5281,Zeroi GP Jacket,
5282,Zeroi HS Suit,
5283,Zeroi GS Suit,
5284,Zeroi GP Suit,
5285,Deyuru HS Mail,
5286,Deyuru GS Mail,
5287,Deyuru GP Mail,
5288,Deyuru HS Vest,
5289,Deyuru GS Vest,
5290,Deyuru GP Vest,
5291,Robust HS Diru,
5292,Robust GS Diru,
5293,Robust GP Diru,
5294,Robust HS Skin,
5295,Robust GS Skin,
5296,Robust GP Skin,
5297,花火GS [Chestplate 】,
5298,花火GP [Chestplate 】,
5299,流星GS [Chestplate 】,
5300,流星GP [Chestplate 】,
5301,Bunny FZ Suit・Black,
5302,Bunny HS Suit・Black,
5303,Bunny GS Suit・Black,
5304,Bunny GP Suit・Black,
5305,Bunny FZ Suit・White,
5306,Bunny HS Suit・White,
5307,Bunny GS Suit・White,
5308,Bunny GP Suit・White,
5309,Bunny FZ Suit・Red,
5310,Bunny HS Suit・Red,
5311,Bunny GS Suit・Red,
5312,Bunny GP Suit・Red,
5313,Bunny FZ Suit・Purple,
5314,Bunny HS Suit・Purple,
5315,Bunny GS Suit・Purple,
5316,Bunny GP Suit・Purple,
5317,Bunny FZ Vest・Black,
5318,Bunny HS Vest・Black,
5319,Bunny GS Vest・Black,
5320,Bunny GP Vest・Black,
5321,Bunny FZ Vest・White,
5322,Bunny HS Vest・White,
5323,Bunny GS Vest・White,
5324,Bunny GP Vest・White,
5325,Bunny FZ Vest・Red,
5326,Bunny HS Vest・Red,
5327,Bunny GS Vest・Red,
5328,Bunny GP Vest・Red,
5329,Bunny FZ Vest・Purple,
5330,Bunny HS Vest・Purple,
5331,Bunny GS Vest・Purple,
5332,Bunny GP Vest・Purple,
5333,Miku GP Vest,
5334,Miku GP Suit,
5335,Akahara Reisou BM Chest GP Red,
5336,Akahara Reisou・胴: Bow GP Red,
5337,Akahara Reisou BM Chest GP Blue,
5338,Akahara Reisou・胴: Bow GP Blue,
5339,Akahara Reisou BM Chest GP Black,
5340,Akahara Reisou・胴: Bow GP Black,
5341,Akahara Reisou BM Chest GP White,
5342,Akahara Reisou・胴: Bow GP White,
5343,Knight King Chest BM GP Blue,
5344,Knight King Chest GN GP Blue,
5345,Knight King Chest BM GP Red,
5346,Knight King Chest GN GP Red,
5347,Knight King Chest BM GP Black,
5348,Knight King Chest GN GP Black,
5349,Knight King Chest BM GP White,
5350,Knight King Chest GN GP White,
5351,Green 竜ノ具足GP【胴服】,
5352,Green 竜ノ Haori GP【胴服】,
5353,Red 備ノ具足GP【胴服】,
5354,Red 備ノ Haori GP【胴服】,
5355,Real GP Mail・White,
5356,Real GP Mail・Gold,
5357,Real GP Mail・Blue,
5358,Real GP Mail・Red,
5359,Real GP Suit・White,
5360,Real GP Suit・Gold,
5361,Real GP Suit・Blue,
5362,Real GP Suit・Red,
5363,Regelia GP Mail・White,
5364,Regelia GP Mail・Red,
5365,Regelia GP Mail・Green,
5366,Regelia GP Mail・Blue,
5367,Regelia GP Suit・White,
5368,Regelia GP Suit・Red,
5369,Regelia GP Suit・Green,
5370,Regelia GP Suit・Blue,
5371,Edio GP Mail・Blue,
5372,Edio GP Mail・Red,
5373,Edio GP Mail・Yellow,
5374,Edio GP Mail・Black,
5375,Edio GP Suit・Blue,
5376,Edio GP Suit・Red,
5377,Edio GP Suit・Yellow,
5378,Edio GP Suit・Black,
5379,Rast GS Vest・Black,
5380,Rast GP Vest・Black,
5381,Rast GS Suit・Black,
5382,Rast GP Suit・Black,
5383,Rast GS Vest・Blue,
5384,Rast GP Vest・Blue,
5385,Rast GS Suit・Blue,
5386,Rast GP Suit・Blue,
5387,Rast GS Vest・Crimson,
5388,Rast GP Vest・Crimson,
5389,Rast GS Suit・Crimson,
5390,Rast GP Suit・Crimson,
5391,Rast GS Vest・White,
5392,Rast GP Vest・White,
5393,Rast GS Suit・White,
5394,Rast GP Suit・White,
5395,Ciel FZ Brigantes,
5396,Ciel HS Brigantes,
5397,Ciel GS Brigantes,
5398,Ciel GP Brigantes,
5399,Omet HS Mail・Black,
5400,Omet GS Mail・Black,
5401,Omet GP Mail・Black,
5402,Omet HS Suit・Black,
5403,Omet GS Suit・Black,
5404,Omet GP Suit・Black,
5405,Omet HS Mail・Red,
5406,Omet GS Mail・Red,
5407,Omet GP Mail・Red,
5408,Omet HS Suit・Red,
5409,Omet GS Suit・Red,
5410,Omet GP Suit・Red,
5411,Omet HS Mail・White,
5412,Omet GS Mail・White,
5413,Omet GP Mail・White,
5414,Omet HS Suit・White,
5415,Omet GS Suit・White,
5416,Omet GP Suit・White,
5417,Omet HS Mail・Blue,
5418,Omet GS Mail・Blue,
5419,Omet GP Mail・Blue,
5420,Omet HS Suit・Blue,
5421,Omet GS Suit・Blue,
5422,Omet GP Suit・Blue,
5423,Gold FZ Mail・Red,
5424,Gold HS Mail・Red,
5425,Gold GS Mail・Red,
5426,Gold GP Mail・Red,
5427,Gold FZ Mail・Blue,
5428,Gold HS Mail・Blue,
5429,Gold GS Mail・Blue,
5430,Gold GP Mail・Blue,
5431,Gold FZ Mail・Yellow,
5432,Gold HS Mail・Yellow,
5433,Gold GS Mail・Yellow,
5434,Gold GP Mail・Yellow,
5435,Gold FZ Mail・Purple,
5436,Gold HS Mail・Purple,
5437,Gold GS Mail・Purple,
5438,Gold GP Mail・Purple,
5439,Gold FZ Suit・Red,
5440,Gold HS Suit・Red,
5441,Gold GS Suit・Red,
5442,Gold GP Suit・Red,
5443,Gold FZ Suit・Blue,
5444,Gold HS Suit・Blue,
5445,Gold GS Suit・Blue,
5446,Gold GP Suit・Blue,
5447,Gold FZ Suit・Yellow,
5448,Gold HS Suit・Yellow,
5449,Gold GS Suit・Yellow,
5450,Gold GP Suit・Yellow,
5451,Gold FZ Suit・Purple,
5452,Gold HS Suit・Purple,
5453,Gold GS Suit・Purple,
5454,Gold GP Suit・Purple,
5455,Shaln HS Vest・Blue,
5456,Shaln GS Vest・Blue,
5457,Shaln GP Vest・Blue,
5458,Shaln HS Vest・Green,
5459,Shaln GS Vest・Green,
5460,Shaln GP Vest・Green,
5461,Shaln HS Vest・Purple,
5462,Shaln GS Vest・Purple,
5463,Shaln GP Vest・Purple,
5464,Shaln HS Vest・White,
5465,Shaln GS Vest・White,
5466,Shaln GP Vest・White,
5467,Shaln HS Suit・Blue,
5468,Shaln GS Suit・Blue,
5469,Shaln GP Suit・Blue,
5470,Shaln HS Suit・Green,
5471,Shaln GS Suit・Green,
5472,Shaln GP Suit・Green,
5473,Shaln HS Suit・Purple,
5474,Shaln GS Suit・Purple,
5475,Shaln GP Suit・Purple,
5476,Shaln HS Suit・White,
5477,Shaln GS Suit・White,
5478,Shaln GP Suit・White,
5479,Aristo FZ Vest・Blue,
5480,Aristo HS Vest・Blue,
5481,Aristo GS Vest・Blue,
5482,Aristo GP Vest・Blue,
5483,Aristo FZ Vest・White,
5484,Aristo HS Vest・White,
5485,Aristo GS Vest・White,
5486,Aristo GP Vest・White,
5487,Aristo FZ Vest・Purple,
5488,Aristo HS Vest・Purple,
5489,Aristo GS Vest・Purple,
5490,Aristo GP Vest・Purple,
5491,Aristo FZ Vest・Red,
5492,Aristo HS Vest・Red,
5493,Aristo GS Vest・Red,
5494,Aristo GP Vest・Red,
5495,Aristo FZ Suit・Blue,
5496,Aristo HS Suit・Blue,
5497,Aristo GS Suit・Blue,
5498,Aristo GP Suit・Blue,
5499,Aristo FZ Suit・White,
5500,Aristo HS Suit・White,
5501,Aristo GS Suit・White,
5502,Aristo GP Suit・White,
5503,Aristo FZ Suit・Purple,
5504,Aristo HS Suit・Purple,
5505,Aristo GS Suit・Purple,
5506,Aristo GP Suit・Purple,
5507,Aristo FZ Suit・Red,
5508,Aristo HS Suit・Red,
5509,Aristo GS Suit・Red,
5510,Aristo GP Suit・Red,
5511,Magisa FZ Vest・Red,
5512,Magisa HS Vest・Red,
5513,Magisa GS Vest・Red,
5514,Magisa GP Vest・Red,
5515,Magisa FZ Vest・Black,
5516,Magisa HS Vest・Black,
5517,Magisa GS Vest・Black,
5518,Magisa GP Vest・Black,
5519,Magisa FZ Vest・Green,
5520,Magisa HS Vest・Green,
5521,Magisa GS Vest・Green,
5522,Magisa GP Vest・Green,
5523,Magisa FZ Vest・White,
5524,Magisa HS Vest・White,
5525,Magisa GS Vest・White,
5526,Magisa GP Vest・White,
5527,Wizard FZ Suit・Red,
5528,Wizard HS Suit・Red,
5529,Wizard GS Suit・Red,
5530,Wizard GP Suit・Red,
5531,Wizard FZ Suit・Black,
5532,Wizard HS Suit・Black,
5533,Wizard GS Suit・Black,
5534,Wizard GP Suit・Black,
5535,Wizard FZ Suit・Green,
5536,Wizard HS Suit・Green,
5537,Wizard GS Suit・Green,
5538,Wizard GP Suit・Green,
5539,Wizard FZ Suit・White,
5540,Wizard HS Suit・White,
5541,Wizard GS Suit・White,
5542,Wizard GP Suit・White,
5543,抜胴GS [Chestplate 】,
5544,抜胴GP [Chestplate 】,
5545,長根GS [Chestplate 】,
5546,長根GP [Chestplate 】,
5547,Hero King Chest BM Black,
5548,Hero King Chest BM F Black,
5549,Hero King Chest BM FZ Black,
5550,Hero King Chest BM HS Black,
5551,Hero King Chest BM GS Black,
5552,Hero King Chest BM GP Black,
5553,Hero King Chest GN Black,
5554,Hero King Chest GN F Black,
5555,Hero King Chest GN FZ Black,
5556,Hero King Chest GN HS Black,
5557,Hero King Chest GN GS Black,
5558,Hero King Chest GN GP Black,
5559,Gorgon Vest・Blue,
5560,Gorgon F Vest・Blue,
5561,Gorgon FZ Vest・Blue,
5562,Gorgon HS Vest・Blue,
5563,Gorgon GS Vest・Blue,
5564,Gorgon GP Vest・Blue,
5565,Gorgon Suit・Blue,
5566,Gorgon F Suit・Blue,
5567,Gorgon FZ Suit・Blue,
5568,Gorgon HS Suit・Blue,
5569,Gorgon GS Suit・Blue,
5570,Gorgon GP Suit・Blue,
5571,Hero King Chest BM White,
5572,Hero King Chest BM F White,
5573,Hero King Chest BM FZ White,
5574,Hero King Chest BM HS White,
5575,Hero King Chest BM GS White,
5576,Hero King Chest BM GP White,
5577,Hero King Chest GN White,
5578,Hero King Chest GN F White,
5579,Hero King Chest GN FZ White,
5580,Hero King Chest GN HS White,
5581,Hero King Chest GN GS White,
5582,Hero King Chest GN GP White,
5583,Gorgon Vest・White,
5584,Gorgon F Vest・White,
5585,Gorgon FZ Vest・White,
5586,Gorgon HS Vest・White,
5587,Gorgon GS Vest・White,
5588,Gorgon GP Vest・White,
5589,Gorgon Suit・White,
5590,Gorgon F Suit・White,
5591,Gorgon FZ Suit・White,
5592,Gorgon HS Suit・White,
5593,Gorgon GS Suit・White,
5594,Gorgon GP Suit・White,
5595,Hero King Chest BM Red,
5596,Hero King Chest BM F Red,
5597,Hero King Chest BM FZ Red,
5598,Hero King Chest BM HS Red,
5599,Hero King Chest BM GS Red,
5600,Hero King Chest BM GP Red,
5601,Hero King Chest GN Red,
5602,Hero King Chest GN F Red,
5603,Hero King Chest GN FZ Red,
5604,Hero King Chest GN HS Red,
5605,Hero King Chest GN GS Red,
5606,Hero King Chest GN GP Red,
5607,Gorgon Vest・Red,
5608,Gorgon F Vest・Red,
5609,Gorgon FZ Vest・Red,
5610,Gorgon HS Vest・Red,
5611,Gorgon GS Vest・Red,
5612,Gorgon GP Vest・Red,
5613,Gorgon Suit・Red,
5614,Gorgon F Suit・Red,
5615,Gorgon FZ Suit・Red,
5616,Gorgon HS Suit・Red,
5617,Gorgon GS Suit・Red,
5618,Gorgon GP Suit・Red,
5619,Meraginasu Mail,
5620,Meraginasu F Mail,
5621,Meraginasu FX Mail,
5622,Meraginasu G Mail,
5623,Meraginasu GF Mail,
5624,Meraginasu Vest,
5625,Meraginasu F Vest,
5626,Meraginasu FX Vest,
5627,Meraginasu G Vest,
5628,Meraginasu GF Vest,
5629,Stroma GF Mail,
5630,Stroma GF Vest,
5631,エミットGF Mail,
5632,エミットGF Vest,
5633,Blitz GF Vest,
5634,Blitz GFケープ,
5635,Wadatsumi GF [Chestplate 】,
5636,Okami GF [Chestplate 】,
5637,Diboa GF Mail,
5638,Diboa GF Vest,
5639,若 Crimson 葉【肩鎧】,
5640,若 Crimson 葉F【肩鎧】,
5641,若 Crimson 葉FY【肩鎧】,
5642,若 Crimson 葉HS【肩鎧】,
5643,若 Crimson 葉G【肩鎧】,
5644,若 Crimson 葉GF【肩鎧】,
5645,若 Crimson 葉GX【肩鎧】,
5646,翡戸隠【肩鎧】,
5647,翡戸隠F【肩鎧】,
5648,翡戸隠FY【肩鎧】,
5649,翡戸隠HS【肩鎧】,
5650,翡戸隠G【肩鎧】,
5651,翡戸隠GF【肩鎧】,
5652,翡戸隠GX【肩鎧】,
5653,Blize Mail,
5654,Blize F Mail,
5655,Blize FY Mail,
5656,Blize HS Mail,
5657,Blize G Mail,
5658,Blize GF Mail,
5659,Blize GX Mail,
5660,Blize Vest,
5661,Blize F Vest,
5662,Blize FY Vest,
5663,Blize HS Vest,
5664,Blize G Vest,
5665,Blize GF Vest,
5666,Blize GX Vest,
5667,Mixes FY Mail,
5668,Mixes HS Mail,
5669,Mixes G Mail,
5670,Mixes GF Mail,
5671,Mixes GX Mail,
5672,Mixes FY Vest,
5673,Mixes HS Vest,
5674,Mixes G Vest,
5675,Mixes GF Vest,
5676,Mixes GX Vest,
5677,Zyra Mail・Green,
5678,Zyra F Mail・Green,
5679,Zyra FZ Mail・Green,
5680,Zyra HS Mail・Green,
5681,Zyra GS Mail・Green,
5682,Zyra GP Mail・Green,
5683,Zyra Suit・Green,
5684,Zyra F Suit・Green,
5685,Zyra FZ Suit・Green,
5686,Zyra HS Suit・Green,
5687,Zyra GS Suit・Green,
5688,Zyra GP Suit・Green,
5689,Zyra Mail・Water,
5690,Zyra F Mail・Water,
5691,Zyra FZ Mail・Water,
5692,Zyra HS Mail・Water,
5693,Zyra GS Mail・Water,
5694,Zyra GP Mail・Water,
5695,Zyra Suit・Water,
5696,Zyra F Suit・Water,
5697,Zyra FZ Suit・Water,
5698,Zyra HS Suit・Water,
5699,Zyra GS Suit・Water,
5700,Zyra GP Suit・Water,
5701,Zyra Mail・Red,
5702,Zyra F Mail・Red,
5703,Zyra FZ Mail・Red,
5704,Zyra HS Mail・Red,
5705,Zyra GS Mail・Red,
5706,Zyra GP Mail・Red,
5707,Zyra Suit・Red,
5708,Zyra F Suit・Red,
5709,Zyra FZ Suit・Red,
5710,Zyra HS Suit・Red,
5711,Zyra GS Suit・Red,
5712,Zyra GP Suit・Red,
5713,Zyra Mail・Blue,
5714,Zyra F Mail・Blue,
5715,Zyra FZ Mail・Blue,
5716,Zyra HS Mail・Blue,
5717,Zyra GS Mail・Blue,
5718,Zyra GP Mail・Blue,
5719,Zyra Suit・Blue,
5720,Zyra F Suit・Blue,
5721,Zyra FZ Suit・Blue,
5722,Zyra HS Suit・Blue,
5723,Zyra GS Suit・Blue,
5724,Zyra GP Suit・Blue,
5725,Carrol Suit・Black,
5726,Carrol F Suit・Black,
5727,Carrol FZ Suit・Black,
5728,Carrol HS Suit・Black,
5729,Carrol GS Suit・Black,
5730,Carrol GP Suit・Black,
5731,Carrol Vest・Black,
5732,Carrol F Vest・Black,
5733,Carrol FZ Vest・Black,
5734,Carrol HS Vest・Black,
5735,Carrol GS Vest・Black,
5736,Carrol GP Vest・Black,
5737,Carrol Suit・Blue,
5738,Carrol F Suit・Blue,
5739,Carrol FZ Suit・Blue,
5740,Carrol HS Suit・Blue,
5741,Carrol GS Suit・Blue,
5742,Carrol GP Suit・Blue,
5743,Carrol Vest・Blue,
5744,Carrol F Vest・Blue,
5745,Carrol FZ Vest・Blue,
5746,Carrol HS Vest・Blue,
5747,Carrol GS Vest・Blue,
5748,Carrol GP Vest・Blue,
5749,Carrol Suit・White,
5750,Carrol F Suit・White,
5751,Carrol FZ Suit・White,
5752,Carrol HS Suit・White,
5753,Carrol GS Suit・White,
5754,Carrol GP Suit・White,
5755,Carrol Vest・White,
5756,Carrol F Vest・White,
5757,Carrol FZ Vest・White,
5758,Carrol HS Vest・White,
5759,Carrol GS Vest・White,
5760,Carrol GP Vest・White,
5761,Carrol Suit・Red,
5762,Carrol F Suit・Red,
5763,Carrol FZ Suit・Red,
5764,Carrol HS Suit・Red,
5765,Carrol GS Suit・Red,
5766,Carrol GP Suit・Red,
5767,Carrol Vest・Red,
5768,Carrol F Vest・Red,
5769,Carrol FZ Vest・Red,
5770,Carrol HS Vest・Red,
5771,Carrol GS Vest・Red,
5772,Carrol GP Vest・Red,
5773,Serena Vest・Purple,
5774,Serena F Vest・Purple,
5775,Serena FZ Vest・Purple,
5776,Serena HS Vest・Purple,
5777,Serena GS Vest・Purple,
5778,Serena GP Vest・Purple,
5779,Serena Suit・Purple,
5780,Serena F Suit・Purple,
5781,Serena FZ Suit・Purple,
5782,Serena HS Suit・Purple,
5783,Serena GS Suit・Purple,
5784,Serena GP Suit・Purple,
5785,Serena Vest・Blue,
5786,Serena F Vest・Blue,
5787,Serena FZ Vest・Blue,
5788,Serena HS Vest・Blue,
5789,Serena GS Vest・Blue,
5790,Serena GP Vest・Blue,
5791,Serena Suit・Blue,
5792,Serena F Suit・Blue,
5793,Serena FZ Suit・Blue,
5794,Serena HS Suit・Blue,
5795,Serena GS Suit・Blue,
5796,Serena GP Suit・Blue,
5797,Serena Vest・White,
5798,Serena F Vest・White,
5799,Serena FZ Vest・White,
5800,Serena HS Vest・White,
5801,Serena GS Vest・White,
5802,Serena GP Vest・White,
5803,Serena Suit・White,
5804,Serena F Suit・White,
5805,Serena FZ Suit・White,
5806,Serena HS Suit・White,
5807,Serena GS Suit・White,
5808,Serena GP Suit・White,
5809,Serena Vest・Red,
5810,Serena F Vest・Red,
5811,Serena FZ Vest・Red,
5812,Serena HS Vest・Red,
5813,Serena GS Vest・Red,
5814,Serena GP Vest・Red,
5815,Serena Suit・Red,
5816,Serena F Suit・Red,
5817,Serena FZ Suit・Red,
5818,Serena HS Suit・Red,
5819,Serena GS Suit・Red,
5820,Serena GP Suit・Red,
5821,Nimbus Suit,
5822,Nimbus F Suit,
5823,Nimbus FZ Suit,
5824,Nimbus HS Suit,
5825,Nimbus GS Suit,
5826,Nimbus GP Suit,
5827,Nimbus Vest,
5828,Nimbus F Vest,
5829,Nimbus FZ Vest,
5830,Nimbus HS Vest,
5831,Nimbus GS Vest,
5832,Nimbus GP Vest,
5833,Ex FZ Vest・White,
5834,Ex HS Vest・White,
5835,Ex GS Vest・White,
5836,Ex GP Vest・White,
5837,Ex FZ Suit・White,
5838,Ex HS Suit・White,
5839,Ex GS Suit・White,
5840,Ex GP Suit・White,
5841,Ex FZ Vest・Red,
5842,Ex HS Vest・Red,
5843,Ex GS Vest・Red,
5844,Ex GP Vest・Red,
5845,Ex FZ Suit・Red,
5846,Ex HS Suit・Red,
5847,Ex GS Suit・Red,
5848,Ex GP Suit・Red,
5849,Ex FZ Vest・Blue,
5850,Ex HS Vest・Blue,
5851,Ex GS Vest・Blue,
5852,Ex GP Vest・Blue,
5853,Ex FZ Suit・Blue,
5854,Ex HS Suit・Blue,
5855,Ex GS Suit・Blue,
5856,Ex GP Suit・Blue,
5857,Ex FZ Vest・Black,
5858,Ex HS Vest・Black,
5859,Ex GS Vest・Black,
5860,Ex GP Vest・Black,
5861,Ex FZ Suit・Black,
5862,Ex HS Suit・Black,
5863,Ex GS Suit・Black,
5864,Ex GP Suit・Black,
5865,Gold Cat FZ Vest,
5866,Gold Cat HS Vest,
5867,Gold Cat GS Vest,
5868,Gold Cat GP Vest,
5869,Gold Cat FZ Suit,
5870,Gold Cat HS Suit,
5871,Gold Cat GS Suit,
5872,Gold Cat GP Suit,
5873,Silver Cat FZ Vest,
5874,Silver Cat HS Vest,
5875,Silver Cat GS Vest,
5876,Silver Cat GP Vest,
5877,Silver Cat FZ Suit,
5878,Silver Cat HS Suit,
5879,Silver Cat GS Suit,
5880,Silver Cat GP Suit,
5881,Claire FZ Vest・Purple,
5882,Claire HS Vest・Purple,
5883,Claire GS Vest・Purple,
5884,Claire GP Vest・Purple,
5885,Claire FZ Suit・Purple,
5886,Claire HS Suit・Purple,
5887,Claire GS Suit・Purple,
5888,Claire GP Suit・Purple,
5889,Claire FZ Vest・Water,
5890,Claire HS Vest・Water,
5891,Claire GS Vest・Water,
5892,Claire GP Vest・Water,
5893,Claire FZ Suit・Water,
5894,Claire HS Suit・Water,
5895,Claire GS Suit・Water,
5896,Claire GP Suit・Water,
5897,Claire FZ Vest・Red,
5898,Claire HS Vest・Red,
5899,Claire GS Vest・Red,
5900,Claire GP Vest・Red,
5901,Claire FZ Suit・Red,
5902,Claire HS Suit・Red,
5903,Claire GS Suit・Red,
5904,Claire GP Suit・Red,
5905,Claire FZ Vest・Black,
5906,Claire HS Vest・Black,
5907,Claire GS Vest・Black,
5908,Claire GP Vest・Black,
5909,Claire FZ Suit・Black,
5910,Claire HS Suit・Black,
5911,Claire GS Suit・Black,
5912,Claire GP Suit・Black,
5913,Text HS Vest・Purple,
5914,Text GS Vest・Purple,
5915,Text GP Vest・Purple,
5916,Text HS Suit・Purple,
5917,Text GS Suit・Purple,
5918,Text GP Suit・Purple,
5919,Text HS Vest・Green,
5920,Text GS Vest・Green,
5921,Text GP Vest・Green,
5922,Text HS Suit・Green,
5923,Text GS Suit・Green,
5924,Text GP Suit・Green,
5925,Text HS Vest・Blue,
5926,Text GS Vest・Blue,
5927,Text GP Vest・Blue,
5928,Text HS Suit・Blue,
5929,Text GS Suit・Blue,
5930,Text GP Suit・Blue,
5931,Text HS Vest・Black,
5932,Text GS Vest・Black,
5933,Text GP Vest・Black,
5934,Text HS Suit・Black,
5935,Text GS Suit・Black,
5936,Text GP Suit・Black,
5937,Cultu HS Vest・Ash,
5938,Cultu GS Vest・Ash,
5939,Cultu GP Vest・Ash,
5940,Cultu HS Suit・Ash,
5941,Cultu GS Suit・Ash,
5942,Cultu GP Suit・Ash,
5943,Cultu HS Vest・Blue,
5944,Cultu GS Vest・Blue,
5945,Cultu GP Vest・Blue,
5946,Cultu HS Suit・Blue,
5947,Cultu GS Suit・Blue,
5948,Cultu GP Suit・Blue,
5949,Cultu HS Vest・Orange,
5950,Cultu GS Vest・Orange,
5951,Cultu GP Vest・Orange,
5952,Cultu HS Suit・Orange,
5953,Cultu GS Suit・Orange,
5954,Cultu GP Suit・Orange,
5955,Cultu HS Vest・Green,
5956,Cultu GS Vest・Green,
5957,Cultu GP Vest・Green,
5958,Cultu HS Suit・Green,
5959,Cultu GS Suit・Green,
5960,Cultu GP Suit・Green,
5961,Arma FZ Vest・Black,
5962,Arma HS Vest・Black,
5963,Arma GS Vest・Black,
5964,Arma GP Vest・Black,
5965,Arma FZ Suit・Black,
5966,Arma HS Suit・Black,
5967,Arma GS Suit・Black,
5968,Arma GP Suit・Black,
5969,Arma FZ Vest・White,
5970,Arma HS Vest・White,
5971,Arma GS Vest・White,
5972,Arma GP Vest・White,
5973,Arma FZ Suit・White,
5974,Arma HS Suit・White,
5975,Arma GS Suit・White,
5976,Arma GP Suit・White,
5977,Arma FZ Vest・Blue,
5978,Arma HS Vest・Blue,
5979,Arma GS Vest・Blue,
5980,Arma GP Vest・Blue,
5981,Arma FZ Suit・Blue,
5982,Arma HS Suit・Blue,
5983,Arma GS Suit・Blue,
5984,Arma GP Suit・Blue,
5985,Arma FZ Vest・Tea,
5986,Arma HS Vest・Tea,
5987,Arma GS Vest・Tea,
5988,Arma GP Vest・Tea,
5989,Arma FZ Suit・Tea,
5990,Arma HS Suit・Tea,
5991,Arma GS Suit・Tea,
5992,Arma GP Suit・Tea,
5993,Siena HS Mail・Silver,
5994,Siena GS Mail・Silver,
5995,Siena GP Mail・Silver,
5996,Siena HS Vest・Silver,
5997,Siena GS Vest・Silver,
5998,Siena GP Vest・Silver,
5999,Siena HS Mail・Black,
6000,Siena GS Mail・Black,
6001,Siena GP Mail・Black,
6002,Siena HS Vest・Black,
6003,Siena GS Vest・Black,
6004,Siena GP Vest・Black,
6005,Siena HS Mail・Red,
6006,Siena GS Mail・Red,
6007,Siena GP Mail・Red,
6008,Siena HS Vest・Red,
6009,Siena GS Vest・Red,
6010,Siena GP Vest・Red,
6011,Siena HS Mail・Blue,
6012,Siena GS Mail・Blue,
6013,Siena GP Mail・Blue,
6014,Siena HS Vest・Blue,
6015,Siena GS Vest・Blue,
6016,Siena GP Vest・Blue,
6017,Cloth GS Vest・Red,
6018,Cloth GP Vest・Red,
6019,Cloth GS Suit・Red,
6020,Cloth GP Suit・Red,
6021,Cloth GS Vest・Blue,
6022,Cloth GP Vest・Blue,
6023,Cloth GS Suit・Blue,
6024,Cloth GP Suit・Blue,
6025,Cloth GS Vest・Purple,
6026,Cloth GP Vest・Purple,
6027,Cloth GS Suit・Purple,
6028,Cloth GP Suit・Purple,
6029,Cloth GS Vest・Green,
6030,Cloth GP Vest・Green,
6031,Cloth GS Suit・Green,
6032,Cloth GP Suit・Green,
6033,Maisto FZ Vest・Crimson,
6034,Maisto HS Vest・Crimson,
6035,Maisto GS Vest・Crimson,
6036,Maisto GP Vest・Crimson,
6037,Maisto FZ Suit・Crimson,
6038,Maisto HS Suit・Crimson,
6039,Maisto GS Suit・Crimson,
6040,Maisto GP Suit・Crimson,
6041,Maisto FZ Vest・Green,
6042,Maisto HS Vest・Green,
6043,Maisto GS Vest・Green,
6044,Maisto GP Vest・Green,
6045,Maisto FZ Suit・Green,
6046,Maisto HS Suit・Green,
6047,Maisto GS Suit・Green,
6048,Maisto GP Suit・Green,
6049,Maisto FZ Vest・Green,
6050,Maisto HS Vest・Green,
6051,Maisto GS Vest・Green,
6052,Maisto GP Vest・Green,
6053,Maisto FZ Suit・Green,
6054,Maisto HS Suit・Green,
6055,Maisto GS Suit・Green,
6056,Maisto GP Suit・Green,
6057,Maisto FZ Vest・Pink,
6058,Maisto HS Vest・Pink,
6059,Maisto GS Vest・Pink,
6060,Maisto GP Vest・Pink,
6061,Maisto FZ Suit・Pink,
6062,Maisto HS Suit・Pink,
6063,Maisto GS Suit・Pink,
6064,Maisto GP Suit・Pink,
6065,Cayssis HS Mail Water,
6066,Cayssis GS Mail Water,
6067,Cayssis GP Mail Water,
6068,Cayssis HS Vest Water,
6069,Cayssis GS Vest Water,
6070,Cayssis GP Vest Water,
6071,Cayssis HS Mail Red,
6072,Cayssis GS Mail Red,
6073,Cayssis GP Mail Red,
6074,Cayssis HS Vest Red,
6075,Cayssis GS Vest Red,
6076,Cayssis GP Vest Red,
6077,Cayssis HS Mail Blue,
6078,Cayssis GS Mail Blue,
6079,Cayssis GP Mail Blue,
6080,Cayssis HS Vest Blue,
6081,Cayssis GS Vest Blue,
6082,Cayssis GP Vest Blue,
6083,Cayssis HS Mail Orange,
6084,Cayssis GS Mail Orange,
6085,Cayssis GP Mail Orange,
6086,Cayssis HS Vest Orange,
6087,Cayssis GS Vest Orange,
6088,Cayssis GP Vest Orange,
6089,Pandeum HS Suit,
6090,Pandeum GS Suit,
6091,Pandeum GP Suit,
6092,Pandeum HS Vest,
6093,Pandeum GS Vest,
6094,Pandeum GP Vest,
6095,Dian HS Suit,
6096,Dian GS Suit,
6097,Dian GP Suit,
6098,Dian HS Vest,
6099,Dian GS Vest,
6100,Dian GP Vest,
6101,Wild HS Suit,
6102,Wild GS Suit,
6103,Wild GP Suit,
6104,Wild HS Vest,
6105,Wild GS Vest,
6106,Wild GP Vest,
6107,Flower HS Suit,
6108,Flower GS Suit,
6109,Flower GP Suit,
6110,Flower HS Vest,
6111,Flower GS Vest,
6112,Flower GP Vest,
6113,Tune HS Suit,
6114,Tune GS Suit,
6115,Tune GP Suit,
6116,Schnite HS Vest,
6117,Schnite GS Vest,
6118,Schnite GP Vest,
6119,Dicto HS Suit,
6120,Dicto GS Suit,
6121,Dicto GP Suit,
6122,Diletto HS Vest,
6123,Diletto GS Vest,
6124,Diletto GP Vest,
6125,Cubie HS Mail,
6126,Cubie GS Mail,
6127,Cubie GP Mail,
6128,Cubie HS Vest,
6129,Cubie GS Vest,
6130,Cubie GP Vest,
6131,Kemor HS Mail,
6132,Kemor GS Mail,
6133,Kemor GP Mail,
6134,Kemor HS Vest,
6135,Kemor GS Vest,
6136,Kemor GP Vest,
6137,Suriito GP Vest・Yellow,
6138,Suriito GP Suit・Yellow,
6139,Suriito GP Vest・Silver,
6140,Suriito GP Suit・Silver,
6141,Suriito GP Vest・Red,
6142,Suriito GP Suit・Red,
6143,Suriito GP Vest・Blue,
6144,Suriito GP Suit・Blue,
6145,Galitos GP Vest・Tea,
6146,Galitos GP Suit・Tea,
6147,Galitos GP Vest・Red,
6148,Galitos GP Suit・Red,
6149,Galitos GP Vest・Black,
6150,Galitos GP Suit・Black,
6151,Galitos GP Vest・Water,
6152,Galitos GP Suit・Water,
6153,Lien GP Vest・Blue,
6154,Lien GP Suit・Blue,
6155,Lien GP Vest・Red,
6156,Lien GP Suit・Red,
6157,Lien GP Vest・Black,
6158,Lien GP Suit・Black,
6159,Lien GP Vest・White,
6160,Lien GP Suit・White,
6161,Melety GP Vest・White,
6162,Melety GP Suit・White,
6163,Melety GP Vest・Red,
6164,Melety GP Suit・Red,
6165,Melety GP Vest・Blue,
6166,Melety GP Suit・Blue,
6167,Melety GP Vest・Black,
6168,Melety GP Suit・Black,
6169,Steno GP Mail・Orange,
6170,Steno GP Vest・Orange,
6171,Steno GP Mail・Peach,
6172,Steno GP Vest・Peach,
6173,Steno GP Mail・Blue,
6174,Steno GP Vest・Blue,
6175,Steno GP Mail・Red,
6176,Steno GP Vest・Red,
6177,Star Festival GP Shozoku [Red 】,
6178,Tanabata GP Shozoku [Red 】,
6179,Star Festival GP Shozoku [Blue 】,
6180,Tanabata GP Shozoku [Blue 】,
6181,Star Festival GP Shozoku [Black 】,
6182,Tanabata GP Shozoku [Black 】,
6183,Star Festival GP Shozoku [White 】,
6184,Tanabata GP Shozoku [White 】,
6185,ダミー,
6186,ダミー,
6187,ダミー,
6188,ダミー,
6189,ダミー,
6190,ダミー,
6191,Historia Mail,
6192,Historia F Mail,
6193,Historia FZ Mail,
6194,Historia HS Mail,
6195,Historia GS Mail,
6196,Historia GP Mail,
6197,Historia Vest,
6198,Historia F Vest,
6199,Historia FZ Vest,
6200,Historia HS Vest,
6201,Historia GS Vest,
6202,Historia GP Vest,
6203,Furoru Suit,
6204,Furoru F Suit,
6205,Furoru FX Suit,
6206,Furoru G Suit,
6207,Furoru GF Suit,
6208,Furoru Vest,
6209,Furoru F Vest,
6210,Furoru FX Vest,
6211,Furoru G Vest,
6212,Furoru GF Vest,
6213,Franky G Suit,
6214,Franky GF Suit,
6215,Franky GX Suit,
6216,Franky G Vest,
6217,Franky GF Vest,
6218,Franky GX Vest,
6219,Diore Mail,
6220,Diore F Mail,
6221,Diore FX Mail,
6222,Diore G Mail,
6223,Diore GF Mail,
6224,Diore Vest,
6225,Diore F Vest,
6226,Diore FX Vest,
6227,Diore G Vest,
6228,Diore GF Vest,
6229,Kagura G【胴当て】,
6230,Kagura GF【胴当て】,
6231,Kagura GX【胴当て】,
6232,Kamiza G [Chestplate 】,
6233,Kamiza GF [Chestplate 】,
6234,Kamiza GX [Chestplate 】,
6235,Jebia G Mail,
6236,Jebia GF Mail,
6237,Jebia GX Mail,
6238,Jebia G Vest,
6239,Jebia GF Vest,
6240,Jebia GX Vest,
6241,Sol G Mail,
6242,Sol GF Mail,
6243,Sol GX Mail,
6244,Sol G Vest,
6245,Sol GF Vest,
6246,Sol GX Vest,
6247,Vulcan G Hide,
6248,Vulcan GF Hide,
6249,Vulcan GX Hide,
6250,Vulcan G Skin,
6251,Vulcan GF Skin,
6252,Vulcan GX Skin,
6253,Algol GF Mail,
6254,Algol GF Vest,
6255,Odiva GF Mail,
6256,Odiva GF Vest,
6257,Byakko・Kensei GX Mail,
6258,Suzaku・Kensei GX Mail,
6259,Genbu・Kensei GX Mail,
6260,Seiryu・Kensei GX Mail,
6261,Byakko・双龍GX Mail,
6262,Suzaku・双龍GX Mail,
6263,Genbu・双龍GX Mail,
6264,Seiryu・双龍GX Mail,
6265,Byakko・剣王GX Mail,
6266,Suzaku・剣王GX Mail,
6267,Genbu・剣王GX Mail,
6268,Seiryu・剣王GX Mail,
6269,Byakko・刀神GX Mail,
6270,Suzaku・刀神GX Mail,
6271,Genbu・刀神GX Mail,
6272,Seiryu・刀神GX Mail,
6273,Byakko・Heaven 槍GX Mail,
6274,Suzaku・Heaven 槍GX Mail,
6275,Genbu・Heaven 槍GX Mail,
6276,Seiryu・Heaven 槍GX Mail,
6277,Byakko・砲皇GX Mail,
6278,Suzaku・砲皇GX Mail,
6279,Genbu・砲皇GX Mail,
6280,Seiryu・砲皇GX Mail,
6281,Byakko・鈍器獣GX Mail,
6282,Suzaku・鈍器獣GX Mail,
6283,Genbu・鈍器獣GX Mail,
6284,Seiryu・鈍器獣GX Mail,
6285,Byakko・奏帝GX Mail,
6286,Suzaku・奏帝GX Mail,
6287,Genbu・奏帝GX Mail,
6288,Seiryu・奏帝GX Mail,
6289,Byakko・銃傑GX Suit,
6290,Suzaku・銃傑GX Suit,
6291,Genbu・銃傑GX Suit,
6292,Seiryu・銃傑GX Suit,
6293,Byakko・銃仙GX Suit,
6294,Suzaku・銃仙GX Suit,
6295,Genbu・銃仙GX Suit,
6296,Seiryu・銃仙GX Suit,
6297,Byakko・Bow 鬼GX Suit,
6298,Suzaku・Bow 鬼GX Suit,
6299,Genbu・Bow 鬼GX Suit,
6300,Seiryu・Bow 鬼GX Suit,
6301,Hisui Mail,
6302,Hisui F Mail,
6303,Hisui FX Mail,
6304,Blood Mail,
6305,Blood F Mail,
6306,Blood FX Mail,
6307,Byakko・穿凰G Mail,
6308,Byakko・穿凰GF Mail,
6309,Byakko・穿凰GX Mail,
6310,Suzaku・穿凰G Mail,
6311,Suzaku・穿凰GF Mail,
6312,Suzaku・穿凰GX Mail,
6313,Genbu・穿凰G Mail,
6314,Genbu・穿凰GF Mail,
6315,Genbu・穿凰GX Mail,
6316,Seiryu・穿凰G Mail,
6317,Seiryu・穿凰GF Mail,
6318,Seiryu・穿凰GX Mail,
6319,Honour Mail・Red,
6320,Honour F Mail・Red,
6321,Honour FZ Mail・Red,
6322,Honour HS Mail・Red,
6323,Honour GS Mail・Red,
6324,Honour GP Mail・Red,
6325,Honour Suit・Red,
6326,Honour F Suit・Red,
6327,Honour FZ Suit・Red,
6328,Honour HS Suit・Red,
6329,Honour GS Suit・Red,
6330,Honour GP Suit・Red,
6331,Honour Mail・Blue,
6332,Honour F Mail・Blue,
6333,Honour FZ Mail・Blue,
6334,Honour HS Mail・Blue,
6335,Honour GS Mail・Blue,
6336,Honour GP Mail・Blue,
6337,Honour Suit・Blue,
6338,Honour F Suit・Blue,
6339,Honour FZ Suit・Blue,
6340,Honour HS Suit・Blue,
6341,Honour GS Suit・Blue,
6342,Honour GP Suit・Blue,
6343,Honour Mail・Green,
6344,Honour F Mail・Green,
6345,Honour FZ Mail・Green,
6346,Honour HS Mail・Green,
6347,Honour GS Mail・Green,
6348,Honour GP Mail・Green,
6349,Honour Suit・Green,
6350,Honour F Suit・Green,
6351,Honour FZ Suit・Green,
6352,Honour HS Suit・Green,
6353,Honour GS Suit・Green,
6354,Honour GP Suit・Green,
6355,Honour Mail・紺,
6356,Honour F Mail・紺,
6357,Honour FZ Mail・紺,
6358,Honour HS Mail・紺,
6359,Honour GS Mail・紺,
6360,Honour GP Mail・紺,
6361,Honour Suit・紺,
6362,Honour F Suit・紺,
6363,Honour FZ Suit・紺,
6364,Honour HS Suit・紺,
6365,Honour GS Suit・紺,
6366,Honour GP Suit・紺,
6367,Sheriff Vest・Tea,
6368,Sheriff F Vest・Tea,
6369,Sheriff FZ Vest・Tea,
6370,Sheriff HS Vest・Tea,
6371,Sheriff GS Vest・Tea,
6372,Sheriff GP Vest・Tea,
6373,Sheriff Suit・Tea,
6374,Sheriff F Suit・Tea,
6375,Sheriff FZ Suit・Tea,
6376,Sheriff HS Suit・Tea,
6377,Sheriff GS Suit・Tea,
6378,Sheriff GP Suit・Tea,
6379,Sheriff Vest・Black,
6380,Sheriff F Vest・Black,
6381,Sheriff FZ Vest・Black,
6382,Sheriff HS Vest・Black,
6383,Sheriff GS Vest・Black,
6384,Sheriff GP Vest・Black,
6385,Sheriff Suit・Black,
6386,Sheriff F Suit・Black,
6387,Sheriff FZ Suit・Black,
6388,Sheriff HS Suit・Black,
6389,Sheriff GS Suit・Black,
6390,Sheriff GP Suit・Black,
6391,Sheriff Vest・Blue,
6392,Sheriff F Vest・Blue,
6393,Sheriff FZ Vest・Blue,
6394,Sheriff HS Vest・Blue,
6395,Sheriff GS Vest・Blue,
6396,Sheriff GP Vest・Blue,
6397,Sheriff Suit・Blue,
6398,Sheriff F Suit・Blue,
6399,Sheriff FZ Suit・Blue,
6400,Sheriff HS Suit・Blue,
6401,Sheriff GS Suit・Blue,
6402,Sheriff GP Suit・Blue,
6403,Sheriff Vest・White,
6404,Sheriff F Vest・White,
6405,Sheriff FZ Vest・White,
6406,Sheriff HS Vest・White,
6407,Sheriff GS Vest・White,
6408,Sheriff GP Vest・White,
6409,Sheriff Suit・White,
6410,Sheriff F Suit・White,
6411,Sheriff FZ Suit・White,
6412,Sheriff HS Suit・White,
6413,Sheriff GS Suit・White,
6414,Sheriff GP Suit・White,
6415,Moonlight Haori,
6416,Moonlight Haori・F,
6417,Moonlight Haori・FZ,
6418,Moonlight Haori・HS,
6419,Moonlight Haori・GS,
6420,Moonlight Haori・GP,
6421,Moonlight Shozoku,
6422,Moonlight Shozoku・F,
6423,Moonlight Shozoku・FZ,
6424,Moonlight Shozoku・HS,
6425,Moonlight Shozoku・GS,
6426,Moonlight Shozoku・GP,
6427,Zodic GS Mail・Blue,
6428,Zodic GP Mail・Blue,
6429,Zodic GS Suit・Blue,
6430,Zodic GP Suit・Blue,
6431,Zodic GS Mail・Tea,
6432,Zodic GP Mail・Tea,
6433,Zodic GS Suit・Tea,
6434,Zodic GP Suit・Tea,
6435,Zodic GS Mail・Green,
6436,Zodic GP Mail・Green,
6437,Zodic GS Suit・Green,
6438,Zodic GP Suit・Green,
6439,Zodic GS Mail・Pink,
6440,Zodic GP Mail・Pink,
6441,Zodic GS Suit・Pink,
6442,Zodic GP Suit・Pink,
6443,Bliss FZ Mail 【 White 】,
6444,Bliss HS Mail 【 White 】,
6445,Bliss GS Mail 【 White 】,
6446,Bliss GP Mail 【 White 】,
6447,Bliss FZ Mail 【 Blue 】,
6448,Bliss HS Mail 【 Blue 】,
6449,Bliss GS Mail 【 Blue 】,
6450,Bliss GP Mail 【 Blue 】,
6451,Bliss FZ Mail 【 Purple 】,
6452,Bliss HS Mail 【 Purple 】,
6453,Bliss GS Mail 【 Purple 】,
6454,Bliss GP Mail 【 Purple 】,
6455,Bliss FZ Mail 【 Yellow 】,
6456,Bliss HS Mail 【 Yellow 】,
6457,Bliss GS Mail 【 Yellow 】,
6458,Bliss GP Mail 【 Yellow 】,
6459,White Cat FZ Suit,
6460,White Cat HS Suit,
6461,White Cat GS Suit,
6462,White Cat GP Suit,
6463,Pharan HS Mail・White,
6464,Pharan GS Mail・White,
6465,Pharan GP Mail・White,
6466,Pharan HS Suit・White,
6467,Pharan GS Suit・White,
6468,Pharan GP Suit・White,
6469,Pharan HS Mail・Black,
6470,Pharan GS Mail・Black,
6471,Pharan GP Mail・Black,
6472,Pharan HS Suit・Black,
6473,Pharan GS Suit・Black,
6474,Pharan GP Suit・Black,
6475,Pharan HS Mail・Red,
6476,Pharan GS Mail・Red,
6477,Pharan GP Mail・Red,
6478,Pharan HS Suit・Red,
6479,Pharan GS Suit・Red,
6480,Pharan GP Suit・Red,
6481,Pharan HS Mail・Blue,
6482,Pharan GS Mail・Blue,
6483,Pharan GP Mail・Blue,
6484,Pharan HS Suit・Blue,
6485,Pharan GS Suit・Blue,
6486,Pharan GP Suit・Blue,
6487,Gloria GS Mail・Gold,
6488,Gloria GP Mail・Gold,
6489,Gloria GS Suit・Gold,
6490,Gloria GP Suit・Gold,
6491,Gloria GS Mail・Blue,
6492,Gloria GP Mail・Blue,
6493,Gloria GS Suit・Blue,
6494,Gloria GP Suit・Blue,
6495,Gloria GS Mail・Water,
6496,Gloria GP Mail・Water,
6497,Gloria GS Suit・Water,
6498,Gloria GP Suit・Water,
6499,Gloria GS Mail・Red,
6500,Gloria GP Mail・Red,
6501,Gloria GS Suit・Red,
6502,Gloria GP Suit・Red,
6503,蘭蛮の胴当・FZ Yellow,
6504,蘭蛮の胴当・HS Yellow,
6505,蘭蛮の胴当・GS Yellow,
6506,蘭蛮の胴当・GP Yellow,
6507,蘭蛮の Shozoku・FZ Yellow,
6508,蘭蛮の Shozoku・HS Yellow,
6509,蘭蛮の Shozoku・GS Yellow,
6510,蘭蛮の Shozoku・GP Yellow,
6511,蘭蛮の胴当・FZ Red,
6512,蘭蛮の胴当・HS Red,
6513,蘭蛮の胴当・GS Red,
6514,蘭蛮の胴当・GP Red,
6515,蘭蛮の Shozoku・FZ Red,
6516,蘭蛮の Shozoku・HS Red,
6517,蘭蛮の Shozoku・GS Red,
6518,蘭蛮の Shozoku・GP Red,
6519,蘭蛮の胴当・FZ Purple,
6520,蘭蛮の胴当・HS Purple,
6521,蘭蛮の胴当・GS Purple,
6522,蘭蛮の胴当・GP Purple,
6523,蘭蛮の Shozoku・FZ Purple,
6524,蘭蛮の Shozoku・HS Purple,
6525,蘭蛮の Shozoku・GS Purple,
6526,蘭蛮の Shozoku・GP Purple,
6527,蘭蛮の胴当・FZ Gold,
6528,蘭蛮の胴当・HS Gold,
6529,蘭蛮の胴当・GS Gold,
6530,蘭蛮の胴当・GP Gold,
6531,蘭蛮の Shozoku・FZ Gold,
6532,蘭蛮の Shozoku・HS Gold,
6533,蘭蛮の Shozoku・GS Gold,
6534,蘭蛮の Shozoku・GP Gold,
6535,Ferme FZ Mail・Black,
6536,Ferme HS Mail・Black,
6537,Ferme GS Mail・Black,
6538,Ferme GP Mail・Black,
6539,Ferme FZ Suit・Black,
6540,Ferme HS Suit・Black,
6541,Ferme GS Suit・Black,
6542,Ferme GP Suit・Black,
6543,Ferme FZ Mail・Red,
6544,Ferme HS Mail・Red,
6545,Ferme GS Mail・Red,
6546,Ferme GP Mail・Red,
6547,Ferme FZ Suit・Red,
6548,Ferme HS Suit・Red,
6549,Ferme GS Suit・Red,
6550,Ferme GP Suit・Red,
6551,Ferme FZ Mail・White,
6552,Ferme HS Mail・White,
6553,Ferme GS Mail・White,
6554,Ferme GP Mail・White,
6555,Ferme FZ Suit・White,
6556,Ferme HS Suit・White,
6557,Ferme GS Suit・White,
6558,Ferme GP Suit・White,
6559,Ferme FZ Mail・Blue,
6560,Ferme HS Mail・Blue,
6561,Ferme GS Mail・Blue,
6562,Ferme GP Mail・Blue,
6563,Ferme FZ Suit・Blue,
6564,Ferme HS Suit・Blue,
6565,Ferme GS Suit・Blue,
6566,Ferme GP Suit・Blue,
6567,Truss FZ Jacket Blue,
6568,Truss HS Jacket Blue,
6569,Truss GS Jacket Blue,
6570,Truss GP Jacket Blue,
6571,Truss FZ Vest Blue,
6572,Truss HS Vest Blue,
6573,Truss GS Vest Blue,
6574,Truss GP Vest Blue,
6575,Truss FZ Jacket Red,
6576,Truss HS Jacket Red,
6577,Truss GS Jacket Red,
6578,Truss GP Jacket Red,
6579,Truss FZ Vest Red,
6580,Truss HS Vest Red,
6581,Truss GS Vest Red,
6582,Truss GP Vest Red,
6583,Truss FZ Jacket White,
6584,Truss HS Jacket White,
6585,Truss GS Jacket White,
6586,Truss GP Jacket White,
6587,Truss FZ Vest White,
6588,Truss HS Vest White,
6589,Truss GS Vest White,
6590,Truss GP Vest White,
6591,Truss FZ Jacket Purple,
6592,Truss HS Jacket Purple,
6593,Truss GS Jacket Purple,
6594,Truss GP Jacket Purple,
6595,Truss FZ Vest Purple,
6596,Truss HS Vest Purple,
6597,Truss GS Vest Purple,
6598,Truss GP Vest Purple,
6599,Rail HS Mail,
6600,Rail GS Mail,
6601,Rail GP Mail,
6602,Rail HS Vest,
6603,Rail GS Vest,
6604,Rail GP Vest,
6605,Ridere HS Mail,
6606,Ridere GS Mail,
6607,Ridere GP Mail,
6608,Ridere HS Vest,
6609,Ridere GS Vest,
6610,Ridere GP Vest,
6611,Riot HS Mail,
6612,Riot GS Mail,
6613,Riot GP Mail,
6614,Riot HS Vest,
6615,Riot GS Vest,
6616,Riot GP Vest,
6617,Rutare HS Mail,
6618,Rutare GS Mail,
6619,Rutare GP Mail,
6620,Rutare HS Vest,
6621,Rutare GS Vest,
6622,Rutare GP Vest,
6623,Rolling Flow Chestplate・HS,
6624,Rolling Flow Chestplate・GS,
6625,Rolling Flow Chestplate・GP,
6626,旋転の Chestplate・HS,
6627,旋転の Chestplate・GS,
6628,旋転の Chestplate・GP,
6629,Rolling Sky Chestplate・HS,
6630,Rolling Sky Chestplate・GS,
6631,Rolling Sky Chestplate・GP,
6632,Rolling Earth Chestplate・HS,
6633,Rolling Earth Chestplate・GS,
6634,Rolling Earth Chestplate・GP,
6635,Latria HS Vest,
6636,Latria GS Vest,
6637,Latria GP Vest,
6638,Latria HS Suit,
6639,Latria GS Suit,
6640,Latria GP Suit,
6641,Kontao HS Vest,
6642,Kontao GS Vest,
6643,Kontao GP Vest,
6644,Kontao HS Suit,
6645,Kontao GS Suit,
6646,Kontao GP Suit,
6647,Deliver Mail,
6648,Deliver F Mail,
6649,Deliver FY Mail,
6650,Deliver HS Mail,
6651,Deliver G Mail,
6652,Deliver GF Mail,
6653,Deliver GX Mail,
6654,Deliver Vest,
6655,Deliver F Vest,
6656,Deliver FY Vest,
6657,Deliver HS Vest,
6658,Deliver G Vest,
6659,Deliver GF Vest,
6660,Deliver GX Vest,
6661,Asaku Mail,
6662,Asaku F Mail,
6663,Asaku FY Mail,
6664,Asaku HS Mail,
6665,Asaku G Mail,
6666,Asaku GF Mail,
6667,Asaku GX Mail,
6668,Asaku Vest,
6669,Asaku F Vest,
6670,Asaku FY Vest,
6671,Asaku HS Vest,
6672,Asaku G Vest,
6673,Asaku GF Vest,
6674,Asaku GX Vest,
6675,Nisuru Mail,
6676,Nisuru F Mail,
6677,Nisuru FY Mail,
6678,Nisuru HS Mail,
6679,Nisuru G Mail,
6680,Nisuru GF Mail,
6681,Nisuru GX Mail,
6682,Nisuru Vest,
6683,Nisuru F Vest,
6684,Nisuru FY Vest,
6685,Nisuru HS Vest,
6686,Nisuru G Vest,
6687,Nisuru GF Vest,
6688,Nisuru GX Vest,
6689,Coord Mail,
6690,Coord F Mail,
6691,Coord FY Mail,
6692,Coord HS Mail,
6693,Coord G Mail,
6694,Coord GF Mail,
6695,Coord GX Mail,
6696,Coord Vest,
6697,Coord F Vest,
6698,Coord FY Vest,
6699,Coord HS Vest,
6700,Coord G Vest,
6701,Coord GF Vest,
6702,Coord GX Vest,
6703,Resega Mail,
6704,Resega F Mail,
6705,Resega FY Mail,
6706,Resega HS Mail,
6707,Resega G Mail,
6708,Resega GF Mail,
6709,Resega GX Mail,
6710,Resega Vest,
6711,Resega F Vest,
6712,Resega FY Vest,
6713,Resega HS Vest,
6714,Resega G Vest,
6715,Resega GF Vest,
6716,Resega GX Vest,
6717,Suforu Mail,
6718,Suforu F Mail,
6719,Suforu FY Mail,
6720,Suforu HS Mail,
6721,Suforu G Mail,
6722,Suforu GF Mail,
6723,Suforu GX Mail,
6724,Suforu Vest,
6725,Suforu F Vest,
6726,Suforu FY Vest,
6727,Suforu HS Vest,
6728,Suforu G Vest,
6729,Suforu GF Vest,
6730,Suforu GX Vest,
6731,Perce Mail,
6732,Perce F Mail,
6733,Perce FY Mail,
6734,Perce HS Mail,
6735,Perce G Mail,
6736,Perce GF Mail,
6737,Perce GX Mail,
6738,Perce Vest,
6739,Perce F Vest,
6740,Perce FY Vest,
6741,Perce HS Vest,
6742,Perce G Vest,
6743,Perce GF Vest,
6744,Perce GX Vest,
6745,Survey Corps Vest,
6746,Survey Corps F Vest,
6747,Survey Corps FZ Vest,
6748,Survey Corps HS Vest,
6749,Survey Corps GS Vest,
6750,Survey Corps GP Vest,
6751,Survey Corps Suit,
6752,Survey Corps F Suit,
6753,Survey Corps FZ Suit,
6754,Survey Corps HS Suit,
6755,Survey Corps GS Suit,
6756,Survey Corps GP Suit,
6757,Training Corps Vest,
6758,Training Corps F Vest,
6759,Training Corps FZ Vest,
6760,Training Corps HS Vest,
6761,Training Corps GS Vest,
6762,Training Corps GP Vest,
6763,Training Corps Suit,
6764,Training Corps F Suit,
6765,Training Corps FZ Suit,
6766,Training Corps HS Suit,
6767,Training Corps GS Suit,
6768,Training Corps GP Suit,
6769,ダミー,
6770,ダミー,
6771,ダミー,
6772,ダミー,
6773,ダミー,
6774,ダミー,
6775,ダミー,
6776,ダミー,
6777,ダミー,
6778,ダミー,
6779,ダミー,
6780,ダミー,
6781,ダミー,
6782,ダミー,
6783,ダミー,
6784,ダミー,
6785,ダミー,
6786,ダミー,
6787,ダミー,
6788,ダミー,
6789,ダミー,
6790,ダミー,
6791,Carrol Suit・Gold,
6792,Leila Suit,
6793,IS Academy Suit・White,
6794,IS Academy F Suit・White,
6795,IS Academy FZ Suit・White,
6796,IS Academy HS Suit・White,
6797,IS Academy GS Suit・White,
6798,IS Academy GP Suit・White,
6799,IS Academy Vest・White,
6800,IS Academy F Vest・White,
6801,IS Academy FZ Vest・White,
6802,IS Academy HS Vest・White,
6803,IS Academy GS Vest・White,
6804,IS Academy GP Vest・White,
6805,IS Academy Suit・Blue,
6806,IS Academy F Suit・Blue,
6807,IS Academy FZ Suit・Blue,
6808,IS Academy HS Suit・Blue,
6809,IS Academy GS Suit・Blue,
6810,IS Academy GP Suit・Blue,
6811,IS Academy Vest・Blue,
6812,IS Academy F Vest・Blue,
6813,IS Academy FZ Vest・Blue,
6814,IS Academy HS Vest・Blue,
6815,IS Academy GS Vest・Blue,
6816,IS Academy GP Vest・Blue,
6817,IS Academy Suit・Black,
6818,IS Academy F Suit・Black,
6819,IS Academy FZ Suit・Black,
6820,IS Academy HS Suit・Black,
6821,IS Academy GS Suit・Black,
6822,IS Academy GP Suit・Black,
6823,IS Academy Vest・Black,
6824,IS Academy F Vest・Black,
6825,IS Academy FZ Vest・Black,
6826,IS Academy HS Vest・Black,
6827,IS Academy GS Vest・Black,
6828,IS Academy GP Vest・Black,
6829,IS Academy Suit・Green,
6830,IS Academy F Suit・Green,
6831,IS Academy FZ Suit・Green,
6832,IS Academy HS Suit・Green,
6833,IS Academy GS Suit・Green,
6834,IS Academy GP Suit・Green,
6835,IS Academy Vest・Green,
6836,IS Academy F Vest・Green,
6837,IS Academy FZ Vest・Green,
6838,IS Academy HS Vest・Green,
6839,IS Academy GS Vest・Green,
6840,IS Academy GP Vest・Green,
6841,Comrade G Suit・Red,
6842,Comrade GF Suit・Red,
6843,Comrade GX Suit・Red,
6844,Comrade G Vest・Red,
6845,Comrade GF Vest・Red,
6846,Comrade GX Vest・Red,
6847,Comrade G Suit・Blue,
6848,Comrade GF Suit・Blue,
6849,Comrade GX Suit・Blue,
6850,Comrade G Vest・Blue,
6851,Comrade GF Vest・Blue,
6852,Comrade GX Vest・Blue,
6853,Comrade G Suit・Green,
6854,Comrade GF Suit・Green,
6855,Comrade GX Suit・Green,
6856,Comrade G Vest・Green,
6857,Comrade GF Vest・Green,
6858,Comrade GX Vest・Green,
6859,Comrade G Suit・Orange,
6860,Comrade GF Suit・Orange,
6861,Comrade GX Suit・Orange,
6862,Comrade G Vest・Orange,
6863,Comrade GF Vest・Orange,
6864,Comrade GX Vest・Orange,
6865,Melan G Jacket,
6866,Melan GF Jacket,
6867,Melan GX Jacket,
6868,Melan G Suit,
6869,Melan GF Suit,
6870,Melan GX Suit,
6871,Rouge FY Jacket,
6872,Rouge HC Jacket,
6873,Rouge G Jacket,
6874,Rouge GF Jacket,
6875,Rouge GX Jacket,
6876,Regyukusu GP Mail,
6877,Regyukusu GP Suit,
6878,Beil GP Brigantes,
6879,ヴェルフGP Mail,
6880,ヴェルフGP Vest,
6881,テリオグGP Mail,
6882,テリオグGP Vest,
6883,Hypnoc G Mail,
6884,Hypnoc GF Mail,
6885,Hypnoc GX Mail,
6886,Hypnoc G Vest,
6887,Hypnoc GF Vest,
6888,Hypnoc GX Vest,
6889,Red Khezu G Mail,
6890,Red Khezu GF Mail,
6891,Red Khezu GX Mail,
6892,Red Khezu G Vest,
6893,Red Khezu GF Vest,
6894,Red Khezu GX Vest,
6895,Monoblos G Mail,
6896,Monoblos GF Mail,
6897,Monoblos GX Mail,
6898,Monoblos G Vest,
6899,Monoblos GF Vest,
6900,Monoblos GX Vest,
6901,Weiss G Muscle,
6902,Weiss GF Muscle,
6903,Weiss GX Muscle,
6904,Weiss G Heart,
6905,Weiss GF Heart,
6906,Weiss GX Heart,
6907,Venom G Mail,
6908,Venom GF Mail,
6909,Venom GX Mail,
6910,Venom G Vest,
6911,Venom GF Vest,
6912,Venom GX Vest,
6913,Elegance 【胴当て】,
6914,Elegance F【胴当て】,
6915,Elegance FX【胴当て】,
6916,Elegance G【胴当て】,
6917,Elegance GF【胴当て】,
6918,Grace 【胴当て】,
6919,Grace F【胴当て】,
6920,Grace FX【胴当て】,
6921,Grace G【胴当て】,
6922,Grace GF【胴当て】,
6923,Inagami G【胴当て】,
6924,Inagami GF【胴当て】,
6925,Inagami GX【胴当て】,
6926,Inagami G【胴当て】,
6927,Inagami GF【胴当て】,
6928,Inagami GX【胴当て】,
6929,Garuba Diru,
6930,Garuba F Diru,
6931,Garuba FX Diru,
6932,Garuba G Diru,
6933,Garuba GF Diru,
6934,Garuba バダル,
6935,Garuba Fバダル,
6936,Garuba FXバダル,
6937,Garuba Gバダル,
6938,Garuba GFバダル,
6939,Wind GF Diru,
6940,Wind GFバダル,
6941,武者GF【胴当て】,
6942,日光GF【胴当て】,
6943,White 蘭・Kensei Mail,
6944,White 蘭・Kensei F Mail,
6945,White 蘭・Kensei FX Mail,
6946,Crimson 霞・Kensei Mail,
6947,Crimson 霞・Kensei F Mail,
6948,Crimson 霞・Kensei FX Mail,
6949,White 蘭・Kensei G Mail,
6950,White 蘭・Kensei GF Mail,
6951,White 蘭・Kensei GX Mail,
6952,月夜・Kensei G Mail,
6953,月夜・Kensei GF Mail,
6954,月夜・Kensei GX Mail,
6955,Crimson 霞・Kensei G Mail,
6956,Crimson 霞・Kensei GF Mail,
6957,Crimson 霞・Kensei GX Mail,
6958,Green 穹・Kensei G Mail,
6959,Green 穹・Kensei GF Mail,
6960,Green 穹・Kensei GX Mail,
6961,White 蘭・双龍 Mail,
6962,White 蘭・双龍F Mail,
6963,White 蘭・双龍FX Mail,
6964,Crimson 霞・双龍 Mail,
6965,Crimson 霞・双龍F Mail,
6966,Crimson 霞・双龍FX Mail,
6967,White 蘭・双龍G Mail,
6968,White 蘭・双龍GF Mail,
6969,White 蘭・双龍GX Mail,
6970,月夜・双龍G Mail,
6971,月夜・双龍GF Mail,
6972,月夜・双龍GX Mail,
6973,Crimson 霞・双龍G Mail,
6974,Crimson 霞・双龍GF Mail,
6975,Crimson 霞・双龍GX Mail,
6976,Green 穹・双龍G Mail,
6977,Green 穹・双龍GF Mail,
6978,Green 穹・双龍GX Mail,
6979,White 蘭・剣王 Mail,
6980,White 蘭・剣王F Mail,
6981,White 蘭・剣王FX Mail,
6982,Crimson 霞・剣王 Mail,
6983,Crimson 霞・剣王F Mail,
6984,Crimson 霞・剣王FX Mail,
6985,White 蘭・剣王G Mail,
6986,White 蘭・剣王GF Mail,
6987,White 蘭・剣王GX Mail,
6988,月夜・剣王G Mail,
6989,月夜・剣王GF Mail,
6990,月夜・剣王GX Mail,
6991,Crimson 霞・剣王G Mail,
6992,Crimson 霞・剣王GF Mail,
6993,Crimson 霞・剣王GX Mail,
6994,Green 穹・剣王G Mail,
6995,Green 穹・剣王GF Mail,
6996,Green 穹・剣王GX Mail,
6997,White 蘭・刀神 Mail,
6998,White 蘭・刀神F Mail,
6999,White 蘭・刀神FX Mail,
7000,Crimson 霞・刀神 Mail,
7001,Crimson 霞・刀神F Mail,
7002,Crimson 霞・刀神FX Mail,
7003,White 蘭・刀神G Mail,
7004,White 蘭・刀神GF Mail,
7005,White 蘭・刀神GX Mail,
7006,月夜・刀神G Mail,
7007,月夜・刀神GF Mail,
7008,月夜・刀神GX Mail,
7009,Crimson 霞・刀神G Mail,
7010,Crimson 霞・刀神GF Mail,
7011,Crimson 霞・刀神GX Mail,
7012,Green 穹・刀神G Mail,
7013,Green 穹・刀神GF Mail,
7014,Green 穹・刀神GX Mail,
7015,White 蘭・鈍器獣 Mail,
7016,White 蘭・鈍器獣F Mail,
7017,White 蘭・鈍器獣FX Mail,
7018,Crimson 霞・鈍器獣 Mail,
7019,Crimson 霞・鈍器獣F Mail,
7020,Crimson 霞・鈍器獣FX Mail,
7021,White 蘭・鈍器獣G Mail,
7022,White 蘭・鈍器獣GF Mail,
7023,White 蘭・鈍器獣GX Mail,
7024,月夜・鈍器獣G Mail,
7025,月夜・鈍器獣GF Mail,
7026,月夜・鈍器獣GX Mail,
7027,Crimson 霞・鈍器獣G Mail,
7028,Crimson 霞・鈍器獣GF Mail,
7029,Crimson 霞・鈍器獣GX Mail,
7030,Green 穹・鈍器獣G Mail,
7031,Green 穹・鈍器獣GF Mail,
7032,Green 穹・鈍器獣GX Mail,
7033,White 蘭・奏帝 Mail,
7034,White 蘭・奏帝F Mail,
7035,White 蘭・奏帝FX Mail,
7036,Crimson 霞・奏帝 Mail,
7037,Crimson 霞・奏帝F Mail,
7038,Crimson 霞・奏帝FX Mail,
7039,White 蘭・奏帝G Mail,
7040,White 蘭・奏帝GF Mail,
7041,White 蘭・奏帝GX Mail,
7042,月夜・奏帝G Mail,
7043,月夜・奏帝GF Mail,
7044,月夜・奏帝GX Mail,
7045,Crimson 霞・奏帝G Mail,
7046,Crimson 霞・奏帝GF Mail,
7047,Crimson 霞・奏帝GX Mail,
7048,Green 穹・奏帝G Mail,
7049,Green 穹・奏帝GF Mail,
7050,Green 穹・奏帝GX Mail,
7051,White 蘭・Heaven 槍 Mail,
7052,White 蘭・Heaven 槍F Mail,
7053,White 蘭・Heaven 槍FX Mail,
7054,Crimson 霞・Heaven 槍 Mail,
7055,Crimson 霞・Heaven 槍F Mail,
7056,Crimson 霞・Heaven 槍FX Mail,
7057,White 蘭・Heaven 槍G Mail,
7058,White 蘭・Heaven 槍GF Mail,
7059,White 蘭・Heaven 槍GX Mail,
7060,月夜・Heaven 槍G Mail,
7061,月夜・Heaven 槍GF Mail,
7062,月夜・Heaven 槍GX Mail,
7063,Crimson 霞・Heaven 槍G Mail,
7064,Crimson 霞・Heaven 槍GF Mail,
7065,Crimson 霞・Heaven 槍GX Mail,
7066,Green 穹・Heaven 槍G Mail,
7067,Green 穹・Heaven 槍GF Mail,
7068,Green 穹・Heaven 槍GX Mail,
7069,White 蘭・砲皇 Mail,
7070,White 蘭・砲皇F Mail,
7071,White 蘭・砲皇FX Mail,
7072,Crimson 霞・砲皇 Mail,
7073,Crimson 霞・砲皇F Mail,
7074,Crimson 霞・砲皇FX Mail,
7075,White 蘭・砲皇G Mail,
7076,White 蘭・砲皇GF Mail,
7077,White 蘭・砲皇GX Mail,
7078,月夜・砲皇G Mail,
7079,月夜・砲皇GF Mail,
7080,月夜・砲皇GX Mail,
7081,Crimson 霞・砲皇G Mail,
7082,Crimson 霞・砲皇GF Mail,
7083,Crimson 霞・砲皇GX Mail,
7084,Green 穹・砲皇G Mail,
7085,Green 穹・砲皇GF Mail,
7086,Green 穹・砲皇GX Mail,
7087,White 蘭・穿凰 Mail,
7088,White 蘭・穿凰F Mail,
7089,White 蘭・穿凰FX Mail,
7090,Crimson 霞・穿凰 Mail,
7091,Crimson 霞・穿凰F Mail,
7092,Crimson 霞・穿凰FX Mail,
7093,White 蘭・穿凰G Mail,
7094,White 蘭・穿凰GF Mail,
7095,White 蘭・穿凰GX Mail,
7096,月夜・穿凰G Mail,
7097,月夜・穿凰GF Mail,
7098,月夜・穿凰GX Mail,
7099,Crimson 霞・穿凰G Mail,
7100,Crimson 霞・穿凰GF Mail,
7101,Crimson 霞・穿凰GX Mail,
7102,Green 穹・穿凰G Mail,
7103,Green 穹・穿凰GF Mail,
7104,Green 穹・穿凰GX Mail,
7105,White 蘭・銃仙 Suit,
7106,White 蘭・銃仙F Suit,
7107,White 蘭・銃仙FX Suit,
7108,Crimson 霞・銃仙 Suit,
7109,Crimson 霞・銃仙F Suit,
7110,Crimson 霞・銃仙FX Suit,
7111,White 蘭・銃仙G Suit,
7112,White 蘭・銃仙GF Suit,
7113,White 蘭・銃仙GX Suit,
7114,月夜・銃仙G Suit,
7115,月夜・銃仙GF Suit,
7116,月夜・銃仙GX Suit,
7117,Crimson 霞・銃仙G Suit,
7118,Crimson 霞・銃仙GF Suit,
7119,Crimson 霞・銃仙GX Suit,
7120,Green 穹・銃仙G Suit,
7121,Green 穹・銃仙GF Suit,
7122,Green 穹・銃仙GX Suit,
7123,White 蘭・銃傑 Suit,
7124,White 蘭・銃傑F Suit,
7125,White 蘭・銃傑FX Suit,
7126,Crimson 霞・銃傑 Suit,
7127,Crimson 霞・銃傑F Suit,
7128,Crimson 霞・銃傑FX Suit,
7129,White 蘭・銃傑G Suit,
7130,White 蘭・銃傑GF Suit,
7131,White 蘭・銃傑GX Suit,
7132,月夜・銃傑G Suit,
7133,月夜・銃傑GF Suit,
7134,月夜・銃傑GX Suit,
7135,Crimson 霞・銃傑G Suit,
7136,Crimson 霞・銃傑GF Suit,
7137,Crimson 霞・銃傑GX Suit,
7138,Green 穹・銃傑G Suit,
7139,Green 穹・銃傑GF Suit,
7140,Green 穹・銃傑GX Suit,
7141,White 蘭・Bow 鬼 Suit,
7142,White 蘭・Bow 鬼F Suit,
7143,White 蘭・Bow 鬼FX Suit,
7144,Crimson 霞・Bow 鬼 Suit,
7145,Crimson 霞・Bow 鬼F Suit,
7146,Crimson 霞・Bow 鬼FX Suit,
7147,White 蘭・Bow 鬼G Suit,
7148,White 蘭・Bow 鬼GF Suit,
7149,White 蘭・Bow 鬼GX Suit,
7150,月夜・Bow 鬼G Suit,
7151,月夜・Bow 鬼GF Suit,
7152,月夜・Bow 鬼GX Suit,
7153,Crimson 霞・Bow 鬼G Suit,
7154,Crimson 霞・Bow 鬼GF Suit,
7155,Crimson 霞・Bow 鬼GX Suit,
7156,Green 穹・Bow 鬼G Suit,
7157,Green 穹・Bow 鬼GF Suit,
7158,Green 穹・Bow 鬼GX Suit,
7159,Flight Haori・White,
7160,Flight Haori F・White,
7161,Flight Haori FZ・White,
7162,Flight Haori HS・White,
7163,Flight Haori GS・White,
7164,Flight Haori GP・White,
7165,Flight Shozoku・White,
7166,Flight Shozoku F・White,
7167,Flight Shozoku FZ・White,
7168,Flight Shozoku HS・White,
7169,Flight Shozoku GS・White,
7170,Flight Shozoku GP・White,
7171,Flight Haori・Red,
7172,Flight Haori F・Red,
7173,Flight Haori FZ・Red,
7174,Flight Haori HS・Red,
7175,Flight Haori GS・Red,
7176,Flight Haori GP・Red,
7177,Flight Shozoku・Red,
7178,Flight Shozoku F・Red,
7179,Flight Shozoku FZ・Red,
7180,Flight Shozoku HS・Red,
7181,Flight Shozoku GS・Red,
7182,Flight Shozoku GP・Red,
7183,Flight Haori・Tea,
7184,Flight Haori F・Tea,
7185,Flight Haori FZ・Tea,
7186,Flight Haori HS・Tea,
7187,Flight Haori GS・Tea,
7188,Flight Haori GP・Tea,
7189,Flight Shozoku・Tea,
7190,Flight Shozoku F・Tea,
7191,Flight Shozoku FZ・Tea,
7192,Flight Shozoku HS・Tea,
7193,Flight Shozoku GS・Tea,
7194,Flight Shozoku GP・Tea,
7195,Flight Haori・Blue,
7196,Flight Haori F・Blue,
7197,Flight Haori FZ・Blue,
7198,Flight Haori HS・Blue,
7199,Flight Haori GS・Blue,
7200,Flight Haori GP・Blue,
7201,Flight Shozoku・Blue,
7202,Flight Shozoku F・Blue,
7203,Flight Shozoku FZ・Blue,
7204,Flight Shozoku HS・Blue,
7205,Flight Shozoku GS・Blue,
7206,Flight Shozoku GP・Blue,
7207,Naga Vest・Blue,
7208,Naga F Vest・Blue,
7209,Naga FZ Vest・Blue,
7210,Naga HS Vest・Blue,
7211,Naga GS Vest・Blue,
7212,Naga GP Vest・Blue,
7213,Naga Suit・Blue,
7214,Naga F Suit・Blue,
7215,Naga FZ Suit・Blue,
7216,Naga HS Suit・Blue,
7217,Naga GS Suit・Blue,
7218,Naga GP Suit・Blue,
7219,Naga Vest・Red,
7220,Naga F Vest・Red,
7221,Naga FZ Vest・Red,
7222,Naga HS Vest・Red,
7223,Naga GS Vest・Red,
7224,Naga GP Vest・Red,
7225,Naga Suit・Red,
7226,Naga F Suit・Red,
7227,Naga FZ Suit・Red,
7228,Naga HS Suit・Red,
7229,Naga GS Suit・Red,
7230,Naga GP Suit・Red,
7231,Naga Vest・White,
7232,Naga F Vest・White,
7233,Naga FZ Vest・White,
7234,Naga HS Vest・White,
7235,Naga GS Vest・White,
7236,Naga GP Vest・White,
7237,Naga Suit・White,
7238,Naga F Suit・White,
7239,Naga FZ Suit・White,
7240,Naga HS Suit・White,
7241,Naga GS Suit・White,
7242,Naga GP Suit・White,
7243,Naga Vest・Black,
7244,Naga F Vest・Black,
7245,Naga FZ Vest・Black,
7246,Naga HS Vest・Black,
7247,Naga GS Vest・Black,
7248,Naga GP Vest・Black,
7249,Naga Suit・Black,
7250,Naga F Suit・Black,
7251,Naga FZ Suit・Black,
7252,Naga HS Suit・Black,
7253,Naga GS Suit・Black,
7254,Naga GP Suit・Black,
7255,Dawnbreak Haori,
7256,Dawnbreak Haori・F,
7257,Dawnbreak Haori・FZ,
7258,Dawnbreak Haori・HS,
7259,Dawnbreak Haori・GS,
7260,Dawnbreak Haori・GP,
7261,Dawnbreak Shozoku,
7262,Dawnbreak Shozoku・F,
7263,Dawnbreak Shozoku・FZ,
7264,Dawnbreak Shozoku・HS,
7265,Dawnbreak Shozoku・GS,
7266,Dawnbreak Shozoku・GP,
7267,Zuibei Muscle,
7268,Zuibei F Muscle,
7269,Zuibei FZ Muscle,
7270,Zuibei HS Muscle,
7271,Zuibei GS Muscle,
7272,Zuibei GP Muscle,
7273,Zuibei Heart,
7274,Zuibei F Heart,
7275,Zuibei FZ Heart,
7276,Zuibei HS Heart,
7277,Zuibei GS Heart,
7278,Zuibei GP Heart,
7279,Oyun Mail・Blue,
7280,Oyun F Mail・Blue,
7281,Oyun FZ Mail・Blue,
7282,Oyun HS Mail・Blue,
7283,Oyun GS Mail・Blue,
7284,Oyun GP Mail・Blue,
7285,Oyun Vest・Blue,
7286,Oyun F Vest・Blue,
7287,Oyun FZ Vest・Blue,
7288,Oyun HS Vest・Blue,
7289,Oyun GS Vest・Blue,
7290,Oyun GP Vest・Blue,
7291,Oyun Mail・Red,
7292,Oyun F Mail・Red,
7293,Oyun FZ Mail・Red,
7294,Oyun HS Mail・Red,
7295,Oyun GS Mail・Red,
7296,Oyun GP Mail・Red,
7297,Oyun Vest・Red,
7298,Oyun F Vest・Red,
7299,Oyun FZ Vest・Red,
7300,Oyun HS Vest・Red,
7301,Oyun GS Vest・Red,
7302,Oyun GP Vest・Red,
7303,Oyun Mail・Black,
7304,Oyun F Mail・Black,
7305,Oyun FZ Mail・Black,
7306,Oyun HS Mail・Black,
7307,Oyun GS Mail・Black,
7308,Oyun GP Mail・Black,
7309,Oyun Vest・Black,
7310,Oyun F Vest・Black,
7311,Oyun FZ Vest・Black,
7312,Oyun HS Vest・Black,
7313,Oyun GS Vest・Black,
7314,Oyun GP Vest・Black,
7315,Oyun Mail・White,
7316,Oyun F Mail・White,
7317,Oyun FZ Mail・White,
7318,Oyun HS Mail・White,
7319,Oyun GS Mail・White,
7320,Oyun GP Mail・White,
7321,Oyun Vest・White,
7322,Oyun F Vest・White,
7323,Oyun FZ Vest・White,
7324,Oyun HS Vest・White,
7325,Oyun GS Vest・White,
7326,Oyun GP Vest・White,
7327,Ash Vest・Red,
7328,Ash F Vest・Red,
7329,Ash FZ Vest・Red,
7330,Ash HS Vest・Red,
7331,Ash GS Vest・Red,
7332,Ash GP Vest・Red,
7333,Ash Suit・Red,
7334,Ash F Suit・Red,
7335,Ash FZ Suit・Red,
7336,Ash HS Suit・Red,
7337,Ash GS Suit・Red,
7338,Ash GP Suit・Red,
7339,Ash Vest・Blue,
7340,Ash F Vest・Blue,
7341,Ash FZ Vest・Blue,
7342,Ash HS Vest・Blue,
7343,Ash GS Vest・Blue,
7344,Ash GP Vest・Blue,
7345,Ash Suit・Blue,
7346,Ash F Suit・Blue,
7347,Ash FZ Suit・Blue,
7348,Ash HS Suit・Blue,
7349,Ash GS Suit・Blue,
7350,Ash GP Suit・Blue,
7351,Ash Vest・White,
7352,Ash F Vest・White,
7353,Ash FZ Vest・White,
7354,Ash HS Vest・White,
7355,Ash GS Vest・White,
7356,Ash GP Vest・White,
7357,Ash Suit・White,
7358,Ash F Suit・White,
7359,Ash FZ Suit・White,
7360,Ash HS Suit・White,
7361,Ash GS Suit・White,
7362,Ash GP Suit・White,
7363,Ash Vest・Black,
7364,Ash F Vest・Black,
7365,Ash FZ Vest・Black,
7366,Ash HS Vest・Black,
7367,Ash GS Vest・Black,
7368,Ash GP Vest・Black,
7369,Ash Suit・Black,
7370,Ash F Suit・Black,
7371,Ash FZ Suit・Black,
7372,Ash HS Suit・Black,
7373,Ash GS Suit・Black,
7374,Ash GP Suit・Black,
7375,Pistis GP Vest,
7376,Pistis GP Suit,
7377,Blink HS Suit,
7378,Blink GS Suit,
7379,Blink GP Suit,
7380,Blink HS Vest,
7381,Blink GS Vest,
7382,Blink GP Vest,
7383,Ukon GP Vest,
7384,Ukon GP Suit,
7385,ロットGP Vest,
7386,ロットGP Suit,
7387,Arge HS Vest,
7388,Arge GS Vest,
7389,Arge GP Vest,
7390,Arge HS Suit,
7391,Arge GS Suit,
7392,Arge GP Suit,
7393,Camarera HS Vest,
7394,Camarera GS Vest,
7395,Camarera GP Vest,
7396,Camarera HS Suit,
7397,Camarera GS Suit,
7398,Camarera GP Suit,
7399,Metenera HS Vest,
7400,Metenera GS Vest,
7401,Metenera GP Vest,
7402,Metenera HS Suit,
7403,Metenera GS Suit,
7404,Metenera GP Suit,
7405,Abitto HS Vest,
7406,Abitto GS Vest,
7407,Abitto GP Vest,
7408,Abitto HS Suit,
7409,Abitto GS Suit,
7410,Abitto GP Suit,
7411,Riburi HS Vest,
7412,Riburi GS Vest,
7413,Riburi GP Vest,
7414,Riburi HS Suit,
7415,Riburi GS Suit,
7416,Riburi GP Suit,
7417,Jess G Mail,
7418,Jess GF Mail,
7419,Jess GX Mail,
7420,Jess G Vest,
7421,Jess GF Vest,
7422,Jess GX Vest,
7423,Tangusu G Mail,
7424,Tangusu GF Mail,
7425,Tangusu GX Mail,
7426,Kobaruta G Vest,
7427,Kobaruta GF Vest,
7428,Kobaruta GX Vest,
7429,Breo G Jacket,
7430,Breo GF Jacket,
7431,Breo GX Jacket,
7432,Harokyu Vest,
7433,Harokyu F Vest,
7434,Harokyu FY Vest,
7435,Harokyu HS Vest,
7436,Harokyu G Vest,
7437,Harokyu GF Vest,
7438,Harokyu GX Vest,
7439,Brooke Vest,
7440,Brooke F Vest,
7441,Brooke FY Vest,
7442,Brooke HS Vest,
7443,Brooke G Vest,
7444,Brooke GF Vest,
7445,Brooke GX Vest,
7446,Brooke Suit,
7447,Brooke F Suit,
7448,Brooke FY Suit,
7449,Brooke HS Suit,
7450,Brooke G Suit,
7451,Brooke GF Suit,
7452,Brooke GX Suit,
7453,Pale Sakura 【 Haori 】,
7454,Pale Sakura F【 Haori 】,
7455,Pale Sakura FY【 Haori 】,
7456,Pale Sakura HS【 Haori 】,
7457,Pale Sakura G【 Haori 】,
7458,Pale Sakura GF【 Haori 】,
7459,Pale Sakura GX【 Haori 】,
7460,Sakura Cloud 【 Haori 】,
7461,Sakura Cloud F【 Haori 】,
7462,Sakura Cloud FY【 Haori 】,
7463,Sakura Cloud HS【 Haori 】,
7464,Sakura Cloud G【 Haori 】,
7465,Sakura Cloud GF【 Haori 】,
7466,Sakura Cloud GX【 Haori 】,
7467,Kinioru Mail,
7468,Kinioru F Mail,
7469,Kinioru FY Mail,
7470,Kinioru HS Mail,
7471,Kinioru G Mail,
7472,Kinioru GF Mail,
7473,Kinioru GX Mail,
7474,Kinioru Vest,
7475,Kinioru F Vest,
7476,Kinioru FY Vest,
7477,Kinioru HS Vest,
7478,Kinioru G Vest,
7479,Kinioru GF Vest,
7480,Kinioru GX Vest,
7481,Kaioru Mail,
7482,Kaioru F Mail,
7483,Kaioru FY Mail,
7484,Kaioru HS Mail,
7485,Kaioru G Mail,
7486,Kaioru GF Mail,
7487,Kaioru GX Mail,
7488,Kaioru Vest,
7489,Kaioru F Vest,
7490,Kaioru FY Vest,
7491,Kaioru HS Vest,
7492,Kaioru G Vest,
7493,Kaioru GF Vest,
7494,Kaioru GX Vest,
7495,Yurisu Mail,
7496,Yurisu F Mail,
7497,Yurisu FY Mail,
7498,Yurisu HS Mail,
7499,Yurisu G Mail,
7500,Yurisu GF Mail,
7501,Yurisu GX Mail,
7502,Yurisu Vest,
7503,Yurisu F Vest,
7504,Yurisu FY Vest,
7505,Yurisu HS Vest,
7506,Yurisu G Vest,
7507,Yurisu GF Vest,
7508,Yurisu GX Vest,
7509,Desordre Mail,
7510,Desordre F Mail,
7511,Desordre FY Mail,
7512,Desordre HS Mail,
7513,Desordre G Mail,
7514,Desordre GF Mail,
7515,Desordre GX Mail,
7516,Desordre Vest,
7517,Desordre F Vest,
7518,Desordre FY Vest,
7519,Desordre HS Vest,
7520,Desordre G Vest,
7521,Desordre GF Vest,
7522,Desordre GX Vest,
7523,Carmine Coat Black,
7524,Carmine F Coat Black,
7525,Carmine FZ Coat Black,
7526,Carmine HS Coat Black,
7527,Carmine GS Coat Black,
7528,Carmine GP Coat Black,
7529,Carmine Suit Black,
7530,Carmine F Suit Black,
7531,Carmine FZ Suit Black,
7532,Carmine HS Suit Black,
7533,Carmine GS Suit Black,
7534,Carmine GP Suit Black,
7535,Carmine Coat Blue,
7536,Carmine F Coat Blue,
7537,Carmine FZ Coat Blue,
7538,Carmine HS Coat Blue,
7539,Carmine GS Coat Blue,
7540,Carmine GP Coat Blue,
7541,Carmine Suit Blue,
7542,Carmine F Suit Blue,
7543,Carmine FZ Suit Blue,
7544,Carmine HS Suit Blue,
7545,Carmine GS Suit Blue,
7546,Carmine GP Suit Blue,
7547,Carmine Coat Purple,
7548,Carmine F Coat Purple,
7549,Carmine FZ Coat Purple,
7550,Carmine HS Coat Purple,
7551,Carmine GS Coat Purple,
7552,Carmine GP Coat Purple,
7553,Carmine Suit Purple,
7554,Carmine F Suit Purple,
7555,Carmine FZ Suit Purple,
7556,Carmine HS Suit Purple,
7557,Carmine GS Suit Purple,
7558,Carmine GP Suit Purple,
7559,Carmine Coat White,
7560,Carmine F Coat White,
7561,Carmine FZ Coat White,
7562,Carmine HS Coat White,
7563,Carmine GS Coat White,
7564,Carmine GP Coat White,
7565,Carmine Suit White,
7566,Carmine F Suit White,
7567,Carmine FZ Suit White,
7568,Carmine HS Suit White,
7569,Carmine GS Suit White,
7570,Carmine GP Suit White,
7571,Ryu Vest・Red,
7572,Ryu F Vest・Red,
7573,Ryu FZ Vest・Red,
7574,Ryu HS Vest・Red,
7575,Ryu GS Vest・Red,
7576,Ryu GP Vest・Red,
7577,Ryu Vest・Red,
7578,Ryu F Vest・Red,
7579,Ryu FZ Vest・Red,
7580,Ryu HS Vest・Red,
7581,Ryu GS Vest・Red,
7582,Ryu GP Vest・Red,
7583,Ryu Vest・Blue,
7584,Ryu F Vest・Blue,
7585,Ryu FZ Vest・Blue,
7586,Ryu HS Vest・Blue,
7587,Ryu GS Vest・Blue,
7588,Ryu GP Vest・Blue,
7589,Ryu Vest・Blue,
7590,Ryu F Vest・Blue,
7591,Ryu FZ Vest・Blue,
7592,Ryu HS Vest・Blue,
7593,Ryu GS Vest・Blue,
7594,Ryu GP Vest・Blue,
7595,Ryu Vest・Orange,
7596,Ryu F Vest・Orange,
7597,Ryu FZ Vest・Orange,
7598,Ryu HS Vest・Orange,
7599,Ryu GS Vest・Orange,
7600,Ryu GP Vest・Orange,
7601,Ryu Vest・Orange,
7602,Ryu F Vest・Orange,
7603,Ryu FZ Vest・Orange,
7604,Ryu HS Vest・Orange,
7605,Ryu GS Vest・Orange,
7606,Ryu GP Vest・Orange,
7607,Ryu Vest・Yellow,
7608,Ryu F Vest・Yellow,
7609,Ryu FZ Vest・Yellow,
7610,Ryu HS Vest・Yellow,
7611,Ryu GS Vest・Yellow,
7612,Ryu GP Vest・Yellow,
7613,Ryu Vest・Yellow,
7614,Ryu F Vest・Yellow,
7615,Ryu FZ Vest・Yellow,
7616,Ryu HS Vest・Yellow,
7617,Ryu GS Vest・Yellow,
7618,Ryu GP Vest・Yellow,
7619,Carriage Vest,
7620,Carriage F Vest,
7621,Carriage FZ Vest,
7622,Carriage HS Vest,
7623,Carriage GS Vest,
7624,Carriage GP Vest,
7625,Marble Vest,
7626,Marble F Vest,
7627,Marble FZ Vest,
7628,Marble HS Vest,
7629,Marble GS Vest,
7630,Marble GP Vest,
7631,Shandy Vest,
7632,Shandy F Vest,
7633,Shandy FZ Vest,
7634,Shandy HS Vest,
7635,Shandy GS Vest,
7636,Shandy GP Vest,
7637,Shandy Suit,
7638,Shandy F Suit,
7639,Shandy FZ Suit,
7640,Shandy HS Suit,
7641,Shandy GS Suit,
7642,Shandy GP Suit,
7643,Banquet Vest,
7644,Banquet F Vest,
7645,Banquet FZ Vest,
7646,Banquet HS Vest,
7647,Banquet GS Vest,
7648,Banquet GP Vest,
7649,ヴェラン Mail,
7650,ヴェランF Mail,
7651,ヴェランFZ Mail,
7652,ヴェランHS Mail,
7653,ヴェランGS Mail,
7654,ヴェランGP Mail,
7655,ランデグ Mail,
7656,ランデグF Mail,
7657,ランデグFZ Mail,
7658,ランデグHS Mail,
7659,ランデグGS Mail,
7660,ランデグGP Mail,
7661,ランデグ Suit,
7662,ランデグF Suit,
7663,ランデグFZ Suit,
7664,ランデグHS Suit,
7665,ランデグGS Suit,
7666,ランデグGP Suit,
7667,Endre Mail,
7668,Endre F Mail,
7669,Endre FZ Mail,
7670,Endre HS Mail,
7671,Endre GS Mail,
7672,Endre GP Mail,
7673,Endre Suit,
7674,Endre F Suit,
7675,Endre FZ Suit,
7676,Endre HS Suit,
7677,Endre GS Suit,
7678,Endre GP Suit,
7679,Sagittario Coat Red,
7680,Sagittario F Coat Red,
7681,Sagittario FZ Coat Red,
7682,Sagittario HS Coat Red,
7683,Sagittario GS Coat Red,
7684,Sagittario GP Coat Red,
7685,Sagittario Suit Red,
7686,Sagittario F Suit Red,
7687,Sagittario FZ Suit Red,
7688,Sagittario HS Suit Red,
7689,Sagittario GS Suit Red,
7690,Sagittario GP Suit Red,
7691,Sagittario Coat Blue,
7692,Sagittario F Coat Blue,
7693,Sagittario FZ Coat Blue,
7694,Sagittario HS Coat Blue,
7695,Sagittario GS Coat Blue,
7696,Sagittario GP Coat Blue,
7697,Sagittario Suit Blue,
7698,Sagittario F Suit Blue,
7699,Sagittario FZ Suit Blue,
7700,Sagittario HS Suit Blue,
7701,Sagittario GS Suit Blue,
7702,Sagittario GP Suit Blue,
7703,Sagittario Coat Purple,
7704,Sagittario F Coat Purple,
7705,Sagittario FZ Coat Purple,
7706,Sagittario HS Coat Purple,
7707,Sagittario GS Coat Purple,
7708,Sagittario GP Coat Purple,
7709,Sagittario Suit Purple,
7710,Sagittario F Suit Purple,
7711,Sagittario FZ Suit Purple,
7712,Sagittario HS Suit Purple,
7713,Sagittario GS Suit Purple,
7714,Sagittario GP Suit Purple,
7715,Sagittario Coat Green,
7716,Sagittario F Coat Green,
7717,Sagittario FZ Coat Green,
7718,Sagittario HS Coat Green,
7719,Sagittario GS Coat Green,
7720,Sagittario GP Coat Green,
7721,Sagittario Suit Green,
7722,Sagittario F Suit Green,
7723,Sagittario FZ Suit Green,
7724,Sagittario HS Suit Green,
7725,Sagittario GS Suit Green,
7726,Sagittario GP Suit Green,
7727,Nina Vest・Red,
7728,Nina F Vest・Red,
7729,Nina FZ Vest・Red,
7730,Nina HS Vest・Red,
7731,Nina GS Vest・Red,
7732,Nina GP Vest・Red,
7733,Nina Vest・Red,
7734,Nina F Vest・Red,
7735,Nina FZ Vest・Red,
7736,Nina HS Vest・Red,
7737,Nina GS Vest・Red,
7738,Nina GP Vest・Red,
7739,Nina Vest・Green,
7740,Nina F Vest・Green,
7741,Nina FZ Vest・Green,
7742,Nina HS Vest・Green,
7743,Nina GS Vest・Green,
7744,Nina GP Vest・Green,
7745,Nina Vest・Green,
7746,Nina F Vest・Green,
7747,Nina FZ Vest・Green,
7748,Nina HS Vest・Green,
7749,Nina GS Vest・Green,
7750,Nina GP Vest・Green,
7751,Nina Vest・Peach,
7752,Nina F Vest・Peach,
7753,Nina FZ Vest・Peach,
7754,Nina HS Vest・Peach,
7755,Nina GS Vest・Peach,
7756,Nina GP Vest・Peach,
7757,Nina Vest・Peach,
7758,Nina F Vest・Peach,
7759,Nina FZ Vest・Peach,
7760,Nina HS Vest・Peach,
7761,Nina GS Vest・Peach,
7762,Nina GP Vest・Peach,
7763,Nina Vest・Blue,
7764,Nina F Vest・Blue,
7765,Nina FZ Vest・Blue,
7766,Nina HS Vest・Blue,
7767,Nina GS Vest・Blue,
7768,Nina GP Vest・Blue,
7769,Nina Vest・Blue,
7770,Nina F Vest・Blue,
7771,Nina FZ Vest・Blue,
7772,Nina HS Vest・Blue,
7773,Nina GS Vest・Blue,
7774,Nina GP Vest・Blue,
7775,Harze Suit,
7776,Harze F Suit,
7777,Harze FZ Suit,
7778,Harze HS Suit,
7779,Harze GS Suit,
7780,Harze GP Suit,
7781,Harze Vest,
7782,Harze F Vest,
7783,Harze FZ Vest,
7784,Harze HS Vest,
7785,Harze GS Vest,
7786,Harze GP Vest,
7787,Kuaru G Mail,
7788,Kuaru GF Mail,
7789,Kuaru GX Mail,
7790,Kuaru G Vest,
7791,Kuaru GF Vest,
7792,Kuaru GX Vest,
7793,Empress G Mail,
7794,Empress GF Mail,
7795,Empress GX Mail,
7796,Empress G Vest,
7797,Empress GF Vest,
7798,Empress GX Vest,
7799,Genesis G【胴当て】,
7800,Genesis GF【胴当て】,
7801,Genesis GX【胴当て】,
7802,Motion G【胴当て】,
7803,Motion GF【胴当て】,
7804,Motion GX【胴当て】,
7805,Pobo Mail,
7806,Pobo F Mail,
7807,Pobo FX Mail,
7808,Pobo G Mail,
7809,Pobo GF Mail,
7810,Pobo Vest,
7811,Pobo F Vest,
7812,Pobo FX Vest,
7813,Pobo G Vest,
7814,Pobo GF Vest,
7815,Rath Soul G Mail,
7816,Rath Soul GF Mail,
7817,Rath Soul GX Mail,
7818,Rath Soul G Vest,
7819,Rath Soul GF Vest,
7820,Rath Soul GX Vest,
7821,Rath Heart G Mail,
7822,Rath Heart GF Mail,
7823,Rath Heart GX Mail,
7824,Rath Heart G Vest,
7825,Rath Heart GF Vest,
7826,Rath Heart GX Vest,
7827,Shatemu Vest,
7828,Shatemu F Vest,
7829,Shatemu FZ Vest,
7830,Shatemu HS Vest,
7831,Shatemu GS Vest,
7832,Shatemu GP Vest,
7833,Shatemu Suit,
7834,Shatemu F Suit,
7835,Shatemu FZ Suit,
7836,Shatemu HS Suit,
7837,Shatemu GS Suit,
7838,Shatemu GP Suit,
7839,Hevria Vest,
7840,Hevria F Vest,
7841,Hevria FZ Vest,
7842,Hevria HS Vest,
7843,Hevria GS Vest,
7844,Hevria GP Vest,
7845,Hevria Suit,
7846,Hevria F Suit,
7847,Hevria FZ Suit,
7848,Hevria HS Suit,
7849,Hevria GS Suit,
7850,Hevria GP Suit,
7851,Tiuru Vest,
7852,Tiuru F Vest,
7853,Tiuru FZ Vest,
7854,Tiuru HS Vest,
7855,Tiuru GS Vest,
7856,Tiuru GP Vest,
7857,Tiuru Suit,
7858,Tiuru F Suit,
7859,Tiuru FZ Suit,
7860,Tiuru HS Suit,
7861,Tiuru GS Suit,
7862,Tiuru GP Suit,
7863,Bande Vest・Blue,
7864,Bande F Vest・Blue,
7865,Bande FZ Vest・Blue,
7866,Bande HS Vest・Blue,
7867,Bande GS Vest・Blue,
7868,Bande GP Vest・Blue,
7869,Bande Suit・Blue,
7870,Bande F Suit・Blue,
7871,Bande FZ Suit・Blue,
7872,Bande HS Suit・Blue,
7873,Bande GS Suit・Blue,
7874,Bande GP Suit・Blue,
7875,Bande Vest・Red,
7876,Bande F Vest・Red,
7877,Bande FZ Vest・Red,
7878,Bande HS Vest・Red,
7879,Bande GS Vest・Red,
7880,Bande GP Vest・Red,
7881,Bande Suit・Red,
7882,Bande F Suit・Red,
7883,Bande FZ Suit・Red,
7884,Bande HS Suit・Red,
7885,Bande GS Suit・Red,
7886,Bande GP Suit・Red,
7887,Bande Vest・Green,
7888,Bande F Vest・Green,
7889,Bande FZ Vest・Green,
7890,Bande HS Vest・Green,
7891,Bande GS Vest・Green,
7892,Bande GP Vest・Green,
7893,Bande Suit・Green,
7894,Bande F Suit・Green,
7895,Bande FZ Suit・Green,
7896,Bande HS Suit・Green,
7897,Bande GS Suit・Green,
7898,Bande GP Suit・Green,
7899,Bande Vest・Black,
7900,Bande F Vest・Black,
7901,Bande FZ Vest・Black,
7902,Bande HS Vest・Black,
7903,Bande GS Vest・Black,
7904,Bande GP Vest・Black,
7905,Bande Suit・Black,
7906,Bande F Suit・Black,
7907,Bande FZ Suit・Black,
7908,Bande HS Suit・Black,
7909,Bande GS Suit・Black,
7910,Bande GP Suit・Black,
7911,Tenpi Torso・Red,
7912,Tenpi Torso F・Red,
7913,Tenpi Torso FZ・Red,
7914,Tenpi Torso HS・Red,
7915,Tenpi Torso GS・Red,
7916,Tenpi Torso GP・Red,
7917,Tenpi Chestplate・Red,
7918,Tenpi Chestplate F・Red,
7919,Tenpi Chestplate FZ・Red,
7920,Tenpi Chestplate HS・Red,
7921,Tenpi Chestplate GS・Red,
7922,Tenpi Chestplate GP・Red,
7923,Tenpi Torso・Blue,
7924,Tenpi Torso F・Blue,
7925,Tenpi Torso FZ・Blue,
7926,Tenpi Torso HS・Blue,
7927,Tenpi Torso GS・Blue,
7928,Tenpi Torso GP・Blue,
7929,Tenpi Chestplate・Blue,
7930,Tenpi Chestplate F・Blue,
7931,Tenpi Chestplate FZ・Blue,
7932,Tenpi Chestplate HS・Blue,
7933,Tenpi Chestplate GS・Blue,
7934,Tenpi Chestplate GP・Blue,
7935,Tenpi Torso・Black,
7936,Tenpi Torso F・Black,
7937,Tenpi Torso FZ・Black,
7938,Tenpi Torso HS・Black,
7939,Tenpi Torso GS・Black,
7940,Tenpi Torso GP・Black,
7941,Tenpi Chestplate・Black,
7942,Tenpi Chestplate F・Black,
7943,Tenpi Chestplate FZ・Black,
7944,Tenpi Chestplate HS・Black,
7945,Tenpi Chestplate GS・Black,
7946,Tenpi Chestplate GP・Black,
7947,Tenpi Torso・White,
7948,Tenpi Torso F・White,
7949,Tenpi Torso FZ・White,
7950,Tenpi Torso HS・White,
7951,Tenpi Torso GS・White,
7952,Tenpi Torso GP・White,
7953,Tenpi Chestplate・White,
7954,Tenpi Chestplate F・White,
7955,Tenpi Chestplate FZ・White,
7956,Tenpi Chestplate HS・White,
7957,Tenpi Chestplate GS・White,
7958,Tenpi Chestplate GP・White,
7959,Tenpi Shozoku・Red,
7960,Tenpi Shozoku F・Red,
7961,Tenpi Shozoku FZ・Red,
7962,Tenpi Shozoku HS・Red,
7963,Tenpi Shozoku GS・Red,
7964,Tenpi Shozoku GP・Red,
7965,Tenpi Cloth・Red,
7966,Tenpi Cloth F・Red,
7967,Tenpi Cloth FZ・Red,
7968,Tenpi Cloth HS・Red,
7969,Tenpi Cloth GS・Red,
7970,Tenpi Cloth GP・Red,
7971,Tenpi Shozoku・Blue,
7972,Tenpi Shozoku F・Blue,
7973,Tenpi Shozoku FZ・Blue,
7974,Tenpi Shozoku HS・Blue,
7975,Tenpi Shozoku GS・Blue,
7976,Tenpi Shozoku GP・Blue,
7977,Tenpi Cloth・Blue,
7978,Tenpi Cloth F・Blue,
7979,Tenpi Cloth FZ・Blue,
7980,Tenpi Cloth HS・Blue,
7981,Tenpi Cloth GS・Blue,
7982,Tenpi Cloth GP・Blue,
7983,Tenpi Shozoku・Black,
7984,Tenpi Shozoku F・Black,
7985,Tenpi Shozoku FZ・Black,
7986,Tenpi Shozoku HS・Black,
7987,Tenpi Shozoku GS・Black,
7988,Tenpi Shozoku GP・Black,
7989,Tenpi Cloth・Black,
7990,Tenpi Cloth F・Black,
7991,Tenpi Cloth FZ・Black,
7992,Tenpi Cloth HS・Black,
7993,Tenpi Cloth GS・Black,
7994,Tenpi Cloth GP・Black,
7995,Tenpi Shozoku・White,
7996,Tenpi Shozoku F・White,
7997,Tenpi Shozoku FZ・White,
7998,Tenpi Shozoku HS・White,
7999,Tenpi Shozoku GS・White,
8000,Tenpi Shozoku GP・White,
8001,Tenpi Cloth・White,
8002,Tenpi Cloth F・White,
8003,Tenpi Cloth FZ・White,
8004,Tenpi Cloth HS・White,
8005,Tenpi Cloth GS・White,
8006,Tenpi Cloth GP・White,
8007,Ruban Vest,
8008,Ruban F Vest,
8009,Ruban FZ Vest,
8010,Ruban HS Vest,
8011,Ruban GS Vest,
8012,Ruban GP Vest,
8013,Ruban Suit,
8014,Ruban F Suit,
8015,Ruban FZ Suit,
8016,Ruban HS Suit,
8017,Ruban GS Suit,
8018,Ruban GP Suit,
8019,Orloj Vest,
8020,Orloj F Vest,
8021,Orloj FZ Vest,
8022,Orloj HS Vest,
8023,Orloj GS Vest,
8024,Orloj GP Vest,
8025,Orloj Suit,
8026,Orloj F Suit,
8027,Orloj FZ Suit,
8028,Orloj HS Suit,
8029,Orloj GS Suit,
8030,Orloj GP Suit,
8031,L'Amore Vest,
8032,L'Amore F Vest,
8033,L'Amore FZ Vest,
8034,L'Amore HS Vest,
8035,L'Amore GS Vest,
8036,L'Amore GP Vest,
8037,L'Amore Suit,
8038,L'Amore F Suit,
8039,L'Amore FZ Suit,
8040,L'Amore HS Suit,
8041,L'Amore GS Suit,
8042,L'Amore GP Suit,
8043,Dolce Vest,
8044,Dolce F Vest,
8045,Dolce FZ Vest,
8046,Dolce HS Vest,
8047,Dolce GS Vest,
8048,Dolce GP Vest,
8049,Dolce Suit,
8050,Dolce F Suit,
8051,Dolce FZ Suit,
8052,Dolce HS Suit,
8053,Dolce GS Suit,
8054,Dolce GP Suit,
8055,Bendi Mail,
8056,Bendi F Mail,
8057,Bendi FZ Mail,
8058,Bendi HS Mail,
8059,Bendi GS Mail,
8060,Bendi GP Mail,
8061,Bendi Vest,
8062,Bendi F Vest,
8063,Bendi FZ Vest,
8064,Bendi HS Vest,
8065,Bendi GS Vest,
8066,Bendi GP Vest,
8067,Revenants Muscle,
8068,Revenants F Muscle,
8069,Revenants FZ Muscle,
8070,Revenants HS Muscle,
8071,Revenants GS Muscle,
8072,Revenants GP Muscle,
8073,Revenants Heart,
8074,Revenants F Heart,
8075,Revenants FZ Heart,
8076,Revenants HS Heart,
8077,Revenants GS Heart,
8078,Revenants GP Heart,
8079,Lucis F Vest,
8080,Lucis HS Vest,
8081,Lucis GS Vest,
8082,Lucis GP Vest,
8083,Lucis F Suit,
8084,Lucis HS Suit,
8085,Lucis GS Suit,
8086,Lucis GP Suit,
8087,Risaaza HS Mail,
8088,Risaaza GS Mail,
8089,Risaaza GP Mail,
8090,Risaaza HS Suit,
8091,Risaaza GS Suit,
8092,Risaaza GP Suit,
8093,Anteka Vest,
8094,Anteka F Vest,
8095,Anteka FY Vest,
8096,Anteka HS Vest,
8097,Anteka G Vest,
8098,Anteka GF Vest,
8099,Anteka GX Vest,
8100,Quoiz Mail,
8101,Quoiz F Mail,
8102,Quoiz FY Mail,
8103,Quoiz HS Mail,
8104,Quoiz G Mail,
8105,Quoiz GF Mail,
8106,Quoiz GX Mail,
8107,Quoiz Vest,
8108,Quoiz F Vest,
8109,Quoiz FY Vest,
8110,Quoiz HS Vest,
8111,Quoiz G Vest,
8112,Quoiz GF Vest,
8113,Quoiz GX Vest,
8114,Kalais Mail,
8115,Kalais F Mail,
8116,Kalais FY Mail,
8117,Kalais HS Mail,
8118,Kalais G Mail,
8119,Kalais GF Mail,
8120,Kalais GX Mail,
8121,Kalais Vest,
8122,Kalais F Vest,
8123,Kalais FY Vest,
8124,Kalais HS Vest,
8125,Kalais G Vest,
8126,Kalais GF Vest,
8127,Kalais GX Vest,
8128,Yoruti Mail,
8129,Yoruti F Mail,
8130,Yoruti FY Mail,
8131,Yoruti HS Mail,
8132,Yoruti G Mail,
8133,Yoruti GF Mail,
8134,Yoruti GX Mail,
8135,Yoruti Vest,
8136,Yoruti F Vest,
8137,Yoruti FY Vest,
8138,Yoruti HS Vest,
8139,Yoruti G Vest,
8140,Yoruti GF Vest,
8141,Yoruti GX Vest,
8142,Haragan Mail,
8143,Haragan F Mail,
8144,Haragan FY Mail,
8145,Haragan HS Mail,
8146,Haragan G Mail,
8147,Haragan GF Mail,
8148,Haragan GX Mail,
8149,Haragan Vest,
8150,Haragan F Vest,
8151,Haragan FY Vest,
8152,Haragan HS Vest,
8153,Haragan G Vest,
8154,Haragan GF Vest,
8155,Haragan GX Vest,
8156,Rios Mail,
8157,Rios F Mail,
8158,Rios FY Mail,
8159,Rios HS Mail,
8160,Rios G Mail,
8161,Rios GF Mail,
8162,Rios GX Mail,
8163,Rios Vest,
8164,Rios F Vest,
8165,Rios FY Vest,
8166,Rios HS Vest,
8167,Rios G Vest,
8168,Rios GF Vest,
8169,Rios GX Vest,
8170,Mist 【 Haori 】,
8171,Mist F【 Haori 】,
8172,Mist FY【 Haori 】,
8173,Mist HS【 Haori 】,
8174,Mist G【 Haori 】,
8175,Mist GF【 Haori 】,
8176,Mist GX【 Haori 】,
8177,Fog 【 Haori 】,
8178,Fog F【 Haori 】,
8179,Fog FY【 Haori 】,
8180,Fog HS【 Haori 】,
8181,Fog G【 Haori 】,
8182,Fog GF【 Haori 】,
8183,Fog GX【 Haori 】,
8184,Rodokuru Jacket,
8185,Rodokuru F Jacket,
8186,Rodokuru FY Jacket,
8187,Rodokuru HS Jacket,
8188,Rodokuru G Jacket,
8189,Rodokuru GF Jacket,
8190,Rodokuru GX Jacket,
8191,Noir FY Jacket,
8192,Noir HS Jacket,
8193,Noir G Jacket,
8194,Noir GF Jacket,
8195,Noir GX Jacket,
8196,Demon Lord ノ肩鎧G,
8197,Demon Lord ノ肩鎧GF,
8198,Demon Lord ノ肩鎧GX,
8199,童子ノ肩鎧G,
8200,童子ノ肩鎧GF,
8201,童子ノ肩鎧GX,
8202,Trume Mail,
8203,Trume F Mail,
8204,Trume FZ Mail,
8205,Trume HS Mail,
8206,Trume GS Mail,
8207,Trume GP Mail,
8208,Trume Suit,
8209,Trume F Suit,
8210,Trume FZ Suit,
8211,Trume HS Suit,
8212,Trume GS Suit,
8213,Trume GP Suit,
8214,Gogomoa G Mail,
8215,Gogomoa GF Mail,
8216,Gogomoa GX Mail,
8217,Gogomoa G Vest,
8218,Gogomoa GF Vest,
8219,Gogomoa GX Vest,
8220,Varusa Mail,
8221,Varusa F Mail,
8222,Varusa FX Mail,
8223,Varusa G Mail,
8224,Varusa GF Mail,
8225,Varusa Vest,
8226,Varusa F Vest,
8227,Varusa FX Vest,
8228,Varusa G Vest,
8229,Varusa GF Vest,
8230,Flame GF Mail,
8231,Flame GF Vest,
8232,Lils GF Mail,
8233,Lils GF Vest,
8234,Asteli Vest・White,
8235,Asteli F Vest・White,
8236,Asteli FZ Vest・White,
8237,Asteli HS Vest・White,
8238,Asteli GS Vest・White,
8239,Asteli GP Vest・White,
8240,Asteli Suit・White,
8241,Asteli F Suit・White,
8242,Asteli FZ Suit・White,
8243,Asteli HS Suit・White,
8244,Asteli GS Suit・White,
8245,Asteli GP Suit・White,
8246,Asteli Vest・Blue,
8247,Asteli F Vest・Blue,
8248,Asteli FZ Vest・Blue,
8249,Asteli HS Vest・Blue,
8250,Asteli GS Vest・Blue,
8251,Asteli GP Vest・Blue,
8252,Asteli Suit・Blue,
8253,Asteli F Suit・Blue,
8254,Asteli FZ Suit・Blue,
8255,Asteli HS Suit・Blue,
8256,Asteli GS Suit・Blue,
8257,Asteli GP Suit・Blue,
8258,Asteli Vest・Red,
8259,Asteli F Vest・Red,
8260,Asteli FZ Vest・Red,
8261,Asteli HS Vest・Red,
8262,Asteli GS Vest・Red,
8263,Asteli GP Vest・Red,
8264,Asteli Suit・Red,
8265,Asteli F Suit・Red,
8266,Asteli FZ Suit・Red,
8267,Asteli HS Suit・Red,
8268,Asteli GS Suit・Red,
8269,Asteli GP Suit・Red,
8270,Asteli Vest・Black,
8271,Asteli F Vest・Black,
8272,Asteli FZ Vest・Black,
8273,Asteli HS Vest・Black,
8274,Asteli GS Vest・Black,
8275,Asteli GP Vest・Black,
8276,Asteli Suit・Black,
8277,Asteli F Suit・Black,
8278,Asteli FZ Suit・Black,
8279,Asteli HS Suit・Black,
8280,Asteli GS Suit・Black,
8281,Asteli GP Suit・Black,
8282,Lucchese Mail,
8283,Lucchese F Mail,
8284,Lucchese FY Mail,
8285,Lucchese HS Mail,
8286,Lucchese G Mail,
8287,Lucchese GF Mail,
8288,Lucchese GX Mail,
8289,Lucchese Vest,
8290,Lucchese F Vest,
8291,Lucchese FY Vest,
8292,Lucchese HS Vest,
8293,Lucchese G Vest,
8294,Lucchese GF Vest,
8295,Lucchese GX Vest,
8296,Orykto G Mail,
8297,Orykto GF Mail,
8298,Orykto GX Mail,
8299,Orykto G Vest,
8300,Orykto GF Vest,
8301,Orykto GX Vest,
8302,Bonito Mail,
8303,Bonito F Mail,
8304,Bonito FY Mail,
8305,Bonito HS Mail,
8306,Bonito G Mail,
8307,Bonito GF Mail,
8308,Bonito GX Mail,
8309,Bonito Vest,
8310,Bonito F Vest,
8311,Bonito FY Vest,
8312,Bonito HS Vest,
8313,Bonito G Vest,
8314,Bonito GF Vest,
8315,Bonito GX Vest,
8316,Silver Ruler G【胴当て】,
8317,Silver Ruler GF【胴当て】,
8318,Silver Ruler GX【胴当て】,
8319,Silver Control G【胴当て】,
8320,Silver Control GF【胴当て】,
8321,Silver Control GX【胴当て】,
8322,Harudo Mail,
8323,Harudo F Mail,
8324,Harudo FX Mail,
8325,Harudo G Mail,
8326,Harudo GF Mail,
8327,Harudo Vest,
8328,Harudo F Vest,
8329,Harudo FX Vest,
8330,Harudo G Vest,
8331,Harudo GF Vest,
8332,Gureado Mail,
8333,Gureado F Mail,
8334,Gureado FX Mail,
8335,Gureado G Mail,
8336,Gureado GF Mail,
8337,Gureado Vest,
8338,Gureado F Vest,
8339,Gureado FX Vest,
8340,Gureado G Vest,
8341,Gureado GF Vest,
8342,Akantor Gウルンテ,
8343,Akantor GFウルンテ,
8344,Akantor GXウルンテ,
8345,Akantor Gウルンペ,
8346,Akantor GFウルンペ,
8347,Akantor GXウルンペ,
8348,G.Plesioth G Mail,
8349,G.Plesioth GF Mail,
8350,G.Plesioth GX Mail,
8351,G.Plesioth G Vest,
8352,G.Plesioth GF Vest,
8353,G.Plesioth GX Vest,
8354,Bright Hypnoc G Mail,
8355,Bright Hypnoc GF Mail,
8356,Bright Hypnoc GX Mail,
8357,Bright Hypnoc G Vest,
8358,Bright Hypnoc GF Vest,
8359,Bright Hypnoc GX Vest,
8360,Blitz GX Vest,
8361,Blitz GXケープ,
8362,Stroma GX Mail,
8363,Stroma GX Vest,
8364,Diboa GX Mail,
8365,Diboa GX Vest,
8366,Regnum Vest・White,
8367,Regnum F Vest・White,
8368,Regnum FZ Vest・White,
8369,Regnum HS Vest・White,
8370,Regnum GS Vest・White,
8371,Regnum GP Vest・White,
8372,Regnum Suit・White,
8373,Regnum F Suit・White,
8374,Regnum FZ Suit・White,
8375,Regnum HS Suit・White,
8376,Regnum GS Suit・White,
8377,Regnum GP Suit・White,
8378,Regnum Vest・Blue,
8379,Regnum F Vest・Blue,
8380,Regnum FZ Vest・Blue,
8381,Regnum HS Vest・Blue,
8382,Regnum GS Vest・Blue,
8383,Regnum GP Vest・Blue,
8384,Regnum Suit・Blue,
8385,Regnum F Suit・Blue,
8386,Regnum FZ Suit・Blue,
8387,Regnum HS Suit・Blue,
8388,Regnum GS Suit・Blue,
8389,Regnum GP Suit・Blue,
8390,Regnum Vest・Red,
8391,Regnum F Vest・Red,
8392,Regnum FZ Vest・Red,
8393,Regnum HS Vest・Red,
8394,Regnum GS Vest・Red,
8395,Regnum GP Vest・Red,
8396,Regnum Suit・Red,
8397,Regnum F Suit・Red,
8398,Regnum FZ Suit・Red,
8399,Regnum HS Suit・Red,
8400,Regnum GS Suit・Red,
8401,Regnum GP Suit・Red,
8402,Regnum Vest・Tea,
8403,Regnum F Vest・Tea,
8404,Regnum FZ Vest・Tea,
8405,Regnum HS Vest・Tea,
8406,Regnum GS Vest・Tea,
8407,Regnum GP Vest・Tea,
8408,Regnum Suit・Tea,
8409,Regnum F Suit・Tea,
8410,Regnum FZ Suit・Tea,
8411,Regnum HS Suit・Tea,
8412,Regnum GS Suit・Tea,
8413,Regnum GP Suit・Tea,
8414,Marin Vest・Blue,
8415,Marin F Vest・Blue,
8416,Marin FZ Vest・Blue,
8417,Marin HS Vest・Blue,
8418,Marin GS Vest・Blue,
8419,Marin GP Vest・Blue,
8420,Marin Suit・Blue,
8421,Marin F Suit・Blue,
8422,Marin FZ Suit・Blue,
8423,Marin HS Suit・Blue,
8424,Marin GS Suit・Blue,
8425,Marin GP Suit・Blue,
8426,Marin Vest・Peach,
8427,Marin F Vest・Peach,
8428,Marin FZ Vest・Peach,
8429,Marin HS Vest・Peach,
8430,Marin GS Vest・Peach,
8431,Marin GP Vest・Peach,
8432,Marin Suit・Peach,
8433,Marin F Suit・Peach,
8434,Marin FZ Suit・Peach,
8435,Marin HS Suit・Peach,
8436,Marin GS Suit・Peach,
8437,Marin GP Suit・Peach,
8438,Marin Vest・White,
8439,Marin F Vest・White,
8440,Marin FZ Vest・White,
8441,Marin HS Vest・White,
8442,Marin GS Vest・White,
8443,Marin GP Vest・White,
8444,Marin Suit・White,
8445,Marin F Suit・White,
8446,Marin FZ Suit・White,
8447,Marin HS Suit・White,
8448,Marin GS Suit・White,
8449,Marin GP Suit・White,
8450,Marin Vest・Black,
8451,Marin F Vest・Black,
8452,Marin FZ Vest・Black,
8453,Marin HS Vest・Black,
8454,Marin GS Vest・Black,
8455,Marin GP Vest・Black,
8456,Marin Suit・Black,
8457,Marin F Suit・Black,
8458,Marin FZ Suit・Black,
8459,Marin HS Suit・Black,
8460,Marin GS Suit・Black,
8461,Marin GP Suit・Black,
8462,Reflet Mail・Blue,
8463,Reflet F Mail・Blue,
8464,Reflet FZ Mail・Blue,
8465,Reflet HS Mail・Blue,
8466,Reflet GS Mail・Blue,
8467,Reflet GP Mail・Blue,
8468,Reflet Suit・Blue,
8469,Reflet F Suit・Blue,
8470,Reflet FZ Suit・Blue,
8471,Reflet HS Suit・Blue,
8472,Reflet GS Suit・Blue,
8473,Reflet GP Suit・Blue,
8474,Reflet Mail・White,
8475,Reflet F Mail・White,
8476,Reflet FZ Mail・White,
8477,Reflet HS Mail・White,
8478,Reflet GS Mail・White,
8479,Reflet GP Mail・White,
8480,Reflet Suit・White,
8481,Reflet F Suit・White,
8482,Reflet FZ Suit・White,
8483,Reflet HS Suit・White,
8484,Reflet GS Suit・White,
8485,Reflet GP Suit・White,
8486,Reflet Mail・Red,
8487,Reflet F Mail・Red,
8488,Reflet FZ Mail・Red,
8489,Reflet HS Mail・Red,
8490,Reflet GS Mail・Red,
8491,Reflet GP Mail・Red,
8492,Reflet Suit・Red,
8493,Reflet F Suit・Red,
8494,Reflet FZ Suit・Red,
8495,Reflet HS Suit・Red,
8496,Reflet GS Suit・Red,
8497,Reflet GP Suit・Red,
8498,Reflet Mail・Black,
8499,Reflet F Mail・Black,
8500,Reflet FZ Mail・Black,
8501,Reflet HS Mail・Black,
8502,Reflet GS Mail・Black,
8503,Reflet GP Mail・Black,
8504,Reflet Suit・Black,
8505,Reflet F Suit・Black,
8506,Reflet FZ Suit・Black,
8507,Reflet HS Suit・Black,
8508,Reflet GS Suit・Black,
8509,Reflet GP Suit・Black,
8510,CE Kevlar BM Chest Blue,
8511,CE Kevlar F BM Chest Blue,
8512,CE Kevlar FZ BM Chest Blue,
8513,CE Kevlar HS BM Chest Blue,
8514,CE Kevlar GS BM Chest Blue,
8515,CE Kevlar GP BM Chest Blue,
8516,CE Kevlar GN Chest Blue,
8517,CE Kevlar F GN Chest Blue,
8518,CE Kevlar FZ GN Chest Blue,
8519,CE Kevlar HS GN Chest Blue,
8520,CE Kevlar GS GN Chest Blue,
8521,CE Kevlar GP GN Chest Blue,
8522,CE Kevlar BM Chest Red,
8523,CE Kevlar F BM Chest Red,
8524,CE Kevlar FZ BM Chest Red,
8525,CE Kevlar HS BM Chest Red,
8526,CE Kevlar GS BM Chest Red,
8527,CE Kevlar GP BM Chest Red,
8528,CE Kevlar GN Chest Red,
8529,CE Kevlar F GN Chest Red,
8530,CE Kevlar FZ GN Chest Red,
8531,CE Kevlar HS GN Chest Red,
8532,CE Kevlar GS GN Chest Red,
8533,CE Kevlar GP GN Chest Red,
8534,CE Kevlar BM Chest White,
8535,CE Kevlar F BM Chest White,
8536,CE Kevlar FZ BM Chest White,
8537,CE Kevlar HS BM Chest White,
8538,CE Kevlar GS BM Chest White,
8539,CE Kevlar GP BM Chest White,
8540,CE Kevlar GN Chest White,
8541,CE Kevlar F GN Chest White,
8542,CE Kevlar FZ GN Chest White,
8543,CE Kevlar HS GN Chest White,
8544,CE Kevlar GS GN Chest White,
8545,CE Kevlar GP GN Chest White,
8546,CE Kevlar BM Chest Black,
8547,CE Kevlar F BM Chest Black,
8548,CE Kevlar FZ BM Chest Black,
8549,CE Kevlar HS BM Chest Black,
8550,CE Kevlar GS BM Chest Black,
8551,CE Kevlar GP BM Chest Black,
8552,CE Kevlar GN Chest Black,
8553,CE Kevlar F GN Chest Black,
8554,CE Kevlar FZ GN Chest Black,
8555,CE Kevlar HS GN Chest Black,
8556,CE Kevlar GS GN Chest Black,
8557,CE Kevlar GP GN Chest Black,
8558,AB Layer BM Chest Red,
8559,AB Layer F BM Chest Red,
8560,AB Layer FZ BM Chest Red,
8561,AB Layer HS BM Chest Red,
8562,AB Layer GS BM Chest Red,
8563,AB Layer GP BM Chest Red,
8564,AB Layer 胴: Bow Red,
8565,AB Layer F胴: Bow Red,
8566,AB Layer FZ胴: Bow Red,
8567,AB Layer HS胴: Bow Red,
8568,AB Layer GS胴: Bow Red,
8569,AB Layer GP胴: Bow Red,
8570,AB Layer BM Chest Blue,
8571,AB Layer F BM Chest Blue,
8572,AB Layer FZ BM Chest Blue,
8573,AB Layer HS BM Chest Blue,
8574,AB Layer GS BM Chest Blue,
8575,AB Layer GP BM Chest Blue,
8576,AB Layer 胴: Bow Blue,
8577,AB Layer F胴: Bow Blue,
8578,AB Layer FZ胴: Bow Blue,
8579,AB Layer HS胴: Bow Blue,
8580,AB Layer GS胴: Bow Blue,
8581,AB Layer GP胴: Bow Blue,
8582,AB Layer BM Chest Black,
8583,AB Layer F BM Chest Black,
8584,AB Layer FZ BM Chest Black,
8585,AB Layer HS BM Chest Black,
8586,AB Layer GS BM Chest Black,
8587,AB Layer GP BM Chest Black,
8588,AB Layer 胴: Bow Black,
8589,AB Layer F胴: Bow Black,
8590,AB Layer FZ胴: Bow Black,
8591,AB Layer HS胴: Bow Black,
8592,AB Layer GS胴: Bow Black,
8593,AB Layer GP胴: Bow Black,
8594,AB Layer BM Chest White,
8595,AB Layer F BM Chest White,
8596,AB Layer FZ BM Chest White,
8597,AB Layer HS BM Chest White,
8598,AB Layer GS BM Chest White,
8599,AB Layer GP BM Chest White,
8600,AB Layer 胴: Bow White,
8601,AB Layer F胴: Bow White,
8602,AB Layer FZ胴: Bow White,
8603,AB Layer HS胴: Bow White,
8604,AB Layer GS胴: Bow White,
8605,AB Layer GP胴: Bow White,
8606,Bronte Vest,
8607,Bronte F Vest,
8608,Bronte FZ Vest,
8609,Bronte HS Vest,
8610,Bronte GS Vest,
8611,Bronte GP Vest,
8612,Bronte Suit,
8613,Bronte F Suit,
8614,Bronte FZ Suit,
8615,Bronte HS Suit,
8616,Bronte GS Suit,
8617,Bronte GP Suit,
8618,Solene Vest,
8619,Solene F Vest,
8620,Solene FZ Vest,
8621,Solene HS Vest,
8622,Solene GS Vest,
8623,Solene GP Vest,
8624,Solene Suit,
8625,Solene F Suit,
8626,Solene FZ Suit,
8627,Solene HS Suit,
8628,Solene GS Suit,
8629,Solene GP Suit,
8630,Lapine Suit,
8631,Lapine F Suit,
8632,Lapine FZ Suit,
8633,Lapine HS Suit,
8634,Lapine GS Suit,
8635,Lapine GP Suit,
8636,Lapine Vest,
8637,Lapine F Vest,
8638,Lapine FZ Vest,
8639,Lapine HS Vest,
8640,Lapine GS Vest,
8641,Lapine GP Vest,
8642,Magos GP Mail・Yellow,
8643,Magos GP Suit・Yellow,
8644,Magos GP Mail・Red,
8645,Magos GP Suit・Red,
8646,Magos GP Mail・Water,
8647,Magos GP Suit・Water,
8648,Magos GP Mail・Blue,
8649,Magos GP Suit・Blue,
8650,Yukumo ノドウギ・Heaven,
8651,Yukumo ノドウギG・Heaven,
8652,Yukumo ノドウギGF・Heaven,
8653,Yukumo ノドウギGX・Heaven,
8654,Furogada G Mail,
8655,Furogada GF Mail,
8656,Furogada GX Mail,
8657,Yukumo ノドウギ・Earth,
8658,Yukumo ノドウギG・Earth,
8659,Yukumo ノドウギGF・Earth,
8660,Yukumo ノドウギGX・Earth,
8661,Furogada G Vest,
8662,Furogada GF Vest,
8663,Furogada GX Vest,
8664,ダミー,
8665,ダミー,
8666,ダミー,
8667,ダミー,
8668,Rance G Jacket,
8669,Rance GF Jacket,
8670,Rance GX Jacket,
8671,ダミー,
8672,ダミー,
8673,ダミー,
8674,ダミー,
8675,Rance G Suit,
8676,Rance GF Suit,
8677,Rance GX Suit,
8678,Meirida Mail,
8679,Meirida F Mail,
8680,Meirida FY Mail,
8681,Meirida HS Mail,
8682,Meirida G Mail,
8683,Meirida GF Mail,
8684,Meirida GX Mail,
8685,Meirida Vest,
8686,Meirida F Vest,
8687,Meirida FY Vest,
8688,Meirida HS Vest,
8689,Meirida G Vest,
8690,Meirida GF Vest,
8691,Meirida GX Vest,
8692,Maaden Mail,
8693,Maaden F Mail,
8694,Maaden FY Mail,
8695,Maaden HS Mail,
8696,Maaden G Mail,
8697,Maaden GF Mail,
8698,Maaden GX Mail,
8699,Maaden Vest,
8700,Maaden F Vest,
8701,Maaden FY Vest,
8702,Maaden HS Vest,
8703,Maaden G Vest,
8704,Maaden GF Vest,
8705,Maaden GX Vest,
8706,Kosho 【 Haori 】,
8707,Kosho F【 Haori 】,
8708,Kosho FY【 Haori 】,
8709,Kosho HS【 Haori 】,
8710,Kosho G【 Haori 】,
8711,Kosho GF【 Haori 】,
8712,Kosho GX【 Haori 】,
8713,Koro [Haori 】,
8714,Koro F [Haori 】,
8715,Koro FY [Haori 】,
8716,Koro HS [Haori 】,
8717,Koro G [Haori 】,
8718,Koro GF [Haori 】,
8719,Koro GX [Haori 】,
8720,Abuyado Mail,
8721,Abuyado F Mail,
8722,Abuyado FY Mail,
8723,Abuyado HS Mail,
8724,Abuyado G Mail,
8725,Abuyado GF Mail,
8726,Abuyado GX Mail,
8727,Abuyado Vest,
8728,Abuyado F Vest,
8729,Abuyado FY Vest,
8730,Abuyado HS Vest,
8731,Abuyado G Vest,
8732,Abuyado GF Vest,
8733,Abuyado GX Vest,
8734,Gorukku Vest,
8735,Gorukku F Vest,
8736,Gorukku FY Vest,
8737,Gorukku HS Vest,
8738,Gorukku G Vest,
8739,Gorukku GF Vest,
8740,Gorukku GX Vest,
8741,Gorukku Suit,
8742,Gorukku F Suit,
8743,Gorukku FY Suit,
8744,Gorukku HS Suit,
8745,Gorukku G Suit,
8746,Gorukku GF Suit,
8747,Gorukku GX Suit,
8748,Shimashima Vest,
8749,Shimashima F Vest,
8750,Shimashima FY Vest,
8751,Shimashima HS Vest,
8752,Shimashima G Vest,
8753,Shimashima GF Vest,
8754,Shimashima GX Vest,
8755,Shimashima Suit,
8756,Shimashima F Suit,
8757,Shimashima FY Suit,
8758,Shimashima HS Suit,
8759,Shimashima G Suit,
8760,Shimashima GF Suit,
8761,Shimashima GX Suit,
8762,Rath Duo FY Mail,
8763,Rath Duo HS Mail,
8764,Rath Duo G Mail,
8765,Rath Duo GF Mail,
8766,Rath Duo GX Mail,
8767,Rath Duo FY Vest,
8768,Rath Duo HS Vest,
8769,Rath Duo G Vest,
8770,Rath Duo GF Vest,
8771,Rath Duo GX Vest,
8772,Tandress HS Mail,
8773,Tandress G Mail,
8774,Tandress GF Mail,
8775,Tandress GX Mail,
8776,Tandress HS Vest,
8777,Tandress G Vest,
8778,Tandress GF Vest,
8779,Tandress GX Vest,
8780,Ranvuo Mail,
8781,Ranvuo F Mail,
8782,Ranvuo FY Mail,
8783,Ranvuo HS Mail,
8784,Ranvuo G Mail,
8785,Ranvuo GF Mail,
8786,Ranvuo GX Mail,
8787,Ranvuo Vest,
8788,Ranvuo F Vest,
8789,Ranvuo FY Vest,
8790,Ranvuo HS Vest,
8791,Ranvuo G Vest,
8792,Ranvuo GF Vest,
8793,Ranvuo GX Vest,
8794,Nyui Mail,
8795,Nyui F Mail,
8796,Nyui FY Mail,
8797,Nyui HS Mail,
8798,Nyui G Mail,
8799,Nyui GF Mail,
8800,Nyui GX Mail,
8801,Nyui Vest,
8802,Nyui F Vest,
8803,Nyui FY Vest,
8804,Nyui HS Vest,
8805,Nyui G Vest,
8806,Nyui GF Vest,
8807,Nyui GX Vest,
8808,ダミー,
8809,ダミー,
8810,ダミー,
8811,ダミー,
8812,Nympha G Mail,
8813,Nympha GF Mail,
8814,Nympha GX Mail,
8815,ダミー,
8816,ダミー,
8817,ダミー,
8818,ダミー,
8819,Nympha G Vest,
8820,Nympha GF Vest,
8821,Nympha GX Vest,
8822,Harudo GX Mail,
8823,Harudo GX Vest,
8824,Gureado GX Mail,
8825,Gureado GX Vest,
8826,Pics GP Vest・Green,
8827,Pics GP Suit・Green,
8828,Pics GP Vest・Purple,
8829,Pics GP Suit・Purple,
8830,Pics GP Vest・Black,
8831,Pics GP Suit・Black,
8832,Pics GP Vest・Water,
8833,Pics GP Suit・Water,
8834,ダミー,
8835,ダミー,
8836,ファミ通TシャツHS,
8837,ファミ通TシャツGS,
8838,Smart HS Vest,
8839,Smart GS Vest,
8840,Gasura Mail,
8841,Gasura F Mail,
8842,Gasura FX Mail,
8843,Gasura G Mail,
8844,Gasura GF Mail,
8845,Gasura GX Mail,
8846,Gasura Vest,
8847,Gasura F Vest,
8848,Gasura FX Vest,
8849,Gasura G Vest,
8850,Gasura GF Vest,
8851,Gasura GX Vest,
8852,Wrath G【胴当て】,
8853,Wrath GF【胴当て】,
8854,Wrath GX【胴当て】,
8855,Anger G【胴当て】,
8856,Anger GF【胴当て】,
8857,Anger GX【胴当て】,
8858,Abi G Mail,
8859,Abi GF Mail,
8860,Abi GX Mail,
8861,Abi G Vest,
8862,Abi GF Vest,
8863,Abi GX Vest,
8864,Zinogre Mail,
8865,Zinogre G Mail,
8866,Zinogre GF Mail,
8867,Zinogre GX Mail,
8868,Zinogre Vest,
8869,Zinogre G Vest,
8870,Zinogre GF Vest,
8871,Zinogre GX Vest,
8872,Gania Vest・Red,
8873,Gania F Vest・Red,
8874,Gania FZ Vest・Red,
8875,Gania HS Vest・Red,
8876,Gania GS Vest・Red,
8877,Gania GP Vest・Red,
8878,Gania Suit・Red,
8879,Gania F Suit・Red,
8880,Gania FZ Suit・Red,
8881,Gania HS Suit・Red,
8882,Gania GS Suit・Red,
8883,Gania GP Suit・Red,
8884,Gania Vest・Blue,
8885,Gania F Vest・Blue,
8886,Gania FZ Vest・Blue,
8887,Gania HS Vest・Blue,
8888,Gania GS Vest・Blue,
8889,Gania GP Vest・Blue,
8890,Gania Suit・Blue,
8891,Gania F Suit・Blue,
8892,Gania FZ Suit・Blue,
8893,Gania HS Suit・Blue,
8894,Gania GS Suit・Blue,
8895,Gania GP Suit・Blue,
8896,Gania Vest・Tea,
8897,Gania F Vest・Tea,
8898,Gania FZ Vest・Tea,
8899,Gania HS Vest・Tea,
8900,Gania GS Vest・Tea,
8901,Gania GP Vest・Tea,
8902,Gania Suit・Tea,
8903,Gania F Suit・Tea,
8904,Gania FZ Suit・Tea,
8905,Gania HS Suit・Tea,
8906,Gania GS Suit・Tea,
8907,Gania GP Suit・Tea,
8908,Gania Vest・Purple,
8909,Gania F Vest・Purple,
8910,Gania FZ Vest・Purple,
8911,Gania HS Vest・Purple,
8912,Gania GS Vest・Purple,
8913,Gania GP Vest・Purple,
8914,Gania Suit・Purple,
8915,Gania F Suit・Purple,
8916,Gania FZ Suit・Purple,
8917,Gania HS Suit・Purple,
8918,Gania GS Suit・Purple,
8919,Gania GP Suit・Purple,
8920,Dinato Mail,
8921,Dinato F Mail,
8922,Dinato FZ Mail,
8923,Dinato HS Mail,
8924,Dinato GS Mail,
8925,Dinato GP Mail,
8926,Dinato Vest,
8927,Dinato F Vest,
8928,Dinato FZ Vest,
8929,Dinato HS Vest,
8930,Dinato GS Vest,
8931,Dinato GP Vest,
8932,Duque Mail,
8933,Duque F Mail,
8934,Duque FZ Mail,
8935,Duque HS Mail,
8936,Duque GS Mail,
8937,Duque GP Mail,
8938,Duque Vest,
8939,Duque F Vest,
8940,Duque FZ Vest,
8941,Duque HS Vest,
8942,Duque GS Vest,
8943,Duque GP Vest,
8944,Granu Mail,
8945,Granu F Mail,
8946,Granu FZ Mail,
8947,Granu HS Mail,
8948,Granu GS Mail,
8949,Granu GP Mail,
8950,Granu Vest,
8951,Granu F Vest,
8952,Granu FZ Vest,
8953,Granu HS Vest,
8954,Granu GS Vest,
8955,Granu GP Vest,
8956,Plug Suit:01,
8957,Plug F Suit:01,
8958,Plug FZ Suit:01,
8959,Plug HS Suit:01,
8960,Plug GS Suit:01,
8961,Plug GP Suit:01,
8962,Plug Vest:01,
8963,Plug F Vest:01,
8964,Plug FZ Vest:01,
8965,Plug HS Vest:01,
8966,Plug GS Vest:01,
8967,Plug GP Vest:01,
8968,Plug Suit:00,
8969,Plug F Suit:00,
8970,Plug FZ Suit:00,
8971,Plug HS Suit:00,
8972,Plug GS Suit:00,
8973,Plug GP Suit:00,
8974,Plug Vest:00,
8975,Plug F Vest:00,
8976,Plug FZ Vest:00,
8977,Plug HS Vest:00,
8978,Plug GS Vest:00,
8979,Plug GP Vest:00,
8980,Unit-01 Suit,
8981,Unit-01 F Suit,
8982,Unit-01 FZ Suit,
8983,Unit-01 HS Suit,
8984,Unit-01 GS Suit,
8985,Unit-01 GP Suit,
8986,Unit-01 Vest,
8987,Unit-01 F Vest,
8988,Unit-01 FZ Vest,
8989,Unit-01 HS Vest,
8990,Unit-01 GS Vest,
8991,Unit-01 GP Vest,
8992,Unit-00 Suit,
8993,Unit-00 F Suit,
8994,Unit-00 FZ Suit,
8995,Unit-00 HS Suit,
8996,Unit-00 GS Suit,
8997,Unit-00 GP Suit,
8998,Unit-00 Vest,
8999,Unit-00 F Vest,
9000,Unit-00 FZ Vest,
9001,Unit-00 HS Vest,
9002,Unit-00 GS Vest,
9003,Unit-00 GP Vest,
9004,Dusk Suit・Red,
9005,Dusk F Suit・Red,
9006,Dusk FZ Suit・Red,
9007,Dusk HS Suit・Red,
9008,Dusk GS Suit・Red,
9009,Dusk GP Suit・Red,
9010,Dusk Vest・Red,
9011,Dusk F Vest・Red,
9012,Dusk FZ Vest・Red,
9013,Dusk HS Vest・Red,
9014,Dusk GS Vest・Red,
9015,Dusk GP Vest・Red,
9016,Dusk Suit・White,
9017,Dusk F Suit・White,
9018,Dusk FZ Suit・White,
9019,Dusk HS Suit・White,
9020,Dusk GS Suit・White,
9021,Dusk GP Suit・White,
9022,Dusk Vest・White,
9023,Dusk F Vest・White,
9024,Dusk FZ Vest・White,
9025,Dusk HS Vest・White,
9026,Dusk GS Vest・White,
9027,Dusk GP Vest・White,
9028,Dusk Suit・Peach,
9029,Dusk F Suit・Peach,
9030,Dusk FZ Suit・Peach,
9031,Dusk HS Suit・Peach,
9032,Dusk GS Suit・Peach,
9033,Dusk GP Suit・Peach,
9034,Dusk Vest・Peach,
9035,Dusk F Vest・Peach,
9036,Dusk FZ Vest・Peach,
9037,Dusk HS Vest・Peach,
9038,Dusk GS Vest・Peach,
9039,Dusk GP Vest・Peach,
9040,Dusk Suit・Blue,
9041,Dusk F Suit・Blue,
9042,Dusk FZ Suit・Blue,
9043,Dusk HS Suit・Blue,
9044,Dusk GS Suit・Blue,
9045,Dusk GP Suit・Blue,
9046,Dusk Vest・Blue,
9047,Dusk F Vest・Blue,
9048,Dusk FZ Vest・Blue,
9049,Dusk HS Vest・Blue,
9050,Dusk GS Vest・Blue,
9051,Dusk GP Vest・Blue,
9052,トイスト Mail,
9053,トイストF Mail,
9054,トイストFZ Mail,
9055,トイストHS Mail,
9056,トイストGS Mail,
9057,トイストGP Mail,
9058,トイスト Vest,
9059,トイストF Vest,
9060,トイストFZ Vest,
9061,トイストHS Vest,
9062,トイストGS Vest,
9063,トイストGP Vest,
9064,Nekodan Suit,
9065,Nekodan F Suit,
9066,Nekodan FZ Suit,
9067,Nekodan HS Suit,
9068,Nekodan GS Suit,
9069,Nekodan GP Suit,
9070,Aelucanth Thorax,
9071,Aelucanth G Thorax,
9072,Aelucanth GF Thorax,
9073,Aelucanth GX Thorax,
9074,Aelucanth ペクトス,
9075,Aelucanth Gペクトス,
9076,Aelucanth GFペクトス,
9077,Aelucanth GXペクトス,
9078,Rhopessa Thorax,
9079,Rhopessa G Thorax,
9080,Rhopessa GF Thorax,
9081,Rhopessa GX Thorax,
9082,Rhopessa ペクトス,
9083,Rhopessa Gペクトス,
9084,Rhopessa GFペクトス,
9085,Rhopessa GXペクトス,
9086,Riaruo G Mail,
9087,Riaruo GF Mail,
9088,Riaruo GX Mail,
9089,Riaruo G Vest,
9090,Riaruo GF Vest,
9091,Riaruo GX Vest,
9092,Ordre Mail,
9093,Ordre F Mail,
9094,Ordre FY Mail,
9095,Ordre HS Mail,
9096,Ordre G Mail,
9097,Ordre GF Mail,
9098,Ordre GX Mail,
9099,Ordre Vest,
9100,Ordre F Vest,
9101,Ordre FY Vest,
9102,Ordre HS Vest,
9103,Ordre G Vest,
9104,Ordre GF Vest,
9105,Ordre GX Vest,
9106,Cheni Mail,
9107,Cheni F Mail,
9108,Cheni FY Mail,
9109,Cheni HS Mail,
9110,Cheni G Mail,
9111,Cheni GF Mail,
9112,Cheni GX Mail,
9113,Cheni Vest,
9114,Cheni F Vest,
9115,Cheni FY Vest,
9116,Cheni HS Vest,
9117,Cheni G Vest,
9118,Cheni GF Vest,
9119,Cheni GX Vest,
9120,Miniomu Mail,
9121,Miniomu F Mail,
9122,Miniomu FY Mail,
9123,Miniomu HS Mail,
9124,Miniomu G Mail,
9125,Miniomu GF Mail,
9126,Miniomu GX Mail,
9127,Miniomu Vest,
9128,Miniomu F Vest,
9129,Miniomu FY Vest,
9130,Miniomu HS Vest,
9131,Miniomu G Vest,
9132,Miniomu GF Vest,
9133,Miniomu GX Vest,
9134,Once Mail,
9135,Once F Mail,
9136,Once FY Mail,
9137,Once HS Mail,
9138,Once G Mail,
9139,Once GF Mail,
9140,Once GX Mail,
9141,Once Vest,
9142,Once F Vest,
9143,Once FY Vest,
9144,Once HS Vest,
9145,Once G Vest,
9146,Once GF Vest,
9147,Once GX Vest,
9148,Kurai 【胴当て】,
9149,Kurai F【胴当て】,
9150,Kurai FX【胴当て】,
9151,Kurai G【胴当て】,
9152,Kurai GF【胴当て】,
9153,Kurai GX【胴当て】,
9154,Kurai 【胴当て】,
9155,Kurai F【胴当て】,
9156,Kurai FX【胴当て】,
9157,Kurai G【胴当て】,
9158,Kurai GF【胴当て】,
9159,Kurai GX【胴当て】,
9160,Monodevil G Mail,
9161,Monodevil GF Mail,
9162,Monodevil GX Mail,
9163,Monodevil G Vest,
9164,Monodevil GF Vest,
9165,Monodevil GX Vest,
9166,Black Diablos G Mail,
9167,Black Diablos GF Mail,
9168,Black Diablos GX Mail,
9169,Black Diablos G Vest,
9170,Black Diablos GF Vest,
9171,Black Diablos GX Vest,
9172,Wadatsumi GX [Chestplate 】,
9173,Okami GX [Chestplate 】,
9174,Odiva GX Mail,
9175,Odiva GX Vest,
9176,Elegance GX【胴当て】,
9177,Grace GX【胴当て】,
9178,Vangis Mail,
9179,Vangis G Mail,
9180,Vangis GF Mail,
9181,Vangis GX Mail,
9182,Vangis Vest,
9183,Vangis G Vest,
9184,Vangis GF Vest,
9185,Vangis GX Vest,
9186,Shiruti Mail,
9187,Shiruti F Mail,
9188,Shiruti FZ Mail,
9189,Shiruti HS Mail,
9190,Shiruti GS Mail,
9191,Shiruti GP Mail,
9192,Shiruti Vest,
9193,Shiruti F Vest,
9194,Shiruti FZ Vest,
9195,Shiruti HS Vest,
9196,Shiruti GS Vest,
9197,Shiruti GP Vest,
9198,Brachy Mail,
9199,Brachy G Mail,
9200,Brachy GF Mail,
9201,Brachy GX Mail,
9202,Brachy Vest,
9203,Brachy G Vest,
9204,Brachy GF Vest,
9205,Brachy GX Vest,
9206,Torid Mail,
9207,Torid F Mail,
9208,Torid FX Mail,
9209,Torid G Mail,
9210,Torid GF Mail,
9211,Torid GX Mail,
9212,Torid Vest,
9213,Torid F Vest,
9214,Torid FX Vest,
9215,Torid G Vest,
9216,Torid GF Vest,
9217,Torid GX Vest,
9218,Lightning G【胴当て】,
9219,Lightning GF【胴当て】,
9220,Lightning GX【胴当て】,
9221,Thunder G【胴当て】,
9222,Thunder GF【胴当て】,
9223,Thunder GX【胴当て】,
9224,B.Espinas G Muscle,
9225,B.Espinas GF Muscle,
9226,B.Espinas GX Muscle,
9227,B.Espinas G Heart,
9228,B.Espinas GF Heart,
9229,B.Espinas GX Heart,
9230,Red Volga G Mail,
9231,Red Volga GF Mail,
9232,Red Volga GX Mail,
9233,Red Volga G Vest,
9234,Red Volga GF Vest,
9235,Red Volga GX Vest,
9236,Ravi G Mail:Berserk,
9237,Ravi GF Mail:Berserk,
9238,Ravi GX Mail:Berserk,
9239,Ravi G Vest:Berserk,
9240,Ravi GF Vest:Berserk,
9241,Ravi GX Vest:Berserk,
9242,Ravi Mail:Violent,
9243,Ravi HS Mail:Violent,
9244,Ravi G Mail:Violent,
9245,Ravi GF Mail:Violent,
9246,Ravi GX Mail:Violent,
9247,Ravi Vest:Violent,
9248,Ravi HS Vest:Violent,
9249,Ravi G Vest:Violent,
9250,Ravi GF Vest:Violent,
9251,Ravi GX Vest:Violent,
9252,Raviente G Mail,
9253,Raviente GF Mail,
9254,Raviente GX Mail,
9255,Raviente G Vest,
9256,Raviente GF Vest,
9257,Raviente GX Vest,
9258,White Hypnoc G Mail,
9259,White Hypnoc GF Mail,
9260,White Hypnoc GX Mail,
9261,White Hypnoc G Vest,
9262,White Hypnoc GF Vest,
9263,White Hypnoc GX Vest,
9264,Vichi Mail,
9265,Vichi F Mail,
9266,Vichi FZ Mail,
9267,Vichi HS Mail,
9268,Vichi GS Mail,
9269,Vichi GP Mail,
9270,Vichi Vest,
9271,Vichi F Vest,
9272,Vichi FZ Vest,
9273,Vichi HS Vest,
9274,Vichi GS Vest,
9275,Vichi GP Vest,
9276,Guild Bard Suit,
9277,Guild Bard G Suit,
9278,Guild Bard GF Suit,
9279,Guild Bard GX Suit,
9280,Guild Bard Vest,
9281,Guild Bard G Vest,
9282,Guild Bard GF Vest,
9283,Guild Bard GX Vest,
9284,Scholar Suit,
9285,Scholar G Suit,
9286,Scholar GF Suit,
9287,Scholar GX Suit,
9288,Scholar Vest,
9289,Scholar G Vest,
9290,Scholar GF Vest,
9291,Scholar GX Vest,
9292,Amistad Mail・Black,
9293,Amistad F Mail・Black,
9294,Amistad FZ Mail・Black,
9295,Amistad HS Mail・Black,
9296,Amistad GS Mail・Black,
9297,Amistad GP Mail・Black,
9298,Amistad Suit・Black,
9299,Amistad F Suit・Black,
9300,Amistad FZ Suit・Black,
9301,Amistad HS Suit・Black,
9302,Amistad GS Suit・Black,
9303,Amistad GP Suit・Black,
9304,Amistad Mail・White,
9305,Amistad F Mail・White,
9306,Amistad FZ Mail・White,
9307,Amistad HS Mail・White,
9308,Amistad GS Mail・White,
9309,Amistad GP Mail・White,
9310,Amistad Suit・White,
9311,Amistad F Suit・White,
9312,Amistad FZ Suit・White,
9313,Amistad HS Suit・White,
9314,Amistad GS Suit・White,
9315,Amistad GP Suit・White,
9316,Amistad Mail・Blue,
9317,Amistad F Mail・Blue,
9318,Amistad FZ Mail・Blue,
9319,Amistad HS Mail・Blue,
9320,Amistad GS Mail・Blue,
9321,Amistad GP Mail・Blue,
9322,Amistad Suit・Blue,
9323,Amistad F Suit・Blue,
9324,Amistad FZ Suit・Blue,
9325,Amistad HS Suit・Blue,
9326,Amistad GS Suit・Blue,
9327,Amistad GP Suit・Blue,
9328,Amistad Mail・Crimson,
9329,Amistad F Mail・Crimson,
9330,Amistad FZ Mail・Crimson,
9331,Amistad HS Mail・Crimson,
9332,Amistad GS Mail・Crimson,
9333,Amistad GP Mail・Crimson,
9334,Amistad Suit・Crimson,
9335,Amistad F Suit・Crimson,
9336,Amistad FZ Suit・Crimson,
9337,Amistad HS Suit・Crimson,
9338,Amistad GS Suit・Crimson,
9339,Amistad GP Suit・Crimson,
9340,Plug Suit:06,
9341,Plug F Suit:06,
9342,Plug FZ Suit:06,
9343,Plug HS Suit:06,
9344,Plug GS Suit:06,
9345,Plug GP Suit:06,
9346,Plug Vest:06,
9347,Plug F Vest:06,
9348,Plug FZ Vest:06,
9349,Plug HS Vest:06,
9350,Plug GS Vest:06,
9351,Plug GP Vest:06,
9352,Plug Suit:02,
9353,Plug F Suit:02,
9354,Plug FZ Suit:02,
9355,Plug HS Suit:02,
9356,Plug GS Suit:02,
9357,Plug GP Suit:02,
9358,Plug Vest:02,
9359,Plug F Vest:02,
9360,Plug FZ Vest:02,
9361,Plug HS Vest:02,
9362,Plug GS Vest:02,
9363,Plug GP Vest:02,
9364,Mark.06 Suit,
9365,Mark.06F Suit,
9366,Mark.06FZ Suit,
9367,Mark.06HS Suit,
9368,Mark.06GS Suit,
9369,Mark.06GP Suit,
9370,Mark.06 Vest,
9371,Mark.06F Vest,
9372,Mark.06FZ Vest,
9373,Mark.06HS Vest,
9374,Mark.06GS Vest,
9375,Mark.06GP Vest,
9376,Unit-02 Suit,
9377,Unit-02 F Suit,
9378,Unit-02 FZ Suit,
9379,Unit-02 HS Suit,
9380,Unit-02 GS Suit,
9381,Unit-02 GP Suit,
9382,Unit-02 Vest,
9383,Unit-02 F Vest,
9384,Unit-02 FZ Vest,
9385,Unit-02 HS Vest,
9386,Unit-02 GS Vest,
9387,Unit-02 GP Vest,
9388,Kaila Mail,
9389,Kaila F Mail,
9390,Kaila FZ Mail,
9391,Kaila HS Mail,
9392,Kaila GS Mail,
9393,Kaila GP Mail,
9394,Kaila Suit,
9395,Kaila F Suit,
9396,Kaila FZ Suit,
9397,Kaila HS Suit,
9398,Kaila GS Suit,
9399,Kaila GP Suit,
9400,ダミー,
9401,ダミー,
9402,ダミー,
9403,ダミー,
9404,ダミー,
9405,ダミー,
9406,Otono Jacket,
9407,Otono F Jacket,
9408,Otono FY Jacket,
9409,Otono HS Jacket,
9410,Otono G Jacket,
9411,Otono GF Jacket,
9412,Otono GX Jacket,
9413,Kabariba Mail,
9414,Kabariba F Mail,
9415,Kabariba FY Mail,
9416,Kabariba HS Mail,
9417,Kabariba G Mail,
9418,Kabariba GF Mail,
9419,Kabariba GX Mail,
9420,Kabariba Vest,
9421,Kabariba F Vest,
9422,Kabariba FY Vest,
9423,Kabariba HS Vest,
9424,Kabariba G Vest,
9425,Kabariba GF Vest,
9426,Kabariba GX Vest,
9427,Toruboda Mail,
9428,Toruboda F Mail,
9429,Toruboda FY Mail,
9430,Toruboda HS Mail,
9431,Toruboda G Mail,
9432,Toruboda GF Mail,
9433,Toruboda GX Mail,
9434,Toruboda Vest,
9435,Toruboda F Vest,
9436,Toruboda FY Vest,
9437,Toruboda HS Vest,
9438,Toruboda G Vest,
9439,Toruboda GF Vest,
9440,Toruboda GX Vest,
9441,Orykto Mail,
9442,Orykto F Mail,
9443,Orykto FY Mail,
9444,Orykto HS Mail,
9445,Orykto Vest,
9446,Orykto F Vest,
9447,Orykto FY Vest,
9448,Orykto HS Vest,
9449,Reuasu G Mail,
9450,Reuasu GF Mail,
9451,Reuasu GX Mail,
9452,Reuasu G Vest,
9453,Reuasu GF Vest,
9454,Reuasu GX Vest,
9455,Harimeno Mail,
9456,Harimeno F Mail,
9457,Harimeno FY Mail,
9458,Harimeno HS Mail,
9459,Harimeno G Mail,
9460,Harimeno GF Mail,
9461,Harimeno GX Mail,
9462,Harimeno Vest,
9463,Harimeno F Vest,
9464,Harimeno FY Vest,
9465,Harimeno HS Vest,
9466,Harimeno G Vest,
9467,Harimeno GF Vest,
9468,Harimeno GX Vest,
9469,Shiusu G Jacket,
9470,Shiusu GF Jacket,
9471,Shiusu GX Jacket,
9472,Shiusu G Suit,
9473,Shiusu GF Suit,
9474,Shiusu GX Suit,
9475,Barioth Mail,
9476,Barioth G Mail,
9477,Barioth GF Mail,
9478,Barioth GX Mail,
9479,Barioth Vest,
9480,Barioth G Vest,
9481,Barioth GF Vest,
9482,Barioth GX Vest,
9483,Will G Mail,
9484,Will GF Mail,
9485,Will GX Mail,
9486,Will G Vest,
9487,Will GF Vest,
9488,Will GX Vest,
9489,Keisu Mail,
9490,Keisu F Mail,
9491,Keisu FY Mail,
9492,Keisu HS Mail,
9493,Keisu G Mail,
9494,Keisu GF Mail,
9495,Keisu GX Mail,
9496,Keisu Vest,
9497,Keisu F Vest,
9498,Keisu FY Vest,
9499,Keisu HS Vest,
9500,Keisu G Vest,
9501,Keisu GF Vest,
9502,Keisu GX Vest,
9503,Lumiere Mail,
9504,Lumiere F Mail,
9505,Lumiere FY Mail,
9506,Lumiere HS Mail,
9507,Lumiere G Mail,
9508,Lumiere GF Mail,
9509,Lumiere GX Mail,
9510,Lumiere Vest,
9511,Lumiere F Vest,
9512,Lumiere FY Vest,
9513,Lumiere HS Vest,
9514,Lumiere G Vest,
9515,Lumiere GF Vest,
9516,Lumiere GX Vest,
9517,Cleora Mail,
9518,Cleora F Mail,
9519,Cleora FY Mail,
9520,Cleora HS Mail,
9521,Cleora G Mail,
9522,Cleora GF Mail,
9523,Cleora GX Mail,
9524,Cleora Vest,
9525,Cleora F Vest,
9526,Cleora FY Vest,
9527,Cleora HS Vest,
9528,Cleora G Vest,
9529,Cleora GF Vest,
9530,Cleora GX Vest,
9531,Doragyurosu G Mail,
9532,Doragyurosu GF Mail,
9533,Doragyurosu GX Mail,
9534,Doragyurosu G Vest,
9535,Doragyurosu GF Vest,
9536,Doragyurosu GX Vest,
9537,Wind GX Diru,
9538,Wind GXバダル,
9539,Meraginasu GX Mail,
9540,Meraginasu GX Vest,
9541,Pobo GX Mail,
9542,Pobo GX Vest,
9543,Toa Mail,
9544,Toa F Mail,
9545,Toa FX Mail,
9546,Toa G Mail,
9547,Toa GF Mail,
9548,Toa GX Mail,
9549,Toa Vest,
9550,Toa F Vest,
9551,Toa FX Vest,
9552,Toa G Vest,
9553,Toa GF Vest,
9554,Toa GX Vest,
9555,Blue Kut Ku G Mail,
9556,Blue Kut Ku GF Mail,
9557,Blue Kut Ku GX Mail,
9558,Blue Kut Ku G Vest,
9559,Blue Kut Ku GF Vest,
9560,Blue Kut Ku GX Vest,
9561,Dreadrock G【胴当て】,
9562,Dreadrock GF【胴当て】,
9563,Dreadrock GX【胴当て】,
9564,Redrock G【胴当て】,
9565,Redrock GF【胴当て】,
9566,Redrock GX【胴当て】,
9567,Cielo Mail,
9568,Cielo F Mail,
9569,Cielo FZ Mail,
9570,Cielo HS Mail,
9571,Cielo GS Mail,
9572,Cielo GP Mail,
9573,Cielo Suit,
9574,Cielo F Suit,
9575,Cielo FZ Suit,
9576,Cielo HS Suit,
9577,Cielo GS Suit,
9578,Cielo GP Suit,
9579,Gagachu Vest,
9580,Gagachu F Vest,
9581,Gagachu FZ Vest,
9582,Gagachu HS Vest,
9583,Gagachu GS Vest,
9584,Gagachu GP Vest,
9585,Gagachu Suit,
9586,Gagachu F Suit,
9587,Gagachu FZ Suit,
9588,Gagachu HS Suit,
9589,Gagachu GS Suit,
9590,Gagachu GP Suit,
9591,Salta Mail,
9592,Salta F Mail,
9593,Salta FZ Mail,
9594,Salta HS Mail,
9595,Salta GS Mail,
9596,Salta GP Mail,
9597,Salta Suit,
9598,Salta F Suit,
9599,Salta FZ Suit,
9600,Salta HS Suit,
9601,Salta GS Suit,
9602,Salta GP Suit,
9603,Chiru G Jacket,
9604,Chiru GF Jacket,
9605,Chiru GX Jacket,
9606,Chiru G Suit,
9607,Chiru GF Suit,
9608,Chiru GX Suit,
9609,Ganeto G Jacket,
9610,Ganeto GF Jacket,
9611,Ganeto GX Jacket,
9612,Ganeto G Suit,
9613,Ganeto GF Suit,
9614,Ganeto GX Suit,
9615,Chiyo Shozoku,
9616,Chiyo Shozoku F,
9617,Chiyo Shozoku FZ,
9618,Chiyo Shozoku HS,
9619,Chiyo Shozoku GS,
9620,Chiyo Shozoku GP,
9621,Chiyo Cloth,
9622,Chiyo Cloth F,
9623,Chiyo Cloth FZ,
9624,Chiyo Cloth HS,
9625,Chiyo Cloth GS,
9626,Chiyo Cloth GP,
9627,Uragaan Mail,
9628,Uragaan G Mail,
9629,Uragaan GF Mail,
9630,Uragaan GX Mail,
9631,Uragaan Vest,
9632,Uragaan G Vest,
9633,Uragaan GF Vest,
9634,Uragaan GX Vest,
9635,Onyx Mail,
9636,Onyx F Mail,
9637,Onyx FX Mail,
9638,Rutile Mail,
9639,Rutile F Mail,
9640,Rutile FX Mail,
9641,Byakko・斬将G Mail,
9642,Byakko・斬将GF Mail,
9643,Byakko・斬将GX Mail,
9644,Suzaku・斬将G Mail,
9645,Suzaku・斬将GF Mail,
9646,Suzaku・斬将GX Mail,
9647,Genbu・斬将G Mail,
9648,Genbu・斬将GF Mail,
9649,Genbu・斬将GX Mail,
9650,Seiryu・斬将G Mail,
9651,Seiryu・斬将GF Mail,
9652,Seiryu・斬将GX Mail,
9653,White 蘭・斬将 Mail,
9654,White 蘭・斬将F Mail,
9655,White 蘭・斬将FX Mail,
9656,Crimson 霞・斬将 Mail,
9657,Crimson 霞・斬将F Mail,
9658,Crimson 霞・斬将FX Mail,
9659,White 蘭・斬将G Mail,
9660,White 蘭・斬将GF Mail,
9661,White 蘭・斬将GX Mail,
9662,月夜・斬将G Mail,
9663,月夜・斬将GF Mail,
9664,月夜・斬将GX Mail,
9665,Crimson 霞・斬将G Mail,
9666,Crimson 霞・斬将GF Mail,
9667,Crimson 霞・斬将GX Mail,
9668,Green 穹・斬将G Mail,
9669,Green 穹・斬将GF Mail,
9670,Green 穹・斬将GX Mail,
9671,Guan Mail,
9672,Guan F Mail,
9673,Guan FX Mail,
9674,Guan G Mail,
9675,Guan GF Mail,
9676,Guan GX Mail,
9677,Guan Vest,
9678,Guan F Vest,
9679,Guan FX Vest,
9680,Guan G Vest,
9681,Guan GF Vest,
9682,Guan GX Vest,
9683,Conqueror G【胴当て】,
9684,Conqueror GF【胴当て】,
9685,Conqueror GX【胴当て】,
9686,Emperor G【胴当て】,
9687,Emperor GF【胴当て】,
9688,Emperor GX【胴当て】,
9689,Kushala G Diru,
9690,Kushala GF Diru,
9691,Kushala GX Diru,
9692,Kushala Gバダル,
9693,Kushala GFバダル,
9694,Kushala GXバダル,
9695,Kaiser G Mail,
9696,Kaiser GF Mail,
9697,Kaiser GX Mail,
9698,Kaiser G Vest,
9699,Kaiser GF Vest,
9700,Kaiser GX Vest,
9701,Mizuha G [Chestplate 】,
9702,Mizuha GF [Chestplate 】,
9703,Mizuha GX [Chestplate 】,
9704,Toyotama G [Chestplate 】,
9705,Toyotama GF [Chestplate 】,
9706,Toyotama GX [Chestplate 】,
9707,Nargacuga Mail,
9708,Nargacuga G Mail,
9709,Nargacuga GF Mail,
9710,Nargacuga GX Mail,
9711,Nargacuga Vest,
9712,Nargacuga G Vest,
9713,Nargacuga GF Vest,
9714,Nargacuga GX Vest,
9715,Perifu Mail・Blue,
9716,Perifu F Mail・Blue,
9717,Perifu FZ Mail・Blue,
9718,Perifu HS Mail・Blue,
9719,Perifu GS Mail・Blue,
9720,Perifu GP Mail・Blue,
9721,Perifu Vest・Blue,
9722,Perifu F Vest・Blue,
9723,Perifu FZ Vest・Blue,
9724,Perifu HS Vest・Blue,
9725,Perifu GS Vest・Blue,
9726,Perifu GP Vest・Blue,
9727,Perifu Mail・Tea,
9728,Perifu F Mail・Tea,
9729,Perifu FZ Mail・Tea,
9730,Perifu HS Mail・Tea,
9731,Perifu GS Mail・Tea,
9732,Perifu GP Mail・Tea,
9733,Perifu Vest・Tea,
9734,Perifu F Vest・Tea,
9735,Perifu FZ Vest・Tea,
9736,Perifu HS Vest・Tea,
9737,Perifu GS Vest・Tea,
9738,Perifu GP Vest・Tea,
9739,Perifu Mail・Green,
9740,Perifu F Mail・Green,
9741,Perifu FZ Mail・Green,
9742,Perifu HS Mail・Green,
9743,Perifu GS Mail・Green,
9744,Perifu GP Mail・Green,
9745,Perifu Vest・Green,
9746,Perifu F Vest・Green,
9747,Perifu FZ Vest・Green,
9748,Perifu HS Vest・Green,
9749,Perifu GS Vest・Green,
9750,Perifu GP Vest・Green,
9751,Perifu Mail・Purple,
9752,Perifu F Mail・Purple,
9753,Perifu FZ Mail・Purple,
9754,Perifu HS Mail・Purple,
9755,Perifu GS Mail・Purple,
9756,Perifu GP Mail・Purple,
9757,Perifu Vest・Purple,
9758,Perifu F Vest・Purple,
9759,Perifu FZ Vest・Purple,
9760,Perifu HS Vest・Purple,
9761,Perifu GS Vest・Purple,
9762,Perifu GP Vest・Purple,
9763,Kaiji Suit,
9764,Kaiji F Suit,
9765,Kaiji FZ Suit,
9766,Kaiji HS Suit,
9767,Kaiji GS Suit,
9768,Kaiji GP Suit,
9769,Kaiji Vest,
9770,Kaiji F Vest,
9771,Kaiji FZ Vest,
9772,Kaiji HS Vest,
9773,Kaiji GS Vest,
9774,Kaiji GP Vest,
9775,Mikoko Suit,
9776,Mikoko F Suit,
9777,Mikoko FZ Suit,
9778,Mikoko HS Suit,
9779,Mikoko GS Suit,
9780,Mikoko GP Suit,
9781,Mikoko Vest,
9782,Mikoko F Vest,
9783,Mikoko FZ Vest,
9784,Mikoko HS Vest,
9785,Mikoko GS Vest,
9786,Mikoko GP Vest,
9787,テリュオ Vest,
9788,テリュオF Vest,
9789,テリュオFZ Vest,
9790,テリュオHS Vest,
9791,テリュオGS Vest,
9792,テリュオGP Vest,
9793,テリュオ Suit,
9794,テリュオF Suit,
9795,テリュオFZ Suit,
9796,テリュオHS Suit,
9797,テリュオGS Suit,
9798,テリュオGP Suit,
9799,Sailor Suit,
9800,Sailor G Suit,
9801,Sailor GF Suit,
9802,Sailor GX Suit,
9803,Sailor Vest,
9804,Sailor G Vest,
9805,Sailor GF Vest,
9806,Sailor GX Vest,
9807,スフレ Mail,
9808,スフレF Mail,
9809,スフレFZ Mail,
9810,スフレHS Mail,
9811,スフレGS Mail,
9812,スフレGP Mail,
9813,スフレ Suit,
9814,スフレF Suit,
9815,スフレFZ Suit,
9816,スフレHS Suit,
9817,スフレGS Suit,
9818,スフレGP Suit,
9819,Demon Tale ノ肩鎧G,
9820,Demon Tale ノ肩鎧GF,
9821,Demon Tale ノ肩鎧GX,
9822,童伝ノ肩鎧G,
9823,童伝ノ肩鎧GF,
9824,童伝ノ肩鎧GX,
9825,Valier Mail,
9826,Valier F Mail,
9827,Valier FY Mail,
9828,Valier HS Mail,
9829,Valier G Mail,
9830,Valier GF Mail,
9831,Valier GX Mail,
9832,Valier Vest,
9833,Valier F Vest,
9834,Valier FY Vest,
9835,Valier HS Vest,
9836,Valier G Vest,
9837,Valier GF Vest,
9838,Valier GX Vest,
9839,Lars Mail,
9840,Lars F Mail,
9841,Lars FY Mail,
9842,Lars HS Mail,
9843,Lars G Mail,
9844,Lars GF Mail,
9845,Lars GX Mail,
9846,Lars Vest,
9847,Lars F Vest,
9848,Lars FY Vest,
9849,Lars HS Vest,
9850,Lars G Vest,
9851,Lars GF Vest,
9852,Lars GX Vest,
9853,Shirukku Vest,
9854,Shirukku F Vest,
9855,Shirukku FY Vest,
9856,Shirukku HS Vest,
9857,Shirukku G Vest,
9858,Shirukku GF Vest,
9859,Shirukku GX Vest,
9860,Shirukku Suit,
9861,Shirukku F Suit,
9862,Shirukku FY Suit,
9863,Shirukku HS Suit,
9864,Shirukku G Suit,
9865,Shirukku GF Suit,
9866,Shirukku GX Suit,
9867,Norukku Vest,
9868,Norukku F Vest,
9869,Norukku FY Vest,
9870,Norukku HS Vest,
9871,Norukku G Vest,
9872,Norukku GF Vest,
9873,Norukku GX Vest,
9874,Norukku Suit,
9875,Norukku F Suit,
9876,Norukku FY Suit,
9877,Norukku HS Suit,
9878,Norukku G Suit,
9879,Norukku GF Suit,
9880,Norukku GX Suit,
9881,Reiresu G Mail,
9882,Reiresu GF Mail,
9883,Reiresu GX Mail,
9884,Reiresu G Vest,
9885,Reiresu GF Vest,
9886,Reiresu GX Vest,
9887,Saint G Mail,
9888,Saint GF Mail,
9889,Saint GX Mail,
9890,Saint G Vest,
9891,Saint GF Vest,
9892,Saint GX Vest,
9893,Solflare Mail,
9894,Solflare F Mail,
9895,Solflare FZ Mail,
9896,Solflare HS Mail,
9897,Solflare GS Mail,
9898,Solflare GP Mail,
9899,Solflare Vest,
9900,Solflare F Vest,
9901,Solflare FZ Vest,
9902,Solflare HS Vest,
9903,Solflare GS Vest,
9904,Solflare GP Vest,
9905,Arben Mail,
9906,Arben F Mail,
9907,Arben FZ Mail,
9908,Arben HS Mail,
9909,Arben GS Mail,
9910,Arben GP Mail,
9911,Arben Suit,
9912,Arben F Suit,
9913,Arben FZ Suit,
9914,Arben HS Suit,
9915,Arben GS Suit,
9916,Arben GP Suit,
9917,Keravuno Mail,
9918,Keravuno F Mail,
9919,Keravuno FZ Mail,
9920,Keravuno HS Mail,
9921,Keravuno GS Mail,
9922,Keravuno GP Mail,
9923,Keravuno Vest,
9924,Keravuno F Vest,
9925,Keravuno FZ Vest,
9926,Keravuno HS Vest,
9927,Keravuno GS Vest,
9928,Keravuno GP Vest,
9929,Waka Torso,
9930,Waka Torso F,
9931,Waka Torso FZ,
9932,Waka Torso HS,
9933,Waka Torso GS,
9934,Waka Torso GP,
9935,Waka Chestplate,
9936,Waka Chestplate F,
9937,Waka Chestplate FZ,
9938,Waka Chestplate HS,
9939,Waka Chestplate GS,
9940,Waka Chestplate GP,
9941,Ruko G Hide,
9942,Ruko GF Hide,
9943,Ruko GX Hide,
9944,Ruko G Skin,
9945,Ruko GF Skin,
9946,Ruko GX Skin,
9947,Kirin G Vest,
9948,Kirin GF Vest,
9949,Kirin GX Vest,
9950,Kirin Gケープ,
9951,Kirin GFケープ,
9952,Kirin GXケープ,
9953,Voljang Mail,
9954,Voljang F Mail,
9955,Voljang FX Mail,
9956,Voljang G Mail,
9957,Voljang GF Mail,
9958,Voljang GX Mail,
9959,Voljang Vest,
9960,Voljang F Vest,
9961,Voljang FX Vest,
9962,Voljang G Vest,
9963,Voljang GF Vest,
9964,Voljang GX Vest,
9965,Flame GX Mail,
9966,Flame GX Vest,
9967,Furoru GX Suit,
9968,Furoru GX Vest,
9969,Varusa GX Mail,
9970,Varusa GX Vest,
9971,Stygian Mail,
9972,Stygian G Mail,
9973,Stygian GF Mail,
9974,Stygian GX Mail,
9975,Stygian Vest,
9976,Stygian G Vest,
9977,Stygian GF Vest,
9978,Stygian GX Vest,
9979,Melynx Mail,
9980,Melynx F Mail,
9981,Melynx FZ Mail,
9982,Melynx HS Mail,
9983,Melynx GS Mail,
9984,Melynx GP Mail,
9985,Melynx Suit,
9986,Melynx F Suit,
9987,Melynx FZ Suit,
9988,Melynx HS Suit,
9989,Melynx GS Suit,
9990,Melynx GP Suit,
9991,Felyne Mail,
9992,Felyne F Mail,
9993,Felyne FZ Mail,
9994,Felyne HS Mail,
9995,Felyne GS Mail,
9996,Felyne GP Mail,
9997,Felyne Suit,
9998,Felyne F Suit,
9999,Felyne FZ Suit,
10000,Felyne HS Suit,
10001,Felyne GS Suit,
10002,Felyne GP Suit,
10003,Tabby Mail,
10004,Tabby F Mail,
10005,Tabby FZ Mail,
10006,Tabby HS Mail,
10007,Tabby GS Mail,
10008,Tabby GP Mail,
10009,Tabby Suit,
10010,Tabby F Suit,
10011,Tabby FZ Suit,
10012,Tabby HS Suit,
10013,Tabby GS Suit,
10014,Tabby GP Suit,
10015,Brown Mail,
10016,Brown F Mail,
10017,Brown FZ Mail,
10018,Brown HS Mail,
10019,Brown GS Mail,
10020,Brown GP Mail,
10021,Brown Suit,
10022,Brown F Suit,
10023,Brown FZ Suit,
10024,Brown HS Suit,
10025,Brown GS Suit,
10026,Brown GP Suit,
10027,Calico Mail,
10028,Calico F Mail,
10029,Calico FZ Mail,
10030,Calico HS Mail,
10031,Calico GS Mail,
10032,Calico GP Mail,
10033,Calico Suit,
10034,Calico F Suit,
10035,Calico FZ Suit,
10036,Calico HS Suit,
10037,Calico GS Suit,
10038,Calico GP Suit,
10039,Monotone Mail,
10040,Monotone F Mail,
10041,Monotone FZ Mail,
10042,Monotone HS Mail,
10043,Monotone GS Mail,
10044,Monotone GP Mail,
10045,Monotone Suit,
10046,Monotone F Suit,
10047,Monotone FZ Suit,
10048,Monotone HS Suit,
10049,Monotone GS Suit,
10050,Monotone GP Suit,
10051,Chashiro Mail,
10052,Chashiro F Mail,
10053,Chashiro FZ Mail,
10054,Chashiro HS Mail,
10055,Chashiro GS Mail,
10056,Chashiro GP Mail,
10057,Chashiro Suit,
10058,Chashiro F Suit,
10059,Chashiro FZ Suit,
10060,Chashiro HS Suit,
10061,Chashiro GS Suit,
10062,Chashiro GP Suit,
10063,Two-tone Mail,
10064,Two-tone F Mail,
10065,Two-tone FZ Mail,
10066,Two-tone HS Mail,
10067,Two-tone GS Mail,
10068,Two-tone GP Mail,
10069,Two-tone Suit,
10070,Two-tone F Suit,
10071,Two-tone FZ Suit,
10072,Two-tone HS Suit,
10073,Two-tone GS Suit,
10074,Two-tone GP Suit,
10075,Elegant Suit,
10076,Elegant F Suit,
10077,Elegant FZ Suit,
10078,Elegant HS Suit,
10079,Elegant GS Suit,
10080,Elegant GP Suit,
10081,Elegant Vest,
10082,Elegant F Vest,
10083,Elegant FZ Vest,
10084,Elegant HS Vest,
10085,Elegant GS Vest,
10086,Elegant GP Vest,
10087,Aura Mail,
10088,Aura F Mail,
10089,Aura FZ Mail,
10090,Aura HS Mail,
10091,Aura GS Mail,
10092,Aura GP Mail,
10093,Aura Vest,
10094,Aura F Vest,
10095,Aura FZ Vest,
10096,Aura HS Vest,
10097,Aura GS Vest,
10098,Aura GP Vest,
10099,Wasou Torso,
10100,Wasou Torso F,
10101,Wasou Torso FZ,
10102,Wasou Torso HS,
10103,Wasou Torso GS,
10104,Wasou Torso GP,
10105,Wasou Chestplate,
10106,Wasou Chestplate F,
10107,Wasou Chestplate FZ,
10108,Wasou Chestplate HS,
10109,Wasou Chestplate GS,
10110,Wasou Chestplate GP,
10111,Blue Ice Emperor Mail,
10112,Blue Ice Emperor F Mail,
10113,Blue Ice Emperor FZ Mail,
10114,Blue Ice Emperor HS Mail,
10115,Blue Ice Emperor GS Mail,
10116,Blue Ice Emperor GP Mail,
10117,Blue Ice Emperor Vest,
10118,Blue Ice Emperor F Vest,
10119,Blue Ice Emperor FZ Vest,
10120,Blue Ice Emperor HS Vest,
10121,Blue Ice Emperor GS Vest,
10122,Blue Ice Emperor GP Vest,
10123,White Ice Emperor Mail,
10124,White Ice Emperor F Mail,
10125,White Ice Emperor FZ Mail,
10126,White Ice Emperor HS Mail,
10127,White Ice Emperor GS Mail,
10128,White Ice Emperor GP Mail,
10129,White Ice Emperor Vest,
10130,White Ice Emperor F Vest,
10131,White Ice Emperor FZ Vest,
10132,White Ice Emperor HS Vest,
10133,White Ice Emperor GS Vest,
10134,White Ice Emperor GP Vest,
10135,Red Ice Emperor Mail,
10136,Red Ice Emperor F Mail,
10137,Red Ice Emperor FZ Mail,
10138,Red Ice Emperor HS Mail,
10139,Red Ice Emperor GS Mail,
10140,Red Ice Emperor GP Mail,
10141,Red Ice Emperor Vest,
10142,Red Ice Emperor F Vest,
10143,Red Ice Emperor FZ Vest,
10144,Red Ice Emperor HS Vest,
10145,Red Ice Emperor GS Vest,
10146,Red Ice Emperor GP Vest,
10147,Taruta Mail,
10148,Taruta F Mail,
10149,Taruta FZ Mail,
10150,Taruta HS Mail,
10151,Taruta GS Mail,
10152,Taruta GP Mail,
10153,Taruta Suit,
10154,Taruta F Suit,
10155,Taruta FZ Suit,
10156,Taruta HS Suit,
10157,Taruta GS Suit,
10158,Taruta GP Suit,
10159,Ruruta Mail,
10160,Ruruta F Mail,
10161,Ruruta FZ Mail,
10162,Ruruta HS Mail,
10163,Ruruta GS Mail,
10164,Ruruta GP Mail,
10165,Ruruta Suit,
10166,Ruruta F Suit,
10167,Ruruta FZ Suit,
10168,Ruruta HS Suit,
10169,Ruruta GS Suit,
10170,Ruruta GP Suit,
10171,Kurofi Mail,
10172,Kurofi F Mail,
10173,Kurofi FZ Mail,
10174,Kurofi HS Mail,
10175,Kurofi GS Mail,
10176,Kurofi GP Mail,
10177,Kurofi Vest,
10178,Kurofi F Vest,
10179,Kurofi FZ Vest,
10180,Kurofi HS Vest,
10181,Kurofi GS Vest,
10182,Kurofi GP Vest,
10183,Gudan Mail,
10184,Gudan F Mail,
10185,Gudan FZ Mail,
10186,Gudan HS Mail,
10187,Gudan GS Mail,
10188,Gudan GP Mail,
10189,Chiarim Mail,
10190,Chiarim F Mail,
10191,Chiarim FZ Mail,
10192,Chiarim HS Mail,
10193,Chiarim GS Mail,
10194,Chiarim GP Mail,
10195,Chiarim Vest,
10196,Chiarim F Vest,
10197,Chiarim FZ Vest,
10198,Chiarim HS Vest,
10199,Chiarim GS Vest,
10200,Chiarim GP Vest,
10201,Rohokku Mail,
10202,Rohokku F Mail,
10203,Rohokku FY Mail,
10204,Rohokku HS Mail,
10205,Rohokku G Mail,
10206,Rohokku GF Mail,
10207,Rohokku GX Mail,
10208,Rohokku Vest,
10209,Rohokku F Vest,
10210,Rohokku FY Vest,
10211,Rohokku HS Vest,
10212,Rohokku G Vest,
10213,Rohokku GF Vest,
10214,Rohokku GX Vest,
10215,Cure Mail,
10216,Cure F Mail,
10217,Cure FY Mail,
10218,Cure HS Mail,
10219,Cure G Mail,
10220,Cure GF Mail,
10221,Cure GX Mail,
10222,Cure Vest,
10223,Cure F Vest,
10224,Cure FY Vest,
10225,Cure HS Vest,
10226,Cure G Vest,
10227,Cure GF Vest,
10228,Cure GX Vest,
10229,鬼凛ノ肩鎧G,
10230,鬼凛ノ肩鎧GF,
10231,鬼凛ノ肩鎧GX,
10232,童凛ノ肩鎧G,
10233,童凛ノ肩鎧GF,
10234,童凛ノ肩鎧GX,
10235,Eguiene Mail,
10236,Eguiene F Mail,
10237,Eguiene FY Mail,
10238,Eguiene HS Mail,
10239,Eguiene G Mail,
10240,Eguiene GF Mail,
10241,Eguiene GX Mail,
10242,Eguiene Vest,
10243,Eguiene F Vest,
10244,Eguiene FY Vest,
10245,Eguiene HS Vest,
10246,Eguiene G Vest,
10247,Eguiene GF Vest,
10248,Eguiene GX Vest,
10249,Vakusu Mail,
10250,Vakusu F Mail,
10251,Vakusu FY Mail,
10252,Vakusu HS Mail,
10253,Vakusu G Mail,
10254,Vakusu GF Mail,
10255,Vakusu GX Mail,
10256,Vakusu Vest,
10257,Vakusu F Vest,
10258,Vakusu FY Vest,
10259,Vakusu HS Vest,
10260,Vakusu G Vest,
10261,Vakusu GF Vest,
10262,Vakusu GX Vest,
10263,Nympha Mail,
10264,Chloe Mail,
10265,Espinas Z Muscle,
10266,Espinas ZF Muscle,
10267,Espinas ZY Muscle,
10268,Espinas ZX Muscle,
10269,Espinas Z Heart,
10270,Espinas ZF Heart,
10271,Espinas ZY Heart,
10272,Espinas ZX Heart,
10273,Hypnoc Z Mail,
10274,Hypnoc ZF Mail,
10275,Hypnoc ZY Mail,
10276,Hypnoc ZX Mail,
10277,Hypnoc Z Vest,
10278,Hypnoc ZF Vest,
10279,Hypnoc ZY Vest,
10280,Hypnoc ZX Vest,
10281,Khezu Z Mail,
10282,Khezu ZF Mail,
10283,Khezu ZY Mail,
10284,Khezu ZX Mail,
10285,Khezu Z Vest,
10286,Khezu ZF Vest,
10287,Khezu ZY Vest,
10288,Khezu ZX Vest,
10289,Hermitaur Z Mail,
10290,Hermitaur ZF Mail,
10291,Hermitaur ZY Mail,
10292,Hermitaur ZX Mail,
10293,Hermitaur Z Vest,
10294,Hermitaur ZF Vest,
10295,Hermitaur ZY Vest,
10296,Hermitaur ZX Vest,
10297,Dios Suit,
10298,Dios F Suit,
10299,Dios FZ Suit,
10300,Dios HS Suit,
10301,Dios GS Suit,
10302,Dios GP Suit,
10303,Dios ZP Suit,
10304,Dios Vest,
10305,Dios F Vest,
10306,Dios FZ Vest,
10307,Dios HS Vest,
10308,Dios GS Vest,
10309,Dios GP Vest,
10310,Dios ZP Vest,
10311,Evol Mail・White,
10312,Evol F Mail・White,
10313,Evol FZ Mail・White,
10314,Evol HS Mail・White,
10315,Evol GS Mail・White,
10316,Evol GP Mail・White,
10317,Evol ZP Mail・White,
10318,Evol Suit・White,
10319,Evol F Suit・White,
10320,Evol FZ Suit・White,
10321,Evol HS Suit・White,
10322,Evol GS Suit・White,
10323,Evol GP Suit・White,
10324,Evol ZP Suit・White,
10325,Evol Mail・Red,
10326,Evol F Mail・Red,
10327,Evol FZ Mail・Red,
10328,Evol HS Mail・Red,
10329,Evol GS Mail・Red,
10330,Evol GP Mail・Red,
10331,Evol ZP Mail・Red,
10332,Evol Suit・Red,
10333,Evol F Suit・Red,
10334,Evol FZ Suit・Red,
10335,Evol HS Suit・Red,
10336,Evol GS Suit・Red,
10337,Evol GP Suit・Red,
10338,Evol ZP Suit・Red,
10339,Evol Mail・Blue,
10340,Evol F Mail・Blue,
10341,Evol FZ Mail・Blue,
10342,Evol HS Mail・Blue,
10343,Evol GS Mail・Blue,
10344,Evol GP Mail・Blue,
10345,Evol ZP Mail・Blue,
10346,Evol Suit・Blue,
10347,Evol F Suit・Blue,
10348,Evol FZ Suit・Blue,
10349,Evol HS Suit・Blue,
10350,Evol GS Suit・Blue,
10351,Evol GP Suit・Blue,
10352,Evol ZP Suit・Blue,
10353,Evol Mail・Purple,
10354,Evol F Mail・Purple,
10355,Evol FZ Mail・Purple,
10356,Evol HS Mail・Purple,
10357,Evol GS Mail・Purple,
10358,Evol GP Mail・Purple,
10359,Evol ZP Mail・Purple,
10360,Evol Suit・Purple,
10361,Evol F Suit・Purple,
10362,Evol FZ Suit・Purple,
10363,Evol HS Suit・Purple,
10364,Evol GS Suit・Purple,
10365,Evol GP Suit・Purple,
10366,Evol ZP Suit・Purple,
10367,Sakufi Mail,
10368,Sakufi F Mail,
10369,Sakufi FZ Mail,
10370,Sakufi HS Mail,
10371,Sakufi GS Mail,
10372,Sakufi GP Mail,
10373,Sakufi ZP Mail,
10374,Sakufi Vest,
10375,Sakufi F Vest,
10376,Sakufi FZ Vest,
10377,Sakufi HS Vest,
10378,Sakufi GS Vest,
10379,Sakufi GP Vest,
10380,Sakufi ZP Vest,
10381,Asumo Mail,
10382,Asumo F Mail,
10383,Asumo FZ Mail,
10384,Asumo HS Mail,
10385,Asumo GS Mail,
10386,Asumo GP Mail,
10387,Asumo ZP Mail,
10388,Asumo Vest,
10389,Asumo F Vest,
10390,Asumo FZ Vest,
10391,Asumo HS Vest,
10392,Asumo GS Vest,
10393,Asumo GP Vest,
10394,Asumo ZP Vest,
10395,Carrol C Suit,
10396,Zyra C Mail,
10397,Loose C Suit,
10398,Asteli ZP Vest・White,
10399,Asteli ZP Suit・White,
10400,Asteli ZP Vest・Blue,
10401,Asteli ZP Suit・Blue,
10402,Asteli ZP Vest・Red,
10403,Asteli ZP Suit・Red,
10404,Asteli ZP Vest・Black,
10405,Asteli ZP Suit・Black,
10406,Lien ZP Vest・Blue,
10407,Lien ZP Suit・Blue,
10408,Lien ZP Vest・Red,
10409,Lien ZP Suit・Red,
10410,Lien ZP Vest・Black,
10411,Lien ZP Suit・Black,
10412,Lien ZP Vest・White,
10413,Lien ZP Suit・White,
10414,Carrol ZP Suit・Black,
10415,Carrol ZP Vest・Black,
10416,Carrol ZP Suit・Blue,
10417,Carrol ZP Vest・Blue,
10418,Carrol ZP Suit・White,
10419,Carrol ZP Vest・White,
10420,Carrol ZP Suit・Red,
10421,Carrol ZP Vest・Red,
10422,ブリゼ Mail,
10423,ブリゼF Mail,
10424,ブリゼFY Mail,
10425,ブリゼHS Mail,
10426,ブリゼG Mail,
10427,ブリゼGF Mail,
10428,ブリゼGX Mail,
10429,ブリゼ Vest,
10430,ブリゼF Vest,
10431,ブリゼFY Vest,
10432,ブリゼHS Vest,
10433,ブリゼG Vest,
10434,ブリゼGF Vest,
10435,ブリゼGX Vest,
10436,Higakure C Mail,
10437,Harokyu D Vest,
10438,Evol D Mail・White,
10439,Evol D Mail・Red,
10440,Evol D Mail・Blue,
10441,Evol D Mail・Purple,
10442,狩衛部隊 Mail・男,
10443,狩衛部隊 Mail・女,
10444,Blue Ice Emperor ZP Mail,
10445,Blue Ice Emperor ZP Vest,
10446,White Ice Emperor ZP Mail,
10447,White Ice Emperor ZP Vest,
10448,Red Ice Emperor ZP Mail,
10449,Red Ice Emperor ZP Vest,
10450,Wander Mail・Blue,
10451,Wander F Mail・Blue,
10452,Wander FZ Mail・Blue,
10453,Wander HS Mail・Blue,
10454,Wander GS Mail・Blue,
10455,Wander GP Mail・Blue,
10456,Wander ZP Mail・Blue,
10457,Wander Suit・Blue,
10458,Wander F Suit・Blue,
10459,Wander FZ Suit・Blue,
10460,Wander HS Suit・Blue,
10461,Wander GS Suit・Blue,
10462,Wander GP Suit・Blue,
10463,Wander ZP Suit・Blue,
10464,Wander Mail・Red,
10465,Wander F Mail・Red,
10466,Wander FZ Mail・Red,
10467,Wander HS Mail・Red,
10468,Wander GS Mail・Red,
10469,Wander GP Mail・Red,
10470,Wander ZP Mail・Red,
10471,Wander Suit・Red,
10472,Wander F Suit・Red,
10473,Wander FZ Suit・Red,
10474,Wander HS Suit・Red,
10475,Wander GS Suit・Red,
10476,Wander GP Suit・Red,
10477,Wander ZP Suit・Red,
10478,Wander Mail・White,
10479,Wander F Mail・White,
10480,Wander FZ Mail・White,
10481,Wander HS Mail・White,
10482,Wander GS Mail・White,
10483,Wander GP Mail・White,
10484,Wander ZP Mail・White,
10485,Wander Suit・White,
10486,Wander F Suit・White,
10487,Wander FZ Suit・White,
10488,Wander HS Suit・White,
10489,Wander GS Suit・White,
10490,Wander GP Suit・White,
10491,Wander ZP Suit・White,
10492,Wander Mail・Black,
10493,Wander F Mail・Black,
10494,Wander FZ Mail・Black,
10495,Wander HS Mail・Black,
10496,Wander GS Mail・Black,
10497,Wander GP Mail・Black,
10498,Wander ZP Mail・Black,
10499,Wander Suit・Black,
10500,Wander F Suit・Black,
10501,Wander FZ Suit・Black,
10502,Wander HS Suit・Black,
10503,Wander GS Suit・Black,
10504,Wander GP Suit・Black,
10505,Wander ZP Suit・Black,
10506,Gore Mail,
10507,Gore G Mail,
10508,Gore GF Mail,
10509,Gore GX Mail,
10510,Gore Vest,
10511,Gore G Vest,
10512,Gore GF Vest,
10513,Gore GX Vest,
10514,Zena G Mail,
10515,Zena GF Mail,
10516,Zena GX Mail,
10517,Zena G Vest,
10518,Zena GF Vest,
10519,Zena GX Vest,
10520,Rathalos Z Mail,
10521,Rathalos ZF Mail,
10522,Rathalos ZY Mail,
10523,Rathalos ZX Mail,
10524,Rathalos Z Vest,
10525,Rathalos ZF Vest,
10526,Rathalos ZY Vest,
10527,Rathalos ZX Vest,
10528,Blango Z Mail,
10529,Blango ZF Mail,
10530,Blango ZY Mail,
10531,Blango ZX Mail,
10532,Blango Z Vest,
10533,Blango ZF Vest,
10534,Blango ZY Vest,
10535,Blango ZX Vest,
10536,Muruta Mail,
10537,Muruta F Mail,
10538,Muruta FZ Mail,
10539,Muruta HS Mail,
10540,Muruta GS Mail,
10541,Muruta GP Mail,
10542,Muruta ZP Mail,
10543,Muruta Suit,
10544,Muruta F Suit,
10545,Muruta FZ Suit,
10546,Muruta HS Suit,
10547,Muruta GS Suit,
10548,Muruta GP Suit,
10549,Muruta ZP Suit,
10550,Howla Suit,
10551,Howla F Suit,
10552,Howla FZ Suit,
10553,Howla HS Suit,
10554,Howla GS Suit,
10555,Howla GP Suit,
10556,Howla ZP Suit,
10557,Howla Vest,
10558,Howla F Vest,
10559,Howla FZ Vest,
10560,Howla HS Vest,
10561,Howla GS Vest,
10562,Howla GP Vest,
10563,Howla ZP Vest,
10564,Panse Suit,
10565,Panse F Suit,
10566,Panse FZ Suit,
10567,Panse HS Suit,
10568,Panse GS Suit,
10569,Panse GP Suit,
10570,Panse ZP Suit,
10571,Panse Vest,
10572,Panse F Vest,
10573,Panse FZ Vest,
10574,Panse HS Vest,
10575,Panse GS Vest,
10576,Panse GP Vest,
10577,Panse ZP Vest,
10578,Marriage Suit,
10579,Marriage F Suit,
10580,Marriage FZ Suit,
10581,Marriage HS Suit,
10582,Marriage GS Suit,
10583,Marriage GP Suit,
10584,Marriage ZP Suit,
10585,Marriage Vest,
10586,Marriage F Vest,
10587,Marriage FZ Vest,
10588,Marriage HS Vest,
10589,Marriage GS Vest,
10590,Marriage GP Vest,
10591,Marriage ZP Vest,
10592,Yukine Vest,
10593,Yukine F Vest,
10594,Yukine FZ Vest,
10595,Yukine HS Vest,
10596,Yukine GS Vest,
10597,Yukine GP Vest,
10598,Yukine ZP Vest,
10599,Yukine Suit,
10600,Yukine F Suit,
10601,Yukine FZ Suit,
10602,Yukine HS Suit,
10603,Yukine GS Suit,
10604,Yukine GP Suit,
10605,Yukine ZP Suit,
10606,Snow Miku Vest,
10607,Snow Miku F Vest,
10608,Snow Miku FZ Vest,
10609,Snow Miku HS Vest,
10610,Snow Miku GS Vest,
10611,Snow Miku GP Vest,
10612,Snow Miku ZP Vest,
10613,Snow Miku Suit,
10614,Snow Miku F Suit,
10615,Snow Miku FZ Suit,
10616,Snow Miku HS Suit,
10617,Snow Miku GS Suit,
10618,Snow Miku GP Suit,
10619,Snow Miku ZP Suit,
10620,Miku ZP Vest,
10621,Miku ZP Suit,
10622,Oyun ZP Mail・Blue,
10623,Oyun ZP Vest・Blue,
10624,Oyun ZP Mail・Red,
10625,Oyun ZP Vest・Red,
10626,Oyun ZP Mail・Black,
10627,Oyun ZP Vest・Black,
10628,Oyun ZP Mail・White,
10629,Oyun ZP Vest・White,
10630,Demonclad ノ肩鎧G,
10631,Demonclad ノ肩鎧GF,
10632,Demonclad ノ肩鎧GX,
10633,Youthclad ノ肩鎧G,
10634,Youthclad ノ肩鎧GF,
10635,Youthclad ノ肩鎧GX,
10636,Rave Mail,
10637,Rave F Mail,
10638,Rave FY Mail,
10639,Rave HS Mail,
10640,Rave G Mail,
10641,Rave GF Mail,
10642,Rave GX Mail,
10643,Rave Suit,
10644,Rave F Suit,
10645,Rave FY Suit,
10646,Rave HS Suit,
10647,Rave G Suit,
10648,Rave GF Suit,
10649,Rave GX Suit,
10650,Wander D Mail・Blue,
10651,Wander D Mail・Red,
10652,Wander D Mail・White,
10653,Wander D Mail・Black,
10654,Blue Ice Emperor D Mail,
10655,White Ice Emperor D Mail,
10656,Red Ice Emperor D Mail,
10657,Rance C Jacket,
10658,Santa D Vest,
10659,Anteka D Vest,
10660,Chiarim ZP Mail,
10661,Chiarim ZP Vest,
10662,Katante Z Mail,
10663,Katante ZF Mail,
10664,Katante ZY Mail,
10665,Katante ZX Mail,
10666,Katante Z Vest,
10667,Katante ZF Vest,
10668,Katante ZY Vest,
10669,Katante ZX Vest,
10670,Sakufi D Mail,
10671,Asumo D Mail,
10672,Dios D Suit,
10673,Asteli D Vest・White,
10674,Asteli D Vest・Blue,
10675,Asteli D Vest・Red,
10676,Asteli D Vest・Black,
10677,Lien D Vest・Blue,
10678,Lien D Vest・Red,
10679,Lien D Vest・Black,
10680,Lien D Vest・White,
10681,Lien D Vest・Crimson,
10682,Lien D Vest・藍,
10683,Lien D Vest・Peach,
10684,Carrol D Suit・Black,
10685,Carrol D Suit・Blue,
10686,Carrol D Suit・White,
10687,Carrol D Suit・Red,
10688,Carrol D Suit・Peach,
10689,Gothic D Plate,
10690,Kirin D Vest,
10691,Farunokku D Mail,
10692,Farunokku D Vest,
10693,Pokara D Mail,
10694,Pokara D Vest,
10695,Genesis D【胴当て】,
10696,Motion D【胴当て】,
10697,Lightning D【胴当て】,
10698,Thunder D【胴当て】,
10699,Toridcless D Mail,
10700,Toridcless D Vest,
10701,Guan D Mail,
10702,Guan D Vest,
10703,Varusa D Mail,
10704,Varusa D Vest,
10705,Toa D Mail,
10706,Toa D Vest,
10707,Blitz D Vest,
10708,Stroma D Mail,
10709,Stroma D Vest,
10710,Inagami D【胴当て】,
10711,Inagami D【胴当て】,
10712,Altera D Mail,
10713,Altera D Vest,
10714,Pobo D Mail,
10715,Pobo D Vest,
10716,Zinogre C Mail,
10717,Zinogre C Vest,
10718,Hornetaur UD Mail,
10719,Hornetaur UD Vest,
10720,Rathalos D Mail,
10721,Rathalos D Vest,
10722,Gogomoa D Mail,
10723,Gogomoa D Vest,
10724,Azul D Jacket,
10725,Azul D Suit,
10726,Harvest D Mail,
10727,Harvest D Vest,
10728,Melan D Jacket,
10729,Melan D Suit,
10730,Diru D Jacket,
10731,Diru D Suit,
10732,Tandress D Mail,
10733,Tandress D Vest,
10734,Rance D Jacket,
10735,Rance D Suit,
10736,Ganeto D Jacket,
10737,Ganeto D Suit,
10738,Chiru D Jacket,
10739,Chiru D Suit,
10740,Shiusu D Jacket,
10741,Shiusu D Suit,
10742,Once D Mail・無,
10743,Pale Sakura D【 Haori 】,
10744,Pelegri Mail,
10745,Pelegri F Mail,
10746,Pelegri FZ Mail,
10747,Pelegri HS Mail,
10748,Pelegri GS Mail,
10749,Pelegri GP Mail,
10750,Pelegri ZP Mail,
10751,Pelegri Vest,
10752,Pelegri F Vest,
10753,Pelegri FZ Vest,
10754,Pelegri HS Vest,
10755,Pelegri GS Vest,
10756,Pelegri GP Vest,
10757,Pelegri ZP Vest,
10758,Melynx ZP Mail,
10759,Melynx ZP Suit,
10760,Felyne ZP Mail,
10761,Felyne ZP Suit,
10762,Tabby ZP Mail,
10763,Tabby ZP Suit,
10764,Brown ZP Mail,
10765,Brown ZP Suit,
10766,Calico ZP Mail,
10767,Calico ZP Suit,
10768,Monotone ZP Mail,
10769,Monotone ZP Suit,
10770,Chashiro ZP Mail,
10771,Chashiro ZP Suit,
10772,Two-tone ZP Mail,
10773,Two-tone ZP Suit,
10774,Wasou Torso ZP,
10775,Wasou Chestplate ZP,
10776,Howla D Suit,
10777,Panse D Suit,
10778,Marriage D Suit,
10779,Yukine D Vest,
10780,Snow Miku D Vest,
10781,Miku D Vest,
10782,Wasou Torso D,
10783,Melynx D Mail,
10784,Felyne D Mail,
10785,Tabby D Mail,
10786,Brown D Mail,
10787,Calico D Mail,
10788,Monotone D Mail,
10789,Chashiro D Mail,
10790,Two-tone D Mail,
10791,Bistro D Vest,
10792,King Beetle D Thorax,
10793,Butterfly D Thorax,
10794,Demon Lord ノ肩鎧D,
10795,Demon Tale ノ肩鎧D,
10796,鬼凛ノ肩鎧D,
10797,Empress C Mail,
10798,Empress C Vest,
10799,Kaiser C Mail,
10800,Kaiser C Vest,
10801,Dragon D Hide,
10802,Dragon D Skin,
10803,Nargacuga C Mail,
10804,Nargacuga C Vest,
10805,Burning Cliff GX【胴当て】,
10806,Crimson Cliff GX【胴当て】,
10807,Vashimu Z Mail,
10808,Vashimu ZF Mail,
10809,Vashimu ZY Mail,
10810,Vashimu ZX Mail,
10811,Vashimu Z Vest,
10812,Vashimu ZF Vest,
10813,Vashimu ZY Vest,
10814,Vashimu ZX Vest,
10815,Tigrex Z Mail,
10816,Tigrex ZF Mail,
10817,Tigrex ZY Mail,
10818,Tigrex ZX Mail,
10819,Tigrex Z Vest,
10820,Tigrex ZF Vest,
10821,Tigrex ZY Vest,
10822,Tigrex ZX Vest,
10823,Adel Mail,
10824,Adel F Mail,
10825,Adel FZ Mail,
10826,Adel HS Mail,
10827,Adel GS Mail,
10828,Adel GP Mail,
10829,Adel ZP Mail,
10830,Adel Vest,
10831,Adel F Vest,
10832,Adel FZ Vest,
10833,Adel HS Vest,
10834,Adel GS Vest,
10835,Adel GP Vest,
10836,Adel ZP Vest,
10837,Rocbouquet Vest,
10838,Rocbouquet F Vest,
10839,Rocbouquet FZ Vest,
10840,Rocbouquet HS Vest,
10841,Rocbouquet GS Vest,
10842,Rocbouquet GP Vest,
10843,Rocbouquet ZP Vest,
10844,Rocbouquet Suit,
10845,Rocbouquet F Suit,
10846,Rocbouquet FZ Suit,
10847,Rocbouquet HS Suit,
10848,Rocbouquet GS Suit,
10849,Rocbouquet GP Suit,
10850,Rocbouquet ZP Suit,
10851,Alkaiser Vest,
10852,Alkaiser F Vest,
10853,Alkaiser FZ Vest,
10854,Alkaiser HS Vest,
10855,Alkaiser GS Vest,
10856,Alkaiser GP Vest,
10857,Alkaiser ZP Vest,
10858,Alkaiser Suit,
10859,Alkaiser F Suit,
10860,Alkaiser FZ Suit,
10861,Alkaiser HS Suit,
10862,Alkaiser GS Suit,
10863,Alkaiser GP Suit,
10864,Alkaiser ZP Suit,
10865,Claudia Vest,
10866,Claudia F Vest,
10867,Claudia FZ Vest,
10868,Claudia HS Vest,
10869,Claudia GS Vest,
10870,Claudia GP Vest,
10871,Claudia ZP Vest,
10872,Claudia Suit,
10873,Claudia F Suit,
10874,Claudia FZ Suit,
10875,Claudia HS Suit,
10876,Claudia GS Suit,
10877,Claudia GP Suit,
10878,Claudia ZP Suit,
10879,Hesyumu Mail,
10880,Hesyumu F Mail,
10881,Hesyumu FZ Mail,
10882,Hesyumu HS Mail,
10883,Hesyumu GS Mail,
10884,Hesyumu GP Mail,
10885,Hesyumu ZP Mail,
10886,Hesyumu Vest,
10887,Hesyumu F Vest,
10888,Hesyumu FZ Vest,
10889,Hesyumu HS Vest,
10890,Hesyumu GS Vest,
10891,Hesyumu GP Vest,
10892,Hesyumu ZP Vest,
10893,Kasamie Suit,
10894,Kasamie F Suit,
10895,Kasamie FZ Suit,
10896,Kasamie HS Suit,
10897,Kasamie GS Suit,
10898,Kasamie GP Suit,
10899,Kasamie ZP Suit,
10900,Kasamie Vest,
10901,Kasamie F Vest,
10902,Kasamie FZ Vest,
10903,Kasamie HS Vest,
10904,Kasamie GS Vest,
10905,Kasamie GP Vest,
10906,Kasamie ZP Vest,
10907,Cielo ZP Mail,
10908,Cielo ZP Suit,
10909,Vichi ZP Mail,
10910,Vichi ZP Vest,
10911,Lapine ZP Suit,
10912,Lapine ZP Vest,
10913,Beil ZP Brigantes,
10914,Pashio Mail,
10915,Pashio F Mail,
10916,Pashio FY Mail,
10917,Pashio HS Mail,
10918,Pashio G Mail,
10919,Pashio GF Mail,
10920,Pashio GX Mail,
10921,Pashio Vest,
10922,Pashio F Vest,
10923,Pashio FY Vest,
10924,Pashio HS Vest,
10925,Pashio G Vest,
10926,Pashio GF Vest,
10927,Pashio GX Vest,
10928,Harudo D Mail,
10929,Harudo D Vest,
10930,Elegance D【胴当て】,
10931,Grace D【胴当て】,
10932,Meraginasu D Mail,
10933,Meraginasu D Vest,
10934,Hesyumu D Mail,
10935,Kasamie D Suit,
10936,Cielo D Mail,
10937,Vichi D Mail,
10938,Adel D Mail,
10939,Rocbouquet D Vest,
10940,Alkaiser D Vest,
10941,Claudia D Vest,
10942,Kinosu D Mail,
10943,Himeros D Mail,
10944,Charien D Vest,
10945,Arietta D Suit,
10946,Craft D Mail,
10947,Shieri D Mail,
10948,Pupen D Mail,
10949,Moss Covered D Mail,
10950,Excelle D Mail,
10951,Ordre D Mail,
10952,Rath Duo D Mail,
10953,Atra D Mail,
10954,Madaru D Mail,
10955,Shasse D Mail,
10956,Orchesis D Mail,
10957,Blize D Mail,
10958,Quoiz D Mail,
10959,Kalais D Mail,
10960,Lucchese D Mail,
10961,Entora D Mail,
10962,YoRHa No.9 Type S Vest,
10963,YoRHa No.9 Type S F Vest,
10964,YoRHa No.9 Type S FZ Vest,
10965,YoRHa No.9 Type S HS Vest,
10966,YoRHa No.9 Type S GS Vest,
10967,YoRHa No.9 Type S GP Vest,
10968,YoRHa No.9 Type S ZP Vest,
10969,YoRHa No.9 Type S Suit,
10970,YoRHa No.9 Type S F Suit,
10971,YoRHa No.9 Type S FZ Suit,
10972,YoRHa No.9 Type S HS Suit,
10973,YoRHa No.9 Type S GS Suit,
10974,YoRHa No.9 Type S GP Suit,
10975,YoRHa No.9 Type S ZP Suit,
10976,YoRHa No.2 Type B Vest,
10977,YoRHa No.2 Type B F Vest,
10978,YoRHa No.2 Type B FZ Vest,
10979,YoRHa No.2 Type B HS Vest,
10980,YoRHa No.2 Type B GS Vest,
10981,YoRHa No.2 Type B GP Vest,
10982,YoRHa No.2 Type B ZP Vest,
10983,YoRHa No.2 Type B Suit,
10984,YoRHa No.2 Type B F Suit,
10985,YoRHa No.2 Type B FZ Suit,
10986,YoRHa No.2 Type B HS Suit,
10987,YoRHa No.2 Type B GS Suit,
10988,YoRHa No.2 Type B GP Suit,
10989,YoRHa No.2 Type B ZP Suit,
10990,Shagaru Mail,
10991,Shagaru G Mail,
10992,Shagaru GF Mail,
10993,Shagaru GX Mail,
10994,Shagaru Vest,
10995,Shagaru G Vest,
10996,Shagaru GF Vest,
10997,Shagaru GX Vest,
10998,Hyujikiki Z Mail,
10999,Hyujikiki ZF Mail,
11000,Hyujikiki ZY Mail,
11001,Hyujikiki ZX Mail,
11002,Hyujikiki Z Vest,
11003,Hyujikiki ZF Vest,
11004,Hyujikiki ZY Vest,
11005,Hyujikiki ZX Vest,
11006,Gear Z Mail,
11007,Gear ZF Mail,
11008,Gear ZY Mail,
11009,Gear ZX Mail,
11010,Gear Z Vest,
11011,Gear ZF Vest,
11012,Gear ZY Vest,
11013,Gear ZX Vest,
11014,Rokka Suit,
11015,Rokka F Suit,
11016,Rokka FZ Suit,
11017,Rokka HS Suit,
11018,Rokka GS Suit,
11019,Rokka GP Suit,
11020,Rokka ZP Suit,
11021,Rokka Vest,
11022,Rokka F Vest,
11023,Rokka FZ Vest,
11024,Rokka HS Vest,
11025,Rokka GS Vest,
11026,Rokka GP Vest,
11027,Rokka ZP Vest,
11028,Penre Suit,
11029,Penre F Suit,
11030,Penre FZ Suit,
11031,Penre HS Suit,
11032,Penre GS Suit,
11033,Penre GP Suit,
11034,Penre ZP Suit,
11035,Penre Vest,
11036,Penre F Vest,
11037,Penre FZ Vest,
11038,Penre HS Vest,
11039,Penre GS Vest,
11040,Penre GP Vest,
11041,Penre ZP Vest,
11042,Akahara Reisou BM Chest ZP Red,
11043,Akahara Reisou GN Chest ZP Red,
11044,Akahara Reisou BM Chest ZP Blue,
11045,Akahara Reisou GN Chest ZP Blue,
11046,Akahara Reisou BM Chest ZP Black,
11047,Akahara Reisou GN Chest ZP Black,
11048,Akahara Reisou BM Chest ZP White,
11049,Akahara Reisou GN Chest ZP White,
11050,Knight King Chest BM ZP Blue,
11051,Knight King Chest GN ZP Blue,
11052,Knight King Chest BM ZP Red,
11053,Knight King Chest GN ZP Red,
11054,Knight King Chest BM ZP Black,
11055,Knight King Chest GN ZP Black,
11056,Knight King Chest BM ZP White,
11057,Knight King Chest GN ZP White,
11058,Hero King Chest BM ZP Gold,
11059,Hero King Chest GN ZP Gold,
11060,Hero King Chest BM ZP Black,
11061,Hero King Chest GN ZP Black,
11062,Hero King Chest BM ZP White,
11063,Hero King Chest GN ZP White,
11064,Hero King Chest BM ZP Red,
11065,Hero King Chest GN ZP Red,
11066,Gorgon ZP Vest・Black,
11067,Gorgon ZP Suit・Black,
11068,Gorgon ZP Vest・Blue,
11069,Gorgon ZP Suit・Blue,
11070,Gorgon ZP Vest・White,
11071,Gorgon ZP Suit・White,
11072,Gorgon ZP Vest・Red,
11073,Gorgon ZP Suit・Red,
11074,Arben ZP Mail,
11075,Arben ZP Suit,
11076,Aura ZP Mail,
11077,Aura ZP Vest,
11078,Gagachu ZP Vest,
11079,Gagachu ZP Suit,
11080,Kurofi ZP Mail,
11081,Kurofi ZP Vest,
11082,Keravuno ZP Mail,
11083,Keravuno ZP Vest,
11084,Rikante Z Mail,
11085,Rikante ZF Mail,
11086,Rikante ZY Mail,
11087,Rikante ZX Mail,
11088,Rikante Z Vest,
11089,Rikante ZF Vest,
11090,Rikante ZY Vest,
11091,Rikante ZX Vest,
11092,Chatore G Mail,
11093,Chatore GF Mail,
11094,Chatore GX Mail,
11095,Chatore G Vest,
11096,Chatore GF Vest,
11097,Chatore GX Vest,
11098,Donru GX Mail,
11099,Donru GX Vest,
11100,Penre D Suit,
11101,Rokka D Suit,
11102,YoRHa No.9 Type S D Vest,
11103,YoRHa No.2 Type B D Vest,
11104,トリートC Jacket,
11105,Craft C Mail,
11106,Cielo C Mail,
11107,Felyne C Mail,
11108,Akahara Reisou GN Chest D Red,
11109,Akahara Reisou GN Chest D Blue,
11110,Akahara Reisou GN Chest D Black,
11111,Akahara Reisou GN Chest D White,
11112,Knight King Chest BM D Blue,
11113,Knight King Chest BM D Red,
11114,Knight King Chest BM D Black,
11115,Knight King Chest BM D White,
11116,Hero King Chest BM D Gold,
11117,Hero King Chest BM D Black,
11118,Hero King Chest BM D White,
11119,Hero King Chest BM D Red,
11120,Gorgon D Vest・Black,
11121,Gorgon D Vest・Blue,
11122,Gorgon D Vest・White,
11123,Gorgon D Vest・Red,
11124,Arben D Mail,
11125,Aura D Mail,
11126,Gagachu D Vest,
11127,Kurofi D Mail,
11128,Keravuno D Mail,
11129,Espinas ZD Muscle,
11130,Espinas ZD Heart,
11131,Hypnoc ZD Mail,
11132,Hypnoc ZD Vest,
11133,Khezu ZD Mail,
11134,Khezu ZD Vest,
11135,Hermitaur ZD Mail,
11136,Hermitaur ZD Vest,
11137,Rathalos ZD Mail,
11138,Rathalos ZD Vest,
11139,Blango ZD Mail,
11140,Blango ZD Vest,
11141,Vashimu ZD Mail,
11142,Vashimu ZD Vest,
11143,Tigrex ZD Mail,
11144,Tigrex ZD Vest,
11145,Hyujikiki ZD Mail,
11146,Hyujikiki ZD Vest,
11147,Gear ZD Mail,
11148,Gear ZD Vest,
11149,Muruta D Mail,
11150,Midogaron Z Mail,
11151,Midogaron ZF Mail,
11152,Midogaron ZY Mail,
11153,Midogaron ZX Mail,
11154,Midogaron Z Vest,
11155,Midogaron ZF Vest,
11156,Midogaron ZY Vest,
11157,Midogaron ZX Vest,
11158,White Fatalis GX Hide,
11159,White Fatalis GX Skin,
11160,Elzelion G Mail,
11161,Elzelion GF Mail,
11162,Elzelion GX Mail,
11163,Elzelion G Vest,
11164,Elzelion GF Vest,
11165,Elzelion GX Vest,
11166,Zakka Suit,
11167,Zakka F Suit,
11168,Zakka FZ Suit,
11169,Zakka HS Suit,
11170,Zakka GS Suit,
11171,Zakka GP Suit,
11172,Zakka ZP Suit,
11173,Zakka Vest,
11174,Zakka F Vest,
11175,Zakka FZ Vest,
11176,Zakka HS Vest,
11177,Zakka GS Vest,
11178,Zakka GP Vest,
11179,Zakka ZP Vest,
11180,Sword Hero Suit,
11181,Sword Hero F Suit,
11182,Sword Hero FZ Suit,
11183,Sword Hero HS Suit,
11184,Sword Hero GS Suit,
11185,Sword Hero GP Suit,
11186,Sword Hero ZP Suit,
11187,Twin Star Suit,
11188,Twin Star F Suit,
11189,Twin Star FZ Suit,
11190,Twin Star HS Suit,
11191,Twin Star GS Suit,
11192,Twin Star GP Suit,
11193,Twin Star ZP Suit,
11194,Heaven Blade Suit,
11195,Heaven Blade F Suit,
11196,Heaven Blade FZ Suit,
11197,Heaven Blade HS Suit,
11198,Heaven Blade GS Suit,
11199,Heaven Blade GP Suit,
11200,Heaven Blade ZP Suit,
11201,Spring Sword Suit,
11202,Spring Sword F Suit,
11203,Spring Sword FZ Suit,
11204,Spring Sword HS Suit,
11205,Spring Sword GS Suit,
11206,Spring Sword GP Suit,
11207,Spring Sword ZP Suit,
11208,Riot Hammer Suit,
11209,Riot Hammer F Suit,
11210,Riot Hammer FZ Suit,
11211,Riot Hammer HS Suit,
11212,Riot Hammer GS Suit,
11213,Riot Hammer GP Suit,
11214,Riot Hammer ZP Suit,
11215,Song Horn Suit,
11216,Song Horn F Suit,
11217,Song Horn FZ Suit,
11218,Song Horn HS Suit,
11219,Song Horn GS Suit,
11220,Song Horn GP Suit,
11221,Song Horn ZP Suit,
11222,Crush Lance Suit,
11223,Crush Lance F Suit,
11224,Crush Lance FZ Suit,
11225,Crush Lance HS Suit,
11226,Crush Lance GS Suit,
11227,Crush Lance GP Suit,
11228,Crush Lance ZP Suit,
11229,Scream Lance Suit,
11230,Scream Lance F Suit,
11231,Scream Lance FZ Suit,
11232,Scream Lance HS Suit,
11233,Scream Lance GS Suit,
11234,Scream Lance GP Suit,
11235,Scream Lance ZP Suit,
11236,Piercing Light Suit,
11237,Piercing Light F Suit,
11238,Piercing Light FZ Suit,
11239,Piercing Light HS Suit,
11240,Piercing Light GS Suit,
11241,Piercing Light GP Suit,
11242,Piercing Light ZP Suit,
11243,Colour Axe Suit,
11244,Colour Axe F Suit,
11245,Colour Axe FZ Suit,
11246,Colour Axe HS Suit,
11247,Colour Axe GS Suit,
11248,Colour Axe GP Suit,
11249,Colour Axe ZP Suit,
11250,Blast Gun Vest,
11251,Blast Gun F Vest,
11252,Blast Gun FZ Vest,
11253,Blast Gun HS Vest,
11254,Blast Gun GS Vest,
11255,Blast Gun GP Vest,
11256,Blast Gun ZP Vest,
11257,Crush Gun Vest,
11258,Crush Gun F Vest,
11259,Crush Gun FZ Vest,
11260,Crush Gun HS Vest,
11261,Crush Gun GS Vest,
11262,Crush Gun GP Vest,
11263,Crush Gun ZP Vest,
11264,Bow Saint Vest,
11265,Bow Saint F Vest,
11266,Bow Saint FZ Vest,
11267,Bow Saint HS Vest,
11268,Bow Saint GS Vest,
11269,Bow Saint GP Vest,
11270,Bow Saint ZP Vest,
11271,Rantana Suit,
11272,Rantana F Suit,
11273,Rantana FZ Suit,
11274,Rantana HS Suit,
11275,Rantana GS Suit,
11276,Rantana GP Suit,
11277,Rantana ZP Suit,
11278,Rantana Vest,
11279,Rantana F Vest,
11280,Rantana FZ Vest,
11281,Rantana HS Vest,
11282,Rantana GS Vest,
11283,Rantana GP Vest,
11284,Rantana ZP Vest,
11285,Eris Suit,
11286,Eris F Suit,
11287,Eris FZ Suit,
11288,Eris HS Suit,
11289,Eris GS Suit,
11290,Eris GP Suit,
11291,Eris ZP Suit,
11292,Eris Vest,
11293,Eris F Vest,
11294,Eris FZ Vest,
11295,Eris HS Vest,
11296,Eris GS Vest,
11297,Eris GP Vest,
11298,Eris ZP Vest,
11299,Magisa ZP Vest・Red,
11300,Magisa ZP Vest・Black,
11301,Magisa ZP Vest・Green,
11302,Magisa ZP Vest・White,
11303,Wizard ZP Suit・Red,
11304,Wizard ZP Suit・Black,
11305,Wizard ZP Suit・Green,
11306,Wizard ZP Suit・White,
11307,Waka Torso ZP,
11308,Waka Chestplate ZP,
11309,Shaln ZP Vest・Blue,
11310,Shaln ZP Vest・Green,
11311,Shaln ZP Vest・Purple,
11312,Shaln ZP Vest・White,
11313,Shaln ZP Suit・Blue,
11314,Shaln ZP Suit・Green,
11315,Shaln ZP Suit・Purple,
11316,Shaln ZP Suit・White,
11317,Arumyu G Mail,
11318,Arumyu GF Mail,
11319,Arumyu GX Mail,
11320,Arumyu G Vest,
11321,Arumyu GF Vest,
11322,Arumyu GX Vest,
11323,Korinyi Z Suit,
11324,Korinyi ZF Suit,
11325,Korinyi ZY Suit,
11326,Korinyi ZX Suit,
11327,Korinyi Z Vest,
11328,Korinyi ZF Vest,
11329,Korinyi ZY Vest,
11330,Korinyi ZX Vest,
11331,Renka Haori Z,
11332,Renka Haori ZF,
11333,Renka Haori ZY,
11334,Renka Haori ZX,
11335,Renka Shozoku Z,
11336,Renka Shozoku ZF,
11337,Renka Shozoku ZY,
11338,Renka Shozoku ZX,
11339,護靈者D風衣,
11340,兵士D外衣,
11341,野蠻D護甲,
11342,晴雲D鎖甲,
11343,失落D狂甲,
11344,噬天D光甲,
11345,小藍ＣＯＳ服裝,
11346,ヴァンパイアＤメイル,
11347,Midogaron ZD Mail,
11348,Midogaron ZD Vest,
11349,White Fatalis D Hide,
11350,White Fatalis D Skin,
11351,Elzelion D Mail,
11352,Elzelion D Vest,
11353,Zakka D Suit,
11354,十ノ軌跡C Suit,
11355,十ノ至道C Vest,
11356,Rantana D Suit,
11357,Eris D Suit,
11358,Magisa D Vest・Red,
11359,Magisa D Vest・Black,
11360,Magisa D Vest・Green,
11361,Magisa D Vest・White,
11362,Magisa D Vest・Blue,
11363,Waka Torso D,
11364,Shaln D Vest・Blue,
11365,Shaln D Vest・Green,
11366,Shaln D Vest・Purple,
11367,Shaln D Vest・White,
11368,Shaln D Vest・Red,
11369,Shaln D Vest・Crimson,
11370,Shaln D Vest・Orange,
11371,Carriage D Vest,
11372,Marble D Vest,
11373,Shandy D Vest,
11374,Banquet D Vest,
11375,Korinyi D Suit,
11376,Renka Haori D,
11377,Kukubo D Mail,
11378,Kakabu D Mail,
11379,Aruru D Mail,
11380,Red Cat D Suit,
11381,Rios D Mail,
11382,Bonito D Mail,
11383,Meirida D Mail,
11384,Miniomu D Mail,
11385,Harimeno D Mail,
11386,Deliver D Mail,
11387,Asaku D Mail,
11388,Desordre D Mail,
11389,Haragan D Mail,
11390,Abuyado D Mail,
11391,Ruko Z Mail,
11392,Ruko ZF Mail,
11393,Ruko ZY Mail,
11394,Ruko ZX Mail,
11395,Ruko Z Vest,
11396,Ruko ZF Vest,
11397,Ruko ZY Vest,
11398,Ruko ZX Vest,
11399,Plesioth Z Mail,
11400,Plesioth ZF Mail,
11401,Plesioth ZY Mail,
11402,Plesioth ZX Mail,
11403,Plesioth Z Vest,
11404,Plesioth ZF Vest,
11405,Plesioth ZY Vest,
11406,Plesioth ZX Vest,
11407,Sharufu Mail,
11408,Sharufu F Mail,
11409,Sharufu FZ Mail,
11410,Sharufu HS Mail,
11411,Sharufu GS Mail,
11412,Sharufu GP Mail,
11413,Sharufu ZP Mail,
11414,Sharufu Vest,
11415,Sharufu F Vest,
11416,Sharufu FZ Vest,
11417,Sharufu HS Vest,
11418,Sharufu GS Vest,
11419,Sharufu GP Vest,
11420,Sharufu ZP Vest,
11421,Kamara Mail,
11422,Kamara F Mail,
11423,Kamara FZ Mail,
11424,Kamara HS Mail,
11425,Kamara GS Mail,
11426,Kamara GP Mail,
11427,Kamara ZP Mail,
11428,Kamara Vest,
11429,Kamara F Vest,
11430,Kamara FZ Vest,
11431,Kamara HS Vest,
11432,Kamara GS Vest,
11433,Kamara GP Vest,
11434,Kamara ZP Vest,
11435,Ruche Mail,
11436,Ruche F Mail,
11437,Ruche FZ Mail,
11438,Ruche HS Mail,
11439,Ruche GS Mail,
11440,Ruche GP Mail,
11441,Ruche ZP Mail,
11442,Ruche Vest,
11443,Ruche F Vest,
11444,Ruche FZ Vest,
11445,Ruche HS Vest,
11446,Ruche GS Vest,
11447,Ruche GP Vest,
11448,Ruche ZP Vest,
11449,Rage HS Mail,
11450,Rage GS Mail,
11451,Rage GP Mail,
11452,Rage ZP Mail,
11453,Rage HS Suit,
11454,Rage GS Suit,
11455,Rage GP Suit,
11456,Rage ZP Suit,
11457,Rampage HS Mail,
11458,Rampage GS Mail,
11459,Rampage GP Mail,
11460,Rampage ZP Mail,
11461,Rampage HS Suit,
11462,Rampage GS Suit,
11463,Rampage GP Suit,
11464,Rampage ZP Suit,
11465,Blaze HS Mail,
11466,Blaze GS Mail,
11467,Blaze GP Mail,
11468,Blaze ZP Mail,
11469,Blaze HS Suit,
11470,Blaze GS Suit,
11471,Blaze GP Suit,
11472,Blaze ZP Suit,
11473,Poogie FZ Vest,
11474,Poogie HS Vest,
11475,Poogie GS Vest,
11476,Poogie GP Vest,
11477,Poogie ZP Vest,
11478,Poogie FZ Torso,
11479,Poogie HS Torso,
11480,Poogie GS Torso,
11481,Poogie GP Torso,
11482,Poogie ZP Torso,
11483,Mandora FZ Vest,
11484,Mandora HS Vest,
11485,Mandora GS Vest,
11486,Mandora GP Vest,
11487,Mandora ZP Vest,
11488,Mandora FZ Suit,
11489,Mandora HS Suit,
11490,Mandora GS Suit,
11491,Mandora GP Suit,
11492,Mandora ZP Suit,
11493,Aonoko FZ Vest,
11494,Aonoko HS Vest,
11495,Aonoko GS Vest,
11496,Aonoko GP Vest,
11497,Aonoko ZP Vest,
11498,Aonoko FZ Suit,
11499,Aonoko HS Suit,
11500,Aonoko GS Suit,
11501,Aonoko GP Suit,
11502,Aonoko ZP Suit,
11503,Gauss ZP Mail,
11504,Gauss ZP Vest,
11505,Weber ZP Mail,
11506,Weber ZP Vest,
11507,Gilbert ZP Mail,
11508,Gilbert ZP Vest,
11509,Zuibei ZP Muscle,
11510,Zuibei ZP Heart,
11511,Liebre G Mail,
11512,Liebre GF Mail,
11513,Liebre GX Mail,
11514,Liebre G Vest,
11515,Liebre GF Vest,
11516,Liebre GX Vest,
11517,Merente Z Mail,
11518,Merente ZF Mail,
11519,Merente ZY Mail,
11520,Merente ZX Mail,
11521,Merente Z Vest,
11522,Merente ZF Vest,
11523,Merente ZY Vest,
11524,Merente ZX Vest,
11525,Ruko ZD Mail,
11526,Ruko ZD Vest,
11527,Plesioth ZD Mail,
11528,Plesioth ZD Vest,
11529,Sharufu D Mail,
11530,Kamara D Mail,
11531,Liebre D Mail,
11532,Korinyi C Suit,
11533,Ruche D Mail,
11534,Strength Dボディ,
11535,Rage D Mail,
11536,Rampage D Mail,
11537,Blaze D Mail,
11538,Poogie D Vest,
11539,Mandora D Vest,
11540,Aonoko D Vest,
11541,Gauss D Mail,
11542,Weber D Mail,
11543,Gilbert D Mail,
11544,Zuibei D Muscle,
11545,Chiarim D Mail,
11546,Guild Bard C Suit,
11547,Scholar C Suit,
11548,Aelucanth C Thorax,
11549,Rhopessa C Thorax,
11550,Yukumo ノドウギC・Heaven,
11551,White 蘭D Mail,
11552,Crimson 霞D Mail,
11553,Demonclad ノ肩鎧D,
11554,Tangusu D Mail,
11555,Disu D Mail,
11556,Disu D Vest,
11557,Lils D Mail,
11558,Lils D Vest,
11559,Dragon SC Hide,
11560,Dragon SC Skin,
11561,Dragon GD Hide,
11562,Dragon GD Skin,
11563,Vulcan D Hide,
11564,Vulcan D Skin,
11565,Vulcan GD Hide,
11566,Vulcan GD Skin,
11567,Garnet D Mail,
11568,Amethyst D Mail,
11569,Coral D Mail,
11570,Quartz D Mail,
11571,Emerald D Mail,
11572,Pearl D Mail,
11573,Ruby D Mail,
11574,Sapphire D Mail,
11575,Topaz D Vest,
11576,Tourmaline D Vest,
11577,Lapis D Vest,
11578,Hisui D Mail,
11579,Onyx D Mail,
11580,Veloci ーツボディD,
11581,Gen ーツボディD,
11582,Io ーツボディD,
11583,Gia ーツボディD,
11584,Mosswine Vest D,
11585,Remobra ーツボディD,
11586,Battle Vest PD Blue,
11587,Battle Vest PD Yellow,
11588,Battle Vest PD Purple,
11589,Rathian Mail PD Blue,
11590,Rathian Mail PD Red,
11591,Rathian Mail PD Black,
11592,Khezu Mail PD Blue,
11593,Khezu Mail PD Green,
11594,Khezu Mail PD Black,
11595,Espinas Mail PD Red,
11596,Espinas Mail PD Blue,
11597,Espinas Mail PD Yellow,
11598,Espinas Vest PD Red,
11599,Espinas Vest PD Blue,
11600,Espinas Vest PD Yellow,
11601,Guardi Suit PD White,
11602,Guardi Suit PD Black,
11603,Guardi Suit PD Purple,
11604,Healer Vest PD Blue,
11605,Healer Vest PD White,
11606,Healer Vest PD Yellow,
11607,Shourou 【殻胴】D,
11608,Mitama 【殻胴】D,
11609,Burning Cliff D【胴当て】,
11610,Crimson Cliff D【胴当て】,
11611,Ledia D Mail,
11612,White Snake Haori D,
11613,Black Tiger Haori D,
11614,Crushing Fog D [Haori 】,
11615,Valued Word Haori D,
11616,Blue Sky Haori D,
11617,Noon Glow Haori D,
11618,Kosho D [Haori 】,
11619,True Shadow Haori D,
11620,Furogada D Mail,
11621,Lars D Mail,
11622,Donru D Mail,
11623,Inagami ZD Mail,
11624,Barioth C Mail,
11625,Barioth C Vest,
11626,Brachy C Mail,
11627,Brachy C Vest,
11628,Uragaan C Mail,
11629,Uragaan C Vest,
11630,Stygian C Mail,
11631,Stygian C Vest,
11632,Gore C Mail,
11633,Gore C Vest,
11634,Vangis C Mail,
11635,Vangis C Vest,
11636,Shagaru C Mail,
11637,Shagaru C Vest,
11638,Inagami Z Mail,
11639,Inagami ZF Mail,
11640,Inagami ZY Mail,
11641,Inagami ZX Mail,
11642,Inagami Z Vest,
11643,Inagami ZF Vest,
11644,Inagami ZY Vest,
11645,Inagami ZX Vest,
11646,Tempest 【衣】,
11647,Tempest G【衣】,
11648,Tempest GF【衣】,
11649,Tempest GX【衣】,
11650,Welkin 【衣】,
11651,Welkin G【衣】,
11652,Welkin GF【衣】,
11653,Welkin GX【衣】,
11654,Levin Mail,
11655,Levin F Mail,
11656,Levin FZ Mail,
11657,Levin HS Mail,
11658,Levin GS Mail,
11659,Levin GP Mail,
11660,Levin ZP Mail,
11661,Levin Vest,
11662,Levin F Vest,
11663,Levin FZ Vest,
11664,Levin HS Vest,
11665,Levin GS Vest,
11666,Levin GP Vest,
11667,Levin ZP Vest,
11668,Silver Armour・Body,
11669,Silver Armour F・Body,
11670,Silver Armour FZ・Body,
11671,Silver Armour HS・Body,
11672,Silver Armour GS・Body,
11673,Silver Armour GP・Body,
11674,Silver Armour ZP・Body,
11675,Silver Armour・Chest,
11676,Silver Armour F・Chest,
11677,Silver Armour FZ・Chest,
11678,Silver Armour HS・Chest,
11679,Silver Armour GS・Chest,
11680,Silver Armour GP・Chest,
11681,Silver Armour ZP・Chest,
11682,Rose Ball Gown・Shozoku,
11683,Rose Ball Gown F・Shozoku,
11684,Rose Ball Gown FZ・Shozoku,
11685,Rose Ball Gown HS・Shozoku,
11686,Rose Ball Gown GS・Shozoku,
11687,Rose Ball Gown GP・Shozoku,
11688,Rose Ball Gown ZP・Shozoku,
11689,Rose Ball Gown・Cloth,
11690,Rose Ball Gown F・Cloth,
11691,Rose Ball Gown FZ・Cloth,
11692,Rose Ball Gown HS・Cloth,
11693,Rose Ball Gown GS・Cloth,
11694,Rose Ball Gown GP・Cloth,
11695,Rose Ball Gown ZP・Cloth,
11696,Shui Mail,
11697,Shui F Mail,
11698,Shui FZ Mail,
11699,Shui HS Mail,
11700,Shui GS Mail,
11701,Shui GP Mail,
11702,Shui ZP Mail,
11703,Shui Vest,
11704,Shui F Vest,
11705,Shui FZ Vest,
11706,Shui HS Vest,
11707,Shui GS Vest,
11708,Shui GP Vest,
11709,Shui ZP Vest,
11710,CE Kevlar ZP BM Chest Blue,
11711,CE Kevlar ZP GN Chest Blue,
11712,CE Kevlar ZP BM Chest Red,
11713,CE Kevlar ZP GN Chest Red,
11714,CE Kevlar ZP BM Chest White,
11715,CE Kevlar ZP GN Chest White,
11716,CE Kevlar ZP BM Chest Black,
11717,CE Kevlar ZP GN Chest Black,
11718,AB Layer ZP BM Chest Red,
11719,AB Layer ZP GN Chest Red,
11720,AB Layer ZP BM Chest Blue,
11721,AB Layer ZP GN Chest Blue,
11722,AB Layer ZP BM Chest Black,
11723,AB Layer ZP GN Chest Black,
11724,AB Layer ZP BM Chest White,
11725,AB Layer ZP GN Chest White,
11726,Ruban ZP Vest,
11727,Ruban ZP Suit,
11728,L'Amore ZP Vest,
11729,L'Amore ZP Suit,
11730,Orloj ZP Vest,
11731,Orloj ZP Suit,
11732,Dolce ZP Vest,
11733,Dolce ZP Suit,
11734,Bright ZP Mail,
11735,Bright ZP Vest,
11736,Juari ZP Mail,
11737,Juari ZP Vest,
11738,Tinku ZP Mail,
11739,Tinku ZP Vest,
11740,Shatemu ZP Vest,
11741,Shatemu ZP Suit,
11742,Hevria ZP Vest,
11743,Hevria ZP Suit,
11744,Tiuru ZP Vest,
11745,Tiuru ZP Suit,
11746,Kaila ZP Mail,
11747,Kaila ZP Suit,
11748,Fonse G Mail,
11749,Fonse GF Mail,
11750,Fonse GX Mail,
11751,Fonse G Vest,
11752,Fonse GF Vest,
11753,Fonse GX Vest,
11754,Utante Z Mail,
11755,Utante ZF Mail,
11756,Utante ZY Mail,
11757,Utante ZX Mail,
11758,Utante Z Vest,
11759,Utante ZF Vest,
11760,Utante ZY Vest,
11761,Utante ZX Vest,
11762,Rizuvue G Mail,
11763,Rizuvue GF Mail,
11764,Rizuvue GX Mail,
11765,Rizuvue G Vest,
11766,Rizuvue GF Vest,
11767,Rizuvue GX Vest,
11768,Inagami ZD Vest,
11769,Tempest C【衣】,
11770,Welkin C【衣】,
11771,Levin D Mail,
11772,Silver Armour D・Body,
11773,Rose Ball Gown D・Shozoku,
11774,Shui D Mail,
11775,CE Kevlar D BM Chest Blue,
11776,CE Kevlar D BM Chest Red,
11777,CE Kevlar D BM Chest White,
11778,CE Kevlar D BM Chest Black,
11779,AB Layer D BM Chest Red,
11780,AB Layer D BM Chest Blue,
11781,AB Layer D BM Chest Black,
11782,AB Layer D BM Chest White,
11783,Ruban D Vest,
11784,L'Amore D Vest,
11785,Orloj D Vest,
11786,Dolce D Vest,
11787,Bright D Mail,
11788,Juari D Mail,
11789,Tinku D Mail,
11790,Shatemu D Vest,
11791,Hevria D Vest,
11792,Tiuru D Vest,
11793,Kaila D Mail,
11794,Fonse D Mail,
11795,Hypno ルータD Suit,
11796,Hypnolia D Suit,
11797,Es Quera D Suit,
11798,Ecole D Suit,
11799,Guns D Suit,
11800,Agria D Suit,
11801,Fauve D Suit,
11802,ティーアD Suit,
11803,Muse D Suit,
11804,Dicto D Suit,
11805,Kruss D Suit,
11806,Starina D Suit,
11807,Loose D Suit,
11808,Mirado D Suit,
11809,Deyuru D Mail,
11810,Robust D Diru,
11811,Falco D Mail,
11812,Howx D Mail,
11813,Pirata D Jacket,
11814,Zeroi D Jacket,
11815,Rail D Mail,
11816,Ridere D Mail,
11817,Riot D Mail,
11818,Rutare D Mail,
11819,Rolling Flow Chestplate・D,
11820,Rolling Sky Chestplate・D,
11821,Cubie D Mail,
11822,Kemor D Mail,
11823,Latria D Vest,
11824,Kontao D Vest,
11825,Ukon D Vest,
11826,ロットD Vest,
11827,Shoko D Suit,
11828,Nimbus D Suit,
11829,Moonlight Haori・D,
11830,Dawnbreak Haori・D,
11831,Toridcless Z Mail,
11832,Toridcless ZF Mail,
11833,Toridcless ZY Mail,
11834,Toridcless ZX Mail,
11835,Toridcless Z Vest,
11836,Toridcless ZF Vest,
11837,Toridcless ZY Vest,
11838,Toridcless ZX Vest,
11839,Doragyurosu Z Mail,
11840,Doragyurosu ZF Mail,
11841,Doragyurosu ZY Mail,
11842,Doragyurosu ZX Mail,
11843,Doragyurosu Z Vest,
11844,Doragyurosu ZF Vest,
11845,Doragyurosu ZY Vest,
11846,Doragyurosu ZX Vest,
11847,Alfi Suit,
11848,Alfi F Suit,
11849,Alfi FZ Suit,
11850,Alfi HS Suit,
11851,Alfi GS Suit,
11852,Alfi GP Suit,
11853,Alfi ZP Suit,
11854,Alfi Vest,
11855,Alfi F Vest,
11856,Alfi FZ Vest,
11857,Alfi HS Vest,
11858,Alfi GS Vest,
11859,Alfi GP Vest,
11860,Alfi ZP Vest,
11861,Kaifa Mail,
11862,Kaifa F Mail,
11863,Kaifa FZ Mail,
11864,Kaifa HS Mail,
11865,Kaifa GS Mail,
11866,Kaifa GP Mail,
11867,Kaifa ZP Mail,
11868,Kaifa Vest,
11869,Kaifa F Vest,
11870,Kaifa FZ Vest,
11871,Kaifa HS Vest,
11872,Kaifa GS Vest,
11873,Kaifa GP Vest,
11874,Kaifa ZP Vest,
11875,Straza Suit,
11876,Straza F Suit,
11877,Straza FZ Suit,
11878,Straza HS Suit,
11879,Straza GS Suit,
11880,Straza GP Suit,
11881,Straza ZP Suit,
11882,Straza Vest,
11883,Straza F Vest,
11884,Straza FZ Vest,
11885,Straza HS Vest,
11886,Straza GS Vest,
11887,Straza GP Vest,
11888,Straza ZP Vest,
11889,Furante Z Mail,
11890,Furante ZF Mail,
11891,Furante ZY Mail,
11892,Furante ZX Mail,
11893,Furante Z Vest,
11894,Furante ZF Vest,
11895,Furante ZY Vest,
11896,Furante ZX Vest,
11897,Cariva G Mail,
11898,Cariva GF Mail,
11899,Cariva GX Mail,
11900,Cariva G Vest,
11901,Cariva GF Vest,
11902,Cariva GX Vest,
11903,Bonne G Mail,
11904,Bonne GF Mail,
11905,Bonne GX Mail,
11906,Bonne G Vest,
11907,Bonne GF Vest,
11908,Bonne GX Vest,
11909,Survey Corps ZP Vest,
11910,Survey Corps ZP Suit,
11911,Training Corps ZP Vest,
11912,Training Corps ZP Suit,
11913,Twelve Paladins' Armor・Body,
11914,Twelve Paladins' Armor F・Body,
11915,Twelve Paladins' Armor FZ・Body,
11916,Twelve Paladins' Armor HS・Body,
11917,Twelve Paladins' Armor GS・Body,
11918,Twelve Paladins' Armor GP・Body,
11919,Twelve Paladins' Armor ZP・Body,
11920,Twelve Paladins' Armor・Chest,
11921,Twelve Paladins' Armor F・Chest,
11922,Twelve Paladins' Armor FZ・Chest,
11923,Twelve Paladins' Armor HS・Chest,
11924,Twelve Paladins' Armor GS・Chest,
11925,Twelve Paladins' Armor GP・Chest,
11926,Twelve Paladins' Armor ZP・Chest,
11927,Holy Maiden Armor・Shozoku,
11928,Holy Maiden Armor F・Shozoku,
11929,Holy Maiden Armor FZ・Shozoku,
11930,Holy Maiden Armor HS・Shozoku,
11931,Holy Maiden Armor GS・Shozoku,
11932,Holy Maiden Armor GP・Shozoku,
11933,Holy Maiden Armor ZP・Shozoku,
11934,Holy Maiden Armor・Cloth,
11935,Holy Maiden Armor F・Cloth,
11936,Holy Maiden Armor FZ・Cloth,
11937,Holy Maiden Armor HS・Cloth,
11938,Holy Maiden Armor GS・Cloth,
11939,Holy Maiden Armor GP・Cloth,
11940,Holy Maiden Armor ZP・Cloth,
11941,Dragon Slayer Armor・Body,
11942,Dragon Slayer Armor F・Body,
11943,Dragon Slayer Armor FZ・Body,
11944,Dragon Slayer Armor HS・Body,
11945,Dragon Slayer Armor GS・Body,
11946,Dragon Slayer Armor GP・Body,
11947,Dragon Slayer Armor ZP・Body,
11948,Dragon Slayer Armor・Chest,
11949,Dragon Slayer Armor F・Chest,
11950,Dragon Slayer Armor FZ・Chest,
11951,Dragon Slayer Armor HS・Chest,
11952,Dragon Slayer Armor GS・Chest,
11953,Dragon Slayer Armor GP・Chest,
11954,Dragon Slayer Armor ZP・Chest,
11955,Rebellion Armour・Body,
11956,Rebellion Armour F・Body,
11957,Rebellion Armour FZ・Body,
11958,Rebellion Armour HS・Body,
11959,Rebellion Armour GS・Body,
11960,Rebellion Armour GP・Body,
11961,Rebellion Armour ZP・Body,
11962,Rebellion Armour・Chest,
11963,Rebellion Armour F・Chest,
11964,Rebellion Armour FZ・Chest,
11965,Rebellion Armour HS・Chest,
11966,Rebellion Armour GS・Chest,
11967,Rebellion Armour GP・Chest,
11968,Rebellion Armour ZP・Chest,
11969,Dinato ZP Mail,
11970,Dinato ZP Vest,
11971,Duque ZP Mail,
11972,Duque ZP Vest,
11973,Granu ZP Mail,
11974,Granu ZP Vest,
11975,Chiyo Shozoku ZP,
11976,Chiyo Cloth ZP,
11977,Nekodan ZP Suit,
11978,Gudan ZP Mail,
11979,Toridcless ZD Mail,
11980,Toridcless ZD Vest,
11981,Doragyurosu ZD Mail,
11982,Doragyurosu ZD Vest,
11983,Alfi D Suit,
11984,Kaifa D Mail,
11985,Straza D Suit,
11986,Renka Haori C,
11987,Survey Corps D Vest,
11988,Training Corps D Vest,
11989,Twelve Paladins' Armor D・Body,
11990,Holy Maiden Armor D・Shozoku,
11991,Dragon Slayer Armor D・Body,
11992,Rebellion Armour D・Body,
11993,Dinato D Mail,
11994,Duque D Mail,
11995,Granu D Mail,
11996,Chiyo Shozoku D,
11997,Rubellite D Mail,
11998,ラズライトD Mail,
11999,Zircon D Mail,
12000,Spinel D Mail,
12001,Jade D Mail,
12002,Agate D Mail,
12003,Pyrope D Mail,
12004,アイオラD Mail,
12005,Rutile D Mail,
12006,Blood D Mail,
12007,Citrine D Vest,
12008,Peridot D Vest,
12009,Turquoise D Vest,
12010,Mafumofu Suit PD Red,
12011,Mafumofu Suit PD Yellow,
12012,Mafumofu Suit PD Purple,
12013,Basarios Vest PD Red,
12014,Basarios Vest PD Black,
12015,Basarios Vest PD Yellow,
12016,Blango Mail PD Yellow,
12017,Blango Mail PD Blue,
12018,Blango Mail PD Black,
12019,Golden Haori PD White,
12020,Golden Haori PD Purple,
12021,Golden Haori PD Green,
12022,Gravios Vest PD Green,
12023,Gravios Vest PD Purple,
12024,Gravios Vest PD Red,
12025,High Metal Mail PD Black,
12026,High Metal Mail PD Blue,
12027,High Metal Mail PD Yellow,
12028,S・Sol Mail PD Red,
12029,S・Sol Mail PD Purple,
12030,S・Sol Mail PD Black,
12031,Garuga Vest PD White,
12032,Garuga Vest PD Green,
12033,Garuga Vest PD Red,
12034,Hermitaur Mail PD Blue,
12035,Hermitaur Mail PD White,
12036,Hermitaur Mail PD Purple,
12037,Kushala Diru PD Red,
12038,Kushala Diru PD Yellow,
12039,Kushala Diru PD Green,
12040,Kushala バダル PD Red,
12041,Kushala バダル PD Yellow,
12042,Kushala バダル PD Green,
12043,忍の Shozoku・陽D,
12044,忍の Shozoku・陰D,
12045,Bonne D Mail,
12046,Kalais D Vest,
12047,Lucchese D Vest,
12048,Quoiz D Vest,
12049,Nekodan D Suit,
12050,Gudan D Mail,
12051,Nerihi Haori Z,
12052,Nerihi Haori ZF,
12053,Nerihi Haori ZY,
12054,Nerihi Haori ZX,
12055,Nerihi Shozoku Z,
12056,Nerihi Shozoku ZF,
12057,Nerihi Shozoku ZY,
12058,Nerihi Shozoku ZX,
12059,Saine Suit,
12060,Saine F Suit,
12061,Saine FZ Suit,
12062,Saine HS Suit,
12063,Saine GS Suit,
12064,Saine GP Suit,
12065,Saine ZP Suit,
12066,Saine Vest,
12067,Saine F Vest,
12068,Saine FZ Vest,
12069,Saine HS Vest,
12070,Saine GS Vest,
12071,Saine GP Vest,
12072,Saine ZP Vest,
12073,Wing Vest,
12074,Wing F Vest,
12075,Wing FZ Vest,
12076,Wing HS Vest,
12077,Wing GS Vest,
12078,Wing GP Vest,
12079,Wing ZP Vest,
12080,Wing Suit,
12081,Wing F Suit,
12082,Wing FZ Suit,
12083,Wing HS Suit,
12084,Wing GS Suit,
12085,Wing GP Suit,
12086,Wing ZP Suit,
12087,Gasura Z Mail,
12088,Gasura ZF Mail,
12089,Gasura ZY Mail,
12090,Gasura ZX Mail,
12091,Gasura Z Vest,
12092,Gasura ZF Vest,
12093,Gasura ZY Vest,
12094,Gasura ZX Vest,
12095,Seregios Mail,
12096,Seregios G Mail,
12097,Seregios GF Mail,
12098,Seregios GX Mail,
12099,Seregios Vest,
12100,Seregios G Vest,
12101,Seregios GF Vest,
12102,Seregios GX Vest,
12103,Utaei Shozoku Z,
12104,Utaei Shozoku ZF,
12105,Utaei Shozoku ZY,
12106,Utaei Shozoku ZX,
12107,Utaei Cloth Z,
12108,Utaei Cloth ZF,
12109,Utaei Cloth ZY,
12110,Utaei Cloth ZX,
12111,Cassius G Mail,
12112,Cassius GF Mail,
12113,Cassius GX Mail,
12114,Cassius G Vest,
12115,Cassius GF Vest,
12116,Cassius GX Vest,
12117,Pinbi Vest,
12118,Pinbi F Vest,
12119,Pinbi FZ Vest,
12120,Pinbi HS Vest,
12121,Pinbi GS Vest,
12122,Pinbi GP Vest,
12123,Pinbi ZP Vest,
12124,Pinbi Suit,
12125,Pinbi F Suit,
12126,Pinbi FZ Suit,
12127,Pinbi HS Suit,
12128,Pinbi GS Suit,
12129,Pinbi GP Suit,
12130,Pinbi ZP Suit,
12131,Pribu Vest,
12132,Pribu F Vest,
12133,Pribu FZ Vest,
12134,Pribu HS Vest,
12135,Pribu GS Vest,
12136,Pribu GP Vest,
12137,Pribu ZP Vest,
12138,Pribu Suit,
12139,Pribu F Suit,
12140,Pribu FZ Suit,
12141,Pribu HS Suit,
12142,Pribu GS Suit,
12143,Pribu GP Suit,
12144,Pribu ZP Suit,
12145,Gray Vest,
12146,Gray F Vest,
12147,Gray FZ Vest,
12148,Gray HS Vest,
12149,Gray GS Vest,
12150,Gray GP Vest,
12151,Gray ZP Vest,
12152,Gray Suit,
12153,Gray F Suit,
12154,Gray FZ Suit,
12155,Gray HS Suit,
12156,Gray GS Suit,
12157,Gray GP Suit,
12158,Gray ZP Suit,
12159,Urpina Vest,
12160,Urpina F Vest,
12161,Urpina FZ Vest,
12162,Urpina HS Vest,
12163,Urpina GS Vest,
12164,Urpina GP Vest,
12165,Urpina ZP Vest,
12166,Urpina Suit,
12167,Urpina F Suit,
12168,Urpina FZ Suit,
12169,Urpina HS Suit,
12170,Urpina GS Suit,
12171,Urpina GP Suit,
12172,Urpina ZP Suit,
12173,Noel Mail,
12174,Noel F Mail,
12175,Noel FZ Mail,
12176,Noel HS Mail,
12177,Noel GS Mail,
12178,Noel GP Mail,
12179,Noel ZP Mail,
12180,Noel Vest,
12181,Noel F Vest,
12182,Noel FZ Vest,
12183,Noel HS Vest,
12184,Noel GS Vest,
12185,Noel GP Vest,
12186,Noel ZP Vest,
12187,Bune Vest,
12188,Bune F Vest,
12189,Bune FZ Vest,
12190,Bune HS Vest,
12191,Bune GS Vest,
12192,Bune GP Vest,
12193,Bune ZP Vest,
12194,Bune Suit,
12195,Bune F Suit,
12196,Bune FZ Suit,
12197,Bune HS Suit,
12198,Bune GS Suit,
12199,Bune GP Suit,
12200,Bune ZP Suit,
12201,Ravi G Mail:Extreme,
12202,Ravi GF Mail:Extreme,
12203,Ravi GX Mail:Extreme,
12204,Ravi G Vest:Extreme,
12205,Ravi GF Vest:Extreme,
12206,Ravi GX Vest:Extreme,
12207,Harze ZP Suit,
12208,Harze ZP Vest,
12209,Revenants ZP Muscle,
12210,Revenants ZP Heart,
12211,Saine D Suit,
12212,Wing D Vest,
12213,Gasura ZD Mail,
12214,Gasura ZD Vest,
12215,Seregios C Mail,
12216,Seregios C Vest,
12217,Pinbi D Vest,
12218,Pribu D Vest,
12219,Nerihi Haori D,
12220,Gray D Vest,
12221,Urpina D Vest,
12222,Noel D Mail,
12223,Bune D Vest,
12224,Melas D Suit,
12225,Byakko・Kensei D Mail,
12226,Byakko・双龍D Mail,
12227,Byakko・剣王D Mail,
12228,Byakko・刀神D Mail,
12229,Byakko・Heaven 槍D Mail,
12230,Byakko・砲皇D Mail,
12231,Byakko・鈍器獣D Mail,
12232,Byakko・奏帝D Mail,
12233,Byakko・穿凰D Mail,
12234,Byakko・斬将D Mail,
12235,Byakko・銃傑D Suit,
12236,Byakko・銃仙D Suit,
12237,Byakko・Bow 鬼D Suit,
12238,Kirin Vest PD Red,
12239,Kirin Vest PD Purple,
12240,Kirin Vest PD Black,
12241,Kaiser Mail PD White,
12242,Kaiser Vest PD White,
12243,Kaiser Mail PD Black,
12244,Kaiser Vest PD Black,
12245,Kaiser Mail PD Green,
12246,Kaiser Vest PD Green,
12247,Mizuha [Chest] PD Blue,
12248,Mizuha [Chest] PD Red,
12249,Mizuha [Chest] PD Yellow,
12250,Toyotama [Chest] PD Blue,
12251,Toyotama [Chest] PD Red,
12252,Toyotama [Chest] PD Yellow,
12253,暁丸【胴当て】 PD Red,
12254,暁丸【胴当て】 PD Purple,
12255,暁丸【胴当て】 PD White,
12256,凛 [Chestplate] PD Black,
12257,凛 [Chestplate] PD Purple,
12258,凛 [Chestplate] PD White,
12259,Ceanataur Vest PD Red,
12260,Ceanataur Vest PD Black,
12261,Ceanataur Vest PD Yellow,
12262,Remobra ボディ PD White,
12263,Remobra ボディ PD Yellow,
12264,Remobra ボディ PD Black,
12265,Harze D Suit,
12266,Revenants D Muscle,
12267,Kukubo D Vest,
12268,Kakabu D Vest,
12269,Aruru D Vest,
12270,Suzaku・Kensei D Mail,
12271,Suzaku・双龍D Mail,
12272,Suzaku・剣王D Mail,
12273,Suzaku・刀神D Mail,
12274,Suzaku・Heaven 槍D Mail,
12275,Suzaku・砲皇D Mail,
12276,Suzaku・鈍器獣D Mail,
12277,Suzaku・奏帝D Mail,
12278,Suzaku・穿凰D Mail,
12279,Suzaku・斬将D Mail,
12280,Suzaku・銃傑D Suit,
12281,Suzaku・銃仙D Suit,
12282,Suzaku・Bow 鬼D Suit,
12283,G・Knight Vest PD Red,
12284,G・Knight Vest PD Blue,
12285,G・Knight Vest PD Purple,
12286,PV Vest PD Red,
12287,PV Vest PD Blue,
12288,PV Vest PD Purple,
12289,Empress Mail PD Red,
12290,Empress Mail PD Yellow,
12291,Empress Mail PD Purple,
12292,Empress Suit PD Red,
12293,Empress Suit PD Yellow,
12294,Empress Suit PD Purple,
12295,Vespoid Mail PD Yellow,
12296,Vespoid Mail PD Black,
12297,Vespoid Mail PD Blue,
12298,Death Stench Muscle PD White,
12299,Death Stench Muscle PD Red,
12300,Death Stench Muscle PD Blue,
12301,Diablos Mail PD Purple,
12302,Diablos Mail PD Blue,
12303,Diablos Mail PD Yellow,
12304,Makluva Cover PD Green,
12305,Makluva Cover PD Blue,
12306,Makluva Cover PD Black,
12307,Akantor ウルンテ PD Black,
12308,Akantor ウルンテ PD Red,
12309,Akantor ウルンテ PD White,
12310,Akantor ウルンペ PD Black,
12311,Akantor ウルンペ PD Red,
12312,Akantor ウルンペ PD White,
12313,Gravios Mail PD Black,
12314,Gravios Mail PD Blue,
12315,Gravios Mail PD Red,
12316,Sharuru D Mail,
12317,Neriotori Haori D,
12318,Anorupatisu ZD Mail,
12319,Anorupatisu ZD Vest,
12320,Dylan D Suit,
12321,Dibble D Suit,
12322,Fins D Suit,
12323,Dins D Suit,
12324,Charis D Suit,
12325,Miriam D Mail,
12326,Lenigan D Suit,
12327,執事 Maid 色替え,
12328,Katante D Mail,
12329,Rikante D Mail,
12330,Merente D Mail,
12331,Utante D Mail,
12332,Brooke D Vest,
12333,Shirukku D Vest,
12334,Gorukku D Vest,
12335,Kiyoshi Haori D,
12336,Kashoku Haori D,
12337,Jyaga D Mail,
12338,Cure D Mail,
12339,Jess D Mail,
12340,Riaruo D Mail,
12341,Reiresu D Mail,
12342,Reuasu D Mail,
12343,Buran D Jacket,
12344,Shimashima D Vest,
12345,Desutora D Plate,
12346,Furante D Mail,
12347,Sharuru Mail,
12348,Sharuru F Mail,
12349,Sharuru FZ Mail,
12350,Sharuru HS Mail,
12351,Sharuru GS Mail,
12352,Sharuru GP Mail,
12353,Sharuru ZP Mail,
12354,Sharuru Vest,
12355,Sharuru F Vest,
12356,Sharuru FZ Vest,
12357,Sharuru HS Vest,
12358,Sharuru GS Vest,
12359,Sharuru GP Vest,
12360,Sharuru ZP Vest,
12361,Neriotori Haori Z,
12362,Neriotori Haori ZF,
12363,Neriotori Haori ZY,
12364,Neriotori Haori ZX,
12365,Neriotori Shozoku Z,
12366,Neriotori Shozoku ZF,
12367,Neriotori Shozoku ZY,
12368,Neriotori Shozoku ZX,
12369,Anorupatisu Z Mail,
12370,Anorupatisu ZF Mail,
12371,Anorupatisu ZY Mail,
12372,Anorupatisu ZX Mail,
12373,Anorupatisu Z Vest,
12374,Anorupatisu ZF Vest,
12375,Anorupatisu ZY Vest,
12376,Anorupatisu ZX Vest,
12377,Utatsumugu Shozoku Z,
12378,Utatsumugu Shozoku ZF,
12379,Utatsumugu Shozoku ZY,
12380,Utatsumugu Shozoku ZX,
12381,Utatsumugu Cloth Z,
12382,Utatsumugu Cloth ZF,
12383,Utatsumugu Cloth ZY,
12384,Utatsumugu Cloth ZX,
12385,Lynx G Mail,
12386,Lynx GF Mail,
12387,Lynx GX Mail,
12388,Lynx G Vest,
12389,Lynx GF Vest,
12390,Lynx GX Vest,
12391,Zindol G Mail,
12392,Zindol GF Mail,
12393,Zindol GX Mail,
12394,Zindol G Vest,
12395,Zindol GF Vest,
12396,Zindol GX Vest,
12397,Dylan Suit,
12398,Dylan F Suit,
12399,Dylan FZ Suit,
12400,Dylan HS Suit,
12401,Dylan GS Suit,
12402,Dylan GP Suit,
12403,Dylan ZP Suit,
12404,Dylan Vest,
12405,Dylan F Vest,
12406,Dylan FZ Vest,
12407,Dylan HS Vest,
12408,Dylan GS Vest,
12409,Dylan GP Vest,
12410,Dylan ZP Vest,
12411,Dibble Suit,
12412,Dibble F Suit,
12413,Dibble FZ Suit,
12414,Dibble HS Suit,
12415,Dibble GS Suit,
12416,Dibble GP Suit,
12417,Dibble ZP Suit,
12418,Dibble Vest,
12419,Dibble F Vest,
12420,Dibble FZ Vest,
12421,Dibble HS Vest,
12422,Dibble GS Vest,
12423,Dibble GP Vest,
12424,Dibble ZP Vest,
12425,Fins Suit,
12426,Fins F Suit,
12427,Fins FZ Suit,
12428,Fins HS Suit,
12429,Fins GS Suit,
12430,Fins GP Suit,
12431,Fins ZP Suit,
12432,Fins Vest,
12433,Fins F Vest,
12434,Fins FZ Vest,
12435,Fins HS Vest,
12436,Fins GS Vest,
12437,Fins GP Vest,
12438,Fins ZP Vest,
12439,Dins Suit,
12440,Dins F Suit,
12441,Dins FZ Suit,
12442,Dins HS Suit,
12443,Dins GS Suit,
12444,Dins GP Suit,
12445,Dins ZP Suit,
12446,Dins Vest,
12447,Dins F Vest,
12448,Dins FZ Vest,
12449,Dins HS Vest,
12450,Dins GS Vest,
12451,Dins GP Vest,
12452,Dins ZP Vest,
12453,Kiyoshi Haori Z,
12454,Kiyoshi Haori ZF,
12455,Kiyoshi Haori ZY,
12456,Kiyoshi Haori ZX,
12457,Kiyoshi Shozoku Z,
12458,Kiyoshi Shozoku ZF,
12459,Kiyoshi Shozoku ZY,
12460,Kiyoshi Shozoku ZX,
12461,Kashoku Haori Z,
12462,Kashoku Haori ZF,
12463,Kashoku Haori ZY,
12464,Kashoku Haori ZX,
12465,Kashoku Shozoku Z,
12466,Kashoku Shozoku ZF,
12467,Kashoku Shozoku ZY,
12468,Kashoku Shozoku ZX,
12469,Charis Suit,
12470,Charis F Suit,
12471,Charis FZ Suit,
12472,Charis HS Suit,
12473,Charis GS Suit,
12474,Charis GP Suit,
12475,Charis ZP Suit,
12476,Charis Vest,
12477,Charis F Vest,
12478,Charis FZ Vest,
12479,Charis HS Vest,
12480,Charis GS Vest,
12481,Charis GP Vest,
12482,Charis ZP Vest,
12483,Miriam Mail,
12484,Miriam F Mail,
12485,Miriam FZ Mail,
12486,Miriam HS Mail,
12487,Miriam GS Mail,
12488,Miriam GP Mail,
12489,Miriam ZP Mail,
12490,Miriam Vest,
12491,Miriam F Vest,
12492,Miriam FZ Vest,
12493,Miriam HS Vest,
12494,Miriam GS Vest,
12495,Miriam GP Vest,
12496,Miriam ZP Vest,
12497,Lenigan Suit,
12498,Lenigan F Suit,
12499,Lenigan FZ Suit,
12500,Lenigan HS Suit,
12501,Lenigan GS Suit,
12502,Lenigan GP Suit,
12503,Lenigan ZP Suit,
12504,Lenigan Vest,
12505,Lenigan F Vest,
12506,Lenigan FZ Vest,
12507,Lenigan HS Vest,
12508,Lenigan GS Vest,
12509,Lenigan GP Vest,
12510,Lenigan ZP Vest,
12511,Favila Suit,
12512,Favila F Suit,
12513,Favila FZ Suit,
12514,Favila HS Suit,
12515,Favila GS Suit,
12516,Favila GP Suit,
12517,Favila ZP Suit,
12518,Favila Vest,
12519,Favila F Vest,
12520,Favila FZ Vest,
12521,Favila HS Vest,
12522,Favila GS Vest,
12523,Favila GP Vest,
12524,Favila ZP Vest,
12525,Desutora GS Plate,
12526,Desutora GP Plate,
12527,Desutora ZP Plate,
12528,ダミー,
12529,ダミー,
12530,ダミー,
12531,Desutora GS Skin,
12532,Desutora GP Skin,
12533,Desutora ZP Skin,
12534,ダミー,
12535,ダミー,
12536,ダミー,
12537,Brave ZX Jacket,
12538,Bogabado Z Mail,
12539,Bogabado ZF Mail,
12540,Bogabado ZY Mail,
12541,Bogabado ZX Mail,
12542,Bogabado Z Vest,
12543,Bogabado ZF Vest,
12544,Bogabado ZY Vest,
12545,Bogabado ZX Vest,
12546,Alicia Suit,
12547,Alicia F Suit,
12548,Alicia FZ Suit,
12549,Alicia HS Suit,
12550,Alicia GS Suit,
12551,Alicia GP Suit,
12552,Alicia ZP Suit,
12553,Alicia Vest,
12554,Alicia F Vest,
12555,Alicia FZ Vest,
12556,Alicia HS Vest,
12557,Alicia GS Vest,
12558,Alicia GP Vest,
12559,Alicia ZP Vest,
12560,Tanzanite Mail,
12561,Tanzanite F Mail,
12562,Tanzanite FX Mail,
12563,Hematite Mail,
12564,Hematite F Mail,
12565,Hematite FX Mail,
12566,Byakko・磁星G Mail,
12567,Byakko・磁星GF Mail,
12568,Byakko・磁星GX Mail,
12569,Suzaku・磁星G Mail,
12570,Suzaku・磁星GF Mail,
12571,Suzaku・磁星GX Mail,
12572,Genbu・磁星G Mail,
12573,Genbu・磁星GF Mail,
12574,Genbu・磁星GX Mail,
12575,Seiryu・磁星G Mail,
12576,Seiryu・磁星GF Mail,
12577,Seiryu・磁星GX Mail,
12578,White 蘭・磁星 Mail,
12579,White 蘭・磁星F Mail,
12580,White 蘭・磁星FX Mail,
12581,Crimson 霞・磁星 Mail,
12582,Crimson 霞・磁星F Mail,
12583,Crimson 霞・磁星FX Mail,
12584,White 蘭・磁星G Mail,
12585,White 蘭・磁星GF Mail,
12586,White 蘭・磁星GX Mail,
12587,Crimson 霞・磁星G Mail,
12588,Crimson 霞・磁星GF Mail,
12589,Crimson 霞・磁星GX Mail,
12590,月夜・磁星G Mail,
12591,月夜・磁星GF Mail,
12592,月夜・磁星GX Mail,
12593,Green 穹・磁星G Mail,
12594,Green 穹・磁星GF Mail,
12595,Green 穹・磁星GX Mail,
12596,Masaha Dress [Haori] Red,
12597,Masaha Dress F [Haori] Red,
12598,Masaha Dress FZ [Haori] Red,
12599,Masaha Dress HS [Haori] Red,
12600,Masaha Dress GS [Haori] Red,
12601,Masaha Dress GP [Haori] Red,
12602,Masaha Dress ZP [Haori] Red,
12603,Masaha Dress [Haori] Red,
12604,Masaha Dress F [Haori] Red,
12605,Masaha Dress FZ [Haori] Red,
12606,Masaha Dress HS [Haori] Red,
12607,Masaha Dress GS [Haori] Red,
12608,Masaha Dress GP [Haori] Red,
12609,Masaha Dress ZP [Haori] Red,
12610,Masaha Dress [Haori] Silver,
12611,Masaha Dress F [Haori] Silver,
12612,Masaha Dress FZ [Haori] Silver,
12613,Masaha Dress HS [Haori] Silver,
12614,Masaha Dress GS [Haori] Silver,
12615,Masaha Dress GP [Haori] Silver,
12616,Masaha Dress ZP [Haori] Silver,
12617,Masaha Dress [Haori] Silver,
12618,Masaha Dress F [Haori] Silver,
12619,Masaha Dress FZ [Haori] Silver,
12620,Masaha Dress HS [Haori] Silver,
12621,Masaha Dress GS [Haori] Silver,
12622,Masaha Dress GP [Haori] Silver,
12623,Masaha Dress ZP [Haori] Silver,
12624,Masaha Dress [Haori] Blue,
12625,Masaha Dress F [Haori] Blue,
12626,Masaha Dress FZ [Haori] Blue,
12627,Masaha Dress HS [Haori] Blue,
12628,Masaha Dress GS [Haori] Blue,
12629,Masaha Dress GP [Haori] Blue,
12630,Masaha Dress ZP [Haori] Blue,
12631,Masaha Dress [Haori] Blue,
12632,Masaha Dress F [Haori] Blue,
12633,Masaha Dress FZ [Haori] Blue,
12634,Masaha Dress HS [Haori] Blue,
12635,Masaha Dress GS [Haori] Blue,
12636,Masaha Dress GP [Haori] Blue,
12637,Masaha Dress ZP [Haori] Blue,
12638,Masaha Dress [Haori] Orange,
12639,Masaha Dress F [Haori] Orange,
12640,Masaha Dress FZ [Haori] Orange,
12641,Masaha Dress HS [Haori] Orange,
12642,Masaha Dress GS [Haori] Orange,
12643,Masaha Dress GP [Haori] Orange,
12644,Masaha Dress ZP [Haori] Orange,
12645,Masaha Dress [Haori] Orange,
12646,Masaha Dress F [Haori] Orange,
12647,Masaha Dress FZ [Haori] Orange,
12648,Masaha Dress HS [Haori] Orange,
12649,Masaha Dress GS [Haori] Orange,
12650,Masaha Dress GP [Haori] Orange,
12651,Masaha Dress ZP [Haori] Orange,
12652,Graham Mail,
12653,Favila D Suit,
12654,Alicia D Suit,
12655,Masaha Dress C [Haori 】,
12656,Aura C Mail,
12657,Asumo C Mail,
12658,Rokka C Suit,
12659,Ruche C Mail,
12660,Shui C Mail,
12661,Masaha Dress D [Haori] Red,
12662,Masaha Dress D [Haori] Silver,
12663,Masaha Dress D [Haori] Blue,
12664,Masaha Dress D [Haori] Orange,
12665,Genbu・Kensei D Mail,
12666,Genbu・双龍D Mail,
12667,Genbu・剣王D Mail,
12668,Genbu・刀神D Mail,
12669,Genbu・Heaven 槍D Mail,
12670,Genbu・砲皇D Mail,
12671,Genbu・鈍器獣D Mail,
12672,Genbu・奏帝D Mail,
12673,Genbu・穿凰D Mail,
12674,Genbu・斬将D Mail,
12675,Genbu・銃傑D Suit,
12676,Genbu・銃仙D Suit,
12677,Genbu・Bow 鬼D Suit,
12678,Tanzanite D Mail,
12679,Hematite D Mail,
12680,Byakko・磁星D Mail,
12681,Suzaku・磁星D Mail,
12682,Genbu・磁星D Mail,
12683,Tigrex Mail PD Black,
12684,Tigrex Mail PD White,
12685,Tigrex Mail PD Purple,
12686,Monoblos Mail PD Yellow,
12687,Monoblos Mail PD Green,
12688,Monoblos Mail PD White,
12689,Khezu Vest PD Black,
12690,Khezu Vest PD Green,
12691,Khezu Vest PD Blue,
12692,Plesioth Mail PD Black,
12693,Plesioth Mail PD Yellow,
12694,Plesioth Mail PD Purple,
12695,Plesioth Vest PD Black,
12696,Plesioth Vest PD Yellow,
12697,Plesioth Vest PD Purple,
12698,Gypceros Vest PD Red,
12699,Gypceros Vest PD Yellow,
12700,Gypceros Vest PD Green,
12701,Kagura 【胴当て】 PD Red,
12702,Kagura 【胴当て】 PD Black,
12703,Kagura 【胴当て】 PD Purple,
12704,Kamiza [Chestplate] PD Red,
12705,Kamiza [Chestplate] PD Black,
12706,Kamiza [Chestplate] PD Purple,
12707,Mosswine Vest PD White,
12708,Mosswine Vest PD Yellow,
12709,Mosswine Vest PD Blue,
12710,忍の Shozoku・陰 PD Yellow,
12711,忍の Shozoku・陰 PD Red,
12712,忍の Shozoku・陰 PD Blue,
12713,Dusk D Suit・Red,
12714,Dusk D Suit・White,
12715,Dusk D Suit・Peach,
12716,Dusk D Suit・Blue,
12717,Marin D Vest・Blue,
12718,Marin D Vest・Peach,
12719,Marin D Vest・White,
12720,Marin D Vest・Black,
12721,Reflet D Mail・Blue,
12722,Reflet D Mail・White,
12723,Reflet D Mail・Red,
12724,Reflet D Mail・Black,
12725,Tenpi Torso D・Red,
12726,Tenpi Torso D・Blue,
12727,Tenpi Torso D・Black,
12728,Tenpi Torso D・White,
12729,Tenpi Shozoku D・Red,
12730,Tenpi Shozoku D・Blue,
12731,Tenpi Shozoku D・Black,
12732,Tenpi Shozoku D・White,
12733,Naga D Vest・Blue,
12734,Naga D Vest・Red,
12735,Naga D Vest・White,
12736,Naga D Vest・Black,
12737,Sheriff D Vest・Tea,
12738,Sheriff D Vest・Black,
12739,Sheriff D Vest・Blue,
12740,Sheriff D Vest・White,
12741,Serena D Vest・Purple,
12742,Serena D Vest・Blue,
12743,Serena D Vest・White,
12744,Serena D Vest・Red,
12745,Gelt D Mail・Black,
12746,Gelt D Mail・Copper,
12747,Gelt D Mail・Silver,
12748,Gelt D Mail・Gold,
12749,Gloria D Mail・Gold,
12750,Gloria D Mail・Blue,
12751,Gloria D Mail・Water,
12752,Gloria D Mail・Red,
12753,Cloth D Vest・Red,
12754,Cloth D Vest・Blue,
12755,Cloth D Vest・Purple,
12756,Cloth D Vest・Green,
12757,Rast D Vest・Black,
12758,Rast D Vest・Blue,
12759,Rast D Vest・Crimson,
12760,Rast D Vest・White,
12761,Siena D Mail・Silver,
12762,Siena D Mail・Black,
12763,Siena D Mail・Red,
12764,Siena D Mail・Blue,
12765,Cultu D Vest・Ash,
12766,Cultu D Vest・Blue,
12767,Cultu D Vest・Orange,
12768,Cultu D Vest・Green,
12769,Truss D Jacket Blue,
12770,Truss D Jacket Red,
12771,Truss D Jacket White,
12772,Truss D Jacket Purple,
12773,Maisto D Vest・Crimson,
12774,Maisto D Vest・Green,
12775,Maisto D Vest・Green,
12776,Maisto D Vest・Pink,
12777,Randa の胴当・D Yellow,
12778,Randa の胴当・D Red,
12779,Randa の胴当・D Purple,
12780,Randa の胴当・D Gold,
12781,Buney D Suit・Black,
12782,Buney D Suit・White,
12783,Buney D Suit・Red,
12784,Buney D Suit・Purple,
12785,Regelia D Mail・White,
12786,Regelia D Mail・Red,
12787,Regelia D Mail・Green,
12788,Regelia D Mail・Blue,
12789,Aristo D Vest・Blue,
12790,Aristo D Vest・White,
12791,Aristo D Vest・Purple,
12792,Aristo D Vest・Red,
12793,Melety D Vest・White,
12794,Melety D Vest・Red,
12795,Melety D Vest・Blue,
12796,Melety D Vest・Black,
12797,Ferme D Mail・Black,
12798,Ferme D Mail・Red,
12799,Ferme D Mail・White,
12800,Ferme D Mail・Blue,
12801,Real D Mail・White,
12802,Real D Mail・Gold,
12803,Real D Mail・Blue,
12804,Real D Mail・Red,
12805,Arma D Vest・Black,
12806,Arma D Vest・White,
12807,Arma D Vest・Blue,
12808,Arma D Vest・Tea,
12809,Honour D Mail・Red,
12810,Honour D Mail・Blue,
12811,Honour D Mail・Green,
12812,Honour D Mail・紺,
12813,Pics D Vest・Green,
12814,Pics D Vest・Purple,
12815,Pics D Vest・Black,
12816,Pics D Vest・Water,
12817,Magos D Mail・Yellow,
12818,Magos D Mail・Red,
12819,Magos D Mail・Water,
12820,Magos D Mail・Blue,
12821,Arge D Vest,
12822,Camarera D Vest,
12823,Metenera D Vest,
12824,Abitto D Vest,
12825,Riburi D Vest,
12826,Zodic D Mail・Blue,
12827,Zodic D Mail・Tea,
12828,Zodic D Mail・Green,
12829,Zodic D Mail・Pink,
12830,Cayssis D Mail Water,
12831,Cayssis D Mail Red,
12832,Cayssis D Mail Blue,
12833,Cayssis D Mail Orange,
12834,Omet D Mail・Black,
12835,Omet D Mail・Red,
12836,Omet D Mail・White,
12837,Omet D Mail・Blue,
12838,Edio D Mail・Blue,
12839,Edio D Mail・Red,
12840,Edio D Mail・Yellow,
12841,Edio D Mail・Black,
12842,Steno D Mail・Orange,
12843,Steno D Mail・Peach,
12844,Steno D Mail・Blue,
12845,Steno D Mail・Red,
12846,Suriito D Vest・Yellow,
12847,Suriito D Vest・Silver,
12848,Suriito D Vest・Red,
12849,Suriito D Vest・Blue,
12850,Galitos D Vest・Tea,
12851,Galitos D Vest・Red,
12852,Galitos D Vest・Black,
12853,Galitos D Vest・Water,
12854,Text D Vest・Purple,
12855,Text D Vest・Green,
12856,Text D Vest・Blue,
12857,Text D Vest・Black,
12858,Pharan D Mail・White,
12859,Pharan D Mail・Black,
12860,Pharan D Mail・Red,
12861,Pharan D Mail・Blue,
12862,Gold D Mail・Red,
12863,Gold D Mail・Blue,
12864,Gold D Mail・Yellow,
12865,Gold D Mail・Purple,
12866,Claire D Vest・Purple,
12867,Claire D Vest・Water,
12868,Claire D Vest・Red,
12869,Claire D Vest・Black,
12870,Gold Cat D Suit,
12871,Silver Cat D Suit,
12872,Ex D Vest・White,
12873,Ex D Vest・Red,
12874,Ex D Vest・Blue,
12875,Ex D Vest・Black,
12876,Star Festival D Shozoku [Red 】,
12877,Star Festival D Shozoku [Blue 】,
12878,Star Festival D Shozoku [Black 】,
12879,Star Festival D Shozoku [White 】,
12880,Promise D Mail・White,
12881,Promise D Mail・Blue,
12882,Promise D Mail・Purple,
12883,Promise D Mail・Yellow,
12884,White M Mail D,
12885,Flight Haori D・White,
12886,Flight Haori D・Red,
12887,Flight Haori D・Tea,
12888,Flight Haori D・Blue,
12889,Bande D Vest・Blue,
12890,Bande D Vest・Red,
12891,Bande D Vest・Green,
12892,Bande D Vest・Black,
12893,Regnum D Vest・White,
12894,Regnum D Vest・Blue,
12895,Regnum D Vest・Red,
12896,Regnum D Vest・Tea,
12897,Gania D Vest・Red,
12898,Gania D Vest・Blue,
12899,Gania D Vest・Tea,
12900,Gania D Vest・Purple,
12901,Amistad D Mail・Black,
12902,Amistad D Mail・White,
12903,Amistad D Mail・Blue,
12904,Amistad D Mail・Crimson,
12905,Perifu D Mail・Blue,
12906,Perifu D Mail・Tea,
12907,Perifu D Mail・Green,
12908,Perifu D Mail・Purple,
12909,Vakusu D Mail,
12910,Rizuvue D Mail,
12911,Konseru D Mail,
12912,Utaei Shozoku D,
12913,Utatsumugu Shozoku D,
12914,Shikari の胴当てD,
12915,Strega D Mail,
12916,Eques D Mail,
12917,Uida D Mail,
12918,Kuraaji D Mail,
12919,Aneshisu D Mail,
12920,Zaakaa D Mail,
12921,Vinen D Jacket,
12922,Rudeos D Mail,
12923,Breo D Jacket,
12924,Rouge D Jacket,
12925,Onero D Mail,
12926,Diina D Vest,
12927,Oorowa D Mail,
12928,Higakure D Mail,
12929,Perce D Mail,
12930,Orykto D Mail,
12931,Orykto D Vest,
12932,Yoruti D Mail,
12933,Nisuru D Mail,
12934,Maaden D Mail,
12935,Maaden D Vest,
12936,Cheni D Mail,
12937,Eguiene D Mail,
12938,Toruboda D Mail,
12939,Kabariba D Mail,
12940,Norukku D Vest,
12941,Valier D Mail,
12942,Arumyu D Mail,
12943,Chatore D Mail,
12944,Pashio D Mail,
12945,Cariva D Mail,
12946,Desutora GS Plate,
12947,Desutora GP Plate,
12948,Desutora ZP Plate,
12949,Desutora GS Skin,
12950,Desutora GP Skin,
12951,Desutora ZP Skin,
12952,Desutora D Plate,
12953,Bogabado ZD Mail,
12954,Bogabado ZD Vest,
12955,Nerishoku Haori Z,
12956,Nerishoku Haori ZF,
12957,Nerishoku Haori ZY,
12958,Nerishoku Haori ZX,
12959,Nerishoku Shozoku Z,
12960,Nerishoku Shozoku ZF,
12961,Nerishoku Shozoku ZY,
12962,Nerishoku Shozoku ZX,
12963,Baruragaru Z Mail,
12964,Baruragaru ZF Mail,
12965,Baruragaru ZY Mail,
12966,Baruragaru ZX Mail,
12967,Baruragaru Z Vest,
12968,Baruragaru ZF Vest,
12969,Baruragaru ZY Vest,
12970,Baruragaru ZX Vest,
12971,Gravios Z Mail,
12972,Gravios ZF Mail,
12973,Gravios ZY Mail,
12974,Gravios ZX Mail,
12975,Gravios Z Vest,
12976,Gravios ZF Vest,
12977,Gravios ZY Vest,
12978,Gravios ZX Vest,
12979,Rabius Suit,
12980,Rabius F Suit,
12981,Rabius FZ Suit,
12982,Rabius HS Suit,
12983,Rabius GS Suit,
12984,Rabius GP Suit,
12985,Rabius ZP Suit,
12986,Rabius Vest,
12987,Rabius F Vest,
12988,Rabius FZ Vest,
12989,Rabius HS Vest,
12990,Rabius GS Vest,
12991,Rabius GP Vest,
12992,Rabius ZP Vest,
12993,Rocras Suit,
12994,Rocras F Suit,
12995,Rocras FZ Suit,
12996,Rocras HS Suit,
12997,Rocras GS Suit,
12998,Rocras GP Suit,
12999,Rocras ZP Suit,
13000,Rocras Vest,
13001,Rocras F Vest,
13002,Rocras FZ Vest,
13003,Rocras HS Vest,
13004,Rocras GS Vest,
13005,Rocras GP Vest,
13006,Rocras ZP Vest,
13007,Alisys Suit,
13008,Alisys F Suit,
13009,Alisys FZ Suit,
13010,Alisys HS Suit,
13011,Alisys GS Suit,
13012,Alisys GP Suit,
13013,Alisys ZP Suit,
13014,Alisys Vest,
13015,Alisys F Vest,
13016,Alisys FZ Vest,
13017,Alisys HS Vest,
13018,Alisys GS Vest,
13019,Alisys GP Vest,
13020,Alisys ZP Vest,
13021,Loli Suit,
13022,Loli F Suit,
13023,Loli FZ Suit,
13024,Loli HS Suit,
13025,Loli GS Suit,
13026,Loli GP Suit,
13027,Loli ZP Suit,
13028,Loli Vest,
13029,Loli F Vest,
13030,Loli FZ Vest,
13031,Loli HS Vest,
13032,Loli GS Vest,
13033,Loli GP Vest,
13034,Loli ZP Vest,
13035,Recolis Suit,
13036,Recolis F Suit,
13037,Recolis FZ Suit,
13038,Recolis HS Suit,
13039,Recolis GS Suit,
13040,Recolis GP Suit,
13041,Recolis ZP Suit,
13042,Recolis Vest,
13043,Recolis F Vest,
13044,Recolis FZ Vest,
13045,Recolis HS Vest,
13046,Recolis GS Vest,
13047,Recolis GP Vest,
13048,Recolis ZP Vest,
13049,Bita G Mail,
13050,Bita GF Mail,
13051,Bita GX Mail,
13052,Bita G Vest,
13053,Bita GF Vest,
13054,Bita GX Vest,
13055,Koreputo G Mail,
13056,Koreputo GF Mail,
13057,Koreputo GX Mail,
13058,Koreputo G Vest,
13059,Koreputo GF Vest,
13060,Koreputo GX Vest,
13061,Rapin G Mail,
13062,Rapin GF Mail,
13063,Rapin GX Mail,
13064,Rapin G Vest,
13065,Rapin GF Vest,
13066,Rapin GX Vest,
13067,Kireek Mail,
13068,Kireek F Mail,
13069,Kireek FZ Mail,
13070,Kireek HS Mail,
13071,Kireek GS Mail,
13072,Kireek GP Mail,
13073,Kireek ZP Mail,
13074,Kireek Vest,
13075,Kireek F Vest,
13076,Kireek FZ Vest,
13077,Kireek HS Vest,
13078,Kireek GS Vest,
13079,Kireek GP Vest,
13080,Kireek ZP Vest,
13081,Quna Vest,
13082,Quna F Vest,
13083,Quna FZ Vest,
13084,Quna HS Vest,
13085,Quna GS Vest,
13086,Quna GP Vest,
13087,Quna ZP Vest,
13088,Quna Suit,
13089,Quna F Suit,
13090,Quna FZ Suit,
13091,Quna HS Suit,
13092,Quna GS Suit,
13093,Quna GP Suit,
13094,Quna ZP Suit,
13095,Dista Vest,
13096,Dista F Vest,
13097,Dista FZ Vest,
13098,Dista HS Vest,
13099,Dista GS Vest,
13100,Dista GP Vest,
13101,Dista ZP Vest,
13102,Dista Suit,
13103,Dista F Suit,
13104,Dista FZ Suit,
13105,Dista HS Suit,
13106,Dista GS Suit,
13107,Dista GP Suit,
13108,Dista ZP Suit,
13109,Ionia Vest,
13110,Ionia F Vest,
13111,Ionia FZ Vest,
13112,Ionia HS Vest,
13113,Ionia GS Vest,
13114,Ionia GP Vest,
13115,Ionia ZP Vest,
13116,Ionia Suit,
13117,Ionia F Suit,
13118,Ionia FZ Suit,
13119,Ionia HS Suit,
13120,Ionia GS Suit,
13121,Ionia GP Suit,
13122,Ionia ZP Suit,
13123,Guridi Z Mail,
13124,Guridi ZF Mail,
13125,Guridi ZY Mail,
13126,Guridi ZX Mail,
13127,Guridi Z Vest,
13128,Guridi ZF Vest,
13129,Guridi ZY Vest,
13130,Guridi ZX Vest,
13131,Shifunyi Z Suit,
13132,Shifunyi ZF Suit,
13133,Shifunyi ZY Suit,
13134,Shifunyi ZX Suit,
13135,Shifunyi Z Vest,
13136,Shifunyi ZF Vest,
13137,Shifunyi ZY Vest,
13138,Shifunyi ZX Vest,
13139,Rockman Suit,
13140,Nerishoku Haori D,
13141,Gravios ZD Mail,
13142,Gravios ZD Vest,
13143,Baruragaru ZD Mail,
13144,Baruragaru ZD Vest,
13145,Rabius D Suit,
13146,Rocras D Suit,
13147,Alisys D Suit,
13148,Loli D Suit,
13149,Recolis D Suit,
13150,Rapin D Mail,
13151,Rapin C Mail,
13152,Kireek D Mail,
13153,Quna D Vest,
13154,Dista D Vest,
13155,Ionia D Vest,
13156,Guridi D Mail,
13157,Shifunyi D Suit,
13158,Rappy D Suit,
13159,Bita D Mail,
13160,Koreputo D Mail,
13161,Secuti D Mail・Black,
13162,Secuti D Mail・Blue,
13163,Secuti D Mail・Red,
13164,Secuti D Mail・White,
13165,Rockman D Suit,
13166,Issen D【胴当て】・Red,
13167,蜂針D [Chestplate 】・Orange,
13168,Shanru Z Mail,
13169,Shanru ZF Mail,
13170,Shanru ZY Mail,
13171,Shanru ZX Mail,
13172,Shanru Z Vest,
13173,Shanru ZF Vest,
13174,Shanru ZY Vest,
13175,Shanru ZX Vest,
13176,Fanru Z Mail,
13177,Fanru ZF Mail,
13178,Fanru ZY Mail,
13179,Fanru ZX Mail,
13180,Fanru Z Vest,
13181,Fanru ZF Vest,
13182,Fanru ZY Vest,
13183,Fanru ZX Vest,
13184,Rengoku Haori Z,
13185,Rengoku Haori ZF,
13186,Rengoku Haori ZY,
13187,Rengoku Haori ZX,
13188,Rengoku Shozoku Z,
13189,Rengoku Shozoku ZF,
13190,Rengoku Shozoku ZY,
13191,Rengoku Shozoku ZX,
13192,Nerigeki Haori Z,
13193,Nerigeki Haori ZF,
13194,Nerigeki Haori ZY,
13195,Nerigeki Haori ZX,
13196,Nerigeki Shozoku Z,
13197,Nerigeki Shozoku ZF,
13198,Nerigeki Shozoku ZY,
13199,Nerigeki Shozoku ZX,
13200,Zamuza Z Mail,
13201,Zamuza ZF Mail,
13202,Zamuza ZY Mail,
13203,Zamuza ZX Mail,
13204,Zamuza Z Vest,
13205,Zamuza ZF Vest,
13206,Zamuza ZY Vest,
13207,Zamuza ZX Vest,
13208,Harudo Z Mail,
13209,Harudo ZF Mail,
13210,Harudo ZY Mail,
13211,Harudo ZX Mail,
13212,Harudo Z Vest,
13213,Harudo ZF Vest,
13214,Harudo ZY Vest,
13215,Harudo ZX Vest,
13216,Elysi G Mail,
13217,Elysi GF Mail,
13218,Elysi GX Mail,
13219,Elysi G Vest,
13220,Elysi GF Vest,
13221,Elysi GX Vest,
13222,Myunru Z Mail,
13223,Myunru ZF Mail,
13224,Myunru ZY Mail,
13225,Myunru ZX Mail,
13226,Myunru Z Vest,
13227,Myunru ZF Vest,
13228,Myunru ZY Vest,
13229,Myunru ZX Vest,
13230,Kinkou Suit,
13231,Kinkou F Suit,
13232,Kinkou FZ Suit,
13233,Kinkou HS Suit,
13234,Kinkou GS Suit,
13235,Kinkou GP Suit,
13236,Kinkou ZP Suit,
13237,Kinkou Vest,
13238,Kinkou F Vest,
13239,Kinkou FZ Vest,
13240,Kinkou HS Vest,
13241,Kinkou GS Vest,
13242,Kinkou GP Vest,
13243,Kinkou ZP Vest,
13244,Anbu Suit,
13245,Anbu F Suit,
13246,Anbu FZ Suit,
13247,Anbu HS Suit,
13248,Anbu GS Suit,
13249,Anbu GP Suit,
13250,Anbu ZP Suit,
13251,Anbu Vest,
13252,Anbu F Vest,
13253,Anbu FZ Vest,
13254,Anbu HS Vest,
13255,Anbu GS Vest,
13256,Anbu GP Vest,
13257,Anbu ZP Vest,
13258,Arbiter GS Plate,
13259,Arbiter GP Plate,
13260,Arbiter ZP Plate,
13261,Arbiter GS Skin,
13262,Arbiter GP Skin,
13263,Arbiter ZP Skin,
13264,Fine Suit,
13265,Fine F Suit,
13266,Fine FZ Suit,
13267,Fine HS Suit,
13268,Fine GS Suit,
13269,Fine GP Suit,
13270,Fine ZP Suit,
13271,Fine Vest,
13272,Fine F Vest,
13273,Fine FZ Vest,
13274,Fine HS Vest,
13275,Fine GS Vest,
13276,Fine GP Vest,
13277,Fine ZP Vest,
13278,Kotona Suit,
13279,Kotona F Suit,
13280,Kotona FZ Suit,
13281,Kotona HS Suit,
13282,Kotona GS Suit,
13283,Kotona GP Suit,
13284,Kotona ZP Suit,
13285,Kotona Vest,
13286,Kotona F Vest,
13287,Kotona FZ Vest,
13288,Kotona HS Vest,
13289,Kotona GS Vest,
13290,Kotona GP Vest,
13291,Kotona ZP Vest,
13292,Finis Suit,
13293,Finis F Suit,
13294,Finis FZ Suit,
13295,Finis HS Suit,
13296,Finis GS Suit,
13297,Finis GP Suit,
13298,Finis ZP Suit,
13299,Finis Vest,
13300,Finis F Vest,
13301,Finis FZ Vest,
13302,Finis HS Vest,
13303,Finis GS Vest,
13304,Finis GP Vest,
13305,Finis ZP Vest,
13306,Firl Suit,
13307,Firl F Suit,
13308,Firl FZ Suit,
13309,Firl HS Suit,
13310,Firl GS Suit,
13311,Firl GP Suit,
13312,Firl ZP Suit,
13313,Firl Vest,
13314,Firl F Vest,
13315,Firl FZ Vest,
13316,Firl HS Vest,
13317,Firl GS Vest,
13318,Firl GP Vest,
13319,Firl ZP Vest,
13320,Ryoso Torso,
13321,Ryoso Torso F,
13322,Ryoso Torso FZ,
13323,Ryoso Torso HS,
13324,Ryoso Torso GS,
13325,Ryoso Torso GP,
13326,Ryoso Torso ZP,
13327,Ryoso Chestplate,
13328,Ryoso Chestplate F,
13329,Ryoso Chestplate FZ,
13330,Ryoso Chestplate HS,
13331,Ryoso Chestplate GS,
13332,Ryoso Chestplate GP,
13333,Ryoso Chestplate ZP,
13334,Gems Suit,
13335,Gems F Suit,
13336,Gems FZ Suit,
13337,Gems HS Suit,
13338,Gems GS Suit,
13339,Gems GP Suit,
13340,Gems ZP Suit,
13341,Gems Vest,
13342,Gems F Vest,
13343,Gems FZ Vest,
13344,Gems HS Vest,
13345,Gems GS Vest,
13346,Gems GP Vest,
13347,Gems ZP Vest,
13348,Alisha Suit,
13349,Alisha F Suit,
13350,Alisha FZ Suit,
13351,Alisha HS Suit,
13352,Alisha GS Suit,
13353,Alisha GP Suit,
13354,Alisha ZP Suit,
13355,Alisha Vest,
13356,Alisha F Vest,
13357,Alisha FZ Vest,
13358,Alisha HS Vest,
13359,Alisha GS Vest,
13360,Alisha GP Vest,
13361,Alisha ZP Vest,
13362,Ricca Suit,
13363,Ricca F Suit,
13364,Ricca FZ Suit,
13365,Ricca HS Suit,
13366,Ricca GS Suit,
13367,Ricca GP Suit,
13368,Ricca ZP Suit,
13369,Ricca Vest,
13370,Ricca F Vest,
13371,Ricca FZ Vest,
13372,Ricca HS Vest,
13373,Ricca GS Vest,
13374,Ricca GP Vest,
13375,Ricca ZP Vest,
13376,Kelis Suit,
13377,Kelis F Suit,
13378,Kelis FZ Suit,
13379,Kelis HS Suit,
13380,Kelis GS Suit,
13381,Kelis GP Suit,
13382,Kelis ZP Suit,
13383,Kelis Vest,
13384,Kelis F Vest,
13385,Kelis FZ Vest,
13386,Kelis HS Vest,
13387,Kelis GS Vest,
13388,Kelis GP Vest,
13389,Kelis ZP Vest,
13390,Kinkou D Suit,
13391,Anbu D Suit,
13392,Rengoku Haori D,
13393,Nerigeki Haori D,
13394,Shanru D Mail,
13395,Fanru D Mail,
13396,Zamuza ZD Mail,
13397,Zamuza ZD Vest,
13398,Harudo ZD Mail,
13399,Harudo ZD Vest,
13400,Arbiter D Plate,
13401,Elysi D Mail,
13402,Fine D Suit,
13403,Kotona D Suit,
13404,Finis D Suit,
13405,Firl D Suit,
13406,Ryoso Torso D,
13407,Gems D Suit,
13408,Alisha D Suit,
13409,Ricca D Suit,
13410,Kelis D Suit,
13411,Myunru D Mail,
13412,Seiryu・Kensei D Mail,
13413,Seiryu・双龍D Mail,
13414,Seiryu・剣王D Mail,
13415,Seiryu・刀神D Mail,
13416,Seiryu・Heaven 槍D Mail,
13417,Seiryu・砲皇D Mail,
13418,Seiryu・鈍器獣D Mail,
13419,Seiryu・奏帝D Mail,
13420,Seiryu・穿凰D Mail,
13421,Seiryu・斬将D Mail,
13422,Seiryu・銃傑D Suit,
13423,Seiryu・銃仙D Suit,
13424,Seiryu・Bow 鬼D Suit,
13425,Seiryu・磁星D Mail,
13426,K. Lobster Shell PD Black,
13427,K. Lobster Shell PD Green,
13428,K. Lobster Shell PD Blue,
13429,K. Lobster Skin PD Black,
13430,K. Lobster Skin PD Green,
13431,K. Lobster Skin PD Blue,
13432,Hypnoc Mail PD Green,
13433,Hypnoc Mail PD Red,
13434,Hypnoc Mail PD Yellow,
13435,Beru Mail PD Black,
13436,Beru Mail PD Red,
13437,Beru Mail PD Purple,
13438,Beru Vest PD Black,
13439,Beru Vest PD Red,
13440,Beru Vest PD Purple,
13441,Black Belt Mail PD White,
13442,Black Belt Mail PD Black,
13443,Black Belt Mail PD Blue,
13444,Apkallu Mail PD White,
13445,Apkallu Mail PD Green,
13446,Apkallu Mail PD Yellow,
13447,Ruko Hide PD White,
13448,Ruko Hide PD Blue,
13449,Ruko Hide PD Red,
13450,Ruko Skin PD White,
13451,Ruko Skin PD Blue,
13452,Ruko Skin PD Red,
13453,Comrade Mail PD White Red,
13454,Comrade Mail PD White Blue,
13455,Comrade Mail PD White Yellow,
13456,Otono D Jacket,
13457,忍の Shozoku・空D,
13458,忍の Shozoku・海D,
13459,Shadow Shozoku・D,
13460,Shade Shozoku・D,
13461,Hope D Mail,
