index,source,target
0,Nothing Equipped,
1,Leather Arms,
2,Chainmail Arms,
3,Hunter's Arms,
4,Hunter's Guard,
5,Bone Arms,
6,Bone Guard,
7,Veloci Arms,
8,Veloci Guard,
9,Battle Arms,
10,Battle Guard,
11,Vespoid Arms,
12,Vespoid Guard,
13,Hornetaur Arms,
14,Hornetaur Guard,
15,High Metal Arms,
16,High Metal Guard,
17,Gen Arms,
18,Gen Guard,
19,Kut-Ku Arms,
20,Kut-Ku Guard,
21,Io Arms,
22,Io Guard,
23,Gypceros Arms,
24,Gypceros Guard,
25,Cepha Arms,
26,Cepha Guard,
27,Steel Arms,
28,Rathian Arms,
29,Rathian Guard,
30,Khezu Arms,
31,Khezu Guard,
32,Rathalos Arms,
33,Rathalos Guard,
34,Plesioth Arms,
35,Plesioth Guard,
36,King Lobster Arms,
37,King Lobster Guard,
38,Basarios Arms,
39,Basarios Guard,
40,Diablos Arms,
41,Diablos Guard,
42,Monoblos Arms,
43,Monoblos Guard,
44,Gravios Arms,
45,Gravios Guard,
46,Black Belt Arms,
47,Mosswine Punch,
48,Makluva Sleeve,
49,Veloci Hands,
50,Gen Hands,
51,Io Hands,
52,忍の Kote・陽,
53,忍の Kote・陰,
54,Guardian Arms,
55,Guardian Guard,
56,Helper Cuffs,
57,Healer Cuffs,
58,Garuga Arms,
59,Garuga Guard,
60,暁丸【 Kote 】,
61,曙丸【 Kote 】,
62,凛【 Kote 】,
63,艶【 Kote 】,
64,Dragon クロウ,
65,Dragon フィスト,
66,Leather U Arms,
67,Chainmail U Arms,
68,Hunter's U Arms,
69,Hunter's U Guard,
70,Bone U Arms,
71,Bone U Guard,
72,Gia Arms,
73,Gia Guard,
74,Battle U Arms,
75,Battle U Guard,
76,Vespoid U Arms,
77,Vespoid U Guard,
78,Hornetaur U Arms,
79,Hornetaur U Guard,
80,High Metal U Arms,
81,High Metal U Guard,
82,Gen U Arms,
83,Gen U Guard,
84,Kut-Ku U Arms,
85,Kut-Ku U Guard,
86,Io U Arms,
87,Io U Guard,
88,Gypceros U Arms,
89,Gypceros U Guard,
90,Cepha U Arms,
91,Cepha U Guard,
92,Steel U Arms,
93,Rath Heart Arms,
94,Rath Heart Guard,
95,Khezu U Arms,
96,Khezu U Guard,
97,Rath Soul Arms,
98,Rath Soul Guard,
99,Plesioth U Arms,
100,Plesioth U Guard,
101,Basarios U Arms,
102,Basarios U Guard,
103,Diablos U Arms,
104,Diablos U Guard,
105,Monodevil Arms,
106,Monodevil Guard,
107,Gravios U Arms,
108,Gravios U Guard,
109,忍の Kote・空,
110,忍の Kote・海,
111,Guardian U Arms,
112,Guardian U Guard,
113,Helper U Cuffs,
114,Healer U Cuffs,
115,暁丸・皇【 Kote 】,
116,曙丸・皇【 Kote 】,
117,凛・皇【 Kote 】,
118,艶・皇【 Kote 】,
119,ミラ Vulcan クロウ,
120,ミラ Vulcan フィスト,
121,ゴールド Lune Arms,
122,ゴールド Lune Guard,
123,Silver Sol Arms,
124,Silver Sol Guard,
125,Leather S Arms,
126,Chainmail S Arms,
127,Hunter's S Arms,
128,Hunter's S Guard,
129,Bone S Arms,
130,Bone S Guard,
131,Veloci S Arms,
132,Veloci S Guard,
133,Battle S Arms,
134,Battle S Guard,
135,Vespoid S Arms,
136,Vespoid S Guard,
137,Hornetaur S Arms,
138,Hornetaur S Guard,
139,High Metal S Arms,
140,High Metal S Guard,
141,Gen S Arms,
142,Gen S Guard,
143,Kut-Ku S Arms,
144,Kut-Ku S Guard,
145,Io S Arms,
146,Io S Guard,
147,Gypceros S Arms,
148,Gypceros S Guard,
149,Cepha S Arms,
150,Cepha S Guard,
151,Steel S Arms,
152,Rathian S Arms,
153,Rathian S Guard,
154,Khezu S Arms,
155,Khezu S Guard,
156,Rathalos S Arms,
157,Rathalos S Guard,
158,Plesioth S Arms,
159,Plesioth S Guard,
160,Basarios S Arms,
161,Basarios S Guard,
162,Diablos S Arms,
163,Diablos S Guard,
164,Monoblos S Arms,
165,Monoblos S Guard,
166,Gravios S Arms,
167,Gravios S Guard,
168,忍の Kote・Heaven,
169,忍の Kote・Earth,
170,Guild Guard Claws Crimson,
171,Guild Guard Cuffs Crimson,
172,Guild Guard Claws Crimson,
173,Guild Guard Cuffs Crimson,
174,暁丸・覇【 Kote 】,
175,曙丸・覇【 Kote 】,
176,凛・覇【 Kote 】,
177,艶・覇【 Kote 】,
178,Dragon Sクロウ,
179,Dragon Sフィスト,
180,Hermitaur Arms,
181,Hermitaur Guard,
182,Hermitaur U Arms,
183,Hermitaur U Guard,
184,Hermitaur S Arms,
185,Hermitaur S Guard,
186,Conga Arms,
187,Conga Guard,
188,Conga U Arms,
189,Conga U Guard,
190,Conga S Arms,
191,Conga S Guard,
192,Blango Arms,
193,Blango Guard,
194,Blango U Arms,
195,Blango U Guard,
196,Blango S Arms,
197,Blango S Guard,
198,Ceanataur Arms,
199,Ceanataur Guard,
200,Ceanataur U Arms,
201,Ceanataur U Guard,
202,Ceanataur S Arms,
203,Ceanataur S Guard,
204,Kirin Arms ロング,
205,Kirin グローブ,
206,Kirin S Arms ロング,
207,Kirin Sグローブ,
208,Kushala ハトゥー,
209,Kushala マカーン,
210,Mizuha [Sleeves 】,
211,Toyotama [Sleeves 】,
212,Empress Arms,
213,Empress Guard,
214,Gold 剛【 Kote 】,
215,不動【 Kote 】,
216,Kaiser Arms,
217,Kaiser Guard,
218,夜叉 [Vambraces 】,
219,修羅 [Vambraces 】,
220,Golden Kote,
221,Puppeteer ノ Kote,
222,White Fatalis クロウ,
223,White Fatalis フィスト,
224,Black Belt S Arms,
225,Gia Hands,
226,Remobra Hands,
227,Guild Knight Claws,
228,Guild Knight Cuffs,
229,Maid Cuffs,
230,Private Cuffs,
231,Guild Guard Claws Green,
232,Guild Guard Cuffs Green,
233,Guild Guard Claws Green,
234,Guild Guard Cuffs Green,
235,F Arms 00,
236,F Arms 01,
237,破龍の Kote,
238,Hypnoc Arms,
239,Hypnoc Guard,
240,Hypnoc U Arms,
241,Hypnoc U Guard,
242,Lavasioth Arms,
243,Lavasioth Guard,
244,Lavasioth S Arms,
245,Lavasioth S Guard,
246,Gia U Arms,
247,Gia U Guard,
248,White Cat Arms,
249,Black Cat Arms,
250,Gold Cat Arms,
251,Gothic Arms,
252,Gothic F Arms,
253,Beil Gauntlets,
254,Comrade Arms 【猩】,
255,Jisutoreru Arms,
256,Duo Arms,
257,Smart Arms,
258,Strength Hands,
259,Boot Up Arms,
260,Yuenesu Arms,
261,Missing No.,
262,Missing No.,
263,Aerial Arms,
264,ジスト Arms,
265,Missing No.,
266,Extra Arms,
267,ウナペルト Arms,
268,Kyuura Arms,
269,Missing No.,
270,Missing No.,
271,Tigrex Arms,
272,Tigrex Guard,
273,Tigrex S Arms,
274,Tigrex S Guard,
275,Butterfly Brachia,
276,Butterfly ブラッソ,
277,Butterfly S Brachia,
278,Butterfly Sブラッソ,
279,Akantor サクンペ,
280,Akantor ノキリペ,
281,ウナペルトF Arms,
282,Red Cat F Arms,
283,Melahoa Creeper,
284,Melahoa U Creeper,
285,Makluva U Sleeve,
286,King Beetle Brachia,
287,King Beetle ブラッソ,
288,King Beetle S Brachia,
289,King Beetle Sブラッソ,
290,Death Stench Grip,
291,Death Stench Grasp,
292,Death Stench S Grip,
293,Death Stench S Grasp,
294,Mafumofu ミトン,
295,Mafumofu Sミトン,
296,Kushala Fハトゥー,
297,Kushala Fマカーン,
298,Kaiser F Arms,
299,Kaiser F Guard,
300,Mizuha 魁【大袖】,
301,Toyotama 魁【大袖】,
302,Gold 剛・魁【 Kote 】,
303,不動・魁【 Kote 】,
304,夜叉・魁【御手】,
305,修羅・魁【御手】,
306,Empress F Arms,
307,Empress F Guard,
308,Golden ノ Kote・魁,
309,Puppeteer ノ Kote・魁,
310,Garuga F Arms,
311,Garuga F Guard,
312,Kushala Fハトゥー,
313,Kushala Fマカーン,
314,Kaiser F Arms,
315,Kaiser F Guard,
316,Mizuha 魁【大袖】,
317,Toyotama 魁【大袖】,
318,Gold 剛・魁【 Kote 】,
319,不動・魁【 Kote 】,
320,夜叉・魁【御手】,
321,修羅・魁【御手】,
322,Empress F Arms,
323,Empress F Guard,
324,Golden ノ Kote・魁,
325,Puppeteer ノ Kote・魁,
326,Garuga F Arms,
327,Garuga F Guard,
328,Lavasioth U Arms,
329,Lavasioth U Guard,
330,White Metal Arms,
331,Celeste Arms,
332,Ciel Gauntlets,
333,Comrade Arms [Red 】,
334,Comrade Arms [Blue 】,
335,Comrade Arms [Green 】,
336,Comrade Arms [Orange 】,
337,ダミー,
338,ダミー,
339,Espinas Grip,
340,Espinas Grasp,
341,Espinas F Grip,
342,Espinas F Grasp,
343,Azul Arms,
344,Azul Guard,
345,Amezari Arms,
346,Amezari Guard,
347,Promise Arms 【 White 】,
348,Promise Arms 【 Blue 】,
349,Promise Arms 【 Purple 】,
350,Promise Arms 【 Yellow 】,
351,Bliss Arms 【 White 】,
352,Bliss Arms 【 Blue 】,
353,Bliss Arms 【 Purple 】,
354,Bliss Arms 【 Yellow 】,
355,Bliss F Arms 【 White 】,
356,Bliss F Arms 【 Blue 】,
357,Bliss F Arms 【 Purple 】,
358,Bliss F Arms 【 Yellow 】,
359,Lodge Wear Arms,
360,Battle Guard SP Blue,
361,Battle Guard SP Yellow,
362,Battle Guard SP Purple,
363,Rathian Arms SP Blue,
364,Rathian Arms SP Red,
365,Rathian Arms SP Black,
366,Khezu Arms SP Blue,
367,Khezu Arms SP Green,
368,Khezu Arms SP Black,
369,Espinas Arms SP Red,
370,Espinas Arms SP Blue,
371,Espinas Arms SP Yellow,
372,Espinas Guard SP Red,
373,Espinas Guard SP Blue,
374,Espinas Guard SP Yellow,
375,Noir Arms,
376,Guardi Arms SP White,
377,Guardi Arms SP Black,
378,Guardi Arms SP Purple,
379,Healer Cuffs SP Blue,
380,Healer Cuffs SP White,
381,Healer Cuffs SP Yellow,
382,Mafumofu ミトン SP Red,
383,Mafumofu ミトン SP Yellow,
384,Mafumofu ミトン SP Purple,
385,Basarios Guard SP Red,
386,Basarios Guard SP Black,
387,Basarios Guard SP Yellow,
388,Apkallu Arms,
389,Apkallu Guard,
390,Gospel Arms,
391,Gospel Guard,
392,Espinas U Grip,
393,Espinas U Grasp,
394,Blango Arms SP Yellow,
395,Blango Arms SP Blue,
396,Blango Arms SP Black,
397,Golden Kote SP White,
398,Golden Kote SP Purple,
399,Golden Kote SP Green,
400,Gravios Guard SP Green,
401,Gravios Guard SP Purple,
402,Gravios Guard SP Red,
403,Vashimu Arms,
404,Vashimu Arms Yellow,
405,Vashimu Arms Green,
406,Vashimu Arms Crimson,
407,Vashimu Guard,
408,Vashimu Guard Yellow,
409,Vashimu Guard Green,
410,Vashimu Guard Crimson,
411,Vashimu F Arms,
412,Vashimu F Arms Yellow,
413,Vashimu F Arms Green,
414,Vashimu F Arms Crimson,
415,Vashimu F Guard,
416,Vashimu F Guard Yellow,
417,Vashimu F Guard Green,
418,Vashimu F Guard Crimson,
419,Eques Arms,
420,Eques Guard,
421,Eques Arms 改,
422,Eques Guard 改,
423,Eques F Arms,
424,Eques F Guard,
425,Star Festival Gauntlets・Summer [Red 】,
426,Star Festival Gauntlets・Summer [Blue 】,
427,Star Festival Gauntlets・Summer [Black 】,
428,Star Festival Gauntlets・Summer [White 】,
429,Tanabata Gauntlets・Summer [Red 】,
430,Tanabata Gauntlets・Summer [Blue 】,
431,Tanabata Gauntlets・Summer [Black 】,
432,Tanabata Gauntlets・Summer [White 】,
433,Star Festival Gauntlets・織 [Red 】,
434,Star Festival Gauntlets・織 [Blue 】,
435,Star Festival Gauntlets・織 [Black 】,
436,Star Festival Gauntlets・織 [White 】,
437,Tanabata Gauntlets・織 [Red 】,
438,Tanabata Gauntlets・織 [Blue 】,
439,Tanabata Gauntlets・織 [Black 】,
440,Tanabata Gauntlets・織 [White 】,
441,Star Festival Gauntlets・Heaven [Red 】,
442,Star Festival Gauntlets・Heaven [Blue 】,
443,Star Festival Gauntlets・Heaven [Black 】,
444,Star Festival Gauntlets・Heaven [White 】,
445,Tanabata Gauntlets・Heaven [Red 】,
446,Tanabata Gauntlets・Heaven [Blue 】,
447,Tanabata Gauntlets・Heaven [Black 】,
448,Tanabata Gauntlets・Heaven [White 】,
449,High Metal Arms SP Black,
450,High Metal Arms SP Blue,
451,High Metal Arms SP Yellow,
452,S・Sol Arms SP Red,
453,S・Sol Arms SP Purple,
454,S・Sol Arms SP Black,
455,Garuga Guard SP White,
456,Garuga Guard SP Green,
457,Garuga Guard SP Red,
458,Rookie Arms 【 White 】,
459,Rookie Arms 【 Red 】,
460,Rookie Arms 【 Green 】,
461,Hypnoc S Arms,
462,Hypnoc S Guard,
463,Purogia Arms,
464,Oracion Arms,
465,Requiem Arms,
466,Vashimu U Arms,
467,Vashimu U Arms Yellow,
468,Vashimu U Arms Green,
469,Vashimu U Arms Crimson,
470,Vashimu U Guard,
471,Vashimu U Guard Yellow,
472,Vashimu U Guard Green,
473,Vashimu U Guard Crimson,
474,Melan Arms,
475,Melan Guard,
476,Rouge Arms,
477,Magisa Arms・Red,
478,Magisa Arms・Black,
479,Magisa Arms・Green,
480,Magisa Arms・White,
481,Magisa Arms・Blue,
482,Wizard Guard・Red,
483,Wizard Guard・Black,
484,Wizard Guard・Green,
485,Wizard Guard・White,
486,Wizard Guard・Blue,
487,Magisa F Arms・Red,
488,Magisa F Arms・Black,
489,Magisa F Arms・Green,
490,Magisa F Arms・White,
491,Magisa F Arms・Blue,
492,Wizard F Guard・Red,
493,Wizard F Guard・Black,
494,Wizard F Guard・Green,
495,Wizard F Guard・White,
496,Wizard F Guard・Blue,
497,Crowley Arms・Red,
498,Crowley Arms・Black,
499,Crowley Arms・Green,
500,Crowley Arms・White,
501,Crowley Arms・Blue,
502,Faust Guard・Red,
503,Faust Guard・Black,
504,Faust Guard・Green,
505,Faust Guard・White,
506,Faust Guard・Blue,
507,Kushala ハトゥー SP Red,
508,Kushala ハトゥー SP Yellow,
509,Kushala ハトゥー SP Green,
510,Kushala マカーン SP Red,
511,Kushala マカーン SP Yellow,
512,Kushala マカーン SP Green,
513,Kirin Arms SP Red,
514,Kirin Arms SP Purple,
515,Kirin Arms SP Black,
516,Kirin グローブ SP Red,
517,Kirin グローブ SP Purple,
518,Kirin グローブ SP Black,
519,Strega Arms,
520,Strega Guard,
521,Strega Arms 改,
522,Strega Guard 改,
523,Strega F Arms,
524,Strega F Guard,
525,Khezu L Arms,
526,Cepha L Arms,
527,Ceanataur L Arms,
528,Rathalos L Arms,
529,Mafumofu Lミトン,
530,Red Cat Arms,
531,Amitie Arms,
532,Amitie Guard,
533,Basarios L Guard,
534,Gypceros L Guard,
535,Guardian R Arms,
536,Healer R Cuffs,
537,Hunter's R Arms,
538,Rath Heart R Arms,
539,Hermitaur R Arms,
540,Amitie F Arms,
541,Amitie F Guard,
542,Kyuura F Arms,
543,Guardian R Brachia,
544,Healer Rスリーヴ,
545,Quad Arms C,
546,Quad Arms,
547,Beru Arms,
548,Beru Guard,
549,Beru F Arms,
550,Beru F Guard,
551,Lien Arms・Blue,
552,Lien Guard・Blue,
553,Lien Arms・Red,
554,Lien Guard・Red,
555,Lien Arms・Black,
556,Lien Guard・Black,
557,Lien Arms・White,
558,Lien Guard・White,
559,Lien F Arms・Blue,
560,Lien F Guard・Blue,
561,Lien F Arms・Red,
562,Lien F Guard・Red,
563,Lien F Arms・Black,
564,Lien F Guard・Black,
565,Lien F Arms・White,
566,Lien F Guard・White,
567,Kaiser Arms SP White,
568,Kaiser Arms SP Black,
569,Kaiser Arms SP Green,
570,Kaiser Guard SP White,
571,Kaiser Guard SP Black,
572,Kaiser Guard SP Green,
573,Hermitaur Arms SP Blue,
574,Hermitaur Arms SP White,
575,Hermitaur Arms SP Purple,
576,Kut-Ku L Arms,
577,Gypceros L Arms,
578,Io L Arms,
579,Rathian L Arms,
580,Basarios L Arms,
581,Rathalos L Guard,
582,Monoblos L Guard,
583,Melahoa R Creeper,
584,High Metal R Arms,
585,Diablos R Arms,
586,Blango R Arms,
587,Lavasioth R Arms,
588,Gia R Guard,
589,Battle R Guard,
590,Hypnoc ルータ Arms,
591,Hypnoc ルータ Guard,
592,Garuda Arms,
593,Garuda Guard,
594,Extra F Arms,
595,Butterfly L Brachia,
596,Hypnoc R Arms,
597,ダミー,
598,ディジ Gear Arms,
599,Priere Arms,
600,Salvacion Arms,
601,Shikari Kote,
602,Shikari Kote・魁,
603,G・Guard R Claws Green,
604,Arma Arms・Black,
605,Arma Guard・Black,
606,Arma Arms・White,
607,Arma Guard・White,
608,Arma Arms・Blue,
609,Arma Guard・Blue,
610,Arma Arms・Tea,
611,Arma Guard・Tea,
612,Orden Arms,
613,Orden Guard,
614,Arma F Arms・Black,
615,Arma F Guard・Black,
616,Arma F Arms・White,
617,Arma F Guard・White,
618,Arma F Arms・Blue,
619,Arma F Guard・Blue,
620,Arma F Arms・Tea,
621,Arma F Guard・Tea,
622,Orden F Arms,
623,Orden F Guard,
624,Es Quera Arms,
625,Es Quera Guard,
626,Pandeum Arms,
627,Pandeum Guard,
628,Gospel Arms SP Black,
629,Gospel Arms SP Red,
630,Gospel Arms SP White,
631,White Cat F Arms,
632,Death Stench L Grip,
633,Black Belt L Arms,
634,Battle L Arms,
635,Tigrex L Arms,
636,Khezu R Arms,
637,Rath Soul R Arms,
638,Gia R Arms,
639,G・Guard R Claws Green,
640,Khezu L Guard,
641,Io R Guard,
642,Purokusu Arms,
643,Purokusu F Arms,
644,Kurenesu Arms,
645,Kurenesu F Arms,
646,Suini Arms,
647,Suini F Arms,
648,Guraasu Guard,
649,Guraasu F Guard,
650,Forutu Arms,
651,Forutu F Arms,
652,Fakiru Arms,
653,Fakiru F Arms,
654,Baraban Arms,
655,Baraban F Arms,
656,Sufera Guard,
657,Sufera F Guard,
658,Paria Arms,
659,Paria F Arms,
660,Paria Guard,
661,Paria F Guard,
662,Hypnolia Arms,
663,Hypnolia Guard,
664,Feral Arms,
665,Feral Guard,
666,Demon Lord Kote,
667,Rasta 教官腕,
668,童子ノ Kote,
669,ダミー,
670,Ex Arms・White,
671,Ex F Arms・White,
672,Ex Guard・White,
673,Ex F Guard・White,
674,Ex Arms・Red,
675,Ex F Arms・Red,
676,Ex Guard・Red,
677,Ex F Guard・Red,
678,Ex Arms・Blue,
679,Ex F Arms・Blue,
680,Ex Guard・Blue,
681,Ex F Guard・Blue,
682,Ex Arms・Black,
683,Ex F Arms・Black,
684,Ex Guard・Black,
685,Ex F Guard・Black,
686,Trance Arms,
687,Trance F Arms,
688,Trance Guard,
689,Trance F Guard,
690,Mizuha [Sleeves] SP Blue,
691,Mizuha [Sleeves] SP Red,
692,Mizuha [Sleeves] SP Yellow,
693,Toyotama [Sleeves] SP Blue,
694,Toyotama [Sleeves] SP Red,
695,Toyotama [Sleeves] SP Yellow,
696,暁丸【 Kote 】 SP Red,
697,暁丸【 Kote 】 SP Purple,
698,暁丸【 Kote 】 SP White,
699,凛【 Kote 】 SP Black,
700,凛【 Kote 】 SP Purple,
701,凛【 Kote 】 SP White,
702,Hunter's L Arms,
703,Kirin L Arms ロング,
704,Monoblos L Arms,
705,Diablos L Arms,
706,Gravios L Arms,
707,Vespoid L Arms,
708,Basarios R Arms,
709,G・Guard R Cuffs Green,
710,G・Guard R Cuffs Green,
711,Monodevil R Arms,
712,Hornetaur R Arms,
713,Ceanataur R Arms,
714,Blango L Guard,
715,Plesioth L Guard,
716,Khezu R Guard,
717,Gravios R Guard,
718,Weiss Grip,
719,Weiss Grasp,
720,Espinas R Grip,
721,Tigrex L Guard,
722,Guns Arms,
723,Wild Arms,
724,Guns Guard,
725,Wild Guard,
726,Ecole Arms,
727,Dian Arms,
728,Ecole Guard,
729,Dian Guard,
730,Core Arms C,
731,Core Guard C,
732,Core Arms,
733,Core Guard,
734,Aneshisu Arms,
735,Aneshisu Guard,
736,Kuraaji Arms,
737,Kuraaji Arms 改,
738,Kuraaji F Arms,
739,Kuraaji Guard,
740,Kuraaji Guard 改,
741,Kuraaji F Guard,
742,Kinosu Arms,
743,Himeros Arms,
744,Bureshisu Arms,
745,Charien Guard,
746,Arietta Arms,
747,Tempest Arms,
748,Vento Guard,
749,Mistral Guard,
750,Arc Arms,
751,Arc Guard,
752,Rath Duo Arms,
753,Rath Duo Guard,
754,Shaln Arms・Blue,
755,Shaln F Arms・Blue,
756,Shaln Guard・Blue,
757,Shaln F Guard・Blue,
758,Shaln Arms・Green,
759,Shaln F Arms・Green,
760,Shaln Guard・Green,
761,Shaln F Guard・Green,
762,Shaln Arms・Purple,
763,Shaln F Arms・Purple,
764,Shaln Guard・Purple,
765,Shaln F Guard・Purple,
766,Shaln Arms・White,
767,Shaln F Arms・White,
768,Shaln Guard・White,
769,Shaln F Guard・White,
770,ルクス Arms,
771,ルクスF Arms,
772,ルクス Guard,
773,ルクスF Guard,
774,Real Arms・White,
775,Real F Arms・White,
776,Real Guard・White,
777,Real F Guard・White,
778,Real Arms・Gold,
779,Real F Arms・Gold,
780,Real Guard・Gold,
781,Real F Guard・Gold,
782,Real Arms・Blue,
783,Real F Arms・Blue,
784,Real Guard・Blue,
785,Real F Guard・Blue,
786,Real Arms・Red,
787,Real F Arms・Red,
788,Real Guard・Red,
789,Real F Guard・Red,
790,Regis Arms,
791,Regis F Arms,
792,Regis Guard,
793,Regis F Guard,
794,Comrade Arms 【葉】,
795,Comrade Arms 【柑】,
796,Comrade Arms 【冷】,
797,Ceanataur Guard SP Red,
798,Ceanataur Guard SP Black,
799,Ceanataur Guard SP Yellow,
800,Remobra Hands SP White,
801,Remobra Hands SP Yellow,
802,Remobra Hands SP Black,
803,G・Knight Cuffs SP Red,
804,G・Knight Cuffs SP Blue,
805,G・Knight Cuffs SP Purple,
806,PV Cuffs SP Red,
807,PV Cuffs SP Blue,
808,PV Cuffs SP Purple,
809,Hermitaur L Arms,
810,High Metal L Arms,
811,Steel L Arms,
812,Lavasioth L Arms,
813,Bone L Arms,
814,Hornetaur L Arms,
815,G・Guard R Claws Crimson,
816,G・Guard R Claws Crimson,
817,Helper R Cuffs,
818,Battle R Arms,
819,Cepha R Arms,
820,Bone R Arms,
821,Io L Guard,
822,Ceanataur L Guard,
823,Rath Heart R Guard,
824,Bone R Guard,
825,Buran Arms,
826,White Belt Arms,
827,Kagura 【 Kote 】,
828,Kagura・覇【 Kote 】,
829,Kamiza 【 Kote 】,
830,Kamiza・覇【 Kote 】,
831,アスハルテ Arms,
832,アスハルテ Guard,
833,ローク Arms,
834,ローク Guard,
835,Soldato Arms,
836,Gable Arms,
837,Soldato Guard,
838,Gable Guard,
839,Uida Arms,
840,スティーダ Arms,
841,Uida Guard,
842,スティーダ Guard,
843,Agria Arms,
844,Flower Arms,
845,Agria Guard,
846,Flower Guard,
847,Fauve Arms,
848,Fias Arms,
849,Fauve Guard,
850,Fias Guard,
851,フィデル Arms,
852,フィデルF Arms,
853,ファクト Arms,
854,ファクトF Arms,
855,シュロス Arms,
856,シュロスF Arms,
857,アエトス Guard,
858,アエトスF Guard,
859,ヴェルス Arms,
860,ヴェルスF Arms,
861,フラントArms,
862,フラントF Arms,
863,セリュー Arms,
864,セリューF Arms,
865,ウェネス Guard,
866,ウェネスF Guard,
867,Ferme Arms・Black,
868,Ferme F Arms・Black,
869,Ferme Guard・Black,
870,Ferme F Guard・Black,
871,Ferme Arms・Red,
872,Ferme F Arms・Red,
873,Ferme Guard・Red,
874,Ferme F Guard・Red,
875,Ferme Arms・White,
876,Ferme F Arms・White,
877,Ferme Guard・White,
878,Ferme F Guard・White,
879,Ferme Arms・Blue,
880,Ferme F Arms・Blue,
881,Ferme Guard・Blue,
882,Ferme F Guard・Blue,
883,リエーザ Arms,
884,リエーザF Arms,
885,リエーザ Guard,
886,リエーザF Guard,
887,Claire Arms・Purple,
888,Claire F Arms・Purple,
889,Claire Guard・Purple,
890,Claire F Guard・Purple,
891,Claire Arms・Water,
892,Claire F Arms・Water,
893,Claire Guard・Water,
894,Claire F Guard・Water,
895,Claire Arms・Red,
896,Claire F Arms・Red,
897,Claire Guard・Red,
898,Claire F Guard・Red,
899,Claire Arms・Black,
900,Claire F Arms・Black,
901,Claire Guard・Black,
902,Claire F Guard・Black,
903,Desert Arms,
904,Desert F Arms,
905,Desert Guard,
906,Desert F Guard,
907,Empress Arms SP Red,
908,Empress Arms SP Yellow,
909,Empress Arms SP Purple,
910,Empress Guard SP Red,
911,Empress Guard SP Yellow,
912,Empress Guard SP Purple,
913,Vespoid Arms SP Yellow,
914,Vespoid Arms SP Black,
915,Vespoid Arms SP Blue,
916,Comrade L Arms・Red,
917,Comrade L Arms・Blue,
918,Comrade L Arms・Green,
919,Comrade L Arms・Orange,
920,Comrade R Arms・Red,
921,Comrade R Arms・Blue,
922,Comrade R Arms・Green,
923,Comrade R Arms・Orange,
924,Battle L Guard,
925,Gravios L Guard,
926,Hunter's R Guard,
927,Vespoid R Guard,
928,ヴィリヴラ Arms,
929,Angriff Arms,
930,ヴィリヴラ Guard,
931,Angriff Guard,
932,Schutz Arms,
933,Hilfe Arms,
934,Schutz Guard,
935,Hilfe Guard,
936,Makluva R Sleeve,
937,Raviente Arms,
938,Raviente F Arms,
939,Raviente FX Arms,
940,Raviente Guard,
941,Raviente F Guard,
942,Raviente FX Guard,
943,アナキ Arms,
944,アナキ Guard,
945,Harvest Arms,
946,Harvest Guard,
947,Craft Arms,
948,Craft F Arms,
949,Craft Guard,
950,Craft F Guard,
951,Ledia Arms,
952,Ledia F Arms,
953,Ledia Guard,
954,Ledia F Guard,
955,ティーア Arms,
956,Viruto Arms,
957,ティーア Guard,
958,Viruto Guard,
959,Muse Arms,
960,Tune Arms,
961,ゼーレ Guard,
962,Schnite Guard,
963,アセルス Arms,
964,アセルスF Arms,
965,スクラ Arms,
966,スクラF Arms,
967,ファルム Arms,
968,ファルムF Arms,
969,Diesel Guard,
970,Diesel F Guard,
971,スディブ Arms,
972,スディブF Arms,
973,フィブラ Arms,
974,フィブラF Arms,
975,リガス Arms,
976,リガスF Arms,
977,ミーツェ Guard,
978,ミーツェF Guard,
979,Melety Arms・White,
980,Melety F Arms・White,
981,Melety Guard・White,
982,Melety F Guard・White,
983,Melety Arms・Red,
984,Melety F Arms・Red,
985,Melety Guard・Red,
986,Melety F Guard・Red,
987,Melety Arms・Blue,
988,Melety F Arms・Blue,
989,Melety Guard・Blue,
990,Melety F Guard・Blue,
991,Melety Arms・Black,
992,Melety F Arms・Black,
993,Melety Guard・Black,
994,Melety F Guard・Black,
995,ゲレール Arms,
996,ゲレールF Arms,
997,レーラー Arms,
998,レーラーF Arms,
999,フェサー Arms,
1000,フェサーF Arms,
1001,シアンス Guard,
1002,シアンスF Guard,
1003,Gold Arms・Red,
1004,Gold F Arms・Red,
1005,Gold Guard・Red,
1006,Gold F Guard・Red,
1007,Gold Arms・Blue,
1008,Gold F Arms・Blue,
1009,Gold Guard・Blue,
1010,Gold F Guard・Blue,
1011,Gold Arms・Yellow,
1012,Gold F Arms・Yellow,
1013,Gold Guard・Yellow,
1014,Gold F Guard・Yellow,
1015,Gold Arms・Purple,
1016,Gold F Arms・Purple,
1017,Gold Guard・Purple,
1018,Gold F Guard・Purple,
1019,シデロ Arms,
1020,シデロF Arms,
1021,オール Arms,
1022,オールF Arms,
1023,メタロ Arms,
1024,メタロF Arms,
1025,アル Jyaga ド,
1026,アルジャF Guard,
1027,Espinas FX Grip,
1028,Espinas FX Grasp,
1029,,
1030,エクスト Arms,
1031,エクスト Arms C,
1032,エクスト Guard,
1033,エクスト Guard C,
1034,Death Stench アルム SP White,
1035,Death Stench アルム SP Red,
1036,Death Stench アルム SP Blue,
1037,Diablos Arms SP Purple,
1038,Diablos Arms SP Blue,
1039,Diablos Arms SP Yellow,
1040,Makluva Sleeve SP Green,
1041,Makluva Sleeve SP Blue,
1042,Makluva Sleeve SP Black,
1043,Dragon Lフィスト,
1044,Kirin Lグローブ,
1045,Hermitaur L Guard,
1046,Bone L Guard,
1047,Vespoid L Guard,
1048,Diablos L Guard,
1049,G・Guard R Cuffs Crimson,
1050,G・Guard R Cuffs Crimson,
1051,Hornetaur R Guard,
1052,High Metal R Guard,
1053,Rath Soul R Guard,
1054,Blango L Arms,
1055,Plesioth L Arms,
1056,Gravios R Arms,
1057,Io R Arms,
1058,Dyuragaua 【 Kote 】,
1059,Inari 覇【 Kote 】,
1060,Dyuragaua 【 Kote 】,
1061,Tamamo 覇【 Kote 】,
1062,コカロ Arms,
1063,コカロ Guard,
1064,Shieri Arms,
1065,Shieri F Arms,
1066,Shieri Guard,
1067,Shieri F Guard,
1068,Harubadaa Arms,
1069,Harubadaa F Arms,
1070,Tracker Guard,
1071,Tracker F Guard,
1072,Zaakaa Arms,
1073,Zaakaa F Arms,
1074,Chaser Guard,
1075,Chaser F Guard,
1076,Royal Arms,
1077,Royal F Arms,
1078,Lord Guard,
1079,Lord F Guard,
1080,Dicto Arms,
1081,Dicto F Arms,
1082,Diletto Guard,
1083,Diletto F Guard,
1084,Kruss Arms,
1085,Kruss F Arms,
1086,Quote Guard,
1087,Quote F Guard,
1088,ウルバヌ Arms,
1089,ウルバヌF Arms,
1090,マグヌス Arms,
1091,マグヌスF Arms,
1092,ソレルス Arms,
1093,ソレルスF Arms,
1094,パルフェ Guard,
1095,パルフェF Guard,
1096,アスティ Arms,
1097,アスティF Arms,
1098,アガトン Arms,
1099,アガトンF Arms,
1100,ランプロ Arms,
1101,ランプロF Arms,
1102,ソフィス Guard,
1103,ソフィスF Guard,
1104,Aristo Arms・Blue,
1105,Aristo F Arms・Blue,
1106,Aristo Guard・Blue,
1107,Aristo F Guard・Blue,
1108,Aristo Arms・White,
1109,Aristo F Arms・White,
1110,Aristo Guard・White,
1111,Aristo F Guard・White,
1112,Aristo Arms・Purple,
1113,Aristo F Arms・Purple,
1114,Aristo Guard・Purple,
1115,Aristo F Guard・Purple,
1116,Aristo Arms・Red,
1117,Aristo F Arms・Red,
1118,Aristo Guard・Red,
1119,Aristo F Guard・Red,
1120,ビリス Arms,
1121,ビリスF Arms,
1122,ギエール Arms,
1123,ギエールF Arms,
1124,カウント Arms,
1125,カウントF Arms,
1126,フュルス Guard,
1127,フュルスF Guard,
1128,Text Arms・Purple,
1129,Text F Arms・Purple,
1130,Text Guard・Purple,
1131,Text F Guard・Purple,
1132,Text Arms・Green,
1133,Text F Arms・Green,
1134,Text Guard・Green,
1135,Text F Guard・Green,
1136,Text Arms・Blue,
1137,Text F Arms・Blue,
1138,Text Guard・Blue,
1139,Text F Guard・Blue,
1140,Text Arms・Black,
1141,Text F Arms・Black,
1142,Text Guard・Black,
1143,Text F Guard・Black,
1144,Pasu マ Arms,
1145,Pasu マF Arms,
1146,フィーブル Arms,
1147,フィーブルF Arms,
1148,ヴァラク Arms,
1149,ヴァラクF Arms,
1150,ネウロン Guard,
1151,ネウロンF Guard,
1152,Arge Arms,
1153,Arge F Arms,
1154,Arge Guard,
1155,Arge F Guard,
1156,Akantor サクンペ SP Black,
1157,Akantor サクンペ SP Red,
1158,Akantor サクンペ SP White,
1159,Akantor ノキリペ SP Black,
1160,Akantor ノキリペ SP Red,
1161,Akantor ノキリペ SP White,
1162,Gravios Arms SP Black,
1163,Gravios Arms SP Blue,
1164,Gravios Arms SP Red,
1165,Conga L Guard,
1166,Hunter's L Guard,
1167,Veloci L Guard,
1168,Hornetaur L Guard,
1169,High Metal L Guard,
1170,Gen L Guard,
1171,Gen R Guard,
1172,Kut-Ku R Guard,
1173,Basarios R Guard,
1174,Cepha R Guard,
1175,Plesioth R Guard,
1176,Gypceros R Guard,
1177,Dragon Lクロウ,
1178,Veloci L Arms,
1179,Vespoid R Arms,
1180,Kut-Ku R Arms,
1181,Vashimu FX Arms,
1182,Vashimu FX Guard,
1183,Vashimu FX Arms Yellow,
1184,Vashimu FX Guard Yellow,
1185,Vashimu FX Arms Green,
1186,Vashimu FX Guard Green,
1187,Vashimu FX Arms Crimson,
1188,Vashimu FX Guard Crimson,
1189,Azul F Arms,
1190,Azul F Guard,
1191,護靈者腕甲GS,
1192,護靈者腕甲GP,
1193,護靈者腕甲ZP,
1194,護靈者袖扣GS,
1195,護靈者袖扣GP,
1196,護靈者袖扣ZP,
1197,兵士腕甲GS,
1198,兵士腕甲GP,
1199,兵士腕甲ZP,
1200,兵士袖扣GS,
1201,兵士袖扣GP,
1202,兵士袖扣ZP,
1203,野蠻護腕GS,
1204,野蠻護腕GP,
1205,野蠻護腕ZP,
1206,野蠻手甲GS,
1207,野蠻手甲GP,
1208,野蠻手甲ZP,
1209,晴雲手甲GS,
1210,晴雲手甲GP,
1211,晴雲手甲ZP,
1212,晴雲護腕GS,
1213,晴雲護腕GP,
1214,晴雲護腕ZP,
1215,失落狂腕GS,
1216,失落狂腕GP,
1217,失落狂腕ZP,
1218,失落猛腕GS,
1219,失落猛腕GP,
1220,失落猛腕ZP,
1221,Beru ドラ Arms,
1222,Beru ドラ Guard,
1223,Diru Arms,
1224,Diru F Arms,
1225,Diru Guard,
1226,Diru F Guard,
1227,Sufia Arms,
1228,Sufia F Arms,
1229,Sufia Guard,
1230,Sufia F Guard,
1231,Starina Arms,
1232,Starina F Arms,
1233,Starina Guard,
1234,Starina F Guard,
1235,Loose Arms,
1236,Loose F Arms,
1237,Loose Guard,
1238,Loose F Guard,
1239,Rage Arms,
1240,Rage F Arms,
1241,Rage Guard,
1242,Rage F Guard,
1243,Rampage Arms,
1244,Rampage F Arms,
1245,Rampage Guard,
1246,Rampage F Guard,
1247,Blaze Arms,
1248,Blaze F Arms,
1249,Blaze Guard,
1250,Blaze F Guard,
1251,Pharan Arms・White,
1252,Pharan F Arms・White,
1253,Pharan Guard・White,
1254,Pharan F Guard・White,
1255,Pharan Arms・Black,
1256,Pharan F Arms・Black,
1257,Pharan Guard・Black,
1258,Pharan F Guard・Black,
1259,Pharan Arms・Red,
1260,Pharan F Arms・Red,
1261,Pharan Guard・Red,
1262,Pharan F Guard・Red,
1263,Pharan Arms・Blue,
1264,Pharan F Arms・Blue,
1265,Pharan Guard・Blue,
1266,Pharan F Guard・Blue,
1267,Gold Cat F Arms,
1268,Gold Cat F Guard,
1269,Silver Cat Arms,
1270,Silver Cat F Arms,
1271,Silver Cat F Guard,
1272,ヴィン Arms,
1273,ヴィンF Arms,
1274,ヴァンデ Arms,
1275,ヴァンデF Arms,
1276,デスモ Arms,
1277,デスモF Arms,
1278,ミスク Guard,
1279,ミスクF Guard,
1280,ウーズィ Arms,
1281,ウーズィF Arms,
1282,レガーメ Arms,
1283,レガーメF Arms,
1284,ノット Arms,
1285,ノットF Arms,
1286,ラソス Guard,
1287,ラソスF Guard,
1288,Tigrex Arms SP Black,
1289,Tigrex Arms SP White,
1290,Tigrex Arms SP Purple,
1291,Monoblos Arms SP Yellow,
1292,Monoblos Arms SP Green,
1293,Monoblos Arms SP White,
1294,Khezu Guard SP Black,
1295,Khezu Guard SP Green,
1296,Khezu Guard SP Blue,
1297,Hypnoc L Guard,
1298,Lavasioth L Guard,
1299,Butterfly Lブラッソ,
1300,Cepha L Guard,
1301,Rathian L Guard,
1302,Kut-Ku L Guard,
1303,忍の Kote・R,
1304,Leather R Arms,
1305,Espinas R Grasp,
1306,Vashimu R Guard,
1307,Vashimu R Guard Yellow,
1308,Vashimu R Guard Green,
1309,Vashimu R Guard Crimson,
1310,Lavasioth R Guard,
1311,King Beetle L Brachia,
1312,Gen L Arms,
1313,Steel R Arms,
1314,Vashimu R Arms,
1315,Vashimu R Arms Yellow,
1316,Vashimu R Arms Green,
1317,Vashimu R Arms Crimson,
1318,Inari FX【 Kote 】,
1319,Tamamo FX【 Kote 】,
1320,Eques FX Arms,
1321,Eques FX Guard,
1322,Noir F Arms,
1323,Himeros F Arms,
1324,Bureshisu F Arms,
1325,Charien F Guard,
1326,Guren Arms,
1327,Guren F Arms,
1328,Guren Guard,
1329,Guren F Guard,
1330,Garnet Arms,
1331,Garnet F Arms,
1332,Garnet FX Arms,
1333,Amethyst Arms,
1334,Amethyst F Arms,
1335,Amethyst FX Arms,
1336,Coral Arms,
1337,Coral F Arms,
1338,Coral FX Arms,
1339,Quartz Arms,
1340,Quartz F Arms,
1341,Quartz FX Arms,
1342,Ruby Arms,
1343,Ruby F Arms,
1344,Ruby FX Arms,
1345,Sapphire Arms,
1346,Sapphire F Arms,
1347,Sapphire FX Arms,
1348,Emerald Arms,
1349,Emerald F Arms,
1350,Emerald FX Arms,
1351,Pearl Arms,
1352,Pearl F Arms,
1353,Pearl FX Arms,
1354,Topaz Guard,
1355,Topaz F Guard,
1356,Topaz FX Guard,
1357,Tourmaline Guard,
1358,Tourmaline F Guard,
1359,Tourmaline FX Guard,
1360,Lapis Guard,
1361,Lapis F Guard,
1362,Lapis FX Guard,
1363,Beru FX Arms,
1364,Beru FX Guard,
1365,Apkallu F Arms,
1366,Apkallu F Guard,
1367,Mixes Arms,
1368,Mixes F Arms,
1369,Mixes Guard,
1370,Mixes F Guard,
1371,Atra Arms,
1372,Atra F Arms,
1373,Atra Guard,
1374,Atra F Guard,
1375,Mirado Arms,
1376,Mirado F Arms,
1377,Mirado Guard,
1378,Mirado F Guard,
1379,Deyuru Arms,
1380,Deyuru F Arms,
1381,Deyuru Guard,
1382,Deyuru F Guard,
1383,クルシッド Arms,
1384,クルシッドF Arms,
1385,ヴェロシ Arms,
1386,ヴェロシF Arms,
1387,ケプト Arms,
1388,ケプトF Arms,
1389,ハウット Guard,
1390,ハウットF Guard,
1391,ヴェンガ Arms,
1392,ヴェンガF Arms,
1393,スプリン Arms,
1394,スプリンF Arms,
1395,マシャル Arms,
1396,マシャルF Arms,
1397,ペンブル Guard,
1398,ペンブルF Guard,
1399,Regelia Arms・White,
1400,Regelia F Arms・White,
1401,Regelia Guard・White,
1402,Regelia F Guard・White,
1403,Regelia Arms・Red,
1404,Regelia F Arms・Red,
1405,Regelia Guard・Red,
1406,Regelia F Guard・Red,
1407,Regelia Arms・Green,
1408,Regelia F Arms・Green,
1409,Regelia Guard・Green,
1410,Regelia F Guard・Green,
1411,Regelia Arms・Blue,
1412,Regelia F Arms・Blue,
1413,Regelia Guard・Blue,
1414,Regelia F Guard・Blue,
1415,ゴラエス Arms,
1416,ゴラエスF Arms,
1417,バシリス Arms,
1418,バシリスF Arms,
1419,インジン Arms,
1420,インジンF Arms,
1421,Dexter Guard,
1422,Dexter F Guard,
1423,ジャッグ Arms,
1424,ジャッグF Arms,
1425,コンシラ Arms,
1426,コンシラF Arms,
1427,Predator Arms,
1428,Predator F Arms,
1429,プリジド Guard,
1430,プリジドF Guard,
1431,Suriito Arms・Yellow,
1432,Suriito F Arms・Yellow,
1433,Suriito Guard・Yellow,
1434,Suriito F Guard・Yellow,
1435,Suriito Arms・Silver,
1436,Suriito F Arms・Silver,
1437,Suriito Guard・Silver,
1438,Suriito F Guard・Silver,
1439,Suriito Arms・Red,
1440,Suriito F Arms・Red,
1441,Suriito Guard・Red,
1442,Suriito F Guard・Red,
1443,Suriito Arms・Blue,
1444,Suriito F Arms・Blue,
1445,Suriito Guard・Blue,
1446,Suriito F Guard・Blue,
1447,Camarera Arms,
1448,Camarera F Arms,
1449,Camarera Guard,
1450,Camarera F Guard,
1451,Plesioth Arms SP Black,
1452,Plesioth Arms SP Yellow,
1453,Plesioth Arms SP Purple,
1454,Plesioth Guard SP Black,
1455,Plesioth Guard SP Yellow,
1456,Plesioth Guard SP Purple,
1457,Gypceros Guard SP Red,
1458,Gypceros Guard SP Yellow,
1459,Gypceros Guard SP Green,
1460,ダミー,
1461,ダミー,
1462,White Fatalis Rクロウ,
1463,G・Lune R Guard,
1464,S・Sol R Guard,
1465,Death Stench L Grasp,
1466,Leather L Arms,
1467,Chainmail L Arms,
1468,Ceanataur R Guard,
1469,Diablos R Guard,
1470,Blango R Guard,
1471,Conga R Arms,
1472,Conga R Guard,
1473,Hypnoc R Guard,
1474,Monodevil R Guard,
1475,Plesioth R Arms,
1476,フェリ Arms,
1477,フェリF Arms,
1478,フェリ Guard,
1479,フェリF Guard,
1480,テネール Arms,
1481,テネールF Arms,
1482,テネール Guard,
1483,テネールF Guard,
1484,Rider Arms B,
1485,Rising Arms B,
1486,Rider Guard B,
1487,Rising Guard B,
1488,Rider Arms R,
1489,Rising Arms R,
1490,Rider Guard R,
1491,Rising Guard R,
1492,Rider Arms Y,
1493,Rising Arms Y,
1494,Rider Guard Y,
1495,Rising Guard Y,
1496,Rider Arms G,
1497,Rising Arms G,
1498,Rider Guard G,
1499,Rising Guard G,
1500,Robust ハトゥー,
1501,Robust Fハトゥー,
1502,Robust フィスト,
1503,Robust Fフィスト,
1504,Kukubo Arms,
1505,Kukubo F Arms,
1506,Kukubo Guard,
1507,Kukubo F Guard,
1508,Falco Arms,
1509,Falco F Arms,
1510,Falco Guard,
1511,Falco F Guard,
1512,ヴェスナ Arms,
1513,ヴェスナF Arms,
1514,ベラノ Arms,
1515,ベラノF Arms,
1516,カリフ Arms,
1517,カリフF Arms,
1518,シター Guard,
1519,シターF Guard,
1520,コンセト Arms,
1521,コンセトF Arms,
1522,バステル Arms,
1523,バステルF Arms,
1524,カタフ Arms,
1525,カタフF Arms,
1526,ハネツァ Guard,
1527,ハネツァF Guard,
1528,Bunny Arms・Black,
1529,Bunny F Arms・Black,
1530,Bunny Guard・Black,
1531,Bunny F Guard・Black,
1532,Bunny Arms・White,
1533,Bunny F Arms・White,
1534,Bunny Guard・White,
1535,Bunny F Guard・White,
1536,Bunny Arms・Red,
1537,Bunny F Arms・Red,
1538,Bunny Guard・Red,
1539,Bunny F Guard・Red,
1540,Bunny Arms・Purple,
1541,Bunny F Arms・Purple,
1542,Bunny Guard・Purple,
1543,Bunny F Guard・Purple,
1544,昇龍 Kote・White,
1545,昇龍F Kote・White,
1546,波動 Kote・White,
1547,波動F Kote・White,
1548,百裂腕環・Blue,
1549,百裂F腕環・Blue,
1550,気功腕環・Blue,
1551,気功F腕環・Blue,
1552,昇龍 Kote・紺,
1553,昇龍F Kote・紺,
1554,波動 Kote・紺,
1555,波動F Kote・紺,
1556,百裂腕環・Black,
1557,百裂F腕環・Black,
1558,気功腕環・Black,
1559,気功F腕環・Black,
1560,昇龍 Kote・Yellow,
1561,昇龍F Kote・Yellow,
1562,波動 Kote・Yellow,
1563,波動F Kote・Yellow,
1564,百裂腕環・Yellow,
1565,百裂F腕環・Yellow,
1566,気功腕環・Yellow,
1567,気功F腕環・Yellow,
1568,昇龍 Kote・Purple,
1569,昇龍F Kote・Purple,
1570,波動 Kote・Purple,
1571,波動F Kote・Purple,
1572,百裂腕環・Green,
1573,百裂F腕環・Green,
1574,気功腕環・Green,
1575,気功F腕環・Green,
1576,Steno Arms・Orange,
1577,Steno F Arms・Orange,
1578,Steno Guard・Orange,
1579,Steno F Guard・Orange,
1580,Steno Arms・Peach,
1581,Steno F Arms・Peach,
1582,Steno Guard・Peach,
1583,Steno F Guard・Peach,
1584,Steno Arms・Blue,
1585,Steno F Arms・Blue,
1586,Steno Guard・Blue,
1587,Steno F Guard・Blue,
1588,Steno Arms・Red,
1589,Steno F Arms・Red,
1590,Steno Guard・Red,
1591,Steno F Guard・Red,
1592,Jumpin' Arms,
1593,Jumpin' F Arms,
1594,Jumpin' Guard,
1595,Jumpin' F Guard,
1596,アデュス Arms,
1597,アデュスF Arms,
1598,アデュス Guard,
1599,アデュスF Guard,
1600,Metenera Arms,
1601,Metenera F Arms,
1602,Metenera Guard,
1603,Metenera F Guard,
1604,Excelle Arms,
1605,Excelle F Arms,
1606,Excelle Guard,
1607,Excelle F Guard,
1608,Pupen Arms,
1609,Pupen F Arms,
1610,Pupen Guard,
1611,Pupen F Guard,
1612,Moss Covered Arms,
1613,Moss Covered F Arms,
1614,Moss Covered Guard,
1615,Moss Covered F Guard,
1616,Kagura 【 Kote 】 SP Red,
1617,Kagura 【 Kote 】 SP Black,
1618,Kagura 【 Kote 】 SP Purple,
1619,Kamiza 【 Kote 】 SP Red,
1620,Kamiza 【 Kote 】 SP Black,
1621,Kamiza 【 Kote 】 SP Purple,
1622,Mosswine Punch SP White,
1623,Mosswine Punch SP Yellow,
1624,Mosswine Punch SP Blue,
1625,King Beetle Lブラッソ,
1626,Hypnoc L Arms,
1627,Conga L Arms,
1628,Chainmail R Arms,
1629,Hermitaur R Guard,
1630,Gypceros R Arms,
1631,Gen R Arms,
1632,Shasse Arms,
1633,Shasse Guard,
1634,Gospel F Arms,
1635,Gospel F Guard,
1636,Rouge F Arms,
1637,Freyja Arms,
1638,Freyja Guard,
1639,Pariapuria FX Arms,
1640,Pariapuria FX Guard,
1641,Guren FX Arms,
1642,Guren FX Guard,
1643,Ruko クロウ,
1644,Ruko Fクロウ,
1645,Ruko フィスト,
1646,Ruko Fフィスト,
1647,Blitz Arms,
1648,Blitz グローブ,
1649,Lils Arms,
1650,ダミー,
1651,Lils Guard,
1652,ダミー,
1653,Kagura FX【 Kote 】,
1654,Kamiza FX【 Kote 】,
1655,Blue Sky Sleeve,
1656,Blue Sky Sleeve・魁,
1657,Welkin Sleeve,
1658,Welkin Sleeve・魁,
1659,Breo Arms,
1660,Breo F Arms,
1661,Vinen Arms,
1662,Vinen F Arms,
1663,Vinen Guard,
1664,Vinen F Guard,
1665,アナトリ Arms,
1666,アナトリ Guard,
1667,Edio Arms・Blue,
1668,Edio F Arms・Blue,
1669,Edio Guard・Blue,
1670,Edio F Guard・Blue,
1671,Edio Arms・Red,
1672,Edio F Arms・Red,
1673,Edio Guard・Red,
1674,Edio F Guard・Red,
1675,Edio Arms・Yellow,
1676,Edio F Arms・Yellow,
1677,Edio Guard・Yellow,
1678,Edio F Guard・Yellow,
1679,Edio Arms・Black,
1680,Edio F Arms・Black,
1681,Edio Guard・Black,
1682,Edio F Guard・Black,
1683,Abitto Arms,
1684,Abitto F Arms,
1685,Abitto Guard,
1686,Abitto F Guard,
1687,Howx Arms,
1688,Howx F Arms,
1689,Howx Guard,
1690,Howx F Guard,
1691,Pirata Arms,
1692,Pirata F Arms,
1693,Pirata Guard,
1694,Pirata F Guard,
1695,アレス Arms,
1696,アレスF Arms,
1697,カリノ Arms,
1698,カリノF Arms,
1699,ルルス Arms,
1700,ルルスF Arms,
1701,Nada Guard,
1702,Nada F Guard,
1703,Rosa Arms,
1704,Rosa F Arms,
1705,Haosu Arms,
1706,Haosu F Arms,
1707,Miru Arms,
1708,Miru F Arms,
1709,Pasu Guard,
1710,Pasu F Guard,
1711,Randa の Gauntlets・Yellow,
1712,蘭蛮の Gauntlets・Yellow,
1713,Randa の Sleeve・Yellow,
1714,蘭蛮の Sleeve・Yellow,
1715,Randa の Gauntlets・Red,
1716,蘭蛮の Gauntlets・Red,
1717,Randa の Sleeve・Red,
1718,蘭蛮の Sleeve・Red,
1719,Randa の Gauntlets・Purple,
1720,蘭蛮の Gauntlets・Purple,
1721,Randa の Sleeve・Purple,
1722,蘭蛮の Sleeve・Purple,
1723,Randa の Gauntlets・Gold,
1724,蘭蛮の Gauntlets・Gold,
1725,Randa の Sleeve・Gold,
1726,蘭蛮の Sleeve・Gold,
1727,竜巻 Kote・Black,
1728,竜巻F Kote・Black,
1729,True 空 Kote・Black,
1730,True 空F Kote・Black,
1731,千裂腕環・Black,
1732,千裂F腕環・Black,
1733,覇山腕環・Black,
1734,覇山F腕環・Black,
1735,竜巻 Kote・Tea,
1736,竜巻F Kote・Tea,
1737,True 空 Kote・Tea,
1738,True 空F Kote・Tea,
1739,千裂腕環・Purple,
1740,千裂F腕環・Purple,
1741,覇山腕環・Purple,
1742,覇山F腕環・Purple,
1743,竜巻 Kote・White,
1744,竜巻F Kote・White,
1745,True 空 Kote・White,
1746,True 空F Kote・White,
1747,千裂腕環・White,
1748,千裂F腕環・White,
1749,覇山腕環・White,
1750,覇山F腕環・White,
1751,竜巻 Kote・Blue,
1752,竜巻F Kote・Blue,
1753,True 空 Kote・Blue,
1754,True 空F Kote・Blue,
1755,千裂腕環・Green,
1756,千裂F腕環・Green,
1757,覇山腕環・Green,
1758,覇山F腕環・Green,
1759,正拳 Kote,
1760,正拳F Kote,
1761,灼熱 Kote,
1762,灼熱F Kote,
1763,龍星腕環,
1764,龍星F腕環,
1765,虎襲腕環,
1766,虎襲F腕環,
1767,旋風 Kote,
1768,旋風F Kote,
1769,巴 Kote,
1770,巴F Kote,
1771,Heaven 空腕環,
1772,Heaven 空F腕環,
1773,Heaven 昇腕環,
1774,Heaven 昇F腕環,
1775,Jeamu Arms,
1776,Jeamu F Arms,
1777,Amyusu Arms,
1778,Amyusu F Arms,
1779,Clevan Arms,
1780,Clevan F Arms,
1781,Meterosu Guard,
1782,Meterosu F Guard,
1783,Shipureru Arms,
1784,Shipureru F Arms,
1785,Toresupa Arms,
1786,Toresupa F Arms,
1787,Suteraru Arms,
1788,Suteraru F Arms,
1789,Hakyura Guard,
1790,Hakyura F Guard,
1791,Orutemo F Arms,
1792,Orutemo F Guard,
1793,忍の Kote・陰 SP Yellow,
1794,忍の Kote・陰 SP Red,
1795,忍の Kote・陰 SP Blue,
1796,K.Lobster Arms SP Black,
1797,K.Lobster Arms SP Green,
1798,K.Lobster Arms SP Blue,
1799,K.Lobster Guard SP Black,
1800,K.Lobster Guard SP Green,
1801,K.Lobster Guard SP Blue,
1802,Aneshisu F Arms,
1803,Aneshisu F Guard,
1804,Buran F Arms,
1805,Zwinger Arms,
1806,Zwinger Guard,
1807,Demon Lord Kote・魁,
1808,童子ノ Kote・魁,
1809,Melan F Arms,
1810,Melan F Guard,
1811,Buto F Arms,
1812,Himeros FX Arms,
1813,Charien FX Guard,
1814,Bureshisu FX Arms,
1815,Rathalos LX Arms,
1816,Rath Soul RX Arms,
1817,Khezu LX Arms,
1818,Khezu RX Arms,
1819,High Metal LX Arms,
1820,High Metal RX Arms,
1821,Hornetaur LX Guard,
1822,Hornetaur RX Guard,
1823,Beru ドラR Arms,
1824,Beru ドラR Guard,
1825,Flame Arms,
1826,Flame Guard,
1827,Noon Glow Sleeve,
1828,夕茜ノ Sleeve,
1829,Poogie Punch,
1830,Poogie F Punch,
1831,Poogie Hands,
1832,Poogie F Hands,
1833,Mandora Arms,
1834,Mandora F Arms,
1835,Mandora Guard,
1836,Mandora F Guard,
1837,Aonoko Arms,
1838,Aonoko F Arms,
1839,Aonoko Guard,
1840,Aonoko F Guard,
1841,Zeroi Arms,
1842,Zeroi F Arms,
1843,Zeroi Guard,
1844,Zeroi F Guard,
1845,Rail Arms,
1846,Rail F Arms,
1847,Rail Guard,
1848,Rail F Guard,
1849,Rudeos Arms,
1850,Rudeos F Arms,
1851,Rudeos Guard,
1852,Rudeos F Guard,
1853,Orchesis Arms,
1854,Orchesis F Arms,
1855,Orchesis Guard,
1856,Orchesis F Guard,
1857,フルイト Arms,
1858,フルイトF Arms,
1859,ゲレオン Arms,
1860,ゲレオンF Arms,
1861,ケック Arms,
1862,ケックF Arms,
1863,ヘンフロ Guard,
1864,ヘンフロF Guard,
1865,フリゲト Arms,
1866,フリゲトF Arms,
1867,バーク Arms,
1868,バークF Arms,
1869,ブリガン Arms,
1870,ブリガンF Arms,
1871,プラム Guard,
1872,プラムF Guard,
1873,Maisto Arms・Crimson,
1874,Maisto F Arms・Crimson,
1875,Maisto Guard・Crimson,
1876,Maisto F Guard・Crimson,
1877,Maisto Arms・Green,
1878,Maisto F Arms・Green,
1879,Maisto Guard・Green,
1880,Maisto F Guard・Green,
1881,Maisto Arms・Green,
1882,Maisto F Arms・Green,
1883,Maisto Guard・Green,
1884,Maisto F Guard・Green,
1885,Maisto Arms・Pink,
1886,Maisto F Arms・Pink,
1887,Maisto Guard・Pink,
1888,Maisto F Guard・Pink,
1889,Wagune Arms,
1890,Wagune F Arms,
1891,Wagune Guard,
1892,Wagune F Guard,
1893,Pistis F Arms,
1894,Pistis F Guard,
1895,Hypnoc Arms SP Green,
1896,Hypnoc Arms SP Red,
1897,Hypnoc Arms SP Yellow,
1898,Beru Arms SP Black,
1899,Beru Arms SP Red,
1900,Beru Arms SP Purple,
1901,Beru Guard SP Black,
1902,Beru Guard SP Red,
1903,Beru Guard SP Purple,
1904,ル Ledia ーム,
1905,Rurudi Guard,
1906,Arc F Arms,
1907,Arc F Guard,
1908,Strega FX Arms,
1909,Strega FX Guard,
1910,Rath Heart RX Arms,
1911,Rathian LX Arms,
1912,Vespoid RX Guard,
1913,Vespoid LX Guard,
1914,Hermitaur RX Arms,
1915,Hermitaur LX Arms,
1916,Diablos RX Arms,
1917,Diablos LX Arms,
1918,リリオ Arms,
1919,フレサ Arms,
1920,クラ Beru Arms,
1921,シルエラ Arms,
1922,カメ Lea Arms,
1923,ハシント Arms,
1924,セレソ Arms,
1925,オリバ Arms,
1926,ラウレル Guard,
1927,ココ Guard,
1928,グラナダ Guard,
1929,アトロ Arms,
1930,アトロF Arms,
1931,アトロ Guard,
1932,アトロF Guard,
1933,Gogomoa Arms,
1934,Gogomoa F Arms,
1935,Gogomoa Guard,
1936,Gogomoa F Guard,
1937,Wadatsumi [Sleeves 】,
1938,Okami [Sleeves 】,
1939,Diina Arms,
1940,Diina F Arms,
1941,True Shadow Sleeve,
1942,True Shadow Sleeve・魁,
1943,翔影ノ袖,
1944,翔影ノ袖・魁,
1945,Black Tiger Sleeve,
1946,Black 豹ノ袖,
1947,刹帝利ノ Kote,
1948,婆羅門ノ Kote,
1949,Galitos Arms・Tea,
1950,Galitos F Arms・Tea,
1951,Galitos Guard・Tea,
1952,Galitos F Guard・Tea,
1953,Galitos Arms・Red,
1954,Galitos F Arms・Red,
1955,Galitos Guard・Red,
1956,Galitos F Guard・Red,
1957,Galitos Arms・Black,
1958,Galitos F Arms・Black,
1959,Galitos Guard・Black,
1960,Galitos F Guard・Black,
1961,Galitos Arms・Water,
1962,Galitos F Arms・Water,
1963,Galitos Guard・Water,
1964,Galitos F Guard・Water,
1965,Riburi Arms,
1966,Riburi F Arms,
1967,Riburi FZ Arms,
1968,Riburi Guard,
1969,Riburi F Guard,
1970,Riburi FZ Guard,
1971,Ridere Arms,
1972,Ridere F Arms,
1973,Ridere Guard,
1974,Ridere F Guard,
1975,Riot Arms,
1976,Riot F Arms,
1977,Riot Guard,
1978,Riot F Guard,
1979,スケ Ina Arms,
1980,スケ Ina F Arms,
1981,ミッシナ Arms,
1982,ミッシナF Arms,
1983,プリース Arms,
1984,プリースF Arms,
1985,レキトリ Guard,
1986,レキトリF Guard,
1987,マドニカ Arms,
1988,マドニカF Arms,
1989,ヴィリヤ Arms,
1990,ヴィリヤF Arms,
1991,ラプラル Arms,
1992,ラプラルF Arms,
1993,サザール Guard,
1994,サザールF Guard,
1995,Truss グローブ Blue,
1996,Truss Fグローブ Blue,
1997,Truss ミトン Blue,
1998,Truss Fミトン Blue,
1999,Truss グローブ Red,
2000,Truss Fグローブ Red,
2001,Truss ミトン Red,
2002,Truss Fミトン Red,
2003,Truss グローブ White,
2004,Truss Fグローブ White,
2005,Truss ミトン White,
2006,Truss Fミトン White,
2007,Truss グローブ Purple,
2008,Truss Fグローブ Purple,
2009,Truss ミトン Purple,
2010,Truss Fミトン Purple,
2011,Demon Cuffs Blue,
2012,Demon F Cuffs Blue,
2013,Chaos Cuffs Blue,
2014,Chaos F Cuffs Blue,
2015,Demon Cuffs Red,
2016,Demon F Cuffs Red,
2017,Chaos Cuffs Red,
2018,Chaos F Cuffs Red,
2019,Demon Cuffs Green,
2020,Demon F Cuffs Green,
2021,Chaos Cuffs Green,
2022,Chaos F Cuffs Green,
2023,Demon Cuffs White,
2024,Demon F Cuffs White,
2025,Chaos Cuffs White,
2026,Chaos F Cuffs White,
2027,Shadow グローブ Purple,
2028,Shadow Fグローブ Purple,
2029,Soul グローブ Purple,
2030,Soul Fグローブ Purple,
2031,Shadow グローブ Red,
2032,Shadow Fグローブ Red,
2033,Soul グローブ Red,
2034,Soul Fグローブ Red,
2035,Shadow グローブ Green,
2036,Shadow Fグローブ Green,
2037,Soul グローブ Green,
2038,Soul Fグローブ Green,
2039,Shadow グローブ White,
2040,Shadow Fグローブ White,
2041,Soul グローブ White,
2042,Soul Fグローブ White,
2043,フィ Diablos ーム,
2044,エピ Diablos ーム,
2045,ヴェルフィ Arms,
2046,ヴェルフィ Guard,
2047,テリオグ Arms,
2048,テリオグ Guard,
2049,Kurossu Arms,
2050,Kurossu F Arms,
2051,Kurossu Guard,
2052,Kurossu F Guard,
2053,Shieri FX Arms,
2054,Shieri FX Guard,
2055,Craft FX Arms,
2056,Craft FX Guard,
2057,Moss Covered FX Arms,
2058,Moss Covered FX Guard,
2059,Excelle FX Arms,
2060,Excelle FX Guard,
2061,Blue Sky Sleeve・True,
2062,Welkin Sleeve・True,
2063,ビステマ Arms,
2064,Rath Duo F Arms,
2065,Rath Duo F Guard,
2066,ロークF Arms,
2067,ロークF Guard,
2068,Buruho F Arms・Blue,
2069,マー Gear F Guard・Blue,
2070,Gogomoa FX Arms,
2071,Gogomoa FX Guard,
2072,Kuraaji FX Arms,
2073,Kuraaji FX Guard,
2074,Zaakaa FX Arms,
2075,Chaser FX Guard,
2076,Abitto FZ Arms,
2077,Abitto FZ Guard,
2078,Arge FZ Arms,
2079,Arge FZ Guard,
2080,Camarera FZ Arms,
2081,Camarera FZ Guard,
2082,Metenera FZ Arms,
2083,Metenera FZ Guard,
2084,Ruko FXクロウ,
2085,Ruko FXフィスト,
2086,Zamuza Arms,
2087,Zamuza F Arms,
2088,Zamuza FX Arms,
2089,Zamuza Guard,
2090,Zamuza F Guard,
2091,Zamuza FX Guard,
2092,Abiorugu Arms,
2093,Abiorugu F Arms,
2094,Abiorugu FX Arms,
2095,Abiorugu Guard,
2096,Abiorugu F Guard,
2097,Abiorugu FX Guard,
2098,Black Belt Arms SP White,
2099,Black Belt Arms SP Black,
2100,Black Belt Arms SP Blue,
2101,Apkallu Arms SP White,
2102,Apkallu Arms SP Green,
2103,Apkallu Arms SP Yellow,
2104,Cepha LX Arms,
2105,Blango LX Arms,
2106,Gravios LX Arms,
2107,Bone LX Guard,
2108,Cepha RX Arms,
2109,Blango RX Arms,
2110,Gravios RX Arms,
2111,Bone RX Guard,
2112,White Snake Sleeve,
2113,White Snake Sleeve・魁,
2114,White 鳥ノ袖,
2115,White 鳥ノ袖・魁,
2116,Kakabu Arms,
2117,Kakabu Guard,
2118,Onero Arms,
2119,Onero Guard,
2120,Jyaga Arms,
2121,Jyaga Guard,
2122,Omet Arms・Black,
2123,Omet F Arms・Black,
2124,Omet Guard・Black,
2125,Omet F Guard・Black,
2126,Omet Arms・Red,
2127,Omet F Arms・Red,
2128,Omet Guard・Red,
2129,Omet F Guard・Red,
2130,Omet Arms・White,
2131,Omet F Arms・White,
2132,Omet Guard・White,
2133,Omet F Guard・White,
2134,Omet Arms・Blue,
2135,Omet F Arms・Blue,
2136,Omet Guard・Blue,
2137,Omet F Guard・Blue,
2138,Rutare Arms,
2139,Rutare F Arms,
2140,Rutare Guard,
2141,Rutare F Guard,
2142,Rolling Flow の Kote,
2143,Rolling Flow の Kote・魁,
2144,旋転の Kote,
2145,旋転の Kote・魁,
2146,厳岩の Gauntlets,
2147,厳岩の Gauntlets・魁,
2148,不破の Gauntlets,
2149,不破の Gauntlets・魁,
2150,無想の Gauntlets,
2151,無想の Gauntlets・魁,
2152,俊激の Sleeve,
2153,俊激の Sleeve・魁,
2154,Suifudo Arms,
2155,Suifudo F Arms,
2156,Merodesu Arms,
2157,Merodesu F Arms,
2158,Sumatosu Arms,
2159,Sumatosu F Arms,
2160,Passhio Guard,
2161,Passhio F Guard,
2162,Cultu Arms・Ash,
2163,Cultu F Arms・Ash,
2164,Cultu Guard・Ash,
2165,Cultu F Guard・Ash,
2166,Cultu Arms・Blue,
2167,Cultu F Arms・Blue,
2168,Cultu Guard・Blue,
2169,Cultu F Guard・Blue,
2170,Cultu Arms・Orange,
2171,Cultu F Arms・Orange,
2172,Cultu Guard・Orange,
2173,Cultu F Guard・Orange,
2174,Cultu Arms・Green,
2175,Cultu F Arms・Green,
2176,Cultu Guard・Green,
2177,Cultu F Guard・Green,
2178,Jisutoreru F Arms,
2179,Risaaza F Arms,
2180,Risaaza F Guard,
2181,Text FZ Arms・Purple,
2182,Text FZ Arms・Green,
2183,Text FZ Arms・Blue,
2184,Text FZ Arms・Black,
2185,Text FZ Guard・Purple,
2186,Text FZ Guard・Green,
2187,Text FZ Guard・Blue,
2188,Text FZ Guard・Black,
2189,Suriito FZ Arms・Yellow,
2190,Suriito FZ Arms・Silver,
2191,Suriito FZ Arms・Red,
2192,Suriito FZ Arms・Blue,
2193,Suriito FZ Guard・Yellow,
2194,Suriito FZ Guard・Silver,
2195,Suriito FZ Guard・Red,
2196,Suriito FZ Guard・Blue,
2197,Steno FZ Arms・Orange,
2198,Steno FZ Arms・Peach,
2199,Steno FZ Arms・Blue,
2200,Steno FZ Arms・Red,
2201,Steno FZ Guard・Orange,
2202,Steno FZ Guard・Peach,
2203,Steno FZ Guard・Blue,
2204,Steno FZ Guard・Red,
2205,Edio FZ Arms・Blue,
2206,Edio FZ Arms・Red,
2207,Edio FZ Arms・Yellow,
2208,Edio FZ Arms・Black,
2209,Edio FZ Guard・Blue,
2210,Edio FZ Guard・Red,
2211,Edio FZ Guard・Yellow,
2212,Edio FZ Guard・Black,
2213,Galitos FZ Arms・Tea,
2214,Galitos FZ Arms・Red,
2215,Galitos FZ Arms・Black,
2216,Galitos FZ Arms・Water,
2217,Galitos FZ Guard・Tea,
2218,Galitos FZ Guard・Red,
2219,Galitos FZ Guard・Black,
2220,Galitos FZ Guard・Water,
2221,Beil F Gauntlets,
2222,ダミー,
2223,Jess Arms,
2224,Jess F Arms,
2225,Jess FY Arms,
2226,Jess HC Arms,
2227,Jess Guard,
2228,Jess F Guard,
2229,Jess FY Guard,
2230,Jess HC Guard,
2231,Eques HC Arms,
2232,Eques HC Guard,
2233,Kuraaji HC Arms,
2234,Kuraaji HC Guard,
2235,Melan FY Arms,
2236,Melan HC Arms,
2237,Melan FY Guard,
2238,Melan HC Guard,
2239,Harubadaa FY Arms,
2240,Harubadaa HC Arms,
2241,Tracker FY Guard,
2242,Tracker HC Guard,
2243,Omet FZ Arms・Black,
2244,Omet FZ Guard・Black,
2245,Omet FZ Arms・Red,
2246,Omet FZ Guard・Red,
2247,Omet FZ Arms・White,
2248,Omet FZ Guard・White,
2249,Omet FZ Arms・Blue,
2250,Omet FZ Guard・Blue,
2251,Cultu FZ Arms・Ash,
2252,Cultu FZ Guard・Ash,
2253,Cultu FZ Arms・Blue,
2254,Cultu FZ Guard・Blue,
2255,Cultu FZ Arms・Orange,
2256,Cultu FZ Guard・Orange,
2257,Cultu FZ Arms・Green,
2258,Cultu FZ Guard・Green,
2259,Cultu HC Arms・Ash,
2260,Cultu HC Guard・Ash,
2261,Cultu HC Arms・Blue,
2262,Cultu HC Guard・Blue,
2263,Cultu HC Arms・Orange,
2264,Cultu HC Guard・Orange,
2265,Cultu HC Arms・Green,
2266,Cultu HC Guard・Green,
2267,Gauss FZ Arms,
2268,Weber FZ Arms,
2269,Gilbert FZ Arms,
2270,Gauss FZ Guard,
2271,Weber FZ Guard,
2272,Gilbert FZ Guard,
2273,Gauss HC Arms,
2274,Weber HC Arms,
2275,Gilbert HC Arms,
2276,Gauss HC Guard,
2277,Weber HC Guard,
2278,Gilbert HC Guard,
2279,Shaln FZ Arms・Blue,
2280,Shaln HC Arms・Blue,
2281,Shaln FZ Guard・Blue,
2282,Shaln HC Guard・Blue,
2283,Shaln FZ Arms・Green,
2284,Shaln HC Arms・Green,
2285,Shaln FZ Guard・Green,
2286,Shaln HC Guard・Green,
2287,Shaln FZ Arms・Purple,
2288,Shaln HC Arms・Purple,
2289,Shaln FZ Guard・Purple,
2290,Shaln HC Guard・Purple,
2291,Shaln FZ Arms・White,
2292,Shaln HC Arms・White,
2293,Shaln FZ Guard・White,
2294,Shaln HC Guard・White,
2295,ダミー,
2296,ダミー,
2297,ダミー,
2298,ダミー,
2299,ダミー,
2300,ダミー,
2301,ダミー,
2302,ダミー,
2303,ダミー,
2304,ダミー,
2305,ダミー,
2306,ダミー,
2307,ダミー,
2308,ダミー,
2309,ダミー,
2310,ダミー,
2311,ダミー,
2312,ダミー,
2313,ダミー,
2314,ダミー,
2315,ダミー,
2316,ダミー,
2317,Kuaru Arms,
2318,Kuaru F Arms,
2319,Kuaru FX Arms,
2320,Kuaru Guard,
2321,Kuaru F Guard,
2322,Kuaru FX Guard,
2323,Wind ハトゥー,
2324,Wind マカーン,
2325,Ruko クロウ SP White,
2326,Ruko クロウ SP Blue,
2327,Ruko クロウ SP Red,
2328,Ruko フィスト SP White,
2329,Ruko フィスト SP Blue,
2330,Ruko フィスト SP Red,
2331,Comrade Arms SP White Red,
2332,Comrade Arms SP White Blue,
2333,Comrade Arms SP White Yellow,
2334,Rubellite Arms,
2335,Rubellite F Arms,
2336,Rubellite FX Arms,
2337,ラズライト Arms,
2338,ラズライトF Arms,
2339,ラズライトFX Arms,
2340,Zircon Arms,
2341,Zircon F Arms,
2342,Zircon FX Arms,
2343,Spinel Arms,
2344,Spinel F Arms,
2345,Spinel FX Arms,
2346,Pyrope Arms,
2347,Pyrope F Arms,
2348,Pyrope FX Arms,
2349,アイオラ Arms,
2350,アイオラF Arms,
2351,アイオラFX Arms,
2352,Jade Arms,
2353,Jade F Arms,
2354,Jade FX Arms,
2355,Agate Arms,
2356,Agate F Arms,
2357,Agate FX Arms,
2358,Citrine Guard,
2359,Citrine F Guard,
2360,Citrine FX Guard,
2361,Peridot Guard,
2362,Peridot F Guard,
2363,Peridot FX Guard,
2364,Turquoise Guard,
2365,Turquoise F Guard,
2366,Turquoise FX Guard,
2367,Valued Word Sleeve,
2368,Valued Word Sleeve・魁,
2369,Valued Word Sleeve・Smart,
2370,Valued Word Sleeve・Flower,
2371,式部ノ Sleeve,
2372,式部ノ Sleeve・魁,
2373,式部ノ Sleeve・Smart,
2374,式部ノ Sleeve・Flower,
2375,Aruru Arms,
2376,Aruru F Arms,
2377,Aruru FY Arms,
2378,Aruru HC Arms,
2379,Aruru Guard,
2380,Aruru F Guard,
2381,Aruru FY Guard,
2382,Aruru HC Guard,
2383,Oorowa Arms,
2384,Oorowa F Arms,
2385,Oorowa FY Arms,
2386,Oorowa HC Arms,
2387,Oorowa Guard,
2388,Oorowa F Guard,
2389,Oorowa FY Guard,
2390,Oorowa HC Guard,
2391,Onero F Arms,
2392,Onero F Guard,
2393,Diru FY Arms,
2394,Diru FY Guard,
2395,Strega HC Arms,
2396,Strega HC Guard,
2397,Zaakaa HC Arms,
2398,Chaser HC Guard,
2399,Demon Lord Kote・Extreme,
2400,Demon Lord Kote・Heaven,
2401,童子ノ Kote・Extreme,
2402,童子ノ Kote・Heaven,
2403,アナキF Arms,
2404,アナキFY Arms,
2405,アナキHC Arms,
2406,アナキF Guard,
2407,アナキFY Guard,
2408,アナキHC Guard,
2409,Royal FY Arms,
2410,Royal HC Arms,
2411,Lord FY Guard,
2412,Lord HC Guard,
2413,フ Rathian ーム,
2414,クロノス Arms,
2415,フレイ Guard,
2416,クロノス Guard,
2417,Himeros HC Arms,
2418,Bureshisu HC Arms,
2419,Charien HC Guard,
2420,Buran FY Arms,
2421,Buran HC Arms,
2422,Gypceros LX Arms,
2423,Ceanataur LX Arms,
2424,Tigrex LX Arms,
2425,Monoblos LX Guard,
2426,Gypceros RX Arms,
2427,Ceanataur RX Arms,
2428,Espinas RX Grip,
2429,Monodevil RX Guard,
2430,Cayssis Arms Water,
2431,Cayssis F Arms Water,
2432,Cayssis FZ Arms Water,
2433,Cayssis Guard Water,
2434,Cayssis F Guard Water,
2435,Cayssis FZ Guard Water,
2436,Cayssis Arms Red,
2437,Cayssis F Arms Red,
2438,Cayssis FZ Arms Red,
2439,Cayssis Guard Red,
2440,Cayssis F Guard Red,
2441,Cayssis FZ Guard Red,
2442,Cayssis Arms Blue,
2443,Cayssis F Arms Blue,
2444,Cayssis FZ Arms Blue,
2445,Cayssis Guard Blue,
2446,Cayssis F Guard Blue,
2447,Cayssis FZ Guard Blue,
2448,Cayssis Arms Orange,
2449,Cayssis F Arms Orange,
2450,Cayssis FZ Arms Orange,
2451,Cayssis Guard Orange,
2452,Cayssis F Guard Orange,
2453,Cayssis FZ Guard Orange,
2454,Rolling Sky Kote,
2455,Rolling Sky Kote・魁,
2456,Rolling Earth Kote,
2457,Rolling Earth Kote・魁,
2458,Cubie Arms,
2459,Cubie F Arms,
2460,Cubie FZ Arms,
2461,Cubie Guard,
2462,Cubie F Guard,
2463,Cubie FZ Guard,
2464,フラート Arms,
2465,フラートF Arms,
2466,ナーレー Arms,
2467,ナーレーF Arms,
2468,ヘイツ Arms,
2469,ヘイツF Arms,
2470,レーング Guard,
2471,レーングF Guard,
2472,シャッド Arms,
2473,シャッドF Arms,
2474,フュージ Arms,
2475,フュージF Arms,
2476,タニイ Arms,
2477,タニイF Arms,
2478,ミナム Guard,
2479,ミナムF Guard,
2480,Siena Arms・Silver,
2481,Siena F Arms・Silver,
2482,Siena FZ Arms・Silver,
2483,Siena HC Arms・Silver,
2484,Siena Guard・Silver,
2485,Siena F Guard・Silver,
2486,Siena FZ Guard・Silver,
2487,Siena HC Guard・Silver,
2488,Siena Arms・Black,
2489,Siena F Arms・Black,
2490,Siena FZ Arms・Black,
2491,Siena HC Arms・Black,
2492,Siena Guard・Black,
2493,Siena F Guard・Black,
2494,Siena FZ Guard・Black,
2495,Siena HC Guard・Black,
2496,Siena Arms・Red,
2497,Siena F Arms・Red,
2498,Siena FZ Arms・Red,
2499,Siena HC Arms・Red,
2500,Siena Guard・Red,
2501,Siena F Guard・Red,
2502,Siena FZ Guard・Red,
2503,Siena HC Guard・Red,
2504,Siena Arms・Blue,
2505,Siena F Arms・Blue,
2506,Siena FZ Arms・Blue,
2507,Siena HC Arms・Blue,
2508,Siena Guard・Blue,
2509,Siena F Guard・Blue,
2510,Siena FZ Guard・Blue,
2511,Siena HC Guard・Blue,
2512,Gauss Arms,
2513,Gauss F Arms,
2514,Weber Arms,
2515,Weber F Arms,
2516,Gilbert Arms,
2517,Gilbert F Arms,
2518,Gauss Guard,
2519,Gauss F Guard,
2520,Weber Guard,
2521,Weber F Guard,
2522,Gilbert Guard,
2523,Gilbert F Guard,
2524,Regyukusu F Arms,
2525,Regyukusu F Guard,
2526,Garuda FZ Arms,
2527,Garuda FZ Guard,
2528,Feral FZ Arms,
2529,Feral FZ Guard,
2530,Pandeum FZ Arms,
2531,Pandeum FZ Guard,
2532,Dian FZ Arms,
2533,Dian FZ Guard,
2534,Wild FZ Arms,
2535,Wild FZ Guard,
2536,Flower FZ Arms,
2537,Flower FZ Guard,
2538,Fias FZ Arms,
2539,Fias FZ Guard,
2540,Viruto FZ Arms,
2541,Viruto FZ Guard,
2542,Tune FZ Arms,
2543,Schnite FZ Guard,
2544,Dicto FZ Arms,
2545,Diletto FZ Guard,
2546,Kruss FZ Arms,
2547,Quote FZ Guard,
2548,Starina FZ Arms,
2549,Starina FZ Guard,
2550,Loose FZ Arms,
2551,Loose FZ Guard,
2552,Mirado FZ Arms,
2553,Mirado FZ Guard,
2554,Deyuru FZ Arms,
2555,Deyuru FZ Guard,
2556,Robust FZハトゥー,
2557,Robust FZフィスト,
2558,Falco FZ Arms,
2559,Falco FZ Guard,
2560,Howx FZ Arms,
2561,Howx FZ Guard,
2562,Pirata FZ Arms,
2563,Pirata FZ Guard,
2564,Zeroi FZ Arms,
2565,Zeroi FZ Guard,
2566,Rail FZ Arms,
2567,Rail FZ Guard,
2568,Ridere FZ Arms,
2569,Ridere FZ Guard,
2570,Riot FZ Arms,
2571,Riot FZ Guard,
2572,Rutare FZ Arms,
2573,Rutare FZ Guard,
2574,Rolling Flow Kote・Elegant,
2575,旋転の Kote・Elegant,
2576,Rolling Sky Kote・Elegant,
2577,Rolling Earth Kote・Elegant,
2578,Odiva Arms,
2579,Odiva F Arms,
2580,Odiva FX Arms,
2581,Odiva Guard,
2582,Odiva F Guard,
2583,Odiva FX Guard,
2584,武者【 Kote 】,
2585,日光【 Kote 】,
2586,Blitz F Arms,
2587,Blitz Fグローブ,
2588,Flame F Arms,
2589,Flame F Guard,
2590,Wind Fハトゥー,
2591,Wind Fマカーン,
2592,武者F【 Kote 】,
2593,日光F【 Kote 】,
2594,Wadatsumi F [Sleeves 】,
2595,Okami F [Sleeves 】,
2596,チャチャブプーニヨ,
2597,チャチャブプニュス,
2598,チャチャブ Brachia,
2599,チャチャブケイル,
2600,Santa Arms,
2601,Santa F Arms,
2602,Santa Guard,
2603,Santa F Guard,
2604,トリート Arms,
2605,トリートF Arms,
2606,トリートFY Arms,
2607,トリートHC Arms,
2608,トリート Guard,
2609,トリートF Guard,
2610,トリートFY Guard,
2611,トリートHC Guard,
2612,Tangusu Arms,
2613,Tangusu F Arms,
2614,Tangusu FY Arms,
2615,Tangusu HC Arms,
2616,Kobaruta Guard,
2617,Kobaruta F Guard,
2618,Kobaruta FY Guard,
2619,Kobaruta HC Guard,
2620,Dogumea Arms,
2621,Dogumea F Arms,
2622,Dogumea FY Arms,
2623,Dogumea HC Arms,
2624,Dogumea Guard,
2625,Dogumea F Guard,
2626,Dogumea FY Guard,
2627,Dogumea HC Guard,
2628,Madaru Arms,
2629,Madaru F Arms,
2630,Madaru FY Arms,
2631,Madaru HC Arms,
2632,Madaru Guard,
2633,Madaru F Guard,
2634,Madaru FY Guard,
2635,Madaru HC Guard,
2636,Diru HC Arms,
2637,Diru HC Guard,
2638,Vinen FY Arms,
2639,Vinen HC Arms,
2640,Vinen FY Guard,
2641,Vinen HC Guard,
2642,Breo FY Arms,
2643,Breo HC Arms,
2644,Kakabu F Arms,
2645,Kakabu FY Arms,
2646,Kakabu HC Arms,
2647,Kakabu F Guard,
2648,Kakabu FY Guard,
2649,Kakabu HC Guard,
2650,Gospel FY Arms,
2651,Gospel HC Arms,
2652,Gospel FY Guard,
2653,Gospel HC Guard,
2654,Zodic Arms・Blue,
2655,Zodic F Arms・Blue,
2656,Zodic FZ Arms・Blue,
2657,Zodic Guard・Blue,
2658,Zodic F Guard・Blue,
2659,Zodic FZ Guard・Blue,
2660,Zodic Arms・Tea,
2661,Zodic F Arms・Tea,
2662,Zodic FZ Arms・Tea,
2663,Zodic Guard・Tea,
2664,Zodic F Guard・Tea,
2665,Zodic FZ Guard・Tea,
2666,Zodic Arms・Green,
2667,Zodic F Arms・Green,
2668,Zodic FZ Arms・Green,
2669,Zodic Guard・Green,
2670,Zodic F Guard・Green,
2671,Zodic FZ Guard・Green,
2672,Zodic Arms・Pink,
2673,Zodic F Arms・Pink,
2674,Zodic FZ Arms・Pink,
2675,Zodic Guard・Pink,
2676,Zodic F Guard・Pink,
2677,Zodic FZ Guard・Pink,
2678,Rast Arms・Black,
2679,Rast F Arms・Black,
2680,Rast FZ Arms・Black,
2681,Rast HC Arms・Black,
2682,Rast Guard・Black,
2683,Rast F Guard・Black,
2684,Rast FZ Guard・Black,
2685,Rast HC Guard・Black,
2686,Rast Arms・Blue,
2687,Rast F Arms・Blue,
2688,Rast FZ Arms・Blue,
2689,Rast HC Arms・Blue,
2690,Rast Guard・Blue,
2691,Rast F Guard・Blue,
2692,Rast FZ Guard・Blue,
2693,Rast HC Guard・Blue,
2694,Rast Arms・Crimson,
2695,Rast F Arms・Crimson,
2696,Rast FZ Arms・Crimson,
2697,Rast HC Arms・Crimson,
2698,Rast Guard・Crimson,
2699,Rast F Guard・Crimson,
2700,Rast FZ Guard・Crimson,
2701,Rast HC Guard・Crimson,
2702,Rast Arms・White,
2703,Rast F Arms・White,
2704,Rast FZ Arms・White,
2705,Rast HC Arms・White,
2706,Rast Guard・White,
2707,Rast F Guard・White,
2708,Rast FZ Guard・White,
2709,Rast HC Guard・White,
2710,Latria Arms,
2711,Latria F Arms,
2712,Latria FZ Arms,
2713,Latria Guard,
2714,Latria F Guard,
2715,Latria FZ Guard,
2716,Kemor Arms,
2717,Kemor F Arms,
2718,Kemor FZ Arms,
2719,Kemor Guard,
2720,Kemor F Guard,
2721,Kemor FZ Guard,
2722,ダミー,
2723,ダミー,
2724,剣士ランク１,
2725,剣士ランク２,
2726,剣士ランク３,
2727,剣士ランク４,
2728,剣士ランク５,
2729,剣士ランク６,
2730,剣士ランク７,
2731,ガンランク１,
2732,ガンランク２,
2733,ガンランク３,
2734,ガンランク４,
2735,ガンランク５,
2736,ガンランク６,
2737,ガンランク７,
2738,デュスノF Arms,
2739,デュスノF Guard,
2740,Blitz FX Arms,
2741,Blitz FXグローブ,
2742,Flame FX Arms,
2743,Flame FX Guard,
2744,Wind FXハトゥー,
2745,Wind FXマカーン,
2746,武者FX【 Kote 】,
2747,日光FX【 Kote 】,
2748,Wadatsumi FX [Sleeves 】,
2749,Okami FX [Sleeves 】,
2750,Raviente HC Arms,
2751,Raviente HC Guard,
2752,Espinas HC Grip,
2753,Espinas HC Grasp,
2754,Vashimu HC Arms,
2755,Vashimu HC Guard,
2756,Vashimu HC Arms Yellow,
2757,Vashimu HC Guard Yellow,
2758,Vashimu HC Arms Green,
2759,Vashimu HC Guard Green,
2760,Vashimu HC Arms Crimson,
2761,Vashimu HC Guard Crimson,
2762,Inari HC【 Kote 】,
2763,Tamamo HC【 Kote 】,
2764,Beru HC Arms,
2765,Beru HC Guard,
2766,Pariapuria HC Arms,
2767,Pariapuria HC Guard,
2768,Guren HC Arms,
2769,Guren HC Guard,
2770,Kagura HC【 Kote 】,
2771,Kamiza HC【 Kote 】,
2772,Gogomoa HC Arms,
2773,Gogomoa HC Guard,
2774,Ruko HCクロウ,
2775,Ruko HCフィスト,
2776,Zamuza HC Arms,
2777,Zamuza HC Guard,
2778,Abiorugu HC Arms,
2779,Abiorugu HC Guard,
2780,Kuaru HC Arms,
2781,Kuaru HC Guard,
2782,Text HC Arms・Purple,
2783,Text HC Guard・Purple,
2784,Text HC Arms・Green,
2785,Text HC Guard・Green,
2786,Text HC Arms・Blue,
2787,Text HC Guard・Blue,
2788,Text HC Arms・Black,
2789,Text HC Guard・Black,
2790,Suriito HC Arms・Yellow,
2791,Suriito HC Guard・Yellow,
2792,Suriito HC Arms・Silver,
2793,Suriito HC Guard・Silver,
2794,Suriito HC Arms・Red,
2795,Suriito HC Guard・Red,
2796,Suriito HC Arms・Blue,
2797,Suriito HC Guard・Blue,
2798,Steno HC Arms・Orange,
2799,Steno HC Guard・Orange,
2800,Steno HC Arms・Peach,
2801,Steno HC Guard・Peach,
2802,Steno HC Arms・Blue,
2803,Steno HC Guard・Blue,
2804,Steno HC Arms・Red,
2805,Steno HC Guard・Red,
2806,Rage FZ Arms,
2807,Rage HC Arms,
2808,Rage FZ Guard,
2809,Rage HC Guard,
2810,Rampage FZ Arms,
2811,Rampage HC Arms,
2812,Rampage FZ Guard,
2813,Rampage HC Guard,
2814,Blaze FZ Arms,
2815,Blaze HC Arms,
2816,Blaze FZ Guard,
2817,Blaze HC Guard,
2818,Arge HC Arms,
2819,Arge HC Guard,
2820,Camarera HC Arms,
2821,Camarera HC Guard,
2822,Metenera HC Arms,
2823,Metenera HC Guard,
2824,Pharan FZ Arms・White,
2825,Pharan HC Arms・White,
2826,Pharan FZ Guard・White,
2827,Pharan HC Guard・White,
2828,Pharan FZ Arms・Black,
2829,Pharan HC Arms・Black,
2830,Pharan FZ Guard・Black,
2831,Pharan HC Guard・Black,
2832,Pharan FZ Arms・Red,
2833,Pharan HC Arms・Red,
2834,Pharan FZ Guard・Red,
2835,Pharan HC Guard・Red,
2836,Pharan FZ Arms・Blue,
2837,Pharan HC Arms・Blue,
2838,Pharan FZ Guard・Blue,
2839,Pharan HC Guard・Blue,
2840,Zodic HC Arms・Blue,
2841,Zodic HC Guard・Blue,
2842,Zodic HC Arms・Tea,
2843,Zodic HC Guard・Tea,
2844,Zodic HC Arms・Green,
2845,Zodic HC Guard・Green,
2846,Zodic HC Arms・Pink,
2847,Zodic HC Guard・Pink,
2848,Raviente HS Arms,
2849,Raviente HS Guard,
2850,Espinas HS Grip,
2851,Espinas HS Grasp,
2852,Vashimu HS Arms,
2853,Vashimu HS Guard,
2854,Vashimu HS Arms Yellow,
2855,Vashimu HS Guard Yellow,
2856,Vashimu HS Arms Green,
2857,Vashimu HS Guard Green,
2858,Vashimu HS Arms Crimson,
2859,Vashimu HS Guard Crimson,
2860,Inari HS【 Kote 】,
2861,Tamamo HS【 Kote 】,
2862,Beru HS Arms,
2863,Beru HS Guard,
2864,Paria HS Arms,
2865,Paria HS Guard,
2866,Guren HS Arms,
2867,Guren HS Guard,
2868,Kagura HS【 Kote 】,
2869,Kamiza HS【 Kote 】,
2870,Gogomoa HS Arms,
2871,Gogomoa HS Guard,
2872,Ruko HSクロウ,
2873,Ruko HSフィスト,
2874,Zamuza HS Arms,
2875,Zamuza HS Guard,
2876,Abiorugu HS Arms,
2877,Abiorugu HS Guard,
2878,Kuaru HS Arms,
2879,Kuaru HS Guard,
2880,Lils F Arms,
2881,Lils F Guard,
2882,Lils FX Arms,
2883,Lils FX Guard,
2884,Zodic HS Arms・Blue,
2885,Zodic HS Guard・Blue,
2886,Zodic HS Arms・Tea,
2887,Zodic HS Guard・Tea,
2888,Zodic HS Arms・Green,
2889,Zodic HS Guard・Green,
2890,Zodic HS Arms・Pink,
2891,Zodic HS Guard・Pink,
2892,Rast HS Arms・Black,
2893,Rast HS Guard・Black,
2894,Rast HS Arms・Blue,
2895,Rast HS Guard・Blue,
2896,Rast HS Arms・Crimson,
2897,Rast HS Guard・Crimson,
2898,Rast HS Arms・White,
2899,Rast HS Guard・White,
2900,Cloth Arms・Red,
2901,Cloth F Arms・Red,
2902,Cloth FZ Arms・Red,
2903,Cloth HC Arms・Red,
2904,Cloth HS Arms・Red,
2905,Cloth Guard・Red,
2906,Cloth F Guard・Red,
2907,Cloth FZ Guard・Red,
2908,Cloth HC Guard・Red,
2909,Cloth HS Guard・Red,
2910,Cloth Arms・Blue,
2911,Cloth F Arms・Blue,
2912,Cloth FZ Arms・Blue,
2913,Cloth HC Arms・Blue,
2914,Cloth HS Arms・Blue,
2915,Cloth Guard・Blue,
2916,Cloth F Guard・Blue,
2917,Cloth FZ Guard・Blue,
2918,Cloth HC Guard・Blue,
2919,Cloth HS Guard・Blue,
2920,Cloth Arms・Purple,
2921,Cloth F Arms・Purple,
2922,Cloth FZ Arms・Purple,
2923,Cloth HC Arms・Purple,
2924,Cloth HS Arms・Purple,
2925,Cloth Guard・Purple,
2926,Cloth F Guard・Purple,
2927,Cloth FZ Guard・Purple,
2928,Cloth HC Guard・Purple,
2929,Cloth HS Guard・Purple,
2930,Cloth Arms・Green,
2931,Cloth F Arms・Green,
2932,Cloth FZ Arms・Green,
2933,Cloth HC Arms・Green,
2934,Cloth HS Arms・Green,
2935,Cloth Guard・Green,
2936,Cloth F Guard・Green,
2937,Cloth FZ Guard・Green,
2938,Cloth HC Guard・Green,
2939,Cloth HS Guard・Green,
2940,Issen 【 Kote 】・Red,
2941,Issen F【 Kote 】・Red,
2942,Issen FZ【 Kote 】・Red,
2943,Issen HC【 Kote 】・Red,
2944,Issen HS【 Kote 】・Red,
2945,構射【 Kote 】・Red,
2946,構射F【 Kote 】・Red,
2947,構射FZ【 Kote 】・Red,
2948,構射HC【 Kote 】・Red,
2949,構射HS【 Kote 】・Red,
2950,Issen 【 Kote 】・Blue,
2951,Issen F【 Kote 】・Blue,
2952,Issen FZ【 Kote 】・Blue,
2953,Issen HC【 Kote 】・Blue,
2954,Issen HS【 Kote 】・Blue,
2955,構射【 Kote 】・Blue,
2956,構射F【 Kote 】・Blue,
2957,構射FZ【 Kote 】・Blue,
2958,構射HC【 Kote 】・Blue,
2959,構射HS【 Kote 】・Blue,
2960,Issen 【 Kote 】・Yellow,
2961,Issen F【 Kote 】・Yellow,
2962,Issen FZ【 Kote 】・Yellow,
2963,Issen HC【 Kote 】・Yellow,
2964,Issen HS【 Kote 】・Yellow,
2965,構射【 Kote 】・Yellow,
2966,構射F【 Kote 】・Yellow,
2967,構射FZ【 Kote 】・Yellow,
2968,構射HC【 Kote 】・Yellow,
2969,構射HS【 Kote 】・Yellow,
2970,Issen 【 Kote 】・Black,
2971,Issen F【 Kote 】・Black,
2972,Issen FZ【 Kote 】・Black,
2973,Issen HC【 Kote 】・Black,
2974,Issen HS【 Kote 】・Black,
2975,構射【 Kote 】・Black,
2976,構射F【 Kote 】・Black,
2977,構射FZ【 Kote 】・Black,
2978,構射HC【 Kote 】・Black,
2979,構射HS【 Kote 】・Black,
2980,蜂針【 Kote 】・Orange,
2981,蜂針F【 Kote 】・Orange,
2982,蜂針FZ【 Kote 】・Orange,
2983,蜂針HC【 Kote 】・Orange,
2984,蜂針HS【 Kote 】・Orange,
2985,気弾【 Kote 】・Orange,
2986,気弾F【 Kote 】・Orange,
2987,気弾FZ【 Kote 】・Orange,
2988,気弾HC【 Kote 】・Orange,
2989,気弾HS【 Kote 】・Orange,
2990,蜂針【 Kote 】・Blue,
2991,蜂針F【 Kote 】・Blue,
2992,蜂針FZ【 Kote 】・Blue,
2993,蜂針HC【 Kote 】・Blue,
2994,蜂針HS【 Kote 】・Blue,
2995,気弾【 Kote 】・Blue,
2996,気弾F【 Kote 】・Blue,
2997,気弾FZ【 Kote 】・Blue,
2998,気弾HC【 Kote 】・Blue,
2999,気弾HS【 Kote 】・Blue,
3000,蜂針【 Kote 】・Yellow,
3001,蜂針F【 Kote 】・Yellow,
3002,蜂針FZ【 Kote 】・Yellow,
3003,蜂針HC【 Kote 】・Yellow,
3004,蜂針HS【 Kote 】・Yellow,
3005,気弾【 Kote 】・Yellow,
3006,気弾F【 Kote 】・Yellow,
3007,気弾FZ【 Kote 】・Yellow,
3008,気弾HC【 Kote 】・Yellow,
3009,気弾HS【 Kote 】・Yellow,
3010,蜂針【 Kote 】・Black,
3011,蜂針F【 Kote 】・Black,
3012,蜂針FZ【 Kote 】・Black,
3013,蜂針HC【 Kote 】・Black,
3014,蜂針HS【 Kote 】・Black,
3015,気弾【 Kote 】・Black,
3016,気弾F【 Kote 】・Black,
3017,気弾FZ【 Kote 】・Black,
3018,気弾HC【 Kote 】・Black,
3019,気弾HS【 Kote 】・Black,
3020,Algol F Arms,
3021,Algol FX Arms,
3022,Algol F Guard,
3023,Algol FX Guard,
3024,抜胴【 Kote 】,
3025,抜胴F【 Kote 】,
3026,抜胴FZ【 Kote 】,
3027,抜胴HS【 Kote 】,
3028,長根【 Kote 】,
3029,長根F【 Kote 】,
3030,長根FZ【 Kote 】,
3031,長根HS【 Kote 】,
3032,花火【 Kote 】,
3033,花火F【 Kote 】,
3034,花火FZ【 Kote 】,
3035,花火HS【 Kote 】,
3036,流星【 Kote 】,
3037,流星F【 Kote 】,
3038,流星FZ【 Kote 】,
3039,流星HS【 Kote 】,
3040,居合【 Kote 】,
3041,居合F【 Kote 】,
3042,居合FZ【 Kote 】,
3043,居合HC【 Kote 】,
3044,爆裂【 Kote 】,
3045,爆裂F【 Kote 】,
3046,爆裂FZ【 Kote 】,
3047,爆裂HC【 Kote 】,
3048,脱兎【 Kote 】,
3049,脱兎F【 Kote 】,
3050,脱兎FZ【 Kote 】,
3051,脱兎HC【 Kote 】,
3052,Violent 咲【 Kote 】,
3053,Violent 咲F【 Kote 】,
3054,Violent 咲FZ【 Kote 】,
3055,Violent 咲HC【 Kote 】,
3056,正拳FZ Kote,
3057,正拳HC Kote,
3058,灼熱FZ Kote,
3059,灼熱HC Kote,
3060,龍星FZ腕環,
3061,龍星HC腕環,
3062,虎襲FZ腕環,
3063,虎襲HC腕環,
3064,Kontao Arms,
3065,Kontao F Arms,
3066,Kontao FZ Arms,
3067,ダミー,
3068,ダミー,
3069,Kontao Guard,
3070,Kontao F Guard,
3071,Kontao FZ Guard,
3072,ダミー,
3073,ダミー,
3074,Gloria Arms・Gold,
3075,Gloria F Arms・Gold,
3076,Gloria FZ Arms・Gold,
3077,Gloria HC Arms・Gold,
3078,Gloria HS Arms・Gold,
3079,Gloria Guard・Gold,
3080,Gloria F Guard・Gold,
3081,Gloria FZ Guard・Gold,
3082,Gloria HC Guard・Gold,
3083,Gloria HS Guard・Gold,
3084,Gloria Arms・Blue,
3085,Gloria F Arms・Blue,
3086,Gloria FZ Arms・Blue,
3087,Gloria HC Arms・Blue,
3088,Gloria HS Arms・Blue,
3089,Gloria Guard・Blue,
3090,Gloria F Guard・Blue,
3091,Gloria FZ Guard・Blue,
3092,Gloria HC Guard・Blue,
3093,Gloria HS Guard・Blue,
3094,Gloria Arms・Water,
3095,Gloria F Arms・Water,
3096,Gloria FZ Arms・Water,
3097,Gloria HC Arms・Water,
3098,Gloria HS Arms・Water,
3099,Gloria Guard・Water,
3100,Gloria F Guard・Water,
3101,Gloria FZ Guard・Water,
3102,Gloria HC Guard・Water,
3103,Gloria HS Guard・Water,
3104,Gloria Arms・Red,
3105,Gloria F Arms・Red,
3106,Gloria FZ Arms・Red,
3107,Gloria HC Arms・Red,
3108,Gloria HS Arms・Red,
3109,Gloria Guard・Red,
3110,Gloria F Guard・Red,
3111,Gloria FZ Guard・Red,
3112,Gloria HC Guard・Red,
3113,Gloria HS Guard・Red,
3114,Shinryu Kote・Red,
3115,Shinryu F Kote・Red,
3116,Shinryu FZ Kote・Red,
3117,Shinryu HC Kote・Red,
3118,Shinryu HS Kote・Red,
3119,Reppa Kote・Red,
3120,Reppa F Kote・Red,
3121,Reppa FZ Kote・Red,
3122,Reppa HC Kote・Red,
3123,Reppa HS Kote・Red,
3124,Shinryu Kote・White,
3125,Shinryu F Kote・White,
3126,Shinryu FZ Kote・White,
3127,Shinryu HC Kote・White,
3128,Shinryu HS Kote・White,
3129,Reppa Kote・White,
3130,Reppa F Kote・White,
3131,Reppa FZ Kote・White,
3132,Reppa HC Kote・White,
3133,Reppa HS Kote・White,
3134,Shinryu Kote・Purple,
3135,Shinryu F Kote・Purple,
3136,Shinryu FZ Kote・Purple,
3137,Shinryu HC Kote・Purple,
3138,Shinryu HS Kote・Purple,
3139,Reppa Kote・Purple,
3140,Reppa F Kote・Purple,
3141,Reppa FZ Kote・Purple,
3142,Reppa HC Kote・Purple,
3143,Reppa HS Kote・Purple,
3144,Shinryu Kote・Yellow,
3145,Shinryu F Kote・Yellow,
3146,Shinryu FZ Kote・Yellow,
3147,Shinryu HC Kote・Yellow,
3148,Shinryu HS Kote・Yellow,
3149,Reppa Kote・Yellow,
3150,Reppa F Kote・Yellow,
3151,Reppa FZ Kote・Yellow,
3152,Reppa HC Kote・Yellow,
3153,Reppa HS Kote・Yellow,
3154,Cannon Claws・Water,
3155,Cannon F Claws・Water,
3156,Cannon FZ Claws・Water,
3157,Cannon HC Claws・Water,
3158,Cannon HS Claws・Water,
3159,Axel Claws・Water,
3160,Axel F Claws・Water,
3161,Axel FZ Claws・Water,
3162,Axel HC Claws・Water,
3163,Axel HS Claws・Water,
3164,Cannon Claws・Green,
3165,Cannon F Claws・Green,
3166,Cannon FZ Claws・Green,
3167,Cannon HC Claws・Green,
3168,Cannon HS Claws・Green,
3169,Axel Claws・Green,
3170,Axel F Claws・Green,
3171,Axel FZ Claws・Green,
3172,Axel HC Claws・Green,
3173,Axel HS Claws・Green,
3174,Cannon Claws・Peach,
3175,Cannon F Claws・Peach,
3176,Cannon FZ Claws・Peach,
3177,Cannon HC Claws・Peach,
3178,Cannon HS Claws・Peach,
3179,Axel Claws・Peach,
3180,Axel F Claws・Peach,
3181,Axel FZ Claws・Peach,
3182,Axel HC Claws・Peach,
3183,Axel HS Claws・Peach,
3184,Cannon Claws・Purple,
3185,Cannon F Claws・Purple,
3186,Cannon FZ Claws・Purple,
3187,Cannon HC Claws・Purple,
3188,Cannon HS Claws・Purple,
3189,Axel Claws・Purple,
3190,Axel F Claws・Purple,
3191,Axel FZ Claws・Purple,
3192,Axel HC Claws・Purple,
3193,Axel HS Claws・Purple,
3194,剣士ランク8,
3195,剣士ランク9,
3196,ガンランク8,
3197,ガンランク9,
3198,ダミー,
3199,ダミー,
3200,ダミー,
3201,ダミー,
3202,ダミー,
3203,ダミー,
3204,ダミー,
3205,ダミー,
3206,ダミー,
3207,ダミー,
3208,ダミー,
3209,ダミー,
3210,ダミー,
3211,ダミー,
3212,ダミー,
3213,ダミー,
3214,ダミー,
3215,ダミー,
3216,ダミー,
3217,ダミー,
3218,ダミー,
3219,ダミー,
3220,ダミー,
3221,ダミー,
3222,ダミー,
3223,ダミー,
3224,ダミー,
3225,ダミー,
3226,ダミー,
3227,ダミー,
3228,ダミー,
3229,ダミー,
3230,ダミー,
3231,ダミー,
3232,Hope Arms,
3233,エミット Arms,
3234,エミットF Arms,
3235,エミットFX Arms,
3236,エミット Guard,
3237,エミットF Guard,
3238,エミットFX Guard,
3239,Diboa Arms,
3240,Diboa F Arms,
3241,Diboa FX Arms,
3242,Diboa Guard,
3243,Diboa F Guard,
3244,Diboa FX Guard,
3245,Pietra G Arms,
3246,Pietra GF Arms,
3247,Pietra G Guard,
3248,Pietra GF Guard,
3249,Pokara G Arms,
3250,Pokara GF Arms,
3251,Pokara G Guard,
3252,Pokara GF Guard,
3253,Hermitaur G Arms,
3254,Hermitaur GF Arms,
3255,Hermitaur G Guard,
3256,Hermitaur GF Guard,
3257,Kut-Ku G Arms,
3258,Kut-Ku GF Arms,
3259,Kut-Ku G Guard,
3260,Kut-Ku GF Guard,
3261,Farunokku G Arms,
3262,Farunokku GF Arms,
3263,Farunokku G Guard,
3264,Farunokku GF Guard,
3265,Gypceros G Arms,
3266,Gypceros GF Arms,
3267,Gypceros G Guard,
3268,Gypceros GF Guard,
3269,Conga G Arms,
3270,Conga GF Arms,
3271,Conga G Guard,
3272,Conga GF Guard,
3273,Hyuji G Arms,
3274,Hyuji GF Arms,
3275,Hyuji G Guard,
3276,Hyuji GF Guard,
3277,Basarios G Arms,
3278,Basarios GF Arms,
3279,Basarios G Guard,
3280,Basarios GF Guard,
3281,Rathian G Arms,
3282,Rathian GF Arms,
3283,Rathian G Guard,
3284,Rathian GF Guard,
3285,Ceanataur G Arms,
3286,Ceanataur GF Arms,
3287,Ceanataur G Guard,
3288,Ceanataur GF Guard,
3289,Mikagura G【 Kote 】,
3290,Mikagura GF【 Kote 】,
3291,Satokagura G【 Kote 】,
3292,Satokagura GF【 Kote 】,
3293,Rathalos G Arms,
3294,Rathalos GF Arms,
3295,Rathalos G Guard,
3296,Rathalos GF Guard,
3297,Blango G Arms,
3298,Blango GF Arms,
3299,Blango G Guard,
3300,Blango GF Guard,
3301,Khezu G Arms,
3302,Khezu GF Arms,
3303,Khezu G Guard,
3304,Khezu GF Guard,
3305,Hope G Arms,
3306,Hope GF Arms,
3307,Hope G Guard,
3308,Hope GF Guard,
3309,グラッシュ Arms,
3310,グラッシュF Arms,
3311,グラッシュFY Arms,
3312,グラッシュHC Arms,
3313,グラッシュ Guard,
3314,グラッシュF Guard,
3315,グラッシュFY Guard,
3316,グラッシュHC Guard,
3317,Tandress Arms,
3318,Tandress F Arms,
3319,Tandress FY Arms,
3320,Tandress HC Arms,
3321,Tandress Guard,
3322,Tandress F Guard,
3323,Tandress FY Guard,
3324,Tandress HC Guard,
3325,ダミー,
3326,ダミー,
3327,ダミー,
3328,ダミー,
3329,ダミー,
3330,ダミー,
3331,ダミー,
3332,ダミー,
3333,Roses G Arms,
3334,Roses G Guard,
3335,Shell カG Arms,
3336,チェスカG Guard,
3337,ロアースG Arms,
3338,ライードG Guard,
3339,Green 竜ノ具足【 Kote 】,
3340,Green 竜ノ具足F【 Kote 】,
3341,Green 竜ノ具足FZ【 Kote 】,
3342,Green 竜ノ具足HC【 Kote 】,
3343,Green 竜ノ具足HS【 Kote 】,
3344,Green 竜ノ Haori 【 Kote 】,
3345,Green 竜ノ Haori F【 Kote 】,
3346,Green 竜ノ Haori FZ【 Kote 】,
3347,Green 竜ノ Haori HC【 Kote 】,
3348,Green 竜ノ Haori HS【 Kote 】,
3349,Ukon Punch,
3350,Ukon F Punch,
3351,Ukon FZ Punch,
3352,Ukon HC Punch,
3353,Ukon Hands,
3354,Ukon F Hands,
3355,Ukon FZ Hands,
3356,Ukon HC Hands,
3357,Ukon HS Punch,
3358,Ukon GS Punch,
3359,Ukon HS Hands,
3360,Ukon GS Hands,
3361,Green 竜ノ具足GS【 Kote 】,
3362,Green 竜ノ Haori GS【 Kote 】,
3363,Roses GF Arms,
3364,Roses GF Guard,
3365,ダミー,
3366,ダミー,
3367,Magos Arms・Yellow,
3368,Magos F Arms・Yellow,
3369,Magos FZ Arms・Yellow,
3370,Magos HC Arms・Yellow,
3371,Magos HS Arms・Yellow,
3372,Magos Guard・Yellow,
3373,Magos F Guard・Yellow,
3374,Magos FZ Guard・Yellow,
3375,Magos HC Guard・Yellow,
3376,Magos HS Guard・Yellow,
3377,Magos Arms・Red,
3378,Magos F Arms・Red,
3379,Magos FZ Arms・Red,
3380,Magos HC Arms・Red,
3381,Magos HS Arms・Red,
3382,Magos Guard・Red,
3383,Magos F Guard・Red,
3384,Magos FZ Guard・Red,
3385,Magos HC Guard・Red,
3386,Magos HS Guard・Red,
3387,Magos Arms・Water,
3388,Magos F Arms・Water,
3389,Magos FZ Arms・Water,
3390,Magos HC Arms・Water,
3391,Magos HS Arms・Water,
3392,Magos Guard・Water,
3393,Magos F Guard・Water,
3394,Magos FZ Guard・Water,
3395,Magos HC Guard・Water,
3396,Magos HS Guard・Water,
3397,Magos Arms・Blue,
3398,Magos F Arms・Blue,
3399,Magos FZ Arms・Blue,
3400,Magos HC Arms・Blue,
3401,Magos HS Arms・Blue,
3402,Magos Guard・Blue,
3403,Magos F Guard・Blue,
3404,Magos FZ Guard・Blue,
3405,Magos HC Guard・Blue,
3406,Magos HS Guard・Blue,
3407,Magos GS Arms・Yellow,
3408,Magos GS Guard・Yellow,
3409,Magos GS Arms・Red,
3410,Magos GS Guard・Red,
3411,Magos GS Arms・Water,
3412,Magos GS Guard・Water,
3413,Magos GS Arms・Blue,
3414,Magos GS Guard・Blue,
3415,Red 備ノ具足【 Kote 】,
3416,Red 備ノ具足F【 Kote 】,
3417,Red 備ノ具足FZ【 Kote 】,
3418,Red 備ノ具足HC【 Kote 】,
3419,Red 備ノ具足HS【 Kote 】,
3420,Red 備ノ具足GS【 Kote 】,
3421,Red 備ノ Haori 【 Kote 】,
3422,Red 備ノ Haori F【 Kote 】,
3423,Red 備ノ Haori FZ【 Kote 】,
3424,Red 備ノ Haori HC【 Kote 】,
3425,Red 備ノ Haori HS【 Kote 】,
3426,Red 備ノ Haori GS【 Kote 】,
3427,Miku Arms,
3428,Miku F Arms,
3429,Miku FZ Arms,
3430,Miku HC Arms,
3431,Miku HS Arms,
3432,Miku GS Arms,
3433,Miku Guard,
3434,Miku F Guard,
3435,Miku FZ Guard,
3436,Miku HC Guard,
3437,Miku HS Guard,
3438,Miku GS Guard,
3439,Akahara Reisou BM Arms Red,
3440,Akahara Reisou BM Arms F Red,
3441,Akahara Reisou BM Arms FZ Red,
3442,Akahara Reisou BM Arms HC Red,
3443,Akahara Reisou BM Arms HS Red,
3444,Akahara Reisou BM Arms GS Red,
3445,Akahara Reisou GN Arms Red,
3446,Akahara Reisou GN Arms F Red,
3447,Akahara Reisou GN Arms FZ Red,
3448,Akahara Reisou GN Arms HC Red,
3449,Akahara Reisou GN Arms HS Red,
3450,Akahara Reisou GN Arms GS Red,
3451,Akahara Reisou BM Arms Blue,
3452,Akahara Reisou BM Arms F Blue,
3453,Akahara Reisou BM Arms FZ Blue,
3454,Akahara Reisou BM Arms HC Blue,
3455,Akahara Reisou BM Arms HS Blue,
3456,Akahara Reisou BM Arms GS Blue,
3457,Akahara Reisou GN Arms Blue,
3458,Akahara Reisou GN Arms F Blue,
3459,Akahara Reisou GN Arms FZ Blue,
3460,Akahara Reisou GN Arms HC Blue,
3461,Akahara Reisou GN Arms HS Blue,
3462,Akahara Reisou GN Arms GS Blue,
3463,Akahara Reisou BM Arms Black,
3464,Akahara Reisou BM Arms F Black,
3465,Akahara Reisou BM Arms FZ Black,
3466,Akahara Reisou BM Arms HC Black,
3467,Akahara Reisou BM Arms HS Black,
3468,Akahara Reisou BM Arms GS Black,
3469,Akahara Reisou GN Arms Black,
3470,Akahara Reisou GN Arms F Black,
3471,Akahara Reisou GN Arms FZ Black,
3472,Akahara Reisou GN Arms HC Black,
3473,Akahara Reisou GN Arms HS Black,
3474,Akahara Reisou GN Arms GS Black,
3475,Akahara Reisou BM Arms White,
3476,Akahara Reisou BM Arms F White,
3477,Akahara Reisou BM Arms FZ White,
3478,Akahara Reisou BM Arms HC White,
3479,Akahara Reisou BM Arms HS White,
3480,Akahara Reisou BM Arms GS White,
3481,Akahara Reisou GN Arms White,
3482,Akahara Reisou GN Arms F White,
3483,Akahara Reisou GN Arms FZ White,
3484,Akahara Reisou GN Arms HC White,
3485,Akahara Reisou GN Arms HS White,
3486,Akahara Reisou GN Arms GS White,
3487,Knight King Arms BM Blue,
3488,Knight King Arms BM F Blue,
3489,Knight King Arms BM FZ Blue,
3490,Knight King Arms BM HC Blue,
3491,Knight King Arms BM HS Blue,
3492,Knight King Arms BM GS Blue,
3493,Knight King Arms GN Blue,
3494,Knight King Arms GN F Blue,
3495,Knight King Arms GN FZ Blue,
3496,Knight King Arms GN HC Blue,
3497,Knight King Arms GN HS Blue,
3498,Knight King Arms GN GS Blue,
3499,Knight King Arms BM Red,
3500,Knight King Arms BM F Red,
3501,Knight King Arms BM FZ Red,
3502,Knight King Arms BM HC Red,
3503,Knight King Arms BM HS Red,
3504,Knight King Arms BM GS Red,
3505,Knight King Arms GN Red,
3506,Knight King Arms GN F Red,
3507,Knight King Arms GN FZ Red,
3508,Knight King Arms GN HC Red,
3509,Knight King Arms GN HS Red,
3510,Knight King Arms GN GS Red,
3511,Knight King Arms BM Black,
3512,Knight King Arms BM F Black,
3513,Knight King Arms BM FZ Black,
3514,Knight King Arms BM HC Black,
3515,Knight King Arms BM HS Black,
3516,Knight King Arms BM GS Black,
3517,Knight King Arms GN Black,
3518,Knight King Arms GN F Black,
3519,Knight King Arms GN FZ Black,
3520,Knight King Arms GN HC Black,
3521,Knight King Arms GN HS Black,
3522,Knight King Arms GN GS Black,
3523,Knight King Arms BM White,
3524,Knight King Arms BM F White,
3525,Knight King Arms BM FZ White,
3526,Knight King Arms BM HC White,
3527,Knight King Arms BM HS White,
3528,Knight King Arms BM GS White,
3529,Knight King Arms GN White,
3530,Knight King Arms GN F White,
3531,Knight King Arms GN FZ White,
3532,Knight King Arms GN HC White,
3533,Knight King Arms GN HS White,
3534,Knight King Arms GN GS White,
3535,ヴェルフFZ Arms,
3536,ヴェルフHC Arms,
3537,ヴェルフFZ Guard,
3538,ヴェルフHC Guard,
3539,テリオグFZ Arms,
3540,テリオグHC Arms,
3541,テリオグFZ Guard,
3542,テリオグHC Guard,
3543,Beil FZ Gauntlets,
3544,Beil HC Gauntlets,
3545,Pietra GX Arms,
3546,Pietra GX Guard,
3547,Pokara GX Arms,
3548,Pokara GX Guard,
3549,Hermitaur GX Arms,
3550,Hermitaur GX Guard,
3551,Kut-Ku GX Arms,
3552,Kut-Ku GX Guard,
3553,Farunokku GX Arms,
3554,Farunokku GX Guard,
3555,Gypceros GX Arms,
3556,Gypceros GX Guard,
3557,Conga GX Arms,
3558,Conga GX Guard,
3559,Hyuji GX Arms,
3560,Hyuji GX Guard,
3561,Basarios GX Arms,
3562,Basarios GX Guard,
3563,Rathian GX Arms,
3564,Rathian GX Guard,
3565,Ceanataur GX Arms,
3566,Ceanataur GX Guard,
3567,Mikagura GX【 Kote 】,
3568,Satokagura GX【 Kote 】,
3569,Rathalos GX Arms,
3570,Rathalos GX Guard,
3571,Blango GX Arms,
3572,Blango GX Guard,
3573,Khezu GX Arms,
3574,Khezu GX Guard,
3575,Hope GX Arms,
3576,Hope GX Guard,
3577,Gougarf G Arms,
3578,Gougarf GF Arms,
3579,Gougarf GX Arms,
3580,Gougarf G Guard,
3581,Gougarf GF Guard,
3582,Gougarf GX Guard,
3583,Shourou 【上手】G,
3584,Shourou 【上手】GF,
3585,Shourou 【上手】GX,
3586,Mitama 【上手】G,
3587,Mitama 【上手】GF,
3588,Mitama 【上手】GX,
3589,Giaorugu G Arms,
3590,Giaorugu GF Arms,
3591,Giaorugu GX Arms,
3592,Giaorugu G Guard,
3593,Giaorugu GF Guard,
3594,Giaorugu GX Guard,
3595,Gravios G Arms,
3596,Gravios GF Arms,
3597,Gravios GX Arms,
3598,Gravios G Guard,
3599,Gravios GF Guard,
3600,Gravios GX Guard,
3601,Tigrex G Arms,
3602,Tigrex GF Arms,
3603,Tigrex GX Arms,
3604,Tigrex G Guard,
3605,Tigrex GF Guard,
3606,Tigrex GX Guard,
3607,Paria G Arms,
3608,Paria GF Arms,
3609,Paria GX Arms,
3610,Paria G Guard,
3611,Paria GF Guard,
3612,Paria GX Guard,
3613,Torpedo G Arms,
3614,Torpedo GF Arms,
3615,Torpedo GX Arms,
3616,Torpedo G Guard,
3617,Torpedo GF Guard,
3618,Torpedo GX Guard,
3619,Lavasioth G Arms,
3620,Lavasioth GF Arms,
3621,Lavasioth GX Arms,
3622,Lavasioth G Guard,
3623,Lavasioth GF Guard,
3624,Lavasioth GX Guard,
3625,Espinas G Grip,
3626,Espinas GF Grip,
3627,Espinas GX Grip,
3628,Espinas G Grasp,
3629,Espinas GF Grasp,
3630,Espinas GX Grasp,
3631,Golden Kote・G,
3632,Golden Kote・GF,
3633,Golden Kote・GX,
3634,Puppeteer ノ Kote・G,
3635,Puppeteer ノ Kote・GF,
3636,Puppeteer ノ Kote・GX,
3637,Rebidiora Gクロウ,
3638,Rebidiora GFクロウ,
3639,Rebidiora GXクロウ,
3640,Rebidiora Gフィスト,
3641,Rebidiora GFフィスト,
3642,Rebidiora GXフィスト,
3643,Garuga G Arms,
3644,Garuga GF Arms,
3645,Garuga GX Arms,
3646,Garuga G Guard,
3647,Garuga GF Guard,
3648,Garuga GX Guard,
3649,Vashimu G Arms,
3650,Vashimu GF Arms,
3651,Vashimu GX Arms,
3652,Vashimu G Guard,
3653,Vashimu GF Guard,
3654,Vashimu GX Guard,
3655,Guren G Arms,
3656,Guren GF Arms,
3657,Guren GX Arms,
3658,Guren G Guard,
3659,Guren GF Guard,
3660,Guren GX Guard,
3661,Inari G【 Kote 】,
3662,Inari GF【 Kote 】,
3663,Inari GX【 Kote 】,
3664,Tamamo G【 Kote 】,
3665,Tamamo GF【 Kote 】,
3666,Tamamo GX【 Kote 】,
3667,Disu G Arms,
3668,Disu GF Arms,
3669,Disu GX Arms,
3670,Disu G Guard,
3671,Disu GF Guard,
3672,Disu GX Guard,
3673,Shadow Kote・G,
3674,Shadow Kote・GF,
3675,Shadow Kote・GX,
3676,Shade Kote・G,
3677,Shade Kote・GF,
3678,Shade Kote・GX,
3679,Byakko・Kensei G Arms,
3680,Byakko・Kensei GF Arms,
3681,Suzaku・Kensei G Arms,
3682,Suzaku・Kensei GF Arms,
3683,Genbu・Kensei G Arms,
3684,Genbu・Kensei GF Arms,
3685,Seiryu・Kensei G Arms,
3686,Seiryu・Kensei GF Arms,
3687,Byakko・双龍G Arms,
3688,Byakko・双龍GF Arms,
3689,Suzaku・双龍G Arms,
3690,Suzaku・双龍GF Arms,
3691,Genbu・双龍G Arms,
3692,Genbu・双龍GF Arms,
3693,Seiryu・双龍G Arms,
3694,Seiryu・双龍GF Arms,
3695,Byakko・剣王G Arms,
3696,Byakko・剣王GF Arms,
3697,Suzaku・剣王G Arms,
3698,Suzaku・剣王GF Arms,
3699,Genbu・剣王G Arms,
3700,Genbu・剣王GF Arms,
3701,Seiryu・剣王G Arms,
3702,Seiryu・剣王GF Arms,
3703,Byakko・刀神G Arms,
3704,Byakko・刀神GF Arms,
3705,Suzaku・刀神G Arms,
3706,Suzaku・刀神GF Arms,
3707,Genbu・刀神G Arms,
3708,Genbu・刀神GF Arms,
3709,Seiryu・刀神G Arms,
3710,Seiryu・刀神GF Arms,
3711,Byakko・Heaven 槍G Arms,
3712,Byakko・Heaven 槍GF Arms,
3713,Suzaku・Heaven 槍G Arms,
3714,Suzaku・Heaven 槍GF Arms,
3715,Genbu・Heaven 槍G Arms,
3716,Genbu・Heaven 槍GF Arms,
3717,Seiryu・Heaven 槍G Arms,
3718,Seiryu・Heaven 槍GF Arms,
3719,Byakko・砲皇G Arms,
3720,Byakko・砲皇GF Arms,
3721,Suzaku・砲皇G Arms,
3722,Suzaku・砲皇GF Arms,
3723,Genbu・砲皇G Arms,
3724,Genbu・砲皇GF Arms,
3725,Seiryu・砲皇G Arms,
3726,Seiryu・砲皇GF Arms,
3727,Byakko・鈍器獣G Arms,
3728,Byakko・鈍器獣GF Arms,
3729,Suzaku・鈍器獣G Arms,
3730,Suzaku・鈍器獣GF Arms,
3731,Genbu・鈍器獣G Arms,
3732,Genbu・鈍器獣GF Arms,
3733,Seiryu・鈍器獣G Arms,
3734,Seiryu・鈍器獣GF Arms,
3735,Byakko・奏帝G Arms,
3736,Byakko・奏帝GF Arms,
3737,Suzaku・奏帝G Arms,
3738,Suzaku・奏帝GF Arms,
3739,Genbu・奏帝G Arms,
3740,Genbu・奏帝GF Arms,
3741,Seiryu・奏帝G Arms,
3742,Seiryu・奏帝GF Arms,
3743,Byakko・銃傑G Guard,
3744,Byakko・銃傑GF Guard,
3745,Suzaku・銃傑G Guard,
3746,Suzaku・銃傑GF Guard,
3747,Genbu・銃傑G Guard,
3748,Genbu・銃傑GF Guard,
3749,Seiryu・銃傑G Guard,
3750,Seiryu・銃傑GF Guard,
3751,Byakko・銃仙G Guard,
3752,Byakko・銃仙GF Guard,
3753,Suzaku・銃仙G Guard,
3754,Suzaku・銃仙GF Guard,
3755,Genbu・銃仙G Guard,
3756,Genbu・銃仙GF Guard,
3757,Seiryu・銃仙G Guard,
3758,Seiryu・銃仙GF Guard,
3759,Byakko・Bow 鬼G Guard,
3760,Byakko・Bow 鬼GF Guard,
3761,Suzaku・Bow 鬼G Guard,
3762,Suzaku・Bow 鬼GF Guard,
3763,Genbu・Bow 鬼G Guard,
3764,Genbu・Bow 鬼GF Guard,
3765,Seiryu・Bow 鬼G Guard,
3766,Seiryu・Bow 鬼GF Guard,
3767,Odiva G Arms,
3768,Odiva G Guard,
3769,Blitz G Arms,
3770,Blitz Gグローブ,
3771,Flame G Arms,
3772,Flame G Guard,
3773,Wind Gハトゥー,
3774,Wind Gマカーン,
3775,武者G【 Kote 】,
3776,日光G【 Kote 】,
3777,Wadatsumi G [Sleeves 】,
3778,Okami G [Sleeves 】,
3779,Lils G Arms,
3780,Lils G Guard,
3781,Algol G Arms,
3782,Algol G Guard,
3783,エミットG Arms,
3784,エミットG Guard,
3785,Diboa G Arms,
3786,Diboa G Guard,
3787,Demon Lord ノ手套,
3788,童子ノ手套,
3789,レアー Arms,
3790,ハーデス Arms,
3791,レアー Guard,
3792,ハーデス Guard,
3793,Roses GX Arms,
3794,Roses GX Guard,
3795,Strega G Arms,
3796,Strega GF Arms,
3797,Strega GX Arms,
3798,Strega G Guard,
3799,Strega GF Guard,
3800,Strega GX Guard,
3801,Pics Arms・Green,
3802,Pics F Arms・Green,
3803,Pics FZ Arms・Green,
3804,Pics HC Arms・Green,
3805,Pics HS Arms・Green,
3806,Pics GS Arms・Green,
3807,Pics Guard・Green,
3808,Pics F Guard・Green,
3809,Pics FZ Guard・Green,
3810,Pics HC Guard・Green,
3811,Pics HS Guard・Green,
3812,Pics GS Guard・Green,
3813,Pics Arms・Purple,
3814,Pics F Arms・Purple,
3815,Pics FZ Arms・Purple,
3816,Pics HC Arms・Purple,
3817,Pics HS Arms・Purple,
3818,Pics GS Arms・Purple,
3819,Pics Guard・Purple,
3820,Pics F Guard・Purple,
3821,Pics FZ Guard・Purple,
3822,Pics HC Guard・Purple,
3823,Pics HS Guard・Purple,
3824,Pics GS Guard・Purple,
3825,Pics Arms・Black,
3826,Pics F Arms・Black,
3827,Pics FZ Arms・Black,
3828,Pics HC Arms・Black,
3829,Pics HS Arms・Black,
3830,Pics GS Arms・Black,
3831,Pics Guard・Black,
3832,Pics F Guard・Black,
3833,Pics FZ Guard・Black,
3834,Pics HC Guard・Black,
3835,Pics HS Guard・Black,
3836,Pics GS Guard・Black,
3837,Pics Arms・Water,
3838,Pics F Arms・Water,
3839,Pics FZ Arms・Water,
3840,Pics HC Arms・Water,
3841,Pics HS Arms・Water,
3842,Pics GS Arms・Water,
3843,Pics Guard・Water,
3844,Pics F Guard・Water,
3845,Pics FZ Guard・Water,
3846,Pics HC Guard・Water,
3847,Pics HS Guard・Water,
3848,Pics GS Guard・Water,
3849,Bright Arms,
3850,Bright F Arms,
3851,Bright FZ Arms,
3852,Bright HC Arms,
3853,Bright HS Arms,
3854,Bright GS Arms,
3855,Bright Guard,
3856,Bright F Guard,
3857,Bright FZ Guard,
3858,Bright HC Guard,
3859,Bright HS Guard,
3860,Bright GS Guard,
3861,Juari Arms,
3862,Juari F Arms,
3863,Juari FZ Arms,
3864,Juari HC Arms,
3865,Juari HS Arms,
3866,Juari GS Arms,
3867,Juari Guard,
3868,Juari F Guard,
3869,Juari FZ Guard,
3870,Juari HC Guard,
3871,Juari HS Guard,
3872,Juari GS Guard,
3873,Tinku Arms,
3874,Tinku F Arms,
3875,Tinku FZ Arms,
3876,Tinku HC Arms,
3877,Tinku HS Arms,
3878,Tinku GS Arms,
3879,Tinku Guard,
3880,Tinku F Guard,
3881,Tinku FZ Guard,
3882,Tinku HC Guard,
3883,Tinku HS Guard,
3884,Tinku GS Guard,
3885,Real FZ Arms・White,
3886,Real HC Arms・White,
3887,Real HS Arms・White,
3888,Real GS Arms・White,
3889,Real FZ Guard・White,
3890,Real HC Guard・White,
3891,Real HS Guard・White,
3892,Real GS Guard・White,
3893,Lien FZ Arms・Blue,
3894,Lien HC Arms・Blue,
3895,Lien HS Arms・Blue,
3896,Lien GS Arms・Blue,
3897,Lien FZ Guard・Blue,
3898,Lien HC Guard・Blue,
3899,Lien HS Guard・Blue,
3900,Lien GS Guard・Blue,
3901,Melety FZ Arms・White,
3902,Melety HC Arms・White,
3903,Melety HS Arms・White,
3904,Melety GS Arms・White,
3905,Melety FZ Guard・Blue,
3906,Melety HC Guard・Blue,
3907,Melety HS Guard・Blue,
3908,Melety GS Guard・Blue,
3909,Regelia FZ Arms・White,
3910,Regelia HC Arms・White,
3911,Regelia HS Arms・White,
3912,Regelia GS Arms・White,
3913,Regelia FZ Guard・Blue,
3914,Regelia HC Guard・Blue,
3915,Regelia HS Guard・Blue,
3916,Regelia GS Guard・Blue,
3917,Suriito HS Arms・Yellow,
3918,Suriito GS Arms・Yellow,
3919,Suriito HS Guard・Yellow,
3920,Suriito GS Guard・Yellow,
3921,Steno HS Arms・Orange,
3922,Steno GS Arms・Orange,
3923,Steno HS Guard・Orange,
3924,Steno GS Guard・Orange,
3925,Edio HC Arms・Blue,
3926,Edio HS Arms・Blue,
3927,Edio GS Arms・Blue,
3928,Edio HC Guard・Blue,
3929,Edio HS Guard・Blue,
3930,Edio GS Guard・Blue,
3931,Galitos HC Arms・Tea,
3932,Galitos HS Arms・Tea,
3933,Galitos GS Arms・Tea,
3934,Galitos HC Guard・Tea,
3935,Galitos HS Guard・Tea,
3936,Galitos GS Guard・Tea,
3937,ロット Punch,
3938,ロットF Punch,
3939,ロットFZ Punch,
3940,ロットHC Punch,
3941,ロットHS Punch,
3942,ロットGS Punch,
3943,ロット Hands,
3944,ロットF Hands,
3945,ロットFZ Hands,
3946,ロットHC Hands,
3947,ロットHS Hands,
3948,ロットGS Hands,
3949,Blink F Arms,
3950,Blink F Guard,
3951,Smart F Arms,
3952,Smart FZ Arms,
3953,Smart HC Arms,
3954,Gougarf FX Arms,
3955,Gougarf HS Arms,
3956,Gougarf FX Guard,
3957,Gougarf HS Guard,
3958,Regyukusu HC Arms,
3959,Regyukusu HS Arms,
3960,Regyukusu GS Arms,
3961,Regyukusu HC Guard,
3962,Regyukusu HS Guard,
3963,Regyukusu GS Guard,
3964,Pistis HC Arms,
3965,Pistis HS Arms,
3966,Pistis GS Arms,
3967,Pistis HC Guard,
3968,Pistis HS Guard,
3969,Pistis GS Guard,
3970,Star Festival FZ Gauntlets [Red 】,
3971,Star Festival HC Gauntlets [Red 】,
3972,Star Festival HS Gauntlets [Red 】,
3973,Star Festival GS Gauntlets [Red 】,
3974,Tanabata FZ Gauntlets [Red 】,
3975,Tanabata HC Gauntlets [Red 】,
3976,Tanabata HS Gauntlets [Red 】,
3977,Tanabata GS Gauntlets [Red 】,
3978,Real FZ Arms・Gold,
3979,Real HC Arms・Gold,
3980,Real HS Arms・Gold,
3981,Real GS Arms・Gold,
3982,Real FZ Guard・Gold,
3983,Real HC Guard・Gold,
3984,Real HS Guard・Gold,
3985,Real GS Guard・Gold,
3986,Real FZ Arms・Blue,
3987,Real HC Arms・Blue,
3988,Real HS Arms・Blue,
3989,Real GS Arms・Blue,
3990,Real FZ Guard・Blue,
3991,Real HC Guard・Blue,
3992,Real HS Guard・Blue,
3993,Real GS Guard・Blue,
3994,Real FZ Arms・Red,
3995,Real HC Arms・Red,
3996,Real HS Arms・Red,
3997,Real GS Arms・Red,
3998,Real FZ Guard・Red,
3999,Real HC Guard・Red,
4000,Real HS Guard・Red,
4001,Real GS Guard・Red,
4002,Lien FZ Arms・Red,
4003,Lien HC Arms・Red,
4004,Lien HS Arms・Red,
4005,Lien GS Arms・Red,
4006,Lien FZ Guard・Red,
4007,Lien HC Guard・Red,
4008,Lien HS Guard・Red,
4009,Lien GS Guard・Red,
4010,Lien FZ Arms・Black,
4011,Lien HC Arms・Black,
4012,Lien HS Arms・Black,
4013,Lien GS Arms・Black,
4014,Lien FZ Guard・Black,
4015,Lien HC Guard・Black,
4016,Lien HS Guard・Black,
4017,Lien GS Guard・Black,
4018,Lien FZ Arms・White,
4019,Lien HC Arms・White,
4020,Lien HS Arms・White,
4021,Lien GS Arms・White,
4022,Lien FZ Guard・White,
4023,Lien HC Guard・White,
4024,Lien HS Guard・White,
4025,Lien GS Guard・White,
4026,Melety FZ Arms・Red,
4027,Melety HC Arms・Red,
4028,Melety HS Arms・Red,
4029,Melety GS Arms・Red,
4030,Melety FZ Arms・Blue,
4031,Melety HC Arms・Blue,
4032,Melety HS Arms・Blue,
4033,Melety GS Arms・Blue,
4034,Melety FZ Arms・Black,
4035,Melety HC Arms・Black,
4036,Melety HS Arms・Black,
4037,Melety GS Arms・Black,
4038,Melety FZ Guard・White,
4039,Melety HC Guard・White,
4040,Melety HS Guard・White,
4041,Melety GS Guard・White,
4042,Melety FZ Guard・Red,
4043,Melety HC Guard・Red,
4044,Melety HS Guard・Red,
4045,Melety GS Guard・Red,
4046,Melety FZ Guard・Black,
4047,Melety HC Guard・Black,
4048,Melety HS Guard・Black,
4049,Melety GS Guard・Black,
4050,Regelia FZ Arms・Red,
4051,Regelia HC Arms・Red,
4052,Regelia HS Arms・Red,
4053,Regelia GS Arms・Red,
4054,Regelia FZ Arms・Green,
4055,Regelia HC Arms・Green,
4056,Regelia HS Arms・Green,
4057,Regelia GS Arms・Green,
4058,Regelia FZ Arms・Blue,
4059,Regelia HC Arms・Blue,
4060,Regelia HS Arms・Blue,
4061,Regelia GS Arms・Blue,
4062,Regelia FZ Guard・White,
4063,Regelia HC Guard・White,
4064,Regelia HS Guard・White,
4065,Regelia GS Guard・White,
4066,Regelia FZ Guard・Red,
4067,Regelia HC Guard・Red,
4068,Regelia HS Guard・Red,
4069,Regelia GS Guard・Red,
4070,Regelia FZ Guard・Green,
4071,Regelia HC Guard・Green,
4072,Regelia HS Guard・Green,
4073,Regelia GS Guard・Green,
4074,Suriito HS Arms・Silver,
4075,Suriito GS Arms・Silver,
4076,Suriito HS Guard・Silver,
4077,Suriito GS Guard・Silver,
4078,Suriito HS Arms・Red,
4079,Suriito GS Arms・Red,
4080,Suriito HS Guard・Red,
4081,Suriito GS Guard・Red,
4082,Suriito HS Arms・Blue,
4083,Suriito GS Arms・Blue,
4084,Suriito HS Guard・Blue,
4085,Suriito GS Guard・Blue,
4086,Steno HS Arms・Peach,
4087,Steno GS Arms・Peach,
4088,Steno HS Guard・Peach,
4089,Steno GS Guard・Peach,
4090,Steno HS Arms・Blue,
4091,Steno GS Arms・Blue,
4092,Steno HS Guard・Blue,
4093,Steno GS Guard・Blue,
4094,Steno HS Arms・Red,
4095,Steno GS Arms・Red,
4096,Steno HS Guard・Red,
4097,Steno GS Guard・Red,
4098,Edio HC Arms・Red,
4099,Edio HS Arms・Red,
4100,Edio GS Arms・Red,
4101,Edio HC Guard・Red,
4102,Edio HS Guard・Red,
4103,Edio GS Guard・Red,
4104,Edio HC Arms・Yellow,
4105,Edio HS Arms・Yellow,
4106,Edio GS Arms・Yellow,
4107,Edio HC Guard・Yellow,
4108,Edio HS Guard・Yellow,
4109,Edio GS Guard・Yellow,
4110,Edio HC Arms・Black,
4111,Edio HS Arms・Black,
4112,Edio GS Arms・Black,
4113,Edio HC Guard・Black,
4114,Edio HS Guard・Black,
4115,Edio GS Guard・Black,
4116,Galitos HC Arms・Red,
4117,Galitos HS Arms・Red,
4118,Galitos GS Arms・Red,
4119,Galitos HC Guard・Red,
4120,Galitos HS Guard・Red,
4121,Galitos GS Guard・Red,
4122,Galitos HC Arms・Black,
4123,Galitos HS Arms・Black,
4124,Galitos GS Arms・Black,
4125,Galitos HC Guard・Black,
4126,Galitos HS Guard・Black,
4127,Galitos GS Guard・Black,
4128,Galitos HC Arms・Water,
4129,Galitos HS Arms・Water,
4130,Galitos GS Arms・Water,
4131,Galitos HC Guard・Water,
4132,Galitos HS Guard・Water,
4133,Galitos GS Guard・Water,
4134,Star Festival FZ Gauntlets [Blue 】,
4135,Star Festival HC Gauntlets [Blue 】,
4136,Star Festival HS Gauntlets [Blue 】,
4137,Star Festival GS Gauntlets [Blue 】,
4138,Tanabata FZ Gauntlets [Blue 】,
4139,Tanabata HC Gauntlets [Blue 】,
4140,Tanabata HS Gauntlets [Blue 】,
4141,Tanabata GS Gauntlets [Blue 】,
4142,Star Festival FZ Gauntlets [Black 】,
4143,Star Festival HC Gauntlets [Black 】,
4144,Star Festival HS Gauntlets [Black 】,
4145,Star Festival GS Gauntlets [Black 】,
4146,Tanabata FZ Gauntlets [Black 】,
4147,Tanabata HC Gauntlets [Black 】,
4148,Tanabata HS Gauntlets [Black 】,
4149,Tanabata GS Gauntlets [Black 】,
4150,Star Festival FZ Gauntlets [White 】,
4151,Star Festival HC Gauntlets [White 】,
4152,Star Festival HS Gauntlets [White 】,
4153,Star Festival GS Gauntlets [White 】,
4154,Tanabata FZ Gauntlets [White 】,
4155,Tanabata HC Gauntlets [White 】,
4156,Tanabata HS Gauntlets [White 】,
4157,Tanabata GS Gauntlets [White 】,
4158,ダミー,
4159,ダミー,
4160,ダミー,
4161,ダミー,
4162,ダミー,
4163,ダミー,
4164,ダミー,
4165,ダミー,
4166,ダミー,
4167,ダミー,
4168,ダミー,
4169,ダミー,
4170,ヴェルフHS Arms,
4171,ヴェルフGS Arms,
4172,ヴェルフHS Guard,
4173,ヴェルフGS Guard,
4174,テリオグHS Arms,
4175,テリオグGS Arms,
4176,テリオグHS Guard,
4177,テリオグGS Guard,
4178,Beil HS Gauntlets,
4179,Beil GS Gauntlets,
4180,Veloci G Arms,
4181,Veloci GF Arms,
4182,Veloci GX Arms,
4183,Veloci G Guard,
4184,Veloci GF Guard,
4185,Veloci GX Guard,
4186,Io G Arms,
4187,Io GF Arms,
4188,Io GX Arms,
4189,Io G Guard,
4190,Io GF Guard,
4191,Io GX Guard,
4192,Gen G Arms,
4193,Gen GF Arms,
4194,Gen GX Arms,
4195,Gen G Guard,
4196,Gen GF Guard,
4197,Gen GX Guard,
4198,Cepha G Arms,
4199,Cepha GF Arms,
4200,Cepha GX Arms,
4201,Cepha G Guard,
4202,Cepha GF Guard,
4203,Cepha GX Guard,
4204,Diablos G Arms,
4205,Diablos GF Arms,
4206,Diablos GX Arms,
4207,Diablos G Guard,
4208,Diablos GF Guard,
4209,Diablos GX Guard,
4210,Plesioth G Arms,
4211,Plesioth GF Arms,
4212,Plesioth GX Arms,
4213,Plesioth G Guard,
4214,Plesioth GF Guard,
4215,Plesioth GX Guard,
4216,Beru G Arms,
4217,Beru GF Arms,
4218,Beru GX Arms,
4219,Beru G Guard,
4220,Beru GF Guard,
4221,Beru GX Guard,
4222,Black Gravios G Arms,
4223,Black Gravios GF Arms,
4224,Black Gravios GX Arms,
4225,Black Gravios G Guard,
4226,Black Gravios GF Guard,
4227,Black Gravios GX Guard,
4228,Lune G Arms,
4229,Lune GF Arms,
4230,Lune GX Arms,
4231,Lune G Guard,
4232,Lune GF Guard,
4233,Lune GX Guard,
4234,Stroma Arms,
4235,Stroma F Arms,
4236,Stroma FX Arms,
4237,Stroma G Arms,
4238,Stroma Guard,
4239,Stroma F Guard,
4240,Stroma FX Guard,
4241,Stroma G Guard,
4242,Plunder G Arms,
4243,Plunder GF Arms,
4244,Plunder GX Arms,
4245,Plunder G Guard,
4246,Plunder GF Guard,
4247,Plunder GX Guard,
4248,Altera Arms,
4249,Altera F Arms,
4250,Altera FX Arms,
4251,Altera G Arms,
4252,Altera GF Arms,
4253,Altera Guard,
4254,Altera F Guard,
4255,Altera FX Guard,
4256,Altera G Guard,
4257,Altera GF Guard,
4258,Dragon Gクロウ,
4259,Dragon GFクロウ,
4260,Dragon GXクロウ,
4261,Dragon Gフィスト,
4262,Dragon GFフィスト,
4263,Dragon GXフィスト,
4264,Iriku Arms,
4265,Iriku F Arms,
4266,Iriku FX Arms,
4267,Iriku HC Arms,
4268,Iriku Guard,
4269,Iriku F Guard,
4270,Iriku FX Guard,
4271,Iriku HC Guard,
4272,Iriku G Arms,
4273,Iriku GF Arms,
4274,Iriku GX Arms,
4275,Iriku G Guard,
4276,Iriku GF Guard,
4277,Iriku GX Guard,
4278,Afti G Arms,
4279,Afti GF Arms,
4280,Afti GX Arms,
4281,Afti G Guard,
4282,Afti GF Guard,
4283,Afti GX Guard,
4284,Secuti Arms・Black,
4285,Secuti F Arms・Black,
4286,Secuti FZ Arms・Black,
4287,Secuti HS Arms・Black,
4288,Secuti GS Arms・Black,
4289,Secuti GP Arms・Black,
4290,Secuti Guard・Black,
4291,Secuti F Guard・Black,
4292,Secuti FZ Guard・Black,
4293,Secuti HS Guard・Black,
4294,Secuti GS Guard・Black,
4295,Secuti GP Guard・Black,
4296,Secuti Arms・Blue,
4297,Secuti F Arms・Blue,
4298,Secuti FZ Arms・Blue,
4299,Secuti HS Arms・Blue,
4300,Secuti GS Arms・Blue,
4301,Secuti GP Arms・Blue,
4302,Secuti Guard・Blue,
4303,Secuti F Guard・Blue,
4304,Secuti FZ Guard・Blue,
4305,Secuti HS Guard・Blue,
4306,Secuti GS Guard・Blue,
4307,Secuti GP Guard・Blue,
4308,Secuti Arms・Red,
4309,Secuti F Arms・Red,
4310,Secuti FZ Arms・Red,
4311,Secuti HS Arms・Red,
4312,Secuti GS Arms・Red,
4313,Secuti GP Arms・Red,
4314,Secuti Guard・Red,
4315,Secuti F Guard・Red,
4316,Secuti FZ Guard・Red,
4317,Secuti HS Guard・Red,
4318,Secuti GS Guard・Red,
4319,Secuti GP Guard・Red,
4320,Secuti Arms・White,
4321,Secuti F Arms・White,
4322,Secuti FZ Arms・White,
4323,Secuti HS Arms・White,
4324,Secuti GS Arms・White,
4325,Secuti GP Arms・White,
4326,Secuti Guard・White,
4327,Secuti F Guard・White,
4328,Secuti FZ Guard・White,
4329,Secuti HS Guard・White,
4330,Secuti GS Guard・White,
4331,Secuti GP Guard・White,
4332,Gelt Arms・Black,
4333,Gelt F Arms・Black,
4334,Gelt FZ Arms・Black,
4335,Gelt HS Arms・Black,
4336,Gelt GS Arms・Black,
4337,Gelt GP Arms・Black,
4338,Gelt Guard・Black,
4339,Gelt F Guard・Black,
4340,Gelt FZ Guard・Black,
4341,Gelt HS Guard・Black,
4342,Gelt GS Guard・Black,
4343,Gelt GP Guard・Black,
4344,Gelt Arms・Copper,
4345,Gelt F Arms・Copper,
4346,Gelt FZ Arms・Copper,
4347,Gelt HS Arms・Copper,
4348,Gelt GS Arms・Copper,
4349,Gelt GP Arms・Copper,
4350,Gelt Guard・Copper,
4351,Gelt F Guard・Copper,
4352,Gelt FZ Guard・Copper,
4353,Gelt HS Guard・Copper,
4354,Gelt GS Guard・Copper,
4355,Gelt GP Guard・Copper,
4356,Gelt Arms・Silver,
4357,Gelt F Arms・Silver,
4358,Gelt FZ Arms・Silver,
4359,Gelt HS Arms・Silver,
4360,Gelt GS Arms・Silver,
4361,Gelt GP Arms・Silver,
4362,Gelt Guard・Silver,
4363,Gelt F Guard・Silver,
4364,Gelt FZ Guard・Silver,
4365,Gelt HS Guard・Silver,
4366,Gelt GS Guard・Silver,
4367,Gelt GP Guard・Silver,
4368,Gelt Arms・Gold,
4369,Gelt F Arms・Gold,
4370,Gelt FZ Arms・Gold,
4371,Gelt HS Arms・Gold,
4372,Gelt GS Arms・Gold,
4373,Gelt GP Arms・Gold,
4374,Gelt Guard・Gold,
4375,Gelt F Guard・Gold,
4376,Gelt FZ Guard・Gold,
4377,Gelt HS Guard・Gold,
4378,Gelt GS Guard・Gold,
4379,Gelt GP Guard・Gold,
4380,Shoko Arms,
4381,Shoko F Arms,
4382,Shoko FZ Arms,
4383,Shoko HS Arms,
4384,Shoko GS Arms,
4385,Shoko GP Arms,
4386,Shoko Guard,
4387,Shoko F Guard,
4388,Shoko FZ Guard,
4389,Shoko HS Guard,
4390,Shoko GS Guard,
4391,Shoko GP Guard,
4392,Genom Arms・Green,
4393,Genom F Arms・Green,
4394,Genom FZ Arms・Green,
4395,Genom HS Arms・Green,
4396,Genom GS Arms・Green,
4397,Genom GP Arms・Green,
4398,Genom Guard・Green,
4399,Genom F Guard・Green,
4400,Genom FZ Guard・Green,
4401,Genom HS Guard・Green,
4402,Genom GS Guard・Green,
4403,Genom GP Guard・Green,
4404,Genom Arms・Water,
4405,Genom F Arms・Water,
4406,Genom FZ Arms・Water,
4407,Genom HS Arms・Water,
4408,Genom GS Arms・Water,
4409,Genom GP Arms・Water,
4410,Genom Guard・Water,
4411,Genom F Guard・Water,
4412,Genom FZ Guard・Water,
4413,Genom HS Guard・Water,
4414,Genom GS Guard・Water,
4415,Genom GP Guard・Water,
4416,Genom Arms・Red,
4417,Genom F Arms・Red,
4418,Genom FZ Arms・Red,
4419,Genom HS Arms・Red,
4420,Genom GS Arms・Red,
4421,Genom GP Arms・Red,
4422,Genom Guard・Red,
4423,Genom F Guard・Red,
4424,Genom FZ Guard・Red,
4425,Genom HS Guard・Red,
4426,Genom GS Guard・Red,
4427,Genom GP Guard・Red,
4428,Genom Arms・Purple,
4429,Genom F Arms・Purple,
4430,Genom FZ Arms・Purple,
4431,Genom HS Arms・Purple,
4432,Genom GS Arms・Purple,
4433,Genom GP Arms・Purple,
4434,Genom Guard・Purple,
4435,Genom F Guard・Purple,
4436,Genom FZ Guard・Purple,
4437,Genom HS Guard・Purple,
4438,Genom GS Guard・Purple,
4439,Genom GP Guard・Purple,
4440,Divol Arms Green,
4441,Divol F Arms Green,
4442,Divol FZ Arms Green,
4443,Divol HS Arms Green,
4444,Divol GS Arms Green,
4445,Divol GP Arms Green,
4446,Divol Guard Green,
4447,Divol F Guard Green,
4448,Divol FZ Guard Green,
4449,Divol HS Guard Green,
4450,Divol GS Guard Green,
4451,Divol GP Guard Green,
4452,Divol Arms Tea,
4453,Divol F Arms Tea,
4454,Divol FZ Arms Tea,
4455,Divol HS Arms Tea,
4456,Divol GS Arms Tea,
4457,Divol GP Arms Tea,
4458,Divol Guard Tea,
4459,Divol F Guard Tea,
4460,Divol FZ Guard Tea,
4461,Divol HS Guard Tea,
4462,Divol GS Guard Tea,
4463,Divol GP Guard Tea,
4464,Divol Arms White,
4465,Divol F Arms White,
4466,Divol FZ Arms White,
4467,Divol HS Arms White,
4468,Divol GS Arms White,
4469,Divol GP Arms White,
4470,Divol Guard White,
4471,Divol F Guard White,
4472,Divol FZ Guard White,
4473,Divol HS Guard White,
4474,Divol GS Guard White,
4475,Divol GP Guard White,
4476,Dante Arms・Red,
4477,Dante F Arms・Red,
4478,Dante FZ Arms・Red,
4479,Dante HS Arms・Red,
4480,Dante GS Arms・Red,
4481,Dante GP Arms・Red,
4482,Dante Guard・Red,
4483,Dante F Guard・Red,
4484,Dante FZ Guard・Red,
4485,Dante HS Guard・Red,
4486,Dante GS Guard・Red,
4487,Dante GP Guard・Red,
4488,Lady Arms・White,
4489,Lady F Arms・White,
4490,Lady FZ Arms・White,
4491,Lady HS Arms・White,
4492,Lady GS Arms・White,
4493,Lady GP Arms・White,
4494,Lady Guard・White,
4495,Lady F Guard・White,
4496,Lady FZ Guard・White,
4497,Lady HS Guard・White,
4498,Lady GS Guard・White,
4499,Lady GP Guard・White,
4500,Dante Arms・Black,
4501,Dante F Arms・Black,
4502,Dante FZ Arms・Black,
4503,Dante HS Arms・Black,
4504,Dante GS Arms・Black,
4505,Dante GP Arms・Black,
4506,Dante Guard・Black,
4507,Dante F Guard・Black,
4508,Dante FZ Guard・Black,
4509,Dante HS Guard・Black,
4510,Dante GS Guard・Black,
4511,Dante GP Guard・Black,
4512,Lady Arms・Black,
4513,Lady F Arms・Black,
4514,Lady FZ Arms・Black,
4515,Lady HS Arms・Black,
4516,Lady GS Arms・Black,
4517,Lady GP Arms・Black,
4518,Lady Guard・Black,
4519,Lady F Guard・Black,
4520,Lady FZ Guard・Black,
4521,Lady HS Guard・Black,
4522,Lady GS Guard・Black,
4523,Lady GP Guard・Black,
4524,Dante Arms・White,
4525,Dante F Arms・White,
4526,Dante FZ Arms・White,
4527,Dante HS Arms・White,
4528,Dante GS Arms・White,
4529,Dante GP Arms・White,
4530,Dante Guard・White,
4531,Dante F Guard・White,
4532,Dante FZ Guard・White,
4533,Dante HS Guard・White,
4534,Dante GS Guard・White,
4535,Dante GP Guard・White,
4536,Lady Arms・Red,
4537,Lady F Arms・Red,
4538,Lady FZ Arms・Red,
4539,Lady HS Arms・Red,
4540,Lady GS Arms・Red,
4541,Lady GP Arms・Red,
4542,Lady Guard・Red,
4543,Lady F Guard・Red,
4544,Lady FZ Guard・Red,
4545,Lady HS Guard・Red,
4546,Lady GS Guard・Red,
4547,Lady GP Guard・Red,
4548,Dante Arms・Green,
4549,Dante F Arms・Green,
4550,Dante FZ Arms・Green,
4551,Dante HS Arms・Green,
4552,Dante GS Arms・Green,
4553,Dante GP Arms・Green,
4554,Dante Guard・Green,
4555,Dante F Guard・Green,
4556,Dante FZ Guard・Green,
4557,Dante HS Guard・Green,
4558,Dante GS Guard・Green,
4559,Dante GP Guard・Green,
4560,Lady Arms・Green,
4561,Lady F Arms・Green,
4562,Lady FZ Arms・Green,
4563,Lady HS Arms・Green,
4564,Lady GS Arms・Green,
4565,Lady GP Arms・Green,
4566,Lady Guard・Green,
4567,Lady F Guard・Green,
4568,Lady FZ Guard・Green,
4569,Lady HS Guard・Green,
4570,Lady GS Guard・Green,
4571,Lady GP Guard・Green,
4572,昇龍FZ Kote・White,
4573,昇龍HS Kote・White,
4574,昇龍GS Kote・White,
4575,昇龍GP Kote・White,
4576,波動FZ Kote・White,
4577,波動HS Kote・White,
4578,波動GS Kote・White,
4579,波動GP Kote・White,
4580,百裂FZ腕環・Blue,
4581,百裂HS腕環・Blue,
4582,百裂GS腕環・Blue,
4583,百裂GP腕環・Blue,
4584,気功FZ腕環・Blue,
4585,気功HS腕環・Blue,
4586,気功GS腕環・Blue,
4587,気功GP腕環・Blue,
4588,昇龍FZ Kote・紺,
4589,昇龍HS Kote・紺,
4590,昇龍GS Kote・紺,
4591,昇龍GP Kote・紺,
4592,波動FZ Kote・紺,
4593,波動HS Kote・紺,
4594,波動GS Kote・紺,
4595,波動GP Kote・紺,
4596,百裂FZ腕環・Black,
4597,百裂HS腕環・Black,
4598,百裂GS腕環・Black,
4599,百裂GP腕環・Black,
4600,気功FZ腕環・Black,
4601,気功HS腕環・Black,
4602,気功GS腕環・Black,
4603,気功GP腕環・Black,
4604,昇龍FZ Kote・Yellow,
4605,昇龍HS Kote・Yellow,
4606,昇龍GS Kote・Yellow,
4607,昇龍GP Kote・Yellow,
4608,波動FZ Kote・Yellow,
4609,波動HS Kote・Yellow,
4610,波動GS Kote・Yellow,
4611,波動GP Kote・Yellow,
4612,百裂FZ腕環・Yellow,
4613,百裂HS腕環・Yellow,
4614,百裂GS腕環・Yellow,
4615,百裂GP腕環・Yellow,
4616,気功FZ腕環・Yellow,
4617,気功HS腕環・Yellow,
4618,気功GS腕環・Yellow,
4619,気功GP腕環・Yellow,
4620,昇龍FZ Kote・Purple,
4621,昇龍HS Kote・Purple,
4622,昇龍GS Kote・Purple,
4623,昇龍GP Kote・Purple,
4624,波動FZ Kote・Purple,
4625,波動HS Kote・Purple,
4626,波動GS Kote・Purple,
4627,波動GP Kote・Purple,
4628,百裂FZ腕環・Green,
4629,百裂HS腕環・Green,
4630,百裂GS腕環・Green,
4631,百裂GP腕環・Green,
4632,気功FZ腕環・Green,
4633,気功HS腕環・Green,
4634,気功GS腕環・Green,
4635,気功GP腕環・Green,
4636,竜巻FZ Kote・Black,
4637,竜巻HS Kote・Black,
4638,竜巻GS Kote・Black,
4639,竜巻GP Kote・Black,
4640,True 空FZ Kote・Black,
4641,True 空HS Kote・Black,
4642,True 空GS Kote・Black,
4643,True 空GP Kote・Black,
4644,千裂FZ腕環・Black,
4645,千裂HS腕環・Black,
4646,千裂GS腕環・Black,
4647,千裂GP腕環・Black,
4648,覇山FZ腕環・Black,
4649,覇山HS腕環・Black,
4650,覇山GS腕環・Black,
4651,覇山GP腕環・Black,
4652,竜巻FZ Kote・Tea,
4653,竜巻HS Kote・Tea,
4654,竜巻GS Kote・Tea,
4655,竜巻GP Kote・Tea,
4656,True 空FZ Kote・Tea,
4657,True 空HS Kote・Tea,
4658,True 空GS Kote・Tea,
4659,True 空GP Kote・Tea,
4660,千裂FZ腕環・Purple,
4661,千裂HS腕環・Purple,
4662,千裂GS腕環・Purple,
4663,千裂GP腕環・Purple,
4664,覇山FZ腕環・Purple,
4665,覇山HS腕環・Purple,
4666,覇山GS腕環・Purple,
4667,覇山GP腕環・Purple,
4668,竜巻FZ Kote・White,
4669,竜巻HS Kote・White,
4670,竜巻GS Kote・White,
4671,竜巻GP Kote・White,
4672,True 空FZ Kote・White,
4673,True 空HS Kote・White,
4674,True 空GS Kote・White,
4675,True 空GP Kote・White,
4676,千裂FZ腕環・White,
4677,千裂HS腕環・White,
4678,千裂GS腕環・White,
4679,千裂GP腕環・White,
4680,覇山FZ腕環・White,
4681,覇山HS腕環・White,
4682,覇山GS腕環・White,
4683,覇山GP腕環・White,
4684,竜巻FZ Kote・Blue,
4685,竜巻HS Kote・Blue,
4686,竜巻GS Kote・Blue,
4687,竜巻GP Kote・Blue,
4688,True 空FZ Kote・Blue,
4689,True 空HS Kote・Blue,
4690,True 空GS Kote・Blue,
4691,True 空GP Kote・Blue,
4692,千裂FZ腕環・Green,
4693,千裂HS腕環・Green,
4694,千裂GS腕環・Green,
4695,千裂GP腕環・Green,
4696,覇山FZ腕環・Green,
4697,覇山HS腕環・Green,
4698,覇山GS腕環・Green,
4699,覇山GP腕環・Green,
4700,Demon FZ Cuffs・Blue,
4701,Demon HS Cuffs・Blue,
4702,Demon GS Cuffs・Blue,
4703,Demon GP Cuffs・Blue,
4704,Chaos FZ Cuffs・Blue,
4705,Chaos HS Cuffs・Blue,
4706,Chaos GS Cuffs・Blue,
4707,Chaos GP Cuffs・Blue,
4708,Shadow FZグローブ Purple,
4709,Shadow HSグローブ Purple,
4710,Shadow GSグローブ Purple,
4711,Shadow GPグローブ Purple,
4712,Soul FZグローブ・Purple,
4713,Soul HSグローブ・Purple,
4714,Soul GSグローブ・Purple,
4715,Soul GPグローブ・Purple,
4716,Demon FZ Cuffs・Red,
4717,Demon HS Cuffs・Red,
4718,Demon GS Cuffs・Red,
4719,Demon GP Cuffs・Red,
4720,Chaos FZ Cuffs・Red,
4721,Chaos HS Cuffs・Red,
4722,Chaos GS Cuffs・Red,
4723,Chaos GP Cuffs・Red,
4724,Shadow FZグローブ Red,
4725,Shadow HSグローブ Red,
4726,Shadow GSグローブ Red,
4727,Shadow GPグローブ Red,
4728,Soul FZグローブ・Red,
4729,Soul HSグローブ・Red,
4730,Soul GSグローブ・Red,
4731,Soul GPグローブ・Red,
4732,Demon FZ Cuffs・Green,
4733,Demon HS Cuffs・Green,
4734,Demon GS Cuffs・Green,
4735,Demon GP Cuffs・Green,
4736,Chaos FZ Cuffs・Green,
4737,Chaos HS Cuffs・Green,
4738,Chaos GS Cuffs・Green,
4739,Chaos GP Cuffs・Green,
4740,Shadow FZグローブ Green,
4741,Shadow HSグローブ Green,
4742,Shadow GSグローブ Green,
4743,Shadow GPグローブ Green,
4744,Soul FZグローブ・Green,
4745,Soul HSグローブ・Green,
4746,Soul GSグローブ・Green,
4747,Soul GPグローブ・Green,
4748,Demon FZ Cuffs・White,
4749,Demon HS Cuffs・White,
4750,Demon GS Cuffs・White,
4751,Demon GP Cuffs・White,
4752,Chaos FZ Cuffs・White,
4753,Chaos HS Cuffs・White,
4754,Chaos GS Cuffs・White,
4755,Chaos GP Cuffs・White,
4756,Shadow FZグローブ White,
4757,Shadow HSグローブ White,
4758,Shadow GSグローブ White,
4759,Shadow GPグローブ White,
4760,Soul FZグローブ・White,
4761,Soul HSグローブ・White,
4762,Soul GSグローブ・White,
4763,Soul GPグローブ・White,
4764,Issen GS【 Kote 】・Red,
4765,Issen GP【 Kote 】・Red,
4766,構射GS【 Kote 】・Red,
4767,構射GP【 Kote 】・Red,
4768,蜂針GS【 Kote 】・Orange,
4769,蜂針GP【 Kote 】・Orange,
4770,気弾GS【 Kote 】・Orange,
4771,気弾GP【 Kote 】・Orange,
4772,Issen GS【 Kote 】・Blue,
4773,Issen GP【 Kote 】・Blue,
4774,構射GS【 Kote 】・Blue,
4775,構射GP【 Kote 】・Blue,
4776,蜂針GS【 Kote 】・Blue,
4777,蜂針GP【 Kote 】・Blue,
4778,気弾GS【 Kote 】・Blue,
4779,気弾GP【 Kote 】・Blue,
4780,Issen GS【 Kote 】・Yellow,
4781,Issen GP【 Kote 】・Yellow,
4782,構射GS【 Kote 】・Yellow,
4783,構射GP【 Kote 】・Yellow,
4784,蜂針GS【 Kote 】・Yellow,
4785,蜂針GP【 Kote 】・Yellow,
4786,気弾GS【 Kote 】・Yellow,
4787,気弾GP【 Kote 】・Yellow,
4788,Issen GS【 Kote 】・Black,
4789,Issen GP【 Kote 】・Black,
4790,構射GS【 Kote 】・Black,
4791,構射GP【 Kote 】・Black,
4792,蜂針GS【 Kote 】・Black,
4793,蜂針GP【 Kote 】・Black,
4794,気弾GS【 Kote 】・Black,
4795,気弾GP【 Kote 】・Black,
4796,Shinryu GS Kote・Red,
4797,Shinryu GP Kote・Red,
4798,Reppa GS Kote・Red,
4799,Reppa GP Kote・Red,
4800,Cannon GS Claws・Water,
4801,Cannon GP Claws・Water,
4802,Axel GS Claws・Water,
4803,Axel GP Claws・Water,
4804,Shinryu GS Kote・White,
4805,Shinryu GP Kote・White,
4806,Reppa GS Kote・White,
4807,Reppa GP Kote・White,
4808,Cannon GS Claws・Green,
4809,Cannon GP Claws・Green,
4810,Axel GS Claws・Green,
4811,Axel GP Claws・Green,
4812,Shinryu GS Kote・Purple,
4813,Shinryu GP Kote・Purple,
4814,Reppa GS Kote・Purple,
4815,Reppa GP Kote・Purple,
4816,Cannon GS Claws・Peach,
4817,Cannon GP Claws・Peach,
4818,Axel GS Claws・Peach,
4819,Axel GP Claws・Peach,
4820,Shinryu GS Kote・Yellow,
4821,Shinryu GP Kote・Yellow,
4822,Reppa GS Kote・Yellow,
4823,Reppa GP Kote・Yellow,
4824,Cannon GS Claws・Purple,
4825,Cannon GP Claws・Purple,
4826,Axel GS Claws・Purple,
4827,Axel GP Claws・Purple,
4828,Garuda HS Arms,
4829,Garuda GS Arms,
4830,Garuda GP Arms,
4831,Garuda HS Guard,
4832,Garuda GS Guard,
4833,Garuda GP Guard,
4834,Feral HS Arms,
4835,Feral GS Arms,
4836,Feral GP Arms,
4837,Feral HS Guard,
4838,Feral GS Guard,
4839,Feral GP Guard,
4840,Fias HS Arms,
4841,Fias GS Arms,
4842,Fias GP Arms,
4843,Fias HS Guard,
4844,Fias GS Guard,
4845,Fias GP Guard,
4846,Viruto HS Arms,
4847,Viruto GS Arms,
4848,Viruto GP Arms,
4849,Viruto HS Guard,
4850,Viruto GS Guard,
4851,Viruto GP Guard,
4852,Falco HS Arms,
4853,Falco GS Arms,
4854,Falco GP Arms,
4855,Falco HS Guard,
4856,Falco GS Guard,
4857,Falco GP Guard,
4858,Howx HS Arms,
4859,Howx GS Arms,
4860,Howx GP Arms,
4861,Howx HS Guard,
4862,Howx GS Guard,
4863,Howx GP Guard,
4864,Gauss HS Arms,
4865,Gauss GS Arms,
4866,Gauss GP Arms,
4867,Gauss HS Guard,
4868,Gauss GS Guard,
4869,Gauss GP Guard,
4870,Weber HS Arms,
4871,Weber GS Arms,
4872,Weber GP Arms,
4873,Weber HS Guard,
4874,Weber GS Guard,
4875,Weber GP Guard,
4876,Gilbert HS Arms,
4877,Gilbert GS Arms,
4878,Gilbert GP Arms,
4879,Gilbert HS Guard,
4880,Gilbert GS Guard,
4881,Gilbert GP Guard,
4882,Bright GP Arms,
4883,Bright GP Guard,
4884,Juari GP Arms,
4885,Juari GP Guard,
4886,Tinku GP Arms,
4887,Tinku GP Guard,
4888,Luxt Arms,
4889,Luxt F Arms,
4890,Luxt FY Arms,
4891,Luxt HS Arms,
4892,Luxt Guard,
4893,Luxt F Guard,
4894,Luxt FY Guard,
4895,Luxt HS Guard,
4896,Luxt G Arms,
4897,Luxt GF Arms,
4898,Luxt GX Arms,
4899,Luxt G Guard,
4900,Luxt GF Guard,
4901,Luxt GX Guard,
4902,Oleum Arms,
4903,Oleum F Arms,
4904,Oleum FY Arms,
4905,Oleum HS Arms,
4906,Oleum Guard,
4907,Oleum F Guard,
4908,Oleum FY Guard,
4909,Oleum HS Guard,
4910,Oleum G Arms,
4911,Oleum GF Arms,
4912,Oleum GX Arms,
4913,Oleum G Guard,
4914,Oleum GF Guard,
4915,Oleum GX Guard,
4916,Kuranto Arms,
4917,Kuranto F Arms,
4918,Kuranto FY Arms,
4919,Kuranto HS Arms,
4920,Kuranto Guard,
4921,Kuranto F Guard,
4922,Kuranto FY Guard,
4923,Kuranto HS Guard,
4924,Kuranto G Arms,
4925,Kuranto GF Arms,
4926,Kuranto GX Arms,
4927,Kuranto G Guard,
4928,Kuranto GF Guard,
4929,Kuranto GX Guard,
4930,Yupuk Arms,
4931,Yupuk F Arms,
4932,Yupuk FY Arms,
4933,Yupuk HS Arms,
4934,Yupuk Guard,
4935,Yupuk F Guard,
4936,Yupuk FY Guard,
4937,Yupuk HS Guard,
4938,Yupuk G Arms,
4939,Yupuk GF Arms,
4940,Yupuk GX Arms,
4941,Yupuk G Guard,
4942,Yupuk GF Guard,
4943,Yupuk GX Guard,
4944,Higakure G Arms,
4945,Higakure GF Arms,
4946,Higakure GX Arms,
4947,Higakure G Guard,
4948,Higakure GF Guard,
4949,Higakure GX Guard,
4950,Konseru G Arms,
4951,Konseru GF Arms,
4952,Konseru GX Arms,
4953,Konseru G Guard,
4954,Konseru GF Guard,
4955,Konseru GX Guard,
4956,Diru G Arms,
4957,Diru GF Arms,
4958,Diru GX Arms,
4959,Diru G Guard,
4960,Diru GF Guard,
4961,Diru GX Guard,
4962,コルヌー Arms,
4963,コピアイ Arms,
4964,コルヌー Guard,
4965,コピアイ Guard,
4966,メトリー Arms・Blue,
4967,メトリーF Arms・Blue,
4968,メトリーFZ Arms・Blue,
4969,メトリーHC Arms・Blue,
4970,メトリーHS Arms・Blue,
4971,メトリーGS Arms・Blue,
4972,メトリー Guard・Blue,
4973,メトリーF Guard・Blue,
4974,メトリーFZ Guard・Blue,
4975,メトリーHC Guard・Blue,
4976,メトリーHS Guard・Blue,
4977,メトリーGS Guard・Blue,
4978,メトリー Arms・White,
4979,メトリーF Arms・White,
4980,メトリーFZ Arms・White,
4981,メトリーHC Arms・White,
4982,メトリーHS Arms・White,
4983,メトリーGS Arms・White,
4984,メトリー Guard・White,
4985,メトリーF Guard・White,
4986,メトリーFZ Guard・White,
4987,メトリーHC Guard・White,
4988,メトリーHS Guard・White,
4989,メトリーGS Guard・White,
4990,メトリー Arms・Red,
4991,メトリーF Arms・Red,
4992,メトリーFZ Arms・Red,
4993,メトリーHC Arms・Red,
4994,メトリーHS Arms・Red,
4995,メトリーGS Arms・Red,
4996,メトリー Guard・Red,
4997,メトリーF Guard・Red,
4998,メトリーFZ Guard・Red,
4999,メトリーHC Guard・Red,
5000,メトリーHS Guard・Red,
5001,メトリーGS Guard・Red,
5002,メトリー Arms・Green,
5003,メトリーF Arms・Green,
5004,メトリーFZ Arms・Green,
5005,メトリーHC Arms・Green,
5006,メトリーHS Arms・Green,
5007,メトリーGS Arms・Green,
5008,メトリー Guard・Green,
5009,メトリーF Guard・Green,
5010,メトリーFZ Guard・Green,
5011,メトリーHC Guard・Green,
5012,メトリーHS Guard・Green,
5013,メトリーGS Guard・Green,
5014,ノヴィー Arms,
5015,ノヴィーF Arms,
5016,ノヴィーFZ Arms,
5017,ノヴィーHC Arms,
5018,ノヴィーHS Arms,
5019,ノヴィーGS Arms,
5020,ノヴィー Guard,
5021,ノヴィーF Guard,
5022,ノヴィーFZ Guard,
5023,ノヴィーHC Guard,
5024,ノヴィーHS Guard,
5025,ノヴィーGS Guard,
5026,Flora Arms,
5027,Flower ーム,
5028,Lea Arms,
5029,Keith Arms,
5030,Guinelle Arms,
5031,Circa Arms,
5032,Edward Arms,
5033,Taizo Arms,
5034,Tiala Arms,
5035,Uwel Arms,
5036,Natasha Guard,
5037,ダミー,
5038,アミロ Arms・Blue,
5039,アミロF Arms・Blue,
5040,アミロFZ Arms・Blue,
5041,アミロHC Arms・Blue,
5042,アミロHS Arms・Blue,
5043,アミロGS Arms・Blue,
5044,アミロ Guard・Blue,
5045,アミロF Guard・Blue,
5046,アミロFZ Guard・Blue,
5047,アミロHC Guard・Blue,
5048,アミロHS Guard・Blue,
5049,アミロGS Guard・Blue,
5050,アミロ Arms・Red,
5051,アミロF Arms・Red,
5052,アミロFZ Arms・Red,
5053,アミロHC Arms・Red,
5054,アミロHS Arms・Red,
5055,アミロGS Arms・Red,
5056,アミロ Guard・Red,
5057,アミロF Guard・Red,
5058,アミロFZ Guard・Red,
5059,アミロHC Guard・Red,
5060,アミロHS Guard・Red,
5061,アミロGS Guard・Red,
5062,アミロ Arms・Yellow,
5063,アミロF Arms・Yellow,
5064,アミロFZ Arms・Yellow,
5065,アミロHC Arms・Yellow,
5066,アミロHS Arms・Yellow,
5067,アミロGS Arms・Yellow,
5068,アミロ Guard・Yellow,
5069,アミロF Guard・Yellow,
5070,アミロFZ Guard・Yellow,
5071,アミロHC Guard・Yellow,
5072,アミロHS Guard・Yellow,
5073,アミロGS Guard・Yellow,
5074,アミロ Arms・Black,
5075,アミロF Arms・Black,
5076,アミロFZ Arms・Black,
5077,アミロHC Arms・Black,
5078,アミロHS Arms・Black,
5079,アミロGS Arms・Black,
5080,アミロ Guard・Black,
5081,アミロF Guard・Black,
5082,アミロFZ Guard・Black,
5083,アミロHC Guard・Black,
5084,アミロHS Guard・Black,
5085,アミロGS Guard・Black,
5086,Pisces Arms,
5087,Pisces F Arms,
5088,Pisces FZ Arms,
5089,Pisces HC Arms,
5090,Pisces HS Arms,
5091,Pisces GS Arms,
5092,Pisces Guard,
5093,Pisces F Guard,
5094,Pisces FZ Guard,
5095,Pisces HC Guard,
5096,Pisces HS Guard,
5097,Pisces GS Guard,
5098,Azul G Arms,
5099,Azul GF Arms,
5100,Azul GX Arms,
5101,Azul G Guard,
5102,Azul GF Guard,
5103,Azul GX Guard,
5104,Entora G Arms,
5105,Entora GF Arms,
5106,Entora GX Arms,
5107,Entora G Guard,
5108,Entora GF Guard,
5109,Entora GX Guard,
5110,Holy King Arms,
5111,Holy King F Arms,
5112,Holy King FZ Arms,
5113,Holy King HS Arms,
5114,Holy King GS Arms,
5115,Holy King GP Arms,
5116,Holy King Guard,
5117,Holy King F Guard,
5118,Holy King FZ Guard,
5119,Holy King HS Guard,
5120,Holy King GS Guard,
5121,Holy King GP Guard,
5122,Hero King Arms,
5123,Hero King F Arms,
5124,Hero King FZ Arms,
5125,Hero King HS Arms,
5126,Hero King GS Arms,
5127,Hero King GP Arms,
5128,Hero King Guard,
5129,Hero King F Guard,
5130,Hero King FZ Guard,
5131,Hero King HS Guard,
5132,Hero King GS Guard,
5133,Hero King GP Guard,
5134,雷刃 Kote,
5135,雷刃F Kote,
5136,雷刃FZ Kote,
5137,雷刃HS Kote,
5138,雷刃GS Kote,
5139,雷刃GP Kote,
5140,迅雷 Kote,
5141,迅雷F Kote,
5142,迅雷FZ Kote,
5143,迅雷HS Kote,
5144,迅雷GS Kote,
5145,迅雷GP Kote,
5146,Heaven 星腕環,
5147,Heaven 星F腕環,
5148,Heaven 星FZ腕環,
5149,Heaven 星HS腕環,
5150,Heaven 星GS腕環,
5151,Heaven 星GP腕環,
5152,飛燕腕環,
5153,飛燕F腕環,
5154,飛燕FZ腕環,
5155,飛燕HS腕環,
5156,飛燕GS腕環,
5157,飛燕GP腕環,
5158,バット Cuffs,
5159,バットF Cuffs,
5160,バットFZ Cuffs,
5161,バットHS Cuffs,
5162,バットGS Cuffs,
5163,バットGP Cuffs,
5164,Knight Cuffs,
5165,Knight F Cuffs,
5166,Knight FZ Cuffs,
5167,Knight HS Cuffs,
5168,Knight GS Cuffs,
5169,Knight GP Cuffs,
5170,Shell グローヴ,
5171,Shell Fグローヴ,
5172,Shell FZグローヴ,
5173,Shell HSグローヴ,
5174,Shell GSグローヴ,
5175,Shell GPグローヴ,
5176,Vector グローヴ,
5177,Vector Fグローヴ,
5178,Vector FZグローヴ,
5179,Vector HSグローヴ,
5180,Vector GSグローヴ,
5181,Vector GPグローヴ,
5182,サーブル Arms,
5183,サーブルF Arms,
5184,サーブルFZ Arms,
5185,サーブルHS Arms,
5186,サーブルGS Arms,
5187,サーブルGP Arms,
5188,サーブル Guard,
5189,サーブルF Guard,
5190,サーブルFZ Guard,
5191,サーブルHS Guard,
5192,サーブルGS Guard,
5193,サーブルGP Guard,
5194,ルワージュ Arms,
5195,ルワージュF Arms,
5196,ルワージュFZ Arms,
5197,ルワージュHS Arms,
5198,ルワージュGS Arms,
5199,ルワージュGP Arms,
5200,ルワージュ Guard,
5201,ルワージュF Guard,
5202,ルワージュFZ Guard,
5203,ルワージュHS Guard,
5204,ルワージュGS Guard,
5205,ルワージュGP Guard,
5206,ノメル Arms,
5207,ノメルF Arms,
5208,ノメルFZ Arms,
5209,ノメルHS Arms,
5210,ノメルGS Arms,
5211,ノメルGP Arms,
5212,ノメル Guard,
5213,ノメルF Guard,
5214,ノメルFZ Guard,
5215,ノメルHS Guard,
5216,ノメルGS Guard,
5217,ノメルGP Guard,
5218,Hero King Arms BM Gold,
5219,Hero King Arms BM F Gold,
5220,Hero King Arms BM FZ Gold,
5221,Hero King Arms BM HS Gold,
5222,Hero King Arms BM GS Gold,
5223,Hero King Arms BM GP Gold,
5224,Hero King Arms GN Gold,
5225,Hero King Arms GN F Gold,
5226,Hero King Arms GN FZ Gold,
5227,Hero King Arms GN HS Gold,
5228,Hero King Arms GN GS Gold,
5229,Hero King Arms GN GP Gold,
5230,Gorgon Arms・Black,
5231,Gorgon F Arms・Black,
5232,Gorgon FZ Arms・Black,
5233,Gorgon HS Arms・Black,
5234,Gorgon GS Arms・Black,
5235,Gorgon GP Arms・Black,
5236,Gorgon Guard・Black,
5237,Gorgon F Guard・Black,
5238,Gorgon FZ Guard・Black,
5239,Gorgon HS Guard・Black,
5240,Gorgon GS Guard・Black,
5241,Gorgon GP Guard・Black,
5242,Kruss HS Arms,
5243,Kruss GS Arms,
5244,Kruss GP Arms,
5245,Quote HS Guard,
5246,Quote GS Guard,
5247,Quote GP Guard,
5248,Starina HS Arms,
5249,Starina GS Arms,
5250,Starina GP Arms,
5251,Starina HS Guard,
5252,Starina GS Guard,
5253,Starina GP Guard,
5254,Loose HS Arms,
5255,Loose GS Arms,
5256,Loose GP Arms,
5257,Loose HS Guard,
5258,Loose GS Guard,
5259,Loose GP Guard,
5260,Mirado HS Arms,
5261,Mirado GS Arms,
5262,Mirado GP Arms,
5263,Mirado HS Guard,
5264,Mirado GS Guard,
5265,Mirado GP Guard,
5266,Pirata HS Arms,
5267,Pirata GS Arms,
5268,Pirata GP Arms,
5269,Pirata HS Guard,
5270,Pirata GS Guard,
5271,Pirata GP Guard,
5272,Zeroi HS Arms,
5273,Zeroi GS Arms,
5274,Zeroi GP Arms,
5275,Zeroi HS Guard,
5276,Zeroi GS Guard,
5277,Zeroi GP Guard,
5278,Deyuru HS Arms,
5279,Deyuru GS Arms,
5280,Deyuru GP Arms,
5281,Deyuru HS Guard,
5282,Deyuru GS Guard,
5283,Deyuru GP Guard,
5284,Robust HSハトゥー,
5285,Robust GSハトゥー,
5286,Robust GPハトゥー,
5287,Robust HSフィスト,
5288,Robust GSフィスト,
5289,Robust GPフィスト,
5290,花火GS【 Kote 】,
5291,花火GP【 Kote 】,
5292,流星GS【 Kote 】,
5293,流星GP【 Kote 】,
5294,Bunny FZ Arms・Black,
5295,Bunny HS Arms・Black,
5296,Bunny GS Arms・Black,
5297,Bunny GP Arms・Black,
5298,Bunny FZ Arms・White,
5299,Bunny HS Arms・White,
5300,Bunny GS Arms・White,
5301,Bunny GP Arms・White,
5302,Bunny FZ Arms・Red,
5303,Bunny HS Arms・Red,
5304,Bunny GS Arms・Red,
5305,Bunny GP Arms・Red,
5306,Bunny FZ Arms・Purple,
5307,Bunny HS Arms・Purple,
5308,Bunny GS Arms・Purple,
5309,Bunny GP Arms・Purple,
5310,Bunny FZ Guard・Black,
5311,Bunny HS Guard・Black,
5312,Bunny GS Guard・Black,
5313,Bunny GP Guard・Black,
5314,Bunny FZ Guard・White,
5315,Bunny HS Guard・White,
5316,Bunny GS Guard・White,
5317,Bunny GP Guard・White,
5318,Bunny FZ Guard・Red,
5319,Bunny HS Guard・Red,
5320,Bunny GS Guard・Red,
5321,Bunny GP Guard・Red,
5322,Bunny FZ Guard・Purple,
5323,Bunny HS Guard・Purple,
5324,Bunny GS Guard・Purple,
5325,Bunny GP Guard・Purple,
5326,Miku GP Arms,
5327,Miku GP Guard,
5328,Akahara Reisou BM Arms GP Red,
5329,Akahara Reisou・腕:Bow GP Red,
5330,Akahara Reisou BM Arms GP Blue,
5331,Akahara Reisou・腕:Bow GP Blue,
5332,Akahara Reisou BM Arms GP Black,
5333,Akahara Reisou・腕:Bow GP Black,
5334,Akahara Reisou BM Arms GP White,
5335,Akahara Reisou・腕:Bow GP White,
5336,Knight King Arms BM GP Blue,
5337,騎士王の Kote:Bow GP Blue,
5338,Knight King Arms BM GP Red,
5339,騎士王の Kote:Bow GP Red,
5340,Knight King Arms BM GP Black,
5341,騎士王の Kote:Bow GP Black,
5342,Knight King Arms BM GP White,
5343,騎士王の Kote:Bow GP White,
5344,Green 竜ノ具足GP【 Kote 】,
5345,Green 竜ノ Haori GP【 Kote 】,
5346,Red 備ノ具足GP【 Kote 】,
5347,Red 備ノ Haori GP【 Kote 】,
5348,Real GP Arms・White,
5349,Real GP Arms・Gold,
5350,Real GP Arms・Blue,
5351,Real GP Arms・Red,
5352,Real GP Guard・White,
5353,Real GP Guard・Gold,
5354,Real GP Guard・Blue,
5355,Real GP Guard・Red,
5356,Regelia GP Arms・White,
5357,Regelia GP Arms・Red,
5358,Regelia GP Arms・Green,
5359,Regelia GP Arms・Blue,
5360,Regelia GP Guard・White,
5361,Regelia GP Guard・Red,
5362,Regelia GP Guard・Green,
5363,Regelia GP Guard・Blue,
5364,Edio GP Arms・Blue,
5365,Edio GP Arms・Red,
5366,Edio GP Arms・Yellow,
5367,Edio GP Arms・Black,
5368,Edio GP Guard・Blue,
5369,Edio GP Guard・Red,
5370,Edio GP Guard・Yellow,
5371,Edio GP Guard・Black,
5372,Rast GS Arms・Black,
5373,Rast GP Arms・Black,
5374,Rast GS Guard・Black,
5375,Rast GP Guard・Black,
5376,Rast GS Arms・Blue,
5377,Rast GP Arms・Blue,
5378,Rast GS Guard・Blue,
5379,Rast GP Guard・Blue,
5380,Rast GS Arms・Crimson,
5381,Rast GP Arms・Crimson,
5382,Rast GS Guard・Crimson,
5383,Rast GP Guard・Crimson,
5384,Rast GS Arms・White,
5385,Rast GP Arms・White,
5386,Rast GS Guard・White,
5387,Rast GP Guard・White,
5388,Ciel FZ Gauntlets,
5389,Ciel HS Gauntlets,
5390,Ciel GS Gauntlets,
5391,Ciel GP Gauntlets,
5392,Omet HS Arms・Black,
5393,Omet GS Arms・Black,
5394,Omet GP Arms・Black,
5395,Omet HS Guard・Black,
5396,Omet GS Guard・Black,
5397,Omet GP Guard・Black,
5398,Omet HS Arms・Red,
5399,Omet GS Arms・Red,
5400,Omet GP Arms・Red,
5401,Omet HS Guard・Red,
5402,Omet GS Guard・Red,
5403,Omet GP Guard・Red,
5404,Omet HS Arms・White,
5405,Omet GS Arms・White,
5406,Omet GP Arms・White,
5407,Omet HS Guard・White,
5408,Omet GS Guard・White,
5409,Omet GP Guard・White,
5410,Omet HS Arms・Blue,
5411,Omet GS Arms・Blue,
5412,Omet GP Arms・Blue,
5413,Omet HS Guard・Blue,
5414,Omet GS Guard・Blue,
5415,Omet GP Guard・Blue,
5416,Gold FZ Arms・Red,
5417,Gold HS Arms・Red,
5418,Gold GS Arms・Red,
5419,Gold GP Arms・Red,
5420,Gold FZ Arms・Blue,
5421,Gold HS Arms・Blue,
5422,Gold GS Arms・Blue,
5423,Gold GP Arms・Blue,
5424,Gold FZ Arms・Yellow,
5425,Gold HS Arms・Yellow,
5426,Gold GS Arms・Yellow,
5427,Gold GP Arms・Yellow,
5428,Gold FZ Arms・Purple,
5429,Gold HS Arms・Purple,
5430,Gold GS Arms・Purple,
5431,Gold GP Arms・Purple,
5432,Gold FZ Guard・Red,
5433,Gold HS Guard・Red,
5434,Gold GS Guard・Red,
5435,Gold GP Guard・Red,
5436,Gold FZ Guard・Blue,
5437,Gold HS Guard・Blue,
5438,Gold GS Guard・Blue,
5439,Gold GP Guard・Blue,
5440,Gold FZ Guard・Yellow,
5441,Gold HS Guard・Yellow,
5442,Gold GS Guard・Yellow,
5443,Gold GP Guard・Yellow,
5444,Gold FZ Guard・Purple,
5445,Gold HS Guard・Purple,
5446,Gold GS Guard・Purple,
5447,Gold GP Guard・Purple,
5448,Shaln HS Arms・Blue,
5449,Shaln GS Arms・Blue,
5450,Shaln GP Arms・Blue,
5451,Shaln HS Arms・Green,
5452,Shaln GS Arms・Green,
5453,Shaln GP Arms・Green,
5454,Shaln HS Arms・Purple,
5455,Shaln GS Arms・Purple,
5456,Shaln GP Arms・Purple,
5457,Shaln HS Arms・White,
5458,Shaln GS Arms・White,
5459,Shaln GP Arms・White,
5460,Shaln HS Guard・Blue,
5461,Shaln GS Guard・Blue,
5462,Shaln GP Guard・Blue,
5463,Shaln HS Guard・Green,
5464,Shaln GS Guard・Green,
5465,Shaln GP Guard・Green,
5466,Shaln HS Guard・Purple,
5467,Shaln GS Guard・Purple,
5468,Shaln GP Guard・Purple,
5469,Shaln HS Guard・White,
5470,Shaln GS Guard・White,
5471,Shaln GP Guard・White,
5472,Aristo FZ Arms・Blue,
5473,Aristo HS Arms・Blue,
5474,Aristo GS Arms・Blue,
5475,Aristo GP Arms・Blue,
5476,Aristo FZ Arms・White,
5477,Aristo HS Arms・White,
5478,Aristo GS Arms・White,
5479,Aristo GP Arms・White,
5480,Aristo FZ Arms・Purple,
5481,Aristo HS Arms・Purple,
5482,Aristo GS Arms・Purple,
5483,Aristo GP Arms・Purple,
5484,Aristo FZ Arms・Red,
5485,Aristo HS Arms・Red,
5486,Aristo GS Arms・Red,
5487,Aristo GP Arms・Red,
5488,Aristo FZ Guard・Blue,
5489,Aristo HS Guard・Blue,
5490,Aristo GS Guard・Blue,
5491,Aristo GP Guard・Blue,
5492,Aristo FZ Guard・White,
5493,Aristo HS Guard・White,
5494,Aristo GS Guard・White,
5495,Aristo GP Guard・White,
5496,Aristo FZ Guard・Purple,
5497,Aristo HS Guard・Purple,
5498,Aristo GS Guard・Purple,
5499,Aristo GP Guard・Purple,
5500,Aristo FZ Guard・Red,
5501,Aristo HS Guard・Red,
5502,Aristo GS Guard・Red,
5503,Aristo GP Guard・Red,
5504,Magisa FZ Arms・Red,
5505,Magisa HS Arms・Red,
5506,Magisa GS Arms・Red,
5507,Magisa GP Arms・Red,
5508,Magisa FZ Arms・Black,
5509,Magisa HS Arms・Black,
5510,Magisa GS Arms・Black,
5511,Magisa GP Arms・Black,
5512,Magisa FZ Arms・Green,
5513,Magisa HS Arms・Green,
5514,Magisa GS Arms・Green,
5515,Magisa GP Arms・Green,
5516,Magisa FZ Arms・White,
5517,Magisa HS Arms・White,
5518,Magisa GS Arms・White,
5519,Magisa GP Arms・White,
5520,Wizard FZ Guard・Red,
5521,Wizard HS Guard・Red,
5522,Wizard GS Guard・Red,
5523,Wizard GP Guard・Red,
5524,Wizard FZ Guard・Black,
5525,Wizard HS Guard・Black,
5526,Wizard GS Guard・Black,
5527,Wizard GP Guard・Black,
5528,Wizard FZ Guard・Green,
5529,Wizard HS Guard・Green,
5530,Wizard GS Guard・Green,
5531,Wizard GP Guard・Green,
5532,Wizard FZ Guard・White,
5533,Wizard HS Guard・White,
5534,Wizard GS Guard・White,
5535,Wizard GP Guard・White,
5536,抜胴GS【 Kote 】,
5537,抜胴GP【 Kote 】,
5538,長根GS【 Kote 】,
5539,長根GP【 Kote 】,
5540,Hero King Arms BM Black,
5541,Hero King Arms BM F Black,
5542,Hero King Arms BM FZ Black,
5543,Hero King Arms BM HS Black,
5544,Hero King Arms BM GS Black,
5545,Hero King Arms BM GP Black,
5546,Hero King Arms GN Black,
5547,Hero King Arms GN F Black,
5548,Hero King Arms GN FZ Black,
5549,Hero King Arms GN HS Black,
5550,Hero King Arms GN GS Black,
5551,Hero King Arms GN GP Black,
5552,Gorgon Arms・Blue,
5553,Gorgon F Arms・Blue,
5554,Gorgon FZ Arms・Blue,
5555,Gorgon HS Arms・Blue,
5556,Gorgon GS Arms・Blue,
5557,Gorgon GP Arms・Blue,
5558,Gorgon Guard・Blue,
5559,Gorgon F Guard・Blue,
5560,Gorgon FZ Guard・Blue,
5561,Gorgon HS Guard・Blue,
5562,Gorgon GS Guard・Blue,
5563,Gorgon GP Guard・Blue,
5564,Hero King Arms BM White,
5565,Hero King Arms BM F White,
5566,Hero King Arms BM FZ White,
5567,Hero King Arms BM HS White,
5568,Hero King Arms BM GS White,
5569,Hero King Arms BM GP White,
5570,Hero King Arms GN White,
5571,Hero King Arms GN F White,
5572,Hero King Arms GN FZ White,
5573,Hero King Arms GN HS White,
5574,Hero King Arms GN GS White,
5575,Hero King Arms GN GP White,
5576,Gorgon Arms・White,
5577,Gorgon F Arms・White,
5578,Gorgon FZ Arms・White,
5579,Gorgon HS Arms・White,
5580,Gorgon GS Arms・White,
5581,Gorgon GP Arms・White,
5582,Gorgon Guard・White,
5583,Gorgon F Guard・White,
5584,Gorgon FZ Guard・White,
5585,Gorgon HS Guard・White,
5586,Gorgon GS Guard・White,
5587,Gorgon GP Guard・White,
5588,Hero King Arms BM Red,
5589,Hero King Arms BM F Red,
5590,Hero King Arms BM FZ Red,
5591,Hero King Arms BM HS Red,
5592,Hero King Arms BM GS Red,
5593,Hero King Arms BM GP Red,
5594,Hero King Arms GN Red,
5595,Hero King Arms GN F Red,
5596,Hero King Arms GN FZ Red,
5597,Hero King Arms GN HS Red,
5598,Hero King Arms GN GS Red,
5599,Hero King Arms GN GP Red,
5600,Gorgon Arms・Red,
5601,Gorgon F Arms・Red,
5602,Gorgon FZ Arms・Red,
5603,Gorgon HS Arms・Red,
5604,Gorgon GS Arms・Red,
5605,Gorgon GP Arms・Red,
5606,Gorgon Guard・Red,
5607,Gorgon F Guard・Red,
5608,Gorgon FZ Guard・Red,
5609,Gorgon HS Guard・Red,
5610,Gorgon GS Guard・Red,
5611,Gorgon GP Guard・Red,
5612,Meraginasu Arms,
5613,Meraginasu F Arms,
5614,Meraginasu FX Arms,
5615,Meraginasu G Arms,
5616,Meraginasu GF Arms,
5617,Meraginasu Guard,
5618,Meraginasu F Guard,
5619,Meraginasu FX Guard,
5620,Meraginasu G Guard,
5621,Meraginasu GF Guard,
5622,Stroma GF Arms,
5623,Stroma GF Guard,
5624,エミットGF Arms,
5625,エミットGF Guard,
5626,Blitz GF Arms,
5627,Blitz GFグローブ,
5628,Wadatsumi GF [Sleeves 】,
5629,Okami GF [Sleeves 】,
5630,Diboa GF Arms,
5631,Diboa GF Guard,
5632,若 Crimson 葉【 Kote 】,
5633,若 Crimson 葉F【 Kote 】,
5634,若 Crimson 葉FY【 Kote 】,
5635,若 Crimson 葉HS【 Kote 】,
5636,若 Crimson 葉G【 Kote 】,
5637,若 Crimson 葉GF【 Kote 】,
5638,若 Crimson 葉GX【 Kote 】,
5639,翡戸隠【 Kote 】,
5640,翡戸隠F【 Kote 】,
5641,翡戸隠FY【 Kote 】,
5642,翡戸隠HS【 Kote 】,
5643,翡戸隠G【 Kote 】,
5644,翡戸隠GF【 Kote 】,
5645,翡戸隠GX【 Kote 】,
5646,Blize Arms,
5647,Blize F Arms,
5648,Blize FY Arms,
5649,Blize HS Arms,
5650,Blize G Arms,
5651,Blize GF Arms,
5652,Blize GX Arms,
5653,Blize Guard,
5654,Blize F Guard,
5655,Blize FY Guard,
5656,Blize HS Guard,
5657,Blize G Guard,
5658,Blize GF Guard,
5659,Blize GX Guard,
5660,Mixes FY Arms,
5661,Mixes HS Arms,
5662,Mixes G Arms,
5663,Mixes GF Arms,
5664,Mixes GX Arms,
5665,Mixes FY Guard,
5666,Mixes HS Guard,
5667,Mixes G Guard,
5668,Mixes GF Guard,
5669,Mixes GX Guard,
5670,Zyra Arms・Green,
5671,Zyra F Arms・Green,
5672,Zyra FZ Arms・Green,
5673,Zyra HS Arms・Green,
5674,Zyra GS Arms・Green,
5675,Zyra GP Arms・Green,
5676,Zyra Guard・Green,
5677,Zyra F Guard・Green,
5678,Zyra FZ Guard・Green,
5679,Zyra HS Guard・Green,
5680,Zyra GS Guard・Green,
5681,Zyra GP Guard・Green,
5682,Zyra Arms・Water,
5683,Zyra F Arms・Water,
5684,Zyra FZ Arms・Water,
5685,Zyra HS Arms・Water,
5686,Zyra GS Arms・Water,
5687,Zyra GP Arms・Water,
5688,Zyra Guard・Water,
5689,Zyra F Guard・Water,
5690,Zyra FZ Guard・Water,
5691,Zyra HS Guard・Water,
5692,Zyra GS Guard・Water,
5693,Zyra GP Guard・Water,
5694,Zyra Arms・Red,
5695,Zyra F Arms・Red,
5696,Zyra FZ Arms・Red,
5697,Zyra HS Arms・Red,
5698,Zyra GS Arms・Red,
5699,Zyra GP Arms・Red,
5700,Zyra Guard・Red,
5701,Zyra F Guard・Red,
5702,Zyra FZ Guard・Red,
5703,Zyra HS Guard・Red,
5704,Zyra GS Guard・Red,
5705,Zyra GP Guard・Red,
5706,Zyra Arms・Blue,
5707,Zyra F Arms・Blue,
5708,Zyra FZ Arms・Blue,
5709,Zyra HS Arms・Blue,
5710,Zyra GS Arms・Blue,
5711,Zyra GP Arms・Blue,
5712,Zyra Guard・Blue,
5713,Zyra F Guard・Blue,
5714,Zyra FZ Guard・Blue,
5715,Zyra HS Guard・Blue,
5716,Zyra GS Guard・Blue,
5717,Zyra GP Guard・Blue,
5718,Carrol Arms・Black,
5719,Carrol F Arms・Black,
5720,Carrol FZ Arms・Black,
5721,Carrol HS Arms・Black,
5722,Carrol GS Arms・Black,
5723,Carrol GP Arms・Black,
5724,Carrol Guard・Black,
5725,Carrol F Guard・Black,
5726,Carrol FZ Guard・Black,
5727,Carrol HS Guard・Black,
5728,Carrol GS Guard・Black,
5729,Carrol GP Guard・Black,
5730,Carrol Arms・Blue,
5731,Carrol F Arms・Blue,
5732,Carrol FZ Arms・Blue,
5733,Carrol HS Arms・Blue,
5734,Carrol GS Arms・Blue,
5735,Carrol GP Arms・Blue,
5736,Carrol Guard・Blue,
5737,Carrol F Guard・Blue,
5738,Carrol FZ Guard・Blue,
5739,Carrol HS Guard・Blue,
5740,Carrol GS Guard・Blue,
5741,Carrol GP Guard・Blue,
5742,Carrol Arms・White,
5743,Carrol F Arms・White,
5744,Carrol FZ Arms・White,
5745,Carrol HS Arms・White,
5746,Carrol GS Arms・White,
5747,Carrol GP Arms・White,
5748,Carrol Guard・White,
5749,Carrol F Guard・White,
5750,Carrol FZ Guard・White,
5751,Carrol HS Guard・White,
5752,Carrol GS Guard・White,
5753,Carrol GP Guard・White,
5754,Carrol Arms・Red,
5755,Carrol F Arms・Red,
5756,Carrol FZ Arms・Red,
5757,Carrol HS Arms・Red,
5758,Carrol GS Arms・Red,
5759,Carrol GP Arms・Red,
5760,Carrol Guard・Red,
5761,Carrol F Guard・Red,
5762,Carrol FZ Guard・Red,
5763,Carrol HS Guard・Red,
5764,Carrol GS Guard・Red,
5765,Carrol GP Guard・Red,
5766,Serena Arms・Purple,
5767,Serena F Arms・Purple,
5768,Serena FZ Arms・Purple,
5769,Serena HS Arms・Purple,
5770,Serena GS Arms・Purple,
5771,Serena GP Arms・Purple,
5772,Serena Guard・Purple,
5773,Serena F Guard・Purple,
5774,Serena FZ Guard・Purple,
5775,Serena HS Guard・Purple,
5776,Serena GS Guard・Purple,
5777,Serena GP Guard・Purple,
5778,Serena Arms・Blue,
5779,Serena F Arms・Blue,
5780,Serena FZ Arms・Blue,
5781,Serena HS Arms・Blue,
5782,Serena GS Arms・Blue,
5783,Serena GP Arms・Blue,
5784,Serena Guard・Blue,
5785,Serena F Guard・Blue,
5786,Serena FZ Guard・Blue,
5787,Serena HS Guard・Blue,
5788,Serena GS Guard・Blue,
5789,Serena GP Guard・Blue,
5790,Serena Arms・White,
5791,Serena F Arms・White,
5792,Serena FZ Arms・White,
5793,Serena HS Arms・White,
5794,Serena GS Arms・White,
5795,Serena GP Arms・White,
5796,Serena Guard・White,
5797,Serena F Guard・White,
5798,Serena FZ Guard・White,
5799,Serena HS Guard・White,
5800,Serena GS Guard・White,
5801,Serena GP Guard・White,
5802,Serena Arms・Red,
5803,Serena F Arms・Red,
5804,Serena FZ Arms・Red,
5805,Serena HS Arms・Red,
5806,Serena GS Arms・Red,
5807,Serena GP Arms・Red,
5808,Serena Guard・Red,
5809,Serena F Guard・Red,
5810,Serena FZ Guard・Red,
5811,Serena HS Guard・Red,
5812,Serena GS Guard・Red,
5813,Serena GP Guard・Red,
5814,Nimbus Arms,
5815,Nimbus F Arms,
5816,Nimbus FZ Arms,
5817,Nimbus HS Arms,
5818,Nimbus GS Arms,
5819,Nimbus GP Arms,
5820,Nimbus Guard,
5821,Nimbus F Guard,
5822,Nimbus FZ Guard,
5823,Nimbus HS Guard,
5824,Nimbus GS Guard,
5825,Nimbus GP Guard,
5826,Ex FZ Arms・White,
5827,Ex HS Arms・White,
5828,Ex GS Arms・White,
5829,Ex GP Arms・White,
5830,Ex FZ Guard・White,
5831,Ex HS Guard・White,
5832,Ex GS Guard・White,
5833,Ex GP Guard・White,
5834,Ex FZ Arms・Red,
5835,Ex HS Arms・Red,
5836,Ex GS Arms・Red,
5837,Ex GP Arms・Red,
5838,Ex FZ Guard・Red,
5839,Ex HS Guard・Red,
5840,Ex GS Guard・Red,
5841,Ex GP Guard・Red,
5842,Ex FZ Arms・Blue,
5843,Ex HS Arms・Blue,
5844,Ex GS Arms・Blue,
5845,Ex GP Arms・Blue,
5846,Ex FZ Guard・Blue,
5847,Ex HS Guard・Blue,
5848,Ex GS Guard・Blue,
5849,Ex GP Guard・Blue,
5850,Ex FZ Arms・Black,
5851,Ex HS Arms・Black,
5852,Ex GS Arms・Black,
5853,Ex GP Arms・Black,
5854,Ex FZ Guard・Black,
5855,Ex HS Guard・Black,
5856,Ex GS Guard・Black,
5857,Ex GP Guard・Black,
5858,Gold Cat FZ Arms,
5859,Gold Cat HS Arms,
5860,Gold Cat GS Arms,
5861,Gold Cat GP Arms,
5862,Gold Cat FZ Guard,
5863,Gold Cat HS Guard,
5864,Gold Cat GS Guard,
5865,Gold Cat GP Guard,
5866,Silver Cat FZ Arms,
5867,Silver Cat HS Arms,
5868,Silver Cat GS Arms,
5869,Silver Cat GP Arms,
5870,Silver Cat FZ Guard,
5871,Silver Cat HS Guard,
5872,Silver Cat GS Guard,
5873,Silver Cat GP Guard,
5874,Claire FZ Arms・Purple,
5875,Claire HS Arms・Purple,
5876,Claire GS Arms・Purple,
5877,Claire GP Arms・Purple,
5878,Claire FZ Guard・Purple,
5879,Claire HS Guard・Purple,
5880,Claire GS Guard・Purple,
5881,Claire GP Guard・Purple,
5882,Claire FZ Arms・Water,
5883,Claire HS Arms・Water,
5884,Claire GS Arms・Water,
5885,Claire GP Arms・Water,
5886,Claire FZ Guard・Water,
5887,Claire HS Guard・Water,
5888,Claire GS Guard・Water,
5889,Claire GP Guard・Water,
5890,Claire FZ Arms・Red,
5891,Claire HS Arms・Red,
5892,Claire GS Arms・Red,
5893,Claire GP Arms・Red,
5894,Claire FZ Guard・Red,
5895,Claire HS Guard・Red,
5896,Claire GS Guard・Red,
5897,Claire GP Guard・Red,
5898,Claire FZ Arms・Black,
5899,Claire HS Arms・Black,
5900,Claire GS Arms・Black,
5901,Claire GP Arms・Black,
5902,Claire FZ Guard・Black,
5903,Claire HS Guard・Black,
5904,Claire GS Guard・Black,
5905,Claire GP Guard・Black,
5906,Text HS Arms・Purple,
5907,Text GS Arms・Purple,
5908,Text GP Arms・Purple,
5909,Text HS Guard・Purple,
5910,Text GS Guard・Purple,
5911,Text GP Guard・Purple,
5912,Text HS Arms・Green,
5913,Text GS Arms・Green,
5914,Text GP Arms・Green,
5915,Text HS Guard・Green,
5916,Text GS Guard・Green,
5917,Text GP Guard・Green,
5918,Text HS Arms・Blue,
5919,Text GS Arms・Blue,
5920,Text GP Arms・Blue,
5921,Text HS Guard・Blue,
5922,Text GS Guard・Blue,
5923,Text GP Guard・Blue,
5924,Text HS Arms・Black,
5925,Text GS Arms・Black,
5926,Text GP Arms・Black,
5927,Text HS Guard・Black,
5928,Text GS Guard・Black,
5929,Text GP Guard・Black,
5930,Cultu HS Arms・Ash,
5931,Cultu GS Arms・Ash,
5932,Cultu GP Arms・Ash,
5933,Cultu HS Guard・Ash,
5934,Cultu GS Guard・Ash,
5935,Cultu GP Guard・Ash,
5936,Cultu HS Arms・Blue,
5937,Cultu GS Arms・Blue,
5938,Cultu GP Arms・Blue,
5939,Cultu HS Guard・Blue,
5940,Cultu GS Guard・Blue,
5941,Cultu GP Guard・Blue,
5942,Cultu HS Arms・Orange,
5943,Cultu GS Arms・Orange,
5944,Cultu GP Arms・Orange,
5945,Cultu HS Guard・Orange,
5946,Cultu GS Guard・Orange,
5947,Cultu GP Guard・Orange,
5948,Cultu HS Arms・Green,
5949,Cultu GS Arms・Green,
5950,Cultu GP Arms・Green,
5951,Cultu HS Guard・Green,
5952,Cultu GS Guard・Green,
5953,Cultu GP Guard・Green,
5954,Arma FZ Arms・Black,
5955,Arma HS Arms・Black,
5956,Arma GS Arms・Black,
5957,Arma GP Arms・Black,
5958,Arma FZ Guard・Black,
5959,Arma HS Guard・Black,
5960,Arma GS Guard・Black,
5961,Arma GP Guard・Black,
5962,Arma FZ Arms・White,
5963,Arma HS Arms・White,
5964,Arma GS Arms・White,
5965,Arma GP Arms・White,
5966,Arma FZ Guard・White,
5967,Arma HS Guard・White,
5968,Arma GS Guard・White,
5969,Arma GP Guard・White,
5970,Arma FZ Arms・Blue,
5971,Arma HS Arms・Blue,
5972,Arma GS Arms・Blue,
5973,Arma GP Arms・Blue,
5974,Arma FZ Guard・Blue,
5975,Arma HS Guard・Blue,
5976,Arma GS Guard・Blue,
5977,Arma GP Guard・Blue,
5978,Arma FZ Arms・Tea,
5979,Arma HS Arms・Tea,
5980,Arma GS Arms・Tea,
5981,Arma GP Arms・Tea,
5982,Arma FZ Guard・Tea,
5983,Arma HS Guard・Tea,
5984,Arma GS Guard・Tea,
5985,Arma GP Guard・Tea,
5986,Siena HS Arms・Silver,
5987,Siena GS Arms・Silver,
5988,Siena GP Arms・Silver,
5989,Siena HS Guard・Silver,
5990,Siena GS Guard・Silver,
5991,Siena GP Guard・Silver,
5992,Siena HS Arms・Black,
5993,Siena GS Arms・Black,
5994,Siena GP Arms・Black,
5995,Siena HS Guard・Black,
5996,Siena GS Guard・Black,
5997,Siena GP Guard・Black,
5998,Siena HS Arms・Red,
5999,Siena GS Arms・Red,
6000,Siena GP Arms・Red,
6001,Siena HS Guard・Red,
6002,Siena GS Guard・Red,
6003,Siena GP Guard・Red,
6004,Siena HS Arms・Blue,
6005,Siena GS Arms・Blue,
6006,Siena GP Arms・Blue,
6007,Siena HS Guard・Blue,
6008,Siena GS Guard・Blue,
6009,Siena GP Guard・Blue,
6010,Cloth GS Arms・Red,
6011,Cloth GP Arms・Red,
6012,Cloth GS Guard・Red,
6013,Cloth GP Guard・Red,
6014,Cloth GS Arms・Blue,
6015,Cloth GP Arms・Blue,
6016,Cloth GS Guard・Blue,
6017,Cloth GP Guard・Blue,
6018,Cloth GS Arms・Purple,
6019,Cloth GP Arms・Purple,
6020,Cloth GS Guard・Purple,
6021,Cloth GP Guard・Purple,
6022,Cloth GS Arms・Green,
6023,Cloth GP Arms・Green,
6024,Cloth GS Guard・Green,
6025,Cloth GP Guard・Green,
6026,Maisto FZ Arms・Crimson,
6027,Maisto HS Arms・Crimson,
6028,Maisto GS Arms・Crimson,
6029,Maisto GP Arms・Crimson,
6030,Maisto FZ Guard・Crimson,
6031,Maisto HS Guard・Crimson,
6032,Maisto GS Guard・Crimson,
6033,Maisto GP Guard・Crimson,
6034,Maisto FZ Arms・Green,
6035,Maisto HS Arms・Green,
6036,Maisto GS Arms・Green,
6037,Maisto GP Arms・Green,
6038,Maisto FZ Guard・Green,
6039,Maisto HS Guard・Green,
6040,Maisto GS Guard・Green,
6041,Maisto GP Guard・Green,
6042,Maisto FZ Arms・Green,
6043,Maisto HS Arms・Green,
6044,Maisto GS Arms・Green,
6045,Maisto GP Arms・Green,
6046,Maisto FZ Guard・Green,
6047,Maisto HS Guard・Green,
6048,Maisto GS Guard・Green,
6049,Maisto GP Guard・Green,
6050,Maisto FZ Arms・Pink,
6051,Maisto HS Arms・Pink,
6052,Maisto GS Arms・Pink,
6053,Maisto GP Arms・Pink,
6054,Maisto FZ Guard・Pink,
6055,Maisto HS Guard・Pink,
6056,Maisto GS Guard・Pink,
6057,Maisto GP Guard・Pink,
6058,Cayssis HS Arms Water,
6059,Cayssis GS Arms Water,
6060,Cayssis GP Arms Water,
6061,Cayssis HS Guard Water,
6062,Cayssis GS Guard Water,
6063,Cayssis GP Guard Water,
6064,Cayssis HS Arms Red,
6065,Cayssis GS Arms Red,
6066,Cayssis GP Arms Red,
6067,Cayssis HS Guard Red,
6068,Cayssis GS Guard Red,
6069,Cayssis GP Guard Red,
6070,Cayssis HS Arms Blue,
6071,Cayssis GS Arms Blue,
6072,Cayssis GP Arms Blue,
6073,Cayssis HS Guard Blue,
6074,Cayssis GS Guard Blue,
6075,Cayssis GP Guard Blue,
6076,Cayssis HS Arms Orange,
6077,Cayssis GS Arms Orange,
6078,Cayssis GP Arms Orange,
6079,Cayssis HS Guard Orange,
6080,Cayssis GS Guard Orange,
6081,Cayssis GP Guard Orange,
6082,Pandeum HS Arms,
6083,Pandeum GS Arms,
6084,Pandeum GP Arms,
6085,Pandeum HS Guard,
6086,Pandeum GS Guard,
6087,Pandeum GP Guard,
6088,Dian HS Arms,
6089,Dian GS Arms,
6090,Dian GP Arms,
6091,Dian HS Guard,
6092,Dian GS Guard,
6093,Dian GP Guard,
6094,Wild HS Arms,
6095,Wild GS Arms,
6096,Wild GP Arms,
6097,Wild HS Guard,
6098,Wild GS Guard,
6099,Wild GP Guard,
6100,Flower HS Arms,
6101,Flower GS Arms,
6102,Flower GP Arms,
6103,Flower HS Guard,
6104,Flower GS Guard,
6105,Flower GP Guard,
6106,Tune HS Arms,
6107,Tune GS Arms,
6108,Tune GP Arms,
6109,Schnite HS Guard,
6110,Schnite GS Guard,
6111,Schnite GP Guard,
6112,Dicto HS Arms,
6113,Dicto GS Arms,
6114,Dicto GP Arms,
6115,Diletto HS Guard,
6116,Diletto GS Guard,
6117,Diletto GP Guard,
6118,Cubie HS Arms,
6119,Cubie GS Arms,
6120,Cubie GP Arms,
6121,Cubie HS Guard,
6122,Cubie GS Guard,
6123,Cubie GP Guard,
6124,Kemor HS Arms,
6125,Kemor GS Arms,
6126,Kemor GP Arms,
6127,Kemor HS Guard,
6128,Kemor GS Guard,
6129,Kemor GP Guard,
6130,Suriito GP Arms・Yellow,
6131,Suriito GP Guard・Yellow,
6132,Suriito GP Arms・Silver,
6133,Suriito GP Guard・Silver,
6134,Suriito GP Arms・Red,
6135,Suriito GP Guard・Red,
6136,Suriito GP Arms・Blue,
6137,Suriito GP Guard・Blue,
6138,Galitos GP Arms・Tea,
6139,Galitos GP Guard・Tea,
6140,Galitos GP Arms・Red,
6141,Galitos GP Guard・Red,
6142,Galitos GP Arms・Black,
6143,Galitos GP Guard・Black,
6144,Galitos GP Arms・Water,
6145,Galitos GP Guard・Water,
6146,Lien GP Arms・Blue,
6147,Lien GP Guard・Blue,
6148,Lien GP Arms・Red,
6149,Lien GP Guard・Red,
6150,Lien GP Arms・Black,
6151,Lien GP Guard・Black,
6152,Lien GP Arms・White,
6153,Lien GP Guard・White,
6154,Melety GP Arms・White,
6155,Melety GP Guard・White,
6156,Melety GP Arms・Red,
6157,Melety GP Guard・Red,
6158,Melety GP Arms・Blue,
6159,Melety GP Guard・Blue,
6160,Melety GP Arms・Black,
6161,Melety GP Guard・Black,
6162,Steno GP Arms・Orange,
6163,Steno GP Guard・Orange,
6164,Steno GP Arms・Peach,
6165,Steno GP Guard・Peach,
6166,Steno GP Arms・Blue,
6167,Steno GP Guard・Blue,
6168,Steno GP Arms・Red,
6169,Steno GP Guard・Red,
6170,Star Festival GP Gauntlets [Red 】,
6171,Tanabata GP Gauntlets [Red 】,
6172,Star Festival GP Gauntlets [Blue 】,
6173,Tanabata GP Gauntlets [Blue 】,
6174,Star Festival GP Gauntlets [Black 】,
6175,Tanabata GP Gauntlets [Black 】,
6176,Star Festival GP Gauntlets [White 】,
6177,Tanabata GP Gauntlets [White 】,
6178,ダミー,
6179,ダミー,
6180,ダミー,
6181,ダミー,
6182,ダミー,
6183,ダミー,
6184,Historia Arms,
6185,Historia F Arms,
6186,Historia FZ Arms,
6187,Historia HS Arms,
6188,Historia GS Arms,
6189,Historia GP Arms,
6190,Historia Guard,
6191,Historia F Guard,
6192,Historia FZ Guard,
6193,Historia HS Guard,
6194,Historia GS Guard,
6195,Historia GP Guard,
6196,Furoru Arms,
6197,Furoru F Arms,
6198,Furoru FX Arms,
6199,Furoru G Arms,
6200,Furoru GF Arms,
6201,Furoru Guard,
6202,Furoru F Guard,
6203,Furoru FX Guard,
6204,Furoru G Guard,
6205,Furoru GF Guard,
6206,Franky G Arms,
6207,Franky GF Arms,
6208,Franky GX Arms,
6209,Franky G Guard,
6210,Franky GF Guard,
6211,Franky GX Guard,
6212,Diore Arms,
6213,Diore F Arms,
6214,Diore FX Arms,
6215,Diore G Arms,
6216,Diore GF Arms,
6217,Diore Guard,
6218,Diore F Guard,
6219,Diore FX Guard,
6220,Diore G Guard,
6221,Diore GF Guard,
6222,Kagura G【 Kote 】,
6223,Kagura GF【 Kote 】,
6224,Kagura GX【 Kote 】,
6225,Kamiza G【 Kote 】,
6226,Kamiza GF【 Kote 】,
6227,Kamiza GX【 Kote 】,
6228,Jebia G Arms,
6229,Jebia GF Arms,
6230,Jebia GX Arms,
6231,Jebia G Guard,
6232,Jebia GF Guard,
6233,Jebia GX Guard,
6234,Sol G Arms,
6235,Sol GF Arms,
6236,Sol GX Arms,
6237,Sol G Guard,
6238,Sol GF Guard,
6239,Sol GX Guard,
6240,Vulcan Gクロウ,
6241,Vulcan GFクロウ,
6242,Vulcan GXクロウ,
6243,Vulcan Gフィスト,
6244,Vulcan GFフィスト,
6245,Vulcan GXフィスト,
6246,Algol GF Arms,
6247,Algol GF Guard,
6248,Odiva GF Arms,
6249,Odiva GF Guard,
6250,Byakko・Kensei GX Arms,
6251,Suzaku・Kensei GX Arms,
6252,Genbu・Kensei GX Arms,
6253,Seiryu・Kensei GX Arms,
6254,Byakko・双龍GX Arms,
6255,Suzaku・双龍GX Arms,
6256,Genbu・双龍GX Arms,
6257,Seiryu・双龍GX Arms,
6258,Byakko・剣王GX Arms,
6259,Suzaku・剣王GX Arms,
6260,Genbu・剣王GX Arms,
6261,Seiryu・剣王GX Arms,
6262,Byakko・刀神GX Arms,
6263,Suzaku・刀神GX Arms,
6264,Genbu・刀神GX Arms,
6265,Seiryu・刀神GX Arms,
6266,Byakko・Heaven 槍GX Arms,
6267,Suzaku・Heaven 槍GX Arms,
6268,Genbu・Heaven 槍GX Arms,
6269,Seiryu・Heaven 槍GX Arms,
6270,Byakko・砲皇GX Arms,
6271,Suzaku・砲皇GX Arms,
6272,Genbu・砲皇GX Arms,
6273,Seiryu・砲皇GX Arms,
6274,Byakko・鈍器獣GX Arms,
6275,Suzaku・鈍器獣GX Arms,
6276,Genbu・鈍器獣GX Arms,
6277,Seiryu・鈍器獣GX Arms,
6278,Byakko・奏帝GX Arms,
6279,Suzaku・奏帝GX Arms,
6280,Genbu・奏帝GX Arms,
6281,Seiryu・奏帝GX Arms,
6282,Byakko・銃傑GX Guard,
6283,Suzaku・銃傑GX Guard,
6284,Genbu・銃傑GX Guard,
6285,Seiryu・銃傑GX Guard,
6286,Byakko・銃仙GX Guard,
6287,Suzaku・銃仙GX Guard,
6288,Genbu・銃仙GX Guard,
6289,Seiryu・銃仙GX Guard,
6290,Byakko・Bow 鬼GX Guard,
6291,Suzaku・Bow 鬼GX Guard,
6292,Genbu・Bow 鬼GX Guard,
6293,Seiryu・Bow 鬼GX Guard,
6294,Hisui Arms,
6295,Hisui F Arms,
6296,Hisui FX Arms,
6297,Blood Arms,
6298,Blood F Arms,
6299,Blood FX Arms,
6300,Byakko・穿凰G Arms,
6301,Byakko・穿凰GF Arms,
6302,Byakko・穿凰GX Arms,
6303,Suzaku・穿凰G Arms,
6304,Suzaku・穿凰GF Arms,
6305,Suzaku・穿凰GX Arms,
6306,Genbu・穿凰G Arms,
6307,Genbu・穿凰GF Arms,
6308,Genbu・穿凰GX Arms,
6309,Seiryu・穿凰G Arms,
6310,Seiryu・穿凰GF Arms,
6311,Seiryu・穿凰GX Arms,
6312,Honour Arms・Red,
6313,Honour F Arms・Red,
6314,Honour FZ Arms・Red,
6315,Honour HS Arms・Red,
6316,Honour GS Arms・Red,
6317,Honour GP Arms・Red,
6318,Honour Guard・Red,
6319,Honour F Guard・Red,
6320,Honour FZ Guard・Red,
6321,Honour HS Guard・Red,
6322,Honour GS Guard・Red,
6323,Honour GP Guard・Red,
6324,Honour Arms・Blue,
6325,Honour F Arms・Blue,
6326,Honour FZ Arms・Blue,
6327,Honour HS Arms・Blue,
6328,Honour GS Arms・Blue,
6329,Honour GP Arms・Blue,
6330,Honour Guard・Blue,
6331,Honour F Guard・Blue,
6332,Honour FZ Guard・Blue,
6333,Honour HS Guard・Blue,
6334,Honour GS Guard・Blue,
6335,Honour GP Guard・Blue,
6336,Honour Arms・Green,
6337,Honour F Arms・Green,
6338,Honour FZ Arms・Green,
6339,Honour HS Arms・Green,
6340,Honour GS Arms・Green,
6341,Honour GP Arms・Green,
6342,Honour Guard・Green,
6343,Honour F Guard・Green,
6344,Honour FZ Guard・Green,
6345,Honour HS Guard・Green,
6346,Honour GS Guard・Green,
6347,Honour GP Guard・Green,
6348,Honour Arms・紺,
6349,Honour F Arms・紺,
6350,Honour FZ Arms・紺,
6351,Honour HS Arms・紺,
6352,Honour GS Arms・紺,
6353,Honour GP Arms・紺,
6354,Honour Guard・紺,
6355,Honour F Guard・紺,
6356,Honour FZ Guard・紺,
6357,Honour HS Guard・紺,
6358,Honour GS Guard・紺,
6359,Honour GP Guard・紺,
6360,Sheriff Arms・Tea,
6361,Sheriff F Arms・Tea,
6362,Sheriff FZ Arms・Tea,
6363,Sheriff HS Arms・Tea,
6364,Sheriff GS Arms・Tea,
6365,Sheriff GP Arms・Tea,
6366,Sheriff Guard・Tea,
6367,Sheriff F Guard・Tea,
6368,Sheriff FZ Guard・Tea,
6369,Sheriff HS Guard・Tea,
6370,Sheriff GS Guard・Tea,
6371,Sheriff GP Guard・Tea,
6372,Sheriff Arms・Black,
6373,Sheriff F Arms・Black,
6374,Sheriff FZ Arms・Black,
6375,Sheriff HS Arms・Black,
6376,Sheriff GS Arms・Black,
6377,Sheriff GP Arms・Black,
6378,Sheriff Guard・Black,
6379,Sheriff F Guard・Black,
6380,Sheriff FZ Guard・Black,
6381,Sheriff HS Guard・Black,
6382,Sheriff GS Guard・Black,
6383,Sheriff GP Guard・Black,
6384,Sheriff Arms・Blue,
6385,Sheriff F Arms・Blue,
6386,Sheriff FZ Arms・Blue,
6387,Sheriff HS Arms・Blue,
6388,Sheriff GS Arms・Blue,
6389,Sheriff GP Arms・Blue,
6390,Sheriff Guard・Blue,
6391,Sheriff F Guard・Blue,
6392,Sheriff FZ Guard・Blue,
6393,Sheriff HS Guard・Blue,
6394,Sheriff GS Guard・Blue,
6395,Sheriff GP Guard・Blue,
6396,Sheriff Arms・White,
6397,Sheriff F Arms・White,
6398,Sheriff FZ Arms・White,
6399,Sheriff HS Arms・White,
6400,Sheriff GS Arms・White,
6401,Sheriff GP Arms・White,
6402,Sheriff Guard・White,
6403,Sheriff F Guard・White,
6404,Sheriff FZ Guard・White,
6405,Sheriff HS Guard・White,
6406,Sheriff GS Guard・White,
6407,Sheriff GP Guard・White,
6408,Moonlight Kote,
6409,Moonlight Kote・F,
6410,Moonlight Kote・FZ,
6411,Moonlight Kote・HS,
6412,Moonlight Kote・GS,
6413,Moonlight Kote・GP,
6414,Moonlight Sleeves,
6415,Moonlight Sleeves・F,
6416,Moonlight Sleeves・FZ,
6417,Moonlight Sleeves・HS,
6418,Moonlight Sleeves・GS,
6419,Moonlight Sleeves・GP,
6420,Zodic GS Arms・Blue,
6421,Zodic GP Arms・Blue,
6422,Zodic GS Guard・Blue,
6423,Zodic GP Guard・Blue,
6424,Zodic GS Arms・Tea,
6425,Zodic GP Arms・Tea,
6426,Zodic GS Guard・Tea,
6427,Zodic GP Guard・Tea,
6428,Zodic GS Arms・Green,
6429,Zodic GP Arms・Green,
6430,Zodic GS Guard・Green,
6431,Zodic GP Guard・Green,
6432,Zodic GS Arms・Pink,
6433,Zodic GP Arms・Pink,
6434,Zodic GS Guard・Pink,
6435,Zodic GP Guard・Pink,
6436,Bliss FZ Arms 【 White 】,
6437,Bliss HS Arms 【 White 】,
6438,Bliss GS Arms 【 White 】,
6439,Bliss GP Arms 【 White 】,
6440,Bliss FZ Arms 【 Blue 】,
6441,Bliss HS Arms 【 Blue 】,
6442,Bliss GS Arms 【 Blue 】,
6443,Bliss GP Arms 【 Blue 】,
6444,Bliss FZ Arms 【 Purple 】,
6445,Bliss HS Arms 【 Purple 】,
6446,Bliss GS Arms 【 Purple 】,
6447,Bliss GP Arms 【 Purple 】,
6448,Bliss FZ Arms 【 Yellow 】,
6449,Bliss HS Arms 【 Yellow 】,
6450,Bliss GS Arms 【 Yellow 】,
6451,Bliss GP Arms 【 Yellow 】,
6452,White Cat FZ Arms,
6453,White Cat HS Arms,
6454,White Cat GS Arms,
6455,White Cat GP Arms,
6456,Pharan HS Arms・White,
6457,Pharan GS Arms・White,
6458,Pharan GP Arms・White,
6459,Pharan HS Guard・White,
6460,Pharan GS Guard・White,
6461,Pharan GP Guard・White,
6462,Pharan HS Arms・Black,
6463,Pharan GS Arms・Black,
6464,Pharan GP Arms・Black,
6465,Pharan HS Guard・Black,
6466,Pharan GS Guard・Black,
6467,Pharan GP Guard・Black,
6468,Pharan HS Arms・Red,
6469,Pharan GS Arms・Red,
6470,Pharan GP Arms・Red,
6471,Pharan HS Guard・Red,
6472,Pharan GS Guard・Red,
6473,Pharan GP Guard・Red,
6474,Pharan HS Arms・Blue,
6475,Pharan GS Arms・Blue,
6476,Pharan GP Arms・Blue,
6477,Pharan HS Guard・Blue,
6478,Pharan GS Guard・Blue,
6479,Pharan GP Guard・Blue,
6480,Gloria GS Arms・Gold,
6481,Gloria GP Arms・Gold,
6482,Gloria GS Guard・Gold,
6483,Gloria GP Guard・Gold,
6484,Gloria GS Arms・Blue,
6485,Gloria GP Arms・Blue,
6486,Gloria GS Guard・Blue,
6487,Gloria GP Guard・Blue,
6488,Gloria GS Arms・Water,
6489,Gloria GP Arms・Water,
6490,Gloria GS Guard・Water,
6491,Gloria GP Guard・Water,
6492,Gloria GS Arms・Red,
6493,Gloria GP Arms・Red,
6494,Gloria GS Guard・Red,
6495,Gloria GP Guard・Red,
6496,蘭蛮の Gauntlets・FZ Yellow,
6497,蘭蛮の Gauntlets・HS Yellow,
6498,蘭蛮の Gauntlets・GS Yellow,
6499,蘭蛮の Gauntlets・GP Yellow,
6500,蘭蛮の Sleeve・FZ Yellow,
6501,蘭蛮の Sleeve・HS Yellow,
6502,蘭蛮の Sleeve・GS Yellow,
6503,蘭蛮の Sleeve・GP Yellow,
6504,蘭蛮の Gauntlets・FZ Red,
6505,蘭蛮の Gauntlets・HS Red,
6506,蘭蛮の Gauntlets・GS Red,
6507,蘭蛮の Gauntlets・GP Red,
6508,蘭蛮の Sleeve・FZ Red,
6509,蘭蛮の Sleeve・HS Red,
6510,蘭蛮の Sleeve・GS Red,
6511,蘭蛮の Sleeve・GP Red,
6512,蘭蛮の Gauntlets・FZ Purple,
6513,蘭蛮の Gauntlets・HS Purple,
6514,蘭蛮の Gauntlets・GS Purple,
6515,蘭蛮の Gauntlets・GP Purple,
6516,蘭蛮の Sleeve・FZ Purple,
6517,蘭蛮の Sleeve・HS Purple,
6518,蘭蛮の Sleeve・GS Purple,
6519,蘭蛮の Sleeve・GP Purple,
6520,蘭蛮の Gauntlets・FZ Gold,
6521,蘭蛮の Gauntlets・HS Gold,
6522,蘭蛮の Gauntlets・GS Gold,
6523,蘭蛮の Gauntlets・GP Gold,
6524,蘭蛮の Sleeve・FZ Gold,
6525,蘭蛮の Sleeve・HS Gold,
6526,蘭蛮の Sleeve・GS Gold,
6527,蘭蛮の Sleeve・GP Gold,
6528,Ferme FZ Arms・Black,
6529,Ferme HS Arms・Black,
6530,Ferme GS Arms・Black,
6531,Ferme GP Arms・Black,
6532,Ferme FZ Guard・Black,
6533,Ferme HS Guard・Black,
6534,Ferme GS Guard・Black,
6535,Ferme GP Guard・Black,
6536,Ferme FZ Arms・Red,
6537,Ferme HS Arms・Red,
6538,Ferme GS Arms・Red,
6539,Ferme GP Arms・Red,
6540,Ferme FZ Guard・Red,
6541,Ferme HS Guard・Red,
6542,Ferme GS Guard・Red,
6543,Ferme GP Guard・Red,
6544,Ferme FZ Arms・White,
6545,Ferme HS Arms・White,
6546,Ferme GS Arms・White,
6547,Ferme GP Arms・White,
6548,Ferme FZ Guard・White,
6549,Ferme HS Guard・White,
6550,Ferme GS Guard・White,
6551,Ferme GP Guard・White,
6552,Ferme FZ Arms・Blue,
6553,Ferme HS Arms・Blue,
6554,Ferme GS Arms・Blue,
6555,Ferme GP Arms・Blue,
6556,Ferme FZ Guard・Blue,
6557,Ferme HS Guard・Blue,
6558,Ferme GS Guard・Blue,
6559,Ferme GP Guard・Blue,
6560,Truss FZグローブ Blue,
6561,Truss HSグローブ Blue,
6562,Truss GSグローブ Blue,
6563,Truss GPグローブ Blue,
6564,Truss FZミトン Blue,
6565,Truss HSミトン Blue,
6566,Truss GSミトン Blue,
6567,Truss GPミトン Blue,
6568,Truss FZグローブ Red,
6569,Truss HSグローブ Red,
6570,Truss GSグローブ Red,
6571,Truss GPグローブ Red,
6572,Truss FZミトン Red,
6573,Truss HSミトン Red,
6574,Truss GSミトン Red,
6575,Truss GPミトン Red,
6576,Truss FZグローブ White,
6577,Truss HSグローブ White,
6578,Truss GSグローブ White,
6579,Truss GPグローブ White,
6580,Truss FZミトン White,
6581,Truss HSミトン White,
6582,Truss GSミトン White,
6583,Truss GPミトン White,
6584,Truss FZグローブ Purple,
6585,Truss HSグローブ Purple,
6586,Truss GSグローブ Purple,
6587,Truss GPグローブ Purple,
6588,Truss FZミトン Purple,
6589,Truss HSミトン Purple,
6590,Truss GSミトン Purple,
6591,Truss GPミトン Purple,
6592,Rail HS Arms,
6593,Rail GS Arms,
6594,Rail GP Arms,
6595,Rail HS Guard,
6596,Rail GS Guard,
6597,Rail GP Guard,
6598,Ridere HS Arms,
6599,Ridere GS Arms,
6600,Ridere GP Arms,
6601,Ridere HS Guard,
6602,Ridere GS Guard,
6603,Ridere GP Guard,
6604,Riot HS Arms,
6605,Riot GS Arms,
6606,Riot GP Arms,
6607,Riot HS Guard,
6608,Riot GS Guard,
6609,Riot GP Guard,
6610,Rutare HS Arms,
6611,Rutare GS Arms,
6612,Rutare GP Arms,
6613,Rutare HS Guard,
6614,Rutare GS Guard,
6615,Rutare GP Guard,
6616,Rolling Flow Kote・HS,
6617,Rolling Flow Kote・GS,
6618,Rolling Flow Kote・GP,
6619,旋転の Kote・HS,
6620,旋転の Kote・GS,
6621,旋転の Kote・GP,
6622,Rolling Sky Kote・HS,
6623,Rolling Sky Kote・GS,
6624,Rolling Sky Kote・GP,
6625,Rolling Earth Kote・HS,
6626,Rolling Earth Kote・GS,
6627,Rolling Earth Kote・GP,
6628,Latria HS Arms,
6629,Latria GS Arms,
6630,Latria GP Arms,
6631,Latria HS Guard,
6632,Latria GS Guard,
6633,Latria GP Guard,
6634,Kontao HS Arms,
6635,Kontao GS Arms,
6636,Kontao GP Arms,
6637,Kontao HS Guard,
6638,Kontao GS Guard,
6639,Kontao GP Guard,
6640,Deliver Arms,
6641,Deliver F Arms,
6642,Deliver FY Arms,
6643,Deliver HS Arms,
6644,Deliver G Arms,
6645,Deliver GF Arms,
6646,Deliver GX Arms,
6647,Deliver Guard,
6648,Deliver F Guard,
6649,Deliver FY Guard,
6650,Deliver HS Guard,
6651,Deliver G Guard,
6652,Deliver GF Guard,
6653,Deliver GX Guard,
6654,Asaku Arms,
6655,Asaku F Arms,
6656,Asaku FY Arms,
6657,Asaku HS Arms,
6658,Asaku G Arms,
6659,Asaku GF Arms,
6660,Asaku GX Arms,
6661,Asaku Guard,
6662,Asaku F Guard,
6663,Asaku FY Guard,
6664,Asaku HS Guard,
6665,Asaku G Guard,
6666,Asaku GF Guard,
6667,Asaku GX Guard,
6668,Nisuru Arms,
6669,Nisuru F Arms,
6670,Nisuru FY Arms,
6671,Nisuru HS Arms,
6672,Nisuru G Arms,
6673,Nisuru GF Arms,
6674,Nisuru GX Arms,
6675,Nisuru Guard,
6676,Nisuru F Guard,
6677,Nisuru FY Guard,
6678,Nisuru HS Guard,
6679,Nisuru G Guard,
6680,Nisuru GF Guard,
6681,Nisuru GX Guard,
6682,Coord Arms,
6683,Coord F Arms,
6684,Coord FY Arms,
6685,Coord HS Arms,
6686,Coord G Arms,
6687,Coord GF Arms,
6688,Coord GX Arms,
6689,Coord Guard,
6690,Coord F Guard,
6691,Coord FY Guard,
6692,Coord HS Guard,
6693,Coord G Guard,
6694,Coord GF Guard,
6695,Coord GX Guard,
6696,Resega Arms,
6697,Resega F Arms,
6698,Resega FY Arms,
6699,Resega HS Arms,
6700,Resega G Arms,
6701,Resega GF Arms,
6702,Resega GX Arms,
6703,Resega Guard,
6704,Resega F Guard,
6705,Resega FY Guard,
6706,Resega HS Guard,
6707,Resega G Guard,
6708,Resega GF Guard,
6709,Resega GX Guard,
6710,Suforu Arms,
6711,Suforu F Arms,
6712,Suforu FY Arms,
6713,Suforu HS Arms,
6714,Suforu G Arms,
6715,Suforu GF Arms,
6716,Suforu GX Arms,
6717,Suforu Guard,
6718,Suforu F Guard,
6719,Suforu FY Guard,
6720,Suforu HS Guard,
6721,Suforu G Guard,
6722,Suforu GF Guard,
6723,Suforu GX Guard,
6724,Perce Arms,
6725,Perce F Arms,
6726,Perce FY Arms,
6727,Perce HS Arms,
6728,Perce G Arms,
6729,Perce GF Arms,
6730,Perce GX Arms,
6731,Perce Guard,
6732,Perce F Guard,
6733,Perce FY Guard,
6734,Perce HS Guard,
6735,Perce G Guard,
6736,Perce GF Guard,
6737,Perce GX Guard,
6738,Survey Corps Arms,
6739,Survey Corps F Arms,
6740,Survey Corps FZ Arms,
6741,Survey Corps HS Arms,
6742,Survey Corps GS Arms,
6743,Survey Corps GP Arms,
6744,Survey Corps Guard,
6745,Survey Corps F Guard,
6746,Survey Corps FZ Guard,
6747,Survey Corps HS Guard,
6748,Survey Corps GS Guard,
6749,Survey Corps GP Guard,
6750,Training Corps Arms,
6751,Training Corps F Arms,
6752,Training Corps FZ Arms,
6753,Training Corps HS Arms,
6754,Training Corps GS Arms,
6755,Training Corps GP Arms,
6756,Training Corps Guard,
6757,Training Corps F Guard,
6758,Training Corps FZ Guard,
6759,Training Corps HS Guard,
6760,Training Corps GS Guard,
6761,Training Corps GP Guard,
6762,ダミー,
6763,ダミー,
6764,ダミー,
6765,ダミー,
6766,ダミー,
6767,ダミー,
6768,ダミー,
6769,ダミー,
6770,ダミー,
6771,ダミー,
6772,ダミー,
6773,ダミー,
6774,ダミー,
6775,ダミー,
6776,ダミー,
6777,ダミー,
6778,ダミー,
6779,ダミー,
6780,ダミー,
6781,ダミー,
6782,ダミー,
6783,ダミー,
6784,Carrol Arms・Gold,
6785,Leila Arms,
6786,IS Academy Arms・White,
6787,IS Academy F Arms・White,
6788,IS Academy FZ Arms・White,
6789,IS Academy HS Arms・White,
6790,IS Academy GS Arms・White,
6791,IS Academy GP Arms・White,
6792,IS Academy Guard・White,
6793,IS Academy F Guard・White,
6794,IS Academy FZ Guard・White,
6795,IS Academy HS Guard・White,
6796,IS Academy GS Guard・White,
6797,IS Academy GP Guard・White,
6798,IS Academy Arms・Blue,
6799,IS Academy F Arms・Blue,
6800,IS Academy FZ Arms・Blue,
6801,IS Academy HS Arms・Blue,
6802,IS Academy GS Arms・Blue,
6803,IS Academy GP Arms・Blue,
6804,IS Academy Guard・Blue,
6805,IS Academy F Guard・Blue,
6806,IS Academy FZ Guard・Blue,
6807,IS Academy HS Guard・Blue,
6808,IS Academy GS Guard・Blue,
6809,IS Academy GP Guard・Blue,
6810,IS Academy Arms・Black,
6811,IS Academy F Arms・Black,
6812,IS Academy FZ Arms・Black,
6813,IS Academy HS Arms・Black,
6814,IS Academy GS Arms・Black,
6815,IS Academy GP Arms・Black,
6816,IS Academy Guard・Black,
6817,IS Academy F Guard・Black,
6818,IS Academy FZ Guard・Black,
6819,IS Academy HS Guard・Black,
6820,IS Academy GS Guard・Black,
6821,IS Academy GP Guard・Black,
6822,IS Academy Arms・Green,
6823,IS Academy F Arms・Green,
6824,IS Academy FZ Arms・Green,
6825,IS Academy HS Arms・Green,
6826,IS Academy GS Arms・Green,
6827,IS Academy GP Arms・Green,
6828,IS Academy Guard・Green,
6829,IS Academy F Guard・Green,
6830,IS Academy FZ Guard・Green,
6831,IS Academy HS Guard・Green,
6832,IS Academy GS Guard・Green,
6833,IS Academy GP Guard・Green,
6834,Comrade G Arms・Red,
6835,Comrade GF Arms・Red,
6836,Comrade GX Arms・Red,
6837,Comrade G Guard・Red,
6838,Comrade GF Guard・Red,
6839,Comrade GX Guard・Red,
6840,Comrade G Arms・Blue,
6841,Comrade GF Arms・Blue,
6842,Comrade GX Arms・Blue,
6843,Comrade G Guard・Blue,
6844,Comrade GF Guard・Blue,
6845,Comrade GX Guard・Blue,
6846,Comrade G Arms・Green,
6847,Comrade GF Arms・Green,
6848,Comrade GX Arms・Green,
6849,Comrade G Guard・Green,
6850,Comrade GF Guard・Green,
6851,Comrade GX Guard・Green,
6852,Comrade G Arms・Orange,
6853,Comrade GF Arms・Orange,
6854,Comrade GX Arms・Orange,
6855,Comrade G Guard・Orange,
6856,Comrade GF Guard・Orange,
6857,Comrade GX Guard・Orange,
6858,Melan G Arms,
6859,Melan GF Arms,
6860,Melan GX Arms,
6861,Melan G Guard,
6862,Melan GF Guard,
6863,Melan GX Guard,
6864,Rouge FY Arms,
6865,Rouge HC Arms,
6866,Rouge G Arms,
6867,Rouge GF Arms,
6868,Rouge GX Arms,
6869,Regyukusu GP Arms,
6870,Regyukusu GP Guard,
6871,Beil GP Gauntlets,
6872,ヴェルフGP Arms,
6873,ヴェルフGP Guard,
6874,テリオグGP Arms,
6875,テリオグGP Guard,
6876,Hypnoc G Arms,
6877,Hypnoc GF Arms,
6878,Hypnoc GX Arms,
6879,Hypnoc G Guard,
6880,Hypnoc GF Guard,
6881,Hypnoc GX Guard,
6882,Red Khezu G Arms,
6883,Red Khezu GF Arms,
6884,Red Khezu GX Arms,
6885,Red Khezu G Guard,
6886,Red Khezu GF Guard,
6887,Red Khezu GX Guard,
6888,Monoblos G Arms,
6889,Monoblos GF Arms,
6890,Monoblos GX Arms,
6891,Monoblos G Guard,
6892,Monoblos GF Guard,
6893,Monoblos GX Guard,
6894,Weiss G Grip,
6895,Weiss GF Grip,
6896,Weiss GX Grip,
6897,Weiss G Grasp,
6898,Weiss GF Grasp,
6899,Weiss GX Grasp,
6900,Venom G Arms,
6901,Venom GF Arms,
6902,Venom GX Arms,
6903,Venom G Guard,
6904,Venom GF Guard,
6905,Venom GX Guard,
6906,Elegance 【 Kote 】,
6907,Elegance F【 Kote 】,
6908,Elegance FX【 Kote 】,
6909,Elegance G【 Kote 】,
6910,Elegance GF【 Kote 】,
6911,Grace 【 Kote 】,
6912,Grace F【 Kote 】,
6913,Grace FX【 Kote 】,
6914,Grace G【 Kote 】,
6915,Grace GF【 Kote 】,
6916,Inagami G【 Kote 】,
6917,Inagami GF【 Kote 】,
6918,Inagami GX【 Kote 】,
6919,Inagami G【 Kote 】,
6920,Inagami GF【 Kote 】,
6921,Inagami GX【 Kote 】,
6922,Garuba ハトゥー,
6923,Garuba Fハトゥー,
6924,Garuba FXハトゥー,
6925,Garuba Gハトゥー,
6926,Garuba GFハトゥー,
6927,Garuba マカーン,
6928,Garuba Fマカーン,
6929,Garuba FXマカーン,
6930,Garuba Gマカーン,
6931,Garuba GFマカーン,
6932,Wind GFハトゥー,
6933,Wind GFマカーン,
6934,武者GF【 Kote 】,
6935,日光GF【 Kote 】,
6936,White 蘭・Kensei Arms,
6937,White 蘭・Kensei F Arms,
6938,White 蘭・Kensei FX Arms,
6939,Crimson 霞・Kensei Arms,
6940,Crimson 霞・Kensei F Arms,
6941,Crimson 霞・Kensei FX Arms,
6942,White 蘭・Kensei G Arms,
6943,White 蘭・Kensei GF Arms,
6944,White 蘭・Kensei GX Arms,
6945,月夜・Kensei G Arms,
6946,月夜・Kensei GF Arms,
6947,月夜・Kensei GX Arms,
6948,Crimson 霞・Kensei G Arms,
6949,Crimson 霞・Kensei GF Arms,
6950,Crimson 霞・Kensei GX Arms,
6951,Green 穹・Kensei G Arms,
6952,Green 穹・Kensei GF Arms,
6953,Green 穹・Kensei GX Arms,
6954,White 蘭・双龍 Arms,
6955,White 蘭・双龍F Arms,
6956,White 蘭・双龍FX Arms,
6957,Crimson 霞・双龍 Arms,
6958,Crimson 霞・双龍F Arms,
6959,Crimson 霞・双龍FX Arms,
6960,White 蘭・双龍G Arms,
6961,White 蘭・双龍GF Arms,
6962,White 蘭・双龍GX Arms,
6963,月夜・双龍G Arms,
6964,月夜・双龍GF Arms,
6965,月夜・双龍GX Arms,
6966,Crimson 霞・双龍G Arms,
6967,Crimson 霞・双龍GF Arms,
6968,Crimson 霞・双龍GX Arms,
6969,Green 穹・双龍G Arms,
6970,Green 穹・双龍GF Arms,
6971,Green 穹・双龍GX Arms,
6972,White 蘭・剣王 Arms,
6973,White 蘭・剣王F Arms,
6974,White 蘭・剣王FX Arms,
6975,Crimson 霞・剣王 Arms,
6976,Crimson 霞・剣王F Arms,
6977,Crimson 霞・剣王FX Arms,
6978,White 蘭・剣王G Arms,
6979,White 蘭・剣王GF Arms,
6980,White 蘭・剣王GX Arms,
6981,月夜・剣王G Arms,
6982,月夜・剣王GF Arms,
6983,月夜・剣王GX Arms,
6984,Crimson 霞・剣王G Arms,
6985,Crimson 霞・剣王GF Arms,
6986,Crimson 霞・剣王GX Arms,
6987,Green 穹・剣王G Arms,
6988,Green 穹・剣王GF Arms,
6989,Green 穹・剣王GX Arms,
6990,White 蘭・刀神 Arms,
6991,White 蘭・刀神F Arms,
6992,White 蘭・刀神FX Arms,
6993,Crimson 霞・刀神 Arms,
6994,Crimson 霞・刀神F Arms,
6995,Crimson 霞・刀神FX Arms,
6996,White 蘭・刀神G Arms,
6997,White 蘭・刀神GF Arms,
6998,White 蘭・刀神GX Arms,
6999,月夜・刀神G Arms,
7000,月夜・刀神GF Arms,
7001,月夜・刀神GX Arms,
7002,Crimson 霞・刀神G Arms,
7003,Crimson 霞・刀神GF Arms,
7004,Crimson 霞・刀神GX Arms,
7005,Green 穹・刀神G Arms,
7006,Green 穹・刀神GF Arms,
7007,Green 穹・刀神GX Arms,
7008,White 蘭・鈍器獣 Arms,
7009,White 蘭・鈍器獣F Arms,
7010,White 蘭・鈍器獣FX Arms,
7011,Crimson 霞・鈍器獣 Arms,
7012,Crimson 霞・鈍器獣F Arms,
7013,Crimson 霞・鈍器獣FX Arms,
7014,White 蘭・鈍器獣G Arms,
7015,White 蘭・鈍器獣GF Arms,
7016,White 蘭・鈍器獣GX Arms,
7017,月夜・鈍器獣G Arms,
7018,月夜・鈍器獣GF Arms,
7019,月夜・鈍器獣GX Arms,
7020,Crimson 霞・鈍器獣G Arms,
7021,Crimson 霞・鈍器獣GF Arms,
7022,Crimson 霞・鈍器獣GX Arms,
7023,Green 穹・鈍器獣G Arms,
7024,Green 穹・鈍器獣GF Arms,
7025,Green 穹・鈍器獣GX Arms,
7026,White 蘭・奏帝 Arms,
7027,White 蘭・奏帝F Arms,
7028,White 蘭・奏帝FX Arms,
7029,Crimson 霞・奏帝 Arms,
7030,Crimson 霞・奏帝F Arms,
7031,Crimson 霞・奏帝FX Arms,
7032,White 蘭・奏帝G Arms,
7033,White 蘭・奏帝GF Arms,
7034,White 蘭・奏帝GX Arms,
7035,月夜・奏帝G Arms,
7036,月夜・奏帝GF Arms,
7037,月夜・奏帝GX Arms,
7038,Crimson 霞・奏帝G Arms,
7039,Crimson 霞・奏帝GF Arms,
7040,Crimson 霞・奏帝GX Arms,
7041,Green 穹・奏帝G Arms,
7042,Green 穹・奏帝GF Arms,
7043,Green 穹・奏帝GX Arms,
7044,White 蘭・Heaven 槍 Arms,
7045,White 蘭・Heaven 槍F Arms,
7046,White 蘭・Heaven 槍FX Arms,
7047,Crimson 霞・Heaven 槍 Arms,
7048,Crimson 霞・Heaven 槍F Arms,
7049,Crimson 霞・Heaven 槍FX Arms,
7050,White 蘭・Heaven 槍G Arms,
7051,White 蘭・Heaven 槍GF Arms,
7052,White 蘭・Heaven 槍GX Arms,
7053,月夜・Heaven 槍G Arms,
7054,月夜・Heaven 槍GF Arms,
7055,月夜・Heaven 槍GX Arms,
7056,Crimson 霞・Heaven 槍G Arms,
7057,Crimson 霞・Heaven 槍GF Arms,
7058,Crimson 霞・Heaven 槍GX Arms,
7059,Green 穹・Heaven 槍G Arms,
7060,Green 穹・Heaven 槍GF Arms,
7061,Green 穹・Heaven 槍GX Arms,
7062,White 蘭・砲皇 Arms,
7063,White 蘭・砲皇F Arms,
7064,White 蘭・砲皇FX Arms,
7065,Crimson 霞・砲皇 Arms,
7066,Crimson 霞・砲皇F Arms,
7067,Crimson 霞・砲皇FX Arms,
7068,White 蘭・砲皇G Arms,
7069,White 蘭・砲皇GF Arms,
7070,White 蘭・砲皇GX Arms,
7071,月夜・砲皇G Arms,
7072,月夜・砲皇GF Arms,
7073,月夜・砲皇GX Arms,
7074,Crimson 霞・砲皇G Arms,
7075,Crimson 霞・砲皇GF Arms,
7076,Crimson 霞・砲皇GX Arms,
7077,Green 穹・砲皇G Arms,
7078,Green 穹・砲皇GF Arms,
7079,Green 穹・砲皇GX Arms,
7080,White 蘭・穿凰 Arms,
7081,White 蘭・穿凰F Arms,
7082,White 蘭・穿凰FX Arms,
7083,Crimson 霞・穿凰 Arms,
7084,Crimson 霞・穿凰F Arms,
7085,Crimson 霞・穿凰FX Arms,
7086,White 蘭・穿凰G Arms,
7087,White 蘭・穿凰GF Arms,
7088,White 蘭・穿凰GX Arms,
7089,月夜・穿凰G Arms,
7090,月夜・穿凰GF Arms,
7091,月夜・穿凰GX Arms,
7092,Crimson 霞・穿凰G Arms,
7093,Crimson 霞・穿凰GF Arms,
7094,Crimson 霞・穿凰GX Arms,
7095,Green 穹・穿凰G Arms,
7096,Green 穹・穿凰GF Arms,
7097,Green 穹・穿凰GX Arms,
7098,White 蘭・銃仙 Guard,
7099,White 蘭・銃仙F Guard,
7100,White 蘭・銃仙FX Guard,
7101,Crimson 霞・銃仙 Guard,
7102,Crimson 霞・銃仙F Guard,
7103,Crimson 霞・銃仙FX Guard,
7104,White 蘭・銃仙G Guard,
7105,White 蘭・銃仙GF Guard,
7106,White 蘭・銃仙GX Guard,
7107,月夜・銃仙G Guard,
7108,月夜・銃仙GF Guard,
7109,月夜・銃仙GX Guard,
7110,Crimson 霞・銃仙G Guard,
7111,Crimson 霞・銃仙GF Guard,
7112,Crimson 霞・銃仙GX Guard,
7113,Green 穹・銃仙G Guard,
7114,Green 穹・銃仙GF Guard,
7115,Green 穹・銃仙GX Guard,
7116,White 蘭・銃傑 Guard,
7117,White 蘭・銃傑F Guard,
7118,White 蘭・銃傑FX Guard,
7119,Crimson 霞・銃傑 Guard,
7120,Crimson 霞・銃傑F Guard,
7121,Crimson 霞・銃傑FX Guard,
7122,White 蘭・銃傑G Guard,
7123,White 蘭・銃傑GF Guard,
7124,White 蘭・銃傑GX Guard,
7125,月夜・銃傑G Guard,
7126,月夜・銃傑GF Guard,
7127,月夜・銃傑GX Guard,
7128,Crimson 霞・銃傑G Guard,
7129,Crimson 霞・銃傑GF Guard,
7130,Crimson 霞・銃傑GX Guard,
7131,Green 穹・銃傑G Guard,
7132,Green 穹・銃傑GF Guard,
7133,Green 穹・銃傑GX Guard,
7134,White 蘭・Bow 鬼 Guard,
7135,White 蘭・Bow 鬼F Guard,
7136,White 蘭・Bow 鬼FX Guard,
7137,Crimson 霞・Bow 鬼 Guard,
7138,Crimson 霞・Bow 鬼F Guard,
7139,Crimson 霞・Bow 鬼FX Guard,
7140,White 蘭・Bow 鬼G Guard,
7141,White 蘭・Bow 鬼GF Guard,
7142,White 蘭・Bow 鬼GX Guard,
7143,月夜・Bow 鬼G Guard,
7144,月夜・Bow 鬼GF Guard,
7145,月夜・Bow 鬼GX Guard,
7146,Crimson 霞・Bow 鬼G Guard,
7147,Crimson 霞・Bow 鬼GF Guard,
7148,Crimson 霞・Bow 鬼GX Guard,
7149,Green 穹・Bow 鬼G Guard,
7150,Green 穹・Bow 鬼GF Guard,
7151,Green 穹・Bow 鬼GX Guard,
7152,Flight Kote・White,
7153,Flight Kote F・White,
7154,Flight Kote FZ・White,
7155,Flight Kote HS・White,
7156,Flight Kote GS・White,
7157,Flight Kote GP・White,
7158,Flight Sleeves・White,
7159,Flight Sleeves F・White,
7160,Flight Sleeves FZ・White,
7161,Flight Sleeves HS・White,
7162,Flight Sleeves GS・White,
7163,Flight Sleeves GP・White,
7164,Flight Kote・Red,
7165,Flight Kote F・Red,
7166,Flight Kote FZ・Red,
7167,Flight Kote HS・Red,
7168,Flight Kote GS・Red,
7169,Flight Kote GP・Red,
7170,Flight Sleeves・Red,
7171,Flight Sleeves F・Red,
7172,Flight Sleeves FZ・Red,
7173,Flight Sleeves HS・Red,
7174,Flight Sleeves GS・Red,
7175,Flight Sleeves GP・Red,
7176,Flight Kote・Tea,
7177,Flight Kote F・Tea,
7178,Flight Kote FZ・Tea,
7179,Flight Kote HS・Tea,
7180,Flight Kote GS・Tea,
7181,Flight Kote GP・Tea,
7182,Flight Sleeves・Tea,
7183,Flight Sleeves F・Tea,
7184,Flight Sleeves FZ・Tea,
7185,Flight Sleeves HS・Tea,
7186,Flight Sleeves GS・Tea,
7187,Flight Sleeves GP・Tea,
7188,Flight Kote・Blue,
7189,Flight Kote F・Blue,
7190,Flight Kote FZ・Blue,
7191,Flight Kote HS・Blue,
7192,Flight Kote GS・Blue,
7193,Flight Kote GP・Blue,
7194,Flight Sleeves・Blue,
7195,Flight Sleeves F・Blue,
7196,Flight Sleeves FZ・Blue,
7197,Flight Sleeves HS・Blue,
7198,Flight Sleeves GS・Blue,
7199,Flight Sleeves GP・Blue,
7200,Naga Arms・Blue,
7201,Naga F Arms・Blue,
7202,Naga FZ Arms・Blue,
7203,Naga HS Arms・Blue,
7204,Naga GS Arms・Blue,
7205,Naga GP Arms・Blue,
7206,Naga Guard・Blue,
7207,Naga F Guard・Blue,
7208,Naga FZ Guard・Blue,
7209,Naga HS Guard・Blue,
7210,Naga GS Guard・Blue,
7211,Naga GP Guard・Blue,
7212,Naga Arms・Red,
7213,Naga F Arms・Red,
7214,Naga FZ Arms・Red,
7215,Naga HS Arms・Red,
7216,Naga GS Arms・Red,
7217,Naga GP Arms・Red,
7218,Naga Guard・Red,
7219,Naga F Guard・Red,
7220,Naga FZ Guard・Red,
7221,Naga HS Guard・Red,
7222,Naga GS Guard・Red,
7223,Naga GP Guard・Red,
7224,Naga Arms・White,
7225,Naga F Arms・White,
7226,Naga FZ Arms・White,
7227,Naga HS Arms・White,
7228,Naga GS Arms・White,
7229,Naga GP Arms・White,
7230,Naga Guard・White,
7231,Naga F Guard・White,
7232,Naga FZ Guard・White,
7233,Naga HS Guard・White,
7234,Naga GS Guard・White,
7235,Naga GP Guard・White,
7236,Naga Arms・Black,
7237,Naga F Arms・Black,
7238,Naga FZ Arms・Black,
7239,Naga HS Arms・Black,
7240,Naga GS Arms・Black,
7241,Naga GP Arms・Black,
7242,Naga Guard・Black,
7243,Naga F Guard・Black,
7244,Naga FZ Guard・Black,
7245,Naga HS Guard・Black,
7246,Naga GS Guard・Black,
7247,Naga GP Guard・Black,
7248,Dawnbreak Kote,
7249,Dawnbreak Kote・F,
7250,Dawnbreak Kote・FZ,
7251,Dawnbreak Kote・HS,
7252,Dawnbreak Kote・GS,
7253,Dawnbreak Kote・GP,
7254,Dawnbreak Sleeves,
7255,Dawnbreak Sleeves・F,
7256,Dawnbreak Sleeves・FZ,
7257,Dawnbreak Sleeves・HS,
7258,Dawnbreak Sleeves・GS,
7259,Dawnbreak Sleeves・GP,
7260,Zuibei Grip,
7261,Zuibei F Grip,
7262,Zuibei FZ Grip,
7263,Zuibei HS Grip,
7264,Zuibei GS Grip,
7265,Zuibei GP Grip,
7266,Zuibei Grasp,
7267,Zuibei F Grasp,
7268,Zuibei FZ Grasp,
7269,Zuibei HS Grasp,
7270,Zuibei GS Grasp,
7271,Zuibei GP Grasp,
7272,Oyun Arms・Blue,
7273,Oyun F Arms・Blue,
7274,Oyun FZ Arms・Blue,
7275,Oyun HS Arms・Blue,
7276,Oyun GS Arms・Blue,
7277,Oyun GP Arms・Blue,
7278,Oyun Guard・Blue,
7279,Oyun F Guard・Blue,
7280,Oyun FZ Guard・Blue,
7281,Oyun HS Guard・Blue,
7282,Oyun GS Guard・Blue,
7283,Oyun GP Guard・Blue,
7284,Oyun Arms・Red,
7285,Oyun F Arms・Red,
7286,Oyun FZ Arms・Red,
7287,Oyun HS Arms・Red,
7288,Oyun GS Arms・Red,
7289,Oyun GP Arms・Red,
7290,Oyun Guard・Red,
7291,Oyun F Guard・Red,
7292,Oyun FZ Guard・Red,
7293,Oyun HS Guard・Red,
7294,Oyun GS Guard・Red,
7295,Oyun GP Guard・Red,
7296,Oyun Arms・Black,
7297,Oyun F Arms・Black,
7298,Oyun FZ Arms・Black,
7299,Oyun HS Arms・Black,
7300,Oyun GS Arms・Black,
7301,Oyun GP Arms・Black,
7302,Oyun Guard・Black,
7303,Oyun F Guard・Black,
7304,Oyun FZ Guard・Black,
7305,Oyun HS Guard・Black,
7306,Oyun GS Guard・Black,
7307,Oyun GP Guard・Black,
7308,Oyun Arms・White,
7309,Oyun F Arms・White,
7310,Oyun FZ Arms・White,
7311,Oyun HS Arms・White,
7312,Oyun GS Arms・White,
7313,Oyun GP Arms・White,
7314,Oyun Guard・White,
7315,Oyun F Guard・White,
7316,Oyun FZ Guard・White,
7317,Oyun HS Guard・White,
7318,Oyun GS Guard・White,
7319,Oyun GP Guard・White,
7320,Ash Arms・Red,
7321,Ash F Arms・Red,
7322,Ash FZ Arms・Red,
7323,Ash HS Arms・Red,
7324,Ash GS Arms・Red,
7325,Ash GP Arms・Red,
7326,Ash Guard・Red,
7327,Ash F Guard・Red,
7328,Ash FZ Guard・Red,
7329,Ash HS Guard・Red,
7330,Ash GS Guard・Red,
7331,Ash GP Guard・Red,
7332,Ash Arms・Blue,
7333,Ash F Arms・Blue,
7334,Ash FZ Arms・Blue,
7335,Ash HS Arms・Blue,
7336,Ash GS Arms・Blue,
7337,Ash GP Arms・Blue,
7338,Ash Guard・Blue,
7339,Ash F Guard・Blue,
7340,Ash FZ Guard・Blue,
7341,Ash HS Guard・Blue,
7342,Ash GS Guard・Blue,
7343,Ash GP Guard・Blue,
7344,Ash Arms・White,
7345,Ash F Arms・White,
7346,Ash FZ Arms・White,
7347,Ash HS Arms・White,
7348,Ash GS Arms・White,
7349,Ash GP Arms・White,
7350,Ash Guard・White,
7351,Ash F Guard・White,
7352,Ash FZ Guard・White,
7353,Ash HS Guard・White,
7354,Ash GS Guard・White,
7355,Ash GP Guard・White,
7356,Ash Arms・Black,
7357,Ash F Arms・Black,
7358,Ash FZ Arms・Black,
7359,Ash HS Arms・Black,
7360,Ash GS Arms・Black,
7361,Ash GP Arms・Black,
7362,Ash Guard・Black,
7363,Ash F Guard・Black,
7364,Ash FZ Guard・Black,
7365,Ash HS Guard・Black,
7366,Ash GS Guard・Black,
7367,Ash GP Guard・Black,
7368,Pistis GP Arms,
7369,Pistis GP Guard,
7370,Blink HS Arms,
7371,Blink GS Arms,
7372,Blink GP Arms,
7373,Blink HS Guard,
7374,Blink GS Guard,
7375,Blink GP Guard,
7376,Ukon GP Punch,
7377,Ukon GP Hands,
7378,ロットGP Punch,
7379,ロットGP Hands,
7380,Arge HS Arms,
7381,Arge GS Arms,
7382,Arge GP Arms,
7383,Arge HS Guard,
7384,Arge GS Guard,
7385,Arge GP Guard,
7386,Camarera HS Arms,
7387,Camarera GS Arms,
7388,Camarera GP Arms,
7389,Camarera HS Guard,
7390,Camarera GS Guard,
7391,Camarera GP Guard,
7392,Metenera HS Arms,
7393,Metenera GS Arms,
7394,Metenera GP Arms,
7395,Metenera HS Guard,
7396,Metenera GS Guard,
7397,Metenera GP Guard,
7398,Abitto HS Arms,
7399,Abitto GS Arms,
7400,Abitto GP Arms,
7401,Abitto HS Guard,
7402,Abitto GS Guard,
7403,Abitto GP Guard,
7404,Riburi HS Arms,
7405,Riburi GS Arms,
7406,Riburi GP Arms,
7407,Riburi HS Guard,
7408,Riburi GS Guard,
7409,Riburi GP Guard,
7410,Jess G Arms,
7411,Jess GF Arms,
7412,Jess GX Arms,
7413,Jess G Guard,
7414,Jess GF Guard,
7415,Jess GX Guard,
7416,Tangusu G Arms,
7417,Tangusu GF Arms,
7418,Tangusu GX Arms,
7419,Kobaruta G Guard,
7420,Kobaruta GF Guard,
7421,Kobaruta GX Guard,
7422,Breo G Arms,
7423,Breo GF Arms,
7424,Breo GX Arms,
7425,Harokyu Arms,
7426,Harokyu F Arms,
7427,Harokyu FY Arms,
7428,Harokyu HS Arms,
7429,Harokyu G Arms,
7430,Harokyu GF Arms,
7431,Harokyu GX Arms,
7432,Brooke グローブ,
7433,Brooke Fグローブ,
7434,Brooke FYグローブ,
7435,Brooke HSグローブ,
7436,Brooke Gグローブ,
7437,Brooke GFグローブ,
7438,Brooke GXグローブ,
7439,Brooke ミトン,
7440,Brooke Fミトン,
7441,Brooke FYミトン,
7442,Brooke HSミトン,
7443,Brooke Gミトン,
7444,Brooke GFミトン,
7445,Brooke GXミトン,
7446,Pale Sakura [Sleeve 】,
7447,Pale Sakura F [Sleeve 】,
7448,Pale Sakura FY [Sleeve 】,
7449,Pale Sakura HS [Sleeve 】,
7450,Pale Sakura G [Sleeve 】,
7451,Pale Sakura GF [Sleeve 】,
7452,Pale Sakura GX [Sleeve 】,
7453,Sakura Cloud [Sleeve 】,
7454,Sakura Cloud F [Sleeve 】,
7455,Sakura Cloud FY [Sleeve 】,
7456,Sakura Cloud HS [Sleeve 】,
7457,Sakura Cloud G [Sleeve 】,
7458,Sakura Cloud GF [Sleeve 】,
7459,Sakura Cloud GX [Sleeve 】,
7460,Kinioru Arms,
7461,Kinioru F Arms,
7462,Kinioru FY Arms,
7463,Kinioru HS Arms,
7464,Kinioru G Arms,
7465,Kinioru GF Arms,
7466,Kinioru GX Arms,
7467,Kinioru Guard,
7468,Kinioru F Guard,
7469,Kinioru FY Guard,
7470,Kinioru HS Guard,
7471,Kinioru G Guard,
7472,Kinioru GF Guard,
7473,Kinioru GX Guard,
7474,Kaioru Arms,
7475,Kaioru F Arms,
7476,Kaioru FY Arms,
7477,Kaioru HS Arms,
7478,Kaioru G Arms,
7479,Kaioru GF Arms,
7480,Kaioru GX Arms,
7481,Kaioru Guard,
7482,Kaioru F Guard,
7483,Kaioru FY Guard,
7484,Kaioru HS Guard,
7485,Kaioru G Guard,
7486,Kaioru GF Guard,
7487,Kaioru GX Guard,
7488,Yurisu Arms,
7489,Yurisu F Arms,
7490,Yurisu FY Arms,
7491,Yurisu HS Arms,
7492,Yurisu G Arms,
7493,Yurisu GF Arms,
7494,Yurisu GX Arms,
7495,Yurisu Guard,
7496,Yurisu F Guard,
7497,Yurisu FY Guard,
7498,Yurisu HS Guard,
7499,Yurisu G Guard,
7500,Yurisu GF Guard,
7501,Yurisu GX Guard,
7502,Desordre Arms,
7503,Desordre F Arms,
7504,Desordre FY Arms,
7505,Desordre HS Arms,
7506,Desordre G Arms,
7507,Desordre GF Arms,
7508,Desordre GX Arms,
7509,Desordre Guard,
7510,Desordre F Guard,
7511,Desordre FY Guard,
7512,Desordre HS Guard,
7513,Desordre G Guard,
7514,Desordre GF Guard,
7515,Desordre GX Guard,
7516,Carmine Arms Black,
7517,Carmine F Arms Black,
7518,Carmine FZ Arms Black,
7519,Carmine HS Arms Black,
7520,Carmine GS Arms Black,
7521,Carmine GP Arms Black,
7522,Carmine Guard Black,
7523,Carmine F Guard Black,
7524,Carmine FZ Guard Black,
7525,Carmine HS Guard Black,
7526,Carmine GS Guard Black,
7527,Carmine GP Guard Black,
7528,Carmine Arms Blue,
7529,Carmine F Arms Blue,
7530,Carmine FZ Arms Blue,
7531,Carmine HS Arms Blue,
7532,Carmine GS Arms Blue,
7533,Carmine GP Arms Blue,
7534,Carmine Guard Blue,
7535,Carmine F Guard Blue,
7536,Carmine FZ Guard Blue,
7537,Carmine HS Guard Blue,
7538,Carmine GS Guard Blue,
7539,Carmine GP Guard Blue,
7540,Carmine Arms Purple,
7541,Carmine F Arms Purple,
7542,Carmine FZ Arms Purple,
7543,Carmine HS Arms Purple,
7544,Carmine GS Arms Purple,
7545,Carmine GP Arms Purple,
7546,Carmine Guard Purple,
7547,Carmine F Guard Purple,
7548,Carmine FZ Guard Purple,
7549,Carmine HS Guard Purple,
7550,Carmine GS Guard Purple,
7551,Carmine GP Guard Purple,
7552,Carmine Arms White,
7553,Carmine F Arms White,
7554,Carmine FZ Arms White,
7555,Carmine HS Arms White,
7556,Carmine GS Arms White,
7557,Carmine GP Arms White,
7558,Carmine Guard White,
7559,Carmine F Guard White,
7560,Carmine FZ Guard White,
7561,Carmine HS Guard White,
7562,Carmine GS Guard White,
7563,Carmine GP Guard White,
7564,Ryu Arms・Red,
7565,Ryu F Arms・Red,
7566,Ryu FZ Arms・Red,
7567,Ryu HS Arms・Red,
7568,Ryu GS Arms・Red,
7569,Ryu GP Arms・Red,
7570,Ryu Guard・Red,
7571,Ryu F Guard・Red,
7572,Ryu FZ Guard・Red,
7573,Ryu HS Guard・Red,
7574,Ryu GS Guard・Red,
7575,Ryu GP Guard・Red,
7576,Ryu Arms・Blue,
7577,Ryu F Arms・Blue,
7578,Ryu FZ Arms・Blue,
7579,Ryu HS Arms・Blue,
7580,Ryu GS Arms・Blue,
7581,Ryu GP Arms・Blue,
7582,Ryu Guard・Blue,
7583,Ryu F Guard・Blue,
7584,Ryu FZ Guard・Blue,
7585,Ryu HS Guard・Blue,
7586,Ryu GS Guard・Blue,
7587,Ryu GP Guard・Blue,
7588,Ryu Arms・Orange,
7589,Ryu F Arms・Orange,
7590,Ryu FZ Arms・Orange,
7591,Ryu HS Arms・Orange,
7592,Ryu GS Arms・Orange,
7593,Ryu GP Arms・Orange,
7594,Ryu Guard・Orange,
7595,Ryu F Guard・Orange,
7596,Ryu FZ Guard・Orange,
7597,Ryu HS Guard・Orange,
7598,Ryu GS Guard・Orange,
7599,Ryu GP Guard・Orange,
7600,Ryu Arms・Yellow,
7601,Ryu F Arms・Yellow,
7602,Ryu FZ Arms・Yellow,
7603,Ryu HS Arms・Yellow,
7604,Ryu GS Arms・Yellow,
7605,Ryu GP Arms・Yellow,
7606,Ryu Guard・Yellow,
7607,Ryu F Guard・Yellow,
7608,Ryu FZ Guard・Yellow,
7609,Ryu HS Guard・Yellow,
7610,Ryu GS Guard・Yellow,
7611,Ryu GP Guard・Yellow,
7612,Carriage Arms,
7613,Carriage F Arms,
7614,Carriage FZ Arms,
7615,Carriage HS Arms,
7616,Carriage GS Arms,
7617,Carriage GP Arms,
7618,Marble Arms,
7619,Marble F Arms,
7620,Marble FZ Arms,
7621,Marble HS Arms,
7622,Marble GS Arms,
7623,Marble GP Arms,
7624,Shandy Arms,
7625,Shandy F Arms,
7626,Shandy FZ Arms,
7627,Shandy HS Arms,
7628,Shandy GS Arms,
7629,Shandy GP Arms,
7630,Shandy Guard,
7631,Shandy F Guard,
7632,Shandy FZ Guard,
7633,Shandy HS Guard,
7634,Shandy GS Guard,
7635,Shandy GP Guard,
7636,Banquet Arms,
7637,Banquet F Arms,
7638,Banquet FZ Arms,
7639,Banquet HS Arms,
7640,Banquet GS Arms,
7641,Banquet GP Arms,
7642,ヴェラン Arms,
7643,ヴェランF Arms,
7644,ヴェランFZ Arms,
7645,ヴェランHS Arms,
7646,ヴェランGS Arms,
7647,ヴェランGP Arms,
7648,ランデグ Arms,
7649,ランデグF Arms,
7650,ランデグFZ Arms,
7651,ランデグHS Arms,
7652,ランデグGS Arms,
7653,ランデグGP Arms,
7654,ランデグ Guard,
7655,ランデグF Guard,
7656,ランデグFZ Guard,
7657,ランデグHS Guard,
7658,ランデグGS Guard,
7659,ランデグGP Guard,
7660,Endre Arms,
7661,Endre F Arms,
7662,Endre FZ Arms,
7663,Endre HS Arms,
7664,Endre GS Arms,
7665,Endre GP Arms,
7666,Endre Guard,
7667,Endre F Guard,
7668,Endre FZ Guard,
7669,Endre HS Guard,
7670,Endre GS Guard,
7671,Endre GP Guard,
7672,Sagittario Arms Red,
7673,Sagittario F Arms Red,
7674,Sagittario FZ Arms Red,
7675,Sagittario HS Arms Red,
7676,Sagittario GS Arms Red,
7677,Sagittario GP Arms Red,
7678,Sagittario Guard Red,
7679,Sagittario F Guard Red,
7680,Sagittario FZ Guard Red,
7681,Sagittario HS Guard Red,
7682,Sagittario GS Guard Red,
7683,Sagittario GP Guard Red,
7684,Sagittario Arms Blue,
7685,Sagittario F Arms Blue,
7686,Sagittario FZ Arms Blue,
7687,Sagittario HS Arms Blue,
7688,Sagittario GS Arms Blue,
7689,Sagittario GP Arms Blue,
7690,Sagittario Guard Blue,
7691,Sagittario F Guard Blue,
7692,Sagittario FZ Guard Blue,
7693,Sagittario HS Guard Blue,
7694,Sagittario GS Guard Blue,
7695,Sagittario GP Guard Blue,
7696,Sagittario Arms Purple,
7697,Sagittario F Arms Purple,
7698,Sagittario FZ Arms Purple,
7699,Sagittario HS Arms Purple,
7700,Sagittario GS Arms Purple,
7701,Sagittario GP Arms Purple,
7702,Sagittario Guard Purple,
7703,Sagittario F Guard Purple,
7704,Sagittario FZ Guard Purple,
7705,Sagittario HS Guard Purple,
7706,Sagittario GS Guard Purple,
7707,Sagittario GP Guard Purple,
7708,Sagittario Arms Green,
7709,Sagittario F Arms Green,
7710,Sagittario FZ Arms Green,
7711,Sagittario HS Arms Green,
7712,Sagittario GS Arms Green,
7713,Sagittario GP Arms Green,
7714,Sagittario Guard Green,
7715,Sagittario F Guard Green,
7716,Sagittario FZ Guard Green,
7717,Sagittario HS Guard Green,
7718,Sagittario GS Guard Green,
7719,Sagittario GP Guard Green,
7720,Nina Arms・Red,
7721,Nina F Arms・Red,
7722,Nina FZ Arms・Red,
7723,Nina HS Arms・Red,
7724,Nina GS Arms・Red,
7725,Nina GP Arms・Red,
7726,Nina Guard・Red,
7727,Nina F Guard・Red,
7728,Nina FZ Guard・Red,
7729,Nina HS Guard・Red,
7730,Nina GS Guard・Red,
7731,Nina GP Guard・Red,
7732,Nina Arms・Green,
7733,Nina F Arms・Green,
7734,Nina FZ Arms・Green,
7735,Nina HS Arms・Green,
7736,Nina GS Arms・Green,
7737,Nina GP Arms・Green,
7738,Nina Guard・Green,
7739,Nina F Guard・Green,
7740,Nina FZ Guard・Green,
7741,Nina HS Guard・Green,
7742,Nina GS Guard・Green,
7743,Nina GP Guard・Green,
7744,Nina Arms・Peach,
7745,Nina F Arms・Peach,
7746,Nina FZ Arms・Peach,
7747,Nina HS Arms・Peach,
7748,Nina GS Arms・Peach,
7749,Nina GP Arms・Peach,
7750,Nina Guard・Peach,
7751,Nina F Guard・Peach,
7752,Nina FZ Guard・Peach,
7753,Nina HS Guard・Peach,
7754,Nina GS Guard・Peach,
7755,Nina GP Guard・Peach,
7756,Nina Arms・Blue,
7757,Nina F Arms・Blue,
7758,Nina FZ Arms・Blue,
7759,Nina HS Arms・Blue,
7760,Nina GS Arms・Blue,
7761,Nina GP Arms・Blue,
7762,Nina Guard・Blue,
7763,Nina F Guard・Blue,
7764,Nina FZ Guard・Blue,
7765,Nina HS Guard・Blue,
7766,Nina GS Guard・Blue,
7767,Nina GP Guard・Blue,
7768,Harze Arms,
7769,Harze F Arms,
7770,Harze FZ Arms,
7771,Harze HS Arms,
7772,Harze GS Arms,
7773,Harze GP Arms,
7774,Harze Guard,
7775,Harze F Guard,
7776,Harze FZ Guard,
7777,Harze HS Guard,
7778,Harze GS Guard,
7779,Harze GP Guard,
7780,Kuaru G Arms,
7781,Kuaru GF Arms,
7782,Kuaru GX Arms,
7783,Kuaru G Guard,
7784,Kuaru GF Guard,
7785,Kuaru GX Guard,
7786,Empress G Arms,
7787,Empress GF Arms,
7788,Empress GX Arms,
7789,Empress G Guard,
7790,Empress GF Guard,
7791,Empress GX Guard,
7792,Genesis G【手袋】,
7793,Genesis GF【手袋】,
7794,Genesis GX【手袋】,
7795,Motion G【手袋】,
7796,Motion GF【手袋】,
7797,Motion GX【手袋】,
7798,Pobo Arms,
7799,Pobo F Arms,
7800,Pobo FX Arms,
7801,Pobo G Arms,
7802,Pobo GF Arms,
7803,Pobo Guard,
7804,Pobo F Guard,
7805,Pobo FX Guard,
7806,Pobo G Guard,
7807,Pobo GF Guard,
7808,Rath Soul G Arms,
7809,Rath Soul GF Arms,
7810,Rath Soul GX Arms,
7811,Rath Soul G Guard,
7812,Rath Soul GF Guard,
7813,Rath Soul GX Guard,
7814,Rath Heart G Arms,
7815,Rath Heart GF Arms,
7816,Rath Heart GX Arms,
7817,Rath Heart G Guard,
7818,Rath Heart GF Guard,
7819,Rath Heart GX Guard,
7820,Shatemu Arms,
7821,Shatemu F Arms,
7822,Shatemu FZ Arms,
7823,Shatemu HS Arms,
7824,Shatemu GS Arms,
7825,Shatemu GP Arms,
7826,Shatemu Guard,
7827,Shatemu F Guard,
7828,Shatemu FZ Guard,
7829,Shatemu HS Guard,
7830,Shatemu GS Guard,
7831,Shatemu GP Guard,
7832,Hevria Arms,
7833,Hevria F Arms,
7834,Hevria FZ Arms,
7835,Hevria HS Arms,
7836,Hevria GS Arms,
7837,Hevria GP Arms,
7838,Hevria Guard,
7839,Hevria F Guard,
7840,Hevria FZ Guard,
7841,Hevria HS Guard,
7842,Hevria GS Guard,
7843,Hevria GP Guard,
7844,Tiuru Arms,
7845,Tiuru F Arms,
7846,Tiuru FZ Arms,
7847,Tiuru HS Arms,
7848,Tiuru GS Arms,
7849,Tiuru GP Arms,
7850,Tiuru Guard,
7851,Tiuru F Guard,
7852,Tiuru FZ Guard,
7853,Tiuru HS Guard,
7854,Tiuru GS Guard,
7855,Tiuru GP Guard,
7856,Bande Arms・Blue,
7857,Bande F Arms・Blue,
7858,Bande FZ Arms・Blue,
7859,Bande HS Arms・Blue,
7860,Bande GS Arms・Blue,
7861,Bande GP Arms・Blue,
7862,Bande Guard・Blue,
7863,Bande F Guard・Blue,
7864,Bande FZ Guard・Blue,
7865,Bande HS Guard・Blue,
7866,Bande GS Guard・Blue,
7867,Bande GP Guard・Blue,
7868,Bande Arms・Red,
7869,Bande F Arms・Red,
7870,Bande FZ Arms・Red,
7871,Bande HS Arms・Red,
7872,Bande GS Arms・Red,
7873,Bande GP Arms・Red,
7874,Bande Guard・Red,
7875,Bande F Guard・Red,
7876,Bande FZ Guard・Red,
7877,Bande HS Guard・Red,
7878,Bande GS Guard・Red,
7879,Bande GP Guard・Red,
7880,Bande Arms・Green,
7881,Bande F Arms・Green,
7882,Bande FZ Arms・Green,
7883,Bande HS Arms・Green,
7884,Bande GS Arms・Green,
7885,Bande GP Arms・Green,
7886,Bande Guard・Green,
7887,Bande F Guard・Green,
7888,Bande FZ Guard・Green,
7889,Bande HS Guard・Green,
7890,Bande GS Guard・Green,
7891,Bande GP Guard・Green,
7892,Bande Arms・Black,
7893,Bande F Arms・Black,
7894,Bande FZ Arms・Black,
7895,Bande HS Arms・Black,
7896,Bande GS Arms・Black,
7897,Bande GP Arms・Black,
7898,Bande Guard・Black,
7899,Bande F Guard・Black,
7900,Bande FZ Guard・Black,
7901,Bande HS Guard・Black,
7902,Bande GS Guard・Black,
7903,Bande GP Guard・Black,
7904,Tenpi Kote・Red,
7905,Tenpi Kote F・Red,
7906,Tenpi Kote FZ・Red,
7907,Tenpi Kote HS・Red,
7908,Tenpi Kote GS・Red,
7909,Tenpi Kote GP・Red,
7910,Tenpi Gauntlets・Red,
7911,Tenpi Gauntlets F・Red,
7912,Tenpi Gauntlets FZ・Red,
7913,Tenpi Gauntlets HS・Red,
7914,Tenpi Gauntlets GS・Red,
7915,Tenpi Gauntlets GP・Red,
7916,Tenpi Kote・Blue,
7917,Tenpi Kote F・Blue,
7918,Tenpi Kote FZ・Blue,
7919,Tenpi Kote HS・Blue,
7920,Tenpi Kote GS・Blue,
7921,Tenpi Kote GP・Blue,
7922,Tenpi Gauntlets・Blue,
7923,Tenpi Gauntlets F・Blue,
7924,Tenpi Gauntlets FZ・Blue,
7925,Tenpi Gauntlets HS・Blue,
7926,Tenpi Gauntlets GS・Blue,
7927,Tenpi Gauntlets GP・Blue,
7928,Tenpi Kote・Black,
7929,Tenpi Kote F・Black,
7930,Tenpi Kote FZ・Black,
7931,Tenpi Kote HS・Black,
7932,Tenpi Kote GS・Black,
7933,Tenpi Kote GP・Black,
7934,Tenpi Gauntlets・Black,
7935,Tenpi Gauntlets F・Black,
7936,Tenpi Gauntlets FZ・Black,
7937,Tenpi Gauntlets HS・Black,
7938,Tenpi Gauntlets GS・Black,
7939,Tenpi Gauntlets GP・Black,
7940,Tenpi Kote・White,
7941,Tenpi Kote F・White,
7942,Tenpi Kote FZ・White,
7943,Tenpi Kote HS・White,
7944,Tenpi Kote GS・White,
7945,Tenpi Kote GP・White,
7946,Tenpi Gauntlets・White,
7947,Tenpi Gauntlets F・White,
7948,Tenpi Gauntlets FZ・White,
7949,Tenpi Gauntlets HS・White,
7950,Tenpi Gauntlets GS・White,
7951,Tenpi Gauntlets GP・White,
7952,Tenpi Sleeve・Red,
7953,Tenpi Sleeve F・Red,
7954,Tenpi Sleeve FZ・Red,
7955,Tenpi Sleeve HS・Red,
7956,Tenpi Sleeve GS・Red,
7957,Tenpi Sleeve GP・Red,
7958,Tenpi Gloves・Red,
7959,Tenpi Gloves F・Red,
7960,Tenpi Gloves FZ・Red,
7961,Tenpi Gloves HS・Red,
7962,Tenpi Gloves GS・Red,
7963,Tenpi Gloves GP・Red,
7964,Tenpi Sleeve・Blue,
7965,Tenpi Sleeve F・Blue,
7966,Tenpi Sleeve FZ・Blue,
7967,Tenpi Sleeve HS・Blue,
7968,Tenpi Sleeve GS・Blue,
7969,Tenpi Sleeve GP・Blue,
7970,Tenpi Gloves・Blue,
7971,Tenpi Gloves F・Blue,
7972,Tenpi Gloves FZ・Blue,
7973,Tenpi Gloves HS・Blue,
7974,Tenpi Gloves GS・Blue,
7975,Tenpi Gloves GP・Blue,
7976,Tenpi Sleeve・Black,
7977,Tenpi Sleeve F・Black,
7978,Tenpi Sleeve FZ・Black,
7979,Tenpi Sleeve HS・Black,
7980,Tenpi Sleeve GS・Black,
7981,Tenpi Sleeve GP・Black,
7982,Tenpi Gloves・Black,
7983,Tenpi Gloves F・Black,
7984,Tenpi Gloves FZ・Black,
7985,Tenpi Gloves HS・Black,
7986,Tenpi Gloves GS・Black,
7987,Tenpi Gloves GP・Black,
7988,Tenpi Sleeve・White,
7989,Tenpi Sleeve F・White,
7990,Tenpi Sleeve FZ・White,
7991,Tenpi Sleeve HS・White,
7992,Tenpi Sleeve GS・White,
7993,Tenpi Sleeve GP・White,
7994,Tenpi Gloves・White,
7995,Tenpi Gloves F・White,
7996,Tenpi Gloves FZ・White,
7997,Tenpi Gloves HS・White,
7998,Tenpi Gloves GS・White,
7999,Tenpi Gloves GP・White,
8000,Ruban Arms,
8001,Ruban F Arms,
8002,Ruban FZ Arms,
8003,Ruban HS Arms,
8004,Ruban GS Arms,
8005,Ruban GP Arms,
8006,Ruban Guard,
8007,Ruban F Guard,
8008,Ruban FZ Guard,
8009,Ruban HS Guard,
8010,Ruban GS Guard,
8011,Ruban GP Guard,
8012,Orloj Arms,
8013,Orloj F Arms,
8014,Orloj FZ Arms,
8015,Orloj HS Arms,
8016,Orloj GS Arms,
8017,Orloj GP Arms,
8018,Orloj Guard,
8019,Orloj F Guard,
8020,Orloj FZ Guard,
8021,Orloj HS Guard,
8022,Orloj GS Guard,
8023,Orloj GP Guard,
8024,L'Amore Arms,
8025,L'Amore F Arms,
8026,L'Amore FZ Arms,
8027,L'Amore HS Arms,
8028,L'Amore GS Arms,
8029,L'Amore GP Arms,
8030,L'Amore Guard,
8031,L'Amore F Guard,
8032,L'Amore FZ Guard,
8033,L'Amore HS Guard,
8034,L'Amore GS Guard,
8035,L'Amore GP Guard,
8036,Dolce Arms,
8037,Dolce F Arms,
8038,Dolce FZ Arms,
8039,Dolce HS Arms,
8040,Dolce GS Arms,
8041,Dolce GP Arms,
8042,Dolce Guard,
8043,Dolce F Guard,
8044,Dolce FZ Guard,
8045,Dolce HS Guard,
8046,Dolce GS Guard,
8047,Dolce GP Guard,
8048,Bendi Arms,
8049,Bendi F Arms,
8050,Bendi FZ Arms,
8051,Bendi HS Arms,
8052,Bendi GS Arms,
8053,Bendi GP Arms,
8054,Bendi Guard,
8055,Bendi F Guard,
8056,Bendi FZ Guard,
8057,Bendi HS Guard,
8058,Bendi GS Guard,
8059,Bendi GP Guard,
8060,Revenants Grip,
8061,Revenants F Grip,
8062,Revenants FZ Grip,
8063,Revenants HS Grip,
8064,Revenants GS Grip,
8065,Revenants GP Grip,
8066,Revenants Grasp,
8067,Revenants F Grasp,
8068,Revenants FZ Grasp,
8069,Revenants HS Grasp,
8070,Revenants GS Grasp,
8071,Revenants GP Grasp,
8072,Lucis F Arms,
8073,Lucis HS Arms,
8074,Lucis GS Arms,
8075,Lucis GP Arms,
8076,Lucis F Guard,
8077,Lucis HS Guard,
8078,Lucis GS Guard,
8079,Lucis GP Guard,
8080,Risaaza HS Arms,
8081,Risaaza GS Arms,
8082,Risaaza GP Arms,
8083,Risaaza HS Guard,
8084,Risaaza GS Guard,
8085,Risaaza GP Guard,
8086,Anteka グローブ,
8087,Anteka Fグローブ,
8088,Anteka FYグローブ,
8089,Anteka HSグローブ,
8090,Anteka Gグローブ,
8091,Anteka GFグローブ,
8092,Anteka GXグローブ,
8093,Quoiz Arms,
8094,Quoiz F Arms,
8095,Quoiz FY Arms,
8096,Quoiz HS Arms,
8097,Quoiz G Arms,
8098,Quoiz GF Arms,
8099,Quoiz GX Arms,
8100,Quoiz Guard,
8101,Quoiz F Guard,
8102,Quoiz FY Guard,
8103,Quoiz HS Guard,
8104,Quoiz G Guard,
8105,Quoiz GF Guard,
8106,Quoiz GX Guard,
8107,Kalais Arms,
8108,Kalais F Arms,
8109,Kalais FY Arms,
8110,Kalais HS Arms,
8111,Kalais G Arms,
8112,Kalais GF Arms,
8113,Kalais GX Arms,
8114,Kalais Guard,
8115,Kalais F Guard,
8116,Kalais FY Guard,
8117,Kalais HS Guard,
8118,Kalais G Guard,
8119,Kalais GF Guard,
8120,Kalais GX Guard,
8121,Yoruti Arms,
8122,Yoruti F Arms,
8123,Yoruti FY Arms,
8124,Yoruti HS Arms,
8125,Yoruti G Arms,
8126,Yoruti GF Arms,
8127,Yoruti GX Arms,
8128,Yoruti Guard,
8129,Yoruti F Guard,
8130,Yoruti FY Guard,
8131,Yoruti HS Guard,
8132,Yoruti G Guard,
8133,Yoruti GF Guard,
8134,Yoruti GX Guard,
8135,Haragan Arms,
8136,Haragan F Arms,
8137,Haragan FY Arms,
8138,Haragan HS Arms,
8139,Haragan G Arms,
8140,Haragan GF Arms,
8141,Haragan GX Arms,
8142,Haragan Guard,
8143,Haragan F Guard,
8144,Haragan FY Guard,
8145,Haragan HS Guard,
8146,Haragan G Guard,
8147,Haragan GF Guard,
8148,Haragan GX Guard,
8149,Rios Arms,
8150,Rios F Arms,
8151,Rios FY Arms,
8152,Rios HS Arms,
8153,Rios G Arms,
8154,Rios GF Arms,
8155,Rios GX Arms,
8156,Rios Guard,
8157,Rios F Guard,
8158,Rios FY Guard,
8159,Rios HS Guard,
8160,Rios G Guard,
8161,Rios GF Guard,
8162,Rios GX Guard,
8163,Mist 【袖】,
8164,Mist F【袖】,
8165,Mist FY【袖】,
8166,Mist HS【袖】,
8167,Mist G【袖】,
8168,Mist GF【袖】,
8169,Mist GX【袖】,
8170,Fog [Sleeve 】,
8171,Fog F [Sleeve 】,
8172,Fog FY [Sleeve 】,
8173,Fog HS [Sleeve 】,
8174,Fog G [Sleeve 】,
8175,Fog GF [Sleeve 】,
8176,Fog GX [Sleeve 】,
8177,Rodokuru Arms,
8178,Rodokuru F Arms,
8179,Rodokuru FY Arms,
8180,Rodokuru HS Arms,
8181,Rodokuru G Arms,
8182,Rodokuru GF Arms,
8183,Rodokuru GX Arms,
8184,Noir FY Arms,
8185,Noir HS Arms,
8186,Noir G Arms,
8187,Noir GF Arms,
8188,Noir GX Arms,
8189,Demon Lord Kote G,
8190,Demon Lord Kote GF,
8191,Demon Lord Kote GX,
8192,童子ノ Kote G,
8193,童子ノ Kote GF,
8194,童子ノ Kote GX,
8195,Trume Arms,
8196,Trume F Arms,
8197,Trume FZ Arms,
8198,Trume HS Arms,
8199,Trume GS Arms,
8200,Trume GP Arms,
8201,Trume Guard,
8202,Trume F Guard,
8203,Trume FZ Guard,
8204,Trume HS Guard,
8205,Trume GS Guard,
8206,Trume GP Guard,
8207,Gogomoa G Arms,
8208,Gogomoa GF Arms,
8209,Gogomoa GX Arms,
8210,Gogomoa G Guard,
8211,Gogomoa GF Guard,
8212,Gogomoa GX Guard,
8213,Varusa Arms,
8214,Varusa F Arms,
8215,Varusa FX Arms,
8216,Varusa G Arms,
8217,Varusa GF Arms,
8218,Varusa Guard,
8219,Varusa F Guard,
8220,Varusa FX Guard,
8221,Varusa G Guard,
8222,Varusa GF Guard,
8223,Flame GF Arms,
8224,Flame GF Guard,
8225,Lils GF Arms,
8226,Lils GF Guard,
8227,Asteli Arms・White,
8228,Asteli F Arms・White,
8229,Asteli FZ Arms・White,
8230,Asteli HS Arms・White,
8231,Asteli GS Arms・White,
8232,Asteli GP Arms・White,
8233,Asteli Guard・White,
8234,Asteli F Guard・White,
8235,Asteli FZ Guard・White,
8236,Asteli HS Guard・White,
8237,Asteli GS Guard・White,
8238,Asteli GP Guard・White,
8239,Asteli Arms・Blue,
8240,Asteli F Arms・Blue,
8241,Asteli FZ Arms・Blue,
8242,Asteli HS Arms・Blue,
8243,Asteli GS Arms・Blue,
8244,Asteli GP Arms・Blue,
8245,Asteli Guard・Blue,
8246,Asteli F Guard・Blue,
8247,Asteli FZ Guard・Blue,
8248,Asteli HS Guard・Blue,
8249,Asteli GS Guard・Blue,
8250,Asteli GP Guard・Blue,
8251,Asteli Arms・Red,
8252,Asteli F Arms・Red,
8253,Asteli FZ Arms・Red,
8254,Asteli HS Arms・Red,
8255,Asteli GS Arms・Red,
8256,Asteli GP Arms・Red,
8257,Asteli Guard・Red,
8258,Asteli F Guard・Red,
8259,Asteli FZ Guard・Red,
8260,Asteli HS Guard・Red,
8261,Asteli GS Guard・Red,
8262,Asteli GP Guard・Red,
8263,Asteli Arms・Black,
8264,Asteli F Arms・Black,
8265,Asteli FZ Arms・Black,
8266,Asteli HS Arms・Black,
8267,Asteli GS Arms・Black,
8268,Asteli GP Arms・Black,
8269,Asteli Guard・Black,
8270,Asteli F Guard・Black,
8271,Asteli FZ Guard・Black,
8272,Asteli HS Guard・Black,
8273,Asteli GS Guard・Black,
8274,Asteli GP Guard・Black,
8275,Lucchese Arms,
8276,Lucchese F Arms,
8277,Lucchese FY Arms,
8278,Lucchese HS Arms,
8279,Lucchese G Arms,
8280,Lucchese GF Arms,
8281,Lucchese GX Arms,
8282,Lucchese Guard,
8283,Lucchese F Guard,
8284,Lucchese FY Guard,
8285,Lucchese HS Guard,
8286,Lucchese G Guard,
8287,Lucchese GF Guard,
8288,Lucchese GX Guard,
8289,Orykto G Arms,
8290,Orykto GF Arms,
8291,Orykto GX Arms,
8292,Orykto G Guard,
8293,Orykto GF Guard,
8294,Orykto GX Guard,
8295,Bonito Arms,
8296,Bonito F Arms,
8297,Bonito FY Arms,
8298,Bonito HS Arms,
8299,Bonito G Arms,
8300,Bonito GF Arms,
8301,Bonito GX Arms,
8302,Bonito Guard,
8303,Bonito F Guard,
8304,Bonito FY Guard,
8305,Bonito HS Guard,
8306,Bonito G Guard,
8307,Bonito GF Guard,
8308,Bonito GX Guard,
8309,Silver Ruler G【 Kote 】,
8310,Silver Ruler GF【 Kote 】,
8311,Silver Ruler GX【 Kote 】,
8312,Silver Control G【 Kote 】,
8313,Silver Control GF【 Kote 】,
8314,Silver Control GX【 Kote 】,
8315,Harudo Arms,
8316,Harudo F Arms,
8317,Harudo FX Arms,
8318,Harudo G Arms,
8319,Harudo GF Arms,
8320,Harudo Guard,
8321,Harudo F Guard,
8322,Harudo FX Guard,
8323,Harudo G Guard,
8324,Harudo GF Guard,
8325,Gureado Arms,
8326,Gureado F Arms,
8327,Gureado FX Arms,
8328,Gureado G Arms,
8329,Gureado GF Arms,
8330,Gureado Guard,
8331,Gureado F Guard,
8332,Gureado FX Guard,
8333,Gureado G Guard,
8334,Gureado GF Guard,
8335,Akantor Gサクンペ,
8336,Akantor GFサクンペ,
8337,Akantor GXサクンペ,
8338,Akantor Gノキリペ,
8339,Akantor GFノキリペ,
8340,Akantor GXノキリペ,
8341,G.Plesioth G Arms,
8342,G.Plesioth GF Arms,
8343,G.Plesioth GX Arms,
8344,G.Plesioth G Guard,
8345,G.Plesioth GF Guard,
8346,G.Plesioth GX Guard,
8347,Bright Hypnoc G Arms,
8348,Bright Hypnoc GF Arms,
8349,Bright Hypnoc GX Arms,
8350,Bright Hypnoc G Guard,
8351,Bright Hypnoc GF Guard,
8352,Bright Hypnoc GX Guard,
8353,Blitz GX Arms,
8354,Blitz GXグローブ,
8355,Stroma GX Arms,
8356,Stroma GX Guard,
8357,Diboa GX Arms,
8358,Diboa GX Guard,
8359,Regnum Arms・White,
8360,Regnum F Arms・White,
8361,Regnum FZ Arms・White,
8362,Regnum HS Arms・White,
8363,Regnum GS Arms・White,
8364,Regnum GP Arms・White,
8365,Regnum Guard・White,
8366,Regnum F Guard・White,
8367,Regnum FZ Guard・White,
8368,Regnum HS Guard・White,
8369,Regnum GS Guard・White,
8370,Regnum GP Guard・White,
8371,Regnum Arms・Blue,
8372,Regnum F Arms・Blue,
8373,Regnum FZ Arms・Blue,
8374,Regnum HS Arms・Blue,
8375,Regnum GS Arms・Blue,
8376,Regnum GP Arms・Blue,
8377,Regnum Guard・Blue,
8378,Regnum F Guard・Blue,
8379,Regnum FZ Guard・Blue,
8380,Regnum HS Guard・Blue,
8381,Regnum GS Guard・Blue,
8382,Regnum GP Guard・Blue,
8383,Regnum Arms・Red,
8384,Regnum F Arms・Red,
8385,Regnum FZ Arms・Red,
8386,Regnum HS Arms・Red,
8387,Regnum GS Arms・Red,
8388,Regnum GP Arms・Red,
8389,Regnum Guard・Red,
8390,Regnum F Guard・Red,
8391,Regnum FZ Guard・Red,
8392,Regnum HS Guard・Red,
8393,Regnum GS Guard・Red,
8394,Regnum GP Guard・Red,
8395,Regnum Arms・Tea,
8396,Regnum F Arms・Tea,
8397,Regnum FZ Arms・Tea,
8398,Regnum HS Arms・Tea,
8399,Regnum GS Arms・Tea,
8400,Regnum GP Arms・Tea,
8401,Regnum Guard・Tea,
8402,Regnum F Guard・Tea,
8403,Regnum FZ Guard・Tea,
8404,Regnum HS Guard・Tea,
8405,Regnum GS Guard・Tea,
8406,Regnum GP Guard・Tea,
8407,Marin Arms・Blue,
8408,Marin F Arms・Blue,
8409,Marin FZ Arms・Blue,
8410,Marin HS Arms・Blue,
8411,Marin GS Arms・Blue,
8412,Marin GP Arms・Blue,
8413,Marin Guard・Blue,
8414,Marin F Guard・Blue,
8415,Marin FZ Guard・Blue,
8416,Marin HS Guard・Blue,
8417,Marin GS Guard・Blue,
8418,Marin GP Guard・Blue,
8419,Marin Arms・Peach,
8420,Marin F Arms・Peach,
8421,Marin FZ Arms・Peach,
8422,Marin HS Arms・Peach,
8423,Marin GS Arms・Peach,
8424,Marin GP Arms・Peach,
8425,Marin Guard・Peach,
8426,Marin F Guard・Peach,
8427,Marin FZ Guard・Peach,
8428,Marin HS Guard・Peach,
8429,Marin GS Guard・Peach,
8430,Marin GP Guard・Peach,
8431,Marin Arms・White,
8432,Marin F Arms・White,
8433,Marin FZ Arms・White,
8434,Marin HS Arms・White,
8435,Marin GS Arms・White,
8436,Marin GP Arms・White,
8437,Marin Guard・White,
8438,Marin F Guard・White,
8439,Marin FZ Guard・White,
8440,Marin HS Guard・White,
8441,Marin GS Guard・White,
8442,Marin GP Guard・White,
8443,Marin Arms・Black,
8444,Marin F Arms・Black,
8445,Marin FZ Arms・Black,
8446,Marin HS Arms・Black,
8447,Marin GS Arms・Black,
8448,Marin GP Arms・Black,
8449,Marin Guard・Black,
8450,Marin F Guard・Black,
8451,Marin FZ Guard・Black,
8452,Marin HS Guard・Black,
8453,Marin GS Guard・Black,
8454,Marin GP Guard・Black,
8455,Reflet Arms・Blue,
8456,Reflet F Arms・Blue,
8457,Reflet FZ Arms・Blue,
8458,Reflet HS Arms・Blue,
8459,Reflet GS Arms・Blue,
8460,Reflet GP Arms・Blue,
8461,Reflet Guard・Blue,
8462,Reflet F Guard・Blue,
8463,Reflet FZ Guard・Blue,
8464,Reflet HS Guard・Blue,
8465,Reflet GS Guard・Blue,
8466,Reflet GP Guard・Blue,
8467,Reflet Arms・White,
8468,Reflet F Arms・White,
8469,Reflet FZ Arms・White,
8470,Reflet HS Arms・White,
8471,Reflet GS Arms・White,
8472,Reflet GP Arms・White,
8473,Reflet Guard・White,
8474,Reflet F Guard・White,
8475,Reflet FZ Guard・White,
8476,Reflet HS Guard・White,
8477,Reflet GS Guard・White,
8478,Reflet GP Guard・White,
8479,Reflet Arms・Red,
8480,Reflet F Arms・Red,
8481,Reflet FZ Arms・Red,
8482,Reflet HS Arms・Red,
8483,Reflet GS Arms・Red,
8484,Reflet GP Arms・Red,
8485,Reflet Guard・Red,
8486,Reflet F Guard・Red,
8487,Reflet FZ Guard・Red,
8488,Reflet HS Guard・Red,
8489,Reflet GS Guard・Red,
8490,Reflet GP Guard・Red,
8491,Reflet Arms・Black,
8492,Reflet F Arms・Black,
8493,Reflet FZ Arms・Black,
8494,Reflet HS Arms・Black,
8495,Reflet GS Arms・Black,
8496,Reflet GP Arms・Black,
8497,Reflet Guard・Black,
8498,Reflet F Guard・Black,
8499,Reflet FZ Guard・Black,
8500,Reflet HS Guard・Black,
8501,Reflet GS Guard・Black,
8502,Reflet GP Guard・Black,
8503,CE Kevlar BM Arms Blue,
8504,CE Kevlar F BM Arms Blue,
8505,CE Kevlar FZ BM Arms Blue,
8506,CE Kevlar HS BM Arms Blue,
8507,CE Kevlar GS BM Arms Blue,
8508,CE Kevlar GP BM Arms Blue,
8509,CE Kevlar 腕:Bow Blue,
8510,CE Kevlar F腕:Bow Blue,
8511,CE Kevlar FZ腕:Bow Blue,
8512,CE Kevlar HS腕:Bow Blue,
8513,CE Kevlar GS腕:Bow Blue,
8514,CE Kevlar GP腕:Bow Blue,
8515,CE Kevlar BM Arms Red,
8516,CE Kevlar F BM Arms Red,
8517,CE Kevlar FZ BM Arms Red,
8518,CE Kevlar HS BM Arms Red,
8519,CE Kevlar GS BM Arms Red,
8520,CE Kevlar GP BM Arms Red,
8521,CE Kevlar 腕:Bow Red,
8522,CE Kevlar F腕:Bow Red,
8523,CE Kevlar FZ腕:Bow Red,
8524,CE Kevlar HS腕:Bow Red,
8525,CE Kevlar GS腕:Bow Red,
8526,CE Kevlar GP腕:Bow Red,
8527,CE Kevlar BM Arms White,
8528,CE Kevlar F BM Arms White,
8529,CE Kevlar FZ BM Arms White,
8530,CE Kevlar HS BM Arms White,
8531,CE Kevlar GS BM Arms White,
8532,CE Kevlar GP BM Arms White,
8533,CE Kevlar 腕:Bow White,
8534,CE Kevlar F腕:Bow White,
8535,CE Kevlar FZ腕:Bow White,
8536,CE Kevlar HS腕:Bow White,
8537,CE Kevlar GS腕:Bow White,
8538,CE Kevlar GP腕:Bow White,
8539,CE Kevlar BM Arms Black,
8540,CE Kevlar F BM Arms Black,
8541,CE Kevlar FZ BM Arms Black,
8542,CE Kevlar HS BM Arms Black,
8543,CE Kevlar GS BM Arms Black,
8544,CE Kevlar GP BM Arms Black,
8545,CE Kevlar 腕:Bow Black,
8546,CE Kevlar F腕:Bow Black,
8547,CE Kevlar FZ腕:Bow Black,
8548,CE Kevlar HS腕:Bow Black,
8549,CE Kevlar GS腕:Bow Black,
8550,CE Kevlar GP腕:Bow Black,
8551,AB Layer BM Arms Red,
8552,AB Layer F BM Arms Red,
8553,AB Layer FZ BM Arms Red,
8554,AB Layer HS BM Arms Red,
8555,AB Layer GS BM Arms Red,
8556,AB Layer GP BM Arms Red,
8557,AB Layer 腕:Bow Red,
8558,AB Layer F腕:Bow Red,
8559,AB Layer FZ腕:Bow Red,
8560,AB Layer HS腕:Bow Red,
8561,AB Layer GS腕:Bow Red,
8562,AB Layer GP腕:Bow Red,
8563,AB Layer BM Arms Blue,
8564,AB Layer F BM Arms Blue,
8565,AB Layer FZ BM Arms Blue,
8566,AB Layer HS BM Arms Blue,
8567,AB Layer GS BM Arms Blue,
8568,AB Layer GP BM Arms Blue,
8569,AB Layer 腕:Bow Blue,
8570,AB Layer F腕:Bow Blue,
8571,AB Layer FZ腕:Bow Blue,
8572,AB Layer HS腕:Bow Blue,
8573,AB Layer GS腕:Bow Blue,
8574,AB Layer GP腕:Bow Blue,
8575,AB Layer BM Arms Black,
8576,AB Layer F BM Arms Black,
8577,AB Layer FZ BM Arms Black,
8578,AB Layer HS BM Arms Black,
8579,AB Layer GS BM Arms Black,
8580,AB Layer GP BM Arms Black,
8581,AB Layer 腕:Bow Black,
8582,AB Layer F腕:Bow Black,
8583,AB Layer FZ腕:Bow Black,
8584,AB Layer HS腕:Bow Black,
8585,AB Layer GS腕:Bow Black,
8586,AB Layer GP腕:Bow Black,
8587,AB Layer BM Arms White,
8588,AB Layer F BM Arms White,
8589,AB Layer FZ BM Arms White,
8590,AB Layer HS BM Arms White,
8591,AB Layer GS BM Arms White,
8592,AB Layer GP BM Arms White,
8593,AB Layer 腕:Bow White,
8594,AB Layer F腕:Bow White,
8595,AB Layer FZ腕:Bow White,
8596,AB Layer HS腕:Bow White,
8597,AB Layer GS腕:Bow White,
8598,AB Layer GP腕:Bow White,
8599,Bronte Arms,
8600,Bronte F Arms,
8601,Bronte FZ Arms,
8602,Bronte HS Arms,
8603,Bronte GS Arms,
8604,Bronte GP Arms,
8605,Bronte Guard,
8606,Bronte F Guard,
8607,Bronte FZ Guard,
8608,Bronte HS Guard,
8609,Bronte GS Guard,
8610,Bronte GP Guard,
8611,Solene Arms,
8612,Solene F Arms,
8613,Solene FZ Arms,
8614,Solene HS Arms,
8615,Solene GS Arms,
8616,Solene GP Arms,
8617,Solene Guard,
8618,Solene F Guard,
8619,Solene FZ Guard,
8620,Solene HS Guard,
8621,Solene GS Guard,
8622,Solene GP Guard,
8623,Lapine Arms,
8624,Lapine F Arms,
8625,Lapine FZ Arms,
8626,Lapine HS Arms,
8627,Lapine GS Arms,
8628,Lapine GP Arms,
8629,Lapine Guard,
8630,Lapine F Guard,
8631,Lapine FZ Guard,
8632,Lapine HS Guard,
8633,Lapine GS Guard,
8634,Lapine GP Guard,
8635,Magos GP Arms・Yellow,
8636,Magos GP Guard・Yellow,
8637,Magos GP Arms・Red,
8638,Magos GP Guard・Red,
8639,Magos GP Arms・Water,
8640,Magos GP Guard・Water,
8641,Magos GP Arms・Blue,
8642,Magos GP Guard・Blue,
8643,Yukumo ノコテ・Heaven,
8644,Yukumo ノコテG・Heaven,
8645,Yukumo ノコテGF・Heaven,
8646,Yukumo ノコテGX・Heaven,
8647,Furogada G Arms,
8648,Furogada GF Arms,
8649,Furogada GX Arms,
8650,Yukumo ノコテ・Earth,
8651,Yukumo ノコテG・Earth,
8652,Yukumo ノコテGF・Earth,
8653,Yukumo ノコテGX・Earth,
8654,Furogada G Guard,
8655,Furogada GF Guard,
8656,Furogada GX Guard,
8657,ダミー,
8658,ダミー,
8659,ダミー,
8660,ダミー,
8661,Rance G Arms,
8662,Rance GF Arms,
8663,Rance GX Arms,
8664,ダミー,
8665,ダミー,
8666,ダミー,
8667,ダミー,
8668,Rance G Guard,
8669,Rance GF Guard,
8670,Rance GX Guard,
8671,Meirida Arms,
8672,Meirida F Arms,
8673,Meirida FY Arms,
8674,Meirida HS Arms,
8675,Meirida G Arms,
8676,Meirida GF Arms,
8677,Meirida GX Arms,
8678,Meirida Guard,
8679,Meirida F Guard,
8680,Meirida FY Guard,
8681,Meirida HS Guard,
8682,Meirida G Guard,
8683,Meirida GF Guard,
8684,Meirida GX Guard,
8685,Maaden Arms,
8686,Maaden F Arms,
8687,Maaden FY Arms,
8688,Maaden HS Arms,
8689,Maaden G Arms,
8690,Maaden GF Arms,
8691,Maaden GX Arms,
8692,Maaden Guard,
8693,Maaden F Guard,
8694,Maaden FY Guard,
8695,Maaden HS Guard,
8696,Maaden G Guard,
8697,Maaden GF Guard,
8698,Maaden GX Guard,
8699,Kosho [Sleeve 】,
8700,Kosho F [Sleeve 】,
8701,Kosho FY [Sleeve 】,
8702,Kosho HS [Sleeve 】,
8703,Kosho G [Sleeve 】,
8704,Kosho GF [Sleeve 】,
8705,Kosho GX [Sleeve 】,
8706,Koro [Sleeve 】,
8707,Koro F [Sleeve 】,
8708,Koro FY [Sleeve 】,
8709,Koro HS [Sleeve 】,
8710,Koro G [Sleeve 】,
8711,Koro GF [Sleeve 】,
8712,Koro GX [Sleeve 】,
8713,Abuyado Arms,
8714,Abuyado F Arms,
8715,Abuyado FY Arms,
8716,Abuyado HS Arms,
8717,Abuyado G Arms,
8718,Abuyado GF Arms,
8719,Abuyado GX Arms,
8720,Abuyado Guard,
8721,Abuyado F Guard,
8722,Abuyado FY Guard,
8723,Abuyado HS Guard,
8724,Abuyado G Guard,
8725,Abuyado GF Guard,
8726,Abuyado GX Guard,
8727,Gorukku グローブ,
8728,Gorukku Fグローブ,
8729,Gorukku FYグローブ,
8730,Gorukku HSグローブ,
8731,Gorukku Gグローブ,
8732,Gorukku GFグローブ,
8733,Gorukku GXグローブ,
8734,Gorukku ミトン,
8735,Gorukku Fミトン,
8736,Gorukku FYミトン,
8737,Gorukku HSミトン,
8738,Gorukku Gミトン,
8739,Gorukku GFミトン,
8740,Gorukku GXミトン,
8741,Shimashima Arms,
8742,Shimashima F Arms,
8743,Shimashima FY Arms,
8744,Shimashima HS Arms,
8745,Shimashima G Arms,
8746,Shimashima GF Arms,
8747,Shimashima GX Arms,
8748,Shimashima Guard,
8749,Shimashima F Guard,
8750,Shimashima FY Guard,
8751,Shimashima HS Guard,
8752,Shimashima G Guard,
8753,Shimashima GF Guard,
8754,Shimashima GX Guard,
8755,Rath Duo FY Arms,
8756,Rath Duo HS Arms,
8757,Rath Duo G Arms,
8758,Rath Duo GF Arms,
8759,Rath Duo GX Arms,
8760,Rath Duo FY Guard,
8761,Rath Duo HS Guard,
8762,Rath Duo G Guard,
8763,Rath Duo GF Guard,
8764,Rath Duo GX Guard,
8765,Tandress HS Arms,
8766,Tandress G Arms,
8767,Tandress GF Arms,
8768,Tandress GX Arms,
8769,Tandress HS Guard,
8770,Tandress G Guard,
8771,Tandress GF Guard,
8772,Tandress GX Guard,
8773,Ranvuo Arms,
8774,Ranvuo F Arms,
8775,Ranvuo FY Arms,
8776,Ranvuo HS Arms,
8777,Ranvuo G Arms,
8778,Ranvuo GF Arms,
8779,Ranvuo GX Arms,
8780,Ranvuo Guard,
8781,Ranvuo F Guard,
8782,Ranvuo FY Guard,
8783,Ranvuo HS Guard,
8784,Ranvuo G Guard,
8785,Ranvuo GF Guard,
8786,Ranvuo GX Guard,
8787,Nyui Arms,
8788,Nyui F Arms,
8789,Nyui FY Arms,
8790,Nyui HS Arms,
8791,Nyui G Arms,
8792,Nyui GF Arms,
8793,Nyui GX Arms,
8794,Nyui Guard,
8795,Nyui F Guard,
8796,Nyui FY Guard,
8797,Nyui HS Guard,
8798,Nyui G Guard,
8799,Nyui GF Guard,
8800,Nyui GX Guard,
8801,ダミー,
8802,ダミー,
8803,ダミー,
8804,ダミー,
8805,Nympha G Arms,
8806,Nympha GF Arms,
8807,Nympha GX Arms,
8808,ダミー,
8809,ダミー,
8810,ダミー,
8811,ダミー,
8812,Nympha G Guard,
8813,Nympha GF Guard,
8814,Nympha GX Guard,
8815,Harudo GX Arms,
8816,Harudo GX Guard,
8817,Gureado GX Arms,
8818,Gureado GX Guard,
8819,Pics GP Arms・Green,
8820,Pics GP Guard・Green,
8821,Pics GP Arms・Purple,
8822,Pics GP Guard・Purple,
8823,Pics GP Arms・Black,
8824,Pics GP Guard・Black,
8825,Pics GP Arms・Water,
8826,Pics GP Guard・Water,
8827,ダミー,
8828,ダミー,
8829,Smart HS Arms,
8830,Smart GS Arms,
8831,Gasra Arms,
8832,Gasra F Arms,
8833,Gasra FX Arms,
8834,Gasra G Arms,
8835,Gasra GF Arms,
8836,Gasra GX Arms,
8837,Gasra Guard,
8838,Gasra F Guard,
8839,Gasra FX Guard,
8840,Gasra G Guard,
8841,Gasra GF Guard,
8842,Gasra GX Guard,
8843,Wrath G【 Kote 】,
8844,Wrath GF【 Kote 】,
8845,Wrath GX【 Kote 】,
8846,Anger G【 Kote 】,
8847,Anger GF【 Kote 】,
8848,Anger GX【 Kote 】,
8849,Abi G Arms,
8850,Abi GF Arms,
8851,Abi GX Arms,
8852,Abi G Guard,
8853,Abi GF Guard,
8854,Abi GX Guard,
8855,Zinogre Arms,
8856,Zinogre G Arms,
8857,Zinogre GF Arms,
8858,Zinogre GX Arms,
8859,Zinogre Guard,
8860,Zinogre G Guard,
8861,Zinogre GF Guard,
8862,Zinogre GX Guard,
8863,Gania Arms・Red,
8864,Gania F Arms・Red,
8865,Gania FZ Arms・Red,
8866,Gania HS Arms・Red,
8867,Gania GS Arms・Red,
8868,Gania GP Arms・Red,
8869,Gania Guard・Red,
8870,Gania F Guard・Red,
8871,Gania FZ Guard・Red,
8872,Gania HS Guard・Red,
8873,Gania GS Guard・Red,
8874,Gania GP Guard・Red,
8875,Gania Arms・Blue,
8876,Gania F Arms・Blue,
8877,Gania FZ Arms・Blue,
8878,Gania HS Arms・Blue,
8879,Gania GS Arms・Blue,
8880,Gania GP Arms・Blue,
8881,Gania Guard・Blue,
8882,Gania F Guard・Blue,
8883,Gania FZ Guard・Blue,
8884,Gania HS Guard・Blue,
8885,Gania GS Guard・Blue,
8886,Gania GP Guard・Blue,
8887,Gania Arms・Tea,
8888,Gania F Arms・Tea,
8889,Gania FZ Arms・Tea,
8890,Gania HS Arms・Tea,
8891,Gania GS Arms・Tea,
8892,Gania GP Arms・Tea,
8893,Gania Guard・Tea,
8894,Gania F Guard・Tea,
8895,Gania FZ Guard・Tea,
8896,Gania HS Guard・Tea,
8897,Gania GS Guard・Tea,
8898,Gania GP Guard・Tea,
8899,Gania Arms・Purple,
8900,Gania F Arms・Purple,
8901,Gania FZ Arms・Purple,
8902,Gania HS Arms・Purple,
8903,Gania GS Arms・Purple,
8904,Gania GP Arms・Purple,
8905,Gania Guard・Purple,
8906,Gania F Guard・Purple,
8907,Gania FZ Guard・Purple,
8908,Gania HS Guard・Purple,
8909,Gania GS Guard・Purple,
8910,Gania GP Guard・Purple,
8911,Dinato Arms,
8912,Dinato F Arms,
8913,Dinato FZ Arms,
8914,Dinato HS Arms,
8915,Dinato GS Arms,
8916,Dinato GP Arms,
8917,Dinato Guard,
8918,Dinato F Guard,
8919,Dinato FZ Guard,
8920,Dinato HS Guard,
8921,Dinato GS Guard,
8922,Dinato GP Guard,
8923,Duque Arms,
8924,Duque F Arms,
8925,Duque FZ Arms,
8926,Duque HS Arms,
8927,Duque GS Arms,
8928,Duque GP Arms,
8929,Duque Guard,
8930,Duque F Guard,
8931,Duque FZ Guard,
8932,Duque HS Guard,
8933,Duque GS Guard,
8934,Duque GP Guard,
8935,Granu Arms,
8936,Granu F Arms,
8937,Granu FZ Arms,
8938,Granu HS Arms,
8939,Granu GS Arms,
8940,Granu GP Arms,
8941,Granu Guard,
8942,Granu F Guard,
8943,Granu FZ Guard,
8944,Granu HS Guard,
8945,Granu GS Guard,
8946,Granu GP Guard,
8947,Plug Arms:01,
8948,Plug F Arms:01,
8949,Plug FZ Arms:01,
8950,Plug HS Arms:01,
8951,Plug GS Arms:01,
8952,Plug GP Arms:01,
8953,Plug Guard:01,
8954,Plug F Guard:01,
8955,Plug FZ Guard:01,
8956,Plug HS Guard:01,
8957,Plug GS Guard:01,
8958,Plug GP Guard:01,
8959,Plug Arms:00,
8960,Plug F Arms:00,
8961,Plug FZ Arms:00,
8962,Plug HS Arms:00,
8963,Plug GS Arms:00,
8964,Plug GP Arms:00,
8965,Plug Guard:00,
8966,Plug F Guard:00,
8967,Plug FZ Guard:00,
8968,Plug HS Guard:00,
8969,Plug GS Guard:00,
8970,Plug GP Guard:00,
8971,Unit-01 Arms,
8972,Unit-01 F Arms,
8973,Unit-01 FZ Arms,
8974,Unit-01 HS Arms,
8975,Unit-01 GS Arms,
8976,Unit-01 GP Arms,
8977,Unit-01 Guard,
8978,Unit-01 F Guard,
8979,Unit-01 FZ Guard,
8980,Unit-01 HS Guard,
8981,Unit-01 GS Guard,
8982,Unit-01 GP Guard,
8983,Unit-00 Arms,
8984,Unit-00 F Arms,
8985,Unit-00 FZ Arms,
8986,Unit-00 HS Arms,
8987,Unit-00 GS Arms,
8988,Unit-00 GP Arms,
8989,Unit-00 Guard,
8990,Unit-00 F Guard,
8991,Unit-00 FZ Guard,
8992,Unit-00 HS Guard,
8993,Unit-00 GS Guard,
8994,Unit-00 GP Guard,
8995,Dusk Arms・Red,
8996,Dusk F Arms・Red,
8997,Dusk FZ Arms・Red,
8998,Dusk HS Arms・Red,
8999,Dusk GS Arms・Red,
9000,Dusk GP Arms・Red,
9001,Dusk Guard・Red,
9002,Dusk F Guard・Red,
9003,Dusk FZ Guard・Red,
9004,Dusk HS Guard・Red,
9005,Dusk GS Guard・Red,
9006,Dusk GP Guard・Red,
9007,Dusk Arms・White,
9008,Dusk F Arms・White,
9009,Dusk FZ Arms・White,
9010,Dusk HS Arms・White,
9011,Dusk GS Arms・White,
9012,Dusk GP Arms・White,
9013,Dusk Guard・White,
9014,Dusk F Guard・White,
9015,Dusk FZ Guard・White,
9016,Dusk HS Guard・White,
9017,Dusk GS Guard・White,
9018,Dusk GP Guard・White,
9019,Dusk Arms・Peach,
9020,Dusk F Arms・Peach,
9021,Dusk FZ Arms・Peach,
9022,Dusk HS Arms・Peach,
9023,Dusk GS Arms・Peach,
9024,Dusk GP Arms・Peach,
9025,Dusk Guard・Peach,
9026,Dusk F Guard・Peach,
9027,Dusk FZ Guard・Peach,
9028,Dusk HS Guard・Peach,
9029,Dusk GS Guard・Peach,
9030,Dusk GP Guard・Peach,
9031,Dusk Arms・Blue,
9032,Dusk F Arms・Blue,
9033,Dusk FZ Arms・Blue,
9034,Dusk HS Arms・Blue,
9035,Dusk GS Arms・Blue,
9036,Dusk GP Arms・Blue,
9037,Dusk Guard・Blue,
9038,Dusk F Guard・Blue,
9039,Dusk FZ Guard・Blue,
9040,Dusk HS Guard・Blue,
9041,Dusk GS Guard・Blue,
9042,Dusk GP Guard・Blue,
9043,トイスト Arms,
9044,トイストF Arms,
9045,トイストFZ Arms,
9046,トイストHS Arms,
9047,トイストGS Arms,
9048,トイストGP Arms,
9049,トイスト Guard,
9050,トイストF Guard,
9051,トイストFZ Guard,
9052,トイストHS Guard,
9053,トイストGS Guard,
9054,トイストGP Guard,
9055,Nekodan Arms,
9056,Nekodan F Arms,
9057,Nekodan FZ Arms,
9058,Nekodan HS Arms,
9059,Nekodan GS Arms,
9060,Nekodan GP Arms,
9061,Aelucanth Brachia,
9062,Aelucanth G Brachia,
9063,Aelucanth GF Brachia,
9064,Aelucanth GX Brachia,
9065,Aelucanth ブラッソ,
9066,Aelucanth Gブラッソ,
9067,Aelucanth GFブラッソ,
9068,Aelucanth GXブラッソ,
9069,Rhopessa Brachia,
9070,Rhopessa G Brachia,
9071,Rhopessa GF Brachia,
9072,Rhopessa GX Brachia,
9073,Rhopessa ブラッソ,
9074,Rhopessa Gブラッソ,
9075,Rhopessa GFブラッソ,
9076,Rhopessa GXブラッソ,
9077,Riaruo G Arms,
9078,Riaruo GF Arms,
9079,Riaruo GX Arms,
9080,Riaruo G Guard,
9081,Riaruo GF Guard,
9082,Riaruo GX Guard,
9083,Ordre Arms,
9084,Ordre F Arms,
9085,Ordre FY Arms,
9086,Ordre HS Arms,
9087,Ordre G Arms,
9088,Ordre GF Arms,
9089,Ordre GX Arms,
9090,Ordre Guard,
9091,Ordre F Guard,
9092,Ordre FY Guard,
9093,Ordre HS Guard,
9094,Ordre G Guard,
9095,Ordre GF Guard,
9096,Ordre GX Guard,
9097,Cheni Arms,
9098,Cheni F Arms,
9099,Cheni FY Arms,
9100,Cheni HS Arms,
9101,Cheni G Arms,
9102,Cheni GF Arms,
9103,Cheni GX Arms,
9104,Cheni Guard,
9105,Cheni F Guard,
9106,Cheni FY Guard,
9107,Cheni HS Guard,
9108,Cheni G Guard,
9109,Cheni GF Guard,
9110,Cheni GX Guard,
9111,Miniomu Arms,
9112,Miniomu F Arms,
9113,Miniomu FY Arms,
9114,Miniomu HS Arms,
9115,Miniomu G Arms,
9116,Miniomu GF Arms,
9117,Miniomu GX Arms,
9118,Miniomu Guard,
9119,Miniomu F Guard,
9120,Miniomu FY Guard,
9121,Miniomu HS Guard,
9122,Miniomu G Guard,
9123,Miniomu GF Guard,
9124,Miniomu GX Guard,
9125,Once Arms,
9126,Once F Arms,
9127,Once FY Arms,
9128,Once HS Arms,
9129,Once G Arms,
9130,Once GF Arms,
9131,Once GX Arms,
9132,Once Guard,
9133,Once F Guard,
9134,Once FY Guard,
9135,Once HS Guard,
9136,Once G Guard,
9137,Once GF Guard,
9138,Once GX Guard,
9139,Kurai 【 Kote 】,
9140,Kurai F【 Kote 】,
9141,Kurai FX【 Kote 】,
9142,Kurai G【 Kote 】,
9143,Kurai GF【 Kote 】,
9144,Kurai GX【 Kote 】,
9145,Kurai 【 Kote 】,
9146,Kurai F【 Kote 】,
9147,Kurai FX【 Kote 】,
9148,Kurai G【 Kote 】,
9149,Kurai GF【 Kote 】,
9150,Kurai GX【 Kote 】,
9151,Monodevil G Arms,
9152,Monodevil GF Arms,
9153,Monodevil GX Arms,
9154,Monodevil G Guard,
9155,Monodevil GF Guard,
9156,Monodevil GX Guard,
9157,Black Diablos G Arms,
9158,Black Diablos GF Arms,
9159,Black Diablos GX Arms,
9160,Black Diablos G Guard,
9161,Black Diablos GF Guard,
9162,Black Diablos GX Guard,
9163,Wadatsumi GX [Sleeves 】,
9164,Okami GX [Sleeves 】,
9165,Odiva GX Arms,
9166,Odiva GX Guard,
9167,Elegance GX【 Kote 】,
9168,Grace GX【 Kote 】,
9169,Vangis Arms,
9170,Vangis G Arms,
9171,Vangis GF Arms,
9172,Vangis GX Arms,
9173,Vangis Guard,
9174,Vangis G Guard,
9175,Vangis GF Guard,
9176,Vangis GX Guard,
9177,Shiruti Arms,
9178,Shiruti F Arms,
9179,Shiruti FZ Arms,
9180,Shiruti HS Arms,
9181,Shiruti GS Arms,
9182,Shiruti GP Arms,
9183,Shiruti Guard,
9184,Shiruti F Guard,
9185,Shiruti FZ Guard,
9186,Shiruti HS Guard,
9187,Shiruti GS Guard,
9188,Shiruti GP Guard,
9189,Brachy Arms,
9190,Brachy G Arms,
9191,Brachy GF Arms,
9192,Brachy GX Arms,
9193,Brachy Guard,
9194,Brachy G Guard,
9195,Brachy GF Guard,
9196,Brachy GX Guard,
9197,Torid Arms,
9198,Torid F Arms,
9199,Torid FX Arms,
9200,Torid G Arms,
9201,Torid GF Arms,
9202,Torid GX Arms,
9203,Torid Guard,
9204,Torid F Guard,
9205,Torid FX Guard,
9206,Torid G Guard,
9207,Torid GF Guard,
9208,Torid GX Guard,
9209,Lightning G【 Kote 】,
9210,Lightning GF【 Kote 】,
9211,Lightning GX【 Kote 】,
9212,Thunder G【 Kote 】,
9213,Thunder GF【 Kote 】,
9214,Thunder GX【 Kote 】,
9215,B.Espinas G Grip,
9216,B.Espinas GF Grip,
9217,B.Espinas GX Grip,
9218,B.Espinas G Grasp,
9219,B.Espinas GF Grasp,
9220,B.Espinas GX Grasp,
9221,Red Volga G Arms,
9222,Red Volga GF Arms,
9223,Red Volga GX Arms,
9224,Red Volga G Guard,
9225,Red Volga GF Guard,
9226,Red Volga GX Guard,
9227,Ravi G Arms:Berserk,
9228,Ravi GF Arms:Berserk,
9229,Ravi GX Arms:Berserk,
9230,Ravi G Guard:Berserk,
9231,Ravi GF Guard:Berserk,
9232,Ravi GX Guard:Berserk,
9233,Ravi Arms:Violent,
9234,Ravi HS Arms:Violent,
9235,Ravi G Arms:Violent,
9236,Ravi GF Arms:Violent,
9237,Ravi GX Arms:Violent,
9238,Ravi Guard:Violent,
9239,Ravi HS Guard:Violent,
9240,Ravi G Guard:Violent,
9241,Ravi GF Guard:Violent,
9242,Ravi GX Guard:Violent,
9243,Raviente G Arms,
9244,Raviente GF Arms,
9245,Raviente GX Arms,
9246,Raviente G Guard,
9247,Raviente GF Guard,
9248,Raviente GX Guard,
9249,White Hypnoc G Arms,
9250,White Hypnoc GF Arms,
9251,White Hypnoc GX Arms,
9252,White Hypnoc G Guard,
9253,White Hypnoc GF Guard,
9254,White Hypnoc GX Guard,
9255,Vichi Arms,
9256,Vichi F Arms,
9257,Vichi FZ Arms,
9258,Vichi HS Arms,
9259,Vichi GS Arms,
9260,Vichi GP Arms,
9261,Vichi Guard,
9262,Vichi F Guard,
9263,Vichi FZ Guard,
9264,Vichi HS Guard,
9265,Vichi GS Guard,
9266,Vichi GP Guard,
9267,Guild Bard Arms,
9268,Guild Bard G Arms,
9269,Guild Bard GF Arms,
9270,Guild Bard GX Arms,
9271,Guild Bard Cuffs,
9272,Guild Bard G Cuffs,
9273,Guild Bard GF Cuffs,
9274,Guild Bard GX Cuffs,
9275,Scholar Claws,
9276,Scholar G Claws,
9277,Scholar GF Claws,
9278,Scholar GX Claws,
9279,Scholar Cuffs,
9280,Scholar G Cuffs,
9281,Scholar GF Cuffs,
9282,Scholar GX Cuffs,
9283,Amistad Arms・Black,
9284,Amistad F Arms・Black,
9285,Amistad FZ Arms・Black,
9286,Amistad HS Arms・Black,
9287,Amistad GS Arms・Black,
9288,Amistad GP Arms・Black,
9289,Amistad Guard・Black,
9290,Amistad F Guard・Black,
9291,Amistad FZ Guard・Black,
9292,Amistad HS Guard・Black,
9293,Amistad GS Guard・Black,
9294,Amistad GP Guard・Black,
9295,Amistad Arms・White,
9296,Amistad F Arms・White,
9297,Amistad FZ Arms・White,
9298,Amistad HS Arms・White,
9299,Amistad GS Arms・White,
9300,Amistad GP Arms・White,
9301,Amistad Guard・White,
9302,Amistad F Guard・White,
9303,Amistad FZ Guard・White,
9304,Amistad HS Guard・White,
9305,Amistad GS Guard・White,
9306,Amistad GP Guard・White,
9307,Amistad Arms・Blue,
9308,Amistad F Arms・Blue,
9309,Amistad FZ Arms・Blue,
9310,Amistad HS Arms・Blue,
9311,Amistad GS Arms・Blue,
9312,Amistad GP Arms・Blue,
9313,Amistad Guard・Blue,
9314,Amistad F Guard・Blue,
9315,Amistad FZ Guard・Blue,
9316,Amistad HS Guard・Blue,
9317,Amistad GS Guard・Blue,
9318,Amistad GP Guard・Blue,
9319,Amistad Arms・Crimson,
9320,Amistad F Arms・Crimson,
9321,Amistad FZ Arms・Crimson,
9322,Amistad HS Arms・Crimson,
9323,Amistad GS Arms・Crimson,
9324,Amistad GP Arms・Crimson,
9325,Amistad Guard・Crimson,
9326,Amistad F Guard・Crimson,
9327,Amistad FZ Guard・Crimson,
9328,Amistad HS Guard・Crimson,
9329,Amistad GS Guard・Crimson,
9330,Amistad GP Guard・Crimson,
9331,Plug Arms:06,
9332,Plug F Arms:06,
9333,Plug FZ Arms:06,
9334,Plug HS Arms:06,
9335,Plug GS Arms:06,
9336,Plug GP Arms:06,
9337,Plug Guard:06,
9338,Plug F Guard:06,
9339,Plug FZ Guard:06,
9340,Plug HS Guard:06,
9341,Plug GS Guard:06,
9342,Plug GP Guard:06,
9343,Plug Arms:02,
9344,Plug F Arms:02,
9345,Plug FZ Arms:02,
9346,Plug HS Arms:02,
9347,Plug GS Arms:02,
9348,Plug GP Arms:02,
9349,Plug Guard:02,
9350,Plug F Guard:02,
9351,Plug FZ Guard:02,
9352,Plug HS Guard:02,
9353,Plug GS Guard:02,
9354,Plug GP Guard:02,
9355,Mark.06 Arms,
9356,Mark.06F Arms,
9357,Mark.06FZ Arms,
9358,Mark.06HS Arms,
9359,Mark.06GS Arms,
9360,Mark.06GP Arms,
9361,Mark.06 Guard,
9362,Mark.06F Guard,
9363,Mark.06FZ Guard,
9364,Mark.06HS Guard,
9365,Mark.06GS Guard,
9366,Mark.06GP Guard,
9367,Unit-02 Arms,
9368,Unit-02 F Arms,
9369,Unit-02 FZ Arms,
9370,Unit-02 HS Arms,
9371,Unit-02 GS Arms,
9372,Unit-02 GP Arms,
9373,Unit-02 Guard,
9374,Unit-02 F Guard,
9375,Unit-02 FZ Guard,
9376,Unit-02 HS Guard,
9377,Unit-02 GS Guard,
9378,Unit-02 GP Guard,
9379,Kaila Arms,
9380,Kaila F Arms,
9381,Kaila FZ Arms,
9382,Kaila HS Arms,
9383,Kaila GS Arms,
9384,Kaila GP Arms,
9385,Kaila Guard,
9386,Kaila F Guard,
9387,Kaila FZ Guard,
9388,Kaila HS Guard,
9389,Kaila GS Guard,
9390,Kaila GP Guard,
9391,ダミー,
9392,ダミー,
9393,ダミー,
9394,ダミー,
9395,ダミー,
9396,ダミー,
9397,Otono Arms,
9398,Otono F Arms,
9399,Otono FY Arms,
9400,Otono HS Arms,
9401,Otono G Arms,
9402,Otono GF Arms,
9403,Otono GX Arms,
9404,Kabariba Arms,
9405,Kabariba F Arms,
9406,Kabariba FY Arms,
9407,Kabariba HS Arms,
9408,Kabariba G Arms,
9409,Kabariba GF Arms,
9410,Kabariba GX Arms,
9411,Kabariba Guard,
9412,Kabariba F Guard,
9413,Kabariba FY Guard,
9414,Kabariba HS Guard,
9415,Kabariba G Guard,
9416,Kabariba GF Guard,
9417,Kabariba GX Guard,
9418,Toruboda Arms,
9419,Toruboda F Arms,
9420,Toruboda FY Arms,
9421,Toruboda HS Arms,
9422,Toruboda G Arms,
9423,Toruboda GF Arms,
9424,Toruboda GX Arms,
9425,Toruboda Guard,
9426,Toruboda F Guard,
9427,Toruboda FY Guard,
9428,Toruboda HS Guard,
9429,Toruboda G Guard,
9430,Toruboda GF Guard,
9431,Toruboda GX Guard,
9432,Orykto Arms,
9433,Orykto F Arms,
9434,Orykto FY Arms,
9435,Orykto HS Arms,
9436,Orykto Guard,
9437,Orykto F Guard,
9438,Orykto FY Guard,
9439,Orykto HS Guard,
9440,Reuasu G Arms,
9441,Reuasu GF Arms,
9442,Reuasu GX Arms,
9443,Reuasu G Guard,
9444,Reuasu GF Guard,
9445,Reuasu GX Guard,
9446,Harimeno Arms,
9447,Harimeno F Arms,
9448,Harimeno FY Arms,
9449,Harimeno HS Arms,
9450,Harimeno G Arms,
9451,Harimeno GF Arms,
9452,Harimeno GX Arms,
9453,Harimeno Guard,
9454,Harimeno F Guard,
9455,Harimeno FY Guard,
9456,Harimeno HS Guard,
9457,Harimeno G Guard,
9458,Harimeno GF Guard,
9459,Harimeno GX Guard,
9460,Shiusu G Arms,
9461,Shiusu GF Arms,
9462,Shiusu GX Arms,
9463,Shiusu G Guard,
9464,Shiusu GF Guard,
9465,Shiusu GX Guard,
9466,Barioth Arms,
9467,Barioth G Arms,
9468,Barioth GF Arms,
9469,Barioth GX Arms,
9470,Barioth Guard,
9471,Barioth G Guard,
9472,Barioth GF Guard,
9473,Barioth GX Guard,
9474,Will G Arms,
9475,Will GF Arms,
9476,Will GX Arms,
9477,Will G Guard,
9478,Will GF Guard,
9479,Will GX Guard,
9480,Keisu Arms,
9481,Keisu F Arms,
9482,Keisu FY Arms,
9483,Keisu HS Arms,
9484,Keisu G Arms,
9485,Keisu GF Arms,
9486,Keisu GX Arms,
9487,Keisu Guard,
9488,Keisu F Guard,
9489,Keisu FY Guard,
9490,Keisu HS Guard,
9491,Keisu G Guard,
9492,Keisu GF Guard,
9493,Keisu GX Guard,
9494,Lumiere Arms,
9495,Lumiere F Arms,
9496,Lumiere FY Arms,
9497,Lumiere HS Arms,
9498,Lumiere G Arms,
9499,Lumiere GF Arms,
9500,Lumiere GX Arms,
9501,Lumiere Guard,
9502,Lumiere F Guard,
9503,Lumiere FY Guard,
9504,Lumiere HS Guard,
9505,Lumiere G Guard,
9506,Lumiere GF Guard,
9507,Lumiere GX Guard,
9508,Cleora Arms,
9509,Cleora F Arms,
9510,Cleora FY Arms,
9511,Cleora HS Arms,
9512,Cleora G Arms,
9513,Cleora GF Arms,
9514,Cleora GX Arms,
9515,Cleora Guard,
9516,Cleora F Guard,
9517,Cleora FY Guard,
9518,Cleora HS Guard,
9519,Cleora G Guard,
9520,Cleora GF Guard,
9521,Cleora GX Guard,
9522,Doragyurosu G Arms,
9523,Doragyurosu GF Arms,
9524,Doragyurosu GX Arms,
9525,Doragyurosu G Guard,
9526,Doragyurosu GF Guard,
9527,Doragyurosu GX Guard,
9528,Wind GXハトゥー,
9529,Wind GXマカーン,
9530,Meraginasu GX Arms,
9531,Meraginasu GX Guard,
9532,Pobo GX Arms,
9533,Pobo GX Guard,
9534,Toa Arms,
9535,Toa F Arms,
9536,Toa FX Arms,
9537,Toa G Arms,
9538,Toa GF Arms,
9539,Toa GX Arms,
9540,Toa Guard,
9541,Toa F Guard,
9542,Toa FX Guard,
9543,Toa G Guard,
9544,Toa GF Guard,
9545,Toa GX Guard,
9546,Blue Kut Ku G Arms,
9547,Blue Kut Ku GF Arms,
9548,Blue Kut Ku GX Arms,
9549,Blue Kut Ku G Guard,
9550,Blue Kut Ku GF Guard,
9551,Blue Kut Ku GX Guard,
9552,Dreadrock G【 Kote 】,
9553,Dreadrock GF【 Kote 】,
9554,Dreadrock GX【 Kote 】,
9555,Redrock G【 Kote 】,
9556,Redrock GF【 Kote 】,
9557,Redrock GX【 Kote 】,
9558,Cielo Arms,
9559,Cielo F Arms,
9560,Cielo FZ Arms,
9561,Cielo HS Arms,
9562,Cielo GS Arms,
9563,Cielo GP Arms,
9564,Cielo Guard,
9565,Cielo F Guard,
9566,Cielo FZ Guard,
9567,Cielo HS Guard,
9568,Cielo GS Guard,
9569,Cielo GP Guard,
9570,Gagachu Arms,
9571,Gagachu F Arms,
9572,Gagachu FZ Arms,
9573,Gagachu HS Arms,
9574,Gagachu GS Arms,
9575,Gagachu GP Arms,
9576,Gagachu Guard,
9577,Gagachu F Guard,
9578,Gagachu FZ Guard,
9579,Gagachu HS Guard,
9580,Gagachu GS Guard,
9581,Gagachu GP Guard,
9582,Salta Arms,
9583,Salta F Arms,
9584,Salta FZ Arms,
9585,Salta HS Arms,
9586,Salta GS Arms,
9587,Salta GP Arms,
9588,Salta Guard,
9589,Salta F Guard,
9590,Salta FZ Guard,
9591,Salta HS Guard,
9592,Salta GS Guard,
9593,Salta GP Guard,
9594,Chiru G Arms,
9595,Chiru GF Arms,
9596,Chiru GX Arms,
9597,Chiru G Guard,
9598,Chiru GF Guard,
9599,Chiru GX Guard,
9600,Ganeto G Arms,
9601,Ganeto GF Arms,
9602,Ganeto GX Arms,
9603,Ganeto G Guard,
9604,Ganeto GF Guard,
9605,Ganeto GX Guard,
9606,Chiyo Sleeve,
9607,Chiyo Sleeve F,
9608,Chiyo Sleeve FZ,
9609,Chiyo Sleeve HS,
9610,Chiyo Sleeve GS,
9611,Chiyo Sleeve GP,
9612,Chiyo Gloves,
9613,Chiyo Gloves F,
9614,Chiyo Gloves FZ,
9615,Chiyo Gloves HS,
9616,Chiyo Gloves GS,
9617,Chiyo Gloves GP,
9618,Uragaan Arms,
9619,Uragaan G Arms,
9620,Uragaan GF Arms,
9621,Uragaan GX Arms,
9622,Uragaan Guard,
9623,Uragaan G Guard,
9624,Uragaan GF Guard,
9625,Uragaan GX Guard,
9626,Onyx Arms,
9627,Onyx F Arms,
9628,Onyx FX Arms,
9629,Rutile Arms,
9630,Rutile F Arms,
9631,Rutile FX Arms,
9632,Byakko・斬将G Arms,
9633,Byakko・斬将GF Arms,
9634,Byakko・斬将GX Arms,
9635,Suzaku・斬将G Arms,
9636,Suzaku・斬将GF Arms,
9637,Suzaku・斬将GX Arms,
9638,Genbu・斬将G Arms,
9639,Genbu・斬将GF Arms,
9640,Genbu・斬将GX Arms,
9641,Seiryu・斬将G Arms,
9642,Seiryu・斬将GF Arms,
9643,Seiryu・斬将GX Arms,
9644,White 蘭・斬将 Arms,
9645,White 蘭・斬将F Arms,
9646,White 蘭・斬将FX Arms,
9647,Crimson 霞・斬将 Arms,
9648,Crimson 霞・斬将F Arms,
9649,Crimson 霞・斬将FX Arms,
9650,White 蘭・斬将G Arms,
9651,White 蘭・斬将GF Arms,
9652,White 蘭・斬将GX Arms,
9653,月夜・斬将G Arms,
9654,月夜・斬将GF Arms,
9655,月夜・斬将GX Arms,
9656,Crimson 霞・斬将G Arms,
9657,Crimson 霞・斬将GF Arms,
9658,Crimson 霞・斬将GX Arms,
9659,Green 穹・斬将G Arms,
9660,Green 穹・斬将GF Arms,
9661,Green 穹・斬将GX Arms,
9662,Guan Arms,
9663,Guan F Arms,
9664,Guan FX Arms,
9665,Guan G Arms,
9666,Guan GF Arms,
9667,Guan GX Arms,
9668,Guan Guard,
9669,Guan F Guard,
9670,Guan FX Guard,
9671,Guan G Guard,
9672,Guan GF Guard,
9673,Guan GX Guard,
9674,Conqueror G【 Kote 】,
9675,Conqueror GF【 Kote 】,
9676,Conqueror GX【 Kote 】,
9677,Emperor G【 Kote 】,
9678,Emperor GF【 Kote 】,
9679,Emperor GX【 Kote 】,
9680,Kushala Gハトゥー,
9681,Kushala GFハトゥー,
9682,Kushala GXハトゥー,
9683,Kushala Gマカーン,
9684,Kushala GFマカーン,
9685,Kushala GXマカーン,
9686,Kaiser G Arms,
9687,Kaiser GF Arms,
9688,Kaiser GX Arms,
9689,Kaiser G Guard,
9690,Kaiser GF Guard,
9691,Kaiser GX Guard,
9692,Mizuha G [Sleeves 】,
9693,Mizuha GF [Sleeves 】,
9694,Mizuha GX [Sleeves 】,
9695,Toyotama G [Sleeves 】,
9696,Toyotama GF [Sleeves 】,
9697,Toyotama GX [Sleeves 】,
9698,Nargacuga Arms,
9699,Nargacuga G Arms,
9700,Nargacuga GF Arms,
9701,Nargacuga GX Arms,
9702,Nargacuga Guard,
9703,Nargacuga G Guard,
9704,Nargacuga GF Guard,
9705,Nargacuga GX Guard,
9706,Perifu Arms・Blue,
9707,Perifu F Arms・Blue,
9708,Perifu FZ Arms・Blue,
9709,Perifu HS Arms・Blue,
9710,Perifu GS Arms・Blue,
9711,Perifu GP Arms・Blue,
9712,Perifu Guard・Blue,
9713,Perifu F Guard・Blue,
9714,Perifu FZ Guard・Blue,
9715,Perifu HS Guard・Blue,
9716,Perifu GS Guard・Blue,
9717,Perifu GP Guard・Blue,
9718,Perifu Arms・Tea,
9719,Perifu F Arms・Tea,
9720,Perifu FZ Arms・Tea,
9721,Perifu HS Arms・Tea,
9722,Perifu GS Arms・Tea,
9723,Perifu GP Arms・Tea,
9724,Perifu Guard・Tea,
9725,Perifu F Guard・Tea,
9726,Perifu FZ Guard・Tea,
9727,Perifu HS Guard・Tea,
9728,Perifu GS Guard・Tea,
9729,Perifu GP Guard・Tea,
9730,Perifu Arms・Green,
9731,Perifu F Arms・Green,
9732,Perifu FZ Arms・Green,
9733,Perifu HS Arms・Green,
9734,Perifu GS Arms・Green,
9735,Perifu GP Arms・Green,
9736,Perifu Guard・Green,
9737,Perifu F Guard・Green,
9738,Perifu FZ Guard・Green,
9739,Perifu HS Guard・Green,
9740,Perifu GS Guard・Green,
9741,Perifu GP Guard・Green,
9742,Perifu Arms・Purple,
9743,Perifu F Arms・Purple,
9744,Perifu FZ Arms・Purple,
9745,Perifu HS Arms・Purple,
9746,Perifu GS Arms・Purple,
9747,Perifu GP Arms・Purple,
9748,Perifu Guard・Purple,
9749,Perifu F Guard・Purple,
9750,Perifu FZ Guard・Purple,
9751,Perifu HS Guard・Purple,
9752,Perifu GS Guard・Purple,
9753,Perifu GP Guard・Purple,
9754,Kaiji Arms,
9755,Kaiji F Arms,
9756,Kaiji FZ Arms,
9757,Kaiji HS Arms,
9758,Kaiji GS Arms,
9759,Kaiji GP Arms,
9760,Kaiji Guard,
9761,Kaiji F Guard,
9762,Kaiji FZ Guard,
9763,Kaiji HS Guard,
9764,Kaiji GS Guard,
9765,Kaiji GP Guard,
9766,Mikoko Arms,
9767,Mikoko F Arms,
9768,Mikoko FZ Arms,
9769,Mikoko HS Arms,
9770,Mikoko GS Arms,
9771,Mikoko GP Arms,
9772,Mikoko Guard,
9773,Mikoko F Guard,
9774,Mikoko FZ Guard,
9775,Mikoko HS Guard,
9776,Mikoko GS Guard,
9777,Mikoko GP Guard,
9778,テリュオ Arms,
9779,テリュオF Arms,
9780,テリュオFZ Arms,
9781,テリュオHS Arms,
9782,テリュオGS Arms,
9783,テリュオGP Arms,
9784,テリュオ Guard,
9785,テリュオF Guard,
9786,テリュオFZ Guard,
9787,テリュオHS Guard,
9788,テリュオGS Guard,
9789,テリュオGP Guard,
9790,Sailor Claws,
9791,Sailor G Claws,
9792,Sailor GF Claws,
9793,Sailor GX Claws,
9794,Sailor Cuffs,
9795,Sailor G Cuffs,
9796,Sailor GF Cuffs,
9797,Sailor GX Cuffs,
9798,スフレ Arms,
9799,スフレF Arms,
9800,スフレFZ Arms,
9801,スフレHS Arms,
9802,スフレGS Arms,
9803,スフレGP Arms,
9804,スフレ Guard,
9805,スフレF Guard,
9806,スフレFZ Guard,
9807,スフレHS Guard,
9808,スフレGS Guard,
9809,スフレGP Guard,
9810,Demon Tale Kote G,
9811,Demon Tale Kote GF,
9812,Demon Tale Kote GX,
9813,童伝ノ Kote G,
9814,童伝ノ Kote GF,
9815,童伝ノ Kote GX,
9816,Valier Arms,
9817,Valier F Arms,
9818,Valier FY Arms,
9819,Valier HS Arms,
9820,Valier G Arms,
9821,Valier GF Arms,
9822,Valier GX Arms,
9823,Valier Guard,
9824,Valier F Guard,
9825,Valier FY Guard,
9826,Valier HS Guard,
9827,Valier G Guard,
9828,Valier GF Guard,
9829,Valier GX Guard,
9830,Lars Arms,
9831,Lars F Arms,
9832,Lars FY Arms,
9833,Lars HS Arms,
9834,Lars G Arms,
9835,Lars GF Arms,
9836,Lars GX Arms,
9837,Lars Guard,
9838,Lars F Guard,
9839,Lars FY Guard,
9840,Lars HS Guard,
9841,Lars G Guard,
9842,Lars GF Guard,
9843,Lars GX Guard,
9844,Shirukku グローブ,
9845,Shirukku Fグローブ,
9846,Shirukku FYグローブ,
9847,Shirukku HSグローブ,
9848,Shirukku Gグローブ,
9849,Shirukku GFグローブ,
9850,Shirukku GXグローブ,
9851,Shirukku ミトン,
9852,Shirukku Fミトン,
9853,Shirukku FYミトン,
9854,Shirukku HSミトン,
9855,Shirukku Gミトン,
9856,Shirukku GFミトン,
9857,Shirukku GXミトン,
9858,Norukku グローブ,
9859,Norukku Fグローブ,
9860,Norukku FYグローブ,
9861,Norukku HSグローブ,
9862,Norukku Gグローブ,
9863,Norukku GFグローブ,
9864,Norukku GXグローブ,
9865,Norukku ミトン,
9866,Norukku Fミトン,
9867,Norukku FYミトン,
9868,Norukku HSミトン,
9869,Norukku Gミトン,
9870,Norukku GFミトン,
9871,Norukku GXミトン,
9872,Reiresu G Arms,
9873,Reiresu GF Arms,
9874,Reiresu GX Arms,
9875,Reiresu G Guard,
9876,Reiresu GF Guard,
9877,Reiresu GX Guard,
9878,Saint G Arms,
9879,Saint GF Arms,
9880,Saint GX Arms,
9881,Saint G Guard,
9882,Saint GF Guard,
9883,Saint GX Guard,
9884,Solflare Arms,
9885,Solflare F Arms,
9886,Solflare FZ Arms,
9887,Solflare HS Arms,
9888,Solflare GS Arms,
9889,Solflare GP Arms,
9890,Solflare Guard,
9891,Solflare F Guard,
9892,Solflare FZ Guard,
9893,Solflare HS Guard,
9894,Solflare GS Guard,
9895,Solflare GP Guard,
9896,Arben Arms,
9897,Arben F Arms,
9898,Arben FZ Arms,
9899,Arben HS Arms,
9900,Arben GS Arms,
9901,Arben GP Arms,
9902,Arben Guard,
9903,Arben F Guard,
9904,Arben FZ Guard,
9905,Arben HS Guard,
9906,Arben GS Guard,
9907,Arben GP Guard,
9908,Keravuno Arms,
9909,Keravuno F Arms,
9910,Keravuno FZ Arms,
9911,Keravuno HS Arms,
9912,Keravuno GS Arms,
9913,Keravuno GP Arms,
9914,Keravuno Guard,
9915,Keravuno F Guard,
9916,Keravuno FZ Guard,
9917,Keravuno HS Guard,
9918,Keravuno GS Guard,
9919,Keravuno GP Guard,
9920,Waka Kote,
9921,Waka Kote F,
9922,Waka Kote FZ,
9923,Waka Kote HS,
9924,Waka Kote GS,
9925,Waka Kote GP,
9926,Waka Vambraces,
9927,Waka Vambraces F,
9928,Waka Vambraces FZ,
9929,Waka Vambraces HS,
9930,Waka Vambraces GS,
9931,Waka Vambraces GP,
9932,Ruko Gクロウ,
9933,Ruko GFクロウ,
9934,Ruko GXクロウ,
9935,Ruko Gフィスト,
9936,Ruko GFフィスト,
9937,Ruko GXフィスト,
9938,Kirin G Arms ロング,
9939,Kirin GF Arms ロング,
9940,Kirin GX Arms ロング,
9941,Kirin Gグローブ,
9942,Kirin GFグローブ,
9943,Kirin GXグローブ,
9944,Voljang Arms,
9945,Voljang F Arms,
9946,Voljang FX Arms,
9947,Voljang G Arms,
9948,Voljang GF Arms,
9949,Voljang GX Arms,
9950,Voljang Guard,
9951,Voljang F Guard,
9952,Voljang FX Guard,
9953,Voljang G Guard,
9954,Voljang GF Guard,
9955,Voljang GX Guard,
9956,Flame GX Arms,
9957,Flame GX Guard,
9958,Furoru GX Arms,
9959,Furoru GX Guard,
9960,Varusa GX Arms,
9961,Varusa GX Guard,
9962,Stygian Arms,
9963,Stygian G Arms,
9964,Stygian GF Arms,
9965,Stygian GX Arms,
9966,Stygian Guard,
9967,Stygian G Guard,
9968,Stygian GF Guard,
9969,Stygian GX Guard,
9970,Melynx Arms,
9971,Melynx F Arms,
9972,Melynx FZ Arms,
9973,Melynx HS Arms,
9974,Melynx GS Arms,
9975,Melynx GP Arms,
9976,Melynx Guard,
9977,Melynx F Guard,
9978,Melynx FZ Guard,
9979,Melynx HS Guard,
9980,Melynx GS Guard,
9981,Melynx GP Guard,
9982,Felyne Arms,
9983,Felyne F Arms,
9984,Felyne FZ Arms,
9985,Felyne HS Arms,
9986,Felyne GS Arms,
9987,Felyne GP Arms,
9988,Felyne Guard,
9989,Felyne F Guard,
9990,Felyne FZ Guard,
9991,Felyne HS Guard,
9992,Felyne GS Guard,
9993,Felyne GP Guard,
9994,Tabby Arms,
9995,Tabby F Arms,
9996,Tabby FZ Arms,
9997,Tabby HS Arms,
9998,Tabby GS Arms,
9999,Tabby GP Arms,
10000,Tabby Guard,
10001,Tabby F Guard,
10002,Tabby FZ Guard,
10003,Tabby HS Guard,
10004,Tabby GS Guard,
10005,Tabby GP Guard,
10006,Brown Arms,
10007,Brown F Arms,
10008,Brown FZ Arms,
10009,Brown HS Arms,
10010,Brown GS Arms,
10011,Brown GP Arms,
10012,Brown Guard,
10013,Brown F Guard,
10014,Brown FZ Guard,
10015,Brown HS Guard,
10016,Brown GS Guard,
10017,Brown GP Guard,
10018,Calico Arms,
10019,Calico F Arms,
10020,Calico FZ Arms,
10021,Calico HS Arms,
10022,Calico GS Arms,
10023,Calico GP Arms,
10024,Calico Guard,
10025,Calico F Guard,
10026,Calico FZ Guard,
10027,Calico HS Guard,
10028,Calico GS Guard,
10029,Calico GP Guard,
10030,Monotone Arms,
10031,Monotone F Arms,
10032,Monotone FZ Arms,
10033,Monotone HS Arms,
10034,Monotone GS Arms,
10035,Monotone GP Arms,
10036,Monotone Guard,
10037,Monotone F Guard,
10038,Monotone FZ Guard,
10039,Monotone HS Guard,
10040,Monotone GS Guard,
10041,Monotone GP Guard,
10042,Chashiro Arms,
10043,Chashiro F Arms,
10044,Chashiro FZ Arms,
10045,Chashiro HS Arms,
10046,Chashiro GS Arms,
10047,Chashiro GP Arms,
10048,Chashiro Guard,
10049,Chashiro F Guard,
10050,Chashiro FZ Guard,
10051,Chashiro HS Guard,
10052,Chashiro GS Guard,
10053,Chashiro GP Guard,
10054,Two-tone Arms,
10055,Two-tone F Arms,
10056,Two-tone FZ Arms,
10057,Two-tone HS Arms,
10058,Two-tone GS Arms,
10059,Two-tone GP Arms,
10060,Two-tone Guard,
10061,Two-tone F Guard,
10062,Two-tone FZ Guard,
10063,Two-tone HS Guard,
10064,Two-tone GS Guard,
10065,Two-tone GP Guard,
10066,Elegant Arms,
10067,Elegant F Arms,
10068,Elegant FZ Arms,
10069,Elegant HS Arms,
10070,Elegant GS Arms,
10071,Elegant GP Arms,
10072,Elegant Guard,
10073,Elegant F Guard,
10074,Elegant FZ Guard,
10075,Elegant HS Guard,
10076,Elegant GS Guard,
10077,Elegant GP Guard,
10078,Aura Arms,
10079,Aura F Arms,
10080,Aura FZ Arms,
10081,Aura HS Arms,
10082,Aura GS Arms,
10083,Aura GP Arms,
10084,Aura Guard,
10085,Aura F Guard,
10086,Aura FZ Guard,
10087,Aura HS Guard,
10088,Aura GS Guard,
10089,Aura GP Guard,
10090,Wasou Kote,
10091,Wasou Kote F,
10092,Wasou Kote FZ,
10093,Wasou Kote HS,
10094,Wasou Kote GS,
10095,Wasou Kote GP,
10096,Wasou Vambraces,
10097,Wasou Vambraces F,
10098,Wasou Vambraces FZ,
10099,Wasou Vambraces HS,
10100,Wasou Vambraces GS,
10101,Wasou Vambraces GP,
10102,Blue Ice Emperor Arms,
10103,Blue Ice Emperor F Arms,
10104,Blue Ice Emperor FZ Arms,
10105,Blue Ice Emperor HS Arms,
10106,Blue Ice Emperor GS Arms,
10107,Blue Ice Emperor GP Arms,
10108,Blue Ice Emperor Guard,
10109,Blue Ice Emperor F Guard,
10110,Blue Ice Emperor FZ Guard,
10111,Blue Ice Emperor HS Guard,
10112,Blue Ice Emperor GS Guard,
10113,Blue Ice Emperor GP Guard,
10114,White Ice Emperor Arms,
10115,White Ice Emperor F Arms,
10116,White Ice Emperor FZ Arms,
10117,White Ice Emperor HS Arms,
10118,White Ice Emperor GS Arms,
10119,White Ice Emperor GP Arms,
10120,White Ice Emperor Guard,
10121,White Ice Emperor F Guard,
10122,White Ice Emperor FZ Guard,
10123,White Ice Emperor HS Guard,
10124,White Ice Emperor GS Guard,
10125,White Ice Emperor GP Guard,
10126,Red Ice Emperor Arms,
10127,Red Ice Emperor F Arms,
10128,Red Ice Emperor FZ Arms,
10129,Red Ice Emperor HS Arms,
10130,Red Ice Emperor GS Arms,
10131,Red Ice Emperor GP Arms,
10132,Red Ice Emperor Guard,
10133,Red Ice Emperor F Guard,
10134,Red Ice Emperor FZ Guard,
10135,Red Ice Emperor HS Guard,
10136,Red Ice Emperor GS Guard,
10137,Red Ice Emperor GP Guard,
10138,Taruta Arms,
10139,Taruta F Arms,
10140,Taruta FZ Arms,
10141,Taruta HS Arms,
10142,Taruta GS Arms,
10143,Taruta GP Arms,
10144,Taruta Guard,
10145,Taruta F Guard,
10146,Taruta FZ Guard,
10147,Taruta HS Guard,
10148,Taruta GS Guard,
10149,Taruta GP Guard,
10150,Ruruta Arms,
10151,Ruruta F Arms,
10152,Ruruta FZ Arms,
10153,Ruruta HS Arms,
10154,Ruruta GS Arms,
10155,Ruruta GP Arms,
10156,Ruruta Guard,
10157,Ruruta F Guard,
10158,Ruruta FZ Guard,
10159,Ruruta HS Guard,
10160,Ruruta GS Guard,
10161,Ruruta GP Guard,
10162,Kurofi Arms,
10163,Kurofi F Arms,
10164,Kurofi FZ Arms,
10165,Kurofi HS Arms,
10166,Kurofi GS Arms,
10167,Kurofi GP Arms,
10168,Kurofi Guard,
10169,Kurofi F Guard,
10170,Kurofi FZ Guard,
10171,Kurofi HS Guard,
10172,Kurofi GS Guard,
10173,Kurofi GP Guard,
10174,Gudan Arms,
10175,Gudan F Arms,
10176,Gudan FZ Arms,
10177,Gudan HS Arms,
10178,Gudan GS Arms,
10179,Gudan GP Arms,
10180,Chiarim Arms,
10181,Chiarim F Arms,
10182,Chiarim FZ Arms,
10183,Chiarim HS Arms,
10184,Chiarim GS Arms,
10185,Chiarim GP Arms,
10186,Chiarim Guard,
10187,Chiarim F Guard,
10188,Chiarim FZ Guard,
10189,Chiarim HS Guard,
10190,Chiarim GS Guard,
10191,Chiarim GP Guard,
10192,Rohokku Arms,
10193,Rohokku F Arms,
10194,Rohokku FY Arms,
10195,Rohokku HS Arms,
10196,Rohokku G Arms,
10197,Rohokku GF Arms,
10198,Rohokku GX Arms,
10199,Rohokku Guard,
10200,Rohokku F Guard,
10201,Rohokku FY Guard,
10202,Rohokku HS Guard,
10203,Rohokku G Guard,
10204,Rohokku GF Guard,
10205,Rohokku GX Guard,
10206,Cure Arms,
10207,Cure F Arms,
10208,Cure FY Arms,
10209,Cure HS Arms,
10210,Cure G Arms,
10211,Cure GF Arms,
10212,Cure GX Arms,
10213,Cure Guard,
10214,Cure F Guard,
10215,Cure FY Guard,
10216,Cure HS Guard,
10217,Cure G Guard,
10218,Cure GF Guard,
10219,Cure GX Guard,
10220,鬼凛ノ Kote G,
10221,鬼凛ノ Kote GF,
10222,鬼凛ノ Kote GX,
10223,童凛ノ Kote G,
10224,童凛ノ Kote GF,
10225,童凛ノ Kote GX,
10226,Eguiene Arms,
10227,Eguiene F Arms,
10228,Eguiene FY Arms,
10229,Eguiene HS Arms,
10230,Eguiene G Arms,
10231,Eguiene GF Arms,
10232,Eguiene GX Arms,
10233,Eguiene Guard,
10234,Eguiene F Guard,
10235,Eguiene FY Guard,
10236,Eguiene HS Guard,
10237,Eguiene G Guard,
10238,Eguiene GF Guard,
10239,Eguiene GX Guard,
10240,Vakusu Arms,
10241,Vakusu F Arms,
10242,Vakusu FY Arms,
10243,Vakusu HS Arms,
10244,Vakusu G Arms,
10245,Vakusu GF Arms,
10246,Vakusu GX Arms,
10247,Vakusu Guard,
10248,Vakusu F Guard,
10249,Vakusu FY Guard,
10250,Vakusu HS Guard,
10251,Vakusu G Guard,
10252,Vakusu GF Guard,
10253,Vakusu GX Guard,
10254,Nympha Arms,
10255,Chloe Arms,
10256,Espinas Z Grip,
10257,Espinas ZF Grip,
10258,Espinas ZY Grip,
10259,Espinas ZX Grip,
10260,Espinas Z Grasp,
10261,Espinas ZF Grasp,
10262,Espinas ZY Grasp,
10263,Espinas ZX Grasp,
10264,Hypnoc Z Arms,
10265,Hypnoc ZF Arms,
10266,Hypnoc ZY Arms,
10267,Hypnoc ZX Arms,
10268,Hypnoc Z Guard,
10269,Hypnoc ZF Guard,
10270,Hypnoc ZY Guard,
10271,Hypnoc ZX Guard,
10272,Khezu Z Arms,
10273,Khezu ZF Arms,
10274,Khezu ZY Arms,
10275,Khezu ZX Arms,
10276,Khezu Z Guard,
10277,Khezu ZF Guard,
10278,Khezu ZY Guard,
10279,Khezu ZX Guard,
10280,Hermitaur Z Arms,
10281,Hermitaur ZF Arms,
10282,Hermitaur ZY Arms,
10283,Hermitaur ZX Arms,
10284,Hermitaur Z Guard,
10285,Hermitaur ZF Guard,
10286,Hermitaur ZY Guard,
10287,Hermitaur ZX Guard,
10288,Dios Arms,
10289,Dios F Arms,
10290,Dios FZ Arms,
10291,Dios HS Arms,
10292,Dios GS Arms,
10293,Dios GP Arms,
10294,Dios ZP Arms,
10295,Dios Guard,
10296,Dios F Guard,
10297,Dios FZ Guard,
10298,Dios HS Guard,
10299,Dios GS Guard,
10300,Dios GP Guard,
10301,Dios ZP Guard,
10302,Evol Arms・White,
10303,Evol F Arms・White,
10304,Evol FZ Arms・White,
10305,Evol HS Arms・White,
10306,Evol GS Arms・White,
10307,Evol GP Arms・White,
10308,Evol ZP Arms・White,
10309,Evol Guard・White,
10310,Evol F Guard・White,
10311,Evol FZ Guard・White,
10312,Evol HS Guard・White,
10313,Evol GS Guard・White,
10314,Evol GP Guard・White,
10315,Evol ZP Guard・White,
10316,Evol Arms・Red,
10317,Evol F Arms・Red,
10318,Evol FZ Arms・Red,
10319,Evol HS Arms・Red,
10320,Evol GS Arms・Red,
10321,Evol GP Arms・Red,
10322,Evol ZP Arms・Red,
10323,Evol Guard・Red,
10324,Evol F Guard・Red,
10325,Evol FZ Guard・Red,
10326,Evol HS Guard・Red,
10327,Evol GS Guard・Red,
10328,Evol GP Guard・Red,
10329,Evol ZP Guard・Red,
10330,Evol Arms・Blue,
10331,Evol F Arms・Blue,
10332,Evol FZ Arms・Blue,
10333,Evol HS Arms・Blue,
10334,Evol GS Arms・Blue,
10335,Evol GP Arms・Blue,
10336,Evol ZP Arms・Blue,
10337,Evol Guard・Blue,
10338,Evol F Guard・Blue,
10339,Evol FZ Guard・Blue,
10340,Evol HS Guard・Blue,
10341,Evol GS Guard・Blue,
10342,Evol GP Guard・Blue,
10343,Evol ZP Guard・Blue,
10344,Evol Arms・Purple,
10345,Evol F Arms・Purple,
10346,Evol FZ Arms・Purple,
10347,Evol HS Arms・Purple,
10348,Evol GS Arms・Purple,
10349,Evol GP Arms・Purple,
10350,Evol ZP Arms・Purple,
10351,Evol Guard・Purple,
10352,Evol F Guard・Purple,
10353,Evol FZ Guard・Purple,
10354,Evol HS Guard・Purple,
10355,Evol GS Guard・Purple,
10356,Evol GP Guard・Purple,
10357,Evol ZP Guard・Purple,
10358,Sakufi Arms,
10359,Sakufi F Arms,
10360,Sakufi FZ Arms,
10361,Sakufi HS Arms,
10362,Sakufi GS Arms,
10363,Sakufi GP Arms,
10364,Sakufi ZP Arms,
10365,Sakufi Guard,
10366,Sakufi F Guard,
10367,Sakufi FZ Guard,
10368,Sakufi HS Guard,
10369,Sakufi GS Guard,
10370,Sakufi GP Guard,
10371,Sakufi ZP Guard,
10372,Asumo Arms,
10373,Asumo F Arms,
10374,Asumo FZ Arms,
10375,Asumo HS Arms,
10376,Asumo GS Arms,
10377,Asumo GP Arms,
10378,Asumo ZP Arms,
10379,Asumo Guard,
10380,Asumo F Guard,
10381,Asumo FZ Guard,
10382,Asumo HS Guard,
10383,Asumo GS Guard,
10384,Asumo GP Guard,
10385,Asumo ZP Guard,
10386,Carrol C Arms,
10387,Zyra C Arms,
10388,Loose C Arms,
10389,Asteli ZP Arms・White,
10390,Asteli ZP Guard・White,
10391,Asteli ZP Arms・Blue,
10392,Asteli ZP Guard・Blue,
10393,Asteli ZP Arms・Red,
10394,Asteli ZP Guard・Red,
10395,Asteli ZP Arms・Black,
10396,Asteli ZP Guard・Black,
10397,Lien ZP Arms・Blue,
10398,Lien ZP Guard・Blue,
10399,Lien ZP Arms・Red,
10400,Lien ZP Guard・Red,
10401,Lien ZP Arms・Black,
10402,Lien ZP Guard・Black,
10403,Lien ZP Arms・White,
10404,Lien ZP Guard・White,
10405,Carrol ZP Arms・Black,
10406,Carrol ZP Guard・Black,
10407,Carrol ZP Arms・Blue,
10408,Carrol ZP Guard・Blue,
10409,Carrol ZP Arms・White,
10410,Carrol ZP Guard・White,
10411,Carrol ZP Arms・Red,
10412,Carrol ZP Guard・Red,
10413,ブリゼ Arms,
10414,ブリゼF Arms,
10415,ブリゼFY Arms,
10416,ブリゼHS Arms,
10417,ブリゼG Arms,
10418,ブリゼGF Arms,
10419,ブリゼGX Arms,
10420,ブリゼ Guard,
10421,ブリゼF Guard,
10422,ブリゼFY Guard,
10423,ブリゼHS Guard,
10424,ブリゼG Guard,
10425,ブリゼGF Guard,
10426,ブリゼGX Guard,
10427,Higakure C Arms,
10428,Harokyu D Arms,
10429,Evol D Arms・White,
10430,Evol D Arms・Red,
10431,Evol D Arms・Blue,
10432,Evol D Arms・Purple,
10433,狩衛部隊 Arms・男,
10434,狩衛部隊 Arms・女,
10435,Blue Ice Emperor ZP Arms,
10436,Blue Ice Emperor ZP Guard,
10437,White Ice Emperor ZP Arms,
10438,White Ice Emperor ZP Guard,
10439,Red Ice Emperor ZP Arms,
10440,Red Ice Emperor ZP Guard,
10441,Wander Arms・Blue,
10442,Wander F Arms・Blue,
10443,Wander FZ Arms・Blue,
10444,Wander HS Arms・Blue,
10445,Wander GS Arms・Blue,
10446,Wander GP Arms・Blue,
10447,Wander ZP Arms・Blue,
10448,Wander Guard・Blue,
10449,Wander F Guard・Blue,
10450,Wander FZ Guard・Blue,
10451,Wander HS Guard・Blue,
10452,Wander GS Guard・Blue,
10453,Wander GP Guard・Blue,
10454,Wander ZP Guard・Blue,
10455,Wander Arms・Red,
10456,Wander F Arms・Red,
10457,Wander FZ Arms・Red,
10458,Wander HS Arms・Red,
10459,Wander GS Arms・Red,
10460,Wander GP Arms・Red,
10461,Wander ZP Arms・Red,
10462,Wander Guard・Red,
10463,Wander F Guard・Red,
10464,Wander FZ Guard・Red,
10465,Wander HS Guard・Red,
10466,Wander GS Guard・Red,
10467,Wander GP Guard・Red,
10468,Wander ZP Guard・Red,
10469,Wander Arms・White,
10470,Wander F Arms・White,
10471,Wander FZ Arms・White,
10472,Wander HS Arms・White,
10473,Wander GS Arms・White,
10474,Wander GP Arms・White,
10475,Wander ZP Arms・White,
10476,Wander Guard・White,
10477,Wander F Guard・White,
10478,Wander FZ Guard・White,
10479,Wander HS Guard・White,
10480,Wander GS Guard・White,
10481,Wander GP Guard・White,
10482,Wander ZP Guard・White,
10483,Wander Arms・Black,
10484,Wander F Arms・Black,
10485,Wander FZ Arms・Black,
10486,Wander HS Arms・Black,
10487,Wander GS Arms・Black,
10488,Wander GP Arms・Black,
10489,Wander ZP Arms・Black,
10490,Wander Guard・Black,
10491,Wander F Guard・Black,
10492,Wander FZ Guard・Black,
10493,Wander HS Guard・Black,
10494,Wander GS Guard・Black,
10495,Wander GP Guard・Black,
10496,Wander ZP Guard・Black,
10497,Gore Arms,
10498,Gore G Arms,
10499,Gore GF Arms,
10500,Gore GX Arms,
10501,Gore Guard,
10502,Gore G Guard,
10503,Gore GF Guard,
10504,Gore GX Guard,
10505,Zena G Arms,
10506,Zena GF Arms,
10507,Zena GX Arms,
10508,Zena G Guard,
10509,Zena GF Guard,
10510,Zena GX Guard,
10511,Rathalos Z Arms,
10512,Rathalos ZF Arms,
10513,Rathalos ZY Arms,
10514,Rathalos ZX Arms,
10515,Rathalos Z Guard,
10516,Rathalos ZF Guard,
10517,Rathalos ZY Guard,
10518,Rathalos ZX Guard,
10519,Blango Z Arms,
10520,Blango ZF Arms,
10521,Blango ZY Arms,
10522,Blango ZX Arms,
10523,Blango Z Guard,
10524,Blango ZF Guard,
10525,Blango ZY Guard,
10526,Blango ZX Guard,
10527,Muruta Arms,
10528,Muruta F Arms,
10529,Muruta FZ Arms,
10530,Muruta HS Arms,
10531,Muruta GS Arms,
10532,Muruta GP Arms,
10533,Muruta ZP Arms,
10534,Muruta Guard,
10535,Muruta F Guard,
10536,Muruta FZ Guard,
10537,Muruta HS Guard,
10538,Muruta GS Guard,
10539,Muruta GP Guard,
10540,Muruta ZP Guard,
10541,Howla Arms,
10542,Howla F Arms,
10543,Howla FZ Arms,
10544,Howla HS Arms,
10545,Howla GS Arms,
10546,Howla GP Arms,
10547,Howla ZP Arms,
10548,Howla Guard,
10549,Howla F Guard,
10550,Howla FZ Guard,
10551,Howla HS Guard,
10552,Howla GS Guard,
10553,Howla GP Guard,
10554,Howla ZP Guard,
10555,Panse Arms,
10556,Panse F Arms,
10557,Panse FZ Arms,
10558,Panse HS Arms,
10559,Panse GS Arms,
10560,Panse GP Arms,
10561,Panse ZP Arms,
10562,Panse Guard,
10563,Panse F Guard,
10564,Panse FZ Guard,
10565,Panse HS Guard,
10566,Panse GS Guard,
10567,Panse GP Guard,
10568,Panse ZP Guard,
10569,Marriage Arms,
10570,Marriage F Arms,
10571,Marriage FZ Arms,
10572,Marriage HS Arms,
10573,Marriage GS Arms,
10574,Marriage GP Arms,
10575,Marriage ZP Arms,
10576,Marriage Guard,
10577,Marriage F Guard,
10578,Marriage FZ Guard,
10579,Marriage HS Guard,
10580,Marriage GS Guard,
10581,Marriage GP Guard,
10582,Marriage ZP Guard,
10583,Yukine Arms,
10584,Yukine F Arms,
10585,Yukine FZ Arms,
10586,Yukine HS Arms,
10587,Yukine GS Arms,
10588,Yukine GP Arms,
10589,Yukine ZP Arms,
10590,Yukine Guard,
10591,Yukine F Guard,
10592,Yukine FZ Guard,
10593,Yukine HS Guard,
10594,Yukine GS Guard,
10595,Yukine GP Guard,
10596,Yukine ZP Guard,
10597,Snow Miku Arms,
10598,Snow Miku F Arms,
10599,Snow Miku FZ Arms,
10600,Snow Miku HS Arms,
10601,Snow Miku GS Arms,
10602,Snow Miku GP Arms,
10603,Snow Miku ZP Arms,
10604,Snow Miku Guard,
10605,Snow Miku F Guard,
10606,Snow Miku FZ Guard,
10607,Snow Miku HS Guard,
10608,Snow Miku GS Guard,
10609,Snow Miku GP Guard,
10610,Snow Miku ZP Guard,
10611,Miku ZP Arms,
10612,Miku ZP Guard,
10613,Oyun ZP Arms・Blue,
10614,Oyun ZP Guard・Blue,
10615,Oyun ZP Arms・Red,
10616,Oyun ZP Guard・Red,
10617,Oyun ZP Arms・Black,
10618,Oyun ZP Guard・Black,
10619,Oyun ZP Arms・White,
10620,Oyun ZP Guard・White,
10621,Demonclad Kote G,
10622,Demonclad Kote GF,
10623,Demonclad Kote GX,
10624,Youthclad Kote G,
10625,Youthclad Kote GF,
10626,Youthclad Kote GX,
10627,Rave Arms,
10628,Rave F Arms,
10629,Rave FY Arms,
10630,Rave HS Arms,
10631,Rave G Arms,
10632,Rave GF Arms,
10633,Rave GX Arms,
10634,Rave Guard,
10635,Rave F Guard,
10636,Rave FY Guard,
10637,Rave HS Guard,
10638,Rave G Guard,
10639,Rave GF Guard,
10640,Rave GX Guard,
10641,Wander D Arms・Blue,
10642,Wander D Arms・Red,
10643,Wander D Arms・White,
10644,Wander D Arms・Black,
10645,Blue Ice Emperor D Arms,
10646,White Ice Emperor D Arms,
10647,Red Ice Emperor D Arms,
10648,Rance C Arms,
10649,Santa D Arms,
10650,Anteka Dグローブ,
10651,Chiarim ZP Arms,
10652,Chiarim ZP Guard,
10653,Katante Z Arms,
10654,Katante ZF Arms,
10655,Katante ZY Arms,
10656,Katante ZX Arms,
10657,Katante Z Guard,
10658,Katante ZF Guard,
10659,Katante ZY Guard,
10660,Katante ZX Guard,
10661,Sakufi D Arms,
10662,Asumo D Arms,
10663,Dios D Arms,
10664,Asteli D Arms・White,
10665,Asteli D Arms・Blue,
10666,Asteli D Arms・Red,
10667,Asteli D Arms・Black,
10668,Lien D Arms・Blue,
10669,Lien D Arms・Red,
10670,Lien D Arms・Black,
10671,Lien D Arms・White,
10672,Lien D Arms・Crimson,
10673,Lien D Arms・藍,
10674,Lien D Arms・Peach,
10675,Carrol D Arms・Black,
10676,Carrol D Arms・Blue,
10677,Carrol D Arms・White,
10678,Carrol D Arms・Red,
10679,Carrol D Arms・Peach,
10680,Gothic D Arms,
10681,Kirin D Arms ロング,
10682,Farunokku D Arms,
10683,Farunokku D Guard,
10684,Pokara D Arms,
10685,Pokara D Guard,
10686,Genesis D【手袋】,
10687,Motion D【手袋】,
10688,Lightning D【 Kote 】,
10689,Thunder D【 Kote 】,
10690,Toridcless D Arms,
10691,Toridcless D Guard,
10692,Guan D Arms,
10693,Guan D Guard,
10694,Varusa D Arms,
10695,Varusa D Guard,
10696,Toa D Arms,
10697,Toa D Guard,
10698,Blitz D Arms,
10699,Stroma D Arms,
10700,Stroma D Guard,
10701,Inagami D【 Kote 】,
10702,Inagami D【 Kote 】,
10703,Altera D Arms,
10704,Altera D Guard,
10705,Pobo D Arms,
10706,Pobo D Guard,
10707,Zinogre C Arms,
10708,Zinogre C Guard,
10709,Hornetaur UD Arms,
10710,Hornetaur UD Guard,
10711,Rathalos D Arms,
10712,Rathalos D Guard,
10713,Gogomoa D Arms,
10714,Gogomoa D Guard,
10715,Azul D Arms,
10716,Azul D Guard,
10717,Harvest D Arms,
10718,Harvest D Guard,
10719,Melan D Arms,
10720,Melan D Guard,
10721,Diru D Arms,
10722,Diru D Guard,
10723,Tandress D Arms,
10724,Tandress D Guard,
10725,Rance D Arms,
10726,Rance D Guard,
10727,Ganeto D Arms,
10728,Ganeto D Guard,
10729,Chiru D Arms,
10730,Chiru D Guard,
10731,Shiusu D Arms,
10732,Shiusu D Guard,
10733,Once D Arms・無,
10734,Pale Sakura D [Sleeve 】,
10735,Pelegri Arms,
10736,Pelegri F Arms,
10737,Pelegri FZ Arms,
10738,Pelegri HS Arms,
10739,Pelegri GS Arms,
10740,Pelegri GP Arms,
10741,Pelegri ZP Arms,
10742,Pelegri Guard,
10743,Pelegri F Guard,
10744,Pelegri FZ Guard,
10745,Pelegri HS Guard,
10746,Pelegri GS Guard,
10747,Pelegri GP Guard,
10748,Pelegri ZP Guard,
10749,Melynx ZP Arms,
10750,Melynx ZP Guard,
10751,Felyne ZP Arms,
10752,Felyne ZP Guard,
10753,Tabby ZP Arms,
10754,Tabby ZP Guard,
10755,Brown ZP Arms,
10756,Brown ZP Guard,
10757,Calico ZP Arms,
10758,Calico ZP Guard,
10759,Monotone ZP Arms,
10760,Monotone ZP Guard,
10761,Chashiro ZP Arms,
10762,Chashiro ZP Guard,
10763,Two-tone ZP Arms,
10764,Two-tone ZP Guard,
10765,Wasou Kote ZP,
10766,Wasou Vambraces ZP,
10767,Howla D Arms,
10768,Panse D Arms,
10769,Marriage D Arms,
10770,Yukine D Arms,
10771,Snow Miku D Arms,
10772,Miku D Arms,
10773,Wasou Kote D,
10774,Melynx D Arms,
10775,Felyne D Arms,
10776,Tabby D Arms,
10777,Brown D Arms,
10778,Calico D Arms,
10779,Monotone D Arms,
10780,Chashiro D Arms,
10781,Two-tone D Arms,
10782,King Beetle D Brachia,
10783,Butterfly D Brachia,
10784,Demon Lord Kote D,
10785,Demon Tale Kote D,
10786,鬼凛ノ Kote D,
10787,Empress C Arms,
10788,Empress C Guard,
10789,Kaiser C Arms,
10790,Kaiser C Guard,
10791,Dragon Dクロウ,
10792,Dragon Dフィスト,
10793,Nargacuga C Arms,
10794,Nargacuga C Guard,
10795,Burning Cliff GX [Kote 】,
10796,Crimson Cliff GX [Kote 】,
10797,Vashimu Z Arms,
10798,Vashimu ZF Arms,
10799,Vashimu ZY Arms,
10800,Vashimu ZX Arms,
10801,Vashimu Z Guard,
10802,Vashimu ZF Guard,
10803,Vashimu ZY Guard,
10804,Vashimu ZX Guard,
10805,Tigrex Z Arms,
10806,Tigrex ZF Arms,
10807,Tigrex ZY Arms,
10808,Tigrex ZX Arms,
10809,Tigrex Z Guard,
10810,Tigrex ZF Guard,
10811,Tigrex ZY Guard,
10812,Tigrex ZX Guard,
10813,Adel Arms,
10814,Adel F Arms,
10815,Adel FZ Arms,
10816,Adel HS Arms,
10817,Adel GS Arms,
10818,Adel GP Arms,
10819,Adel ZP Arms,
10820,Adel Guard,
10821,Adel F Guard,
10822,Adel FZ Guard,
10823,Adel HS Guard,
10824,Adel GS Guard,
10825,Adel GP Guard,
10826,Adel ZP Guard,
10827,Rocbouquet Arms,
10828,Rocbouquet F Arms,
10829,Rocbouquet FZ Arms,
10830,Rocbouquet HS Arms,
10831,Rocbouquet GS Arms,
10832,Rocbouquet GP Arms,
10833,Rocbouquet ZP Arms,
10834,Rocbouquet Guard,
10835,Rocbouquet F Guard,
10836,Rocbouquet FZ Guard,
10837,Rocbouquet HS Guard,
10838,Rocbouquet GS Guard,
10839,Rocbouquet GP Guard,
10840,Rocbouquet ZP Guard,
10841,Alkaiser Arms,
10842,Alkaiser F Arms,
10843,Alkaiser FZ Arms,
10844,Alkaiser HS Arms,
10845,Alkaiser GS Arms,
10846,Alkaiser GP Arms,
10847,Alkaiser ZP Arms,
10848,Alkaiser Guard,
10849,Alkaiser F Guard,
10850,Alkaiser FZ Guard,
10851,Alkaiser HS Guard,
10852,Alkaiser GS Guard,
10853,Alkaiser GP Guard,
10854,Alkaiser ZP Guard,
10855,Claudia Arms,
10856,Claudia F Arms,
10857,Claudia FZ Arms,
10858,Claudia HS Arms,
10859,Claudia GS Arms,
10860,Claudia GP Arms,
10861,Claudia ZP Arms,
10862,Claudia Guard,
10863,Claudia F Guard,
10864,Claudia FZ Guard,
10865,Claudia HS Guard,
10866,Claudia GS Guard,
10867,Claudia GP Guard,
10868,Claudia ZP Guard,
10869,Hesyumu Arms,
10870,Hesyumu F Arms,
10871,Hesyumu FZ Arms,
10872,Hesyumu HS Arms,
10873,Hesyumu GS Arms,
10874,Hesyumu GP Arms,
10875,Hesyumu ZP Arms,
10876,Hesyumu Guard,
10877,Hesyumu F Guard,
10878,Hesyumu FZ Guard,
10879,Hesyumu HS Guard,
10880,Hesyumu GS Guard,
10881,Hesyumu GP Guard,
10882,Hesyumu ZP Guard,
10883,Kasamie Arms,
10884,Kasamie F Arms,
10885,Kasamie FZ Arms,
10886,Kasamie HS Arms,
10887,Kasamie GS Arms,
10888,Kasamie GP Arms,
10889,Kasamie ZP Arms,
10890,Kasamie Guard,
10891,Kasamie F Guard,
10892,Kasamie FZ Guard,
10893,Kasamie HS Guard,
10894,Kasamie GS Guard,
10895,Kasamie GP Guard,
10896,Kasamie ZP Guard,
10897,Cielo ZP Arms,
10898,Cielo ZP Guard,
10899,Vichi ZP Arms,
10900,Vichi ZP Guard,
10901,Lapine ZP Arms,
10902,Lapine ZP Guard,
10903,Beil ZP Gauntlets,
10904,Pashio Arms,
10905,Pashio F Arms,
10906,Pashio FY Arms,
10907,Pashio HS Arms,
10908,Pashio G Arms,
10909,Pashio GF Arms,
10910,Pashio GX Arms,
10911,Pashio Guard,
10912,Pashio F Guard,
10913,Pashio FY Guard,
10914,Pashio HS Guard,
10915,Pashio G Guard,
10916,Pashio GF Guard,
10917,Pashio GX Guard,
10918,Harudo D Arms,
10919,Harudo D Guard,
10920,Elegance D【 Kote 】,
10921,Grace D【 Kote 】,
10922,Meraginasu D Arms,
10923,Meraginasu D Guard,
10924,Hesyumu D Arms,
10925,Kasamie D Arms,
10926,Cielo D Arms,
10927,Vichi D Arms,
10928,Adel D Arms,
10929,Rocbouquet D Arms,
10930,Alkaiser D Arms,
10931,Claudia D Arms,
10932,Kinosu D Arms,
10933,Himeros D Arms,
10934,Charien D Guard,
10935,Arietta D Arms,
10936,Craft D Arms,
10937,Shieri D Arms,
10938,Pupen D Arms,
10939,Moss Covered D Arms,
10940,Excelle D Arms,
10941,Ordre D Arms,
10942,Rath Duo D Arms,
10943,Atra D Arms,
10944,Madaru D Arms,
10945,Shasse D Arms,
10946,Orchesis D Arms,
10947,Blize D Arms,
10948,Quoiz D Arms,
10949,Kalais D Arms,
10950,Lucchese D Arms,
10951,Entora D Arms,
10952,YoRHa No.9 Type S Arms,
10953,YoRHa No.9 Type S F Arms,
10954,YoRHa No.9 Type S FZ Arms,
10955,YoRHa No.9 Type S HS Arms,
10956,YoRHa No.9 Type S GS Arms,
10957,YoRHa No.9 Type S GP Arms,
10958,YoRHa No.9 Type S ZP Arms,
10959,YoRHa No.9 Type S Guard,
10960,YoRHa No.9 Type S F Guard,
10961,YoRHa No.9 Type S FZ Guard,
10962,YoRHa No.9 Type S HS Guard,
10963,YoRHa No.9 Type S GS Guard,
10964,YoRHa No.9 Type S GP Guard,
10965,YoRHa No.9 Type S ZP Guard,
10966,YoRHa No.2 Type B Arms,
10967,YoRHa No.2 Type B F Arms,
10968,YoRHa No.2 Type B FZ Arms,
10969,YoRHa No.2 Type B HS Arms,
10970,YoRHa No.2 Type B GS Arms,
10971,YoRHa No.2 Type B GP Arms,
10972,YoRHa No.2 Type B ZP Arms,
10973,YoRHa No.2 Type B Guard,
10974,YoRHa No.2 Type B F Guard,
10975,YoRHa No.2 Type B FZ Guard,
10976,YoRHa No.2 Type B HS Guard,
10977,YoRHa No.2 Type B GS Guard,
10978,YoRHa No.2 Type B GP Guard,
10979,YoRHa No.2 Type B ZP Guard,
10980,Shagaru Arms,
10981,Shagaru G Arms,
10982,Shagaru GF Arms,
10983,Shagaru GX Arms,
10984,Shagaru Guard,
10985,Shagaru G Guard,
10986,Shagaru GF Guard,
10987,Shagaru GX Guard,
10988,Hyujikiki Z Arms,
10989,Hyujikiki ZF Arms,
10990,Hyujikiki ZY Arms,
10991,Hyujikiki ZX Arms,
10992,Hyujikiki Z Guard,
10993,Hyujikiki ZF Guard,
10994,Hyujikiki ZY Guard,
10995,Hyujikiki ZX Guard,
10996,Gear Z Arms,
10997,Gear ZF Arms,
10998,Gear ZY Arms,
10999,Gear ZX Arms,
11000,Gear Z Guard,
11001,Gear ZF Guard,
11002,Gear ZY Guard,
11003,Gear ZX Guard,
11004,Rokka Arms,
11005,Rokka F Arms,
11006,Rokka FZ Arms,
11007,Rokka HS Arms,
11008,Rokka GS Arms,
11009,Rokka GP Arms,
11010,Rokka ZP Arms,
11011,Rokka Guard,
11012,Rokka F Guard,
11013,Rokka FZ Guard,
11014,Rokka HS Guard,
11015,Rokka GS Guard,
11016,Rokka GP Guard,
11017,Rokka ZP Guard,
11018,Penre Arms,
11019,Penre F Arms,
11020,Penre FZ Arms,
11021,Penre HS Arms,
11022,Penre GS Arms,
11023,Penre GP Arms,
11024,Penre ZP Arms,
11025,Penre Guard,
11026,Penre F Guard,
11027,Penre FZ Guard,
11028,Penre HS Guard,
11029,Penre GS Guard,
11030,Penre GP Guard,
11031,Penre ZP Guard,
11032,Akahara Reisou BM Arms ZP Red,
11033,Akahara Reisou・腕:Bow ZP Red,
11034,Akahara Reisou BM Arms ZP Blue,
11035,Akahara Reisou・腕:Bow ZP Blue,
11036,Akahara Reisou BM Arms ZP Black,
11037,Akahara Reisou・腕:Bow ZP Black,
11038,Akahara Reisou BM Arms ZP White,
11039,Akahara Reisou・腕:Bow ZP White,
11040,Knight King Arms BM ZP Blue,
11041,騎士王の Kote:Bow ZP Blue,
11042,Knight King Arms BM ZP Red,
11043,騎士王の Kote:Bow ZP Red,
11044,Knight King Arms BM ZP Black,
11045,騎士王の Kote:Bow ZP Black,
11046,Knight King Arms BM ZP White,
11047,騎士王の Kote:Bow ZP White,
11048,Hero King Arms BM ZP Gold,
11049,Hero King Arms GN ZP Gold,
11050,Hero King Arms BM ZP Black,
11051,Hero King Arms GN ZP Black,
11052,Hero King Arms BM ZP White,
11053,Hero King Arms GN ZP White,
11054,Hero King Arms BM ZP Red,
11055,Hero King Arms GN ZP Red,
11056,Gorgon ZP Arms・Black,
11057,Gorgon ZP Guard・Black,
11058,Gorgon ZP Arms・Blue,
11059,Gorgon ZP Guard・Blue,
11060,Gorgon ZP Arms・White,
11061,Gorgon ZP Guard・White,
11062,Gorgon ZP Arms・Red,
11063,Gorgon ZP Guard・Red,
11064,Arben ZP Arms,
11065,Arben ZP Guard,
11066,Aura ZP Arms,
11067,Aura ZP Guard,
11068,Gagachu ZP Arms,
11069,Gagachu ZP Guard,
11070,Kurofi ZP Arms,
11071,Kurofi ZP Guard,
11072,Keravuno ZP Arms,
11073,Keravuno ZP Guard,
11074,Rikante Z Arms,
11075,Rikante ZF Arms,
11076,Rikante ZY Arms,
11077,Rikante ZX Arms,
11078,Rikante Z Guard,
11079,Rikante ZF Guard,
11080,Rikante ZY Guard,
11081,Rikante ZX Guard,
11082,Chatore G Arms,
11083,Chatore GF Arms,
11084,Chatore GX Arms,
11085,Chatore G Guard,
11086,Chatore GF Guard,
11087,Chatore GX Guard,
11088,Donru GX Arms,
11089,Donru GX Guard,
11090,Penre D Arms,
11091,Rokka D Arms,
11092,YoRHa No.9 Type S D Arms,
11093,YoRHa No.2 Type B D Arms,
11094,トリートC Arms,
11095,Craft C Arms,
11096,Cielo C Arms,
11097,Felyne C Arms,
11098,Akahara Reisou GN Arms D Red,
11099,Akahara Reisou GN Arms D Blue,
11100,Akahara Reisou GN Arms D Black,
11101,Akahara Reisou GN Arms D White,
11102,Knight King Arms BM D Blue,
11103,Knight King Arms BM D Red,
11104,Knight King Arms BM D Black,
11105,Knight King Arms BM D White,
11106,Hero King Arms BM D Gold,
11107,Hero King Arms BM D Black,
11108,Hero King Arms BM D White,
11109,Hero King Arms BM D Red,
11110,Gorgon D Arms・Black,
11111,Gorgon D Arms・Blue,
11112,Gorgon D Arms・White,
11113,Gorgon D Arms・Red,
11114,Arben D Arms,
11115,Aura D Arms,
11116,Gagachu D Arms,
11117,Kurofi D Arms,
11118,Keravuno D Arms,
11119,Espinas ZD Grip,
11120,Espinas ZD Grasp,
11121,Hypnoc ZD Arms,
11122,Hypnoc ZD Guard,
11123,Khezu ZD Arms,
11124,Khezu ZD Guard,
11125,Hermitaur ZD Arms,
11126,Hermitaur ZD Guard,
11127,Rathalos ZD Arms,
11128,Rathalos ZD Guard,
11129,Blango ZD Arms,
11130,Blango ZD Guard,
11131,Vashimu ZD Arms,
11132,Vashimu ZD Guard,
11133,Tigrex ZD Arms,
11134,Tigrex ZD Guard,
11135,Hyujikiki ZD Arms,
11136,Hyujikiki ZD Guard,
11137,Gear ZD Arms,
11138,Gear ZD Guard,
11139,Muruta D Arms,
11140,Midogaron Z Arms,
11141,Midogaron ZF Arms,
11142,Midogaron ZY Arms,
11143,Midogaron ZX Arms,
11144,Midogaron Z Guard,
11145,Midogaron ZF Guard,
11146,Midogaron ZY Guard,
11147,Midogaron ZX Guard,
11148,White Fatalis GXクロウ,
11149,White Fatalis GXフィスト,
11150,Elzelion G Arms,
11151,Elzelion GF Arms,
11152,Elzelion GX Arms,
11153,Elzelion G Guard,
11154,Elzelion GF Guard,
11155,Elzelion GX Guard,
11156,Zakka Arms,
11157,Zakka F Arms,
11158,Zakka FZ Arms,
11159,Zakka HS Arms,
11160,Zakka GS Arms,
11161,Zakka GP Arms,
11162,Zakka ZP Arms,
11163,Zakka Guard,
11164,Zakka F Guard,
11165,Zakka FZ Guard,
11166,Zakka HS Guard,
11167,Zakka GS Guard,
11168,Zakka GP Guard,
11169,Zakka ZP Guard,
11170,Sword Hero Arms,
11171,Sword Hero F Arms,
11172,Sword Hero FZ Arms,
11173,Sword Hero HS Arms,
11174,Sword Hero GS Arms,
11175,Sword Hero GP Arms,
11176,Sword Hero ZP Arms,
11177,Twin Star Arms,
11178,Twin Star F Arms,
11179,Twin Star FZ Arms,
11180,Twin Star HS Arms,
11181,Twin Star GS Arms,
11182,Twin Star GP Arms,
11183,Twin Star ZP Arms,
11184,Heaven Blade Arms,
11185,Heaven Blade F Arms,
11186,Heaven Blade FZ Arms,
11187,Heaven Blade HS Arms,
11188,Heaven Blade GS Arms,
11189,Heaven Blade GP Arms,
11190,Heaven Blade ZP Arms,
11191,Spring Sword Arms,
11192,Spring Sword F Arms,
11193,Spring Sword FZ Arms,
11194,Spring Sword HS Arms,
11195,Spring Sword GS Arms,
11196,Spring Sword GP Arms,
11197,Spring Sword ZP Arms,
11198,Riot Hammer Arms,
11199,Riot Hammer F Arms,
11200,Riot Hammer FZ Arms,
11201,Riot Hammer HS Arms,
11202,Riot Hammer GS Arms,
11203,Riot Hammer GP Arms,
11204,Riot Hammer ZP Arms,
11205,Song Horn Arms,
11206,Song Horn F Arms,
11207,Song Horn FZ Arms,
11208,Song Horn HS Arms,
11209,Song Horn GS Arms,
11210,Song Horn GP Arms,
11211,Song Horn ZP Arms,
11212,Crush Lance Arms,
11213,Crush Lance F Arms,
11214,Crush Lance FZ Arms,
11215,Crush Lance HS Arms,
11216,Crush Lance GS Arms,
11217,Crush Lance GP Arms,
11218,Crush Lance ZP Arms,
11219,Scream Lance Arms,
11220,Scream Lance F Arms,
11221,Scream Lance FZ Arms,
11222,Scream Lance HS Arms,
11223,Scream Lance GS Arms,
11224,Scream Lance GP Arms,
11225,Scream Lance ZP Arms,
11226,Piercing Light Arms,
11227,Piercing Light F Arms,
11228,Piercing Light FZ Arms,
11229,Piercing Light HS Arms,
11230,Piercing Light GS Arms,
11231,Piercing Light GP Arms,
11232,Piercing Light ZP Arms,
11233,Colour Axe Arms,
11234,Colour Axe F Arms,
11235,Colour Axe FZ Arms,
11236,Colour Axe HS Arms,
11237,Colour Axe GS Arms,
11238,Colour Axe GP Arms,
11239,Colour Axe ZP Arms,
11240,Blast Gun Guard,
11241,Blast Gun F Guard,
11242,Blast Gun FZ Guard,
11243,Blast Gun HS Guard,
11244,Blast Gun GS Guard,
11245,Blast Gun GP Guard,
11246,Blast Gun ZP Guard,
11247,Crush Gun Guard,
11248,Crush Gun F Guard,
11249,Crush Gun FZ Guard,
11250,Crush Gun HS Guard,
11251,Crush Gun GS Guard,
11252,Crush Gun GP Guard,
11253,Crush Gun ZP Guard,
11254,Bow Saint Guard,
11255,Bow Saint F Guard,
11256,Bow Saint FZ Guard,
11257,Bow Saint HS Guard,
11258,Bow Saint GS Guard,
11259,Bow Saint GP Guard,
11260,Bow Saint ZP Guard,
11261,Rantana Arms,
11262,Rantana F Arms,
11263,Rantana FZ Arms,
11264,Rantana HS Arms,
11265,Rantana GS Arms,
11266,Rantana GP Arms,
11267,Rantana ZP Arms,
11268,Rantana Guard,
11269,Rantana F Guard,
11270,Rantana FZ Guard,
11271,Rantana HS Guard,
11272,Rantana GS Guard,
11273,Rantana GP Guard,
11274,Rantana ZP Guard,
11275,Eris Arms,
11276,Eris F Arms,
11277,Eris FZ Arms,
11278,Eris HS Arms,
11279,Eris GS Arms,
11280,Eris GP Arms,
11281,Eris ZP Arms,
11282,Eris Guard,
11283,Eris F Guard,
11284,Eris FZ Guard,
11285,Eris HS Guard,
11286,Eris GS Guard,
11287,Eris GP Guard,
11288,Eris ZP Guard,
11289,Magisa ZP Arms・Red,
11290,Magisa ZP Arms・Black,
11291,Magisa ZP Arms・Green,
11292,Magisa ZP Arms・White,
11293,Wizard ZP Guard・Red,
11294,Wizard ZP Guard・Black,
11295,Wizard ZP Guard・Green,
11296,Wizard ZP Guard・White,
11297,Waka Kote ZP,
11298,Waka Vambraces ZP,
11299,Shaln ZP Arms・Blue,
11300,Shaln ZP Arms・Green,
11301,Shaln ZP Arms・Purple,
11302,Shaln ZP Arms・White,
11303,Shaln ZP Guard・Blue,
11304,Shaln ZP Guard・Green,
11305,Shaln ZP Guard・Purple,
11306,Shaln ZP Guard・White,
11307,Arumyu G Arms,
11308,Arumyu GF Arms,
11309,Arumyu GX Arms,
11310,Arumyu G Guard,
11311,Arumyu GF Guard,
11312,Arumyu GX Guard,
11313,Korinyi Z Arms,
11314,Korinyi ZF Arms,
11315,Korinyi ZY Arms,
11316,Korinyi ZX Arms,
11317,Korinyi Z Guard,
11318,Korinyi ZF Guard,
11319,Korinyi ZY Guard,
11320,Korinyi ZX Guard,
11321,Renka Kote Z,
11322,Renka Kote ZF,
11323,Renka Kote ZY,
11324,Renka Kote ZX,
11325,Renka Sleeves Z,
11326,Renka Sleeves ZF,
11327,Renka Sleeves ZY,
11328,Renka Sleeves ZX,
11329,護靈者D腕甲,
11330,兵士D腕甲,
11331,野蠻D護腕,
11332,晴雲D手甲,
11333,失落D狂腕,
11334,噬天D光腕,
11335,小藍ＣＯＳ手甲,
11336,ヴァンパイアＤアーム,
11337,Midogaron ZD Arms,
11338,Midogaron ZD Guard,
11339,White Fatalis Dクロウ,
11340,White Fatalis Dフィスト,
11341,Elzelion D Arms,
11342,Elzelion D Guard,
11343,Zakka D Arms,
11344,十ノ軌跡C Arms,
11345,十ノ至道C Guard,
11346,Rantana D Arms,
11347,Eris D Arms,
11348,Magisa D Arms・Red,
11349,Magisa D Arms・Black,
11350,Magisa D Arms・Green,
11351,Magisa D Arms・White,
11352,Magisa D Arms・Blue,
11353,Waka Kote D,
11354,Shaln D Arms・Blue,
11355,Shaln D Arms・Green,
11356,Shaln D Arms・Purple,
11357,Shaln D Arms・White,
11358,Shaln D Arms・Red,
11359,Shaln D Arms・Crimson,
11360,Shaln D Arms・Orange,
11361,Carriage D Arms,
11362,Marble D Arms,
11363,Shandy D Arms,
11364,Banquet D Arms,
11365,Korinyi D Arms,
11366,Renka Kote D,
11367,Kukubo D Arms,
11368,Kakabu D Arms,
11369,Aruru D Arms,
11370,Red Cat D Arms,
11371,Rios D Arms,
11372,Bonito D Arms,
11373,Meirida D Arms,
11374,Miniomu D Arms,
11375,Harimeno D Arms,
11376,Deliver D Arms,
11377,Asaku D Arms,
11378,Desordre D Arms,
11379,Haragan D Arms,
11380,Abuyado D Arms,
11381,Ruko Z Arms,
11382,Ruko ZF Arms,
11383,Ruko ZY Arms,
11384,Ruko ZX Arms,
11385,Ruko Z Guard,
11386,Ruko ZF Guard,
11387,Ruko ZY Guard,
11388,Ruko ZX Guard,
11389,Plesioth Z Arms,
11390,Plesioth ZF Arms,
11391,Plesioth ZY Arms,
11392,Plesioth ZX Arms,
11393,Plesioth Z Guard,
11394,Plesioth ZF Guard,
11395,Plesioth ZY Guard,
11396,Plesioth ZX Guard,
11397,Sharufu Arms,
11398,Sharufu F Arms,
11399,Sharufu FZ Arms,
11400,Sharufu HS Arms,
11401,Sharufu GS Arms,
11402,Sharufu GP Arms,
11403,Sharufu ZP Arms,
11404,Sharufu Guard,
11405,Sharufu F Guard,
11406,Sharufu FZ Guard,
11407,Sharufu HS Guard,
11408,Sharufu GS Guard,
11409,Sharufu GP Guard,
11410,Sharufu ZP Guard,
11411,Kamara Arms,
11412,Kamara F Arms,
11413,Kamara FZ Arms,
11414,Kamara HS Arms,
11415,Kamara GS Arms,
11416,Kamara GP Arms,
11417,Kamara ZP Arms,
11418,Kamara Guard,
11419,Kamara F Guard,
11420,Kamara FZ Guard,
11421,Kamara HS Guard,
11422,Kamara GS Guard,
11423,Kamara GP Guard,
11424,Kamara ZP Guard,
11425,Ruche Arms,
11426,Ruche F Arms,
11427,Ruche FZ Arms,
11428,Ruche HS Arms,
11429,Ruche GS Arms,
11430,Ruche GP Arms,
11431,Ruche ZP Arms,
11432,Ruche Guard,
11433,Ruche F Guard,
11434,Ruche FZ Guard,
11435,Ruche HS Guard,
11436,Ruche GS Guard,
11437,Ruche GP Guard,
11438,Ruche ZP Guard,
11439,Rage HS Arms,
11440,Rage GS Arms,
11441,Rage GP Arms,
11442,Rage ZP Arms,
11443,Rage HS Guard,
11444,Rage GS Guard,
11445,Rage GP Guard,
11446,Rage ZP Guard,
11447,Rampage HS Arms,
11448,Rampage GS Arms,
11449,Rampage GP Arms,
11450,Rampage ZP Arms,
11451,Rampage HS Guard,
11452,Rampage GS Guard,
11453,Rampage GP Guard,
11454,Rampage ZP Guard,
11455,Blaze HS Arms,
11456,Blaze GS Arms,
11457,Blaze GP Arms,
11458,Blaze ZP Arms,
11459,Blaze HS Guard,
11460,Blaze GS Guard,
11461,Blaze GP Guard,
11462,Blaze ZP Guard,
11463,Poogie FZ Punch,
11464,Poogie HS Punch,
11465,Poogie GS Punch,
11466,Poogie GP Punch,
11467,Poogie ZP Punch,
11468,Poogie FZ Hands,
11469,Poogie HS Hands,
11470,Poogie GS Hands,
11471,Poogie GP Hands,
11472,Poogie ZP Hands,
11473,Mandora FZ Arms,
11474,Mandora HS Arms,
11475,Mandora GS Arms,
11476,Mandora GP Arms,
11477,Mandora ZP Arms,
11478,Mandora FZ Guard,
11479,Mandora HS Guard,
11480,Mandora GS Guard,
11481,Mandora GP Guard,
11482,Mandora ZP Guard,
11483,Aonoko FZ Arms,
11484,Aonoko HS Arms,
11485,Aonoko GS Arms,
11486,Aonoko GP Arms,
11487,Aonoko ZP Arms,
11488,Aonoko FZ Guard,
11489,Aonoko HS Guard,
11490,Aonoko GS Guard,
11491,Aonoko GP Guard,
11492,Aonoko ZP Guard,
11493,Gauss ZP Arms,
11494,Gauss ZP Guard,
11495,Weber ZP Arms,
11496,Weber ZP Guard,
11497,Gilbert ZP Arms,
11498,Gilbert ZP Guard,
11499,Zuibei ZP Grip,
11500,Zuibei ZP Grasp,
11501,Liebre G Arms,
11502,Liebre GF Arms,
11503,Liebre GX Arms,
11504,Liebre G Guard,
11505,Liebre GF Guard,
11506,Liebre GX Guard,
11507,Merente Z Arms,
11508,Merente ZF Arms,
11509,Merente ZY Arms,
11510,Merente ZX Arms,
11511,Merente Z Guard,
11512,Merente ZF Guard,
11513,Merente ZY Guard,
11514,Merente ZX Guard,
11515,Ruko ZD Arms,
11516,Ruko ZD Guard,
11517,Plesioth ZD Arms,
11518,Plesioth ZD Guard,
11519,Sharufu D Arms,
11520,Kamara D Arms,
11521,Liebre D Arms,
11522,Korinyi C Arms,
11523,Ruche D Arms,
11524,Strength D Hands,
11525,Rage D Arms,
11526,Rampage D Arms,
11527,Blaze D Arms,
11528,Poogie D Punch,
11529,Mandora D Arms,
11530,Aonoko D Arms,
11531,Gauss D Arms,
11532,Weber D Arms,
11533,Gilbert D Arms,
11534,Zuibei D Grip,
11535,Chiarim D Arms,
11536,Guild Bard C Arms,
11537,Scholar C Claws,
11538,Aelucanth C Brachia,
11539,Rhopessa C Brachia,
11540,Yukumo ノコテC・Heaven,
11541,White 蘭D Arms,
11542,Crimson 霞D Arms,
11543,Demonclad Kote D,
11544,Tangusu D Arms,
11545,Disu D Arms,
11546,Disu D Guard,
11547,Lils D Arms,
11548,Lils D Guard,
11549,Dragon SCクロウ,
11550,Dragon SCフィスト,
11551,Dragon GDクロウ,
11552,Dragon GDフィスト,
11553,Vulcan Dクロウ,
11554,Vulcan Dフィスト,
11555,Vulcan GDクロウ,
11556,Vulcan GDフィスト,
11557,Garnet D Arms,
11558,Amethyst D Arms,
11559,Coral D Arms,
11560,Quartz D Arms,
11561,Emerald D Arms,
11562,Pearl D Arms,
11563,Ruby D Arms,
11564,Sapphire D Arms,
11565,Topaz D Guard,
11566,Tourmaline D Guard,
11567,Lapis D Guard,
11568,Hisui D Arms,
11569,Onyx D Arms,
11570,Veloci Hands D,
11571,Gen Hands D,
11572,Io Hands D,
11573,Gia Hands D,
11574,Mosswine Punch D,
11575,Remobra Hands D,
11576,Battle Guard PD Blue,
11577,Battle Guard PD Yellow,
11578,Battle Guard PD Purple,
11579,Rathian Arms PD Blue,
11580,Rathian Arms PD Red,
11581,Rathian Arms PD Black,
11582,Khezu Arms PD Blue,
11583,Khezu Arms PD Green,
11584,Khezu Arms PD Black,
11585,Espinas Arms PD Red,
11586,Espinas Arms PD Blue,
11587,Espinas Arms PD Yellow,
11588,Espinas Guard PD Red,
11589,Espinas Guard PD Blue,
11590,Espinas Guard PD Yellow,
11591,Guardi Arms PD White,
11592,Guardi Arms PD Black,
11593,Guardi Arms PD Purple,
11594,Healer Cuffs PD Blue,
11595,Healer Cuffs PD White,
11596,Healer Cuffs PD Yellow,
11597,Shourou 【上手】D,
11598,Mitama 【上手】D,
11599,Burning Cliff D [Kote 】,
11600,Crimson Cliff D [Kote 】,
11601,Ledia D Arms,
11602,White Snake Sleeve D,
11603,Black Tiger Sleeve D,
11604,Crushing Fog D [Sleeve 】,
11605,Valued Word Sleeve D,
11606,Blue Sky Sleeve D,
11607,Noon Glow Sleeve D,
11608,Kosho D [Sleeve 】,
11609,True Shadow Sleeve D,
11610,Furogada D Arms,
11611,Lars D Arms,
11612,Donru D Arms,
11613,Inagami ZD Arms,
11614,Barioth C Arms,
11615,Barioth C Guard,
11616,Brachy C Arms,
11617,Brachy C Guard,
11618,Uragaan C Arms,
11619,Uragaan C Guard,
11620,Stygian C Arms,
11621,Stygian C Guard,
11622,Gore C Arms,
11623,Gore C Guard,
11624,Vangis C Arms,
11625,Vangis C Guard,
11626,Shagaru C Arms,
11627,Shagaru C Guard,
11628,Inagami Z Arms,
11629,Inagami ZF Arms,
11630,Inagami ZY Arms,
11631,Inagami ZX Arms,
11632,Inagami Z Guard,
11633,Inagami ZF Guard,
11634,Inagami ZY Guard,
11635,Inagami ZX Guard,
11636,Tempest 【袂】,
11637,Tempest G【袂】,
11638,Tempest GF【袂】,
11639,Tempest GX【袂】,
11640,Welkin 【袂】,
11641,Welkin G【袂】,
11642,Welkin GF【袂】,
11643,Welkin GX【袂】,
11644,Levin Arms,
11645,Levin F Arms,
11646,Levin FZ Arms,
11647,Levin HS Arms,
11648,Levin GS Arms,
11649,Levin GP Arms,
11650,Levin ZP Arms,
11651,Levin Guard,
11652,Levin F Guard,
11653,Levin FZ Guard,
11654,Levin HS Guard,
11655,Levin GS Guard,
11656,Levin GP Guard,
11657,Levin ZP Guard,
11658,Silver Armour・Kote,
11659,Silver Armour F・Kote,
11660,Silver Armour FZ・Kote,
11661,Silver Armour HS・Kote,
11662,Silver Armour GS・Kote,
11663,Silver Armour GP・Kote,
11664,Silver Armour ZP・Kote,
11665,Silver Armour・Gauntlets,
11666,Silver Armour F・Gauntlets,
11667,Silver Armour FZ・Gauntlets,
11668,Silver Armour HS・Gauntlets,
11669,Silver Armour GS・Gauntlets,
11670,Silver Armour GP・Gauntlets,
11671,Silver Armour ZP・Gauntlets,
11672,Rose Ball Gown・Sleeve,
11673,Rose Ball Gown F・Sleeve,
11674,Rose Ball Gown FZ・Sleeve,
11675,Rose Ball Gown HS・Sleeve,
11676,Rose Ball Gown GS・Sleeve,
11677,Rose Ball Gown GP・Sleeve,
11678,Rose Ball Gown ZP・Sleeve,
11679,Rose Ball Gown・Feathers,
11680,Rose Ball Gown F・Feathers,
11681,Rose Ball Gown FZ・Feathers,
11682,Rose Ball Gown HS・Feathers,
11683,Rose Ball Gown GS・Feathers,
11684,Rose Ball Gown GP・Feathers,
11685,Rose Ball Gown ZP・Feathers,
11686,Shui Arms,
11687,Shui F Arms,
11688,Shui FZ Arms,
11689,Shui HS Arms,
11690,Shui GS Arms,
11691,Shui GP Arms,
11692,Shui ZP Arms,
11693,Shui Guard,
11694,Shui F Guard,
11695,Shui FZ Guard,
11696,Shui HS Guard,
11697,Shui GS Guard,
11698,Shui GP Guard,
11699,Shui ZP Guard,
11700,CE Kevlar ZP BM Arms Blue,
11701,CE Kevlar ZP腕:Bow Blue,
11702,CE Kevlar ZP BM Arms Red,
11703,CE Kevlar ZP腕:Bow Red,
11704,CE Kevlar ZP BM Arms White,
11705,CE Kevlar ZP腕:Bow White,
11706,CE Kevlar ZP BM Arms Black,
11707,CE Kevlar ZP腕:Bow Black,
11708,AB Layer ZP BM Arms Red,
11709,AB Layer ZP腕:Bow Red,
11710,AB Layer ZP BM Arms Blue,
11711,AB Layer ZP腕:Bow Blue,
11712,AB Layer ZP BM Arms Black,
11713,AB Layer ZP腕:Bow Black,
11714,AB Layer ZP BM Arms White,
11715,AB Layer ZP腕:Bow White,
11716,Ruban ZP Arms,
11717,Ruban ZP Guard,
11718,L'Amore ZP Arms,
11719,L'Amore ZP Guard,
11720,Orloj ZP Arms,
11721,Orloj ZP Guard,
11722,Dolce ZP Arms,
11723,Dolce ZP Guard,
11724,Bright ZP Arms,
11725,Bright ZP Guard,
11726,Juari ZP Arms,
11727,Juari ZP Guard,
11728,Tinku ZP Arms,
11729,Tinku ZP Guard,
11730,Shatemu ZP Arms,
11731,Shatemu ZP Guard,
11732,Hevria ZP Arms,
11733,Hevria ZP Guard,
11734,Tiuru ZP Arms,
11735,Tiuru ZP Guard,
11736,Kaila ZP Arms,
11737,Kaila ZP Guard,
11738,Fonse G Arms,
11739,Fonse GF Arms,
11740,Fonse GX Arms,
11741,Fonse G Guard,
11742,Fonse GF Guard,
11743,Fonse GX Guard,
11744,Utante Z Arms,
11745,Utante ZF Arms,
11746,Utante ZY Arms,
11747,Utante ZX Arms,
11748,Utante Z Guard,
11749,Utante ZF Guard,
11750,Utante ZY Guard,
11751,Utante ZX Guard,
11752,Rizuvue G Arms,
11753,Rizuvue GF Arms,
11754,Rizuvue GX Arms,
11755,Rizuvue G Guard,
11756,Rizuvue GF Guard,
11757,Rizuvue GX Guard,
11758,Inagami ZD Guard,
11759,Tempest C【袂】,
11760,Welkin C【袂】,
11761,Levin D Arms,
11762,Silver Armour D・Kote,
11763,Rose Ball Gown D・Sleeve,
11764,Shui D Arms,
11765,CE Kevlar D BM Arms Blue,
11766,CE Kevlar D BM Arms Red,
11767,CE Kevlar D BM Arms White,
11768,CE Kevlar D BM Arms Black,
11769,AB Layer D BM Arms Red,
11770,AB Layer D BM Arms Blue,
11771,AB Layer D BM Arms Black,
11772,AB Layer D BM Arms White,
11773,Ruban D Arms,
11774,L'Amore D Arms,
11775,Orloj D Arms,
11776,Dolce D Arms,
11777,Bright D Arms,
11778,Juari D Arms,
11779,Tinku D Arms,
11780,Shatemu D Arms,
11781,Hevria D Arms,
11782,Tiuru D Arms,
11783,Kaila D Arms,
11784,Fonse D Arms,
11785,Hypnoc ルータD Arms,
11786,Hypnolia D Arms,
11787,Es Quera D Arms,
11788,Ecole D Arms,
11789,Guns D Arms,
11790,Agria D Arms,
11791,Fauve D Arms,
11792,ティーアD Arms,
11793,Muse D Arms,
11794,Dicto D Arms,
11795,Kruss D Arms,
11796,Starina D Arms,
11797,Loose D Arms,
11798,Mirado D Arms,
11799,Deyuru D Arms,
11800,Robust Dハトゥー,
11801,Falco D Arms,
11802,Howx D Arms,
11803,Pirata D Arms,
11804,Zeroi D Arms,
11805,Rail D Arms,
11806,Ridere D Arms,
11807,Riot D Arms,
11808,Rutare D Arms,
11809,Rolling Flow Kote・D,
11810,Rolling Sky Kote・D,
11811,Cubie D Arms,
11812,Kemor D Arms,
11813,Latria D Arms,
11814,Kontao D Arms,
11815,Ukon D Punch,
11816,ロットD Punch,
11817,Shoko D Arms,
11818,Nimbus D Arms,
11819,Moonlight Kote・D,
11820,Dawnbreak Kote・D,
11821,Toridcless Z Arms,
11822,Toridcless ZF Arms,
11823,Toridcless ZY Arms,
11824,Toridcless ZX Arms,
11825,Toridcless Z Guard,
11826,Toridcless ZF Guard,
11827,Toridcless ZY Guard,
11828,Toridcless ZX Guard,
11829,Doragyurosu Z Arms,
11830,Doragyurosu ZF Arms,
11831,Doragyurosu ZY Arms,
11832,Doragyurosu ZX Arms,
11833,Doragyurosu Z Guard,
11834,Doragyurosu ZF Guard,
11835,Doragyurosu ZY Guard,
11836,Doragyurosu ZX Guard,
11837,Alfi Arms,
11838,Alfi F Arms,
11839,Alfi FZ Arms,
11840,Alfi HS Arms,
11841,Alfi GS Arms,
11842,Alfi GP Arms,
11843,Alfi ZP Arms,
11844,Alfi Guard,
11845,Alfi F Guard,
11846,Alfi FZ Guard,
11847,Alfi HS Guard,
11848,Alfi GS Guard,
11849,Alfi GP Guard,
11850,Alfi ZP Guard,
11851,Kaifa Arms,
11852,Kaifa F Arms,
11853,Kaifa FZ Arms,
11854,Kaifa HS Arms,
11855,Kaifa GS Arms,
11856,Kaifa GP Arms,
11857,Kaifa ZP Arms,
11858,Kaifa Guard,
11859,Kaifa F Guard,
11860,Kaifa FZ Guard,
11861,Kaifa HS Guard,
11862,Kaifa GS Guard,
11863,Kaifa GP Guard,
11864,Kaifa ZP Guard,
11865,Straza Arms,
11866,Straza F Arms,
11867,Straza FZ Arms,
11868,Straza HS Arms,
11869,Straza GS Arms,
11870,Straza GP Arms,
11871,Straza ZP Arms,
11872,Straza Guard,
11873,Straza F Guard,
11874,Straza FZ Guard,
11875,Straza HS Guard,
11876,Straza GS Guard,
11877,Straza GP Guard,
11878,Straza ZP Guard,
11879,Furante Z Arms,
11880,Furante ZF Arms,
11881,Furante ZY Arms,
11882,Furante ZX Arms,
11883,Furante Z Guard,
11884,Furante ZF Guard,
11885,Furante ZY Guard,
11886,Furante ZX Guard,
11887,Cariva G Arms,
11888,Cariva GF Arms,
11889,Cariva GX Arms,
11890,Cariva G Guard,
11891,Cariva GF Guard,
11892,Cariva GX Guard,
11893,Bonne G Arms,
11894,Bonne GF Arms,
11895,Bonne GX Arms,
11896,Bonne G Guard,
11897,Bonne GF Guard,
11898,Bonne GX Guard,
11899,Survey Corps ZP Arms,
11900,Survey Corps ZP Guard,
11901,Training Corps ZP Arms,
11902,Training Corps ZP Guard,
11903,Twelve Paladins' Armor・Kote,
11904,Twelve Paladins' Armor F・Kote,
11905,Twelve Paladins' Armor FZ・Kote,
11906,Twelve Paladins' Armor HS・Kote,
11907,Twelve Paladins' Armor GS・Kote,
11908,Twelve Paladins' Armor GP・Kote,
11909,Twelve Paladins' Armor ZP・Kote,
11910,Twelve Paladins' Armor・Gauntlets,
11911,Twelve Paladins' Armor F・Gauntlets,
11912,Twelve Paladins' Armor FZ・Gauntlets,
11913,Twelve Paladins' Armor HS・Gauntlets,
11914,Twelve Paladins' Armor GS・Gauntlets,
11915,Twelve Paladins' Armor GP・Gauntlets,
11916,Twelve Paladins' Armor ZP・Gauntlets,
11917,Holy Maiden Armor・Sleeve,
11918,Holy Maiden Armor F・Sleeve,
11919,Holy Maiden Armor FZ・Sleeve,
11920,Holy Maiden Armor HS・Sleeve,
11921,Holy Maiden Armor GS・Sleeve,
11922,Holy Maiden Armor GP・Sleeve,
11923,Holy Maiden Armor ZP・Sleeve,
11924,Holy Maiden Armor・Feathers,
11925,Holy Maiden Armor F・Feathers,
11926,Holy Maiden Armor FZ・Feathers,
11927,Holy Maiden Armor HS・Feathers,
11928,Holy Maiden Armor GS・Feathers,
11929,Holy Maiden Armor GP・Feathers,
11930,Holy Maiden Armor ZP・Feathers,
11931,Dragon Slayer Armor・Kote,
11932,Dragon Slayer Armor F・Kote,
11933,Dragon Slayer Armor FZ・Kote,
11934,Dragon Slayer Armor HS・Kote,
11935,Dragon Slayer Armor GS・Kote,
11936,Dragon Slayer Armor GP・Kote,
11937,Dragon Slayer Armor ZP・Kote,
11938,Dragon Slayer Armor・Gauntlets,
11939,Dragon Slayer Armor F・Gauntlets,
11940,Dragon Slayer Armor FZ・Gauntlets,
11941,Dragon Slayer Armor HS・Gauntlets,
11942,Dragon Slayer Armor GS・Gauntlets,
11943,Dragon Slayer Armor GP・Gauntlets,
11944,Dragon Slayer Armor ZP・Gauntlets,
11945,Rebellion Armour・Kote,
11946,Rebellion Armour F・Kote,
11947,Rebellion Armour FZ・Kote,
11948,Rebellion Armour HS・Kote,
11949,Rebellion Armour GS・Kote,
11950,Rebellion Armour GP・Kote,
11951,Rebellion Armour ZP・Kote,
11952,Rebellion Armour・Gauntlets,
11953,Rebellion Armour F・Gauntlets,
11954,Rebellion Armour FZ・Gauntlets,
11955,Rebellion Armour HS・Gauntlets,
11956,Rebellion Armour GS・Gauntlets,
11957,Rebellion Armour GP・Gauntlets,
11958,Rebellion Armour ZP・Gauntlets,
11959,Dinato ZP Arms,
11960,Dinato ZP Guard,
11961,Duque ZP Arms,
11962,Duque ZP Guard,
11963,Granu ZP Arms,
11964,Granu ZP Guard,
11965,Chiyo Sleeve ZP,
11966,Chiyo Gloves ZP,
11967,Nekodan ZP Arms,
11968,Gudan ZP Arms,
11969,Toridcless ZD Arms,
11970,Toridcless ZD Guard,
11971,Doragyurosu ZD Arms,
11972,Doragyurosu ZD Guard,
11973,Alfi D Arms,
11974,Kaifa D Arms,
11975,Straza D Arms,
11976,Renka Kote C,
11977,Survey Corps D Arms,
11978,Training Corps D Arms,
11979,Twelve Paladins' Armor D・Kote,
11980,Holy Maiden Armor D・Sleeve,
11981,Dragon Slayer Armor D・Kote,
11982,Rebellion Armour D・Kote,
11983,Dinato D Arms,
11984,Duque D Arms,
11985,Granu D Arms,
11986,Chiyo Sleeve D,
11987,Rubellite D Arms,
11988,ラズライトD Arms,
11989,Zircon D Arms,
11990,Spinel D Arms,
11991,Jade D Arms,
11992,Agate D Arms,
11993,Pyrope D Arms,
11994,アイオラD Arms,
11995,Rutile D Arms,
11996,Blood D Arms,
11997,Citrine D Guard,
11998,Peridot D Guard,
11999,Turquoise D Guard,
12000,Mafumofu ミトン PD Red,
12001,Mafumofu ミトン PD Yellow,
12002,Mafumofu ミトン PD Purple,
12003,Basarios Guard PD Red,
12004,Basarios Guard PD Black,
12005,Basarios Guard PD Yellow,
12006,Blango Arms PD Yellow,
12007,Blango Arms PD Blue,
12008,Blango Arms PD Black,
12009,Golden Kote PD White,
12010,Golden Kote PD Purple,
12011,Golden Kote PD Green,
12012,Gravios Guard PD Green,
12013,Gravios Guard PD Purple,
12014,Gravios Guard PD Red,
12015,High Metal Arms PD Black,
12016,High Metal Arms PD Blue,
12017,High Metal Arms PD Yellow,
12018,S・Sol Arms PD Red,
12019,S・Sol Arms PD Purple,
12020,S・Sol Arms PD Black,
12021,Garuga Guard PD White,
12022,Garuga Guard PD Green,
12023,Garuga Guard PD Red,
12024,Hermitaur Arms PD Blue,
12025,Hermitaur Arms PD White,
12026,Hermitaur Arms PD Purple,
12027,Kushala ハトゥー PD Red,
12028,Kushala ハトゥー PD Yellow,
12029,Kushala ハトゥー PD Green,
12030,Kushala マカーン PD Red,
12031,Kushala マカーン PD Yellow,
12032,Kushala マカーン PD Green,
12033,忍の Kote・陽D,
12034,忍の Kote・陰D,
12035,Bonne D Arms,
12036,Kalais D Guard,
12037,Lucchese D Guard,
12038,Quoiz D Guard,
12039,Nekodan D Arms,
12040,Gudan D Arms,
12041,Nerihi Kote Z,
12042,Nerihi Kote ZF,
12043,Nerihi Kote ZY,
12044,Nerihi Kote ZX,
12045,Nerihi Sleeves Z,
12046,Nerihi Sleeves ZF,
12047,Nerihi Sleeves ZY,
12048,Nerihi Sleeves ZX,
12049,Saine Arms,
12050,Saine F Arms,
12051,Saine FZ Arms,
12052,Saine HS Arms,
12053,Saine GS Arms,
12054,Saine GP Arms,
12055,Saine ZP Arms,
12056,Saine Guard,
12057,Saine F Guard,
12058,Saine FZ Guard,
12059,Saine HS Guard,
12060,Saine GS Guard,
12061,Saine GP Guard,
12062,Saine ZP Guard,
12063,Wing Arms,
12064,Wing F Arms,
12065,Wing FZ Arms,
12066,Wing HS Arms,
12067,Wing GS Arms,
12068,Wing GP Arms,
12069,Wing ZP Arms,
12070,Wing Guard,
12071,Wing F Guard,
12072,Wing FZ Guard,
12073,Wing HS Guard,
12074,Wing GS Guard,
12075,Wing GP Guard,
12076,Wing ZP Guard,
12077,Gasura Z Arms,
12078,Gasura ZF Arms,
12079,Gasura ZY Arms,
12080,Gasura ZX Arms,
12081,Gasura Z Guard,
12082,Gasura ZF Guard,
12083,Gasura ZY Guard,
12084,Gasura ZX Guard,
12085,Seregios Arms,
12086,Seregios G Arms,
12087,Seregios GF Arms,
12088,Seregios GX Arms,
12089,Seregios Guard,
12090,Seregios G Guard,
12091,Seregios GF Guard,
12092,Seregios GX Guard,
12093,Utaei Sleeve Z,
12094,Utaei Sleeve ZF,
12095,Utaei Sleeve ZY,
12096,Utaei Sleeve ZX,
12097,Utaei Gloves Z,
12098,Utaei Gloves ZF,
12099,Utaei Gloves ZY,
12100,Utaei Gloves ZX,
12101,Cassius G Arms,
12102,Cassius GF Arms,
12103,Cassius GX Arms,
12104,Cassius G Guard,
12105,Cassius GF Guard,
12106,Cassius GX Guard,
12107,Pinbi Arms,
12108,Pinbi F Arms,
12109,Pinbi FZ Arms,
12110,Pinbi HS Arms,
12111,Pinbi GS Arms,
12112,Pinbi GP Arms,
12113,Pinbi ZP Arms,
12114,Pinbi Guard,
12115,Pinbi F Guard,
12116,Pinbi FZ Guard,
12117,Pinbi HS Guard,
12118,Pinbi GS Guard,
12119,Pinbi GP Guard,
12120,Pinbi ZP Guard,
12121,Pribu Arms,
12122,Pribu F Arms,
12123,Pribu FZ Arms,
12124,Pribu HS Arms,
12125,Pribu GS Arms,
12126,Pribu GP Arms,
12127,Pribu ZP Arms,
12128,Pribu Guard,
12129,Pribu F Guard,
12130,Pribu FZ Guard,
12131,Pribu HS Guard,
12132,Pribu GS Guard,
12133,Pribu GP Guard,
12134,Pribu ZP Guard,
12135,Gray Arms,
12136,Gray F Arms,
12137,Gray FZ Arms,
12138,Gray HS Arms,
12139,Gray GS Arms,
12140,Gray GP Arms,
12141,Gray ZP Arms,
12142,Gray Guard,
12143,Gray F Guard,
12144,Gray FZ Guard,
12145,Gray HS Guard,
12146,Gray GS Guard,
12147,Gray GP Guard,
12148,Gray ZP Guard,
12149,Urpina Arms,
12150,Urpina F Arms,
12151,Urpina FZ Arms,
12152,Urpina HS Arms,
12153,Urpina GS Arms,
12154,Urpina GP Arms,
12155,Urpina ZP Arms,
12156,Urpina Guard,
12157,Urpina F Guard,
12158,Urpina FZ Guard,
12159,Urpina HS Guard,
12160,Urpina GS Guard,
12161,Urpina GP Guard,
12162,Urpina ZP Guard,
12163,Noel Arms,
12164,Noel F Arms,
12165,Noel FZ Arms,
12166,Noel HS Arms,
12167,Noel GS Arms,
12168,Noel GP Arms,
12169,Noel ZP Arms,
12170,Noel Guard,
12171,Noel F Guard,
12172,Noel FZ Guard,
12173,Noel HS Guard,
12174,Noel GS Guard,
12175,Noel GP Guard,
12176,Noel ZP Guard,
12177,Bune Arms,
12178,Bune F Arms,
12179,Bune FZ Arms,
12180,Bune HS Arms,
12181,Bune GS Arms,
12182,Bune GP Arms,
12183,Bune ZP Arms,
12184,Bune Guard,
12185,Bune F Guard,
12186,Bune FZ Guard,
12187,Bune HS Guard,
12188,Bune GS Guard,
12189,Bune GP Guard,
12190,Bune ZP Guard,
12191,Raviente G Arms:Extreme,
12192,Raviente GF Arms:Extreme,
12193,Raviente GX Arms:Extreme,
12194,Raviente G Guard:Extreme,
12195,Raviente GF Guard:Extreme,
12196,Raviente GX Guard:Extreme,
12197,Harze ZP Arms,
12198,Harze ZP Guard,
12199,Revenants ZP Grip,
12200,Revenants ZP Grasp,
12201,Saine D Arms,
12202,Wing D Arms,
12203,Gasura ZD Arms,
12204,Gasura ZD Guard,
12205,Seregios C Arms,
12206,Seregios C Guard,
12207,Pinbi D Arms,
12208,Pribu D Arms,
12209,Nerihi Kote D,
12210,Gray D Arms,
12211,Urpina D Arms,
12212,Noel D Arms,
12213,Bune D Arms,
12214,Melas D Guard,
12215,Byakko・Kensei D Arms,
12216,Byakko・双龍D Arms,
12217,Byakko・剣王D Arms,
12218,Byakko・刀神D Arms,
12219,Byakko・Heaven 槍D Arms,
12220,Byakko・砲皇D Arms,
12221,Byakko・鈍器獣D Arms,
12222,Byakko・奏帝D Arms,
12223,Byakko・穿凰D Arms,
12224,Byakko・斬将D Arms,
12225,Byakko・銃傑D Guard,
12226,Byakko・銃仙D Guard,
12227,Byakko・Bow 鬼D Guard,
12228,Kirin Arms PD Red,
12229,Kirin Arms PD Purple,
12230,Kirin Arms PD Black,
12231,Kaiser Arms PD White,
12232,Kaiser Guard PD White,
12233,Kaiser Arms PD Black,
12234,Kaiser Guard PD Black,
12235,Kaiser Arms PD Green,
12236,Kaiser Guard PD Green,
12237,Mizuha [Sleeves] PD Blue,
12238,Mizuha [Sleeves] PD Red,
12239,Mizuha [Sleeves] PD Yellow,
12240,Toyotama [Sleeves] PD Blue,
12241,Toyotama [Sleeves] PD Red,
12242,Toyotama [Sleeves] PD Yellow,
12243,暁丸【 Kote 】 PD Red,
12244,暁丸【 Kote 】 PD Purple,
12245,暁丸【 Kote 】 PD White,
12246,凛【 Kote 】 PD Black,
12247,凛【 Kote 】 PD Purple,
12248,凛【 Kote 】 PD White,
12249,Ceanataur Guard PD Red,
12250,Ceanataur Guard PD Black,
12251,Ceanataur Guard PD Yellow,
12252,Remobra Hands PD White,
12253,Remobra Hands PD Yellow,
12254,Remobra Hands PD Black,
12255,Harze D Arms,
12256,Revenants D Grip,
12257,Kukubo D Guard,
12258,Kakabu D Guard,
12259,Aruru D Guard,
12260,Suzaku・Kensei D Arms,
12261,Suzaku・双龍D Arms,
12262,Suzaku・剣王D Arms,
12263,Suzaku・刀神D Arms,
12264,Suzaku・Heaven 槍D Arms,
12265,Suzaku・砲皇D Arms,
12266,Suzaku・鈍器獣D Arms,
12267,Suzaku・奏帝D Arms,
12268,Suzaku・穿凰D Arms,
12269,Suzaku・斬将D Arms,
12270,Suzaku・銃傑D Guard,
12271,Suzaku・銃仙D Guard,
12272,Suzaku・Bow 鬼D Guard,
12273,G・Knight Cuffs PD Red,
12274,G・Knight Cuffs PD Blue,
12275,G・Knight Cuffs PD Purple,
12276,PV Cuffs PD Red,
12277,PV Cuffs PD Blue,
12278,PV Cuffs PD Purple,
12279,Empress Arms PD Red,
12280,Empress Arms PD Yellow,
12281,Empress Arms PD Purple,
12282,Empress Guard PD Red,
12283,Empress Guard PD Yellow,
12284,Empress Guard PD Purple,
12285,Vespoid Arms PD Yellow,
12286,Vespoid Arms PD Black,
12287,Vespoid Arms PD Blue,
12288,Death Stench アルム PD White,
12289,Death Stench アルム PD Red,
12290,Death Stench アルム PD Blue,
12291,Diablos Arms PD Purple,
12292,Diablos Arms PD Blue,
12293,Diablos Arms PD Yellow,
12294,Makluva Sleeve PD Green,
12295,Makluva Sleeve PD Blue,
12296,Makluva Sleeve PD Black,
12297,Akantor サクンペ PD Black,
12298,Akantor サクンペ PD Red,
12299,Akantor サクンペ PD White,
12300,Akantor ノキリペ PD Black,
12301,Akantor ノキリペ PD Red,
12302,Akantor ノキリペ PD White,
12303,Gravios Arms PD Black,
12304,Gravios Arms PD Blue,
12305,Gravios Arms PD Red,
12306,Sharuru D Arms,
12307,Neriotori Kote D,
12308,Anorupatisu ZD Arms,
12309,Anorupatisu ZD Guard,
12310,Dylan D Arms,
12311,Dibble D Arms,
12312,Fins D Arms,
12313,Dins D Arms,
12314,Charis D Arms,
12315,Miriam D Arms,
12316,Lenigan D Arms,
12317,執事 Maid 色替え,
12318,Katante D Arms,
12319,Rikante D Arms,
12320,Merente D Arms,
12321,Utante D Arms,
12322,Brooke Dグローブ,
12323,Shirukku Dグローブ,
12324,Gorukku Dグローブ,
12325,Kiyoshi Kote D,
12326,Kashoku Kote D,
12327,Jyaga D Arms,
12328,Cure D Arms,
12329,Jess D Arms,
12330,Riaruo D Arms,
12331,Reiresu D Arms,
12332,Reuasu D Arms,
12333,Buran D Arms,
12334,Shimashima D Arms,
12335,Desutora D Cannon,
12336,Furante D Arms,
12337,Sharuru Arms,
12338,Sharuru F Arms,
12339,Sharuru FZ Arms,
12340,Sharuru HS Arms,
12341,Sharuru GS Arms,
12342,Sharuru GP Arms,
12343,Sharuru ZP Arms,
12344,Sharuru Guard,
12345,Sharuru F Guard,
12346,Sharuru FZ Guard,
12347,Sharuru HS Guard,
12348,Sharuru GS Guard,
12349,Sharuru GP Guard,
12350,Sharuru ZP Guard,
12351,Neriotori Kote Z,
12352,Neriotori Kote ZF,
12353,Neriotori Kote ZY,
12354,Neriotori Kote ZX,
12355,Neriotori Sleeves Z,
12356,Neriotori Sleeves ZF,
12357,Neriotori Sleeves ZY,
12358,Neriotori Sleeves ZX,
12359,Anorupatisu Z Arms,
12360,Anorupatisu ZF Arms,
12361,Anorupatisu ZY Arms,
12362,Anorupatisu ZX Arms,
12363,Anorupatisu Z Guard,
12364,Anorupatisu ZF Guard,
12365,Anorupatisu ZY Guard,
12366,Anorupatisu ZX Guard,
12367,Utatsumugu Sleeve Z,
12368,Utatsumugu Sleeve ZF,
12369,Utatsumugu Sleeve ZY,
12370,Utatsumugu Sleeve ZX,
12371,Utatsumugu Gloves Z,
12372,Utatsumugu Gloves ZF,
12373,Utatsumugu Gloves ZY,
12374,Utatsumugu Gloves ZX,
12375,Lynx G Arms,
12376,Lynx GF Arms,
12377,Lynx GX Arms,
12378,Lynx G Guard,
12379,Lynx GF Guard,
12380,Lynx GX Guard,
12381,Zindol G Arms,
12382,Zindol GF Arms,
12383,Zindol GX Arms,
12384,Zindol G Guard,
12385,Zindol GF Guard,
12386,Zindol GX Guard,
12387,Dylan Arms,
12388,Dylan F Arms,
12389,Dylan FZ Arms,
12390,Dylan HS Arms,
12391,Dylan GS Arms,
12392,Dylan GP Arms,
12393,Dylan ZP Arms,
12394,Dylan Guard,
12395,Dylan F Guard,
12396,Dylan FZ Guard,
12397,Dylan HS Guard,
12398,Dylan GS Guard,
12399,Dylan GP Guard,
12400,Dylan ZP Guard,
12401,Dibble Arms,
12402,Dibble F Arms,
12403,Dibble FZ Arms,
12404,Dibble HS Arms,
12405,Dibble GS Arms,
12406,Dibble GP Arms,
12407,Dibble ZP Arms,
12408,Dibble Guard,
12409,Dibble F Guard,
12410,Dibble FZ Guard,
12411,Dibble HS Guard,
12412,Dibble GS Guard,
12413,Dibble GP Guard,
12414,Dibble ZP Guard,
12415,Fins Arms,
12416,Fins F Arms,
12417,Fins FZ Arms,
12418,Fins HS Arms,
12419,Fins GS Arms,
12420,Fins GP Arms,
12421,Fins ZP Arms,
12422,Fins Guard,
12423,Fins F Guard,
12424,Fins FZ Guard,
12425,Fins HS Guard,
12426,Fins GS Guard,
12427,Fins GP Guard,
12428,Fins ZP Guard,
12429,Dins Arms,
12430,Dins F Arms,
12431,Dins FZ Arms,
12432,Dins HS Arms,
12433,Dins GS Arms,
12434,Dins GP Arms,
12435,Dins ZP Arms,
12436,Dins Guard,
12437,Dins F Guard,
12438,Dins FZ Guard,
12439,Dins HS Guard,
12440,Dins GS Guard,
12441,Dins GP Guard,
12442,Dins ZP Guard,
12443,Kiyoshi Kote Z,
12444,Kiyoshi Kote ZF,
12445,Kiyoshi Kote ZY,
12446,Kiyoshi Kote ZX,
12447,Kiyoshi Sleeves Z,
12448,Kiyoshi Sleeves ZF,
12449,Kiyoshi Sleeves ZY,
12450,Kiyoshi Sleeves ZX,
12451,Kashoku Kote Z,
12452,Kashoku Kote ZF,
12453,Kashoku Kote ZY,
12454,Kashoku Kote ZX,
12455,Kashoku Sleeves Z,
12456,Kashoku Sleeves ZF,
12457,Kashoku Sleeves ZY,
12458,Kashoku Sleeves ZX,
12459,Charis Arms,
12460,Charis F Arms,
12461,Charis FZ Arms,
12462,Charis HS Arms,
12463,Charis GS Arms,
12464,Charis GP Arms,
12465,Charis ZP Arms,
12466,Charis Guard,
12467,Charis F Guard,
12468,Charis FZ Guard,
12469,Charis HS Guard,
12470,Charis GS Guard,
12471,Charis GP Guard,
12472,Charis ZP Guard,
12473,Miriam Arms,
12474,Miriam F Arms,
12475,Miriam FZ Arms,
12476,Miriam HS Arms,
12477,Miriam GS Arms,
12478,Miriam GP Arms,
12479,Miriam ZP Arms,
12480,Miriam Guard,
12481,Miriam F Guard,
12482,Miriam FZ Guard,
12483,Miriam HS Guard,
12484,Miriam GS Guard,
12485,Miriam GP Guard,
12486,Miriam ZP Guard,
12487,Lenigan Arms,
12488,Lenigan F Arms,
12489,Lenigan FZ Arms,
12490,Lenigan HS Arms,
12491,Lenigan GS Arms,
12492,Lenigan GP Arms,
12493,Lenigan ZP Arms,
12494,Lenigan Guard,
12495,Lenigan F Guard,
12496,Lenigan FZ Guard,
12497,Lenigan HS Guard,
12498,Lenigan GS Guard,
12499,Lenigan GP Guard,
12500,Lenigan ZP Guard,
12501,Favila Arms,
12502,Favila F Arms,
12503,Favila FZ Arms,
12504,Favila HS Arms,
12505,Favila GS Arms,
12506,Favila GP Arms,
12507,Favila ZP Arms,
12508,Favila Guard,
12509,Favila F Guard,
12510,Favila FZ Guard,
12511,Favila HS Guard,
12512,Favila GS Guard,
12513,Favila GP Guard,
12514,Favila ZP Guard,
12515,Desutora GS Cannon,
12516,Desutora GP Cannon,
12517,Desutora ZP Cannon,
12518,ダミー,
12519,ダミー,
12520,ダミー,
12521,Desutora GS Shell,
12522,Desutora GP Shell,
12523,Desutora ZP Shell,
12524,ダミー,
12525,ダミー,
12526,ダミー,
12527,Brave ZX Arms,
12528,Bogabado Z Arms,
12529,Bogabado ZF Arms,
12530,Bogabado ZY Arms,
12531,Bogabado ZX Arms,
12532,Bogabado Z Guard,
12533,Bogabado ZF Guard,
12534,Bogabado ZY Guard,
12535,Bogabado ZX Guard,
12536,Alicia Arms,
12537,Alicia F Arms,
12538,Alicia FZ Arms,
12539,Alicia HS Arms,
12540,Alicia GS Arms,
12541,Alicia GP Arms,
12542,Alicia ZP Arms,
12543,Alicia Guard,
12544,Alicia F Guard,
12545,Alicia FZ Guard,
12546,Alicia HS Guard,
12547,Alicia GS Guard,
12548,Alicia GP Guard,
12549,Alicia ZP Guard,
12550,Tanzanite Arms,
12551,Tanzanite F Arms,
12552,Tanzanite FX Arms,
12553,Hematite Arms,
12554,Hematite F Arms,
12555,Hematite FX Arms,
12556,Byakko・磁星G Arms,
12557,Byakko・磁星GF Arms,
12558,Byakko・磁星GX Arms,
12559,Suzaku・磁星G Arms,
12560,Suzaku・磁星GF Arms,
12561,Suzaku・磁星GX Arms,
12562,Genbu・磁星G Arms,
12563,Genbu・磁星GF Arms,
12564,Genbu・磁星GX Arms,
12565,Seiryu・磁星G Arms,
12566,Seiryu・磁星GF Arms,
12567,Seiryu・磁星GX Arms,
12568,White 蘭・磁星 Arms,
12569,White 蘭・磁星F Arms,
12570,White 蘭・磁星FX Arms,
12571,Crimson 霞・磁星 Arms,
12572,Crimson 霞・磁星F Arms,
12573,Crimson 霞・磁星FX Arms,
12574,White 蘭・磁星G Arms,
12575,White 蘭・磁星GF Arms,
12576,White 蘭・磁星GX Arms,
12577,Crimson 霞・磁星G Arms,
12578,Crimson 霞・磁星GF Arms,
12579,Crimson 霞・磁星GX Arms,
12580,月夜・磁星G Arms,
12581,月夜・磁星GF Arms,
12582,月夜・磁星GX Arms,
12583,Green 穹・磁星G Arms,
12584,Green 穹・磁星GF Arms,
12585,Green 穹・磁星GX Arms,
12586,Masaha Dress [Sleeves] Red,
12587,Masaha Dress F [Sleeves] Red,
12588,Masaha Dress FZ [Sleeves] Red,
12589,Masaha Dress HS [Sleeves] Red,
12590,Masaha Dress GS [Sleeves] Red,
12591,Masaha Dress GP [Sleeves] Red,
12592,Masaha Dress ZP [Sleeves] Red,
12593,Masaha Dress [Sleeves] Red,
12594,Masaha Dress F [Sleeves] Red,
12595,Masaha Dress FZ [Sleeves] Red,
12596,Masaha Dress HS [Sleeves] Red,
12597,Masaha Dress GS [Sleeves] Red,
12598,Masaha Dress GP [Sleeves] Red,
12599,Masaha Dress ZP [Sleeves] Red,
12600,Masaha Dress [Sleeves] Silver,
12601,Masaha Dress F [Sleeves] Silver,
12602,Masaha Dress FZ [Sleeves] Silver,
12603,Masaha Dress HS [Sleeves] Silver,
12604,Masaha Dress GS [Sleeves] Silver,
12605,Masaha Dress GP [Sleeves] Silver,
12606,Masaha Dress ZP [Sleeves] Silver,
12607,Masaha Dress [Sleeves] Silver,
12608,Masaha Dress F [Sleeves] Silver,
12609,Masaha Dress FZ [Sleeves] Silver,
12610,Masaha Dress HS [Sleeves] Silver,
12611,Masaha Dress GS [Sleeves] Silver,
12612,Masaha Dress GP [Sleeves] Silver,
12613,Masaha Dress ZP [Sleeves] Silver,
12614,Masaha Dress [Sleeves] Blue,
12615,Masaha Dress F [Sleeves] Blue,
12616,Masaha Dress FZ [Sleeves] Blue,
12617,Masaha Dress HS [Sleeves] Blue,
12618,Masaha Dress GS [Sleeves] Blue,
12619,Masaha Dress GP [Sleeves] Blue,
12620,Masaha Dress ZP [Sleeves] Blue,
12621,Masaha Dress [Sleeves] Blue,
12622,Masaha Dress F [Sleeves] Blue,
12623,Masaha Dress FZ [Sleeves] Blue,
12624,Masaha Dress HS [Sleeves] Blue,
12625,Masaha Dress GS [Sleeves] Blue,
12626,Masaha Dress GP [Sleeves] Blue,
12627,Masaha Dress ZP [Sleeves] Blue,
12628,Masaha Dress [Sleeves] Orange,
12629,Masaha Dress F [Sleeves] Orange,
12630,Masaha Dress FZ [Sleeves] Orange,
12631,Masaha Dress HS [Sleeves] Orange,
12632,Masaha Dress GS [Sleeves] Orange,
12633,Masaha Dress GP [Sleeves] Orange,
12634,Masaha Dress ZP [Sleeves] Orange,
12635,Masaha Dress [Sleeves] Orange,
12636,Masaha Dress F [Sleeves] Orange,
12637,Masaha Dress FZ [Sleeves] Orange,
12638,Masaha Dress HS [Sleeves] Orange,
12639,Masaha Dress GS [Sleeves] Orange,
12640,Masaha Dress GP [Sleeves] Orange,
12641,Masaha Dress ZP [Sleeves] Orange,
12642,Graham Arms,
12643,Favila D Arms,
12644,Alicia D Arms,
12645,Masaha Dress C [Sleeves 】,
12646,Aura C Arms,
12647,Asumo C Arms,
12648,Rokka C Arms,
12649,Ruche C Arms,
12650,Shui C Arms,
12651,Masaha Dress D [Sleeves] Red,
12652,Masaha Dress D [Sleeves] Silver,
12653,Masaha Dress D [Sleeves] Blue,
12654,Masaha Dress D [Sleeves] Orange,
12655,Genbu・Kensei D Arms,
12656,Genbu・双龍D Arms,
12657,Genbu・剣王D Arms,
12658,Genbu・刀神D Arms,
12659,Genbu・Heaven 槍D Arms,
12660,Genbu・砲皇D Arms,
12661,Genbu・鈍器獣D Arms,
12662,Genbu・奏帝D Arms,
12663,Genbu・穿凰D Arms,
12664,Genbu・斬将D Arms,
12665,Genbu・銃傑D Guard,
12666,Genbu・銃仙D Guard,
12667,Genbu・Bow 鬼D Guard,
12668,Tanzanite D Arms,
12669,Hematite D Arms,
12670,Byakko・磁星D Arms,
12671,Suzaku・磁星D Arms,
12672,Genbu・磁星D Arms,
12673,Tigrex Arms PD Black,
12674,Tigrex Arms PD White,
12675,Tigrex Arms PD Purple,
12676,Monoblos Arms PD Yellow,
12677,Monoblos Arms PD Green,
12678,Monoblos Arms PD White,
12679,Khezu Guard PD Black,
12680,Khezu Guard PD Green,
12681,Khezu Guard PD Blue,
12682,Plesioth Arms PD Black,
12683,Plesioth Arms PD Yellow,
12684,Plesioth Arms PD Purple,
12685,Plesioth Guard PD Black,
12686,Plesioth Guard PD Yellow,
12687,Plesioth Guard PD Purple,
12688,Gypceros Guard PD Red,
12689,Gypceros Guard PD Yellow,
12690,Gypceros Guard PD Green,
12691,Kagura 【 Kote 】 PD Red,
12692,Kagura 【 Kote 】 PD Black,
12693,Kagura 【 Kote 】 PD Purple,
12694,Kamiza 【 Kote 】 PD Red,
12695,Kamiza 【 Kote 】 PD Black,
12696,Kamiza 【 Kote 】 PD Purple,
12697,Mosswine Punch PD White,
12698,Mosswine Punch PD Yellow,
12699,Mosswine Punch PD Blue,
12700,忍の Kote・陰 PD Yellow,
12701,忍の Kote・陰 PD Red,
12702,忍の Kote・陰 PD Blue,
12703,Dusk D Arms・Red,
12704,Dusk D Arms・White,
12705,Dusk D Arms・Peach,
12706,Dusk D Arms・Blue,
12707,Marin D Arms・Blue,
12708,Marin D Arms・Peach,
12709,Marin D Arms・White,
12710,Marin D Arms・Black,
12711,Reflet D Arms・Blue,
12712,Reflet D Arms・White,
12713,Reflet D Arms・Red,
12714,Reflet D Arms・Black,
12715,Tenpi Kote D・Red,
12716,Tenpi Kote D・Blue,
12717,Tenpi Kote D・Black,
12718,Tenpi Kote D・White,
12719,Tenpi Sleeve D・Red,
12720,Tenpi Sleeve D・Blue,
12721,Tenpi Sleeve D・Black,
12722,Tenpi Sleeve D・White,
12723,Naga D Arms・Blue,
12724,Naga D Arms・Red,
12725,Naga D Arms・White,
12726,Naga D Arms・Black,
12727,Sheriff D Arms・Tea,
12728,Sheriff D Arms・Black,
12729,Sheriff D Arms・Blue,
12730,Sheriff D Arms・White,
12731,Serena D Arms・Purple,
12732,Serena D Arms・Blue,
12733,Serena D Arms・White,
12734,Serena D Arms・Red,
12735,Gelt D Arms・Black,
12736,Gelt D Arms・Copper,
12737,Gelt D Arms・Silver,
12738,Gelt D Arms・Gold,
12739,Gloria D Arms・Gold,
12740,Gloria D Arms・Blue,
12741,Gloria D Arms・Water,
12742,Gloria D Arms・Red,
12743,Cloth D Arms・Red,
12744,Cloth D Arms・Blue,
12745,Cloth D Arms・Purple,
12746,Cloth D Arms・Green,
12747,Rast D Arms・Black,
12748,Rast D Arms・Blue,
12749,Rast D Arms・Crimson,
12750,Rast D Arms・White,
12751,Siena D Arms・Silver,
12752,Siena D Arms・Black,
12753,Siena D Arms・Red,
12754,Siena D Arms・Blue,
12755,Cultu D Arms・Ash,
12756,Cultu D Arms・Blue,
12757,Cultu D Arms・Orange,
12758,Cultu D Arms・Green,
12759,Truss Dグローブ Blue,
12760,Truss Dグローブ Red,
12761,Truss Dグローブ White,
12762,Truss Dグローブ Purple,
12763,Maisto D Arms・Crimson,
12764,Maisto D Arms・Green,
12765,Maisto D Arms・Green,
12766,Maisto D Arms・Pink,
12767,Randa Gauntlets・D Yellow,
12768,Randa Gauntlets・D Red,
12769,Randa Gauntlets・D Purple,
12770,Randa Gauntlets・D Gold,
12771,Buney D Arms・Black,
12772,Buney D Arms・White,
12773,Buney D Arms・Red,
12774,Buney D Arms・Purple,
12775,Regelia D Arms・White,
12776,Regelia D Arms・Red,
12777,Regelia D Arms・Green,
12778,Regelia D Arms・Blue,
12779,Aristo D Arms・Blue,
12780,Aristo D Arms・White,
12781,Aristo D Arms・Purple,
12782,Aristo D Arms・Red,
12783,Melety D Arms・White,
12784,Melety D Arms・Red,
12785,Melety D Arms・Blue,
12786,Melety D Arms・Black,
12787,Ferme D Arms・Black,
12788,Ferme D Arms・Red,
12789,Ferme D Arms・White,
12790,Ferme D Arms・Blue,
12791,Real D Arms・White,
12792,Real D Arms・Gold,
12793,Real D Arms・Blue,
12794,Real D Arms・Red,
12795,Arma D Arms・Black,
12796,Arma D Arms・White,
12797,Arma D Arms・Blue,
12798,Arma D Arms・Tea,
12799,Honour D Arms・Red,
12800,Honour D Arms・Blue,
12801,Honour D Arms・Green,
12802,Honour D Arms・紺,
12803,Pics D Arms・Green,
12804,Pics D Arms・Purple,
12805,Pics D Arms・Black,
12806,Pics D Arms・Water,
12807,Magos D Arms・Yellow,
12808,Magos D Arms・Red,
12809,Magos D Arms・Water,
12810,Magos D Arms・Blue,
12811,Arge D Arms,
12812,Camarera D Arms,
12813,Metenera D Arms,
12814,Abitto D Arms,
12815,Riburi D Arms,
12816,Zodic D Arms・Blue,
12817,Zodic D Arms・Tea,
12818,Zodic D Arms・Green,
12819,Zodic D Arms・Pink,
12820,Cayssis D Arms Water,
12821,Cayssis D Arms Red,
12822,Cayssis D Arms Blue,
12823,Cayssis D Arms Orange,
12824,Omet D Arms・Black,
12825,Omet D Arms・Red,
12826,Omet D Arms・White,
12827,Omet D Arms・Blue,
12828,Edio D Arms・Blue,
12829,Edio D Arms・Red,
12830,Edio D Arms・Yellow,
12831,Edio D Arms・Black,
12832,Steno D Arms・Orange,
12833,Steno D Arms・Peach,
12834,Steno D Arms・Blue,
12835,Steno D Arms・Red,
12836,Suriito D Arms・Yellow,
12837,Suriito D Arms・Silver,
12838,Suriito D Arms・Red,
12839,Suriito D Arms・Blue,
12840,Galitos D Arms・Tea,
12841,Galitos D Arms・Red,
12842,Galitos D Arms・Black,
12843,Galitos D Arms・Water,
12844,Text D Arms・Purple,
12845,Text D Arms・Green,
12846,Text D Arms・Blue,
12847,Text D Arms・Black,
12848,Pharan D Arms・White,
12849,Pharan D Arms・Black,
12850,Pharan D Arms・Red,
12851,Pharan D Arms・Blue,
12852,Gold D Arms・Red,
12853,Gold D Arms・Blue,
12854,Gold D Arms・Yellow,
12855,Gold D Arms・Purple,
12856,Claire D Arms・Purple,
12857,Claire D Arms・Water,
12858,Claire D Arms・Red,
12859,Claire D Arms・Black,
12860,Gold Cat D Arms,
12861,Silver Cat D Arms,
12862,Ex D Arms・White,
12863,Ex D Arms・Red,
12864,Ex D Arms・Blue,
12865,Ex D Arms・Black,
12866,Star Festival D Gauntlets [Red 】,
12867,Star Festival D Gauntlets [Blue 】,
12868,Star Festival D Gauntlets [Black 】,
12869,Star Festival D Gauntlets [White 】,
12870,Promise D Arms・White,
12871,Promise D Arms・Blue,
12872,Promise D Arms・Purple,
12873,Promise D Arms・Yellow,
12874,White M Arms D,
12875,Flight Kote D・White,
12876,Flight Kote D・Red,
12877,Flight Kote D・Tea,
12878,Flight Kote D・Blue,
12879,Bande D Arms・Blue,
12880,Bande D Arms・Red,
12881,Bande D Arms・Green,
12882,Bande D Arms・Black,
12883,Regnum D Arms・White,
12884,Regnum D Arms・Blue,
12885,Regnum D Arms・Red,
12886,Regnum D Arms・Tea,
12887,Gania D Arms・Red,
12888,Gania D Arms・Blue,
12889,Gania D Arms・Tea,
12890,Gania D Arms・Purple,
12891,Amistad D Arms・Black,
12892,Amistad D Arms・White,
12893,Amistad D Arms・Blue,
12894,Amistad D Arms・Crimson,
12895,Perifu D Arms・Blue,
12896,Perifu D Arms・Tea,
12897,Perifu D Arms・Green,
12898,Perifu D Arms・Purple,
12899,Vakusu D Arms,
12900,Rizuvue D Arms,
12901,Konseru D Arms,
12902,Utaei Sleeve D,
12903,Utatsumugu Sleeve D,
12904,Shikari Kote D,
12905,Strega D Arms,
12906,Eques D Arms,
12907,Uida D Arms,
12908,Kuraaji D Arms,
12909,Aneshisu D Arms,
12910,Zaakaa D Arms,
12911,Vinen D Arms,
12912,Rudeos D Arms,
12913,Breo D Arms,
12914,Rouge D Arms,
12915,Onero D Arms,
12916,Diina D Arms,
12917,Oorowa D Arms,
12918,Higakure D Arms,
12919,Perce D Arms,
12920,Orykto D Arms,
12921,Orykto D Guard,
12922,Yoruti D Arms,
12923,Nisuru D Arms,
12924,Maaden D Arms,
12925,Maaden D Guard,
12926,Cheni D Arms,
12927,Eguiene D Arms,
12928,Toruboda D Arms,
12929,Kabariba D Arms,
12930,Norukku Dグローブ,
12931,Valier D Arms,
12932,Arumyu D Arms,
12933,Chatore D Arms,
12934,Pashio D Arms,
12935,Cariva D Arms,
12936,Desutora GS Cannon,
12937,Desutora GP Cannon,
12938,Desutora ZP Cannon,
12939,Desutora GS Shell,
12940,Desutora GP Shell,
12941,Desutora ZP Shell,
12942,Desutora D Cannon,
12943,Bogabado ZD Arms,
12944,Bogabado ZD Guard,
12945,Nerishoku Kote Z,
12946,Nerishoku Kote ZF,
12947,Nerishoku Kote ZY,
12948,Nerishoku Kote ZX,
12949,Nerishoku Sleeves Z,
12950,Nerishoku Sleeves ZF,
12951,Nerishoku Sleeves ZY,
12952,Nerishoku Sleeves ZX,
12953,Baruragaru Z Arms,
12954,Baruragaru ZF Arms,
12955,Baruragaru ZY Arms,
12956,Baruragaru ZX Arms,
12957,Baruragaru Z Guard,
12958,Baruragaru ZF Guard,
12959,Baruragaru ZY Guard,
12960,Baruragaru ZX Guard,
12961,Gravios Z Arms,
12962,Gravios ZF Arms,
12963,Gravios ZY Arms,
12964,Gravios ZX Arms,
12965,Gravios Z Guard,
12966,Gravios ZF Guard,
12967,Gravios ZY Guard,
12968,Gravios ZX Guard,
12969,Rabius Arms,
12970,Rabius F Arms,
12971,Rabius FZ Arms,
12972,Rabius HS Arms,
12973,Rabius GS Arms,
12974,Rabius GP Arms,
12975,Rabius ZP Arms,
12976,Rabius Guard,
12977,Rabius F Guard,
12978,Rabius FZ Guard,
12979,Rabius HS Guard,
12980,Rabius GS Guard,
12981,Rabius GP Guard,
12982,Rabius ZP Guard,
12983,Rocras Arms,
12984,Rocras F Arms,
12985,Rocras FZ Arms,
12986,Rocras HS Arms,
12987,Rocras GS Arms,
12988,Rocras GP Arms,
12989,Rocras ZP Arms,
12990,Rocras Guard,
12991,Rocras F Guard,
12992,Rocras FZ Guard,
12993,Rocras HS Guard,
12994,Rocras GS Guard,
12995,Rocras GP Guard,
12996,Rocras ZP Guard,
12997,Alisys Arms,
12998,Alisys F Arms,
12999,Alisys FZ Arms,
13000,Alisys HS Arms,
13001,Alisys GS Arms,
13002,Alisys GP Arms,
13003,Alisys ZP Arms,
13004,Alisys Guard,
13005,Alisys F Guard,
13006,Alisys FZ Guard,
13007,Alisys HS Guard,
13008,Alisys GS Guard,
13009,Alisys GP Guard,
13010,Alisys ZP Guard,
13011,Loli Arms,
13012,Loli F Arms,
13013,Loli FZ Arms,
13014,Loli HS Arms,
13015,Loli GS Arms,
13016,Loli GP Arms,
13017,Loli ZP Arms,
13018,Loli Guard,
13019,Loli F Guard,
13020,Loli FZ Guard,
13021,Loli HS Guard,
13022,Loli GS Guard,
13023,Loli GP Guard,
13024,Loli ZP Guard,
13025,Recolis Arms,
13026,Recolis F Arms,
13027,Recolis FZ Arms,
13028,Recolis HS Arms,
13029,Recolis GS Arms,
13030,Recolis GP Arms,
13031,Recolis ZP Arms,
13032,Recolis Guard,
13033,Recolis F Guard,
13034,Recolis FZ Guard,
13035,Recolis HS Guard,
13036,Recolis GS Guard,
13037,Recolis GP Guard,
13038,Recolis ZP Guard,
13039,Bita G Arms,
13040,Bita GF Arms,
13041,Bita GX Arms,
13042,Bita G Guard,
13043,Bita GF Guard,
13044,Bita GX Guard,
13045,Koreputo G Arms,
13046,Koreputo GF Arms,
13047,Koreputo GX Arms,
13048,Koreputo G Guard,
13049,Koreputo GF Guard,
13050,Koreputo GX Guard,
13051,Rapin G Arms,
13052,Rapin GF Arms,
13053,Rapin GX Arms,
13054,Rapin G Guard,
13055,Rapin GF Guard,
13056,Rapin GX Guard,
13057,Kireek Arms,
13058,Kireek F Arms,
13059,Kireek FZ Arms,
13060,Kireek HS Arms,
13061,Kireek GS Arms,
13062,Kireek GP Arms,
13063,Kireek ZP Arms,
13064,Kireek Guard,
13065,Kireek F Guard,
13066,Kireek FZ Guard,
13067,Kireek HS Guard,
13068,Kireek GS Guard,
13069,Kireek GP Guard,
13070,Kireek ZP Guard,
13071,Quna Arms,
13072,Quna F Arms,
13073,Quna FZ Arms,
13074,Quna HS Arms,
13075,Quna GS Arms,
13076,Quna GP Arms,
13077,Quna ZP Arms,
13078,Quna Guard,
13079,Quna F Guard,
13080,Quna FZ Guard,
13081,Quna HS Guard,
13082,Quna GS Guard,
13083,Quna GP Guard,
13084,Quna ZP Guard,
13085,Dista Arms,
13086,Dista F Arms,
13087,Dista FZ Arms,
13088,Dista HS Arms,
13089,Dista GS Arms,
13090,Dista GP Arms,
13091,Dista ZP Arms,
13092,Dista Guard,
13093,Dista F Guard,
13094,Dista FZ Guard,
13095,Dista HS Guard,
13096,Dista GS Guard,
13097,Dista GP Guard,
13098,Dista ZP Guard,
13099,Ionia Arms,
13100,Ionia F Arms,
13101,Ionia FZ Arms,
13102,Ionia HS Arms,
13103,Ionia GS Arms,
13104,Ionia GP Arms,
13105,Ionia ZP Arms,
13106,Ionia Guard,
13107,Ionia F Guard,
13108,Ionia FZ Guard,
13109,Ionia HS Guard,
13110,Ionia GS Guard,
13111,Ionia GP Guard,
13112,Ionia ZP Guard,
13113,Guridi Z Arms,
13114,Guridi ZF Arms,
13115,Guridi ZY Arms,
13116,Guridi ZX Arms,
13117,Guridi Z Guard,
13118,Guridi ZF Guard,
13119,Guridi ZY Guard,
13120,Guridi ZX Guard,
13121,Shifunyi Z Arms,
13122,Shifunyi ZF Arms,
13123,Shifunyi ZY Arms,
13124,Shifunyi ZX Arms,
13125,Shifunyi Z Guard,
13126,Shifunyi ZF Guard,
13127,Shifunyi ZY Guard,
13128,Shifunyi ZX Guard,
13129,Rockman Guard,
13130,Nerishoku Kote D,
13131,Gravios ZD Arms,
13132,Gravios ZD Guard,
13133,Baruragaru ZD Arms,
13134,Baruragaru ZD Guard,
13135,Rabius D Arms,
13136,Rocras D Arms,
13137,Alisys D Arms,
13138,Loli D Arms,
13139,Recolis D Arms,
13140,Rapin D Arms,
13141,Rapin C Arms,
13142,Kireek D Arms,
13143,Quna D Arms,
13144,Dista D Arms,
13145,Ionia D Arms,
13146,Guridi D Arms,
13147,Shifunyi D Arms,
13148,Rappy D Arms,
13149,Bita D Arms,
13150,Koreputo D Arms,
13151,Secuti D Arms・Black,
13152,Secuti D Arms・Blue,
13153,Secuti D Arms・Red,
13154,Secuti D Arms・White,
13155,Rockman D Guard,
13156,Issen D【 Kote 】・Red,
13157,蜂針D【 Kote 】・Orange,
13158,Shanru Z Arms,
13159,Shanru ZF Arms,
13160,Shanru ZY Arms,
13161,Shanru ZX Arms,
13162,Shanru Z Guard,
13163,Shanru ZF Guard,
13164,Shanru ZY Guard,
13165,Shanru ZX Guard,
13166,Fanru Z Arms,
13167,Fanru ZF Arms,
13168,Fanru ZY Arms,
13169,Fanru ZX Arms,
13170,Fanru Z Guard,
13171,Fanru ZF Guard,
13172,Fanru ZY Guard,
13173,Fanru ZX Guard,
13174,Rengoku Kote Z,
13175,Rengoku Kote ZF,
13176,Rengoku Kote ZY,
13177,Rengoku Kote ZX,
13178,Rengoku Sleeves Z,
13179,Rengoku Sleeves ZF,
13180,Rengoku Sleeves ZY,
13181,Rengoku Sleeves ZX,
13182,Nerigeki Kote Z,
13183,Nerigeki Kote ZF,
13184,Nerigeki Kote ZY,
13185,Nerigeki Kote ZX,
13186,Nerigeki Sleeves Z,
13187,Nerigeki Sleeves ZF,
13188,Nerigeki Sleeves ZY,
13189,Nerigeki Sleeves ZX,
13190,Zamuza Z Arms,
13191,Zamuza ZF Arms,
13192,Zamuza ZY Arms,
13193,Zamuza ZX Arms,
13194,Zamuza Z Guard,
13195,Zamuza ZF Guard,
13196,Zamuza ZY Guard,
13197,Zamuza ZX Guard,
13198,Harudo Z Arms,
13199,Harudo ZF Arms,
13200,Harudo ZY Arms,
13201,Harudo ZX Arms,
13202,Harudo Z Guard,
13203,Harudo ZF Guard,
13204,Harudo ZY Guard,
13205,Harudo ZX Guard,
13206,Elysi G Arms,
13207,Elysi GF Arms,
13208,Elysi GX Arms,
13209,Elysi G Guard,
13210,Elysi GF Guard,
13211,Elysi GX Guard,
13212,Myunru Z Arms,
13213,Myunru ZF Arms,
13214,Myunru ZY Arms,
13215,Myunru ZX Arms,
13216,Myunru Z Guard,
13217,Myunru ZF Guard,
13218,Myunru ZY Guard,
13219,Myunru ZX Guard,
13220,Kinkou Arms,
13221,Kinkou F Arms,
13222,Kinkou FZ Arms,
13223,Kinkou HS Arms,
13224,Kinkou GS Arms,
13225,Kinkou GP Arms,
13226,Kinkou ZP Arms,
13227,Kinkou Guard,
13228,Kinkou F Guard,
13229,Kinkou FZ Guard,
13230,Kinkou HS Guard,
13231,Kinkou GS Guard,
13232,Kinkou GP Guard,
13233,Kinkou ZP Guard,
13234,Anbu Arms,
13235,Anbu F Arms,
13236,Anbu FZ Arms,
13237,Anbu HS Arms,
13238,Anbu GS Arms,
13239,Anbu GP Arms,
13240,Anbu ZP Arms,
13241,Anbu Guard,
13242,Anbu F Guard,
13243,Anbu FZ Guard,
13244,Anbu HS Guard,
13245,Anbu GS Guard,
13246,Anbu GP Guard,
13247,Anbu ZP Guard,
13248,Arbiter GS Cannon,
13249,Arbiter GP Cannon,
13250,Arbiter ZP Cannon,
13251,Arbiter GS Shell,
13252,Arbiter GP Shell,
13253,Arbiter ZP Shell,
13254,Fine Arms,
13255,Fine F Arms,
13256,Fine FZ Arms,
13257,Fine HS Arms,
13258,Fine GS Arms,
13259,Fine GP Arms,
13260,Fine ZP Arms,
13261,Fine Guard,
13262,Fine F Guard,
13263,Fine FZ Guard,
13264,Fine HS Guard,
13265,Fine GS Guard,
13266,Fine GP Guard,
13267,Fine ZP Guard,
13268,Kotona Arms,
13269,Kotona F Arms,
13270,Kotona FZ Arms,
13271,Kotona HS Arms,
13272,Kotona GS Arms,
13273,Kotona GP Arms,
13274,Kotona ZP Arms,
13275,Kotona Guard,
13276,Kotona F Guard,
13277,Kotona FZ Guard,
13278,Kotona HS Guard,
13279,Kotona GS Guard,
13280,Kotona GP Guard,
13281,Kotona ZP Guard,
13282,Finis Arms,
13283,Finis F Arms,
13284,Finis FZ Arms,
13285,Finis HS Arms,
13286,Finis GS Arms,
13287,Finis GP Arms,
13288,Finis ZP Arms,
13289,Finis Guard,
13290,Finis F Guard,
13291,Finis FZ Guard,
13292,Finis HS Guard,
13293,Finis GS Guard,
13294,Finis GP Guard,
13295,Finis ZP Guard,
13296,Firl Arms,
13297,Firl F Arms,
13298,Firl FZ Arms,
13299,Firl HS Arms,
13300,Firl GS Arms,
13301,Firl GP Arms,
13302,Firl ZP Arms,
13303,Firl Guard,
13304,Firl F Guard,
13305,Firl FZ Guard,
13306,Firl HS Guard,
13307,Firl GS Guard,
13308,Firl GP Guard,
13309,Firl ZP Guard,
13310,Ryoso Kote,
13311,Ryoso Kote F,
13312,Ryoso Kote FZ,
13313,Ryoso Kote HS,
13314,Ryoso Kote GS,
13315,Ryoso Kote GP,
13316,Ryoso Kote ZP,
13317,Ryoso Vambraces,
13318,Ryoso Vambraces F,
13319,Ryoso Vambraces FZ,
13320,Ryoso Vambraces HS,
13321,Ryoso Vambraces GS,
13322,Ryoso Vambraces GP,
13323,Ryoso Vambraces ZP,
13324,Gems Arms,
13325,Gems F Arms,
13326,Gems FZ Arms,
13327,Gems HS Arms,
13328,Gems GS Arms,
13329,Gems GP Arms,
13330,Gems ZP Arms,
13331,Gems Guard,
13332,Gems F Guard,
13333,Gems FZ Guard,
13334,Gems HS Guard,
13335,Gems GS Guard,
13336,Gems GP Guard,
13337,Gems ZP Guard,
13338,Alisha Arms,
13339,Alisha F Arms,
13340,Alisha FZ Arms,
13341,Alisha HS Arms,
13342,Alisha GS Arms,
13343,Alisha GP Arms,
13344,Alisha ZP Arms,
13345,Alisha Guard,
13346,Alisha F Guard,
13347,Alisha FZ Guard,
13348,Alisha HS Guard,
13349,Alisha GS Guard,
13350,Alisha GP Guard,
13351,Alisha ZP Guard,
13352,Ricca Arms,
13353,Ricca F Arms,
13354,Ricca FZ Arms,
13355,Ricca HS Arms,
13356,Ricca GS Arms,
13357,Ricca GP Arms,
13358,Ricca ZP Arms,
13359,Ricca Guard,
13360,Ricca F Guard,
13361,Ricca FZ Guard,
13362,Ricca HS Guard,
13363,Ricca GS Guard,
13364,Ricca GP Guard,
13365,Ricca ZP Guard,
13366,Kelis Arms,
13367,Kelis F Arms,
13368,Kelis FZ Arms,
13369,Kelis HS Arms,
13370,Kelis GS Arms,
13371,Kelis GP Arms,
13372,Kelis ZP Arms,
13373,Kelis Guard,
13374,Kelis F Guard,
13375,Kelis FZ Guard,
13376,Kelis HS Guard,
13377,Kelis GS Guard,
13378,Kelis GP Guard,
13379,Kelis ZP Guard,
13380,Kinkou D Arms,
13381,Anbu D Arms,
13382,Rengoku Kote D,
13383,Nerigeki Kote D,
13384,Shanru D Arms,
13385,Fanru D Arms,
13386,Zamuza ZD Arms,
13387,Zamuza ZD Guard,
13388,Harudo ZD Arms,
13389,Harudo ZD Guard,
13390,Arbiter D Cannon,
13391,Elysi D Arms,
13392,Fine D Arms,
13393,Kotona D Arms,
13394,Finis D Arms,
13395,Firl D Arms,
13396,Ryoso Kote D,
13397,Gems D Arms,
13398,Alisha D Arms,
13399,Ricca D Arms,
13400,Kelis D Arms,
13401,Myunru D Arms,
13402,Seiryu・Kensei D Arms,
13403,Seiryu・双龍D Arms,
13404,Seiryu・剣王D Arms,
13405,Seiryu・刀神D Arms,
13406,Seiryu・Heaven 槍D Arms,
13407,Seiryu・砲皇D Arms,
13408,Seiryu・鈍器獣D Arms,
13409,Seiryu・奏帝D Arms,
13410,Seiryu・穿凰D Arms,
13411,Seiryu・斬将D Arms,
13412,Seiryu・銃傑D Guard,
13413,Seiryu・銃仙D Guard,
13414,Seiryu・Bow 鬼D Guard,
13415,Seiryu・磁星D Arms,
13416,K.Lobster Arms PD Black,
13417,K.Lobster Arms PD Green,
13418,K.Lobster Arms PD Blue,
13419,K.Lobster Guard PD Black,
13420,K.Lobster Guard PD Green,
13421,K.Lobster Guard PD Blue,
13422,Hypnoc Arms PD Green,
13423,Hypnoc Arms PD Red,
13424,Hypnoc Arms PD Yellow,
13425,Beru Arms PD Black,
13426,Beru Arms PD Red,
13427,Beru Arms PD Purple,
13428,Beru Guard PD Black,
13429,Beru Guard PD Red,
13430,Beru Guard PD Purple,
13431,Black Belt Arms PD White,
13432,Black Belt Arms PD Black,
13433,Black Belt Arms PD Blue,
13434,Apkallu Arms PD White,
13435,Apkallu Arms PD Green,
13436,Apkallu Arms PD Yellow,
13437,Ruko クロウ PD White,
13438,Ruko クロウ PD Blue,
13439,Ruko クロウ PD Red,
13440,Ruko フィスト PD White,
13441,Ruko フィスト PD Blue,
13442,Ruko フィスト PD Red,
13443,Comrade Arms PD White Red,
13444,Comrade Arms PD White Blue,
13445,Comrade Arms PD White Yellow,
13446,Otono D Arms,
13447,忍の Kote・空D,
13448,忍の Kote・海D,
13449,Shadow Kote・D,
13450,Shade Kote・D,
13451,Hope D Arms,
