en	jp	zh	wtype	id
Iron Gunlance	アイアンガンランス	鐵銃槍	gunlance	l006e
Iron Gunlance+	アイアンガンランス改	鐵銃槍·改	gunlance	l0071
Steel Gunlance	スティールガンランス	鋼鐵銃槍	gunlance	l0192
Special Ops Gunlance	討伐隊正式銃槍	討伐隊正式銃槍	gunlance	l0072
Imperial Gunlance	近衛隊正式銃槍	近衛隊正式銃槍	gunlance	l019b
Silver Rook	シルバールーク	銀鱗尖塔	gunlance	l0074
Gun Chariot	ガンチャリオット	古戰車銃槍	gunlance	l0199
Chrome Requiem	クロームレクイエム	鉻金鎮魂曲	gunlance	l033f
Still Fantasma	スティルファンタズマ	鋼鐵亡靈	gunlance	l1a24
Luna's Howl	ナナ＝ハウル	炎妃怒吼	gunlance	l0079
Luna's Roar	ナナ＝ロア	炎妃咆哮	gunlance	l007c
Luna's Shine	ナナ＝シャイン	炎妃閃光	gunlance	l032a
Luna's Flare	ナナ＝フレア	炎妃爆炎槍	gunlance	l0196
Luna's Breath	ナナ＝ブレス	炎妃吐息	gunlance	l032b
Luna Burst	ナナ＝バースト	炎妃爆破	gunlance	l0323
Luna's Nova	ナナ＝ノヴァ	炎妃新星	gunlance	l03c2
White Gunlance	ホワイトガンランス	白色銃槍	gunlance	l007e
White Cannon	ホワイトキャノン	白加農	gunlance	l0195
Black Cannon	ブラックキャノン	黑加農	gunlance	l0082
Black Gore Cannon	ブラックゴアキャノン	黑核加農	gunlance	l0198
Black Arms	ブラックアームズ	黑神臂	gunlance	l11e8
White Burst	ホワイトバースト	白色爆裂銃槍	gunlance	l1d93
Hellsting	ヘルスティング	寒冰銃槍	gunlance	l0085
Hell Stinger	ヘルスティンガー	冰雪暴風	gunlance	l0194
Hell Fang	ヘルファング	地獄之牙	gunlance	l029d
Hell Needle	ヘルニードル	地獄之針	gunlance	l0427
Hail Nail	ヘルネイル	地獄之爪	gunlance	l11ea
Snow Gear	スノウギア	冰猛龍銃槍	gunlance	l0226
Snow Gear Second	スノウギア＝セカンド	雙重冰猛龍銃槍	gunlance	l0227
Snow Gear Drive	スノウギア＝ドライブ	疾馳冰猛龍銃槍	gunlance	l0228
Top Snow Gear	スノウギア＝トップ	究極冰猛龍銃槍	gunlance	l04b1
Marine Fisher	マリンフィッシャー	水龍銃槍	gunlance	l0229
Deep Fisher	ディープフィッシャー	深淵釣師	gunlance	l022a
Deep Ocean	ディープオーシャン	深海銃槍	gunlance	l022b
Leviathan G.Lance	海王槍リヴァイアサン	海王槍利拜亞桑	gunlance	l022c
Sea Emperor Poseidon	海皇槍ポセイドン	海皇槍波塞頓	gunlance	l11e9
Oceano Deseo	オチェアーノ・デセオ	海之慾望	gunlance	l1b69
Flame Gunlance	フレイムガンランス	火焰銃槍	gunlance	l02a2
Burn Gunlance	バーンガンランス	灼焰銃槍	gunlance	l0294
Spirita Gunlance	スピルタガンランス	魂之銃槍	gunlance	l1b6a
Crimson Gunlance	紅蓮銃槍	紅蓮銃槍	gunlance	l0293
Scarlet Breaker	スカーレットブーケ	緋紅花束	gunlance	l03c1
Scarlet Queen	スカーレットクィーン	緋紅女王	gunlance	l0f35
Wild Gunlance	ワイルドガンランス	狂野銃槍	gunlance	l02a3
Variant Gunlance	バリアントガンランス	勇猛銃槍	gunlance	l02a4
War Cry	ウォークライ	戰嚎	gunlance	l02a5
War Cry+	ウォークライ改	戰嚎·改	gunlance	l02fd
War Scream	ウォースクリーム	戰吼	gunlance	l11eb
Bone Gunlance	骨銃槍	骨銃槍	gunlance	l020c
Greatbone Gunlance	大骨銃槍	大骨銃槍	gunlance	l020d
Wyvern Bone Gunlance	竜骨銃槍	巨巨巨龍骨銃槍	gunlance	l020e
Wyvern Bone Gunlance+	竜骨銃槍－改	巨巨巨龍骨銃槍·改	gunlance	l02fa
Dragonbone Gunlance	龍骨銃槍	巨巨巨龍骨銃槍	gunlance	l0532
Average Hitter	アベレージヒッター	全能打者	gunlance	l022d
Grand Slam	グランドスラム	滿貫全壘打	gunlance	l022e
Hard Heater	ハードヒッター	毒鳥銃槍	gunlance	l0086
Big Slugger	ビッグスラッガー	大砲強打者	gunlance	l0193
Great Slugger	グレートスラッガー	巨砲強打者	gunlance	l0321
King Slugger	キングスラッガー	霸王強打者	gunlance	l10f8
Grand Crisis	グランドクライシス	危機四伏	gunlance	l1d95
Shot Gunlance	ショットガンランス	短銃槍	gunlance	l0299
Type 8 Auto Lance	八式機械槍	八式機械槍	gunlance	l029c
Type 10 Mechlance	十式機械槍	十式機械槍	gunlance	l029f
Type 11 Machine Lance	十一式機械槍	十一式機械槍	gunlance	l110f
Type 16 Mechlance	十六式機械槍	十六式機械槍	gunlance	l02a0
Type 32 Machine Lance	三十二式機械槍	三十二式機械槍	gunlance	l0429
Type 32 Machine Lance+	三十二式機械槍改	三十二式機械槍·改	gunlance	l04b2
Bazooka Gunlance	バズーカガンランス	火箭砲銃槍	gunlance	l029a
Cannon Lance	キャノンランス	加農銃槍	gunlance	l029b
Buster Cannon	バスターキャノン	破壞加農	gunlance	l12e5
Trench Gunlance	トレンチガンランス	戰壕銃槍	gunlance	l1a23
Chain Gunlance	チェーンガンランス	鎖鏈銃槍	gunlance	l0297
Camel Gunlance	キャメルガンランス	駝峰輕銃槍	gunlance	l0298
Grizzly Gunlance	グリズリーガンランス	灰白銃槍	gunlance	l039d
Electrigger	エレクトリッガー	雷光銃槍	gunlance	l12e6
Phalanx	ファランクス	方陣快砲銃槍	gunlance	l029e
Phalanx Hyma	ファランクス・ハイマ	方陣快砲銃槍·鮮血	gunlance	l1b6b
Scissor Gunlance	シザーガンランス	盾蟹銃槍	gunlance	l0089
Scissor Cannon	シザーキャノン	蟹鉗加農	gunlance	l0197
Scissor Cannon+	シザーキャノン改	盾蟹加農·改	gunlance	l0322
Scissor Head	シザーズヘッド	盾蟹之首	gunlance	l1d94
Dragonwood Gunlance	龍木ノ槍	龍木槍	gunlance	l008a
Gld Dragonwood GLance	龍木ノ槍【金剛】	龍木槍【金剛】	gunlance	l019a
Matrix Realm Drgnwood GL	神龍木ノ槍【胎蔵】	神龍木槍【胎藏】	gunlance	l03c0
Desert Gunlance	デザートガンランス	沙漠銃槍	gunlance	l01ff
Desert Cannon	デザートキャノン	沙漠加農	gunlance	l0200
Heat Blaster	ヒートブラスター	火焰暴風	gunlance	l0295
Heat Blaster+	ヒートブラスター改	火焰暴風·改	gunlance	l02fb
Heat Force	ヒートフォース	火焰神力	gunlance	l13ea
Lava Gunlance	ラヴァガンランス	熔岩銃槍	gunlance	l0201
Lava Cannon	ラヴァキャノン	熔岩加農	gunlance	l0202
Lava Geyser	ラヴァゲイザー	岩漿噴射者	gunlance	l0296
Lava Geyser+	ラヴァゲイザー改	岩漿噴射者·改	gunlance	l02fc
Lava Inferno	ラヴァインフェルノ	岩漿地獄	gunlance	l13eb
Tiger Blast	ティガバースト	轟龍爆破銃槍	gunlance	l02d7
Tiger Eruption	轟銃槍【虎砲】	轟銃槍【虎砲】	gunlance	l02d8
Akantor Gunlance	覇銃槍アペカムトルム	霸銃槍火神	gunlance	l02d9
Weiss Dragoon	ドラグヴァイス	邪龍銃槍	gunlance	l02db
Storm Gunlance	ストームガンランス	暴風銃槍	gunlance	l02e5
Tower of Plasma	タワーオブプラズマ	電漿塔	gunlance	l0428
Crimson Geyser	クリムゾンゲイザー	深紅噴射者	gunlance	l033b
Crimson Geyser+	クリムゾンゲイザー改	深紅噴射者·改	gunlance	l0352
Crimson Hell	クリムゾンヘル	深紅地獄	gunlance	l14e9
Rosenkanone	ローゼンカノーネ	薔薇大砲	gunlance	l0369
Rosenpanser	ローゼンパンツァー	薔薇戰車	gunlance	l036a
Rosenherrlich	ローゼンヘルリヒ	壯麗薔薇	gunlance	l036b
Kaktos Kanone	カクトスカノーネ	棘刺大砲	gunlance	l042a
Kaktopanzer	カクトスパンツァー	棘刺戰車	gunlance	l042b
Kaktus Herrich	カクトスヘルリヒ	壯麗棘刺	gunlance	l04c8
Perle Kanone	ペルレカノーネ	珍珠大砲	gunlance	l100a
Perle Panzer	ペルレパンツァー	珍珠戰車	gunlance	l100b
Perle Herrlich	ペルレヘルリヒ	壯麗珍珠	gunlance	l100c
Gunspear Garu-Ku	銃槍ガルクック	銃槍黑怪鳥	gunlance	l039b
Wonder Gunspear Garu-ku	怪銃槍ガルクック	強化銃槍黑怪鳥	gunlance	l039c
Gun Blos	ガンブロス	角銃槍	gunlance	l0425
Napalm Blos	ナパームブロス	燒夷彈角銃槍	gunlance	l0426
Monoblos Flare	フレアブロス	怒焰角龍	gunlance	l0e0e
Vento Way	ヴェントカミーノ	風之道	gunlance	l04af
Tempesta Way	テンペスタカミーノ	暴風之道	gunlance	l04b0
Alabaster Desert	ホワイトサンズ	白日銃槍	gunlance	l0347
Ivory Annihilator	ホワイトガンズ	白銃槍	gunlance	l0348
White Blast	ホワイトブラスト	白色暴風	gunlance	l0fec
Tri Gunlance	トライガンランス	３口銃槍	gunlance	l0530
Tri Fire	トライファイア	３口突擊槍	gunlance	l0531
Triblaze	トライブレイズ	３口寒息槍	gunlance	l1a25
Tri Blazer	トライブレイザー	３口冰雪槍	gunlance	l1f0a
Thunderdance Gunlance	舞雷銃槍【軍鶏】	舞雷銃槍【軍雞】	gunlance	l0549
Cassowary Thndr Gunlance	舞雷銃槍【火食鳥】	舞雷銃槍【火雞】	gunlance	l054a
Dark Thunder Gunlance	冥雷銃槍【軍鶏】	冥雷銃槍【軍雞】	gunlance	l13e2
Dark Cassowary Gunlance	冥雷銃槍【火食鳥】	冥雷銃槍【火雞】	gunlance	l13e3
Shoreline Gunlance	海銃槍【渚】	海銃槍【渚】	gunlance	l0e8f
Coral Gunlance	海銃槍【珊瑚】	海銃槍【珊瑚】	gunlance	l0e90
Deep Blue Sea Gunlance	大海銃槍【紺碧】	大海銃槍【紺碧】	gunlance	l0e91
Dragon Palace Gunlance	深海銃槍【乙姫】	深海銃槍【乙姬】	gunlance	l0e92
Don Cylinder	ドン・シリンダー	吞.汽缸銃槍	gunlance	l0fe8
Don Blaster	ドン・ブラスター	吞.強射銃槍	gunlance	l0fe9
Xingcai Gunlance	牙狼銃槍【星彩】	牙狼銃槍【星彩】	gunlance	l10f4
Kyosei Gunlance	牙狼銃槍【巨星】	牙狼銃槍【巨星】	gunlance	l10f5
Volpe Intenso	ボルペインテンソ	冰狐烈銃槍	gunlance	l12e0
Volpe Sfida	ボルペスフィーダ	冰狐戰銃槍	gunlance	l12e1
Volpe Cannone	ボルペカンノーネ	冰狐砲	gunlance	l12e2
Furyhair Gunlance	怒髪銃槍	怒髮銃槍	gunlance	l1638
"Furycannon ""Snowflower"""	怒髪銃槍【雪椿】	怒髮銃槍【雪椿】	gunlance	l1639
"Furycannon ""Snowdrift"""	怒髪銃槍【雪波】	怒髮銃槍【雪波】	gunlance	l163a
Zaun Klinge	サウン・クリンゲ	琴之刃	gunlance	l1b5b
Tor Klinge	トーア・クリンゲ	門扉之刃	gunlance	l1b5c
Groll Klinge	シパイト・クリンゲ	怨恨之刃	gunlance	l1b5d
Taikun Spear	多殻銃槍	多殼銃槍	gunlance	l1b56
"Taikun Spear ""Peony"""	多殻銃槍【芍薬】	多殼銃槍【芍藥】	gunlance	l1b57
"Taikun Spear ""Punica"""	多殻銃槍【石榴】	多殼銃槍【石榴】	gunlance	l1b58
Ruko's Arca	アルカ＝アーラ	陽光之翼	gunlance	l1d68
Ruko's Hawa	ハワ＝アーラ	風之翼	gunlance	l1d69
Ruko's Adam	アダム＝アーラ	大地之翼	gunlance	l1d6a
Scarlet Spear	緋骨銃槍	緋骨銃槍	gunlance	l1d6d
"Scarlet Spear ""Courage"""	緋骨銃槍【勇気】	緋骨銃槍【勇氣】	gunlance	l1d6e
"Scarlet Spear ""Brave"""	緋骨銃槍【勇敢】	緋骨銃槍【勇敢】	gunlance	l1d6f
"Scarlet Spear ""Daring"""	緋骨銃槍【勇猛】	緋骨銃槍【勇猛】	gunlance	l1d70
Dark Dynasty Lv.I	レザーヌⅠ	燎原銃槍Ⅰ	gunlance	l05a6
Dark Dynasty Lv.II	レザーヌⅡ	燎原銃槍Ⅱ	gunlance	l05a7
Dark Dynasty Lv.III	レザーヌⅢ	燎原銃槍Ⅲ	gunlance	l05a8
Blazing Gunlance	刻竜銃槍【猛火】	刻龍銃槍【猛火】	gunlance	l05a9
Conflagration Gunlance	刻竜銃槍【爆炎】	刻龍銃槍【爆炎】	gunlance	l05ae
Freezing Gunlance	刻竜銃槍【氷結】	刻龍銃槍【冰結】	gunlance	l05ad
Howl Gunlance	刻竜銃槍【咆哮】	刻龍銃槍【咆哮】	gunlance	l05ac
Thunderbolt Gunlance	刻竜銃槍【落雷】	刻龍銃槍【落雷】	gunlance	l05ab
Stillwater Gunlance	刻竜銃槍【止水】	刻龍銃槍【止水】	gunlance	l05aa
"Hadean Sting ""Infernal"""	刻竜獄銃槍【爆炎】	刻龍獄銃槍【爆炎】	gunlance	l1b9b
Ice Breaker Gunlance	刻竜銃槍【砕氷】	刻龍銃槍【碎冰】	gunlance	l05b2
Imperial Wrath Gunlance	刻竜銃槍【逆鱗】	刻龍銃槍【逆鱗】	gunlance	l05b1
Roaring Thunder Gunlance	刻竜銃槍【轟雷】	刻龍銃槍【轟雷】	gunlance	l05b0
Flowing Water Gunlance	刻竜銃槍【流水】	刻龍銃槍【流水】	gunlance	l05af
"Hadean Sting ""Glacier"""	刻竜獄銃槍【砕氷】	刻龍獄銃槍【碎冰】	gunlance	l1b9f
"Hadean Sting ""Imperial"""	刻竜獄銃槍【逆鱗】	刻龍獄銃槍【逆鱗】	gunlance	l1b9e
"Hadean Sting ""Thunder"""	刻竜獄銃槍【轟雷】	刻龍獄銃槍【轟雷】	gunlance	l1b9d
"Hadean Sting ""River"""	刻竜獄銃槍【流水】	刻龍獄銃槍【流水】	gunlance	l1b9c
"CarvdDrgnBlast""Flame"""	刻竜獄銃槍【業焔】	刻龍獄銃槍【業焰】	gunlance	l2300
"CarvdDrgnBlast""Freeze"""	刻竜獄銃槍【烈凍】	刻龍獄銃槍【烈凍】	gunlance	l2304
"CarvdDrgnBlast""Clarity"""	刻竜獄銃槍【諦観】	刻龍獄銃槍【諦觀】	gunlance	l2303
"CarvdDrgnBlast""Thunder"""	刻竜獄銃槍【雷迅】	刻龍獄銃槍【雷迅】	gunlance	l2302
"CarvdDrgnBlast""Torrent"""	刻竜獄銃槍【轟流】	刻龍獄銃槍【轟流】	gunlance	l2301
Burning Zero Dragon Gun	灼零エルゼガンツェ		gunlance	l3e03
1D21・ハロード・カリュプ	ハロード・カリュプ	霜霧震擊	gunlance	l211d
1E21・ハロード・クストス	ハロード・クストス	霜霧守護神	gunlance	l211e
1F21・ハロード・アルドル	ハロード・アルドル	霜霧激情	gunlance	l211f
Ioldi	イオルディ	僻壤銃槍	gunlance	l2cda
DB2C・イオルディ・アッキ	イオルディ・アッキ	僻壤·魔鬼	gunlance	l2cdb
DC2C・イオルディ・クラオ	イオルディ・クラオ	僻壤·解藥	gunlance	l2cdc
DD2C・フォード・ワース	フォード・ワース	過渡·價值	gunlance	l2cdd
Caravan Gunlance I	キャラバン銃槍Ⅰ	商隊銃槍Ⅰ	gunlance	l0e0f
Caravan Gunlance II	キャラバン銃槍Ⅱ	商隊銃槍Ⅱ	gunlance	l0e10
Caravan Gunlance III	キャラバン銃槍Ⅲ	商隊銃槍Ⅲ	gunlance	l0e11
Caravan Gunlance IV	キャラバン銃槍Ⅳ	商隊銃槍Ⅳ	gunlance	l0e12
Caravan Gunlance V	キャラバン銃槍Ⅴ	商隊銃槍Ⅴ	gunlance	l0e13
Caravan Gunlance VI	キャラバン銃槍Ⅵ	商隊銃槍Ⅵ	gunlance	l1208
Caravan Gunlance VII	キャラバン銃槍Ⅶ	商隊銃槍Ⅶ	gunlance	l1ec4
Caravan Blastspear	キャラバン爆槍	商隊爆槍	gunlance	l2ff2
Caravan Blastspear II	キャラバン爆槍Ⅱ	商隊爆槍Ⅱ	gunlance	l2ff3
Caravan Blastspear III	キャラバン爆槍Ⅲ	商隊爆槍Ⅲ	gunlance	l2ff4
Parone Gun Spear I	パローネ銃槍Ⅰ		gunlance	l36ee
Parone Gun Spear II	パローネ銃槍Ⅱ		gunlance	l36ef
Parone Gun Spear III	パローネ銃槍Ⅲ		gunlance	l36f0
Azure Rathalos Cannon	蒼火竜銃槍	蒼火龍銃槍	gunlance	l11f0
Azure Rathalos Cannon+	蒼火竜銃槍・改	蒼火龍銃槍.改	gunlance	l11f1
Azure Wrath Cannon	蒼火竜銃槍【逆鱗】	蒼火龍銃槍【逆鱗】	gunlance	l11f2
Scorched Sky Cannon	蒼火竜銃槍【焦天】	蒼火龍銃槍【焦天】	gunlance	l11f3
Azure Rath Gunlance	蒼火竜銃槍【業天】	蒼火龍銃槍【業天】	gunlance	l1a21
Silver Rathalos Cannon	銀火竜銃槍	銀火龍銃槍	gunlance	l11f4
Silver Rathalos Cannon+	銀火竜銃槍・改	銀火龍銃槍.改	gunlance	l11f5
Silver Wrath Cannon	銀火竜銃槍【逆鱗】	銀火龍銃槍【逆鱗】	gunlance	l11f6
Heavens Aflame Cannon	銀火竜銃槍【焔天】	銀火龍銃槍【焰天】	gunlance	l11f7
Silver Rath Gunlance	銀火竜銃槍【屠天】	銀火龍銃槍【屠天】	gunlance	l1a22
"SunRathGunlance""Torpedo"""	銀火竜銃槍【回天】	銀火龍銃槍【回天】	gunlance	l1c09
Argen Gunlance	アルゲンガンランス	鋼金銃槍	gunlance	l1870
Argen Carrol	アルゲンカロル	鋼金頌歌	gunlance	l1871
Zilva Regen	ジルバレーゲン	銀白之雨	gunlance	l1872
Zilva Abgrund	ジルバスロトフ	銀白裂痕	gunlance	l1873
Epidosis Burst I	エピドシスバーストⅠ	進化爆裂銃槍Ⅰ	gunlance	l1ebd
Epidosis Burst II	エピドシスバーストⅡ	進化爆裂銃槍Ⅱ	gunlance	l1ebe
Epidosis Burst III	エピドシスバーストⅢ	進化爆裂銃槍Ⅲ	gunlance	l1ebf
Cambrio Rook I	カンビオルークⅠ	幻化銃槍Ⅰ	gunlance	l1ec0
Cambrio Rook II	カンビオルークⅡ	幻化銃槍Ⅱ	gunlance	l1ec1
Cambrio Rook III	カンビオルークⅢ	幻化銃槍Ⅲ	gunlance	l1ec2
Infinity Cannon	イニティキャノン	初始加農	gunlance	l212f
Shipler Cannon	シプレラキャノン	元祖加農	gunlance	l214b
Berum Cannon SPI	ベルムキャノンSPⅠ	暗幕加農ＳＰⅠ	gunlance	l214c
Berum Cannon SPIV	ベルムキャノンSPⅣ	暗幕加農ＳＰⅣ	gunlance	l214d
Berum Cannon SPVII	ベルムキャノンSPⅦ	暗幕加農ＳＰⅦ	gunlance	l214e
Numbfang Cannonlance	痺牙大筒槍【零】	痺牙大筒槍【零】	gunlance	l13e6
Numbfang Cannonlance V1	痺牙大筒槍【壱】	痺牙大筒槍【壹】	gunlance	l13e7
Numbfang Cannonlance V2	痺牙大筒槍【弐】	痺牙大筒槍【貳】	gunlance	l13e8
Numbfang Cannonlance V3	痺牙大筒槍【参】	痺牙大筒槍【參】	gunlance	l13e9
Feather Step	フェザーステップ	鳥羽步足	gunlance	l1630
Feather Spin	フェザースピン	鳥羽迴旋	gunlance	l1631
Feather Shape	フェザーシェイプ	鳥羽之影	gunlance	l1632
Feather Dance	フェザーダンス	鳥羽之舞	gunlance	l1633
Little Stopper	リトストッパー	岩之守門員	gunlance	l1634
Little Sweeper	リトスイーパー	岩之後衛	gunlance	l1635
Little Volante	リトヴォランチ	岩之中鋒	gunlance	l1636
Little Striker	リトストライカー	岩之前鋒	gunlance	l1637
Lio Burst Flame	リオ＝バーストフレア	火龍爆破焰息	gunlance	l18ac
Lio Weissflare	リオ＝ヴァイスフレア	火龍邪惡焰息	gunlance	l18ad
Lio Lagoonblast	リオ＝ラグナブラスト	火龍浮月暴風	gunlance	l18ae
Lio Barbaros	リオ＝バルバロス	火龍赤髯	gunlance	l18af
Kaktus Freya	カクトスフレイヤ	棘刺女神	gunlance	l18b0
Kaktus Regina	カクトスレギンレイヴ	棘刺神意	gunlance	l18b1
Kaktus Mist	カクトスミスト	棘刺神霧	gunlance	l18b2
Kaktus Frist	カクトスフリスト	棘刺神援	gunlance	l18b3
0B1A・覇銃槍メルカムトルム	覇銃槍メルカムトルム	霸銃槍霸龍	gunlance	l1a0b
0C1A・覇銃槍トゥカムトルム	覇銃槍トゥカムトルム	霸銃槍大霸龍	gunlance	l1a0c
0D1A・覇銃槍ニソカムトルム	覇銃槍ニソカムトルム	霸銃槍巨霸龍	gunlance	l1a0d
0E1A・覇銃槍ヌイカムトルム	覇銃槍ヌイカムトルム	霸銃槍超霸龍	gunlance	l1a0e
Ice Gunlance	氷雪銃槍	冰雪銃槍	gunlance	l1b60
"Ice Gunlance ""Drop"""	氷雪銃槍【落】	冰雪銃槍【落】	gunlance	l1b61
"Ice Gunlance ""Blast"""	氷雪銃槍【吹】	冰雪銃槍【吹】	gunlance	l1b62
"Ice Gunlance ""Burst"""	氷雪銃槍【崩】	冰雪銃槍【崩】	gunlance	l1b63
Still Water	スティルウォーター	滴水穿石	gunlance	l1d73
Stream Water	ストリームウォーター	川流不息	gunlance	l1d74
Rapid Water	ラピッドウォーター	湍流怒濤	gunlance	l1d75
Waterfall	ウォーターフォール	天降之瀧	gunlance	l1d76
Akurashot Micro Crystal	紫蠍銃槍【微結晶】	紫蠍銃槍【微結晶】	gunlance	l25d1
Akurashot Quasi Crystal	紫蠍銃槍【準結晶】	紫蠍銃槍【準結晶】	gunlance	l25d2
Akurashot Poly Crystal	紫蠍銃槍【多結晶】	紫蠍銃槍【多結晶】	gunlance	l25d3
Akurashot True Crystal	紫蠍銃槍【完全結晶】	紫蠍銃槍【完全結晶】	gunlance	l25d4
Crystal Glimmer G.Lance	晶銃槍リュール	晶銃槍眩芒	gunlance	l319b
Crystal Shimmer G.Lance	晶銃槍リューエン	晶銃槍光輝	gunlance	l319c
Crystal Light G.Lance	晶銃槍グラルス	晶銃槍日暉	gunlance	l319d
Crystal Dazzle G.Lance	晶銃槍シャムス	晶銃槍光耀	gunlance	l319e
Peacock Gunlance	真舞雷銃槍【孔雀】	真舞雷銃槍【孔雀】	gunlance	l054b
Suzaku Gunlance	真舞雷銃槍【朱雀】	真舞雷銃槍【朱雀】	gunlance	l0e1f
Dark Peacock Gunlance	真冥雷銃槍【孔雀】	真冥雷銃槍【孔雀】	gunlance	l13e4
Dark Suzaku Gunlance	真冥雷銃槍【朱雀】	真冥雷銃槍【朱雀】	gunlance	l13e5
Teostra's Spark	テオ＝スパーク	炎王火星銃槍	gunlance	l0e0c
Teostra's Blast	テオ＝ブラスト	炎王爆破銃槍	gunlance	l0e0d
Nebra Ignis	ネブライグニス	星雲之火	gunlance	l0f33
Nebra Flamma	ネブラフランマ	星雲之炎	gunlance	l0f34
Dondon Cannon	ドドン・キャノン	吞.加農槍	gunlance	l0fea
Dodon Geyser	ドドン・ゲイザー	吞吞.監視者	gunlance	l0feb
0F1A・ドドンガ・ズドドン	ドドンガ・ズドドン	極吞吞·極吞吞	gunlance	l1a0f
Dodonga Boom	ドドンガ・ズドドドン	極吞吞·終極吞吞	gunlance	l058c
Dodonga Dododogan	ドドンガ・ドドドガン	極吞吞·究極吞吞	gunlance	l22ff
9D32・ドドドンガ・ドンペラ	ドドドンガ・ドンペラ	ドドドンガ·ドンペラ	gunlance	l329d
Myojo Gunlance	天狼銃槍【明星】	天狼銃槍【明星】	gunlance	l10f6
Kyokko Gunlance	天狼銃槍【極光】	天狼銃槍【極光】	gunlance	l10f7
B71E・天狼極銃槍【七星】	天狼極銃槍【七星】	天狼極銃槍【七星】	gunlance	l1eb7
211F・天狼極銃槍【白夜】	天狼極銃槍【白夜】	天狼極銃槍【白夜】	gunlance	l1f21
"Sky Wolf Blast""Daydream"""	天狼極銃槍【白昼夢】	天狼極銃槍【白日夢】	gunlance	l2307
"SkyWolf Gunlance""Mirage"""	天狼極銃槍【幻想】	天狼極銃槍【幻想】	gunlance	l2800
Summit Drachenlanze	巨龍銃槍【山巓】	巨龍銃槍【山巔】	gunlance	l11e6
Zugspitze Drachenlanze	巨龍銃槍【富嶽】	巨龍銃槍【富嶽】	gunlance	l11e7
Forte Tabu	フォルテタブ	強力禁忌	gunlance	l12e3
Forte Pazzia	フォルテパッツィーア	強力狂氣	gunlance	l12e4
Forte F. Delitto	フォルテＦデリット	強力Ｆ罪惡	gunlance	l162f
Forte F. Fenecia	フォルテＦフェネシア	強力Ｆ深紅	gunlance	l1f20
Forte G Felicia	フォルテＧフェリシア	降臨Ｇ至福	gunlance	l2306
Yama Tsukami Gunspear	浮岳銃槍【菖蒲】	浮岳銃槍【菖蒲】	gunlance	l14e7
Fairyland Gunspear	浮岳銃槍【仙境】	浮岳銃槍【仙境】	gunlance	l14e8
"Furycannon ""Spring Snow"""	怒髪銃斬【春雪】	怒髮銃斬【春雪】	gunlance	l163b
"Furycannon ""Snowfly"""	怒髪銃斬【雪蛍】	怒髮銃斬【雪螢】	gunlance	l163c
Kirin Thundergunlance	幻雷銃槍【春雷】	幻雷銃槍【春雷】	gunlance	l1749
Thunderstorm Gunlance	幻雷銃槍【豪雷】	幻雷銃槍【豪雷】	gunlance	l174a
Guard Rebell	グアード・レベル	叛逆防衛	gunlance	l1b5e
Linie Rebell	リーニエ・レベル	叛逆戰線	gunlance	l1b5f
"Taikun Spear ""Papaver"""	多殻断槍【雛芥子】	多殼斷槍【雛芥子】	gunlance	l1b59
"Taikun Spear ""Clivia"""	多殻断槍【君子蘭】	多殼斷槍【君子蘭】	gunlance	l1b5a
Niger A. Ruko	ニゲル・Ａ・アーラ	暗黑·A·翼	gunlance	l1d6b
Niger's Adam	ニゲル＝アダム	暗黑·大地	gunlance	l1d6c
"Scarlet Spear ""Heroic"""	緋猛銃槍【勇壮】	緋猛銃槍【勇壯】	gunlance	l1d71
"Scarlet Spear ""Valor"""	緋猛銃槍【武勇】	緋猛銃槍【武勇】	gunlance	l1d72
B21E・弩岩銃槍【撃】	弩岩銃槍【撃】	弩岩銃槍【擊】	gunlance	l1eb2
B31E・弩岩銃槍【払撃】	弩岩銃槍【払撃】	弩岩銃槍【拂擊】	gunlance	l1eb3
Smasher Odi Gunlance	弩岩獄銃槍【薙撃】	弩岩獄銃槍【薙擊】	gunlance	l1eb4
Thrusting Odi Gunlance	弩岩獄銃槍【突放撃】	弩岩獄銃槍【突放擊】	gunlance	l1eb5
C42F・弩岩烈銃槍【流放撃】	弩岩烈銃槍【流放撃】	弩岩烈銃槍【流放擊】	gunlance	l2fc4
Tita Queema	ティタ・クエマ	狠鬥·燃燒	gunlance	l22fb
Tita Abrasada	ティタ・アブラサーダ	狠鬥·灰燼	gunlance	l22fc
Tita Flammen	ティタ・フラメン	狠鬥·熾炎	gunlance	l22fd
Tita L. Ix	ティタ・Ｌ・イクス	狠鬥·L·原初	gunlance	l22fe
Zeru Bomber [Light]	輝界白竜銃槍【光爆】	輝界白龍銃槍【光爆】	gunlance	l25da
Zeru Bomber [Gleam]	輝界白竜銃槍【輝爆】	輝界白龍銃槍【輝爆】	gunlance	l25dc
Zeru Bomber [Dazzle]	輝界白竜銃槍【眩爆】	輝界白龍銃槍【眩爆】	gunlance	l25e2
Zeru Bomber [Shine]	輝界白竜銃槍【耀爆】	輝界白龍銃槍【耀爆】	gunlance	l25e4
"White World GL ""Burst"""	輝界白竜銃槍【煌爆】	輝界白龍銃槍【惶爆】	gunlance	l25ea
Baru Bloodcraving	バル・ティザイヤ	噬血·渴求	gunlance	l27b5
Baru Bloodgaze	バル・カゼブ	噬血·眺望	gunlance	l27b6
Baru Bloodstare	バル・タミューバ	噬血·逼視	gunlance	l27b7
Baru Blodsucker	バル・ダッドミル	噬血·吞噬	gunlance	l27b8
Baru Bloodminerva	バル・ミネルヴァ	噬血·命運女神	gunlance	l27b9
Baru Bloodrain	バル・リアンユ	バル·羈絆ユ	gunlance	l3299
E827・コーレゲノア	コーレゲノア	玄影異變	gunlance	l27e8
Koregesuta	コーレゲスタ	玄影狂亂	gunlance	l27e9
Koregeito	コーレゲイト	玄影之扉	gunlance	l27ea
Koregeruda	コーレゲルダ	玄影束縛	gunlance	l27eb
Koregerudexia	コーレゲルディア	玄影掠食	gunlance	l27ec
Koregemunota	コーレゲムノター		gunlance	l381e
Furoru Rangea	フロルランゲア	花漾·紫陽	gunlance	l2e3b
Furoru Glass	フロルスクラス	花漾·毒刺	gunlance	l2e3c
Furoru Aftermath	フロルアフタマト	花漾·機械	gunlance	l2e3d
Furoru Spear	フロルシュペーア	花漾·重槍	gunlance	l2e3e
Furoru Venom	フロルヴェレーノ	花漾·猛毒	gunlance	l2e3f
8A2E・ネグルドアパル	ネグルドアパル	雅瑟守護者	gunlance	l2e8a
8B2E・ネグルドパータ	ネグルドパータ	雅瑟偵衛	gunlance	l2e8b
8C2E・ネグルドプロティ	ネグルドプロティ	雅瑟戍衛	gunlance	l2e8c
8D2E・ネグルドエルピス	ネグルドエルピス	雅瑟萌筍	gunlance	l2e8d
8E2E・ネグルドバムブーク	ネグルドバムブーク	雅瑟蕭竹	gunlance	l2e8e
Golddust Windroar Spear	金塵翔龍銃槍【風咆】	金塵翔龍銃槍【風咆】	gunlance	l2e6e
Golddust Twister Spear	金塵翔龍銃槍【旋咆】	金塵翔龍銃槍【旋咆】	gunlance	l2e6f
Golddust Stormhowl Spear	金塵翔龍銃槍【纏咆】	金塵翔龍銃槍【纏咆】	gunlance	l2e70
Golddust Typhoon Spear	金塵翔龍銃槍【荒咆】	金塵翔龍銃槍【荒咆】	gunlance	l2e71
Golddust Stormroar Spear	金塵翔龍銃槍【嵐咆】	金塵翔龍銃槍【嵐咆】	gunlance	l2e72
C131・バレナレイド	バレナレイド	鯨鳴衝突	gunlance	l31c1
C231・バレナエルデュ	バレナエルデュ	鯨鳴辯解	gunlance	l31c2
C331・バレナクオラル	バレナクオラル	鯨鳴狡辯	gunlance	l31c3
C431・バレナリベリオ	バレナリベリオ	鯨鳴強辯	gunlance	l31c4
C531・バレナリーテ	バレナリーテ	鯨鳴爭辯	gunlance	l31c5
"Fury Lance ""Hate"""	怒貌銃槍【毒毒】	怒貌銃槍【毒毒】	gunlance	l33f0
"Fury Gunlance ""Malice"""	怒貌獄銃槍【大毒】	怒貌獄銃槍【大毒】	gunlance	l33f1
"Fury Gunlance ""Deadly"""	怒貌獄銃槍【猛毒】	怒貌獄銃槍【猛毒】	gunlance	l33f2
"Fury Gunlance ""Venom"""	怒貌獄銃槍【劇毒】	怒貌獄銃槍【劇毒】	gunlance	l33f3
"Fury Gunlance ""Furious"""	怒貌烈銃槍【激毒】	怒貌烈銃槍【激毒】	gunlance	l33f4
"Fury Gunlance ""Toxic"""	怒貌始銃槍【極毒】	怒貌始銃槍【極毒】	gunlance	l33f5
Fang Merman C	ファングＣマーマン	人魚之牙Ｃ	gunlance	l14f6
Fang Merman A	ファングＡマーマン	人魚之牙Ａ	gunlance	l14f7
Fang Merman P	ファングＰマーマン	人魚之牙Ｐ	gunlance	l14f8
Fang Merman S	ファングＳマーマン	人魚之牙Ｓ	gunlance	l14f9
Fang Merman Y	ファングＹマーマン	利牙Ｙ魚人	gunlance	l2ffe
Fang Merman Z	ファングＺマーマン	利牙Ｚ魚人	gunlance	l2fff
Fang Merman X	ファングＸマーマン	利牙Ｘ魚人	gunlance	l3000
Cardigan Lance	カルドガンランス	地獄銃槍	gunlance	l174f
Cardo Carroll	カルドカロル	地獄頌歌	gunlance	l1750
Cardo Burst	カルドバースト	地獄爆裂	gunlance	l1751
Roter Regen	ロートレーゲン	紅色之雨	gunlance	l1752
Rot Ehrlich	ロートエアリヒ	紅色耿直	gunlance	l2d89
Partner Gunlance	パルトナガンランス	戰友銃槍	gunlance	l2d8a
Partner Cannon	パルトナカロル	戰友頌歌	gunlance	l2d8b
Card Embus	カルドエンブス	地獄埋伏者	gunlance	l1d86
Card Vest	カルドエンベスト	地獄潛伏者	gunlance	l1d87
Rote Erde	ロートエーデ	紅色荒野	gunlance	l1d88
Rote Wueste	ロートヴュステ	紅色沙漠	gunlance	l1d89
E52C・エルギナオ	エルギナオ	極凍征服	gunlance	l2ce5
E62C・エルギナオ・アッキ	エルギナオ・アッキ	極凍·魔鬼	gunlance	l2ce6
E72C・エルギナオ・クラオ	エルギナオ・クラオ	極凍·解藥	gunlance	l2ce7
E82C・オーイベル	オーイベル	深黃狩獵	gunlance	l2ce8
E92C・オーイベル・アッキ	オーイベル・アッキ	深黃·魔鬼	gunlance	l2ce9
EA2C・オーイベル・クラオ	オーイベル・クラオ	深黃·解藥	gunlance	l2cea
Eques Gunlance	エクエスガンランス	騎士銃槍	gunlance	l14fa
Eques Carol	エクエスカロル	騎士頌歌	gunlance	l14fb
Eques Burst	エクエスバースト	騎士爆裂	gunlance	l14fc
Weissregen	ヴァイスレーゲン	白色之雨	gunlance	l14fd
Weisslothov	ヴァイススロトフ	白色裂痕	gunlance	l1837
Strega Gunlance	ストレガガンランス	魔女銃槍	gunlance	l14fe
Strega Carol	ストレガカロル	魔女頌歌	gunlance	l14ff
Strega Burst	ストレガバースト	魔女爆裂	gunlance	l1500
Schwartzregen	シュヴァルツレーゲン	黑色之雨	gunlance	l1501
Schwarzslotov	シュヴァルツスロトフ	黑色裂痕	gunlance	l1838
Schwarz Ehrlich	シュヴァルツエアリヒ	黑色耿直	gunlance	l1ec3
Eques Embus	エクエスエンブス	騎士埋伏者	gunlance	l1826
Eques Envest	エクエスエンベスト	騎士潛伏者	gunlance	l1827
Eques Estida	エクエスエスティーダ	騎士落日	gunlance	l1828
Weiss Suede	ヴァイスエーデ	白色荒野	gunlance	l1829
Weiss Wueste	ヴァイスヴュステ	白色沙漠	gunlance	l182a
Strega Embus	ストレガエンブス	魔女埋伏者	gunlance	l182b
Strega Envest	ストレガエンベスト	魔女潛伏者	gunlance	l182c
Strega Estida	ストレガエスティーダ	魔女落日	gunlance	l182d
Schwarze Suede	シュヴァルツエーデ	黑色荒野	gunlance	l182e
Schwarz Wueste	シュヴァルツヴュステ	黑色沙漠	gunlance	l182f
Schwarz Brute	シュヴァルツブルート	黑色野獸	gunlance	l1c08
Aurora Gunlance	オーロワガンランス	金黃銃槍	gunlance	l1d81
Aurora Carol	オーロワカロル	金黃頌歌	gunlance	l1d82
Gold Regen	ゴルトレーゲン	黃金之雨	gunlance	l1d83
Gold Slotov	ゴルトスロトフ	黃金裂痕	gunlance	l1d84
Gold Ehrlich	ゴルトエアリヒ	黃金耿直	gunlance	l1d85
7F25・ソルエルオプグナー	ソルエルオプグナー	薄暮女神	gunlance	l257f
1B2D・ルレードジューレ	ルレードジューレ	熾紅誓言	gunlance	l2d1b
1C2D・ルレードグランバー	ルレードグランバー	熾紅祖槍	gunlance	l2d1c
1D2D・シャロンスプリオ	シャロンスプリオ	冥神上槍	gunlance	l2d1d
1E2D・シャロンブラッガル	シャロンブラッガル	冥神傲槍	gunlance	l2d1e
A02E・ノーベルジューレ	ノーベルジューレ	忠誠再生者	gunlance	l2ea0
A12E・ノーベルグランバー	ノーベルグランバー	忠誠呼喚	gunlance	l2ea1
A22E・ゲイオンスプリオ	ゲイオンスプリオ	無畏精英	gunlance	l2ea2
A32E・ゲイオンブラッガル	ゲイオンブラッガル	無畏軍團兵	gunlance	l2ea3
Gold Wueste	ゴルトヴュステ	黃金沙漠	gunlance	l3129
Gold Brut	ゴルトブルート	黃金野獸	gunlance	l312a
1B34・ヴィレエンブス	ヴィレエンブス	ヴィレエンブス	gunlance	l341b
1C34・ヴィレエンベスト	ヴィレエンベスト	ヴィレエンベスト	gunlance	l341c
1D34・ルストヴュステ	ルストヴュステ	ルストヴュステ	gunlance	l341d
1E34・ルストブルート	ルストブルート	ルスト青色ト	gunlance	l341e
Vola Lancia	ヴォーランケア		gunlance	l3c29
Vola Lancia+	ヴォーランケア・改		gunlance	l3c2a
True Vola Lancia	ヴォーランケア・真		gunlance	l3c2b
Alvola Lancia	アルヴォーランケア		gunlance	l3c2c
Azura Lancia	アズラクガーロンド		gunlance	l3df8
Azura Lancia+	ルラキガーロンド		gunlance	l3df9
True Azura Lancia	ガルボイガーロンド		gunlance	l3dfa
Azure Lancia	ニリィガーロンド		gunlance	l3dfb
Rubelauncher	ルベルンチャ		gunlance	l3e67
Rubelauncher+	ルベルンチャ・改		gunlance	l3e68
True Rubelauncher	ルベルンチャ・真		gunlance	l3e69
Terra Rubelauncher	テラルベルンチャ		gunlance	l3e6a
Ravina Lancia	ラヴィナランケア		gunlance	l3f87
Ravina Lancia+	ラヴィナランケア・改		gunlance	l3f88
True Ravina Lancia	ラヴィナランケア・真		gunlance	l3f89
Final Ravina Lancia	ラヴィーナランケア		gunlance	l3f8a
Dua Kanone	デュアカノーネ		gunlance	l414f
Dua Kanone+	デュアカノーネ・改		gunlance	l4150
True Dua Kanone	デュアカノーネ・真		gunlance	l4151
Esdua Kanone	エスデュアカノーネ		gunlance	l4152
Chroma Lancia	クロマランケア		gunlance	l430c
Chroma Lancia+	クロマランケア・改		gunlance	l430d
True Chroma Lancia	クロマランケア・真		gunlance	l430e
Final Chroma Lancia	クローマランケア		gunlance	l430f
Poet Lancia	ポエトランケア		gunlance	l43a3
Poet Lancia+	ポエトランケア・改		gunlance	l43a4
True Poet Lancia	ポエトランケア・真		gunlance	l43a5
Poetry Lancia	ポエトリランケア		gunlance	l43a6
Fang C Kerberos	ファングＣケルベロス	地獄犬之牙Ｃ	gunlance	l14ea
Fang A Kerberos	ファングＡケルベロス	地獄犬之牙Ａ	gunlance	l14eb
Fang P Kerberos	ファングＰケルベロス	地獄犬之牙Ｐ	gunlance	l14ec
Fang S Kerberos	ファングＳケルベロス	地獄犬之牙Ｓ	gunlance	l14ed
Fang Z Kerberos	ファングＺケルベロス	地獄犬之牙Ｚ	gunlance	l1a20
Fang Y Kerberos	ファングＹケルベロス	地獄犬之牙Ｙ	gunlance	l1d92
0F21・エーア・クティ	エーア・クティ	掠食惡犬	gunlance	l210f
DE2C・アブマリィ	アブマリィ	僻壤赤槍	gunlance	l2cde
DF2C・アブマリィ・アッキ	アブマリィ・アッキ	赤槍·魔鬼	gunlance	l2cdf
E02C・アブマリィ・クラオ	アブマリィ・クラオ	赤槍·解藥	gunlance	l2ce0
E12C・レッダ・ヴォワ	レッダ・ヴォワ	艷紅之聲	gunlance	l2ce1
Akura Jail	アクラジェイル	蠍獄銃槍	gunlance	l163d
Akura Leyding	アクラレージング	蠍鎖銃槍	gunlance	l163e
Akura Dromi	アクラドローミ	蠍鍊銃槍	gunlance	l163f
Akura Gleipnir	アクラグレイプニル	蠍枷銃槍	gunlance	l1640
Akura Gun	アクラグナーク	原始蠍銃槍	gunlance	l1839
Accra Halva	アクラハルヴァ	英靈蠍銃槍	gunlance	l1d91
1A21・エクレール・カリュプ	エクレール・カリュプ	雷電震擊	gunlance	l211a
1B21・エクレール・クストス	エクレール・クストス	雷電守護神	gunlance	l211b
1C21・エクレール・アルドル	エクレール・アルドル	雷電激情	gunlance	l211c
E22C・ウェロニア	ウェロニア	勇者湛藍	gunlance	l2ce2
E32C・ウェロニア・アッキ	ウェロニア・アッキ	湛藍·魔鬼	gunlance	l2ce3
E42C・ウェロニア・クラオ	ウェロニア・クラオ	湛藍·解藥	gunlance	l2ce4
Master Breaker	マスターブレイカー	破壞王	gunlance	l11ec
Dandy Cannon	ダンディカノン	浪子加農	gunlance	l11ed
Dandy Blast	ダンディブラスト	浪子暴風	gunlance	l11ee
Dandyism	ダンディズム	浪子主義	gunlance	l11ef
Dandy Dandy	ダンディ・ダンディ	風流浪子	gunlance	l1b68
Dandy Master	ダンディマスター	浪子老板	gunlance	l25ca
Dadndy Dumpty	ダンディ・ダンプティ	浪子回頭	gunlance	l25c9
Fang Gryphon C	ファングＣグリフォン	獅鷲之牙Ｃ	gunlance	l14f2
Fang Gryphon A	ファングＡグリフォン	獅鷲之牙Ａ	gunlance	l14f3
Fang Gryphon P	ファングＰグリフォン	獅鷲之牙Ｐ	gunlance	l14f4
Fang Gryphon S	ファングＳグリフォン	獅鷲之牙Ｓ	gunlance	l14f5
Jekyll Hydra	ジキール・ヒドラ	九頭蛇	gunlance	l14ee
Jekyll Rudra	ジキール・ルドラ	樓陀羅	gunlance	l14ef
Jekyll Druga	ジキール・ドゥルガー	難近母	gunlance	l14f0
Vishnu Shivra	ビスーヌ・シヴラ	毗濕奴	gunlance	l14f1
Brahma Stora	ブラフマーストラ	梵天	gunlance	l1a1f
Shiva Kasra	シヴァーカズラ	濕婆	gunlance	l22f1
"Odai Rikagra ""Mai"""	オダイリカグラ【舞】	御內裏神樂【舞】	gunlance	l1b64
"Odai Rikagra ""Dance"""	オダイリカグラ【踊】	御內裏神樂【踊】	gunlance	l1b65
"Odai Rikagra ""Feast"""	オダイリカグラ【宴】	御內裏神樂【宴】	gunlance	l1b66
"Odai Rikagra ""Grace"""	オダイリカグラ【雅】	御內裏神樂【雅】	gunlance	l1b67
"Odai Rikagra ""Soaring"""	オダイリカグラ【翔】	御內裏神樂【翔】	gunlance	l25cc
"Odai Rikagra ""Relief"""	オダイリカグラ【楽】	御內裏神樂【樂】	gunlance	l25cb
"BlueHuntrGunlanc ""One"""	青き狩人の銃槍【壱】	青色獵人銃槍【壹】	gunlance	l1d77
"BlueHuntrGunlanc ""Two"""	青き狩人の銃槍【弐】	青色獵人銃槍【貳】	gunlance	l1d78
"BlueHuntrGunlanc ""Three"""	青き狩人の銃槍【参】	青色獵人銃槍【參】	gunlance	l1d79
"BlueHuntrGunlanc ""Blue"""	青き狩人の銃槍【蒼】	青色獵人銃槍【蒼】	gunlance	l1d7a
"BlueHuntrGunlanc""Indigo"""	青き狩人の銃槍【藍】	青色獵人銃槍【藍】	gunlance	l1d7b
"RedHuntrGunlanc ""One"""	赤き狩人の銃槍【壱】	紅色獵人銃槍【壹】	gunlance	l1d7c
"RedHuntrGunlanc ""Two"""	赤き狩人の銃槍【弐】	紅色獵人銃槍【貳】	gunlance	l1d7d
"RedHuntrGunlanc ""Three"""	赤き狩人の銃槍【参】	紅色獵人銃槍【參】	gunlance	l1d7e
"RedHuntrGunlanc""Crimson"""	赤き狩人の銃槍【紅】	紅色獵人銃槍【紅】	gunlance	l1d7f
"RedHuntrGunlanc""Scarlet"""	赤き狩人の銃槍【朱】	紅色獵人銃槍【朱】	gunlance	l1d80
B91E・カドマツガンランス	カドマツガンランス	門松	gunlance	l1eb9
BA1E・カドマツキャノン	カドマツキャノン	門松加農	gunlance	l1eba
New Years Gunlance	門松銃槍	門松銃槍	gunlance	l1ebb
"New Years Gunlance""Snow"""	門松銃槍【深雪】	門松銃槍【深雪】	gunlance	l1ebc
"TreeOrnamentGL ""Summer"""	門松銃槍【雪解】	門松銃槍【雪解】	gunlance	l25ce
New Year Decor Lance	門松銃槍【新年】		gunlance	l3f2f
"TreeOrnamentGL ""Sunrise"""	門松銃槍【日出】	門松銃槍【日出】	gunlance	l25cd
Peak Current	ペークカレント	迅流	gunlance	l22da
DB22・ペークマラン	ペークマラン	迅捷洋流	gunlance	l22db
DC22・ペークヴォルチェ	ペークヴォルチェ	迅捷晶靈	gunlance	l22dc
DD22・スタルアッチャー	スタルアッチャー	結晶射手	gunlance	l22dd
DE22・スタルジオーネ	スタルジオーネ	結晶光輝	gunlance	l22de
Pepper Gunlance	唐辛子銃槍	辣椒銃槍	gunlance	l2e0f
"Pepper Gunlance ""Mild"""	唐辛子銃槍【中辛】	辣椒銃槍【中辣】	gunlance	l2e10
"Pepper Gunlance ""Spicy"""	唐辛子銃槍【辛口】	辣椒銃槍【辛辣】	gunlance	l2e11
"Pepper Gunlance ""Hot"""	唐辛子銃槍【大辛】	辣椒銃槍【大辣】	gunlance	l2e12
"Pepper Gunlance ""Fiery"""	唐辛子銃槍【激辛】	辣椒銃槍【激辣】	gunlance	l2e13
"Pepper Gunlance ""∞"""	唐辛子銃槍【∞】	辣椒銃槍【∞】	gunlance	l2e14
Altra Wasser	アルトラ・ヴァッサー	極限·激流	gunlance	l210a
0B21・アルトラ・ゲイザー	アルトラ・ゲイザー	極限·監視者	gunlance	l210b
0C21・アルトラ・ディウム	アルトラ・ディウム	極限·烈日	gunlance	l210c
0D21・プロケラエフィア	プロケラエフィア	雄偉破擊	gunlance	l210d
0E21・ニンブスエフィア	ニンブスエフィア	光輝破擊	gunlance	l210e
EB2C・ハーガウン	ハーガウン	敬賢之槍	gunlance	l2ceb
EC2C・ハーガウン・アッキ	ハーガウン・アッキ	敬賢·魔鬼	gunlance	l2cec
ED2C・ハーガウン・クラオ	ハーガウン・クラオ	敬賢·解藥	gunlance	l2ced
EE2C・パーオル・クオ	パーオル・クオ	敬賢·力量	gunlance	l2cee
Fear Morte	フィアーモルテ	フィアーモルテ	gunlance	l3371
4A38・幻影ノ霞払イシ銃槍	幻影ノ霞払イシ銃槍		gunlance	l384a
"Moonlight ""New Moon"""	月々灯【新月】		gunlance	l3aa8
"Moonlight ""Crescent"""	月々灯【三日月】		gunlance	l3aa9
"Moonlight ""Full Moon"""	月々灯【満月】		gunlance	l3aaa
Radiant Glitter G.Lance	煌々ト輝ク銃槍		gunlance	l3d38
"Resolute Cannon ""New"""	決意の銃槍【新】		gunlance	l4037
"Resolute Cannon ""Lunge"""	決意の銃槍【進】		gunlance	l4038
"Resolute Cannon ""Faith"""	決意の銃槍【信】		gunlance	l4039
"Resolute Cannon ""Heart"""	決意の銃槍【心】		gunlance	l403a
"Resolute Cannon ""Truth"""	決意の銃槍【真】		gunlance	l403b
"Resolute Cannon ""Divine"""	決意の銃槍【神】		gunlance	l403c
Guanzorumu Gunlance	帝征銃槍		gunlance	l432c
Dragon Emperor Shot I	帝ヲ征シ龍ノ銃槍Ⅰ		gunlance	l432d
Dragon Emperor Shot II	帝ヲ征シ龍ノ銃槍Ⅱ		gunlance	l432e
Dragon Emperor Shot III	帝ヲ征シ龍ノ銃槍Ⅲ		gunlance	l432f
Dragon Emperor Shot IV	帝ヲ征シ龍ノ銃槍Ⅳ		gunlance	l4330
2D24・ユーシルディンス	ユーシルディンス		gunlance	l242d
2E24・ユーブクリソニア	ユーブクリソニア		gunlance	l242e
2F24・ユーマゲンブライア	ユーマゲンブライア		gunlance	l242f
9C2F・ヒメルクロツ・アイ	ヒメルクロツ・アイ		gunlance	l2f9c
9D2F・ヒメルクロツ・ヴァイ	ヒメルクロツ・ヴァイ		gunlance	l2f9d
9E2F・ヒメルクロツ・ライ	ヒメルクロツ・ライ		gunlance	l2f9e
9F2F・ヒメルクロツ・フィア	ヒメルクロツ・フィア		gunlance	l2f9f
A02F・ヒメルクロツ・フュン	ヒメルクロツ・フュン		gunlance	l2fa0
Steel Hawk I	スティールホークⅠ	鋼鐵飛鷹Ⅰ	gunlance	l042c
Steel Hawk II	スティールホークⅡ	鋼鐵飛鷹Ⅱ	gunlance	l042d
Steel Hawk III	スティールホークⅢ	鋼鐵飛鷹Ⅲ	gunlance	l042e
Steel Hawk IV	スティールホークⅣ	鋼鐵飛鷹Ⅳ	gunlance	l042f
Steel Hawk V	スティールホークⅤ	鋼鐵飛鷹Ⅴ	gunlance	l110d
Steel Hawk VI	スティールホークⅥ	鋼鐵飛鷹Ⅵ	gunlance	l1ed7
Sapphir Hawk I	サフィールホークⅠ	蒼玉飛鷹Ⅰ	gunlance	l0e97
Sapphir Hawk II	サフィールホークⅡ	蒼玉飛鷹Ⅱ	gunlance	l0e98
Sapphir Hawk III	サフィールホークⅢ	蒼玉飛鷹Ⅲ	gunlance	l0e99
Sapphir Hawk IV	サフィールホークⅣ	蒼玉飛鷹Ⅳ	gunlance	l0e9a
White Geber Hasta I	ゲベアハスタⅠ【白】	長戟步槍Ⅰ【白】	gunlance	l0f36
White Geber Hasta II	ゲベアハスタⅡ【白】	長戟步槍Ⅱ【白】	gunlance	l0f37
White Geber Hasta III	ゲベアハスタⅢ【白】	長戟步槍Ⅲ【白】	gunlance	l0f38
Gungnir	グングニル	永恆之槍	gunlance	l0f39
Friz Scarve	フリズスキャールヴ	至高王座	gunlance	l22fa
Rubino Hawk I	ルビーノホークⅠ	紅石飛鷹Ⅰ	gunlance	l1109
Rubino Hawk II	ルビーノホークⅡ	紅石飛鷹Ⅱ	gunlance	l110a
Rubino Hawk III	ルビーノホークⅢ	紅石飛鷹Ⅲ	gunlance	l110b
Rubino Hawk IV	ルビーノホークⅣ	紅石飛鷹Ⅳ	gunlance	l110c
Rubino Hawk V	ルビーノホークⅤ	紅石飛鷹Ⅴ	gunlance	l1204
Rubino Hawk VI	ルビーノホークⅥ	紅石飛鷹Ⅵ	gunlance	l2da5
Rubino Hawk VII	ルビーノホークⅦ	紅石飛鷹Ⅶ	gunlance	l2da6
ルビーノホークVIII	ルビーノホークⅧ	紅石飛鷹Ⅷ	gunlance	l2da7
Zidoria Hawk I	シトリアホークⅠ	黃寶飛鷹Ⅰ	gunlance	l13fc
Zidoria Hawk II	シトリアホークⅡ	黃寶飛鷹Ⅱ	gunlance	l13fd
Zidoria Hawk III	シトリアホークⅢ	黃寶飛鷹Ⅲ	gunlance	l13fe
Zidoria Hawk IV	シトリアホークⅣ	黃寶飛鷹Ⅳ	gunlance	l13ff
Zidoria Hawk V	シトリアホークⅤ	黃寶飛鷹Ⅴ	gunlance	l1400
Amethyst Hawk I	アメシスホークⅠ	紫晶飛鷹Ⅰ	gunlance	l175c
Amethyst Hawk II	アメシスホークⅡ	紫晶飛鷹Ⅱ	gunlance	l175d
Amethyst Hawk III	アメシスホークⅢ	紫晶飛鷹Ⅲ	gunlance	l175e
Amethyst Hawk IV	アメシスホークⅣ	紫晶飛鷹Ⅳ	gunlance	l175f
Amethyst Hawk V	アメシスホークⅤ	紫晶飛鷹Ⅴ	gunlance	l1760
Mirza	ミルサ	誓言之星	gunlance	l0e14
Mirza Reach	ミルザ・レングス	久遠誓言之星	gunlance	l0e15
Mirza Rogue	ミルザ・ローグ	遊俠誓言之星	gunlance	l0e16
Amirzadeh	ストレミルザ	力量誓言之星	gunlance	l0e17
Largamil	ラルガミルザ	恆長誓言之星	gunlance	l265f
Dessa Domirza	デサスドミルザ	破擊誓言之星	gunlance	l2660
Nova Flora I	ノヴァフローラⅠ	花之女神新星Ⅰ	gunlance	l0f4f
Nova Flora II	ノヴァフローラⅡ	花之女神新星Ⅱ	gunlance	l0f50
Nova Flora III	ノヴァフローラⅢ	花之女神新星Ⅲ	gunlance	l0f51
Supernova	スーパーノヴァ	超新星銃槍	gunlance	l0f52
Nova Selion	ノヴァセリオン	霜柱新星	gunlance	l266b
Nova Friziniti	ノヴァフリジニティ	冰結夢境新星	gunlance	l266c
Jade Gunlance I	ジェイドガンランスⅠ	翡翠銃槍Ⅰ	gunlance	l0e93
Jade Gunlance II	ジェイドガンランスⅡ	翡翠銃槍Ⅱ	gunlance	l0e94
Jade Gunlance III	ジェイドガンランスⅢ	翡翠銃槍Ⅲ	gunlance	l0e95
Ideals Realized	イデア・リエル	理想爬藤	gunlance	l0e96
Idea Triminie	イデア・トリミニエ	理想·四季	gunlance	l28a8
Ele Jaidia	エルジェイディア	永恆輝芒	gunlance	l28a9
Ete Nordias	エテノルディアス	亙久耀光	gunlance	l28aa
Agate Cannon I	アゲートキャノンⅠ	瑪瑙加農Ⅰ	gunlance	l0ff1
Agate Cannon II	アゲートキャノンⅡ	瑪瑙加農Ⅱ	gunlance	l0ff2
Agate Cannon III	アゲートキャノンⅢ	瑪瑙加農Ⅲ	gunlance	l0ff3
Banded Gunlance	バンデッドガンランス	盜賊銃槍	gunlance	l0ff4
Outlaw Gunlance	アウトローガンランス	法外銃槍	gunlance	l28ba
Illegal Cannon	イリーガルキャノン	非法加農	gunlance	l28bb
Brigandine Days	ブリガンデイズ	海賊之日	gunlance	l28bc
Rosa Gunlance I	ロッサガンランスⅠ	朱紅銃槍Ⅰ	gunlance	l0fed
Rosa Gunlance II	ロッサガンランスⅡ	朱紅銃槍Ⅱ	gunlance	l0fee
Rosa Gunlance III	ロッサガンランスⅢ	朱紅銃槍Ⅲ	gunlance	l0fef
Rubrum Gunlance	ルブルムガンランス	豔紅銃槍	gunlance	l0ff0
CC28・ヴェルムズガンランス	ヴェルムズガンランス	血紅銃槍	gunlance	l28cc
CD28・ゲルメズキャノン	ゲルメズキャノン	朱紅加農	gunlance	l28cd
CE28・ターゲズキャノン	ターゲズキャノン	赤紅加農	gunlance	l28ce
Desert Sand I	デザートサンドⅠ	黃沙大漠Ⅰ	gunlance	l1105
Desert Sand II	デザートサンドⅡ	黃沙大漠Ⅱ	gunlance	l1106
Desert Sand III	デザートサンドⅢ	黃沙大漠Ⅲ	gunlance	l1107
Desert Trick	デザート・トリック	沙漠圈套	gunlance	l1108
DE28・デザート・ピサン	デザート・ピサン	沙漠塵土	gunlance	l28de
DF28・ディザビータ	ディザビータ	沙漠飛礫	gunlance	l28df
E028・ディザペンドラ	ディザペンドラ	沙漠怒火	gunlance	l28e0
Scale Rivana I	スケイル・リヴァナⅠ	明月之鱗Ⅰ	gunlance	l1101
Scale Rivana II	スケイル・リヴァナⅡ	明月之鱗Ⅱ	gunlance	l1102
Scale Rivana III	スケイル・リヴァナⅢ	明月之鱗Ⅲ	gunlance	l1103
Scale Punish	スケイド・パニッシュ	天罰之鱗	gunlance	l1104
Scale Curse	スケイドカース	詛咒之麟	gunlance	l2675
Scale Scourge	スケイドスカージ	災禍之麟	gunlance	l2676
Eisen I	アイゼンⅠ	鍛鋼Ⅰ	gunlance	l1200
Eisen II	アイゼンⅡ	鍛鋼Ⅱ	gunlance	l1201
Eisen III	アイゼンⅢ	鍛鋼Ⅲ	gunlance	l1202
Grund Eisen	グリュエ・アイゼン	鍛鋼.赤熱	gunlance	l1203
Cartel Eisen	カーテル・アイゼン	鍛鋼·同盟	gunlance	l2681
Eisenburg	アイゼンブルグ	鍛鋼堡壘	gunlance	l2682
Dirge I	ダージュⅠ	輓歌Ⅰ	gunlance	l11fc
Dirge II	ダージュⅡ	輓歌Ⅱ	gunlance	l11fd
Dirge III	ダージュⅢ	輓歌Ⅲ	gunlance	l11fe
Raid Dirge	レイド・ダージュ	輓歌.強襲	gunlance	l11ff
F028・タネリア・ダージュ	タネリア・ダージュ	玄秘輓歌	gunlance	l28f0
F128・ドラユン・ダージュ	ドラユン・ダージュ	幻夢輓歌	gunlance	l28f1
F228・ケシュート・ダージュ	ケシュート・ダージュ	無情輓歌	gunlance	l28f2
Ourun I	オールンⅠ	萬象Ⅰ	gunlance	l12f3
Ourun II	オールンⅡ	萬象Ⅱ	gunlance	l12f4
Ourun III	オールンⅢ	萬象Ⅲ	gunlance	l12f5
Ouro Proc	オール・プロコ	萬象.信者	gunlance	l12f6
Brand I	ブランドⅠ	刻蝕Ⅰ	gunlance	l12ef
Brand II	ブランドⅡ	刻蝕Ⅱ	gunlance	l12f0
Brand III	ブランドⅢ	刻蝕Ⅲ	gunlance	l12f1
Brand Berg	ブランド・バーグ	刻蝕.要塞	gunlance	l12f2
2C27・ブランド・アゲステ	ブランド・アゲステ	刻蝕·操弄	gunlance	l272c
2D27・ブランド・エクレシオ	ブランド・エクレシオ	刻蝕·神秘	gunlance	l272d
Brand Siegen	ブランド・シグリーン	刻蝕·紫晶	gunlance	l277e
Valea I	バレアⅠ	衝鋒Ⅰ	gunlance	l13f8
Valea II	バレアⅡ	衝鋒Ⅱ	gunlance	l13f9
Valea III	バレアⅢ	衝鋒Ⅲ	gunlance	l13fa
Velea Leiro	バレア・レイロ	衝鋒.王者	gunlance	l13fb
2E27・バレア・ボリア	バレア・ボリア	衝鋒·武士	gunlance	l272e
2F27・バレア・マジウム	バレア・マジウム	衝鋒·護教軍	gunlance	l272f
7F27・バレア・ズレイデン	バレア・ズレイデン	衝鋒·仲裁者	gunlance	l277f
Anemone I	アネモⅠ	銀蓮花Ⅰ	gunlance	l13f4
Anemone II	アネモⅡ	銀蓮花Ⅱ	gunlance	l13f5
Anemone III	アネモⅢ	銀蓮花Ⅲ	gunlance	l13f6
Anemone Said	アネモ・サイデ	銀蓮花.智者	gunlance	l13f7
Anemone Soid	アネモ・ソイド	銀蓮花·長者	gunlance	l2730
Eunos I	ユーノスⅠ	愉悅Ⅰ	gunlance	l150e
Eunos II	ユーノスⅡ	愉悅Ⅱ	gunlance	l150f
Eunos III	ユーノスⅢ	愉悅Ⅲ	gunlance	l1510
Dias Eunos	ディアス・ユーノス	愉悅.天際	gunlance	l1511
Doreus Eunos	ドレウス・ユーノス	愉悅·誘惑	gunlance	l2732
Tante I	タンテⅠ	千軍萬馬Ⅰ	gunlance	l150a
Tante II	タンテⅡ	千軍萬馬Ⅱ	gunlance	l150b
Tante III	タンテⅢ	千軍萬馬Ⅲ	gunlance	l150c
Tante Greed	タンテグリード	千軍萬馬.貪婪	gunlance	l150d
Tante Kaleido	タンテカレイド	千軍萬馬·光輝	gunlance	l2738
Blaze I	オルスィⅠ	烈炎Ⅰ	gunlance	l1645
Blaze II	オルスィⅡ	烈炎Ⅱ	gunlance	l1646
Blaze III	オルスィⅢ	烈炎Ⅲ	gunlance	l1647
Blaze Court	オルスィ・コート	烈炎·競技場	gunlance	l1648
3A27・オルスィ・メルスィ	オルスィ・メルスィ	烈炎·邪鬼	gunlance	l273a
3B27・オルスィ・エスケート	オルスィ・エスケート	烈炎·劫掠者	gunlance	l273b
Wisdom I	ズニアⅠ	睿智Ⅰ	gunlance	l1641
Wisdom II	ズニアⅡ	睿智Ⅱ	gunlance	l1642
Wisdom III	ズニアⅢ	睿智Ⅲ	gunlance	l1643
Wisdom Naruta	ズニアン・ナルタ	睿智.鳴多	gunlance	l1644
8D26・ズニアン・ヌーム	ズニアン・ヌーム	睿智·戰具	gunlance	l268d
8E26・ズニアン・ロング	ズニアン・ロング	睿智·恆長	gunlance	l268e
Yunya I	ユーニャⅠ	六月Ⅰ	gunlance	l1754
Yunya II	ユーニャⅡ	六月Ⅱ	gunlance	l1755
Yunya III	ユーニャⅢ	六月Ⅲ	gunlance	l1756
Laura Scar	ローラスカー	火月	gunlance	l1757
9A26・ラスカグロワール	ラスカグロワール	榮光之焰	gunlance	l269a
Folka I	フォルカⅠ	民族Ⅰ	gunlance	l1758
Folka II	フォルカⅡ	民族Ⅱ	gunlance	l1759
Folka III	フォルカⅢ	民族Ⅲ	gunlance	l175a
Folka Middledge	フォルカミドルゲ	尊貴民族	gunlance	l175b
Noen I	ノエンⅠ	九號Ⅰ	gunlance	l1830
Noen II	ノエンⅡ	九號Ⅱ	gunlance	l1831
Noen III	ノエンⅢ	九號Ⅲ	gunlance	l1832
Neombrios	ノエンブリオス	霜月	gunlance	l1833
Brave Cannon I	ブラヴェキャノンⅠ	英勇加農Ⅰ	gunlance	l1d8d
Brave Cannon II	ブラヴェキャノンⅡ	英勇加農Ⅱ	gunlance	l1d8e
Brave Cannon III	ブラヴェキャノンⅢ	英勇加農Ⅲ	gunlance	l1d8f
Bra Haelta	ブラ・ハエトラ	英勇榮耀	gunlance	l1d90
Ledge I	レッジⅠ	峭崖Ⅰ	gunlance	l1ed3
Ledge II	レッジⅡ	峭崖Ⅱ	gunlance	l1ed4
Ledge III	レッジⅢ	峭崖Ⅲ	gunlance	l1ed5
D61E・レッジ・オネッタ	レッジ・オネッタ	寒地峭崖	gunlance	l1ed6
CF1E・ライアンI	ライアンⅠ	小霸王Ⅰ	gunlance	l1ecf
D01E・ライアンII	ライアンⅡ	小霸王Ⅱ	gunlance	l1ed0
D11E・ライアンIII	ライアンⅢ	小霸王Ⅲ	gunlance	l1ed1
D21E・スカージ・ランシス	スカージ・ランシス	天罰之槍	gunlance	l1ed2
Weisse Lanze	ヴェアス・ランシス	極限紋章	gunlance	l2c4e
4F2C・ピスレート・ランシス	ピスレート・ランシス	極限刺眠	gunlance	l2c4f
Berry I	ベリエⅠ	白羊座Ⅰ	gunlance	l1f6c
Berry II	ベリエⅡ	白羊座Ⅱ	gunlance	l1f6d
Berry III	ベリエⅢ	白羊座Ⅲ	gunlance	l1f6e
Berry Leo	ベリエ・レオ	白羊座.猛獅	gunlance	l1f6f
Berry Griphon	ベリエ・グエイフォン	白羊座·殲滅銃槍	gunlance	l2c5a
5B2C・ベリエ・ゲルベェス	ベリエ・ゲルベェス	白羊座·占據	gunlance	l2c5b
Ibol I	イボルⅠ	進化Ⅰ	gunlance	l2122
Ibol II	イボルⅡ	進化Ⅱ	gunlance	l2123
Ibol III	イボルⅢ	進化Ⅲ	gunlance	l2124
Ibol IV	イボルⅣ	進化Ⅳ	gunlance	l2125
Ibo Ria	イボ・リア	進化光輝	gunlance	l2126
Ibo Rovine	イボ・ロヴィーネ	進化·古城	gunlance	l2fdb
Reaper I	ディペアⅠ	逝者Ⅰ	gunlance	l22eb
Reaper II	ディペアⅡ	逝者Ⅱ	gunlance	l22ec
Reaper III	ディペアⅢ	逝者Ⅲ	gunlance	l22ed
Reaper IV	ディペアⅣ	逝者Ⅳ	gunlance	l22ee
Reaper Rio	ディア・ライオ	消逝銀光	gunlance	l22ef
Reaper Rovine	ディア・ロヴィーネ	消逝·古城	gunlance	l2fe1
DA24・ヒュ・テオパルド	ヒュ・テオパルド	義勇天馬	gunlance	l24da
DB24・ヒュ・コンド	ヒュ・コンド	壯志天馬	gunlance	l24db
DC24・ヒュ・クレメンテ	ヒュ・クレメンテ	翱翔天馬	gunlance	l24dc
DD24・ヒュ・セスランガ	ヒュ・セスランガ	聖戰天馬	gunlance	l24dd
DE24・モーデスルランガ	モーデスルランガ	光輝天馬	gunlance	l24de
4A29・グラニヴォラーレ	グラニヴォラーレ	禮頌飛馬	gunlance	l294a
4B29・グラニペテスト	グラニペテスト	驅逐飛馬	gunlance	l294b
4C29・グランヴォッタ	グランヴォッタ	解放飛馬	gunlance	l294c
4D29・グランズブラード	グランズブラード	耀陽飛馬	gunlance	l294d
4E29・グランズペガゼル	グランズペガゼル	曙光救贖	gunlance	l294e
Plumbum I	プルンブムⅠ	銀錫Ⅰ	gunlance	l2c88
Plumbum II	プルンブムⅡ	銀錫Ⅱ	gunlance	l2c89
Plumbum III	プルンブムⅢ	銀錫Ⅲ	gunlance	l2c8a
Plumbum IV	プルンブムⅣ	銀錫Ⅳ	gunlance	l2c8b
Plumbum Penna	プルンブム・ペンナ	銀錫·羽	gunlance	l2c8c
Plumbum Alara	プルンブム・アラーラ	銀錫	gunlance	l2c8d
Scribe I	スクリーボⅠ	水色擊銃Ⅰ	gunlance	l2f4f
Scribe II	スクリーボⅡ	水色擊銃Ⅱ	gunlance	l2f50
Scribe III	スクリーボⅢ	水色擊銃Ⅲ	gunlance	l2f51
Scribe IV	スクリーボⅣ	水色擊銃Ⅳ	gunlance	l2f52
Scribe Penna	スクリーボ・ペンナ	水色擊銃·羽	gunlance	l2f53
Scribe Alara	スクリーボ・アラーラ	水色擊銃·翔翼	gunlance	l2f54
FA30・ユチドリI	ユチドリⅠ	武心Ⅰ	gunlance	l30fa
FB30・ユチドリII	ユチドリⅡ	武心Ⅱ	gunlance	l30fb
FD30・ユチドリIII	ユチドリⅢ	武心Ⅲ	gunlance	l30fd
FE30・ユチドリIV	ユチドリⅣ	武心Ⅳ	gunlance	l30fe
FF30・テソロトゥール	テソロトゥール	雲霧武心	gunlance	l30ff
C333・サラドリI	サラドリⅠ	サラドリⅠ	gunlance	l33c3
C433・サラドリII	サラドリⅡ	サラドリⅡ	gunlance	l33c4
C533・サラドリIII	サラドリⅢ	サラドリⅢ	gunlance	l33c5
C633・サラドリIV	サラドリⅣ	サラドリⅣ	gunlance	l33c6
C733・シャッツトゥール	シャッツトゥール	シャッツトゥール	gunlance	l33c7
C833・スィサトゥール	スィサトゥール	スィサトゥール	gunlance	l33c8
8A35・スペランスI	スペランスⅠ		gunlance	l358a
8B35・スペランスII	スペランスⅡ		gunlance	l358b
8C35・スペランスIII	スペランスⅢ		gunlance	l358c
8D35・スペランスIV	スペランスⅣ		gunlance	l358d
8E35・スペディス	スペディス		gunlance	l358e
8F35・スペリアルホープ	スペリアルホープ		gunlance	l358f
Azulance I	アズランスⅠ		gunlance	l37e6
Azulance II	アズランスⅡ		gunlance	l37e7
Azulance III	アズランスⅢ		gunlance	l37e8
Azulance IV	アズランスⅣ		gunlance	l37e9
EA37・アズディス	アズディス		gunlance	l37ea
Azuria Hope	アズリアルホープ		gunlance	l37eb
Thunder Spear I	サンダースピアⅠ		gunlance	l35c7
Thunder Spear II	サンダースピアⅡ		gunlance	l35c8
Thunder Spear III	サンダースピアⅢ		gunlance	l35c9
Thunder Spear IV	サンダースピアⅣ		gunlance	l35ca
Thunder Spear V	サンダースピアⅤ		gunlance	l35cb
Thunder Spear VI	サンダースピアⅥ		gunlance	l35cc
Magi Thorn	マジェ・ソーン		gunlance	l43dd
Magi Hein	マジェ・ハイン		gunlance	l43de
Magi Break	マジェ・ブレーク		gunlance	l43df
Magi Ladybug	マジェ・レディバグ		gunlance	l43e0
Magi Whirl	マジェ・ホワロズ		gunlance	l43e1
Magi Regalia	マジェ・レガリア		gunlance	l43e2
Gray Thorn	グレイ・ソーン		gunlance	l441f
Gray Hein	グレイ・ハイン		gunlance	l4420
Gray Break	グレイ・ブレーク		gunlance	l4421
Gray Ladybug	グレイ・レディバグ		gunlance	l4422
Gray Whatroz	グレイ・ホワロズ		gunlance	l4423
Gray Weas	グレイ・ウアス		gunlance	l4424
Pop Corn	砲モロコシ	砲モロコシ	gunlance	l34df
Large Pop Corn	砲モロコシ改	砲モロコシ改	gunlance	l34e0
Pop Corn Cannon	大砲モロコシ	大砲モロコシ	gunlance	l34e1
Frigid Cannon	フリジッドカノン	極寒加農	gunlance	l10f9
Frigid Cannon+	フリジッドカノン・改	極寒加農.改	gunlance	l10fa
Frigid Tower	フリジッドタワー	極寒高塔	gunlance	l10fb
Ice Cathedral	アイスカテドラル	冰之聖堂	gunlance	l10fc
Ice Palace	アイスコート	冰之宮殿	gunlance	l286e
6F28・ロアールアイシア	ロアールアイシア	恆久冰尖	gunlance	l286f
Dormire Cannon	ドルミーレカノン	沉寂加農	gunlance	l10fd
Dormire Cannon+	ドルミーレカノン・改	沉寂加農.改	gunlance	l10fe
Dormire Tower	ドルミーレタワー	沉寂高塔	gunlance	l10ff
Sleep Cathedral	スリープカテドラル	沉寂聖堂	gunlance	l1100
Sleep Palace	スリープコート	沉寂宮殿	gunlance	l2871
171A・マァジョルノ	マァジョルノ	月下魔女	gunlance	l1a17
181A・マァジョリーニ	マァジョリーニ	魔女戰線	gunlance	l1a18
191A・マァジョリーネ	マァジョリーネ	魔女旋律	gunlance	l1a19
1A1A・ミール・イガーナ	ミール・イガーナ	和平淑女	gunlance	l1a1a
Mi Ru Stinger	ミール・スティンガー	和平痛擊者	gunlance	l22f2
F322・エルダンサー	エルダンサー	大氣舞者	gunlance	l22f3
Thundering Dancer	サンダリングダンサー	雷霆舞者	gunlance	l2966
Katzerno	カッツェルノ	月下貓女	gunlance	l1a1b
Katzerini	カッツェリーニ	貓女戰線	gunlance	l1a1c
Katzerine	カッツェリーネ	貓女旋律	gunlance	l1a1d
1E1A・ガニシア・イガーナ	ガニシア・イガーナ	腐朽少女	gunlance	l1a1e
F422・ガニシア・トゥース	ガニシア・トゥース	腐朽真實	gunlance	l22f4
Ruined King	ルインドキング	滅絕之王	gunlance	l22f5
Ruined Emperor	ルインドエンペラー	滅絕帝王	gunlance	l2967
Aqua Caliber	アクアキャリバー	水藍尖刃銃槍	gunlance	l1502
Hydro Caliber	ハイドロキャリバー	水力尖刃銃槍	gunlance	l1503
Marine Caliber	マリーンキャリバー	海藍尖刃銃槍	gunlance	l1504
Spearfish	スピアフィッシュ	魚雷銃槍	gunlance	l1505
Tidal Fissure	タイダルフィッシャー	潮汐釣手	gunlance	l22f8
Tidal Star	タイダルスター	潮汐之星	gunlance	l22f9
9B27・タイダルゼニス	タイダルゼニス	潮汐頂峰	gunlance	l279b
Metal Caliber	メタルキャリバー	金屬尖刃銃槍	gunlance	l1506
Eglin Caliber	エグリンキャリバー	貴金屬尖刃銃槍	gunlance	l1507
Margin Caliber	マレジンキャリバー	超合金尖刃銃槍	gunlance	l1508
Bunker Buster	バンカーバスター	暗堡破壞者	gunlance	l1509
Bunker Blast	バンカーブラスト	暗堡破擊者	gunlance	l22f6
Vault Breaker	ヴォルトブレイカー	虛無粉碎者	gunlance	l22f7
9A27・ヴォルトデモリション	ヴォルトデモリション	回歸虛無	gunlance	l279a
Dragoon Gadget	ドラグーンガジェット	惡龍爆彈	gunlance	l1ec5
Dragoon Cannon	ドラグーンカノン	惡龍加農	gunlance	l1ec6
C71E・ドラグーンティル	ドラグーンティル	深海惡龍	gunlance	l1ec7
Ex Dragoon	エクスドラグーン	深淵惡龍	gunlance	l1ec8
Dragoon Flare	ドラグーンフレアー	惡龍焰息	gunlance	l1ec9
3C27・ティル・ドラグーン	ティル・ドラグーン	狙擊·龍騎兵	gunlance	l273c
Lighning Burst	ライトニングバースト	雷光爆破	gunlance	l1eca
Lighning Cannon	ライトニングカノン	雷光加農	gunlance	l1ecb
CC1E・ライトニングティル	ライトニングティル	深海雷光	gunlance	l1ecc
Ex Lighning	エクスライトニング	深淵雷光	gunlance	l1ecd
Lighning Bolt	ライトニングボルト	雷霆閃光	gunlance	l1ece
3D27・ティル・ライトニング	ティル・ライトニング	狙擊·雷電	gunlance	l273d
Sword of Rupture, Ea I	乖離剣エアⅠ	乖離劍ＥＡⅠ	gunlance	l2647
Sword of Rupture, Ea II	乖離剣エアⅡ	乖離劍ＥＡⅡ	gunlance	l2648
Sword of Rupture, Ea III	乖離剣エアⅢ	乖離劍ＥＡⅢ	gunlance	l2649
Sword of Rupture, Ea IV	乖離剣エアⅣ	乖離劍ＥＡⅣ	gunlance	l264a
Sword of Rupture, Ea V	乖離剣エアⅤ	乖離劍ＥＡⅤ	gunlance	l264b
Sword of Rupture, Ea VI	乖離剣エアⅥ	乖離劍ＥＡⅥ	gunlance	l27a9
Divergence Airsword VII	乖離剣エアⅦ		gunlance	l3eb1
Swrd.Rupture, Ea [Blk] I	乖離剣エア【黒】Ⅰ	乖離劍ＥＡ【黑】Ⅰ	gunlance	l264c
Swrd.Rupture, Ea [Blk] II	乖離剣エア【黒】Ⅱ	乖離劍ＥＡ【黑】Ⅱ	gunlance	l264d
Swrd.Rupture, Ea [Blk] III	乖離剣エア【黒】Ⅲ	乖離劍ＥＡ【黑】Ⅲ	gunlance	l264e
Swrd.Rupture, Ea [Blk] IV	乖離剣エア【黒】Ⅳ	乖離劍ＥＡ【黑】Ⅳ	gunlance	l264f
Swrd.Rupture, Ea [Blk] V	乖離剣エア【黒】Ⅴ	乖離劍ＥＡ【黑】Ⅴ	gunlance	l2650
Swrd.Rupture Ea [Blk] VI	乖離剣エア【黒】Ⅵ	乖離劍ＥＡ【黑】Ⅵ	gunlance	l27aa
Blck Divergence Sword VII	乖離剣エア【黒】Ⅶ		gunlance	l3eb2
Azure Wyvern Whirl I	蒼流旋Ⅰ	蒼流旋Ⅰ	gunlance	l2dcb
Azure Wyvern Whirl II	蒼流旋Ⅱ	蒼流旋Ⅱ	gunlance	l2dcc
Azure Wyvern Whirl III	蒼流旋Ⅲ	蒼流旋Ⅲ	gunlance	l2dcd
Azure Wyvern Whirl IV	蒼流旋Ⅳ	蒼流旋Ⅳ	gunlance	l2dce
Azure Wyvern Whirl V	蒼流旋Ⅴ	蒼流旋Ⅴ	gunlance	l2dcf
Azure Wyvern Whirl VI	蒼流旋Ⅵ	蒼流旋Ⅵ	gunlance	l2dd0
Maru Shell	マール・シェル	マール·シェル	gunlance	l32c6
Maru Lagosta	マール・ラゴスタ	マール·ラゴスタ	gunlance	l32c7
Maru Krabbe	マール・クラッベ	マール·クラッベ	gunlance	l32c8
Maru Polyps	マール・ポリプス	マール·ポリプス	gunlance	l32c9
Delfine	デリフィーン	デリフィーン	gunlance	l32ca
CB32・エポラール	エポラール	エポラール	gunlance	l32cb
Thalassa Shell	タラサ・シェル	タラサ·シェル	gunlance	l32cc
Thalassa Lagosta	タラサ・ラゴスタ	タラサ·ラゴスタ	gunlance	l32cd
Thalassa Krabbe	タラサ・クラッベ	タラサ·クラッベ	gunlance	l32ce
Thalassa Polyps	タラサ・ポリプス	タラサ·ポリプス	gunlance	l32cf
Golfino	ゴルフィーニョ	ゴルフィーニョ	gunlance	l32d0
Penguino	ピングイーニョ	ピングイーニョ	gunlance	l32d1
Dreadnought Gear	ドレッドノートギア	無懼齒輪	gunlance	l22df
Dreadnought Lance	ドレッドノートランサ	無懼鎖鏈	gunlance	l22e0
Dreadnought Hunter	ドレッドノートハンタ	無懼領袖	gunlance	l22e1
Dreadnought Wraith	ドレッドノートレイス	無懼幽靈	gunlance	l22e2
Dreadnought Seraph	ドレッドノートセラフ	無懼熾天使	gunlance	l22e3
Dreadnought Skull	ドレッドノートスカル	無懼骷髏	gunlance	l22e4
Dreadnought Talon	ドレッドノートタロン	ドレッドノートタロン	gunlance	l347e
Dreadnought Rogue	ドレッドノートローグ		gunlance	l3ebd
Battle Roar	バトルロア	迎擊神靈	gunlance	l22e5
Initiate Roar	イニシエートロア	遠古神靈	gunlance	l22e6
Sinister Roar	シニスターロア	邪惡神靈	gunlance	l22e7
Notoroius Roar	ノートリアスロア	惡名神靈	gunlance	l22e8
Ruthless Roar	ルースレスロア	殘酷神靈	gunlance	l22e9
Angriff Roar	アンプリファイロア	屠戮神靈	gunlance	l22ea
Distortet Roar	ディストートロア	熾凍龍トートロア	gunlance	l347f
Invader	インベイドロア		gunlance	l3ebe
Sacred Dark Nightfall I	闇堕トス宵聖ノ銃槍Ⅰ		gunlance	l3dd4
Sacred Dark Nightfall II	闇堕トス宵聖ノ銃槍Ⅱ		gunlance	l3dd5
Sacred Dark Nightfall III	闇堕トス宵聖ノ銃槍Ⅲ		gunlance	l3dd6
Sacred Dark Nightfall IV	闇堕トス宵聖ノ銃槍Ⅳ		gunlance	l3dd7
Sacred Dark Nightfall V	闇堕トス宵聖ノ銃槍Ⅴ		gunlance	l3dd8
Sacred Dark Nightfall VI	闇堕トス宵聖ノ銃槍Ⅵ		gunlance	l3dd9
Sacred Dark Nightfall VII	闇堕トス宵聖ノ銃槍Ⅶ		gunlance	l3dda
Wivern Bolt	ワイヴェンボルト	雷霆波紋	gunlance	l13ec
Drake Bolt	ドレイクボルト	雷霆火龍	gunlance	l13ed
Serpent Bolt	サーペントボルト	雷霆大蛇	gunlance	l13ee
Wyrm Lord	ワームロード	霸王蛇	gunlance	l13ef
1A28・スカイアカシュ	スカイアカシュ	無際青空	gunlance	l281a
1B28・フィルマメンタム	フィルマメンタム	無盡青空	gunlance	l281b
1C28・メンタアネモス	メンタアネモス	旭日晴空	gunlance	l281c
1D28・シャルーエスパス	シャルーエスパス	緋紅空間	gunlance	l281d
1E28・シャルーアエレオ	シャルーアエレオ	緋紅翔翼	gunlance	l281e
1F28・シャルーロクーム	シャルーロクーム	緋紅預視	gunlance	l281f
Red Geber Hasta I	ゲベアハスタⅠ【紅】	長戟步槍Ⅰ【紅】	gunlance	l0f3e
Red Geber Hasta II	ゲベアハスタⅡ【紅】	長戟步槍Ⅱ【紅】	gunlance	l0f3f
Red Geber Hasta III	ゲベアハスタⅢ【紅】	長戟步槍Ⅲ【紅】	gunlance	l0f40
Luin	ルーン	焰閃銃槍	gunlance	l0f41
Rune F	ルーンＦ	焰閃銃槍Ｆ	gunlance	l1d96
Blue Geber Hasta I	ゲベアハスタⅠ【蒼】	長戟步槍Ⅰ【蒼】	gunlance	l0f42
Blue Geber Hasta II	ゲベアハスタⅡ【蒼】	長戟步槍Ⅱ【蒼】	gunlance	l0f43
Blue Geber Hasta III	ゲベアハスタⅢ【蒼】	長戟步槍Ⅲ【蒼】	gunlance	l0f44
Marte	マルテ	冰霜銃槍	gunlance	l0f45
Marute F	マルテＦ	冰霜銃槍Ｆ	gunlance	l1d97
882F・ブラウクロツ・アイ	ブラウクロツ・アイ	青色十字·壹	gunlance	l2f88
892F・ブラウクロツ・ヴァイ	ブラウクロツ・ヴァイ	青色十字·貳	gunlance	l2f89
8A2F・ブラウクロツ・ライ	ブラウクロツ・ライ	青色十字·參	gunlance	l2f8a
8B2F・ブラウクロツ・フィア	ブラウクロツ・フィア	青色十字·肆	gunlance	l2f8b
8C2F・ブラウクロツ・フュン	ブラウクロツ・フュン	青色十字·伍	gunlance	l2f8c
Fairness	フェアネス	公正銃槍	gunlance	l01ee
Type 0 Fairness	フェアネス零式	公正銃槍零式	gunlance	l039e
Type 100 Fairness	フェアネス百式	公正銃槍百式	gunlance	l039f
True Fairness	フェアネス真式	公正銃槍真式	gunlance	l0f4e
Rathalos Cannon	火竜銃槍	火龍銃槍	gunlance	l04b3
Burning Rathalos Cannon	火竜銃槍【酸撃】	火龍銃槍【酸擊】	gunlance	l04b4
Extreme Rathalos Cannon	火竜銃槍【黒烈】	火龍銃槍【黑烈】	gunlance	l04b5
Crimson Rathalos Cannon	火竜銃槍【閃紅】	火龍銃槍【閃紅】	gunlance	l04b6
Black Geber Hasta I	ゲベアハスタⅠ【黒】	長戟步槍Ⅰ【黑】	gunlance	l0f3a
Black Geber Hasta II	ゲベアハスタⅡ【黒】	長戟步槍Ⅱ【黑】	gunlance	l0f3b
Black Geber Hasta III	ゲベアハスタⅢ【黒】	長戟步槍Ⅲ【黑】	gunlance	l0f3c
Rhongomyniat	ロンゴミニアト	征討之槍	gunlance	l0f3d
Arthur Blast	アルテュールブラスト	阿爾蒂爾暴風	gunlance	l1b7b
Arthur Gaze	アルテュールゲイズ	阿爾蒂爾凝視	gunlance	l212d
Arthurizer	アルテューライザ	阿爾蒂爾龍騎	gunlance	l2376
Arthurvalser	アルテューバルサー	阿爾蒂爾黑木	gunlance	l2dbf
Arthurslayer	アルテュースレイヤー		gunlance	l3ca0
Yellow Geber Hasta I	ゲベアハスタⅠ【黄】	長戟步槍Ⅰ【黃】	gunlance	l0f4a
Yellow Geber Hasta II	ゲベアハスタⅡ【黄】	長戟步槍Ⅱ【黃】	gunlance	l0f4b
Yellow Geber Hasta III	ゲベアハスタⅢ【黄】	長戟步槍Ⅲ【黃】	gunlance	l0f4c
Brionac	ブリューナク	雷閃銃槍	gunlance	l0f4d
Brunak F	ブリューナクＦ	雷閃銃槍F	gunlance	l1d98
Maelstrom	ミールストーム	迅雷銃槍	gunlance	l212e
Alto Gunlance I	アルトガンランスⅠ	非凡銃槍Ⅰ	gunlance	l0f46
Alto Gunlance II	アルトガンランスⅡ	非凡銃槍Ⅱ	gunlance	l0f47
Alto Gunlance III	アルトガンランスⅢ	非凡銃槍Ⅲ	gunlance	l0f48
Romulus	ロムルス	狼之子	gunlance	l0f49
Fairy	フェアリィ	幻想	gunlance	l11f8
Type 0 Fairy	フェアリィ零式	幻想零式	gunlance	l11f9
Type 100 Fairy	フェアリィ百式	幻想百式	gunlance	l11fa
True Fairy	フェアリィ真式	幻想真式	gunlance	l11fb
FMX	ＦＭＸ	ＦＭＸ	gunlance	l13f0
"FMX""Core"""	ＦＭＸ【Ｃｏｒｅ】	ＦＭＸ【Ｃｏｒｅ】	gunlance	l13f1
"FMX""Pro"""	ＦＭＸ【Ｐｒｏ】	ＦＭＸ【Ｐｒｏ】	gunlance	l13f2
"FMX""Elite"""	ＦＭＸ【Ｅｌｉｔｅ】	ＦＭＸ【Ｅｌｉｔｅ】	gunlance	l13f3
"FMX ""Slim"""	ＦＭＸ【Ｓｌｉｍ】	ＦＭＸ【Ｓｌｉｍ】	gunlance	l212c
Boomstick	ブームスティック	狂潮銃槍	gunlance	l1512
Dead Shot	デッドショット	天誅銃槍	gunlance	l1513
Dead Slug	デッドスラッグ	亂鬥銃槍	gunlance	l1514
Dead Riot	デッドライオット	暴動銃槍	gunlance	l1515
Moldenpierce I	モルデノペイラスⅠ	蔚藍紳士Ⅰ	gunlance	l12e7
Moldenpierce II	モルデノペイラスⅡ	蔚藍紳士Ⅱ	gunlance	l12e8
Moldenpierce III	モルデノペイラスⅢ	蔚藍紳士Ⅲ	gunlance	l12e9
Ansmogpurea	アンスモゲピューラ	湛藍紳士	gunlance	l12ea
Olga Warthog	オルガウォソグ	響狼銃槍	gunlance	l1649
Olga Slinger	オルガスリンガー	響狼投者	gunlance	l164a
Olga Schwein	オルガシュエイン	響狼飛輪	gunlance	l164b
Olga Panzer	オルガパンツァー	響狼戰車	gunlance	l164c
C837・オルガアルクス	オルガアルクス		gunlance	l37c8
Axis Idea I	アクシリスイデアⅠ	理型勇士Ⅰ	gunlance	l1a13
Axis Idea II	アクシリスイデアⅡ	理型勇士Ⅱ	gunlance	l1a14
Axis Idea III	アクシリスイデアⅢ	理型勇士Ⅲ	gunlance	l1a15
Excellius Saber	エクセリオスソダー	卓越戰士	gunlance	l1a16
Excalibur	エクセリオスワード	卓越箴言	gunlance	l212b
Excellius Light	エクセリオスライト	卓越之光	gunlance	l2377
C12D・エクセリオスヘレス	エクセリオスヘレス	卓越異教徒	gunlance	l2dc1
Ixaga Cannon	イクサガキャノン	伊克傳說加農	gunlance	l2127
Ixaga Force	イクサガフォース	伊克傳說戰力	gunlance	l2128
Ixaga Gazer	イクサガゲイザ―	伊克傳說凝視者	gunlance	l2129
Ixaga Blaze	イクサガブレイズ	伊克傳說火焰	gunlance	l212a
0F24・ガンドシュレディング	ガンドシュレディング	咒擊銃槍	gunlance	l240f
8D2F・グリュクロツ・アイ	グリュクロツ・アイ	鶴色十字·壹	gunlance	l2f8d
8E2F・グリュクロツ・ヴァイ	グリュクロツ・ヴァイ	鶴色十字·貳	gunlance	l2f8e
8F2F・グリュクロツ・ライ	グリュクロツ・ライ	鶴色十字·參	gunlance	l2f8f
902F・グリュクロツ・フィア	グリュクロツ・フィア	鶴色十字·肆	gunlance	l2f90
912F・グリュクロツ・フュン	グリュクロツ・フュン	鶴色十字·伍	gunlance	l2f91
Felyoshka	アイリューシカ	アイリューシカ	gunlance	l34c1
Felicitous Felyoshka	アイリューシカ改	アイリューシカ改	gunlance	l34c2
Fortuitous Felyoshka	福福アイリューシカ	福福アイリューシカ	gunlance	l34c3
972F・リーラクロツ・アイ	リーラクロツ・アイ		gunlance	l2f97
982F・リーラクロツ・ヴァイ	リーラクロツ・ヴァイ		gunlance	l2f98
992F・リーラクロツ・ライ	リーラクロツ・ライ		gunlance	l2f99
9A2F・リーラクロツ・フィア	リーラクロツ・フィア		gunlance	l2f9a
9B2F・リーラクロツ・フュン	リーラクロツ・フュン		gunlance	l2f9b
832F・ロトクロツ・アイ	ロトクロツ・アイ		gunlance	l2f83
842F・ロトクロツ・ヴァイ	ロトクロツ・ヴァイ		gunlance	l2f84
852F・ロトクロツ・ライ	ロトクロツ・ライ		gunlance	l2f85
862F・ロトクロツ・フィア	ロトクロツ・フィア		gunlance	l2f86
872F・ロトクロツ・フュン	ロトクロツ・フュン		gunlance	l2f87
A12F・シュネクロツ・アイ	シュネクロツ・アイ		gunlance	l2fa1
A22F・シュネクロツ・ヴァイ	シュネクロツ・ヴァイ		gunlance	l2fa2
A32F・シュネクロツ・ライ	シュネクロツ・ライ		gunlance	l2fa3
A42F・シュネクロツ・フィア	シュネクロツ・フィア		gunlance	l2fa4
A52F・シュネクロツ・フュン	シュネクロツ・フュン		gunlance	l2fa5
Enemy Within	エネミーウィズイン	仇敵之心	gunlance	l3194
Menti Cannon	メンティキャノン	受選銃槍	gunlance	l320a
Dead End	デッドエンド	デッドエンド	gunlance	l3348
"Rondo Cannon ""Iron"""	煉舞ノ銃槍【黒金】		gunlance	l405d
"Rondo Cannon ""Triple"""	煉舞ノ銃槍【三重】		gunlance	l405e
"Rondo Cannon ""Devas"""	煉舞ノ銃槍【仁王】		gunlance	l405f
"Rondo Cannon ""Target"""	煉舞ノ銃槍【安土】		gunlance	l4060
Renka Shot	煉華ノ銃槍		gunlance	l3f9d
"Renka Shot ""Narcissus"""	煉華ノ銃槍【水仙】		gunlance	l3f9e
"Renka Shot ""Poeticus"""	煉華ノ銃槍【水仙鳥】		gunlance	l3f9f
"Renka Shot""Lightscatter"""	煉華ノ銃槍【散光】		gunlance	l3fa0
Lethe Gun	煉獄ノ銃槍		gunlance	l435c
"Lethe Gun ""Anarchy"""	煉獄ノ銃槍・反抗		gunlance	l435d
"Lethe Gun ""Wish"""	煉獄ノ銃槍・願望		gunlance	l435e
"Lethe Gun ""Tsukumogami"""	煉獄ノ銃槍【付喪神】		gunlance	l435f
Sign of the Winner	サインオブザウィナー		gunlance	l41ee
Usurper's Roar	王銃槍ゴウライ	王銃槍ゴウライ	gunlance	l34da
Despot's Phlogiston	王牙銃槍【火雷】	王牙銃槍【火雷】	gunlance	l34db
Oppressor's Skyfall	真・王牙銃槍【震天】	真·王牙銃槍【震天】	gunlance	l34dc
Hatred Gunlance	愚欲の銃槍	愚欲の銃槍	gunlance	l3529
Insatiable Gunlance	暴銃槍グラグリード	暴銃槍グラグリード	gunlance	l352a
Nero Greed	ネロ＝グリード	ネロ＝グリード	gunlance	l352b
Dios Buster	ディオスガンランス		gunlance	l3543
Blast Buster	爆砕の銃槍		gunlance	l3544
Lightbreak Buster	破岩銃槍ズヴォルタ		gunlance	l3545
Hidden Gunlance	ヒドゥンガンランス		gunlance	l3882
Fading Night	ヒドゥンガンランス改		gunlance	l3883
Avidya Gunlance	夜銃槍【残月】		gunlance	l3884
Brimstren Drakeblood	獄銃槍リュウケツ		gunlance	l3a36
Brimstren Drakeblood α	獄銃槍リュウケツ改		gunlance	l3a37
Stygian Avaritia	狼牙銃槍【貪獄】		gunlance	l3a38
Tyrannenarm	アームofティラン		gunlance	l3bc5
Verraterarm	アームofトリーズ		gunlance	l3bc6
Hochmutsarm	アームofアロガン		gunlance	l3bc7
L'Onde	THEインパルス		gunlance	l3ce0
Le Mur	THEウォール		gunlance	l3ce1
La Forteresse	THEフォートレス		gunlance	l3ce2
Ominous Monsoon	凶銃槍【瑞雨】		gunlance	l3eda
Heavenly Dusk	天嵐ノ銃槍【春茜】		gunlance	l3edb
Celestial Gunlance	太虚ノ銃槍【滔天】		gunlance	l3edc
Jaya Gunlance	アスファアルダナブ		gunlance	l3fe3
Riotous Gunlance	叛銃槍アルダナブ		gunlance	l3fe4
Jaya Rebellion	乱叛銃槍アルダナブ		gunlance	l3fe5
Thorntusk Rosenfall	棘牙銃槍ローゼンファ		gunlance	l3b0b
Thorntusk Rosenblatt	棘牙銃槍ローゼンパル		gunlance	l3b0c
Thorntusk Rosenspiel	棘牙銃槍ローゼンビレ		gunlance	l3b0d
Thorntusk Rosenzorn	棘牙銃槍ローゼンツン		gunlance	l3b0e
Feather Tricky	フェザートリッキー		gunlance	l3b1f
Feather Light	フェザーライト		gunlance	l3b20
Feather Illusion	フェザーフェロウ		gunlance	l3b21
Feather Magic	フェザーマジック		gunlance	l3b22
"Flameglance ""Yaftalk"""	火竜猛銃槍ヤフタレク		gunlance	l3bd7
"Flameglance ""Fotier"""	火竜猛銃槍フォティア		gunlance	l3bd8
"Flameglance ""Feiska"""	火竜猛銃槍ファイスカ		gunlance	l3bd9
"Flameglance ""Leofolga"""	火竜猛銃槍リオフロガ		gunlance	l3bda
Vashim Gemu	ヴァシム・ジェムゥ		gunlance	l3c67
Vashim Genma	ヴァシム・ゲンマ		gunlance	l3c68
Vashim Sfer	ヴァシム・スフェル		gunlance	l3c69
Vashim Vaoyu	ヴァシムーンバオユ		gunlance	l3c6a
Snowy Mist	シュエテュレイラ		gunlance	l3d03
Subzero Mist	ヒョニテュレイラ		gunlance	l3d04
Crystal Mist	ニエベテュレイラ		gunlance	l3d05
Iceberg Frostorm	フロストテューレ		gunlance	l3d06
Ganoline	ガノリィン		gunlance	l3e47
Ganoscale	ガノスケイル		gunlance	l3e48
Ganocherish	ガノチェッシュ		gunlance	l3e49
Ganochief	ガノンシーフ		gunlance	l3e4a
"Torid Gunlance ""Island"""	トリドサイズ		gunlance	l3f5f
"Torid Gunlance ""Tides"""	トリドバングス		gunlance	l3f60
"Torid Gunlance ""Gravel"""	トリドビヤーグ		gunlance	l3f61
"Torid Gunlance ""Debris"""	トリド・デイ		gunlance	l3f62
"Dark Gun ""Ptyonoprogne"""	絶極冥雷銃槍【岩燕】		gunlance	l3f6f
"Dark Gun ""Apus"""	絶極冥雷銃槍【雨燕】		gunlance	l3f70
"Dark Gun ""Hydrobates"""	絶極冥雷銃槍【海燕】		gunlance	l3f71
"Dark Gun ""Hirundo"""	絶極冥雷銃槍【帰燕】		gunlance	l3f72
"Anoru Shot ""Onskar"""	ゼーゲ・オンスカー		gunlance	l412d
"Anoru Shot ""Drop"""	ゼーゲ・ドロップ		gunlance	l412e
"Anoru Shot ""Matalim"""	ゼーゲ・マテリム		gunlance	l412f
"Anoru Shot ""Schmerz"""	ゼーゲ・シュメルツ		gunlance	l4130
Eryu Xinzisu	エリュー・ケイス		gunlance	l41db
Eryu Keisu	エリュー・ケイネス		gunlance	l41dc
Eryu Kei	エリュー・レーベン		gunlance	l41dd
Eryu Nesu	エリュー・ヴォンバル		gunlance	l41de
"Magma Buster ""Chalced"""	岩漿鎧銃槍カルセド		gunlance	l4293
"Magma Buster ""Onyx"""	岩漿鎧銃槍オニクシス		gunlance	l4294
"Magma Buster ""Crystal"""	岩漿鎧銃槍クリスタ		gunlance	l4295
"Magma Buster ""Diamond"""	岩漿鎧銃槍ダイモンド		gunlance	l4296
"Harudo Blast ""Tarusu"""	司銀銃槍タルス		gunlance	l445b
"Harudo Blast ""Shiriburo"""	司銀銃槍シリブロー		gunlance	l445c
"Harudo Blast ""Norisosu"""	司銀銃槍ノリソス		gunlance	l445d
"Harudo Blast ""Zervelle """	司銀銃槍ゼルヴェル		gunlance	l445e
"Composer Cannon ""Intro"""	歌唄ノ銃槍【前奏】		gunlance	l3b9a
"Composer Cannon ""Chorus"""	歌唄ノ銃槍【中奏】		gunlance	l3b9b
"Composer Cannon ""Encore"""	歌唄ノ銃槍【後奏】		gunlance	l3b9c
"Prayer Shot ""Prelude"""	歌踊ノ銃槍【前奏】		gunlance	l3d51
"Prayer Shot ""Interlude"""	歌踊ノ銃槍【中奏】		gunlance	l3d52
"Prayer Shot ""Finale"""	歌踊ノ銃槍【後奏】		gunlance	l3d53
"Recital Cannon ""Prelude"""	歌詠ノ銃槍【前奏】		gunlance	l3fb8
"Recital Cannon ""Chorus"""	歌詠ノ銃槍【中奏】		gunlance	l3fb9
"Recital Cannon ""Encore"""	歌詠ノ銃槍【後奏】		gunlance	l3fba
"Melody Cannon ""Prelude"""	歌奏ノ銃槍【前奏】		gunlance	l416c
"Melody Cannon ""Chorus"""	歌奏ノ銃槍【中奏】		gunlance	l416d
"Melody Cannon ""Encore"""	歌奏ノ銃槍【後奏】		gunlance	l416e
"Enrapture Shot ""Intro"""	歌繋ノ銃槍【前奏】		gunlance	l4381
"Enrapture Shot ""Chorus"""	歌繋ノ銃槍【中奏】		gunlance	l4382
"Enrapture Shot ""Encore"""	歌繋ノ銃槍【後奏】		gunlance	l4383
922F・ゲルブクロツ・アイ	ゲルブクロツ・アイ		gunlance	l2f92
932F・ゲルブクロツ・ヴァイ	ゲルブクロツ・ヴァイ		gunlance	l2f93
942F・ゲルブクロツ・ライ	ゲルブクロツ・ライ		gunlance	l2f94
952F・ゲルブクロツ・フィア	ゲルブクロツ・フィア		gunlance	l2f95
962F・ゲルブクロツ・フュン	ゲルブクロツ・フュン		gunlance	l2f96
A62F・ヴァルクロツ・アイ	ヴァルクロツ・アイ		gunlance	l2fa6
A72F・ヴァルクロツ・ヴァイ	ヴァルクロツ・ヴァイ		gunlance	l2fa7
A82F・ヴァルクロツ・ライ	ヴァルクロツ・ライ		gunlance	l2fa8
A92F・ヴァルクロツ・フィア	ヴァルクロツ・フィア		gunlance	l2fa9
AA2F・ヴァルクロツ・フュン	ヴァルクロツ・フュン		gunlance	l2faa
→Stainolexis II	→ステンオレクシスⅡ	→ステンオレクシスⅡ	gunlance	l12ec
Stainolexis I←	ステンオレクシスⅠ←	ステンオレクシスⅠ←	gunlance	l12eb
→Stainolexis III	→ステンオレクシスⅢ	→ステンオレクシスⅢ	gunlance	l12ed
→Stainolexis IV	→ステンオレクシスⅣ	→ステンオレクシスⅣ	gunlance	l12ee
Iron Hammer	アイアンハンマー	鐵錘	hammer	l0037
Iron Hammer+	アイアンハンマー改	鐵錘·改	hammer	l0038
War Hammer	ウォーハンマー	戰錘	hammer	l0039
War Mace	ウォーメイス	戰爭權杖	hammer	l003b
Iron Striker	アイアンストライク	鋼鐵打擊錘	hammer	l003c
Iron Impact	アイアンインパクト	鋼鐵衝擊錘	hammer	l003f
Machalite Impact	マカライトインパクト	燕雀衝擊	hammer	l02a6
Dragonite Hammer	ドラグライトハンマー	輝龍錘	hammer	l02a7
Union Impact	ユニオンインパクト	白鳩衝擊	hammer	l02a8
Solid Impact	ソリッドインパクト	鋼硬衝擊	hammer	l11ac
Jail Hammer	ジェイルハンマー	牢獄錘	hammer	l005a
Binder Mace	バインドキューブ	電擊錘	hammer	l00d6
Alcatraz	アルカトラズ	惡魔島	hammer	l02dc
Cassandra	カサンドラ	悲劇預言者	hammer	l051b
Ice Hammer	アイスハンマー	冰大錘	hammer	l021b
Frozen Hammer	フローズンハンマー	冰霜錘	hammer	l021c
Frost Breaker	フロストブレイカー	冰霜破壞者	hammer	l02a9
Degenerator	ディジェネレーター	衰變錘	hammer	l02aa
Escarcha	エスカルチャ	寒霜	hammer	l0faf
Spike Hammer	スパイクハンマー	釘錘	hammer	l0040
Spike Hammer+	スパイクハンマー改	釘錘·改	hammer	l0041
Crystal Hammer	クリスタルロック	水晶針錘	hammer	l0042
Crystal Nova	クリスタルノヴァ	水晶新星錘	hammer	l0043
Great Nova	グレートノヴァ	超級新星	hammer	l0132
Stella Fisso	ステッラ・フィッサ	恆星重錘	hammer	l10a0
Bone Hammer	ボーンハンマー	骨錘	hammer	l004e
Bone Hammer+	ボーンハンマー改	骨錘·改	hammer	l004f
Cyclops Hammer	サイクロプスハンマー	獨眼巨人錘	hammer	l0050
Atlas Hammer	アトラスハンマー	擎天神錘	hammer	l0052
Kut-Ku Jaw	クックジョー	怪鳥下顎	hammer	l0055
Kut-Ku Pick	クックピック	怪鳥頭錘	hammer	l0131
Kut-Ku Grudge	クックグラッジ	大怪鳥錘	hammer	l02ab
Mystery Hammer Kut-Ku	怪鎚イャンクック	怪錘怪鳥	hammer	l02ac
Wonder Hammer Kut-Ku	怪怪鎚イャンクック	怪怪鎚怪鳥	hammer	l0deb
Violence Hammer	バイオレンスジョー	暴力下顎	hammer	l01b6
Death Venom Hammer	ヴェノムモンスター	劇毒怪物	hammer	l0045
Death Venom Head	デスヴェノムヘッド	致命劇毒頭	hammer	l0f0e
Death Venom Tank	デスヴェノムタンク	致命劇毒坦克	hammer	l1d17
Fucciane	ファッチャーヌ	巨大怪鳥頭錘	hammer	l1ae7
Skull Crush	スカルクラッシュ	顱骨粉碎者	hammer	l0053
Skull Crush+	スカルクラッシュ改	顱骨粉碎者·改	hammer	l0054
Blos Tail	ブロステイル	角龍尾錘	hammer	l0059
Finishing Hammer	破鎚シャッター	破錘閘門	hammer	l00d4
Twin Blos Hammer	ツインブロスハンマー	雙角錘	hammer	l003e
Diablo Chaos Breaker	角竜鎚カオスレンダー	角龍錘混沌賦予者	hammer	l01ae
Kakuya Hammer Chaos	角耀鎚カオスヘイト	角耀錘混沌仇視者	hammer	l19b0
Combat Hammer	コーンヘッドハンマー	寒冰錘	hammer	l004b
Conehead Hammer+	コーンヘッドハンマ改	寒冰錘·改	hammer	l01a9
Great Cone	グレートコーン	巨大頭骨錘	hammer	l0056
Shocking Cone	ショッキングコーン	衝擊頭骨錘	hammer	l138e
Bone Axe	ボーンアクス	骨戰錘	hammer	l0046
Bone Axe+	ボーンアクス改	骨戰斧·改	hammer	l021d
Blood Bone Axe	ブロードボーンアクス	闊緣骨戰斧	hammer	l0048
Great Bone Axe	グレートボーンアクス	強力骨戰斧	hammer	l02ad
Brutus Axe	ブルータスアクス	大豬骨錘	hammer	l02ae
Crab Hammer	クラブハンマー	刺蟹錘	hammer	l02b0
Hydro Hammer	ハイドロスタンプ	水壓重錘	hammer	l02b1
Blue Hammer	ブルーハンマー	鐮蟹藍錘	hammer	l02b2
Aquarian Hammer	アクエリアンハンマー	水瓶座大錘	hammer	l02b3
Aquarian Bomb	アクエリアンボム	水炸彈錘	hammer	l0410
Riot	ライオット	暴動戰斧	hammer	l02af
Riot II	ライオットⅡ	暴動戰斧Ⅱ	hammer	l12b0
Blue Head Hammer	ブルヘッドハンマー	大豬頭錘	hammer	l003d
Bull Tusk Hammer	ブルタスクハンマー	豬牙大錘	hammer	l01a8
Bulldrome Head	ドスブルハンマー	豬王大錘	hammer	l02b6
Bullfango Head+	ドスブルハンマー改	豬王大錘·改	hammer	l02ff
Bullfango The Great	ドスブルザグレート	大豬無雙錘	hammer	l049a
Lobstrosity	ロブスタンプ	蝦殼錘	hammer	l0047
King Lobster Hammer	キングロブスタンプ	龍蝦王印記	hammer	l01b5
Prize Lobster King	キングロブスタント	龍蝦王絕技	hammer	l1d18
Gigaton Hammer	ギガントハンマー	巨大鎧龍錘	hammer	l0049
Gigaton Hammer+	ギガントハンマー改	巨大鎧龍錘·改	hammer	l0057
Torment Hammer	溶解鎚	溶解錘	hammer	l003a
"Torment ""Purgatory"""	溶解鎚【煉獄】	溶解錘【煉獄】	hammer	l0106
"Torment ""Hellfire"""	溶解鎚【紅焔】	溶解錘【紅焰】	hammer	l19b1
Shell Hammer	シェルハンマー	岩殼錘	hammer	l01dd
Graviton Hammer	グラビィトンハンマー	鎧龍重錘	hammer	l004d
Basalt Hammer	バソールトハンマー	玄武岩重錘	hammer	l0fb0
Aizez Hammer	アイゼスハンマー	劇寒重錘	hammer	l1ae6
Dragonhead Hammer	龍頭蓋棍	龍頭蓋棍	hammer	l0051
Ancient Relic	エンシェントレリック	遠古遺物	hammer	l01af
Ancient Parts	エンシェントパーツ	遠古零件	hammer	l0325
Proto Gun Hammer	工房試作品ガンハンマ	工房試作品槍錘	hammer	l005d
Deadly Revolver	デッドリボルバー	龍人機械錘	hammer	l005e
Sanctioned Gunhammer	正式採用機械鎚	正式採用機械錘	hammer	l012b
Sanctioned Gunhammer+	正式採用機械鎚改	正式採用機械錘·改	hammer	l0324
Strengthened Gunhammer	強化型機械鎚	強化型機械錘	hammer	l11ab
Bone Clump	骨塊	骨塊	hammer	l0063
Lrg Bone Clump	大骨塊	大骨塊	hammer	l0064
Enormous Ham	グレイトフルハム	感恩火腿	hammer	l024b
Ham of Hams	ハムオブハムズ	火腿中的火腿	hammer	l024c
Dragon Destroyer	ドラゴンデストロイ	滅龍錘	hammer	l0065
Dragon Breaker	ドラゴンブレイカー	破龍錘	hammer	l0066
Dragon Demolisher	龍壊棍	龍壞棍	hammer	l012f
Dragon Cudgel	龍滅棍	龍滅棍	hammer	l1d16
Anvil Hammer	アンヴィルハンマー	鐵砧錘	hammer	l0044
Onslaught Hammer	激鎚オンスロート	激錘猛擊	hammer	l00d5
War Stamp	ウォースタンプ	戰爭印記	hammer	l012c
War Basher	ウォーバッシュ	戰爭狂擊	hammer	l012d
War Strike	ウォーストライク	戰爭重擊	hammer	l11aa
Iron Devil	鬼鉄	鬼鐵	hammer	l0070
Devil Masher	鬼鉄丸	鬼鐵丸	hammer	l012a
Perfect Raging Masher	鬼鉄丸【怒】	鬼鐵丸【怒】	hammer	l0311
Perfect Fury Masher	鬼鉄丸【激昂】	鬼鐵丸【激昂】	hammer	l03b9
Perfect Wrath Masher	鬼鉄丸【憤怒】	鬼鐵丸【憤怒】	hammer	l0499
Fist of Fury	テッケン	鐵拳	hammer	l00d7
Ancient's Blow	エンシェントブロウ	太古之拳	hammer	l01ad
Black Kitty Hammer	くろねこハンマー	黑貓錘	hammer	l01b3
White Kitty Hammer	しろねこハンマー	白貓錘	hammer	l01b2
White Cat Strike	しろねこストライク	白貓重錘	hammer	l19b2
Gold Kitty Hammer	きんねこハンマー	金貓錘	hammer	l01b4
Fatalis Buster	ミラバスター	黑龍毀滅者	hammer	l01d9
Fatalis Blaster	バルカンバスター	赤黑龍毀滅者	hammer	l01db
Twisted Black Dragon H.	黒龍破槌【捻】	黑龍破槌【捻】	hammer	l1ae8
White Fatalis Buster	ミラアンセスバスター	袓龍毀滅者	hammer	l01dc
White Fatalis Crusher	祖龍破鎚【砕】	祖龍破鎚【碎】	hammer	l03b7
Ice Cube	氷塊	冰塊	hammer	l02b4
Mega Ice Cube	大氷塊	大冰塊	hammer	l02b5
Giga Ice Cube	巨大氷塊	巨大冰塊	hammer	l02fe
Eternal Ice Cube	永久氷塊	永久冰塊	hammer	l10a1
Teddybear	おやすみベア	晚安熊	hammer	l00e0
Dreamy Bear	ゆめみるベア	睡夢熊	hammer	l11a9
Raven Torrent	スイ【烏】	錘【烏】	hammer	l004c
Wolf Torrent	スイ【狼】	錘【狼】	hammer	l01ac
Black Wolf Torrent	スイ【黒狼】	錘【黑狼】	hammer	l138d
Anchor Hammer F	イカリハンマーＦ	船錨錘Ｆ	hammer	l004a
Crushing Anchor F	イカリクラッシャーＦ	船錨粉碎者Ｆ	hammer	l01ab
Ikari Destroyer	イカリデストロイヤー	船錨破壞者	hammer	l0301
Raging Tornado	イカリトルネード	船錨龍捲風	hammer	l0dea
Stripe Strike	ストライプストライク	條紋打擊錘	hammer	l02dd
Tigrex Hammer	轟槌【虎丸】	轟錘【虎丸】	hammer	l02de
Cactus Hammer	さぼてんハンマー	仙人掌錘	hammer	l0251
Green Monster	グリーンモンスター	綠色怪物	hammer	l0252
Cactus Breaker	さぼてんブレイカー	仙人掌破壞者	hammer	l0f0d
Black Frying Pan	黒鍋【好吃】	黑鍋【好吃】	hammer	l024d
One Star Silver Pot	銀鍋【喜】	銀鍋【喜】	hammer	l024e
Two Star Silver Pot	銀鍋【喜喜】	銀鍋【囍】	hammer	l024f
True Black Frying Pan	黒鍋【真好吃】	黑鍋【真好吃】	hammer	l0250
Rosen Brecher	ローゼンハンマー	薔薇錘	hammer	l0360
Rosenfaust	ローゼンファウスト	薔薇之手	hammer	l0361
Rosen Ende	ローゼンウンヴェッタ	薔薇風暴	hammer	l0362
Kaktus Hammer	カクトスハンマー	棘刺之錘	hammer	l0413
Kaktus Faust	カクトスファウスト	棘刺之手	hammer	l0414
Kaktus Unwetter	カクトスウンヴェッタ	棘刺風暴	hammer	l04c5
Perle Hammer	ペルレハンマー	珍珠錘	hammer	l1001
Perle Faust	ペルレファウスト	珍珠之手	hammer	l1002
Perle Unwetter	ペルレウンヴェッタ	珍珠風暴	hammer	l1003
Hypnoc Sleep Hammer	眠鳥剛槌【熟睡】	眠鳥剛錘【熟睡】	hammer	l038a
Hypnoc Slumber Hammer	眠鳥剛槌【爆睡】	眠鳥剛錘【爆睡】	hammer	l038b
Vashimu Hammer	ヴァシムハンマー	尾晶蠍錘	hammer	l0492
Vashimu Rock	ヴァシムロック	尾晶蠍長錘	hammer	l0493
Vashimu Impact	ヴァシムインパクト	尾晶蠍大錘	hammer	l0494
Jebia Hammer	ジェビアハンマー	灰晶蠍錘	hammer	l04d2
Jebia Rock	ジェビアロック	灰晶蠍岩錘	hammer	l04d3
Jebia Impact	ジェビアインパクト	灰晶蠍衝擊錘	hammer	l04d4
Thunderdance Hammer	舞雷鎚【百舌】	舞雷鎚【百舌】	hammer	l0e73
Owl Thunder Hammer	舞雷鎚【梟】	舞雷鎚【梟】	hammer	l0e74
Dark Thunder Hammer	冥雷鎚【百舌】	冥雷鎚【百舌】	hammer	l1385
Dark Owl Hammer	冥雷鎚【梟】	冥雷鎚【梟】	hammer	l1386
Don Stamp	ドン・スタンプ	吞·刻印	hammer	l0fab
Don Hammer	ドン・ハンマー	吞·重鎚	hammer	l0fac
Izumo Hammer	牙狼槌【出雲】	牙狼槌【出雲】	hammer	l109c
Yakumo Hammer	牙狼槌【八雲】	牙狼槌【八雲】	hammer	l109d
Poisonous Heavy Hammer	猛毒重鎚	猛毒重鎚	hammer	l12ac
Deadly Poison Hvy Hammer	劇毒重鎚	劇毒重鎚	hammer	l12ad
Wicked Poison Hvy Hammer	邪毒重鎚	邪毒重鎚	hammer	l12ae
Disastrous Poison Hammer	凶毒重鎚	兇毒重鎚	hammer	l12af
Volpe Trappola	ボルペトラッポラ	冰狐陷阱	hammer	l15e3
Volpe Contratto	ボルペコントラット	冰狐密契	hammer	l15e4
Volpe Cifra	ボルペチフラ	冰狐迷數	hammer	l15e5
Lapis Ala	ラピス＝アーラ	青金之翼	hammer	l16e9
Rupes Ala	ルーペス＝アーラ	絕壁之翼	hammer	l16ea
Chalybs Ala	カリプス＝アーラ	鋼鐵之翼	hammer	l16eb
Angry Hammer	怒髪鎚	怒髮鎚	hammer	l1968
"Angry Hammer""Small Wave"""	怒髪鎚【小波】	怒髮鎚【小波】	hammer	l1969
"Angry Hammer""Wave"""	怒髪鎚【波浪】	怒髮鎚【波浪】	hammer	l196a
Scarlet Mallet	緋骨槌	緋骨槌	hammer	l1972
"Scarlet Mallet ""Ghost"""	緋骨槌【魂飛】	緋骨槌【魂飛】	hammer	l1973
"Scarlet Mallet ""Soul"""	緋骨槌【魂銷】	緋骨槌【魂銷】	hammer	l1974
"Scarlet Mallet ""Spirit"""	緋骨槌【魂魄】	緋骨槌【魂魄】	hammer	l1975
Sand Klinge	ザンズ・クリンゲ	堅石重錘	hammer	l1ad6
Rock Klinge	ロック・クリンゲ	巨岩重錘	hammer	l1ad7
Berg Klinge	ベルグ・クリンゲ	高峰重錘	hammer	l1ad8
Taikun Hammer	多殻鎚	多殼鎚	hammer	l1ad1
"Taikun Hammer ""Santalum"""	多殻鎚【白檀】	多殼鎚【白檀】	hammer	l1ad2
"Taikun Hammer ""Buxus"""	多殻鎚【黄楊】	多殼鎚【黃楊】	hammer	l1ad3
Dark Eye Lv. I	レティノⅠ	刻龍鎚Ⅰ	hammer	l05b3
Dark Eye LV. II	レティノⅡ	刻龍鎚Ⅱ	hammer	l05b4
Dark Eye LV. III	レティノⅢ	刻龍鎚Ⅲ	hammer	l05b5
Blazing Hammer	刻竜鎚【猛火】	刻龍鎚【猛火】	hammer	l05b6
Conflagration Hammer	刻竜鎚【爆炎】	刻龍鎚【爆炎】	hammer	l05bb
Freezing Hammer	刻竜鎚【氷結】	刻龍鎚【冰結】	hammer	l05ba
Howl Hammer	刻竜鎚【咆哮】	刻龍鎚【咆哮】	hammer	l05b9
Thunderbolt Hammer	刻竜鎚【落雷】	刻龍鎚【落雷】	hammer	l05b8
Stillwater Hammer	刻竜鎚【止水】	刻龍鎚【止水】	hammer	l05b7
"Hadean Mace ""Infernal"""	刻竜獄鎚【爆炎】	刻龍獄鎚【爆炎】	hammer	l1b96
Ice Breaker Hammer	刻竜鎚【砕氷】	刻龍鎚【碎冰】	hammer	l05bf
Imperial Wrath Hammer	刻竜鎚【逆鱗】	刻龍鎚【逆鱗】	hammer	l05be
Roaring Thunder Hammer	刻竜鎚【轟雷】	刻龍鎚【轟雷】	hammer	l05bd
Flowing Water Hammer	刻竜鎚【流水】	刻龍鎚【流水】	hammer	l05bc
"Hadean Mace ""Glacier"""	刻竜獄鎚【砕氷】	刻龍獄鎚【碎冰】	hammer	l1b9a
"Hadean Mace ""Imperial"""	刻竜獄鎚【逆鱗】	刻龍獄鎚【逆鱗】	hammer	l1b99
"Hadean Mace ""Thunder"""	刻竜獄鎚【轟雷】	刻龍獄鎚【轟雷】	hammer	l1b98
"Hadean Mace ""River"""	刻竜獄鎚【流水】	刻龍獄鎚【流水】	hammer	l1b97
"CarvdDrgnHammer""Flame"""	刻竜獄鎚【業焔】	刻龍獄鎚【業焰】	hammer	l22a9
"CarvdDrgnHammer""Freeze"""	刻竜獄鎚【烈凍】	刻龍獄鎚【烈凍】	hammer	l22ad
"CarvdDrgnHammer""Clarity"""	刻竜獄鎚【諦観】	刻龍獄鎚【諦觀】	hammer	l22ac
"CarvdDrgnHammer""Thunder"""	刻竜獄鎚【雷迅】	刻龍獄鎚【雷迅】	hammer	l22ab
"CarvdDrgnHammer""Torrent"""	刻竜獄鎚【轟流】	刻龍獄鎚【轟流】	hammer	l22aa
Black Belt Hammer	クロオビハンマー	黑帶戰錘	hammer	l0134
Expert Hammer	タツジンハンマー	達人戰錘	hammer	l0135
Expert Hammer+	タツジンハンマー改	達人戰錘·改	hammer	l0300
Kaiden Hammer	カイデンハンマー	出師錘	hammer	l03a9
Basarios Blow	バサルブロウ	岩龍打擊錘	hammer	l0058
Basarios Bash	バサルバッシュ	岩龍猛擊	hammer	l01b0
Basarios Bash+	バサルバッシュ改	岩龍猛擊·改	hammer	l0310
Rusted Hammer	凄くさびた槌	嚴重鏽化的錘	hammer	l005f
Tarnished Hammer	さびた槌	鏽化的錘	hammer	l0060
Breath Core Hammer	ブレス・コア	氣流·核心	hammer	l0062
Breath Core+	ブレス・コア改	氣流·核心·改	hammer	l0326
Genocide Core	ジェノサイド・コア	屠殺核心	hammer	l0412
Jadeite Mace	ジェイダイトメイス	翡翠轟錘	hammer	l005b
Jade Mace	ジェイドメイス	翡翠錘	hammer	l005c
Lunastra's Crown	ナナ＝トリ	炎妃霸者	hammer	l01aa
Luna's Breaker	ナナ＝ブレイカー	炎妃破壞者	hammer	l03b8
Worn Hammer	凄く風化した槌	嚴重風化的錘	hammer	l0136
Weathered Hammer	風化した槌	風化錘	hammer	l0137
Pulsating Core	パルセイト・コア	脈動核心	hammer	l0139
Steel Ice Hammer	鋼氷棍	鋼冰棍	hammer	l0061
Daora's Collosus	コロサル＝ダオラ	巨大鋼龍錘	hammer	l01b1
Daora's End	ダオラ＝エンデ	末日鋼龍錘	hammer	l0411
Daora's Fin	ダオラ＝フィン	終焉鋼龍錘	hammer	l1f03
Moss Masher	モスインパクト	菌豬衝擊錘	hammer	l030b
Gravios Impact+	モスインパクト改	菌豬衝擊錘·改	hammer	l049b
Gravios Deep Blow	ディープモスブロー	深邃菌豬打擊錘	hammer	l049c
Catspaw Hammer	肉球ハンマー	肉球錘	hammer	l030c
Catspaw Hammer+	肉球ハンマー改	肉球錘·改	hammer	l049d
Marvelous Catspaw Hammer	驚愕の肉球ハンマー	驚愕的肉球錘	hammer	l049e
Flail	剛槌【壱転】	剛槌【壹轉】	hammer	l10a2
Revolving Flail	剛槌【弐転】	剛槌【貳轉】	hammer	l10a3
Spinning Flail	剛槌【参転】	剛槌【參轉】	hammer	l10a4
Whirling Flail	剛槌【大回転】	剛槌【大回轉】	hammer	l10a5
Puppet Quarter	パペットクォーター	四分之一玩偶	hammer	l14a3
Puppet Half	パペットハーフ	二分之一玩偶	hammer	l14a4
Puppet Eighteen	パペットエイティーン	十八歲玩偶	hammer	l14a5
Puppet Pure	パペットピュア	純粹玩偶	hammer	l14a6
Puppet Time	パペットタイム	玩偶時間	hammer	l19b3
6F20・コンヘラ・スマッシャ	コンヘラ・スマッシャ	冰雪擊破	hammer	l206f
Caravan Hammer I	キャラバンハンマーⅠ	商隊大錘Ⅰ	hammer	l0dec
Caravan Hammer II	キャラバンハンマーⅡ	商隊大錘Ⅱ	hammer	l0ded
Caravan Hammer III	キャラバンハンマーⅢ	商隊大錘Ⅲ	hammer	l0dee
Caravan Hammer IV	キャラバンハンマーⅣ	商隊大錘Ⅳ	hammer	l0def
Caravan Hammer V	キャラバンハンマーⅤ	商隊大錘Ⅴ	hammer	l0df0
Caravan Hammer VI	キャラバンハンマーⅥ	商隊大錘Ⅵ	hammer	l1207
Caravan Sledge	キャラバン破槌	商隊破鎚	hammer	l2d93
Caravan Sledge II	キャラバン破槌Ⅱ	商隊破鎚Ⅱ	hammer	l2d94
Caravan Sledge III	キャラバン破槌Ⅲ	商隊破鎚Ⅲ	hammer	l2d95
Argen Mace	アルゲンメイス	鋼金儀式錘	hammer	l1864
Argen Hammer	アルゲンハンマー	鋼金大錘	hammer	l1865
Zilva Gebet	ジルバゲベート	銀白祝禱	hammer	l1866
Zilva Gehorsam	ジルバホルザム	銀白百合	hammer	l1867
Epidosis Bind I	エピドシスバインドⅠ	進化錘Ⅰ	hammer	l1e4b
Epidosis Bind II	エピドシスバインドⅡ	進化錘Ⅱ	hammer	l1e4c
Epidosis Bind III	エピドシスバインドⅢ	進化錘Ⅲ	hammer	l1e4d
Cambrio Relic I	カンビオレリックⅠ	幻化流傳Ⅰ	hammer	l1e4e
Cambrio Relic II	カンビオレリックⅡ	幻化流傳Ⅱ	hammer	l1e4f
Cambrio Relic III	カンビオレリックⅢ	幻化流傳Ⅲ	hammer	l1e50
Infinity Mace	イニティメイス	初始儀式錘	hammer	l20b1
Shipler Mace	シプレラメイス	元祖儀式錘	hammer	l2150
Berum Mace SPI	ベルムメイスSPⅠ	暗幕儀式錘SPⅠ	hammer	l2151
Berum Mace SPIV	ベルムメイスSPⅣ	暗幕儀式錘SPⅣ	hammer	l2152
Berum Mace SPVII	ベルムメイスSPⅦ	暗幕儀式錘SPⅦ	hammer	l2153
Parone Hammer I	パローネハンマーⅠ		hammer	l36e2
Parone Hammer II	パローネハンマーⅡ		hammer	l36e3
Parone Hammer III	パローネハンマーⅢ		hammer	l36e4
Blaze Mallet	炎槌	炎槌	hammer	l1389
Firelight Mallet	炎槌【火影】	炎槌【火影】	hammer	l138a
Incandescent Mallet	炎槌【灼熱】	炎槌【灼熱】	hammer	l138b
Hellfire Mallet	炎槌【業火】	炎槌【業火】	hammer	l138c
Redclaw Hammer	紅爪ノ鎚	紅爪之鎚	hammer	l15db
Redclaw Striker	紅爪ノ鎚【打】	紅爪之鎚【打】	hammer	l15dc
Redclaw Demolisher	紅爪ノ鎚【壊】	紅爪之鎚【壞】	hammer	l15dd
Redclaw Destroyer	紅爪ノ鎚【破】	紅爪之鎚【破】	hammer	l15de
Inno	イノ	黑狼鳥錘	hammer	l15df
Innocence	イノセンス	無垢之黑狼鳥錘	hammer	l15e0
Innovation	イノヴェイション	革新之黑狼鳥錘	hammer	l15e1
In The Foremost	イノイチバン	頂峰之黑狼鳥錘	hammer	l15e2
Venom Impact	ヴェノムインパクト	猛毒衝擊	hammer	l1894
Panzer Venom	パンツァーヴェノム	猛毒坦克	hammer	l1895
Venom Fels	ヴェノムフェルス	猛毒詩篇	hammer	l1896
Ultimate Venom	アルティメトヴェノム	萬毒	hammer	l1897
"HypnoUltimMallet""Sleep"""	眠鳥究極槌【睡眠】	眠鳥究極槌【睡眠】	hammer	l1898
"HypnoUltimMallet""Slumbr"""	眠鳥究極槌【熟睡】	眠鳥究極槌【熟睡】	hammer	l1899
"HypnoUltimMallet""Coma"""	眠鳥究極槌【爆睡】	眠鳥究極槌【爆睡】	hammer	l189a
"HypnoUltimMallet""Death"""	眠鳥究極槌【永眠】	眠鳥究極槌【永眠】	hammer	l189b
Bull Meteor Hammer	ブルメテオハンマー	流星野豬大錘	hammer	l196d
Bull Meteor Shock	ブルメテオショック	流星野豬衝擊	hammer	l196e
Bull Meteor Break	ブルメテオブレイク	流星野豬擊破者	hammer	l196f
Bull Meteor Strike	ブルメテオストライク	流星野豬打擊者	hammer	l1970
Cactus Rumble	カクトスランブル	棘刺地鳴	hammer	l1add
Cactus Shock	カクトスショック	棘刺震擊	hammer	l1ade
Cactus Meteor	カクトスメテオ	棘刺流星	hammer	l1adf
Cactus Ash	カクトスアーシュ	棘刺大地	hammer	l1ae0
Dragon Hammer	竜槌	龍槌	hammer	l1cf9
"Dragon Hammer ""Crush"""	竜槌【打】	龍槌【打】	hammer	l1cfa
"Dragon Hammer ""Break"""	竜槌【破】	龍槌【破】	hammer	l1cfb
"Dragon Hammer ""Broken"""	竜槌【壊】	龍槌【壞】	hammer	l1cfc
Crystal Glimmer Hammer	晶鎚シンマ	晶鎚微光	hammer	l3196
Crystal Shimmer Hammer	晶鎚シーイン	晶鎚閃爍	hammer	l3197
Crystal Light Hammer	晶鎚ドゥール	晶鎚光芒	hammer	l3198
Crystal Dazzle Hammer	晶鎚ダズール	晶鎚眩目	hammer	l3199
Breaking Empress Hammer	妃龍鎚【破】	妃龍鎚【破】	hammer	l31a6
Intense Empress Hammer	妃龍鎚【激】	妃龍鎚【激】	hammer	l31a7
Flourish Empress Hammer	妃龍鎚【奮】	妃龍鎚【奮】	hammer	l31a8
Rising Empress Hammer	妃龍鎚【昂】	妃龍鎚【昂】	hammer	l31a9
Kirin Apparition	幻雷鎚【雷鳴】	幻雷鎚【雷鳴】	hammer	l0de8
Raiden Apparition	幻雷鎚【雷電】	幻雷鎚【雷電】	hammer	l0de9
Thunderbolt Apparition	幻雷獄鎚【招雷】	幻雷獄鎚【招雷】	hammer	l1971
Thunderbreak Apparition	幻雷獄鎚【裂雷】	幻雷獄鎚【裂雷】	hammer	l1f17
Plasma Apparition	幻雷獄鎚【大散雷】	幻雷獄鎚【大散雷】	hammer	l22b0
Thunderstorm Apparition	幻雷烈鎚【天疾雷】	幻雷烈鎚【天疾雷】	hammer	l33d1
Lightingbolt Apparition	幻雷始鎚【疾風迅雷】	幻雷始鎚【疾風迅雷】	hammer	l329e
Raven Hammer	真舞雷鎚【鴉】	真舞雷鎚【鴉】	hammer	l0e75
Yatagarasu Hammer	真舞雷鎚【八咫烏】	真舞雷鎚【八咫鳥】	hammer	l0e76
True Goldkite Hammer	真舞雷極鎚【金鵄】	真舞雷極鎚【金鴟】	hammer	l1e4a
True Beru Thunder Hammer	真舞雷極鎚【神禽】	真舞雷極鎚【神禽】	hammer	l1f1a
B322・真舞雷極鎚【御霊】	真舞雷極鎚【御霊】	真舞雷極鎚【御靈】	hammer	l22b3
"TruDancThndrPole""Gospel"""	真舞雷極鎚【福音】	真舞雷極鎚【福音】	hammer	l27fc
Dark Raven Hammer	真冥雷鎚【鴉】	真冥雷鎚【鴉】	hammer	l1387
Dark Yatagarasu Hammer	真冥雷鎚【八咫烏】	真冥雷鎚【八咫鳥】	hammer	l1388
Nebra Malleus	ネブラマッレウス	星雲之錘	hammer	l0f0b
Nebra Lapis	ネブララピス	星雲之石	hammer	l0f0c
Dodon Crusher	ドドン・クラッシャー	吞吞·粉碎者	hammer	l0fad
Dodon Destroyer	ドドン・デストロイ	吞吞·毀滅者	hammer	l0fae
Dodonga Breaker	ドドンガ・ブレイカー	極吞吞·破壞者	hammer	l1518
Dodonga Havoc	ドドンガ・ハヴォック	極吞吞·破滅	hammer	l1f16
AF22・ドドンガ・ラバージ	ドドンガ・ラバージ	極吞吞·夢遊	hammer	l22af
Dodonga Rudra	ドドンガ・ルドラ	極吞吞·樓陀羅	hammer	l2802
9C32・ドドドンガ・エデッセ	ドドドンガ・エデッセ	ドドドンガ·エデッセ	hammer	l329c
Zuiun Hammer	天狼槌【瑞雲】	天狼槌【瑞雲】	hammer	l109e
Keiun Hammer	天狼槌【景雲】	天狼槌【景雲】	hammer	l109f
Yama Tsukami Daruma	浮岳槌【牡丹】	浮岳槌【牡丹】	hammer	l11a7
Sky Fortress Daruma	浮岳槌【天空城】	浮岳槌【天空城】	hammer	l11a8
Floating Void Sky Hammer	浮岳獄槌【虚空ノ都】	浮岳獄槌【虛空之都】	hammer	l1e49
Dragonwood Mallet	浮岳獄槌【綺羅星】	浮岳獄槌【綺羅星】	hammer	l1f19
Meteor Drgnwood Mallet	浮岳獄槌【流星】	浮岳獄槌【流星】	hammer	l22b2
Teostra Craterslag	炎王鎚【岩漿】	炎王鎚【岩漿】	hammer	l12aa
Teostra Cratermolt	炎王鎚【灼岩】	炎王鎚【灼岩】	hammer	l12ab
Teostra Eruptor	炎王獄鎚【炎岳】	炎王獄鎚【炎岳】	hammer	l0586
Teostra's Scorch	炎王獄鎚【焦土】	炎王獄鎚【焦土】	hammer	l0587
Teostra's Blacksplitter	炎王獄鎚【裂黒】	炎王獄鎚【裂黑】	hammer	l22a8
Teostra's Darkness	炎王烈鎚【黒闇】	炎王烈鎚【黑闇】	hammer	l322e
Teostra's Ex Darkness	炎王始鎚【極闇】		hammer	l39e9
Forte Comando	フォルテコマンド	沉重冰狐錘	hammer	l15e6
Forte Tiranno	フォルティランノ	極重冰狐錘	hammer	l15e7
Niger C. Ala	ニゲル・Ｃ・アーラ	暗黑·C·翼	hammer	l16ec
Niger Chalybs	ニゲル＝カリプス	暗黑·鋼鐵	hammer	l16ed
"Angry Hammer""Big Wave"""	怒髪大鎚【激浪】	怒髮大鎚【激浪】	hammer	l196b
"Angry Hammer""Giant Wave"""	怒髪大鎚【巨浪】	怒髮大鎚【巨浪】	hammer	l196c
Guren Greathammer	怒髪獄大鎚【莫浪】	怒髮獄大鎚【莫浪】	hammer	l0593
Wave Fury Hammer	怒髪獄大鎚【豪浪】	怒髮獄大鎚【豪浪】	hammer	l1f18
Wavebreak Fury H.	怒髪獄大鎚【豪破浪】	怒髮獄大鎚【豪破浪】	hammer	l22b1
"Fury Hammer ""Waves"""	怒髪獄大鎚【剛波浪】	怒髮獄大鎚【剛波浪】	hammer	l2d35
"Fury Hammer ""Tsunami"""	怒髪獄大鎚【極波浪】	怒髪獄大鎚【極波浪】	hammer	l3507
"Scarlet Mallet ""Loyalty"""	緋猛槌【忠魂】	緋猛槌【忠魂】	hammer	l1976
"Scarlet Mallet ""Ogre"""	緋猛槌【鬼哭】	緋猛槌【鬼哭】	hammer	l1977
Mt.Shintai Dragon Hammer	巨龍鎚【神体山】	巨龍鎚【神體山】	hammer	l1adb
Mt.Penglai Dragon Hammer	巨龍鎚【蓬莱】	巨龍鎚【蓬萊】	hammer	l1adc
Beten Rebell	ベーテン・レベル	祈禱·叛逆者	hammer	l1ad9
Lachen Rebell	ラッヘン・レベル	微笑·叛逆者	hammer	l1ada
"Taikun Hammer ""Juglans"""	多殻壊鎚【鬼胡桃】	多殼壞鎚【鬼胡桃】	hammer	l1ad4
"Taikun Hammer ""Lindera"""	多殻壊鎚【黒文字】	多殼壞鎚【黑文字】	hammer	l1ad5
"Mallet ""Crush"""	弩岩槌【砕】	弩岩槌【碎】	hammer	l1e45
"Mallet ""Small Crush"""	弩岩槌【小砕】	弩岩槌【小碎】	hammer	l1e46
Smasher Odi Hammer	弩岩獄槌【細砕】	弩岩獄槌【細碎】	hammer	l1e47
Dustbreak Odi Hammer	弩岩獄槌【粉塵砕】	弩岩獄槌【粉塵碎】	hammer	l1e48
AE22・弩岩獄槌【真塵砕】	弩岩獄槌【真塵砕】	弩岩獄槌【真塵碎】	hammer	l22ae
C22F・弩岩烈槌【極塵砕】	弩岩烈槌【極塵砕】	弩岩烈槌【極塵碎】	hammer	l2fc2
Tita Casco	ティタ・カスコ	狠鬥·鎧甲	hammer	l22a4
Tita Smasher	ティタ・スマッシャ	狠鬥·擊破	hammer	l22a5
Tita Escona	ティタ・エスコーナ	狠鬥·傳承	hammer	l22a6
Tita L. Dest	ティタ・Ｌ・デスト	狠鬥·L·稀世	hammer	l22a7
Zeru Basher [Light]	輝界白竜鎚【光殴】	輝界白龍鎚【光毆】	hammer	l25db
Zeru Basher [Gleam]	輝界白竜鎚【輝殴】	輝界白龍鎚【輝毆】	hammer	l25e3
Zeru Basher [Dazzle]	輝界白竜鎚【眩殴】	輝界白龍鎚【眩毆】	hammer	l25eb
Zeru Basher [Shine]	輝界白竜鎚【耀殴】	輝界白龍鎚【耀毆】	hammer	l25f3
"White World Smash ""Beat"""	輝界白竜鎚【煌殴】	輝界白龍鎚【煌毆】	hammer	l25fb
Baru Bloodhook	バル・トロール	噬血·洞穴巨人	hammer	l27ba
Baru Bloodbehemoth	バル・ベヘモト	噬血·比蒙巨獸	hammer	l27bb
Baru Bloodchemism	バル・ケズム	噬血·超巨獸	hammer	l27bc
Baru Bloodgiant	バル・ヒガンテ	噬血·超巨人	hammer	l27bd
Baru Bloodcoloss	バル・チューン	噬血·巨神兵	hammer	l27be
Baru Bloodtitan	バル・ティタン	バル·ティタン	hammer	l3296
ED27・コーレダグド	コーレダグド	玄影破錘	hammer	l27ed
Koredaito	コーレダイト	玄影破壞錘	hammer	l27ee
Koredameido	コーレダメイド	玄影破碎錘	hammer	l27ef
Koredagein	コーレダゲイン	玄影破裂錘	hammer	l27f0
Koredasukeido	コーレダスケイド	玄影破滅錘	hammer	l27f1
Koredatixeni	コーレダチェーニ		hammer	l381b
Furoru Pesante	フロルペザンテ	花漾·沉重	hammer	l2e35
Furoru Faro	フロルフェイロ	花漾·打擊	hammer	l2e36
Furoru Attack	フロルアディッカ	花漾·強襲	hammer	l2e37
Furoru Schwinger	フロルシュヴィング	花漾·喪覺	hammer	l2e38
Furoru Blunt	フロルレームング	花漾·麻痺	hammer	l2e39
Golddust Breeze Hammer	金塵翔龍鎚【風重】	金塵翔龍鎚【風重】	hammer	l2e73
Golddust Cyclone Hammer	金塵翔龍鎚【旋重】	金塵翔龍鎚【旋重】	hammer	l2e74
Golddust Stormweight H.	金塵翔龍鎚【纏重】	金塵翔龍鎚【纏重】	hammer	l2e75
Golddust Typhooon Hammer	金塵翔龍鎚【荒重】	金塵翔龍鎚【荒重】	hammer	l2e76
Golddust Tempest Hammer	金塵翔龍鎚【嵐重】	金塵翔龍鎚【嵐重】	hammer	l2e77
"HellfireHammer ""Blaze"""	炎角鎚【炎陽】	炎角鎚【炎陽】	hammer	l3217
"HellfireHammer ""Scarlet"""	炎角鎚【紅鏡】	炎角鎚【紅鏡】	hammer	l3218
"HellfireHammer ""Sun"""	炎角鎚【日暈】	炎角鎚【日暈】	hammer	l3219
"HellfireHammer ""SolFlar"""	炎角鎚【烈日】	炎角鎚【烈日】	hammer	l321a
1B32・炎角鎚【飛輪】	炎角鎚【飛輪】	炎角鎚【飛輪】	hammer	l321b
"HellfireHmmer""Lightfall"""	炎角始鎚【落暉】		hammer	l39ef
Moon Silver Hammer	司銀鎚【孤月】	司銀鎚【孤月】	hammer	l3274
Evening Silver Hammer	司銀獄鎚【月夕】	司銀獄鎚【月夕】	hammer	l3275
Fullmoon Silver Hammer	司銀獄鎚【明月】	司銀獄鎚【明月】	hammer	l3276
Newmoon Silver Hammer	司銀獄鎚【淡月】	司銀獄鎚【淡月】	hammer	l3277
Crescent Silver Hammer	司銀烈鎚【月白】	司銀烈鎚【月白】	hammer	l3278
Heavenly Moon Silver H.	司銀始鎚【天満月】	司銀始鎚【天満月】	hammer	l3279
"Fury Hammer ""Anger"""	怒貌鎚【立腹】	怒貌鎚【立腹】	hammer	l33e2
"Fury Hammer ""Wrath"""	怒貌獄鎚【怒気】	怒貌獄鎚【怒気】	hammer	l33e3
"Fury Hammer ""Rage"""	怒貌獄鎚【忿怒】	怒貌獄鎚【忿怒】	hammer	l33e4
"Fury Hammer ""Violent"""	怒貌獄鎚【激高】	怒貌獄鎚【激高】	hammer	l33e5
"Fury Hammer ""Resentment"""	怒貌烈鎚【激憤】	怒貌烈鎚【激憤】	hammer	l33e6
"Fury Hammer""Indignation"""	怒貌始鎚【憤慨】	怒貌始鎚【憤慨】	hammer	l33e7
Frostpeak Monarch Hammer	凍王鎚【霜先】		hammer	l3811
Glacial Monarch Hammer	凍王獄鎚【氷条】		hammer	l3812
Snowdust Monarch Hammer	凍王獄鎚【氷塵】		hammer	l3813
Iceberg Monarch Hammer	凍王獄鎚【氷山】		hammer	l3814
Winter Monarch Blade	凍王烈鎚【玄冬】		hammer	l3815
Frozen Monarch Hammer	凍王始鎚【凍晴】		hammer	l3816
Imperial Hammer	帝征鎚		hammer	l3897
Imperial Commandment? H.	帝征鎚【破戒】		hammer	l3898
Imperial Outbreak Hammer	帝征鎚【破獄】		hammer	l3899
Imperial Destruction H.	帝征獄鎚【不破】		hammer	l389a
Imperial Defeat Hammer	帝征烈鎚【破潰】		hammer	l389b
Imperial Crusher Hammer	帝征始鎚【砕破】		hammer	l389c
6A20・ヴァダー・ブレイカー	ヴァダー・ブレイカー	源泉破壞	hammer	l206a
6B20・ヴァダー・バッシュ	ヴァダー・バッシュ	源泉亂擊	hammer	l206b
Puppet Friend	パペットフレンド	玩偶朋友	hammer	l14a7
Puppet Attend	パペットアテンド	玩偶服侍	hammer	l14a8
Puppet Escort	パペットエスコート	玩偶保鑣	hammer	l14a9
Puppet Butler	パペットバトラー	玩偶管家	hammer	l14aa
Cardo Mace	カルドメイス	地獄儀式錘	hammer	l16f2
Cardo hammer	カルドハンマー	地獄大錘	hammer	l16f3
Cardo impact	カルドインパクト	地獄衝擊錘	hammer	l16f4
Rotes Gebet	ロートゲベート	紅色祝禱	hammer	l16f5
Roth Holzer	ロートホルザマー	紅色衝擊	hammer	l16f6
Roter Zorn	ロートツォルン	紅色憤怒	hammer	l2d80
Partner Mace	パルトナメイス	戰友儀式錘	hammer	l2d81
Partner Hammer	パルトナハンマー	戰友大錘	hammer	l2d82
AB19・カルドアーヴ	カルドアーヴ	地獄祭儀之錘	hammer	l19ab
AC19・カルドアルベ	カルドアルベ	地獄祭儀大錘	hammer	l19ac
Roter Baum	ロートバウム	紅色之木	hammer	l19ad
Rot Hart	ロートハルト	紅色堅毅	hammer	l19ae
9A25・ノーブルモロット	ノーブルモロット	崇高覺醒錘	hammer	l259a
9B25・アスールスフィール	アスールスフィール	湛藍豐足錘	hammer	l259b
Blazing Peak Mallet	焔嶽龍ノ鎚		hammer	l3c54
Weiss Hammer	ヴァイスハンマー	邪惡錘	hammer	l0517
Dos Weiss Hammer	ドスヴァイスハンマー	巨大邪惡錘	hammer	l0518
Giga Weiss Hammer	ギガヴァイスハンマー	超大邪惡錘	hammer	l0519
Death Weiss Hammer	デスヴァイスハンマー	死亡邪惡錘	hammer	l051a
Hellweiss Hammer	ヘルヴァイスハンマー	地獄邪惡錘	hammer	l19b4
Ireweiss Hammer	イラヴァイスハンマー	大地邪惡錘	hammer	l1d14
Eques Mace	エクエスメイス	騎士儀式錘	hammer	l0f0f
Eques Hammer	エクエスハンマー	騎士大錘	hammer	l0f10
Eques Impact	エクエスインパクト	騎士衝擊錘	hammer	l0f11
Weiss Gebet	ヴァイスゲベート	白色祝禱	hammer	l0f12
Weiss Gehorsam	ヴァイスホルザム	白色百合	hammer	l17e6
Strega Mace	ストレガメイス	魔女儀式錘	hammer	l0f13
Strega Hammer	ストレガハンマー	魔女大錘	hammer	l0f14
Strega Impact	ストレガインパクト	魔女衝擊錘	hammer	l0f15
Schwartz Gebet	シュヴァルツゲベート	黑色祝禱	hammer	l0f16
Schwarz Gehorsam	シュヴァルツホルザム	黑色百合	hammer	l17e7
Schwarz Horn	シュヴァルツツォルン	暗黑怒火	hammer	l1e51
Far Beak	ファービーク	遠程喙形錘	hammer	l040e
Far Blow	ファーブロウ	遠程重擊錘	hammer	l040f
Ver Strike	ファーストライク	遠程打擊者	hammer	l0436
Ver Impact	ファーインパクト	遠程衝擊者	hammer	l0437
Beast Breaker	ファーブレイカー	遠程破壞者	hammer	l02da
Far Crusher	ファークラッシャー	遠程粉碎者	hammer	l1707
Far Destroyer	ファーデストロイヤー	遠程摧毀者	hammer	l19b6
Gravios Demolisher	大鎧鎚【壊】	大鎧鎚【壞】	hammer	l0495
Gravios Crusher	大鎧鎚【砕】	大鎧鎚【碎】	hammer	l0496
Gravios Smasher	大鎧鎚【潰】	大鎧鎚【潰】	hammer	l0497
Gravios Ruiner	大鎧鎚【滅】	大鎧鎚【滅】	hammer	l0498
Gravios Return	大鎧鎚【還】	大鎧鎚【還】	hammer	l1708
Gravios Revival	大鎧鎚【蘇】	大鎧鎚【蘇】	hammer	l19b5
Gravios Life	大鎧鎚【活】	大鎧鎚【活】	hammer	l1d13
Squave	エクエスアーヴ	騎士祭儀之錘	hammer	l14ab
Squarve	エクエスアルベ	騎士祭儀大錘	hammer	l14ac
Squarvel	エクエスアルベル	騎士祭儀重錘	hammer	l14ad
Weissbaum	ヴァイスバウム	白色之木	hammer	l14ae
Weiss Hard	ヴァイスハルト	白色堅毅	hammer	l17e8
Stregave	ストレガアーヴ	魔女祭儀之錘	hammer	l14af
Stregalve	ストレガアルベ	魔女祭儀大錘	hammer	l14b0
Stregalvel	ストレガアルベル	魔女祭儀重錘	hammer	l14b1
Schwartzbaum	シュヴァルツバウム	黑色之木	hammer	l14b2
Schwarzhard	シュヴァルツハルト	黑色堅毅	hammer	l17e9
Schwarzwille	シュヴァルツヴィレ	黑色意志	hammer	l1bf9
A319・ヴァリエマルト	ヴァリエマルト	耀陽神子	hammer	l19a3
A419・ヴァリエマテリヨ	ヴァリエマテリヨ	耀陽化身	hammer	l19a4
Weissblatt	ヴァイスブラット	白色枝葉	hammer	l19a5
Weissstamm	ヴァイスシュタム	白色枝幹	hammer	l19a6
Shinning Mallet	ソルエルマルト	薄暮神子	hammer	l19a7
Shinning Hammer	ソルエルマテリヨ	薄暮化身	hammer	l19a8
Schwarzblatt	シュヴァルツブラット	黑色枝葉	hammer	l19a9
Schwarzstamm	シュヴァルツシュタム	黑色枝幹	hammer	l19aa
Aurora Mace	オーロワメイス	金黃儀式錘	hammer	l1d02
Aurora Hammer	オーロワハンマー	金黃大錘	hammer	l1d03
Gold Gebet	ゴルトゲベート	黃金祝禱	hammer	l1d04
Gold Gehorsam	ゴルトホルザム	黃金百合	hammer	l1d05
Golden Zorn	ゴルトツォルン	黃金憤怒	hammer	l1d06
Gold Hart	ゴルトハルト	黃金堅毅	hammer	l311a
Gold Wille	ゴルトヴィレ	黃金意志	hammer	l311b
E338・ルレードユンチ	ルレードユンチ		hammer	l38e3
E438・ルレードミンユン	ルレードミンユン		hammer	l38e4
E538・シャロンチホン	シャロンチホン		hammer	l38e5
E638・シャロンホンスー	シャロンホンスー		hammer	l38e6
Vola Marteau	ヴォーラマルトー		hammer	l3c1d
Vola Marteau+	ヴォーラマルトー・改		hammer	l3c1e
True Vola Marteau	ヴォーラマルトー・真		hammer	l3c1f
Alvora Marteau	アルヴォーラマルトー		hammer	l3c20
Azura Marteau	アズラクホンソオ		hammer	l3df0
Azura Marteau+	ルラキホンソオ		hammer	l3df1
True Azura Marteau	ガルボイホンソオ		hammer	l3df2
Azure Marteau	ニリィホンソオ		hammer	l3df3
Ruberchuy	ルベルチュイ		hammer	l3e5b
Ruberchuy+	ルベルチュイ・改		hammer	l3e5c
True Ruberchuy	ルベルチュイ・真		hammer	l3e5d
Terra Ruberchuy	テラルベルチュイ		hammer	l3e5e
Ravina Marter	ラヴィナマルトー		hammer	l3f23
Ravina Marter+	ラヴィナマルトー・改		hammer	l3f24
True Ravina Marter	ラヴィナマルトー・真		hammer	l3f25
Final Ravina Marter	ラヴィーナマルトー		hammer	l3f26
Dua Faust	デュアファウスト		hammer	l4001
Dua Faust+	デュアファウスト・改		hammer	l4002
True Dua Faust	デュアファウスト・真		hammer	l4003
Esdua Faust	エスデュアファウスト		hammer	l4004
Chroma Marteau	クロママルトー		hammer	l4300
Chroma Marteau+	クロママルトー・改		hammer	l4301
True Chroma Marteau	クロママルトー・真		hammer	l4302
Final Chroma Marteau	クローママルトー		hammer	l4303
Poet Marteau	ポエトマルトー		hammer	l4397
Poet Marteau+	ポエトマルトー・改		hammer	l4398
True Poet Marteau	ポエトマルトー・真		hammer	l4399
Poetry Marteau	ポエトリマルトー		hammer	l439a
Felyne Puppet	ぱくぱくアイルー	大口咬艾路	hammer	l149b
Cozy Felyne Puppet	ぬくぬくアイルー	暖呼呼艾路	hammer	l149c
Hot Felyne Puppet	あつあつアイルー	熱呼呼艾路	hammer	l149d
Boiling Felyne Puppet	ぐつぐつアイルー	黏緊緊艾路	hammer	l149e
Floppy Felyne Puppet	ぐらぐらアイルー	頭昏昏艾路	hammer	l1ae2
Sleepy Felyne	ねむねむアイルー	打哈欠艾路	hammer	l1d15
Reel Hammer	リールハンマー	捲線器之鎚	hammer	l12b1
Mega Reel Hammer	メガリールハンマー	優質捲線器之鎚	hammer	l12b2
Giga Reel Hammer	ギガリールハンマー	強力捲線器之鎚	hammer	l12b3
Tera Reel Hammer	テラリールハンマー	頂級捲線器之鎚	hammer	l12b4
Petal Reel hammer	ペタリールハンマー	超級捲線器之鎚	hammer	l170a
Exa Reel Hammer	エクサリールハンマー	特級捲線器之鎚	hammer	l1ae3
Fibonacci Hammer	フィボナッチハンマー	黃金分割大鎚	hammer	l1e54
4A25・ディアマリベト	ディアマリベト	冰山之錘	hammer	l254a
4B25・ディアマヴォント	ディアマヴォント	冰山重錘	hammer	l254b
4C25・ディアマカデナ	ディアマカデナ	冰山破壞錘	hammer	l254c
4D25・ジュアマン＝カッシェ	ジュアマン＝カッシェ	冰冠之錘	hammer	l254d
4E25・ジュアマン＝プロジオ	ジュアマン＝プロジオ	冰冠重錘	hammer	l254e
Yellow Strafe I	ストレイフⅠ【黄】	轟炸之錘Ⅰ【黃】	hammer	l10ae
Yellow Strafe II	ストレイフⅡ【黄】	轟炸之錘Ⅱ【黃】	hammer	l10af
Yellow Strafe III	ストレイフⅢ【黄】	轟炸之錘Ⅲ【黃】	hammer	l10b0
Dire Blitz	ブリッツディーレ	雷霆之語	hammer	l10b1
Aqua Strafe I	ストレイフⅠ【水】	轟炸之錘Ⅰ【水】	hammer	l10b2
Aqua Strafe II	ストレイフⅡ【水】	轟炸之錘Ⅱ【水】	hammer	l10b3
Aqua Strafe III	ストレイフⅢ【水】	轟炸之錘Ⅲ【水】	hammer	l10b4
Flussigkeit	フリューナス	水雷之錘	hammer	l10b5
Astra Smasher	アストラ・スマッシャ	雷電擊破	hammer	l206c
Astra Breaker	アストラ・ブレイカー	雷電破壞	hammer	l206d
Astra Bash	アストラ・バッシュ	雷電亂擊	hammer	l206e
Entasis Blow	エンタシスブロウ	石柱打擊錘	hammer	l049f
Entasis Bash	エンタシスバッシュ	石柱猛擊錘	hammer	l04a0
Entasis Break	エンタシスブレイク	石柱破壞錘	hammer	l04a1
Entasis Burst	エンタシスバースト	石柱爆裂錘	hammer	l04a2
Entasis Purity	エンタシスプリター	石柱超越者之錘	hammer	l1ae4
Prototype Dragstriker	工房試作品撃龍鎚	工房試作品擊龍鎚	hammer	l051c
Final Dragstriker	正式採用撃龍鎚	正式採用擊龍鎚	hammer	l051d
Final Dragstriker+	正式採用撃龍鎚改	正式採用擊龍鎚·改	hammer	l051e
Dragstriker [Breaker]	最新型撃龍鎚【壊貫】	最新型擊龍鎚【壞貫】	hammer	l051f
"Dragstriker ""Crusher"""	特別製撃龍鎚【砕貫】	特別製擊龍鎚【碎貫】	hammer	l1709
"Dragstriker ""Pierce"""	至上撃龍鎚【貫徹】	至上擊龍鎚【貫徹】	hammer	l1ae5
"Dragstriker ""Vagary"""	衝動撃龍鎚【酔狂】	衝動擊龍鎚【醉狂】	hammer	l1bfa
Gift Blow	ギフトブロウ	純愛之錘	hammer	l038c
Gift Smash	ギフトスマッシュ	純愛直擊錘	hammer	l038d
Gift Strike	ギフトストライク	純愛好球錘	hammer	l038e
Gifted Fury	フューリーギフト	瘋狂純愛錘	hammer	l0f23
Eternal Gift	エターナルギフト	永恆之愛	hammer	l1ae1
Future Gifts	フューチャーギフト	未來贈禮	hammer	l25b8
Eterno Gifts	エテルノギフト	永遠贈禮	hammer	l25b7
Anteka's Wald	ガウシカ・ウッド	雪鹿·木	hammer	l10be
Anteka's Geschenk	ガウシカ・ゲシェンク	雪鹿·贈禮	hammer	l10bf
Anteka's Julfest	ガウシカ・ドロン	雪鹿·禮品	hammer	l10c0
Anteka's Gift	ガウシカ・プレゼント	雪鹿·禮物	hammer	l10c1
Anteka's Fifth	ガウシカ・フィフス	雪鹿·第五	hammer	l19af
Anteka's Cinqui?me	ガウシカ・サンキエム	雪鹿·五	hammer	l25bc
Anteka's Quint	ガウシカ・クイント	雪鹿·五號	hammer	l25bb
Rajang Stamper	ラージャンスタンプ	金獅印記	hammer	l11ad
Rajang Striker	ラージャンストライク	金獅打擊者	hammer	l11ae
Rajang Breaker	ラージャンブレイカー	金獅破壞者	hammer	l11af
Furious Golden Impact	怒！金獅子インパクト	怒！金獅子衝擊	hammer	l11b0
Geki! Golden Lion Impact	激！金獅子インパクト	激！金獅子衝擊	hammer	l17ea
Goku! Golden Lion Impact	獄！金獅子インパクト	獄！金獅子衝擊	hammer	l1e53
Drowsy Melynx Puppet	うとうとメラルー	闔眼梅拉路	hammer	l149f
Dozing Melynx Puppet	こっくりメラルー	點頭梅拉路	hammer	l14a0
Sound Asleep M. Puppet	すやすやメラルー	打呼梅拉路	hammer	l14a1
Fast Asleep M. Puppet	ぐっすりメラルー	沉睡梅拉路	hammer	l14a2
Guren Weitz	グレンヴァイツ	古龍錘	hammer	l16ee
Guren Wechen	グレンヴェッヘン	古龍大錘	hammer	l16ef
Guren Willen	グレンヴィーレン	古龍打擊者	hammer	l16f0
Guren Vios	グレナヴィオス	古龍破壞者	hammer	l16f1
Guren Krise	グレンクライス	古龍毀滅者	hammer	l17eb
Guren Stein	グレンシュタイン	古龍岩錘	hammer	l1e52
Battledore Hammer	羽子板ハンマー	羽子板大錘	hammer	l199f
Falls Battledore Hammer	羽子板ハンマー【瀑】	羽子板大錘【瀑】	hammer	l19a0
Bound Battledore Hammer	羽子板ハンマー【縛】	羽子板大錘【縛】	hammer	l19a1
Bomb Battledore Hammer	羽子板ハンマー【爆】	羽子板大錘【爆】	hammer	l19a2
"BattledorHammer""Curtain"""	羽子板ハンマー【幕】	羽子板大錘【幕】	hammer	l25ba
333C・羽子板ハンマー【駁】	羽子板ハンマー【駁】		hammer	l3c33
"BattledorHammer""Open"""	羽子板ハンマー【曝】	羽子板大錘【曝】	hammer	l25b9
BlackArmorHammer	黒鎧鎚	黑鎧鎚	hammer	l1bf4
"BlackArmorHammer ""Heat"""	黒鎧鎚【熱】	黑鎧鎚【熱】	hammer	l1bf5
"BlackArmorHammer""Blast"""	黒鎧鎚【爆】	黑鎧鎚【爆】	hammer	l1bf6
"BlackArmorHammer ""Fury"""	黒鎧鎚【怒】	黑鎧鎚【怒】	hammer	l1bf7
"BlackArmorHammer ""Deed"""	黒鎧鎚【業】	黑鎧鎚【業】	hammer	l1bf8
Mochi Mallet	モチ・ペッタン	餅·啪咚	hammer	l1cfd
Herbal Mochi Mallet	草モチ・ペッタン	草餅·啪咚	hammer	l1cfe
Persimmon Mochi Mallet	柿モチ・ペッタン	柿餅·啪咚	hammer	l1cff
The Moonlight	ザ・ムーンライト	月光	hammer	l1d00
Moon Crater	ムーンクラーテ	月明	hammer	l2fe7
The Crater	ザ・クレーター	衝擊坑	hammer	l1d01
Lollipop	ロリポップ	棒棒糖	hammer	l1f47
Sweet Lollipop	スイートロリポップ	甜美棒棒糖	hammer	l1f48
Delicious Lollipop	デリシャスロリポップ	美味棒棒糖	hammer	l1f49
Lollipop Spark	ロリポップ・スパーク	棒棒糖·電光	hammer	l1f4a
Lollipop Shock	ロリポップ・ショック	棒棒糖·衝擊	hammer	l25be
BD25・ロリポップ・チスパ	ロリポップ・チスパ	棒棒糖·火花	hammer	l25bd
Schrade Smasher	シュラー・スマッシャ	迷霧擊破	hammer	l205c
Schrade Breaker	シュラー・ブレイカー	迷霧破壞	hammer	l205d
Schrade Basher	シュラー・バッシュ	迷霧亂擊	hammer	l205e
5F20・ラズロティスモ	ラズロティスモ	水霧滅卻	hammer	l205f
Klarfaust	クラーファウスト	墮落浮士德	hammer	l2284
Klarstein	クラーシュタイン	墮落岩錘	hammer	l2285
Klarmalleus	クラーマレウス	墮落錘骨	hammer	l2286
Dear Current	ディアーカレント	電流貫穿錘	hammer	l2287
Geo Straight	ジオーストレイト	雷霆直擊錘	hammer	l2288
Prototype Hammer	工房試作品激光鎚	工房試作品激光鎚	hammer	l2e1f
Official Hammer	正式採用激光鎚	正式採用激光鎚	hammer	l2e20
212E・最新型激光鎚【穿突】	最新型激光鎚【穿突】	最新型激光鎚【穿突】	hammer	l2e21
222E・最新型激光鎚【穿衝】	最新型激光鎚【穿衝】	最新型激光鎚【穿衝】	hammer	l2e22
Peach Lamp	モモランプ	春燈	hammer	l3139
"Peach Lamp ""Spring"""	モモランプ【春】	春燈【春】	hammer	l313a
"Peach Lamp ""Light"""	モモランプ【灯】	春燈【燈】	hammer	l313b
"Peach Lamp ""Sun"""	モモランプ【陽】	春燈【陽】	hammer	l313c
"Peach Lamp ""Clarity"""	モモランプ【明】	春燈【明】	hammer	l313d
"Key to Secrets ""South"""	秘伝開門の鍵【南門】	秘伝開門の鍵【南門】	hammer	l30ee
Magnetic Field Hammer	磁界ノ王ヲ征ス鎚		hammer	l3a97
BD3C・暴乱ヲ鎮圧ス天雷鎚	暴乱ヲ鎮圧ス天雷鎚		hammer	l3cbd
Gravios Hammer	真大鎧鎚		hammer	l3c49
Gravios Hammer α	真大鎧鎚【改】		hammer	l3c4a
Gravios Commandment	真大鎧鎚【戒】		hammer	l3c4b
Gravios Pinnacle	真大鎧鎚【絶】		hammer	l3c4c
Flaming Fuel Hammer	炎々ト燃エ盛ル鎚		hammer	l3d3a
10th Anniversary Cake I	10thアニバケーキⅠ		hammer	l3e05
10th Anniversary Cake II	10thアニバケーキⅡ		hammer	l3e06
10th Anniversary Cake III	10thアニバケーキⅢ		hammer	l3e07
10th Anniversary Cake IV	10thアニバケーキⅣ		hammer	l3e08
10th Anniversary Cake V	10thアニバケーキⅤ		hammer	l3e09
Ex Magnetic Field Hammer	磁界ヲ滅ボス大鎚		hammer	l3e21
"Resolute Hammer ""New"""	決意の鎚【新】		hammer	l4025
"Resolute Hammer ""Lunge"""	決意の鎚【進】		hammer	l4026
"Resolute Hammer ""Faith"""	決意の鎚【信】		hammer	l4027
"Resolute Hammer ""Heart"""	決意の鎚【心】		hammer	l4028
"Resolute Hammer ""Truth"""	決意の鎚【真】		hammer	l4029
"Resolute Hammer ""Divine"""	決意の鎚【神】		hammer	l402a
Snow Memory I	スノーメモリーⅠ		hammer	l41c9
Snow Memory II	スノーメモリーⅡ		hammer	l41ca
Snow Memory III	スノーメモリーⅢ		hammer	l41cb
Snow Memory IV	スノーメモリーⅣ		hammer	l41cc
Snow Memory V	スノーメモリーⅤ		hammer	l41cd
Diosc	ディオスク		hammer	l4259
Dio・Gunia	ディオ・グニア		hammer	l4219
Dio・Dingo	ディオ・ディンゴ		hammer	l421a
Dio・Baigas	ディオ・バイガス		hammer	l421b
Dio・Virgis	ディオ・ヴィルギス		hammer	l421c
Victor Hammer	ヴィクタハンマー	勝利大錘	hammer	l17de
Victor Stomper	ヴィクタストンパー	勝利踐踏	hammer	l17df
Victor Impact	ヴィクタインパクト	勝利衝擊	hammer	l17e0
Lady of Queens	レディオブクイーンズ	女王陛下	hammer	l17e1
Steel Bison I	スティールバイソンⅠ	鋼鐵野牛Ⅰ	hammer	l02b7
Steel Bison II	スティールバイソンⅡ	鋼鐵野牛Ⅱ	hammer	l00e9
Steel Bison III	スティールバイソンⅢ	鋼鐵野牛Ⅲ	hammer	l0109
Steel Bison IV	スティールバイソンⅣ	鋼鐵野牛Ⅳ	hammer	l03c8
Steel Bison V	スティールバイソンⅤ	鋼鐵野牛Ⅴ	hammer	l10ca
Steel Bison VI	スティールバイソンⅥ	鋼鐵野牛Ⅵ	hammer	l1e59
Sapphir Bison I	サフィールバイソンⅠ	蒼玉野牛Ⅰ	hammer	l0df5
Sapphir Bison II	サフィールバイソンⅡ	蒼玉野牛Ⅱ	hammer	l0df6
Sapphir Bison III	サフィールバイソンⅢ	蒼玉野牛Ⅲ	hammer	l0df7
Sapphir Bison IV	サフィールバイソンⅣ	蒼玉野牛Ⅳ	hammer	l0df8
Rubino Bison I	ルビーノバイソンⅠ	紅石野牛Ⅰ	hammer	l0f1f
Rubino Bison II	ルビーノバイソンⅡ	紅石野牛Ⅱ	hammer	l0f20
Rubino Bison III	ルビーノバイソンⅢ	紅石野牛Ⅲ	hammer	l0f21
Rubino Bison IV	ルビーノバイソンⅣ	紅石野牛Ⅳ	hammer	l0f22
Rubino Bison V	ルビーノバイソンⅤ	紅石野牛Ⅴ	hammer	l11bd
Rubino Bison VI	ルビーノバイソンⅥ	紅石野牛Ⅵ	hammer	l2da2
Rubino Bison VII	ルビーノバイソンⅦ	紅石野牛Ⅶ	hammer	l2da3
ルビーノバイソンVIII	ルビーノバイソンⅧ	紅石野牛Ⅷ	hammer	l2da4
Blue Strafe I	ストレイフⅠ【青】	轟炸之錘Ⅰ【青】	hammer	l10a6
Blue Strafe II	ストレイフⅡ【青】	轟炸之錘Ⅱ【青】	hammer	l10a7
Blue Strafe III	ストレイフⅢ【青】	轟炸之錘Ⅲ【青】	hammer	l10a8
GrafSchnee	グラザムシュネー	雪崩	hammer	l10a9
Zidoria Bison I	シトリアバイソンⅠ	黃寶野牛Ⅰ	hammer	l12b9
Zidoria Bison II	シトリアバイソンⅡ	黃寶野牛Ⅱ	hammer	l12ba
Zidoria Bison III	シトリアバイソンⅢ	黃寶野牛Ⅲ	hammer	l12bb
Zidoria Bison IV	シトリアバイソンⅣ	黃寶野牛Ⅳ	hammer	l12bc
Zidoria Bison V	シトリアバイソンⅤ	黃寶野牛Ⅴ	hammer	l12bd
Amethyst Bison I	アメシスバイソンⅠ	紫晶野牛Ⅰ	hammer	l15e8
Amethyst Bison II	アメシスバイソンⅡ	紫晶野牛Ⅱ	hammer	l15e9
Amethyst Bison III	アメシスバイソンⅢ	紫晶野牛Ⅲ	hammer	l15ea
Amethyst Bison IV	アメシスバイソンⅣ	紫晶野牛Ⅳ	hammer	l15eb
Amethyst Bison V	アメシスバイソンⅤ	紫晶野牛Ⅴ	hammer	l15ec
Progress I	プローグレッシオーⅠ	數據探測者Ⅰ	hammer	l1987
Progress II	プローグレッシオーⅡ	數據探測者Ⅱ	hammer	l1988
Progress III	プローグレッシオーⅢ	數據探測者Ⅲ	hammer	l1989
8A19・プベッシュハンマー	プベッシュハンマー	數據重錘	hammer	l198a
Ali Exar	アリエクサー	紫煌大錘	hammer	l0df1
Fal Exar	ファルエクサー	秘星錘	hammer	l0df2
Vel Exar	ヴェルエクサー	稀星錘	hammer	l0df3
Lente Aliot	レンテ・アリオット	紫煌錘	hammer	l0df4
Vol Alioth	ボル・アリオット	天體聖主之錘	hammer	l265d
Tiera Alioth	ティエラ・アリオット	天地聖主之錘	hammer	l265e
Atlas Buster I	アトラスバスターⅠ	擎天破壞者Ⅰ	hammer	l0f25
Atlas Buster II	アトラスバスターⅡ	擎天破壞者Ⅱ	hammer	l0f26
Atlas Buster III	アトラスバスターⅢ	擎天破壞者Ⅲ	hammer	l0f27
Great Globe	グレイトグロウブ	地球星錘	hammer	l0f28
Fragment Glow	フラメントグロウプ	星體探索之錘	hammer	l2669
Spira Glow	スピラグロウプ	螺旋探索之錘	hammer	l266a
Grenadier Hammer I	グラニエハンマーⅠ	機甲王者Ⅰ	hammer	l0fb9
Grenadier Hammer II	グラニエハンマーⅡ	機甲王者Ⅱ	hammer	l0fba
Grenadier Hammer III	グラニエハンマーⅢ	機甲王者Ⅲ	hammer	l0fbb
Grenadier Blast	グラニエッド・ボム	機甲帝王·炸裂	hammer	l0fbc
CF28・ポミグラード・ボム	ポミグラード・ボム	破壞帝王·炸裂	hammer	l28cf
D028・グラボニルス	グラボニルス	機甲大帝	hammer	l28d0
D128・グラボアンブル	グラボアンブル	機甲天神	hammer	l28d1
Wisel I	ヴィスヴァルⅠ	鋼鐵教主Ⅰ	hammer	l10c6
Wisel II	ヴィスヴァルⅡ	鋼鐵教主Ⅱ	hammer	l10c7
Wisel III	ヴィスヴァルⅢ	鋼鐵教主Ⅲ	hammer	l10c8
Wisel Anmut	ヴィスヴィティー	鋼鐵鑽破者	hammer	l10c9
E128・ヴィスヴェウス	ヴィスヴェウス	重鐵迴響	hammer	l28e1
E228・ヴィスヴォール	ヴィスヴォール	重鐵障壁	hammer	l28e2
E328・ヴィスアグザマン	ヴィスアグザマン	重鐵防禦	hammer	l28e3
Dagda Hammer I	ダグドハンマーⅠ	黑鐵大錘Ⅰ	hammer	l10c2
Dagda Hammer II	ダグドハンマーⅡ	黑鐵大錘Ⅱ	hammer	l10c3
Dagda Hammer III	ダグドハンマーⅢ	黑鐵大錘Ⅲ	hammer	l10c4
Dagda Deiwos Hammer	ダッグドリーハンマー	黑鐵破碎重錘	hammer	l10c5
Dagda Stamper	ダッグスタンパー	黑鐵破壞重錘	hammer	l2677
Dagda Smasher	ダッグスマッシャー	黑鐵破滅重錘	hammer	l2678
Sturm I	シュトゥルムⅠ	疾風Ⅰ	hammer	l11b9
Sturm II	シュトゥルムⅡ	疾風Ⅱ	hammer	l11ba
Sturm III	シュトゥルムⅢ	疾風Ⅲ	hammer	l11bb
Erga Sturm	エルガ・シュトゥルム	急速狂風	hammer	l11bc
Ganesh I	ガネスⅠ	慾望Ⅰ	hammer	l12b5
Ganesh II	ガネスⅡ	慾望Ⅱ	hammer	l12b6
Ganesh III	ガネスⅢ	慾望Ⅲ	hammer	l12b7
Ganesh Mare	ガネス・マール	深邃慾望	hammer	l12b8
6B27・ガネス・グラード	ガネス・グラード	慾望·要塞	hammer	l276b
Idea I	イディアⅠ	思緒Ⅰ	hammer	l13a7
Idea II	イディアⅡ	思緒Ⅱ	hammer	l13a8
Idea III	イディアⅢ	思緒Ⅲ	hammer	l13a9
Idea Manica	イディア・マニカ	清澈思緒	hammer	l13aa
0A27・イディア・マギタ	イディア・マギタ	思緒混亂	hammer	l270a
0B27・イディア・マレイド	イディア・マレイド	思想錯亂	hammer	l270b
6C27・イディア・マテジオ	イディア・マテジオ	思考混沌	hammer	l276c
Thorium I	トリウムⅠ	釷金屬錘Ⅰ	hammer	l13a3
Thorium II	トリウムⅡ	釷金屬錘Ⅱ	hammer	l13a4
Thorium III	トリウムⅢ	釷金屬錘Ⅲ	hammer	l13a5
Thorium Ri	トリウム・リィ	釷金屬錘·毒火	hammer	l13a6
0C27・トリウム・レス	トリウム・レス	釷金屬錘·毒炎	hammer	l270c
0D27・トリウム・ラーダ	トリウム・ラーダ	釷金屬錘·毒焰	hammer	l270d
6D27・トリウム・アルダ	トリウム・アルダ	元素之錘	hammer	l276d
Cross I	クロスⅠ	十字Ⅰ	hammer	l14b3
Cross II	クロスⅡ	十字Ⅱ	hammer	l14b4
Cross III	クロスⅢ	十字Ⅲ	hammer	l14b5
Dias Cross	ディアス・クロス	墮天·十字	hammer	l14b6
0E27・ディード・クロス	ディード・クロス	契約·十字	hammer	l270e
0F27・ディス・クロス	ディス・クロス	絮語·十字	hammer	l270f
6E27・ヴァド・クロス	ヴァド・クロス	邪惡·十字	hammer	l276e
Nothingness I	ヴォトーⅠ	虛無Ⅰ	hammer	l15ed
Nothingness II	ヴォトーⅡ	虛無Ⅱ	hammer	l15ee
Nothingness III	ヴォトーⅢ	虛無Ⅲ	hammer	l15ef
Breaker of Illusions	ヴォトク・エノザー	虛幻破滅之錘	hammer	l15f0
8F26・ヴォトク・ドリル	ヴォトク・ドリル	虛幻貫穿錘	hammer	l268f
Tardro I	タルドロⅠ	雷霆錘Ⅰ	hammer	l16f7
Tardro II	タルドロⅡ	雷霆錘Ⅱ	hammer	l16f8
Tardro III	タルドロⅢ	雷霆錘Ⅲ	hammer	l16f9
Truduro	トゥルードロ	雷霆憤怒之錘	hammer	l16fa
9B26・クレシュタードロ	クレシュタードロ	雷霆放射錘	hammer	l269b
9C26・ダルドロディアン	ダルドロディアン	雷霆鍛冶錘	hammer	l269c
Shiroma I	シロマⅠ	冰天使Ⅰ	hammer	l16fb
Shiroma II	シロマⅡ	冰天使Ⅱ	hammer	l16fc
Shiroma III	シロマⅢ	冰天使Ⅲ	hammer	l16fd
Cecil silomed	セシルシロムド	天國之翼	hammer	l16fe
6F27・シロマメグド	シロマメグド	精巧之錘	hammer	l276f
Nios I	ニオスⅠ	雷天使Ⅰ	hammer	l17e2
Nios II	ニオスⅡ	雷天使Ⅱ	hammer	l17e3
Nios III	ニオスⅢ	雷天使Ⅲ	hammer	l17e4
Lunios	イウニオス	致命痛擊	hammer	l17e5
551E・メリッシュI	メリッシュⅠ	破滅Ⅰ	hammer	l1e55
561E・メリッシュII	メリッシュⅡ	破滅Ⅱ	hammer	l1e56
571E・メリッシュIII	メリッシュⅢ	破滅Ⅲ	hammer	l1e57
581E・スタン・メリッシュ	スタン・メリッシュ	流轉破滅	hammer	l1e58
502C・シェイド・メリッシュ	シェイド・メリッシュ	破滅暗影	hammer	l2c50
512C・クエイト・メリッシュ	クエイト・メリッシュ	破滅重錘	hammer	l2c51
Attack I	アタクⅠ	神擊Ⅰ	hammer	l1f4b
Attack II	アタクⅡ	神擊Ⅱ	hammer	l1f4c
Attack III	アタクⅢ	神擊Ⅲ	hammer	l1f4d
Attack Super	アタ・グレオ	神擊者	hammer	l1f4e
5C2C・アタ・リノクェース	アタ・リノクェース	影·戰艦	hammer	l2c5c
5D2C・アタ・エレヴァン	アタ・エレヴァン	影·都	hammer	l2c5d
Igla I	イグラⅠ	冰之雪Ⅰ	hammer	l2074
Igla II	イグラⅡ	冰之雪Ⅱ	hammer	l2075
Igla III	イグラⅢ	冰之雪Ⅲ	hammer	l2076
Igla IV	イグラⅣ	冰之雪Ⅳ	hammer	l2077
Igla Arama	イグ・アラマ	冰之雪嵐	hammer	l2078
DA2F・イグ・レスティ	イグ・レスティ	冰雪·遺跡	hammer	l2fda
9522・リネスI	リネスⅠ	金字塔Ⅰ	hammer	l2295
9622・リネスII	リネスⅡ	金字塔Ⅱ	hammer	l2296
9722・リネスIII	リネスⅢ	金字塔Ⅲ	hammer	l2297
9822・リネスIV	リネスⅣ	金字塔Ⅳ	hammer	l2298
E02F・リス・レスティ	リス・レスティ	神秘·遺跡	hammer	l2fe0
8E2C・スクリィルI	スクリィルⅠ	堅實大鎚Ⅰ	hammer	l2c8e
8F2C・スクリィルII	スクリィルⅡ	堅實大鎚Ⅱ	hammer	l2c8f
902C・スクリィルIII	スクリィルⅢ	堅實大鎚Ⅲ	hammer	l2c90
912C・スクリィルIV	スクリィルⅣ	堅實大鎚Ⅳ	hammer	l2c91
922C・スクリィル・スィヤ	スクリィル・スィヤ	堅實大鎚·暗黑	hammer	l2c92
932C・スクリィル・ソクエ	スクリィル・ソクエ	堅實大鎚·破壞	hammer	l2c93
Pacus I	パキュスⅠ	堅實重錘Ⅰ	hammer	l2f55
Pacus II	パキュスⅡ	堅實重錘Ⅱ	hammer	l2f56
Pacus III	パキュスⅢ	堅實重錘Ⅲ	hammer	l2f57
Pacus IV	パキュスⅣ	堅實重錘Ⅳ	hammer	l2f58
Pacus Siya	パキュス・スィヤ	堅實·破壞	hammer	l2f59
Pacus Sokue	パキュス・ソクエ	堅實·毀滅	hammer	l2f5a
Schwein I	シュヴァインⅠ	小豬Ⅰ	hammer	l2f2b
Schwein II	シュヴァインⅡ	小豬Ⅱ	hammer	l2f2c
Schwein III	シュヴァインⅢ	小豬Ⅲ	hammer	l2f2d
Schwein IV	シュヴァインⅣ	小豬Ⅳ	hammer	l2f2e
Zwei Schweinchen	シュヴァインツヴァイ	兩隻小豬	hammer	l2f2f
Drei Schweichen	シュヴァインドライ	三隻小豬	hammer	l2f30
Cochon I	コションⅠ	胖豬Ⅰ	hammer	l31f7
Cochon II	コションⅡ	胖豬Ⅱ	hammer	l31f8
Cochon III	コションⅢ	胖豬Ⅲ	hammer	l31f9
Cochon IV	コションⅣ	胖豬Ⅳ	hammer	l31fa
Deux Cochons	コション・デュー	胖豬·兩隻	hammer	l31fb
Trois Cochons	コション・トロワ	胖豬·三隻	hammer	l31fc
1E33・グルドリニャーI	グルドリニャーⅠ	グルドリニャーⅠ	hammer	l331e
1F33・グルドリニャーII	グルドリニャーⅡ	グルドリニャーⅡ	hammer	l331f
2033・グルドリニャーIII	グルドリニャーⅢ	グルドリニャーⅢ	hammer	l3320
2133・グルドリニャーIV	グルドリニャーⅣ	グルドリニャーⅣ	hammer	l3321
D83A・ブルドリニャーI	ブルドリニャーⅠ		hammer	l3ad8
D93A・ブルドリニャーII	ブルドリニャーⅡ		hammer	l3ad9
DA3A・ブルドリニャーIII	ブルドリニャーⅢ		hammer	l3ada
DB3A・ブルドリニャーIV	ブルドリニャーⅣ		hammer	l3adb
DC3A・ブルブレニャー	ブルブレニャー		hammer	l3adc
DD3A・ブルディニャー	ブルディニャー		hammer	l3add
Cheryl I	チェリルⅠ		hammer	l38b6
Cheryl II	チェリルⅡ		hammer	l38b7
Cheryl III	チェリルⅢ		hammer	l38b8
Cheryl IV	チェリルⅣ		hammer	l38b9
Cheryl Bud	チェリル・ブロト		hammer	l38ba
Cheryl Blossom	チェリル・ブロッサム		hammer	l38bb
B639・スリジエI	スリジエⅠ		hammer	l39b6
B739・スリジエII	スリジエⅡ		hammer	l39b7
B839・スリジエIII	スリジエⅢ		hammer	l39b8
B939・スリジエIV	スリジエⅣ		hammer	l39b9
BA39・スリジエ・ブロト	スリジエ・ブロト		hammer	l39ba
BB39・スリジエ・ブロッサム	スリジエ・ブロッサム		hammer	l39bb
N 2 Missile I	Ｎ２ミサイルⅠ		hammer	l35cd
N 2 Missile II	Ｎ２ミサイルⅡ		hammer	l35ce
N 2 Missile III	Ｎ２ミサイルⅢ		hammer	l35cf
N 2 Missile IV	Ｎ２ミサイルⅣ		hammer	l35d0
N 2 Missile V	Ｎ２ミサイルⅤ		hammer	l35d1
N 2 Missile VI	Ｎ２ミサイルⅥ		hammer	l35d2
Ultimate Log Mallet I	最終兵器・丸太槌Ⅰ		hammer	l3aae
Ultimate Log Mallet II	最終兵器・丸太槌Ⅱ		hammer	l3aaf
Ultimate Log Mallet III	最終兵器・丸太槌Ⅲ		hammer	l3ab0
Ultimate Log Mallet IV	最終兵器・丸太槌Ⅳ		hammer	l3ab1
Ultimate Log Mallet V	最終兵器・丸太槌Ⅴ		hammer	l3ab2
Ultimate Log Mallet VI	最終兵器・丸太槌Ⅵ		hammer	l3ab3
Golden Bat I	ゴールデンバットⅠ		hammer	l4075
Golden Bat II	ゴールデンバットⅡ		hammer	l4076
Golden Bat III	ゴールデンバットⅢ		hammer	l4077
Golden Bat IV	ゴールデンバットⅣ		hammer	l4078
Golden Bat V	ゴールデンバットⅤ		hammer	l4079
Golden Bat VI	ゴールデンバットⅥ		hammer	l407a
Magi Orn	マジェ・オーン		hammer	l43cb
Magi Goin	マジェ・ゴイン		hammer	l43cc
Magi Trooper	マジェ・トルーパ		hammer	l43cd
Magi Arhus	マジェ・アルハス		hammer	l43ce
Magi Maerol	マジェ・マエロル		hammer	l43cf
Magi Mj?lnir	マジェ・ミョルニル		hammer	l43d0
Gray Orn	グレイ・オーン		hammer	l440d
Gray Goin	グレイ・ゴイン		hammer	l440e
Gray Trooper	グレイ・トルーパ		hammer	l440f
Gray Arhus	グレイ・アルハス		hammer	l4410
Gray Maerol	グレイ・マエロル		hammer	l4411
Gray Law	グレイ・シャルル		hammer	l4412
Gaiasp	ガイアスプ	ガイアスプ	hammer	l34e2
Mother Gaiarch	ノルド＝ガイアルク	ノルド＝ガイアルク	hammer	l34e3
Gaia Horizon	ガイア＝オリジオン	ガイア＝オリジオン	hammer	l34e4
Gilded Serum	セラムジリダー	花語大錘	hammer	l0f17
Erga Seram	エレガーセラム	花語抉擇大錘	hammer	l0f18
Erga Weiss	エレガーヴァイス	白色抉擇	hammer	l0f19
Licht Rivale	リヒトリヴァーレ	光之匹敵者	hammer	l0f1a
Licht Noichzat	リヒトノワザット	光明行者	hammer	l285c
Lichten Nact	リヒテンナット	光明雲遊者	hammer	l285d
Lichten Schnitz	リヒテンシュナイツ	光明天行者	hammer	l285e
Eisen Rider	アイゼンジリダー	黑鐵大錘	hammer	l0f1b
Erga Eisen	エレガーアイゼン	黑鐵抉擇大錘	hammer	l0f1c
Erga Schwertz	エレガーシュヴァルツ	黑色抉擇	hammer	l0f1d
Nacht Rivale	ナハトリヴァーレ	暗之匹敵者	hammer	l0f1e
Nacht Noichzat	ナハトノワザット	闇暗行者	hammer	l285f
Nacht Tarnat	ナハタルナット	闇暗雲遊者	hammer	l2860
Nacht Schnitz	ナハタルシュナイツ	闇暗天行者	hammer	l2861
Paralyzing Stamper	パラライズスタンプ	麻痺刻印	hammer	l11b1
Paralyze Spike	パラライズスパイク	麻痺釘刺	hammer	l11b2
Paralyze Breaker	パラライズブレイク	麻痺破壞者	hammer	l11b3
Paralyze Impact	パラライズインパクト	麻痺之衝擊	hammer	l11b4
Paralyzing Smasher	パラライズマッシャー	麻痺擊破	hammer	l2714
Paralyzing Grandhammer	パラライズグランデ	麻痺宏偉大錘	hammer	l2715
Paralyzing Greathammer	パラライズグレート	麻痺強擊錘	hammer	l2771
Reve Stamper	レーヴスタンプ	睡夢刻印	hammer	l11b5
Reve Spike	レーヴスパイク	睡夢釘刺	hammer	l11b6
Reve Break	レーヴブレイク	睡夢破壞者	hammer	l11b7
Reve Impact	レーヴインパクト	睡夢之衝擊	hammer	l11b8
Reve Grandhammer	レーヴグランデ	睡夢宏偉大錘	hammer	l2717
Reve Greathammer	レーヴグレート	睡夢強擊錘	hammer	l2772
Reve Smasher	レーヴマッシャー	睡夢擊破	hammer	l2716
Spark Mace	スパークメイス	閃光儀式錘	hammer	l139b
Spark Hammer	スパークハンマー	閃光大錘	hammer	l139c
Spark Maul	スパークモール	閃光重錘	hammer	l139d
Inquisitor	インクイジター	異端審判官	hammer	l139e
Heirophant	ハイエロファント	法皇	hammer	l1f01
Mjolnir	ミョルニル	雷神大鎚	hammer	l2c1c
True Mjolnir	ミョルニルグライン	磨光雷神鎚	hammer	l2c1d
Drake Mace	ドレイクメイス	巨龍儀式錘	hammer	l139f
Drake Hammer	ドレイクハンマー	巨龍大錘	hammer	l13a0
Drake Maul	ドレイクモール	巨龍重錘	hammer	l13a1
Annihilator	エナイエレイター	巨龍流星錘	hammer	l13a2
021F・ルイネイター	ルイネイター	巨龍吞噬者	hammer	l1f02
Jormungard	ヨルムンガルド	巨蟒之錘	hammer	l2c1e
1F2C・ヨルムンマレウス	ヨルムンマレウス	巨蟒堅錘	hammer	l2c1f
Wetz Jewel	ヴェッツジュエル	智慧寶石	hammer	l16ff
Wet's Jewel	ヴェッツドジュエル	才智寶石	hammer	l1700
Wetz Dizer	ヴェッツダイザー	睿智傳教者	hammer	l1701
Stima Kender	スティマ・クェンダー	碎冰者	hammer	l1702
9B22・ジェム・クェンダー	ジェム・クェンダー	寶石擊碎者	hammer	l229b
9C22・ラディエンス	ラディエンス	萬丈光芒	hammer	l229c
A227・ビュルテイル	ビュルテイル	純淨智慧	hammer	l27a2
Vet Riba	ヴェッツリーバ	智慧結晶	hammer	l1703
Wetz Driva	ヴェッツドリーバ	才智結晶	hammer	l1704
Wetz Gadder	ヴェッツガッダー	睿智吟遊者	hammer	l1705
Gwana Kender	グワナ・クェンダー	碎擊者	hammer	l1706
9D22・タリク・クェンダー	タリク・クェンダー	地層擊碎者	hammer	l229d
9E22・タリックイズム	タリックイズム	地心沉擊	hammer	l229e
A327・アールタング	アールタング	黃金智慧	hammer	l27a3
Crown Hammer	クラウンハンマー	鑽冠巨錘	hammer	l0fb1
Buster Crown	バスタークラウン	破壞者鑽冠巨錘	hammer	l0fb2
Crown Smash	スマッシュクラウン	粉碎者鑽冠巨錘	hammer	l0fb3
Crowning Smash	ヒュージクラウン	極大鑽冠巨錘	hammer	l0fb4
Spectral Crown	スペクトラルクラウン	光譜鑽冠	hammer	l229f
Ancient Gem	エンシェントジェム	遠古寶鑽	hammer	l22a0
Ancient Modeler	エンシェントモドラ	遠古深藍	hammer	l279e
Pavillion Hammer	パビリオンハンマー	鑽底巨錘	hammer	l0fb5
Buster Pavillion	バスターパビリオン	破壞者鑽底巨錘	hammer	l0fb6
Pavillion Smash	スマッシュパビリオン	粉碎者鑽底巨錘	hammer	l0fb7
Huge Pavillion	ヒュージパビリオン	極大鑽底巨錘	hammer	l0fb8
Spirit Pavillion	スピリットパビリオン	心靈鑽底	hammer	l22a1
Surreal Gem	シュレリアルジェム	哀悼寶鑽	hammer	l22a2
Surreal Rouge	シュレリアルルージョ	哀悼緋紅	hammer	l279f
Rivet Reine	リベッツレーネ	轟雷鉚釘大錘	hammer	l1aef
F01A・リベッツカルネ	リベッツカルネ	轟雷鉚釘巨錘	hammer	l1af0
F11A・リベッツカダーチャ	リベッツカダーチャ	轟雷鉚釘衝擊者	hammer	l1af1
Liberati Lupo	リベラティルーポ	轟雷鉚釘毀滅者	hammer	l1af2
Liberati Lion	リベラティレオン	轟雷鉚釘破滅者	hammer	l1bfb
7C28・リベラルディーネ	リベラルディーネ	轟雷鉚釘墮擊錘	hammer	l287c
7D28・リベラルダレオン	リベラルダレオン	轟雷鉚釘暴碎錘	hammer	l287d
Idual	イドゥアーレ	衝擊鉚釘大錘	hammer	l1af3
Idu Cutter	イドゥカトーレ	衝擊鉚釘巨錘	hammer	l1af4
Idu Derniere	イドゥニエーレ	衝擊鉚釘粉碎者	hammer	l1af5
F61A・イデアトゥーピド	イデアトゥーピド	衝擊鉚釘打擊者	hammer	l1af6
Idea Morata	イデアモラータ	衝擊鉚釘碾壓者	hammer	l1bfc
7E28・イデアルモラル	イデアルモラル	衝擊鉚釘重擊錘	hammer	l287e
7F28・イデアルダーレ	イデアルダーレ	衝擊鉚釘毀滅錘	hammer	l287f
Miku Solo	ミクホン・独奏	未來擴音機·獨奏	hammer	l20a5
Miku Duo	ミクホン・二重奏	未來擴音機·二重奏	hammer	l20a6
Miku Trio	ミクホン・三重奏	未來擴音機·三重奏	hammer	l20a7
Miku Quartet	ミクホン・四重奏	未來擴音機·四重奏	hammer	l20a8
Miku Quintet	ミクホン・五重奏	未來擴音機·五重奏	hammer	l20a9
Miku Sextet	ミクホン・六重奏	未來擴音機·六重奏	hammer	l2798
Miku Septet	ミクホン・七重奏		hammer	l3c01
Hatsune Solo Vocals	初音声楽・独奏	初音聲樂·獨奏	hammer	l20aa
Hatsune Duo Vocals	初音声楽・二重奏	初音聲樂·二重奏	hammer	l20ab
Hatsune Trio Vocals	初音声楽・三重奏	初音聲樂·三重奏	hammer	l20ac
Hatsune Quartet Vocals	初音声楽・四重奏	初音聲樂·四重奏	hammer	l20ad
Hatsune Quintet Vocals	初音声楽・五重奏	初音聲樂·五重奏	hammer	l20ae
Hatsune Sextet Vocals	初音声楽・六重奏	初音聲樂·六重奏	hammer	l2799
Hatsune Septet Vocals	初音声楽・七重奏		hammer	l3c02
Bio Smasher	ビオスマッシャー	自然擊破者	hammer	l24ee
Bio Provider	ビオプルバリザー	硬質大錘	hammer	l24ef
Bio Chroma	ビオクローマ	硬質破壞錘	hammer	l24f0
Biogenetics	ビオジェネティクス	硬質神秘錘	hammer	l24f1
F224・バイオンネンボーグ	バイオンネンボーグ	生化神秘錘	hammer	l24f2
Bio Ribosome	バイオンリボザイム	生物遺傳基因	hammer	l278a
Physio Stamper	フィジオスタンパー	命源打印者	hammer	l24f3
Physio Grinder	フィジオグリンダー	命源粉碎者	hammer	l24f4
Physio Breaker	フィジオブレーカー	命源破壞者	hammer	l24f5
Physio Pounder	フィジオパウンダー	命源重擊者	hammer	l24f6
Bioinformatics	バイオインフォマ	生物傳信者	hammer	l24f7
Bio Inspiration	バイオイングライク	生物改造基因	hammer	l278b
071D・セドゥマルクス	セドゥマルクス	海皇戰神	hammer	l1d07
081D・エロシオマルクス	エロシオマルクス	侵蝕戰神	hammer	l1d08
091D・ケイサスマルクス	ケイサスマルクス	帝國戰神	hammer	l1d09
0A1D・ティール＝ウィアド	ティール＝ウィアド	勝利宿命	hammer	l1d0a
0B1D・プルマルクス	プルマルクス	光明戰神	hammer	l1d0b
0C1D・フルメマルクス	フルメマルクス	鮮血戰神	hammer	l1d0c
0D1D・カタラクマルクス	カタラクマルクス	調律戰神	hammer	l1d0d
0E1D・ラグ＝イングワ	ラグ＝イングワ	活水豐饒之神	hammer	l1d0e
Toro Plush I	トロぬいぐるみⅠ	多樂貓Ⅰ	hammer	l3023
Toro Plush II	トロぬいぐるみⅡ	多樂貓Ⅱ	hammer	l3024
Toro Plush III	トロぬいぐるみⅢ	多樂貓Ⅲ	hammer	l3025
Toro Plush IV	トロぬいぐるみⅣ	多樂貓Ⅳ	hammer	l3026
Toro Plush V	トロぬいぐるみⅤ	多樂貓Ⅴ	hammer	l3027
Toro Plush VI	トロぬいぐるみⅥ	多樂貓Ⅵ	hammer	l3028
Toro Plush VII	トロぬいぐるみⅦ		hammer	l3bff
Kuro Plush I	クロぬいぐるみⅠ	黑樂貓Ⅰ	hammer	l3029
Kuro Plush II	クロぬいぐるみⅡ	黑樂貓Ⅱ	hammer	l302a
Kuro Plush III	クロぬいぐるみⅢ	黑樂貓Ⅲ	hammer	l302b
Kuro Plush IV	クロぬいぐるみⅣ	黑樂貓Ⅳ	hammer	l302c
Kuro Plush V	クロぬいぐるみⅤ	黑樂貓Ⅴ	hammer	l302d
Kuro Plush VI	クロぬいぐるみⅥ	黑樂貓Ⅵ	hammer	l302e
Kuro Plush VII	クロぬいぐるみⅦ		hammer	l3c00
Marinero	マリネロ	マリネロ	hammer	l32d2
D332・マリネロ・クロール	マリネロ・クロール	マリネロ·クロール	hammer	l32d3
Marinero Stroke	マリネロ・ストローク	マリネロ·スト角龍戰士	hammer	l32d4
Marinero Butterfly	マリネロ・バタフライ	マリネロ·バタフライ	hammer	l32d5
Playa	プラージュ	プラージュ	hammer	l32d6
Lumi Soleil	ルミ・ソレイユ	ルミ·ソレイユ	hammer	l32d7
D832・マテロト	マテロト	マテロト	hammer	l32d8
D932・マテロト・クロール	マテロト・クロール	マテロト·クロール	hammer	l32d9
DA32・マテロト・ストローク	マテロト・ストローク	マテロト·スト角龍戰士	hammer	l32da
DB32・マテロト・バタフライ	マテロト・バタフライ	マテロト·バタフライ	hammer	l32db
Oceano	オチェーアノ	オチェーアノ	hammer	l32dc
Luce Lunar	ルーチェ・ルーナ	ルーチェ·ルーナ	hammer	l32dd
Hex Hammer	ヘックスハンマー	魅惑大錘	hammer	l2289
Hex Basher	ヘックスバッシャー	魅惑攻擊錘	hammer	l228a
Hex Blow	ヘックスブロウ	魅惑重擊錘	hammer	l228b
Hex Tech	ヘックステック	魅惑技巧錘	hammer	l228c
Hex Ein	ヘックスエイン	魅惑破壞錘	hammer	l228d
Entropy	エントロピー	黑洞之錘	hammer	l228e
Chaotic Crow	カオティックロウ	カオティックロウ	hammer	l33cf
Wrecking Hammer	レックレスハンマー	魯莽大錘	hammer	l228f
Wrecking Basher	レックレスバッシャー	魯莽攻擊錘	hammer	l2290
Wrecking Blow	レックレスブロウ	魯莽重擊錘	hammer	l2291
Wrecking Tech	レックレステック	魯莽技巧錘	hammer	l2292
Wrecking Ein	レックレスエイン	魯莽破壞錘	hammer	l2293
Highlander	ハイランダー	高地之錘	hammer	l2294
Foreigner	フォーリナー	フォーリナー	hammer	l33d0
Stiff Impact	スティフインパクト	堅韌衝擊者	hammer	l1393
Stiff Crusher	スティフクラッシャー	堅韌粉碎者	hammer	l1394
Stiff Destroyer	スティフデストロイヤ	堅韌破壞者	hammer	l1395
Stiff Juggernaut	スティフジャガノート	堅韌毀滅者	hammer	l1396
Stiff Rampage	スティフランページ	堅韌狂暴	hammer	l1eff
Stiff Folly	スティフフォリー		hammer	l3e88
Stiff Loco	スティフロコ		hammer	l3e89
Grave Impact	グレーヴインパクト	細砂衝擊者	hammer	l1397
Grave Crusher	グレーヴクラッシャー	細砂粉碎者	hammer	l1398
Grave Destroyer	グレーヴデストロイヤ	細砂破壞者	hammer	l1399
Grave Juggernaut	グレーヴジャガノート	細砂毀滅者	hammer	l139a
Grave Rampage	グレーヴランページ	細砂狂暴	hammer	l1f00
Grave Folly	グレーヴフォリー		hammer	l3e8a
Grave Loco	グレーヴロコ		hammer	l3e8b
Frozen Demise One	熾凍終焉ノ鎚・壱		hammer	l3458
Frozen Demise Two	熾凍終焉ノ鎚・弐		hammer	l3459
Frozen Demise Three	熾凍終焉ノ鎚・参		hammer	l345a
Frozen Demise Four	熾凍終焉ノ鎚・肆		hammer	l345b
Frozen Demise Five	熾凍終焉ノ鎚・伍		hammer	l345c
Frozen Demise Six	熾凍終焉ノ鎚・陸		hammer	l345d
Frozen Demise Neo	熾凍終焉ノ鎚・最果		hammer	l345e
Frozen Demise Polar	熾凍終焉ノ鎚・極地		hammer	l3f4f
Frozen End One	熾凍終局ノ鎚・壱		hammer	l345f
Frozen End Two	熾凍終局ノ鎚・弐		hammer	l3460
Frozen End Three	熾凍終局ノ鎚・参		hammer	l3461
Frozen End Four	熾凍終局ノ鎚・肆		hammer	l3462
Frozen End Five	熾凍終局ノ鎚・伍		hammer	l3463
Frozen End Six	熾凍終局ノ鎚・陸		hammer	l3464
Frozen End Neo	熾凍終局ノ鎚・最果		hammer	l3465
Frozen End Polar	熾凍終局ノ鎚・極地		hammer	l3f50
Sacred Golden Light I	光明ケル菊聖ノ鎚Ⅰ		hammer	l3dbf
Sacred Golden Light II	光明ケル菊聖ノ鎚Ⅱ		hammer	l3dc0
Sacred Golden Light III	光明ケル菊聖ノ鎚Ⅲ		hammer	l3dc1
Sacred Golden Light IV	光明ケル菊聖ノ鎚Ⅳ		hammer	l3dc2
Sacred Golden Light V	光明ケル菊聖ノ鎚Ⅴ		hammer	l3dc3
Sacred Golden Light VI	光明ケル菊聖ノ鎚Ⅵ		hammer	l3dc4
Sacred Golden Light VII	光明ケル菊聖ノ鎚Ⅶ		hammer	l3dc5
Claus Hammer	クラウスハンマー	祈勝大錘	hammer	l2403
Claus Mallet	クラウスマレット	祈勝琴錘	hammer	l2404
Claus Pounder	クラウスパウンダー	祈勝重量錘	hammer	l2405
Claus Basher	クラウスバッシャー	祈勝攻擊錘	hammer	l2406
Runt Hammer	ルントハンマー	創勝大錘	hammer	l2409
Runt Mallet	ルントマレット	創勝琴錘	hammer	l240a
Runt Pounder	ルントパウンダー	創勝重量錘	hammer	l240b
Runt Basher	ルントバッシャー	創勝攻擊錘	hammer	l240c
0D24・ルントベーン	ルントベーン	創勝韌性錘	hammer	l240d
0E24・ヴァッシュタオゼント	ヴァッシュタオゼント	創勝猛火錘	hammer	l240e
Lucene Brut	ルシーンブルト	ルシーンブルト	hammer	l2422
Deimos Brut	デイモスブルト	デイ菌豬ブルト	hammer	l2423
Schwarze Brut	シュワルベブルト	シュワルベブルト	hammer	l2424
Teronza Brut	テロゾアブルト	テロゾアブルト	hammer	l2425
2A24・シルディスマッサ	シルディスマッサ	シル熾凍龍マッサ	hammer	l242a
2B24・ウルバンマッサ	ウルバンマッサ	ウルバンマッサ	hammer	l242b
2C24・ジェイダングラヴェ	ジェイダングラヴェ	ジェイダングラヴェ	hammer	l242c
0A28・ヴァイプル	ヴァイプル	海域大錘	hammer	l280a
0B28・ミルルプール	ミルルプール	夢境水域大錘	hammer	l280b
0C28・ライガプール	ライガプール	爆破水域大錘	hammer	l280c
0D28・プールセダン	プールセダン	水域惡魔	hammer	l280d
0E28・プールアーク	プールアーク	水域航行	hammer	l280e
0F28・モォーギル	モォーギル	岩域大錘	hammer	l280f
B130・ライゼ	ライゼ	旅途	hammer	l30b1
B230・ライゼ・ムーティヒ	ライゼ・ムーティヒ	旅途·勇敢	hammer	l30b2
B330・ライゼ・ヘフティヒ	ライゼ・ヘフティヒ	旅途·激昂	hammer	l30b3
B430・ライゼ・ブレンネン	ライゼ・ブレンネン	旅途·燃燒	hammer	l30b4
B530・ライゼ・フライハイト	ライゼ・フライハイト	旅途·自由	hammer	l30b5
B630・ライゼ・ヴァルム	ライゼ・ヴァルム	旅途·溫暖	hammer	l30b6
B730・ライゼ・オイサースト	ライゼ・オイサースト	旅途·終極	hammer	l30b7
B830・ヴィアッジョ	ヴィアッジョ	旅程	hammer	l30b8
B930・ヴィアッジョ・ジョヤ	ヴィアッジョ・ジョヤ	旅程·喜悅	hammer	l30b9
BA30・ヴィアッジョ・サペレ	ヴィアッジョ・サペレ	旅程·見聞	hammer	l30ba
BB30・ヴィアッジョ・クオレ	ヴィアッジョ・クオレ	旅程·心靈	hammer	l30bb
BC30・ヴィアッジョ・リデレ	ヴィアッジョ・リデレ	旅程·歡笑	hammer	l30bc
BD30・ヴィアッジョ・クリジ	ヴィアッジョ・クリジ	旅程·危機	hammer	l30bd
BE30・ヴィアッジョ・モンド	ヴィアッジョ・モンド	旅程·世界	hammer	l30be
Lava Impact	ヴォルインパクト	赤熔岩衝擊	hammer	l138f
Lava Crusher	ヴォルクラッシャー	赤熔岩粉碎者	hammer	l1390
Lava Impulse	ヴォルインパルス	赤熔岩脈衝	hammer	l1391
Lava Sanctuary	ヴォルサンクチュアリ	赤熔岩聖域	hammer	l1392
Volgrand	ヴォルグランド	赤熔岩大地	hammer	l1d19
Voloracle	ヴォルオラクル		hammer	l3ba3
Pale Strafe I	ストレイフⅠ【白】	轟炸之錘Ⅰ【白】	hammer	l10b6
Pale Strafe II	ストレイフⅡ【白】	轟炸之錘Ⅱ【白】	hammer	l10b7
Pale Strafe III	ストレイフⅢ【白】	轟炸之錘Ⅲ【白】	hammer	l10b8
Ende Nachricht	エンデシュナーク	終結之錘	hammer	l10b9
AE2D・エンデアルシュナ	エンデアルシュナ	終極潔白	hammer	l2dae
AF2D・ラグエデエグリシア	ラグエデエグリシア	潔白大鎚	hammer	l2daf
B02D・ラグエデデュナーメイ	ラグエデデュナーメイ	潔白聖鎚	hammer	l2db0
Burning Maul I	バーニングモールⅠ	燃燒劈斧Ⅰ	hammer	l1993
Burning Maul II	バーニングモールⅡ	燃燒劈斧Ⅱ	hammer	l1994
Burning Maul III	バーニングモールⅢ	燃燒劈斧Ⅲ	hammer	l1995
Burning Sun	バーニングサン	燃燒烈陽	hammer	l1996
Piceous Strafe I	ストレイフⅠ【黒】	轟炸之錘Ⅰ【黑】	hammer	l10ba
Piceous Strafe II	ストレイフⅡ【黒】	轟炸之錘Ⅱ【黑】	hammer	l10bb
Piceous Strafe III	ストレイフⅢ【黒】	轟炸之錘Ⅲ【黑】	hammer	l10bc
Finster Drachen	ファルトドレイク	浮游轟炸	hammer	l10bd
Mandragora	アルラウネ	迷霧之錘	hammer	l1e5a
Rain Caller I	レインコーラーⅠ	喚雨者Ⅰ	hammer	l1997
Rain Caller II	レインコーラーⅡ	喚雨者Ⅱ	hammer	l1998
Rain Caller III	レインコーラーⅢ	喚雨者Ⅲ	hammer	l1999
Rain Call	レインスコール	暴雨	hammer	l199a
Sleepyball	スリープボール	催眠冰球	hammer	l01ef
Fruity Sleep Ball	果汁入スリープロック	果汁冰塊	hammer	l208d
Thick Sleep Ice	濃厚スリープアイス	香濃催眠冰棒	hammer	l208e
Ice Fruit	アイスの実	冰果大錘	hammer	l208f
"New Sleep Ball ""Purple"""	新スリープボール・紫	新催眠冰球·紫	hammer	l207d
7E20・新スリープロック・紫	新スリープロック・紫	新催眠冰塊·紫	hammer	l207e
7F20・新スリープアイス・紫	新スリープアイス・紫	新催眠冰棒·紫	hammer	l207f
Dospara Prize	ドスパライズ	大痺猛龍錘	hammer	l0340
Dospara Great Prize	ドスドスパライズ	大大痺猛龍錘	hammer	l0341
Dospara Grand Prize	ドスドスドスパライズ	大大大痺猛龍錘	hammer	l0342
Dododon Ultraprize	ドドドドドスパライズ	大大大大痺猛龍錘	hammer	l0f24
Angry Surprise	怒スパライズ	怒痺猛龍錘	hammer	l1f4f
Furious Surprise	激怒スパライズ	激怒痺猛龍錘	hammer	l24c2
Rage Surprise	激怒怒スパライズ	激怒怒痺猛龍錘	hammer	l2fcb
Rage Rage Suprise	激怒怒怒スパライズ		hammer	l3c9d
Red Strafe I	ストレイフⅠ【赤】	轟炸之錘Ⅰ【赤】	hammer	l10aa
Red Strafe II	ストレイフⅡ【赤】	轟炸之錘Ⅱ【赤】	hammer	l10ab
Red Strafe III	ストレイフⅢ【赤】	轟炸之錘Ⅲ【赤】	hammer	l10ac
Echt Grundzahl	エヒトグルート	真實之炎	hammer	l10ad
B020・エヒトス	エヒトス	暴火衝擊	hammer	l20b0
Echtes Magma	エヒートマグマ	エヒートマグマ	hammer	l34b0
"Conehead Stamp ""White"""	コーンスタンプ白	甜筒刻印白	hammer	l1978
"Conehead Strike ""White"""	コーンストライク白	甜筒打擊者白	hammer	l1979
"Conehead Smasher ""White"""	コーンルーシェル白	甜筒墮天使白	hammer	l197a
Ice Crusher I	アイスクラッシュⅠ	冰霜衝擊Ⅰ	hammer	l198b
Ice Crusher II	アイスクラッシュⅡ	冰霜衝擊Ⅱ	hammer	l198c
Ice Crusher III	アイスクラッシュⅢ	冰霜衝擊Ⅲ	hammer	l198d
Glacier Crash	グレイシャクラッシュ	粉碎性衝擊	hammer	l198e
Absolute Crasher	アブソクラッシュ	雪崩衝擊	hammer	l20af
Sheild Hammer I	シールドハンマーⅠ	護盾重錘Ⅰ	hammer	l199b
Sheild Hammer II	シールドハンマーⅡ	護盾重錘Ⅱ	hammer	l199c
Sheild Hammer III	シールドハンマーⅢ	護盾重錘Ⅲ	hammer	l199d
Blade Stopper	ブレイドストッパー	保衛者	hammer	l199e
Thunder Bash I	サンダーバッシュⅠ	雷霆打擊Ⅰ	hammer	l198f
Thunder Bash II	サンダーバッシュⅡ	雷霆打擊Ⅱ	hammer	l1990
Thunder Bash III	サンダーバッシュⅢ	雷霆打擊Ⅲ	hammer	l1991
Thunder Smasher	サンダースマッシュ	雷霆粉碎	hammer	l1992
Thunder Bringer	サンダーブリンガー	雷霆召喚	hammer	l22a3
5B1E・ナグリンＤＴ	ナグリンＤＴ	強襲DT	hammer	l1e5b
5C1E・コン・インパクトＤＴ	コン・インパクトＤＴ	自卑感衝擊DT	hammer	l1e5c
5D1E・ボール・イーターＤＴ	ボール・イーターＤＴ	噬蛋者DT	hammer	l1e5d
5E1E・ラクィンタ・マナＤＴ	ラクィンタ・マナＤＴ	第五金蛋DT	hammer	l1e5e
"Strafe I ""Violet"""	ストレイフⅠ【紫】	轟炸之錘Ⅰ【紫】	hammer	l2079
"Strafe II ""Violet"""	ストレイフⅡ【紫】	轟炸之錘Ⅱ【紫】	hammer	l207a
"Strafe III ""Violet"""	ストレイフⅢ【紫】	轟炸之錘Ⅲ【紫】	hammer	l207b
Strafe Lapiths	ストレイフ・ラピテス	轟炸之錘·戰勇	hammer	l207c
Dragon Ball Hammer I	極龍球鎚Ⅰ	極龍球鎚Ⅰ	hammer	l3357
Dragon Ball Hammer II	極龍球鎚Ⅱ	極龍球鎚Ⅱ	hammer	l3358
Dragon Ball Hammer III	極龍球鎚Ⅲ	極龍球鎚Ⅲ	hammer	l335a
Dragon Ball Hammer IV	極龍球鎚Ⅳ	極龍球鎚Ⅳ	hammer	l335b
Dragon Ball Hammer V	極龍球鎚Ⅴ	極龍球鎚Ⅴ	hammer	l335c
Dragon Ball Hammer VI	極龍球鎚Ⅵ	極龍球鎚Ⅵ	hammer	l335d
Thunder Ball Hammer I	雷極球鎚Ⅰ	雷極球鎚Ⅰ	hammer	l3350
Thunder Ball Hammer II	雷極球鎚Ⅱ	雷極球鎚Ⅱ	hammer	l3351
Thunder Ball Hammer III	雷極球鎚Ⅲ	雷極球鎚Ⅲ	hammer	l3353
Thunder Ball Hammer IV	雷極球鎚Ⅳ	雷極球鎚Ⅳ	hammer	l3354
Thunder Ball Hammer V	雷極球鎚Ⅴ	雷極球鎚Ⅴ	hammer	l3355
Thunder Ball Hammer VI	雷極球鎚Ⅵ	雷極球鎚Ⅵ	hammer	l3356
Dragon Ball Hammer+ I	極龍球鎚改Ⅰ	極龍球鎚改Ⅰ	hammer	l335e
Dragon Ball Hammer+ II	極龍球鎚改Ⅱ	極龍球鎚改Ⅱ	hammer	l335f
Dragon Ball Hammer+ III	極龍球鎚改Ⅲ	極龍球鎚改Ⅲ	hammer	l3361
Dragon Ball Hammer+ IV	極龍球鎚改Ⅳ	極龍球鎚改Ⅳ	hammer	l3362
Dragon Ball Hammer+ V	極龍球鎚改Ⅴ	極龍球鎚改Ⅴ	hammer	l3363
Dragon Ball Hammer+ VI	極龍球鎚改Ⅵ	極龍球鎚改Ⅵ	hammer	l3364
Skull Collector	スカルコレクター	構骨者	hammer	l3191
Menti Crusher	メンティクラッシャ	受選碾碎者	hammer	l3207
Dimension Zero	ディメンションゼロ	ディメンションゼロ	hammer	l333f
Hearts on Fire	ハーツオンファイア	ハーツオンファイア	hammer	l3345
Break The Chains	ブレイクザチェインズ	ブレイクザチェインズ	hammer	l3400
Renegade	レネゲイド		hammer	l340a
Heretic Anthem	ヘレティックアンセム		hammer	l3404
Eternal Origin	ミラオリヘン		hammer	l3d85
Eternal Origin+	ミラオリヘン改		hammer	l3d86
"Rondo Mace ""Xuanwu"""	煉舞ノ鎚【玄武】		hammer	l4059
"Rondo Mace ""Brand"""	煉舞ノ鎚【法印】		hammer	l405a
"Rondo Mace ""Vaisravana"""	煉舞ノ鎚【毘沙門】		hammer	l405b
"Rondo Mace ""Yamato"""	煉舞ノ鎚【大和】		hammer	l405c
Renka Hammer	煉華ノ鎚		hammer	l3f99
"Renka Hammer ""Paulownia"""	煉華ノ鎚【桐】		hammer	l3f9a
"Renka Hammer ""Foxglove"""	煉華ノ鎚【桐鳳凰】		hammer	l3f9b
"Renka Hammer ""Echo"""	煉華ノ鎚【鏡光】		hammer	l3f9c
Lethe Hammer	煉獄ノ鎚		hammer	l4350
"Lethe Hammer ""Anarchy"""	煉獄ノ鎚・反抗		hammer	l4351
"Lethe Hammer ""Wish"""	煉獄ノ鎚・願望		hammer	l4352
"Lethe Hammer ""Skanda"""	煉獄ノ鎚【韋駄天】		hammer	l4353
Down to the Devil	ダウントゥザデヴィル		hammer	l41eb
Heroes Return	ヒーローズリターン		hammer	l4484
Usurper' Thunder	王鎚カミナリ	王鎚カミナリ	hammer	l34d1
Despot's Crackle	王牙鎚【大雷】	王牙鎚【大雷】	hammer	l34d2
Oppressor≫s Sway	真・王牙鎚【破天】	真·王牙鎚【破天】	hammer	l34d3
Chaos Hammer	混沌の鎚	混沌の鎚	hammer	l3523
Chaos Lash	カオスラッシュ	カオスラッシュ	hammer	l3524
Nero Chaos	ネロ＝カオス	ネロ＝カオス	hammer	l3525
Dios Smasher	ディオステイル		hammer	l353a
Blast Smasher	爆砕の破鎚		hammer	l353b
Lightbreak Hammer	破岩鎚ノヴァジオ		hammer	l353c
Brazenclout	ブラスナックル		hammer	l3836
Crimsonclout	震鎚ギガス		hammer	l3837
Gigas Hammer	震撃鎚グロンド・ギガ		hammer	l3838
Hidden Breaker	ヒドゥンブレイカー		hammer	l3879
Night Eternal	ヒドゥンブレイカー改		hammer	l387a
Avidya Breaker	夜行槌【常闇】		hammer	l387b
Brimstren Drakemaw	獄鎚リュウガク		hammer	l3a2d
Brimstren Drakemaw α	獄鎚リュウガク改		hammer	l3a2e
Stygian Industria	狼牙槌【食獄】		hammer	l3a2f
Wuchtblick	パワーofグレア		hammer	l3bbc
Grimmblick	パワーofテラー		hammer	l3bbd
Achtungsblick	パワーofエンミティ		hammer	l3bbe
Le Jugement	THEラグナロク		hammer	l3cd7
La Naissance	THEバース		hammer	l3cd8
La Terre	THEアース		hammer	l3cd9
Incubus Hammer	凶鏡【妖雲】		hammer	l3ed1
Imminent Dawn	天嵐ノ鏡【旺陽】		hammer	l3ed2
Heaven Render	太虚ノ鏡【動天】		hammer	l3ed3
Matraca Hammer	マトラカアルグル		hammer	l3fda
Argyl Hammer	叛鎚アルグル		hammer	l3fdb
Argyl Rebellion	乱叛鎚アルグル		hammer	l3fdc
Feather Freaky	フェザーフリーキー		hammer	l3b17
Feather Trip	フェザートリップ		hammer	l3b18
Feather Flow	フェザーフロウ		hammer	l3b19
Feather Comet	フェザーコメット		hammer	l3b1a
"Flameclub ""Anatoria"""	火竜猛鎚アナトリ		hammer	l3bd3
"Flameclub ""Joule"""	火竜猛鎚ジュール		hammer	l3bd4
"Flameclub ""Thian"""	火竜猛鎚ティアン		hammer	l3bd5
"Flameclub ""Leoshar"""	火竜猛鎚リオシャル		hammer	l3bd6
Deathroad Might	デスルート・シィラ		hammer	l3c7b
Deathroad Force	デスルート・ポデル		hammer	l3c7c
Deathroad Rule	デスルート・ピュイサ		hammer	l3c7d
Deathsign Dominion	デスサイン・マハトー		hammer	l3c7e
Hyuji Kapata	ヒュージ・カパタ		hammer	l3cef
Hyuji Aparu	ヒュージ・アパル		hammer	l3cf0
Hyuji Buwaru	ヒュージ・ブワル		hammer	l3cf1
Hyuhyuji Puroto	ヒュヒュージ・プロト		hammer	l3cf2
Blizzard Mist	ヴァランガテュレイラ		hammer	l3d07
Avalanche Mist	シュエブンテュレイラ		hammer	l3d08
Hailstorm Mist	ビンバテュレイラ		hammer	l3d09
Hailing Froststorm	ヘイルテューレ		hammer	l3d0a
Ganofloat	ガノフロート		hammer	l3e3f
Ganospalen	ガノスパレン		hammer	l3e40
Ganogarejja	ガノガレッジャ		hammer	l3e41
Ganontoreiben	ガノントレイベン		hammer	l3e42
"Dark Beat ""Lagopus"""	絶極冥雷鎚【雷鳥】		hammer	l3f73
"Dark Beat ""Fratercula"""	絶極冥雷鎚【花魁鳥】		hammer	l3f74
"Dark Beat ""Calonectris"""	絶極冥雷鎚【水薙鳥】		hammer	l3f75
"Dark Beat ""Ramphastos"""	絶極冥雷鎚【巨嘴鳥】		hammer	l3f76
"Rage Hammer ""Roar"""	極怒貌鎚【怒鳴】		hammer	l3fc2
"Rage Hammer ""Fury"""	極怒貌鎚【激昂】		hammer	l3fc3
"Rage Hammer ""Madness"""	極怒貌鎚【狂乱】		hammer	l3fc4
"Wrath Axe ""Colere"""	絶怒貌鎚コレール		hammer	l3fc5
Bloodless Impact Marija	喰血絶鎚マリジャ		hammer	l4277
Bloodless Impact Mars	喰血絶鎚マルス		hammer	l4278
Bloodless Impact Marin	喰血絶鎚マリン		hammer	l4279
Bloodless Impact Makadu	喰血絶鎚マカドゥ		hammer	l427a
Layer Hammer	多殻真鎚		hammer	l443b
"Layer Hammer ""Magnolia"""	多殻真鎚【木蓮】		hammer	l443c
"Layer Hammer ""Oleander"""	多殻真鎚【夾竹桃】		hammer	l443d
"Layer Hammer ""Camellia"""	多殻真鎚【山茶花】		hammer	l443e
"Composer Mace ""Intro"""	歌唄ノ鎚【前奏】		hammer	l3b91
"Composer Mace ""Chorus"""	歌唄ノ鎚【中奏】		hammer	l3b92
"Composer Mace ""Encore"""	歌唄ノ鎚【後奏】		hammer	l3b93
"Prayer Beat ""Prelude"""	歌踊ノ鎚【前奏】		hammer	l3d48
"Prayer Beat ""Interlude"""	歌踊ノ鎚【中奏】		hammer	l3d49
"Prayer Beat ""Finale"""	歌踊ノ鎚【後奏】		hammer	l3d4a
"Musical Mace ""Prelude"""	歌舞ノ鎚【前奏】		hammer	l3efd
"Musical Mace ""Chorus"""	歌舞ノ鎚【中奏】		hammer	l3efe
"Musical Mace ""Encore"""	歌舞ノ鎚【後奏】		hammer	l3eff
"Recital Mace ""Prelude"""	歌詠ノ鎚【前奏】		hammer	l3fa7
"Recital Mace ""Chorus"""	歌詠ノ鎚【中奏】		hammer	l3fa8
"Recital Mace ""Encore"""	歌詠ノ鎚【後奏】		hammer	l3fa9
"Melody Mace ""Prelude"""	歌奏ノ鎚【前奏】		hammer	l4163
"Melody Mace ""Chorus"""	歌奏ノ鎚【中奏】		hammer	l4164
"Melody Mace ""Encore"""	歌奏ノ鎚【後奏】		hammer	l4165
"Enrapture Bash ""Intro"""	歌繋ノ鎚【前奏】		hammer	l4378
"Enrapture Bash ""Chorus"""	歌繋ノ鎚【中奏】		hammer	l4379
"Enrapture Bash ""Encore"""	歌繋ノ鎚【後奏】		hammer	l437a
Gold Mace	ゴールドメイス		hammer	l2c9e
Gold Trophy	ゴールドトロフィー		hammer	l2c9f
Gold Ceremony	ゴールドセレモニー		hammer	l2ca0
Gold Festi	ゴールドフェスタ		hammer	l2ca1
Gold Shrine	ゴールドティファレ		hammer	l317f
Silver Mace	シルバーメイス		hammer	l2ca3
Silver Trophy	シルバートロフィー		hammer	l2ca4
Silver Ceremony	シルバーセレモニー		hammer	l2ca5
Silver Festi	シルバーフェスタ		hammer	l2ca6
Silver Shrine	シルバーティファレ		hammer	l3180
Bronze Mace	ブロンズメイス		hammer	l2ca8
Bronze Trophy	ブロンズトロフィー		hammer	l2ca9
Bronze Ceremony	ブロンズセレモニー		hammer	l2caa
Bronze Festi	ブロンズフェスタ		hammer	l2cab
Bronze Shrine	ブロンズティファレ		hammer	l3181
S.Arbalest	Ｓ・アルバレスト	Ｓ·十字弓	heavy	l003d
S.Arbalest II	Ｓ・アルバレストⅡ	Ｓ·十字弓Ⅱ	heavy	l05a1
Earth Eater	アースイーター	大地吞噬者	heavy	l007d
Ice Storm	アイスストーム	冰雪風暴	heavy	l00ea
Icethrower	アイススロワー	冰雪投擲者	heavy	l008e
Auf Klinge	アウフ・クリンゲ	肆掠之刃	heavy	l0586
Arbalest	アルバレスト	十字重弩	heavy	l000d
Arbalest+	アルバレスト改	十字弓·改	heavy	l000e
Rubino Splash	アルビノスプラッシュ	白化噴吐重弩	heavy	l010c
Mega Kut-Ku Cannon	イャンクック砲	怪鳥砲	heavy	l0048
Injection Gun	インジェクションガン	注射重弩	heavy	l0016
Vashimu Cannon	ヴァシムキャノン	尾晶蠍加農	heavy	l02a6
Vashimu Launcher	ヴァシムランチャー	尾晶蠍發射器	heavy	l02a7
Vor Kanone	ヴォルカノーネ	火山重砲	heavy	l04f2
Vor Cannon	ヴォルキャノン	火山加農	heavy	l0046
Gaoren's Fire	ガオレンスフィア	要塞火力	heavy	l0065
Kaktus Waffe	カクトスヴァフェ	棘刺守謢者	heavy	l00ed
Kaktus Kugel	カクトスクーゲル	棘刺彈丸	heavy	l00ec
Primakaktus	カクトスプリーマ	棘刺尊榮	heavy	l010b
Plesioth Scream	ガノスクリーム	魚龍尖嘯	heavy	l05a3
Plesioth Subillo	ガノスビロー	水龍巨浪	heavy	l00d7
Pressurized Plesioth	ガノスプレッシャー	魚龍水弩	heavy	l008c
Remombra Strike	ガブラストライク	蛇龍衝擊	heavy	l02d3
Remobra Plush	ガブラスプラッシュ	蛇龍水花	heavy	l02d2
Raven Heirloom	カホウ【烏】	火砲【烏】	heavy	l0014
Wolf Heirloom	カホウ【狼】	火砲【狼】	heavy	l0063
Quickcaster	クイックキャスト	迅雷狙擊弩	heavy	l0011
Quickcaster+	クイックキャスト改	迅雷狙擊弩·改	heavy	l0040
Gravios Howl	グラビモスヴォギト	鎧龍狂嘯	heavy	l0545
Gravios Roar	グラビモスロア	鎧龍咆哮	heavy	l001a
Daora's Grande	グラン＝ダオラ	鋼龍重弩	heavy	l007f
Zielen Klinge	ズィエレン・クリンゲ	猙獰之刃	heavy	l0588
Stinger	スティンカー	異臭弩	heavy	l008d
Tankmage	タンクメイジ	戰車魔術師	heavy	l000f
Tank Mage II	タンクメイジⅡ	戰車魔術師Ⅱ	heavy	l0543
Tankmage+	タンクメイジ改	戰車魔法師·改	heavy	l003e
Destiny's Hand	ディスティハーダ	命運日月弩	heavy	l0047
Teostra's Artillery	テオ＝アーティレリ	炎皇大砲	heavy	l009e
Teostra's Flames	テオ＝フランマルス	灼炎巨砲	heavy	l00a5
Ruko's Tenebra	テネブラ＝アーラ	闇暗之翼	heavy	l04e3
Duelcaster	デュエルキャスト	決鬥狙擊弩	heavy	l0041
Duelcaster+	デュエルキャスト改	決鬥狙擊弩·改	heavy	l0042
Daora's Delphinidae	デルフ＝ダオラ	鋼龍堅弩	heavy	l0062
Lunastra's Azul Cannon	ナナ＝アズールカノン	炎妃蒼藍加農	heavy	l009d
Lunastra's Azul Missile	ナナ＝アズールミシル	炎妃重弩	heavy	l00d8
Ladybug Cannon	ナナホシ大砲	七星大砲	heavy	l009c
Seven Stars	ナナホシ天砲	七星天砲	heavy	l009f
Nyan Nyan Gun	にゃんにゃんガン	喵喵弩	heavy	l02c8
Nyan Nyan Fire	にゃんにゃんファイア	喵喵火弩	heavy	l02c9
Bogen Klinge	バウエン・クリンゲ	暴戾之刃	heavy	l0587
Buster Crab	バスタークラブ	破壞蟹弩	heavy	l0064
Baston Blaster	バストンブラスター	風暴權柄	heavy	l00d9
Bastionmage	バストンメイジ	魔杖魔術師	heavy	l003f
Honeycomber	ハニーコーマー	蜂窩重弩	heavy	l004b
Power Sand	パワーサンド	力量沙弩	heavy	l008b
Heavy Buster Crab	ヘビィバスタークラブ	強化破壞蟹弩	heavy	l007e
Perlenkugel	ペルレクーゲル	珍珠彈丸	heavy	l02f6
Perle Prima	ペルレプリーマ	珍珠尊榮	heavy	l02f7
Volpe Strada	ボルペストラーダ	冰狐之道	heavy	l03de
Volpe Labyrinth	ボルペラビリント	冰狐迷宮	heavy	l03df
Mighty Cast	マイティキャスト	強力狙擊弩	heavy	l00eb
Mega Buster Crab	メガバスタークラブ	超強破壞蟹弩	heavy	l05a2
Metal Frame	メタルフレーム	合金骨弩	heavy	l00e9
Meteor Cannon	メテオキャノン	隕石加農	heavy	l0012
Meteor Buster	メテオバスター	隕石破壞者	heavy	l0045
Monodevilcaster	モノデビルキャスト	獨角惡魔狙擊弩	heavy	l0043
Monodevilcaster+	モノデビルキャスト改	獨角惡魔狙擊弩·改	heavy	l0044
Lava Blaster	ラヴァブラスター	熔岩暴風	heavy	l00c5
Lava Heretic	ラヴァヘレティック	熔岩異端者	heavy	l0544
Last Needle	ラストニードル	試作重弩	heavy	l0017
Rapidcaster	ラピッドキャスト	速射狙擊弩	heavy	l0010
Lio Storm	リオストーム	火龍風暴	heavy	l00fe
Ruko's Lumen	ルメン＝アーラ	流明之翼	heavy	l04e2
Rare Metal Frame	レアメタルフレーム	貴金屬骨弩	heavy	l04f3
Tigrex Howl	レックスハウル	轟龍咆哮	heavy	l00a8
Rosen Waffe	ローゼンヴァフェ	薔薇守護者	heavy	l00bd
Rosen Kugel	ローゼンクーゲル	薔薇彈丸	heavy	l00bc
Rosen Prima	ローゼンプリーマ	薔薇尊榮	heavy	l00be
Rock Eater	ロックイーター	食岩重弩	heavy	l0066
"Fanged Wolf Hbg ""Haze"""	牙狼重砲【霞】	牙狼重砲【霞】	heavy	l0330
"Fanged Wolf Hbg ""Frost"""	牙狼重砲【初霜】	牙狼重砲【初霜】	heavy	l0331
Tigrex Skull	轟砲【虎頭】	轟砲【虎頭】	heavy	l00aa
Crystal Heavy Bowgun	晶重弩	晶重弩	heavy	l0582
Lucent Crystal Hbg	晶重弩ルーチェ	光晶重弩	heavy	l0583
Blue Kut-Ku Cannon	青イャンクック砲	青怪鳥砲	heavy	l0013
Taikun Cannon	多殻重砲	多殼重砲	heavy	l0536
"Taikun Cannon ""Gunnera"""	多殻重砲【鬼蕗】	多殼重砲【鬼蕗】	heavy	l0538
"TaikunCannon""Aspidistra"""	多殻重砲【葉蘭】	多殼重砲【葉蘭】	heavy	l0537
Fury Hbg	怒髪砲	怒髮砲	heavy	l0408
"Fury Hbg ""Pieridae"""	怒髪砲【白蝶】	怒髮砲【白蝶】	heavy	l0409
Buzzard Thndrdance Hbg	舞雷重砲【華鷹】	舞雷重砲【華鷹】	heavy	l0123
Hawk Thunderdance Hbg	舞雷重砲【若鷹】	舞雷重砲【若鷹】	heavy	l0122
Hawk Darkbolt Gun	冥雷重砲【華鷹】	冥雷重砲【華鷹】	heavy	l0399
Lao-Shan Lung Cannon	老山龍砲	老山龍砲	heavy	l0015
Emperor Lao-Shan Cannon	老山龍砲・皇	老山龍砲·皇	heavy	l004a
Earth Lao-Shan Cannon	老山龍砲・地	老山龍砲·地	heavy	l00b6
Heaven Lao-Shan Cannon	老山龍砲・天	老山龍砲·天	heavy	l00b5
Supreme Lao-Shan Cannon	老山龍砲・覇	老山龍砲·霸	heavy	l0049
Lao-Shan Dragon Cannon	老山龍砲・煉	老山龍砲·煉	heavy	l04f1
Caravan HBG I	キャラバン重砲Ⅰ	商隊重砲Ⅰ	heavy	l0364
Caravan HBG II	キャラバン重砲Ⅱ	商隊重砲Ⅱ	heavy	l0365
Caravan HBG III	キャラバン重砲Ⅲ	商隊重砲Ⅲ	heavy	l0366
Caravan Roar Gun	キャラバン轟砲	商隊轟砲	heavy	l057d
Caravan Roar Gun II	キャラバン轟砲Ⅱ	商隊轟砲Ⅱ	heavy	l0adb
Caravan Roar Gun III	キャラバン轟砲Ⅲ	商隊轟砲Ⅲ	heavy	l0adc
A10C・パローネ重砲I	パローネ重砲Ⅰ		heavy	l0ca1
A20C・パローネ重砲II	パローネ重砲Ⅱ		heavy	l0ca2
A30C・パローネ重砲III	パローネ重砲Ⅲ		heavy	l0ca3
0E08・ジュピレットグリッド	ジュピレットグリッド	冰結祭儀重弩	heavy	l080e
0F08・ジュピレットパラス	ジュピレットパラス	冰結儀式重弩	heavy	l080f
Argen Cannon	アルゲンキャノン	鋼金加農	heavy	l04c5
Argen Launcher	アルゲンランチャー	鋼金發射器	heavy	l04c6
Zilvawiese	ジルバヴィーゼ	銀白野原	heavy	l04c7
Zilvadune	ジルバデューネ	銀白丘陵	heavy	l04c8
Desert Ruler	デザートルーラー	沙漠統治者	heavy	l040b
Desert Ruler+	デザートルーラー・改	沙漠統治者·改	heavy	l040c
Diablos Cannon	ディアブロス砲	角龍砲	heavy	l040d
Diablos Firearm	侠砲ディアブロス	角龍俠砲	heavy	l04ef
Black Ruler	ブラックルーラー	黑色統治者	heavy	l040e
Black Ruler+	ブラックルーラー・改	黑色統治者·改	heavy	l040f
Black Diablos Cannon	黒ディアブロス砲	黑角龍砲	heavy	l0410
Diablack Firearm	凶砲ディアブラック	黑角龍凶砲	heavy	l04f0
Epidemic Buster I	エピドシスバスターⅠ	進化重弩Ⅰ	heavy	l05e4
Epidemic Buster II	エピドシスバスターⅡ	進化重弩Ⅱ	heavy	l05e5
Epidemic Buster III	エピドシスバスターⅢ	進化重弩Ⅲ	heavy	l05e6
Cambio Devil I	カンビオデビルⅠ	幻化惡魔Ⅰ	heavy	l05e7
Cambio Devil II	カンビオデビルⅡ	幻化惡魔Ⅱ	heavy	l05e8
Cambio Devil III	カンビオデビルⅢ	幻化惡魔Ⅲ	heavy	l05e9
Initial	イニティバル	初始重弩	heavy	l067e
Cyprelaval	シプレラバル	元祖重弩	heavy	l06a8
Belumbal SP	ベルムバルSP	暗幕重弩SP	heavy	l06a9
Anteka Current	ガウシカラッシュ	雪鹿湧流	heavy	l039b
Anteka Assault	ガウシカアサルト	雪鹿奇襲	heavy	l039c
Anteka Rider	ガウシカライド	雪鹿騎士	heavy	l039d
Plesioth Berg	ガノスバーグ	水龍冰山	heavy	l0402
Plesioth Line	ガノスリーネ	水龍旋律	heavy	l0403
Initial Roar	インティナル・ロア	暗爪轟鳴	heavy	l0405
Grime Roar	グライム・ロア	汙塵轟鳴	heavy	l0406
Rising Roar	ライジング・ロア	日出轟鳴	heavy	l0407
Hate Horn	ヘイトホーン	憎惡之角	heavy	l0453
Fury Horn	フューリーホーン	盛怒之角	heavy	l0454
Rampage Horn	ランページホーン	憎憤之角	heavy	l0455
Power Stinger	ベルヴァカノン	野獸加農	heavy	l04d1
Wild Stinger	ベルヴァノヴァ	野獸新星	heavy	l04d2
Fatal Stinker	ベルヴァスレイ	野獸女神	heavy	l04d3
Graveley	グラヴィレイ	鎧龍射線弩	heavy	l04e5
Gravilina	グラヴィリーニア	鎧龍戰線弩	heavy	l04e6
Gravifrey	グラヴィフレイ	鎧龍爭鬥弩	heavy	l04e7
Nero's Howl	クエルディアハウル	角龍怒吼弩	heavy	l04e8
Nero's Roar	クエルディアロワー	角龍咆哮弩	heavy	l04e9
Nero's Blaster	クエルディアラスタ	角龍閃光弩	heavy	l04ea
Lava Breath Heavy Bowgun	溶岩重砲ラヴァブレス	熔岩重砲氣息	heavy	l053b
Lava Voice Heavy Bowgun	溶岩重砲ラヴァボイス	熔岩重砲音波	heavy	l053c
Lava Song Heavy Bowun	溶岩重砲ヴォルサイン	熔岩重砲龍頭	heavy	l053d
Raven Heirlooom	コクロウホウ【烏】	黑狼砲【烏】	heavy	l058a
Wolf Heirlooom	コクロウホウ【狼】	黑狼砲【狼】	heavy	l058b
Crow Heirloom	コクロウホウ【豹】	黑狼砲【豹】	heavy	l058c
Lio Tempesta	リオテンペスタ	火龍暴風	heavy	l0641
Angry Rebel	アングリフ・レベル	強襲叛逆	heavy	l0589
Niger's Tebera	ニゲル＝テネブラ	黑色暗闇	heavy	l04e4
Forte La Torre	フォルティラトーレ	強力冰狐龍重弩	heavy	l03e0
Luna's Dread	炎妃重弩【愛執】	炎妃重弩【愛執】	heavy	l0452
Flash Crystal Hbg	閃晶重弩イルミラーレ	光明閃晶重弩	heavy	l0584
Brillant Flash Hbg	烈閃重弩イルミレイオ	光明烈閃重弩	heavy	l0132
"Taikannon ""Dysosma"""	多殻堅重砲【八角蓮】	多殼堅重砲【八角蓮】	heavy	l0539
"Fury Hbg ""White Dew"""	怒髪重砲【白露】	怒髮重砲【白露】	heavy	l040a
Nebula Globes	ネブラグロブス	星雲天體	heavy	l02fe
Nebula Missile	ネブラダ・テルム	星雲飛彈	heavy	l0401
Nebula Thermut	ネブラダ・テルムット	星雲彈頭	heavy	l064f
Nebula Mortar	ネブラダ・テルミッタ	星雲迫擊砲	heavy	l06fb
Nebula Artilery	ネブラダ・デルダ	星雲猛擊砲	heavy	l0ad0
Nebula Cannon	ネブラダ・デルドゥ	ネブラダ·デルドゥ	heavy	l0c69
Falcon Thunderdance Hbg	真舞雷重砲【天鷹】	真舞雷重砲【天鷹】	heavy	l0124
True Falcon Darkbolt Gun	真冥雷重砲【天鷹】	真冥雷重砲【天鷹】	heavy	l039a
True Hawk Darkbolt Gun	真冥雷獄重砲【翔鷹】	真冥雷獄重砲【翔鷹】	heavy	l012f
True Eagle Darkbolt Gun	真冥雷獄重砲【幻鷹】	真冥雷獄重砲【幻鷹】	heavy	l06f9
True Sparrow DarkboltGun	真冥雷獄重砲【鮫鶲】	真冥雷獄重砲【鮫鶲】	heavy	l08ba
Giant Star Shellking Hbg	殻王重砲【巨星】	殼王重砲【巨星】	heavy	l036d
Comet Sheelking Hbg	殻王獄重砲【彗星】	殼王獄重砲【彗星】	heavy	l05e2
Shellking Meteor Shower	殻王獄重砲【流星群】	殼王獄重砲【流星群】	heavy	l0651
"Alpha Canis ""Moonless"""	殻王獄重砲【闇夜空】	殼王獄重砲【闇夜空】	heavy	l06fd
"Sirius Hbg ""Blizzard"""	天狼重砲【吹雪】	天狼重砲【吹雪】	heavy	l0332
"Alpha Canis ""Snowstorm"""	天狼獄重砲【嵐雪】	天狼獄重砲【嵐雪】	heavy	l04eb
"Alpha Canis ""Ice Storm"""	天狼獄重砲【氷嵐】	天狼獄重砲【冰嵐】	heavy	l0650
"Alpha Canis""Frozen Soil"""	天狼獄重砲【凍土】	天狼獄重砲【凍土】	heavy	l06fc
"Alpha Canis ""Avalanche"""	天狼獄重砲【雪崩】	天狼獄重砲【雪崩】	heavy	l0a2c
DF05・弩岩重弩【射】	弩岩重弩【射】	弩岩重弩【射】	heavy	l05df
E005・弩岩獄重弩【構射】	弩岩獄重弩【構射】	弩岩獄重弩【構射】	heavy	l05e0
E105・弩岩獄重弩【狙熱射】	弩岩獄重弩【狙熱射】	弩岩獄重弩【狙熱射】	heavy	l05e1
Shadowshot Odi Cannon	弩岩獄重弩【狙激射】	弩岩獄重弩【狙激射】	heavy	l06fa
Shadowpierce Odi Cannon	弩岩烈重弩【狙劇射】	弩岩烈重弩【狙劇射】	heavy	l0acf
Disscharge Odi Cannon	弩岩始重弩【射】	弩岩始重弩【射】	heavy	l0c6a
Tita Kanone	ティタ・カノーネ	狠鬥·大砲	heavy	l06f5
Tita Tyra	ティタ・ティラ	狠鬥·戰意	heavy	l06f6
Tita Star	ティタ・エストール	狠鬥·明星	heavy	l06f7
Tita L Astra	ティタ・Ｌ・アストラ	狠鬥·Ｌ·飛射	heavy	l06f8
Zeru Scream [Light]	輝界白竜重砲【光叫】	輝界白龍重砲【光叫】	heavy	l082c
Zeru Scream [Gleam]	輝界白竜重砲【輝叫】	輝界白龍重砲【輝叫】	heavy	l082d
Zeru Scream [Dazzle]	輝界白竜重砲【眩叫】	輝界白龍重砲【眩叫】	heavy	l082e
Zeru Scream [Shine]	輝界白竜重砲【耀叫】	輝界白龍重砲【耀叫】	heavy	l082f
Zeru Scream [Luster]	輝界白竜重砲【煌叫】	輝界白龍重砲【煌叫】	heavy	l0830
Baru Bloodattack	バル・アタクル	噬血·遊蕩	heavy	l089c
Baru Blooddesire	バル・ウルオル	噬血·渴望	heavy	l089d
Baru Blodimpulse	バル・ツアンサル	噬血·衝動	heavy	l089e
Baru Bloodcrime	バル・クリミネル	噬血·罪犯	heavy	l089f
Baru Bloodjack	バル・ジャック	噬血·掠奪	heavy	l08a0
880B・バル・フェリータ	バル・フェリータ	バル·穩健ータ	heavy	l0b88
AE08・コーレガイト	コーレガイト	玄影引導	heavy	l08ae
AF08・コーレガネス	コーレガネス	玄影引路人	heavy	l08af
B008・コーレガネオス	コーレガネオス	玄影干擾	heavy	l08b0
B108・コーレガストム	コーレガストム	玄影混亂	heavy	l08b1
B208・コーレガンドロフ	コーレガンドロフ	玄影破壞者	heavy	l08b2
Core Glaze	コーレガリュゼ		heavy	l0ced
Furoru Ametra	フロルアメトラ	花漾機槍	heavy	l0a6a
Furoru Mitry	フロルミトライ	花漾重機槍	heavy	l0a6b
Furoru Torice	フロルトリーチェ	花樣衝鋒機槍	heavy	l0a6c
Furoru Siege	フロルシエージュ	花漾突擊機槍	heavy	l0a6d
Furoru Shitio	フロルシーティオ	花樣衝擊機槍	heavy	l0a6e
Furoru's Jolly	フロル＝ジョリィ		heavy	l0dfc
Golddust Storm Hbg	金塵翔龍重弩【風轟】	金塵翔龍重弩【風轟】	heavy	l0a74
Golddust Thunder Hbg	金塵翔龍重弩【旋轟】	金塵翔龍重弩【旋轟】	heavy	l0a75
Golddust Tornado Hbg	金塵翔龍重弩【纏轟】	金塵翔龍重弩【纏轟】	heavy	l0a76
Golddust Thunderroar Hbg	金塵翔龍重弩【荒轟】	金塵翔龍重弩【荒轟】	heavy	l0a77
Golddust Tempest Hbg	金塵翔龍重弩【嵐轟】	金塵翔龍重弩【嵐轟】	heavy	l0a78
6A0B・炎角重砲【葦牙】	炎角重砲【葦牙】	炎角重砲【葦牙】	heavy	l0b6a
6B0B・炎角重砲【瑞枝】	炎角重砲【瑞枝】	炎角重砲【瑞枝】	heavy	l0b6b
6C0B・炎角重砲【青糸】	炎角重砲【青糸】	炎角重砲【青系】	heavy	l0b6c
6D0B・炎角重砲【蘖】	炎角重砲【蘖】	炎角重砲【蘗】	heavy	l0b6d
6E0B・炎角重砲【花筏】	炎角重砲【花筏】	炎角重砲【花筏】	heavy	l0b6e
FE0D・炎角始重砲【舞花筏】	炎角始重砲【舞花筏】		heavy	l0dfe
Imperial Cannon	帝征重砲		heavy	l0d15
Imperial Grace Cannon	帝征重砲【品格】		heavy	l0d16
Imperial Dignity Cannon	帝征重砲【風格】		heavy	l0d17
Imperial Majesty Cannon	帝征獄重砲【威風】		heavy	l0d18
Imperial Presence Cannon	帝征烈重砲【貫録】		heavy	l0d19
Imperial Sanctity Cannon	帝征烈始砲【尊厳】		heavy	l0d1a
Volja Charla	ヴォルカ・シャルラ		heavy	l0dca
Volja Ecal	ヴォルカ・エキャル		heavy	l0dcb
Volja Alicos	ヴォルカ・アリコス		heavy	l0dcc
Volja Bermeli	ヴォルカ・ベルメリ		heavy	l0dcd
Volja Rubicon	ヴォルカ・ルビクン		heavy	l0dce
Volja Lemaze	ヴォルカ・ルメーズ		heavy	l0dcf
Cardo Cannon	カルドキャノン	地獄加農	heavy	l039e
Cardo Launcher	カルドランチャー	地獄發射器	heavy	l039f
Rotwiese	ロートヴィーゼ	紅色野原	heavy	l03a0
Rotdune	ロートデューネ	紅色丘陵	heavy	l0411
Cardo Squall	カルドスコール	地獄暴雨	heavy	l0483
Cardo Peftis	カルドペフティス	地獄流星	heavy	l0484
Rotkrater	ロートクラータ	紅色汽缸頭	heavy	l0485
Rote Krone	ロートゲクローネ	紅色王冠	heavy	l0486
Rotfresser	ロートフレッサ	紅色閃爍	heavy	l0a38
Partner Launcher	パルトナランチャー	戰友發射器	heavy	l0a3a
Orion Bazooka	オライアバスカー	命定重弩	heavy	l0801
Orion Casper	オライアキャスパー	逐日重弩	heavy	l0802
Orion Christel	オライアクリステル	成聖重弩	heavy	l0803
White Cat Barrel Mk1	しろねこ壱番樽	白貓壹番樽	heavy	l09f2
White Cat Barrel Mk2	しろねこ弐番樽	白貓貳番樽	heavy	l09f3
White Cat Barrel Mk3	しろねこ参番樽	白貓參番樽	heavy	l09f4
Black Cat Barrel Mk1	くろねこ壱番樽	黑貓壹番樽	heavy	l09f5
Black Cat Barrel Mk2	くろねこ弐番樽	黑貓貳番樽	heavy	l09f6
Black Cat Barrel Mk3	くろねこ参番樽	黑貓參番樽	heavy	l09f7
Black Cat Barrel Mk4	くろねこ四番樽	黑貓肆番樽	heavy	l0ae0
Black Cat Barrel Mk5	くろねこ五番樽	黑貓伍番樽	heavy	l0ae1
Black Cat Barrel Mk6	くろねこ六番樽	黑貓陸番樽	heavy	l0ae2
Eques Cannon	エクエスキャノン	騎士加農	heavy	l036e
Eques Launcher	エクエスランチャー	騎士發射器	heavy	l036f
Weisse Wiese	ヴァイスヴィーゼ	白色野原	heavy	l0370
Weiss Dune	ヴァイスデューネ	白色丘陵	heavy	l04ed
Strega Cannon	ストレガキャノン	魔女加農	heavy	l0371
Strega Launcher	ストレガランチャー	魔女發射器	heavy	l0372
Schwarze Wiese	シュヴァルツヴィーゼ	黑色野原	heavy	l0373
Schwarz Dune	シュヴァルツデューネ	黑色丘陵	heavy	l04ee
Schwarzriesen	シュヴァルツニーゼン	黑色噴射	heavy	l057c
Eques Squall	エクエススコール	騎士暴雨	heavy	l0456
Eques Nephthis	エクエスペフティス	騎士流星	heavy	l0457
Weisser Krater	ヴァイスクラータ	白色汽缸頭	heavy	l0458
Weisskrone	ヴァイスグローネ	白色皇冠	heavy	l04f4
Strega Squall	ストレガスコール	魔女暴雨	heavy	l0459
Strega Pephtis	ストレガペフティス	魔女流星	heavy	l045a
Schwarzer Krater	シュヴァルツクラータ	黑色汽缸頭	heavy	l045b
Schwarzkrone	シュヴァルツグローネ	黑色皇冠	heavy	l04f5
Schwarz Fressen	シュヴァルツフレッサ	黑色閃爍	heavy	l05ea
Aurora Cannon	オーロワキャノン	金黃加農	heavy	l0591
Aurora Launcher	オーロワランチャー	金黃發射器	heavy	l0592
Gold Wiese	ゴルトヴィーゼ	黃金野原	heavy	l0593
Gold Dune	ゴルトデューネ	黃金砂丘	heavy	l0594
Gold Fresser	ゴルトフレッサ	黃金閃爍	heavy	l0595
180A・ルレードファイア	ルレードファイア	熾紅之火	heavy	l0a18
190A・ルレードガロード	ルレードガロード	熾紅重弩	heavy	l0a19
1A0A・シャロンバワード	シャロンバワード	冥神巨力	heavy	l0a1a
1B0A・シャロンベルガル	シャロンベルガル	冥神破擊	heavy	l0a1b
Noble Fire	ノーベルファイア	無畏焰火	heavy	l0a89
8A0A・ノーベルガロード	ノーベルガロード	無畏熱意	heavy	l0a8a
8B0A・ゲイオンバワード	ゲイオンバワード	忠誠巨力	heavy	l0a8b
8C0A・ゲイオンベルガル	ゲイオンベルガル	忠誠試煉	heavy	l0a8c
480B・オーロワスコール	オーロワスコール	金黃暴雨	heavy	l0b48
490B・オーロワペフティス	オーロワペフティス	金黃流星	heavy	l0b49
4A0B・ゴルトグローネ	ゴルトグローネ	黃金皇冠	heavy	l0b4a
4B0B・ゴルトニーゼン	ゴルトニーゼン	黃金噴射	heavy	l0b4b
020C・バルザガクレアティ	バルザガクレアティ	バルザガクレアティ	heavy	l0c02
030C・バルザガティビダー	バルザガティビダー	バルザガティビダー	heavy	l0c03
040C・リートスゲッツェ	リートスゲッツェ	リートスゲッツェ	heavy	l0c04
050C・リートスヴァイゼ	リートスヴァイゼ	リートスヴァイゼ	heavy	l0c05
230C・ヴィレスコール	ヴィレスコール	ヴィレスコール	heavy	l0c23
240C・ヴィレペフティス	ヴィレペフティス	ヴィレペフティス	heavy	l0c24
250C・ルストグローネ	ルストグローネ	ルストグローネ	heavy	l0c25
260C・ルストニーゼン	ルストニーゼン	ルストニーゼン	heavy	l0c26
D40D・ソルエルクレアティ	ソルエルクレアティ		heavy	l0dd4
D50D・ソルエルティビダー	ソルエルティビダー		heavy	l0dd5
D60D・シュヴァルツゲッツェ	シュヴァルツゲッツェ		heavy	l0dd6
D70D・ゲヴィッタクレアティ	ゲヴィッタクレアティ		heavy	l0dd7
Vola Launcher	ヴォーランチャー		heavy	l0e9b
Vola Launcher+	ヴォーランチャー・改		heavy	l0e9c
True Vola Launcher	ヴォーランチャー・真		heavy	l0e9d
Alvora Launcher	アルヴォーランチャー		heavy	l0e9e
0B0F・アズラクブラッサー	アズラクブラッサー		heavy	l0f0b
0C0F・ルラキブラッサー	ルラキブラッサー		heavy	l0f0c
0D0F・ガルボイブラッサー	ガルボイブラッサー		heavy	l0f0d
0E0F・ニリィブラッサー	ニリィブラッサー		heavy	l0f0e
Ruberfusier	ルベルフュジ		heavy	l0f29
Ruberfusier+	ルベルフュジ・改		heavy	l0f2a
True Ruberfusier	ルベルフュジ・真		heavy	l0f2b
Terra Ruberfusier	テラルベルフュジ		heavy	l0f2c
Ravina Burst	ラヴィナバースト		heavy	l0f5f
Ravina Burst+	ラヴィナバースト・改		heavy	l0f60
True Ravina Burst	ラヴィナバースト・真		heavy	l0f61
Final Ravina Burst	ラヴィーナバースト		heavy	l0f62
Dua Rakete	デュアラケーテ		heavy	l0fcb
Dua Rakete+	デュアラケーテ・改		heavy	l0fcc
True Dua Rakete	デュアラケーテ・真		heavy	l0fcd
Esdua Rakete	エスデュアラケーテ		heavy	l0fce
Chroma Launcher	クロマランチャー		heavy	l1025
Chroma Launcher+	クロマランチャー・改		heavy	l1026
True Chroma Launcher	クロマランチャー・真		heavy	l1027
Final Chroma Launcher	クローマランチャー		heavy	l1028
Poet Launcher	ポエトランチャー		heavy	l104b
Poet Launcher+	ポエトランチャー・改		heavy	l104c
True Poet Launcher	ポエトランチャー・真		heavy	l104d
Poetry Launcher	ポエトリランチャー		heavy	l104e
FC07・アスカールカルデ	アスカールカルデ	疑問者	heavy	l07fc
FD07・アスカールホルム	アスカールホルム	詢問者	heavy	l07fd
FE07・アスカールヘナンテ	アスカールヘナンテ	質問者	heavy	l07fe
FF07・アスカールゲーテ	アスカールゲーテ	逼問者	heavy	l07ff
Silver Cat Nyannon	ぎんねこニャノン	銀貓大砲	heavy	l0a07
Silver Cat Nyaster	ぎんねこニャスト	銀貓鑄造	heavy	l0a08
Silver Cat Nyauncher	ぎんねこニャンチャー	銀貓發射筒	heavy	l0a09
Golden Cat Cannon	きんねこキャノン	金貓大砲	heavy	l0a02
Golden Cat Caster	きんねこキャスト	金貓鑄造	heavy	l0a03
Golden Cat Launcher	きんねこランチャー	金貓發射器	heavy	l0a04
Golden Cat Buster	きんねこバスター	金貓破壞者	heavy	l0a05
Anteka Pulse	ガウシカパルス	雪鹿脈動	heavy	l03e1
Anteka Breath	ガウシカブレス	雪鹿氣息	heavy	l03e2
Anteka Ambition	ガウシカアンビション	雪鹿雄心	heavy	l03e3
Anteka Bomber	ガウシカボンバー	雪鹿轟炸機	heavy	l04ec
Anteka Storm	ガウシカストーム	雪鹿暴風	heavy	l0822
Anteka Tempest	ガウシカテンペスト	雪鹿風暴	heavy	l0823
Mk2 Heavy Bowgun	弐拾式大筒重砲	貳拾式大筒重砲	heavy	l047d
Mk3 Heavy Bowgun	参拾式大筒重砲	參拾式大筒重砲	heavy	l047e
Mk4 Heavy Bowgun	四拾式大筒重砲	肆拾式大筒重砲	heavy	l047f
5th Type Heavy Bowgun	五拾式大筒重砲	伍拾式大筒重砲	heavy	l059f
Zero Type Heavy Bowgun	零式大筒重砲	零式大筒重砲	heavy	l05a0
Typeless Heavy Bowgun	無式大筒重砲【欠番】	無式大筒重砲【無編號】	heavy	l0ad5
Kusha's Rera	クシャ＝レラ	鋼龍疾風	heavy	l0480
Kusha's Ibe	クシャル＝イーベ	鋼龍冰雹	heavy	l0481
Kusha's Pesos	クシャロ＝ペソシ	鋼龍雪雨	heavy	l0482
Kushala's Divinity	クシャレラ＝カムイ	鋼龍之神	heavy	l0542
Kushala's Silica	クシャネ＝シリカ	剋邪祝願	heavy	l05f0
Succession Gun	覇導砲	霸導砲	heavy	l053e
Era Succession Bowgun	覇導砲・世環弩	霸導砲·世環弩	heavy	l053f
Awa Succession Bowgun	覇導砲・沙阿弩	霸導砲·沙阿弩	heavy	l0540
Yama Succession Bowgun	覇導砲・閻弩	霸導砲·閻弩	heavy	l0541
Pure Guidance Gun	覇導砲・梵弩	霸導砲·梵弩	heavy	l06ee
Steamwork Heavy Bowgun	蒸気式機械重砲	蒸氣式機械重砲	heavy	l05eb
Steamwork Heavy Bowgun+	蒸気式機械重砲改	蒸氣式機械重砲·改	heavy	l05ec
Ultra Steamwork Hbg	超蒸気式機械重砲	超蒸氣式機械重砲	heavy	l05ed
Seras Multi-Type Cannon	セラス式多属性砲	極光式多屬性砲	heavy	l05ee
Arc Multi_Type Cannon	アルク式多重属性砲	弧光式多重屬性砲	heavy	l05ef
0A08・アスレーゼグライド	アスレーゼグライド	天裔滑翔	heavy	l080a
0B08・アスレーゼマイリー	アスレーゼマイリー	天裔咒縛	heavy	l080b
0C08・アスレーゼゼクス	アスレーゼゼクス	天裔解放	heavy	l080c
0D08・アスレーゼデーテ	アスレーゼデーテ	天裔傳承	heavy	l080d
Red Cat Tar Cannon	あかねこタル砲	紅貓砲桶	heavy	l09f8
Red Cat Heavy Tar Cannon	あかねこタル重砲	紅貓重砲桶	heavy	l09f9
Red Cat Huge Tar Cannon	あかねこタル大砲	紅貓大砲桶	heavy	l09fa
Red Cat Great Tar Cannon	あかねこタル撃砲	紅貓擊砲桶	heavy	l09fb
Red Cat Grand Tar Cannon	あかねこタル豪砲	紅貓豪砲桶	heavy	l09fc
Evil Cat Tar Cannon	あくねこタル砲	惡貓砲桶	heavy	l09fd
EvilCat Heavy Tar Cannon	あくねこタル重砲	惡貓重砲桶	heavy	l09fe
Evil Cat Huge Tar Cannon	あくねこタル大砲	惡貓大砲桶	heavy	l09ff
EvilCat Great Tar Cannon	あくねこタル撃砲	惡貓擊砲桶	heavy	l0a00
EvilCat Grand Tar Cannon	あくねこタル豪砲	惡貓豪砲桶	heavy	l0a01
F30B・ウルキースリング	ウルキースリング	貓頭猿スリング	heavy	l0bf3
F40B・ウルキーシューター	ウルキーシューター	貓頭猿シューター	heavy	l0bf4
F50B・ウルキーブルーム	ウルキーブルーム	貓頭猿青色ム	heavy	l0bf5
F60B・ウルキーブーケ	ウルキーブーケ	貓頭猿ブーケ	heavy	l0bf6
FA0C・猛炎ヲ迎エ撃ツ重弩	猛炎ヲ迎エ撃ツ重弩		heavy	l0cfa
Galaxy Bridge	星河ノ架橋		heavy	l0d37
Starlight Bridge	星彩ノ架橋		heavy	l0d38
Stardust Bridge	星霜ノ架橋		heavy	l0d39
Nebula Bridge	星雲ノ架橋		heavy	l0ef0
Black Felyne	ブラック・アイルー		heavy	l0e26
Dark Felyne	ダーク・アイルー		heavy	l0e27
Nightmare Felyne	ナイトメア・アイルー		heavy	l0e28
Solemn Eyes Cannon	炯眼ヲ粛静ス重砲		heavy	l0f0a
"Resolute Rifle ""New"""	決意の重弩【新】		heavy	l0f9f
"Resolute Rifle ""Lunge"""	決意の重弩【進】		heavy	l0fa0
"Resolute Rifle ""Faith"""	決意の重弩【信】		heavy	l0fa1
"Resolute Rifle ""Heart"""	決意の重弩【心】		heavy	l0fa2
"Resolute Rifle ""Truth"""	決意の重弩【真】		heavy	l0fa3
"Resolute Rifle ""Divine"""	決意の重弩【神】		heavy	l0fa4
Goru Cannon I	ゴルカノンⅠ		heavy	l100b
Goru Cannon II	ゴルカノンⅡ		heavy	l100c
Goru Cannon III	ゴルカノンⅢ		heavy	l100d
"Goru Cannon ""Zero"""	ゴルカノン・ゼロ		heavy	l100e
Aru Cannon I	アルカノンⅠ		heavy	l100f
Aru Cannon II	アルカノンⅡ		heavy	l1010
Aru Cannon III	アルカノンⅢ		heavy	l1011
"Aru Cannon ""Zero"""	アルカノン・ゼロ		heavy	l1012
Knuckle KG Viper	ナッケルＫＧバイパー		heavy	l07f7
Knuckle KG Proxy	ナッケルＫＧプロキシ		heavy	l07f8
Knuckle KG Maxima	ナッケルＫＧマキシマ		heavy	l07f9
Knuckle Mauser	ナッケン・マウツァー		heavy	l07fa
Knuckle Salver	ナッケン・ザルヴァー		heavy	l07fb
Steel Puffer I	スティールパッファⅠ	鋼鐵猛牛Ⅰ	heavy	l00e5
Steel Puffer II	スティールパッファⅡ	鋼鐵猛牛Ⅱ	heavy	l00e6
Steel Puffer III	スティールパッファⅢ	鋼鐵猛牛Ⅲ	heavy	l00e7
Steel Puffer IV	スティールパッファⅣ	鋼鐵猛牛Ⅳ	heavy	l00e8
Steel Puffer V	スティールパッファⅤ	鋼鐵猛牛Ⅴ	heavy	l0303
Steel Puffer VI	スティールパッファⅥ	鋼鐵猛牛Ⅵ	heavy	l0a3e
Steel Puffer VII	スティールパッファⅦ	鋼鐵猛牛Ⅶ	heavy	l0a3f
スティールパッファVIII	スティールパッファⅧ	鋼鐵猛牛Ⅷ	heavy	l0a40
Sapphir Puffer I	サフィールパッファⅠ	蒼玉猛牛Ⅰ	heavy	l02ab
Sapphir Puffer II	サフィールパッファⅡ	蒼玉猛牛Ⅱ	heavy	l02ac
Sapphir Puffer III	サフィールパッファⅢ	蒼玉猛牛Ⅲ	heavy	l02ad
Rubino Puffer I	ルビーノパッファⅠ	紅石猛牛Ⅰ	heavy	l0300
Rubino Puffer II	ルビーノパッファⅡ	紅石猛牛Ⅱ	heavy	l0301
Rubino Puffer III	ルビーノパッファⅢ	紅石猛牛Ⅲ	heavy	l0302
Rubino Puffer IV	ルビーノパッファⅣ	紅石猛牛Ⅳ	heavy	l02ff
Rubino Puffer V	ルビーノパッファⅤ		heavy	l0db6
Rubino Puffer VI	ルビーノパッファⅥ		heavy	l0db7
Citrine Puffer I	シトリアパッファⅠ	黃寶猛牛Ⅰ	heavy	l03aa
Citrine Puffer II	シトリアパッファⅡ	黃寶猛牛Ⅱ	heavy	l03ab
Citrine Puffer III	シトリアパッファⅢ	黃寶猛牛Ⅲ	heavy	l03ac
Citrine Puffer IV	シトリアパッファⅣ	黃寶猛牛Ⅳ	heavy	l03ad
Amethyst Puffer I	アメシスパッファⅠ	紫晶猛牛Ⅰ	heavy	l045c
Amethyst Puffer II	アメシスパッファⅡ	紫晶猛牛Ⅱ	heavy	l045d
Amethyst Puffer III	アメシスパッファⅢ	紫晶猛牛Ⅲ	heavy	l045e
Amethyst Puffer IV	アメシスパッファⅣ	紫晶猛牛Ⅳ	heavy	l045f
Coral Striker	コーラル・ストリバー	珊瑚奮鬥者	heavy	l02a8
Jasper Striker	ジャスプ・ストリバー	血玉奮鬥者	heavy	l02a9
Lapiz Striker	ラピス・ストリバー	青金奮鬥者	heavy	l02aa
Allyl Striker	アリル・ストリバー	神秘光輝重弩	heavy	l08fa
Strival Cannon	ストリバルカン	悠久光輝重弩	heavy	l08fb
FC08・フラゴールバルカン	フラゴールバルカン	亙古光輝重弩	heavy	l08fc
Sufendrit	スフェン・ドライト	榍隕石	heavy	l02d4
Chalcendrit	カルセド・ドライト	玉髓隕石	heavy	l02d5
Garnetdrit	グロッシュ・ドライト	柘榴隕石	heavy	l02d6
Verbaldrit	バーバル・ドライト	不滅光輝重弩	heavy	l08fd
Dry Auto Cannon	ドライオートキャノン	永恆光輝重弩	heavy	l08fe
Air Auto Cannon	エアオルトマキャノン	神性光輝重弩	heavy	l08ff
Deuce Solo	デュース・ソロ	先鋒獨俠	heavy	l0339
Deuce Trio	デュース・トリオ	先鋒三劍客	heavy	l033a
Deuce Quint	デュース・クイント	先鋒五虎	heavy	l033b
Deuce Sanque	デュース・サンクエ	先鋒六角	heavy	l0906
Deuce Cebucis	デュース・セブシス	先鋒七星	heavy	l0907
Deuce Nufite	デュース・ヌフィット	先鋒大軍	heavy	l0908
Radiant Sun Bowgun	バスハープⅠ	輝煌重弩Ⅰ	heavy	l0374
Radiant Sun Star Shot	バスハープ・ジェミ	雙星輝煌重弩	heavy	l0376
Brilliant Sun Star Shot	バスハープ・シュア	輝煌重弩·確信	heavy	l0909
0A09・バスハープ・イゾア	バスハープ・イゾア	輝煌重弩·真實	heavy	l090a
0B09・バスハープ・アイーナ	バスハープ・アイーナ	輝煌重弩·堅定	heavy	l090b
Mel Dean	メル・ディーン	黑色樞機長	heavy	l03ea
Melissa Dean	メラス・ディーン	漆黑樞機長	heavy	l03eb
Melody Dean	メラド・ディーン	深黑樞機長	heavy	l03ec
8B08・ハイディンティメラ	ハイディンティメラ	樞機擁護者	heavy	l088b
8C08・マウヤクゥイラーグ	マウヤクゥイラーグ	主教禁衛軍	heavy	l088c
9C05・レブ・マシロフ	レブ・マシロフ	赭紅貴族	heavy	l059c
9D05・レブ・ジグモス	レブ・ジグモス	赭紅名流	heavy	l059d
9E05・レブ・クロガル	レブ・クロガル	赭紅王子	heavy	l059e
0C09・レブ・ベルタム	レブ・ベルタム	夢境重弩	heavy	l090c
0D09・シルターレブール	シルターレブール	夢境庇護所	heavy	l090d
0E09・トラヴァーレブール	トラヴァーレブール	夢境草原	heavy	l090e
Melza I	メルザⅠ	靛藍貴族Ⅰ	heavy	l05f1
Melza II	メルザⅡ	靛藍貴族Ⅱ	heavy	l05f2
Melza Low	メルザ・ロー	靛藍王子	heavy	l05f3
Melza High	メルザ・ハイヤ－	靛藍騎士	heavy	l090f
D407・ポリカスパルト	ポリカスパルト	鷹隼重弩	heavy	l07d4
D507・ポリバルラークシン	ポリバルラークシン	銳利鷹隼重弩	heavy	l07d5
D607・ポリバルーベントゥダ	ポリバルーベントゥダ	褐紅鷹隼重弩	heavy	l07d6
D707・ポリバルーライネド	ポリバルーライネド	赤紅鷹隼重弩	heavy	l07d7
D807・アグスティバルトロン	アグスティバルトロン	日曜鷹隼重弩	heavy	l07d8
Barbaroi Lamis	バルバロイ・ラーミス	異民遨遊	heavy	l0914
Barbaroi Hades	バルバロイ・ハーデス	異民冥神	heavy	l0912
Barbaroi Leeden	バルバロイ・リーデン	異民馳騁	heavy	l0913
Barbaroi Orgas	バルバロイ・オルガス	異民迷走	heavy	l0915
Barbaroi Deramis	バルバロイ・デラミス	異民引導	heavy	l0916
Barbaroi Belmund	バルバロイ・ベルムド	異民驅逐	heavy	l0917
1A09・ベネウルスバルトロン	ベネウルスバルトロン	烈日鷹隼重弩	heavy	l091a
3F0B・オレズバールI	オレズバールⅠ	喚福Ⅰ	heavy	l0b3f
400B・オレズバールII	オレズバールⅡ	喚福Ⅱ	heavy	l0b40
420B・オレズバールIII	オレズバールⅢ	喚福Ⅲ	heavy	l0b42
430B・オレズバールIV	オレズバールⅣ	喚福Ⅳ	heavy	l0b43
440B・アリシ・ペザード	アリシ・ペザード	福招喚·天馬	heavy	l0b44
450B・アリシ・ヴェアラル	アリシ・ヴェアラル	福招喚·鷹獅	heavy	l0b45
0C0C・パタリャバールI	パタリャバールⅠ	パタリャバールⅠ	heavy	l0c0c
0D0C・パタリャバールII	パタリャバールⅡ	パタリャバールⅡ	heavy	l0c0d
0E0C・パタリャバールIII	パタリャバールⅢ	パタリャバールⅢ	heavy	l0c0e
0F0C・パタリャバールIV	パタリャバールⅣ	パタリャバールⅣ	heavy	l0c0f
100C・バリエ・ペザード	バリエ・ペザード	バリエ·ペザード	heavy	l0c10
110C・バリエ・ヴェアラル	バリエ・ヴェアラル	バリエ·ヴェアラル	heavy	l0c11
Heart Hit I	ハティエⅠ		heavy	l0c85
Heart Hit II	ハティエⅡ		heavy	l0c86
Heart Hit III	ハティエⅢ		heavy	l0c87
Heart Hit IV	ハティエⅣ		heavy	l0c88
890C・ハティエルン	ハティエルン		heavy	l0c89
8A0C・ハティエルクイーン	ハティエルクイーン		heavy	l0c8a
Cutie I	キュティエⅠ		heavy	l0ccf
Cutie II	キュティエⅡ		heavy	l0cd0
Cutie III	キュティエⅢ		heavy	l0cd1
Cutie IV	キュティエⅣ		heavy	l0cd2
Affection	キュティエルン		heavy	l0cd3
Cutie Queen	キュティエルクイーン		heavy	l0cd4
Fatal Magia	ファータ・マジーア	妖精·魔法	heavy	l0b33
Fatal Assaut	ファータ・アッサルト	妖精·突擊	heavy	l0b34
Fatal Briscola	ファータ・ブリスコラ	妖精·底牌	heavy	l0b35
Fatal Miracle	ファータ・ミラーコロ	妖精·奇蹟	heavy	l0b36
Fatal Oracle	ファータ・オラーコロ	妖精·神諭	heavy	l0b37
380B・ファータ・ネメジ	ファータ・ネメジ	妖精·天罰	heavy	l0b38
Fatal Lumen	ファータ・ルーメン		heavy	l0f3c
Positron Rifle I	ポジトロンライフルⅠ	ポジトロンライフルⅠ	heavy	l0c49
Positron Rifle II	ポジトロンライフルⅡ	ポジトロンライフルⅡ	heavy	l0c4a
Positron Rifle III	ポジトロンライフルⅢ	ポジトロンライフルⅢ	heavy	l0c4b
Positron Rifle IV	ポジトロンライフルⅣ	ポジトロンライフルⅣ	heavy	l0c4c
Positron Rifle V	ポジトロンライフルⅤ	ポジトロンライフルⅤ	heavy	l0c4d
Positron Rifle VI	ポジトロンライフルⅥ	ポジトロンライフルⅥ	heavy	l0c4e
D50C・トドル・デザト	トドル・デザト		heavy	l0cd5
D60C・トドル・ヴュスト	トドル・ヴュスト		heavy	l0cd6
D70C・トドル・シャモ	トドル・シャモ		heavy	l0cd7
D80C・トドル・エーデ	トドル・エーデ		heavy	l0cd8
D90C・トドル・レフィナ	トドル・レフィナ		heavy	l0cd9
DA0C・トドル・エスプレン	トドル・エスプレン		heavy	l0cda
Minest Desert	ミネスト・デザト		heavy	l0cdb
Minest Wueste	ミネスト・ヴュスト		heavy	l0cdc
DD0C・ミネスト・シャモ	ミネスト・シャモ		heavy	l0cdd
Minest Erde	ミネスト・エーデ		heavy	l0cde
DF0C・ミネスト・レフィナ	ミネスト・レフィナ		heavy	l0cdf
E00C・ミネスト・エスプレン	ミネスト・エスプレン		heavy	l0ce0
Barrel Rapidcannon I	樽ラッピーキャノンⅠ		heavy	l1013
Barrel Rapidcannon II	樽ラッピーキャノンⅡ		heavy	l1014
Barrel Rapidcannon III	樽ラッピーキャノンⅢ		heavy	l1015
Barrel Rapidcannon IV	樽ラッピーキャノンⅣ		heavy	l1016
Barrel Rapidcannon V	樽ラッピーキャノンⅤ		heavy	l1017
Barrel Rapidcannon VI	樽ラッピーキャノンⅥ		heavy	l1018
Maje・Moon	マジェ・ムーン		heavy	l1059
Maje・Hein	マジェ・ヘイン		heavy	l105a
Maje・Blaze	マジェ・ブレイズ		heavy	l105b
Maje・Trista	マジェ・トリスタ		heavy	l105c
Maje・Gracano	マジェ・グラカノ		heavy	l105d
Maje・Ceraunus	マジェ・ケラウノス		heavy	l105e
Gray・Moon	グレイ・ムーン		heavy	l106b
Gray・Hein	グレイ・ヘイン		heavy	l106c
Gray・Blaze	グレイ・ブレイズ		heavy	l106d
Gray・Trista	グレイ・トリスタ		heavy	l106e
Gray・Gracano	グレイ・グラカノ		heavy	l106f
Gray・Vajra	グレイ・ヴァジュラ		heavy	l1070
Bloom Star	ブルームスター		heavy	l0c8b
Meteor	ミーティア		heavy	l0c8c
Golden Cat Gun Mk1	きんねこ砲【壱式】	金貓砲【壹式】	heavy	l03a1
Golden Cat Gun Mk2	きんねこ砲【弐式】	金貓砲【貳式】	heavy	l03a2
Golden Cat Gun Mk3	きんねこ砲【参式】	金貓砲【參式】	heavy	l03a3
Gold Cat Gun Mk4	きんねこ砲【四式】	金貓砲【肆式】	heavy	l08df
Gold Cat Gun Mk5	きんねこ砲【伍式】	金貓砲【伍式】	heavy	l08e0
Gold Cat Gun Mk6	きんねこ砲【陸式】	金貓砲【陸式】	heavy	l08e1
Silver Cat Gun Mk1	ぎんねこ砲【壱式】	銀貓砲【壹式】	heavy	l03a4
Silver Cat Gun Mk2	ぎんねこ砲【弐式】	銀貓砲【貳式】	heavy	l03a5
Silver Cat Gun Mk3	ぎんねこ砲【参式】	銀貓砲【參式】	heavy	l03a6
Silver Cat Gun Mk4	ぎんねこ砲【四式】	銀貓砲【肆式】	heavy	l08e2
Silver Cat Gun Mk5	ぎんねこ砲【伍式】	銀貓砲【伍式】	heavy	l08e3
Silver Cat Gun Mk6	ぎんねこ砲【陸式】	銀貓砲【陸式】	heavy	l08e4
Gourd Bow Mk1	業弩壱式	業弩壹式	heavy	l0333
Gourd Bow Mk1+	業弩壱式・改	業弩壹式·改	heavy	l0334
Gourd Bow Mk1 Adv.	業弩壱式【駒】	業弩壹式【駒】	heavy	l0335
8D08・業弩壱式【繁栄】	業弩壱式【繁栄】	業弩壹式【繁榮】	heavy	l088d
Gourd Bow Mk2	業弩弐式	業弩貳式	heavy	l0336
Gourd Bow Mk2+	業弩弐式・改	業弩貳式·改	heavy	l0337
Gourd Bow Mk2 Adv.	業弩弐式【駒】	業弩貳式【駒】	heavy	l0338
8E08・業弩弐式【繁栄】	業弩弐式【繁栄】	業弩貳式【繁榮】	heavy	l088e
Slug Launcher	スラッグランチャー	亂鬥發射器	heavy	l03e4
Nade Launcher	ネイドランチャー	飛躍發射器	heavy	l03e5
Ulti Launcher	アルティランチャー	豪鋒發射器	heavy	l03e6
Last Launcher	ラストランチャー	終極發射器	heavy	l063f
Buster Launcher	バスターランチャー	毀滅發射器	heavy	l06ef
Mega Death Launcher	メガデスランチャー	超死神發射器	heavy	l091f
Lizard Mortar	リザードモルター	蜥蜴亡者	heavy	l03e7
Scale Mortar	スケイルモルター	鱗之亡者	heavy	l03e8
Drago Mortar	ドラコモルター	龍之亡者	heavy	l03e9
Dragon Mortar	ドラゴンモルター	惡龍亡者	heavy	l0640
Hydra Mortar	ヒュドラモルター	九頭蛇擊穿者	heavy	l06f0
Echidna Mortar	エキドナモルター	毒蛇亡者	heavy	l0920
Azuma Rifle	アズマリーフ	東方綠葉	heavy	l0460
Azuma Derifle	アズマデリーヴ	東方玉葉	heavy	l0461
F106・エイリア・クェンネル	エイリア・クェンネル	女皇領域	heavy	l06f1
F206・エイリア・ウィル	エイリア・ウィル	神意領域	heavy	l06f2
Azuma Rose	アズマローズ	東方玫瑰	heavy	l0463
Azuma Derose	アズマデローゼ	東方薔薇	heavy	l0464
F306・トーメン・クェンネル	トーメン・クェンネル	女皇苦痛	heavy	l06f3
F406・トーメン・ウィル	トーメン・ウィル	神意苦痛	heavy	l06f4
9A08・トーメン・ルジオ	トーメン・ルジオ	蒼閃連擊弩	heavy	l089a
Sawed Off Mortar	ソードオフモルタル	寶劍迫擊砲	heavy	l0661
Wicked Mortar	ウィックドモルタル	邪惡迫擊砲	heavy	l0662
Avarice Mortar	アヴァリスモルタル	貪婪迫擊砲	heavy	l0663
Barrage Mortar	バラージモルタル	連射迫擊砲	heavy	l0664
Impure Mortar	イムプルモルタル	進化迫擊砲	heavy	l09c9
CA09・プティオモルタル	プティオモルタル	精緻迫擊砲	heavy	l09ca
Sawed Off Carbarine	ソードオフカルバリン	寶劍長管砲	heavy	l0665
Wicked Carbarine	ウィックドカルバリン	邪惡長管砲	heavy	l0666
Avarice Carbarine	アヴァリスカルバリン	貪婪長管砲	heavy	l0667
Barrage Carbarine	バラージカルバリン	連射長管砲	heavy	l0668
Impure Carbine	イムプルカルバリン	進化重砲	heavy	l09cb
CC09・プティオカルバリン	プティオカルバリン	精緻重砲	heavy	l09cc
Jealousy I	ジェラシーⅠ	妒忌Ⅰ	heavy	l07ed
Jealousy II	ジェラシーⅡ	妒忌Ⅱ	heavy	l07ee
Jealousy III	ジェラシーⅢ	妒忌Ⅲ	heavy	l07ef
Jealousy IV	ジェラシーⅣ	妒忌Ⅳ	heavy	l07f0
Jealousy V	ジェラシーⅤ	妒忌Ⅴ	heavy	l07f1
Jealousy VI	ジェラシーⅥ	妒忌Ⅵ	heavy	l0895
Epidemic I	エピデミックⅠ	瘟疫Ⅰ	heavy	l07f2
Epidemic II	エピデミックⅡ	瘟疫Ⅱ	heavy	l07f3
Epidemic III	エピデミックⅢ	瘟疫Ⅲ	heavy	l07f4
Epidemic IV	エピデミックⅣ	瘟疫Ⅳ	heavy	l07f5
Epidemic V	エピデミックⅤ	瘟疫Ⅴ	heavy	l07f6
Epidemic VI	エピデミックⅥ	瘟疫Ⅵ	heavy	l0896
DB08・カエラ＝アンスル	カエラ＝アンスル	至愛·懺悟	heavy	l08db
DC08・ジル＝アンスル	ジル＝アンスル	少女·懺悟	heavy	l08dc
Argum Sphere	アルグムスパエラ	沉鍊球弩	heavy	l0599
9A05・ラティヌスパエラ	ラティヌスパエラ	古鍊球弩	heavy	l059a
9B05・ウル＝ベルカナ	ウル＝ベルカナ	戰鍊球弩	heavy	l059b
DD08・テツギ＝ベルカナ	テツギ＝ベルカナ	傳承·增長	heavy	l08dd
DE08・ドル＝ベルカナ	ドル＝ベルカナ	歲月·增長	heavy	l08de
Starlight mkIII・I	スターライトmkⅢ・Ⅰ	星光弩槍mkⅢ·Ⅰ	heavy	l0a47
Starlight mkIII・II	スターライトmkⅢ・Ⅱ	星光弩槍mkⅢ·Ⅱ	heavy	l0a48
Starlight mkIII・III	スターライトmkⅢ・Ⅲ	星光弩槍mkⅢ·Ⅲ	heavy	l0a49
Starlight mkIII・IV	スターライトmkⅢ・Ⅳ	星光弩槍mkⅢ·Ⅳ	heavy	l0a4a
Starlight mkIII・V	スターライトmkⅢ・Ⅴ	星光弩槍mkⅢ·Ⅴ	heavy	l0a4b
Starlight mkIII・VI	スターライトmkⅢ・Ⅵ	星光弩槍mkⅢ·Ⅵ	heavy	l0a4c
Varian Rifle	ヴァリアンライフル	護林人重弩	heavy	l06e1
Varian Scourge	ヴァリアンスコージ	護林人弩槍	heavy	l06e2
Varian Carbine	ヴァリアンカービン	護林人步槍	heavy	l06e3
Varian Draw	ヴァリアンドロウ	護林人迅擊槍	heavy	l06e4
Varian Blast	ヴァリアンブラスト	護林人衝擊槍	heavy	l06e5
Varian Monsoon	ヴァリアンモンスーン	護林人爆流槍	heavy	l06e6
Varian Tempest	ヴァリアンテンペスト	ヴァ羈絆暴風	heavy	l0c14
Essence Rifle	エッセンスライフル	精華重弩	heavy	l06e7
Essence Scourge	エッセンススコージ	精華弩槍	heavy	l06e8
Essence Carbine	エッセンスカービン	精華步槍	heavy	l06e9
Essence Draw	エッセンスドロウ	精華迅擊槍	heavy	l06ea
Essence Blast	エッセンスブラスト	精華衝擊槍	heavy	l06eb
Essence Torrent	エッセンスアトリ	精華激流槍	heavy	l06ec
Essensce Schwalbe	エッセンスシュワルベ	エッセンスシュワルベ	heavy	l0c15
Barrow Carbine	バロウカラビーヌ	推車手槍	heavy	l09b3
Virus Carbine	ヴィラルカラビーヌ	病毒逆襲	heavy	l09b4
Kind Carbine	カイントカラビーヌ	信念重槍	heavy	l09b5
Mercury Carbine	マルクルスカラビーヌ	水銀汞槍	heavy	l09b6
Dunellis Carbine	デュネリスカラビーヌ	羅馬古銀	heavy	l09b7
Rhodes Guardia	ローデスガルディア	朱槿重擊	heavy	l09b8
B909・モルアディガルディア	モルアディガルディア	帝王重擊	heavy	l09b9
Polar Carbine	ポウラーレカラビーヌ	暴風雷槍	heavy	l09ba
Farga Carbine	ファルガカラビーヌ	暴砂手槍	heavy	l09bb
Neish Carbine	ナイシュカラビーヌ	耐射手槍	heavy	l09bc
Paracarti Carbine	パラカティカラビーヌ	彼岸征服	heavy	l09bd
Genevi Carbine	ジェネビカラビーヌ	朱槿手槍	heavy	l09be
Les Guardia	レスガルディア	黃土重擊	heavy	l09bf
Gouache Guardia	ガッシュガルディア	水彩重擊	heavy	l09c0
050B・ラグリッター	ラグリッター	天泉	heavy	l0b05
060B・ラグリッター・ブトス	ラグリッター・ブトス	天泉·冥暗	heavy	l0b06
070B・ラグリッター・プロス	ラグリッター・プロス	天泉·門衛	heavy	l0b07
080B・ラグリッター・リプス	ラグリッター・リプス	天泉·審判	heavy	l0b08
090B・ラグリッター・ダスク	ラグリッター・ダスク	天泉·黃昏	heavy	l0b09
0A0B・ラグリッター・ソラシ	ラグリッター・ソラシ	天泉·日耀	heavy	l0b0a
0B0B・ラグリッター・ケイオ	ラグリッター・ケイオ	天泉·渾沌	heavy	l0b0b
400F・ラグリッター・パトス	ラグリッター・パトス		heavy	l0f40
0C0B・ザウリッター	ザウリッター	天火	heavy	l0b0c
0D0B・ザウリッター・ブトス	ザウリッター・ブトス	天火·冥暗	heavy	l0b0d
0E0B・ザウリッター・プロス	ザウリッター・プロス	天火·門衛	heavy	l0b0e
0F0B・ザウリッター・リプス	ザウリッター・リプス	天火·審判	heavy	l0b0f
100B・ザウリッター・ダスク	ザウリッター・ダスク	天火·黃昏	heavy	l0b10
110B・ザウリッター・ソラシ	ザウリッター・ソラシ	天火·日耀	heavy	l0b11
120B・ザウリッター・ケイオ	ザウリッター・ケイオ	天火·渾沌	heavy	l0b12
410F・ザウリッター・パトス	ザウリッター・パトス		heavy	l0f41
Ice Emperor	皇氷重弩		heavy	l0dec
Ice Emperor+	皇氷重弩・改		heavy	l0ded
"Ice Emperor ""Hailstorm"""	皇氷重弩【氷舞】		heavy	l0dee
"Ice Emperor ""Avalanche"""	皇氷重弩【氷襲】		heavy	l0def
"Ice Emperor ""Ice Age"""	皇氷重弩【氷河期】		heavy	l0df0
Ice Monarch	王皇氷重弩		heavy	l0df1
Ice Monarch+	王皇氷重弩・改		heavy	l0df2
Ice Monarch Neo	王皇氷重弩・絶		heavy	l0e95
Dark Ice Rifle	冥氷重弩		heavy	l0df3
Dark Ice Rifle+	冥氷重弩・改		heavy	l0df4
"Dark Ice Rifle ""Cruelty"""	冥氷重弩【暴慢】		heavy	l0df5
"Dark Ice Rifle ""Violent"""	冥氷重弩【暴悪】		heavy	l0df6
"Dark Ice Rifle ""Tyranny"""	冥氷重弩【暴虐】		heavy	l0df7
Dark Ice King Rifle	王冥氷重弩		heavy	l0df8
Dark Ice King Rifle+	王冥氷重弩・改		heavy	l0df9
Dark Ice King Rifle Neo	王冥氷重弩・絶		heavy	l0e96
Sacred Crumbling Earth I	地ヲ崩ス聖ノ重砲Ⅰ		heavy	l0efc
Sacred Crumbling Earth II	地ヲ崩ス聖ノ重砲Ⅱ		heavy	l0efd
Sacred Crumbling Earth III	地ヲ崩ス聖ノ重砲Ⅲ		heavy	l0efe
Sacred Crumbling Earth IV	地ヲ崩ス聖ノ重砲Ⅳ		heavy	l0eff
Sacred Crumbling Earth V	地ヲ崩ス聖ノ重砲Ⅴ		heavy	l0f00
Sacred Crumbling Earth VI	地ヲ崩ス聖ノ重砲Ⅵ		heavy	l0f01
Sacred Crumbling Earth VII	地ヲ崩ス聖ノ重砲Ⅶ		heavy	l0f02
Delight	ディレット		heavy	l0e87
Delight Sorude	ディレット・ソルテ		heavy	l0e88
Delight Tajau	ディレット・タジャウ		heavy	l0e89
Delight Vigor	ディレット・ヴィーゴ		heavy	l0e8a
Delight Spirit	ディレット・シィラ		heavy	l0e8b
Delight Sun	ディレット・サン		heavy	l0e8c
Delight Shin	ディレット・シン		heavy	l0e8d
Isty	イスティ		heavy	l0e8e
Isty Sorude	イスティ・ソルテ		heavy	l0e8f
Isty Tajau	イスティ・タジャウ		heavy	l0e90
Isty Vigor	イスティ・ヴィーゴ		heavy	l0e91
Isty Spirit	イスティ・シィラ		heavy	l0e92
Isty Sun	イスティ・サン		heavy	l0e93
Isty Shin	イスティ・シン		heavy	l0e94
Asha	マーシャ	永生	heavy	l0ac1
C20A・マーシャプラン	マーシャプラン	永生·春	heavy	l0ac2
C30A・マーシャエテ	マーシャエテ	永生·夏	heavy	l0ac3
C40A・マーシャトンヌ	マーシャトンヌ	永生·秋	heavy	l0ac4
C50A・マーシャイヴェ	マーシャイヴェ	永生·冬	heavy	l0ac5
C60A・マーシャジュ	マーシャジュ	永生·四季	heavy	l0ac6
C70A・マーシャニール	マーシャニール	永生·光輝	heavy	l0ac7
C80A・フォスター	フォスター	培育	heavy	l0ac8
C90A・フォスタープラン	フォスタープラン	培育·春	heavy	l0ac9
CA0A・フォスターエテ	フォスターエテ	培育·夏	heavy	l0aca
CB0A・フォスタートンヌ	フォスタートンヌ	培育·秋	heavy	l0acb
CC0A・フォスターイヴェ	フォスターイヴェ	培育·冬	heavy	l0acc
CD0A・フォスタージュ	フォスタージュ	培育·四季	heavy	l0acd
CE0A・フォスターニール	フォスターニール	培育·光輝	heavy	l0ace
Lycophos No	リコフォス・ノ		heavy	l0c8d
Lycophos Doh	リコフォス・ド		heavy	l0c8e
Lycophos To	リコフォス・ト		heavy	l0c8f
Lycophos Ku	リコフォス・ク		heavy	l0c90
Lycophos Shi	リコフォス・シ		heavy	l0c91
Lycophos Twin	リコフォス・トゥイン		heavy	l0c92
Lycophos Garashia	リコフォス・ガラシア		heavy	l0c93
Giorno No	ジョルノ・ノ		heavy	l0c94
Giorno Doh	ジョルノ・ド		heavy	l0c95
Giorno To	ジョルノ・ト		heavy	l0c96
Giorno Ku	ジョルノ・ク		heavy	l0c97
Giorno Shi	ジョルノ・シ		heavy	l0c98
Giorno Twin	ジョルノ・トゥイン		heavy	l0c99
Giorno Garashia	ジョルノ・ガラシア		heavy	l0c9a
430D・ハルド・プラタ	ハルド・プラタ		heavy	l0d43
440D・ハルド・ズィルバ	ハルド・ズィルバ		heavy	l0d44
450D・ハルド・アルジャン	ハルド・アルジャン		heavy	l0d45
460D・ハルド・アスミ	ハルド・アスミ		heavy	l0d46
470D・ハルド・アルゲン	ハルド・アルゲン		heavy	l0d47
AD0D・ハルド・メタレイア	ハルド・メタレイア		heavy	l0dad
AE0D・ハルド・メタレノン	ハルド・メタレノン		heavy	l0dae
EBX [Core]	ＥＢＸ【Ｃｏｒｅ】	ＥＢＸ【Ｃｏｒｅ】	heavy	l03a7
EBX [Pro]	ＥＢＸ【Ｐｒｏ】	ＥＢＸ【Ｐｒｏ】	heavy	l03a8
EBX [Elite]	ＥＢＸ【Ｅｌｉｔｅ】	ＥＢＸ【Ｅｌｉｔｅ】	heavy	l03a9
First KT	ファースト・ケイティ	第一KT	heavy	l0669
Hearts KT	ハーツ・ケイティ	心之KT	heavy	l066a
Cry KT	クライ・ケイティ	怒號KT	heavy	l066b
Metal Avenger	メタルアヴェンジャー	金屬復仇者	heavy	l0b65
Menticannon	メンティカノン	受選加農	heavy	l0b5e
Renka Cannon	煉華ノ弩		heavy	l0f51
"Renka Cannon""Miscanthus"""	煉華ノ弩【芒】		heavy	l0f52
"Renka Cannon ""Sinensis"""	煉華ノ弩【芒月】		heavy	l0f53
540F・煉華ノ弩【杵光】	煉華ノ弩【杵光】		heavy	l0f54
AB0F・煉舞ノ弩【長池】	煉舞ノ弩【長池】		heavy	l0fab
AC0F・煉舞ノ弩【滝寺】	煉舞ノ弩【滝寺】		heavy	l0fac
AD0F・煉舞ノ弩【番屋】	煉舞ノ弩【番屋】		heavy	l0fad
AE0F・煉舞ノ弩【春日】	煉舞ノ弩【春日】		heavy	l0fae
Lethe Cannon	煉獄ノ弩		heavy	l1036
"Lethe Cannon ""Anarchy"""	煉獄ノ弩・反抗		heavy	l1037
"Lethe Cannon ""Desire"""	煉獄ノ弩・願望		heavy	l1038
"Lethe Cannon ""Marici"""	煉獄ノ弩【摩利支天】		heavy	l1039
Euphoria	ユーフォリア		heavy	l0ff8
Ogun Ride	王砲ライド	王砲ライド	heavy	l0c59
5A0C・真・王牙砲【天機】	真・王牙砲【天機】	真·王牙砲【天機】	heavy	l0c5a
Dios Cannon	ディオスキャノン		heavy	l0c74
Lightbreak Cannon	破岩大砲シュライアー		heavy	l0c75
Vulcannon	ヴォル＝ショット		heavy	l0cf2
Vulmagnum	ヴォル＝バール		heavy	l0cf4
Hidden Sniper	ヒドゥンスナイパー		heavy	l0d10
Black Night	夜砲【黒風】		heavy	l0d11
Brimstren Drakenouth	獄砲リュウコウ		heavy	l0e1c
Stygian Humilitas	狼牙砲【獣獄】		heavy	l0e1d
Trigger of Hazard	トリガーofハザード		heavy	l0e67
Trigger of Peril	トリガーofペリル		heavy	l0e68
Le Desastre	THEディザスター		heavy	l0ec0
Le Deluge	THEデリュージュ		heavy	l0ec1
Ill Omen	凶刻【時雨】		heavy	l0f44
Endless Sky	太虚ノ刻【鈞天】		heavy	l0f45
Sayyad Cannon	サイドアルシャマリ		heavy	l0f8b
Sayyad Rebellion	乱叛砲アルシャマリ		heavy	l0f8d
Lightning Cannon	絶雷振重砲		heavy	l0e2e
"Lightning Cannon ""Light"""	絶雷振重砲【光光】		heavy	l0e2f
"Lightning Cannon ""Heat"""	絶雷振重砲【熱熱】		heavy	l0e30
310E・絶雷振重砲【抉抉】	絶雷振重砲【抉抉】		heavy	l0e31
3A0E・盾蟹重弩アスタフォル	盾蟹重弩アスタフォル		heavy	l0e3a
3B0E・盾蟹重弩アスタフエル	盾蟹重弩アスタフエル		heavy	l0e3b
3C0E・盾蟹重弩アスタストレ	盾蟹重弩アスタストレ		heavy	l0e3c
3D0E・盾蟹重弩アスタポテン	盾蟹重弩アスタポテン		heavy	l0e3d
7D0E・ブラージュニエペ	ブラージュニエペ		heavy	l0e7d
7E0E・ブラージュヘイル	ブラージュヘイル		heavy	l0e7e
7F0E・ブラージュヴァラン	ブラージュヴァラン		heavy	l0e7f
800E・ドドブラン・シャン	ドドブラン・シャン		heavy	l0e80
710E・火竜猛重弩サバハ	火竜猛重弩サバハ		heavy	l0e71
720E・火竜猛重弩ディエース	火竜猛重弩ディエース		heavy	l0e72
730E・火竜猛重弩リグアン	火竜猛重弩リグアン		heavy	l0e73
740E・火竜猛重弩リオサン	火竜猛重弩リオサン		heavy	l0e74
Hyuji Ushi	ヒュージ・ウーシ		heavy	l0ec5
Hyuji Agulhas	ヒュージ・アガラス		heavy	l0ec6
Hyuji Aiguille	ヒュージ・エギユ		heavy	l0ec7
Hyuhyuji Ruto	ヒュヒュージ・ルトー		heavy	l0ec8
"Ruko Hbg ""Saetta"""	極龍砲サエッタ		heavy	l0f1d
"Ruko Hbg ""Saika"""	極龍砲サイカ		heavy	l0f1e
"Ruko Hbg ""Raio"""	極龍砲ライオ		heavy	l0f1f
"Light Ruko Hbg ""Morunya"""	光極龍砲モルニャ		heavy	l0f20
"Inagami Cannon ""Nazuna"""	雅翁重弩ナズナ		heavy	l0f4d
"Inagami Cannon ""Biosa"""	雅翁重弩ビオーサ		heavy	l0f4e
"Inagami Cannon ""Balsio"""	雅翁重弩バルジオ		heavy	l0f4f
"Inagami Cannon""Planatas"""	雅翁重弩プラナタス		heavy	l0f50
"Rage Launcher ""Man"""	極怒貌弩【凡夫】		heavy	l0f80
"Rage Launcher ""Heart"""	極怒貌弩【心柄】		heavy	l0f81
"Rage Launcher ""All"""	極怒貌弩【万物】		heavy	l0f82
"Wrath Launcher ""Rage"""	絶怒貌弩レイジ		heavy	l0f83
"Bloodeating Hbg ""Karma"""	喰血絶重砲カルマ		heavy	l101d
"Bloodeating Hbg ""Calie"""	喰血絶重砲カリエ		heavy	l101e
"BloodeatingHbg""Caligula"""	喰血絶重砲カリギラ		heavy	l101f
"Bloodeating Hbg ""Karado"""	喰血絶重砲カラドゥ		heavy	l1020
True Taicannon	多殻真重砲		heavy	l1077
True Taicannon・Satsuki	多殻真重砲【皐月】		heavy	l1078
True Taicannon・Consolida	多殻真重砲【千鳥草】		heavy	l1079
True Taicannon・Hyacinth	多殻真重砲【風信子】		heavy	l107a
"Composer Rifle ""Intro"""	歌唄ノ重弩【前奏】		heavy	l0e58
"Composer Rifle ""Chorus"""	歌唄ノ重弩【中奏】		heavy	l0e59
"Composer Rifle ""Encore"""	歌唄ノ重弩【後奏】		heavy	l0e5a
"Prayer Rifle ""Intro"""	歌踊ノ重弩【前奏】		heavy	l0ed2
"Prayer Rifle ""Chorus"""	歌踊ノ重弩【中奏】		heavy	l0ed3
"Prayer Rifle ""Finale"""	歌踊ノ重弩【後奏】		heavy	l0ed4
7D0F・歌詠ノ重弩【前奏】	歌詠ノ重弩【前奏】		heavy	l0f7d
7E0F・歌詠ノ重弩【中奏】	歌詠ノ重弩【中奏】		heavy	l0f7e
7F0F・歌詠ノ重弩【後奏】	歌詠ノ重弩【後奏】		heavy	l0f7f
"Enrapture Rifle ""Intro"""	歌繋ノ重弩【前奏】		heavy	l1041
"Enrapture Rifle ""Chorus"""	歌繋ノ重弩【中奏】		heavy	l1042
"Enrapture Rifle ""Encore"""	歌繋ノ重弩【後奏】		heavy	l1043
Bone Horn	ボーンホルン	骨號角	horn	l0126
Bone Horn+	ボーンホルン改	骨號角·改	horn	l0188
Kut-Ku Cacophony	九九式トランペット	九九式小號	horn	l02bd
Garuga's Song	ガルルガフルス	黑狼鳥葫蘆絲	horn	l02be
Garuga Sax	ガルルガサックス	黑狼鳥薩克斯風	horn	l0f2d
Kut-Ku Tuba	九九式チューバ	九九式低音號	horn	l1d39
War Drum	ウォードラム	戰鼓	horn	l0127
War Drum+	ウォードラム改	戰鼓·改	horn	l0189
War Bongo	ウォーボンゴ	邦哥戰鼓	horn	l013a
War Conga	ウォーコンガ	鳴鼓笛	horn	l018e
War Conga+	ウォーコンガ改	鳴鼓笛·改	horn	l0304
Triple War Drum	ウォーサンジュ	戰三樹	horn	l0419
War Bass	ウォーバス	重低音戰鼓	horn	l1d37
Sonic Glass	ソニックビードロー	繽紛蟲笛	horn	l0128
Sonic Glass+	ソニックビードロー改	繽紛蟲笛·改	horn	l0129
Glass Queen	クイーンビードロー	女王笛	horn	l018a
Glass Queen+	クイーンビードロー改	女王笛·改	horn	l0305
Glass Empress	エンプレスビードロー	女帝笛	horn	l12c3
Khezu Horn	フルフルホルン	電龍號角	horn	l0130
Khezu Flute	フルフルフルート	電龍長號角	horn	l018b
Khezu Basoon	フルフルファゴット	電龍低音管	horn	l19cf
Blessed Ocarina	ウラナイオカリナ	占卜陶笛	horn	l0133
Blessed Ocarina+	ウラナイオカリナ改	占卜陶笛·改	horn	l0138
Cursed Ocarina	マジナイオカリナ	咒語陶笛	horn	l018d
Cursed Ocarina+	マジナイオカリナ改	咒語陶笛·改	horn	l0328
Occult Ocarina	オカルトオカリナ	神秘陶笛	horn	l11c3
Blood Horn	ブラッドホルン	腥紅號角	horn	l013b
Blood Flute	ブラッドフルート	紅幻橫笛	horn	l018f
Blood Flute+	ブラッドフルート改	紅幻橫笛·改	horn	l0327
Hemocyte Oboe	ブラッドオーボワ	血紅雙簧管	horn	l0418
Bronze Bell	ブロンズベル	青銅鐘	horn	l013c
Gaoren Bell	ガオレンズベル	砦蟹鐘	horn	l0190
Gaoren's Chime	ガオレンズチャイム	砦蟹大鐘	horn	l1b24
Dragonwood Horn	龍木ノ笛	龍木笛	horn	l013d
Spirit Dragonwood Horn	龍木ノ笛【宿神】	龍木笛【宿神】	horn	l0191
Drgnwood Protector Horn	神龍木ノ笛【護神】	神龍木笛【護神】	horn	l03ba
Divine Dragonwood Flute	神龍木ノ笛【来光】	神龍木笛【來光】	horn	l1b25
Feather Whistle	フェザーホイッスル	羽毛笛	horn	l0203
Hypno Whistle	ヒュプノホイッスル	眠鳥汽笛	horn	l0204
Hypno Clarinet	ヒュプノクラリネット	睡神豎笛	horn	l02b9
Wing Clarinet	ウィングクラリネット	羽翼豎笛	horn	l02ba
Dreamwing Oboe	ウィングオーボワ	眠鳥雙簧管	horn	l0313
Sleep Oboe	マドロミオーボワ	微眠雙簧管	horn	l03bc
Velociprey Balloon	ランポスバルーン	迅猛龍笛	horn	l021e
Velociprey Balloon+	ランポスバルーン改	迅猛龍笛·改	horn	l021f
Velocidrome Balloon	ドスランポスバルーン	迅猛龍王笛	horn	l0220
Giaprey Balloon	ギアノスバルーン	冰猛龍笛	horn	l022f
Giaprey Balloon+	ギアノスバルーン改	冰猛龍笛·改	horn	l0230
Giadrome Balloon	ドスギアバルーン	冰猛龍王笛	horn	l0231
Ioprey Balloon	イーオスバルーン	毒猛龍笛	horn	l02c0
High Iodrome Balloon	ハイイーオスバルーン	毒猛龍王笛	horn	l04a5
Comesta Ballon	コメスタバルーン	活力迅猛龍王笛	horn	l1b26
Genprey Balloon	ゲネポスバルーン	痺猛龍笛	horn	l02bf
High Gendrome Balloon	ハイゲネポスバルーン	痺猛龍王笛	horn	l04a6
Stone Bug Pipe	ストーンバグパイプ	石風笛	horn	l0221
Light Bug Pipe	ライトバグパイプ	輕風笛	horn	l0222
Hard Bug Pipe	ハードバグパイプ	堅風笛	horn	l0223
Metal Bagpipe	メタルバグパイプ	金屬風笛	horn	l012e
Great Bagpipe	グレートバグパイプ	大風笛	horn	l018c
Great Bagpipe+	グレートバグパイプ改	大風笛·改	horn	l0302
Basarios Rock	ガンズ＝ロック	岩龍貝斯	horn	l0232
Basarios Rock II	ガンズ＝ロックⅡ	岩龍貝斯Ⅱ	horn	l0233
Volcanic Rock	ヴォルカニックロック	烈岩貝斯	horn	l0234
Crater Rock	クレイターロック	衝擊貝斯	horn	l110e
Basarios Roock	ガンズ＝ロッカー	岩龍搖滾者	horn	l1d38
Lava Alpa	ラヴァアルパ	熔岩豎琴	horn	l0205
Seering Harp+	ラヴァアルパ改	熔岩豎琴·改	horn	l02bb
Lava Kantele	ラヴァカンテレ	熔岩坎特琴	horn	l0303
Molten Recital	ラヴァシタール	熔岩西塔琴	horn	l0312
Lava Viento	ラヴァビエント	熔岩風笛	horn	l0417
Coral Chordmaker	サクラノリコーダー	櫻戰鈴	horn	l0253
Gold Chordmaker	ゴルトリコーダー	金直笛	horn	l0254
Gold Chordmaker+	ゴルトリコーダー改	金獵笛·改	horn	l0329
Nadeshi Recorder	ナデシコリコーダー	撫子直笛	horn	l19cd
Striped Dragonga	ストライプドラゴング	轟虎龍鼓	horn	l02df
Tigrex Horn	轟鼓【虎鐘】	轟鼓【虎鐘】	horn	l02e0
True Tigrex Horn	真・轟鼓【虎鐘】	真·轟鼓【虎鐘】	horn	l11c2
Akantor Horn	覇笛ハウカムトルム	霸笛聲之神	horn	l02e1
Cat's Meow	猫笛	貓笛	horn	l02bc
Cat's Horn	猫猫笛笛	貓貓笛笛	horn	l03bb
Cat Horn	笛笛猫猫	笛笛貓貓	horn	l13b5
Volcano Kantele	ボルケノカンテレ	火山豎琴	horn	l033a
Volcano Kantele+	ボルケノカンテレ改	火山豎琴·改	horn	l0353
Volcanic Crescend	ボルケノヴァン	火山風樂器	horn	l10cd
Rosengitare	ローゼンギタレ	薔薇吉他	horn	l0363
Rosenmut	ローゼンムート	薔薇勇氣	horn	l0364
Rosentrauer	ローゼンゼーレ	薔薇之魂	horn	l0365
Kaktus Gitarre	カクトスギタレ	棘刺吉他	horn	l041a
Kaktus Mut	カクトスムート	棘刺勇氣笛	horn	l041b
Kaktus Seele	カクトスゼーレ	棘刺之魂	horn	l04c6
Perle Gitarre	ペルレギタレ	珍珠吉他	horn	l1004
Perle Moot	ペルレムート	珍珠勇氣	horn	l1005
Perle Seele	ペルレゼーレ	珍珠之魂	horn	l1006
Hermitaur Castanet	ザザミカスタネット	蟹殼響板	horn	l0392
Hermitaur Palillos	ザザミパリージョ	蟹鉗響板	horn	l0393
Silver Wind	シルバーウインド	銀風笛	horn	l04a3
Silver Soul	シルバーソウル	銀魂笛	horn	l04a4
Silver Spirits	シルバースピリッツ	白銀精神	horn	l19ce
Silver Mind	シルバーマインド	白銀心靈	horn	l1f06
Narco Clarinet	ナルコクラリネット	沉眠豎笛	horn	l0349
Narco Oboe	ナルコオーボワ	沉眠雙簧管	horn	l034a
Thunderdance Bell	舞雷笛【鶺鴒】	舞雷笛【鶺鴒】	horn	l0546
Warbler Thunder Bell	舞雷笛【鶯】	舞雷笛【鶯】	horn	l0547
Dark Thunder Bell	冥雷笛【鶺鴒】	冥雷笛【鶺鴒】	horn	l13ab
Dark Warbler Bell	冥雷笛【鶯】	雷笛【鶯】	horn	l13ac
Gagaku Pipe	ガガクパイプ【笙】	雅樂笛【笙】	horn	l0e77
Gagaku Sho	ガガクパイプ【鳳笙】	雅樂笛【鳳笙】	horn	l0e78
Don Horn	ドン・ホルン	吞·骨笛	horn	l0f29
Don Flute	ドン・フルート	吞·橫笛	horn	l0f2a
Genprey Guitar Jr.	げねぽおるジュニア	痺猛龍貝斯Jr.	horn	l0fbd
Genprey Guitar	げねぽおる	痺猛龍貝斯	horn	l0fbe
Genprey Guitar+	げねぽおるプラス	高級痺猛龍貝斯	horn	l0fbf
Custom Genprey Guitar	げねぽおるカスタム	改造痺猛龍貝斯	horn	l0fc0
Deluxe Genprey Guitar	げねぽおるデラックス	豪華痺猛龍貝斯	horn	l0fc1
Asagiri Horn	牙狼笛【朝霧】	牙狼笛【朝霧】	horn	l11be
Yugiri Horn	牙狼笛【夕霧】	牙狼笛【夕霧】	horn	l11bf
Volpe Flauto	ボルペフラウト	冰狐笛	horn	l12be
Volpe Ritmo	ボルペリトモ	冰狐角笛	horn	l12bf
Volpe Accordo	ボルペアッコルド	冰狐重笛	horn	l12c0
Furious Pipe	怒髪笛	怒髮笛	horn	l14b7
Achetear Furious Pipe	怒髪笛【恋涙】	怒髮笛【戀淚】	horn	l14b8
Achetree Furious Pipe	怒髪笛【恋桜】	怒髮笛【戀櫻】	horn	l14b9
Scarlet Horn	緋骨笛	緋骨笛	horn	l19b7
"Scarlet Horn ""Dance"""	緋骨笛【舞曲】	緋骨笛【舞曲】	horn	l19b8
"Scarlet Horn ""Party"""	緋骨笛【群舞】	緋骨笛【群舞】	horn	l19b9
"Scarlet Horn ""Dancer"""	緋骨笛【舞扇】	緋骨笛【舞扇】	horn	l19ba
Tanz Klinge	タンツ・クリンゲ	飛舞之刃	horn	l1af7
Rythmus Klinge	リトムス・クリンゲ	節奏之刃	horn	l1af8
Waltzer Klinge	バルツァー・クリンゲ	太陽神之刃	horn	l1af9
Taikun Flute	多殻笛	多殼笛	horn	l1d1f
"Taikun Flute ""Picotee"""	多殻笛【朝顔】	多殼笛【朝顏】	horn	l1d20
"Taikun Flute ""Aubritea"""	多殻笛【蛍葛】	多殼笛【螢葛】	horn	l1d21
Crystal Flute	晶笛	晶笛	horn	l1d1a
Bright Crystal Flute	晶笛イルミ	閃亮晶笛	horn	l1d1b
Shining Crystal Flute	晶笛イルミナル	閃亮亮晶笛	horn	l1d1c
Caravan Pipe I	キャラバンパイプⅠ	商隊笛Ⅰ	horn	l1215
Caravan Pipe II	キャラバンパイプⅡ	商隊笛Ⅱ	horn	l1216
Caravan Pipe III	キャラバンパイプⅢ	商隊笛Ⅲ	horn	l1217
Caravan Pipe IV	キャラバンパイプⅣ	商隊笛Ⅳ	horn	l1218
Caravan Pipe V	キャラバンパイプⅤ	商隊笛Ⅴ	horn	l1219
Caravan Pipe VI	キャラバンパイプⅥ	商隊笛Ⅵ	horn	l121a
Caravan Fife	キャラバン響笛	商隊響笛	horn	l2fef
Caravan Fife II	キャラバン響笛Ⅱ	商隊響笛Ⅱ	horn	l2ff0
Caravan Fife III	キャラバン響笛Ⅲ	商隊響笛Ⅲ	horn	l2ff1
Parone Pipe I	パローネパイプⅠ		horn	l36e6
Parone Pipe II	パローネパイプⅡ		horn	l36e7
Parone Pipe III	パローネパイプⅢ		horn	l36e8
Argen Trumpet	アルゲントランペット	鋼金小號	horn	l1868
Argen Wind	アルゲンウィンド	鋼金管樂器	horn	l1869
Zilva Tone	ジルバトーン	銀白音調	horn	l186a
Zilva Flute	ジルバフロット	銀白活力	horn	l186b
True Full Organ	シンフォルオルガン	交響樂風琴	horn	l1b17
True Full Organ+	シンフォルオルガン改	交響樂風琴改	horn	l1b18
"Muse's Song ""Silver"""	ミューズの唄【鎮撫】	繆斯女神之歌【鎮撫】	horn	l1b19
"Muse's Song ""End"""	ミューズの唄【終焉】	繆斯女神之歌【終焉】	horn	l1b1a
Epidosis Pipe I	エピドシスパイプⅠ	進化狩獵笛Ⅰ	horn	l1e6a
Epidosis Pipe II	エピドシスパイプⅡ	進化狩獵笛Ⅱ	horn	l1e6b
Epidosis Pipe III	エピドシスパイプⅢ	進化狩獵笛Ⅲ	horn	l1e6c
Cambrio Recorder I	カンビオリコーダーⅠ	幻化豎笛Ⅰ	horn	l1e6d
Cambrio Recorder II	カンビオリコーダーⅡ	幻化豎笛Ⅱ	horn	l1e6e
Cambrio Recorder III	カンビオリコーダーⅢ	幻化豎笛Ⅲ	horn	l1e6f
Infinity Horn	イニティホルン	初始號角	horn	l20ce
Shipler Horn	シプレラホルン	元祖號角	horn	l2155
Berum Horn SPI	ベルムホルンSPⅠ	暗幕號角Ⅰ	horn	l2156
Berum Horn SPIV	ベルムホルンSPⅣ	暗幕號角Ⅳ	horn	l2157
Berum Horn SPVII	ベルムホルンSPⅦ	暗幕號角Ⅶ	horn	l2158
Toy Buccin	トイビュサン	龍頭號角	horn	l13b1
Sand Buccin	サンドビュサン	黃沙龍頭號角	horn	l13b2
Mud Buccin	マッドビュサン	瘋狂龍頭號角	horn	l13b3
Swing Buccin	スウィングビュサン	搖滾龍頭號角	horn	l13b4
Aero Rebec	エアロレベック	毒氣三弦琴	horn	l15f8
Aero Hardy	エアロハーディー	毒氣搖旋琴	horn	l15f9
Aero Gaudy	エアロガーディー	毒氣絞弦琴	horn	l15fa
Aero Sitar	エアロシタール	毒氣錫塔琴	horn	l15fb
Rivet Drum	リベットドラム	角龍鼓	horn	l15f4
Rivet Bongo	リベットボンゴ	角龍邦哥鼓	horn	l15f5
Rivet Djembe	リベットジャンベ	角龍太鼓	horn	l15f6
Speckled Greatdrum	御斑大鼓	御斑大鼓	horn	l15f7
Thistle Tan	ザザミ・タン	盾蟹笛	horn	l170d
Thistle Tin	ザザミ・ティン	盾蟹王笛	horn	l170e
Thistle Tian	ザザミ・ティアン	大名蟹笛	horn	l170f
Thistle careltiya	ザザミ・カレルティヤ	大名蟹王笛	horn	l1710
Hypno March	ヒプノマーチ	眠鳥進行曲	horn	l189c
Hypno Serenade	ヒプノセレナーデ	眠鳥小夜曲	horn	l189d
Hypno Rhapsody	ヒプノラプソディー	眠鳥狂想曲	horn	l189e
Hypno Symphony	ヒプノシンフォニー	眠鳥交響曲	horn	l189f
Type 99 Cornet	九九式コルネット	九九式短號	horn	l18a0
Type 99 Horn	九九式ホルン	九九式法國號	horn	l18a1
Type 99 Siren	九九式サイレン	九九式汽笛	horn	l18a2
Type 99 Klaxon	九九式クラクション	九九式響笛	horn	l18a3
Lava Heavy Metal	ラヴァヘヴィメタル	熔岩重金屬	horn	l19bd
Lava Death Metal	ラヴァデスメタル	熔岩死亡金屬	horn	l19be
Lava Loud Rock	ラヴァラウドロック	熔岩重搖滾	horn	l19bf
Lava Alternative	ラヴァオルタナティブ	熔岩另類搖滾	horn	l19c0
Blood Melody	ブラッドメロディ	血之旋律	horn	l1aff
Blood Song	ブラッドソング	血之曲	horn	l1b00
Blood Poem	ブラッドポエム	血之詩	horn	l1b01
Blood Spell	ブラッドスペル	血之魔咒	horn	l1b02
Frost Drum	フロストドラム	寒霜鼓	horn	l1d24
Ice Drum	アイスドラム	冰凌鼓	horn	l1d25
Snow Drum	スノードラム	白雪鼓	horn	l1d26
Blizzard Drum	ブリザードドラム	暴風雪鼓	horn	l1d27
Kirin Thunder Drum	幻雷笛【雷鼓】	幻雷笛【雷鼓】	horn	l0520
Kirin Heavenly Drum	幻雷笛【天鼓】	幻雷笛【天鼓】	horn	l0521
Kirin Dragon Drum	幻雷獄笛【龍鼓】	幻雷獄笛【龍鼓】	horn	l15f1
"PhntmThndrFlute""GodDrum"""	幻雷獄笛【神鼓】	幻雷獄笛【神鼓】	horn	l1f1b
C222・幻雷獄笛【神太鼓】	幻雷獄笛【神太鼓】	幻雷獄笛【神太鼓】	horn	l22c2
3C2D・幻雷獄笛【天太鼓】	幻雷獄笛【天太鼓】	幻雷獄笛【天太鼓】	horn	l2d3c
9F32・幻雷始笛【大天太鼓】	幻雷始笛【大天太鼓】	幻雷始笛【大天太鼓】	horn	l329f
Skylark Bell	真舞雷笛【雲雀】	真舞雷笛【雲雀】	horn	l0548
Cuckoo Bell	真舞雷笛【不如帰】	真舞雷笛【不如歸】	horn	l0e1e
Dark Skylark Bell	真冥雷笛【雲雀】	真冥雷笛【雲雀】	horn	l13ad
Dark Cuckoo Bell	真冥雷笛【不如帰】	真冥雷笛【不如歸】	horn	l13ae
"Dora Horn ""Horornis"""	真冥雷獄笛【鶯】	真冥雷獄笛【鶯】	horn	l0588
"Dora Horn ""Emerald"""	真冥雷獄笛【翡翠】	真冥雷獄笛【翡翠】	horn	l0589
True Kingfisher Darkbolt	真冥雷獄笛【翠鳥】	真冥雷獄笛【翠鳥】	horn	l22c0
"MahouRaijinFlut""Thunder"""	真冥雷獄笛【蜂鳥】	真冥雷獄笛【蜂鳥】	horn	l27ff
Dodon Whistle	ドドン・ホイッスル	吞吞·汽笛	horn	l0f2b
Dodon Oboe	ドドン・オーボワ	吞吞·雙簧管	horn	l0f2c
Lunastra Tidy Pipe	炎妃笛【清楚】	炎妃笛【清楚】	horn	l10cb
Lunastra Bewitching Pipe	炎妃笛【妖艶】	炎妃笛【妖豔】	horn	l10cc
Graceful Empress Pipe	炎妃獄笛【艶麗】	炎妃獄笛【豔麗】	horn	l1e64
"Lunastra Prisoner ""True"""	炎妃獄笛【凄艶】	炎妃獄笛【凄豔】	horn	l1f1d
Mad Empress Pipe	炎妃獄笛【狂魅】	炎妃獄笛【狂魅】	horn	l22c4
Seductive Empress Pipe	炎妃烈笛【誘魅】	炎妃烈笛【誘魅】	horn	l322f
Yukikaze Horn	天狼笛【雪風】	天狼笛【雪風】	horn	l11c0
Amatsukaze Horn	天狼笛【天津風】	天狼笛【天津風】	horn	l11c1
Forte Carillon	フォルテカリヨン	強力鐘琴	horn	l12c1
Forte Strumento	フォルテストルメント	強力管樂器	horn	l12c2
Iron Mountain Dragonhorn	巨龍笛【鉄囲山】	巨龍笛【鐵圍山】	horn	l13af
Meru Dragonhorn	巨龍笛【須弥山】	巨龍笛【須彌山】	horn	l13b0
Achemoon Furious Pipe	怒髪笛唄【恋月】	怒髮笛歌【戀月】	horn	l14ba
Achebloom Furious Pipe	怒髪笛唄【恋華】	怒髮笛歌【戀華】	horn	l14bb
Nebra Cantos	ネブラカントス	星雲詩章	horn	l15f2
Nebra Corse	ネブラコルス	星雲合唱	horn	l15f3
"Great Shell Horn ""Brave"""	殻王巨笛【勇】	殼王巨笛【勇】	horn	l170b
"Great Shell Horn ""Power"""	殻王巨笛【豪】	殼王巨笛【豪】	horn	l170c
"Scarlet Horn ""Musical"""	緋猛笛【歌舞】	緋猛笛【歌舞】	horn	l19bb
"Scarlet Horn ""Resolve"""	緋猛笛【捧舞】	緋猛笛【捧舞】	horn	l19bc
Gogomoa Flute Quake	緋猛獄笛【納舞】	緋猛獄笛【納舞】	horn	l1e63
"Gogomoa Flute ""Ritual"""	緋猛獄笛【奉納舞】	緋猛獄笛【奉納舞】	horn	l1f1c
C322・緋猛獄笛【献上奏】	緋猛獄笛【献上奏】	緋猛獄笛【獻上奏】	horn	l22c3
0A35・緋猛始笛【激奏打】	緋猛始笛【激奏打】	緋猛始笛【激奏打】	horn	l350a
Edel Rebell	エーデル・レベル	高貴叛逆	horn	l1afa
Fein Rebell	ファイン・レベル	熱焰叛逆	horn	l1afb
"Taikun Flute ""Stewartia"""	多殻舞笛【姫沙参】	多殼舞笛【姬沙參】	horn	l1d22
"Taikun Flute ""Hydrangea"""	多殻舞笛【紫陽花】	多殼舞笛【紫陽花】	horn	l1d23
Flashing Crystal Flute	閃晶笛ライオ	光束閃晶笛	horn	l1d1d
Rio del Sol Flute	閃晶笛ライオデソル	陽光閃晶笛	horn	l1d1e
Flashflute Rio de Sol	烈閃笛ライオジソル	陽光烈閃笛	horn	l0590
"Diwaiwa Flute ""Strike"""	弩岩笛【打】	弩岩笛【打】	horn	l1e5f
"Diwaiwa Flute ""Whack"""	弩岩笛【強打】	弩岩笛【強打】	horn	l1e60
Barrage Odi Hammer	弩岩獄笛【連打】	弩岩獄笛【連打】	horn	l1e61
Striking Music Odi Flute	弩岩獄笛【激楽打】	弩岩獄笛【激樂打】	horn	l1e62
C122・弩岩獄笛【激嬉打】	弩岩獄笛【激嬉打】	弩岩獄笛【激嬉打】	horn	l22c1
C32F・弩岩烈笛【激調打】	弩岩烈笛【激調打】	弩岩烈笛【激調打】	horn	l2fc3
0B35・弩岩始笛【激奏打】	弩岩始笛【激奏打】	弩岩始笛【激奏打】	horn	l350b
Tita Cavallo	ティタ・カヴァロ	狠鬥·戰馬	horn	l22bc
Tita Sonny	ティタ・ソニード	狠鬥·戰音	horn	l22bd
Tita Tokuta	ティタ・トクタ	狠鬥·戰樂	horn	l22be
Tita L. Animo	ティタ・Ｌ・アニモ	狠鬥·L·魂曲	horn	l22bf
Baru Bloodecho	バル・バアプレ	噬血·迴響	horn	l2600
Baru Bloodcall	バル・コール	噬血·呼喚	horn	l2604
Baru Bloodscream	バル・フレーレ	噬血·頓音	horn	l2608
Baru Bloodgroove	バル・グルーヴ	噬血·揚音	horn	l260c
Baru Final Bloodsong	バル・フィーネ	噬血·終音	horn	l27fa
Zeru Note [Light]	輝界白竜笛【光音】	輝界白龍笛【光音】	horn	l25ec
Zeru Note [Gleam]	輝界白竜笛【輝音】	輝界白龍笛【輝音】	horn	l25f2
Zeru Note [Dazzle]	輝界白竜笛【眩音】	輝界白龍笛【眩音】	horn	l25f4
Zeru Note [Shine]	輝界白竜笛【耀音】	輝界白龍笛【耀音】	horn	l25fa
"White World Flute ""Note"""	輝界白竜笛【煌音】	輝界白龍笛【煌音】	horn	l25fc
F227・コーレスゼア	コーレスゼア	玄影低鳴	horn	l27f2
Koresudohu	コーレスドフ	玄影息音	horn	l27f3
Koresuredo	コーレスレード	玄影低吼	horn	l27f4
Koresumeruda	コーレスメルダ	玄影怒吼	horn	l27f5
Koresukareigu	コーレスカレイグ	玄影懾音	horn	l27f6
Koresubiasu	コーレスビアース		horn	l381c
Furoru Sonus	フロルソヌス	花漾·音符	horn	l2cfc
FD2C・フロルソニード	フロルソニード	花漾·笛音	horn	l2cfd
Furoru Nanna	フロルナンナ	花漾·花地	horn	l2cfe
Furoru Rhythm	フロルリズマ	花漾·旋律	horn	l2cff
Furoro Camellia	フロルエーリヤ	花漾·山茶花	horn	l2d00
0C35・フロルハーディ	フロルハーディ	花漾ハーディ	horn	l350c
Dio Donner	ディルアドンナー	雷電鎧笛	horn	l2d30
Dio Tone	ディルアトネール	雷鳴鎧笛	horn	l2d31
Dio Ahudur	ディルアフードゥル	落雷鎧笛	horn	l2d32
Dio Dundel	ディルアドゥンデル	電流鎧笛	horn	l2d33
Dio Accordion	ディルアトルデオン	青脈鎧笛	horn	l2d34
902E・ネグルドネビア	ネグルドネビア	雅瑟琴音	horn	l2e90
912E・ネグルドフォッグ	ネグルドフォッグ	雅瑟迷霧	horn	l2e91
922E・ネグルドフィオン	ネグルドフィオン	雅瑟雲彩	horn	l2e92
932E・ネグルドプルファイ	ネグルドプルファイ	雅瑟邈音	horn	l2e93
942E・ネグルドクロケラス	ネグルドクロケラス	雅瑟飄邈	horn	l2e94
BB31・バレナストル	バレナストル	鯨鳴彈奏	horn	l31bb
BC31・バレナパルティ	バレナパルティ	鯨鳴獨奏	horn	l31bc
BD31・バレナコーロ	バレナコーロ	鯨鳴伴奏	horn	l31bd
BE31・バレナペッツォ	バレナペッツォ	鯨鳴協奏	horn	l31be
BF31・バレナコンチェルト	バレナコンチェルト	鯨鳴合奏	horn	l31bf
0D35・バレナフォニア	バレナフォニア	バレナフォニア	horn	l350d
Water Chrysan Fort Flute	水砦笛【水菊】	水砦笛【水菊】	horn	l3288
Waterlily Fort Flute	水砦獄笛【睡蓮】	水砦獄笛【睡蓮】	horn	l3289
Water-Willow Fort Flute	水砦獄笛【水金梅】	水砦獄笛【水金梅】	horn	l328a
Primrose Fort Flute	水砦獄笛【九輪草】	水砦獄笛【九輪草】	horn	l328b
Shallow Sand Fort Flute	水砦烈笛【浅沙】	水砦烈笛【浅沙】	horn	l328c
Waterginko Fort Flute	水砦始笛【岩銀杏】	水砦始笛【岩銀杏】	horn	l328d
"FloatingPeakPipe ""Red"""	浮峰笛【唐紅】	浮峰笛【唐紅】	horn	l34ee
"FloatingPeakPipe ""Blood"""	浮峰笛【浅緋】	浮峰笛【浅緋】	horn	l34ef
"FloatingPeakPipe ""Rose"""	浮峰笛【紅藤】	浮峰笛【紅藤】	horn	l34f0
"FloatingPeakPipe ""Rust"""	浮峰笛【錆朱】	浮峰笛【錆朱】	horn	l34f1
"FloatingPeakPipe ""Rouge"""	浮峰笛【弁柄】	浮峰笛【弁柄】	horn	l34f2
"FloatingPeakPipe ""Ruby"""	浮峰笛【滅赤】	浮峰笛【滅赤】	horn	l34f3
Volja Punikes	ヴォルカ・プニケス		horn	l399e
Volja Dungis	ヴォルカ・ダンジス		horn	l399f
Volja Kindi	ヴォルカ・キンディ		horn	l39a0
Volja Ilteva	ヴォルカ・イルテバ		horn	l39a1
Volja Fukon	ヴォルカ・フュコン		horn	l39a2
Volja Ifune	ヴォルカ・イフェヌ		horn	l39a3
Barell Organ	バロルオルガン	激勵管風琴	horn	l1b0f
Barell Organ+	バロルオルガン改	激勵管風琴·改	horn	l1b10
"Muse's Song ""Courage"""	ミューズの唄【奮起】	繆斯女神之歌【奮起】	horn	l1b11
Nessa Organ	ネッサオルガン	岬管樂器琴	horn	l1b0b
Nessa Organ+	ネッサオルガン改	岬管樂器琴·改	horn	l1b0c
"Muse's Song ""Joyful"""	ミューズの唄【歓喜】	繆斯女神之歌【歡喜】	horn	l1b0d
"Muse's Song ""Joy"""	ミューズの唄【悦喜】	繆思女神之歌【悅喜】	horn	l300a
"Muse's Song ""Comedy"""	ミューズの唄【喜劇】	繆思女神之歌【喜劇】	horn	l300b
"Muse's Song ""Madness"""	ミューズの唄【狂喜】	繆思女神之歌【狂喜】	horn	l300c
Cardo trumpet	カルドトランペット	地獄小號	horn	l1711
Cardo Wind	カルドウィンド	地獄管樂器	horn	l1712
Cardovento	カルドヴェント	地獄風樂器	horn	l1713
Roter Ton	ロートトーン	紅色音調	horn	l1714
Rote Floete	ロートフロット	紅色活力	horn	l1715
Rote Schemen	ロートシュレム	紅色惡作劇	horn	l2d83
Partner Trumpet	パルトナトランペット	戰友小號	horn	l2d84
Card Horn	カルドホーン	地獄號角	horn	l1b1b
Card Kill	カルドキール	地獄高鳴	horn	l1b1c
Rot Wind	ロートルフト	紅色氣流	horn	l1b1d
Rot Edel	ロートエーデル	紅色品格	horn	l1b1e
Eques Trumpet	エクエストランペット	騎士小號	horn	l13b6
Eques Wind	エクエスウィンド	騎士管樂器	horn	l13b7
Eques Vento	エクエスヴェント	騎士風樂器	horn	l13b8
Weiss Tone	ヴァイストーン	白色音調	horn	l13b9
Weiss Floete	ヴァイスフロット	白色活力	horn	l1813
Strega Trumpet	ストレガトランペット	魔女小號	horn	l13ba
Strega Wind	ストレガウィンド	魔女管樂器	horn	l13bb
Strega Vento	ストレガヴェント	魔女風樂器	horn	l13bc
Schwartz Tone	シュヴァルツトーン	黑色音調	horn	l13bd
Schwarz Floete	シュヴァルツフロット	黑色活力	horn	l1814
Schwarz Schemen	シュヴァルツシュレム	黑色惡作劇	horn	l1e70
Eques Horn	エクエスホーン	騎士號角	horn	l17f0
Eques Kiel	エクエスキール	騎士高鳴	horn	l17f1
Eques Kerno	エクエスケルノ	騎士核心	horn	l17f2
Weiss Lift	ヴァイスルフト	白色氣流	horn	l17f3
Weiss Edel	ヴァイスエーデル	白色品格	horn	l17f4
Strega Horn	ストレガホーン	魔女號角	horn	l17f5
Strega Kiel	ストレガキール	魔女高鳴	horn	l17f6
Strega Kerno	ストレガケルノ	魔女核心	horn	l17f7
Black Forest	シュヴァルツルフト	黑色氣流	horn	l17f8
Schwarz Edel	シュヴァルツエーデル	黑色品格	horn	l17f9
Schwarz Kua	シュヴァルツクーア	黑色治癒	horn	l1c02
Jevina	ジェビーナ	晶蠍笛	horn	l1bfd
Jevinus	ジェビナス	灰晶蠍笛	horn	l1bfe
Jevinos	ジェビーノス	秘灰晶蠍笛	horn	l1bff
Jevinion	ジェビニオン	上等灰晶蠍笛	horn	l1c00
Jevinino	ジェビニーノ	特等灰晶蠍笛	horn	l1c01
Aurara Trumpet	オーロワトランペット	金黃小號	horn	l1d28
Aurara Wind	オーロワウィンド	金黃管樂器	horn	l1d29
Gold Ton	ゴルトトーン	黃金音調	horn	l1d2a
Gold Flote	ゴルトフロット	黃金活力	horn	l1d2b
2C1D・ゴルトシュレム	ゴルトシュレム	黃金惡作劇	horn	l1d2c
Schwarz Br?cke	シュヴァルツブリュケ	黑色橋梁	horn	l2586
Schwarz Canal	シュヴァルツカナール	黑色運河	horn	l2587
162D・ルレードリカペルン	ルレードリカペルン	熾紅獵笛	horn	l2d16
172D・ルレードシャープレ	ルレードシャープレ	熾紅俠獵	horn	l2d17
182D・シャロンパスピエ	シャロンパスピエ	冥神響笛	horn	l2d18
192D・シャロンパッサカリア	シャロンパッサカリア	冥神舞曲	horn	l2d19
A52E・ノーベルリカペルン	ノーベルリカペルン	忠誠吹奏者	horn	l2ea5
A62E・ノーベルシャープレ	ノーベルシャープレ	忠誠變音	horn	l2ea6
A72E・ゲイオンパスピエ	ゲイオンパスピエ	無畏舞曲	horn	l2ea7
A82E・ゲイオンパッサカリア	ゲイオンパッサカリア	無畏和弦	horn	l2ea8
Oro Horn	オーロワホーン	金黃號角	horn	l311d
Oro Roar	オーロワキール	金黃高鳴	horn	l311e
Golde Edel	ゴルトエーデル	黃金品格	horn	l311f
Gold Chor	ゴルトクーア	黃金治癒	horn	l3120
Vola Rapper	ヴォーラッパー		horn	l3c21
Vola Rapper+	ヴォーラッパー・改		horn	l3c22
True Vola Rapper	ヴォーラッパー・真		horn	l3c23
Alvora Rapper	アルヴォーラッパー		horn	l3c24
Azura Rapper	アズラクハーメルド		horn	l3d5e
Azura Rapper+	ルラキハーメルド		horn	l3d5f
True Azura Rapper	ガルボイハーメルド		horn	l3d60
Azure Rapper	ニリィハーメルド		horn	l3d61
Ruberflute	ルベルフラウト		horn	l3e5f
Ruberflute+	ルベルフラウト・改		horn	l3e60
True Ruberflute	ルベルフラウト・真		horn	l3e61
Terra Ruberflute	テラルベルフラウト		horn	l3e62
Ravina Rapper	ラヴィナラッパー		horn	l3f83
Ravina Rapper+	ラヴィナラッパー・改		horn	l3f84
True Ravina Rapper	ラヴィナラッパー・真		horn	l3f85
Final Ravina Rapper	ラヴィーナラッパー		horn	l3f86
Dua Hexatonic	デュアヘクサ		horn	l4147
Dua Hexatonic+	デュアヘクサ・改		horn	l4148
True Dua Hexatonic	デュアヘクサ・真		horn	l4149
Esdua Hexatonic	エスデュアヘクサ		horn	l414a
Chroma Rapper	クロマラッパー		horn	l4304
Chroma Rapper+	クロマラッパー・改		horn	l4305
True Chroma Rapper	クロマラッパー・真		horn	l4306
Final Chroma Rapper	クローマラッパー		horn	l4307
Poet Rapper	ポエトラッパー		horn	l439b
Poet Rapper+	ポエトラッパー・改		horn	l439c
True Poet Rapper	ポエトラッパー・真		horn	l439d
Poetry Rapper	ポエトリラッパー		horn	l439e
Gothic Organ	ゴシックオルガン	歌德風琴	horn	l1b07
Gothic Organ+	ゴシックオルガン改	歌德風琴·改	horn	l1b08
"Muse's Song ""Mercy"""	ミューズの唄【慈悲】	繆斯女神之歌【慈悲】	horn	l1b09
"Muse's Song ""Salvation"""	ミューズの唄【救世】	繆斯女神之歌【救世】	horn	l1b0a
Golden Guuku I	ゴールデングークⅠ		horn	l42dd
Golden Guuku II	ゴールデングークⅡ		horn	l42de
Golden Guuku III	ゴールデングークⅢ		horn	l42df
Golden Guuku IV	ゴールデングークⅣ		horn	l42e0
Golden Guuku VI	ゴールデングークⅥ		horn	l42e1
Golden Guuku VII	ゴールデングークⅦ		horn	l42e2
Silver Guuku I	シルバーグークⅠ		horn	l42e3
Silver Guuku II	シルバーグークⅡ		horn	l42e4
Silver Guuku III	シルバーグークⅢ		horn	l42e5
Silver Guuku IV	シルバーグークⅣ		horn	l42e6
Silver Guuku VI	シルバーグークⅥ		horn	l42e7
Silver Guuku VII	シルバーグークⅦ		horn	l42e8
Bronze Guuku I	ブロンズグークⅠ		horn	l42e9
Bronze Guuku II	ブロンズグークⅡ		horn	l42ea
Bronze Guuku III	ブロンズグークⅢ		horn	l42eb
Bronze Guuku IV	ブロンズグークⅣ		horn	l42ec
Bronze Guuku VI	ブロンズグークⅥ		horn	l42ed
Bronze Guuku VII	ブロンズグークⅦ		horn	l42ee
C819・シェラ＝ビートラ	シェラ＝ビートラ	貝笛	horn	l19c8
C919・シェラ＝ブランデ	シェラ＝ブランデ	燒貝笛	horn	l19c9
CA19・シェラ＝ヴニオ	シェラ＝ヴニオ	管貝笛	horn	l19ca
CB19・シェラ＝カフリア	シェラ＝カフリア	貝王笛	horn	l19cb
361D・シェラ＝シトリー	シェラ＝シトリー	魔神貝笛	horn	l1d36
Coruro Organ	コルロオルガン	灰鼠風琴	horn	l1b13
Coruro Organ Kai	コルロオルガン改	灰鼠風琴·改	horn	l1b14
"Muse's Song ""Peace"""	ミューズの唄【平穏】	繆斯女神之歌【平穩】	horn	l1b15
Gewgaw	グーゴー	口簧琴	horn	l0415
Battle Gewgaw	バトルグーゴー	戰鬥口簧琴	horn	l0416
Battle Gewgaw+	バトルグーゴー改	戰鬥口簧琴·改	horn	l0438
Grand Gewgaw	グランドグーゴー	大地口簧琴	horn	l0439
Gaia Gogo	ガイアグーゴー	蓋亞口簧琴	horn	l1b20
Ters Gogo	テルスグーゴー	→テルス口簧琴	horn	l22b5
Duel Gogo	デュエルグーゴー	決鬥口簧琴	horn	l172e
Gigasu Gogo	ギガスグーゴー	巨人口簧琴	horn	l1b21
Brave Gogo	ブレイブグーゴー	→ブレイブ口簧琴	horn	l22b6
Akuraria	アクラリア	蠍音盒	horn	l10d2
Akuraria Sound	アクラリアス	晶蠍音盒	horn	l10d3
Akuraria Oversound	アクラリアーノ	尾晶蠍音盒	horn	l10d4
Clarion	アクラリオン	尾晶蠍音樂盒	horn	l10d5
221B・アクラリオス	アクラリオス	尾晶蠍音色盒	horn	l1b22
B722・アクラリアン	アクラリアン	尾晶蠍奏笛	horn	l22b7
Akuraria Ocarina	アクラリーナ	尾晶蠍八音盒	horn	l172f
231B・アクラルゴール	アクラルゴール	尾晶蠍自鳴琴	horn	l1b23
B822・アクラレローゼ	アクラレローゼ	尾晶蠍交響曲	horn	l22b8
Shaka Boom	チャチャブオー	奇奇笛	horn	l10ce
Shakalaka Boom	チャチャブオム	奇面笛	horn	l10cf
Shaka Breakfast Bell	チャチャブオール	奇面族笛	horn	l10d0
Cha Cha Tempo	チャチャブリア	奇面王笛	horn	l10d1
Shakalaka Tone	チャチャブートーン	奇面王龍笛	horn	l19cc
Cha Cha Lilliant	チャチャブリリアント	奇面族魔音狩笛	horn	l25c2
Cha Cha Turn	チャチャブーターン	奇面族奏笛	horn	l25c1
Sweet Melody	スイートメロディー	柔美旋律	horn	l11c4
Sweet Lullaby	スイートララバイ	柔美搖籃曲	horn	l11c5
Sweet Nocturne	スイートノクターン	柔美夜想曲	horn	l11c6
Sweet Rhapsody	スイートラプソディー	柔美狂想曲	horn	l11c7
Sweet Carrol	スイートカロル	柔美頌歌	horn	l1b1f
Sweet Serenade	スイートセレナーデ	柔美小夜曲	horn	l25c0
Sweet Rondo	スイートロンド	柔美圓舞曲	horn	l25bf
"Kurokuro ""Bark"""	くろくろ【ワンワン】	小黑【汪汪】	horn	l14bc
"Kurokuro ""Growl"""	くろくろ【ガオガオ】	小黑【吼吼】	horn	l14bd
"Kurokuro ""Scent"""	くろくろ【クンクン】	小黑【吼嗚】	horn	l14be
"Kurokuro ""Howl"""	くろくろ【アオーン】	小黑【汪喔】	horn	l14bf
Black and White	くろくろ【クゥーン】	小黑【喔嗚】	horn	l1815
"BlackBlack ""Lick"""	くろくろ【ペロペロ】	小黑【舔舔】	horn	l1c03
Tenkawa No Furyu	天川ノ吹流	天川吹流	horn	l17ec
"Tenkawa No Furyu ""Eagle"""	天川ノ吹流【鷲】	天川吹流【鷲】	horn	l17ed
"Tenkawa No Furyu ""Koto"""	天川ノ吹流【琴】	天川吹流【琴】	horn	l17ee
Hoshi no Michibiki	ホシノミチビキ	星星的指引	horn	l17ef
Altair Tone	アルタイル・トーン	牛郎星音調	horn	l1d34
Stars Twinkle	ホシボシノキラメキ	群星閃爍	horn	l2579
Vega Tone	ベガ・トーン	織女星音調	horn	l1d35
Orsol Organ	オーソルオルガン	風琴	horn	l1b03
Orsol Organ+	オーソルオルガン改	風琴·改	horn	l1b04
"Muse's Song ""Praise"""	ミューズの唄【称賛】	繆斯女神之歌【禮讚】	horn	l1b05
"Muse's Song ""Blessing"""	ミューズの唄【祝福】	繆斯女神之歌【祝福】	horn	l1b06
Flower Drum Bun	花鼓	花鼓	horn	l2562
Flower Drum Ring	花鼓【鳴】	花鼓【鳴】	horn	l2563
Flower Drum Echo	花鼓【響】	花鼓【響】	horn	l2564
Flower Drum Invitation	花鼓【誘】	花鼓【誘】	horn	l2565
Flower Drum Fascination	花鼓【魅】	花鼓【魅】	horn	l2567
Flower Drum Confusion	花鼓【惑】	花鼓【惑】	horn	l2566
White Bride Bell	ホワイトブライドベル	純白嫁娘鐘	horn	l2cc1
Shine Bride Bell	シャインブライドベル	閃耀嫁娘鐘	horn	l2cc2
Happy Bride Bell	ハピネスブライドベル	幸福嫁娘鐘	horn	l2cc3
Star Light Bell	スターライトベル	星光金鐘	horn	l2cc4
Breath Light Bell	ブレスライトベル	恩典光鐘	horn	l2cc5
Life Light Bell	ライフライトベル		horn	l3d6c
Tone Griffon	トーンジルフォン	靡靡之音	horn	l2cd5
Music Griffon	ムゼークジルフォン	未籟之音	horn	l2cd6
D72C・レコーシュゼール	レコーシュゼール	紀錄之丘	horn	l2cd7
D82C・シェルビシュゼール	シェルビシュゼール	清音之丘	horn	l2cd8
Moon Clouds	月雲	月雲	horn	l2e0a
"Moon Clouds ""New Moon"""	月雲【朔】	月雲【朔】	horn	l2e0b
"Moon Clouds ""Eclipse"""	月雲【既朔】	月雲【既朔】	horn	l2e0c
"Moon Clouds ""Long Night"""	月雲【待宵】	月雲【待宵】	horn	l2e0d
"Moon Clouds ""Full Moon"""	月雲【十五夜】	月雲【十五夜】	horn	l2e0e
Pi Chara Gouk	ぴーひゃらグーク	ぴーひゃらグーク	horn	l336b
Pi Chara Gouk Play	ぴーひゃらグーク・戯	ぴーひゃらグーク·戯	horn	l336c
Pi Chara Gouk Ease	ぴーひゃらグーク・楽	ぴーひゃらグーク·楽	horn	l336d
Pi Chara Gouk Joy	ぴーひゃらグーク・喜	ぴーひゃらグーク·喜	horn	l336e
Festival Gouk Fun	おまつりグーク・熱狂	おまつりグーク·熱狂	horn	l336f
"WhiteWhite ""Wan Wan"""	しろしろ【ワンワン】	しろしろ【ワンワン】	horn	l3375
"WhiteWhite ""Gao Gao"""	しろしろ【ガオガオ】	しろしろ【ガオガオ】	horn	l3376
"WhiteWhite ""Lick Lick"""	しろしろ【ペロペロ】	しろしろ【ペロペロ】	horn	l3378
Battledore Whistle	羽子板笛		horn	l36f8
"BattledoreWhistle ""Lick"""	羽子板笛【舐】		horn	l36f9
"BattledoreWhistle ""Bite"""	羽子板笛【咬】		horn	l36fa
"BattledoreWhistle ""Suck"""	羽子板笛【吸】		horn	l36fb
"BtldoreWhstl ""Pleasure"""	羽子板笛【快】		horn	l36fc
Illusion Whistle	幻想ヲ破リシ狩猟笛		horn	l3a94
Radiant Glitter Whistle	煌々ト輝ク狩猟笛		horn	l3d37
Sleeping Halk I	ぐっすりホルクⅠ		horn	l3e0a
Sleeping Halk II	ぐっすりホルクⅡ		horn	l3e0b
Sleeping Halk III	ぐっすりホルクⅢ		horn	l3e0c
Sleeping Halk IV	ぐっすりホルクⅣ		horn	l3e0d
Sleeping Halk V	ぐっすりホルクⅤ		horn	l3e0e
"Resolute Horn ""New"""	決意の笛【新】		horn	l402b
"Resolute Horn ""Lunge"""	決意の笛【進】		horn	l402c
"Resolute Horn ""Faith"""	決意の笛【信】		horn	l402d
"Resolute Horn ""Heart"""	決意の笛【心】		horn	l402e
"Resolute Horn ""Truth"""	決意の笛【真】		horn	l402f
"Resolute Horn ""Divine"""	決意の笛【神】		horn	l4030
Goggling Guuku I	キョロキョログークⅠ		horn	l429b
Goggling Guuku II	キョロキョログークⅡ		horn	l429c
Goggling Guuku III	キョロキョログークⅢ		horn	l429d
Goggling Guuku IV	キョロキョログークⅣ		horn	l429e
Goggling Guuku VI	キョロキョログークⅥ		horn	l429f
Goggling Guuku VII	キョロキョログークⅦ		horn	l42a0
Santa De Guuku I	サンタ・デ・グークⅠ		horn	l42f2
Santa De Guuku II	サンタ・デ・グークⅡ		horn	l42f3
Santa De Guuku III	サンタ・デ・グークⅢ		horn	l42f4
Santa De Guuku IV	サンタ・デ・グークⅣ		horn	l42f5
Santa De Guuku V	サンタ・デ・グークⅤ		horn	l42f6
Coiling Ravi I	まきまきラヴィⅠ		horn	l4322
Coiling Ravi II	まきまきラヴィⅡ		horn	l4323
Coiling Ravi III	まきまきラヴィⅢ		horn	l4324
Coiling Ravi IV	まきまきラヴィⅣ		horn	l4325
Coiling Ravi V	まきまきラヴィⅤ		horn	l4326
Gia Gia Guuku I	ギャアギャアグークⅠ		horn	l42b3
Gia Gia Guuku II	ギャアギャアグークⅡ		horn	l42b4
Gia Gia Guuku III	ギャアギャアグークⅢ		horn	l42b5
Gia Gia Guuku IV	ギャアギャアグークⅣ		horn	l42b6
Gia Gia Guuku VI	ギャアギャアグークⅥ		horn	l42b7
Gia Gia Guuku VII	ギャアギャアグークⅦ		horn	l42b8
Grau Cross I	グラウクロッソⅠ		horn	l348a
Grau Cross II	グラウクロッソⅡ		horn	l348b
Grau Cross III	グラウクロッソⅢ		horn	l348c
Grau Cross IV	グラウクロッソⅣ		horn	l348d
Grau Cross V	グラウクロッソⅤ		horn	l348e
9434・モーヴクロッソI	モーヴクロッソⅠ		horn	l3494
9534・モーヴクロッソII	モーヴクロッソⅡ		horn	l3495
9634・モーヴクロッソIII	モーヴクロッソⅢ		horn	l3496
9734・モーヴクロッソIV	モーヴクロッソⅣ		horn	l3497
9834・モーヴクロッソV	モーヴクロッソⅤ		horn	l3498
Steel Acris I	スティールアクリスⅠ	鋼鐵蟋蟀Ⅰ	horn	l0523
Steel Acris II	スティールアクリスⅡ	鋼鐵蟋蟀Ⅱ	horn	l0524
Steel Acris III	スティールアクリスⅢ	鋼鐵蟋蟀Ⅲ	horn	l0525
Steel Acris IV	スティールアクリスⅣ	鋼鐵蟋蟀Ⅳ	horn	l0526
Steel Acris V	スティールアクリスⅤ	鋼鐵蟋蟀Ⅴ	horn	l10d6
Sapphir Acris I	サフィールアクリスⅠ	蒼玉蟋蟀Ⅰ	horn	l0fca
Sapphir Acris II	サフィールアクリスⅡ	蒼玉蟋蟀Ⅱ	horn	l0fcb
Sapphir Acris III	サフィールアクリスⅢ	蒼玉蟋蟀Ⅲ	horn	l0fcc
Sapphir Acris IV	サフィールアクリスⅣ	蒼玉蟋蟀Ⅳ	horn	l0fcd
Rubino Acris I	ルビーノアクリスⅠ	紅石蟋蟀Ⅰ	horn	l11cc
Rubino Acris II	ルビーノアクリスⅡ	紅石蟋蟀Ⅱ	horn	l11cd
Rubino Acris III	ルビーノアクリスⅢ	紅石蟋蟀Ⅲ	horn	l11ce
Rubino Acris IV	ルビーノアクリスⅣ	紅石蟋蟀Ⅳ	horn	l11cf
Rubino Acris V	ルビーノアクリスⅤ	紅石蟋蟀Ⅴ	horn	l11d0
Rubino Acris VI	ルビーノアクリスⅥ	紅石蟋蟀Ⅵ	horn	l1e75
Rubino Acris VII	ルビーノアクリスⅦ		horn	l393d
ルビーノアクリスVIII	ルビーノアクリスⅧ		horn	l393e
ルビーノアクリスIX	ルビーノアクリスⅨ		horn	l393f
Zidoria Acris I	シトリアアクリスⅠ	黃寶蟋蟀Ⅰ	horn	l14cc
Zidoria Acris II	シトリアアクリスⅡ	黃寶蟋蟀Ⅱ	horn	l14cd
Zidoria Acris III	シトリアアクリスⅢ	黃寶蟋蟀Ⅲ	horn	l14ce
Zidoria Acris IV	シトリアアクリスⅣ	黃寶蟋蟀Ⅳ	horn	l14cf
Zidoria Acris V	シトリアアクリスⅤ	黃寶蟋蟀Ⅴ	horn	l14d0
Ponos I	ポノスⅠ	白喵琴	horn	l1716
Ponos II	ポノスⅡ	白喵琴【彈】	horn	l1717
Ponos III	ポノスⅢ	白喵琴【演】	horn	l1718
Zmos Berio	ズモス・ベリオ	白喵琴【奏】	horn	l1719
9D26・ズモス・キュニック	ズモス・キュニック	白喵琴【樂】	horn	l269d
Zmos Paryze	ズモス・パライズ	白喵琴【響】	horn	l2fc5
Zmos Paralyse	ズモス・パラライズ	白喵琴【音】	horn	l2fc6
Amethyst Acris I	アメシスアクリスⅠ	紫晶蟋蟀Ⅰ	horn	l180e
Amethyst Acris II	アメシスアクリスⅡ	紫晶蟋蟀Ⅱ	horn	l180f
Amethyst Acris III	アメシスアクリスⅢ	紫晶蟋蟀Ⅲ	horn	l1810
Amethyst Acris IV	アメシスアクリスⅣ	紫晶蟋蟀Ⅳ	horn	l1811
Amethyst Acris V	アメシスアクリスⅤ	紫晶蟋蟀Ⅴ	horn	l1812
8534・アスプクロッソI	アスプクロッソⅠ	アスプクロッソⅠ	horn	l3485
8634・アスプクロッソII	アスプクロッソⅡ	アスプクロッソⅡ	horn	l3486
8734・アスプクロッソIII	アスプクロッソⅢ	アスプクロッソⅢ	horn	l3487
8834・アスプクロッソIV	アスプクロッソⅣ	アスプクロッソⅣ	horn	l3488
8934・アスプクロッソV	アスプクロッソⅤ	アスプクロッソⅤ	horn	l3489
Celestial Torment I	セレストロメントⅠ	天聖獵笛Ⅰ	horn	l0e7d
Celestial Torment II	セレストロメントⅡ	天聖獵笛Ⅱ	horn	l0e7e
Celestial Torment III	セレストロメントⅢ	天聖獵笛Ⅲ	horn	l0e7f
Dread Marquis	ドレッド・マーキス	光華·樂章	horn	l0e80
Dread Max	ドレッド・マックス	極致光華	horn	l28ab
Celestial Regis	セレスドレッグス	永恆芒光	horn	l28ac
Dregg Starts	ドレッグスターツ	不滅光輝	horn	l28ad
Ghat Pipe I	ガートパイプⅠ	火葬樂笛Ⅰ	horn	l0fce
Ghat Pipe II	ガートパイプⅡ	火葬樂笛Ⅱ	horn	l0fcf
Ghat Pipe III	ガートパイプⅢ	火葬樂笛Ⅲ	horn	l0fd0
Rhodolite	ロードライト	紅榴石	horn	l0fd1
Almatein	アルマンダイン	鐵鋁石榴石	horn	l28bd
Spestein	スペッサータイン	錳鋁石榴石	horn	l28be
Dementoid	デマントイド	鈣鐵榴石	horn	l28bf
Concerto I	コンチェルトⅠ	協奏曲Ⅰ	horn	l11c8
Concerto II	コンチェルトⅡ	協奏曲Ⅱ	horn	l11c9
Concerto III	コンチェルトⅢ	協奏曲Ⅲ	horn	l11ca
Frei Concerto	フレイ・コンチェルト	豐饒神協奏曲	horn	l11cb
Strel Concerto	ストレルコンチェルト	虔信協奏曲	horn	l28f3
Lupis Concerto	ルーピスコンチェルト	荒野協奏曲	horn	l28f4
Traines Concerto	トレネスコンチェルト	月光協奏曲	horn	l28f5
Alvino I	アルヴィオⅠ	賢者Ⅰ	horn	l12c4
Alvino II	アルヴィオⅡ	賢者Ⅱ	horn	l12c5
Alvino III	アルヴィオⅢ	賢者Ⅲ	horn	l12c6
Alvino Grasno	アルヴィ・グラズノ	賢者.四季	horn	l12c7
Bellim I	ベリムⅠ	圈套Ⅰ	horn	l14c8
Bellim II	ベリムⅡ	圈套Ⅱ	horn	l14c9
Bellim III	ベリムⅢ	圈套Ⅲ	horn	l14ca
Bellimgrace	ベリムグラッセ	糖衣圈套	horn	l14cb
Occupy I	キームⅠ	佔據Ⅰ	horn	l15fc
Occupy II	キームⅡ	佔據Ⅱ	horn	l15fd
Occupy III	キームⅢ	佔據Ⅲ	horn	l15fe
Occupy Singularly	キーム・イシュグレラ	佔據.獨鍾	horn	l15ff
1A27・キーム・アレイド	キーム・アレイド	佔據·同盟	horn	l271a
1B27・キーム・カルザグマ	キーム・カルザグマ	佔據·鳴音	horn	l271b
Vitality Horn I	ビタラルホルンⅠ	紅鶴號角Ⅰ	horn	l1d30
Vitality Horn II	ビタラルホルンⅡ	紅鶴號角Ⅱ	horn	l1d31
Vitality Horn III	ビタラルホルンⅢ	紅鶴號角Ⅲ	horn	l1d32
Vitara Mountain	ビタラ・ミヤマー	深山紅鶴號角	horn	l1d33
Vitara Siren	ビタラ・シレーナ	人魚紅鶴號角	horn	l2917
Vitara Trumpet	ビタラ・トランパ	深沉紅鶴號角	horn	l2918
Vitara Whistle	ビタラディクシウ	迷幻紅鶴號角	horn	l2919
711E・デレクI	デレクⅠ	統御者Ⅰ	horn	l1e71
721E・デレクII	デレクⅡ	統御者Ⅱ	horn	l1e72
731E・デレクIII	デレクⅢ	統御者Ⅲ	horn	l1e73
741E・デレク・ポーラ	デレク・ポーラ	極地統御者號角	horn	l1e74
2A29・デレク・レヴォネ	デレク・レヴォネ	冰雪統御者號角	horn	l292a
2B29・デーレルザック	デーレルザック	寒冰統御者號角	horn	l292b
DF24・タイダラルーベン	タイダラルーベン	泰坦覺醒	horn	l24df
E024・タイダラナタエルン	タイダラナタエルン	泰坦低吼	horn	l24e0
E124・タイダラセイバトール	タイダラセイバトール	泰坦凝視	horn	l24e1
E224・タイダラリベル	タイダラリベル	泰坦自由	horn	l24e2
E324・タイダンレジェス	タイダンレジェス	泰坦守衛	horn	l24e3
4F29・サイクロシス・ガント	サイクロシス・ガント	獨眼巨人樂笛	horn	l294f
Neo Cyclosis	ネオサイクロシス	獨眼巨人革新之笛	horn	l2954
Frosch I	フロッシュⅠ	青蛙Ⅰ	horn	l2f31
Frosch II	フロッシュⅡ	青蛙Ⅱ	horn	l2f32
Frosch III	フロッシュⅢ	青蛙Ⅲ	horn	l2f33
Frosch IV	フロッシュⅣ	青蛙Ⅳ	horn	l2f34
Frosch Gesang	フロッシュ・ヴァント	青蛙·畫布	horn	l2f35
Froschprinz	フロッシュ・プリンツ	青蛙·王子	horn	l2f36
Grenouille I	グルヌイユⅠ	樹蛙Ⅰ	horn	l31fd
Grenouille II	グルヌイユⅡ	樹蛙Ⅱ	horn	l31fe
Grenouille III	グルヌイユⅢ	樹蛙Ⅲ	horn	l31ff
Grenouille IV	グルヌイユⅣ	樹蛙Ⅳ	horn	l3200
Grenouille Chante	グルヌイユ・シャンテ	樹蛙·歌喉	horn	l3201
Grenouille Prince	グルヌイユ・プランス	樹蛙·王子	horn	l3202
String I	クエルダⅠ	弦樂Ⅰ	horn	l30ec
String II	クエルダⅡ	弦樂Ⅱ	horn	l30ed
String III	クエルダⅢ	弦樂Ⅲ	horn	l30ef
String IV	クエルダⅣ	弦樂Ⅳ	horn	l30f0
F130・ストルグス	ストルグス	動人弦樂	horn	l30f1
F230・ストルヌム	ストルヌム	魅惑弦樂	horn	l30f2
B733・カシームI	カシームⅠ	カシームⅠ	horn	l33b7
B833・カシームII	カシームⅡ	カシームⅡ	horn	l33b8
B933・カシームIII	カシームⅢ	カシームⅢ	horn	l33b9
BA33・カシームIV	カシームⅣ	カシームⅣ	horn	l33ba
BB33・レクディー	レクディー	レクディー	horn	l33bb
BC33・シンフォディー	シンフォディー	シンフォディー	horn	l33bc
9035・クロリズミルI	クロリズミルⅠ		horn	l3590
9135・クロリズミルII	クロリズミルⅡ		horn	l3591
9235・クロリズミルIII	クロリズミルⅢ		horn	l3592
9335・クロリズミルIV	クロリズミルⅣ		horn	l3593
EC37・ミツミルI	ミツミルⅠ		horn	l37ec
ED37・ミツミルII	ミツミルⅡ		horn	l37ed
EE37・ミツミルIII	ミツミルⅢ		horn	l37ee
EF37・ミツミルIV	ミツミルⅣ		horn	l37ef
F037・ミツミルハピネ	ミツミルハピネ		horn	l37f0
F137・ミツミルラックス	ミツミルラックス		horn	l37f1
Poboru Plush I	ポボルぬいぐるみⅠ		horn	l3d1b
Poboru Plush II	ポボルぬいぐるみⅡ		horn	l3d1c
Poboru Plush III	ポボルぬいぐるみⅢ		horn	l3d1d
Poboru Plush IV	ポボルぬいぐるみⅣ		horn	l3d1e
Poboru Plush V	ポボルぬいぐるみⅤ		horn	l3d1f
Poboru Plush VI	ポボルぬいぐるみⅥ		horn	l3d20
White Poboru Plush I	白ポボルぬいぐるみⅠ		horn	l3d99
White Poboru Plush II	白ポボルぬいぐるみⅡ		horn	l3d9a
White Poboru Plush III	白ポボルぬいぐるみⅢ		horn	l3d9b
White Poboru Plush IV	白ポボルぬいぐるみⅣ		horn	l3d9c
White Poboru Plush V	白ポボルぬいぐるみⅤ		horn	l3d9d
White Poboru Plush VI	白ポボルぬいぐるみⅥ		horn	l3d9e
Magi Hoon	マジェ・フーン		horn	l43d1
Magi Rai	マジェ・ライン		horn	l43d2
Magi Sutachi	マジェ・スターチ		horn	l43d3
Magi Rikunir	マジェ・リクニル		horn	l43d4
Magi Tetri	マジェ・テトライ		horn	l43d5
Magi Cystrum	マジェ・シストラム		horn	l43d6
Gray Hoon	グレイ・フーン		horn	l4413
Gray Line	グレイ・ライン		horn	l4414
Gray Sutachi	グレイ・スターチ		horn	l4415
Gray Rikunir	グレイ・リクニル		horn	l4416
Gray Tetry	グレイ・テトライ		horn	l4417
Gray Lira	グレイ・リラ		horn	l4418
Vicello Nulo	セロヴィセロ	セロヴィセロ	horn	l33d6
Vicello Uno	セロヴィウノ	セロヴィウノ	horn	l33d7
Vicello Du	セロヴィセロフロン	セロヴィセロフロン	horn	l33d8
Anteka Call	ガウシカホルン	雪鹿角笛	horn	l0334
Anteka Flute	ガウシカフルート	雪鹿橫笛	horn	l0335
Anteka Oboe	ガウシカオーボワ	雪鹿雙簧管	horn	l0336
Anteka Wind	ガウシカウインド	雪鹿風笛	horn	l041c
Anteka Bufera	ガウシカブフェーラ	雪鹿暴雪笛	horn	l271c
Anteka Forata	ガウシカフォラータ	雪鹿疾風笛	horn	l271d
Anteka Lafaga	ガウシカラファーガ	雪鹿劇風笛	horn	l2775
Girino Andante	ジリーノ＝アンダンテ	行板黑音符	horn	l0fc2
Girino Moderate	ジリーノ＝モデラート	中板黑音符	horn	l0fc3
Girino Allegro	ジリーノ＝アレグロ	快板黑音符	horn	l0fc4
Girino Presto	ジリーノ＝プレスト	急板黑音符	horn	l0fc5
Melynx Tempo	ジリーノ＝テンポ	漸速黑音符	horn	l05c6
Girino Forte	ジリーノ＝フォルテ	重音黑音符	horn	l2778
Girino Accent	ジリーノ＝アクセント		horn	l3e1c
Tonalita Andante	テタール＝アンダンテ	行板白音符	horn	l0fc6
Tonalita Moderate	テタール＝モデラート	中板白音符	horn	l0fc7
Tonalita Allegro	テタール＝アレグロ	快板白音符	horn	l0fc8
Tonalita Presto	テタール＝プレスト	急板白音符	horn	l0fc9
Felyne Tempo	テタール＝テンポ	漸速白音符	horn	l05c7
Tonalita Forte	テタール＝フォルテ	重音白音符	horn	l2779
Tonalita Accent	テタール＝アクセント		horn	l3e1d
Naga Whistle	ナガホイッスル	蛇神笛	horn	l14c0
Naga Pipe	ナガパイプ	蛇神樂笛	horn	l14c1
Naga Clarinet	ナガクラリネット	蛇神豎笛	horn	l14c2
Nagyuin	ナギューイン	龍王蛇神	horn	l14c3
041F・ナギュアリン	ナギュアリン	天王蛇神	horn	l1f04
B922・ナギュレシオ	ナギュレシオ	蛇神鳴奏笛	horn	l22b9
Hydra Whistle	ハイドラホイッスル	海蛇笛	horn	l14c4
Hydra Pipe	ハイドラパイプ	海蛇樂笛	horn	l14c5
Hydra Clarinet	ハイドラクラリネット	海蛇豎笛	horn	l14c6
Dolphin Dance	ドルフィンダンス	海豚之舞	horn	l14c7
Orca Wave	オルカワルツ	虎鯨華爾滋	horn	l1f05
BA22・オルカリズム	オルカリズム	虎鯨節拍	horn	l22ba
271B・ミオルヴァ	ミオルヴァ	紫百合	horn	l1b27
281B・ファミオルヴァ	ファミオルヴァ	殷紫百合	horn	l1b28
291B・ガミオルヴァ	ガミオルヴァ	高貴百合	horn	l1b29
2A1B・ヴィンザイター	ヴィンザイター	優雅魔術士	horn	l1b2a
1E27・リネルヴ	リネルヴ	曜紫奏笛	horn	l271e
1F27・ミオネルヴァ	ミオネルヴァ	紫光慧神笛	horn	l271f
2B1B・オグスナー	オグスナー	白百合	horn	l1b2b
2C1B・ファオグスナー	ファオグスナー	瑩白百合	horn	l1b2c
2D1B・ガオグスナー	ガオグスナー	瑩亮百合	horn	l1b2d
Dictator	ディクエイター	聖潔獨裁者	horn	l1b2e
Brass Marsyas	ブラス＝マルシュ	吹奏進行曲	horn	l0e79
Kurz Marsyas	クルツ＝マルシュ	短進行曲	horn	l0e7a
Lung Marsyas	ラング＝マルシュ	長進行曲	horn	l0e7b
Stray Marsyas	グレル＝マルシュ	神聖進行曲	horn	l0e7c
Valle Marsyas	バレール＝マルシュ	革命進行曲	horn	l2887
Nocturne Marsyas	ノクタン＝マルシュ	夜想進行曲	horn	l2888
Classic Marsyas	クラシク＝マルシュ	古典進行曲	horn	l2889
Electro Pole	エレクトロポール	電光之棒	horn	l1bbe
Electro Post	エレクトロポスト	電光之杆	horn	l1bbf
Electro Pillar	エレクトロピラー	電光之柱	horn	l1bc0
Electro Symbol	エレクトロシンボル	電光信號	horn	l1bc1
Electro Totem	エレクトロトーテム	電光圖騰	horn	l1bc2
Electro Tribe	エレクトロトライブ	電光血族	horn	l2892
Electro Native	エレクトロネイティブ	電光降生	horn	l2893
Primal Pole	プライマルポール	原始之棒	horn	l1bc3
Primal Post	プライマルポスト	原始之杆	horn	l1bc4
Primal Pillar	プライマルピラー	原始之柱	horn	l1bc5
Primal Symbol	プライマルシンボル	原始信號	horn	l1bc6
Primal Totem	プライマルトーテム	原始圖騰	horn	l1bc7
Primal Tribe	プライマルトライブ	原始血族	horn	l2894
Primal Native	プライマルネイティブ	原始降生	horn	l2895
Miku Key Solo	ミクキー・独奏	未來鍵盤·獨奏	horn	l20c1
Miku Key Duo	ミクキー・二重奏	未來鍵盤·二重奏	horn	l20c2
Miku Key Trio	ミクキー・三重奏	未來鍵盤·三重奏	horn	l20c3
Miku Key Quartet	ミクキー・四重奏	未來鍵盤·四重奏	horn	l20c4
Miku Key Quintet	ミクキー・五重奏	未來鍵盤·五重奏	horn	l20c5
Miku Key Sextet	ミクキー・六重奏	未來鍵盤·六重奏	horn	l2796
Miku Key Octet	ミクキー・七重奏		horn	l3c03
Hatsune Key Solo	初音鍵盤・独奏	初音鍵盤·獨奏	horn	l20c6
Hatsune Key Duo	初音鍵盤・二重奏	初音鍵盤·二重奏	horn	l20c7
Hatsune Key Trio	初音鍵盤・三重奏	初音鍵盤·三重奏	horn	l20c8
Hatsune Key Quartet	初音鍵盤・四重奏	初音鍵盤·四重奏	horn	l20c9
Hatsune Key Quintet	初音鍵盤・五重奏	初音鍵盤·五重奏	horn	l20ca
Hatsune Key Sextet	初音鍵盤・六重奏	初音鍵盤·六重奏	horn	l2797
Hatsune Key Octet	初音鍵盤・七重奏		horn	l3c04
6C24・フィロダス	フィロダス	刃音	horn	l246c
6D24・フィロダスミュート	フィロダスミュート	刃音安寧	horn	l246d
6E24・フィロダススラップ	フィロダススラップ	刃音節拍	horn	l246e
6F24・フィロダススウィープ	フィロダススウィープ	刃音撥彈	horn	l246f
D22F・オクタオルタネイト	オクタオルタネイト	無盡反覆	horn	l2fd2
D32F・オクタレイキング	オクタレイキング	無盡挑撥	horn	l2fd3
3D32・メガロマメロディ	メガロマメロディ	狂想旋律	horn	l323d
3E32・リカーメロディ	リカーメロディ	沉醉旋律	horn	l323e
3F32・ラズルーカメロディ	ラズルーカメロディ	別離旋律	horn	l323f
B520・ジアル・リアゴ	ジアル・リアゴ	光明·和鳴	horn	l20b5
B620・ジアル・クドラ	ジアル・クドラ	光明·奏鳴	horn	l20b6
B720・ジアル・ゴノ	ジアル・ゴノ	光明·和絃	horn	l20b7
B820・カネレ・エザー	カネレ・エザー	引導·樂音	horn	l20b8
B920・カネレ・パーン	カネレ・パーン	引導·時光	horn	l20b9
BA20・フェーリ・エラス	フェーリ・エラス	妖精癒療之笛	horn	l20ba
CB33・フェーリ・ヒルス	フェーリ・ヒルス	フェーリ·ヒルス	horn	l33cb
BB20・ブル・リアゴ	ブル・リアゴ	藍色和絃	horn	l20bb
BC20・ブル・クドラ	ブル・クドラ	藍色音色	horn	l20bc
BD20・ブル・ゴノ	ブル・ゴノ	藍色奏鳴	horn	l20bd
BE20・マエロル・エザー	マエロル・エザー	藍色嘆息	horn	l20be
BF20・マロエル・パーン	マロエル・パーン	藍色潘恩之笛	horn	l20bf
C020・ラエティ・エラス	ラエティ・エラス	妖精無懼之笛	horn	l20c0
CC33・ラエティ・ヒルス	ラエティ・ヒルス	ラエティ·ヒルス	horn	l33cc
Pretty Horn	プリティホルン	寶貝豬號角	horn	l1806
Pretty Tuba	プリティチューバ	寶貝豬低音號	horn	l1807
Pretty March	プリティマーチ	寶貝豬行進	horn	l1808
Pretty Prince	プリティプリンス	寶貝豬王子	horn	l1809
Pretty Crown	プリティクラウン		horn	l3e92
Pretty White	プリティホワイト		horn	l3e93
Pretty Pretty	プリティプリティ		horn	l3e94
Rusty Horn	ラスティホルン	條紋豬號角	horn	l180a
Rusty Tuba	ラスティチューバ	條紋豬低音號	horn	l180b
Rusty March	ラスティマーチ	條紋豬行進	horn	l180c
Rusty Kaiser	ラスティカイザー	條紋豬帝王	horn	l180d
953E・ラスティクローズ	ラスティクローズ		horn	l3e95
963E・ラスティシマシマ	ラスティシマシマ		horn	l3e96
973E・ラスティラスティ	ラスティラスティ		horn	l3e97
Sacred Carnation Horn I	響渡リシ桜聖ノ笛Ⅰ		horn	l3dc6
Sacred Carnation Horn II	響渡リシ桜聖ノ笛Ⅱ		horn	l3dc7
Sacred Carnation Horn III	響渡リシ桜聖ノ笛Ⅲ		horn	l3dc8
Sacred Carnation Horn IV	響渡リシ桜聖ノ笛Ⅳ		horn	l3dc9
Sacred Carnation Horn V	響渡リシ桜聖ノ笛Ⅴ		horn	l3dca
Sacred Carnation Horn VI	響渡リシ桜聖ノ笛Ⅵ		horn	l3dcb
Sacred Carnation Horn VII	響渡リシ桜聖ノ笛Ⅶ		horn	l3dcc
Nyatar	ニャタール	銀喵琴	horn	l1722
"Nyatar ""Bullet"""	ニャタール【弾】	銀喵琴【彈】	horn	l1723
"Nyatar ""Performance"""	ニャタール【演】	銀喵琴【演】	horn	l1724
"Nyatar ""Play"""	ニャタール【奏】	銀喵琴【奏】	horn	l1725
"Nyatar ""Song"""	ニャタール【曲】	銀喵琴【曲】	horn	l2dab
"Nyanyatar ""Thought"""	ニャニャタール【想】	銀喵喵琴【想】	horn	l2dac
"Nyanyatar ""Illusion"""	ニャニャタール【幻】	銀喵喵琴【幻】	horn	l2dad
Blau Cross I	ブレウクロッソⅠ	ブレウクロッソⅠ	horn	l3480
Blau Cross II	ブレウクロッソⅡ	ブレウクロッソⅡ	horn	l3481
Blau Cross III	ブレウクロッソⅢ	ブレウクロッソⅢ	horn	l3482
Blau Cross IV	ブレウクロッソⅣ	ブレウクロッソⅣ	horn	l3483
Blau Cross V	ブレウクロッソⅤ	ブレウクロッソⅤ	horn	l3484
Nyabab	ニャバーブ	赤喵琴	horn	l1726
"Nyabab ""Bullet"""	ニャバーブ【弾】	赤喵琴【彈】	horn	l1727
"Nyabab ""Performance"""	ニャバーブ【演】	赤喵琴【演】	horn	l1728
"Nyabab ""Play"""	ニャバーブ【奏】	赤喵琴【奏】	horn	l1729
"Nyabab ""Sound"""	ニャバーブ【響】	赤喵琴【響】	horn	l1e76
9E34・コキノクロッソI	コキノクロッソⅠ	コキノクロッソⅠ	horn	l349e
9F34・コキノクロッソII	コキノクロッソⅡ	コキノクロッソⅡ	horn	l349f
A034・コキノクロッソIII	コキノクロッソⅢ	コキノクロッソⅢ	horn	l34a0
A134・コキノクロッソIV	コキノクロッソⅣ	コキノクロッソⅣ	horn	l34a1
A234・コキノクロッソV	コキノクロッソⅤ	コキノクロッソⅤ	horn	l34a2
Garuba Vent	ガルバヴァン	金塵龍ヴァン	horn	l3366
Garuba Vento	ガルバフォヴェント	金塵龍フォ神風	horn	l3367
Garuba Gust	ガルバガスト	金塵龍ガスト	horn	l3368
Garubanado	ガルバネード	金塵龍ネード	horn	l3369
Garuba Storm	ガルバストム	金塵龍ストム	horn	l336a
Nyakucho	ニャクーチョー	黑喵琴	horn	l171a
"Nyakucho ""Bullet"""	ニャクーチョー【弾】	黑喵琴【彈】	horn	l171b
"Nyakucho ""Performance"""	ニャクーチョー【演】	黑喵琴【演】	horn	l171c
"Nyachuko ""Play"""	ニャクーチョー【奏】	黑喵琴【奏】	horn	l171d
"Nyachuko ""Music"""	ニャクーチョー【楽】	黑喵琴【樂】	horn	l20cc
"Nyakucho ""Song"""	ニャクーチョー【歌】	黑喵琴【歌】	horn	l34b1
Nyalute	ニャリュート	金喵琴	horn	l171e
"Nyalut ""Bullet"""	ニャリュート【弾】	金喵琴【彈】	horn	l171f
"Nyalut ""Performance"""	ニャリュート【演】	金喵琴【演】	horn	l1720
"Nyalut ""Play"""	ニャリュート【奏】	金喵琴【奏】	horn	l1721
"Nyalut ""Music"""	ニャリュート【楽】	金喵琴【樂】	horn	l22bb
Nyanshin	ニャンシン	紅喵琴	horn	l172a
"Nyanshin ""Bullet"""	ニャンシン【弾】	紅喵琴【彈】	horn	l172b
"Nyanshin ""Performance"""	ニャンシン【演】	紅喵琴【演】	horn	l172c
"Nyanshin ""Play"""	ニャンシン【奏】	紅喵琴【奏】	horn	l172d
Notte Horn	ノッテホルン	深夜號角	horn	l17fe
Noche Flute	ノーチェフルート	深夜橫笛	horn	l17ff
Nox Oboe	ノクスオーボワ	深夜雙簧管	horn	l1800
Mesa Nyukte	メサ・ニュクテ	深夜灰狼	horn	l1801
Sona Strings	ソナ・ストリングス	深夜合弦樂	horn	l20cb
PlatHorn	プラートホルン	草綠號角	horn	l1802
Rasun Flute	ラーゼンフルート	草綠橫笛	horn	l1803
Gazon Oboe	ガゾンオーボワ	草綠雙簧管	horn	l1804
Gazo Grasidi	ガゾ・グラシディ	草綠典雅	horn	l1805
771E・キャヴァ・アフター	キャヴァ・アフター	酒家女·續攤	horn	l1e77
781E・キャヴァ・ドーハン	キャヴァ・ドーハン	酒家女·伴遊	horn	l1e78
791E・キャヴァ・ドゥンぺリ	キャヴァ・ドゥンぺリ	酒家女·香檳王	horn	l1e79
7A1E・キャヴァ・クーラー	キャヴァ・クーラー	酒家女·冰酒	horn	l1e7a
Solente Horn	ソルエンテホルン	靈魂具現號角	horn	l17fa
Solcaran Flute	ソレカランフルート	靈魂湧現號角	horn	l17fb
Soleil Oboe	ソレイユオーボワ	向陽號角	horn	l17fc
Duon Helios	デュオン・ヘリオス	太陽神之魂	horn	l17fd
CD20・デュリオス	デュリオス	旭日之魂	horn	l20cd
"Heroic Proof ""Act One"""	英雄の証【第一楽章】	英雄之証【第一樂章】	horn	l2df1
"Heroic Proof ""Act Two"""	英雄の証【第二楽章】	英雄之証【第二樂章】	horn	l2df2
"Heroic Proof ""Act Three"""	英雄の証【第三楽章】	英雄之証【第三樂章】	horn	l2df3
"Heroic Proof ""Act Four"""	英雄の証【第四楽章】	英雄之証【第四樂章】	horn	l2df4
"Heroic Proof ""G"""	英雄の証【Ｇ】	英雄之証【G】	horn	l2df5
"Heroic Proof ""GG"""	英雄の証【ＧＧ】	英雄之証【GG】	horn	l2df6
"Proof of Hero ""Ｚ"""	英雄の証【Ｚ】		horn	l3e82
Guar Guar Guuku I	グァーグァーグークⅠ	呱呱咕咕鴨Ⅰ	horn	l2cad
Guar Guar Guuku II	グァーグァーグークⅡ	呱呱咕咕鴨Ⅱ	horn	l2cae
Guar Guar Guuku III	グァーグァーグークⅢ	呱呱咕咕鴨Ⅲ	horn	l2cb0
Guar Guar Guuku IV	グァーグァーグークⅣ	呱呱咕咕鴨Ⅳ	horn	l2cb1
Guar Guar Guuku V	グァーグァーグークⅤ	呱呱咕咕鴨Ⅴ	horn	l2deb
Guar Guar Guuku VI	グァーグァーグークⅥ	呱呱咕咕鴨Ⅵ	horn	l2dec
Guar Guar Guuku VII	グァーグァーグークⅦ		horn	l42ef
Wah Wah Guuku I	ワァーワァーグークⅠ	哇哇咕咕鴨Ⅰ	horn	l2cb2
Wah Wah Guuku II	ワァーワァーグークⅡ	哇哇咕咕鴨Ⅱ	horn	l2cb3
Wah Wah Guuku III	ワァーワァーグークⅢ	哇哇咕咕鴨Ⅲ	horn	l2cb5
Wah Wah Guuku IV	ワァーワァーグークⅣ	哇哇咕咕鴨Ⅳ	horn	l2cb6
Wah Wah Guuku V	ワァーワァーグークⅤ	哇哇咕咕鴨Ⅴ	horn	l2ded
Wah Wah Guuku VI	ワァーワァーグークⅥ	哇哇咕咕鴨Ⅵ	horn	l2dee
Wah Wah Guuku VII	ワァーワァーグークⅦ		horn	l42f0
Gah Gah Guuku I	ガァーガァーグークⅠ	嘎嘎咕咕鴨Ⅰ	horn	l2cb7
Gah Gah Guuku II	ガァーガァーグークⅡ	嘎嘎咕咕鴨Ⅱ	horn	l2cb8
Gah Gah Guuku III	ガァーガァーグークⅢ	嘎嘎咕咕鴨Ⅲ	horn	l2cba
Gah Gah Guuku IV	ガァーガァーグークⅣ	嘎嘎咕咕鴨Ⅳ	horn	l2cbb
Gah Gah Guuku V	ガァーガァーグークⅤ	嘎嘎咕咕鴨Ⅴ	horn	l2def
Gah Gah Guuku VI	ガァーガァーグークⅥ	嘎嘎咕咕鴨Ⅵ	horn	l2df0
Gah Gah Guuku VII	ガァーガァーグークⅦ		horn	l42f1
Mauve Cross I	マヴロクロッソⅠ	マヴロクロッソⅠ	horn	l348f
Mauve Cross II	マヴロクロッソⅡ	マヴロクロッソⅡ	horn	l3490
Mauve Cross III	マヴロクロッソⅢ	マヴロクロッソⅢ	horn	l3491
Mauve Cross IV	マヴロクロッソⅣ	マヴロクロッソⅣ	horn	l3492
Mauve Cross V	マヴロクロッソⅤ	マヴロクロッソⅤ	horn	l3493
A834・ヴィニエクロッソンI	ヴィニエクロッソンⅠ	ヴィニエクロッソンⅠ	horn	l34a8
A934・ヴィニエクロッソンII	ヴィニエクロッソンⅡ	ヴィニエクロッソンⅡ	horn	l34a9
AA34・ヴィニエクロッソンIII	ヴィニエクロッソンⅢ	ヴィニエクロッソンⅢ	horn	l34aa
AB34・ヴィニエクロッソンIV	ヴィニエクロッソンⅣ	ヴィニエクロッソンⅣ	horn	l34ab
AC34・ヴィニエクロッソンV	ヴィニエクロッソンⅤ	ヴィニエクロッソンⅤ	horn	l34ac
A334・ラシノクロッソI	ラシノクロッソⅠ		horn	l34a3
A434・ラシノクロッソII	ラシノクロッソⅡ		horn	l34a4
A534・ラシノクロッソIII	ラシノクロッソⅢ		horn	l34a5
A634・ラシノクロッソIV	ラシノクロッソⅣ		horn	l34a6
A734・ラシノクロッソV	ラシノクロッソⅤ		horn	l34a7
Khezu Baby	フルフルBABY		horn	l3d27
Munching Khezu Baby	フルフルBABYもぐ		horn	l3d28
Chomping Khezu Baby	フルフルBABYばく		horn	l3d29
Guzzling Khezu Baby	フルフルBABYがぶ		horn	l3d2a
Gulping Khezu Baby	フルフルBABYごくん		horn	l3d2b
Red Khezu Baby	亜フルフルBABY		horn	l3d2c
Munching R.Khezu Baby	亜フルフルBABYもぐ		horn	l3d2d
Chomping R.Khezu Baby	亜フルフルBABYばく		horn	l3d2e
Guzzling R.Khezu Baby	亜フルフルBABYがぶ		horn	l3d2f
Gulping R.Khezu Baby	亜フルフルBABYごくん		horn	l3d30
Zenith Khezu Baby	辿フルフルBABY		horn	l3d31
Munching Z.Khezu Baby	辿フルフルBABYもぐ		horn	l3d32
Chomping Z.Khezu Baby	辿フルフルBABYばく		horn	l3d33
Guzzling Z.Khezu Baby	辿フルフルBABYがぶ		horn	l3d34
Gulping Z.Khezu Baby	辿フルフルBABYごくん		horn	l3d35
Noisy Guuku I	ワイワイグークⅠ		horn	l42a1
Noisy Guuku II	ワイワイグークⅡ		horn	l42a2
Noisy Guuku III	ワイワイグークⅢ		horn	l42a3
Noisy Guuku IV	ワイワイグークⅣ		horn	l42a4
Noisy Guuku VI	ワイワイグークⅥ		horn	l42a5
Noisy Guuku VII	ワイワイグークⅦ		horn	l42a6
Love Love Guuku I	ピャーピャーグークⅠ		horn	l42a7
Love Love Guuku II	ピャーピャーグークⅡ		horn	l42a8
Love Love Guuku III	ピャーピャーグークⅢ		horn	l42a9
Love Love Guuku IV	ピャーピャーグークⅣ		horn	l42aa
Love Love Guuku VI	ピャーピャーグークⅥ		horn	l42ab
Love Love Guuku VII	ピャーピャーグークⅦ		horn	l42ac
Gao Gao Guuku I	ギャオギャオグークⅠ		horn	l42ad
Gao Gao Guuku II	ギャオギャオグークⅡ		horn	l42ae
Gao Gao Guuku III	ギャオギャオグークⅢ		horn	l42af
Gao Gao Guuku IV	ギャオギャオグークⅣ		horn	l42b0
Gao Gao Guuku VI	ギャオギャオグークⅥ		horn	l42b1
Gao Gao Guuku VII	ギャオギャオグークⅦ		horn	l42b2
Hya Hya Guuku I	ヒャーヒャーグークⅠ		horn	l42b9
Hya Hya Guuku II	ヒャーヒャーグークⅡ		horn	l42ba
Hya Hya Guuku III	ヒャーヒャーグークⅢ		horn	l42bb
Hya Hya Guuku IV	ヒャーヒャーグークⅣ		horn	l42bc
Hya Hya Guuku VI	ヒャーヒャーグークⅥ		horn	l42bd
Hya Hya Guuku VII	ヒャーヒャーグークⅦ		horn	l42be
Kuak Kuak Guuku I	クエックエッグークⅠ		horn	l42bf
Kuak Kuak Guuku II	クエックエッグークⅡ		horn	l42c0
Kuak Kuak Guuku III	クエックエッグークⅢ		horn	l42c1
Kuak Kuak Guuku IV	クエックエッグークⅣ		horn	l42c2
Kuak Kuak Guuku VI	クエックエッグークⅥ		horn	l42c3
Kuak Kuak Guuku VII	クエックエッグークⅦ		horn	l42c4
Scarecrow I	クカカカカグークⅠ		horn	l42c5
Scarecrow II	クカカカカグークⅡ		horn	l42c6
Scarecrow III	クカカカカグークⅢ		horn	l42c7
Scarecrow IV	クカカカカグークⅣ		horn	l42c8
Scarecrow VI	クカカカカグークⅥ		horn	l42c9
Scarecrow VII	クカカカカグークⅦ		horn	l42ca
Kyo Kyo Guuku I	キョエキョエグークⅠ		horn	l42cb
Kyo Kyo Guuku II	キョエキョエグークⅡ		horn	l42cc
Kyo Kyo Guuku III	キョエキョエグークⅢ		horn	l42cd
Kyo Kyo Guuku IV	キョエキョエグークⅣ		horn	l42ce
Kyo Kyo Guuku VI	キョエキョエグークⅥ		horn	l42cf
Kyo Kyo Guuku VII	キョエキョエグークⅦ		horn	l42d0
Kaa Kaa Guuku I	カァーカァーグークⅠ		horn	l42d1
Kaa Kaa Guuku II	カァーカァーグークⅡ		horn	l42d2
Kaa Kaa Guuku III	カァーカァーグークⅢ		horn	l42d3
Kaa Kaa Guuku IV	カァーカァーグークⅣ		horn	l42d4
Kaa Kaa Guuku VI	カァーカァーグークⅥ		horn	l42d5
Kaa Kaa Guuku VII	カァーカァーグークⅦ		horn	l42d6
Pai Pai Guuku I	ピエーピエーグークⅠ		horn	l42d7
Pai Pai Guuku II	ピエーピエーグークⅡ		horn	l42d8
Pai Pai Guuku III	ピエーピエーグークⅢ		horn	l42d9
Pai Pai Guuku IV	ピエーピエーグークⅣ		horn	l42da
Pai Pai Guuku VI	ピエーピエーグークⅥ		horn	l42db
Pai Pai Guuku VII	ピエーピエーグークⅦ		horn	l42dc
Rosa Cross I	ローズクロッソⅠ		horn	l3499
Rosa Cross II	ローズクロッソⅡ		horn	l349a
Rosa Cross III	ローズクロッソⅢ		horn	l349b
Rosa Cross IV	ローズクロッソⅣ		horn	l349c
Rosa Cross V	ローズクロッソⅤ		horn	l349d
Phantom Opera	ゴーストオペラ	歌劇魅魂	horn	l3192
Menti Polka	メンティポルカ	受選號角	horn	l3208
Ode to Joy	オードトゥージョイ	オードトゥージョイ	horn	l3346
Renka Flute	煉華ノ笛		horn	l3f0b
"Renka Flute ""Wisteria"""	煉華ノ笛【藤】		horn	l3f0c
"Renka Flute ""Floribunda"""	煉華ノ笛【藤不如帰】		horn	l3f0d
"Renka Flute ""Bell Light"""	煉華ノ笛【鈴光】		horn	l3f0e
"Rondo Horn ""Catch"""	煉舞ノ笛【引手】		horn	l4183
"Rondo Horn ""Kuzumari"""	煉舞ノ笛【葛毬】		horn	l4184
"Rondo Horn ""Granary"""	煉舞ノ笛【米蔵】		horn	l4185
"Rondo Horn ""Veil"""	煉舞ノ笛【薄衣】		horn	l4186
Lethe Horn	煉獄ノ笛		horn	l4354
"Lethe Horn ""Anarchy"""	煉獄ノ笛・反抗		horn	l4355
"Lethe Horn ""Wish"""	煉獄ノ笛・願望		horn	l4356
"Lethe Horn ""Ebisu"""	煉獄ノ笛【恵比寿】		horn	l4357
March of Mephisto	マーチオブメフィスト		horn	l41ec
Usurper's Howl	王琴トドロキ	王琴トドロキ	horn	l34d4
Despot's Thunderclap	王牙琴【鳴雷】	王牙琴【鳴雷】	horn	l34d5
Oppressor's Boon	真・王牙琴【天禄】	真·王牙琴【天禄】	horn	l34d6
Dios Bell	ディオスベル		horn	l353d
Blast Bell	爆砕の壊鈴		horn	l353e
Lightbreak Hieroglyph	破岩鈴イエログラフ		horn	l353f
Bariguiro	グィロスト		horn	l3578
Algiguiro	グィロティスカ		horn	l3579
Frigiguiro	グィロ＝フリギドゥス		horn	l357a
Brazengaita	ブラスゲニア		horn	l3839
Gigas Gaita	ギガスゲニア		horn	l383a
Archgigas Gaita	巨笛ギガスゲニア		horn	l383b
Hidden Tone	ヒドゥントーン		horn	l387c
Cry In The Night	夜笛【逢魔】		horn	l387d
Avydia Harmonic	暗夜笛【黄昏時】		horn	l387e
Brimstren Drakesong	獄琴リュウセイ		horn	l3a30
Brimstren Drakesong α	獄琴リュウセイ改		horn	l3a31
Stygian Tristitia	狼牙琴【異獄】		horn	l3a32
Kummerklang	サウンドofクライ		horn	l3bbf
Gramklang	サウンドofソロウ		horn	l3bc0
Trauerklang	サウンドofドゥーム		horn	l3bc1
La Sepulture	THEレクイエム		horn	l3cda
La Joie	THEグリー		horn	l3cdb
Le Gregorien	THEグレゴリア		horn	l3cdc
Autumn Lute	凶琴【秋嵐】		horn	l3ed4
Harvest Lute	天嵐ノ琴【晴雲秋月】		horn	l3ed5
Equinox Lute	太虚ノ琴【玄天】		horn	l3ed6
Vadya Muse	ワージャアルリジル		horn	l3fdd
Allysyl Muse	叛笛アルリジル		horn	l3fde
Allysyl Rebellion	乱叛笛アルリジル		horn	l3fdf
Thornflute Rosenglanz	棘奏笛ローゼンガンツ		horn	l3b03
Thornflute Rosenmelodie	棘奏笛ローゼンハルベ		horn	l3b04
Thornflute Rosenmusik	棘奏笛ローゼンフィア		horn	l3b05
Thornflute Rosenlied	棘奏笛ローゼンアハル		horn	l3b06
Feather Dreamer	フェザードリーマー		horn	l3b1b
Feather Dusk	フェザーナイト		horn	l3b1c
Feather Shadow	フェザーシャドウ		horn	l3b1d
Feather Nights	フェザーナイッツ		horn	l3b1e
"Aegishorn ""Astamelody"""	盾蟹笛アスタメロデ		horn	l3b37
"Aegishorn ""Astasong"""	盾蟹笛アスタソング		horn	l3b38
"Aegishorn ""Astasing"""	盾蟹笛アスタシング		horn	l3b39
"Aegishorn ""Astadiva"""	盾蟹笛アスタディバ		horn	l3b3a
Vashim Flauto	ヴァシム・フラウト		horn	l3c5f
Vashim Sifure	ヴァシム・シフーレ		horn	l3c60
Vashim Pete	ヴァシム・ピート		horn	l3c61
Vashim Conze	ヴァシムーンコンツェ		horn	l3c62
Mido Spear Fame	絶爆狼笛ヒヴア		horn	l3d79
Mido Spear Honoured	絶爆狼笛アロン		horn	l3d7a
Mido Spear Glorious	絶爆狼笛ソリト		horn	l3d7b
"Mido Spear ""Homare"""	絶爆狼笛【シキ】		horn	l3d7c
Ruko Whistle Trueno	極龍笛トルエノ		horn	l3e27
Ruko Whistle Guom	極龍笛グロム		horn	l3e28
Ruko Whistle Raad	極龍笛ラアド		horn	l3e29
Light Ruko Horn Barakyu	光極龍笛バラキュ		horn	l3e2a
"Torid Horn ""Dulcet"""	トリドロイズ		horn	l3f63
"Torid Horn ""Lively"""	トリドボルイズ		horn	l3f64
"Torid Horn ""Melodic"""	トリドケニーズ		horn	l3f65
"Torid Horn ""Hymn"""	トリド・リツ		horn	l3f66
"Anoru Horn ""Dilek"""	ゼーゲ・ドレスク		horn	l4131
"Anoru Horn ""Force"""	ゼーゲ・フォース		horn	l4132
"Anoru Horn ""Ostar"""	ゼーゲ・オスト		horn	l4133
"Anoru Horn ""Bolka"""	ゼーゲ・ボルカ		horn	l4134
Eryu Reben	エリュー・アリア		horn	l41df
Eryu Xonbaru	エリュー・アリエネ		horn	l41e0
Eryu Aria	エリュー・プリズマ		horn	l41e1
Eryu Ariene	エリュー・ヴェールズ		horn	l41e2
"Harudo Horn ""Fuxidda"""	司銀猛笛フィッダ		horn	l445f
"Harudo Horn ""Shidavuros"""	司銀猛笛シダヴロス		horn	l4460
"Harudo Horn ""Arujixen"""	司銀猛笛アルジェン		horn	l4461
"Harudo Horn ""Nogure"""	司銀猛笛ノグレー		horn	l4462
"Composer Harp ""Intro"""	歌唄ノ笛【前奏】		horn	l3b94
"Composer Harp ""Chorus"""	歌唄ノ笛【中奏】		horn	l3b95
"Composer Harp ""Encore"""	歌唄ノ笛【後奏】		horn	l3b96
"Prayer Horn ""Prelude"""	歌踊ノ笛【前奏】		horn	l3d4b
"Prayer Horn ""Interlude"""	歌踊ノ笛【中奏】		horn	l3d4c
"Prayer Horn ""Finale"""	歌踊ノ笛【後奏】		horn	l3d4d
"Recital Horn ""Prelude"""	歌詠ノ笛【前奏】		horn	l3fb5
"Recital Horn ""Chorus"""	歌詠ノ笛【中奏】		horn	l3fb6
"Recital Horn ""Encore"""	歌詠ノ笛【後奏】		horn	l3fb7
"Enrapture Horn ""Intro"""	歌繋ノ笛【前奏】		horn	l437b
"Enrapture Horn ""Chorus"""	歌繋ノ笛【中奏】		horn	l437c
"Enrapture Horn ""Encore"""	歌繋ノ笛【後奏】		horn	l437d
PurpleGypcerosFlute	毒怪鳥ノ笛		horn	l1e65
PrplGypcrsFlut StrgPoisn	毒怪鳥ノ笛【劇薬】		horn	l1e66
PrplGypcrsFlut Toxic	毒怪鳥ノ笛【毒薬】		horn	l1e67
Poison Sound	毒ノ響		horn	l1e68
Poisonous Sound	毒ノ音		horn	l1e69
→Girino Mezzo Pianio	→ジリーノ＝メゾピアノ	→弱音黑音符	horn	l2722
→Tonalita Mezzo Piano	→テタール＝メゾピアノ	→弱音白音符	horn	l2723
→Partner Wind	→パルトナウィンド	→戰友管樂器	horn	l2d85
"→Melody Horn ""Chorus"""	→歌奏ノ笛【中奏】		horn	l4167
"Melody Horn ""Prelude""←"	歌奏ノ笛【前奏】←		horn	l4166
"→Melody Horn ""Encore"""	→歌奏ノ笛【後奏】		horn	l4168
Hunter Knife	ハンターナイフ	獵刀	katate	l009c
Hunter Knife+	ハンターナイフ改	獵刀·改	katate	l009d
Hunting Dagger	ハンターカリンガ	獵人彎刀	katate	l009e
Hunting Dagger+	ハンターカリンガ改	獵人彎刀·改	katate	l009f
Assassin Dagger	アサシンカリンガ	暗殺彎刀	katate	l00a0
Velocidrome Bite	ドスバイトダガー	迅猛龍短劍	katate	l00a6
Velocidrome Bite+	ドスバイトダガー改	龍咬短劍·改	katate	l0108
Bulldrome Dagger	ドスファングダガー	大牙短刀	katate	l01d4
Bulldrome Dagger+	ドスファングダガー改	大牙短刀·改	katate	l02e6
Bulldrome Edge	ドスファングエッジ	大牙銳劍	katate	l0550
Weary Finsword	スリープショテル	睡眠彎月刀	katate	l00bb
Sandman Finsword	ガノフィンショテル	水龍鰭鉤劍	katate	l00bd
Sandman Spike	ガノフィンスパイク	水龍鰭剌劍	katate	l015e
High Sandman Spike	ハイガノススパイク	上位水龍剌	katate	l015f
High Plesioth Storm	ハイガノスストーム	上位水龍風暴	katate	l1119
High Plesioth Silence	ハイガノサイレンス	上位水龍寂靜	katate	l18e3
Tidal Dagger	モイストカリンガ	滑刃彎刀	katate	l04d9
High Tidal Dagger	フォンスカリンガ	泉源彎刀	katate	l04da
Ripcurrent Dagger	ラクスカリンガ	光明彎刀	katate	l04db
Marine Misericorde	シヌスカリンガ	曲刃彎刀	katate	l054e
Spectacular Kalinga	マレカリンガ	海洋彎刀	katate	l0ea3
Serpent Bite	サーペントバイト	海蛇牙	katate	l00a5
Viper Bite	ヴァイパーバイト	毒蛇牙	katate	l00a7
Deathprize	デスパライズ	死亡之吻	katate	l00a9
Hydra Bite	ハイドラバイト	毒龍牙	katate	l00aa
Deadly Poison	デッドリィポイズン	致命之吻	katate	l00ac
Princess Rapier	プリンセスレイピア	公主細劍	katate	l00ae
Princess Rapier+	プリンセスレイピア改	公主細劍·改	katate	l00b0
Queen Rapier	クイーンレイピア	女王細劍	katate	l01c2
Queen Gold	クイーンゴールド	女王黃金劍	katate	l1021
Noble Gold	ノーブルゴールド	尊爵黃金劍	katate	l18e2
Chilled Fang	チルドファング	冷卻牙刀	katate	l0211
Chilled Fang+	チルドファング改	冷卻牙刀·改	katate	l0212
Snake Bite	スネークバイト	藍蛇刀	katate	l0236
Snake Bite+	スネークバイト改	蛇咬刀·改	katate	l0237
High Snake Bite	ハイスネークバイト	上位蛇咬刀	katate	l036e
White Snake	ホワイトスネーク	白蛇刀	katate	l036f
Albino Snake	白蛇剣【氷牙】	白蛇劍【冰牙】	katate	l0f57
Sleeping Scimitar	スリプラピック	沉眠彎刀	katate	l1a35
Light Bang	ライトバング	輕擊彎刀	katate	l020f
Light Bang+	ライトバング改	輕擊彎刀·改	katate	l0210
Draguetta	ドラグエッタ	輝龍小劍	katate	l0257
Unietta	ユニエッタ	白鳩小劍	katate	l0258
Ark of the Sky	アルカンシエル	天空之弧	katate	l1117
Bone Kris	ボーンククリ	骨匕首	katate	l00b2
Bone Kris+	ボーンククリ改	骨匕首·改	katate	l00b3
Bone Pick	ボーンピック	骨製尖刃刀	katate	l00b4
Bone Pick+	ボーンピック改	骨製尖刃刀·改	katate	l00b5
Bone Nail	ボーンネイル	骨爪劍	katate	l00b6
Studded Club	リベットクラブ	角龍棒	katate	l00c0
Spiked Bat	クギバット	狼牙棒	katate	l00c2
Cursed Spirit	呪魂	咒魂	katate	l0159
Doomed Soul+	呪魂－改	咒魂·改	katate	l02e8
Forbidden Doomed Soul	呪魂－禁	咒魂·禁	katate	l1118
Rajang Club	金獣棍	金獸棍	katate	l00c9
Taboo Rajang Club	金獣棍【禁忌】	金獸棍【禁忌】	katate	l00ca
Untouchable	アンタッチャブル	不可接觸	katate	l122a
Thunderbane	サンダーベイン	閃電筋脈刀	katate	l00ad
Lightning Bane	ライトニングベイン	雷霆斬	katate	l00af
Kirin Bolt Indora	雷神剣インドラ	雷神劍印多拉	katate	l0156
Thor Indra+	雷神剣インドラ改	雷神劍印多拉·改	katate	l111a
Zeus Indra	雷神皇剣インドラ	雷神皇劍印多拉	katate	l111b
Kut-Ku Fury	クックフューリー	怪鳥盛怒	katate	l0255
Kut-Ku Sickle	クックプラニティ	青怪鳥之怒	katate	l0256
Kut-Ku Sickle+	クックプラニティ改	青怪鳥之怒·改	katate	l0370
Kut-Ku Wrath	クックドハツテン	怪鳥怒髮短劍	katate	l0371
Kut-Ku Hatred	クックノイカリ	怪鳥憤怒短劍	katate	l111c
Guku Guku	クッククック	怪鳥怪鳥	katate	l1a37
Poison Battleaxe	ポイズンタバルジン	毒戰斧	katate	l00b1
Deadly Battleaxe	デッドリィタバルジン	致命戰斧	katate	l0155
Satan's Battleaxe	サタンブローバ	惡魔斬斧	katate	l0261
Felfire Battleaxe	ゲインブローバ	勝利斬斧	katate	l0262
Poison Realm	ポイズンレルム	毒物領域	katate	l1c39
Feather Knife	フェザーナイフ	鳥羽匕首	katate	l01f7
Feather Sword	フェザーソード	鳥羽劍	katate	l01f8
Feather Edge	フェザーエッジ	羽毛銳劍	katate	l0259
Feather Edge+	フェザーエッジ改	鳥羽銳劍·改	katate	l02e7
Feather Shaver	フェザーシェーバー	鳥羽速刃	katate	l03ac
Kirin Bolt	紫電	紫電	katate	l00a1
Kirin Bolt+	紫電改	紫電·改	katate	l00a2
Kirin Bolt Ultimus	雷神剣キリン	雷神麒麟劍	katate	l00a4
Thor's Dagger	雷神宝剣キリン	雷神寶劍麒麟	katate	l0164
Kirin Bolt Eden	雷神宝剣キリンオー	雷神寶劍麒麟王	katate	l0441
Djinn	バーンエッジ	灼焰銳劍	katate	l00b7
Djinn+	バーンエッジ改	灼焰銳劍·改	katate	l00b9
Blazing Falchion	イフリートマロウ	炎靈之葵	katate	l00ba
Ifrit Slash	イフリートスラッシュ	伊弗利特斬擊	katate	l054f
Corona	コロナ	日冕短劍	katate	l00dd
Golden Falchion	ゴールドマロウ	金髓劍	katate	l015d
Gold Slasher	ゴールドスラッシュ	黃金斬擊劍	katate	l0f58
Flame Syphos	フレイムサイフォス	黑焰劍	katate	l00ab
Black Doom Flame	豪剣アグニ	豪劍火神	katate	l01c1
Bombsword Agni	爆剣アグニ	爆劍火神	katate	l03ce
Kyogen Sword Agni	狂神剣アグニ	狂神劍火神	katate	l1c3a
Frost Edge	フロストエッジ	冰霜銳劍	katate	l00bf
Frost Edge+	フロストエッジ改	冰封刀·改	katate	l00c1
Hi Frost Edge	ハイフロストエッジ	千年冰晶劍	katate	l01c4
Ice Edge	アイスエッジ	冰銳劍	katate	l03cd
Crimson Club	クリムゾンクラブ	深紅角棒	katate	l00c3
Monoblos Club	モノブロスクラブ	一角龍棍棒	katate	l00c4
Monoblos Club+	モノブロスクラブ改	一角龍棍棒·改	katate	l02e9
Monoblos Soul	モノブロスソウル	一角龍魂	katate	l04d8
Steel Ice Dagger	鋼氷剣	鋼冰劍	katate	l00bc
Daora's Razor	エストレモ＝ダオラ	冰龍皇劍	katate	l01c3
Daora's Premium	ダオラ＝プレミアム	珍貴鋼龍劍	katate	l033d
Daora's Dio	ティオ＝ダオラ	十重鋼龍劍	katate	l1c3b
Blue Ogre Sword	独龍剣【青鬼】	獨龍劍【青鬼】	katate	l00c7
Azure Ogre Sword	独龍剣【蒼鬼】	獨龍劍【蒼鬼】	katate	l01c5
Our Blue Ogre Sword	我龍剣【蒼鬼】	我龍劍【蒼鬼】	katate	l03ad
Dragon Ghostblade	己龍剣【蒼鬼】	己龍劍【蒼鬼】	katate	l0ea4
Dragonbuster	ドラゴンバスター	黑龍破壞者	katate	l00cb
Black Dragon Sword	黒龍剣	黑龍劍	katate	l00de
Black Ruiner Sword	黒滅龍剣	黑滅龍劍	katate	l0158
Catspaw	ねこ？ぱんち	貓拳？	katate	l00cd
Catburglar	にゃんにゃんぼう	喵喵棒	katate	l00ce
Super Cat Paw	ねこにゃふスティック	終極貓拳	katate	l025f
Melynx Tool	メラルーツール	賊貓棒	katate	l0160
Melynx Gadget	メラルーガジェット	賊貓棍	katate	l01d5
Melynx Widget	メラルーウィジェット	強化賊貓棍	katate	l1a36
Ninja Sword	ニンジャソード	忍者刀	katate	l00e2
Hi Ninja Sword	ハイニンジャソード	上位忍者刀	katate	l0163
"Ninja Sword ""Shadow"""	ニンジャソード【影】	忍者劍【影】	katate	l0267
"Ninja Sword ""Patience"""	ニンジャソード【忍】	忍者劍【忍】	katate	l0268
Ninja Blade	ニンジャブレード	忍者之刃	katate	l12fd
Shining Wyvern Blade	煌竜剣	煌龍劍	katate	l01d7
Shining Emperor Blade	煌竜剣【帝】	煌龍劍【帝】	katate	l03ab
Heavenly Emperor Blade	煌竜剣【天帝】	煌龍劍【天帝】	katate	l18e1
Raven Blade	ツルギ【烏】	劍【烏】	katate	l00cc
Wolf Blade	ツルギ【狼】	劍【狼】	katate	l01c6
Black Wolf Blade	ツルギ【黒狼】	劍【黑狼】	katate	l122b
Rusted Replica	朽ちた龍剣Ｆ	腐朽的龍劍Ｆ	katate	l00a3
Eternal Replica	封龍宝剣Ｆ	封龍寶劍Ｆ	katate	l00a8
Dragonseal Sword	封龍宝剣【虚空】	封龍寶劍【虛空】	katate	l0314
Hero Blade F	ヒーローブレイドＦ	英雄之刃Ｆ	katate	l00be
Master Blade F	マスターブレイドＦ	英雄劍Ｆ	katate	l00b8
Gran Blade	グランブレイド	偉大英雄劍	katate	l025e
Aegis Guard	アイギスガード	宙斯神盾	katate	l025a
Aegis Guard+	アイギスガード改	宙斯神盾·改	katate	l025b
Aegis Shield	アイギスシールド	宙斯護盾	katate	l025c
Aegis Breath	アイギスブレス	宙斯祝福護盾	katate	l025d
Aegis Force	アイギスフォース	宙斯神力盾	katate	l101f
Sword Shield	ソードシールド	劍盾	katate	l0263
Sword Shield+	ソードシールド改	劍盾·改	katate	l0264
Edge Shield	エッジシールド	刀盾	katate	l0265
Invisible Shield	インビジブルシールド	無形之盾	katate	l0266
Blade Shield	ブレイドシールド	勇氣之盾	katate	l1020
Rex Talon	レックスクロウ	轟龍爪	katate	l02c1
Tigrex Sword	轟剣【虎眼】	轟劍【虎眼】	katate	l02c2
Kitchen Knife	包丁	中華菜刀	katate	l023a
Iron Chefblade	鉄人包丁	鐵人中華菜刀	katate	l023b
Millenium Knife	千年包丁	千年中華菜刀	katate	l023c
Eternal Knife	万年包丁	萬年中華菜刀	katate	l12fe
Shakalaka Poison Bite	奇面族の毒鉈	奇面族毒手斧	katate	l0238
Shakalaka Saber	奇剣チャチャブー	奇面族的奇劍	katate	l0239
Rosenmesser	ローゼンメッサー	薔薇短劍	katate	l0354
Rosenscheltz	ローゼンシュメルツ	薔薇痛苦短劍	katate	l0355
Rosendien	ローゼンゲダイエン	薔薇蔓延短劍	katate	l0356
Kaktus Messer	カクトスメッサー	棘剌短劍	katate	l03cf
Kaktus Schmelz	カクトスシュメルツ	棘剌痛苦短劍	katate	l03d0
Kaktus Unterbrecher	カクトスゲダイエン	棘刺蔓延	katate	l04c1
Perle Messer	ペルレメッサー	珍珠短劍	katate	l0ff5
Perle Schmerz	ペルレシュメルツ	珍珠痛苦短劍	katate	l0ff6
Perle Gedeihen	ペルレゲダイエン	珍珠蔓延短劍	katate	l0ff7
Prototype Sawblade	工房試作品【牙鋸】	工房試作品【牙鋸】	katate	l036c
Sanctioned Sawblade	正式採用機械牙鋸	正式採用機械牙鋸	katate	l036d
Vashimu Knife	ヴァシムナイフ	尾晶蠍短刀	katate	l043a
Vashimu Dagger	ヴァシムダガー	尾晶蠍短劍	katate	l043b
Vashimu Edge	ヴァシムエッジ	尾晶蠍銳劍	katate	l043c
White Feather	ホワイトフェザー	聖潔白羽	katate	l0343
White Flugel	ホワイトフリューゲル	強化聖潔白羽	katate	l0344
Poison Heart	ポイズンハート	毒龍之心	katate	l04b7
Dire Venom Heart	猛毒長剣ゲリョス	劇毒長劍毒怪鳥	katate	l04b8
Jebia Knife	ジェビアナイフ	灰晶蠍短刀	katate	l04c9
Jebia Dagger	ジェビアダガー	灰晶蠍短劍	katate	l04ca
Jebia Edge	ジェビアエッジ	灰晶蠍銳劍	katate	l04cb
Thunderdance Sword	舞雷剣【飛燕】	舞雷劍【飛燕】	katate	l0540
Falcon Thunder Sword	舞雷剣【隼】	舞雷劍【隼】	katate	l0541
Dark Thunder Sword	冥雷剣【飛燕】	冥雷劍【飛燕】	katate	l12f7
Dark Falcon Sword	冥雷剣【隼】	冥雷劍【隼】	katate	l12f8
Don Kukuri	ドン・ククリ	吞·開山刀	katate	l0e9f
Don Dagger	ドン・ダガー	吞·短刀	katate	l0ea0
Honoo Katana	ホノオブレイド	火炎之刃	katate	l0f53
Guren Katana	グレンブレイド	靈鶴之刃	katate	l0f54
Gokuen Katana	ゴクエンブレイド	極炎之刃	katate	l0f55
Bakuen Katana	バクエンブレイド	爆炎之刃	katate	l0f56
Minekumo	牙狼剣【峯雲】	牙狼劍【峰雲】	katate	l1017
Ayakumo	牙狼剣【彩雲】	牙狼劍【彩雲】	katate	l1018
Volpe Luce	ボルペルーチェ	冰狐之光	katate	l1221
Volpe Rallo	ボルペラージョ	冰狐射線	katate	l1222
Volpe Pugnali	ボルペプニャーレ	冰狐短劍	katate	l1223
Furyhair Sword	怒髪剣	怒髮劍	katate	l1401
Cruel Furyhair Sword	怒髪剣【無情】	怒髮劍【無情】	katate	l1402
Hospitable Furyhair Swrd	怒髪剣【風情】	怒髮劍【風情】	katate	l1403
Carol Ala	カロル＝アーラ	頌歌之翼	katate	l1659
Franc Ala	フラン＝アーラ	歡欣之翼	katate	l165a
Sol Ala	ソル＝アーラ	太陽之翼	katate	l165b
Reine I	レイネⅠ	純淨之火Ⅰ	katate	l183a
Reine II	レイネⅡ	純淨之火Ⅱ	katate	l183b
Reine III	レイネⅢ	純淨之火Ⅲ	katate	l183c
"Unknown Saber ""Blaze"""	刻竜剣【猛火】	刻龍劍【猛火】	katate	l183d
"Unknown Saber ""Infernal"""	刻竜剣【爆炎】	刻龍劍【爆炎】	katate	l1842
"Unknown Saber ""Frost"""	刻竜剣【氷結】	刻龍劍【冰結】	katate	l1841
"Unknown Saber ""Howl"""	刻竜剣【咆哮】	刻龍劍【咆哮】	katate	l1840
"Unknown Saber ""Bolt"""	刻竜剣【落雷】	刻龍劍【落雷】	katate	l183f
"Unknown Saber ""Lake"""	刻竜剣【止水】	刻龍劍【止水】	katate	l183e
"Hadean Saber ""Infernal"""	刻竜獄剣【爆炎】	刻龍獄劍【爆炎】	katate	l1b8c
"Unknown Saber ""Glacier"""	刻竜剣【砕氷】	刻龍劍【碎冰】	katate	l1846
"Unknown Saber ""Imperial"""	刻竜剣【逆鱗】	刻龍劍【逆鱗】	katate	l1845
"Unknown Saber ""Thunder"""	刻竜剣【轟雷】	刻龍劍【轟雷】	katate	l1844
"Unknown Saber ""River"""	刻竜剣【流水】	刻龍劍【流水】	katate	l1843
"Hadean Saber ""Glacier"""	刻竜獄剣【砕氷】	刻龍獄劍【碎冰】	katate	l1b90
"Hadean Saber ""Imperial"""	刻竜獄剣【逆鱗】	刻龍獄劍【逆鱗】	katate	l1b8f
"Hadean Saber ""Thunder"""	刻竜獄剣【轟雷】	刻龍獄劍【轟雷】	katate	l1b8e
"Hadean Saber ""River"""	刻竜獄剣【流水】	刻龍獄劍【流水】	katate	l1b8d
"CarvedDrgnBlade""Flame"""	刻竜獄剣【業焔】	刻龍獄劍【業焰】	katate	l2225
"CarvedDrgnBlade""Freeze"""	刻竜獄剣【烈凍】	刻龍獄劍【烈凍】	katate	l2229
"CarvedDrgnBlade""Clarity"""	刻竜獄剣【諦観】	刻龍獄劍【諦觀】	katate	l2228
"CarvedDrgnBlade""Thunder"""	刻竜獄剣【雷迅】	刻龍獄劍【雷迅】	katate	l2227
"CarvedDrgnBlade""Torrent"""	刻竜獄剣【轟流】	刻龍獄劍【轟流】	katate	l2226
Scarlet Sword	緋骨剣	緋骨劍	katate	l18ba
"Scarlet Sword ""Light"""	緋骨剣【光芒】	緋骨劍【光芒】	katate	l18bb
"Scarlet Sword ""Glow"""	緋骨剣【光明】	緋骨劍【光明】	katate	l18bc
"Scarlet Sword ""Beam"""	緋骨剣【光流】	緋骨劍【光流】	katate	l18bd
Taikun Saber	多殻剣	多殼劍	katate	l1c0f
"Taikun Saber ""Mutong"""	多殻剣【木通】	多殼劍【木通】	katate	l1c10
"Taikun Saber ""Ginger"""	多殻剣【寒葵】	多殼劍【寒葵】	katate	l1c11
Akira	晶剣	晶劍	katate	l1c0a
Akira Sword	晶剣エクラ	晶劍閃耀	katate	l1c0b
Crystal Sword Ukelele	晶剣エクレレ	晶劍光明	katate	l1c0c
Burning Zero Dragon Horn	灼零エルゼソード		katate	l3e00
Black Belt Sword	クロオビソード	黑帶劍	katate	l0161
Expert Sword	タツジンソード	達人劍	katate	l0162
Kaiden Sword	カイデンソード	出師之劍	katate	l03a5
Rusted Sword	凄くさびた小剣	嚴重鏽化的小劍	katate	l00c5
Tarnished Sword	さびた小剣	鏽化的小劍	katate	l00c6
Eternal Strife	封龍剣【絶一門】	封龍劍【絕一門】	katate	l00c8
True Eternal Strife	真封龍剣【絶一門】	真封龍劍【絕一門】	katate	l03cc
Sealed Eternal Strife	裏封龍剣【絶一門】	裏封龍劍【絕一門】	katate	l1ef3
Odyssey	オデッセイ	奧德賽	katate	l00df
Odyssey Blade	オデッセイブレイド	奧德賽之刃	katate	l0154
Great Odyssey	グレートオデッセイ	大奧德賽	katate	l0442
Grand Swab	メンボウ	面棒	katate	l0307
Menbou+	メンボウ改	面棒·改	katate	l0443
Scarlet Menbou	赤メンボウ	紅面棒	katate	l0444
Red Barnacle	紅メンボウ	鮮紅面棒	katate	l1773
Cutter	キリコミ	斬入	katate	l1022
Slicer	キリヌキ	斬除	katate	l1023
Chopper	キリオトシ	斬落	katate	l1024
Hewer	キリキザミ	斬刻	katate	l1025
E418・キリマクリ	キリマクリ	斬迴	katate	l18e4
Cross	十文字	十文字	katate	l1527
Storm Cross	嵐十文字	嵐十文字	katate	l1528
Hurricane Cross	疾風十文字	疾風十文字	katate	l1529
Clouds & Wind Cross	風雲十文字	風雲十文字	katate	l152a
Paddo	パッド	防守短劍	katate	l1dba
Pakido	パキド	防衛短劍	katate	l1dbb
Pakiddo	パキッド	防禦短劍	katate	l1dbc
Parakiddo	パラキッド	守衛短劍	katate	l1dbd
Pararakiddo	パララキッド	守護短劍	katate	l1dbe
Caravan Sword I	キャラバンソードⅠ	商隊短劍Ⅰ	katate	l0555
Caravan Sword II	キャラバンソードⅡ	商隊短劍Ⅱ	katate	l0556
Caravan Sword III	キャラバンソードⅢ	商隊短劍Ⅲ	katate	l0557
Caravan Sword IV	キャラバンソードⅣ	商隊短劍Ⅳ	katate	l0558
Caravan Sword V	キャラバンソードⅤ	商隊短劍Ⅴ	katate	l0559
Caravan Sword VI	キャラバンソードⅥ	商隊短劍Ⅵ	katate	l1205
Caravan Sharp Sword	キャラバン鋭剣	商隊銳劍	katate	l2d8c
Caravan Sharp Sword II	キャラバン鋭剣Ⅱ	商隊銳劍Ⅱ	katate	l2d8d
Caravan Sharp Sword III	キャラバン鋭剣Ⅲ	商隊銳劍Ⅲ	katate	l2d8e
Crab Sword	クラブソード	蟹角短劍	katate	l101b
Crab Sword+	クラブソード改	蟹角短劍·改	katate	l101c
King Crab Sword	キングクラブソード	王者蟹角短劍	katate	l101d
Daimyo Sword	ダイミョウソード	大名蟹角短劍	katate	l101e
Argen Knife	アルゲンナイフ	鋼金短刀	katate	l1854
Argen Dagger	アルゲンダガー	鋼金短劍	katate	l1855
Zilberbericht	ジルバベリヒト	銀白報告	katate	l1856
Zilva Byhite	ジルババイヒテ	銀白告白	katate	l1857
Epidosis Sword I	エピドシスソードⅠ	進化劍Ⅰ	katate	l1da0
Epidosis Sword II	エピドシスソードⅡ	進化劍Ⅱ	katate	l1da1
Epidosis Sword III	エピドシスソードⅢ	進化劍Ⅲ	katate	l1da2
Cambriosword I	カンビオソードⅠ	幻化之劍Ⅰ	katate	l1da3
Cambriosword II	カンビオソードⅡ	幻化之劍Ⅱ	katate	l1da4
Cambriosword III	カンビオソードⅢ	幻化之劍Ⅲ	katate	l1da5
Infinity Knife	イニティナイフ	初始之劍	katate	l1fb2
Shipler Knife	シプレラナイフ	元祖之劍	katate	l2132
Berum Knife SPI	ベルムナイフSPⅠ	暗幕之劍SPⅠ	katate	l2133
Berum Knife SPIV	ベルムナイフSPⅣ	暗幕之劍SPⅣ	katate	l2134
Berum Knife SPVII	ベルムナイフSPⅦ	暗幕之劍SPⅦ	katate	l2135
Parone Sword I	パローネソードⅠ		katate	l36d2
Parone Sword II	パローネソードⅡ		katate	l36d3
Parone Sword III	パローネソードⅢ		katate	l36d4
Lava Seeker	溶岩剣ラヴァシーカ	熔岩劍羅叉娑	katate	l1226
Lava Lamina	溶岩剣ラヴァラミーナ	熔岩劍羅剎姿	katate	l1227
Vulcan Sword	火山剣ヴォルケイン	火山劍.火神	katate	l1228
Vulcross	火山剣ヴォルクロス	火山劍.熾火神	katate	l1229
Ice and Snow	氷雪剣ドド	冰雪劍吹雪	katate	l1406
Hail and Sleet	氷雪剣ドドド	冰雪劍暴雪	katate	l1407
Icicle Sword	氷刃剣ドドドド	冰刃劍暴風雪	katate	l1408
Icicle Daresword	氷刃剣デア＝ドド	冰刃劍超級風雪	katate	l1409
Golden Beast Club	黄金獣棍【強】	黃金獸棍【強】	katate	l151b
Terrifying G.Beast Club	黄金獣棍【恐】	黃金獸棍【恐】	katate	l151c
Frightening G.Beast Club	黄金獣棍【驚】	黃金獸棍【驚】	katate	l151d
Lunatic G.Beast Club	黄金獣棍【狂】	黃金獸棍【狂】	katate	l151e
Venom Chopper	ヴェノムチョッパー	凶毒手斧	katate	l1874
Venom Breaker	ヴェノムブレイカー	凶毒毀滅者	katate	l1875
Venom Zapper	ヴェノムザッパー	凶毒突擊者	katate	l1876
Venom Killing	ヴェノムキリング	凶毒殺手	katate	l1877
Azure Wing Sky Edge	蒼翼剣シエルエッジ	蒼翼劍空之銳劍	katate	l1878
Azure Wing Sky Blade	蒼翼剣シエルブレイド	蒼翼劍空之刃	katate	l1879
Azure Sky Wing Lave	蒼翼剣シエルレイブ	蒼翼劍空之咆嘯	katate	l187a
Azure Sky Wing Lamina	蒼翼剣シエルラミーナ	蒼翼劍空之碎片	katate	l187b
Monoblos Crimson Edge	角竜剣クリムエッジ	角龍劍地之銳劍	katate	l18b6
B718・角竜剣クリムシーザ	角竜剣クリムシーザ	角龍劍地之帝王	katate	l18b7
B818・角竜剣クリムガング	角竜剣クリムガング	角龍劍地之巨人	katate	l18b8
B918・角竜剣クリムスレイブ	角竜剣クリムスレイブ	角龍劍地之咆嘯	katate	l18b9
Sleap Feather	スリープフェザー	昏睡之羽	katate	l1a2e
Slumber Feather	スランバーフェザー	沉睡之羽	katate	l1a2f
Rest Feather	レストフェザー	熟睡之羽	katate	l1a30
Coma Feather	フォールフェザー	永眠之羽	katate	l1a31
Nebula Ripper	ネーベルリッパー	濃霧開膛手	katate	l1c14
Regen Ripper	レーゲンリッパー	密雨開膛手	katate	l1c15
Vorke Ripper	ヴォルケリッパー	雲霧開膛手	katate	l1c16
Wasser Ripper	ヴァッサーリッパー	惡水開膛手	katate	l1c17
Luan Sword	真舞雷剣【鸞】	真舞雷劍【鸞】	katate	l0542
Firebird Sword	真舞雷剣【鳳凰】	真舞雷劍【鳳凰】	katate	l0e1c
Dark Luan Sword	真冥雷剣【鸞】	真冥雷劍【鸞】	katate	l12f9
Dark Firebird Sword	真冥雷剣【鳳凰】	真冥雷劍【鳳凰】	katate	l12fa
Teostra's Miragesword	炎王剣【陽炎】	炎王劍【陽炎】	katate	l054c
Teostra's Bombsword	炎王剣【爆龍】	炎王劍【爆龍】	katate	l054d
Teo Sublimation Sword	炎王獄剣【昇華】	炎王獄劍【昇華】	katate	l1516
Teostra Detonation Sword	炎王獄剣【塵界】	炎王獄劍【塵界】	katate	l057f
Teostra Extinctionsword	炎王獄剣【滅界】	炎王獄劍【滅界】	katate	l2224
Teostra's Universe Blade	炎王烈剣【太虚】	炎王烈劍【太虛】	katate	l322c
Teostra's Unbound Blade	炎王始剣【無界】		katate	l39e8
Dodon Rapier	ドドン・レイピア	吞吞·細劍	katate	l0ea1
Dodon Edge	ドドン・エッジ	吞吞·銳劍	katate	l0ea2
Shellking Fortress	殻王剣【砦】	殼王劍【砦】	katate	l100d
Unfailing Fortress	殻王剣【不落】	殼王劍【不落】	katate	l100e
Shikumo	天狼剣【東雲】	天狼劍【東雲】	katate	l1019
Murakumo	天狼剣【叢雲】	天狼劍【叢雲】	katate	l101a
Luna's Favoritism	炎妃剣【偏愛】	炎妃劍【偏愛】	katate	l1115
Luna's Desire	炎妃剣【渇愛】	炎妃劍【渴愛】	katate	l1116
Forte Dolore	フォルテドローレ	神聖痛擊	katate	l1224
Forte Solenne	フォルテソレンネ	神聖莊嚴	katate	l1225
Yama Tsukami Dagger	浮岳短剣【椿】	浮岳短劍【椿】	katate	l12fb
Shangri-La Dagger	浮岳短剣【桃源郷】	浮岳短劍【桃源鄉】	katate	l12fc
Piercing Furyhair Sword	怒髪突剣【純情】	怒髮突劍【純情】	katate	l1404
Yearning Furyhair Sword	怒髪突剣【慕情】	怒髮突劍【慕情】	katate	l1405
Niger S. Ala	ニゲル・Ｓ・アーラ	暗黑·S·翼	katate	l165c
Niger Sol	ニゲル＝ソル	暗黑·太陽	katate	l165d
Nebula Bourne	ネブラボルネ	星雲終端	katate	l18b4
Nebula Bournus	ネブラボルヌス	星雲端子	katate	l18b5
Nebula Bornale	ネブラボルナーレ	星雲融合	katate	l1d9e
Nebula Bornaleio	ネブラボルナレイオ	星雲合聲	katate	l1f0d
Nebula Convergence	ネブラボルナレイズ	星雲聚結	katate	l222c
Nebula Legacy	ネブラボルナレガシー	星雲遺留	katate	l27fe
"Scarlet Sword ""Sun"""	緋猛剣【光風】	緋猛劍【光風】	katate	l18be
"Scarlet Sword ""Flash"""	緋猛剣【一閃】	緋猛劍【一閃】	katate	l18bf
"Gogomoa Sword ""Dark"""	緋猛獄剣【真闇】	緋猛獄劍【真闇】	katate	l1d9f
"Gogomoa Sword ""Void"""	緋猛獄剣【虚無】	緋猛獄劍【虛無】	katate	l1f0c
"Gogomoa Sword ""Loss"""	緋猛獄剣【喪失】	緋猛獄劍【喪失】	katate	l222b
"Gogomoa Sword""Empty Sky"""	緋猛烈剣【虚影】	緋猛獄劍【虛影】	katate	l2804
"Gogomoa Sword ""Hollow"""	緋猛始剣【真空】	緋猛始剣【真空】	katate	l34fc
"Taikun Saber ""Pinellia"""	多殻硬剣【烏柄杓】	多殼硬劍【烏柄杓】	katate	l1c12
"Taikun Saber""Black Lily"""	多殻硬剣【黒百合】	多殼硬劍【黑百合】	katate	l1c13
LightCrystalSwordRumi	閃晶剣リュミ	閃晶劍光	katate	l1c0d
LightCrystalSwordLumiere	閃晶剣リュミエール	閃晶劍光明	katate	l1c0e
Flashdagger Lumiera	烈閃剣リュミエーラ	烈閃劍光明	katate	l058d
"Rock Gunblade ""Cut"""	弩岩剣【斬】	弩岩劍【斬】	katate	l1d99
"Rock Gunblade ""Slash"""	弩岩剣【可斬】	弩岩劍【可斬】	katate	l1d9a
True Slasher Odi Sword	弩岩獄剣【真斬】	弩岩獄劍【真斬】	katate	l1d9b
True Slayer Odi Sword	弩岩獄剣【極良斬】	弩岩獄劍【極良斬】	katate	l1d9c
"CarvedDrgnBlade""Slayer"""	弩岩獄剣【真良斬】	弩岩獄劍【真良斬】	katate	l222a
"CarvedDrgnBlade""Flash"""	弩岩烈剣【閃斬】	弩岩烈劍【閃斬】	katate	l2fc1
FD34・弩岩始剣【閃滅斬】	弩岩始剣【閃滅斬】	弩岩始剣【閃滅斬】	katate	l34fd
Goru Arugo Ire	ゴラアルゴヴィーレ	雷龍刀	katate	l1f26
Goru Arugo Pitaire	ゴラアルゴピターレ	雷龍劍	katate	l1f27
Goru Arugo Pyrene	ゴラアルゴピレイン	雷龍聖劍	katate	l222d
Goru Arugo Avale	ゴラアルゴアヴァーレ	血耀單劍	katate	l2d38
Som Arugo Ire	ソムアルゴヴィーレ	冰龍刀	katate	l1f28
Som Arugo Pitale	ソムアルゴピターレ	冰龍劍	katate	l1f29
Som Arugo Pyrene	ソムアルゴピレイン	冰龍聖劍	katate	l222e
Somu Arugo Avale	ソムアルゴアヴァーレ	冰龍和諧單劍	katate	l2d39
Tita Haccha	ティタ・ハッチャ	狠鬥·陰謀	katate	l2220
Tita Helio	ティタ・ヘリオ	狠鬥·之光	katate	l2221
Tita Perfora	ティタ・ペルフォラ	狠鬥·毀滅	katate	l2222
Tita L. Rosa	ティタ・Ｌ・ローザ	狠鬥·L·薔薇	katate	l2223
Zeru Cutter [Light]	輝界白竜剣【光切】	輝界白龍劍【光切】	katate	l25d5
Zeru Cutter [Gleam]	輝界白竜剣【輝切】	輝界白龍劍【輝切】	katate	l25dd
Zeru Cutter [Dazzle]	輝界白竜剣【眩切】	輝界白龍劍【眩切】	katate	l25e5
Zeru Cutter [Shine]	輝界白竜剣【耀切】	輝界白龍劍【耀切】	katate	l25ed
"White World Sword""Flash"""	輝界白竜剣【煌切】	輝界白龍劍【煌切】	katate	l25f5
Baru Bloodcourage	バル・カレジ	噬血·勇氣劍	katate	l27ab
Baru Bloodhero	バル・クラージュ	噬血·英勇劍	katate	l27ac
Baru Bloodoath	バル・ガレンティア	噬血·誓言劍	katate	l27ad
Baru Bloodeclipse	バル・ゴートサロス	噬血·日蝕劍	katate	l27ae
Baru Bloodpeace	バル・ヴァルス	噬血·平和劍	katate	l27af
Baru Bloodemma	バル・エマ	バル·エマ	katate	l3292
CF27・コーレサイド	コーレサイド	玄影短刀	katate	l27cf
Koresarusu	コーレサルス	玄影之刃	katate	l27d0
Koresagado	コーレサガド	玄影守衛劍	katate	l27d1
Koresanatosu	コーレサナトス	玄影守護劍	katate	l27d2
Koresangudo	コーレサングード	玄影寶劍	katate	l27d3
Koresakotadexi	コーレサコタディ		katate	l3817
Furoru Palasa	フロルパラサス	花漾·彩劍	katate	l2cf0
Furoru Paralyze	フロルパラリシス	花漾·麻痺	katate	l2cf1
Furoru Regia	フロルレギア	花漾·王權	katate	l2cf2
Furoru Aroma	フロルロメダ	花漾·香氣	katate	l2cf3
Furuo Incense	フロルニーネ	花漾·香飾	katate	l2cf4
Furoru Orbit	フロルオーレ	花漾オーレ	katate	l34fa
Dio Petra	ディルアペトラ	巨蝶鎧劍	katate	l2d21
Dio Herz	ディルアエルツ	青龍鎧劍	katate	l2d22
Dio Minure	ディルアミヌレ	鋼龍鎧劍	katate	l2d23
Dio Mineral	ディルアミネラーレ	電流鎧劍	katate	l2d24
Dio Titan	ディルアティターン	青脈鎧劍	katate	l2d25
782E・ネグルドリピス	ネグルドリピス	雅瑟之劍	katate	l2e78
792E・ネグルドヴァンタ	ネグルドヴァンタ	雅瑟扇刃	katate	l2e79
7A2E・ネグルドヴァントル	ネグルドヴァントル	雅瑟散華	katate	l2e7a
7B2E・ネグルドゲネリス	ネグルドゲネリス	雅瑟華舞	katate	l2e7b
7C2E・ネグルドイングネス	ネグルドイングネス	雅瑟風流	katate	l2e7c
FB34・ネグルドシュラ	ネグルドシュラ	ネグルドシュラ	katate	l34fb
"HellfireSword ""Flame"""	炎角剣【光炎】	炎角劍【光炎】	katate	l320d
"HellfireSword ""Flower"""	炎角剣【光華】	炎角劍【光華】	katate	l320e
"HellfireSword ""Shining"""	炎角剣【光耀】	炎角劍【光耀】	katate	l320f
"HellfireSword ""Dazzling"""	炎角剣【眩耀】	炎角劍【眩耀】	katate	l3210
"HellfireSword ""Dawn"""	炎角剣【暁光】	炎角劍【曉光】	katate	l3211
"HellfireSwrd""Iridescent"""	炎角剣【白虹】		katate	l39ee
Iridescent Silver Sword	司銀剣【星虹】	司銀剣【星虹】	katate	l3266
Starlight Silver Sword	司銀獄剣【星影】	司銀獄剣【星影】	katate	l3267
Celestial Silver Sword	司銀獄剣【星辰】	司銀獄剣【星辰】	katate	l3268
Nebula Silver Sword	司銀獄剣【星雲】	司銀獄剣【星雲】	katate	l3269
6A32・司銀烈剣【碇星】	司銀烈剣【碇星】	司銀烈剣【碇星】	katate	l326a
Pleiades Silver Sword	司銀始剣【六連星】	司銀始剣【六連星】	katate	l326b
"Yama Kurai Axe ""Autumn"""	浮峰剣【秋陰】	浮峰剣【秋陰】	katate	l34f4
"Yama Kurai Axe ""Amber"""	浮峰剣【錦秋】	浮峰剣【錦秋】	katate	l34f5
"Yama Kurai Axe ""Rust"""	浮峰剣【秋暁】	浮峰剣【秋暁】	katate	l34f6
"Yama Kurai Axe ""Ochre"""	浮峰剣【秋蝉】	浮峰剣【秋蟬】	katate	l34f7
"Yama Kurai Axe ""Tiger"""	浮峰剣【残秋】	浮峰剣【残秋】	katate	l34f8
"Yama Kurai Axe ""Gold"""	浮峰剣【金秋】	浮峰剣【金秋】	katate	l34f9
Hail Monarch Saber	凍王剣【雨氷】		katate	l3805
Freezing Monarch Saber	凍王獄剣【細氷】		katate	l3806
Rime Monarch Saber	凍王獄剣【垂氷】		katate	l3807
Icecrystal Monarch Saber	凍王獄剣【氷晶】		katate	l3808
Frozen Sea Monarch Saber	凍王烈剣【氷海】		katate	l3809
Permafrost MOnarch Saber	凍王始剣【氷原】		katate	l380a
Circle Knife	円刀	圓刀	katate	l1537
Full Moon Knife	円月刀	圓月刀	katate	l1538
Full Moon Pinwheel	風車円月刀	風車圓月刀	katate	l1539
Waterfall Slicer	滝斬円月刀	瀧斬圓月刀	katate	l153a
Rin Hit Edge	リンヒットエッジ	冷徹銳劍	katate	l1db4
Rin Hit Blade	リンヒットブレイド	冷徹之刃	katate	l1db5
Rin Hit	リンヒット	冷徹	katate	l1db6
Cross Shortblade	十字小太刀	十字小太刀	katate	l152f
Flamecross Shortblade	十字小太刀・炎	十字小太刀.炎	katate	l1530
Burstcross Shortblade	十字小太刀・爆	十字小太刀.爆	katate	l1531
Greatcross Shortblade	十字小太刀・豪	十字小太刀.豪	katate	l1532
Severe Crucifix	十字小太刀・烈	十字小太刀·烈	katate	l3001
Destruction Crucifix	十字小太刀・滅	十字小太刀·滅	katate	l3002
End Crucifix	十字小太刀・末	十字小太刀·末	katate	l3003
True Eno Edge	トゥルエノエッジ	雷電銳劍	katate	l1db1
True Enclave	トゥルエノブレイド	雷電之刃	katate	l1db2
True Eno	トゥルエノ	雷電	katate	l1db3
Caldo Knife	カルドナイフ	地獄短刀	katate	l153f
Caldo Dagger	カルドダガー	地獄短劍	katate	l1540
Caldo Sabel	カルドサーベル	地獄軍刀	katate	l1541
Rotbericht	ロートベリヒト	紅色報告	katate	l1542
Rotbeichte	ロートバイヒテ	紅色告白	katate	l1543
Rote Reue	ロートロイエ	紅色悔恨	katate	l2d74
Partner Knife	パルトナナイフ	戰友短刀	katate	l2d75
Partner Dagger	パルトナダガー	戰友短劍	katate	l2d76
Cardo Mojito	カルドマヒート	地獄武力	katate	l18da
Cardo Mahiveri	カルドマヒヴェリ	地獄武裝	katate	l18db
Rote Sage	ロートザーゲ	紅色傳說	katate	l18dc
Rotheit	ロートアイト	紅色真實	katate	l18dd
Colt Monarca	コルトモナルカ	帝王短劍	katate	l03ca
Colt Principio	コルトプリンシペ	君王短劍	katate	l03cb
Colt Law	コルトレイ	王者短劍	katate	l0430
Colt Emperador	コルトエンペラドール	皇帝短劍	katate	l0431
Cortotiranno	コルトティラーノ	暴君短刀	katate	l04b9
Colt Tirador	コルトティラドール	帝王狙殺者	katate	l18e9
Cielo Uno	シエロウーノ	第一天堂	katate	l0551
Cielo Dos	シエロドス	第二天堂	katate	l0552
Cielo Tres	シエロトレス	第三天堂	katate	l0553
Cielo Cuatro	シエロクワトロ	第四天堂	katate	l0554
Heavenly Decapitator	ザンブレイド【天】	斬劍【天】	katate	l043d
Wise Ruler's Decapitator	ザンブレイド【明王】	斬劍【明王】	katate	l043e
Savior's Decapitator	ザンブレイド【菩薩】	斬劍【菩薩】	katate	l043f
Tathagata's Decapitator	ザンブレイド【如来】	斬劍【如來】	katate	l0440
"Rendblade ""Wake"""	ザンブレイド【悟】	斬劍【悟】	katate	l1770
"Rendblade ""Void"""	ザンブレイド【無】	斬劍【無】	katate	l1c3e
Brachyura Blade	パギュールエペ	寄居蟹之劍	katate	l0e20
Brachyura Alm	パギュールアルム	寄居蟹武裝劍	katate	l0e21
Brachyura Glory	パギュールグロワール	寄居蟹榮耀劍	katate	l0e22
Brachyura Ultimus	パギュールウルティム	終極寄居蟹之劍	katate	l0e23
Brachyura Delnier	パギュールデルニエ	最後的寄居蟹之劍	katate	l18e8
Eques Knife	エクエスナイフ	騎士短刀	katate	l122c
Eques Dagger	エクエスダガー	騎士短劍	katate	l122d
Eques Sabel	エクエスサーベル	騎士軍刀	katate	l122e
Weiss Bericht	ヴァイスベリヒト	白色報告	katate	l122f
Weiss Beichte	ヴァイスバイヒテ	白色告白	katate	l1771
Strega Knife	ストレガナイフ	魔女短刀	katate	l1230
Strega Dagger	ストレガダガー	魔女短劍	katate	l1231
Strega Sabel	ストレガサーベル	魔女軍刀	katate	l1232
Schwarz Bericht	シュヴァルツベリヒト	黑色報告	katate	l1233
Schwarz Beichte	シュヴァルツバイヒテ	黑色告白	katate	l1772
Schwarz Roi	シュヴァルツロイエ	黑色悔恨	katate	l1da6
Beast's End	ケモノキリ	野獸斬	katate	l153b
Blade's End	ヤイバキリ	銳牙斬	katate	l153c
Night's End	ヨルキリ	暗夜斬	katate	l153d
Dark's End	ヤミキリ	闇黑斬	katate	l153e
E718・トコヤミキリ	トコヤミキリ	常闇斬	katate	l18e7
Eques Mahito	エクエスマヒート	騎士武力	katate	l165e
Eques Mahiveri	エクエスマヒヴェリ	騎士武裝	katate	l165f
Eques Mahierudo	エクエスマヒエルド	騎士火力	katate	l1660
Weiss Sage	ヴァイスザーゲ	白色傳說	katate	l1661
Weissheit	ヴァイスアイト	白色真實	katate	l18e5
Strega Mahito	ストレガマヒート	魔女武力	katate	l1662
Strega Mahiveri	ストレガマヒヴェリ	魔女武裝	katate	l1663
Strega Mahierudo	ストレガマヒエルド	魔女火力	katate	l1664
Schwartz Sage	シュヴァルツザーゲ	黑色傳說	katate	l1665
Schwarzheit	シュヴァルツアイト	黑色真實	katate	l18e6
Schwarz Herz	シュヴァルツヘルツ	黑色真心	katate	l1be0
Aura Knife	オーロワナイフ	金黃短刀	katate	l1c1d
Aura Dagger	オーロワダガー	金黃短劍	katate	l1c1e
Goldberg	ゴルトベリヒト	黃金報告	katate	l1c1f
Gold Bite	ゴルトバイヒテ	黃金告白	katate	l1c20
Gold Roi	ゴルトロイエ	黃金悔恨	katate	l1c21
7A25・ソルエルポワニール	ソルエルポワニール	薄暮希望	katate	l257a
Sol el Kjarr	ソルエルキジャル	薄暮大漠	katate	l257b
Schwarzdorf	シュヴァルツドルフ	黑色集落	katate	l257c
Schwarzweg	シュヴァルツヴェーク	黑色山道	katate	l257d
Goldite	ゴルトアイト	黃金真實	katate	l3106
Gold Herz	ゴルトヘルツ	黃金真心	katate	l3107
4A32・ヴィレマヒヴェリ	ヴィレマヒヴェリ	意志武裝	katate	l324a
4B32・ルストアイト	ルストアイト	愉悅真實	katate	l324b
4C32・ルストヘルツ	ルストヘルツ	愉悅真心	katate	l324c
8A33・バルザガキジャル	バルザガキジャル	バルザガキジャル	katate	l338a
8B33・リートスドルフ	リートスドルフ	リートスドルフ	katate	l338b
8C33・リートスヴェーク	リートスヴェーク	リートスヴェーク	katate	l338c
D938・ルレードホォン	ルレードホォン		katate	l38d9
DA38・ルレードグアン	ルレードグアン		katate	l38da
DB38・シャロンホワフア	シャロンホワフア		katate	l38db
DC38・シャロンファグアン	シャロンファグアン		katate	l38dc
Vola Epee	ヴォーラエペ		katate	l3c0d
Vola Epee+	ヴォーラエペ・改		katate	l3c0e
True Vola Epee	ヴォーラエペ・真		katate	l3c0f
Alvora Epee	アルヴォーラエペ		katate	l3c10
Azura Epee	アズラクホォン		katate	l3d56
Azura Epee+	ルラキホォン		katate	l3d57
True Azura Epee	ガルボイホォン		katate	l3d58
Azure Epee	ニリィホォン		katate	l3d59
Rubersaber	ルベルセイフ		katate	l3e4b
Rubersaber+	ルベルセイフ・改		katate	l3e4c
True Rubersaber	ルベルセイフ・真		katate	l3e4d
Terra Rubersaber	テラルベルセイフ		katate	l3e4e
Ravina Epee	ラヴィナエペ		katate	l3f1b
Ravina Epee+	ラヴィナエペ・改		katate	l3f1c
True Ravina Epee	ラヴィナエペ・真		katate	l3f1d
Final Ravina Epee	ラヴィーナエペ		katate	l3f1e
Dua Messer	デュアメッサー		katate	l413b
Dua Messer+	デュアメッサー・改		katate	l413c
True Dua Messer	デュアメッサー・真		katate	l413d
Esdua Messer	エスデュアメッサー		katate	l413e
Chroma Epee	クロマエペ		katate	l4201
Chroma Epee+	クロマエペ・改		katate	l4202
True Chroma Epee	クロマエペ・真		katate	l4203
Final Chroma Epee	クローマエペ		katate	l4204
Poet Epee	ポエトエペ		katate	l4387
Poet Epee+	ポエトエペ・改		katate	l4388
True Poet Epee	ポエトエペ・真		katate	l4389
Poetry Epee	ポエトリエペ		katate	l438a
Clear Sky Blade	虚空剣	虛空劍	katate	l152b
Vacuum Cut Blade	鎌鼬虚空剣	鐮鼬虛空劍	katate	l152c
Whirlwind Blade	旋風虚空剣	旋風虛空劍	katate	l152d
Coldwind Blade	木枯虚空剣	木枯虛空劍	katate	l152e
Ice Mirror Void Sword	氷鏡虚空剣	冰鏡虛空劍	katate	l1c3c
Poison Pound	ポイズンポンド	毒藥	katate	l1dac
Poison Stream	ポイズンストリーム	毒藥流轉	katate	l1dad
Poison Flood	ポイズンフラッド	毒藥洪流	katate	l1dae
Toxic Flood	トキシックフラッド	毒性洪流	katate	l1daf
Venom Flood	ヴェノムフラッド	毒素洪流	katate	l1db0
Mash Poison	マッシュポイズン	魔菇劇毒	katate	l1765
Mash Poison+	マッシュポイズン改	魔菇劇毒·改	katate	l1766
Porch Poison	ポルチポイズン	牛肝菌毒	katate	l1767
Truffle Poison	トリュフポイズン	松露劇毒	katate	l1768
Orge Poison	オーガポイズン	魔獸劇毒	katate	l18de
Endless Poison	エンドレスポイズン	無盡的劇毒	katate	l1c3d
Umeda Edge	ウミーダエッジ	細雨銳劍	katate	l1db7
Umeda Blade	ウミーダブレイド	細雨之刃	katate	l1db8
Umeda	ウミーダ	濛濛細雨	katate	l1db9
Cat Burglar's Paw	ねこ手【こそ泥】	貓手【扒手】	katate	l038f
Robber's Paw	ねこ手【盗人】	貓手【小偷】	katate	l0390
Phantom Thief's Paw	ねこ手【怪盗】	貓手【怪盜】	katate	l0391
Chivalrous Thief's Paw	ねこ手【義賊】	貓手【義賊】	katate	l0eb1
"Cat Hand ""Band"""	ねこ手【強賊】	貓手【強賊】	katate	l1a32
"Cat Hand ""Great Bandit"""	ねこ手【大怪盗】	貓手【大怪盜】	katate	l259d
"Cat Hand ""Super Thief"""	ねこ手【超怪盗】		katate	l3c9b
"Cat Hand ""Bandit"""	ねこ手【豪賊】	貓手【豪賊】	katate	l259c
Pink Lizard Peach	ピンクリザード【桃】	粉紅蜥蜴【桃】	katate	l0338
Pink Lizard Sakura	ピンクリザード【桜】	粉紅蜥蜴【櫻】	katate	l033c
Flowery Pink Lizard	ピンクリザード【華】	粉紅蜥蜴【華】	katate	l0eac
Brilliant Pink Lizard	ピンクリザード【爛】	粉紅蜥蜴【燦】	katate	l0ead
Memorial Knife	メモリアルナイフ	回憶短劍	katate	l0445
Memorial Edge	メモリアルエッジ	回憶銳劍	katate	l0446
Memorial Sword	メモリアルソード	回憶之劍	katate	l0447
Memorial Blade	メモリアルブレイド	回憶之刃	katate	l0448
Demon's Small Rod	鬼貫棒【偉丈夫】	鬼貫棒【偉丈夫】	katate	l0455
Demon's Wondrous Rod	鬼貫棒【破天荒】	鬼貫棒【破天荒】	katate	l0457
Demon's Fury Rod	鬼貫棒【怒髪天】	鬼貫棒【怒髮天】	katate	l0458
Amicus Sword	アミクスソード	摯友之劍	katate	l04df
Amicus Edge	アミクスエッジ	摯友銳劍	katate	l0533
Amicus Blade	アミクスブレイド	摯友之刃	katate	l0534
Amicus Force	アミクスフォルス	摯友之力	katate	l0e24
Amix Grain	アミクスグレイン	摯友之氣	katate	l1774
Amix Caprice	アミクスカプリス	摯友幻想曲	katate	l1be1
Million Knife	ミリオンナイフ	百萬短劍	katate	l0e9b
Million Edge	ミリオンエッジ	百萬銳劍	katate	l0e9c
Million Sword	ミリオンソード	百萬之劍	katate	l0e9d
All for One	オール・フォア・ワン	人人為我	katate	l0e9e
Sfida Crest I	スフィーダクレストⅠ	偉大的紀錄Ⅰ	katate	l0f5d
Sfida Crest II	スフィーダクレストⅡ	偉大的紀錄Ⅱ	katate	l0f5e
Sfida Crest III	スフィーダクレストⅢ	偉大的紀錄Ⅲ	katate	l0f5f
Sfida Crest IV	スフィーダクレストⅣ	偉大的紀錄Ⅳ	katate	l0f60
Sfida Crest V	スフィーダクレストⅤ	偉大的紀錄Ⅴ	katate	l1016
Hypno Rod	ヒプノロッド	眠鳥人偶	katate	l0f59
Hypno Marionette	ヒプノマリオネット	眠鳥操偶	katate	l0f5a
Mecha Hypno	カラクリヒプノック	玩偶眠鳥	katate	l0f5b
Super Mecha Hypno	超カラクリヒプノック	超玩偶眠鳥	katate	l0f5c
Hypno Mecha EX	ヒプノ＝エクスマキナ	機器眠鳥	katate	l1a33
Hypno Mecha EX+	極カラクリヒプノック	極玩偶眠鳥	katate	l1dc0
Handshock Puppet	ハンショクパペット	蒼眠鳥玩偶	katate	l1761
Handshock Doll	ハンショクドール	蒼眠鳥操偶	katate	l1762
Handshock Figure	ハンショクフィギュア	蒼眠鳥人偶	katate	l1763
Moody Dancer	ムーディーダンサー	暴躁舞者	katate	l1764
Moody Night	ムーディーナイト	暴躁之夜	katate	l1a34
Moody Dream	ムーディードリーム	暴躁之夢	katate	l1dc1
Small Hagoita	羽子板ソード	羽子板刀	katate	l111d
Small Eclipse Hagoita	羽子板ソード【食】	羽子板刀【食】	katate	l111e
Small Drink Hagoita	羽子板ソード【喰】	羽子板刀【噬】	katate	l111f
Small Food Hagoita	羽子板ソード【蝕】	羽子板刀【蝕】	katate	l1120
"BattledoreSword ""Desire"""	羽子板ソード【私欲】	羽子板刀【私欲】	katate	l18e0
"BattledorSword""Gluttony"""	羽子板ソード【大食】	羽子板刀【大胃王】	katate	l259f
"BattledorSword""Lust"""	羽子板ソード【我欲】	羽子板刀【我欲】	katate	l259e
Primo Grande	プリウムグラディ	先驅長劍	katate	l1303
Secondo Grande	センドムグラディ	承接長劍	katate	l1304
Terzo Grande	テルティウムグラディ	後繼古劍	katate	l1305
Triannes	トリアンヌス	到達者長劍	katate	l1306
Garcein	ガルセイン	冰封短刀	katate	l1234
Gallephon	ガレフォンス	冰封短劍	katate	l1235
Garandil	ガランディル	冰封銳劍	katate	l1236
Garovan Diet	ガロヴァンディエット	冰封單手劍	katate	l1237
Grand Garucein	グランドガルセイン	大地冰封	katate	l1775
BF1D・スーパーガルセイン	スーパーガルセイン	絕對冰封	katate	l1dbf
Kingfisher Roundsword	かわせみ丸・翔	川蟬丸.翔	katate	l1533
Kingfisher Spinsword	かわせみ丸・旋	川蟬丸.旋	katate	l1534
Kingfisher Splintersword	かわせみ丸・刺	川蟬丸.刺	katate	l1535
Kingfisher Piercesword	かわせみ丸・貫	川蟬丸.貫	katate	l1536
Kingfischer Flashsword	かわせみ丸・閃	川蟬丸.閃	katate	l18df
Tears of Princess Sasa	ササ姫さまの涙	小竹姬之眼淚	katate	l1c18
Princess Sasa Compassion	ササ姫さまの情け	小竹姬之戀情	katate	l1c19
Oath of Princess Sasa	ササ姫さまの誓い	小竹姬之誓言	katate	l1c1a
Joy of Princess Sasa	ササ姫さまの幸せ	小竹姬之幸福	katate	l1c1b
Princess Sasa's Thoughts	ササ姫さまの想い	小竹姬之心意	katate	l2577
Wish of Princess Sasa	ササ姫さまの願い		katate	l404f
Insight of Princess Sasa	ササ姫さまの悟り	小竹姬之領悟	katate	l1c1c
Detonate	デトネト	爆裂炎	katate	l1da7
Iraptor Rays	イラプターレイズ	火焰猛禽	katate	l1da8
Bursted	バースティード	火焰駒	katate	l1da9
Roto X	ロードエクス	火焰王者	katate	l1daa
Gratana	グラタナ	紅蓮劍	katate	l1dab
"Pine Cococone ""Furious"""	マツリノココロ【猛】	祭典之心【猛】	katate	l21fd
"Pine Cococone ""Storm"""	マツリノココロ【涛】	祭典之心【濤】	katate	l21fe
"Pine Cococone ""Bind"""	マツリノココロ【絆】	祭典之心【絆】	katate	l21ff
Festival Spirit	マツリノセイシン	祭典精神	katate	l2200
E52F・マツリノキガイ【粋】	マツリノキガイ【粋】	祭典危害【粹】	katate	l2fe5
Festival Soul	マツリノタマシイ	祭典魂	katate	l2201
A01F・アクス＝プリート	アクス＝プリート	高潔之斧	katate	l1fa0
A11F・アクス＝グラッツィ	アクス＝グラッツィ	感恩之斧	katate	l1fa1
A21F・アクス＝ソレンネ	アクス＝ソレンネ	莊嚴之斧	katate	l1fa2
A31F・ファルコ＝ヴォラーレ	ファルコ＝ヴォラーレ	飛鷹	katate	l1fa3
A41F・ヴォルペ＝サルターレ	ヴォルペ＝サルターレ	躍狐	katate	l1fa4
BattledoreKnife	羽子板ナイフ	羽子板劍	katate	l2556
"BattledoreKnife ""Clear"""	羽子板ナイフ【澄】	羽子板劍【澄】	katate	l2557
"BattledoreKnife ""Cloudy"""	羽子板ナイフ【晴】	羽子板劍【晴】	katate	l2558
"BattledoreKnife ""Life"""	羽子板ナイフ【寿】	羽子板劍【壽】	katate	l255b
"BattledoreKnife ""Pray"""	羽子板ナイフ【祝】	羽子板劍【祝】	katate	l255a
Cherry Riot	桜花爛漫	櫻花爛漫	katate	l256e
"Cherry Riot ""Bud"""	桜花爛漫【若蕾】	櫻花爛漫【若蕾】	katate	l256f
"Cherry Riot ""Flowering"""	桜花爛漫【開花】	櫻花爛漫【開花】	katate	l2570
"Cherry Riot ""NewBloom"""	桜花爛漫【早咲】	櫻花爛漫【早開】	katate	l2571
"Cherry Riot ""FullBloom"""	桜花爛漫【満開】	櫻花爛漫【滿開】	katate	l2573
"Cherry Riot ""LateBloom"""	桜花爛漫【遅咲】	櫻花爛漫【遲開】	katate	l2572
Grayble G Knife	グレイブルＧナイフ	灰牛G小刀	katate	l2ccb
Grayble G Dagger	グレイブルＧダガー	灰牛G短刀	katate	l2ccc
Grayble G Rush	グレイブルＧラッシュ	灰牛G疾風	katate	l2ccd
Grayble G Valley	グレイブルＧバレイス	灰牛G赤裸	katate	l2cce
052E・サン・ヘティマ	サン・ヘティマ	日光·絲瓜	katate	l2e05
062E・サン・ヘティマ【育】	サン・ヘティマ【育】	日光·絲瓜【育】	katate	l2e06
072E・サン・ヘティマ【伸】	サン・ヘティマ【伸】	日光·絲瓜【伸】	katate	l2e07
082E・サン・ヘティマ【放】	サン・ヘティマ【放】	日光·絲瓜【放】	katate	l2e08
King of Summer	キングオブサマー	夏日之王	katate	l2e09
Emperor of Summer	エンペラーオブサマー		katate	l3e1e
"Key to Secrets ""West"""	秘伝開門の鍵【西門】	秘伝開門の鍵【西門】	katate	l30e7
Kisho Puppet	キショウマペット	キショウマペット	katate	l337a
Kisho Replica	キショウレプリカ	キショウレプリカ	katate	l337b
Snooze Artifact	快眠アーティファクト	快眠アーティ真實	katate	l337c
Rest Artifact	安眠アーティファクト	安眠アーティ真實	katate	l337d
White Wisdom	ホワイトワイズ	ホワイトワイズ	katate	l3420
Calm White Wisdom	ホワイトワイズ【穏】	ホワイトワイズ【穏】	katate	l3421
Departing White Wisdom	ホワイトワイズ【発】	ホワイトワイズ【発】	katate	l3422
Encouraging White Wisdom	ホワイトワイズ【励】	ホワイトワイズ【励】	katate	l3423
Soaring White Wisdom	ホワイトワイズ【跳】	ホワイトワイズ【跳】	katate	l3424
Merry Christmas Wood	メリクリ・ウッド		katate	l3aab
Merry Christmas Tree	メリクリ・ツリー		katate	l3aac
Merry Christmas Star	メリクリ・スター		katate	l3aad
BC3C・暴乱ヲ鎮圧ス天雷剣	暴乱ヲ鎮圧ス天雷剣		katate	l3cbc
Solemn Eyes Sword	炯眼ヲ粛静ス剣		katate	l3ddf
"Resolute Sword ""New"""	決意の剣【新】		katate	l400d
"Resolute Sword ""Lunge"""	決意の剣【進】		katate	l400e
"Resolute Sword ""Faith"""	決意の剣【信】		katate	l400f
"Resolute Sword ""Heart"""	決意の剣【心】		katate	l4010
"Resolute Sword ""Truth"""	決意の剣【真】		katate	l4011
"Resolute Sword ""Divine"""	決意の剣【神】		katate	l4012
Kasa-bake Sword	唐傘ノ剣		katate	l41bf
"Kasa-bake Sword ""Ghost"""	唐傘ノ剣【妖魔】		katate	l41c0
"Kasa-bake Sword ""Spirit"""	唐傘ノ剣【幽鬼】		katate	l41c1
"Kasa-bake Sword ""Demon"""	唐傘ノ剣【魑魅】		katate	l41c2
"Kasa-bake Sword ""Parade"""	唐傘ノ剣【百鬼夜行】		katate	l41c3
"Attending Sword ""Wake"""	御伽ノ剣【起】		katate	l4211
"Attending Sword ""Hear"""	御伽ノ剣【承】		katate	l4212
"Attending Sword ""Rotate"""	御伽ノ剣【転】		katate	l4213
"Attending Sword ""Bind"""	御伽ノ剣【結】		katate	l4214
"Attending Sword ""Last"""	御伽ノ剣【前】		katate	l4257
Lovely Felyne I	ラブリーアイルーⅠ		katate	l4486
Lovely Felyne II	ラブリーアイルーⅡ		katate	l4487
Lovely Felyne III	ラブリーアイルーⅢ		katate	l4488
Lovely Felyne IV	ラブリーアイルーⅣ		katate	l4489
Lovely Felyne V	ラブリーアイルーⅤ		katate	l448a
Ice Baron I	アイスバロンⅠ		katate	l36cc
Ice Baron II	アイスバロンⅡ		katate	l36cd
Ice Baron III	アイスバロンⅢ		katate	l36ce
Ice Baron IV	アイスバロンⅣ		katate	l36cf
Lago Baron	ラーゴバロン		katate	l36d0
Gold Crest I	ゴールドクレストⅠ	黃金紋飾Ⅰ	katate	l0e29
Gold Crest II	ゴールドクレストⅡ	黃金紋飾Ⅱ	katate	l0e2a
Gold Crest III	ゴールドクレストⅢ	黃金紋飾Ⅲ	katate	l0e2b
Gold Crest IV	ゴールドクレストⅣ	黃金紋飾Ⅳ	katate	l0e2c
Gold Crest V	ゴールドクレストⅤ	黃金紋飾Ⅴ	katate	l1013
Gold Crest VI	ゴールドクレストⅥ	黃金紋飾Ⅵ	katate	l317b
Silver Crest I	シルバークレストⅠ	白銀紋飾Ⅰ	katate	l0e2d
Silver Crest II	シルバークレストⅡ	白銀紋飾Ⅱ	katate	l0e2e
Silver Crest III	シルバークレストⅢ	白銀紋飾Ⅲ	katate	l0e2f
Silver Crest IV	シルバークレストⅣ	白銀紋飾Ⅳ	katate	l0e30
Silver Crest V	シルバークレストⅤ	白銀紋飾Ⅴ	katate	l1014
Silver Crest VI	シルバークレストⅥ	白銀紋飾Ⅵ	katate	l317c
Bronze Crest I	ブロンズクレストⅠ	青銅紋飾Ⅰ	katate	l0e31
Bronze Crest II	ブロンズクレストⅡ	青銅紋飾Ⅱ	katate	l0e32
Bronze Crest III	ブロンズクレストⅢ	青銅紋飾Ⅲ	katate	l0e33
Bronze Crest IV	ブロンズクレストⅣ	青銅紋飾Ⅳ	katate	l0e34
Bronze Crest V	ブロンズクレストⅤ	青銅紋飾Ⅴ	katate	l1015
Bronze Crest VI	ブロンズクレストⅥ	青銅紋飾Ⅵ	katate	l317d
Steel Lizard I	スティールリザードⅠ	鋼鐵蜥蜴Ⅰ	katate	l02e3
Steel Lizard II	スティールリザードⅡ	鋼鐵蜥蜴Ⅱ	katate	l0260
Steel Lizard III	スティールリザードⅢ	鋼鐵蜥蜴Ⅲ	katate	l0269
Steel Lizard IV	スティールリザードⅣ	鋼鐵蜥蜴Ⅳ	katate	l03c7
Steel Lizard V	スティールリザードⅤ	鋼鐵蜥蜴Ⅴ	katate	l103b
Steel Lizard VI	スティールリザードⅥ	鋼鐵蜥蜴Ⅵ	katate	l2d9c
Steel Lizard VII	スティールリザードⅦ	鋼鐵蜥蜴Ⅶ	katate	l2d9d
スティールリザードVIII	スティールリザードⅧ	鋼鐵蜥蜴Ⅷ	katate	l2d9e
Sapphir Lizard I	サフィールリザードⅠ	蒼玉蜥蜴Ⅰ	katate	l0566
Sapphir Lizard II	サフィールリザードⅡ	蒼玉蜥蜴Ⅱ	katate	l0567
Sapphir Lizard III	サフィールリザードⅢ	蒼玉蜥蜴Ⅲ	katate	l0568
Sapphir Lizard IV	サフィールリザードⅣ	蒼玉蜥蜴Ⅳ	katate	l0569
Yellow Porta Mace I	ポルタメイスⅠ【黄】	波爾多小錘Ⅰ【黃】	katate	l0459
Yellow Porta Mace II	ポルタメイスⅡ【黄】	波爾多小錘Ⅱ【黃】	katate	l045a
Yellow Porta Mace III	ポルタメイスⅢ【黄】	波爾多小錘Ⅲ【黃】	katate	l045b
Hauteclaire	オートクレール	誓劍明晰	katate	l045c
Rubino Lizard I	ルビーノリザードⅠ	紅石蜥蜴Ⅰ	katate	l0f61
Rubino Lizard II	ルビーノリザードⅡ	紅石蜥蜴Ⅱ	katate	l0f62
Rubino Lizard III	ルビーノリザードⅢ	紅石蜥蜴Ⅲ	katate	l0f63
Rubino Lizard IV	ルビーノリザードⅣ	紅石蜥蜴Ⅳ	katate	l0f64
Rubino Lizard V	ルビーノリザードⅤ	紅石蜥蜴Ⅴ	katate	l1129
Rubino Lizard VI	ルビーノリザードⅥ		katate	l3934
Rubino Lizard VII	ルビーノリザードⅦ		katate	l3935
ルビーノリザードVIII	ルビーノリザードⅧ		katate	l3936
Shitori Lizard I	シトリアリザードⅠ	黃寶蜥蜴Ⅰ	katate	l1240
Shitori Lizard II	シトリアリザードⅡ	黃寶蜥蜴Ⅱ	katate	l1241
Shitori Lizard III	シトリアリザードⅢ	黃寶蜥蜴Ⅲ	katate	l1242
Shitori Lizard IV	シトリアリザードⅣ	黃寶蜥蜴Ⅳ	katate	l1243
Shitori Lizard V	シトリアリザードⅤ	黃寶蜥蜴Ⅴ	katate	l1244
Amesys Lizard I	アメシスリザードⅠ	紫晶蜥蜴Ⅰ	katate	l1544
Amesys Lizard II	アメシスリザードⅡ	紫晶蜥蜴Ⅱ	katate	l1545
Amesys Lizard III	アメシスリザードⅢ	紫晶蜥蜴Ⅲ	katate	l1546
Amesys Lizard IV	アメシスリザードⅣ	紫晶蜥蜴Ⅳ	katate	l1547
Amesys Lizard V	アメシスリザードⅤ	紫晶蜥蜴Ⅴ	katate	l1548
Blue Arti I	アルティⅠ【青】	終極Ⅰ【青】	katate	l1549
Blue Arti II	アルティⅡ【青】	終極Ⅱ【青】	katate	l154a
Blue Arti III	アルティⅢ【青】	終極Ⅲ【青】	katate	l154b
Labina Nivis	ラビナ・ニヴィス	純潔初雪	katate	l154c
9E26・ラビナ・ポルカ	ラビナ・ポルカ	冰結舞曲	katate	l269e
Divine Galatine	極神剣ガラティーン		katate	l433e
Red Baron I	ホンバロンⅠ		katate	l36c0
Red Baron II	ホンバロンⅡ		katate	l36c1
Red Baron III	ホンバロンⅢ		katate	l36c2
Red Baron IV	ホンバロンⅣ		katate	l36c3
Foshin Baron	フォシンバロン		katate	l36c4
Vedic Talavaar	ヴェダナイフ	吠陀短劍	katate	l0562
Eali Vedic Talavaar	ヴェドソード	遠識之劍	katate	l0563
Vedic Bhediya	ヴェドウルフ	遠識之狼	katate	l0564
Vedikhilana	ヴェルフェルフ	智識之狼	katate	l0565
Vel Myna	ヴェルマイナ	星光猛禽	katate	l2655
Veo Grue	ヴェオルグル	月牙之劍	katate	l2656
Schwarzkerzen I	ケレスシュヴェルトⅠ	豐饒女神之劍Ⅰ	katate	l0eb2
Schwarzkerzen II	ケレスシュヴェルトⅡ	豐饒女神之劍Ⅱ	katate	l0eb3
Schwarzkerzen III	ケレスシュヴェルトⅢ	豐饒女神之劍Ⅲ	katate	l0eb4
Luna Helios	ルナヘリオス	日月星劍	katate	l0eb5
Kvere Helios	クヴェレヘリオス	湧泉星劍	katate	l2661
Helios Laguna	ヘリオスラグナ	耀星海潮	katate	l2662
Trifling Sword I	トリフェンソードⅠ	鋰輝石之劍Ⅰ	katate	l0e25
Trifling Sword II	トリフェンソードⅡ	鋰輝石之劍Ⅱ	katate	l0e26
Trifling Sword III	トリフェンソードⅢ	鋰輝石之劍Ⅲ	katate	l0e27
Falseta Duel	ファセータ・デュエル	決鬥面容之劍	katate	l0e28
Faceta Wecht	ファセータ・ヴェヒト	打擊面容之劍	katate	l289c
Battle Facetas	バトルファセタス	戰鬥巨鯨	katate	l289d
Suraldo Facetas	シュラルドファセタス	裹屍巨鯨	katate	l289e
Baddeley Sword I	バッデリィソードⅠ	戰火Ⅰ	katate	l0f69
Baddeley Sword II	バッデリィソードⅡ	戰火Ⅱ	katate	l0f6a
Baddeley Sword III	バッデリィソードⅢ	戰火Ⅲ	katate	l0f6b
Deadly Hazard	デッドリー・アザード	死亡火焰	katate	l0f6c
Deadly Sworya	デッドリー・ゾーリャ	死亡極光之劍	katate	l28ae
Durenworth	ドゥレンワース	致命戰役之劍	katate	l28af
Quinoduleterre	キノドゥレタール	終極墮天之劍	katate	l28b0
Rembrandt Sword I	レンブラントソードⅠ	刺針Ⅰ	katate	l0f65
Rembrandt Sword II	レンブラントソードⅡ	刺針Ⅱ	katate	l0f66
Rembrandt Sword III	レンブラントソードⅢ	刺針Ⅲ	katate	l0f67
Rembrandt Madness	レンブラント・マダー	刺針殺手	katate	l0f68
Rembrandt Hard	レンブラント・ハード	刺針堅牢	katate	l28c0
Zenas Blood	ゼナズブラッド	鮮血教條	katate	l28c1
Karon Blood	カロンズブラッド	鮮血獄門	katate	l28c2
Zestien Gram I	ゼスティン・グラムⅠ	十六級怒火Ⅰ	katate	l1032
Zestien Gram II	ゼスティン・グラムⅡ	十六級怒火Ⅱ	katate	l1033
Zestien Gram III	ゼスティン・グラムⅢ	十六級怒火Ⅲ	katate	l1034
Zestien Blade	ゼスティン・ブレイド	十六級之劍	katate	l1035
Sechzehn Klinge	ゼスティン・クリング	十六刃	katate	l28d2
D328・ダウンヴェーテ	ダウンヴェーテ	黎明抵抗	katate	l28d3
D428・ダウンゼレイド	ダウンゼレイド	黎明圈套	katate	l28d4
Briard I	ブライヤルドⅠ	疫病Ⅰ	katate	l102e
Briard II	ブライヤルドⅡ	疫病Ⅱ	katate	l102f
Briard III	ブライヤルドⅢ	疫病Ⅲ	katate	l1030
Ferbriard	ブラフェルイヤェド	瘟疫蔓延	katate	l1031
6D26・ブラフェルイルバ	ブラフェルイルバ	瘟疫侵蝕	katate	l266d
Seele I	ゼーレⅠ	細胞Ⅰ	katate	l1125
Seele II	ゼーレⅡ	細胞Ⅱ	katate	l1126
Seele III	ゼーレⅢ	細胞Ⅲ	katate	l1127
Kvar Seele	クヴァル・ゼーレ	第四細胞Ⅰ	katate	l1128
Tonto Seele	トント・ゼーレ	癡迷之魂	katate	l2679
Rondo I	ロンドⅠ	輪舞Ⅰ	katate	l1121
Rondo II	ロンドⅡ	輪舞Ⅱ	katate	l1122
Rondo III	ロンドⅢ	輪舞Ⅲ	katate	l1123
Cleave Rondo	クリーヴ・ロンド	撕裂圓舞曲	katate	l1124
E428・カイツ・ロンド	カイツ・ロンド	驅除者圓舞曲	katate	l28e4
E528・クルック・ロンド	クルック・ロンド	橫行圓舞曲	katate	l28e5
E628・クルバ・ロンド	クルバ・ロンド	弧光圓舞曲	katate	l28e6
Insectijector I	ピアリⅠ	創生Ⅰ	katate	l123c
Insectijector II	ピアリⅡ	創生Ⅱ	katate	l123d
Insectijector III	ピアリⅢ	創生Ⅲ	katate	l123e
Insecti Widow	ピア・ウィドール	智慧創生	katate	l123f
F628・リヨン・ウィドール	リヨン・ウィドール	天工創生	katate	l28f6
F728・モート・ウィドール	モート・ウィドール	終極創生	katate	l28f7
F828・メレー・ウィドール	メレー・ウィドール	亂鬥創生	katate	l28f8
Sankar I	シャンカールⅠ	引導者Ⅰ	katate	l1238
Sankar II	シャンカールⅡ	引導者Ⅱ	katate	l1239
Sankar III	シャンカールⅢ	引導者Ⅲ	katate	l123a
Gauri Sankar	ガウリ・シャンカール	天際引導者	katate	l123b
B226・ユーラ・シャンカール	ユーラ・シャンカール	殉教引導者	katate	l26b2
B326・レム・シャンカール	レム・シャンカール	空想引導者	katate	l26b3
3E27・リモン・シャンカール	リモン・シャンカール	遙遠引導者	katate	l273e
Septa I	セプタⅠ	權杖Ⅰ	katate	l1313
Septa II	セプタⅡ	權杖Ⅱ	katate	l1314
Septa III	セプタⅢ	權杖Ⅲ	katate	l1315
Septa Clam	セプタ・クラム	權力之杖	katate	l1316
Septa Come	セプタ・カム	行者權杖	katate	l26b4
Septa Gump	セプタ・ガンプ	愚者權杖	katate	l26b5
Septa Faust	セプタ・ファウスト	祝福權杖	katate	l273f
Mercu I	メルキュⅠ	水星Ⅰ	katate	l130f
Mercu II	メルキュⅡ	水星Ⅱ	katate	l1310
Mercu III	メルキュⅢ	水星Ⅲ	katate	l1311
Mercu Rio	メルキュ・レイオ	水星獅	katate	l1312
Mercu Light	メルキュ・ライト	水星之光	katate	l26b6
Mercu Ghost	メルキュ・ククス	水星幽靈	katate	l26b7
Mercu Roman	メルキュ・ロマン	水星浪漫	katate	l2740
Iris I	アイリスⅠ	虹Ⅰ	katate	l140e
Iris II	アイリスⅡ	虹Ⅱ	katate	l140f
Iris III	アイリスⅢ	虹Ⅲ	katate	l1410
Dias Iris	ディアス・アイリス	映日虹	katate	l1411
B826・コメス・アイリス	コメス・アイリス	伯爵之虹	katate	l26b8
B926・ティーダ・アイリス	ティーダ・アイリス	戰馬之虹	katate	l26b9
Nikir I	ニキルⅠ	闇魔Ⅰ	katate	l140a
Nikir II	ニキルⅡ	闇魔Ⅱ	katate	l140b
Nikir III	ニキルⅢ	闇魔Ⅲ	katate	l140c
Nicata Ellane	ニカータエルレイン	闇魔皇女	katate	l140d
Nicata Elmundo	ニカータエルムンド	闇魔幻界	katate	l26be
BF26・ニカータエルゼ	ニカータエルゼ	闇魔神誓	katate	l26bf
Senvi I	センヴィⅠ	火魔Ⅰ	katate	l1561
Senvi II	センヴィⅡ	火魔Ⅱ	katate	l1562
Senvi III	センヴィⅢ	火魔Ⅲ	katate	l1563
Senvi Ein	センヴィ・エーン	火魔之道	katate	l1564
C026・センヴィ・トーレ	センヴィ・トーレ	火魔之閘	katate	l26c0
C126・センヴィ・パール	センヴィ・パール	火魔珍珠	katate	l26c1
Celes I	セリスⅠ	關鍵Ⅰ	katate	l1565
Celes II	セリスⅡ	關鍵Ⅱ	katate	l1566
Celes III	セリスⅢ	關鍵Ⅲ	katate	l1567
Celes Cerian	セリス・セリアン	關鍵之鑰	katate	l1568
Lars I	ラーズⅠ	神秘Ⅰ	katate	l1666
Lars II	ラーズⅡ	神秘Ⅱ	katate	l1667
Lars III	ラーズⅢ	神秘Ⅲ	katate	l1668
Fluorescent	フロレーセント	雷電之秘	katate	l1669
Gyro I	ヤイロⅠ	極彩Ⅰ	katate	l166a
Gyro II	ヤイロⅡ	極彩Ⅱ	katate	l166b
Gyro III	ヤイロⅢ	極彩Ⅲ	katate	l166c
Gyrota Harte	ヤイロタハルテ	天照極彩	katate	l166d
BA26・ヤイロミガース	ヤイロミガース	彩光四射	katate	l26ba
BB26・ヤイロタスクス	ヤイロタスクス	天光照耀	katate	l26bb
Marti I	マルティⅠ	絢彩Ⅰ	katate	l1769
Marti II	マルティⅡ	絢彩Ⅱ	katate	l176a
Marti III	マルティⅢ	絢彩Ⅲ	katate	l176b
Martius	マルティウス	花見月	katate	l176c
BC26・マルティヌス	マルティヌス	暮春	katate	l26bc
BD26・マルティード	マルティード	櫻月	katate	l26bd
Pulsate Dagger-I	パルルスダガーⅠ	脈動短劍Ⅰ	katate	l1c2d
Pulsate Dagger-II	パルルスダガーⅡ	脈動短劍Ⅱ	katate	l1c2e
Pulsate Dagger-III	パルルスダガーⅢ	脈動短劍Ⅲ	katate	l1c2f
Pulsate Hertz	パルル・ヘリッツ	脈動腰刀	katate	l1c30
0A29・パルブニックル	パルブニックル	珍奇鎳劍	katate	l290a
Nomosu I	ノモスⅠ	戒律Ⅰ	katate	l1dc6
Nomosu II	ノモスⅡ	戒律Ⅱ	katate	l1dc7
Nomosu III	ノモスⅢ	戒律Ⅲ	katate	l1dc8
Nomosu Ridio	ノモス・リディオ	戒律·古老	katate	l1dc9
1A29・ノモス・ザック	ノモス・ザック	戒律·寬容	katate	l291a
1B29・ノモス・ミューズ	ノモス・ミューズ	戒律·繆斯	katate	l291b
1C29・ガルニノートゥル	ガルニノートゥル	聖女之劍	katate	l291c
Irwin I	アーウィンⅠ	裝甲光刀Ⅰ	katate	l1dc2
Irwin II	アーウィンⅡ	裝甲光刀Ⅱ	katate	l1dc3
Irwin III	アーウィンⅢ	裝甲光刀Ⅲ	katate	l1dc4
Zwei Gade	ツヴァイ・ゲイド	裝甲謳歌	katate	l1dc5
462C・ドライ・ゲイド	ドライ・ゲイド	殘酷謳歌	katate	l2c46
472C・フィーア・ゲイド	フィーア・ゲイド	四方謳歌	katate	l2c47
Royen I	ロイエンⅠ	萬獸之王Ⅰ	katate	l1f22
Royen II	ロイエンⅡ	萬獸之王Ⅱ	katate	l1f23
Royen III	ロイエンⅢ	萬獸之王Ⅲ	katate	l1f24
Roi Edus	ロイ・エドゥス	獅子·心	katate	l1f25
Roi Agrio	ロイ・アグリオ	獅子·蒲公英	katate	l2c52
Roi Egus	ロイ・リガス	獅子·王者	katate	l2c53
Itin I	イティンⅠ	雙頭巨人Ⅰ	katate	l1fa5
Itin II	イティンⅡ	雙頭巨人Ⅱ	katate	l1fa6
Itin III	イティンⅢ	雙頭巨人Ⅲ	katate	l1fa7
Itin IV	イティンⅣ	雙頭巨人Ⅳ	katate	l1fa8
Itin Terra	イティ・テラ	巨人·聖書	katate	l1fa9
D62F・イティ・レドンド	イティ・レドンド	雙頭巨人·圓	katate	l2fd6
Godsent I	ドネスⅠ	天賜Ⅰ	katate	l2213
Godsent II	ドネスⅡ	天賜Ⅱ	katate	l2214
Godsent III	ドネスⅢ	天賜Ⅲ	katate	l2215
Godsent IV	ドネスⅣ	天賜Ⅳ	katate	l2216
Godsent Gift	ドネス・ティア	天賜之禮	katate	l2217
DC2F・ドネス・レドンド	ドネス・レドンド	天賜·圓	katate	l2fdc
Gold Blade	ゴルードフレート	神柄之劍	katate	l24c6
Gold Emmerich	ゴルードエメリッヒ	神柄御劍	katate	l24c7
C824・ゴルードファティメス	ゴルードファティメス	神柄獸劍	katate	l24c8
C924・ゴルードニガルス	ゴルードニガルス	神柄幻劍	katate	l24c9
CA24・ゴルゴンルブレット	ゴルゴンルブレット	女妖珍藏秘劍	katate	l24ca
Gorgon Bride	ゴルゴンブライド	女妖珍藏秘刃	katate	l295c
Rex I	レークスⅠ	國王之劍Ⅰ	katate	l2c70
Rex II	レークスⅡ	國王之劍Ⅱ	katate	l2c71
Rex III	レークスⅢ	國王之劍Ⅲ	katate	l2c72
Rex IV	レークスⅣ	國王之劍Ⅳ	katate	l2c73
All Rex	レークス・オール	國王·萬象	katate	l2c74
Rex Justice	レークス・ユースティ	國王·正義	katate	l2c75
Ordinis I	オルディニスⅠ	將校Ⅰ	katate	l2f37
Ordinis II	オルディニスⅡ	將校Ⅱ	katate	l2f38
Ordinis III	オルディニスⅢ	將校Ⅲ	katate	l2f39
Ordinis IV	オルディニスⅣ	將校Ⅳ	katate	l2f3a
Ordinis Mira	オルディニス・ミラ	將校·神秘	katate	l2f3b
Ordinis Velas	オルディニス・ベラス	將校·華美	katate	l2f3c
Chandelier I	シャンデレラⅠ	仙杜蕾拉Ⅰ	katate	l2f13
Chandelier II	シャンデレラⅡ	仙杜蕾拉Ⅱ	katate	l2f14
Chandelier III	シャンデレラⅢ	仙杜蕾拉Ⅲ	katate	l2f15
Chandelier IV	シャンデレラⅣ	仙杜蕾拉Ⅵ	katate	l2f16
Chandelier Soiree	シャンデレラ・ソワレ	仙杜蕾拉·晨	katate	l2f17
Chandelier Matin	シャンデレラ・マタン	仙杜蕾拉·夜	katate	l2f18
Cendrillion I	サンドリヨンⅠ	灰姑娘Ⅰ	katate	l31df
Cendrillion II	サンドリヨンⅡ	灰姑娘Ⅱ	katate	l31e0
Cendrillion III	サンドリヨンⅢ	灰姑娘Ⅲ	katate	l31e1
Cendrillion IV	サンドリヨンⅣ	灰姑娘Ⅳ	katate	l31e2
Cendrillion Soiree	サンドリヨン・ソワレ	灰姑娘·夜空	katate	l31e3
Cendrillion Matin	サンドリヨン・マタン	灰姑娘·朝晨	katate	l31e4
Glueck Rod I	グリュックロッドⅠ	幸福手杖Ⅰ	katate	l30d7
Glueck Rod II	グリュックロッドⅡ	幸福手杖Ⅱ	katate	l30d8
Glueck Rod III	グリュックロッドⅢ	幸福手杖Ⅲ	katate	l30da
Glueck Rod IV	グリュックロッドⅣ	幸福手杖Ⅳ	katate	l30db
Fisher Rod	フィッシャロッド	漁夫手杖	katate	l30dc
Creation Rod	クレアールロッド	創造手杖	katate	l30dd
A533・シュテルケロッドI	シュテルケロッドⅠ	シュテルケロッドⅠ	katate	l33a5
A633・シュテルケロッドII	シュテルケロッドⅡ	シュテルケロッドⅡ	katate	l33a6
A733・シュテルケロッドIII	シュテルケロッドⅢ	シュテルケロッドⅢ	katate	l33a7
A833・シュテルケロッドIV	シュテルケロッドⅣ	シュテルケロッドⅣ	katate	l33a8
A933・オツェアロッド	オツェアロッド	オツェアロッド	katate	l33a9
AA33・シフファーロッド	シフファーロッド	シフファーロッド	katate	l33aa
Margaris I	マルガリスⅠ		katate	l38b0
Margaris II	マルガリスⅡ		katate	l38b1
Margaris III	マルガリスⅢ		katate	l38b2
Margaris IV	マルガリスⅣ		katate	l38b3
Margaris Bonino	マルガリス・ボニニョ		katate	l38b4
B538・マルガリス・メイニョ	マルガリス・メイニョ		katate	l38b5
Margarita I	マーガリタⅠ		katate	l39b0
Margarita II	マーガリタⅡ		katate	l39b1
Margarita III	マーガリタⅢ		katate	l39b2
Margarita IV	マーガリタⅣ		katate	l39b3
Margarita Bonino	マーガリタ・ボニニョ		katate	l39b4
B539・マーガリタ・メイニョ	マーガリタ・メイニョ		katate	l39b5
Azoth Sword I	アゾット剣Ⅰ	アゾット剣Ⅰ	katate	l32e2
Azoth Sword II	アゾット剣Ⅱ	アゾット剣Ⅱ	katate	l32e3
Azoth Sword III	アゾット剣Ⅲ	アゾット剣Ⅲ	katate	l32e4
Azoth Sword IV	アゾット剣Ⅳ	アゾット剣Ⅳ	katate	l32e5
Azoth Sword V	アゾット剣Ⅴ	アゾット剣Ⅴ	katate	l32e6
Azoth Sword VI	アゾット剣Ⅵ	アゾット剣Ⅵ	katate	l32e7
Azoth Sword VII	アゾット剣Ⅶ		katate	l3eb5
Azoth Sword [Blue] I	アゾット剣【青】Ⅰ	アゾット剣【青】Ⅰ	katate	l32e8
Azoth Sword [Blue] II	アゾット剣【青】Ⅱ	アゾット剣【青】Ⅱ	katate	l32e9
Azoth Sword [Blue] III	アゾット剣【青】Ⅲ	アゾット剣【青】Ⅲ	katate	l32ea
Azoth Sword [Blue] IV	アゾット剣【青】Ⅳ	アゾット剣【青】Ⅳ	katate	l32eb
Azoth Sword [Blue] V	アゾット剣【青】Ⅴ	アゾット剣【青】Ⅴ	katate	l32ec
Azoth Sword [Blue] VI	アゾット剣【青】Ⅵ	アゾット剣【青】Ⅵ	katate	l32ed
Blue Azoth Sword VII	アゾット剣【青】Ⅶ		katate	l3eb6
Progressive Knife I	プログ・ナイフⅠ	プログ·ナイフⅠ	katate	l346c
Progressive Knife II	プログ・ナイフⅡ	プログ·ナイフⅡ	katate	l346d
Progressive Knife III	プログ・ナイフⅢ	プログ·ナイフⅢ	katate	l346e
Progressive Knife IV	プログ・ナイフⅣ	プログ·ナイフⅣ	katate	l346f
Progressive Knife V	プログ・ナイフⅤ	プログ·ナイフⅤ	katate	l3470
Progressive Knife VI	プログ・ナイフⅥ	プログ·ナイフⅥ	katate	l3471
Starry Sky Tact I	星空ノタクトⅠ		katate	l3c35
Starry Sky Tact II	星空ノタクトⅡ		katate	l3c36
Starry Sky Tact III	星空ノタクトⅢ		katate	l3c37
Starry Sky Tact IV	星空ノタクトⅣ		katate	l3c38
Starry Sky Tact V	星空ノタクトⅤ		katate	l3c39
Starry Sky Tact VI	星空ノタクトⅥ		katate	l3c3a
Night Sky Tact I	夜空ノタクトⅠ		katate	l3c3b
Night Sky Tact II	夜空ノタクトⅡ		katate	l3c3c
Night Sky Tact III	夜空ノタクトⅢ		katate	l3c3d
Night Sky Tact IV	夜空ノタクトⅣ		katate	l3c3e
Night Sky Tact V	夜空ノタクトⅤ		katate	l3c3f
Night Sky Tact VI	夜空ノタクトⅥ		katate	l3c40
Left Handed Sword I	レフトハンドソードⅠ		katate	l3cad
Left Handed Sword II	レフトハンドソードⅡ		katate	l3cae
Left Handed Sword III	レフトハンドソードⅢ		katate	l3caf
Left Handed Sword IV	レフトハンドソードⅣ		katate	l3cb0
Left Handed Sword V	レフトハンドソードⅤ		katate	l3cb1
Left Handed Sword VI	レフトハンドソードⅥ		katate	l3cb2
Twelfth Paladin Sword I	十二勇士ノ剣Ⅰ		katate	l3f37
Twelfth Paladin Sword II	十二勇士ノ剣Ⅱ		katate	l3f38
Twelfth Paladin Sword III	十二勇士ノ剣Ⅲ		katate	l3f39
Twelfth Paladin Sword IV	十二勇士ノ剣Ⅳ		katate	l3f3a
Twelfth Paladin Sword V	十二勇士ノ剣Ⅴ		katate	l3f3b
Twelfth Paladin Sword VI	十二勇士ノ剣Ⅵ		katate	l3f3c
Magi Lean	マジェ・リーン		katate	l43b3
Magi Ein	マジェ・アイン		katate	l43b4
Magi Spike	マジェ・スピカ		katate	l43b5
Magi Lange	マジェ・ランジェ		katate	l43b6
Magi Eclipse	マジェ・エクリペ		katate	l43b7
Magi Rizil	マジェ・グラム		katate	l43b8
Gray Lean	グレイ・リーン		katate	l43f5
Gray Ein	グレイ・アイン		katate	l43f6
Gray Spike	グレイ・スピカ		katate	l43f7
Gray Ranjeri	グレイ・ランジェ		katate	l43f8
Gray Eclipse	グレイ・エクリペ		katate	l43f9
Gray Rizil	グレイ・リジル		katate	l43fa
Chuku Chuku	チュクチュク	チュクチュク	katate	l34e5
Wagga Wagga	ウォガウォガ	ウォガウォガ	katate	l34e6
Gimble Gyre	戦輪刀ジャロジャロ	戦輪刀ジャロジャロ	katate	l34e7
Flamberge	フランベルジュ	紅焰波形劍	katate	l0ea5
Bien Flamberge	フレイベルジュ	烈焰波形劍	katate	l0ea6
Gran Flameberge	ジャーマベルジュ	灼焰波形劍	katate	l0ea7
Fin Flamberge	フィアンベルジュ	赤焰波形劍	katate	l0ea8
Laksverge	ラクスベルジュ	光明波形劍	katate	l26c2
Tartberge	タルテベルジュ	陽炎波形劍	katate	l26c3
Retberge	レットベルジュ	紅炎波形劍	katate	l2746
Daora Rapier	ドラグレイピア	龍細劍	katate	l055a
Daora Rapier+	ドラグレイピア・改	龍細劍·改	katate	l055b
Dragoon Theatron	ドラグーン・ロペラ	龍輕劍	katate	l055c
Venom Dragoon	ヴェノムドラグーン	龍毒輕劍	katate	l055d
Drag Void	ヴォイドドラグーン	虛無惡龍	katate	l221b
Drag Domination	ドラグドミネーション	輝龍制霸	katate	l221c
Drag Impaler	ドラグインペイラー	惡龍穿心	katate	l2962
Water Rapier	ウォータレイピア	纖水細劍	katate	l055e
Water Rapier+	ウォータレイピア・改	纖水細劍·改	katate	l055f
Thalassa Theatron	ヒュドール・ロペラ	柔水細劍	katate	l0560
Vassar Paraizu	ヴァッサーパライズ	柔水麻痺細劍	katate	l0561
Duel Waltz	デュエルワルツ	絕鬥華爾滋	katate	l221d
Blade Waltz	ブレイドワルツ	刃之華爾滋	katate	l221e
Grand Duelist	グランドデュエリスト	雄偉決鬥者	katate	l2963
Flame Bayonet	フレイムベヨネット	火焰刺刀	katate	l1307
Flame Cutlass	フレイムカトラス	火焰彎刃	katate	l1308
Flame Edge	フレイムエッジ	火焰銳劍	katate	l1309
War Song	ウォーソング	戰歌	katate	l130a
Water Triumph	ウォートライアンフ	凱歌	katate	l1ef1
182C・サラディトライアンフ	サラディトライアンフ	火精凱旋	katate	l2c18
192C・サラマディオーネ	サラマディオーネ	火精照耀	katate	l2c19
Aquan Bayonet	アクオンベヨネット	泉流刺刀	katate	l130b
Aquan Cutlass	アクオンカトラス	泉流彎刀	katate	l130c
Aquan Edge	アクオンエッジ	泉流銳劍	katate	l130d
Battle Dirge	バトルダージ	戰鬥哀歌	katate	l130e
Battle Requiem	バトルレクイエム	戰鬥鎮魂曲	katate	l1ef2
Undia Requiem	ウンディアレクイエム	水精鎮魂曲	katate	l2c1a
Undine	ウンディアーネ	水精女神	katate	l2c1b
Poison Frang	ポイズンフラング	毒之鞭策	katate	l151f
Poison Kanda	ポイズンカンダ	毒團	katate	l1520
Poison Var	ポイズンヴァール	猛毒之誓	katate	l1521
Poison Hornet	ポイズンホーネット	猛毒胡蜂	katate	l1522
Poison Spider	ポイズンスパイダー	猛毒蜘蛛	katate	l1eef
Miasma	マイアズマ	瘴氣	katate	l2219
Noxious Miasma	ノクシアスマイアズマ	水精靈之瘴氣	katate	l296a
Ahtal Frang	アトラルフラング	星之鞭策	katate	l1523
Ahtal Kanda	アトラルカンダ	星團	katate	l1524
Ahtal Var	アトラルヴァール	星之誓	katate	l1525
Ahtal Hornet	アトラルホーネット	星蜂	katate	l1526
Ahtal Spider	アトラルスパイダー	星蜘蛛	katate	l1ef0
Rapture	ラプチャー	神遊	katate	l221a
Sadism	サディズム	→虐待狂	katate	l296b
Pearl Iceblade	珠剣【氷】	珠劍【冰】	katate	l04ec
Pearl Frostblade	珠剣【永凍】	珠劍【永凍】	katate	l04ed
Sub-Zero Frostblade	珠剣【絶零】	珠劍【絕零】	katate	l04ee
Mistilteinn	ミステルテイン	銀檞之劍	katate	l04ef
Mistiltact	ミステルタック	銀檞活力	katate	l26c4
Mistilmutte	ミステルミュット	銀檞沉寂	katate	l26c5
Mistilamia	ミステルラーミア	銀檞食人鬼	katate	l2747
Mistilmajia	ミステルマジア		katate	l3e18
Pearl Fireblade	珠剣【火】	珠劍【火】	katate	l04f0
Pearl Lotusblade	珠剣【紅蓮】	珠劍【紅蓮】	katate	l04f1
Purgatory Fireblade	珠剣【煉獄】	珠劍【煉獄】	katate	l04f2
Lavateinn	レーヴァテイン	烈焰魔劍	katate	l04f3
Laevatact	レーヴァタック	烈焰活力	katate	l26c6
Laevamutte	レーヴァミュット	烈焰沉寂	katate	l26c7
Laevalamia	レーヴァラーミア	烈焰食人鬼	katate	l2748
Laevamajia	レーヴァマジア		katate	l3e17
Frost Fiscal	フロストフィスカル	寒霜寶劍	katate	l1026
Hail Fiscal	ヘイルフィスカル	冰雹寶劍	katate	l1027
Glass Fiscal	グラスフィスカル	寒冰寶劍	katate	l1028
Neve Fiscal	ネーヴェフィスカル	冰雪寶劍	katate	l1029
342C・スリートフィスカル	スリートフィスカル	冰霜寶劍	katate	l2c34
Glacon Fiscal	グラソンフィスカル	冰柱寶劍	katate	l2c35
Tormenta Fiscal	トルメンタフィスカル	旋風寶劍	katate	l2c36
Calm Fiscal	カームフィスカル	無風寶劍	katate	l102a
Breeze Fiscal	ブリーズフィスカル	微風寶劍	katate	l102b
Rafale Fiscal	ラファールフィスカル	陣風寶劍	katate	l102c
Storm Fiscal	ストームフィスカル	颱風寶劍	katate	l102d
Bloom Fiscal	ブリュムフィスカル	炙熱寶劍	katate	l2c37
Uragaan Fiscal	ウラガンフィスカル	暴風寶劍	katate	l2c38
Typho Fiscal	ティフォンフィスカル	低氣壓寶劍	katate	l2c39
Toyama	遠山	遠山	katate	l166e
Nishirou	西楼	西樓	katate	l166f
Mochizuki	望月	望月	katate	l1670
Oniashige	鬼葦毛	鬼葦毛	katate	l1671
Mikuniguro	三国黒	三國黑	katate	l2c28
Black Cloud	黒雲	黑雲	katate	l2c29
Taishaku Kurige	帝釈栗毛	帝釋栗毛	katate	l2c2a
Kogarasumaru	小烏丸	小烏丸	katate	l1672
Yuusui Kogarasumaru	小烏丸【湧水】	小烏丸【湧水】	katate	l1673
Kirisame Kogarasumaru	小烏丸【霧雨】	小烏丸【霧雨】	katate	l1674
Samidare Kogarasumaru	小烏丸【五月雨】	小烏丸【五月雨】	katate	l1675
Shigure Kogarasumaru	小烏丸【時雨】	小烏丸【時雨】	katate	l2c2b
Suirain Kogarasumaru	小烏丸【翠雨】	小烏丸【翠雨】	katate	l2c2c
Ruiyu Kogarasumaru	小烏丸【瑞雨】	小烏丸【瑞雨】	katate	l2c2d
Dreck Pinuti	ドレックプンティヤ	泥濘鐵劍	katate	l18d2
Dreck Estoc	ドレックエスタク	泥濘邪神	katate	l18d3
Dreck Espada	ドレックエスパダ	泥濘刀劍	katate	l18d4
El Mesa Redonda	エル・メサレロンダ	白騎士	katate	l18d5
El Campeon	エル・カンペオン	角直王者	katate	l2c43
El Azana	オーレ・アサーニャ	勳功聖劍	katate	l2c44
El Triunfo	オーレ・トリウンフォ	王牌聖劍	katate	l2c45
D618・ヴェニノプンティヤ	ヴェニノプンティヤ	魅力鐵劍	katate	l18d6
D718・ヴェニノエスタク	ヴェニノエスタク	魅力邪神	katate	l18d7
D818・ヴェニノエスパダ	ヴェニノエスパダ	魅力刀劍	katate	l18d8
El Matador	エル・マタドル	鬥牛士	katate	l18d9
El Espadachin	エル・エスグリミスタ	角直劍士	katate	l2c40
El Duelo	オーレ・ドゥエーロ	決鬥聖劍	katate	l2c41
El Ganador	オーレ・ガナドール	贏家聖劍	katate	l2c42
Heat Nail	ヒートネイル	烈焰貫穿	katate	l1bb4
Heat Pick	ヒートピック	烈焰穿心	katate	l1bb5
Heat Claw	ヒートクロー	烈焰鉤爪	katate	l1bb6
Heat Tusk	ヒートタスク	烈焰任務	katate	l1bb7
Heat Fang	ヒートファング	烈焰之牙	katate	l1bb8
Heat Pride	ヒートブライド	烈焰預言	katate	l288e
8F28・ヒートラウム	ヒートラウム	烈焰惡魔	katate	l288f
Marsh Nail	マーシュネイル	激流貫穿	katate	l1bb9
Marsh Pick	マーシュピック	激流穿心	katate	l1bba
Marsh Claw	マーシュクロー	激流鉤爪	katate	l1bbb
Marsh Tusk	マーシュタスク	激流任務	katate	l1bbc
Marsh Fang	マーシュファング	激流之牙	katate	l1bbd
Marsh Pride	マーシュブライド	激流預言	katate	l2890
Gero Gradius	ゲローグラディウス	寒冰古劍	katate	l1c22
Nix Gladius	ニクスグラディウス	白雪古劍	katate	l1c23
Stia Gladius	スティアグラディウス	冰潔古劍	katate	l1c24
Isa Sriaz	イサ＝スリサズ	冰霜巨人	katate	l1c25
4E28・マム＝スリサズ	マム＝スリサズ	華之巨雷神	katate	l284e
4F28・グログ＝スリサズ	グログ＝スリサズ	乖戾巨雷神	katate	l284f
Urnagradius	ウルナグラディウス	飛水古劍	katate	l1c26
Fongradius	フォングラディウス	噴泉古劍	katate	l1c27
Melgradius	メルグラディウス	深海古劍	katate	l1c28
Kano-Hagaraz	カノ＝ハガラズ	破滅冰雨	katate	l1c29
Rose Charmant	ロザ・シャルマン	玫瑰·魅力	katate	l2824
Rose Cynthia	ロザ・シンシア	玫瑰·月神	katate	l2825
Rose Superior	ロザ・スペリオ	玫瑰·優越	katate	l2827
Rose Monarch	ロザ・リアード	玫瑰·君主	katate	l2828
Faith Rose	セフィド・ローズ	信念·薔薇	katate	l2829
Grace Rose	グレイス・ローズ	優雅·薔薇	katate	l282a
2B28・ロザ・クルール	ロザ・クルール	玫瑰·多彩	katate	l282b
Rose Perfeto	ロザ・ペルフェート	玫瑰·完美	katate	l282c
Rose Prima	ロザ・プリーマ	玫瑰·至高	katate	l282e
Rose Rihanna	ロザ・リアーナ	玫瑰·讚歌	katate	l282f
Ritter Rose	リッター・ローズ	騎士·薔薇	katate	l2830
Edel Rose	エーデル・ローズ	高貴·薔薇	katate	l2831
SurveyCorps HalfBlade I	調査兵団・半刃刀身Ⅰ	調查兵團·半刃刀身Ⅰ	katate	l2ddd
SurveyCorps HalfBlade II	調査兵団・半刃刀身Ⅱ	調查兵團·半刃刀身Ⅱ	katate	l2dde
SurveyCorps HalfBlade III	調査兵団・半刃刀身Ⅲ	調查兵團·半刃刀身Ⅲ	katate	l2ddf
SurveyCorps HalfBlade IV	調査兵団・半刃刀身Ⅳ	調查兵團·半刃刀身Ⅳ	katate	l2de0
SurveyCorps HalfBlade V	調査兵団・半刃刀身Ⅴ	調查兵團·半刃刀身Ⅴ	katate	l2de1
SurveyCorps HalfBlade VI	調査兵団・半刃刀身Ⅵ	調查兵團·半刃刀身Ⅵ	katate	l2de2
GarrisonCorps HalfBlad I	駐屯兵団・半刃刀身Ⅰ	駐屯兵團·半刃刀身Ⅰ	katate	l2de3
GarrisonCorps HalfBlad II	駐屯兵団・半刃刀身Ⅱ	駐屯兵團·半刃刀身Ⅱ	katate	l2de4
GarrisonCorps HalfBlad III	駐屯兵団・半刃刀身Ⅲ	駐屯兵團·半刃刀身Ⅲ	katate	l2de5
GarrisonCorps HalfBlad IV	駐屯兵団・半刃刀身Ⅳ	駐屯兵團·半刃刀身Ⅳ	katate	l2de6
GarrisonCorps HalfBlad V	駐屯兵団・半刃刀身Ⅴ	駐屯兵團·半刃刀身Ⅴ	katate	l2de7
GarrisonCorps HalfBlad VI	駐屯兵団・半刃刀身Ⅵ	駐屯兵團·半刃刀身Ⅵ	katate	l2de8
Misty Rapier	ミスティレイピア	神秘細劍	katate	l2207
Misty Mold	ミスティモルデ	神秘沃土	katate	l2208
Misty Rush	ミスティラッシュ	神秘急流	katate	l2209
Misty Swarm	ミスティスウォーム	神秘蜂群	katate	l220a
Misty Frenzy	ミスティフレンジー	神秘狂怒	katate	l220b
Mortal Agony	モータルアゴニー	命註苦痛	katate	l220c
Death Scream	デススクリーム	デスス奶油色	katate	l33cd
Terrifying Rapier	テリファイレイピア	驚恐細劍	katate	l220d
Terifying Moruder	テリファイモルデ	驚恐沃土	katate	l220e
Terrifying Rush	テリファイラッシュ	驚恐急流	katate	l220f
Terrifying Swarm	テリファイスウォーム	驚恐蜂群	katate	l2210
Terrifying Frenzy	テリファイフレンジー	驚恐狂怒	katate	l2211
Coup de Grace	クープデグレイス	優美牢獄	katate	l2212
Fatal Tap	フェイタルスタップ	フェイ湛藍寶劍タップ	katate	l33ce
Spark Tweeter	スパーク・ツィータ	電光咆哮之劍	katate	l1c31
Spark Zile	スパーク・ツィーレ	電光狂嗥之劍	katate	l1c32
Spark Twin	スパーク・ツィン	電光雙響之劍	katate	l1c33
Est Spark	エストスパーク	創世電光劍	katate	l1c34
Estique	エスティーク	火神之刃	katate	l05c0
983E・エスティアダーラ	エスティアダーラ		katate	l3e98
993E・エスティゼンイ	エスティゼンイ		katate	l3e99
Naga Tweeter	ナーガ・ツィータ	天龍咆哮之劍	katate	l1c35
Naga Zile	ナーガ・ツィーレ	天龍狂嗥之劍	katate	l1c36
Naga Twin	ナーガ・ツィン	天龍雙響之劍	katate	l1c37
Endenaga	エンデナーガ	創世天龍劍	katate	l1c38
Endugar	エンドゥガー	龍神之刃	katate	l05c1
Enduranda	エンドゥランダ	龍神荒野	katate	l2652
9A3E・エンドゥアダーラ	エンドゥアダーラ		katate	l3e9a
9B3E・エンドゥゼンイ	エンドゥゼンイ		katate	l3e9b
Mavlov	マヴロヴ		katate	l3b73
Mavlov Duo	マヴロヴ・ドゥオ		katate	l3b74
Mavlov Tria	マヴロヴ・トリア		katate	l3b75
Mavlov Quatro	マヴロヴ・クトオル		katate	l3b76
Mavlov Quin	マヴロヴ・クィン		katate	l3b77
Mavlov Prop	プロプ・マヴロヴ		katate	l3b78
Mavlov Gene	ジーン・マヴロヴ		katate	l3b79
Rozovi	ロゾヴィ		katate	l3b7a
Rozovi Duo	ロゾヴィ・ドゥオ		katate	l3b7b
Rozovi Tria	ロゾヴィ・トリア		katate	l3b7c
Rozovi Quatro	ロゾヴィ・クトオル		katate	l3b7d
Rozovi Quin	ロゾヴィ・クィン		katate	l3b7e
Rozovi Prop	プロプ・ロゾヴィ		katate	l3b7f
Rozovi Gene	ジーン・ロゾヴィ		katate	l3b80
Seraphim Frostedge I	熾凍ナル蒼聖ノ剣Ⅰ		katate	l3da3
Seraphim Frostedge II	熾凍ナル蒼聖ノ剣Ⅱ		katate	l3da4
Seraphim Frostedge III	熾凍ナル蒼聖ノ剣Ⅲ		katate	l3da5
Seraphim Frostedge IV	熾凍ナル蒼聖ノ剣Ⅳ		katate	l3da6
Seraphim Frostedge V	熾凍ナル蒼聖ノ剣Ⅴ		katate	l3da7
Seraphim Frostedge VI	熾凍ナル蒼聖ノ剣Ⅵ		katate	l3da8
Seraphim Frostedge VII	熾凍ナル蒼聖ノ剣Ⅶ		katate	l3da9
Silver Moon	銀月	銀月	katate	l2eb7
Trifoliate Silver Moon	銀月【枸橘】	銀月【枸橘】	katate	l2eb8
Orchid Silver Moon	銀月【銀蘭】	銀月【銀蘭】	katate	l2eb9
Hazy Silver Moon	銀月【朧月】	銀月【朧月】	katate	l2eba
Waterlily Silver Moon	銀月【大鬼蓮】	銀月【大鬼蓮】	katate	l2ebb
Phalaenopsi Silver Moon	銀月【胡蝶蘭】	銀月【蝴蝶蘭】	katate	l2ebc
Lysimachia Silver Moon	銀月【岡虎ノ尾】	銀月【岡虎之尾】	katate	l2ebd
BE2E・散華	散華	散華	katate	l2ebe
BF2E・散華【皐月】	散華【皐月】	散華【皋月】	katate	l2ebf
C02E・散華【牡丹】	散華【牡丹】	散華【牡丹】	katate	l2ec0
C12E・散華【雪椿】	散華【雪椿】	散華【雪椿】	katate	l2ec1
C22E・散華【姫檜扇】	散華【姫檜扇】	散華【姬繪扇】	katate	l2ec2
C32E・散華【紅枝垂】	散華【紅枝垂】	散華【紅枝垂】	katate	l2ec3
C42E・散華【牡丹一華】	散華【牡丹一華】	散華【牡丹一華】	katate	l2ec4
Chevalier	シュヴァリエ	シュヴァリエ	katate	l32aa
Chevalier Perico	シュヴァリエ・ペリコ	シュヴァリエ·ペリコ	katate	l32ab
Chevalier Paloma	シュヴァリエ・パロマ	シュヴァリエ·パロマ	katate	l32ac
Chevalier Cisne	シュヴァリエ・シスネ	シュヴァリエ·シスネ	katate	l32ad
Chevalier Milan	シュヴァリエ・ミラノ	シュヴァリエ·ミラノ	katate	l32ae
General	オフィシエ	オフィシエ	katate	l32af
B032・カイザルヴァッフェ	カイザルヴァッフェ	カイザルヴァッフェ	katate	l32b0
Knight	ルイーツァリ	ルイーツァリ	katate	l32b1
B232・ルイーツァリ・ペリコ	ルイーツァリ・ペリコ	ルイーツァリ·ペリコ	katate	l32b2
B332・ルイーツァリ・パロマ	ルイーツァリ・パロマ	ルイーツァリ·パロマ	katate	l32b3
B432・ルイーツァリ・シスネ	ルイーツァリ・シスネ	ルイーツァリ·シスネ	katate	l32b4
B532・ルイーツァリ・ミラノ	ルイーツァリ・ミラノ	ルイーツァリ·ミラノ	katate	l32b5
Officer	アフィツェール	アフィツェール	katate	l32b6
B732・イムペラアルージェ	イムペラアルージェ	イムペラアルージェ	katate	l32b7
Exorcist Thorn	ホーンティングソーン	驅魔荊棘	katate	l2202
Demon Thorn	アンホーリーソーン	邪惡荊棘	katate	l2203
Spectral Thorn	スペクトラルソーン	幽靈荊棘	katate	l2204
Creul Thorn	ブルタライズソーン	殘忍荊棘	katate	l2205
Crown of Thorns	オーバーローズソーン	遍野荊棘	katate	l2206
Aurora Thorn	アウローラソーン	日出之歌	katate	l2dba
BB2D・ソルオクヴィアソーン	ソルオクヴィアソーン	強火之歌	katate	l2dbb
Purple Porta Mace I	ポルタメイスⅠ【紫】	波爾多小錘Ⅰ【紫】	katate	l045d
Purple Porta Mace II	ポルタメイスⅡ【紫】	波爾多小錘Ⅱ【紫】	katate	l045e
Purple Porta Mace III	ポルタメイスⅢ【紫】	波爾多小錘Ⅲ【紫】	katate	l045f
Aymur	アイムール	反判神錘	katate	l0460
Blue Porta Mace I	ポルタメイスⅠ【青】	波爾多小錘Ⅰ【青】	katate	l044d
Blue Porta Mace II	ポルタメイスⅡ【青】	波爾多小錘Ⅱ【青】	katate	l044e
Blue Porta Mace III	ポルタメイスⅢ【青】	波爾多小錘Ⅲ【青】	katate	l044f
Gorm Goine	ゴーム・グラス	蒼綠聖劍	katate	l0450
Yellow Arti I	アルティⅠ【黄】	終極Ⅰ【黃】	katate	l1555
Yellow Arti II	アルティⅡ【黄】	終極Ⅱ【黃】	katate	l1556
Yellow Arti III	アルティⅢ【黄】	終極Ⅲ【黃】	katate	l1557
Tonitrus	トニトゥルス	霹靂	katate	l1558
Weisser Baron I	バイセバロンⅠ		katate	l35d9
Weisser Baron II	バイセバロンⅡ		katate	l35da
Weisser Baron III	バイセバロンⅢ		katate	l35db
Weisser Baron IV	バイセバロンⅣ		katate	l35dc
DD35・プラサバロン	プラサバロン		katate	l35dd
Red Porta Mace I	ポルタメイスⅠ【赤】	波爾多小錘Ⅰ【紅】	katate	l0451
Red Porta Mace II	ポルタメイスⅡ【赤】	波爾多小錘Ⅱ【紅】	katate	l0452
Red Porta Mace III	ポルタメイスⅢ【赤】	波爾多小錘Ⅲ【紅】	katate	l0453
Claiomh Solais	クラウ・ソラス	光明聖劍	katate	l0454
Black Arti I	アルティⅠ【黒】	終極Ⅰ【黑】	katate	l1559
Black Arti II	アルティⅡ【黒】	終極Ⅱ【黑】	katate	l155a
Black Arti III	アルティⅢ【黒】	終極Ⅲ【黑】	katate	l155b
Liberatio	リヴェラティオ	岸之劍	katate	l155c
B12D・リヴェラシューレ	リヴェラシューレ	學院大劍	katate	l2db1
B22D・ヴレイアシュー	ヴレイアシュー	自由利斧	katate	l2db2
B32D・ヴレイフェアディ	ヴレイフェアディ	自由造就	katate	l2db3
Black Baron I	ヘイセバロンⅠ		katate	l35e5
Black Baron II	ヘイセバロンⅡ		katate	l35e6
Black Baron III	ヘイセバロンⅢ		katate	l35e7
Black Baron IV	ヘイセバロンⅣ		katate	l36b1
B236・スコタディバロン	スコタディバロン		katate	l36b2
Acorn Stick	どんぐりスティック	橡實劍	katate	l01e8
Acorn Rod	どんぐりロッド	橡實棒	katate	l01ed
Acorn Blade	どんぐりブレイド	強化橡實劍	katate	l03a4
Acorn Destroy	どんぐりデストロイ	橡實毀滅者	katate	l03d5
"Beta Sword ""Black"""	ベータソード【黒】	測試紀念刀【黑】	katate	l02e4
Azure Beta Knife	ベータナイフ【蒼】	測試紀念刀【藍】	katate	l01e7
Cerulean Beta Knife II	ベータナイフ【蒼】Ⅱ	測試紀念刀【藍】Ⅱ	katate	l03a0
Cerulean Beta Knife III	ベータナイフ【蒼】Ⅲ	測試紀念刀【藍】Ⅲ	katate	l03a1
Sinking Beta Knife	アクア・レーム	水藍缺口劍	katate	l0eaa
Crimson Beta Knife	ベータナイフ【紅】	測試紀念刀【紅】	katate	l01e6
Orange Beta Knife II	ベータナイフ【紅】Ⅱ	測試紀念刀【紅】Ⅱ	katate	l03a2
Orange Beta Knife III	ベータナイフ【紅】Ⅲ	測試紀念刀【紅】Ⅲ	katate	l03a3
Charring Beta Knife	フラム・レーム	火紅缺口劍	katate	l0ea9
Beta Knife (Yellow)	ベータナイフ【黄】	測試紀念刀【黃】	katate	l04dc
Beta Knife (Yellow) II	ベータナイフ【黄】Ⅱ	測試紀念刀【黃】Ⅱ	katate	l04dd
Beta Knife (Yellow) III	ベータナイフ【黄】Ⅲ	測試紀念刀【黃】Ⅲ	katate	l04de
Shocking Beta Knife	ドルミ・レーム	睡眠缺口劍	katate	l0eab
Purple Beta Knife	ベータナイフ【紫】	測試紀念刀【紫】	katate	l12ff
Purple Beta Knife II	ベータナイフ【紫】Ⅱ	測試紀念刀【紫】Ⅱ	katate	l1300
Purple Beta Knife III	ベータナイフ【紫】Ⅲ	測試紀念刀【紫】Ⅲ	katate	l1301
Arca Shika	アルカ・シーカ	深紫缺口刀	katate	l1302
Settler Knife	セトラーナイフ	開拓者短劍	katate	l03d1
Settler Edge	セトラーエッジ	開拓者銳劍	katate	l03d2
Settler Sword	セトラーソード	開拓者之劍	katate	l03d3
Settler Blade	セトラーブレイド	開拓者之刃	katate	l03d4
Binding Mace	バインドメイス	束縛權杖	katate	l0449
Revised Bndg Mace	バインドメイス【改】	束縛權杖【改】	katate	l044a
True Binding Mace	バインドメイス【真】	束縛權杖【真】	katate	l044b
Ascended Bndg Mace	バインドメイス【極】	束縛權杖【極】	katate	l044c
Prison Binding Mace	バインドメイス【獄】	束縛權杖【獄】	katate	l1fb1
"Bind Mace ""Emperor"""	バインドメイス【帝】	束縛權杖【帝】	katate	l32a0
Ignis Sword	イギニスソード	火焰之劍	katate	l04e0
Ignis Slicer	イギニススライサー	火焰切片刀	katate	l04e1
Ignis Blade	イギニスブレイド	火焰之刃	katate	l04e2
Ignis G-Blade	イギニスＧブレイド	火焰Ｇ之刃	katate	l04e3
Tonitrus Sword	トニトルスソード	雷霆之劍	katate	l04e4
Tonitrus Slicer	トニトルススライサー	雷霆切片刀	katate	l04e5
Tonitrus Blade	トニトルスブレイド	雷霆之刃	katate	l04e6
Tonitrus G Blade	トニトルスＧブレイド	雷霆Ｇ之刃	katate	l04e7
Aqua Sword	アクアソード	澈水之劍	katate	l04e8
Aqua Slicer	アクアスライサー	澈水切片刀	katate	l04e9
Aqua Blade	アクアブレイド	澈水之刃	katate	l04ea
Aqua G-Blade	アクアＧブレイド	澈水Ｇ之刃	katate	l04eb
Red Arti I	アルティⅠ【赤】	終極Ⅰ【赤】	katate	l154d
Red Arti II	アルティⅡ【赤】	終極Ⅱ【赤】	katate	l154e
Red Arti III	アルティⅢ【赤】	終極Ⅲ【赤】	katate	l154f
Selmo Crusher	セルモ・クラシア	堅實.力量	katate	l1550
AF1F・セルモ・ハール	セルモ・ハール	堅實.繼承者	katate	l1faf
Water Arti I	アルティⅠ【水】	終極Ⅰ【水】	katate	l1551
Water Arti II	アルティⅡ【水】	終極Ⅱ【水】	katate	l1552
Water Arti III	アルティⅢ【水】	終極Ⅲ【水】	katate	l1553
Inondation	イノンダシオン	洪災	katate	l1554
B01F・イノシダス	イノシダス	海嘯	katate	l1fb0
White Arti I	アルティⅠ【白】	終極Ⅰ【白】	katate	l155d
White Arti II	アルティⅡ【白】	終極Ⅱ【白】	katate	l155e
White Arti III	アルティⅢ【白】	終極Ⅲ【白】	katate	l155f
Silentium	サイレンティウム	寂靜	katate	l1560
Global Silence	グローバルサイレンス	全球沉寂	katate	l221f
"Ulti I ""Violet"""	アルティⅠ【紫】	終極Ⅰ【紫】	katate	l1faa
"Ulti II ""Violet"""	アルティⅡ【紫】	終極Ⅱ【紫】	katate	l1fab
"Ulti III ""Violet"""	アルティⅢ【紫】	終極Ⅲ【紫】	katate	l1fac
Ulti Saphirus	アルティ・サフィラス	終極藍寶	katate	l1fad
Ever Sleep I	エバースリープⅠ	永世沈眠Ⅰ	katate	l18c6
Ever Sleep II	エバースリープⅡ	永世沈眠Ⅱ	katate	l18c7
Ever Sleep III	エバースリープⅢ	永世沈眠Ⅲ	katate	l18c8
Ever Sleep IV	エバースリープⅣ	永世沈眠Ⅳ	katate	l18c9
Stun Calibur I	スタンカリバーⅠ	束縛之刃Ⅰ	katate	l18ca
Stun Calibur II	スタンカリバーⅡ	束縛之刃Ⅱ	katate	l18cb
Stun Calibur III	スタンカリバーⅢ	束縛之刃Ⅲ	katate	l18cc
Stun Calibur IV	スタンカリバーⅣ	束縛之刃Ⅳ	katate	l18cd
Maladie	マラディ	禍害	katate	l1fae
Viper Venom I	ヴァイパーヴェノムⅠ	蛇毒Ⅰ	katate	l18ce
Viper Venom II	ヴァイパーヴェノムⅡ	蛇毒Ⅱ	katate	l18cf
Viper Venom III	ヴァイパーヴェノムⅢ	蛇毒Ⅲ	katate	l18d0
Viper Venom IV	ヴァイパーヴェノムⅣ	蛇毒Ⅳ	katate	l18d1
Viper Devil	ヴァイパーデビル	猛蛇邪毒	katate	l3179
Dio Force	ディオフォース	天神之力	katate	l1b6f
Dio Blade	ディオブラッド	天神之血	katate	l1b70
Dio Soul	ディオソウル	天神之魂	katate	l1b71
Dio Remote	ディオリモート	天神之遙	katate	l1b72
Thunder Destroyers+	ディオスピリット	極龍之魂	katate	l26a3
Dio Force Σ	ディオフォース・Σ	天神之力·Σ	katate	l1b73
Dio Blade Σ	ディオブラッド・Σ	天神之血·Σ	katate	l1b74
Dio Soul Σ	ディオソウル・Σ	天神之魂·Σ	katate	l1b75
Dio Remote Σ	ディオリモート・Σ	天神之遙·Σ	katate	l1b76
ThunderSwrd]Awakening]	ディオスピリット・Σ	極龍之魂·Σ	katate	l26a4
Dio Force Ω	ディオフォース・Ω	天神之力·Ω	katate	l1b77
Dio Blade Ω	ディオブラッド・Ω	天神之血·Ω	katate	l1b78
Dio Soul Ω	ディオソウル・Ω	天神之魂·Ω	katate	l1b79
Dio Remote Ω	ディオリモート・Ω	天神之遙·Ω	katate	l1b7a
Loveable Cat	ネコダイスキー	最愛貓	katate	l1dca
Cat Jealousy	ネコジャラシー	忌妒貓	katate	l1dcb
Cat Life Sword	秘剣ネコライフ	秘劍貓生	katate	l1dcc
HardCatGroundSword	剛剣ネコマ・シグラー	剛劍貓貓	katate	l1dcd
"Beta Knife ""Spine"""	ベータナイフ【呂】	測試紀念刀【呂】	katate	l23e5
"Beta Knife ""Spine"" II"	ベータナイフ【呂】Ⅱ	測試紀念刀【呂】Ⅱ	katate	l23e6
"Beta Knife ""Spine"" III"	ベータナイフ【呂】Ⅲ	測試紀念刀【呂】Ⅲ	katate	l23e7
"Beta Knife ""Spine"" IV"	ベータナイフ【呂】Ⅳ	測試紀念刀【呂】Ⅳ	katate	l23e8
"Beta Knife ""Spine"" V"	ベータナイフ【呂】Ⅴ	測試紀念刀【呂】Ⅴ	katate	l23e9
"Exbeta ""Lustrous"""	エクスベータ【漆】	前測之劍【漆】	katate	l23ea
"Beta Knife ""Sky"""	ベータナイフ【空】	測試紀念刀【空】	katate	l23eb
"Beta Knife ""Sky"" II"	ベータナイフ【空】Ⅱ	測試紀念刀【空】Ⅱ	katate	l23ec
"Beta Knife ""Sky"" III"	ベータナイフ【空】Ⅲ	測試紀念刀【空】Ⅲ	katate	l23ed
"Beta Knife ""Sky"" IV"	ベータナイフ【空】Ⅳ	測試紀念刀【空】Ⅳ	katate	l23ee
"Beta Knife ""Sky"" V"	ベータナイフ【空】Ⅴ	測試紀念刀【空】Ⅴ	katate	l23ef
"Exbeta ""Heavenly"""	エクスベータ【天】	前測之劍【天】	katate	l23f0
Sealed Falchion I	封剣ファルシオンⅠ	封剣ファル水藍寶劍Ⅰ	katate	l2502
Sealed Falchion II	封剣ファルシオンⅡ	封剣ファル水藍寶劍Ⅱ	katate	l2503
Sealed Falchion III	封剣ファルシオンⅢ	封剣ファル水藍寶劍Ⅲ	katate	l2504
Sealed Falchion IV	封剣ファルシオンⅣ	封剣ファル水藍寶劍Ⅳ	katate	l2505
Exalted Falchion	神剣ファルシオン	神剣ファル水藍寶劍	katate	l2506
Parallel Falchion I	裏剣ファルシオンⅠ		katate	l2507
Parallel Falchion II	裏剣ファルシオンⅡ		katate	l2508
Parallel Falchion III	裏剣ファルシオンⅢ		katate	l2509
Parallel Falchion IV	裏剣ファルシオンⅣ		katate	l250a
Parallel Falchion V	裏剣ファルシオンⅤ		katate	l250b
"Beta Knife ""Qing"""	ベータナイフ【清】	測試紀念刀【清】	katate	l2e55
"Beta Knife ""Qing"" II"	ベータナイフ【清】Ⅱ	測試紀念刀【清】Ⅱ	katate	l2e56
"Beta Knife ""Qing"" III"	ベータナイフ【清】Ⅲ	測試紀念刀【清】Ⅲ	katate	l2e4f
"Beta Knife ""Qing"" IV"	ベータナイフ【清】Ⅳ	測試紀念刀【清】Ⅳ	katate	l2e57
"Beta Knife ""Qing"" V"	ベータナイフ【清】Ⅴ	測試紀念刀【清】Ⅴ	katate	l2e58
"ExBeta ""Air"""	エクスベータ【宙】	前測之劍【宙】	katate	l2e59
"Beta Knife ""Armour"""	ベータナイフ【渾】	測試紀念刀【渾】	katate	l2e5a
"Beta Knife ""Armour"" II"	ベータナイフ【渾】Ⅱ	測試紀念刀【渾】Ⅱ	katate	l2e5b
"Beta Knife ""Armour"" III"	ベータナイフ【渾】Ⅲ	測試紀念刀【渾】Ⅲ	katate	l2e50
"Beta Knife ""Armour"" IV"	ベータナイフ【渾】Ⅳ	測試紀念刀【渾】Ⅳ	katate	l2e5c
"Beta Knife ""Armour"" V"	ベータナイフ【渾】Ⅴ	測試紀念刀【渾】Ⅴ	katate	l2e5d
"ExBeta ""Cloudy"""	エクスベータ【濁】	前測之劍【濁】	katate	l2e5e
Beta Knife Monochrome	ベータナイフ・白黒	測試紀念刀·白黒	katate	l3301
Beta Knife Monochrome II	ベータナイフ・白黒Ⅱ	測試紀念刀·白黒Ⅱ	katate	l3302
Beta Knife Monochrome III	ベータナイフ・白黒Ⅲ	測試紀念刀·白黒Ⅲ	katate	l325e
Beta Knife Monochrome IV	ベータナイフ・白黒Ⅳ	測試紀念刀·白黒Ⅳ	katate	l3303
Beta Knife Monochrome V	ベータナイフ・白黒Ⅴ	測試紀念刀·白黒Ⅴ	katate	l3304
Beta Knife Monochrome VI	ベータナイフ・白黒Ⅵ	測試紀念刀·白黒Ⅵ	katate	l3305
Azure Baron I	アズゥバロンⅠ		katate	l35d3
Azure Baron II	アズゥバロンⅡ		katate	l35d4
Azure Baron III	アズゥバロンⅢ		katate	l35d5
Azure Baron VI	アズゥバロンⅣ		katate	l35d6
Baron Wolke	バロン・ヴォルケ		katate	l35d7
"Beta Knife ""Light"""	ベータナイフ【光】		katate	l3ba5
"Beta Knife ""Light"" II"	ベータナイフ【光】Ⅱ		katate	l3ba6
"Beta Knife ""Light"" III"	ベータナイフ【光】Ⅲ		katate	l3ba7
"Beta Knife ""Light"" IV"	ベータナイフ【光】Ⅳ		katate	l3ba8
"Beta Knife ""Light"" V"	ベータナイフ【光】Ⅴ		katate	l3ba9
"Ex Beta ""Bright"""	エクスベータ【輝】		katate	l3baa
C636・アクダルバロンI	アクダルバロンⅠ		katate	l36c6
C736・アクダルバロンII	アクダルバロンⅡ		katate	l36c7
C836・アクダルバロンIII	アクダルバロンⅢ		katate	l36c8
C936・アクダルバロンIV	アクダルバロンⅣ		katate	l36c9
CA36・コリナバロン	コリナバロン		katate	l36ca
Verde Baron I	ヴェルデバロンⅠ		katate	l35df
Verde Baron II	ヴェルデバロンⅡ		katate	l35e0
Verde Baron III	ヴェルデバロンⅢ		katate	l35e1
Verde Baron IV	ヴェルデバロンⅣ		katate	l35e2
E335・オアシバロン	オアシバロン		katate	l35e3
Zuse Baron I	ズセバロンⅠ		katate	l36b4
Zuse Baron II	ズセバロンⅡ		katate	l36b5
Zuse Baron III	ズセバロンⅢ		katate	l36b6
Zuse Baron IV	ズセバロンⅣ		katate	l36b7
B836・ザハラバロン	ザハラバロン		katate	l36b8
Rose Baron I	ロズバロンⅠ		katate	l36ba
Rose Baron II	ロズバロンⅡ		katate	l36bb
Rose Baron III	ロズバロンⅢ		katate	l36bc
Rose Baron IV	ロズバロンⅣ		katate	l36bd
Madonna Baron	マドンナバロン		katate	l36be
Virus	ヴァイラス	病毒	katate	l318d
Menti Sword	メンティソード	受選之劍	katate	l3203
Rejection Roll	リジェクションロール	リジェクションロール	katate	l333b
Eternal Glory	エターナルグローリー	エターナルグローリー	katate	l3341
From Hell	フロムヘル	フロムヘル	katate	l33fe
Karma	カルマ		katate	l3406
Painkiller	ペインキラー		katate	l3402
Renka Sword	煉華ノ剣		katate	l3f03
"Renka Sword ""Pine"""	煉華ノ剣【松】		katate	l3f04
"Renka Sword ""Pinus"""	煉華ノ剣【松鶴】		katate	l3f05
"Renka Sword ""Butterfly"""	煉華ノ剣【蝶光】		katate	l3f06
"Rondo Sword ""Torches"""	煉舞ノ剣【郭燭】		katate	l417b
"Rondo Sword ""Shores"""	煉舞ノ剣【土岸】		katate	l417c
"Rondo Sword ""Remnants"""	煉舞ノ剣【遺構】		katate	l417d
"Rondo Sword ""Swan"""	煉舞ノ剣【白鳥】		katate	l417e
Lethe Sword	煉獄ノ剣		katate	l4340
"Lethe Sword ""Anarchy"""	煉獄ノ剣・反抗		katate	l4341
"Lethe Sword ""Wish"""	煉獄ノ剣・願望		katate	l4342
"Lethe Sword ""Ashura"""	煉獄ノ剣【阿修羅】		katate	l4343
Sacred Worlds	セイクリッドワールズ		katate	l41e7
Usurper's Firebolt	王剣シツライ	王剣シツライ	katate	l34c5
Despot's Crookbolt	王牙剣【折雷】	王牙剣【折雷】	katate	l34c6
Oppressor's Bounty	真・王牙剣【天賦】	真·王牙剣【天賦】	katate	l34c7
Dios Edge	ディオスエッジ		katate	l352e
Blast Sword	爆砕の裂剣		katate	l352f
Lightbreak Sword	破岩剣デストルクジオ		katate	l3530
Cryo Cross	クロスブリード		katate	l356f
Grey Brume	グレイヴェルノ		katate	l3570
Bran Bhavani	グラスヴァルティー		katate	l3571
Giga Club	ギガスクラブ		katate	l382d
Giga Crusher	ギガスクラッシュ		katate	l382e
Mighty Gigantreon	頑剣ギレオム		katate	l382f
Hidden Edge	ヒドゥンエッジ		katate	l386d
Flash In The Night	闇夜剣【昏冥】		katate	l386e
Avidya Edge	無明刃【道諦】		katate	l386f
Brimstren Drakescale	獄剣リュウリン		katate	l3a21
Brimstren Drakescale+	獄剣リュウリン改		katate	l3a22
Stygian Luxuria	狼牙剣【欲獄】		katate	l3a23
Jager-Ankh	アンクofチェッカー		katate	l3bb0
Sucher-Ankh	アンクofサーチャー		katate	l3bb1
Sieger-Ankh	アンクofシーカー		katate	l3bb2
Le Detecteur	THEディテクター		katate	l3ccb
La Verite	THEトゥルー		katate	l3ccc
Le Lemier	THEシャロック		katate	l3ccd
Ominous Treausre	凶宝【翠嵐】		katate	l3ec5
Heavenly Gale	天嵐ノ宝【碧霄】		katate	l3ec6
Heaven and Earth	太虚ノ宝【天壌】		katate	l3ec7
Naab Sword	ナーブアルファルド		katate	l3fce
Feral Fangs	叛牙アルファルド		katate	l3fcf
Naab Rebellion	乱叛牙アルファルド		katate	l3fd0
Thorncrown Rosendorn	棘冠剣ローゼンソーン		katate	l3af7
Thorncrown Rosenstachel	棘冠剣ローゼンエピナ		katate	l3af8
Thorncrown Rosennadel	棘冠剣ローゼンスピヌ		katate	l3af9
Thorncrown Rosenspitze	棘冠剣ローゼンプリル		katate	l3afa
Feather Carrier	フェザーカリーヤー		katate	l3b0f
Feather Cut	フェザーカット		katate	l3b10
Feather Crow	フェザーキロウ		katate	l3b11
Feather Bassari	フェザーバッサリ		katate	l3b12
Vashim Alma	ヴァシム・アルマ		katate	l3c57
Vashim Philo	ヴァシム・フィロ		katate	l3c58
Vashim Safe	ヴァシム・セイフ		katate	l3c59
Vashim Gian	ヴァシムーンジアン		katate	l3c5a
Deathroad Clear	デスルート・クレール		katate	l3c6f
Deathroad Halo	デスルート・シライト		katate	l3c70
Deathroad Halcyon	デスルート・ツコモス		katate	l3c71
Deathsign Bask	デスサイン・リジョ		katate	l3c72
Freezing Mist	パゴステュレイラ		katate	l3cf7
Shocking Mist	サルビンテュレイラ		katate	l3cf8
Lingering Mist	リョトグテュレイラ		katate	l3cf9
Ferocious Froststorm	アイシテューレ		katate	l3cfa
Ganofulz	ガノフルス		katate	l3e33
Ganosteno	ガノステノ		katate	l3e34
Ganocosta	ガノコスタ		katate	l3e35
Ganocean	ガノンオセアン		katate	l3e36
"Torid Sword ""Exploit"""	トリドライズ		katate	l3f53
"Torid Sword ""Plunder"""	トリドグレイズ		katate	l3f54
"Torid Sword ""Calamity"""	トリドスピータ		katate	l3f55
"Torid Sword ""Oppression"""	トリド・カン		katate	l3f56
"Dark Sword ""Ixobrychus"""	絶極冥雷剣【小鷺】		katate	l3f67
"Dark Sword ""Platalea"""	絶極冥雷剣【飴鷺】		katate	l3f68
"Dark Sword ""Nycticorax"""	絶極冥雷剣【五位鷺】		katate	l3f69
"Dark Sword ""Egretta"""	絶極冥雷剣【白鷺】		katate	l3f6a
"Magma Sword ""Opal"""	岩漿鎧剣オーパル		katate	l4283
"Magma Sword ""Arget"	岩漿鎧剣アーゲト		katate	l4284
"Magma Sword ""Cornell"""	岩漿鎧剣コーネル		katate	l4285
"Magma Sword ""Preniht"""	岩漿鎧剣プレナイト		katate	l4286
"Harudo Sword ""Silver"""	司銀真剣シルバ		katate	l444b
"Harudo Sword ""Metal"""	司銀真剣ミタール		katate	l444c
"Harudo Sword ""Platinum"""	司銀真剣プラータ		katate	l444d
"Harudo Sword ""Crystal"""	司銀真剣クリスタロ		katate	l444e
"Composer Bite ""Intro"""	歌唄ノ剣【前奏】		katate	l3b85
"Composer Bite ""Chorus"""	歌唄ノ剣【中奏】		katate	l3b86
"Composer Bite ""Encore"""	歌唄ノ剣【後奏】		katate	l3b87
"Prayer Sword ""Prelude"""	歌踊ノ剣【前奏】		katate	l3d3c
"Prayer Sword ""Interlude"""	歌踊ノ剣【中奏】		katate	l3d3d
"Prayer Sword ""Finale"""	歌踊ノ剣【後奏】		katate	l3d3e
"Musical Sword ""Prelude"""	歌舞ノ剣【前奏】		katate	l3ef1
"Musical Sword ""Chorus"""	歌舞ノ剣【中奏】		katate	l3ef2
"Musical Sword ""Encore"""	歌舞ノ剣【後奏】		katate	l3ef3
"Recital Sword ""Prelude"""	歌詠ノ剣【前奏】		katate	l3fa1
"Recital Sword ""Chorus"""	歌詠ノ剣【中奏】		katate	l3fa2
"Recital Sword ""Encore"""	歌詠ノ剣【後奏】		katate	l3fa3
"Melody Sword ""Prelude"""	歌奏ノ剣【前奏】		katate	l4157
"Melody Sword ""Chorus"""	歌奏ノ剣【中奏】		katate	l4158
"Melody Sword ""Encore"""	歌奏ノ剣【後奏】		katate	l4159
"Enrapture Sword ""Intro"""	歌繋ノ剣【前奏】		katate	l436c
"Enrapture Sword ""Chorus"""	歌繋ノ剣【中奏】		katate	l436d
"Enrapture Sword ""Encore"""	歌繋ノ剣【後奏】		katate	l436e
Rubrum Crest I	ルブルムクレストⅠ		katate	l1036
Rubrum Crest II	ルブルムクレストⅡ		katate	l1037
Rubrum Crest III	ルブルムクレストⅢ		katate	l1038
Rubrum Crest IV	ルブルムクレストⅣ		katate	l1039
Rubrum Crest V	ルブルムクレストⅤ		katate	l103a
"Beta Knife ""2016"""	ベータナイフ【2016】		katate	l3a9b
→6E26・ブラフェリウス	→ブラフェリウス	→瘟疫綿延	katate	l266e
→Seelegeon	→ゼレゲオン	→魂注之刀	katate	l267a
→SurveyCorps HalfBlade VII	→調査兵団・半刃刀身Ⅶ		katate	l3f49
→GarrisonCorps HalfBlad VII	→駐屯兵団・半刃刀身Ⅶ		katate	l3f4a
Iron Lance	アイアンランス	鐵長槍	lance	l0067
Iron Lance+	アイアンランス改	鐵長槍·改	lance	l0068
Knight Lance	ナイトランス	騎士長槍	lance	l0069
Knight's Spear	ナイトスクウィード	騎士烏賊長槍	lance	l006b
Paladin Lance	パラディンランス	聖騎士長槍	lance	l006c
Rampart	ランパート	鐵壁長槍	lance	l006d
Babel	バベル	巴別塔	lance	l006f
Growling Wyvern	撃竜槍【阿】	擊龍槍【阿】	lance	l006a
Roaring Wyvern	撃竜槍【吽】	擊龍槍【哞】	lance	l01bb
Vajra Dragonator	撃竜槍【金剛】	擊龍槍【金剛】	lance	l10dd
"Shooter Spear ""Meio"""	撃竜槍【明王】	擊龍槍【明王】	lance	l1d65
Naag Serpentblade	蛇槍【ナーガ】	蛇槍【蛇神】	lance	l0240
Devta Serpentblade	蛇槍【ヴリトラ】	蛇槍【巨蛇】	lance	l0241
"Snake Spear ""Halo"""	蛇槍【カーサ】	蛇槍【蛇魔】	lance	l1b4a
Capillary Lance	キャピラリーランス	毛細長槍	lance	l0216
Dripping Lance	ドリッピングランス	水滴長槍	lance	l0217
Crystal Lance	クリスタルランス	石英長槍	lance	l0218
Rapids Lance	ラピッズランス	激流長槍	lance	l0fd6
Wasser Lance	ヴァッサーランス	巨流長槍	lance	l11dc
Guilhahasta	ギーリャハスタ	洪流長槍	lance	l1b49
Estoc	エストック	剌擊長槍	lance	l00e1
Valhalla	ヴァルハラ	寶石刺槍	lance	l00e7
Yggdrasil	ユグドラシル	世界樹	lance	l028b
Nidh?ggr	ニーズヘッグ	啃食之蛇	lance	l028d
Lindwurm	リンドヴルム	林德蟲	lance	l1a02
Valaskjalf	ヴァラスキャルーヴ	英靈殿	lance	l1d64
Cold Lance	コールドランス	冰冷長槍	lance	l0219
Frost Lance	フロストランス	冰霜長槍	lance	l021a
Frost Lance+	フロストランス改	冰霜長槍·改	lance	l0399
Diamond Dust	ダイヤモンドダスト	鑽石塵	lance	l039a
Blizzard Lance	ブリザードランス	冰凍長槍	lance	l0dff
Bone Lance	ボーンランス	骨長槍	lance	l007f
Bone Lance+	ボーンランス改	骨長槍·改	lance	l0080
Long Horn	ロングホーン	長角長槍	lance	l0081
Long Tusk	ロングタスク	獠牙長槍	lance	l0083
Barbarian Tusk	バーバリアンタスク	蠻族獠牙	lance	l0084
Ogre Lance	オーガーランス	食人魔長槍	lance	l0087
Great Ogre Tusk	ダイオーガー	死亡食人魔	lance	l01e5
Great Ogre Tusk+	ダイオーガー改	死亡食人魔·改	lance	l02f6
Man-eating Ogre	悪鬼羅刹	惡鬼羅剎	lance	l11da
Bone Claw Lance	ボーンクロウランス	骨爪長槍	lance	l008e
Bone Claw Lance+	ボーンクロウランス改	骨爪長槍·改	lance	l01b7
Blade Stinger	ブレイドスティンガー	刀刃剌擊者	lance	l0091
Kizami Stinger	ギザミスティンガー	鐮蟹剌擊者	lance	l0098
Ceanataur Piercer	ツキサシ	突刺長槍	lance	l01b9
Tsuranuki	ツラヌキ	穿透長槍	lance	l034c
Piercer	ツキヌケ	貫穿長槍	lance	l03bf
Dark Lance	ダークランス	暗黑長槍	lance	l0073
Dark Squire	ダークスクウィード	黑暗烏賊長槍	lance	l0075
Dark	ダーク	終極暗黑長槍	lance	l013e
Darkness	ダークネス	深黑	lance	l034b
Obscurite	オプスキュリテ	昏暗	lance	l11d8
Angry Horn	アングリーホーン	憤怒之角	lance	l0290
Raging Horn	レイジングホーン	狂怒之角	lance	l0291
Vendetta	ヴェンデッタ	復仇長槍	lance	l0292
Vendetta+	ヴェンデッタ改	復仇長槍·改	lance	l0333
Bone Javelin	ボーンジャベリン	骨矛	lance	l0078
Spike Spear	スパイクスピア	銳利長槍	lance	l007a
Aqua Spear	アクアンスピア	水龍矛	lance	l007b
Emerald Spear	エメラルドスピア	翡翠矛	lance	l008c
Emerald Spear+	エメラルドスピア改	翡翠矛·改	lance	l01bf
Jade Lance	ジェイドランス	翡翠長槍	lance	l028e
Jade Hydraulic Shock	水撃槍【翡翠】	水擊槍【翡翠】	lance	l03bd
Lullaby Spear	シープソングスピア	搖籃曲之矛	lance	l007d
Requiem Spear	レクイエムスピア	鎮魂曲之矛	lance	l00d9
Hypno Spear	ヒュプノスピア	安眠之矛	lance	l1b48
Wild Boar Lance	ワイルドボーランス	野豬長槍	lance	l0242
Wild Boar Lance+	ワイルドボーランス改	野豬長槍·改	lance	l0243
Bulldrome Spear	猛槍ドスファンゴ	猛槍野豬王	lance	l0244
Bullfango's Charge	猪突猛槍ドスファンゴ	豬突猛槍野豬王	lance	l0dfd
Fragrance	フレグランス	芬芳長槍	lance	l0245
Fragrance+	フレグランス改	芬芳長槍·改	lance	l0246
Noble Fragrance	ノーブルフレグランス	終極花蕾長槍	lance	l0247
Royal Fragrance	ロイヤルフレグランス	皇家芬芳長槍	lance	l041f
Paralyzer	パラライザー	麻痺長槍	lance	l0076
Trident	トライデント	三叉戟	lance	l0077
Trident+	トライデント改	三叉戟·改	lance	l02f8
Lightning Horn	ライトニングホーン	雷霆之角	lance	l0420
Red Tail	レッドテイル	赤尾長槍	lance	l0088
Spear of Prominence	プロミネンスピラー	日珥刺矛	lance	l00da
Spear of Prominence+	プロミネンスピラー改	日珥刺矛·改	lance	l02f9
Prominence Hasta	プロミネンスタスク	日珥任務	lance	l12ce
Blue Tail	ブルーテイル	蒼尾長槍	lance	l0146
Blue Prominence	ブループロミネンス	蒼色日珥	lance	l0147
Eclipse Task	エクリプスタスク	日蝕任務	lance	l1a03
Diablo Horn	ブロスホーン	角龍角	lance	l008b
Diablo Spear	角槍ディアブロス	角槍角龍	lance	l008d
Black Tempest	ブラックテンペスト	黑色風暴	lance	l0143
Black Tempest+	ブラックテンペスト改	黑色風暴·改	lance	l0320
Black Cyclone	ブラックサイクロン	黑色龍捲風	lance	l10de
Crimson War Pike	クリムゾンブロス	深紅角龍槍	lance	l008f
Monoblospire	ブロスペイン	角龍痛苦長槍	lance	l028c
Bloody Blos	ブラッディブロス	血腥角龍槍	lance	l052b
Blos Ceramic Lance	グラシアルブロス	純白角槍	lance	l0170
White Disaster	ホワイトディザスター	白色災厄	lance	l0107
White Horn	ホワイトホーン	白角槍	lance	l0332
White Trunk	ホワイトトランク	潔白軀體	lance	l0421
Demon Lance	鬼槍ラージャン	鬼槍金獅子	lance	l009b
Great Demon Lance	大鬼槍ラージャン	大鬼槍金獅子	lance	l00e6
War Demon Lance	戦鬼槍ラージャン	戰鬼槍金獅子	lance	l13c4
Venom Lance	ヴェノムランス	劇毒長槍	lance	l0090
Basarios Venom Spear	ヴェノムスクウィード	劇毒烏賊長槍	lance	l0092
Gravios Spear	豪槍グラビモス	豪槍鎧龍	lance	l0093
Gravios Spear+	豪槍グラビモス改	豪槍鎧龍·改	lance	l02f7
Gravios Eclipsespear	蝕槍グラビモス	蝕槍鎧龍	lance	l0f32
Black Gravios Spear	黒槍グラビモス	黑長槍鎧龍	lance	l0149
Void Gravios Spear	漆黒槍グラビモス	漆黑槍鎧龍	lance	l0151
Gravios Heavy Lance	漆黒重槍グラビモス	漆黑重槍鎧龍	lance	l0dfe
Pure Black Gravios Spear	真漆黒重槍グラビモス	真漆黑重槍鎧龍	lance	l1f09
Gatling Lance	ガトリングランス	機械長槍	lance	l0094
Gatling Lance+	ガトリングランス改	機械長槍·改	lance	l0095
Sanctioned Gunlance	正式採用機械槍	正式採用機械槍	lance	l013f
Sanctioned Gunlance+	正式採用機械槍改	正式採用機械槍·改	lance	l031e
Improved Machine Lance	改良型機械槍	改良型機械槍	lance	l11d7
Dragon Lance	ドラゴンランス	黑龍長槍	lance	l009a
Black Dragon Spear	黒龍槍	黑龍槍	lance	l00db
Black Ruiner Lance	黒滅龍槍	黑滅龍槍	lance	l0142
Grayburg Javelin	竜騎槍ゲイボルグ	龍騎槍蓋伯格	lance	l00d8
Dragon Rider Spear	龍騎槍ゲイボルガ	龍騎槍蓋伯加	lance	l0140
Dragon Knight Spear	龍王騎槍ゲイボルガ	龍王騎槍蓋伯加	lance	l028f
God Rider Spear	神龍騎槍ゲイボルガ	神龍騎槍蓋伯加	lance	l1110
Thunderspear	雷槍【イカズチ】	雷槍【霆】	lance	l0148
Thunderlance	雷槍【タケミカヅチ】	雷槍【建御雷】	lance	l01bc
Thunder Spear	雷槍【トヨフツ】	雷槍【豐布都】	lance	l1d66
Dragonic Rim	ドラゴニックリム	屠龍長槍	lance	l0150
Eternal Instant	封龍槍【刹那】	封龍槍【剎那】	lance	l01be
"Dragonseal Spear ""Flash"""	封龍槍【閃】	封龍槍【閃】	lance	l031f
Engraved Drgnseal Spear	真封龍槍【刻】	真封龍槍【刻】	lance	l1a01
Native Spear	ネイティブスピア	土著長槍	lance	l00e8
Primal Spear	プライマルスピア	原始長矛	lance	l0248
Great Hunting	グレートハンティング	大狩獵槍	lance	l11db
Vacuum Stick	バキュームスティック	真空吸把	lance	l0249
Hyper Vacuum	ハイパーバキューム	強力真空吸把	lance	l024a
Power Vacuum	パワーバキューム	超強力真空吸把	lance	l13c5
Incessant Raven	ホウテンゲキ【烏】	方天戟【烏】	lance	l0141
Incessant Wolf	ホウテンゲキ【狼】	方天戟【狼】	lance	l01ba
Tigrex Stinger	ティガスティンガー	轟龍之刺	lance	l02d5
Tigrex Direlance	轟槍【独虎】	轟槍【獨虎】	lance	l02d6
Rosen Lanze	ローゼンランツェ	薔薇長槍	lance	l0366
Rosenturmalin	ローゼントゥルム	薔薇高塔	lance	l0367
Rosenbetoren	ローゼンベギールデ	薔薇慾念	lance	l0368
Kaktus Lanze	カクトスランツェ	棘刺長槍	lance	l0422
Kaktus Sturm	カクトストゥルム	棘刺高塔	lance	l0423
Kaktus Verfuhrerin	カクトスベギールデ	棘刺慾念	lance	l04c7
Perle Lanze	ペルレランツェ	珍珠長槍	lance	l1007
Perle Turm	ペルレトゥルム	珍珠高塔	lance	l1008
Perle Begierde	ペルレベギールデ	珍珠慾念	lance	l1009
Bishop Dawn Staff	錫杖槍【日光】	錫杖槍【日光】	lance	l0397
Shining Heaven Staff	錫杖槍【天照】	錫杖槍【天照】	lance	l0398
Diablos Longspear	長槍ディアブロス	長槍角龍	lance	l041d
Diablos Fury Longspear	長激槍ディアブロス	長激槍角龍	lance	l041e
Eternal Spear Diablos	長滅槍ディアブロス	長滅槍角龍	lance	l02e2
Diablos Chaos Longspear	長滅激槍ディアブロス	長滅激槍角龍	lance	l12cf
Vashimu Lance	ヴァシムランス	尾晶蠍長槍	lance	l04a7
Vashimu Spear	ヴァシムスピア	尾晶蠍長矛	lance	l04a8
Vashimu Horn	ヴァシムホーン	尾晶蠍角槍	lance	l04a9
Jebia Lance	ジェビアランス	灰晶蠍長槍	lance	l04d5
Jebia Spear	ジェビアスピア	灰晶蠍長矛	lance	l04d6
Jebia Horn	ジェビアホーン	灰晶蠍角槍	lance	l04d7
Don Spike	ドン・ホーン	吞·角槍	lance	l0f2e
Don Spear	ドン・スピア	吞·長矛	lance	l0f2f
Thunderdance Lance	舞雷槍【小鷺】	舞雷槍【小鷺】	lance	l0fd2
Egret Thunder Lance	舞雷槍【大鷺】	舞雷槍【大鷺】	lance	l0fd3
Dark Thunder Lance	冥雷槍【小鷺】	冥雷槍【小鷺】	lance	l13be
Dark Egret Lance	冥雷槍【大鷺】	冥雷槍【大鷺】	lance	l13bf
Iglacies	イグラーキオーン	冰雪針刺	lance	l10d9
Pearl Glacies	パールカキオーン	冰雪長棍	lance	l10da
Cryoglacies	クリウーフキオーン	冰雪之喙	lance	l10db
Icy Tower	バーシニャキオーン	冰雪之塔	lance	l10dc
Volpe Custode	ボルペクストーデ	冰狐槍	lance	l14d1
Volpe Cavaliere	ボルペカヴァリエーレ	冰狐麟甲槍	lance	l14d2
Volpa Lancia	ボルペランチャ	冰狐眠甲槍	lance	l14d3
Furyhair Lance	怒髪槍	怒髮槍	lance	l1605
Furyhair First Lance	怒髪槍【睦月】	怒髮槍【睦月】	lance	l1606
Furyhair Second Lance	怒髪槍【如月】	怒髮槍【如月】	lance	l1607
Ruko's Agreo	アグレオ＝アーラ	極龍之翼	lance	l1730
Ruko's Revelio	レベリオ＝アーラ	叛逆之翼	lance	l1731
Ruko's Ultio	ウルティオ＝アーラ	究極之翼	lance	l1732
Scarlet Lance	緋骨槍	緋骨槍	lance	l19d0
Blank Scarlet Lance	緋骨槍【道白】	緋骨槍【道白】	lance	l19d1
Moral Scarlet Lance	緋骨槍【道心】	緋骨槍【道心】	lance	l19d2
Evil Scarlet Lance	緋骨槍【悪道】	緋骨槍【惡道】	lance	l19d3
Taikun Lance	多殻槍	多殼槍	lance	l1b35
"Taikun Lance ""Lily"""	多殻槍【鈴蘭】	多殼槍【鈴蘭】	lance	l1b36
"Taikun Lance ""Deutzia"""	多殻槍【空木】	多殼槍【空木】	lance	l1b37
Crystal Spear	晶槍	晶槍	lance	l1d3a
Radiant Crystal Spear	晶槍ランプ	晶槍光芒	lance	l1d3b
Shining Crystal Spear	晶槍ランプスィ	晶槍光輝	lance	l1d3c
Black Belt Lance	クロオビランス	黑帶長槍	lance	l014a
Expert Lance	タツジンランス	達人長槍	lance	l014b
Expert Lance+	タツジンランス改	達人長槍·改	lance	l030f
Kaiden Lance	カイデンランス	出師長槍	lance	l03aa
Rusted Lance	凄くさびた槍	嚴重鏽化的長槍	lance	l0096
Tarnished Lance	さびた槍	鏽化的長槍	lance	l0097
Undertaker	アンドレイヤー	英勇長槍	lance	l0099
Undertaker+	アンドレイヤー改	英勇長槍·改	lance	l0fd7
Steel Ice Spear	鋼氷槍	鋼冰槍	lance	l0144
Steel Ice Spear+	鋼氷槍－改	鋼冰槍·改	lance	l0145
Daora's Fang	テリオス＝ダオラ	完美鋼龍槍	lance	l01b8
Daora's Magnus	マグヌス＝ダオラ	大鋼龍長槍	lance	l04ae
Worn Spear	凄く風化した槍	嚴重風化長槍	lance	l014c
Weathered Spear	風化した槍	風化長槍	lance	l014d
Matenro	マテンロウ	摩天樓	lance	l014f
Matenro+	マテンロウ改	摩天樓·改	lance	l11d9
Teostra's Howl	テオ＝ハウル	焰皇怒吼	lance	l014e
Teostra's Roar	テオ＝ロア	焰皇咆哮	lance	l01bd
Teostra's Corona	テオ＝コロナ	炎王日冕	lance	l03be
Machalite Lance	マカライトランス	燕雀石長槍	lance	l0e83
Machalite Lance+	マカライトランス・改	燕雀石長槍·改	lance	l0e84
Machalite Spear	マカライトスピア	燕雀石長矛	lance	l0e85
Perfect Machalite Spear	燕雀槍マカライト	燕雀之槍	lance	l0e86
Union Lance	ユニオンランス	白鳩石長槍	lance	l0fd8
Union Lance+	ユニオンランス・改	白鳩石長槍·改	lance	l0fd9
Union Spear	ユニオンスピア	白鳩石長矛	lance	l0fda
Fucium Unionspear	白鳩槍ユニオン	白鳩之槍	lance	l0fdb
Union Dovespear+	白鳩硬槍ユニオン	白鳩硬槍	lance	l1a04
Caravan Lance I	キャラバンランスⅠ	商隊長槍Ⅰ	lance	l121b
Caravan Lance II	キャラバンランスⅡ	商隊長槍Ⅱ	lance	l121c
Caravan Lance III	キャラバンランスⅢ	商隊長槍Ⅲ	lance	l121d
Caravan Lance IV	キャラバンランスⅣ	商隊長槍Ⅳ	lance	l121e
Caravan Lance V	キャラバンランスⅤ	商隊長槍Ⅴ	lance	l121f
Caravan Lance VI	キャラバンランスⅥ	商隊長槍Ⅵ	lance	l1220
Caravan Pike	キャラバン豪槍	商隊豪槍	lance	l1c05
Caravan Pike II	キャラバン豪槍Ⅱ	商隊豪槍Ⅱ	lance	l2d91
Caravan Pike III	キャラバン豪槍Ⅲ	商隊豪槍Ⅲ	lance	l2d92
Parone Lance I	パローネランスⅠ		lance	l36ea
Parone Lance II	パローネランスⅡ		lance	l36eb
Parone Lance III	パローネランスⅢ		lance	l36ec
Argen Lance	アルゲンランス	鋼金之槍	lance	l186c
Argen Spear	アルゲンスピア	鋼金長矛	lance	l186d
Zilva Berg	ジルバベルク	銀白山脈	lance	l186e
Zila Insel	ジルバインゼル	銀白沙丘	lance	l186f
Epidosis Lance I	エピドシスランスⅠ	進化長槍Ⅰ	lance	l1e81
Epidosis Lance II	エピドシスランスⅡ	進化長槍Ⅱ	lance	l1e82
Epidosis Lance III	エピドシスランスⅢ	進化長槍Ⅲ	lance	l1e83
Cambrio Lance I	カンビオランスⅠ	幻化長槍Ⅰ	lance	l1e84
Cambrio Lance II	カンビオランスⅡ	幻化長槍Ⅱ	lance	l1e85
Cambrio Lance III	カンビオランスⅢ	幻化長槍Ⅲ	lance	l1e86
Infinity Lance	イニティランス	初始長槍	lance	l2106
Shipler Lance	シプレラランス	元祖長槍	lance	l2146
Berum Lance SPI	ベルムランスSPⅠ	暗幕長槍SPⅠ	lance	l2147
Berum Lance SPIV	ベルムランスSPⅣ	暗幕長槍SPⅣ	lance	l2148
Berum Lance SPVII	ベルムランスSPⅦ	暗幕長槍SPⅦ	lance	l2149
Blue Heart	ブルーハート	水藍之心	lance	l12ca
Blue Assassin	ブルーアサシン	水藍暗殺者	lance	l12cb
Blue Gusto	ブルーガスト	水藍陣風	lance	l12cc
Blue Lightning	ブルーライトニング	水藍閃電	lance	l12cd
Giftwanderer	ギフト＝ヴァンデラー	劇毒·流浪者	lance	l14d6
Giftsucher	ギフト＝ズーハー	劇毒·探求者	lance	l14d7
Giftritter	ギフト＝リッター	劇毒·騎士	lance	l14d8
Giftkayser	ギフト＝カイザー	劇毒·帝王	lance	l14d9
Sea Roar	シオサイ	潮聲	lance	l1601
Whirling Sea	ウズシオ	渦潮	lance	l1602
Spring Tide	オオシオ	大潮	lance	l1603
Great Tidalwave	ダイカイショウ	大海嘯	lance	l1604
Paraspear	パラスピア	鐵鍬之槍	lance	l18a4
Paragoa Spear	パラガオスピア	重鍬之槍	lance	l18a5
Para Abyss	パラアビス	深淵之槍	lance	l18a6
Para Tiefe	パラエミティーフェ	奈落之槍	lance	l18a7
D619・突撃ドドスレイドニル	突撃ドドスレイドニル	突擊巨鑽	lance	l19d6
D719・突撃ドドスボルグ	突撃ドドスボルグ	突擊魔槍	lance	l19d7
D819・突撃ドドスシュツルム	突撃ドドスシュツルム	突擊狂風	lance	l19d8
D919・突撃ドドトライアンフ	突撃ドドトライアンフ	突擊大勝利	lance	l19d9
Diasturm	ディアシュトゥルム	角龍風暴	lance	l18a8
Diangriff	ディアアングリフ	角龍強襲	lance	l18a9
AA18・ディアペルセニル	ディアペルセニル	角龍覺醒	lance	l18aa
AB18・ディアイステラーハ	ディアイステラーハ	角龍庇護所	lance	l18ab
Azure Wing Ciel Lance	蒼翼槍シエルランス	蒼翼空之槍	lance	l1b3a
Azure Wing Ciel Spear	蒼翼槍シエルスピア	蒼翼空之長槍	lance	l1b3b
Azure Wing Ciel Horn	蒼翼槍シエルホーン	蒼翼空之角	lance	l1b3c
Azure Wing Ciel Abyss	蒼翼槍シエルアピス	蒼翼空之淵	lance	l1b3d
"Thunder Spear ""Flash"""	雷鬼槍【閃】	雷鬼槍【閃】	lance	l1d3f
"Thunder Spear ""Roar"""	雷鬼槍【轟】	雷鬼槍【轟】	lance	l1d40
"Thunder Spear ""Rumble"""	雷鬼槍【裂】	雷鬼槍【裂】	lance	l1d41
"Thunder Spear ""Sunder"""	雷鬼槍【壊】	雷鬼槍【壞】	lance	l1d42
Kirin Mirage	幻雷槍【迅雷】	幻雷槍【迅雷】	lance	l0e81
Lightning Mirage	幻雷槍【雷光】	幻雷槍【雷光】	lance	l0e82
Dodon Tower	ドドン・タワー	吞吞·高塔	lance	l0f30
Dodon Mountain	ドドン・マウンテン	吞吞·高山	lance	l0f31
Longtail Thunder Lance	真舞雷槍【尾長鶏】	真舞雷槍【尾長雞】	lance	l0fd4
Zhenniao Lance	真舞雷槍【鴆】	真舞雷槍【鴆】	lance	l0fd5
Dark Longtail Lance	真冥雷槍【尾長鶏】	真冥雷槍【尾長雞】	lance	l13c0
Dark Zhenniao Lance	真冥雷槍【鴆】	真冥雷槍【鴆】	lance	l13c1
"Dora Spear ""Aix"""	真冥雷獄槍【鴛】	真冥雷獄槍【鴛】	lance	l058a
"Dora Spear ""Charadrius"""	真冥雷獄槍【鵆】	真冥雷獄槍【千鳥】	lance	l058b
True Lotus DarkboltLance	真冥雷獄槍【蓮鶴】	真冥雷獄【蓮鶴】	lance	l22d4
FD27・真冥雷獄槍【瑠璃鶲】	真冥雷獄槍【瑠璃鶲】	真冥雷獄槍【琉璃鶲】	lance	l27fd
Lunastra Lovely Spear	炎妃槍【可憐】	炎妃槍【可憐】	lance	l10d7
Lunastra Gorgeous Spear	炎妃槍【華麗】	炎妃槍【華麗】	lance	l10d8
Yama Tsukami Lotus	浮岳槍【蓮】	浮岳槍【蓮】	lance	l11d5
Sukhavati Lotus	浮岳槍【極楽浄土】	浮岳槍【極樂淨土】	lance	l11d6
Nebra Hasta	ネブラハスタ	迷霧長槍	lance	l12c8
Nebra Columna	ネブラコルムナ	迷霧之柱	lance	l12c9
Nebula Tower	ネブラダ・トゥリス	迷霧·高塔	lance	l1600
Nebula Lilith	ネブラダ・ライリス	迷霧·彩虹	lance	l1f1e
Nebula Irana	ネブラダ・イリアナ	迷霧·島嶼	lance	l22d6
Nebula Iris	ネブラダ・イリス	迷霧·虹彩	lance	l2fbe
Daora Lance	鋼龍槍	鋼龍槍	lance	l13c2
Daora's Typhon	ティフォン＝ダオラ	風暴·鋼龍	lance	l13c3
Forte Ululato	フォルテウルラート	強力遠吠	lance	l14d4
Forte Ruggito	フォルテルッジート	強力咆哮	lance	l14d5
Furyhair Fourth Lance	怒髪閃槍【卯月】	怒髮閃槍【卯月】	lance	l1608
Furyhair Fifth Lance	怒髪閃槍【皐月】	怒髮閃槍【皋月】	lance	l1609
Sixth Fury Lance	怒髪獄閃槍【水無月】	怒髮獄閃槍【水無月】	lance	l1e80
Seventh Fury Lance	怒髪獄閃槍【文月】	怒髮獄閃槍【文月】	lance	l1f1f
Eighth Fury Lance	怒髪獄閃槍【葉月】	怒髮獄閃槍【葉月】	lance	l22d7
Ninth Fury Lance	怒髪烈閃槍【長月】	怒髮烈閃槍【長月】	lance	l2803
0E35・怒髪始閃槍【神無月】	怒髪始閃槍【神無月】	怒髪始閃槍【神無月】	lance	l350e
Ater U Ruko	ニゲル・Ｕ・アーラ	暗黑·U·翼	lance	l1733
Ater's Ultio	ニゲル＝ウルティオ	暗黑·究極	lance	l1734
Heaven Scarlet Lance	緋猛槍【天道】	緋猛槍【天道】	lance	l19d4
Immortal Scarlet Lance	緋猛槍【仙道】	緋猛槍【仙道】	lance	l19d5
"Taikun Lance""Chloranths"""	多殻捩槍【一人静】	多殼捩槍【一人靜】	lance	l1b38
"Taikun Lance ""Daphne"""	多殻捩槍【沈丁花】	多殼捩槍【沈丁花】	lance	l1b39
Phoenix Lance	閃晶槍フォス	閃晶槍前峰	lance	l1d3d
3E1D・閃晶槍イリヤフォス	閃晶槍イリヤフォス	閃晶槍衝鋒	lance	l1d3e
Flashspear Flechas Sol	烈閃槍イリヤフィース	閃晶槍衝刺	lance	l0591
Dagger Spear	弩岩槍【突】	弩岩槍【突】	lance	l1e7b
"Dagger Spear ""Slash"""	弩岩槍【正突】	弩岩槍【正突】	lance	l1e7c
7D1E・弩岩獄槍【兎突】	弩岩獄槍【兎突】	弩岩獄槍【兔突】	lance	l1e7d
Cloudburst Odi Lance	弩岩獄槍【闇雲突】	弩岩獄槍【闇雲突】	lance	l1e7e
D522・弩岩獄槍【滅多突】	弩岩獄槍【滅多突】	弩岩獄槍【滅多突】	lance	l22d5
BF2F・弩岩烈槍【地獄突】	弩岩烈槍【地獄突】	弩岩烈槍【地獄突】	lance	l2fbf
0F35・弩岩始槍【煉獄突】	弩岩始槍【煉獄突】	弩岩始槍【煉獄突】	lance	l350f
Goru Arguro Verassi	ゴラアルゴヴェラッシ	雷龍真實之槍	lance	l1f68
Goru Arugo Anvil	ゴラアルゴアンヴィル	雷龍鐵砧之槍	lance	l1f69
Goru Arugo Reville	ゴラアルゴレヴィルオ	雷龍捍衛之槍	lance	l22d8
Goru Arugo Dart	ゴラアルゴヴィダート	雷龍血耀之槍	lance	l2d36
Som Arguro Verassi	ソムアルゴヴェラッシ	冰龍真實之槍	lance	l1f6a
Som Arugo Anvil	ソムアルゴアンヴィル	冰龍鐵砧之槍	lance	l1f6b
Som Arugo Reville	ソムアルゴレヴィルオ	冰龍捍衛之槍	lance	l22d9
Somu Arugo Dart	ソムアルゴヴィダート	冰龍和諧之槍	lance	l2d37
Tita Defendi	ティタ・デフェンディ	狠鬥·保衛	lance	l22d0
Tita Prote	ティタ・プロテ	狠鬥·奇想	lance	l22d1
Tita Palehiello	ティタ・パレヒエッロ	狠鬥·直擊	lance	l22d2
Tita L. Arca	ティタ・Ｌ・アルカ	狠鬥·L·雙牙	lance	l22d3
Baru Bloodhate	バル・ランキュヌ	噬血·仇怨	lance	l25ff
Baru Bloodbarrier	バル・ランドルマ	噬血·結界	lance	l2603
Baru Bloodremorse	バル・リグレト	噬血·悔恨	lance	l2607
Baru Bloodpromise	バル・ラスカーヤ	噬血·無極	lance	l260b
Baru Bloodbath	バル・バート	噬血煉獄	lance	l27f9
Baru Bloodfear	バル・フェアラート	バル·フェアラート	lance	l3298
Zeru Drill [Light]	輝界白竜槍【光突】	輝界白龍槍【光突】	lance	l25d9
Zeru Drill [Gleam]	輝界白竜槍【輝突】	輝界白龍槍【輝突】	lance	l25e1
Zeru Drill [Dazzle]	輝界白竜槍【眩突】	輝界白龍槍【眩突】	lance	l25e9
Zeru Drill [Shine]	輝界白竜槍【耀突】	輝界白龍槍【耀突】	lance	l25f1
"White World Pike ""Crash"""	輝界白竜槍【煌突】	輝界白龍槍【煌突】	lance	l25f9
E327・コーレエクサ	コーレエクサ	玄影繁星長槍	lance	l27e3
Koregisu	コーレエギス	玄影援助長槍	lance	l27e4
Koremitto	コーレエミット	玄影放射長槍	lance	l27e5
Korenein	コーレエネイン	玄影守護長槍	lance	l27e6
Korerudonia	コーレエルドニア	玄影遠古長槍	lance	l27e7
Korezaramu	コーレエザラム		lance	l381d
Fuoru Greif	フロルグリフ	花漾·鉤爪	lance	l2d02
Furoru Epidos	フロルエポドス	花漾·進擊	lance	l2d03
Furoru Carda	フロルカルダ	花漾·豆蔻	lance	l2d04
Furoru Laurel	フロルロリエ	花漾·月桂	lance	l2d05
Furoru Aranus	フロルアルヌス	花漾·赤楊	lance	l2d06
Furoru Zweto	フロルツヴェート	花漾ツヴェート	lance	l3510
Dio Duro	ディルアドゥーロ	剛硬鎧槍	lance	l2d2b
Dio Cylt	ディルアシルト	雷轟鎧槍	lance	l2d2c
Dio Defense	ディルアデファンス	利牙鎧槍	lance	l2d2d
Dio Adifeza	ディルアディフェーザ	防禦鎧槍	lance	l2d2e
2F2D・ディルアレグナブル	ディルアレグナブル	青脈鎧槍	lance	l2d2f
"Hellfire Lance ""Pierce"""	炎角槍【刺座】	炎角槍【刺座】	lance	l321c
"Hellfire Lance ""Dolphin"""	炎角槍【金鯱】	炎角槍【金虎】	lance	l321d
"Hellfire Lance ""Phoenix"""	炎角槍【鸞鳳】	炎角槍【鸞鳳】	lance	l321e
"Hellfire Lance ""Cactus"""	炎角槍【仙人掌】	炎角槍【仙人掌】	lance	l321f
F039・炎角始槍【真覇王樹】	炎角始槍【真覇王樹】		lance	l39f0
Cloudy Silver Lance	司銀槍【鳥雲】	司銀槍【鳥雲】	lance	l327b
Cumulus Silver Lance	司銀獄槍【玄雲】	司銀獄槍【玄雲】	lance	l327c
Daybreak Silver Lance	司銀獄槍【暁雲】	司銀獄槍【暁雲】	lance	l327d
Cirrus Silver Lance	司銀獄槍【芳雲】	司銀獄槍【芳雲】	lance	l327e
Stratus Silver Lance	司銀烈槍【陣雲】	司銀烈槍【陣雲】	lance	l327f
Blessed Silver Lance	司銀始槍【福如雲】	司銀始槍【福如雲】	lance	l3280
"Fury Lance ""Zeal"""	怒貌槍【熱意】	怒貌槍【熱意】	lance	l33e9
"Fury Lance ""Passion"""	怒貌獄槍【熱血】	怒貌獄槍【熱血】	lance	l33ea
"Fury Lance ""Earnest"""	怒貌獄槍【熱誠】	怒貌獄槍【熱誠】	lance	l33eb
"Fury Lance ""Enthusiasm"""	怒貌獄槍【熱気】	怒貌獄槍【熱気】	lance	l33ec
"Fury Lance ""Eager"""	怒貌烈槍【熱心】	怒貌烈槍【熱心】	lance	l33ed
"Fury Lance ""Ardent"""	怒貌始槍【熱烈】	怒貌始槍【熱烈】	lance	l33ee
5F35・ブリエ・カーム	ブリエ・カーム		lance	l355f
Fall Lance	秋想之槍	秋想之槍	lance	l19ec
Colored Fall Lance	秋想之槍【染指】	秋想之槍【染指】	lance	l19ed
Maple Fall Lance	秋想之槍【爪紅】	秋想之槍【爪紅】	lance	l19ee
Balsam Fall Lance	秋想之槍【鳳仙花】	秋想之槍【鳳仙花】	lance	l19ef
Rain Season Lance	夏雨之槍	夏雨之槍	lance	l19e8
Plicatum Rain S. Lance	夏雨之槍【手毬】	夏雨之槍【手毬】	lance	l19e9
Lantana Rain S. Lance	夏雨之槍【七変化】	夏雨之槍【七變化】	lance	l19ea
Hydrangea Rain S. Lance	夏雨之槍【八仙華】	夏雨之槍【八仙華】	lance	l19eb
Waterlily Rain S. Lance	夏雨之槍【未草】	夏雨之槍【未草】	lance	l2ffb
Nipalensis Rain S. Lance	夏雨之槍【姫綿萓】	夏雨之槍【姬眠萱】	lance	l2ffc
Digitalis Rain S. Lance	夏雨之槍【立金花】	夏雨之槍【立金花】	lance	l2ffd
Caldo Lance	カルドランス	地獄之槍	lance	l161a
Caldo Spear	カルドスピア	地獄長矛	lance	l161b
Caldo Hasta	カルドハスタ	地獄尖槍	lance	l161c
Rotberg	ロートベルク	紅色山脈	lance	l161d
Rotinsel	ロートインゼル	紅色沙丘	lance	l161e
Rotes Genie	ロートゲニー	紅色天才	lance	l2d86
Partner Lance	パルトナランス	戰友之槍	lance	l2d87
Partner Spear	パルトナスピア	戰友長矛	lance	l2d88
Cardo Capile	カルドカピール	地獄祭儀之槍	lance	l19f8
Cardo Capiso	カルドカピサ	地獄祭儀長槍	lance	l19f9
Roter Boden	ロートボーデン	紅色大地	lance	l19fa
Roter Nagel	ロートスナーゲル	紅色尖爪	lance	l19fb
Erdmetall	エリュトメタリエ	晶紅領域	lance	l1e88
891E・エリュトメテリノ	エリュトメテリノ	晶紅重戰斧	lance	l1e89
8A1E・ロートヴェステ	ロートヴェステ	紅色戰斧	lance	l1e8a
8B1E・ロートタール	ロートタール	紅色大戰斧	lance	l1e8b
Noble Lance	ノーブルランケ	崇高蔓藤	lance	l20d1
Noble Spear	ノーブルシュペア	崇高尖叉	lance	l20d2
Noble Kris	ノーブルクリス	崇高神聖長槍	lance	l20d3
Arthulympia	アスールリンピオ	湛藍正義	lance	l20d4
Blazing Peak Lance	焔嶽龍ノ槍		lance	l3c55
Squire Lance	エクエスランス	騎士之槍	lance	l10e3
Squire Spear	エクエススピア	騎士長矛	lance	l10e4
Squire Hasta	エクエスハスタ	騎士尖槍	lance	l10e5
Weissberg	ヴァイスベルク	白色山脈	lance	l10e6
Weisse Insel	ヴァイスインゼル	白色沙丘	lance	l19ff
Sarissa	サリッサ	方陣長矛	lance	l0527
Spira Sarissa	スピラサリッサ	螺旋方陣長矛	lance	l0528
Erythron	エリュトロン	赤紅斬矛	lance	l0529
Cruce Phalanx	クルッセファランクス	方陣赤紅斬矛	lance	l052a
Krungs Sarissa	サリッサクルンクス	朱紅方陣長矛	lance	l1822
Elute Sarissa	サリッサエリュート	深紅方陣長矛	lance	l1d61
Strega Lance	ストレガランス	魔女之槍	lance	l10e7
Strega Spear	ストレガスピア	魔女長矛	lance	l10e8
Strega Hasta	ストレガハスタ	魔女尖槍	lance	l10e9
Schwarzberg	シュヴァルツベルク	黑色山脈	lance	l10ea
Schwarze Insel	シュヴァルツインゼル	黑色沙丘	lance	l1a00
Schwarz Genie	シュヴァルツゲニー	暗黑天才	lance	l1e87
Pucci Lala Lance I	プッチババランスⅠ	小小桃毛槍Ⅰ	lance	l0df9
Pucci Lala Lance II	プッチババランスⅡ	小小桃毛槍Ⅱ	lance	l0dfa
Pucci Lala Lance III	プッチババランスⅢ	小小桃毛槍Ⅲ	lance	l0dfb
Pucci Lala Lance IV	プッチババランスⅣ	小小桃毛槍Ⅳ	lance	l0dfc
Peachy Lala Lance V	プッチババランスⅤ	小小桃毛槍Ⅴ	lance	l1a07
Mourning Wolf Spear	黒狼槍【忌】	黑狼槍【忌】	lance	l04aa
Wicked Wolf Spear	黒狼槍【凶】	黑狼槍【兇】	lance	l04ab
Evil Wolf Spear	黒狼槍【邪】	黑狼槍【邪】	lance	l04ac
Lunatic Wolf Spear	黒狼槍【狂】	黑狼槍【狂】	lance	l04ad
Black Wolf Dread Spear	黒狼槍【恐】	黑狼槍【恐】	lance	l1823
Black Wolf Fear Spear	黒狼槍【畏】	黑狼槍【畏】	lance	l1d62
Escapule	エクエスカピール	騎士祭儀之槍	lance	l1735
Escapisa	エクエスカピサ	騎士祭儀長槍	lance	l1736
Escapyos	エクエスカピヨス	騎士祭儀長矛	lance	l1737
Weiss Bowden	ヴァイスボーデン	白色大地	lance	l1738
Weisser Nagel	ヴァイスナーゲル	白色利爪	lance	l1a05
Strega Capeel	ストレガカピール	魔女祭儀之槍	lance	l1739
Strega Capisa	ストレガカピサ	魔女祭儀長槍	lance	l173a
Strega Capyos	ストレガカピヨス	魔女祭儀長矛	lance	l173b
Schwarzboden	シュヴァルツボーデン	黑色大地	lance	l173c
Schwarzer Nagel	シュヴァルツナーゲル	黑色利爪	lance	l1a06
Schwarz Ideal	シュヴァルツイデアル	黑色主義者	lance	l1c04
Valier Mettalier	ヴァリエメタリエ	耀陽戰斧	lance	l1b3e
Valier Meterino	ヴァリエメテリノ	耀陽大戰斧	lance	l1b3f
Weisse Weste	ヴァイスヴェステ	白色戰斧	lance	l1b40
Weisses Tal	ヴァイスタール	白色大戰斧	lance	l1b41
Sol El Mettalier	ソルエルメタリエ	薄暮領域	lance	l1b42
Sol El Meterino	ソルエルメテリノ	薄暮重戰斧	lance	l1b43
Schwarze Weste	シュヴァルツヴェステ	黑色戰斧	lance	l1b44
Schwarz Tal	シュヴァルツタール	黑色大戰斧	lance	l1b45
Aurora Lance	オーロワランス	金黃之槍	lance	l1d4f
Aurora Spear	オーロワスピア	金黃長矛	lance	l1d50
Gold Berg	ゴルトベルク	黃金山脈	lance	l1d51
Gold Insel	ゴルトインゼル	黃金沙丘	lance	l1d52
Gold Genie	ゴルトゲニー	黃金天才	lance	l1d53
Gold Engel	ゴルトナーゲル	黃金利爪	lance	l3124
Gold Ideal	ゴルトイデアル	黃金主義者	lance	l3125
5A32・ルストナーゲル	ルストナーゲル	愉悅利爪	lance	l325a
5B32・ルストイデアル	ルストイデアル	愉悅主義者	lance	l325b
1B37・ヘクサーメタリエ	ヘクサーメタリエ		lance	l371b
1C37・ヘクサーメテリノ	ヘクサーメテリノ		lance	l371c
1D37・グリューンヴェステ	グリューンヴェステ		lance	l371d
1E37・グリューンタール	グリューンタール		lance	l371e
E838・ルレードスウミン	ルレードスウミン		lance	l38e8
E938・ルレードゲミン	ルレードゲミン		lance	l38e9
EA38・シャロンションリ	シャロンションリ		lance	l38ea
EB38・シャロンゴンジ	シャロンゴンジ		lance	l38eb
Vola Lanze	ヴォーランツェ		lance	l3c25
Vola Lanze+	ヴォーランツェ・改		lance	l3c26
True Vola Lanze	ヴォーランツェ・真		lance	l3c27
Alvora Lanze	アルヴォーランツェ		lance	l3c28
Azura Lanze	アズラクトゥポ		lance	l3d62
Azura Lanze+	ルラキトゥポ		lance	l3d63
True Azura Lanze	ガルボイトゥポ		lance	l3d64
Azure Lanze	ニリィトゥポ		lance	l3d65
Rubehalbard	ルベルハルバ		lance	l3e63
Rubehalbard+	ルベルハルバ・改		lance	l3e64
True Ruberhalbard	ルベルハルバ・真		lance	l3e65
Terra Ruberhalbard	テラルベルハルバ		lance	l3e66
Ravina Lanze	ラヴィナランツェ		lance	l3f27
Ravina Lanze+	ラヴィナランツェ・改		lance	l3f28
True Ravina Lanze	ラヴィナランツェ・真		lance	l3f29
Final Ravina Lanze	ラヴィーナランツェ		lance	l3f2a
Dua Spies	デュアシュピース		lance	l414b
Dua Spies+	デュアシュピース・改		lance	l414c
True Dua Spies	デュアシュピース・真		lance	l414d
Esdua Spies	エスデュアシュピース		lance	l414e
Chroma Lanze	クロマランツェ		lance	l4308
Chroma Lanze+	クロマランツェ・改		lance	l4309
True Chroma Lanze	クロマランツェ・真		lance	l430a
Final Chroma Lanze	クローマランツェ		lance	l430b
Poet Lanze	ポエトランツェ		lance	l439f
Poet Lanze+	ポエトランツェ・改		lance	l43a0
True Poet Lanze	ポエトランツェ・真		lance	l43a1
Poetry Lanze	ポエトリランツェ		lance	l43a2
E419・陽春之槍	陽春之槍	陽春之槍	lance	l19e4
E519・陽春之槍【忍冬】	陽春之槍【忍冬】	陽春之槍【忍冬】	lance	l19e5
E619・陽春之槍【金銀華】	陽春之槍【金銀華】	陽春之槍【金銀華】	lance	l19e6
E719・陽春之槍【鶯神楽】	陽春之槍【鶯神楽】	陽春之槍【鶯神樂】	lance	l19e7
631D・陽春之槍【春竜胆】	陽春之槍【春竜胆】	陽春之槍【春龍膽】	lance	l1d63
Igni Spirale	イグニスピラル	爆炎螺旋	lance	l12d0
Igni Spirale+	イグニスピラル改	爆炎螺旋改	lance	l12d1
Flamme Spirale	フラムスピラル	烈焰螺旋	lance	l12d2
Flamme Bite	フランヴィーテ	烈焰生命	lance	l12d3
Nosteferatu	ナールフォラーズ	業火之鋼	lance	l1825
EA1D・ナールイウサール	ナールイウサール	業火龍捲	lance	l1dea
Hard Winter Lance	厳冬之槍	嚴冬之槍	lance	l19f0
Mondo Winter Lance	厳冬之槍【蛇髯】	嚴冬之槍【蛇髯】	lance	l19f1
Coleus Winter Lance	厳冬之槍【龍髯】	嚴冬之槍【龍髯】	lance	l19f2
Hibiscus Winter Lance	厳冬之槍【龍之珠】	嚴冬之槍【龍之珠】	lance	l19f3
Merry Lance	メリクリート	歡樂槍	lance	l0e00
Merrier Lance	メリグリード	歡樂長槍	lance	l0e01
Merry Christmas	メリー・クリスマ	聖誕槍	lance	l0e02
Merrier Christmas	メリー・グリスマ	聖誕長槍	lance	l0e03
Merry Special	メリー・スペシャル	特製聖誕長槍	lance	l19fe
Merry Gloria	メリー・グロリア	喜悅·榮耀	lance	l25c4
Merry Great	メリー・グレート	喜悅·美好	lance	l25c3
Pawpad Lance	肉球ランス	肉球長槍	lance	l13c6
Pawpad Lance Two?	肉球ランス【に？】	肉球長槍【二？】	lance	l13c7
Pawpad Lance Three?	肉球ランス【さん？】	肉球長槍【三？】	lance	l13c8
Pawpad Lance Four?	肉球ランス【よん？】	肉球長槍【四？】	lance	l13c9
"Pawpad Lance ""Go?"""	肉球ランス【ご？】	肉球長槍【五？】	lance	l1824
"Pawpad Lance ""6?"""	肉球ランス【ろく？】	肉球長槍【六？】	lance	l1e8c
Shakalaka Lance	チャチャブーランス	奇面族長槍	lance	l14da
Shaka Lance	チャチャブランス	奇面族槍	lance	l14db
Shakalance	チャチャランス	奇面槍	lance	l14dc
Shalance	チャランス	奇長槍	lance	l14dd
Chance	チャンス	奇機槍	lance	l19fd
Sha	チス	奇槍	lance	l25c6
Shace	チャス	奇奇槍	lance	l25c5
Memory Heart	メモリーハート	回憶之心	lance	l1612
Twin Heart	ツインハート	相連之心	lance	l1613
Florence Heart	フローレンスハート	花卉之心	lance	l1614
Innocent Heart	イノセントハート	純淨之心	lance	l1615
White Heart	ホワイトハート	白淨之心	lance	l1b46
Strong Heart	ストロングハート	堅強之心	lance	l25c8
Happiness Heart	ハピネスハート		lance	l3c34
Pure Heart	ピュアハート	純潔之心	lance	l25c7
Jebia Reply	かいしょうかっちん	灰晶蠍喀答	lance	l1616
Jebia Clicking	かいしょうちょっきん	灰晶蠍喀嚓	lance	l1617
Jebia Plunge	かいしょうずぶりん	灰晶蠍噗沙	lance	l1618
Jebia Soul	かいしょうだましい	灰晶蠍之魂	lance	l1619
Kaisho-Sama	かいしょうさま	灰晶蠍先生	lance	l19fc
Kaisho-Chan	かいしょうちゃん	→かいしょうちゃん	lance	l1e8d
SteelMachine Lance	鋼鉄製機械重槍	鋼鐵製機械重槍	lance	l1816
SteelMachine Lance Break	鋼鉄製機械重槍改	鋼鐵製機械重槍·改	lance	l1817
Special Machine Lance	特別製機械重槍	特別製機械重槍	lance	l1818
Mirage Bunker	ミラージュバンカー	蜃氣樓擊破者	lance	l1819
Phantom End	ファントムエンド	幽影終結者	lance	l1b47
CB22・ウィルスターク	ウィルスターク	純正神旨之槍	lance	l22cb
Yoshiharu Spear	芳春之槍	芳春之槍	lance	l19e0
E119・芳春之槍【桂華】	芳春之槍【桂華】	芳春之槍【桂華】	lance	l19e1
E219・芳春之槍【銀桂】	芳春之槍【銀桂】	芳春之槍【銀桂】	lance	l19e2
E319・芳春之槍【金木犀】	芳春之槍【金木犀】	芳春之槍【金木犀】	lance	l19e3
Autumn Lance	秋麗之槍	秋麗之槍	lance	l19f4
Lavender Autumn Lance	秋麗之槍【小紫】	秋麗之槍【小紫】	lance	l19f5
Buddleja Autumn Lance	秋麗之槍【実紫】	秋麗之槍【實紫】	lance	l19f6
Riberry Autumn Lance	秋麗之槍【白式部】	秋麗之槍【白式部】	lance	l19f7
Kushala's Lethal	クシャ＝レタール	鋼龍之槍	lance	l1d4a
Kushala's Greed	クシャナ＝メアン	鋼龍元始槍	lance	l1d4b
Kushala's Metoc	クシャラ＝メトク	鋼龍花槍	lance	l1d4c
Kushala's Stove	クシャレタ＝コンル	鋼龍冰山之槍	lance	l1d4d
Kushala's Term	クシャイペ＝ターム	鋼龍尖塔之槍	lance	l1d4e
Moon View	観月ノ飾	觀月之飾	lance	l22c5
Moon Festival	観月ノ祭	觀月之祭	lance	l22c6
Moon Wait	観月ノ待宵	觀月之待宵	lance	l22c7
"Moonlit Eve ""Elegant"""	観月夜【雅】	觀月夜【雅】	lance	l22c8
"Moonlit View ""Fragrance"""	観月見【澹】	觀月見【澹】	lance	l2fe8
"Moonlit Eve ""Hazy"""	観月夜【朧】	觀月夜【朧】	lance	l22c9
Tempest Sword	吹流乃矛	吹流乃矛	lance	l2cc6
"Tempest Sword ""Beauty"""	吹流乃矛【風流】	吹流乃矛【風流】	lance	l2cc7
"Tempest Sword ""StarSky"""	吹流乃矛【星空】	吹流乃矛【星空】	lance	l2cc8
"Tempest Sword ""StarWind"""	吹流乃矛【星風】	吹流乃矛【星風】	lance	l2cc9
"Tempest Sword ""MilkyWay"""	吹流乃矛【天の川】	吹流乃矛【天之川】	lance	l2cca
242E・黒鉄製機械重槍	黒鉄製機械重槍	黑鐵製機械重槍	lance	l2e24
252E・黒鉄製機械重槍改	黒鉄製機械重槍改	黑鐵製機械重槍改	lance	l2e25
262E・ディアンアルバ	ディアンアルバ	冥鐵重槍	lance	l2e26
272E・ディアンロンヒ	ディアンロンヒ	冥鐵穿刺者	lance	l2e27
Sakura Season	桜日和	櫻日和	lance	l313e
"Sakura Season ""In 3"""	桜日和【三分咲き】	櫻日和【三分綻放】	lance	l313f
"Sakura Season ""In 5"""	桜日和【五分咲き】	櫻日和【五分綻放】	lance	l3140
"Sakura Season ""In 8"""	桜日和【八分咲き】	櫻日和【八分綻放】	lance	l3141
"Sakura Season ""Blooming"""	桜日和【満開】	櫻日和【盛開】	lance	l3142
"Sakura Season ""Blossom"""	桜日和【桜咲】		lance	l3d6a
"Key to Secrets ""East"""	秘伝開門の鍵【東門】	秘伝開門の鍵【東門】	lance	l30d9
Sweets Flame	スイーツフレイム		lance	l3707
Sweets Flame+	スイーツフレイム改		lance	l3708
Sweets Blaze	スイーツブレイズ		lance	l3709
Sweets Blaze+	スイーツブレイズ改		lance	l370a
Sweets Inferno	スイーツインフェルノ		lance	l370b
D438・華火槍	華火槍		lance	l38d4
D538・華火槍【寸玉】	華火槍【寸玉】		lance	l38d5
D638・華火槍【尺玉】	華火槍【尺玉】		lance	l38d6
1D39・ハートロングホーンI	ハートロングホーンⅠ		lance	l391d
1E39・ハートロングホーンII	ハートロングホーンⅡ		lance	l391e
1F39・ハートロングホーンIII	ハートロングホーンⅢ		lance	l391f
Ilulusion Spear	幻想ヲ破リシ槍		lance	l3a95
Flaming Fuel Lance	炎々ト燃エ盛ル槍		lance	l3d3b
Ex Magnetic Field Lance	磁界ヲ滅ボス槍		lance	l3e22
"Resolute Lance ""New"""	決意の槍【新】		lance	l4031
"Resolute Lance ""Lunge"""	決意の槍【進】		lance	l4032
"Resolute Lance ""Faith"""	決意の槍【信】		lance	l4033
"Resolute Lance ""Heart"""	決意の槍【心】		lance	l4034
"Resolute Lance ""Truth"""	決意の槍【真】		lance	l4035
"Resolute Lance ""Divine"""	決意の槍【神】		lance	l4036
Dressed Mochi	モッチー・クエルクス		lance	l4043
Dressed Mochi Stack	モルズ・クエルクス		lance	l4044
Dressed Mochi Skewer	モルガン・クエルクス		lance	l4045
Dressed Mochi Mountain	モンドレ・クエルクス		lance	l4046
Dressed Giant Mochi	モズドルムクエルクス		lance	l4047
Dressed Enourmous Mochi	モルデカイクエルクス		lance	l4048
Varusa Soul I	ヴァルサソウルⅠ		lance	l4327
Varusa Soul II	ヴァルサソウルⅡ		lance	l4328
Varusa Soul III	ヴァルサソウルⅢ		lance	l4329
Varusa Soul IV	ヴァルサソウルⅣ		lance	l432a
Varusa Soul V	ヴァルサソウルⅤ		lance	l432b
Sakura Lance I	咲キ乱レシ花槍Ⅰ		lance	l4493
Sakura Lance II	咲キ乱レシ花槍Ⅱ		lance	l4494
Sakura Lance III	咲キ乱レシ花槍Ⅲ		lance	l4495
Sakura Lance IV	咲キ乱レシ花槍Ⅳ		lance	l4496
Sakura Lance V	咲キ乱レシ花槍Ⅴ		lance	l4497
"Croix Ciel ""Un"""	シエルクロワ・アン		lance	l2f74
"Croix Ciel ""Deux"""	シエルクロワ・ドゥ		lance	l2f75
"Croix Ciel ""Trois"""	シエルクロワ・ロワ		lance	l2f76
"Croix Ciel ""Quatre"""	シエルクロワ・カト		lance	l2f77
"Croix Ciel ""Cinq"""	シエルクロワ・サン		lance	l2f78
"Port Lance I ""Yellow"""	ポルトランスⅠ【黄】		lance	l20ed
"Port Lance II ""Yellow"""	ポルトランスⅡ【黄】		lance	l20ee
"Port Lance III ""Yellow"""	ポルトランスⅢ【黄】		lance	l20ef
Prozopikos	プロソピコス		lance	l20f0
F038・ランツェブルノI	ランツェブルノⅠ		lance	l38f0
F138・ランツェブルノII	ランツェブルノⅡ		lance	l38f1
F238・ランツェブルノIII	ランツェブルノⅢ		lance	l38f2
F338・ランツェブルノIV	ランツェブルノⅣ		lance	l38f3
F438・ランツェブルノートス	ランツェブルノートス		lance	l38f4
1839・ランツェアスルI	ランツェアスルⅠ		lance	l3918
1939・ランツェアスルII	ランツェアスルⅡ		lance	l3919
1A39・ランツェアスルIII	ランツェアスルⅢ		lance	l391a
1B39・ランツェアスルIV	ランツェアスルⅣ		lance	l391b
1C39・ランツェアスルートス	ランツェアスルートス		lance	l391c
4D39・ランツェアスルール	ランツェアスルール		lance	l394d
Victus	ヴィクタランス	勝利長槍	lance	l173d
Victus Transformer	ヴィクタライトランス	勝利輕長槍	lance	l173e
Victus Heavylance	ヴィクタヘビィランス	勝利重長槍	lance	l173f
Lord Of Knights	ロードオブナイツ	黑夜之道	lance	l1740
Steel Sepia I	スティールセーピアⅠ	鋼鐵之槍Ⅰ	lance	l052c
Steel Sepia II	スティールセーピアⅡ	鋼鐵之槍Ⅱ	lance	l052d
Steel Sepia III	スティールセーピアⅢ	鋼鐵之槍Ⅲ	lance	l052e
Steel Sepia IV	スティールセーピアⅣ	鋼鐵之槍Ⅳ	lance	l052f
Steel Sepia V	スティールセーピアⅤ	鋼鐵之槍Ⅴ	lance	l10f3
Sapphir Sepia I	サフィールセーピアⅠ	蒼玉長槍Ⅰ	lance	l0fe0
Sapphir Sepia II	サフィールセーピアⅡ	蒼玉長槍Ⅱ	lance	l0fe1
Sapphir Sepia III	サフィールセーピアⅢ	蒼玉長槍Ⅲ	lance	l0fe2
Sapphir Sepia IV	サフィールセーピアⅣ	蒼玉長槍Ⅳ	lance	l0fe3
Rubino Sepia I	ルビーノセーピアⅠ	紅石長槍Ⅰ	lance	l11e1
Rubino Sepia II	ルビーノセーピアⅡ	紅石長槍Ⅱ	lance	l11e2
Rubino Sepia III	ルビーノセーピアⅢ	紅石長槍Ⅲ	lance	l11e3
Rubino Sepia IV	ルビーノセーピアⅣ	紅石長槍Ⅳ	lance	l11e4
Rubino Sepia V	ルビーノセーピアⅤ	紅石長槍Ⅴ	lance	l11e5
Rubino Sepia VI	ルビーノセーピアⅥ		lance	l3940
Rubino Sepia VII	ルビーノセーピアⅦ		lance	l3941
ルビーノセーピアVIII	ルビーノセーピアⅧ		lance	l3942
Blue Porta Lance I	ポルタランスⅠ【蒼】	波爾多長槍Ⅰ【藍】	lance	l13ca
Blue Porta Lance II	ポルタランスⅡ【蒼】	波爾多長槍Ⅱ【藍】	lance	l13cb
Blue Porta Lance III	ポルタランスⅢ【蒼】	波爾多長槍Ⅲ【藍】	lance	l13cc
Tenelle Hasta	テネルハスタ	纖細長槍	lance	l13cd
Zidoria Sepia I	シトリアセーピアⅠ	黃寶長槍Ⅰ	lance	l14e2
Zidoria Sepia II	シトリアセーピアⅡ	黃寶長槍Ⅱ	lance	l14e3
Zidoria Sepia III	シトリアセーピアⅢ	黃寶長槍Ⅲ	lance	l14e4
Zidoria Sepia IV	シトリアセーピアⅣ	黃寶長槍Ⅳ	lance	l14e5
Zidoria Sepia V	シトリアセーピアⅤ	黃寶長槍Ⅴ	lance	l14e6
Amethyst Sepia I	アメシスセーピアⅠ	紫晶長槍Ⅰ	lance	l181d
Amethyst Sepia II	アメシスセーピアⅡ	紫晶長槍Ⅱ	lance	l181e
Amethyst Sepia III	アメシスセーピアⅢ	紫晶長槍Ⅲ	lance	l181f
Amethyst Sepia IV	アメシスセーピアⅣ	紫晶長槍Ⅳ	lance	l1820
Amethyst Sepia V	アメシスセーピアⅤ	紫晶長槍Ⅴ	lance	l1821
9A1E・ノルト・アプルーバI	ノルト・アプルーバⅠ	北國決策者Ⅰ	lance	l1e9a
9B1E・ノルト・アプルーバII	ノルト・アプルーバⅡ	北國決策者Ⅱ	lance	l1e9b
9C1E・ノルト・アプルーバIII	ノルト・アプルーバⅢ	北國決策者Ⅲ	lance	l1e9c
9D1E・レゾリュアプルーバー	レゾリュアプルーバー	終極決策者	lance	l1e9d
"Croix Vert ""Un"""	ヴェールクロワ・アン	綠色十字·１	lance	l2f65
"Croix Vert ""Deux"""	ヴェールクロワ・ドゥ	綠色十字·２	lance	l2f66
"Croix Vert ""Trois"""	ヴェールクロワ・ロワ	綠色十字·３	lance	l2f67
"Croix Vert ""Quatre"""	ヴェールクロワ・カト	綠色十字·４	lance	l2f68
"Croix Vert ""Cinq"""	ヴェールクロワ・サン	綠色十字·５	lance	l2f69
0E39・ランツェロロソI	ランツェロロソⅠ		lance	l390e
0F39・ランツェロロソII	ランツェロロソⅡ		lance	l390f
1039・ランツェロロソIII	ランツェロロソⅢ		lance	l3910
1139・ランツェロロソIV	ランツェロロソⅣ		lance	l3911
4B39・ランツェロロソトトス	ランツェロロソトトス		lance	l394b
Spinelion Lance I	スピネリオンランスⅠ	銀藤長槍Ⅰ	lance	l0e8b
Spinelion Lance II	スピネリオンランスⅡ	銀藤長槍Ⅱ	lance	l0e8c
Spinelion Lance III	スピネリオンランスⅢ	銀藤長槍Ⅲ	lance	l0e8d
Fleur Croix	クルクス・クロワ	交疊十字長槍	lance	l0e8e
Aura Croix	クルクス・オウラ	核心靈長槍	lance	l28a5
Spiniclowald	スピニクロワルト	細緻晶瑩長槍	lance	l28a6
Spiniculagra	スピニクルアガラー	細緻輝光長槍	lance	l28a7
Cidolite Trance I	シドライトランスⅠ	殞鐵長槍Ⅰ	lance	l0fe4
Cidolite Trance II	シドライトランスⅡ	殞鐵長槍Ⅱ	lance	l0fe5
Cidolite Trance III	シドライトランスⅢ	殞鐵長槍Ⅲ	lance	l0fe6
Hawk Eye	ホーク・アイ	鷹眼	lance	l0fe7
Hawk Wake	ホーク・ウェイク	覺醒飛鷹	lance	l28b7
Faloculus	ファルオクルス	墮落之目	lance	l28b8
Aguilacolus	アギラオクルス	鷹之目	lance	l28b9
Sonata I	ソナタⅠ	奏鳴曲Ⅰ	lance	l11dd
Sonata II	ソナタⅡ	奏鳴曲Ⅱ	lance	l11de
Sonata III	ソナタⅢ	奏鳴曲Ⅲ	lance	l11df
Havoc Sonata	ハヴォック・ソナタ	狂亂奏鳴曲	lance	l11e0
ED28・ディオレル・ソナタ	ディオレル・ソナタ	恩典奏鳴曲	lance	l28ed
EE28・オーラー・ソナタ	オーラー・ソナタ	氣質奏鳴曲	lance	l28ee
EF28・ドランマ・ソナタ	ドランマ・ソナタ	劇變奏鳴曲	lance	l28ef
Falt I	ファルトⅠ	剝削Ⅰ	lance	l12dc
Falt II	ファルトⅡ	剝削Ⅱ	lance	l12dd
Falt III	ファルトⅢ	剝削Ⅲ	lance	l12de
Falt Padina	ファル・パディナ	剝削.驟變	lance	l12df
FF28・ヒアエノ・パディナ	ヒアエノ・パディナ	天地·驟變	lance	l28ff
Ture I	トゥーレⅠ	幽靈島Ⅰ	lance	l14de
Ture II	トゥーレⅡ	幽靈島Ⅱ	lance	l14df
Ture III	トゥーレⅢ	幽靈島Ⅲ	lance	l14e0
Zituremein	チトゥーレマイン	幽靈島礦山	lance	l14e1
7A27・ガトゥーレメイスィン	ガトゥーレメイスィン	遠古天工之槍	lance	l277a
Mona I	モーナⅠ	淑女Ⅰ	lance	l162b
Mona II	モーナⅡ	淑女Ⅱ	lance	l162c
Mona III	モーナⅢ	淑女Ⅲ	lance	l162d
Mona Crimson	モナッツ・クア	深紅淑女	lance	l162e
7B27・モナレイドアスター	モナレイドアスター	高貴芬芳之槍	lance	l277b
Violent Lance I	ビオルスランスⅠ	破滅之炎長槍Ⅰ	lance	l1d54
Violent Lance II	ビオルスランスⅡ	破滅之炎長槍Ⅱ	lance	l1d55
Violent Lance III	ビオルスランスⅢ	破滅之炎長槍Ⅲ	lance	l1d56
571D・ビオ・ジャバル	ビオ・ジャバル	燃燒殆盡	lance	l1d57
Regesu I	レゲスⅠ	國王Ⅰ	lance	l1e96
Regesu II	レゲスⅡ	國王Ⅱ	lance	l1e97
Regesu III	レゲスⅢ	國王Ⅲ	lance	l1e98
991E・レゲス・ハスタ	レゲス・ハスタ	國王長槍	lance	l1e99
Helvard	ヘルヴァード	無盡地獄	lance	l24d5
Helvard Les	ヘルヴァード・レス	無盡地獄·惡靈	lance	l24d6
Helvard Lami	ヘルヴァード・ラミ	無盡地獄·惡鬼	lance	l24d7
Helvard Lhyme	ヘルヴァード・ライム	無盡地獄·魔神	lance	l24d8
Hell Levinard	ヘル・レヴィナード	地獄將士	lance	l24d9
5F29・ヘル・レ・ラーゼ	ヘル・レ・ラーゼ	地獄激光	lance	l295f
Fuerstin I	フュルスティンⅠ	女伯爵Ⅰ	lance	l2f25
Fuerstin II	フュルスティンⅡ	女伯爵Ⅱ	lance	l2f26
Fuerstin III	フュルスティンⅢ	女伯爵Ⅲ	lance	l2f27
Fuerstin IV	フュルスティンⅣ	女伯爵Ⅳ	lance	l2f28
Apfel	アプフェル	毒蘋果	lance	l2f29
Schneewittchen	シュネーヴィトヘン	白雪公主	lance	l2f2a
Neige I	ネージュⅠ	白雪Ⅰ	lance	l31f1
Neige II	ネージュⅡ	白雪Ⅱ	lance	l31f2
Neige III	ネージュⅢ	白雪Ⅲ	lance	l31f3
Neige IV	ネージュⅣ	白雪Ⅳ	lance	l31f4
AmPoisone	アンポワゾネ	毒果實	lance	l31f5
Blanc Chene	ブランシュネージュ	白雪姬	lance	l31f6
Rotoro I	ロトロⅠ	折枝Ⅰ	lance	l30f3
Rotoro II	ロトロⅡ	折枝Ⅱ	lance	l30f4
Rotoro III	ロトロⅢ	折枝Ⅲ	lance	l30f6
Rotoro IV	ロトロⅣ	折枝Ⅳ	lance	l30f7
F830・ルーロース	ルーロース	機運枯枝	lance	l30f8
F930・ハルバルーロース	ハルバルーロース	奇蹟枯枝	lance	l30f9
BD33・カノーランツェI	カノーランツェⅠ	カノーランツェⅠ	lance	l33bd
BE33・カノーランツェII	カノーランツェⅡ	カノーランツェⅡ	lance	l33be
BF33・カノーランツェIII	カノーランツェⅢ	カノーランツェⅢ	lance	l33bf
C033・カノーランツェIV	カノーランツェⅣ	カノーランツェⅣ	lance	l33c0
C133・フェリチターシ	フェリチターシ	穩健チターシ	lance	l33c1
C233・ビヤンネートル	ビヤンネートル	ビヤンネートル	lance	l33c2
Gae Bolg I	ゲイ・ボルクⅠ	ゲイ·ボルクⅠ	lance	l32ee
Gae Bolg II	ゲイ・ボルクⅡ	ゲイ·ボルクⅡ	lance	l32ef
Gae Bolg III	ゲイ・ボルクⅢ	ゲイ·ボルクⅢ	lance	l32f0
Gae Bolg IV	ゲイ・ボルクⅣ	ゲイ·ボルクⅣ	lance	l32f1
Gae Bolg V	ゲイ・ボルクⅤ	ゲイ·ボルクⅤ	lance	l32f2
Gae Bolg VI	ゲイ・ボルクⅥ	ゲイ·ボルクⅥ	lance	l32f3
Gae Bolg VII	ゲイ・ボルクⅦ		lance	l3eb7
Gae Bolg [Black] I	ゲイ・ボルク【黒】Ⅰ	ゲイ·ボルク【黒】Ⅰ	lance	l32f4
Gae Bolg [Black] II	ゲイ・ボルク【黒】Ⅱ	ゲイ·ボルク【黒】Ⅱ	lance	l32f5
Gae Bolg [Black] III	ゲイ・ボルク【黒】Ⅲ	ゲイ·ボルク【黒】Ⅲ	lance	l32f6
Gae Bolg [Black] IV	ゲイ・ボルク【黒】Ⅳ	ゲイ·ボルク【黒】Ⅳ	lance	l32f7
Gae Bolg [Black] V	ゲイ・ボルク【黒】Ⅴ	ゲイ·ボルク【黒】Ⅴ	lance	l32f8
Gae Bolg [Black] VI	ゲイ・ボルク【黒】Ⅵ	ゲイ·ボルク【黒】Ⅵ	lance	l32f9
"Gae Bolg ""Black"" VII"	ゲイ・ボルク【黒】Ⅶ		lance	l3eb8
Cassius Spear I	カシウスの槍Ⅰ		lance	l35c1
Cassius Spear II	カシウスの槍Ⅱ		lance	l35c2
Cassius Spear III	カシウスの槍Ⅲ		lance	l35c3
Cassius Spear IV	カシウスの槍Ⅳ		lance	l35c4
Cassius Spear V	カシウスの槍Ⅴ		lance	l35c5
Cassius Spear VI	カシウスの槍Ⅵ		lance	l35c6
Wyvern Spear Gae Bulg I	竜槍ゲイボルグⅠ		lance	l407b
Wyvern Spear Gae Bulg II	竜槍ゲイボルグⅡ		lance	l407c
Wyvern Spear Gae Bulg III	竜槍ゲイボルグⅢ		lance	l407d
Wyvern Spear Gae Bulg IV	竜槍ゲイボルグⅣ		lance	l407e
Wyvern Spear Gae Bulg V	竜槍ゲイボルグⅤ		lance	l407f
Wyvern Spear Gae Bulg VI	竜槍ゲイボルグⅥ		lance	l4080
Ideal Strieder I	イデアルストレイダⅠ		lance	l426d
Ideal Strieder II	イデアルストレイダⅡ		lance	l426e
Ideal Strieder III	イデアルストレイダⅢ		lance	l426f
Ideal Strieder IV	イデアルストレイダⅣ		lance	l4270
Ideal Strieder V	イデアルストレイダⅤ		lance	l4271
Ideal Strieder VI	イデアルストレイダⅥ		lance	l4272
Magi Soon	マジェ・スーン		lance	l43d7
Magi Quinn	マジェ・クイン		lance	l43d8
Magi Haluse	マジェ・ハルーゼ		lance	l43d9
Magi Tocris	マジェ・トクリス		lance	l43da
Magi Unruly	マジェ・ブライハ		lance	l43db
Magi Trishula	マジェ・トリシュラ		lance	l43dc
Gray Soon	グレイ・スーン		lance	l4419
Gray Quinn	グレイ・クイン		lance	l441a
Gray Harose	グレイ・ハルーゼ		lance	l441b
Gray Tocris	グレイ・トクリス		lance	l441c
Gray Bleiha	グレイ・ブライハ		lance	l441d
Gray Triaina	グレイ・トリアイナ		lance	l441e
Shark Prince	シャークプリンス	シャークプリンス	lance	l33dc
Shark King	シャークキング	シャークキング	lance	l33dd
Shark Kaiser	シャークカイザー	シャーク帝王	lance	l33de
Khezu Lance	フルフルランス	電龍長槍	lance	l0e87
Fulminant Lance	フルミナントランス	雷光長槍	lance	l0e88
Fulminant Lance+	フルミナントランス改	雷光長槍·改	lance	l0e89
Khezu Inject	フルフルインジェクト	電龍注射長槍	lance	l0e8a
Khezu Ejector	フルフルジェクター	電龍火箭	lance	l2c12
Khezu Indead	フルフルインデッド	致命電龍	lance	l2c13
Khezu Sundead	フルフルサンデッド	日歿電龍	lance	l2c14
Quartz Lance	水晶ランス	水晶長槍	lance	l0394
Precious Lance	プレシャスランス	寶石長槍	lance	l0395
Eberstein	エーベルシュタイン	青澄長槍	lance	l0396
Azure Agony	シュースカノーネ	水晶濺射大砲	lance	l0424
Elegant Cannon	エレガンスカノーネ	優雅大砲	lance	l2c06
Azurite Cannon	カエルレウスカノーネ	青艷大砲	lance	l2c07
Azurite Stream	カエルレウスアクア	青艷純水	lance	l2c08
Red Crystal Lance	紅水晶ランス	紅水晶長槍	lance	l0e04
Shrunk Spinel	シュランクスピネル	細尖晶石長槍	lance	l0e05
Gloss Spinel	グローススピネル	巨大尖晶石長槍	lance	l0e06
Sweet Roza	スウィートローゼ	芬芳薔薇長槍	lance	l0e07
Splendirose	スプレンディローゼ	紅刻薔薇	lance	l2c09
Scarlet Rose	プーニケウスローゼ	緋紅薔薇	lance	l2c0a
Scarlet Plume	プーニケウスフラムマ	緋紅元素	lance	l2c0b
Purple Crystal Lance	紫水晶ランス	紫水晶長槍	lance	l0e08
Shrunk Amethyst	シュランクアメジスト	細紫水晶槍	lance	l0e09
Gloss Amethyst	グロースアメジスト	巨大紫水晶槍	lance	l0e0a
Gorgeous Viola	ゴージャスヴィオーラ	豪華紫百合長槍	lance	l0e0b
Noblese Viola	ノービリスヴィオーラ	貴族朱槿	lance	l2c0c
Purple Viola	プルプレウヴィオーラ	靛紫朱槿	lance	l2c0d
Purple Schwein	プルプレウスウェネー	靛紫長槍	lance	l2c0e
Frost Plaid	フロストプレード	冰霜之刃	lance	l12d4
Frost Rocha	フロストローシャ	冰霜岩刃	lance	l12d5
Frost Celes	フロストケレース	冰霜惡靈	lance	l12d6
Frost Mustang	フロストマスタング	冰霜野馬	lance	l12d7
Frost Charger	フロストチャージャー	冰霜突襲者	lance	l1f07
Sleep Plaid	スリーププレード	催眠之刃	lance	l12d8
Sleep Rocha	スリープローシャ	催眠岩刃	lance	l12d9
Sleep Celes	スリープケレース	催眠惡靈	lance	l12da
Sleep Mustang	スリープマスタング	催眠野馬	lance	l12db
Sleep Charger	スリープチャージャー	催眠突襲者	lance	l1f08
7A28・スリープセーバー	スリープセーバー	催眠軍刀	lance	l287a
7B28・スリープギャザード	スリープギャザード	催眠團結長槍	lance	l287b
Nost Force	ノストフォース	卓越之力	lance	l1741
Nostga Force	ノストガフォース	卓越神力	lance	l1742
Nost Trooper	ノストトルーパー	卓越騎兵	lance	l1743
Gamma Queen	ガンマー・クェイン	女王領域	lance	l1744
Nova Queen	ノヴァ・クェイン	新星女皇	lance	l22cc
Augment	オーグメント	昇華	lance	l22cd
Dreiklang	ドライクラング	靜默之聲	lance	l27a0
Nost Baum	ノストバウム	卓越之木	lance	l1745
Nostga Baum	ノストガバウム	卓越神木	lance	l1746
Nost Randia	ノストランディア	卓越浪人	lance	l1747
Jikit Queen	ジキット・クェイン	女王方陣	lance	l1748
Wicked Queen	ウィックド・クェイン	邪惡女皇	lance	l22ce
Realm of Torment	レルムトーメント	苦痛奇音	lance	l22cf
A127・レガーリメン	レガーリメン	狂怒隱者	lance	l27a1
Aqua Prova	アクアプローヴァ	水之證明	lance	l10eb
Aqua Richter	アクアリヒター	水之審判官	lance	l10ec
Aqua Fargeot	アクアファージョ	水之裁決	lance	l10ed
Aqua Justice	アクアジャスティス	水之正義	lance	l10ee
Aqua Rival	アクアルビデル	沁水裁者	lance	l2c3a
Aqua Oracle	アクアオラクル	沁水賢者	lance	l2c3b
Aqua Nemesis	アクアネメシス	沁水天罰	lance	l2c3c
Chrome Prova	グロムプローヴァ	雷嗚之證明	lance	l10ef
Chrome Richter	グロムリヒター	雷鳴之審判官	lance	l10f0
Chrome Fargeot	グロムファージョ	雷鳴之裁決	lance	l10f1
Chrome Justice	グロムジャスティス	雷鳴之正義	lance	l10f2
3D2C・グロムアルビデル	グロムアルビデル	雷鳴裁者	lance	l2c3d
Chrome Oracle	グロムオラクル	雷鳴賢者	lance	l2c3e
Chrome Nemesis	グロムネメシス	雷鳴天罰	lance	l2c3f
Fer Lance	フェルランス	鐵之長槍	lance	l160a
Ferrum Lance	フェールムランス	烙鐵長槍	lance	l160b
Carbuncle Lance	カルブンクルスランス	火紅寶玉長槍	lance	l160c
Ruber Pride	ルベルプラエド	尊貴紅寶石	lance	l160d
7C27・ルゲドバリアード	ルゲドバリアード	紅蓮穿心	lance	l277c
Asir Lance	アシエルランス	天使長槍	lance	l160e
Chalybs Lance	カリュプスランス	鋼鐵長槍	lance	l160f
Adamas Lance	アダマスランス	鑽石長槍	lance	l1610
Niger Rebellio	ニゲルレベリオ	黑暗背叛者	lance	l1611
2A27・ナゲロカレイド	ナゲロカレイド	凍土突破	lance	l272a
2B27・ヤゲロカゲリオ	ヤゲロカゲリオ	凍土碎擊	lance	l272b
7D27・ヤゲルカグリット	ヤゲルカグリット	凍土鑽心	lance	l277d
Audirese	オーディレーゼ	頌歌保衛者之槍	lance	l1b4e
Audisolze	オーディソルゼ	頌歌保衛者長槍	lance	l1b4f
Audifante	オーディファンテ	頌歌保衛者之刺擊	lance	l1b50
Oledin Cavalier	オレディンカヴァリエ	頌歌衛士長槍	lance	l1b51
Odelin Cylinder	オレディンボンベ	頌歌衛士之突擊	lance	l1c06
Almorese	アルモレーゼ	莊嚴保衛者之槍	lance	l1b52
Almonomaze	アルモノマゼ	莊嚴保衛者長槍	lance	l1b53
Almogatore	アルモジャトーレ	莊嚴保衛者之刺擊	lance	l1b54
Alema Fidante	アレマフィダンテ	莊嚴衛士長槍	lance	l1b55
Arena File Legion	アレマフィレギオン	莊嚴衛士之突擊	lance	l1c07
Cataclysm Lance	カタクリズムランス	災變長槍	lance	l1f5a
Cataclysm Grasp	カタクリズムグラスプ	災變支配者	lance	l1f5b
5C1F・カタクリズムコーリン	カタクリズムコーリン	災變勝者	lance	l1f5c
Cataclysm Omen	カタクリズムオーメン	災變預兆	lance	l1f5d
Cataclysm Heart	カタクリズムハート	災變之心	lance	l1f5e
Cataclysm Soul	カタクリズムソウル	災變之魂	lance	l2c24
Cataclysm Brave	カタクリズムブレイブ	災變之勇	lance	l2c25
Cadence Lance	ケイデンスランス	節拍長槍	lance	l1f5f
Cadence Grasp	ケイデンスグラスプ	節拍支配者	lance	l1f60
611F・ケイデンスコーリン	ケイデンスコーリン	節拍勝者	lance	l1f61
Cadence Omen	ケイデンスオーメン	節拍預兆	lance	l1f62
Cadence Heart	ケイデンスハート	節拍之心	lance	l1f63
Cadence Soul	ケイデンスソウル	節拍之魂	lance	l2c26
Cadence Brave	ケイデンスブレイブ	節拍之勇	lance	l2c27
"CrossLance ""Shura"""	十文字槍【朱羅】	十文字槍【朱羅】	lance	l20f9
"CrossLance ""Vermilion"""	十文字槍【朱雀】	十文字槍【朱雀】	lance	l20fa
"CrossLance ""Flaming"""	十文字槍【灼炎】	十文字槍【灼炎】	lance	l20fb
"CrossLance ""Acid Flame"""	十文字槍【炎凰】	十文字槍【炎凰】	lance	l20fc
"CrossLance""Heaven"""	十文字槍【天覇】	十文字槍【天霸】	lance	l20fd
"CrossLance""Heaven α"""	十文字槍【天覇・改】	十文字槍【天霸·改】	lance	l2794
"CrossLance ""Red Tooth"""	十文字槍【紅牙】	十文字槍【紅牙】	lance	l20fe
"CrossLance ""Red Killer"""	十文字槍【斬紅】	十文字槍【斬紅】	lance	l20ff
"CrossLance""Red Grass"""	十文字槍【赤芒】	十文字槍【赤芒】	lance	l2100
"CrossLance ""Flamewheel"""	十文字槍【焔翔】	十文字槍【焰翔】	lance	l2101
"CrossLance ""Extinction"""	十文字槍【絶槍】	十文字槍【絕槍】	lance	l2102
"CrossLance""Extinction α"""	十文字槍【絶槍・改】	十文字槍【絕槍·改】	lance	l2795
F824・スパインディヴォル	スパインディヴォル	棘龍戰士刺脊	lance	l24f8
F924・カンタディヴォル	カンタディヴォル	棘龍英勇刺脊	lance	l24f9
FA24・ティゲンディヴォル	ティゲンディヴォル	棘龍銳劍刺脊	lance	l24fa
FB24・ケイパーディヴォル	ケイパーディヴォル	棘龍穿心刺脊	lance	l24fb
Balt Beelzebub	バルトベルゼビュート	森之魔王	lance	l24fc
Van Beezulbub	ファンベルゼビュート	魔王化身	lance	l2fd4
Naranjavolo	ナランジャヴォロ	棘龍勇士標槍	lance	l24fd
Mandajavolo	マンダジャヴォロ	棘龍全知標槍	lance	l24fe
Olenjavolo	オレヌジャヴォロ	標槍戰士標槍	lance	l24ff
Marumjavolo	マルムジャヴォロ	棘龍堅實標槍	lance	l2500
Medek Beelzebub	メデクベルゼビュート	寬怒魔王	lance	l2501
Devil Beezulbub	デビュベルゼビュート	惡魔之王	lance	l2fd5
Pike Fiaro	パイクフィアロ	豔紫長矛	lance	l2840
4A28・アセガイバイソー	アセガイバイソー	展翅長槍	lance	l284a
4B28・サリッサバイソー	サリッサバイソー	華美長槍	lance	l284b
4C28・ピルムバイソー	ピルムバイソー	典麗長槍	lance	l284c
4D28・ランシストマキシマ	ランシストマキシマ	極限長槍	lance	l284d
8E1E・ウィールライク	ウィールライク	神意鍾愛	lance	l1e8e
8F1E・ウィールスラッガ	ウィールスラッガ	神意強打者	lance	l1e8f
901E・ウィールダスト	ウィールダスト	神意塵槍	lance	l1e90
911E・ウィル・パイロ	ウィル・パイロ	神意聖槍	lance	l1e91
022C・オヴィ・ロバルク	オヴィ・ロバルク	狂野·音波	lance	l2c02
032C・オヴィ・ランケール	オヴィ・ランケール	狂野·硬朗	lance	l2c03
921E・オヴィリーライム	オヴィリーライム	狂野之槍	lance	l1e92
931E・オヴィリーハスタ	オヴィリーハスタ	狂野長槍	lance	l1e93
941E・オヴィリーゲイザ	オヴィリーゲイザ	狂野凝視	lance	l1e94
951E・オヴィ・パイロ	オヴィ・パイロ	狂野烈火	lance	l1e95
042C・ウィル・ロバルク	ウィル・ロバルク	神意·音波	lance	l2c04
052C・ウィル・ランケール	ウィル・ランケール	神意·硬朗	lance	l2c05
Lille Sema	リレ・セーマ	悲槍·星座	lance	l2ecd
Lille Kaeri	リレ・カエリ	悲槍·卡葉里	lance	l2ece
Lille Sigurun	リレ・シグルン	悲槍·錫格倫	lance	l2ed0
Lille Galilei	リレ・ガリレイ	悲槍·伽利略	lance	l2ed1
Lille Comet	リィレ・コメット	哀槍·彗星	lance	l2ed2
Lille Mercury	リィレ・マーキュリー	哀槍·墨丘里	lance	l2ed3
Mele Sema	メレ・セーマ	怒槍·星座	lance	l2ed4
Mele Kaeri	メレ・カエリ	怒槍·卡葉里	lance	l2ed5
Mele Sigurun	メレ・シグルン	怒槍·錫格倫	lance	l2ed7
Mele Galilei	メレ・ガリレイ	怒槍·伽利略	lance	l2ed8
Mele Comet	メーレ・コメット	傷槍·彗星	lance	l2ed9
Mele Mercury	メーレ・マーキュリー	傷槍·墨丘里	lance	l2eda
581D・サラマン・ファナレ	サラマン・ファナレ	火蜥終結槍	lance	l1d58
591D・サラマン・ファナレル	サラマン・ファナレル	火蜥報喪槍	lance	l1d59
5A1D・サラマン・ファニー	サラマン・ファニー	火蜥譏諷槍	lance	l1d5a
5B1D・エストサラマン	エストサラマン	創世火蜥槍	lance	l1d5b
Estarama	エスタラーマ	創世烈炎精靈槍	lance	l05c2
9C3E・エスタラタルド	エスタラタルド		lance	l3e9c
9D3E・エスタラホクム	エスタラホクム		lance	l3e9d
5C1D・ニューニ・ファナレ	ニューニ・ファナレ	冰鳥終結槍	lance	l1d5c
5D1D・ニューニ・ファナレル	ニューニ・ファナレル	冰鳥報喪槍	lance	l1d5d
5E1D・ニューニ・ファニー	ニューニ・ファニー	冰鳥譏諷槍	lance	l1d5e
5F1D・エンデニューニ	エンデニューニ	創世冰鳥槍	lance	l1d5f
Enduni	エンデューニ	創世惡靈鳥槍	lance	l05c3
Endumacy	エンデュマシー	高寒靈鳥	lance	l2654
9E3E・エンデュタルド	エンデュタルド		lance	l3e9e
9F3E・エンデュホクム	エンデュホクム		lance	l3e9f
Sacred Soarpillar I	天翔シ空聖ノ槍Ⅰ		lance	l3dcd
Sacred Soarpillar II	天翔シ空聖ノ槍Ⅱ		lance	l3dce
Sacred Soarpillar III	天翔シ空聖ノ槍Ⅲ		lance	l3dcf
Sacred Soarpillar IV	天翔シ空聖ノ槍Ⅳ		lance	l3dd0
Sacred Soarpillar V	天翔シ空聖ノ槍Ⅴ		lance	l3dd1
Sacred Soarpillar VI	天翔シ空聖ノ槍Ⅵ		lance	l3dd2
Sacred Soarpillar VII	天翔シ空聖ノ槍Ⅶ		lance	l3dd3
B832・レイアルマ	レイアルマ	レイ軍風	lance	l32b8
B932・レイアルマ・クーパ	レイアルマ・クーパ	レイ軍風·クーパ	lance	l32b9
BA32・レイアルマ・シルバ	レイアルマ・シルバ	レイ軍風·シルバ	lance	l32ba
BB32・レイアルマ・ゴルド	レイアルマ・ゴルド	レイ軍風·ゴルド	lance	l32bb
BC32・レイアルマ・ダイア	レイアルマ・ダイア	レイ軍風·ダイア	lance	l32bc
Herrschaft	ヘルシャフト	ヘルシャフト	lance	l32bd
Autocracy	アウトクラシア	アウトクラシア	lance	l32be
Campione	カンピオーネ	カンピオーネ	lance	l32bf
Campione Cooper	カンピオーネ・クーパ	カンピオーネ·クーパ	lance	l32c0
Campione Silver	カンピオーネ・シルバ	カンピオーネ·シルバ	lance	l32c1
Campione Gordes	カンピオーネ・ゴルド	カンピオーネ·ゴルド	lance	l32c2
Campione Dia	カンピオーネ・ダイア	カンピオーネ·ダイア	lance	l32c3
Eremos	エレンホス	エレンホス	lance	l32c4
Pace	パーチェ	パーチェ	lance	l32c5
Akantor Spire	アカムスクウィード	赤紅烏賊長槍	lance	l0fdc
Akantor Spire+	アカムスクウィード改	赤紅烏賊長槍·改	lance	l0fdd
Akantor Penetrator	アカムグリダール	赤紅極熱長槍	lance	l0fde
Akantor Impaler	アカムシュペルブ	赤紅高超長槍	lance	l0fdf
Akantor Warn	アカムスウォーン	赤紅警示長槍	lance	l1d67
Akantor Passway	アカムパッサウェイ		lance	l3ba4
Red Porta Lance I	ポルタランスⅠ【紅】	波爾多長槍Ⅰ【紅】	lance	l13d6
Red Porta Lance II	ポルタランスⅡ【紅】	波爾多長槍Ⅱ【紅】	lance	l13d7
Red Porta Lance III	ポルタランスⅢ【紅】	波爾多長槍Ⅲ【紅】	lance	l13d8
Studi Hasta	ストゥーディハスタ	勤勉長槍	lance	l13d9
Sky Porta Lance I	ポルタランスⅠ【空】	波爾多長槍Ⅰ【空】	lance	l13de
Sky Porta Lance II	ポルタランスⅡ【空】	波爾多長槍Ⅱ【空】	lance	l13df
Sky Porta Lance III	ポルタランスⅢ【空】	波爾多長槍Ⅲ【空】	lance	l13e0
Prudens Hasta	プルーデンハスタ	謹慎長槍	lance	l13e1
"Croix Rouge ""Un"""	ルージュクロワ・アン	血色十字·１	lance	l2f5b
"Croix Rouge ""Deux"""	ルージュクロワ・ドゥ	血色十字·２	lance	l2f5c
"Croix Rouge ""Trois"""	ルージュクロワ・ロワ	血色十字·３	lance	l2f5d
"Croix Rouge ""Quatre"""	ルージュクロワ・カト	血色十字·４	lance	l2f5e
"Croix Rouge ""Cinq"""	ルージュクロワ・サン	血色十字·５	lance	l2f5f
0939・ランツェジャロI	ランツェジャロⅠ		lance	l3909
0A39・ランツェジャロII	ランツェジャロⅡ		lance	l390a
0B39・ランツェジャロIII	ランツェジャロⅢ		lance	l390b
0C39・ランツェジャロIV	ランツェジャロⅣ		lance	l390c
0D39・ランツェジャロートス	ランツェジャロートス		lance	l390d
4A39・ランツェジャロッロ	ランツェジャロッロ		lance	l394a
Orange Porta Lance I	ポルタランスⅠ【橙】	波爾多長槍Ⅰ【橙】	lance	l13da
Orange Porta Lance II	ポルタランスⅡ【橙】	波爾多長槍Ⅱ【橙】	lance	l13db
Orange Porta Lance III	ポルタランスⅢ【橙】	波爾多長槍Ⅲ【橙】	lance	l13dc
Alacer Hasta	アラケルハスタ	活躍長槍	lance	l13dd
B42D・オレイオハスタ	オレイオハスタ	泰山長槍	lance	l2db4
B52D・オレイオランケーラ	オレイオランケーラ	泰山名槍	lance	l2db5
B62D・ロベルチアランケーラ	ロベルチアランケーラ	名匠之心	lance	l2db6
0439・ランツェモーヴI	ランツェモーヴⅠ		lance	l3904
0539・ランツェモーヴII	ランツェモーヴⅡ		lance	l3905
0639・ランツェモーヴIII	ランツェモーヴⅢ		lance	l3906
0739・ランツェモーヴIV	ランツェモーヴⅣ		lance	l3907
Black Porta Lance I	ポルタランスⅠ【黒】	波爾多長槍Ⅰ【黑】	lance	l13ce
Black Porta Lance II	ポルタランスⅡ【黒】	波爾多長槍Ⅱ【黑】	lance	l13cf
Black Porta Lance III	ポルタランスⅢ【黒】	波爾多長槍Ⅲ【黑】	lance	l13d0
Sidd Hasta	シッドゥハスタ	君主之槍	lance	l13d1
White Porta Lance I	ポルタランスⅠ【白】	波爾多長槍Ⅰ【白】	lance	l13d2
White Porta Lance II	ポルタランスⅡ【白】	波爾多長槍Ⅱ【白】	lance	l13d3
White Porta Lance III	ポルタランスⅢ【白】	波爾多長槍Ⅲ【白】	lance	l13d4
Patie Hasta	パティエーハスタ	忍耐長槍	lance	l13d5
B234・パティチア	パティチア	パティチア	lance	l34b2
Elkie Lance	エルキーランス	貴族之槍	lance	l161f
Elkie Spear	エルキースピア	貴族長槍	lance	l1620
Elkie Spire	エルキースピール	貴族長矛	lance	l1621
Elcarte	エルカルテ	尊貴長矛	lance	l1622
Isuki Lance	イスキーランス	軍官之叉	lance	l1623
Isuki Spear	イスキースピア	軍官之槍	lance	l1624
Isuki Spire	イスキースピール	軍官長槍	lance	l1625
Ascate	アスカーテ	戰士長槍	lance	l1626
Asgard	アスカルド	地獄戰士長槍	lance	l2103
Kleine Lance	クレーヌランス	潔淨之叉	lance	l1627
Kleine Spear	クレーヌスピア	潔淨之槍	lance	l1628
Kleine Spire	クレーヌスピール	潔淨長槍	lance	l1629
Krenante	クレナンテ	冰潔長槍	lance	l162a
9E1E・フエゴアキュートI	フエゴアキュートⅠ	烈火Ⅰ	lance	l1e9e
9F1E・フエゴアキュートII	フエゴアキュートⅡ	烈火Ⅱ	lance	l1e9f
A01E・フエゴアキュートIII	フエゴアキュートⅢ	烈火Ⅲ	lance	l1ea0
A11E・ナルハルバ	ナルハルバ	烈焰	lance	l1ea1
Papipupe Lance	パピプペランス	帕批噗呸長槍	lance	l1f64
Pepipopipa Lance	ペピポピパランス	呸批波批帕長槍	lance	l1f65
Periperiperi Lance	ぺリぺリぺリランス	呸哩呸哩呸哩長槍	lance	l1f66
Papi Perion Lance	パピ・ペリオンランス	帕批·呸哩翁長槍	lance	l1f67
"Port Lance I ""Blue"""	ポルトランスⅠ【青】	端口長槍Ⅰ【青】	lance	l20e5
"Port Lance II ""Blue"""	ポルトランスⅡ【青】	端口長槍Ⅱ【青】	lance	l20e6
"Port Lance III ""Blue"""	ポルトランスⅢ【青】	端口長槍Ⅲ【青】	lance	l20e7
Perzonal	ペルゾナール	電子長槍	lance	l20e8
Perzocion	ペルゾシオン	高能長槍	lance	l2378
Perzoolaga	ペルゾオラガ	謎樣極長槍	lance	l2dc0
AA1E・ベネノアキュートI	ベネノアキュートⅠ	猛毒銳刺槍Ⅰ	lance	l1eaa
AB1E・ベネノアキュートII	ベネノアキュートⅡ	猛毒銳刺槍Ⅱ	lance	l1eab
AC1E・ベネノアキュートIII	ベネノアキュートⅢ	猛毒銳刺槍Ⅲ	lance	l1eac
AD1E・ディリティハルバ	ディリティハルバ	劇毒螺旋毒槍	lance	l1ead
AE1E・ロンアキュートI	ロンアキュートⅠ	熱望尖槍Ⅰ	lance	l1eae
AF1E・ロンアキュートII	ロンアキュートⅡ	熱望尖槍Ⅱ	lance	l1eaf
B01E・ロンアキュートIII	ロンアキュートⅢ	熱望尖槍Ⅲ	lance	l1eb0
B11E・テンニンハルバ	テンニンハルバ	天人尖槍	lance	l1eb1
7A31・セーヴェルミェーチ	セーヴェルミェーチ	極北尖槍	lance	l317a
"Croix Bleu ""Un"""	ブレゥークロワ・アン		lance	l2f60
"Croix Bleu ""Deux"""	ブレゥークロワ・ドゥ		lance	l2f61
"Croix Bleu ""Trois"""	ブレゥークロワ・ロワ		lance	l2f62
"Croix Bleu ""Quatre"""	ブレゥークロワ・カト		lance	l2f63
"Croix Bleu ""Cinq"""	ブレゥークロワ・サン		lance	l2f64
FA38・ランツェアランI	ランツェアランⅠ		lance	l38fa
FB38・ランツェアランII	ランツェアランⅡ		lance	l38fb
FC38・ランツェアランIII	ランツェアランⅢ		lance	l38fc
FD38・ランツェアランIV	ランツェアランⅣ		lance	l38fd
FE38・ランツェアランテーゼ	ランツェアランテーゼ		lance	l38fe
A21E・パラアキュートI	パラアキュートⅠ		lance	l1ea2
A31E・パラアキュートII	パラアキュートⅡ		lance	l1ea3
A41E・パラアキュートIII	パラアキュートⅢ		lance	l1ea4
A51E・パラガハルバ	パラガハルバ		lance	l1ea5
A61E・ヴァダアキュートI	ヴァダアキュートⅠ		lance	l1ea6
A71E・ヴァダアキュートII	ヴァダアキュートⅡ		lance	l1ea7
A81E・ヴァダアキュートIII	ヴァダアキュートⅢ		lance	l1ea8
A91E・スイーハルバ	スイーハルバ		lance	l1ea9
"Port Lance I ""Lead"""	ポルトランスⅠ【鉛】		lance	l20e1
"Port Lance II ""Lead"""	ポルトランスⅡ【鉛】		lance	l20e2
"Port Lance III ""Lead"""	ポルトランスⅢ【鉛】		lance	l20e3
Ordina Teur	オルディナトゥール		lance	l20e4
"Port Lance I ""Red"""	ポルトランスⅠ【赤】		lance	l20e9
"Port Lance II ""Red"""	ポルトランスⅡ【赤】		lance	l20ea
"Port Lance III ""Red"""	ポルトランスⅢ【赤】		lance	l20eb
Computero	コンプタドール		lance	l20ec
"Port Lance I ""White"""	ポルトランスⅠ【白】		lance	l20f1
"Port Lance II ""White"""	ポルトランスⅡ【白】		lance	l20f2
"Port Lance III ""White"""	ポルトランスⅢ【白】		lance	l20f3
F420・ピルサナーリヌイ	ピルサナーリヌイ		lance	l20f4
"Port Lance I ""Black"""	ポルトランスⅠ【黒】		lance	l20f5
"Port Lance II ""Black"""	ポルトランスⅡ【黒】		lance	l20f6
"Port Lance III ""Black"""	ポルトランスⅢ【黒】		lance	l20f7
F820・ペイセイ	ペイセイ		lance	l20f8
"Croix Jaune ""Un"""	ジョヌクロワ・アン		lance	l2f6a
"Croix Jaune ""Deux"""	ジョヌクロワ・ドゥ		lance	l2f6b
"Croix Jaune ""Trois"""	ジョヌクロワ・ロワ		lance	l2f6c
"Croix Jaune ""Quatre"""	ジョヌクロワ・カト		lance	l2f6d
"Croix Jaune ""Cinq"""	ジョヌクロワ・サン		lance	l2f6e
"Croix Violet ""Un"""	ヴィオレクロワ・アン		lance	l2f6f
"Croix Violet ""Deux"""	ヴィオレクロワ・ドゥ		lance	l2f70
"Croix Violet ""Trois"""	ヴィオレクロワ・ロワ		lance	l2f71
"Croix Violet ""Quatre"""	ヴィオレクロワ・カト		lance	l2f72
"Croix Violet ""Cinq"""	ヴィオレクロワ・サン		lance	l2f73
"Croix Blanc ""Un"""	ブランクロワ・アン		lance	l2f79
"Croix Blanc ""Deux"""	ブランクロワ・ドゥ		lance	l2f7a
"Croix Blanc ""Trois"""	ブランクロワ・ロワ		lance	l2f7b
"Croix Blanc ""Quatre"""	ブランクロワ・カト		lance	l2f7c
"Croix Blanc ""Cinq"""	ブランクロワ・サン		lance	l2f7d
"Croix Noir ""Un"""	ノワールクロワ・アン		lance	l2f7e
"Croix Noir ""Deux"""	ノワールクロワ・ドゥ		lance	l2f7f
"Croix Noir ""Trois"""	ノワールクロワ・ロワ		lance	l2f80
"Croix Noir ""Quatre"""	ノワールクロワ・カト		lance	l2f81
"Croix Noir ""Cinq"""	ノワールクロワ・サン		lance	l2f82
F538・ランツェアンカI	ランツェアンカⅠ		lance	l38f5
F638・ランツェアンカII	ランツェアンカⅡ		lance	l38f6
F738・ランツェアンカIII	ランツェアンカⅢ		lance	l38f7
F838・ランツェアンカIV	ランツェアンカⅣ		lance	l38f8
F938・ランツェアンカートス	ランツェアンカートス		lance	l38f9
FF38・ランツェネラI	ランツェネラⅠ		lance	l38ff
0039・ランツェネラII	ランツェネラⅡ		lance	l3900
0139・ランツェネラIII	ランツェネラⅢ		lance	l3901
0239・ランツェネラIV	ランツェネラⅣ		lance	l3902
1339・ランツェヴァッジI	ランツェヴァッジⅠ		lance	l3913
1439・ランツェヴァッジII	ランツェヴァッジⅡ		lance	l3914
1539・ランツェヴァッジIII	ランツェヴァッジⅢ		lance	l3915
1639・ランツェヴァッジIV	ランツェヴァッジⅣ		lance	l3916
4C39・ランツェヴァッジトノ	ランツェヴァッジトノ		lance	l394c
9E3C・ペイセイ・クール	ペイセイ・クール		lance	l3c9e
9F3C・ペイセイ・ソークール	ペイセイ・ソークール		lance	l3c9f
Angel of Death	エンジェルオブデス	死亡天使	lance	l3193
Menti Lance	メンティランス	受選長槍	lance	l3209
Delerium Veil	デリリウムヴェイル	デリリウムヴェイル	lance	l3340
Over the Wall	オーヴァーザウォール	オーヴァーザウォール	lance	l3347
Never World	ネヴァーワールド	ネヴァーワールド	lance	l3401
Star Fall	スターフォール		lance	l340b
Eagle Heart	イーグルハート		lance	l3405
Eternal Pioneer	ミラプルミエ		lance	l3d87
Eternal Pioneer+	ミラプルミエ改		lance	l3d88
Renka Spear	煉華ノ槍		lance	l3f0f
"Renka Spear ""Iris"""	煉華ノ槍【菖蒲】		lance	l3f10
"Renka Spear ""Calamus"""	煉華ノ槍【菖蒲八橋】		lance	l3f11
"Renka Spear ""Lightdrain"""	煉華ノ槍【溝光】		lance	l3f12
"Rondo Lance ""Salt"""	煉舞ノ槍【塩穀】		lance	l4187
"Rondo Lance ""Dock"""	煉舞ノ槍【館舟】		lance	l4188
"Rondo Lance ""Spotlight"""	煉舞ノ槍【明守】		lance	l4189
"Rondo Lance ""Vane"""	煉舞ノ槍【風見】		lance	l418a
Lethe Lance	煉獄ノ槍		lance	l4358
"Lethe Lance ""Anarchy"""	煉獄ノ槍・反抗		lance	l4359
"Lethe Lance ""Wish"""	煉獄ノ槍・願望		lance	l435a
"Lethe Lance ""Vaisrava?a"""	煉獄ノ槍【毘沙門天】		lance	l435b
Angel's Cry	エンジェルズクライ		lance	l41ed
Demon Desire	ディーモンディザイア		lance	l4485
Usurper's Coming	王槍テンライ	王槍テンライ	lance	l34d7
Despot's Cacophony	王牙槍【若雷】	王牙槍【若雷】	lance	l34d8
Oppressor's Genesis	真・王牙槍【天衝】	真·王牙槍【天衝】	lance	l34d9
Sorrow Heavy Spear	悲哀の重槍	悲哀の重槍	lance	l3526
Atrocious Tower	アトロシスタワー	アトロシスタワー	lance	l3527
Nero Atrocious	ネロ＝アトロシス	ネロ＝アトロシス	lance	l3528
Diostinger	ディオスティンガー		lance	l3540
Blast Spear	爆砕の豪槍		lance	l3541
Lightbreak Spear	破岩槍ブラキディオス		lance	l3542
Tusk Lance	トゥースランス		lance	l357b
Tusk Lance+	トゥースランス改		lance	l357c
Sabertooth	セイバートゥース		lance	l357d
Hidden Stinger	ヒドゥンスティンガー		lance	l387f
Night Rains Black	暗夜槍【黒雨】		lance	l3880
Avidya Lance	無明槍【集締】		lance	l3881
Brimstren Draketail	獄槍リュウビ		lance	l3a33
Brimstren Draketail α	獄槍リュウビ改		lance	l3a34
Stygian Ira	狼牙槍【怒獄】		lance	l3a35
Eiferschild	シールドofアーネスト		lance	l3bc2
Fieberschild	シールドofヒート		lance	l3bc3
Zornesschild	シールドofレイジ		lance	l3bc4
L'Egide	THEガーディアン		lance	l3cdd
Le Sage	THEセージ		lance	l3cde
Le Paladin	THEパラディン		lance	l3cdf
Ominous Cloud	凶矛【凌雲】		lance	l3ed7
Heavenly Insight	天嵐ノ矛【行雲流水】		lance	l3ed8
Raging Heavens	太虚ノ矛【衝天】		lance	l3ed9
Harbah Lance	ハルバアルメンカル		lance	l3fe0
Turbulent Lance	叛槍アルメンカル		lance	l3fe1
Harbah Rebellion	乱叛槍アルメンカル		lance	l3fe2
Thornspike Rosenpikser	棘刺槍ローゼンピィン		lance	l3b07
Thornspike Rosenblitz	棘刺槍ローゼンハルイ		lance	l3b08
Thornspike Rosentugend	棘刺槍ローゼントゥゲ		lance	l3b09
Thornspike Rosensinn	棘刺槍ローゼンスイン		lance	l3b0a
Vashim Lancer	ヴァシム・ランサ		lance	l3c63
Vashim Halvan	ヴァシム・ハルバン		lance	l3c64
Vashim Ronhi	ヴァシム・ロンヒ		lance	l3c65
Vashim Yopi	ヴァシムーンヨピ		lance	l3c66
Deathroad Faith	デスルート・ナシリエ		lance	l3c7f
Deathroad Noblese	デスルート・バブレ		lance	l3c80
Deathroad Praise	デスルート・イスヒ		lance	l3c81
Deathsign Revere	デスサイン・リリチ		lance	l3c82
Pulsing Mist	プルスステュレイラ		lance	l3cff
Soaking Mist	ソークテュレイラ		lance	l3d00
Harmful Mist	サドマテュレイラ		lance	l3d01
Freezing Froststorm	フリーズテューレ		lance	l3d02
Mido Guitar Khiva	絶爆狼槍トルミロ		lance	l3d75
Mido Guitar Aron	絶爆狼槍モタガト		lance	l3d76
Mido Gutar Solito	絶爆狼槍コレルー		lance	l3d77
"Mido Guitar ""Shiki"""	絶爆狼槍【ホマレ】		lance	l3d78
Ganoharpoon	ガノハプーン		lance	l3e43
Ganopolybius	ガノポリビウス		lance	l3e44
Ganotemple	ガノテンプル		lance	l3e45
Ganotoggle	ガノントグル		lance	l3e46
"Inagami Pike ""Camellia"""	雅翁槍ツバキ		lance	l3ee9
"Inagami Pike ""Adorn"""	雅翁槍ドラッセ		lance	l3eea
"Inagami Pike ""Vibrance"""	雅翁槍デルニム		lance	l3eeb
"Inagami Pike ""Chrysanth"""	雅翁槍ディモルフォ		lance	l3eec
"Torid Lance ""Walls"""	トリドケイズ		lance	l3f5b
"Torid Lance ""Ruin"""	トリドスレイズ		lance	l3f5c
"Torid Lance ""Palace"""	トリドミケーネ		lance	l3f5d
"Torid Lance ""Tomb"""	トリド・デン		lance	l3f5e
"Anoru Lance ""Once"""	ゼーゲ・ワンス		lance	l4129
"Anoru Lance ""Wunsch"""	ゼーゲ・リバース		lance	l412a
"Anoru Lance ""Sharp"""	ゼーゲ・シャルプ		lance	l412b
"Anoru Lance ""Dolor"""	ゼーゲ・ドラー		lance	l412c
Eryu Xiria	エリュー・フリム		lance	l41d7
Eryu Hurimu	エリュー・フリッツ		lance	l41d8
Eryu Hurittu	エリュー・シーザレ		lance	l41d9
Eryu Sizare	エリュー・ヴィンジス		lance	l41da
"Magma Spear ""Zircon"""	岩漿鎧槍ジルゴン		lance	l428f
"Magma Spear ""Gwon"""	岩漿鎧槍グォーン		lance	l4290
"Magma Spear ""Labradorit"""	岩漿鎧槍ラブラドル		lance	l4291
"Magma Spear ""Obsidian"""	岩漿鎧槍オブシディア		lance	l4292
"Harudo Spear ""Asimi"""	司銀輝槍アスィミ		lance	l4457
"Harudo Spear ""Metoxu"""	司銀輝槍メトゥ		lance	l4458
"Harudo Spear ""Risashion"""	司銀輝槍リサシオン		lance	l4459
"Harudo Spear ""Sudoraba"""	司銀輝槍スドラーバ		lance	l445a
"Composer Spire ""Intro"""	歌唄ノ槍【前奏】		lance	l3b97
"Composer Spire""Chorus"""	歌唄ノ槍【中奏】		lance	l3b98
"Composer Spire""Encore"""	歌唄ノ槍【後奏】		lance	l3b99
"Prayer Lance ""Prelude"""	歌踊ノ槍【前奏】		lance	l3d4e
"Prayer Lance ""Interlude"""	歌踊ノ槍【中奏】		lance	l3d4f
"Prayer Lance ""Finale"""	歌踊ノ槍【後奏】		lance	l3d50
"Musical Lance ""Prelude"""	歌舞ノ槍【前奏】		lance	l3f00
"Musical Lance ""Chorus"""	歌舞ノ槍【中奏】		lance	l3f01
"Musical Lance ""Encore"""	歌舞ノ槍【後奏】		lance	l3f02
"Recital Lance ""Prelude"""	歌詠ノ槍【前奏】		lance	l3faa
"Recital Lance ""Chorus"""	歌詠ノ槍【中奏】		lance	l3fab
"Recital Lance ""Encore"""	歌詠ノ槍【後奏】		lance	l3fac
"Melody Lance ""Prelude"""	歌奏ノ槍【前奏】		lance	l4169
"Melody Lance ""Chorus"""	歌奏ノ槍【中奏】		lance	l416a
"Melody Lance ""Encore"""	歌奏ノ槍【後奏】		lance	l416b
"Enrapture Lance ""Intro"""	歌繋ノ槍【前奏】		lance	l437e
"Enrapture Lance ""Chorus"""	歌繋ノ槍【中奏】		lance	l437f
"Enrapture Lance ""Encore"""	歌繋ノ槍【後奏】		lance	l4380
Golden Tears I	ゴールドティアⅠ		lance	l20d5
Golden Tears II	ゴールドティアⅡ		lance	l20d6
Golden Tears III	ゴールドティアⅢ		lance	l20d7
Golden Tears IV	ゴールドティアⅣ		lance	l20d8
Gold Tier V	ゴールドティアⅤ		lance	l3182
Silver Tears I	シルバーティアⅠ		lance	l20d9
Silver Tears II	シルバーティアⅡ		lance	l20da
Silver Tears III	シルバーティアⅢ		lance	l20db
Silver Tears IV	シルバーティアⅣ		lance	l20dc
Silver Tier V	シルバーティアⅤ		lance	l3183
Bronze Tears I	ブロンズティアⅠ		lance	l20dd
Bronze Tears II	ブロンズティアⅡ		lance	l20de
Bronze Tears III	ブロンズティアⅢ		lance	l20df
Bronze Tears IV	ブロンズティアⅣ		lance	l20e0
Bronze Tier V	ブロンズティアⅤ		lance	l3184
Chroma Pillar	クロマピラー		magspike	l420d
Chroma Pillar+	クロマピラー・改		magspike	l420e
True Chroma Pillar	クロマピラー・真		magspike	l420f
Final Chroma Pillar	クローマピラー		magspike	l4210
Poet Pillar	ポエトピラー		magspike	l43af
Poet Pillar+	ポエトピラー・改		magspike	l43b0
True Poet Pillar	ポエトピラー・真		magspike	l43b1
Poetry Pillar	ポエトリピラー		magspike	l43b2
Just Meat I	ジャストミートⅠ		magspike	l41f6
Just Meat II	ジャストミートⅡ		magspike	l41f7
Just Meat III	ジャストミートⅢ		magspike	l41f8
Just Meat Nya!	ジャストミートニャ！		magspike	l41f9
"Epoch Spike ""Sunrise"""	賀正斬鎚【日出】		magspike	l42f7
"Epoch Spike ""Sunlight"""	賀正斬鎚【日光】		magspike	l42f8
"Epoch Spike ""Clear Sky"""	賀正斬鎚【天晴】		magspike	l42f9
"Epoch Spike ""Amaterasu"""	賀正斬鎚【天照】		magspike	l42fa
Graham Spike I	グラハムスパイクⅠ		magspike	l4339
Graham Spike II	グラハムスパイクⅡ		magspike	l433a
Graham Spike III	グラハムスパイクⅢ		magspike	l433b
Graham Spike IV	グラハムスパイクⅣ		magspike	l433c
Graham Spike V	グラハムスパイクⅤ		magspike	l433d
Volnoborin I	ヴォルノボリんⅠ		magspike	l4498
Volnoborin II	ヴォルノボリんⅡ		magspike	l4499
Volnoborin III	ヴォルノボリんⅢ		magspike	l449a
Volnoborin IV	ヴォルノボリんⅣ		magspike	l449b
Magi Prayer	マジェ・プライア		magspike	l43f3
Magi Ohan	マジェ・オハン		magspike	l43f4
Gray Praia	グレイ・プライア		magspike	l4435
Gray Lia Fail	グレイ・リアファル		magspike	l4436
Minio・Iru	ミニオ・イール		magspike	l41fb
Minio・Azari	ミニオ・アザリー		magspike	l41fc
Harine Ira	ハリネ・イーラ		magspike	l4251
Harine Izari	ハリネ・イザリー		magspike	l4252
Parting Guuku	パッカリグーク		magspike	l424b
Parting Guuku Quack!	パッカリグークグワ！		magspike	l424c
Splitting Guuku	パックリグーク		magspike	l424d
Splitting Guuku Quack!	パックリグークグワ！		magspike	l424e
Renka Spike	煉華ノ斬鎚		magspike	l4368
"Renka Spike ""Horse"""	煉華ノ斬鎚【馬】		magspike	l4369
"Renka Spike ""Stallion"""	煉華ノ斬鎚【馬超】		magspike	l436a
"Renka Spike ""Dissipate"""	煉華ノ斬鎚【越裂】		magspike	l436b
Phantom Divine	ファントムディバイン		magspike	l41f1
Wish Master	ウィッシュマスター		magspike	l4249
Heading North	ヘッディングノース		magspike	l424a
Proto Spike : α	試作型磁斬槌－α		magspike	l424f
Proto Spike : β	試作型磁斬鎚－β		magspike	l4250
Bramble Spike Rozenade	棘貫斬鎚ローゼンナデ		magspike	l4229
Bramble Spike Rozenrita	棘貫斬鎚ローゼンリタ		magspike	l422a
Bramble Spike Rozenmere	棘貫斬鎚ローゼンメア		magspike	l422b
Bramble Spike Rozenmag	棘貫斬鎚ローゼンマグ		magspike	l422c
Hyuji・Magna	ヒュージ・マグナ		magspike	l422d
Hyuji・Nadal	ヒュージ・ナダル		magspike	l422e
Hyuji・Dulu	ヒュージ・ドゥル		magspike	l422f
Hyuhyuji・Pillar	ヒュヒュージ・ピラー		magspike	l4230
"Mido Spike ""Frenzy"""	絶爆狼斬鎚フレンジー		magspike	l4231
"Mido Spike ""Etincelle"""	絶爆狼斬鎚エタンセル		magspike	l4232
"Mido Spike ""Scintilla"""	絶爆狼斬鎚シンティラ		magspike	l4233
"Mido Spike ""Sen"""	絶爆狼斬鎚【セン】		magspike	l4234
Magnetic Mist	マグネテュレイラ		magspike	l4235
Tearing Mist	ティアーテュレイラ		magspike	l4236
Flowing Mist	イナルステュレイラ		magspike	l4237
Chilling Froststorm	チリングテューレ		magspike	l4238
"Ruko Spike ""Baglio"""	極龍斬鎚バグリオ		magspike	l4239
"Ruko Spike ""Own"""	極龍斬鎚オウン		magspike	l423a
"Ruko Spike ""Incru"""	極龍斬鎚インクリ		magspike	l423b
"Light Ruko Spike ""Shisa"""	光極龍斬鎚シィサ		magspike	l423c
"Inagami Spike ""Silane"""	雅翁斬鎚シラン		magspike	l423d
"Inagami Spike ""Shakuna"""	雅翁斬鎚シャクーナ		magspike	l423e
"Inagami Spike ""Orphan"""	雅翁斬鎚オーファン		magspike	l423f
"Inagami Spike ""Frigion"""	雅翁斬鎚フリジオン		magspike	l4240
"Torid Pillar ""Wise"""	トリドワイズ		magspike	l4241
"Torid Pillar ""Phrase"""	トリドフレイズ		magspike	l4242
"Torid Pillar ""Allies"""	トリドアリーズ		magspike	l4243
"Torid Pillar ""Uzi"""	トリド・ウジ		magspike	l4244
"Anoru Pillar ""Kalim"""	ゼーゲ・カリム		magspike	l4245
"Anoru Pillar ""Fool"""	ゼーゲ・フゥール		magspike	l4246
"Anoru Pillar ""Dagusu"""	ゼーゲ・ダグス		magspike	l4247
"Anoru Pillar ""Wandemu"""	ゼーゲ・ワンデム		magspike	l4248
Layer Spike	多殻真斬鎚		magspike	l4447
"Layer Spike ""Snapdragon"""	多殻真斬鎚【金魚草】		magspike	l4448
"Layer Spike ""Marigold"""	多殻真斬鎚【立金花】		magspike	l4449
"Layer Spike ""Hanamizuki"""	多殻真斬鎚【花水木】		magspike	l444a
"Harudo Spike ""Shirogane"""	司銀斬鎚シロガネ		magspike	l4463
"Harudo Spike ""Deruna"""	司銀斬鎚デルーナ		magspike	l4464
"Harudo Spike ""Serinos"""	司銀斬鎚セリノス		magspike	l4465
"Harudo Spike ""Emandaro"""	司銀斬鎚エマンダロ		magspike	l4466
"Utatsunagi Spike ""Solo"""	歌繋ノ斬鎚【独奏】		magspike	l4386
S.Cross Bowgun	Ｓ・クロスボウガン	Ｓ·十字弩	right	l001c
Felyne Helldoll	アイルーヘルドール	艾路娃娃	right	l0098
Felyne Ragdoll	アイルーラグドール	艾路玩偶	right	l0096
Ruko's Imbell	イムベル＝アーラ	沐雨之翼	right	l0466
Vashimu Gun	ヴァシムガン	尾晶蠍弩	right	l00ff
Vashimu Fire	ヴァシムファイア	尾晶蠍之焰	right	l0100
Valkyrie Fire	ヴァルキリーファイア	女武神之火	right	l0004
Valkyrie Blaze	ヴァルキリーブレイズ	女武神烈焰	right	l001e
Blessed Lamp	ウラナイランプ	占卜燈	right	l005b
Uranos Grenade	ウラノスグレネード	天王星榴彈弩	right	l0027
Lobster Gun	エビィーガン	蝦弩	right	l0060
Chaos Parasol	カオスフリルパラソル	混沌褶邊遮陽傘	right	l05be
Kaktus Jaeger	カクトスイェーガー	棘刺獵人	right	l00f2
Kaktus Gewehr	カクトスゲヴェーア	棘刺步槍	right	l00f1
Kaktus Siegen	カクトスズィーゲン	棘龍輕弩	right	l010d
Hornet Gun	カンタロスガン	龍甲蟲弩	right	l0003
Kantharos Rifle	カンタロスライフル	龍甲蟲槍	right	l00da
King Lobster Gun	キングエビィーガン	蝦王弩	right	l0068
Kut-Ku Anger	クックアンガー	怪鳥之怒	right	l0035
Kut-Ku Rage	クックレイジ	怪鳥狂怒	right	l0036
Grenade Launcher	グレネードボウガン	手榴彈弩	right	l000b
Grenade Launcher+	グレネードボウガン改	榴彈弩·改	right	l0032
Cross Bowgun	クロスボウガン	十字輕弩	right	l0001
Cross Bowgun+	クロスボウガン改	十字弩·改	right	l0002
Chronos Grenade	クロノスグレネード	大地之神榴彈弩	right	l0034
Furious Gale	ゲイルアンガー	疾風之怒	right	l0555
Gold Valkyrie	ゴールドヴァルキリー	黃金女武神	right	l0020
Sandfall	サンドフォール	沙之瀑布	right	l002f
Sandfall+	サンドフォール改	沙之瀑布·改	right	l0031
Jade Storm	ジェイドストーム	翡翠風暴	right	l0061
Jade Tempest	ジェイドテンペスト	翠綠颶風	right	l0067
Jebia Gun	ジェビアガン	灰晶蠍弩	right	l010e
Jebia Fire	ジェビアファイア	灰晶蠍之火	right	l010f
Lavafish Light Gun	ジャーマピラータ	熔岩輕弩	right	l05bf
Lavafish Gun	ジャーマペスカード	熔岩弩	right	l0101
Shotgun (Shadow)	ショットボウガン・陰	霰彈弩·陰	right	l00f0
Shotgun (Blood)	ショットボウガン・紅	霰彈弩·紅	right	l0008
Shotgun (Azure)	ショットボウガン・蒼	霰彈弩·蒼	right	l0006
Shotgun (White)	ショットボウガン・白	霰彈弩·白	right	l0019
Shotgun (Green)	ショットボウガン・碧	霰彈弩·碧	right	l0007
Shotgun (Sun)	ショットボウガン・陽	霰彈弩·陽	right	l00ef
Silver Spartacus	シルバースパルタカス	白銀劍鬥士	right	l0024
Spartacus Fire	スパルタカスファイア	劍士之火	right	l0005
Spartacus Blaze	スパルタカスブレイズ	劍鬥士烈焰	right	l0022
Sleeping Demon	スリーピングデモン	沉睡惡魔	right	l050f
Sleeping Beast	スリーピングビースト	沉睡猛獸	right	l00ee
Spartacus Soul	ソウルスパルタカス	劍鬥士之魂	right	l0021
Spartacus Soul+	ソウルスパルタカス改	劍鬥士之魂·改	right	l0023
Dark Parasol	ダークフリルパラソル	黑暗褶邊遮陽傘	right	l003a
Dirty Bandage	ダーティバンデージ	汙穢繃帶輕弩	right	l050e
Titan Launcher	タイタングレネード	巨人榴彈弩	right	l000c
Titan Launcher+	タイタングレネード改	泰坦榴彈弩·改	right	l0033
Tail Catapult	テイルカタパルト	吹雪弩	right	l009a
Tail String	テイルストリング	紫霞	right	l005d
Desert Storm	デザートストーム	沙漠風暴	right	l000a
Desert Tempest	デザートテンペスト	沙漠大風暴	right	l0030
Raven Do	ド【烏】	鬥【烏】	right	l005c
Wolf Do	ド【狼】	鬥【狼】	right	l0069
Don Shower	ドン・シャワー	吞·浴	right	l02c2
Don Splash	ドン・スプラッシュ	吞·瀑布	right	l02c3
Noble Chivalry	ノブレシャヴァリー	尖牙彈弓	right	l02af
Valkyrie Heart	ハートヴァルキリー	心之女武神	right	l001d
Valkyrie Heart+	ハートヴァルキリー改	心之女武神·改	right	l001f
Heartless Bandage	ハートレスバンデージ	冷酷繃帶輕弩	right	l008a
Angel Parasol	パールフリルパラソル	珍珠裝飾傘	right	l003b
Crimson Blade Shower	バレットシャワー・紅	浴火·紅	right	l002c
Aqua Blade Shower	バレットシャワー・蒼	浴火·蒼	right	l002a
Green Blade Shower	バレットシャワー・碧	浴火·碧	right	l002b
Peach Parasol	ピーチフリルパラソル	桃色裝飾傘	right	l009b
Sakura Parasol	ピンクフリルパラソル	粉紅裝飾傘	right	l003c
Ruko's Flugel	フルグル＝アーラ	閃電之翼	right	l0467
Hailbullet・White	ヘイルバレッツ・白	強力子彈·白	right	l0556
Perlengewehr	ペルレゲヴェーア	珍珠步槍	right	l02f8
Perlen Sieg	ペルレズィーゲン	珍珠輕弩	right	l02f9
Volpe Tempesta	ボルペテンペスタ	冰狐暴風弩	right	l041c
Volpe Breeze	ボルペブレッザ	冰狐輕風弩	right	l041b
Magical Lamp	マジカルランプ	魔法燈	right	l00db
Magic Lamp	マジナイランプ	魔咒燈	right	l007b
Maelstrom+	メイルシュトローム改	災禍洪流·改	right	l002e
Melynx Helldoll	メラルーヘルドール	梅拉路玩偶	right	l0099
Melynx Ragdoll	メラルーラグドール	梅拉路娃娃	right	l0097
Melor Chivalry	メリオルシャヴァリー	獠牙彈弓	right	l02b0
Rajang Cannon	ラージャンカノン	金獅子加農	right	l00dc
Rajang Barrage	ラージャンデグ	金獅子弩	right	l005e
Bullet Storm	レインバレッツ・白	豪雨·白	right	l002d
Tigrex Tank	レックスタンク	轟龍戰車	right	l00a6
Rosen Jaeger	ローゼンイェーガー	薔薇獵人	right	l00c0
Rosen Gewehr	ローゼンゲヴェーア	薔薇步槍	right	l00bf
Rosen Siegen	ローゼンズィーゲン	薔薇勝利	right	l00c1
Wild Fungus	ワイルドファンガス	狂野蘑菇	right	l0110
Wild Blessing	ワイルドベンディト	狂野祝福	right	l05c0
Fire Wrath	火竜弩	火龍弩	right	l005f
Flash Fire Wrath	火竜弩・閃	火龍弩·閃	right	l050d
"Fanged Wolf Gun ""Gust"""	牙狼砲【陣風】	牙狼砲【陣風】	right	l0304
"Fanged Wolf Gun ""Gale"""	牙狼砲【烈風】	牙狼砲【烈風】	right	l0305
Crimson Blue	紅碧の対弩	紅碧的對弩	right	l0025
Tigrex Wargun	轟弩【戦虎】	轟弩【戰虎】	right	l00a7
Light Crystal Hbg	晶軽弩	晶輕弩	right	l05f7
Bright Crystal Hbg	晶軽弩ナイン	晶輕弩九號	right	l05f8
Azure Sakura	蒼桜の対弩	蒼櫻的對弩	right	l0026
Supreme Azure Sakura	蒼桜の対弩・覇	蒼櫻的對弩·霸	right	l0028
Iron Fire Gun	鉄火ガン	鐵火槍	right	l00c6
Iron Fire Gun+	鉄火ガン改	鐵火槍·改	right	l0557
Fury Lbg	怒髪弩	怒髮弩	right	l03ed
"Fury Lbg ""Seabreeze"""	怒髪弩【海風】	怒髮弩【海風】	right	l03ee
Scarlet LBG	緋骨軽弩	緋骨輕弩	right	l04f6
"Scarlet LBG ""Ripple"""	緋骨軽弩【飛水】	緋骨輕弩【飛水】	right	l04f7
"Scarlet LBG ""Bird"""	緋骨軽弩【飛鳥】	緋骨輕弩【飛鳥】	right	l04f8
Albatross Thunder Lbg	舞雷銃【信天翁】	舞雷銃【信天翁】	right	l0344
Woodpecker Thunder Lbg	舞雷銃【啄木鳥】	舞雷銃【啄木鳥】	right	l0343
Albatros Darkbolt Gun	冥雷銃【信天翁】	冥雷銃【信天翁】	right	l03ae
Profusion	繚乱の対弩	繚亂的對弩	right	l0029
Black Belt Bowgun	クロオビボウガン	黑帶輕弩	right	l0037
Expert Bowgun	タツジンボウガン	達人輕弩	right	l0038
Expert Bowgun+	タツジンボウガン改	達人弩·改	right	l00af
Kaiden Bowgun	カイデンボウガン	出師之弩	right	l00d3
Demonlock	鬼ヶ島	鬼島	right	l0018
Island of the Gods	神ヶ島	神島	right	l0039
"Meat Gun ""Rare"""	肉砲【レア】	肉砲【半熟】	right	l02b4
"Meat Gun ""Medium"""	肉砲【ミディアム】	肉砲【五分熟】	right	l02b5
"Meat Gun ""Well Done"""	肉砲【ウェルダン】	肉砲【八分熟】	right	l02b6
"Meat Cannon ""Well-Done"""	肉砲【こんがり】	肉砲【全熟】	right	l060b
Eos Mash	イーオスマッシュ	毒菇輕弩	right	l00b2
Gia Smash	ギアノスマッシュ	白菇弩	right	l0102
Caravan Gun I	キャラバンガンⅠ	商隊輕弩Ⅰ	right	l0129
Caravan Gun II	キャラバンガンⅡ	商隊輕弩Ⅱ	right	l012a
Caravan Gun III	キャラバンガンⅢ	商隊輕弩Ⅲ	right	l012b
Caravan Flash Gun	キャラバン閃銃	商隊閃銃	right	l0ad7
Caravan Flash Gun II	キャラバン閃銃Ⅱ	商隊閃銃Ⅱ	right	l0ad8
Caravan Flash Gun III	キャラバン閃銃Ⅲ	商隊閃銃Ⅲ	right	l0ad9
A50C・パローネガンI	パローネガンⅠ		right	l0ca5
A60C・パローネガンII	パローネガンⅡ		right	l0ca6
A70C・パローネガンIII	パローネガンⅢ		right	l0ca7
Argen Bowgun	アルゲンボウガン	鋼金輕弩	right	l04c9
CA04・アルゲンフェキア	アルゲンフェキア	鋼金飛翼	right	l04ca
Zilvagerade	ジルバゲラーデ	銀白直線	right	l04cb
Zilvalinie	ジルバリーニエ	銀白戰線	right	l04cc
Epidosis Bowgun I	エピドシスボウガンⅠ	進化輕弩Ⅰ	right	l0600
Epidosis Bowgun II	エピドシスボウガンⅡ	進化輕弩Ⅱ	right	l0601
Epidosis Bowgun III	エピドシスボウガンⅢ	進化輕弩Ⅲ	right	l0602
Cambio Pistol I	カンビオピストルⅠ	幻化手槍Ⅰ	right	l0603
Cambio Pistol II	カンビオピストルⅡ	幻化手槍Ⅱ	right	l0604
Cambio Pistol III	カンビオピストルⅢ	幻化手槍Ⅲ	right	l0605
Infinity Bowgun	イニティボウガン	初始輕弩	right	l068b
Shipler Bowgun	シプレラボウガン	元祖輕弩	right	l06ab
Dark Curtain Bowgun SP	ベルムボウガンSP	暗幕輕弩ＳＰ	right	l06ac
Blos Shot	ブロスショット	角龍之天罰	right	l0377
Blos Sphera	ブロススフェラ	角龍之領域	right	l0378
Blos Absolute	ブロスアポリト	角龍之絕對	right	l0379
Brute Jaeger	ブルートイェーガー	野蠻獵人	right	l0415
Brute Gewehr	ブルートゲヴェーア	野蠻步槍	right	l0416
Brute Siegen	ブルートズィーゲン	野蠻勝利	right	l0417
Garugun	ガルルガン	黑狼鳥槍	right	l0418
Garuga Gun	ガルルガガン	強化黑狼鳥槍	right	l0419
Garuga Gun Neo	ガルルガガン・ネオ	新黑狼鳥槍	right	l041a
Reus Yell	レウスエール	火龍吶喊	right	l0469
Reus Howl	レウスハウル	火龍怒號	right	l046a
Reus Roar	レウスロアー	火龍轟鳴	right	l046b
Kut-Ku Firebird	クックファイアバード	火怪鳥	right	l04d4
Kut-Ku Viper	クックヴァイパー	毒蛇怪鳥	right	l04d5
D604・クックソルトティス	クックソルトティス	極限怪鳥	right	l04d6
Heartless Satan	ハートレスサターン	冷酷撒旦	right	l04d7
Heartless Blaze	ハートレスブレイザー	冷酷火焰槍	right	l04d8
Heartless Luxus	ハートレスレクサス	冷酷豪華	right	l04d9
Artemis Heart	アルテミスハート	月神之心	right	l04fa
Artemis Baretta	アルテミスバレッタ	月神髮飾	right	l04fb
Artemis Wasp	アルテミスヴェスパ	月神黃蜂	right	l04fc
Ferrum Rose	フエロローザ	鐵薔薇	right	l054a
Cooper Rose	ラーメローザ	銅薔薇	right	l054b
Metal Rose	メタロローザ	金薔薇	right	l054c
Reckless Wildboar Run	猪突軽弩・走	豬突輕弩·走	right	l05a4
Reckless Wildboar Flail	猪突軽弩・転	豬突輕弩·轉	right	l05a5
Violent Wildboar Gun	猪突軽弩・暴	豬突輕弩·暴	right	l05a6
Sleeping Brute	スリーピングブルート	沉睡野獸	right	l0646
Niger's Flugel	ニゲル＝フルグル	暗黑閃電	right	l0468
Forte Tornado	フォルテトルナード	強力龍卷風	right	l041d
Great Dragon Gun	巨龍ガン	巨龍槍	right	l02fd
Flashing Crystal Hbg	閃晶軽弩ノーンサン	光明閃晶輕弩	right	l05f9
Shining Crystal Hbg	烈閃軽弩ネインシーン	光明烈閃輕弩	right	l05fa
"Sky Wolf Gun""Big Dipper"""	天狼砲【北斗】	天狼砲【北斗】	right	l0306
"Fury Lbg ""Seagull"""	怒髪弩級【海猫】	怒髮弩級【海貓】	right	l03ef
"Scarlet LBG ""Heroic"""	緋猛軽弩【雄飛】	緋猛輕弩【雄飛】	right	l04f9
Daora's Vale	バール＝ダオラ	風暴之神鋼龍弩	right	l0128
Daora's Avan	アヴァン＝ダオラ	先鋒鋼龍	right	l0133
Daora's Moarch	モナーク＝ダオラ	君王鋼龍	right	l0654
Daora's Ruler	ルーラー＝ダオラ	鋼龍統御者	right	l0733
Daora's Frigate	フリゲート＝ダオラ	鋼龍巡防者	right	l08bd
Daora's General	ヘネラール＝ダオラ		right	l0cef
Teo's Baretta	テオ＝バレッタ	焰皇髮飾	right	l02d8
Teo's Barrage	テオ＝バラージ	焰皇連射砲	right	l054d
Teo's Kugel	テオ＝クーゲル	焰皇彈丸	right	l0652
Teo's Colund	テオ＝コルンド	炎皇爆裂槍	right	l0731
Teostra's Fury	テオ＝フラム	炎王怒焰	right	l0b75
Teostra's Galich	テオ＝ガリーチ		right	l0dfa
Floating Peak Gun	浮岳ガン	浮岳槍	right	l033c
True Floating Peak Gun	真浮岳獄銃	真浮岳獄銃	right	l05fb
"True Floating Peak""Soul"""	真浮岳獄銃【魂】	真浮岳獄銃【魂】	right	l0653
True Floating Heaven Gun	真浮岳獄銃【天】	真浮岳獄銃【天】	right	l0732
True Floating Rage Gun	真浮岳烈銃【極】	真浮岳烈銃【極】	right	l0c67
True Floating Vigor Gun	真浮岳始銃【寿】	真浮岳始銃【壽】	right	l0c68
True Canary Thunder Lbg	真舞雷銃【金糸雀】	真舞雷銃【金絲雀】	right	l0345
True Canary Darkbolt Gun	真冥雷銃【金糸雀】	真冥雷銃【金絲雀】	right	l03af
True Dove Darkbolt Gun	真冥雷獄銃【斑鳩】	真冥雷獄銃【斑鳩】	right	l012e
True Thrush Darkbolt Gun	真冥雷獄銃【鶫】	真冥雷獄銃【鶇】	right	l012d
True Redpoll Drkbolt Gun	真冥雷獄銃【紅鶸】	真冥雷獄銃【紅鶸】	right	l0730
True Osprey Darkbolt Gun	真冥雷獄銃【雎鳩】	真冥雷獄銃【雎鳩】	right	l08bb
Tita Barra	ティタ・バーラ	狠鬥·針刺	right	l072c
Tita Juvia	ティタ・ジュビア	狠鬥·暴雨	right	l072d
Tita Destor	ティタ・デストル	狠鬥·破壞	right	l072e
Tita L Libera	ティタ・Ｌ・リベラ	狠鬥·Ｌ·解放	right	l072f
3B08・バル・オッジ	バル・オッジ	噬血·今時	right	l083b
Baru Bloodurn	バル・オルネ	噬血·綴飾	right	l083d
Baru Bloodglitter	バル・ヴェーチェ	噬血·閃耀	right	l083f
Baru Bloodgrace	バル・グラース	噬血·恩寵	right	l0841
Baru Bloodcrane	バル・クレイン	噬血·白羽	right	l08b8
890B・バル・キクノス	バル・キクノス	バル·キクノス	right	l0b89
Zeru Murmur [Light]	輝界白竜砲【光囁】	輝界白龍砲【光囁】	right	l0831
Zeru Murmur [Gleam]	輝界白竜砲【輝囁】	輝界白龍砲【輝囁】	right	l0832
Zeru Murmur [Dazzle]	輝界白竜砲【眩囁】	輝界白龍砲【炫囁】	right	l0833
Zeru Murmur [Shine]	輝界白竜砲【耀囁】	輝界白龍砲【耀囁】	right	l0834
Zeru Murmur [Luster]	輝界白竜砲【煌囁】	輝界白龍砲【煌囁】	right	l0835
Core Summit	コーレバミット	玄影之丘	right	l08a9
Core Burg	コーレブルグ	玄影之城	right	l08aa
AB08・コーレバザルマ	コーレバザルマ	玄影吟頌	right	l08ab
AC08・コーレバグレス	コーレバグレス	玄影逼現	right	l08ac
Core War	コーレバトルディ	玄影戰意	right	l08ad
Core Divider	コーレバイダ		right	l0cec
Dio Nimbus	ディルアニンバス	競馬鎧弩	right	l0a22
Dio Groza	ディルアグローザ	步槍鎧弩	right	l0a23
Dio Gewitter	ディルアゲヴィッタ	雷雨鎧弩	right	l0a24
Dio Tormenta	ディルアトルメンタ	暴風鎧弩	right	l0a25
Dio Flumine	ディルアフルミネ	閃電鎧弩	right	l0a26
Furoru Pistol	フロルプシカ	花漾手槍	right	l0a64
Furoru Prayer	フロルプーリァ	花漾小型步槍	right	l0a65
Furoru Bayonet	フロルクロペト	花漾衝鋒步槍	right	l0a66
Furoru Pistria	フロルピストリア	花漾突擊步槍	right	l0a67
Furoru Revolver	フロルレボルベル	花漾衝擊步槍	right	l0a68
Furoru's Pistari	フロル＝ピスタリ		right	l0dfb
Snowcrown Monarch Gun	凍王軽弩【冠雪】		right	l0ce6
Frostcrystal Monarch Gun	凍王獄軽弩【珂雪】		right	l0ce7
Hoarfrost Monarch Gun	凍王獄軽弩【霧氷】		right	l0ce8
Blizzard Monarch Gun	凍王獄軽弩【斑雪】		right	l0ce9
Avalanche Monarch Gun	凍王烈軽弩【雪濠】		right	l0cea
Snowstorm Monarch Gun	凍王始軽弩【牡丹雪】		right	l0ceb
Cardo Bowgun	カルドボウガン	地獄輕弩	right	l03b0
Cardo Felchia	カルドフェキア	地獄飛翼	right	l03b1
Rote Gerade	ロートゲラーデ	紅色直線	right	l03b2
Rote Linie	ロートリーニエ	紅色戰線	right	l041e
Rote Aura	ロートアウラ	紅色光環	right	l0a35
Partner Bowgun	パルトナボウガン	戰友輕弩	right	l0a36
Partner Trigger	パルトナフェキア	戰友飛翼	right	l0a37
Rote Knospe	ロートクノスペ	紅色花蕾	right	l0609
Rote Blume	ロートブルーメ	紅色花朵	right	l060a
Noble Casador	ノーブルカサドル	崇高獵槍	right	l0681
Noble Reina	ノーブルウェーナ	崇高血脈	right	l0682
Noble Brearth	ノーブルスフェラ	崇高氣息	right	l0683
Azure Twinkle	アスールトゥインク	湛藍星辰	right	l0684
Eques Bowgun	エクエスボウガン	騎士輕弩	right	l033d
Eques Fakir	エクエスフェキア	騎士飛翼	right	l033e
Weissgerade	ヴァイスゲラーデ	白色直線	right	l033f
Weisslinie	ヴァイスリーニエ	白色戰線	right	l050b
Strega Bowgun	ストレガボウガン	魔女輕弩	right	l0340
Strega Fakir	ストレガフェキア	魔女飛翼	right	l0341
Schwarzgerade	シュヴァルツゲラーデ	黑色直線	right	l0342
Schwarzlinie	シュヴァルツリーニエ	黑色戰線	right	l050c
Schwarzsturm	シュヴァルツトラオム	黑色夢境	right	l057e
Eques Bayonet	エクエスリャトーナ	騎士勝者	right	l0504
Weisse Knospe	ヴァイスクノスペ	白色花蕾	right	l0505
Weisse Blume	ヴァイスブルーメ	白色花朵	right	l0506
Strega Bayonet	ストレガリャトーナ	魔女勝者	right	l0508
Schwarze Knospe	シュヴァルツクノスペ	黑色花蕾	right	l0509
Schwarze Blume	シュヴァルツブルーメ	黑色花朵	right	l050a
Schwarzaura	シュヴァルツアウラ	黑色光環	right	l0606
Aurora Bowgun	オーロワボウガン	金黃輕弩	right	l05a9
AA05・オーロワフェキア	オーロワフェキア	金黃飛翼	right	l05aa
Goldgerade	ゴルトゲラーデ	黃金直線	right	l05ab
Goldlinie	ゴルトリーニエ	黃金戰線	right	l05ac
Goldaura	ゴルトアウラ	黃金光環	right	l05ad
130A・ルレードフシール	ルレードフシール	熾紅旋擊	right	l0a13
140A・ルレードオルファー	ルレードオルファー	熾紅飛焰	right	l0a14
150A・シャロンバーメット	シャロンバーメット	冥神保衛	right	l0a15
160A・シャロンフランピア	シャロンフランピア	冥神名火	right	l0a16
Nobelf Seal	ノーベルフシール	無畏擊銃	right	l0a84
Nobelf Olfer	ノーベルオルファー	無畏連擊鎗	right	l0a85
860A・ゲイオンバーメット	ゲイオンバーメット	忠誠示兆	right	l0a86
870A・ゲイオンフランピア	ゲイオンフランピア	忠誠意旨	right	l0a87
4D0B・オーロワシュナット	オーロワシュナット	金黃破滅者	right	l0b4d
4E0B・オーロワリャトーナ	オーロワリャトーナ	金黃勝者	right	l0b4e
4F0B・ゴルトブルーメ	ゴルトブルーメ	黃金花朵	right	l0b4f
500B・ゴルトトラオム	ゴルトトラオム	黃金夢境	right	l0b50
FD0B・バルザガディエス	バルザガディエス	バルザガディエス	right	l0bfd
FE0B・バルザガティシー	バルザガティシー	バルザガティシー	right	l0bfe
FF0B・リートスマスケ	リートスマスケ	リートスマスケ	right	l0bff
000C・リートスケッテ	リートスケッテ	リートスケッテ	right	l0c00
280C・ヴィレシュナット	ヴィレシュナット	ヴィレシュナット	right	l0c28
290C・ヴィレリャトーナ	ヴィレリャトーナ	ヴィレリャトーナ	right	l0c29
2A0C・ルストブルーメ	ルストブルーメ	ルスト青色メ	right	l0c2a
2B0C・ルストトラオム	ルストトラオム	ルストトラオム	right	l0c2b
D00D・ソルエルディエス	ソルエルディエス		right	l0dd0
D10D・ソルエルティシー	ソルエルティシー		right	l0dd1
D20D・シュヴァルツマスケ	シュヴァルツマスケ		right	l0dd2
D30D・ゲヴィッタディエス	ゲヴィッタディエス		right	l0dd3
Vola Assault	ヴォーラアサルト		right	l0e97
Vola Assault+	ヴォーラアサルト・改		right	l0e98
True Vola Assault	ヴォーラアサルト・真		right	l0e99
Alvora Assault	アルヴォーラアサルト		right	l0e9a
Azure Gun Bullet	アズラクガンブラー		right	l0ed8
D90E・ルラキガンブラー	ルラキガンブラー		right	l0ed9
DA0E・ガルボイガンブラー	ガルボイガンブラー		right	l0eda
DB0E・ニリィガンブラー	ニリィガンブラー		right	l0edb
Ruberbaru	ルベルバル		right	l0f25
Ruberbaru+	ルベルバル・改		right	l0f26
True Ruberbaru	ルベルバル・真		right	l0f27
Ravina Assault	ラヴィナアサルト		right	l0f5b
Ravina Assault+	ラヴィナアサルト・改		right	l0f5c
True Ravina Assault	ラヴィナアサルト・真		right	l0f5d
Final Ravina Assault	ラヴィーナアサルト		right	l0f5e
Dua Gewehr	デュアゲヴェール		right	l0fc7
Dua Gewehr+	デュアゲヴェール・改		right	l0fc8
True Dua Gewehr	デュアゲヴェール・真		right	l0fc9
Esdua Gewehr	エスデュアゲヴェール		right	l0fca
Chroma Assault	クロマアサルト		right	l1021
Chroma Assault+	クロマアサルト・改		right	l1022
True Chroma Assault	クロマアサルト・真		right	l1023
Final Chroma Assault	クローマアサルト		right	l1024
Poet Assault	ポエトアサルト		right	l1047
Poet Assault+	ポエトアサルト・改		right	l1048
True Poet Assault	ポエトアサルト・真		right	l1049
Poetry Assault	ポエトリアサルト		right	l104a
Seia Bouquet	セイア・ブーケ	明月·花束	right	l05ae
Thalia Bouquet	タレイア・ブーケ	盛開女神·花束	right	l05af
Venus Bouquet	ヴィーナス・ブーケ	月神·花束	right	l05b0
Iris Bouquet	イリス・ブーケ	虹之女神·花束	right	l05b1
Charis Bouquet	カリス・ブーケ	三美神·花束	right	l05b2
VLS-0233	ＶＬＳ－０２３３	ＶＬＳ－０２３３	right	l0115
VLS-0052	ＶＬＳ－００５２	ＶＬＳ－００５２	right	l02a1
VLS-7305	ＶＬＳ－７３０５	ＶＬＳ－７３０５	right	l02a2
VLS-7507	ＶＬＳ－７５０７	ＶＬＳ－７５０７	right	l046c
VLS-9701	ＶＬＳ－９７０１	ＶＬＳ－９７０１	right	l0551
VLS-9700α	ＶＬＳ－９７００α	ＶＬＳ－９７００α	right	l057f
Dark Cat Gun	あくねこガン	惡貓槍	right	l02df
Red Cat Gun	あかねこガン	紅貓槍	right	l02e0
Red Cat Grenade Launcher	あかねこグレネード	紅貓榴彈槍	right	l02e1
Red Cat Eternal	あかねこエターナル	紅貓永恆	right	l0552
Weiss Splash	ヴィス・スプラッシュ	黃金魚水花	right	l037a
Weiss Rondo	ヴィス・ロンド	黃金魚輪舞	right	l037b
Weiss Flood	ヴィス・フラッド	黃金魚洪水	right	l037c
Goldfish Cannon	黄金魚砲	黃金魚砲	right	l0553
Today's Cat Ten	きょうかんねこじゅう	教官貓槍	right	l03f0
Today's Cat Ho	きょうかんねこほう	教官貓砲	right	l03f1
Today's Cat San	きょうかんねこさん	教官貓傘	right	l03f2
Today's Cat House	きょうかんねこハウス	教官貓堡	right	l0554
Lovely Bowgun	ラブリーボウガン	可愛輕弩	right	l05fc
Lovely Bowgun+	ラブリーボウガン改	可愛輕弩改	right	l05fd
Lovely Impact	ラブリーインパクト	可愛衝擊	right	l05fe
Lovely Heart	ラブリーハート	可愛甜心	right	l05ff
Lovely Mind	ラブリーマインド	可愛心靈	right	l0820
Lovely Order	ラブリーオーダー	可愛指令	right	l0821
Lovely Charm	ラブリーチャーム		right	l0ea3
5A0A・シュメルナッソ	シュメルナッソ	蝶弩煉擊	right	l0a5a
5B0A・シュメーリオ	シュメーリオ	蝶弩吞燼	right	l0a5b
5C0A・シュメドルフィア	シュメドルフィア	蝶弩攫取	right	l0a5c
5D0A・シュメラフィウム	シュメラフィウム	蝶弩劫掠	right	l0a5d
GLS-0075	ＧＬＳ－００７５	ＧＬＳ－００７５	right	l0a5f
GLS-0422	ＧＬＳ－０４２２	ＧＬＳ－０４２２	right	l0a60
GLS-7601	ＧＬＳ－７６０１	ＧＬＳ－７６０１	right	l0a61
GLS-7600β	ＧＬＳ－７６００β	ＧＬＳ－７６００β	right	l0a62
570B・レガーロアモ	レガーロアモ	紅粉愛意	right	l0b57
580B・レガーロアモ・コミ	レガーロアモ・コミ	紅粉愛意·思	right	l0b58
590B・レガーロアモ・プリ	レガーロアモ・プリ	紅粉愛意·想	right	l0b59
5A0B・レガーロアモ・エテ	レガーロアモ・エテ	紅粉愛意·念	right	l0b5a
5B0B・レガーロアモ・シエ	レガーロアモ・シエ	紅粉愛意·愛	right	l0b5b
7C0F・レガーロアモ・ドウ	レガーロアモ・ドウ		right	l0f7c
Heavens Bridge	天ノ架橋	天ノ架橋	right	l0bee
Moonlight Heavens Bridge	天ノ架橋【月下】	天ノ架橋【月下】	right	l0bef
Devotion Heavens Bridge	夜天ノ架橋【慈愛】	夜天ノ架橋【慈愛】	right	l0bf0
Soothing Heavens Bridge	夜天ノ架橋【慰撫】	夜天ノ架橋【慰撫】	right	l0bf1
Eternal Heavens Bridge	銀漢ノ架橋【幾星霜】	銀漢ノ架橋【幾星霜】	right	l0bf2
FB0C・屈強ナ鋼ヲ粉砕ス軽弩	屈強ナ鋼ヲ粉砕ス軽弩		right	l0cfb
230E・絡繰式・新天地号	絡繰式・新天地号		right	l0e23
240E・絡繰式・新天地号改	絡繰式・新天地号改		right	l0e24
250E・絡繰式・真天地号	絡繰式・真天地号		right	l0e25
210E・幻想ヲ破リシ軽弩	幻想ヲ破リシ軽弩		right	l0e21
Flames and Fuel	炎々ト燃エ盛ル軽弩		right	l0ece
"Resolute Shot ""New"""	決意の軽弩【新】		right	l0f99
"Resolute Shot ""Lunge"""	決意の軽弩【進】		right	l0f9a
"Resolute Shot ""Faith"""	決意の軽弩【信】		right	l0f9b
"Resolute Shot ""Heart"""	決意の軽弩【心】		right	l0f9c
"Resolute Shot ""Truth"""	決意の軽弩【真】		right	l0f9d
"Resolute Shot ""Divine"""	決意の軽弩【神】		right	l0f9e
Yellow Banana	イエロー・バナナ		right	l0fee
Yellow Banaana	イエロー・バナーナ		right	l0fef
Yellow Banaanu	イエロー・バナーヌ		right	l0ff0
Yellow Banaane	イエロー・バナーネ		right	l0ff1
Yellow Banaanas	イエロー・バナーナス		right	l0ff2
Thousand Enemy Tank I	千ノ敵ヲ破リシ戦車Ⅰ		right	l100a
Thousand Enemy Tank II	千ノ敵ヲ破リシ戦車Ⅱ		right	l1006
Thousand Enemy Tank III	千ノ敵ヲ破リシ戦車Ⅲ		right	l1007
Thousand Enemy Tank IV	千ノ敵ヲ破リシ戦車Ⅳ		right	l1008
Thousand Enemy Tank V	千ノ敵ヲ破リシ戦車Ⅴ		right	l1009
Steel Killi I	スティールキリーⅠ	鋼鐵弓弩Ⅰ	right	l0111
Steel Killi II	スティールキリーⅡ	鋼鐵弓弩Ⅱ	right	l0112
Steel Killi IV	スティールキリーⅢ	鋼鐵弓弩Ⅲ	right	l0113
Purfa Set	スティールキリーⅤ	鋼鐵弓弩Ⅴ	right	l030a
Saphir Killy I	サフィールキリーⅠ	蒼玉弓弩Ⅰ	right	l02e2
Saphir Killy II	サフィールキリーⅡ	蒼玉弓弩Ⅱ	right	l02e3
Saphir Killy III	サフィールキリーⅢ	蒼玉弓弩Ⅲ	right	l02e4
Rubino Killi I	ルビーノキリーⅠ	紅石弓弩Ⅰ	right	l0349
Rubino Killi II	ルビーノキリーⅡ	紅石弓弩Ⅱ	right	l034a
Rubino Killi III	ルビーノキリーⅢ	紅石弓弩Ⅲ	right	l034b
Rubino Killi IV	ルビーノキリーⅣ	紅石弓弩Ⅳ	right	l034c
Rubino Killi V	ルビーノキリーⅤ		right	l0db4
Rubino Killi VI	ルビーノキリーⅥ		right	l0db5
Citrine Killi I	シトリアキリーⅠ	黃寶弓弩Ⅰ	right	l03f6
Citrine Killi II	シトリアキリーⅡ	黃寶弓弩Ⅱ	right	l03f7
Citrine Killi III	シトリアキリーⅢ	黃寶弓弩Ⅲ	right	l03f8
Citrine Killi IV	シトリアキリーⅣ	黃寶弓弩Ⅳ	right	l03f9
Amethyst Killi I	アメシスキリーⅠ	紫晶弓弩Ⅰ	right	l0490
Amethyst Killi II	アメシスキリーⅡ	紫晶弓弩Ⅱ	right	l0491
Amethyst Killi III	アメシスキリーⅢ	紫晶弓弩Ⅲ	right	l0492
Amethyst Killi IV	アメシスキリーⅣ	紫晶弓弩Ⅳ	right	l0493
Natra Death	ナトラ・デス	新生死神	right	l0293
Detoss Arkham	デトス・アーカム	魔女之語	right	l0294
Chaos Army	カオス・アーミー	混沌軍隊	right	l0295
Ti amo Blanc	ディアモ・ブラン	純潔之愛	right	l0853
Adamas White	アダマス・ホワイト	不屈之白	right	l0854
Flow Sweezy	フロウ・スウィージー	潮流輕弩	right	l02c5
Gerda Sweezy	ゲルダ・スウィージー	巨神輕弩	right	l02c6
Loisa Sweezy	ルイザ・スウィージー	戰士輕弩	right	l02c7
Burea Sweezy	ブレア・スウィージー	弟兄輕弩	right	l0855
Sweezy Mana	スウィージー・マナ	魔力輕弩	right	l0856
Filan Set	フィラン・セット	慈愛者裝置	right	l0307
Eames Set	イームス・セット	捍衛者裝置	right	l0308
Vinz Set	ヴィンズ・セット	征服者裝置	right	l0309
Zafra Set	ザフラ・セット	調和者裝置	right	l0858
Flamme Com	フラム・コム	紅蓮雷雨	right	l0346
Flamme Rem	フラム・レム	紅蓮射線	right	l0347
Flamme Flamme	フラム・フラム	赤熱紅蓮	right	l0348
Flamme Radium	フラム・ラディウム	紅蓮·鐳	right	l0859
Flamme Larma	フラム・ラルマ	紅蓮·極光	right	l085a
Chrysos I	クリソスⅠ	翡翠輕弩Ⅰ	right	l03b9
Chrysos II	クリソスⅡ	翡翠輕弩Ⅱ	right	l03ba
Chrysos Graya	クリソス・グラヤ	翡翠輕弩·木毒	right	l03bb
Chrysos Fetal	クリソス・ファテル	翡翠輕弩·林精	right	l0869
Ochrysos Magam	オルクリソスマガム	翡翠輕弩·林精女王	right	l086a
Mika Chrysoshia	ミカクリソシア	翡翠森林	right	l088f
Forse Ferro	ソス・フェリ	海洋鋼鐵	right	l03f3
Forse Acciaco	ソス・アステ	海洋星群	right	l03f4
Forse Oro	ソス・ギル	海洋少女	right	l03f5
6B08・ソス・ラムロ	ソス・ラムロ	元素美人	right	l086b
6C08・ミラーソスグート	ミラーソスグート	血禍	right	l086c
Himeka Battler	ヒメカ・バトゥラ	姬華閃耀	right	l046d
6E04・ヒメカ・ボドゥラ	ヒメカ・ボドゥラ	姬華榮耀	right	l046e
6F04・ヒメカ・マドゥラ	ヒメカ・マドゥラ	姬華光耀	right	l046f
6D08・ヒメカ・デンドゥラ	ヒメカ・デンドゥラ	姬華·明耀	right	l086d
6E08・ヒメカ・レジナドゥラ	ヒメカ・レジナドゥラ	姬華·輝耀	right	l086e
Mina Rios	ミナ・リオス	機雷要塞	right	l0487
Mina Octo	ミナ・オクト	機雷皋月	right	l0488
Mina Maios	ミナ・マイオス	機雷神月	right	l0489
Mina Bytes	ミナ・バイテス	機雷束縛	right	l086f
Mina Forne	ミナ・フォルネ	機雷門衛	right	l0870
Mina Maruanoff	ミナ・マルアノフ	機雷閃光	right	l0892
Pile I	パイルⅠ	樁Ⅰ	right	l0686
Pile II	パイルⅡ	樁Ⅱ	right	l0687
Pile III	パイルⅢ	樁Ⅲ	right	l0688
Pile IV	パイルⅣ	樁Ⅳ	right	l0689
Pile Atus	パル・アトゥス	奪命刺樁	right	l068a
Pile Auro	パル・オーロ	黃金刺樁	right	l0ad3
Ein I	エインⅠ	鋼針Ⅰ	right	l070a
Ein II	エインⅡ	鋼針Ⅱ	right	l070b
Ein III	エインⅢ	鋼針Ⅲ	right	l070c
Ein IV	エインⅣ	鋼針Ⅳ	right	l070d
Ein Ira	エイン・イラ	憤怒鋼針	right	l070e
Ein Argento	エイン・アルジェント	白銀鋼針	right	l0ad4
Wolf I	ヴォルフⅠ	餓狼Ⅰ	right	l0aaf
Wolf II	ヴォルフⅡ	餓狼Ⅱ	right	l0ab0
Wolf III	ヴォルフⅢ	餓狼Ⅲ	right	l0ab1
Wolf IV	ヴォルフⅣ	餓狼Ⅳ	right	l0ab2
Wolfsmagen	ヴォルフマーゲン	飢餓野狼	right	l0ab3
Rotkaeppchen	ロートケープヒェン	小紅帽	right	l0ab4
Lobo I	ルブトⅠ	野狼Ⅰ	right	l0b13
Lobo II	ルブトⅡ	野狼Ⅱ	right	l0b14
Lobo III	ルブトⅢ	野狼Ⅲ	right	l0b15
Lobo IV	ルブトⅣ	野狼Ⅳ	right	l0b16
Evil Lobo	ルブト・モーヴェ	野狼·邪惡	right	l0b17
Dangerous Lobo	ルブト・ダンジェ	野狼·危機	right	l0b18
Electromagnetic Bowgun I	超電磁洋弓銃Ⅰ		right	l0c9b
Electromagnetic Bowgun II	超電磁洋弓銃Ⅱ		right	l0c9c
Electromagnetic Bowgun III	超電磁洋弓銃Ⅲ		right	l0c9d
Electromagnetic Bowgun IV	超電磁洋弓銃Ⅳ		right	l0c9e
Electromagnetic Bowgun V	超電磁洋弓銃Ⅴ		right	l0c9f
Electromagnetic Bowgun VI	超電磁洋弓銃Ⅵ		right	l0ca0
Gourmeow No.1	グルメアイルー１号		right	l0e00
Gourmeow No.2	グルメアイルー２号		right	l0e01
Gourmeow No.3	グルメアイルー３号		right	l0e02
Gourmeow No.4	グルメアイルー４号		right	l0e03
Gourmeow No.5	グルメアイルー５号		right	l0e04
Super Gourmeow	超グルメアイルー		right	l0e05
Gourmemeow No.1	グルメメラルー１号		right	l0e06
Gourmemeow No.2	グルメメラルー２号		right	l0e07
Gourmemeow No.3	グルメメラルー３号		right	l0e08
Gourmemeow No.4	グルメメラルー４号		right	l0e09
Gourmemeow No.5	グルメメラルー５号		right	l0e0a
Super Gourmemeow	超グルメメラルー		right	l0e0b
Maje・Sun	マジェ・サーン		right	l1053
Maje・Mine	マジェ・マイン		right	l1054
Maje・Toggle	マジェ・トグルー		right	l1055
Maje・Puleia	マジェ・プレイア		right	l1056
Maje・Scorpio	マジェ・スコピオ		right	l1057
Maje・Thyrsus	マジェ・テュルソス		right	l1058
Gray・Sun	グレイ・サーン		right	l1065
Gray・Mine	グレイ・マイン		right	l1066
Gray・Toggle	グレイ・トグルー		right	l1067
Gray・Puleia	グレイ・プレイア		right	l1068
Gray・Scorpio	グレイ・スコピオ		right	l1069
Gray・Lyceum	グレイ・リュケイオン		right	l106a
180C・吹吹茶釜	吹吹茶釜	吹吹茶釜	right	l0c18
190C・吹吹チャガンマン	吹吹チャガンマン	吹吹チャガンマン	right	l0c19
Solid Carbine	ソリッドカービン	液態卡賓弩	right	l028d
Solid Carbine+	ソリッドカービン・改	液態卡賓弩·改	right	l028e
Matter Carbine	カラビーナ・マテリ	原質卡賓弩	right	l028f
Carbis Materi	カービス・マテリ	原質聖地	right	l0728
Caldorarvis Materi	カルドラ・マテリ	原質源流	right	l0729
Relic Matter	レリック・マテリ	骨董元素弩	right	l091b
Liquid Carbine	リキッドカービン	固態卡賓弩	right	l0290
Liquid Carbine+	リキッドカービン・改	固態卡賓弩·改	right	l0291
Element Carbine	カラビーナ・エレメ	原素卡賓弩	right	l0292
Carbis Eleme	カービス・エレメ	原素聖地	right	l072a
Caldora Eleme	カルドラ・エレメ	原素源流	right	l072b
Relic Element	レリック・エレメ	骨董破壞弩	right	l091c
Heat Stock	ヒートストック	火焰之杖	right	l03b3
Blaze Stock	ブレイズストック	烈焰之杖	right	l03b4
Flare Stock	フレアストック	焰息之杖	right	l03b5
Burst Stock	バーストストック	爆裂魔杖	right	l0644
Volcano Stock	ヴォルケーノストック	火山之杖	right	l09c5
Eruption Stock	イラプションストック	噴發之杖	right	l09c6
Rip Stock	リップルストック	漣漪之杖	right	l03b6
Schwer Stock	スヴェルストック	強盾之杖	right	l03b7
Rogue Stock	ローグストック	遊俠之杖	right	l03b8
Shadow Stock	シャドウストック	暗影魔杖	right	l0645
Downpour Stock	ダウンプーアストック	窮底之杖	right	l09c7
C809・イノンダシオストック	イノンダシオストック	洪患之杖	right	l09c8
Tank Bishop	タンクビショップ	戰車主教	right	l037d
Bastion Bishop	バストンビショップ	魔杖主教	right	l037e
Fort Bishop	フォートビショップ	要塞主教	right	l037f
Fort Cardinal	フォートカーディナル	要塞紅衣主教	right	l0642
Arcus Cardinal	アルクスカーディナル	烈日弓弩	right	l08e5
Puerta Cardinal	プエルタカーディナル	烈日隘口	right	l08e6
Tank Witch	タンクウィッチ	戰車女巫	right	l0380
Bastion Witch	バストンウィッチ	魔杖女巫	right	l0381
Fort Witch	フォートウィッチ	要塞女巫	right	l0382
Fort Sorceress	フォートソーサレス	要塞女魔術師	right	l0643
Arcus Sorceress	アルクスソーサレス	女巫弓弩	right	l08e7
Puerta Sorceress	プエルタソーサレス	女巫隘口	right	l08e8
Uniata	ユニアータ	團結者輕弩	right	l04fd
Uniatti	ユニアッティ	強化團結者輕弩	right	l04fe
Uniatti Gano	ユニカン・ガーノ	勝利團結者	right	l04ff
Unicom Burst	ユニカム・バースト	凝結爆裂之弩	right	l0720
Unicom Pain	ユニカムペイン	凝結苦痛之弩	right	l0721
Unicom Tooth	ユニカムトゥース	串連之牙	right	l091d
Ecruter	イクルータ	開拓者輕弩	right	l0500
Ichrom Burst	イクロム・バースト	殘遺爆裂之弩	right	l0722
Ichrom Bite	イクロムバイト	殘遺啃食之弩	right	l0723
Ichrome Whisper	イクロムウィスパー	遠古絮語	right	l091e
Kugel Squale	クーゲル＝スクァーレ	鮫之槍彈	right	l02b7
Kugel Katze	クーゲル＝カッツェ	貓之槍彈	right	l02b8
Kugel Volpe	クーゲル＝ヴォルペ	狐之槍彈	right	l02b9
Suedkugel	クーゲル＝シュッド	彈丸·南	right	l08e9
Westkugel	クーゲル＝ヴェスト	彈丸·西	right	l08ea
Meridiankugel	クーゲル＝メリーディ	彈丸·中心	right	l08eb
Dual Paralyze	デュエルパライズ	麻痺決鬥輕弩	right	l02d9
Lava Paralyze	ラーヴァパライズ	麻痺熔岩輕弩	right	l02da
Needleant	ナーデルアント	利針之蟻	right	l02db
Nadel Paralyze	ナーデルパライズ	麻痺刺針	right	l0724
Nadel Drive	ナーデルドライブ	強擊刺針	right	l0725
Nadel Klueger	ナーデルクルーガ	智慧刺針	right	l0897
Duel Poison	デュエルポイズン	毒藥決鬥輕弩	right	l02dc
Lava Poison	ラーヴァポイズン	毒藥熔岩輕弩	right	l02dd
Needlewasp	ナーデルヴェスパ	利針之黃蜂	right	l02de
Nadel Toxic	ナーデルトキシック	猛毒刺針	right	l0726
Nadel Miasma	ナーデルマイアズマ	瘴氣刺針	right	l0727
Nadel Rook	ナーデルルーク	尖塔刺針	right	l0898
Reino Rifle	レイノライフル	王國步槍	right	l041f
Republica Rifle	レプブリカライフル	共和國來福槍	right	l0420
Federation Rifle	フェデラシオライフル	聯盟步槍	right	l0421
Professional Rifle	プロファスマライフル	肉食蟲步槍	right	l0871
Loyalty Rifle	ルオルティライフル	暮色步槍	right	l0893
Baron Launcher	バロンランチャー	男爵發射器	right	l0422
Conde Launcher	コンデランチャー	伯爵發射器	right	l0423
Marquis Launcher	マルケスランチャー	侯爵發射器	right	l0424
Itasis Launcher	イタシスランチャー	壇黑發射器	right	l0873
Epigaus Launcher	エピガウスランチャー	白鋼發射器	right	l0874
Agelos Launcher	アゲロスランチャー	銀光發射器	right	l0894
Isna Bowgun	イスナボウガン	女神輕弩	right	l05b6
Isna Baretta	イスナバレッツ	女神子彈	right	l05b7
Isna Blast	イスナブラスト	女神暴風	right	l05b8
Isna Assault	イスナアサルト	女神奇襲	right	l05b9
Isna Aria	イスナアリア	十一詠唱	right	l08ec
Isna Bank	イスナバンク	十一圍堤	right	l08ed
BA05・サラーサボウガン	サラーサボウガン	三號輕弩	right	l05ba
BB05・サラーサバレッツ	サラーサバレッツ	三號子彈	right	l05bb
BC05・サラーサブラスト	サラーサブラスト	三號暴風	right	l05bc
BD05・サラーサアサルト	サラーサアサルト	三號奇襲	right	l05bd
Sarah Aria	サラーサアリア	第三詠唱	right	l08ee
Sarah Bank	サラーサバンク	第三圍堤	right	l08ef
God's Majesty	神威	神威	right	l0136
"God's Majesty ""Dream"""	神威【幻】	神威【幻】	right	l0137
"God's Majesty ""Vision"""	神威【幻魔】	神威【幻魔】	right	l0138
"God's Majesty ""Illusion"""	神威【幻魔王】	神威【幻魔王】	right	l0139
"God's Majesty ""2.Coming"""	神威【再臨】	神威【再臨】	right	l085f
God's Palace	神居	神居	right	l013a
"God's Palace ""Dream"""	神居【幻】	神居【幻】	right	l013b
"God's Palace ""Vision"""	神居【幻魔】	神居【幻魔】	right	l013c
"God's Palace ""Illusion"""	神居【幻魔王】	神居【幻魔王】	right	l013d
"God's Palace""2.Coming"""	神居【再臨】	神居【再臨】	right	l0860
CD08・パートルショット	パートルショット	珍珠狙殺者	right	l08cd
CE08・サフィールショット	サフィールショット	藍寶石狙殺者	right	l08ce
Ruby Shot	ルビーショット	紅寶石狙殺者	right	l08d0
Opal Shot	オーパロショット	蛋白石狙殺者	right	l08d1
D208・ディル・メレーナ	ディル・メレーナ	綻華門衛	right	l08d2
D308・レーヴ・ティアーナ	レーヴ・ティアーナ	暗塵狙殺	right	l08d3
April Shot	アヴリルショット	四月狙殺者	right	l08d4
May Shot	ユーニウスショット	五月狙殺者	right	l08d5
December Shot	デサンブルショット	十二月狙殺者	right	l08d7
June Shot	ジューンショット	六月狙殺者	right	l08d8
D908・ディル・シェーン	ディル・シェーン	綻華破碎	right	l08d9
DA08・ベル・ティアーナ	ベル・ティアーナ	地獄狙殺	right	l08da
0C06・パスリグオクトル	パスリグオクトル	爆彈輕弩	right	l060c
0D06・パスリグアミド	パスリグアミド	中堅輕弩	right	l060d
0E06・パスリグダイナ	パスリグダイナ	動能輕弩	right	l060e
Pasrigo Papilo	パスリグパピリオー	彩蝶輕弩	right	l09c1
Pasrigo Slopia	パスリグスロウピア	慢星輕弩	right	l09c2
Pissure Kali	ピスールカーリ	旋風輕弩	right	l060f
Pissur Clin	ピスールクリン	戰神輕弩	right	l0610
Pissur Call	ピスールコール	司令輕弩	right	l0611
Pissure Apis	ピスールアピス	聖牛輕弩	right	l09c3
Pissure Hipiz	ピスールヒピアーズ	突貫輕弩	right	l09c4
R.O.S.I	Ｒ．Ｏ．Ｓ．Ⅰ	R.O.SⅠ	right	l0a41
R.O.S.II	Ｒ．Ｏ．Ｓ．Ⅱ	R.O.SⅡ	right	l0a42
R.O.S.III	Ｒ．Ｏ．Ｓ．Ⅲ	R.O.SⅢ	right	l0a43
R.O.S.IV	Ｒ．Ｏ．Ｓ．Ⅳ	R.O.SⅣ	right	l0a44
R.O.S.V	Ｒ．Ｏ．Ｓ．Ⅴ	R.O.SⅤ	right	l0a45
R.O.S.VI	Ｒ．Ｏ．Ｓ．Ⅵ	R.O.SⅥ	right	l0a46
D709・ノデル・フュジ	ノデル・フュジ	薄羽弩槍	right	l09d7
D809・ノデル・ゲベル	ノデル・ゲベル	薄羽背骨	right	l09d8
DA09・ノデル・エンフィ	ノデル・エンフィ	薄羽實槍	right	l09da
DB09・ノデル・スナイドル	ノデル・スナイドル	薄羽精槍	right	l09db
DC09・ルエニー・スペンサ	ルエニー・スペンサ	皇家詩豪	right	l09dc
DD09・ルエニー・エクレル	ルエニー・エクレル	皇家手槍	right	l09dd
DE09・クラン・フュジ	クラン・フュジ	名門弩槍	right	l09de
DF09・クラン・ゲベル	クラン・ゲベル	名門背骨	right	l09df
E109・クラン・エンフィ	クラン・エンフィ	名門實槍	right	l09e1
E209・クラン・スナイドル	クラン・スナイドル	名門步槍	right	l09e2
E309・クリスチア・スペンサ	クリスチア・スペンサ	學者詩豪	right	l09e3
E409・クリスチア・エクレル	クリスチア・エクレル	學者手槍	right	l09e4
9B0B・ヴィリロス	ヴィリロス	ヴィリロス	right	l0b9b
9C0B・ヴィリロス・ブリリオ	ヴィリロス・ブリリオ	ヴィリロス·ブ百合	right	l0b9c
9D0B・ヴィリロス・リント	ヴィリロス・リント	ヴィリロス·リント	right	l0b9d
9E0B・ヴィリロス・ランツ	ヴィリロス・ランツ	ヴィリロス·ランツ	right	l0b9e
9F0B・トゥパース	トゥパース	トゥパース	right	l0b9f
A00B・ザフィーア	ザフィーア	ザフィーア	right	l0ba0
Oniche	オニチェ	オニチェ	right	l0ba1
A20B・オニチェ・ブリリオ	オニチェ・ブリリオ	オニチェ·ブ百合	right	l0ba2
A30B・オニチェ・リント	オニチェ・リント	オニチェ·リント	right	l0ba3
A40B・オニチェ・ランツ	オニチェ・ランツ	オニチェ·ランツ	right	l0ba4
Manaitio	マナイト	マナイト	right	l0ba5
Spirune	スピルネ	スピルネ	right	l0ba6
Lovely Gun	ラブリーガン	可愛槍	right	l048a
Lovely Assault	ラブリーアサルト	可愛奇襲	right	l048b
Lovely Splash	ラブリースプラッシュ	可愛水花	right	l048c
Lovely Attack	ラブリーアタック		right	l0f35
Lovely Body	ラブリーボディ		right	l0f36
Lovely Poogie	ラブリープーギー		right	l0f37
Baby Gun	ベイビーガン	寶貝槍	right	l048d
Baby Assault	ベイビーアサルト	寶貝奇襲	right	l048e
Baby Blaster	ベイビーブラスター	寶貝衝擊槍	right	l048f
Baby Attack	ベイビーアタック		right	l0f38
Baby Body	ベイビーボディ		right	l0f39
Baby Poogie	ベイビープーギー		right	l0f3a
Immortal Carbine	イモータルカービン	不朽卡賓弩	right	l06fe
Immortal Cannon	イモータルキャノン	不朽加農	right	l06ff
Immortal Burst	イモータルバースト	不朽爆裂	right	l0700
Immortal Assault	イモータルアサルト	不朽奇襲	right	l0701
Immortal Predator	イモータルプレデター	不朽掠奪者	right	l0702
Immortalism	イモータルトーメント	不朽苦痛	right	l0703
Immortal Pain	イモータルペイン		right	l0c51
Immortal Sorrow	イモータルソロウ		right	l0f3e
Battle Fury	バトルフューリー	激憤戰鬥	right	l0704
Raging Fury	レイジングフューリー	激憤狂暴	right	l0705
Creeping Fury	クリーピンフューリー	激憤蔓延	right	l0706
Abyssal Fury	アビサルフューリー	激憤深淵	right	l0707
Raining Fury	レインオブフューリー	激憤之雨	right	l0708
Ravenous Fury	ラビナスフューリー	激憤飢渴	right	l0709
Demon's Fury	デモンズフューリー		right	l0c52
Storm Fury	ストームフューリー		right	l0f3f
Sacred Falling Sun I	陽ヲモ葬ル聖ノ軽弩Ⅰ		right	l0ef5
Sacred Falling Sun II	陽ヲモ葬ル聖ノ軽弩Ⅱ		right	l0ef6
Sacred Falling Sun III	陽ヲモ葬ル聖ノ軽弩Ⅲ		right	l0ef7
Sacred Falling Sun IV	陽ヲモ葬ル聖ノ軽弩Ⅳ		right	l0ef8
Sacred Falling Sun V	陽ヲモ葬ル聖ノ軽弩Ⅴ		right	l0ef9
Sacred Falling Sun VI	陽ヲモ葬ル聖ノ軽弩Ⅵ		right	l0efa
Sacred Falling Sun VII	陽ヲモ葬ル聖ノ軽弩Ⅶ		right	l0efb
BF08・パラージゼスカル	パラージゼスカル	城塞凍結弩	right	l08bf
C008・フィートゼスカル	フィートゼスカル	功勳凍結弩	right	l08c0
C108・ディマトゼスカル	ディマトゼスカル	公牛凍結弩	right	l08c1
C208・アレドゼスカル	アレドゼスカル	能量凍結弩	right	l08c2
C308・マザドゼスカル	マザドゼスカル	真砂凍結弩	right	l08c3
C408・グラドゼスカル	グラドゼスカル	高等凍結弩	right	l08c4
C508・バズドゼスカル	バズドゼスカル	轟音凍結弩	right	l08c5
C608・パラージフェジカ	パラージフェジカ	城塞物理弩	right	l08c6
C708・フィートフェジカ	フィートフェジカ	功勳物理弩	right	l08c7
C808・ディマトフェジカ	ディマトフェジカ	公牛物理弩	right	l08c8
C908・アレドフェジカ	アレドフェジカ	能量物理弩	right	l08c9
CA08・マザドフェジカ	マザドフェジカ	真砂物理弩	right	l08ca
CB08・グラドフェジカ	グラドフェジカ	高等物理弩	right	l08cb
CC08・バズドフェジカ	バズドフェジカ	轟音物理弩	right	l08cc
190B・ケット	ケット	探索	right	l0b19
1A0B・ケット・リベルテ	ケット・リベルテ	探索·自由	right	l0b1a
1B0B・ケット・オダシュー	ケット・オダシュー	探索·大膽	right	l0b1b
1C0B・ケット・コネサンス	ケット・コネサンス	探索·知識	right	l0b1c
1D0B・ケット・シャンス	ケット・シャンス	探索·強運	right	l0b1d
1E0B・ケット・クロワサンス	ケット・クロワサンス	探索·成長	right	l0b1e
1F0B・ケット・デクヴェルト	ケット・デクヴェルト	探索·發現	right	l0b1f
200B・ポーイスク	ポーイスク	尋求	right	l0b20
210B・ポーイスク・ロースト	ポーイスク・ロースト	尋求·成長	right	l0b21
220B・ポーイスク・ジャジダ	ポーイスク・ジャジダ	尋求·欲望	right	l0b22
230B・ポーイスク・パミャチ	ポーイスク・パミャチ	尋求·記憶	right	l0b23
240B・ポーイスク・チェスチ	ポーイスク・チェスチ	尋求·名譽	right	l0b24
250B・ポーイスク・スラヴァ	ポーイスク・スラヴァ	尋求·光榮	right	l0b25
260B・ポーイスク・ウーズィ	ポーイスク・ウーズィ	尋求·羈絆	right	l0b26
2D0C・エフディスト	エフディスト	エフ熾凍龍ト	right	l0c2d
2E0C・エフトロール	エフトロール	エフトロール	right	l0c2e
2F0C・エフエスト	エフエスト	エフエスト	right	l0c2f
300C・エフミーラ	エフミーラ	エフミーラ	right	l0c30
310C・エフドミノ	エフドミノ	エフドミノ	right	l0c31
320C・ユーバー	ユーバー	ユーバー	right	l0c32
330C・ユファル	ユファル	ユファル	right	l0c33
340C・スルディスト	スルディスト	スル熾凍龍ト	right	l0c34
350C・スルトロール	スルトロール	スルトロール	right	l0c35
360C・スルエスト	スルエスト	スルエスト	right	l0c36
370C・スルミーラ	スルミーラ	スルミーラ	right	l0c37
380C・スルドミノ	スルドミノ	スルドミノ	right	l0c38
390C・プラル	プラル	プラル	right	l0c39
3A0C・ラルーフィ	ラルーフィ	ラルーフィ	right	l0c3a
Parachan Bow I	ぱらちゃんガンⅠ	海豹娃娃槍Ⅰ	right	l028a
Parachan Bow II	ぱらちゃんガンⅡ	海豹娃娃槍Ⅱ	right	l028b
Parachan Bow III	ぱらちゃんガンⅢ	海豹娃娃槍Ⅲ	right	l028c
Luna's Bostesso	ナナ＝ボステッソ	炎妃呵欠弩	right	l02b1
Luna's Vulcano	ナナ＝ヴルカーノ	炎妃火山弩	right	l02b2
Luna's Ganard	ナナ＝ガナール	炎妃勝利弩	right	l02b3
Luna's Anneue	ナナ＝アンヌエ	炎妃衝擊弩	right	l0685
Mount Shasta	マウントシャスタ	白山	right	l0612
Grande Amore	グランデアモーレ	貴族之愛	right	l0613
Leben Rose	ラヴィアンローズ	薔薇色人生	right	l0614
Nut Rush	ナッツ・ラッシュ	堅果·突擊	right	l070f
Nuts Assault	ナッツ・アサルト	堅果·強襲	right	l0710
Nuts Barrage	ナッツ・バラージ	堅果·彈幕	right	l0711
Tasty Nuts	ナッツ・テイスティ	堅果·美味	right	l0712
Chocolate Rush	チョコ・ラッシュ	巧克力·突襲	right	l0713
Chocolate Assault	チョコ・アサルト	巧克力·強襲	right	l0714
Chocolate Barrage	チョコ・バラージ	巧克力·彈幕	right	l0715
Tasty Chocolate	チョコ・テイスティ	巧克力·美味	right	l0716
Cookie Rush	クッキー・ラッシュ	餅乾·突襲	right	l0717
Cookie Assault	クッキー・アサルト	餅乾·強襲	right	l0718
Cookie Barrage	クッキー・バラージ	餅乾·彈幕	right	l0719
Tasty Cookie	クッキー・テイスティ	餅乾·美味	right	l071a
Raisin Rush	レーズン・ラッシュ	葡萄乾·突襲	right	l071b
Raisin Assault	レーズン・アサルト	葡萄乾·強襲	right	l071c
Raisin Barrage	レーズン・バラージ	葡萄乾·彈幕	right	l071d
Tasty Raisin	レーズン・テイスティ	葡萄乾·美味	right	l071e
660B・ノヴァエラ	ノヴァエラ	新星紀元	right	l0b66
Mentigun	メンティガン	受選之鎗	right	l0b5d
D60F・煉舞ノ軽弩【鹿縞】	煉舞ノ軽弩【鹿縞】		right	l0fd6
D70F・煉舞ノ軽弩【沼瑞】	煉舞ノ軽弩【沼瑞】		right	l0fd7
D80F・煉舞ノ軽弩【曲凛】	煉舞ノ軽弩【曲凛】		right	l0fd8
D90F・煉舞ノ軽弩【佐倉】	煉舞ノ軽弩【佐倉】		right	l0fd9
Renka Gun	煉華ノ軽弩		right	l0f72
"Renka Gun ""Petasites"""	煉華ノ軽弩【蕗】		right	l0f73
"Renka Gun ""Milvus"""	煉華ノ軽弩【蕗鳶】		right	l0f74
750F・煉華ノ軽弩【香光】	煉華ノ軽弩【香光】		right	l0f75
Lethe Rifle	煉獄ノ軽弩		right	l1032
"Lethe Rifle ""Anarchy"""	煉獄ノ軽弩・反抗		right	l1033
"Lethe Rifle ""Desire"""	煉獄ノ軽弩・願望		right	l1034
"Lethe Rifle ""Jurojin"""	煉獄ノ軽弩【寿老人】		right	l1035
Liberty	リバティ		right	l0ff7
570C・王弩ライカン	王弩ライカン	王弩ライカン	right	l0c57
580C・真・王牙弩【天鼓】	真・王牙弩【天鼓】	真·王牙弩【天鼓】	right	l0c58
Evil Machine	イビルマシーン	イビルマシーン	right	l0c70
"Diregun ""Dementia"""	滅弩ダークデメント	滅弩ダークデメント	right	l0c71
Dios Blast	ディオスブラスト		right	l0c72
Lightbreak Ballista	破岩弩バリスタイト		right	l0c73
Tabula Blizzara	ブリザードタビュラ		right	l0c7d
Diamond Crest	ダイヤモンドクレスト		right	l0c7f
Hidden Gaze	ヒドゥンゲイズ		right	l0d0e
Night Owl	夜行弩【梟ノ眼】		right	l0d0f
Brimstren Drakekiss	獄弩リュウシン		right	l0e1a
Stygian Invidia	狼牙弩【反獄】		right	l0e1b
Ray of Weiss	レイofヴァイス		right	l0e65
660E・レイofシャンバラ	レイofシャンバラ		right	l0e66
Le Lumiere	THEオラクル		right	l0ebe
Le Vertu	THEエデン		right	l0ebf
Wicked Needle	凶針【水禍】		right	l0f42
Needle Phalanx	太虚ノ針【沖天】		right	l0f43
Rasasa Bowgun	ラサーサアルシアラ		right	l0f88
Rasasa Rebellion	乱叛弩アルシアラ		right	l0f8a
Lightning Gun	絶雷振砲		right	l0e2a
"Lightning Gun ""Shoot"""	絶雷振砲【放放】		right	l0e2b
"Lightning Gun ""Strike"""	絶雷振砲【撃撃】		right	l0e2c
"Lightning Gun ""Burst"""	絶雷振砲【爆爆】		right	l0e2d
360E・盾蟹軽弩アスタヴィテ	盾蟹軽弩アスタヴィテ		right	l0e36
370E・盾蟹軽弩アスタベロシ	盾蟹軽弩アスタベロシ		right	l0e37
380E・盾蟹軽弩アスタヴェロ	盾蟹軽弩アスタヴェロ		right	l0e38
390E・盾蟹軽弩アスタソルア	盾蟹軽弩アスタソルア		right	l0e39
790E・ブラージュグラニゾ	ブラージュグラニゾ		right	l0e79
7A0E・ブラージュゲヴィ	ブラージュゲヴィ		right	l0e7a
7B0E・ブラージュトルメン	ブラージュトルメン		right	l0e7b
7C0E・ドドブラン・ヴーノ	ドドブラン・ヴーノ		right	l0e7c
6D0E・火竜猛軽弩リーミン	火竜猛軽弩リーミン		right	l0e6d
6E0E・火竜猛軽弩アマネセル	火竜猛軽弩アマネセル		right	l0e6e
6F0E・火竜猛軽弩リツウ	火竜猛軽弩リツウ		right	l0e6f
700E・火竜猛軽弩リオフラム	火竜猛軽弩リオフラム		right	l0e70
Ex Burstwolf Lbg Bestin	絶爆狼軽弩ベステ		right	l0ef1
Ex Burstwolf Lbg Washu	絶爆狼軽弩ワシュ		right	l0ef2
Ex Burstwolf Lbg Kuteno	絶爆狼軽弩クテノ		right	l0ef3
"Ex Burstwolf Lbg""Himmel"""	絶爆狼軽弩【ヒメル】		right	l0ef4
"Inagami Gun ""Thistle"""	雅翁軽弩アザミ		right	l0f49
"Inagami Gun ""Nephila"""	雅翁軽弩ネフィラ		right	l0f4a
"Inagami Gun ""Namanade"""	雅翁軽弩ナマナード		right	l0f4b
"Inagami Gun ""Roberis"""	雅翁軽弩ローベリス		right	l0f4c
"Dark Launcher ""Saxicola"""	絶極冥雷銃【野鶲】		right	l0f6a
"Dark Launcher ""Ficedula"""	絶極冥雷銃【黄鶲】		right	l0f6b
"Dark Launcher ""Auroreus"""	絶極冥雷銃【尉鶲】		right	l0f6c
"Dark Launcher ""Tarsiger"""	絶極冥雷銃【瑠璃鶲】		right	l0f6d
"Bloodeating Gun ""Spice"""	喰血絶銃スピーズ		right	l1019
"Bloodeating Gun ""Sweet"""	喰血絶銃スリト		right	l101a
"Bloodeating Gun ""Suflan"""	喰血絶銃スフラン		right	l101b
"Bloodeating Gun ""Sukado"""	喰血絶銃スカドゥ		right	l101c
"Composer Shot ""Intro"""	歌唄ノ軽弩【前奏】		right	l0e55
"Composer Shot ""Chorus"""	歌唄ノ軽弩【中奏】		right	l0e56
"Composer Shot ""Encore"""	歌唄ノ軽弩【後奏】		right	l0e57
"Prayer Shot ""Intro"""	歌踊ノ軽弩【前奏】		right	l0ecf
"Prayer Shot ""Chorus"""	歌踊ノ軽弩【中奏】		right	l0ed0
760F・歌詠ノ軽弩【前奏】	歌詠ノ軽弩【前奏】		right	l0f76
770F・歌詠ノ軽弩【中奏】	歌詠ノ軽弩【中奏】		right	l0f77
780F・歌詠ノ軽弩【後奏】	歌詠ノ軽弩【後奏】		right	l0f78
"Enrapture Gun ""Intro"""	歌繋ノ軽弩【前奏】		right	l103e
"Enrapture Gun ""Chorus"""	歌繋ノ軽弩【中奏】		right	l103f
"Enrapture Gun ""Encore"""	歌繋ノ軽弩【後奏】		right	l1040
Burning Zero Dragon Axe	灼零エルゼアクス		slaxe	l3e04
Caravan Axe I	キャラバン斬斧Ⅰ		slaxe	l3989
Caravan Axe II	キャラバン斬斧Ⅱ		slaxe	l398a
"Wailaxe ""Soundbloom"""	歌紡ノ斧【響華】		slaxe	l3a9f
Imperial Righteous Axe	帝征獄剣斧【正道】		slaxe	l3950
Imperial Justice Axe	帝征烈剣斧【正善】		slaxe	l3951
Imperial Duty Axe	帝征始剣斧【正路】		slaxe	l3952
Dark Shadow	コーレテネブライ		slaxe	l3963
Deep Shadow	コーレスコトス		slaxe	l3964
Mysterious Shadow	コーレドゥンケル		slaxe	l3965
Inferno Horn Axe	炎角獄剣斧【炎咲】		slaxe	l3ae0
Flamedance Horn Axe	炎角烈剣斧【炎舞】		slaxe	l3ae1
Flamewaltz Horn Axe	炎角始剣斧【炎舞踏】		slaxe	l3ae2
Volja Tenak	ヴォルカ・テナク		slaxe	l39a4
Volja Pisma	ヴォルカ・ピスマ		slaxe	l39a5
Volja Kapal	ヴォルカ・カパル		slaxe	l39a6
Blazing Peak Axe	焔嶽龍ノ剣斧		slaxe	l3c56
E83A・ヴォーラアックス	ヴォーラアックス		slaxe	l3ae8
Vola Axt	ヴォーラアクスト		slaxe	l3c09
Vola Axt+	ヴォーラアクスト・改		slaxe	l3c0a
True Vola Axt	ヴォーラアクスト・真		slaxe	l3c0b
Alvora Axt	アルヴォーラアクスト		slaxe	l3c0c
Azura Axt	アズラクジャンフ		slaxe	l3d66
Azura Axt+	ルラキジャンフ		slaxe	l3d67
True Azura Axt	ガルボイジャンフ		slaxe	l3d68
Azure Axt	ニリィジャンフ		slaxe	l3d69
Ruber-Tsukuri	ルベルツェクリ		slaxe	l3e6b
Ruber-Tsukuri+	ルベルツェクリ・改		slaxe	l3e6c
True Ruber-Tsukuri	ルベルツェクリ・真		slaxe	l3e6d
Terra Ruber-Tsukuri	テラルベルツェクリ		slaxe	l3e6e
Ravina Axt	ラヴィナアクスト		slaxe	l3f2b
Ravina Axt+	ラヴィナアクスト・改		slaxe	l3f2c
True Ravina Axt	ラヴィナアクスト・真		slaxe	l3f2d
Final Ravina Axt	ラヴィーナアクスト		slaxe	l3f2e
Dua Beil	デュアバイル		slaxe	l4009
Dua Beil+	デュアバイル・改		slaxe	l400a
True Dua Beil	デュアバイル・真		slaxe	l400b
Esdua Beil	エスデュアバイル		slaxe	l400c
Chroma Axt	クロマアクスト		slaxe	l4314
Chroma Axt+	クロマアクスト・改		slaxe	l4315
True Chroma Axt	クロマアクスト・真		slaxe	l4316
Final Chroma Axt	クローマアクスト		slaxe	l4317
Poet Axt	ポエトアクスト		slaxe	l43ab
Poet Axt+	ポエトアクスト・改		slaxe	l43ac
True Poet Axt	ポエトアクスト・真		slaxe	l43ad
Poetry Axt	ポエトリアクスト		slaxe	l43ae
Prototype Switch-Axe	試作型剣斧		slaxe	l385e
Phantom Haze Axe	幻影ノ霞払イシ剣斧		slaxe	l3862
Intense Flame Axe	猛炎ヲ迎エ撃ツ剣斧		slaxe	l3863
Steel Crushing Axe	屈強ナ鋼ヲ粉砕ス剣斧		slaxe	l3861
Annihilation Axe	劫火ヲ滅消セシ剣斧		slaxe	l3864
Chachabu Airou	チャチャブアイルー		slaxe	l3a99
New Shakalaka Airou I	新チャチャブアイルー		slaxe	l418b
New Shakalaka Airou II	進チャチャブアイルー		slaxe	l418c
New Shakalaka Airou III	浸チャチャブアイルー		slaxe	l418d
True Shakalaka Airou	真チャチャブアイルー		slaxe	l418e
BE3C・暴乱ヲ鎮圧ス天雷斧	暴乱ヲ鎮圧ス天雷斧		slaxe	l3cbe
Hurray Chloe	万歳クロエ		slaxe	l3e13
Anniversary Chloe I	十周年万歳クロエ		slaxe	l3e14
Anniversary Chloe II	祝十周年万歳クロエ		slaxe	l3e15
Anniversary Chloe III	祝十周年万々歳クロエ		slaxe	l3e16
"Resolute Axe ""Heart"""	決意の剣斧【心】		slaxe	l4040
"Resolute Axe ""Truth"""	決意の剣斧【真】		slaxe	l4041
"Resolute Axe ""God"""	決意の剣斧【神】		slaxe	l4042
Pumpkin Is Pawsome	カボチャが好きニャ		slaxe	l41f2
Sweets are Pawsome	お菓子が好きニャ		slaxe	l41f3
Mischief is Pawsome	イタズラが好きニャ		slaxe	l41f4
Happy Meowoween	ハッピーニャロウィン		slaxe	l41f5
Unknown Encounter	未知との邂逅		slaxe	l4335
Unknown Friendship	未知との親交		slaxe	l4336
Unknown Struggle	未知との闘争		slaxe	l4337
Unknown Creation	未知との創造		slaxe	l4338
Biscuit Cream I	ビスケットクリームⅠ		slaxe	l448f
Biscuit Cream II	ビスケットクリームⅡ		slaxe	l4490
Biscuit Cream III	ビスケットクリームⅢ		slaxe	l4491
Biscuit Cream IV	ビスケットクリームⅣ		slaxe	l4492
Schwan	シュヴァン		slaxe	l3a9c
Ruler's Descent	水流ヲ覇スル雷師ノ斧		slaxe	l3aa2
Pezzeno	ペッツェーノ		slaxe	l3aa4
Supreme Axe Francisca	覇斧フランシスカ		slaxe	l433f
Lillie	リーリエ		slaxe	l38ae
Lillie Grace	リーリエ・グレイス		slaxe	l38af
Eurier	ユーリエ		slaxe	l39be
Eurier Grace	ユーリエ・グレイス		slaxe	l39bf
Gogomoa Plush I	ゴゴモアぬいぐるみⅠ		slaxe	l3d25
Gogomoa Plush II	ゴゴモアぬいぐるみⅡ		slaxe	l3d26
Absolute Gogo Plush I	絶ゴゴぬいぐるみⅠ		slaxe	l3da1
Absolute Gogo Plush II	絶ゴゴぬいぐるみⅡ		slaxe	l3da2
Alkimia's Revival	アルキミアの再興		slaxe	l418f
Alkimia's Story	アルキミアの究譚		slaxe	l4190
Alkimia's Proof	アルキミアの証明		slaxe	l4191
Alkimia's Truth	アルキミアの真理		slaxe	l4192
Magi Ranger	マジェ・レンジャ		slaxe	l43ed
Magi Parashu	マジェ・パラシュ		slaxe	l43ee
Gray Ranger	グレイ・レンジャ		slaxe	l442f
Gray Chak	グレイ・チャク		slaxe	l4430
Terrain	ヴィグル		slaxe	l3b81
Ette Terrain	エッテ・ヴィグル		slaxe	l3b82
Solitude	ソリテュー		slaxe	l3b83
Ette Solitude	エッテ・ソリテュー		slaxe	l3b84
Emperor Ice King Axe	王皇氷剣斧		slaxe	l39e2
Emperor Ice King Axe+	王皇氷剣斧・改		slaxe	l39e3
Ex Eperor Ice Axe	王皇氷剣斧・絶		slaxe	l3c07
Dark Ice King Axe	王冥氷剣斧		slaxe	l39e4
Dark Ice King Axe+	王冥氷剣斧・改		slaxe	l39e5
Ex Dark Ice King Axe	王冥氷剣斧・絶		slaxe	l3c08
Feather Axe	フェザ・アクス		slaxe	l386b
Feather Axe Neo	ネオフェザ・アクス		slaxe	l386c
Duve Axe	デュヴェ・アクス		slaxe	l3867
Duve Axe Neo	ネオデュヴェ・アクス		slaxe	l3868
Sacred Violet Melody I	奏ヅル藤聖ノ剣斧Ⅰ		slaxe	l3ddd
Sacred Violet Melody II	奏ヅル藤聖ノ剣斧Ⅱ		slaxe	l3dde
Minio・Riin	ミニオ・リーン		slaxe	l41ff
Minio・Henza	ミニオ・ヘンザー		slaxe	l4200
Harine Ruun	ハリネ・ルーン		slaxe	l4255
Harine Herijii	ハリネ・ヘリジー		slaxe	l4256
Zamuzalista	ザムザリスタ		slaxe	l4139
Zamuzaramuza	ザムザラムザ		slaxe	l413a
Zio Zio	ズィオズィオ		slaxe	l3ba0
Zuio Zuio	ズィーオズィーオ		slaxe	l3ec4
Dahlia	ダリア		slaxe	l3ba1
Crimson	紅		slaxe	l3ba2
Eternal Creation	ミラエアスト		slaxe	l3d8b
Eternal Creation+	ミラエアスト改		slaxe	l3d8c
Renka Axe	煉華ノ剣斧		slaxe	l3f17
"Renka Axe ""Clover"""	煉華ノ剣斧【萩】		slaxe	l3f18
"Renka Axe ""Lespedeza"""	煉華ノ剣斧【萩猪】		slaxe	l3f19
"Renka Axe ""Halo"""	煉華ノ剣斧【円光】		slaxe	l3f1a
"Rondo Axe ""Vanguard"""	煉舞ノ剣斧【先鋒】		slaxe	l4065
"Rondo Axe ""Second"""	煉舞ノ剣斧【次鋒】		slaxe	l4066
"Rondo Axe ""Spearhead"""	煉舞ノ剣斧【最鋒】		slaxe	l4067
"Rondo Axe ""Kasai"""	煉舞ノ剣斧【葛西】		slaxe	l4068
Lethe Axe	煉獄ノ剣斧		slaxe	l4364
"Lethe Axe ""Anarchy"""	煉獄ノ剣斧・反抗		slaxe	l4365
"Lethe Axe ""Desire"""	煉獄ノ剣斧・願望		slaxe	l4366
"Lethe Axe ""Budai"""	煉獄ノ剣斧【布袋】		slaxe	l4367
Blue Blood	ブルーブラッド		slaxe	l41f0
Hidden Axe	ヒドゥンアックス		slaxe	l3885
Avidya Axe	無明剣斧【滅諦】		slaxe	l3886
Dios Axe	ディオスアックス		slaxe	l394e
Brisant Demolisher	破岩剣斧エクリクシー		slaxe	l394f
Usurpers Downpour	王剣斧ライデン		slaxe	l3855
Despots Cloudburst	王牙剣斧【裂雷】		slaxe	l3856
Tyrannos	テュランノス		slaxe	l3857
Saligia Enderaxe	滅斧グラバリタ		slaxe	l3858
Amber Slash	アンバースラッシュ		slaxe	l3859
Giga Galefrost	ギガゲイルフロスト		slaxe	l385a
Motor Burst	モーターバースト		slaxe	l385b
Gigant Burst	猛振剣斧ギガバースト		slaxe	l385c
Brimstren Drakefang	獄狼斧リュウガ		slaxe	l3a39
Stygian Vanagloria	狼牙剣斧【暴獄】		slaxe	l3a3a
Eisenleib	ウィルofシェイプ		slaxe	l3bca
Eisenherz	ウィルofソウル		slaxe	l3bcb
La Guillotine	THEエグゼキューター		slaxe	l3ce3
La Conclusion	THEクローザー		slaxe	l3ce4
Cloudburst Axe	凶剣斧【白雨】		slaxe	l3edf
Welkin Deluge	太虚ノ剣斧【天維】		slaxe	l3ee0
Baran Defiance	叛伐斧アルダバラン		slaxe	l3fe8
Baran Rebellion	乱叛伐斧アルダバラン		slaxe	l3fe9
Feather Sweeper	フェザースイーパー		slaxe	l3b23
Feather Guts	フェザーガッツ		slaxe	l3b24
Feather Envoy	フェザーパロウ		slaxe	l3b25
Feather Trend	フェザートレンド		slaxe	l3b26
"Aegisaxe ""Astaxe"""	盾蟹剣斧アスタアクス		slaxe	l3b3b
"Aegisaxe ""Astacle"""	盾蟹剣斧アスタスクレ		slaxe	l3b3c
"Aegisaxe ""Astaracha"""	盾蟹剣斧アスタアチャ		slaxe	l3b3d
"Aegisaxe ""Astamasha"""	盾蟹剣斧アスタマシャ		slaxe	l3b3e
Braj Hyono	ブラージュヒョノ		slaxe	l3be3
Braj Ravina	ブラージュラビナ		slaxe	l3be4
Braj Grell	ブラージュグレル		slaxe	l3be5
"Blango ""Blanc"""	ドドブラン・ベルク		slaxe	l3be6
Vashim Zelki	ヴァシム・ツェクリ		slaxe	l3c6b
Vashim Tapol	ヴァシム・タポル		slaxe	l3c6c
Vashim Machado	ヴァシム・マシャド		slaxe	l3c6d
Vashim Sucre	ヴァシムーンスクレ		slaxe	l3c6e
Hyuji Toronpe	ヒュージ・トロンぺ		slaxe	l3cf3
Hyuji Keimon	ヒュージ・ケイモン		slaxe	l3cf4
Hyuji Tarunada	ヒュージ・タルナダ		slaxe	l3cf5
Hyuyuji Vuxin	ヒュヒュージ・ヴィン		slaxe	l3cf6
Ruko Axe Relambago	極龍剣斧レランバゴ		slaxe	l3e2f
Ruko Axe Tonit	極龍剣斧トニト		slaxe	l3e30
Ruko Axe Rambon	極龍剣斧ランボン		slaxe	l3e31
Light Ruko Axe Helan	光極龍剣斧ヘラン		slaxe	l3e32
"Dark Axe ""Corvus"""	絶極冥雷斧【子鴉】		slaxe	l3f77
"Dark Axe ""Corax"""	絶極冥雷斧【渡鴉】		slaxe	l3f78
"Dark Axe ""Corone"""	絶極冥雷斧【嘴細鴉】		slaxe	l3f79
"Dark Axe ""Macrorhynchos"""	絶極冥雷斧【嘴太鴉】		slaxe	l3f7a
"Rage Axe ""Pit"""	極怒貌斧【大穴】		slaxe	l3fca
"Rage Axe ""Crater"""	極怒貌斧【穴隙】		slaxe	l3fcb
"Rage Axe ""Ravine"""	極怒貌斧【穿孔】		slaxe	l3fcc
"Wrath Axe ""Fennu"""	絶怒貌斧フェンヌ		slaxe	l3fcd
"Bloody Axe ""Babel"""	喰血絶剣斧バベル		slaxe	l427f
"Bloody Axe ""Basra"""	喰血絶剣斧バスラ		slaxe	l4280
"Bloody Axe ""Badon"""	喰血絶剣斧バドン		slaxe	l4281
"Bloody Axe ""Baridu"""	喰血絶剣斧バリドゥ		slaxe	l4282
"Magma Axe ""Cosmo"""	岩漿鎧剣斧コスモ		slaxe	l4297
"Magma Axe ""Amethy"""	岩漿鎧剣斧アメジー		slaxe	l4298
"Magma Axe ""Emerald"""	岩漿鎧剣斧エメルド		slaxe	l4299
"Magma Axe ""Andras"""	岩漿鎧剣斧アンドラス		slaxe	l429a
Layer Axe	多殻真剣斧		slaxe	l4443
"Layer Axe ""Primrose"""	多殻真剣斧【桜草】		slaxe	l4444
"Layer Axe ""Spiderwort"""	多殻真剣斧【紫露草】		slaxe	l4445
"Layer Axe ""Dragonstail"""	多殻真剣斧【半夏生】		slaxe	l4446
Song Spinning Axe	歌紡ノ斧【無華】		slaxe	l3a9e
"Wailaxe ""Icebloom"""	歌紡ノ斧【氷華】		slaxe	l3aa1
"Wailaxe ""Lightbloom"""	歌紡ノ斧【光華】		slaxe	l3aa0
"Composer Axe ""Solo"""	歌唄ノ剣斧【独奏】		slaxe	l3b9e
"Prayer Switchaxe ""Solo"""	歌踊ノ剣斧【独奏】		slaxe	l3d55
"Recital Axe ""Solo"""	歌詠ノ剣斧【独奏】		slaxe	l3fbd
"Enrapture Axt ""Solo"""	歌繋ノ剣斧【独奏】		slaxe	l4385
Twin Dagger	ツインダガー	雙短劍	souken	l00ea
Hurricane	ハリケーン	颶風雙劍	souken	l00ec
Cyclone	サイクロン	旋風雙劍	souken	l00ee
Dual Tomahawk	デュアルトマホーク	雙戰斧	souken	l00ef
Dual Tomahawk+	デュアルトマホーク改	雙戰斧·改	souken	l00f0
Great Tomahawk	グレートトマホーク	強力戰斧	souken	l103f
Great Tomahawk+	グレートトマホーク改	強力戰斧·改	souken	l1040
Twin Axe	ツインアックス	雙斧	souken	l1041
Twin Tornado	ツイントルネード	龍捲風雙斧	souken	l112c
Twin Typhoon	ツインタイフーン	颱風雙斧	souken	l131f
Insector	インセクトオーダー	昆蟲特製雙劍	souken	l00fc
Insector+	インセクトオーダー改	昆蟲特製雙劍·改	souken	l00fd
Insect Slicer	インセクトスライサー	昆蟲雙切	souken	l0168
Insect Mage	インセクトメイジ	昆蟲魔法師	souken	l026f
Insect Ark	インセクトアーク	昆蟲弧形劍	souken	l03da
Cooler Dagger	クーラーダガー	凍結雙刀	souken	l0213
Icicle Dagger	アイシクルダガー	冰柱短刀	souken	l0214
Giaprey Claws	ギアノスクロウズ	冰猛龍雙爪	souken	l0206
Giaprey Claws+	ギアノスクロウズ改	強化冰猛龍雙爪	souken	l0207
Amphisbaena	アンフィスバエナ	雙頭毒蛇	souken	l0208
Amphisbaena+	アンフィスバエナ改	雙頭蛇·改	souken	l0317
Bone Scythe	ボーンシックル	雙骨劍	souken	l00f6
Bone Scythe+	ボーンシックル改	雙骨劍·改	souken	l00f7
Twin Kut-Ku	クックツインズ	怪鳥耳	souken	l00dc
Twin Kut-Ku+	クックツインズ改	怪鳥耳·改	souken	l01c7
Pink Maracas	ピンクボンボン	粉紅雙球錘	souken	l00ed
Funky Maracas	ファンキーボンボン	古怪雙球錘	souken	l01c8
Funky Maracas+	ファンキーボンボン改	古怪雙球錘·改	souken	l02ec
Crazy Bonbon	クレイジーボンボン	瘋狂雙球錘	souken	l1131
Kut-Ku Slasher	クックスラッシャー	怪鳥斬	souken	l1130
Kut-Ku Cutter	クックカッター	怪鳥切	souken	l1249
Cutlass	ガノカットラス	水龍曲刃刀	souken	l00f8
Cutlass+	ガノカットラス改	水龍雙鰭·改	souken	l00f9
Plesioth Sabers	ガノセクター	水龍扇形劍	souken	l026a
High Plesioth Sabers	ハイガノセクター	強化水龍扇形劍	souken	l026b
Bladed Edge	ブレイドエッジ	六刃雙刀	souken	l0152
Bladed Edge+	ブレイドエッジ改	六刃雙刀·改	souken	l0153
Limb Cutter	ヤツザキ	八裂雙劍	souken	l01c9
Yatsuzaki+	ヤツザキ改	八裂雙劍·改	souken	l02eb
Yatsuzaki Festa	ヤツザキフェスタ	八裂祭典雙劍	souken	l1c82
Order Rapier	オーダーレイピア	秩序細劍	souken	l00f1
Holy Saber	ホーリーセーバー	神聖佩劍	souken	l00f3
Guild Knight Sabers	ギルドナイトセーバー	公會騎士軍刀	souken	l0167
Twin Dress Sword	ツインドレスソード	騎士正裝雙劍	souken	l02ca
Twin Crest Sword	ツインクレストソード	蒼紅雙劍	souken	l1911
Prototype Saw-Slicer	工房試作品【鋸斬り】	工房試作品【鋸斬】	souken	l00f4
Sanctioned Blades	正式採用機械鋸	正式採用機械鋸	souken	l00f5
Improved Power Saws	改良型機械鋸	改良型機械鋸	souken	l0166
Strengthened Power Saws	強化型機械鋸	強化型機械鋸	souken	l026d
Strengthened Power Saws+	強化型機械鋸改	強化型機械鋸·改	souken	l112f
Raven Tessen	テッセン【烏】	雙扇【烏】	souken	l00f2
Wolf Tessen	テッセン【狼】	雙扇【狼】	souken	l01ca
Crow Tessen	テッセン【狼王】	雙扇【狼王】	souken	l1a50
Dual Diablo	ブロスブロス	雙角龍劍	souken	l00fa
Dual Diablo+	ブロスブロス改	雙角龍劍·改	souken	l00fb
True Dual Diablo	真・ブロスブロス	真·雙角龍劍	souken	l02ea
Triple Diablo	ブロスブロスブロス	三段角龍劍	souken	l03ae
Twin Flames	ツインフレイム	雙焰刀	souken	l00fe
Hi Twin Flames	ツインハイフレイム	雙子烈焰刀	souken	l00ff
Gradios Ultimus	双剣リュウノツガイ	雌雄雙劍	souken	l0100
Corpse Blades	ゲキリュウノツガイ	金銀龍對劍	souken	l0169
Wyvern Concilliation	ゲキアイノツガイ	金銀雙劍	souken	l1a4e
Pink and Blue	蒼翔桜乱双【松】	蒼翔櫻亂雙【松】	souken	l0f6d
Rose and Cyan	蒼翔桜乱双【桐】	蒼翔櫻亂雙【桐】	souken	l0f6e
Coral and Indigo	蒼翔桜乱双【坊主】	蒼翔櫻亂雙【坊主】	souken	l0f6f
Azure and Cherry	松桐坊主	松桐坊主	souken	l0f70
Double Dragon	双龍剣	雙龍劍	souken	l0101
Dual Dragon Ultimus	双龍剣【極】	雙龍劍【極】	souken	l0102
Ultimus Heaven & Earth	双龍剣【天地】	雙龍劍【天地】	souken	l0165
Double Soaring Dragon	双龍剣【飛翔】	雙龍劍【飛翔】	souken	l1a4f
Flaming Pair	双焔	雙焰	souken	l0157
Crimson Lotus Blades	紅蓮双刃	紅蓮雙刃	souken	l01cb
Twin Blazing Blades	火焔双刃	火焰雙刃	souken	l02cc
Twin Hazy Fireblades	朧火双刃	朧火雙刃	souken	l02cd
True Blazing Edges	業炎双刃	獄炎雙刃	souken	l03d9
Giant Dragon	巨龍双刃	巨龍雙刃	souken	l1913
Velociprey Claws	ランポスクロウズ	迅猛龍雙劍	souken	l015b
Hi Velociprey Claws	ハイランポスクロウズ	迅猛龍雙爪	souken	l01cd
Velocidrome Claws	ドスランポスクロウズ	迅猛龍王雙爪	souken	l103e
Ominous Caw	ハイイーオスクロウズ	毒猛龍雙爪	souken	l0273
Eos-Genumis	イーオス＝ゲヌミス	毒雙爪	souken	l1c83
High Genprey Claws	ハイゲネポスクロウズ	痺猛龍雙爪	souken	l02cb
Melting Wail	メルトウォーリア	毒蝕戰士	souken	l015c
Melting Wail+	メルトウォーリア改	毒蝕戰士·改	souken	l016c
Melt Berserker	メルトバーサーカー	毒蝕狂戰士	souken	l02ed
Molten Commander	メルトコマンダー	毒蝕指擇官	souken	l04f8
Rex Slicers	レックスライサー	轟龍雙切	souken	l02c4
Tigrex Claws	轟爪【虎血】	轟爪【虎血】	souken	l02c5
Kirin Bolts	双雷剣キリン	雙雷劍麒麟	souken	l017b
Twin Kirin Bolt Ultimus	双雷神剣キリン	雙雷神劍麒麟	souken	l0316
Twin Kirin Lightning	双雷皇剣キリン	雙雷皇劍麒麟	souken	l1c81
Legendary Blades F	伝説の双刃Ｆ	傳說的雙刃Ｆ	souken	l0172
Legendary Twin Flames	伝説の双炎刃	傳說的雙炎刃	souken	l026c
New Legendary Twins	新たな伝説の双炎刃	嶄新傳說的雙炎刃	souken	l0eba
Crab Cutters	ザザミクロウズ	雙蟹鉗	souken	l0271
Hermitaur Claws+	ザザミクロウズ改	雙蟹鉗·改	souken	l0315
Hermitaur Scissors	ザザミシザー	巨蟹雙鉗	souken	l03af
Blizzard Fang	ブリザードファング	冰凍雙牙	souken	l026e
Snow White	スノーホワイト	雪白雙劍	souken	l03b0
Pure Snow	ピュアスノー	純潔之雪	souken	l1ef4
Akantor Blades	覇爪アムルカムトルム	霸爪爪神	souken	l02c6
Glutton's Tools	食いしん坊セット	貪吃鬼的餐具	souken	l023d
Cielo Tool	シエロツール	天堂餐具	souken	l023e
Rough Hatchets	折れた鉈	折斷的手斧	souken	l0272
Broken Wicked Machetes	折れた凶鉈	折斷的凶斧	souken	l124a
Felyne and Melynx	アイルー君メラルー君	黑貓白貓君	souken	l023f
Destiny Picks	ピッケル【命】	十字鎬【命】	souken	l0270
Soul Burning Picks	ピッケル【炎魂】	十字鎬【炎魂】	souken	l0306
Crusher Ice Axe	クラッシャーピッケル	崩碎十字鎬	souken	l112e
Hecate's Nails	ラーズヘカーテ	生命女神之首	souken	l02c8
Twin Thunder	雷双	雷雙	souken	l02c9
Tigrex Twins	轟雷双	轟雷雙	souken	l0466
Rosenzahn	ローゼンツァーン	薔薇之牙	souken	l0357
Rosengel	ローゼンナーゲル	薔薇之爪	souken	l0358
Rosenarie Gaits	ローゼンエーアガイツ	薔薇野心雙劍	souken	l0359
Kaktus Zern	カクトスツァーン	棘刺之牙	souken	l03db
Kaktus Nagel	カクトスナーゲル	棘刺之爪	souken	l03dc
Kaktus Tyrannen	カクトスエーアガイツ	棘刺野心雙劍	souken	l04c2
Perle Zahn	ペルレツァーン	珍珠之牙	souken	l0ff8
Perle Nagel	ペルレナーゲル	珍珠之爪	souken	l0ff9
Perle Ehrgeiz	ペルレエーアガイツ	珍珠野心雙劍	souken	l0ffa
Twin Birds	鳥竜双剣	鳥龍雙劍	souken	l0375
Twin Gusts	鳥竜双剣【疾風】	鳥龍雙劍【疾風】	souken	l0376
Twin Gale	鳥竜双剣【烈風】	鳥龍雙劍【烈風】	souken	l1912
Blue Scissors	ブルーシザー	蒼藍剪刀手	souken	l0464
Cobalt Scissors	コバルトシザー	黃金剪刀手	souken	l0465
Vashimu Claws	ヴァシムクロウズ	尾晶蠍雙爪	souken	l0461
Vashimu Slicers	ヴァシムスライサー	尾晶蠍雙切	souken	l0462
Vashimu Sabers	ヴァシムセーバー	尾晶蠍軍刀	souken	l0463
Rathalos Claws	レウスクロウズ	火龍雙斬	souken	l04f4
Rathalos Death Claws	レウスデスクロウズ	奪命火龍雙斬	souken	l04f5
Silver Claws	シルバークロウズ	白銀終極	souken	l056e
Silver Death Claws	シルバーデスクロウズ	白銀終極亡者	souken	l056f
Jebia Claws	ジェビアクロウズ	灰晶蠍雙爪	souken	l04cc
Jebia Slicers	ジェビアスライサー	灰晶蠍雙切	souken	l04cd
Jebia Sabers	ジェビアセーバー	灰晶蠍軍刀	souken	l04ce
Thunderdance Sabers	舞雷双【鴛鴦】	舞雷雙【鴛鴦】	souken	l0e35
Ibis Thunder Sabers	舞雷双【朱鷺】	舞雷雙【朱鷺】	souken	l0e36
Dark Thunder Sabers	冥雷双【鴛鴦】	冥雷雙【鴛鴦】	souken	l1317
Dark Ibis Sabers	冥雷双【朱鷺】	冥雷雙【朱鷺】	souken	l1318
Don Twins	ドン・ツインズ	吞·雙刀	souken	l0eb6
Don Dual	ドン・デュアル	吞·雙劍	souken	l0eb7
Ibuki Fanblades	牙狼双【伊吹】	牙狼雙【伊吹】	souken	l1245
Kurama Fanblades	牙狼双【鞍馬】	牙狼雙【鞍馬】	souken	l1246
Furyhair Pair	怒髪双	怒髮雙	souken	l1412
Love Song Furyhair Pair	怒髪双【恋歌】	怒髮雙【戀歌】	souken	l1413
Dirge Furyhair Pair	怒髪双【哀歌】	怒髮雙【哀歌】	souken	l1414
Volpe Esca	ボルペエスカ	冰狐誘惑	souken	l1571
Volpe Vendetta	ボルペヴェンデッタ	冰狐復仇	souken	l1572
Volpe Rinascita	ボルペリナーシタ	冰狐復甦	souken	l1573
Ruko's Air	アエル＝アーラ	大氣之翼	souken	l18ea
Ruko's Progera	プロケラ＝アーラ	高地之翼	souken	l18eb
Ruko's Nimbus	ニンブス＝アーラ	嵐之翼	souken	l18ec
Taikun Twins	多殻双	多殼雙	souken	l1a3e
"Taikun Twins ""Gardenia"""	多殻双【梔子】	多殼雙【梔子】	souken	l1a3f
"Taikun Twins ""Hibiscus"""	多殻双【芙蓉】	多殼雙【芙蓉】	souken	l1a40
Scarlet Blades	緋骨双剣	緋骨雙劍	souken	l1c3f
"Scarlet Blades ""Haste"""	緋骨双剣【速攻】	緋骨雙劍【速攻】	souken	l1c40
"Scarlet Blades ""Rapid"""	緋骨双剣【快速】	緋骨雙劍【快速】	souken	l1c41
"Scarlet Blades ""Express"""	緋骨双剣【急速】	緋骨雙劍【急速】	souken	l1c42
Crystal Twin Swords	晶双剣	晶雙劍	souken	l1dce
Crystal Twin Thorns	晶双剣サーン	晶雙劍太陽	souken	l1dcf
D01D・晶双剣サシン	晶双剣サシン	晶雙劍烈陽	souken	l1dd0
Burning Zero Dragon Duo	灼零エルゼデュアル		souken	l3e01
Glutton's Set	双剣ニールイタメール	雙劍煎煮炒炸	souken	l01ce
Hi Twin Daggers	ハイツインダガー	太古雙劍	souken	l00eb
Silhouette Sabers	双影剣	雙影劍	souken	l01cf
"Silhouette Sabers ""Art"""	双影剣【匠】	雙影劍【匠】	souken	l0274
Vivid Silhouette Sabers	双影剣【鮮烈】	雙影劍【鮮烈】	souken	l1320
Worn Blades	凄く風化した双剣	嚴重風化的雙劍	souken	l016a
Weathered Blades	風化した双剣	風化雙劍	souken	l016b
Enduring Schism	封龍剣【超絶一門】	封龍劍【超絕一門】	souken	l016d
True Enduring Schism	真封龍剣【超絶一門】	真封龍劍【超絕一門】	souken	l03d8
Eternal Schism	極封龍剣【超絶一門】	極封龍劍【超絕一門】	souken	l0f71
Rouge Flames	フランベロジュ	焰形雙劍	souken	l015a
Dual Chameleos	双剣オオナズチ	雙劍霞龍	souken	l01cc
Potent Dual Chameleos	猛毒双オオナズチ	猛毒雙霞龍	souken	l112d
Keel	キール	斬殺	souken	l0574
Ein Keel	アインキール	原始龍骨雙劍	souken	l0575
Vain Keel	ヴェインキール	虛無龍骨雙劍	souken	l0576
Einherjar	エインヘルヤル	英靈戰士雙劍	souken	l0577
Flame Edge I	フレイムエッジⅠ	烈火雙刃Ⅰ	souken	l0e49
Flame Edge II	フレイムエッジⅡ	烈火雙刃Ⅱ	souken	l0e4a
Flame Edge III	フレイムエッジⅢ	烈火雙刃Ⅲ	souken	l0e4b
Balisarda	ベリサルダ	信賴雙劍	souken	l0e4c
Square Water Blade	四方水刃	四方水刃	souken	l1c69
Square Water Blade +	四方水刃改	四方水刃·改	souken	l1c6a
"Square WatrBld""Moisture"""	四方鬼刃【水分】	四方鬼刃【水分】	souken	l1c6b
"Square WatrBld""Flood"""	四方鬼刃【国水分】	四方鬼刃【國水分】	souken	l1c6c
"Square WatrBld""Typhoon"""	四方鬼刃【天水分】	四方鬼刃【天水分】	souken	l1c6d
Caravan Pair I	キャラバンエッジⅠ	商隊雙劍Ⅰ	souken	l1209
Caravan Pair II	キャラバンエッジⅡ	商隊雙劍Ⅱ	souken	l120a
Caravan Pair III	キャラバンエッジⅢ	商隊雙劍Ⅲ	souken	l120b
Caravan Pair IV	キャラバンエッジⅣ	商隊雙劍Ⅳ	souken	l120c
Caravan Pair V	キャラバンエッジⅤ	商隊雙劍Ⅴ	souken	l120d
Caravan Pair VI	キャラバンエッジⅥ	商隊雙劍Ⅵ	souken	l120e
Caravan Edge VII	キャラバンエッジⅦ	商隊雙劍Ⅶ	souken	l17a9
Caravan Fissure	キャラバン裂双	商隊裂雙	souken	l2fe9
Caravan Fissure II	キャラバン裂双Ⅱ	商隊裂雙Ⅱ	souken	l2fea
Caravan Fissure III	キャラバン裂双Ⅲ	商隊裂雙Ⅲ	souken	l2feb
Parone Duals I	パローネエッジⅠ		souken	l36d6
Parone Duals II	パローネエッジⅡ		souken	l36d7
Parone Duals III	パローネエッジⅢ		souken	l36d8
Argen Cutter	アルゲンカッター	鋼金雙劍	souken	l1858
Argen Slicer	アルゲンスライサー	鋼金雙切	souken	l1859
Zilvawind	ジルバヴィント	銀白旋風	souken	l185a
Zilva Atem	ジルバアーテム	銀白吐息	souken	l185b
Epidosis Fang I	エピドシスファングⅠ	進化雙牙Ⅰ	souken	l1dd5
Epidosis Fang II	エピドシスファングⅡ	進化雙牙Ⅱ	souken	l1dd6
Epidosis Fang III	エピドシスファングⅢ	進化雙牙Ⅲ	souken	l1dd7
Cambrio Fang I	カンビオファングⅠ	幻化雙牙Ⅰ	souken	l1dd8
Cambrio Fang II	カンビオファングⅡ	幻化雙牙Ⅱ	souken	l1dd9
Cambrio Fang III	カンビオファングⅢ	幻化雙牙Ⅲ	souken	l1dda
Infinity Double Axe	イニティダブルアクス	初始雙斧	souken	l1ffe
Shipler Double Axe	シプレラダブルアクス	元祖雙斧	souken	l2137
Berum Double Axe SPI	ベルムアクスSPⅠ	暗幕雙斧SPⅠ	souken	l2138
Berum Double Axe SPIV	ベルムアクスSPⅣ	暗幕雙斧SPⅣ	souken	l2139
Berum Double Axe SPVII	ベルムアクスSPⅦ	暗幕雙斧SPⅦ	souken	l213a
Ice and Snow Tusks	氷雪双牙	冰雪雙牙	souken	l131b
Sleet Tusks	氷雪双牙【霙】	冰雪雙牙【霙】	souken	l131c
Hail Tusks	氷雪双牙【雹】	冰雪雙牙【雹】	souken	l131d
Glacier Tusks	氷雪双牙【氷河】	冰雪雙牙【冰河】	souken	l131e
Fanad Daggers	ファナドダガー	水翅雙刃	souken	l156d
Fanad Hatchets	ファナドハチェット	水翅雙斬	souken	l156e
Fanad Sabers	ファナドセイバー	水翅雙刀	souken	l156f
Fanad Sectors	ファナドセクター	水翅扇形刃	souken	l1570
Dias Glare	ディアズグレア	角雙刃	souken	l1569
Dias Rush	ディアズラッシュ	角雙斬	souken	l156a
Dias Howl	ディアズハウル	角雙鷹	souken	l156b
Dias Rock	ディアズロック	角雙岩	souken	l156c
Peach Tusk Exbite	桃牙剣エクスバイト	桃牙劍十字鈴	souken	l187c
Peach Tusk Exclusive	桃牙剣エクスクロー	桃牙劍十字錘	souken	l187d
Peach Tusk Exhawk	桃牙剣エクスホーク	桃牙劍十字斬	souken	l187e
Peach Tusk Exhaken	桃牙剣エクスハーケン	桃牙劍十字鉤	souken	l187f
"Dual Kut-Ku ""A"""	クックデュアル【亜】	強化怪鳥耳【亞】	souken	l18ef
"Dual Kut-Ku ""Strange"""	クックデュアル【変】	強化怪鳥耳【變】	souken	l18f0
"Dual Kut-Ku ""Strong"""	クックデュアル【剛】	強化怪鳥耳【剛】	souken	l18f1
"Dual Kut-Ku ""Special"""	クックデュアル【特】	強化怪鳥耳【特】	souken	l18f2
Dual Thunder	双雷	雙雷	souken	l1a44
"Dual Thunder ""Earth"""	双雷【地】	雙雷【地】	souken	l1a45
"Dual Thunder ""Heaven"""	双雷【天】	雙雷【天】	souken	l1a46
"Dual Thunder ""Extreme"""	双雷【極】	雙雷【極】	souken	l1a47
Special Akantor Blades	覇双タルカムトルム	霸雙不動刃	souken	l1c45
Special Akantor Swords	覇双ハルカムトルム	霸雙仁王刃	souken	l1c46
Special Akantor Sabers	覇双シルカムトルム	霸雙破滅刃	souken	l1c47
Special Akantor Slicers	覇双アルカムトルム	霸雙絕地刃	souken	l1c48
Jebia Talons	ジェビアタロン	灰晶蠍之蹄	souken	l2d63
Jebia Tearers	ジェビアテイレア	灰晶蠍萬毒	souken	l2d64
Jebia Scissors	ジェビアシザイズ	灰晶蠍雙劍	souken	l2d65
662D・ジェビアフェクス	ジェビアフェクス	灰晶蠍利剪	souken	l2d66
Daora Twins	鋼龍双	鋼龍雙	souken	l04f6
Daora Talons	ラファール＝ダオラ	陣風·鋼龍	souken	l04f7
Daora's Calum	カルム＝ダオラ	無風·鋼龍	souken	l1dd4
Daora's Typhoon	タイフェン＝ダオラ	颱風·鋼龍	souken	l1f10
Daora's Tempest	テンペスタ＝ダオラ	暴風·鋼龍	souken	l224e
Daora's Conquista	コンキスタ＝ダオラ	征服者·鋼龍	souken	l322d
Daora's Genesis	ゲネシス＝ダオラ		souken	l3820
Bird-of-paradise Sabers	真舞雷双【極楽鳥】	真舞雷雙【極樂鳥】	souken	l0e37
Garuda Sabers	真舞雷双【迦楼羅】	真舞雷雙【迦樓羅】	souken	l0e38
Sparrowhawk Sabers	極舞雷双【雀鷹】	極舞雷雙【雀鷹】	souken	l1679
0E1F・極舞雷双【角鷹】	極舞雷双【角鷹】	極舞雷雙【角鷹】	souken	l1f0e
"DblThndrDance""Eagle"""	極舞雷双【八角鷹】	極舞雷雙【八角鷹】	souken	l224c
Dark Paradise Sabers	真冥雷双【極楽鳥】	真冥雷雙【極樂鳥】	souken	l1319
Dark Garuda Sabers	真冥雷双【迦楼羅】	真冥雷雙【迦樓羅】	souken	l131a
Dodon Claw	ドドン・クロー	吞吞·雙爪	souken	l0eb8
Dodon Scissor	ドドン・シザー	吞吞·雙剪	souken	l0eb9
Dodonga Scissors	ドドンガ・シザー	極吞吞·雙剪	souken	l0580
Dodonga Rippers	ドドンガ・リッパー	極吞吞·開膛手	souken	l0581
Dodonga Mines	ドドンガ・マインス	極吞吞·礦脈	souken	l224b
9A32・ドドドンガ・クーペ	ドドドンガ・クーペ	ドドドンガ·クーペ	souken	l329a
Pure Lunastra Cutters	炎妃双【清純】	炎妃雙【清純】	souken	l103c
Wicked Lunastra Cutters	炎妃双【悪女】	炎妃雙【惡女】	souken	l103d
Shellking Armored Twins	殻王双【甲】	殼王雙【甲】	souken	l112a
Shellking Adamant Twins	殻王双【金剛】	殼王雙【金剛】	souken	l112b
Matsukaze Fanblades	天狼双【松風】	天狼雙【松風】	souken	l1247
Shippu Fanblades	天狼双【疾風】	天狼雙【疾風】	souken	l1248
Enka Furyhair Pair	怒髪双乱【艶歌】	怒髮雙亂【豔歌】	souken	l1415
Elegy Furyhair Pair	怒髪双乱【挽歌】	怒髮雙亂【挽歌】	souken	l1416
Fury Twins	怒髪獄双乱【悲恋】	怒髮獄雙亂【悲戀】	souken	l1a43
Snow Fury Pair	怒髪獄双乱【恋吹雪】	怒髮獄雙亂【戀吹雪】	souken	l1f0f
Brilliance Fury Pair	怒髪獄双乱【愛燦々】	怒髮獄雙亂【愛燦燦】	souken	l224d
"Fury Pair ""Disturbed"""	怒髪獄双乱【愛乱舞】	怒髮獄雙亂【愛亂舞】	souken	l2d3b
"Fury Pair ""Affection"""	怒髪獄双乱【愛武勇】	怒髪獄双乱【愛武勇】	souken	l34ff
Forte Verita	フォルテヴェリタ	冰狐雙牙	souken	l1574
Forte Eterno	フォルテエテルノ	冰狐烈牙	souken	l1575
Niger N. Ruko	ニゲル・Ｎ・アーラ	暗黑·N·翼	souken	l18ed
Niger's Nimbus	ニゲル＝ニンブス	暗黑之嵐	souken	l18ee
"TaikunZ.Twins ""Snowdrop"""	多殻鋭双【雪中花】	多殼銳雙【雪中花】	souken	l1a41
"Taikun Z. Twins ""Arum"""	多殻鋭双【水芭蕉】	多殼銳雙【水芭蕉】	souken	l1a42
"Scarlet Blades ""Quick"""	緋猛双剣【迅速】	緋猛雙劍【迅速】	souken	l1c43
"Scarlet Blades""Godspeed"""	緋猛双剣【神速】	緋猛雙劍【神速】	souken	l1c44
D11D・閃晶双剣サイン	閃晶双剣サイン	閃晶雙劍光明	souken	l1dd1
D21D・閃晶双剣サンソン	閃晶双剣サンソン	閃晶雙劍音無	souken	l1dd2
D31D・烈閃双剣サンシーン	烈閃双剣サンシーン	烈閃雙劍雷光	souken	l1dd3
Tita Tihera	ティタ・ティヘラ	狠鬥·利剪	souken	l2247
Tita Corte	ティタ・コルテ	狠鬥·雙斬	souken	l2248
Tita Motor	ティタ・モータ	狠鬥·動能	souken	l2249
Tita L. Dance	ティタ・Ｌ・ダンザ	狠鬥·L·起舞	souken	l224a
Baru Bloodbite	バル・ロン	噬血．咬嚙	souken	l25fd
Baru Bloodbeast	バル・ユチン	噬血．猛獸	souken	l2601
Baru Bloodlily	バル・リィリア	噬血．凜然	souken	l2609
Baru Blooddemon	バル・バレイラ	噬血．降魔	souken	l27f7
Baru Bloodwing	バル・クルイロー	バル·クルイロー	souken	l3293
Zeru Storms [Light]	輝界白竜双剣【光嵐】	輝界白龍雙劍【光嵐】	souken	l25d6
Zeru Storms [Gleam]	輝界白竜双剣【輝嵐】	輝界白龍雙劍【輝嵐】	souken	l25de
Zeru Storms [Dazzle]	輝界白竜双剣【眩嵐】	輝界白龍雙劍【眩嵐】	souken	l25e6
Zeru Storms [Shine]	輝界白竜双剣【耀嵐】	輝界白龍雙劍【耀嵐】	souken	l25ee
"White World Pair ""Storm"""	輝界白竜双剣【煌嵐】	輝界白龍雙劍【煌嵐】	souken	l25f6
D427・コーレジャンド	コーレジャンド	玄影珍石	souken	l27d4
Korezyasuto	コーレジャスト	玄影正義	souken	l27d5
Korezyugu	コーレジューグ	玄影山脈	souken	l27d6
Korezyagaru	コーレジャガル	玄影之豹	souken	l27d7
Korezyugeibu	コーレジュゲイブ	玄影雙殺	souken	l27d8
Korezyuzeru	コーレジュゼル		souken	l3818
Furoru Stoff	フロルストッフ	花漾·星火	souken	l2e29
Furoru Pulfer	フロルプルファー	花漾·粉塵	souken	l2e2a
Furoru Antras	フロルアントラス	花漾·艷麗	souken	l2e2b
Furoru Fatal	フロルファタール	花漾·命運	souken	l2e2c
Furoru Gungir	フロルイグニル	花漾·煉獄	souken	l2e2d
Furoru's Agnois	フロル＝アゴニス		souken	l39ea
7E2E・ネグルドアーダ	ネグルドアーダ	雅瑟雙劍	souken	l2e7e
7F2E・ネグルドグレイフ	ネグルドグレイフ	雅瑟琦麗	souken	l2e7f
802E・ネグルドバイラル	ネグルドバイラル	雅瑟雙琦刃	souken	l2e80
812E・ネグルドテンラム	ネグルドテンラム	雅瑟琦舞	souken	l2e81
822E・ネグルドエークタル	ネグルドエークタル	雅瑟倜儻	souken	l2e82
FE34・ネグルドエオニオ	ネグルドエオニオ	ネグルドエオニオ	souken	l34fe
Golddust Wind Twins	金塵翔龍双剣【風刻】	金塵翔龍雙劍【風刻】	souken	l2e64
Golddust Twister Twins	金塵翔龍双剣【旋刻】	金塵翔龍雙劍【旋刻】	souken	l2e65
Golddust Cyclone Twins	金塵翔龍双剣【纏刻】	金塵翔龍雙劍【纏刻】	souken	l2e66
Golddust Typhoon Twins	金塵翔龍双剣【荒刻】	金塵翔龍雙劍【荒刻】	souken	l2e67
Golddust Storm Twins	金塵翔龍双剣【嵐刻】	金塵翔龍雙劍【嵐刻】	souken	l2e68
AF31・バレナフェール	バレナフェール	鯨鳴毒獄	souken	l31af
B031・バレナラーメ	バレナラーメ	鯨鳴暗裏	souken	l31b0
B131・バレナルジェ	バレナルジェ	鯨鳴陰鬱	souken	l31b1
B231・バレナオロロ	バレナオロロ	鯨鳴邪霧	souken	l31b2
B331・バレナプラティ	バレナプラティ	鯨鳴音影	souken	l31b3
Watermoon Fortress Twins	水砦双剣【月水】	水砦双剣【月水】	souken	l3282
Tidal Fortress Twins	水砦獄双剣【激水】	水砦獄双剣【激水】	souken	l3283
Watersky Fortress Twins	水砦獄双剣【水天】	水砦獄双剣【水天】	souken	l3284
1000-Waters Fort Twins	水砦獄双剣【万水】	水砦獄双剣【万水】	souken	l3285
Flooded Fortress Twins	水砦烈双剣【水月】	水砦烈双剣【水月】	souken	l3286
SwimmingLeavesFort Twins	水砦始双剣【桃花水】	水砦始双剣【桃花水】	souken	l3287
Imperial Twins	帝征双剣		souken	l3889
Imperial King Twins	帝征双剣【王】		souken	l388a
Imperial Leader Twins	帝征双剣【覇者】		souken	l388b
Imperial Dictator Twins	帝征獄双剣【君臨】		souken	l388c
Imperial Conquest Twins	帝征烈双剣【征服】		souken	l388d
Imperial Dominator Twins	帝征始双剣【支配】		souken	l388e
Volja Irapto	ヴォルカ・イラプト		souken	l398f
Volja Elupe	ヴォルカ・エリュプ		souken	l3990
Volja Aos	ヴォルカ・アオス		souken	l3991
Volja Eclectic	ヴォルカ・エクリク		souken	l3992
Volja Krater	ヴォルカ・クラテル		souken	l3993
Volja Isvell	ヴォルカ・イスヴェル		souken	l3994
Square Dragon Blade	四方龍刃	四方龍刃	souken	l1c62
Square Dragon Blade+	四方龍刃改	四方龍刃·改	souken	l1c63
"Square DrgnBld""Pr.Sotsu"""	四方鬼刃【湍津姫】	四方鬼刃【湍津姬】	souken	l1c64
Square Blade	四方禍刃	四方禍刃	souken	l1c5f
Square Blade+	四方禍刃改	四方禍刃·改	souken	l1c60
"Square Blade ""Pr.Tagiri"""	四方鬼刃【田霧姫】	四方鬼刃【田霧姬】	souken	l1c61
Ex Square Blade	四方極刃	四方極刃	souken	l3004
Square Moon Blade	四方月刃	四方月刃	souken	l3005
Square Demise Blade	四方終刃	四方終刃	souken	l3006
Caldo Cutters	カルドカッター	地獄雙劍	souken	l1321
Caldo Slicers	カルドスライサー	地獄雙切	souken	l1322
Caldo Shredders	カルドシュレッダー	地獄碎斷	souken	l1323
Roto Wint	ロートヴィント	紅色旋風	souken	l1324
Rotatem	ロートアーテム	紅色吐息	souken	l1582
772D・ロートマハト	ロートマハト	紅色之力	souken	l2d77
Partner Cutters	パルトナカッター	戰友雙劍	souken	l2d78
Partner Slicers	パルトナスライサー	戰友雙切	souken	l2d79
Cardo de Petra	カルドドペルタ	地獄俯衝	souken	l1776
CardoFalte	カルドファルテ	地獄細語	souken	l1777
Cardo Antrax	カルドアンスラク	地獄時刻	souken	l1778
Rotodoichi	ロートドイチ	紅色帝國	souken	l1779
Rotoafustan	ロートアフスタン	紅色狂歡	souken	l177a
Eques Cutters	エクエスカッター	騎士雙劍	souken	l0f72
Eques Slicers	エクエススライサー	騎士雙切	souken	l0f73
Eques Shredders	エクエスシュレッダー	騎士碎斷	souken	l0f74
Weiss Wint	ヴァイスヴィント	白色旋風	souken	l0f75
Weiss Artem	ヴァイスアーテム	白色吐息	souken	l17a7
Strega Cutters	ストレガカッター	魔女雙劍	souken	l0f76
Strega Slicers	ストレガスライサー	魔女雙切	souken	l0f77
Strega Shredders	ストレガシュレッダー	魔女碎斷	souken	l0f78
Schwartz Wint	シュヴァルツヴィント	黑色旋風	souken	l0f79
Schwartz Atem	シュヴァルツアーテム	黑色吐息	souken	l17a8
Schwartz Tumult	シュヴァルツマハト	黑色之力	souken	l1ddb
Wind of Red and Green	紅舞碧斬双【風】	紅舞碧斬雙【風】	souken	l03d6
Forest of Red&Green	紅舞碧斬双【林】	紅舞碧斬雙【林】	souken	l03d7
Fire of Red&Green	紅舞碧斬双【火】	紅舞碧斬雙【火】	souken	l0432
Mountain of Red&Green	紅舞碧斬双【山】	紅舞碧斬雙【山】	souken	l0433
Wind, Frst, Fire, Mntn	風林火山	風林火山	souken	l04ba
Move Fast as Lightning	動如雷霆	動如雷霆	souken	l169b
Ex Quick Like Lightning	動如雷霆【極】	動如雷霆【極】	souken	l1916
Dual Wolves	黒狼双刃【唯】	黑狼雙刃【唯】	souken	l056a
Our Wolves	黒狼双刃【我】	黑狼雙刃【我】	souken	l056b
Lonely Wolves	黒狼双刃【独】	黑狼雙刃【獨】	souken	l056c
Precious Wolves	黒狼双刃【尊】	黑狼雙刃【尊】	souken	l056d
True Wolves	黒狼双刃【真】	黑狼雙刃【真】	souken	l17a6
Extreme Wolves	黒狼双刃【極】	黑狼雙刃【極】	souken	l1c80
Squire Doppelt	エクエスドペルタ	騎士俯衝	souken	l157a
Squire Falte	エクエスファルテ	騎士細語	souken	l157b
Squire Anthrac	エクエスアンスラク	騎士時刻	souken	l157c
Weiss Deutsch	ヴァイスドイチ	白色帝國	souken	l157d
Weiss Afst	ヴァイスアフスト	白色意象	souken	l1914
Strega Doppelt	ストレガドペルタ	魔女俯衝	souken	l157e
Strega Falte	ストレガファルテ	魔女細語	souken	l157f
Strega Anthrac	ストレガアンスラク	魔女時刻	souken	l1580
Schwartz Deutsch	シュヴァルツドイチ	黑色帝國	souken	l1581
Schwarz Afst	シュヴァルツアフスト	黑色意象	souken	l1915
Schwarzfreude	シュヴァルツフロイデ	黑色狂喜	souken	l1be7
Kima	キーマ	眠羽	souken	l1be2
Kimamu	キマム	眠翼	souken	l1be3
Kimaimu	キマイム	超眠翼斬	souken	l1be4
Kimamerada	キマメラーダ	極眠翼斬	souken	l1be5
Kimamekazatto	キマメカザット	究極眠翼斬	souken	l1be6
Aura Cutter	オーロワカッター	金黃雙劍	souken	l1c50
Aura Slicer	オーロワスライサー	金黃雙切	souken	l1c51
Goldwind	ゴルトヴィント	黃金旋風	souken	l1c52
Gold Artem	ゴルトアーテム	黃金吐息	souken	l1c53
Gold Mahato	ゴルトマハト	黃金之力	souken	l1c54
0C2D・ルレードシーレ	ルレードシーレ	熾紅光潤	souken	l2d0c
0D2D・ルレードルター	ルレードルター	熾紅神者	souken	l2d0d
0E2D・シャロンアンテーラ	シャロンアンテーラ	冥神緋劍	souken	l2d0e
0F2D・シャロンビアッハ	シャロンビアッハ	冥神刺針	souken	l2d0f
962E・ノーベルシーレ	ノーベルシーレ	無畏狂舞者	souken	l2e96
972E・ノーベルルター	ノーベルルター	無畏裁定	souken	l2e97
982E・ゲイオンアンテーラ	ゲイオンアンテーラ	忠誠先鋒	souken	l2e98
992E・ゲイオンビアッハ	ゲイオンビアッハ	忠誠戰士	souken	l2e99
0A31・オーロワファルテ	オーロワファルテ	金黃細語	souken	l310a
Gold Bild	ゴルトアフスト	黃金意象	souken	l310b
Gold Freude	ゴルトフロイデ	黃金狂喜	souken	l310c
8E33・バルザガキリッター	バルザガキリッター	バルザガキリッター	souken	l338e
8F33・バルザガティオー	バルザガティオー	バルザガティオー	souken	l338f
0C34・ヴィレドペルタ	ヴィレドペルタ	ヴィレドペルタ	souken	l340c
0D34・ヴィレファルテ	ヴィレファルテ	ヴィレファルテ	souken	l340d
0E34・ルストアフスト	ルストアフスト	ルストアフスト	souken	l340e
0F34・ルストフロイデ	ルストフロイデ	ルストフロイデ	souken	l340f
A739・ソルエルキリッター	ソルエルキリッター		souken	l39a7
A839・ソルエルティオー	ソルエルティオー		souken	l39a8
A939・シュヴァルツゲーネン	シュヴァルツゲーネン		souken	l39a9
AA39・ゲヴィッタキリッター	ゲヴィッタキリッター		souken	l39aa
Vola Twins	ヴォーラツイン		souken	l3c11
Vola Twins+	ヴォーラツイン・改		souken	l3c12
True Vola Twins	ヴォーラツイン・真		souken	l3c13
Alvora Twins	アルヴォーラツイン		souken	l3c14
Azura Twin	アズラクバラディア		souken	l3dec
Azura Twin+	ルラキバラディア		souken	l3ded
True Azura Twin	ガルボイバラディア		souken	l3dee
Azure Twin	ニリィバラディア		souken	l3def
Ruberdouble	ルベルダブル		souken	l3e4f
Ruberdouble+	ルベルダブル・改		souken	l3e50
True Roberdouble	ルベルダブル・真		souken	l3e51
Terra Ruberdouble	テラルベルダブル		souken	l3e52
Ravina Twins	ラヴィナツイン		souken	l3f7b
Ravina Twins+	ラヴィナツイン・改		souken	l3f7c
True Ravina Twins	ラヴィナツイン・真		souken	l3f7d
Final Ravina Twins	ラヴィーナツイン		souken	l3f7e
Dua Zwilling	デュアツヴィリン		souken	l3ff9
Dua Zwilling+	デュアツヴィリン・改		souken	l3ffa
True Dua Zwilling	デュアツヴィリン・真		souken	l3ffb
Esdua Zwilling	エスデュアツヴィリン		souken	l3ffc
Chroma Twin	クロマツイン		souken	l4205
Chroma Twin+	クロマツイン・改		souken	l4206
True Chroma Twin	クロマツイン・真		souken	l4207
Final Chroma Twin	クローマツイン		souken	l4208
Poet Twin	ポエトツイン		souken	l438b
Poet Twin+	ポエトツイン・改		souken	l438c
True Poet Twin	ポエトツイン・真		souken	l438d
Poetry Twin	ポエトリツイン		souken	l438e
Square Thunder Blade	四方雷刃	四方雷刃	souken	l1c5a
Square ThndrBlade+	四方雷刃改	四方雷刃·改	souken	l1c5b
"Square ThndrBlad""Strik"""	四方鬼刃【裂雷】	四方鬼刃【裂雷】	souken	l1c5c
"Square OniBlade""Edge"""	四方鬼刃【建布都】	四方鬼刃【建布都】	souken	l1c5d
"Square OniBlade""Thndr"""	四方鬼刃【建御雷】	四方鬼刃【建御雷】	souken	l1c5e
Gerbera Nabat	ガーベラナバート	非洲菊雙斬	souken	l167e
Gerbera Buds	ガーベラボルオム	非洲菊雙蕾	souken	l167f
Gerbera Battler	ガーベラバトラ	非洲菊雙擊	souken	l1680
Gerbara Right	ガーベライト	非洲菊光斬	souken	l1681
Gerbera Fiore	ガーベラフィオーレ	非洲菊雙華	souken	l190d
Gerbera Head	ガーベラヘッド	非洲菊雙蕊	souken	l1dde
Red Giga Claws I	ギガクロウズⅠ【紅】	火炎獵爪Ⅰ【紅】	souken	l0ec7
Red Giga Claws II	ギガクロウズⅡ【紅】	火炎獵爪Ⅱ【紅】	souken	l0ec8
Red Giga Claws III	ギガクロウズⅢ【紅】	火炎獵爪Ⅲ【紅】	souken	l0ec9
Miedo Pena	ミエドプロクス	烈焰獵爪	souken	l0eca
Hazy Decapitators	霞斬剣	霞斬劍	souken	l0467
Admired Decapitators	霞斬剣【憧】	霞斬劍【憧】	souken	l0468
Mercy Decapitators	霞斬剣【慈】	霞斬劍【慈】	souken	l0469
Bound Decapitators	霞斬剣【絆】	霞斬劍【絆】	souken	l046a
Twin Hagoita	ツイン羽子板	雙子羽子板	souken	l0570
Charming Twin Hagoita	ツイン羽子板【艶】	雙子羽子板【豔】	souken	l0571
Budding Twin Hagoita	ツイン羽子板【萌】	雙子羽子板【萌】	souken	l0572
Lovely Twin Hagoita	ツイン羽子板【麗】	雙子羽子板【麗】	souken	l0573
Elegant Twin Battledore	ツイン羽子板【雅】	雙子羽子板【雅】	souken	l1910
"Twin Battledore ""Crow"""	ツイン羽子板【婉】	雙子羽子板【婉】	souken	l25a1
"Twin Battledore ""Luster"""	ツイン羽子板【艶美】		souken	l3c32
"Twin Battledore ""Yoshi"""	ツイン羽子板【淑】	雙子羽子板【淑】	souken	l25a0
Hypno Cutters	ヒュプノカッター	眠鳥剪	souken	l0ebb
Hypno Slicers	ヒュプノスライサー	眠鳥雙切	souken	l0ebc
Hypno Shredders	ヒュプノシュレッダー	眠鳥撕碎者	souken	l0ebd
Hypno Crisis	ヒュプノクライシス	眠鳥危機雙劍	souken	l0ebe
Hypno Silence	ヒュプノサイレンス	眠鳥寂靜	souken	l169c
Hypno Paradise	ヒュプノパラダイス	眠鳥天堂	souken	l1a4d
Hypno Shangri-La	ヒュプノシャングリラ	眠鳥理想鄉	souken	l1ddc
Foxclaws	狐爪狼牙	狐爪狼牙	souken	l1417
"Foxclaws ""Toumei"""	狐爪狼牙【透明】	狐爪狼牙【透明】	souken	l1418
"Foxclaws ""Shinen"""	狐爪狼牙【深淵】	狐爪狼牙【深淵】	souken	l1419
"Foxclaws ""Junpaku"""	狐爪狼牙【純白】	狐爪狼牙【純白】	souken	l141a
"Foxclaws ""White Fang"""	狐爪狼牙【白牙】	狐爪狼牙【白牙】	souken	l190e
"Foxclaws ""Purity"""	狐爪狼牙【純潔】	→狐爪狼牙【純潔】	souken	l1ddd
Wedded Butterfly	メオトアゲハ【雛】	揚羽雙扇【雛】	souken	l1576
Princess Butterfly	メオトアゲハ【姫】	揚羽雙扇【姬】	souken	l1577
Blooming Butterfly	メオトアゲハ【華】	揚羽雙扇【華】	souken	l1578
Madam Butterfly	マダムバタフライ	蝴蝶夫人	souken	l1579
Royal Butterflies	ロイヤルバタフライ	蝴蝶貴族	souken	l1a4c
Queen Butterfly	クイーンバタフライ	女皇蝶翼	souken	l25a3
Celebrity Butterfly	セレブバタフライ	名流蝶翼	souken	l25a2
Grand Basarios	バサルグランデ	巨岩刃	souken	l167a
Glutton Basarios	バサルグラトン	暴食刃	souken	l167b
Gravion Basarios	バサルグラビオン	重力刃	souken	l167c
Basagravi Fortress	バサグラフォートレス	超重力刃	souken	l167d
Basagranova	バサグラノヴァ	超巨岩刃	souken	l190f
Basagra Galaxy	バサグラギャラクシー	超銀河巨刃	souken	l1be8
Gentle Edge	バトラーエッジ	戰士雙銳劍	souken	l1a48
Gentle Dagger	ジェントルダガー	紳士雙短劍	souken	l1a49
Gentle Saber	ジェントルセーバー	紳士雙軍刀	souken	l1a4a
Gentle Man	ジェントルマン	紳士雙劍	souken	l1a4b
Elegante	エレガンテ	端莊	souken	l25a5
Gentle Human	ジェントルヒューマン	紳士	souken	l25a4
Square IceBlade	四方氷刃	四方冰刃	souken	l1c65
Square IceBlade+	四方氷刃改	四方冰刃·改	souken	l1c66
"Square IceBld ""EarthDay"""	四方鬼刃【禍津日】	四方鬼刃【禍津日】	souken	l1c67
"Square IceBld ""OotsuDay"""	四方鬼刃【大禍津日】	四方鬼刃【大禍津日】	souken	l1c68
Twin Prince Swords	双刀若君	雙刀若君	souken	l2cbc
Twin King Swords	双刀主君	雙刀主君	souken	l2cbd
Twin Emperor Swords	双刀大君	雙刀大君	souken	l2cbe
Twin Emperor Swords+	双刀大君・改	雙刀大君·改	souken	l2cbf
Twin Monarch Swords	双刀名君	雙刀名君	souken	l2cc0
Twin Monarch Swords+	双刀名君・改		souken	l3d6b
Som Edge	ソム・エッジ	夢眠之刃	souken	l2e15
Som Spada	ソム・スパーダ	夢眠之劍	souken	l2e16
Som Xipos	ソム・クシポス	夢眠雙刀	souken	l2e17
Som Gloom	ソム・グローム	夢眠驚雷	souken	l2e18
"Key to Secrets ""Heaven"""	秘伝開門の鍵【天門】	秘伝開門の鍵【天門】	souken	l30f5
Strange Kings	奇王双		souken	l3425
Strange Spiked Kings	奇王双【刺裂】		souken	l3426
Strange Piercing King	奇王双【穿裂】		souken	l3427
Strange Breaking Kings	奇王双【崩裂】		souken	l3428
Strange Secret Kings	奇王双【秘裂】		souken	l3429
Crimsonedge	獄熱紅剣		souken	l37d4
"Crimsonedge ""Blaze"""	獄熱紅剣【猛火】		souken	l37d5
"Crimsonedge ""Flame"""	獄熱紅剣【焔】		souken	l37d6
"Crimsonedge ""Pyre"""	獄熱紅剣【獄炎】		souken	l37d7
"Crimsonedge ""Inferno"""	獄熱紅剣【炎魔】		souken	l37d8
F336・ガウニャメリー	ガウニャメリー		souken	l36f3
F436・ガウニャメリック	ガウニャメリック		souken	l36f4
F536・ガウニャメリックス	ガウニャメリックス		souken	l36f5
F636・ガウニャメリグマー	ガウニャメリグマー		souken	l36f6
F736・ガウニャメリグマス	ガウニャメリグマス		souken	l36f7
Charmant Sucre	シャルマンシュクレ		souken	l36fd
FE36・シャルマンドゥー	シャルマンドゥー		souken	l36fe
FF36・シャルマンドーセ	シャルマンドーセ		souken	l36ff
Charmant Dolce	シャルマンドルチェ		souken	l3701
Charming Chocolate	シャルマンショコラ		souken	l3f30
Candle Edge	キャンドルエッジ		souken	l38d0
Candle Dream	キャンドルドリーム		souken	l38d1
Candle Happiness	キャンドルハピネス		souken	l38d3
Candle Truth	キャンドルトゥルース		souken	l449c
Candle Flame	キャンドルフレイム		souken	l449d
Candle Devils	キャンドルデビルス		souken	l449e
Candle Ideal	キャンドルアイデアル		souken	l38d2
Radiant Glitter Duals	煌々ト輝ク双剣		souken	l3d36
Festi Souls Blade	紅竜蒼竜ノ魂ノ剣		souken	l3de7
Festi Souls+	紅竜蒼竜ノ魂ノ剣・改		souken	l3de8
Festi Souls Ex	紅竜蒼竜ノ魂ノ剣・極		souken	l3de9
True Festi Souls	紅竜蒼竜ノ魂ノ剣・真		souken	l3dea
Absolute Festi Souls	紅竜蒼竜ノ魂ノ剣・絶		souken	l3deb
"Resolute Pair ""New"""	決意の双剣【新】		souken	l4013
"Resolute Pair ""Lunge"""	決意の双剣【進】		souken	l4014
"Resolute Pair ""Faith"""	決意の双剣【信】		souken	l4015
"Resolute Pair ""Heart"""	決意の双剣【心】		souken	l4016
"Resolute Pair ""Truth"""	決意の双剣【真】		souken	l4017
"Resolute Pair ""Divine"""	決意の双剣【神】		souken	l4018
Bonny Fireworks	華々花火		souken	l4172
"Bonny Fireworks ""Pretty"""	華々花火【可憐】		souken	l4173
"Bonny Fireworks ""Flash"""	華々花火【閃光】		souken	l4174
"Bonny Fireworks ""Dance"""	華々花火【光舞】		souken	l4175
"Bonny Fireworks ""Serene"""	華々花火【天真爛漫】		souken	l4176
Erupe Burukku I	エルッペブルックⅠ		souken	l4318
Erupe Burukku II	エルッペブルックⅡ		souken	l4319
Erupe Burukku III	エルッペブルックⅢ		souken	l431a
Erupe Burukku IV	エルッペブルックⅣ		souken	l431b
Erupe Burukku V	エルッペブルックⅤ		souken	l431c
Square Flame Blade	四方炎刃		souken	l1c55
Square Flame Blade+	四方炎刃改		souken	l1c56
"Square OniBlade ""Fire"""	四方鬼刃【火産霊】		souken	l1c57
"Square OniBlade ""Night"""	四方鬼刃【夜藝速】		souken	l1c58
"Square OniBlade ""Good"""	四方鬼刃【軻遇突智】		souken	l1c59
"Oni Knife ""Fang"""	鬼包丁【双牙】		souken	l1fb6
"Oni Knife ""Dual Horn"""	鬼包丁【双角】		souken	l1fb7
"Oni Knife ""Twin Fangs"""	鬼包丁【双爪】		souken	l1fb8
Engraved Oni Slicers	斬鬼ノ刻刃		souken	l1fb9
Engraved Fear Slicers	斬鬼ノ恐刃		souken	l1fba
Steel Swallow I	スティールスワロウⅠ	鋼鐵飛燕Ⅰ	souken	l03dd
Steel Swallow II	スティールスワロウⅡ	鋼鐵飛燕Ⅱ	souken	l03de
Steel Swallow III	スティールスワロウⅢ	鋼鐵飛燕Ⅲ	souken	l03df
Steel Swallow IV	スティールスワロウⅣ	鋼鐵飛燕Ⅳ	souken	l03e0
Steel Swallow V	スティールスワロウⅤ	鋼鐵飛燕Ⅴ	souken	l104e
Steel Swallow VI	スティールスワロウⅥ	鋼鐵飛燕Ⅵ	souken	l1de8
Sapphir Swallow I	サフィールスワロウⅠ	蒼玉飛燕Ⅰ	souken	l0e59
Sapphir Swallow II	サフィールスワロウⅡ	蒼玉飛燕Ⅱ	souken	l0e5a
Sapphir Swallow III	サフィールスワロウⅢ	蒼玉飛燕Ⅲ	souken	l0e5b
Sapphir Swallow IV	サフィールスワロウⅣ	蒼玉飛燕Ⅳ	souken	l0e5c
Twin Black Edges I	ツインエッジⅠ【黒】	銳刃雙劍Ⅰ【黑】	souken	l0e45
Twin Black Edges II	ツインエッジⅡ【黒】	銳刃雙劍Ⅱ【黑】	souken	l0e46
Twin Black Edges III	ツインエッジⅢ【黒】	銳刃雙劍Ⅲ【黑】	souken	l0e47
Dragvandil	ドラグヴァンディル	巨人雙劍	souken	l0e48
White Giga Claws I	ギガクロウズⅠ【白】	虛空獵爪Ⅰ【白】	souken	l0ebf
White Giga Claws II	ギガクロウズⅡ【白】	虛空獵爪Ⅱ【白】	souken	l0ec0
White Giga Claws III	ギガクロウズⅢ【白】	虛空獵爪Ⅲ【白】	souken	l0ec1
Priscus Pain	プリスクスペイン	無盡獵爪	souken	l0ec2
Rubino Swallow I	ルビーノスワロウⅠ	紅石飛燕Ⅰ	souken	l104a
Rubino Swallow II	ルビーノスワロウⅡ	紅石飛燕Ⅱ	souken	l104b
Rubino Swallow III	ルビーノスワロウⅢ	紅石飛燕Ⅲ	souken	l104c
Rubino Swallow IV	ルビーノスワロウⅣ	紅石飛燕Ⅳ	souken	l104d
Rubino Swallow V	ルビーノスワロウⅤ	紅石飛燕Ⅴ	souken	l1142
Rubino Swallow VI	ルビーノスワロウⅥ	紅石飛燕Ⅵ	souken	l1de7
Rubino Swallow VII	ルビーノスワロウⅦ		souken	l3937
ルビーノスワロウVIII	ルビーノスワロウⅧ		souken	l3938
ルビーノスワロウIX	ルビーノスワロウⅨ		souken	l3939
Zidoria Swallow I	シトリアスワロウⅠ	黃寶飛燕Ⅰ	souken	l132d
Zidoria Swallow II	シトリアスワロウⅡ	黃寶飛燕Ⅱ	souken	l132e
Zidoria Swallow III	シトリアスワロウⅢ	黃寶飛燕Ⅲ	souken	l132f
Zidoria Swallow IV	シトリアスワロウⅣ	黃寶飛燕Ⅳ	souken	l1330
Zidoria Swallow V	シトリアスワロウⅤ	黃寶飛燕Ⅴ	souken	l1331
Amethyst Swallow I	アメシススワロウⅠ	紫晶飛燕Ⅰ	souken	l1696
Amethyst Swallow II	アメシススワロウⅡ	紫晶飛燕Ⅱ	souken	l1697
Amethyst Swallow III	アメシススワロウⅢ	紫晶飛燕Ⅲ	souken	l1698
Amethyst Swallow IV	アメシススワロウⅣ	紫晶飛燕Ⅳ	souken	l1699
Amethyst Swallow V	アメシススワロウⅤ	紫晶飛燕Ⅴ	souken	l169a
Pierce Rapier I	ピアースレイピアⅠ	穿心細劍Ⅰ	souken	l177b
Pierce Rapier II	ピアースレイピアⅡ	穿心細劍Ⅱ	souken	l177c
Pierce Rapier III	ピアースレイピアⅢ	穿心細劍Ⅲ	souken	l177d
Finishing Blow	フィニッシングブロウ	處刑終結者	souken	l177e
Bella Rama I	ベラ・ラフマⅠ	破魔毒Ⅰ	souken	l1a57
Bella Rama II	ベラ・ラフマⅡ	破魔毒Ⅱ	souken	l1a58
Bella Rama III	ベラ・ラフマⅢ	破魔毒Ⅲ	souken	l1a59
Zwerstovo	ズヴェールストヴォ	殘忍	souken	l1a5a
"Aru Goru I ""Red"""	アルドルⅠ【赤】	熱情Ⅰ【赤】	souken	l1fc4
"Aru Goru II ""Red"""	アルドルⅡ【赤】	熱情Ⅱ【赤】	souken	l1fc5
"Aru Goru III ""Red"""	アルドルⅢ【赤】	熱情Ⅲ【赤】	souken	l1fc6
Viru Nikeus	ヴィルズニケウス	炎火之理	souken	l1fc7
972D・ルヴェーロベルス	ルヴェーロベルス	琉璃熱忱	souken	l2d97
982D・ルヴェーウェルギス	ルヴェーウェルギス	琉璃詩人劍	souken	l2d98
Wicked Blade Dainsleif	邪剣ダーインスレイヴ		souken	l41fa
Girawn	ギラウン	地球星劍	souken	l0dac
Girawn Sugad	ギラ・スガッド	喜悅星劍	souken	l0dad
Megilla Sugad	メギラ・スガッド	久遠星劍	souken	l0dae
Meteor's Gate	メテオズ・ゲート	流星之門	souken	l0daf
Ethereal Meteor	リューシンミティア	白晶流星	souken	l2657
Ethereal Trance	リューシントランス	白晶神遊	souken	l2658
Pallas Zwei I	パラスツヴァイⅠ	雅典娜星劍Ⅰ	souken	l0ed9
Pallas Zwei II	パラスツヴァイⅡ	雅典娜星劍Ⅱ	souken	l0eda
Pallas Zwei III	パラスツヴァイⅢ	雅典娜星劍Ⅲ	souken	l0edb
Pallas Collage	パラスクラージュ	雅典娜勇劍	souken	l0edc
Pallas Twins	パラスツウィンズ	雅典娜雙星劍	souken	l2663
Courage Tempest	クラージュテンペスト	雷霆暴雨	souken	l2664
Malum Pugna I	バトルマリエッジⅠ	鬥爭雙刃Ⅰ	souken	l0e39
Malum Pugna II	バトルマリエッジⅡ	鬥爭雙刃Ⅱ	souken	l0e3a
Malum Pugna III	バトルマリエッジⅢ	鬥爭雙刃Ⅲ	souken	l0e3b
Copper Shamshir	カノレボ・シション	永輝雙劍	souken	l0e3c
Canolevo Duane	カノレボ・ドゥアン	永輝恆久雙劍	souken	l289f
Mariescano Leb	マリエスカノレブル	恆星守護者	souken	l28a0
Proecano Leb	プロエカノレブル	恆星探求者	souken	l28a1
Carnel Twins I	カーミスツインズⅠ	鈷紫雙刃Ⅰ	souken	l0f86
Carnel Twins II	カーミスツインズⅡ	鈷紫雙刃Ⅱ	souken	l0f87
Carnel Twins III	カーミスツインズⅢ	鈷紫雙刃Ⅲ	souken	l0f88
Carnelian Swords	カーネリアンソード	瑪瑙之刃	souken	l0f89
Carnelian Blaze	カーネリアンブレイズ	瑪瑙焰光	souken	l28b1
Camilia Nyde	カミリアナイド	晶煥聖堂	souken	l28b2
Camilia Ares	カミリアアレス	晶煥耀身	souken	l28b3
Red Blade I	レッドブレイドⅠ	赤紅雙劍Ⅰ	souken	l0f82
Red Blade II	レッドブレイドⅡ	赤紅雙劍Ⅱ	souken	l0f83
Red Blade III	レッドブレイドⅢ	赤紅雙劍Ⅲ	souken	l0f84
Phoenix Red	フィニックス・レッド	不死鳥·紅	souken	l0f85
Sanguis Red	サングイス・レッド	鮮血·紅	souken	l28c3
Twin Eltia	ツインエリュティア	緋紅雙子劍	souken	l28c4
Deep Eltia	ディープエルティ	深紅之斬	souken	l28c5
Storm Yell I	ストーム・エールⅠ	太陽雙劍Ⅰ	souken	l1046
Storm Yell II	ストーム・エールⅡ	太陽雙劍Ⅱ	souken	l1047
Storm Yell III	ストーム・エールⅢ	太陽雙劍Ⅲ	souken	l1048
Storm Raid	ストーム・レイド	暴風·奇襲	souken	l1049
Storm Fortuna	ストーム・フルトゥナ	暴風·鴻運	souken	l28d5
Tormentous	トルメンディス	驚天動地	souken	l28d6
D728・ケイモンシーン	ケイモンシーン	冬季之神	souken	l28d7
Lento Chiff I	レント・チフⅠ	寒鐵雙刀Ⅰ	souken	l1042
Lento Chiff II	レント・チフⅡ	寒鐵雙刀Ⅱ	souken	l1043
Lento Chiff III	レント・チフⅢ	寒鐵雙刀Ⅲ	souken	l1044
Acid Wrencher	アシッドレンチャー	寒鐵斬擊者	souken	l1045
Iced Wrencher	アイシングレンチャー	冰凍斬擊者	souken	l266f
Freezing Wrencher	フリーズレンチャー	寒霜斬擊者	souken	l2670
Natur I	ナトゥアⅠ	赤鋼雙刀Ⅰ	souken	l113e
Natur II	ナトゥアⅡ	赤鋼雙刀Ⅱ	souken	l113f
Natur III	ナトゥアⅢ	赤鋼雙刀Ⅲ	souken	l1140
Raj Natur	ラージェ・ナトゥア	赤鋼切割者	souken	l1141
7B26・リシアン・ナトゥア	リシアン・ナトゥア	希望赤鋼雙刃	souken	l267b
7C26・ナトゥアクリーク	ナトゥアクリーク	赤鋼延流雙刀	souken	l267c
Serenade I	セレナーデⅠ	小夜曲Ⅰ	souken	l113a
Serenade II	セレナーデⅡ	小夜曲Ⅱ	souken	l113b
Serenade III	セレナーデⅢ	小夜曲Ⅲ	souken	l113c
Las Serenade	ラス・セレナーデ	最後的小夜曲	souken	l113d
Mass Serenade	ミサ・セレナーデ	感恩祭小夜曲	souken	l28e7
E828・リネア・セレナーデ	リネア・セレナーデ	戰線小夜曲	souken	l28e8
E928・ピエザ・セレナーデ	ピエザ・セレナーデ	密室小夜曲	souken	l28e9
Rhul I	リュールⅠ	燦光Ⅰ	souken	l124f
Rhul II	リュールⅡ	燦光Ⅱ	souken	l1250
Rhul III	リュールⅢ	燦光Ⅲ	souken	l1251
Rhul Breaker	リュー・パルティ	燦光樂章	souken	l1252
F928・アマナ・パルティ	アマナ・パルティ	神聖樂章	souken	l28f9
FA28・ラドロ・パルティ	ラドロ・パルティ	盜賊樂章	souken	l28fa
FB28・ディーラ・パルティ	ディーラ・パルティ	核心樂章	souken	l28fb
Knarr I	クナールⅠ	毒焰雙刃Ⅰ	souken	l124b
Knarr II	クナールⅡ	毒焰雙刃Ⅱ	souken	l124c
Knarr III	クナールⅢ	毒焰雙刃Ⅲ	souken	l124d
Knarr Anise	クナール・アニス	毒焰雙刃·雙翼	souken	l124e
Knarr Apicia	クナール・アピシア	毒焰雙刃·奔馳	souken	l26c8
Knarr Amur	クナール・アムル	毒焰雙刃·聖者	souken	l26c9
Knarr Amrida	クナール・アムリダ	毒焰雙刃·無敵	souken	l2749
Cog I	コーグⅠ	邪心Ⅰ	souken	l1329
Cog II	コーグⅡ	邪心Ⅱ	souken	l132a
Cog III	コーグⅢ	邪心Ⅲ	souken	l132b
Cog Katoga	コーグ・カトゥガ	邪心王	souken	l132c
CA26・コーグ・ディーガ	コーグ・ディーガ	邪心暗藏	souken	l26ca
CB26・コーグ・コーガ	コーグ・コーガ	邪心暗刺	souken	l26cb
4A27・コーグ・ブーマ	コーグ・ブーマ	邪心猛獅	souken	l274a
Cowro I	カウロⅠ	翠綠之光Ⅰ	souken	l1325
Cowro II	カウロⅡ	翠綠之光Ⅱ	souken	l1326
Cowro III	カウロⅢ	翠綠之光Ⅲ	souken	l1327
Cowro Robs	カウロ・ロブス	翠綠之光．碎葉	souken	l1328
CC26・カウロ・ロッシィ	カウロ・ロッシィ	翠綠之光．新葉	souken	l26cc
CD26・カウロ・ミィケス	カウロ・ミィケス	翠綠之光．雙葉	souken	l26cd
4B27・カウロ・ハミィ	カウロ・ハミィ	翠綠之光．新芽	souken	l274b
Elmis I	エルミスⅠ	晶紅之光Ⅰ	souken	l1427
Elmis II	エルミスⅡ	晶紅之光Ⅱ	souken	l1428
Elmis III	エルミスⅢ	晶紅之光Ⅲ	souken	l1429
Dias Aramis	ディアス・エルミス	天際·晶紅之光	souken	l142a
CE26・テッド・エルミス	テッド・エルミス	死亡·晶紅之光	souken	l26ce
Dath Aramis	ダース・エルミス	天地·晶紅之光	souken	l26cf
4C27・ブレイド・エルミス	ブレイド・エルミス	晶紅之光刃	souken	l274c
Alem I	アレムⅠ	銘刻灼熱短劍Ⅰ	souken	l1423
Alem II	アレムⅡ	銘刻灼熱短劍Ⅱ	souken	l1424
Alem III	アレムⅢ	銘刻灼熱短劍Ⅲ	souken	l1425
Alemnir	アレムニール	銘刻烈焰雙刀	souken	l1426
D426・アレムピーリ	アレムピーリ	銘刻紅炎雙刃	souken	l26d4
D526・アレムウェール	アレムウェール	銘刻烈火雙刃	souken	l26d5
4F27・アレムアリーナ	アレムアリーナ	銘刻血砂雙刃	souken	l274f
Yok I	ヨークⅠ	銘刻猛毒短劍Ⅰ	souken	l1584
Yok II	ヨークⅡ	銘刻猛毒短劍Ⅱ	souken	l1585
Yok III	ヨークⅢ	銘刻猛毒短劍Ⅲ	souken	l1586
Yok Ankh	ヨーク・アンク	銘刻劇毒雙刀	souken	l1587
D626・ヨーク・シャリリ	ヨーク・シャリリ	銘刻毒辣雙刃	souken	l26d6
Yok Shapur	ヨーク・シャップル	銘刻混亂雙刃	souken	l26d7
Naze I	ネイズⅠ	否決Ⅰ	souken	l1588
Naze II	ネイズⅡ	否決Ⅱ	souken	l1589
Naze III	ネイズⅢ	否決Ⅲ	souken	l158a
Naze Knyz	ネイズ・ナイズ	堅決否定	souken	l158b
Afferter I	アフェーターⅠ	瞬光Ⅰ	souken	l168e
Afferter II	アフェーターⅡ	瞬光Ⅱ	souken	l168f
Afferter III	アフェーターⅢ	瞬光Ⅲ	souken	l1690
Navaja	ナヴァージャ	一閃	souken	l1691
Oruvaja	オルヴァージャ	迅閃	souken	l2693
Junglyph	ジャングリフ	閃爪	souken	l2694
Futto I	フタットⅠ	惡水Ⅰ	souken	l1692
Futto II	フタットⅡ	惡水Ⅱ	souken	l1693
Futto III	フタットⅢ	惡水Ⅲ	souken	l1694
Uruga Futachio	ウルガフタチオ	劇毒之源	souken	l1695
D026・ウルフェフタチオ	ウルフェフタチオ	輝水鉛雙刃	souken	l26d0
D126・ウルモフタチオ	ウルモフタチオ	輝水邪惡雙刃	souken	l26d1
4D27・ウルガルドフタチオ	ウルガルドフタチオ	輝水邪佞雙刃	souken	l274d
App I	アプリⅠ	開闢Ⅰ	souken	l1793
App II	アプリⅡ	開闢Ⅱ	souken	l1794
App III	アプリⅢ	開闢Ⅲ	souken	l1795
Aprilios	アプリリオス	黃金四月	souken	l1796
D226・アプケリウス	アプケリウス	開天雙劍	souken	l26d2
D326・アプケラトリス	アプケラトリス	闢地雙劍	souken	l26d3
4E27・アプケルージュ	アプケルージュ	開拓雙劍	souken	l274e
Ripple Sword I	ライプルソードⅠ	兇殘雙刃Ⅰ	souken	l1c71
Ripple Sword II	ライプルソードⅡ	兇殘雙刃Ⅱ	souken	l1c72
Ripple Sword III	ライプルソードⅢ	兇殘雙刃Ⅲ	souken	l1c73
741C・ライプ・ナキタル	ライプ・ナキタル	殘暴之刃·死亡	souken	l1c74
0B29・ライプ・ラキュイユ	ライプ・ラキュイユ	萬全英傑	souken	l290b
0C29・ライプ・エンツァ	ライプ・エンツァ	萬全救世主	souken	l290c
0D29・カレンタライブス	カレンタライブス	生生不息	souken	l290d
E31D・ロワI	ロワⅠ	帝王Ⅰ	souken	l1de3
E41D・ロワII	ロワⅡ	帝王Ⅱ	souken	l1de4
E51D・ロワIII	ロワⅢ	帝王Ⅲ	souken	l1de5
E61D・ロワ・ニャール	ロワ・ニャール	帝王·爪痕	souken	l1de6
1D29・ロワ・コンターレ	ロワ・コンターレ	帝王·清算	souken	l291d
1E29・ロワ・レーレン	ロワ・レーレン	帝王·教化	souken	l291e
1F29・ロブルワカース	ロブルワカース	滅皇詛咒	souken	l291f
DF1D・リーン・バーンI	リーン・バーンⅠ	機甲光劍Ⅰ	souken	l1ddf
E01D・リーン・バーンII	リーン・バーンⅡ	機甲光劍Ⅱ	souken	l1de0
E11D・リーン・バーンIII	リーン・バーンⅢ	機甲光劍Ⅲ	souken	l1de1
Afterburn	アフター・バーン	終極機甲光劍	souken	l1de2
482C・ソワレ・バーン	ソワレ・バーン	暗黑光劍	souken	l2c48
492C・クレプス・バーン	クレプス・バーン	夕陽光劍	souken	l2c49
Tier I	ティエルⅠ	擊龍光劍Ⅰ	souken	l1f34
Tier II	ティエルⅡ	擊龍光劍Ⅱ	souken	l1f35
Tier III	ティエルⅢ	擊龍光劍Ⅲ	souken	l1f36
Tier Noma	ティエ・ノマ	擊龍光刃劍	souken	l1f37
Tier Melisati	ティエ・メリサティ	領域·殲滅	souken	l2c54
552C・ティエ・リヴェルリ	ティエ・リヴェルリ	領域·蜻蜓	souken	l2c55
Navar I	ナバーⅠ	風吹Ⅰ	souken	l1fbb
Navar II	ナバーⅡ	風吹Ⅱ	souken	l1fbc
Navar III	ナバーⅢ	風吹Ⅲ	souken	l1fbd
Navar IV	ナバーⅣ	風吹Ⅳ	souken	l1fbe
Navar Luz	ナバ・ルス	風之策	souken	l1fbf
Navar Rama	ナバ・ラーマ	風吹·枝幹	souken	l2fd7
Glyph I	グリフⅠ	鉤爪Ⅰ	souken	l223b
Glyph II	グリフⅡ	鉤爪Ⅱ	souken	l223c
Glyph III	グリフⅢ	鉤爪Ⅲ	souken	l223d
Glyph IV	グリフⅣ	鉤爪Ⅳ	souken	l223e
Glyph Maero	グリフ・マエロ	鉤爪.刻痕	souken	l223f
Glyph Rama	グリフ・ラーマ	鉤爪·枝幹	souken	l2fdd
CB24・クレメッタムート	クレメッタムート	海王怒號	souken	l24cb
CC24・クレメントカープロ	クレメントカープロ	海王咆哮	souken	l24cc
CD24・クレメンタカレヴィ	クレメンタカレヴィ	海王旋斬	souken	l24cd
CE24・クレメンタトリープ	クレメンタトリープ	海王浪濤斬	souken	l24ce
CF24・エルヴィンヴォレック	エルヴィンヴォレック	海王暴風斬	souken	l24cf
5D29・エルヴィンヴィード	エルヴィンヴィード	海王怒濤斬	souken	l295d
El Melphatis	エルメルファティス	揮舞命運雙劍	souken	l293a
3B29・エルッキファティス	エルッキファティス	和平命運雙劍	souken	l293b
3C29・エルシーンファティス	エルシーンファティス	慈善命運雙劍	souken	l293c
Mensura I	メンスーラⅠ	尺規Ⅰ	souken	l2c76
Mensura II	メンスーラⅡ	尺規Ⅱ	souken	l2c77
Mensura III	メンスーラⅢ	尺規Ⅲ	souken	l2c78
Mensura IV	メンスーラⅣ	尺規Ⅳ	souken	l2c79
Mensura Tiger	メンスーラ・ティーグ	尺規·猛虎	souken	l2c7a
Mensura Zahn	メンスーラ・ザーン	尺規·英勇	souken	l2c7b
Contraris I	コントラリスⅠ	怒火Ⅰ	souken	l2f3d
Contraris II	コントラリスⅡ	怒火Ⅱ	souken	l2f3e
Contraris III	コントラリスⅢ	怒火Ⅲ	souken	l2f3f
Contraris IV	コントラリスⅣ	怒火Ⅳ	souken	l2f40
Contraris Bonas	コントラリス・ボナ	怒火·激昂	souken	l2f41
Contraris Animo	コントラリス・アニモ	怒火·幽魂	souken	l2f42
Hausente I	ハウスエンテⅠ	天鵝Ⅰ	souken	l2f19
Hausente II	ハウスエンテⅡ	天鵝Ⅱ	souken	l2f1a
Hausente III	ハウスエンテⅢ	天鵝Ⅲ	souken	l2f1b
Hausente IV	ハウスエンテⅣ	天鵝Ⅳ	souken	l2f1c
Hausentchen	ハウスエンテシェーン	天鵝·晴	souken	l2f1d
Hausenten Glanz	ハウスエンテグランツ	天鵝·榮光	souken	l2f1e
E531・カナールI	カナールⅠ	黑鴨Ⅰ	souken	l31e5
E631・カナールII	カナールⅡ	黑鴨Ⅱ	souken	l31e6
E731・カナールIII	カナールⅢ	黑鴨Ⅲ	souken	l31e7
E831・カナールIV	カナールⅣ	黑鴨Ⅳ	souken	l31e8
E931・カナール・シャルム	カナール・シャルム	黑鴨·魅力	souken	l31e9
EA31・カナール・デコール	カナール・デコール	黑鴨·美艷	souken	l31ea
Lorelei Liebe	ローレライ・リーベ	海妖·愛	souken	l30cb
Lorelei Mut	ローレライ・ミューエ	海妖·勞苦	souken	l30cc
Lorelei Neid	ローレライ・ナイト	海妖·忌妒	souken	l30cd
Lorelei Hass	ローレライ・ハス	海妖·憎惡	souken	l30ce
Lorelei Reue	ローレライ・ロイエ	海妖·後悔	souken	l30cf
Lorelei Hexe	ローレライ・ヘクセ	海妖·魔女	souken	l30d0
Lorelei Richt	ローレライ・リヒト		souken	l3eba
DE30・ゼンプレーテI	ゼンプレーテⅠ	光喚Ⅰ	souken	l30de
DF30・ゼンプレーテII	ゼンプレーテⅡ	光喚Ⅱ	souken	l30df
E130・ゼンプレーテIII	ゼンプレーテⅢ	光喚Ⅲ	souken	l30e1
E230・ゼンプレーテIV	ゼンプレーテⅣ	光喚Ⅳ	souken	l30e2
Milo Evangel	ミロエバンジェ	輝光招喚	souken	l30e3
Milo Incane	ミロインカーネ	輝光降臨	souken	l30e4
AB33・ザイチュンI	ザイチュンⅠ	ザイチュンⅠ	souken	l33ab
AC33・ザイチュンII	ザイチュンⅡ	ザイチュンⅡ	souken	l33ac
AD33・ザイチュンIII	ザイチュンⅢ	ザイチュンⅢ	souken	l33ad
AE33・ザイチュンIV	ザイチュンⅣ	ザイチュンⅣ	souken	l33ae
AF33・シャクバンジェ	シャクバンジェ	シャクバンジェ	souken	l33af
B033・シャクインカーネ	シャクインカーネ	シャクインカーネ	souken	l33b0
Twin Clawnyas I	ツインクラッニャーⅠ	ツインクラッニャーⅠ	souken	l32fa
Twin Clawnyas II	ツインクラッニャーⅡ	ツインクラッニャーⅡ	souken	l32fb
Twin Clawnyas III	ツインクラッニャーⅢ	ツインクラッニャーⅢ	souken	l32fc
Twin Clawnyas IV	ツインクラッニャーⅣ	ツインクラッニャーⅣ	souken	l32fd
FE32・ツインプレッニャー	ツインプレッニャー	ツインプレッニャー	souken	l32fe
FF32・ツインスマッニャー	ツインスマッニャー	ツインスマッニャー	souken	l32ff
C63A・ダブルクラッニャーI	ダブルクラッニャーⅠ		souken	l3ac6
C73A・ダブルクラッニャーII	ダブルクラッニャーⅡ		souken	l3ac7
C83A・ダブルクラッニャーIII	ダブルクラッニャーⅢ		souken	l3ac8
C93A・ダブルクラッニャーIV	ダブルクラッニャーⅣ		souken	l3ac9
CA3A・ダブルプレッニャー	ダブルプレッニャー		souken	l3aca
CB3A・ダブルスマッニャー	ダブルスマッニャー		souken	l3acb
8435・ダガダイアI	ダガダイアⅠ		souken	l3584
8535・ダガダイアII	ダガダイアⅡ		souken	l3585
8635・ダガダイアIII	ダガダイアⅢ		souken	l3586
8735・ダガダイアIV	ダガダイアⅣ		souken	l3587
E037・エペダイアI	エペダイアⅠ		souken	l37e0
E137・エペダイアII	エペダイアⅡ		souken	l37e1
E237・エペダイアIII	エペダイアⅢ		souken	l37e2
E337・エペダイアIV	エペダイアⅣ		souken	l37e3
E437・ペペローゼン	ペペローゼン		souken	l37e4
Pepper Royale	ペペロイアル		souken	l37e5
Strange Scarecrow	奇面案山子	奇面案山子	souken	l33d9
Strange Scarecrow Friend	奇面案山子【朋友】	奇面案山子【朋友】	souken	l33da
Strange Scarecrow Partnr	奇面案山子【相棒】	奇面案山子【相棒】	souken	l33db
Lance of Longinus I	ロンギヌスの槍Ⅰ	ロンギヌスの槍Ⅰ	souken	l3466
Lance of Longinus II	ロンギヌスの槍Ⅱ	ロンギヌスの槍Ⅱ	souken	l3467
Lance of Longinus III	ロンギヌスの槍Ⅲ	ロンギヌスの槍Ⅲ	souken	l3468
Lance of Longinus IV	ロンギヌスの槍Ⅳ	ロンギヌスの槍Ⅳ	souken	l3469
Lance of Longinus V	ロンギヌスの槍Ⅴ	ロンギヌスの槍Ⅴ	souken	l346a
Lance of Longinus VI	ロンギヌスの槍Ⅵ	ロンギヌスの槍Ⅵ	souken	l346b
"Engetsuto ""Thunder"" I"	えんげつとう【雷】Ⅰ		souken	l2f05
"Engetsuto ""Thunder"" II"	えんげつとう【雷】Ⅱ		souken	l2f06
"Engetsu ""Thunder"" III"	えんげつとう【雷】Ⅲ		souken	l2f08
"Engetsu ""Thunder"" IV"	えんげつとう【雷】Ⅳ		souken	l2f09
"Engetsu ""Thunder"" V"	えんげつとう【雷】Ⅴ		souken	l2f0a
"Engetsu ""Thunder"" VI"	えんげつとう【雷】Ⅵ		souken	l2f0b
"Engetsu ""Fire"" I"	えんげつとう【火】Ⅰ		souken	l2f0c
"Engetsu ""Fire"" II"	えんげつとう【火】Ⅱ		souken	l2f0d
"Engetsu ""Fire"" III"	えんげつとう【火】Ⅲ		souken	l2f0f
"Engetsu ""Fire"" IV"	えんげつとう【火】Ⅳ		souken	l2f10
"Engetsu ""Fire"" V"	えんげつとう【火】Ⅴ		souken	l2f11
"Engetsu ""Fire"" VI"	えんげつとう【火】Ⅵ		souken	l2f12
A438・限定ジャン剣I	限定ジャン剣Ⅰ		souken	l38a4
A538・限定ジャン剣II	限定ジャン剣Ⅱ		souken	l38a5
A638・限定ジャン剣III	限定ジャン剣Ⅲ		souken	l38a6
A738・限定ジャン剣IV	限定ジャン剣Ⅳ		souken	l38a7
A838・限定ジャン剣V	限定ジャン剣Ⅴ		souken	l38a8
A938・限定ジャン剣VI	限定ジャン剣Ⅵ		souken	l38a9
Wicked Iron Twinfans I	邪悪器・双鉄扇Ⅰ		souken	l3ab4
Wicked Iron Twinfans II	邪悪器・双鉄扇Ⅱ		souken	l3ab5
Wicked Iron Twinfans III	邪悪器・双鉄扇Ⅲ		souken	l3ab6
Wicked Iron Twinfans IV	邪悪器・双鉄扇Ⅳ		souken	l3ab7
Wicked Iron Twinfans V	邪悪器・双鉄扇Ⅴ		souken	l3ab8
Wicked Iron Twinfans VI	邪悪器・双鉄扇Ⅵ		souken	l3ab9
Maihime Kaougi I	舞姫歌扇Ⅰ		souken	l4261
Maihime Kaougi II	舞姫歌扇Ⅱ		souken	l4262
Maihime Kaougi III	舞姫歌扇Ⅲ		souken	l4263
Maihime Kaougi IV	舞姫歌扇Ⅳ		souken	l4264
Maihime Kaougi V	舞姫歌扇Ⅴ		souken	l4265
Maihime Kaougi VI	舞姫歌扇Ⅵ		souken	l4266
Magi Khan	マジェ・カーン		souken	l43b9
Magi Soin	マジェ・ソイン		souken	l43ba
Magi Scarab	マジェ・スカラベ		souken	l43bb
Magi Hieroglyph	マジェ・ハイロゥ		souken	l43bc
Magi Sculis	マジェ・スクリズ		souken	l43bd
Magi Crow	マジェ・クラウ		souken	l43be
Gray Khan	グレイ・カーン		souken	l43fb
Gray Soin	グレイ・ソイン		souken	l43fc
Gray Scarab	グレイ・スカラベ		souken	l43fd
Gray Hieroglyph	グレイ・ハイロゥ		souken	l43fe
Gray Sculis	グレイ・スクリズ		souken	l43ff
Gray Curve	グレイ・ソラス		souken	l4400
Felyne Kukri	アイルーククリ	艾路之爪	souken	l0f7a
Felyne Kukri+	アイルーククリ・改	艾路之爪·改	souken	l0f7b
Cutting Felyne Claws	カッティングアイルー	艾路斬	souken	l0f7c
Binding Felyne Claws	緊縛双刃アイルー	緊縛雙刃艾路	souken	l0f7d
Binding Felyne Claws+	緊縛双刃アイルー改	緊縛雙刃艾路·改	souken	l05c4
Binding Felyne Claws α	緊縛双刃アイルー極	緊縛雙刃艾路·極	souken	l26dc
Binding Felyne Claws α+	緊縛双刃アイルー極改	緊縛雙刃艾路·極改	souken	l2753
Binding Felyne Claws EX	緊縛双刃アイルー絶		souken	l3e1a
Melynx Kukri	メラルーククリ	梅拉路之爪	souken	l0f7e
Melynx Kukri+	メラルーククリ・改	梅拉路之爪·改	souken	l0f7f
Melynx Cutting Claws	カッティングメラルー	梅拉路斬	souken	l0f80
Scalding Melynx Claws	獄炎双刃メラルー	獄炎雙刃梅拉路	souken	l0f81
Burning Melynx Claws+	獄炎双刃メラルー改	獄炎雙刃梅拉路·改	souken	l05c5
Fiery Melynx Claws α	獄炎双刃メラルー極	獄炎雙刃梅拉路·極	souken	l26dd
Fiery Melynx Claws α+	獄炎双刃メラルー極改	獄炎雙刃梅拉路·極改	souken	l2754
Fiery Melynx Claws EX	獄炎双刃メラルー絶		souken	l3e1b
Twin Blitz	ツインブリッツ	閃擊雙劍	souken	l1132
Twin Blitz+	ツインブリッツ・改	閃擊雙劍·改	souken	l1133
Dual Blitz	デュアルブリッツ	閃擊二重奏	souken	l1134
Eclair Gem	エクレール・ジェム	雷光·璀璨	souken	l1135
Eclair Duomo	エクレール・ドーム	雷光·聖堂	souken	l26d8
D926・エクレール・ショウル	エクレール・ショウル	雷光·急流	souken	l26d9
Twin Pearls	ツインパール	珍珠雙劍	souken	l1136
Twin Pearls+	ツインパール・改	珍珠雙劍·改	souken	l1137
Dual Pearls	デュアルパール	珍珠二重奏	souken	l1138
Vapor Gem	ヴェイパー・ジェム	縹緲·璀璨	souken	l1139
Vapor Duomo	ヴェイパー・ドーム	縹緲·聖堂	souken	l26da
DB26・ヴェイパー・ショウル	ヴェイパー・ショウル	縹緲·急流	souken	l26db
Krieg Monat	モナト＝クリーク	戰爭之月雙劍	souken	l0e3d
Krieg Jahr	ヤール＝クリーク	戰爭之年雙劍	souken	l0e3e
Krieg Ara	エイラ＝クリーク	戰爭時代雙劍	souken	l0e3f
Krieg Ende	エンデ＝クリーク	戰爭終結雙劍	souken	l0e40
Krieg Gald	ガルド＝クリーク	王者雙劍	souken	l2884
Krieg Bond	ボンド＝クリーク	執著雙劍	souken	l2885
Krieg Vie	ヴァイ＝クリーク	軍神雙劍	souken	l2886
Hailphonia	ヘイルポニア	冰雹	souken	l141b
Icephonia	アイスポニア	冰霜結晶	souken	l141c
Blizzphonia	ブリザードポニア	冰風暴	souken	l141d
Grand Avalanche	グランドアヴレンチ	大爆雪	souken	l141e
Grand Darius	グランダリウス	狂風暴雪	souken	l2241
Hemorrhage	ヘモレッジ	飛雪紛擾	souken	l2242
9C27・パラグラソーン	パラグラソーン	荊棘冰山	souken	l279c
Toxphonia	トクシックポニア	熱疫雙刃	souken	l141f
Nightponia	ナイトリクポニア	熱毒瘟疫	souken	l1420
Sufferponia	サフュリクポニア	焚身劇毒	souken	l1421
Eshid Storm	エシッドストーム	侵蝕風暴	souken	l1422
Ethid Blaze	エシッドブレイズ	侵蝕烈火	souken	l2243
Scarlet Pyro	スカーレットパイロ	緋紅烈焰刀	souken	l2244
9D27・パイロモルターレ	パイロモルターレ	火焰紋身雙刃	souken	l279d
PrototypeWorkshopSohen	試作型工房双炎	試作型工房雙炎	souken	l179a
OfficialWorkshpSohen	正式採用工房双炎	正式採用工房雙炎	souken	l179b
OfficialWorkshpSohen α	正式採用工房双炎・改	正式採用工房雙炎·改	souken	l179c
"FactoryChiefDS""BlstFlam"""	工房長双刃【爆炎】	工房長雙刃【爆炎】	souken	l179d
"WrkshpTwinBlades""Flame"""	工房長双刃【猛炎】	工房長雙刃【猛炎】	souken	l2896
"WrkshpTwinBlades""Burn"""	工房長双刃【暴炎】	工房長雙刃【暴炎】	souken	l2897
"WrkshpTwinBlades""Scorch"""	工房長双刃【獄炎】	工房長雙刃【獄炎】	souken	l2898
PrototypeWorkshopSuiso	試作型工房水双	試作型工房水雙	souken	l179e
OfficialWorkspSuiso	正式採用工房水双	正式採用工房水雙	souken	l179f
OfficialWorkshpSuiso α	正式採用工房水双・改	正式採用工房水雙·改	souken	l17a0
"FactryChiefFutaba""Tears"""	工房長双刃【涙雨】	工房長雙刃【淚雨】	souken	l17a1
"WrkshpTwinBlades""Rain"""	工房長双刃【滝雨】	工房長雙刃【瀧雨】	souken	l2899
"WrkShpTwinBlades""Storm"""	工房長双刃【轟雨】	工房長雙刃【轟雨】	souken	l289a
"WrkshpTwinBlades""Rainbw"""	工房長双刃【虹雨】	工房長雙刃【虹雨】	souken	l289b
Hermit	隠剣	隱劍	souken	l1905
Claw	襲爪	襲爪	souken	l1906
Straight Sword	先斬刀	先斬刀	souken	l1907
Whirlwind Dance	旋風舞	旋風舞	souken	l1908
Earth Sword+	天雷破・改	天雷破·改	souken	l26a7
Thunder Destroyers+ II	天雷破・改Ⅱ	天雷破·改Ⅱ	souken	l2fce
Cutting Blade	刃刈	刃刈	souken	l1909
Iron Fangs	鉄牙	鐵牙	souken	l190a
Car Rage	車怒流	車怒流	souken	l190b
Shooting Heavens	放天撃	放天擊	souken	l190c
DragonKiller]Awakening]	地霊刀・改	地靈刀·改	souken	l26a9
Earth Sword+ II	地霊刀・改Ⅱ	地靈刀·改Ⅱ	souken	l2fcf
Ryuso	リュウソウ	龍雙刀	souken	l1c75
Sekiryuso	セキリュウソウ	堰龍雙刀	souken	l1c76
Gekiryuso	ゲキリュウソウ	激龍雙刀	souken	l1c77
Hakuryuso	ハクリュウソウ	迫龍雙刀	souken	l1c78
Twin Head	ツインヘッド	雙頭龍	souken	l1c79
8A28・ツインピスタ	ツインピスタ	滑翔雙劍	souken	l288a
8B28・ツインスパーダ	ツインスパーダ	雄心雙劍	souken	l288b
Dual Ice	デュアルアイス	雙重冰結	souken	l1c7a
Dual Ice Dagger	デュアルアイスダガー	雙重冰結短劍	souken	l1c7b
Dual Ice Sword	デュアルアイスソード	雙重冰結刃	souken	l1c7c
Ice Break	アイスブレイク	破冰者	souken	l1c7d
Ice Circle	アイスサークル	冰雙環	souken	l1c7e
8C28・アイスフェスタ	アイスフェスタ	寒冰祭典	souken	l288c
8D28・アイスレイク	アイスレイク	寒冰之湖	souken	l288d
Dawn Blade	ドーンブレイド	輝煌雙劍	souken	l1f2a
Dawn Brand	ドーンブランド	輝煌印記	souken	l1f2b
Dawn Razor	ドーンレイザー	輝煌統合	souken	l1f2c
Dawn Visage	ドーンヴィサージュ	輝煌時代	souken	l1f2d
Dawn Bringer	ドーンブリンガー	輝煌使者	souken	l1f2e
202C・ドーンハラディ	ドーンハラディ	探查凍庫	souken	l2c20
Dawn Helper	ドーンハルパー	探查副手	souken	l2c21
Recave Blade	リカーヴブレイド	蒼天雙劍	souken	l1f2f
Recave Brand	リカーヴブランド	蒼天印記	souken	l1f30
Recave Razor	リカーヴレイザー	蒼天統合	souken	l1f31
Recave Visage	リカーヴヴィサージュ	蒼天時代	souken	l1f32
Recave Bringer	リカーヴブリンガー	蒼天使者	souken	l1f33
222C・リカーヴハラディ	リカーヴハラディ	彎曲凍庫	souken	l2c22
Recave Helper	リカーヴハルパー	彎曲副手	souken	l2c23
"Six Claw Flow ""Beauty"""	六爪流【景秀】	六爪流【景秀】	souken	l1fe0
"Six Claw Flow ""Fang"""	六爪流【牙龍】	六爪流【牙龍】	souken	l1fe1
"Six Claw Flow ""Dragon"""	六爪流【蛟龍】	六爪流【蛟龍】	souken	l1fe2
"Six Claw Flow ""Yinglong"""	六爪流【応龍】	六爪流【應龍】	souken	l1fe3
"Six Claw Flow ""Wardance"""	六爪流【戦舞】	六爪流【戰舞】	souken	l1fe4
"Six Claw Flow ""Warmarch"""	六爪流【戦舞・改】	六爪流【戰舞·改】	souken	l278e
"Six Claw Flow ""Drive"""	六爪流【爪駆】	六爪流【爪驅】	souken	l1fe5
"Six Claw Flow ""Break"""	六爪流【爪破】	六爪流【爪破】	souken	l1fe6
"Six Claw Flow ""Bite"""	六爪流【咬龍】	六爪流【咬龍】	souken	l1fe7
"Six Claw Flow ""Emperor"""	六爪流【皇龍】	六爪流【皇龍】	souken	l1fe8
"Six Claw Flow ""Stygian"""	六爪流【獄竜】	六爪流【獄龍】	souken	l1fe9
"Six Claw Flow ""Hadean"""	六爪流【獄竜・改】	六爪流【獄龍·改】	souken	l278f
"Dual Spear ""Shura"""	二槍【朱羅】	二槍【朱羅】	souken	l1fea
"Dual Spear ""Vermilion"""	二槍【朱雀】	二槍【朱雀】	souken	l1feb
EC1F・二槍【灼炎】	二槍【灼炎】	二槍【灼炎】	souken	l1fec
"Dual Spear ""Acid Flame"""	二槍【炎凰】	二槍【炎凰】	souken	l1fed
"Dual Spear ""Heaven"""	二槍【天覇】	二槍【天霸】	souken	l1fee
"Dual Spear ""Heaven α"""	二槍【天覇・改】	二槍【天霸·改】	souken	l2792
EF1F・二槍【紅牙】	二槍【紅牙】	二槍【紅牙】	souken	l1fef
"Dual Spear ""Red Killer"""	二槍【斬紅】	二槍【斬紅】	souken	l1ff0
"Dual Spear ""Red Grass"""	二槍【赤芒】	二槍【赤芒】	souken	l1ff1
"Dual Spear ""Blazing"""	二槍【焔翔】	二槍【焰翔】	souken	l1ff2
"Dual Spear ""Extinction"""	二槍【絶槍】	二槍【絕槍】	souken	l1ff3
"Dual Spear""Extinction α"""	二槍【絶槍・改】	二槍【絕槍·改】	souken	l2793
Kanshou and Bakuya I	干将・莫耶Ⅰ	干將·莫耶Ⅰ	souken	l1ff4
Kanshou and Bakuya II	干将・莫耶Ⅱ	干將·莫耶Ⅱ	souken	l1ff5
Kanshou and Bakuya III	干将・莫耶Ⅲ	干將·莫耶Ⅲ	souken	l1ff6
Kanshou and Bakuya IV	干将・莫耶Ⅳ	干將·莫耶Ⅳ	souken	l1ff7
Kanshou and Bakuya V	干将・莫耶Ⅴ	干將·莫耶Ⅴ	souken	l1ff8
Gan Jiang/Mo Ye VI	干将・莫耶Ⅵ	干將·莫耶Ⅵ	souken	l27a6
Kanshou and Bakuya VII	干将・莫耶Ⅶ		souken	l3eb0
Fear Spike	フィアスパイク	猛火雙斧	souken	l2462
Fear Snegel	フィアスネゲル	猛火利斧	souken	l2463
D02F・サエウム	サエウム	殘酷	souken	l2fd0
Vio Spike	ヴィオスパイク	生命雙斧	souken	l2467
6A24・ヴィオスデール	ヴィオスデール	生命戰斧	souken	l246a
6B24・ティーアヴァルド	ティーアヴァルド	蠻橫之森	souken	l246b
D12F・ゲザングヴァルド	ゲザングヴァルド	戰歌之森	souken	l2fd1
Nameless Dagger I	無銘・短剣Ⅰ	無銘·短劍Ⅰ	souken	l263d
Nameless Dagger II	無銘・短剣Ⅱ	無銘·短劍Ⅱ	souken	l263e
Nameless Dagger III	無銘・短剣Ⅲ	無銘·短劍Ⅲ	souken	l263f
Nameless Dagger IV	無銘・短剣Ⅳ	無銘·短劍Ⅳ	souken	l2640
Nameless Dagger V	無銘・短剣Ⅴ	無銘·短劍Ⅴ	souken	l2641
Nameless Dagger VI	無銘・短剣Ⅵ	無銘·短劍Ⅵ	souken	l27a7
Nameless Dagger VII	無銘・短剣Ⅶ		souken	l3eb3
Nameless Dagger [Blk] I	無銘・短剣【黒】Ⅰ	無銘·短劍【黑】Ⅰ	souken	l2642
Nameless Dagger [Blk] II	無銘・短剣【黒】Ⅱ	無銘·短劍【黑】Ⅱ	souken	l2643
Nameless Dagger [Blk] III	無銘・短剣【黒】Ⅲ	無銘·短劍【黑】Ⅲ	souken	l2644
Nameless Dagger [Blk] IV	無銘・短剣【黒】Ⅳ	無銘·短劍【黑】Ⅳ	souken	l2645
Nameless Dagger [Blk] V	無銘・短剣【黒】Ⅴ	無銘·短劍【黑】Ⅴ	souken	l2646
Nameless Dagger [Blk]VI	無銘・短剣【黒】Ⅵ	無銘·短劍【黑】Ⅵ	souken	l27a8
Black Nameless Dagger VII	無銘・短剣【黒】Ⅶ		souken	l3eb4
Viole En Garde	ヴィオレアンガルド	紫羅蘭架勢	souken	l2832
Viole Marche	ヴィオレマルシェ	紫羅蘭突進	souken	l2833
Viole Bon Avant	ヴィオレボンナバン	紫羅蘭衝刺	souken	l2836
Epee Primaire	エペイストプリマーレ	至高劍士	souken	l2838
Blanc En Garde	ブランアンガルド	潔白架勢	souken	l2839
Blanc Marche	ブランマルシェ	潔白突進	souken	l283a
3C28・ブランファンデヴ	ブランファンデヴ	潔白突刺	souken	l283c
Blanc Bon Avant	ブランボンナバン	潔白衝刺	souken	l283d
3E28・ブランボンナリエ	ブランボンナリエ	潔白退守	souken	l283e
Epest Maxima	エペイストマキシマ	極限劍士	souken	l283f
Ultrahard Steel Blade I	超硬質ブレードⅠ	超硬質之刃Ⅰ	souken	l2dd1
Ultrahard Steel Blade II	超硬質ブレードⅡ	超硬質之刃Ⅱ	souken	l2dd2
Ultrahard Steel Blade III	超硬質ブレードⅢ	超硬質之刃Ⅲ	souken	l2dd3
Ultrahard Steel Blade IV	超硬質ブレードⅣ	超硬質之刃Ⅳ	souken	l2dd4
Ultrahard Steel Blade V	超硬質ブレードⅤ	超硬質之刃Ⅴ	souken	l2dd5
Ultrahard Steel Blade VI	超硬質ブレードⅥ	超硬質之刃Ⅵ	souken	l2dd6
Ultrahard Steel Blade VII	超硬質ブレードⅦ		souken	l3f4b
Snap Blade I	スナップブレードⅠ	競馬雙劍Ⅰ	souken	l2dd7
Snap Blade II	スナップブレードⅡ	競馬雙劍Ⅱ	souken	l2dd8
Snap Blade III	スナップブレードⅢ	競馬雙劍Ⅲ	souken	l2dd9
Snap Blade IV	スナップブレードⅣ	競馬雙劍Ⅳ	souken	l2dda
Snap Blade V	スナップブレードⅤ	競馬雙劍Ⅴ	souken	l2ddb
Snap Blade VI	スナップブレードⅥ	競馬雙劍Ⅵ	souken	l2ddc
Snap Blade VII	スナップブレードⅦ		souken	l3f4c
ToroKuro Box I	トロクロボックスⅠ	多樂黑樂ＢＯＸⅠ	souken	l302f
ToroKuro Box II	トロクロボックスⅡ	多樂黑樂ＢＯＸⅡ	souken	l3030
ToroKuro Box III	トロクロボックスⅢ	多樂黑樂ＢＯＸⅢ	souken	l3031
ToroKuro Box IV	トロクロボックスⅣ	多樂黑樂ＢＯＸⅣ	souken	l3032
ToruKuro Box V	トロクロボックスⅤ	多樂黑樂ＢＯＸⅤ	souken	l3033
ToroKuro Box VI	トロクロボックスⅥ	多樂黑樂ＢＯＸⅥ	souken	l3034
ToroKuru Box VII	トロクロボックスⅦ		souken	l3bfd
ToroKuro Max I	トロクロマックスⅠ	多樂黑樂ＭＡＸⅠ	souken	l3035
ToroKuro Max II	トロクロマックスⅡ	多樂黑樂ＭＡＸⅡ	souken	l3036
ToroKuro Max III	トロクロマックスⅢ	多樂黑樂ＭＡＸⅢ	souken	l3037
ToroKuro Max IV	トロクロマックスⅣ	多樂黑樂ＭＡＸⅣ	souken	l3038
ToroKuro Max V	トロクロマックスⅤ	多樂黑樂ＭＡＸⅤ	souken	l3039
ToroKuro Max VI	トロクロマックスⅥ	多樂黑樂ＭＡＸⅥ	souken	l303a
ToroKuro Max VII	トロクロマックスⅦ		souken	l3bfe
Flowers	花散里	花散里	souken	l30bf
"Flowers ""Tulips"""	花散里【白粉花】	花散里【白粉花】	souken	l30c0
"Flowers ""Clovers"""	花散里【萩】	花散里【萩】	souken	l30c1
"Flowers ""Dandilions"""	花散里【秋明菊】	花散里【秋明菊】	souken	l30c2
"Flowers ""Sakura"""	花散里【秋桜】	花散里【秋櫻】	souken	l30c3
"Flowers ""Peonies"""	花散里【冬牡丹】	花散里【冬牡丹】	souken	l30c4
Wisteria Leaf	藤裏葉	藤裏葉	souken	l30c5
"Wisteria Leaf ""WhitLeaf"""	藤裏葉【白粉花】	藤裏葉【白粉花】	souken	l30c6
"Wisteria Leaf ""Clover"""	藤裏葉【萩】	藤裏葉【萩】	souken	l30c7
"Wisteria Leaf""Chrysanth"""	藤裏葉【秋明菊】	藤裏葉【秋明菊】	souken	l30c8
"Wisteria Leaf ""Cosmos"""	藤裏葉【秋桜】	藤裏葉【秋櫻】	souken	l30c9
"Wisteria Leaf ""Peony"""	藤裏葉【冬牡丹】	藤裏葉【冬牡丹】	souken	l30ca
Brutal Edge	ブルタルエッジ	殘酷雙刃	souken	l222f
Brutal Fang	ブルタルファング	殘酷雙牙	souken	l2230
Brutal Talon	ブルタルロウ	殘酷刃牙	souken	l2231
Brutal Tear	ブルタルティア	殘酷裂刃	souken	l2232
Brutal Gaze	ブルタルゲイズ	殘酷凝視	souken	l2233
Brutal Arthemis	ブルタルテミス	殘酷守則	souken	l2234
Brutal Trace	ブルタルトレイス	ブルタルトレイス	souken	l347c
Brutalizer	ブルータライザー		souken	l3ebb
Twin Anger	ツインアンガー	雙刃憤怒	souken	l2235
Beserk Anger	ベルセルクアンガー	狂戰憤怒	souken	l2236
Savage Anger	サベージアンガー	獰猛憤怒	souken	l2237
Hatred Anger	ヘイトレッドアンガー	憎惡憤怒	souken	l2238
Arch Anger	アークアンガー	方舟憤怒	souken	l2239
Saint Anger	セイントアンガー	聖者憤怒	souken	l223a
Holy Anger	ホーリーアンガー	→ホーリーアンガー	souken	l347d
Sacred Anger	セイクリッドアンガー		souken	l3ebc
Sacred Red Blazedance I	炎舞ウ紅聖ノ双剣Ⅰ		souken	l3daa
Sacred Red Blazedance II	炎舞ウ紅聖ノ双剣Ⅱ		souken	l3dab
Sacred Red Blazedance III	炎舞ウ紅聖ノ双剣Ⅲ		souken	l3dac
Sacred Red Blazedance IV	炎舞ウ紅聖ノ双剣Ⅳ		souken	l3dad
Sacred Red Blazedance V	炎舞ウ紅聖ノ双剣Ⅴ		souken	l3dae
Sacred Red Blazedance VI	炎舞ウ紅聖ノ双剣Ⅵ		souken	l3daf
Sacred Red Blazedance VII	炎舞ウ紅聖ノ双剣Ⅶ		souken	l3db0
Destan	デスタン		souken	l3beb
Destan Mira	デスタン・ミラ		souken	l3bec
Destan Kadal	デスタン・カダル		souken	l3bed
Destan Sumin	デスタン・スミン		souken	l3bee
Destan Saar	デスタン・ザール		souken	l3bef
Destan More	デスタン・モア		souken	l3bf0
Destan Most	デスタン・モスト		souken	l3bf1
Evai	エヴァイ		souken	l3bf2
Evai Mira	エヴァイ・ミラ		souken	l3bf3
Evai Kadal	エヴァイ・カダル		souken	l3bf4
Evai Sumin	エヴァイ・スミン		souken	l3bf5
Evai Saar	エヴァイ・ザール		souken	l3bf6
Evai More	エヴァイ・モア		souken	l3bf7
Evai Most	エヴァイ・モスト		souken	l3bf8
4A24・バグズジェミオレ	バグズジェミオレ	蟲羽飛舞	souken	l244a
4B24・バグズジェミグロ	バグズジェミグロ	蟲羽飛揚	souken	l244b
4C24・バグズジェミリオン	バグズジェミリオン	蟲羽翩翩	souken	l244c
4D24・バグズジェミティエ	バグズジェミティエ	蟲羽起舞	souken	l244d
4E24・バグズジェミハイト	バグズジェミハイト	蟲羽飛躍	souken	l244e
4F24・セクタンデュオルヴァ	セクタンデュオルヴァ	雙羽靈巧之刃	souken	l244f
D?fi	デフィ	挑戰	souken	l30a3
D?fi Courage	デフィ・クラージュ	挑戰·勇氣	souken	l30a4
D?fi Fierit?	デフィ・フィエリテ	挑戰·榮耀	souken	l30a5
D?fi Jouissance	デフィ・ジュイサンス	挑戰·愉悅	souken	l30a6
D?fi Passion	デフィ・パシオン	挑戰·熱情	souken	l30a7
D?fi False	デフィ・フォルス	挑戰·力量	souken	l30a8
D?fi Ideale	デフィ・イデアル	挑戰·理想	souken	l30a9
AA30・ヴィーゾフ	ヴィーゾフ	試煉	souken	l30aa
AB30・ヴィーゾフ・ソーン	ヴィーゾフ・ソーン	試煉·夢想	souken	l30ab
AC30・ヴィーゾフ・ミェチタ	ヴィーゾフ・ミェチタ	試煉·憧憬	souken	l30ac
AD30・ヴィーゾフ・シィーラ	ヴィーゾフ・シィーラ	試煉·力量	souken	l30ad
AE30・ヴィーゾフ・ウーム	ヴィーゾフ・ウーム	試煉·智慧	souken	l30ae
AF30・ヴィーゾフ・ドゥシャ	ヴィーゾフ・ドゥシャ	試煉·心靈	souken	l30af
B030・ヴィーゾフ・ヴォリャ	ヴィーゾフ・ヴォリャ	試煉·魂	souken	l30b0
A135・オスクリ・エペ	オスクリ・エペ		souken	l35a1
A235・オスクリ・スパーダ	オスクリ・スパーダ		souken	l35a2
A335・オスクリ・エスパダ	オスクリ・エスパダ		souken	l35a3
A435・オスクリ・セイフ	オスクリ・セイフ		souken	l35a4
A535・オスクリ・イスパダ	オスクリ・イスパダ		souken	l35a5
A635・オスタルティブ	オスタルティブ		souken	l35a6
A735・オスティティア	オスティティア		souken	l35a7
A835・ルスクリ・エペ	ルスクリ・エペ		souken	l35a8
A935・ルスクリ・スパーダ	ルスクリ・スパーダ		souken	l35a9
AA35・ルスクリ・エスパダ	ルスクリ・エスパダ		souken	l35aa
AB35・ルスクリ・セイフ	ルスクリ・セイフ		souken	l35ab
AC35・ルスクリ・イスパダ	ルスクリ・イスパダ		souken	l35ac
AD35・ルスタルティブ	ルスタルティブ		souken	l35ad
AE35・ルスティティア	ルスティティア		souken	l35ae
Akura Eins	アクラアイン	獨自謳歌	souken	l17a2
Akura Zwei	アクラツヴァイ	雙重謳歌	souken	l17a3
Akura Drei	アクラドライ	三重謳歌	souken	l17a4
Akura Vier	アクラフィーア	四重謳歌	souken	l17a5
Akura Counter	アクラツィーニー	十重謳歌	souken	l1c84
BC2D・アクラニーベル	アクラニーベル	尾晶蠍毒液	souken	l2dbc
BD2D・アクラツヴァーナ	アクラツヴァーナ	尾晶蠍艷刃	souken	l2dbd
Twin Blue Edges I	ツインエッジⅠ【蒼】	銳刃雙劍Ⅰ【蒼】	souken	l0e4d
Twin Blue Edges II	ツインエッジⅡ【蒼】	銳刃雙劍Ⅱ【蒼】	souken	l0e4e
Twin Blue Edges III	ツインエッジⅢ【蒼】	銳刃雙劍Ⅲ【蒼】	souken	l0e4f
Collbrande	コルブラント	燃炭雙劍	souken	l0e50
Ice Brand	アイスブランド	寒冰雙劍	souken	l1de9
Black Giga Claws I	ギガクロウズⅠ【黒】	屠龍獵爪Ⅰ【黑】	souken	l0ec3
Black Giga Claws II	ギガクロウズⅡ【黒】	屠龍獵爪Ⅱ【黑】	souken	l0ec4
Black Giga Claws III	ギガクロウズⅢ【黒】	屠龍獵爪Ⅲ【黑】	souken	l0ec5
Das Schmerzen	ダルグシュメルツ	滅龍獵爪	souken	l0ec6
Lightning Stub I	ライトニングスタブⅠ	雷光斬滅雙劍Ⅰ	souken	l1787
Lightning Stub II	ライトニングスタブⅡ	雷光斬滅雙劍Ⅱ	souken	l1788
Lightning Stub III	ライトニングスタブⅢ	雷光斬滅雙劍Ⅲ	souken	l1789
Skull Pierce	スカルピアース	激閃雙劍	souken	l178a
Fire Edge I	ファイアエッジⅠ	烈火銳劍Ⅰ	souken	l1a63
Fire Edge II	ファイアエッジⅡ	烈火銳劍Ⅱ	souken	l1a64
Fire Edge III	ファイアエッジⅢ	烈火銳劍Ⅲ	souken	l1a65
Magma Edge	マグマエッジ	熔岩銳劍	souken	l1a66
"Aru Goru I ""Water"""	アルドルⅠ【水】	熱情Ⅰ【水】	souken	l1fcc
"Aru Goru II ""Water"""	アルドルⅡ【水】	熱情Ⅱ【水】	souken	l1fcd
"Aru Goru III ""Water"""	アルドルⅢ【水】	熱情Ⅲ【水】	souken	l1fce
Amakaresu	アーマカレウス	澈水之理	souken	l1fcf
Twin White Edges I	ツインエッジⅠ【白】	銳刃雙劍Ⅰ【白】	souken	l0e41
Twin White Edges II	ツインエッジⅡ【白】	銳刃雙劍Ⅱ【白】	souken	l0e42
Twin White Edges III	ツインエッジⅢ【白】	銳刃雙劍Ⅲ【白】	souken	l0e43
Ascalon	アスカロン	屠龍雙聖劍	souken	l0e44
Aqua Claws I	アクアクロウズⅠ	沁水雙爪Ⅰ	souken	l0ecf
Aqua Claws II	アクアクロウズⅡ	沁水雙爪Ⅱ	souken	l0ed0
Aqua Claws III	アクアクロウズⅢ	沁水雙爪Ⅲ	souken	l0ed1
Vassallo	ヴァサリド	霜結雙爪	souken	l0ed2
Rain Thrust I	レインスラストⅠ	穿雨雙針Ⅰ	souken	l178b
Rain Thrust II	レインスラストⅡ	穿雨雙針Ⅱ	souken	l178c
Rain Thrust III	レインスラストⅢ	穿雨雙針Ⅲ	souken	l178d
Bloodfall	ブラッドフォール	墮落血痕	souken	l178e
Thunder Edge I	サンダーエッジⅠ	閃雷銳劍Ⅰ	souken	l1a67
Thunder Edge II	サンダーエッジⅡ	閃雷銳劍Ⅱ	souken	l1a68
Thunder Edge III	サンダーエッジⅢ	閃雷銳劍Ⅲ	souken	l1a69
Lightning Edge	サンダーボルトエッジ	閃雷波爾多銳劍	souken	l1a6a
"Aru Goru I ""White"""	アルドルⅠ【白】	熱情Ⅰ【白】	souken	l1fd0
"Aru Goru II ""White"""	アルドルⅡ【白】	熱情Ⅱ【白】	souken	l1fd1
"Aru Goru III ""White"""	アルドルⅢ【白】	熱情Ⅲ【白】	souken	l1fd2
D31F・ドクトゥアーブス	ドクトゥアーブス	虛無之理	souken	l1fd3
Double Beta	ダブルベータ	測試紀念雙刀	souken	l01e9
Double Beta II	ダブルベータⅡ	測試紀念雙刀Ⅱ	souken	l03a6
Double Beta III	ダブルベータⅢ	測試紀念雙刀Ⅲ	souken	l03a7
Eclair Vio	エクレール・ヴィオ	雷電生命雙劍	souken	l0ed7
BC Slicer I	ＢＣ・スライサーⅠ	ＢＣ·雙切Ⅰ	souken	l0372
BC Slicer II	ＢＣ・スライサーⅡ	ＢＣ·雙切Ⅱ	souken	l0373
BC Slicer III	ＢＣ・スライサーⅢ	ＢＣ·雙切Ⅲ	souken	l0374
Breath Cage	ブレス・ケージ	氣息·牢籠	souken	l0ed8
Breath Cage+	ブレス・ケージ改	氣息·牢籠·改	souken	l1583
Raise Edges	レイズエッジ	復甦銳劍	souken	l0e18
Raise Slicers	レイズスライサー	復甦雙切	souken	l0e19
Raise Reapers	レイズリーパー	復甦死神雙劍	souken	l0e1a
Double Raise	ダブルレイズ	雙重復甦劍	souken	l0e1b
Double Strike	ダブルストライク	雙重打擊	souken	l1ffc
Raise Strike	レイズストライク	レイズストライク	souken	l32a1
Dual Sword I	デュアルソードⅠ	雙牙劍Ⅰ	souken	l0e51
Dual Sword II	デュアルソードⅡ	雙牙劍Ⅱ	souken	l0e52
Dual Sword III	デュアルソードⅢ	雙牙劍Ⅲ	souken	l0e53
Caladbolg	カラドコルグ	堅牙劍	souken	l0e54
Twin Yellow Edges I	ツインエッジⅠ【黄】	銳刃雙劍Ⅰ【黃】	souken	l0e55
Twin Yellow Edges II	ツインエッジⅡ【黄】	銳刃雙劍Ⅱ【黃】	souken	l0e56
Twin Yellow Edges III	ツインエッジⅢ【黄】	銳刃雙劍Ⅲ【黃】	souken	l0e57
Fragarach	フラガラッハ	復仇雙劍	souken	l0e58
Flagartus	フラガルタス	眩光斬	souken	l2245
Yellow Giga Claws I	ギガクロウズⅠ【黄】	雷電獵爪Ⅰ【黃】	souken	l0ed3
Yellow Giga Claws II	ギガクロウズⅡ【黄】	雷電獵爪Ⅱ【黃】	souken	l0ed4
Yellow Giga Claws III	ギガクロウズⅢ【黄】	雷電獵爪Ⅲ【黃】	souken	l0ed5
Fortified Agony	フォルティネル	雷霆獵爪	souken	l0ed6
Blue Giga Claws I	ギガクロウズⅠ【蒼】	冰凍獵爪Ⅰ【蒼】	souken	l0ecb
Blue Giga Claws II	ギガクロウズⅡ【蒼】	冰凍獵爪Ⅱ【蒼】	souken	l0ecc
Blue Giga Claws III	ギガクロウズⅢ【蒼】	冰凍獵爪Ⅲ【蒼】	souken	l0ecd
Crystalized Pain	ディルクリスタロ	酷寒獵爪	souken	l0ece
Dilsol	ディルソル	極地獵爪	souken	l1ffd
Knife Gloves	ナイフグローブ	利刃拳套	souken	l142b
Dead Scratch	デッドスクラッチ	死亡之痕	souken	l142c
Dead Snatch	デッドスナッチ	死亡重擊	souken	l142d
Dead Rush	デッドラッシュ	死亡衝擊	souken	l142e
Naranja Sabers	ナランハセーバー	橙光軍斧	souken	l1682
Arancia Sabers	アランチャスライサー	橙光雙切	souken	l1683
Orange Crisis	オランジュクライシス	橙光崩壞	souken	l1684
Malum Medicum	マールム・メディクム	日暮之光	souken	l1685
FA1F・マルタ・メディリス	マルタ・メディリス	日暮眩光	souken	l1ffa
Veil Saver	ヴェールセーバー	碧閃軍斧	souken	l168a
Verdes Slicer	ヴェルデスライサー	碧閃雙切	souken	l168b
Willide Crisis	ウィリデクライシス	碧綠危機	souken	l168c
Zylide Onui	ズィリデ・オーヌイ	翡翠一閃	souken	l168d
Zyli Vega	ズィリ・ヴェーガ	翡翠閃現	souken	l1ff9
Surpra Saver	サープラセーバー	墨色軍斧	souken	l1686
Sulpur Slicer	スルプルスライサー	墨色雙切	souken	l1687
Speller Crisis	スペラークライシス	墨色崩壞	souken	l1688
Quad Superest	クォド・スペレスト	暮色籠罩	souken	l1689
Penta Superest	ペンタ・スペレスト	暮色·五芒	souken	l2fe2
Hexa Superest	ヘキサ・スペレスト	暮色·六光	souken	l2fe3
Septa Superest	セプタ・スペレスト	暮色·七星	souken	l2fe4
Paralypia I	パラライピアⅠ	麻痺雙針Ⅰ	souken	l1783
Paralypia II	パラライピアⅡ	麻痺雙針Ⅱ	souken	l1784
Paralypia III	パラライピアⅢ	麻痺雙針Ⅲ	souken	l1785
Paragreen	パラグリーン	麻痺利針	souken	l1786
Papillion Sabers White	パピリオセーバー白	棒棒冰勇者白	souken	l18f3
Papillion Cyclone White	パピリオサイクロン白	棒棒冰旋風白	souken	l18f4
Papillion Hero White	パピリオンヒーロー白	棒棒冰英雄白	souken	l18f5
Poisoner I	ポイゾナーⅠ	使毒Ⅰ	souken	l177f
Poisoner II	ポイゾナーⅡ	使毒Ⅱ	souken	l1780
Poisoner III	ポイゾナーⅢ	使毒Ⅲ	souken	l1781
Venom Purple	ベノムパープル	憎惡之紫	souken	l1782
Venomancer	ヴェノマンサー	摯愛狠毒斬	souken	l2246
Demon's Rapier I	デモンズレイピアⅠ	惡魔細劍Ⅰ	souken	l178f
Demon's Rapier II	デモンズレイピアⅡ	惡魔細劍	souken	l1790
Demon's Rapier III	デモンズレイピアⅢ	惡魔細劍Ⅲ	souken	l1791
Demon's Fire	デモンズファイア	惡魔之炎	souken	l1792
Demon's Hell	デモンズヘル	惡魔煉獄	souken	l3178
Demon's Chaos	デモンズケイオス		souken	l37ca
Double Edge I	ダブルエッジⅠ	雙重銳劍Ⅰ	souken	l1a5b
Double Edge II	ダブルエッジⅡ	雙重銳劍Ⅱ	souken	l1a5c
Double Edge III	ダブルエッジⅢ	雙重銳劍Ⅲ	souken	l1a5d
Swift Edge	スウィフトエッジ	極速銳劍	souken	l1a5e
Swift Glory	スウィフティモ	極速榮耀	souken	l1ffb
Frozen Edge I	フローズンエッジⅠ	冰雪銳劍Ⅰ	souken	l1a6b
Frozen Edge II	フローズンエッジⅡ	冰雪銳劍Ⅱ	souken	l1a6c
Frozen Edge III	フローズンエッジⅢ	冰雪銳劍Ⅲ	souken	l1a6d
Blizzard Edge	ブリザードエッジ	冰風暴銳劍	souken	l1a6e
Wave Edge I	ウェーブエッジⅠ	波動銳劍Ⅰ	souken	l1a5f
Wave Edge II	ウェーブエッジⅡ	波動銳劍Ⅱ	souken	l1a60
Wave Edge III	ウェーブエッジⅢ	波動銳劍Ⅲ	souken	l1a61
Tidal Edge	タイダルエッジ	海嘯銳劍	souken	l1a62
Chocovanilla Cones	パリンジャー白茶	霜淇淋白茶	souken	l0594
Chocovanilla Cones+	パリンジャー改白茶	霜淇淋·改白茶	souken	l0595
Big Chocovanilla Cones	パリンジャイン白茶	霜淇淋甜筒白茶	souken	l0596
Double Choco Cones	Ｓパリンジャー茶茶	Ｓ霜淇淋茶茶	souken	l05a0
Double Choco Cones+	Ｓパリンジャー改茶茶	Ｓ霜淇淋·改茶茶	souken	l05a1
Big Double Choco Cones	Ｓパリンジャイン茶茶	Ｓ霜淇淋甜筒茶茶	souken	l05a2
"Aru Goru I ""Black"""	アルドルⅠ【黒】	熱情Ⅰ【黑】	souken	l1fd4
"Aru Goru II ""Black"""	アルドルⅡ【黒】	熱情Ⅱ【黑】	souken	l1fd5
"Aru Goru III ""Black"""	アルドルⅢ【黒】	熱情Ⅲ【黑】	souken	l1fd6
D71F・ファトゥスニグル	ファトゥスニグル	屠龍之理	souken	l1fd7
C01F・ネッラズーロ	ネッラズーロ	青黑	souken	l1fc0
C11F・ネッラズーロ・ザンナ	ネッラズーロ・ザンナ	青黑·牙	souken	l1fc1
C21F・ネッラズーロ・ラーマ	ネッラズーロ・ラーマ	青黑·枝葉	souken	l1fc2
C31F・ネッラズーロ・ゼロス	ネッラズーロ・ゼロス	青黑·鬥爭之心	souken	l1fc3
"Barrier ""S"""	バリアシオン【Ｓ】	變奏曲【Ｓ】	souken	l1fdc
"Barrier ""SS"""	バリアシオン【ＳＳ】	變奏曲【ＳＳ】	souken	l1fdd
"Barrier ""3S"""	バリアシオン【３Ｓ】	變奏曲【３Ｓ】	souken	l1fde
"Barrier ""DoS"""	バリアシオン【ドＳ】	變奏曲【超Ｓ】	souken	l1fdf
"Aru Goru I ""Yellow"""	アルドルⅠ【黄】	熱情Ⅰ【黃】	souken	l1fc8
"Aru Goru II ""Yellow"""	アルドルⅡ【黄】	熱情Ⅱ【黃】	souken	l1fc9
"Aru Goru III ""Yellow"""	アルドルⅢ【黄】	熱情Ⅲ【黃】	souken	l1fca
Magnafraus	マグナフラウス	極致金黃	souken	l1fcb
"Aru Goru I ""Purple"""	アルドルⅠ【紫】	熱情Ⅰ【紫】	souken	l1fd8
"Aru Goru II ""Purple"""	アルドルⅡ【紫】	熱情Ⅱ【紫】	souken	l1fd9
"Aru Goru III ""Purple"""	アルドルⅢ【紫】	熱情Ⅲ【紫】	souken	l1fda
Favour	ファヴアール	尊貴紫光	souken	l1fdb
Neo Double Beta	ネオダブルベータ	天藍測試雙刀	souken	l23f1
Neo Double Beta II	ネオダブルベータⅡ	天藍測試雙刀Ⅱ	souken	l23f2
Neo Double Beta III	ネオダブルベータⅢ	天藍測試雙刀Ⅲ	souken	l23f3
Neo Double Beta IV	ネオダブルベータⅣ	天藍測試雙刀Ⅳ	souken	l23f4
Neo Double Beta V	ネオダブルベータⅤ	天藍測試雙刀Ⅴ	souken	l23f5
F623・ネオエクレルベータ	ネオエクレルベータ	閃電測試雙刀	souken	l23f6
Cinder Liste	シンドルリステ	合金漠原	souken	l24a4
Cinder Listel	シンドルリステル	合金荒漠	souken	l24a5
Cinder Listes	シンドルリステス	合金孤原	souken	l24a6
A724・シンドルリズリー	シンドルリズリー	合金荒野	souken	l24a7
High Double Beta	ハイダブルベータ	高階測試紀念雙刀	souken	l2e5f
High Double Beta II	ハイダブルベータⅡ	高階測試紀念雙刀Ⅱ	souken	l2e60
High Double Beta III	ハイダブルベータⅢ	高階測試紀念雙刀Ⅲ	souken	l2e51
High Double Beta IV	ハイダブルベータⅣ	高階測試紀念雙刀Ⅳ	souken	l2e61
High Double Beta V	ハイダブルベータⅤ	高階測試紀念雙刀Ⅴ	souken	l2e62
High Ecre Beta	ハイエクレルベータ	高階前測雙刀	souken	l2e63
Demon Heart	ディーモンハート	惡魔邪心	souken	l318e
Menti Edge	メンティエッジ	受選利刃	souken	l3204
War Eternal	ウォーエターナル	ウォーエターナル	souken	l333c
Against the Wind	アゲンストザウィンド	アゲンストザ疾風	souken	l3342
Silent Scream	サイレントスクリーム		souken	l3407
"Rondo Duo ""Base"""	煉舞ノ双剣【山入】		souken	l4051
"Rondo Duo ""Mountain"""	煉舞ノ双剣【山中】		souken	l4052
"Rondo Duo ""Summit"""	煉舞ノ双剣【山頂】		souken	l4053
"Rondo Duo ""Sagiyama"""	煉舞ノ双剣【鷺山】		souken	l4054
Renka Twins	煉華ノ双剣		souken	l3f91
"Renka Twins ""Maple"""	煉華ノ双剣【紅葉】		souken	l3f92
"Renka Twins ""Japonicum"""	煉華ノ双剣【紅葉鹿】		souken	l3f93
"Renka Twins""White Light"""	煉華ノ双剣【白光】		souken	l3f94
Lethe Duals	煉獄ノ双剣		souken	l4344
"Lethe Duals ""Anarchy"""	煉獄ノ双剣・反抗		souken	l4345
"Lethe Duals ""Wish"""	煉獄ノ双剣・願望		souken	l4346
"Lethe Duals ""Mahakala"""	煉獄ノ双剣【大黒天】		souken	l4347
Raven Heart	レイヴンハート		souken	l41e8
Usurper's Fulgur	王双刃ハタタカミ	王双刃ハタタカミ	souken	l34c8
Despot's Blitz	王牙双刃【土雷】	王牙双刃【土雷】	souken	l34c9
Oppressor's Miracle	真・王牙双刃【天業】	真·王牙双刃【天業】	souken	l34ca
Double Fury Blades	憤怒の双刃	憤怒の双刃	souken	l3520
Last Predator	ラースプレデター	ラースプレデター	souken	l3521
Nero Wrath	ネロ＝ラース	ネロ＝ラース	souken	l3522
Dios Slicer	ディオスライサー		souken	l3531
Twin Blast Blades	爆砕の双刃		souken	l3532
Lightbreak Twins	破岩双刃アルコバレノ		souken	l3533
Blizzarioths	ニヴルブリザード		souken	l3572
Blizzarioths+	ニヴルブリザード改		souken	l3573
Raider's Icecarvers	凍刻みブリザレイド		souken	l3574
Hidden Daggers	ヒドゥガー		souken	l3870
Night Wings	ヒドゥガー改		souken	l3871
Avidya Blades	夜天連刃【黒翼】		souken	l3872
Brimstren Drakeclaws	獄双刃リュウソウ		souken	l3a24
Brimstren Drakeclaws+	獄双刃リュウソウ改		souken	l3a25
Stygian Superbia	狼牙双刃【雷獄】		souken	l3a26
Fledderklauen	クロウofリッパー		souken	l3bb3
Hungerklauen	クロウofハンガー		souken	l3bb4
Aasklauen	クロウofキャリアー		souken	l3bb5
Les Apotres	THEアポストル		souken	l3cce
Le Paradis	THEヘヴン		souken	l3ccf
Le Shangrila	THEシャングリラ		souken	l3cd0
Stormwind Fans	凶扇【黒風白雨】		souken	l3ec8
Heavenwind Fans	天嵐ノ扇【天つ風】		souken	l3ec9
Taixu Fans	太虚ノ扇【昊天】		souken	l3eca
Zakun Twins	ザクンアルギエバ		souken	l3fd1
Terrible Twins	叛爪アルギエバ		souken	l3fd2
Zakun Rebellion	乱叛爪アルギエバ		souken	l3fd3
Thornshroud Rosenklinge	棘蝕双ローゼンエッジ		souken	l3afb
Thornshroud Rosenkrone	棘蝕双ローゼンコルノ		souken	l3afc
Thornshroud Rosenturm	棘蝕双ローゼンローク		souken	l3afd
Thornshroud Rosenkranz	棘蝕双ローゼンケラス		souken	l3afe
Stormblade	絶雷振双剣		souken	l3b27
"Stormblade ""Lightning"""	絶雷振双剣【電電】		souken	l3b28
"Stormblade ""Rumble"""	絶雷振双剣【鳴鳴】		souken	l3b29
"Stormblade ""Thunder"""	絶雷振双剣【雷雷】		souken	l3b2a
"Aegismauls ""Astaespa"""	盾蟹双剣アスタエスパ		souken	l3b33
"Aegismauls ""Astaepe"""	盾蟹双剣アスタエーペ		souken	l3b34
"Aegismauls ""Astaspas"""	盾蟹双剣アスタスパス		souken	l3b35
"Aegismauls ""Astazumo"""	盾蟹双剣アスタジュモ		souken	l3b36
"Flamedirks ""Soleil"""	火竜猛双剣ソレイユ		souken	l3bcf
"Flamedirks ""Shams"""	火竜猛双剣シャムス		souken	l3bd0
"Flamedirks ""Taian"""	火竜猛双剣タイヤン		souken	l3bd1
"Flamedirks ""Reflare"""	火竜猛双剣リオフレア		souken	l3bd2
Hyuji Nadell	ヒュージ・ナデル		souken	l3ce7
Hyuji Ago	ヒュージ・アゴー		souken	l3ce8
Hyuji Perone	ヒュージ・ペロネー		souken	l3ce9
Hyuhyuji Igura	ヒュヒュージ・イグラ		souken	l3cea
Winter Mist	フリーレテュレイラ		souken	l3cfb
Piercing Mist	ザミルテュレイラ		souken	l3cfc
Chilling Mist	ギャチャテュレイラ		souken	l3cfd
Icy Froststorm	グラッセテューレ		souken	l3cfe
Ruko Twins Orugorudo	極龍双剣オルゴルド		souken	l3e23
Ruko Twins Zoroto	極龍双剣ゾロト		souken	l3e24
Ruko Twins Aurumu	極龍双剣アウルム		souken	l3e25
Light Ruko Twins Jiin	光極龍双剣ジィン		souken	l3e26
"Inagami Duo ""Kazahana"""	雅翁双剣アンズ		souken	l3ee1
"Inagami Duo ""Petals"""	雅翁双剣アンカム		souken	l3ee2
"Inagami Duo ""Waning"""	雅翁双剣アンリム		souken	l3ee3
"Inagami Duo ""Thriving"""	雅翁双剣グラジラス		souken	l3ee4
"Anoru Twin ""Wish"""	ゼーゲ・ウィッシュ		souken	l4121
"Anoru Twin ""Aries"""	ゼーゲ・アリエス		souken	l4122
"Anoru Twin ""Scherp"""	ゼーゲ・スクリップ		souken	l4123
"Anoru Twin ""Douleur"""	ゼーゲ・ドゥルール		souken	l4124
Eryu Raira	エリュー・ライラ		souken	l41d3
Eryu Rai	エリュー・ライカム		souken	l41d4
Eryu Kamu	エリュー・リーズリ		souken	l41d5
Eryu Rizuri	エリュー・ヴィリア		souken	l41d6
"Magma Duo ""Hizi"""	岩漿鎧双剣ヒズィ		souken	l4287
"Magma Duo ""Nefrit"""	岩漿鎧双剣ネフリット		souken	l4288
"Magma Duo ""Munst"""	岩漿鎧双剣ムンスト		souken	l4289
"Magma Duo ""Agate"""	岩漿鎧双剣アンジェイ		souken	l428a
"Harudo Duals ""Jin"""	司銀双剣ジン		souken	l444f
"Harudo Duals ""Serieburo"""	司銀双剣セリエブロー		souken	l4450
"Harudo Duals ""Metarumu"""	司銀双剣メタルム		souken	l4451
"Harudo Duals ""Kuryusuta"""	司銀双剣クリュスタ		souken	l4452
"Composer Pair ""Intro"""	歌唄ノ双剣【前奏】		souken	l3b88
"Composer Pair ""Chorus"""	歌唄ノ双剣【中奏】		souken	l3b89
"Composer Pair ""Encore"""	歌唄ノ双剣【後奏】		souken	l3b8a
"Prayer Duals ""Prelude"""	歌踊ノ双剣【前奏】		souken	l3d3f
"Prayer Duals ""Interlude"""	歌踊ノ双剣【中奏】		souken	l3d40
"Prayer Duals ""Finale"""	歌踊ノ双剣【後奏】		souken	l3d41
"Musical Pair ""Prelude"""	歌舞ノ双剣【前奏】		souken	l3ef4
"Musical Pair ""Chorus"""	歌舞ノ双剣【中奏】		souken	l3ef5
"Musical Pair ""Encore"""	歌舞ノ双剣【後奏】		souken	l3ef6
"Recital Duo ""Prelude"""	歌詠ノ双剣【前奏】		souken	l3faf
"Recital Duo ""Chorus"""	歌詠ノ双剣【中奏】		souken	l3fb0
"Recital Duo ""Encore"""	歌詠ノ双剣【後奏】		souken	l3fb1
"Melody Duo ""Prelude"""	歌奏ノ双剣【前奏】		souken	l415a
"Melody Duo ""Chorus"""	歌奏ノ双剣【中奏】		souken	l415b
"Melody Duo ""Encore"""	歌奏ノ双剣【後奏】		souken	l415c
"Enrapture Duo ""Intro"""	歌繋ノ双剣【前奏】		souken	l436f
"Enrapture Duo ""Chorus"""	歌繋ノ双剣【中奏】		souken	l4370
"Enrapture Duo ""Encore"""	歌繋ノ双剣【後奏】		souken	l4371
→BE2D・アクラヴァントアナー	→アクラヴァントアナー	→尾晶蠍毒刃	souken	l2dbe
Iron Katana	鉄刀	鐵刀	tachi	l000a
"Iron Katana ""Grace"""	鉄刀【禊】	鐵刀【楔】	tachi	l000b
"Iron Katana ""Gospel"""	鉄刀【神楽】	鐵刀【神樂】	tachi	l000c
Eager Cleaver	斬破刀	斬破刀	tachi	l00d0
Devil Slicer	鬼斬破	鬼斬破	tachi	l011d
True Devil Slicer	鬼神斬破刀	鬼神斬破刀	tachi	l0112
Fierce God Slicer	鬼神斬破刀【極】	鬼神斬破刀【極】	tachi	l032f
Glistening Edge	鉄刀【氷刃】	鐵刀【冰刃】	tachi	l0215
Blango Destroyer	白猿薙	白猿薙	tachi	l0209
Blango Decimator	白猿薙【ドド】	白猿薙【中級】	tachi	l020a
Blango Destructor	白猿薙【ドドド】	白猿薙【高級】	tachi	l020b
Blango Devastator	白猿薙【ドドドド】	白猿薙【驚嘆】	tachi	l0485
Icemoon Edge	鉄刀【氷月】	鐵刀【冰月】	tachi	l1964
Raindrop Edge	鉄刀【雫ノ型】	鐵刀【滴式】	tachi	l1ac1
Pale Ice Edge	鉄刀【薄氷】	鐵刀【薄冰】	tachi	l1cf4
"Bone Katana ""Wolf"""	骨刀【狼牙】	骨刀【狼牙】	tachi	l000d
"Bone Katana ""Shark"""	骨刀【鮫牙】	骨刀【蛟牙】	tachi	l000e
"Bone Katana ""Dragon"""	骨刀【竜牙】	骨刀【龍牙】	tachi	l000f
Hellish Slasher	天下無双刀	天下無雙刀	tachi	l0005
Divine Slasher	天上天下無双刀	天上天下無雙刀	tachi	l00d1
World Splitter	三千世界無双刀	三千世界無雙刀	tachi	l031d
Creation Divider	三千大千世界無双刀	三千大千世界無雙刀	tachi	l03ed
Fire Dragonsword	龍刀【焔】	龍刀【焰】	tachi	l0032
Red Dragonsword	龍刀【紅蓮】	龍刀【紅蓮】	tachi	l0033
Smolder Dragonsword	龍刀【朧火】	龍刀【朧火】	tachi	l0118
Karmic Fire Dragonsword	龍刀【業炎】	龍刀【業炎】	tachi	l0f01
"Wyvern Blade ""Azure"""	飛竜刀【朱】	飛龍刀【朱】	tachi	l0013
"Wyvern Blade ""Maple"""	飛竜刀【楓】	飛龍刀【楓】	tachi	l0185
"Wyvern Blade ""Flower"""	飛竜刀【茜】	飛龍刀【茜】	tachi	l031c
"Wyvern Blade ""Crimson"""	飛竜刀【紅】	飛龍刀【紅】	tachi	l118b
Rising Dragon Chaosflame	昇龍刀【狂焔】	昇龍刀【狂焰】	tachi	l1ac0
"Wyvern Blade ""Leaf"""	飛竜刀【青葉】	飛龍刀【綠葉】	tachi	l0016
"Wyvern Blade ""Verde"""	飛竜刀【翠】	飛龍刀【翠】	tachi	l017f
"Wyvern Blade ""Holly"""	飛竜刀【葵】	飛龍刀【葵】	tachi	l01de
"Wyvern Blade ""Citrus"""	飛竜刀【柚葉】	飛龍刀【柚葉】	tachi	l02f5
Wyvern Sword - Timber	飛竜刀【桐葉】	飛龍刀【桐葉】	tachi	l0fa2
Black Katana Mk.I	黒刀【零ノ型】	黑刀【零式】	tachi	l0010
Black Katana Mk.II	黒刀【弐ノ型】	黑刀【貳式】	tachi	l0011
Black Katana Mk.III	黒刀【参ノ型】	黑刀【參式】	tachi	l001f
Divine Black Katana	黒刀【天ノ型】	黑刀【天式】	tachi	l02f3
Black Katana Light	黒刀【光ノ型】	黑刀【光式】	tachi	l0dde
Black Katana Earth	黒刀【地ノ型】	黑刀【地式】	tachi	l034d
Black Katana Dark	黒刀【闇ノ型】	黑刀【闇式】	tachi	l0ddf
Miracle Flame	焔灼	焰灼	tachi	l0288
Raging Flame	烈火	烈火	tachi	l0289
Flash of Flame	焔ノ閃	焰之閃	tachi	l028a
Blazing Blade	焔斬刃	焰斬刃	tachi	l0512
Dark Scythe	ダークサイス	黑暗鐮刀	tachi	l001a
Dark Torment	ダークトーメント	黑暗痛苦鐮刀	tachi	l001b
Scythe of Menace	鎌威太刀	鐮威太刀	tachi	l0115
Scythe of Menace+	鎌威太刀－改	鐮威太刀·改	tachi	l02f2
Scythe of Terror	鎌威太刀－極	鐮威太刀·極	tachi	l0f02
True Scythe of Terror	真鎌威太刀－極	真鐮威太刀·極	tachi	l1efe
Crab Cutter	クラブカッター	蟹鉗大鐮	tachi	l0124
Daimyo Cutter	ダイミョウカッター	盾爪鐮	tachi	l017e
Daimyo Cutter+	ダイミョウカッター改	盾爪鐮·改	tachi	l02f4
Daimyo Scythe	ダイミョウサイス	大名鐮刀	tachi	l118a
Bubble Shaver	バブルシェーバー	泡沫剃刀	tachi	l034e
Demonic Halberd	鬼薙刀	鬼薙刀	tachi	l0173
Great Demon Halberd	大鬼薙刀	大鬼薙刀	tachi	l0186
War Demon Halberd	戦鬼薙刀	戰鬼薙刀	tachi	l03b6
Carved Longsword	刻削ノ太刀	刻削太刀	tachi	l1abf
Crimson Scythe	クリムゾンサイス	深紅角鐮	tachi	l010a
Monoblos Scythe	モノブロスサイス	紅角鐮	tachi	l0181
Death Blos Scythe	デスブロスサイス	赤紅角鐮	tachi	l118c
Death Class Scythe	デスクラスサイス	真紅角鐮	tachi	l1cf3
White Mantis	ホワイトマンティス	蒼白螳螂鐮	tachi	l010b
Frost Ripper	フロストリーパー	銀角鐮	tachi	l0182
Ice Reaper	アイスリーパー	寒冰死神	tachi	l030e
Dragonwood L.Sword	龍木ノ太刀	龍木太刀	tachi	l0031
Dragonwood Godblade	龍木ノ太刀【神憑】	龍木太刀【神憑】	tachi	l0184
Divine Drgnwood Sword	神龍木ノ太刀【神降】	神龍木太刀【神降】	tachi	l03b4
Godly Dragonwood Sword	神龍木ノ太刀【神隠】	神龍木太刀【神隱】	tachi	l1cf5
Drgnwood Slumber Swrd	龍木ノ太刀【魔睡】	龍木太刀【魔睡】	tachi	l0389
Dazy Drgnwood Sword	神龍木ノ太刀【邪眠】	神龍木太刀【邪眠】	tachi	l03b5
Saber	軍刀	軍刀	tachi	l010f
Lion Dance Saber	軍刀【獅子舞】	軍刀【獅子舞】	tachi	l0110
Lion King Saber	軍刀【獅子王】	軍刀【獅子王】	tachi	l0180
Guardian Lion Saber	軍刀【獅子守】	軍刀【獅子守】	tachi	l1965
Rusty Claymore	ラスティクレイモア	去鏽巨劍	tachi	l0174
Grind Claymore	グラインドクレイモア	磨光巨劍	tachi	l0175
Gaelic Flame	エクディシス	蛻變太刀	tachi	l0187
Gaelic Flame+	エクディシス改	蛻變太刀·改	tachi	l0331
Ecdysis	リアルエクディシス	真·蛻變太刀	tachi	l118d
Last Genesis	ラストジェネシス	最後創世者	tachi	l1963
Liquid Fire Blade	炎斬【溶】	炎斬【熔】	tachi	l01fd
Divine Fire Blade	炎斬【灼】	炎斬【灼】	tachi	l01fe
Smelting Fire Blade	炎斬【煉】	炎斬【煉】	tachi	l0282
Imprisoned Flame Blade	炎斬【獄】	炎斬【獄】	tachi	l0330
Flameprison Blade	炎斬【獄焔】	炎斬【獄焰】	tachi	l03ec
Water Slicer	水斬【壱段】	水斬【壹段】	tachi	l0285
Water Slicer Mk.II	水斬【弐段】	水斬【貳段】	tachi	l0286
Water Slicer Mk.III	水斬【参段】	水斬【參段】	tachi	l0287
Final Water Slicer	水斬【最終段】	水斬【最終段】	tachi	l0484
Tigrex Tooth	ティガノタチ	轟龍之觸	tachi	l02d2
Tigrex Katana	轟刀【虎徹】	轟刀【虎徹】	tachi	l02d3
True Tigrex Katana	真・轟刀【虎徹】	真·轟刀【虎徹】	tachi	l1273
Akantor Katana	覇刀タンネカムトルム	霸刀蛇神	tachi	l02d4
"Magma Blade ""Melt"""	紅炎刃【溶】	紅炎刃【溶】	tachi	l0350
"Magma Blade ""Scorch"""	紅炎刃【灼】	紅炎刃【灼】	tachi	l0351
Crimson Flame Sword	紅炎刃【焦熱】	紅炎刃【焦熱】	tachi	l107d
Rosen Schwinden	ローゼンフェーダー	薔薇之羽	tachi	l035d
Rosen Flugel	ローゼンフリューゲル	薔薇之翼	tachi	l035e
Rosen Himmel	ローゼンヒンメル	薔薇天堂	tachi	l035f
Kaktus Fader	カクトスフェーダー	棘刺之羽	tachi	l03ee
Kaktus Flugel	カクトスフリューゲル	棘刺之翼	tachi	l03ef
Kaktus Himmel	カクトスヒンメル	棘刺天堂	tachi	l04c4
Perle Fader	ペルレフェーダー	珍珠之羽	tachi	l0ffe
Perle Flugel	ペルレフリューゲル	珍珠之翼	tachi	l0fff
Perle Himmel	ペルレヒンメル	珍珠天堂	tachi	l1000
Ripple	サザナミ	波浪太刀	tachi	l0387
Tsunami	ツナミ	海嘯太刀	tachi	l0388
Otsunami	オオツナミ	大海嘯太刀	tachi	l107c
Tomoe Naginata	大薙刀【巴】	大薙刀【巴】	tachi	l0482
Shizu Naginata	大薙刀【静】	大薙刀【靜】	tachi	l0483
Vashimu Razor	ヴァシムレイザー	尾晶蠍剃刀	tachi	l0506
Vashimu Saber	ヴァシムシェーバー	尾晶蠍速刀	tachi	l0507
Vashimu Sonic	ヴァシムソニック	尾晶蠍音速刀	tachi	l0508
Jebia Razor	ジェビアレイザー	灰晶蠍剃刀	tachi	l0509
Jebia Saber	ジェビアシェーバー	灰晶蠍速刀	tachi	l050a
Jebia Sonic	ジェビアソニック	灰晶蠍音速刀	tachi	l050b
Don Slash	ドン・スラッシュ	吞·斬擊	tachi	l0efd
Don Shaver	ドン・シェーバー	吞龍剃刀	tachi	l0efe
Hierro Calma	イエロカルマ	冰雪·風止	tachi	l107e
Hierro Brisa	イエロブリッサ	冰雪·微風	tachi	l107f
Hierro Viento	イエロビエント	冰雪·陣風	tachi	l1080
Hierro Rafagas	イエロラファーガ	冰雪·強風	tachi	l1081
Hierro Huracanes	イエロウラカーン	冰雪·狂風	tachi	l1082
Suserihime	牙狼刀【須世理】	牙狼刀【須世理】	tachi	l1078
Okuninushi	牙狼刀【大国主】	牙狼刀【大國主】	tachi	l1079
Pure Rock	岩石丸	岩石丸	tachi	l118e
Spirit Rock Sword	岩殻刀【御影】	岩殼刀【御影】	tachi	l118f
Obsidian Sword	岩殻刀【黒曜】	岩殼刀【黑曜】	tachi	l1190
Genbu Rock Sword	岩殻刀【玄武】	岩殼刀【玄武】	tachi	l1191
Scarlet Katana	緋骨太刀	緋骨太刀	tachi	l193c
"Scarlet Katana ""Full"""	緋骨太刀【天花】	緋骨太刀【天花】	tachi	l193d
"Scarlet Katana ""Dawn"""	緋骨太刀【暁天】	緋骨太刀【曉天】	tachi	l193e
"Scarlet Katana""Disaster"""	緋骨太刀【天変】	緋骨太刀【天變】	tachi	l193f
Ruko's Milles	ミレス＝アーラ	士兵之翼	tachi	l1aae
Ruko's Regina	レギナ＝アーラ	女王之翼	tachi	l1aaf
Ruko's Rex	レクス＝アーラ	帝王之翼	tachi	l1ab0
Kampf Klinge	カンフ・クリンゲ	鬥爭之刃	tachi	l1aa9
Raub Klinge	ラオブ・クリンゲ	掠奪之刃	tachi	l1aaa
Rache Klinge	ラッヘ・クリンゲ	復仇之刃	tachi	l1aab
Crystal Edge	晶刀	晶刀	tachi	l1ccf
"Crystal Edge ""Fulg"""	晶刀フルグ	晶刀·閃光	tachi	l1cd0
"Crystal Edge ""Fulgor"""	晶刀フルゴル	晶刀·煌	tachi	l1cd1
Taikun Slicer	多殻刀	多殼刀	tachi	l1e24
"Taikun Slicer ""Nandina"""	多殻刀【南天】	多殼刀【南天】	tachi	l1e25
"Taikun Slicer""Persimmon"""	多殻刀【柿蘭】	多殼刀【柿蘭】	tachi	l1e26
Burning Zero Dragon Ken	灼零エルゼスパーダ		tachi	l3e02
Eternal Destruction	封龍刀【破】	封龍刀【破】	tachi	l0283
Eternal Damnation	封龍刀【裂破】	封龍刀【裂破】	tachi	l0284
True Destroyer Drgn Swrd	真封龍刀【裂破】	真封龍刀【裂破】	tachi	l03eb
Pinnacle Drgn Sword	極封龍刀【裂破】	極封龍刀【裂破】	tachi	l0fa1
Guardian Sword	ガーディアンソード	守護者之劍	tachi	l0111
Imperial Sword	インペリアルソード	帝國配劍	tachi	l0183
Imperial Sword+	インペリアルソード改	帝國配劍·改	tachi	l031b
Royal Sword	ロイヤルソード	皇家之劍	tachi	l1274
"Training Sword ""1st Dan"""	鍛錬刀【初段】	鍛鍊刀【初段】	tachi	l0309
"Training Sword ""2nd Dan"""	鍛錬刀【二段】	鍛鍊刀【二段】	tachi	l0486
"Training Sword ""3rd Dan"""	鍛錬刀【三段】	鍛鍊刀【三段】	tachi	l0487
Concealed Blade	隠刀【琵琶】	隱刀【琵琶】	tachi	l030a
Concealed Koto Blade	隠刀【月影琴】	隱刀【月影琴】	tachi	l0488
Final Concealed Blade	隠刀【終焉ノ唱】	隱刀【終結之唱】	tachi	l0489
Ice Fate	アイスフェイト	寒冰命運太刀	tachi	l0406
Frost Fate	フロストフェイト	寒霜命運太刀	tachi	l0407
Freeze Fate	フリーズフェイト	霜凍命運太刀	tachi	l0408
Zero Fate	ゼロフェイト	零度命運太刀	tachi	l0409
Absolute Zero	アブソリュートゼロ	絕對零度	tachi	l1abe
Rarest Scythe	レアスト・サイス	珍稀秘石大鐮	tachi	l1196
Eresh Scythe	エレシュ・サイス	死亡冥后之鐮	tachi	l1197
Mol Scythe	モル・サイス	瘟神鐮刀	tachi	l1198
Walkure	ヴァルキューレ	女武神	tachi	l1199
Hell Surfer	ヘルサーファー	地獄衝浪者	tachi	l1e37
Centenarian Dagger	大長老の脇差	大長老的太刀	tachi	l01e4
Susano Blade	斬老刀【スサノオ】	斬老刀【須佐之男】	tachi	l017d
Caravan Edge I	キャラバン刀Ⅰ	商隊太刀Ⅰ	tachi	l120f
Caravan Edge II	キャラバン刀Ⅱ	商隊太刀Ⅱ	tachi	l1210
Caravan Edge III	キャラバン刀Ⅲ	商隊太刀Ⅲ	tachi	l1211
Caravan Edge IV	キャラバン刀Ⅳ	商隊太刀Ⅳ	tachi	l1212
Caravan Edge V	キャラバン刀Ⅴ	商隊太刀Ⅴ	tachi	l1213
Caravan Edge VI	キャラバン刀Ⅵ	商隊太刀Ⅵ	tachi	l1214
Caravan Katana VII	キャラバン刀Ⅶ	商隊太刀Ⅶ	tachi	l17db
Caravan Sword	キャラバン絶刀	商隊絕刀	tachi	l1bf3
Caravan Katana II	キャラバン絶刀Ⅱ	商隊絕刀Ⅱ	tachi	l2d8f
Caravan Katana III	キャラバン絶刀Ⅲ	商隊絕刀Ⅲ	tachi	l2d90
Green Thorn	棘緑ノ太刀【燈台】	棘綠太刀【燈台】	tachi	l146b
Kerria	棘緑ノ太刀【山吹】	棘綠太刀【山吹】	tachi	l146c
Morning Glory	棘緑ノ太刀【朝顔】	棘綠太刀【朝顏】	tachi	l146d
Apollinaris	棘緑ノ太刀【鈴蘭】	棘綠太刀【鈴蘭】	tachi	l146e
Orange Thorn	棘茶ノ太刀【弟切】	棘茶太刀【弟切】	tachi	l146f
Spider Lily	棘茶ノ太刀【彼岸】	棘茶太刀【彼岸】	tachi	l1470
Narcissus	棘茶ノ太刀【水仙】	棘茶太刀【水仙】	tachi	l1471
Wolfsbane	棘茶ノ太刀【鳥兜】	棘茶太刀【鳥兜】	tachi	l1472
White Thorn	棘白ノ太刀【狐火】	棘白太刀【狐火】	tachi	l1473
Seafire	棘白ノ太刀【不知火】	棘白太刀【不知火】	tachi	l1474
Wheelmonk	棘白ノ太刀【輪入道】	棘白太刀【輪入道】	tachi	l1475
Kagutsuchi	棘白ノ太刀【迦具土】	棘白太刀【迦具土】	tachi	l1476
Argen Edge	アルゲンエッジ	鋼金銳劍	tachi	l1860
Argen Blade	アルゲンブレイド	鋼金薄刃	tachi	l1861
Zilva Perle	ジルバペルレ	銀白珍珠	tachi	l1862
Zilva Sand	ジルバザント	銀白沙地	tachi	l1863
Epidosis Nodachi I	エピドシスノタチⅠ	進化太刀Ⅰ	tachi	l1e2a
Epidosis Nodachi II	エピドシスノタチⅡ	進化太刀Ⅱ	tachi	l1e2b
Epidosis Nodachi III	エピドシスノタチⅢ	進化太刀Ⅲ	tachi	l1e2c
Cambrio Tachi I	カンビオノタチⅠ	幻化太刀Ⅰ	tachi	l1e2d
Cambrio Tachi II	カンビオノタチⅡ	幻化太刀Ⅱ	tachi	l1e2e
Cambrio Tachi III	カンビオノタチⅢ	幻化太刀Ⅲ	tachi	l1e2f
Infinity Sword	イニティソード	初始太刀	tachi	l2058
Shipler Sword	シプレラソード	元祖太刀	tachi	l2141
Berum Sword SPI	ベルムソードSPⅠ	暗幕長劍SPⅠ	tachi	l2142
Berum Sword SPIV	ベルムソードSPⅣ	暗幕長劍SPⅣ	tachi	l2143
Berum Sword SPVII	ベルムソードSPⅦ	暗幕長劍SPⅦ	tachi	l2144
Parone Katana I	パローネ刀Ⅰ		tachi	l36de
Parone Katana II	パローネ刀Ⅱ		tachi	l36df
Parone Katana III	パローネ刀Ⅲ		tachi	l36e0
Galea Thaum	ガレアテーウム	裝甲士兵彎刀	tachi	l1361
Galea Shika	ガレアシーカ	裝甲士兵之刃	tachi	l1362
Galea Falx	ガレアファルクス	裝甲士兵長彎刀	tachi	l1363
Galea Lamina	ガレアラミーナ	裝甲士兵長刀	tachi	l1364
Brute Fader	ブルートフェーダー	血腥之羽	tachi	l15b9
Brute Flugel	ブルートフリューゲル	血腥羽翼	tachi	l15ba
Brute Himmel	ブルートヒンメル	血腥天國	tachi	l15bb
Brute Stern	ブルートシュテルン	血腥之星	tachi	l15bc
Daimyo Sickle	ダイミョウシックル	大名蟹之鐮	tachi	l15bd
Daimyo Cleave	ダイミョウクリーブ	大名蟹切割者	tachi	l15be
Daimyo Mantis	ダイミョウマンティス	大名蟹鐮足	tachi	l15bf
Death Squall	デススコール	死亡暴雨	tachi	l15c0
Blue Longsword	青ノ太刀【切】	青之太刀【切】	tachi	l16bc
Blue Decapitator	青ノ太刀【斬】	青之太刀【斬】	tachi	l16bd
Blue Judgement	青ノ太刀【断】	青之太刀【斷】	tachi	l16be
Blue Bisector	青ノ太刀【両断】	青之太刀【兩斷】	tachi	l16bf
"Rock Sword ""Shatter"""	巖石刀【撃砕】	巖石刀【擊碎】	tachi	l188c
"Rock Sword ""Fracture"""	巖石刀【破砕】	巖石刀【破碎】	tachi	l188d
"Rock Sword ""Crack"""	巖石刀【破断】	巖石刀【破斷】	tachi	l188e
"Rock Sword ""Collapse"""	巖石刀【崩壊】	巖石刀【崩壞】	tachi	l188f
Wonder Rose	ヴュルデローザ	莊嚴玫瑰	tachi	l1890
Forte Rose	フォルテローザ	城寨玫瑰	tachi	l1891
Dandy Rose	ダンデローザ	利齒玫瑰	tachi	l1892
Madonna Rose	マドネローザ	劇毒玫瑰	tachi	l1893
Hami No Tachi	波光乃太刀	波光乃太刀	tachi	l1ab3
"Hami No Tachi ""Force"""	波光乃太刀【暴】	波光乃太刀【暴】	tachi	l1ab4
"Hami No Tachi ""Rough"""	波光乃太刀【荒】	波光乃太刀【荒】	tachi	l1ab5
"Hami No Tachi ""War"""	波光乃太刀【乱】	波光乃太刀【亂】	tachi	l1ab6
Thunder Shock Sword	迅雷斬破刀	迅雷斬破刀	tachi	l1cd4
Thunder Slash Sword	轟雷斬破刀	轟雷斬破刀	tachi	l1cd5
Thunder Slay Sword	万雷斬破刀	萬雷斬破刀	tachi	l1cd6
Echoing Thunder Sword	鳴神斬破刀	鳴神斬破刀	tachi	l1cd7
Kirin Phantasm	幻雷刀【麒麟】	幻雷刀【麒麟】	tachi	l0510
Arc Phantasm	幻雷刀【聳弧】	幻雷刀【聳弧】	tachi	l0511
Dodon Blade	ドドン・ブレイド	吞吞·刃	tachi	l0eff
Dodon Katana	ドドン・トウ	吞吞·刀	tachi	l0f00
Dodonga Katana	ドドンガ・トウ	極吞吞·刀	tachi	l0584
Dodonga Large Katana	ドドンガ・オオタチ	極吞吞·大太刀	tachi	l0585
Dodonga Jindachi	ドドンガ・ジンダチ	極吞吞·陣太刀	tachi	l2280
9B32・ドドドンガ・ゴクダチ	ドドドンガ・ゴクダチ	ドドドンガ·ゴクダチ	tachi	l329b
Shellking Armorblade	殻王刀【堅】	殼王刀【堅】	tachi	l1011
Shellking Hardsword	殻王刀【硬】	殼王刀【硬】	tachi	l1012
291E・殻王獄刀【鋼】	殻王獄刀【鋼】	殼王獄刀【鋼】	tachi	l1e29
"Great Shell Sword ""Jade"""	殻王獄刀【玉鋼】	殼王獄刀【玉鋼】	tachi	l1f15
"Royal Shelledge ""Copper"""	殻王獄刀【極鋼】	殼王獄刀【極鋼】	tachi	l2283
"Royal Shelledge ""Iron"""	殻王烈刀【究鋼】	殻王烈刀【究鋼】	tachi	l3503
"Royal Shelledge ""Steel"""	殻王始刀【絶鋼】	殻王始刀【絶鋼】	tachi	l3504
Orochi	天狼刀【八岐大蛇】	天狼刀【八岐大蛇】	tachi	l107a
Susanoo	天狼刀【須佐之男】	天狼刀【須佐之男】	tachi	l107b
Daora Katana	鋼龍刃	鋼龍刃	tachi	l0f9f
Daora's Ire	エール＝ダオラ	鋼龍·神力	tachi	l0fa0
Daora's Atomo	アトモ＝ダオラ	鋼龍·原力	tachi	l0592
Daora's Luft	ルフト＝ダオラ	鋼龍·大氣	tachi	l1f14
Daora's Irm	イルマ＝ダオラ	鋼龍·天像	tachi	l2282
Daora's Welt	ヴェルト＝ダオラ		tachi	l3821
Clairison Daora	クレアソン＝ダオラ		tachi	l3822
"Imperial Sword ""Blaze"""	炎王刀【灼熱】	炎王刀【灼熱】	tachi	l1271
"Imperial Sword ""Scorch"""	炎王刀【大焦熱】	炎王刀【大焦熱】	tachi	l1272
Teostra Heatblade	炎王獄刀【狂熱】	炎王獄刀【狂熱】	tachi	l1517
Teostra's Frenzyblade	炎王獄刀【大狂熱】	炎王獄刀【大狂熱】	tachi	l1f13
Teostra's True Furyblade	炎王獄刀【真狂熱】	炎王獄刀【真狂熱】	tachi	l2281
Teostra's Lunatic Blade	炎王烈刀【極狂熱】	炎王烈刀【極狂熱】	tachi	l322b
Teostra's Fanatic Blade	炎王始刀【最狂熱】		tachi	l39e7
Sacred Mount	巨龍刀【霊峰】	巨龍刀【靈峰】	tachi	l1469
Vulture Peak	巨龍刀【霊鷲山】	巨龍刀【靈鷲山】	tachi	l146a
Nebra Regina	ネブラレギナ	迷霧女王	tachi	l15b7
Nebra Rex	ネブラレクス	迷霧帝王	tachi	l15b8
"Scarlet Katana ""Heaven"""	緋猛太刀【天外】	緋猛太刀【天外】	tachi	l1940
"Scarlet Katana ""God"""	緋猛太刀【天啓】	緋猛太刀【天啟】	tachi	l1941
Niger R. Ruko	ニゲル・Ｒ・アーラ	暗黑·R·翼	tachi	l1ab1
Niger's Rex	ニゲル＝レクス	暗黑·帝王	tachi	l1ab2
Sieg Rebell	ジーク・レベル	勝利·叛逆者	tachi	l1aac
Glanz Rebell	グランツ・レベル	榮光·叛逆者	tachi	l1aad
"Crystal Edge ""Lux"""	閃晶刀ルークス	閃晶刀·光芒	tachi	l1cd2
"Crystal Edge ""Lux Solis"""	閃晶刀ルクスソリス	閃晶刀·光輝	tachi	l1cd3
Flashkatana Lucas Solis	烈閃刀ルカスソリス	烈閃刀·光輝	tachi	l058f
"Taikun Slicer""Osmanthus"""	多殻鍛刀【金木犀】	多殼鍛刀【金木犀】	tachi	l1e27
"Taikun Slicer ""Lilium"""	多殻鍛刀【姫百合】	多殼鍛刀【姬百合】	tachi	l1e28
Tita Axa	ティタ・アクサ	狠鬥·制止	tachi	l227c
Tita David	ティタ・ディヴィド	狠鬥·阻礙	tachi	l227d
Tita Ataka	ティタ・アタカ	狠鬥·斷阻	tachi	l227e
Tita L. Shutter	ティタ・Ｌ・シャッタ	狠鬥·L·遮蔽	tachi	l227f
Baru Bloodspice	バル・オレガノ	噬血·香芹	tachi	l25fe
Baru Bloodsea	バル・セリアイ	噬血·洋芹	tachi	l2602
Baru Bloodphysalis	バル・ホオスキ	噬血·鬼燈	tachi	l2606
Baru Bloodtachibana	バル・タチバナ	噬血·橘	tachi	l260a
Baru Bloodiris	バル・アイリス	噬血．虹彩	tachi	l27f8
Zeru Flow [Light]	輝界白竜刀【光流】	輝界白龍刀【光流】	tachi	l25d8
Zeru Flow [Gleam]	輝界白竜刀【輝流】	輝界白龍刀【輝流】	tachi	l25e0
Zeru Flow [Dazzle]	輝界白竜刀【眩流】	輝界白龍刀【眩流】	tachi	l25e8
Zeru Flow [Shine]	輝界白竜刀【耀流】	輝界白龍刀【耀流】	tachi	l25f0
"White World Blade ""Flow"""	輝界白竜刀【煌流】	輝界白龍刀【煌流】	tachi	l25f8
DE27・コーレマシル	コーレマシル	玄影守衛	tachi	l27de
Koremasuto	コーレマスト	玄影鐵塔	tachi	l27df
Koremasedo	コーレマセド	玄影幫手	tachi	l27e0
Koremazendo	コーレマゼンド	玄影聖者	tachi	l27e1
Koremagunato	コーレマグナート	玄影偉人	tachi	l27e2
Koremasyutto	コーレマシュット		tachi	l381a
Dio Lect	ディルアレクト	雄鷹鎧刀	tachi	l2d26
Dio Stova	ディルアストヴァ	雷轟鎧刀	tachi	l2d27
Dio Tanz	ディルアタンスィオ	電壓鎧刀	tachi	l2d28
Dio Current	ディルアカレント	電流鎧刀	tachi	l2d29
Dio Astral	ディルアストラ	青脈鎧刀	tachi	l2d2a
Furoru Rento	フロルレント	花漾·靈巧	tachi	l2e2f
Furoru Glide	フロルグライド	花漾·滑行	tachi	l2e30
312E・フロルスルーア	フロルスルーア	花漾·妖精	tachi	l2e31
Furoru Grave	フロルグラーヴェ	花漾·沉緩	tachi	l2e32
Furoru Ardum	フロルアーデゥム	花漾·吐息	tachi	l2e33
EC39・フロル＝ナフィサ	フロル＝ナフィサ		tachi	l39ec
Snowfall Silver Katana	司銀刀【淡雪】	司銀刀【淡雪】	tachi	l326d
6E32・司銀獄刀【真雪】	司銀獄刀【真雪】	司銀獄刀【真雪】	tachi	l326e
Soft Snow Silver Katana	司銀獄刀【綿雪】	司銀獄刀【綿雪】	tachi	l326f
Reflective Silver Katana	司銀獄刀【雪明】	司銀獄刀【雪明】	tachi	l3270
Snowflake Silver Katana	司銀烈刀【雪華】	司銀烈刀【雪華】	tachi	l3271
Snowmoon Silver Katana	司銀始刀【雪月夜】	司銀始刀【雪月夜】	tachi	l3272
5A35・ブリエ・ヴァーグ	ブリエ・ヴァーグ		tachi	l355a
5B35・ブリエ・トルブ	ブリエ・トルブ		tachi	l355b
5C35・ブリエ・トラン	ブリエ・トラン		tachi	l355c
5D35・ブリエ・サージ	ブリエ・サージ		tachi	l355d
Imperial Katana	帝征太刀		tachi	l3890
Imperial Assault Katana	帝征太刀【強攻】		tachi	l3891
ImperialOnslaught Katana	帝征太刀【猛攻】		tachi	l3892
Imperial Kamikaze Katana	帝征獄太刀【特攻】		tachi	l3893
Imperial Invasion Katana	帝征烈太刀【侵攻】		tachi	l3894
Imperial War Katana	帝征始太刀【正攻】		tachi	l3895
Volja Ignik	ヴォルカ・イグニク		tachi	l3995
Volja Capnor	ヴォルカ・カプノル		tachi	l3996
Volja Nanard	ヴォルカ・ナナール		tachi	l3997
Volja Fotil	ヴォルカ・フォティル		tachi	l3998
Volja Charolais	ヴォルカ・シャロレ		tachi	l3999
Volja Celclara	ヴォルカ・セルクララ		tachi	l399a
Tsukimisake	月見酒【小菊】	賞月酒【小菊】	tachi	l16cc
Boyo Tsukimisake	月見酒【芒洋】	賞月酒【芒洋】	tachi	l16cd
Bogetsu	月見酒【芒月】	賞月酒【芒月】	tachi	l16ce
Tsukimi de Ippai	月見で一杯	賞月小酌	tachi	l16cf
Crim Saber	クリムセーバー		tachi	l3736
Vlad Saber	ヴラドセーバー		tachi	l3737
Scarlet Saber	スカーレットセーバー		tachi	l3738
Mistpouffer Blade	海鳴刀【凪】	海鳴刀【平波】	tachi	l108b
Watergun Blade	海鳴刀【小波】	海鳴刀【小波】	tachi	l108c
Brontidi Blade	海鳴刀【大波】	海鳴刀【大波】	tachi	l108d
Skyquake Blade	海鳴刀【津波】	海鳴刀【津波】	tachi	l108e
Unmatched Slicer	絶刀	絕刀	tachi	l1279
Dusk Slicer	絶刀【夕】	絕刀【夕】	tachi	l127a
Autumn Slicer	絶刀【秋】	絕刀【秋】	tachi	l127b
Crimson Slicer	絶刀【紅】	絕刀【紅】	tachi	l127c
Flame Katana	絶刀【焔】	絕刀【焰】	tachi	l2ff8
Extinction Katana	断絶刀	斷絕刀	tachi	l2ff9
"ExtinctionKatana ""Death"""	断絶刀【壊】	斷絕刀【壞】	tachi	l2ffa
Lid Brush	リッドブラッシュ	清潔刷	tachi	l1369
Flow Brush	フロウブラッシュ	地板刷	tachi	l136a
Tran Brush	トランブラッシュ	除塵刷	tachi	l136b
Dirteater	ダートイーター	污垢終結者	tachi	l136c
Hanamisake	花見酒【小菊】	賞花酒【小菊】	tachi	l16c8
Sakurabana Hanamisake	花見酒【桜花】	賞花酒【櫻花】	tachi	l16c9
Sakuramaku Hanamisake	花見酒【桜幕】	賞花酒【櫻幕】	tachi	l16ca
Hanami de Ippai	花見で一杯	賞花小酌	tachi	l16cb
Gold Katana	金縷ノ太刀	金縷之太刀	tachi	l2538
Gold Duststorm Katana	金縷砂乱ノ太刀	金縷砂亂之太刀	tachi	l2539
Extinction Gold Katana	金縷岩絶ノ太刀	金縷岩絕之太刀	tachi	l253a
Emerald Lightflash	光閃【青】		tachi	l373d
Azure Lightflash	光閃【蒼】		tachi	l373e
Azure Heaven Lightflash	光閃【蒼天】		tachi	l373f
Caldo Edge	カルドエッジ	地獄銳劍	tachi	l15cd
Caldo Blade	カルドブレイド	地獄薄刃	tachi	l15ce
Caldo Espada	カルドエスパーダ	地獄長劍	tachi	l15cf
Rotpelle	ロートペルレ	紅色珍珠	tachi	l15d0
Rotzand	ロートザント	紅色沙地	tachi	l15d1
Rotes Guete	ロートギューテ	紅色慈悲	tachi	l2d7d
Partner Edge	パルトナエッジ	戰友銳劍	tachi	l2d7e
Partner Blade	パルトナブレイド	戰友薄刃	tachi	l2d7f
E21C・カルドレヴィエ	カルドレヴィエ	地獄祭儀長刀	tachi	l1ce2
E31C・カルドリエーズ	カルドリエーズ	地獄祭儀之刃	tachi	l1ce3
Roter Keim	ロートカイム	紅色幼苗	tachi	l1ce4
Rote Ranke	ロートランケ	紅色蔓藤	tachi	l1ce5
Plesioth Razor	ガノスレイザー	水龍剃刀	tachi	l0dda
Plesioth Shaver	ガノスシェーバー	水龍速刀	tachi	l0ddb
Plesioth Blade	ガノスブレイド	水龍之刃	tachi	l0ddc
Plesioth Sonic	ガノスソニック	水龍音速刀	tachi	l0ddd
Plesioth Carthasis	ガノスカタルシス	水龍淨化刀	tachi	l1966
Plesioth Ecstasy	ガノスエクスタシー	水龍恍惚刀	tachi	l1e30
Karate Chop	シュトウ	手刀	tachi	l050c
Bamboo-Cutting Chop	シュトウ=タケワリ	手刀·竹割	tachi	l050d
Ice-Cutting Chop	シュトウ=コオリワリ	手刀·冰割	tachi	l050e
Honorable Chop	シュトウ=ビンギリ	手刀·瓶切	tachi	l050f
Rock Divider	シュトウ=イワギリ	手刀·岩切	tachi	l17da
Log Divider	シュトウ=マルタギリ	手刀·丸太切	tachi	l1cf2
Drone's Guard	デルガード	薄羽太刀	tachi	l03e9
Queen's High Guard	ビボデルガード	活躍薄羽太刀	tachi	l03ea
Oxido Guardia	ルスデルガード	光芒薄羽太刀	tachi	l0434
Perfecta Guardia	ブエノデルガード	優質薄羽太刀	tachi	l0435
Extention	エクステンシオン	強韌薄羽太刀	tachi	l02a1
Ex Deluard	エクスデルガード	超薄羽太刀	tachi	l16e8
Eterno Delguard	エテルノデルガード	悠久薄羽太刀	tachi	l1967
Shogun Sword	長蒼刀【鎌将軍】	長蒼刀【鐮將軍】	tachi	l0e6b
Shogun Blade	長蒼刀【刃将軍】	長蒼刀【刃將軍】	tachi	l0e6c
Daishogun Blade	長蒼刀【大将軍】	長蒼刀【大將軍】	tachi	l0e6d
Onishogun Blade	長蒼刀【鬼将軍】	長蒼刀【鬼將軍】	tachi	l0e6e
"Azure Edge ""Mo"""	長蒼刀【猛将軍】	長蒼刀【猛將軍】	tachi	l17d8
"Azure Edge ""Go"""	長蒼刀【豪将軍】	長蒼刀【豪將軍】	tachi	l1cf1
5A19・ストレガリエーズ	ストレガリエーズ	魔女祭儀之刃	tachi	l195a
Schwarzkeim	シュヴァルツカイム	黑色幼苗	tachi	l195b
Schwarzranke	シュヴァルツランケ	黑色蔓藤	tachi	l195c
Schwarzmut	シュヴァルツムート	黑色之勇	tachi	l1bf2
Aura Edge	オーロワエッジ	金黃銳劍	tachi	l1cdd
Aura Blade	オーロワブレイド	金黃薄刃	tachi	l1cde
Gold Pearl	ゴルトペルレ	黃金珍珠	tachi	l1cdf
Gold Zanto	ゴルトザント	黃金沙地	tachi	l1ce0
Gold Gut	ゴルトギューテ	黃金慈悲	tachi	l1ce1
112D・ルレードカーダ	ルレードカーダ	熾紅太刀	tachi	l2d11
122D・ルレードスラット	ルレードスラット	熾紅片切	tachi	l2d12
132D・シャロンティナー	シャロンティナー	冥神斬刀	tachi	l2d13
142D・シャロンナギヤ	シャロンナギヤ	冥神參刀	tachi	l2d14
9B2E・ノーベルカーダ	ノーベルカーダ	無畏分裂者	tachi	l2e9b
9C2E・ノーベルスラット	ノーベルスラット	無畏突擊	tachi	l2e9c
9D2E・ゲイオンティナー	ゲイオンティナー	忠誠精兵	tachi	l2e9d
9E2E・ゲイオンナギヤ	ゲイオンナギヤ	忠誠勇士	tachi	l2e9e
Gold Trank	ゴルトランケ	黃金蔓藤	tachi	l3115
Gold Mut	ゴルトムート	黃金之勇	tachi	l3116
AB39・ソルエルペリファー	ソルエルペリファー		tachi	l39ab
AC39・ソルエルファーニャ	ソルエルファーニャ		tachi	l39ac
AD39・シュヴァルツヴンシュ	シュヴァルツヴンシュ		tachi	l39ad
AE39・ゲヴィッタペリファー	ゲヴィッタペリファー		tachi	l39ae
Vola Klinge	ヴォーラクリンゲ		tachi	l3c19
Vola Klinge+	ヴォーラクリンゲ・改		tachi	l3c1a
True Vola Klinge	ヴォーラクリンゲ・真		tachi	l3c1b
Alvora Klinge	アルヴォーラクリンゲ		tachi	l3c1c
Azura Klinge	アズラクグラマサ		tachi	l3d5a
Azura Klinge+	ルラキグラマサ		tachi	l3d5b
True Azura Klinge	ガルボイグラマサ		tachi	l3d5c
Azure Klinge	ニリィグラマサ		tachi	l3d5d
Ruberlamina	ルベルラミナ		tachi	l3e57
Ruberlamina+	ルベルラミナ・改		tachi	l3e58
True Ruberlamina	ルベルラミナ・真		tachi	l3e59
Terra Ruberlamina	テラルベルラミナ		tachi	l3e5a
Ravina Klinge	ラヴィナクリンゲ		tachi	l3f1f
Ravina Klinge+	ラヴィナクリンゲ・改		tachi	l3f20
True Ravina Klinge	ラヴィナクリンゲ・真		tachi	l3f21
Final Ravina Klinge	ラヴィーナクリンゲ		tachi	l3f22
Dua Schwert	デュアシュベルト		tachi	l4143
Dua Schwert+	デュアシュベルト・改		tachi	l4144
True Dua Schwert	デュアシュベルト・真		tachi	l4145
Esdua Schwert	エスデュアシュベルト		tachi	l4146
Chroma Klinge	クロマクリンゲ		tachi	l4209
Chroma Klinge+	クロマクリンゲ・改		tachi	l420a
True Chroma Klinge	クロマクリンゲ・真		tachi	l420b
Final Chroma Klinge	クローマクリンゲ		tachi	l420c
Poet Klinge	ポエトクリンゲ		tachi	l4393
Poet Klinge+	ポエトクリンゲ・改		tachi	l4394
True Poet Klinge	ポエトクリンゲ・真		tachi	l4395
Poetry Klinge	ポエトリクリンゲ		tachi	l4396
Dragonfang Edge	龍牙刀【夕闇】	龍牙刀【夕闇】	tachi	l1087
Twilight Dragonfang Edge	龍牙刀【宵闇】	龍牙刀【宵闇】	tachi	l1088
Moonless Night Edge	龍牙刀【闇夜】	龍牙刀【闇夜】	tachi	l1089
Jet Black Katana	龍牙刀【漆黒】	龍牙刀【漆黑】	tachi	l108a
Darkness Edge	龍牙刀【暗黒】	龍牙刀【暗黑】	tachi	l17d9
Midnight Edge	龍牙刀【夜宵】	龍牙刀【夜宵】	tachi	l1cf6
Entenmaru	炎天丸【火鶴】	炎天丸【火鶴】	tachi	l16c4
Akamaku Entenmaru	炎天丸【紅幕】	炎天丸【紅幕】	tachi	l16c5
Moetsuki Entenmaru	炎天丸【燃月】	炎天丸【燃月】	tachi	l16c6
Fushicho Entenmaru	炎天丸【不死鳥】	炎天丸【不死鳥】	tachi	l16c7
F71C・炎天丸【鳳凰】	炎天丸【鳳凰】	炎天丸【鳳凰】	tachi	l1cf7
Violet Katana	斑紫ノ太刀	斑紫之太刀	tachi	l2533
Violet Spirit Katana	斑紫魂ノ太刀	班紫魂之太刀	tachi	l2534
Shining Violet Katana	斑紫魂ノ太刀【耀】	班紫魂之太刀【耀】	tachi	l2535
Sealed Violet Katana	霧姫黒紫ノ月刀【印】	霧姬黑紫之月刀【印】	tachi	l2536
Brilliant Crimson Katana	霧姫黒紫ノ月刀【煌】	霧姬黑紫之月刀【煌】	tachi	l2537
Static Lightflash	光閃【静流】		tachi	l3739
Flow Lightflash	光閃【流】		tachi	l373a
Lucid Lightflash	光閃【澄流】		tachi	l373b
Clear Lightflash	光閃【清流】		tachi	l373c
Vitesse	ヴィッテス	疾速巨斧	tachi	l127d
Vitesse+	ヴィッテス改	疾速巨斧改	tachi	l127e
Snell	スネル	疾速鉤斧	tachi	l127f
Snell Hyde	スネルハイドゥ	音速鉤斧	tachi	l1280
Snell Loen	スネルローエン	光速鉤斧	tachi	l17dd
EF1C・クリュエル	クリュエル	殘忍鉤斧	tachi	l1cef
Sprouting Sakura	桜華刀【蕾】	櫻華刀【蕾】	tachi	l108f
Growing Sakura	桜華刀【三分】	櫻華刀【三分】	tachi	l1090
Budding Sakura	桜華刀【七分】	櫻華刀【七分】	tachi	l1091
Blooming Sakura	桜華刀【爛漫】	櫻華刀【爛漫】	tachi	l1092
Kabusendai	歌舞千代【朧月】	歌舞千代【朧月】	tachi	l16d0
Yuunagi Kabusendai	歌舞千代【夕凪】	歌舞千代【夕平波】	tachi	l16d1
Yonaga Kabusendai	歌舞千代【夜長】	歌舞千代【夜長】	tachi	l16d2
Joya Kabusendai	歌舞千代【除夜】	歌舞千代【除夜】	tachi	l16d3
Bright Saber	ブライトセーバー		tachi	l3740
Lightning Saber	ライトニングセーバー		tachi	l3741
Brilliant Saber	ブリリアントセーバー		tachi	l3742
Metal Cutter	メタルカッター	金屬大剪	tachi	l0fa3
Metal Saber	メタルセイバー	金屬軍刀	tachi	l0fa4
Metal Edge	メタルエッジ	金屬之刃	tachi	l0fa5
Metal Blade	メタルブレイド	金屬長劍	tachi	l0fa6
Metal Tooth	メタルトゥース	金屬之牙	tachi	l195d
Metal Fang	メタルファング	→メタルファング	tachi	l226e
Melynx Pain	メラルーペイン	梅拉路的苦痛	tachi	l1083
Melynx Penalty	メラルーペナルティ	梅拉路的懲罰	tachi	l1084
Melynx Judgement	メラルージャッジ	梅拉路的裁斷	tachi	l1085
Melynx Punishment	メラルーパニッシュ	梅拉路的刑罰	tachi	l1086
Melynx Expeller	メラルーエクスペラ	梅拉路的制裁	tachi	l17dc
Melynx Torture	メラルートーチャー	梅拉路的拷問	tachi	l1e36
Hina Fes Sword	ヒナフェスソード	雛祭之劍	tachi	l1192
Hina Fes Sword+	ヒナフェスソード改	雛祭之劍.改	tachi	l1193
True Hina Fes Sword	真・ヒナフェスソード	真·雛祭之劍	tachi	l1194
Hina Fest Lover	ヒナフェス・ラヴァー	雛祭·戀人	tachi	l1195
Super Hinamatsuri	スーパーヒナフェス	超雛祭之劍	tachi	l1abb
Ultra Hina Fes	ウルトラヒナフェス	極限雛祭之劍	tachi	l25b5
Infinity Hina Fes	アンフィニヒナフェス		tachi	l3c99
Extra Hina Fes	エクストラヒナフェス	特別雛祭之劍	tachi	l25b4
Dragonblade	リュウノタチ	龍之太刀	tachi	l1365
Emerald Dragonblade	ソウリュウノタチ	葬龍之太刀	tachi	l1366
Tide Dragonblade	ゲキリュウノタチ	擊龍之太刀	tachi	l1367
Whelp Dragonblade	コウリュウノタチ	昂龍之太刀	tachi	l1368
Divine Dragon Longsword	シンリュウノタチ	神龍之太刀	tachi	l1abd
Kurikara Dragon Slicer	クリカラリュウノタチ	俱利加羅龍王之太刀	tachi	l1cf0
Battledore	ロング羽子板	長羽子板	tachi	l1477
"Battledore ""Echo"""	ロング羽子板【響】	長羽子板【響】	tachi	l1478
"Battledore ""Roar"""	ロング羽子板【叫】	長羽子板【叫】	tachi	l1479
"Battledore ""Dazed"""	ロング羽子板【驚】	長羽子板【驚】	tachi	l147a
"Battledore ""Terror"""	ロング羽子板【恐】	長羽子板【恐】	tachi	l195f
"Battledore ""Leaf"""	ロング羽子板【叶】	長羽子拍【葉】	tachi	l25b1
"Battledore ""Fright"""	ロング羽子板【怯】	長羽子拍【怯】	tachi	l25b0
Candy Stick	キャンディスティック	拐杖糖	tachi	l15c9
Candy Rod	キャンディロッド	拐杖糖之杖	tachi	l15ca
Candy Bat	キャンディバット	拐杖糖之棒	tachi	l15cb
Candy Poison	キャンディポイズン	劇毒拐杖糖	tachi	l15cc
Candy Spiral	キャンディスパイラル	螺旋紋拐杖糖	tachi	l1abc
Candy Vortex	キャンディボルテクス	拐杖糖漩渦	tachi	l25b3
Candy Rise	キャンディエリセ	香甜拐杖糖	tachi	l25b2
Amakage no Tsurugi	アマカゲノツルギ	天影之劍	tachi	l17c5
"Tenkou Sword ""Nakaaki"""	天光剣【仲秋】	天光劍【仲秋】	tachi	l17c6
"Tenkou Sword ""Fall"""	天光剣【晩秋】	天光劍【晚秋】	tachi	l17c7
"Tenkou Sword ""Kaguya"""	天煌剣【かぐや】	天煌劍【輝夜】	tachi	l17c8
ED1C・天煌武剣【真かぐや】	天煌武剣【真かぐや】	天煌武劍【真輝夜】	tachi	l1ced
E62F・天耀朧剣【真月】	天耀朧剣【真月】	天耀朧劍【真月】	tachi	l2fe6
A03E・天耀朧剣【満月】	天耀朧剣【満月】		tachi	l3ea0
EE1C・天煌亡剣【裏かぐや】	天煌亡剣【裏かぐや】	天煌亡劍【裏輝夜】	tachi	l1cee
"StrangeKingSwrd ""Dance"""	奇王刀【舞踊】	奇王刀【舞踊】	tachi	l1951
"StrangeKingSwrd""Dancing"""	奇王刀【舞踏】	奇王刀【舞踏】	tachi	l1952
"StrangeKingSwrd""Prfrmce"""	奇王刀【舞歌】	奇王刀【舞歌】	tachi	l1953
"StrangeKingSwrd ""Music"""	奇王刀【神楽】	奇王刀【神樂】	tachi	l1954
AF25・奇王刀【舞斬】	奇王刀【舞斬】	奇王刀【舞斬】	tachi	l25af
AE25・奇王刀【雅楽】	奇王刀【雅楽】	奇王刀【雅樂】	tachi	l25ae
Kyoyu Katana	侠遊刀【萩】	俠遊刀【萩】	tachi	l16c0
Momiji Katana	侠遊刀【紅葉】	俠遊刀【紅葉】	tachi	l16c1
Batan Katana	侠遊刀【牡丹】	俠遊刀【牡丹】	tachi	l16c2
Gikyoyu Katana	義侠遊刃【猪鹿蝶】	義俠遊刀【豬鹿蝶】	tachi	l16c3
Ichi no Kaze Chirin	智臨刀【壱ノ風】	智臨刀【壹之風】	tachi	l16d4
Ni no Kaze Chirin	智臨刀【弐ノ風】	智臨刀【貳之風】	tachi	l16d5
San no Kaze Chirin	智臨刀【参ノ風】	智臨刀【參之風】	tachi	l16d6
Jinchiruurin	人智老臨【嵐】	人智老臨【嵐】	tachi	l16d7
5E19・人智老臨【紅嵐】	人智老臨【紅嵐】	人智老臨【紅嵐】	tachi	l195e
"Uzuki ""Spring Breeze"""	卯月【春風】	卯月【春風】	tachi	l1ab7
"Uzuki ""Spring Thunder"""	卯月【春雷】	卯月【春雷】	tachi	l1ab8
"Uzuki ""Spring Storm"""	卯月【春嵐】	卯月【春嵐】	tachi	l1ab9
"Uzuki ""Sakura Blizzard"""	卯月【桜吹雪】	卯月【櫻吹雪】	tachi	l1aba
"Uzuki ""Sakura Lunatic"""	卯月【狂桜】	卯月【狂櫻】	tachi	l25b6
"Uzuki ""Sakura Riot"""	卯月【乱桜】	卯月【亂櫻】	tachi	l1f46
WrkshpPrtypeElecSwrd	工房試作品電熱刀	工房試作品電熱刀	tachi	l1cd8
WrkshpPrtypElecSwrd α	工房試作品電熱刀改	工房試作品電熱刀·改	tachi	l1cd9
OfficialElectricSword	正式採用電熱刀	正式採用電熱刀	tachi	l1cda
"ReinforcdElecSwrd""Flame"""	強化型電熱刀【炎刃】	強化型電熱刀【炎刃】	tachi	l1cdb
"ReinforcdElecSwrd""Light"""	強化型電熱刀【光刃】	強化型電熱刀【光刃】	tachi	l1cdc
"Sword ""Oak"""	節刀【柏】	節刀【柏】	tachi	l1f3d
"Sword ""Pheonix"""	節刀【蓬】	節刀【蓬】	tachi	l1f3e
"Sword ""Iris"""	節刀【菖蒲】	節刀【菖蒲】	tachi	l1f3f
401F・節刀皐月【破邪】	節刀皐月【破邪】	節刀皋月【破邪】	tachi	l1f40
"Moon Iris Sword ""Guard"""	節刀菖蒲月【守護】	節刀菖浦月【守護】	tachi	l2576
411F・節刀皐月【護身】	節刀皐月【護身】	節刀皋月【護身】	tachi	l1f41
311E・カルトキュール	カルトキュール	寒冷之刃	tachi	l1e31
321E・フリオフレスコ	フリオフレスコ	寒冷太刀	tachi	l1e32
331E・フロストブリーナ	フロストブリーナ	冰霜太刀	tachi	l1e33
341E・シュネルアイス	シュネルアイス	快速冷卻太刀	tachi	l1e34
351E・ラピッドジュレ	ラピッドジュレ	急速凍結太刀	tachi	l1e35
Cutie Gift	キューティーギフト	可愛禮物	tachi	l255c
Cutie Heart	キューティーハート	可愛心意	tachi	l255d
Cutie Attack	キューティーアタック	可愛告白	tachi	l255e
Cutie Amber	キューティーアンバル	可愛琥珀	tachi	l255f
Love Flame	ラブフレイム	愛情火花	tachi	l2561
Cutie Epodos	キューティーエポドス	可愛進擊	tachi	l2560
"PrideSaw ""Blueprint"""	鋸自慢【初心】	鋸自慢【初心】	tachi	l2550
"PrideSaw ""Test"""	鋸自慢【奮闘】	鋸自慢【奮鬥】	tachi	l2551
"PrideSaw ""Final"""	鋸自慢【大成】	鋸自慢【大成】	tachi	l2552
"PrideSaw ""Solidary"""	鋸自慢【孤高】	鋸自慢【孤高】	tachi	l2553
"PrideSaw ""Contemplation"""	鋸自慢【達観】	鋸自慢【達觀】	tachi	l2555
"PrideSaw ""Conceit"""	鋸自慢【慢心】	鋸自慢【慢心】	tachi	l2554
Prototype Icebolt Edge	工房試作品電冷刀	工房試作品電冷刀	tachi	l2e1a
Official Icebolt Edge	正式採用電冷刀	正式採用電冷刀	tachi	l2e1b
"Icebolt Edge ""Water"""	強化型電冷刀【水刃】	強化型電冷刀【水刃】	tachi	l2e1c
"Icebolt Edge ""Flow"""	強化型電冷刀【流刃】	強化型電冷刀【流刃】	tachi	l2e1d
Crimson Blade	濃赤ノ太刀	濃赤之太刀	tachi	l252e
Glittering Crimson Blade	濃赤閃ノ太刀	濃赤閃之太刀	tachi	l252f
Shining Crimson Katana	濃赤閃ノ太刀【耀】	濃赤閃之太刀【耀】	tachi	l2530
Sealed Crimson Katana	閃王紅光ノ陽刀【印】	→閃王紅光ノ陽刀【印】	tachi	l2531
Brilliant Crimson Blade	閃王紅光ノ陽刀【煌】	→閃王紅光ノ陽刀【煌】	tachi	l2532
White Hail Katana	白清雹ノ太刀	白清雹之太刀	tachi	l253b
White Sleet Katana	白清雹霰ノ太刀	白清雹霰之太刀	tachi	l253c
White Comet Sleet Katana	白清雹霰ノ太刀【彗】	白清雹霰之太刀【彗】	tachi	l253d
Clear White Sleet Katana	清雹天星ノ太刀【晄】	→清雹天星ノ太刀【晄】	tachi	l253e
Shore White Sleet Katana	清雹天星ノ太刀【皐】	→清雹天星ノ太刀【皐】	tachi	l253f
"Flashlight ""Verdure"""	光閃【新緑】		tachi	l3730
Black Shinesaber	黒ノ光刀		tachi	l3743
Dark Shinesaber	暗ノ光刀		tachi	l3744
Shadow Shinesaber	影ノ光刀		tachi	l3745
Gloom Shinesaber	闇ノ光刀		tachi	l3746
Darkness Shinesaber	闇黒ノ光刀		tachi	l3747
Shade Shinesaber	冥闇ノ光刀		tachi	l3748
Magnetic Field Katana	磁界ノ王ヲ征ス太刀		tachi	l3a96
Zion Edge	天華型零流刀		tachi	l3c45
"Zion Edge ""Form"""	天華型零流刀【研】		tachi	l3c46
"Zion Edge ""Break"""	天華型零流刀【破】		tachi	l3c47
"Zion Edge ""Truth"""	真天華型零流刀		tachi	l3c48
Solemn Eyes Katana	炯眼ヲ粛静ス太刀		tachi	l3de0
"Resolute Katana ""New"""	決意の太刀【新】		tachi	l401f
"Resolute Katana ""Lunge"""	決意の太刀【進】		tachi	l4020
"Resolute Katana ""Faith"""	決意の太刀【信】		tachi	l4021
"Resolute Katana ""Heart"""	決意の太刀【心】		tachi	l4022
"Resolute Katana ""Truth"""	決意の太刀【真】		tachi	l4023
"Resolute Katana ""Divine"""	決意の太刀【神】		tachi	l4024
"Lapis Gleam ""Aku"""	瑠璃煌刀アーク		tachi	l431d
"Lapis Gleam ""Tanoku"""	瑠璃煌刀タンオーク		tachi	l431e
"Lapis Gleam ""Noisuto"""	瑠璃煌刀ノイスト		tachi	l431f
"Lapis Gleam ""Xirein"""	瑠璃煌刀ヴィレイン		tachi	l4320
"Lapis Gleam ""Xiregyura"""	瑠璃煌刀ヴィレギュラ		tachi	l4321
Steel Snake I	スティールスネークⅠ	鋼鐵長蛇Ⅰ	tachi	l02b8
Steel Snake II	スティールスネークⅡ	鋼鐵長蛇Ⅱ	tachi	l0176
Steel Snake III	スティールスネークⅢ	鋼鐵長蛇Ⅲ	tachi	l01d8
Steel Snake IV	スティールスネークⅣ	鋼鐵長蛇Ⅳ	tachi	l03c9
Steel Snake V	スティールスネークⅤ	鋼鐵長蛇Ⅴ	tachi	l109b
Steel Snake VI	スティールスネークⅥ	鋼鐵長蛇Ⅵ	tachi	l2d99
Steel Snake VII	スティールスネークⅦ	鋼鐵長蛇Ⅶ	tachi	l2d9a
スティールスネークVIII	スティールスネークⅧ	鋼鐵長蛇Ⅷ	tachi	l2d9b
Sapphir Snake I	サフィールスネークⅠ	蒼玉長蛇Ⅰ	tachi	l0de4
Sapphir Snake II	サフィールスネークⅡ	蒼玉長蛇Ⅱ	tachi	l0de5
Sapphir Snake III	サフィールスネークⅢ	蒼玉長蛇Ⅲ	tachi	l0de6
Sapphir Snake IV	サフィールスネークⅣ	蒼玉長蛇Ⅳ	tachi	l0de7
Safir Snake V	サフィールスネークⅤ	蒼玉長蛇Ⅴ	tachi	l1cf8
Safir Snake VI	サフィールスネークⅥ	蒼玉長蛇Ⅵ	tachi	l3101
Safir Snake VII	サフィールスネークⅦ	蒼玉長蛇Ⅶ	tachi	l3102
サフィールスネークVIII	サフィールスネークⅧ	蒼玉長蛇Ⅷ	tachi	l3103
Fire Fate	ファイアフェイト	火焰命運太刀	tachi	l03fa
Blaze Fate	ブレイズフェイト	烈火命運太刀	tachi	l03fb
Burn Fate	バーンフェイト	炙焰命運太刀	tachi	l03fc
Flame Fate	フラムフェイト	烈焰命運太刀	tachi	l03fd
Water Fate	ウォータフェイト	清水命運太刀	tachi	l03fe
Dew Fate	デューフェイト	朝露命運太刀	tachi	l03ff
Tear Fate	ティアフェイト	淚滴命運太刀	tachi	l0400
Aqua Fate	アクアフェイト	澈水命運太刀	tachi	l0401
Spark Fate	スパークフェイト	電光命運太刀	tachi	l0402
Thunder Fate	サンダーフェイト	雷嗚命運太刀	tachi	l0403
Lightning Fate	ライトニングフェイト	閃雷命運太刀	tachi	l0404
Storm Fate	ストームフェイト	風暴命運太刀	tachi	l0405
Rubino Snake I	ルビーノスネークⅠ	紅石長蛇Ⅰ	tachi	l0f03
Rubino Snake II	ルビーノスネークⅡ	紅石長蛇Ⅱ	tachi	l0f04
Rubino Snake III	ルビーノスネークⅢ	紅石長蛇Ⅲ	tachi	l0f05
Rubino Snake IV	ルビーノスネークⅣ	紅石長蛇Ⅳ	tachi	l0f06
Rubino Snake V	ルビーノスネークⅤ	紅石長蛇Ⅴ	tachi	l11a6
Rubino Snake VI	ルビーノスネークⅥ	紅石長蛇Ⅵ	tachi	l227b
Rubino Snake VII	ルビーノスネークⅦ	紅石長蛇Ⅶ	tachi	l2fc7
ルビーノスネークVIII	ルビーノスネークⅧ	紅石長蛇Ⅷ	tachi	l2fc8
ルビーノスネークIX	ルビーノスネークⅨ	紅石長蛇Ⅸ	tachi	l2fc9
Iron Hawk I	アイアンホーク・Ⅰ	鋼鐵長斧Ⅰ	tachi	l1289
Iron Hawk II	アイアンホーク・Ⅱ	鋼鐵長斧Ⅱ	tachi	l128a
Iron Hawk III	アイアンホーク・Ⅲ	鋼鐵長斧Ⅲ	tachi	l128b
Rampage	ランペイジ	狂亂	tachi	l128c
Zidoria Snake I	シトリアスネークⅠ	黃寶長蛇Ⅰ	tachi	l12a5
Zidoria Snake II	シトリアスネークⅡ	黃寶長蛇Ⅱ	tachi	l12a6
Zidoria Snake III	シトリアスネークⅢ	黃寶長蛇Ⅲ	tachi	l12a7
Zidoria Snake IV	シトリアスネークⅣ	黃寶長蛇Ⅳ	tachi	l12a8
Zidoria Snake V	シトリアスネークⅤ	黃寶長蛇Ⅴ	tachi	l12a9
Evil Decapitator	髑髏凶刎鎌	骷髏兇刎鐮	tachi	l147b
Evil Decapitator+	髑髏凶刎鎌【改】	骷髏兇刎鐮【改】	tachi	l147c
Malevolent Decapitator	髑髏凶刎鎌【真】	骷髏兇刎鐮【真】	tachi	l147d
Malevolent Reaper	髑髏凶刎鎌【極】	骷髏兇刎鐮【極】	tachi	l147e
Amesys Snake I	アメシススネークⅠ	紫晶長蛇Ⅰ	tachi	l15d2
Amesys Snake II	アメシススネークⅡ	紫晶長蛇Ⅱ	tachi	l15d3
Amesys Snake III	アメシススネークⅢ	紫晶長蛇Ⅲ	tachi	l15d4
Amesys Snake IV	アメシススネークⅣ	紫晶長蛇Ⅳ	tachi	l15d5
Amesys Snake V	アメシススネークⅤ	紫晶長蛇Ⅴ	tachi	l15d6
5A31・クルス・ヌフ	クルス・ヌフ	十字·九	tachi	l315a
5B31・クルス・オンズ	クルス・オンズ	十字·十一	tachi	l315b
5C31・クルス・ファン	クルス・ファン	十字·十三	tachi	l315c
True Kusanagi-no-Tsurugi	真宝刀・天叢雲剣		tachi	l3fed
Defiance	メグジス	天權星太刀	tachi	l0de0
Hard Defiance	メグジスハード	天權星堅刃	tachi	l0de1
Striking Defiance	メギレスバッシュ	天權星狂擊	tachi	l0de2
Grey's Jeeg	グレイズ・ジーグ	釉彩勝利星刃	tachi	l0de3
Graze Gov	グレイズ・ゴーブ	釉彩輝星刃	tachi	l265b
Graze Fall	メガグレイズ	釉彩殞落星刃	tachi	l265c
Vesta Razor I	ヴェスタレイザーⅠ	貞潔女神剃刀Ⅰ	tachi	l0f07
Vesta Razor II	ヴェスタレイザーⅡ	貞潔女神剃刀Ⅱ	tachi	l0f08
Vesta Razor III	ヴェスタレイザーⅢ	貞潔女神剃刀Ⅲ	tachi	l0f09
Gloria Vesta	グロリアヴェスタ	榮耀貞潔女神剃刀	tachi	l0f0a
Greda Vesta	ガレッダヴェスタ	星輝貞潔女神剃刀	tachi	l2667
Corona Vesta	コロナヴェスタ	皇冠貞潔女神剃刀	tachi	l2668
Crystal Claymore I	クリスクレイモアⅠ	雙刃大劍Ⅰ	tachi	l0fa7
Crystal Claymore II	クリスクレイモアⅡ	雙刃大劍Ⅱ	tachi	l0fa8
Crystal Claymore III	クリスクレイモアⅢ	雙刃大劍Ⅲ	tachi	l0fa9
Crystal Rose	クリストローゼス	基督玫瑰	tachi	l0faa
Crystal Muss	クリストクルムズ	基督鮮紅	tachi	l28c9
Alberc Merio	アルベクルメリオ	朱紅瞬斬	tachi	l28ca
Lemor Merio	ルモールメリオ	朱紅傳說	tachi	l28cb
Trance Blade I	トランスブレードⅠ	迷亂長劍Ⅰ	tachi	l1097
Trance Blade II	トランスブレードⅡ	迷亂長劍Ⅱ	tachi	l1098
Trance Blade III	トランスブレードⅢ	迷亂長劍Ⅲ	tachi	l1099
Trance Breaker	トランス・ブレイカー	迷亂粉碎者	tachi	l109a
DB28・トランス・ソディア	トランス・ソディア	迷亂守護劍	tachi	l28db
DC28・グラントスウォラ	グラントスウォラ	天授守衛劍	tachi	l28dc
DD28・グラントアントレム	グラントアントレム	天授進擊者	tachi	l28dd
Nirgudi Edge I	ニルゲド・バルアⅠ	黑曜閃光Ⅰ	tachi	l1093
Nirgudi Edge II	ニルゲド・バルアⅡ	黑曜閃光Ⅱ	tachi	l1094
Nirgudi Edge III	ニルゲド・バルアⅢ	黑曜閃光Ⅲ	tachi	l1095
Nirgudi Apex	ニルアゲルアパルア	黑曜閃光巨劍	tachi	l1096
Wint I	ヴィントⅠ	流風Ⅰ	tachi	l11a2
Wint II	ヴィントⅡ	流風Ⅱ	tachi	l11a3
Wint III	ヴィントⅢ	流風Ⅲ	tachi	l11a4
Lachen Wint	リート・ヴィント	祭儀之風	tachi	l11a5
7F26・ロクァー・ヴィント	ロクァー・ヴィント	束縛之風	tachi	l267f
Rio I	リオⅠ	川流Ⅰ	tachi	l12a1
Rio II	リオⅡ	川流Ⅱ	tachi	l12a2
Rio III	リオⅢ	川流Ⅲ	tachi	l12a3
Rio Grande	リオ・グランデ	巨流	tachi	l12a4
FA26・リオ・グラデド	リオ・グラデド	宏偉之流	tachi	l26fa
FB26・リオ・グライア	リオ・グライア	魔女之流	tachi	l26fb
Rio Granda	リオ・グランダ	浩瀚之流	tachi	l2764
Lucia I	ルシアⅠ	炫光Ⅰ	tachi	l1381
Lucia II	ルシアⅡ	炫光Ⅱ	tachi	l1382
Lucia III	ルシアⅢ	炫光Ⅲ	tachi	l1383
Lucia Lal	ルシア・ラル	黑暗炫光	tachi	l1384
FC26・ルシア・ソル	ルシア・ソル	炫光·豔陽	tachi	l26fc
FD26・ルシア・メル	ルシア・メル	炫光·絢爛	tachi	l26fd
Yufo I	ユーフォⅠ	幽浮Ⅰ	tachi	l137d
Yufo II	ユーフォⅡ	幽浮Ⅱ	tachi	l137e
Yufo III	ユーフォⅢ	幽浮Ⅲ	tachi	l137f
Yufo Shebo	ユーフォ・シェボ	幽浮·閃電	tachi	l1380
FE26・ユーフォ・シブミティ	ユーフォ・シブミティ	幽浮·雷霆	tachi	l26fe
FF26・ユーフォ・シェルブス	ユーフォ・シェルブス	幽浮·雷電	tachi	l26ff
Aphrodi I	アフロディⅠ	美神Ⅰ	tachi	l1493
Aphrodi II	アフロディⅡ	美神Ⅱ	tachi	l1494
Aphrodi III	アフロディⅢ	美神Ⅲ	tachi	l1495
Dias Aphrodi	ディアス・アフロディ	至高天·美神	tachi	l1496
Magus Aphrodi	メーガス・アフロディ	祭司美神	tachi	l2767
Facove I	ファコヴェⅠ	鋼鐵火牙Ⅰ	tachi	l15d7
Facove II	ファコヴェⅡ	鋼鐵火牙Ⅱ	tachi	l15d8
Facove III	ファコヴェⅢ	鋼鐵火牙Ⅲ	tachi	l15d9
Facoves Ray	ファコヴェス・レイ	霸王鋼鐵火牙	tachi	l15da
8B26・ファコヴェス・ライン	ファコヴェス・ライン	連繫鋼鐵火牙	tachi	l268b
8C26・ファコヴェス・マリス	ファコヴェス・マリス	惡意鋼鐵火牙	tachi	l268c
Letra I	レトラⅠ	鋼鐵雷牙Ⅰ	tachi	l16d8
Letra II	レトラⅡ	鋼鐵雷牙Ⅱ	tachi	l16d9
Letra III	レトラⅢ	鋼鐵雷牙Ⅲ	tachi	l16da
Okushida Palo	オクシダパーロ	霸王鋼鐵雷牙	tachi	l16db
Arinus I	アリヌスⅠ	殉教者Ⅰ	tachi	l16dc
Arinus II	アリヌスⅡ	殉教者Ⅱ	tachi	l16dd
Arinus III	アリヌスⅢ	殉教者Ⅲ	tachi	l16de
Scissor Arinos	シザームアリノス	神聖殉教者	tachi	l16df
Fable I	フェブルⅠ	寓言Ⅰ	tachi	l17c9
Fable II	フェブルⅡ	寓言Ⅱ	tachi	l17ca
Fable III	フェブルⅢ	寓言Ⅲ	tachi	l17cb
Fable Arios	フェブルアリオス	神聖寓言	tachi	l17cc
Diesel I	ディーゼルⅠ	柴油驅動太刀Ⅰ	tachi	l1e40
Diesel II	ディーゼルⅡ	柴油驅動太刀Ⅱ	tachi	l1e41
Diesel III	ディーゼルⅢ	柴油驅動太刀Ⅲ	tachi	l1e42
431E・アイン・カリーソ	アイン・カリーソ	驅動牽引一號	tachi	l1e43
Ein Chainsaw	アイン・チェインソー	鍊鋸之眼	tachi	l2c4c
Ein Bladesaw	アイン・ブレイソー	鳴鋸之眼	tachi	l2c4d
Lechen I	レチェンⅠ	機關驅動太刀Ⅰ	tachi	l1f42
Lechen II	レチェンⅡ	機關驅動太刀Ⅱ	tachi	l1f43
Lechen III	レチェンⅢ	機關驅動太刀Ⅲ	tachi	l1f44
Leche Rodi	レチェ・ローディ	機關驅動斬擊刃	tachi	l1f45
Leche Calharias	レチェ・カルハリアス	機關驅動·殲滅太刀	tachi	l2c58
Leche Ordia	レチェ・オルディア	機關驅動·麻痺	tachi	l2c59
Raid I	レードⅠ	強襲Ⅰ	tachi	l202b
Raid II	レードⅡ	強襲Ⅱ	tachi	l202c
Raid III	レードⅢ	強襲Ⅲ	tachi	l202d
Raid IV	レードⅣ	強襲Ⅳ	tachi	l202e
2F20・レド・モトゥム	レド・モトゥム	全面強襲	tachi	l202f
D92F・レド・デルガダ	レド・デルガダ	強襲·薄細	tachi	l2fd9
Thunderboom I	ボードムⅠ	雷霆Ⅰ	tachi	l2268
Thunderboom II	ボードムⅡ	雷霆Ⅱ	tachi	l2269
Thunderboom III	ボードムⅢ	雷霆Ⅲ	tachi	l226a
Thunderboom IV	ボードムⅣ	雷霆Ⅳ	tachi	l226b
Inner Thunderboom	ボドム・イネル	雷霆利爪	tachi	l226c
Thunderboom Delgada	ボドム・デルガダ	雷霆·薄細	tachi	l2fdf
Santo Rei I	サントレイⅠ	光盤Ⅰ	tachi	l2c82
Santo Rei II	サントレイⅡ	光盤Ⅱ	tachi	l2c83
Santo Rei III	サントレイⅢ	光盤Ⅲ	tachi	l2c84
Santo Rei IV	サントレイⅣ	光盤Ⅳ	tachi	l2c85
Santo Rei Blue	サントレイ・プル	光盤·藍	tachi	l2c86
Santo Rei Inno	サントレイ・インノ	光盤·詩歌	tachi	l2c87
Levitas I	レビタスⅠ	輕靈Ⅰ	tachi	l2f49
Levitas II	レビタスⅡ	輕靈Ⅱ	tachi	l2f4a
Levitas III	レビタスⅢ	輕靈Ⅲ	tachi	l2f4b
Levitas IV	レビタスⅣ	輕靈Ⅳ	tachi	l2f4c
Levitas Pull	レビタス・プル	輕靈·牽引	tachi	l2f4d
Levitas Inno	レビタス・インノ	輕靈·禮頌	tachi	l2f4e
Manzana	マンサナ	蘋果	tachi	l30d1
Manzana Rojo	マンサナ・ロホ	蘋果·紅	tachi	l30d2
Manzana Illucion	マンサナ・イルシオン	蘋果·幻想	tachi	l30d3
Manzana Fuego	マンサナ・フエゴ	蘋果·火炎	tachi	l30d4
D530・マンサナ・リアマ	マンサナ・リアマ	蘋果·烈焰	tachi	l30d5
Manzana Reso	マンサナ・レソ	蘋果·祈禱	tachi	l30d6
Manzana Orar	マンサナ・オール		tachi	l3eb9
Stab I	シュタープⅠ	支柱Ⅰ	tachi	l30e5
Stab II	シュタープⅡ	支柱Ⅱ	tachi	l30e6
Stab III	シュタープⅢ	支柱Ⅲ	tachi	l30e8
Stab IV	シュタープⅣ	支柱Ⅳ	tachi	l30e9
EA30・レイシエーチ	レイシエーチ	世界支柱	tachi	l30ea
EB30・レイシワールト	レイシワールト	永恆支柱	tachi	l30eb
B133・レーベンタープI	レーベンタープⅠ	レーベンタープⅠ	tachi	l33b1
B233・レーベンタープII	レーベンタープⅡ	レーベンタープⅡ	tachi	l33b2
B333・レーベンタープIII	レーベンタープⅢ	レーベンタープⅢ	tachi	l33b3
B433・レーベンタープIV	レーベンタープⅣ	レーベンタープⅣ	tachi	l33b4
B533・ソルエーチ	ソルエーチ	太陽エーチ	tachi	l33b5
B633・ソルワールト	ソルワールト	太陽ワールト	tachi	l33b6
1233・ギリギリニャーI	ギリギリニャーⅠ	ギリギリニャーⅠ	tachi	l3312
1333・ギリギリニャーII	ギリギリニャーⅡ	ギリギリニャーⅡ	tachi	l3313
1433・ギリギリニャーIII	ギリギリニャーⅢ	ギリギリニャーⅢ	tachi	l3314
1533・ギリギリニャーIV	ギリギリニャーⅣ	ギリギリニャーⅣ	tachi	l3315
D23A・グリグリニャーI	グリグリニャーⅠ		tachi	l3ad2
D33A・グリグリニャーII	グリグリニャーⅡ		tachi	l3ad3
D43A・グリグリニャーIII	グリグリニャーⅢ		tachi	l3ad4
D53A・グリグリニャーIV	グリグリニャーⅣ		tachi	l3ad5
D63A・グリソーニャー	グリソーニャー		tachi	l3ad6
D73A・グリッシュニャー	グリッシュニャー		tachi	l3ad7
Abi Plush I	アビぬいぐるみⅠ		tachi	l3d15
Abi Plush II	アビぬいぐるみⅡ		tachi	l3d16
Abi Plush III	アビぬいぐるみⅢ		tachi	l3d17
Abi Plush IV	アビぬいぐるみⅣ		tachi	l3d18
Abi Plush V	アビぬいぐるみⅤ		tachi	l3d19
Abi Plush VI	アビぬいぐるみⅥ		tachi	l3d1a
Gia Plush I	ギアぬいぐるみⅠ		tachi	l3d93
Gia Plush II	ギアぬいぐるみⅡ		tachi	l3d94
Gia Plush III	ギアぬいぐるみⅢ		tachi	l3d95
Gia Plush IV	ギアぬいぐるみⅣ		tachi	l3d96
Gia Plush V	ギアぬいぐるみⅤ		tachi	l3d97
Gia Plush VI	ギアぬいぐるみⅥ		tachi	l3d98
Counter Sword I	カウンターソードⅠ	カウンターソードⅠ	tachi	l3472
Counter Sword II	カウンターソードⅡ	カウンターソードⅡ	tachi	l3473
Counter Sword III	カウンターソードⅢ	カウンターソードⅢ	tachi	l3474
Counter Sword IV	カウンターソードⅣ	カウンターソードⅣ	tachi	l3475
Counter Sword V	カウンターソードⅤ	カウンターソードⅤ	tachi	l3476
Counter Sword VI	カウンターソードⅥ	カウンターソードⅥ	tachi	l3477
"Dragon Katana ""Dragon"" I"	リュウの太刀【龍】Ⅰ		tachi	l2ef7
"Dragon Katana ""Dragon"" II"	リュウの太刀【龍】Ⅱ		tachi	l2ef8
"Dragon Katana ""Dragon"" III"	リュウの太刀【龍】Ⅲ		tachi	l2efa
"Dragon Katana ""Dragon"" IV"	リュウの太刀【龍】Ⅳ		tachi	l2efb
"Dragon Katana ""Dragon"" V"	リュウの太刀【龍】Ⅴ		tachi	l2efc
"Dragon Katana ""Dragon"" VI"	リュウの太刀【龍】Ⅵ		tachi	l2efd
"Dragon Katana ""Flame"" I"	リュウの太刀【炎】Ⅰ		tachi	l2efe
"Dragon Katana ""Flame"" II"	リュウの太刀【炎】Ⅱ		tachi	l2eff
"Dragon Katana ""Flame"" III"	リュウの太刀【炎】Ⅲ		tachi	l2f01
"Dragon Katana ""Flame"" IV"	リュウの太刀【炎】Ⅳ		tachi	l2f02
"Dragon Katana ""Flame"" V"	リュウの太刀【炎】Ⅴ		tachi	l2f03
"Dragon Katana ""Flame"" VI"	リュウの太刀【炎】Ⅵ		tachi	l2f04
1st Felyne Challenger	挑戦者アイルー１号		tachi	l39f1
2nd Felyne Challenger	挑戦者アイルー２号		tachi	l39f2
3rd Felyne Challenger	挑戦者アイルー３号		tachi	l39f4
4th Felyne Challenger	挑戦者アイルー４号		tachi	l39f5
5th Felyne Challenger	挑戦者アイルー５号		tachi	l39f6
True Felyne Challenger	真の挑戦者アイルー		tachi	l39f7
1st Melynx Challenger	挑戦者メラルー１号		tachi	l39f8
2nd Melynx Challenger	挑戦者メラルー２号		tachi	l39f9
3rd Melynx Challenger	挑戦者メラルー３号		tachi	l39fb
4th Melynx Challenger	挑戦者メラルー４号		tachi	l39fc
5th Melynx Challenger	挑戦者メラルー５号		tachi	l39fd
True Melynx Challenger	真の挑戦者メラルー		tachi	l39fe
Virtuous Contract I	白の約定Ⅰ		tachi	l3cbf
Virtuous Contract II	白の約定Ⅱ		tachi	l3cc0
Virtuous Contract III	白の約定Ⅲ		tachi	l3cc1
Virtuous Contract IV	白の約定Ⅳ		tachi	l3cc2
Virtuous Contract V	白の約定Ⅴ		tachi	l3cc3
Virtuous Contract VI	白の約定Ⅵ		tachi	l3cc4
Flame's Origin I	原初の火Ⅰ		tachi	l3ea2
Flame's Origin II	原初の火Ⅱ		tachi	l3ea3
Flame's Origin III	原初の火Ⅲ		tachi	l3ea4
Flame's Origin IV	原初の火Ⅳ		tachi	l3ea5
Flame's Origin V	原初の火Ⅴ		tachi	l3ea6
Flame's Origin VI	原初の火Ⅵ		tachi	l3ea7
Flag of the Saint I	聖女の御旗Ⅰ		tachi	l3f43
Flag of the Saint II	聖女の御旗Ⅱ		tachi	l3f44
Flag of the Saint III	聖女の御旗Ⅲ		tachi	l3f45
Flag of the Saint IV	聖女の御旗Ⅳ		tachi	l3f46
Flag of the Saint V	聖女の御旗Ⅴ		tachi	l3f47
Flag of the Saint VI	聖女の御旗Ⅵ		tachi	l3f48
Aunus' Scythe I	アウナスの大鎌Ⅰ		tachi	l406f
Aunus' Scythe II	アウナスの大鎌Ⅱ		tachi	l4070
Aunus' Scythe III	アウナスの大鎌Ⅲ		tachi	l4071
Aunus' Scythe IV	アウナスの大鎌Ⅳ		tachi	l4072
Aunus' Scythe V	アウナスの大鎌Ⅴ		tachi	l4073
Aunus' Scythe VI	アウナスの大鎌Ⅵ		tachi	l4074
Soul Eater I	ソウルイーターⅠ		tachi	l4267
Soul Eater II	ソウルイーターⅡ		tachi	l4268
Soul Eater III	ソウルイーターⅢ		tachi	l4269
Soul Eater IV	ソウルイーターⅣ		tachi	l426a
Soul Eater V	ソウルイーターⅤ		tachi	l426b
Soul Eater VI	ソウルイーターⅥ		tachi	l426c
Magi Gold	マジェ・キーン		tachi	l43c5
Magi Rain	マジェ・レイン		tachi	l43c6
Magi Steam	マジェ・ムラス		tachi	l43c7
Magi Middle	マジェ・サミドル		tachi	l43c8
Magi Yotos	マジェ・ヨートス		tachi	l43c9
Magi Cloud	マジェ・ムラクモ		tachi	l43ca
Gray Gold	グレイ・キーン		tachi	l4407
Gray Rain	グレイ・レイン		tachi	l4408
Gray Steam	グレイ・ムラス		tachi	l4409
Gray Samidoru	グレイ・サミドル		tachi	l440a
Gray Yotos	グレイ・ヨートス		tachi	l440b
Gray Cloud	グレイ・ハバキリ		tachi	l440c
Windeater	ウインドイーター		tachi	l359b
Soniceater	ソニックイーター		tachi	l359c
Zephyr	ゼファー		tachi	l359d
Zephyr Zero	タチウオノタチ		tachi	l359e
Fresh Hairblade	鮮刀ハクナギ		tachi	l359f
Premium Hairblade	特鮮太刀ウオノカミ		tachi	l35a0
Dragonslayer	屠龍刃	屠龍刃	tachi	l0e6f
Chain Dragonslayer	屠龍刃【鉄鎖】	屠龍刃【鐵鎖】	tachi	l0e70
Dragonslayer Sawblade	屠龍刃【鋸斬】	屠龍刃【鋸斬】	tachi	l0e71
Godslayer Sawblade	真・屠龍刃【神殺】	真·屠龍刃【神殺】	tachi	l0e72
"True DragonKiller ""Fate"""	真・屠龍刃【天命】	真·屠龍刃【天命】	tachi	l2c15
"WyvernKing Sword ""Slay"""	屠龍王刃【斬竜】	屠龍王刃【斬龍】	tachi	l2c16
"WyvernKing Sword""Behead"""	屠龍王刃【断頭】	屠龍王刃【斷頭】	tachi	l2c17
Eques Edge	エクエスエッジ	騎士銳劍	tachi	l048a
Eques Blade	エクエスブレイド	騎士薄刃	tachi	l048b
Eques Espada	エクエスエスパーダ	騎士長劍	tachi	l048c
Elfenbein	エルフェンバイン	象牙劍鋒	tachi	l048d
Elvenstate	エルフェンステイト	象牙切割	tachi	l2372
Elvenwaig	エルフェンワイゴ	象牙刀鋒	tachi	l2373
Elfen Star	エルフェンスター	象牙之星	tachi	l296e
Strega Edge	ストレガエッジ	魔女銳劍	tachi	l048e
Strega Blade	ストレガブレイド	魔女薄刃	tachi	l048f
Strega Espada	ストレガエスパーダ	魔女長劍	tachi	l0490
Schwarz Perle	シュヴァルツペルレ	黑色珍珠	tachi	l0491
Schwarzmuster	シュヴァルツムスダ	黑色黑窪	tachi	l2374
Schwarzkogra	シュヴァルツコグラ	黑色印記	tachi	l2375
Schwarzthrum	シュヴァルツスラム	黑色暗窟	tachi	l296f
Blitz Equa	ブリッツエクア	閃光幼馬	tachi	l1281
Blitz Folen	ブリッツフォーレン	閃光小馬	tachi	l1282
Blitz Cavallo	ブリッツカヴァロ	閃光駿馬	tachi	l1283
Blitz Stallone	ブリッツスタローネ	閃光烈馬	tachi	l1284
FA1E・ブリッツデストゥ	ブリッツデストゥ	閃光神駒	tachi	l1efa
Hail Egua	ヘイルエクア	霜霰幼馬	tachi	l1285
Hail Follen	ヘイルフォーレン	霜霰小馬	tachi	l1286
Hail Cavalo	ヘイルカヴァロ	霜霰駿馬	tachi	l1287
Hail Stallone	ヘイルスタローネ	霜霰烈馬	tachi	l1288
FB1E・ヘイルデストゥ	ヘイルデストゥ	霜霰神駒	tachi	l1efb
Bladestorm	ラムダ・トルーリオ	劍刃風暴	tachi	l2271
Tormineio	トルミネイオ	明聖風暴	tachi	l2272
Tormineio Edge	トルミネイドエッジ	風暴之刃	tachi	l2964
4A19・テュールリトロ	テュールリトロ	軍神軍刀	tachi	l194a
4B19・テュールトローネ	テュールトローネ	軍神之刃	tachi	l194b
4C19・テュールトルーリ	テュールトルーリ	軍神長劍	tachi	l194c
4D19・ヴィンダ・トルーリオ	ヴィンダ・トルーリオ	冰旋風刀	tachi	l194d
Permafrost	パーマフロスト	極地風暴	tachi	l2274
Northern Wind	ノーザンウィンド	北風	tachi	l2965
Flame Talwar	フレイムタルワー	火焰彎刀	tachi	l15c1
Flame Saif	フレイムサイフ	火焰曲刀	tachi	l15c2
Flame Shamshir	フレイムシャムシル	火焰軍刀	tachi	l15c3
Flame Mirage	フレイムミラージュ	焰火蜃氣樓	tachi	l15c4
Flame Phantom	フレイムファントム	焰火幽靈	tachi	l1efc
Conflagration	コンフラグレイション	殲滅之焰	tachi	l226f
Pyroclasm	パイロクラズム	烈焰破壞者	tachi	l296c
Rain Talwar	レインタルワー	暴雨彎刀	tachi	l15c5
Rain Saif	レインサイフ	暴雨曲刀	tachi	l15c6
Rain Shamshir	レインシャムシル	暴雨軍刀	tachi	l15c7
Rain Mirage	レインミラージュ	暴雨蜃氣樓	tachi	l15c8
Rain Phantom	レインファントム	暴雨幽靈	tachi	l1efd
Pale Cascade	ペイルカスケイド	傾盆驟雨	tachi	l2270
Tidal Cascade	タイダルカスケイド	虎之瀧	tachi	l296d
Concealed Ikazuchi	秘刀【雷】	秘刀【雷】	tachi	l0513
Concealed Shiden	秘刀【紫電】	秘刀【紫電】	tachi	l0514
Concealed Raijin	秘刀【雷神】	秘刀【雷神】	tachi	l0515
Hrasvelgr	フレスヴェルグ	鷹之神太刀	tachi	l0516
Schiffvelgr	シフレヴェルグ	樂之神太刀	tachi	l2706
Rhifvelgr	ライフヴェルグ	魂之神太刀	tachi	l2707
Zicrevelgr	ジクレヴェルグ	嶽之神太刀	tachi	l276a
Lightsword	陽飾太刀	陽飾太刀	tachi	l119a
Dawnsword	陽飾太刀【曙光】	陽飾太刀【曙光】	tachi	l119b
Sunsword	陽飾太刀【日輪】	陽飾太刀【日輪】	tachi	l119c
Astral Sunsword	陽飾太刀【天道】	陽飾太刀【天道】	tachi	l119d
"Decor Sword ""Dominate"""	陽飾太刀【覇道】	陽飾太刀【霸道】	tachi	l2275
"Decor Sword ""Ballance"""	陽飾太刀【均衡】	陽飾太刀【均衡】	tachi	l2276
"Decor Sword ""Proof"""	陽飾太刀【理】	陽飾太刀【理】	tachi	l2968
Dimsword	宵飾太刀	宵飾太刀	tachi	l119e
Dusksword	宵飾太刀【黄昏】	宵飾太刀【黃昏】	tachi	l119f
Moonsword	宵飾太刀【朧夜】	宵飾太刀【朧夜】	tachi	l11a0
Umbral Moonsword	宵飾太刀【月読】	宵飾太刀【月讀】	tachi	l11a1
"Decor Sword ""Night"""	宵飾太刀【殲】	宵飾太刀【殲】	tachi	l2277
"Decor Sword ""Clouds"""	宵飾太刀【叢雲】	宵飾太刀【叢雲】	tachi	l2278
"Decor Sword ""Illusion"""	宵飾太刀【破幻】	宵飾太刀【破幻】	tachi	l2969
Grass-Mowing Halberd	草薙ノ薙刀	草薙之薙刀	tachi	l16e0
Demon-Beheading Halberd	草薙ノ薙刀【鬼斬】	草薙之薙刀【鬼斬】	tachi	l16e1
Land-Dividing Halberd	草薙ノ薙刀【地斬】	草薙之薙刀【地斬】	tachi	l16e2
Heaven-Splitting Halberd	草薙ノ薙刀【天斬】	草薙之薙刀【天斬】	tachi	l16e3
"Kusanagi Sword ""Heaven"""	草薙ノ薙刀【天地斬】	草薙之薙刀【天地斬】	tachi	l2c2e
"Kusanagi Sword ""TruSlsh"""	草薙ノ薙刀【全斬】	草薙之薙刀【全斬】	tachi	l2c2f
"Kusanagi Sword ""Nirvana"""	草薙ノ薙刀【界斬】	草薙之薙刀【界斬】	tachi	l2c30
Slicing Spider	蜘蛛切	蜘蛛切	tachi	l16e4
Penumbra Spider	蜘蛛切【半影】	蜘蛛切【半影】	tachi	l16e5
Umbra Spider	蜘蛛切【真影】	蜘蛛切【真影】	tachi	l16e6
Hades Spider	蜘蛛切【冥府】	蜘蛛切【冥府】	tachi	l16e7
"Keen Spider ""Yin Yang"""	蜘蛛切【陰陽】	蜘蛛切【陰陽】	tachi	l2c31
"Keen Spider ""Moon Slash"""	蜘蛛切【月斬】	蜘蛛切【月斬】	tachi	l2c32
"Keen Spider ""Hades"""	蜘蛛切【黄泉】	蜘蛛切【黃泉】	tachi	l2c33
Thunder Sword	雷斬刀	雷斬刀	tachi	l1baa
"Thunder Sword ""Oni"""	雷斬刀【鬼】	雷斬刀【鬼】	tachi	l1bab
"Thunder Sword ""Onibu"""	雷斬刀【鬼武】	雷斬刀【鬼武】	tachi	l1bac
"Thunder Sword ""Onimusha"""	雷斬刀【鬼武者】	雷斬刀【鬼武者】	tachi	l1bad
"Thunder Sword ""Onitake"""	雷斬刀【真鬼武者】	雷斬刀【真鬼武者】	tachi	l1bae
"ThunderSwrd""Awakening"""	雷斬刀【覚醒】	雷斬刀【覺醒】	tachi	l26b0
Water Sword	流斬刀	流斬刀	tachi	l1baf
"Water Sword ""Oni"""	流斬刀【鬼】	流斬刀【鬼】	tachi	l1bb0
"Water Sword ""Onibu"""	流斬刀【鬼武】	流斬刀【鬼武】	tachi	l1bb1
"Water Sword ""Onimusha"""	流斬刀【鬼武者】	流斬刀【鬼武者】	tachi	l1bb2
"Water Sword ""Onitake"""	流斬刀【真鬼武者】	流斬刀【真鬼武者】	tachi	l1bb3
"DragonKiller""Awakening"""	流斬刀【覚醒】	流斬刀【覺醒】	tachi	l26b1
"Itto-ryu ""Beauty"""	一刀流【景秀】	一刀流【景秀】	tachi	l2040
"Itto-ryu ""Fang"""	一刀流【牙龍】	一刀流【牙龍】	tachi	l2041
"Itto-ryu ""Dragon"""	一刀流【蛟龍】	一刀流【蛟龍】	tachi	l2042
"Itto-ryu ""Yinglong"""	一刀流【応龍】	一刀流【應龍】	tachi	l2043
"Itto-ryu ""Wardance"""	一刀流【戦舞】	一刀流【戰舞】	tachi	l2044
"Itto-ryu ""Warmarch"""	一刀流【戦舞・改】	一刀流【戰舞·改】	tachi	l2790
"Itto-ryu ""Drive"""	一刀流【爪駆】	一刀流【爪驅】	tachi	l2045
"Itto-ryu ""Break"""	一刀流【爪破】	一刀流【爪破】	tachi	l2046
"Itto-ryu ""Bite"""	一刀流【咬龍】	一刀流【咬龍】	tachi	l2047
"Itto-ryu ""Emperor"""	一刀流【皇龍】	一刀流【皇龍】	tachi	l2048
"Itto-ryu ""Stygian"""	一刀流【獄龍】	一刀流【獄龍】	tachi	l2049
"Itto-ryu ""Hadean"""	一刀流【獄龍・改】	一刀流【獄龍·改】	tachi	l2791
Gold Sword of Victory I	勝利すべき黄金の剣Ⅰ	必勝的黃金之劍Ⅰ	tachi	l204e
Gold Sword of Victory II	勝利すべき黄金の剣Ⅱ	必勝的黃金之劍Ⅱ	tachi	l204f
Gold Sword of Victory III	勝利すべき黄金の剣Ⅲ	必勝的黃金之劍Ⅲ	tachi	l2050
Gold Sword of Victory IV	勝利すべき黄金の剣Ⅳ	必勝的黃金之劍Ⅳ	tachi	l2051
Gold Sword of Victory V	勝利すべき黄金の剣Ⅴ	必勝的黃金之劍Ⅴ	tachi	l2052
Golden Victory Sword VI	勝利すべき黄金の剣Ⅵ	必勝的黃金之劍Ⅵ	tachi	l27a5
Golden Victory Sword VII	勝利すべき黄金の剣Ⅶ		tachi	l3eaf
Rebellion I	リベリオンⅠ	反逆之劍Ⅰ	tachi	l250c
Rebellion II	リベリオンⅡ	反逆之劍Ⅱ	tachi	l250d
Rebellion III	リベリオンⅢ	反逆之劍Ⅲ	tachi	l250e
Rebellion IV	リベリオンⅣ	反逆之劍Ⅳ	tachi	l250f
Rebellion V	リベリオンⅤ	反逆之劍Ⅴ	tachi	l2510
Rebellion VI	リベリオンⅥ	反逆之劍Ⅵ	tachi	l2788
Rebellion Kai I	リベリオン改Ⅰ	反逆之劍·改Ⅰ	tachi	l2511
Rebellion Kai II	リベリオン改Ⅱ	反逆之劍·改Ⅱ	tachi	l2512
Rebellion Kai III	リベリオン改Ⅲ	反逆之劍·改Ⅲ	tachi	l2513
Rebellion Kai IV	リベリオン改Ⅳ	反逆之劍·改Ⅳ	tachi	l2514
Rebellion Kai V	リベリオン改Ⅴ	反逆之劍·改Ⅴ	tachi	l2515
Rebellion Kai VI	リベリオン改Ⅵ	反逆之劍·改Ⅵ	tachi	l2789
381E・オハイーオル	オハイーオル	冰藍彎刀	tachi	l1e38
391E・オハイートリム	オハイートリム	冰藍曲刀	tachi	l1e39
3A1E・オハイーライザ	オハイーライザ	冰藍軍刀	tachi	l1e3a
3B1E・オハイ・フライオ	オハイ・フライオ	永眠冰藍彎刀	tachi	l1e3b
FE2B・オハイ・ハンダー	オハイ・ハンダー	冰藍·主宰者	tachi	l2bfe
FF2B・オハイ・ディブレ	オハイ・ディブレ	冰藍·機械	tachi	l2bff
3C1E・インデュロア	インデュロア	赤雷彎刀	tachi	l1e3c
3D1E・インデュレイヤー	インデュレイヤー	赤雷曲刀	tachi	l1e3d
3E1E・インデュタスク	インデュタスク	赤雷軍刀	tachi	l1e3e
3F1E・インデ・フライオ	インデ・フライオ	不動赤雷彎刀	tachi	l1e3f
002C・インデ・ハンダー	インデ・ハンダー	雷電·主宰者	tachi	l2c00
012C・インデ・ディブレ	インデ・ディブレ	雷電·機械	tachi	l2c01
Empty Crack I	空裂Ⅰ	空裂Ⅰ	tachi	l2dc5
Empty Crack II	空裂Ⅱ	空裂Ⅱ	tachi	l2dc6
Empty Crack III	空裂Ⅲ	空裂Ⅲ	tachi	l2dc7
Empty Crack IV	空裂Ⅳ	空裂Ⅳ	tachi	l2dc8
Empty Crack V	空裂Ⅴ	空裂Ⅴ	tachi	l2dc9
Empty Crack VI	空裂Ⅵ	空裂Ⅵ	tachi	l2dca
Apist Seek	アピスト・シーク	麗魚·錫克	tachi	l2edb
Apist Oak	アピスト・オーク	麗魚·歐可	tachi	l2edc
Apist Eve	アピスト・イーヴ	麗魚·依文	tachi	l2ede
DF2E・アピスト・ギーク	アピスト・ギーク	麗魚·吉克	tachi	l2edf
E02E・アルフ＝カンプ	アルフ＝カンプ	神秘·洋流	tachi	l2ee0
E12E・アルフ＝ハウフル	アルフ＝ハウフル	神祕·海貝	tachi	l2ee1
Glamour Seek	グラマ・シーク	短鯛·錫克	tachi	l2ee2
Glamour Oak	グラマ・オーク	短鯛·歐可	tachi	l2ee3
Glamour Eve	グラマ・イーヴ	短鯛·依文	tachi	l2ee5
E62E・グラマ・ギーク	グラマ・ギーク	短鯛·吉克	tachi	l2ee6
E72E・シス＝カンプ	シス＝カンプ	奧秘·洋流	tachi	l2ee7
E82E・シス＝ハウフル	シス＝ハウフル	奧秘·海貝	tachi	l2ee8
Fire Wind Shear	風切・火	風切·火	tachi	l2ee9
Fire Cloud Longsword	雲ノ太刀・火	雲之太刀·火	tachi	l2eea
Autumn Water Fire	秋水・火	秋水·火	tachi	l2eec
ED2E・桐一文字・Fire	桐一文字・火	桐一文字·火	tachi	l2eed
Red Lotus Fire	紅蓮・火	紅蓮·火	tachi	l2eee
Red Lotus II Fire	紅蓮Ⅱ火	紅蓮Ⅱ·火	tachi	l2eef
Wind Shear Dark	風切・闇	風切·闇	tachi	l2ef0
Dark Cloud Longsword	雲ノ太刀・闇	雲之太刀·闇	tachi	l2ef1
Autumn Water Dark	秋水・闇	秋水·闇	tachi	l2ef3
F42E・桐一文字・Darkness	桐一文字・闇	桐一文字·闇	tachi	l2ef4
Red Lotus Dark	紅蓮・闇	紅蓮·闇	tachi	l2ef5
Red Lotus II Dark	紅蓮Ⅱ闇	紅蓮Ⅱ·闇	tachi	l2ef6
6A31・トリヘス・トワル	トリヘス・トワル	錯綜·光陰	tachi	l316a
6B31・トリヘス・テロス	トリヘス・テロス	錯綜·時光	tachi	l316b
Wonder Spoon	ワンダースプーン	神奇湯匙	tachi	l17d0
Wonder Stick	ワンダースティック	神奇長棒	tachi	l17d1
Wonder Scoop	ワンダースコップ	神奇圓鏟	tachi	l17d2
Wonder Twister	ワンダーツイスター	神奇龍卷	tachi	l17d3
Wonder Cute	ワンダーキュート		tachi	l3e8c
Wonder Princess	ワンダープリンセス		tachi	l3e8d
Wonder Tale	ワンダーテイル		tachi	l3e8e
Fairy Spoon	フェアリースプーン	精靈湯匙	tachi	l17d4
Fairy Stick	フェアリースティック	精靈長棒	tachi	l17d5
Fairy Scoop	フェアリースコップ	精靈圓鏟	tachi	l17d6
Fairy Grace	フェアリーグレイス	精靈恩寵	tachi	l17d7
Fairy Cute	フェアリーキュート		tachi	l3e8f
Fairy Princess	フェアリープリンセス		tachi	l3e90
Fairytale	フェアリーテイル		tachi	l3e91
Stracle	ストラクル	空翔劍	tachi	l31d1
Stracle Sky	ストラクル・スカイ	空翔劍·大空	tachi	l31d2
Stracle Shine	ストラクル・シャイン	空翔劍·輝鱗	tachi	l31d3
Stracle Star	ストラクル・スター	空翔劍·星辰	tachi	l31d4
Stracle Sun	ストラクル・サン	空翔劍·日光	tachi	l31d5
Sracle Cosmos	ストラクル・コスモ	空翔劍·宇宙	tachi	l31d6
Stracle Milkyway	ストラクル・ミルキー	空翔劍·銀河	tachi	l31d7
Stracle Nova	ストラクル・ノヴァ		tachi	l3ec1
Riacle	リウラクル	天舞劍	tachi	l31d8
Riacle Sky	リウラクル・スカイ	天舞劍·大空	tachi	l31d9
Riacle Shine	リウラクル・シャイン	天舞劍·輝鱗	tachi	l31da
Riacle Star	リウラクル・スター	天舞劍·星辰	tachi	l31db
Riacle Sun	リウラクル・サン	天舞劍·日光	tachi	l31dc
Riacle Cosmos	リウラクル・コスモ	天舞劍·宇宙	tachi	l31dd
Riacles Milkyay	リウラクル・ミルキー	天舞劍·銀河	tachi	l31de
Riacle Nova	リウラクル・ノヴァ		tachi	l3ec2
Frozen Fate One	熾凍運命ノ刀・壱		tachi	l344a
Frozen Fate Two	熾凍運命ノ刀・弐		tachi	l344b
Frozen Fate Three	熾凍運命ノ刀・参		tachi	l344c
Frozen Fate Four	熾凍運命ノ刀・肆		tachi	l344d
Frozen Fate Five	熾凍運命ノ刀・伍		tachi	l344e
Frozen Fate Six	熾凍運命ノ刀・陸		tachi	l344f
Frozen Fate Neo	熾凍運命ノ刀・最果		tachi	l3450
Frozen Fate Polar	熾凍運命ノ刀・極地		tachi	l3f4d
Frozen Karma One	熾凍因果ノ刀・壱		tachi	l3451
Frozen Karma Two	熾凍因果ノ刀・弐		tachi	l3452
Frozen Karma Three	熾凍因果ノ刀・参		tachi	l3453
Frozen Karma Four	熾凍因果ノ刀・肆		tachi	l3454
Frozen Karma Five	熾凍因果ノ刀・伍		tachi	l3455
Frozen Karma Six	熾凍因果ノ刀・陸		tachi	l3456
Frozen Karma Neo	熾凍因果ノ刀・最果		tachi	l3457
Frozen Karma Polar	熾凍因果ノ刀・極地		tachi	l3f4e
"Toshigami ""1st Ceremony"""	千歳神楽【壱式】		tachi	l35b3
"Toshigami ""2nd Ceremony"""	千歳神楽【弐式】		tachi	l35b4
"Toshigami ""3rd Ceremony"""	千歳神楽【参式】		tachi	l35b5
"Toshigami ""4th Ceremony"""	千歳神楽【肆式】		tachi	l35b6
"Toshigami ""5th Ceremony"""	千歳神楽【伍式】		tachi	l35b7
"Toshigami ""Mai Ceremony"""	千歳神楽【舞式】		tachi	l35b8
"Toshigami ""Spring Dance"""	千歳神楽【春ノ舞】		tachi	l35b9
"Toshigami ""Final Dance"""	千歳神楽【終ノ舞】		tachi	l3f51
BA35・玉響神楽【壱式】	玉響神楽【壱式】		tachi	l35ba
BB35・玉響神楽【弐式】	玉響神楽【弐式】		tachi	l35bb
BC35・玉響神楽【参式】	玉響神楽【参式】		tachi	l35bc
BD35・玉響神楽【肆式】	玉響神楽【肆式】		tachi	l35bd
BE35・玉響神楽【伍式】	玉響神楽【伍式】		tachi	l35be
BF35・玉響神楽【舞式】	玉響神楽【舞式】		tachi	l35bf
C035・玉響神楽【春ノ舞】	玉響神楽【春ノ舞】		tachi	l35c0
523F・玉響神楽【終ノ舞】	玉響神楽【終ノ舞】		tachi	l3f52
Red Crimson Demon I	紅魔語ル茜聖ノ刀Ⅰ		tachi	l3db8
Red Crimson Demon II	紅魔語ル茜聖ノ刀Ⅱ		tachi	l3db9
Red Crimson Demon III	紅魔語ル茜聖ノ刀Ⅲ		tachi	l3dba
Red Crimson Demon IV	紅魔語ル茜聖ノ刀Ⅳ		tachi	l3dbb
Red Crimson Demon V	紅魔語ル茜聖ノ刀Ⅴ		tachi	l3dbc
Red Crimson Demon VI	紅魔語ル茜聖ノ刀Ⅵ		tachi	l3dbd
Red Crimson Demon VII	紅魔語ル茜聖ノ刀Ⅶ		tachi	l3dbe
5A24・ダクスホークス	ダクスホークス	刃刀飛鷹	tachi	l245a
5B24・グローセスインゼル	グローセスインゼル	沙丘戍衛之刃	tachi	l245b
7A34・グローセスベルク	グローセスベルク	グローセス舞雷龍ク	tachi	l347a
Dax Accelerator	ダクスアクセル	刃刀加速器	tachi	l245c
5D24・ダクスイェンク	ダクスイェンク	刃刀拉拔者	tachi	l245d
5E24・ダクスヴァルド	ダクスヴァルド	刃刀之森	tachi	l245e
5F24・ダクスエイムス	ダクスエイムス	刃刀目標	tachi	l245f
7B34・メッサーシュトラーセ	メッサーシュトラーセ	メッサーシュトラーセ	tachi	l347b
AC2F・ヒルディス	ヒルディス	戰意	tachi	l2fac
AD2F・ヒルディスプラン	ヒルディスプラン	戰意·春	tachi	l2fad
AE2F・ヒルディスエテ	ヒルディスエテ	戰意·夏	tachi	l2fae
AF2F・ヒルディストンヌ	ヒルディストンヌ	戰意·秋	tachi	l2faf
B02F・ヒルディスイヴェ	ヒルディスイヴェ	戰意·冬	tachi	l2fb0
B12F・ヒルディスジュ	ヒルディスジュ	戰意·四季	tachi	l2fb1
B22F・ヒルディスニール	ヒルディスニール	戰意·光輝	tachi	l2fb2
Ruida	ルイダ	深邃	tachi	l2fb3
Ruida Plan	ルイダプラン	深邃·春	tachi	l2fb4
Ruidaete	ルイダエテ	深邃·夏	tachi	l2fb5
B62F・ルイダトンヌ	ルイダトンヌ	深邃·秋	tachi	l2fb6
B72F・ルイダイヴェ	ルイダイヴェ	深邃·冬	tachi	l2fb7
B82F・ルイダジュ	ルイダジュ	深邃·四季	tachi	l2fb8
B92F・ルイダニール	ルイダニール	深邃·光輝	tachi	l2fb9
ReveredSwrdThndrDanceEnd	名刀・舞雷乃爪	名刀·舞雷乃爪	tachi	l1ce9
ReveredSwrdThndrDancFang	名刀・舞雷乃牙	名刀·舞雷乃牙	tachi	l1cea
ReveredSwrdThndrDancRoar	名刀・舞雷乃轟	名刀·五雷乃轟	tachi	l1ceb
ReveredSWrdThndrDance	妖刀・舞雷	妖刀·舞雷	tachi	l1cec
B72D・妖刀・舞雷乃刹	妖刀・舞雷乃刹	妖刀·舞雷乃剎	tachi	l2db7
B82D・魔刀・舞雷乃鬼	魔刀・舞雷乃鬼	魔刀·舞雷乃鬼	tachi	l2db8
B92D・魔刀・舞雷乃修羅	魔刀・舞雷乃修羅	魔刀·舞雷乃修羅	tachi	l2db9
Ice Hawk I	アイスホーク・Ⅰ	冰霜長斧Ⅰ	tachi	l1295
Ice Hawk II	アイスホーク・Ⅱ	冰霜長斧Ⅱ	tachi	l1296
Ice Hawk III	アイスホーク・Ⅲ	冰霜長斧Ⅲ	tachi	l1297
Fitas	フィータス	寒霜之子	tachi	l1298
Suffocation	サフォケイション	冰結氣息	tachi	l1e44
A82D・サフォケイリィノス	サフォケイリィノス	冰結激勵	tachi	l2da8
A92D・ヒョノバラズフィ	ヒョノバラズフィ	冰雹覺醒	tachi	l2da9
AA2D・ヒョノスィエラ	ヒョノスィエラ	冰雹潛能	tachi	l2daa
Mind Hawk I	マインドホーク・Ⅰ	心靈長斧Ⅰ	tachi	l129d
Mind Hawk II	マインドホーク・Ⅱ	心靈長斧Ⅱ	tachi	l129e
Mind Hawk III	マインドホーク・Ⅲ	心靈長斧Ⅲ	tachi	l129f
Preprade	プレパレード	精密檢視	tachi	l12a0
Steel Slicer	剛鋼瞬破鎌	剛鋼瞬破鐮	tachi	l148f
Steel Slicer+	剛鋼瞬破鎌【改】	剛鋼瞬破鐮【改】	tachi	l1490
Strongsteel Slicer	剛鋼瞬破鎌【真】	剛鋼瞬破鐮【真】	tachi	l1491
Strongsteel Breaker	剛鋼瞬破鎌【極】	剛鋼瞬破鐮【極】	tachi	l1492
4E31・ネーラーナラーマI	ネーラーナラーマⅠ	筆直枝幹Ⅰ	tachi	l314e
4F31・ネーラーナラーマII	ネーラーナラーマⅡ	筆直枝幹Ⅱ	tachi	l314f
Flare Hawk I	フレアホーク・Ⅰ	烈焰長斧Ⅰ	tachi	l1299
Flare Hawk II	フレアホーク・Ⅱ	烈焰長斧Ⅱ	tachi	l129a
Flare Hawk III	フレアホーク・Ⅲ	烈焰長斧Ⅲ	tachi	l129b
Ash	アッシュ	灰燼	tachi	l129c
Animal Cutter	巨獣閃裂鎌	巨獸閃裂鐮	tachi	l148b
Animal Cutter+	巨獣閃裂鎌【改】	巨獸閃裂鐮【改】	tachi	l148c
Beast Cutter	巨獣閃裂鎌【真】	巨獸閃裂鐮【真】	tachi	l148d
Beast Render	巨獣閃裂鎌【極】	巨獸閃裂鐮【極】	tachi	l148e
Pizza Peel	ピザピール	披薩鏟	tachi	l0235
Pizza Peel II	ピザピールⅡ	披薩鏟Ⅱ	tachi	l292c
Pizza Peel III	ピザピールⅢ	披薩鏟Ⅲ	tachi	l292d
Pizza Peel IV	ピザピールⅣ	披薩鏟Ⅳ	tachi	l292e
Pizza Peel V	ピザピールⅤ	披薩鏟Ⅴ	tachi	l292f
Pizza Peel VI	ピザピールⅥ	披薩鏟Ⅵ	tachi	l2930
Blue Lightblade	光刀【青】	光刀【青】	tachi	l0381
Blue Lightblade+	光刀改【青】	光刀·改【青】	tachi	l0382
Pure Blue Lightblade	真・光刀【青】	真·光刀【青】	tachi	l0383
Cobalt Lightfang	光刀・極【青】	光刀·極【青】	tachi	l04bc
Cobalt Starslice	光刀・真打【青】	光刀·真打【青】	tachi	l136d
"Azure Lightedge ""Dai"""	光刀・大取【青】	光刀·大取【青】	tachi	l204a
"Azure Lightedge ""Wa"""	光刀・大業物【青】	光刀·大業物【青】	tachi	l269f
Gold Lightblade	光刀【金】	光刀【金】	tachi	l0384
Gold Lightblade+	光刀改【金】	光刀·改【金】	tachi	l0385
Pure Gold Lightblade	真・光刀【金】	真·光刀【金】	tachi	l0386
Flaxen Lightfang	光刀・極【金】	光刀·極【金】	tachi	l04bd
Flaxen Starslice	光刀・真打【金】	光刀·真打【金】	tachi	l136e
"Gilded Lightedge ""Dai"""	光刀・大取【金】	光刀·大取【金】	tachi	l204b
"Gilded Lightedge ""Wa"""	光刀・大業物【金】	光刀·大業物【金】	tachi	l26a0
Glitter Edge	グリッターエッジ	光刃	tachi	l03f6
Glitter Blade	グリッターブレイド	光劍	tachi	l03f7
Glitter Espada	グリッターエスパーダ	光長劍	tachi	l03f8
Disglitter	ディスグリッター	光芒匹敵者	tachi	l03f9
Cross Edge	クロスエッジ	十字銳劍	tachi	l040a
Cross Blade	クロスブレイド	十字薄刃	tachi	l040b
Cross Espada	クロスエスパーダ	十字長劍	tachi	l040c
Grand Cross	グランドクロス	大十字太刀	tachi	l040d
Cross Legion	クロスレギオン	十字軍團太刀	tachi	l2279
Deep Hawk I	ディープホーク・Ⅰ	暗沉之斧Ⅰ	tachi	l128d
Deep Hawk II	ディープホーク・Ⅱ	暗沉之斧Ⅱ	tachi	l128e
Deep Hawk III	ディープホーク・Ⅲ	暗沉之斧Ⅲ	tachi	l128f
Votom	ヴォトム	深淵	tachi	l1290
Votom Wave	ヴォトムウェーブ	暗流	tachi	l2056
Thunder Hawk I	サンダーホーク・Ⅰ	雷電之斧Ⅰ	tachi	l1291
Thunder Hawk II	サンダーホーク・Ⅱ	雷電之斧Ⅱ	tachi	l1292
Thunder Hawk III	サンダーホーク・Ⅲ	雷電之斧Ⅲ	tachi	l1293
Lightning	ライトニング	雷霆	tachi	l1294
Poison Scythe	ポイズンサイス	劇毒大鐮	tachi	l1275
Poison Scythe+	ポイズンサイス改	劇毒大鐮.改	tachi	l1276
Mad Scythe	マッドサイス	混亂大鐮	tachi	l1277
Miedo Scythe	ミエドサイス	恐懼大鐮	tachi	l1278
Warm Saber	ウォームセイバー	溫熱軍刀	tachi	l1371
Warm Edge	ウォームエッジ	溫熱之刃	tachi	l1372
Warm Blade	ウォームブレイド	溫熱長劍	tachi	l1373
Fortis	フォルティス	強音之刃	tachi	l1374
Fortissimo	フォルティズム	重音旋律	tachi	l2054
Shine Saber	シャインセイバー	眩光軍刀	tachi	l1375
Shine Edge	シャインエッジ	眩光之刃	tachi	l1376
Shine Blade	シャインブレイド	眩光長劍	tachi	l1377
Fiducia	フィドシア	眩目之光	tachi	l1378
Fiducito	フィドシスト	眩目神光	tachi	l2053
Desire Saber	デザイアセイバー	強欲軍刀	tachi	l1379
Desire Edge	デザイアエッジ	強欲之刃	tachi	l137a
Desire Blade	デザイアブレイド	強欲長劍	tachi	l137b
Aldof	アルドフェ	飢渴之刃	tachi	l137c
Shocking Scythe	雷豪斬鉄鎌	雷豪斬鐵鐮	tachi	l147f
Shocking Scythe+	雷豪斬鉄鎌【改】	雷豪斬鐵鐮【改】	tachi	l1480
Thunder Scythe	雷豪斬鉄鎌【真】	雷豪斬鐵鐮【真】	tachi	l1481
Thunder Razorscythe	雷豪斬鉄鎌【極】	雷豪斬鐵鐮【極】	tachi	l1482
"Shockscythe ""Prison"""	雷豪斬鉄鎌【獄】	雷豪斬鐵鐮【獄】	tachi	l2057
Scorching Flame	灼熱轟焔鎌	灼熱轟焰鐮	tachi	l1483
Scorching Flame+	灼熱轟焔鎌【改】	灼熱轟焰鐮【改】	tachi	l1484
Ardent Flame	灼熱轟焔鎌【真】	灼熱轟焰鐮【真】	tachi	l1485
Ardent Flamescythe	灼熱轟焔鎌【極】	灼熱轟焰鐮【極】	tachi	l1486
"Scorchscythe ""Prison"""	灼熱轟焔鎌【獄】	灼熱轟焰鎌【獄】	tachi	l227a
Dragon Scythe	恐龍瞬滅鎌	恐龍瞬滅鐮	tachi	l1487
Dragon Scythe+	恐龍瞬滅鎌【改】	恐龍瞬滅鐮【改】	tachi	l1488
Dragonkiller Scythe	恐龍瞬滅鎌【真】	恐龍瞬滅鐮【真】	tachi	l1489
Dragonkiller Destroyer	恐龍瞬滅鎌【極】	恐龍瞬滅鐮【極】	tachi	l148a
"Dragonreaper ""Prison"""	恐龍瞬滅鎌【獄】	恐龍瞬滅鐮【獄】	tachi	l2055
"Dragonreaper ""Absolute"""	恐龍瞬滅鎌【絶】	恐龍瞬滅鐮【絶】	tachi	l34af
Pokara Saber/Brown	ポキカルセイバー・茶	百奇巧克力軍刀	tachi	l1ac5
Pokara Blade/Brown	ポキカルブレイド・茶	百奇巧克力長劍	tachi	l1ac6
Pokara Dragon/Tea	ポキカルドラゴン・茶	百奇巧克力龍劍	tachi	l1ac7
Taikun Sword	多殻貫刀	多殼貫刀	tachi	l2030
"Taikun Sword ""Gentian"""	多殻貫刀【竜胆】	多殼貫刀【龍膽】	tachi	l2031
"Taikun Sword ""Asterid"""	多殻貫刀【龍胆】	多殼大貫刀【龍膽】	tachi	l2032
"Taikun Katana ""Gentian"""	多殻鋼貫刀【竜胆】	多殼鋼貫刀【龍膽】	tachi	l2033
R.Taikun Katana	多殻貫朱刀	多殼貫朱刀	tachi	l2034
"R.Taikun Sword ""Gentian"""	多殻貫朱刀【竜胆】	多殼貫朱刀【龍膽】	tachi	l2035
"R.Taikun Sword ""Asterid"""	多殻貫朱刀【龍胆】	多殼大貫朱刀【龍膽】	tachi	l2036
"R.Taikun Katana""Gentian"""	多殻鋼貫朱刀【竜胆】	多殼鋼貫朱刀【龍膽】	tachi	l2037
J.Taikun Sword	多殻貫碧刀	多殼貫碧刀	tachi	l2038
"J.Taikun Sword ""Asterid"""	多殻貫碧刀【竜胆】	多殼貫碧刀【龍膽】	tachi	l2039
"J.Taikun Sword ""Gentian"""	多殻鋼碧刀【龍胆】	多殼鋼碧刀【龍膽】	tachi	l203a
"J.Taikun Katana""Gentian"""	多殻鋼貫碧刀【竜胆】	多殼鋼貫碧刀【龍膽】	tachi	l203b
Pain Delight	ペイン・ディライト	苦痛·喜悅	tachi	l203c
Sweet Pain	スイート・ペイン	甜蜜·苦痛	tachi	l203d
Gorgeous Pain	ゴージャス・ペイン	華麗·苦痛	tachi	l203e
Eternal Pain	エターナル・ペイン	永恆·苦痛	tachi	l203f
BC24・ロジベルン	ロジベルン	羅技伯恩	tachi	l24bc
BD24・ロジグラート	ロジグラート	羅技葛拉特	tachi	l24bd
BE24・ロジアルメント	ロジアルメント	羅技阿爾曼德	tachi	l24be
BF24・ロジバーゼル	ロジバーゼル	羅技巴塞爾	tachi	l24bf
C024・ロジブリエンツ	ロジブリエンツ	羅技布里恩茨	tachi	l24c0
C124・グリンデルクロイツ	グリンデルクロイツ	格林德十字	tachi	l24c1
A824・ガスギャルド	ガスギャルド	混沌戒護	tachi	l24a8
A924・ガスパールネスタ	ガスパールネスタ	斑駁獸心太刀	tachi	l24a9
AA24・ガスパーダエラージア	ガスパーダエラージア	血漬噴濺太刀	tachi	l24aa
AB24・ギュエルレアンド	ギュエルレアンド	黑血斬擊太刀	tachi	l24ab
AC24・エグゼルグリード	エグゼルグリード	貪欲洪流	tachi	l24ac
AD24・エゼキルグリフィア	エゼキルグリフィア	先知渦流太刀	tachi	l24ad
AE24・エゼキルトニエッド	エゼキルトニエッド	先知暴潮太刀	tachi	l24ae
AF24・ベルトドットナジー	ベルトドットナジー	水勢翻騰	tachi	l24af
B824・ハユリュネード	ハユリュネード	毒霧守衛	tachi	l24b8
B924・ハユリュウルリカ	ハユリュウルリカ	腐沼守衛	tachi	l24b9
BA24・ハユリュスサンカリ	ハユリュスサンカリ	毒蛇守衛	tachi	l24ba
BB24・ヘイモネン	ヘイモネン	劇毒守衛	tachi	l24bb
B024・アプソロンジーク	アプソロンジーク	心靈衰弱之刃	tachi	l24b0
B124・アプソロシュベック	アプソロシュベック	心靈枯萎之刃	tachi	l24b1
B224・アプソウローラットド	アプソウローラットド	心靈扭曲之刃	tachi	l24b2
B324・ドルソークイア	ドルソークイア	心之衰	tachi	l24b3
B424・ナーディスヴェア	ナーディスヴェア	信念追逐之刃	tachi	l24b4
B524・ナーディズシークラ	ナーディズシークラ	信念報償之刃	tachi	l24b5
B624・ナーディバルトロット	ナーディバルトロット	信念復仇之刃	tachi	l24b6
B724・ホウチェカフロ	ホウチェカフロ	信念裁定之刃	tachi	l24b7
5D31・リースティ	リースティ	交極	tachi	l315d
5E31・リースティ・トレイ	リースティ・トレイ	交極·罪罰	tachi	l315e
5F31・リースティ・オプト	リースティ・オプト	交極·受難	tachi	l315f
Blood Drunk	ブラッドドランク	血源醉心	tachi	l3190
Menti Blade	メンティブレイド	受選大劍	tachi	l3206
Downfall	ダウンフォール	ダウンフォール	tachi	l333e
Follow the Reaper	フォローザリーパー	フォローザリーパー	tachi	l3344
Diabolical	ダイアボリカル		tachi	l3409
Eternal Genesis	ミラコメッソ		tachi	l3d83
Eternal Genesis+	ミラコメッソ改		tachi	l3d84
Renka Edge	煉華ノ刀		tachi	l3f07
"Renka Edge ""Sakura"""	煉華ノ刀【桜】		tachi	l3f08
"Renka Edge ""Prunus"""	煉華ノ刀【桜幕】		tachi	l3f09
"Renka Edge ""Polarize"""	煉華ノ刀【偏光】		tachi	l3f0a
"Rondo Katana ""Saruishi"""	煉舞ノ刀【猿石】		tachi	l417f
"Rondo Katana ""Drought"""	煉舞ノ刀【荒乾】		tachi	l4180
"Rondo Katana ""Heartland"""	煉舞ノ刀【陸奥】		tachi	l4181
"Rondo Katana ""Flamestep"""	煉舞ノ刀【火渡】		tachi	l4182
Lethe Katana	煉獄ノ刀		tachi	l434c
"Lethe Katana ""Anarchy"""	煉獄ノ刀・反抗		tachi	l434d
"Lethe Katana ""Wish"""	煉獄ノ刀・願望		tachi	l434e
"Lethe Katana ""Yatokami"""	煉獄ノ刀【夜刀神】		tachi	l434f
Widdershins	ウィダーシンズ		tachi	l41ea
Usurper's Boltslicer	王刀ライキリ	王刀ライキリ	tachi	l34ce
Despot's Boltbreaker	王牙刀【伏雷】	王牙刀【伏雷】	tachi	l34cf
Oppressor's Law	真・王牙刀【天威】	真·王牙刀【天威】	tachi	l34d0
Cruel Pain	クルーエルペイン	クルーエルペイン	tachi	l351d
Calamity Pain	カラミティペイン	カラミティペイン	tachi	l351e
Nero Calamity	ネロ＝カラミティ	ネロ＝カラミティ	tachi	l351f
Dios Sword	ディオスソード		tachi	l3537
Blast Edge	爆砕の太刀		tachi	l3538
Lightbreak Edge	破岩刀ホムラ		tachi	l3539
Diapason	ディアパゾン		tachi	l3833
Crimsonfork	ディアパゾン改		tachi	l3834
Crimsonfork Zenith	グレンフォーク		tachi	l3835
Hidden Saber	ヒドゥンサーベル		tachi	l3876
Deepest Night	ヒドゥンサーベル改		tachi	l3877
Avidya Saber	夜刀【月影】		tachi	l3878
Brimsten Drakebone	獄刀リュウコツ		tachi	l3a2a
Stygian Gula	狼牙刀【悪獄】		tachi	l3a2b
True Stygian Gula	真・狼牙刀【寂滅】		tachi	l3a2c
Stahlfakt	スティールofファクト		tachi	l3bb9
Stahltrecht	スティールofロウ		tachi	l3bba
Stahlurteil	スティールofジャッジ		tachi	l3bbb
La Justiciere	THEジャスティス		tachi	l3cd4
La Loi	THEロウ		tachi	l3cd5
Le Decalogue	THEディカローグ		tachi	l3cd6
Ominous Spring	凶刀【催花雨】		tachi	l3ece
Heavenly Clearing	天嵐ノ刀【雨過天晴】		tachi	l3ecf
Empyrean Eve	太虚ノ刀【九天】		tachi	l3ed0
Khanga Edge	シミターアルナジト		tachi	l3fd7
Khanga Brink	叛刃アルナジト		tachi	l3fd8
Khanga Rebellion	乱叛刃アルナジト		tachi	l3fd9
Thornedge Rosensamba	棘纏刀ローゼンコイル		tachi	l3aff
Thornedge Rosenwalzer	棘纏刀ローゼンロウル		tachi	l3b00
Thornedge Rosentanz	棘纏刀ローゼントイン		tachi	l3b01
Thornedge Rosentango	棘纏刀ローゼンラウド		tachi	l3b02
Stormedge	絶雷振刀		tachi	l3b2b
"Stormedge ""Rend"""	絶雷振刀【斬斬】		tachi	l3b2c
"Stormedge ""Break"""	絶雷振刀【断断】		tachi	l3b2d
"Stormedge ""Divide"""	絶雷振刀【裂裂】		tachi	l3b2e
Vashim Epee	ヴァシム・エーペ		tachi	l3c5b
Vashim Ramina	ヴァシム・ラミナ		tachi	l3c5c
Vashim Waffe	ヴァシム・ヴァフェ		tachi	l3c5d
Vashim Asleja	ヴァシムーンアスレハ		tachi	l3c5e
Deathroad Sorrow	デスルート・ディスト		tachi	l3c77
Deathroad Ruin	デスルート・カタスト		tachi	l3c78
Deathroad Decimation	デスルート・タドミル		tachi	l3c79
Deathsign Downfall	デスサイン・ザヴァエ		tachi	l3c7a
Mido Reaper Potenza	絶爆狼刀ポテンツァ		tachi	l3d71
Mido Reaper Ambition	絶爆狼刀トモーフ		tachi	l3d72
Mido Reaper Vitesse	絶爆狼刀ヴィテス		tachi	l3d73
"Mido Reaper ""Eii"""	絶爆狼刀【エイイ】		tachi	l3d74
Ganoescama	ガノエスカマ		tachi	l3e3b
Ganoreepi	ガノレーピ		tachi	l3e3c
Ganoshuppe	ガノシュッペ		tachi	l3e3d
Ganonzairu	ガノンザイル		tachi	l3e3e
"Inagami Edge ""Heather"""	雅翁太刀エリカ		tachi	l3ee5
"Inagami Edge ""Gazania"""	雅翁太刀ガザニ		tachi	l3ee6
"Inagami Edge ""Campanula"""	雅翁太刀カンニュラ		tachi	l3ee7
"Inagami Edge ""Briar"""	雅翁太刀コウダリア		tachi	l3ee8
"Dark Edge ""Paradoxornis"""	絶極冥雷刀【葦雀】		tachi	l3f6b
"Dark Edge ""Emberiza"""	絶極冥雷刀【蒿雀】		tachi	l3f6c
"Dark Edge ""Parus"""	絶極冥雷刀【大雀】		tachi	l3f6d
"Dark Edge ""Bombycilla"""	絶極冥雷刀【緋連雀】		tachi	l3f6e
"Anoru Edge ""Souhait"""	ゼーゲ・ソウハート		tachi	l4125
"Anoru Edge ""Fortune"""	ゼーゲ・フォーチュン		tachi	l4126
"Anoru Edge ""Skarp"""	ゼーゲ・スカルパ		tachi	l4127
"Anoru Edge ""Pain"""	ゼーゲ・ペイン		tachi	l4128
"Magma Slicer ""Fensu"""	岩漿鎧刀ファンス		tachi	l428b
"Magma Slicer ""Saphire"""	岩漿鎧刀サフィーア		tachi	l428c
"Magma Slicer ""Furora"""	岩漿鎧刀フローラ		tachi	l428d
"Magma Slicer ""Morgana"""	岩漿鎧刀モルガナ		tachi	l428e
Layer Edge	多殻真刀		tachi	l4437
"Layer Edge ""Bellflower"""	多殻真刀【桔梗】		tachi	l4438
"Layer Edge ""Ashitaba"""	多殻真刀【明日葉】		tachi	l4439
"Layer Edge ""Crapemyrtle"""	多殻真刀【百日紅】		tachi	l443a
"Composer Edge ""Intro"""	歌唄ノ刀【前奏】		tachi	l3b8e
"Composer Edge ""Chorus"""	歌唄ノ刀【中奏】		tachi	l3b8f
"Composer Edge ""Encore"""	歌唄ノ刀【後奏】		tachi	l3b90
"Prayer Edge ""Prelude"""	歌踊ノ刀【前奏】		tachi	l3d45
"Prayer Edge ""Interlude"""	歌踊ノ刀【中奏】		tachi	l3d46
"Prayer Edge ""Finale"""	歌踊ノ刀【後奏】		tachi	l3d47
"Musical Katana ""Prelude"""	歌舞ノ刀【前奏】		tachi	l3efa
"Musical Katana ""Chorus"""	歌舞ノ刀【中奏】		tachi	l3efb
"Musical Katana ""Encore"""	歌舞ノ刀【後奏】		tachi	l3efc
"Recital Katana ""Prelude"""	歌詠ノ刀【前奏】		tachi	l3fb2
"Recital Katana ""Chorus"""	歌詠ノ刀【中奏】		tachi	l3fb3
"Recital Katana ""Encore"""	歌詠ノ刀【後奏】		tachi	l3fb4
"Enrapture Edge ""Intro"""	歌繋ノ刀【前奏】		tachi	l4375
"Enrapture Edge ""Chorus"""	歌繋ノ刀【中奏】		tachi	l4376
"Enrapture Edge ""Encore"""	歌繋ノ刀【後奏】		tachi	l4377
Lux	ルクス		tachi	l316c
Lux Tizu	ルクス・ティーズ		tachi	l316d
Lux Fusu	ルクス・フース		tachi	l316e
Lux Hamints	ルクス・ハミンツ		tachi	l316f
Lux Ein	ルクス・エイン		tachi	l3170
→Tonairevelgr	→トネールヴェルグ		tachi	l3e19
Old Katana←	古刀←		tachi	l3cb3
→Demon Katana	→鬼神刀		tachi	l3cbb
"→Melody Katana ""Chorus"""	→歌奏ノ刀【中奏】		tachi	l4161
"Melody Katana ""Prelude""←"	歌奏ノ刀【前奏】←		tachi	l4160
"→Melody Katana ""Encore"""	→歌奏ノ刀【後奏】		tachi	l4162
Iron Sword	アイアンソード	鐵劍	taiken	l0001
Iron Sword+	アイアンソード改	鐵劍·改	taiken	l0002
Buster Sword	バスターソード	破壞大劍	taiken	l0003
Buster Blade	バスターブレイド	破壞大刀	taiken	l0006
Ravager Blade	ブレイズブレイド	藏鉤大劍	taiken	l0008
Lacerator Blade	アッパーブレイズ	上位藏鉤大劍	taiken	l0009
Tactical Blade	タクティクス	戰術大劍	taiken	l00cf
Strategic Blade	ストラテジー	戰略大劍	taiken	l01c0
Strategy+	ストラテジー改	戰略大劍·改	taiken	l02ee
Fulminant Sword	フルミナントソード	電龍大劍	taiken	l0224
Fulminant Blade	フルミナントブレイド	雷龍長劍	taiken	l0225
Dira Flamma	ディールスブレイズ	超焰形大劍	taiken	l1cc9
Cat's Soul	ソウルオブキャット	貓魂	taiken	l0004
Cat's Curse	カースオブキャット	貓之咒怨	taiken	l01a7
Cat's Geass	ギアスオブキャット	貓之勇魂	taiken	l037e
Cat's Bind	バインドオブキャット	貓之束縛	taiken	l114c
Cat's Charm	チャームオブキャット	貓之魅力	taiken	l1935
Azure Serpentblade	蛇剣【蒼蛇】	蛇劍【蒼蛇】	taiken	l0034
Vile Serpentblade	蛇剣【大蛇】	蛇劍【大蛇】	taiken	l0036
White Serpentblade	蛇剣【白蛇】	蛇劍【白蛇】	taiken	l0113
Silver Serpentblade	蛇剣【銀蛇】	蛇劍【銀蛇】	taiken	l0281
Ice Breaker	アイスブレイカー	冰雪分裂者	taiken	l0275
Glacial Divider	アイスディバイダー	冰雪分割者	taiken	l0276
Glacial Supremacy	アイスディバイダー改	冰雪分割者·改	taiken	l0277
Ferrigoris	フロストブレイド	寒霜之刃	taiken	l0278
Freezing Ice Sword	氷塊大剣【零度】	冰晶大劍【零度】	taiken	l03b2
Absolute Zero Blade	氷塊大剣【絶対零度】	冰晶大劍【絕對零度】	taiken	l1a91
Defender	ディフェンダー	防衛者	taiken	l0012
Sentinel	センチネル	崗哨大劍	taiken	l0014
Barbaroi Blade	バルバロイブレイド	灼炎大刀	taiken	l0103
Crimson Goat	クリムゾンゴート	真紅大刀	taiken	l0104
Igniferni	ヘルファイア	地獄火	taiken	l0279
Hell Flame	ヘルフレイム	地獄烈焰	taiken	l04fd
High-Sentinel	ハイ＝センチネル	上位崗哨大劍	taiken	l1cca
Bone Blade	ボーンブレイド	骨大劍	taiken	l001c
Bone Blade+	ボーンブレイド改	骨大劍·改	taiken	l001d
Jawblade	アギト	龍顎	taiken	l001e
Wyvern Jawblade	リュウノアギト	龍顎劍	taiken	l0020
True Dragon's Jaw	真・竜ノ顎	真·龍顎	taiken	l010e
True Dragon's Jaw+	真・竜ノ顎－改	真·龍顎·改	taiken	l02ef
Dragon Jawblade	龍ノ顎	超·龍顎	taiken	l114f
Golem Blade	ゴーレムブレイド	巨骨劍	taiken	l0022
Valkyrie Blade	ヴァルキリーブレイド	強化巨骨劍	taiken	l0023
Sigelinde	ジークリンデ	齊格林王后	taiken	l0024
Brynhildr	ブリュンヒルデ	女武神布倫希爾德	taiken	l1053
Titania	ティタルニア	仙后提泰妮婭	taiken	l016f
Blushing Dame	ブラッシュデイム	純潔貴婦人	taiken	l0119
Lafinmondeim	ラフィヌモンデイム	高尚貴婦人	taiken	l1337
Red Stripe	レッドストライプ	紅紋劍	taiken	l0021
Red Stripe+	レッドストライプ改	紅紋劍·改	taiken	l01a2
Red Scissor	レッドシザー	紅鉗劍	taiken	l0026
Great Scissor	グレートシザー	大蟹鉗	taiken	l019c
Bubble Scissor	バブルシザー	泡沫鉗	taiken	l037c
Aqua Scissor	アクアシザー	水鉗	taiken	l037d
Marine Scissor	マリンシザー	海軍鉗	taiken	l114d
Ceanataur Blade	ギザミブレイド	鐮蟹之刃	taiken	l0028
Blue Claw Blade	ブルークロウブレイド	藍爪劍	taiken	l002e
Killer's Scythe	キリサキ	藍鐮大劍	taiken	l019f
Red Wing	レッドウィング	赤紅之翼	taiken	l002a
Rath Blaze Sword	炎剣リオレウス	炎龍大劍	taiken	l002b
Combustion Sword	爆炎剣リオレウス	爆炎劍火龍	taiken	l114b
Blue Wing	ブルーウィング	藍翼大劍	taiken	l0007
Shiny Rathalos Sword	煌剣リオレウス	火龍煌劍	taiken	l0105
Azure Glinsword	蒼煌剣リオレウス	蒼煌劍火龍	taiken	l032d
Halberd	ハルバード	戰斧	taiken	l0015
Judgment	ジャッジメント	審判者	taiken	l0017
Execution	エクスキューション	處刑者	taiken	l0018
Execution+	エクスキューション改	處刑者·改	taiken	l0019
Enforcer's Axe	執行人の大斧	行刑者的大斧	taiken	l0116
Executioner's Axe	処罰者の凶斧	處罰者的凶斧	taiken	l02f1
Punisher	パニッシャー	劊子手	taiken	l03b3
Diablos Sword	ダブルブロスソード	雙角大劍	taiken	l0035
Diablo Destroyer	角竜剣ターリアラート	角龍劍角斧	taiken	l01a3
Cera Cymmetry	角耀剣ランドグリーズ	角耀劍雙角斧	taiken	l1934
Dragon Killer	ドラゴンキラー	殺龍大劍	taiken	l0025
Eternal Annihilator	封龍剣【滅一門】	封龍劍【滅一門】	taiken	l00d3
Eternal Eradicator	封龍剣【超滅一門】	封龍劍【超滅一門】	taiken	l011f
True Dragon Eradicator	真封龍剣【超滅一門】	真封龍劍【超滅一門】	taiken	l03e3
Extreme Drgn Eradicator	極封龍剣【超滅一門】	極封龍劍【超滅一門】	taiken	l1055
Fin Blade	フィンブレイド	綠鰭大劍	taiken	l0027
Plesioth Watersword	水剣ガノトトス	水龍劍	taiken	l0029
Plesioth Crystasword	蒼剣ガノトトス	蒼劍水龍	taiken	l0114
Plesioth Azureblade	蒼刃剣ガノトトス	蒼刃劍水龍	taiken	l0117
Plesioth Azureblade+	蒼刃剣ガノトトス改	蒼刃劍水龍·改	taiken	l0280
Plesioth Blue Aquablade	水竜大剣【蒼鯱】	水龍大劍【蒼虎】	taiken	l03e4
Bone	骨	骨	taiken	l0030
Large Bone	大骨	大骨	taiken	l01df
Chrome Razor	クロームレイザー	咬剃刀	taiken	l00d2
Chrome Death Razor	クロームデスレイザー	鉻金死亡剃刀	taiken	l011e
Genocide Razor	ジェノサイドレイザー	滅族剃刀	taiken	l114e
Demon Rod	鬼金棒	鬼金棒	taiken	l00e3
Great Demon Rod	大鬼金棒	大鬼金棒	taiken	l0178
Mighty Emperor's Rod	大鬼金棒【力王】	大鬼金棒【力王】	taiken	l02c3
Frozen Tuna	レイトウマグロ	冷凍旗魚	taiken	l00e5
True Frozen Tuna	レイトウ本マグロ	冷凍黑鮪魚大劍	taiken	l027d
Frozen Silver Tuna	レイトウ銀マグロ	冷凍銀鮪魚大劍	taiken	l027e
Iron Tuna	レイトウ鋼マグロ	冷凍鋼鮪魚大劍	taiken	l1a8f
Frozen Gold Tuna	レイトウ金マグロ	冷凍金鮪魚大劍	taiken	l027f
Oberion	オベリオン	歐貝里翁	taiken	l016e
Pale Kaiser	ペイルカイザー	蒼之霸主	taiken	l011a
Grant Kaiser	グランツカイザー	綠之霸主	taiken	l1336
Siegmund	ジークムント	齊格蒙君王	taiken	l00e4
Siegfried	ジークフリート	齊格蒙大劍	taiken	l1054
Chicken Decapitator	ザンシュトウ【鶏】	斬首刀【雞】	taiken	l0177
Rooster Decapitator	ザンシュトウ【軍鶏】	斬首刀【軍雞】	taiken	l01a1
Falcon Decapitator	ザンシュトウ【猛禽】	斬首刀【猛禽】	taiken	l031a
Kirin Thundersword	召雷剣【麒麟】	召雷劍【麒麟】	taiken	l0179
King Thundersword	召雷剣【麒麟王】	召雷劍【麒麟王】	taiken	l019d
Treasured Thunderblade	召雷宝剣【麒麟王】	召雷寶劍【麒麟王】	taiken	l032e
Emperor's Thunderblade	召雷宝剣【麒麟帝】	召雷寶劍【麒麟帝】	taiken	l0472
Fatalis Blade	ミラブレイド	祖龍之劍	taiken	l017a
Fatalis Blackblade	ブラックミラブレイド	黑龍之刃	taiken	l01a5
Fatalis Darkblade	ダークミラブレイド	黑暗命運之劍	taiken	l0edf
Fatalis Ancestor	アッパーミラブレイド	上位祖龍之劍	taiken	l017c
Holy Fatalis Dawnsword	祖龍聖剣【暁】	祖龍聖劍【曉】	taiken	l033e
Earth Pulse	アースパルス	大地脈動	taiken	l01f9
Earth Breeze	アースブリーズ	大地氣息	taiken	l01fa
Scorcher	スコーチャー	艷陽天	taiken	l027a
Scorcher+	スコーチャー改	艷陽天·改	taiken	l0319
Pick Blade	ピックブレイド	鳥喙劍	taiken	l01fb
Beak Blade	ビークブレイド	鳥喙刃	taiken	l01fc
Hypno Blade	ヒュプノブレイド	眠鳥之刃	taiken	l027b
Narcolepter	ナルコレプター	猝睡獵補者	taiken	l027c
Narcolepter+	ナルコレプター改	猝睡獵捕者·改	taiken	l02f0
King Narcolepter	キングナルコレプター	猝睡獵捕者之王	taiken	l03e5
Deadly Serpentblade	蛇剣【毒蛾】	蛇劍【毒蛾】	taiken	l01da
Poison Serpentblade	蛇剣【壷毒】	蛇劍【壺毒】	taiken	l0318
"Snake Sword ""Poison"""	蛇剣【怨毒】	蛇劍【怨毒】	taiken	l1936
Sentoryu Raven	セイリュウトウ【烏】	青龍刀【烏】	taiken	l010c
Sentoryu Wolf	セイリュウトウ【狼】	青龍刀【狼】	taiken	l01a0
Tiger Jawblade	ティガノアギト	轟龍大牙	taiken	l02ce
Tigrex Greatsword	轟大剣【王虎】	轟大劍【王虎】	taiken	l02cf
True Tigrex Greatsword	真・轟大剣【王虎】	真·轟大劍【王虎】	taiken	l1260
Bronze Hobby	ブロンズホオビー	青銅刀幣	taiken	l02d0
Gaoren's Hobby	ガオレンズホオビー	砦蟹刀幣	taiken	l02d1
Burn All Things Away	バンナウェイ	燃燒之道	taiken	l0339
Seering Razor+	バンナウェイ改	燃燒之道·改	taiken	l034f
Rosenklinge	ローゼンブレット	薔薇子彈	taiken	l035a
Rosen Brullen	ローゼンテラー	薔薇恐懼	taiken	l035b
Rosen Kunst	ローゼンクラフト	薔薇之力	taiken	l035c
Kaktus Brett	カクトスブレット	棘刺子彈	taiken	l03e6
Kaktus Terror	カクトステラー	棘刺恐懼	taiken	l03e7
Kaktus Hersteller	カクトスクラフト	棘刺之力	taiken	l04c3
Perle Brett	ペルレブレット	珍珠子彈	taiken	l0ffb
Perle Tera	ペルレテラー	珍珠恐懼	taiken	l0ffc
Perle Kraft	ペルレクラフト	珍珠之力	taiken	l0ffd
Rubber Blade	ラバーブレイド	橡膠質之刃	taiken	l037a
Gypceros Poison Blade	毒怪鳥大剣【劇薬】	毒怪鳥大劍【劇毒】	taiken	l037b
Largo Espada	ラルゴエスパーダ	長劍	taiken	l03e1
Grande Espada	グランデエスパーダ	超長劍	taiken	l03e2
Perforacion Espada	フエルサエスパーダ	力劍	taiken	l04c0
Primero Espada	プリメーロエスパーダ	緋紅之劍	taiken	l0f8d
Corsa	コルソ	水藍之路	taiken	l0f8a
Cascata	カスカータ	大瀧	taiken	l0f8b
Cascata Enorme	カスカータ・エノルメ	巨瀑	taiken	l0f8c
Vashimu Sword	ヴァシムソード	尾晶蠍之劍	taiken	l046b
Vashimu Blade	ヴァシムブレイド	尾晶蠍之刃	taiken	l046c
Vashimu Breaker	ヴァシムブレイカー	尾晶蠍分裂者	taiken	l046d
Heavy Sleeper	ヘビィスリーパー	沉睡大劍	taiken	l0345
Deep Sleeper	ディープスリーパー	深眠大劍	taiken	l0346
Jebia Sword	ジェビアソード	灰晶蠍之劍	taiken	l04cf
Jebia Blade	ジェビアブレイド	灰晶蠍之刃	taiken	l04d0
Jebia Breaker	ジェビアブレイカー	灰晶蠍分裂者	taiken	l04d1
Thunderdance Blade	舞雷大剣【大鷲】	舞雷大劍【大鷲】	taiken	l0543
Eagle Thunder Blade	舞雷大剣【荒鷲】	舞雷大劍【荒鷲】	taiken	l0544
Dark Thunder Blade	冥雷大剣【大鷲】	冥雷大劍【大鷲】	taiken	l1332
Dark Eagle Blade	冥雷大剣【荒鷲】	冥雷大劍【荒鷲】	taiken	l1333
Getsurin Greatsword	牙狼大剣【月輪】	牙狼大劍【月輪】	taiken	l104f
Getsuei Greatsword	牙狼大剣【月影】	牙狼大劍【月影】	taiken	l1050
Don Plate	ドン・プレート	吞·大刀	taiken	l1147
Don Sword	ドン・ソード	吞·大劍	taiken	l1148
Blackbound Greataxe	黒縛大斧	黑縛大斧	taiken	l125c
Blackbound Strongaxe	黒縛剛斧	黑縛剛斧	taiken	l125d
Blackbound Rageaxe	黒縛激斧	黑縛激斧	taiken	l125e
Black Emperor Greataxe	黒縛王斧	黑縛王斧	taiken	l125f
Volpe Ramo	ボルペラーモ	冰狐大劍	taiken	l1253
Volpe Tronco	ボルペトロンコ	冰狐斬截	taiken	l1254
Volpe Spada	ボルペスパーダ	冰狐巨劍	taiken	l1255
Furyhair Greatsword	怒髪大剣	怒髮大劍	taiken	l142f
North F.Hair Greatswrd	怒髪大剣【北国】	怒髮大劍【北國】	taiken	l1430
Snow F.Hair Greatsword	怒髪大剣【雪國】	怒髮大劍【雪國】	taiken	l1431
Fatos Ala	ファトス＝アーラ	命運之翼	taiken	l169d
Vita Ala	ウィタ＝アーラ	生命之翼	taiken	l169e
Mors Ala	モルス＝アーラ	死亡之翼	taiken	l169f
Regina I	レギーナⅠ	刻龍劍Ⅰ	taiken	l1847
Regina II	レギーナⅡ	刻龍劍Ⅱ	taiken	l1848
Regina III	レギーナⅢ	刻龍劍Ⅲ	taiken	l1849
"Unknown Blade ""Blaze"""	刻竜大剣【猛火】	刻龍大劍【猛火】	taiken	l184a
"Unknown Blade ""Infernal"""	刻竜大剣【爆炎】	刻龍大劍【爆炎】	taiken	l184f
"Unknown Blade ""Frost"""	刻竜大剣【氷結】	刻龍大劍【冰結】	taiken	l184e
"Unknown Blade ""Howl"""	刻竜大剣【咆哮】	刻龍大劍【咆哮】	taiken	l184d
"Unknown Blade ""Bolt"""	刻竜大剣【落雷】	刻龍大劍【落雷】	taiken	l184c
"Unknown Blade ""Lake"""	刻竜大剣【止水】	刻龍大劍【止水】	taiken	l184b
"Hadean Blade ""Infernal"""	刻竜獄大剣【爆炎】	刻龍獄大劍【爆炎】	taiken	l1b91
"Unknown Blade ""Glacier"""	刻竜大剣【砕氷】	刻龍大劍【碎冰】	taiken	l1853
"Unknown Blade ""Imperial"""	刻竜大剣【逆鱗】	刻龍大劍【逆鱗】	taiken	l1852
"Unknown Blade ""Thunder"""	刻竜大剣【轟雷】	刻龍大劍【轟雷】	taiken	l1851
"Unknown Blade ""River"""	刻竜大剣【流水】	刻龍大劍【流水】	taiken	l1850
"Hadean Blade ""River"""	刻竜獄大剣【流水】	刻龍獄大劍【流水】	taiken	l1b92
"Hadean Blade ""Thunder"""	刻竜獄大剣【轟雷】	刻龍獄大劍【轟雷】	taiken	l1b93
"Hadean Blade ""Imperial"""	刻竜獄大剣【逆鱗】	刻龍獄大劍【逆鱗】	taiken	l1b94
"Hadean Blade ""Glacier"""	刻竜獄大剣【砕氷】	刻龍獄大劍【碎冰】	taiken	l1b95
"CarvdDrgnBuster""Flame"""	刻竜獄大剣【業焔】	刻龍獄大劍【業焰】	taiken	l2260
"CarvdDrgnBuster""Freeze"""	刻竜獄大剣【烈凍】	刻龍獄大劍【烈凍】	taiken	l2264
"CarvdDrgnBuster""Clarity"""	刻竜獄大剣【諦観】	刻龍獄大劍【諦觀】	taiken	l2263
"CarvdDrgnBuster""Thunder"""	刻竜獄大剣【雷迅】	刻龍獄大劍【雷迅】	taiken	l2262
"CarvdDrgnBuster""Torrent"""	刻竜獄大剣【轟流】	刻龍獄大劍【轟流】	taiken	l2261
Scarlet Blade	緋骨大剣	緋骨大劍	taiken	l1a79
Mistcloud Scarlet Blade	緋骨大剣【霧雲】	緋骨大劍【霧雲】	taiken	l1a7a
Starmist Scarlet Blade	緋骨大剣【星霧】	緋骨大劍【星霧】	taiken	l1a7b
Fog Scarlet Blade	緋骨大剣【迷霧】	緋骨大劍【迷霧】	taiken	l1a7c
Zorn Blade	ゾーン・クリンゲ	陽之刃	taiken	l1a74
Wut Blade	ブート・クリンゲ	舟之刃	taiken	l1a75
Goyle Blade	ゴイル・クリンゲ	石之刃	taiken	l1a76
Taikun Edge	多殻大剣	多殼大劍	taiken	l1a6f
"Taikun Edge ""Safflower"""	多殻大剣【紅花】	多殼大劍【紅花】	taiken	l1a70
"Taikun Edge ""Camillia"""	多殻大剣【薮椿】	多殼大劍【藪椿】	taiken	l1a71
Akura Stinger	晶大剣	晶大劍	taiken	l1c86
Akura Stinger Baruku	晶大剣バルク	巨型晶大劍	taiken	l1c87
Akura Stinger Bariku	晶大剣バリーク	增幅晶大劍	taiken	l1c88
Black Belt Blade	クロオビブレイド	黑帶大劍	taiken	l0120
Expert Blade	タツジンブレイド	達人大劍	taiken	l0121
Kaiden Blade	カイデンブレイド	出師長劍	taiken	l03a8
Rusted G-Sword	凄くさびた大剣	嚴重鏽化的大劍	taiken	l002c
Tarnished G-Sword	さびた大剣	鏽化的大劍	taiken	l002d
Ancient Blade	エンシェントプレート	太古大劍	taiken	l002f
Legacy Plate	レガシープレート	祖傳大劍	taiken	l0f8e
Steel Ice Blade	鋼氷大剣	鋼冰大劍	taiken	l011b
Steel Ice Blade+	鋼氷大剣－改	鋼冰大劍·改	taiken	l011c
Doara's Decimator	ダオラ＝デグニダル	鋼龍凍大劍	taiken	l019e
Daora's Mistral	ダオラ＝ミストラル	鋼龍＝寒風	taiken	l0db4
Worn Greatsword	凄く風化した大剣	嚴重風化的大劍	taiken	l0122
Weathered Great Swd	風化した大剣	風化大劍	taiken	l0123
Epitaph Blade	エピタフプレート	碑銘石板	taiken	l0125
Epitaph Meliol	エピタフメリオール	碑刻大劍	taiken	l1ccb
Teostra Blade	テスカブレイド	焰王之刃	taiken	l010d
Teostra Kingblade	キングテスカブレイド	焰皇之刃	taiken	l01a4
Kaiser Blade	テスカイザーブレイド	焰王霸主之刃	taiken	l03b1
Undulling	トギシラズ	無需磨	taiken	l0308
Undulling+	トギシラズ改	無需磨·改	taiken	l0473
Undulling Blade	トワニトギシラズ	永遠無需磨	taiken	l0474
Magidet Toshi Shiraz	マジデトギシラズ	真正無需磨	taiken	l17be
Black Crystal Greatsword	水晶大剣【黒】	水晶大劍【黑】	taiken	l0475
Crystal Blackblade	クリスタルゼイレム	黑水晶大劍	taiken	l0476
Flawless Onyxblade	ブラックフローレス	漆黑無瑕大劍	taiken	l0477
Oscura Cristal Flores	モリオンフローレス	無瑕黑水晶大劍	taiken	l0478
Cangom Flores	カンゴムフローレス	黑水晶花之劍	taiken	l1933
White Crystal Greatsword	水晶大剣【白】	水晶大劍【白】	taiken	l0479
Crystal Honorem	クリスタルホノレム	白水晶大劍	taiken	l047a
Flawless Quartzblade	ホワイトフローレス	純白無瑕大劍	taiken	l047b
Pura Cristal Flores	ピュアフローレス	無瑕白水晶大劍	taiken	l047c
Trance Flores	トランスフローレス	純粹白水晶大劍	taiken	l1932
Grim Blade	グリムブレイド	憤怒大劍	taiken	l1450
Dark Blade	ダークブレイド	闇暗大劍	taiken	l1451
Phantom Blade	ファントムブレイド	幻影大劍	taiken	l1452
Nightmare	ナイトメア	夢魘	taiken	l1453
2A25・ディナンブリッタ	ディナンブリッタ	破天風劍	taiken	l252a
2B25・ディナベルディッド	ディナベルディッド	永眠風劍	taiken	l252b
2C25・ラッドバイソナー	ラッドバイソナー	引魂音劍	taiken	l252c
2D25・ラッドソボルドーナ	ラッドソボルドーナ	封魂音劍	taiken	l252d
Caravan Blade I	キャラバンブレイドⅠ	商隊之刃Ⅰ	taiken	l0db5
Caravan Blade II	キャラバンブレイドⅡ	商隊之刃Ⅱ	taiken	l0db6
Caravan Blade III	キャラバンブレイドⅢ	商隊之刃Ⅲ	taiken	l0db7
Caravan Blade IV	キャラバンブレイドⅣ	商隊之刃Ⅳ	taiken	l0db8
Caravan Blade V	キャラバンブレイドⅤ	商隊之刃Ⅴ	taiken	l0db9
Caravan Blade VI	キャラバンブレイドⅥ	商隊之刃Ⅵ	taiken	l1206
Caravan Buster	キャラバン極剣	商隊極劍	taiken	l2fec
Caravan Buster II	キャラバン極剣Ⅱ	商隊極劍Ⅱ	taiken	l2fed
Caravan Buster III	キャラバン極剣Ⅲ	商隊極劍Ⅲ	taiken	l2fee
Argen Sword	アルゲンソード	鋼金之劍	taiken	l185c
Argen Schwert	アルゲンシュヴェルト	鋼金大劍	taiken	l185d
Zilva Raptor	ジルバラプター	銀白掠奪者	taiken	l185e
Zilva Hagel	ジルバハーゲル	銀白毀滅者	taiken	l185f
Epidosis Blade I	エピドシスブレイドⅠ	進化大劍Ⅰ	taiken	l1e02
Epidosis Blade II	エピドシスブレイドⅡ	進化大劍Ⅱ	taiken	l1e03
Epidosis Blade III	エピドシスブレイドⅢ	進化大劍Ⅲ	taiken	l1e04
Cambrio Blade I	カンビオブレイドⅠ	幻化大劍Ⅰ	taiken	l1e05
Cambrio Blade II	カンビオブレイドⅡ	幻化大劍Ⅱ	taiken	l1e06
Cambrio Blade III	カンビオブレイドⅢ	幻化大劍Ⅲ	taiken	l1e07
Infinity Blade	イニティブレイド	初始大劍	taiken	l2027
Shipler Blade	シプレラブレイド	元祖大劍	taiken	l213c
Berum Blade SPI	ベルムブレイドSPⅠ	暗幕大劍SPⅠ	taiken	l213d
Berum Blade SPIV	ベルムブレイドSPⅣ	暗幕大劍SPⅣ	taiken	l213e
Berum Blade SPVII	ベルムブレイドSPⅦ	暗幕大劍SPⅦ	taiken	l213f
Parone Blade I	パローネブレイドⅠ		taiken	l36da
Parone Blade II	パローネブレイドⅡ		taiken	l36db
Parone Blade III	パローネブレイドⅢ		taiken	l36dc
Scathari Spathy	スカサリスパティ	闢天斧	taiken	l1258
Scathari Pezico	スカサリペズィコ	闢天大斧	taiken	l1259
Scathari Ipico	スカサリイピコ	闢天戰斧	taiken	l125a
Scathari Vasilisious	スカサリバシリシャス	闢天巨斧	taiken	l125b
Blue Giurare	ブルジュラーレ	藍岩大劍	taiken	l1434
Blue Custode	ブルクストーデ	藍色防護	taiken	l1435
Blue Monarca	ブルモナルカ	藍色君王	taiken	l1436
Blue Spada	ブルスパーダ	藍色之劍	taiken	l1437
Sageo Sword	セゲオソード	水鐮之劍	taiken	l158e
Sageo Blade	セゲオブレイド	水鐮大劍	taiken	l158f
Sageo Breaker	セゲオブレイカー	水鐮破滅劍	taiken	l1590
General's Fury	ジェネラルフューリー	將軍之怒	taiken	l1591
Elefluminant	エーレフルミナント	元素電龍大劍	taiken	l1884
Fuerte Fullminant	フエルテフルミナント	強力電龍大劍	taiken	l1885
Svarro Fullminant	ソヴァロフルミナント	粉碎電龍大劍	taiken	l1887
Refina Esparas	レフィナエスパラス	龍毒大劍	taiken	l1888
Refina Espanil	レフィナエスパニル	龍牙大劍	taiken	l1889
Refina Espadil	レフィナエスパジル	龍爪大劍	taiken	l188a
Refina Esparna	レフィナエスパルナ	龍魂大劍	taiken	l188b
Flare Bringer	フレアブリンガー	閃熠使者	taiken	l1919
Flare Calibur	フレアキャリバー	閃熠輸送者	taiken	l191a
1B19・フレアカロン	フレアカロン	閃熠擾亂者	taiken	l191b
Flare Answerer	フレアアンサラー	閃熠解答者	taiken	l191c
Ordo Ganafo	オルドガナフ	守護之翼	taiken	l1a81
Knight Ganafu	ナイトガナフ	騎士之翼	taiken	l1a82
Lord Ganafu	ロードガナフ	貴族之翼	taiken	l1a83
King Ganafu	キングガナフ	國王之翼	taiken	l1a84
Slice Cancer	スライスキャンサー	千切蟹爪	taiken	l1c8b
Slash Cancer	スラッシュキャンサー	斬擊蟹爪	taiken	l1c8c
Cut Cancer	ハッシュキャンサー	混沌蟹爪	taiken	l1c8d
Shear Cancer	シェアーキャンサー	破斷蟹爪	taiken	l1c8e
Elegy Empress Blade	妃龍大剣【嘆】	妃龍大劍【嘆】	taiken	l31a1
Grief Empress Blade	妃龍大剣【憂】	妃龍大劍【憂】	taiken	l31a2
Pity Empress Blade	妃龍大剣【憐】	妃龍大劍【憐】	taiken	l31a3
Love Empress Blade	妃龍大剣【慈】	妃龍大劍【慈】	taiken	l31a4
Silver Eagle Blade	真舞雷大剣【銀鷲】	真舞雷大劍【銀鷲】	taiken	l0545
Golden Eagle Blade	真舞雷大剣【金鷲】	真舞雷大劍【金鷲】	taiken	l0e1d
Dark Silver Eagle Blade	真冥雷大剣【銀鷲】	真冥雷大劍【銀鷲】	taiken	l1334
Dark Golden Eagle Blade	真冥雷大剣【金鷲】	真冥雷大劍【金鷲】	taiken	l1335
Teostra's Hellblade	炎王大剣【獄炎】	炎王大劍【獄炎】	taiken	l0e5d
Tyrant's Hellblade	炎王大剣【暴君】	炎王大劍【暴君】	taiken	l0e5e
Teostra Rending Blade	炎王獄大剣【破王】	炎王獄大劍【破王】	taiken	l0582
Teostra Ruining Blade	炎王獄大剣【滅帝】	炎王獄大劍【滅帝】	taiken	l0583
Teostra's Emperorblade	炎王獄大剣【焔皇】	炎王獄大劍【焰皇】	taiken	l225f
Teostra's Glitterblade	炎王烈大剣【煌冥】	炎王烈大劍【煌冥】	taiken	l322a
Teostra's Shine Skyblade	炎王始大剣【耀宙】		taiken	l39e6
Nebula Lacerta	ネブララケルタ	星雲蜥蜴劍	taiken	l0edd
Nebula Gladius	ネブラグラディウス	星雲巨劍	taiken	l0ede
Steadfast Dragonsword	巨龍剣【不動】	巨龍劍【不動】	taiken	l100f
Olympus Dragonsword	巨龍剣【オリンポス】	巨龍劍【奧林匹斯】	taiken	l1010
Gekkou Greatsword	天狼大剣【月光】	天狼大劍【月光】	taiken	l1051
Tsukuyomi Greatsword	天狼大剣【月讀】	天狼大劍【月讀】	taiken	l1052
Gesshoku Greatsword	天狼極剣【月蝕】	天狼極劍【月蝕】	taiken	l16a2
"Sirius Blade""SilverMoon"""	天狼極剣【銀月】	天狼極劍【銀月】	taiken	l1f12
"Ex Sirius ""Moonblow"""	天狼極剣【喰月】	天狼極劍【噬月】	taiken	l2267
Dodon Punisher	ドドン・パニッシャー	吞吞·復仇者	taiken	l1149
Dodon Genocide	ドドン・ジェノサイド	吞吞·滅絕者	taiken	l114a
Forte Grido	フォルテグリード	終極貪念	taiken	l1256
Forte Perfetto	フォルテペルフェット	終極完美	taiken	l1257
Flower F.Hair Greatswrd	怒髪大波【浪花】	怒髮大波【浪花】	taiken	l1432
Sky Furyhair Greatsword	怒髪大波【天城】	怒髮大波【天城】	taiken	l1433
Niger M. Ala	ニゲル・Ｍ・アーラ	暗黑·M·翼	taiken	l16a0
Niger Mors	ニゲル＝モルス	暗黑·絕命	taiken	l16a1
"Floating Peak GS ""Oni"""	浮岳大剣【鬼】	浮岳大劍【鬼】	taiken	l1917
"Floating Peak""Rashomon"""	浮岳大剣【羅生門】	浮岳大劍【羅生門】	taiken	l1918
Vanishing Mist SacrletGS	緋猛大剣【霧消】	緋猛大劍【霧消】	taiken	l1a7d
Vanishing Fog Scarlet GS	緋猛大剣【霧散】	緋猛大劍【霧散】	taiken	l1a7e
Flamme Rebell	フランメ・レベル	叛逆烈炎	taiken	l1a77
Asche Rebell	アッシェ・レベル	叛逆灰燼	taiken	l1a78
"Taikun Edge ""Phnxflower"""	多殻挟剣【鳳仙花】	多殼挾劍【鳳仙花】	taiken	l1a72
"TaikunEdge""Rhododendron"""	多殻挟剣【石楠花】	多殼挾劍【石楠花】	taiken	l1a73
"Taikun Edge ""Spidr Lily"""	多殻獄挟剣【彼岸花】	多殼獄挾劍【彼岸花】	taiken	l1e01
"Taikun Blade ""Peony"""	多殻獄挟剣【緋牡丹】	多殼獄挾劍【緋牡丹】	taiken	l1f11
"Taikun GS ""Scarlet Flwr"""	多殻獄挟剣【緋華玉】	多殼獄挾劍【緋華玉】	taiken	l2266
"Taikun GS ""Iris"""	多殻獄挟剣【花菖蒲】	多殼獄挾劍【花菖蒲】	taiken	l27fb
Resolution Shellking GS	殻王大剣【断】	殼王大劍【斷】	taiken	l1a7f
Indestructive Shellking	殻王大剣【不壊】	殼王大劍【不壞】	taiken	l1a80
CrystalSword Aurum	閃晶大剣アルム	閃晶大劍水晶	taiken	l1c89
CrystalSword Aurushamusu	閃晶大剣アルシャムス	閃晶大劍角晶	taiken	l1c8a
Flashblade Lux Mundi	烈閃大剣アルスムンス	烈閃大劍刺晶	taiken	l058e
FC1D・弩岩大剣【断】	弩岩大剣【断】	弩岩大劍【斷】	taiken	l1dfc
FD1D・弩岩大剣【凄断】	弩岩大剣【凄断】	弩岩大劍【凄斷】	taiken	l1dfd
True Judgement Odi Sword	弩岩獄大剣【驚断】	弩岩獄大劍【驚斷】	taiken	l1dfe
Heavy Decision Odi Sword	弩岩獄大剣【重何断】	弩岩獄大劍【重何斷】	taiken	l1dff
"CarvdDrgnBuster""Judge"""	弩岩獄大剣【真何断】	弩岩獄大劍【真何斷】	taiken	l2265
C02F・弩岩烈大剣【閃何断】	弩岩烈大剣【閃何断】	弩岩烈大劍【閃何斬】	taiken	l2fc0
Tita Espanda	ティタ・エスパーダ	狠鬥·孤征劍	taiken	l225b
Tita Sopra	ティタ・ソプラ	狠鬥·尖哮劍	taiken	l225c
Tita Avier	ティタ・アビエル	狠鬥·弩岩劍	taiken	l225d
Tita L. Coater	ティタ・Ｌ・コーター	狠鬥·超躍劍	taiken	l225e
Zeru Render [Light]	輝界白竜大剣【光斬】	輝界白龍大劍【光斬】	taiken	l25d7
Zeru Render [Gleam]	輝界白竜大剣【輝斬】	輝界白龍大劍【輝斬】	taiken	l25df
Zeru Render [Dazzle]	輝界白竜大剣【眩斬】	輝界白龍大劍【眩斬】	taiken	l25e7
Zeru Render [Shine]	輝界白竜大剣【耀斬】	輝界白龍大劍【耀斬】	taiken	l25ef
"White World GS ""Slash"""	輝界白竜大剣【煌斬】	輝界白龍大劍【煌斬】	taiken	l25f7
Baru Bloodalchemy	バル・オルゴ	噬血·魔劍	taiken	l27b0
Baru Blooddiabolism	バル・オルグリ	噬血·邪劍	taiken	l27b1
Baru Bloodhunger	バル・ファクル	噬血·飢魔	taiken	l27b2
Baru Bloodserpent	バル・スペルゼア	噬血·鬼龍	taiken	l27b3
Baru Bloodgalleon	バル・ガレオン	噬血·戰船	taiken	l27b4
D927・コーレアグナ	コーレアグナ	玄影斬劍	taiken	l27d9
Koreagasu	コーレアガス	玄影闇劍	taiken	l27da
Koreageina	コーレアゲイナ	玄影魔劍	taiken	l27db
Koreagiusu	コーレアギウス	玄影邪劍	taiken	l27dc
Koreagutexiusu	コーレアグティウス	玄影鬼劍	taiken	l27dd
Korearikoro	コーレアリーコロ		taiken	l3819
Furoru Sommeil	フロルソメイユ	花漾·睡眠	taiken	l2cf6
Furoru Somnus	フロルソムヌス	花漾·安眠	taiken	l2cf7
Furoru Quelide	フロルケリド	花漾·飛鳥	taiken	l2cf8
Furoruz Azalea	フロルザレア	花漾·酒花	taiken	l2cf9
Furoru Roden	フロルローデン	花漾·活躍	taiken	l2cfa
EB39・フロル＝マロア	フロル＝マロア		taiken	l39eb
842E・ネグルドペカド	ネグルドペカド	雅瑟刻印	taiken	l2e84
852E・ネグルドリード	ネグルドリード	雅瑟烙痕	taiken	l2e85
862E・ネグルドティーブ	ネグルドティーブ	雅瑟銘刻	taiken	l2e86
872E・ネグルドチェイル	ネグルドチェイル	雅瑟信徒	taiken	l2e87
882E・ネグルドズイード	ネグルドズイード	雅瑟典範	taiken	l2e88
Golddust Windbreak Blade	金塵翔龍大剣【風断】	金塵翔龍大劍【風斷】	taiken	l2e69
Golddust Whirlwind Blade	金塵翔龍大剣【旋断】	金塵翔龍大劍【旋斷】	taiken	l2e6a
Golddust Hurricane Blade	金塵翔龍大剣【纏断】	金塵翔龍大劍【纏斷】	taiken	l2e6b
Golddust Tornado Blade	金塵翔龍大剣【荒断】	金塵翔龍大劍【荒斷】	taiken	l2e6c
Golddust Gale Blade	金塵翔龍大剣【嵐断】	金塵翔龍大劍【嵐斷】	taiken	l2e6d
B531・バレナルッシェ	バレナルッシェ	鯨鳴水泌	taiken	l31b5
B631・バレナウーメ	バレナウーメ	鯨鳴川洰	taiken	l31b6
B731・バレナラゴラ	バレナラゴラ	鯨鳴湖光	taiken	l31b7
B831・バレナエスト	バレナエスト	鯨鳴洋音	taiken	l31b8
B931・バレナマーレ	バレナマーレ	鯨鳴海星	taiken	l31b9
"HellfireBuster ""Pearl"""	炎角大剣【明珠】	炎角大劍【明珠】	taiken	l3212
"HellfireBuster ""Gem"""	炎角大剣【白眉】	炎角大劍【白眉】	taiken	l3213
"HellfireBuster ""Prince"""	炎角大剣【謫仙】	炎角大劍【謫仙】	taiken	l3214
"HellfireBuster ""Saint"""	炎角大剣【山斗】	炎角大劍【山斗】	taiken	l3215
"HellfireBuster ""Tiger"""	炎角大剣【虎嘯】	炎角大劍【虎嘯】	taiken	l3216
"HellfireBuster ""Rooster"""	炎角大剣【木鶏】		taiken	l39ed
"FloatingPeakSwrd ""Base"""	浮峰大剣【麓】	浮峰大剣【麓】	taiken	l34e8
"FloatingPeakSwrd ""Peak"""	浮峰大剣【峰】	浮峰大剣【峰】	taiken	l34e9
"FloatingPeakSwrd ""Crest"""	浮峰大剣【高嶺】	浮峰大剣【高嶺】	taiken	l34ea
"FloatingPeakSwrd ""Alp"""	浮峰大剣【銀嶺】	浮峰大剣【銀嶺】	taiken	l34eb
"FloatingPeakSwrd ""Hill"""	浮峰大剣【翠嶺】	浮峰大剣【翠嶺】	taiken	l34ec
"FloatingPeakSwrd ""Top"""	浮峰大剣【主峰】	浮峰大剣【主峰】	taiken	l34ed
Frostrain Monarch Blade	凍王大剣【泡雪】		taiken	l380b
Powdersnow Monarch Blade	凍王獄大剣【粉雪】		taiken	l380c
Snowfront Monarch Blade	凍王獄大剣【大雪】		taiken	l380d
Snowfall Monarch Blade	凍王獄大剣【新雪】		taiken	l380e
Whiteout Monarch Blade	凍王烈大剣【雪明】		taiken	l380f
Rime Monarch Blade	凍王始大剣【雪晴】		taiken	l3810
Quelle Axt	クヴェレアクスト	火炎巨斧	taiken	l1066
Fur Axt	フュールアクスト	烈火巨斧	taiken	l1067
Flamme Axt	フラムアクスト	暴焰巨斧	taiken	l1068
Asche Axt	アッシュアクスト	灰燼巨斧	taiken	l1069
Nkasa Komba	ンカサ・コンバ	威龍劍	taiken	l1448
Nkasa Kongo	ンカサ・コンゴ	擎天龍劍	taiken	l1449
Nkasa Barkon	ンカサ・バーコン	慓悍龍劍	taiken	l144a
Nganga	ンガンーガ	兇殘龍劍	taiken	l144b
Ganga Ganga	ンガンーガ・ガンガ	兇殘龍劍·剛加	taiken	l2ff5
Ganga Ganko	ンガンーガ・ガンコ	兇殘龍劍·剛寇	taiken	l2ff6
Ganga Gangan	ンガンーガ・ガガン	兇殘龍劍·剛槓	taiken	l2ff7
Caldo Sword	カルドソード	地獄之劍	taiken	l133c
Caldo Schwert	カルドシュヴェルト	地獄大劍	taiken	l133d
Caldo Schneide	カルドシュナイデ	地獄鋒刃	taiken	l133e
Lotorapta	ロートラプター	紅色掠奪者	taiken	l133f
Rothagel	ロートハーゲル	紅色毀滅者	taiken	l15a2
Roter Dank	ロートダンク	紅色侵蝕者	taiken	l2d7a
Partner Sword	パルトナソード	戰友之劍	taiken	l2d7b
Partner Schwert	パルトナシュヴェルト	戰友大劍	taiken	l2d7c
Cardo Messa	カルドメッサ	地獄禮讚	taiken	l17b6
Cardo Flambek	カルドフランベク	地獄烈炎	taiken	l17b7
Cardo Bastak	カルドバスタク	地獄調律	taiken	l17b8
RotoMolda	ロートモルダ	紅色隕石	taiken	l17b9
Rotoherobado	ロートヘレバード	紅色讚頌	taiken	l17ba
091E・エリュトクスフ	エリュトクスフ	晶紅萬劫	taiken	l1e09
0A1E・エリュトシフォス	エリュトシフォス	晶紅迅光刃	taiken	l1e0a
0B1E・ロートディンゲ	ロートディンゲ	紅色萬世	taiken	l1e0b
0C1E・ロートヴェルト	ロートヴェルト	紅色宇宙	taiken	l1e0c
Noble Lamina	ノーブルラミナ	崇高理劍	taiken	l2007
Noble Spada	ノーブルスパーダ	崇高大刃	taiken	l2008
Noble Klinge	ノーブルクリンゲ	崇高斬刃	taiken	l2009
Arthuverda	アスールヴェルダー	湛藍特異劍	taiken	l200a
Blazing Peak Blade	焔嶽龍ノ大剣		taiken	l3c53
Eques Sword	エクエスソード	騎士之劍	taiken	l0ee0
Eques Schwert	エクエスシュヴェルト	騎士大劍	taiken	l0ee1
Eques Schneide	エクエスシュナイデ	騎士鋒刃	taiken	l0ee2
Weiss Raptor	ヴァイスラプター	白色掠奪者	taiken	l0ee3
Weiss Hagel	ヴァイスハーゲル	白色毀滅者	taiken	l17bc
Kurtzschwer Zacke	クルツシュヴェーア	重短大劍	taiken	l046e
Kurtzschwer Shocke	クルツシルトパット	重短龜甲大劍	taiken	l046f
Kurtz Bernstein	クルツアンバー	重短琥珀大劍	taiken	l0470
Kurtzdrachen Gesicht	クルツゲヴィヒト	極重短大劍	taiken	l0471
Lurzgesang	クルツゲルング	重短龍爪大劍	taiken	l193b
Kurzgebet	クルツグラバット	重短剛爪大劍	taiken	l1cc5
Strega Sword	ストレガソード	魔女之劍	taiken	l0ee4
Strega Schwert	ストレガシュヴェルト	魔女大劍	taiken	l0ee5
Strega Schneide	ストレガシュナイデ	魔女鋒刃	taiken	l0ee6
Schwarz Raptor	シュヴァルツラプター	黑色掠奪者	taiken	l0ee7
Schwarz Hagel	シュヴァルツハーゲル	黑色毀滅者	taiken	l17bd
Schwarzer Dank	シュヴァルツダンク	黑色侵蝕者	taiken	l1e08
Nifrit Blade	ニフリート	翡翠大劍Ⅰ	taiken	l04f9
Nifrit Spirit	ニフリートウーム	翡翠智慧大劍Ⅱ	taiken	l04fa
Nifrit Soul	ニフリートドゥーフ	翡翠精神大劍Ⅲ	taiken	l04fb
Nifrit Wisdom	ニフリートドゥシャー	翡翠之魂大劍Ⅳ	taiken	l04fc
Nephrite Doom	ニフリートドゥーム	翡翠審判大劍	taiken	l17bb
Nifrit Dogma	ニフリートドグマ	翡翠教義大劍	taiken	l1cc4
Hvy Conquerer Greataxe	重撃大斧	重擊大斧	taiken	l0db0
Hvy Conquerer Strongaxe	重撃剛斧	重擊剛斧	taiken	l0db1
Hvy Conquerer Rageaxe	重撃激斧	重擊激斧	taiken	l0db2
Hvy Emperor Greataxe	重撃王斧	重擊王斧	taiken	l0db3
Crushing Conquereraxe	重撃帝斧	重擊帝斧	taiken	l193a
Squire Messer	エクエスメッサ	騎士禮讚	taiken	l1592
Squire Flambek	エクエスフランベク	騎士烈炎	taiken	l1593
Squire Bastak	エクエスバスタク	騎士調律	taiken	l1594
Weissmolda	ヴァイスモルダ	白色隕石	taiken	l1595
Weiss Halberd	ヴァイスヘレバド	白色讚歌	taiken	l1938
Strega Messer	ストレガメッサ	魔女禮讚	taiken	l1596
Strega Flambek	ストレガフランベク	魔女烈炎	taiken	l1597
Strega Bastak	ストレガバスタク	魔女調律	taiken	l1598
Schwarzmolda	シュヴァルツモルダ	黑色隕石	taiken	l1599
Schwarz Halberd	シュヴァルツヘレバド	黑色讚歌	taiken	l1939
Schwarzgeist	シュヴァルツガイスト	黑色英靈	taiken	l1bf0
851A・ヴァリエクスフ	ヴァリエクスフ	耀陽萬劫	taiken	l1a85
861A・ヴァリエシフォス	ヴァリエシフォス	耀陽迅光刃	taiken	l1a86
871A・ヴァイスディンゲ	ヴァイスディンゲ	白色萬世	taiken	l1a87
881A・ヴァイスヴェルト	ヴァイスヴェルト	白色宇宙	taiken	l1a88
891A・ソルエルクスフ	ソルエルクスフ	薄暮萬劫	taiken	l1a89
8A1A・ソルエルシフォス	ソルエルシフォス	薄暮迅光刃	taiken	l1a8a
8B1A・シュヴァルツディンゲ	シュヴァルツディンゲ	黑色萬世	taiken	l1a8b
8C1A・シュヴァルツヴェルト	シュヴァルツヴェルト	黑色宇宙	taiken	l1a8c
Aura Sword	オーロワソード	金黃之劍	taiken	l1c9c
Aura Schwert	オーロワシュヴェルト	金黃大劍	taiken	l1c9d
Gold Raptor	ゴルトラプター	黃金掠奪者	taiken	l1c9e
Gold Hagel	ゴルトハーゲル	黃金毀滅者	taiken	l1c9f
Gold Dunk	ゴルトダンク	黃金侵蝕者	taiken	l1ca0
Oro Messer	オーロワメッサ	金黃禮讚	taiken	l310e
Oro Flamberge	オーロワフランベク	金黃烈焰	taiken	l310f
Gold Hymne	ゴルトヘレバド	黃金讚歌	taiken	l3110
Gold Geist	ゴルトガイスト	黃金英靈	taiken	l3111
4E32・ヴィレメッサ	ヴィレメッサ	意志禮讚	taiken	l324e
4F32・ヴィレフランベク	ヴィレフランベク	意志烈炎	taiken	l324f
0C37・ヘクサークスフ	ヘクサークスフ		taiken	l370c
0D37・ヘクサーシフォス	ヘクサーシフォス		taiken	l370d
Grunhilde	グリューンディンゲ		taiken	l370e
Grunbert	グリューンヴェルト		taiken	l370f
DE38・ルレードフウァンジン	ルレードフウァンジン		taiken	l38de
DF38・ルレードリグァン	ルレードリグァン		taiken	l38df
E038・シャロンシャン	シャロンシャン		taiken	l38e0
E138・シャロンヤンエン	シャロンヤンエン		taiken	l38e1
Vola Alma	ヴォーラアルマ		taiken	l3c15
Vola Alma+	ヴォーラアルマ・改		taiken	l3c16
True Vola ALma	ヴォーラアルマ・真		taiken	l3c17
Alvora Alma	アルヴォーラアルマ		taiken	l3c18
Azura Alma	アズラクフオファ		taiken	l3df4
Azura Alma+	ルラキフオファ		taiken	l3df5
True Azura Alma	ガルボイフオファ		taiken	l3df6
Azure Alma	ニリィフオファ		taiken	l3df7
Rubergian	ルベルジアン		taiken	l3e53
Rubergian+	ルベルジアン・改		taiken	l3e54
True Rubergian	ルベルジアン・真		taiken	l3e55
Terra Rubergian	テラルベルジアン		taiken	l3e56
Ravina Alma	ラヴィナアルマ		taiken	l3f7f
Ravina Alma+	ラヴィナアルマ・改		taiken	l3f80
True Ravina Alma	ラヴィナアルマ・真		taiken	l3f81
Final Ravina Alma	ラヴィーナアルマ		taiken	l3f82
Dua Riese	デュアリーゼ		taiken	l413f
Dua Riese+	デュアリーゼ・改		taiken	l4140
True Dua Riese	デュアリーゼ・真		taiken	l4141
Esdua Riese	エスデュアリーゼ		taiken	l4142
Chroma Alma	クロマアルマ		taiken	l42fc
Chroma Alma+	クロマアルマ・改		taiken	l42fd
True Chroma Alma	クロマアルマ・真		taiken	l42fe
Final Chroma Alma	クローマアルマ		taiken	l42ff
Poet Arma	ポエトアルマ		taiken	l438f
Poet Arma+	ポエトアルマ・改		taiken	l4390
True Poet Arma	ポエトアルマ・真		taiken	l4391
Poetry Arma	ポエトリアルマ		taiken	l4392
Wachter Axt	ヴェヒターアクスト	守護巨斧	taiken	l1062
Richter Axt	リッターアクスト	騎士巨斧	taiken	l1063
Konig Axt	ケーニヒアクスト	戰艦巨斧	taiken	l1064
Jagd Axt	ヤクトアクスト	狩獵巨斧	taiken	l1065
Yakal Axt	ヤケールアクスト	狐狼巨斧	taiken	l16b8
Draconi Axt	ドラコニアクスト	龍族巨斧	taiken	l1cc6
Tribalger	トゥライバルゲル	鬥劍	taiken	l143c
Justbalger	ジャストバルゲル	正義鬥劍	taiken	l143d
Majestbalger	マジェストバルゲル	威嚴鬥劍	taiken	l143e
Legendio	レジェンディオ	傳說	taiken	l143f
Mother Legendio	マザレジェンディオ	熾焰傳說	taiken	l1cc8
Sion	シオン	水藍寶劍	taiken	l159e
Tsion	ツィオーン	海藍寶劍	taiken	l159f
The Sea	ザーシー	晶藍寶劍	taiken	l15a0
Tals	タルス	湛藍寶劍	taiken	l15a1
Tarsus The Great	タルスザグレート	偉大湛藍寶劍	taiken	l1cc7
1B25・トロノヴァソード	トロノヴァソード	闇黑新星	taiken	l251b
1C25・トロルギッドソード	トロルギッドソード	闇黑毒棘	taiken	l251c
1D25・トロノアデランソード	トロノアデランソード	闇黑諾亞	taiken	l251d
1E25・ロリッチダーシェ	ロリッチダーシェ	冥黑毒龍	taiken	l251e
1F25・ロリッチボディール	ロリッチボディール	冥黑冬嵐	taiken	l251f
Goldwing Blade I	黄金翼ノ剣Ⅰ		taiken	l3de2
Goldwing Blade II	黄金翼ノ剣Ⅱ		taiken	l3de3
Goldwing Blade III	黄金翼ノ剣Ⅲ		taiken	l3de4
Goldwing Blade IV	黄金翼ノ剣Ⅳ		taiken	l3de5
Victory Goldwing Blade	黄金翼ノ剣【勝利】		taiken	l3de6
Prototype Fishing Rod	試作【坊主】	試作【和尚】	taiken	l0dba
Fine Fishing Rod	業物【快釣】	名劍【快釣】	taiken	l0dbb
Honed Fishing Rod	大業物【大漁】	鋒利名劍【漁獲】	taiken	l0dbc
Master Angler	太公望	太公望	taiken	l0dbd
Rain Dragon	蛟竜	蛟龍	taiken	l17c4
Great Serpent	オロチ	大蛇	taiken	l1cc1
Groza Axt	グローザアクスト	雷霆巨斧	taiken	l106a
Glome Axt	グロームアクスト	霹靂巨斧	taiken	l106b
Bria Axt	ブリアアクスト	深海巨斧	taiken	l106c
Ixra Axt	イクスラアクスト	雷神巨斧	taiken	l106d
Virche	ヴィルチェ	龍首大劍	taiken	l1444
Vircheller	ヴィルヘラー	龍首之咬	taiken	l1445
Virchedrich	ヴィルヘドリヒ	龍威	taiken	l1446
Zarathusri	ツァラトゥストリ	龍怒	taiken	l1447
Bone Slasher	ボーンスラッシャー	骨斬大劍	taiken	l159a
Bone Hitter	ボーンヒッター	骨擊大劍	taiken	l159b
Bone Slayer	ボーンスレイヤー	骨切大劍	taiken	l159c
Bone Stalker	ボーンストーカー	骨碎大劍	taiken	l159d
Hagoita	羽子板ブレイド	羽子板大劍	taiken	l0337
Charming Hagoita	羽子板ブレイド【艶】	羽子板大劍【豔】	taiken	l037f
Budding Hagoita	羽子板ブレイド【萌】	羽子板大劍【萌】	taiken	l0380
Lovely Hagoita	羽子板ブレイド【麗】	羽子板大劍【麗】	taiken	l0ef8
Elegant Battledore Blade	羽子板ブレイド【雅】	羽子板大劍【雅】	taiken	l1931
"Battledore Blade ""Crow"""	羽子板ブレイド【婉】	羽子板大劍【婉】	taiken	l25a9
"Battledore Blade ""Yoshi"""	羽子板ブレイド【淑】	羽子板大劍【淑】	taiken	l25a8
Shakalaka Sword	奇王剣【悪戯】	奇王劍【惡戲】	taiken	l04fe
Shakalaka King Sword	奇王剣【妙戯】	奇王劍【妙戲】	taiken	l04ff
Peerless Shakalaka Swrd	奇王剣【絶戯】	奇王劍【絕戲】	taiken	l0500
Godly Shakalaka Sword	奇王剣【神戯】	奇王劍【神戲】	taiken	l0501
Playful Blade	奇王剣【遊戯】	奇王劍【遊戲】	taiken	l1930
Fraud Blade	奇王剣【秘戯】	奇王劍【秘戲】	taiken	l25ab
Guile Blade	奇王剣【辿戯】		taiken	l3ea1
Cunning Blade	奇王剣【奥戯】	奇王劍【奧戲】	taiken	l25aa
Steel Heart	スティールハート	偷心大劍	taiken	l0e5f
Bind Heart	バインドハート	奪心大劍	taiken	l0e60
Hold Heart	ホールドハート	揪心大劍	taiken	l0e61
Sweet Heart	スィートハート	甜心大劍	taiken	l0e62
Dread Heart	ドレッドハート	戀心大劍	taiken	l1a8d
Dream Heart	ドリームハート	夢幻心劍	taiken	l25ad
Fear Heart	フィアハート	許戀心劍	taiken	l25ac
Blanc Sword	ブランソード	吹雪之劍	taiken	l0f8f
Blanc Blade	ブランブレイド	吹雪大劍	taiken	l0f90
Blanc Dius	ブランディウス	吹雪復仇者	taiken	l0f91
Brandish	ブランディッシュ	吹雪伏擊者	taiken	l0f92
Blanc Reine	ブランレーヌ	吹雪無垢者	taiken	l17c0
Blanc Sovan	ブランソヴァール	吹雪救世主	taiken	l1cc2
Amixial	アミクシアール	摯友大劍	taiken	l105e
Amixial+	アミクシアール・改	摯友大劍·改	taiken	l105f
Amixaldo	アミクシアルド	摯友長者	taiken	l1060
Amicus Cleave	アミクスクライブ	摯友絕壁	taiken	l1061
Amix Sever	アミクスセヴァー	摯友軍刀	taiken	l17bf
C31C・アミクスラムズ	アミクスラムズ	摯友闢地者	taiken	l1cc3
Rusty Great Sword	錆びた大剣	鏽化大劍	taiken	l1150
Jewel Blade	ジュエルブレイド	寶石大劍	taiken	l1151
Pime Blade	プライムブレイド	極上大劍	taiken	l1152
Treasure Blade	トレジャスブレイド	稀世大劍	taiken	l1153
Gorgeous Blade	ゴージャスブレイド	極致大劍	taiken	l17c3
Excellent Blade	エクセレントブレイド	→卓越ントブレイド	taiken	l2257
Prototype Chainsword	工房試作大剣	工房試作大劍	taiken	l1338
Sanctioned Chainsword	正式採用機械大鋸	正式採用機械大鋸	taiken	l1339
Improved Chainsword	改良型機械大鋸	改良型機械大鋸	taiken	l133a
Strengthened Chainsword	強化型機械大鋸	強化型機械大鋸	taiken	l133b
HardndMachineGrndSawmkII	強化型機械大鋸mkⅡ	強化型機械大鋸mkⅡ	taiken	l17c2
Hardend Machine Saw mkIII	強化型機械大鋸mkⅢ	強化型機械大鋸mkⅢ	taiken	l1e0d
Battle Claymore I	バトルクレイモアⅠ	對戰闊刃大劍Ⅰ	taiken	l1438
Battle Claymore II	バトルクレイモアⅡ	對戰闊刃大劍Ⅱ	taiken	l1439
Battle Claymore III	バトルクレイモアⅢ	對戰闊刃大劍Ⅲ	taiken	l143a
Battle Claymore IV	バトルクレイモアⅣ	對戰闊刃大劍Ⅳ	taiken	l143b
Battle Claymore V	バトルクレイモアⅤ	對戰闊刃大劍Ⅴ	taiken	l17c1
Battle Eternal	バトルエターナル	永世對戰大劍	taiken	l1bf1
Silent Decade	サイレントディケイド	寧靜十年紀	taiken	l1440
Silent Millennium	サイレントミレニアム	寧靜千年紀	taiken	l1441
Silent Eternity	サイレントエタニティ	寧靜永世紀	taiken	l1442
Catastrolator	カタストレーター	破滅	taiken	l1443
2F19・カダルヴィケイド	カダルヴィケイド	命運	taiken	l192f
Lavasioth Nobori	ヴォルノボリ大剣	熔岩鯉魚旗大劍	taiken	l16a3
Red Carp Nobori	ヴォルノボリ・ヒゴイ	熔岩鯉魚旗·緋鯉	taiken	l16a4
Black Carp Nobori	ヴォルノボリ・マゴイ	熔岩鯉魚旗·真鯉	taiken	l16a5
Passionate Nobori	爆熱剣ヴォルノボリ	爆熱劍熔岩鯉魚旗	taiken	l16a6
ExplosiveKing-Volnobori	爆熱王ヴォルノボリ	爆熱王熔岩鯉魚旗	taiken	l1bee
GodOfFever-Volnobori	爆熱神ヴォルノボリ	爆熱神熔岩鯉魚旗	taiken	l1bef
Volnobori Sword/Water	ヴォルノボリ大剣・水	熔岩鯉魚旗大劍·水	taiken	l1be9
Volnobori Fish/Water	ヴォルノボリ子鯉・水	熔岩鯉魚旗子鯉·水	taiken	l1bea
GreatSeaSword-Volnobori	大海剣ヴォルノボリ	大海劍熔岩鯉魚旗	taiken	l1beb
GreatSeaKing-Volnobori	大海王ヴォルノボリ	大海王熔岩鯉魚旗	taiken	l1bec
GreatSeaGod-Volnobori	大海神ヴォルノボリ	大海神熔岩鯉魚旗	taiken	l1bed
Reborn Queen Rinascita	復活妃リナーシタ	復活妃莉娜希塔	taiken	l16a7
Bound King Lestori	束縛王レストリ	束縛王雷斯特里	taiken	l16a8
Carnage General Distor	破壊将ディストル	破壞將軍迪斯特	taiken	l16a9
Extinction Emperor Estin	絶滅帝エスティン	絕滅帝艾斯汀	taiken	l16aa
8E1A・創生姫クレア	創生姫クレア	創生姬克蕾亞	taiken	l1a8e
2B19・ガウシカラデン	ガウシカラデン	雪鹿大劍	taiken	l192b
2C19・ガウシカベルタ	ガウシカベルタ	雪鹿美人	taiken	l192c
2D19・ガウシカアヴス	ガウシカアヴス	雪鹿愛神	taiken	l192d
2E19・ガウ・グユル	ガウ・グユル	雪鹿角劍	taiken	l192e
Gauss Lasher	ガウスラッシャー	雪鹿戰神	taiken	l25a7
A625・ガウ・カリバ	ガウ・カリバ	雪鹿獵劍	taiken	l25a6
Mechanical Saw	特別製機械大鋸	特別製機械大鋸	taiken	l1c97
Mechanical Saw+	特別製機械大鋸・改	特別製機械大鋸·改	taiken	l1c98
Imperial Mechanical Saw	特別製機械大鋸・龍式	特別製機械大鋸·龍式	taiken	l1c99
"AntiDragonChainsaw""Halt"""	対龍迎撃用大鎖鋸	對龍迎擊用大鎖鋸	taiken	l1c9a
"AntiDragonChainsaw""Slay"""	対龍白兵用大鎖鋸	對龍白兵用大鎖鋸	taiken	l1c9b
Bamboo Decoration	笹飾	竹飾	taiken	l2002
Heavenly Style Bamboo	天流ノ笹飾	天流之竹飾	taiken	l2003
Light Band Bamboo	光帯ノ笹飾	光帶之竹飾	taiken	l2004
Star Festival Bamboo	織女ノ笹飾	織女之竹飾	taiken	l2005
Meeting Stars Bamboo	星合ノ笹飾	星合之竹飾	taiken	l2578
Morning Glory Bamboo	牽牛ノ笹飾	牽牛之竹飾	taiken	l2006
Icing Killer	アイシングキーラ	思念餅劍	taiken	l2568
6A25・アイシングベルガーダ	アイシングベルガーダ	啟示餅劍	taiken	l256a
6B25・アイシングドルフーデ	アイシングドルフーデ	守護餅劍	taiken	l256b
6D25・アイシンピュアレンス	アイシンピュアレンス	熱情餅劍	taiken	l256d
9A3C・アイシンアムール	アイシンアムール		taiken	l3c9a
6C25・アイシングダラート	アイシングダラート	純情餅劍	taiken	l256c
Absolute Sword	アブスロウソード	兇惡沉劍	taiken	l2cd0
Absolute Blade	アブスロウブレイド	兇惡沉刀	taiken	l2cd1
Absolute Breaker	アブスロウブレイカー	兇惡破壞者	taiken	l2cd2
D32C・アブスロウパッキア	アブスロウパッキア	兇惡沉刃	taiken	l2cd3
Battledore Saber	羽子板セイバー	羽子板長劍	taiken	l312f
"Battledore Saber ""Water"""	羽子板セイバー【水】	羽子板長劍【水】	taiken	l3130
"Battledore Saber ""Frost"""	羽子板セイバー【冷】	羽子板長劍【冷】	taiken	l3131
"Battledore Saber ""Deep"""	羽子板セイバー【深】	羽子板長劍【深】	taiken	l3132
"Battledore Saber ""Ocean"""	羽子板セイバー【海】	羽子板長劍【海】	taiken	l3133
7F33・エヘクトルリーズ	エヘクトルリーズ	エヘクトルリーズ	taiken	l337f
"Key to Secrets ""North"""	秘伝開門の鍵【北門】	秘伝開門の鍵【北門】	taiken	l30e0
CF37・私の恐怖大剣・起	私の恐怖大剣・起		taiken	l37cf
D037・私の恐怖大剣・承	私の恐怖大剣・承		taiken	l37d0
D137・私の恐怖大剣・転	私の恐怖大剣・転		taiken	l37d1
D237・私の恐怖大剣・結	私の恐怖大剣・結		taiken	l37d2
D337・私の恐怖大剣	私の恐怖大剣		taiken	l37d3
Byo Blade	ビョーブレイド		taiken	l3702
Colored Byo Blade	ビョーブレイド【彩】		taiken	l3703
Decorated Byo Blade	ビョーブレイド【飾】		taiken	l3704
Delightful Byo Blade	ビョーブレイド【嬉】		taiken	l3705
Praised Byo Blade	ビョーブレイド【讃】		taiken	l3706
Illusion Greatsword	幻想ヲ破リシ大剣		taiken	l3a93
Regina・Uno	レギーナ・ウノ		taiken	l3c41
Regina・Dos	レギーナ・ドス		taiken	l3c42
Regina・Tres	レギーナ・トレス		taiken	l3c43
Regina・Regina	レギーナ・レギーナ		taiken	l3c44
FLaming Fuel Greatsword	炎々ト燃エ盛ル大剣		taiken	l3d39
Ex Magnetic Field Blade	磁界ヲ滅ボス大剣		taiken	l3e20
"Resolute Blade ""New"""	決意の大剣【新】		taiken	l4019
"Resolute Blade ""Lunge"""	決意の大剣【進】		taiken	l401a
"Resolute Blade ""Faith"""	決意の大剣【信】		taiken	l401b
"Resolute Blade ""Heart"""	決意の大剣【心】		taiken	l401c
"Resolute Blade ""Truth"""	決意の大剣【真】		taiken	l401d
"Resolute Blade ""Divine"""	決意の大剣【神】		taiken	l401e
"Sword Gook ""Admission"""	入刀グーク【入場】		taiken	l4049
"Sword Gook ""Greeting"""	入刀グーク【挨拶】		taiken	l404a
"Sword Gook""Introduction"""	入刀グーク【紹介】		taiken	l404b
"Sword Gook ""Cheers"""	入刀グーク【乾杯】		taiken	l404c
"Sword Gook ""Sword"""	入刀グーク【入刀】		taiken	l404d
Sword Guukwwawwa!	入刀グークグワワッ！		taiken	l404e
Sea Bream Blade	鯛剣		taiken	l41c4
"Sea Bream Blade ""Stamp"""	鯛剣【鯛印】		taiken	l41c5
"Sea Bream Blade ""Catch"""	鯛剣【大宝】		taiken	l41c6
"Sea Bream Blade ""Haul"""	鯛剣【大漁】		taiken	l41c7
"Sea Bream Blade ""Gain"""	鯛剣【太鼓判】		taiken	l41c8
Evil Eye Greatsword	邪眼大剣		taiken	l4258
Evil Eve Blade・ Otami	邪眼大剣・ォタミ		taiken	l4215
Evil Eve Blade Danesue	邪眼大剣ダネスェ		taiken	l4216
Evil Eve Blade Regakena	邪眼大剣レガケナ		taiken	l4217
Evil Eve Blade Kaiti	邪眼大剣カィティ		taiken	l4218
War God Great Sword	合戦乱神ノ大剣		taiken	l2480
Mystery God Great Sword	怪異乱神ノ大剣		taiken	l2481
Brave God Great Sword	武勇乱神ノ大剣		taiken	l2482
Power God Great Sword	怪力乱神ノ大剣		taiken	l2483
Lonely Black Sky Sword	黒天凱孤狼ノ剣		taiken	l2484
Heavenly Black Sky Sword	黒天凱天狼ノ剣		taiken	l2485
Schwitt I	シュウィットⅠ		taiken	l3a6d
Schwitt II	シュウィットⅡ		taiken	l3a6e
Schwitt III	シュウィットⅢ		taiken	l3a6f
Schwitt IV	シュウィットⅣ		taiken	l3a70
Schwitt Noah	シュウィット・ノア		taiken	l3a71
Schwitt Toi	シュウィット・トワ		taiken	l3a72
1A25・ドレーアンゲルッダ	ドレーアンゲルッダ		taiken	l251a
4F3A・ポイニークットI	ポイニークットⅠ		taiken	l3a4f
503A・ポイニークットII	ポイニークットⅡ		taiken	l3a50
513A・ポイニークットIII	ポイニークットⅢ		taiken	l3a51
523A・ポイニークットIV	ポイニークットⅣ		taiken	l3a52
533A・ポイニークット・ノア	ポイニークット・ノア		taiken	l3a53
543A・ポイニークット・トワ	ポイニークット・トワ		taiken	l3a54
Victor Sword	ヴィクタソード	勝利者大刀	taiken	l144c
Victor Edge	ヴィクタエイジ	勝利者銳劍	taiken	l144d
Victor Blade	ヴィクタブレイド	勝利者之劍	taiken	l144e
King of Kings	キングオブキングス	萬王之王	taiken	l144f
7E31・ロワドスレイフ	ロワドスレイフ	王者威嚴	taiken	l317e
Steel Rhinos I	スティールライノスⅠ	鋼鐵犀牛Ⅰ	taiken	l03c3
Steel Rhinos II	スティールライノスⅡ	鋼鐵犀牛Ⅱ	taiken	l03c4
Steel Rhinos III	スティールライノスⅢ	鋼鐵犀牛Ⅲ	taiken	l03c5
Steel Rhinos IV	スティールライノスⅣ	鋼鐵犀牛Ⅳ	taiken	l03c6
Steel Rhinos V	スティールライノスⅤ	鋼鐵犀牛Ⅴ	taiken	l1076
Sapphir Rhinos I	サフィールライノスⅠ	蒼玉犀牛Ⅰ	taiken	l0e67
Sapphir Rhinos II	サフィールライノスⅡ	蒼玉犀牛Ⅱ	taiken	l0e68
Sapphir Rhinos III	サフィールライノスⅢ	蒼玉犀牛Ⅲ	taiken	l0e69
Sapphir Rhinos IV	サフィールライノスⅣ	蒼玉犀牛Ⅳ	taiken	l0e6a
Steel Shark I	スティールシャークⅠ	鋼鐵潛鯊Ⅰ	taiken	l0502
Steel Shark II	スティールシャークⅡ	鋼鐵潛鯊Ⅱ	taiken	l0503
Steel Shark III	スティールシャークⅢ	鋼鐵潛鯊Ⅲ	taiken	l0504
Steel Shark IV	スティールシャークⅣ	鋼鐵潛鯊Ⅳ	taiken	l0505
Steel Shark V	スティールシャークⅤ	鋼鐵潛鯊Ⅴ	taiken	l1077
Two Hand Sword I	トゥーハンドソードⅠ	雙手大劍Ⅰ	taiken	l0dca
Two Hand Sword II	トゥーハンドソードⅡ	雙手大劍Ⅱ	taiken	l0dcb
Two Hand Sword III	トゥーハンドソードⅢ	雙手大劍Ⅲ	taiken	l0dcc
Caliburn	カリバーン	石中劍	taiken	l0dcd
Caliburn F	カリバーンＦ	石中劍Ｆ	taiken	l1a26
Caliburn FX	カリバーンFX	石中劍ＦＸ	taiken	l1ed8
Sapphir Shark I	サフィールシャークⅠ	蒼玉潛鯊Ⅰ	taiken	l0f93
Sapphir Shark II	サフィールシャークⅡ	蒼玉潛鯊Ⅱ	taiken	l0f94
Sapphir Shark III	サフィールシャークⅢ	蒼玉潛鯊Ⅲ	taiken	l0f95
Sapphir Shark IV	サフィールシャークⅣ	蒼玉潛鯊Ⅳ	taiken	l0f96
Rubino Rhinos I	ルビーノライノスⅠ	紅石犀牛Ⅰ	taiken	l0ef4
Rubino Rhinos II	ルビーノライノスⅡ	紅石犀牛Ⅱ	taiken	l0ef5
Rubino Rhinos III	ルビーノライノスⅢ	紅石犀牛Ⅲ	taiken	l0ef6
Rubino Rhinos IV	ルビーノライノスⅣ	紅石犀牛Ⅳ	taiken	l0ef7
Rubino Rhinos V	ルビーノライノスⅤ	紅石犀牛Ⅴ	taiken	l1189
Rubino Rhinos VI	ルビーノライノスⅥ	紅石犀牛Ⅵ	taiken	l2d9f
Rubino Rhinos VII	ルビーノライノスⅦ	紅石犀牛Ⅶ	taiken	l2da0
Rubino RhinosVIII	ルビーノライノスⅧ	紅石犀牛Ⅷ	taiken	l2da1
Rubino Shark I	ルビーノシャークⅠ	紅石潛鯊Ⅰ	taiken	l1184
Rubino Shark II	ルビーノシャークⅡ	紅石潛鯊Ⅱ	taiken	l1185
Rubino Shark III	ルビーノシャークⅢ	紅石潛鯊Ⅲ	taiken	l1186
Rubino Shark IV	ルビーノシャークⅣ	紅石潛鯊Ⅳ	taiken	l1187
Rubino Shark V	ルビーノシャークⅤ	紅石潛鯊Ⅴ	taiken	l1188
Rubino Shark VI	ルビーノシャークⅥ		taiken	l393a
Rubino Shark VII	ルビーノシャークⅦ		taiken	l393b
Rubino SharkVIII	ルビーノシャークⅧ		taiken	l393c
Ice Gladius I	アイスグラディウスⅠ	酷寒之劍Ⅰ	taiken	l1158
Ice Gladius II	アイスグラディウスⅡ	酷寒之劍Ⅱ	taiken	l1159
Ice Gladius III	アイスグラディウスⅢ	酷寒之劍Ⅲ	taiken	l115a
La Neige	アス・ネージュ	酷寒冰雪劍	taiken	l115b
Zidoria Rhinos I	シトリアライノスⅠ	黃寶犀牛Ⅰ	taiken	l1358
Zidoria Rhinos II	シトリアライノスⅡ	黃寶犀牛Ⅱ	taiken	l1359
Zidoria Rhinos III	シトリアライノスⅢ	黃寶犀牛Ⅲ	taiken	l135a
Zidoria Rhinos IV	シトリアライノスⅣ	黃寶犀牛Ⅳ	taiken	l135b
Zidoria Rhinos V	シトリアライノスⅤ	黃寶犀牛Ⅴ	taiken	l135c
Zidoria Shark I	シトリアシャークⅠ	黃寶潛鯊Ⅰ	taiken	l1464
Zidoria Shark II	シトリアシャークⅡ	黃寶潛鯊Ⅱ	taiken	l1465
Zidoria Shark III	シトリアシャークⅢ	黃寶潛鯊Ⅲ	taiken	l1466
Zidoria Shark IV	シトリアシャークⅣ	黃寶潛鯊Ⅳ	taiken	l1467
Zidoria Shark V	シトリアシャークⅤ	黃寶潛鯊Ⅴ	taiken	l1468
Amethyst Rhinos I	アメシスライノスⅠ	紫晶犀牛Ⅰ	taiken	l16b3
Amethyst Rhinos II	アメシスライノスⅡ	紫晶犀牛Ⅱ	taiken	l16b4
Amethyst Rhinos III	アメシスライノスⅢ	紫晶犀牛Ⅲ	taiken	l16b5
Amethyst Rhinos IV	アメシスライノスⅣ	紫晶犀牛Ⅳ	taiken	l16b6
Amethyst Rhinos V	アメシスライノスⅤ	紫晶犀牛Ⅴ	taiken	l16b7
Amethyst Shark I	アメシスシャークⅠ	紫晶潛鯊Ⅰ	taiken	l17b1
Amethyst Shark II	アメシスシャークⅡ	紫晶潛鯊Ⅱ	taiken	l17b2
Amethyst Shark III	アメシスシャークⅢ	紫晶潛鯊Ⅲ	taiken	l17b3
Amethyst Shark IV	アメシスシャークⅣ	紫晶潛鯊Ⅳ	taiken	l17b4
Amethyst Shark V	アメシスシャークⅤ	紫晶潛鯊Ⅴ	taiken	l17b5
A51C・レフィラナシオI	レフィラナシオⅠ	勇士雙刃Ⅰ	taiken	l1ca5
A61C・レフィラナシオII	レフィラナシオⅡ	勇士雙刃Ⅱ	taiken	l1ca6
A71C・レフィラナシオIII	レフィラナシオⅢ	勇士雙刃Ⅲ	taiken	l1ca7
Forea Giant	フォレアガント	戰士雙刃	taiken	l1ca8
A024・リーズリーソニア	リーズリーソニア	北都蘇尼劍	taiken	l24a0
A124・リーズリーラニア	リーズリーラニア	北都拉尼爾	taiken	l24a1
A224・リーズリーミリア	リーズリーミリア	北都無盡劍	taiken	l24a2
A324・リーズリーソニカル	リーズリーソニカル	北都嫉世劍	taiken	l24a3
Divine Excalibur	真聖剣エクスカリバー		taiken	l3fea
433A・ラランジャットI	ラランジャットⅠ		taiken	l3a43
443A・ラランジャットII	ラランジャットⅡ		taiken	l3a44
453A・ラランジャットIII	ラランジャットⅢ		taiken	l3a45
463A・ラランジャットIV	ラランジャットⅣ		taiken	l3a46
473A・ラランジャット・ノア	ラランジャット・ノア		taiken	l3a47
483A・ラランジャット・トワ	ラランジャット・トワ		taiken	l3a48
Findias	フェクダード	天璣星大劍	taiken	l0dd6
Fragarac	フェグラッハ	紫煌星大劍	taiken	l0dd7
Eagalltach	エグラバーソ	紫煌星長劍	taiken	l0dd8
Shooting Star	シューティングスター	流星大劍	taiken	l0dd9
Falling Star	フォーリングスター	殞落大劍	taiken	l2659
Stellar Strike	ステラストライク	煌降大劍	taiken	l265a
Blade of Juno I	ブレイドオブジュノⅠ	朱諾女神之刃Ⅰ	taiken	l0ef9
Blade of Juno II	ブレイドオブジュノⅡ	朱諾女神之刃Ⅱ	taiken	l0efa
Blade of Juno III	ブレイドオブジュノⅢ	朱諾女神之刃Ⅲ	taiken	l0efb
Stardust Blade	スターダストブレイド	星塵之刃	taiken	l0efc
Stardust Ignore	スターダストイグノア	星輝之刃	taiken	l2665
Stardust Force	スターダストフォース	外星之刃	taiken	l2666
Nephrite Blade I	ネフライトブレイドⅠ	軟玉大劍Ⅰ	taiken	l0e63
Nephrite Blade II	ネフライトブレイドⅡ	軟玉大劍Ⅱ	taiken	l0e64
Nephrite Blade III	ネフライトブレイドⅢ	軟玉大劍Ⅲ	taiken	l0e65
Basileus Principium	バシリス・プリンシセ	國王·公主	taiken	l0e66
Basileus Filia	バシリス・フィリア	黑曜光劍	taiken	l28a2
Regis Basileus	レギースバシリア	黑曜耀劍	taiken	l28a3
Allision Basileus	アリシオンバシリア	黑曜煌劍	taiken	l28a4
Chlorite Blade I	クロライツブレイドⅠ	綠泥石大劍Ⅰ	taiken	l0f9b
Chlorite Blade II	クロライツブレイドⅡ	綠泥石大劍Ⅱ	taiken	l0f9c
Chlorite Blade III	クロライツブレイドⅢ	綠泥石大劍Ⅲ	taiken	l0f9d
Seraphinite Sever	セラフィナイツ	綠龍晶大劍	taiken	l0f9e
Seraphion	セラフィユーオン	闇夜天使劍	taiken	l28b4
Cross Seraph	クロルゼーラフ	蒼輝天使劍	taiken	l28b5
Sharak Seraph	シャラクゼーラフ	銀輝天使劍	taiken	l28b6
Cinnabar Blade I	シナヴァーブレイドⅠ	硃砂大劍Ⅰ	taiken	l0f97
Cinnabar Blade II	シナヴァーブレイドⅡ	硃砂大劍Ⅱ	taiken	l0f98
Cinnabar Blade III	シナヴァーブレイドⅢ	硃砂大劍Ⅲ	taiken	l0f99
Vermillion Terror	ヴァーミリオンテラー	朱紅色大劍	taiken	l0f9a
Vermillion Soare	ヴァーミリオンソアレ	古傳朱銀劍	taiken	l28c6
Geryon Dorta	ゲリュオンドルタ	巨怪朱銀劍	taiken	l28c7
Red Hesperide	レッドヘスペリーテ	深邃朱銀劍	taiken	l28c8
Full Smash I	フルスマッシュⅠ	全力猛擊Ⅰ	taiken	l1072
Full Smash II	フルスマッシュⅡ	全力猛擊Ⅱ	taiken	l1073
Full Smash III	フルスマッシュⅢ	全力猛擊Ⅲ	taiken	l1074
Smash Daito	スマッシュ・ダイト	猛擊整頓者	taiken	l1075
Smash Back	スマッシュ・バック	爆水鳶陽劍	taiken	l28d8
D928・イェレンストライク	イェレンストライク	深淵鳶陽劍	taiken	l28d9
Mono Impact	モノインパクト	重擊鳶陽劍	taiken	l28da
Drive Vasto I	ドライブ・ヴァストⅠ	驅動巨劍Ⅰ	taiken	l106e
Drive Vasto II	ドライブ・ヴァストⅡ	驅動巨劍Ⅱ	taiken	l106f
Drive Vasto III	ドライブ・ヴァストⅢ	驅動巨劍Ⅲ	taiken	l1070
Vellfire	ヴェレルドライブ	皇家驅動巨劍	taiken	l1071
Schnitte I	シュニットⅠ	強刃Ⅰ	taiken	l1180
Schnitte II	シュニットⅡ	強刃Ⅱ	taiken	l1181
Schnitte III	シュニットⅢ	強刃Ⅲ	taiken	l1182
Great Schnitte	マハト・シュニット	強力刀刃	taiken	l1183
7D26・シュニット・ラムズ	シュニット・ラムズ	剛力刀刃	taiken	l267d
7E26・クリミナシュニット	クリミナシュニット	煉金刀刃	taiken	l267e
Nocturne I	ノクターンⅠ	夜想曲Ⅰ	taiken	l117c
Nocturne II	ノクターンⅡ	夜想曲Ⅱ	taiken	l117d
Nocturne III	ノクターンⅢ	夜想曲Ⅲ	taiken	l117e
Horrid Nocturne	ホリッド・ノクターン	驚悚夜想曲	taiken	l117f
EA28・プレル・ノクターン	プレル・ノクターン	繞樑·夜曲	taiken	l28ea
EB28・アンテル・ノクターン	アンテル・ノクターン	神話·夜曲	taiken	l28eb
EC28・ニクテル・ノクターン	ニクテル・ノクターン	夢幻·夜曲	taiken	l28ec
Vio I	ヴィオⅠ	暴戾Ⅰ	taiken	l126d
Vio II	ヴィオⅡ	暴戾Ⅱ	taiken	l126e
Vio III	ヴィオⅢ	暴戾Ⅲ	taiken	l126f
Vio Borodin	ヴィオ・ボロディン	暴戾.惑星	taiken	l1270
FC28・シエノ・ボロディン	シエノ・ボロディン	雪音·惑星	taiken	l28fc
FD28・アルシノ・ボロディン	アルシノ・ボロディン	冰鎮·惑星	taiken	l28fd
FE28・エンテールボロディン	エンテールボロディン	妖精·惑星	taiken	l28fe
Minas I	ミナスⅠ	石棺Ⅰ	taiken	l1269
Minas II	ミナスⅡ	石棺Ⅱ	taiken	l126a
Minas III	ミナスⅢ	石棺Ⅲ	taiken	l126b
Minas Gerais	ミナス・ジェライス	萬人礦山	taiken	l126c
Minas Chute	ミナス・シュート	萬人狙擊	taiken	l26de
DF26・ミナス・サスティナ	ミナス・サスティナ	萬人河山	taiken	l26df
Kista I	キスタⅠ	幽暗之棺Ⅰ	taiken	l1354
Kista II	キスタⅡ	幽暗之棺Ⅱ	taiken	l1355
Kista III	キスタⅢ	幽暗之棺Ⅲ	taiken	l1356
Kista Git	キスタ・ギット	告別之棺	taiken	l1357
E026・キスタ・ハムナプ	キスタ・ハムナプ	訣別之棺	taiken	l26e0
E126・キスタ・レッコ	キスタ・レッコ	憂沉之棺	taiken	l26e1
Dacti I	ダクティⅠ	盟友Ⅰ	taiken	l1350
Dacti II	ダクティⅡ	盟友Ⅱ	taiken	l1351
Dacti III	ダクティⅢ	盟友Ⅲ	taiken	l1352
Dacti Ligene	ダクティ・リゲネ	盟友.領導	taiken	l1353
E226・ダクティ・ラウル	ダクティ・ラウル	盟友·軍師	taiken	l26e2
E326・ダクティ・リリル	ダクティ・リリル	盟友·女皇	taiken	l26e3
Sias I	シアスⅠ	煥發Ⅰ	taiken	l1460
Sias II	シアスⅡ	煥發Ⅱ	taiken	l1461
Sias III	シアスⅢ	煥發Ⅲ	taiken	l1462
Dias Sias	ディアス・シアス	煥發.天元	taiken	l1463
E426・ダイア・シアス	ダイア・シアス	煥發·星鑽	taiken	l26e4
E526・ドッグ・シアス	ドッグ・シアス	煥發·忠犬	taiken	l26e5
Komodo Sias	コモード・シアス	煥發·迅捷	taiken	l2758
Nugus I	ヌグスⅠ	黑夜Ⅰ	taiken	l145c
Nugus II	ヌグスⅡ	黑夜Ⅱ	taiken	l145d
Nugus III	ヌグスⅢ	黑夜Ⅲ	taiken	l145e
Mugunt	ムグヌート	黑夜笙歌	taiken	l145f
Magnus	マグヌス	黑夜非凡	taiken	l26ea
EB26・モグヌモグ	モグヌモグ	黑夜善王	taiken	l26eb
5B27・モグヌモッギア	モグヌモッギア	黑夜忘卻	taiken	l275b
Vota I	ヴォータⅠ	疾速Ⅰ	taiken	l15af
Vota II	ヴォータⅡ	疾速Ⅱ	taiken	l15b0
Vota III	ヴォータⅢ	疾速Ⅲ	taiken	l15b1
Vota Zimo	ヴォタ・ツィーモ	疾速.火舌	taiken	l15b2
EC26・ヴォタ・ツィビテ	ヴォタ・ツィビテ	疾速·火鞭	taiken	l26ec
ED26・ヴォタ・ツィーク	ヴォタ・ツィーク	疾速·火鍊	taiken	l26ed
5C27・ヴォタ・ツィンディル	ヴォタ・ツィンディル	疾速·火紋	taiken	l275c
Gog I	ゴーグⅠ	絢爛Ⅰ	taiken	l15b3
Gog II	ゴーグⅡ	絢爛Ⅱ	taiken	l15b4
Gog III	ゴーグⅢ	絢爛Ⅲ	taiken	l15b5
Gog Goria	ゴーグ・ゴリア	絢爛·華麗	taiken	l15b6
8A26・ゴーグ・ゲンス	ゴーグ・ゲンス	絢爛·聖族	taiken	l268a
Balisk I	バリスクⅠ	燦爛Ⅰ	taiken	l16ab
Balisk II	バリスクⅡ	燦爛Ⅱ	taiken	l16ac
Balisk III	バリスクⅢ	燦爛Ⅲ	taiken	l16ad
Paralispada	パラリスパダ	燦爛·先驅	taiken	l16ae
Paralifatos	バラリスファトス	燦爛·曉人	taiken	l2695
Naval I	ナベイルⅠ	彩蝶Ⅰ	taiken	l16af
Naval II	ナベイルⅡ	彩蝶Ⅱ	taiken	l16b0
Naval III	ナベイルⅢ	彩蝶Ⅲ	taiken	l16b1
Nabile Ligiano	ナベイルリジャーノ	羽化彩蝶	taiken	l16b2
E626・ナベイルリューシュ	ナベイルリューシュ	昇華彩蝶	taiken	l26e6
E726・ナベイルアーツ	ナベイルアーツ	藝術彩蝶	taiken	l26e7
Arios I	アリオスⅠ	詠嘆調Ⅰ	taiken	l17aa
Arios II	アリオスⅡ	詠嘆調Ⅱ	taiken	l17ab
Arios III	アリオスⅢ	詠嘆調Ⅲ	taiken	l17ac
Iyanu Arios	イヤヌアリオス	神聖詠嘆調	taiken	l17ad
E826・イコクアリオス	イコクアリオス	高潔詠嘆調	taiken	l26e8
E926・イジェッタアリオス	イジェッタアリオス	絕對詠嘆調	taiken	l26e9
5A27・アリオスプルミア	アリオスプルミア	永讚皇家調	taiken	l275a
Spillblade I	スピルブレイドⅠ	遊樂大劍Ⅰ	taiken	l1ca1
Spillblade II	スピルブレイドⅡ	遊樂大劍Ⅱ	taiken	l1ca2
Spillblade III	スピルブレイドⅢ	遊樂大劍Ⅲ	taiken	l1ca3
A41C・スピ・エボシル	スピ・エボシル	遊樂躍動大劍	taiken	l1ca4
0E29・スピ・セリクシ	スピ・セリクシ	古代龍脈劍	taiken	l290e
0F29・スピ・エヴォリュス	スピ・エヴォリュス	增幅龍脈劍	taiken	l290f
1C1E・プラーヴァI	プラーヴァⅠ	湛藍Ⅰ	taiken	l1e1c
1D1E・プラーヴァII	プラーヴァⅡ	湛藍Ⅱ	taiken	l1e1d
1E1E・プラーヴァIII	プラーヴァⅢ	湛藍Ⅲ	taiken	l1e1e
1F1E・メチ・プラーヴァ	メチ・プラーヴァ	機甲·湛藍	taiken	l1e1f
Mirror I	ミラーⅠ	明鏡Ⅰ	taiken	l1e18
Mirror II	ミラーⅡ	明鏡Ⅱ	taiken	l1e19
Mirror III	ミラーⅢ	明鏡Ⅲ	taiken	l1e1a
Plato's Mirror	ミラー・プラトン	明鏡·止水	taiken	l1e1b
4A2C・ミラー・アリスト	ミラー・アリスト	貴族之鏡	taiken	l2c4a
4B2C・ミラー・ギリアス	ミラー・ギリアス	皇家之鏡	taiken	l2c4b
Ameth I	アメトⅠ	鍾愛Ⅰ	taiken	l1f39
Ameth II	アメトⅡ	鍾愛Ⅱ	taiken	l1f3a
Ameth III	アメトⅢ	鍾愛Ⅲ	taiken	l1f3b
Ameth Super	アト・スピオ	崇敬	taiken	l1f3c
562C・アト・ディロストル	アト・ディロストル	崇敬鼓動	taiken	l2c56
572C・アト・ベイガルド	アト・ベイガルド	崇敬刺紅	taiken	l2c57
1720・スロムI	スロムⅠ	黃金琉璃Ⅰ	taiken	l2017
1820・スロムII	スロムⅡ	黃金琉璃Ⅱ	taiken	l2018
1920・スロムIII	スロムⅢ	黃金琉璃Ⅲ	taiken	l2019
1A20・スロムIV	スロムⅣ	黃金琉璃Ⅳ	taiken	l201a
Skull Tess	スクロ・テス	深沉·顫慄	taiken	l201b
D82F・スクロ・ラルジュ	スクロ・ラルジュ	深沉·雄偉	taiken	l2fd8
Leschen I	レシェンⅠ	戰女神Ⅰ	taiken	l2250
Leschen II	レシェンⅡ	戰女神Ⅱ	taiken	l2251
Leschen III	レシェンⅢ	戰女神Ⅲ	taiken	l2252
Leschen IV	レシェンⅣ	戰女神Ⅳ	taiken	l2253
Leschen Melia	レシェ・メリア	戰女神.剛毅	taiken	l2254
Leschen Large	レシェ・ラルジュ	戰女神·雄偉	taiken	l2fde
D024・バルゼアラカット	バルゼアラカット	紅玉火石劍	taiken	l24d0
D124・バルゼネスティーダ	バルゼネスティーダ	紅玉火血劍	taiken	l24d1
D224・バルセルミドンテート	バルセルミドンテート	紅玉火鳥劍	taiken	l24d2
D324・バルセルスバロウ	バルセルスバロウ	紅玉火鳳劍	taiken	l24d3
D424・アドット・クヴィスバ	アドット・クヴィスバ	紅玉魔神劍	taiken	l24d4
5E29・アドット・クヴィダラ	アドット・クヴィダラ	紅玉火神劍	taiken	l295e
3D29・イーデントレード	イーデントレード	古代斬龍劍	taiken	l293d
3E29・イーデンスクアルト	イーデンスクアルト	增幅斬龍劍	taiken	l293e
3F29・イーデンスロペスド	イーデンスロペスド	精煉斬龍劍	taiken	l293f
Meritum I	メリトゥムⅠ	勳功Ⅰ	taiken	l2c7c
Meritum II	メリトゥムⅡ	勳功Ⅱ	taiken	l2c7d
Meritum III	メリトゥムⅢ	勳功Ⅲ	taiken	l2c7e
Meritum IV	メリトゥムⅣ	勳功Ⅳ	taiken	l2c7f
Meritum Bear	メリトゥム・ビア	勳功·武勇	taiken	l2c80
Meritum Fagan	メリトゥム・ファガン	勳功·黃龍	taiken	l2c81
432F・アートレータI	アートレータⅠ	劍鬥士Ⅰ	taiken	l2f43
442F・アートレータII	アートレータⅡ	劍鬥士Ⅱ	taiken	l2f44
452F・アートレータIII	アートレータⅢ	劍鬥士Ⅲ	taiken	l2f45
462F・アートレータIV	アートレータⅣ	劍鬥士Ⅳ	taiken	l2f46
472F・アートレータ・ビア	アートレータ・ビア	劍鬥士·雷電	taiken	l2f47
482F・アートレータ・ファガ	アートレータ・ファガ	劍鬥士·迅雷	taiken	l2f48
Jungfrau I	ユングフラウⅠ	處女座Ⅰ	taiken	l2f1f
Jungfrau II	ユングフラウⅡ	處女座Ⅱ	taiken	l2f20
Jungfrau III	ユングフラウⅢ	處女座Ⅲ	taiken	l2f21
Jungfrau IV	ユングフラウⅣ	處女座Ⅳ	taiken	l2f22
Seejungfrau	ゼーユングフラウ	海之少女	taiken	l2f23
Meerjungfrau	メーアユングフラウ	深海少女	taiken	l2f24
Sirene I	シレーヌⅠ	人魚Ⅰ	taiken	l31eb
Sirene II	シレーヌⅡ	人魚Ⅱ	taiken	l31ec
Sirene III	シレーヌⅢ	人魚Ⅲ	taiken	l31ed
Sirene IV	シレーヌⅣ	人魚Ⅳ	taiken	l31ee
Sirene Chagrineuse	シレーヌ・シャグラン	人魚·悲歌	taiken	l31ef
Sirene ?mu	シレーヌ・エーヌ	人魚·憎恨	taiken	l31f0
Big Katanya I	ビックカタニャーⅠ	ビックカタニャーⅠ	taiken	l3306
Big Katanya II	ビックカタニャーⅡ	ビックカタニャーⅡ	taiken	l3307
Big Katanya III	ビックカタニャーⅢ	ビックカタニャーⅢ	taiken	l3308
Big Katanya IV	ビックカタニャーⅣ	ビックカタニャーⅣ	taiken	l3309
0A33・ビックアタッニャー	ビックアタッニャー	ビックアタッニャー	taiken	l330a
0B33・ビックシェーニャー	ビックシェーニャー	ビックシェーニャー	taiken	l330b
Huge Katanya I	ヒュージカタニャーⅠ		taiken	l3acc
Huge Katanya II	ヒュージカタニャーⅡ		taiken	l3acd
Huge Katanya III	ヒュージカタニャーⅢ		taiken	l3ace
Huge Katanya IV	ヒュージカタニャーⅣ		taiken	l3acf
D03A・ヒュージアタッニャー	ヒュージアタッニャー		taiken	l3ad0
D13A・ヒュージシェーニャー	ヒュージシェーニャー		taiken	l3ad1
Guan Plush I	グァンぬいぐるみⅠ		taiken	l3d0f
Guan Plush II	グァンぬいぐるみⅡ		taiken	l3d10
Guan Plush III	グァンぬいぐるみⅢ		taiken	l3d11
Guan Plush IV	グァンぬいぐるみⅣ		taiken	l3d12
Guan Plush V	グァンぬいぐるみⅤ		taiken	l3d13
Guan Plush VI	グァンぬいぐるみⅥ		taiken	l3d14
Ruler Guan Plush I	極グァンぬいぐるみⅠ		taiken	l3d8d
Ruler Guan Plush II	極グァンぬいぐるみⅡ		taiken	l3d8e
Ruler Guan Plush III	極グァンぬいぐるみⅢ		taiken	l3d8f
Ruler Guan Plush IV	極グァンぬいぐるみⅣ		taiken	l3d90
Ruler Guan Plush V	極グァンぬいぐるみⅤ		taiken	l3d91
Ruler Guan Plush VI	極グァンぬいぐるみⅥ		taiken	l3d92
Prairie Desert	パラリル・デザト		taiken	l37f4
Prairie Wueste	パラリル・ヴュスト		taiken	l37f5
F637・パラリル・シャモ	パラリル・シャモ		taiken	l37f6
Prairie Erde	パラリル・エーデ		taiken	l37f7
Papara Guts	パパラ・グーツ		taiken	l37f8
Papara Fool	パパラ・フール		taiken	l37f9
Desierto Desert	デシルト・デザト		taiken	l37fa
Desierto Wueste	デシルト・ヴュスト		taiken	l37fb
FC37・デシルト・シャモ	デシルト・シャモ		taiken	l37fc
Desierto Erde	デシルト・エーデ		taiken	l37fd
Sasaru Guts	ササル・グーツ		taiken	l37fe
Sasaru Fool	ササル・フール		taiken	l37ff
Steel Current I	電流鉄骨Ⅰ		taiken	l389e
Steel Current II	電流鉄骨Ⅱ		taiken	l389f
Steel Current III	電流鉄骨Ⅲ		taiken	l38a0
Steel Current IV	電流鉄骨Ⅳ		taiken	l38a1
Steel Current V	電流鉄骨Ⅴ		taiken	l38a2
Steel Current VI	電流鉄骨Ⅵ		taiken	l38a3
All-Purpose Wood Log I	万能兵器・丸太大剣Ⅰ		taiken	l3aba
All-Purpose Wood Log II	万能兵器・丸太大剣Ⅱ		taiken	l3abb
All-Purpose Wood Log III	万能兵器・丸太大剣Ⅲ		taiken	l3abc
All-Purpose Wood Log IV	万能兵器・丸太大剣Ⅳ		taiken	l3abd
All-Purpose Wood Log V	万能兵器・丸太大剣Ⅴ		taiken	l3abe
All-Purpose Wood Log VI	万能兵器・丸太大剣Ⅵ		taiken	l3abf
Ice Sword I	アイスソードⅠ		taiken	l3ca7
Ice Sword II	アイスソードⅡ		taiken	l3ca8
Ice Sword III	アイスソードⅢ		taiken	l3ca9
Ice Sword IV	アイスソードⅣ		taiken	l3caa
Ice Sword V	アイスソードⅤ		taiken	l3cab
Ice Sword VI	アイスソードⅥ		taiken	l3cac
Old Katana	古刀		taiken	l3cb3
Demon Katana	鬼神刀		taiken	l3cbb
TumbledWheel to VictoryI	転輪する勝利の剣Ⅰ		taiken	l3ea8
TumbledWheel to VictoryII	転輪する勝利の剣Ⅱ		taiken	l3ea9
TumbledWheel to VictoryIII	転輪する勝利の剣Ⅲ		taiken	l3eaa
TumbledWheel to VictoryIV	転輪する勝利の剣Ⅳ		taiken	l3eab
TumbledWheel to VictoryV	転輪する勝利の剣Ⅴ		taiken	l3eac
TumbledWheel to VictoryVI	転輪する勝利の剣Ⅵ		taiken	l3ead
Phantasmal Greatsword I	幻想大剣Ⅰ		taiken	l3f31
Phantasmal Greatsword II	幻想大剣Ⅱ		taiken	l3f32
Phantasmal Greatsword III	幻想大剣Ⅲ		taiken	l3f33
Phantasmal Greatsword IV	幻想大剣Ⅳ		taiken	l3f34
Phantasmal Greatsword V	幻想大剣Ⅴ		taiken	l3f35
Phantasmal Greatsword VI	幻想大剣Ⅵ		taiken	l3f36
Radiant Royal Sword I	燦然と輝く王剣Ⅰ		taiken	l3f3d
Radiant Royal Sword II	燦然と輝く王剣Ⅱ		taiken	l3f3e
Radiant Royal Sword III	燦然と輝く王剣Ⅲ		taiken	l3f3f
Radiant Royal Sword IV	燦然と輝く王剣Ⅳ		taiken	l3f40
Radiant Royal Sword V	燦然と輝く王剣Ⅴ		taiken	l3f41
Radiant Royal Sword VI	燦然と輝く王剣Ⅵ		taiken	l3f42
Dragon Scale Sword I	竜鱗の剣Ⅰ		taiken	l4069
Dragon Scale Sword II	竜鱗の剣Ⅱ		taiken	l406a
Dragon Scale Sword III	竜鱗の剣Ⅲ		taiken	l406b
Dragon Scale Sword IV	竜鱗の剣Ⅳ		taiken	l406c
Dragon Scale Sword V	竜鱗の剣Ⅴ		taiken	l406d
Dragon Scale Sword VI	竜鱗の剣Ⅵ		taiken	l406e
Magi Death	マジェ・シーン		taiken	l43bf
Magi Guin	マジェ・グイン		taiken	l43c0
Magi Brakuri	マジェ・ブラクリ		taiken	l43c1
Magi Brathus	マジェ・ブラサス		taiken	l43c2
Magi Infi	マジェ・インフィ		taiken	l43c3
Magi Nagering	マジェ・ナーゲリング		taiken	l43c4
Gray True	グレイ・シーン		taiken	l4401
Gray Guin	グレイ・グイン		taiken	l4402
Gray Brakuri	グレイ・ブラクリ		taiken	l4403
Gray Brathus	グレイ・ブラサス		taiken	l4404
Gray Infinite	グレイ・インフィ		taiken	l4405
Gray Revatein	グレイ・レヴァテイン		taiken	l4406
Vulcanis	ヴォルガベル		taiken	l3598
Vulcamagnon	ヴォルガヴァーチ		taiken	l3599
Vulcatastrophe	ヴォルガンヒッツェ		taiken	l359a
Crystal Great Sword	水晶大剣	水晶大劍	taiken	l01ea
Inclusion	インクリュージョン	水晶包覆大劍	taiken	l01eb
Flawless	フローレス	無瑕水晶大劍	taiken	l01ec
Royal Flawless	ロイヤルフローレス	皇家無瑕水晶劍	taiken	l03e8
Kingdom Flawless	キングダムフローレス	王國無暇水晶劍	taiken	l2c0f
Dignity Flawless	ディグニィフローレス	優美無暇水晶劍	taiken	l2c10
Crime Flawless	クライムフローレス	罪惡無暇水晶劍	taiken	l2c11
Gallus Scimitar	ガルス＝シミター	雄雞彎刀	taiken	l0ee8
Dabor Scimitar	ダボア＝シミター	長蛇彎刀	taiken	l0ee9
Eches Scimitar	エチス＝シミター	蝕刻彎刀	taiken	l0eea
Naja Scimitar	ナジャ＝シミター	希望彎刀	taiken	l0eeb
Pika Scimitar	ピカ＝シミター	熠輝彎刀	taiken	l26f0
Raia Scimitar	ライア＝シミター	豎琴彎刀	taiken	l26f1
Mule Scimitar	ミュール＝シミター	女紅彎刀	taiken	l275f
Seram Venter	セラムヴェンター	花朵讚訟者	taiken	l0eec
Edel Seram	エーデルセラム	高貴白花劍	taiken	l0eed
Edelweiss	エーデルヴァイス	高貴白光劍	taiken	l0eee
Licht Helt	リヒトヘルト	光之英雄劍	taiken	l0eef
Licht Waltz	リヒトヴァルツ	古冰龍劍	taiken	l2856
Licht Rite	リヒトライト	古冰龍騎士劍	taiken	l2857
Licht Flake	リヒトフレイク	古冰龍斬刀劍	taiken	l2858
Eisen Venter	アイゼンヴェンター	鋼鐵讚訟者	taiken	l0ef0
Edel Eisen	エーデルアイゼン	高貴黑鐵劍	taiken	l0ef1
Edelschwartz	エーデルシュヴァルツ	高貴黑暗劍	taiken	l0ef2
Nacht Helt	ナハトヘルト	夜之英雄劍	taiken	l0ef3
Nacht Waltz	ナハトヴァルツ	古火龍劍	taiken	l2859
Nacht Rite	ナハトライト	古火龍騎士劍	taiken	l285a
Nacht Flake	ナハトフレイク	古火龍斬刀劍	taiken	l285b
Gold Cat Slowing Sword	きんねこ大剣【鈍】	金貓大劍【鈍】	taiken	l1348
Gold Cat Numbing Sword	きんねこ大剣【麻】	金貓大劍【麻】	taiken	l1349
Gold Cat Paralysis Sword	きんねこ大剣【痺】	金貓大劍【痺】	taiken	l134a
Gold Cat Binding Sword	きんねこ大剣【縛】	金貓大劍【縛】	taiken	l134b
"Gold Neko ""Bind"""	きんねこ大剣【大縛】	金貓大劍【大縛】	taiken	l2862
"Gold Neko ""Shackle"""	きんねこ大剣【強縛】	金貓大劍【強縛】	taiken	l2863
"Gold Neko ""Bound"""	きんねこ大剣【極縛】	金貓大劍【極縛】	taiken	l2864
Silver Cat Painful Sword	ぎんねこ大剣【痛】	銀貓大劍【痛】	taiken	l134c
Silver Cat Poison Sword	ぎんねこ大剣【昏】	銀貓大劍【昏】	taiken	l134d
Slvr Cat Strong Psn Swrd	ぎんねこ大剣【猛】	銀貓大劍【猛】	taiken	l134e
Slvr Cat Deep Psn Sword	ぎんねこ大剣【劇】	銀貓大劍【劇】	taiken	l134f
"Silver Neko ""Drama"""	ぎんねこ大剣【大劇】	銀貓大劍【大劇】	taiken	l2865
"Silver Neko ""Theatre"""	ぎんねこ大剣【強劇】	銀貓大劍【強劇】	taiken	l2866
"Silver Neko ""Show"""	ぎんねこ大剣【極劇】	銀貓大劍【極劇】	taiken	l2867
Snow Falx	スノウファルクス	冰雪鉤刀	taiken	l1056
Snow Falx+	スノウファルクス・改	冰雪鉤刀·改	taiken	l1057
Blizzard Shamshir	ブリザードシャーム	暴風雪鉤刀	taiken	l1058
Blizzard Feather	ブリザードフェザー	暴風雪羽鉤刀	taiken	l1059
Blizz Batic	ブリズバティーク	極地風暴劍	taiken	l2869
Blizz Acrobat	ブリズアクロバット	極地超技劍	taiken	l286a
Gran Falx	グランファルクス	大型鉤刀	taiken	l105a
Gran Falx+	グランファルクス・改	大型鉤刀·改	taiken	l105b
Giant Shamshir	ジャイアントシャーム	巨大鉤刀	taiken	l105c
Giant Feather	ジャイアントフェザー	巨大羽鉤刀	taiken	l105d
6B28・ジャイアントダンブル	ジャイアントダンブル	巨人極速劍	taiken	l286b
Gigant Batic	ギガントバティーク	極巨碎敵劍	taiken	l286c
Gigant Acrobat	ギガントアクロバット	極巨超技劍	taiken	l286d
Venomsol	ヴェノムソール	毒魔傘	taiken	l1454
Vipersol	ヴァイパーソール	毒蛇傘	taiken	l1455
Cobrasol	コブラソール	眼鏡蛇傘	taiken	l1456
Death Wish	デスウイッシュ	死亡願望	taiken	l1457
Death Adder	デスアダー	死亡毒蛇	taiken	l1ef5
Death Rain	デスレイン	歸天雨劍	taiken	l2259
Death from Above	デスフロムアバブ	死亡傘劍	taiken	l2970
Electrosol	エレクトロソール	電氣傘	taiken	l1458
Protonsol	プロトンソール	陽子傘	taiken	l1459
Plasmasol	プラスマソール	電漿傘	taiken	l145a
Sidewinder	サイドワインダー	輔助發條	taiken	l145b
Lightning Viper	ライトニングバイパー	雷光毒蛇	taiken	l1ef6
Overdrive	オーバードライブ	超驅動劍	taiken	l2258
Overpower	オーバーパワー	幻雷傘劍	taiken	l2971
921A・コルセーヌ	コルセーヌ	平和湍流	taiken	l1a92
931A・アゴルセーヌ	アゴルセーヌ	惡魔湍流	taiken	l1a93
941A・デゴルセーヌ	デゴルセーヌ	潔淨湍流	taiken	l1a94
951A・エヴィサマール	エヴィサマール	流水護衛	taiken	l1a95
F226・エヴィローディ	エヴィローディ	清流守衛	taiken	l26f2
F326・エヴィサディーヌ	エヴィサディーヌ	清泉崗衛	taiken	l26f3
Miarock	ミアローク	惡女	taiken	l1a96
Amialog	アミアローグ	硬骨惡棍	taiken	l1a97
Demialog	デミアローグ	殘缺惡棍	taiken	l1a98
Photisamar	フォティサマール	威力護衛	taiken	l1a99
F426・フォティローディ	フォティローディ	前線戰兵	taiken	l26f4
F526・フォティサディーヌ	フォティサディーヌ	衝鋒戰將	taiken	l26f5
Grome Baron	グロムバローネ	霹靂男爵	taiken	l1261
Grome Marquis	グロムマルケーゼ	霹靂子爵	taiken	l1262
Grome Duke	グロムデューク	霹靂伯爵	taiken	l1263
Grome Emperor	グロムエンペラー	霹靂侯爵	taiken	l1264
F626・グロムプレジット	グロムプレジット	霹靂公爵	taiken	l26f6
F726・グロムウェール	グロムウェール	霹靂貴族	taiken	l26f7
Porize Baron	パライズバローネ	麻痺男爵	taiken	l1265
Porize Marquis	パライズマルケーゼ	麻痺子爵	taiken	l1266
Porize Duke	パライズデューク	麻痺伯爵	taiken	l1267
Porize Emperor	パライズエンペラー	麻痺侯爵	taiken	l1268
F826・パライズプレジット	パライズプレジット	麻痺公爵	taiken	l26f8
F926・パライズウェール	パライズウェール	麻痺貴族	taiken	l26f9
Ifrit's Sword	イフリートソード	炎魔之劍	taiken	l1923
Ifrit's Saber	イフリートセイバー	炎魔軍刀	taiken	l1924
Ifrit's Blade	イフリートブレイド	炎魔大劍	taiken	l1925
Dilek Magisword Flame	魔剣ダイレク・炎	魔劍咒神·炎	taiken	l1926
Dilek Magisword Hellfire	魔剣ダイレク・劫火	魔劍咒神·劫火	taiken	l2fcc
Lightning Sword	ライトニングソード	雷魔之劍	taiken	l1927
Lightning Sabre	ライトニングセイバー	雷魔軍刀	taiken	l1928
Lightning Blade	ライトニングブレイド	雷魔大劍	taiken	l1929
Dilek Magisword Bolt	魔剣ダイレク・雷	魔劍咒神·雷	taiken	l192a
Dilek Magisword Storm	魔剣ダイレク・万雷	魔劍咒神·萬雷	taiken	l2fcd
0E1E・ラスターカイル	ラスターカイル	光明之劍	taiken	l1e0e
0F1E・ラスターレイジ	ラスターレイジ	光明之怒	taiken	l1e0f
101E・ラスターブレイク	ラスターブレイク	光明破滅	taiken	l1e10
111E・ラスタースラスト	ラスタースラスト	光明助力	taiken	l1e11
121E・ラスターヴァイス	ラスターヴァイス	光明標的	taiken	l1e12
EE26・ラスタータスキム	ラスタータスキム	光明統領	taiken	l26ee
5D27・ラスタートローネ	ラスタートローネ	光明頂耀	taiken	l275d
Stern Sword	シュテルンソード	凜然之劍	taiken	l1e13
Stern Saber	シュテルンセイバー	凜然軍刀	taiken	l1e14
Stern Blade	シュテルンブレイド	凜然大劍	taiken	l1e15
161E・シュテルンリヒト	シュテルンリヒト	凜然指引	taiken	l1e16
Stern Star	シュテルンスター	凜然星辰	taiken	l1e17
EF26・シュテルンバスタ	シュテルンバスタ	凜然引軍	taiken	l26ef
5E27・シュテルンゲッタ	シュテルンゲッタ	凜然天示	taiken	l275e
FireDrgnSwrd	炎龍剣	炎龍劍	taiken	l1ba0
"FireDrgnSwrd""Oni"""	炎龍剣【鬼】	炎龍劍【鬼】	taiken	l1ba1
"FireDrgnSwrd""Onibu"""	炎龍剣【鬼武】	炎龍劍【鬼武】	taiken	l1ba2
"FireDrgnSwrd""Onimusha"""	炎龍剣【鬼武者】	炎龍劍【鬼武者】	taiken	l1ba3
"FireDrgnSwrd""Onitake"""	炎龍剣【真鬼武者】	炎龍劍【真鬼武者】	taiken	l1ba4
"FireDrgnSwrd""Awakening"""	炎龍剣【覚醒】	炎龍劍【覺醒】	taiken	l26ae
PoisonDrgnSwrd	毒龍剣	毒龍劍	taiken	l1ba5
"PoisonDrgnSwrd""Oni"""	毒龍剣【鬼】	毒龍劍【鬼】	taiken	l1ba6
"PoisonDrgnSwrd""Onibu"""	毒龍剣【鬼武】	毒龍劍【鬼武】	taiken	l1ba7
"PoisonDrgnSwrd""Onimusha"""	毒龍剣【鬼武者】	毒龍劍【鬼武者】	taiken	l1ba8
"PoisonDrgnSwrd""Onitake"""	毒龍剣【真鬼武者】	毒龍劍【真鬼武者】	taiken	l1ba9
"PoisnDrgnSwrd""Awakening"""	毒龍剣【覚醒】	毒龍劍【覺醒】	taiken	l26af
Sword of Prom. Victory I	約束された勝利の剣Ⅰ	絕對勝利之劍Ⅰ	taiken	l201d
Sword of Prom. Victory II	約束された勝利の剣Ⅱ	絕對勝利之劍Ⅱ	taiken	l201e
Sword of Prom. Victory III	約束された勝利の剣Ⅲ	絕對勝利之劍Ⅲ	taiken	l201f
Sword of Prom. Victory IV	約束された勝利の剣Ⅳ	絕對勝利之劍Ⅳ	taiken	l2020
Sword of Prom. Victory V	約束された勝利の剣Ⅴ	絕對勝利之劍Ⅴ	taiken	l2021
Sword of Prom. Victory VI	約束された勝利の剣Ⅵ	絕對勝利之劍Ⅵ	taiken	l27a4
Sword of Prom. Victory VII	約束された勝利の剣Ⅶ		taiken	l3eae
Genome Slasher	ゲノムスラッシャー	基因切斷	taiken	l24e4
Genome Storm	ゲノムブロワー	基因風暴	taiken	l24e5
Genome Wind	ゲノムクラッパー	基因風鳴	taiken	l24e6
Genome Energy	ゲノムデュランバー	基因能量	taiken	l24e7
Ultimate Biochemestry	バイオンネンシス	終極生化	taiken	l24e8
Genesis Biochemistry	バイオンヴァイル	創命生化	taiken	l278c
Proteus Brant	プロテオブラント	百變燃焰	taiken	l24e9
Proteus Striker	プロテオストライカー	百變火輪	taiken	l24ea
Proteus Impact	プロテオインパクト	百變衝擊	taiken	l24eb
Proteus Flames	プロテオスウォーマー	百變烈焰	taiken	l24ec
Biotechnology	バイオインティノア	最終生化	taiken	l24ed
Biostatistics	バイオインテオクス	神造生化	taiken	l278d
Sierra Sword	シエラ・ソード	銅鋸之劍	taiken	l2c62
Sierra Blade	シエラ・ブレイド	銅鋸之刃	taiken	l2c63
Sierra Buster	シエラ・バスター	銅鋸破壞者	taiken	l2c65
Sierra Claymore	シエラ・クレイモア	銅鋸大劍	taiken	l2c66
Sierra Soldier	プエルラ・ハンダー	葛根·主宰者	taiken	l2c67
682C・プエルラ・ディエイラ	プエルラ・ディエイラ	葛根·利斬	taiken	l2c68
Sega Sword	セーガ・ソード	金鋸之劍	taiken	l2c69
Sega Blade	セーガ・ブレイド	金鋸之刃	taiken	l2c6a
Sega Buster	セーガ・バスター	金鋸破壞者	taiken	l2c6c
Sega Claymore	セーガ・クレイモア	金鋸大劍	taiken	l2c6d
Sega Master	セリエル・ハンダー	續·主宰者	taiken	l2c6e
6F2C・セリエル・ディエイラ	セリエル・ディエイラ	續·利斬	taiken	l2c6f
3A32・ムニミィデュエル	ムニミィデュエル	記憶決鬥	taiken	l323a
3B32・ノスタルギニア	ノスタルギニア	追憶	taiken	l323b
3C32・ファタリテート	ファタリテート	命註	taiken	l323c
0B20・イェル・ライゴ	イェル・ライゴ	聲援.暮光	taiken	l200b
0C20・イェル・エゴル	イェル・エゴル	聲援.創世	taiken	l200c
0D20・イェル・タグラ	イェル・タグラ	聲援.巨劍	taiken	l200d
0E20・スプレィ・グラム	スプレィ・グラム	飛躍.怒刃	taiken	l200e
0F20・スプレィ・ジーフ	スプレィ・ジーフ	飛躍.皋月	taiken	l200f
C933・ラドゥ・ロクス	ラドゥ・ロクス	ラドゥ·ロクス	taiken	l33c9
CA33・ラドゥ・ランヴォ	ラドゥ・ランヴォ	ラドゥ·ランヴォ	taiken	l33ca
Final Judgment	ラオウトディーア	潰敗末日	taiken	l2bec
Waste's End	ブアルディーア	荒地末日	taiken	l2bed
DemonKingJudgment	アシエスディーア	末日魔王	taiken	l2bee
Judgment Warrior	キュイヴァルディーア	末日戰士	taiken	l2bef
Judgment Lord	アルジディーア	末日之主	taiken	l2bf0
F12B・オルゴルドグラウム	オルゴルドグラウム	石蓮音樂盒	taiken	l2bf1
Stone Lotus Sword	ブラディヌグラウム	石蓮大劍	taiken	l2bf2
F32B・ルペルスディーア	ルペルスディーア	岩地末日	taiken	l2bf3
F42B・フェッツディーア	フェッツディーア	費茲末日	taiken	l2bf4
F52B・カリブロディーア	カリブロディーア	花椰末日	taiken	l2bf5
F62B・クプリィアディーア	クプリィアディーア	重斬末日	taiken	l2bf6
F72B・ルディルスディーア	ルディルスディーア	無情末日	taiken	l2bf7
F82B・アウルグラウム	アウルグラウム	石蓮貓頭鷹	taiken	l2bf8
Stone Lotus Tears	ライプティアグラウム	石蓮之淚	taiken	l2bf9
Mammoth Slash	マンモススラッシュ	猛瑪象斬擊	taiken	l1340
Mammoth Slayer	マンモススレイヤー	猛瑪象屠殺者	taiken	l1341
Mammoth Rosser	マンモススロサー	猛瑪象終結者	taiken	l1342
Mammoth Bane	マンモスベイン	猛瑪象滅絕者	taiken	l1343
Mammoth Ruin	マンモスルイン	猛瑪象毀滅者	taiken	l1ef7
Mammoth Frost	マンモスロスト		taiken	l3e84
Mammoth Hail	マンモスヘイル		taiken	l3e85
Furious Slash	フュリアススラッシュ	狂暴斬擊	taiken	l1344
Furious Slayer	フュリアススレイヤー	狂暴屠殺者	taiken	l1345
Furious Rosser	フュリアススロサー	狂暴終結者	taiken	l1346
Furious Bane	フュリアスベイン	狂暴滅絕者	taiken	l1347
Furias Ruin	フュリアスルイン	狂暴毀滅者	taiken	l1ef8
Furious Frost	フュリアスロスト		taiken	l3e86
Furious Hail	フュリアスヘイル		taiken	l3e87
Emperor Ice Blade	皇氷大剣		taiken	l39d4
Emperor Ice Blade+	皇氷大剣・改		taiken	l39d5
Ice Dance Emperor Blade	皇氷大剣【氷舞】		taiken	l39d6
Ice Attack Emperor Blade	皇氷大剣【氷襲】		taiken	l39d7
Ice Age Empereor Blade	皇氷大剣【氷河期】		taiken	l39d8
Emperor Ice King Blade	王皇氷大剣		taiken	l39d9
Emperor Ice King Blade+	王皇氷大剣・改		taiken	l39da
ExEmperor Ice King Blade	王皇氷大剣・絶		taiken	l3c05
Dark Ice Blade	冥氷大剣・改		taiken	l39dc
Dark Ice Blade+	冥氷大剣【暴慢】		taiken	l39dd
Dark Arrogance Ice Blade	冥氷大剣【暴悪】		taiken	l39de
Dark Violence Ice Blade	冥氷大剣【暴虐】		taiken	l39df
Dark Ice King Blade	王冥氷大剣		taiken	l39e0
Dark Ice King Blade+	王冥氷大剣・改		taiken	l39e1
Ex Dark Ice King Blade	王冥氷大剣・絶		taiken	l3c06
Sacred Dark Blackflame I	黒焔宿ス暗聖ノ剣Ⅰ		taiken	l3db1
Sacred Dark Blackflame II	黒焔宿ス暗聖ノ剣Ⅱ		taiken	l3db2
Sacred Dark Blackflame III	黒焔宿ス暗聖ノ剣Ⅲ		taiken	l3db3
Sacred Dark Blackflame IV	黒焔宿ス暗聖ノ剣Ⅳ		taiken	l3db4
Sacred Dark Blackflame V	黒焔宿ス暗聖ノ剣Ⅴ		taiken	l3db5
Sacred Dark Blackflame VI	黒焔宿ス暗聖ノ剣Ⅵ		taiken	l3db6
Sacred Dark Blackflame VII	黒焔宿ス暗聖ノ剣Ⅶ		taiken	l3db7
Stauro Sword	スタウロスソード	創始大劍	taiken	l23f7
Stauro Edge	スタウロスエッジ	演化大劍	taiken	l23f8
Stauro Razor	スタウロスレイザー	昇華大劍	taiken	l23f9
Stauro Dancer	スタウロスダンサー	飛翔大劍	taiken	l23fa
Stauro Star	スタウロスサースター	水魔大劍	taiken	l23fb
FC23・クアドラングギブル	クアドラングギブル	水將大劍	taiken	l23fc
Rondu Sword	ロンドゥソード	起始大劍	taiken	l23fd
Rondu Edge	ロンドゥエッジ	進化大劍	taiken	l23fe
Rondu Razor	ロンドゥレイザー	精粹大劍	taiken	l23ff
Rondu Dancer	ロンドゥダンサー	飛舞大劍	taiken	l2400
Rondu Star	ロンドゥサースター	火魔大劍	taiken	l2401
Adonis Lapiz	アドニスラピス	湖光幽影	taiken	l2415
Adonis Neela	アドニスニーラ	神秘幽影	taiken	l2416
Adonis Mana	アドニスマーナ	飛掠幽影	taiken	l2417
Adonis Azrac	アドニスアズラク	蝕咬幽影	taiken	l2418
Adonis Vallari	アドニスバジャリ	戒護幽影	taiken	l2419
Istalion	イシュタリオン	寂滅	taiken	l241a
1B24・メルガイデソルフ	メルガイデソルフ	神風古劍	taiken	l241b
1C24・メルガイデラール	メルガイデラール	風化古劍	taiken	l241c
1D24・メルガイデアドム	メルガイデアドム	狂熱古劍	taiken	l241d
1E24・メルガイデメラハ	メルガイデメラハ	堅實古劍	taiken	l241e
1F24・メルガイデエリュテ	メルガイデエリュテ	致命古劍	taiken	l241f
3A34・ラテアサルト	ラテアサルト	ラテアサルト	taiken	l343a
3B34・ラテブレイク	ラテブレイク	ラテブレイク	taiken	l343b
3C34・ラテヴィクトリー	ラテヴィクトリー	ラテヴィクトリー	taiken	l343c
3D34・レ・ミリタリス	レ・ミリタリス	レ·ミリタリス	taiken	l343d
3E34・レ・カタプシス	レ・カタプシス	レ·カタプシス	taiken	l343e
3F34・エトトラ	エトトラ	エトトラ	taiken	l343f
Princess' Blade	ナナブレイド【炎妃】	炎妃之刃【炎妃】	taiken	l047d
Duchess' Blade	ナナブレイド【公妃】	炎妃之刃【公妃】	taiken	l047e
Queen's Blade	ナナブレイド【王妃】	炎妃之刃【王妃】	taiken	l047f
Empress' Blade	ナナブレイド【皇妃】	炎妃之刃【皇妃】	taiken	l0480
Princess Luna Blade	ナナブレイド【神妃】	炎妃之刃【神妃】	taiken	l04bb
"Empress Blade ""Heaven"""	ナナブレイド【天妃】	炎妃之刃【天妃】	taiken	l1ccd
Empress Skyblade	ナナブレイド【天后】	炎妃之刃【天后】	taiken	l2dc2
Empress Firmablade	ナナブレイド【界后】	炎妃之刃【界后】	taiken	l2dc3
Empress Heavenblade	ナナブレイド【女帝】	炎妃之刃【女帝】	taiken	l2dc4
Black Claymore I	クレイモアⅠ【黒】	西式大劍Ⅰ【黑】	taiken	l0dc2
Black Claymore II	クレイモアⅡ【黒】	西式大劍Ⅱ【黑】	taiken	l0dc3
Black Claymore III	クレイモアⅢ【黒】	西式大劍Ⅲ【黑】	taiken	l0dc4
Dainsleip	ダインスレイブ	矮人遺產魔劍	taiken	l0dc5
Dainsleip F	ダインスレイブＦ	矮人遺產魔劍Ｆ	taiken	l1cce
Blue Claymore I	クレイモアⅠ【蒼】	西式大劍Ⅰ【蒼】	taiken	l0dce
Blue Claymore II	クレイモアⅡ【蒼】	西式大劍Ⅱ【蒼】	taiken	l0dcf
Blue Claymore III	クレイモアⅢ【蒼】	西式大劍Ⅲ【蒼】	taiken	l0dd0
Balmung	バルムンク	勝利魔劍	taiken	l0dd1
Prime Gladius I	プリムグラディウスⅠ	堅定之劍Ⅰ	taiken	l1168
Prime Gladius II	プリムグラディウスⅡ	堅定之劍Ⅱ	taiken	l1169
Prime Gladius III	プリムグラディウスⅢ	堅定之劍Ⅲ	taiken	l116a
Fallen Ideals	イデアル・フェール	理想·重擊	taiken	l116b
Snowstorm-I	スノーストームⅠ	冰風暴Ⅰ	taiken	l1cb1
Snowstorm-II	スノーストームⅡ	冰風暴Ⅱ	taiken	l1cb2
Snowstorm-III	スノーストームⅢ	冰風暴Ⅲ	taiken	l1cb3
Hailstorm	ヘイルストーム	冰雹風暴	taiken	l1cb4
Fighter Zora	ファイタルゾーラ	騎甲兵大劍	taiken	l2498
Fighter Zoi	ファイタルゾーイ	騎甲兵衝鋒劍	taiken	l2499
9A24・ファイタルゾマデス	ファイタルゾマデス	騎甲兵壓陣劍	taiken	l249a
9B24・ファイタルゾラガス	ファイタルゾラガス	騎甲兵毒城劍	taiken	l249b
3D3A・アマレロットI	アマレロットⅠ		taiken	l3a3d
3E3A・アマレロットII	アマレロットⅡ		taiken	l3a3e
3F3A・アマレロットIII	アマレロットⅢ		taiken	l3a3f
403A・アマレロットIV	アマレロットⅣ		taiken	l3a40
413A・アマレロット・ノア	アマレロット・ノア		taiken	l3a41
423A・アマレロット・トワ	アマレロット・トワ		taiken	l3a42
Aim Gladius I	エイムグラディウスⅠ	狙殺之劍Ⅰ	taiken	l116c
Aim Gladius II	エイムグラディウスⅡ	狙殺之劍Ⅱ	taiken	l116d
Aim Gladius III	エイムグラディウスⅢ	狙殺之劍Ⅲ	taiken	l116e
Grateful Weaver	サンク・ウィーヴ	深邃編織者	taiken	l116f
White Claymore I	クレイモアⅠ【白】	西式大劍Ⅰ【白】	taiken	l0dbe
White Claymore II	クレイモアⅡ【白】	西式大劍Ⅱ【白】	taiken	l0dbf
White Claymore III	クレイモアⅢ【白】	西式大劍Ⅲ【白】	taiken	l0dc0
Save the Queen	セイヴザクイーン	天佑女皇	taiken	l0dc1
Save The Queen F	セイヴザクイーンＦ	天佑女皇Ｆ	taiken	l1c85
Demon Buster-I	デモンズバスターⅠ	除魔者Ⅰ	taiken	l1cb5
Demon Buster-II	デモンズバスターⅡ	除魔者Ⅱ	taiken	l1cb6
Demon Buster-III	デモンズバスターⅢ	除魔者Ⅲ	taiken	l1cb7
Demon Slayer	デモンズスレイヤー	屠魔者	taiken	l1cb8
8A24・巫山穿姫ノ大剣	巫山穿姫ノ大剣	巫山穿姬之大劍	taiken	l248a
8B24・巫山夢幻之大剣	巫山夢幻之大剣	巫山夢幻之大劍	taiken	l248b
Zwart Scimitar I	ズワルットⅠ		taiken	l3a49
Zwart Scimitar II	ズワルットⅡ		taiken	l3a4a
Zwart Scimitar III	ズワルットⅢ		taiken	l3a4b
Zwart Scimitar IV	ズワルットⅣ		taiken	l3a4c
Zwart Scimitar Noah	ズワルット・ノア		taiken	l3a4d
Zwart Scimitar Toi	ズワルット・トワ		taiken	l3a4e
VK-IS-I	ＶＫ－ＩＳ－Ⅰ	ＶＫ－ＩＳ－Ⅰ	taiken	l0377
VK-IS-II	ＶＫ－ＩＳ－Ⅱ	ＶＫ－ＩＳ－Ⅱ	taiken	l0378
VK-IS-III	ＶＫ－ＩＳ－Ⅲ	ＶＫ－ＩＳ－Ⅲ	taiken	l0379
VK-IS-IV	ＶＫ－ＩＳ－Ⅳ	ＶＫ－ＩＳ－Ⅳ	taiken	l0481
Red Claymore I	クレイモアⅠ【紅】	西式大劍Ⅰ【紅】	taiken	l0dc6
Red Claymore II	クレイモアⅡ【紅】	西式大劍Ⅱ【紅】	taiken	l0dc7
Red Claymore III	クレイモアⅢ【紅】	西式大劍Ⅲ【紅】	taiken	l0dc8
Arondight	アロンダイト	聖騎士大劍	taiken	l0dc9
Engraved Xanthos I	エンブレイドⅠ【黄】	ＥＢ之刃Ⅰ【黃】	taiken	l0dd2
Engraved Xanthos II	エンブレイドⅡ【黄】	ＥＢ之刃Ⅱ【黃】	taiken	l0dd3
Engraved Xanthos III	エンブレイドⅢ【黄】	ＥＢ之刃Ⅲ【黃】	taiken	l0dd4
Endbreaker	エンドブレイカー	ＥＢ分裂者	taiken	l0dd5
Endbreaker F	エンドブレイカーＦ	ＥＢ分裂者Ｆ	taiken	l1ccc
Void Ring	ヴォイドリング	虛空之環	taiken	l2026
Void Helix	ヴォイドヘリックス	ヴォイドヘリックス	taiken	l32a2
Light Gladius I	ライトグラディウスⅠ	光明之劍Ⅰ	taiken	l115c
Light Gladius II	ライトグラディウスⅡ	光明之劍Ⅱ	taiken	l115d
Light Gladius III	ライトグラディウスⅢ	光明之劍Ⅲ	taiken	l115e
Fall Claire	フォール・クレール	墮落之光	taiken	l115f
Fallen Dusk	フォール・ダスク	墮落黃昏	taiken	l2025
Fallen Hollow	フォール・ニヒツ		taiken	l3932
Fire Thorn	ファイア・ソーン	火炎荊棘	taiken	l1170
Flame Thorn	フレイム・ソーン	烈火荊棘	taiken	l1171
Blaze Thorn	ブレイズ・ソーン	烈焰荊棘	taiken	l1172
Flare Thorn	フレア・ソーン	燃燒荊棘	taiken	l1173
Ice Thorn	アイス・ソーン	冰雪荊棘	taiken	l1174
Icicle Thorn	アイシクル・ソーン	冰河荊棘	taiken	l1175
Frost Thorn	フロスト・ソーン	冰霜荊棘	taiken	l1176
Freeze Thorn	フリーズ・ソーン	冰凍荊棘	taiken	l1177
Spark Thorn	スパーク・ソーン	閃雷荊棘	taiken	l1178
Plasma Thorn	プラズマ・ソーン	電光荊棘	taiken	l1179
Thunder Thorn	サンダー・ソーン	閃電荊棘	taiken	l117a
Lightning Thorn	ライトニング・ソーン	雷光荊棘	taiken	l117b
Heat Gladius I	ヒートグラディウスⅠ	熱血之劍Ⅰ	taiken	l1164
Heat Gladius II	ヒートグラディウスⅡ	熱血之劍Ⅱ	taiken	l1165
Heat Gladius III	ヒートグラディウスⅢ	熱血之劍Ⅲ	taiken	l1166
Merv Mirage	メルヴェ・ミラージ	深紅海市蜃樓	taiken	l1167
Invisible Licker	インビシブルリッカー	無影研磨者	taiken	l1154
Invisible Devourer	インビシブルイーター	無影侵蝕者	taiken	l1155
Invisible Raider	インビシブルレイダー	無影奇襲者	taiken	l1156
Invisible Assasin	インビシブルアサシン	無影暗殺者	taiken	l1157
Phantom Assassin	ファントムアサシン	幻影暗殺者	taiken	l1f38
Morte Assassin	モルテアサシン		taiken	l37c9
Pain Gladius I	ペイングラディウスⅠ	苦痛之劍Ⅰ	taiken	l1160
Pain Gladius II	ペイングラディウスⅡ	苦痛之劍Ⅱ	taiken	l1161
Pain Gladius III	ペイングラディウスⅢ	苦痛之劍Ⅲ	taiken	l1162
Slay Ruler	スタヴルール	絕望幻影	taiken	l1163
5A22・スタヴィルダ	スタヴィルダ	愴天虛境	taiken	l225a
Garde Sword	ガルデソード	前衛大劍	taiken	l15a3
Garde Buster	ガルデバスター	前衛破壞者	taiken	l15a4
Garde Schneider	ガルデシュナイダー	前衛斬擊者	taiken	l15a5
Cardona	カルドナ	樞機	taiken	l15a6
Cardorist	カルドリスト	樞機大劍	taiken	l2022
Agita Sword	アギタソード	龍顎大劍	taiken	l15a7
Agita Buster	アギタバスター	龍顎破壞者	taiken	l15a8
Agita Schneider	アギタシュナイダー	龍顎斬擊者	taiken	l15a9
Augurite	アグライト	白雲母	taiken	l15aa
Digs Sword	ディグスソード	寒冰大劍	taiken	l15ab
Digs Buster	ディグスバスター	寒冰破壞者	taiken	l15ac
Digs Schneider	ディグスシュナイダー	寒冰斬擊者	taiken	l15ad
Digrecia	ディグレシア	冷冽	taiken	l15ae
BD1C・テルマエ・オリゴ	テルマエ・オリゴ	稀少·浴場	taiken	l1cbd
BE1C・テルマエ・エヴォル	テルマエ・エヴォル	進化·浴場	taiken	l1cbe
BF1C・テルマエ・ジャポネ	テルマエ・ジャポネ	日本·浴場	taiken	l1cbf
C01C・テルマエ・ロマエ	テルマエ・ロマエ	羅馬·浴場	taiken	l1cc0
Thermae Romae II	テルマエ・ロマエⅡ	羅馬·浴場Ⅱ	taiken	l2de9
Thermae Romae G	テルマエ・ロマエＧ	羅馬·浴場G	taiken	l2dea
Cloud Buster-I	クラウドバスターⅠ	破雲大劍Ⅰ	taiken	l1ca9
Cloud Buster-II	クラウドバスターⅡ	破雲大劍Ⅱ	taiken	l1caa
Cloud Buster-III	クラウドバスターⅢ	破雲大劍Ⅲ	taiken	l1cab
Ethereal Blade	エセリアルブレイド	空破靈大劍	taiken	l1cac
Fire Blade I	ファイアリブレイドⅠ	猛火大劍Ⅰ	taiken	l1cad
Fire Blade II	ファイアリブレイドⅡ	猛火大劍Ⅱ	taiken	l1cae
Fire Blade III	ファイアリブレイドⅢ	猛火大劍Ⅲ	taiken	l1caf
Magma Blade	マグマブレイド	岩烈漿大劍	taiken	l1cb0
Dragoon Sword-I	ドラグーンソードⅠ	龍騎兵大劍Ⅰ	taiken	l1cb9
Dragoon Sword-II	ドラグーンソードⅡ	龍騎兵大劍Ⅱ	taiken	l1cba
Dragoon Sword-III	ドラグーンソードⅢ	龍騎兵大劍Ⅲ	taiken	l1cbb
Dragoon Fang	ドラグーンファング	龍騎兵之牙	taiken	l1cbc
Dragoon Dive	ドラグーンダイブ	龍擊墜大劍	taiken	l1d12
201E・カリギューリ	カリギューリ	食中劍	taiken	l1e20
Charismatic	カリズマティック	玩者之劍	taiken	l1e21
221E・カーリアン	カーリアン	斷鋼腎劍	taiken	l1e22
Holy Sword Cariball	聖剣カリボール	聖劍假蛋	taiken	l1e23
G-TUNE Sword	Ｇ－ＴＵＮＥソード	Ｇ－ＴＵＮＥ大劍	taiken	l2476
G-TUNE Edge	Ｇ－ＴＵＮＥエッジ	Ｇ－ＴＵＮＥ之刃	taiken	l2477
G-TUNE Buster	Ｇ－ＴＵＮＥバスター	Ｇ－ＴＵＮＥ破壞者	taiken	l2478
G-TUNE Saber	Ｇ－ＴＵＮＥセイバー	Ｇ－ＴＵＮＥ騎兵	taiken	l2479
Aurora G-TUNE Blade	極光剣Ｇ－ＴＵＮＥ	極光劍Ｇ－ＴＵＮＥ	taiken	l247a
True Aurora Sword G-TUNE	真極光剣Ｇ－ＴＵＮＥ	真極光劍Ｇ－ＴＵＮＥ	taiken	l2fca
Ex Aurora G-TUNE Blade	絶極光剣Ｇ－ＴＵＮＥ		taiken	l3c9c
G Radius I	ＧラディウスⅠ	Ｇ大劍Ⅰ	taiken	l247b
G Radius II	ＧラディウスⅡ	Ｇ大劍Ⅱ	taiken	l247c
G Radius III	ＧラディウスⅢ	Ｇ大劍Ⅲ	taiken	l247d
G Radius IV	ＧラディウスⅣ	Ｇ大劍Ⅳ	taiken	l247e
Aurora G-TUNE Radius	極光剣Ｇラディウス	極光劍Ｇ大劍	taiken	l247f
True Light Sword G Glow	真極光剣Ｇラディウス	真極光劍Ｇ大劍	taiken	l3176
Ex Aurora G-TUNE Radius	絶極光剣Ｇラディウス		taiken	l3e83
Paxie Loam	パキシーローム	大地捍衛者	taiken	l2494
Paxie Roll	パキシーロール	荒遠捍衛者	taiken	l2495
Paxie Rose	パキシーローズ	荊棘捍衛者	taiken	l2496
Paxia Loria	パキシーローリア	光輝捍衛者	taiken	l2497
9C24・エメラームヴァング	エメラームヴァング	綠原捍衛者	taiken	l249c
9D24・エメラームヴァンゼ	エメラームヴァンゼ	修道奇兵劍	taiken	l249d
9E24・エメラームヴァスラ	エメラームヴァスラ	修道奇軍劍	taiken	l249e
9F24・エメラームヴァミラ	エメラームヴァミラ	修道奇境劍	taiken	l249f
8C24・撃刃紅我ノ大剣	撃刃紅我ノ大剣	擊刃紅我之大劍	taiken	l248c
8D24・激堵紅我ノ大剣	激堵紅我ノ大剣	激堵紅我之大劍	taiken	l248d
8E24・隙剰紅我ノ大剣	隙剰紅我ノ大剣	隙剩紅我之大劍	taiken	l248e
8F24・火檄紅我ノ大剣	火檄紅我ノ大剣	火檄紅我之大劍	taiken	l248f
Beastlord I	百獣の剣王Ⅰ		taiken	l3ca1
Beastlord II	百獣の剣王Ⅱ		taiken	l3ca2
Beastlord III	百獣の剣王Ⅲ		taiken	l3ca3
Beast Lord IV	百獣の剣王Ⅳ		taiken	l3ca4
Beast Lord V	百獣の剣王Ⅴ		taiken	l3ca5
Beastlord VI	百獣の剣王Ⅵ		taiken	l3ca6
673A・アルブスットI	アルブスットⅠ		taiken	l3a67
683A・アルブスットII	アルブスットⅡ		taiken	l3a68
693A・アルブスットIII	アルブスットⅢ		taiken	l3a69
6A3A・アルブスットIV	アルブスットⅣ		taiken	l3a6a
6B3A・アルブスット・ノア	アルブスット・ノア		taiken	l3a6b
6C3A・アルブスット・トワ	アルブスット・トワ		taiken	l3a6c
Schnitt I	シーニットⅠ		taiken	l3a5b
Schnitt II	シーニットⅡ		taiken	l3a5c
Schnitt III	シーニットⅢ		taiken	l3a5d
Schnitt IV	シーニットⅣ		taiken	l3a5e
Schnitt Noah	シーニット・ノア		taiken	l3a5f
Schnitt Toi	シーニット・トワ		taiken	l3a60
553A・ルーフスットI	ルーフスットⅠ		taiken	l3a55
563A・ルーフスットII	ルーフスットⅡ		taiken	l3a56
573A・ルーフスットIII	ルーフスットⅢ		taiken	l3a57
583A・ルーフスットIV	ルーフスットⅣ		taiken	l3a58
593A・ルーフスット・ノア	ルーフスット・ノア		taiken	l3a59
5A3A・ルーフスット・トワ	ルーフスット・トワ		taiken	l3a5a
613A・ウィリディットI	ウィリディットⅠ		taiken	l3a61
623A・ウィリディットII	ウィリディットⅡ		taiken	l3a62
633A・ウィリディットIII	ウィリディットⅢ		taiken	l3a63
643A・ウィリディットIV	ウィリディットⅣ		taiken	l3a64
653A・ウィリディット・ノア	ウィリディット・ノア		taiken	l3a65
663A・ウィリディット・トワ	ウィリディット・トワ		taiken	l3a66
Hate Bleeder	ヘイトブリーダー	仇恨散布者	taiken	l318f
Menti Breaker	メンティブレイカー	受選薄刃	taiken	l3205
Dead Night Warrior	デッドナイトウォリア	デッドナイトウォリア	taiken	l333d
Better Off Dead	ベターオフデッド	ベターオフデッド	taiken	l3343
Mask of Sanity	マスクオブサニティ	マスクオブサニティ	taiken	l33ff
Living Undead	リビングデッドビート		taiken	l3408
Six Spender	シックスパウンダー		taiken	l3403
Eternal Beginning	ミラグラーサ		taiken	l3d81
Eternal Beginning+	ミラグラーサ改		taiken	l3d82
"Rondo Blade ""Walls"""	煉舞ノ大剣【石垣】		taiken	l4055
"Rondo Blade ""Moat"""	煉舞ノ大剣【水堀】		taiken	l4056
"Rondo Blade ""Trench"""	煉舞ノ大剣【堀切】		taiken	l4057
"Rondo Blade ""Home"""	煉舞ノ大剣【本郷】		taiken	l4058
Renka Blade	煉華ノ大剣		taiken	l3f95
"Renka Blade ""Willow"""	煉華ノ大剣【柳】		taiken	l3f96
"Renka Blade ""Salix"""	煉華ノ大剣【柳燕】		taiken	l3f97
"Renka Blade ""Refraction"""	煉華ノ大剣【巻光】		taiken	l3f98
Lethe Blade	煉獄ノ大剣		taiken	l4348
"Lethe Blade ""Anarchy"""	煉獄ノ大剣・反抗		taiken	l4349
"Lethe Blade ""Wish"""	煉獄ノ大剣・願望		taiken	l434a
"Lethe Blade ""Tsukuyomi"""	煉獄ノ大剣【月読命】		taiken	l434b
Warship Chaos	ウォーシップケイオス		taiken	l41e9
Death Roll	デスロール		taiken	l4483
Usurper's Storm	王大剣フウライ	王大剣フウライ	taiken	l34cb
Despot's Blackstorm	王牙大剣【黒雷】	王牙大剣【黒雷】	taiken	l34cc
Oppressor's Forger	真・王牙大剣【一天】	真·王牙大剣【一天】	taiken	l34cd
Beserk Sword	ベルセルクソード	ベルセルクソード	taiken	l351a
Anguish	アングイッシュ	アングイッシュ	taiken	l351b
Nero Anguish	ネロ＝アングイッシュ	ネロ＝アングイッシュ	taiken	l351c
Dios Blade	ディオスブレイド		taiken	l3534
Blast Greatsword	爆砕の大剣		taiken	l3535
Lightbreak Blade	破岩大剣ディオホコリ		taiken	l3536
Icicle Fang	アイシクルファング		taiken	l3575
Icicle Fang+	アイシクルファング改		taiken	l3576
Paladire	グラシュバリエ		taiken	l3577
Brazenwall	グレンウォル		taiken	l3830
Crimsonwall	クラッグクリフ		taiken	l3831
Crimsonwall Zenith	断崖剣ゴライアス		taiken	l3832
Hidden Blade	ヒドゥンブレイズ		taiken	l3873
Dark of Night	暗夜剣【宵闇】		taiken	l3874
Avidya Greatsword	無明大剣【苦諦】		taiken	l3875
Brimstren Drakepride	獄大剣リュウカク		taiken	l3a27
Brimstren Drakepride+	獄大剣リュウカク改		taiken	l3a28
Stygian Acedia	狼牙大剣【辺獄】		taiken	l3a29
Schattenscholz	プライドofシャドウ		taiken	l3bb6
Dusterstolz	プライドofダーク		taiken	l3bb7
Verhangnisstolz	プライドofドゥーム		taiken	l3bb8
L'Apotheose	THEアポカリプス		taiken	l3cd1
L'Eclat	THEシャイニング		taiken	l3cd2
L'Origine	THEオリジン		taiken	l3cd3
Roilcloud Sword	凶剣【叢雲】		taiken	l3ecb
Heavenly Sunshine	天嵐ノ剣【一天陽光】		taiken	l3ecc
Astalis Sword	太虚ノ剣【渾天】		taiken	l3ecd
Cheda Blade	チェーダアルザバル		taiken	l3fd4
Impudent Cheda	叛断刀アルザバル		taiken	l3fd5
Cheda Rebellion	乱叛断刀アルザバル		taiken	l3fd6
Feather Sleeper	フェザースリーパー		taiken	l3b13
Feather Doze	フェザーナップ		taiken	l3b14
Feather Dream	フェザーネロウ		taiken	l3b15
Feather Eternity	フェザーグッナイ		taiken	l3b16
Vrage Blizzard	ブラージュネージュ		taiken	l3bdb
Vrage Frostbite	ブラージュ二クス		taiken	l3bdc
Vrage Snow	ブラージュシュエ		taiken	l3bdd
Dovrane Whitepeak	ドドブラン・モンテ		taiken	l3bde
Deathroad Gale	デスルート・ゲイル		taiken	l3c73
Deathroad Crusade	デスルート・クリィク		taiken	l3c74
Deathroad Conquest	デスルート・ベルム		taiken	l3c75
Deathsign Domination	デスサイン・ポレモ		taiken	l3c76
Hyuji Dexyuru	ヒュージ・デュルー		taiken	l3ceb
Hyuji Dexuro	ヒュージ・デゥロー		taiken	l3cec
Hyuji Sukuriro	ヒュージ・スクリロ		taiken	l3ced
Hyuhyuji Adama	ヒュヒュージ・アダマ		taiken	l3cee
Mido Buster Atefa	絶爆狼大剣アテファ		taiken	l3d6d
Mido Buster Engineer	絶爆狼大剣エンジア		taiken	l3d6e
Mido Buster Tenacity	絶爆狼大剣テナシテ		taiken	l3d6f
"Mido Buster ""Toushi"""	絶爆狼大剣【トウシ】		taiken	l3d70
Ganotalon	ガノタロン		taiken	l3e37
Ganogala	ガノガーラ		taiken	l3e38
Ganosale	ガノセール		taiken	l3e39
Ganonnich	ガノンニッヒ		taiken	l3e3a
"Torid Blade ""Waste"""	トリドナイズ		taiken	l3f57
"Torid Blade ""Dust"""	トリドグランズ		taiken	l3f58
"Torid Blade ""Core"""	トリドスコード		taiken	l3f59
"Torid Blade ""Geocentric"""	トリド・ボン		taiken	l3f5a
"Rage Blade ""Heated"""	極怒貌剣【火熱】		taiken	l3fbe
"Rage Blade ""Fevered"""	極怒貌剣【大熱】		taiken	l3fbf
"Rage Blade ""Smelter"""	極怒貌剣【高熱】		taiken	l3fc0
"Wrath Blade ""Anger"""	絶怒貌剣エイン		taiken	l3fc1
Bloodless Cleaver Estee	喰血絶大剣エスティ		taiken	l4273
Bloodless Cleaver Emp	喰血絶大剣エンプ		taiken	l4274
Bloodless Cleaver Erus	喰血絶大剣エルス		taiken	l4275
Bloodless Cleaver Endo	喰血絶大剣エンドゥ		taiken	l4276
"Harudo Blade ""Rarujan"""	司銀大剣ラルジャン		taiken	l4453
"Harudo Blade ""Mirionu"""	司銀大剣ミリオヌ		taiken	l4454
"Harudo Blade ""Haku"""	司銀大剣ハク		taiken	l4455
"Harudo Blade ""Argyros"""	司銀大剣アルギュロス		taiken	l4456
"Composer Blade ""Intro"""	歌唄ノ大剣【前奏】		taiken	l3b8b
"Composer Blade""Chorus"""	歌唄ノ大剣【中奏】		taiken	l3b8c
"Composer Blade""Encore"""	歌唄ノ大剣【後奏】		taiken	l3b8d
"Prayer Blade ""Prelude"""	歌踊ノ大剣【前奏】		taiken	l3d42
"Prayer Blade ""Interlude"""	歌踊ノ大剣【中奏】		taiken	l3d43
"Prayer Blade ""Finale"""	歌踊ノ大剣【後奏】		taiken	l3d44
"Musical Blade ""Prelude"""	歌舞ノ大剣【前奏】		taiken	l3ef7
"Musical Blade ""Chorus"""	歌舞ノ大剣【中奏】		taiken	l3ef8
"Musical Blade ""Encore"""	歌舞ノ大剣【後奏】		taiken	l3ef9
"Recital Blade ""Prelude"""	歌詠ノ大剣【前奏】		taiken	l3fa4
"Recital Blade ""Chorus"""	歌詠ノ大剣【中奏】		taiken	l3fa5
"Recital Blade ""Encore"""	歌詠ノ大剣【後奏】		taiken	l3fa6
"Melody Blade ""Prelude"""	歌奏ノ大剣【前奏】		taiken	l415d
"Melody Blade ""Chorus"""	歌奏ノ大剣【中奏】		taiken	l415e
"Melody Blade ""Encore"""	歌奏ノ大剣【後奏】		taiken	l415f
"Enrapture Blade ""Intro"""	歌繋ノ大剣【前奏】		taiken	l4372
"Enrapture Blade ""Chorus"""	歌繋ノ大剣【中奏】		taiken	l4373
"Enrapture Blade ""Encore"""	歌繋ノ大剣【後奏】		taiken	l4374
Gold Weapon I	ゴールドヴァッペンⅠ		taiken	l1a9d
Gold Weapon II	ゴールドヴァッペンⅡ		taiken	l1a9e
Gold Weapon III	ゴールドヴァッペンⅢ		taiken	l1a9f
Gold Weapon IV	ゴールドヴァッペンⅣ		taiken	l1aa0
Silver Weapon I	シルバーヴァッペンⅠ		taiken	l1aa1
Silver Weapon II	シルバーヴァッペンⅡ		taiken	l1aa2
Silver Weapon III	シルバーヴァッペンⅢ		taiken	l1aa3
Silver Weapon IV	シルバーヴァッペンⅣ		taiken	l1aa4
Bronze Weapon I	ブロンズヴァッペンⅠ		taiken	l1aa5
Bronze Weapon II	ブロンズヴァッペンⅡ		taiken	l1aa6
Bronze Weapon III	ブロンズヴァッペンⅢ		taiken	l1aa7
Bronze Weapon IV	ブロンズヴァッペンⅣ		taiken	l1aa8
Prototype Model	試作型穿龍棍	試作型穿龍棍	tonfa	l2df7
Caravan Strike I	キャラバン殴棍Ⅰ	商隊擊棍Ⅰ	tonfa	l312d
Caravan Strike II	キャラバン殴棍Ⅱ	商隊擊棍Ⅱ	tonfa	l312e
EA2B・コーレティーラ	コーレティーラ	玄影闇光	tonfa	l2bea
EB2B・コーレクラウフィー	コーレクラウフィー	玄影野地	tonfa	l2beb
1F38・コーレクラトモーフ	コーレクラトモーフ		tonfa	l381f
Zeru Wings [Shine]	輝界白竜棍【耀翼】	輝界白龍棍【耀翼】	tonfa	l2d52
Zeru Wings [Luster]	輝界白竜棍【煌翼】	輝界白龍棍【煌翼】	tonfa	l2d53
Golddust Gale Tonfa	金塵翔龍棍【荒飛】	金塵翔龍棍【荒飛】	tonfa	l3021
Golddust Stormflight T.	金塵翔龍棍【嵐飛】	金塵翔龍棍【嵐飛】	tonfa	l3022
Ocean Fortress Tonfa	水砦獄棍【逆浪】	水砦獄棍【逆浪】	tonfa	l328e
Wave Fortress Tonfa	水砦烈棍【砕波】	水砦烈棍【砕波】	tonfa	l328f
500-Waves Fortress Tonfa	水砦始棍【五百重波】	水砦始棍【五百重波】	tonfa	l3290
Volja Carmeli	ヴォルカ・カルメリ		tonfa	l399b
Volga Vaguro	ヴォルカ・バグロ		tonfa	l399c
Volja Torufi	ヴォルカ・トルフィ		tonfa	l399d
B12E・ラウスエスターヴ	ラウスエスターヴ	炎拳哨棍	tonfa	l2eb1
B22E・ザミルカステーヴ	ザミルカステーヴ	熱熔穿釘棍	tonfa	l2eb2
9A33・リーラリクシス	リーラリクシス	リーラリクシス	tonfa	l339a
9B33・デスターウィオラ	デスターウィオラ	デスターウィオラ	tonfa	l339b
AF2E・チェレンエスタード	チェレンエスタード	幽暗哨棍	tonfa	l2eaf
B02E・トルムカステード	トルムカステード	暗影穿釘棍	tonfa	l2eb0
Black Neko Fluffy	くろねこふっく	黑貓手套	tonfa	l3147
Black Neko Awesome	くろねこあっぱー	黑貓上鉤拳	tonfa	l3148
A033・メランルーブラ	メランルーブラ	深黑ルーブラ	tonfa	l33a0
A133・ノワルディート	ノワルディート	ノワルディート	tonfa	l33a1
AF39・ゲヴィッタヴィゴーレ	ゲヴィッタヴィゴーレ		tonfa	l39af
Vola Tonfa	ヴォーラトンファ		tonfa	l3c2d
Vola Tonfa+	ヴォーラトンファ・改		tonfa	l3c2e
True Vola Tonfa	ヴォーラトンファ・真		tonfa	l3c2f
Alvora Tonfa	アルヴォーラトンファ		tonfa	l3c30
Azura Tonfa	アズラクジペイ		tonfa	l3dfc
Azura Tonfa+	ルラキジペイ		tonfa	l3dfd
True Azura Tonfa	ガルボイジペイ		tonfa	l3dfe
Azure Tonfa	ニリィジペイ		tonfa	l3dff
Ruberguardian	ルベルグルダン		tonfa	l3e6f
Ruberguardian+	ルベルグルダン・改		tonfa	l3e70
True Ruberguardian	ルベルグルダン・真		tonfa	l3e71
Terra Ruberguardian	テラルベルグルダン		tonfa	l3e72
Ravina Tonfa	ラヴィナトンファ		tonfa	l3f8b
Rafina Tonfa+	ラヴィナトンファ・改		tonfa	l3f8c
True Ravina Tonfa	ラヴィナトンファ・真		tonfa	l3f8d
Final Ravina Tonfa	ラヴィーナトンファ		tonfa	l3f8e
Dua Arm	デュアアルム		tonfa	l4153
Dua Arm+	デュアアルム・改		tonfa	l4154
True Dua Arm	デュアアルム・真		tonfa	l4155
Esdua Arm	エスデュアアルム		tonfa	l4156
Chroma Tonfa	クロマトンファ		tonfa	l4310
Chroma Tonfa+	クロマトンファ・改		tonfa	l4311
True Chroma Tonfa	クロマトンファ・真		tonfa	l4312
Final Chroma Tonfa	クローマトンファ		tonfa	l4313
Poet Tonfa	ポエトトンファ		tonfa	l43a7
Poet Tonfa+	ポエトトンファ・改		tonfa	l43a8
True Poet Tonfa	ポエトトンファ・真		tonfa	l43a9
Poetry Tonfa	ポエトリトンファ		tonfa	l43aa
AD2E・アウインエスターグ	アウインエスターグ	藍方石哨棍	tonfa	l2ead
AE2E・イナイカステーグ	イナイカステーグ	寂藍穿釘棍	tonfa	l2eae
Silver Neko Swing	ぎんねこすいんぐ	銀貓擊棍	tonfa	l3145
Silver Neko Chopping	ぎんねこちょっぴんぐ	銀貓重壓	tonfa	l3146
Gold Cat Emperor	きんねこエンペラー		tonfa	l449f
A233・ロートブレイカー	ロートブレイカー	ロートブレイカー	tonfa	l33a2
A333・クリムゾンステーク	クリムゾンステーク	クリムゾンステーク	tonfa	l33a3
White-White House	しろしろハウス		tonfa	l342a
White-White Maison	しろしろメゾン		tonfa	l342b
Black-Black House	くろくろハウス		tonfa	l342c
Black-Black Maison	くろくろメゾン		tonfa	l342d
Maverick House	マーベリックハウス		tonfa	l342e
Maverick Maison	マーベリックメゾン		tonfa	l342f
Gold Secure	ゴールドセキュア		tonfa	l3430
Gold Solid	ゴールドソリッド		tonfa	l3431
Silver Secure	シルバーセキュア		tonfa	l3432
Silver Solid	シルバーソリッド		tonfa	l3433
Bronze Secure	ブロンズセキュア		tonfa	l3434
Bronze Solid	ブロンズソリッド		tonfa	l3435
B32E・グフルエスターダ	グフルエスターダ	綠野哨棍	tonfa	l2eb3
B42E・カンプカステーダ	カンプカステーダ	生機穿釘棍	tonfa	l2eb4
B52E・ヴェイラエスターゼ	ヴェイラエスターゼ		tonfa	l2eb5
B62E・リドルカステーゼ	リドルカステーゼ		tonfa	l2eb6
FD2D・アルム・ゼイグ	アルム・ゼイグ	兵器·金棍	tonfa	l2dfd
FE2D・アルム・ゼイガルド	アルム・ゼイガルド	兵器·硬金棍	tonfa	l2dfe
FF2D・プラド・アグル	プラド・アグル	草原·銀棍	tonfa	l2dff
002E・プラド・アグレイダ	プラド・アグレイダ	草原·硬銀棍	tonfa	l2e00
012E・トルム・アード	トルム・アード	武者·黑棍	tonfa	l2e01
022E・トルム・アーグナー	トルム・アーグナー	武者·硬黑棍	tonfa	l2e02
FB2D・ロット・アムド	ロット・アムド	機運·西域	tonfa	l2dfb
FC2D・ロット・アムガロン	ロット・アムガロン	機運·硬紅棍	tonfa	l2dfc
032E・ビオラ・ヴァイト	ビオラ・ヴァイト	提琴·廣紫棍	tonfa	l2e03
042E・ビオラ・ヴァズード	ビオラ・ヴァズード	提琴·硬紫棍	tonfa	l2e04
White Neko Punch	しろねこぱんち	白貓拳	tonfa	l3143
White Neko Smash	しろねこすまっしゅ	白貓衝擊	tonfa	l3144
Crimson Pact	クリムゾンパクト	深紅契約	tonfa	l303b
Crimson Tide	クリムゾンタイド	深紅潮流	tonfa	l303c
AB2E・ブルーノエスター	ブルーノエスター	沃土哨棍	tonfa	l2eab
AC2E・ガルセカステート	ガルセカステート	雄偉穿釘棍	tonfa	l2eac
War Dragon's Cone	戦龍コーーン		tonfa	l37ce
4B38・幻影ノ霞払イシ穿龍棍	幻影ノ霞払イシ穿龍棍		tonfa	l384b
Magnetic Field Tonfa	磁界ノ王ヲ征ス穿龍棍		tonfa	l3a98
Solemn Eyes Tonfa	炯眼ヲ粛静ス棍		tonfa	l3de1
Goldsilver Fish Sticks	金銀魚竜棍		tonfa	l3e0f
Goldsilver Fish Sticks α	金銀魚竜棍【改】		tonfa	l3e10
Goldsilver Fish Sticks β	金銀魚竜棍【改二】		tonfa	l3e11
Goldsilver Fish Sticks Ω	金銀魚竜棍【寿】		tonfa	l3e12
"Nature's Beauty ""Day"""	花鳥風月【昼桜】		tonfa	l3f8f
"Nature's Beauty ""Night"""	花鳥風月【夜桜】		tonfa	l3f90
"Resolute Tonfa ""Heart"""	決意の棍【心】		tonfa	l403d
"Resolute Tonfa ""Truth"""	決意の棍【真】		tonfa	l403e
"Resolute Tonfa ""Divine"""	決意の棍【神】		tonfa	l403f
Brachy Feeling	砕竜の気持ち		tonfa	l41cf
"Brachy Feeling ""Rupture"""	砕竜の気持ち【破裂】		tonfa	l41d0
"Brachy Feeling ""Burst"""	砕竜の気持ち【炸裂】		tonfa	l41d1
"Brachy Feeling ""Blast"""	砕竜の気持ち【爆裂】		tonfa	l41d2
Lolo & Ray Adventure I	ロロとレイの冒険Ⅰ		tonfa	l4331
Lolo & Ray Adventure II	ロロとレイの冒険Ⅱ		tonfa	l4332
Lolo & Ray Adventure III	ロロとレイの冒険Ⅲ		tonfa	l4333
Lolo & Ray Conclusion	ロロとレイの結末		tonfa	l4334
Decorative Guku	雛飾りグーク		tonfa	l448b
Decorative Gukuku	雛飾りグークク		tonfa	l448c
Decorative Gukukuwa	雛飾りグーククワ		tonfa	l448d
Decorative Gukukuwawa	雛飾りグーククワワッ		tonfa	l448e
Red Neko Cunning	あかねこすとれーと		tonfa	l314a
4B31・あくねこなっくる	あくねこなっくる		tonfa	l314b
4C31・あくねこすとれーと	あくねこすとれーと		tonfa	l314c
982C・ナオススタヴロス	ナオススタヴロス		tonfa	l2c98
992C・カタフィスタヴロス	カタフィスタヴロス		tonfa	l2c99
9E33・オーロアルム	オーロアルム		tonfa	l339e
9F33・ゴルディアンクラーク	ゴルディアンクラーク		tonfa	l339f
Romu Gunla	ロミュ・グンラ		tonfa	l2e53
Romu Glew	ロミュ・グリュー		tonfa	l2e54
9C33・ブラウバンカー	ブラウバンカー		tonfa	l339c
9D33・ペイルエスター	ペイルエスター		tonfa	l339d
Justice Croix	ジュスティスクロワ	正義十字	tonfa	l2c94
Sakura Croix	サクレクロワ	神聖十字	tonfa	l2c95
Divine Caduceus	零杭カドゥケウス		tonfa	l42fb
Rubino Ende I	ルビーノエンデルⅠ		tonfa	l3a73
Rubino Ende II	ルビーノエンデルⅡ		tonfa	l3a74
Steel Ende I	スティールエンデルⅠ		tonfa	l3a75
Steel Ende II	スティールエンデルⅡ		tonfa	l3a76
2A33・ドルルスキューニャ	ドルルスキューニャ	ド典範キューニャ	tonfa	l332a
2B33・ドルルターニャ―	ドルルターニャ―	ドルルターニャ―	tonfa	l332b
Gyururusukyunya	ギュルルスキューニャ		tonfa	l3ade
DF3A・ギュルルターニャ―	ギュルルターニャ―		tonfa	l3adf
Jester	ジェスター		tonfa	l3596
Jester's Crown	ジェスタークラウン		tonfa	l3597
F237・ピエリエット	ピエリエット		tonfa	l37f2
F337・ピエリエットクラウン	ピエリエットクラウン		tonfa	l37f3
Rose	ローザ		tonfa	l38bc
Rose Partfait	ローザ・パルフェ		tonfa	l38bd
Rouge	ロジエ		tonfa	l39bc
Rouge Parfait	ロジエ・パルフェ		tonfa	l39bd
Paria Plush I	パリアぬいぐるみⅠ		tonfa	l3d22
Paria Plush II	パリアぬいぐるみⅡ		tonfa	l3d23
Supremacy Paria Plush I	覇パリアぬいぐるみⅠ		tonfa	l3d9f
Supremacy Paria Plush II	覇パリアぬいぐるみⅡ		tonfa	l3da0
Excited Felyne	ワクワクアイルー		tonfa	l39ff
Super Excited Felyne	超ワクワクアイルー		tonfa	l3a00
Excited Melynx	ワクワクメラルー		tonfa	l3a01
Super Excited Melynx	超ワクワクメラルー		tonfa	l3a02
White Sorrow I	白の哀哭Ⅰ		tonfa	l3cc9
White Sorrow II	白の哀哭Ⅱ		tonfa	l3cca
Magi Bumble	マジェ・バンブル		tonfa	l43e7
Magi Pile Bunker	マジェ・パイルバンカ		tonfa	l43e8
Gray Bumble	グレイ・バンブル		tonfa	l4429
Gray Pile Bunk	グレイ・パイルバンク		tonfa	l442a
Giroa Glaria	ギロア・グライラ	迴轉·瀑布	tonfa	l2c5e
Giroa Gantereira	ギロア・ガンテレイラ	迴轉·金棍	tonfa	l2c5f
Rove Glaria	ロヴェ・グライラ	重·瀑布	tonfa	l2c60
Rove Gantereira	ロヴェ・ガンテレイラ	重·白金棍	tonfa	l2c61
C92E・デン・カメント	デン・カメント	影窟擊棍	tonfa	l2ec9
CA2E・ネプルス・デーン	ネプルス・デーン	冥王之影	tonfa	l2eca
CB2E・デン・フィナント	デン・フィナント	光城擊棍	tonfa	l2ecb
CC2E・プルート・デーン	プルート・デーン	冥王之光	tonfa	l2ecc
Rovino	ルヴィニ	ルヴィニ	tonfa	l32de
Rovinioro	ルヴィニオロ	ルヴィニオロ	tonfa	l32df
Diamandy	ディアマンディ	ディアマンディ	tonfa	l32e0
Diaperla	ディアペルラ	ディアペルラ	tonfa	l32e1
FA2B・グェンビーシャンド	グェンビーシャンド	莊嚴金蜂	tonfa	l2bfa
FB2B・グェンビージュエイド	グェンビージュエイド	衛士金蜂	tonfa	l2bfb
Faial Vishna	フェイアルビシュナ	穿龍棍練習曲	tonfa	l2bfc
Faial Guraish	フェイアルグライシュ	羅宋穿龍棍	tonfa	l2bfd
Rashine	ラルシャイン	天穿激流	tonfa	l31cd
Rashine Ruth	ラルシャイン・ルス	天穿激流葬	tonfa	l31ce
Rashine Sol	ラルシャイン・ソル		tonfa	l3ebf
Shershine	シェルシャイン	破天雷響	tonfa	l31cf
Shershine Ruth	シェルシャイン・ルス	破天雷響衝	tonfa	l31d0
Shellshine Sol	シェルシャイン・ソル		tonfa	l3ec0
Sacred White Boltarm I	雷極咆エル白聖ノ棍Ⅰ		tonfa	l3ddb
Sacred White Boltarm II	雷極咆エル白聖ノ棍Ⅱ		tonfa	l3ddc
Skopel	スコペル		tonfa	l3bf9
Skopel Tilla	スコペル・ティラ		tonfa	l3bfa
Parton	パルトネ		tonfa	l3bfb
Parton Tilla	パルトネ・ティラ		tonfa	l3bfc
Minio・Sata	ミニオ・サータ		tonfa	l41fd
Minio・Shizuri	ミニオ・シズリー		tonfa	l41fe
Harine Shita	ハリネ・シータ		tonfa	l4253
Harina Shizari	ハリネ・シザリー		tonfa	l4254
Cranium Sting	クラニウムスティング	天王雙擊棍	tonfa	l2ec5
Cranium Basher	クラニウムバッシャー	天王猛襲者	tonfa	l2ec6
Wicked Sting	ウィキッドスティング	妖巫雙擊棍	tonfa	l2ec7
Wicked Sheek	ウィキッドシック	妖巫媚惑者	tonfa	l2ec8
BA2F・フォレルー	フォレルー	綠林小徑	tonfa	l2fba
BB2F・フォレルート	フォレルート	綠林通路	tonfa	l2fbb
BC2F・ソンブルー	ソンブルー	響樂小調	tonfa	l2fbc
BD2F・ソンブルート	ソンブルート	響樂奏曲	tonfa	l2fbd
AF35・ベギア	ベギア		tonfa	l35af
B035・ベギア・メガロ	ベギア・メガロ		tonfa	l35b0
B135・バレンティア	バレンティア		tonfa	l35b1
B235・バレンティア・メガロ	バレンティア・メガロ		tonfa	l35b2
Mimital Tonfa	ミミタルトンファ		tonfa	l3865
Neo Mimital Tonfa	ネオミミタルトンファ		tonfa	l3866
Shinshu Tonfa	シンシュトンファ		tonfa	l3869
Neo Shinshu Tonfa	ネオシンシュトンファ		tonfa	l386a
Elzeacta	エルゼアクタ		tonfa	l3ff3
Elzegwen	エルゼグウェン		tonfa	l3ff4
9A2C・ジャンドウシズジア	ジャンドウシズジア	豪氣穿龍棍	tonfa	l2c9a
9B2C・ダレンシズジア	ダレンシズジア	豪氣領袖棍	tonfa	l2c9b
9C2C・ビクサークロイツ	ビクサークロイツ	狂風俱樂部	tonfa	l2c9c
9D2C・デールクロイツ	デールクロイツ	窗櫺俱樂部	tonfa	l2c9d
Fazel Garuda	ファゼル・ガルダ	靈地·集結	tonfa	l2df9
Fazel Garmagna	ファゼル・ガルマグナ	靈地·精鍊	tonfa	l2dfa
962C・チェースチクレースト	チェースチクレースト	固己巔峰	tonfa	l2c96
972C・スラヴァークレースト	スラヴァークレースト	涎延巔峰	tonfa	l2c97
Tio Tio	ティオティオ		tonfa	l3b9f
Necropolis	ネクロポリス	亡靈巫師	tonfa	l3195
Black Sheep	ブラックシープ	ブラックシープ	tonfa	l3349
893D・ミラアルヒコ	ミラアルヒコ		tonfa	l3d89
8A3D・ミラアルヒコ改	ミラアルヒコ改		tonfa	l3d8a
Renka Tonfa	煉華ノ棍		tonfa	l3f13
"Renka Tonfa ""Peony"""	煉華ノ棍【牡丹】		tonfa	l3f14
"Renk Tonfa ""Paeonia"""	煉華ノ棍【牡丹蝶】		tonfa	l3f15
"Renka Tonfa ""Gemlight"""	煉華ノ棍【珠光】		tonfa	l3f16
"Rondo Tonfa ""Portcullis"""	煉舞ノ棍【大手】		tonfa	l4061
"Rondo Tonfa ""Toranomon"""	煉舞ノ棍【虎門】		tonfa	l4062
"Rondo Tonfa ""Sakuramon"""	煉舞ノ棍【櫻門】		tonfa	l4063
"Rondo Tonfa ""Ogura"""	煉舞ノ棍【小倉】		tonfa	l4064
Lethe Tonfa	煉獄ノ棍		tonfa	l4360
"Lethe Tonfa ""Anarchy"""	煉獄ノ棍・反抗		tonfa	l4361
"Lethe Tonfa ""Wish"""	煉獄ノ棍・願望		tonfa	l4362
"Lethe Tonfa ""Okuninushi"""	煉獄ノ棍【大国主】		tonfa	l4363
Crownless	クラウンレス		tonfa	l41ef
Despot's Tusks	王牙棍【雷公】	王牙棍【雷公】	tonfa	l34dd
Oppressor's Tusks	真・王牙棍【天涯】	真·王牙棍【天涯】	tonfa	l34de
Robbed Hope	ロブホープ	ロブホープ	tonfa	l352c
Nero Despair	ネロ＝ディスペア	ネロ＝ディスペア	tonfa	l352d
Blast Destroyers	爆砕の滅棍		tonfa	l3546
Lightbreak Destroyers	破岩棍インフィール		tonfa	l3547
Frostellar	フロシュステラ		tonfa	l357e
Frost Galaxia	フロシュガラクシア		tonfa	l357f
3C38・金棍オデス	金棍オデス		tonfa	l383c
3D38・金砕棍グラン・オデス	金砕棍グラン・オデス		tonfa	l383d
Hidden Tonfa	ヒドゥントンファー		tonfa	l3887
Avidya Tonfa	闇夜棍【漆桶】		tonfa	l3888
3B3A・獄棍リュウカイ	獄棍リュウカイ		tonfa	l3a3b
3C3A・狼牙棍【滅獄】	狼牙棍【滅獄】		tonfa	l3a3c
Elendsflug	フライofミザリー		tonfa	l3bc8
Dunkelsflug	フライofメランコリー		tonfa	l3bc9
Le Scintillement	THEトゥインクル		tonfa	l3ce5
Le Rayon	THEレイ		tonfa	l3ce6
Ominous Cloudburst	凶棍【俄雨】		tonfa	l3edd
Taixu Heavens	太虚ノ棍【蒼天】		tonfa	l3ede
Guran Defiance	叛棍アルグラン		tonfa	l3fe6
Guran Rebellion	乱叛棍アルグラン		tonfa	l3fe7
Stormgear	絶雷振棍		tonfa	l3b2f
"Stormgear ""Pierce"""	絶雷振棍【穿穿】		tonfa	l3b30
"Stormgear ""Dance"""	絶雷振棍【舞舞】		tonfa	l3b31
"Stormgear ""Flow"""	絶雷振棍【流流】		tonfa	l3b32
Vrage Nightshade	ブラージュアラン		tonfa	l3bdf
Vrage Nova	ブラージュヌヴァ		tonfa	l3be0
Vrage Crag	ブラージュハラズ		tonfa	l3be1
Dovrane Loftypeak	ドドブラン・マウン		tonfa	l3be2
Deathroad Deceit	デスルート・ガイル		tonfa	l3c83
Deathroad Envy	デスルート・インウィ		tonfa	l3c84
Deathroad Vain	デスルート・アウダ		tonfa	l3c85
Deathsign Union	デスサイン・ガリィ		tonfa	l3c86
Sleet Mist	ラニゾテュレイラ		tonfa	l3d0b
Icy Mist	シャンテュレイラ		tonfa	l3d0c
Snowdrop Mist	アセファテュレイラ		tonfa	l3d0d
Drifting Froststorm	スリートテューレ		tonfa	l3d0e
Mido Tonfa Sieger	絶爆狼棍ズイガ		tonfa	l3d7d
Mido Tonfa Fuzz	絶爆狼棍ファズ		tonfa	l3d7e
Mido Tonfa Sika	絶爆狼棍シーカ		tonfa	l3d7f
"Mido Tonfa ""Chill"""	絶爆狼棍【チル】		tonfa	l3d80
Ruko Tonfa Ranho	極龍棍ランホ		tonfa	l3e2b
Ruko Tonfa Dien	極龍棍ディエン		tonfa	l3e2c
Ruko Tonfa Futera	極龍棍フテラ		tonfa	l3e2d
Light Ruko Tonfa Erun	光極龍棍エルン		tonfa	l3e2e
"Inagami Tonfa ""Canna"""	雅翁棍カンナ		tonfa	l3eed
"Inagami Tonfa ""Guzmania"""	雅翁棍グズマ		tonfa	l3eee
"Inagami Tonfa ""Foxglove"""	雅翁棍ジギリス		tonfa	l3eef
"Inagami Tonfa ""Zephyr"""	雅翁棍ゼフィリア		tonfa	l3ef0
"Rage Tonfa ""Odd"""	極怒貌棍【変妙】		tonfa	l3fc6
"Rage Tonfa ""Abnormal"""	極怒貌棍【異常】		tonfa	l3fc7
"Rage Tonfa ""Strange"""	極怒貌棍【奇態】		tonfa	l3fc8
"Wrath Tonfa ""Thumos"""	絶怒貌棍スィモス		tonfa	l3fc9
"Anoru Tonfa ""Deseo"""	ゼーゲ・デッソ		tonfa	l4135
"Anoru Tonfa ""Wave"""	ゼーゲ・ウェーブ		tonfa	l4136
"Anoru Tonfa ""Afiado"""	ゼーゲ・アフィド		tonfa	l4137
"Anoru Tonfa ""Agony"""	ゼーゲ・アグリーン		tonfa	l4138
Eryu Purizuma	エリュー・オラフ		tonfa	l41e3
Eryu Xeruzu	エリュー・グリンテ		tonfa	l41e4
Eryu Orahu	エリュー・アービア		tonfa	l41e5
Eryu Gurinte	エリュー・ヴァング		tonfa	l41e6
Bloodless Tonfa Sain	喰血絶棍サイン		tonfa	l427b
Bloodless Tonfa Sairu	喰血絶棍サイル		tonfa	l427c
Bloodless Tonfa Sakura	喰血絶棍サクラ		tonfa	l427d
Bloodless Tonfa Said	喰血絶棍サイドゥ		tonfa	l427e
Layer Tonfa	多殻真棍		tonfa	l443f
"Layer Tonfa ""Snowball"""	多殻真棍【大手毬】		tonfa	l4440
"Layer Tonfa ""Bluecrown"""	多殻真棍【時計草】		tonfa	l4441
"Layer Tonfa ""Klamath"""	多殻真棍【弟切草】		tonfa	l4442
"Composer Tonfa ""Solo"""	歌唄ノ棍【独奏】		tonfa	l3b9d
"Prayer Tonfas ""Solo"""	歌踊ノ棍【独奏】		tonfa	l3d54
"Recital Tonfa ""Solo"""	歌詠ノ棍【独奏】		tonfa	l3fad
"Melody Tonfa ""Solo"""	歌奏ノ棍【独奏】		tonfa	l4171
"Enrapture Tonfa ""Solo"""	歌繋ノ棍【独奏】		tonfa	l4384
Hunter Bow I	ハンターボウⅠ	獵弓Ⅰ	yumi	l006c
Hunter Bow II	ハンターボウⅡ	獵弓Ⅱ	yumi	l006d
Hunter Bow III	ハンターボウⅢ	獵弓Ⅲ	yumi	l004e
Hunter Bow IV	ハンターボウⅣ	獵弓Ⅳ	yumi	l00a0
Wild Bow I	ワイルドボウⅠ	狂野弓Ⅰ	yumi	l006e
Wild Bow II	ワイルドボウⅡ	狂野弓Ⅱ	yumi	l006f
Wild Bow III	ワイルドボウⅢ	狂野弓Ⅲ	yumi	l004f
Wild Bow IV	ワイルドボウⅣ	狂野弓Ⅳ	yumi	l00a1
Power Wild Bow I	パワーワイルドボウⅠ	能量狂野弓Ⅰ	yumi	l0070
Power Wild Bow III	パワーワイルドボウⅡ	能量狂野弓Ⅱ	yumi	l0050
Power Wild Bow IV	パワーワイルドボウⅣ	能量狂野弓Ⅳ	yumi	l0298
Queen Blaster I	クイーンブラスターⅠ	女王獵弓Ⅰ	yumi	l0071
Queen Blaster II	クイーンブラスターⅡ	女王獵弓Ⅱ	yumi	l0051
Queen Blaster III	クイーンブラスターⅢ	女王獵弓Ⅲ	yumi	l00a3
Queen Blaster IV	クイーンブラスターⅣ	女王獵弓Ⅳ	yumi	l0106
Heart Shot Bow I	ハートショットボウⅠ	擊心弓Ⅰ	yumi	l0072
Heart Shot Bow II	ハートショットボウⅡ	擊心弓Ⅱ	yumi	l0052
Heart Shot Bow III	ハートショットボウⅢ	擊心弓Ⅲ	yumi	l0532
Prominence Bow I	プロミネンスボウⅠ	烈陽弓Ⅰ	yumi	l0073
Prominence Bow II	プロミネンスボウⅡ	烈陽弓Ⅱ	yumi	l0053
Prominence Bow III	プロミネンスボウⅢ	烈陽弓Ⅲ	yumi	l00a4
Prominence Bow IV	プロミネンスボウⅣ	烈陽弓Ⅳ	yumi	l0119
Sonic Bow I	ソニックボウⅠ	音速弓Ⅰ	yumi	l0074
Sonic Bow II	ソニックボウⅡ	音速弓Ⅱ	yumi	l0075
Sonic Bow IV	ソニックボウⅣ	音速弓Ⅳ	yumi	l00ae
Sonic Bow VI	ソニックボウⅥ	音速弓Ⅵ	yumi	l00f7
ソニックボウVIII	ソニックボウⅧ	音速弓Ⅷ	yumi	l064b
Sonic Bow III	ソニックボウⅢ	音速弓Ⅲ	yumi	l0054
Sonic Bow V	ソニックボウⅤ	音速弓Ⅴ	yumi	l00b7
Sonic Bow VII	ソニックボウⅦ	音速弓Ⅶ	yumi	l0296
Blos Horn Bow I	ブロスホーンボウⅠ	雙角弓Ⅰ	yumi	l0076
Blos Horn Bow II	ブロスホーンボウⅡ	雙角弓Ⅱ	yumi	l0055
"Dragon Bow ""Uprising"""	龍弓【国崩】	龍弓【國崩】	yumi	l0077
Dragon Bow【Landslide】	龍弓【山崩】	龍弓【山崩】	yumi	l0056
"Dragon Bow ""Ruins"""	龍弓【城崩】	龍弓【城崩】	yumi	l0533
Courageous Hope I	勇気と希望の凄弓Ⅰ	勇氣與希望的凄弓Ⅰ	yumi	l0078
Courageous Hope II	勇気と希望の凄弓Ⅱ	勇氣與希望的凄弓Ⅱ	yumi	l0057
Courageous Hope III	勇気と希望の凄弓Ⅲ	勇氣與希望的凄弓Ⅲ	yumi	l0354
Power Hunter Bow I	パワーハンターボウⅠ	能量獵弓Ⅰ	yumi	l0079
Power Hunter Bow II	パワーハンターボウⅡ	能量獵弓Ⅱ	yumi	l006b
Power Hunter Bow III	パワーハンターボウⅢ	能量獵弓Ⅲ	yumi	l00a2
Power Hunter Bow IV	パワーハンターボウⅣ	能量獵弓Ⅳ	yumi	l00d5
Power Hunter Bow V	パワーハンターボウⅤ	能量獵弓Ⅴ	yumi	l05dc
Wing Bow I	ウィングボウⅠ	羽弓Ⅰ	yumi	l0080
Wing Bow II	ウィングボウⅡ	羽弓Ⅱ	yumi	l0081
Wing Bow III	ウィングボウⅢ	羽弓Ⅲ	yumi	l0082
Brilliant Bow	ブリリアントボウ	鮮豔弓	yumi	l00b0
Excellent Bow	エクセレンボウ	優良弓	yumi	l05db
Nix Farbow I	ニクスファーボウⅠ	白雪皮弓Ⅰ	yumi	l0083
Nix Farbow II	ニクスファーボウⅡ	白雪皮弓Ⅱ	yumi	l0084
Icehide Bow	グラキファーボウ	寒冰皮弓	yumi	l0085
Frozen Leather Bow	スティアファーボウ	冷冽皮弓	yumi	l0579
Kut-Ku Bow I	鳥幣弓Ⅰ	鳥幣弓Ⅰ	yumi	l0086
Kut-Ku Bow II	鳥幣弓Ⅱ	鳥幣弓Ⅱ	yumi	l0087
Kut-Ku Bow III	鳥幣弓Ⅲ	鳥幣弓Ⅲ	yumi	l0088
Blue Kut-Ku Bow	青鳥幣弓	青鳥幣弓	yumi	l0089
Blue Kut-Ku Coin Bow	蒼鳥幣弓	蒼鳥幣弓	yumi	l00d4
True Blue Kut-Ku Bow	真蒼鳥幣弓	真蒼鳥幣弓	yumi	l02cd
Quick Bow	クイックボウ	迅捷弓	yumi	l008f
Rapid Bow	ラピードボウ	速獵弓	yumi	l00e3
Flash Bow	フラッシュボウ	閃光弓	yumi	l0353
Rush Bow	ラッシュボウ	突擊弓	yumi	l05da
Diff Bow	ディフズボウ	散光弓	yumi	l057a
Khezu Bow	フルフルボウ	電龍弓	yumi	l0090
Khezu Bow II	フルフルボウⅡ	電龍弓Ⅱ	yumi	l00c9
Khezu Bow IV	フルフルボウⅣ	電龍弓Ⅳ	yumi	l00f5
Khezu Bow VI	フルフルボウⅥ	電龍弓Ⅵ	yumi	l0310
Khezu Bow III	フルフルボウⅢ	電龍弓Ⅲ	yumi	l00ca
Khezu Bow V	フルフルボウⅤ	電龍弓Ⅴ	yumi	l0105
Oobasami I	オオバサミⅠ	大鉗水弓Ⅰ	yumi	l0091
Oobasami II	オオバサミⅡ	大鉗水弓Ⅱ	yumi	l0092
Oobasami III	オオバサミⅢ	大鉗水弓Ⅲ	yumi	l0093
Oobasami IV	オオバサミⅣ	大鉗水弓Ⅳ	yumi	l0094
Mackerel V	オオバサミⅤ	大鉗水弓Ⅴ	yumi	l00b8
Mackerel VI	オオバサミⅥ	大鉗水弓Ⅵ	yumi	l00f6
Daimyo Warbow VII	オオバサミⅦ	大鉗水弓Ⅶ	yumi	l02cc
Annihilation Bow I	殲滅と破壊の剛弓Ⅰ	殲滅與破壞的剛弓Ⅰ	yumi	l0059
Annihilation Bow II	殲滅と破壊の剛弓Ⅱ	殲滅與破壞的剛弓Ⅱ	yumi	l030f
Victory＆Glory Bow	勝利と栄光の勇弓	勝利與榮光的勇弓	yumi	l005a
Invincible Prosperity B.	繁栄と無敗の神弓	繁榮與無敗的神弓	yumi	l057b
Dragon Bow【Sunflower】	龍弓【日輪】	龍弓【日輪】	yumi	l0058
"Dragon Bow ""Eclipse"""	神龍弓【日蝕】	神龍弓【日蝕】	yumi	l00d6
"Dragon God Bow ""Zhulong"""	神龍弓【燭陰】	神龍弓【燭陰】	yumi	l0297
Tigre Arrow I	ティガアローⅠ	轟龍之箭Ⅰ	yumi	l00ab
Tigre Arrow II	ティガアローⅡ	轟龍弓Ⅱ	yumi	l00ac
Tigre Arrow III	ティガアローⅢ	轟龍之箭Ⅲ	yumi	l011a
Bow of the Wind God	覇弓レラカムトルム	霸弓風神	yumi	l00ad
Rosen Bogen	ローゼンボーゲン	薔薇弓	yumi	l00c2
Rosen Rakete	ローゼンラケーテ	薔薇火箭	yumi	l00c3
Rosen Sichel	ローゼンズィッヘル	棘龍長弓	yumi	l00c4
Kaktus Bogen	カクトスボーゲン	棘刺弓	yumi	l00f8
Kaktus Rakete	カクトスラケーテ	棘刺火箭	yumi	l00f9
Kaktus Sichel	カクトスズィッヘル	棘刺鐮刀	yumi	l0116
Perlenbogen	ペルレボーゲン	珍珠弓	yumi	l02fa
Perlenrakete	ペルレラケーテ	珍珠火箭	yumi	l02fb
Perlen Sichel	ペルレズィッヘル	珍珠鐮刀	yumi	l02fc
"Torrent Bow ""Umibozu"""	激流弓【海坊主】	激流弓【海和尚】	yumi	l00c7
"Stream Bow ""Mermaid"""	清流弓【人魚姫】	清流弓【人魚姬】	yumi	l00c8
"Deep Sea Bow ""Ryugu"""	深流弓【竜宮】	深流弓【龍宮】	yumi	l0531
Black Block bow	黒塊弓	黑塊弓	yumi	l00f3
Black Block Broken Bow	黒塊破弓	黑塊破弓	yumi	l00f4
Kautschuk	カウチュアルク	彈性圓弧弓	yumi	l0103
Elastikautschuk	カウチュクロワッサン	彈性新月弓	yumi	l0104
White Cradle	ホワイトクレイドル	白色搖籃	yumi	l00ba
White Crescent	ホワイトクレセント	白色新月	yumi	l00bb
Stork Thunderdance Bow	舞雷弓【真鶴】	舞雷弓【真鶴】	yumi	l0125
Crane Thunderdance Bow	舞雷弓【千鶴】	舞雷弓【千鶴】	yumi	l0126
Vipio Darkbolt Bow	冥雷弓【真鶴】	冥雷弓【真鶴】	yumi	l03bc
Crane Darkbolt Bow	冥雷弓【千鶴】	冥雷弓【千鶴】	yumi	l03bd
Steel Bow	鋼弓	鋼弓	yumi	l02ba
Steel Bow・Armor Piercer	鋼弓【鎧通し】	鋼弓【破鎧】	yumi	l02bb
Steel Bow・Rock Piercer	鋼弓【岩通し】	鋼弓【破岩】	yumi	l02bc
Don Bow	ドン・ボウ	吞·弓	yumi	l02e6
Don Missile	ドン・ミサイル	吞·飛彈	yumi	l02e7
"Fanged Wolf Gun""Blossom"""	牙狼弓【梅花】	牙狼弓【梅花】	yumi	l030b
"Fanged Wolf Gun ""Sakura"""	牙狼弓【桜花】	牙狼弓【櫻花】	yumi	l030c
Volpe Fletcher	ボルペフレッチャ	冰狐箭弓	yumi	l0383
Volpe Missile	ボルペミッシレ	冰狐放射弓	yumi	l0384
Volpe Arc	ボルペアルコ	冰狐曲弧弓	yumi	l0385
Fury Bow	怒髪弓	怒髮弓	yumi	l0470
"Fury Bow ""Night Fog"""	怒髪弓【夜霧】	怒髮弓【夜霧】	yumi	l0471
"Fury Bow ""Ice Rain"""	怒髪弓【氷雨】	怒髮弓【冰雨】	yumi	l0472
Scarlet Bow	緋骨弓	緋骨弓	yumi	l0510
"Scarlet Bow ""Glint"""	緋骨弓【眼光】	緋骨弓【眼光】	yumi	l0511
"Scarlet Bow ""Cormorant"""	緋骨弓【鵜目】	緋骨弓【鵜目】	yumi	l0512
"Scarlet Bow ""Insight"""	緋骨弓【開眼】	緋骨弓【開眼】	yumi	l0513
Eulenklinge	オイレ・クリンゲ	飛禽·尖刃	yumi	l0558
Falkenklinge	ファルケ・クリンゲ	飛鷹·尖刃	yumi	l0559
Adlerklinge	アドラー・クリンゲ	鷹鷲·尖刃	yumi	l055a
Ruko's Comet	コメテス＝アーラ	彗星之翼	yumi	l05c1
Ruko's Stellar	ステルラ＝アーラ	明星之翼	yumi	l05c2
Ruko's Lunar	ルナ＝アーラ	明月之翼	yumi	l05c3
Taikun Bow	多殻弓	多殼弓	yumi	l0615
"Taikun Bow ""Coix"""	多殻弓【鳩麦】	多殼弓【鳩麥】	yumi	l0616
"Taikun Bow ""Pennisetum"""	多殻弓【力芝】	多殼弓【力芝】	yumi	l0617
130F・灼零エルゼアロー	灼零エルゼアロー		yumi	l0f13
Dragon Head	龍頭琴	龍頭琴	yumi	l007a
Forte Bow I	フォルテ・ボウⅠ	強力弓Ⅰ	yumi	l0355
Forte Bow II	フォルテ・ボウⅡ	強力弓Ⅱ	yumi	l0356
Forte Bow III	フォルテ・ボウⅢ	強力弓Ⅲ	yumi	l0357
Forte Rada	フォルテラーダ	強力助攻	yumi	l0358
Fortea Flatus	フォルテアフラタス	強力快攻	yumi	l0534
Caravan Bow I	キャラバンボウⅠ	商隊弓Ⅰ	yumi	l0367
Caravan Bow II	キャラバンボウⅡ	商隊弓Ⅱ	yumi	l0368
Caravan Bow III	キャラバンボウⅢ	商隊弓Ⅲ	yumi	l0369
Caravan Bow IV	キャラバンボウⅣ	商隊弓Ⅳ	yumi	l036a
Caravan Bow V	キャラバンボウⅤ	商隊弓Ⅴ	yumi	l036b
Caravan Bow VI	キャラバンボウⅥ	商隊弓Ⅵ	yumi	l036c
Caravan Bow VII	キャラバンボウⅦ	商隊弓Ⅶ	yumi	l0622
Caravan Sun Bow	キャラバン燦弓	商隊燦弓	yumi	l0add
Caravan Sun Bow II	キャラバン燦弓Ⅱ	商隊燦弓Ⅱ	yumi	l0ade
Caravan Sun Bow III	キャラバン燦弓Ⅲ	商隊燦弓Ⅲ	yumi	l0adf
Argen Bow	アルゲンボウ	鋼金弓	yumi	l04cd
Argen Rook	アルゲンルーク	鋼金尖塔	yumi	l04ce
Zilvamist	ジルバミステル	銀白花環	yumi	l04cf
Zilvakapitel	ジルバカピテル	銀白石壁	yumi	l04d0
Flash Shadow Bow	閃影弓	閃影弓	yumi	l049e
"Flash Shadow Bow ""Quick"""	閃影弓【速】	閃影弓【速】	yumi	l049f
"Flash Shadow Bow ""Swift"""	閃影弓【迅】	閃影弓【迅】	yumi	l04a0
"Flash Shadow Bow ""Blink"""	閃影弓【瞬】	閃影弓【瞬】	yumi	l04a1
Black Bow	黒弓	黑弓	yumi	l04b2
"Black Bow ""Evening"""	黒弓【夜】	黑弓【夜】	yumi	l04b3
"Black Bow ""Night"""	黒弓【月夜】	黑弓【月夜】	yumi	l04b4
"Black Bow ""Eternity"""	黒弓【永夜】	黑弓【永夜】	yumi	l04b5
"Black Bow ""Mist"""	黒弓【朧夜】	黑弓【朧夜】	yumi	l0530
"Black Bow ""Darkness"""	黒弓【常闇】	黑弓【常闇】	yumi	l0581
Epidosis Bow I	エピドシスボウⅠ	進化弓Ⅰ	yumi	l061b
Epidosis Bow II	エピドシスボウⅡ	進化弓Ⅱ	yumi	l061c
Epidosis Bow III	エピドシスボウⅢ	進化弓Ⅲ	yumi	l061d
Cambio Bow I	カンビオボウⅠ	幻化弓Ⅰ	yumi	l061e
Cambio Bow II	カンビオボウⅡ	幻化弓Ⅱ	yumi	l061f
Cambio Bow III	カンビオボウⅢ	幻化弓Ⅲ	yumi	l0620
Infinity Bow	イニティボウ	初始弓	yumi	l06a5
Shipler Bow	シプレラボウ	元祖弓	yumi	l06ae
Velum Bow SPI	ベルムボウSPⅠ	暗幕之弓SPⅠ	yumi	l06af
Velum Bow SPIV	ベルムボウSPⅣ	暗幕之弓SPⅣ	yumi	l06b0
Velum Bow SPVII	ベルムボウSPⅦ	暗幕之弓SPⅦ	yumi	l06b1
A90C・パローネボウI	パローネボウⅠ		yumi	l0ca9
AA0C・パローネボウII	パローネボウⅡ		yumi	l0caa
AB0C・パローネボウIII	パローネボウⅢ		yumi	l0cab
Furon Cherry I	フルンチェリーⅠ	櫻花弓Ⅰ	yumi	l03c2
Furon Cherry II	フルンチェリーⅡ	櫻花弓Ⅱ	yumi	l03c3
Furon Cherry III	フルンチェリーⅢ	櫻花弓Ⅲ	yumi	l03c4
Furon Blossom	フルンブラッサム	盛開櫻花弓	yumi	l03c5
Feather Bow	フェザーボウ	鳥羽弓	yumi	l0427
Feather Hood	フェザーフッド	鳥羽千囀	yumi	l0428
Feather Crescent	フェザークレセント	鳥羽新月	yumi	l042a
2B04・グリテベール	グリテベール	毒鳥弓	yumi	l042b
2C04・グリテニーシュ	グリテニーシュ	毒鳥上弓	yumi	l042c
2D04・グリテマフィン	グリテマフィン	紫霞幻弓	yumi	l042d
2E04・グリテレーツェル	グリテレーツェル	紫霞秘弓	yumi	l042e
Breath Scissor	ブレス・シザー	氣息雙鉗弓	yumi	l0475
Sigh Scissor	サイ・シザー	嘆息雙鉗弓	yumi	l0476
Gasp Scissor	ガスプ・シザー	喘息雙鉗弓	yumi	l0477
Choke Scissor	チョーク・シザー	窒息雙鉗弓	yumi	l0478
Queen Blaster	飛炎弓リオヴェント	疾風飛炎弓	yumi	l04da
Queen's Melody	飛炎弓リオトルネード	龍捲風飛炎弓	yumi	l04db
Queen's Rhapsody	飛炎弓リオフォラータ	飛炎弓狂風	yumi	l04dc
Queen's Blitz	飛炎弓リオブリッツ	雷光飛炎弓	yumi	l04dd
Quiet Plesioth Bow	水竜弓【静】	水龍弓【靜】	yumi	l04de
Motion Plesioth Bow	水竜弓【動】	水龍弓【動】	yumi	l04df
Violent Plesioth Bow	水竜弓【暴】	水龍弓【暴】	yumi	l04e0
Ferocious Plesioth Bow	水竜弓【猛】	水龍弓【猛】	yumi	l04e1
Akantor Bow	覇帝弓アイカムトルム	霸帝弓	yumi	l0516
Akantor Supremacy	覇帝弓カンカムトルム	霸帝弓霸龍	yumi	l0517
Akantor Commandment	覇帝弓クンカムトルム	霸帝弓大霸龍	yumi	l0518
Akantor Tyranny	覇帝弓アシカムトルム	霸帝弓巨霸龍	yumi	l0519
Frost Bow	氷雪弓	冰雪弓	yumi	l055d
"Frost Bow ""Cold Wave"""	氷雪弓【寒波】	冰雪弓【寒波】	yumi	l055e
"Frost Bow ""Ice Flower"""	氷雪弓【寒花】	冰雪弓【寒花】	yumi	l055f
"Frost Bow ""Northwind"""	氷雪弓【寒風】	冰雪弓【寒風】	yumi	l0560
Kirschfeuer	キルシュ・フォイア	櫻色火花	yumi	l05c6
Kirschflamme	キルシュ・フランメ	櫻色緋炎	yumi	l05c7
Kirschhitze	キルシュ・ヒッツェ	櫻色熱浪	yumi	l05c8
Kirschsonne	キルシュ・ゾンネ	櫻色艷陽	yumi	l05c9
Daora's Cisne I	シスネ＝ダオラⅠ	鋼龍天鵝弓Ⅰ	yumi	l0117
Daora's Cisne II	シスネ＝ダオラⅡ	鋼龍天鵝弓Ⅱ	yumi	l0118
Daora's Gurua	グルア＝ダオラ	鋼龍天鶴弓	yumi	l061a
Daora's Anguila	アグィラ＝ダオラ	鋼龍天鷹弓	yumi	l064d
Daora's Anguilon	アグィロン＝ダオラ	翔鷹鋼龍弓	yumi	l074a
Daora's Purgatory	パーガトリ＝ダオラ	煉獄鋼弓	yumi	l0b76
Daora's Almatol	アルモタル＝ダオラ		yumi	l0cf6
Flamingo Thunder Bow	真舞雷弓【紅鶴】	真舞雷弓【紅鶴】	yumi	l0127
Herald Thunderdance Bow	真舞雷弓【翔鶴】	真舞雷弓【翔鶴】	yumi	l02a3
True Crane Thunder Bow	真舞雷極弓【瑞鶴】	真舞雷極弓【瑞鶴】	yumi	l05e3
True Phoenix Thunder Bow	真舞雷極弓【鳳翔】	真舞雷極弓【鳳翔】	yumi	l064e
True Pheonix Dance Bow	真舞雷極弓【鳳舞】	真舞雷極弓【鳳舞】	yumi	l074b
True Feng Darkbolt Bow	真舞雷極弓【鳳嵐】	真舞雷極弓【鳳嵐】	yumi	l08bc
True Flamingo Darkbolt B	真冥雷凄弓【紅鶴】	真冥雷凄弓【紅鶴】	yumi	l03be
True Shokaku DarkboltBow	真冥雷凄弓【翔鶴】	真冥雷凄弓【翔鶴】	yumi	l03bf
Phantom Thunderbreak Bow	幻雷弓【雷破】	幻雷弓【雷破】	yumi	l02ca
Phantom Thunderstorm Bow	幻雷弓【雷霆】	幻雷弓【雷霆】	yumi	l02cb
Dodon Arch	ドドン・アーチ	吞吞·弧弓	yumi	l02e8
Dodon Crescent	ドドン・クレセント	吞吞·新月	yumi	l02e9
Dodonga Eclipse	ドドンガ・イクリプス	極吞吞·月蝕	yumi	l0400
Dondon Void	ドドンガ・ヴォイド	極吞吞·虛無	yumi	l0131
Dodonga Note	ドドンガ・ノート	極吞吞·紀錄	yumi	l0748
Dodonga Force	ドドンガ・フォース	極吞吞·力量	yumi	l08be
Dododonga Badr	ドドドンガ・バドル	ドドドンガ·バドル	yumi	l0b8b
"Sky Wolf Gun ""Rainfall"""	天狼弓【時雨】	天狼弓【時雨】	yumi	l030d
"Sky Wolf Gun ""Monsoon"""	天狼弓【村雨】	天狼弓【村雨】	yumi	l030e
Luna's Temptation	炎妃弓【誘惑】	炎妃弓【誘惑】	yumi	l0351
Luna's Coquetry	炎妃弓【媚態】	炎妃弓【媚態】	yumi	l0352
Forte Ranpo	フォルテランポ	強力電光	yumi	l0386
Forte Crescente	フォルテクレシェンテ	強力新月	yumi	l0387
Nebula Ark	ネブラアルク	星雲弧弓	yumi	l03c0
Nebula Harp	ネブラハープ	星雲豎琴	yumi	l03c1
Steel Shellking Bow	殻王弓【鋼】	殼王弓【鋼】	yumi	l03fa
Iron Wall Shellking Bow	殻王弓【鉄壁】	殼王弓【鐵壁】	yumi	l03fb
"Fury Bow ""Blizzard"""	怒髪絶弓【風雪】	怒髮絕弓【風雪】	yumi	l0473
"Fury Bow ""Winter"""	怒髪絶弓【冬景色】	怒髮絕弓【冬景色】	yumi	l0474
"FuryBow""Sakurastorm"""	怒髪獄絶弓【桜吹雪】	怒髮獄絕弓【櫻吹雪】	yumi	l05ca
4C06・怒髪獄絶弓【千本桜】	怒髪獄絶弓【千本桜】	怒髮獄絕弓【千本櫻】	yumi	l064c
"Fury Bow ""Blossom"""	怒髪獄絶弓【散桜花】	怒髮獄絕弓【櫻散花】	yumi	l0749
"Angryhair Bow ""Bloom"""	怒髪烈絶弓【再桜花】	怒髪烈絶弓【再桜花】	yumi	l0c6c
"Angryhair Bow""Flowering"""	怒髪始絶弓【桜咲良】	怒髪始絶弓【桜咲良】	yumi	l0c6d
"Scarlet Bow ""Eagle Eye"""	緋猛弓【鷲目】	緋猛弓【鷲目】	yumi	l0514
"Scarlet Bow ""Hawk Eye"""	緋猛弓【鷹目】	緋猛弓【鷹目】	yumi	l0515
Himmel Level	ヒンメル・レベル	叛逆天空	yumi	l055b
Blitz Level	ブリッツ・レベル	叛逆雷光	yumi	l055c
Niger L. Ruko	ニゲル・Ｌ・アーラ	暗黑·L·翼	yumi	l05c4
Niger's Luna	ニゲル＝ルナ	暗黑·月	yumi	l05c5
"Great Taikun Bow ""Briza"""	多殻強弓【小判草】	多殼強弓【小判草】	yumi	l0618
"Great Taikun Bow ""Ubume"""	多殻強弓【今芽樫】	多殼強弓【今芽櫧】	yumi	l0619
Tita Ruda	ティタ・ルエーダ	狠鬥·戰輪	yumi	l0744
Tita Soldier	ティタ・ソルタ	狠鬥·戰士	yumi	l0745
Tita Ducha	ティタ・デュチャ	狠鬥·爭奪	yumi	l0746
Tita L. Arc	ティタ・Ｌ・アルコ	狠鬥·Ｌ·虹彩	yumi	l0747
Baru Bloodease	バル・ヤスロク	噬血·安樂	yumi	l083c
Baru Bloodvessel	バル・ヤドハク	噬血·不懼	yumi	l083e
Baru Bloodpower	バル・ヤフケド	噬血·勇行	yumi	l0840
Baru Bloodpure	バル・ヤブタセム	噬血·淨化	yumi	l0842
B908・バル・ノート	バル・ノート	噬血·書記	yumi	l08b9
8A0B・バル・ハウフ	バル・ハウフ	バル·ハウフ	yumi	l0b8a
Zeru Archer [Light]	輝界白竜弓【光射】	輝界白龍弓【光射】	yumi	l0836
Zeru Archer [Gleam]	輝界白竜弓【輝射】	輝界白龍弓【輝射】	yumi	l0837
Zeru Archer [Dazzle]	輝界白竜弓【眩射】	輝界白龍弓【眩射】	yumi	l0838
Zeru Archer [Shine]	輝界白竜弓【耀射】	輝界白龍弓【耀射】	yumi	l0839
Zeru Archer [Luster]	輝界白竜弓【煌射】	輝界白龍弓【煌射】	yumi	l083a
B308・コーレリグト	コーレリグト	玄影迴盪	yumi	l08b3
B408・コーレリスド	コーレリスド	玄影排序	yumi	l08b4
B508・コーレリザード	コーレリザード	玄影毒蜥	yumi	l08b5
B608・コーレリグネイド	コーレリグネイド	玄影凝結	yumi	l08b6
B708・コーレリシュラード	コーレリシュラード	玄影穿透	yumi	l08b7
EE0C・コーレリィン	コーレリィン		yumi	l0cee
Furoru Flamme	フロルフランマ	花漾·火焰	yumi	l0a0b
Furoru Premia	フロルプラーミア	花漾·烈焰	yumi	l0a0c
Furoru Tanz	フロルタンセル	花漾·單細胞	yumi	l0a0d
Furoru Tira	フロルティッラ	花漾·盛開	yumi	l0a0e
0F0A・フロルダティフィス	フロルダティフィス	花漾·花焰	yumi	l0a0f
FD0D・フロル＝ブルーチャ	フロル＝ブルーチャ		yumi	l0dfd
Dio Atizmo	ディルアティズモ	怒神鎧弓	yumi	l0a27
Dio Calamity	ディルアカラミータ	磁石鎧弓	yumi	l0a28
Dio Brachial	ディルアブルッフラ	萬磁鎧弓	yumi	l0a29
Dio Absolute	ディルアブッソール	海磁鎧弓	yumi	l0a2a
Dio Annihilate	ディルアネレイト	衛星鎧弓	yumi	l0a2b
7E0A・ネグルドカウス	ネグルドカウス	雅瑟長弓	yumi	l0a7e
7F0A・ネグルドハース	ネグルドハース	雅瑟迅弓	yumi	l0a7f
800A・ネグルドヴェロス	ネグルドヴェロス	雅瑟飛矢	yumi	l0a80
810A・ネグルドサギッタ	ネグルドサギッタ	雅瑟奪命簇	yumi	l0a81
820A・ネグルドルークソン	ネグルドルークソン	雅瑟飛擊矢	yumi	l0a82
6B0C・ネグルドスパーチ	ネグルドスパーチ	ネグルドスパーチ	yumi	l0c6b
FD0A・バレナロヴェ	バレナロヴェ	鯨鳴火光	yumi	l0afd
FE0A・バレナランポ	バレナランポ	鯨鳴雷電	yumi	l0afe
FF0A・バレナバレーノ	バレナバレーノ	鯨鳴閃光	yumi	l0aff
000B・バレナローチェ	バレナローチェ	鯨鳴雷霆	yumi	l0b00
010B・バレナテンペ	バレナテンペ	鯨鳴風暴	yumi	l0b01
6E0C・バレナジャンナ	バレナジャンナ	バレナジャンナ	yumi	l0c6e
6F0B・炎角弓【赤秀】	炎角弓【赤秀】	炎角弓【赤秀】	yumi	l0b6f
700B・炎角弓【枸杞】	炎角弓【枸杞】	炎角弓【枸杞】	yumi	l0b70
710B・炎角弓【山茱萸】	炎角弓【山茱萸】	炎角弓【山茱萸】	yumi	l0b71
720B・炎角弓【花水木】	炎角弓【花水木】	炎角弓【花水木】	yumi	l0b72
730B・炎角弓【爆蘭】	炎角弓【爆蘭】	炎角弓【爆蘭】	yumi	l0b73
FF0D・炎角始弓【金糸梅】	炎角始弓【金糸梅】		yumi	l0dff
Watervale Fortress Bow	水砦弓【水簾】	水砦弓【水簾】	yumi	l0b82
Waterfall Fortress Bow	水砦獄弓【飛泉】	水砦獄弓【飛泉】	yumi	l0b83
Fountain Fortress Bow	水砦獄弓【飛湍】	水砦獄弓【飛湍】	yumi	l0b84
Cascade Fortress Bow	水砦獄弓【瀑布】	水砦獄弓【瀑布】	yumi	l0b85
Torrent Fortress Bow	水砦烈弓【奔湍】	水砦烈弓【奔湍】	yumi	l0b86
Abyssal Fortress Bow	水砦始弓【淵瀬】	水砦始弓【淵瀬】	yumi	l0b87
1B0C・怒貌弓【変化】	怒貌弓【変化】	怒貌弓【変化】	yumi	l0c1b
1C0C・怒貌獄弓【変貌】	怒貌獄弓【変貌】	怒貌獄弓【変貌】	yumi	l0c1c
1D0C・怒貌獄弓【一変】	怒貌獄弓【一変】	怒貌獄弓【一変】	yumi	l0c1d
1E0C・怒貌獄弓【二面】	怒貌獄弓【二面】	怒貌獄弓【二面】	yumi	l0c1e
1F0C・怒貌烈弓【本性】	怒貌烈弓【本性】	怒貌烈弓【本性】	yumi	l0c1f
200C・怒貌始弓【真性】	怒貌始弓【真性】	怒貌始弓【真性】	yumi	l0c20
Floating Meadows Bow	浮峰弓【緑野】	浮峰弓【緑野】	yumi	l0c61
Floating Plains Bow	浮峰弓【平蕪】	浮峰弓【平蕪】	yumi	l0c62
Floating Hills Bow	浮峰弓【野阜】	浮峰弓【野阜】	yumi	l0c63
Floating Highlands Bow	浮峰弓【野面】	浮峰弓【野面】	yumi	l0c64
Floating Mount Bow	浮峰弓【円丘】	浮峰弓【円丘】	yumi	l0c65
Floating Mountain Bow	浮峰弓【山塊】	浮峰弓【山塊】	yumi	l0c66
Imperial Bow	帝征弓		yumi	l0d1c
Imperial Authority Bow	帝征弓【偉力】		yumi	l0d1d
Imperial Power Bow	帝征弓【権力】		yumi	l0d1e
Imperial Influence Bow	帝征獄弓【威力】		yumi	l0d1f
Imperial Faith Bow	帝征烈弓【信力】		yumi	l0d20
Imperial Courage Bow	帝征始弓【勇力】		yumi	l0d21
"Scarlet Bow ""Crimson"""	緋色ノ弓【赤】	緋色弓【赤】	yumi	l04ab
"Scarlet Bow ""Vermillion"""	緋色ノ弓【朱】	緋色弓【朱】	yumi	l04ac
"Scarlet Bow ""Flame"""	緋色ノ弓【焔】	緋色弓【焰】	yumi	l04ad
Albu Bow	アルブボウ	白之弓	yumi	l0319
Album Bow	アルブムボウ	潔白之弓	yumi	l031a
Albuin Bow	アルブィンボウ	冷冽白弓	yumi	l031b
Albumagi Bow	アルブマギセクタ	冰封白弓	yumi	l031c
Albur Bow	アルブルボウ	寒氣白弓	yumi	l0ae3
Albun Bow	アルブンボウ	凜冽白弓	yumi	l0ae4
Alulu Bow	アルルルボウ	冰結白弓	yumi	l0ae5
Drizzle Bow	時雨ノ弓	時雨弓	yumi	l04a6
"Drizzle Bow ""Drop"""	時雨ノ弓【雫】	時雨弓【滴】	yumi	l04a7
"Drizzle Bow ""Mist"""	時雨ノ弓【霧】	時雨之弓【霧】	yumi	l04a8
"Drizzle Bow ""Cloud"""	時雨ノ弓【雲】	時雨弓【雲】	yumi	l04a9
Cardo Bow	カルドボウ	地獄弓	yumi	l0443
Cardo Rook	カルドルーク	地獄尖塔	yumi	l0444
Cardo Arc	カルドアルク	地獄弧弓	yumi	l0445
Rote Mistel	ロートミステル	紅色花環	yumi	l0446
Rotes Kapitel	ロートカピテル	紅色石壁	yumi	l0447
Rote Reise	ロートライゼ	紅色歷險	yumi	l0a3b
Partner Bow	パルトナボウ	戰友弓	yumi	l0a3c
Partner Rook	パルトナルーク	戰友尖塔	yumi	l0a3d
Cardo Strier	カルドストリエ	地獄荒漠	yumi	l0570
Cardo Stark	カルドスローク	地獄音節	yumi	l0571
Rotglanz	ロートグランツ	紅色光輝	yumi	l0572
Rotstern	ロートシュテル	紅色星光	yumi	l0573
Noble Alert	ノーブルアラート	崇高警戒	yumi	l081c
Noble Alcaide	ノーブルアルケイド	高貴戒備	yumi	l081d
Noble Arcuda	ノーブルアルクード	崇高境地	yumi	l081e
1F08・アスールエヘルシト	アスールエヘルシト	湛藍戰鬥弓	yumi	l081f
Eques Bow	エクエスボウ	騎士弓	yumi	l03c6
Eques Rook	エクエスルーク	騎士尖塔	yumi	l03c7
Eques Arc	エクエスアルク	騎士弧弓	yumi	l03c8
Weiss Mystel	ヴァイスミステル	白色花環	yumi	l03c9
Weiskapitel	ヴァイスカピテル	白色石壁	yumi	l04c1
Strega Bow	ストレガボウ	魔女弓	yumi	l03ca
Streag Rook	ストレガルーク	魔女尖塔	yumi	l03cb
Strega Ark	ストレガアルク	魔女弧弓	yumi	l03cc
Schwarz Mistel	シュヴァルツミステル	黑色花環	yumi	l03cd
Schwarzkapitel	シュヴァルツカピテル	黑色石壁	yumi	l04c2
Schwarzriese	シュヴァルツライゼ	黑色歷險	yumi	l0621
Eques Story	エクエスストリエ	騎士荒漠	yumi	l0494
Eques Law	エクエススローク	騎士音節	yumi	l0495
Eques Strada	エクエスストラーダ	騎士之道	yumi	l0496
Weissglanz	ヴァイスグランツ	白色光輝	yumi	l0497
Weissstern	ヴァイスシュテル	白色星光	yumi	l0498
Strega's Story	ストレガストリエ	魔女荒漠	yumi	l0499
Strega's Law	ストレガスローク	魔女音節	yumi	l049a
Strega Strada	ストレガストラーダ	魔女之道	yumi	l049b
Schwarzglanz	シュヴァルツグランツ	黑色光輝	yumi	l049c
Schwarzstern	シュヴァルツシュテル	黑色星光	yumi	l049d
Schwarztraene	シュヴァルツトレーネ	黑色淚滴	yumi	l0580
Aurora Bow	オーロワボウ	金黃弓	yumi	l05d0
Aurora Rook	オーロワルーク	金黃尖塔	yumi	l05d1
Goldmistel	ゴルトミステル	黃金花環	yumi	l05d2
Goldkapitel	ゴルトカピテル	黃金石壁	yumi	l05d3
Goldreise	ゴルトライゼ	黃金歷險	yumi	l05d4
1D0A・ルレードワゾー	ルレードワゾー	熾紅飛鳥	yumi	l0a1d
1E0A・ルレードモワーノ	ルレードモワーノ	熾紅飛雀	yumi	l0a1e
1F0A・シャロンイロンデル	シャロンイロンデル	冥神飛燕	yumi	l0a1f
200A・シャロンフォコン	シャロンフォコン	冥神雄鷹	yumi	l0a20
8E0A・ノーベルワゾー	ノーベルワゾー	無畏飛鳥	yumi	l0a8e
8F0A・ノーベルモワーノ	ノーベルモワーノ	無畏青鳥	yumi	l0a8f
900A・ゲイオンイロンデル	ゲイオンイロンデル	忠誠飛燕	yumi	l0a90
910A・ゲイオンフォコン	ゲイオンフォコン	忠誠飛鷹	yumi	l0a91
520B・オーロワストリエ	オーロワストリエ	金黃荒漠	yumi	l0b52
530B・オーロワスローク	オーロワスローク	金黃音節	yumi	l0b53
Goldstern	ゴルトシュテル	黃金星光	yumi	l0b54
Goldtraene	ゴルトトレーネ	黃金淚滴	yumi	l0b55
770B・ヴィレストリエ	ヴィレストリエ	意志荒漠	yumi	l0b77
780B・ヴィレスローク	ヴィレスローク	意志音節	yumi	l0b78
790B・ルストシュテル	ルストシュテル	愉悅星塵	yumi	l0b79
7A0B・ルストトレーネ	ルストトレーネ	愉悅淚滴	yumi	l0b7a
070C・バルザガヴィミラ	バルザガヴィミラ	バルザガヴィミラ	yumi	l0c07
080C・バルザガミラニエ	バルザガミラニエ	バルザガミラニエ	yumi	l0c08
090C・リートスザオバー	リートスザオバー	リートスザオバー	yumi	l0c09
0A0C・リートスグーテ	リートスグーテ	リートスグーテ	yumi	l0c0a
D80D・ソルエルヴィミラ	ソルエルヴィミラ		yumi	l0dd8
D90D・ソルエルミラニエ	ソルエルミラニエ		yumi	l0dd9
DA0D・シュヴァルツザオバー	シュヴァルツザオバー		yumi	l0dda
DB0D・ゲヴィッタヴィミラ	ゲヴィッタヴィミラ		yumi	l0ddb
Vola Arrow	ヴォーラアロー		yumi	l0e9f
Vola Arrow+	ヴォーラアロー・改		yumi	l0ea0
True Vola Arrow	ヴォーラアロー・真		yumi	l0ea1
Alvola Arrow	アルヴォーラアロー		yumi	l0ea2
0F0F・アズラクエグディラ	アズラクエグディラ		yumi	l0f0f
100F・ルラキエグディラ	ルラキエグディラ		yumi	l0f10
110F・ガルボイエグディラ	ガルボイエグディラ		yumi	l0f11
120F・ニリィエグディラ	ニリィエグディラ		yumi	l0f12
Ruberarc	ルベルアルコ		yumi	l0f2d
Ruberarc+	ルベルアルコ・改		yumi	l0f2e
True Ruberarc	ルベルアルコ・真		yumi	l0f2f
Terra Ruberarc	テラルベルアルコ		yumi	l0f30
Final Ravina Arrow	ラヴィナアロー		yumi	l0f6e
Ravina Arrow+	ラヴィナアロー・改		yumi	l0f6f
True Ravina Arrow	ラヴィナアロー・真		yumi	l0f70
Dua Bowgun	デュアボーゲン		yumi	l0f95
Dua Bowgun+	デュアボーゲン・改		yumi	l0f96
True Dua Bowgun	デュアボーゲン・真		yumi	l0f97
Esdua Bowgun	エスデュアボーゲン		yumi	l0f98
Chroma Arrow	クロマアロー		yumi	l1029
Chroma Arrow+	クロマアロー・改		yumi	l102a
True Chroma Arrow	クロマアロー・真		yumi	l102b
Final Chroma Arrow	クローマアロー		yumi	l102c
Poet Arrow	ポエトアロー		yumi	l104f
Poet Arrow+	ポエトアロー・改		yumi	l1050
True Poet Arrow	ポエトアロー・真		yumi	l1051
Poetry Arrow	ポエトリアロー		yumi	l1052
Cherny Bow	アートルボウ	黑之弓	yumi	l031d
Great Cherny Bow	アートルムボウ	暗之弓	yumi	l031e
Royal Cherny Bow	アートルンボウ	漆黑之弓	yumi	l031f
Supreme Cherny Bow	アートルメンティア	黑夜之弓	yumi	l0320
DD05・アートルマックス	アートルマックス	極暗之弓	yumi	l05dd
Indigo Bow	藍色ノ弓	藍色弓	yumi	l04a2
"Indigo Bow ""Blue"""	藍色ノ弓【青】	藍色弓【青】	yumi	l04a3
"Indigo Bow ""Navy"""	藍色ノ弓【紺】	藍色弓【紺】	yumi	l04a4
"Indigo Bow ""Quiet"""	藍色ノ弓【静】	藍色弓【靜】	yumi	l04a5
"Indigo bow ""Winter"""	藍色ノ弓【冬】	藍色弓【冬】	yumi	l05d9
D705・オステオン・パウーク	オステオン・パウーク	蜘蛛骨弓	yumi	l05d7
Light Liebe	ライトリーベ	淺戀之弓	yumi	l02bd
Middle Liebe	ミドルリーベ	愛之弓	yumi	l02be
Deep Liebe	ディープリーベ	深愛之弓	yumi	l02bf
True Liebe	トゥルーリーベ	真愛之弓	yumi	l02c0
Heart Shooter	ハートシューター	真心狩獵者	yumi	l0578
Critical Heart	クリティカルハート	直擊紅心	yumi	l0825
Heart Sniper	ハートスナイパー	狙心者	yumi	l0824
Rojo Kerze	ルージュ・ケルツェ	嫣紅火光	yumi	l0315
Rojo Flamme	ルージュ・フランメ	嫣紅火炎	yumi	l0316
Rojo Gluhen	ルージュ・グリュエン	嫣紅白光	yumi	l0317
Rouge Vulcan	ルージュ・ヴルカーン	嫣紅火山	yumi	l0318
Lunar Bale	ルナ・ベール	見月弓	yumi	l0311
Lunar Zien	ルナ・ゼーエン	賞月弓	yumi	l0312
Lunar View	ルナ・ヴォワーレ	觀月弓	yumi	l0313
Lunar Vedere	ルナ・ヴェデーレ	守月弓	yumi	l0314
Lunar Volar	ルナ・ヴォラル	顧月弓	yumi	l05d5
Lunar Eclipse	ルナ・リシエイン	月蝕	yumi	l0ad6
Lunar Plague	ルナ・スペト		yumi	l0fd2
Luna Varo	ルナ・ヴァーロ		yumi	l0fd3
Luna Taurus	ルナ・タウルス		yumi	l0fd4
Luna Luminous	ルナ・ルミナス		yumi	l0fd5
Lunar Saltar	ルナ・サルタル	望月弓	yumi	l05d6
Clockwork Bow	蒸気式機工弓	蒸氣式機工弓	yumi	l03ce
Clockwork Bow+	蒸気式機工弓改	蒸氣式機工弓·改	yumi	l03cf
New Clockwork Bow	新・蒸気式機工弓	新·蒸氣式機工弓	yumi	l03d0
Super Clockwork Bow	超蒸気式機工弓	超蒸氣式機工弓	yumi	l03d1
C404・相互ラグマ式放雷弓	相互ラグマ式放雷弓	相互拉古瑪式放雷弓	yumi	l04c4
3C07・相互グロル式蓄雷弓	相互グロル式蓄雷弓	相互古洛魯式蓄雷弓	yumi	l073c
Amicus Arc I	アミクスアルクスⅠ	摯友弧弓Ⅰ	yumi	l03fc
Amicus Arc II	アミクスアルクスⅡ	摯友弧弓Ⅱ	yumi	l03fd
Amicus Arc III	アミクスアルクスⅢ	摯友弧弓Ⅲ	yumi	l03fe
Amicus Arc IV	アミクスアルクスⅣ	摯友弧弓Ⅳ	yumi	l03ff
Amicus Arc V	アミクスアルクスⅤ	摯友弧弓Ⅴ	yumi	l04c3
Amicus Arrow	アミクスアルウス	摯友勇氣	yumi	l05d8
Thunderclap Bow	迅雷弓	迅雷弓	yumi	l04ae
"Thndrclap Bow""Lightning"""	迅雷弓【稲妻】	迅雷弓【閃電】	yumi	l04af
"Thunderclap Bow ""Bolt"""	迅雷弓【稲光】	迅雷弓【電光】	yumi	l04b0
"Thunderclap Bow ""Glint"""	迅雷弓【閃光】	迅雷弓【閃光】	yumi	l04b1
Vashimu Bow	ヴァシムボウ	尾晶蠍弓	yumi	l052c
Vashimu Arrow	ヴァシムアロー	尾晶蠍矢	yumi	l052d
Vashimu Shot	ヴァシムシュート	尾晶蠍強擊	yumi	l052e
Vashimu Blaster	ヴァシムブラスター	尾晶蠍暴風	yumi	l052f
Vashimu Hope	ヴァシムホッパー	→ヴァシムホッパー	yumi	l0826
Vashimu Freedom	ヴァシムフリーダム	→ヴァシムフリーダム	yumi	l0827
Lucky Bow	ルークスボウ	幸運弓	yumi	l056c
Lucky Solis	ルークス・ソリス	幸運日	yumi	l056d
Lucky Lunar	ルークス・ルナエ	幸運月	yumi	l056e
Twilight	トワイライト	黎明	yumi	l056f
Lucky Dawn	ルークス・ドーン	幸運黎明	yumi	l0829
Dusk	ダスク	黃昏	yumi	l0828
Jebia Bow	ジェビアボウ	灰晶蠍弓	yumi	l05cb
Jebia Arrow	ジェビアアロー	灰晶蠍矢	yumi	l05cc
Jebia Shot	ジェビアシュート	灰晶蠍強擊	yumi	l05cd
Jebia Blaster	ジェビアブラスター	灰晶蠍衝擊	yumi	l05ce
Jebia Buster	ジェビアバスター	灰晶蠍暴風	yumi	l05cf
Snare Drum Sakura Bow	桃華弓【小鼓】	桃華弓【小鼓】	yumi	l0655
Snow Den Sakura Bow	桃華弓【雪洞】	桃華弓【雪洞】	yumi	l0656
Orchestra Sakura Bow	桃華弓【囃子】	桃華弓【囃子】	yumi	l0657
Hina Sakura bow	桃華梓弓【雛】	桃華梓弓【雛】	yumi	l0658
Grace Sakura Spirit Bow	桃華梓弓【麗】	桃華梓弓【麗】	yumi	l082b
Festival Sakura Bow	桃帝梓弓【春祭】		yumi	l0eb6
Aroma Sakura Spirit Bow	桃華梓弓【香】	桃華梓弓【香】	yumi	l082a
Wreath Bow	リースボウ	花圈弓	yumi	l0813
Awreath Bow	アリースボウ	聖誕花圈弓	yumi	l0814
Tsuwreath Bow	ツリースボウ	靜夜長弓	yumi	l0815
Dowreath Bow	ドリースボウ	聖夜長弓	yumi	l0816
Adret Wreath Bow	アドレットリースボウ	禮拜長弓	yumi	l0818
630F・ソーブリオリースボウ	ソーブリオリースボウ		yumi	l0f63
Filwreath Bow	フィリースボウ	歡慶長弓	yumi	l0817
Strafe Chista	ストラーフ・チスタ	恐懼·腐化	yumi	l068e
Strafe Zlowy	ストラーフ・ズローイ	恐懼·惡意	yumi	l068f
Strafe Gravy	ストラーフ・グラビー	恐懼·刀鋒	yumi	l0690
Vaultsquall	ヴォールクエル	神恩探求	yumi	l0691
Wisequall	ヴィッツクエル	睿智探求	yumi	l0692
BB0A・プテリュクス	プテリュクス	振翅長弓	yumi	l0abb
BC0A・プテリュクス・クポス	プテリュクス・クポス	振翅長弓·羽	yumi	l0abc
BD0A・プテリュクス・カロス	プテリュクス・カロス	振翅長弓·翔	yumi	l0abd
BE0A・プテリュクス・エウカ	プテリュクス・エウカ	振翅長弓·翼	yumi	l0abe
BF0A・プテリュクス・サギニ	プテリュクス・サギニ	振翅長弓·飛	yumi	l0abf
C00A・プテリュクス・アステ	プテリュクス・アステ	振翅長弓·空	yumi	l0ac0
7C0B・鎧兜弓	鎧兜弓	鎧兜弓	yumi	l0b7c
7D0B・鎧兜弓【菖蒲】	鎧兜弓【菖蒲】	鎧兜弓【菖蒲】	yumi	l0b7d
7E0B・鎧兜弓【皐月】	鎧兜弓【皐月】	鎧兜弓【皋月】	yumi	l0b7e
7F0B・鎧兜弓【柏】	鎧兜弓【柏】	鎧兜弓【柏】	yumi	l0b7f
800B・鎧兜弓【尚武】	鎧兜弓【尚武】	鎧兜弓【尚武】	yumi	l0b80
E90B・レーサルリング	レーサルリング	レーサルリング	yumi	l0be9
EA0B・フラールリング	フラールリング	フラールリング	yumi	l0bea
EB0B・エーテルリング	エーテルリング	エーテルリング	yumi	l0beb
EC0B・セグターリング	セグターリング	セグターリング	yumi	l0bec
ED0B・フリューゲルリング	フリューゲルリング	フリューゲルリング	yumi	l0bed
F80B・ホート・アークス	ホート・アークス	ホート·方舟ス	yumi	l0bf8
F90B・ルベール・アークス	ルベール・アークス	ルベール·方舟ス	yumi	l0bf9
FA0B・アークスロアー	アークスロアー	方舟スロアー	yumi	l0bfa
FB0B・アークスルード	アークスルード	方舟スルード	yumi	l0bfb
Cherry Blossom Bow	桜花弓		yumi	l0ce1
Shaking Cherry Blossoms	桜花揺弓		yumi	l0ce2
Dancing Cherry Blossoms	桜花舞弓		yumi	l0ce3
Falling Cherry Blossoms	桜花飛弓		yumi	l0ce4
Shining Cherry Blossoms	桜花閃弓		yumi	l0ce5
FC0C・幻影ノ霞払イシ弓	幻影ノ霞払イシ弓		yumi	l0cfc
Patchin Guuku I	ぱっちんグークⅠ		yumi	l0d40
Patchin Guuku II	ぱっちんグークⅡ		yumi	l0d41
Patchin Guuku III	ぱっちんグークⅢ		yumi	l0d42
220E・磁界ノ王ヲ征ス弓	磁界ノ王ヲ征ス弓		yumi	l0e22
BD0E・暴乱ヲ鎮圧ス天雷弓	暴乱ヲ鎮圧ス天雷弓		yumi	l0ebd
1C0F・磁界ヲ滅ボス弓	磁界ヲ滅ボス弓		yumi	l0f1c
Wisebourne	ヴィッツボーン		yumi	l0eb0
Wisedrill	ヴィッツドリル		yumi	l0eb1
Wisemetal	ヴィッツメタル		yumi	l0eb2
B30E・ヴィッツリバーン	ヴィッツリバーン		yumi	l0eb3
Elzelion Guuku I	えるぜりおんグークⅠ		yumi	l0f14
Elzelion Guuku II	えるぜりおんグークⅡ		yumi	l0f15
Elzelion Guuku III	えるぜりおんグークⅢ		yumi	l0f16
Elzelion Guuku IV	えるぜりおんグークⅣ		yumi	l0f17
Elze Guuku Kuak Kuak	えるぜグークグワワッ		yumi	l0f18
"Resolute Arch ""New"""	決意の弓【新】		yumi	l0fa5
"Resolute Arch ""Lunge"""	決意の弓【進】		yumi	l0fa6
"Resolute Arch ""Faith"""	決意の弓【信】		yumi	l0fa7
"Resolute Arch ""Heart"""	決意の弓【心】		yumi	l0fa8
"Resolute Arch ""Truth"""	決意の弓【真】		yumi	l0fa9
"Resolute Arch ""Divine"""	決意の弓【神】		yumi	l0faa
2D10・ペプトコス	ペプトコス		yumi	l102d
2E10・ペプトコス・タミエル	ペプトコス・タミエル		yumi	l102e
2F10・ペプトコス・アンバー	ペプトコス・アンバー		yumi	l102f
Einzel Arrow	エインセルアロー		yumi	l0735
Einzel Shard	エインセルシャード		yumi	l0736
Einzel Herald	エインセルヘラルド		yumi	l0737
Einzel Nature	エインセルネイチャー		yumi	l0738
Einzel Reveri	エインセルレヴェリ		yumi	l0739
Elfen Whisper	エルヴンウィスパー		yumi	l073a
Regalia I	レガーリアⅠ		yumi	l0bdf
Regalia II	レガーリアⅡ		yumi	l0be0
Regalia III	レガーリアⅢ		yumi	l0be1
Dinar Regalia	ディナトレガーリア		yumi	l0be2
Hiroz Regalia	ヒローツレガーリア		yumi	l0be3
Steel Raven I	スティールレイヴンⅠ	鋼鐵烏鴉Ⅰ	yumi	l00b1
Steel Raven II	スティールレイヴンⅡ	鋼鐵烏鴉Ⅱ	yumi	l00b3
Steel Raven III	スティールレイヴンⅢ	鋼鐵烏鴉Ⅲ	yumi	l00b4
Steel Raven IV	スティールレイヴンⅣ	鋼鐵烏鴉Ⅳ	yumi	l00e4
Steel Raven V	スティールレイヴンⅤ	鋼鐵烏鴉Ⅴ	yumi	l0329
Steel Raven VI	スティールレイヴンⅥ	鋼鐵烏鴉Ⅵ	yumi	l0743
Steel Raven VII	スティールレイヴンⅦ	鋼鐵烏鴉Ⅶ	yumi	l0b46
スティールレイヴンVIII	スティールレイヴンⅧ	鋼鐵烏鴉Ⅷ	yumi	l0b47
スティールレイヴンIX	スティールレイヴンⅨ	鋼鐵烏鴉Ⅸ	yumi	l0b68
Saphire RavenI	サフィールレイヴンⅠ	蒼玉烏鴉Ⅰ	yumi	l0299
Saphire Raven II	サフィールレイヴンⅡ	蒼玉烏鴉Ⅱ	yumi	l029a
Saphire Raven III	サフィールレイヴンⅢ	蒼玉烏鴉Ⅲ	yumi	l029b
Saphire Raven IV	サフィールレイヴンⅣ	蒼玉烏鴉Ⅳ	yumi	l029c
Sapphir Raven V	サフィールレイヴンⅤ	蒼玉烏鴉Ⅴ	yumi	l05de
Rubino Raven I	ルビーノレイヴンⅠ	紅石烏鴉Ⅰ	yumi	l02ce
Rubino Raven II	ルビーノレイヴンⅡ	紅石烏鴉Ⅱ	yumi	l02cf
Rubino Raven III	ルビーノレイヴンⅢ	紅石烏鴉Ⅲ	yumi	l02d0
Rubino Raven IV	ルビーノレイヴンⅣ	紅石烏鴉Ⅳ	yumi	l02d1
Rubino Raven V	ルビーノレイヴンⅤ	紅石烏鴉Ⅴ	yumi	l0361
Rubino Raven VI	ルビーノレイヴンⅥ	紅石烏鴉Ⅵ	yumi	l0633
Rubino Raven VII	ルビーノレイヴンⅦ		yumi	l0dba
ルビーノレイヴンVIII	ルビーノレイヴンⅧ		yumi	l0dbb
ルビーノレイヴンIX	ルビーノレイヴンⅨ		yumi	l0dbc
Citrine Raven I	シトリアレイヴンⅠ	黃寶烏鴉Ⅰ	yumi	l0394
Citrine Raven II	シトリアレイヴンⅡ	黃寶烏鴉Ⅱ	yumi	l0395
Citrine Raven III	シトリアレイヴンⅢ	黃寶烏鴉Ⅲ	yumi	l0396
Citrine Raven IV	シトリアレイヴンⅣ	黃寶烏鴉Ⅳ	yumi	l0397
Citrine Raven V	シトリアレイヴンⅤ	黃寶烏鴉Ⅴ	yumi	l0398
Amethyst Raven I	アメシスレイヴンⅠ	紫晶烏鴉Ⅰ	yumi	l0448
Amethyst Raven II	アメシスレイヴンⅡ	紫晶烏鴉Ⅱ	yumi	l0449
Amethyst Raven III	アメシスレイヴンⅢ	紫晶烏鴉Ⅲ	yumi	l044a
Amethyst Raven IV	アメシスレイヴンⅣ	紫晶烏鴉Ⅳ	yumi	l044b
Amethyst Raven V	アメシスレイヴンⅤ	紫晶烏鴉Ⅴ	yumi	l044c
Koenigin I	ケーニギンⅠ	ケーニギンⅠ	yumi	l0bc6
Koenigin II	ケーニギンⅡ	ケーニギンⅡ	yumi	l0bc7
Koenigin III	ケーニギンⅢ	ケーニギンⅢ	yumi	l0bc8
Schwarzkoenigin	シュバルトケーニギン	シュバルトケーニギン	yumi	l0bc9
Nachtkoenigin	ナハトケーニギン	ナハトケーニギン	yumi	l0bca
Carmine Bow I	カーミン・ボウⅠ	真紅之弓Ⅰ	yumi	l02f2
Carmine Bow II	カーミン・ボウⅡ	真紅之弓Ⅱ	yumi	l02f3
Carmine Bow III	カーミン・ボウⅢ	真紅之弓Ⅲ	yumi	l02f4
Crimson Bow	クリムゾン・ボウ	深紅之弓	yumi	l02f5
Le Rouge Crimson	ルルージャクリムゾン	真紅突擊之弓	yumi	l0901
Soul Star I	ソールスターⅠ	靈魂之星Ⅰ	yumi	l0325
Soul Star II	ソールスターⅡ	靈魂之星Ⅱ	yumi	l0326
Soul Star III	ソールスターⅢ	靈魂之星Ⅲ	yumi	l0327
Soul Planetes	ソールプラネテス	靈魂惑星	yumi	l0328
Soulpterxy	ソールプテリクス	靈魂猛禽之弓	yumi	l0903
Soul Asham	ソーラアッシャム	靈魂閃爍之弓	yumi	l0904
Ryufu I	リューフⅠ	青龍Ⅰ	yumi	l0390
Ryufu II	リューフⅡ	青龍Ⅱ	yumi	l0391
Ryufu III	リューフⅢ	青龍Ⅲ	yumi	l0392
Ryufu Encha	リューフ・エンシャ	青龍勇者	yumi	l0393
Ryufu Entra	リューフ・エントラ	青龍之力	yumi	l0875
Ryufu Corinal	リューフ・コリナル	青龍瞪視	yumi	l0876
Ryufu Margie	リューフ・マルジェ	青龍怒吼	yumi	l0883
Blos I	ブロースⅠ	黑潮Ⅰ	yumi	l03da
Blos II	ブロースⅡ	黑潮Ⅱ	yumi	l03db
Blos III	ブロースⅢ	黑潮Ⅲ	yumi	l03dc
Fierce Blos	ブロース・チリ	兇狠黑潮	yumi	l03dd
Hallucination Blos	ブロース・ラジル	幻視黑潮	yumi	l0877
Illusion Blos	ブロース・ペルー	虛幻黑潮	yumi	l0878
Writhe Blos	ブロース・アルゼン	翻騰黑潮	yumi	l0884
Suez I	スェズⅠ	漩渦Ⅰ	yumi	l044d
Suez II	スェズⅡ	漩渦Ⅱ	yumi	l044e
Suez III	スェズⅢ	漩渦Ⅲ	yumi	l044f
Suez Shilka	スェズ・シルカ	深海漩渦	yumi	l0450
Suez Urga	スェズ・ウルガ	移轉漩渦	yumi	l085b
Suez Arch	スェズ・アーチ	深峽漩渦	yumi	l085c
Tonil I	トーニルⅠ	冰柱Ⅰ	yumi	l0479
Tonil II	トーニルⅡ	冰柱Ⅱ	yumi	l047a
Tonil III	トーニルⅢ	冰柱Ⅲ	yumi	l047b
Destonil	デストーニル	死亡冰柱	yumi	l047c
Maltonil	マルトーニル	尖銳冰柱	yumi	l085d
Tonil Harasue	トーニルハラスエ	奪命冰柱	yumi	l085e
Link I	リンクⅠ	鍊接Ⅰ	yumi	l0623
Link II	リンクⅡ	鍊接Ⅱ	yumi	l0624
Link III	リンクⅢ	鍊接Ⅲ	yumi	l0625
Link Jackson	リンク・ジャクソン	雷電鍊接	yumi	l0626
Link Willia	リンク・ウィリア	強擊鍊接	yumi	l09d3
Link Mihaie	リンク・ミハイエ	散雷鍊接	yumi	l09d4
Plunderer I	プランダⅠ	星火Ⅰ	yumi	l065d
Plunderer II	プランダⅡ	星火Ⅱ	yumi	l065e
Plunderer III	プランダⅢ	星火Ⅲ	yumi	l065f
D509・ラダ・イェラキ	ラダ・イェラキ	星星殲滅	yumi	l09d5
D609・ラダ・アトウェス	ラダ・アトウェス	星星赤弓	yumi	l09d6
Machina Bow I	マキナボウⅠ	機械大弓Ⅰ	yumi	l09e5
Machina Bow II	マキナボウⅡ	機械大弓Ⅱ	yumi	l09e6
Machina Bow III	マキナボウⅢ	機械大弓Ⅲ	yumi	l09e7
Machina Bow IV	マキナボウⅣ	機械大弓Ⅳ	yumi	l09e8
Comb Machina Bow	マキナボウ・コーム	機械大弓·毛梳	yumi	l09e9
Palea Machina Bow	マキナボウ・パレア	機械大弓·花托	yumi	l09ea
Technik Bow I	テヒニクボウⅠ	技巧長弓Ⅰ	yumi	l0ab5
Technik Bow II	テヒニクボウⅡ	技巧長弓Ⅱ	yumi	l0ab6
Technik Bow III	テヒニクボウⅢ	技巧長弓Ⅲ	yumi	l0ab7
Technik Bow IV	テヒニクボウⅣ	技巧長弓Ⅳ	yumi	l0ab8
Kombo Technik Bow	テヒニクボウ・コーム	技巧長弓·櫛	yumi	l0ab9
Parier Technik Bow	テヒニクボウ・パレア	技巧長弓·誼	yumi	l0aba
Tulpe I	トゥルペⅠ		yumi	l0d23
Tulpe II	トゥルペⅡ		yumi	l0d24
Tulpe III	トゥルペⅢ		yumi	l0d25
Tulpe IV	トゥルペⅣ		yumi	l0d26
Luxury Tulip	トゥルペ・ラグジュ		yumi	l0d27
280D・トゥルペ・ルスオ	トゥルペ・ルスオ		yumi	l0d28
Tulip I	チュリペⅠ		yumi	l0ddc
Tulip II	チュリペⅡ		yumi	l0ddd
Tulip III	チュリペⅢ		yumi	l0dde
Tulip IV	チュリペⅣ		yumi	l0ddf
E10D・チュリペ・ルスオ	チュリペ・ルスオ		yumi	l0de1
Fleur	フルール	花朵	yumi	l0b39
Fleur Minion	フルール・ミニオン	花朵·憐愛	yumi	l0b3a
3B0B・フルーリール	フルーリール	花朵·綻放	yumi	l0b3b
Fleur Eclat	フルール・エクラ	花朵·光輝	yumi	l0b3c
Fleur Gloire	フルール・グロワール	花朵·榮耀	yumi	l0b3d
Fleur Amour	フルール・アムール	花朵·愛	yumi	l0b3e
Starry Sky Bow I	星空ノ弓Ⅰ		yumi	l0ea4
Starry Sky Bow II	星空ノ弓Ⅱ		yumi	l0ea5
Starry Sky Bow III	星空ノ弓Ⅲ		yumi	l0ea6
Starry Sky Bow IV	星空ノ弓Ⅳ		yumi	l0ea7
Starry Sky Bow V	星空ノ弓Ⅴ		yumi	l0ea8
Starry Sky Bow VI	星空ノ弓Ⅵ		yumi	l0ea9
Night Sky Bow I	夜空ノ弓Ⅰ		yumi	l0eaa
Night Sky Bow II	夜空ノ弓Ⅱ		yumi	l0eab
Night Sky Bow III	夜空ノ弓Ⅲ		yumi	l0eac
Night Sky Bow IV	夜空ノ弓Ⅳ		yumi	l0ead
Night Sky Bow V	夜空ノ弓Ⅴ		yumi	l0eae
Night Sky Bow VI	夜空ノ弓Ⅵ		yumi	l0eaf
Grim Reaper I	グリムリーパーⅠ		yumi	l0eb7
Grim Reaper II	グリムリーパーⅡ		yumi	l0eb8
Grim Reaper III	グリムリーパーⅢ		yumi	l0eb9
Grim Reaper IV	グリムリーパーⅣ		yumi	l0eba
Grim Reaper V	グリムリーパーⅤ		yumi	l0ebb
Grim Reaper VI	グリムリーパーⅥ		yumi	l0ebc
Maje・Horn	マジェ・ホーン		yumi	l105f
Maje・Cane	マジェ・ケイン		yumi	l1060
Maje・Freyol	マジェ・フレヨル		yumi	l1061
Maje・Sfera	マジェ・スフェラ		yumi	l1062
Maje・Gauhara	マジェ・ガウハラ		yumi	l1063
Maje・Misteltein	マジェ・ミストテイン		yumi	l1064
Gray・Horn	グレイ・ホーン		yumi	l1071
Gray・Cane	グレイ・ケイン		yumi	l1072
Gray・Freyol	グレイ・フレヨル		yumi	l1073
Gray・Sfera	グレイ・スフェラ		yumi	l1074
Gray・Gauhara	グレイ・ガウハラ		yumi	l1075
Gray・Pashupata	グレイ・パシュパタ		yumi	l1076
Arca Raptora	アルカパトラ	アルカパトラ	yumi	l0c5e
Amnis	アルカオンダ	アルカオンダ	yumi	l0c5f
Fluctus	アルカマハレダ	アルカマハレダ	yumi	l0c60
Aquila Bow	星鷲弓	星鷲弓	yumi	l0321
Aquila Bow+	星鷲弓・改	星鷲弓·改	yumi	l0322
"Star Eagle Bow ""Heaven"""	星鷲弓【満天】	星鷲弓【滿天】	yumi	l0323
"Star Eagle Bow""Milkyway"""	星鷲弓【天川】	星鷲弓【天川】	yumi	l0324
Star Eagle Bow [Galaxy]	星鷲弓【銀河】	星鷲弓【銀河】	yumi	l0773
"Star Eagle Bow""Nightsky"""	星鷲弓【夜空】	星鷲弓【夜空】	yumi	l0774
Star Eagle Bow [Aurora]	星鷲弓【極光】	星鷲弓【極光】	yumi	l0925
Star Bow	星琴弓	星琴弓	yumi	l032c
Star Bow+	星琴弓・改	星琴弓·改	yumi	l032d
"Star Bow ""Heaven"""	星琴弓【満天】	星琴弓【滿天】	yumi	l032e
"Star Bow ""Milkyway"""	星琴弓【天川】	星琴弓【天川】	yumi	l032f
Hoshikin Bow [Galaxy]	星琴弓【銀河】	星琴弓【銀河】	yumi	l0775
"Hoshikin Bow""Nightsky"""	星琴弓【夜空】	星琴弓【夜空】	yumi	l0776
Hoshikin Bow [Aurora]	星琴弓【極光】	星琴弓【極光】	yumi	l0926
Pawpad Shooter	パッドシューター	肉球射手	yumi	l02ea
Pawpad Blaster	パッドブラスター	肉球獵弓	yumi	l02eb
Felyne Bow	アイルーボウ	艾路弓	yumi	l02ec
"Felyne Bow ""Koban"""	アイルーボウ【小判】	艾路弓【小判】	yumi	l02ed
"Felyne Bow ""Large Stamp"""	アイルーボウ【大判】	艾路弓【大判】	yumi	l0134
"Felyne Bow ""Cat Stamp"""	アイルーボウ【猫判】	艾路弓【貓判】	yumi	l087d
"Felyne Bow ""Golden Cat"""	アイルーボウ【金猫】	艾路弓【金貓】	yumi	l0887
Felyne Bow・Nya	アイルーボウ・ニャ		yumi	l0f19
Tail Shooter	テイルシューター	捲尾射手	yumi	l02ee
Tail Blaster	テイルブラスター	捲尾獵弓	yumi	l02ef
Melynx Bow	メラルーボウ	梅拉路弓	yumi	l02f0
"Melynx Bow ""Cat Veil"""	メラルーボウ【猫被】	梅拉路弓【貓被】	yumi	l02f1
"Melynx Bow ""Cat Fool"""	メラルーボウ【猫騙】	梅拉路弓【貓騙】	yumi	l0135
"Melynx Bow ""Cat Face"""	メラルーボウ【猫面】	梅拉路弓【貓面】	yumi	l087e
"Melynx Bow""Treasure Cat"""	メラルーボウ【宝猫】	梅拉路弓【寶貓】	yumi	l0888
Melynx Bow・Nya	メラルーボウ・ニャ		yumi	l0f1a
Shock Stroke	ショックストロク	震驚擊弓	yumi	l042f
Bolt Stroke	ボルトストロク	雷霆擊弓	yumi	l0430
Thunder Stroke	サンダーストロク	雷光擊弓	yumi	l0431
Storm Striker	ストームストライカ	暴風打擊者	yumi	l0432
Tempest Striker	テンペストストライカ	暴風雨打擊者	yumi	l0647
Testament Striker	テスタメンストライカ	誓言打擊者	yumi	l073d
Tomb Striker	トゥームストライカ	破墳者	yumi	l0923
Lizard Stroke	リザードストロク	蜥蜴擊弓	yumi	l0433
Drake Stroke	ドレイクストロク	火龍擊弓	yumi	l0434
Wyvern Stroke	ワイヴェンストロク	波紋擊弓	yumi	l0435
Dragon Striker	ドラゴンストライカ	惡龍打擊者	yumi	l0436
Reverie Striker	レヴェリストライカ	夢想打擊者	yumi	l0648
Realm Striker	レルムストライカ	領土打擊者	yumi	l073e
Paranoia Striker	パラノイアストライカ	幻想殺手	yumi	l0924
Durodia	デュローディア	藍玉弓	yumi	l0561
Cordurodia	コデュローディア	堅藍玉弓	yumi	l0562
Podurodia	ポデュローディア	強擊藍玉弓	yumi	l0563
7A08・クロークロディア	クロークロディア	明聖讚揚之弓	yumi	l087a
Tamil Tier	タミルティア	紅玉弓	yumi	l0565
7B08・バドーモルド	バドーモルド	崇高典範之弓	yumi	l087b
7C08・モルドグランデ	モルドグランデ	偉大典範之弓	yumi	l087c
Asta's Third	アスト＝サード	美神三號	yumi	l0359
Asta's Second	アスト＝セカンド	美神二號	yumi	l035a
Asta's First	アスト＝ファースト	美神一號	yumi	l035b
Sirius Dragoon	シリウス＝ドラグーン	天狼星龍騎兵	yumi	l035c
Siridial Dragoon	シリダル＝ドラグーン	復仇龍騎兵	yumi	l073f
Fury Dragoon	フューリ＝ドラグーン	憤怒龍騎兵	yumi	l0740
Lotus Dragoon	ロータス＝ドラグーン	淨蓮龍騎兵	yumi	l0921
Magni's Third	マグニ＝サード	力神三號	yumi	l035d
Magni's Second	マグニ＝セカンド	力神二號	yumi	l035e
Magni's First	マグニ＝ファースト	力神一號	yumi	l035f
Sirius Tempest	シリウス＝テンペスト	天狼星風暴	yumi	l0360
Siridial Tempest	シリダル＝テンペスト	復仇暴風雨	yumi	l0741
Fury Tempest	フューリ＝テンペスト	憤怒暴風雨	yumi	l0742
Lotus Tempest	ロータス＝テンペスト	淨蓮暴風雨	yumi	l0922
Spark Crane	スパーククレイン	火光鶴弓	yumi	l0388
Fire Crane	ファイアクレイン	火炎鶴弓	yumi	l0389
Flame Crane	フレイムクレイン	火焰鶴弓	yumi	l038a
Berg Crane	ヴェルククレイン	烈焰鶴弓	yumi	l038b
Prox Crane	プロクスクレイン	怒焰鶴弓	yumi	l087f
Arma Crane	アルマクレイン	軍風鶴弓	yumi	l038c
Silt Crane	シルトクレイン	淤泥鶴弓	yumi	l038d
Chariot Crane	シャールクレイン	戰車鶴弓	yumi	l038e
Castra Crane	カストラクレイン	要塞鶴弓	yumi	l038f
Pramia Crane	プラミアクレイン	戰令鶴弓	yumi	l0881
Kali Schreier	カリマシュライアー	征戰鶴弓	yumi	l0882
Mirage Schreier	ミラージシュライアー	征服之力	yumi	l088a
Prototype Workshop Bow	試作型工房弓	試作型工房弓	yumi	l04b9
Official Workshop Bow	正式採用工房弓	正式採用工房弓	yumi	l04ba
Official Workshop Bow+	正式採用工房弓・改	正式採用工房弓·改	yumi	l04bb
Factory Chief Longbow	工房長弓	工房長弓	yumi	l04bc
Factory Chief Longbow L.	大工房長弓	大工房長弓	yumi	l08f4
New FactoryChiefLongbow	新鋭工房弓	新銳工房弓	yumi	l08f5
Shrp FactoryChiefLongbow	鋭作工房弓	銳作工房弓	yumi	l08f6
W.Prototype Workshop Bow	試作型工房水弓	試作型工房水弓	yumi	l04bd
W.Official Wokshop Bow	正式採用工房水弓	正式採用工房水弓	yumi	l04be
W.Official Wokshop Bow+	正式採用工房水弓・改	正式採用工房水弓·改	yumi	l04bf
"FctoryChiefLongbow""Rain"""	工房長弓【翠雨】	工房長弓【翠雨】	yumi	l04c0
"CarpntrFctoryLngbw""Rain"""	大工工房弓【翠雨】	大工房長弓【翠雨】	yumi	l08f7
"New FctoryLongbow ""Rain"""	新鋭工房弓【翠雨】	新銳工房弓【翠雨】	yumi	l08f8
"Shrp FctoryLngbow ""Rain"""	鋭作工房弓【翠嵐】	銳作工房弓【翠嵐】	yumi	l08f9
El Tirador	エル・ティラドル	角直射手	yumi	l09cd
Le Majest	オーレ・マエスト	莊嚴聖弓	yumi	l09ce
Le Glorioso	オーレ・グローリアス	海艦聖弓	yumi	l09cf
2A05・ドレックタラルド	ドレックタラルド	統治者弧弓	yumi	l052a
El Assassinator	エル・アサシネイタ	刺客弓	yumi	l052b
El Cazador	エル・カサドル	角直獵弓	yumi	l09d0
El Salvador	オーレ・サルバド	救世聖弓	yumi	l09d1
D209・オーレ・オノーレル	オーレ・オノーレル	王者聖弓	yumi	l09d2
Warm Prick	ウォームプリック	溫熱刺針弓	yumi	l013e
Warm Thorn	ウォームソーン	溫熱荊棘弓	yumi	l013f
Warm Pin	ウォームピン	溫熱利針弓	yumi	l0140
Warm Needle	ウォームニードル	溫熱銳針弓	yumi	l0141
Warm Stinger	ウォームスティング	溫熱刺痛弓	yumi	l0142
Warm Largo	ウォームラルゴ	溫熱苦痛弓	yumi	l08f0
Warm Form	ウォームフォルム	溫熱痛楚弓	yumi	l08f1
Ham Prick	ハームプリック	損傷刺針弓	yumi	l0143
Ham Thorn	ハームソーン	損傷荊棘弓	yumi	l0144
Ham Pin	ハームピン	損傷利針弓	yumi	l0145
Ham Needle	ハームニードル	損傷銳針弓	yumi	l0146
Ham Stringer	ハームスティング	損傷刺痛弓	yumi	l0147
Harm Bow	ハームラルゴ	損傷苦痛弓	yumi	l08f2
Harm Form	ハームフォルム	損傷痛楚弓	yumi	l08f3
Fake Projection I	投影・偽螺旋剣Ⅰ	投影·偽螺旋劍Ⅰ	yumi	l06a0
Fake Projection II	投影・偽螺旋剣Ⅱ	投影·偽螺旋劍Ⅱ	yumi	l06a1
Fake Projection III	投影・偽螺旋剣Ⅲ	投影·偽螺旋劍Ⅲ	yumi	l06a2
Fake Projection IV	投影・偽螺旋剣Ⅳ	投影·偽螺旋劍Ⅳ	yumi	l06a3
Fake Projection V	投影・偽螺旋剣Ⅴ	投影·偽螺旋劍Ⅴ	yumi	l06a4
Fake Projection VI	投影・偽螺旋剣Ⅵ	投影·偽螺旋劍Ⅵ	yumi	l089b
Fake Projection VII	投影・偽螺旋剣Ⅶ		yumi	l0f3b
D907・トワルフプリック	トワルフプリック	刺棘之針	yumi	l07d9
DA07・トワルフアントラー	トワルフアントラー	刺棘枝角	yumi	l07da
DB07・トワルフエインガル	トワルフエインガル	刺棘屏障	yumi	l07db
DC07・トワルフゾルン	トワルフゾルン	刺棘撫觸	yumi	l07dc
DD07・ハイデンツヴェルフ	ハイデンツヴェルフ	刺棘鑽髓	yumi	l07dd
D10A・エピヌ・アルク	エピヌ・アルク	刺棘弧弓	yumi	l0ad1
DE07・デオギスジン	デオギスジン	燃棘之尖	yumi	l07de
DF07・デオギスエギア	デオギスエギア	燃棘刺角	yumi	l07df
E007・デオギスアゴル	デオギスアゴル	燃棘屏障	yumi	l07e0
E107・デオギスアキュス	デオギスアキュス	燃棘撫觸	yumi	l07e1
E207・ヴァシラツヴェルフ	ヴァシラツヴェルフ	燃棘鑽髓	yumi	l07e2
D20A・スピーナ・アルク	スピーナ・アルク	背脊弧弓	yumi	l0ad2
Prima Shooter・Fire	プリマシューター・火	初級射手·火	yumi	l0aa1
Hydro Arc・Fire	ハイドロアーク・火	水壓弧弓·火	yumi	l0aa2
Suzaku Fire Bow	朱雀弓・火	朱雀弓·火	yumi	l0aa4
Crescent Fire Bow	クレセントボウ・火	新月弓·火	yumi	l0aa5
Principal Purity・Fire	プリンシパリティ・火	權天使·火	yumi	l0aa6
Principal Purity II Fire	プリンシパリティⅡ火	權天使Ⅱ火	yumi	l0aa7
Prima Shooter・Darkness	プリマシューター・闇	初級射手·闇	yumi	l0aa8
Hydro Arc・Darkness	ハイドロアーク・闇	水壓弧弓·闇	yumi	l0aa9
Dark Suzaku Bow	朱雀弓・闇	朱雀弓·闇	yumi	l0aab
Crescent Darkness Bow	クレセントボウ・闇	新月弓·闇	yumi	l0aac
Principal Purity・Dark	プリンシパリティ・闇	權天使·闇	yumi	l0aad
Principal Purity II Dark	プリンシパリティⅡ闇	權天使Ⅱ闇	yumi	l0aae
Flower Feast Bow	花宴弓	花宴弓	yumi	l0b27
280B・花宴弓【寒椿】	花宴弓【寒椿】	花宴弓【寒椿】	yumi	l0b28
290B・花宴弓【唐綿】	花宴弓【唐綿】	花宴弓【唐綿】	yumi	l0b29
2A0B・花宴弓【山丹花】	花宴弓【山丹花】	花宴弓【山丹花】	yumi	l0b2a
2B0B・花宴弓【花麒麟】	花宴弓【花麒麟】	花宴弓【花麒麟】	yumi	l0b2b
2C0B・花宴弓【桜蓼】	花宴弓【桜蓼】	花宴弓【桜蓼】	yumi	l0b2c
2D0B・藤袴弓	藤袴弓	藤袴弓	yumi	l0b2d
2E0B・藤袴弓【寒椿】	藤袴弓【寒椿】	藤袴弓【寒椿】	yumi	l0b2e
2F0B・藤袴弓【唐綿】	藤袴弓【唐綿】	藤袴弓【唐綿】	yumi	l0b2f
300B・藤袴弓【山丹花】	藤袴弓【山丹花】	藤袴弓【山丹花】	yumi	l0b30
310B・藤袴弓【花麒麟】	藤袴弓【花麒麟】	藤袴弓【花麒麟】	yumi	l0b31
320B・藤袴弓【桜蓼】	藤袴弓【桜蓼】	藤袴弓【桜蓼】	yumi	l0b32
Kirino Touri	キリノ・トゥリ	落雷之塔	yumi	l0694
Kirino Ragumo	キリノ・ラグモ	落雷祝禱	yumi	l0695
Kirino Perfa	キリノ・ペルファ	落雷祈願	yumi	l0696
Kuruma Exa	クラマ・エクサ	放雷墜落	yumi	l0697
Kuruma Vance	クラマ・バンス	放雷爆破	yumi	l0698
Iste Eli	イステ・エーリ	魔力亂流	yumi	l0699
Iste Coletti	イステ・コレッティ	イステ·コレッティ	yumi	l0c12
Vre Tower	ヴレ・トゥリ	迷霧之塔	yumi	l069a
Vre Ragumo	ヴレ・ラグモ	迷霧祝禱	yumi	l069b
Vre Perfa	ヴレ・ペルファ	迷霧祈願	yumi	l069c
Vero Exa	ウェロ・エクサ	深霧墜落	yumi	l069d
Vero Cupid	ウェロ・キュペテ	深霧消散	yumi	l069e
Iriku Eli	イリク・エーリ	魔力聚流	yumi	l069f
130C・イリク・エレッティ	イリク・エレッティ	イリク·エレッティ	yumi	l0c13
Crimson Fang	クリムズンファング	深紅銳牙	yumi	l03d2
Crimson Tusk	クリムズンタスク	深紅獠牙	yumi	l03d3
Crimson Horn	クリムズンホーン	深紅長角	yumi	l03d4
Crimson Avenger	クリムズンアベンジャ	深紅復仇者	yumi	l03d5
Crimson Ranka	クリムズンランカー	深紅高手	yumi	l0649
Crimson Halve	クリムズンハルブ		yumi	l0f31
Crimson Saura	クリムズンサウラ		yumi	l0f32
Torment Fang	トーメントファング	苦痛銳牙	yumi	l03d6
Torment Tusk	トーメントタスク	苦痛獠牙	yumi	l03d7
Torment Horn	トーメントホーン	苦痛長角	yumi	l03d8
Torment Avenger	トーメントアベンジャ	苦痛復仇者	yumi	l03d9
Torment Ranka	トーメントランカー	苦痛高手	yumi	l064a
Torment Halve	トーメントハルブ		yumi	l0f33
Torment Saura	トーメントサウラ		yumi	l0f34
Frozen Embers Bow One	熾凍永久ノ弓・壱		yumi	l0c3b
Frozen Embers Bow Two	熾凍永久ノ弓・弐		yumi	l0c3c
Frozen Embers Bow Three	熾凍永久ノ弓・参		yumi	l0c3d
Frozen Embers Bow Four	熾凍永久ノ弓・肆		yumi	l0c3e
Frozen Embers Bow Five	熾凍永久ノ弓・伍		yumi	l0c3f
Frozen Embers Bow Six	熾凍永久ノ弓・陸		yumi	l0c40
Frozen Embers Bow Neo	熾凍永久ノ弓・最果		yumi	l0c41
Frozen Embers Bow Polar	熾凍永久ノ弓・極地		yumi	l0f64
Burning Frost Bow One	熾凍久遠ノ弓・壱		yumi	l0c42
Burning Frost Bow Two	熾凍久遠ノ弓・弐		yumi	l0c43
Burning Frost Bow Three	熾凍久遠ノ弓・参		yumi	l0c44
Burning Frost Bow Four	熾凍久遠ノ弓・肆		yumi	l0c45
Burning Frost Bow Five	熾凍久遠ノ弓・伍		yumi	l0c46
Burning Frost Bow Six	熾凍久遠ノ弓・陸		yumi	l0c47
Burning Frost Bow Neo	熾凍久遠ノ弓・最果		yumi	l0c48
Burning Frost Bow Polar	熾凍久遠ノ弓・極地		yumi	l0f65
Pretto	プレット		yumi	l0e47
480E・プレット・イスナン	プレット・イスナン		yumi	l0e48
490E・プレット・サラサ	プレット・サラサ		yumi	l0e49
4A0E・プレット・アルヴァ	プレット・アルヴァ		yumi	l0e4a
4B0E・プレット・カムサ	プレット・カムサ		yumi	l0e4b
4C0E・アン・プレット	アン・プレット		yumi	l0e4c
4D0E・イン・プレット	イン・プレット		yumi	l0e4d
4E0E・ネキュロ	ネキュロ		yumi	l0e4e
4F0E・ネキュロ・イスナン	ネキュロ・イスナン		yumi	l0e4f
500E・ネキュロ・サラサ	ネキュロ・サラサ		yumi	l0e50
510E・ネキュロ・アルヴァ	ネキュロ・アルヴァ		yumi	l0e51
520E・ネキュロ・カムサ	ネキュロ・カムサ		yumi	l0e52
530E・アン・ネキュロ	アン・ネキュロ		yumi	l0e53
540E・イン・ネキュロ	イン・ネキュロ		yumi	l0e54
Sacred Night Windvoice I	風呼ブ夜聖ノ弓Ⅰ		yumi	l0f03
Sacred Night Windvoice II	風呼ブ夜聖ノ弓Ⅱ		yumi	l0f04
Sacred Night Windvoice III	風呼ブ夜聖ノ弓Ⅲ		yumi	l0f05
Sacred Night Windvoice IV	風呼ブ夜聖ノ弓Ⅳ		yumi	l0f06
Sacred Night Windvoice V	風呼ブ夜聖ノ弓Ⅴ		yumi	l0f07
Sacred Night Windvoice VI	風呼ブ夜聖ノ弓Ⅵ		yumi	l0f08
Sacred Night Windvoice VII	風呼ブ夜聖ノ弓Ⅶ		yumi	l0f09
Minio・High	ミニオ・ハイ		yumi	l0ffa
Minio・Moon	ミニオ・ムン		yumi	l0ffb
Minio・Toray	ミニオ・トーレ		yumi	l0ffc
Minio・Glass	ミニオ・グラス		yumi	l0ffd
Minio・Keef	ミニオ・キーフ		yumi	l0ffe
Minio・Rozuro	ミニオ・ロズルー		yumi	l0fff
Harine・Ray	ハリネ・レイ		yumi	l1000
Harine・Sun	ハリネ・サン		yumi	l1001
Harine・Aru	ハリネ・アール		yumi	l1002
Harine・Garlia	ハリネ・ガリア		yumi	l1003
Harine・Kouf	ハリネ・コーフ		yumi	l1004
Harine・Rosara	ハリネ・ロザラー		yumi	l1005
Golden Feather Moon God	ライノミックシンシア	金羽月神	yumi	l07c8
Golden Feather Clarity	ライノミックフェデル	金羽白淨	yumi	l07c9
Golden Feather Purity	ライノミックピュルテ	金羽純淨	yumi	l07ca
Golden Feather Moonlight	ライノミックセノイス	金羽銀光	yumi	l07cb
Golden Feather Evil Bust	ライノミックルフレル	金羽破邪	yumi	l07cc
Ryucoin Sectia	リュコインセクティア	金羽晨曦	yumi	l07cd
Runein Sectia	ルネインセクティア	ルネイン聖堂騎士ア	yumi	l0c4f
Golden Feather Sun	ライノミックティデロ	金羽火星	yumi	l07ce
Golden Feather Sunlight	ライノミックサングレ	金羽火光	yumi	l07cf
Golden Feather Ares	ライノミックアレス	金羽戰神	yumi	l07d0
Golden Feather Blaze	ライノミックマーロ	金羽烈炎	yumi	l07d1
Golden Feather Wildfire	ライノミックラミア	金羽聚焰	yumi	l07d2
Hematoin Sectia	ヘマトインセクティア	金羽灰滅	yumi	l07d3
Irisen Sectia	イリゼインセクティア	イリゼイン聖堂騎士ア	yumi	l0c50
Croix Bogen	クロワボウゲン	十字架虹弓	yumi	l07b1
Croix Arch	クロワアーチ	十字架拱弓	yumi	l07b2
Croix Arc	クロワアルクス	十字架弧弓	yumi	l07b3
Croix Spark	クロワスパーク	十字架火花	yumi	l07b4
Schadenberg	シャルデンメルグ	十字架審判弓	yumi	l07b5
Yuen Bow	ユエンボウ	元始之弓	yumi	l07b6
Yuen Bogen	ユエンボウゲン	元始虹弓	yumi	l07b7
Yuen Arch	ユエンアーチ	元始拱弓	yumi	l07b8
Yuen Arc	ユエンアルクス	元始弧弓	yumi	l07b9
Yuen Spark	ユエンスパーク	元始火花	yumi	l07ba
Voldenberg	ヴォルデンメルグ	元始審判弓	yumi	l07bb
BC07・ゲネアレギルング	ゲネアレギルング	ゲネアレギルング	yumi	l07bc
BD07・ケラスレギルング	ケラスレギルング	ケラスレギルング	yumi	l07bd
BE07・プテラレギルング	プテラレギルング	プテラレギルング	yumi	l07be
BF07・ケルコスレギルング	ケルコスレギルング	ケ極龍スレギルング	yumi	l07bf
C007・カルデアレギルング	カルデアレギルング	カルデアレギルング	yumi	l07c0
C107・レギアージュミデン	レギアージュミデン	レギアージュミデン	yumi	l07c1
C207・ゲネアドーレ	ゲネアドーレ	ゲネアドーレ	yumi	l07c2
C307・ケラスドーレ	ケラスドーレ	ケラスドーレ	yumi	l07c3
C407・プテラドーレ	プテラドーレ	プテラドーレ	yumi	l07c4
C507・ケルコスドーレ	ケルコスドーレ	ケ極龍スドーレ	yumi	l07c5
C607・カルデアドーレ	カルデアドーレ	カルデアドーレ	yumi	l07c6
C707・ドレアージュミデン	ドレアージュミデン	ド大地女神ジュミデン	yumi	l07c7
Bubble Shade	泡影	泡影	yumi	l0a93
"Bubble Shade ""Love"""	泡影【恋慕】	泡影【戀慕】	yumi	l0a94
"Bubble Shade ""Heartless"""	泡影【無情】	泡影【無情】	yumi	l0a95
"Bubble Shade ""Crying"""	泡影【啾々】	泡影【啾啾】	yumi	l0a96
"Bubble Shade ""Sorrow"""	泡影【哀絶】	泡影【哀絕】	yumi	l0a97
"Bubble Shade ""Offset"""	泡影【相殺】	泡影【相殺】	yumi	l0a98
"Bubble Shade ""Date"""	泡影【邂逅】	泡影【邂逅】	yumi	l0a99
Red Rain	紅雨	紅雨	yumi	l0a9a
"Red Rain ""Lively"""	紅雨【軒昂】	紅雨【軒昂】	yumi	l0a9b
"Red Rain ""Caper"""	紅雨【雀躍】	紅雨【雀躍】	yumi	l0a9c
"Red Rain ""Soft"""	紅雨【纏綿】	紅雨【纏綿】	yumi	l0a9d
"Red Rain ""Sneak"""	紅雨【跼蹐】	紅雨【跼蹐】	yumi	l0a9e
"Red Rain ""Blinding"""	紅雨【暗鬼】	紅雨【暗鬼】	yumi	l0a9f
"Red Rain ""Clear Moon"""	紅雨【霽月】	紅雨【霽月】	yumi	l0aa0
8D0B・ヴィンチトーレ	ヴィンチトーレ	青丹チトーレ	yumi	l0b8d
8E0B・ヴィンチ・フォーコ	ヴィンチ・フォーコ	青丹チ·フォーコ	yumi	l0b8e
8F0B・ヴィンチ・フィアン	ヴィンチ・フィアン	青丹チ·フィアン	yumi	l0b8f
900B・ヴィンチ・ヴルカノ	ヴィンチ・ヴルカノ	青丹チ·ヴルカノ	yumi	l0b90
910B・ヴィンチ・ツィオネ	ヴィンチ・ツィオネ	青丹チ·ツィオネ	yumi	l0b91
920B・カタクテスィ	カタクテスィ	カタクテスィ	yumi	l0b92
930B・アエテルタニス	アエテルタニス	アエテルタニス	yumi	l0b93
Victor	ウィクトル	ウィクトル	yumi	l0b94
Victor Fuocu	ウィクトル・フォーコ	ウィクトル·フォーコ	yumi	l0b95
960B・ウィクトル・フィアン	ウィクトル・フィアン	ウィクトル·フィアン	yumi	l0b96
Victor Vulcano	ウィクトル・ヴルカノ	ウィクトル·ヴルカノ	yumi	l0b97
Victot Zione	ウィクトル・ツィオネ	ウィクトル·ツィオネ	yumi	l0b98
Conquet	コンケット	コン探索	yumi	l0b99
Inzino	イニーツィオ	イニーツィオ	yumi	l0b9a
Machino	マシノ		yumi	l0d00
Machino Neo	マシノ・ネオ		yumi	l0d01
Machino Neu	マシノ・ノイ		yumi	l0d02
Machino Novo	マシノ・ノウム		yumi	l0d03
Machino Nuevo	マシノ・ヌヴォ		yumi	l0d04
Machino Real	マシノロリアル		yumi	l0d05
Neo Machino Real	ネオマシノロリアル		yumi	l0d06
070D・イレク	イレク		yumi	l0d07
080D・イレク・ネオ	イレク・ネオ		yumi	l0d08
090D・イレク・ノイ	イレク・ノイ		yumi	l0d09
0A0D・イレク・ノウム	イレク・ノウム		yumi	l0d0a
0B0D・イレク・ヌヴォ	イレク・ヌヴォ		yumi	l0d0b
0C0D・イレクロリアル	イレクロリアル		yumi	l0d0c
0D0D・ネオイレクロリアル	ネオイレクロリアル		yumi	l0d0d
Dominus I	ドミナスⅠ	ド石棺Ⅰ	yumi	l0bbc
Dominus II	ドミナスⅡ	ド石棺Ⅱ	yumi	l0bbd
Dominus III	ドミナスⅢ	ド石棺Ⅲ	yumi	l0bbe
Sanctus Dominus	サンクタスドミナス	サンクタスドミナス	yumi	l0bbf
Shen Dominus	シェンドミナス	シェンドミナス	yumi	l0bc0
Koenig I	ケーニッヒⅠ	ケーニッヒⅠ	yumi	l0bc1
Koenig II	ケーニッヒⅡ	ケーニッヒⅡ	yumi	l0bc2
Koenig III	ケーニッヒⅢ	ケーニッヒⅢ	yumi	l0bc3
Weisskoenig	ヴァイスケーニヒ	白色ケーニヒ	yumi	l0bc4
Steinkoenig	シュタインケーニヒ	シュタインケーニヒ	yumi	l0bc5
Twin Saints Nidhoggr I	双聖器ニーズヘッグⅠ		yumi	l07e3
Twin Saints Nidhoggr II	双聖器ニーズヘッグⅡ		yumi	l07e4
Twin Saints Nidhoggr III	双聖器ニーズヘッグⅢ		yumi	l07e5
Twin Saints Nidhoggr IV	双聖器ニーズヘッグⅣ		yumi	l07e6
Twin Saints Nidhoggr V	双聖器ニーズヘッグⅤ		yumi	l07e7
Nidhoggr Snake Bow I	蛇弓ニーズヘッグⅠ		yumi	l07e8
Nidhoggr Snake Bow II	蛇弓ニーズヘッグⅡ		yumi	l07e9
Nidhoggr Snake Bow III	蛇弓ニーズヘッグⅢ		yumi	l07ea
Nidhoggr Snake Bow IV	蛇弓ニーズヘッグⅣ		yumi	l07eb
Nidhoggr Snake Bow V	蛇弓ニーズヘッグⅤ		yumi	l07ec
Shan Luminare	シャンルミナーレ	天翔靈魂	yumi	l09eb
Shan Porth	シャンポース	天翔靜止	yumi	l09ec
Shan Dour	シャンドゥール	天翔命中	yumi	l09ed
Shan Glitter	シャングリッター	天翔閃爍	yumi	l09ee
Shan Glitzer	シャングリッツェン	天翔耀眼	yumi	l09ef
Shan Humble	シャンハンブレ	天翔獵刀	yumi	l09f0
Shan Missile	シャンミシュオール	天翔萬物	yumi	l09f1
Fire Rook	ファイア・ルーク	火炎尖塔	yumi	l0437
Flaming Rook	フレイム・ルーク	焰息尖塔	yumi	l0438
Blazing Rook	ブレイズ・ルーク	火焰尖塔	yumi	l0439
Flare Rook	フレア・ルーク	狂燃尖塔	yumi	l043a
Ice Rook	アイス・ルーク	冰冷尖塔	yumi	l043b
Icicle Rook	アイシクル・ルーク	冰寒尖塔	yumi	l043c
Frost Rook	フロスト・ルーク	冰霜尖塔	yumi	l043d
Freezing Rook	フリーズ・ルーク	冰凍尖塔	yumi	l043e
Sparking Rook	スパーク・ルーク	閃光尖塔	yumi	l043f
Plasma Rook	プラズマ・ルーク	電光尖塔	yumi	l0440
Thunder Rook	サンダー・ルーク	雷光尖塔	yumi	l0441
Lightning Rook	ライトニング・ルーク	雷霆尖塔	yumi	l0442
Brave Bow I	ブレイブボウⅠ	勇氣之弓Ⅰ	yumi	l051a
Brave Bow II	ブレイブボウⅡ	勇氣之弓Ⅱ	yumi	l051b
Brave Bow III	ブレイブボウⅢ	勇氣之弓Ⅲ	yumi	l051c
Brave Shooter	ブレイブシューター	勇氣射手	yumi	l051d
Aqua Shooter	アクア・シューター	飛水射手	yumi	l0627
Swamp Shooter	スワンプ・シューター	沉水射手	yumi	l0628
Mist Shooter	ミスト・シューター	迷霧射手	yumi	l0629
Irwin Shooter	アーウィ・シューター	豐沛射手	yumi	l062a
Torrent Shooter	トレント・シューター	激流射手	yumi	l0b61
Agama Shooter	アガマ・シューター	飛蜥射手	yumi	l062b
Modon Shoter	モドン・シューター	虎魚射手	yumi	l062c
Bron Shooter	ブロン・シューター	布隆射手	yumi	l062d
Revay Shooter	リバイ・シューター	聖徒射手	yumi	l062e
Shivana Shooter	シバナ・シューター	守護神射手	yumi	l0693
St.Piria Bow	セントピリアボウ	森特皮利亞之弓	yumi	l0659
St.Piria Beat	セントピリアビート	森特皮利亞之矢	yumi	l065a
St.Piria Fan	セントピリアファング	森特皮利亞之牙	yumi	l065b
St.Piria Madness	セントピリアマドネス	森特皮利亞瘋狂	yumi	l065c
Prince I	プランスⅠ		yumi	l0bd5
Prince II	プランスⅡ		yumi	l0bd6
Prince III	プランスⅢ		yumi	l0bd7
Pius Prince	ピウスプランス		yumi	l0bd8
Amber Prince	アマブレプランス		yumi	l0bd9
3A0D・ハセルヴォルI	ハセルヴォルⅠ		yumi	l0d3a
3B0D・ハセルヴォルII	ハセルヴォルⅡ		yumi	l0d3b
3C0D・ハセルヴォルIII	ハセルヴォルⅢ		yumi	l0d3c
3D0D・ハセルヴォルIV	ハセルヴォルⅣ		yumi	l0d3d
3E0D・ハセルヴォルV	ハセルヴォルⅤ		yumi	l0d3e
3F0D・ハセルヴォルVI	ハセルヴォルⅥ		yumi	l0d3f
Lineage I	リネージⅠ		yumi	l0bcb
Lineage II	リネージⅡ		yumi	l0bcc
Lineage III	リネージⅢ		yumi	l0bcd
High Lineage	ハイリネージ		yumi	l0bce
Ancient Lineage	エンシェントリネージ		yumi	l0bcf
Adel Regina	アーデルレジーナ		yumi	l0bd3
Earl Regina	イーアルレジーナ		yumi	l0bd4
Sovereign I	ソヴリンⅠ		yumi	l0bda
Sovereign II	ソヴリンⅡ		yumi	l0bdb
Sovereign III	ソヴリンⅢ		yumi	l0bdc
Royal Souvereign	ロイヤルソヴリン		yumi	l0bdd
Imperium	インペリウム		yumi	l0bde
Noblesse I	ノーブレスⅠ		yumi	l0be4
Noblesse II	ノーブレスⅡ		yumi	l0be5
Noblesse III	ノーブレスⅢ		yumi	l0be6
Nobless Rose	ノーブルローズ		yumi	l0be7
Noblesse Oblige	ノブレスオブリージュ		yumi	l0be8
670B・シェオル	シェオル	黃泉	yumi	l0b67
Mentiarrow	メンティアロー	受選之矢	yumi	l0b5c
Evil Eyes	イーヴルアイズ		yumi	l0bbb
Renka Bow	煉華ノ弓		yumi	l0f55
"Renka Bow ""Chrysanth"""	煉華ノ弓【菊】		yumi	l0f56
"Renka Bow ""Morifolium"""	煉華ノ弓【菊盃】		yumi	l0f57
580F・煉華ノ弓【風光】	煉華ノ弓【風光】		yumi	l0f58
DA0F・煉舞ノ弓【浦登】	煉舞ノ弓【浦登】		yumi	l0fda
DB0F・煉舞ノ弓【関原】	煉舞ノ弓【関原】		yumi	l0fdb
DC0F・煉舞ノ弓【稲葉】	煉舞ノ弓【稲葉】		yumi	l0fdc
DD0F・煉舞ノ弓【桐山】	煉舞ノ弓【桐山】		yumi	l0fdd
Lethe Arrow	煉獄ノ弓		yumi	l103a
"Lethe Arrow ""Anarchy"""	煉獄ノ弓・反抗		yumi	l103b
"Lethe Arrow ""Desire"""	煉獄ノ弓・願望		yumi	l103c
"Lethe Arrow ""Fukurokuju"""	煉獄ノ弓【福禄寿】		yumi	l103d
Web Elegy	ウェブアレジー		yumi	l0ff9
5B0C・王弓エンライ	王弓エンライ	王弓エンライ	yumi	l0c5b
5C0C・王牙弓【稚雷】	王牙弓【稚雷】	王牙弓【稚雷】	yumi	l0c5c
5D0C・真・王牙弓【天命】	真・王牙弓【天命】	真·王牙弓【天命】	yumi	l0c5d
Dios Arrow	ディオスアロー		yumi	l0c76
Exploding Arrow	爆砕の征矢		yumi	l0c77
Lightbreak Arrow	破岩弓イクサプロド		yumi	l0c78
Ice Crest	アイスクレスト		yumi	l0c80
Amber Arc Valanga	琥牙弓アルヴァランガ		yumi	l0c82
Brazencord	ブラスコルダ		yumi	l0cf7
Gigacles	重弓ヘラギガス		yumi	l0cf8
Gigantomachy	剛重弓ギガントマキア		yumi	l0cf9
Hidden Bow	ヒドゥンボウＩ		yumi	l0d12
Night Flight	ヒドゥンボウII		yumi	l0d13
Avidya Bow	闇夜弓【影縫】		yumi	l0d14
Brimstren Drakesight	獄弓リュウガン		yumi	l0e1e
Stygian Patientia	狼牙弓【邪獄】		yumi	l0e1f
True Stygian Patientia	真・狼牙弓【滅罪】		yumi	l0e20
Vision of Lost	ビジョンofロスト		yumi	l0e69
Vision of Despair	ビジョンofディスペア		yumi	l0e6a
Vision of Vanish	ビジョンofヴァニシュ		yumi	l0e6b
Le Ravisseur	THEキャプター		yumi	l0ec2
Le Desir	THEデザイア		yumi	l0ec3
L'Innocence	THEイノセンス		yumi	l0ec4
Tempest Nightbow	凶弓【小夜嵐】		yumi	l0f46
Heavenly Storm	天嵐ノ弓【光彩陸離】		yumi	l0f47
Unlimited Daybreak	太虚ノ弓【曙天】		yumi	l0f48
Shalya Bow	シャルラアルナスル		yumi	l0f8e
Insurgent Bow	叛弓アルナスル		yumi	l0f8f
Shalya Rebellion	乱叛弓アルナスル		yumi	l0f90
Lightning Bow	絶雷振弓		yumi	l0e32
"Lightning Bow ""Other"""	絶雷振弓【異異】		yumi	l0e33
"Lightning Bow ""Riot"""	絶雷振弓【乱乱】		yumi	l0e34
"Lightning Bow ""Lunatic"""	絶雷振弓【狂狂】		yumi	l0e35
3E0E・盾蟹弓アスタアルコ	盾蟹弓アスタアルコ		yumi	l0e3e
3F0E・盾蟹弓アスタルーク	盾蟹弓アスタルーク		yumi	l0e3f
400E・盾蟹弓アスタカウス	盾蟹弓アスタカウス		yumi	l0e40
410E・盾蟹弓アスタトクソ	盾蟹弓アスタトクソ		yumi	l0e41
810E・ブラージュメチエ	ブラージュメチエ		yumi	l0e81
820E・ブラージュシアン	ブラージュシアン		yumi	l0e82
830E・ブラージュザウバ	ブラージュザウバ		yumi	l0e83
840E・ドドブラン・ガラー	ドドブラン・ガラー		yumi	l0e84
750E・火竜猛弓サンライト	火竜猛弓サンライト		yumi	l0e75
760E・火竜猛弓ガリェチ	火竜猛弓ガリェチ		yumi	l0e76
770E・火竜猛弓プラミャ	火竜猛弓プラミャ		yumi	l0e77
780E・火竜猛弓リオバーン	火竜猛弓リオバーン		yumi	l0e78
Hyuji Ramla	ヒュージ・ラムラ		yumi	l0ec9
Hyuji Foreo	ヒュージ・フィロロ		yumi	l0eca
Hyuji Daore	ヒュージ・ダオレ		yumi	l0ecb
Hyuhyuji Ramina	ヒュヒュージ・ラミナ		yumi	l0ecc
"Ruko Bow ""Ekure"""	極龍弓エクレー		yumi	l0f21
"Ruko Bow ""Robon"""	極龍弓トロボン		yumi	l0f22
"Ruko Bow ""Fulgur"""	極龍弓フルグル		yumi	l0f23
"Light Ruko Bow ""Teravu"""	光極龍弓テラヴ		yumi	l0f24
"Torid Bow ""Eyes"""	トリドアイズ		yumi	l0f66
"Torid Bow ""Skyes"""	トリドスカイズ		yumi	l0f67
"Torid Bow ""Heaven"""	トリドルサータ		yumi	l0f68
"Torid Bow ""Funi"""	トリド・フニ		yumi	l0f69
"Rage Bow ""Phenomenon"""	極怒貌弓【仮相】		yumi	l0f84
"Rage Bow ""Appeareance"""	極怒貌弓【風姿】		yumi	l0f85
"Rage Bow ""Facade"""	極怒貌弓【表構】		yumi	l0f86
"Wrath Launcher ""Henshia"""	絶怒貌弓ヘンシア		yumi	l0f87
F30F・エリュー・フィン	エリュー・フィン		yumi	l0ff3
F40F・エリュー・クインス	エリュー・クインス		yumi	l0ff4
F50F・エリュー・ペーロペ	エリュー・ペーロペ		yumi	l0ff5
F60F・エリュー・ヴィーナス	エリュー・ヴィーナス		yumi	l0ff6
True Taikun Bow	多殻真弓		yumi	l107b
True Taikun Bow・Pasque	多殻真弓【翁草】		yumi	l107c
True Taikun Bow・Makhmali	多殻真弓【千日紅】		yumi	l107d
True Taikun Bow・Marigold	多殻真弓【金盞花】		yumi	l107e
"Composer Arch ""Intro"""	歌唄ノ弓【前奏】		yumi	l0e5b
"Composer Arch ""Chorus"""	歌唄ノ弓【中奏】		yumi	l0e5c
"Composer Arch ""Encore"""	歌唄ノ弓【後奏】		yumi	l0e5d
"Prayer Arch ""Intro"""	歌踊ノ弓【前奏】		yumi	l0ed5
"Prayer Arch ""Chorus"""	歌踊ノ弓【中奏】		yumi	l0ed6
790F・歌詠ノ弓【前奏】	歌詠ノ弓【前奏】		yumi	l0f79
7A0F・歌詠ノ弓【中奏】	歌詠ノ弓【中奏】		yumi	l0f7a
7B0F・歌詠ノ弓【後奏】	歌詠ノ弓【後奏】		yumi	l0f7b
"Melody Arch ""Prelude"""	歌奏ノ弓【前奏】		yumi	l0fcf
"Melody Arch ""Chorus"""	歌奏ノ弓【中奏】		yumi	l0fd0
"Melody Arch ""Encore"""	歌奏ノ弓【後奏】		yumi	l0fd1
"Enrapture Arch ""Intro"""	歌繋ノ弓【前奏】		yumi	l1044
Beer Shooter	ビア・シューター		yumi	l062f
Koro Shooter	コーロ・シューター		yumi	l0630
Ukoba Shooter	ウコバ・シューター		yumi	l0631
Sulfur Shooter	サルファ・シューター		yumi	l0632
→Fleur Lumier	→フルール・リュミエ		yumi	l0f3d
