section	index	source	target	bucket	category
melee	0	Nothing Equipped	未裝備	ok	ok
melee	1	Iron Sword	鐵剣	ok	ok
melee	2	Iron Sword+	鐵剣＋	ok	ok
melee	3	Buster Sword	破壞剣	ok	ok
melee	4	Cat's Soul	猫魂	ok	ok
melee	5	Hellish Slasher	地獄斬	ok	ok
melee	6	Buster Blade	破壞刃	ok	ok
melee	7	Blue Wing	青之翼	ok	ok
melee	8	Ravager Blade	毀滅刃	ok	ok
melee	9	Lacerator Blade	裂刃	ok	ok
melee	10	Iron Katana	鐵刀	ok	ok
melee	11	"Iron Katana ""Grace"""	鐵刀【優雅】	ok	ok
melee	12	"Iron Katana ""Gospel"""	鐵刀【福音】	ok	ok
melee	13	"Bone Katana ""Wolf"""	骨製刀【狼】	ok	ok
melee	14	"Bone Katana ""Shark"""	骨製刀【鯊】	ok	ok
melee	15	"Bone Katana ""Dragon"""	骨製刀【竜】	ok	ok
melee	16	Black Katana Mk.Ⅰ	黑刀Mk.Ⅰ	ok	ok
melee	17	Black Katana Mk.Ⅱ	黑刀Mk.Ⅱ	ok	ok
melee	18	Defender	防衛	ok	ok
melee	19	"Wyvern Blade ""Azure"""	飛竜刃【蒼】	ok	ok
melee	20	Sentinel	哨兵	ok	ok
melee	21	Halberd	沸血吼	ok	ok
melee	22	"Wyvern Blade ""Leaf"""	飛竜刃【葉】	ok	ok
melee	23	Judgment	審判	ok	ok
melee	24	Execution	處刑	ok	ok
melee	25	Execution+	處刑＋	ok	ok
melee	26	Dark Scythe	暗鎌	ok	ok
melee	27	Dark Torment	闇折磨	ok	ok
melee	28	Bone Blade	骨製刃	ok	ok
melee	29	Bone Blade+	骨製刃＋	ok	ok
melee	30	Jawblade	顎刃	ok	ok
melee	31	Black Katana Mk.Ⅲ	黒刀Mk.Ⅲ	ok	ok
melee	32	Wyvern Jawblade	章觸媒刃	ok	ok
melee	33	Red Stripe	赤線	ok	ok
melee	34	Golem Blade	魔像刃	ok	ok
melee	35	Valkyrie Blade	女武神刃	ok	ok
melee	36	Sigelinde	希格琳德	ok	ok
melee	37	Dragon Killer	竜殺	ok	ok
melee	38	Red Scissor	赤之鋏	ok	ok
melee	39	Fin Blade	鰭刃	ok	ok
melee	40	Ceanataur Blade	鎌蟹刃	ok	ok
melee	41	Plesioth Watersword	水竜水剣	ok	ok
melee	42	Red Wing	赤之翼	ok	ok
melee	43	Rath Blaze Sword	火竜炎剣	ok	ok
melee	44	Rusted G-Sword	錆Ｇ剣	ok	ok
melee	45	Tarnished G-Sword	失色Ｇ剣	ok	ok
melee	46	Blue Claw Blade	青爪刃	ok	ok
melee	47	Ancient Blade	古代刃	ok	ok
melee	48	Bone	骨製	ok	ok
melee	49	Dragonwood L.Sword	竜木太刀	ok	ok
melee	50	Fire Dragonsword	火竜剣	ok	ok
melee	51	Red Dragonsword	赤竜剣	ok	ok
melee	52	Azure Serpentblade	蒼蛇刃	ok	ok
melee	53	Diablos Sword	角竜剣	ok	ok
melee	54	Vile Serpentblade	兇蛇刃	ok	ok
melee	55	Iron Hammer	鐵大錘	ok	ok
melee	56	Iron Hammer+	鐵大錘＋	ok	ok
melee	57	War Hammer	大錘戦	ok	ok
melee	58	Torment Hammer	大錘折磨	ok	ok
melee	59	War Mace	戦鎚	ok	ok
melee	60	Iron Striker	鐵打撃	ok	ok
melee	61	Blue Head Hammer	大錘之青頭	ok	ok
melee	62	Twin Blos Hammer	角竜球紋章大錘	ok	ok
melee	63	Iron Impact	鐵衝撃	ok	ok
melee	64	Spike Hammer	尖刺大錘	ok	ok
melee	65	Spike Hammer+	尖刺大錘＋	ok	ok
melee	66	Crystal Hammer	結晶大錘	ok	ok
melee	67	Crystal Nova	結晶新星	ok	ok
melee	68	Anvil Hammer	大錘鐵砧	ok	ok
melee	69	Venom Monster	毒魔物	ok	ok
melee	70	Bone Axe	骨製斧	ok	ok
melee	71	Lobstrosity	竜蝦	ok	ok
melee	72	Blood Bone Axe	血骨斧	ok	ok
melee	73	Gigaton Hammer	大錘千兆	ok	ok
melee	74	Anchor Hammer F	大錘錨F	ok	ok
melee	75	Combat Hammer	大錘格鬥	ok	ok
melee	76	Raven Torrent	渡鴉激流	ok	ok
melee	77	Graviton Hammer	大錘重力	ok	ok
melee	78	Bone Hammer	骨製大錘	ok	ok
melee	79	Bone Hammer+	骨製大錘＋	ok	ok
melee	80	Cyclops Hammer	大錘獨眼	ok	ok
melee	81	Dragonhead Hammer	大錘竜首	ok	ok
melee	82	Atlas Hammer	大錘阿特拉斯	ok	ok
melee	83	Skull Crush	頭骨破碎	ok	ok
melee	84	Skull Crush+	頭骨破碎＋	ok	ok
melee	85	Kut-Ku Jaw	怪鳥顎	ok	ok
melee	86	Great Cone	偉大錐	ok	ok
melee	87	Gigaton Hammer+	大錘千兆＋	ok	ok
melee	88	Basarios Blow	岩竜一撃	ok	ok
melee	89	Blos Tail	角竜之尾	ok	ok
melee	90	Jail Hammer	大錘監獄	ok	ok
melee	91	Jadeite Mace	翡翠鎚	ok	ok
melee	92	Jade Mace	翡翠鎚	ok	ok
melee	93	Proto Gun Hammer	大錘原型銃	ok	ok
melee	94	Deadly Revolver	致死左輪	ok	ok
melee	95	Rusted Hammer	嚴重生銹大錘	ok	ok
melee	96	Tarnished Hammer	生銹大錘	ok	ok
melee	97	Steel Ice Hammer	鋼冰大錘	ok	ok
melee	98	Breath Core Hammer	大錘息核	ok	ok
melee	99	Bone Clump	骨製塊	ok	ok
melee	100	Lrg Bone Clump	大骨塊	ok	ok
melee	101	Dragon Destroyer	竜破壊	ok	ok
melee	102	Dragon Breaker	竜破壞	ok	ok
melee	103	Iron Lance	鐵長槍	ok	ok
melee	104	Iron Lance+	鐵長槍＋	ok	ok
melee	105	Knight Lance	長槍騎士	ok	ok
melee	106	Growling Wyvern	低吼飛竜	ok	ok
melee	107	Knight's Spear	騎士烏賊長槍	ok	ok
melee	108	Paladin Lance	長槍聖騎士	ok	ok
melee	109	Rampart	壁壘	ok	ok
melee	110	Iron Gunlance	鐵銃槍	ok	ok
melee	111	Babel	巴別	ok	ok
melee	112	Iron Devil	鐵惡魔	ok	ok
melee	113	Iron Gunlance+	鐵銃槍＋	ok	ok
melee	114	Special Ops Gunlance	銃槍特殊作戦	ok	ok
melee	115	Dark Lance	暗長槍	ok	ok
melee	116	Silver Rook	銀城堡	ok	ok
melee	117	Dark Squire	闇侍從	ok	ok
melee	118	Paralyzer	麻痺者	ok	ok
melee	119	Trident	三叉戟	ok	ok
melee	120	Bone Javelin	骨製標槍	ok	ok
melee	121	Luna's Howl	炎妃怒吼	ok	ok
melee	122	Spike Spear	尖刺槍	ok	ok
melee	123	Aqua Spear	水槍	ok	ok
melee	124	Luna's Roar	炎妃咆哮	ok	ok
melee	125	Lullaby Spear	搖籃曲槍	ok	ok
melee	126	White Gunlance	白銃槍	ok	ok
melee	127	Bone Lance	骨製長槍	ok	ok
melee	128	Bone Lance+	骨製長槍＋	ok	ok
melee	129	Long Horn	長之角	ok	ok
melee	130	Black Cannon	黑加農砲	ok	ok
melee	131	Long Tusk	長化抑制	ok	ok
melee	132	Barbarian Tusk	蠻化抑制	ok	ok
melee	133	Hellsting	地獄刺	ok	ok
melee	134	Hard Heater	硬熱	ok	ok
melee	135	Ogre Lance	長槍食人	ok	ok
melee	136	Red Tail	赤之尾	ok	ok
melee	137	Scissor Gunlance	剪刀銃槍	ok	ok
melee	138	Dragonwood Gunlance	竜木銃槍	ok	ok
melee	139	Diablo Horn	魔之角	ok	ok
melee	140	Emerald Spear	翡翠槍	ok	ok
melee	141	Diablo Spear	魔槍	ok	ok
melee	142	Bone Claw Lance	骨製爪長槍	ok	ok
melee	143	Crimson War Pike	深紅戦槍	ok	ok
melee	144	Venom Lance	毒長槍	ok	ok
melee	145	Blade Stinger	刃刺	ok	ok
melee	146	Basarios Venom Spear	岩竜毒槍	ok	ok
melee	147	Gravios Spear	鎧竜槍	ok	ok
melee	148	Gatling Lance	長槍加特林	ok	ok
melee	149	Gatling Lance+	長槍加特林＋	ok	ok
melee	150	Rusted Lance	嚴重生銹長槍	ok	ok
melee	151	Tarnished Lance	生銹長槍	ok	ok
melee	152	Kizami Stinger	刻刺	ok	ok
melee	153	Undertaker	送葬者	ok	ok
melee	154	Dragon Lance	竜長槍	ok	ok
melee	155	Demon Lance	惡魔長槍	ok	ok
melee	156	Hunter Knife	獵人刀	ok	ok
melee	157	Hunter Knife+	獵人刀＋	ok	ok
melee	158	Hunting Dagger	狩短剣	ok	ok
melee	159	Hunting Dagger+	狩短剣＋	ok	ok
melee	160	Assassin Dagger	刺客短剣	ok	ok
melee	161	Kirin Bolt	麒麟螺栓	ok	ok
melee	162	Kirin Bolt+	麒麟螺栓＋	ok	ok
melee	163	Rusted Replica	錆複刻	ok	ok
melee	164	Kirin Bolt Ultimus	麒麟雷極	ok	ok
melee	165	Serpent Bite	蛇比特	ok	ok
melee	166	Velocidrome Bite	藍速竜王比特	ok	ok
melee	167	Viper Bite	蝮比特	ok	ok
melee	168	Eternal Replica	永恆複刻	ok	ok
melee	169	Deathprize	死賞	ok	ok
melee	170	Hydra Bite	多頭比特	ok	ok
melee	171	Flame Syphos	焔剣	ok	ok
melee	172	Deadly Poison	毒致死	ok	ok
melee	173	Thunderbane	雷禍	ok	ok
melee	174	Princess Rapier	公主細剣	ok	ok
melee	175	Lightning Bane	雷禍	ok	ok
melee	176	Princess Rapier+	公主細剣＋	ok	ok
melee	177	Poison Battleaxe	毒戦斧	ok	ok
melee	178	Bone Kris	骨製波刃	ok	ok
melee	179	Bone Kris+	骨製波刃＋	ok	ok
melee	180	Bone Pick	骨製証明球	ok	ok
melee	181	Bone Pick+	骨製証明球＋	ok	ok
melee	182	Bone Nail	骨製釘	ok	ok
melee	183	Djinn	魔神	ok	ok
melee	184	Master Blade F	鍵盤歌刃F	ok	ok
melee	185	Djinn+	魔神＋	ok	ok
melee	186	Blazing Falchion	熾彎刀	ok	ok
melee	187	Weary Finsword	疲鰭剣	ok	ok
melee	188	Steel Ice Dagger	鋼冰短剣	ok	ok
melee	189	Sandman Finsword	睡魔鰭剣	ok	ok
melee	190	Hero Blade F	迪拉瓦刃F	ok	ok
melee	191	Frost Edge	霜刃	ok	ok
melee	192	Studded Club	鋲棍	ok	ok
melee	193	Frost Edge+	霜刃＋	ok	ok
melee	194	Spiked Bat	尖刺棒	ok	ok
melee	195	Crimson Club	深紅棍	ok	ok
melee	196	Monoblos Club	一角竜棍	ok	ok
melee	197	Rusted Sword	嚴重生銹剣	ok	ok
melee	198	Tarnished Sword	生銹剣	ok	ok
melee	199	Blue Ogre Sword	青食人剣	ok	ok
melee	200	Eternal Strife	永紛爭	ok	ok
melee	201	Rajang Club	金獅子棍	ok	ok
melee	202	Taboo Rajang Club	抑制螺金獅子棍	ok	ok
melee	203	Dragonbuster	滅竜	ok	ok
melee	204	Raven Blade	渡鴉刃	ok	ok
melee	205	Catspaw	肉球	ok	ok
melee	206	Catburglar	猫賊	ok	ok
melee	207	Tactical Blade	戦術刃	ok	ok
melee	208	Eager Cleaver	熱切斬刀	ok	ok
melee	209	Divine Slasher	神斬	ok	ok
melee	210	Chrome Razor	鍍剃刀	ok	ok
melee	211	Eternal Annihilator	永恆殲滅	ok	ok
melee	212	Finishing Hammer	大錘終結	ok	ok
melee	213	Onslaught Hammer	大錘猛攻	ok	ok
melee	214	Binder Mace	束鎚	ok	ok
melee	215	Fist of Fury	憤怒拳	ok	ok
melee	216	Grayburg Javelin	灰堡標槍	ok	ok
melee	217	Requiem Spear	鎮魂槍	ok	ok
melee	218	Spear of Prominence	槍日珥	ok	ok
melee	219	Black Dragon Spear	竜黒槍	ok	ok
melee	220	Twin Kut-Ku	怪鳥球紋章	ok	ok
melee	221	Corona	日冕	ok	ok
melee	222	Black Dragon Sword	竜黒剣	ok	ok
melee	223	Odyssey	奧德賽	ok	ok
melee	224	Teddybear	泰迪	ok	ok
melee	225	Estoc	刺剣	ok	ok
melee	226	Ninja Sword	忍者剣	ok	ok
melee	227	Demon Rod	惡魔杖	ok	ok
melee	228	Siegmund	齊格蒙君王	ok	ok
melee	229	Frozen Tuna	凍結鮪	ok	ok
melee	230	Great Demon Lance	長槍偉大惡魔	ok	ok
melee	231	Valhalla	英靈	ok	ok
melee	232	Native Spear	原矛	ok	ok
melee	233	Steel Bison Ⅱ	鋼野牛Ⅱ	ok	ok
melee	234	Twin Dagger	球紋章短剣	ok	ok
melee	235	Hi Twin Daggers	上位球紋章短刃	ok	ok
melee	236	Hurricane	颶風雙剣	ok	ok
melee	237	Pink Maracas	粉沙錘	ok	ok
melee	238	Cyclone	旋	ok	ok
melee	239	Dual Tomahawk	雙戦斧	ok	ok
melee	240	Dual Tomahawk+	雙戦斧＋	ok	ok
melee	241	Order Rapier	秩序細剣	ok	ok
melee	242	Raven Tessen	雙扇【烏】	ok	ok
melee	243	Holy Saber	聖剣	ok	ok
melee	244	Prototype Saw-Slicer	試作鋸斬撃	ok	ok
melee	245	Sanctioned Blades	公認刃	ok	ok
melee	246	Bone Scythe	骨製鎌	ok	ok
melee	247	Bone Scythe+	骨製鎌＋	ok	ok
melee	248	Cutlass	短彎	ok	ok
melee	249	Cutlass+	短彎＋	ok	ok
melee	250	Dual Diablo	雙魔	ok	ok
melee	251	Dual Diablo+	雙魔＋	ok	ok
melee	252	Insector	蟲	ok	ok
melee	253	Insector+	蟲＋	ok	ok
melee	254	Twin Flames	球紋章焔	ok	ok
melee	255	Hi Twin Flames	上位球紋章焔	ok	ok
melee	256	Gradios Ultimus	格拉迪極	ok	ok
melee	257	Double Dragon	竜雙	ok	ok
melee	258	Dual Dragon Ultimus	竜雙極	ok	ok
melee	259	Barbaroi Blade	蠻刃	ok	ok
melee	260	Crimson Goat	深紅羊	ok	ok
melee	261	Shiny Rathalos Sword	火竜閃剣	ok	ok
melee	262	"Torment ""Purgatory"""	折磨煉獄	ok	ok
melee	263	White Disaster	白災厄	ok	ok
melee	264	Velocidrome Bite+	藍速竜王比特＋	ok	ok
melee	265	Steel Bison Ⅲ	鋼野牛Ⅲ	ok	ok
melee	266	Crimson Scythe	深紅鎌	ok	ok
melee	267	White Mantis	白螳螂	ok	ok
melee	268	Sentoryu Raven	千竜渡鴉	ok	ok
melee	269	Teostra Blade	炎王竜刃	ok	ok
melee	270	True Dragon's Jaw	真・竜顎	ok	ok
melee	271	Saber	剣	ok	ok
melee	272	Lion Dance Saber	獅舞剣	ok	ok
melee	273	Guardian Sword	守護剣	ok	ok
melee	274	True Devil Slicer	真惡魔斬撃	ok	ok
melee	275	White Serpentblade	白蛇刃	ok	ok
melee	276	Plesioth Crystasword	水竜晶剣	ok	ok
melee	277	Scythe of Menace	鎌脅威	ok	ok
melee	278	Enforcer's Axe	行刑者的大斧	ok	ok
melee	279	Plesioth Azureblade	水竜蒼刃	ok	ok
melee	280	Smolder Dragonsword	燻竜剣	ok	ok
melee	281	Blushing Dame	緋貴婦	ok	ok
melee	282	Pale Kaiser	蒼帝王	ok	ok
melee	283	Steel Ice Blade	鋼冰刃	ok	ok
melee	284	Steel Ice Blade+	鋼冰刃＋	ok	ok
melee	285	Devil Slicer	惡魔斬撃	ok	ok
melee	286	Chrome Death Razor	鍍死剃刀	ok	ok
melee	287	Eternal Eradicator	永螺鈿終	bad	raden_end
melee	288	Black Belt Blade	黑帶刃	ok	ok
melee	289	Expert Blade	達人刃	ok	ok
melee	290	Worn Greatsword	嚴重風化大剣	ok	ok
melee	291	Weathered Great Swd	風化大剣	ok	ok
melee	292	Crab Cutter	蟹切斷	ok	ok
melee	293	Epitaph Blade	墓誌刃	ok	ok
melee	294	Bone Horn	骨製角	ok	ok
melee	295	War Drum	戦鼓	ok	ok
melee	296	Sonic Glass	音玻璃	ok	ok
melee	297	Sonic Glass+	音玻璃＋	ok	ok
melee	298	Devil Masher	惡魔搗	ok	ok
melee	299	Sanctioned Gunhammer	公認銃大錘	ok	ok
melee	300	War Stamp	戦印	ok	ok
melee	301	War Basher	戦爭狂撃	ok	ok
melee	302	Metal Bagpipe	金風笛	ok	ok
melee	303	Dragon Demolisher	竜破	ok	ok
melee	304	Khezu Horn	奇怪竜角	ok	ok
melee	305	Kut-Ku Pick	怪鳥証明球	ok	ok
melee	306	Great Nova	偉大新星	ok	ok
melee	307	Blessed Ocarina	祝福陶笛	ok	ok
melee	308	Black Belt Hammer	黑帶大錘	ok	ok
melee	309	Expert Hammer	達人大錘	ok	ok
melee	310	Worn Hammer	嚴重風化大錘	ok	ok
melee	311	Weathered Hammer	大錘風化	ok	ok
melee	312	Blessed Ocarina+	祝福陶笛＋	ok	ok
melee	313	Pulsating Core	布爾霧核	ok	ok
melee	314	War Bongo	戦鼓	ok	ok
melee	315	Blood Horn	血之角	ok	ok
melee	316	Bronze Bell	青銅鈴	ok	ok
melee	317	Dragonwood Horn	竜木角	ok	ok
melee	318	Dark	暗	ok	ok
melee	319	Sanctioned Gunlance	銃槍公認	ok	ok
melee	320	Dragon Rider Spear	竜騎手槍	ok	ok
melee	321	Incessant Raven	不絶渡鴉	ok	ok
melee	322	Black Ruiner Lance	黑毀槍	ok	ok
melee	323	Black Tempest	黑暴風	ok	ok
melee	324	Steel Ice Spear	鋼冰槍	ok	ok
melee	325	Steel Ice Spear+	鋼冰槍＋	ok	ok
melee	326	Blue Tail	青之尾	ok	ok
melee	327	Blue Prominence	青日珥	ok	ok
melee	328	Thunderspear	雷矛	ok	ok
melee	329	Black Gravios Spear	鎧竜黒槍	ok	ok
melee	330	Black Belt Lance	黑帶長槍	ok	ok
melee	331	Expert Lance	達人長槍	ok	ok
melee	332	Worn Spear	嚴重風化槍	ok	ok
melee	333	Weathered Spear	風化槍	ok	ok
melee	334	Teostra's Howl	焔皇怒吼	ok	ok
melee	335	Matenro	摩天	ok	ok
melee	336	Dragonic Rim	竜縁	ok	ok
melee	337	Void Gravios Spear	鎧竜維歐伊德矛	bad	phonetic_salad
melee	338	Bladed Edge	刃端	ok	ok
melee	339	Bladed Edge+	刃端＋	ok	ok
melee	340	Odyssey Blade	奧德賽刃	ok	ok
melee	341	Deadly Battleaxe	致死戦斧	ok	ok
melee	342	Kirin Bolt Indora	麒麟雷因多拉	ok	ok
melee	343	Flaming Pair	炎對	ok	ok
melee	344	Black Ruiner Sword	黑毀剣	ok	ok
melee	345	Cursed Spirit	詛咒霊	ok	ok
melee	346	Rouge Flames	拉瓦里焔	ok	ok
melee	347	Velociprey Claws	藍速之爪	ok	ok
melee	348	Melting Wail	融哭喊	ok	ok
melee	349	Golden Falchion	黄金彎刀	ok	ok
melee	350	Sandman Spike	睡魔之棘	ok	ok
melee	351	High Sandman Spike	上位睡魔之棘	ok	ok
melee	352	Melynx Tool	梅拉路具	ok	ok
melee	353	Black Belt Sword	黑帶剣	ok	ok
melee	354	Expert Sword	達人剣	ok	ok
melee	355	Hi Ninja Sword	上位忍者剣	ok	ok
melee	356	Thor's Dagger	雷神寶剣麒麟	ok	ok
melee	357	Ultimus Heaven & Earth	極天地	ok	ok
melee	358	Improved Power Saws	改良力鋸	ok	ok
melee	359	Guild Knight Sabers	公会騎士軍刀	ok	ok
melee	360	Insect Slicer	蟲斬撃	ok	ok
melee	361	Corpse Blades	屍刃	ok	ok
melee	362	Worn Blades	旧刃	ok	ok
melee	363	Weathered Blades	風化刃	ok	ok
melee	364	Melting Wail+	融哭喊＋	ok	ok
melee	365	Enduring Schism	封竜剣【超絶一門】	ok	ok
melee	366	Oberion	歐伯里恩	ok	ok
melee	367	Titania	提塔尼阿	ok	ok
melee	368	Blos Ceramic Lance	角竜陶槍	ok	ok
melee	369	Death Venom Hammer	毒死大錘	ok	ok
melee	370	Legendary Blades F	伝説刃F	ok	ok
melee	371	Demonic Halberd	魔沸血吼	ok	ok
melee	372	Rusty Claymore	生錆闊剣	ok	ok
melee	373	Grind Claymore	研磨闊剣	ok	ok
melee	374	Steel Snake Ⅱ	鋼之蛇Ⅱ	ok	ok
melee	375	Chicken Decapitator	鶏斬首	ok	ok
melee	376	Great Demon Rod	偉大惡魔杖	ok	ok
melee	377	Kirin Thundersword	麒麟雷剣	ok	ok
melee	378	Fatalis Blade	黑竜刃	ok	ok
melee	379	Kirin Bolts	麒麟雷	ok	ok
melee	380	Fatalis Ancestor	黑竜祖	ok	ok
melee	381	Susano Blade	斬老刀【須佐之男】	ok	ok
melee	382	Daimyo Cutter	大名盾蟹切斷	ok	ok
melee	383	"Wyvern Blade ""Verde"""	飛竜刃尾虎皮	ok	ok
melee	384	Lion King Saber	獅王剣	ok	ok
melee	385	Monoblos Scythe	一角竜鎌	ok	ok
melee	386	Frost Ripper	霜裂	ok	ok
melee	387	Imperial Sword	帝国剣	ok	ok
melee	388	Dragonwood Godblade	竜木神刃	ok	ok
melee	389	"Wyvern Blade ""Maple"""	飛竜刃【楓】	ok	ok
melee	390	Great Demon Halberd	偉大惡魔沸血吼	ok	ok
melee	391	Gaelic Flame	蓋爾焔	ok	ok
melee	392	Bone Horn+	骨製角＋	ok	ok
melee	393	War Drum+	戦鼓・改	ok	ok
melee	394	Glass Queen	玻璃女王	ok	ok
melee	395	Khezu Flute	奇怪竜笛	ok	ok
melee	396	Great Bagpipe	大風笛	ok	ok
melee	397	Cursed Ocarina	詛咒陶笛	ok	ok
melee	398	War Conga	戦桃毛	ok	ok
melee	399	Blood Flute	血笛	ok	ok
melee	400	Gaoren Bell	鎧竜鐘	ok	ok
melee	401	Spirit Dragonwood Horn	霊竜木之角	ok	ok
melee	402	Steel Gunlance	銃槍鋼	ok	ok
melee	403	Big Slugger	大強打	ok	ok
melee	404	Hell Stinger	地獄刺	ok	ok
melee	405	White Cannon	白加農砲	ok	ok
melee	406	Luna's Flare	炎妃爆炎槍	ok	ok
melee	407	Scissor Cannon	剪刀加農砲	ok	ok
melee	408	Black Gore Cannon	黑血加農砲	ok	ok
melee	409	Gun Chariot	銃戦車	ok	ok
melee	410	Gld Dragonwood GLance	金竜木Ｇ槍	ok	ok
melee	411	Imperial Gunlance	帝国銃槍	ok	ok
melee	412	Great Scissor	偉大之鋏	ok	ok
melee	413	King Thundersword	王雷剣	ok	ok
melee	414	Doara's Decimator	鋼竜凍大剣	ok	ok
melee	415	Killer's Scythe	藍鎌大剣	ok	ok
melee	416	Sentoryu Wolf	千竜狼	ok	ok
melee	417	Rooster Decapitator	雄鳥斬首	ok	ok
melee	418	Red Stripe+	赤線＋	ok	ok
melee	419	Diablo Destroyer	魔破壊	ok	ok
melee	420	Teostra Kingblade	炎王竜王刃	ok	ok
melee	421	Fatalis Blackblade	黒竜黒刃	ok	ok
melee	422	Fatalis Ancestor	黑竜祖	ok	ok
melee	423	Cat's Curse	猫之咒怨	ok	ok
melee	424	Bull Tusk Hammer	大錘之野牛牙	ok	ok
melee	425	Conehead Hammer+	大錘錐頭＋	ok	ok
melee	426	Lunastra's Crown	炎妃霸者	ok	ok
melee	427	Crushing Anchor F	証明球錨F	ok	ok
melee	428	Wolf Torrent	狼激流	ok	ok
melee	429	Ancient's Blow	太古之拳	ok	ok
melee	430	Diablo Chaos Breaker	魔混沌破壞	ok	ok
melee	431	Ancient Relic	遠古遺物	ok	ok
melee	432	Basarios Bash	岩竜猛撃	ok	ok
melee	433	Daora's Collosus	巨大鋼竜錘	ok	ok
melee	434	White Kitty Hammer	大錘白猫	ok	ok
melee	435	Black Kitty Hammer	大錘黑猫	ok	ok
melee	436	Gold Kitty Hammer	大錘金猫	ok	ok
melee	437	King Lobster Hammer	大錘王竜蝦	ok	ok
melee	438	Violence Hammer	大錘暴力	ok	ok
melee	439	Bone Claw Lance+	骨製爪長槍＋	ok	ok
melee	440	Daora's Fang	完美鋼竜槍	ok	ok
melee	441	Ceanataur Piercer	突刺長槍	ok	ok
melee	442	Incessant Wolf	不絶狼	ok	ok
melee	443	Roaring Wyvern	咆哮飛竜	ok	ok
melee	444	Thunderlance	雷長槍	ok	ok
melee	445	Teostra's Roar	焔皇咆哮	ok	ok
melee	446	Eternal Instant	永恆瞬	ok	ok
melee	447	Emerald Spear+	翡翠槍＋	ok	ok
melee	448	Strategic Blade	戦略刃	ok	ok
melee	449	Black Doom Flame	黑毀滅焔	ok	ok
melee	450	Queen Rapier	女王細剣	ok	ok
melee	451	Daora's Razor	冰竜皇剣	ok	ok
melee	452	Hi Frost Edge	上位霜端	ok	ok
melee	453	Azure Ogre Sword	蒼食人剣	ok	ok
melee	454	Wolf Blade	狼刃	ok	ok
melee	455	Twin Kut-Ku+	怪鳥球紋章＋	ok	ok
melee	456	Funky Maracas	放克沙錘	ok	ok
melee	457	Limb Cutter	肢切	ok	ok
melee	458	Wolf Tessen	狼鉄扇	ok	ok
melee	459	Crimson Lotus Blades	深紅蓮刃	ok	ok
melee	460	Dual Chameleos	霞竜雙	ok	ok
melee	461	Hi Velociprey Claws	上位藍速之爪	ok	ok
melee	462	Glutton's Set	雙剣煎煮炒炸	ok	ok
melee	463	Silhouette Sabers	剪影軍刀	ok	ok
melee	464	Rookie Knife	新人刀	ok	ok
melee	465	White Fatalis Debug	黑竜白調試	ok	ok
melee	466	Lunastra Debug	炎妃竜調試	ok	ok
melee	467	Gunlance Debug	銃槍調試	ok	ok
melee	468	Bulldrome Dagger	野豬王短剣	ok	ok
melee	469	Melynx Gadget	梅拉路機関	ok	ok
melee	470	Gaoren Debug	鎧竜調試	ok	ok
melee	471	Shining Wyvern Blade	輝耀飛竜刃	ok	ok
melee	472	Steel Snake Ⅲ	鋼之蛇Ⅲ	ok	ok
melee	473	Fatalis Buster	黑竜破壞	ok	ok
melee	474	Deadly Serpentblade	致死蛇刃	ok	ok
melee	475	Fatalis Blaster	黑竜爆裂	ok	ok
melee	476	White Fatalis Buster	白黒竜破壞	ok	ok
melee	477	Shell Hammer	大錘之殻	ok	ok
melee	478	"Wyvern Blade ""Holly"""	飛竜刃【冬青】	ok	ok
melee	479	Large Bone	大骨塊	ok	ok
melee	480	Dio Mi Dia	迪奧米迪亞	ok	ok
melee	481	Melting Blades	融刃	ok	ok
melee	482	Shen Su Bei Hao	神須北豪	ok	ok
melee	483	Black Ice Bayonet	冰黑刺刀	ok	ok
melee	484	Centenarian Dagger	大長老的太刀	ok	ok
melee	485	Great Ogre Tusk	大食人化抑制	ok	ok
melee	486	Crimson Beta Knife	深紅β刀	ok	ok
melee	487	Azure Beta Knife	蒼β刀	ok	ok
melee	488	Acorn Stick	橡實棒	ok	ok
melee	489	Double Beta	雙β	ok	ok
melee	490	Crystal Great Sword	結晶大剣	ok	ok
melee	491	Inclusion	包容	ok	ok
melee	492	Flawless	無瑕	ok	ok
melee	493	Acorn Rod	橡實杖	ok	ok
melee	494	Fairness	公正銃槍	ok	ok
melee	495	Sleepyball	睡眠球	ok	ok
melee	496	Sleepyball	睡眠球	ok	ok
melee	497	Sleepyball	睡眠球	ok	ok
melee	498	Sleepyball	睡眠球	ok	ok
melee	499	Sleepyball	睡眠球	ok	ok
melee	500	Sleepyball	睡眠球	ok	ok
melee	501	Sleepyball	睡眠球	ok	ok
melee	502	Sleepyball	睡眠球	ok	ok
melee	503	Feather Knife	羽刀	ok	ok
melee	504	Feather Sword	羽剣	ok	ok
melee	505	Earth Pulse	地脈	ok	ok
melee	506	Earth Breeze	地布艾艾澤	ok	ok
melee	507	Pick Blade	証明球刃	ok	ok
melee	508	Beak Blade	喙刃	ok	ok
melee	509	Liquid Fire Blade	火液刃	ok	ok
melee	510	Divine Fire Blade	火神刃	ok	ok
melee	511	Desert Gunlance	銃槍砂漠	ok	ok
melee	512	Desert Cannon	砂漠加農砲	ok	ok
melee	513	Lava Gunlance	銃槍熔岩	ok	ok
melee	514	Lava Cannon	熔岩加農砲	ok	ok
melee	515	Feather Whistle	羽笛	ok	ok
melee	516	Hypno Whistle	眠笛	ok	ok
melee	517	Lava Alpa	熔阿勒普阿	ok	ok
melee	518	Giaprey Claws	白速竜之爪	ok	ok
melee	519	Giaprey Claws+	白速竜之爪＋	ok	ok
melee	520	Amphisbaena	雙頭蛇	ok	ok
melee	521	Blango Destroyer	雪獅子破壊	ok	ok
melee	522	Blango Decimator	雪獅子殲滅者	ok	ok
melee	523	Blango Destructor	雪獅子毀	ok	ok
melee	524	Bone Gunlance	骨製銃槍	ok	ok
melee	525	Greatbone Gunlance	銃槍巨骨	ok	ok
melee	526	Wyvern Bone Gunlance	銃槍之飛竜骨	ok	ok
melee	527	Light Bang	光爆	ok	ok
melee	528	Light Bang+	光爆＋	ok	ok
melee	529	Chilled Fang	寒之牙	ok	ok
melee	530	Chilled Fang+	寒之牙＋	ok	ok
melee	531	Cooler Dagger	冷短剣	ok	ok
melee	532	Icicle Dagger	冰柱短剣	ok	ok
melee	533	Glistening Edge	閃端	ok	ok
melee	534	Capillary Lance	毛細槍	ok	ok
melee	535	Dripping Lance	滴槍	ok	ok
melee	536	Crystal Lance	結晶長槍	ok	ok
melee	537	Cold Lance	長槍耐寒	ok	ok
melee	538	Frost Lance	霜長槍	ok	ok
melee	539	Ice Hammer	冰大錘	ok	ok
melee	540	Frozen Hammer	凍結大錘	ok	ok
melee	541	Bone Axe+	骨製斧＋	ok	ok
melee	542	Velociprey Balloon	藍速气球	ok	ok
melee	543	Velociprey Balloon+	藍速气球＋	ok	ok
melee	544	Velocidrome Balloon	藍速竜王气球	ok	ok
melee	545	Stone Bug Pipe	石蟲管	ok	ok
melee	546	Light Bug Pipe	光蟲管	ok	ok
melee	547	Hard Bug Pipe	硬蟲管	ok	ok
melee	548	Fulminant Sword	雷鳴剣	ok	ok
melee	549	Fulminant Blade	雷鳴刃	ok	ok
melee	550	Snow Gear	雪齒輪	ok	ok
melee	551	Snow Gear Second	雪歯第二	ok	ok
melee	552	Snow Gear Drive	雪齒輪德伊維	ok	ok
melee	553	Marine Fisher	水竜銃槍	ok	ok
melee	554	Deep Fisher	深淵釣師	ok	ok
melee	555	Deep Ocean	深海洋	ok	ok
melee	556	Leviathan G.Lance	海竜Ｇ長槍	ok	ok
melee	557	Average Hitter	全能打者	ok	ok
melee	558	Grand Slam	大猛	ok	ok
melee	559	Giaprey Balloon	白速竜气球	ok	ok
melee	560	Giaprey Balloon+	白速竜气球＋	ok	ok
melee	561	Giadrome Balloon	白速竜王气球	ok	ok
melee	562	Basarios Rock	岩竜岩	ok	ok
melee	563	Basarios Rock Ⅱ	岩竜岩Ⅱ	ok	ok
melee	564	Volcanic Rock	火山岩	ok	ok
melee	565	Pizza Peel	披薩板	ok	ok
melee	566	Snake Bite	蛇比特	ok	ok
melee	567	Snake Bite+	蛇比特＋	ok	ok
melee	568	Shakalaka Poison Bite	奇面族毒比特	ok	ok
melee	569	Shakalaka Saber	奇面族剣	ok	ok
melee	570	Kitchen Knife	中華菜刀	ok	ok
melee	571	Iron Chefblade	鐵廚刃	ok	ok
melee	572	Millenium Knife	千年刀	ok	ok
melee	573	Glutton's Tools	貪吃鬼的餐具	ok	ok
melee	574	Cielo Tool	天空具	ok	ok
melee	575	Felyne and Melynx	艾路猫梅拉路	ok	ok
melee	576	Naag Serpentblade	納格蛇刃	ok	ok
melee	577	Devta Serpentblade	德夫塔蛇刃	ok	ok
melee	578	Wild Boar Lance	野豬槍	ok	ok
melee	579	Wild Boar Lance+	野豬槍＋	ok	ok
melee	580	Bulldrome Spear	野豬王槍	ok	ok
melee	581	Fragrance	瓦里艾	ok	ok
melee	582	Fragrance+	瓦里艾＋	ok	ok
melee	583	Noble Fragrance	貴族瓦里艾	ok	ok
melee	584	Primal Spear	原始矛	ok	ok
melee	585	Vacuum Stick	真空吸把	ok	ok
melee	586	Hyper Vacuum	極真空	ok	ok
melee	587	Enormous Ham	艾恩歐爾姆歐烏斯哈阿姆	bad	phonetic_salad
melee	588	Ham of Hams	哈阿姆哈阿姆斯	ok	ok
melee	589	Black Frying Pan	黑煎鍋	ok	ok
melee	590	One Star Silver Pot	一星銀鍋	ok	ok
melee	591	Two Star Silver Pot	二星銀鍋	ok	ok
melee	592	True Black Frying Pan	真黑煎鍋	ok	ok
melee	593	Cactus Hammer	大錘仙人掌	ok	ok
melee	594	Green Monster	緑魔物	ok	ok
melee	595	Coral Chordmaker	珊瑚和弦	ok	ok
melee	596	Gold Chordmaker	金和弦	ok	ok
melee	597	Kut-Ku Fury	怪鳥憤怒	ok	ok
melee	598	Kut-Ku Sickle	怪鳥庫斯伊克克勒艾	bad	phonetic_salad
melee	599	Draguetta	輝竜小剣	ok	ok
melee	600	Unietta	白鳩小剣	ok	ok
melee	601	Feather Edge	羽刃	ok	ok
melee	602	Aegis Guard	宙斯神盾	ok	ok
melee	603	Aegis Guard+	宙斯神盾・改	ok	ok
melee	604	Aegis Shield	阿艾格伊斯盾	ok	ok
melee	605	Aegis Breath	宙斯祝福護盾	ok	ok
melee	606	Gran Blade	大刃	ok	ok
melee	607	Super Cat Paw	超猫肉球	ok	ok
melee	608	Steel Lizard Ⅱ	鋼之蜥蜴Ⅱ	ok	ok
melee	609	Satan's Battleaxe	惡魔斬斧	ok	ok
melee	610	Felfire Battleaxe	夫艾勒夫伊爾艾布阿特特勒艾阿克	bad	phonetic_salad
melee	611	Sword Shield	剣盾	ok	ok
melee	612	Sword Shield+	剣盾＋	ok	ok
melee	613	Edge Shield	刃盾	ok	ok
melee	614	Invisible Shield	伊恩維伊斯伊布勒盾	bad	phonetic_salad
melee	615	"Ninja Sword ""Shadow"""	忍者剣影	ok	ok
melee	616	"Ninja Sword ""Patience"""	忍者剣普阿特伊艾恩克艾	bad	phonetic_salad
melee	617	Steel Lizard Ⅲ	鋼之蜥蜴Ⅲ	ok	ok
melee	618	Plesioth Sabers	水竜軍刀	ok	ok
melee	619	High Plesioth Sabers	水竜高軍刀	ok	ok
melee	620	Legendary Twin Flames	伝説球紋章焔	ok	ok
melee	621	Strengthened Power Saws	斯特爾艾恩格特哈力鋸	bad	phonetic_salad
melee	622	Blizzard Fang	吹雪之牙	ok	ok
melee	623	Insect Mage	蟲術士	ok	ok
melee	624	Destiny Picks	命運普伊克克斯	ok	ok
melee	625	Crab Cutters	雙蟹鉗	ok	ok
melee	626	Rough Hatchets	粗哈阿特克哈艾特斯	bad	phonetic_salad
melee	627	Ominous Caw	歐姆伊恩歐烏斯克阿瓦	bad	phonetic_salad
melee	628	"Silhouette Sabers ""Art"""	剪影軍刀	ok	ok
melee	629	Ice Breaker	破冰	ok	ok
melee	630	Glacial Divider	氷河德伊維伊德艾爾	bad	phonetic_salad
melee	631	Glacial Supremacy	氷河斯烏普爾艾姆阿克	bad	phonetic_salad
melee	632	Ferrigoris	夫艾爾爾伊格歐爾	bad	phonetic_salad
melee	633	Igniferni	地獄火	ok	ok
melee	634	Scorcher	斯克歐爾克哈艾爾	bad	phonetic_salad
melee	635	Hypno Blade	眠鳥刃	ok	ok
melee	636	Narcolepter	恩阿爾克歐勒艾普	bad	phonetic_salad
melee	637	True Frozen Tuna	真凍結鮪	ok	ok
melee	638	Frozen Silver Tuna	凍結銀鮪	ok	ok
melee	639	Frozen Gold Tuna	凍結金鮪	ok	ok
melee	640	Plesioth Azureblade+	水竜蒼刃＋	ok	ok
melee	641	Silver Serpentblade	銀蛇刃	ok	ok
melee	642	Smelting Fire Blade	火斯姆艾勒特伊恩格刃	bad	phonetic_salad
melee	643	Eternal Destruction	永恆德艾斯特爾烏克特	bad	phonetic_salad
melee	644	Eternal Damnation	永恆德阿姆恩阿特伊歐	bad	phonetic_salad
melee	645	Water Slicer	水斬撃	ok	ok
melee	646	Water Slicer Mk.Ⅱ	水斬撃Mk.Ⅱ	ok	ok
melee	647	Water Slicer Mk.Ⅲ	水斬撃Mk.Ⅲ	ok	ok
melee	648	Miracle Flame	奇跡炎	ok	ok
melee	649	Raging Flame	拉吉恩焔	ok	ok
melee	650	Flash of Flame	閃光炎	ok	ok
melee	651	Yggdrasil	世界樹	ok	ok
melee	652	Monoblospire	姆歐恩歐布勒歐斯	bad	phonetic_salad
melee	653	Nidhoggr	屍竜	ok	ok
melee	654	Jade Lance	翡翠長槍	ok	ok
melee	655	Dragon Knight Spear	竜騎士槍	ok	ok
melee	656	Angry Horn	怒之角	ok	ok
melee	657	Raging Horn	拉吉恩之角	bad	type_phonetic
melee	658	Vendetta	復仇長槍	ok	ok
melee	659	Crimson Gunlance	深紅銃槍	ok	ok
melee	660	Burn Gunlance	銃槍焼	ok	ok
melee	661	Heat Blaster	熱爆裂	ok	ok
melee	662	Lava Geyser	熔格艾伊斯艾爾	ok	ok
melee	663	Chain Gunlance	銃槍鏈	ok	ok
melee	664	Camel Gunlance	銃槍克阿姆艾勒	ok	ok
melee	665	Shot Gunlance	銃槍弾	ok	ok
melee	666	Bazooka Gunlance	銃槍巴佐歐可	ok	ok
melee	667	Cannon Lance	長槍加農砲	ok	ok
melee	668	Type 8 Auto Lance	長槍型８自動	ok	ok
melee	669	Hell Fang	地獄之牙	ok	ok
melee	670	Phalanx	普哈阿勒阿恩克斯	bad	phonetic_salad
melee	671	Type 10 Mechlance	型10機械長槍	ok	ok
melee	672	Type 16 Mechlance	型16機械長槍	ok	ok
melee	673	Extention	艾克斯特艾恩特伊	bad	phonetic_salad
melee	674	Flame Gunlance	火炎銃槍	ok	ok
melee	675	Wild Gunlance	狂野銃槍	ok	ok
melee	676	Variant Gunlance	銃槍維阿爾伊阿恩特	ok	ok
melee	677	War Cry	戦哭	ok	ok
melee	678	Machalite Impact	瑪奇阿利特衝撃	ok	ok
melee	679	Dragonite Hammer	大錘德阿戈尼特	ok	ok
melee	680	Union Impact	烏恩伊歐恩衝撃	ok	ok
melee	681	Frost Breaker	霜破壞	ok	ok
melee	682	Degenerator	德艾格艾恩艾爾阿	bad	phonetic_salad
melee	683	Kut-Ku Grudge	大怪鳥錘	ok	ok
melee	684	Mystery Hammer Kut-Ku	大錘謎怪鳥	ok	ok
melee	685	Great Bone Axe	偉大骨斧	ok	ok
melee	686	Brutus Axe	布爾烏特烏斯斧	bad	type_phonetic
melee	687	Riot	紫黑鍵	ok	ok
melee	688	Crab Hammer	蟹大錘	ok	ok
melee	689	Hydro Hammer	大錘努波奇	ok	ok
melee	690	Blue Hammer	大錘青	ok	ok
melee	691	Aquarian Hammer	大錘阿奎烏阿爾伊阿恩	bad	phonetic_salad
melee	692	Ice Cube	冰塊	ok	ok
melee	693	Mega Ice Cube	大冰塊	ok	ok
melee	694	Bulldrome Head	大野豬王之頭	ok	ok
melee	695	Steel Bison Ⅰ	鋼野牛Ⅰ	ok	ok
melee	696	Steel Snake Ⅰ	鋼之蛇Ⅰ	ok	ok
melee	697	Hypno Clarinet	眠克勒阿爾伊恩艾特	bad	phonetic_salad
melee	698	Wing Clarinet	翼克勒阿爾伊恩艾特	bad	phonetic_salad
melee	699	Seering Harp+	瑟艾里恩哈阿爾普＋	bad	phonetic_salad
melee	700	Cat's Meow	猫笛	ok	ok
melee	701	Kut-Ku Cacophony	怪鳥庫克阿克歐普哈歐恩	bad	phonetic_salad
melee	702	Garuga's Song	黑狼鳥葫蘆絲	ok	ok
melee	703	Genprey Balloon	黄速气球	ok	ok
melee	704	Ioprey Balloon	紅速竜气球	ok	ok
melee	705	Rex Talon	可雷托之爪	ok	ok
melee	706	Tigrex Sword	轟竜剣	ok	ok
melee	707	Mighty Emperor's Rod	大鬼金棒【力王】	ok	ok
melee	708	Rex Slicers	可雷托切	ok	ok
melee	709	Tigrex Claws	轟竜爪	ok	ok
melee	710	Akantor Blades	霸竜刃	ok	ok
melee	711	Les Hecate	勒艾斯赫可特	ok	ok
melee	712	Hecate's Nails	生命女神之首	ok	ok
melee	713	Twin Thunder	雷球紋章	ok	ok
melee	714	Twin Dress Sword	球紋章德爾艾斯斯剣	bad	phonetic_salad
melee	715	High Genprey Claws	高黄速之爪	ok	ok
melee	716	Twin Blazing Blades	球紋章熾刃	ok	ok
melee	717	Twin Hazy Fireblades	球紋章朦朧夫伊爾艾布勒阿德	bad	phonetic_salad
melee	718	Tiger Jawblade	虎顎刃	ok	ok
melee	719	Tigrex Greatsword	轟竜大剣	ok	ok
melee	720	Bronze Hobby	青銅哈歐布布伊	ok	ok
melee	721	Gaoren's Hobby	砦蟹刀幣	ok	ok
melee	722	Tigrex Tooth	轟竜齒	ok	ok
melee	723	Tigrex Katana	轟竜刀	ok	ok
melee	724	Akantor Katana	霸竜刀	ok	ok
melee	725	Tigrex Stinger	轟竜刺	ok	ok
melee	726	Tigrex Direlance	轟竜駭長槍	ok	ok
melee	727	Tiger Blast	爆破虎	ok	ok
melee	728	Tiger Eruption	虎艾爾烏普特伊歐恩	bad	phonetic_salad
melee	729	Akantor Gunlance	霸竜銃槍	ok	ok
melee	730	Beast Breaker	獣破壞	ok	ok
melee	731	Weiss Dragoon	懷斯竜騎	ok	ok
melee	732	Alcatraz	阿勒克阿特爾阿茲	bad	phonetic_salad
melee	733	Stripe Strike	線斯里凱	ok	ok
melee	734	Tigrex Hammer	轟竜大錘	ok	ok
melee	735	Striped Dragonga	縞德阿戈恩阿	ok	ok
melee	736	Tigrex Horn	轟竜角	ok	ok
melee	737	Akantor Horn	霸竜角	ok	ok
melee	738	Eternal Spear Diablos	角竜永槍	ok	ok
melee	739	Steel Lizard Ⅰ	鋼之蜥蜴Ⅰ	ok	ok
melee	740	"Beta Sword ""Black"""	β剣【黑】	ok	ok
melee	741	Storm Gunlance	銃槍嵐	ok	ok
melee	742	Bulldrome Dagger+	野豬王短剣＋	ok	ok
melee	743	Feather Edge+	羽刃＋	ok	ok
melee	744	Doomed Soul+	德歐歐姆艾德魂＋	bad	phonetic_salad
melee	745	Monoblos Club+	一角竜棍＋	ok	ok
melee	746	True Dual Diablo	真雙魔	ok	ok
melee	747	Yatsuzaki+	伊阿特斯烏茲阿克＋	bad	phonetic_salad
melee	748	Funky Maracas+	放克沙錘＋	ok	ok
melee	749	Melt Berserker	溶布艾爾斯艾爾克艾	bad	phonetic_salad
melee	750	Strategy+	斯特爾阿特艾格伊＋	bad	phonetic_salad
melee	751	True Dragon's Jaw+	真・竜顎・改	ok	ok
melee	752	Narcolepter+	恩阿爾克歐勒艾普＋	bad	phonetic_salad
melee	753	Executioner's Axe	處罰者的凶斧	ok	ok
melee	754	Scythe of Menace+	鎌脅威＋	ok	ok
melee	755	Divine Black Katana	神黒刀	ok	ok
melee	756	Daimyo Cutter+	大名盾蟹切斷＋	ok	ok
melee	757	"Wyvern Blade ""Citrus"""	飛竜刃【柑橘】	ok	ok
melee	758	Great Ogre Tusk+	大食人化抑制＋	ok	ok
melee	759	Gravios Spear+	鎧竜槍＋	ok	ok
melee	760	Trident+	三叉戟＋	ok	ok
melee	761	Spear of Prominence+	槍日珥＋	ok	ok
melee	762	Wyvern Bone Gunlance+	銃槍之飛竜骨＋	ok	ok
melee	763	Heat Blaster+	熱爆裂＋	ok	ok
melee	764	Lava Geyser+	熔格艾伊斯艾爾＋	bad	phonetic_salad
melee	765	War Cry+	戦哭＋	ok	ok
melee	766	Giga Ice Cube	巨大冰塊	ok	ok
melee	767	Bullfango Head+	野豬之頭＋	ok	ok
melee	768	Expert Hammer+	達人大錘＋	ok	ok
melee	769	Ikari Destroyer	伊可里破壊	ok	ok
melee	770	Great Bagpipe+	大風笛＋	ok	ok
melee	771	Lava Kantele	熔克阿恩特艾勒艾	bad	phonetic_salad
melee	772	War Conga+	戦桃毛＋	ok	ok
melee	773	Glass Queen+	玻璃女王＋	ok	ok
melee	774	Soul Burning Picks	魂燃燒普伊克克斯	bad	phonetic_salad
melee	775	Grand Swab	面棒	ok	ok
melee	776	Undulling	免研	ok	ok
melee	777	"Training Sword ""1st Dan"""	研磨尾剣第一德阿恩	ok	ok
melee	778	Concealed Blade	克歐恩克艾阿勒艾刃	bad	phonetic_salad
melee	779	Moss Masher	苔搗	ok	ok
melee	780	Catspaw Hammer	肉球大錘	ok	ok
melee	781	Demon Decimator	惡魔殲滅者	ok	ok
melee	782	Ice Reaper	寒冰死神	ok	ok
melee	783	Expert Lance+	達人長槍＋	ok	ok
melee	784	Basarios Bash+	岩竜猛撃＋	ok	ok
melee	785	Perfect Raging Masher	普艾爾夫艾克特拉吉恩搗	bad	phonetic_salad
melee	786	Molten Recital	努波奇獨奏	ok	ok
melee	787	Dreamwing Oboe	德爾艾阿姆瓦伊恩雙簧	bad	phonetic_salad
melee	788	Dragonseal Sword	德爾阿格歐恩斯艾剣	bad	phonetic_salad
melee	789	Hermitaur Claws+	盾蟹之爪＋	ok	ok
melee	790	Twin Kirin Bolt Ultimus	麒麟球紋章雷極	ok	ok
melee	791	Amphisbaena+	雙頭蛇＋	ok	ok
melee	792	Poison Serpentblade	毒蛇刃	ok	ok
melee	793	Scorcher+	斯克歐爾克哈艾爾＋	bad	phonetic_salad
melee	794	Falcon Decapitator	夫阿勒克歐恩斬首	bad	phonetic_salad
melee	795	Imperial Sword+	帝国剣＋	ok	ok
melee	796	"Wyvern Blade ""Flower"""	飛竜刃【花】	ok	ok
melee	797	World Splitter	世斯普勒伊特特艾爾	bad	phonetic_salad
melee	798	Sanctioned Gunlance+	銃槍公認＋	ok	ok
melee	799	"Dragonseal Spear ""Flash"""	德爾阿格歐恩斯艾矛閃	bad	phonetic_salad
melee	800	Black Tempest+	黑暴風＋	ok	ok
melee	801	Great Slugger	大強打	ok	ok
melee	802	Scissor Cannon+	剪刀加農砲＋	ok	ok
melee	803	Luna Burst	月神爆	ok	ok
melee	804	Sanctioned Gunhammer+	公認銃大錘＋	ok	ok
melee	805	Ancient Parts	遠古零件	ok	ok
melee	806	Breath Core+	息核＋	ok	ok
melee	807	Blood Flute+	血笛＋	ok	ok
melee	808	Cursed Ocarina+	詛咒陶笛＋	ok	ok
melee	809	Gold Chordmaker+	金和弦＋	ok	ok
melee	810	Luna's Shine	炎妃閃光	ok	ok
melee	811	Luna's Breath	炎妃吐息	ok	ok
melee	812	Big Bang Sword	大爆剣	ok	ok
melee	813	Azure Glinsword	蒼格勒伊恩斯瓦歐爾	bad	phonetic_salad
melee	814	Treasured Thunderblade	媒研磨雷刃	ok	ok
melee	815	Fierce God Slicer	猛神斬撃	ok	ok
melee	816	Imprisoned Flame Blade	伊姆普爾伊斯歐恩焔刃	ok	ok
melee	817	Gaelic Flame+	蓋爾焔＋	ok	ok
melee	818	White Horn	白角	ok	ok
melee	819	Vendetta+	復仇長槍・改	ok	ok
melee	820	Anteka Call	雪鹿呼	ok	ok
melee	821	Anteka Flute	雪鹿笛	ok	ok
melee	822	Anteka Oboe	雪鹿雙簧	ok	ok
melee	823	Hagoita	羽子板	ok	ok
melee	824	Pink Lizard Peach	粉蜥蜴桃	ok	ok
melee	825	Burn All Things Away	焼全物阿瓦阿伊	ok	ok
melee	826	Volcano Kantele	火山克阿恩特艾勒艾	bad	phonetic_salad
melee	827	Crimson Geyser	深紅格艾伊斯艾爾	bad	phonetic_salad
melee	828	Pink Lizard Sakura	粉蜥蜴桜	ok	ok
melee	829	Daora's Premium	珍貴鋼竜剣	ok	ok
melee	830	Holy Fatalis Dawnsword	聖黒竜暁剣	ok	ok
melee	831	Chrome Requiem	鍍鎮魂	ok	ok
melee	832	Dospara Prize	德歐斯普阿爾阿賞	bad	phonetic_salad
melee	833	Dospara Great Prize	德歐斯普阿爾阿大賞	bad	phonetic_salad
melee	834	Dospara Grand Prize	德歐斯普阿爾阿大賞	bad	phonetic_salad
melee	835	White Feather	白之羽	ok	ok
melee	836	White Flugel	白夫勒烏格艾勒	bad	phonetic_salad
melee	837	Heavy Sleeper	重斯勒艾艾普艾爾	bad	phonetic_salad
melee	838	Deep Sleeper	深斯勒艾艾普艾爾	bad	phonetic_salad
melee	839	Alabaster Desert	阿勒阿布阿斯特艾砂	bad	phonetic_salad
melee	840	Ivory Annihilator	牙殲滅	ok	ok
melee	841	Narco Clarinet	恩阿爾克歐克勒阿爾伊恩艾特	bad	phonetic_salad
melee	842	Narco Oboe	恩阿爾克歐雙簧	ok	ok
melee	843	Darkness	暗黑	ok	ok
melee	844	Tsuranuki	穿透長槍	ok	ok
melee	845	Black Katana Earth	黒刀地	ok	ok
melee	846	Bubble Shaver	泡沫斯哈阿維艾爾	bad	phonetic_salad
melee	847	Seering Razor+	瑟艾里恩剃刀＋	ok	ok
melee	848	"Magma Blade ""Melt"""	熔岩刃溶	ok	ok
melee	849	"Magma Blade ""Scorch"""	熔岩刃斯克歐爾克哈	bad	phonetic_salad
melee	850	Crimson Geyser+	深紅格艾伊斯艾爾＋	bad	phonetic_salad
melee	851	Volcano Kantele+	火山克阿恩特艾勒艾＋	bad	phonetic_salad
melee	852	Rosenmesser	爾歐斯艾恩姆艾斯	bad	phonetic_salad
melee	853	Rosenscheltz	爾歐斯艾恩斯克哈	bad	phonetic_salad
melee	854	Rosendien	爾歐斯艾恩德伊艾	bad	phonetic_salad
melee	855	Rosenzahn	爾歐斯艾恩茲阿哈	bad	phonetic_salad
melee	856	Rosengel	爾歐斯艾恩格艾勒	bad	phonetic_salad
melee	857	Rosenarie Gaits	羅瑟娜里艾格阿伊特斯	bad	phonetic_salad
melee	858	Rosenklinge	爾歐斯艾恩克勒伊	bad	phonetic_salad
melee	859	Rosen Brullen	薔薇布爾烏勒勒艾恩	bad	phonetic_salad
melee	860	Rosen Kunst	薔薇克烏恩斯特	ok	ok
melee	861	Rosen Schwinden	薔薇斯克哈瓦伊恩德艾	bad	phonetic_salad
melee	862	Rosen Flugel	薔薇夫勒烏格艾勒	bad	phonetic_salad
melee	863	Rosen Himmel	薔薇哈伊姆姆艾勒	bad	phonetic_salad
melee	864	Rosen Brecher	薔薇布爾艾克哈艾爾	bad	phonetic_salad
melee	865	Rosenfaust	爾歐斯艾恩夫阿烏	bad	phonetic_salad
melee	866	Rosen Ende	薔薇艾恩德艾	ok	ok
melee	867	Rosengitare	羅瑟恩伊塔雷	ok	ok
melee	868	Rosenmut	爾歐斯艾恩姆烏特	bad	phonetic_salad
melee	869	Rosentrauer	爾歐斯艾恩特爾阿	bad	phonetic_salad
melee	870	Rosen Lanze	薔薇槍	ok	ok
melee	871	Rosenturmalin	爾歐斯艾恩特烏爾	bad	phonetic_salad
melee	872	Rosenbetoren	爾歐斯艾恩布艾特	bad	phonetic_salad
melee	873	Rosenkanone	爾歐斯艾恩克阿恩	bad	phonetic_salad
melee	874	Rosenpanser	爾歐斯艾恩普阿恩	bad	phonetic_salad
melee	875	Rosenherrlich	爾歐斯艾恩哈艾爾	bad	phonetic_salad
melee	876	Prototype Sawblade	試作鋸刃	ok	ok
melee	877	Sanctioned Sawblade	公認鋸刃	ok	ok
melee	878	High Snake Bite	上位蛇比特	ok	ok
melee	879	White Snake	白蛇	ok	ok
melee	880	Kut-Ku Sickle+	怪鳥庫斯伊克克勒艾＋	bad	phonetic_salad
melee	881	Kut-Ku Wrath	怪鳥怒	ok	ok
melee	882	BC Slicer Ⅰ	ＢＣ斬撃Ⅰ	ok	ok
melee	883	BC Slicer Ⅱ	ＢＣ斬撃Ⅱ	ok	ok
melee	884	BC Slicer Ⅲ	ＢＣ斬撃Ⅲ	ok	ok
melee	885	Twin Birds	球紋章布伊爾德斯	bad	phonetic_salad
melee	886	Twin Gusts	球紋章格烏斯特斯	bad	phonetic_salad
melee	887	VK-IS-Ⅰ	VK是Ⅰ	ok	ok
melee	888	VK-IS-Ⅱ	VK是Ⅱ	ok	ok
melee	889	VK-IS-Ⅲ	VK是Ⅲ	ok	ok
melee	890	Rubber Blade	聲急証刃	ok	ok
melee	891	Gypceros Poison Blade	毒怪鳥毒刃	ok	ok
melee	892	Bubble Scissor	泡沫之鋏	ok	ok
melee	893	Aqua Scissor	水之鋏	ok	ok
melee	894	Cat's Geass	猫之勇魂	ok	ok
melee	895	Charming Hagoita	魅惑羽子板	ok	ok
melee	896	Budding Hagoita	布烏德德伊恩格羽子板	bad	phonetic_salad
melee	897	Indigo Shinesaber	藍斯哈伊恩艾斯阿布	bad	phonetic_salad
melee	898	Indigo Shinesaber+	藍斯哈伊恩艾斯阿布＋	bad	phonetic_salad
melee	899	True Indigo Shinesaber	真藍斯哈伊恩艾斯阿布	bad	phonetic_salad
melee	900	Gold Shinesaber	金斯哈伊恩艾斯阿布	bad	phonetic_salad
melee	901	Gold Shinesaber+	金斯哈伊恩艾斯阿布＋	bad	phonetic_salad
melee	902	True Gold Shinesaber	真金斯哈伊恩艾斯阿布	ok	ok
melee	903	Ripple	波紋	ok	ok
melee	904	Tsunami	特斯烏恩阿姆伊	ok	ok
melee	905	Drgnwood Slumber Swrd	竜木斯勒烏姆布艾爾黑鍵盤	bad	phonetic_salad
melee	906	Hypnoc Sleep Hammer	眠鳥睡眠大錘	ok	ok
melee	907	Hypnoc Slumber Hammer	眠鳥斯勒烏姆布艾爾大錘	bad	phonetic_salad
melee	908	Gift Blow	贈一撃	ok	ok
melee	909	Gift Smash	贈打	ok	ok
melee	910	Gift Strike	贈礼斯里凱	ok	ok
melee	911	Cat Burglar's Paw	猫手【耙手】	ok	ok
melee	912	Robber's Paw	猫手【小盗】	ok	ok
melee	913	Phantom Thief's Paw	猫手【怪盜】	ok	ok
melee	914	Hermitaur Castanet	盾蟹克阿斯特阿恩艾特	bad	phonetic_salad
melee	915	Hermitaur Palillos	盾蟹普阿勒伊勒勒歐斯	bad	phonetic_salad
melee	916	Quartz Lance	長槍石英	ok	ok
melee	917	Precious Lance	長槍拉瓦里	ok	ok
melee	918	Eberstein	青澄長槍	ok	ok
melee	919	Bishop Dawn Staff	布伊斯哈歐普黎明杖	bad	phonetic_salad
melee	920	Shining Heaven Staff	輝耀天杖	ok	ok
melee	921	Frost Lance+	霜長槍＋	ok	ok
melee	922	Diamond Dust	金剛石塵	ok	ok
melee	923	Gunspear Garu-Ku	銃矛加魯庫	ok	ok
melee	924	Wonder Gunspear Garu-ku	奇銃矛加魯庫	ok	ok
melee	925	Grizzly Gunlance	銃槍格爾伊茲茲勒伊	ok	ok
melee	926	Type 0 Fairness	公正銃槍零式	ok	ok
melee	927	Type 100 Fairness	公正銃槍百式	ok	ok
melee	928	Cerulean Beta Knife Ⅱ	克艾爾烏勒艾阿恩β刀Ⅱ	bad	phonetic_salad
melee	929	Cerulean Beta Knife Ⅲ	克艾爾烏勒艾阿恩β刀Ⅲ	bad	phonetic_salad
melee	930	Orange Beta Knife Ⅱ	橙β刀Ⅱ	ok	ok
melee	931	Orange Beta Knife Ⅲ	橙β刀Ⅲ	ok	ok
melee	932	Acorn Blade	橡實刃	ok	ok
melee	933	Kaiden Sword	皆傳剣	ok	ok
melee	934	Double Beta Ⅱ	雙βⅡ	ok	ok
melee	935	Double Beta Ⅲ	雙βⅢ	ok	ok
melee	936	Kaiden Blade	皆傳刃	ok	ok
melee	937	Kaiden Hammer	皆傳大錘	ok	ok
melee	938	Kaiden Lance	皆傳長槍	ok	ok
melee	939	Shining Emperor Blade	輝耀皇帝刃	ok	ok
melee	940	Feather Shaver	鳥羽速刃	ok	ok
melee	941	Our Blue Ogre Sword	歐烏爾青食人剣	ok	ok
melee	942	Triple Diablo	三魔	ok	ok
melee	943	Hermitaur Scissors	盾蟹剪刀	ok	ok
melee	944	Snow White	雪白	ok	ok
melee	945	Kaiser Blade	帝王刃	ok	ok
melee	946	Freezing Ice Sword	冰氷剣	ok	ok
melee	947	Punisher	處刑者	ok	ok
melee	948	Divine Drgnwood Sword	神竜木剣	ok	ok
melee	949	Dazy Drgnwood Sword	德阿茲伊德爾格恩瓦歐歐德剣	bad	phonetic_salad
melee	950	War Demon Halberd	戦惡魔沸血吼	ok	ok
melee	951	White Fatalis Crusher	白黒竜粉碎	ok	ok
melee	952	Luna's Breaker	炎妃破壞者	ok	ok
melee	953	Perfect Fury Masher	普艾爾夫艾克特狂搗	bad	phonetic_salad
melee	954	Drgnwood Protector Horn	竜木護之角	ok	ok
melee	955	Cat's Horn	猫猫笛笛	ok	ok
melee	956	Sleep Oboe	睡眠雙簧	ok	ok
melee	957	Jade Hydraulic Shock	玉哈伊德爾阿烏勒伊斯哈歐克克	bad	phonetic_salad
melee	958	Teostra's Corona	炎王日冕	ok	ok
melee	959	Piercer	貫穿長槍	ok	ok
melee	960	Matrix Realm Drgnwood GL	銃槍瑪特伊克斯界德爾格恩瓦歐歐德	ok	ok
melee	961	Scarlet Breaker	緋破壞	ok	ok
melee	962	Luna's Nova	炎妃新星	ok	ok
melee	963	Steel Rhinos I	鋼犀Ⅰ	ok	ok
melee	964	Steel Rhinos II	鋼犀Ⅱ	ok	ok
melee	965	Steel Rhinos III	鋼犀Ⅲ	ok	ok
melee	966	Steel Rhinos IV	鋼犀Ⅳ	ok	ok
melee	967	Steel Lizard IV	鋼之蜥蜴Ⅳ	ok	ok
melee	968	Steel Bison IV	鋼野牛Ⅳ	ok	ok
melee	969	Steel Snake IV	鋼之蛇Ⅳ	ok	ok
melee	970	Colt Monarca	克歐勒特姆歐恩阿爾克阿	bad	phonetic_salad
melee	971	Colt Principio	克歐勒特普爾伊恩克伊普伊	bad	phonetic_salad
melee	972	True Eternal Strife	真永紛爭	ok	ok
melee	973	Ice Edge	冰刃	ok	ok
melee	974	Bombsword Agni	布歐姆布斯瓦歐爾阿格恩伊	bad	phonetic_salad
melee	975	Kaktus Messer	棘剌短剣	ok	ok
melee	976	Kaktus Schmelz	仙人掌斯克哈姆艾勒茲	bad	phonetic_salad
melee	977	Settler Knife	開拓者刀	ok	ok
melee	978	Settler Edge	開拓者刃	ok	ok
melee	979	Settler Sword	開拓者剣	ok	ok
melee	980	Settler Blade	開拓者刃	ok	ok
melee	981	Acorn Destroy	橡德艾斯特爾歐伊	bad	phonetic_salad
melee	982	Wind of Red and Green	風赤緑	ok	ok
melee	983	Forest of Red&Green	森赤緑	ok	ok
melee	984	True Enduring Schism	真封竜剣【超絶一門】	ok	ok
melee	985	True Blazing Edges	真熾刃	ok	ok
melee	986	Insect Ark	昆蟲弧形剣	ok	ok
melee	987	Kaktus Zern	棘刺之牙	ok	ok
melee	988	Kaktus Nagel	仙人掌恩阿格艾勒	bad	phonetic_salad
melee	989	Steel Swallow Ⅰ	鋼燕Ⅰ	ok	ok
melee	990	Steel Swallow Ⅱ	鋼燕Ⅱ	ok	ok
melee	991	Steel Swallow Ⅲ	鋼燕Ⅲ	ok	ok
melee	992	Steel Swallow Ⅳ	鋼燕Ⅳ	ok	ok
melee	993	Largo Espada	勒阿爾格歐艾斯普阿德阿	bad	phonetic_salad
melee	994	Grande Espada	超長剣	ok	ok
melee	995	True Dragon Eradicator	竜真螺鈿終	bad	raden_end
melee	996	Plesioth Blue Aquablade	水竜青水刃	ok	ok
melee	997	King Narcolepter	王恩阿爾克歐勒艾普	bad	phonetic_salad
melee	998	Kaktus Brett	棘刺子彈	ok	ok
melee	999	Kaktus Terror	仙人掌磨尾虎	ok	ok
melee	1000	Royal Flawless	皇家無瑕	ok	ok
melee	1001	Drone's Guard	薄羽太刀	ok	ok
melee	1002	Queen's High Guard	活躍薄羽太刀	ok	ok
melee	1003	True Destroyer Drgn Swrd	竜真破壊黑鍵盤	ok	ok
melee	1004	Flameprison Blade	夫勒阿姆艾普爾伊刃	bad	phonetic_salad
melee	1005	Creation Divider	克爾艾阿特伊歐恩德伊維伊德艾爾	bad	phonetic_salad
melee	1006	Kaktus Fader	棘刺之羽	ok	ok
melee	1007	Kaktus Flugel	仙人掌夫勒烏格艾勒	bad	phonetic_salad
melee	1008	Blue Lightblade	青光刃	ok	ok
melee	1009	Blue Lightblade+	青光刃＋	ok	ok
melee	1010	Pure Blue Lightblade	純青光刃	ok	ok
melee	1011	Gold Lightblade	金光刃	ok	ok
melee	1012	Gold Lightblade+	金光刃＋	ok	ok
melee	1013	Pure Gold Lightblade	純金光刃	ok	ok
melee	1014	Glitter Edge	煌刃	ok	ok
melee	1015	Glitter Blade	煌刃	ok	ok
melee	1016	Glitter Espada	煌艾斯普阿德阿	ok	ok
melee	1017	Disglitter	德伊斯格勒伊特特	bad	phonetic_salad
melee	1018	Fire Fate	火宿命	ok	ok
melee	1019	Blaze Fate	炎宿命	ok	ok
melee	1020	Burn Fate	焼宿命	ok	ok
melee	1021	Flame Fate	炎宿命	ok	ok
melee	1022	Water Fate	水宿命	ok	ok
melee	1023	Dew Fate	露宿命	ok	ok
melee	1024	Tear Fate	涙宿命	ok	ok
melee	1025	Aqua Fate	水宿命	ok	ok
melee	1026	Spark Fate	電光命運太刀	ok	ok
melee	1027	Thunder Fate	雷宿命	ok	ok
melee	1028	Lightning Fate	雷宿命	ok	ok
melee	1029	Storm Fate	嵐宿命	ok	ok
melee	1030	Ice Fate	冰宿命	ok	ok
melee	1031	Frost Fate	霜宿命	ok	ok
melee	1032	Freeze Fate	恩流浪宿命	ok	ok
melee	1033	Zero Fate	零宿命	ok	ok
melee	1034	Cross Edge	十字刃	ok	ok
melee	1035	Cross Blade	十字刃	ok	ok
melee	1036	Cross Espada	十艾斯普阿德阿	ok	ok
melee	1037	Grand Cross	大十字	ok	ok
melee	1038	Far Beak	遠之喙	ok	ok
melee	1039	Far Blow	遠一撃	ok	ok
melee	1040	Aquarian Bomb	阿奎烏阿爾伊阿恩彈	bad	phonetic_salad
melee	1041	Daora's End	末日鋼竜錘	ok	ok
melee	1042	Genocide Core	格諾西德核	ok	ok
melee	1043	Kaktus Hammer	大錘仙人掌	ok	ok
melee	1044	Kaktus Faust	仙人掌法烏斯	ok	ok
melee	1045	Gewgaw	口簧琴	ok	ok
melee	1046	Battle Gewgaw	戦鬥口簧琴	ok	ok
melee	1047	Lava Viento	熔維伊艾恩特歐	ok	ok
melee	1048	Hemocyte Oboe	哈艾姆歐克伊特艾雙簧	bad	phonetic_salad
melee	1049	Triple War Drum	三戦鼓	ok	ok
melee	1050	Kaktus Gitarre	棘刺吉他	ok	ok
melee	1051	Kaktus Mut	棘刺勇氣笛	ok	ok
melee	1052	Anteka Wind	雪鹿風	ok	ok
melee	1053	Diablos Longspear	角竜長矛	ok	ok
melee	1054	Diablos Fury Longspear	角竜憤怒長矛	ok	ok
melee	1055	Royal Fragrance	王室瓦里艾	ok	ok
melee	1056	Lightning Horn	閃電角	ok	ok
melee	1057	White Trunk	白幹	ok	ok
melee	1058	Kaktus Lanze	仙人掌槍	ok	ok
melee	1059	Kaktus Sturm	棘刺高塔	ok	ok
melee	1060	Azure Agony	蒼阿格歐恩伊	ok	ok
melee	1061	Gun Blos	角竜銃	ok	ok
melee	1062	Napalm Blos	角竜恩阿普阿勒姆	bad	phonetic_salad
melee	1063	Hell Needle	地獄針	ok	ok
melee	1064	Tower of Plasma	天廊普勒阿斯姆阿	bad	phonetic_salad
melee	1065	Type 32 Machine Lance	長槍型３２瑪奇伊涅	ok	ok
melee	1066	Kaktos Kanone	克阿克特歐斯可諾涅	bad	phonetic_salad
melee	1067	Kaktopanzer	克阿克特歐普阿恩	bad	phonetic_salad
melee	1068	Steel Hawk I	鋼鷹Ⅰ	ok	ok
melee	1069	Steel Hawk II	鋼鷹Ⅱ	ok	ok
melee	1070	Steel Hawk III	鋼鷹Ⅲ	ok	ok
melee	1071	Steel Hawk IV	鋼鷹Ⅳ	ok	ok
melee	1072	Colt Law	克歐勒特勒阿瓦	ok	ok
melee	1073	Colt Emperador	克歐勒特艾姆普艾爾阿德歐	bad	phonetic_salad
melee	1074	Fire of Red&Green	火赤緑	ok	ok
melee	1075	Mountain of Red&Green	山赤緑	ok	ok
melee	1076	Oxido Guardia	歐克斯伊多格烏阿爾德伊阿	bad	phonetic_salad
melee	1077	Perfecta Guardia	優質薄羽太刀	ok	ok
melee	1078	Ver Strike	遠程打撃者	ok	ok
melee	1079	Ver Impact	維艾爾伊姆普阿克特	bad	phonetic_salad
melee	1080	Battle Gewgaw+	戦鬥口簧琴・改	ok	ok
melee	1081	Grand Gewgaw	大地口簧琴	ok	ok
melee	1082	Vashimu Knife	尾晶蠍刀	ok	ok
melee	1083	Vashimu Dagger	尾晶蠍短剣	ok	ok
melee	1084	Vashimu Edge	尾晶蠍刃	ok	ok
melee	1085	Heavenly Decapitator	天上斬首	ok	ok
melee	1086	Wise Ruler's Decapitator	斬剣【明王】	ok	ok
melee	1087	Savior's Decapitator	斬剣【菩薩】	ok	ok
melee	1088	Tathagata's Decapitator	斬剣【如來】	ok	ok
melee	1089	Kirin Bolt Eden	麒麟雷艾德艾恩	ok	ok
melee	1090	Great Odyssey	大奧德賽	ok	ok
melee	1091	Menbou+	姆艾恩布歐烏＋	ok	ok
melee	1092	Scarlet Menbou	緋姆艾恩布歐烏	ok	ok
melee	1093	Memorial Knife	紀念刀	ok	ok
melee	1094	Memorial Edge	紀念刃	ok	ok
melee	1095	Memorial Sword	紀念剣	ok	ok
melee	1096	Memorial Blade	紀念刃	ok	ok
melee	1097	Binding Mace	球紋章鎚	ok	ok
melee	1098	Revised Bndg Mace	爾艾維伊斯艾德布恩德格鎚	bad	phonetic_salad
melee	1099	True Binding Mace	真球紋章鎚	ok	ok
melee	1100	Ascended Bndg Mace	阿斯克艾恩德艾德布恩德格鎚	bad	phonetic_salad
melee	1101	Blue Porta Mace Ⅰ	青波爾塔鎚Ⅰ	ok	ok
melee	1102	Blue Porta Mace Ⅱ	青波爾塔鎚Ⅱ	ok	ok
melee	1103	Blue Porta Mace Ⅲ	青波爾塔鎚Ⅲ	ok	ok
melee	1104	Gorm Goine	格歐爾姆戈伊涅	ok	ok
melee	1105	Red Porta Mace Ⅰ	赤波爾塔鎚Ⅰ	ok	ok
melee	1106	Red Porta Mace Ⅱ	赤波爾塔鎚Ⅱ	ok	ok
melee	1107	Red Porta Mace Ⅲ	赤波爾塔鎚Ⅲ	ok	ok
melee	1108	Claiomh Solais	克勒阿伊歐姆哈斯歐勒阿伊斯	bad	phonetic_salad
melee	1109	Demon's Small Rod	鬼貫棒【偉丈夫】	ok	ok
melee	1110	ダミー	假	ok	skip_empty_dummy
melee	1111	Demon's Wondrous Rod	鬼貫棒【破天荒】	ok	ok
melee	1112	Demon's Fury Rod	鬼貫棒【怒髮天】	ok	ok
melee	1113	Yellow Porta Mace Ⅰ	波爾塔【黄】鎚Ⅰ	ok	ok
melee	1114	Yellow Porta Mace Ⅱ	波爾塔【黄】鎚Ⅱ	ok	ok
melee	1115	Yellow Porta Mace Ⅲ	波爾塔【黄】鎚Ⅲ	ok	ok
melee	1116	Hauteclaire	哈烏特克阿伊雷	ok	ok
melee	1117	Purple Porta Mace Ⅰ	波爾塔【紫】鎚Ⅰ	ok	ok
melee	1118	Purple Porta Mace Ⅱ	波爾塔【紫】鎚Ⅱ	ok	ok
melee	1119	Purple Porta Mace Ⅲ	波爾塔【紫】鎚Ⅲ	ok	ok
melee	1120	Aymur	阿伊姆烏爾	ok	ok
melee	1121	Vashimu Claws	尾晶蠍爪	ok	ok
melee	1122	Vashimu Slicers	尾晶蠍切	ok	ok
melee	1123	Vashimu Sabers	尾晶蠍軍刀	ok	ok
melee	1124	Blue Scissors	青剪刀	ok	ok
melee	1125	Cobalt Scissors	鈷剪刀	ok	ok
melee	1126	Tigrex Twins	轟竜雙子	ok	ok
melee	1127	Hazy Decapitators	朦朧德艾克阿普伊特阿	bad	phonetic_salad
melee	1128	Admired Decapitators	阿德姆伊爾艾德德艾克阿普伊特阿	bad	phonetic_salad
melee	1129	Mercy Decapitators	姆艾爾克伊德艾克阿普伊特阿	bad	phonetic_salad
melee	1130	Bound Decapitators	界德艾克阿普伊特阿	bad	phonetic_salad
melee	1131	Vashimu Sword	尾晶蠍剣	ok	ok
melee	1132	Vashimu Blade	尾晶蠍刃	ok	ok
melee	1133	Vashimu Breaker	尾晶蠍破壞	ok	ok
melee	1134	Kurtzschwer Zacke	重短大剣	ok	ok
melee	1135	Kurtzschwer Shocke	克烏爾特茲斯克哈斯哈歐克克艾	bad	phonetic_salad
melee	1136	Kurtz Bernstein	克烏爾特茲布艾爾恩斯特艾伊	bad	phonetic_salad
melee	1137	Kurtzdrachen Gesicht	極重短大剣	ok	ok
melee	1138	Emperor's Thunderblade	召雷寶剣【麒麟帝】	ok	ok
melee	1139	Undulling+	免研＋	ok	ok
melee	1140	Undulling Blade	免研刃	ok	ok
melee	1141	Black Crystal Greatsword	黒結晶大剣	ok	ok
melee	1142	Crystal Blackblade	結晶黒刃	ok	ok
melee	1143	Flawless Onyxblade	無瑕歐恩伊克斯布勒阿	bad	phonetic_salad
melee	1144	Oscura Cristal Flores	歐斯克烏爾阿克爾伊斯特阿勒夫勒歐爾艾斯	bad	phonetic_salad
melee	1145	White Crystal Greatsword	白結晶大剣	ok	ok
melee	1146	Crystal Honorem	晶哈歐恩歐爾艾姆	bad	phonetic_salad
melee	1147	Flawless Quartzblade	無瑕石英刃	ok	ok
melee	1148	Pura Cristal Flores	普拉克爾伊斯特阿勒夫勒歐爾艾斯	bad	phonetic_salad
melee	1149	Princess' Blade	公主刃	ok	ok
melee	1150	Duchess' Blade	德烏克哈艾斯斯刃	bad	phonetic_salad
melee	1151	Queen's Blade	炎妃之刃【王妃】	ok	ok
melee	1152	Empress' Blade	女帝刃	ok	ok
melee	1153	VK-IS-IV	ＶｋISIＶ	ok	ok
melee	1154	Tomoe Naginata	托莫艾娜吉娜塔	ok	ok
melee	1155	Shizu Naginata	修伊祖娜吉娜塔	ok	ok
melee	1156	Final Water Slicer	水決勝斬撃	ok	ok
melee	1157	Blango Devastator	雪獅子德艾維阿斯特阿特	bad	phonetic_salad
melee	1158	"Training Sword ""2nd Dan"""	研磨尾剣第二德阿恩	ok	ok
melee	1159	"Training Sword ""3rd Dan"""	研磨尾剣第三德阿恩	ok	ok
melee	1160	Concealed Koto Blade	克歐恩克艾阿勒艾科托刃	bad	phonetic_salad
melee	1161	Final Concealed Blade	決勝克歐恩克艾阿勒艾刃	bad	phonetic_salad
melee	1162	Eques Edge	騎士刃	ok	ok
melee	1163	Eques Blade	騎士刃	ok	ok
melee	1164	Eques Espada	未來迪艾斯普阿德阿	bad	phonetic_salad
melee	1165	Elfenbein	艾勒夫艾恩布艾伊	bad	phonetic_salad
melee	1166	Strega Edge	魔女刃	ok	ok
melee	1167	Strega Blade	魔女刃	ok	ok
melee	1168	Strega Espada	魔女長剣	ok	ok
melee	1169	Schwarz Perle	黑珠	ok	ok
melee	1170	Vashimu Hammer	尾晶蠍大錘	ok	ok
melee	1171	Vashimu Rock	尾晶蠍岩	ok	ok
melee	1172	Vashimu Impact	尾晶蠍衝撃	ok	ok
melee	1173	Gravios Demolisher	鎧竜破	ok	ok
melee	1174	Gravios Crusher	鎧竜粉碎	ok	ok
melee	1175	Gravios Smasher	鎧竜粉碎	ok	ok
melee	1176	Gravios Ruiner	鎧竜毀	ok	ok
melee	1177	Perfect Wrath Masher	普艾爾夫艾克特怒搗	bad	phonetic_salad
melee	1178	Bullfango The Great	野豬偉大	ok	ok
melee	1179	Gravios Impact+	鎧竜衝撃＋	ok	ok
melee	1180	Gravios Deep Blow	鎧竜深一撃	ok	ok
melee	1181	Catspaw Hammer+	肉球大錘＋	ok	ok
melee	1182	Marvelous Catspaw Hammer	大錘姆阿爾維艾勒歐烏克阿特斯普阿瓦	bad	phonetic_salad
melee	1183	Entasis Blow	艾恩特阿斯伊斯一撃	bad	phonetic_salad
melee	1184	Entasis Bash	艾恩特阿斯伊斯猛撃	bad	phonetic_salad
melee	1185	Entasis Break	艾恩特阿斯伊斯折	bad	phonetic_salad
melee	1186	Entasis Burst	艾恩特阿斯伊斯爆	bad	phonetic_salad
melee	1187	Silver Wind	銀風	ok	ok
melee	1188	Silver Soul	銀魂	ok	ok
melee	1189	High Iodrome Balloon	高紅速气球	ok	ok
melee	1190	High Gendrome Balloon	黄速竜王高气球	ok	ok
melee	1191	Vashimu Lance	尾晶蠍長槍	ok	ok
melee	1192	Vashimu Spear	尾晶蠍槍	ok	ok
melee	1193	Vashimu Horn	尾晶蠍角	ok	ok
melee	1194	Mourning Wolf Spear	姆歐烏爾恩伊恩格狼槍	bad	phonetic_salad
melee	1195	Wicked Wolf Spear	邪狼槍	ok	ok
melee	1196	Evil Wolf Spear	惡狼槍	ok	ok
melee	1197	Lunatic Wolf Spear	狂狼矛	ok	ok
melee	1198	Daora's Magnus	大鋼竜長槍	ok	ok
melee	1199	Vento Way	維艾恩特歐法	ok	ok
melee	1200	Tempesta Way	特艾姆普艾斯特阿法	bad	phonetic_salad
melee	1201	Top Snow Gear	頂雪齒輪	ok	ok
melee	1202	Type 32 Machine Lance+	長槍型３２瑪奇伊涅＋	ok	ok
melee	1203	Rathalos Cannon	雄火竜加農砲	ok	ok
melee	1204	Burning Rathalos Cannon	火竜燃燒加農砲	ok	ok
melee	1205	Extreme Rathalos Cannon	火竜極加農砲	ok	ok
melee	1206	Crimson Rathalos Cannon	火竜深紅加農砲	ok	ok
melee	1207	Poison Heart	毒心	ok	ok
melee	1208	Dire Venom Heart	毒駭心	ok	ok
melee	1209	Cortotiranno	克歐爾特歐特伊爾	bad	phonetic_salad
melee	1210	Wind, Frst, Fire, Mntn	風、首、火、山	ok	ok
melee	1211	Princess Luna Blade	公主月神刃	ok	ok
melee	1212	Cobalt Lightfang	鈷勒伊格哈特夫阿恩	bad	phonetic_salad
melee	1213	Flaxen Lightfang	夫勒阿克斯艾恩勒伊格哈特夫阿恩	bad	phonetic_salad
melee	1214	Cobalt Lightfang	鈷勒伊格哈特夫阿恩	bad	phonetic_salad
melee	1215	Flaxen Lightfang	夫勒阿克斯艾恩勒伊格哈特夫阿恩	bad	phonetic_salad
melee	1216	Perforacion Espada	普艾爾夫歐爾阿克艾斯普阿德阿	bad	phonetic_salad
melee	1217	Kaktus Unterbrecher	棘刺蔓延	ok	ok
melee	1218	Kaktus Tyrannen	仙人掌特伊爾阿恩恩艾恩	bad	phonetic_salad
melee	1219	Kaktus Hersteller	仙人掌哈艾爾斯特艾勒勒	bad	phonetic_salad
melee	1220	Kaktus Himmel	仙人掌哈伊姆姆艾勒	bad	phonetic_salad
melee	1221	Kaktus Unwetter	棘刺風暴	ok	ok
melee	1222	Kaktus Seele	仙人掌瑟艾勒	ok	ok
melee	1223	Kaktus Verfuhrerin	棘刺慾念	ok	ok
melee	1224	Kaktus Herrich	壯麗棘刺	ok	ok
melee	1225	Jebia Knife	灰晶蠍刀	ok	ok
melee	1226	Jebia Dagger	灰晶蠍短剣	ok	ok
melee	1227	Jebia Edge	灰晶蠍刃	ok	ok
melee	1228	Jebia Claws	灰晶蠍爪	ok	ok
melee	1229	Jebia Slicers	灰晶蠍切	ok	ok
melee	1230	Jebia Sabers	灰晶蠍軍刀	ok	ok
melee	1231	Jebia Sword	灰晶蠍剣	ok	ok
melee	1232	Jebia Blade	灰晶蠍刃	ok	ok
melee	1233	Jebia Breaker	灰晶蠍破壞	ok	ok
melee	1234	Jebia Hammer	灰晶蠍大錘	ok	ok
melee	1235	Jebia Rock	灰晶蠍岩	ok	ok
melee	1236	Jebia Impact	灰晶蠍衝撃	ok	ok
melee	1237	Jebia Lance	灰晶蠍長槍	ok	ok
melee	1238	Jebia Spear	灰晶蠍槍	ok	ok
melee	1239	Jebia Horn	灰晶蠍角	ok	ok
melee	1240	Monoblos Soul	一角竜魂	ok	ok
melee	1241	Tidal Dagger	特伊德阿勒短剣	bad	type_phonetic
melee	1242	High Tidal Dagger	高特伊德阿勒短剣	bad	type_phonetic
melee	1243	Ripcurrent Dagger	光明彎刀	ok	ok
melee	1244	Beta Knife (Yellow)	β【黄】刀	ok	ok
melee	1245	Beta Knife (Yellow) II	β【黄】刀Ⅱ	ok	ok
melee	1246	Beta Knife (Yellow) III	β【黄】刀Ⅲ	ok	ok
melee	1247	Amicus Sword	夥伴剣	ok	ok
melee	1248	Ignis Sword	伊格恩伊斯剣	ok	ok
melee	1249	Ignis Slicer	伊格恩伊斯斬撃	ok	ok
melee	1250	Ignis Blade	伊格恩伊斯刃	ok	ok
melee	1251	Ignis G-Blade	伊格恩伊斯Ｇ刃	ok	ok
melee	1252	Tonitrus Sword	雷霆剣	ok	ok
melee	1253	Tonitrus Slicer	特歐恩伊特爾烏斯斬撃	bad	phonetic_salad
melee	1254	Tonitrus Blade	雷霆刃	ok	ok
melee	1255	Tonitrus G Blade	雷霆刃【Ｇ】	ok	ok
melee	1256	Aqua Sword	水剣	ok	ok
melee	1257	Aqua Slicer	水斬撃	ok	ok
melee	1258	Aqua Blade	水刃	ok	ok
melee	1259	Aqua G-Blade	水Ｇ刃	ok	ok
melee	1260	Pearl Iceblade	珍珠氷刃	ok	ok
melee	1261	Pearl Frostblade	珍珠霜刃	ok	ok
melee	1262	Sub-Zero Frostblade	斯烏布零夫爾歐斯特布勒阿	bad	phonetic_salad
melee	1263	Mistilteinn	姆伊斯特伊勒特艾	bad	phonetic_salad
melee	1264	Pearl Fireblade	珍珠火刃	ok	ok
melee	1265	Pearl Lotusblade	珠蓮刃	ok	ok
melee	1266	Purgatory Fireblade	煉獄火刃	ok	ok
melee	1267	Lavateinn	勒阿維阿特艾伊恩	bad	phonetic_salad
melee	1268	Rathalos Claws	雄火竜之爪	ok	ok
melee	1269	Rathalos Death Claws	雄火竜之死爪	ok	ok
melee	1270	Daora Twins	崩竜雙子	ok	ok
melee	1271	Daora Talons	崩竜特阿勒歐恩斯	bad	phonetic_salad
melee	1272	Molten Commander	努波奇克歐姆姆阿恩德艾	bad	phonetic_salad
melee	1273	Nifrit Blade	恩伊夫爾伊特刃	ok	ok
melee	1274	Nifrit Spirit	恩伊夫爾伊特靈	ok	ok
melee	1275	Nifrit Soul	恩伊夫爾伊特魂	ok	ok
melee	1276	Nifrit Wisdom	恩伊夫爾伊特智慧	bad	phonetic_salad
melee	1277	Hell Flame	地獄焔	ok	ok
melee	1278	Shakalaka Sword	奇面族剣	ok	ok
melee	1279	Shakalaka King Sword	奇面族王剣	ok	ok
melee	1280	Peerless Shakalaka Swrd	奇面族普艾艾爾勒艾斯斯黑鍵盤	bad	phonetic_salad
melee	1281	Godly Shakalaka Sword	奇面族格歐德勒伊剣	bad	phonetic_salad
melee	1282	Steel Shark I	鋼鯊Ⅰ	ok	ok
melee	1283	Steel Shark II	鋼鯊Ⅱ	ok	ok
melee	1284	Steel Shark III	鋼鯊Ⅲ	ok	ok
melee	1285	Steel Shark IV	鋼鯊Ⅳ	ok	ok
melee	1286	Vashimu Razor	尾晶蠍剃刀	ok	ok
melee	1287	Vashimu Saber	尾晶蠍剣	ok	ok
melee	1288	Vashimu Sonic	尾晶蠍音	ok	ok
melee	1289	Jebia Razor	灰晶蠍剃刀	ok	ok
melee	1290	Jebia Saber	灰晶蠍剣	ok	ok
melee	1291	Jebia Sonic	灰晶蠍音	ok	ok
melee	1292	Karate Chop	可拉特克哈歐普	ok	ok
melee	1293	Bamboo-Cutting Chop	竹克烏特特伊恩格克哈歐普	bad	phonetic_salad
melee	1294	Ice-Cutting Chop	冰克烏特特伊恩格克哈歐普	bad	phonetic_salad
melee	1295	Honorable Chop	霍諾拉布艾克哈歐普	bad	phonetic_salad
melee	1296	Kirin Phantasm	麒麟普哈阿恩特阿斯姆	bad	phonetic_salad
melee	1297	Arc Phantasm	弧弓普哈阿恩特阿斯姆	bad	phonetic_salad
melee	1298	Blazing Blade	灼熱刃	ok	ok
melee	1299	Concealed Ikazuchi	克歐恩克艾阿勒艾伊可祖奇伊	bad	phonetic_salad
melee	1300	Concealed Shiden	克歐恩克艾阿勒艾斯哈伊德艾恩	bad	phonetic_salad
melee	1301	Concealed Raijin	克歐恩克艾阿勒艾爾阿伊杰伊恩	bad	phonetic_salad
melee	1302	Hrasvelgr	哈爾阿斯維艾勒格	bad	phonetic_salad
melee	1303	Weiss Hammer	懷斯大錘	ok	ok
melee	1304	Dos Weiss Hammer	懷斯德歐斯大錘	ok	ok
melee	1305	Giga Weiss Hammer	懷斯超巨大錘	ok	ok
melee	1306	Death Weiss Hammer	懷斯死大錘	ok	ok
melee	1307	Cassandra	悲劇預言者	ok	ok
melee	1308	Prototype Dragstriker	試作德爾阿格斯特爾伊	bad	phonetic_salad
melee	1309	Final Dragstriker	決勝德爾阿格斯特爾伊	bad	phonetic_salad
melee	1310	Final Dragstriker+	決勝德爾阿格斯特爾伊＋	bad	phonetic_salad
melee	1311	"Dragstriker ""Breaker"""	德爾阿格斯特爾伊破	bad	phonetic_salad
melee	1312	Kirin Thunder Drum	麒麟雷鼓	ok	ok
melee	1313	Kirin Heavenly Drum	麒麟天上鼓	ok	ok
melee	1314	Heavy Bagpipe	重風笛	ok	ok
melee	1315	Steel Acris Ⅰ	鋼阿克里斯Ⅰ	ok	ok
melee	1316	Steel Acris Ⅱ	鋼阿克里斯Ⅱ	ok	ok
melee	1317	Steel Acris Ⅲ	鋼阿克里斯Ⅲ	ok	ok
melee	1318	Steel Acris Ⅳ	鋼阿克里斯Ⅳ	ok	ok
melee	1319	Sarissa	斯阿爾伊斯斯阿	ok	ok
melee	1320	Spira Sarissa	斯普伊爾阿斯阿爾伊斯斯阿	bad	phonetic_salad
melee	1321	Erythron	艾爾伊特哈爾歐恩	bad	phonetic_salad
melee	1322	Cruce Phalanx	克烏瑟普哈阿勒阿恩克斯	bad	phonetic_salad
melee	1323	Bloody Blos	角竜布勒歐歐德伊	bad	phonetic_salad
melee	1324	Steel Sepia Ⅰ	鋼烏賊Ⅰ	ok	ok
melee	1325	Steel Sepia Ⅱ	鋼烏賊Ⅱ	ok	ok
melee	1326	Steel Sepia Ⅲ	鋼烏賊Ⅲ	ok	ok
melee	1327	Steel Sepia Ⅳ	鋼烏賊Ⅳ	ok	ok
melee	1328	Tri Gunlance	銃槍特伊	ok	ok
melee	1329	Tri Fire	３口突撃槍	ok	ok
melee	1330	Dragonbone Gunlance	銃槍竜骨	ok	ok
melee	1331	Amicus Edge	夥伴刃	ok	ok
melee	1332	Amicus Blade	夥伴刃	ok	ok
melee	1333	ダミー	假	ok	skip_empty_dummy
melee	1334	ダミー	假	ok	skip_empty_dummy
melee	1335	ダミー	假	ok	skip_empty_dummy
melee	1336	Sword and Shield	剣盾	ok	ok
melee	1337	Dual Swords	雙斯瓦歐爾德斯	ok	ok
melee	1338	Great Sword	大剣	ok	ok
melee	1339	Long Sword	太刀	ok	ok
melee	1340	Hammer	大錘	ok	ok
melee	1341	Hunting Horn	狩獵笛	ok	ok
melee	1342	Lance	長槍	ok	ok
melee	1343	Gunlance	銃槍	ok	ok
melee	1344	Thunderdance Sword	雷舞剣	ok	ok
melee	1345	Falcon Thunder Sword	雷夫阿勒克歐恩剣	bad	phonetic_salad
melee	1346	Luan Sword	勒烏阿恩剣	ok	ok
melee	1347	Thunderdance Blade	雷舞刃	ok	ok
melee	1348	Eagle Thunder Blade	雷艾阿格艾刃	ok	ok
melee	1349	Silver Eagle Blade	銀艾阿格艾刃	ok	ok
melee	1350	Thunderdance Bell	雷舞鈴	ok	ok
melee	1351	Warbler Thunder Bell	雷瓦阿爾布勒艾爾鐘	bad	phonetic_salad
melee	1352	Skylark Bell	斯克伊勒阿爾克鐘	bad	phonetic_salad
melee	1353	Thunderdance Gunlance	雷舞銃槍	ok	ok
melee	1354	Cassowary Thndr Gunlance	雷克阿斯斯歐瓦阿爾銃槍	ok	ok
melee	1355	Peacock Gunlance	銃槍普艾阿克歐克克	ok	ok
melee	1356	Teostra's Miragesword	炎王剣【陽炎】	ok	ok
melee	1357	Teostra's Bombsword	炎王剣【爆竜】	ok	ok
melee	1358	Marine Misericorde	海姆伊斯艾爾伊克歐	bad	phonetic_salad
melee	1359	Ifrit Slash	伊夫爾伊特斬	ok	ok
melee	1360	Bulldrome Edge	野豬王刃	ok	ok
melee	1361	Cielo Uno	天空烏諾	ok	ok
melee	1362	Cielo Dos	天空德歐斯	ok	ok
melee	1363	Cielo Tres	天空特爾艾斯	ok	ok
melee	1364	Cielo Cuatro	天空庫阿特歐	ok	ok
melee	1365	Caravan Sword I	商隊剣Ⅰ	ok	ok
melee	1366	Caravan Sword II	商隊剣Ⅱ	ok	ok
melee	1367	Caravan Sword III	商隊剣Ⅲ	ok	ok
melee	1368	Caravan Sword IV	商隊剣Ⅳ	ok	ok
melee	1369	Caravan Sword V	商隊剣Ⅴ	ok	ok
melee	1370	Daora Rapier	鋼竜細剣	ok	ok
melee	1371	Daora Rapier+	鋼竜細剣＋	ok	ok
melee	1372	Dragoon Theatron	竜騎特哈艾阿特爾歐恩	bad	phonetic_salad
melee	1373	Venom Dragoon	毒竜騎	ok	ok
melee	1374	Water Rapier	水細剣	ok	ok
melee	1375	Water Rapier+	水細剣＋	ok	ok
melee	1376	Thalassa Theatron	托吉阿特哈艾阿特爾歐恩	bad	phonetic_salad
melee	1377	Vassar Paraizu	柔水麻痺細剣	ok	ok
melee	1378	Vedic Talavaar	維艾德伊克特阿勒阿維阿阿爾	bad	phonetic_salad
melee	1379	Eali Vedic Talavaar	艾阿利維艾德伊克特阿勒阿維阿阿爾	bad	phonetic_salad
melee	1380	Vedic Bhediya	維艾德伊克布哈艾德伊伊阿	bad	phonetic_salad
melee	1381	Vedikhilana	維艾德伊克哈伊勒	bad	phonetic_salad
melee	1382	Sapphir Lizard I	藍寶石蜥蜴Ⅰ	ok	ok
melee	1383	Sapphir Lizard II	藍寶石蜥蜴Ⅱ	ok	ok
melee	1384	Sapphir Lizard III	藍寶石蜥蜴Ⅲ	ok	ok
melee	1385	Sapphir Lizard IV	藍寶石蜥蜴Ⅳ	ok	ok
melee	1386	Dual Wolves	雙瓦歐勒維艾斯	ok	ok
melee	1387	Our Wolves	歐烏爾瓦歐勒維艾斯	bad	phonetic_salad
melee	1388	Lonely Wolves	勒歐恩艾勒伊瓦歐勒維艾斯	bad	phonetic_salad
melee	1389	Precious Wolves	拉瓦里瓦歐勒維艾斯	bad	phonetic_salad
melee	1390	Silver Claws	銀爪	ok	ok
melee	1391	Silver Death Claws	銀死之爪	ok	ok
melee	1392	Twin Hagoita	球紋章羽子板	ok	ok
melee	1393	Charming Twin Hagoita	魅惑球紋章羽子板	ok	ok
melee	1394	Budding Twin Hagoita	布烏德德伊恩格球紋章羽子板	bad	phonetic_salad
melee	1395	Lovely Twin Hagoita	可愛球紋章羽子板	ok	ok
melee	1396	Keel	克艾艾勒	ok	ok
melee	1397	Ein Keel	艾恩克艾艾勒	ok	ok
melee	1398	Vain Keel	維阿伊恩克艾艾勒	bad	phonetic_salad
melee	1399	Einherjar	英靈戦士雙剣	ok	ok
melee	1400			ok	skip_empty_dummy
melee	1401			ok	skip_empty_dummy
melee	1402			ok	skip_empty_dummy
melee	1403			ok	skip_empty_dummy
melee	1404			ok	skip_empty_dummy
melee	1405			ok	skip_empty_dummy
melee	1406			ok	skip_empty_dummy
melee	1407	Teostra Detonation Sword	炎王竜爆轟剣	ok	ok
melee	1408	Dodonga Scissors	多多恩阿剪刀	ok	ok
melee	1409	Dodonga Rippers	多多恩阿爾伊普普艾爾斯	bad	phonetic_salad
melee	1410	Teostra Rending Blade	炎王竜爾艾恩德伊恩格刃	ok	ok
melee	1411	Teostra Ruining Blade	炎王竜魯伊尼恩刃	ok	ok
melee	1412	Dodonga Katana	多多恩阿刀	bad	type_phonetic
melee	1413	Dodonga Large Katana	多多恩阿大刀	bad	type_phonetic
melee	1414	Teostra Eruptor	炎王竜艾爾烏普特歐爾	ok	ok
melee	1415	Teostra's Scorch	炎王獄鎚【焦土】	ok	ok
melee	1416	"Dora Horn ""Horornis"""	多拉角	ok	ok
melee	1417	"Dora Horn ""Emerald"""	多拉角緑寶石	ok	ok
melee	1418	"Dora Spear ""Aix"""	多拉槍阿伊克斯	ok	ok
melee	1419	"Dora Spear ""Charadrius"""	多拉槍克哈阿爾阿德爾伊	bad	phonetic_salad
melee	1420	Dodonga Boom	多多恩阿布歐歐姆	bad	phonetic_salad
melee	1421	Flashdagger Lumiera	夫勒阿斯哈德阿格魯米艾拉	bad	phonetic_salad
melee	1422	Flashblade Lux Mundi	弗阿修布阿德恩流浪姆烏恩德伊	bad	phonetic_salad
melee	1423	Flashkatana Lucas Solis	弗阿修可塔娜勒烏克阿斯斯歐勒伊斯	bad	phonetic_salad
melee	1424	Flashflute Rio de Sol	弗阿修弗烏特里歐日輪	bad	phonetic_salad
melee	1425	Flashspear Flechas Sol	夫勒阿斯哈斯普艾夫勒艾克哈阿斯日輪	bad	phonetic_salad
melee	1426	Daora's Atomo	鋼竜・原力	ok	ok
melee	1427	Guren Greathammer	紅蓮大大錘	ok	ok
melee	1428	Chocovanilla Cones	克哈歐克歐維阿恩錐	bad	phonetic_salad
melee	1429	Chocovanilla Cones+	克哈歐克歐維阿恩錐＋	bad	phonetic_salad
melee	1430	Big Chocovanilla Cones	大克哈歐克歐維阿恩錐	bad	phonetic_salad
melee	1431	Vanillastrawberry Cones	香草草莓克歐恩艾斯	bad	phonetic_salad
melee	1432	Vanillastrawberry Cones+	香草草莓克歐恩艾斯＋	bad	phonetic_salad
melee	1433	Big Vnlastrawberry Cones	大維恩勒阿斯特爾阿克歐恩艾斯	bad	phonetic_salad
melee	1434	Tea&Chocolate Cones	茶巧克力錐	ok	ok
melee	1435	Tea&Choco Cones+	茶奇歐科錐＋	ok	ok
melee	1436	Big Tea&Choco Cones	大茶奇歐科錐	ok	ok
melee	1437	Chocostrawberry Cones	克哈歐克歐斯特爾錐	bad	phonetic_salad
melee	1438	Chocostrawberry Cones+	克哈歐克歐斯特爾錐＋	bad	phonetic_salad
melee	1439	Big Chocstrawberry Cones	大克哈歐克斯特爾阿克歐恩艾斯	bad	phonetic_salad
melee	1440	Double Choco Cones	双奇歐科錐	ok	ok
melee	1441	Double Choco Cones+	双奇歐科錐＋	ok	ok
melee	1442	Big Double Choco Cones	大双奇歐科錐	ok	ok
melee	1443	Double Strawberry Cones	双斯特爾阿瓦布艾爾錐	bad	phonetic_salad
melee	1444	Double Strawberry Cones+	双斯特爾阿瓦布艾爾錐＋	bad	phonetic_salad
melee	1445	Big Dbl Strawberry Cones	大德布勒斯特爾阿瓦布艾爾錐	bad	phonetic_salad
melee	1446	Dark Dynasty Lv.I	闇王朝Lv.Ⅰ	ok	ok
melee	1447	Dark Dynasty Lv.II	闇王朝Lv.Ⅱ	ok	ok
melee	1448	Dark Dynasty Lv.III	闇王朝Lv.Ⅲ	ok	ok
melee	1449	Blazing Gunlance	灼熱銃槍	ok	ok
melee	1450	Stillwater Gunlance	銃槍斯特伊勒勒瓦阿特	ok	ok
melee	1451	Thunderbolt Gunlance	銃槍特哈烏恩德艾爾布	ok	ok
melee	1452	Howl Gunlance	咆哮銃槍	ok	ok
melee	1453	Freezing Gunlance	冰銃槍	ok	ok
melee	1454	Conflagration Gunlance	大火銃槍	ok	ok
melee	1455	Flowing Water Gunlance	水里艾翼銃槍	ok	ok
melee	1456	Roaring Thunder Gunlance	咆哮雷銃槍	ok	ok
melee	1457	Imperial Wrath Gunlance	銃槍帝国怒	ok	ok
melee	1458	Ice Breaker Gunlance	破冰銃槍	ok	ok
melee	1459	Dark Eye Lv. I	暗眼LvⅠ	ok	ok
melee	1460	Dark Eye LV. II	闇眼LVⅡ	ok	ok
melee	1461	Dark Eye LV. III	闇眼LVⅢ	ok	ok
melee	1462	Blazing Hammer	灼熱大錘	ok	ok
melee	1463	Stillwater Hammer	大錘斯特伊勒勒瓦阿特	bad	phonetic_salad
melee	1464	Thunderbolt Hammer	大錘特哈烏恩德艾爾布	bad	phonetic_salad
melee	1465	Howl Hammer	咆哮大錘	ok	ok
melee	1466	Freezing Hammer	冰大錘	ok	ok
melee	1467	Conflagration Hammer	大火大錘	ok	ok
melee	1468	Flowing Water Hammer	水里艾翼大錘	ok	ok
melee	1469	Roaring Thunder Hammer	咆哮雷大錘	ok	ok
melee	1470	Imperial Wrath Hammer	大錘帝国怒	ok	ok
melee	1471	Ice Breaker Hammer	破冰大錘	ok	ok
melee	1472	Estique	艾斯伊奎艾	ok	ok
melee	1473	Endugar	竜神之刃	ok	ok
melee	1474	Estarama	創世烈炎精靈槍	ok	ok
melee	1475	Enduni	創世惡靈鳥槍	ok	ok
melee	1476	Binding Felyne Claws+	球紋章艾露之爪＋	ok	ok
melee	1477	Burning Melynx Claws+	燃燒奇猫之爪＋	ok	ok
melee	1478	Melynx Tempo	梅拉路速度	ok	ok
melee	1479	Felyne Tempo	艾路猫速度	ok	ok
melee	1480			ok	skip_empty_dummy
melee	1481			ok	skip_empty_dummy
melee	1482			ok	skip_empty_dummy
melee	1483			ok	skip_empty_dummy
melee	1484			ok	skip_empty_dummy
melee	1485			ok	skip_empty_dummy
melee	1486			ok	skip_empty_dummy
melee	1487			ok	skip_empty_dummy
melee	1488			ok	skip_empty_dummy
melee	1489			ok	skip_empty_dummy
melee	1490			ok	skip_empty_dummy
melee	1491			ok	skip_empty_dummy
melee	1492			ok	skip_empty_dummy
melee	1493			ok	skip_empty_dummy
melee	1494			ok	skip_empty_dummy
melee	1495			ok	skip_empty_dummy
melee	1496			ok	skip_empty_dummy
melee	1497			ok	skip_empty_dummy
melee	1498			ok	skip_empty_dummy
melee	1499			ok	skip_empty_dummy
melee	1500	Master Kalinga SP Ⅰ	大師迦林加【ＳＰ】Ⅰ	ok	ok
melee	1501	Master Kalinga SP Ⅱ	大師迦林加【ＳＰ】Ⅱ	ok	ok
melee	1502	Master Kalinga SP Ⅲ	大師迦林加【ＳＰ】Ⅲ	ok	ok
melee	1503	Master Kalinga SP Ⅳ	大師迦林加【ＳＰ】Ⅳ	ok	ok
melee	1504	Master Kalinga SP Ⅴ	大師迦林加【ＳＰ】Ⅴ	ok	ok
melee	1505	Master Kalinga SP Ⅵ	大師迦林加【ＳＰ】Ⅵ	ok	ok
melee	1506	Master Kalinga SP Ⅶ	大師迦林加【ＳＰ】Ⅶ	ok	ok
melee	1507	Dark Princess SP Ⅰ	暗黑公主【ＳＰ】Ⅰ	ok	ok
melee	1508	Dark Princess SP Ⅱ	暗黑公主【ＳＰ】Ⅱ	ok	ok
melee	1509	Dark Princess SP Ⅲ	暗黑公主【ＳＰ】Ⅲ	ok	ok
melee	1510	Dark Princess SP Ⅳ	暗黑公主【ＳＰ】Ⅳ	ok	ok
melee	1511	Dark Princess SP Ⅴ	暗黑公主【ＳＰ】Ⅴ	ok	ok
melee	1512	Dark Princess SP Ⅵ	暗黑公主【ＳＰ】Ⅵ	ok	ok
melee	1513	Dark Princess SP Ⅶ	暗黑公主【ＳＰ】Ⅶ	ok	ok
melee	1514	Emerald Edge SP Ⅰ	翡翠刃【ＳＰ】Ⅰ	ok	ok
melee	1515	Emerald Edge SP Ⅱ	翡翠刃【ＳＰ】Ⅱ	ok	ok
melee	1516	Emerald Edge SP Ⅲ	翡翠刃【ＳＰ】Ⅲ	ok	ok
melee	1517	Emerald Edge SP Ⅳ	翡翠刃【ＳＰ】Ⅳ	ok	ok
melee	1518	Emerald Edge SP Ⅴ	翡翠刃【ＳＰ】Ⅴ	ok	ok
melee	1519	Emerald Edge SP Ⅵ	翡翠刃【ＳＰ】Ⅵ	ok	ok
melee	1520	Emerald Edge SP Ⅶ	翡翠刃【ＳＰ】Ⅶ	ok	ok
melee	1521	Lucky Cat Stick SP Ⅰ	福猫棒【ＳＰ】Ⅰ	ok	ok
melee	1522	Lucky Cat Stick SP Ⅱ	福猫棒【ＳＰ】Ⅱ	ok	ok
melee	1523	Lucky Cat Stick SP Ⅲ	福猫棒【ＳＰ】Ⅲ	ok	ok
melee	1524	Lucky Cat Stick SP Ⅳ	福猫棒【ＳＰ】Ⅳ	ok	ok
melee	1525	Lucky Cat Stick SP Ⅴ	福猫棒【ＳＰ】Ⅴ	ok	ok
melee	1526	Lucky Cat Stick SP Ⅵ	福猫棒【ＳＰ】Ⅵ	ok	ok
melee	1527	Lucky Cat Stick SP Ⅶ	福猫棒【ＳＰ】Ⅶ	ok	ok
melee	1528	Exceletta SP Ⅰ	艾克蕾塔【ＳＰ】Ⅰ	ok	ok
melee	1529	Exceletta SP Ⅱ	艾克蕾塔【ＳＰ】Ⅱ	ok	ok
melee	1530	Exceletta SP Ⅲ	艾克蕾塔【ＳＰ】Ⅲ	ok	ok
melee	1531	Exceletta SP Ⅳ	艾克蕾塔【ＳＰ】Ⅳ	ok	ok
melee	1532	Exceletta SP Ⅴ	艾克蕾塔【ＳＰ】Ⅴ	ok	ok
melee	1533	Exceletta SP Ⅵ	艾克蕾塔【ＳＰ】Ⅵ	ok	ok
melee	1534	Exceletta SP Ⅶ	艾克蕾塔【ＳＰ】Ⅶ	ok	ok
melee	1535	Colonel Sword SP I	上校剣【ＳＰ】Ⅰ	ok	ok
melee	1536	Colonel Sword SP II	上校剣【ＳＰ】Ⅱ	ok	ok
melee	1537	Colonel Sword SP III	上校剣【ＳＰ】Ⅲ	ok	ok
melee	1538	Colonel Sword SP IV	上校剣【ＳＰ】Ⅳ	ok	ok
melee	1539	Colonel Sword SP V	上校剣【ＳＰ】Ⅴ	ok	ok
melee	1540	Colonel Sword SP VI	上校剣【ＳＰ】Ⅵ	ok	ok
melee	1541	Colonel Sword SP VII	上校剣【ＳＰ】Ⅶ	ok	ok
melee	1542	Flare SP I	閃焔【ＳＰ】Ⅰ	ok	ok
melee	1543	Flare SP II	閃焔【ＳＰ】Ⅱ	ok	ok
melee	1544	Flare SP III	閃焔【ＳＰ】Ⅲ	ok	ok
melee	1545	Flare SP IV	閃焔【ＳＰ】Ⅳ	ok	ok
melee	1546	Flare SP V	閃焔【ＳＰ】Ⅴ	ok	ok
melee	1547	Flare SP VI	閃焔【ＳＰ】Ⅵ	ok	ok
melee	1548	Flare SP VII	閃焔【ＳＰ】Ⅶ	ok	ok
melee	1549	Plesioth Razors SP I	水竜【ＳＰ】Ⅰ	ok	ok
melee	1550	Plesioth Razors SP II	水竜【ＳＰ】Ⅱ	ok	ok
melee	1551	Plesioth Razors SP III	水竜【ＳＰ】Ⅲ	ok	ok
melee	1552	Plesioth Razors SP IV	水竜【ＳＰ】Ⅳ	ok	ok
melee	1553	Plesioth Razors SP V	水竜【ＳＰ】Ⅴ	ok	ok
melee	1554	Plesioth Razors SP VI	水竜【ＳＰ】Ⅵ	ok	ok
melee	1555	Plesioth Razors SP VII	水竜【ＳＰ】Ⅶ	ok	ok
melee	1556	Order Sabres SP I	秩序軍刀【ＳＰ】Ⅰ	ok	ok
melee	1557	Order Sabres SP II	秩序軍刀【ＳＰ】Ⅱ	ok	ok
melee	1558	Order Sabres SP III	秩序軍刀【ＳＰ】Ⅲ	ok	ok
melee	1559	Order Sabres SP IV	秩序軍刀【ＳＰ】Ⅳ	ok	ok
melee	1560	Order Sabres SP V	秩序軍刀【ＳＰ】Ⅴ	ok	ok
melee	1561	Order Sabres SP VI	秩序軍刀【ＳＰ】Ⅵ	ok	ok
melee	1562	Order Sabres SP VII	秩序軍刀【ＳＰ】Ⅶ	ok	ok
melee	1563	Dragonfang Tessen SP I	牙竜鐵扇【ＳＰ】Ⅰ	ok	ok
melee	1564	Dragonfang Tessen SP II	牙竜鐵扇【ＳＰ】Ⅱ	ok	ok
melee	1565	Dragonfang Tessen SP III	牙竜鐵扇【ＳＰ】Ⅲ	ok	ok
melee	1566	Dragonfang Tessen SP IV	牙竜鐵扇【ＳＰ】Ⅳ	ok	ok
melee	1567	Dragonfang Tessen SP V	牙竜鐵扇【ＳＰ】Ⅴ	ok	ok
melee	1568	Dragonfang Tessen SP VI	牙竜鐵扇【ＳＰ】Ⅵ	ok	ok
melee	1569	Dragonfang Tessen SP VII	牙竜鐵扇【ＳＰ】Ⅶ	ok	ok
melee	1570	Kiwi Bonbons SP I	奇異果夾心糖【ＳＰ】Ⅰ	ok	ok
melee	1571	Kiwi Bonbons SP II	奇異果夾心糖【ＳＰ】Ⅱ	ok	ok
melee	1572	Kiwi Bonbons SP III	奇異果夾心糖【ＳＰ】Ⅲ	ok	ok
melee	1573	Kiwi Bonbons SP IV	奇異果夾心糖【ＳＰ】Ⅳ	ok	ok
melee	1574	Kiwi Bonbons SP V	奇異果夾心糖【ＳＰ】Ⅴ	ok	ok
melee	1575	Kiwi Bonbons SP VI	奇異果夾心糖【ＳＰ】Ⅵ	ok	ok
melee	1576	Kiwi Bonbons SP VII	奇異果夾心糖【ＳＰ】Ⅶ	ok	ok
melee	1577	Typhon SP I	堤豐【ＳＰ】Ⅰ	ok	ok
melee	1578	Typhon SP II	堤豐【ＳＰ】Ⅱ	ok	ok
melee	1579	Typhon SP III	堤豐【ＳＰ】Ⅲ	ok	ok
melee	1580	Typhon SP IV	堤豐【ＳＰ】Ⅳ	ok	ok
melee	1581	Typhon SP V	堤豐【ＳＰ】Ⅴ	ok	ok
melee	1582	Typhon SP VI	堤豐【ＳＰ】Ⅵ	ok	ok
melee	1583	Typhon SP VII	堤豐【ＳＰ】Ⅶ	ok	ok
melee	1584	Special Powersaws SP I	特別機械鋸【ＳＰ】Ⅰ	ok	ok
melee	1585	Special Powersaws SP II	特別機械鋸【ＳＰ】Ⅱ	ok	ok
melee	1586	Special Powersaws SP III	特別機械鋸【ＳＰ】Ⅲ	ok	ok
melee	1587	Special Powersaws SP IV	特別機械鋸【ＳＰ】Ⅳ	ok	ok
melee	1588	Special Powersaws SP V	特別機械鋸【ＳＰ】Ⅴ	ok	ok
melee	1589	Special Powersaws SP VI	特別機械鋸【ＳＰ】Ⅵ	ok	ok
melee	1590	Special Powersaws SP VII	特別機械鋸【ＳＰ】Ⅶ	ok	ok
melee	1591	Sunrise Edges SP I	日出刃【ＳＰ】Ⅰ	ok	ok
melee	1592	Sunrise Edges SP II	日出刃【ＳＰ】Ⅱ	ok	ok
melee	1593	Sunrise Edges SP III	日出刃【ＳＰ】Ⅲ	ok	ok
melee	1594	Sunrise Edges SP IV	日出刃【ＳＰ】Ⅳ	ok	ok
melee	1595	Sunrise Edges SP V	日出刃【ＳＰ】Ⅴ	ok	ok
melee	1596	Sunrise Edges SP VI	日出刃【ＳＰ】Ⅵ	ok	ok
melee	1597	Sunrise Edges SP VII	日出刃【ＳＰ】Ⅶ	ok	ok
melee	1598	Tartarus SP Ⅰ	塔耳塔洛斯【ＳＰ】Ⅰ	ok	ok
melee	1599	Tartarus SP Ⅱ	塔耳塔洛斯【ＳＰ】Ⅱ	ok	ok
melee	1600	Tartarus SP Ⅲ	塔耳塔洛斯【ＳＰ】Ⅲ	ok	ok
melee	1601	Tartarus SP Ⅳ	塔耳塔洛斯【ＳＰ】Ⅳ	ok	ok
melee	1602	Tartarus SP Ⅴ	塔耳塔洛斯【ＳＰ】Ⅴ	ok	ok
melee	1603	Tartarus SP Ⅵ	塔耳塔洛斯【ＳＰ】Ⅵ	ok	ok
melee	1604	Tartarus SP Ⅶ	塔耳塔洛斯【ＳＰ】Ⅶ	ok	ok
melee	1605	Bronze Blaze SP I	青銅炎【ＳＰ】Ⅰ	ok	ok
melee	1606	Bronze Blaze SP II	青銅炎【ＳＰ】Ⅱ	ok	ok
melee	1607	Bronze Blaze SP III	青銅炎【ＳＰ】Ⅲ	ok	ok
melee	1608	Bronze Blaze SP IV	青銅炎【ＳＰ】Ⅳ	ok	ok
melee	1609	Bronze Blaze SP V	青銅炎【ＳＰ】Ⅴ	ok	ok
melee	1610	Bronze Blaze SP VI	青銅炎【ＳＰ】Ⅵ	ok	ok
melee	1611	Bronze Blaze SP VII	青銅炎【ＳＰ】Ⅶ	ok	ok
melee	1612	Colonel Blade SP I	上校刃【ＳＰ】Ⅰ	ok	ok
melee	1613	Colonel Blade SP II	上校刃【ＳＰ】Ⅱ	ok	ok
melee	1614	Colonel Blade SP III	上校刃【ＳＰ】Ⅲ	ok	ok
melee	1615	Colonel Blade SP IV	上校刃【ＳＰ】Ⅳ	ok	ok
melee	1616	Colonel Blade SP V	上校刃【ＳＰ】Ⅴ	ok	ok
melee	1617	Colonel Blade SP VI	上校刃【ＳＰ】Ⅵ	ok	ok
melee	1618	Colonel Blade SP VII	上校刃【ＳＰ】Ⅶ	ok	ok
melee	1619	Chaos Pulse SP I	混沌脈衝【ＳＰ】Ⅰ	ok	ok
melee	1620	Chaos Pulse SP II	混沌脈衝【ＳＰ】Ⅱ	ok	ok
melee	1621	Chaos Pulse SP III	混沌脈衝【ＳＰ】Ⅲ	ok	ok
melee	1622	Chaos Pulse SP IV	混沌脈衝【ＳＰ】Ⅳ	ok	ok
melee	1623	Chaos Pulse SP V	混沌脈衝【ＳＰ】Ⅴ	ok	ok
melee	1624	Chaos Pulse SP VI	混沌脈衝【ＳＰ】Ⅵ	ok	ok
melee	1625	Chaos Pulse SP VII	混沌脈衝【ＳＰ】Ⅶ	ok	ok
melee	1626	Baleful Shk Swd. SP I	雷電剣【ＳＰ】Ⅰ	ok	ok
melee	1627	Baleful Shk Swd. SP II	雷電剣【ＳＰ】Ⅱ	ok	ok
melee	1628	Baleful Shk Swd. SP III	雷電剣【ＳＰ】Ⅲ	ok	ok
melee	1629	Baleful Shk Swd. SP IV	雷電剣【ＳＰ】Ⅳ	ok	ok
melee	1630	Baleful Shk Swd. SP V	雷電剣【ＳＰ】Ⅴ	ok	ok
melee	1631	Baleful Shk Swd. SP VI	雷電剣【ＳＰ】Ⅵ	ok	ok
melee	1632	Baleful Shk Swd. SP VII	雷電剣【ＳＰ】Ⅶ	ok	ok
melee	1633	Amber Frost SP I	琥珀霜【ＳＰ】Ⅰ	ok	ok
melee	1634	Amber Frost SP II	琥珀霜【ＳＰ】Ⅱ	ok	ok
melee	1635	Amber Frost SP III	琥珀霜【ＳＰ】Ⅲ	ok	ok
melee	1636	Amber Frost SP IV	琥珀霜【ＳＰ】Ⅳ	ok	ok
melee	1637	Amber Frost SP V	琥珀霜【ＳＰ】Ⅴ	ok	ok
melee	1638	Amber Frost SP VI	琥珀霜【ＳＰ】Ⅵ	ok	ok
melee	1639	Amber Frost SP VII	琥珀霜【ＳＰ】Ⅶ	ok	ok
melee	1640	Lapis Judgment SPI	青金審判Ⅰ	ok	ok
melee	1641	Lapis Judgment SPII	青金審判Ⅱ	ok	ok
melee	1642	Lapis Judgment SPIII	青金審判Ⅲ	ok	ok
melee	1643	Lapis Judgment SPIV	青金審判Ⅳ	ok	ok
melee	1644	Lapis Judgment SPV	青金審判Ⅴ	ok	ok
melee	1645	Lapis Judgment SPVI	青金審判Ⅵ	ok	ok
melee	1646	Lapis Judgment SPVII	青金審判Ⅶ	ok	ok
melee	1647	Gate Guard Sword SP I	門衛剣【ＳＰ】Ⅰ	ok	ok
melee	1648	Gate Guard Sword SP II	門衛剣【ＳＰ】Ⅱ	ok	ok
melee	1649	Gate Guard Sword SP III	門衛剣【ＳＰ】Ⅲ	ok	ok
melee	1650	Gate Guard Sword SP IV	門衛剣【ＳＰ】Ⅳ	ok	ok
melee	1651	Gate Guard Sword SP V	門衛剣【ＳＰ】Ⅴ	ok	ok
melee	1652	Gate Guard Sword SP VI	門衛剣【ＳＰ】Ⅵ	ok	ok
melee	1653	Gate Guard Sword SP VII	門衛剣【ＳＰ】Ⅶ	ok	ok
melee	1654	Fujin Demonslayer SP I	風神斬魔刀【ＳＰ】Ⅰ	ok	ok
melee	1655	Fujin Demonslayer SP II	風神斬魔刀【ＳＰ】Ⅱ	ok	ok
melee	1656	Fujin Demonslayer SP III	風神斬魔刀【ＳＰ】Ⅲ	ok	ok
melee	1657	Fujin Demonslayer SP IV	風神斬魔刀【ＳＰ】Ⅳ	ok	ok
melee	1658	Fujin Demonslayer SP V	風神斬魔刀【ＳＰ】Ⅴ	ok	ok
melee	1659	Fujin Demonslayer SP VI	風神斬魔刀【ＳＰ】Ⅵ	ok	ok
melee	1660	Fujin Demonslayer SP VII	風神斬魔刀【ＳＰ】Ⅶ	ok	ok
melee	1661	Golden Katana SP I	黄金刀【ＳＰ】Ⅰ	ok	ok
melee	1662	Golden Katana SP II	黄金刀【ＳＰ】Ⅱ	ok	ok
melee	1663	Golden Katana SP III	黄金刀【ＳＰ】Ⅲ	ok	ok
melee	1664	Golden Katana SP IV	黄金刀【ＳＰ】Ⅳ	ok	ok
melee	1665	Golden Katana SP V	黄金刀【ＳＰ】Ⅴ	ok	ok
melee	1666	Golden Katana SP VI	黄金刀【ＳＰ】Ⅵ	ok	ok
melee	1667	Golden Katana SP VII	黄金刀【ＳＰ】Ⅶ	ok	ok
melee	1668	Demonic Slasher SP I	惡魔斬【ＳＰ】Ⅰ	ok	ok
melee	1669	Demonic Slasher SP II	惡魔斬【ＳＰ】Ⅱ	ok	ok
melee	1670	Demonic Slasher SP III	惡魔斬【ＳＰ】Ⅲ	ok	ok
melee	1671	Demonic Slasher SP IV	惡魔斬【ＳＰ】Ⅳ	ok	ok
melee	1672	Demonic Slasher SP V	惡魔斬【ＳＰ】Ⅴ	ok	ok
melee	1673	Demonic Slasher SP VI	惡魔斬【ＳＰ】Ⅵ	ok	ok
melee	1674	Demonic Slasher SP VII	惡魔斬【ＳＰ】Ⅶ	ok	ok
melee	1675	Pink Mantis SP I	粉紅螳螂【ＳＰ】Ⅰ	ok	ok
melee	1676	Pink Mantis SP II	粉紅螳螂【ＳＰ】Ⅱ	ok	ok
melee	1677	Pink Mantis SP III	粉紅螳螂【ＳＰ】Ⅲ	ok	ok
melee	1678	Pink Mantis SP IV	粉紅螳螂【ＳＰ】Ⅳ	ok	ok
melee	1679	Pink Mantis SP V	粉紅螳螂【ＳＰ】Ⅴ	ok	ok
melee	1680	Pink Mantis SP VI	粉紅螳螂【ＳＰ】Ⅵ	ok	ok
melee	1681	Pink Mantis SP VII	粉紅螳螂【ＳＰ】Ⅶ	ok	ok
melee	1682	Prpl Flame Cutter SP I	紫焔斬【ＳＰ】Ⅰ	ok	ok
melee	1683	Prpl Flame Cutter SP II	紫焔斬【ＳＰ】Ⅱ	ok	ok
melee	1684	Prpl Flame Cutter SP III	紫焔斬【ＳＰ】Ⅲ	ok	ok
melee	1685	Prpl Flame Cutter SP IV	紫焔斬【ＳＰ】Ⅳ	ok	ok
melee	1686	Prpl Flame Cutter SP V	紫焔斬【ＳＰ】Ⅴ	ok	ok
melee	1687	Prpl Flame Cutter SP VI	紫焔斬【ＳＰ】Ⅵ	ok	ok
melee	1688	Prpl Flame Cutter SP VII	紫焔斬【ＳＰ】Ⅶ	ok	ok
melee	1689	Wyvrn Swrd Lapis SP I	飛竜刀琉璃【ＳＰ】Ⅰ	ok	ok
melee	1690	Wyvrn Swrd Lapis SP II	飛竜刀琉璃【ＳＰ】Ⅱ	ok	ok
melee	1691	Wyvrn Swrd Lapis SP III	飛竜刀琉璃【ＳＰ】Ⅲ	ok	ok
melee	1692	Wyvrn Swrd Lapis SP IV	飛竜刀琉璃【ＳＰ】Ⅳ	ok	ok
melee	1693	Wyvrn Swrd Lapis SP V	飛竜刀琉璃【ＳＰ】Ⅴ	ok	ok
melee	1694	Wyvrn Swrd Lapis SP VI	飛竜刀琉璃【ＳＰ】Ⅵ	ok	ok
melee	1695	Wyvrn Swrd Lapis SP VII	飛竜刀琉璃【ＳＰ】Ⅶ	ok	ok
melee	1696	Red Cat Hammer SP I	茜猫大錘【ＳＰ】Ⅰ	ok	ok
melee	1697	Red Cat Hammer SP II	茜猫大錘【ＳＰ】Ⅱ	ok	ok
melee	1698	Red Cat Hammer SP III	茜猫大錘【ＳＰ】Ⅲ	ok	ok
melee	1699	Red Cat Hammer SP IV	茜猫大錘【ＳＰ】Ⅳ	ok	ok
melee	1700	Red Cat Hammer SP V	茜猫大錘【ＳＰ】Ⅴ	ok	ok
melee	1701	Red Cat Hammer SP VI	茜猫大錘【ＳＰ】Ⅵ	ok	ok
melee	1702	Red Cat Hammer SP VII	茜猫大錘【ＳＰ】Ⅶ	ok	ok
melee	1703	Giga Impact SP I	超巨衝撃【ＳＰ】Ⅰ	ok	ok
melee	1704	Giga Impact SP II	超巨衝撃【ＳＰ】Ⅱ	ok	ok
melee	1705	Giga Impact SP III	超巨衝撃【ＳＰ】Ⅲ	ok	ok
melee	1706	Giga Impact SP IV	超巨衝撃【ＳＰ】Ⅳ	ok	ok
melee	1707	Giga Impact SP V	超巨衝撃【ＳＰ】Ⅴ	ok	ok
melee	1708	Giga Impact SP VI	超巨衝撃【ＳＰ】Ⅵ	ok	ok
melee	1709	Giga Impact SP VII	超巨衝撃【ＳＰ】Ⅶ	ok	ok
melee	1710	Golden Anchor SP I	金色碇槌【ＳＰ】Ⅰ	ok	ok
melee	1711	Golden Anchor SP II	金色碇槌【ＳＰ】Ⅱ	ok	ok
melee	1712	Golden Anchor SP III	金色碇槌【ＳＰ】Ⅲ	ok	ok
melee	1713	Golden Anchor SP IV	金色碇槌【ＳＰ】Ⅳ	ok	ok
melee	1714	Golden Anchor SP V	金色碇槌【ＳＰ】Ⅴ	ok	ok
melee	1715	Golden Anchor SP VI	金色碇槌【ＳＰ】Ⅵ	ok	ok
melee	1716	Golden Anchor SP VII	金色碇槌【ＳＰ】Ⅶ	ok	ok
melee	1717	Nephrite Nova SP I	軟玉新星【ＳＰ】Ⅰ	ok	ok
melee	1718	Nephrite Nova SP II	軟玉新星【ＳＰ】Ⅱ	ok	ok
melee	1719	Nephrite Nova SP III	軟玉新星【ＳＰ】Ⅲ	ok	ok
melee	1720	Nephrite Nova SP IV	軟玉新星【ＳＰ】Ⅳ	ok	ok
melee	1721	Nephrite Nova SP V	軟玉新星【ＳＰ】Ⅴ	ok	ok
melee	1722	Nephrite Nova SP VI	軟玉新星【ＳＰ】Ⅵ	ok	ok
melee	1723	Nephrite Nova SP VII	軟玉新星【ＳＰ】Ⅶ	ok	ok
melee	1724	Special Mech Hm. SP I	特別機械槌【ＳＰ】Ⅰ	ok	ok
melee	1725	Special Mech Hm. SP II	特別機械槌【ＳＰ】Ⅱ	ok	ok
melee	1726	Special Mech Hm. SP III	特別機械槌【ＳＰ】Ⅲ	ok	ok
melee	1727	Special Mech Hm. SP IV	特別機械槌【ＳＰ】Ⅳ	ok	ok
melee	1728	Special Mech Hm. SP V	特別機械槌【ＳＰ】Ⅴ	ok	ok
melee	1729	Special Mech Hm. SP VI	特別機械槌【ＳＰ】Ⅵ	ok	ok
melee	1730	Special Mech Hm. SP VII	特別機械槌【ＳＰ】Ⅶ	ok	ok
melee	1731	Death's Bane SP I	死之克星【ＳＰ】Ⅰ	ok	ok
melee	1732	Death's Bane SP II	死之克星【ＳＰ】Ⅱ	ok	ok
melee	1733	Death's Bane SP III	死之克星【ＳＰ】Ⅲ	ok	ok
melee	1734	Death's Bane SP IV	死之克星【ＳＰ】Ⅳ	ok	ok
melee	1735	Death's Bane SP V	死之克星【ＳＰ】Ⅴ	ok	ok
melee	1736	Death's Bane SP VI	死之克星【ＳＰ】Ⅵ	ok	ok
melee	1737	Death's Bane SP VII	死之克星【ＳＰ】Ⅶ	ok	ok
melee	1738	P. Conehead Hm. SP I	粉紅錐頭大錘【ＳＰ】Ⅰ	ok	ok
melee	1739	P. Conehead Hm. SP II	粉紅錐頭大錘【ＳＰ】Ⅱ	ok	ok
melee	1740	P. Conehead Hm. SP III	粉紅錐頭大錘【ＳＰ】Ⅲ	ok	ok
melee	1741	P. Conehead Hm. SP IV	粉紅錐頭大錘【ＳＰ】Ⅳ	ok	ok
melee	1742	P. Conehead Hm. SP V	粉紅錐頭大錘【ＳＰ】Ⅴ	ok	ok
melee	1743	P. Conehead Hm. SP VI	粉紅錐頭大錘【ＳＰ】Ⅵ	ok	ok
melee	1744	P. Conehead Hm. SP VII	粉紅錐頭大錘【ＳＰ】Ⅶ	ok	ok
melee	1745	Lava Alphorn SP I	熔岩號角【ＳＰ】Ⅰ	ok	ok
melee	1746	Lava Alphorn SP II	熔岩號角【ＳＰ】Ⅱ	ok	ok
melee	1747	Lava Alphorn SP III	熔岩號角【ＳＰ】Ⅲ	ok	ok
melee	1748	Lava Alphorn SP IV	熔岩號角【ＳＰ】Ⅳ	ok	ok
melee	1749	Lava Alphorn SP V	熔岩號角【ＳＰ】Ⅴ	ok	ok
melee	1750	Lava Alphorn SP VI	熔岩號角【ＳＰ】Ⅵ	ok	ok
melee	1751	Lava Alphorn SP VII	熔岩號角【ＳＰ】Ⅶ	ok	ok
melee	1752	Sky Chordmaker SP I	空之直笛【ＳＰ】Ⅰ	ok	ok
melee	1753	Sky Chordmaker SP II	空之直笛【ＳＰ】Ⅱ	ok	ok
melee	1754	Sky Chordmaker SP III	空之直笛【ＳＰ】Ⅲ	ok	ok
melee	1755	Sky Chordmaker SP IV	空之直笛【ＳＰ】Ⅳ	ok	ok
melee	1756	Sky Chordmaker SP V	空之直笛【ＳＰ】Ⅴ	ok	ok
melee	1757	Sky Chordmaker SP VI	空之直笛【ＳＰ】Ⅵ	ok	ok
melee	1758	Sky Chordmaker SP VII	空之直笛【ＳＰ】Ⅶ	ok	ok
melee	1759	Basarios Beat SP I	岩竜【ＳＰ】Ⅰ	ok	ok
melee	1760	Basarios Beat SP II	岩竜【ＳＰ】Ⅱ	ok	ok
melee	1761	Basarios Beat SP III	岩竜【ＳＰ】Ⅲ	ok	ok
melee	1762	Basarios Beat SP IV	岩竜【ＳＰ】Ⅳ	ok	ok
melee	1763	Basarios Beat SP V	岩竜【ＳＰ】Ⅴ	ok	ok
melee	1764	Basarios Beat SP VI	岩竜【ＳＰ】Ⅵ	ok	ok
melee	1765	Basarios Beat SP VII	岩竜【ＳＰ】Ⅶ	ok	ok
melee	1766	Khezu Shriek SP I	奇怪竜【ＳＰ】Ⅰ	ok	ok
melee	1767	Khezu Shriek SP II	奇怪竜【ＳＰ】Ⅱ	ok	ok
melee	1768	Khezu Shriek SP III	奇怪竜【ＳＰ】Ⅲ	ok	ok
melee	1769	Khezu Shriek SP IV	奇怪竜【ＳＰ】Ⅳ	ok	ok
melee	1770	Khezu Shriek SP V	奇怪竜【ＳＰ】Ⅴ	ok	ok
melee	1771	Khezu Shriek SP VI	奇怪竜【ＳＰ】Ⅵ	ok	ok
melee	1772	Khezu Shriek SP VII	奇怪竜【ＳＰ】Ⅶ	ok	ok
melee	1773	Mauve Melody SP I	藕紫旋律【ＳＰ】Ⅰ	ok	ok
melee	1774	Mauve Melody SP II	藕紫旋律【ＳＰ】Ⅱ	ok	ok
melee	1775	Mauve Melody SP III	藕紫旋律【ＳＰ】Ⅲ	ok	ok
melee	1776	Mauve Melody SP IV	藕紫旋律【ＳＰ】Ⅳ	ok	ok
melee	1777	Mauve Melody SP V	藕紫旋律【ＳＰ】Ⅴ	ok	ok
melee	1778	Mauve Melody SP VI	藕紫旋律【ＳＰ】Ⅵ	ok	ok
melee	1779	Mauve Melody SP VII	藕紫旋律【ＳＰ】Ⅶ	ok	ok
melee	1780	Neo Bagpipe SP I	新風笛【ＳＰ】Ⅰ	ok	ok
melee	1781	Neo Bagpipe SP II	新風笛【ＳＰ】Ⅱ	ok	ok
melee	1782	Neo Bagpipe SP III	新風笛【ＳＰ】Ⅲ	ok	ok
melee	1783	Neo Bagpipe SP IV	新風笛【ＳＰ】Ⅳ	ok	ok
melee	1784	Neo Bagpipe SP V	新風笛【ＳＰ】Ⅴ	ok	ok
melee	1785	Neo Bagpipe SP VI	新風笛【ＳＰ】Ⅵ	ok	ok
melee	1786	Neo Bagpipe SP VII	新風笛【ＳＰ】Ⅶ	ok	ok
melee	1787	Nature Conga SP I	自然康加【ＳＰ】Ⅰ	ok	ok
melee	1788	Nature Conga SP II	自然康加【ＳＰ】Ⅱ	ok	ok
melee	1789	Nature Conga SP III	自然康加【ＳＰ】Ⅲ	ok	ok
melee	1790	Nature Conga SP IV	自然康加【ＳＰ】Ⅳ	ok	ok
melee	1791	Nature Conga SP V	自然康加【ＳＰ】Ⅴ	ok	ok
melee	1792	Nature Conga SP VI	自然康加【ＳＰ】Ⅵ	ok	ok
melee	1793	Nature Conga SP VII	自然康加【ＳＰ】Ⅶ	ok	ok
melee	1794	Colonel Lance SP I	上校長槍【ＳＰ】Ⅰ	ok	ok
melee	1795	Colonel Lance SP II	上校長槍【ＳＰ】Ⅱ	ok	ok
melee	1796	Colonel Lance SP III	上校長槍【ＳＰ】Ⅲ	ok	ok
melee	1797	Colonel Lance SP IV	上校長槍【ＳＰ】Ⅳ	ok	ok
melee	1798	Colonel Lance SP V	上校長槍【ＳＰ】Ⅴ	ok	ok
melee	1799	Colonel Lance SP VI	上校長槍【ＳＰ】Ⅵ	ok	ok
melee	1800	Colonel Lance SP VII	上校長槍【ＳＰ】Ⅶ	ok	ok
melee	1801	Green Tail SP I	緑尾【ＳＰ】Ⅰ	ok	ok
melee	1802	Green Tail SP II	緑尾【ＳＰ】Ⅱ	ok	ok
melee	1803	Green Tail SP III	緑尾【ＳＰ】Ⅲ	ok	ok
melee	1804	Green Tail SP IV	緑尾【ＳＰ】Ⅳ	ok	ok
melee	1805	Green Tail SP V	緑尾【ＳＰ】Ⅴ	ok	ok
melee	1806	Green Tail SP VI	緑尾【ＳＰ】Ⅵ	ok	ok
melee	1807	Green Tail SP VII	緑尾【ＳＰ】Ⅶ	ok	ok
melee	1808	Dark Gae Bulg SP I	暗蓋博爾格【ＳＰ】Ⅰ	ok	ok
melee	1809	Dark Gae Bulg SP II	暗蓋博爾格【ＳＰ】Ⅱ	ok	ok
melee	1810	Dark Gae Bulg SP III	暗蓋博爾格【ＳＰ】Ⅲ	ok	ok
melee	1811	Dark Gae Bulg SP IV	暗蓋博爾格【ＳＰ】Ⅳ	ok	ok
melee	1812	Dark Gae Bulg SP V	暗蓋博爾格【ＳＰ】Ⅴ	ok	ok
melee	1813	Dark Gae Bulg SP VI	暗蓋博爾格【ＳＰ】Ⅵ	ok	ok
melee	1814	Dark Gae Bulg SP VII	暗蓋博爾格【ＳＰ】Ⅶ	ok	ok
melee	1815	Special Mech Lnc. SP I	特別機械槍【ＳＰ】Ⅰ	ok	ok
melee	1816	Special Mech Lnc. SP II	特別機械槍【ＳＰ】Ⅱ	ok	ok
melee	1817	Special Mech Lnc. SP III	特別機械槍【ＳＰ】Ⅲ	ok	ok
melee	1818	Special Mech Lnc. SP IV	特別機械槍【ＳＰ】Ⅳ	ok	ok
melee	1819	Special Mech Lnc. SP V	特別機械槍【ＳＰ】Ⅴ	ok	ok
melee	1820	Special Mech Lnc. SP VI	特別機械槍【ＳＰ】Ⅵ	ok	ok
melee	1821	Special Mech Lnc. SP VII	特別機械槍【ＳＰ】Ⅶ	ok	ok
melee	1822	Abyssal Lance SPI	深淵槍Ⅰ	ok	ok
melee	1823	Abyssal Lance SPII	深淵槍Ⅱ	ok	ok
melee	1824	Abyssal Lance SPIII	深淵槍Ⅲ	ok	ok
melee	1825	Abyssal Lance SPIV	深淵槍Ⅳ	ok	ok
melee	1826	Abyssal Lance SPV	深淵槍Ⅴ	ok	ok
melee	1827	Abyssal Lance SPVI	深淵槍Ⅵ	ok	ok
melee	1828	Abyssal Lance SPVII	深淵槍Ⅶ	ok	ok
melee	1829	Skypiercer SP I	貫天【ＳＰ】Ⅰ	ok	ok
melee	1830	Skypiercer SP II	貫天【ＳＰ】Ⅱ	ok	ok
melee	1831	Skypiercer SP III	貫天【ＳＰ】Ⅲ	ok	ok
melee	1832	Skypiercer SP IV	貫天【ＳＰ】Ⅳ	ok	ok
melee	1833	Skypiercer SP V	貫天【ＳＰ】Ⅴ	ok	ok
melee	1834	Skypiercer SP VI	貫天【ＳＰ】Ⅵ	ok	ok
melee	1835	Skypiercer SP VII	貫天【ＳＰ】Ⅶ	ok	ok
melee	1836	Jackhorn SP I	傑克號角【ＳＰ】Ⅰ	ok	ok
melee	1837	Jackhorn SP II	傑克號角【ＳＰ】Ⅱ	ok	ok
melee	1838	Jackhorn SP III	傑克號角【ＳＰ】Ⅲ	ok	ok
melee	1839	Jackhorn SP IV	傑克號角【ＳＰ】Ⅳ	ok	ok
melee	1840	Jackhorn SP V	傑克號角【ＳＰ】Ⅴ	ok	ok
melee	1841	Jackhorn SP VI	傑克號角【ＳＰ】Ⅵ	ok	ok
melee	1842	Jackhorn SP VII	傑克號角【ＳＰ】Ⅶ	ok	ok
melee	1843	Cmmndr's Gunlance SP I	指揮官銃槍【ＳＰ】Ⅰ	ok	ok
melee	1844	Cmmndr's Gunlance SP II	指揮官銃槍【ＳＰ】Ⅱ	ok	ok
melee	1845	Cmmndr's Gunlance SP III	指揮官銃槍【ＳＰ】Ⅲ	ok	ok
melee	1846	Cmmndr's Gunlance SP IV	指揮官銃槍【ＳＰ】Ⅳ	ok	ok
melee	1847	Cmmndr's Gunlance SP V	指揮官銃槍【ＳＰ】Ⅴ	ok	ok
melee	1848	Cmmndr's Gunlance SP VI	指揮官銃槍【ＳＰ】Ⅵ	ok	ok
melee	1849	Cmmndr's Gunlance SP VII	指揮官銃槍【ＳＰ】Ⅶ	ok	ok
melee	1850	Type Ten-0 G.lance SPI	銃槍型十０斯普伊	ok	ok
melee	1851	Type Ten-0 G.lance SPII	銃槍型十０斯普伊伊	ok	ok
melee	1852	Type Ten-0 G.lance SPIII	銃槍型十０斯普伊伊伊	ok	ok
melee	1853	Type Ten-0 G.lance SPIV	銃槍型十０斯普伊維	ok	ok
melee	1854	Type Ten-0 G.lance SPV	銃槍型十０斯普維	ok	ok
melee	1855	Type Ten-0 G.lance SPVI	銃槍型十０斯普維伊	ok	ok
melee	1856	Type Ten-0 G.lance SPVII	銃槍型十０斯普維伊伊	ok	ok
melee	1857	Dead Wing SP I	死翼【ＳＰ】Ⅰ	ok	ok
melee	1858	Dead Wing SP II	死翼【ＳＰ】Ⅱ	ok	ok
melee	1859	Dead Wing SP III	死翼【ＳＰ】Ⅲ	ok	ok
melee	1860	Dead Wing SP IV	死翼【ＳＰ】Ⅳ	ok	ok
melee	1861	Dead Wing SP V	死翼【ＳＰ】Ⅴ	ok	ok
melee	1862	Dead Wing SP VI	死翼【ＳＰ】Ⅵ	ok	ok
melee	1863	Dead Wing SP VII	死翼【ＳＰ】Ⅶ	ok	ok
melee	1864	Yellow Desert SP I	黄沙漠【ＳＰ】Ⅰ	ok	ok
melee	1865	Yellow Desert SP II	黄沙漠【ＳＰ】Ⅱ	ok	ok
melee	1866	Yellow Desert SP III	黄沙漠【ＳＰ】Ⅲ	ok	ok
melee	1867	Yellow Desert SP IV	黄沙漠【ＳＰ】Ⅳ	ok	ok
melee	1868	Yellow Desert SP V	黄沙漠【ＳＰ】Ⅴ	ok	ok
melee	1869	Yellow Desert SP VI	黄沙漠【ＳＰ】Ⅵ	ok	ok
melee	1870	Yellow Desert SP VII	黄沙漠【ＳＰ】Ⅶ	ok	ok
melee	1871	Blue Sky Gunlance SP I	蒼穹銃槍【ＳＰ】Ⅰ	ok	ok
melee	1872	Blue Sky Gunlance SP II	蒼穹銃槍【ＳＰ】Ⅱ	ok	ok
melee	1873	Blue Sky Gunlance SP III	蒼穹銃槍【ＳＰ】Ⅲ	ok	ok
melee	1874	Blue Sky Gunlance SP IV	蒼穹銃槍【ＳＰ】Ⅳ	ok	ok
melee	1875	Blue Sky Gunlance SP V	蒼穹銃槍【ＳＰ】Ⅴ	ok	ok
melee	1876	Blue Sky Gunlance SP VI	蒼穹銃槍【ＳＰ】Ⅵ	ok	ok
melee	1877	Blue Sky Gunlance SP VII	蒼穹銃槍【ＳＰ】Ⅶ	ok	ok
melee	1878	Chrome Rook SP I	克羅姆城堡【ＳＰ】Ⅰ	ok	ok
melee	1879	Chrome Rook SP II	克羅姆城堡【ＳＰ】Ⅱ	ok	ok
melee	1880	Chrome Rook SP III	克羅姆城堡【ＳＰ】Ⅲ	ok	ok
melee	1881	Chrome Rook SP IV	克羅姆城堡【ＳＰ】Ⅳ	ok	ok
melee	1882	Chrome Rook SP V	克羅姆城堡【ＳＰ】Ⅴ	ok	ok
melee	1883	Chrome Rook SP VI	克羅姆城堡【ＳＰ】Ⅵ	ok	ok
melee	1884	Chrome Rook SP VII	克羅姆城堡【ＳＰ】Ⅶ	ok	ok
melee	1885	Meteor Slugger SP I	流星強打【ＳＰ】Ⅰ	ok	ok
melee	1886	Meteor Slugger SP II	流星強打【ＳＰ】Ⅱ	ok	ok
melee	1887	Meteor Slugger SP III	流星強打【ＳＰ】Ⅲ	ok	ok
melee	1888	Meteor Slugger SP IV	流星強打【ＳＰ】Ⅳ	ok	ok
melee	1889	Meteor Slugger SP V	流星強打【ＳＰ】Ⅴ	ok	ok
melee	1890	Meteor Slugger SP VI	流星強打【ＳＰ】Ⅵ	ok	ok
melee	1891	Meteor Slugger SP VII	流星強打【ＳＰ】Ⅶ	ok	ok
melee	1892	Tsurugi SP I	剣【ＳＰ】Ⅰ	ok	ok
melee	1893	Tsurugi SP II	剣【ＳＰ】Ⅱ	ok	ok
melee	1894	Tsurugi SP III	剣【ＳＰ】Ⅲ	ok	ok
melee	1895	Tsurugi SP IV	剣【ＳＰ】Ⅳ	ok	ok
melee	1896	Tsurugi SP V	剣【ＳＰ】Ⅴ	ok	ok
melee	1897	Tsurugi SP VI	剣【ＳＰ】Ⅵ	ok	ok
melee	1898	Tsurugi SP VII	剣【ＳＰ】Ⅶ	ok	ok
melee	1899	Aqua Syphos SP I	水之短剣【ＳＰ】Ⅰ	ok	ok
melee	1900	Aqua Syphos SP II	水之短剣【ＳＰ】Ⅱ	ok	ok
melee	1901	Aqua Syphos SP III	水之短剣【ＳＰ】Ⅲ	ok	ok
melee	1902	Aqua Syphos SP IV	水之短剣【ＳＰ】Ⅳ	ok	ok
melee	1903	Aqua Syphos SP V	水之短剣【ＳＰ】Ⅴ	ok	ok
melee	1904	Aqua Syphos SP VI	水之短剣【ＳＰ】Ⅵ	ok	ok
melee	1905	Aqua Syphos SP VII	水之短剣【ＳＰ】Ⅶ	ok	ok
melee	1906	Brave Blade SP I	勇敢刃【ＳＰ】Ⅰ	ok	ok
melee	1907	Brave Blade SP II	勇敢刃【ＳＰ】Ⅱ	ok	ok
melee	1908	Brave Blade SP III	勇敢刃【ＳＰ】Ⅲ	ok	ok
melee	1909	Brave Blade SP IV	勇敢刃【ＳＰ】Ⅳ	ok	ok
melee	1910	Brave Blade SP V	勇敢刃【ＳＰ】Ⅴ	ok	ok
melee	1911	Brave Blade SP VI	勇敢刃【ＳＰ】Ⅵ	ok	ok
melee	1912	Brave Blade SP VII	勇敢刃【ＳＰ】Ⅶ	ok	ok
melee	1913	Twin Nevi SP I	雙雪原【ＳＰ】Ⅰ	ok	ok
melee	1914	Twin Nevi SP II	雙雪原【ＳＰ】Ⅱ	ok	ok
melee	1915	Twin Nevi SP III	雙雪原【ＳＰ】Ⅲ	ok	ok
melee	1916	Twin Nevi SP IV	雙雪原【ＳＰ】Ⅳ	ok	ok
melee	1917	Twin Nevi SP V	雙雪原【ＳＰ】Ⅴ	ok	ok
melee	1918	Twin Nevi SP VI	雙雪原【ＳＰ】Ⅵ	ok	ok
melee	1919	Twin Nevi SP VII	雙雪原【ＳＰ】Ⅶ	ok	ok
melee	1920	Begrudged Twins SP I	雙怨剣【ＳＰ】Ⅰ	ok	ok
melee	1921	Begrudged Twins SP II	雙怨剣【ＳＰ】Ⅱ	ok	ok
melee	1922	Begrudged Twins SP III	雙怨剣【ＳＰ】Ⅲ	ok	ok
melee	1923	Begrudged Twins SP IV	雙怨剣【ＳＰ】Ⅳ	ok	ok
melee	1924	Begrudged Twins SP V	雙怨剣【ＳＰ】Ⅴ	ok	ok
melee	1925	Begrudged Twins SP VI	雙怨剣【ＳＰ】Ⅵ	ok	ok
melee	1926	Begrudged Twins SP VII	雙怨剣【ＳＰ】Ⅶ	ok	ok
melee	1927	Dragonslayers SP I	屠竜者【ＳＰ】Ⅰ	ok	ok
melee	1928	Dragonslayers SP II	屠竜者【ＳＰ】Ⅱ	ok	ok
melee	1929	Dragonslayers SP III	屠竜者【ＳＰ】Ⅲ	ok	ok
melee	1930	Dragonslayers SP IV	屠竜者【ＳＰ】Ⅳ	ok	ok
melee	1931	Dragonslayers SP V	屠竜者【ＳＰ】Ⅴ	ok	ok
melee	1932	Dragonslayers SP VI	屠竜者【ＳＰ】Ⅵ	ok	ok
melee	1933	Dragonslayers SP VII	屠竜者【ＳＰ】Ⅶ	ok	ok
melee	1934	Iron Greatsword SP I	鐵大剣【ＳＰ】Ⅰ	ok	ok
melee	1935	Iron Greatsword SP II	鐵大剣【ＳＰ】Ⅱ	ok	ok
melee	1936	Iron Greatsword SP III	鐵大剣【ＳＰ】Ⅲ	ok	ok
melee	1937	Iron Greatsword SP IV	鐵大剣【ＳＰ】Ⅳ	ok	ok
melee	1938	Iron Greatsword SP V	鐵大剣【ＳＰ】Ⅴ	ok	ok
melee	1939	Iron Greatsword SP VI	鐵大剣【ＳＰ】Ⅵ	ok	ok
melee	1940	Iron Greatsword SP VII	鐵大剣【ＳＰ】Ⅶ	ok	ok
melee	1941	Sailor Sword SP I	水手剣【ＳＰ】Ⅰ	ok	ok
melee	1942	Sailor Sword SP II	水手剣【ＳＰ】Ⅱ	ok	ok
melee	1943	Sailor Sword SP III	水手剣【ＳＰ】Ⅲ	ok	ok
melee	1944	Sailor Sword SP IV	水手剣【ＳＰ】Ⅳ	ok	ok
melee	1945	Sailor Sword SP V	水手剣【ＳＰ】Ⅴ	ok	ok
melee	1946	Sailor Sword SP VI	水手剣【ＳＰ】Ⅵ	ok	ok
melee	1947	Sailor Sword SP VII	水手剣【ＳＰ】Ⅶ	ok	ok
melee	1948	Cat's Dance SP I	舞猫大剣【ＳＰ】Ⅰ	ok	ok
melee	1949	Cat's Dance SP II	舞猫大剣【ＳＰ】Ⅱ	ok	ok
melee	1950	Cat's Dance SP III	舞猫大剣【ＳＰ】Ⅲ	ok	ok
melee	1951	Cat's Dance SP IV	舞猫大剣【ＳＰ】Ⅳ	ok	ok
melee	1952	Cat's Dance SP V	舞猫大剣【ＳＰ】Ⅴ	ok	ok
melee	1953	Cat's Dance SP VI	舞猫大剣【ＳＰ】Ⅵ	ok	ok
melee	1954	Cat's Dance SP VII	舞猫大剣【ＳＰ】Ⅶ	ok	ok
melee	1955	Blinding Spray SP I	致盲噴霧【ＳＰ】Ⅰ	ok	ok
melee	1956	Blinding Spray SP II	致盲噴霧【ＳＰ】Ⅱ	ok	ok
melee	1957	Blinding Spray SP III	致盲噴霧【ＳＰ】Ⅲ	ok	ok
melee	1958	Blinding Spray SP IV	致盲噴霧【ＳＰ】Ⅳ	ok	ok
melee	1959	Blinding Spray SP V	致盲噴霧【ＳＰ】Ⅴ	ok	ok
melee	1960	Blinding Spray SP VI	致盲噴霧【ＳＰ】Ⅵ	ok	ok
melee	1961	Blinding Spray SP VII	致盲噴霧【ＳＰ】Ⅶ	ok	ok
melee	1962	Dark Claymore SP I	暗闊剣【ＳＰ】Ⅰ	ok	ok
melee	1963	Dark Claymore SP II	暗闊剣【ＳＰ】Ⅱ	ok	ok
melee	1964	Dark Claymore SP III	暗闊剣【ＳＰ】Ⅲ	ok	ok
melee	1965	Dark Claymore SP IV	暗闊剣【ＳＰ】Ⅳ	ok	ok
melee	1966	Dark Claymore SP V	暗闊剣【ＳＰ】Ⅴ	ok	ok
melee	1967	Dark Claymore SP VI	暗闊剣【ＳＰ】Ⅵ	ok	ok
melee	1968	Dark Claymore SP VII	暗闊剣【ＳＰ】Ⅶ	ok	ok
melee	1969	Fngd Bst Slayer SP I	牙獣殺手【ＳＰ】Ⅰ	ok	ok
melee	1970	Fngd Bst Slayer SP II	牙獣殺手【ＳＰ】Ⅱ	ok	ok
melee	1971	Fngd Bst Slayer SP III	牙獣殺手【ＳＰ】Ⅲ	ok	ok
melee	1972	Fngd Bst Slayer SP IV	牙獣殺手【ＳＰ】Ⅳ	ok	ok
melee	1973	Fngd Bst Slayer SP V	牙獣殺手【ＳＰ】Ⅴ	ok	ok
melee	1974	Fngd Bst Slayer SP VI	牙獣殺手【ＳＰ】Ⅵ	ok	ok
melee	1975	Fngd Bst Slayer SP VII	牙獣殺手【ＳＰ】Ⅶ	ok	ok
melee	1976	Asir Warhammer SP I	阿希爾戦錘【ＳＰ】Ⅰ	ok	ok
melee	1977	Asir Warhammer SP II	阿希爾戦錘【ＳＰ】Ⅱ	ok	ok
melee	1978	Asir Warhammer SP III	阿希爾戦錘【ＳＰ】Ⅲ	ok	ok
melee	1979	Asir Warhammer SP IV	阿希爾戦錘【ＳＰ】Ⅳ	ok	ok
melee	1980	Asir Warhammer SP V	阿希爾戦錘【ＳＰ】Ⅴ	ok	ok
melee	1981	Asir Warhammer SP VI	阿希爾戦錘【ＳＰ】Ⅵ	ok	ok
melee	1982	Asir Warhammer SP VII	阿希爾戦錘【ＳＰ】Ⅶ	ok	ok
melee	1983	Poison Relic SP I	毒【ＳＰ】Ⅰ	ok	ok
melee	1984	Poison Relic SP II	毒【ＳＰ】Ⅱ	ok	ok
melee	1985	Poison Relic SP III	毒【ＳＰ】Ⅲ	ok	ok
melee	1986	Poison Relic SP IV	毒【ＳＰ】Ⅳ	ok	ok
melee	1987	Poison Relic SP V	毒【ＳＰ】Ⅴ	ok	ok
melee	1988	Poison Relic SP VI	毒【ＳＰ】Ⅵ	ok	ok
melee	1989	Poison Relic SP VII	毒【ＳＰ】Ⅶ	ok	ok
melee	1990	Super Frying Pan SP I	超級煎鍋【ＳＰ】Ⅰ	ok	ok
melee	1991	Super Frying Pan SP II	超級煎鍋【ＳＰ】Ⅱ	ok	ok
melee	1992	Super Frying Pan SP III	超級煎鍋【ＳＰ】Ⅲ	ok	ok
melee	1993	Super Frying Pan SP IV	超級煎鍋【ＳＰ】Ⅳ	ok	ok
melee	1994	Super Frying Pan SP V	超級煎鍋【ＳＰ】Ⅴ	ok	ok
melee	1995	Super Frying Pan SP VI	超級煎鍋【ＳＰ】Ⅵ	ok	ok
melee	1996	Super Frying Pan SP VII	超級煎鍋【ＳＰ】Ⅶ	ok	ok
melee	1997	Water Horn SP I	水角【ＳＰ】Ⅰ	ok	ok
melee	1998	Water Horn SP II	水角【ＳＰ】Ⅱ	ok	ok
melee	1999	Water Horn SP III	水角【ＳＰ】Ⅲ	ok	ok
melee	2000	Water Horn SP IV	水角【ＳＰ】Ⅳ	ok	ok
melee	2001	Water Horn SP V	水角【ＳＰ】Ⅴ	ok	ok
melee	2002	Water Horn SP VI	水角【ＳＰ】Ⅵ	ok	ok
melee	2003	Water Horn SP VII	水角【ＳＰ】Ⅶ	ok	ok
melee	2004	Sakura Dreamsong SP I	櫻夢歌【ＳＰ】Ⅰ	ok	ok
melee	2005	Sakura Dreamsong SP II	櫻夢歌【ＳＰ】Ⅱ	ok	ok
melee	2006	Sakura Dreamsong SP III	櫻夢歌【ＳＰ】Ⅲ	ok	ok
melee	2007	Sakura Dreamsong SP IV	櫻夢歌【ＳＰ】Ⅳ	ok	ok
melee	2008	Sakura Dreamsong SP V	櫻夢歌【ＳＰ】Ⅴ	ok	ok
melee	2009	Sakura Dreamsong SP VI	櫻夢歌【ＳＰ】Ⅵ	ok	ok
melee	2010	Sakura Dreamsong SP VII	櫻夢歌【ＳＰ】Ⅶ	ok	ok
melee	2011	Kitten Flute SP I	幼猫笛【ＳＰ】Ⅰ	ok	ok
melee	2012	Kitten Flute SP II	幼猫笛【ＳＰ】Ⅱ	ok	ok
melee	2013	Kitten Flute SP III	幼猫笛【ＳＰ】Ⅲ	ok	ok
melee	2014	Kitten Flute SP IV	幼猫笛【ＳＰ】Ⅳ	ok	ok
melee	2015	Kitten Flute SP V	幼猫笛【ＳＰ】Ⅴ	ok	ok
melee	2016	Kitten Flute SP VI	幼猫笛【ＳＰ】Ⅵ	ok	ok
melee	2017	Kitten Flute SP VII	幼猫笛【ＳＰ】Ⅶ	ok	ok
melee	2018	Ziggurat SP I	塔廟【ＳＰ】Ⅰ	ok	ok
melee	2019	Ziggurat SP II	塔廟【ＳＰ】Ⅱ	ok	ok
melee	2020	Ziggurat SP III	塔廟【ＳＰ】Ⅲ	ok	ok
melee	2021	Ziggurat SP IV	塔廟【ＳＰ】Ⅳ	ok	ok
melee	2022	Ziggurat SP V	塔廟【ＳＰ】Ⅴ	ok	ok
melee	2023	Ziggurat SP VI	塔廟【ＳＰ】Ⅵ	ok	ok
melee	2024	Ziggurat SP VII	塔廟【ＳＰ】Ⅶ	ok	ok
melee	2025	Tundra Lance SP I	苔原長槍【ＳＰ】Ⅰ	ok	ok
melee	2026	Tundra Lance SP II	苔原長槍【ＳＰ】Ⅱ	ok	ok
melee	2027	Tundra Lance SP III	苔原長槍【ＳＰ】Ⅲ	ok	ok
melee	2028	Tundra Lance SP IV	苔原長槍【ＳＰ】Ⅳ	ok	ok
melee	2029	Tundra Lance SP V	苔原長槍【ＳＰ】Ⅴ	ok	ok
melee	2030	Tundra Lance SP VI	苔原長槍【ＳＰ】Ⅵ	ok	ok
melee	2031	Tundra Lance SP VII	苔原長槍【ＳＰ】Ⅶ	ok	ok
melee	2032	Raging Stream SP I	激流槍【ＳＰ】Ⅰ	ok	ok
melee	2033	Raging Stream SP II	激流槍【ＳＰ】Ⅱ	ok	ok
melee	2034	Raging Stream SP III	激流槍【ＳＰ】Ⅲ	ok	ok
melee	2035	Raging Stream SP IV	激流槍【ＳＰ】Ⅳ	ok	ok
melee	2036	Raging Stream SP V	激流槍【ＳＰ】Ⅴ	ok	ok
melee	2037	Raging Stream SP VI	激流槍【ＳＰ】Ⅵ	ok	ok
melee	2038	Raging Stream SP VII	激流槍【ＳＰ】Ⅶ	ok	ok
melee	2039	Thunder Sovereign SP I	雷帝銃槍【ＳＰ】Ⅰ	ok	ok
melee	2040	Thunder Sovereign SP II	雷帝銃槍【ＳＰ】Ⅱ	ok	ok
melee	2041	Thunder Sovereign SP III	雷帝銃槍【ＳＰ】Ⅲ	ok	ok
melee	2042	Thunder Sovereign SP IV	雷帝銃槍【ＳＰ】Ⅳ	ok	ok
melee	2043	Thunder Sovereign SP V	雷帝銃槍【ＳＰ】Ⅴ	ok	ok
melee	2044	Thunder Sovereign SP VI	雷帝銃槍【ＳＰ】Ⅵ	ok	ok
melee	2045	Thunder Sovereign SP VII	雷帝銃槍【ＳＰ】Ⅶ	ok	ok
melee	2046	Blaze Cannonlance SP I	火炎大筒槍【ＳＰ】Ⅰ	ok	ok
melee	2047	Blaze Cannonlance SP II	火炎大筒槍【ＳＰ】Ⅱ	ok	ok
melee	2048	Blaze Cannonlance SP III	火炎大筒槍【ＳＰ】Ⅲ	ok	ok
melee	2049	Blaze Cannonlance SP IV	火炎大筒槍【ＳＰ】Ⅳ	ok	ok
melee	2050	Blaze Cannonlance SP V	火炎大筒槍【ＳＰ】Ⅴ	ok	ok
melee	2051	Blaze Cannonlance SP VI	火炎大筒槍【ＳＰ】Ⅵ	ok	ok
melee	2052	Blaze Cannonlance SP VII	火炎大筒槍【ＳＰ】Ⅶ	ok	ok
melee	2053	Ice Strike SP I	冰撃【ＳＰ】Ⅰ	ok	ok
melee	2054	Ice Strike SP II	冰撃【ＳＰ】Ⅱ	ok	ok
melee	2055	Ice Strike SP III	冰撃【ＳＰ】Ⅲ	ok	ok
melee	2056	Ice Strike SP IV	冰撃【ＳＰ】Ⅳ	ok	ok
melee	2057	Ice Strike SP V	冰撃【ＳＰ】Ⅴ	ok	ok
melee	2058	Ice Strike SP VI	冰撃【ＳＰ】Ⅵ	ok	ok
melee	2059	Ice Strike SP VII	冰撃【ＳＰ】Ⅶ	ok	ok
melee	2060	Foul Dragonsword SP I	邪竜剣【ＳＰ】Ⅰ	ok	ok
melee	2061	Foul Dragonsword SP II	邪竜剣【ＳＰ】Ⅱ	ok	ok
melee	2062	Foul Dragonsword SP III	邪竜剣【ＳＰ】Ⅲ	ok	ok
melee	2063	Foul Dragonsword SP IV	邪竜剣【ＳＰ】Ⅳ	ok	ok
melee	2064	Foul Dragonsword SP V	邪竜剣【ＳＰ】Ⅴ	ok	ok
melee	2065	Foul Dragonsword SP VI	邪竜剣【ＳＰ】Ⅵ	ok	ok
melee	2066	Foul Dragonsword SP VII	邪竜剣【ＳＰ】Ⅶ	ok	ok
melee	2067	Jiraiya Sword SP I	自來也剣【ＳＰ】Ⅰ	ok	ok
melee	2068	Jiraiya Sword SP II	自來也剣【ＳＰ】Ⅱ	ok	ok
melee	2069	Jiraiya Sword SP III	自來也剣【ＳＰ】Ⅲ	ok	ok
melee	2070	Jiraiya Sword SP IV	自來也剣【ＳＰ】Ⅳ	ok	ok
melee	2071	Jiraiya Sword SP V	自來也剣【ＳＰ】Ⅴ	ok	ok
melee	2072	Jiraiya Sword SP VI	自來也剣【ＳＰ】Ⅵ	ok	ok
melee	2073	Jiraiya Sword SP VII	自來也剣【ＳＰ】Ⅶ	ok	ok
melee	2074	Twin Monohorns SP I	一角雙【ＳＰ】Ⅰ	ok	ok
melee	2075	Twin Monohorns SP II	一角雙【ＳＰ】Ⅱ	ok	ok
melee	2076	Twin Monohorns SP III	一角雙【ＳＰ】Ⅲ	ok	ok
melee	2077	Twin Monohorns SP IV	一角雙【ＳＰ】Ⅳ	ok	ok
melee	2078	Twin Monohorns SP V	一角雙【ＳＰ】Ⅴ	ok	ok
melee	2079	Twin Monohorns SP VI	一角雙【ＳＰ】Ⅵ	ok	ok
melee	2080	Twin Monohorns SP VII	一角雙【ＳＰ】Ⅶ	ok	ok
melee	2081	Melt Orange SP I	溶解橘剣【ＳＰ】Ⅰ	ok	ok
melee	2082	Melt Orange SP II	溶解橘剣【ＳＰ】Ⅱ	ok	ok
melee	2083	Melt Orange SP III	溶解橘剣【ＳＰ】Ⅲ	ok	ok
melee	2084	Melt Orange SP IV	溶解橘剣【ＳＰ】Ⅳ	ok	ok
melee	2085	Melt Orange SP V	溶解橘剣【ＳＰ】Ⅴ	ok	ok
melee	2086	Melt Orange SP VI	溶解橘剣【ＳＰ】Ⅵ	ok	ok
melee	2087	Melt Orange SP VII	溶解橘剣【ＳＰ】Ⅶ	ok	ok
melee	2088	Calcium SP I	維骨力【ＳＰ】Ⅰ	ok	ok
melee	2089	Calcium SP II	維骨力【ＳＰ】Ⅱ	ok	ok
melee	2090	Calcium SP III	維骨力【ＳＰ】Ⅲ	ok	ok
melee	2091	Calcium SP IV	維骨力【ＳＰ】Ⅳ	ok	ok
melee	2092	Calcium SP V	維骨力【ＳＰ】Ⅴ	ok	ok
melee	2093	Calcium SP VI	維骨力【ＳＰ】Ⅵ	ok	ok
melee	2094	Calcium SP VII	維骨力【ＳＰ】Ⅶ	ok	ok
melee	2095	Poison Demonrod SP I	毒【ＳＰ】Ⅰ	ok	ok
melee	2096	Poison Demonrod SP II	毒【ＳＰ】Ⅱ	ok	ok
melee	2097	Poison Demonrod SP III	毒【ＳＰ】Ⅲ	ok	ok
melee	2098	Poison Demonrod SP IV	毒【ＳＰ】Ⅳ	ok	ok
melee	2099	Poison Demonrod SP V	毒【ＳＰ】Ⅴ	ok	ok
melee	2100	Poison Demonrod SP VI	毒【ＳＰ】Ⅵ	ok	ok
melee	2101	Poison Demonrod SP VII	毒【ＳＰ】Ⅶ	ok	ok
melee	2102	Dragon Halberd SP I	竜戟【ＳＰ】Ⅰ	ok	ok
melee	2103	Dragon Halberd SP II	竜戟【ＳＰ】Ⅱ	ok	ok
melee	2104	Dragon Halberd SP III	竜戟【ＳＰ】Ⅲ	ok	ok
melee	2105	Dragon Halberd SP IV	竜戟【ＳＰ】Ⅳ	ok	ok
melee	2106	Dragon Halberd SP V	竜戟【ＳＰ】Ⅴ	ok	ok
melee	2107	Dragon Halberd SP VI	竜戟【ＳＰ】Ⅵ	ok	ok
melee	2108	Dragon Halberd SP VII	竜戟【ＳＰ】Ⅶ	ok	ok
melee	2109	Felwater Claw SP I	塊切丸【ＳＰ】Ⅰ	ok	ok
melee	2110	Felwater Claw SP II	塊切丸【ＳＰ】Ⅱ	ok	ok
melee	2111	Felwater Claw SP III	塊切丸【ＳＰ】Ⅲ	ok	ok
melee	2112	Felwater Claw SP IV	塊切丸【ＳＰ】Ⅳ	ok	ok
melee	2113	Felwater Claw SP V	塊切丸【ＳＰ】Ⅴ	ok	ok
melee	2114	Felwater Claw SP VI	塊切丸【ＳＰ】Ⅵ	ok	ok
melee	2115	Felwater Claw SP VII	塊切丸【ＳＰ】Ⅶ	ok	ok
melee	2116	Polar Bear SP I	北極熊【ＳＰ】Ⅰ	ok	ok
melee	2117	Polar Bear SP II	北極熊【ＳＰ】Ⅱ	ok	ok
melee	2118	Polar Bear SP III	北極熊【ＳＰ】Ⅲ	ok	ok
melee	2119	Polar Bear SP IV	北極熊【ＳＰ】Ⅳ	ok	ok
melee	2120	Polar Bear SP V	北極熊【ＳＰ】Ⅴ	ok	ok
melee	2121	Polar Bear SP VI	北極熊【ＳＰ】Ⅵ	ok	ok
melee	2122	Polar Bear SP VII	北極熊【ＳＰ】Ⅶ	ok	ok
melee	2123	Dragon Masher SP I	竜鐵丸【ＳＰ】Ⅰ	ok	ok
melee	2124	Dragon Masher SP II	竜鐵丸【ＳＰ】Ⅱ	ok	ok
melee	2125	Dragon Masher SP III	竜鐵丸【ＳＰ】Ⅲ	ok	ok
melee	2126	Dragon Masher SP IV	竜鐵丸【ＳＰ】Ⅳ	ok	ok
melee	2127	Dragon Masher SP V	竜鐵丸【ＳＰ】Ⅴ	ok	ok
melee	2128	Dragon Masher SP VI	竜鐵丸【ＳＰ】Ⅵ	ok	ok
melee	2129	Dragon Masher SP VII	竜鐵丸【ＳＰ】Ⅶ	ok	ok
melee	2130	Ice Whistle SP I	冰汽笛【ＳＰ】Ⅰ	ok	ok
melee	2131	Ice Whistle SP II	冰汽笛【ＳＰ】Ⅱ	ok	ok
melee	2132	Ice Whistle SP III	冰汽笛【ＳＰ】Ⅲ	ok	ok
melee	2133	Ice Whistle SP IV	冰汽笛【ＳＰ】Ⅳ	ok	ok
melee	2134	Ice Whistle SP V	冰汽笛【ＳＰ】Ⅴ	ok	ok
melee	2135	Ice Whistle SP VI	冰汽笛【ＳＰ】Ⅵ	ok	ok
melee	2136	Ice Whistle SP VII	冰汽笛【ＳＰ】Ⅶ	ok	ok
melee	2137	Death Trumpet SP I	死之小號【ＳＰ】Ⅰ	ok	ok
melee	2138	Death Trumpet SP II	死之小號【ＳＰ】Ⅱ	ok	ok
melee	2139	Death Trumpet SP III	死之小號【ＳＰ】Ⅲ	ok	ok
melee	2140	Death Trumpet SP IV	死之小號【ＳＰ】Ⅳ	ok	ok
melee	2141	Death Trumpet SP V	死之小號【ＳＰ】Ⅴ	ok	ok
melee	2142	Death Trumpet SP VI	死之小號【ＳＰ】Ⅵ	ok	ok
melee	2143	Death Trumpet SP VII	死之小號【ＳＰ】Ⅶ	ok	ok
melee	2144	Venom Fork SP I	劇毒叉【ＳＰ】Ⅰ	ok	ok
melee	2145	Venom Fork SP II	劇毒叉【ＳＰ】Ⅱ	ok	ok
melee	2146	Venom Fork SP III	劇毒叉【ＳＰ】Ⅲ	ok	ok
melee	2147	Venom Fork SP IV	劇毒叉【ＳＰ】Ⅳ	ok	ok
melee	2148	Venom Fork SP V	劇毒叉【ＳＰ】Ⅴ	ok	ok
melee	2149	Venom Fork SP VI	劇毒叉【ＳＰ】Ⅵ	ok	ok
melee	2150	Venom Fork SP VII	劇毒叉【ＳＰ】Ⅶ	ok	ok
melee	2151	Dream Spear SP I	夢魔槍【ＳＰ】Ⅰ	ok	ok
melee	2152	Dream Spear SP II	夢魔槍【ＳＰ】Ⅱ	ok	ok
melee	2153	Dream Spear SP III	夢魔槍【ＳＰ】Ⅲ	ok	ok
melee	2154	Dream Spear SP IV	夢魔槍【ＳＰ】Ⅳ	ok	ok
melee	2155	Dream Spear SP V	夢魔槍【ＳＰ】Ⅴ	ok	ok
melee	2156	Dream Spear SP VI	夢魔槍【ＳＰ】Ⅵ	ok	ok
melee	2157	Dream Spear SP VII	夢魔槍【ＳＰ】Ⅶ	ok	ok
melee	2158	Hydraulic Gunlnc SP I	水撃銃槍【ＳＰ】Ⅰ	ok	ok
melee	2159	Hydraulic Gunlnc SP II	水撃銃槍【ＳＰ】Ⅱ	ok	ok
melee	2160	Hydraulic Gunlnc SP III	水撃銃槍【ＳＰ】Ⅲ	ok	ok
melee	2161	Hydraulic Gunlnc SP IV	水撃銃槍【ＳＰ】Ⅳ	ok	ok
melee	2162	Hydraulic Gunlnc SP V	水撃銃槍【ＳＰ】Ⅴ	ok	ok
melee	2163	Hydraulic Gunlnc SP VI	水撃銃槍【ＳＰ】Ⅵ	ok	ok
melee	2164	Hydraulic Gunlnc SP VII	水撃銃槍【ＳＰ】Ⅶ	ok	ok
melee	2165	Hellstriker SP I	地獄打撃者【ＳＰ】Ⅰ	ok	ok
melee	2166	Hellstriker SP II	地獄打撃者【ＳＰ】Ⅱ	ok	ok
melee	2167	Hellstriker SP III	地獄打撃者【ＳＰ】Ⅲ	ok	ok
melee	2168	Hellstriker SP IV	地獄打撃者【ＳＰ】Ⅳ	ok	ok
melee	2169	Hellstriker SP V	地獄打撃者【ＳＰ】Ⅴ	ok	ok
melee	2170	Hellstriker SP VI	地獄打撃者【ＳＰ】Ⅵ	ok	ok
melee	2171	Hellstriker SP VII	地獄打撃者【ＳＰ】Ⅶ	ok	ok
melee	2172	Resentful Soul SP I	怨魂【ＳＰ】Ⅰ	ok	ok
melee	2173	Resentful Soul SP II	怨魂【ＳＰ】Ⅱ	ok	ok
melee	2174	Resentful Soul SP III	怨魂【ＳＰ】Ⅲ	ok	ok
melee	2175	Resentful Soul SP IV	怨魂【ＳＰ】Ⅳ	ok	ok
melee	2176	Resentful Soul SP V	怨魂【ＳＰ】Ⅴ	ok	ok
melee	2177	Resentful Soul SP VI	怨魂【ＳＰ】Ⅵ	ok	ok
melee	2178	Resentful Soul SP VII	怨魂【ＳＰ】Ⅶ	ok	ok
melee	2179	Frostbite SP I	霜咬【ＳＰ】Ⅰ	ok	ok
melee	2180	Frostbite SP II	霜咬【ＳＰ】Ⅱ	ok	ok
melee	2181	Frostbite SP III	霜咬【ＳＰ】Ⅲ	ok	ok
melee	2182	Frostbite SP IV	霜咬【ＳＰ】Ⅳ	ok	ok
melee	2183	Frostbite SP V	霜咬【ＳＰ】Ⅴ	ok	ok
melee	2184	Frostbite SP VI	霜咬【ＳＰ】Ⅵ	ok	ok
melee	2185	Frostbite SP VII	霜咬【ＳＰ】Ⅶ	ok	ok
melee	2186	Aglaea SP I	光之女神【ＳＰ】Ⅰ	ok	ok
melee	2187	Aglaea SP II	光之女神【ＳＰ】Ⅱ	ok	ok
melee	2188	Aglaea SP III	光之女神【ＳＰ】Ⅲ	ok	ok
melee	2189	Aglaea SP IV	光之女神【ＳＰ】Ⅳ	ok	ok
melee	2190	Aglaea SP V	光之女神【ＳＰ】Ⅴ	ok	ok
melee	2191	Aglaea SP VI	光之女神【ＳＰ】Ⅵ	ok	ok
melee	2192	Aglaea SP VII	光之女神【ＳＰ】Ⅶ	ok	ok
melee	2193	Insectiferno SP I	蟲獄炎【ＳＰ】Ⅰ	ok	ok
melee	2194	Insectiferno SP II	蟲獄炎【ＳＰ】Ⅱ	ok	ok
melee	2195	Insectiferno SP III	蟲獄炎【ＳＰ】Ⅲ	ok	ok
melee	2196	Insectiferno SP IV	蟲獄炎【ＳＰ】Ⅳ	ok	ok
melee	2197	Insectiferno SP V	蟲獄炎【ＳＰ】Ⅴ	ok	ok
melee	2198	Insectiferno SP VI	蟲獄炎【ＳＰ】Ⅵ	ok	ok
melee	2199	Insectiferno SP VII	蟲獄炎【ＳＰ】Ⅶ	ok	ok
melee	2200	Bounce Blade SP I	彈跳刃【ＳＰ】Ⅰ	ok	ok
melee	2201	Bounce Blade SP II	彈跳刃【ＳＰ】Ⅱ	ok	ok
melee	2202	Bounce Blade SP III	彈跳刃【ＳＰ】Ⅲ	ok	ok
melee	2203	Bounce Blade SP IV	彈跳刃【ＳＰ】Ⅳ	ok	ok
melee	2204	Bounce Blade SP V	彈跳刃【ＳＰ】Ⅴ	ok	ok
melee	2205	Bounce Blade SP VI	彈跳刃【ＳＰ】Ⅵ	ok	ok
melee	2206	Bounce Blade SP VII	彈跳刃【ＳＰ】Ⅶ	ok	ok
melee	2207	Toxic Thorn SP I	帶毒荊棘【ＳＰ】Ⅰ	ok	ok
melee	2208	Toxic Thorn SP II	帶毒荊棘【ＳＰ】Ⅱ	ok	ok
melee	2209	Toxic Thorn SP III	帶毒荊棘【ＳＰ】Ⅲ	ok	ok
melee	2210	Toxic Thorn SP IV	帶毒荊棘【ＳＰ】Ⅳ	ok	ok
melee	2211	Toxic Thorn SP V	帶毒荊棘【ＳＰ】Ⅴ	ok	ok
melee	2212	Toxic Thorn SP VI	帶毒荊棘【ＳＰ】Ⅵ	ok	ok
melee	2213	Toxic Thorn SP VII	帶毒荊棘【ＳＰ】Ⅶ	ok	ok
melee	2214	Tusk Sword SP I	牙剣【ＳＰ】Ⅰ	ok	ok
melee	2215	Tusk Sword SP II	牙剣【ＳＰ】Ⅱ	ok	ok
melee	2216	Tusk Sword SP III	牙剣【ＳＰ】Ⅲ	ok	ok
melee	2217	Tusk Sword SP IV	牙剣【ＳＰ】Ⅳ	ok	ok
melee	2218	Tusk Sword SP V	牙剣【ＳＰ】Ⅴ	ok	ok
melee	2219	Tusk Sword SP VI	牙剣【ＳＰ】Ⅵ	ok	ok
melee	2220	Tusk Sword SP VII	牙剣【ＳＰ】Ⅶ	ok	ok
melee	2221	Ivory Flame SP I	象牙之炎【ＳＰ】Ⅰ	ok	ok
melee	2222	Ivory Flame SP II	象牙之炎【ＳＰ】Ⅱ	ok	ok
melee	2223	Ivory Flame SP III	象牙之炎【ＳＰ】Ⅲ	ok	ok
melee	2224	Ivory Flame SP IV	象牙之炎【ＳＰ】Ⅳ	ok	ok
melee	2225	Ivory Flame SP V	象牙之炎【ＳＰ】Ⅴ	ok	ok
melee	2226	Ivory Flame SP VI	象牙之炎【ＳＰ】Ⅵ	ok	ok
melee	2227	Ivory Flame SP VII	象牙之炎【ＳＰ】Ⅶ	ok	ok
melee	2228	Burst Hammer SP I	爆碎大錘【ＳＰ】Ⅰ	ok	ok
melee	2229	Burst Hammer SP II	爆碎大錘【ＳＰ】Ⅱ	ok	ok
melee	2230	Burst Hammer SP III	爆碎大錘【ＳＰ】Ⅲ	ok	ok
melee	2231	Burst Hammer SP IV	爆碎大錘【ＳＰ】Ⅳ	ok	ok
melee	2232	Burst Hammer SP V	爆碎大錘【ＳＰ】Ⅴ	ok	ok
melee	2233	Burst Hammer SP VI	爆碎大錘【ＳＰ】Ⅵ	ok	ok
melee	2234	Burst Hammer SP VII	爆碎大錘【ＳＰ】Ⅶ	ok	ok
melee	2235	Basarios Burst SP I	岩竜【ＳＰ】Ⅰ	ok	ok
melee	2236	Basarios Burst SP II	岩竜【ＳＰ】Ⅱ	ok	ok
melee	2237	Basarios Burst SP III	岩竜【ＳＰ】Ⅲ	ok	ok
melee	2238	Basarios Burst SP IV	岩竜【ＳＰ】Ⅳ	ok	ok
melee	2239	Basarios Burst SP V	岩竜【ＳＰ】Ⅴ	ok	ok
melee	2240	Basarios Burst SP VI	岩竜【ＳＰ】Ⅵ	ok	ok
melee	2241	Basarios Burst SP VII	岩竜【ＳＰ】Ⅶ	ok	ok
melee	2242	Decapoda Reggios SP I	阿斯芭里喬【ＳＰ】Ⅰ	ok	ok
melee	2243	Decapoda Reggios SP II	阿斯芭里喬【ＳＰ】Ⅱ	ok	ok
melee	2244	Decapoda Reggios SP III	阿斯芭里喬【ＳＰ】Ⅲ	ok	ok
melee	2245	Decapoda Reggios SP IV	阿斯芭里喬【ＳＰ】Ⅳ	ok	ok
melee	2246	Decapoda Reggios SP V	阿斯芭里喬【ＳＰ】Ⅴ	ok	ok
melee	2247	Decapoda Reggios SP VI	阿斯芭里喬【ＳＰ】Ⅵ	ok	ok
melee	2248	Decapoda Reggios SP VII	阿斯芭里喬【ＳＰ】Ⅶ	ok	ok
melee	2249	Silver Axe SP I	銀斧【ＳＰ】Ⅰ	ok	ok
melee	2250	Silver Axe SP II	銀斧【ＳＰ】Ⅱ	ok	ok
melee	2251	Silver Axe SP III	銀斧【ＳＰ】Ⅲ	ok	ok
melee	2252	Silver Axe SP IV	銀斧【ＳＰ】Ⅳ	ok	ok
melee	2253	Silver Axe SP V	銀斧【ＳＰ】Ⅴ	ok	ok
melee	2254	Silver Axe SP VI	銀斧【ＳＰ】Ⅵ	ok	ok
melee	2255	Silver Axe SP VII	銀斧【ＳＰ】Ⅶ	ok	ok
melee	2256	Void Sucker SP I	虚空吸盤【ＳＰ】Ⅰ	ok	ok
melee	2257	Void Sucker SP II	虚空吸盤【ＳＰ】Ⅱ	ok	ok
melee	2258	Void Sucker SP III	虚空吸盤【ＳＰ】Ⅲ	ok	ok
melee	2259	Void Sucker SP IV	虚空吸盤【ＳＰ】Ⅳ	ok	ok
melee	2260	Void Sucker SP V	虚空吸盤【ＳＰ】Ⅴ	ok	ok
melee	2261	Void Sucker SP VI	虚空吸盤【ＳＰ】Ⅵ	ok	ok
melee	2262	Void Sucker SP VII	虚空吸盤【ＳＰ】Ⅶ	ok	ok
melee	2263	La Fragrance SP I	究極芬芳【ＳＰ】Ⅰ	ok	ok
melee	2264	La Fragrance SP II	究極芬芳【ＳＰ】Ⅱ	ok	ok
melee	2265	La Fragrance SP III	究極芬芳【ＳＰ】Ⅲ	ok	ok
melee	2266	La Fragrance SP IV	究極芬芳【ＳＰ】Ⅳ	ok	ok
melee	2267	La Fragrance SP V	究極芬芳【ＳＰ】Ⅴ	ok	ok
melee	2268	La Fragrance SP VI	究極芬芳【ＳＰ】Ⅵ	ok	ok
melee	2269	La Fragrance SP VII	究極芬芳【ＳＰ】Ⅶ	ok	ok
melee	2270	Gunspear Kulugaru SP I	聰慧銃槍【ＳＰ】Ⅰ	ok	ok
melee	2271	Gunspear Kulugaru SP II	聰慧銃槍【ＳＰ】Ⅱ	ok	ok
melee	2272	Gunspear Kulugaru SP III	聰慧銃槍【ＳＰ】Ⅲ	ok	ok
melee	2273	Gunspear Kulugaru SP IV	聰慧銃槍【ＳＰ】Ⅳ	ok	ok
melee	2274	Gunspear Kulugaru SP V	聰慧銃槍【ＳＰ】Ⅴ	ok	ok
melee	2275	Gunspear Kulugaru SP VI	聰慧銃槍【ＳＰ】Ⅵ	ok	ok
melee	2276	Gunspear Kulugaru SP VII	聰慧銃槍【ＳＰ】Ⅶ	ok	ok
melee	2277	Sea Angler SP I	大海釣師【ＳＰ】Ⅰ	ok	ok
melee	2278	Sea Angler SP II	大海釣師【ＳＰ】Ⅱ	ok	ok
melee	2279	Sea Angler SP III	大海釣師【ＳＰ】Ⅲ	ok	ok
melee	2280	Sea Angler SP IV	大海釣師【ＳＰ】Ⅳ	ok	ok
melee	2281	Sea Angler SP V	大海釣師【ＳＰ】Ⅴ	ok	ok
melee	2282	Sea Angler SP VI	大海釣師【ＳＰ】Ⅵ	ok	ok
melee	2283	Sea Angler SP VII	大海釣師【ＳＰ】Ⅶ	ok	ok
melee	2284	Snowtail SP I	雪尾【ＳＰ】Ⅰ	ok	ok
melee	2285	Snowtail SP II	雪尾【ＳＰ】Ⅱ	ok	ok
melee	2286	Snowtail SP III	雪尾【ＳＰ】Ⅲ	ok	ok
melee	2287	Snowtail SP IV	雪尾【ＳＰ】Ⅳ	ok	ok
melee	2288	Snowtail SP V	雪尾【ＳＰ】Ⅴ	ok	ok
melee	2289	Snowtail SP VI	雪尾【ＳＰ】Ⅵ	ok	ok
melee	2290	Snowtail SP VII	雪尾【ＳＰ】Ⅶ	ok	ok
melee	2291	Caldoflare SP I	地獄焔息【ＳＰ】Ⅰ	ok	ok
melee	2292	Caldoflare SP II	地獄焔息【ＳＰ】Ⅱ	ok	ok
melee	2293	Caldoflare SP III	地獄焔息【ＳＰ】Ⅲ	ok	ok
melee	2294	Caldoflare SP IV	地獄焔息【ＳＰ】Ⅳ	ok	ok
melee	2295	Caldoflare SP V	地獄焔息【ＳＰ】Ⅴ	ok	ok
melee	2296	Caldoflare SP VI	地獄焔息【ＳＰ】Ⅵ	ok	ok
melee	2297	Caldoflare SP VII	地獄焔息【ＳＰ】Ⅶ	ok	ok
melee	2298	Caisson Pair SP I	彈藥箱對【ＳＰ】Ⅰ	ok	ok
melee	2299	Caisson Pair SP II	彈藥箱對【ＳＰ】Ⅱ	ok	ok
melee	2300	Caisson Pair SP III	彈藥箱對【ＳＰ】Ⅲ	ok	ok
melee	2301	Caisson Pair SP IV	彈藥箱對【ＳＰ】Ⅳ	ok	ok
melee	2302	Caisson Pair SP V	彈藥箱對【ＳＰ】Ⅴ	ok	ok
melee	2303	Caisson Pair SP VI	彈藥箱對【ＳＰ】Ⅵ	ok	ok
melee	2304	Caisson Pair SP VII	彈藥箱對【ＳＰ】Ⅶ	ok	ok
melee	2305	Crazy Cooking SP I	瘋狂料理【ＳＰ】Ⅰ	ok	ok
melee	2306	Crazy Cooking SP II	瘋狂料理【ＳＰ】Ⅱ	ok	ok
melee	2307	Crazy Cooking SP III	瘋狂料理【ＳＰ】Ⅲ	ok	ok
melee	2308	Crazy Cooking SP IV	瘋狂料理【ＳＰ】Ⅳ	ok	ok
melee	2309	Crazy Cooking SP V	瘋狂料理【ＳＰ】Ⅴ	ok	ok
melee	2310	Crazy Cooking SP VI	瘋狂料理【ＳＰ】Ⅵ	ok	ok
melee	2311	Crazy Cooking SP VII	瘋狂料理【ＳＰ】Ⅶ	ok	ok
melee	2312	Gigant Claw SP I	巨人之爪【ＳＰ】Ⅰ	ok	ok
melee	2313	Gigant Claw SP II	巨人之爪【ＳＰ】Ⅱ	ok	ok
melee	2314	Gigant Claw SP III	巨人之爪【ＳＰ】Ⅲ	ok	ok
melee	2315	Gigant Claw SP IV	巨人之爪【ＳＰ】Ⅳ	ok	ok
melee	2316	Gigant Claw SP V	巨人之爪【ＳＰ】Ⅴ	ok	ok
melee	2317	Gigant Claw SP VI	巨人之爪【ＳＰ】Ⅵ	ok	ok
melee	2318	Gigant Claw SP VII	巨人之爪【ＳＰ】Ⅶ	ok	ok
melee	2319	Monolith Plate SP I	巨岩板【ＳＰ】Ⅰ	ok	ok
melee	2320	Monolith Plate SP II	巨岩板【ＳＰ】Ⅱ	ok	ok
melee	2321	Monolith Plate SP III	巨岩板【ＳＰ】Ⅲ	ok	ok
melee	2322	Monolith Plate SP IV	巨岩板【ＳＰ】Ⅳ	ok	ok
melee	2323	Monolith Plate SP V	巨岩板【ＳＰ】Ⅴ	ok	ok
melee	2324	Monolith Plate SP VI	巨岩板【ＳＰ】Ⅵ	ok	ok
melee	2325	Monolith Plate SP VII	巨岩板【ＳＰ】Ⅶ	ok	ok
melee	2326	Charming Scythe SP I	魅惑鎌【ＳＰ】Ⅰ	ok	ok
melee	2327	Charming Scythe SP II	魅惑鎌【ＳＰ】Ⅱ	ok	ok
melee	2328	Charming Scythe SP III	魅惑鎌【ＳＰ】Ⅲ	ok	ok
melee	2329	Charming Scythe SP IV	魅惑鎌【ＳＰ】Ⅳ	ok	ok
melee	2330	Charming Scythe SP V	魅惑鎌【ＳＰ】Ⅴ	ok	ok
melee	2331	Charming Scythe SP VI	魅惑鎌【ＳＰ】Ⅵ	ok	ok
melee	2332	Charming Scythe SP VII	魅惑鎌【ＳＰ】Ⅶ	ok	ok
melee	2333	Khrysos SP I	黄金【ＳＰ】Ⅰ	ok	ok
melee	2334	Khrysos SP II	黄金【ＳＰ】Ⅱ	ok	ok
melee	2335	Khrysos SP III	黄金【ＳＰ】Ⅲ	ok	ok
melee	2336	Khrysos SP IV	黄金【ＳＰ】Ⅳ	ok	ok
melee	2337	Khrysos SP V	黄金【ＳＰ】Ⅴ	ok	ok
melee	2338	Khrysos SP VI	黄金【ＳＰ】Ⅵ	ok	ok
melee	2339	Khrysos SP VII	黄金【ＳＰ】Ⅶ	ok	ok
melee	2340	Sphr. Hyperborea SP I	藍寶破壞【ＳＰ】Ⅰ	ok	ok
melee	2341	Sphr. Hyperborea SP II	藍寶破壞【ＳＰ】Ⅱ	ok	ok
melee	2342	Sphr. Hyperborea SP III	藍寶破壞【ＳＰ】Ⅲ	ok	ok
melee	2343	Sphr. Hyperborea SP IV	藍寶破壞【ＳＰ】Ⅳ	ok	ok
melee	2344	Sphr. Hyperborea SP V	藍寶破壞【ＳＰ】Ⅴ	ok	ok
melee	2345	Sphr. Hyperborea SP VI	藍寶破壞【ＳＰ】Ⅵ	ok	ok
melee	2346	Sphr. Hyperborea SP VII	藍寶破壞【ＳＰ】Ⅶ	ok	ok
melee	2347	Golden Bomb SP I	黄金炸彈【ＳＰ】Ⅰ	ok	ok
melee	2348	Golden Bomb SP II	黄金炸彈【ＳＰ】Ⅱ	ok	ok
melee	2349	Golden Bomb SP III	黄金炸彈【ＳＰ】Ⅲ	ok	ok
melee	2350	Golden Bomb SP IV	黄金炸彈【ＳＰ】Ⅳ	ok	ok
melee	2351	Golden Bomb SP V	黄金炸彈【ＳＰ】Ⅴ	ok	ok
melee	2352	Golden Bomb SP VI	黄金炸彈【ＳＰ】Ⅵ	ok	ok
melee	2353	Golden Bomb SP VII	黄金炸彈【ＳＰ】Ⅶ	ok	ok
melee	2354	Gran Phaios SP I	格拉法伊歐斯【ＳＰ】Ⅰ	ok	ok
melee	2355	Gran Phaios SP II	格拉法伊歐斯【ＳＰ】Ⅱ	ok	ok
melee	2356	Gran Phaios SP III	格拉法伊歐斯【ＳＰ】Ⅲ	ok	ok
melee	2357	Gran Phaios SP IV	格拉法伊歐斯【ＳＰ】Ⅳ	ok	ok
melee	2358	Gran Phaios SP V	格拉法伊歐斯【ＳＰ】Ⅴ	ok	ok
melee	2359	Gran Phaios SP VI	格拉法伊歐斯【ＳＰ】Ⅵ	ok	ok
melee	2360	Gran Phaios SP VII	格拉法伊歐斯【ＳＰ】Ⅶ	ok	ok
melee	2361	Tubo Rosso SP I	紅管【ＳＰ】Ⅰ	ok	ok
melee	2362	Tubo Rosso SP II	紅管【ＳＰ】Ⅱ	ok	ok
melee	2363	Tubo Rosso SP III	紅管【ＳＰ】Ⅲ	ok	ok
melee	2364	Tubo Rosso SP IV	紅管【ＳＰ】Ⅳ	ok	ok
melee	2365	Tubo Rosso SP V	紅管【ＳＰ】Ⅴ	ok	ok
melee	2366	Tubo Rosso SP VI	紅管【ＳＰ】Ⅵ	ok	ok
melee	2367	Tubo Rosso SP VII	紅管【ＳＰ】Ⅶ	ok	ok
melee	2368	Amethyst Spear SP I	紫水晶槍【ＳＰ】Ⅰ	ok	ok
melee	2369	Amethyst Spear SP II	紫水晶槍【ＳＰ】Ⅱ	ok	ok
melee	2370	Amethyst Spear SP III	紫水晶槍【ＳＰ】Ⅲ	ok	ok
melee	2371	Amethyst Spear SP IV	紫水晶槍【ＳＰ】Ⅳ	ok	ok
melee	2372	Amethyst Spear SP V	紫水晶槍【ＳＰ】Ⅴ	ok	ok
melee	2373	Amethyst Spear SP VI	紫水晶槍【ＳＰ】Ⅵ	ok	ok
melee	2374	Amethyst Spear SP VII	紫水晶槍【ＳＰ】Ⅶ	ok	ok
melee	2375	Blau Sieger SP I	藍勝者【ＳＰ】Ⅰ	ok	ok
melee	2376	Blau Sieger SP II	藍勝者【ＳＰ】Ⅱ	ok	ok
melee	2377	Blau Sieger SP III	藍勝者【ＳＰ】Ⅲ	ok	ok
melee	2378	Blau Sieger SP IV	藍勝者【ＳＰ】Ⅳ	ok	ok
melee	2379	Blau Sieger SP V	藍勝者【ＳＰ】Ⅴ	ok	ok
melee	2380	Blau Sieger SP VI	藍勝者【ＳＰ】Ⅵ	ok	ok
melee	2381	Blau Sieger SP VII	藍勝者【ＳＰ】Ⅶ	ok	ok
melee	2382	Buccaneer Lance SP I	海盜長槍【ＳＰ】Ⅰ	ok	ok
melee	2383	Buccaneer Lance SP II	海盜長槍【ＳＰ】Ⅱ	ok	ok
melee	2384	Buccaneer Lance SP III	海盜長槍【ＳＰ】Ⅲ	ok	ok
melee	2385	Buccaneer Lance SP IV	海盜長槍【ＳＰ】Ⅳ	ok	ok
melee	2386	Buccaneer Lance SP V	海盜長槍【ＳＰ】Ⅴ	ok	ok
melee	2387	Buccaneer Lance SP VI	海盜長槍【ＳＰ】Ⅵ	ok	ok
melee	2388	Buccaneer Lance SP VII	海盜長槍【ＳＰ】Ⅶ	ok	ok
melee	2389	Vivere Libro SP I	生存之書【ＳＰ】Ⅰ	ok	ok
melee	2390	Vivere Libro SP II	生存之書【ＳＰ】Ⅱ	ok	ok
melee	2391	Vivere Libro SP III	生存之書【ＳＰ】Ⅲ	ok	ok
melee	2392	Vivere Libro SP IV	生存之書【ＳＰ】Ⅳ	ok	ok
melee	2393	Vivere Libro SP V	生存之書【ＳＰ】Ⅴ	ok	ok
melee	2394	Vivere Libro SP VI	生存之書【ＳＰ】Ⅵ	ok	ok
melee	2395	Vivere Libro SP VII	生存之書【ＳＰ】Ⅶ	ok	ok
melee	2396	Antiquity SP I	古代【ＳＰ】Ⅰ	ok	ok
melee	2397	Antiquity SP II	古代【ＳＰ】Ⅱ	ok	ok
melee	2398	Antiquity SP III	古代【ＳＰ】Ⅲ	ok	ok
melee	2399	Antiquity SP IV	古代【ＳＰ】Ⅳ	ok	ok
melee	2400	Antiquity SP V	古代【ＳＰ】Ⅴ	ok	ok
melee	2401	Antiquity SP VI	古代【ＳＰ】Ⅵ	ok	ok
melee	2402	Antiquity SP VII	古代【ＳＰ】Ⅶ	ok	ok
melee	2403	Amatera SP I	天照【ＳＰ】Ⅰ	ok	ok
melee	2404	Amatera SP II	天照【ＳＰ】Ⅱ	ok	ok
melee	2405	Amatera SP III	天照【ＳＰ】Ⅲ	ok	ok
melee	2406	Amatera SP IV	天照【ＳＰ】Ⅳ	ok	ok
melee	2407	Amatera SP V	天照【ＳＰ】Ⅴ	ok	ok
melee	2408	Amatera SP VI	天照【ＳＰ】Ⅵ	ok	ok
melee	2409	Amatera SP VII	天照【ＳＰ】Ⅶ	ok	ok
melee	2410	Dual Horns SP I	雙角【ＳＰ】Ⅰ	ok	ok
melee	2411	Dual Horns SP II	雙角【ＳＰ】Ⅱ	ok	ok
melee	2412	Dual Horns SP III	雙角【ＳＰ】Ⅲ	ok	ok
melee	2413	Dual Horns SP IV	雙角【ＳＰ】Ⅳ	ok	ok
melee	2414	Dual Horns SP V	雙角【ＳＰ】Ⅴ	ok	ok
melee	2415	Dual Horns SP VI	雙角【ＳＰ】Ⅵ	ok	ok
melee	2416	Dual Horns SP VII	雙角【ＳＰ】Ⅶ	ok	ok
melee	2417	Flare Shredders SP I	閃焔撕裂【ＳＰ】Ⅰ	ok	ok
melee	2418	Flare Shredders SP II	閃焔撕裂【ＳＰ】Ⅱ	ok	ok
melee	2419	Flare Shredders SP III	閃焔撕裂【ＳＰ】Ⅲ	ok	ok
melee	2420	Flare Shredders SP IV	閃焔撕裂【ＳＰ】Ⅳ	ok	ok
melee	2421	Flare Shredders SP V	閃焔撕裂【ＳＰ】Ⅴ	ok	ok
melee	2422	Flare Shredders SP VI	閃焔撕裂【ＳＰ】Ⅵ	ok	ok
melee	2423	Flare Shredders SP VII	閃焔撕裂【ＳＰ】Ⅶ	ok	ok
melee	2424	Copper Coin SP I	銅幣【ＳＰ】Ⅰ	ok	ok
melee	2425	Copper Coin SP II	銅幣【ＳＰ】Ⅱ	ok	ok
melee	2426	Copper Coin SP III	銅幣【ＳＰ】Ⅲ	ok	ok
melee	2427	Copper Coin SP IV	銅幣【ＳＰ】Ⅳ	ok	ok
melee	2428	Copper Coin SP V	銅幣【ＳＰ】Ⅴ	ok	ok
melee	2429	Copper Coin SP VI	銅幣【ＳＰ】Ⅵ	ok	ok
melee	2430	Copper Coin SP VII	銅幣【ＳＰ】Ⅶ	ok	ok
melee	2431	Drago Blade SP I	竜刃【ＳＰ】Ⅰ	ok	ok
melee	2432	Drago Blade SP II	竜刃【ＳＰ】Ⅱ	ok	ok
melee	2433	Drago Blade SP III	竜刃【ＳＰ】Ⅲ	ok	ok
melee	2434	Drago Blade SP IV	竜刃【ＳＰ】Ⅳ	ok	ok
melee	2435	Drago Blade SP V	竜刃【ＳＰ】Ⅴ	ok	ok
melee	2436	Drago Blade SP VI	竜刃【ＳＰ】Ⅵ	ok	ok
melee	2437	Drago Blade SP VII	竜刃【ＳＰ】Ⅶ	ok	ok
melee	2438	White Katana Mk.I SP I	白一式刀【ＳＰ】Ⅰ	ok	ok
melee	2439	White Katana Mk.I SP II	白一式刀【ＳＰ】Ⅱ	ok	ok
melee	2440	White Katana Mk.I SP III	白一式刀【ＳＰ】Ⅲ	ok	ok
melee	2441	White Katana Mk.I SP IV	白一式刀【ＳＰ】Ⅳ	ok	ok
melee	2442	White Katana Mk.I SP V	白一式刀【ＳＰ】Ⅴ	ok	ok
melee	2443	White Katana Mk.I SP VI	白一式刀【ＳＰ】Ⅵ	ok	ok
melee	2444	White Katana Mk.I SP VII	白一式刀【ＳＰ】Ⅶ	ok	ok
melee	2445	Sealed Wht Flm LS SP I	封焔刀【白焔】SP	ok	ok
melee	2446	Sealed Wht Flm LS SP II	封焔刀【白焔】SP	ok	ok
melee	2447	Sealed Wht Flm LS SP III	封焔刀【白焔】SP	ok	ok
melee	2448	Sealed Wht Flm LS SP IV	封焔刀【白焔】SP	ok	ok
melee	2449	Sealed Wht Flm LS SP V	封焔刀【白焔】SP	ok	ok
melee	2450	Sealed Wht Flm LS SP VI	封焔刀【白焔】SP	ok	ok
melee	2451	Sealed Wht Flm LS SP VII	封焔刀【白焔】SP	ok	ok
melee	2452	Raging Fist SP I	怒拳【ＳＰ】Ⅰ	ok	ok
melee	2453	Raging Fist SP II	怒拳【ＳＰ】Ⅱ	ok	ok
melee	2454	Raging Fist SP III	怒拳【ＳＰ】Ⅲ	ok	ok
melee	2455	Raging Fist SP IV	怒拳【ＳＰ】Ⅳ	ok	ok
melee	2456	Raging Fist SP V	怒拳【ＳＰ】Ⅴ	ok	ok
melee	2457	Raging Fist SP VI	怒拳【ＳＰ】Ⅵ	ok	ok
melee	2458	Raging Fist SP VII	怒拳【ＳＰ】Ⅶ	ok	ok
melee	2459	Charon's Foe SPI	克哈阿爾歐恩之敵Ⅰ	bad	phonetic_salad
melee	2460	Charon's Foe SPII	克哈阿爾歐恩之敵Ⅱ	bad	phonetic_salad
melee	2461	Charon's Foe SPIII	克哈阿爾歐恩之敵Ⅲ	bad	phonetic_salad
melee	2462	Charon's Foe SPIV	克哈阿爾歐恩之敵Ⅳ	bad	phonetic_salad
melee	2463	Charon's Foe SPV	克哈阿爾歐恩之敵Ⅴ	bad	phonetic_salad
melee	2464	Charon's Foe SPVI	克哈阿爾歐恩之敵Ⅵ	bad	phonetic_salad
melee	2465	Charon's Foe SPVII	克哈阿爾歐恩之敵Ⅶ	bad	phonetic_salad
melee	2466	Gold Soil SP I	金土【ＳＰ】Ⅰ	ok	ok
melee	2467	Gold Soil SP II	金土【ＳＰ】Ⅱ	ok	ok
melee	2468	Gold Soil SP III	金土【ＳＰ】Ⅲ	ok	ok
melee	2469	Gold Soil SP IV	金土【ＳＰ】Ⅳ	ok	ok
melee	2470	Gold Soil SP V	金土【ＳＰ】Ⅴ	ok	ok
melee	2471	Gold Soil SP VI	金土【ＳＰ】Ⅵ	ok	ok
melee	2472	Gold Soil SP VII	金土【ＳＰ】Ⅶ	ok	ok
melee	2473	Dragonbone Flute SP I	竜骨笛【ＳＰ】Ⅰ	ok	ok
melee	2474	Dragonbone Flute SP II	竜骨笛【ＳＰ】Ⅱ	ok	ok
melee	2475	Dragonbone Flute SP III	竜骨笛【ＳＰ】Ⅲ	ok	ok
melee	2476	Dragonbone Flute SP IV	竜骨笛【ＳＰ】Ⅳ	ok	ok
melee	2477	Dragonbone Flute SP V	竜骨笛【ＳＰ】Ⅴ	ok	ok
melee	2478	Dragonbone Flute SP VI	竜骨笛【ＳＰ】Ⅵ	ok	ok
melee	2479	Dragonbone Flute SP VII	竜骨笛【ＳＰ】Ⅶ	ok	ok
melee	2480	Schlange Weiss SPI	懷斯斯克哈勒阿恩格艾Ⅰ	bad	phonetic_salad
melee	2481	Schlange Weiss SPII	懷斯斯克哈勒阿恩格艾Ⅱ	bad	phonetic_salad
melee	2482	Schlange Weiss SPIII	懷斯斯克哈勒阿恩格艾Ⅲ	bad	phonetic_salad
melee	2483	Schlange Weiss SPIV	懷斯斯克哈勒阿恩格艾Ⅳ	bad	phonetic_salad
melee	2484	Schlange Weiss SPV	懷斯斯克哈勒阿恩格艾Ⅴ	bad	phonetic_salad
melee	2485	Schlange Weiss SPVI	懷斯斯克哈勒阿恩格艾Ⅵ	bad	phonetic_salad
melee	2486	Schlange Weiss SPVII	懷斯斯克哈勒阿恩格艾Ⅶ	bad	phonetic_salad
melee	2487	Coldsteel End SPI	克歐勒德斯特艾艾終Ⅰ	bad	phonetic_salad
melee	2488	Coldsteel End SPII	克歐勒德斯特艾艾終Ⅱ	bad	phonetic_salad
melee	2489	Coldsteel End SPIII	克歐勒德斯特艾艾終Ⅲ	bad	phonetic_salad
melee	2490	Coldsteel End SPIV	克歐勒德斯特艾艾終Ⅳ	bad	phonetic_salad
melee	2491	Coldsteel End SPV	克歐勒德斯特艾艾終Ⅴ	bad	phonetic_salad
melee	2492	Coldsteel End SPVI	克歐勒德斯特艾艾終Ⅵ	bad	phonetic_salad
melee	2493	Coldsteel End SPVII	克歐勒德斯特艾艾終Ⅶ	bad	phonetic_salad
melee	2494	Warlord Gunlance SP I	戦王銃槍【ＳＰ】Ⅰ	ok	ok
melee	2495	Warlord Gunlance SP II	戦王銃槍【ＳＰ】Ⅱ	ok	ok
melee	2496	Warlord Gunlance SP III	戦王銃槍【ＳＰ】Ⅲ	ok	ok
melee	2497	Warlord Gunlance SP IV	戦王銃槍【ＳＰ】Ⅳ	ok	ok
melee	2498	Warlord Gunlance SP V	戦王銃槍【ＳＰ】Ⅴ	ok	ok
melee	2499	Warlord Gunlance SP VI	戦王銃槍【ＳＰ】Ⅵ	ok	ok
melee	2500	Warlord Gunlance SP VII	戦王銃槍【ＳＰ】Ⅶ	ok	ok
melee	2501	Redwd G-Lance SP I	紅木Ｇ長槍【ＳＰ】Ⅰ	ok	ok
melee	2502	Redwd G-Lance SP II	紅木Ｇ長槍【ＳＰ】Ⅱ	ok	ok
melee	2503	Redwd G-Lance SP III	紅木Ｇ長槍【ＳＰ】Ⅲ	ok	ok
melee	2504	Redwd G-Lance SP IV	紅木Ｇ長槍【ＳＰ】Ⅳ	ok	ok
melee	2505	Redwd G-Lance SP V	紅木Ｇ長槍【ＳＰ】Ⅴ	ok	ok
melee	2506	Redwd G-Lance SP VI	紅木Ｇ長槍【ＳＰ】Ⅵ	ok	ok
melee	2507	Redwd G-Lance SP VII	紅木Ｇ長槍【ＳＰ】Ⅶ	ok	ok
melee	2508	Paralysis Rapier SP I	麻痺細剣【ＳＰ】Ⅰ	ok	ok
melee	2509	Paralysis Rapier SP II	麻痺細剣【ＳＰ】Ⅱ	ok	ok
melee	2510	Paralysis Rapier SP III	麻痺細剣【ＳＰ】Ⅲ	ok	ok
melee	2511	Paralysis Rapier SP IV	麻痺細剣【ＳＰ】Ⅳ	ok	ok
melee	2512	Paralysis Rapier SP V	麻痺細剣【ＳＰ】Ⅴ	ok	ok
melee	2513	Paralysis Rapier SP VI	麻痺細剣【ＳＰ】Ⅵ	ok	ok
melee	2514	Paralysis Rapier SP VII	麻痺細剣【ＳＰ】Ⅶ	ok	ok
melee	2515	White Fang SP I	白牙【ＳＰ】Ⅰ	ok	ok
melee	2516	White Fang SP II	白牙【ＳＰ】Ⅱ	ok	ok
melee	2517	White Fang SP III	白牙【ＳＰ】Ⅲ	ok	ok
melee	2518	White Fang SP IV	白牙【ＳＰ】Ⅳ	ok	ok
melee	2519	White Fang SP V	白牙【ＳＰ】Ⅴ	ok	ok
melee	2520	White Fang SP VI	白牙【ＳＰ】Ⅵ	ok	ok
melee	2521	White Fang SP VII	白牙【ＳＰ】Ⅶ	ok	ok
melee	2522	Black Rose SP I	黑薔薇【ＳＰ】Ⅰ	ok	ok
melee	2523	Black Rose SP II	黑薔薇【ＳＰ】Ⅱ	ok	ok
melee	2524	Black Rose SP III	黑薔薇【ＳＰ】Ⅲ	ok	ok
melee	2525	Black Rose SP IV	黑薔薇【ＳＰ】Ⅳ	ok	ok
melee	2526	Black Rose SP V	黑薔薇【ＳＰ】Ⅴ	ok	ok
melee	2527	Black Rose SP VI	黑薔薇【ＳＰ】Ⅵ	ok	ok
melee	2528	Black Rose SP VII	黑薔薇【ＳＰ】Ⅶ	ok	ok
melee	2529	Black Drgnwood LS SP I	黑竜木太刀SP	ok	ok
melee	2530	Black Drgnwood LS SP II	黑竜木太刀SP	ok	ok
melee	2531	Black Drgnwood LS SP III	黑竜木太刀SP	ok	ok
melee	2532	Black Drgnwood LS SP IV	黑竜木太刀SP	ok	ok
melee	2533	Black Drgnwood LS SP V	黑竜木太刀SP	ok	ok
melee	2534	Black Drgnwood LS SP VI	黑竜木太刀SP	ok	ok
melee	2535	Black Drgnwood LS SP VII	黑竜木太刀SP	ok	ok
melee	2536	Lunatic Core SP I	狂核【ＳＰ】Ⅰ	ok	ok
melee	2537	Lunatic Core SP II	狂核【ＳＰ】Ⅱ	ok	ok
melee	2538	Lunatic Core SP III	狂核【ＳＰ】Ⅲ	ok	ok
melee	2539	Lunatic Core SP IV	狂核【ＳＰ】Ⅳ	ok	ok
melee	2540	Lunatic Core SP V	狂核【ＳＰ】Ⅴ	ok	ok
melee	2541	Lunatic Core SP VI	狂核【ＳＰ】Ⅵ	ok	ok
melee	2542	Lunatic Core SP VII	狂核【ＳＰ】Ⅶ	ok	ok
melee	2543	Silver Bell SP I	銀鈴【ＳＰ】Ⅰ	ok	ok
melee	2544	Silver Bell SP II	銀鈴【ＳＰ】Ⅱ	ok	ok
melee	2545	Silver Bell SP III	銀鈴【ＳＰ】Ⅲ	ok	ok
melee	2546	Silver Bell SP IV	銀鈴【ＳＰ】Ⅳ	ok	ok
melee	2547	Silver Bell SP V	銀鈴【ＳＰ】Ⅴ	ok	ok
melee	2548	Silver Bell SP VI	銀鈴【ＳＰ】Ⅵ	ok	ok
melee	2549	Silver Bell SP VII	銀鈴【ＳＰ】Ⅶ	ok	ok
melee	2550	Darktail SP I	暗尾【ＳＰ】Ⅰ	ok	ok
melee	2551	Darktail SP II	暗尾【ＳＰ】Ⅱ	ok	ok
melee	2552	Darktail SP III	暗尾【ＳＰ】Ⅲ	ok	ok
melee	2553	Darktail SP IV	暗尾【ＳＰ】Ⅳ	ok	ok
melee	2554	Darktail SP V	暗尾【ＳＰ】Ⅴ	ok	ok
melee	2555	Darktail SP VI	暗尾【ＳＰ】Ⅵ	ok	ok
melee	2556	Darktail SP VII	暗尾【ＳＰ】Ⅶ	ok	ok
melee	2557	Aquamarine SP I	海藍寶【ＳＰ】Ⅰ	ok	ok
melee	2558	Aquamarine SP II	海藍寶【ＳＰ】Ⅱ	ok	ok
melee	2559	Aquamarine SP III	海藍寶【ＳＰ】Ⅲ	ok	ok
melee	2560	Aquamarine SP IV	海藍寶【ＳＰ】Ⅳ	ok	ok
melee	2561	Aquamarine SP V	海藍寶【ＳＰ】Ⅴ	ok	ok
melee	2562	Aquamarine SP VI	海藍寶【ＳＰ】Ⅵ	ok	ok
melee	2563	Aquamarine SP VII	海藍寶【ＳＰ】Ⅶ	ok	ok
melee	2564	Daora's Chrome SP I	鋼竜克羅姆【ＳＰ】Ⅰ	ok	ok
melee	2565	Daora's Chrome SP II	鋼竜克羅姆【ＳＰ】Ⅱ	ok	ok
melee	2566	Daora's Chrome SP III	鋼竜克羅姆【ＳＰ】Ⅲ	ok	ok
melee	2567	Daora's Chrome SP IV	鋼竜克羅姆【ＳＰ】Ⅳ	ok	ok
melee	2568	Daora's Chrome SP V	鋼竜克羅姆【ＳＰ】Ⅴ	ok	ok
melee	2569	Daora's Chrome SP VI	鋼竜克羅姆【ＳＰ】Ⅵ	ok	ok
melee	2570	Daora's Chrome SP VII	鋼竜克羅姆【ＳＰ】Ⅶ	ok	ok
melee	2571	Silber Rosen SPI	斯伊勒布艾爾薔薇Ⅰ	bad	phonetic_salad
melee	2572	Silber Rosen SPII	斯伊勒布艾爾薔薇Ⅱ	bad	phonetic_salad
melee	2573	Silber Rosen SPIII	斯伊勒布艾爾薔薇Ⅲ	bad	phonetic_salad
melee	2574	Silber Rosen SPIV	斯伊勒布艾爾薔薇Ⅳ	bad	phonetic_salad
melee	2575	Silber Rosen SPV	斯伊勒布艾爾薔薇Ⅴ	bad	phonetic_salad
melee	2576	Silber Rosen SPVI	斯伊勒布艾爾薔薇Ⅵ	bad	phonetic_salad
melee	2577	Silber Rosen SPVII	斯伊勒布艾爾薔薇Ⅶ	bad	phonetic_salad
melee	2578	Odd Immolator SPI	奇伊姆姆歐勒阿特歐Ⅰ	bad	phonetic_salad
melee	2579	Odd Immolator SPII	奇伊姆姆歐勒阿特歐Ⅱ	bad	phonetic_salad
melee	2580	Odd Immolator SPIII	奇伊姆姆歐勒阿特歐Ⅲ	bad	phonetic_salad
melee	2581	Odd Immolator SPIV	奇伊姆姆歐勒阿特歐Ⅳ	bad	phonetic_salad
melee	2582	Odd Immolator SPV	奇伊姆姆歐勒阿特歐Ⅴ	bad	phonetic_salad
melee	2583	Odd Immolator SPVI	奇伊姆姆歐勒阿特歐Ⅵ	bad	phonetic_salad
melee	2584	Odd Immolator SPVII	奇伊姆姆歐勒阿特歐Ⅶ	bad	phonetic_salad
melee	2585	Eve's Paradise SPI	夏娃樂園【ＳＰ】Ⅰ	ok	ok
melee	2586	Eve's Paradise SPII	夏娃樂園【ＳＰ】Ⅱ	ok	ok
melee	2587	Eve's Paradise SPIII	夏娃樂園【ＳＰ】Ⅲ	ok	ok
melee	2588	Eve's Paradise SPIV	夏娃樂園【ＳＰ】Ⅳ	ok	ok
melee	2589	Eve's Paradise SPV	夏娃樂園【ＳＰ】Ⅴ	ok	ok
melee	2590	Eve's Paradise SPVI	夏娃樂園【ＳＰ】Ⅵ	ok	ok
melee	2591	Eve's Paradise SPVII	夏娃樂園【ＳＰ】Ⅶ	ok	ok
melee	2592	Large Ambergem SP I	琥珀大結晶【ＳＰ】Ⅰ	ok	ok
melee	2593	Large Ambergem SP II	琥珀大結晶【ＳＰ】Ⅱ	ok	ok
melee	2594	Large Ambergem SP III	琥珀大結晶【ＳＰ】Ⅲ	ok	ok
melee	2595	Large Ambergem SP IV	琥珀大結晶【ＳＰ】Ⅳ	ok	ok
melee	2596	Large Ambergem SP V	琥珀大結晶【ＳＰ】Ⅴ	ok	ok
melee	2597	Large Ambergem SP VI	琥珀大結晶【ＳＰ】Ⅵ	ok	ok
melee	2598	Large Ambergem SP VII	琥珀大結晶【ＳＰ】Ⅶ	ok	ok
melee	2599	Pure Chordmaker SP I	純和弦【ＳＰ】Ⅰ	ok	ok
melee	2600	Pure Chordmaker SP II	純和弦【ＳＰ】Ⅱ	ok	ok
melee	2601	Pure Chordmaker SP III	純和弦【ＳＰ】Ⅲ	ok	ok
melee	2602	Pure Chordmaker SP IV	純和弦【ＳＰ】Ⅳ	ok	ok
melee	2603	Pure Chordmaker SP V	純和弦【ＳＰ】Ⅴ	ok	ok
melee	2604	Pure Chordmaker SP VI	純和弦【ＳＰ】Ⅵ	ok	ok
melee	2605	Pure Chordmaker SP VII	純和弦【ＳＰ】Ⅶ	ok	ok
melee	2606	Chevalier SP I	騎士【ＳＰ】Ⅰ	ok	ok
melee	2607	Chevalier SP II	騎士【ＳＰ】Ⅱ	ok	ok
melee	2608	Chevalier SP III	騎士【ＳＰ】Ⅲ	ok	ok
melee	2609	Chevalier SP IV	騎士【ＳＰ】Ⅳ	ok	ok
melee	2610	Chevalier SP V	騎士【ＳＰ】Ⅴ	ok	ok
melee	2611	Chevalier SP VI	騎士【ＳＰ】Ⅵ	ok	ok
melee	2612	Chevalier SP VII	騎士【ＳＰ】Ⅶ	ok	ok
melee	2613	Pistola Azule SPI	皮斯歐拉阿祖勒Ⅰ	bad	phonetic_salad
melee	2614	Pistola Azule SPII	皮斯歐拉阿祖勒Ⅱ	bad	phonetic_salad
melee	2615	Pistola Azule SPIII	皮斯歐拉阿祖勒Ⅲ	bad	phonetic_salad
melee	2616	Pistola Azule SPIV	皮斯歐拉阿祖勒Ⅳ	bad	phonetic_salad
melee	2617	Pistola Azule SPV	皮斯歐拉阿祖勒Ⅴ	bad	phonetic_salad
melee	2618	Pistola Azule SPVI	皮斯歐拉阿祖勒Ⅵ	bad	phonetic_salad
melee	2619	Pistola Azule SPVII	皮斯歐拉阿祖勒Ⅶ	bad	phonetic_salad
melee	2620	Red Cat Stick SP I	茜猫棒【ＳＰ】Ⅰ	ok	ok
melee	2621	Red Cat Stick SP II	茜猫棒【ＳＰ】Ⅱ	ok	ok
melee	2622	Red Cat Stick SP III	茜猫棒【ＳＰ】Ⅲ	ok	ok
melee	2623	Red Cat Stick SP IV	茜猫棒【ＳＰ】Ⅳ	ok	ok
melee	2624	Red Cat Stick SP V	茜猫棒【ＳＰ】Ⅴ	ok	ok
melee	2625	Red Cat Stick SP VI	茜猫棒【ＳＰ】Ⅵ	ok	ok
melee	2626	Red Cat Stick SP VII	茜猫棒【ＳＰ】Ⅶ	ok	ok
melee	2627	Aqua Sabers SP I	水軍刀【ＳＰ】Ⅰ	ok	ok
melee	2628	Aqua Sabers SP II	水軍刀【ＳＰ】Ⅱ	ok	ok
melee	2629	Aqua Sabers SP III	水軍刀【ＳＰ】Ⅲ	ok	ok
melee	2630	Aqua Sabers SP IV	水軍刀【ＳＰ】Ⅳ	ok	ok
melee	2631	Aqua Sabers SP V	水軍刀【ＳＰ】Ⅴ	ok	ok
melee	2632	Aqua Sabers SP VI	水軍刀【ＳＰ】Ⅵ	ok	ok
melee	2633	Aqua Sabers SP VII	水軍刀【ＳＰ】Ⅶ	ok	ok
melee	2634	Black Ice GS SP I	黑冰大剣【ＳＰ】Ⅰ	ok	ok
melee	2635	Black Ice GS SP II	黑冰大剣【ＳＰ】Ⅱ	ok	ok
melee	2636	Black Ice GS SP III	黑冰大剣【ＳＰ】Ⅲ	ok	ok
melee	2637	Black Ice GS SP IV	黑冰大剣【ＳＰ】Ⅳ	ok	ok
melee	2638	Black Ice GS SP V	黑冰大剣【ＳＰ】Ⅴ	ok	ok
melee	2639	Black Ice GS SP VI	黑冰大剣【ＳＰ】Ⅵ	ok	ok
melee	2640	Black Ice GS SP VII	黑冰大剣【ＳＰ】Ⅶ	ok	ok
melee	2641	Snowdance Saber SP I	雪舞軍刀【ＳＰ】Ⅰ	ok	ok
melee	2642	Snowdance Saber SP II	雪舞軍刀【ＳＰ】Ⅱ	ok	ok
melee	2643	Snowdance Saber SP III	雪舞軍刀【ＳＰ】Ⅲ	ok	ok
melee	2644	Snowdance Saber SP IV	雪舞軍刀【ＳＰ】Ⅳ	ok	ok
melee	2645	Snowdance Saber SP V	雪舞軍刀【ＳＰ】Ⅴ	ok	ok
melee	2646	Snowdance Saber SP VI	雪舞軍刀【ＳＰ】Ⅵ	ok	ok
melee	2647	Snowdance Saber SP VII	雪舞軍刀【ＳＰ】Ⅶ	ok	ok
melee	2648	Purple Bear SP I	紫熊【ＳＰ】Ⅰ	ok	ok
melee	2649	Purple Bear SP II	紫熊【ＳＰ】Ⅱ	ok	ok
melee	2650	Purple Bear SP III	紫熊【ＳＰ】Ⅲ	ok	ok
melee	2651	Purple Bear SP IV	紫熊【ＳＰ】Ⅳ	ok	ok
melee	2652	Purple Bear SP V	紫熊【ＳＰ】Ⅴ	ok	ok
melee	2653	Purple Bear SP VI	紫熊【ＳＰ】Ⅵ	ok	ok
melee	2654	Purple Bear SP VII	紫熊【ＳＰ】Ⅶ	ok	ok
melee	2655	Golden Cat Flute SP I	金猫笛【ＳＰ】Ⅰ	ok	ok
melee	2656	Golden Cat Flute SP II	金猫笛【ＳＰ】Ⅱ	ok	ok
melee	2657	Golden Cat Flute SP III	金猫笛【ＳＰ】Ⅲ	ok	ok
melee	2658	Golden Cat Flute SP IV	金猫笛【ＳＰ】Ⅳ	ok	ok
melee	2659	Golden Cat Flute SP V	金猫笛【ＳＰ】Ⅴ	ok	ok
melee	2660	Golden Cat Flute SP VI	金猫笛【ＳＰ】Ⅵ	ok	ok
melee	2661	Golden Cat Flute SP VII	金猫笛【ＳＰ】Ⅶ	ok	ok
melee	2662	Black Ice Spear SPI	冰黑矛Ⅰ	ok	ok
melee	2663	Black Ice Spear SPII	冰黑矛Ⅱ	ok	ok
melee	2664	Black Ice Spear SPIII	冰黑矛Ⅲ	ok	ok
melee	2665	Black Ice Spear SPIV	冰黑矛Ⅳ	ok	ok
melee	2666	Black Ice Spear SPV	冰黑矛Ⅴ	ok	ok
melee	2667	Black Ice Spear SPVI	冰黑矛Ⅵ	ok	ok
melee	2668	Black Ice Spear SPVII	冰黑矛Ⅶ	ok	ok
melee	2669	Howl in the Dark SP I	暗中咆哮【ＳＰ】Ⅰ	ok	ok
melee	2670	Howl in the Dark SP II	暗中咆哮【ＳＰ】Ⅱ	ok	ok
melee	2671	Howl in the Dark SP III	暗中咆哮【ＳＰ】Ⅲ	ok	ok
melee	2672	Howl in the Dark SP IV	暗中咆哮【ＳＰ】Ⅳ	ok	ok
melee	2673	Howl in the Dark SP V	暗中咆哮【ＳＰ】Ⅴ	ok	ok
melee	2674	Howl in the Dark SP VI	暗中咆哮【ＳＰ】Ⅵ	ok	ok
melee	2675	Howl in the Dark SP VII	暗中咆哮【ＳＰ】Ⅶ	ok	ok
melee	2676	Carbuncle Sword SP I	可邦庫勒剣【ＳＰ】Ⅰ	ok	ok
melee	2677	Carbuncle Sword SP II	可邦庫勒剣【ＳＰ】Ⅱ	ok	ok
melee	2678	Carbuncle Sword SP III	可邦庫勒剣【ＳＰ】Ⅲ	ok	ok
melee	2679	Carbuncle Sword SP IV	可邦庫勒剣【ＳＰ】Ⅳ	ok	ok
melee	2680	Carbuncle Sword SP V	可邦庫勒剣【ＳＰ】Ⅴ	ok	ok
melee	2681	Carbuncle Sword SP VI	可邦庫勒剣【ＳＰ】Ⅵ	ok	ok
melee	2682	Carbuncle Sword SP VII	可邦庫勒剣【ＳＰ】Ⅶ	ok	ok
melee	2683	Obsidian SP I	黑曜石【ＳＰ】Ⅰ	ok	ok
melee	2684	Obsidian SP II	黑曜石【ＳＰ】Ⅱ	ok	ok
melee	2685	Obsidian SP III	黑曜石【ＳＰ】Ⅲ	ok	ok
melee	2686	Obsidian SP IV	黑曜石【ＳＰ】Ⅳ	ok	ok
melee	2687	Obsidian SP V	黑曜石【ＳＰ】Ⅴ	ok	ok
melee	2688	Obsidian SP VI	黑曜石【ＳＰ】Ⅵ	ok	ok
melee	2689	Obsidian SP VII	黑曜石【ＳＰ】Ⅶ	ok	ok
melee	2690	Soul Crash SP I	靈魂撞撃【ＳＰ】Ⅰ	ok	ok
melee	2691	Soul Crash SP II	靈魂撞撃【ＳＰ】Ⅱ	ok	ok
melee	2692	Soul Crash SP III	靈魂撞撃【ＳＰ】Ⅲ	ok	ok
melee	2693	Soul Crash SP IV	靈魂撞撃【ＳＰ】Ⅳ	ok	ok
melee	2694	Soul Crash SP V	靈魂撞撃【ＳＰ】Ⅴ	ok	ok
melee	2695	Soul Crash SP VI	靈魂撞撃【ＳＰ】Ⅵ	ok	ok
melee	2696	Soul Crash SP VII	靈魂撞撃【ＳＰ】Ⅶ	ok	ok
melee	2697	Grenado SP I	古拉納多【ＳＰ】Ⅰ	ok	ok
melee	2698	Grenado SP II	古拉納多【ＳＰ】Ⅱ	ok	ok
melee	2699	Grenado SP III	古拉納多【ＳＰ】Ⅲ	ok	ok
melee	2700	Grenado SP IV	古拉納多【ＳＰ】Ⅳ	ok	ok
melee	2701	Grenado SP V	古拉納多【ＳＰ】Ⅴ	ok	ok
melee	2702	Grenado SP VI	古拉納多【ＳＰ】Ⅵ	ok	ok
melee	2703	Grenado SP VII	古拉納多【ＳＰ】Ⅶ	ok	ok
melee	2704	Custom Gunhammer SP I	特製機械鎚【ＳＰ】Ⅰ	ok	ok
melee	2705	Custom Gunhammer SP II	特製機械鎚【ＳＰ】Ⅱ	ok	ok
melee	2706	Custom Gunhammer SP III	特製機械鎚【ＳＰ】Ⅲ	ok	ok
melee	2707	Custom Gunhammer SP IV	特製機械鎚【ＳＰ】Ⅳ	ok	ok
melee	2708	Custom Gunhammer SP V	特製機械鎚【ＳＰ】Ⅴ	ok	ok
melee	2709	Custom Gunhammer SP VI	特製機械鎚【ＳＰ】Ⅵ	ok	ok
melee	2710	Custom Gunhammer SP VII	特製機械鎚【ＳＰ】Ⅶ	ok	ok
melee	2711	Violet Stunhorn SPI	紫斯特烏恩哈歐爾恩Ⅰ	bad	phonetic_salad
melee	2712	Violet Stunhorn SPII	紫斯特烏恩哈歐爾恩Ⅱ	bad	phonetic_salad
melee	2713	Violet Stunhorn SPIII	紫斯特烏恩哈歐爾恩Ⅲ	bad	phonetic_salad
melee	2714	Violet Stunhorn SPIV	紫斯特烏恩哈歐爾恩Ⅳ	bad	phonetic_salad
melee	2715	Violet Stunhorn SPV	紫斯特烏恩哈歐爾恩Ⅴ	bad	phonetic_salad
melee	2716	Violet Stunhorn SPVI	紫斯特烏恩哈歐爾恩Ⅵ	bad	phonetic_salad
melee	2717	Violet Stunhorn SPVII	紫斯特烏恩哈歐爾恩Ⅶ	bad	phonetic_salad
melee	2718	Argyros SP I	銀【ＳＰ】Ⅰ	ok	ok
melee	2719	Argyros SP II	銀【ＳＰ】Ⅱ	ok	ok
melee	2720	Argyros SP III	銀【ＳＰ】Ⅲ	ok	ok
melee	2721	Argyros SP IV	銀【ＳＰ】Ⅳ	ok	ok
melee	2722	Argyros SP V	銀【ＳＰ】Ⅴ	ok	ok
melee	2723	Argyros SP VI	銀【ＳＰ】Ⅵ	ok	ok
melee	2724	Argyros SP VII	銀【ＳＰ】Ⅶ	ok	ok
melee	2725	Blk Dragnwd Spr SP I	黑竜木槍【ＳＰ】Ⅰ	ok	ok
melee	2726	Blk Dragnwd Spr SP II	黑竜木槍【ＳＰ】Ⅱ	ok	ok
melee	2727	Blk Dragnwd Spr SP III	黑竜木槍【ＳＰ】Ⅲ	ok	ok
melee	2728	Blk Dragnwd Spr SP IV	黑竜木槍【ＳＰ】Ⅳ	ok	ok
melee	2729	Blk Dragnwd Spr SP V	黑竜木槍【ＳＰ】Ⅴ	ok	ok
melee	2730	Blk Dragnwd Spr SP VI	黑竜木槍【ＳＰ】Ⅵ	ok	ok
melee	2731	Blk Dragnwd Spr SP VII	黑竜木槍【ＳＰ】Ⅶ	ok	ok
melee	2732	Aqua Edge SP I	水刃【ＳＰ】Ⅰ	ok	ok
melee	2733	Aqua Edge SP II	水刃【ＳＰ】Ⅱ	ok	ok
melee	2734	Aqua Edge SP III	水刃【ＳＰ】Ⅲ	ok	ok
melee	2735	Aqua Edge SP IV	水刃【ＳＰ】Ⅳ	ok	ok
melee	2736	Aqua Edge SP V	水刃【ＳＰ】Ⅴ	ok	ok
melee	2737	Aqua Edge SP VI	水刃【ＳＰ】Ⅵ	ok	ok
melee	2738	Aqua Edge SP VII	水刃【ＳＰ】Ⅶ	ok	ok
melee	2739	High Pleasure SP I	極樂【ＳＰ】Ⅰ	ok	ok
melee	2740	High Pleasure SP II	極樂【ＳＰ】Ⅱ	ok	ok
melee	2741	High Pleasure SP III	極樂【ＳＰ】Ⅲ	ok	ok
melee	2742	High Pleasure SP IV	極樂【ＳＰ】Ⅳ	ok	ok
melee	2743	High Pleasure SP V	極樂【ＳＰ】Ⅴ	ok	ok
melee	2744	High Pleasure SP VI	極樂【ＳＰ】Ⅵ	ok	ok
melee	2745	High Pleasure SP VII	極樂【ＳＰ】Ⅶ	ok	ok
melee	2746	Lg Crimson Lotus SP I	大紅蓮【ＳＰ】Ⅰ	ok	ok
melee	2747	Lg Crimson Lotus SP II	大紅蓮【ＳＰ】Ⅱ	ok	ok
melee	2748	Lg Crimson Lotus SP III	大紅蓮【ＳＰ】Ⅲ	ok	ok
melee	2749	Lg Crimson Lotus SP IV	大紅蓮【ＳＰ】Ⅳ	ok	ok
melee	2750	Lg Crimson Lotus SP V	大紅蓮【ＳＰ】Ⅴ	ok	ok
melee	2751	Lg Crimson Lotus SP VI	大紅蓮【ＳＰ】Ⅵ	ok	ok
melee	2752	Lg Crimson Lotus SP VII	大紅蓮【ＳＰ】Ⅶ	ok	ok
melee	2753	Blood Sonic SP I	血音波【ＳＰ】Ⅰ	ok	ok
melee	2754	Blood Sonic SP II	血音波【ＳＰ】Ⅱ	ok	ok
melee	2755	Blood Sonic SP III	血音波【ＳＰ】Ⅲ	ok	ok
melee	2756	Blood Sonic SP IV	血音波【ＳＰ】Ⅳ	ok	ok
melee	2757	Blood Sonic SP V	血音波【ＳＰ】Ⅴ	ok	ok
melee	2758	Blood Sonic SP VI	血音波【ＳＰ】Ⅵ	ok	ok
melee	2759	Blood Sonic SP VII	血音波【ＳＰ】Ⅶ	ok	ok
melee	2760	Venomous Wolf SPI	維艾恩歐姆歐烏斯狼Ⅰ	bad	phonetic_salad
melee	2761	Venomous Wolf SPII	維艾恩歐姆歐烏斯狼Ⅱ	bad	phonetic_salad
melee	2762	Venomous Wolf SPIII	維艾恩歐姆歐烏斯狼Ⅲ	bad	phonetic_salad
melee	2763	Venomous Wolf SPIV	維艾恩歐姆歐烏斯狼Ⅳ	bad	phonetic_salad
melee	2764	Venomous Wolf SPV	維艾恩歐姆歐烏斯狼Ⅴ	bad	phonetic_salad
melee	2765	Venomous Wolf SPVI	維艾恩歐姆歐烏斯狼Ⅵ	bad	phonetic_salad
melee	2766	Venomous Wolf SPVII	維艾恩歐姆歐烏斯狼Ⅶ	bad	phonetic_salad
melee	2767	Red Cat Horn SP I	茜猫角【ＳＰ】Ⅰ	ok	ok
melee	2768	Red Cat Horn SP II	茜猫角【ＳＰ】Ⅱ	ok	ok
melee	2769	Red Cat Horn SP III	茜猫角【ＳＰ】Ⅲ	ok	ok
melee	2770	Red Cat Horn SP IV	茜猫角【ＳＰ】Ⅳ	ok	ok
melee	2771	Red Cat Horn SP V	茜猫角【ＳＰ】Ⅴ	ok	ok
melee	2772	Red Cat Horn SP VI	茜猫角【ＳＰ】Ⅵ	ok	ok
melee	2773	Red Cat Horn SP VII	茜猫角【ＳＰ】Ⅶ	ok	ok
melee	2774	Aqua Lancia SP I	水蘭傑亞【ＳＰ】Ⅰ	ok	ok
melee	2775	Aqua Lancia SP II	水蘭傑亞【ＳＰ】Ⅱ	ok	ok
melee	2776	Aqua Lancia SP III	水蘭傑亞【ＳＰ】Ⅲ	ok	ok
melee	2777	Aqua Lancia SP IV	水蘭傑亞【ＳＰ】Ⅳ	ok	ok
melee	2778	Aqua Lancia SP V	水蘭傑亞【ＳＰ】Ⅴ	ok	ok
melee	2779	Aqua Lancia SP VI	水蘭傑亞【ＳＰ】Ⅵ	ok	ok
melee	2780	Aqua Lancia SP VII	水蘭傑亞【ＳＰ】Ⅶ	ok	ok
melee	2781	Ice Cancer SP I	冰蟹【ＳＰ】Ⅰ	ok	ok
melee	2782	Ice Cancer SP II	冰蟹【ＳＰ】Ⅱ	ok	ok
melee	2783	Ice Cancer SP III	冰蟹【ＳＰ】Ⅲ	ok	ok
melee	2784	Ice Cancer SP IV	冰蟹【ＳＰ】Ⅳ	ok	ok
melee	2785	Ice Cancer SP V	冰蟹【ＳＰ】Ⅴ	ok	ok
melee	2786	Ice Cancer SP VI	冰蟹【ＳＰ】Ⅵ	ok	ok
melee	2787	Ice Cancer SP VII	冰蟹【ＳＰ】Ⅶ	ok	ok
melee	2788			ok	skip_empty_dummy
melee	2789			ok	skip_empty_dummy
melee	2790			ok	skip_empty_dummy
melee	2791			ok	skip_empty_dummy
melee	2792			ok	skip_empty_dummy
melee	2793			ok	skip_empty_dummy
melee	2794			ok	skip_empty_dummy
melee	2795			ok	skip_empty_dummy
melee	2796			ok	skip_empty_dummy
melee	2797			ok	skip_empty_dummy
melee	2798			ok	skip_empty_dummy
melee	2799			ok	skip_empty_dummy
melee	2800			ok	skip_empty_dummy
melee	2801			ok	skip_empty_dummy
melee	2802			ok	skip_empty_dummy
melee	2803			ok	skip_empty_dummy
melee	2804			ok	skip_empty_dummy
melee	2805			ok	skip_empty_dummy
melee	2806			ok	skip_empty_dummy
melee	2807			ok	skip_empty_dummy
melee	2808			ok	skip_empty_dummy
melee	2809			ok	skip_empty_dummy
melee	2810			ok	skip_empty_dummy
melee	2811			ok	skip_empty_dummy
melee	2812			ok	skip_empty_dummy
melee	2813			ok	skip_empty_dummy
melee	2814			ok	skip_empty_dummy
melee	2815			ok	skip_empty_dummy
melee	2816			ok	skip_empty_dummy
melee	2817			ok	skip_empty_dummy
melee	2818			ok	skip_empty_dummy
melee	2819			ok	skip_empty_dummy
melee	2820			ok	skip_empty_dummy
melee	2821			ok	skip_empty_dummy
melee	2822			ok	skip_empty_dummy
melee	2823			ok	skip_empty_dummy
melee	2824			ok	skip_empty_dummy
melee	2825			ok	skip_empty_dummy
melee	2826			ok	skip_empty_dummy
melee	2827			ok	skip_empty_dummy
melee	2828			ok	skip_empty_dummy
melee	2829			ok	skip_empty_dummy
melee	2830			ok	skip_empty_dummy
melee	2831			ok	skip_empty_dummy
melee	2832			ok	skip_empty_dummy
melee	2833			ok	skip_empty_dummy
melee	2834			ok	skip_empty_dummy
melee	2835			ok	skip_empty_dummy
melee	2836			ok	skip_empty_dummy
melee	2837			ok	skip_empty_dummy
melee	2838			ok	skip_empty_dummy
melee	2839			ok	skip_empty_dummy
melee	2840			ok	skip_empty_dummy
melee	2841			ok	skip_empty_dummy
melee	2842			ok	skip_empty_dummy
melee	2843			ok	skip_empty_dummy
melee	2844			ok	skip_empty_dummy
melee	2845			ok	skip_empty_dummy
melee	2846			ok	skip_empty_dummy
melee	2847			ok	skip_empty_dummy
melee	2848			ok	skip_empty_dummy
melee	2849			ok	skip_empty_dummy
melee	2850			ok	skip_empty_dummy
melee	2851			ok	skip_empty_dummy
melee	2852			ok	skip_empty_dummy
melee	2853			ok	skip_empty_dummy
melee	2854			ok	skip_empty_dummy
melee	2855			ok	skip_empty_dummy
melee	2856			ok	skip_empty_dummy
melee	2857			ok	skip_empty_dummy
melee	2858			ok	skip_empty_dummy
melee	2859			ok	skip_empty_dummy
melee	2860			ok	skip_empty_dummy
melee	2861			ok	skip_empty_dummy
melee	2862			ok	skip_empty_dummy
melee	2863			ok	skip_empty_dummy
melee	2864			ok	skip_empty_dummy
melee	2865			ok	skip_empty_dummy
melee	2866			ok	skip_empty_dummy
melee	2867			ok	skip_empty_dummy
melee	2868			ok	skip_empty_dummy
melee	2869			ok	skip_empty_dummy
melee	2870			ok	skip_empty_dummy
melee	2871			ok	skip_empty_dummy
melee	2872			ok	skip_empty_dummy
melee	2873			ok	skip_empty_dummy
melee	2874			ok	skip_empty_dummy
melee	2875			ok	skip_empty_dummy
melee	2876			ok	skip_empty_dummy
melee	2877			ok	skip_empty_dummy
melee	2878			ok	skip_empty_dummy
melee	2879			ok	skip_empty_dummy
melee	2880			ok	skip_empty_dummy
melee	2881			ok	skip_empty_dummy
melee	2882			ok	skip_empty_dummy
melee	2883			ok	skip_empty_dummy
melee	2884			ok	skip_empty_dummy
melee	2885			ok	skip_empty_dummy
melee	2886			ok	skip_empty_dummy
melee	2887			ok	skip_empty_dummy
melee	2888			ok	skip_empty_dummy
melee	2889			ok	skip_empty_dummy
melee	2890			ok	skip_empty_dummy
melee	2891			ok	skip_empty_dummy
melee	2892			ok	skip_empty_dummy
melee	2893			ok	skip_empty_dummy
melee	2894			ok	skip_empty_dummy
melee	2895			ok	skip_empty_dummy
melee	2896			ok	skip_empty_dummy
melee	2897			ok	skip_empty_dummy
melee	2898			ok	skip_empty_dummy
melee	2899			ok	skip_empty_dummy
melee	2900			ok	skip_empty_dummy
melee	2901			ok	skip_empty_dummy
melee	2902			ok	skip_empty_dummy
melee	2903			ok	skip_empty_dummy
melee	2904			ok	skip_empty_dummy
melee	2905			ok	skip_empty_dummy
melee	2906			ok	skip_empty_dummy
melee	2907			ok	skip_empty_dummy
melee	2908			ok	skip_empty_dummy
melee	2909			ok	skip_empty_dummy
melee	2910			ok	skip_empty_dummy
melee	2911			ok	skip_empty_dummy
melee	2912			ok	skip_empty_dummy
melee	2913			ok	skip_empty_dummy
melee	2914			ok	skip_empty_dummy
melee	2915			ok	skip_empty_dummy
melee	2916			ok	skip_empty_dummy
melee	2917			ok	skip_empty_dummy
melee	2918			ok	skip_empty_dummy
melee	2919			ok	skip_empty_dummy
melee	2920			ok	skip_empty_dummy
melee	2921			ok	skip_empty_dummy
melee	2922			ok	skip_empty_dummy
melee	2923			ok	skip_empty_dummy
melee	2924			ok	skip_empty_dummy
melee	2925			ok	skip_empty_dummy
melee	2926			ok	skip_empty_dummy
melee	2927			ok	skip_empty_dummy
melee	2928			ok	skip_empty_dummy
melee	2929			ok	skip_empty_dummy
melee	2930			ok	skip_empty_dummy
melee	2931			ok	skip_empty_dummy
melee	2932			ok	skip_empty_dummy
melee	2933			ok	skip_empty_dummy
melee	2934			ok	skip_empty_dummy
melee	2935			ok	skip_empty_dummy
melee	2936			ok	skip_empty_dummy
melee	2937			ok	skip_empty_dummy
melee	2938			ok	skip_empty_dummy
melee	2939			ok	skip_empty_dummy
melee	2940			ok	skip_empty_dummy
melee	2941			ok	skip_empty_dummy
melee	2942			ok	skip_empty_dummy
melee	2943			ok	skip_empty_dummy
melee	2944			ok	skip_empty_dummy
melee	2945			ok	skip_empty_dummy
melee	2946			ok	skip_empty_dummy
melee	2947			ok	skip_empty_dummy
melee	2948			ok	skip_empty_dummy
melee	2949			ok	skip_empty_dummy
melee	2950			ok	skip_empty_dummy
melee	2951			ok	skip_empty_dummy
melee	2952			ok	skip_empty_dummy
melee	2953			ok	skip_empty_dummy
melee	2954			ok	skip_empty_dummy
melee	2955			ok	skip_empty_dummy
melee	2956			ok	skip_empty_dummy
melee	2957			ok	skip_empty_dummy
melee	2958			ok	skip_empty_dummy
melee	2959			ok	skip_empty_dummy
melee	2960			ok	skip_empty_dummy
melee	2961			ok	skip_empty_dummy
melee	2962			ok	skip_empty_dummy
melee	2963			ok	skip_empty_dummy
melee	2964			ok	skip_empty_dummy
melee	2965			ok	skip_empty_dummy
melee	2966			ok	skip_empty_dummy
melee	2967			ok	skip_empty_dummy
melee	2968			ok	skip_empty_dummy
melee	2969			ok	skip_empty_dummy
melee	2970			ok	skip_empty_dummy
melee	2971			ok	skip_empty_dummy
melee	2972			ok	skip_empty_dummy
melee	2973			ok	skip_empty_dummy
melee	2974			ok	skip_empty_dummy
melee	2975			ok	skip_empty_dummy
melee	2976			ok	skip_empty_dummy
melee	2977			ok	skip_empty_dummy
melee	2978			ok	skip_empty_dummy
melee	2979			ok	skip_empty_dummy
melee	2980			ok	skip_empty_dummy
melee	2981			ok	skip_empty_dummy
melee	2982			ok	skip_empty_dummy
melee	2983			ok	skip_empty_dummy
melee	2984			ok	skip_empty_dummy
melee	2985			ok	skip_empty_dummy
melee	2986			ok	skip_empty_dummy
melee	2987			ok	skip_empty_dummy
melee	2988			ok	skip_empty_dummy
melee	2989			ok	skip_empty_dummy
melee	2990			ok	skip_empty_dummy
melee	2991			ok	skip_empty_dummy
melee	2992			ok	skip_empty_dummy
melee	2993			ok	skip_empty_dummy
melee	2994			ok	skip_empty_dummy
melee	2995			ok	skip_empty_dummy
melee	2996			ok	skip_empty_dummy
melee	2997			ok	skip_empty_dummy
melee	2998			ok	skip_empty_dummy
melee	2999			ok	skip_empty_dummy
melee	3000			ok	skip_empty_dummy
melee	3001			ok	skip_empty_dummy
melee	3002			ok	skip_empty_dummy
melee	3003			ok	skip_empty_dummy
melee	3004			ok	skip_empty_dummy
melee	3005			ok	skip_empty_dummy
melee	3006			ok	skip_empty_dummy
melee	3007			ok	skip_empty_dummy
melee	3008			ok	skip_empty_dummy
melee	3009			ok	skip_empty_dummy
melee	3010			ok	skip_empty_dummy
melee	3011			ok	skip_empty_dummy
melee	3012			ok	skip_empty_dummy
melee	3013			ok	skip_empty_dummy
melee	3014			ok	skip_empty_dummy
melee	3015			ok	skip_empty_dummy
melee	3016			ok	skip_empty_dummy
melee	3017			ok	skip_empty_dummy
melee	3018			ok	skip_empty_dummy
melee	3019			ok	skip_empty_dummy
melee	3020			ok	skip_empty_dummy
melee	3021			ok	skip_empty_dummy
melee	3022			ok	skip_empty_dummy
melee	3023			ok	skip_empty_dummy
melee	3024			ok	skip_empty_dummy
melee	3025			ok	skip_empty_dummy
melee	3026			ok	skip_empty_dummy
melee	3027			ok	skip_empty_dummy
melee	3028			ok	skip_empty_dummy
melee	3029			ok	skip_empty_dummy
melee	3030			ok	skip_empty_dummy
melee	3031			ok	skip_empty_dummy
melee	3032			ok	skip_empty_dummy
melee	3033			ok	skip_empty_dummy
melee	3034			ok	skip_empty_dummy
melee	3035			ok	skip_empty_dummy
melee	3036			ok	skip_empty_dummy
melee	3037			ok	skip_empty_dummy
melee	3038			ok	skip_empty_dummy
melee	3039			ok	skip_empty_dummy
melee	3040			ok	skip_empty_dummy
melee	3041			ok	skip_empty_dummy
melee	3042			ok	skip_empty_dummy
melee	3043			ok	skip_empty_dummy
melee	3044			ok	skip_empty_dummy
melee	3045			ok	skip_empty_dummy
melee	3046			ok	skip_empty_dummy
melee	3047			ok	skip_empty_dummy
melee	3048			ok	skip_empty_dummy
melee	3049			ok	skip_empty_dummy
melee	3050			ok	skip_empty_dummy
melee	3051			ok	skip_empty_dummy
melee	3052			ok	skip_empty_dummy
melee	3053			ok	skip_empty_dummy
melee	3054			ok	skip_empty_dummy
melee	3055			ok	skip_empty_dummy
melee	3056			ok	skip_empty_dummy
melee	3057			ok	skip_empty_dummy
melee	3058			ok	skip_empty_dummy
melee	3059			ok	skip_empty_dummy
melee	3060			ok	skip_empty_dummy
melee	3061			ok	skip_empty_dummy
melee	3062			ok	skip_empty_dummy
melee	3063			ok	skip_empty_dummy
melee	3064			ok	skip_empty_dummy
melee	3065			ok	skip_empty_dummy
melee	3066			ok	skip_empty_dummy
melee	3067			ok	skip_empty_dummy
melee	3068			ok	skip_empty_dummy
melee	3069			ok	skip_empty_dummy
melee	3070			ok	skip_empty_dummy
melee	3071			ok	skip_empty_dummy
melee	3072			ok	skip_empty_dummy
melee	3073			ok	skip_empty_dummy
melee	3074			ok	skip_empty_dummy
melee	3075			ok	skip_empty_dummy
melee	3076			ok	skip_empty_dummy
melee	3077			ok	skip_empty_dummy
melee	3078			ok	skip_empty_dummy
melee	3079			ok	skip_empty_dummy
melee	3080			ok	skip_empty_dummy
melee	3081			ok	skip_empty_dummy
melee	3082			ok	skip_empty_dummy
melee	3083			ok	skip_empty_dummy
melee	3084			ok	skip_empty_dummy
melee	3085			ok	skip_empty_dummy
melee	3086			ok	skip_empty_dummy
melee	3087			ok	skip_empty_dummy
melee	3088			ok	skip_empty_dummy
melee	3089			ok	skip_empty_dummy
melee	3090			ok	skip_empty_dummy
melee	3091			ok	skip_empty_dummy
melee	3092			ok	skip_empty_dummy
melee	3093			ok	skip_empty_dummy
melee	3094			ok	skip_empty_dummy
melee	3095			ok	skip_empty_dummy
melee	3096			ok	skip_empty_dummy
melee	3097			ok	skip_empty_dummy
melee	3098			ok	skip_empty_dummy
melee	3099			ok	skip_empty_dummy
melee	3100			ok	skip_empty_dummy
melee	3101			ok	skip_empty_dummy
melee	3102			ok	skip_empty_dummy
melee	3103			ok	skip_empty_dummy
melee	3104			ok	skip_empty_dummy
melee	3105			ok	skip_empty_dummy
melee	3106			ok	skip_empty_dummy
melee	3107			ok	skip_empty_dummy
melee	3108			ok	skip_empty_dummy
melee	3109			ok	skip_empty_dummy
melee	3110			ok	skip_empty_dummy
melee	3111			ok	skip_empty_dummy
melee	3112			ok	skip_empty_dummy
melee	3113			ok	skip_empty_dummy
melee	3114			ok	skip_empty_dummy
melee	3115			ok	skip_empty_dummy
melee	3116			ok	skip_empty_dummy
melee	3117			ok	skip_empty_dummy
melee	3118			ok	skip_empty_dummy
melee	3119			ok	skip_empty_dummy
melee	3120			ok	skip_empty_dummy
melee	3121			ok	skip_empty_dummy
melee	3122			ok	skip_empty_dummy
melee	3123			ok	skip_empty_dummy
melee	3124			ok	skip_empty_dummy
melee	3125			ok	skip_empty_dummy
melee	3126			ok	skip_empty_dummy
melee	3127			ok	skip_empty_dummy
melee	3128			ok	skip_empty_dummy
melee	3129			ok	skip_empty_dummy
melee	3130			ok	skip_empty_dummy
melee	3131			ok	skip_empty_dummy
melee	3132			ok	skip_empty_dummy
melee	3133			ok	skip_empty_dummy
melee	3134			ok	skip_empty_dummy
melee	3135			ok	skip_empty_dummy
melee	3136			ok	skip_empty_dummy
melee	3137			ok	skip_empty_dummy
melee	3138			ok	skip_empty_dummy
melee	3139			ok	skip_empty_dummy
melee	3140			ok	skip_empty_dummy
melee	3141			ok	skip_empty_dummy
melee	3142			ok	skip_empty_dummy
melee	3143			ok	skip_empty_dummy
melee	3144			ok	skip_empty_dummy
melee	3145			ok	skip_empty_dummy
melee	3146			ok	skip_empty_dummy
melee	3147			ok	skip_empty_dummy
melee	3148			ok	skip_empty_dummy
melee	3149			ok	skip_empty_dummy
melee	3150			ok	skip_empty_dummy
melee	3151			ok	skip_empty_dummy
melee	3152			ok	skip_empty_dummy
melee	3153			ok	skip_empty_dummy
melee	3154			ok	skip_empty_dummy
melee	3155			ok	skip_empty_dummy
melee	3156			ok	skip_empty_dummy
melee	3157			ok	skip_empty_dummy
melee	3158			ok	skip_empty_dummy
melee	3159			ok	skip_empty_dummy
melee	3160			ok	skip_empty_dummy
melee	3161			ok	skip_empty_dummy
melee	3162			ok	skip_empty_dummy
melee	3163			ok	skip_empty_dummy
melee	3164			ok	skip_empty_dummy
melee	3165			ok	skip_empty_dummy
melee	3166			ok	skip_empty_dummy
melee	3167			ok	skip_empty_dummy
melee	3168			ok	skip_empty_dummy
melee	3169			ok	skip_empty_dummy
melee	3170			ok	skip_empty_dummy
melee	3171			ok	skip_empty_dummy
melee	3172			ok	skip_empty_dummy
melee	3173			ok	skip_empty_dummy
melee	3174			ok	skip_empty_dummy
melee	3175			ok	skip_empty_dummy
melee	3176			ok	skip_empty_dummy
melee	3177			ok	skip_empty_dummy
melee	3178			ok	skip_empty_dummy
melee	3179			ok	skip_empty_dummy
melee	3180			ok	skip_empty_dummy
melee	3181			ok	skip_empty_dummy
melee	3182			ok	skip_empty_dummy
melee	3183			ok	skip_empty_dummy
melee	3184			ok	skip_empty_dummy
melee	3185			ok	skip_empty_dummy
melee	3186			ok	skip_empty_dummy
melee	3187			ok	skip_empty_dummy
melee	3188			ok	skip_empty_dummy
melee	3189			ok	skip_empty_dummy
melee	3190			ok	skip_empty_dummy
melee	3191			ok	skip_empty_dummy
melee	3192			ok	skip_empty_dummy
melee	3193			ok	skip_empty_dummy
melee	3194			ok	skip_empty_dummy
melee	3195			ok	skip_empty_dummy
melee	3196			ok	skip_empty_dummy
melee	3197			ok	skip_empty_dummy
melee	3198			ok	skip_empty_dummy
melee	3199			ok	skip_empty_dummy
melee	3200			ok	skip_empty_dummy
melee	3201			ok	skip_empty_dummy
melee	3202			ok	skip_empty_dummy
melee	3203			ok	skip_empty_dummy
melee	3204			ok	skip_empty_dummy
melee	3205			ok	skip_empty_dummy
melee	3206			ok	skip_empty_dummy
melee	3207			ok	skip_empty_dummy
melee	3208			ok	skip_empty_dummy
melee	3209			ok	skip_empty_dummy
melee	3210			ok	skip_empty_dummy
melee	3211			ok	skip_empty_dummy
melee	3212			ok	skip_empty_dummy
melee	3213			ok	skip_empty_dummy
melee	3214			ok	skip_empty_dummy
melee	3215			ok	skip_empty_dummy
melee	3216			ok	skip_empty_dummy
melee	3217			ok	skip_empty_dummy
melee	3218			ok	skip_empty_dummy
melee	3219			ok	skip_empty_dummy
melee	3220			ok	skip_empty_dummy
melee	3221			ok	skip_empty_dummy
melee	3222			ok	skip_empty_dummy
melee	3223			ok	skip_empty_dummy
melee	3224			ok	skip_empty_dummy
melee	3225			ok	skip_empty_dummy
melee	3226			ok	skip_empty_dummy
melee	3227			ok	skip_empty_dummy
melee	3228			ok	skip_empty_dummy
melee	3229			ok	skip_empty_dummy
melee	3230			ok	skip_empty_dummy
melee	3231			ok	skip_empty_dummy
melee	3232			ok	skip_empty_dummy
melee	3233			ok	skip_empty_dummy
melee	3234			ok	skip_empty_dummy
melee	3235			ok	skip_empty_dummy
melee	3236			ok	skip_empty_dummy
melee	3237			ok	skip_empty_dummy
melee	3238			ok	skip_empty_dummy
melee	3239			ok	skip_empty_dummy
melee	3240			ok	skip_empty_dummy
melee	3241			ok	skip_empty_dummy
melee	3242			ok	skip_empty_dummy
melee	3243			ok	skip_empty_dummy
melee	3244			ok	skip_empty_dummy
melee	3245			ok	skip_empty_dummy
melee	3246			ok	skip_empty_dummy
melee	3247			ok	skip_empty_dummy
melee	3248			ok	skip_empty_dummy
melee	3249			ok	skip_empty_dummy
melee	3250			ok	skip_empty_dummy
melee	3251			ok	skip_empty_dummy
melee	3252			ok	skip_empty_dummy
melee	3253			ok	skip_empty_dummy
melee	3254			ok	skip_empty_dummy
melee	3255			ok	skip_empty_dummy
melee	3256			ok	skip_empty_dummy
melee	3257			ok	skip_empty_dummy
melee	3258			ok	skip_empty_dummy
melee	3259			ok	skip_empty_dummy
melee	3260			ok	skip_empty_dummy
melee	3261			ok	skip_empty_dummy
melee	3262			ok	skip_empty_dummy
melee	3263			ok	skip_empty_dummy
melee	3264			ok	skip_empty_dummy
melee	3265			ok	skip_empty_dummy
melee	3266			ok	skip_empty_dummy
melee	3267			ok	skip_empty_dummy
melee	3268			ok	skip_empty_dummy
melee	3269			ok	skip_empty_dummy
melee	3270			ok	skip_empty_dummy
melee	3271			ok	skip_empty_dummy
melee	3272			ok	skip_empty_dummy
melee	3273			ok	skip_empty_dummy
melee	3274			ok	skip_empty_dummy
melee	3275			ok	skip_empty_dummy
melee	3276			ok	skip_empty_dummy
melee	3277			ok	skip_empty_dummy
melee	3278			ok	skip_empty_dummy
melee	3279			ok	skip_empty_dummy
melee	3280			ok	skip_empty_dummy
melee	3281			ok	skip_empty_dummy
melee	3282			ok	skip_empty_dummy
melee	3283			ok	skip_empty_dummy
melee	3284			ok	skip_empty_dummy
melee	3285			ok	skip_empty_dummy
melee	3286			ok	skip_empty_dummy
melee	3287			ok	skip_empty_dummy
melee	3288			ok	skip_empty_dummy
melee	3289			ok	skip_empty_dummy
melee	3290			ok	skip_empty_dummy
melee	3291			ok	skip_empty_dummy
melee	3292			ok	skip_empty_dummy
melee	3293			ok	skip_empty_dummy
melee	3294			ok	skip_empty_dummy
melee	3295			ok	skip_empty_dummy
melee	3296			ok	skip_empty_dummy
melee	3297			ok	skip_empty_dummy
melee	3298			ok	skip_empty_dummy
melee	3299			ok	skip_empty_dummy
melee	3300			ok	skip_empty_dummy
melee	3301			ok	skip_empty_dummy
melee	3302			ok	skip_empty_dummy
melee	3303			ok	skip_empty_dummy
melee	3304			ok	skip_empty_dummy
melee	3305			ok	skip_empty_dummy
melee	3306			ok	skip_empty_dummy
melee	3307			ok	skip_empty_dummy
melee	3308			ok	skip_empty_dummy
melee	3309			ok	skip_empty_dummy
melee	3310			ok	skip_empty_dummy
melee	3311			ok	skip_empty_dummy
melee	3312			ok	skip_empty_dummy
melee	3313			ok	skip_empty_dummy
melee	3314			ok	skip_empty_dummy
melee	3315			ok	skip_empty_dummy
melee	3316			ok	skip_empty_dummy
melee	3317			ok	skip_empty_dummy
melee	3318			ok	skip_empty_dummy
melee	3319			ok	skip_empty_dummy
melee	3320			ok	skip_empty_dummy
melee	3321			ok	skip_empty_dummy
melee	3322			ok	skip_empty_dummy
melee	3323			ok	skip_empty_dummy
melee	3324			ok	skip_empty_dummy
melee	3325			ok	skip_empty_dummy
melee	3326			ok	skip_empty_dummy
melee	3327			ok	skip_empty_dummy
melee	3328			ok	skip_empty_dummy
melee	3329			ok	skip_empty_dummy
melee	3330			ok	skip_empty_dummy
melee	3331			ok	skip_empty_dummy
melee	3332			ok	skip_empty_dummy
melee	3333			ok	skip_empty_dummy
melee	3334			ok	skip_empty_dummy
melee	3335			ok	skip_empty_dummy
melee	3336			ok	skip_empty_dummy
melee	3337			ok	skip_empty_dummy
melee	3338			ok	skip_empty_dummy
melee	3339			ok	skip_empty_dummy
melee	3340			ok	skip_empty_dummy
melee	3341			ok	skip_empty_dummy
melee	3342			ok	skip_empty_dummy
melee	3343			ok	skip_empty_dummy
melee	3344			ok	skip_empty_dummy
melee	3345			ok	skip_empty_dummy
melee	3346			ok	skip_empty_dummy
melee	3347			ok	skip_empty_dummy
melee	3348			ok	skip_empty_dummy
melee	3349			ok	skip_empty_dummy
melee	3350			ok	skip_empty_dummy
melee	3351			ok	skip_empty_dummy
melee	3352			ok	skip_empty_dummy
melee	3353			ok	skip_empty_dummy
melee	3354			ok	skip_empty_dummy
melee	3355			ok	skip_empty_dummy
melee	3356			ok	skip_empty_dummy
melee	3357			ok	skip_empty_dummy
melee	3358			ok	skip_empty_dummy
melee	3359			ok	skip_empty_dummy
melee	3360			ok	skip_empty_dummy
melee	3361			ok	skip_empty_dummy
melee	3362			ok	skip_empty_dummy
melee	3363			ok	skip_empty_dummy
melee	3364			ok	skip_empty_dummy
melee	3365			ok	skip_empty_dummy
melee	3366			ok	skip_empty_dummy
melee	3367			ok	skip_empty_dummy
melee	3368			ok	skip_empty_dummy
melee	3369			ok	skip_empty_dummy
melee	3370			ok	skip_empty_dummy
melee	3371			ok	skip_empty_dummy
melee	3372			ok	skip_empty_dummy
melee	3373			ok	skip_empty_dummy
melee	3374			ok	skip_empty_dummy
melee	3375			ok	skip_empty_dummy
melee	3376			ok	skip_empty_dummy
melee	3377			ok	skip_empty_dummy
melee	3378			ok	skip_empty_dummy
melee	3379			ok	skip_empty_dummy
melee	3380			ok	skip_empty_dummy
melee	3381			ok	skip_empty_dummy
melee	3382			ok	skip_empty_dummy
melee	3383			ok	skip_empty_dummy
melee	3384			ok	skip_empty_dummy
melee	3385			ok	skip_empty_dummy
melee	3386			ok	skip_empty_dummy
melee	3387			ok	skip_empty_dummy
melee	3388			ok	skip_empty_dummy
melee	3389			ok	skip_empty_dummy
melee	3390			ok	skip_empty_dummy
melee	3391			ok	skip_empty_dummy
melee	3392			ok	skip_empty_dummy
melee	3393			ok	skip_empty_dummy
melee	3394			ok	skip_empty_dummy
melee	3395			ok	skip_empty_dummy
melee	3396			ok	skip_empty_dummy
melee	3397			ok	skip_empty_dummy
melee	3398			ok	skip_empty_dummy
melee	3399			ok	skip_empty_dummy
melee	3400			ok	skip_empty_dummy
melee	3401			ok	skip_empty_dummy
melee	3402			ok	skip_empty_dummy
melee	3403			ok	skip_empty_dummy
melee	3404			ok	skip_empty_dummy
melee	3405			ok	skip_empty_dummy
melee	3406			ok	skip_empty_dummy
melee	3407			ok	skip_empty_dummy
melee	3408			ok	skip_empty_dummy
melee	3409			ok	skip_empty_dummy
melee	3410			ok	skip_empty_dummy
melee	3411			ok	skip_empty_dummy
melee	3412			ok	skip_empty_dummy
melee	3413			ok	skip_empty_dummy
melee	3414			ok	skip_empty_dummy
melee	3415			ok	skip_empty_dummy
melee	3416			ok	skip_empty_dummy
melee	3417			ok	skip_empty_dummy
melee	3418			ok	skip_empty_dummy
melee	3419			ok	skip_empty_dummy
melee	3420			ok	skip_empty_dummy
melee	3421			ok	skip_empty_dummy
melee	3422			ok	skip_empty_dummy
melee	3423			ok	skip_empty_dummy
melee	3424			ok	skip_empty_dummy
melee	3425			ok	skip_empty_dummy
melee	3426			ok	skip_empty_dummy
melee	3427			ok	skip_empty_dummy
melee	3428			ok	skip_empty_dummy
melee	3429			ok	skip_empty_dummy
melee	3430			ok	skip_empty_dummy
melee	3431			ok	skip_empty_dummy
melee	3432			ok	skip_empty_dummy
melee	3433			ok	skip_empty_dummy
melee	3434			ok	skip_empty_dummy
melee	3435			ok	skip_empty_dummy
melee	3436			ok	skip_empty_dummy
melee	3437			ok	skip_empty_dummy
melee	3438			ok	skip_empty_dummy
melee	3439			ok	skip_empty_dummy
melee	3440			ok	skip_empty_dummy
melee	3441			ok	skip_empty_dummy
melee	3442			ok	skip_empty_dummy
melee	3443			ok	skip_empty_dummy
melee	3444			ok	skip_empty_dummy
melee	3445			ok	skip_empty_dummy
melee	3446			ok	skip_empty_dummy
melee	3447			ok	skip_empty_dummy
melee	3448			ok	skip_empty_dummy
melee	3449			ok	skip_empty_dummy
melee	3450			ok	skip_empty_dummy
melee	3451			ok	skip_empty_dummy
melee	3452			ok	skip_empty_dummy
melee	3453			ok	skip_empty_dummy
melee	3454			ok	skip_empty_dummy
melee	3455			ok	skip_empty_dummy
melee	3456			ok	skip_empty_dummy
melee	3457			ok	skip_empty_dummy
melee	3458			ok	skip_empty_dummy
melee	3459			ok	skip_empty_dummy
melee	3460			ok	skip_empty_dummy
melee	3461			ok	skip_empty_dummy
melee	3462			ok	skip_empty_dummy
melee	3463			ok	skip_empty_dummy
melee	3464			ok	skip_empty_dummy
melee	3465			ok	skip_empty_dummy
melee	3466			ok	skip_empty_dummy
melee	3467			ok	skip_empty_dummy
melee	3468			ok	skip_empty_dummy
melee	3469			ok	skip_empty_dummy
melee	3470			ok	skip_empty_dummy
melee	3471			ok	skip_empty_dummy
melee	3472			ok	skip_empty_dummy
melee	3473			ok	skip_empty_dummy
melee	3474			ok	skip_empty_dummy
melee	3475			ok	skip_empty_dummy
melee	3476			ok	skip_empty_dummy
melee	3477			ok	skip_empty_dummy
melee	3478			ok	skip_empty_dummy
melee	3479			ok	skip_empty_dummy
melee	3480			ok	skip_empty_dummy
melee	3481			ok	skip_empty_dummy
melee	3482			ok	skip_empty_dummy
melee	3483			ok	skip_empty_dummy
melee	3484			ok	skip_empty_dummy
melee	3485			ok	skip_empty_dummy
melee	3486			ok	skip_empty_dummy
melee	3487			ok	skip_empty_dummy
melee	3488			ok	skip_empty_dummy
melee	3489			ok	skip_empty_dummy
melee	3490			ok	skip_empty_dummy
melee	3491			ok	skip_empty_dummy
melee	3492			ok	skip_empty_dummy
melee	3493			ok	skip_empty_dummy
melee	3494			ok	skip_empty_dummy
melee	3495			ok	skip_empty_dummy
melee	3496			ok	skip_empty_dummy
melee	3497			ok	skip_empty_dummy
melee	3498			ok	skip_empty_dummy
melee	3499			ok	skip_empty_dummy
melee	3500	Girawn	地球星剣	ok	ok
melee	3501	Girawn Sugad	喜悅星剣	ok	ok
melee	3502	Megilla Sugad	姆艾格伊勒勒阿斯烏格阿德	bad	phonetic_salad
melee	3503	Meteor's Gate	流星之門	ok	ok
melee	3504	Hvy Conquerer Greataxe	終極征克歐恩奎烏艾爾艾格艾阿塔克斯艾	bad	phonetic_salad
melee	3505	Hvy Conquerer Strongaxe	終極征克歐恩奎烏艾爾艾斯羅恩阿克斯艾	bad	phonetic_salad
melee	3506	Hvy Conquerer Rageaxe	終極征克歐恩奎烏艾爾艾拉格阿克斯艾	bad	phonetic_salad
melee	3507	Hvy Emperor Greataxe	終極征帝大斧	ok	ok
melee	3508	Daora's Mistral	鋼竜＝寒風	ok	ok
melee	3509	Caravan Blade I	商隊刃Ⅰ	ok	ok
melee	3510	Caravan Blade II	商隊刃Ⅱ	ok	ok
melee	3511	Caravan Blade III	商隊刃Ⅲ	ok	ok
melee	3512	Caravan Blade IV	商隊刃Ⅳ	ok	ok
melee	3513	Caravan Blade V	商隊刃Ⅴ	ok	ok
melee	3514	Prototype Fishing Rod	試作釣魚杖	ok	ok
melee	3515	Fine Fishing Rod	精釣魚杖	ok	ok
melee	3516	Honed Fishing Rod	研釣魚杖	ok	ok
melee	3517	Master Angler	大師阿恩格勒艾爾	bad	phonetic_salad
melee	3518	White Claymore I	闊剣【白】Ⅰ	ok	ok
melee	3519	White Claymore II	闊剣【白】Ⅱ	ok	ok
melee	3520	White Claymore III	闊剣【白】Ⅲ	ok	ok
melee	3521	Save the Queen	薩維女王	ok	ok
melee	3522	Black Claymore I	闊剣【黑】Ⅰ	ok	ok
melee	3523	Black Claymore II	闊剣【黑】Ⅱ	ok	ok
melee	3524	Black Claymore III	闊剣【黑】Ⅲ	ok	ok
melee	3525	Dainsleip	德阿伊恩斯勒艾伊	bad	phonetic_salad
melee	3526	Red Claymore I	闊剣【赤】Ⅰ	ok	ok
melee	3527	Red Claymore II	闊剣【赤】Ⅱ	ok	ok
melee	3528	Red Claymore III	闊剣【赤】Ⅲ	ok	ok
melee	3529	Arondight	阿爾歐恩德伊格哈	bad	phonetic_salad
melee	3530	Two Hand Sword I	雙手剣Ⅰ	ok	ok
melee	3531	Two Hand Sword II	雙手剣Ⅱ	ok	ok
melee	3532	Two Hand Sword III	雙手剣Ⅲ	ok	ok
melee	3533	Caliburn	克阿勒伊布烏爾恩	bad	phonetic_salad
melee	3534	Blue Claymore I	闊剣【青】Ⅰ	ok	ok
melee	3535	Blue Claymore II	闊剣【青】Ⅱ	ok	ok
melee	3536	Blue Claymore III	闊剣【青】Ⅲ	ok	ok
melee	3537	Balmung	布阿勒姆烏恩格	ok	ok
melee	3538	Engraved Xanthos I	雕刻克桑托斯Ⅰ	ok	ok
melee	3539	Engraved Xanthos II	雕刻克桑托斯Ⅱ	ok	ok
melee	3540	Engraved Xanthos III	雕刻克桑托斯Ⅲ	ok	ok
melee	3541	Endbreaker	ＥＢ分裂者	ok	ok
melee	3542	Findias	夫伊恩德伊阿斯	ok	ok
melee	3543	Fragarac	紫煌星大剣	ok	ok
melee	3544	Eagalltach	艾阿格阿勒勒特阿	bad	phonetic_salad
melee	3545	Shooting Star	修歐歐提恩星	ok	ok
melee	3546	Plesioth Razor	水竜剃刀	ok	ok
melee	3547	Plesioth Shaver	水竜斯哈阿維艾爾	ok	ok
melee	3548	Plesioth Blade	水竜刃	ok	ok
melee	3549	Plesioth Sonic	水竜音	ok	ok
melee	3550	Black Katana Light	黒刀光	ok	ok
melee	3551	Black Katana Dark	黒刀闇	ok	ok
melee	3552	Defiance	天權星太刀	ok	ok
melee	3553	Hard Defiance	天權星堅刃	ok	ok
melee	3554	Striking Defiance	天權星狂撃	ok	ok
melee	3555	Grey's Jeeg	釉彩勝利星刃	ok	ok
melee	3556	Sapphir Snake I	藍寶石蛇Ⅰ	ok	ok
melee	3557	Sapphir Snake II	藍寶石蛇Ⅱ	ok	ok
melee	3558	Sapphir Snake III	藍寶石蛇Ⅲ	ok	ok
melee	3559	Sapphir Snake IV	藍寶石蛇Ⅳ	ok	ok
melee	3560	Kirin Apparition	麒麟阿普普阿爾伊特伊	bad	phonetic_salad
melee	3561	Raiden Apparition	化抑制阿普普阿爾伊特伊	bad	phonetic_salad
melee	3562	Raging Tornado	拉吉恩竜巻	ok	ok
melee	3563	Wonder Hammer Kut-Ku	大錘奇怪鳥庫	ok	ok
melee	3564	Caravan Hammer I	商隊大錘Ⅰ	ok	ok
melee	3565	Caravan Hammer II	商隊大錘Ⅱ	ok	ok
melee	3566	Caravan Hammer III	商隊大錘Ⅲ	ok	ok
melee	3567	Caravan Hammer IV	商隊大錘Ⅳ	ok	ok
melee	3568	Caravan Hammer V	商隊大錘Ⅴ	ok	ok
melee	3569	Ali Exar	阿利艾克斯阿爾	ok	ok
melee	3570	Fal Exar	夫阿勒艾克斯阿爾	bad	phonetic_salad
melee	3571	Vel Exar	維艾勒艾克斯阿爾	bad	phonetic_salad
melee	3572	Lente Aliot	勒艾恩特艾阿勒伊歐特	bad	phonetic_salad
melee	3573	Sapphir Bison I	藍寶石野牛Ⅰ	ok	ok
melee	3574	Sapphir Bison II	藍寶石野牛Ⅱ	ok	ok
melee	3575	Sapphir Bison III	藍寶石野牛Ⅲ	ok	ok
melee	3576	Sapphir Bison IV	藍寶石野牛Ⅳ	ok	ok
melee	3577	Pucci Lala Lance I	普奇巴巴長槍Ⅰ	ok	ok
melee	3578	Pucci Lala Lance II	普奇巴巴長槍Ⅱ	ok	ok
melee	3579	Pucci Lala Lance III	普奇巴巴長槍Ⅲ	ok	ok
melee	3580	Pucci Lala Lance IV	普奇巴巴長槍Ⅳ	ok	ok
melee	3581	Bullfango's Charge	豬突猛槍野豬王	ok	ok
melee	3582	Gravios Heavy Lance	鎧竜重長槍	ok	ok
melee	3583	Blizzard Lance	長槍吹雪	ok	ok
melee	3584	Merry Lance	姆艾爾爾伊槍	ok	ok
melee	3585	Merrier Lance	姆艾爾爾伊艾爾槍	bad	phonetic_salad
melee	3586	Merry Christmas	姆艾爾爾伊聖誕	ok	ok
melee	3587	Merrier Christmas	姆艾爾爾伊艾爾聖誕	bad	phonetic_salad
melee	3588	Red Crystal Lance	長槍赤結晶	ok	ok
melee	3589	Shrunk Spinel	斯哈爾烏恩克斯普伊恩艾勒	bad	phonetic_salad
melee	3590	Gloss Spinel	格勒歐斯斯斯普伊恩艾勒	bad	phonetic_salad
melee	3591	Sweet Roza	甘羅扎	ok	ok
melee	3592	Purple Crystal Lance	長槍紫結晶	ok	ok
melee	3593	Shrunk Amethyst	斯哈爾烏恩克紫水晶	ok	ok
melee	3594	Gloss Amethyst	格勒歐斯斯紫水晶	ok	ok
melee	3595	Gorgeous Viola	華麗維歐拉	ok	ok
melee	3596	Teostra's Spark	炎王火星銃槍	ok	ok
melee	3597	Teostra's Blast	炎王爆破銃槍	ok	ok
melee	3598	Monoblos Flare	一角竜輝	ok	ok
melee	3599	Caravan Gunlance I	商隊銃槍Ⅰ	ok	ok
melee	3600	Caravan Gunlance II	商隊銃槍Ⅱ	ok	ok
melee	3601	Caravan Gunlance III	商隊銃槍Ⅲ	ok	ok
melee	3602	Caravan Gunlance IV	商隊銃槍Ⅳ	ok	ok
melee	3603	Caravan Gunlance V	商隊銃槍Ⅴ	ok	ok
melee	3604	Mirza	誓言之星	ok	ok
melee	3605	Mirza Reach	久遠誓言之星	ok	ok
melee	3606	Mirza Rogue	MIＲＺ羅古艾	ok	ok
melee	3607	Amirzadeh	力量誓言之星	ok	ok
melee	3608	Raise Edges	復甦鋭剣	ok	ok
melee	3609	Raise Slicers	拉伊瑟切	ok	ok
melee	3610	Raise Reapers	復甦死神雙剣	ok	ok
melee	3611	Double Raise	双拉伊瑟	ok	ok
melee	3612	Firebird Sword	夫伊爾艾布伊爾德剣	bad	phonetic_salad
melee	3613	Golden Eagle Blade	黄金艾阿格艾刃	ok	ok
melee	3614	Cuckoo Bell	克烏克克歐歐鐘	ok	ok
melee	3615	Suzaku Gunlance	銃槍蘇扎庫	ok	ok
melee	3616	Brachyura Blade	布阿奇尤拉刃	ok	ok
melee	3617	Brachyura Alm	布阿奇尤拉阿勒姆	bad	phonetic_salad
melee	3618	Brachyura Glory	布阿奇尤拉栄光	ok	ok
melee	3619	Brachyura Ultimus	布阿奇尤拉極	ok	ok
melee	3620	Amicus Force	摯友力	ok	ok
melee	3621	Trifling Sword I	瑣碎剣Ⅰ	ok	ok
melee	3622	Trifling Sword II	瑣碎剣Ⅱ	ok	ok
melee	3623	Trifling Sword III	瑣碎剣Ⅲ	ok	ok
melee	3624	Falseta Duel	夫阿勒斯艾特阿德烏艾勒	bad	phonetic_salad
melee	3625	Gold Crest I	金紋章Ⅰ	ok	ok
melee	3626	Gold Crest II	金紋章Ⅱ	ok	ok
melee	3627	Gold Crest III	金紋章Ⅲ	ok	ok
melee	3628	Gold Crest IV	金紋章Ⅳ	ok	ok
melee	3629	Silver Crest I	銀紋章Ⅰ	ok	ok
melee	3630	Silver Crest II	銀紋章Ⅱ	ok	ok
melee	3631	Silver Crest III	銀紋章Ⅲ	ok	ok
melee	3632	Silver Crest IV	銀紋章Ⅳ	ok	ok
melee	3633	Bronze Crest I	銅紋章Ⅰ	ok	ok
melee	3634	Bronze Crest II	銅紋章Ⅱ	ok	ok
melee	3635	Bronze Crest III	銅紋章Ⅲ	ok	ok
melee	3636	Bronze Crest IV	銅紋章Ⅳ	ok	ok
melee	3637	Thunderdance Sabers	舞雷雙【鴛鴦】	ok	ok
melee	3638	Ibis Thunder Sabers	雷伊布伊斯軍刀	ok	ok
melee	3639	Bird-of-paradise Sabers	鳥樂園軍刀	ok	ok
melee	3640	Garuda Sabers	真舞雷雙【迦樓羅】	ok	ok
melee	3641	Malum Pugna I	惡戦Ⅰ	ok	ok
melee	3642	Malum Pugna II	惡戦Ⅱ	ok	ok
melee	3643	Malum Pugna III	惡戦Ⅲ	ok	ok
melee	3644	Copper Shamshir	銅斯哈阿姆斯哈伊爾	bad	phonetic_salad
melee	3645	Krieg Monat	克爾伊艾格姆歐恩阿特	bad	phonetic_salad
melee	3646	Krieg Jahr	戦爭之年雙剣	ok	ok
melee	3647	Krieg Ara	戦爭時代雙剣	ok	ok
melee	3648	Krieg Ende	戦爭終結雙剣	ok	ok
melee	3649	Twin White Edges I	雙刃【白】Ⅰ	ok	ok
melee	3650	Twin White Edges II	雙刃【白】Ⅱ	ok	ok
melee	3651	Twin White Edges III	雙刃【白】Ⅲ	ok	ok
melee	3652	Ascalon	阿斯克阿勒歐恩	ok	ok
melee	3653	Twin Black Edges I	雙刃【黑】Ⅰ	ok	ok
melee	3654	Twin Black Edges II	雙刃【黑】Ⅱ	ok	ok
melee	3655	Twin Black Edges III	雙刃【黑】Ⅲ	ok	ok
melee	3656	Dragvandil	德爾阿格維阿恩德	bad	phonetic_salad
melee	3657	Flame Edge I	火炎刃Ⅰ	ok	ok
melee	3658	Flame Edge II	火炎刃Ⅱ	ok	ok
melee	3659	Flame Edge III	火炎刃Ⅲ	ok	ok
melee	3660	Balisarda	布阿勒伊斯阿爾德	bad	phonetic_salad
melee	3661	Twin Blue Edges I	雙刃【蒼】Ⅰ	ok	ok
melee	3662	Twin Blue Edges II	雙刃【蒼】Ⅱ	ok	ok
melee	3663	Twin Blue Edges III	雙刃【蒼】Ⅲ	ok	ok
melee	3664	Collbrande	克歐勒勒布爾阿恩	bad	phonetic_salad
melee	3665	Dual Sword I	雙剣I	ok	ok
melee	3666	Dual Sword II	雙剣Ⅱ	ok	ok
melee	3667	Dual Sword III	雙剣Ⅲ	ok	ok
melee	3668	Caladbolg	克阿勒阿德布歐勒	bad	phonetic_salad
melee	3669	Twin Yellow Edges I	雙刃【黄】Ⅰ	ok	ok
melee	3670	Twin Yellow Edges II	雙刃【黄】Ⅱ	ok	ok
melee	3671	Twin Yellow Edges III	雙刃【黄】Ⅲ	ok	ok
melee	3672	Fragarach	復仇雙剣	ok	ok
melee	3673	Sapphir Swallow I	藍寶石燕Ⅰ	ok	ok
melee	3674	Sapphir Swallow II	藍寶石燕Ⅱ	ok	ok
melee	3675	Sapphir Swallow III	藍寶石燕Ⅲ	ok	ok
melee	3676	Sapphir Swallow IV	藍寶石燕Ⅳ	ok	ok
melee	3677	Teostra's Hellblade	炎王大剣【獄炎】	ok	ok
melee	3678	Tyrant's Hellblade	炎王大剣【暴君】	ok	ok
melee	3679	Steel Heart	鋼心	ok	ok
melee	3680	Bind Heart	奪心大剣	ok	ok
melee	3681	Hold Heart	持心	ok	ok
melee	3682	Sweet Heart	甘心	ok	ok
melee	3683	Nephrite Blade I	軟玉刃Ⅰ	ok	ok
melee	3684	Nephrite Blade II	軟玉刃Ⅱ	ok	ok
melee	3685	Nephrite Blade III	軟玉刃Ⅲ	ok	ok
melee	3686	Basileus Principium	布阿斯伊勒艾烏斯普爾伊恩克伊普伊	bad	phonetic_salad
melee	3687	Sapphir Rhinos I	藍寶石犀Ⅰ	ok	ok
melee	3688	Sapphir Rhinos II	藍寶石犀Ⅱ	ok	ok
melee	3689	Sapphir Rhinos III	藍寶石犀Ⅲ	ok	ok
melee	3690	Sapphir Rhinos IV	藍寶石犀Ⅳ	ok	ok
melee	3691	Shogun Sword	將軍鎌蟹剣	ok	ok
melee	3692	Shogun Blade	將軍鎌蟹刃	ok	ok
melee	3693	Daishogun Blade	德阿伊斯哈歐格烏刃	bad	phonetic_salad
melee	3694	Onishogun Blade	歐恩伊斯哈歐格烏刃	bad	phonetic_salad
melee	3695	Dragonslayer	德爾阿格歐恩斯勒	bad	phonetic_salad
melee	3696	Chain Dragonslayer	鎖德爾阿格歐恩斯勒	bad	phonetic_salad
melee	3697	Dragonslayer Sawblade	德爾阿格歐恩斯勒斯阿瓦布勒阿德艾	bad	phonetic_salad
melee	3698	Godslayer Sawblade	格歐德斯勒阿伊艾斯阿瓦布勒阿德艾	bad	phonetic_salad
melee	3699	Thunderdance Hammer	雷舞大錘	ok	ok
melee	3700	Owl Thunder Hammer	雷歐瓦勒大錘	ok	ok
melee	3701	Raven Hammer	大錘渡鴉	ok	ok
melee	3702	Yatagarasu Hammer	大錘雅塔加拉蘇	ok	ok
melee	3703	Gagaku Pipe	雅樂笛【笙】	ok	ok
melee	3704	Gagaku Sho	加加庫修歐	ok	ok
melee	3705	Brass Marsyas	布爾阿斯斯姆阿爾斯伊阿斯	bad	phonetic_salad
melee	3706	Kurz Marsyas	克烏爾茲姆阿爾斯伊阿斯	bad	phonetic_salad
melee	3707	Lung Marsyas	肺姆阿爾斯伊阿斯	bad	phonetic_salad
melee	3708	Stray Marsyas	流浪姆阿爾斯伊阿斯	bad	phonetic_salad
melee	3709	Celestial Torment I	天界折磨Ⅰ	ok	ok
melee	3710	Celestial Torment II	天界折磨Ⅱ	ok	ok
melee	3711	Celestial Torment III	天界折磨Ⅲ	ok	ok
melee	3712	Dread Marquis	德爾艾阿德姆阿爾奎烏伊斯	bad	phonetic_salad
melee	3713	Kirin Mirage	麒麟米拉格	ok	ok
melee	3714	Lightning Mirage	雷米拉格	ok	ok
melee	3715	Machalite Lance	燕雀長槍	ok	ok
melee	3716	Machalite Lance+	燕雀長槍＋	ok	ok
melee	3717	Machalite Spear	燕雀槍	ok	ok
melee	3718	Perfect Machalite Spear	普艾爾夫艾克特瑪奇阿利特矛	bad	phonetic_salad
melee	3719	Khezu Lance	奇怪竜長槍	ok	ok
melee	3720	Fulminant Lance	雷鳴長槍	ok	ok
melee	3721	Fulminant Lance+	雷鳴長槍＋	ok	ok
melee	3722	Khezu Inject	電竜注射長槍	ok	ok
melee	3723	Spinelion Lance I	尖晶石長槍Ⅰ	ok	ok
melee	3724	Spinelion Lance II	尖晶石長槍Ⅱ	ok	ok
melee	3725	Spinelion Lance III	尖晶石長槍Ⅲ	ok	ok
melee	3726	Fleur Croix	芙蕾爾終極征	ok	ok
melee	3727	Shoreline Gunlance	銃槍修歐雷利涅	ok	ok
melee	3728	Coral Gunlance	銃槍珊瑚	ok	ok
melee	3729	Deep Blue Sea Gunlance	銃槍深青海	ok	ok
melee	3730	Dragon Palace Gunlance	竜宮殿銃槍	ok	ok
melee	3731	Jade Gunlance I	翡翠銃槍Ⅰ	ok	ok
melee	3732	Jade Gunlance II	翡翠銃槍Ⅱ	ok	ok
melee	3733	Jade Gunlance III	翡翠銃槍Ⅲ	ok	ok
melee	3734	Ideals Realized	伊德艾阿勒斯爾艾阿勒伊茲艾德	bad	phonetic_salad
melee	3735	Sapphir Hawk I	藍寶石鷹Ⅰ	ok	ok
melee	3736	Sapphir Hawk II	藍寶石鷹Ⅱ	ok	ok
melee	3737	Sapphir Hawk III	藍寶石鷹Ⅲ	ok	ok
melee	3738	Sapphir Hawk IV	藍寶石鷹Ⅳ	ok	ok
melee	3739	Million Knife	百萬刀	ok	ok
melee	3740	Million Edge	百萬刃	ok	ok
melee	3741	Million Sword	百萬剣	ok	ok
melee	3742	All for One	全一	ok	ok
melee	3743	Don Kukuri	堂庫庫里	ok	ok
melee	3744	Don Dagger	呑竜短剣	ok	ok
melee	3745	Dodon Rapier	隆隆細剣	ok	ok
melee	3746	Dodon Edge	隆隆刃	ok	ok
melee	3747	Spectacular Kalinga	斯普艾克特阿克烏可利恩阿	bad	phonetic_salad
melee	3748	Dragon Ghostblade	竜幽靈刃	ok	ok
melee	3749	Flamberge	夫勒阿姆布艾爾格	bad	phonetic_salad
melee	3750	Bien Flamberge	布伊艾恩夫勒阿姆布艾爾格	bad	phonetic_salad
melee	3751	Gran Flameberge	格爾阿恩夫勒阿姆艾布艾爾	bad	phonetic_salad
melee	3752	Fin Flamberge	鰭夫勒阿姆布艾爾格	bad	phonetic_salad
melee	3753	Charring Beta Knife	火紅缺口剣	ok	ok
melee	3754	Sinking Beta Knife	水藍缺口剣	ok	ok
melee	3755	Shocking Beta Knife	斯哈歐克克伊恩格β刀	bad	phonetic_salad
melee	3756	Flowery Pink Lizard	弗歐韋里粉蜥蜴	ok	ok
melee	3757	Brilliant Pink Lizard	比納桃粉蜥蜴	ok	ok
melee	3758	ダミー	假	ok	skip_empty_dummy
melee	3759	ダミー	假	ok	skip_empty_dummy
melee	3760	ダミー	假	ok	skip_empty_dummy
melee	3761	Chivalrous Thief's Paw	猫手【義賊】	ok	ok
melee	3762	Schwarzkerzen I	黑蝋燭Ⅰ	ok	ok
melee	3763	Schwarzkerzen II	黑蝋燭Ⅱ	ok	ok
melee	3764	Schwarzkerzen III	黑蝋燭Ⅲ	ok	ok
melee	3765	Luna Helios	月神哈艾勒伊歐斯	bad	phonetic_salad
melee	3766	Don Twins	堂雙子	ok	ok
melee	3767	Don Dual	堂雙	ok	ok
melee	3768	Dodon Claw	德歐德歐恩之爪	ok	ok
melee	3769	Dodon Scissor	德歐德歐恩之鋏	ok	ok
melee	3770	New Legendary Twins	新伝説雙子	ok	ok
melee	3771	Hypno Cutters	眠克烏特特艾爾斯	bad	phonetic_salad
melee	3772	Hypno Slicers	眠切	ok	ok
melee	3773	Hypno Shredders	眠碎	ok	ok
melee	3774	Hypno Crisis	眠危機	ok	ok
melee	3775	White Giga Claws I	白超巨爪Ⅰ	ok	ok
melee	3776	White Giga Claws II	白超巨爪Ⅱ	ok	ok
melee	3777	White Giga Claws III	白超巨爪Ⅲ	ok	ok
melee	3778	Priscus Pain	普爾伊斯克烏斯痛	bad	phonetic_salad
melee	3779	Black Giga Claws I	黑超巨爪Ⅰ	ok	ok
melee	3780	Black Giga Claws II	黑超巨爪Ⅱ	ok	ok
melee	3781	Black Giga Claws III	黑超巨爪Ⅲ	ok	ok
melee	3782	Das Schmerzen	滅竜獵爪	ok	ok
melee	3783	Red Giga Claws I	赤超巨爪Ⅰ	ok	ok
melee	3784	Red Giga Claws II	赤超巨爪Ⅱ	ok	ok
melee	3785	Red Giga Claws III	赤超巨爪Ⅲ	ok	ok
melee	3786	Miedo Pena	米艾多佩娜	ok	ok
melee	3787	Blue Giga Claws I	青超巨爪Ⅰ	ok	ok
melee	3788	Blue Giga Claws II	青超巨爪Ⅱ	ok	ok
melee	3789	Blue Giga Claws III	青超巨爪Ⅲ	ok	ok
melee	3790	Crystalized Pain	克爾伊斯特阿勒伊痛	bad	phonetic_salad
melee	3791	Aqua Claws I	水爪Ⅰ	ok	ok
melee	3792	Aqua Claws II	水爪Ⅱ	ok	ok
melee	3793	Aqua Claws III	水爪Ⅲ	ok	ok
melee	3794	Vassallo	維阿斯斯阿勒勒歐	bad	phonetic_salad
melee	3795	Yellow Giga Claws Ⅰ	黄超巨爪Ⅰ	ok	ok
melee	3796	Yellow Giga Claws Ⅱ	黄超巨爪Ⅱ	ok	ok
melee	3797	Yellow Giga Claws Ⅲ	黄超巨爪Ⅲ	ok	ok
melee	3798	Fortified Agony	夫歐爾特伊夫伊艾阿格歐恩伊	bad	phonetic_salad
melee	3799	Eclair Vio	艾克勒阿伊爾托吉阿	bad	phonetic_salad
melee	3800	Breath Cage	氣息・牢籠	ok	ok
melee	3801	Pallas Zwei Ⅰ	拍拉斯雙Ⅰ	ok	ok
melee	3802	Pallas Zwei Ⅱ	拍拉斯雙Ⅱ	ok	ok
melee	3803	Pallas Zwei Ⅲ	拍拉斯雙Ⅲ	ok	ok
melee	3804	Pallas Collage	普阿勒勒阿斯克歐勒勒阿格艾	bad	phonetic_salad
melee	3805	Nebula Lacerta	星雲勒阿克艾爾特阿	bad	phonetic_salad
melee	3806	Nebula Gladius	星雲短剣	ok	ok
melee	3807	Fatalis Darkblade	黒竜闇刃	ok	ok
melee	3808	Eques Sword	騎士剣	ok	ok
melee	3809	Eques Schwert	未來迪斯克哈瓦艾爾特	bad	phonetic_salad
melee	3810	Eques Schneide	未來迪斯克哈恩艾伊德艾	bad	phonetic_salad
melee	3811	Weiss Raptor	懷斯爾阿普特歐爾	bad	phonetic_salad
melee	3812	Strega Sword	魔女剣	ok	ok
melee	3813	Strega Schwert	魔女大剣	ok	ok
melee	3814	Strega Schneide	魔女鋒刃	ok	ok
melee	3815	Schwarz Raptor	黑爾阿普特歐爾	ok	ok
melee	3816	Gallus Scimitar	格阿勒勒烏斯斯克伊姆伊特阿爾	bad	phonetic_salad
melee	3817	Dabor Scimitar	德阿布歐爾斯克伊姆伊特阿爾	bad	phonetic_salad
melee	3818	Eches Scimitar	蝕刻彎刀	ok	ok
melee	3819	Naja Scimitar	娜雅斯克伊姆伊特阿爾	bad	phonetic_salad
melee	3820	Seram Venter	花花讚訟者	ok	ok
melee	3821	Edel Seram	艾德艾勒塞拉姆	ok	ok
melee	3822	Edelweiss	艾德艾勒瓦艾伊斯	bad	phonetic_salad
melee	3823	Licht Helt	勒伊克哈特哈艾勒特	bad	phonetic_salad
melee	3824	Eisen Venter	鋼鐵讚訟者	ok	ok
melee	3825	Edel Eisen	艾德艾勒艾伊斯艾恩	bad	phonetic_salad
melee	3826	Edelschwartz	艾德艾勒斯克哈瓦	bad	phonetic_salad
melee	3827	Nacht Helt	恩阿克哈特哈艾勒特	bad	phonetic_salad
melee	3828	Rubino Rhinos Ⅰ	紅玉之犀Ⅰ	ok	ok
melee	3829	Rubino Rhinos Ⅱ	紅玉之犀Ⅱ	ok	ok
melee	3830	Rubino Rhinos Ⅲ	紅玉之犀Ⅲ	ok	ok
melee	3831	Rubino Rhinos Ⅳ	紅玉之犀Ⅳ	ok	ok
melee	3832	Lovely Hagoita	可愛羽子板	ok	ok
melee	3833	Blade of Juno Ⅰ	朱諾之刃Ⅰ	ok	ok
melee	3834	Blade of Juno Ⅱ	朱諾之刃Ⅱ	ok	ok
melee	3835	Blade of Juno Ⅲ	朱諾之刃Ⅲ	ok	ok
melee	3836	Stardust Blade	斯特阿爾德烏斯特刃	bad	phonetic_salad
melee	3837	Don Slash	堂斬	ok	ok
melee	3838	Don Shaver	堂斯哈阿維艾爾	ok	ok
melee	3839	Dodon Blade	隆隆刃	ok	ok
melee	3840	Dodon Katana	隆隆刀	ok	ok
melee	3841	Karmic Fire Dragonsword	火克阿爾姆伊克德爾阿格歐恩斯瓦	bad	phonetic_salad
melee	3842	Scythe of Terror	鎌磨尾虎	ok	ok
melee	3843	Rubino Snake I	紅寶石蛇Ⅰ	ok	ok
melee	3844	Rubino Snake II	紅寶石蛇Ⅱ	ok	ok
melee	3845	Rubino Snake III	紅寶石蛇Ⅲ	ok	ok
melee	3846	Rubino Snake IV	紅寶石蛇Ⅳ	ok	ok
melee	3847	Vesta Razor I	維斯塔剃刀Ⅰ	ok	ok
melee	3848	Vesta Razor II	維斯塔剃刀Ⅱ	ok	ok
melee	3849	Vesta Razor III	維斯塔剃刀Ⅲ	ok	ok
melee	3850	Gloria Vesta	格歐里阿維斯阿	ok	ok
melee	3851	Nebra Malleus	涅布阿姆阿勒勒艾烏斯	bad	phonetic_salad
melee	3852	Nebra Lapis	涅布阿青金	ok	ok
melee	3853	Cactus Breaker	仙人掌破壞	ok	ok
melee	3854	Death Venom Head	毒之死頭	ok	ok
melee	3855	Eques Mace	騎士鎚	ok	ok
melee	3856	Eques Hammer	騎士大錘	ok	ok
melee	3857	Eques Impact	未來迪衝撃	ok	ok
melee	3858	Weiss Gebet	白色祝祷	ok	ok
melee	3859	Strega Mace	魔女鎚	ok	ok
melee	3860	Strega Hammer	魔女大錘	ok	ok
melee	3861	Strega Impact	魔女衝撃	ok	ok
melee	3862	Schwartz Gebet	黑色祝祷	ok	ok
melee	3863	Gilded Serum	格伊勒德艾德血清	bad	phonetic_salad
melee	3864	Erga Seram	花語抉擇大錘	ok	ok
melee	3865	Erga Weiss	白色抉擇	ok	ok
melee	3866	Licht Rivale	勒伊克哈特里瓦勒	bad	phonetic_salad
melee	3867	Eisen Rider	黑鐵大錘	ok	ok
melee	3868	Erga Eisen	黑鐵抉擇大錘	ok	ok
melee	3869	Erga Schwertz	黑色抉擇	ok	ok
melee	3870	Nacht Rivale	恩阿克哈特里瓦勒	bad	phonetic_salad
melee	3871	Rubino Bison I	紅玉之野牛Ⅰ	ok	ok
melee	3872	Rubino Bison II	紅玉之野牛Ⅱ	ok	ok
melee	3873	Rubino Bison III	紅玉之野牛Ⅲ	ok	ok
melee	3874	Rubino Bison IV	紅玉之野牛Ⅳ	ok	ok
melee	3875	Gifted Fury	格伊夫特艾德狂	ok	ok
melee	3876	Dododon Ultraprize	德歐德歐德歐恩烏勒特爾阿普爾伊	bad	phonetic_salad
melee	3877	Atlas Buster I	阿特拉斯破壞Ⅰ	ok	ok
melee	3878	Atlas Buster II	阿特拉斯破壞Ⅱ	ok	ok
melee	3879	Atlas Buster III	阿特拉斯破壞Ⅲ	ok	ok
melee	3880	Great Globe	偉大地球儀	ok	ok
melee	3881	Don Horn	呑竜角	ok	ok
melee	3882	Don Flute	堂笛	ok	ok
melee	3883	Dodon Whistle	德歐德歐恩笛	ok	ok
melee	3884	Dodon Oboe	德歐德歐恩雙簧	ok	ok
melee	3885	Garuga Sax	黑狼鳥薩克斯風	ok	ok
melee	3886	Don Spike	堂之棘	ok	ok
melee	3887	Don Spear	呑竜槍	ok	ok
melee	3888	Dodon Tower	德歐德歐恩塔	ok	ok
melee	3889	Dodon Mountain	德歐德歐恩山	ok	ok
melee	3890	Gravios Eclipsespear	鎧竜日蝕矛	ok	ok
melee	3891	Nebra Ignis	星雲之火	ok	ok
melee	3892	Nebra Flamma	涅布阿夫勒阿姆姆阿	bad	phonetic_salad
melee	3893	Scarlet Queen	緋女王	ok	ok
melee	3894	White Geber Hasta Ⅰ	格伯槍【白】Ⅰ	ok	ok
melee	3895	White Geber Hasta Ⅱ	格伯槍【白】Ⅱ	ok	ok
melee	3896	White Geber Hasta Ⅲ	格伯槍【白】Ⅲ	ok	ok
melee	3897	Gungnir	永恆之槍	ok	ok
melee	3898	Black Geber Hasta Ⅰ	格伯槍【黑】Ⅰ	ok	ok
melee	3899	Black Geber Hasta Ⅱ	格伯槍【黑】Ⅱ	ok	ok
melee	3900	Black Geber Hasta Ⅲ	格伯槍【黑】Ⅲ	ok	ok
melee	3901	Rhongomyniat	爾哈歐恩格歐姆伊	bad	phonetic_salad
melee	3902	Red Geber Hasta Ⅰ	格伯槍【紅】Ⅰ	ok	ok
melee	3903	Red Geber Hasta Ⅱ	格伯槍【紅】Ⅱ	ok	ok
melee	3904	Red Geber Hasta Ⅲ	格伯槍【紅】Ⅲ	ok	ok
melee	3905	Luin	勒烏伊恩	ok	ok
melee	3906	Blue Geber Hasta Ⅰ	格伯槍【蒼】Ⅰ	ok	ok
melee	3907	Blue Geber Hasta Ⅱ	格伯槍【蒼】Ⅱ	ok	ok
melee	3908	Blue Geber Hasta Ⅲ	格伯槍【蒼】Ⅲ	ok	ok
melee	3909	Marte	冰霜銃槍	ok	ok
melee	3910	Alto Gunlance Ⅰ	中音銃槍Ⅰ	ok	ok
melee	3911	Alto Gunlance Ⅱ	中音銃槍Ⅱ	ok	ok
melee	3912	Alto Gunlance Ⅲ	中音銃槍Ⅲ	ok	ok
melee	3913	Romulus	爾歐姆烏勒烏斯	ok	ok
melee	3914	Yellow Geber Hasta Ⅰ	格伯槍【黄】Ⅰ	ok	ok
melee	3915	Yellow Geber Hasta Ⅱ	格伯槍【黄】Ⅱ	ok	ok
melee	3916	Yellow Geber Hasta Ⅲ	格伯槍【黄】Ⅲ	ok	ok
melee	3917	Brionac	布爾伊歐恩阿克	ok	ok
melee	3918	True Fairness	公正銃槍真式	ok	ok
melee	3919	Nova Flora Ⅰ	新星芙羅拉Ⅰ	ok	ok
melee	3920	Nova Flora Ⅱ	新星芙羅拉Ⅱ	ok	ok
melee	3921	Nova Flora Ⅲ	新星芙羅拉Ⅲ	ok	ok
melee	3922	Supernova	斯烏普艾爾恩歐維	bad	phonetic_salad
melee	3923	Honoo Katana	霍諾歐刀	ok	ok
melee	3924	Guren Katana	紅蓮刀	ok	ok
melee	3925	Gokuen Katana	格歐克烏艾恩刀	bad	type_phonetic
melee	3926	Bakuen Katana	布阿克烏艾恩刀	bad	type_phonetic
melee	3927	Albino Snake	急証明蛇	ok	ok
melee	3928	Gold Slasher	金斬	ok	ok
melee	3929	Hypno Rod	眠鳥杖	ok	ok
melee	3930	Hypno Marionette	眠姆阿爾伊歐恩艾特	bad	phonetic_salad
melee	3931	Mecha Hypno	梅奇阿眠	ok	ok
melee	3932	Super Mecha Hypno	超梅奇阿眠	ok	ok
melee	3933	Sfida Crest Ⅰ	挑戦紋章Ⅰ	ok	ok
melee	3934	Sfida Crest Ⅱ	挑戦紋章Ⅱ	ok	ok
melee	3935	Sfida Crest Ⅲ	挑戦紋章Ⅲ	ok	ok
melee	3936	Sfida Crest Ⅳ	挑戦紋章Ⅳ	ok	ok
melee	3937	Rubino Lizard Ⅰ	紅玉之蜥蜴Ⅰ	ok	ok
melee	3938	Rubino Lizard Ⅱ	紅玉之蜥蜴Ⅱ	ok	ok
melee	3939	Rubino Lizard Ⅲ	紅玉之蜥蜴Ⅲ	ok	ok
melee	3940	Rubino Lizard Ⅳ	紅玉之蜥蜴Ⅳ	ok	ok
melee	3941	Rembrandt Sword Ⅰ	林布蘭剣Ⅰ	ok	ok
melee	3942	Rembrandt Sword Ⅱ	林布蘭剣Ⅱ	ok	ok
melee	3943	Rembrandt Sword Ⅲ	林布蘭剣Ⅲ	ok	ok
melee	3944	Rembrandt Madness	刺針殺手	ok	ok
melee	3945	Baddeley Sword Ⅰ	巴德利剣Ⅰ	ok	ok
melee	3946	Baddeley Sword Ⅱ	巴德利剣Ⅱ	ok	ok
melee	3947	Baddeley Sword Ⅲ	巴德利剣Ⅲ	ok	ok
melee	3948	Deadly Hazard	致死哈阿茲阿爾德	bad	phonetic_salad
melee	3949	Pink and Blue	粉青	ok	ok
melee	3950	Rose and Cyan	薔薇青藍	ok	ok
melee	3951	Coral and Indigo	珊瑚藍	ok	ok
melee	3952	Azure and Cherry	蒼比納桃	ok	ok
melee	3953	Eternal Schism	永恆斯克哈伊斯姆	bad	phonetic_salad
melee	3954	Eques Cutters	未來迪克烏特特艾爾斯	bad	phonetic_salad
melee	3955	Eques Slicers	未來迪切	ok	ok
melee	3956	Eques Shredders	未來迪碎	ok	ok
melee	3957	Weiss Wint	懷斯瓦伊恩特	ok	ok
melee	3958	Strega Cutters	魔女雙剣	ok	ok
melee	3959	Strega Slicers	魔女切	ok	ok
melee	3960	Strega Shredders	魔女碎斷	ok	ok
melee	3961	Schwartz Wint	斯克哈瓦阿爾特茲瓦伊恩特	bad	phonetic_salad
melee	3962	Felyne Kukri	艾路猫克烏克爾伊	bad	phonetic_salad
melee	3963	Felyne Kukri+	艾路猫克烏克爾伊＋	bad	phonetic_salad
melee	3964	Cutting Felyne Claws	克烏特特伊恩格艾露之爪	bad	type_phonetic
melee	3965	Binding Felyne Claws	球紋章艾露之爪	ok	ok
melee	3966	Melynx Kukri	梅拉路克烏克爾伊	bad	phonetic_salad
melee	3967	Melynx Kukri+	梅拉路克烏克爾伊＋	bad	phonetic_salad
melee	3968	Melynx Cutting Claws	梅拉路之克烏特特伊恩格之爪	bad	type_phonetic
melee	3969	Scalding Melynx Claws	斯克阿勒德伊恩格奇猫爪	bad	type_phonetic
melee	3970	Red Blade Ⅰ	赤刃Ⅰ	ok	ok
melee	3971	Red Blade Ⅱ	赤刃Ⅱ	ok	ok
melee	3972	Red Blade Ⅲ	赤刃Ⅲ	ok	ok
melee	3973	Phoenix Red	鎧沸血赤	ok	ok
melee	3974	Carnel Twins I	紅玉髓雙子Ⅰ	ok	ok
melee	3975	Carnel Twins II	紅玉髓雙子Ⅱ	ok	ok
melee	3976	Carnel Twins III	紅玉髓雙子Ⅲ	ok	ok
melee	3977	Carnelian Swords	克阿爾恩艾勒伊阿斯瓦歐爾德斯	bad	phonetic_salad
melee	3978	Corsa	克歐爾斯阿	ok	ok
melee	3979	Cascata	大瀧	ok	ok
melee	3980	Cascata Enorme	克阿斯克阿特阿艾恩歐爾姆艾	bad	phonetic_salad
melee	3981	Primero Espada	普伊梅羅艾斯普阿德阿	bad	phonetic_salad
melee	3982	Legacy Plate	遺皿	ok	ok
melee	3983	Blanc Sword	聲急証剣	ok	ok
melee	3984	Blanc Blade	聲急証刃	ok	ok
melee	3985	Blanc Dius	聲急証德伊烏斯	ok	ok
melee	3986	Brandish	吹雪伏撃者	ok	ok
melee	3987	Sapphir Shark Ⅰ	藍寶石鯊Ⅰ	ok	ok
melee	3988	Sapphir Shark Ⅱ	藍寶石鯊Ⅱ	ok	ok
melee	3989	Sapphir Shark Ⅲ	藍寶石鯊Ⅲ	ok	ok
melee	3990	Sapphir Shark Ⅳ	藍寶石鯊Ⅳ	ok	ok
melee	3991	Cinnabar Blade I	辰砂刃Ⅰ	ok	ok
melee	3992	Cinnabar Blade II	辰砂刃Ⅱ	ok	ok
melee	3993	Cinnabar Blade III	辰砂刃Ⅲ	ok	ok
melee	3994	Vermillion Terror	朱紅磨尾虎	ok	ok
melee	3995	Chlorite Blade I	緑泥石刃Ⅰ	ok	ok
melee	3996	Chlorite Blade II	緑泥石刃Ⅱ	ok	ok
melee	3997	Chlorite Blade III	緑泥石刃Ⅲ	ok	ok
melee	3998	Seraphinite Sever	緑竜晶大剣	ok	ok
melee	3999	Daora Katana	鋼竜刀	ok	ok
melee	4000	Daora's Ire	鋼竜・神力	ok	ok
melee	4001	Pinnacle Drgn Sword	竜普伊恩恩阿克勒艾剣	bad	phonetic_salad
melee	4002	Wyvern Sword - Timber	飛竜剣木材	ok	ok
melee	4003	Metal Cutter	金属切斷	ok	ok
melee	4004	Metal Saber	金属剣	ok	ok
melee	4005	Metal Edge	金属刃	ok	ok
melee	4006	Metal Blade	金属刃	ok	ok
melee	4007	Crystal Claymore I	結晶闊剣Ⅰ	ok	ok
melee	4008	Crystal Claymore II	結晶闊剣Ⅱ	ok	ok
melee	4009	Crystal Claymore III	結晶闊剣Ⅲ	ok	ok
melee	4010	Crystal Rose	結晶薔薇	ok	ok
melee	4011	Don Stamp	堂印	ok	ok
melee	4012	Don Hammer	呑竜大錘	ok	ok
melee	4013	Dodon Crusher	德歐德歐恩碎	ok	ok
melee	4014	Dodon Destroyer	德歐德歐恩滅	ok	ok
melee	4015	Escarcha	寒霜	ok	ok
melee	4016	Basalt Hammer	大錘布阿斯阿勒特	bad	phonetic_salad
melee	4017	Crown Hammer	大錘之冠	ok	ok
melee	4018	Buster Crown	破壞之冠	ok	ok
melee	4019	Crown Smash	冠打	ok	ok
melee	4020	Crowning Smash	克爾歐瓦恩伊恩格打	bad	phonetic_salad
melee	4021	Pavillion Hammer	大錘普阿維伊勒勒伊歐	bad	phonetic_salad
melee	4022	Buster Pavillion	破普阿維伊勒勒伊歐	bad	phonetic_salad
melee	4023	Pavillion Smash	普阿維伊勒勒伊歐打	bad	phonetic_salad
melee	4024	Huge Pavillion	巨大普阿維伊勒勒伊歐	bad	phonetic_salad
melee	4025	Grenadier Hammer Ⅰ	擲彈兵大錘Ⅰ	ok	ok
melee	4026	Grenadier Hammer Ⅱ	擲彈兵大錘Ⅱ	ok	ok
melee	4027	Grenadier Hammer Ⅲ	擲彈兵大錘Ⅲ	ok	ok
melee	4028	Grenadier Blast	爆破格爾艾恩阿德伊艾	bad	phonetic_salad
melee	4029	Genprey Guitar Jr.	黄速終極征JR	ok	ok
melee	4030	Genprey Guitar	黄速終極征	ok	ok
melee	4031	Genprey Guitar+	黄速終極征＋	ok	ok
melee	4032	Custom Genprey Guitar	習黄速終極征	ok	ok
melee	4033	Deluxe Genprey Guitar	德魯克斯艾黄速終極征	ok	ok
melee	4034	Girino Andante	吉里諾阿恩德阿恩特艾	bad	phonetic_salad
melee	4035	Girino Moderate	吉里諾莫德拉特	ok	ok
melee	4036	Girino Allegro	吉里諾阿勒勒艾格爾歐	bad	phonetic_salad
melee	4037	Girino Presto	吉里諾普艾斯歐	ok	ok
melee	4038	Tonalita Andante	托娜利塔阿恩德阿恩特艾	bad	phonetic_salad
melee	4039	Tonalita Moderate	托娜利塔莫德拉特	bad	phonetic_salad
melee	4040	Tonalita Allegro	托娜利塔阿勒勒艾格爾歐	bad	phonetic_salad
melee	4041	Tonalita Presto	托娜利塔普艾斯歐	bad	phonetic_salad
melee	4042	Sapphir Acris I	藍寶石阿克里斯Ⅰ	ok	ok
melee	4043	Sapphir Acris II	藍寶石阿克里斯Ⅱ	ok	ok
melee	4044	Sapphir Acris III	藍寶石阿克里斯Ⅲ	ok	ok
melee	4045	Sapphir Acris IV	藍寶石阿克里斯Ⅳ	ok	ok
melee	4046	Ghat Pipe I	石榴石笛Ⅰ	ok	ok
melee	4047	Ghat Pipe II	石榴石笛Ⅱ	ok	ok
melee	4048	Ghat Pipe III	石榴石笛Ⅲ	ok	ok
melee	4049	Rhodolite	爾哈歐德歐勒伊特	bad	phonetic_salad
melee	4050	Thunderdance Lance	雷舞長槍	ok	ok
melee	4051	Egret Thunder Lance	雷艾格爾艾特槍	ok	ok
melee	4052	Longtail Thunder Lance	雷勒歐恩格特阿伊勒槍	ok	ok
melee	4053	Zhenniao Lance	茲哈艾恩恩伊阿歐槍	bad	phonetic_salad
melee	4054	Rapids Lance	長槍爾阿普伊德斯	bad	phonetic_salad
melee	4055	Undertaker+	送葬者＋	ok	ok
melee	4056	Union Lance	聯合長槍	ok	ok
melee	4057	Union Lance+	聯合長槍＋	ok	ok
melee	4058	Union Spear	聯合槍	ok	ok
melee	4059	Fucium Unionspear	夫烏克伊烏姆烏恩伊歐恩斯普艾	bad	phonetic_salad
melee	4060	Akantor Spire	霸竜斯普伊爾艾	ok	ok
melee	4061	Akantor Spire+	霸竜斯普伊爾艾＋	bad	phonetic_salad
melee	4062	Akantor Penetrator	霸竜貫通	ok	ok
melee	4063	Akantor Impaler	霸竜里法磁	ok	ok
melee	4064	Sapphir Sepia I	藍寶石烏賊Ⅰ	ok	ok
melee	4065	Sapphir Sepia II	藍寶石烏賊Ⅱ	ok	ok
melee	4066	Sapphir Sepia III	藍寶石烏賊Ⅲ	ok	ok
melee	4067	Sapphir Sepia IV	藍寶石烏賊Ⅳ	ok	ok
melee	4068	Cidolite Trance I	希德來Ⅰ	ok	ok
melee	4069	Cidolite Trance II	希德來Ⅱ	ok	ok
melee	4070	Cidolite Trance III	希德來Ⅲ	ok	ok
melee	4071	Hawk Eye	鷹眼	ok	ok
melee	4072	Don Cylinder	堂克伊勒伊恩德艾爾	bad	phonetic_salad
melee	4073	Don Blaster	堂爆裂	ok	ok
melee	4074	Dodon Cannon	隆隆加農砲	ok	ok
melee	4075	Dodon Geyser	德歐德歐恩格艾伊斯艾爾	bad	phonetic_salad
melee	4076	White Blast	爆破白	ok	ok
melee	4077	Rosa Gunlance Ⅰ	薔薇銃槍Ⅰ	ok	ok
melee	4078	Rosa Gunlance Ⅱ	薔薇銃槍Ⅱ	ok	ok
melee	4079	Rosa Gunlance Ⅲ	薔薇銃槍Ⅲ	ok	ok
melee	4080	Rubrum Gunlance	銃槍爾烏布爾烏姆	ok	ok
melee	4081	Agate Cannon Ⅰ	瑪瑙加農砲Ⅰ	ok	ok
melee	4082	Agate Cannon Ⅱ	瑪瑙加農砲Ⅱ	ok	ok
melee	4083	Agate Cannon Ⅲ	瑪瑙加農砲Ⅲ	ok	ok
melee	4084	Banded Gunlance	銃槍布阿恩德艾德	ok	ok
melee	4085	Perle Messer	珠姆艾斯斯艾爾	ok	ok
melee	4086	Perle Schmerz	珠斯克哈姆艾爾茲	bad	phonetic_salad
melee	4087	Perle Gedeihen	珠格艾德艾伊哈艾恩	bad	phonetic_salad
melee	4088	Perle Zahn	珠茲阿哈恩	ok	ok
melee	4089	Perle Nagel	珠恩阿格艾勒	ok	ok
melee	4090	Perle Ehrgeiz	珠艾哈爾格艾伊茲	bad	phonetic_salad
melee	4091	Perle Brett	珠布爾艾特特	ok	ok
melee	4092	Perle Tera	珠特拉	ok	ok
melee	4093	Perle Kraft	珠克爾阿夫特	ok	ok
melee	4094	Perle Fader	珠夫阿德艾爾	ok	ok
melee	4095	Perle Flugel	珠夫勒烏格艾勒	bad	phonetic_salad
melee	4096	Perle Himmel	珠哈伊姆姆艾勒	ok	ok
melee	4097	Perle Hammer	大錘珠	ok	ok
melee	4098	Perle Faust	珠法烏斯	ok	ok
melee	4099	Perle Unwetter	珠烏恩瓦艾特特艾爾	bad	phonetic_salad
melee	4100	Perle Gitarre	珠格伊特阿爾爾艾	bad	phonetic_salad
melee	4101	Perle Moot	珠姆歐歐特	ok	ok
melee	4102	Perle Seele	珠瑟艾勒	ok	ok
melee	4103	Perle Lanze	珠槍	ok	ok
melee	4104	Perle Turm	珠特烏爾姆	ok	ok
melee	4105	Perle Begierde	珠布艾格伊艾爾德艾	bad	phonetic_salad
melee	4106	Perle Kanone	珠可諾涅	ok	ok
melee	4107	Perle Panzer	珠普阿恩茲艾爾	ok	ok
melee	4108	Perle Herrlich	珠哈艾爾爾勒伊克哈	bad	phonetic_salad
melee	4109	Shellking Fortress	斯哈艾勒勒克伊恩要塞	bad	phonetic_salad
melee	4110	Unfailing Fortress	烏恩夫阿伊勒伊恩要塞	bad	phonetic_salad
melee	4111	Steadfast Dragonsword	斯特艾阿德夫阿斯德爾阿格歐恩斯瓦	bad	phonetic_salad
melee	4112	Olympus Dragonsword	歐勒伊姆普烏斯德爾阿格歐恩斯瓦	bad	phonetic_salad
melee	4113	Shellking Armorblade	斯哈艾勒勒克伊恩鎧刃	bad	phonetic_salad
melee	4114	Shellking Hardsword	斯哈艾勒勒克伊恩硬剣	bad	phonetic_salad
melee	4115	Gold Crest Ⅴ	金紋章Ⅴ	ok	ok
melee	4116	Silver Crest Ⅴ	銀紋章Ⅴ	ok	ok
melee	4117	Bronze Crest Ⅴ	銅紋章Ⅴ	ok	ok
melee	4118	Sfida Crest Ⅴ	挑戦紋章Ⅴ	ok	ok
melee	4119	Minekumo	米涅庫莫	ok	ok
melee	4120	Ayakumo	阿雅庫莫	ok	ok
melee	4121	Shikumo	修伊庫莫	ok	ok
melee	4122	Murakumo	穆拉庫莫	ok	ok
melee	4123	Crab Sword	蟹剣	ok	ok
melee	4124	Crab Sword+	蟹剣＋	ok	ok
melee	4125	King Crab Sword	王蟹剣	ok	ok
melee	4126	Daimyo Sword	大名盾蟹剣	ok	ok
melee	4127	Aegis Force	阿艾格伊斯力	ok	ok
melee	4128	Blade Shield	刃盾	ok	ok
melee	4129	Queen Gold	女王金	ok	ok
melee	4130	Cutter	切斷	ok	ok
melee	4131	Slicer	斬撃	ok	ok
melee	4132	Chopper	克哈歐普普艾爾	ok	ok
melee	4133	Hewer	斬刻	ok	ok
melee	4134	Frost Fiscal	霜財務	ok	ok
melee	4135	Hail Fiscal	雹財務	ok	ok
melee	4136	Glass Fiscal	杯財務	ok	ok
melee	4137	Neve Fiscal	涅維財務	ok	ok
melee	4138	Calm Fiscal	靜財務	ok	ok
melee	4139	Breeze Fiscal	布艾艾澤財務	ok	ok
melee	4140	Rafale Fiscal	拉法勒夫伊斯克阿勒	bad	phonetic_salad
melee	4141	Storm Fiscal	風暴財務	ok	ok
melee	4142	Briard I	布里犬Ⅰ	ok	ok
melee	4143	Briard II	布里犬Ⅱ	ok	ok
melee	4144	Briard III	布里犬Ⅲ	ok	ok
melee	4145	Ferbriard	瘟疫蔓延	ok	ok
melee	4146	Zestien Gram Ⅰ	十六格拉姆Ⅰ	ok	ok
melee	4147	Zestien Gram Ⅱ	十六格拉姆Ⅱ	ok	ok
melee	4148	Zestien Gram Ⅲ	十六格拉姆Ⅲ	ok	ok
melee	4149	Zestien Blade	茲艾斯特伊艾恩刃	bad	phonetic_salad
melee	4150	Rubrum Crest Ⅰ	赤紋章Ⅰ	ok	ok
melee	4151	Rubrum Crest Ⅱ	赤紋章Ⅱ	ok	ok
melee	4152	Rubrum Crest Ⅲ	赤紋章Ⅲ	ok	ok
melee	4153	Rubrum Crest Ⅳ	赤紋章Ⅳ	ok	ok
melee	4154	Rubrum Crest Ⅴ	赤紋章Ⅴ	ok	ok
melee	4155	Steel Lizard Ⅴ	鋼之蜥蜴Ⅴ	ok	ok
melee	4156	Pure Lunastra Cutters	純炎妃克烏特特艾爾斯	bad	phonetic_salad
melee	4157	Wicked Lunastra Cutters	邪炎妃克烏特特艾爾斯	bad	phonetic_salad
melee	4158	Velocidrome Claws	藍速竜王之爪	ok	ok
melee	4159	Great Tomahawk	大戦斧	ok	ok
melee	4160	Great Tomahawk+	大戦斧＋	ok	ok
melee	4161	Twin Axe	球紋章斧	ok	ok
melee	4162	Lento Chiff Ⅰ	緩板Ⅰ	ok	ok
melee	4163	Lento Chiff Ⅱ	緩板Ⅱ	ok	ok
melee	4164	Lento Chiff Ⅲ	緩板Ⅲ	ok	ok
melee	4165	Acid Wrencher	寒鐵斬撃者	ok	ok
melee	4166	Storm Yell Ⅰ	暴風吶喊Ⅰ	ok	ok
melee	4167	Storm Yell Ⅱ	暴風吶喊Ⅱ	ok	ok
melee	4168	Storm Yell Ⅲ	暴風吶喊Ⅲ	ok	ok
melee	4169	Storm Raid	風暴爾阿伊德	ok	ok
melee	4170	Rubino Swallow Ⅰ	紅寶石燕Ⅰ	ok	ok
melee	4171	Rubino Swallow Ⅱ	紅寶石燕Ⅱ	ok	ok
melee	4172	Rubino Swallow Ⅲ	紅寶石燕Ⅲ	ok	ok
melee	4173	Rubino Swallow Ⅳ	紅寶石燕Ⅳ	ok	ok
melee	4174	Steel Swallow Ⅴ	鋼燕Ⅴ	ok	ok
melee	4175	Getsurin Greatsword	大剣格艾特斯烏爾伊恩	bad	phonetic_salad
melee	4176	Getsuei Greatsword	大剣格艾特斯烏艾伊	bad	phonetic_salad
melee	4177	Gekkou Greatsword	大剣格艾克克歐烏	bad	phonetic_salad
melee	4178	Tsukuyomi Greatsword	大剣特斯烏克烏伊歐姆	bad	phonetic_salad
melee	4179	Brynhildr	布爾伊恩哈伊勒德	bad	phonetic_salad
melee	4180	Siegfried	齊格蒙大剣	ok	ok
melee	4181	Extreme Drgn Eradicator	竜極螺鈿終	bad	raden_end
melee	4182	Snow Falx	雪夫阿勒克斯	ok	ok
melee	4183	Snow Falx+	雪夫阿勒克斯＋	ok	ok
melee	4184	Blizzard Shamshir	吹雪斯哈阿姆斯哈伊爾	bad	phonetic_salad
melee	4185	Blizzard Feather	吹雪之羽	ok	ok
melee	4186	Gran Falx	大夫阿勒克斯	ok	ok
melee	4187	Gran Falx+	大夫阿勒克斯＋	ok	ok
melee	4188	Giant Shamshir	巨大斯哈阿姆斯哈伊爾	bad	phonetic_salad
melee	4189	Giant Feather	巨大之羽	ok	ok
melee	4190	Amixial	阿姆伊克斯伊阿勒	bad	phonetic_salad
melee	4191	Amixial+	阿姆伊克斯伊阿勒＋	bad	phonetic_salad
melee	4192	Amixaldo	阿姆伊克斯阿勒德	bad	phonetic_salad
melee	4193	Amicus Cleave	摯友克艾阿維	ok	ok
melee	4194	Wachter Axt	守護巨斧	ok	ok
melee	4195	Richter Axt	騎士巨斧	ok	ok
melee	4196	Konig Axt	克歐恩伊格阿克斯特	bad	phonetic_salad
melee	4197	Jagd Axt	狩獵巨斧	ok	ok
melee	4198	Quelle Axt	奎烏艾勒勒艾阿克斯特	bad	phonetic_salad
melee	4199	Fur Axt	烈火巨斧	ok	ok
melee	4200	Flamme Axt	火焔斧	ok	ok
melee	4201	Asche Axt	灰燼巨斧	ok	ok
melee	4202	Groza Axt	格歐扎斧	ok	ok
melee	4203	Glome Axt	格歐梅阿克斯特	ok	ok
melee	4204	Bria Axt	深海巨斧	ok	ok
melee	4205	Ixra Axt	雷神巨斧	ok	ok
melee	4206	Drive Vasto Ⅰ	驅動廣大Ⅰ	ok	ok
melee	4207	Drive Vasto Ⅱ	驅動廣大Ⅱ	ok	ok
melee	4208	Drive Vasto Ⅲ	驅動廣大Ⅲ	ok	ok
melee	4209	Vellfire	維艾勒勒夫伊爾艾	bad	phonetic_salad
melee	4210	Full Smash Ⅰ	全力碎撃Ⅰ	ok	ok
melee	4211	Full Smash Ⅱ	全力碎撃Ⅱ	ok	ok
melee	4212	Full Smash Ⅲ	全力碎撃Ⅲ	ok	ok
melee	4213	Smash Daito	打達伊托	ok	ok
melee	4214	Steel Rhinos V	鋼犀Ⅴ	ok	ok
melee	4215	Steel Shark V	鋼鯊Ⅴ	ok	ok
melee	4216	Suserihime	牙狼刀【須世理】	ok	ok
melee	4217	Okuninushi	歐庫尼努修伊	ok	ok
melee	4218	Orochi	歐羅奇伊	ok	ok
melee	4219	Susanoo	蘇薩諾歐	ok	ok
melee	4220	Otsunami	歐特斯烏恩阿姆伊	bad	phonetic_salad
melee	4221	Crimson Flame Sword	深紅炎剣	ok	ok
melee	4222	Hierro Calma	哈伊艾爾爾歐克阿勒姆阿	bad	phonetic_salad
melee	4223	Hierro Brisa	哈伊艾爾爾歐布伊薩	bad	phonetic_salad
melee	4224	Hierro Viento	哈伊艾爾爾歐維伊艾恩特歐	bad	phonetic_salad
melee	4225	Hierro Rafagas	哈伊艾爾爾歐爾阿夫阿格阿斯	bad	phonetic_salad
melee	4226	Hierro Huracanes	哈伊艾爾爾歐哈烏爾阿克阿恩艾	bad	phonetic_salad
melee	4227	Melynx Pain	梅拉路痛	ok	ok
melee	4228	Melynx Penalty	梅拉路普艾恩阿勒特伊	bad	phonetic_salad
melee	4229	Melynx Judgement	梅拉路杰烏德格艾姆艾恩	bad	phonetic_salad
melee	4230	Melynx Punishment	梅拉路普烏恩伊斯哈姆艾	bad	phonetic_salad
melee	4231	Dragonfang Edge	德爾阿格歐恩夫阿端	bad	phonetic_salad
melee	4232	Twilight Dragonfang Edge	拉比納德爾阿格歐恩夫阿端	bad	phonetic_salad
melee	4233	Moonless Night Edge	姆歐歐恩勒艾斯斯夜端	bad	phonetic_salad
melee	4234	Jet Black Katana	杰艾特黑刀	bad	type_phonetic
melee	4235	Mistpouffer Blade	姆伊斯特普歐烏夫刃	bad	phonetic_salad
melee	4236	Watergun Blade	瓦阿特艾爾格烏恩刃	bad	phonetic_salad
melee	4237	Brontidi Blade	布爾歐恩特伊德伊刃	bad	phonetic_salad
melee	4238	Skyquake Blade	斯克伊奎烏阿克艾刃	bad	phonetic_salad
melee	4239	Sprouting Sakura	斯普爾歐烏特伊恩桜	bad	phonetic_salad
melee	4240	Growing Sakura	格歐威恩桜	ok	ok
melee	4241	Budding Sakura	櫻華刀【七分】	ok	ok
melee	4242	Blooming Sakura	開花桜	ok	ok
melee	4243	Nirgudi Edge I	尼古迪刃Ⅰ	ok	ok
melee	4244	Nirgudi Edge II	尼古迪刃Ⅱ	ok	ok
melee	4245	Nirgudi Edge III	尼古迪刃Ⅲ	ok	ok
melee	4246	Nirgudi Apex	黑曜閃光巨剣	ok	ok
melee	4247	Trance Blade I	出神刃Ⅰ	ok	ok
melee	4248	Trance Blade II	出神刃Ⅱ	ok	ok
melee	4249	Trance Blade III	出神刃Ⅲ	ok	ok
melee	4250	Trance Breaker	迷亂粉碎者	ok	ok
melee	4251	Steel Snake V	鋼之蛇Ⅴ	ok	ok
melee	4252	Izumo Hammer	大錘伊祖莫	ok	ok
melee	4253	Yakumo Hammer	大錘雅庫莫	ok	ok
melee	4254	Zuiun Hammer	大錘茲烏伊烏恩	ok	ok
melee	4255	Keiun Hammer	大錘克艾伊烏恩	ok	ok
melee	4256	Stella Fisso	斯特艾勒勒阿夫伊斯斯歐	bad	phonetic_salad
melee	4257	Eternal Ice Cube	冰永恆庫貝	ok	ok
melee	4258	Flail	鎖鎚	ok	ok
melee	4259	Revolving Flail	爾艾維歐勒維伊恩鎖鎚	bad	phonetic_salad
melee	4260	Spinning Flail	斯普伊恩恩伊恩格鎖鎚	bad	phonetic_salad
melee	4261	Whirling Flail	瓦哈伊爾勒伊恩格鎖鎚	bad	phonetic_salad
melee	4262	Blue Strafe I	青掃射Ⅰ	ok	ok
melee	4263	Blue Strafe II	青掃射Ⅱ	ok	ok
melee	4264	Blue Strafe III	青掃射Ⅲ	ok	ok
melee	4265	GrafSchnee	雪崩	ok	ok
melee	4266	Red Strafe I	赤掃射Ⅰ	ok	ok
melee	4267	Red Strafe II	赤掃射Ⅱ	ok	ok
melee	4268	Red Strafe III	赤掃射Ⅲ	ok	ok
melee	4269	Echt Grundzahl	艾克哈特格爾烏恩德茲阿哈	bad	phonetic_salad
melee	4270	Yellow Strafe I	黄掃射Ⅰ	ok	ok
melee	4271	Yellow Strafe II	黄掃射Ⅱ	ok	ok
melee	4272	Yellow Strafe III	黄掃射Ⅲ	ok	ok
melee	4273	Dire Blitz	駭閃撃	ok	ok
melee	4274	Aqua Strafe I	水掃射Ⅰ	ok	ok
melee	4275	Aqua Strafe II	水掃射Ⅱ	ok	ok
melee	4276	Aqua Strafe III	水掃射Ⅲ	ok	ok
melee	4277	Flussigkeit	夫勒烏斯斯伊格克	bad	phonetic_salad
melee	4278	Pale Strafe I	淡掃射Ⅰ	ok	ok
melee	4279	Pale Strafe II	淡掃射Ⅱ	ok	ok
melee	4280	Pale Strafe III	淡掃射Ⅲ	ok	ok
melee	4281	Ende Nachricht	終結之錘	ok	ok
melee	4282	Piceous Strafe I	漆黑掃射Ⅰ	ok	ok
melee	4283	Piceous Strafe II	漆黑掃射Ⅱ	ok	ok
melee	4284	Piceous Strafe III	漆黑掃射Ⅲ	ok	ok
melee	4285	Finster Drachen	夫伊恩斯特艾爾德爾阿克哈艾恩	bad	phonetic_salad
melee	4286	Anteka's Wald	雪鹿・木	ok	ok
melee	4287	Anteka's Geschenk	雪鹿・贈禮	ok	ok
melee	4288	Anteka's Julfest	雪鹿・禮品	ok	ok
melee	4289	Anteka's Gift	雪鹿・禮物	ok	ok
melee	4290	Dagda Hammer I	達格達大錘Ⅰ	ok	ok
melee	4291	Dagda Hammer II	達格達大錘Ⅱ	ok	ok
melee	4292	Dagda Hammer III	達格達大錘Ⅲ	ok	ok
melee	4293	Dagda Deiwos Hammer	大錘德阿格德阿德艾伊瓦歐斯	bad	phonetic_salad
melee	4294	Wisel I	維斯瓦爾Ⅰ	ok	ok
melee	4295	Wisel II	維斯瓦爾Ⅱ	ok	ok
melee	4296	Wisel III	維斯瓦爾Ⅲ	ok	ok
melee	4297	Wisel Anmut	瓦伊斯艾勒阿恩姆烏特	bad	phonetic_salad
melee	4298	Steel Bison V	鋼野牛Ⅴ	ok	ok
melee	4299	Lunastra Tidy Pipe	炎妃竜特伊德伊管	ok	ok
melee	4300	Lunastra Bewitching Pipe	炎妃竜魅惑管	ok	ok
melee	4301	Volcanic Crescend	維歐勒克阿恩伊克克爾艾斯克艾恩德	bad	phonetic_salad
melee	4302	Shaka Boom	沙迦布歐歐姆	ok	ok
melee	4303	Shakalaka Boom	奇面族布歐歐姆	ok	ok
melee	4304	Shaka Breakfast Bell	沙迦布爾艾阿克夫阿斯鐘	bad	phonetic_salad
melee	4305	Cha Cha Tempo	奇阿奇阿速度	ok	ok
melee	4306	Akuraria	蠍音盒	ok	ok
melee	4307	Akuraria Sound	晶蠍音盒	ok	ok
melee	4308	Akuraria Oversound	阿庫拉里阿歐維艾爾斯歐烏恩	bad	phonetic_salad
melee	4309	Clarion	克勒阿爾伊歐恩	ok	ok
melee	4310	Steel Acris Ⅴ	鋼阿克里斯Ⅴ	ok	ok
melee	4311	Lunastra Lovely Spear	炎妃竜可愛槍	ok	ok
melee	4312	Lunastra Gorgeous Spear	炎妃竜華麗槍	ok	ok
melee	4313	Iglacies	伊格勒阿克伊艾斯	bad	phonetic_salad
melee	4314	Pearl Glacies	珠格勒阿克伊艾斯	bad	phonetic_salad
melee	4315	Cryoglacies	克爾伊歐格勒阿克	bad	phonetic_salad
melee	4316	Icy Tower	氷塔	ok	ok
melee	4317	Vajra Dragonator	維阿杰爾阿德爾阿格歐恩阿特	bad	phonetic_salad
melee	4318	Black Cyclone	黑旋	ok	ok
melee	4319			ok	skip_empty_dummy
melee	4320			ok	skip_empty_dummy
melee	4321			ok	skip_empty_dummy
melee	4322			ok	skip_empty_dummy
melee	4323	Squire Lance	長槍侍從	ok	ok
melee	4324	Squire Spear	侍從槍	ok	ok
melee	4325	Squire Hasta	侍從槍	ok	ok
melee	4326	Weissberg	白色山脈	ok	ok
melee	4327	Strega Lance	魔女長槍	ok	ok
melee	4328	Strega Spear	魔女槍	ok	ok
melee	4329	Strega Hasta	魔女槍	ok	ok
melee	4330	Schwarzberg	黑色山脈	ok	ok
melee	4331	Aqua Prova	水普歐瓦	ok	ok
melee	4332	Aqua Richter	水爾伊克哈特艾爾	bad	phonetic_salad
melee	4333	Aqua Fargeot	水夫阿爾格艾歐特	bad	phonetic_salad
melee	4334	Aqua Justice	水正義	ok	ok
melee	4335	Chrome Prova	鍍普歐瓦	ok	ok
melee	4336	Chrome Richter	鍍爾伊克哈特艾爾	bad	phonetic_salad
melee	4337	Chrome Fargeot	鍍夫阿爾格艾歐特	bad	phonetic_salad
melee	4338	Chrome Justice	鍍正義	ok	ok
melee	4339	Steel Sepia Ⅴ	鋼烏賊Ⅴ	ok	ok
melee	4340	Xingcai Gunlance	銃槍克斯伊恩可伊	ok	ok
melee	4341	Kyosei Gunlance	銃槍克伊歐斯艾伊	ok	ok
melee	4342	Myojo Gunlance	銃槍姆伊歐杰歐	ok	ok
melee	4343	Kyokko Gunlance	銃槍克伊歐克克歐	ok	ok
melee	4344	King Slugger	王強打	ok	ok
melee	4345	Frigid Cannon	夫爾伊格伊德砲	ok	ok
melee	4346	Frigid Cannon+	夫爾伊格伊德砲＋	bad	phonetic_salad
melee	4347	Frigid Tower	夫爾伊格伊德塔	ok	ok
melee	4348	Ice Cathedral	冰克阿特哈艾德爾阿	bad	phonetic_salad
melee	4349	Dormire Cannon	德歐爾姆伊爾艾砲	bad	phonetic_salad
melee	4350	Dormire Cannon+	德歐爾姆伊爾艾砲＋	bad	phonetic_salad
melee	4351	Dormire Tower	德歐爾姆伊爾艾塔	bad	phonetic_salad
melee	4352	Sleep Cathedral	睡眠克阿特哈艾德爾阿	bad	phonetic_salad
melee	4353	Scale Rivana I	鱗・里瓦納Ⅰ	ok	ok
melee	4354	Scale Rivana II	鱗・里瓦納Ⅱ	ok	ok
melee	4355	Scale Rivana III	鱗・里瓦納Ⅲ	ok	ok
melee	4356	Scale Punish	鱗普尼修	ok	ok
melee	4357	Desert Sand I	沙漠砂Ⅰ	ok	ok
melee	4358	Desert Sand II	沙漠砂Ⅱ	ok	ok
melee	4359	Desert Sand III	沙漠砂Ⅲ	ok	ok
melee	4360	Desert Trick	沙漠圈套	ok	ok
melee	4361	Rubino Hawk I	紅玉之鷹Ⅰ	ok	ok
melee	4362	Rubino Hawk II	紅玉之鷹Ⅱ	ok	ok
melee	4363	Rubino Hawk III	紅玉之鷹Ⅲ	ok	ok
melee	4364	Rubino Hawk IV	紅玉之鷹Ⅳ	ok	ok
melee	4365	Steel Hawk V	鋼鷹Ⅴ	ok	ok
melee	4366	Crater Rock	克爾阿特艾爾岩	ok	ok
melee	4367	Type 11 Machine Lance	長槍型１１瑪奇伊涅	ok	ok
melee	4368	God Rider Spear	神騎手槍	ok	ok
melee	4369	Ophion Sword	俄菲翁剣	ok	ok
melee	4370	"Ophion Sword ""Flash"""	俄菲翁剣【閃光】	ok	ok
melee	4371	"Ophion Sword ""Shine"""	俄菲翁剣【光輝】	ok	ok
melee	4372	"Ophion Sword ""Glory"""	俄菲翁剣【栄光】	ok	ok
melee	4373	Luna's Favoritism	炎妃剣【偏愛】	ok	ok
melee	4374	Luna's Desire	炎妃剣【渇愛】	ok	ok
melee	4375	Ark of the Sky	阿爾克空	ok	ok
melee	4376	Forbidden Doomed Soul	夫歐爾布伊德德艾德歐歐姆艾德魂	bad	phonetic_salad
melee	4377	High Plesioth Storm	水竜上位嵐	ok	ok
melee	4378	Thor Indra+	特哈歐爾伊恩德爾阿＋	bad	phonetic_salad
melee	4379	Zeus Indra	雷神皇剣印多拉	ok	ok
melee	4380	Kut-Ku Hatred	怪鳥憤怒短剣	ok	ok
melee	4381	Small Hagoita	小羽子板	ok	ok
melee	4382	Small Eclipse Hagoita	小蝕羽子板	ok	ok
melee	4383	Small Drink Hagoita	小飲料羽子板	ok	ok
melee	4384	Small Food Hagoita	小食料羽子板	ok	ok
melee	4385	Rondo Ⅰ	輪旋曲Ⅰ	ok	ok
melee	4386	Rondo Ⅱ	輪旋曲Ⅱ	ok	ok
melee	4387	Rondo Ⅲ	輪旋曲Ⅲ	ok	ok
melee	4388	Cleave Rondo	克艾阿維輪旋	ok	ok
melee	4389	Seele Ⅰ	靈魂Ⅰ	ok	ok
melee	4390	Seele Ⅱ	靈魂Ⅱ	ok	ok
melee	4391	Seele Ⅲ	靈魂Ⅲ	ok	ok
melee	4392	Kvar Seele	克維阿爾瑟艾勒	ok	ok
melee	4393	Rubino Lizard V	紅玉之蜥蜴Ⅴ	ok	ok
melee	4394	Shellking Armored Twins	斯哈艾勒勒克伊恩阿爾姆歐爾艾德雙子	bad	phonetic_salad
melee	4395	Shellking Adamant Twins	斯哈艾勒勒克伊恩精金雙子	bad	phonetic_salad
melee	4396	Twin Tornado	球紋章竜巻	ok	ok
melee	4397	Potent Dual Chameleos	霞竜普歐特艾恩特雙	ok	ok
melee	4398	Crusher Ice Axe	粉碎氷斧	ok	ok
melee	4399	Strengthened Power Saws+	斯特爾艾恩格特哈力鋸＋	bad	phonetic_salad
melee	4400	Kut-Ku Slasher	怪鳥斬	ok	ok
melee	4401	Crazy Bonbon	克爾阿茲伊布歐恩布歐恩	bad	phonetic_salad
melee	4402	Twin Blitz	球紋章閃撃	ok	ok
melee	4403	Twin Blitz+	球紋章閃撃＋	ok	ok
melee	4404	Dual Blitz	雙閃撃	ok	ok
melee	4405	Eclair Gem	艾克勒阿伊爾寶	bad	phonetic_salad
melee	4406	Twin Pearls	球紋章普艾阿爾勒斯	bad	phonetic_salad
melee	4407	Twin Pearls+	球紋章普艾阿爾勒斯＋	bad	phonetic_salad
melee	4408	Dual Pearls	雙普艾阿爾勒斯	ok	ok
melee	4409	Vapor Gem	維阿普歐爾寶	ok	ok
melee	4410	Serenade Ⅰ	小夜曲Ⅰ	ok	ok
melee	4411	Serenade Ⅱ	小夜曲Ⅱ	ok	ok
melee	4412	Serenade Ⅲ	小夜曲Ⅲ	ok	ok
melee	4413	Las Serenade	勒阿斯瑟雷娜德	ok	ok
melee	4414	Natur Ⅰ	自然Ⅰ	ok	ok
melee	4415	Natur Ⅱ	自然Ⅱ	ok	ok
melee	4416	Natur Ⅲ	自然Ⅲ	ok	ok
melee	4417	Raj Natur	赤鋼切割者	ok	ok
melee	4418	Rubino Swallow V	紅寶石燕Ⅴ	ok	ok
melee	4419	Ophion Blade	俄菲翁刃	ok	ok
melee	4420	"Ophion Blade ""Flash"""	俄菲翁刃【閃光】	ok	ok
melee	4421	"Ophion Blade ""Shine"""	俄菲翁刃【光輝】	ok	ok
melee	4422	"Ophion Blade ""Glory"""	俄菲翁刃【栄光】	ok	ok
melee	4423	Don Plate	堂盤	ok	ok
melee	4424	Don Sword	呑竜剣	ok	ok
melee	4425	Dodon Punisher	德歐德歐恩普烏恩伊斯哈艾爾	bad	phonetic_salad
melee	4426	Dodon Genocide	德歐德歐恩格諾西德	bad	phonetic_salad
melee	4427	Combustion Sword	克歐姆布烏斯特伊剣	bad	phonetic_salad
melee	4428	Cat's Bind	猫之束縛	ok	ok
melee	4429	Marine Scissor	海之鋏	ok	ok
melee	4430	Genocide Razor	格諾西德剃刀	ok	ok
melee	4431	Dragon Jawblade	竜顎刃	ok	ok
melee	4432	Rusty Great Sword	生錆偉大剣	ok	ok
melee	4433	Jewel Blade	珠刃	ok	ok
melee	4434	Pime Blade	皮梅刃	ok	ok
melee	4435	Treasure Blade	寶物刃	ok	ok
melee	4436	Invisible Licker	伊恩維伊斯伊布勒勒伊克克艾爾	bad	phonetic_salad
melee	4437	Invisible Devourer	伊恩維伊斯伊布勒德艾維歐烏爾艾爾	bad	phonetic_salad
melee	4438	Invisible Raider	伊恩維伊斯伊布勒爾阿伊德艾爾	bad	phonetic_salad
melee	4439	Invisible Assasin	伊恩維伊斯伊布勒阿斯斯阿斯伊恩	bad	phonetic_salad
melee	4440	Ice Gladius Ⅰ	冰短剣Ⅰ	ok	ok
melee	4441	Ice Gladius Ⅱ	冰短剣Ⅱ	ok	ok
melee	4442	Ice Gladius Ⅲ	冰短剣Ⅲ	ok	ok
melee	4443	La Neige	拉涅伊格	ok	ok
melee	4444	Light Gladius Ⅰ	光短剣Ⅰ	ok	ok
melee	4445	Light Gladius Ⅱ	光短剣Ⅱ	ok	ok
melee	4446	Light Gladius Ⅲ	光短剣Ⅲ	ok	ok
melee	4447	Fall Claire	落克阿伊雷	ok	ok
melee	4448	Pain Gladius I	痛短剣Ⅰ	ok	ok
melee	4449	Pain Gladius II	痛短剣Ⅱ	ok	ok
melee	4450	Pain Gladius III	痛短剣Ⅲ	ok	ok
melee	4451	Slay Ruler	討伐支配	ok	ok
melee	4452	Heat Gladius Ⅰ	熱短剣Ⅰ	ok	ok
melee	4453	Heat Gladius Ⅱ	熱短剣Ⅱ	ok	ok
melee	4454	Heat Gladius Ⅲ	熱短剣Ⅲ	ok	ok
melee	4455	Merv Mirage	深紅海市蜃樓	ok	ok
melee	4456	Prime Gladius I	原初短剣Ⅰ	ok	ok
melee	4457	Prime Gladius II	原初短剣Ⅱ	ok	ok
melee	4458	Prime Gladius III	原初短剣Ⅲ	ok	ok
melee	4459	Fallen Ideals	夫阿勒勒艾恩伊德艾阿勒斯	bad	phonetic_salad
melee	4460	Aim Gladius I	照準短剣Ⅰ	ok	ok
melee	4461	Aim Gladius II	照準短剣Ⅱ	ok	ok
melee	4462	Aim Gladius III	照準短剣Ⅲ	ok	ok
melee	4463	Grateful Weaver	格爾阿特艾夫烏勒瓦艾阿維艾爾	bad	phonetic_salad
melee	4464	Fire Thorn	火刺	ok	ok
melee	4465	Flame Thorn	炎刺	ok	ok
melee	4466	Blaze Thorn	炎刺	ok	ok
melee	4467	Flare Thorn	輝刺	ok	ok
melee	4468	Ice Thorn	冰刺	ok	ok
melee	4469	Icicle Thorn	冰柱刺	ok	ok
melee	4470	Frost Thorn	霜刺	ok	ok
melee	4471	Freeze Thorn	恩流浪刺	ok	ok
melee	4472	Spark Thorn	火花刺	ok	ok
melee	4473	Plasma Thorn	普勒阿斯姆阿刺	ok	ok
melee	4474	Thunder Thorn	雷刺	ok	ok
melee	4475	Lightning Thorn	雷刺	ok	ok
melee	4476	Nocturne Ⅰ	夜曲Ⅰ	ok	ok
melee	4477	Nocturne Ⅱ	夜曲Ⅱ	ok	ok
melee	4478	Nocturne Ⅲ	夜曲Ⅲ	ok	ok
melee	4479	Horrid Nocturne	哈歐爾爾伊德恩歐克特烏爾恩艾	bad	phonetic_salad
melee	4480	Schnitte Ⅰ	施尼特Ⅰ	ok	ok
melee	4481	Schnitte Ⅱ	施尼特Ⅱ	ok	ok
melee	4482	Schnitte Ⅲ	施尼特Ⅲ	ok	ok
melee	4483	Great Schnitte	強力刀刃	ok	ok
melee	4484	Rubino Shark Ⅰ	紅玉之鯊Ⅰ	ok	ok
melee	4485	Rubino Shark Ⅱ	紅玉之鯊Ⅱ	ok	ok
melee	4486	Rubino Shark Ⅲ	紅玉之鯊Ⅲ	ok	ok
melee	4487	Rubino Shark Ⅳ	紅玉之鯊Ⅳ	ok	ok
melee	4488	Rubino Shark Ⅴ	紅玉之鯊Ⅴ	ok	ok
melee	4489	Rubino Rhinos Ⅴ	紅玉之犀Ⅴ	ok	ok
melee	4490	Daimyo Scythe	大名盾蟹鎌	ok	ok
melee	4491	"Wyvern Blade ""Crimson"""	飛竜刃【深紅】	ok	ok
melee	4492	Death Blos Scythe	角竜死鎌	ok	ok
melee	4493	Ecdysis	艾克德伊斯伊斯	ok	ok
melee	4494	Pure Rock	純岩	ok	ok
melee	4495	Spirit Rock Sword	霊岩剣	ok	ok
melee	4496	Obsidian Sword	黑曜石剣	ok	ok
melee	4497	Genbu Rock Sword	磁化抑岩剣	ok	ok
melee	4498	Hina Fes Sword	希娜夫艾斯剣	ok	ok
melee	4499	Hina Fes Sword+	希娜夫艾斯剣＋	bad	phonetic_salad
melee	4500	True Hina Fes Sword	真希娜夫艾斯剣	bad	phonetic_salad
melee	4501	Hina Fest Lover	希娜菲斯勒歐維艾爾	bad	phonetic_salad
melee	4502	Rarest Scythe	拉雷斯鎌	ok	ok
melee	4503	Eresh Scythe	艾雷修鎌	ok	ok
melee	4504	Mol Scythe	姆歐勒鎌	ok	ok
melee	4505	Walkure	瓦阿勒克烏爾艾	ok	ok
melee	4506	Lightsword	光剣	ok	ok
melee	4507	Dawnsword	暁剣	ok	ok
melee	4508	Sunsword	日剣	ok	ok
melee	4509	Astral Sunsword	星辰日剣	ok	ok
melee	4510	Dimsword	微剣	ok	ok
melee	4511	Dusksword	霧野泰剣	ok	ok
melee	4512	Moonsword	月剣	ok	ok
melee	4513	Umbral Moonsword	烏姆布爾阿勒姆歐歐恩斯瓦歐爾	bad	phonetic_salad
melee	4514	Wint Ⅰ	文特Ⅰ	ok	ok
melee	4515	Wint Ⅱ	文特Ⅱ	ok	ok
melee	4516	Wint Ⅲ	文特Ⅲ	ok	ok
melee	4517	Lachen Wint	勒阿克哈艾恩瓦伊恩特	bad	phonetic_salad
melee	4518	Rubino Snake Ⅴ	紅寶石蛇Ⅴ	ok	ok
melee	4519	Yama Tsukami Daruma	山神竜達魯瑪	ok	ok
melee	4520	Sky Fortress Daruma	空要塞達魯瑪	ok	ok
melee	4521	Dreamy Bear	德爾艾阿姆伊熊	ok	ok
melee	4522	War Strike	戦斯里凱	ok	ok
melee	4523	Strengthened Gunhammer	斯特爾艾恩格特哈格烏恩哈阿姆姆艾	bad	phonetic_salad
melee	4524	Solid Impact	堅衝撃	ok	ok
melee	4525	Rajang Stamper	金獅子斯特阿姆普艾爾	bad	phonetic_salad
melee	4526	Rajang Striker	金獅子打撃	ok	ok
melee	4527	Rajang Breaker	金獅子破壞	ok	ok
melee	4528	Furious Golden Impact	狂黄金衝撃	ok	ok
melee	4529	Paralyzing Stamper	普阿爾阿勒伊茲伊斯特阿姆普艾爾	bad	phonetic_salad
melee	4530	Paralyze Spike	麻之棘	ok	ok
melee	4531	Paralyze Breaker	麻破壞	ok	ok
melee	4532	Paralyze Impact	麻衝撃	ok	ok
melee	4533	Reve Stamper	雷維斯特阿姆普艾爾	bad	phonetic_salad
melee	4534	Reve Spike	雷維刺	ok	ok
melee	4535	Reve Break	睡夢破壞者	ok	ok
melee	4536	Reve Impact	雷維衝撃	ok	ok
melee	4537	Sturm Ⅰ	暴風Ⅰ	ok	ok
melee	4538	Sturm Ⅱ	暴風Ⅱ	ok	ok
melee	4539	Sturm Ⅲ	暴風Ⅲ	ok	ok
melee	4540	Erga Sturm	急速狂風	ok	ok
melee	4541	Rubino Bison Ⅴ	紅玉之野牛Ⅴ	ok	ok
melee	4542	Asagiri Horn	阿薩吉里角	ok	ok
melee	4543	Yugiri Horn	尤吉里角	ok	ok
melee	4544	Yukikaze Horn	尤奇可澤角	ok	ok
melee	4545	Amatsukaze Horn	阿姆阿特斯烏克阿角	bad	phonetic_salad
melee	4546	True Tigrex Horn	真・轟竜角	ok	ok
melee	4547	Occult Ocarina	歐克克烏勒特陶笛	bad	phonetic_salad
melee	4548	Sweet Melody	甘旋律	ok	ok
melee	4549	Sweet Lullaby	甘搖籃曲	ok	ok
melee	4550	Sweet Nocturne	甘恩歐克特烏爾恩艾	bad	phonetic_salad
melee	4551	Sweet Rhapsody	甘爾哈阿普斯歐德伊	bad	phonetic_salad
melee	4552	Concerto Ⅰ	協奏曲Ⅰ	ok	ok
melee	4553	Concerto Ⅱ	協奏曲Ⅱ	ok	ok
melee	4554	Concerto Ⅲ	協奏曲Ⅲ	ok	ok
melee	4555	Frei Concerto	夫爾艾伊克歐恩克艾爾特歐	bad	phonetic_salad
melee	4556	Rubino Acris Ⅰ	紅玉阿克里斯Ⅰ	ok	ok
melee	4557	Rubino Acris Ⅱ	紅玉阿克里斯Ⅱ	ok	ok
melee	4558	Rubino Acris Ⅲ	紅玉阿克里斯Ⅲ	ok	ok
melee	4559	Rubino Acris Ⅳ	紅玉阿克里斯Ⅳ	ok	ok
melee	4560	Rubino Acris Ⅴ	紅玉阿克里斯Ⅴ	ok	ok
melee	4561	Ophion Lance	俄菲翁長槍	ok	ok
melee	4562	"Ophion Lance ""Flash"""	俄菲翁長槍【閃光】	ok	ok
melee	4563	"Ophion Lance ""Shine"""	俄菲翁長槍【光輝】	ok	ok
melee	4564	"Ophion Lance ""Glory"""	俄菲翁長槍【栄光】	ok	ok
melee	4565	Yama Tsukami Lotus	山神竜蓮	ok	ok
melee	4566	Sukhavati Lotus	斯烏克哈阿維阿特蓮	bad	phonetic_salad
melee	4567	Improved Machine Lance	長槍改良瑪奇伊涅	ok	ok
melee	4568	Obscurite	歐布斯克烏爾伊特	bad	phonetic_salad
melee	4569	Matenro+	摩天＋	ok	ok
melee	4570	Man-eating Ogre	人食事食人	ok	ok
melee	4571	Great Hunting	偉大狩	ok	ok
melee	4572	Wasser Lance	瓦阿斯斯艾爾槍	ok	ok
melee	4573	Sonata Ⅰ	奏鳴曲Ⅰ	ok	ok
melee	4574	Sonata Ⅱ	奏鳴曲Ⅱ	ok	ok
melee	4575	Sonata Ⅲ	奏鳴曲Ⅲ	ok	ok
melee	4576	Havoc Sonata	哈阿維歐克索娜塔	bad	phonetic_salad
melee	4577	Rubino Sepia Ⅰ	紅玉之烏賊Ⅰ	ok	ok
melee	4578	Rubino Sepia Ⅱ	紅玉之烏賊Ⅱ	ok	ok
melee	4579	Rubino Sepia Ⅲ	紅玉之烏賊Ⅲ	ok	ok
melee	4580	Rubino Sepia Ⅳ	紅玉之烏賊Ⅳ	ok	ok
melee	4581	Rubino Sepia Ⅴ	紅玉之烏賊Ⅴ	ok	ok
melee	4582	Summit Drachenlanze	頂德爾阿克哈艾恩勒	bad	phonetic_salad
melee	4583	Zugspitze Drachenlanze	茲烏格斯普伊特茲德爾阿克哈艾恩勒	bad	phonetic_salad
melee	4584	Black Arms	黒腕	ok	ok
melee	4585	Sea Emperor Poseidon	海帝普歐斯艾伊德歐恩	bad	phonetic_salad
melee	4586	Hail Nail	雹釘	ok	ok
melee	4587	War Scream	戦吼	ok	ok
melee	4588	Master Breaker	鍵盤歌破壞	ok	ok
melee	4589	Dandy Cannon	德阿恩德伊砲	ok	ok
melee	4590	Dandy Blast	爆破德阿恩德伊	ok	ok
melee	4591	Dandyism	德阿恩德伊伊斯姆	bad	phonetic_salad
melee	4592	Azure Rathalos Cannon	蒼火竜加農砲	ok	ok
melee	4593	Azure Rathalos Cannon+	蒼火竜加農砲＋	ok	ok
melee	4594	Azure Wrath Cannon	蒼怒加農砲	ok	ok
melee	4595	Scorched Sky Cannon	斯克歐爾克哈艾德空加農砲	bad	phonetic_salad
melee	4596	Silver Rathalos Cannon	銀火竜加農砲	ok	ok
melee	4597	Silver Rathalos Cannon+	銀火竜加農砲＋	ok	ok
melee	4598	Silver Wrath Cannon	銀怒加農砲	ok	ok
melee	4599	Heavens Aflame Cannon	哈艾阿維艾恩斯阿弗阿梅加農砲	bad	phonetic_salad
melee	4600	Fairy	妖精	ok	ok
melee	4601	Type 0 Fairy	型０妖精	ok	ok
melee	4602	Type 100 Fairy	型百妖精	ok	ok
melee	4603	True Fairy	真妖精	ok	ok
melee	4604	Dirge Ⅰ	挽歌Ⅰ	ok	ok
melee	4605	Dirge Ⅱ	挽歌Ⅱ	ok	ok
melee	4606	Dirge Ⅲ	挽歌Ⅲ	ok	ok
melee	4607	Raid Dirge	輓歌.強襲	ok	ok
melee	4608	Eisen Ⅰ	艾森Ⅰ	ok	ok
melee	4609	Eisen Ⅱ	艾森Ⅱ	ok	ok
melee	4610	Eisen Ⅲ	艾森Ⅲ	ok	ok
melee	4611	Grund Eisen	鍛鋼.赤熱	ok	ok
melee	4612	Rubino Hawk Ⅴ	紅玉之鷹Ⅴ	ok	ok
melee	4613	Caravan Sword Ⅵ	商隊剣Ⅵ	ok	ok
melee	4614	Caravan Blade Ⅵ	商隊刃Ⅵ	ok	ok
melee	4615	Caravan Hammer Ⅵ	商隊大錘Ⅵ	ok	ok
melee	4616	Caravan Gunlance Ⅵ	商隊銃槍Ⅵ	ok	ok
melee	4617	Caravan Pair Ⅰ	熱氣球商隊對Ⅰ	ok	ok
melee	4618	Caravan Pair Ⅱ	熱氣球商隊對Ⅱ	ok	ok
melee	4619	Caravan Pair Ⅲ	熱氣球商隊對Ⅲ	ok	ok
melee	4620	Caravan Pair Ⅳ	熱氣球商隊對Ⅳ	ok	ok
melee	4621	Caravan Pair Ⅴ	熱氣球商隊對Ⅴ	ok	ok
melee	4622	Caravan Pair Ⅵ	熱氣球商隊對Ⅵ	ok	ok
melee	4623	Caravan Edge Ⅰ	商隊刃Ⅰ	ok	ok
melee	4624	Caravan Edge Ⅱ	商隊刃Ⅱ	ok	ok
melee	4625	Caravan Edge Ⅲ	商隊刃Ⅲ	ok	ok
melee	4626	Caravan Edge Ⅳ	商隊刃Ⅳ	ok	ok
melee	4627	Caravan Edge Ⅴ	商隊刃Ⅴ	ok	ok
melee	4628	Caravan Edge Ⅵ	商隊刃Ⅵ	ok	ok
melee	4629	Caravan Pipe Ⅰ	熱氣球商隊笛Ⅰ	ok	ok
melee	4630	Caravan Pipe Ⅱ	熱氣球商隊笛Ⅱ	ok	ok
melee	4631	Caravan Pipe Ⅲ	熱氣球商隊笛Ⅲ	ok	ok
melee	4632	Caravan Pipe Ⅳ	熱氣球商隊笛Ⅳ	ok	ok
melee	4633	Caravan Pipe Ⅴ	熱氣球商隊笛Ⅴ	ok	ok
melee	4634	Caravan Pipe Ⅵ	熱氣球商隊笛Ⅵ	ok	ok
melee	4635	Caravan Lance Ⅰ	商隊長槍Ⅰ	ok	ok
melee	4636	Caravan Lance Ⅱ	商隊長槍Ⅱ	ok	ok
melee	4637	Caravan Lance Ⅲ	商隊長槍Ⅲ	ok	ok
melee	4638	Caravan Lance Ⅳ	商隊長槍Ⅳ	ok	ok
melee	4639	Caravan Lance Ⅴ	商隊長槍Ⅴ	ok	ok
melee	4640	Caravan Lance Ⅵ	商隊長槍Ⅵ	ok	ok
melee	4641	Volpe Luce	狐魯瑟	ok	ok
melee	4642	Volpe Rallo	狐爾阿勒勒歐	ok	ok
melee	4643	Volpe Pugnali	狐普烏格恩阿勒伊	bad	phonetic_salad
melee	4644	Forte Dolore	強音多洛雷	ok	ok
melee	4645	Forte Solenne	強音斯歐勒艾恩恩艾	bad	phonetic_salad
melee	4646	Lava Seeker	熔斯艾艾克艾爾	ok	ok
melee	4647	Lava Lamina	熔拉米娜	ok	ok
melee	4648	Vulcan Sword	火山剣	ok	ok
melee	4649	Vulcross	維烏勒克爾歐斯斯	bad	phonetic_salad
melee	4650	Untouchable	烏恩特歐烏克哈阿	bad	phonetic_salad
melee	4651	Black Wolf Blade	黒狼刃	ok	ok
melee	4652	Eques Knife	騎士刀	ok	ok
melee	4653	Eques Dagger	騎士短剣	ok	ok
melee	4654	Eques Sabel	未來迪斯阿布艾勒	bad	phonetic_salad
melee	4655	Weiss Bericht	白色報告	ok	ok
melee	4656	Strega Knife	魔女刀	ok	ok
melee	4657	Strega Dagger	魔女短剣	ok	ok
melee	4658	Strega Sabel	魔女斯阿布艾勒	ok	ok
melee	4659	Schwarz Bericht	黑色報告	ok	ok
melee	4660	Garcein	冰封短刀	ok	ok
melee	4661	Gallephon	格阿勒勒艾普哈歐	bad	phonetic_salad
melee	4662	Garandil	格阿爾阿恩德伊勒	bad	phonetic_salad
melee	4663	Garovan Diet	格阿爾歐維阿恩德伊艾特	bad	phonetic_salad
melee	4664	Sankar Ⅰ	尚克爾Ⅰ	ok	ok
melee	4665	Sankar Ⅱ	尚克爾Ⅱ	ok	ok
melee	4666	Sankar Ⅲ	尚克爾Ⅲ	ok	ok
melee	4667	Gauri Sankar	天際引導者	ok	ok
melee	4668	Insectijector Ⅰ	皮亞里Ⅰ	ok	ok
melee	4669	Insectijector Ⅱ	皮亞里Ⅱ	ok	ok
melee	4670	Insectijector Ⅲ	皮亞里Ⅲ	ok	ok
melee	4671	Insecti Widow	伊恩斯艾克特伊瓦伊德歐瓦	bad	phonetic_salad
melee	4672	Shitori Lizard Ⅰ	黄玉蜥蜴Ⅰ	ok	ok
melee	4673	Shitori Lizard Ⅱ	黄玉蜥蜴Ⅱ	ok	ok
melee	4674	Shitori Lizard Ⅲ	黄玉蜥蜴Ⅲ	ok	ok
melee	4675	Shitori Lizard Ⅳ	黄玉蜥蜴Ⅳ	ok	ok
melee	4676	Shitori Lizard Ⅴ	黄玉蜥蜴Ⅴ	ok	ok
melee	4677	Ibuki Fanblades	伊布奇夫阿恩布勒阿德艾	bad	phonetic_salad
melee	4678	Kurama Fanblades	庫拉瑪夫阿恩布勒阿德艾	bad	phonetic_salad
melee	4679	Matsukaze Fanblades	姆阿特斯烏克阿茲夫阿恩布勒阿德艾	bad	phonetic_salad
melee	4680	Shippu Fanblades	斯哈伊普普烏夫阿恩布勒阿德艾	bad	phonetic_salad
melee	4681	Kut-Ku Cutter	怪鳥切斷	ok	ok
melee	4682	Broken Wicked Machetes	破損邪姆阿克哈艾特艾斯	bad	phonetic_salad
melee	4683	Knarr Ⅰ	克納爾Ⅰ	ok	ok
melee	4684	Knarr Ⅱ	克納爾Ⅱ	ok	ok
melee	4685	Knarr Ⅲ	克納爾Ⅲ	ok	ok
melee	4686	Knarr Anise	毒焔雙刃・雙翼	ok	ok
melee	4687	Rhul Ⅰ	里拉Ⅰ	ok	ok
melee	4688	Rhul Ⅱ	里拉Ⅱ	ok	ok
melee	4689	Rhul Ⅲ	里拉Ⅲ	ok	ok
melee	4690	Rhul Breaker	爾哈烏勒破	ok	ok
melee	4691	Volpe Ramo	狐拉莫	ok	ok
melee	4692	Volpe Tronco	狐特爾歐恩克歐	ok	ok
melee	4693	Volpe Spada	狐斯普阿德阿	ok	ok
melee	4694	Forte Grido	強音格伊多	ok	ok
melee	4695	Forte Perfetto	強音普艾爾夫艾特特歐	bad	phonetic_salad
melee	4696	Scathari Spathy	斯克阿特哈阿爾伊斯普阿特哈伊	bad	phonetic_salad
melee	4697	Scathari Pezico	斯克阿特哈阿爾伊佩茲科	bad	phonetic_salad
melee	4698	Scathari Ipico	斯克阿特哈阿爾伊伊皮科	bad	phonetic_salad
melee	4699	Scathari Vasilisious	斯克阿特哈阿爾伊維阿斯伊勒伊斯伊	bad	phonetic_salad
melee	4700	Blackbound Greataxe	布勒阿克克布歐烏格艾阿塔克斯艾	bad	phonetic_salad
melee	4701	Blackbound Strongaxe	布勒阿克克布歐烏斯羅恩阿克斯艾	bad	phonetic_salad
melee	4702	Blackbound Rageaxe	布勒阿克克布歐烏拉格阿克斯艾	bad	phonetic_salad
melee	4703	Black Emperor Greataxe	黒帝大斧	ok	ok
melee	4704	True Tigrex Greatsword	真・轟竜大剣	ok	ok
melee	4705	Grome Baron	格歐梅男爵	ok	ok
melee	4706	Grome Marquis	格歐梅姆阿爾奎烏伊斯	bad	phonetic_salad
melee	4707	Grome Duke	格歐梅杜凱	ok	ok
melee	4708	Grome Emperor	格歐梅帝	ok	ok
melee	4709	Porize Baron	波里澤男爵	ok	ok
melee	4710	Porize Marquis	波里澤姆阿爾奎烏伊斯	bad	phonetic_salad
melee	4711	Porize Duke	波里澤杜凱	ok	ok
melee	4712	Porize Emperor	波里澤帝	ok	ok
melee	4713	Minas Ⅰ	米納斯Ⅰ	ok	ok
melee	4714	Minas Ⅱ	米納斯Ⅱ	ok	ok
melee	4715	Minas Ⅲ	米納斯Ⅲ	ok	ok
melee	4716	Minas Gerais	萬人礦山	ok	ok
melee	4717	Vio Ⅰ	維歐Ⅰ	ok	ok
melee	4718	Vio Ⅱ	維歐Ⅱ	ok	ok
melee	4719	Vio Ⅲ	維歐Ⅲ	ok	ok
melee	4720	Vio Borodin	托吉阿布歐爾歐德伊恩	bad	phonetic_salad
melee	4721	"Imperial Sword ""Blaze"""	帝国剣【烈焔】	ok	ok
melee	4722	"Imperial Sword ""Scorch"""	帝国剣【焦灼】	ok	ok
melee	4723	True Tigrex Katana	真・轟竜刀	ok	ok
melee	4724	Royal Sword	王室剣	ok	ok
melee	4725	Poison Scythe	毒鎌	ok	ok
melee	4726	Poison Scythe+	毒鎌＋	ok	ok
melee	4727	Mad Scythe	狂鎌	ok	ok
melee	4728	Miedo Scythe	米艾多鎌	ok	ok
melee	4729	Unmatched Slicer	烏恩姆阿特克哈艾斬撃	bad	phonetic_salad
melee	4730	Dusk Slicer	霧野泰斬撃	ok	ok
melee	4731	Autumn Slicer	秋斬撃	ok	ok
melee	4732	Crimson Slicer	深紅斬撃	ok	ok
melee	4733	Vitesse	疾速巨斧	ok	ok
melee	4734	Vitesse+	疾速巨斧改	ok	ok
melee	4735	Snell	斯恩艾勒勒	ok	ok
melee	4736	Snell Hyde	斯恩艾勒勒哈伊德艾	bad	phonetic_salad
melee	4737	Blitz Equa	布勒伊特茲艾奎阿	bad	phonetic_salad
melee	4738	Blitz Folen	布勒伊特茲夫歐勒艾恩	bad	phonetic_salad
melee	4739	Blitz Cavallo	閃撃克阿維阿勒勒歐	bad	phonetic_salad
melee	4740	Blitz Stallone	閃撃斯特阿勒勒歐恩艾	bad	phonetic_salad
melee	4741	Hail Egua	雹艾古阿	ok	ok
melee	4742	Hail Follen	雹夫歐勒勒艾恩	ok	ok
melee	4743	Hail Cavalo	雹可瓦洛	ok	ok
melee	4744	Hail Stallone	雹斯特阿勒勒歐恩艾	bad	phonetic_salad
melee	4745	Iron Hawk Ⅰ	鐵鷹Ⅰ	ok	ok
melee	4746	Iron Hawk Ⅱ	鐵鷹Ⅱ	ok	ok
melee	4747	Iron Hawk Ⅲ	鐵鷹Ⅲ	ok	ok
melee	4748	Rampage	狂亂	ok	ok
melee	4749	Deep Hawk Ⅰ	深鷹Ⅰ	ok	ok
melee	4750	Deep Hawk Ⅱ	深鷹Ⅱ	ok	ok
melee	4751	Deep Hawk Ⅲ	深鷹Ⅲ	ok	ok
melee	4752	Votom	維歐特歐姆	ok	ok
melee	4753	Thunder Hawk Ⅰ	雷鷹Ⅰ	ok	ok
melee	4754	Thunder Hawk Ⅱ	雷鷹Ⅱ	ok	ok
melee	4755	Thunder Hawk Ⅲ	雷鷹Ⅲ	ok	ok
melee	4756	Lightning	閃電	ok	ok
melee	4757	Ice Hawk Ⅰ	冰鷹Ⅰ	ok	ok
melee	4758	Ice Hawk Ⅱ	冰鷹Ⅱ	ok	ok
melee	4759	Ice Hawk Ⅲ	冰鷹Ⅲ	ok	ok
melee	4760	Fitas	夫伊特阿斯	ok	ok
melee	4761	Flare Hawk Ⅰ	閃鷹Ⅰ	ok	ok
melee	4762	Flare Hawk Ⅱ	閃鷹Ⅱ	ok	ok
melee	4763	Flare Hawk Ⅲ	閃鷹Ⅲ	ok	ok
melee	4764	Ash	灰	ok	ok
melee	4765	Mind Hawk Ⅰ	心鷹Ⅰ	ok	ok
melee	4766	Mind Hawk Ⅱ	心鷹Ⅱ	ok	ok
melee	4767	Mind Hawk Ⅲ	心鷹Ⅲ	ok	ok
melee	4768	Preprade	精密檢視	ok	ok
melee	4769	Rio Ⅰ	里歐Ⅰ	ok	ok
melee	4770	Rio Ⅱ	里歐Ⅱ	ok	ok
melee	4771	Rio Ⅲ	里歐Ⅲ	ok	ok
melee	4772	Rio Grande	里歐宏偉	ok	ok
melee	4773	Zidoria Snake Ⅰ	希托利亞蛇Ⅰ	ok	ok
melee	4774	Zidoria Snake Ⅱ	希托利亞蛇Ⅱ	ok	ok
melee	4775	Zidoria Snake Ⅲ	希托利亞蛇Ⅲ	ok	ok
melee	4776	Zidoria Snake Ⅳ	希托利亞蛇Ⅳ	ok	ok
melee	4777	Zidoria Snake Ⅴ	希托利亞蛇Ⅴ	ok	ok
melee	4778	Teostra Craterslag	炎王竜克爾阿特艾爾斯勒	ok	ok
melee	4779	Teostra Cratermolt	炎王竜克爾阿特艾爾姆歐	ok	ok
melee	4780	Poisonous Heavy Hammer	毒重大錘	ok	ok
melee	4781	Deadly Poison Hvy Hammer	毒致死終極征大錘	ok	ok
melee	4782	Wicked Poison Hvy Hammer	毒邪終極征大錘	ok	ok
melee	4783	Disastrous Poison Hammer	毒德伊斯阿斯特爾歐大錘	bad	phonetic_salad
melee	4784	Riot Ⅱ	紫黑鍵Ⅱ	ok	ok
melee	4785	Reel Hammer	大錘卷線器	ok	ok
melee	4786	Mega Reel Hammer	大錘巨大卷線器	ok	ok
melee	4787	Giga Reel Hammer	大錘超巨卷線器	ok	ok
melee	4788	Tera Reel Hammer	大錘特拉卷線器	ok	ok
melee	4789	Ganesh Ⅰ	象神Ⅰ	ok	ok
melee	4790	Ganesh Ⅱ	象神Ⅱ	ok	ok
melee	4791	Ganesh Ⅲ	象神Ⅲ	ok	ok
melee	4792	Ganesh Mare	加涅修瑪雷	ok	ok
melee	4793	Zidoria Bison Ⅰ	希托利亞野牛Ⅰ	ok	ok
melee	4794	Zidoria Bison Ⅱ	希托利亞野牛Ⅱ	ok	ok
melee	4795	Zidoria Bison Ⅲ	希托利亞野牛Ⅲ	ok	ok
melee	4796	Zidoria Bison Ⅳ	希托利亞野牛Ⅳ	ok	ok
melee	4797	Zidoria Bison Ⅴ	希托利亞野牛Ⅴ	ok	ok
melee	4798	Volpe Flauto	狐弗阿烏托	ok	ok
melee	4799	Volpe Ritmo	狐爾伊特姆歐	ok	ok
melee	4800	Volpe Accordo	狐阿克克歐爾德歐	bad	phonetic_salad
melee	4801	Forte Carillon	強音克阿爾伊勒勒歐恩	bad	phonetic_salad
melee	4802	Forte Strumento	強音斯特爾烏姆艾恩特	bad	phonetic_salad
melee	4803	Glass Empress	杯女帝	ok	ok
melee	4804	Alvino Ⅰ	阿維歐Ⅰ	ok	ok
melee	4805	Alvino Ⅱ	阿維歐Ⅱ	ok	ok
melee	4806	Alvino Ⅲ	阿維歐Ⅲ	ok	ok
melee	4807	Alvino Grasno	阿勒維伊恩歐格爾阿斯恩歐	bad	phonetic_salad
melee	4808	Nebra Hasta	涅布阿槍	ok	ok
melee	4809	Nebra Columna	涅布阿克歐勒烏姆恩阿	bad	phonetic_salad
melee	4810	Blue Heart	青心	ok	ok
melee	4811	Blue Assassin	青刺客	ok	ok
melee	4812	Blue Gusto	青古斯歐	ok	ok
melee	4813	Blue Lightning	雷青	ok	ok
melee	4814	Prominence Hasta	日珥槍	ok	ok
melee	4815	Diablos Chaos Longspear	角竜混沌長矛	ok	ok
melee	4816	Igni Spirale	伊格恩伊斯普伊爾阿勒艾	bad	phonetic_salad
melee	4817	Igni Spirale+	伊格恩伊斯普伊爾阿勒艾＋	bad	phonetic_salad
melee	4818	Flamme Spirale	火焔斯普伊爾阿勒艾	bad	phonetic_salad
melee	4819	Flamme Bite	火焔比特	ok	ok
melee	4820	Frost Plaid	霜普勒阿伊德	ok	ok
melee	4821	Frost Rocha	霜羅奇阿	ok	ok
melee	4822	Frost Celes	霜克艾勒艾斯	ok	ok
melee	4823	Frost Mustang	霜穆斯阿恩	ok	ok
melee	4824	Sleep Plaid	睡眠普勒阿伊德	ok	ok
melee	4825	Sleep Rocha	睡眠羅奇阿	ok	ok
melee	4826	Sleep Celes	睡眠克艾勒艾斯	ok	ok
melee	4827	Sleep Mustang	睡眠穆斯阿恩	ok	ok
melee	4828	Falt Ⅰ	法爾特Ⅰ	ok	ok
melee	4829	Falt Ⅱ	法爾特Ⅱ	ok	ok
melee	4830	Falt Ⅲ	法爾特Ⅲ	ok	ok
melee	4831	Falt Padina	法爾特波迪納	ok	ok
melee	4832	Volpe Intenso	狐伊恩特艾恩斯歐	bad	phonetic_salad
melee	4833	Volpe Sfida	狐斯夫伊德阿	ok	ok
melee	4834	Volpe Cannone	狐克阿恩恩歐恩艾	bad	phonetic_salad
melee	4835	Forte Tabu	強音塔布	ok	ok
melee	4836	Forte Pazzia	強音波齊亞	ok	ok
melee	4837	Buster Cannon	破壞加農砲	ok	ok
melee	4838	Electrigger	艾勒艾克特爾伊格	bad	phonetic_salad
melee	4839	Moldenpierce Ⅰ	摩佩拉斯Ⅰ	ok	ok
melee	4840	Moldenpierce Ⅱ	摩佩拉斯Ⅱ	ok	ok
melee	4841	Moldenpierce Ⅲ	摩佩拉斯Ⅲ	ok	ok
melee	4842	Ansmogpurea	阿恩斯姆歐格普烏	bad	phonetic_salad
melee	4843	Stainolexis Ⅰ	斯滕奧雷克西斯Ⅰ	ok	ok
melee	4844	Stainolexis Ⅱ	斯滕奧雷克西斯Ⅱ	ok	ok
melee	4845	Stainolexis Ⅲ	斯滕奧雷克西斯Ⅲ	ok	ok
melee	4846	Stainolexis Ⅳ	斯滕奧雷克西斯Ⅳ	ok	ok
melee	4847	Brand Ⅰ	布蘭德Ⅰ	ok	ok
melee	4848	Brand Ⅱ	布蘭德Ⅱ	ok	ok
melee	4849	Brand Ⅲ	布蘭德Ⅲ	ok	ok
melee	4850	Brand Berg	刻蝕.要塞	ok	ok
melee	4851	Ourun Ⅰ	奧爾恩Ⅰ	ok	ok
melee	4852	Ourun Ⅱ	奧爾恩Ⅱ	ok	ok
melee	4853	Ourun Ⅲ	奧爾恩Ⅲ	ok	ok
melee	4854	Ouro Proc	歐烏羅普爾歐克	ok	ok
melee	4855	Dark Thunder Sword	暗雷剣	ok	ok
melee	4856	Dark Falcon Sword	暗夫阿勒克歐恩剣	bad	phonetic_salad
melee	4857	Dark Luan Sword	暗勒烏阿恩剣	ok	ok
melee	4858	Dark Firebird Sword	暗夫伊爾艾布伊爾德剣	bad	phonetic_salad
melee	4859	Yama Tsukami Dagger	山神竜短剣	ok	ok
melee	4860	Shangri-La Dagger	修阿恩里拉短剣	bad	type_phonetic
melee	4861	Ninja Blade	忍者刃	ok	ok
melee	4862	Eternal Knife	永刀	ok	ok
melee	4863	Purple Beta Knife	貝塔・紫刀	ok	ok
melee	4864	Purple Beta Knife Ⅱ	貝塔・紫刀Ⅱ	ok	ok
melee	4865	Purple Beta Knife Ⅲ	貝塔・紫刀Ⅲ	ok	ok
melee	4866	Arca Shika	深紫缺口刀	ok	ok
melee	4867	Primo Grande	極品宏偉	ok	ok
melee	4868	Secondo Grande	斯艾克歐恩德歐宏偉	bad	phonetic_salad
melee	4869	Terzo Grande	特艾爾茲歐宏偉	ok	ok
melee	4870	Triannes	到達者長剣	ok	ok
melee	4871	Flame Bayonet	焔刺刀	ok	ok
melee	4872	Flame Cutlass	焔短彎	ok	ok
melee	4873	Flame Edge	火炎刃	ok	ok
melee	4874	War Song	戦歌	ok	ok
melee	4875	Aquan Bayonet	阿奎烏阿恩刺刀	bad	phonetic_salad
melee	4876	Aquan Cutlass	阿奎烏阿恩短彎	bad	phonetic_salad
melee	4877	Aquan Edge	阿奎烏阿恩端	ok	ok
melee	4878	Battle Dirge	戦德伊爾格艾	ok	ok
melee	4879	Mercu Ⅰ	梅爾庫Ⅰ	ok	ok
melee	4880	Mercu Ⅱ	梅爾庫Ⅱ	ok	ok
melee	4881	Mercu Ⅲ	梅爾庫Ⅲ	ok	ok
melee	4882	Mercu Rio	姆艾爾克烏里歐	ok	ok
melee	4883	Septa Ⅰ	塞普塔Ⅰ	ok	ok
melee	4884	Septa Ⅱ	塞普塔Ⅱ	ok	ok
melee	4885	Septa Ⅲ	塞普塔Ⅲ	ok	ok
melee	4886	Septa Clam	斯艾普特阿蛤	ok	ok
melee	4887	Dark Thunder Sabers	冥雷雙【鴛鴦】	ok	ok
melee	4888	Dark Ibis Sabers	冥雷雙【朱鷺】	ok	ok
melee	4889	Dark Paradise Sabers	真冥雷雙【極樂鳥】	ok	ok
melee	4890	Dark Garuda Sabers	真冥雷雙【迦樓羅】	ok	ok
melee	4891	Ice and Snow Tusks	冰之雪牙	ok	ok
melee	4892	Sleet Tusks	斯勒艾艾特之牙	ok	ok
melee	4893	Hail Tusks	雹之牙	ok	ok
melee	4894	Glacier Tusks	氷之牙	ok	ok
melee	4895	Twin Typhoon	球紋章特伊普哈歐歐恩	bad	phonetic_salad
melee	4896	Vivid Silhouette Sabers	鮮剪影軍刀	ok	ok
melee	4897	Caldo Cutters	熱克烏特特艾爾斯	bad	phonetic_salad
melee	4898	Caldo Slicers	熱切	ok	ok
melee	4899	Caldo Shredders	熱碎	ok	ok
melee	4900	Roto Wint	羅托瓦伊恩特	ok	ok
melee	4901	Cowro Ⅰ	考羅Ⅰ	ok	ok
melee	4902	Cowro Ⅱ	考羅Ⅱ	ok	ok
melee	4903	Cowro Ⅲ	考羅Ⅲ	ok	ok
melee	4904	Cowro Robs	克歐瓦爾歐爾歐布斯	bad	phonetic_salad
melee	4905	Cog Ⅰ	科格Ⅰ	ok	ok
melee	4906	Cog Ⅱ	科格Ⅱ	ok	ok
melee	4907	Cog Ⅲ	科格Ⅲ	ok	ok
melee	4908	Cog Katoga	克歐格可托加	ok	ok
melee	4909	Zidoria Swallow Ⅰ	希托利亞燕Ⅰ	ok	ok
melee	4910	Zidoria Swallow Ⅱ	希托利亞燕Ⅱ	ok	ok
melee	4911	Zidoria Swallow Ⅲ	希托利亞燕Ⅲ	ok	ok
melee	4912	Zidoria Swallow Ⅳ	希托利亞燕Ⅳ	ok	ok
melee	4913	Zidoria Swallow Ⅴ	希托利亞燕Ⅴ	ok	ok
melee	4914	Dark Thunder Blade	暗雷刃	ok	ok
melee	4915	Dark Eagle Blade	闇艾阿格艾刃	ok	ok
melee	4916	Dark Silver Eagle Blade	闇銀艾阿格艾刃	ok	ok
melee	4917	Dark Golden Eagle Blade	闇黄金艾阿格艾刃	ok	ok
melee	4918	Grant Kaiser	緑之霸主	ok	ok
melee	4919	Lafinmondeim	勒阿夫伊恩姆歐恩	bad	phonetic_salad
melee	4920	Prototype Chainsword	試作鏈剣	ok	ok
melee	4921	Sanctioned Chainsword	公認鎖剣	ok	ok
melee	4922	Improved Chainsword	改良鏈剣	ok	ok
melee	4923	Strengthened Chainsword	斯特爾艾恩格特哈鎖剣	bad	phonetic_salad
melee	4924	Caldo Sword	加爾多剣	ok	ok
melee	4925	Caldo Schwert	熱斯克哈瓦艾爾特	bad	phonetic_salad
melee	4926	Caldo Schneide	熱斯克哈恩艾伊德艾	bad	phonetic_salad
melee	4927	Lotorapta	勒歐特歐爾阿普特	bad	phonetic_salad
melee	4928	Mammoth Slash	巨象斬	ok	ok
melee	4929	Mammoth Slayer	巨象殺手	ok	ok
melee	4930	Mammoth Rosser	巨象爾歐斯斯艾爾	bad	phonetic_salad
melee	4931	Mammoth Bane	巨象禍	ok	ok
melee	4932	Furious Slash	狂斬	ok	ok
melee	4933	Furious Slayer	狂殺手	ok	ok
melee	4934	Furious Rosser	狂爾歐斯斯艾爾	ok	ok
melee	4935	Furious Bane	狂禍	ok	ok
melee	4936	Gold Cat Slowing Sword	金猫斯歐威恩剣	ok	ok
melee	4937	Gold Cat Numbing Sword	金猫恩烏姆布伊恩格剣	bad	phonetic_salad
melee	4938	Gold Cat Paralysis Sword	麻痺金猫剣	ok	ok
melee	4939	Gold Cat Binding Sword	金猫球紋章剣	ok	ok
melee	4940	Silver Cat Painful Sword	銀猫普阿伊恩夫烏勒剣	bad	phonetic_salad
melee	4941	Silver Cat Poison Sword	毒銀猫剣	ok	ok
melee	4942	Slvr Cat Strong Psn Swrd	斯勒維爾猫堅血吼牙黑鍵盤	ok	ok
melee	4943	Slvr Cat Deep Psn Sword	斯勒維爾猫深血吼牙剣	ok	ok
melee	4944	Dacti Ⅰ	達克蒂Ⅰ	ok	ok
melee	4945	Dacti Ⅱ	達克蒂Ⅱ	ok	ok
melee	4946	Dacti Ⅲ	達克蒂Ⅲ	ok	ok
melee	4947	Dacti Ligene	德阿克特伊利格涅	bad	phonetic_salad
melee	4948	Kista Ⅰ	基斯塔Ⅰ	ok	ok
melee	4949	Kista Ⅱ	基斯塔Ⅱ	ok	ok
melee	4950	Kista Ⅲ	基斯塔Ⅲ	ok	ok
melee	4951	Kista Git	奇斯阿格伊特	ok	ok
melee	4952	Zidoria Rhinos Ⅰ	希托利亞犀Ⅰ	ok	ok
melee	4953	Zidoria Rhinos Ⅱ	希托利亞犀Ⅱ	ok	ok
melee	4954	Zidoria Rhinos Ⅲ	希托利亞犀Ⅲ	ok	ok
melee	4955	Zidoria Rhinos Ⅳ	希托利亞犀Ⅳ	ok	ok
melee	4956	Zidoria Rhinos Ⅴ	希托利亞犀Ⅴ	ok	ok
melee	4957	Ophion Katana	俄菲翁刀	ok	ok
melee	4958	"Ophion Katana ""Flash"""	俄菲翁刀【閃光】	ok	ok
melee	4959	"Ophion Katana ""Shine"""	俄菲翁刀【光輝】	ok	ok
melee	4960	"Ophion Katana ""Glory"""	俄菲翁刀【栄光】	ok	ok
melee	4961	Galea Thaum	加勒阿特哈阿烏姆	bad	phonetic_salad
melee	4962	Galea Shika	加勒阿修伊可	ok	ok
melee	4963	Galea Falx	加勒阿夫阿勒克斯	bad	phonetic_salad
melee	4964	Galea Lamina	加勒阿拉米娜	ok	ok
melee	4965	Dragonblade	竜刃	ok	ok
melee	4966	Emerald Dragonblade	緑寶石竜刃	ok	ok
melee	4967	Tide Dragonblade	潮竜刃	ok	ok
melee	4968	Whelp Dragonblade	瓦哈艾勒普德爾阿格歐恩布勒	bad	phonetic_salad
melee	4969	Lid Brush	蓋布烏修	ok	ok
melee	4970	Flow Brush	流布烏修	ok	ok
melee	4971	Tran Brush	除塵刷	ok	ok
melee	4972	Dirteater	汚垢終結者	ok	ok
melee	4973	Cobalt Starslice	鈷斯特阿爾斯勒伊克	bad	phonetic_salad
melee	4974	Flaxen Starslice	夫勒阿克斯艾恩斯特阿爾斯勒伊克	bad	phonetic_salad
melee	4975	Cobalt Starslice	鈷斯特阿爾斯勒伊克	bad	phonetic_salad
melee	4976	Flaxen Starslice	夫勒阿克斯艾恩斯特阿爾斯勒伊克	bad	phonetic_salad
melee	4977	Warm Saber	暖剣	ok	ok
melee	4978	Warm Edge	暖刃	ok	ok
melee	4979	Warm Blade	暖刃	ok	ok
melee	4980	Fortis	夫歐爾特伊斯	ok	ok
melee	4981	Shine Saber	光輝剣	ok	ok
melee	4982	Shine Edge	光輝刃	ok	ok
melee	4983	Shine Blade	光輝刃	ok	ok
melee	4984	Fiducia	眩目之光	ok	ok
melee	4985	Desire Saber	德西雷剣	ok	ok
melee	4986	Desire Edge	德西雷刃	ok	ok
melee	4987	Desire Blade	德西雷刃	ok	ok
melee	4988	Aldof	阿勒德歐夫	ok	ok
melee	4989	Yufo Ⅰ	優佛Ⅰ	ok	ok
melee	4990	Yufo Ⅱ	優佛Ⅱ	ok	ok
melee	4991	Yufo Ⅲ	優佛Ⅲ	ok	ok
melee	4992	Yufo Shebo	尤佛修艾波	ok	ok
melee	4993	Lucia Ⅰ	露西亞Ⅰ	ok	ok
melee	4994	Lucia Ⅱ	露西亞Ⅱ	ok	ok
melee	4995	Lucia Ⅲ	露西亞Ⅲ	ok	ok
melee	4996	Lucia Lal	魯西阿勒阿勒	ok	ok
melee	4997	Dark Thunder Hammer	暗雷大錘	ok	ok
melee	4998	Dark Owl Hammer	大錘暗歐瓦勒	ok	ok
melee	4999	Dark Raven Hammer	大錘闇渡鴉	ok	ok
melee	5000	Dark Yatagarasu Hammer	大錘暗雅塔加拉蘇	ok	ok
melee	5001	Blaze Mallet	奧爾西鎚	ok	ok
melee	5002	Firelight Mallet	夫伊爾艾勒伊格哈鎚	bad	phonetic_salad
melee	5003	Incandescent Mallet	伊恩克阿恩德艾斯鎚	bad	phonetic_salad
melee	5004	Hellfire Mallet	獄火鎚	ok	ok
melee	5005	Black Wolf Torrent	黒狼激流	ok	ok
melee	5006	Shocking Cone	斯哈歐克克伊恩格錐	bad	phonetic_salad
melee	5007	Lava Impact	熔岩衝撃	ok	ok
melee	5008	Lava Crusher	熔岩粉碎	ok	ok
melee	5009	Lava Impulse	熔伊姆普烏勒斯艾	bad	phonetic_salad
melee	5010	Lava Sanctuary	熔斯阿恩克特烏阿爾	bad	phonetic_salad
melee	5011	Stiff Impact	硬衝撃	ok	ok
melee	5012	Stiff Crusher	硬粉碎	ok	ok
melee	5013	Stiff Destroyer	硬破壊	ok	ok
melee	5014	Stiff Juggernaut	硬杰烏格格艾爾恩阿	bad	phonetic_salad
melee	5015	Grave Impact	墓衝撃	ok	ok
melee	5016	Grave Crusher	墓粉碎	ok	ok
melee	5017	Grave Destroyer	墓破壊	ok	ok
melee	5018	Grave Juggernaut	細砂毀滅者	ok	ok
melee	5019	Spark Mace	火花鎚	ok	ok
melee	5020	Spark Hammer	大錘火花	ok	ok
melee	5021	Spark Maul	火花姆阿烏勒	ok	ok
melee	5022	Inquisitor	伊恩奎烏伊斯伊特	bad	phonetic_salad
melee	5023	Drake Mace	德阿凱鎚	ok	ok
melee	5024	Drake Hammer	大錘德阿凱	ok	ok
melee	5025	Drake Maul	德阿凱姆阿烏勒	ok	ok
melee	5026	Annihilator	殲滅	ok	ok
melee	5027	Thorium Ⅰ	托里Ⅰ	ok	ok
melee	5028	Thorium Ⅱ	托里Ⅱ	ok	ok
melee	5029	Thorium Ⅲ	托里Ⅲ	ok	ok
melee	5030	Thorium Ri	特哈歐爾伊烏姆RI	bad	phonetic_salad
melee	5031	Idea Ⅰ	伊迪亞Ⅰ	ok	ok
melee	5032	Idea Ⅱ	伊迪亞Ⅱ	ok	ok
melee	5033	Idea Ⅲ	伊迪亞Ⅲ	ok	ok
melee	5034	Idea Manica	清澈思緒	ok	ok
melee	5035	Dark Thunder Bell	雷闇鈴	ok	ok
melee	5036	Dark Warbler Bell	暗瓦阿爾布勒艾爾鐘	bad	phonetic_salad
melee	5037	Dark Skylark Bell	暗斯克伊勒阿爾克鐘	bad	phonetic_salad
melee	5038	Dark Cuckoo Bell	暗克烏克克歐歐鐘	bad	phonetic_salad
melee	5039	Iron Mountain Dragonhorn	鐵山德爾阿格歐恩哈歐	bad	phonetic_salad
melee	5040	Meru Dragonhorn	梅魯德爾阿格歐恩哈歐	bad	phonetic_salad
melee	5041	Toy Buccin	特歐伊布烏克克伊恩	bad	phonetic_salad
melee	5042	Sand Buccin	黄沙竜頭號角	ok	ok
melee	5043	Mud Buccin	瘋狂竜頭號角	ok	ok
melee	5044	Swing Buccin	搖滾竜頭號角	ok	ok
melee	5045	Cat Horn	猫之角	ok	ok
melee	5046	Eques Trumpet	未來迪號角	ok	ok
melee	5047	Eques Wind	未來迪風	ok	ok
melee	5048	Eques Vento	未來迪維艾恩特歐	bad	phonetic_salad
melee	5049	Weiss Tone	懷斯音	ok	ok
melee	5050	Strega Trumpet	魔女小號	ok	ok
melee	5051	Strega Wind	魔女風	ok	ok
melee	5052	Strega Vento	魔女維艾恩特歐	ok	ok
melee	5053	Schwartz Tone	斯克哈瓦阿爾特茲音	bad	phonetic_salad
melee	5054	Dark Thunder Lance	暗雷長槍	ok	ok
melee	5055	Dark Egret Lance	暗艾格爾艾特槍	ok	ok
melee	5056	Dark Longtail Lance	暗勒歐恩格特阿伊勒槍	bad	phonetic_salad
melee	5057	Dark Zhenniao Lance	暗茲哈艾恩恩伊阿歐槍	bad	phonetic_salad
melee	5058	Daora Lance	鋼竜長槍	ok	ok
melee	5059	Daora's Typhon	風暴・鋼竜	ok	ok
melee	5060	War Demon Lance	長槍戦惡魔	ok	ok
melee	5061	Power Vacuum	力真空	ok	ok
melee	5062	Pawpad Lance	普阿瓦普阿德槍	ok	ok
melee	5063	Pawpad Lance Two?	普阿瓦普阿德槍二	bad	phonetic_salad
melee	5064	Pawpad Lance Three?	普阿瓦普阿德槍三	bad	phonetic_salad
melee	5065	Pawpad Lance Four?	普阿瓦普阿德槍四	bad	phonetic_salad
melee	5066	Blue Porta Lance Ⅰ	青波爾塔長槍Ⅰ	ok	ok
melee	5067	Blue Porta Lance Ⅱ	青波爾塔長槍Ⅱ	ok	ok
melee	5068	Blue Porta Lance Ⅲ	青波爾塔長槍Ⅲ	ok	ok
melee	5069	Tenelle Hasta	特艾恩艾勒勒艾槍	bad	phonetic_salad
melee	5070	Black Porta Lance Ⅰ	波爾塔・黑長槍Ⅰ	ok	ok
melee	5071	Black Porta Lance Ⅱ	波爾塔・黑長槍Ⅱ	ok	ok
melee	5072	Black Porta Lance Ⅲ	波爾塔・黑長槍Ⅲ	ok	ok
melee	5073	Sidd Hasta	斯伊德德槍	ok	ok
melee	5074	White Porta Lance Ⅰ	波爾塔・白長槍Ⅰ	ok	ok
melee	5075	White Porta Lance Ⅱ	波爾塔・白長槍Ⅱ	ok	ok
melee	5076	White Porta Lance Ⅲ	波爾塔・白長槍Ⅲ	ok	ok
melee	5077	Patie Hasta	波蒂槍	ok	ok
melee	5078	Red Porta Lance Ⅰ	赤波爾塔長槍Ⅰ	ok	ok
melee	5079	Red Porta Lance Ⅱ	赤波爾塔長槍Ⅱ	ok	ok
melee	5080	Red Porta Lance Ⅲ	赤波爾塔長槍Ⅲ	ok	ok
melee	5081	Studi Hasta	斯烏迪槍	ok	ok
melee	5082	Orange Porta Lance Ⅰ	波爾塔・橙長槍Ⅰ	ok	ok
melee	5083	Orange Porta Lance Ⅱ	波爾塔・橙長槍Ⅱ	ok	ok
melee	5084	Orange Porta Lance Ⅲ	波爾塔・橙長槍Ⅲ	ok	ok
melee	5085	Alacer Hasta	阿勒阿克艾爾槍	ok	ok
melee	5086	Sky Porta Lance Ⅰ	波爾塔・空長槍Ⅰ	ok	ok
melee	5087	Sky Porta Lance Ⅱ	波爾塔・空長槍Ⅱ	ok	ok
melee	5088	Sky Porta Lance Ⅲ	波爾塔・空長槍Ⅲ	ok	ok
melee	5089	Prudens Hasta	普爾烏德艾恩斯槍	bad	phonetic_salad
melee	5090	Dark Thunder Gunlance	暗雷銃槍	ok	ok
melee	5091	Dark Cassowary Gunlance	銃槍暗克阿斯斯歐瓦阿爾	ok	ok
melee	5092	Dark Peacock Gunlance	銃槍暗普艾阿克歐克克	ok	ok
melee	5093	Dark Suzaku Gunlance	銃槍闇蘇扎庫	ok	ok
melee	5094	Numbfang Cannonlance	恩烏姆布夫阿恩格砲槍	bad	phonetic_salad
melee	5095	Numbfang Cannonlance V1	銃槍麻痺牙Ⅰ	ok	ok
melee	5096	Numbfang Cannonlance V2	銃槍麻痺牙Ⅱ	ok	ok
melee	5097	Numbfang Cannonlance V3	銃槍麻痺牙Ⅲ	ok	ok
melee	5098	Heat Force	耐暑力	ok	ok
melee	5099	Lava Inferno	熔岩業火	ok	ok
melee	5100	Wivern Bolt	雷瓦伊維艾爾恩	ok	ok
melee	5101	Drake Bolt	雷德阿凱	ok	ok
melee	5102	Serpent Bolt	雷蛇	ok	ok
melee	5103	Wyrm Lord	瓦伊爾姆領主	ok	ok
melee	5104	FMX	夫姆克斯	ok	ok
melee	5105	"FMX""Core"""	夫姆克斯核	ok	ok
melee	5106	"FMX""Pro"""	夫姆克斯普歐	ok	ok
melee	5107	"FMX""Elite"""	夫姆克斯艾利特	ok	ok
melee	5108	Anemone Ⅰ	銀蓮Ⅰ	ok	ok
melee	5109	Anemone Ⅱ	銀蓮Ⅱ	ok	ok
melee	5110	Anemone Ⅲ	銀蓮Ⅲ	ok	ok
melee	5111	Anemone Said	阿涅莫涅斯阿伊德	bad	phonetic_salad
melee	5112	Valea Ⅰ	瓦雷亞Ⅰ	ok	ok
melee	5113	Valea Ⅱ	瓦雷亞Ⅱ	ok	ok
melee	5114	Valea Ⅲ	瓦雷亞Ⅲ	ok	ok
melee	5115	Velea Leiro	維勒阿勒伊羅	ok	ok
melee	5116	Zidoria Hawk Ⅰ	希托利亞鷹Ⅰ	ok	ok
melee	5117	Zidoria Hawk Ⅱ	希托利亞鷹Ⅱ	ok	ok
melee	5118	Zidoria Hawk Ⅲ	希托利亞鷹Ⅲ	ok	ok
melee	5119	Zidoria Hawk Ⅳ	希托利亞鷹Ⅳ	ok	ok
melee	5120	Zidoria Hawk Ⅴ	希托利亞鷹Ⅴ	ok	ok
melee	5121	Furyhair Sword	怒髮剣	ok	ok
melee	5122	Cruel Furyhair Sword	沸血吼怒髮剣	ok	ok
melee	5123	Hospitable Furyhair Swrd	哈歐斯普伊特阿布夫烏爾伊哈阿伊爾黑鍵盤	bad	phonetic_salad
melee	5124	Piercing Furyhair Sword	貫通怒髮剣	ok	ok
melee	5125	Yearning Furyhair Sword	渇望怒髮剣	ok	ok
melee	5126	Ice and Snow	冰雪	ok	ok
melee	5127	Hail and Sleet	雹斯勒艾艾特	ok	ok
melee	5128	Icicle Sword	冰柱剣	ok	ok
melee	5129	Icicle Daresword	冰柱德阿爾艾斯瓦歐爾	bad	phonetic_salad
melee	5130	Nikir Ⅰ	尼基爾Ⅰ	ok	ok
melee	5131	Nikir Ⅱ	尼基爾Ⅱ	ok	ok
melee	5132	Nikir Ⅲ	尼基爾Ⅲ	ok	ok
melee	5133	Nicata Ellane	尼可塔艾勒勒阿恩艾	bad	phonetic_salad
melee	5134	Iris Ⅰ	鳶尾Ⅰ	ok	ok
melee	5135	Iris Ⅱ	鳶尾Ⅱ	ok	ok
melee	5136	Iris Ⅲ	鳶尾Ⅲ	ok	ok
melee	5137	Dias Iris	映日虹	ok	ok
melee	5138	Furyhair Pair	怒髮對	ok	ok
melee	5139	Love Song Furyhair Pair	愛歌怒髮對	ok	ok
melee	5140	Dirge Furyhair Pair	德伊爾格艾怒髮對	bad	phonetic_salad
melee	5141	Enka Furyhair Pair	艾恩克阿夫烏爾伊哈阿伊爾對	bad	phonetic_salad
melee	5142	Elegy Furyhair Pair	艾勒艾格伊怒髮對	bad	phonetic_salad
melee	5143	Foxclaws	夫歐克斯克勒阿瓦	bad	phonetic_salad
melee	5144	"Foxclaws ""Toumei"""	夫歐克斯克勒阿瓦	bad	phonetic_salad
melee	5145	"Foxclaws ""Shinen"""	夫歐克斯克勒阿瓦	bad	phonetic_salad
melee	5146	"Foxclaws ""Junpaku"""	夫歐克斯克勒阿瓦	bad	phonetic_salad
melee	5147	Hailphonia	哈阿伊勒普哈歐恩	bad	phonetic_salad
melee	5148	Icephonia	伊瑟菲歐尼阿	ok	ok
melee	5149	Blizzphonia	布伊茲茲菲歐尼阿	bad	phonetic_salad
melee	5150	Grand Avalanche	大雪崩	ok	ok
melee	5151	Toxphonia	托克斯菲歐尼阿	ok	ok
melee	5152	Nightponia	恩伊格哈特普歐恩	bad	phonetic_salad
melee	5153	Sufferponia	斯烏夫夫艾爾普歐	bad	phonetic_salad
melee	5154	Eshid Storm	艾斯哈伊德風暴	ok	ok
melee	5155	Alem Ⅰ	阿雷姆Ⅰ	ok	ok
melee	5156	Alem Ⅱ	阿雷姆Ⅱ	ok	ok
melee	5157	Alem Ⅲ	阿雷姆Ⅲ	ok	ok
melee	5158	Alemnir	阿勒艾姆恩伊爾	ok	ok
melee	5159	Elmis Ⅰ	埃爾米Ⅰ	ok	ok
melee	5160	Elmis Ⅱ	埃爾米Ⅱ	ok	ok
melee	5161	Elmis Ⅲ	埃爾米Ⅲ	ok	ok
melee	5162	Dias Aramis	德伊阿斯阿爾阿姆伊斯	bad	phonetic_salad
melee	5163	Knife Gloves	刀手套	ok	ok
melee	5164	Dead Scratch	死亡之痕	ok	ok
melee	5165	Dead Snatch	德艾阿德斯恩阿特克哈	bad	phonetic_salad
melee	5166	Dead Rush	死亡衝撃	ok	ok
melee	5167	Furyhair Greatsword	怒髮大剣	ok	ok
melee	5168	North F.Hair Greatswrd	大剣北F毛	ok	ok
melee	5169	Snow F.Hair Greatsword	大剣雪F毛	ok	ok
melee	5170	Flower F.Hair Greatswrd	大剣花F毛	ok	ok
melee	5171	Sky Furyhair Greatsword	大剣空怒髮	ok	ok
melee	5172	Blue Giurare	青吉烏拉雷	ok	ok
melee	5173	Blue Custode	青庫斯歐德	ok	ok
melee	5174	Blue Monarca	青姆歐恩阿爾克阿	bad	phonetic_salad
melee	5175	Blue Spada	青斯普阿德阿	ok	ok
melee	5176	Battle Claymore Ⅰ	戦闊剣Ⅰ	ok	ok
melee	5177	Battle Claymore Ⅱ	戦闊剣Ⅱ	ok	ok
melee	5178	Battle Claymore Ⅲ	戦闊剣Ⅲ	ok	ok
melee	5179	Battle Claymore Ⅳ	戦闊剣Ⅳ	ok	ok
melee	5180	Tribalger	特爾伊布阿勒格艾	bad	phonetic_salad
melee	5181	Justbalger	杰烏斯特布阿勒格	bad	phonetic_salad
melee	5182	Majestbalger	姆阿杰艾斯特布阿	bad	phonetic_salad
melee	5183	Legendio	勒艾格艾恩德伊歐	bad	phonetic_salad
melee	5184	Silent Decade	証明球德可德	ok	ok
melee	5185	Silent Millennium	証明球千年	ok	ok
melee	5186	Silent Eternity	証明球艾特艾爾恩伊特伊	bad	phonetic_salad
melee	5187	Catastrolator	克阿特阿斯特爾歐	bad	phonetic_salad
melee	5188	Virche	竜首大剣	ok	ok
melee	5189	Vircheller	維伊爾克哈艾勒勒	bad	phonetic_salad
melee	5190	Virchedrich	竜威	ok	ok
melee	5191	Zarathusri	竜怒	ok	ok
melee	5192	Nkasa Komba	恩克阿斯阿克歐姆布阿	bad	phonetic_salad
melee	5193	Nkasa Kongo	恩克阿斯阿科恩歐	bad	phonetic_salad
melee	5194	Nkasa Barkon	恩克阿斯阿布阿爾克歐恩	bad	phonetic_salad
melee	5195	Nganga	兇殘竜剣	ok	ok
melee	5196	Victor Sword	勝者剣	ok	ok
melee	5197	Victor Edge	勝者刃	ok	ok
melee	5198	Victor Blade	勝者刃	ok	ok
melee	5199	King of Kings	王鈿終極	ok	ok
melee	5200	Grim Blade	格爾伊姆刃	ok	ok
melee	5201	Dark Blade	暗刃	ok	ok
melee	5202	Phantom Blade	幻影刃	ok	ok
melee	5203	Nightmare	恩伊格哈特姆阿爾	bad	phonetic_salad
melee	5204	Venomsol	維艾恩歐姆斯歐勒	bad	phonetic_salad
melee	5205	Vipersol	維伊普艾爾斯歐勒	bad	phonetic_salad
melee	5206	Cobrasol	克歐布爾阿斯歐勒	bad	phonetic_salad
melee	5207	Death Wish	死願	ok	ok
melee	5208	Electrosol	艾勒艾克特爾歐斯	bad	phonetic_salad
melee	5209	Protonsol	普爾歐特歐恩斯歐	bad	phonetic_salad
melee	5210	Plasmasol	普勒阿斯姆阿斯歐	bad	phonetic_salad
melee	5211	Sidewinder	輔助發條	ok	ok
melee	5212	Nugus Ⅰ	努格斯Ⅰ	ok	ok
melee	5213	Nugus Ⅱ	努格斯Ⅱ	ok	ok
melee	5214	Nugus Ⅲ	努格斯Ⅲ	ok	ok
melee	5215	Mugunt	黑夜笙歌	ok	ok
melee	5216	Sias Ⅰ	西亞斯Ⅰ	ok	ok
melee	5217	Sias Ⅱ	西亞斯Ⅱ	ok	ok
melee	5218	Sias Ⅲ	西亞斯Ⅲ	ok	ok
melee	5219	Dias Sias	德伊阿斯斯伊阿斯	bad	phonetic_salad
melee	5220	Zidoria Shark Ⅰ	希托利亞鯊Ⅰ	ok	ok
melee	5221	Zidoria Shark Ⅱ	希托利亞鯊Ⅱ	ok	ok
melee	5222	Zidoria Shark Ⅲ	希托利亞鯊Ⅲ	ok	ok
melee	5223	Zidoria Shark Ⅳ	希托利亞鯊Ⅳ	ok	ok
melee	5224	Zidoria Shark Ⅴ	希托利亞鯊Ⅴ	ok	ok
melee	5225	Sacred Mount	騎乘聖	ok	ok
melee	5226	Vulture Peak	維烏勒特烏爾艾峰	bad	phonetic_salad
melee	5227	Green Thorn	緑刺	ok	ok
melee	5228	Kerria	棘緑太刀【山吹】	ok	ok
melee	5229	Morning Glory	姆歐爾恩伊恩格栄光	bad	phonetic_salad
melee	5230	Apollinaris	阿普歐勒勒伊恩阿	bad	phonetic_salad
melee	5231	Orange Thorn	橙刺	ok	ok
melee	5232	Spider Lily	蜘蛛百合	ok	ok
melee	5233	Narcissus	水仙	ok	ok
melee	5234	Wolfsbane	瓦歐勒夫斯布阿恩	bad	phonetic_salad
melee	5235	White Thorn	白刺	ok	ok
melee	5236	Seafire	棘白太刀【不知火】	ok	ok
melee	5237	Wheelmonk	瓦哈艾艾勒姆歐恩	bad	phonetic_salad
melee	5238	Kagutsuchi	棘白太刀【迦具土】	ok	ok
melee	5239	Battledore	羽子板	ok	ok
melee	5240	"Battledore ""Echo"""	羽子板響	ok	ok
melee	5241	"Battledore ""Roar"""	咆哮羽子板	ok	ok
melee	5242	"Battledore ""Dazed"""	羽子板	ok	ok
melee	5243	Evil Decapitator	惡斬首	ok	ok
melee	5244	Evil Decapitator+	惡斬首＋	ok	ok
melee	5245	Malevolent Decapitator	姆阿勒艾維歐勒艾斬首	bad	phonetic_salad
melee	5246	Malevolent Reaper	姆阿勒艾維歐勒艾死神	bad	phonetic_salad
melee	5247	Shocking Scythe	斯哈歐克克伊恩格鎌	bad	phonetic_salad
melee	5248	Shocking Scythe+	斯哈歐克克伊恩格鎌＋	bad	phonetic_salad
melee	5249	Thunder Scythe	雷鎌	ok	ok
melee	5250	Thunder Razorscythe	雷剃刀鎌	ok	ok
melee	5251	Scorching Flame	斯克歐爾克哈伊恩焔	bad	phonetic_salad
melee	5252	Scorching Flame+	斯克歐爾克哈伊恩焔＋	bad	phonetic_salad
melee	5253	Ardent Flame	阿爾德艾恩特焔	ok	ok
melee	5254	Ardent Flamescythe	阿爾德艾恩特焔鎌	bad	phonetic_salad
melee	5255	Dragon Scythe	竜鎌	ok	ok
melee	5256	Dragon Scythe+	竜鎌＋	ok	ok
melee	5257	Dragonkiller Scythe	德爾阿格歐恩克伊鎌	bad	phonetic_salad
melee	5258	Dragonkiller Destroyer	德爾阿格歐恩克伊滅	bad	phonetic_salad
melee	5259	Animal Cutter	阿恩伊姆阿勒切	ok	ok
melee	5260	Animal Cutter+	阿恩伊姆阿勒切＋	bad	phonetic_salad
melee	5261	Beast Cutter	獣切斷	ok	ok
melee	5262	Beast Render	巨獣閃裂鎌【極】	ok	ok
melee	5263	Steel Slicer	鋼斬撃	ok	ok
melee	5264	Steel Slicer+	鋼斬撃＋	ok	ok
melee	5265	Strongsteel Slicer	斯特爾歐恩格斯特斬撃	bad	phonetic_salad
melee	5266	Strongsteel Breaker	斯特爾歐恩格斯特破	bad	phonetic_salad
melee	5267	Aphrodi Ⅰ	阿芙蘿Ⅰ	ok	ok
melee	5268	Aphrodi Ⅱ	阿芙蘿Ⅱ	ok	ok
melee	5269	Aphrodi Ⅲ	阿芙蘿Ⅲ	ok	ok
melee	5270	Dias Aphrodi	德伊阿斯阿菲羅迪	bad	phonetic_salad
melee	5271	Ophion Crusher	俄菲翁粉碎	ok	ok
melee	5272	"Ophion Crusher ""Flash"""	俄菲翁粉碎【閃光】	ok	ok
melee	5273	"Ophion Crusher ""Shine"""	俄菲翁粉碎【光輝】	ok	ok
melee	5274	"Ophion Crusher ""Glory"""	俄菲翁粉碎【栄光】	ok	ok
melee	5275	Felyne Puppet	艾路猫傀儡	ok	ok
melee	5276	Cozy Felyne Puppet	克歐茲伊艾露普烏普普艾特	bad	phonetic_salad
melee	5277	Hot Felyne Puppet	熱艾露傀儡	ok	ok
melee	5278	Boiling Felyne Puppet	沸艾露傀儡	ok	ok
melee	5279	Drowsy Melynx Puppet	德爾歐瓦斯伊奇猫普烏普普艾特	bad	phonetic_salad
melee	5280	Dozing Melynx Puppet	多茲恩奇猫普烏普普艾特	bad	phonetic_salad
melee	5281	Sound Asleep M. Puppet	音阿斯勒艾艾普M傀儡	bad	phonetic_salad
melee	5282	Fast Asleep M. Puppet	法斯阿斯勒艾艾普M傀儡	bad	phonetic_salad
melee	5283	Puppet Quarter	普烏普普艾特奎烏阿爾特艾爾	bad	phonetic_salad
melee	5284	Puppet Half	傀儡半	ok	ok
melee	5285	Puppet Eighteen	十八歳玩偶	ok	ok
melee	5286	Puppet Pure	純粹玩偶	ok	ok
melee	5287	Puppet Friend	玩偶朋友	ok	ok
melee	5288	Puppet Attend	普烏普普艾特阿特特艾恩德	bad	phonetic_salad
melee	5289	Puppet Escort	普烏普普艾特艾斯克歐爾特	bad	phonetic_salad
melee	5290	Puppet Butler	普烏普普艾特布烏特勒艾爾	bad	phonetic_salad
melee	5291	Squave	斯奎烏阿維艾	ok	ok
melee	5292	Squarve	斯奎烏阿爾維艾	ok	ok
melee	5293	Squarvel	斯奎烏阿爾維艾勒	bad	phonetic_salad
melee	5294	Weissbaum	白色之木	ok	ok
melee	5295	Stregave	魔女祭儀之錘	ok	ok
melee	5296	Stregalve	斯特爾艾格阿勒維	bad	phonetic_salad
melee	5297	Stregalvel	斯特爾艾格阿勒維	bad	phonetic_salad
melee	5298	Schwartzbaum	黑色之木	ok	ok
melee	5299	Cross Ⅰ	十字Ⅰ	ok	ok
melee	5300	Cross Ⅱ	十字Ⅱ	ok	ok
melee	5301	Cross Ⅲ	十字Ⅲ	ok	ok
melee	5302	Dias Cross	德伊阿斯十	ok	ok
melee	5303	Furious Pipe	狂管	ok	ok
melee	5304	Achetear Furious Pipe	阿克哈艾特艾阿爾狂管	bad	phonetic_salad
melee	5305	Achetree Furious Pipe	阿奇艾特艾艾狂管	bad	phonetic_salad
melee	5306	Achemoon Furious Pipe	阿克哈艾姆歐歐恩狂管	bad	phonetic_salad
melee	5307	Achebloom Furious Pipe	阿克哈艾布勒歐歐狂管	bad	phonetic_salad
melee	5308	"Kurokuro ""Bark"""	庫羅庫羅之皮	ok	ok
melee	5309	"Kurokuro ""Growl"""	庫羅庫羅格爾歐瓦勒	bad	phonetic_salad
melee	5310	"Kurokuro ""Scent"""	庫羅庫羅	ok	ok
melee	5311	"Kurokuro ""Howl"""	咆哮庫羅庫羅	ok	ok
melee	5312	Naga Whistle	竜笛	ok	ok
melee	5313	Naga Pipe	竜管	ok	ok
melee	5314	Naga Clarinet	竜克勒阿爾伊恩艾特	bad	phonetic_salad
melee	5315	Nagyuin	恩阿格伊烏伊恩	ok	ok
melee	5316	Hydra Whistle	多頭笛	ok	ok
melee	5317	Hydra Pipe	多頭管	ok	ok
melee	5318	Hydra Clarinet	多頭克勒阿爾伊恩艾特	bad	phonetic_salad
melee	5319	Dolphin Dance	德歐勒普哈伊恩舞	bad	phonetic_salad
melee	5320	Bellim Ⅰ	貝利姆Ⅰ	ok	ok
melee	5321	Bellim Ⅱ	貝利姆Ⅱ	ok	ok
melee	5322	Bellim Ⅲ	貝利姆Ⅲ	ok	ok
melee	5323	Bellimgrace	布艾勒勒伊姆格爾	bad	phonetic_salad
melee	5324	Zidoria Acris Ⅰ	希托利亞・阿克里斯Ⅰ	ok	ok
melee	5325	Zidoria Acris Ⅱ	希托利亞・阿克里斯Ⅱ	ok	ok
melee	5326	Zidoria Acris Ⅲ	希托利亞・阿克里斯Ⅲ	ok	ok
melee	5327	Zidoria Acris Ⅳ	希托利亞・阿克里斯Ⅳ	ok	ok
melee	5328	Zidoria Acris Ⅴ	希托利亞・阿克里斯Ⅴ	ok	ok
melee	5329	Volpe Custode	狐庫斯歐德	ok	ok
melee	5330	Volpe Cavaliere	狐可瓦利艾雷	ok	ok
melee	5331	Volpa Lancia	維歐勒普阿槍	ok	ok
melee	5332	Forte Ululato	強音烏魯拉托	ok	ok
melee	5333	Forte Ruggito	強音爾烏格格伊特歐	bad	phonetic_salad
melee	5334	Giftwanderer	格伊夫特瓦阿恩德	bad	phonetic_salad
melee	5335	Giftsucher	格伊夫特斯烏克哈	bad	phonetic_salad
melee	5336	Giftritter	劇毒・騎士	ok	ok
melee	5337	Giftkayser	格伊夫特克阿伊斯	bad	phonetic_salad
melee	5338	Shakalaka Lance	奇面族長槍	ok	ok
melee	5339	Shaka Lance	長槍沙迦	ok	ok
melee	5340	Shakalance	沙迦長槍	ok	ok
melee	5341	Shalance	斯哈阿勒阿恩克艾	bad	phonetic_salad
melee	5342	Ture Ⅰ	圖勒Ⅰ	ok	ok
melee	5343	Ture Ⅱ	圖勒Ⅱ	ok	ok
melee	5344	Ture Ⅲ	圖勒Ⅲ	ok	ok
melee	5345	Zituremein	幽靈島礦山	ok	ok
melee	5346	Zidoria Sepia Ⅰ	希托利亞・烏賊Ⅰ	ok	ok
melee	5347	Zidoria Sepia Ⅱ	希托利亞・烏賊Ⅱ	ok	ok
melee	5348	Zidoria Sepia Ⅲ	希托利亞・烏賊Ⅲ	ok	ok
melee	5349	Zidoria Sepia Ⅳ	希托利亞・烏賊Ⅳ	ok	ok
melee	5350	Zidoria Sepia Ⅴ	希托利亞・烏賊Ⅴ	ok	ok
melee	5351	Yama Tsukami Gunspear	山神竜銃矛	ok	ok
melee	5352	Fairyland Gunspear	夫阿伊爾伊勒阿恩格烏恩斯普艾阿爾	bad	phonetic_salad
melee	5353	Crimson Hell	深紅地獄	ok	ok
melee	5354	Fang C Kerberos	牙Ｃ克艾爾布艾爾歐斯	bad	phonetic_salad
melee	5355	Fang A Kerberos	牙克艾爾布艾爾歐斯	bad	phonetic_salad
melee	5356	Fang P Kerberos	牙P克艾爾布艾爾歐斯	bad	phonetic_salad
melee	5357	Fang S Kerberos	牙S克艾爾布艾爾歐斯	bad	phonetic_salad
melee	5358	Jekyll Hydra	杰艾克伊勒勒多頭	bad	phonetic_salad
melee	5359	Jekyll Rudra	杰艾克伊勒勒魯德阿	bad	phonetic_salad
melee	5360	Jekyll Druga	杰艾克伊勒勒德烏加	bad	phonetic_salad
melee	5361	Vishnu Shivra	維修努斯哈伊維爾阿	bad	phonetic_salad
melee	5362	Fang Gryphon C	牙格爾伊普哈歐恩Ｃ	bad	phonetic_salad
melee	5363	Fang Gryphon A	牙格爾伊普哈歐恩	bad	phonetic_salad
melee	5364	Fang Gryphon P	牙格爾伊普哈歐恩P	bad	phonetic_salad
melee	5365	Fang Gryphon S	牙格爾伊普哈歐恩S	bad	phonetic_salad
melee	5366	Fang Merman C	牙人魚【Ｃ】	ok	ok
melee	5367	Fang Merman A	人魚之牙Ａ	ok	ok
melee	5368	Fang Merman P	牙姆艾爾姆阿恩P	bad	phonetic_salad
melee	5369	Fang Merman S	牙人魚【Ｓ】	ok	ok
melee	5370	Eques Gunlance	騎士銃槍	ok	ok
melee	5371	Eques Carol	未來迪克阿爾歐勒	bad	phonetic_salad
melee	5372	Eques Burst	未來迪爆	ok	ok
melee	5373	Weissregen	白色之雨	ok	ok
melee	5374	Strega Gunlance	魔女銃槍	ok	ok
melee	5375	Strega Carol	魔女克阿爾歐勒	ok	ok
melee	5376	Strega Burst	魔女爆	ok	ok
melee	5377	Schwartzregen	黑色之雨	ok	ok
melee	5378	Aqua Caliber	水克阿勒伊布艾爾	bad	phonetic_salad
melee	5379	Hydro Caliber	努波奇克阿勒伊布艾爾	bad	phonetic_salad
melee	5380	Marine Caliber	海克阿勒伊布艾爾	bad	phonetic_salad
melee	5381	Spearfish	魚雷銃槍	ok	ok
melee	5382	Metal Caliber	金克阿勒伊布艾爾	bad	phonetic_salad
melee	5383	Eglin Caliber	艾格勒伊恩克阿勒伊布艾爾	bad	phonetic_salad
melee	5384	Margin Caliber	姆阿爾格伊恩克阿勒伊布艾爾	bad	phonetic_salad
melee	5385	Bunker Buster	暗堡破壞者	ok	ok
melee	5386	Tante Ⅰ	坦特Ⅰ	ok	ok
melee	5387	Tante Ⅱ	坦特Ⅱ	ok	ok
melee	5388	Tante Ⅲ	坦特Ⅲ	ok	ok
melee	5389	Tante Greed	特阿恩特艾聲急証	bad	phonetic_salad
melee	5390	Eunos Ⅰ	尤諾斯Ⅰ	ok	ok
melee	5391	Eunos Ⅱ	尤諾斯Ⅱ	ok	ok
melee	5392	Eunos Ⅲ	尤諾斯Ⅲ	ok	ok
melee	5393	Dias Eunos	德伊阿斯艾烏恩歐斯	bad	phonetic_salad
melee	5394	Boomstick	布歐歐姆斯特伊克	bad	phonetic_salad
melee	5395	Dead Shot	德艾阿德彈	ok	ok
melee	5396	Dead Slug	德艾阿德蛞蝓	ok	ok
melee	5397	Dead Riot	德艾阿德紫黑鍵	ok	ok
melee	5398	Teo Sublimation Sword	炎王斯烏布勒伊姆阿特剣	bad	phonetic_salad
melee	5399	Teostra Heatblade	炎王竜耐暑刃	ok	ok
melee	5400	Dodonga Breaker	多多恩阿破壞	ok	ok
melee	5401	Dragon Longblade	竜長刃	ok	ok
melee	5402	Tempest Dragon Longblade	暴風竜長刃	ok	ok
melee	5403	Golden Beast Club	黄金獣棍	ok	ok
melee	5404	Terrifying G.Beast Club	駭人G獣棍	ok	ok
melee	5405	Frightening G.Beast Club	驚懼G獣棍	ok	ok
melee	5406	Lunatic G.Beast Club	狂G獣棍	ok	ok
melee	5407	Poison Frang	毒夫爾阿恩格	ok	ok
melee	5408	Poison Kanda	毒克阿恩德阿	ok	ok
melee	5409	Poison Var	毒維阿爾	ok	ok
melee	5410	Poison Hornet	毒黄蜂	ok	ok
melee	5411	Ahtal Frang	阿哈特阿勒夫爾阿恩格	bad	phonetic_salad
melee	5412	Ahtal Kanda	阿哈特阿勒克阿恩德阿	bad	phonetic_salad
melee	5413	Ahtal Var	阿哈特阿勒維阿爾	bad	phonetic_salad
melee	5414	Ahtal Hornet	阿哈特阿勒黄蜂	ok	ok
melee	5415	Cross	十字	ok	ok
melee	5416	Storm Cross	嵐十字	ok	ok
melee	5417	Hurricane Cross	疾風十文字	ok	ok
melee	5418	Clouds & Wind Cross	瓦里艾風十	ok	ok
melee	5419	Clear Sky Blade	透空刃	ok	ok
melee	5420	Vacuum Cut Blade	真空切刃	ok	ok
melee	5421	Whirlwind Blade	瓦哈伊爾勒瓦伊恩刃	bad	phonetic_salad
melee	5422	Coldwind Blade	克歐勒德瓦伊恩德刃	bad	phonetic_salad
melee	5423	Cross Shortblade	十字短刃	ok	ok
melee	5424	Flamecross Shortblade	夫勒阿姆艾克爾歐斯哈歐爾特布勒阿	bad	phonetic_salad
melee	5425	Burstcross Shortblade	布烏爾斯特克爾歐斯哈歐爾特布勒阿	bad	phonetic_salad
melee	5426	Greatcross Shortblade	格爾艾阿特克爾歐斯哈歐爾特布勒阿	bad	phonetic_salad
melee	5427	Kingfisher Roundsword	克伊恩格夫伊斯哈丸剣	bad	phonetic_salad
melee	5428	Kingfisher Spinsword	克伊恩格夫伊斯哈旋剣	bad	phonetic_salad
melee	5429	Kingfisher Splintersword	克伊恩格夫伊斯哈斯普勒伊恩特艾爾	bad	phonetic_salad
melee	5430	Kingfisher Piercesword	克伊恩格夫伊斯哈穿剣	bad	phonetic_salad
melee	5431	Circle Knife	円刀	ok	ok
melee	5432	Full Moon Knife	滿月刀	ok	ok
melee	5433	Full Moon Pinwheel	全月普伊恩瓦哈艾艾勒	bad	phonetic_salad
melee	5434	Waterfall Slicer	瓦阿特艾爾夫阿勒斬撃	bad	phonetic_salad
melee	5435	Beast's End	野獣斬	ok	ok
melee	5436	Blade's End	鋭牙斬	ok	ok
melee	5437	Night's End	暗夜斬	ok	ok
melee	5438	Dark's End	闇黑斬	ok	ok
melee	5439	Caldo Knife	加爾多刀	ok	ok
melee	5440	Caldo Dagger	加爾多短剣	ok	ok
melee	5441	Caldo Sabel	熱斯阿布艾勒	ok	ok
melee	5442	Rotbericht	爾歐特布艾爾伊克	bad	phonetic_salad
melee	5443	Rotbeichte	爾歐特布艾伊克哈	bad	phonetic_salad
melee	5444	Amesys Lizard Ⅰ	阿梅西斯・蜥蜴Ⅰ	ok	ok
melee	5445	Amesys Lizard Ⅱ	阿梅西斯・蜥蜴Ⅱ	ok	ok
melee	5446	Amesys Lizard Ⅲ	阿梅西斯・蜥蜴Ⅲ	ok	ok
melee	5447	Amesys Lizard Ⅳ	阿梅西斯・蜥蜴Ⅳ	ok	ok
melee	5448	Amesys Lizard Ⅴ	阿梅西斯・蜥蜴Ⅴ	ok	ok
melee	5449	Blue Arti Ⅰ	阿爾蒂・青Ⅰ	ok	ok
melee	5450	Blue Arti Ⅱ	阿爾蒂・青Ⅱ	ok	ok
melee	5451	Blue Arti Ⅲ	阿爾蒂・青Ⅲ	ok	ok
melee	5452	Labina Nivis	拉比娜恩伊維伊斯	bad	phonetic_salad
melee	5453	Red Arti Ⅰ	阿爾蒂・赤Ⅰ	ok	ok
melee	5454	Red Arti Ⅱ	阿爾蒂・赤Ⅱ	ok	ok
melee	5455	Red Arti Ⅲ	阿爾蒂・赤Ⅲ	ok	ok
melee	5456	Selmo Crusher	斯艾勒姆歐粉碎	ok	ok
melee	5457	Water Arti Ⅰ	阿爾蒂・水Ⅰ	ok	ok
melee	5458	Water Arti Ⅱ	阿爾蒂・水Ⅱ	ok	ok
melee	5459	Water Arti Ⅲ	阿爾蒂・水Ⅲ	ok	ok
melee	5460	Inondation	伊恩歐恩德阿特伊	bad	phonetic_salad
melee	5461	Yellow Arti Ⅰ	阿爾蒂・黄Ⅰ	ok	ok
melee	5462	Yellow Arti Ⅱ	阿爾蒂・黄Ⅱ	ok	ok
melee	5463	Yellow Arti Ⅲ	阿爾蒂・黄Ⅲ	ok	ok
melee	5464	Tonitrus	雷霆	ok	ok
melee	5465	Black Arti Ⅰ	阿爾蒂・黑Ⅰ	ok	ok
melee	5466	Black Arti Ⅱ	阿爾蒂・黑Ⅱ	ok	ok
melee	5467	Black Arti Ⅲ	阿爾蒂・黑Ⅲ	ok	ok
melee	5468	Liberatio	利貝拉提歐	ok	ok
melee	5469	White Arti Ⅰ	阿爾蒂・白Ⅰ	ok	ok
melee	5470	White Arti Ⅱ	阿爾蒂・白Ⅱ	ok	ok
melee	5471	White Arti Ⅲ	阿爾蒂・白Ⅲ	ok	ok
melee	5472	Silentium	斯伊勒艾恩特伊烏	bad	phonetic_salad
melee	5473	Senvi Ⅰ	森維Ⅰ	ok	ok
melee	5474	Senvi Ⅱ	森維Ⅱ	ok	ok
melee	5475	Senvi Ⅲ	森維Ⅲ	ok	ok
melee	5476	Senvi Ein	火魔之道	ok	ok
melee	5477	Celes Ⅰ	塞莉斯Ⅰ	ok	ok
melee	5478	Celes Ⅱ	塞莉斯Ⅱ	ok	ok
melee	5479	Celes Ⅲ	塞莉斯Ⅲ	ok	ok
melee	5480	Celes Cerian	克艾勒艾斯克艾爾伊阿恩	bad	phonetic_salad
melee	5481	Dias Glare	德伊阿斯眼光	ok	ok
melee	5482	Dias Rush	角雙斬	ok	ok
melee	5483	Dias Howl	咆哮德伊阿斯	ok	ok
melee	5484	Dias Rock	德伊阿斯岩	ok	ok
melee	5485	Fanad Daggers	水翅雙刃	ok	ok
melee	5486	Fanad Hatchets	水翅雙斬	ok	ok
melee	5487	Fanad Sabers	水翅雙刀	ok	ok
melee	5488	Fanad Sectors	夫阿恩阿德斯艾克特歐爾斯	bad	phonetic_salad
melee	5489	Volpe Esca	狐艾斯克阿	ok	ok
melee	5490	Volpe Vendetta	冰狐復仇	ok	ok
melee	5491	Volpe Rinascita	狐爾伊恩阿斯克伊特	bad	phonetic_salad
melee	5492	Forte Verita	強音維里塔	ok	ok
melee	5493	Forte Eterno	強音艾特艾爾恩歐	bad	phonetic_salad
melee	5494	Wedded Butterfly	瓦艾德德艾德蝶	ok	ok
melee	5495	Princess Butterfly	公主蝶	ok	ok
melee	5496	Blooming Butterfly	開花蝶	ok	ok
melee	5497	Madam Butterfly	姆阿德阿姆蝶	ok	ok
melee	5498	Squire Doppelt	侍從德歐普普艾勒特	bad	phonetic_salad
melee	5499	Squire Falte	侍從夫阿勒特艾	ok	ok
melee	5500	Squire Anthrac	侍從阿恩特哈爾阿克	bad	phonetic_salad
melee	5501	Weiss Deutsch	白色帝国	ok	ok
melee	5502	Strega Doppelt	魔女德歐普普艾勒特	bad	phonetic_salad
melee	5503	Strega Falte	魔女夫阿勒特艾	ok	ok
melee	5504	Strega Anthrac	魔女阿恩特哈爾阿克	bad	phonetic_salad
melee	5505	Schwartz Deutsch	黑色帝国	ok	ok
melee	5506	Rotatem	爾歐特阿特艾姆	ok	ok
melee	5507	Breath Cage+	氣息・牢籠・改	ok	ok
melee	5508	Yok Ⅰ	約克Ⅰ	ok	ok
melee	5509	Yok Ⅱ	約克Ⅱ	ok	ok
melee	5510	Yok Ⅲ	約克Ⅲ	ok	ok
melee	5511	Yok Ankh	伊歐克阿恩克哈	ok	ok
melee	5512	Naze Ⅰ	奈茲Ⅰ	ok	ok
melee	5513	Naze Ⅱ	奈茲Ⅱ	ok	ok
melee	5514	Naze Ⅲ	奈茲Ⅲ	ok	ok
melee	5515	Naze Knyz	娜澤克恩伊茲	ok	ok
melee	5516	Kirin Illusion	麒麟幻	ok	ok
melee	5517	Thunder Illusion	雷幻	ok	ok
melee	5518	Sageo Sword	薩格歐剣	ok	ok
melee	5519	Sageo Blade	薩格歐刃	ok	ok
melee	5520	Sageo Breaker	薩格歐破	ok	ok
melee	5521	General's Fury	將軍之怒	ok	ok
melee	5522	Squire Messer	侍從姆艾斯斯艾爾	bad	phonetic_salad
melee	5523	Squire Flambek	侍從夫勒阿姆布艾克	bad	phonetic_salad
melee	5524	Squire Bastak	侍從布阿斯特阿克	bad	phonetic_salad
melee	5525	Weissmolda	瓦艾伊斯斯姆歐勒	bad	phonetic_salad
melee	5526	Strega Messer	魔女禮讚	ok	ok
melee	5527	Strega Flambek	魔女夫勒阿姆布艾克	bad	phonetic_salad
melee	5528	Strega Bastak	魔女調律	ok	ok
melee	5529	Schwarzmolda	斯克哈瓦阿爾茲姆	bad	phonetic_salad
melee	5530	Bone Slasher	骨製斬	ok	ok
melee	5531	Bone Hitter	骨製哈伊特特艾爾	bad	phonetic_salad
melee	5532	Bone Slayer	骨製殺手	ok	ok
melee	5533	Bone Stalker	骨製斯特阿勒克艾爾	bad	phonetic_salad
melee	5534	Sion	斯伊歐恩	ok	ok
melee	5535	Tsion	特斯伊歐恩	ok	ok
melee	5536	The Sea	海	ok	ok
melee	5537	Tals	特阿勒斯	ok	ok
melee	5538	Rothagel	爾歐特哈阿格艾勒	bad	phonetic_salad
melee	5539	Garde Sword	格阿爾德艾剣	ok	ok
melee	5540	Garde Buster	前衛破壞者	ok	ok
melee	5541	Garde Schneider	前衛斬撃者	ok	ok
melee	5542	Cardona	克阿爾德歐恩阿	ok	ok
melee	5543	Agita Sword	激動剣	ok	ok
melee	5544	Agita Buster	激動破壞	ok	ok
melee	5545	Agita Schneider	竜顎斬撃者	ok	ok
melee	5546	Augurite	白雲母	ok	ok
melee	5547	Digs Sword	德伊格斯剣	ok	ok
melee	5548	Digs Buster	寒冰破壞者	ok	ok
melee	5549	Digs Schneider	寒冰斬撃者	ok	ok
melee	5550	Digrecia	冷冽	ok	ok
melee	5551	Vota Ⅰ	沃塔Ⅰ	ok	ok
melee	5552	Vota Ⅱ	沃塔Ⅱ	ok	ok
melee	5553	Vota Ⅲ	沃塔Ⅲ	ok	ok
melee	5554	Vota Zimo	沃塔茲莫	ok	ok
melee	5555	Gog Ⅰ	戈格Ⅰ	ok	ok
melee	5556	Gog Ⅱ	戈格Ⅱ	ok	ok
melee	5557	Gog Ⅲ	戈格Ⅲ	ok	ok
melee	5558	Gog Goria	格歐格戈里阿	ok	ok
melee	5559	Nebra Regina	迷霧女王	ok	ok
melee	5560	Nebra Rex	迷霧帝王	ok	ok
melee	5561	Brute Fader	血腥之羽	ok	ok
melee	5562	Brute Flugel	布烏特夫勒烏格艾勒	bad	phonetic_salad
melee	5563	Brute Himmel	布烏特哈伊姆姆艾勒	bad	phonetic_salad
melee	5564	Brute Stern	血腥之星	ok	ok
melee	5565	Daimyo Sickle	大名盾蟹斯伊克克勒艾	bad	phonetic_salad
melee	5566	Daimyo Cleave	大名盾蟹克艾阿維	ok	ok
melee	5567	Daimyo Mantis	大名盾蟹螳螂	ok	ok
melee	5568	Death Squall	死斯奎烏阿勒勒	ok	ok
melee	5569	Flame Talwar	焔特阿勒瓦阿爾	ok	ok
melee	5570	Flame Saif	焔斯阿伊夫	ok	ok
melee	5571	Flame Shamshir	焔斯哈阿姆斯哈伊爾	bad	phonetic_salad
melee	5572	Flame Mirage	焔米拉格	ok	ok
melee	5573	Rain Talwar	雨特阿勒瓦阿爾	ok	ok
melee	5574	Rain Saif	雨斯阿伊夫	ok	ok
melee	5575	Rain Shamshir	雨斯哈阿姆斯哈伊爾	bad	phonetic_salad
melee	5576	Rain Mirage	雨米拉格	ok	ok
melee	5577	Candy Stick	糖果棒	ok	ok
melee	5578	Candy Rod	糖果杖	ok	ok
melee	5579	Candy Bat	糖果棒	ok	ok
melee	5580	Candy Poison	毒糖果	ok	ok
melee	5581	Caldo Edge	加爾多刃	ok	ok
melee	5582	Caldo Blade	加爾多刃	ok	ok
melee	5583	Caldo Espada	熱艾斯普阿德阿	ok	ok
melee	5584	Rotpelle	爾歐特普艾勒勒艾	bad	phonetic_salad
melee	5585	Rotzand	爾歐特茲阿恩德	ok	ok
melee	5586	Amesys Snake Ⅰ	阿梅西斯・蛇Ⅰ	ok	ok
melee	5587	Amesys Snake Ⅱ	阿梅西斯・蛇Ⅱ	ok	ok
melee	5588	Amesys Snake Ⅲ	阿梅西斯・蛇Ⅲ	ok	ok
melee	5589	Amesys Snake Ⅳ	阿梅西斯・蛇Ⅳ	ok	ok
melee	5590	Amesys Snake Ⅴ	阿梅西斯・蛇Ⅴ	ok	ok
melee	5591	Facove Ⅰ	法科維Ⅰ	ok	ok
melee	5592	Facove Ⅱ	法科維Ⅱ	ok	ok
melee	5593	Facove Ⅲ	法科維Ⅲ	ok	ok
melee	5594	Facoves Ray	夫阿克歐維艾斯光線	bad	phonetic_salad
melee	5595	Redclaw Hammer	大錘爾艾德克勒阿瓦	bad	phonetic_salad
melee	5596	Redclaw Striker	爾艾德克勒阿瓦打撃	bad	phonetic_salad
melee	5597	Redclaw Demolisher	爾艾德克勒阿瓦破	bad	phonetic_salad
melee	5598	Redclaw Destroyer	爾艾德克勒阿瓦滅	bad	phonetic_salad
melee	5599	Inno	伊恩恩歐	ok	ok
melee	5600	Innocence	伊恩恩歐克艾恩克	bad	phonetic_salad
melee	5601	Innovation	伊恩恩歐維阿特伊	bad	phonetic_salad
melee	5602	In The Foremost	佛雷莫斯	ok	ok
melee	5603	Volpe Trappola	狐特爾阿普普歐勒阿	bad	phonetic_salad
melee	5604	Volpe Contratto	狐克歐恩特爾阿特特	bad	phonetic_salad
melee	5605	Volpe Cifra	狐克伊夫爾阿	ok	ok
melee	5606	Forte Comando	強音克歐姆阿恩德歐	bad	phonetic_salad
melee	5607	Forte Tiranno	強音特伊爾阿恩恩歐	bad	phonetic_salad
melee	5608	Amethyst Bison Ⅰ	紫水晶・野牛Ⅰ	ok	ok
melee	5609	Amethyst Bison Ⅱ	紫水晶・野牛Ⅱ	ok	ok
melee	5610	Amethyst Bison Ⅲ	紫水晶・野牛Ⅲ	ok	ok
melee	5611	Amethyst Bison Ⅳ	紫水晶・野牛Ⅳ	ok	ok
melee	5612	Amethyst Bison Ⅴ	紫水晶・野牛Ⅴ	ok	ok
melee	5613	Nothingness Ⅰ	沃托Ⅰ	ok	ok
melee	5614	Nothingness Ⅱ	沃托Ⅱ	ok	ok
melee	5615	Nothingness Ⅲ	沃托Ⅲ	ok	ok
melee	5616	Breaker of Illusions	破壞伊勒勒烏斯伊歐恩	bad	phonetic_salad
melee	5617	Kirin Dragon Drum	麒麟竜鼓	ok	ok
melee	5618	Nebra Cantos	涅布阿克阿恩特歐斯	bad	phonetic_salad
melee	5619	Nebra Corse	涅布阿克歐爾斯艾	bad	phonetic_salad
melee	5620	Rivet Drum	角竜鼓	ok	ok
melee	5621	Rivet Bongo	爾伊維艾特波恩歐	bad	phonetic_salad
melee	5622	Rivet Djembe	角竜太鼓	ok	ok
melee	5623	Speckled Greatdrum	斑格爾艾阿特德爾烏	bad	phonetic_salad
melee	5624	Aero Rebec	阿艾羅爾艾布艾克	bad	phonetic_salad
melee	5625	Aero Hardy	阿艾羅哈阿爾德伊	bad	phonetic_salad
melee	5626	Aero Gaudy	阿艾羅華麗	ok	ok
melee	5627	Aero Sitar	阿艾羅斯伊特阿爾	bad	phonetic_salad
melee	5628	Occupy Ⅰ	基姆Ⅰ	ok	ok
melee	5629	Occupy Ⅱ	基姆Ⅱ	ok	ok
melee	5630	Occupy Ⅲ	基姆Ⅲ	ok	ok
melee	5631	Occupy Singularly	歐克克烏普伊斯伊恩格烏勒阿爾	bad	phonetic_salad
melee	5632	Nebula Tower	星雲塔	ok	ok
melee	5633	Sea Roar	咆哮海	ok	ok
melee	5634	Whirling Sea	瓦哈伊爾勒伊恩格海	bad	phonetic_salad
melee	5635	Spring Tide	大潮	ok	ok
melee	5636	Great Tidalwave	大特伊德阿勒瓦阿維	bad	phonetic_salad
melee	5637	Furyhair Lance	怒髮長槍	ok	ok
melee	5638	Furyhair First Lance	怒髮第一槍	ok	ok
melee	5639	Furyhair Second Lance	怒髮第二槍	ok	ok
melee	5640	Furyhair Fourth Lance	怒髮第四槍	ok	ok
melee	5641	Furyhair Fifth Lance	怒髮第五槍	ok	ok
melee	5642	Fer Lance	長槍夫艾爾	ok	ok
melee	5643	Ferrum Lance	長槍夫艾爾爾烏姆	bad	phonetic_salad
melee	5644	Carbuncle Lance	可邦庫勒長槍	ok	ok
melee	5645	Ruber Pride	尊貴紅寶石	ok	ok
melee	5646	Asir Lance	阿斯伊爾槍	ok	ok
melee	5647	Chalybs Lance	克哈阿勒伊布斯槍	bad	phonetic_salad
melee	5648	Adamas Lance	長槍阿德阿姆阿斯	bad	phonetic_salad
melee	5649	Niger Rebellio	恩伊格艾爾爾艾布艾勒勒伊歐	bad	phonetic_salad
melee	5650	Memory Heart	記憶心	ok	ok
melee	5651	Twin Heart	球紋章心	ok	ok
melee	5652	Florence Heart	夫勒歐爾艾恩克艾心	bad	phonetic_salad
melee	5653	Innocent Heart	伊恩恩歐克艾恩特心	bad	phonetic_salad
melee	5654	Jebia Reply	灰晶蠍爾艾普勒伊	bad	phonetic_salad
melee	5655	Jebia Clicking	灰晶蠍克勒伊克克伊恩格	bad	phonetic_salad
melee	5656	Jebia Plunge	灰晶蠍普勒烏恩格艾	bad	phonetic_salad
melee	5657	Jebia Soul	灰晶蠍魂	ok	ok
melee	5658	Caldo Lance	加爾多長槍	ok	ok
melee	5659	Caldo Spear	加爾多槍	ok	ok
melee	5660	Caldo Hasta	熱槍	ok	ok
melee	5661	Rotberg	爾歐特布艾爾格	ok	ok
melee	5662	Rotinsel	爾歐特伊恩斯艾勒	bad	phonetic_salad
melee	5663	Elkie Lance	艾勒克伊艾槍	ok	ok
melee	5664	Elkie Spear	艾勒克伊艾矛	ok	ok
melee	5665	Elkie Spire	艾勒克伊艾斯普伊爾艾	bad	phonetic_salad
melee	5666	Elcarte	艾勒克阿爾特艾	ok	ok
melee	5667	Isuki Lance	伊蘇奇槍	ok	ok
melee	5668	Isuki Spear	伊蘇奇矛	ok	ok
melee	5669	Isuki Spire	軍官長槍	ok	ok
melee	5670	Ascate	戦士長槍	ok	ok
melee	5671	Kleine Lance	克勒艾伊恩艾槍	ok	ok
melee	5672	Kleine Spear	克勒艾伊恩艾矛	ok	ok
melee	5673	Kleine Spire	克勒艾伊恩艾斯普伊爾艾	bad	phonetic_salad
melee	5674	Krenante	克爾艾恩阿恩特艾	bad	phonetic_salad
melee	5675	Mona Ⅰ	莫娜Ⅰ	ok	ok
melee	5676	Mona Ⅱ	莫娜Ⅱ	ok	ok
melee	5677	Mona Ⅲ	莫娜Ⅲ	ok	ok
melee	5678	Mona Crimson	莫娜深紅	ok	ok
melee	5679	Forte F. Delitto	強音F德艾勒伊特特歐	bad	phonetic_salad
melee	5680	Feather Step	鳥羽歩足	ok	ok
melee	5681	Feather Spin	羽旋	ok	ok
melee	5682	Feather Shape	羽形	ok	ok
melee	5683	Feather Dance	羽舞	ok	ok
melee	5684	Little Stopper	勒伊特特勒艾斯特歐普普艾爾	bad	phonetic_salad
melee	5685	Little Sweeper	勒伊特特勒艾斯瓦艾艾普艾爾	bad	phonetic_salad
melee	5686	Little Volante	勒伊特特勒艾維歐勒阿恩特艾	bad	phonetic_salad
melee	5687	Little Striker	勒伊特特勒艾打撃	bad	phonetic_salad
melee	5688	Furyhair Gunlance	怒髮銃槍	ok	ok
melee	5689	"Furycannon ""Snowflower"""	夫烏爾伊克阿恩恩斯恩歐瓦夫勒歐瓦	bad	phonetic_salad
melee	5690	"Furycannon ""Snowdrift"""	夫烏爾伊克阿恩恩斯恩歐瓦德爾伊夫	bad	phonetic_salad
melee	5691	"Furycannon ""Spring Snow"""	"憤怒砲,窄 UI 引號
」,彈簧雪」"	ok	ok
melee	5692	"Furycannon ""Snowfly"""	夫烏爾伊克阿恩恩斯恩歐瓦夫勒伊	bad	phonetic_salad
melee	5693	Akura Jail	晶蠍監獄	ok	ok
melee	5694	Akura Leyding	晶蠍勒艾伊德伊恩格	bad	phonetic_salad
melee	5695	Akura Dromi	晶蠍德歐米	ok	ok
melee	5696	Akura Gleipnir	晶蠍格勒艾伊普恩伊爾	bad	phonetic_salad
melee	5697	Wisdom Ⅰ	茲尼亞Ⅰ	ok	ok
melee	5698	Wisdom Ⅱ	茲尼亞Ⅱ	ok	ok
melee	5699	Wisdom Ⅲ	茲尼亞Ⅲ	ok	ok
melee	5700	Wisdom Naruta	智慧娜魯塔	ok	ok
melee	5701	Blaze Ⅰ	奧爾西Ⅰ	ok	ok
melee	5702	Blaze Ⅱ	奧爾西Ⅱ	ok	ok
melee	5703	Blaze Ⅲ	奧爾西Ⅲ	ok	ok
melee	5704	Blaze Court	炎克歐烏爾特	ok	ok
melee	5705	Olga Warthog	歐勒格阿瓦阿爾特哈歐格	bad	phonetic_salad
melee	5706	Olga Slinger	歐勒格阿斯勒伊恩格艾爾	bad	phonetic_salad
melee	5707	Olga Schwein	歐勒格阿斯克哈瓦艾伊恩	bad	phonetic_salad
melee	5708	Olga Panzer	歐勒格阿普阿恩茲艾爾	bad	phonetic_salad
melee	5709	Ophion Pair	俄菲翁對	ok	ok
melee	5710	"Ophion Pair ""Flash"""	俄菲翁對閃	ok	ok
melee	5711	"Ophion Pair ""Shine"""	俄菲翁對輝	ok	ok
melee	5712	"Ophion Pair ""Glory"""	俄菲翁對【栄光】	ok	ok
melee	5713	Daora Hammer	鋼竜大錘	ok	ok
melee	5714	Daora's Orb	竜之寶珠	ok	ok
melee	5715	Teostra Lance	炎王竜長槍	ok	ok
melee	5716	Teostra Firelight	炎王竜夫伊爾艾勒伊格哈	bad	phonetic_salad
melee	5717	Mountain Fog Longblade	山霧長刃	ok	ok
melee	5718	Thunderfang Illusion	特哈烏恩德艾爾夫幻	bad	phonetic_salad
melee	5719	Daora's Soir	崩竜斯歐伊爾	ok	ok
melee	5720	Teostra Will-o'-wisp	炎王竜意志Ｏ瓦伊斯普	ok	ok
melee	5721	Carol Ala	克阿爾歐勒之翼	ok	ok
melee	5722	Franc Ala	法蘭之翼	ok	ok
melee	5723	Sol Ala	日輪之翼	ok	ok
melee	5724	Niger S. Ala	黑S之翼	ok	ok
melee	5725	Niger Sol	黑日輪	ok	ok
melee	5726	Eques Mahito	未來迪瑪希托	ok	ok
melee	5727	Eques Mahiveri	未來迪瑪希維里	ok	ok
melee	5728	Eques Mahierudo	未來迪瑪希艾魯多	ok	ok
melee	5729	Weiss Sage	懷斯薩格	ok	ok
melee	5730	Strega Mahito	魔女瑪希托	ok	ok
melee	5731	Strega Mahiveri	魔女武裝	ok	ok
melee	5732	Strega Mahierudo	魔女瑪希艾魯多	ok	ok
melee	5733	Schwartz Sage	黑色傳説	ok	ok
melee	5734	Lars Ⅰ	拉爾斯Ⅰ	ok	ok
melee	5735	Lars Ⅱ	拉爾斯Ⅱ	ok	ok
melee	5736	Lars Ⅲ	拉爾斯Ⅲ	ok	ok
melee	5737	Fluorescent	夫勒烏歐爾艾斯克	bad	phonetic_salad
melee	5738	Gyro Ⅰ	亞伊呂Ⅰ	ok	ok
melee	5739	Gyro Ⅱ	亞伊呂Ⅱ	ok	ok
melee	5740	Gyro Ⅲ	亞伊呂Ⅲ	ok	ok
melee	5741	Gyrota Harte	格伊爾歐特阿哈阿爾特艾	bad	phonetic_salad
melee	5742	Toyama	托雅瑪	ok	ok
melee	5743	Nishirou	尼修伊羅烏	ok	ok
melee	5744	Mochizuki	莫奇伊祖奇	ok	ok
melee	5745	Oniashige	歐尼阿修伊格	ok	ok
melee	5746	Kogarasumaru	科加拉蘇瑪魯	ok	ok
melee	5747	Yuusui Kogarasumaru	尤烏蘇伊科加拉蘇瑪魯	ok	ok
melee	5748	Kirisame Kogarasumaru	奇里薩梅科加拉蘇瑪魯	ok	ok
melee	5749	Samidare Kogarasumaru	薩米達雷科加拉蘇瑪魯	ok	ok
melee	5750	Nebra Virus	涅布拉病毒	ok	ok
melee	5751	Nebra Morbus	涅布阿姆歐爾布烏斯	bad	phonetic_salad
melee	5752	Nebra Plage	涅布阿普勒阿格艾	bad	phonetic_salad
melee	5753	Sparrowhawk Sabers	斯普阿爾爾歐瓦哈軍刀	bad	phonetic_salad
melee	5754	Grand Basarios	岩竜大	ok	ok
melee	5755	Glutton Basarios	岩竜暴食	ok	ok
melee	5756	Gravion Basarios	岩竜格爾阿維伊歐恩	bad	phonetic_salad
melee	5757	Basagravi Fortress	巴薩格阿維要塞	ok	ok
melee	5758	Gerbera Nabat	格艾爾布艾爾阿恩阿布阿特	bad	phonetic_salad
melee	5759	Gerbera Buds	非洲菊雙蕾	ok	ok
melee	5760	Gerbera Battler	格艾爾布艾爾阿布阿特特勒艾爾	bad	phonetic_salad
melee	5761	Gerbara Right	非洲菊光斬	ok	ok
melee	5762	Naranja Sabers	恩阿爾阿恩杰阿軍刀	bad	phonetic_salad
melee	5763	Arancia Sabers	橙光雙切	ok	ok
melee	5764	Orange Crisis	橙危機	ok	ok
melee	5765	Malum Medicum	姆阿勒烏姆姆艾德伊克烏姆	bad	phonetic_salad
melee	5766	Surpra Saver	墨色軍斧	ok	ok
melee	5767	Sulpur Slicer	斯烏勒普烏爾斬撃	bad	phonetic_salad
melee	5768	Speller Crisis	斯普艾勒勒艾爾危機	bad	phonetic_salad
melee	5769	Quad Superest	四蘇佩雷斯	ok	ok
melee	5770	Veil Saver	紗節約	ok	ok
melee	5771	Verdes Slicer	維艾爾德艾斯斬撃	bad	phonetic_salad
melee	5772	Willide Crisis	瓦伊勒勒伊德艾危機	bad	phonetic_salad
melee	5773	Zylide Onui	茲伊勒伊德艾歐努伊	bad	phonetic_salad
melee	5774	Afferter I	阿費塔Ⅰ	ok	ok
melee	5775	Afferter Ⅱ	阿費塔Ⅱ	ok	ok
melee	5776	Afferter Ⅲ	阿費塔Ⅲ	ok	ok
melee	5777	Navaja	娜瓦雅	ok	ok
melee	5778	Futto Ⅰ	夫烏特特歐Ⅰ	ok	ok
melee	5779	Futto ⅠⅠ	夫烏特特歐	ok	ok
melee	5780	Futto ⅠⅠⅠ	夫烏特特歐	ok	ok
melee	5781	Uruga Futachio	烏魯加芙塔奇伊歐	ok	ok
melee	5782	Amethyst Swallow I	紫水晶・燕Ⅰ	ok	ok
melee	5783	Amethyst Swallow II	紫水晶・燕Ⅱ	ok	ok
melee	5784	Amethyst Swallow III	紫水晶・燕Ⅲ	ok	ok
melee	5785	Amethyst Swallow IV	紫水晶・燕Ⅳ	ok	ok
melee	5786	Amethyst Swallow V	紫水晶・燕Ⅴ	ok	ok
melee	5787	Move Fast as Lightning	雷動法斯AS	ok	ok
melee	5788	Hypno Silence	眠沈黙	ok	ok
melee	5789	Fatos Ala	夫阿特歐斯阿拉	ok	ok
melee	5790	Vita Ala	維塔阿拉	ok	ok
melee	5791	Mors Ala	姆歐爾斯之翼	ok	ok
melee	5792	Niger M. Ala	黑M之翼	ok	ok
melee	5793	Niger Mors	黑姆歐爾斯	ok	ok
melee	5794	Gesshoku Greatsword	大剣格艾斯斯哈歐克烏	bad	phonetic_salad
melee	5795	Lavasioth Nobori	熔岩竜諾波里	ok	ok
melee	5796	Red Carp Nobori	赤鯉諾波里	ok	ok
melee	5797	Black Carp Nobori	黑鯉諾波里	ok	ok
melee	5798	Passionate Nobori	普阿斯斯伊歐恩阿諾波里	bad	phonetic_salad
melee	5799	Reborn Queen Rinascita	爾艾布歐爾恩女王爾伊恩阿斯克伊特	bad	phonetic_salad
melee	5800	Bound King Lestori	界王勒斯歐里	ok	ok
melee	5801	Carnage General Distor	克阿爾恩阿格艾格艾恩艾爾阿勒德伊斯特歐爾	bad	phonetic_salad
melee	5802	Extinction Emperor Estin	艾克斯特伊恩克特帝艾斯特伊恩	bad	phonetic_salad
melee	5803	Balisk I	巴里斯Ⅰ	ok	ok
melee	5804	Balisk II	巴里斯Ⅱ	ok	ok
melee	5805	Balisk III	巴里斯Ⅲ	ok	ok
melee	5806	Paralispada	普阿爾阿勒伊斯普	bad	phonetic_salad
melee	5807	Naval I	納貝爾Ⅰ	ok	ok
melee	5808	Naval II	納貝爾Ⅱ	ok	ok
melee	5809	Naval III	納貝爾Ⅲ	ok	ok
melee	5810	Nabile Ligiano	娜比勒利吉阿諾	ok	ok
melee	5811	Amethyst Rhinos I	紫水晶・犀Ⅰ	ok	ok
melee	5812	Amethyst Rhinos II	紫水晶・犀Ⅱ	ok	ok
melee	5813	Amethyst Rhinos III	紫水晶・犀Ⅲ	ok	ok
melee	5814	Amethyst Rhinos IV	紫水晶・犀Ⅳ	ok	ok
melee	5815	Amethyst Rhinos V	紫水晶・犀Ⅴ	ok	ok
melee	5816	Yakal Axt	伊阿克阿勒阿克斯特	bad	phonetic_salad
melee	5817	"Floating Peak LS ""White"""	太刀浮游峰【白】	ok	ok
melee	5818	"Floating Peak LS""Yellow"""	太刀浮游峰【黄】	ok	ok
melee	5819	"Floating Peak LS ""Water"	太刀浮游峰水	ok	ok
melee	5820	Blue Longsword	青長剣	ok	ok
melee	5821	Blue Decapitator	青斬首	ok	ok
melee	5822	Blue Judgement	青杰烏德格艾姆艾恩	bad	phonetic_salad
melee	5823	Blue Bisector	青布伊斯艾克特歐爾	bad	phonetic_salad
melee	5824	Kyoyu Katana	克伊歐伊烏刀	bad	type_phonetic
melee	5825	Momiji Katana	莫米吉刀	ok	ok
melee	5826	Batan Katana	布阿特阿恩刀	bad	type_phonetic
melee	5827	Gikyoyu Katana	格伊克伊歐伊烏刀	bad	type_phonetic
melee	5828	Entenmaru	炎天丸【火鶴】	ok	ok
melee	5829	Akamaku Entenmaru	炎天丸【紅幕】	ok	ok
melee	5830	Moetsuki Entenmaru	姆歐艾特斯烏克伊艾恩特艾恩姆阿爾	bad	phonetic_salad
melee	5831	Fushicho Entenmaru	芙修伊奇歐艾恩特艾恩姆阿爾	bad	phonetic_salad
melee	5832	Hanamisake	哈娜米薩凱	ok	ok
melee	5833	Sakurabana Hanamisake	薩庫拉巴娜哈娜米薩凱	ok	ok
melee	5834	Sakuramaku Hanamisake	薩庫拉瑪庫哈娜米薩凱	ok	ok
melee	5835	Hanami de Ippai	哈娜米伊普普阿伊	bad	phonetic_salad
melee	5836	Tsukimisake	賞月酒【小菊】	ok	ok
melee	5837	Boyo Tsukimisake	波約特斯烏克伊姆伊斯	bad	phonetic_salad
melee	5838	Bogetsu	布歐格艾特斯烏	ok	ok
melee	5839	Tsukimi de Ippai	賞月小酌	ok	ok
melee	5840	Kabusendai	歌舞千代【朧月】	ok	ok
melee	5841	Yuunagi Kabusendai	尤烏娜吉克阿布烏斯艾恩德	bad	phonetic_salad
melee	5842	Yonaga Kabusendai	約娜加克阿布烏斯艾恩德	bad	phonetic_salad
melee	5843	Joya Kabusendai	喬雅克阿布烏斯艾恩德	bad	phonetic_salad
melee	5844	Ichi no Kaze Chirin	伊奇伊可澤克哈伊爾伊恩	bad	phonetic_salad
melee	5845	Ni no Kaze Chirin	NI可澤克哈伊爾伊恩	bad	phonetic_salad
melee	5846	San no Kaze Chirin	沸血吼之可澤克哈伊爾伊恩	bad	phonetic_salad
melee	5847	Jinchiruurin	人智老臨【嵐】	ok	ok
melee	5848	Letra I	雷特拉Ⅰ	ok	ok
melee	5849	Letra II	雷特拉Ⅱ	ok	ok
melee	5850	Letra III	雷特拉Ⅲ	ok	ok
melee	5851	Okushida Palo	奧志田波洛	ok	ok
melee	5852	Arinus I	阿利努Ⅰ	ok	ok
melee	5853	Arinus II	阿利努Ⅱ	ok	ok
melee	5854	Arinus III	阿利努Ⅲ	ok	ok
melee	5855	Scissor Arinos	鋏阿爾伊恩歐斯	ok	ok
melee	5856	Grass-Mowing Halberd	草莫威恩戟	ok	ok
melee	5857	Demon-Beheading Halberd	魔貝赫阿迪恩戟	ok	ok
melee	5858	Land-Dividing Halberd	陸迪維迪恩戟	ok	ok
melee	5859	Heaven-Splitting Halberd	天斯普勒伊特特伊恩戟	bad	phonetic_salad
melee	5860	Slicing Spider	斯伊西恩蛛	ok	ok
melee	5861	Penumbra Spider	蜘蛛切【半影】	ok	ok
melee	5862	Umbra Spider	蜘蛛切【真影】	ok	ok
melee	5863	Hades Spider	哈阿德艾斯蛛	ok	ok
melee	5864	Ex Deluard	ＥＸ德艾勒烏阿爾德	bad	phonetic_salad
melee	5865	Lapis Ala	青金之翼	ok	ok
melee	5866	Rupes Ala	爾烏普艾斯阿拉	ok	ok
melee	5867	Chalybs Ala	克哈阿勒伊布斯之翼	bad	phonetic_salad
melee	5868	Niger C. Ala	黑Ｃ之翼	ok	ok
melee	5869	Niger Chalybs	黑克哈阿勒伊布斯	bad	phonetic_salad
melee	5870	Guren Weitz	古竜錘	ok	ok
melee	5871	Guren Wechen	古竜大錘	ok	ok
melee	5872	Guren Willen	紅蓮瓦伊勒勒艾恩	bad	phonetic_salad
melee	5873	Guren Vios	紅蓮維伊歐斯	ok	ok
melee	5874	Cardo Mace	加爾多鎚	ok	ok
melee	5875	Cardo hammer	加爾多大錘	ok	ok
melee	5876	Cardo impact	可多衝撃	ok	ok
melee	5877	Rotes Gebet	爾歐特艾斯格艾布艾特	bad	phonetic_salad
melee	5878	Roth Holzer	羅斯哈歐勒茲艾爾	bad	phonetic_salad
melee	5879	Tardro I	塔爾德Ⅰ	ok	ok
melee	5880	Tardro II	塔爾德Ⅱ	ok	ok
melee	5881	Tardro III	塔爾德Ⅲ	ok	ok
melee	5882	Truduro	特烏杜羅	ok	ok
melee	5883	Shiroma I	希羅瑪Ⅰ	ok	ok
melee	5884	Shiroma II	希羅瑪Ⅱ	ok	ok
melee	5885	Shiroma III	希羅瑪Ⅲ	ok	ok
melee	5886	Cecil silomed	克艾克伊勒斯伊勒歐姆艾德	bad	phonetic_salad
melee	5887	Wetz Jewel	瓦艾特茲寶	ok	ok
melee	5888	Wet's Jewel	才智寶石	ok	ok
melee	5889	Wetz Dizer	睿智傳教者	ok	ok
melee	5890	Stima Kender	碎冰者	ok	ok
melee	5891	Vet Riba	智慧結晶	ok	ok
melee	5892	Wetz Driva	才智結晶	ok	ok
melee	5893	Wetz Gadder	睿智吟遊者	ok	ok
melee	5894	Gwana Kender	碎撃者	ok	ok
melee	5895	Far Crusher	遠粉碎	ok	ok
melee	5896	Gravios Return	鎧竜歸還	ok	ok
melee	5897	"Dragstriker ""Crusher"""	德爾阿格斯特爾伊碎	bad	phonetic_salad
melee	5898	Petal Reel hammer	大錘花瓣卷線器	ok	ok
melee	5899	"Great Shell Horn ""Brave"""	偉大殻角【勇】	ok	ok
melee	5900	"Great Shell Horn ""Power"""	偉大殻角力量	ok	ok
melee	5901	Thistle Tan	斯伊斯勒棕褐	ok	ok
melee	5902	Thistle Tin	斯伊斯勒罐	ok	ok
melee	5903	Thistle Tian	斯伊斯勒特伊阿恩	bad	phonetic_salad
melee	5904	Thistle careltiya	斯伊斯勒克阿爾艾勒特伊伊	bad	phonetic_salad
melee	5905	Cardo trumpet	可多號角	ok	ok
melee	5906	Cardo Wind	可多風	ok	ok
melee	5907	Cardovento	克阿爾德歐維艾恩	bad	phonetic_salad
melee	5908	Roter Ton	爾歐特艾爾特歐恩	bad	phonetic_salad
melee	5909	Rote Floete	輪唱弗歐艾特	ok	ok
melee	5910	Ponos I	波諾斯Ⅰ	ok	ok
melee	5911	Ponos II	波諾斯Ⅱ	ok	ok
melee	5912	Ponos III	波諾斯Ⅲ	ok	ok
melee	5913	Zmos Berio	茲姆歐斯貝里歐	ok	ok
melee	5914	Nyakucho	恩伊阿克烏克哈歐	bad	phonetic_salad
melee	5915	"Nyakucho ""Bullet"""	恩伊阿克烏克哈歐弾	bad	phonetic_salad
melee	5916	"Nyakucho ""Performance"""	恩伊阿克烏克哈歐普艾爾夫歐爾姆阿	bad	phonetic_salad
melee	5917	"Nyachuko ""Play"""	恩伊阿克哈烏克歐遊	bad	phonetic_salad
melee	5918	Nyalute	恩伊阿勒烏特艾	ok	ok
melee	5919	"Nyalut ""Bullet"""	恩伊阿勒烏特弾	ok	ok
melee	5920	"Nyalut ""Performance"""	恩伊阿勒烏特普艾爾夫歐爾姆阿	bad	phonetic_salad
melee	5921	"Nyalut ""Play"""	恩伊阿勒烏特遊	ok	ok
melee	5922	Nyatar	恩伊阿特阿爾	ok	ok
melee	5923	"Nyatar ""Bullet"""	恩伊阿特阿爾弾	ok	ok
melee	5924	"Nyatar ""Performance"""	恩伊阿特阿爾普艾爾夫歐爾姆阿	bad	phonetic_salad
melee	5925	"Nyatar ""Play"""	恩伊阿特阿爾遊	ok	ok
melee	5926	Nyabab	恩伊阿布阿布	ok	ok
melee	5927	"Nyabab ""Bullet"""	恩伊阿布阿布弾	ok	ok
melee	5928	"Nyabab ""Performance"""	恩伊阿布阿布普艾爾夫歐爾姆阿	bad	phonetic_salad
melee	5929	"Nyabab ""Play"""	恩伊阿布阿布遊	ok	ok
melee	5930	Nyanshin	恩伊阿恩斯哈伊恩	bad	phonetic_salad
melee	5931	"Nyanshin ""Bullet"""	恩伊阿恩斯哈伊恩弾	bad	phonetic_salad
melee	5932	"Nyanshin ""Performance"""	恩伊阿恩斯哈伊恩普艾爾夫歐爾姆阿	bad	phonetic_salad
melee	5933	"Nyanshin ""Play"""	恩伊阿恩斯哈伊恩遊	bad	phonetic_salad
melee	5934	Duel Gogo	德烏艾勒拉瓦里	ok	ok
melee	5935	Akuraria Ocarina	ｋＵＲＲI陶笛	ok	ok
melee	5936	Ruko's Agreo	極竜之翼	ok	ok
melee	5937	Ruko's Revelio	叛逆之翼	ok	ok
melee	5938	Ruko's Ultio	究極之翼	ok	ok
melee	5939	Ater U Ruko	庫阿特艾爾Ｕ	ok	ok
melee	5940	Ater's Ultio	暗黑・究極	ok	ok
melee	5941	Escapule	艾斯克阿普烏勒艾	bad	phonetic_salad
melee	5942	Escapisa	騎士祭儀長槍	ok	ok
melee	5943	Escapyos	艾斯克阿普伊歐斯	bad	phonetic_salad
melee	5944	Weiss Bowden	懷斯布歐瓦德艾恩	bad	phonetic_salad
melee	5945	Strega Capeel	魔女克阿普艾艾勒	bad	phonetic_salad
melee	5946	Strega Capisa	魔女祭儀長槍	ok	ok
melee	5947	Strega Capyos	魔女克阿普伊歐斯	bad	phonetic_salad
melee	5948	Schwarzboden	斯克哈瓦阿爾茲布	bad	phonetic_salad
melee	5949	Victus	勝利長槍	ok	ok
melee	5950	Victus Transformer	維伊克特烏斯特爾阿恩斯夫歐爾	bad	phonetic_salad
melee	5951	Victus Heavylance	ＶIＣTＵS重長槍	ok	ok
melee	5952	Lord Of Knights	領主克恩伊格哈特斯	bad	phonetic_salad
melee	5953	Nost Force	諾斯力	ok	ok
melee	5954	Nostga Force	諾斯加力	ok	ok
melee	5955	Nost Trooper	諾斯特爾歐歐普艾爾	bad	phonetic_salad
melee	5956	Gamma Queen	格阿姆姆阿女王	ok	ok
melee	5957	Nost Baum	諾斯布阿烏姆	ok	ok
melee	5958	Nostga Baum	諾斯加布阿烏姆	ok	ok
melee	5959	Nost Randia	諾斯爾阿恩德伊阿	bad	phonetic_salad
melee	5960	Jikit Queen	杰伊克伊特女王	ok	ok
melee	5961	Kirin Thundergunlance	麒麟雷銃槍	ok	ok
melee	5962	Thunderstorm Gunlance	銃槍特哈烏恩德艾爾斯	ok	ok
melee	5963	Ophion Blast	爆破俄菲翁	ok	ok
melee	5964	"Ophion Blast ""Flash"""	爆破俄菲翁【閃光】	ok	ok
melee	5965	"Ophion Blast ""Shine"""	爆破俄菲翁【光輝】	ok	ok
melee	5966	"Ophion Blast ""Glory"""	爆破俄菲翁【栄光】	ok	ok
melee	5967	Cardigan Lance	長槍克阿爾德伊格阿恩	bad	phonetic_salad
melee	5968	Cardo Carroll	可多克阿爾爾歐勒勒	bad	phonetic_salad
melee	5969	Cardo Burst	可多爆	ok	ok
melee	5970	Roter Regen	爾歐特艾爾極征服	bad	phonetic_salad
melee	5971	5317・ロートスロトフリント	5317・羅托	ok	ok
melee	5972	Yunya Ⅰ	旋刃Ⅰ	ok	ok
melee	5973	Yunya Ⅱ	旋刃Ⅱ	ok	ok
melee	5974	Yunya Ⅲ	旋刃Ⅲ	ok	ok
melee	5975	Laura Scar	拉烏拉痕	ok	ok
melee	5976	Folka Ⅰ	佛爾加Ⅰ	ok	ok
melee	5977	Folka Ⅱ	佛爾加Ⅱ	ok	ok
melee	5978	Folka Ⅲ	佛爾加Ⅲ	ok	ok
melee	5979	Folka Middledge	夫歐勒克阿姆伊德德勒艾德格	bad	phonetic_salad
melee	5980	Amethyst Hawk Ⅰ	紫水晶・鷹Ⅰ	ok	ok
melee	5981	Amethyst Hawk Ⅱ	紫水晶・鷹Ⅱ	ok	ok
melee	5982	Amethyst Hawk Ⅲ	紫水晶・鷹Ⅲ	ok	ok
melee	5983	Amethyst Hawk Ⅳ	紫水晶・鷹Ⅳ	ok	ok
melee	5984	Amethyst Hawk Ⅴ	紫水晶・鷹Ⅴ	ok	ok
melee	5985	Handshock Puppet	哈阿恩德斯哈歐克傀儡	bad	phonetic_salad
melee	5986	Handshock Doll	哈阿恩德斯哈歐克人形	bad	phonetic_salad
melee	5987	Handshock Figure	哈阿恩德斯哈歐克菲古雷	bad	phonetic_salad
melee	5988	Moody Dancer	姆歐歐德伊德阿恩克艾爾	bad	phonetic_salad
melee	5989	Mash Poison	毒瑪修	ok	ok
melee	5990	Mash Poison+	毒瑪修＋	ok	ok
melee	5991	Porch Poison	毒普歐爾克哈	ok	ok
melee	5992	Truffle Poison	毒特爾烏夫夫勒艾	bad	phonetic_salad
melee	5993	Marti Ⅰ	馬爾蒂Ⅰ	ok	ok
melee	5994	Marti Ⅱ	馬爾蒂Ⅱ	ok	ok
melee	5995	Marti Ⅲ	馬爾蒂Ⅲ	ok	ok
melee	5996	Martius	姆阿爾特伊烏斯	ok	ok
melee	5997	Nepa Icecutter	涅拍冰切	ok	ok
melee	5998	Nepa Fierce Icecutter	涅拍猛冰切	ok	ok
melee	5999	Nepa Violent Icecutter	尼波猛冰切	ok	ok
melee	6000	"Rendblade ""Wake"""	爾艾恩德布勒阿德瓦凱	bad	phonetic_salad
melee	6001	Weiss Beichte	白色告白	ok	ok
melee	6002	Schwarz Beichte	黑色告白	ok	ok
melee	6003	Red Barnacle	赤布阿爾恩阿克勒艾	bad	phonetic_salad
melee	6004	Amix Grain	摯友之氣	ok	ok
melee	6005	Grand Garucein	大地冰封	ok	ok
melee	6006	Cardo de Petra	可多佩特阿	ok	ok
melee	6007	CardoFalte	可多夫阿勒特艾	ok	ok
melee	6008	Cardo Antrax	可多阿恩特爾阿克斯	bad	phonetic_salad
melee	6009	Rotodoichi	羅托多伊奇伊	ok	ok
melee	6010	Rotoafustan	爾歐特歐阿夫烏斯	bad	phonetic_salad
melee	6011	Pierce Rapier Ⅰ	貫穿細剣Ⅰ	ok	ok
melee	6012	Pierce Rapier Ⅱ	貫穿細剣Ⅱ	ok	ok
melee	6013	Pierce Rapier Ⅲ	貫穿細剣Ⅲ	ok	ok
melee	6014	Finishing Blow	終結一撃	ok	ok
melee	6015	Poisoner Ⅰ	送毒Ⅰ	ok	ok
melee	6016	Poisoner Ⅱ	送毒Ⅱ	ok	ok
melee	6017	Poisoner Ⅲ	送毒Ⅲ	ok	ok
melee	6018	Venom Purple	毒紫	ok	ok
melee	6019	Paralypia Ⅰ	麻痺Ⅰ	ok	ok
melee	6020	Paralypia Ⅱ	麻痺Ⅱ	ok	ok
melee	6021	Paralypia Ⅲ	麻痺Ⅲ	ok	ok
melee	6022	Paragreen	麻痺利針	ok	ok
melee	6023	Lightning Stub Ⅰ	電光Ⅰ	ok	ok
melee	6024	Lightning Stub Ⅱ	電光Ⅱ	ok	ok
melee	6025	Lightning Stub Ⅲ	電光Ⅲ	ok	ok
melee	6026	Skull Pierce	頭骨貫通	ok	ok
melee	6027	Rain Thrust Ⅰ	貫雨Ⅰ	ok	ok
melee	6028	Rain Thrust Ⅱ	貫雨Ⅱ	ok	ok
melee	6029	Rain Thrust Ⅲ	貫雨Ⅲ	ok	ok
melee	6030	Bloodfall	布勒歐歐德夫阿勒	bad	phonetic_salad
melee	6031	Demon's Rapier Ⅰ	冥府細剣Ⅰ	ok	ok
melee	6032	Demon's Rapier Ⅱ	冥府細剣Ⅱ	ok	ok
melee	6033	Demon's Rapier Ⅲ	冥府細剣Ⅲ	ok	ok
melee	6034	Demon's Fire	惡魔之炎	ok	ok
melee	6035	App Ⅰ	阿普利Ⅰ	ok	ok
melee	6036	App Ⅱ	阿普利Ⅱ	ok	ok
melee	6037	App Ⅲ	阿普利Ⅲ	ok	ok
melee	6038	Aprilios	阿普爾伊勒伊歐斯	bad	phonetic_salad
melee	6039	Wealth Frostpair	富霜對	ok	ok
melee	6040	Wealth Fierce Frostpair	富猛霜對	ok	ok
melee	6041	Wealth Violent Frostpair	富凶暴霜對	ok	ok
melee	6042	PrototypeWorkshopSohen	試作工房斯歐哈艾恩	bad	phonetic_salad
melee	6043	OfficialWorkshpSohen	歐夫夫伊克伊阿勒瓦歐爾克斯哈普斯歐哈艾恩	bad	phonetic_salad
melee	6044	OfficialWorkshpSohen α	歐夫夫伊克伊阿勒瓦歐爾克斯哈普斯歐哈艾恩α	bad	phonetic_salad
melee	6045	"FactoryChiefDS""BlstFlam"""	雙剣夫阿克特歐爾伊克哈伊艾夫布斯夫勒阿姆	bad	phonetic_salad
melee	6046	PrototypeWorkshopSuiso	試作工房蘇伊索	ok	ok
melee	6047	OfficialWorkspSuiso	歐夫夫伊克伊阿勒瓦歐爾克斯普蘇伊索	bad	phonetic_salad
melee	6048	OfficialWorkshpSuiso α	歐夫夫伊克伊阿勒瓦歐爾克斯哈普蘇伊索α	bad	phonetic_salad
melee	6049	"FactryChiefFutaba""Tears"""	夫阿克特爾伊克哈伊艾夫芙塔巴涙	bad	phonetic_salad
melee	6050	Akura Eins	獨自謳歌	ok	ok
melee	6051	Akura Zwei	雙重謳歌	ok	ok
melee	6052	Akura Drei	三重謳歌	ok	ok
melee	6053	Akura Vier	四重謳歌	ok	ok
melee	6054	True Wolves	真瓦歐勒維艾斯	ok	ok
melee	6055	Weiss Artem	白色吐息	ok	ok
melee	6056	Schwartz Atem	黑色吐息	ok	ok
melee	6057	Caravan Edge Ⅶ	商隊刃Ⅶ	ok	ok
melee	6058	Arios Ⅰ	阿里歐斯Ⅰ	ok	ok
melee	6059	Arios Ⅱ	阿里歐斯Ⅱ	ok	ok
melee	6060	Arios Ⅲ	阿里歐斯Ⅲ	ok	ok
melee	6061	Iyanu Arios	伊雅努阿爾伊歐斯	bad	phonetic_salad
melee	6062	Libra Frostblade	天秤霜刃	ok	ok
melee	6063	Libra Fierce Frostblade	天秤猛霜刃	ok	ok
melee	6064	Libra Violent Frostblade	天秤凶暴霜刃	ok	ok
melee	6065	Amethyst Shark Ⅰ	紫水晶・鯊Ⅰ	ok	ok
melee	6066	Amethyst Shark Ⅱ	紫水晶・鯊Ⅱ	ok	ok
melee	6067	Amethyst Shark Ⅲ	紫水晶・鯊Ⅲ	ok	ok
melee	6068	Amethyst Shark Ⅳ	紫水晶・鯊Ⅳ	ok	ok
melee	6069	Amethyst Shark Ⅴ	紫水晶・鯊Ⅴ	ok	ok
melee	6070	Cardo Messa	可多姆艾斯斯阿	ok	ok
melee	6071	Cardo Flambek	可多夫勒阿姆布艾克	bad	phonetic_salad
melee	6072	Cardo Bastak	可多布阿斯特阿克	bad	phonetic_salad
melee	6073	RotoMolda	羅托姆歐勒德阿	ok	ok
melee	6074	Rotoherobado	羅托赫羅巴多	ok	ok
melee	6075	Nephrite Doom	軟玉毀滅	ok	ok
melee	6076	Weiss Hagel	懷斯哈阿格艾勒	ok	ok
melee	6077	Schwarz Hagel	黑哈阿格艾勒	ok	ok
melee	6078	Magidet Toshi Shiraz	姆阿格伊德艾特托修伊修伊拉茲	bad	phonetic_salad
melee	6079	Amix Sever	摯友軍刀	ok	ok
melee	6080	Blanc Reine	聲急証雷伊涅	ok	ok
melee	6081	Battle Claymore Ⅴ	戦闊剣Ⅴ	ok	ok
melee	6082	HardndMachineGrndSawmkⅡ	哈阿爾德恩德機格爾恩德斯阿瓦姆克Ⅱ	bad	phonetic_salad
melee	6083	Gorgeous Blade	華麗刃	ok	ok
melee	6084	Rain Dragon	竜雨	ok	ok
melee	6085	Amakage no Tsurugi	阿瑪可格特斯烏爾烏格伊	bad	phonetic_salad
melee	6086	"Tenkou Sword ""Nakaaki"""	特艾恩克歐烏剣娜可阿奇	bad	phonetic_salad
melee	6087	"Tenkou Sword ""Fall"""	特艾恩克歐烏剣落	bad	phonetic_salad
melee	6088	"Tenkou Sword ""Kaguya"""	特艾恩克歐烏剣可古雅	bad	phonetic_salad
melee	6089	Fable Ⅰ	菲布爾Ⅰ	ok	ok
melee	6090	Fable Ⅱ	菲布爾Ⅱ	ok	ok
melee	6091	Fable Ⅲ	菲布爾Ⅲ	ok	ok
melee	6092	Fable Arios	法布艾阿爾伊歐斯	bad	phonetic_salad
melee	6093	Naga Frostslicer	竜夫爾歐斯特斯勒伊	bad	phonetic_salad
melee	6094	Naga Fierce Frostslicer	竜猛夫爾歐斯特斯勒伊	bad	phonetic_salad
melee	6095	Naga Violent Frostslicer	竜凶暴夫爾歐斯特斯勒伊	bad	phonetic_salad
melee	6096	Wonder Spoon	奇匙	ok	ok
melee	6097	Wonder Stick	奇棒	ok	ok
melee	6098	Wonder Scoop	奇斯克歐歐普	ok	ok
melee	6099	Wonder Twister	奇特瓦伊斯特艾爾	bad	phonetic_salad
melee	6100	Fairy Spoon	妖精匙	ok	ok
melee	6101	Fairy Stick	妖精棒	ok	ok
melee	6102	Fairy Scoop	妖精斯克歐歐普	ok	ok
melee	6103	Fairy Grace	妖精恩寵	ok	ok
melee	6104	"Azure Edge ""Mo"""	蒼刃	ok	ok
melee	6105	Darkness Edge	暗黑刃	ok	ok
melee	6106	Rock Divider	岩石德伊維伊德艾爾	bad	phonetic_salad
melee	6107	Caravan Katana Ⅶ	商隊刀Ⅶ	ok	ok
melee	6108	Melynx Expeller	梅拉路艾克斯普艾勒勒艾	bad	phonetic_salad
melee	6109	Snell Loen	斯恩艾勒勒勒歐艾恩	bad	phonetic_salad
melee	6110	Victor Hammer	勝者大錘	ok	ok
melee	6111	Victor Stomper	維伊克特歐爾斯特歐姆普艾爾	bad	phonetic_salad
melee	6112	Victor Impact	維伊克特歐爾衝撃	bad	phonetic_salad
melee	6113	Lady of Queens	勒阿德伊奎烏艾艾恩斯	bad	phonetic_salad
melee	6114	Nios Ⅰ	尼歐斯Ⅰ	ok	ok
melee	6115	Nios Ⅱ	尼歐斯Ⅱ	ok	ok
melee	6116	Nios Ⅲ	尼歐斯Ⅲ	ok	ok
melee	6117	Lunios	勒烏恩伊歐斯	ok	ok
melee	6118	Weiss Gehorsam	懷斯格艾哈歐爾斯阿姆	bad	phonetic_salad
melee	6119	Schwarz Gehorsam	黑格艾哈歐爾斯阿姆	bad	phonetic_salad
melee	6120	Weiss Hard	懷斯硬	ok	ok
melee	6121	Schwarzhard	黑色堅毅	ok	ok
melee	6122	Geki! Golden Lion Impact	激！金獅衝撃	ok	ok
melee	6123	Guren Krise	古竜毀滅者	ok	ok
melee	6124	Tenkawa No Furyu	特艾恩克阿瓦阿之芙里烏	bad	phonetic_salad
melee	6125	"Tenkawa No Furyu ""Eagle"""	特艾恩克阿瓦阿之芙里烏艾阿格艾	bad	phonetic_salad
melee	6126	"Tenkawa No Furyu ""Koto"""	特艾恩克阿瓦阿之芙里烏科托	bad	phonetic_salad
melee	6127	Hoshi no Michibiki	霍修伊米奇伊比奇	ok	ok
melee	6128	Eques Horn	騎士角	ok	ok
melee	6129	Eques Kiel	未來迪克伊艾勒	ok	ok
melee	6130	Eques Kerno	未來迪克艾爾恩歐	bad	phonetic_salad
melee	6131	Weiss Lift	懷斯挙	ok	ok
melee	6132	Weiss Edel	懷斯艾德艾勒	ok	ok
melee	6133	Strega Horn	魔女角	ok	ok
melee	6134	Strega Kiel	魔女克伊艾勒	ok	ok
melee	6135	Strega Kerno	魔女克艾爾恩歐	ok	ok
melee	6136	Black Forest	黒森	ok	ok
melee	6137	Schwarz Edel	黑艾德艾勒	ok	ok
melee	6138	Solente Horn	斯歐勒艾恩特艾角	bad	type_phonetic
melee	6139	Solcaran Flute	斯歐勒克阿爾阿恩笛	bad	phonetic_salad
melee	6140	Soleil Oboe	斯歐勒艾伊勒雙簧	bad	phonetic_salad
melee	6141	Duon Helios	德烏歐恩哈艾勒伊歐斯	bad	phonetic_salad
melee	6142	Notte Horn	夜之角	ok	ok
melee	6143	Noche Flute	諾奇艾笛	ok	ok
melee	6144	Nox Oboe	諾克斯雙簧	ok	ok
melee	6145	Mesa Nyukte	梅薩恩伊烏克特艾	bad	phonetic_salad
melee	6146	PlatHorn	普勒阿特角	ok	ok
melee	6147	Rasun Flute	爾阿斯烏恩笛	ok	ok
melee	6148	Gazon Oboe	格阿茲歐恩雙簧	ok	ok
melee	6149	Gazo Grasidi	加佐格阿西迪	ok	ok
melee	6150	Pretty Horn	普爾艾特特伊之角	bad	type_phonetic
melee	6151	Pretty Tuba	普爾艾特特伊圖巴	bad	phonetic_salad
melee	6152	Pretty March	普爾艾特特伊姆阿爾克哈	bad	phonetic_salad
melee	6153	Pretty Prince	普爾艾特特伊王子	bad	phonetic_salad
melee	6154	Rusty Horn	生錆之角	ok	ok
melee	6155	Rusty Tuba	生錆圖巴	ok	ok
melee	6156	Rusty March	生錆姆阿爾克哈	ok	ok
melee	6157	Rusty Kaiser	生錆帝王	ok	ok
melee	6158	Amethyst Acris Ⅰ	紫水晶・阿克里斯Ⅰ	ok	ok
melee	6159	Amethyst Acris Ⅱ	紫水晶・阿克里斯Ⅱ	ok	ok
melee	6160	Amethyst Acris Ⅲ	紫水晶・阿克里斯Ⅲ	ok	ok
melee	6161	Amethyst Acris Ⅳ	紫水晶・阿克里斯Ⅳ	ok	ok
melee	6162	Amethyst Acris Ⅴ	紫水晶・阿克里斯Ⅴ	ok	ok
melee	6163	Weiss Floete	懷斯弗歐艾特	ok	ok
melee	6164	Schwarz Floete	黑弗歐艾特	ok	ok
melee	6165	Black and White	黒白	ok	ok
melee	6166	SteelMachine Lance	長槍鋼瑪奇伊涅	ok	ok
melee	6167	SteelMachine Lance Break	長槍鋼瑪奇伊涅砕	ok	ok
melee	6168	Special Machine Lance	長槍特殊瑪奇伊涅	ok	ok
melee	6169	Mirage Bunker	蜃氣樓撃破者	ok	ok
melee	6170	Aries Frostspike	白羊霜刺	ok	ok
melee	6171	Aries Fierce Frostspike	白羊猛霜刺	ok	ok
melee	6172	Aries Violent Frostspike	白羊凶暴霜刺	ok	ok
melee	6173	Amethyst Sepia Ⅰ	紫水晶・烏賊Ⅰ	ok	ok
melee	6174	Amethyst Sepia Ⅱ	紫水晶・烏賊Ⅱ	ok	ok
melee	6175	Amethyst Sepia Ⅲ	紫水晶・烏賊Ⅲ	ok	ok
melee	6176	Amethyst Sepia Ⅳ	紫水晶・烏賊Ⅳ	ok	ok
melee	6177	Amethyst Sepia Ⅴ	紫水晶・烏賊Ⅴ	ok	ok
melee	6178	Krungs Sarissa	朱紅方陣長矛	ok	ok
melee	6179	Black Wolf Dread Spear	黑狼德爾艾阿德矛	ok	ok
melee	6180	"Pawpad Lance ""Go?"""	長槍普阿瓦普阿德GO	bad	phonetic_salad
melee	6181	Nosteferatu	諾斯艾菲拉圖	ok	ok
melee	6182	Eques Embus	未來迪艾姆布烏斯	bad	phonetic_salad
melee	6183	Eques Envest	未來迪艾恩維艾斯特	bad	phonetic_salad
melee	6184	Eques Estida	未來迪艾斯伊達	ok	ok
melee	6185	Weiss Suede	懷斯蘇艾德	ok	ok
melee	6186	Weiss Wueste	懷斯瓦烏艾斯特艾	bad	phonetic_salad
melee	6187	Strega Embus	魔女埋伏者	ok	ok
melee	6188	Strega Envest	魔女潛伏者	ok	ok
melee	6189	Strega Estida	魔女落日	ok	ok
melee	6190	Schwarze Suede	黑色荒野	ok	ok
melee	6191	Schwarz Wueste	黑色沙漠	ok	ok
melee	6192	Noen Ⅰ	諾艾恩Ⅰ	ok	ok
melee	6193	Noen Ⅱ	諾艾恩Ⅱ	ok	ok
melee	6194	Noen Ⅲ	諾艾恩Ⅲ	ok	ok
melee	6195	Neombrios	恩艾歐姆布爾伊歐	bad	phonetic_salad
melee	6196	Taurus Frostshot	金牛夫爾歐斯特斯哈歐	bad	phonetic_salad
melee	6197	Taurus Fierce Frostshot	金牛猛夫爾歐斯特斯哈歐	bad	phonetic_salad
melee	6198	Taurus Violent Frostshot	金牛凶暴夫爾歐斯特斯哈歐	bad	phonetic_salad
melee	6199	Weisslothov	瓦艾伊斯斯勒歐特	bad	phonetic_salad
melee	6200	Schwarzslotov	斯克哈瓦阿爾茲斯	bad	phonetic_salad
melee	6201	Akura Gun	晶蠍銃	ok	ok
melee	6202	Reine Ⅰ	秘刃Ⅰ	ok	ok
melee	6203	Reine Ⅱ	秘刃Ⅱ	ok	ok
melee	6204	Reine Ⅲ	秘刃Ⅲ	ok	ok
melee	6205	"Unknown Saber ""Blaze"""	未知剣炎	ok	ok
melee	6206	"Unknown Saber ""Lake"""	未知剣湖	ok	ok
melee	6207	"Unknown Saber ""Bolt"""	未知剣螺栓	ok	ok
melee	6208	"Unknown Saber ""Howl"""	咆哮未知剣	ok	ok
melee	6209	"Unknown Saber ""Frost"""	未知剣霜	ok	ok
melee	6210	"Unknown Saber ""Infernal"""	未知剣	ok	ok
melee	6211	"Unknown Saber ""River"""	未知剣河	ok	ok
melee	6212	"Unknown Saber ""Thunder"""	雷未知剣	ok	ok
melee	6213	"Unknown Saber ""Imperial"""	未知剣帝国	ok	ok
melee	6214	"Unknown Saber ""Glacier"""	未知剣	ok	ok
melee	6215	Regina Ⅰ	女王Ⅰ	ok	ok
melee	6216	Regina Ⅱ	女王Ⅱ	ok	ok
melee	6217	Regina Ⅲ	女王Ⅲ	ok	ok
melee	6218	"Unknown Blade ""Blaze"""	未知刃炎	ok	ok
melee	6219	"Unknown Blade ""Lake"""	未知刃湖	ok	ok
melee	6220	"Unknown Blade ""Bolt"""	未知刃螺栓	ok	ok
melee	6221	"Unknown Blade ""Howl"""	咆哮未知刃	ok	ok
melee	6222	"Unknown Blade ""Frost"""	未知刃霜	ok	ok
melee	6223	"Unknown Blade ""Infernal"""	未知刃伊恩夫艾爾恩阿勒	bad	phonetic_salad
melee	6224	"Unknown Blade ""River"""	未知刃河	ok	ok
melee	6225	"Unknown Blade ""Thunder"""	雷未知刃	ok	ok
melee	6226	"Unknown Blade ""Imperial"""	未知刃帝国	ok	ok
melee	6227	"Unknown Blade ""Glacier"""	未知刃氷	ok	ok
melee	6228	Argen Knife	阿爾根刀	ok	ok
melee	6229	Argen Dagger	阿爾根短剣	bad	type_phonetic
melee	6230	Zilberbericht	茲伊勒布艾爾布艾	bad	phonetic_salad
melee	6231	Zilva Byhite	茲伊勒維阿布伊哈伊特艾	bad	phonetic_salad
melee	6232	Argen Cutter	銀白切斷	ok	ok
melee	6233	Argen Slicer	銀白斬撃	ok	ok
melee	6234	Zilvawind	茲伊勒維阿瓦伊恩	bad	phonetic_salad
melee	6235	Zilva Atem	茲伊勒維阿阿特艾姆	bad	phonetic_salad
melee	6236	Argen Sword	阿爾根剣	ok	ok
melee	6237	Argen Schwert	鋼金大剣	ok	ok
melee	6238	Zilva Raptor	席爾瓦爾阿普特歐爾	bad	phonetic_salad
melee	6239	Zilva Hagel	席爾瓦哈阿格艾勒	bad	phonetic_salad
melee	6240	Argen Edge	阿爾根刃	ok	ok
melee	6241	Argen Blade	阿爾根刃	ok	ok
melee	6242	Zilva Perle	席爾瓦珠	ok	ok
melee	6243	Zilva Sand	席爾瓦砂	ok	ok
melee	6244	Argen Mace	阿爾根鎚	ok	ok
melee	6245	Argen Hammer	阿爾根大錘	ok	ok
melee	6246	Zilva Gebet	席爾瓦格艾布艾特	bad	phonetic_salad
melee	6247	Zilva Gehorsam	席爾瓦格艾哈歐爾斯阿姆	bad	phonetic_salad
melee	6248	Argen Trumpet	鋼金小號	ok	ok
melee	6249	Argen Wind	銀白風	ok	ok
melee	6250	Zilva Tone	席爾瓦音	ok	ok
melee	6251	Zilva Flute	席爾瓦笛	ok	ok
melee	6252	Argen Lance	阿爾根長槍	ok	ok
melee	6253	Argen Spear	阿爾根槍	ok	ok
melee	6254	Zilva Berg	席爾瓦山	ok	ok
melee	6255	Zila Insel	茲拉伊恩斯艾勒	ok	ok
melee	6256	Argen Gunlance	阿爾根銃槍	ok	ok
melee	6257	Argen Carrol	銀白可羅	ok	ok
melee	6258	Zilva Regen	席爾瓦極征服	ok	ok
melee	6259	Zilva Abgrund	茲伊勒維阿阿布格爾烏恩德	bad	phonetic_salad
melee	6260	Venom Chopper	毒克哈歐普普艾爾	bad	phonetic_salad
melee	6261	Venom Breaker	毒破壞	ok	ok
melee	6262	Venom Zapper	毒茲阿普普艾爾	ok	ok
melee	6263	Venom Killing	毒克伊勒勒伊恩格	bad	phonetic_salad
melee	6264	Azure Wing Sky Edge	蒼翼空刃	ok	ok
melee	6265	Azure Wing Sky Blade	蒼翼空刃	ok	ok
melee	6266	Azure Sky Wing Lave	蒼空翼拉維	ok	ok
melee	6267	Azure Sky Wing Lamina	蒼空翼拉米娜	ok	ok
melee	6268	Peach Tusk Exbite	桃化抑制ＥＸ咬	ok	ok
melee	6269	Peach Tusk Exclusive	桃化抑制專属	ok	ok
melee	6270	Peach Tusk Exhawk	桃牙剣十字斬	ok	ok
melee	6271	Peach Tusk Exhaken	桃牙剣十字鉤	ok	ok
melee	6272	8018・モノズ＝ニル	8018・模諾茲＝尼爾	ok	ok
melee	6273	8118・モノズ＝レーヴェ	8118・模諾茲＝雷維	ok	ok
melee	6274	8218・モノズ＝スクリュー	8218・模諾茲＝螺旋	ok	ok
melee	6275	8318・モノズ＝イクス	8318・模諾茲＝伊克斯	ok	ok
melee	6276	Elefluminant	艾勒艾夫勒烏姆伊	bad	phonetic_salad
melee	6277	Fuerte Fullminant	夫烏艾爾特艾夫烏勒勒姆伊恩阿	bad	phonetic_salad
melee	6278	8618・ヴィエオフルミナント	8618・維伊艾歐夫烏爾烏	bad	phonetic_salad
melee	6279	Svarro Fullminant	斯維阿爾爾歐夫烏勒勒姆伊恩阿	bad	phonetic_salad
melee	6280	Refina Esparas	竜毒大剣	ok	ok
melee	6281	Refina Espanil	雷菲娜艾斯普阿恩伊勒	bad	phonetic_salad
melee	6282	Refina Espadil	雷菲娜艾斯普阿德伊勒	bad	phonetic_salad
melee	6283	Refina Esparna	竜魂大剣	ok	ok
melee	6284	"Rock Sword ""Shatter"""	岩石剣斯哈阿特特艾爾	bad	phonetic_salad
melee	6285	"Rock Sword ""Fracture"""	岩石剣夫爾阿克特烏爾艾	bad	phonetic_salad
melee	6286	"Rock Sword ""Crack"""	岩石剣亀	ok	ok
melee	6287	"Rock Sword ""Collapse"""	岩石剣克歐勒勒阿普斯艾	bad	phonetic_salad
melee	6288	Wonder Rose	奇薔	ok	ok
melee	6289	Forte Rose	強音薔薇	ok	ok
melee	6290	Dandy Rose	德阿恩德伊薔	ok	ok
melee	6291	Madonna Rose	姆阿德歐恩恩阿薔	bad	phonetic_salad
melee	6292	Venom Impact	毒衝撃	ok	ok
melee	6293	Panzer Venom	毒普阿恩茲艾爾	ok	ok
melee	6294	Venom Fels	毒夫艾勒斯	ok	ok
melee	6295	Ultimate Venom	毒究極	ok	ok
melee	6296	"HypnoUltimMallet""Sleep"""	睡眠眠烏勒特伊姆鎚	bad	phonetic_salad
melee	6297	"HypnoUltimMallet""Slumbr"""	眠烏勒特伊姆鎚斯勒烏姆布爾	bad	phonetic_salad
melee	6298	"HypnoUltimMallet""Coma"""	眠烏勒特伊姆鎚昏睡	bad	phonetic_salad
melee	6299	"HypnoUltimMallet""Death"""	眠烏勒特伊姆鎚【死】	bad	phonetic_salad
melee	6300	Hypno March	眠姆阿爾克哈	ok	ok
melee	6301	Hypno Serenade	眠瑟雷娜德	ok	ok
melee	6302	Hypno Rhapsody	眠爾哈阿普斯歐德伊	bad	phonetic_salad
melee	6303	Hypno Symphony	眠斯伊姆普哈歐恩伊	bad	phonetic_salad
melee	6304	Type 99 Cornet	型９９克歐爾恩艾特	bad	phonetic_salad
melee	6305	Type 99 Horn	型９９之角	ok	ok
melee	6306	Type 99 Siren	型９９斯伊爾艾恩	bad	phonetic_salad
melee	6307	Type 99 Klaxon	型９９克勒阿克斯歐恩	bad	phonetic_salad
melee	6308	Paraspear	麻痺矛	ok	ok
melee	6309	Paragoa Spear	波拉戈阿矛	ok	ok
melee	6310	Para Abyss	麻痺深淵	ok	ok
melee	6311	Para Tiefe	麻痺提艾菲	ok	ok
melee	6312	Diasturm	角竜風暴	ok	ok
melee	6313	Diangriff	角竜強襲	ok	ok
melee	6314	AA18・ディアペルセニル	AA18・迪亞佩爾塞尼爾	ok	ok
melee	6315	AB18・ディアイステラーハ	AB18・迪亞伊斯特拉哈	bad	phonetic_salad
melee	6316	Lio Burst Flame	利歐爆焔	ok	ok
melee	6317	Lio Weissflare	利歐瓦艾伊斯斯夫勒阿	bad	phonetic_salad
melee	6318	Lio Lagoonblast	利歐勒阿格歐歐恩布勒	bad	phonetic_salad
melee	6319	Lio Barbaros	利歐布阿爾布阿爾歐斯	bad	phonetic_salad
melee	6320	Kaktus Freya	仙人掌夫爾艾伊阿	bad	phonetic_salad
melee	6321	Kaktus Regina	仙人掌雷吉娜	ok	ok
melee	6322	Kaktus Mist	仙人掌霧	ok	ok
melee	6323	Kaktus Frist	仙人掌夫爾伊斯特	bad	phonetic_salad
melee	6324	Nebula Bourne	星雲布歐烏爾恩艾	bad	phonetic_salad
melee	6325	Nebula Bournus	星雲布歐烏爾恩烏斯	bad	phonetic_salad
melee	6326	Monoblos Crimson Edge	一角竜深紅刃	ok	ok
melee	6327	B718・角竜剣クリムシーザ	B718・角竜剣克里姆西澤	ok	ok
melee	6328	B818・角竜剣クリムガング	B818・角竜剣克里姆剛	ok	ok
melee	6329	B918・角竜剣クリムスレイブ	B918・角竜剣克里姆奴隷	ok	ok
melee	6330	Scarlet Sword	緋紅剣	ok	ok
melee	6331	"Scarlet Sword ""Light"""	緋紅剣【光】	ok	ok
melee	6332	"Scarlet Sword ""Glow"""	緋紅剣【輝】	ok	ok
melee	6333	"Scarlet Sword ""Beam"""	緋紅剣【光束】	ok	ok
melee	6334	"Scarlet Sword ""Sun"""	緋紅剣【日】	ok	ok
melee	6335	"Scarlet Sword ""Flash"""	緋紅剣【閃光】	ok	ok
melee	6336	Nepa Boltcutter	尼波斷線鉗	ok	ok
melee	6337	Nepa Fierce Boltcutter	尼波猛斷線鉗	ok	ok
melee	6338	Nepa Violent Boltcutter	尼波猛斷線鉗	ok	ok
melee	6339	Leo Aquasword	獅水剣	ok	ok
melee	6340	Leo Fierce Aquasword	獅猛水剣	ok	ok
melee	6341	Leo Violent Aquasword	獅凶暴水剣	ok	ok
melee	6342	Ever Sleep Ⅰ	永眠Ⅰ	ok	ok
melee	6343	Ever Sleep Ⅱ	永眠Ⅱ	ok	ok
melee	6344	Ever Sleep Ⅲ	永眠Ⅲ	ok	ok
melee	6345	Ever Sleep Ⅳ	永眠Ⅳ	ok	ok
melee	6346	Stun Calibur Ⅰ	昏厥聖剣Ⅰ	ok	ok
melee	6347	Stun Calibur Ⅱ	昏厥聖剣Ⅱ	ok	ok
melee	6348	Stun Calibur Ⅲ	昏厥聖剣Ⅲ	ok	ok
melee	6349	Stun Calibur Ⅳ	昏厥聖剣Ⅳ	ok	ok
melee	6350	Viper Venom Ⅰ	蝮蛇毒液Ⅰ	ok	ok
melee	6351	Viper Venom Ⅱ	蝮蛇毒液Ⅱ	ok	ok
melee	6352	Viper Venom Ⅲ	蝮蛇毒液Ⅲ	ok	ok
melee	6353	Viper Venom Ⅳ	蝮蛇毒液Ⅳ	ok	ok
melee	6354	Dreck Pinuti	泥濘鐵剣	ok	ok
melee	6355	Dreck Estoc	德爾艾克克艾斯特歐克	bad	phonetic_salad
melee	6356	Dreck Espada	泥濘刀剣	ok	ok
melee	6357	El Mesa Redonda	EL梅薩爾艾德歐恩德阿	bad	phonetic_salad
melee	6358	D618・ヴェニノプンティヤ	D618・毒普恩提亞	ok	ok
melee	6359	D718・ヴェニノエスタク	D718・毒埃斯塔克	ok	ok
melee	6360	D818・ヴェニノエスパダ	D818・毒埃斯巴達	ok	ok
melee	6361	El Matador	EL姆阿特阿德歐爾	bad	phonetic_salad
melee	6362	Cardo Mojito	可多莫吉托	ok	ok
melee	6363	Cardo Mahiveri	可多瑪希維里	ok	ok
melee	6364	Rote Sage	輪唱薩格	ok	ok
melee	6365	Rotheit	爾歐特哈艾伊特	ok	ok
melee	6366	Orge Poison	毒歐爾格艾	ok	ok
melee	6367	Kingfischer Flashsword	克伊恩格夫伊斯克夫勒阿斯哈斯瓦歐	bad	phonetic_salad
melee	6368	"BattledoreSword ""Desire"""	羽子板剣德西雷	ok	ok
melee	6369	Heavenly Emperor Blade	天上皇帝刃	ok	ok
melee	6370	Noble Gold	貴族金	ok	ok
melee	6371	High Plesioth Silence	水竜上位沈黙	ok	ok
melee	6372	E418・キリマクリ	E418・庫里	ok	ok
melee	6373	Weissheit	瓦艾伊斯斯哈艾伊	bad	phonetic_salad
melee	6374	Schwarzheit	黑色真實	ok	ok
melee	6375	E718・トコヤミキリ	E718・奇里	ok	ok
melee	6376	Brachyura Delnier	布阿奇尤拉德艾勒恩伊艾爾	bad	phonetic_salad
melee	6377	Colt Tirador	克歐勒特特伊爾阿德歐爾	bad	phonetic_salad
melee	6378	Ruko's Air	大氣之翼	ok	ok
melee	6379	Ruko's Progera	高地之翼	ok	ok
melee	6380	Ruko's Nimbus	嵐之翼	ok	ok
melee	6381	Niger N. Ruko	嵐竜黑N	ok	ok
melee	6382	Niger's Nimbus	暗黑之嵐	ok	ok
melee	6383	"Dual Kut-Ku ""A"""	怪鳥雙	ok	ok
melee	6384	"Dual Kut-Ku ""Strange"""	怪鳥雙奇	ok	ok
melee	6385	"Dual Kut-Ku ""Strong"""	怪鳥雙堅	ok	ok
melee	6386	"Dual Kut-Ku ""Special"""	怪鳥雙特殊	ok	ok
melee	6387	Papillion Sabers White	蝶軍刀白	ok	ok
melee	6388	Papillion Cyclone White	蝶旋白	ok	ok
melee	6389	Papillion Hero White	蝶迪拉瓦白	ok	ok
melee	6390	Papillion Sabers Tea	蝶軍刀茶	ok	ok
melee	6391	Papillion Cyclone Tea	蝶旋茶	ok	ok
melee	6392	Papillion Hero Tea	蝶迪拉瓦茶	ok	ok
melee	6393	Papillion Sabers Green	蝶軍刀緑	ok	ok
melee	6394	Papillion Cyclone Green	蝶旋緑	ok	ok
melee	6395	Papillion Hero Green	蝶迪拉瓦緑	ok	ok
melee	6396	Papillion Sabers Peach	蝶軍刀桃	ok	ok
melee	6397	Papillion Cyclone Peach	蝶旋桃	ok	ok
melee	6398	Papillion Hero Peach	蝶迪拉瓦桃	ok	ok
melee	6399	Wealth Boltpair	富雷對	ok	ok
melee	6400	Wealth Fierce Boltpair	富猛雷對	ok	ok
melee	6401	Wealth Violent Boltpair	富凶暴雷對	ok	ok
melee	6402	Pisces Aquapair	雙魚阿奎烏阿普阿伊爾	bad	phonetic_salad
melee	6403	Pisces Fierce Aquapair	雙魚猛阿奎烏阿普阿伊爾	bad	phonetic_salad
melee	6404	Pisces Violent Aquapair	雙魚凶暴阿奎烏阿普阿伊爾	bad	phonetic_salad
melee	6405	Hermit	隱剣	ok	ok
melee	6406	Claw	爪	ok	ok
melee	6407	Straight Sword	斯特爾阿伊格哈特剣	bad	phonetic_salad
melee	6408	Whirlwind Dance	瓦哈伊爾勒瓦伊恩舞	bad	phonetic_salad
melee	6409	Cutting Blade	克烏特特伊恩格刃	bad	phonetic_salad
melee	6410	Iron Fangs	鐵爾霧野	ok	ok
melee	6411	Car Rage	車怒流	ok	ok
melee	6412	Shooting Heavens	修歐歐提恩哈艾阿維艾恩斯	bad	phonetic_salad
melee	6413	Gerbera Fiore	格艾爾布艾爾阿菲歐雷	bad	phonetic_salad
melee	6414	"Foxclaws ""White Fang"""	夫歐克斯克勒阿瓦白之牙	bad	phonetic_salad
melee	6415	Basagranova	巴薩格阿諾瓦	ok	ok
melee	6416	Elegant Twin Battledore	優雅球紋章羽子板	ok	ok
melee	6417	Twin Crest Sword	紋章球紋章剣	ok	ok
melee	6418	Twin Gale	球紋章加勒	ok	ok
melee	6419	Giant Dragon	竜巨大	ok	ok
melee	6420	Weiss Afst	懷斯阿夫斯特	ok	ok
melee	6421	Schwarz Afst	黑阿夫斯特	ok	ok
melee	6422	Ex Quick Like Lightning	雷ＥＸ盤歌聲利凱	ok	ok
melee	6423	"Floating Peak GS ""Oni"""	大剣浮游峰【鬼】	ok	ok
melee	6424	"Floating Peak""Rashomon"""	浮游峰爾阿斯哈歐姆歐恩	bad	phonetic_salad
melee	6425	Flare Bringer	輝布爾伊恩格艾爾	bad	phonetic_salad
melee	6426	Flare Calibur	輝克阿勒伊布烏爾	bad	phonetic_salad
melee	6427	1B19・フレアカロン	1B19・閃焔可隆	ok	ok
melee	6428	Flare Answerer	輝阿恩斯瓦艾爾艾爾	bad	phonetic_salad
melee	6429	Libra Boltblade	天秤雷刃	ok	ok
melee	6430	Libra Fierce Boltblade	天秤猛雷刃	ok	ok
melee	6431	Libra Violent Boltblade	天秤凶暴雷刃	ok	ok
melee	6432	Polar Aquablade	極地水刃	ok	ok
melee	6433	Polar Fierce Aquablade	極地猛水刃	ok	ok
melee	6434	Polar Violent Aquablade	極地凶暴水刃	ok	ok
melee	6435	Ifrit's Sword	炎魔之剣	ok	ok
melee	6436	Ifrit's Saber	炎魔軍刀	ok	ok
melee	6437	Ifrit's Blade	炎魔大剣	ok	ok
melee	6438	Dilek Magisword Flame	德伊勒艾克姆阿格伊斯瓦歐爾焔	bad	phonetic_salad
melee	6439	Lightning Sword	閃電剣	ok	ok
melee	6440	Lightning Sabre	雷薩布艾	ok	ok
melee	6441	Lightning Blade	閃電刃	ok	ok
melee	6442	Dilek Magisword Bolt	雷德伊勒艾克姆阿格伊斯瓦歐爾	bad	phonetic_salad
melee	6443	2B19・ガウシカラデン	2B19・爾阿德艾恩	bad	phonetic_salad
melee	6444	2C19・ガウシカベルタ	2C19・高什可貝爾塔	ok	ok
melee	6445	2D19・ガウシカアヴス	2D19・高什可阿維斯	ok	ok
melee	6446	2E19・ガウ・グユル	2E19・加烏・古尤爾	ok	ok
melee	6447	2F19・カダルヴィケイド	2F19・可達爾維凱德	ok	ok
melee	6448	Playful Blade	普勒阿伊夫烏勒刃	bad	phonetic_salad
melee	6449	Elegant Battledore Blade	優雅羽子板刃	ok	ok
melee	6450	Trance Flores	特爾阿恩克艾夫勒歐爾艾斯	bad	phonetic_salad
melee	6451	Cangom Flores	克阿恩格歐姆夫勒歐爾艾斯	bad	phonetic_salad
melee	6452	Cera Cymmetry	瑟拉克伊姆姆艾特爾伊	bad	phonetic_salad
melee	6453	Cat's Charm	猫之魅力	ok	ok
melee	6454	"Snake Sword ""Poison"""	毒蛇剣	ok	ok
melee	6455	3719・バルグレジェンディオ	3719・巴魯古	ok	ok
melee	6456	Weiss Halberd	懷斯沸血吼	ok	ok
melee	6457	Schwarz Halberd	黑戟	ok	ok
melee	6458	Crushing Conquereraxe	証明球克歐恩奎烏艾爾艾斧	bad	phonetic_salad
melee	6459	Lurzgesang	勒烏爾茲格艾斯阿	bad	phonetic_salad
melee	6460	Scarlet Katana	緋紅刀	ok	ok
melee	6461	"Scarlet Katana ""Full"""	緋紅刀【滿】	ok	ok
melee	6462	"Scarlet Katana ""Dawn"""	緋紅刀【曉】	ok	ok
melee	6463	"Scarlet Katana""Disaster"""	緋紅刀【災厄】	ok	ok
melee	6464	"Scarlet Katana ""Heaven"""	緋紅刀【天】	ok	ok
melee	6465	"Scarlet Katana ""God"""	緋紅刀【神】	ok	ok
melee	6466	4219・覇帝刀ケミカムトルム	4219・覇帝刀凱米	ok	ok
melee	6467	4319・覇帝刀チュカムトルム	4319・覇帝刀奇烏	ok	ok
melee	6468	4419・覇帝刀ヤイカムトルム	4419・覇帝刀雅伊	ok	ok
melee	6469	4519・覇帝刀エムカムトルム	4519・覇帝刀艾穆	ok	ok
melee	6470	4619・ナギアリトロ	4619・娜吉阿里托羅	ok	ok
melee	6471	4719・ナギアトローネ	4719・娜吉阿托羅涅	ok	ok
melee	6472	4819・ナギアトルーリ	4819・娜吉阿托魯里	ok	ok
melee	6473	4919・バッツォ・トルーリオ	4919・布阿布特斯烏歐・托魯里歐	bad	phonetic_salad
melee	6474	4A19・テュールリトロ	4A19・特尤魯里托羅	ok	ok
melee	6475	4B19・テュールトローネ	4B19・特尤魯托羅涅	ok	ok
melee	6476	4C19・テュールトルーリ	4C19・特尤魯托魯里	ok	ok
melee	6477	4D19・ヴィンダ・トルーリオ	4D19・維伊恩德阿・托魯里歐	ok	ok
melee	6478	Naga Boltslicer	竜布歐勒特斯勒伊克	bad	phonetic_salad
melee	6479	Naga Fierce Boltslicer	竜猛布歐勒特斯勒伊克	bad	phonetic_salad
melee	6480	Naga Violent Boltslicer	竜凶暴布歐勒特斯勒伊克	bad	phonetic_salad
melee	6481	"StrangeKingSwrd ""Dance"""	奇王黑鍵盤【舞】	ok	ok
melee	6482	"StrangeKingSwrd""Dancing"""	奇王黑鍵盤舞	ok	ok
melee	6483	"StrangeKingSwrd""Prfrmce"""	奇王刀【舞歌】	ok	ok
melee	6484	"StrangeKingSwrd ""Music"""	奇王黑鍵盤音樂	ok	ok
melee	6485	5519・エクエスレヴィエ	5519・埃奎斯雷維耶	ok	ok
melee	6486	5619・エクエスリエーズ	5619・里艾祖	ok	ok
melee	6487	5719・ヴァイスカイム	5719・瓦伊蘇可伊穆	ok	ok
melee	6488	5819・ヴァイスランケ	5819・維阿伊斯烏爾阿恩	bad	phonetic_salad
melee	6489	5919・ストレガレヴィエ	5919・斯特雷加雷維耶	ok	ok
melee	6490	5A19・ストレガリエーズ	5A19・里艾祖	ok	ok
melee	6491	Schwarzkeim	黑色幼苗	ok	ok
melee	6492	Schwarzranke	黑色蔓藤	ok	ok
melee	6493	Metal Tooth	金属齒	ok	ok
melee	6494	5E19・人智老臨【紅嵐】	人智老臨【紅嵐】	ok	ok
melee	6495	"Battledore ""Terror"""	羽子板磨尾虎	ok	ok
melee	6496	6019・棘緑ノ太刀【草王】	6019・棘緑NO太刀草王	ok	ok
melee	6497	6119・棘茶ノ太刀【大芹】	6119・棘茶NO太刀大芹	ok	ok
melee	6498	6219・棘白ノ太刀【炫毘古】	6219・棘白NO太刀炫毘古	ok	ok
melee	6499	Last Genesis	拉斯創世	ok	ok
melee	6500	Icemoon Edge	伊克艾姆歐歐恩端	bad	phonetic_salad
melee	6501	Guardian Lion Saber	守獅剣	ok	ok
melee	6502	Plesioth Carthasis	水竜克阿爾特哈阿斯伊	ok	ok
melee	6503	Eterno Delguard	艾特艾爾恩歐德艾勒格烏阿爾德	bad	phonetic_salad
melee	6504	Angry Hammer	大錘怒	ok	ok
melee	6505	"Angry Hammer""Small Wave"""	大錘怒小瓦維	ok	ok
melee	6506	"Angry Hammer""Wave"""	大錘怒瓦維	ok	ok
melee	6507	"Angry Hammer""Big Wave"""	大錘怒大瓦維	ok	ok
melee	6508	"Angry Hammer""Giant Wave"""	大錘怒巨大瓦維	ok	ok
melee	6509	Bull Meteor Hammer	大錘野牛流星	ok	ok
melee	6510	Bull Meteor Shock	野牛流星斯哈歐克克	bad	phonetic_salad
melee	6511	Bull Meteor Break	野牛流星折	ok	ok
melee	6512	Bull Meteor Strike	野牛流星打	ok	ok
melee	6513	Thunderbolt Apparition	特哈烏恩德艾爾布阿普普阿爾伊特伊	bad	phonetic_salad
melee	6514	Scarlet Mallet	緋紅鎚	ok	ok
melee	6515	"Scarlet Mallet ""Ghost"""	緋紅鎚【幽靈】	ok	ok
melee	6516	"Scarlet Mallet ""Soul"""	緋紅鎚【魂】	ok	ok
melee	6517	"Scarlet Mallet ""Spirit"""	緋紅鎚【魂】	ok	ok
melee	6518	"Scarlet Mallet ""Loyalty"""	緋紅鎚【忠】	ok	ok
melee	6519	"Scarlet Mallet ""Ogre"""	緋紅鎚【鬼】	ok	ok
melee	6520	"Conehead Stamp ""White"""	錐頭印【白】	ok	ok
melee	6521	"Conehead Strike ""White"""	錐頭打【白】	ok	ok
melee	6522	"Conehead Smasher ""White"""	錐頭粉碎【白】	ok	ok
melee	6523	"Conehead Stamp ""Tea"""	錐頭印茶	ok	ok
melee	6524	"Conehead Strike ""Tea"""	錐頭打茶	ok	ok
melee	6525	"Conehead Smasher ""Tea"""	錐頭粉碎茶	ok	ok
melee	6526	"Conehead Stamp ""Green"""	錐頭印【緑】	ok	ok
melee	6527	"Conehead Strike ""Green"""	錐頭打【緑】	ok	ok
melee	6528	"Conehead Smasher ""Green"""	錐頭粉碎【緑】	ok	ok
melee	6529	"Conehead Stamp ""Peach"""	錐頭印桃	ok	ok
melee	6530	"Conehead Strike ""Peach"""	錐頭打桃	ok	ok
melee	6531	"Conehead Smasher ""Peach"""	錐頭粉碎桃	ok	ok
melee	6532	Aquarius Aquapot	水瓶阿奎烏阿普歐特	bad	phonetic_salad
melee	6533	Aquarius Fierce Aquapot	水瓶猛阿奎烏阿普歐特	bad	phonetic_salad
melee	6534	Aquarius Violent Aquapot	水瓶凶暴阿奎烏阿普歐特	bad	phonetic_salad
melee	6535	Progress Ⅰ	精進Ⅰ	ok	ok
melee	6536	Progress Ⅱ	精進Ⅱ	ok	ok
melee	6537	Progress Ⅲ	精進Ⅲ	ok	ok
melee	6538	8A19・プベッシュハンマー	8A19・普烏布艾布斯哈烏	bad	phonetic_salad
melee	6539	Ice Crusher Ⅰ	碎冰Ⅰ	ok	ok
melee	6540	Ice Crusher II	碎冰Ⅱ	ok	ok
melee	6541	Ice Crusher III	碎冰Ⅲ	ok	ok
melee	6542	Glacier Crash	氷克阿修	ok	ok
melee	6543	Thunder Bash I	落雷Ⅰ	ok	ok
melee	6544	Thunder Bash II	落雷Ⅱ	ok	ok
melee	6545	Thunder Bash III	落雷Ⅲ	ok	ok
melee	6546	Thunder Smasher	雷粉碎	ok	ok
melee	6547	Burning Maul I	焚盡Ⅰ	ok	ok
melee	6548	Burning Maul II	焚盡Ⅱ	ok	ok
melee	6549	Burning Maul III	焚盡Ⅲ	ok	ok
melee	6550	Burning Sun	燃燒日	ok	ok
melee	6551	Rain Caller Ⅰ	喚雨Ⅰ	ok	ok
melee	6552	Rain Caller Ⅱ	喚雨Ⅱ	ok	ok
melee	6553	Rain Caller Ⅲ	喚雨Ⅲ	ok	ok
melee	6554	Rain Call	雨呼	ok	ok
melee	6555	Sheild Hammer Ⅰ	承撃大錘Ⅰ	ok	ok
melee	6556	Sheild Hammer Ⅱ	承撃大錘Ⅱ	ok	ok
melee	6557	Sheild Hammer Ⅲ	承撃大錘Ⅲ	ok	ok
melee	6558	Blade Stopper	刃斯特歐普普艾爾	bad	phonetic_salad
melee	6559	Battledore Hammer	大錘羽子板	ok	ok
melee	6560	Falls Battledore Hammer	大錘夫阿勒勒斯羽子板	bad	phonetic_salad
melee	6561	Bound Battledore Hammer	大錘界羽子板	ok	ok
melee	6562	Bomb Battledore Hammer	大錘彈羽子板	ok	ok
melee	6563	A319・ヴァリエマルト	A319・瓦里艾托	ok	ok
melee	6564	A419・ヴァリエマテリヨ	A419・瓦里艾瑪特里約	ok	ok
melee	6565	Weissblatt	瓦艾伊斯斯布勒阿	bad	phonetic_salad
melee	6566	Weissstamm	瓦艾伊斯斯斯特阿	bad	phonetic_salad
melee	6567	Shinning Mallet	斯哈伊恩恩伊恩格鎚	bad	phonetic_salad
melee	6568	Shinning Hammer	大錘斯哈伊恩恩伊恩格	bad	phonetic_salad
melee	6569	Schwarzblatt	斯克哈瓦阿爾茲布	bad	phonetic_salad
melee	6570	Schwarzstamm	斯克哈瓦阿爾茲斯	bad	phonetic_salad
melee	6571	AB19・カルドアーヴ	AB19・阿芙	ok	ok
melee	6572	AC19・カルドアルベ	AC19・阿魯貝	ok	ok
melee	6573	Roter Baum	爾歐特艾爾布阿烏姆	bad	phonetic_salad
melee	6574	Rot Hart	腐哈阿爾特	ok	ok
melee	6575	Anteka's Fifth	雪鹿・第五	ok	ok
melee	6576	Kakuya Hammer Chaos	大錘可庫雅混沌	ok	ok
melee	6577	"Torment ""Hellfire"""	折磨獄火	ok	ok
melee	6578	White Cat Strike	白猫斯里凱	ok	ok
melee	6579	Puppet Time	傀儡時	ok	ok
melee	6580	Hellweiss Hammer	大錘哈艾勒勒瓦艾伊斯	bad	phonetic_salad
melee	6581	Gravios Revival	鎧竜復活	ok	ok
melee	6582	Far Destroyer	遠破壊	ok	ok
melee	6583	Scarlet Horn	緋紅角	ok	ok
melee	6584	"Scarlet Horn ""Dance"""	緋紅角【舞】	ok	ok
melee	6585	"Scarlet Horn ""Party"""	緋紅角【宴】	ok	ok
melee	6586	"Scarlet Horn ""Dancer"""	緋紅角【舞者】	ok	ok
melee	6587	"Scarlet Horn ""Musical"""	緋紅角【樂】	ok	ok
melee	6588	"Scarlet Horn ""Resolve"""	緋紅角【決意】	ok	ok
melee	6589	Lava Heavy Metal	熔岩重金属	ok	ok
melee	6590	Lava Death Metal	熔岩死金属	ok	ok
melee	6591	Lava Loud Rock	熔勒歐烏德岩	ok	ok
melee	6592	Lava Alternative	熔阿勒特艾爾恩阿特	bad	phonetic_salad
melee	6593	Ophion Horn	俄菲翁角	ok	ok
melee	6594	"Ophion Horn ""Flash"""	俄菲翁角【閃光】	ok	ok
melee	6595	"Ophion Horn ""Shine"""	俄菲翁角【光輝】	ok	ok
melee	6596	"Ophion Horn ""Glory"""	俄菲翁角【栄光】	ok	ok
melee	6597	Maiden Aquaharp	姆阿伊德艾恩阿奎烏阿哈阿爾普	bad	phonetic_salad
melee	6598	Maiden Fierce Aquaharp	姆阿伊德艾恩猛阿奎烏阿哈阿爾普	bad	phonetic_salad
melee	6599	Maiden Violent Aquaharp	姆阿伊德艾恩凶暴阿奎烏阿哈阿爾普	bad	phonetic_salad
melee	6600	C819・シェラ＝ビートラ	C819・修伊艾拉＝比托拉	ok	ok
melee	6601	C919・シェラ＝ブランデ	C919・修伊艾拉＝布烏爾阿恩德艾	bad	phonetic_salad
melee	6602	CA19・シェラ＝ヴニオ	CA19・修伊艾拉＝芙尼歐	ok	ok
melee	6603	CB19・シェラ＝カフリア	CB19・修伊艾拉＝可芙里阿	ok	ok
melee	6604	Shakalaka Tone	奇面族音	ok	ok
melee	6605	Nadeshi Recorder	娜德修伊爾艾克歐爾德艾爾	bad	phonetic_salad
melee	6606	Silver Spirits	銀斯普伊爾伊特斯	bad	phonetic_salad
melee	6607	Khezu Basoon	奇怪竜布阿斯歐歐恩	bad	phonetic_salad
melee	6608	Scarlet Lance	緋紅長槍	ok	ok
melee	6609	Blank Scarlet Lance	長槍布勒阿恩克緋	bad	phonetic_salad
melee	6610	Moral Scarlet Lance	長槍姆歐爾阿勒緋	bad	phonetic_salad
melee	6611	Evil Scarlet Lance	長槍惡緋	ok	ok
melee	6612	Heaven Scarlet Lance	長槍天緋	ok	ok
melee	6613	Immortal Scarlet Lance	長槍不死緋	ok	ok
melee	6614	D619・突撃ドドスレイドニル	D619・突撃多多蘇雷伊多	ok	ok
melee	6615	D719・突撃ドドスボルグ	D719・突撃多多蘇波魯古	ok	ok
melee	6616	D819・突撃ドドスシュツルム	D819・突撃德歐德歐斯烏斯哈	bad	phonetic_salad
melee	6617	D919・突撃ドドトライアンフ	D919・突撃德歐德歐特歐爾阿	bad	phonetic_salad
melee	6618	Aries Boltspike	白羊雷尖槍	ok	ok
melee	6619	Aries Fierce Boltspike	白羊猛雷尖槍	ok	ok
melee	6620	Aries Violent Boltspike	白羊凶暴雷尖槍	ok	ok
melee	6621	Enki Aquaspear	恩奇水矛	ok	ok
melee	6622	Enki Fierce Aquaspear	恩奇猛水矛	ok	ok
melee	6623	Enki Violent Aquaspear	恩奇凶暴水矛	ok	ok
melee	6624	Yoshiharu Spear	約修伊哈魯槍	ok	ok
melee	6625	E119・芳春之槍【桂華】	E119・芳春之槍【桂華】	ok	ok
melee	6626	E219・芳春之槍【銀桂】	E219・芳春之槍【銀桂】	ok	ok
melee	6627	E319・芳春之槍【金木犀】	E319・芳春之槍【金木犀】	ok	ok
melee	6628	E419・陽春之槍	E419・陽春之槍	ok	ok
melee	6629	E519・陽春之槍【忍冬】	E519・陽春之槍【忍冬】	ok	ok
melee	6630	E619・陽春之槍【金銀華】	E619・陽春之槍【金銀華】	ok	ok
melee	6631	E719・陽春之槍【鶯神楽】	E719・陽春之槍【鶯神楽】	ok	ok
melee	6632	Rain Season Lance	長槍雨音未來	ok	ok
melee	6633	Plicatum Rain S. Lance	長槍普勒伊克阿特烏姆雨S	bad	phonetic_salad
melee	6634	Lantana Rain S. Lance	長槍勒阿恩特阿恩阿雨S	bad	phonetic_salad
melee	6635	Hydrangea Rain S. Lance	長槍哈伊德爾阿恩格艾雨S	bad	phonetic_salad
melee	6636	Fall Lance	落槍	ok	ok
melee	6637	Colored Fall Lance	色落槍	ok	ok
melee	6638	Maple Fall Lance	楓落槍	ok	ok
melee	6639	Balsam Fall Lance	長槍布阿勒斯阿姆落	bad	phonetic_salad
melee	6640	Hard Winter Lance	長槍硬冬	ok	ok
melee	6641	Mondo Winter Lance	長槍姆歐恩德歐冬	bad	phonetic_salad
melee	6642	Coleus Winter Lance	長槍克歐勒艾烏斯冬	bad	phonetic_salad
melee	6643	Hibiscus Winter Lance	長槍哈伊布伊斯克烏斯冬	bad	phonetic_salad
melee	6644	Autumn Lance	長槍秋	ok	ok
melee	6645	Lavender Autumn Lance	長槍勒阿維艾恩德艾爾秋	bad	phonetic_salad
melee	6646	Buddleja Autumn Lance	長槍布烏德德勒艾杰阿秋	bad	phonetic_salad
melee	6647	Riberry Autumn Lance	長槍爾伊布艾爾爾伊秋	bad	phonetic_salad
melee	6648	Cardo Capile	可多可皮勒	ok	ok
melee	6649	Cardo Capiso	可多可皮索	ok	ok
melee	6650	Roter Boden	爾歐特艾爾布歐德艾恩	bad	phonetic_salad
melee	6651	Roter Nagel	爾歐特艾爾恩阿格艾勒	bad	phonetic_salad
melee	6652	Kaisho-Sama	可伊修歐薩瑪	ok	ok
melee	6653	Chance	奇機槍	ok	ok
melee	6654	Merry Special	姆艾爾爾伊特	ok	ok
melee	6655	Weisse Insel	瓦艾伊斯斯艾伊恩斯艾勒	bad	phonetic_salad
melee	6656	Schwarze Insel	斯克哈瓦阿爾茲艾伊恩斯艾勒	bad	phonetic_salad
melee	6657	Engraved Drgnseal Spear	艾恩格爾阿維艾德德爾格恩斯艾阿勒槍	bad	phonetic_salad
melee	6658	Lindwurm	勒伊恩德瓦烏爾姆	bad	phonetic_salad
melee	6659	Eclipse Task	蝕特阿斯克	ok	ok
melee	6660	Union Dovespear+	烏恩伊歐恩多維矛＋	bad	phonetic_salad
melee	6661	Weisser Nagel	瓦艾伊斯斯艾爾恩阿格艾勒	bad	phonetic_salad
melee	6662	Schwarzer Nagel	斯克哈瓦阿爾茲艾恩阿格艾勒	bad	phonetic_salad
melee	6663	Peachy Lala Lance V	長槍普艾阿克哈伊拉拉V	bad	phonetic_salad
melee	6664	Luna's Mercy	月神之姆艾爾克伊	bad	phonetic_salad
melee	6665	Luna's Infinity	月神之無限	ok	ok
melee	6666	Luna's Shangri-La	月神之修阿恩里拉	bad	phonetic_salad
melee	6667	0B1A・覇銃槍メルカムトルム	0B1A・覇銃槍梅魯	ok	ok
melee	6668	0C1A・覇銃槍トゥカムトルム	0C1A・覇銃槍TU	ok	ok
melee	6669	0D1A・覇銃槍ニソカムトルム	0D1A・覇銃槍尼索	ok	ok
melee	6670	0E1A・覇銃槍ヌイカムトルム	0E1A・覇銃槍努伊	ok	ok
melee	6671	0F1A・ドドンガ・ズドドン	0F1A・多多恩阿・茲烏德歐德歐恩	bad	phonetic_salad
melee	6672	Taurus Boltshot	金牛雷彈	ok	ok
melee	6673	Taurus Fierce Boltshot	金牛猛雷彈	ok	ok
melee	6674	Taurus Violent Boltshot	金牛凶暴雷彈	ok	ok
melee	6675	Axis Idea Ⅰ	阿克希里斯伊迪亞Ⅰ	bad	phonetic_salad
melee	6676	Axis Idea Ⅱ	阿克希里斯伊迪亞Ⅱ	bad	phonetic_salad
melee	6677	Axis Idea Ⅲ	阿克希里斯伊迪亞Ⅲ	bad	phonetic_salad
melee	6678	Excellius Saber	艾克斯克艾勒勒伊剣	bad	phonetic_salad
melee	6679	171A・マァジョルノ	171A・瑪阿喬魯諾	ok	ok
melee	6680	181A・マァジョリーニ	181A・瑪阿喬里尼	ok	ok
melee	6681	191A・マァジョリーネ	191A・瑪阿喬里涅	ok	ok
melee	6682	1A1A・ミール・イガーナ	1A1A・米魯・伊加娜	ok	ok
melee	6683	Katzerno	克阿特茲艾爾恩歐	bad	phonetic_salad
melee	6684	Katzerini	猫女戦線	ok	ok
melee	6685	Katzerine	猫女旋律	ok	ok
melee	6686	1E1A・ガニシア・イガーナ	1E1A・加尼修伊阿・伊加娜	ok	ok
melee	6687	Brahma Stora	布爾阿哈姆阿斯歐拉	bad	phonetic_salad
melee	6688	Fang Z Kerberos	牙Ｚ克艾爾布艾爾歐斯	bad	phonetic_salad
melee	6689	Azure Rath Gunlance	火竜蒼銃槍	ok	ok
melee	6690	Silver Rath Gunlance	火竜銀銃槍	ok	ok
melee	6691	Trench Gunlance	銃槍特爾艾恩克哈	ok	ok
melee	6692	Still Fantasma	靜夫阿恩特阿斯姆阿	bad	phonetic_salad
melee	6693	Triblaze	特伊布阿澤	ok	ok
melee	6694	Caliburn F	克阿勒伊布烏爾恩F	bad	phonetic_salad
melee	6695	Ruko's Glacier SPⅠ	極竜冰河【ＳＰ】Ⅰ	ok	ok
melee	6696	Ruko's Glacier SPⅡ	極竜冰河【ＳＰ】Ⅱ	ok	ok
melee	6697	Ruko's Glacier SPⅢ	極竜冰河【ＳＰ】Ⅲ	ok	ok
melee	6698	Ruko's Glacier SPⅣ	極竜冰河【ＳＰ】Ⅳ	ok	ok
melee	6699	Ruko's Glacier SPⅤ	極竜冰河【ＳＰ】Ⅴ	ok	ok
melee	6700	Ruko's Glacier SPⅥ	極竜冰河【ＳＰ】Ⅵ	ok	ok
melee	6701	Ruko's Glacier SPⅦ	極竜冰河【ＳＰ】Ⅶ	ok	ok
melee	6702	Sleap Feather	斯勒艾阿普羽	ok	ok
melee	6703	Slumber Feather	斯勒烏姆布艾爾之羽	bad	phonetic_salad
melee	6704	Rest Feather	雷斯羽	ok	ok
melee	6705	Coma Feather	昏睡之羽	ok	ok
melee	6706	"Cat Hand ""Band"""	猫手帶	ok	ok
melee	6707	Hypno Mecha EX	眠梅奇阿ＥＸ	ok	ok
melee	6708	Moody Night	姆歐歐德伊夜	ok	ok
melee	6709	Sleeping Scimitar	斯艾艾皮恩彎刀	ok	ok
melee	6710	Melynx Widget	梅拉路瓦伊德格艾特	bad	phonetic_salad
melee	6711	Guku Guku	怪鳥怪鳥	ok	ok
melee	6712	Leo Flamesword	獅焔剣	ok	ok
melee	6713	Leo Fierce Flamesword	獅猛焔剣	ok	ok
melee	6714	Leo Violent Flamesword	獅凶暴焔剣	ok	ok
melee	6715	Purge Frostsword	淨霜剣	ok	ok
melee	6716	Purge Fierce Frostsword	淨猛霜剣	ok	ok
melee	6717	Purge Violent Frostsword	淨凶暴霜剣	ok	ok
melee	6718	Taikun Twins	多殼蟹雙子	ok	ok
melee	6719	"Taikun Twins ""Gardenia"""	多殼蟹雙子	ok	ok
melee	6720	"Taikun Twins ""Hibiscus"""	多殼蟹雙子	ok	ok
melee	6721	"TaikunZ.Twins ""Snowdrop"""	"太君Z・雙子,窄 UI 引號
」,雪滴」"	ok	ok
melee	6722	"Taikun Z. Twins ""Arum"""	多殼蟹Ｚ雙子	ok	ok
melee	6723	Fury Twins	憤怒雙子	ok	ok
melee	6724	Dual Thunder	雷雙	ok	ok
melee	6725	"Dual Thunder ""Earth"""	雷雙地	ok	ok
melee	6726	"Dual Thunder ""Heaven"""	雷雙【天】	ok	ok
melee	6727	"Dual Thunder ""Extreme"""	雷雙極	ok	ok
melee	6728	Gentle Edge	柔刃	ok	ok
melee	6729	Gentle Dagger	柔短剣	ok	ok
melee	6730	Gentle Saber	柔剣	ok	ok
melee	6731	Gentle Man	柔人	ok	ok
melee	6732	Royal Butterflies	皇家布烏特特艾爾夫勒	bad	phonetic_salad
melee	6733	Hypno Paradise	眠樂園	ok	ok
melee	6734	Wyvern Concilliation	飛竜克歐恩克伊勒勒伊	bad	phonetic_salad
melee	6735	Double Soaring Dragon	竜双索阿里恩	ok	ok
melee	6736	Crow Tessen	克爾歐瓦鉄扇	ok	ok
melee	6737	Pisces Flameduo	雙魚弗阿梅杜歐	bad	phonetic_salad
melee	6738	Pisces Fierce Flameduo	雙魚猛弗阿梅杜歐	bad	phonetic_salad
melee	6739	Pisces Violent Flameduo	雙魚凶暴弗阿梅杜歐	bad	phonetic_salad
melee	6740	Dream Frostpair	夢霜對	ok	ok
melee	6741	Dream Fierce Frostpair	夢猛霜對	ok	ok
melee	6742	Dream Violent Frostpair	夢凶暴霜對	ok	ok
melee	6743	Bella Rama Ⅰ	貝拉拉夫馬Ⅰ	ok	ok
melee	6744	Bella Rama Ⅱ	貝拉拉夫馬Ⅱ	ok	ok
melee	6745	Bella Rama Ⅲ	貝拉拉夫馬Ⅲ	ok	ok
melee	6746	Zwerstovo	茲瓦艾爾斯特歐維	bad	phonetic_salad
melee	6747	Double Edge Ⅰ	雙刃Ⅰ	ok	ok
melee	6748	Double Edge Ⅱ	雙刃Ⅱ	ok	ok
melee	6749	Double Edge Ⅲ	雙刃Ⅲ	ok	ok
melee	6750	Swift Edge	極速鋭剣	ok	ok
melee	6751	Wave Edge Ⅰ	海刃Ⅰ	ok	ok
melee	6752	Wave Edge Ⅱ	海刃Ⅱ	ok	ok
melee	6753	Wave Edge Ⅲ	海刃Ⅲ	ok	ok
melee	6754	Tidal Edge	特伊德阿勒端	ok	ok
melee	6755	Fire Edge Ⅰ	火刃Ⅰ	ok	ok
melee	6756	Fire Edge Ⅱ	火刃Ⅱ	ok	ok
melee	6757	Fire Edge Ⅲ	火刃Ⅲ	ok	ok
melee	6758	Magma Edge	岩漿刃	ok	ok
melee	6759	Thunder Edge Ⅰ	雷刃Ⅰ	ok	ok
melee	6760	Thunder Edge Ⅱ	雷刃Ⅱ	ok	ok
melee	6761	Thunder Edge Ⅲ	雷刃Ⅲ	ok	ok
melee	6762	Lightning Edge	閃電刃	ok	ok
melee	6763	Frozen Edge Ⅰ	凍結刃Ⅰ	ok	ok
melee	6764	Frozen Edge Ⅱ	凍結刃Ⅱ	ok	ok
melee	6765	Frozen Edge Ⅲ	凍結刃Ⅲ	ok	ok
melee	6766	Blizzard Edge	吹雪刃	ok	ok
melee	6767	Taikun Edge	多殼蟹刃	ok	ok
melee	6768	"Taikun Edge ""Safflower"""	多殼蟹刃【紅花】	ok	ok
melee	6769	"Taikun Edge ""Camillia"""	多殼蟹刃【椿】	ok	ok
melee	6770	"Taikun Edge ""Phnxflower"""	多殼蟹刃【鳳凰花】	ok	ok
melee	6771	"TaikunEdge""Rhododendron"""	多殼蟹端爾哈歐德歐德艾恩	bad	phonetic_salad
melee	6772	Zorn Blade	茲歐爾恩刃	ok	ok
melee	6773	Wut Blade	瓦烏特刃	ok	ok
melee	6774	Goyle Blade	格歐伊勒艾刃	ok	ok
melee	6775	Flamme Rebell	火焔叛	ok	ok
melee	6776	Asche Rebell	阿斯克哈艾爾艾布艾勒勒	bad	phonetic_salad
melee	6777	Scarlet Blade	緋紅刃	ok	ok
melee	6778	Mistcloud Scarlet Blade	姆伊斯特克勒歐烏緋刃	bad	phonetic_salad
melee	6779	Starmist Scarlet Blade	斯特阿爾姆伊斯特緋刃	bad	phonetic_salad
melee	6780	Fog Scarlet Blade	霧緋刃	ok	ok
melee	6781	Vanishing Mist SacrletGS	大剣瓦尼修伊恩霧斯阿克爾勒艾特	bad	phonetic_salad
melee	6782	Vanishing Fog Scarlet GS	大剣瓦尼修伊恩霧緋	ok	ok
melee	6783	Resolution Shellking GS	大剣爾艾斯歐勒烏特伊斯哈艾勒勒克伊恩	bad	phonetic_salad
melee	6784	Indestructive Shellking	伊恩德艾斯特爾烏斯哈艾勒勒克伊恩	bad	phonetic_salad
melee	6785	Ordo Ganafo	歐爾德歐加娜佛	ok	ok
melee	6786	Knight Ganafu	騎士加娜芙	ok	ok
melee	6787	Lord Ganafu	領主加娜芙	ok	ok
melee	6788	King Ganafu	国王之翼	ok	ok
melee	6789	851A・ヴァリエクスフ	851A・瓦里艾庫蘇芙	ok	ok
melee	6790	861A・ヴァリエシフォス	861A・瓦里艾修伊佛蘇	ok	ok
melee	6791	871A・ヴァイスディンゲ	871A・瓦伊蘇迪恩艾	ok	ok
melee	6792	881A・ヴァイスヴェルト	881A・瓦伊蘇維魯托	ok	ok
melee	6793	891A・ソルエルクスフ	891A・索魯艾魯庫蘇芙	ok	ok
melee	6794	8A1A・ソルエルシフォス	8A1A・索魯艾魯修伊佛蘇	ok	ok
melee	6795	8B1A・シュヴァルツディンゲ	8B1A・斯哈烏維阿爾烏特	bad	phonetic_salad
melee	6796	8C1A・シュヴァルツヴェルト	8C1A・斯哈烏維阿爾烏特	bad	phonetic_salad
melee	6797	Dread Heart	戀心大剣	ok	ok
melee	6798	8E1A・創生姫クレア	8E1A・創生姫庫雷阿	ok	ok
melee	6799	Iron Tuna	鐵鮪	ok	ok
melee	6800	Igniferni	地獄火	ok	ok
melee	6801	Absolute Zero Blade	絶対零刃	ok	ok
melee	6802	921A・コルセーヌ	921A・科魯瑟努	ok	ok
melee	6803	931A・アゴルセーヌ	931A・阿戈魯瑟努	ok	ok
melee	6804	941A・デゴルセーヌ	941A・德戈魯瑟努	ok	ok
melee	6805	951A・エヴィサマール	951A・艾維薩瑪魯	ok	ok
melee	6806	Miarock	姆伊阿爾歐克克	ok	ok
melee	6807	Amialog	阿姆伊阿勒歐格	ok	ok
melee	6808	Demialog	德艾姆伊阿勒歐格	bad	phonetic_salad
melee	6809	Photisamar	普哈歐特伊斯阿姆	bad	phonetic_salad
melee	6810	Polar Flameblade	極地焔刃	ok	ok
melee	6811	Polar Fierce Flameblade	極地猛焔刃	ok	ok
melee	6812	Polar Violent Flameblade	極地凶暴焔刃	ok	ok
melee	6813	Gold Weapon Ⅰ	黄金武器Ⅰ	ok	ok
melee	6814	Gold Weapon Ⅱ	黄金武器Ⅱ	ok	ok
melee	6815	Gold Weapon Ⅲ	黄金武器Ⅲ	ok	ok
melee	6816	Gold Weapon Ⅳ	黄金武器Ⅳ	ok	ok
melee	6817	Silver Weapon Ⅰ	白銀武器Ⅰ	ok	ok
melee	6818	Silver Weapon Ⅱ	白銀武器Ⅱ	ok	ok
melee	6819	Silver Weapon Ⅲ	白銀武器Ⅲ	ok	ok
melee	6820	Silver Weapon Ⅳ	白銀武器Ⅳ	ok	ok
melee	6821	Bronze Weapon Ⅰ	青銅武器Ⅰ	ok	ok
melee	6822	Bronze Weapon Ⅱ	青銅武器Ⅱ	ok	ok
melee	6823	Bronze Weapon Ⅲ	青銅武器Ⅲ	ok	ok
melee	6824	Bronze Weapon Ⅳ	青銅武器Ⅳ	ok	ok
melee	6825	Kampf Klinge	克阿姆普夫刃	ok	ok
melee	6826	Raub Klinge	爾阿烏布刃	ok	ok
melee	6827	Rache Klinge	拉奇艾刃	ok	ok
melee	6828	Sieg Rebell	斯伊艾格爾艾布艾勒勒	bad	phonetic_salad
melee	6829	Glanz Rebell	格勒阿恩茲叛	ok	ok
melee	6830	Ruko's Milles	士兵之翼	ok	ok
melee	6831	Ruko's Regina	女王之翼	ok	ok
melee	6832	Ruko's Rex	帝王之翼	ok	ok
melee	6833	Niger R. Ruko	嵐竜黑Ｒ	ok	ok
melee	6834	Niger's Rex	暗黑・帝王	ok	ok
melee	6835	Hami No Tachi	哈米之塔奇伊	ok	ok
melee	6836	"Hami No Tachi ""Force"""	哈米之塔奇伊力	ok	ok
melee	6837	"Hami No Tachi ""Rough"""	哈米之塔奇伊粗	ok	ok
melee	6838	"Hami No Tachi ""War"""	哈米之塔奇伊戦	ok	ok
melee	6839	"Uzuki ""Spring Breeze"""	烏祖奇泉布艾艾澤	bad	phonetic_salad
melee	6840	"Uzuki ""Spring Thunder"""	雷烏祖奇泉	ok	ok
melee	6841	"Uzuki ""Spring Storm"""	烏祖奇泉風暴	ok	ok
melee	6842	"Uzuki ""Sakura Blizzard"""	烏祖奇桜吹雪	ok	ok
melee	6843	Super Hinamatsuri	超哈伊恩阿姆阿特斯	bad	phonetic_salad
melee	6844	Candy Spiral	糖果斯普伊爾阿勒	bad	phonetic_salad
melee	6845	Divine Dragon Longsword	神竜長剣	ok	ok
melee	6846	Absolute Zero	絶対零	ok	ok
melee	6847	Carved Longsword	克阿爾維艾德太剣	bad	phonetic_salad
melee	6848	Rising Dragon Chaosflame	竜里西恩克哈阿歐斯夫勒阿	bad	phonetic_salad
melee	6849	Raindrop Edge	爾阿伊恩德爾歐普端	bad	phonetic_salad
melee	6850	Repel Aquaslash	排斥阿奎阿斯阿修	bad	phonetic_salad
melee	6851	Repel Fierce Aquaslash	排斥猛阿奎阿斯阿修	bad	phonetic_salad
melee	6852	Repel Violent Aquaslash	排斥凶暴阿奎阿斯阿修	bad	phonetic_salad
melee	6853	Pokara Saber/Brown	凍冰獣剣褐	ok	ok
melee	6854	Pokara Blade/Brown	凍冰獣刃褐	ok	ok
melee	6855	Pokara Dragon/Tea	凍冰獣竜茶	ok	ok
melee	6856	Pokara Saber/Strawberry	凍冰獣剣斯特爾阿瓦布艾爾	bad	phonetic_salad
melee	6857	Pokara Blade/Strawberry	凍冰獣刃斯特爾阿瓦布艾爾	bad	phonetic_salad
melee	6858	Pokara Dragon/Strawberry	凍冰獣竜斯特爾阿瓦布艾爾	bad	phonetic_salad
melee	6859	Pokara Saber/Stripes	凍冰獣剣斯特爾伊普艾斯	bad	phonetic_salad
melee	6860	Pokara Blade/Stripes	凍冰獣刃斯特爾伊普艾斯	ok	ok
melee	6861	Pokara Dragon/Stripes	凍冰獣竜斯特爾伊普艾斯	ok	ok
melee	6862	Pokara Saber/White	凍冰獣剣白	ok	ok
melee	6863	Pokara Blade/White	凍冰獣刃白	ok	ok
melee	6864	Pokara Dragon/White	凍冰獣竜白	ok	ok
melee	6865	Taikun Hammer	多殼蟹大錘	ok	ok
melee	6866	"Taikun Hammer ""Santalum"""	多殼蟹大錘【檀】	ok	ok
melee	6867	"Taikun Hammer ""Buxus"""	多殼蟹大錘【黄楊】	ok	ok
melee	6868	"Taikun Hammer ""Juglans"""	多殼蟹大錘【胡桃】	ok	ok
melee	6869	"Taikun Hammer ""Lindera"""	多殼蟹大錘【山胡椒】	ok	ok
melee	6870	Sand Klinge	砂刃	ok	ok
melee	6871	Rock Klinge	岩石刃	ok	ok
melee	6872	Berg Klinge	山刃	ok	ok
melee	6873	Beten Rebell	布艾特艾恩爾艾布艾勒勒	bad	phonetic_salad
melee	6874	Lachen Rebell	勒阿克哈艾恩叛	ok	ok
melee	6875	Mt.Shintai Dragon Hammer	竜山斯哈伊恩特阿伊大錘	ok	ok
melee	6876	Mt.Penglai Dragon Hammer	竜山極征服大錘	ok	ok
melee	6877	Cactus Rumble	仙人掌爾烏姆布勒艾	bad	phonetic_salad
melee	6878	Cactus Shock	仙人掌斯哈歐克克	bad	phonetic_salad
melee	6879	Cactus Meteor	仙人掌流星	ok	ok
melee	6880	Cactus Ash	仙人掌灰	ok	ok
melee	6881	Eternal Gift	永贈禮	ok	ok
melee	6882	Floppy Felyne Puppet	夫勒歐普普伊艾露普烏普普艾特	bad	phonetic_salad
melee	6883	Exa Reel Hammer	大錘艾克斯阿卷線器	ok	ok
melee	6884	Entasis Purity	艾恩特阿斯伊斯純潔	bad	phonetic_salad
melee	6885	"Dragstriker ""Pierce"""	德爾阿格斯特爾伊穿	bad	phonetic_salad
melee	6886	Aizez Hammer	大錘阿伊澤茲	ok	ok
melee	6887	Fucciane	巨大怪鳥頭錘	ok	ok
melee	6888	Twisted Black Dragon H.	竜旋黒H	ok	ok
melee	6889	Aquarius Firepot	水瓶夫伊爾艾普歐特	bad	phonetic_salad
melee	6890	Aquarius Fierce Firepot	水瓶猛夫伊爾艾普歐特	ok	ok
melee	6891	Aquarius Violent Firepot	水瓶凶暴夫伊爾艾普歐特	bad	phonetic_salad
melee	6892	Collide Icebeat	衝伊克艾布艾阿特	bad	phonetic_salad
melee	6893	Collide Fierce Icebeat	衝猛伊克艾布艾阿特	bad	phonetic_salad
melee	6894	Collide Violent Icebeat	衝凶暴伊克艾布艾阿特	bad	phonetic_salad
melee	6895	Rivet Reine	轟雷鉚釘大錘	ok	ok
melee	6896	F01A・リベッツカルネ	F01A・爾伊布艾布特斯烏	bad	phonetic_salad
melee	6897	F11A・リベッツカダーチャ	F11A・爾伊布艾布特斯烏	bad	phonetic_salad
melee	6898	Liberati Lupo	利貝拉提魯波	ok	ok
melee	6899	Idual	伊德烏阿勒	ok	ok
melee	6900	Idu Cutter	衝撃鉚釘巨錘	ok	ok
melee	6901	Idu Derniere	衝撃鉚釘粉碎者	ok	ok
melee	6902	F61A・イデアトゥーピド	F61A・伊德阿圖皮多	ok	ok
melee	6903	Tanz Klinge	特阿恩茲刃	ok	ok
melee	6904	Rythmus Klinge	爾伊特哈姆烏斯刃	bad	phonetic_salad
melee	6905	Waltzer Klinge	瓦阿勒特茲艾爾刃	bad	phonetic_salad
melee	6906	Edel Rebell	艾德艾勒叛	ok	ok
melee	6907	Fein Rebell	夫艾伊恩爾艾布艾勒勒	bad	phonetic_salad
melee	6908	Ruko's Prekes	庫普爾艾克艾斯	ok	ok
melee	6909	Niger P. Ruko	嵐竜黑P	ok	ok
melee	6910	FE1A・ニゲル＝プレケス	FE1A・尼格魯＝普雷凱蘇	ok	ok
melee	6911	Blood Melody	血旋律	ok	ok
melee	6912	Blood Song	血歌	ok	ok
melee	6913	Blood Poem	血詩	ok	ok
melee	6914	Blood Spell	血咒文	ok	ok
melee	6915	Orsol Organ	歐爾斯歐勒臓	ok	ok
melee	6916	Orsol Organ+	歐爾斯歐勒臓＋	ok	ok
melee	6917	"Muse's Song ""Praise"""	繆斯女神之歌【禮讚】	ok	ok
melee	6918	"Muse's Song ""Blessing"""	繆斯女神之歌【祝福】	ok	ok
melee	6919	Gothic Organ	格歐特哈伊克臓	ok	ok
melee	6920	Gothic Organ+	格歐特哈伊克臓＋	bad	phonetic_salad
melee	6921	"Muse's Song ""Mercy"""	繆斯女神之歌【慈悲】	ok	ok
melee	6922	"Muse's Song ""Salvation"""	繆斯女神之歌【救世】	ok	ok
melee	6923	Nessa Organ	恩艾斯斯阿臓	ok	ok
melee	6924	Nessa Organ+	恩艾斯斯阿臓＋	ok	ok
melee	6925	"Muse's Song ""Joyful"""	繆斯女神之歌【歡喜】	ok	ok
melee	6926	ダミー	假	ok	skip_empty_dummy
melee	6927	Barell Organ	布阿爾艾勒勒臓	ok	ok
melee	6928	Barell Organ+	布阿爾艾勒勒臓＋	bad	phonetic_salad
melee	6929	"Muse's Song ""Courage"""	繆斯女神之歌【奮起】	ok	ok
melee	6930	ダミー	假	ok	skip_empty_dummy
melee	6931	Coruro Organ	科魯羅臓	ok	ok
melee	6932	Coruro Organ Kai	科魯羅臓可伊	ok	ok
melee	6933	"Muse's Song ""Peace"""	繆斯女神之歌【平穩】	ok	ok
melee	6934	ダミー	假	ok	skip_empty_dummy
melee	6935	True Full Organ	真全臓	ok	ok
melee	6936	True Full Organ+	真全臓＋	ok	ok
melee	6937	"Muse's Song ""Silver"""	繆斯女神之歌【鎮撫】	ok	ok
melee	6938	"Muse's Song ""End"""	繆斯女神之歌【終焉】	ok	ok
melee	6939	Card Horn	可片之角	ok	ok
melee	6940	Card Kill	可片克伊勒勒	ok	ok
melee	6941	Rot Wind	腐風	ok	ok
melee	6942	Rot Edel	腐艾德艾勒	ok	ok
melee	6943	Sweet Carrol	甘可羅	ok	ok
melee	6944	Gaia Gogo	加伊阿拉瓦里	ok	ok
melee	6945	Gigasu Gogo	吉加蘇拉瓦里	ok	ok
melee	6946	221B・アクラリオス	221B・阿庫拉里歐蘇	ok	ok
melee	6947	231B・アクラルゴール	231B・阿庫拉魯戈魯	ok	ok
melee	6948	Gaoren's Chime	砦蟹大鐘	ok	ok
melee	6949	Divine Dragonwood Flute	神竜木笛	ok	ok
melee	6950	Comesta Ballon	科梅斯阿布阿勒勒歐恩	bad	phonetic_salad
melee	6951	271B・ミオルヴァ	271B・米歐魯瓦	ok	ok
melee	6952	281B・ファミオルヴァ	281B・法米歐魯瓦	ok	ok
melee	6953	291B・ガミオルヴァ	291B・加米歐魯瓦	ok	ok
melee	6954	2A1B・ヴィンザイター	2A1B・維伊恩茲阿伊特阿	bad	phonetic_salad
melee	6955	2B1B・オグスナー	2B1B・歐古蘇娜	ok	ok
melee	6956	2C1B・ファオグスナー	2C1B・法歐古蘇娜	ok	ok
melee	6957	2D1B・ガオグスナー	2D1B・加歐古蘇娜	ok	ok
melee	6958	Dictator	德伊克特阿特歐爾	bad	phonetic_salad
melee	6959	Maiden Fireharp	少女火豎琴	ok	ok
melee	6960	Maiden Fierce Fireharp	少女猛火豎琴	ok	ok
melee	6961	Maiden Violent Fireharp	姆阿伊德艾恩凶暴夫伊爾艾哈阿爾普	bad	phonetic_salad
melee	6962	Chime Icehorn	風鈴伊克艾哈歐爾恩	bad	phonetic_salad
melee	6963	Chime Fierce Icehorn	風鈴猛伊克艾哈歐爾恩	bad	phonetic_salad
melee	6964	Chime Violent Icehorn	風鈴凶暴伊克艾哈歐爾恩	bad	phonetic_salad
melee	6965	Taikun Lance	多殼蟹長槍	ok	ok
melee	6966	"Taikun Lance ""Lily"""	多殼蟹長槍【百合】	ok	ok
melee	6967	"Taikun Lance ""Deutzia"""	多殼蟹長槍【溲疏】	ok	ok
melee	6968	"Taikun Lance""Chloranths"""	多殼蟹長槍【金粟蘭】	ok	ok
melee	6969	"Taikun Lance ""Daphne"""	多殼蟹長槍【瑞香】	ok	ok
melee	6970	Azure Wing Ciel Lance	蒼天長槍	ok	ok
melee	6971	Azure Wing Ciel Spear	蒼天槍	ok	ok
melee	6972	Azure Wing Ciel Horn	蒼天角	ok	ok
melee	6973	Azure Wing Ciel Abyss	蒼翼天深淵	ok	ok
melee	6974	Valier Mettalier	勇士姆艾特特阿勒伊艾	bad	phonetic_salad
melee	6975	Valier Meterino	勇士梅特里諾	ok	ok
melee	6976	Weisse Weste	白色戦斧	ok	ok
melee	6977	Weisses Tal	瓦艾伊斯斯艾斯特阿勒	bad	phonetic_salad
melee	6978	Sol El Mettalier	日輪EL姆艾特特阿勒伊艾	bad	phonetic_salad
melee	6979	Sol El Meterino	日輪EL梅特里諾	ok	ok
melee	6980	Schwarze Weste	黑色戦斧	ok	ok
melee	6981	Schwarz Tal	斯克哈瓦阿爾茲特阿勒	bad	phonetic_salad
melee	6982	White Heart	白心	ok	ok
melee	6983	Phantom End	幻影終	ok	ok
melee	6984	Hypno Spear	眠鳥槍	ok	ok
melee	6985	Guilhahasta	格烏伊勒哈阿哈阿	bad	phonetic_salad
melee	6986	"Snake Spear ""Halo"""	蛇矛哈洛	ok	ok
melee	6987	Enki Flamespear	恩奇焔矛	ok	ok
melee	6988	Enki Fierce Flamespear	恩奇猛焔矛	ok	ok
melee	6989	Enki Violent Flamespear	恩奇凶暴焔矛	ok	ok
melee	6990	Audirese	頌歌保衛者之槍	ok	ok
melee	6991	Audisolze	阿烏德伊斯歐勒茲	bad	phonetic_salad
melee	6992	Audifante	阿烏德伊夫阿恩特	bad	phonetic_salad
melee	6993	Oledin Cavalier	歐勒艾德伊恩克阿維阿勒伊艾爾	bad	phonetic_salad
melee	6994	Almorese	阿勒姆歐爾艾斯艾	bad	phonetic_salad
melee	6995	Almonomaze	阿勒姆歐恩歐姆阿	bad	phonetic_salad
melee	6996	Almogatore	阿勒姆歐格阿特歐	bad	phonetic_salad
melee	6997	Alema Fidante	阿勒瑪夫伊德阿恩特艾	bad	phonetic_salad
melee	6998	Taikun Spear	多殼蟹槍	ok	ok
melee	6999	"Taikun Spear ""Peony"""	多殼蟹槍【牡丹】	ok	ok
melee	7000	"Taikun Spear ""Punica"""	多殼蟹槍【石榴】	ok	ok
melee	7001	"Taikun Spear ""Papaver"""	多殼蟹槍【罌粟】	ok	ok
melee	7002	"Taikun Spear ""Clivia"""	多殼蟹槍【君子蘭】	ok	ok
melee	7003	Zaun Klinge	茲阿烏恩刃	ok	ok
melee	7004	Tor Klinge	特歐爾刃	ok	ok
melee	7005	Groll Klinge	格爾歐勒勒刃	ok	ok
melee	7006	Guard Rebell	衛叛	ok	ok
melee	7007	Linie Rebell	利尼艾叛	ok	ok
melee	7008	Ice Gunlance	冰銃槍	ok	ok
melee	7009	"Ice Gunlance ""Drop"""	冰銃槍【滴】	ok	ok
melee	7010	"Ice Gunlance ""Blast"""	冰銃槍【爆】	ok	ok
melee	7011	"Ice Gunlance ""Burst"""	冰銃槍【爆發】	ok	ok
melee	7012	"Odai Rikagra ""Mai"""	歐達伊里可格阿	ok	ok
melee	7013	"Odai Rikagra ""Dance"""	歐達伊里可格阿【舞】	ok	ok
melee	7014	"Odai Rikagra ""Feast"""	歐達伊里可格阿宴	bad	phonetic_salad
melee	7015	"Odai Rikagra ""Grace"""	歐達伊里可格阿恩寵	bad	phonetic_salad
melee	7016	Dandy Dandy	德阿恩德伊德阿恩德伊	bad	phonetic_salad
melee	7017	Oceano Deseo	歐瑟阿諾德瑟歐	ok	ok
melee	7018	Spirita Gunlance	銃槍斯普伊爾伊特阿	ok	ok
melee	7019	Phalanx Hyma	普哈阿勒阿恩克斯哈伊姆阿	bad	phonetic_salad
melee	7020	Winged Aquablast	翼阿奎阿布阿斯	ok	ok
melee	7021	Winged Fierce Aquablast	翼猛阿奎阿布阿斯	bad	phonetic_salad
melee	7022	Winged Violent Aquablast	翼凶暴阿奎阿布阿斯	bad	phonetic_salad
melee	7023	Dio Force	迪奧力	ok	ok
melee	7024	Dio Blade	迪奧刃	ok	ok
melee	7025	Dio Soul	迪奧魂	ok	ok
melee	7026	Dio Remote	迪奧雷莫特	ok	ok
melee	7027	Dio Force Σ	迪歐力Σ	ok	ok
melee	7028	Dio Blade Σ	迪歐刃Σ	ok	ok
melee	7029	Dio Soul Σ	迪歐魂Σ	ok	ok
melee	7030	Dio Remote Σ	迪歐遙控Σ	ok	ok
melee	7031	Dio Force Ω	迪歐力Ω	ok	ok
melee	7032	Dio Blade Ω	迪歐刃Ω	ok	ok
melee	7033	Dio Soul Ω	迪歐魂Ω	ok	ok
melee	7034	Dio Remote Ω	迪歐遙控Ω	ok	ok
melee	7035	Arthur Blast	爆破阿爾特哈烏爾	bad	phonetic_salad
melee	7036	ダミー	假	ok	skip_empty_dummy
melee	7037	ダミー	假	ok	skip_empty_dummy
melee	7038	ダミー	假	ok	skip_empty_dummy
melee	7039	ダミー	假	ok	skip_empty_dummy
melee	7040	ダミー	假	ok	skip_empty_dummy
melee	7041	ダミー	假	ok	skip_empty_dummy
melee	7042	ダミー	假	ok	skip_empty_dummy
melee	7043	ダミー	假	ok	skip_empty_dummy
melee	7044	ダミー	假	ok	skip_empty_dummy
melee	7045	ダミー	假	ok	skip_empty_dummy
melee	7046	ダミー	假	ok	skip_empty_dummy
melee	7047	ダミー	假	ok	skip_empty_dummy
melee	7048	ダミー	假	ok	skip_empty_dummy
melee	7049	ダミー	假	ok	skip_empty_dummy
melee	7050	ダミー	假	ok	skip_empty_dummy
melee	7051	ダミー	假	ok	skip_empty_dummy
melee	7052	"Hadean Saber ""Infernal"""	冥府剣	ok	ok
melee	7053	"Hadean Saber ""River"""	冥府剣川	ok	ok
melee	7054	"Hadean Saber ""Thunder"""	雷冥府剣	ok	ok
melee	7055	"Hadean Saber ""Imperial"""	冥府剣帝国	ok	ok
melee	7056	"Hadean Saber ""Glacier"""	冥府剣氷	ok	ok
melee	7057	"Hadean Blade ""Infernal"""	冥府刃伊恩夫艾爾恩阿勒	bad	phonetic_salad
melee	7058	"Hadean Blade ""River"""	冥府刃川	ok	ok
melee	7059	"Hadean Blade ""Thunder"""	雷冥府刃	ok	ok
melee	7060	"Hadean Blade ""Imperial"""	冥府刃帝国	ok	ok
melee	7061	"Hadean Blade ""Glacier"""	冥府刃氷	ok	ok
melee	7062	"Hadean Mace ""Infernal"""	冥府鎚伊恩夫艾爾恩阿勒	bad	phonetic_salad
melee	7063	"Hadean Mace ""River"""	冥府鎚川	ok	ok
melee	7064	"Hadean Mace ""Thunder"""	雷冥府鎚	ok	ok
melee	7065	"Hadean Mace ""Imperial"""	冥府鎚帝国	ok	ok
melee	7066	"Hadean Mace ""Glacier"""	冥府鎚氷	ok	ok
melee	7067	"Hadean Sting ""Infernal"""	冥府斯伊恩伊恩夫艾爾恩阿勒	bad	phonetic_salad
melee	7068	"Hadean Sting ""River"""	冥府斯伊恩川	ok	ok
melee	7069	"Hadean Sting ""Thunder"""	雷冥府斯伊恩	ok	ok
melee	7070	"Hadean Sting ""Imperial"""	冥府斯伊恩帝国	ok	ok
melee	7071	"Hadean Sting ""Glacier"""	冥府斯伊恩氷	ok	ok
melee	7072	FireDrgnSwrd	火竜黑鍵盤	ok	ok
melee	7073	"FireDrgnSwrd""Oni"""	火竜黑鍵盤【鬼】	ok	ok
melee	7074	"FireDrgnSwrd""Onibu"""	火竜黑鍵盤歐尼布	ok	ok
melee	7075	"FireDrgnSwrd""Onimusha"""	火竜黑鍵盤歐尼穆修阿	ok	ok
melee	7076	"FireDrgnSwrd""Onitake"""	火竜黑鍵盤歐尼塔凱	ok	ok
melee	7077	PoisonDrgnSwrd	毒竜黑鍵盤	ok	ok
melee	7078	"PoisonDrgnSwrd""Oni"""	毒竜黑鍵盤【鬼】	ok	ok
melee	7079	"PoisonDrgnSwrd""Onibu"""	毒竜黑鍵盤歐尼布	ok	ok
melee	7080	"PoisonDrgnSwrd""Onimusha"""	毒竜黑鍵盤歐尼穆修阿	ok	ok
melee	7081	"PoisonDrgnSwrd""Onitake"""	毒竜黑鍵盤歐尼塔凱	ok	ok
melee	7082	Thunder Sword	雷剣	ok	ok
melee	7083	"Thunder Sword ""Oni"""	雷剣【鬼】	ok	ok
melee	7084	"Thunder Sword ""Onibu"""	雷剣【鬼武】	ok	ok
melee	7085	"Thunder Sword ""Onimusha"""	雷剣【鬼武者】	ok	ok
melee	7086	"Thunder Sword ""Onitake"""	雷剣【鬼竹】	ok	ok
melee	7087	Water Sword	水剣	ok	ok
melee	7088	"Water Sword ""Oni"""	水剣【鬼】	ok	ok
melee	7089	"Water Sword ""Onibu"""	水剣【鬼武】	ok	ok
melee	7090	"Water Sword ""Onimusha"""	水剣【鬼武者】	ok	ok
melee	7091	"Water Sword ""Onitake"""	水剣【鬼竹】	ok	ok
melee	7092	Heat Nail	耐暑釘	ok	ok
melee	7093	Heat Pick	耐暑証明球	ok	ok
melee	7094	Heat Claw	耐暑之爪	ok	ok
melee	7095	Heat Tusk	耐暑化抑制	ok	ok
melee	7096	Heat Fang	耐暑之牙	ok	ok
melee	7097	Marsh Nail	沼澤釘	ok	ok
melee	7098	Marsh Pick	沼澤証明球	ok	ok
melee	7099	Marsh Claw	沼澤之爪	ok	ok
melee	7100	Marsh Tusk	沼澤化抑制	ok	ok
melee	7101	Marsh Fang	沼澤之牙	ok	ok
melee	7102	Electro Pole	艾勒艾克特爾歐柱	bad	phonetic_salad
melee	7103	Electro Post	艾勒艾克特爾歐柱	bad	phonetic_salad
melee	7104	Electro Pillar	艾勒艾克特爾歐柱	bad	phonetic_salad
melee	7105	Electro Symbol	艾勒艾克特爾歐象	bad	phonetic_salad
melee	7106	Electro Totem	艾勒艾克特爾歐特歐特艾姆	bad	phonetic_salad
melee	7107	Primal Pole	原始柱	ok	ok
melee	7108	Primal Post	原始柱	ok	ok
melee	7109	Primal Pillar	原始柱	ok	ok
melee	7110	Primal Symbol	原始象	ok	ok
melee	7111	Primal Totem	原始特歐特艾姆	ok	ok
melee	7112	ダミー	假	ok	skip_empty_dummy
melee	7113	ダミー	假	ok	skip_empty_dummy
melee	7114	ダミー	假	ok	skip_empty_dummy
melee	7115	ダミー	假	ok	skip_empty_dummy
melee	7116	ダミー	假	ok	skip_empty_dummy
melee	7117	ダミー	假	ok	skip_empty_dummy
melee	7118	ダミー	假	ok	skip_empty_dummy
melee	7119	ダミー	假	ok	skip_empty_dummy
melee	7120	ダミー	假	ok	skip_empty_dummy
melee	7121	ダミー	假	ok	skip_empty_dummy
melee	7122	ダミー	假	ok	skip_empty_dummy
melee	7123	ダミー	假	ok	skip_empty_dummy
melee	7124	ダミー	假	ok	skip_empty_dummy
melee	7125	ダミー	假	ok	skip_empty_dummy
melee	7126	ダミー	假	ok	skip_empty_dummy
melee	7127	ダミー	假	ok	skip_empty_dummy
melee	7128	ダミー	假	ok	skip_empty_dummy
melee	7129	ダミー	假	ok	skip_empty_dummy
melee	7130	ダミー	假	ok	skip_empty_dummy
melee	7131	ダミー	假	ok	skip_empty_dummy
melee	7132	ダミー	假	ok	skip_empty_dummy
melee	7133	ダミー	假	ok	skip_empty_dummy
melee	7134	ダミー	假	ok	skip_empty_dummy
melee	7135	ダミー	假	ok	skip_empty_dummy
melee	7136	Schwarz Herz	黑色真心	ok	ok
melee	7137	Amix Caprice	摯友幻想曲	ok	ok
melee	7138	Kima	眠羽	ok	ok
melee	7139	Kimamu	眠翼	ok	ok
melee	7140	Kimaimu	超眠翼斬	ok	ok
melee	7141	Kimamerada	極眠翼斬	ok	ok
melee	7142	Kimamekazatto	克伊姆阿姆艾克阿	bad	phonetic_salad
melee	7143	Schwarzfreude	黑色狂喜	ok	ok
melee	7144	Basagra Galaxy	巴薩格阿格阿勒阿克斯伊	bad	phonetic_salad
melee	7145	Volnobori Sword/Water	水維歐勒恩歐布歐爾剣	bad	phonetic_salad
melee	7146	Volnobori Fish/Water	水維歐勒恩歐布歐爾魚	bad	phonetic_salad
melee	7147	GreatSeaSword-Volnobori	大海剣維歐勒恩歐布歐爾	bad	phonetic_salad
melee	7148	GreatSeaKing-Volnobori	大海王維歐勒恩歐布歐爾	bad	phonetic_salad
melee	7149	GreatSeaGod-Volnobori	大海神維歐勒恩歐布歐爾	bad	phonetic_salad
melee	7150	ExplosiveKing-Volnobori	爆王維歐勒恩歐布歐爾	bad	phonetic_salad
melee	7151	GodOfFever-Volnobori	神熱維歐勒恩歐布歐爾	bad	phonetic_salad
melee	7152	Schwarzgeist	黑色英靈	ok	ok
melee	7153	Battle Eternal	戦永	ok	ok
melee	7154	Schwarzmut	斯克哈瓦阿爾茲姆	bad	phonetic_salad
melee	7155	Caravan Sword	商隊剣	ok	ok
melee	7156	BlackArmorHammer	大錘黑鎧	ok	ok
melee	7157	"BlackArmorHammer ""Heat"""	大錘黑鎧【熱】	ok	ok
melee	7158	"BlackArmorHammer""Blast"""	大錘黑鎧爆破	ok	ok
melee	7159	"BlackArmorHammer ""Fury"""	大錘黑鎧憤怒	ok	ok
melee	7160	"BlackArmorHammer ""Deed"""	大錘黑鎧證	ok	ok
melee	7161	Schwarzwille	斯克哈瓦阿爾茲瓦	bad	phonetic_salad
melee	7162	"Dragstriker ""Vagary"""	德爾阿格斯特爾伊	bad	phonetic_salad
melee	7163	Liberati Lion	利貝拉提獅	ok	ok
melee	7164	Idea Morata	伊德阿莫拉塔	ok	ok
melee	7165	Jevina	晶蠍笛	ok	ok
melee	7166	Jevinus	灰晶蠍笛	ok	ok
melee	7167	Jevinos	杰艾維伊恩歐斯	ok	ok
melee	7168	Jevinion	杰艾維伊恩伊歐恩	bad	phonetic_salad
melee	7169	Jevinino	傑維尼諾	ok	ok
melee	7170	Schwarz Kua	黑色治癒	ok	ok
melee	7171	"BlackBlack ""Lick"""	黑黑	ok	ok
melee	7172	Schwarz Ideal	黑伊德艾阿勒	ok	ok
melee	7173	Caravan Pike	商隊槍	ok	ok
melee	7174	Odelin Cylinder	歐德艾勒伊恩克伊勒伊恩德艾爾	bad	phonetic_salad
melee	7175	Arena File Legion	大鬥技場砥軍	ok	ok
melee	7176	Schwarz Brute	黑色野獣	ok	ok
melee	7177	"SunRathGunlance""Torpedo"""	火竜日銃槍魚雷	ok	ok
melee	7178	Akira	晶剣	ok	ok
melee	7179	Akira Sword	晶剣閃耀	ok	ok
melee	7180	Crystal Sword Ukelele	晶剣烏凱勒勒	ok	ok
melee	7181	LightCrystalSwordRumi	輕晶剣魯米	ok	ok
melee	7182	LightCrystalSwordLumiere	光結晶剣魯米艾雷	ok	ok
melee	7183	Taikun Saber	多殼蟹剣	ok	ok
melee	7184	"Taikun Saber ""Mutong"""	多殼蟹剣	ok	ok
melee	7185	"Taikun Saber ""Ginger"""	多殼蟹剣	ok	ok
melee	7186	"Taikun Saber ""Pinellia"""	多殼蟹剣	ok	ok
melee	7187	"Taikun Saber""Black Lily"""	多殼蟹剣黒百合	ok	ok
melee	7188	Nebula Ripper	星雲裂	ok	ok
melee	7189	Regen Ripper	極征服裂	ok	ok
melee	7190	Vorke Ripper	維歐爾克艾裂	ok	ok
melee	7191	Wasser Ripper	瓦阿斯斯艾爾裂	ok	ok
melee	7192	Tears of Princess Sasa	涙公主沙沙	ok	ok
melee	7193	Princess Sasa Compassion	公主沙沙克歐姆普阿斯斯伊	bad	phonetic_salad
melee	7194	Oath of Princess Sasa	誓公主沙沙	ok	ok
melee	7195	Joy of Princess Sasa	阿爾布公主沙沙	ok	ok
melee	7196	Insight of Princess Sasa	伊恩斯伊格哈特公主沙沙	bad	phonetic_salad
melee	7197	Aura Knife	光環刀	ok	ok
melee	7198	Aura Dagger	光環短剣	ok	ok
melee	7199	Goldberg	格歐勒德布艾爾格	bad	phonetic_salad
melee	7200	Gold Bite	金比特	ok	ok
melee	7201	Gold Roi	金羅伊	ok	ok
melee	7202	Gero Gradius	格羅格爾阿德伊烏斯	bad	phonetic_salad
melee	7203	Nix Gladius	尼克斯短剣	ok	ok
melee	7204	Stia Gladius	斯伊阿短剣	ok	ok
melee	7205	Isa Sriaz	冰霜巨人	ok	ok
melee	7206	Urnagradius	飛水古剣	ok	ok
melee	7207	Fongradius	夫歐恩格爾阿德伊	bad	phonetic_salad
melee	7208	Melgradius	姆艾勒格爾阿德伊	bad	phonetic_salad
melee	7209	Kano-Hagaraz	可諾哈加拉茲	ok	ok
melee	7210	Purge Boltsword	淨雷剣	ok	ok
melee	7211	Purge Fierce Boltsword	淨猛雷剣	ok	ok
melee	7212	Purge Violent Boltsword	淨凶暴雷剣	ok	ok
melee	7213	Pulsate Dagger-I	普烏勒斯阿特艾短剣Ⅰ	bad	type_phonetic
melee	7214	Pulsate Dagger-II	普烏勒斯阿特艾短剣Ⅱ	bad	type_phonetic
melee	7215	Pulsate Dagger-III	普烏勒斯阿特艾短剣Ⅲ	bad	type_phonetic
melee	7216	Pulsate Hertz	普烏勒斯阿特艾哈艾爾特茲	bad	phonetic_salad
melee	7217	Spark Tweeter	電光咆哮之剣	ok	ok
melee	7218	Spark Zile	火花茲勒	ok	ok
melee	7219	Spark Twin	火花球紋章	ok	ok
melee	7220	Est Spark	東火花	ok	ok
melee	7221	Naga Tweeter	天竜咆哮之剣	ok	ok
melee	7222	Naga Zile	娜加茲勒	ok	ok
melee	7223	Naga Twin	竜球紋章	ok	ok
melee	7224	Endenaga	創世天竜剣	ok	ok
melee	7225	Poison Realm	毒界	ok	ok
melee	7226	Kyogen Sword Agni	克伊歐格艾恩剣阿格恩伊	bad	phonetic_salad
melee	7227	Daora's Dio	十重鋼竜剣	ok	ok
melee	7228	Ice Mirror Void Sword	冰鏡維歐伊德剣	bad	phonetic_salad
melee	7229	Endless Poison	毒艾恩德勒艾斯斯	bad	phonetic_salad
melee	7230	"Rendblade ""Void"""	爾艾恩德布勒阿德維歐伊德	bad	phonetic_salad
melee	7231	Scarlet Blades	緋刃	ok	ok
melee	7232	"Scarlet Blades ""Haste"""	緋刃加速	ok	ok
melee	7233	"Scarlet Blades ""Rapid"""	緋刃	ok	ok
melee	7234	"Scarlet Blades ""Express"""	緋刃	ok	ok
melee	7235	"Scarlet Blades ""Quick"""	緋刃盤歌聲	ok	ok
melee	7236	"Scarlet Blades""Godspeed"""	緋刃格歐德斯普艾艾德	bad	phonetic_salad
melee	7237	Special Akantor Blades	霸竜特刃	ok	ok
melee	7238	Special Akantor Swords	霸竜特斯瓦歐爾德斯	bad	phonetic_salad
melee	7239	Special Akantor Sabers	霸竜特軍刀	ok	ok
melee	7240	Special Akantor Slicers	霸竜特切	ok	ok
melee	7241	Bolt Claws SP Ⅰ	雷爪【ＳＰ】Ⅰ	ok	ok
melee	7242	Bolt Claws SP Ⅱ	雷爪【ＳＰ】Ⅱ	ok	ok
melee	7243	Bolt Claws SP Ⅲ	雷爪【ＳＰ】Ⅲ	ok	ok
melee	7244	Bolt Claws SP Ⅳ	雷爪【ＳＰ】Ⅳ	ok	ok
melee	7245	Bolt Claws SP Ⅴ	雷爪【ＳＰ】Ⅴ	ok	ok
melee	7246	Bolt Claws SP Ⅵ	雷爪【ＳＰ】Ⅵ	ok	ok
melee	7247	Bolt Claws SP Ⅶ	雷爪【ＳＰ】Ⅶ	ok	ok
melee	7248	Aura Cutter	気切斷	ok	ok
melee	7249	Aura Slicer	気斬撃	ok	ok
melee	7250	Goldwind	格歐勒德瓦伊恩德	bad	phonetic_salad
melee	7251	Gold Artem	金阿爾特艾姆	ok	ok
melee	7252	Gold Mahato	金瑪哈托	ok	ok
melee	7253	Square Flame Blade	方炎刃	ok	ok
melee	7254	Square Flame Blade+	方炎刃＋	ok	ok
melee	7255	"Square OniBlade ""Fire"""	火角鬼刃	ok	ok
melee	7256	"Square OniBlade ""Night"""	角鬼刃【夜】	ok	ok
melee	7257	"Square OniBlade ""Good"""	角鬼刃良	ok	ok
melee	7258	Square Thunder Blade	雷方刃	ok	ok
melee	7259	Square ThndrBlade+	方雷刃＋	ok	ok
melee	7260	"Square ThndrBlad""Strik"""	雷角布勒阿德斯特爾伊克	bad	phonetic_salad
melee	7261	"Square OniBlade""Edge"""	角鬼刃端	ok	ok
melee	7262	"Square OniBlade""Thndr"""	雷角鬼刃	ok	ok
melee	7263	Square Blade	方刃	ok	ok
melee	7264	Square Blade+	方刃＋	ok	ok
melee	7265	"Square Blade ""Pr.Tagiri"""	"方刃,窄 UI 引號
」,斬切」"	ok	ok
melee	7266	Square Dragon Blade	竜方刃	ok	ok
melee	7267	Square Dragon Blade+	竜方刃＋	ok	ok
melee	7268	"Square DrgnBld""Pr.Sotsu"""	"方竜刃,窄 UI 引號
」,突刺」"	ok	ok
melee	7269	Square IceBlade	方氷刃	ok	ok
melee	7270	Square IceBlade+	方氷刃＋	ok	ok
melee	7271	"Square IceBld ""EarthDay"""	方冰血	ok	ok
melee	7272	"Square IceBld ""OotsuDay"""	方冰血	ok	ok
melee	7273	Square Water Blade	水方刃	ok	ok
melee	7274	Square Water Blade +	水方刃＋	ok	ok
melee	7275	"Square WatrBld""Moisture"""	角瓦特血莫伊斯烏雷	bad	phonetic_salad
melee	7276	"Square WatrBld""Flood"""	角瓦特血夫勒歐歐德	bad	phonetic_salad
melee	7277	"Square WatrBld""Typhoon"""	角瓦特血特伊普哈歐歐恩	bad	phonetic_salad
melee	7278	Dream Boltpair	夢雷對	ok	ok
melee	7279	Dream Fierce Boltpair	夢猛雷對	ok	ok
melee	7280	Dream Violent Boltpair	夢凶暴雷對	ok	ok
melee	7281	Ripple Sword Ⅰ	波紋剣Ⅰ	ok	ok
melee	7282	Ripple Sword Ⅱ	波紋剣Ⅱ	ok	ok
melee	7283	Ripple Sword Ⅲ	波紋剣Ⅲ	ok	ok
melee	7284	741C・ライプ・ナキタル	741C・拉伊普・娜奇塔魯	ok	ok
melee	7285	Ryuso	竜素	ok	ok
melee	7286	Sekiryuso	瑟奇里烏索	ok	ok
melee	7287	Gekiryuso	格奇里烏索	ok	ok
melee	7288	Hakuryuso	哈庫里烏索	ok	ok
melee	7289	Twin Head	球紋章之頭	ok	ok
melee	7290	Dual Ice	冰雙	ok	ok
melee	7291	Dual Ice Dagger	冰雙短剣	ok	ok
melee	7292	Dual Ice Sword	冰雙剣	ok	ok
melee	7293	Ice Break	冰砕	ok	ok
melee	7294	Ice Circle	冰円	ok	ok
melee	7295	ダミー	假	ok	skip_empty_dummy
melee	7296	Extreme Wolves	極瓦歐勒維艾斯	ok	ok
melee	7297	Twin Kirin Lightning	麒麟球紋章雷	ok	ok
melee	7298	Yatsuzaki Festa	伊阿特斯烏茲阿克菲斯阿	bad	phonetic_salad
melee	7299	Eos-Genumis	里艾恩格艾恩烏姆伊斯	bad	phonetic_salad
melee	7300	Akura Counter	晶蠍反	ok	ok
melee	7301	Save The Queen F	薩維女王F	ok	ok
melee	7302	Akura Stinger	晶蠍刺	ok	ok
melee	7303	Akura Stinger Baruku	巨型晶大剣	ok	ok
melee	7304	Akura Stinger Bariku	增幅晶大剣	ok	ok
melee	7305	CrystalSword Aurum	晶剣阿烏爾烏姆	ok	ok
melee	7306	CrystalSword Aurushamusu	晶剣阿烏魯修阿穆蘇	ok	ok
melee	7307	Slice Cancer	斬巨蟹	ok	ok
melee	7308	Slash Cancer	斬巨蟹	ok	ok
melee	7309	Cut Cancer	切巨蟹	ok	ok
melee	7310	Shear Cancer	破斷蟹爪	ok	ok
melee	7311	ダミー	假	ok	skip_empty_dummy
melee	7312	Aqua Blitz SPⅠ	水油【ＳＰ】Ⅰ	ok	ok
melee	7313	Aqua Blitz SPⅡ	水油【ＳＰ】Ⅱ	ok	ok
melee	7314	Aqua Blitz SPⅢ	水油【ＳＰ】Ⅲ	ok	ok
melee	7315	Aqua Blitz SPⅣ	水油【ＳＰ】Ⅳ	ok	ok
melee	7316	Aqua Blitz SPⅤ	水油【ＳＰ】Ⅴ	ok	ok
melee	7317	Aqua Blitz SPⅥ	水油【ＳＰ】Ⅵ	ok	ok
melee	7318	Aqua Blitz SPⅦ	水油【ＳＰ】Ⅶ	ok	ok
melee	7319	Mechanical Saw	機械鋸	ok	ok
melee	7320	Mechanical Saw+	機械鋸＋	ok	ok
melee	7321	Imperial Mechanical Saw	帝国機械鋸	ok	ok
melee	7322	"AntiDragonChainsaw""Halt"""	竜抗克哈阿伊恩斯阿瓦哈阿勒特	bad	phonetic_salad
melee	7323	"AntiDragonChainsaw""Slay"""	竜抗克哈阿伊恩斯阿瓦討伐	bad	phonetic_salad
melee	7324	Aura Sword	光環剣	ok	ok
melee	7325	Aura Schwert	金黄大剣	ok	ok
melee	7326	Gold Raptor	金爾阿普特歐爾	ok	ok
melee	7327	Gold Hagel	金哈阿格艾勒	ok	ok
melee	7328	Gold Dunk	金德烏恩克	ok	ok
melee	7329	Spillblade I	溢刃Ⅰ	ok	ok
melee	7330	Spillblade II	溢刃Ⅱ	ok	ok
melee	7331	Spillblade III	溢刃Ⅲ	ok	ok
melee	7332	A41C・スピ・エボシル	A41C・蘇皮・艾波修伊魯	ok	ok
melee	7333	A51C・レフィラナシオⅠ	A51C・雷菲拉娜修伊歐	bad	phonetic_salad
melee	7334	A61C・レフィラナシオⅡ	A61C・雷菲拉娜修伊歐	bad	phonetic_salad
melee	7335	A71C・レフィラナシオⅢ	A71C・雷菲拉娜修伊歐	bad	phonetic_salad
melee	7336	Forea Giant	佛雷阿巨大	ok	ok
melee	7337	Cloud Buster-I	雲破壞I	ok	ok
melee	7338	Cloud Buster-II	雲破壞Ⅱ	ok	ok
melee	7339	Cloud Buster-III	雲破壞Ⅲ	ok	ok
melee	7340	Ethereal Blade	幽刃	ok	ok
melee	7341	Fire Blade Ⅰ	火刃Ⅰ	ok	ok
melee	7342	Fire Blade Ⅱ	火刃Ⅱ	ok	ok
melee	7343	Fire Blade Ⅲ	火刃Ⅲ	ok	ok
melee	7344	Magma Blade	岩漿刃	ok	ok
melee	7345	Snowstorm-I	斯恩歐瓦斯特歐爾Ⅰ	bad	phonetic_salad
melee	7346	Snowstorm-II	斯恩歐瓦斯特歐爾Ⅱ	bad	phonetic_salad
melee	7347	Snowstorm-III	斯恩歐瓦斯特歐爾Ⅲ	bad	phonetic_salad
melee	7348	Hailstorm	哈阿伊勒斯特歐爾	bad	phonetic_salad
melee	7349	Demon Buster-I	惡魔破壞I	ok	ok
melee	7350	Demon Buster-II	惡魔破壞Ⅱ	ok	ok
melee	7351	Demon Buster-III	惡魔破壞Ⅲ	ok	ok
melee	7352	Demon Slayer	惡魔殺手	ok	ok
melee	7353	Dragoon Sword-I	竜騎剣I	ok	ok
melee	7354	Dragoon Sword-II	竜騎剣Ⅱ	ok	ok
melee	7355	Dragoon Sword-III	竜騎剣Ⅲ	ok	ok
melee	7356	Dragoon Fang	竜騎之牙	ok	ok
melee	7357	BD1C・テルマエ・オリゴ	BD1C・特魯瑪艾・歐里戈	ok	ok
melee	7358	BE1C・テルマエ・エヴォル	BE1C・特魯瑪艾・艾沃魯	ok	ok
melee	7359	BF1C・テルマエ・ジャポネ	BF1C・特魯瑪艾・雅波涅	ok	ok
melee	7360	C01C・テルマエ・ロマエ	C01C・特魯瑪艾・羅瑪艾	ok	ok
melee	7361	Great Serpent	大蛇	ok	ok
melee	7362	Blanc Sovan	聲急証斯歐維阿恩	bad	phonetic_salad
melee	7363	C31C・アミクスラムズ	C31C・阿米庫蘇拉穆祖	ok	ok
melee	7364	Nifrit Dogma	恩伊夫爾伊特德歐格姆阿	bad	phonetic_salad
melee	7365	Kurzgebet	重短剛爪大剣	ok	ok
melee	7366	Draconi Axt	德阿科尼阿克斯特	bad	phonetic_salad
melee	7367	Tarsus The Great	特阿爾斯烏斯大	ok	ok
melee	7368	Mother Legendio	姆歐特哈艾爾勒艾格艾恩德伊歐	bad	phonetic_salad
melee	7369	Dira Flamma	迪拉夫勒阿姆姆阿	bad	phonetic_salad
melee	7370	High-Sentinel	上位哨兵	ok	ok
melee	7371	Epitaph Meliol	艾皮塔菲姆艾勒伊歐勒	bad	phonetic_salad
melee	7372	Endbreaker F	ＥＢ分裂者Ｆ	ok	ok
melee	7373	"Empress Blade ""Heaven"""	女帝刃【天】	ok	ok
melee	7374	Dainsleip F	德阿伊恩斯勒艾伊F	bad	phonetic_salad
melee	7375	Crystal Edge	結晶刃	ok	ok
melee	7376	"Crystal Edge ""Fulg"""	結晶刃【閃】	ok	ok
melee	7377	"Crystal Edge ""Fulgor"""	結晶刃【閃光】	ok	ok
melee	7378	"Crystal Edge ""Lux"""	結晶刃【光輝】	ok	ok
melee	7379	"Crystal Edge ""Lux Solis"""	結晶刃【太陽光輝】	ok	ok
melee	7380	Thunder Shock Sword	雷斯哈歐克克剣	bad	phonetic_salad
melee	7381	Thunder Slash Sword	雷斬剣	ok	ok
melee	7382	Thunder Slay Sword	雷討伐剣	ok	ok
melee	7383	Echoing Thunder Sword	雷艾奇歐伊恩剣	ok	ok
melee	7384	WrkshpPrtypeElecSwrd	瓦爾克斯哈普普爾特伊普艾艾勒艾克黑鍵盤	bad	phonetic_salad
melee	7385	WrkshpPrtypElecSwrd α	瓦爾克斯哈普普爾特伊普艾勒艾克黑鍵盤α	bad	phonetic_salad
melee	7386	OfficialElectricSword	歐夫夫伊克伊阿勒艾勒艾克特爾伊克剣	bad	phonetic_salad
melee	7387	"ReinforcdElecSwrd""Flame"""	爾艾伊恩夫歐爾克艾勒艾克黑鍵盤焔	bad	phonetic_salad
melee	7388	"ReinforcdElecSwrd""Light"""	爾艾伊恩夫歐爾克艾勒艾克黑鍵盤輕	bad	phonetic_salad
melee	7389	Aura Edge	光環刃	ok	ok
melee	7390	Aura Blade	光環刃	ok	ok
melee	7391	Gold Pearl	金珍珠	ok	ok
melee	7392	Gold Zanto	金茲阿恩特歐	ok	ok
melee	7393	Gold Gut	金格烏特	ok	ok
melee	7394	E21C・カルドレヴィエ	E21C・可魯多雷維耶	ok	ok
melee	7395	E31C・カルドリエーズ	E31C・里艾祖	ok	ok
melee	7396	Roter Keim	爾歐特艾爾克艾伊姆	bad	phonetic_salad
melee	7397	Rote Ranke	輪唱爾阿恩克艾	ok	ok
melee	7398	Repel Flameslash	排斥弗阿梅斯阿修	bad	phonetic_salad
melee	7399	Repel Fierce Flameslash	排斥猛弗阿梅斯阿修	bad	phonetic_salad
melee	7400	Repel Violent Flameslash	排斥凶暴弗阿梅斯阿修	bad	phonetic_salad
melee	7401	ReveredSwrdThndrDanceEnd	雷爾艾維艾爾艾德黑鍵盤舞終	bad	phonetic_salad
melee	7402	ReveredSwrdThndrDancFang	雷之爾艾維艾爾艾德黑鍵盤德阿恩克之牙	bad	phonetic_salad
melee	7403	ReveredSwrdThndrDancRoar	雷爾艾維艾爾艾德黑鍵盤德阿恩克咆哮	bad	phonetic_salad
melee	7404	ReveredSWrdThndrDance	雷爾艾維艾爾艾德S瓦爾德舞	bad	phonetic_salad
melee	7405	ED1C・天煌武剣【真かぐや】	ED1C・天煌武剣真	ok	ok
melee	7406	EE1C・天煌亡剣【裏かぐや】	EE1C・天煌亡剣裡	ok	ok
melee	7407	EF1C・クリュエル	EF1C・庫里烏艾魯	ok	ok
melee	7408	Kurikara Dragon Slicer	竜庫里可拉斬撃	ok	ok
melee	7409	"Azure Edge ""Go"""	蒼刃	ok	ok
melee	7410	Log Divider	原木德伊維伊德艾爾	bad	phonetic_salad
melee	7411	Death Class Scythe	死級鎌	ok	ok
melee	7412	Pale Ice Edge	蒼氷刃	ok	ok
melee	7413	Godly Dragonwood Sword	格歐德勒伊竜木剣	bad	phonetic_salad
melee	7414	Midnight Edge	毛毒怪刃	ok	ok
melee	7415	F71C・炎天丸【鳳凰】	F71C・炎天丸【鳳凰】	ok	ok
melee	7416	Safir Snake Ⅴ	藍寶石蛇Ⅴ	ok	ok
melee	7417	Dragon Hammer	竜大錘	ok	ok
melee	7418	"Dragon Hammer ""Crush"""	竜大錘【砕】	ok	ok
melee	7419	"Dragon Hammer ""Break"""	竜大錘【破】	ok	ok
melee	7420	"Dragon Hammer ""Broken"""	竜大錘【壊】	ok	ok
melee	7421	Mochi Mallet	餅鎚	ok	ok
melee	7422	Herbal Mochi Mallet	薬草餅鎚	ok	ok
melee	7423	Persimmon Mochi Mallet	普艾爾斯伊姆姆歐餅鎚	bad	phonetic_salad
melee	7424	The Moonlight	月光	ok	ok
melee	7425	The Crater	衝撃坑	ok	ok
melee	7426	Aurora Mace	極光鎚	ok	ok
melee	7427	Aurora Hammer	極光大錘	ok	ok
melee	7428	Gold Gebet	金格艾布艾特	ok	ok
melee	7429	Gold Gehorsam	金格艾哈歐爾斯阿姆	bad	phonetic_salad
melee	7430	Golden Zorn	金茲歐爾恩	ok	ok
melee	7431	071D・セドゥマルクス	071D・瑟多烏庫蘇	ok	ok
melee	7432	081D・エロシオマルクス	081D・艾羅修伊歐庫蘇	bad	phonetic_salad
melee	7433	091D・ケイサスマルクス	091D・凱伊薩蘇庫蘇	ok	ok
melee	7434	0A1D・ティール＝ウィアド	0A1D・提魯＝威阿多	ok	ok
melee	7435	0B1D・プルマルクス	0B1D・普魯庫蘇	ok	ok
melee	7436	0C1D・フルメマルクス	0C1D・芙魯梅庫蘇	ok	ok
melee	7437	0D1D・カタラクマルクス	0D1D・可塔拉庫庫蘇	ok	ok
melee	7438	0E1D・ラグ＝イングワ	0E1D・拉古＝伊恩烏瓦	bad	phonetic_salad
melee	7439	Collide Boltbeat	衝布歐勒特布艾阿特	bad	phonetic_salad
melee	7440	Collide Fierce Boltbeat	衝猛布歐勒特布艾阿特	bad	phonetic_salad
melee	7441	Collide Violent Boltbeat	衝凶暴布歐勒特布艾阿特	bad	phonetic_salad
melee	7442	Dragoon Dive	竜騎潜	ok	ok
melee	7443	Gravios Life	鎧竜命	ok	ok
melee	7444	Ireweiss Hammer	大錘伊爾艾瓦艾伊斯斯	bad	phonetic_salad
melee	7445	Sleepy Felyne	斯勒艾艾普伊艾露	bad	phonetic_salad
melee	7446	Dragon Cudgel	竜克烏德格艾勒	ok	ok
melee	7447	Death Venom Tank	毒死特阿恩克	ok	ok
melee	7448	Prize Lobster King	賞竜蝦王	ok	ok
melee	7449	Volgrand	維歐勒格爾阿恩德	bad	phonetic_salad
melee	7450	Crystal Flute	結晶笛	ok	ok
melee	7451	Bright Crystal Flute	輝結晶笛	ok	ok
melee	7452	Shining Crystal Flute	輝耀結晶笛	ok	ok
melee	7453	Flashing Crystal Flute	閃結晶笛	ok	ok
melee	7454	Rio del Sol Flute	里歐爾布爾日輪笛	bad	phonetic_salad
melee	7455	Taikun Flute	多殼蟹笛	ok	ok
melee	7456	"Taikun Flute ""Picotee"""	多殼蟹笛	ok	ok
melee	7457	"Taikun Flute ""Aubritea"""	多殼蟹笛	ok	ok
melee	7458	"Taikun Flute ""Stewartia"""	多殼蟹笛	ok	ok
melee	7459	"Taikun Flute ""Hydrangea"""	多殼蟹笛	ok	ok
melee	7460	Frost Drum	霜鼓	ok	ok
melee	7461	Ice Drum	冰凌鼓	ok	ok
melee	7462	Snow Drum	雪鼓	ok	ok
melee	7463	Blizzard Drum	吹雪鼓	ok	ok
melee	7464	Aurara Trumpet	金黄小號	ok	ok
melee	7465	Aurara Wind	金黄管樂器	ok	ok
melee	7466	Gold Ton	金特歐恩	ok	ok
melee	7467	Gold Flote	金弗歐特	ok	ok
melee	7468	2C1D・ゴルトシュレム	2C1D・戈魯托修烏雷穆	ok	ok
melee	7469	Chime Bolthorn	風鈴布歐勒特哈歐爾恩	bad	phonetic_salad
melee	7470	Chime Fierce Bolthorn	風鈴猛布歐勒特哈歐爾恩	bad	phonetic_salad
melee	7471	Chime Violent Bolthorn	風鈴凶暴布歐勒特哈歐爾恩	bad	phonetic_salad
melee	7472	Vitality Horn Ⅰ	体力角Ⅰ	ok	ok
melee	7473	Vitality Horn ⅠⅠ	体力角ⅠⅠ	ok	ok
melee	7474	Vitality Horn ⅠⅠⅠ	体力角ⅠⅠⅠ	ok	ok
melee	7475	Vitara Mountain	維塔拉山	ok	ok
melee	7476	Altair Tone	阿勒特阿伊爾音	bad	phonetic_salad
melee	7477	Vega Tone	維加音	ok	ok
melee	7478	361D・シェラ＝シトリー	361D・修伊艾拉＝修伊托里	bad	phonetic_salad
melee	7479	War Bass	戦布阿斯斯	ok	ok
melee	7480	Basarios Roock	岩竜爾歐歐克克	ok	ok
melee	7481	Kut-Ku Tuba	九九式低音號	ok	ok
melee	7482	Crystal Spear	結晶槍	ok	ok
melee	7483	Radiant Crystal Spear	輝結晶槍	ok	ok
melee	7484	Shining Crystal Spear	輝耀結晶槍	ok	ok
melee	7485	Phoenix Lance	長槍鎧沸血	ok	ok
melee	7486	3E1D・閃晶槍イリヤフォス	3E1D・閃晶槍伊里雅佛蘇	ok	ok
melee	7487	"Thunder Spear ""Flash"""	雷槍【閃光】	ok	ok
melee	7488	"Thunder Spear ""Roar"""	雷槍【吼】	ok	ok
melee	7489	"Thunder Spear ""Rumble"""	雷槍【轟】	ok	ok
melee	7490	"Thunder Spear ""Sunder"""	雷槍【裂斬】	ok	ok
melee	7491	Don Frozen SPⅠ	凍滑【ＳＰ】Ⅰ	ok	ok
melee	7492	Don Frozen SPⅡ	凍滑【ＳＰ】Ⅱ	ok	ok
melee	7493	Don Frozen SPⅢ	凍滑【ＳＰ】Ⅲ	ok	ok
melee	7494	Don Frozen SPⅣ	凍滑【ＳＰ】Ⅳ	ok	ok
melee	7495	Don Frozen SPⅤ	凍滑【ＳＰ】Ⅴ	ok	ok
melee	7496	Don Frozen SPⅥ	凍滑【ＳＰ】Ⅵ	ok	ok
melee	7497	Don Frozen SPⅦ	凍滑【ＳＰ】Ⅶ	ok	ok
melee	7498	Kushala's Lethal	鋼竜之槍	ok	ok
melee	7499	Kushala's Greed	鋼竜元始槍	ok	ok
melee	7500	Kushala's Metoc	鋼竜花槍	ok	ok
melee	7501	Kushala's Stove	鋼竜冰山之槍	ok	ok
melee	7502	Kushala's Term	鋼竜尖塔之槍	ok	ok
melee	7503	Aurora Lance	極光長槍	ok	ok
melee	7504	Aurora Spear	極光槍	ok	ok
melee	7505	Gold Berg	金氷山	ok	ok
melee	7506	Gold Insel	金伊恩斯艾勒	ok	ok
melee	7507	Gold Genie	金格尼艾	ok	ok
melee	7508	Violent Lance I	維奧爾斯長槍Ⅰ	ok	ok
melee	7509	Violent Lance II	維奧爾斯長槍Ⅱ	ok	ok
melee	7510	Violent Lance III	維奧爾斯長槍Ⅲ	ok	ok
melee	7511	571D・ビオ・ジャバル	571D・比歐・雅巴魯	ok	ok
melee	7512	581D・サラマン・ファナレ	581D・斯阿爾阿姆阿恩・法娜雷	bad	phonetic_salad
melee	7513	591D・サラマン・ファナレル	591D・斯阿爾阿姆阿恩・法娜雷魯	bad	phonetic_salad
melee	7514	5A1D・サラマン・ファニー	5A1D・斯阿爾阿姆阿恩・法尼	bad	phonetic_salad
melee	7515	5B1D・エストサラマン	5B1D・艾斯烏特歐斯阿爾	bad	phonetic_salad
melee	7516	5C1D・ニューニ・ファナレ	5C1D・恩伊烏恩伊・法娜雷	bad	phonetic_salad
melee	7517	5D1D・ニューニ・ファナレル	5D1D・恩伊烏恩伊・法娜雷魯	bad	phonetic_salad
melee	7518	5E1D・ニューニ・ファニー	5E1D・恩伊烏恩伊・法尼	ok	ok
melee	7519	5F1D・エンデニューニ	5F1D・艾恩德艾恩伊烏恩	bad	phonetic_salad
melee	7520	ダミー	假	ok	skip_empty_dummy
melee	7521	Elute Sarissa	艾魯特斯阿爾伊斯斯阿	bad	phonetic_salad
melee	7522	Black Wolf Fear Spear	黒狼音未來槍	ok	ok
melee	7523	631D・陽春之槍【春竜胆】	631D・陽春之槍【春竜胆】	ok	ok
melee	7524	Valaskjalf	維阿勒阿斯克杰阿	bad	phonetic_salad
melee	7525	"Shooter Spear ""Meio"""	射手槍梅伊歐	ok	ok
melee	7526	Thunder Spear	雷槍	ok	ok
melee	7527	Akantor Warn	霸竜瓦阿爾恩	ok	ok
melee	7528	Ruko's Arca	陽光之翼	ok	ok
melee	7529	Ruko's Hawa	風之翼	ok	ok
melee	7530	Ruko's Adam	大地之翼	ok	ok
melee	7531	Niger A. Ruko	嵐竜黑	ok	ok
melee	7532	Niger's Adam	暗黑・大地	ok	ok
melee	7533	Scarlet Spear	緋紅槍	ok	ok
melee	7534	"Scarlet Spear ""Courage"""	緋紅槍【勇気】	ok	ok
melee	7535	"Scarlet Spear ""Brave"""	緋紅槍【勇】	ok	ok
melee	7536	"Scarlet Spear ""Daring"""	緋紅槍【敢】	ok	ok
melee	7537	"Scarlet Spear ""Heroic"""	緋紅槍【英雄】	ok	ok
melee	7538	"Scarlet Spear ""Valor"""	緋紅槍【勇武】	ok	ok
melee	7539	Still Water	靜水	ok	ok
melee	7540	Stream Water	水流	ok	ok
melee	7541	Rapid Water	湍流怒濤	ok	ok
melee	7542	Waterfall	瓦阿特艾爾夫阿勒	bad	phonetic_salad
melee	7543	"BlueHuntrGunlanc ""One"""	銃槍青獵一	ok	ok
melee	7544	"BlueHuntrGunlanc ""Two"""	銃槍青獵二	ok	ok
melee	7545	"BlueHuntrGunlanc ""Three"""	銃槍青獵三	ok	ok
melee	7546	"BlueHuntrGunlanc ""Blue"""	銃槍青獵青	ok	ok
melee	7547	"BlueHuntrGunlanc""Indigo"""	銃槍青獵【藍】	ok	ok
melee	7548	"RedHuntrGunlanc ""One"""	銃槍赤獵一	ok	ok
melee	7549	"RedHuntrGunlanc ""Two"""	銃槍赤獵二	ok	ok
melee	7550	"RedHuntrGunlanc ""Three"""	銃槍赤獵三	ok	ok
melee	7551	"RedHuntrGunlanc""Crimson"""	銃槍赤獵【深紅】	ok	ok
melee	7552	"RedHuntrGunlanc""Scarlet"""	銃槍赤獵【緋】	ok	ok
melee	7553	Aurora Gunlance	極光銃槍	ok	ok
melee	7554	Aurora Carol	極光克阿爾歐勒	ok	ok
melee	7555	Gold Regen	金極征服	ok	ok
melee	7556	Gold Slotov	金斯勒歐特歐維	ok	ok
melee	7557	Gold Ehrlich	金艾哈爾勒伊克哈	bad	phonetic_salad
melee	7558	Card Embus	地獄埋伏者	ok	ok
melee	7559	Card Vest	背心可片	ok	ok
melee	7560	Rote Erde	輪唱艾爾德艾	ok	ok
melee	7561	Rote Wueste	輪唱瓦烏艾斯特艾	bad	phonetic_salad
melee	7562	Winged Fireblast	翼菲雷布阿斯	ok	ok
melee	7563	Winged Fierce Fireblast	翼猛菲雷布阿斯	ok	ok
melee	7564	Winged Violent Fireblast	翼凶暴菲雷布阿斯	ok	ok
melee	7565	Brave Cannon I	勇敢加農砲Ⅰ	ok	ok
melee	7566	Brave Cannon II	勇敢加農砲Ⅱ	ok	ok
melee	7567	Brave Cannon III	勇敢加農砲Ⅲ	ok	ok
melee	7568	Bra Haelta	布阿哈阿艾勒特阿	bad	phonetic_salad
melee	7569	Accra Halva	阿克克爾阿哈阿勒維阿	bad	phonetic_salad
melee	7570	Fang Y Kerberos	牙Ｙ克艾爾布艾爾歐斯	bad	phonetic_salad
melee	7571	White Burst	白爆	ok	ok
melee	7572	Scissor Head	鋏之頭	ok	ok
melee	7573	Grand Crisis	大危機	ok	ok
melee	7574	Rune F	符文F	ok	ok
melee	7575	Marute F	冰霜銃槍Ｆ	ok	ok
melee	7576	Brunak F	雷閃銃槍F	ok	ok
melee	7577	"Rock Gunblade ""Cut"""	"岩銃刃,窄 UI 引號
」,切」"	ok	ok
melee	7578	"Rock Gunblade ""Slash"""	"岩銃刃,窄 UI 引號
」,斬」"	ok	ok
melee	7579	True Slasher Odi Sword	真斬奧剣	ok	ok
melee	7580	True Slayer Odi Sword	真殺手奧剣	ok	ok
melee	7581	ダミー	假	ok	skip_empty_dummy
melee	7582	Nebula Bornale	星雲布歐爾恩阿勒艾	bad	phonetic_salad
melee	7583	"Gogomoa Sword ""Dark"""	跳緋獣剣闇	ok	ok
melee	7584	Epidosis Sword Ⅰ	艾皮多西斯剣Ⅰ	ok	ok
melee	7585	Epidosis Sword Ⅱ	艾皮多西斯剣Ⅱ	ok	ok
melee	7586	Epidosis Sword Ⅲ	艾皮多西斯剣Ⅲ	ok	ok
melee	7587	Cambriosword Ⅰ	坎比奧剣Ⅰ	ok	ok
melee	7588	Cambriosword Ⅱ	坎比奧剣Ⅱ	ok	ok
melee	7589	Cambriosword Ⅲ	坎比奧剣Ⅲ	ok	ok
melee	7590	Schwarz Roi	黑羅伊	ok	ok
melee	7591	Detonate	德托娜特	ok	ok
melee	7592	Iraptor Rays	伊爾阿普特歐爾爾阿伊斯	bad	phonetic_salad
melee	7593	Bursted	火焔駒	ok	ok
melee	7594	Roto X	羅托Ⅹ	ok	ok
melee	7595	Gratana	紅蓮剣	ok	ok
melee	7596	Poison Pound	毒普歐烏恩德	ok	ok
melee	7597	Poison Stream	毒流	ok	ok
melee	7598	Poison Flood	毒夫勒歐歐德	ok	ok
melee	7599	Toxic Flood	毒夫勒歐歐德	ok	ok
melee	7600	Venom Flood	毒夫勒歐歐德	ok	ok
melee	7601	True Eno Edge	真艾諾端	ok	ok
melee	7602	True Enclave	真艾恩克勒阿維艾	bad	phonetic_salad
melee	7603	True Eno	真艾諾	ok	ok
melee	7604	Rin Hit Edge	冰縛刃	ok	ok
melee	7605	Rin Hit Blade	冰縛刃	ok	ok
melee	7606	Rin Hit	冰縛	ok	ok
melee	7607	Umeda Edge	竜眠刃	ok	ok
melee	7608	Umeda Blade	竜眠刃	ok	ok
melee	7609	Umeda	竜眠	ok	ok
melee	7610	Paddo	普阿德德歐	ok	ok
melee	7611	Pakido	波基多	ok	ok
melee	7612	Pakiddo	普阿克伊德德歐	ok	ok
melee	7613	Parakiddo	普阿爾阿克伊德德	bad	phonetic_salad
melee	7614	Pararakiddo	普阿爾阿爾阿克伊	bad	phonetic_salad
melee	7615	BF1D・スーパーガルセイン	BF1D・斯烏普阿格阿爾烏	bad	phonetic_salad
melee	7616	Hypno Mecha EX+	眠梅奇阿ＥＸ＋	ok	ok
melee	7617	Moody Dream	姆歐歐德伊夢	ok	ok
melee	7618	Irwin Ⅰ	歐文Ⅰ	ok	ok
melee	7619	Irwin Ⅱ	歐文Ⅱ	ok	ok
melee	7620	Irwin Ⅲ	歐文Ⅲ	ok	ok
melee	7621	Zwei Gade	裝甲謳歌	ok	ok
melee	7622	Nomosu Ⅰ	諾莫斯Ⅰ	ok	ok
melee	7623	Nomosu Ⅱ	諾莫斯Ⅱ	ok	ok
melee	7624	Nomosu Ⅲ	諾莫斯Ⅲ	ok	ok
melee	7625	Nomosu Ridio	諾莫蘇里迪歐	ok	ok
melee	7626	Loveable Cat	洛維阿布艾猫	ok	ok
melee	7627	Cat Jealousy	猫杰艾阿勒歐烏斯伊	bad	phonetic_salad
melee	7628	Cat Life Sword	猫命剣	ok	ok
melee	7629	HardCatGroundSword	硬猫地剣	ok	ok
melee	7630	Crystal Twin Swords	晶球紋章斯瓦歐爾德斯	bad	phonetic_salad
melee	7631	Crystal Twin Thorns	結晶球紋章之棘	ok	ok
melee	7632	D01D・晶双剣サシン	D01D・晶双剣斯阿斯哈伊恩	bad	phonetic_salad
melee	7633	D11D・閃晶双剣サイン	D11D・閃晶双剣斯阿伊恩	ok	ok
melee	7634	D21D・閃晶双剣サンソン	D21D・閃晶双剣斯阿恩斯歐恩	bad	phonetic_salad
melee	7635	D31D・烈閃双剣サンシーン	D31D・烈閃双剣斯阿恩斯哈伊恩	bad	phonetic_salad
melee	7636	Daora's Calum	無風・鋼竜	ok	ok
melee	7637	Epidosis Fang Ⅰ	艾皮多西斯牙Ⅰ	ok	ok
melee	7638	Epidosis Fang Ⅱ	艾皮多西斯牙Ⅱ	ok	ok
melee	7639	Epidosis Fang Ⅲ	艾皮多西斯牙Ⅲ	ok	ok
melee	7640	Cambrio Fang Ⅰ	坎比奧牙Ⅰ	ok	ok
melee	7641	Cambrio Fang Ⅱ	坎比奧牙Ⅱ	ok	ok
melee	7642	Cambrio Fang Ⅲ	坎比奧牙Ⅲ	ok	ok
melee	7643	Schwartz Tumult	斯克哈瓦阿爾特茲特烏姆烏勒特	bad	phonetic_salad
melee	7644	Hypno Shangri-La	眠修阿恩里拉	ok	ok
melee	7645	"Foxclaws ""Purity"""	夫歐克斯克勒阿瓦純潔	bad	phonetic_salad
melee	7646	Gerbera Head	非洲菊雙蕊	ok	ok
melee	7647	DF1D・リーン・バーンⅠ	DF1D・爾伊恩・布阿恩	bad	phonetic_salad
melee	7648	E01D・リーン・バーンⅡ	E01D・爾伊恩・布阿恩	bad	phonetic_salad
melee	7649	E11D・リーン・バーンⅢ	E11D・爾伊恩・布阿恩	bad	phonetic_salad
melee	7650	Afterburn	終極機甲光剣	ok	ok
melee	7651	E31D・ロワⅠ	E31D・羅瓦	ok	ok
melee	7652	E41D・ロワⅡ	E41D・羅瓦	ok	ok
melee	7653	E51D・ロワⅢ	E51D・羅瓦	ok	ok
melee	7654	E61D・ロワ・ニャール	E61D・羅瓦・恩伊阿爾烏	bad	phonetic_salad
melee	7655	Rubino Swallow Ⅵ	紅寶石燕Ⅵ	ok	ok
melee	7656	Steel Swallow Ⅵ	鋼燕Ⅵ	ok	ok
melee	7657	Ice Brand	寒冰雙剣	ok	ok
melee	7658	EA1D・ナールイウサール	EA1D・娜魯伊烏薩魯	ok	ok
melee	7659	ダミー	假	ok	skip_empty_dummy
melee	7660	ダミー	假	ok	skip_empty_dummy
melee	7661	ダミー	假	ok	skip_empty_dummy
melee	7662	ダミー	假	ok	skip_empty_dummy
melee	7663	ダミー	假	ok	skip_empty_dummy
melee	7664	ダミー	假	ok	skip_empty_dummy
melee	7665	ダミー	假	ok	skip_empty_dummy
melee	7666	ダミー	假	ok	skip_empty_dummy
melee	7667	ダミー	假	ok	skip_empty_dummy
melee	7668	ダミー	假	ok	skip_empty_dummy
melee	7669	ダミー	假	ok	skip_empty_dummy
melee	7670	ダミー	假	ok	skip_empty_dummy
melee	7671	ダミー	假	ok	skip_empty_dummy
melee	7672	ダミー	假	ok	skip_empty_dummy
melee	7673	ダミー	假	ok	skip_empty_dummy
melee	7674	ダミー	假	ok	skip_empty_dummy
melee	7675	ダミー	假	ok	skip_empty_dummy
melee	7676	FC1D・弩岩大剣【断】	FC1D・弩岩大剣【断】	ok	ok
melee	7677	FD1D・弩岩大剣【凄断】	FD1D・弩岩大剣【凄断】	ok	ok
melee	7678	True Judgement Odi Sword	真杰烏德格艾姆艾恩奧剣	bad	phonetic_salad
melee	7679	Heavy Decision Odi Sword	重德艾克伊斯伊歐恩奧剣	bad	phonetic_salad
melee	7680	ダミー	假	ok	skip_empty_dummy
melee	7681	"Taikun Edge ""Spidr Lily"""	多殼蟹刃【蜘蛛百合】	ok	ok
melee	7682	Epidosis Blade Ⅰ	艾皮多西斯刃Ⅰ	ok	ok
melee	7683	Epidosis Blade Ⅱ	艾皮多西斯刃Ⅱ	ok	ok
melee	7684	Epidosis Blade Ⅲ	艾皮多西斯刃Ⅲ	ok	ok
melee	7685	Cambrio Blade Ⅰ	坎比奧刃Ⅰ	ok	ok
melee	7686	Cambrio Blade Ⅱ	坎比奧刃Ⅱ	ok	ok
melee	7687	Cambrio Blade Ⅲ	坎比奧刃Ⅲ	ok	ok
melee	7688	Schwarzer Dank	黑色侵蝕者	ok	ok
melee	7689	091E・エリュトクスフ	091E・艾里烏托庫蘇芙	ok	ok
melee	7690	0A1E・エリュトシフォス	0A1E・艾里烏托修伊佛蘇	ok	ok
melee	7691	0B1E・ロートディンゲ	0B1E・羅托迪恩艾	ok	ok
melee	7692	0C1E・ロートヴェルト	0C1E・羅托維魯托	ok	ok
melee	7693	Hardend Machine Saw mkⅢ	哈阿爾德艾恩德機斯阿瓦MkⅢ	bad	phonetic_salad
melee	7694	0E1E・ラスターカイル	0E1E・拉蘇塔可伊魯	ok	ok
melee	7695	0F1E・ラスターレイジ	0F1E・拉蘇塔雷伊吉	ok	ok
melee	7696	101E・ラスターブレイク	101E・拉蘇塔布雷伊庫	ok	ok
melee	7697	111E・ラスタースラスト	111E・拉蘇塔蘇拉蘇托	ok	ok
melee	7698	121E・ラスターヴァイス	121E・拉蘇塔瓦伊蘇	ok	ok
melee	7699	Stern Sword	斯特艾爾恩剣	ok	ok
melee	7700	Stern Saber	凜然軍刀	ok	ok
melee	7701	Stern Blade	斯特艾爾恩刃	ok	ok
melee	7702	161E・シュテルンリヒト	161E・斯哈烏特艾爾烏恩	bad	phonetic_salad
melee	7703	Stern Star	斯特艾爾恩星	ok	ok
melee	7704	Mirror Ⅰ	鏡Ⅰ	ok	ok
melee	7705	Mirror Ⅱ	鏡Ⅱ	ok	ok
melee	7706	Mirror Ⅲ	鏡Ⅲ	ok	ok
melee	7707	Plato's Mirror	明鏡・止水	ok	ok
melee	7708	1C1E・プラーヴァⅠ	1C1E・普拉瓦	ok	ok
melee	7709	1D1E・プラーヴァⅡ	1D1E・普拉瓦	ok	ok
melee	7710	1E1E・プラーヴァⅢ	1E1E・普拉瓦	ok	ok
melee	7711	1F1E・メチ・プラーヴァ	1F1E・梅奇伊・普拉瓦	ok	ok
melee	7712	201E・カリギューリ	201E・克阿爾伊格伊烏爾	bad	phonetic_salad
melee	7713	Charismatic	克哈阿爾伊斯姆阿	bad	phonetic_salad
melee	7714	221E・カーリアン	221E・克阿爾伊阿恩	bad	phonetic_salad
melee	7715	Holy Sword Cariball	聖剣克阿爾伊布阿勒勒	bad	phonetic_salad
melee	7716	Taikun Slicer	多殼蟹斬撃	ok	ok
melee	7717	"Taikun Slicer ""Nandina"""	多殼蟹斬撃	ok	ok
melee	7718	"Taikun Slicer""Persimmon"""	多殼蟹斬撃普艾爾斯伊姆姆歐	bad	phonetic_salad
melee	7719	"Taikun Slicer""Osmanthus"""	多殼蟹斬撃歐斯姆阿恩特哈烏	bad	phonetic_salad
melee	7720	"Taikun Slicer ""Lilium"""	多殼蟹斬撃	ok	ok
melee	7721	291E・殻王獄刀【鋼】	291E・殻王獄刀【鋼】	ok	ok
melee	7722	Epidosis Nodachi Ⅰ	艾皮多西斯野太刀Ⅰ	ok	ok
melee	7723	Epidosis Nodachi Ⅱ	艾皮多西斯野太刀Ⅱ	ok	ok
melee	7724	Epidosis Nodachi Ⅲ	艾皮多西斯野太刀Ⅲ	ok	ok
melee	7725	Cambrio Tachi Ⅰ	坎比奧太刀Ⅰ	ok	ok
melee	7726	Cambrio Tachi Ⅱ	坎比奧太刀Ⅱ	ok	ok
melee	7727	Cambrio Tachi Ⅲ	坎比奧太刀Ⅲ	ok	ok
melee	7728	Plesioth Ecstasy	水竜艾克斯特阿斯伊	ok	ok
melee	7729	311E・カルトキュール	311E・克阿爾烏特歐克伊	bad	phonetic_salad
melee	7730	321E・フリオフレスコ	321E・芙里歐芙雷蘇科	ok	ok
melee	7731	331E・フロストブリーナ	331E・芙羅蘇托布里娜	ok	ok
melee	7732	341E・シュネルアイス	341E・修烏涅魯阿伊蘇	ok	ok
melee	7733	351E・ラピッドジュレ	351E・爾阿普伊普德歐杰	bad	phonetic_salad
melee	7734	Melynx Torture	梅拉路特歐爾特烏爾艾	bad	phonetic_salad
melee	7735	Hell Surfer	地獄斯烏爾夫艾爾	bad	phonetic_salad
melee	7736	381E・オハイーオル	381E・歐哈伊歐魯	ok	ok
melee	7737	391E・オハイートリム	391E・歐哈伊托里穆	ok	ok
melee	7738	3A1E・オハイーライザ	3A1E・歐哈伊拉伊扎	ok	ok
melee	7739	3B1E・オハイ・フライオ	3B1E・歐哈伊・芙拉伊歐	bad	phonetic_salad
melee	7740	3C1E・インデュロア	3C1E・伊恩德烏爾歐阿	bad	phonetic_salad
melee	7741	3D1E・インデュレイヤー	3D1E・伊恩德烏爾艾伊伊	bad	phonetic_salad
melee	7742	3E1E・インデュタスク	3E1E・伊恩德烏特阿斯烏	bad	phonetic_salad
melee	7743	3F1E・インデ・フライオ	3F1E・伊恩德艾・芙拉伊歐	bad	phonetic_salad
melee	7744	Diesel Ⅰ	柴油Ⅰ	ok	ok
melee	7745	Diesel Ⅱ	柴油Ⅱ	ok	ok
melee	7746	Diesel Ⅲ	柴油Ⅲ	ok	ok
melee	7747	431E・アイン・カリーソ	431E・亞因・可里索	ok	ok
melee	7748	Suffocation	斯烏夫夫歐克阿特	bad	phonetic_salad
melee	7749	"Mallet ""Crush"""	鎚【砕】	ok	ok
melee	7750	"Mallet ""Small Crush"""	鎚小砕	ok	ok
melee	7751	Smasher Odi Hammer	大錘粉碎奧	ok	ok
melee	7752	Dustbreak Odi Hammer	大錘德烏斯特布爾艾阿奧	bad	phonetic_salad
melee	7753	Floating Void Sky Hammer	大錘浮游維歐伊德空	bad	phonetic_salad
melee	7754	True Goldkite Hammer	大錘真格歐勒德克伊特艾	ok	ok
melee	7755	Epidosis Bind Ⅰ	艾皮多西斯縛Ⅰ	ok	ok
melee	7756	Epidosis Bind Ⅱ	艾皮多西斯縛Ⅱ	ok	ok
melee	7757	Epidosis Bind Ⅲ	艾皮多西斯縛Ⅲ	ok	ok
melee	7758	Cambrio Relic Ⅰ	坎比奧遺物Ⅰ	ok	ok
melee	7759	Cambrio Relic Ⅱ	坎比奧遺物Ⅱ	ok	ok
melee	7760	Cambrio Relic Ⅲ	坎比奧遺物Ⅲ	ok	ok
melee	7761	Schwarz Horn	黑之角	ok	ok
melee	7762	Guren Stein	紅蓮斯特艾伊恩	ok	ok
melee	7763	Goku! Golden Lion Impact	極！金獅衝撃	ok	ok
melee	7764	Fibonacci Hammer	大錘夫伊布歐恩阿克克	bad	phonetic_salad
melee	7765	551E・メリッシュⅠ	551E・姆艾爾伊爾斯哈烏	bad	phonetic_salad
melee	7766	561E・メリッシュⅡ	561E・姆艾爾伊爾斯哈烏	bad	phonetic_salad
melee	7767	571E・メリッシュⅢ	571E・姆艾爾伊爾斯哈烏	bad	phonetic_salad
melee	7768	581E・スタン・メリッシュ	581E・斯烏特阿恩・姆艾爾伊爾斯哈烏	bad	phonetic_salad
melee	7769	Steel Bison Ⅵ	鋼野牛Ⅵ	ok	ok
melee	7770	Mandragora	姆阿恩德爾阿格歐	bad	phonetic_salad
melee	7771	5B1E・ナグリンＤＴ	5B1E・恩阿格烏爾伊恩ＤＴ	bad	phonetic_salad
melee	7772	5C1E・コン・インパクトＤＴ	5C1E・克歐恩・INＤＴ	ok	ok
melee	7773	5D1E・ボール・イーターＤＴ	5D1E・波魯・伊塔ＤＴ	ok	ok
melee	7774	5E1E・ラクィンタ・マナＤＴ	5E1E・爾阿克烏伊恩特阿・瑪娜ＤＴ	bad	phonetic_salad
melee	7775	"Diwaiwa Flute ""Strike"""	迪瓦伊瓦笛打	ok	ok
melee	7776	"Diwaiwa Flute ""Whack"""	迪瓦伊瓦笛瓦哈阿克克	bad	phonetic_salad
melee	7777	Barrage Odi Hammer	大錘彈幕奧	ok	ok
melee	7778	Striking Music Odi Flute	斯里奇恩音樂奧笛	ok	ok
melee	7779	Gogomoa Flute Quake	跳緋獣笛耐震	ok	ok
melee	7780	Graceful Empress Pipe	章觸媒女帝管	ok	ok
melee	7781	PurpleGypcerosFlute	紫毒怪笛	ok	ok
melee	7782	PrplGypcrsFlut StrgPoisn	紫格伊普克爾斯夫勒烏特斯特爾格普歐伊斯恩	bad	phonetic_salad
melee	7783	PrplGypcrsFlut Toxic	毒紫格伊普克爾斯夫勒烏特	bad	phonetic_salad
melee	7784	Poison Sound	毒音	ok	ok
melee	7785	Poisonous Sound	毒音	ok	ok
melee	7786	Epidosis Pipe Ⅰ	艾皮多西斯笛Ⅰ	ok	ok
melee	7787	Epidosis Pipe Ⅱ	艾皮多西斯笛Ⅱ	ok	ok
melee	7788	Epidosis Pipe Ⅲ	艾皮多西斯笛Ⅲ	ok	ok
melee	7789	Cambrio Recorder Ⅰ	坎比奧直笛Ⅰ	ok	ok
melee	7790	Cambrio Recorder Ⅱ	坎比奧直笛Ⅱ	ok	ok
melee	7791	Cambrio Recorder Ⅲ	坎比奧直笛Ⅲ	ok	ok
melee	7792	Schwarz Schemen	黑色惡作劇	ok	ok
melee	7793	711E・デレクⅠ	711E・德雷庫	ok	ok
melee	7794	721E・デレクⅡ	721E・德雷庫	ok	ok
melee	7795	731E・デレクⅢ	731E・德雷庫	ok	ok
melee	7796	741E・デレク・ポーラ	741E・德雷庫・波拉	ok	ok
melee	7797	Rubino Acris Ⅵ	紅玉阿克里斯Ⅵ	ok	ok
melee	7798	"Nyabab ""Sound"""	恩伊阿布阿布音	ok	ok
melee	7799	771E・キャヴァ・アフター	771E・克伊阿維阿・阿芙塔	ok	ok
melee	7800	781E・キャヴァ・ドーハン	781E・克伊阿維阿・德歐哈阿恩	bad	phonetic_salad
melee	7801	791E・キャヴァ・ドゥンぺリ	791E・克伊阿維阿・德歐烏恩RI	bad	phonetic_salad
melee	7802	7A1E・キャヴァ・クーラー	7A1E・克伊阿維阿・庫拉	ok	ok
melee	7803	Dagger Spear	短剣槍	ok	ok
melee	7804	"Dagger Spear ""Slash"""	短剣槍斬	ok	ok
melee	7805	7D1E・弩岩獄槍【兎突】	7D1E・弩岩獄槍【兎突】	ok	ok
melee	7806	Cloudburst Odi Lance	克勒歐烏德布烏爾奧槍	bad	phonetic_salad
melee	7807	ダミー	假	ok	skip_empty_dummy
melee	7808	Sixth Fury Lance	長槍西克斯斯狂	ok	ok
melee	7809	Epidosis Lance Ⅰ	艾皮多西斯長槍Ⅰ	ok	ok
melee	7810	Epidosis Lance Ⅱ	艾皮多西斯長槍Ⅱ	ok	ok
melee	7811	Epidosis Lance Ⅲ	艾皮多西斯長槍Ⅲ	ok	ok
melee	7812	Cambrio Lance Ⅰ	坎比奧長槍Ⅰ	ok	ok
melee	7813	Cambrio Lance Ⅱ	坎比奧長槍Ⅱ	ok	ok
melee	7814	Cambrio Lance Ⅲ	坎比奧長槍Ⅲ	ok	ok
melee	7815	Schwarz Genie	暗黑天才	ok	ok
melee	7816	Erdmetall	艾爾德姆艾特阿勒	bad	phonetic_salad
melee	7817	891E・エリュトメテリノ	891E・艾里烏托梅特里諾	ok	ok
melee	7818	8A1E・ロートヴェステ	8A1E・羅托維蘇特	ok	ok
melee	7819	8B1E・ロートタール	8B1E・羅托塔魯	ok	ok
melee	7820	"Pawpad Lance ""6?"""	普阿瓦普阿德槍６	bad	phonetic_salad
melee	7821	Kaisho-Chan	可伊修歐克哈阿恩	bad	phonetic_salad
melee	7822	8E1E・ウィールライク	8E1E・威魯拉伊庫	ok	ok
melee	7823	8F1E・ウィールスラッガ	8F1E・瓦伊爾烏斯烏爾阿	bad	phonetic_salad
melee	7824	901E・ウィールダスト	901E・威魯達蘇托	ok	ok
melee	7825	911E・ウィル・パイロ	911E・威爾・派洛	ok	ok
melee	7826	921E・オヴィリーライム	921E・歐維里拉伊穆	ok	ok
melee	7827	931E・オヴィリーハスタ	931E・歐維里哈蘇塔	ok	ok
melee	7828	941E・オヴィリーゲイザ	941E・歐維里格伊扎	ok	ok
melee	7829	951E・オヴィ・パイロ	951E・奧維・派洛	ok	ok
melee	7830	Regesu Ⅰ	列格斯Ⅰ	ok	ok
melee	7831	Regesu Ⅱ	列格斯Ⅱ	ok	ok
melee	7832	Regesu Ⅲ	列格斯Ⅲ	ok	ok
melee	7833	991E・レゲス・ハスタ	991E・雷格蘇・哈蘇塔	ok	ok
melee	7834	9A1E・ノルト・アプルーバⅠ	9A1E・諾魯托・阿普魯巴	ok	ok
melee	7835	9B1E・ノルト・アプルーバⅡ	9B1E・諾魯托・阿普魯巴	ok	ok
melee	7836	9C1E・ノルト・アプルーバⅢ	9C1E・諾魯托・阿普魯巴	ok	ok
melee	7837	9D1E・レゾリュアプルーバー	9D1E・雷佐里烏阿普魯巴	ok	ok
melee	7838	9E1E・フエゴアキュートⅠ	9E1E・夫烏艾格歐阿克伊	bad	phonetic_salad
melee	7839	9F1E・フエゴアキュートⅡ	9F1E・夫烏艾格歐阿克伊	bad	phonetic_salad
melee	7840	A01E・フエゴアキュートⅢ	A01E・夫烏艾格歐阿克伊	bad	phonetic_salad
melee	7841	A11E・ナルハルバ	A11E・娜魯哈魯巴	ok	ok
melee	7842	A21E・パラアキュートⅠ	A21E・普阿爾阿阿克伊烏	bad	phonetic_salad
melee	7843	A31E・パラアキュートⅡ	A31E・普阿爾阿阿克伊烏	bad	phonetic_salad
melee	7844	A41E・パラアキュートⅢ	A41E・普阿爾阿阿克伊烏	bad	phonetic_salad
melee	7845	A51E・パラガハルバ	A51E・波拉加戟	ok	ok
melee	7846	A61E・ヴァダアキュートⅠ	A61E・維阿德阿阿克伊烏	bad	phonetic_salad
melee	7847	A71E・ヴァダアキュートⅡ	A71E・維阿德阿阿克伊烏	bad	phonetic_salad
melee	7848	A81E・ヴァダアキュートⅢ	A81E・維阿德阿阿克伊烏	bad	phonetic_salad
melee	7849	A91E・スイーハルバ	A91E・蘇伊哈魯巴	ok	ok
melee	7850	AA1E・ベネノアキュートⅠ	AA1E・布艾恩艾恩歐阿克	bad	phonetic_salad
melee	7851	AB1E・ベネノアキュートⅡ	AB1E・布艾恩艾恩歐阿克	bad	phonetic_salad
melee	7852	AC1E・ベネノアキュートⅢ	AC1E・布艾恩艾恩歐阿克	bad	phonetic_salad
melee	7853	AD1E・ディリティハルバ	AD1E・迪里提哈魯巴	ok	ok
melee	7854	AE1E・ロンアキュートⅠ	AE1E・爾歐恩阿克伊烏特	bad	phonetic_salad
melee	7855	AF1E・ロンアキュートⅡ	AF1E・爾歐恩阿克伊烏特	bad	phonetic_salad
melee	7856	B01E・ロンアキュートⅢ	B01E・爾歐恩阿克伊烏特	bad	phonetic_salad
melee	7857	B11E・テンニンハルバ	B11E・特艾恩恩伊恩哈阿	bad	phonetic_salad
melee	7858	B21E・弩岩銃槍【撃】	B21E・弩岩銃槍【撃】	ok	ok
melee	7859	B31E・弩岩銃槍【払撃】	B31E・弩岩銃槍【払撃】	ok	ok
melee	7860	Smasher Odi Gunlance	銃槍粉碎奧	ok	ok
melee	7861	Thrusting Odi Gunlance	銃槍斯魯斯伊恩奧	ok	ok
melee	7862	ダミー	假	ok	skip_empty_dummy
melee	7863	B71E・天狼極銃槍【七星】	B71E・天狼極銃槍【七星】	ok	ok
melee	7864	ダミー	假	ok	skip_empty_dummy
melee	7865	B91E・カドマツガンランス	B91E・克阿德歐姆阿特斯	bad	phonetic_salad
melee	7866	BA1E・カドマツキャノン	BA1E・克阿德歐姆阿特斯	bad	phonetic_salad
melee	7867	New Years Gunlance	銃槍新年	ok	ok
melee	7868	"New Years Gunlance""Snow"""	銃槍新年雪	ok	ok
melee	7869	Epidosis Burst Ⅰ	艾皮多西斯爆Ⅰ	ok	ok
melee	7870	Epidosis Burst Ⅱ	艾皮多西斯爆Ⅱ	ok	ok
melee	7871	Epidosis Burst Ⅲ	艾皮多西斯爆Ⅲ	ok	ok
melee	7872	Cambrio Rook Ⅰ	坎比奧城堡Ⅰ	ok	ok
melee	7873	Cambrio Rook Ⅱ	坎比奧城堡Ⅱ	ok	ok
melee	7874	Cambrio Rook Ⅲ	坎比奧城堡Ⅲ	ok	ok
melee	7875	Schwarz Ehrlich	黑艾哈爾勒伊克哈	bad	phonetic_salad
melee	7876	Caravan Gunlance Ⅶ	商隊銃槍Ⅶ	ok	ok
melee	7877	Dragoon Gadget	竜騎機関	ok	ok
melee	7878	Dragoon Cannon	竜騎加農砲	ok	ok
melee	7879	C71E・ドラグーンティル	C71E・德歐爾阿格烏恩特	bad	phonetic_salad
melee	7880	Ex Dragoon	EX竜騎	ok	ok
melee	7881	Dragoon Flare	竜騎輝	ok	ok
melee	7882	Lighning Burst	勒伊格哈恩伊恩格爆	bad	phonetic_salad
melee	7883	Lighning Cannon	勒伊格哈恩伊恩格砲	bad	phonetic_salad
melee	7884	CC1E・ライトニングティル	CC1E・拉伊托尼恩烏提魯	ok	ok
melee	7885	Ex Lighning	ＥＸ勒伊格哈恩伊恩格	bad	phonetic_salad
melee	7886	Lighning Bolt	雷勒伊格哈恩伊恩格	bad	phonetic_salad
melee	7887	CF1E・ライアンⅠ	CF1E・爾阿伊阿恩	bad	phonetic_salad
melee	7888	D01E・ライアンⅡ	D01E・爾阿伊阿恩	bad	phonetic_salad
melee	7889	D11E・ライアンⅢ	D11E・爾阿伊阿恩	bad	phonetic_salad
melee	7890	D21E・スカージ・ランシス	D21E・蘇可吉・爾阿恩斯哈伊斯烏	bad	phonetic_salad
melee	7891	Ledge Ⅰ	岩架Ⅰ	ok	ok
melee	7892	Ledge Ⅱ	岩架Ⅱ	ok	ok
melee	7893	Ledge Ⅲ	岩架Ⅲ	ok	ok
melee	7894	D61E・レッジ・オネッタ	D61E・爾艾爾杰伊・歐恩艾恩特阿	bad	phonetic_salad
melee	7895	Steel Hawk Ⅵ	鋼鷹Ⅵ	ok	ok
melee	7896	Caliburn FX	克阿勒伊布烏爾恩FX	bad	phonetic_salad
melee	7897	ダミー	假	ok	skip_empty_dummy
melee	7898	ダミー	假	ok	skip_empty_dummy
melee	7899	ダミー	假	ok	skip_empty_dummy
melee	7900	ダミー	假	ok	skip_empty_dummy
melee	7901	ダミー	假	ok	skip_empty_dummy
melee	7902	ダミー	假	ok	skip_empty_dummy
melee	7903	ダミー	假	ok	skip_empty_dummy
melee	7904	ダミー	假	ok	skip_empty_dummy
melee	7905	ダミー	假	ok	skip_empty_dummy
melee	7906	ダミー	假	ok	skip_empty_dummy
melee	7907	ダミー	假	ok	skip_empty_dummy
melee	7908	ダミー	假	ok	skip_empty_dummy
melee	7909	ダミー	假	ok	skip_empty_dummy
melee	7910	ダミー	假	ok	skip_empty_dummy
melee	7911	ダミー	假	ok	skip_empty_dummy
melee	7912	ダミー	假	ok	skip_empty_dummy
melee	7913	ダミー	假	ok	skip_empty_dummy
melee	7914	ダミー	假	ok	skip_empty_dummy
melee	7915	ダミー	假	ok	skip_empty_dummy
melee	7916	ダミー	假	ok	skip_empty_dummy
melee	7917	ダミー	假	ok	skip_empty_dummy
melee	7918	ダミー	假	ok	skip_empty_dummy
melee	7919	Poison Spider	毒蜘蛛	ok	ok
melee	7920	Ahtal Spider	阿哈特阿勒蛛	ok	ok
melee	7921	Water Triumph	水特爾伊烏姆普哈	bad	phonetic_salad
melee	7922	Battle Requiem	戦鎮魂	ok	ok
melee	7923	Sealed Eternal Strife	恩流浪永紛爭	ok	ok
melee	7924	Pure Snow	純雪	ok	ok
melee	7925	Death Adder	死亡毒蛇	ok	ok
melee	7926	Lightning Viper	雷蝮	ok	ok
melee	7927	Mammoth Ruin	巨象毀	ok	ok
melee	7928	Furias Ruin	狂暴毀滅者	ok	ok
melee	7929	Ferrigoris	夫艾爾爾伊格歐爾	bad	phonetic_salad
melee	7930	FA1E・ブリッツデストゥ	FA1E・布烏爾伊爾特斯烏	bad	phonetic_salad
melee	7931	FB1E・ヘイルデストゥ	FB1E・赫伊魯德蘇圖	ok	ok
melee	7932	Flame Phantom	炎幻影	ok	ok
melee	7933	Rain Phantom	雨幻影	ok	ok
melee	7934	True Scythe of Terror	真鎌磨尾虎	ok	ok
melee	7935	Stiff Rampage	堅靭狂暴	ok	ok
melee	7936	Grave Rampage	細砂狂暴	ok	ok
melee	7937	Heirophant	哈艾伊爾歐普哈阿	bad	phonetic_salad
melee	7938	021F・ルイネイター	021F・魯伊涅伊塔	ok	ok
melee	7939	Daora's Fin	終焉鋼竜錘	ok	ok
melee	7940	041F・ナギュアリン	041F・恩阿格伊烏阿爾伊	bad	phonetic_salad
melee	7941	Orca Wave	歐爾克阿波	ok	ok
melee	7942	Silver Mind	銀心	ok	ok
melee	7943	Frost Charger	霜克哈阿爾格艾爾	bad	phonetic_salad
melee	7944	Sleep Charger	睡眠克哈阿爾格艾爾	bad	phonetic_salad
melee	7945	Pure Black Gravios Spear	鎧竜純黒槍	ok	ok
melee	7946	Tri Blazer	特伊布勒阿茲艾爾	bad	phonetic_salad
melee	7947	ダミー	假	ok	skip_empty_dummy
melee	7948	"Gogomoa Sword ""Void"""	跳緋獣剣維歐伊德	bad	phonetic_salad
melee	7949	Nebula Bornaleio	星雲布歐爾恩阿勒艾伊	bad	phonetic_salad
melee	7950	0E1F・極舞雷双【角鷹】	0E1F・極舞雷双【角鷹】	ok	ok
melee	7951	Snow Fury Pair	雪狂對	ok	ok
melee	7952	Daora's Typhoon	颱風・鋼竜	ok	ok
melee	7953	"Taikun Blade ""Peony"""	多殼蟹刃【牡丹】	ok	ok
melee	7954	"Sirius Blade""SilverMoon"""	斯伊爾伊烏斯刃銀月	ok	ok
melee	7955	Teostra's Frenzyblade	炎王獄刀【大狂熱】	ok	ok
melee	7956	Daora's Luft	鋼竜・大氣	ok	ok
melee	7957	"Great Shell Sword ""Jade"""	偉大殻剣【翡翠】	ok	ok
melee	7958	Dodonga Havoc	多多恩阿哈阿維歐克	bad	phonetic_salad
melee	7959	Thunderbreak Apparition	特哈烏恩德艾爾布阿普普阿爾伊特伊	bad	phonetic_salad
melee	7960	Wave Fury Hammer	憤怒瓦維大錘	ok	ok
melee	7961	Dragonwood Mallet	竜木鎚	ok	ok
melee	7962	True Beru Thunder Hammer	舞雷竜真雷大錘	ok	ok
melee	7963	"PhntmThndrFlute""GodDrum"""	雷普哈恩特姆笛神德爾烏姆	bad	phonetic_salad
melee	7964	"Gogomoa Flute ""Ritual"""	跳緋獣笛儀式	ok	ok
melee	7965	"Lunastra Prisoner ""True"""	炎妃竜普爾伊斯歐恩艾爾真	ok	ok
melee	7966	Nebula Lilith	星雲利利斯	ok	ok
melee	7967	Seventh Fury Lance	長槍斯艾維艾恩特哈狂	bad	phonetic_salad
melee	7968	Forte F. Fenecia	強音F菲涅西阿	ok	ok
melee	7969	211F・天狼極銃槍【白夜】	211F・天狼極銃槍【白夜】	ok	ok
melee	7970	Royen Ⅰ	羅伊恩Ⅰ	ok	ok
melee	7971	Royen Ⅱ	羅伊恩Ⅱ	ok	ok
melee	7972	Royen Ⅲ	羅伊恩Ⅲ	ok	ok
melee	7973	Roi Edus	羅伊艾德烏斯	ok	ok
melee	7974	Goru Arugo Ire	戈魯阿魯戈伊雷	ok	ok
melee	7975	Goru Arugo Pitaire	戈魯阿魯戈皮塔伊雷	ok	ok
melee	7976	Som Arugo Ire	索姆阿魯戈伊雷	ok	ok
melee	7977	Som Arugo Pitale	斯歐姆阿魯戈皮塔勒	bad	phonetic_salad
melee	7978	Dawn Blade	暁刃	ok	ok
melee	7979	Dawn Brand	輝煌印記	ok	ok
melee	7980	Dawn Razor	黎明剃刀	ok	ok
melee	7981	Dawn Visage	輝煌時代	ok	ok
melee	7982	Dawn Bringer	輝煌使者	ok	ok
melee	7983	Recave Blade	雷可維刃	ok	ok
melee	7984	Recave Brand	蒼天印記	ok	ok
melee	7985	Recave Razor	雷可維剃刀	ok	ok
melee	7986	Recave Visage	蒼天時代	ok	ok
melee	7987	Recave Bringer	蒼天使者	ok	ok
melee	7988	Tier Ⅰ	蒂耶爾Ⅰ	ok	ok
melee	7989	Tier Ⅱ	蒂耶爾Ⅱ	ok	ok
melee	7990	Tier Ⅲ	蒂耶爾Ⅲ	ok	ok
melee	7991	Tier Noma	層諾瑪	ok	ok
melee	7992	Phantom Assassin	幻影刺客	ok	ok
melee	7993	Ameth Ⅰ	阿梅特Ⅰ	ok	ok
melee	7994	Ameth Ⅱ	阿梅特Ⅱ	ok	ok
melee	7995	Ameth Ⅲ	阿梅特Ⅲ	ok	ok
melee	7996	Ameth Super	阿梅斯超	ok	ok
melee	7997	"Sword ""Oak"""	剣橡	ok	ok
melee	7998	"Sword ""Pheonix"""	剣菲艾歐尼克斯	ok	ok
melee	7999	"Sword ""Iris"""	剣姆努波	ok	ok
melee	8000	401F・節刀皐月【破邪】	401F・節刀皐月【破邪】	ok	ok
melee	8001	411F・節刀皐月【護身】	411F・節刀皐月【護身】	ok	ok
melee	8002	Lechen Ⅰ	列徹恩Ⅰ	ok	ok
melee	8003	Lechen Ⅱ	列徹恩Ⅱ	ok	ok
melee	8004	Lechen Ⅲ	列徹恩Ⅲ	ok	ok
melee	8005	Leche Rodi	勒奇艾羅迪	ok	ok
melee	8006	"Uzuki ""Sakura Riot"""	烏祖奇桜紫黑鍵	ok	ok
melee	8007	Lollipop	勒歐勒勒伊普歐普	bad	phonetic_salad
melee	8008	Sweet Lollipop	甘勒歐勒勒伊普歐普	bad	phonetic_salad
melee	8009	Delicious Lollipop	布爾霧勒歐勒勒伊普歐普	bad	phonetic_salad
melee	8010	Lollipop Spark	勒歐勒勒伊普歐普火花	bad	phonetic_salad
melee	8011	Attack Ⅰ	攻撃力Ⅰ	ok	ok
melee	8012	Attack Ⅱ	攻撃力Ⅱ	ok	ok
melee	8013	Attack Ⅲ	攻撃力Ⅲ	ok	ok
melee	8014	Attack Super	攻撃力超	ok	ok
melee	8015	Angry Surprise	怒斯烏爾普爾伊斯艾	bad	phonetic_salad
melee	8016	ダミー	假	ok	skip_empty_dummy
melee	8017	ダミー	假	ok	skip_empty_dummy
melee	8018	ダミー	假	ok	skip_empty_dummy
melee	8019	ダミー	假	ok	skip_empty_dummy
melee	8020	ダミー	假	ok	skip_empty_dummy
melee	8021	ダミー	假	ok	skip_empty_dummy
melee	8022	ダミー	假	ok	skip_empty_dummy
melee	8023	ダミー	假	ok	skip_empty_dummy
melee	8024	ダミー	假	ok	skip_empty_dummy
melee	8025	ダミー	假	ok	skip_empty_dummy
melee	8026	Cataclysm Lance	克阿特阿克勒伊斯槍	bad	phonetic_salad
melee	8027	Cataclysm Grasp	克阿特阿克勒伊斯格爾阿斯普	bad	phonetic_salad
melee	8028	5C1F・カタクリズムコーリン	5C1F・可塔庫里祖穆科里	ok	ok
melee	8029	Cataclysm Omen	克阿特阿克勒伊斯歐姆艾恩	bad	phonetic_salad
melee	8030	Cataclysm Heart	克阿特阿克勒伊斯心	bad	phonetic_salad
melee	8031	Cadence Lance	克阿德艾恩克艾槍	bad	phonetic_salad
melee	8032	Cadence Grasp	節拍支配者	ok	ok
melee	8033	611F・ケイデンスコーリン	611F・克艾伊德艾恩斯烏	bad	phonetic_salad
melee	8034	Cadence Omen	克阿德艾恩克艾歐姆艾恩	bad	phonetic_salad
melee	8035	Cadence Heart	節拍之心	ok	ok
melee	8036	Papipupe Lance	長槍波皮普佩	ok	ok
melee	8037	Pepipopipa Lance	佩皮波皮波長槍	ok	ok
melee	8038	Periperiperi Lance	長槍佩里佩里佩里	ok	ok
melee	8039	Papi Perion Lance	波皮佩里翁長槍	ok	ok
melee	8040	Goru Arguro Verassi	戈魯阿爾格烏爾歐維艾爾阿斯斯伊	bad	phonetic_salad
melee	8041	Goru Arugo Anvil	戈魯阿魯戈鐵砧	ok	ok
melee	8042	Som Arguro Verassi	斯歐姆阿爾格烏爾歐維艾爾阿斯斯伊	bad	phonetic_salad
melee	8043	Som Arugo Anvil	索姆阿魯戈鐵砧	ok	ok
melee	8044	Berry Ⅰ	貝里耶Ⅰ	ok	ok
melee	8045	Berry Ⅱ	貝里耶Ⅱ	ok	ok
melee	8046	Berry Ⅲ	貝里耶Ⅲ	ok	ok
melee	8047	Berry Leo	莓獅	ok	ok
melee	8048	Flora Sword	弗歐拉剣	ok	ok
melee	8049	Flora Sword Fire	火弗歐拉剣	ok	ok
melee	8050	Flora Sword Water	水弗歐拉剣	ok	ok
melee	8051	Flora Sword Thunder	雷弗歐拉剣	ok	ok
melee	8052	Flora Sword Ice	冰弗歐拉剣	ok	ok
melee	8053	Flora Sword Dragon	竜弗歐拉剣	ok	ok
melee	8054	Frau Edge	婦人刃	ok	ok
melee	8055	Frau Edge Fire	婦人刃・火	ok	ok
melee	8056	Frau Edge Water	婦人刃・水	ok	ok
melee	8057	Frau Edge Thunder	婦人刃・雷	ok	ok
melee	8058	Frau Edge Ice	婦人刃・冰	ok	ok
melee	8059	Frau Edge Dragon	婦人刃・竜	ok	ok
melee	8060	Rear Breaker	後衛破壞者	ok	ok
melee	8061	Rear Breaker Fire	後衛破壞者・火	ok	ok
melee	8062	Rear Breaker Water	後衛破壞者・水	ok	ok
melee	8063	Rear Breaker Thunder	後衛破壞者・雷	ok	ok
melee	8064	Rear Breaker Ice	後衛破壞者・冰	ok	ok
melee	8065	Rear Breaker Dragon	後衛破壞者・竜	ok	ok
melee	8066	Kiss Blade	克伊斯斯刃	ok	ok
melee	8067	Kiss Blade Fire	火克伊斯斯刃	ok	ok
melee	8068	Kiss Blade Water	水克伊斯斯刃	ok	ok
melee	8069	Kiss Blade Thunder	雷克伊斯斯刃	ok	ok
melee	8070	Kiss Blade Ice	冰克伊斯斯刃	ok	ok
melee	8071	Kiss Blade Dragon	竜克伊斯斯刃	ok	ok
melee	8072	881F・ギネルクラッシャ	881F・格伊恩艾爾烏克烏	bad	phonetic_salad
melee	8073	891F・ギネルクラッシャ・火	891F・格伊恩艾爾烏克烏・火	bad	phonetic_salad
melee	8074	8A1F・ギネルクラッシャ・水	8A1F・格伊恩艾爾烏克烏・水	bad	phonetic_salad
melee	8075	8B1F・ギネルクラッシャ・雷	8B1F・格伊恩艾爾烏克烏・雷	bad	phonetic_salad
melee	8076	8C1F・ギネルクラッシャ・氷	8C1F・格伊恩艾爾烏克烏・氷	bad	phonetic_salad
melee	8077	8D1F・ギネルクラッシャ・龍	8D1F・格伊恩艾爾烏克烏・竜	bad	phonetic_salad
melee	8078	Blossom Dancer	布勒歐斯斯歐姆德阿恩克艾爾	bad	phonetic_salad
melee	8079	Blossom Dancer Fire	火布勒歐斯斯歐姆德阿恩克艾爾	bad	phonetic_salad
melee	8080	Blossom Dancer Water	水布勒歐斯斯歐姆德阿恩克艾爾	bad	phonetic_salad
melee	8081	Blossom DancerThunder	雷布勒歐斯斯歐姆德阿恩克艾爾	bad	phonetic_salad
melee	8082	Blossom Dancer Ice	冰布勒歐斯斯歐姆德阿恩克艾爾	bad	phonetic_salad
melee	8083	Blossom DancerDragon	竜布勒歐斯斯歐姆德阿恩克艾爾	bad	phonetic_salad
melee	8084	Edward Lance	艾德瓦阿爾德槍	ok	ok
melee	8085	Edward Lance Fire	火艾德瓦阿爾德槍	bad	phonetic_salad
melee	8086	Edward Lance Water	水艾德瓦阿爾德槍	ok	ok
melee	8087	Edward Lance Thunder	雷艾德瓦阿爾德槍	ok	ok
melee	8088	Edward Lance Ice	冰艾德瓦阿爾德槍	ok	ok
melee	8089	Edward Lance Dragon	竜艾德瓦阿爾德槍	ok	ok
melee	8090	Taizou Cannon	塔伊佐烏砲	ok	ok
melee	8091	Taizou Fire Cannon	火塔伊佐烏砲	ok	ok
melee	8092	Taizou Water Cannon	水塔伊佐烏砲	ok	ok
melee	8093	Taizou Thunder Cannon	雷塔伊佐烏砲	ok	ok
melee	8094	Taizou Ice Cannon	冰塔伊佐烏砲	ok	ok
melee	8095	Taizoo Dragon Cannon	竜塔伊佐歐加農砲	ok	ok
melee	8096	A01F・アクス＝プリート	A01F・阿庫蘇＝普里托	ok	ok
melee	8097	A11F・アクス＝グラッツィ	A11F・阿庫蘇＝格烏爾阿爾特斯烏	bad	phonetic_salad
melee	8098	A21F・アクス＝ソレンネ	A21F・阿庫蘇＝斯歐爾艾恩恩艾	bad	phonetic_salad
melee	8099	A31F・ファルコ＝ヴォラーレ	A31F・FA＝沃拉雷	ok	ok
melee	8100	A41F・ヴォルペ＝サルターレ	A41F・沃魯佩＝薩魯塔雷	ok	ok
melee	8101	Itin Ⅰ	伊提Ⅰ	ok	ok
melee	8102	Itin Ⅱ	伊提Ⅱ	ok	ok
melee	8103	Itin Ⅲ	伊提Ⅲ	ok	ok
melee	8104	Itin Ⅳ	伊提Ⅳ	ok	ok
melee	8105	Itin Terra	巨人・聖書	ok	ok
melee	8106	"Ulti Ⅰ ""Violet"""	終極Ⅰ【紫】	ok	ok
melee	8107	"Ulti Ⅱ ""Violet"""	終極Ⅱ【紫】	ok	ok
melee	8108	"Ulti Ⅲ ""Violet"""	終極Ⅲ【紫】	ok	ok
melee	8109	Ulti Saphirus	終極斯阿普哈伊爾烏斯	bad	phonetic_salad
melee	8110	Maladie	瑪拉迪艾	ok	ok
melee	8111	AF1F・セルモ・ハール	AF1F・瑟魯莫・哈魯	ok	ok
melee	8112	B01F・イノシダス	B01F・伊諾修伊達蘇	ok	ok
melee	8113	Prison Binding Mace	牢球紋章鎚	ok	ok
melee	8114	Infinity Knife	伊尼蒂刀	ok	ok
melee	8115	Awis knife	阿維斯刀	ok	ok
melee	8116	B41F・ヴォーラナイフ	B41F・沃拉娜伊芙	ok	ok
melee	8117	ダミー	假	ok	skip_empty_dummy
melee	8118	"Oni Knife ""Fang"""	鬼刀之牙	ok	ok
melee	8119	"Oni Knife ""Dual Horn"""	鬼刀雙之角	ok	ok
melee	8120	"Oni Knife ""Twin Fangs"""	鬼刀球紋章爾霧野	ok	ok
melee	8121	Engraved Oni Slicers	艾恩格爾阿維艾德鬼切	bad	phonetic_salad
melee	8122	Engraved Fear Slicers	艾恩格爾阿維艾德恐切	bad	phonetic_salad
melee	8123	Navar Ⅰ	納瓦爾Ⅰ	ok	ok
melee	8124	Navar Ⅱ	納瓦爾Ⅱ	ok	ok
melee	8125	Navar Ⅲ	納瓦爾Ⅲ	ok	ok
melee	8126	Navar Ⅳ	納瓦爾Ⅳ	ok	ok
melee	8127	Navar Luz	恩阿維阿爾魯茲	ok	ok
melee	8128	C01F・ネッラズーロ	C01F・恩艾恩爾阿茲烏爾	bad	phonetic_salad
melee	8129	C11F・ネッラズーロ・ザンナ	C11F・恩艾恩爾阿茲烏爾・茲阿恩恩阿	bad	phonetic_salad
melee	8130	C21F・ネッラズーロ・ラーマ	C21F・恩艾恩爾阿茲烏爾・拉瑪	bad	phonetic_salad
melee	8131	C31F・ネッラズーロ・ゼロス	C31F・恩艾恩爾阿茲烏爾・澤羅蘇	bad	phonetic_salad
melee	8132	"Aru Goru Ⅰ ""Red"""	阿魯戈魯Ⅰ【赤】	ok	ok
melee	8133	"Aru Goru Ⅱ ""Red"""	阿魯戈魯Ⅱ【赤】	ok	ok
melee	8134	"Aru Goru Ⅲ ""Red"""	阿魯戈魯Ⅲ【赤】	ok	ok
melee	8135	Viru Nikeus	炎火之理	ok	ok
melee	8136	"Aru Goru Ⅰ ""Yellow"""	阿魯戈魯Ⅰ【黄】	ok	ok
melee	8137	"Aru Goru Ⅱ ""Yellow"""	阿魯戈魯Ⅱ【黄】	ok	ok
melee	8138	"Aru Goru Ⅲ ""Yellow"""	阿魯戈魯Ⅲ【黄】	ok	ok
melee	8139	Magnafraus	姆阿格恩阿夫爾阿	bad	phonetic_salad
melee	8140	"Aru Goru Ⅰ ""Water"""	水阿魯戈魯Ⅰ	ok	ok
melee	8141	"Aru Goru Ⅱ ""Water"""	水阿魯戈魯Ⅱ	ok	ok
melee	8142	"Aru Goru Ⅲ ""Water"""	水阿魯戈魯Ⅲ	ok	ok
melee	8143	Amakaresu	澈水之理	ok	ok
melee	8144	"Aru Goru Ⅰ ""White"""	阿魯戈魯Ⅰ【白】	ok	ok
melee	8145	"Aru Goru Ⅱ ""White"""	阿魯戈魯Ⅱ【白】	ok	ok
melee	8146	"Aru Goru Ⅲ ""White"""	阿魯戈魯Ⅲ【白】	ok	ok
melee	8147	D31F・ドクトゥアーブス	D31F・多庫圖阿布蘇	ok	ok
melee	8148	"Aru Goru Ⅰ ""Black"""	阿魯戈魯Ⅰ【黑】	ok	ok
melee	8149	"Aru Goru Ⅱ ""Black"""	阿魯戈魯Ⅱ【黑】	ok	ok
melee	8150	"Aru Goru Ⅲ ""Black"""	阿魯戈魯Ⅲ【黑】	ok	ok
melee	8151	D71F・ファトゥスニグル	D71F・法圖蘇尼古魯	ok	ok
melee	8152	"Aru Goru Ⅰ ""Purple"""	阿魯戈魯Ⅰ【紫】	ok	ok
melee	8153	"Aru Goru Ⅱ ""Purple"""	阿魯戈魯Ⅱ【紫】	ok	ok
melee	8154	"Aru Goru Ⅲ ""Purple"""	阿魯戈魯Ⅲ【紫】	ok	ok
melee	8155	Favour	夫阿維歐烏爾	ok	ok
melee	8156	"Barrier ""S"""	布阿爾爾伊艾爾【S】	bad	phonetic_salad
melee	8157	"Barrier ""SS"""	布阿爾爾伊艾爾	ok	ok
melee	8158	"Barrier ""3S"""	布阿爾爾伊艾爾	ok	ok
melee	8159	"Barrier ""DoS"""	布阿爾爾伊艾爾	ok	ok
melee	8160	"Six Claw Flow ""Beauty"""	六爪流美	ok	ok
melee	8161	"Six Claw Flow ""Fang"""	六爪流之牙	ok	ok
melee	8162	"Six Claw Flow ""Dragon"""	竜六爪流	ok	ok
melee	8163	"Six Claw Flow ""Yinglong"""	六爪流	ok	ok
melee	8164	"Six Claw Flow ""Wardance"""	六爪流	ok	ok
melee	8165	"Six Claw Flow ""Drive"""	六爪流德伊維	ok	ok
melee	8166	"Six Claw Flow ""Break"""	六爪流折	ok	ok
melee	8167	"Six Claw Flow ""Bite"""	六爪流比特	ok	ok
melee	8168	"Six Claw Flow ""Emperor"""	六爪流帝	ok	ok
melee	8169	"Six Claw Flow ""Stygian"""	六爪流	ok	ok
melee	8170	"Dual Spear ""Shura"""	雙槍修烏拉	ok	ok
melee	8171	"Dual Spear ""Vermilion"""	"雙矛,窄 UI 引號
」,毛毒怪」"	ok	ok
melee	8172	EC1F・二槍【灼炎】	EC1F・二槍【灼炎】	ok	ok
melee	8173	"Dual Spear ""Acid Flame"""	"雙矛,窄 UI 引號
」,酸炎」"	ok	ok
melee	8174	"Dual Spear ""Heaven"""	"雙矛,窄 UI 引號
」,天」"	ok	ok
melee	8175	EF1F・二槍【紅牙】	EF1F・二槍【紅牙】	ok	ok
melee	8176	"Dual Spear ""Red Killer"""	"雙矛,窄 UI 引號
」,紅殺」"	ok	ok
melee	8177	"Dual Spear ""Red Grass"""	雙矛赤草	ok	ok
melee	8178	"Dual Spear ""Blazing"""	"雙矛,窄 UI 引號
」,熾」"	ok	ok
melee	8179	"Dual Spear ""Extinction"""	雙矛艾克斯特伊恩克特	ok	ok
melee	8180	Kanshou and Bakuya I	干將莫邪Ⅰ	ok	ok
melee	8181	Kanshou and Bakuya II	干將莫邪Ⅱ	ok	ok
melee	8182	Kanshou and Bakuya III	干將莫邪Ⅲ	ok	ok
melee	8183	Kanshou and Bakuya IV	干將莫邪Ⅳ	ok	ok
melee	8184	Kanshou and Bakuya V	干將莫邪Ⅴ	ok	ok
melee	8185	Zyli Vega	茲伊勒伊維加	ok	ok
melee	8186	FA1F・マルタ・メディリス	FA1F・TA・梅迪里蘇	ok	ok
melee	8187	Swift Glory	斯瓦伊夫特栄光	ok	ok
melee	8188	Double Strike	雙斯里凱	ok	ok
melee	8189	Dilsol	德伊勒斯歐勒	ok	ok
melee	8190	Infinity Double Axe	無限双斧	ok	ok
melee	8191	Awis Slicer	阿瓦伊斯斬撃	ok	ok
melee	8192	Vola Cutter	沃拉切斷	ok	ok
melee	8193	ダミー	假	ok	skip_empty_dummy
melee	8194	Bamboo Decoration	竹爾霧野	ok	ok
melee	8195	Heavenly Style Bamboo	天上流竹	ok	ok
melee	8196	Light Band Bamboo	光帶竹	ok	ok
melee	8197	Star Festival Bamboo	星祭典竹	ok	ok
melee	8198	Morning Glory Bamboo	姆歐爾恩伊恩格栄光竹	bad	phonetic_salad
melee	8199	Noble Lamina	貴族拉米娜	ok	ok
melee	8200	Noble Spada	貴族斯普阿德阿	ok	ok
melee	8201	Noble Klinge	貴族刃	ok	ok
melee	8202	Arthuverda	湛藍特異剣	ok	ok
melee	8203	0B20・イェル・ライゴ	0B20・耶爾・拉伊戈	ok	ok
melee	8204	0C20・イェル・エゴル	0C20・耶爾・艾戈魯	ok	ok
melee	8205	0D20・イェル・タグラ	0D20・耶爾・塔古拉	ok	ok
melee	8206	0E20・スプレィ・グラム	0E20・蘇普雷伊・古拉穆	ok	ok
melee	8207	0F20・スプレィ・ジーフ	0F20・蘇普雷伊・吉芙	ok	ok
melee	8208	1020・ラドゥ・ペルタ	1020・拉多烏・佩魯塔	ok	ok
melee	8209	1120・カレト・ライゴ	1120・可雷托・拉伊戈	ok	ok
melee	8210	1220・カレト・エゴル	1220・可雷托・艾戈魯	ok	ok
melee	8211	1320・カレト・タグラ	1320・可雷托・塔古拉	ok	ok
melee	8212	1420・レムニス・グラム	1420・雷穆尼蘇・古拉穆	ok	ok
melee	8213	1520・レムニス・ディーゴ	1520・雷穆尼蘇・迪戈	ok	ok
melee	8214	1620・ラドゥ・リーズ	1620・拉多烏・里祖	ok	ok
melee	8215	1720・スロムⅠ	1720・斯洛姆Ⅰ	ok	ok
melee	8216	1820・スロムⅡ	1820・斯洛姆Ⅱ	ok	ok
melee	8217	1920・スロムⅢ	1920・斯洛姆Ⅲ	ok	ok
melee	8218	1A20・スロムⅣ	1A20・斯洛姆Ⅳ	ok	ok
melee	8219	Skull Tess	顱特艾斯斯	ok	ok
melee	8220	Excalibur	王者之剣	ok	ok
melee	8221	Sword of Prom. Victory Ⅰ	誓約勝利之剣Ⅰ	ok	ok
melee	8222	Sword of Prom. Victory Ⅱ	誓約勝利之剣Ⅱ	ok	ok
melee	8223	Sword of Prom. Victory Ⅲ	誓約勝利之剣Ⅲ	ok	ok
melee	8224	Sword of Prom. Victory Ⅳ	誓約勝利之剣Ⅳ	ok	ok
melee	8225	Sword of Prom. Victory Ⅴ	誓約勝利之剣Ⅴ	ok	ok
melee	8226	Cardorist	克阿爾德歐爾伊斯	bad	phonetic_salad
melee	8227	2320・アグロメスト	2320・阿古羅梅蘇托	ok	ok
melee	8228	2420・ディグザイラ	2420・迪古扎伊拉	ok	ok
melee	8229	Fallen Dusk	夫阿勒勒艾恩黄昏	bad	phonetic_salad
melee	8230	Void Ring	維歐伊德環	ok	ok
melee	8231	Infinity Blade	伊尼蒂刃	ok	ok
melee	8232	Awis Blade	阿維斯刃	ok	ok
melee	8233	Vora Sword	沃拉剣	ok	ok
melee	8234	ダミー	假	ok	skip_empty_dummy
melee	8235	Raid Ⅰ	突襲Ⅰ	ok	ok
melee	8236	Raid Ⅱ	突襲Ⅱ	ok	ok
melee	8237	Raid Ⅲ	突襲Ⅲ	ok	ok
melee	8238	Raid Ⅳ	突襲Ⅳ	ok	ok
melee	8239	2F20・レド・モトゥム	2F20・雷多・莫圖穆	ok	ok
melee	8240	Taikun Sword	多殼蟹剣	ok	ok
melee	8241	"Taikun Sword ""Gentian"""	多殼蟹剣【竜胆】	ok	ok
melee	8242	"Taikun Sword ""Asterid"""	多殼蟹剣【翠菊】	ok	ok
melee	8243	"Taikun Katana ""Gentian"""	多殼蟹刀【竜胆】	ok	ok
melee	8244	R.Taikun Katana	R・太君刀	ok	ok
melee	8245	"R.Taikun Sword ""Gentian"""	"R・太君剣,窄 UI 引號
」,竜膽」"	ok	ok
melee	8246	"R.Taikun Sword ""Asterid"""	"R・太君剣,窄 UI 引號
」,翠菊」"	ok	ok
melee	8247	"R.Taikun Katana""Gentian"""	多殼鋼貫朱刀【竜膽】	ok	ok
melee	8248	J.Taikun Sword	J・太君剣	ok	ok
melee	8249	"J.Taikun Sword ""Asterid"""	"J・太君剣,窄 UI 引號
」,翠菊」"	ok	ok
melee	8250	"J.Taikun Sword ""Gentian"""	"J・太君剣,窄 UI 引號
」,竜膽」"	ok	ok
melee	8251	"J.Taikun Katana""Gentian"""	多殼鋼貫碧刀【竜膽】	ok	ok
melee	8252	Pain Delight	痛悅	ok	ok
melee	8253	Sweet Pain	甘痛	ok	ok
melee	8254	Gorgeous Pain	華麗痛	ok	ok
melee	8255	Eternal Pain	永恆痛	ok	ok
melee	8256	"Itto-ryu ""Beauty"""	竜一刀美	ok	ok
melee	8257	"Itto-ryu ""Fang"""	竜之一刀牙	ok	ok
melee	8258	"Itto-ryu ""Dragon"""	竜一刀【竜】	ok	ok
melee	8259	"Itto-ryu ""Yinglong"""	一刀竜	ok	ok
melee	8260	"Itto-ryu ""Wardance"""	一刀竜	ok	ok
melee	8261	"Itto-ryu ""Drive"""	竜一刀德伊維	ok	ok
melee	8262	"Itto-ryu ""Break"""	竜一刀折	ok	ok
melee	8263	"Itto-ryu ""Bite"""	竜一刀比特	ok	ok
melee	8264	"Itto-ryu ""Emperor"""	竜一刀帝	ok	ok
melee	8265	"Itto-ryu ""Stygian"""	竜一刀冥	ok	ok
melee	8266	"Azure Lightedge ""Dai"""	蒼勒伊格哈特艾德格達伊	bad	phonetic_salad
melee	8267	"Gilded Lightedge ""Dai"""	格伊勒德艾德勒伊格哈特艾德格達伊	bad	phonetic_salad
melee	8268	"Azure Lightedge ""Dai"""	蒼勒伊格哈特艾德格達伊	bad	phonetic_salad
melee	8269	"Gilded Lightedge ""Dai"""	格伊勒德艾德勒伊格哈特艾德格達伊	bad	phonetic_salad
melee	8270	Gold Sword of Victory Ⅰ	應勝黄金剣Ⅰ	ok	ok
melee	8271	Gold Sword of Victory Ⅱ	應勝黄金剣Ⅱ	ok	ok
melee	8272	Gold Sword of Victory Ⅲ	應勝黄金剣Ⅲ	ok	ok
melee	8273	Gold Sword of Victory Ⅳ	應勝黄金剣Ⅳ	ok	ok
melee	8274	Gold Sword of Victory Ⅴ	應勝黄金剣Ⅴ	ok	ok
melee	8275	Fiducito	菲杜西托	ok	ok
melee	8276	Fortissimo	夫歐爾特伊斯斯伊	bad	phonetic_salad
melee	8277	"Dragonreaper ""Prison"""	德爾阿格歐恩爾艾獄	bad	phonetic_salad
melee	8278	Votom Wave	維歐特歐姆波	ok	ok
melee	8279	"Shockscythe ""Prison"""	"斯哈歐克克鎌,窄 UI 引號
」,獄」"	bad	phonetic_salad
melee	8280	Infinity Sword	伊尼蒂剣	ok	ok
melee	8281	Awis Sword	阿維斯剣	ok	ok
melee	8282	Vola Edge	沃拉刃	ok	ok
melee	8283	ダミー	假	ok	skip_empty_dummy
melee	8284	Schrade Smasher	斯克哈爾阿德艾斯姆阿斯哈艾爾	bad	phonetic_salad
melee	8285	Schrade Breaker	迷霧破壞	ok	ok
melee	8286	Schrade Basher	迷霧亂撃	ok	ok
melee	8287	5F20・ラズロティスモ	5F20・拉祖羅提蘇莫	ok	ok
melee	8288	6020・ズィゲンティスモ	6020・茲烏伊格艾恩特伊	bad	phonetic_salad
melee	8289	6120・グロール・スマッシャ	6120・古羅魯・斯烏姆阿姆斯哈阿	bad	phonetic_salad
melee	8290	6220・グロール・ブレイカー	6220・古羅魯・布雷伊可	ok	ok
melee	8291	6320・グロール・バッシュ	6320・古羅魯・布阿布斯哈烏	bad	phonetic_salad
melee	8292	6420・ディオメールン	6420・德伊歐姆艾爾烏恩	bad	phonetic_salad
melee	8293	6520・ディオフェール	6520・迪歐菲魯	ok	ok
melee	8294	6620・ジャルキ・スマッシャ	6620・雅魯奇・斯烏姆阿姆斯哈阿	bad	phonetic_salad
melee	8295	6720・ジャルキ・ブレイカー	6720・雅魯奇・布雷伊可	ok	ok
melee	8296	6820・ジャルキ・バッシュ	6820・雅魯奇・布阿布斯哈烏	bad	phonetic_salad
melee	8297	6920・ヴァダー・スマッシャ	6920・瓦達・斯烏姆阿姆斯哈阿	bad	phonetic_salad
melee	8298	6A20・ヴァダー・ブレイカー	6A20・瓦達・布雷伊可	ok	ok
melee	8299	6B20・ヴァダー・バッシュ	6B20・瓦達・布阿布斯哈烏	bad	phonetic_salad
melee	8300	Astra Smasher	阿斯拉粉碎	ok	ok
melee	8301	Astra Breaker	阿斯拉破壞	ok	ok
melee	8302	Astra Bash	阿斯拉猛撃	ok	ok
melee	8303	6F20・コンヘラ・スマッシャ	6F20・克歐恩哈艾爾阿・斯烏姆阿姆斯哈阿	bad	phonetic_salad
melee	8304	7020・コンヘラ・ブレイカー	7020・克歐恩哈艾爾阿・布雷伊可	bad	phonetic_salad
melee	8305	7120・コンヘラ・バッシュ	7120・克歐恩哈艾爾阿・布阿布斯哈烏	bad	phonetic_salad
melee	8306	7220・ベンティカスタナ	7220・布艾恩特伊克阿斯	bad	phonetic_salad
melee	8307	7320・ベンティスブロウ	7320・布艾恩特伊斯烏布	bad	phonetic_salad
melee	8308	Igla Ⅰ	針Ⅰ	ok	ok
melee	8309	Igla Ⅱ	針Ⅱ	ok	ok
melee	8310	Igla Ⅲ	針Ⅲ	ok	ok
melee	8311	Igla Ⅳ	針Ⅳ	ok	ok
melee	8312	Igla Arama	伊格阿阿拉瑪	ok	ok
melee	8313	"Strafe Ⅰ ""Violet"""	斯拉菲Ⅰ【紫】	ok	ok
melee	8314	"Strafe Ⅱ ""Violet"""	斯拉菲Ⅱ【紫】	ok	ok
melee	8315	"Strafe Ⅲ ""Violet"""	斯拉菲Ⅲ【紫】	ok	ok
melee	8316	Strafe Lapiths	斯拉菲勒阿普伊特哈斯	bad	phonetic_salad
melee	8317	"New Sleep Ball ""Purple"""	睡眠新球【紫】	ok	ok
melee	8318	7E20・新スリープロック・紫	7E20・新斯烏爾伊普烏爾歐・紫	bad	phonetic_salad
melee	8319	7F20・新スリープアイス・紫	7F20・新蘇里普阿伊蘇・紫	ok	ok
melee	8320	8020・新アイスの実・紫	8020・新阿伊蘇実・紫	ok	ok
melee	8321	"New Sleep Ball ""Peach"""	睡眠新球桃	ok	ok
melee	8322	"New Sleep Lock ""Peach"""	睡眠新鎖定桃	ok	ok
melee	8323	"New Sleep Ice ""Peach"""	睡眠新氷桃	ok	ok
melee	8324	"New Ice Cream ""Peach"""	新氷乳桃	ok	ok
melee	8325	"New Sleep Ball ""Orange"""	睡眠新球橙	ok	ok
melee	8326	"New Sleep Lock ""Orange"""	睡眠新鎖定橙	ok	ok
melee	8327	"New Sleep Ice ""Orange"""	睡眠新氷橙	ok	ok
melee	8328	"New Ice Fruit ""Orange"""	新氷果實橙	ok	ok
melee	8329	"New Sleep Ball ""Yellow"	睡眠新球黄	ok	ok
melee	8330	"New Sleep Lock ""Yellow"	睡眠新鎖定黄	ok	ok
melee	8331	"New Sleep Ice ""Yellow"	睡眠新氷黄	ok	ok
melee	8332	"New Ice Cream ""Yellow"	新氷乳黄	ok	ok
melee	8333	Fruity Sleep Ball	果實睡眠球	ok	ok
melee	8334	Thick Sleep Ice	厚睡眠冰	ok	ok
melee	8335	Ice Fruit	冰之果實	ok	ok
melee	8336	Fruity Sleep Ball	果實睡眠球	ok	ok
melee	8337	Thick Sleep Ice	厚睡眠冰	ok	ok
melee	8338	Ice Fruit	冰之果實	ok	ok
melee	8339	Fruity Sleep Ball	果實睡眠球	ok	ok
melee	8340	Thick Sleep Ice	厚睡眠冰	ok	ok
melee	8341	Ice Fruit	冰之果實	ok	ok
melee	8342	Fruity Sleep Ball	果實睡眠球	ok	ok
melee	8343	Thick Sleep Ice	厚睡眠冰	ok	ok
melee	8344	Ice Fruit	冰之果實	ok	ok
melee	8345	Fruity Sleep Ball	果實睡眠球	ok	ok
melee	8346	Thick Sleep Ice	厚睡眠冰	ok	ok
melee	8347	Ice Fruit	冰之果實	ok	ok
melee	8348	Fruity Sleep Ball	果實睡眠球	ok	ok
melee	8349	Thick Sleep Ice	厚睡眠冰	ok	ok
melee	8350	Ice Fruit	冰之果實	ok	ok
melee	8351	Fruity Sleep Ball	果實睡眠球	ok	ok
melee	8352	Thick Sleep Ice	厚睡眠冰	ok	ok
melee	8353	Ice Fruit	冰之果實	ok	ok
melee	8354	Fruity Sleep Ball	果實睡眠球	ok	ok
melee	8355	Thick Sleep Ice	厚睡眠冰	ok	ok
melee	8356	Ice Fruit	冰之果實	ok	ok
melee	8357	Miku Solo	未來索洛	ok	ok
melee	8358	Miku Duo	未來雙	ok	ok
melee	8359	Miku Trio	未來特伊歐	ok	ok
melee	8360	Miku Quartet	未來奎烏阿爾特艾特	bad	phonetic_salad
melee	8361	Miku Quintet	未來奎烏伊恩特艾特	bad	phonetic_salad
melee	8362	Hatsune Solo Vocals	初音索洛歌聲	ok	ok
melee	8363	Hatsune Duo Vocals	初音雙歌聲	ok	ok
melee	8364	Hatsune Trio Vocals	初音特伊歐歌聲	ok	ok
melee	8365	Hatsune Quartet Vocals	初音奎烏阿爾特艾特歌聲	bad	phonetic_salad
melee	8366	Hatsune Quintet Vocals	初音奎烏伊恩特艾特歌聲	bad	phonetic_salad
melee	8367	Absolute Crasher	絶対克爾阿斯哈艾爾	bad	phonetic_salad
melee	8368	B020・エヒトス	B020・艾希托蘇	ok	ok
melee	8369	Infinity Mace	伊尼蒂鎚	ok	ok
melee	8370	Awis Hammer	阿維斯大錘	ok	ok
melee	8371	Vola Mace	沃拉鎚	ok	ok
melee	8372	ダミー	假	ok	skip_empty_dummy
melee	8373	B520・ジアル・リアゴ	B520・吉阿爾・里阿戈	ok	ok
melee	8374	B620・ジアル・クドラ	B620・吉阿爾・庫多拉	ok	ok
melee	8375	B720・ジアル・ゴノ	B720・吉阿爾・戈諾	ok	ok
melee	8376	B820・カネレ・エザー	B820・可涅雷・艾扎	ok	ok
melee	8377	B920・カネレ・パーン	B920・可涅雷・普阿恩	ok	ok
melee	8378	BA20・フェーリ・エラス	BA20・菲里・艾拉蘇	ok	ok
melee	8379	BB20・ブル・リアゴ	BB20・布爾・里阿戈	ok	ok
melee	8380	BC20・ブル・クドラ	ＢＣ20・布爾・庫多拉	ok	ok
melee	8381	BD20・ブル・ゴノ	BD20・布爾・戈諾	ok	ok
melee	8382	BE20・マエロル・エザー	BE20・瑪艾羅魯・艾扎	ok	ok
melee	8383	BF20・マロエル・パーン	BF20・瑪羅艾魯・普阿恩	ok	ok
melee	8384	C020・ラエティ・エラス	C020・拉艾提・艾拉蘇	ok	ok
melee	8385	Miku Key Solo	未來調索洛	ok	ok
melee	8386	Miku Key Duo	未來調雙	ok	ok
melee	8387	Miku Key Trio	未來調特伊歐	ok	ok
melee	8388	Miku Key Quartet	未來鍵奎烏阿爾特艾特	bad	phonetic_salad
melee	8389	Miku Key Quintet	未來鍵奎烏伊恩特艾特	bad	phonetic_salad
melee	8390	Hatsune Key Solo	初音調索洛	ok	ok
melee	8391	Hatsune Key Duo	初音調雙	ok	ok
melee	8392	Hatsune Key Trio	初音調特伊歐	ok	ok
melee	8393	Hatsune Key Quartet	初音鍵奎烏阿爾特艾特	bad	phonetic_salad
melee	8394	Hatsune Key Quintet	初音鍵奎烏伊恩特艾特	bad	phonetic_salad
melee	8395	Sona Strings	索娜斯特爾伊恩格斯	bad	phonetic_salad
melee	8396	"Nyachuko ""Music"""	恩伊阿克哈烏克歐音樂	bad	phonetic_salad
melee	8397	CD20・デュリオス	CD20・杜里歐蘇	ok	ok
melee	8398	Infinity Horn	伊尼蒂角	ok	ok
melee	8399	Awis Horn	阿維斯角	ok	ok
melee	8400	Vola Trumpet	沃拉號角	ok	ok
melee	8401	Noble Lance	長槍貴族	ok	ok
melee	8402	Noble Spear	貴族槍	ok	ok
melee	8403	Noble Kris	貴族波刃	ok	ok
melee	8404	Arthulympia	阿爾特哈烏勒伊姆	bad	phonetic_salad
melee	8405	Golden Tears Ⅰ	黄金之涙Ⅰ	ok	ok
melee	8406	Golden Tears Ⅱ	黄金之涙Ⅱ	ok	ok
melee	8407	Golden Tears Ⅲ	黄金之涙Ⅲ	ok	ok
melee	8408	Golden Tears Ⅳ	黄金之涙Ⅳ	ok	ok
melee	8409	Silver Tears Ⅰ	白銀之涙Ⅰ	ok	ok
melee	8410	Silver Tears Ⅱ	白銀之涙Ⅱ	ok	ok
melee	8411	Silver Tears Ⅲ	白銀之涙Ⅲ	ok	ok
melee	8412	Silver Tears Ⅳ	白銀之涙Ⅳ	ok	ok
melee	8413	Bronze Tears Ⅰ	青銅之涙Ⅰ	ok	ok
melee	8414	Bronze Tears Ⅱ	青銅之涙Ⅱ	ok	ok
melee	8415	Bronze Tears Ⅲ	青銅之涙Ⅲ	ok	ok
melee	8416	Bronze Tears Ⅳ	青銅之涙Ⅳ	ok	ok
melee	8417	"Port Lance Ⅰ ""Lead"""	港槍Ⅰ鉛	ok	ok
melee	8418	"Port Lance Ⅱ ""Lead"""	港槍Ⅱ鉛	ok	ok
melee	8419	"Port Lance Ⅲ ""Lead"""	港槍Ⅲ鉛	ok	ok
melee	8420	Ordina Teur	歐爾德伊恩阿特艾烏爾	bad	phonetic_salad
melee	8421	"Port Lance Ⅰ ""Blue"""	港槍Ⅰ青	ok	ok
melee	8422	"Port Lance Ⅱ ""Blue"""	港槍Ⅱ青	ok	ok
melee	8423	"Port Lance Ⅲ ""Blue"""	港槍Ⅲ青	ok	ok
melee	8424	Perzonal	普艾爾茲歐恩阿勒	bad	phonetic_salad
melee	8425	"Port Lance Ⅰ ""Red"""	港槍Ⅰ【赤】	ok	ok
melee	8426	"Port Lance Ⅱ ""Red"""	港槍Ⅱ【赤】	ok	ok
melee	8427	"Port Lance Ⅲ ""Red"""	港槍Ⅲ【赤】	ok	ok
melee	8428	Computero	克歐姆普烏特艾爾	bad	phonetic_salad
melee	8429	"Port Lance Ⅰ ""Yellow"""	港槍Ⅰ【黄】	ok	ok
melee	8430	"Port Lance Ⅱ ""Yellow"""	港槍Ⅱ【黄】	ok	ok
melee	8431	"Port Lance Ⅲ ""Yellow"""	港槍Ⅲ【黄】	ok	ok
melee	8432	Prozopikos	普爾歐茲歐普伊克	bad	phonetic_salad
melee	8433	"Port Lance Ⅰ ""White"""	港槍Ⅰ【白】	ok	ok
melee	8434	"Port Lance Ⅱ ""White"""	港槍Ⅱ【白】	ok	ok
melee	8435	"Port Lance Ⅲ ""White"""	港槍Ⅲ【白】	ok	ok
melee	8436	F420・ピルサナーリヌイ	F420・皮魯薩娜里努伊	ok	ok
melee	8437	"Port Lance Ⅰ ""Black"""	港槍Ⅰ【黑】	ok	ok
melee	8438	"Port Lance Ⅱ ""Black"""	港槍Ⅱ【黑】	ok	ok
melee	8439	"Port Lance Ⅲ ""Black"""	港槍Ⅲ【黑】	ok	ok
melee	8440	F820・ペイセイ	F820・佩伊瑟伊	ok	ok
melee	8441	"CrossLance ""Shura"""	長槍十修烏拉	ok	ok
melee	8442	"CrossLance ""Vermilion"""	"十字長槍,窄 UI 引號
」,毛毒怪」"	ok	ok
melee	8443	"CrossLance ""Flaming"""	"十字長槍,窄 UI 引號
」,炎」"	ok	ok
melee	8444	"CrossLance ""Acid Flame"""	"十字長槍,窄 UI 引號
」,酸炎」"	ok	ok
melee	8445	"CrossLance""Heaven"""	長槍十字【天】	ok	ok
melee	8446	"CrossLance ""Red Tooth"""	"十字長槍,窄 UI 引號
」,紅齒」"	ok	ok
melee	8447	"CrossLance ""Red Killer"""	"十字長槍,窄 UI 引號
」,紅殺」"	ok	ok
melee	8448	"CrossLance""Red Grass"""	十槍赤草	ok	ok
melee	8449	"CrossLance ""Flamewheel"""	長槍十夫勒阿姆艾瓦哈艾	bad	phonetic_salad
melee	8450	"CrossLance ""Extinction"""	十槍艾克斯特伊恩克特	bad	phonetic_salad
melee	8451	Asgard	地獄戦士長槍	ok	ok
melee	8452	0421・エルダムド	0421・艾魯達穆多	ok	ok
melee	8453	0521・パティエール	0521・波蒂埃爾	ok	ok
melee	8454	Infinity Lance	伊尼蒂長槍	ok	ok
melee	8455	Awis Lance	阿維斯長槍	ok	ok
melee	8456	Vola Lance	沃拉長槍	ok	ok
melee	8457	ダミー	假	ok	skip_empty_dummy
melee	8458	Altra Wasser	阿勒特爾阿瓦阿斯斯艾爾	bad	phonetic_salad
melee	8459	0B21・アルトラ・ゲイザー	0B21・阿魯托拉・格伊扎	ok	ok
melee	8460	0C21・アルトラ・ディウム	0C21・阿魯托拉・迪烏穆	ok	ok
melee	8461	0D21・プロケラエフィア	0D21・普羅凱拉艾	ok	ok
melee	8462	0E21・ニンブスエフィア	0E21・恩伊恩布烏斯烏艾	bad	phonetic_salad
melee	8463	0F21・エーア・クティ	0F21・EA・庫提	ok	ok
melee	8464	1021・エーア・ルプス	1021・EA・魯普蘇	ok	ok
melee	8465	1121・エーア・ベスティ	1121・EA・貝蘇提	ok	ok
melee	8466	1221・アウジーエクサル	1221・阿烏吉艾庫薩魯	ok	ok
melee	8467	1321・ベルヴァエクサル	1321・貝魯瓦艾庫薩魯	ok	ok
melee	8468	1421・フラム・カリュプ	1421・芙拉穆・可里烏普	ok	ok
melee	8469	1521・フラム・クストス	1521・芙拉穆・庫蘇托蘇	ok	ok
melee	8470	1621・フラム・アルドル	1621・芙拉穆・阿爾多爾	ok	ok
melee	8471	1721・リェチ・カリュプ	1721・里艾奇伊・可里烏普	ok	ok
melee	8472	1821・リェチ・クストス	1821・里艾奇伊・庫蘇托蘇	ok	ok
melee	8473	1921・リェチ・アルドル	1921・里艾奇伊・阿爾多爾	ok	ok
melee	8474	1A21・エクレール・カリュプ	1A21・艾庫雷魯・可里烏普	ok	ok
melee	8475	1B21・エクレール・クストス	1B21・艾庫雷魯・庫蘇托蘇	ok	ok
melee	8476	1C21・エクレール・アルドル	1C21・艾庫雷魯・阿爾多爾	ok	ok
melee	8477	1D21・ハロード・カリュプ	1D21・哈羅多・可里烏普	ok	ok
melee	8478	1E21・ハロード・クストス	1E21・哈羅多・庫蘇托蘇	ok	ok
melee	8479	1F21・ハロード・アルドル	1F21・哈羅多・阿爾多爾	ok	ok
melee	8480	2021・アガトヴァランガ	2021・阿加托瓦拉恩阿	bad	phonetic_salad
melee	8481	2121・ラスカーヴァランガ	2121・拉蘇可瓦拉恩阿	bad	phonetic_salad
melee	8482	Ibol Ⅰ	伊博爾Ⅰ	ok	ok
melee	8483	Ibol Ⅱ	伊博爾Ⅱ	ok	ok
melee	8484	Ibol Ⅲ	伊博爾Ⅲ	ok	ok
melee	8485	Ibol Ⅳ	伊博爾Ⅳ	ok	ok
melee	8486	Ibo Ria	伊波里阿	ok	ok
melee	8487	Ixaga Cannon	伊克斯阿加砲	ok	ok
melee	8488	Ixaga Force	伊克斯阿加力	ok	ok
melee	8489	Ixaga Gazer	伊克傳説凝視者	ok	ok
melee	8490	Ixaga Blaze	伊克斯阿加炎	ok	ok
melee	8491	Excalibur	王者之剣	ok	ok
melee	8492	"FMX ""Slim"""	夫姆克斯	ok	ok
melee	8493	Arthur Gaze	阿爾蒂爾凝視	ok	ok
melee	8494	Maelstrom	大渦	ok	ok
melee	8495	Infinity Cannon	伊尼蒂加農砲	ok	ok
melee	8496	Awis Gunlance	阿維斯銃槍	ok	ok
melee	8497	Vola Gunlance	沃拉銃槍	ok	ok
melee	8498	Shipler Knife	希普蕾拉刀	ok	ok
melee	8499	Berum Knife SPⅠ	貝魯姆刀【ＳＰ】Ⅰ	ok	ok
melee	8500	Berum Knife SPⅣ	貝魯姆刀【ＳＰ】Ⅳ	ok	ok
melee	8501	Berum Knife SPⅦ	貝魯姆刀【ＳＰ】Ⅶ	ok	ok
melee	8502	Torem Knife	托雷姆刀	ok	ok
melee	8503	Shipler Double Axe	斯哈伊普勒艾爾双斧	bad	type_phonetic
melee	8504	Berum Double Axe SPⅠ	貝魯姆双斧ＳＰⅠ	ok	ok
melee	8505	Berum Double Axe SPⅣ	貝魯姆双斧ＳＰⅣ	ok	ok
melee	8506	Berum Double Axe SPⅦ	貝魯姆双斧ＳＰⅦ	ok	ok
melee	8507	Torem Double Axe	特歐爾艾姆双斧	ok	ok
melee	8508	Shipler Blade	希普蕾拉刃	ok	ok
melee	8509	Berum Blade SPⅠ	貝魯姆刃【ＳＰ】Ⅰ	ok	ok
melee	8510	Berum Blade SPⅣ	貝魯姆刃【ＳＰ】Ⅳ	ok	ok
melee	8511	Berum Blade SPⅦ	貝魯姆刃【ＳＰ】Ⅶ	ok	ok
melee	8512	Torem Blade	托雷姆刃	ok	ok
melee	8513	Shipler Sword	希普蕾拉剣	ok	ok
melee	8514	Berum Sword SPⅠ	貝魯姆剣【ＳＰ】Ⅰ	ok	ok
melee	8515	Berum Sword SPⅣ	貝魯姆剣【ＳＰ】Ⅳ	ok	ok
melee	8516	Berum Sword SPⅦ	貝魯姆剣【ＳＰ】Ⅶ	ok	ok
melee	8517	Torem Sword	托雷姆剣	ok	ok
melee	8518	Shipler Lance	希普蕾拉長槍	ok	ok
melee	8519	Berum Lance SPⅠ	貝魯姆長槍【ＳＰ】Ⅰ	ok	ok
melee	8520	Berum Lance SPⅣ	貝魯姆長槍【ＳＰ】Ⅳ	ok	ok
melee	8521	Berum Lance SPⅦ	貝魯姆長槍【ＳＰ】Ⅶ	ok	ok
melee	8522	Torem Lance	托雷姆長槍	ok	ok
melee	8523	Shipler Cannon	希普蕾拉加農砲	ok	ok
melee	8524	Berum Cannon SPⅠ	貝魯姆加農砲【ＳＰ】Ⅰ	ok	ok
melee	8525	Berum Cannon SPⅣ	貝魯姆加農砲【ＳＰ】Ⅳ	ok	ok
melee	8526	Berum Cannon SPⅦ	貝魯姆加農砲【ＳＰ】Ⅶ	ok	ok
melee	8527	Torem Cannon	托雷姆加農砲	ok	ok
melee	8528	Shipler Mace	希普蕾拉鎚	ok	ok
melee	8529	Berum Mace SPⅠ	貝魯姆鎚【ＳＰ】Ⅰ	ok	ok
melee	8530	Berum Mace SPⅣ	貝魯姆鎚【ＳＰ】Ⅳ	ok	ok
melee	8531	Berum Mace SPⅦ	貝魯姆鎚【ＳＰ】Ⅶ	ok	ok
melee	8532	Torem Mace	托雷姆鎚	ok	ok
melee	8533	Shipler Horn	希普蕾拉角	ok	ok
melee	8534	Berum Horn SPⅠ	貝魯姆角【ＳＰ】Ⅰ	ok	ok
melee	8535	Berum Horn SPⅣ	貝魯姆角【ＳＰ】Ⅳ	ok	ok
melee	8536	Berum Horn SPⅦ	貝魯姆角【ＳＰ】Ⅶ	ok	ok
melee	8537	Torem Horn	托雷姆角	ok	ok
melee	8538	ダミー	假	ok	skip_empty_dummy
melee	8539	ダミー	假	ok	skip_empty_dummy
melee	8540	ダミー	假	ok	skip_empty_dummy
melee	8541	ダミー	假	ok	skip_empty_dummy
melee	8542	ダミー	假	ok	skip_empty_dummy
melee	8543	ダミー	假	ok	skip_empty_dummy
melee	8544	ダミー	假	ok	skip_empty_dummy
melee	8545	ダミー	假	ok	skip_empty_dummy
melee	8546	ダミー	假	ok	skip_empty_dummy
melee	8547	ダミー	假	ok	skip_empty_dummy
melee	8548	ダミー	假	ok	skip_empty_dummy
melee	8549	ダミー	假	ok	skip_empty_dummy
melee	8550	ダミー	假	ok	skip_empty_dummy
melee	8551	ダミー	假	ok	skip_empty_dummy
melee	8552	ダミー	假	ok	skip_empty_dummy
melee	8553	ダミー	假	ok	skip_empty_dummy
melee	8554	ダミー	假	ok	skip_empty_dummy
melee	8555	ダミー	假	ok	skip_empty_dummy
melee	8556	ダミー	假	ok	skip_empty_dummy
melee	8557	ダミー	假	ok	skip_empty_dummy
melee	8558	ダミー	假	ok	skip_empty_dummy
melee	8559	ダミー	假	ok	skip_empty_dummy
melee	8560	ダミー	假	ok	skip_empty_dummy
melee	8561	ダミー	假	ok	skip_empty_dummy
melee	8562	ダミー	假	ok	skip_empty_dummy
melee	8563	ダミー	假	ok	skip_empty_dummy
melee	8564	ダミー	假	ok	skip_empty_dummy
melee	8565	ダミー	假	ok	skip_empty_dummy
melee	8566	ダミー	假	ok	skip_empty_dummy
melee	8567	ダミー	假	ok	skip_empty_dummy
melee	8568	ダミー	假	ok	skip_empty_dummy
melee	8569	ダミー	假	ok	skip_empty_dummy
melee	8570	ダミー	假	ok	skip_empty_dummy
melee	8571	ダミー	假	ok	skip_empty_dummy
melee	8572	ダミー	假	ok	skip_empty_dummy
melee	8573	ダミー	假	ok	skip_empty_dummy
melee	8574	ダミー	假	ok	skip_empty_dummy
melee	8575	ダミー	假	ok	skip_empty_dummy
melee	8576	ダミー	假	ok	skip_empty_dummy
melee	8577	ダミー	假	ok	skip_empty_dummy
melee	8578	ダミー	假	ok	skip_empty_dummy
melee	8579	ダミー	假	ok	skip_empty_dummy
melee	8580	ダミー	假	ok	skip_empty_dummy
melee	8581	ダミー	假	ok	skip_empty_dummy
melee	8582	ダミー	假	ok	skip_empty_dummy
melee	8583	ダミー	假	ok	skip_empty_dummy
melee	8584	ダミー	假	ok	skip_empty_dummy
melee	8585	ダミー	假	ok	skip_empty_dummy
melee	8586	ダミー	假	ok	skip_empty_dummy
melee	8587	ダミー	假	ok	skip_empty_dummy
melee	8588	ダミー	假	ok	skip_empty_dummy
melee	8589	ダミー	假	ok	skip_empty_dummy
melee	8590	ダミー	假	ok	skip_empty_dummy
melee	8591	ダミー	假	ok	skip_empty_dummy
melee	8592	ダミー	假	ok	skip_empty_dummy
melee	8593	ダミー	假	ok	skip_empty_dummy
melee	8594	ダミー	假	ok	skip_empty_dummy
melee	8595	ダミー	假	ok	skip_empty_dummy
melee	8596	ダミー	假	ok	skip_empty_dummy
melee	8597	ダミー	假	ok	skip_empty_dummy
melee	8598	ダミー	假	ok	skip_empty_dummy
melee	8599	ダミー	假	ok	skip_empty_dummy
melee	8600	ダミー	假	ok	skip_empty_dummy
melee	8601	Kut-Ku Ripper	怪鳥裂	ok	ok
melee	8602	Dual Kut-Ku	怪鳥雙	ok	ok
melee	8603	Monster Blade	魔物刃	ok	ok
melee	8604	Ephemerality Nodachi	艾普哈艾姆艾爾阿諾達奇伊	bad	phonetic_salad
melee	8605	Kut-ku Digger	怪鳥採掘者	ok	ok
melee	8606	Kut-Ku Basson	庫庫布阿斯斯歐恩	bad	phonetic_salad
melee	8607	Sharp Prick	SHＲPPＲⅠＣｋ	ok	ok
melee	8608	Hard Gunlance	銃槍硬	ok	ok
melee	8609	A121・アスタグラーボ	A121・阿蘇塔古拉波	ok	ok
melee	8610	Asta Tondiro	阿斯阿特歐恩德伊爾歐	bad	phonetic_salad
melee	8611	Asta Spard	阿斯阿斯普阿爾德	bad	phonetic_salad
melee	8612	Asta Tarantillo	阿斯阿特阿爾阿恩特伊勒	bad	phonetic_salad
melee	8613	Asta Martello	阿斯阿姆阿爾特艾勒勒歐	bad	phonetic_salad
melee	8614	A621・アスタムジキーロ	A621・阿蘇塔穆吉奇羅	ok	ok
melee	8615	Asta Ranzo	阿斯阿爾阿恩茲歐	bad	phonetic_salad
melee	8616	Asta Artillerio	阿斯阿阿爾特伊勒勒艾爾	bad	phonetic_salad
melee	8617	Shira Fluff	抑制螺流浪紫	ok	ok
melee	8618	Shira Kuriko	抑制螺庫里科	ok	ok
melee	8619	Shira Revans	席拉・復仇	ok	ok
melee	8620	Fall Vene	落維涅	ok	ok
melee	8621	Isamvere	伊薩姆維爾	ok	ok
melee	8622	Fermemina	費爾美米納	ok	ok
melee	8623	AF21・フォールクレス	AF21・佛魯庫雷蘇	ok	ok
melee	8624	Death Strike	死斯里凱	ok	ok
melee	8625	Poison Flute Guerrius	毒笛格烏艾爾爾伊烏斯	bad	phonetic_salad
melee	8626	Contour Geist	克歐恩特歐烏爾格伊斯	bad	phonetic_salad
melee	8627	Atemwayne	阿特艾姆瓦阿伊恩	bad	phonetic_salad
melee	8628	Azum Kukris	阿茲烏姆克烏克爾伊斯	bad	phonetic_salad
melee	8629	Crude Bonbon	克烏德布歐恩布歐恩	bad	phonetic_salad
melee	8630	Azm Blade	阿茲姆刃	ok	ok
melee	8631	Crude Mantis	克烏德螳螂	ok	ok
melee	8632	Crude Cone	克烏德錐	ok	ok
melee	8633	Guo Bongo	古歐波恩歐	ok	ok
melee	8634	Azm Javelin	阿茲姆標槍	ok	ok
melee	8635	Azm Gunlance	銃槍阿茲姆	ok	ok
melee	8636	Zan Jaro	茲阿恩雅羅	ok	ok
melee	8637	Dan Jaro	德阿恩雅羅	ok	ok
melee	8638	Bon Jaro	布歐恩雅羅	ok	ok
melee	8639	Princess Pride	公主普伊德	ok	ok
melee	8640	C021・インテラルヴェック	C021・伊恩特艾爾阿爾烏	bad	phonetic_salad
melee	8641	Valkrie Anchor	維阿勒克爾伊艾錨	bad	phonetic_salad
melee	8642	True Wyvern Blade	真飛竜刃	ok	ok
melee	8643	Skull Break	頭骨砕	ok	ok
melee	8644	C421・バロアカンパナ	C421・布阿爾歐阿克阿恩	bad	phonetic_salad
melee	8645	Fairy Tale	法伊里塔勒	ok	ok
melee	8646	Quand Gunlance	銃槍奎烏阿恩德	ok	ok
melee	8647	Schramatar	斯克哈爾阿姆阿特	bad	phonetic_salad
melee	8648	C821・ローカオリク	C821・羅可歐里庫	ok	ok
melee	8649	C921・ローカアルジラ	C921・羅可阿魯吉拉	ok	ok
melee	8650	Fierce Rock Slasher	猛岩斬	ok	ok
melee	8651	Crude Rock	克烏德岩	ok	ok
melee	8652	Rocarathima	羅可拉斯伊瑪	ok	ok
melee	8653	Lockbare	勒歐克克布阿爾艾	bad	phonetic_salad
melee	8654	Vimir Orict	維伊姆伊爾歐爾伊克特	bad	phonetic_salad
melee	8655	CF21・ギザギリ	CF21・吉扎吉里	ok	ok
melee	8656	Scratch Claw	傷之爪	ok	ok
melee	8657	Gill Blade	鰓刃	ok	ok
melee	8658	D221・ザンギリ	D221・扎恩伊里	ok	ok
melee	8659	Stinger Lagoon	斯特伊恩格艾爾勒阿格歐歐恩	bad	phonetic_salad
melee	8660	D421・トーンタイド	D421・特歐恩特阿伊德歐	bad	phonetic_salad
melee	8661	Ginest Lance	長槍吉涅斯	ok	ok
melee	8662	Razzle Slugger	拉茲茲勒斯勒烏格格艾爾	bad	phonetic_salad
melee	8663	Spike Coupe	刺科烏佩	ok	ok
melee	8664	Punky Crush	普烏恩克伊砕	ok	ok
melee	8665	D921・フィムナイツ・ゴア	D921・夫伊姆烏恩阿伊特・戈阿	bad	phonetic_salad
melee	8666	Thundercry Sword	特哈烏恩德艾爾克剣	bad	phonetic_salad
melee	8667	Azure Lightningechoes	蒼勒伊格哈特恩伊恩	bad	phonetic_salad
melee	8668	Lightningbolt Sword	勒伊格哈特恩伊恩剣	bad	phonetic_salad
melee	8669	DD21・清輝雷華刀	DD21・清輝雷華刀	ok	ok
melee	8670	Fluffy Bear	蓬松熊	ok	ok
melee	8671	Thunder Whistle	雷笛	ok	ok
melee	8672	Lightning Lance	閃電長槍	ok	ok
melee	8673	Whirlpool Spear	瓦哈伊爾勒普歐歐槍	bad	phonetic_salad
melee	8674	Blasted Edge	布勒阿斯特艾德端	bad	phonetic_salad
melee	8675	Lemenas Claws	勒艾姆艾恩阿斯爪	bad	type_phonetic
melee	8676	Instinn Bolg	伊恩斯特伊恩恩鍵盤歌	bad	phonetic_salad
melee	8677	True Burning Sky Blade	真燃燒空刃	ok	ok
melee	8678	Hell Mallet	地獄鎚	ok	ok
melee	8679	E721・リフォルフィーネ	E721・里佛魯菲涅	ok	ok
melee	8680	Red Runes	紅盧恩	ok	ok
melee	8681	E921・リオ＝デネトール	E921・里歐＝德涅托魯	ok	ok
melee	8682	"Frozen Ice Sword ""Zero"""	凍結氷剣【零】	ok	ok
melee	8683	"Twin Ice Swords""IceFang"""	冰之球紋章斯瓦歐爾德斯冰之牙	bad	phonetic_salad
melee	8684	Salguna Blade	斯阿勒格烏恩阿刃	bad	phonetic_salad
melee	8685	Snow White Blade	雪白刃	ok	ok
melee	8686	Frightful Impact	夫爾伊格哈特夫烏伊姆普阿克特	bad	phonetic_salad
melee	8687	Snow Lion Horn	雪獅之角	ok	ok
melee	8688	Azude Lance	長槍阿祖德	ok	ok
melee	8689	Snow Lion Storm	雪獅風暴	ok	ok
melee	8690	"Burstwolf Blades ""Xun"""	爆狼刃	ok	ok
melee	8691	"Burstwolf Flute ""Canada"""	爆狼笛	ok	ok
melee	8692	"Burstwolf Lance ""Ugachi"""	爆狼長槍烏加奇伊	ok	ok
melee	8693	ダミー	假	ok	skip_empty_dummy
melee	8694	ダミー	假	ok	skip_empty_dummy
melee	8695	ダミー	假	ok	skip_empty_dummy
melee	8696	ダミー	假	ok	skip_empty_dummy
melee	8697	ダミー	假	ok	skip_empty_dummy
melee	8698	ダミー	假	ok	skip_empty_dummy
melee	8699	ダミー	假	ok	skip_empty_dummy
melee	8700	ダミー	假	ok	skip_empty_dummy
melee	8701	"Pine Cococone ""Furious"""	松科科科涅狂	ok	ok
melee	8702	"Pine Cococone ""Storm"""	松科科科涅風暴	ok	ok
melee	8703	"Pine Cococone ""Bind"""	松科科科涅布伊恩德	ok	ok
melee	8704	Festival Spirit	祭典霊	ok	ok
melee	8705	Festival Soul	祭典魂	ok	ok
melee	8706	Exorcist Thorn	艾克斯歐爾克伊斯刺	bad	phonetic_salad
melee	8707	Demon Thorn	惡魔刺	ok	ok
melee	8708	Spectral Thorn	斯普艾克特爾阿勒刺	bad	phonetic_salad
melee	8709	Creul Thorn	克爾艾烏勒刺	ok	ok
melee	8710	Crown of Thorns	冠之棘	ok	ok
melee	8711	Misty Rapier	霧細剣	ok	ok
melee	8712	Misty Mold	霧姆歐勒德	ok	ok
melee	8713	Misty Rush	霧突進	ok	ok
melee	8714	Misty Swarm	霧斯瓦阿爾姆	ok	ok
melee	8715	Misty Frenzy	霧夫爾艾恩茲伊	ok	ok
melee	8716	Mortal Agony	姆歐爾特阿勒阿格歐恩伊	bad	phonetic_salad
melee	8717	Terrifying Rapier	特艾爾爾伊夫伊伊細剣	bad	phonetic_salad
melee	8718	Terifying Moruder	特艾爾伊夫伊伊恩姆歐爾烏德艾爾	bad	phonetic_salad
melee	8719	Terrifying Rush	特艾爾爾伊夫伊伊突進	bad	phonetic_salad
melee	8720	Terrifying Swarm	特艾爾爾伊夫伊伊斯瓦阿爾姆	bad	phonetic_salad
melee	8721	Terrifying Frenzy	特艾爾爾伊夫伊伊夫爾艾恩茲伊	bad	phonetic_salad
melee	8722	Coup de Grace	克歐烏普恩寵	ok	ok
melee	8723	Godsent Ⅰ	天賜Ⅰ	ok	ok
melee	8724	Godsent Ⅱ	天賜Ⅱ	ok	ok
melee	8725	Godsent Ⅲ	天賜Ⅲ	ok	ok
melee	8726	Godsent Ⅳ	天賜Ⅳ	ok	ok
melee	8727	Godsent Gift	格歐德斯艾恩特贈	bad	phonetic_salad
melee	8728	Sturm Knife	暴風刀	ok	ok
melee	8729	Miasma	瘴気	ok	ok
melee	8730	Rapture	神遊	ok	ok
melee	8731	Drag Void	引維歐伊德	ok	ok
melee	8732	Drag Domination	引德歐姆伊恩阿特伊	bad	phonetic_salad
melee	8733	Duel Waltz	德烏艾勒円舞曲	ok	ok
melee	8734	Blade Waltz	刃円舞曲	ok	ok
melee	8735	Global Silence	格勒歐布阿勒寂	ok	ok
melee	8736	Tita Haccha	泰坦哈阿克克哈阿	bad	phonetic_salad
melee	8737	Tita Helio	泰坦赫利歐	ok	ok
melee	8738	Tita Perfora	泰坦普艾爾夫歐爾阿	bad	phonetic_salad
melee	8739	Tita L. Rosa	泰坦L羅薩	ok	ok
melee	8740	Teostra Extinctionsword	炎王艾克斯特伊恩克特剣	bad	phonetic_salad
melee	8741	"CarvedDrgnBlade""Flame"""	竜克阿爾維艾德刃焔	ok	ok
melee	8742	"CarvedDrgnBlade""Torrent"""	竜克阿爾維艾德刃激流	ok	ok
melee	8743	"CarvedDrgnBlade""Thunder"""	竜克阿爾維艾德刃雷	ok	ok
melee	8744	"CarvedDrgnBlade""Clarity"""	竜克阿爾維艾德刃克勒阿爾伊特伊	bad	phonetic_salad
melee	8745	"CarvedDrgnBlade""Freeze"""	竜克阿爾維艾德刃凍	ok	ok
melee	8746	"CarvedDrgnBlade""Slayer"""	竜克阿爾維艾德刃殺	ok	ok
melee	8747	"Gogomoa Sword ""Loss"""	跳緋獣剣勒歐斯斯	bad	phonetic_salad
melee	8748	Nebula Convergence	星雲克歐恩維艾爾格艾	bad	phonetic_salad
melee	8749	Goru Arugo Pyrene	戈魯阿魯戈普伊爾艾恩艾	bad	phonetic_salad
melee	8750	Som Arugo Pyrene	斯歐姆阿魯戈普伊爾艾恩艾	bad	phonetic_salad
melee	8751	Brutal Edge	布爾烏特阿勒端	ok	ok
melee	8752	Brutal Fang	布爾烏特阿勒之牙	bad	phonetic_salad
melee	8753	Brutal Talon	布爾烏特阿勒之爪	bad	phonetic_salad
melee	8754	Brutal Tear	布爾烏特阿勒裂	ok	ok
melee	8755	Brutal Gaze	布爾烏特阿勒加澤	bad	phonetic_salad
melee	8756	Brutal Arthemis	布爾烏特阿勒阿爾特哈艾姆伊斯	bad	phonetic_salad
melee	8757	Twin Anger	球紋章尾虎皮	ok	ok
melee	8758	Beserk Anger	狂戦憤怒	ok	ok
melee	8759	Savage Anger	螺鈿終尾虎皮	bad	raden_end
melee	8760	Hatred Anger	憎惡憤怒	ok	ok
melee	8761	Arch Anger	強撃尾虎皮	ok	ok
melee	8762	Saint Anger	聖尾虎皮	ok	ok
melee	8763	Glyph Ⅰ	符文Ⅰ	ok	ok
melee	8764	Glyph Ⅱ	符文Ⅱ	ok	ok
melee	8765	Glyph Ⅲ	符文Ⅲ	ok	ok
melee	8766	Glyph Ⅳ	符文Ⅳ	ok	ok
melee	8767	Glyph Maero	字形瑪艾羅	ok	ok
melee	8768	Sturm Cutter	暴風斬刀	ok	ok
melee	8769	Grand Darius	狂風暴雪	ok	ok
melee	8770	Hemorrhage	哈艾姆歐爾爾哈阿	bad	phonetic_salad
melee	8771	Ethid Blaze	艾特哈伊德炎	ok	ok
melee	8772	Scarlet Pyro	緋普伊爾歐	ok	ok
melee	8773	Flagartus	夫勒阿格阿爾特烏	bad	phonetic_salad
melee	8774	Venomancer	維艾恩歐姆阿恩克	bad	phonetic_salad
melee	8775	Tita Tihera	狠鬥・利剪	ok	ok
melee	8776	Tita Corte	泰坦克歐爾特艾	ok	ok
melee	8777	Tita Motor	泰坦馬達	ok	ok
melee	8778	Tita L. Dance	泰坦L舞	ok	ok
melee	8779	Dodonga Mines	多多恩阿姆伊恩艾斯	bad	phonetic_salad
melee	8780	"DblThndrDance""Eagle"""	雷德布勒舞艾阿格艾	bad	phonetic_salad
melee	8781	Brilliance Fury Pair	布爾伊勒勒伊阿恩狂對	bad	phonetic_salad
melee	8782	Daora's Tempest	暴風・鋼竜	ok	ok
melee	8783	4F22・ホージャアルマ	4F22・霍雅阿魯瑪	ok	ok
melee	8784	Leschen Ⅰ	勒申Ⅰ	ok	ok
melee	8785	Leschen Ⅱ	勒申Ⅱ	ok	ok
melee	8786	Leschen Ⅲ	勒申Ⅲ	ok	ok
melee	8787	Leschen Ⅳ	勒申Ⅳ	ok	ok
melee	8788	Leschen Melia	勒艾斯克哈艾恩梅利阿	bad	phonetic_salad
melee	8789	Sturm Sword	暴風剣	ok	ok
melee	8790	5622・カダルグラッセ	5622・格烏爾阿爾斯艾	bad	phonetic_salad
melee	8791	Excellent Blade	艾克斯克艾勒勒艾刃	bad	phonetic_salad
melee	8792	Overdrive	歐維艾爾德爾伊維	bad	phonetic_salad
melee	8793	Death Rain	死雨	ok	ok
melee	8794	5A22・スタヴィルダ	5A22・蘇塔維魯達	ok	ok
melee	8795	Tita Espanda	泰坦艾斯普阿恩德阿	bad	phonetic_salad
melee	8796	Tita Sopra	泰坦索普阿	ok	ok
melee	8797	Tita Avier	狠鬥・弩岩剣	ok	ok
melee	8798	Tita L. Coater	泰坦L克歐阿特艾爾	bad	phonetic_salad
melee	8799	Teostra's Emperorblade	炎王獄大剣【焔皇】	ok	ok
melee	8800	"CarvdDrgnBuster""Flame"""	竜雕破焔	ok	ok
melee	8801	"CarvdDrgnBuster""Torrent"""	竜雕破激流	ok	ok
melee	8802	"CarvdDrgnBuster""Thunder"""	刻竜獄大剣【雷迅】	ok	ok
melee	8803	"CarvdDrgnBuster""Clarity"""	竜雕破克勒阿爾伊特伊	bad	phonetic_salad
melee	8804	"CarvdDrgnBuster""Freeze"""	刻竜獄大剣【烈凍】	ok	ok
melee	8805	"CarvdDrgnBuster""Judge"""	弩岩獄大剣【真何斷】	ok	ok
melee	8806	"Taikun GS ""Scarlet Flwr"""	多殼蟹大剣【緋花】	ok	ok
melee	8807	"Ex Sirius ""Moonblow"""	ＥＸ斯伊爾伊烏斯姆歐歐恩布勒歐瓦	bad	phonetic_salad
melee	8808	Thunderboom Ⅰ	雷轟Ⅰ	ok	ok
melee	8809	Thunderboom Ⅱ	雷轟Ⅱ	ok	ok
melee	8810	Thunderboom Ⅲ	雷轟Ⅲ	ok	ok
melee	8811	Thunderboom Ⅳ	雷轟Ⅳ	ok	ok
melee	8812	Inner Thunderboom	極征服特哈烏恩德艾爾布	bad	phonetic_salad
melee	8813	Sturm Edge	暴風刃	ok	ok
melee	8814	Metal Fang	金属之牙	ok	ok
melee	8815	Conflagration	大火	ok	ok
melee	8816	Pale Cascade	蒼克阿斯克阿德艾	bad	phonetic_salad
melee	8817	Bladestorm	布勒阿德艾斯特歐	bad	phonetic_salad
melee	8818	Tormineio	特歐爾姆伊恩艾伊	bad	phonetic_salad
melee	8819	7322・サイフォ・トルーリオ	7322・薩伊佛・托魯里歐	ok	ok
melee	8820	Permafrost	永久凍土	ok	ok
melee	8821	"Decor Sword ""Dominate"""	装飾剣多米娜特	ok	ok
melee	8822	"Decor Sword ""Ballance"""	装飾剣布阿勒勒阿恩克艾	bad	phonetic_salad
melee	8823	"Decor Sword ""Night"""	装飾剣【夜】	ok	ok
melee	8824	"Decor Sword ""Clouds"""	装飾剣瓦里艾	ok	ok
melee	8825	Cross Legion	十軍	ok	ok
melee	8826	"Scorchscythe ""Prison"""	"斯克歐爾克哈鎌,窄 UI 引號
」,獄」"	ok	ok
melee	8827	Rubino Snake Ⅵ	紅寶石蛇Ⅵ	ok	ok
melee	8828	Tita Axa	泰坦阿克斯阿	ok	ok
melee	8829	Tita David	狠鬥・阻礙	ok	ok
melee	8830	Tita Ataka	泰坦阿塔可	ok	ok
melee	8831	Tita L. Shutter	泰坦L斯哈烏特特艾爾	bad	phonetic_salad
melee	8832	Dodonga Jindachi	多多恩阿杰伊恩德阿克哈伊	bad	phonetic_salad
melee	8833	Teostra's True Furyblade	炎王獄刀【真狂熱】	ok	ok
melee	8834	Daora's Irm	鋼竜・天像	ok	ok
melee	8835	"Royal Shelledge ""Copper"""	皇家斯哈艾勒勒艾德格銅	bad	phonetic_salad
melee	8836	Klarfaust	克勒阿爾夫阿烏斯	bad	phonetic_salad
melee	8837	Klarstein	克勒阿爾斯特艾伊	bad	phonetic_salad
melee	8838	Klarmalleus	克勒阿爾姆阿勒勒	bad	phonetic_salad
melee	8839	Dear Current	電流貫穿錘	ok	ok
melee	8840	Geo Straight	地斯特爾阿伊格哈特	bad	phonetic_salad
melee	8841	Hex Hammer	大錘咒	ok	ok
melee	8842	Hex Basher	魅惑攻撃錘	ok	ok
melee	8843	Hex Blow	咒一撃	ok	ok
melee	8844	Hex Tech	魅惑技巧錘	ok	ok
melee	8845	Hex Ein	咒艾恩	ok	ok
melee	8846	Entropy	艾恩特爾歐普伊	ok	ok
melee	8847	Wrecking Hammer	大錘瓦爾艾克克伊恩格	bad	phonetic_salad
melee	8848	Wrecking Basher	魯莽攻撃錘	ok	ok
melee	8849	Wrecking Blow	瓦爾艾克克伊恩格一撃	bad	phonetic_salad
melee	8850	Wrecking Tech	魯莽技巧錘	ok	ok
melee	8851	Wrecking Ein	魯莽破壞錘	ok	ok
melee	8852	Highlander	哈伊格哈勒阿恩德	bad	phonetic_salad
melee	8853	9522・リネスⅠ	9522・里涅蘇	ok	ok
melee	8854	9622・リネスⅡ	9622・里涅蘇	ok	ok
melee	8855	9722・リネスⅢ	9722・里涅蘇	ok	ok
melee	8856	9822・リネスⅣ	9822・里涅蘇	ok	ok
melee	8857	9922・リス・リトゥ	9922・里蘇・里圖	ok	ok
melee	8858	Sturm Mace	暴風鎚	ok	ok
melee	8859	9B22・ジェム・クェンダー	9B22・吉艾穆・克烏艾恩德阿	bad	phonetic_salad
melee	8860	9C22・ラディエンス	9C22・爾阿德伊艾恩斯烏	bad	phonetic_salad
melee	8861	9D22・タリク・クェンダー	9D22・塔里庫・克烏艾恩德阿	bad	phonetic_salad
melee	8862	9E22・タリックイズム	9E22・特阿爾伊爾克烏伊	bad	phonetic_salad
melee	8863	Spectral Crown	斯普艾克特爾阿勒冠	bad	phonetic_salad
melee	8864	Ancient Gem	遠古寶鑽	ok	ok
melee	8865	Spirit Pavillion	靈普阿維伊勒勒伊歐	bad	phonetic_salad
melee	8866	Surreal Gem	斯烏爾爾艾阿勒寶	bad	phonetic_salad
melee	8867	Thunder Bringer	雷霆召喚	ok	ok
melee	8868	Tita Casco	泰坦克阿斯克歐	ok	ok
melee	8869	Tita Smasher	泰坦粉碎	ok	ok
melee	8870	Tita Escona	泰坦艾斯克歐恩阿	bad	phonetic_salad
melee	8871	Tita L. Dest	泰坦L德斯	ok	ok
melee	8872	Teostra's Blacksplitter	炎王獄鎚【裂黑】	ok	ok
melee	8873	"CarvdDrgnHammer""Flame"""	竜雕大錘焔	ok	ok
melee	8874	"CarvdDrgnHammer""Torrent"""	竜雕大錘激流	ok	ok
melee	8875	"CarvdDrgnHammer""Thunder"""	竜雕大錘雷	ok	ok
melee	8876	"CarvdDrgnHammer""Clarity"""	竜雕大錘克勒阿爾伊特伊	ok	ok
melee	8877	"CarvdDrgnHammer""Freeze"""	竜雕大錘凍	ok	ok
melee	8878	AE22・弩岩獄槌【真塵砕】	AE22・弩岩獄槌【真塵砕】	ok	ok
melee	8879	AF22・ドドンガ・ラバージ	AF22・多多恩阿・拉巴吉	ok	ok
melee	8880	Plasma Apparition	普勒阿斯姆阿阿普普阿爾伊特伊	bad	phonetic_salad
melee	8881	Wavebreak Fury H.	瓦阿維艾布爾艾阿狂H	bad	phonetic_salad
melee	8882	Meteor Drgnwood Mallet	流星竜木鎚	ok	ok
melee	8883	B322・真舞雷極鎚【御霊】	B322・真舞雷極鎚【御霊】	ok	ok
melee	8884	Sturm Horn	暴風角	ok	ok
melee	8885	Ters Gogo	特艾爾斯拉瓦里	ok	ok
melee	8886	Brave Gogo	勇拉瓦里	ok	ok
melee	8887	B722・アクラリアン	B722・阿克烏爾阿爾伊阿	bad	phonetic_salad
melee	8888	B822・アクラレローゼ	B822・阿庫拉雷羅澤	ok	ok
melee	8889	B922・ナギュレシオ	B922・恩阿格伊烏爾艾斯	bad	phonetic_salad
melee	8890	BA22・オルカリズム	BA22・歐魯可里祖穆	ok	ok
melee	8891	"Nyalut ""Music"""	恩伊阿勒烏特音樂	bad	phonetic_salad
melee	8892	Tita Cavallo	泰坦克阿維阿勒勒歐	bad	phonetic_salad
melee	8893	Tita Sonny	泰坦斯歐恩恩伊	ok	ok
melee	8894	Tita Tokuta	泰坦托庫塔	ok	ok
melee	8895	Tita L. Animo	泰坦L阿尼莫	ok	ok
melee	8896	True Kingfisher Darkbolt	真克伊恩格夫伊斯哈闇雷	ok	ok
melee	8897	C122・弩岩獄笛【激嬉打】	C122・弩岩獄笛【激嬉打】	ok	ok
melee	8898	C222・幻雷獄笛【神太鼓】	C222・幻雷獄笛【神太鼓】	ok	ok
melee	8899	C322・緋猛獄笛【献上奏】	C322・緋猛獄笛【献上奏】	ok	ok
melee	8900	Mad Empress Pipe	狂女帝管	ok	ok
melee	8901	Moon View	月維伊艾瓦	ok	ok
melee	8902	Moon Festival	月祭典	ok	ok
melee	8903	Moon Wait	月瓦阿伊特	ok	ok
melee	8904	"Moonlit Eve ""Elegant"""	姆歐歐恩勒伊特艾維優雅	bad	phonetic_salad
melee	8905	"Moonlit Eve ""Hazy"""	姆歐歐恩勒伊特艾維朦朧	bad	phonetic_salad
melee	8906	Storm Lance	長槍嵐	ok	ok
melee	8907	CB22・ウィルスターク	CB22・威魯蘇塔庫	ok	ok
melee	8908	Nova Queen	新星女王	ok	ok
melee	8909	Augment	昇華	ok	ok
melee	8910	Wicked Queen	邪女王	ok	ok
melee	8911	Realm of Torment	界折磨	ok	ok
melee	8912	Tita Defendi	狠鬥・保衛	ok	ok
melee	8913	Tita Prote	泰坦普歐特	ok	ok
melee	8914	Tita Palehiello	泰坦普阿勒艾哈伊艾勒	bad	phonetic_salad
melee	8915	Tita L. Arca	泰坦L法磁化	ok	ok
melee	8916	True Lotus DarkboltLance	真蓮闇雷槍	ok	ok
melee	8917	D522・弩岩獄槍【滅多突】	D522・弩岩獄槍【滅多突】	ok	ok
melee	8918	Nebula Irana	星雲伊拉娜	ok	ok
melee	8919	Eighth Fury Lance	長槍艾伊格哈特哈狂	bad	phonetic_salad
melee	8920	Goru Arugo Reville	戈魯阿魯戈爾艾維伊勒勒艾	bad	phonetic_salad
melee	8921	Som Arugo Reville	斯歐姆阿魯戈爾艾維伊勒勒艾	bad	phonetic_salad
melee	8922	Peak Current	迅流	ok	ok
melee	8923	DB22・ペークマラン	DB22・普艾克烏姆阿爾阿	bad	phonetic_salad
melee	8924	DC22・ペークヴォルチェ	DC22・佩庫沃魯奇伊艾	ok	ok
melee	8925	DD22・スタルアッチャー	DD22・蘇塔魯阿阿奇阿	ok	ok
melee	8926	DE22・スタルジオーネ	DE22・蘇塔魯吉歐涅	ok	ok
melee	8927	Dreadnought Gear	德爾艾阿德恩歐烏歯	bad	phonetic_salad
melee	8928	Dreadnought Lance	德爾艾阿德恩歐烏槍	bad	phonetic_salad
melee	8929	Dreadnought Hunter	德爾艾阿德恩歐烏獵	bad	phonetic_salad
melee	8930	Dreadnought Wraith	德爾艾阿德恩歐烏瓦爾阿伊特哈	bad	phonetic_salad
melee	8931	Dreadnought Seraph	德爾艾阿德恩歐烏瑟拉菲	bad	phonetic_salad
melee	8932	Dreadnought Skull	德爾艾阿德恩歐烏顱	bad	phonetic_salad
melee	8933	Battle Roar	咆哮戦	ok	ok
melee	8934	Initiate Roar	伊尼提阿特轟鳴	ok	ok
melee	8935	Sinister Roar	斯伊恩伊斯特艾爾轟鳴	bad	phonetic_salad
melee	8936	Notoroius Roar	恩歐特歐爾歐伊烏轟鳴	bad	phonetic_salad
melee	8937	Ruthless Roar	爾烏特哈勒艾斯斯轟鳴	bad	phonetic_salad
melee	8938	Angriff Roar	阿恩格爾伊夫夫轟鳴	bad	phonetic_salad
melee	8939	Reaper Ⅰ	死神Ⅰ	ok	ok
melee	8940	Reaper Ⅱ	死神Ⅱ	ok	ok
melee	8941	Reaper Ⅲ	死神Ⅲ	ok	ok
melee	8942	Reaper Ⅳ	死神Ⅳ	ok	ok
melee	8943	Reaper Rio	死神里歐	ok	ok
melee	8944	Sturm Gunlance	暴風銃槍	ok	ok
melee	8945	Shiva Kasra	修伊瓦克阿斯爾阿	bad	phonetic_salad
melee	8946	Mi Ru Stinger	黑狐竜刺	ok	ok
melee	8947	F322・エルダンサー	F322・艾爾烏德阿恩斯阿	bad	phonetic_salad
melee	8948	F422・ガニシア・トゥース	F422・加尼修伊阿・圖蘇	ok	ok
melee	8949	Ruined King	滅絶之王	ok	ok
melee	8950	Bunker Blast	爆破布烏恩克艾爾	bad	phonetic_salad
melee	8951	Vault Breaker	維阿烏勒特破壞	ok	ok
melee	8952	Tidal Fissure	特伊德阿勒夫伊斯斯烏爾艾	bad	phonetic_salad
melee	8953	Tidal Star	特伊德阿勒星	ok	ok
melee	8954	Friz Scarve	至高王座	ok	ok
melee	8955	Tita Queema	泰坦奎艾艾瑪	ok	ok
melee	8956	Tita Abrasada	狠鬥・灰燼	ok	ok
melee	8957	Tita Flammen	泰坦夫勒阿姆姆艾恩	bad	phonetic_salad
melee	8958	Tita L. Ix	泰坦LⅨ	ok	ok
melee	8959	Dodonga Dododogan	多多恩阿德歐德歐德歐格阿	bad	phonetic_salad
melee	8960	"CarvdDrgnBlast""Flame"""	竜雕爆破焔	ok	ok
melee	8961	"CarvdDrgnBlast""Torrent"""	竜雕爆破激流	ok	ok
melee	8962	"CarvdDrgnBlast""Thunder"""	竜雕爆破雷	ok	ok
melee	8963	"CarvdDrgnBlast""Clarity"""	竜雕爆破克勒阿爾伊特伊	bad	phonetic_salad
melee	8964	"CarvdDrgnBlast""Freeze"""	竜雕爆破凍	ok	ok
melee	8965	0523・弩岩獄銃槍【貫放撃】	0523・弩岩獄銃槍【貫放撃】	ok	ok
melee	8966	Forte G Felicia	強音Ｇ菲利西阿	ok	ok
melee	8967	"Sky Wolf Blast""Daydream"""	爆破空狼德阿伊德爾艾阿姆	bad	phonetic_salad
melee	8968	Tita Solar	泰坦斯歐勒阿爾	ok	ok
melee	8969	Shantien Sword	天翔竜剣	ok	ok
melee	8970	Francier	弗朗西耶	ok	ok
melee	8971	Despots's Crow	德艾斯普歐特斯之克爾歐瓦	bad	phonetic_salad
melee	8972	Parasitic Dagger	寄生短剣	ok	ok
melee	8973	0D23・アグニスビーシュ	0D23・阿古尼蘇比修烏	ok	ok
melee	8974	Rosen Erfolg	薔薇艾爾夫歐勒格	bad	phonetic_salad
melee	8975	Destroyer Thunder Rod	雷破壊杖	ok	ok
melee	8976	Anorupatisu Teeth	暴鋸竜歯	ok	ok
melee	8977	Garugaslicer	格阿爾烏格阿斯勒	bad	phonetic_salad
melee	8978	Vashim Lux	瓦希姆恩流浪	ok	ok
melee	8979	Barbarian Husksword	蠻外皮剣	ok	ok
melee	8980	1423・ネヴェアフェリダ	1423・涅維阿菲里達	ok	ok
melee	8981	1523・ダードラウラ	1523・達多拉烏拉	ok	ok
melee	8982	Tita Vient	蒂塔・風	ok	ok
melee	8983	1723・カルドレヒター	1723・雷希塔	ok	ok
melee	8984	Despots's Slicers	德艾斯普歐特斯之切	bad	phonetic_salad
melee	8985	Neverdirks Lead	恩艾維艾爾德伊爾鉛	bad	phonetic_salad
melee	8986	Frostmist Twins	夫爾歐斯特姆伊斯雙子	bad	phonetic_salad
melee	8987	Blazing Steel Twin Claws	熾鋼球紋章之爪	ok	ok
melee	8988	Rosen Vites	薔薇維伊特艾斯	ok	ok
melee	8989	Celestial Mgr Horns	克艾勒艾斯特伊阿姆格爾急証明	bad	phonetic_salad
melee	8990	Occult Gunsen	歐克克烏勒特格烏恩斯艾恩	bad	phonetic_salad
melee	8991	Vashnel Remen	維阿斯哈恩艾勒爾艾姆艾恩	bad	phonetic_salad
melee	8992	Barbarian Huskduo	布阿爾布阿爾伊阿哈烏斯克德烏歐	bad	phonetic_salad
melee	8993	Neve Angle	涅維阿恩勒	ok	ok
melee	8994	God's Thunderpole Blade	神之特哈烏恩德艾爾普刃	bad	phonetic_salad
melee	8995	Tita Muerte	蒂塔・死亡	ok	ok
melee	8996	Heavenly Greatsword	天翔大剣	ok	ok
melee	8997	Blaine Stahl	布阿伊涅斯特阿哈勒	bad	phonetic_salad
melee	8998	Despots's Hacker	德艾斯普歐特斯哈阿克克艾爾	bad	phonetic_salad
melee	8999	2723・メルプリティプレート	2723・梅魯普里提普雷托	ok	ok
melee	9000	Volganos Punisher	熔岩竜懲罰者	ok	ok
melee	9001	Rosen Veagle	薔薇維阿格艾	ok	ok
melee	9002	Demonlord Crusher	德艾姆歐恩勒歐爾粉碎	bad	phonetic_salad
melee	9003	Anorupatisu Wing	暴鋸竜之翼	ok	ok
melee	9004	Garunada	ＧＲＵNＤ	ok	ok
melee	9005	Valenshimd	維阿勒艾恩斯哈伊	bad	phonetic_salad
melee	9006	Barbarian Huskblade	蠻外皮刃	ok	ok
melee	9007	2F23・ネヴェアクエル	2F23・涅維阿庫艾魯	ok	ok
melee	9008	Tita Vida	泰坦維達	ok	ok
melee	9009	Scarla Letcher	斯克阿爾勒阿勒艾特克哈艾爾	bad	phonetic_salad
melee	9010	Despots's Slasher	德艾斯普歐特斯之斬	bad	phonetic_salad
melee	9011	Neveredge Desire	無鋒慾望	ok	ok
melee	9012	Frostmist Blade	霜霧刃	ok	ok
melee	9013	Melting Dragonslicer	姆艾勒特伊恩格德爾阿格歐恩斯勒	bad	phonetic_salad
melee	9014	Rosen Genie	薔薇格尼艾	ok	ok
melee	9015	Tru Thundr Demon Halbrd	特烏特哈烏恩德爾魔哈阿勒布爾德	bad	phonetic_salad
melee	9016	Garuga Blade	黑狼鳥刃	ok	ok
melee	9017	Vashim Melder	瓦希姆姆艾勒德艾爾	bad	phonetic_salad
melee	9018	Barbarian Katana	蠻族刀	ok	ok
melee	9019	Hireimaru Nurega	飛嶺丸・濡芽	ok	ok
melee	9020	Willow Thunderpole Sword	柳特哈烏恩德艾爾普剣	bad	phonetic_salad
melee	9021	3D23・天熾シ凍土ニ咲ク刃	3D23・天熾修伊凍土NI咲KU刃	ok	ok
melee	9022	Tita Montana	泰坦姆歐恩特阿恩阿	bad	phonetic_salad
melee	9023	Heavenly Hammer	天翔大錘	ok	ok
melee	9024	Haar Sakhr	HＲSｋHＲ	ok	ok
melee	9025	Despots's Crush	德艾斯普歐特斯之砕	bad	phonetic_salad
melee	9026	Demolition Hammer	大錘德艾姆歐勒伊特伊	bad	phonetic_salad
melee	9027	Frostmist Crasher	夫爾歐斯特姆伊斯克爾阿斯哈艾爾	bad	phonetic_salad
melee	9028	Murkibell	姆烏爾克伊布艾勒	bad	phonetic_salad
melee	9029	Rosen Gruton	薔薇格爾烏特歐恩	bad	phonetic_salad
melee	9030	Thunder Flash Hammer	雷閃光大錘	ok	ok
melee	9031	Occult Effusion	歐克克烏勒特艾夫夫烏斯伊歐恩	bad	phonetic_salad
melee	9032	Vashim Haken	尾晶蠍・鉤	ok	ok
melee	9033	Barbarian Hammer	蠻族大錘	ok	ok
melee	9034	Neve Ashiku	涅維・阿希庫	ok	ok
melee	9035	Tita Musika	泰坦穆西可	ok	ok
melee	9036	Courage Pipe	勇気管	ok	ok
melee	9037	Despots's Dragon	竜德艾斯普歐特斯	bad	phonetic_salad
melee	9038	Pariah	普阿爾伊阿哈	ok	ok
melee	9039	Agnislaga	阿格恩伊斯勒阿格	bad	phonetic_salad
melee	9040	Rosen Legure	薔薇勒古雷	ok	ok
melee	9041	Thunder Tube	雷管	ok	ok
melee	9042	Garuguar	ＧＲＵＧＵＲ	ok	ok
melee	9043	5323・ヴァシム・シュプリ	5323・瓦修伊穆・修烏普里	bad	phonetic_salad
melee	9044	Barbarian Flute	蠻笛	ok	ok
melee	9045	5523・ネヴェアラリド	5523・涅維阿拉里多	ok	ok
melee	9046	5623・凍エシ魂ヲ熾セシ奏	5623・凍艾修伊魂WO熾瑟修伊奏	ok	ok
melee	9047	5723・ダードアンカー	5723・德阿德歐阿恩克阿	bad	phonetic_salad
melee	9048	Tita Tierra	蒂塔・大地	ok	ok
melee	9049	Gravios Spire	鎧竜斯普伊爾艾	ok	ok
melee	9050	Despots's Earl	德艾斯普歐特斯艾阿爾勒	bad	phonetic_salad
melee	9051	Propolis	普爾歐普歐勒伊斯	bad	phonetic_salad
melee	9052	Forbidden Lance	夫歐爾布伊德德艾槍	bad	phonetic_salad
melee	9053	Rosen Sonnet	薔薇斯歐恩恩艾特	bad	phonetic_salad
melee	9054	Lighting Needlespear	勒伊格哈特伊恩格恩艾艾德勒艾斯普	bad	phonetic_salad
melee	9055	Anorupatisu Longhorn	暴鋸竜勒歐恩格哈歐爾恩	bad	phonetic_salad
melee	9056	Occult Incessance	歐克克烏勒特伊恩克艾斯斯阿恩	bad	phonetic_salad
melee	9057	Vashim Spitz	瓦希姆斯普伊特茲	bad	phonetic_salad
melee	9058	Barbarian Lance	蠻族長槍	ok	ok
melee	9059	Neve Acris	涅維・阿克利斯	ok	ok
melee	9060	Scythe Thunderpole Spear	鎌特哈烏恩德艾爾普矛	bad	phonetic_salad
melee	9061	Tita Rama	泰坦拉瑪	ok	ok
melee	9062	Arbasked	阿爾巴斯克德	ok	ok
melee	9063	Despots's Burst	德艾斯普歐特斯之爆	bad	phonetic_salad
melee	9064	Don Kid	堂克伊德	ok	ok
melee	9065	Pyrolance	普伊爾歐勒阿恩克	bad	phonetic_salad
melee	9066	Rosen Avar	薔薇阿維阿爾	ok	ok
melee	9067	Coiled Thunder Gunlance	雷克歐伊勒艾德銃槍	ok	ok
melee	9068	Optarisk = Pain	歐普特阿爾伊斯克痛	bad	phonetic_salad
melee	9069	6D23・ヴァクラール	6D23・瓦庫拉魯	ok	ok
melee	9070	Barbarian Gunlance	蠻族銃槍	ok	ok
melee	9071	6F23・ネヴェアネータ	6F23・涅維阿涅塔	ok	ok
melee	9072	7023・凍テツク時ヲ熾獣槍	7023・凍特艾特斯烏克烏時WO熾獣槍	ok	ok
melee	9073	7123・ダードスラスト	7123・達多蘇拉蘇托	ok	ok
melee	9074	Elvenstate	艾勒維艾恩斯特阿	bad	phonetic_salad
melee	9075	Elvenwaig	艾勒維艾恩瓦阿伊	bad	phonetic_salad
melee	9076	Schwarzmuster	黑色黑窪	ok	ok
melee	9077	Schwarzkogra	斯克哈瓦阿爾茲克	bad	phonetic_salad
melee	9078	Arthurizer	阿爾蒂爾竜騎	ok	ok
melee	9079	Excellius Light	艾克斯克艾勒勒伊輕	bad	phonetic_salad
melee	9080	Perzocion	普艾爾茲歐克伊歐	bad	phonetic_salad
melee	9081	ダミー	假	ok	skip_empty_dummy
melee	9082	ダミー	假	ok	skip_empty_dummy
melee	9083	ダミー	假	ok	skip_empty_dummy
melee	9084	ダミー	假	ok	skip_empty_dummy
melee	9085	ダミー	假	ok	skip_empty_dummy
melee	9086	ダミー	假	ok	skip_empty_dummy
melee	9087	ダミー	假	ok	skip_empty_dummy
melee	9088	ダミー	假	ok	skip_empty_dummy
melee	9089	ダミー	假	ok	skip_empty_dummy
melee	9090	ダミー	假	ok	skip_empty_dummy
melee	9091	ダミー	假	ok	skip_empty_dummy
melee	9092	ダミー	假	ok	skip_empty_dummy
melee	9093	ダミー	假	ok	skip_empty_dummy
melee	9094	ダミー	假	ok	skip_empty_dummy
melee	9095	ダミー	假	ok	skip_empty_dummy
melee	9096	ダミー	假	ok	skip_empty_dummy
melee	9097	ダミー	假	ok	skip_empty_dummy
melee	9098	ダミー	假	ok	skip_empty_dummy
melee	9099	ダミー	假	ok	skip_empty_dummy
melee	9100	ダミー	假	ok	skip_empty_dummy
melee	9101	ダミー	假	ok	skip_empty_dummy
melee	9102	ダミー	假	ok	skip_empty_dummy
melee	9103	ダミー	假	ok	skip_empty_dummy
melee	9104	ダミー	假	ok	skip_empty_dummy
melee	9105	ダミー	假	ok	skip_empty_dummy
melee	9106	ダミー	假	ok	skip_empty_dummy
melee	9107	ダミー	假	ok	skip_empty_dummy
melee	9108	ダミー	假	ok	skip_empty_dummy
melee	9109	ダミー	假	ok	skip_empty_dummy
melee	9110	ダミー	假	ok	skip_empty_dummy
melee	9111	ダミー	假	ok	skip_empty_dummy
melee	9112	ダミー	假	ok	skip_empty_dummy
melee	9113	ダミー	假	ok	skip_empty_dummy
melee	9114	ダミー	假	ok	skip_empty_dummy
melee	9115	ダミー	假	ok	skip_empty_dummy
melee	9116	ダミー	假	ok	skip_empty_dummy
melee	9117	ダミー	假	ok	skip_empty_dummy
melee	9118	ダミー	假	ok	skip_empty_dummy
melee	9119	ダミー	假	ok	skip_empty_dummy
melee	9120	ダミー	假	ok	skip_empty_dummy
melee	9121	ダミー	假	ok	skip_empty_dummy
melee	9122	ダミー	假	ok	skip_empty_dummy
melee	9123	ダミー	假	ok	skip_empty_dummy
melee	9124	ダミー	假	ok	skip_empty_dummy
melee	9125	ダミー	假	ok	skip_empty_dummy
melee	9126	ダミー	假	ok	skip_empty_dummy
melee	9127	ダミー	假	ok	skip_empty_dummy
melee	9128	ダミー	假	ok	skip_empty_dummy
melee	9129	ダミー	假	ok	skip_empty_dummy
melee	9130	ダミー	假	ok	skip_empty_dummy
melee	9131	ダミー	假	ok	skip_empty_dummy
melee	9132	ダミー	假	ok	skip_empty_dummy
melee	9133	ダミー	假	ok	skip_empty_dummy
melee	9134	ダミー	假	ok	skip_empty_dummy
melee	9135	ダミー	假	ok	skip_empty_dummy
melee	9136	ダミー	假	ok	skip_empty_dummy
melee	9137	ダミー	假	ok	skip_empty_dummy
melee	9138	ダミー	假	ok	skip_empty_dummy
melee	9139	ダミー	假	ok	skip_empty_dummy
melee	9140	ダミー	假	ok	skip_empty_dummy
melee	9141	ダミー	假	ok	skip_empty_dummy
melee	9142	ダミー	假	ok	skip_empty_dummy
melee	9143	ダミー	假	ok	skip_empty_dummy
melee	9144	ダミー	假	ok	skip_empty_dummy
melee	9145	ダミー	假	ok	skip_empty_dummy
melee	9146	ダミー	假	ok	skip_empty_dummy
melee	9147	ダミー	假	ok	skip_empty_dummy
melee	9148	ダミー	假	ok	skip_empty_dummy
melee	9149	ダミー	假	ok	skip_empty_dummy
melee	9150	ダミー	假	ok	skip_empty_dummy
melee	9151	ダミー	假	ok	skip_empty_dummy
melee	9152	ダミー	假	ok	skip_empty_dummy
melee	9153	ダミー	假	ok	skip_empty_dummy
melee	9154	ダミー	假	ok	skip_empty_dummy
melee	9155	ダミー	假	ok	skip_empty_dummy
melee	9156	ダミー	假	ok	skip_empty_dummy
melee	9157	ダミー	假	ok	skip_empty_dummy
melee	9158	ダミー	假	ok	skip_empty_dummy
melee	9159	ダミー	假	ok	skip_empty_dummy
melee	9160	ダミー	假	ok	skip_empty_dummy
melee	9161	ダミー	假	ok	skip_empty_dummy
melee	9162	ダミー	假	ok	skip_empty_dummy
melee	9163	ダミー	假	ok	skip_empty_dummy
melee	9164	ダミー	假	ok	skip_empty_dummy
melee	9165	ダミー	假	ok	skip_empty_dummy
melee	9166	ダミー	假	ok	skip_empty_dummy
melee	9167	ダミー	假	ok	skip_empty_dummy
melee	9168	ダミー	假	ok	skip_empty_dummy
melee	9169	ダミー	假	ok	skip_empty_dummy
melee	9170	ダミー	假	ok	skip_empty_dummy
melee	9171	ダミー	假	ok	skip_empty_dummy
melee	9172	ダミー	假	ok	skip_empty_dummy
melee	9173	ダミー	假	ok	skip_empty_dummy
melee	9174	ダミー	假	ok	skip_empty_dummy
melee	9175	ダミー	假	ok	skip_empty_dummy
melee	9176	ダミー	假	ok	skip_empty_dummy
melee	9177	ダミー	假	ok	skip_empty_dummy
melee	9178	ダミー	假	ok	skip_empty_dummy
melee	9179	ダミー	假	ok	skip_empty_dummy
melee	9180	ダミー	假	ok	skip_empty_dummy
melee	9181	ダミー	假	ok	skip_empty_dummy
melee	9182	ダミー	假	ok	skip_empty_dummy
melee	9183	ダミー	假	ok	skip_empty_dummy
melee	9184	ダミー	假	ok	skip_empty_dummy
melee	9185	ダミー	假	ok	skip_empty_dummy
melee	9186	ダミー	假	ok	skip_empty_dummy
melee	9187	ダミー	假	ok	skip_empty_dummy
melee	9188	ダミー	假	ok	skip_empty_dummy
melee	9189	"Beta Knife ""Spine"""	β刀之棘	ok	ok
melee	9190	"Beta Knife ""Spine"" Ⅱ"	β刀棘Ⅱ	ok	ok
melee	9191	"Beta Knife ""Spine"" Ⅲ"	β刀棘Ⅲ	ok	ok
melee	9192	"Beta Knife ""Spine"" Ⅳ"	β刀棘Ⅳ	ok	ok
melee	9193	"Beta Knife ""Spine"" Ⅴ"	β刀棘Ⅴ	ok	ok
melee	9194	"Exbeta ""Lustrous"""	艾克斯貝塔	ok	ok
melee	9195	"Beta Knife ""Sky"""	β刀空	ok	ok
melee	9196	"Beta Knife ""Sky"" Ⅱ"	β刀空Ⅱ	ok	ok
melee	9197	"Beta Knife ""Sky"" Ⅲ"	β刀空Ⅲ	ok	ok
melee	9198	"Beta Knife ""Sky"" Ⅳ"	β刀空Ⅳ	ok	ok
melee	9199	"Beta Knife ""Sky"" Ⅴ"	β刀空Ⅴ	ok	ok
melee	9200	"Exbeta ""Heavenly"""	艾克斯貝塔天上	ok	ok
melee	9201	Neo Double Beta	新雙貝塔	ok	ok
melee	9202	Neo Double Beta Ⅱ	新雙貝塔Ⅱ	ok	ok
melee	9203	Neo Double Beta Ⅲ	新雙貝塔Ⅲ	ok	ok
melee	9204	Neo Double Beta Ⅳ	新雙貝塔Ⅳ	ok	ok
melee	9205	Neo Double Beta Ⅴ	新雙貝塔Ⅴ	ok	ok
melee	9206	F623・ネオエクレルベータ	F623・涅歐艾庫雷魯貝塔	ok	ok
melee	9207	Stauro Sword	斯阿烏羅剣	ok	ok
melee	9208	Stauro Edge	斯阿烏羅端	ok	ok
melee	9209	Stauro Razor	斯阿烏羅剃刀	ok	ok
melee	9210	Stauro Dancer	斯阿烏羅德阿恩克艾爾	bad	phonetic_salad
melee	9211	Stauro Star	斯阿烏羅星	ok	ok
melee	9212	FC23・クアドラングギブル	FC23・庫阿多拉恩烏吉	ok	ok
melee	9213	Rondu Sword	爾歐恩德烏剣	ok	ok
melee	9214	Rondu Edge	爾歐恩德烏端	ok	ok
melee	9215	Rondu Razor	爾歐恩德烏剃刀	ok	ok
melee	9216	Rondu Dancer	爾歐恩德烏德阿恩克艾爾	bad	phonetic_salad
melee	9217	Rondu Star	爾歐恩德烏星	ok	ok
melee	9218	0224・クアドラングドナス	0224・庫阿多拉恩烏多娜	ok	ok
melee	9219	Claus Hammer	大錘克勒阿烏斯	ok	ok
melee	9220	Claus Mallet	克勒阿烏斯鎚	ok	ok
melee	9221	Claus Pounder	克勒阿烏斯里艾恩	bad	phonetic_salad
melee	9222	Claus Basher	克勒阿烏斯布阿斯哈艾爾	bad	phonetic_salad
melee	9223	0724・クラウスベーン	0724・布艾恩	ok	ok
melee	9224	0824・ヴォールタオゼント	0824・維歐爾烏特阿歐茲	bad	phonetic_salad
melee	9225	Runt Hammer	大錘爾烏恩特	ok	ok
melee	9226	Runt Mallet	爾烏恩特鎚	ok	ok
melee	9227	Runt Pounder	爾烏恩特里艾恩	ok	ok
melee	9228	Runt Basher	創勝攻撃錘	ok	ok
melee	9229	0D24・ルントベーン	0D24・爾烏恩特歐布艾恩	bad	phonetic_salad
melee	9230	0E24・ヴァッシュタオゼント	0E24・維阿維斯哈烏特阿	bad	phonetic_salad
melee	9231	0F24・ガンドシュレディング	0F24・格阿恩德歐斯哈烏	bad	phonetic_salad
melee	9232	1024・ガンドジャヴェロ	1024・格阿恩德歐杰阿維	bad	phonetic_salad
melee	9233	1124・ガンドラムゾフ	1124・格阿恩德歐爾阿姆	bad	phonetic_salad
melee	9234	1224・ガンドヴィズラス	1224・格阿恩德歐維伊茲	bad	phonetic_salad
melee	9235	1324・ガンドバクビート	1324・格阿恩德歐布阿克	bad	phonetic_salad
melee	9236	1424・タリムパブーク	1424・塔里姆波布克	ok	ok
melee	9237	Adonis Lapiz	流浪紫拉皮茲	ok	ok
melee	9238	Adonis Neela	流浪紫涅艾拉	ok	ok
melee	9239	Adonis Mana	流浪紫瑪娜	ok	ok
melee	9240	Adonis Azrac	流浪紫阿茲爾阿克	ok	ok
melee	9241	Adonis Vallari	流浪紫維阿勒勒阿爾伊	ok	ok
melee	9242	Istalion	伊斯特阿勒伊歐恩	bad	phonetic_salad
melee	9243	1B24・メルガイデソルフ	1B24・德索魯芙	ok	ok
melee	9244	1C24・メルガイデラール	1C24・德拉魯	ok	ok
melee	9245	1D24・メルガイデアドム	1D24・德阿多穆	ok	ok
melee	9246	1E24・メルガイデメラハ	1E24・德梅拉哈	ok	ok
melee	9247	1F24・メルガイデエリュテ	1F24・德艾里烏特	ok	ok
melee	9248	2024・ゲリュオペリス	2024・格里烏歐佩里蘇	ok	ok
melee	9249	2124・ノクタブルト	2124・諾克塔布爾托	ok	ok
melee	9250	Lucene Brut	魯瑟涅布爾烏特	ok	ok
melee	9251	Deimos Brut	德艾伊姆歐斯布爾烏特	bad	phonetic_salad
melee	9252	Schwarze Brut	シュワルベブルト	ok	ok
melee	9253	Teronza Brut	特艾爾歐恩茲阿布爾烏特	bad	phonetic_salad
melee	9254	2624・ギリオングラヴェ	2624・吉里歐恩烏拉維	ok	ok
melee	9255	2724・ベロナマッサ	2724・布艾爾歐恩阿姆阿	bad	phonetic_salad
melee	9256	2824・バリオマッサ	2824・布阿爾伊歐姆阿姆	bad	phonetic_salad
melee	9257	2924・スティラマッサ	2924・斯烏特伊爾阿姆阿	bad	phonetic_salad
melee	9258	2A24・シルディスマッサ	2A24・斯哈伊爾烏德伊斯	bad	phonetic_salad
melee	9259	2B24・ウルバンマッサ	2B24・烏爾烏布阿恩姆阿	bad	phonetic_salad
melee	9260	2C24・ジェイダングラヴェ	2C24・吉艾伊達恩烏拉維	ok	ok
melee	9261	2D24・ユーシルディンス	2D24・伊烏斯哈伊爾烏德	bad	phonetic_salad
melee	9262	2E24・ユーブクリソニア	2E24・尤布庫里索尼阿	ok	ok
melee	9263	2F24・ユーマゲンブライア	2F24・伊烏姆阿格艾恩布	bad	phonetic_salad
melee	9264	3024・ユーディクシオン	3024・伊烏德伊克烏斯哈	bad	phonetic_salad
melee	9265	3124・ユーシュプルフ	3124・尤修烏普魯芙	ok	ok
melee	9266	3224・ゼルドナデレット	3224・茲艾爾烏德歐恩阿	bad	phonetic_salad
melee	9267	"Beta Knife ""Spine"""	β刀之棘	ok	ok
melee	9268	"Beta Knife ""Spine"" Ⅱ"	β刀棘Ⅱ	ok	ok
melee	9269	"Beta Knife ""Spine"" Ⅲ"	β刀棘Ⅲ	ok	ok
melee	9270	"Beta Knife ""Spine"" Ⅳ"	β刀棘Ⅳ	ok	ok
melee	9271	"Beta Knife ""Spine"" Ⅴ"	β刀棘Ⅴ	ok	ok
melee	9272	"Exbeta ""Lustrous"""	艾克斯貝塔	ok	ok
melee	9273	"Beta Knife ""Sky"""	β刀空	ok	ok
melee	9274	"Beta Knife ""Sky"" Ⅱ"	β刀空Ⅱ	ok	ok
melee	9275	"Beta Knife ""Sky"" Ⅲ"	β刀空Ⅲ	ok	ok
melee	9276	"Beta Knife ""Sky"" Ⅳ"	β刀空Ⅳ	ok	ok
melee	9277	"Beta Knife ""Sky"" Ⅴ"	β刀空Ⅴ	ok	ok
melee	9278	"Exbeta ""Heavenly"""	艾克斯貝塔天上	ok	ok
melee	9279	Neo Double Beta	新雙貝塔	ok	ok
melee	9280	Neo Double Beta Ⅱ	新雙貝塔Ⅱ	ok	ok
melee	9281	Neo Double Beta Ⅲ	新雙貝塔Ⅲ	ok	ok
melee	9282	Neo Double Beta Ⅳ	新雙貝塔Ⅳ	ok	ok
melee	9283	Neo Double Beta Ⅴ	新雙貝塔Ⅴ	ok	ok
melee	9284	F623・ネオエクレルベータ	F623・涅歐艾庫雷魯貝塔	ok	ok
melee	9285	4524・ベアゴンザッドレ	4524・布艾阿格歐恩茲阿	bad	phonetic_salad
melee	9286	4624・ベアシュロデロン	4624・布艾阿斯哈烏爾歐	bad	phonetic_salad
melee	9287	4724・ベアルオマイアード	4724・貝阿魯歐瑪伊阿多	ok	ok
melee	9288	4824・ベアトラダラード	4824・貝阿托拉達拉多	ok	ok
melee	9289	4924・ベアンブロスデッド	4924・布艾阿恩布烏爾歐	bad	phonetic_salad
melee	9290	4A24・バグズジェミオレ	4A24・巴古祖吉艾米歐雷	ok	ok
melee	9291	4B24・バグズジェミグロ	4B24・巴古祖吉艾米古羅	ok	ok
melee	9292	4C24・バグズジェミリオン	4C24・布阿格烏茲烏杰伊	bad	phonetic_salad
melee	9293	4D24・バグズジェミティエ	4D24・巴古祖吉艾米提艾	ok	ok
melee	9294	4E24・バグズジェミハイト	4E24・巴古祖吉艾米哈伊	ok	ok
melee	9295	4F24・セクタンデュオルヴァ	4F24・斯艾克烏特阿恩德	bad	phonetic_salad
melee	9296	5024・バグズジェミブル	5024・巴古祖吉艾米	ok	ok
melee	9297	5124・バグズジェミラン	5124・布阿格烏茲烏杰伊	bad	phonetic_salad
melee	9298	5224・バグズジェミザイン	5224・布阿格烏茲烏杰伊	bad	phonetic_salad
melee	9299	5324・バグズジェミアビム	5324・巴古祖吉艾米阿比	ok	ok
melee	9300	5424・バグズジェミハイファ	5424・巴古祖吉艾米哈伊	ok	ok
melee	9301	5524・セクタンデュオネイヴ	5524・斯艾克烏特阿恩德	bad	phonetic_salad
melee	9302	5624・ダクスハンク	5624・德阿克烏斯烏哈阿	bad	phonetic_salad
melee	9303	5724・ダクスヒュッテ	5724・德阿克烏斯烏哈伊	bad	phonetic_salad
melee	9304	5824・ダクスフォルム	5824・達庫蘇佛魯穆	ok	ok
melee	9305	5924・ダクスヘルデ	5924・達庫蘇赫魯德	ok	ok
melee	9306	5A24・ダクスホークス	5A24・達庫蘇霍庫蘇	ok	ok
melee	9307	5B24・グローセスインゼル	5B24・格烏爾歐斯艾斯烏	bad	phonetic_salad
melee	9308	Dax Accelerator	達克斯阿克克艾勒艾爾阿	bad	phonetic_salad
melee	9309	5D24・ダクスイェンク	5D24・德阿克烏斯烏伊艾	bad	phonetic_salad
melee	9310	5E24・ダクスヴァルド	5E24・達庫蘇瓦魯多	ok	ok
melee	9311	5F24・ダクスエイムス	5F24・達庫蘇艾伊穆蘇	ok	ok
melee	9312	6024・ダクスオブラーガ	6024・達庫蘇歐布拉加	ok	ok
melee	9313	6124・ガーベルシュトラーセ	6124・加貝魯修烏托拉瑟	ok	ok
melee	9314	Fear Spike	音未來之棘	ok	ok
melee	9315	Fear Snegel	恐斯恩艾格艾勒	ok	ok
melee	9316	6424・フィアスデファン	6424・斯烏德艾夫阿恩	bad	phonetic_salad
melee	9317	6524・フィアスデール	6524・蘇德魯	ok	ok
melee	9318	6624・ヴェルギュテル	6624・維艾爾烏格伊烏特	bad	phonetic_salad
melee	9319	Vio Spike	托吉阿之棘	ok	ok
melee	9320	6824・ヴィオスネゲル	6824・蘇涅格魯	ok	ok
melee	9321	6924・ヴィオスデファン	6924・斯烏德艾夫阿恩	bad	phonetic_salad
melee	9322	6A24・ヴィオスデール	6A24・蘇德魯	ok	ok
melee	9323	6B24・ティーアヴァルド	6B24・提阿瓦魯多	ok	ok
melee	9324	6C24・フィロダス	6C24・菲羅達斯	ok	ok
melee	9325	6D24・フィロダスミュート	6D24・姆伊烏特歐	bad	phonetic_salad
melee	9326	6E24・フィロダススラップ	6E24・斯烏爾阿爾普烏	bad	phonetic_salad
melee	9327	6F24・フィロダススウィープ	6F24・蘇威普	ok	ok
melee	9328	7024・ユニゾンレイキング	7024・伊烏恩伊茲歐恩爾	bad	phonetic_salad
melee	9329	7124・フュアコル	7124・芙尤阿科魯	ok	ok
melee	9330	7224・フュアコルミュート	7224・夫烏伊烏阿克歐爾	bad	phonetic_salad
melee	9331	7324・フュアコルスラップ	7324・夫烏伊烏阿克歐爾	bad	phonetic_salad
melee	9332	7424・フュアコルスウィープ	7424・芙尤阿科魯蘇威普	ok	ok
melee	9333	7524・ユニゾンオルタネイト	7524・伊烏恩伊茲歐恩歐	bad	phonetic_salad
melee	9334	G-TUNE Sword	Ｇ圖涅剣	ok	ok
melee	9335	G-TUNE Edge	Ｇ－ＴＵＮＥ之刃	ok	ok
melee	9336	G-TUNE Buster	Ｇ－ＴＵＮＥ破壞者	ok	ok
melee	9337	G-TUNE Saber	Ｇ－ＴＵＮＥ騎兵	ok	ok
melee	9338	Aurora G-TUNE Blade	極光Ｇ圖涅刃	ok	ok
melee	9339	G Radius Ⅰ	Ｇ半徑Ⅰ	ok	ok
melee	9340	G Radius Ⅱ	Ｇ半徑Ⅱ	ok	ok
melee	9341	G Radius Ⅲ	Ｇ半徑Ⅲ	ok	ok
melee	9342	G Radius Ⅳ	Ｇ半徑Ⅳ	ok	ok
melee	9343	Aurora G-TUNE Radius	極光Ｇ圖涅終極征	ok	ok
melee	9344	War God Great Sword	戦神偉大剣	ok	ok
melee	9345	Mystery God Great Sword	謎神偉大剣	ok	ok
melee	9346	Brave God Great Sword	勇神偉大剣	ok	ok
melee	9347	Power God Great Sword	力量神偉大剣	ok	ok
melee	9348	Lonely Black Sky Sword	勒歐恩艾勒伊黑空剣	bad	phonetic_salad
melee	9349	Heavenly Black Sky Sword	天上黒空剣	ok	ok
melee	9350	8624・黒天凱餓狼ノ剣	8624・黒天凱餓狼NO剣	ok	ok
melee	9351	8724・黒天凱豺狼ノ剣	8724・黒天凱豺狼NO剣	ok	ok
melee	9352	8824・巫山緑翁ノ大剣	8824・巫山緑翁NO大剣	ok	ok
melee	9353	8924・巫山雲珠ノ大剣	8924・巫山雲珠NO大剣	ok	ok
melee	9354	8A24・巫山穿姫ノ大剣	8A24・巫山穿姫NO大剣	ok	ok
melee	9355	8B24・巫山夢幻之大剣	8B24・巫山夢幻之大剣	ok	ok
melee	9356	8C24・撃刃紅我ノ大剣	8C24・撃刃紅我NO大剣	ok	ok
melee	9357	8D24・激堵紅我ノ大剣	8D24・激堵紅我NO大剣	ok	ok
melee	9358	8E24・隙剰紅我ノ大剣	8E24・隙剰紅我NO大剣	ok	ok
melee	9359	8F24・火檄紅我ノ大剣	8F24・火檄紅我NO大剣	ok	ok
melee	9360	9024・白天凱孤狼ノ剣	9024・白天凱孤狼NO剣	ok	ok
melee	9361	9124・白天凱天狼ノ剣	9124・白天凱天狼NO剣	ok	ok
melee	9362	9224・白天凱餓狼ノ剣	9224・白天凱餓狼NO剣	ok	ok
melee	9363	9324・白天凱豺狼ノ剣	9324・白天凱豺狼NO剣	ok	ok
melee	9364	Paxie Loam	波克西壤土	ok	ok
melee	9365	Paxie Roll	波克西卷	ok	ok
melee	9366	Paxie Rose	波克西薔薇	ok	ok
melee	9367	Paxia Loria	波克西亞・洛里亞	ok	ok
melee	9368	Fighter Zora	夫伊格哈特艾爾佐拉	bad	phonetic_salad
melee	9369	Fighter Zoi	夫伊格哈特艾爾佐伊	bad	phonetic_salad
melee	9370	9A24・ファイタルゾマデス	9A24・法伊塔魯佐瑪德蘇	ok	ok
melee	9371	9B24・ファイタルゾラガス	9B24・法伊塔魯佐拉加蘇	ok	ok
melee	9372	9C24・エメラームヴァング	9C24・艾梅拉穆	ok	ok
melee	9373	9D24・エメラームヴァンゼ	9D24・艾姆艾爾阿姆烏維	bad	phonetic_salad
melee	9374	9E24・エメラームヴァスラ	9E24・艾梅拉穆瓦蘇拉	ok	ok
melee	9375	9F24・エメラームヴァミラ	9F24・艾梅拉穆瓦米拉	ok	ok
melee	9376	A024・リーズリーソニア	A024・里祖里索尼阿	ok	ok
melee	9377	A124・リーズリーラニア	A124・里祖里拉尼阿	ok	ok
melee	9378	A224・リーズリーミリア	A224・里祖里米里阿	ok	ok
melee	9379	A324・リーズリーソニカル	A324・里祖里索尼可魯	ok	ok
melee	9380	Cinder Liste	克伊恩德艾爾利斯艾	bad	phonetic_salad
melee	9381	Cinder Listel	克伊恩德艾爾勒伊斯特艾勒	bad	phonetic_salad
melee	9382	Cinder Listes	克伊恩德艾爾勒伊斯特艾斯	bad	phonetic_salad
melee	9383	A724・シンドルリズリー	A724・斯哈伊恩德歐爾烏	bad	phonetic_salad
melee	9384	A824・ガスギャルド	A824・格阿斯烏格伊阿爾	bad	phonetic_salad
melee	9385	A924・ガスパールネスタ	A924・加斯波爾内斯塔	ok	ok
melee	9386	AA24・ガスパーダエラージア	AA24・加斯波大艾拉吉亞	ok	ok
melee	9387	AB24・ギュエルレアンド	AB24・格伊烏艾爾烏爾艾	bad	phonetic_salad
melee	9388	AC24・エグゼルグリード	AC24・艾古澤魯	ok	ok
melee	9389	AD24・エゼキルグリフィア	AD24・艾澤奇魯古里	ok	ok
melee	9390	AE24・エゼキルトニエッド	AE24・艾澤奇魯托尼艾艾	ok	ok
melee	9391	AF24・ベルトドットナジー	AF24・布艾爾烏特歐德歐	bad	phonetic_salad
melee	9392	B024・アプソロンジーク	B024・阿普烏斯歐爾歐恩	bad	phonetic_salad
melee	9393	B124・アプソロシュベック	B124・阿普烏斯歐爾歐斯	bad	phonetic_salad
melee	9394	B224・アプソウローラットド	B224・阿普烏斯歐烏爾歐	bad	phonetic_salad
melee	9395	B324・ドルソークイア	B324・多魯索庫伊阿	ok	ok
melee	9396	B424・ナーディスヴェア	B424・娜迪蘇維阿	ok	ok
melee	9397	B524・ナーディズシークラ	B524・娜迪祖修伊庫拉	ok	ok
melee	9398	B624・ナーディバルトロット	B624・恩阿德伊布阿爾烏	bad	phonetic_salad
melee	9399	B724・ホウチェカフロ	B724・霍烏奇伊艾可芙羅	ok	ok
melee	9400	B824・ハユリュネード	B824・哈尤里烏涅多	ok	ok
melee	9401	B924・ハユリュウルリカ	B924・哈尤里烏烏魯里可	ok	ok
melee	9402	BA24・ハユリュスサンカリ	BA24・哈阿伊烏爾伊烏斯	bad	phonetic_salad
melee	9403	BB24・ヘイモネン	BB24・哈艾伊姆歐恩艾恩	bad	phonetic_salad
melee	9404	BC24・ロジベルン	ＢＣ24・布艾爾烏恩	bad	phonetic_salad
melee	9405	BD24・ロジグラート	BD24・古拉托	ok	ok
melee	9406	BE24・ロジアルメント	BE24・爾歐姆艾恩特歐	bad	phonetic_salad
melee	9407	BF24・ロジバーゼル	BF24・巴澤魯	ok	ok
melee	9408	C024・ロジブリエンツ	C024・布烏爾伊艾恩特斯	bad	phonetic_salad
melee	9409	C124・グリンデルクロイツ	C124・格烏爾伊恩德艾爾	bad	phonetic_salad
melee	9410	Furious Surprise	狂斯烏爾普爾伊斯艾	bad	phonetic_salad
melee	9411	ダミー	假	ok	skip_empty_dummy
melee	9412	ダミー	假	ok	skip_empty_dummy
melee	9413	ダミー	假	ok	skip_empty_dummy
melee	9414	Gold Blade	戈魯德刃	ok	ok
melee	9415	Gold Emmerich	金艾姆姆艾爾伊克哈	bad	phonetic_salad
melee	9416	C824・ゴルードファティメス	C824・戈魯多法提梅蘇	ok	ok
melee	9417	C924・ゴルードニガルス	C924・戈魯多尼加魯蘇	ok	ok
melee	9418	CA24・ゴルゴンルブレット	CA24・格歐爾烏格歐恩爾	bad	phonetic_salad
melee	9419	CB24・クレメッタムート	CB24・克烏爾艾姆艾姆特	bad	phonetic_salad
melee	9420	CC24・クレメントカープロ	CC24・克烏爾艾姆艾恩特	bad	phonetic_salad
melee	9421	CD24・クレメンタカレヴィ	CD24・克烏爾艾姆艾恩特	bad	phonetic_salad
melee	9422	CE24・クレメンタトリープ	CE24・克烏爾艾姆艾恩特	bad	phonetic_salad
melee	9423	CF24・エルヴィンヴォレック	CF24・艾爾烏維伊恩維歐	bad	phonetic_salad
melee	9424	D024・バルゼアラカット	D024・布阿爾烏茲艾阿爾	bad	phonetic_salad
melee	9425	D124・バルゼネスティーダ	D124・巴魯澤涅蘇提達	ok	ok
melee	9426	D224・バルセルミドンテート	D224・布阿爾烏斯艾爾烏	bad	phonetic_salad
melee	9427	D324・バルセルスバロウ	D324・巴魯瑟魯蘇	ok	ok
melee	9428	D424・アドット・クヴィスバ	D424・阿德歐德特歐・庫維蘇巴	ok	ok
melee	9429	Helvard	哈艾勒維阿爾德	ok	ok
melee	9430	Helvard Les	哈艾勒維阿爾德勒艾斯	bad	phonetic_salad
melee	9431	Helvard Lami	哈艾勒維阿爾德拉米	bad	phonetic_salad
melee	9432	Helvard Lhyme	哈艾勒維阿爾德勒哈伊姆艾	bad	phonetic_salad
melee	9433	Hell Levinard	地獄勒艾維伊恩阿爾德	bad	phonetic_salad
melee	9434	DA24・ヒュ・テオパルド	DA24・休・泰奧波爾德	ok	ok
melee	9435	DB24・ヒュ・コンド	DB24・哈伊烏・克歐恩德歐	bad	phonetic_salad
melee	9436	DC24・ヒュ・クレメンテ	DC24・哈伊烏・克烏爾艾姆艾恩特	bad	phonetic_salad
melee	9437	DD24・ヒュ・セスランガ	DD24・哈伊烏・瑟蘇拉恩阿	bad	phonetic_salad
melee	9438	DE24・モーデスルランガ	DE24・莫德蘇魯拉恩阿	ok	ok
melee	9439	DF24・タイダラルーベン	DF24・特阿伊德阿爾阿爾	bad	phonetic_salad
melee	9440	E024・タイダラナタエルン	E024・特阿伊德阿爾阿恩	bad	phonetic_salad
melee	9441	E124・タイダラセイバトール	E124・塔伊達拉瑟伊巴托	ok	ok
melee	9442	E224・タイダラリベル	E224・塔伊達拉里貝魯	ok	ok
melee	9443	E324・タイダンレジェス	E324・特阿伊德阿恩爾艾	bad	phonetic_salad
melee	9444	Genome Slasher	格諾梅斬	ok	ok
melee	9445	Genome Storm	格諾梅風暴	ok	ok
melee	9446	Genome Wind	格諾梅風	ok	ok
melee	9447	Genome Energy	格諾梅気	ok	ok
melee	9448	Ultimate Biochemestry	究極比歐奇艾梅斯里	ok	ok
melee	9449	Proteus Brant	普爾歐特艾烏斯布爾阿恩特	bad	phonetic_salad
melee	9450	Proteus Striker	普爾歐特艾烏斯打撃	bad	phonetic_salad
melee	9451	Proteus Impact	普爾歐特艾烏斯衝撃	bad	phonetic_salad
melee	9452	Proteus Flames	普爾歐特艾烏斯焔	bad	phonetic_salad
melee	9453	Biotechnology	布伊歐特艾克哈恩	bad	phonetic_salad
melee	9454	Bio Smasher	流浪紫粉碎	ok	ok
melee	9455	Bio Provider	流浪紫普爾歐維伊德艾爾	ok	ok
melee	9456	Bio Chroma	流浪紫彩色	ok	ok
melee	9457	Biogenetics	布伊歐格艾恩艾特	bad	phonetic_salad
melee	9458	F224・バイオンネンボーグ	F224・恩恩艾恩布歐格烏	bad	phonetic_salad
melee	9459	Physio Stamper	未來迪斯特阿姆普艾爾	bad	phonetic_salad
melee	9460	Physio Grinder	未來迪格爾伊恩德艾爾	bad	phonetic_salad
melee	9461	Physio Breaker	未來迪破壞	ok	ok
melee	9462	Physio Pounder	未來迪里艾恩	ok	ok
melee	9463	Bioinformatics	布伊歐伊恩夫歐爾	bad	phonetic_salad
melee	9464	F824・スパインディヴォル	F824・斯烏普阿伊恩德伊	bad	phonetic_salad
melee	9465	F924・カンタディヴォル	F924・克阿恩特阿德伊維	bad	phonetic_salad
melee	9466	FA24・ティゲンディヴォル	FA24・特伊格艾恩德伊維	bad	phonetic_salad
melee	9467	FB24・ケイパーディヴォル	FB24・凱珀迪沃爾	ok	ok
melee	9468	Balt Beelzebub	布阿勒特布艾艾勒茲艾布烏	bad	phonetic_salad
melee	9469	Naranjavolo	恩阿爾阿恩杰阿維	bad	phonetic_salad
melee	9470	Mandajavolo	姆阿恩德阿杰阿維	bad	phonetic_salad
melee	9471	Olenjavolo	歐勒艾恩杰阿維歐	bad	phonetic_salad
melee	9472	Marumjavolo	姆阿爾烏姆杰阿維	bad	phonetic_salad
melee	9473	Medek Beelzebub	姆艾德艾克布艾艾勒茲艾布烏	bad	phonetic_salad
melee	9474	Sealed Falchion Ⅰ	封剣法爾西昂Ⅰ	ok	ok
melee	9475	Sealed Falchion Ⅱ	封剣法爾西昂Ⅱ	ok	ok
melee	9476	Sealed Falchion Ⅲ	封剣法爾西昂Ⅲ	ok	ok
melee	9477	Sealed Falchion Ⅳ	封剣法爾西昂Ⅳ	ok	ok
melee	9478	Exalted Falchion	艾克斯阿勒特艾德夫阿勒克哈伊歐恩	bad	phonetic_salad
melee	9479	Parallel Falchion Ⅰ	裡剣法爾西昂Ⅰ	ok	ok
melee	9480	Parallel Falchion Ⅱ	裡剣法爾西昂Ⅱ	ok	ok
melee	9481	Parallel Falchion Ⅲ	裡剣法爾西昂Ⅲ	ok	ok
melee	9482	Parallel Falchion Ⅳ	裡剣法爾西昂Ⅳ	ok	ok
melee	9483	Parallel Falchion Ⅴ	裡剣法爾西昂Ⅴ	ok	ok
melee	9484	Rebellion I	叛逆Ⅰ	ok	ok
melee	9485	Rebellion II	叛逆Ⅱ	ok	ok
melee	9486	Rebellion III	叛逆Ⅲ	ok	ok
melee	9487	Rebellion IV	叛逆Ⅳ	ok	ok
melee	9488	Rebellion V	叛逆Ⅴ	ok	ok
melee	9489	Rebellion Kai I	叛逆改Ⅰ	ok	ok
melee	9490	Rebellion Kai II	叛逆改Ⅱ	ok	ok
melee	9491	Rebellion Kai III	叛逆改Ⅲ	ok	ok
melee	9492	Rebellion Kai IV	叛逆改Ⅳ	ok	ok
melee	9493	Rebellion Kai V	叛逆改Ⅴ	ok	ok
melee	9494	1625・ケミライドソード	1625・凱米拉伊多索多	ok	ok
melee	9495	1725・ケミイベンタソード	1725・克艾姆伊伊布艾恩	bad	phonetic_salad
melee	9496	1825・ケミベルテッドソード	1825・克艾姆伊布艾爾烏	bad	phonetic_salad
melee	9497	1925・ドレーヴォンガ	1925・多雷沃恩阿	ok	ok
melee	9498	1A25・ドレーアンゲルッダ	1A25・德歐爾艾阿恩格艾	bad	phonetic_salad
melee	9499	1B25・トロノヴァソード	1B25・托羅諾瓦索多	ok	ok
melee	9500	1C25・トロルギッドソード	1C25・特歐爾歐爾烏格伊	bad	phonetic_salad
melee	9501	1D25・トロノアデランソード	1D25・特歐爾歐恩歐阿德	bad	phonetic_salad
melee	9502	1E25・ロリッチダーシェ	1E25・爾歐爾伊爾克哈伊	bad	phonetic_salad
melee	9503	1F25・ロリッチボディール	1F25・爾歐爾伊爾克哈伊	bad	phonetic_salad
melee	9504	2025・バトースシーク	2025・巴托蘇修伊庫	ok	ok
melee	9505	2125・バトースネリカル	2125・巴托蘇涅里可魯	ok	ok
melee	9506	2225・バトースブリテット	2225・布阿特歐斯烏布烏	bad	phonetic_salad
melee	9507	2325・ルトゥ・ソード	2325・魯圖・索多	ok	ok
melee	9508	2425・ルトゥーニ・ソード	2425・魯圖尼・索多	ok	ok
melee	9509	2525・ルトゥ・ダランソード	2525・魯圖・德阿爾阿恩斯歐德	bad	phonetic_salad
melee	9510	2625・グザッダルンガ	2625・古扎茲達魯恩阿	ok	ok
melee	9511	2725・グザッダージャモン	2725・格烏茲阿茲德阿杰	bad	phonetic_salad
melee	9512	2825・グザンダージャーマレ	2825・格烏茲阿恩德阿杰	bad	phonetic_salad
melee	9513	2925・ディナンラーク	2925・德伊恩阿恩爾阿克	bad	phonetic_salad
melee	9514	2A25・ディナンブリッタ	2A25・德伊恩阿恩布烏爾	bad	phonetic_salad
melee	9515	2B25・ディナベルディッド	2B25・德伊恩阿布艾爾烏	bad	phonetic_salad
melee	9516	2C25・ラッドバイソナー	2C25・爾阿爾德歐布阿伊	bad	phonetic_salad
melee	9517	2D25・ラッドソボルドーナ	2D25・爾阿爾德歐斯歐布	bad	phonetic_salad
melee	9518	Crimson Blade	深紅刃	ok	ok
melee	9519	Glittering Crimson Blade	煌めく深紅刃	ok	ok
melee	9520	Shining Crimson Katana	輝耀深紅刀	ok	ok
melee	9521	Sealed Crimson Katana	恩流浪深紅刀	bad	type_phonetic
melee	9522	Brilliant Crimson Blade	比納桃深紅刃	ok	ok
melee	9523	Violet Katana	紫刀	ok	ok
melee	9524	Violet Spirit Katana	紫霊刀	ok	ok
melee	9525	Shining Violet Katana	輝耀紫刀	ok	ok
melee	9526	Sealed Violet Katana	恩流浪紫刀	bad	type_phonetic
melee	9527	Brilliant Crimson Katana	比納桃深紅刀	ok	ok
melee	9528	Gold Katana	戈魯德刀	ok	ok
melee	9529	Gold Duststorm Katana	金德烏斯特斯特歐爾刀	bad	type_phonetic
melee	9530	Extinction Gold Katana	艾克斯特伊恩克特金刀	bad	type_phonetic
melee	9531	White Hail Katana	白雹刀	ok	ok
melee	9532	White Sleet Katana	白斯勒艾艾特刀	bad	type_phonetic
melee	9533	White Comet Sleet Katana	白彗星斯勒艾艾特刀	bad	type_phonetic
melee	9534	Clear White Sleet Katana	透白斯勒艾艾特刀	bad	type_phonetic
melee	9535	Shore White Sleet Katana	岸白斯勒艾艾特刀	bad	type_phonetic
melee	9536	4025・青嵬ノ太刀	4025・青嵬NO太刀	ok	ok
melee	9537	4125・青嵬臨ノ太刀	4125・青嵬臨NO太刀	ok	ok
melee	9538	4225・青嵬臨ノ太刀【翔】	4225・青嵬臨NO太刀翔	ok	ok
melee	9539	4325・蒼臨孔雀ノ太刀【華】	4325・蒼臨孔雀NO太刀華	ok	ok
melee	9540	4425・蒼臨孔雀ノ太刀【雅】	4425・蒼臨孔雀NO太刀雅	ok	ok
melee	9541	4525・翡翠祈ノ太刀	4525・翡翠祈NO太刀	ok	ok
melee	9542	4625・翡翠戰祈ノ太刀	4625・翡翠戦祈NO太刀	ok	ok
melee	9543	4725・翡翠戰祈ノ太刀【我】	4725・翡翠戦祈NO太刀我	ok	ok
melee	9544	4825・巖翔翠祈ノ太刀【己】	4825・巖翔翠祈NO太刀己	ok	ok
melee	9545	4925・巖翔翠祈ノ太刀【奉】	4925・巖翔翠祈NO太刀奉	ok	ok
melee	9546	4A25・ディアマリベト	4A25・瑪里貝托	ok	ok
melee	9547	4B25・ディアマヴォント	4B25・姆阿維歐恩特歐	bad	phonetic_salad
melee	9548	4C25・ディアマカデナ	4C25・瑪可德娜	ok	ok
melee	9549	4D25・ジュアマン＝カッシェ	4D25・杰烏阿姆阿恩＝克阿克斯哈伊艾	bad	phonetic_salad
melee	9550	4E25・ジュアマン＝プロジオ	4E25・杰烏阿姆阿恩＝普歐	bad	phonetic_salad
melee	9551	4F25・ジュアマンエプラシア	4F25・朱阿瑪涅普拉修伊	ok	ok
melee	9552	"PrideSaw ""Blueprint"""	普伊德鋸設計図	ok	ok
melee	9553	"PrideSaw ""Test"""	普伊德鋸	ok	ok
melee	9554	"PrideSaw ""Final"""	普伊德鋸決勝	ok	ok
melee	9555	"PrideSaw ""Solidary"""	普伊德鋸	ok	ok
melee	9556	"PrideSaw ""Conceit"""	普伊德鋸	ok	ok
melee	9557	"PrideSaw ""Contemplation"""	普伊德鋸	ok	ok
melee	9558	BattledoreKnife	羽子板刀	ok	ok
melee	9559	"BattledoreKnife ""Clear"""	羽子板刀【透】	ok	ok
melee	9560	"BattledoreKnife ""Cloudy"""	羽子板刀	ok	ok
melee	9561	5925・羽子板ナイフ【粧】	5925・羽子板娜伊芙粧	ok	ok
melee	9562	"BattledoreKnife ""Pray"""	羽子板刀	ok	ok
melee	9563	"BattledoreKnife ""Life"""	羽子板刀命	ok	ok
melee	9564	Cutie Gift	庫提艾贈礼	ok	ok
melee	9565	Cutie Heart	庫提艾心	ok	ok
melee	9566	Cutie Attack	庫提艾攻撃	ok	ok
melee	9567	Cutie Amber	庫提艾琥珀	ok	ok
melee	9568	Cutie Epodos	庫提艾艾普歐德歐斯	bad	phonetic_salad
melee	9569	Love Flame	愛炎	ok	ok
melee	9570	Flower Drum	花鼓	ok	ok
melee	9571	Flower Drum Ring	花鼓環	ok	ok
melee	9572	Flower Drum Echo	花鼓響	ok	ok
melee	9573	Flower Drum Invitation	花鼓拉比納	ok	ok
melee	9574	Flower Drum Confusion	花德爾烏姆克歐恩夫烏斯伊歐	bad	phonetic_salad
melee	9575	Flower Drum Fascination	花德爾烏姆夫阿斯克伊恩阿特	bad	phonetic_salad
melee	9576	Icing Killer	伊西恩殺	ok	ok
melee	9577	6925・アイシングゼルガーマ	6925・阿伊修伊恩烏澤魯	bad	phonetic_salad
melee	9578	6A25・アイシングベルガーダ	6A25・阿伊修伊恩烏貝魯	bad	phonetic_salad
melee	9579	6B25・アイシングドルフーデ	6B25・阿伊修伊恩烏多魯	bad	phonetic_salad
melee	9580	6C25・アイシングダラート	6C25・阿伊修伊恩烏達拉	bad	phonetic_salad
melee	9581	6D25・アイシンピュアレンス	6D25・阿伊斯哈伊恩普伊	bad	phonetic_salad
melee	9582	Cherry Riot	比納桃紫黑鍵	ok	ok
melee	9583	"Cherry Riot ""Bud"""	比納桃紫黑鍵芽	ok	ok
melee	9584	"Cherry Riot ""Flowering"""	比納桃紫黑鍵弗歐韋里恩	ok	ok
melee	9585	"Cherry Riot ""NewBloom"""	比納桃紫黑鍵新花	ok	ok
melee	9586	"Cherry Riot ""LateBloom"""	比納桃紫黑鍵	ok	ok
melee	9587	"Cherry Riot ""FullBloom"""	比納桃紫黑鍵全花	ok	ok
melee	9588	7425・大海君神ヴォルノボリ	7425・大海君神沃魯諾波里	ok	ok
melee	9589	7525・爆熱君神ヴォルノボリ	7525・爆熱君神沃魯諾波里	ok	ok
melee	9590	"Moon Iris Sword ""Guard"""	月姆努波剣守衛	ok	ok
melee	9591	Princess Sasa's Thoughts	小竹姫之心意	ok	ok
melee	9592	Meeting Stars Bamboo	梅艾提恩斯特阿爾斯竹	bad	phonetic_salad
melee	9593	Stars Twinkle	斯特阿爾斯特瓦伊恩克勒艾	bad	phonetic_salad
melee	9594	7A25・ソルエルポワニール	7A25・索魯艾魯波瓦尼魯	ok	ok
melee	9595	Sol el Kjarr	日輪EL克杰阿爾爾	ok	ok
melee	9596	Schwarzdorf	斯克哈瓦阿爾茲德	bad	phonetic_salad
melee	9597	Schwarzweg	黑色山道	ok	ok
melee	9598	7E25・ゲヴィッタポワニール	7E25・格艾維伊維特阿普	bad	phonetic_salad
melee	9599	7F25・ソルエルオプグナー	7F25・索魯艾魯歐普古娜	ok	ok
melee	9600	8025・ソルエルグナティオ	8025・索魯艾魯古娜提歐	ok	ok
melee	9601	8125・シュヴァルツトーア	8125・斯哈烏維阿爾烏特	bad	phonetic_salad
melee	9602	8225・シュヴァルツテューア	8225・斯哈烏維阿爾烏特	bad	phonetic_salad
melee	9603	8325・ゲヴィッタオプグナー	8325・格艾維伊維特阿歐	bad	phonetic_salad
melee	9604	8425・ソルエルファーブラ	8425・索魯艾魯法布拉	ok	ok
melee	9605	8525・ソルエルプエリーリス	8525・索魯艾魯普艾里里	ok	ok
melee	9606	Schwarz Br?cke	黑色橋梁	ok	ok
melee	9607	Schwarz Canal	斯克哈瓦阿爾茲克阿恩阿勒	bad	phonetic_salad
melee	9608	8825・ゲヴィッタファーブラ	8825・格艾維伊維特阿夫	bad	phonetic_salad
melee	9609	8925・ゲヴィッタクスフ	8925・格艾維伊維特阿克	bad	phonetic_salad
melee	9610	8A25・ゲヴィッタマルト	8A25・格艾維伊維特阿特	bad	phonetic_salad
melee	9611	8B25・ゲヴィッタメタリエ	8B25・格艾維伊維特阿姆	bad	phonetic_salad
melee	9612	8C25・ヴォーラマヒート	8C25・沃拉瑪希托	ok	ok
melee	9613	Vola Doppelt	沃拉德歐普普艾勒特	bad	phonetic_salad
melee	9614	Vola Messer	沃拉姆艾斯斯艾爾	bad	phonetic_salad
melee	9615	8F25・ヴォーラレヴィエ	8F25・沃拉雷	ok	ok
melee	9616	9025・ヴォーラカピール	9025・沃拉可皮魯	ok	ok
melee	9617	Vola Ambush	沃拉阿姆布烏斯哈	bad	phonetic_salad
melee	9618	Vola Ave	沃拉阿維	ok	ok
melee	9619	9325・ヴォーラホーン	9325・維歐爾阿哈歐恩	bad	phonetic_salad
melee	9620	9425・ノーブルクシフ	9425・諾庫修伊芙	ok	ok
melee	9621	9525・ノーブルシーフォ	9525・諾修伊佛	ok	ok
melee	9622	9625・ノーブルシフォス	9625・諾修伊佛蘇	ok	ok
melee	9623	9725・アスールズヴィエ	9725・阿蘇魯祖	ok	ok
melee	9624	9825・ノーブルポーラ	9825・諾波拉	ok	ok
melee	9625	9925・ノーブルモート	9925・諾莫托	ok	ok
melee	9626	9A25・ノーブルモロット	9A25・恩歐姆歐爾歐爾特	bad	phonetic_salad
melee	9627	9B25・アスールスフィール	9B25・阿蘇魯蘇菲魯	ok	ok
melee	9628	"Cat Hand ""Bandit"""	猫手	ok	ok
melee	9629	"Cat Hand ""Great Bandit"""	猫手	ok	ok
melee	9630	"BattledorSword""Lust"""	布阿特特勒艾德歐剣魯斯	bad	phonetic_salad
melee	9631	"BattledorSword""Gluttony"""	布阿特特勒艾德歐剣格勒烏特特歐恩伊	bad	phonetic_salad
melee	9632	"Twin Battledore ""Yoshi"""	球紋章羽子板	ok	ok
melee	9633	"Twin Battledore ""Crow"""	球紋章羽子板	ok	ok
melee	9634	Celebrity Butterfly	克艾勒艾布爾伊特蝶	bad	phonetic_salad
melee	9635	Queen Butterfly	女王蝶	ok	ok
melee	9636	Gentle Human	柔哈烏姆阿恩	ok	ok
melee	9637	Elegante	艾勒艾格阿恩特艾	bad	phonetic_salad
melee	9638	A625・ガウ・カリバ	A625・加烏・可里巴	ok	ok
melee	9639	Gauss Lasher	格阿烏斯斯勒阿斯哈艾爾	bad	phonetic_salad
melee	9640	"Battledore Blade ""Yoshi"""	羽子板刃約修伊	ok	ok
melee	9641	"Battledore Blade ""Crow"""	羽子板刃克爾歐瓦	bad	phonetic_salad
melee	9642	Cunning Blade	克烏恩恩伊恩格刃	bad	phonetic_salad
melee	9643	Fraud Blade	夫爾阿烏德刃	ok	ok
melee	9644	Fear Heart	音未來心	ok	ok
melee	9645	Dream Heart	夢心	ok	ok
melee	9646	AE25・奇王刀【雅楽】	AE25・奇王刀【雅楽】	ok	ok
melee	9647	AF25・奇王刀【舞斬】	AF25・奇王刀【舞斬】	ok	ok
melee	9648	"Battledore ""Fright"""	羽子板	ok	ok
melee	9649	"Battledore ""Leaf"""	羽子板之【葉】	ok	ok
melee	9650	Candy Rise	糖果昇	ok	ok
melee	9651	Candy Vortex	糖果維歐爾特艾克斯	bad	phonetic_salad
melee	9652	Extra Hina Fes	特別雛祭之剣	ok	ok
melee	9653	Ultra Hina Fes	超希娜夫艾斯	ok	ok
melee	9654	"Uzuki ""Sakura Lunatic"""	烏祖奇桜狂	ok	ok
melee	9655	Eterno Gifts	艾特艾爾恩歐禮物	bad	phonetic_salad
melee	9656	Future Gifts	未來禮物	ok	ok
melee	9657	"BattledorHammer""Open"""	大錘布阿特特勒艾德歐歐普艾恩	bad	phonetic_salad
melee	9658	"BattledorHammer""Curtain"""	大錘布阿特特勒艾德歐毛毒怪	bad	phonetic_salad
melee	9659	Anteka's Quint	雪鹿・五號	ok	ok
melee	9660	Anteka's Cinqui?me	雪鹿・五	ok	ok
melee	9661	BD25・ロリポップ・チスパ	BD25・棒棒糖・奇斯波	ok	ok
melee	9662	Lollipop Shock	勒歐勒勒伊普歐普斯哈歐克克	bad	phonetic_salad
melee	9663	Sweet Rondo	甘輪旋	ok	ok
melee	9664	Sweet Serenade	柔美小夜曲	ok	ok
melee	9665	Cha Cha Turn	奇面族奏笛	ok	ok
melee	9666	Cha Cha Lilliant	奇阿奇阿勒伊勒勒伊阿恩特	bad	phonetic_salad
melee	9667	Merry Great	姆艾爾爾伊大	ok	ok
melee	9668	Merry Gloria	姆艾爾爾伊格歐里阿	bad	phonetic_salad
melee	9669	Shace	奇奇槍	ok	ok
melee	9670	Sha	修阿	ok	ok
melee	9671	Pure Heart	純心	ok	ok
melee	9672	Strong Heart	堅心	ok	ok
melee	9673	Dadndy Dumpty	德阿德恩德伊德烏姆普特伊	bad	phonetic_salad
melee	9674	Dandy Master	德阿恩德伊大師	ok	ok
melee	9675	"Odai Rikagra ""Relief"""	歐達伊里可格阿章觸媒	ok	ok
melee	9676	"Odai Rikagra ""Soaring"""	歐達伊里可格阿索阿里恩	bad	phonetic_salad
melee	9677	"TreeOrnamentGL ""Sunrise"""	銃槍木飾品日出	ok	ok
melee	9678	"TreeOrnamentGL ""Summer"""	銃槍木飾品夏	ok	ok
melee	9679	Golden Thornblade	黄金刺刃	ok	ok
melee	9680	Armored Crimson Katana	阿爾姆歐爾艾德深紅刀	bad	type_phonetic
melee	9681	Akurashot Micro Crystal	阿克烏爾阿斯哈歐米克歐晶	bad	phonetic_salad
melee	9682	Akurashot Quasi Crystal	阿克烏爾阿斯哈歐奎阿西晶	bad	phonetic_salad
melee	9683	Akurashot Poly Crystal	阿克烏爾阿斯哈歐普歐勒伊晶	bad	phonetic_salad
melee	9684	Akurashot True Crystal	阿克烏爾阿斯哈歐真晶	bad	phonetic_salad
melee	9685	"Zeru Cutter ""Light"""	澤魯切輕	ok	ok
melee	9686	"Zeru Storms ""Light"""	澤魯嵐輕	ok	ok
melee	9687	"Zeru Render ""Light"""	澤魯爾艾恩德艾爾輕	bad	phonetic_salad
melee	9688	"Zeru Flow ""Light"""	澤魯流輕	ok	ok
melee	9689	"Zeru Drill ""Light"""	澤魯錐輕	ok	ok
melee	9690	"Zeru Bomber ""Light"""	澤魯布歐姆布艾爾輕	bad	phonetic_salad
melee	9691	"Zeru Basher ""Light"""	澤魯布阿斯哈艾爾輕	bad	phonetic_salad
melee	9692	"Zeru Bomber ""Gleam"""	澤魯布歐姆布艾爾急証明	bad	phonetic_salad
melee	9693	"Zeru Cutter ""Gleam"""	澤魯切急証明	ok	ok
melee	9694	"Zeru Storms ""Gleam"""	澤魯嵐急証明	ok	ok
melee	9695	"Zeru Render ""Gleam"""	澤魯爾艾恩德艾爾急証明	bad	phonetic_salad
melee	9696	"Zeru Flow ""Gleam"""	澤魯流急証明	ok	ok
melee	9697	"Zeru Drill ""Gleam"""	澤魯錐急証明	ok	ok
melee	9698	"Zeru Bomber ""Dazzle"""	澤魯布歐姆布艾爾達茲茲勒	bad	phonetic_salad
melee	9699	"Zeru Basher ""Gleam"""	澤魯布阿斯哈艾爾急証明	bad	phonetic_salad
melee	9700	"Zeru Bomber ""Shine"""	澤魯布歐姆布艾爾輝	bad	phonetic_salad
melee	9701	"Zeru Cutter ""Dazzle"""	澤魯切達茲茲勒	ok	ok
melee	9702	"Zeru Storms ""Dazzle"""	澤魯嵐達茲茲勒	ok	ok
melee	9703	"Zeru Render ""Dazzle"""	澤魯爾艾恩德艾爾達茲茲勒	bad	phonetic_salad
melee	9704	"Zeru Flow ""Dazzle"""	澤魯流達茲茲勒	ok	ok
melee	9705	"Zeru Drill ""Dazzle"""	澤魯錐達茲茲勒	ok	ok
melee	9706	"Zeru Bomber ""Luster"""	澤魯布歐姆布艾爾勒烏斯特艾爾	bad	phonetic_salad
melee	9707	"Zeru Basher ""Dazzle"""	澤魯布阿斯哈艾爾達茲茲勒	bad	phonetic_salad
melee	9708	"Zeru Note ""Light"""	澤魯音符輕	ok	ok
melee	9709	"Zeru Cutter ""Shine"""	澤魯切輝	ok	ok
melee	9710	"Zeru Storms ""Shine"""	澤魯嵐輝	ok	ok
melee	9711	"Zeru Render ""Shine"""	澤魯爾艾恩德艾爾輝	bad	phonetic_salad
melee	9712	"Zeru Flow ""Shine"""	澤魯流輝	ok	ok
melee	9713	"Zeru Drill ""Shine"""	澤魯錐輝	ok	ok
melee	9714	"Zeru Note ""Gleam"""	澤魯音符急証明	ok	ok
melee	9715	"Zeru Basher ""Shine"""	澤魯布阿斯哈艾爾輝	bad	phonetic_salad
melee	9716	"Zeru Note ""Dazzle"""	澤魯音符達茲茲勒	ok	ok
melee	9717	"Zeru Cutter ""Luster"""	澤魯切勒烏斯特艾爾	bad	phonetic_salad
melee	9718	"Zeru Storms ""Luster"""	澤魯嵐勒烏斯特艾爾	bad	phonetic_salad
melee	9719	"Zeru Render ""Luster"""	澤魯爾艾恩德艾爾勒烏斯特艾爾	bad	phonetic_salad
melee	9720	"Zeru Flow ""Luster"""	澤魯流勒烏斯特艾爾	bad	phonetic_salad
melee	9721	"Zeru Drill ""Luster"""	澤魯錐勒烏斯特艾爾	bad	phonetic_salad
melee	9722	"Zeru Note ""Shine"""	澤魯音符輝	ok	ok
melee	9723	"Zeru Basher ""Luster"""	澤魯布阿斯哈艾爾勒烏斯特艾爾	bad	phonetic_salad
melee	9724	"Zeru Note ""Luster"""	澤魯音符勒烏斯特艾爾	bad	phonetic_salad
melee	9725	Baru Bloodbite	噬血竜血咬	ok	ok
melee	9726	Baru Bloodspice	噬血竜布勒歐歐德斯普伊	bad	phonetic_salad
melee	9727	Baru Bloodhate	噬血竜布勒歐歐德哈阿特	bad	phonetic_salad
melee	9728	Baru Bloodecho	噬血竜布歐歐德奇歐	bad	phonetic_salad
melee	9729	Baru Bloodbeast	噬血竜布勒歐歐德布艾阿	bad	phonetic_salad
melee	9730	Baru Bloodsea	噬血竜布勒歐歐德斯艾阿	bad	phonetic_salad
melee	9731	Baru Bloodbarrier	噬血竜布勒歐歐德布阿爾	bad	phonetic_salad
melee	9732	Baru Bloodcall	噬血竜布勒歐歐德克阿勒	bad	phonetic_salad
melee	9733	0526・バル・ラスティマ	0526・巴魯・拉蘇提瑪	ok	ok
melee	9734	Baru Bloodphysalis	噬血竜布勒歐歐德普哈伊	bad	phonetic_salad
melee	9735	Baru Bloodremorse	噬血竜布勒歐歐德爾艾姆	bad	phonetic_salad
melee	9736	Baru Bloodscream	噬血竜布勒歐歐德斯克爾	bad	phonetic_salad
melee	9737	Baru Bloodlily	噬血竜布勒歐歐德勒伊勒	bad	phonetic_salad
melee	9738	Baru Bloodtachibana	噬血竜布勒歐歐德特阿克	bad	phonetic_salad
melee	9739	Baru Bloodpromise	噬血竜布勒歐歐德普爾歐	bad	phonetic_salad
melee	9740	Baru Bloodgroove	噬血竜布勒歐歐德格爾歐	bad	phonetic_salad
melee	9741	Giga Velocidrome Claws	藍速之超巨爪	ok	ok
melee	9742	"Bone Katana ""Storm"""	骨製刀【嵐】	ok	ok
melee	9743	Blue Starving	青斯特阿爾維伊恩格	bad	phonetic_salad
melee	9744	Dragons Sin	德爾阿格歐恩斯斯伊恩	bad	phonetic_salad
melee	9745	Genepo Pianimo	格涅波皮阿尼莫	ok	ok
melee	9746	Lethal Poison	毒勒艾特哈阿勒	ok	ok
melee	9747	Eos Grief	里艾恩比納桃	ok	ok
melee	9748	1426・サブールビュサン	1426・斯阿布烏爾烏布伊	bad	phonetic_salad
melee	9749	Clever Wand	克勒艾維艾爾杖	ok	ok
melee	9750	Blos Fear Horn	角竜之音未來角	ok	ok
melee	9751	Blos Flatter	角竜夫勒阿特特艾爾	bad	phonetic_salad
melee	9752	Fin Buster	鰭破壞	ok	ok
melee	9753	1926・波輝乃太刀【真打】	1926・波輝乃太刀【真打】	ok	ok
melee	9754	Eralda Fisher	艾爾阿勒德阿夫伊斯哈艾爾	bad	phonetic_salad
melee	9755	"Thundergrace ""Phoenix"""	特哈烏恩德艾爾格鳳凰	bad	phonetic_salad
melee	9756	"Thunderpike ""Kimnara"""	特哈烏恩德艾爾普克伊姆恩阿爾阿	bad	phonetic_salad
melee	9757	"Thunderbreak ""Demon"""	特哈烏恩德艾爾布魔	bad	phonetic_salad
melee	9758	Darkness Lance	暗黑長槍	ok	ok
melee	9759	Darker Cannon	德阿爾克艾爾加農砲	bad	phonetic_salad
melee	9760	Golden Grid	金格爾伊德	ok	ok
melee	9761	Leeching Sword	吸血剣	ok	ok
melee	9762	Leeching Blade	吸血刃	ok	ok
melee	9763	Leeching Gunlance	吸血銃槍	ok	ok
melee	9764	Leeching Hammer	吸血大錘	ok	ok
melee	9765	Blooddrinking Sword	噬血剣	ok	ok
melee	9766	Blooddrinking Blade	噬血刃	ok	ok
melee	9767	Blooddrinking Glance	布勒歐歐德德爾伊瞥	bad	phonetic_salad
melee	9768	Blooddrinking Hammer	噬血大錘	ok	ok
melee	9769	Para Bloodeating Sword	噬血痺剣	ok	ok
melee	9770	Para Bloodeating Blade	噬血痺刃	ok	ok
melee	9771	Para Bloodeating GLance	麻痺噬血Ｇ長槍	ok	ok
melee	9772	Para Bloodeating Hammer	噬血痺大錘	ok	ok
melee	9773	Toxic Bloodeating Sword	噬血毒剣	ok	ok
melee	9774	Toxic Bloodeating Blade	噬血毒刃	ok	ok
melee	9775	Toxic Bloodeating GLance	毒噬血Ｇ長槍	ok	ok
melee	9776	Toxic Bloodeating Hammer	噬血毒大錘	ok	ok
melee	9777	Ultimus Dark Devidra	極闇德維德阿	ok	ok
melee	9778	Fatalis Gunlance	黑竜銃槍	ok	ok
melee	9779	Extreme Black Dragon H.	竜極黒H	ok	ok
melee	9780	Fatalis Pipe	黑竜管	ok	ok
melee	9781	3526・トラグ・エスカー	3526・托拉古・艾蘇可	ok	ok
melee	9782	3626・トラグ・セール	3626・托拉古・瑟魯	ok	ok
melee	9783	3726・トラグ・フェーン	3726・托拉古・夫艾恩	ok	ok
melee	9784	3826・トラグ・アーラ	3826・托拉古・阿拉	ok	ok
melee	9785	3926・トラグ・ローク	3926・托拉古・羅庫	ok	ok
melee	9786	3A26・トラグ・ヴァルカン	3A26・托拉古・維阿爾烏克阿恩	bad	phonetic_salad
melee	9787	3B26・トラグ・メーネ	3B26・托拉古・梅涅	ok	ok
melee	9788	3C26・トラグ・コーダ	3C26・托拉古・科達	ok	ok
melee	9789	Nameless Dagger Ⅰ	無名短剣Ⅰ	ok	ok
melee	9790	Nameless Dagger Ⅱ	無名短剣Ⅱ	ok	ok
melee	9791	Nameless Dagger Ⅲ	無名短剣Ⅲ	ok	ok
melee	9792	Nameless Dagger Ⅳ	無名短剣Ⅳ	ok	ok
melee	9793	Nameless Dagger Ⅴ	無名短剣Ⅴ	ok	ok
melee	9794	"Nameless Dagger ""Blk"" Ⅰ"	無名短剣【黒】Ⅰ	ok	ok
melee	9795	"Nameless Dagger ""Blk"" Ⅱ"	無名短剣【黒】Ⅱ	ok	ok
melee	9796	"Nameless Dagger ""Blk"" Ⅲ"	無名短剣【黒】Ⅲ	ok	ok
melee	9797	"Nameless Dagger ""Blk"" Ⅳ"	無名短剣【黒】Ⅳ	ok	ok
melee	9798	"Nameless Dagger ""Blk"" Ⅴ"	無名短剣【黒】Ⅴ	ok	ok
melee	9799	Sword of Rupture, Ea Ⅰ	乖離Ｅａ剣Ⅰ	ok	ok
melee	9800	Sword of Rupture, Ea Ⅱ	乖離Ｅａ剣Ⅱ	ok	ok
melee	9801	Sword of Rupture, Ea Ⅲ	乖離Ｅａ剣Ⅲ	ok	ok
melee	9802	Sword of Rupture, Ea Ⅳ	乖離Ｅａ剣Ⅳ	ok	ok
melee	9803	Sword of Rupture, Ea Ⅴ	乖離Ｅａ剣Ⅴ	ok	ok
melee	9804	"Swrd.Rupture, Ea ""Blk"" Ⅰ"	"剣・破裂埃阿,窄 UI 引號
」,黑」Ⅰ"	ok	ok
melee	9805	"Swrd.Rupture, Ea ""Blk"" Ⅱ"	"剣・破裂埃阿,窄 UI 引號
」,黑」Ⅱ"	ok	ok
melee	9806	"Swrd.Rupture, Ea ""Blk"" Ⅲ"	"剣・破裂埃阿,窄 UI 引號
」,黑」Ⅲ"	ok	ok
melee	9807	"Swrd.Rupture, Ea ""Blk"" Ⅳ"	"剣・破裂埃阿,窄 UI 引號
」,黑」Ⅳ"	ok	ok
melee	9808	"Swrd.Rupture, Ea ""Blk"" Ⅴ"	"剣・破裂埃阿,窄 UI 引號
」,黑」Ⅴ"	ok	ok
melee	9809	5126・エスティノヴァ	5126・艾蘇提諾瓦	ok	ok
melee	9810	Enduranda	竜神荒野	ok	ok
melee	9811	5326・エスタラムス	5326・艾蘇塔拉穆蘇	ok	ok
melee	9812	Endumacy	艾恩德烏姆阿克伊	bad	phonetic_salad
melee	9813	Vel Myna	維艾勒姆伊恩阿	ok	ok
melee	9814	Veo Grue	維歐格烏艾	ok	ok
melee	9815	Ethereal Meteor	幽流星	ok	ok
melee	9816	Ethereal Trance	幽特爾阿恩克艾	ok	ok
melee	9817	Falling Star	墜星	ok	ok
melee	9818	Stellar Strike	斯特艾勒勒阿爾打	bad	phonetic_salad
melee	9819	Graze Gov	格阿澤格歐維	ok	ok
melee	9820	Graze Fall	格阿澤落	ok	ok
melee	9821	Vol Alioth	維歐勒阿利歐斯	ok	ok
melee	9822	Tiera Alioth	提艾拉阿利歐斯	ok	ok
melee	9823	Largamil	勒阿爾格阿姆伊勒	bad	phonetic_salad
melee	9824	Dessa Domirza	德艾斯斯阿德歐姆伊爾茲阿	bad	phonetic_salad
melee	9825	Kvere Helios	克維艾爾艾哈艾勒伊歐斯	bad	phonetic_salad
melee	9826	Helios Laguna	哈艾勒伊歐斯拉古娜	bad	phonetic_salad
melee	9827	Pallas Twins	普阿勒勒阿斯雙子	bad	phonetic_salad
melee	9828	Courage Tempest	勇気暴風	ok	ok
melee	9829	Stardust Ignore	斯特阿爾德烏斯特伊格恩歐爾艾	bad	phonetic_salad
melee	9830	Stardust Force	斯特阿爾德烏斯特力	bad	phonetic_salad
melee	9831	Greda Vesta	星輝貞潔女神剃刀	ok	ok
melee	9832	Corona Vesta	日冕維斯阿	ok	ok
melee	9833	Fragment Glow	断片輝光	ok	ok
melee	9834	Spira Glow	斯普伊爾阿光	ok	ok
melee	9835	Nova Selion	新星斯艾勒伊歐恩	bad	phonetic_salad
melee	9836	Nova Friziniti	新星夫爾伊茲伊恩伊特	bad	phonetic_salad
melee	9837	6D26・ブラフェルイルバ	6D26・布拉菲魯伊魯巴	ok	ok
melee	9838	6E26・ブラフェリウス	6E26・布拉菲里烏蘇	ok	ok
melee	9839	Iced Wrencher	冰凍斬撃者	ok	ok
melee	9840	Freezing Wrencher	寒霜斬撃者	ok	ok
melee	9841	7126・ヴェレルドローブ	7126・維雷魯多羅布	ok	ok
melee	9842	7226・ヴェレルドリブン	7226・維艾爾艾爾烏德歐	bad	phonetic_salad
melee	9843	7326・ハイドレバルア	7326・哈伊多雷巴魯阿	ok	ok
melee	9844	7426・イドランバルア	7426・伊德歐爾阿恩布阿	bad	phonetic_salad
melee	9845	Scale Curse	鱗詛咒	ok	ok
melee	9846	Scale Scourge	鱗斯克歐烏爾格艾	bad	phonetic_salad
melee	9847	Dagda Stamper	德阿格德阿斯特阿姆普艾爾	bad	phonetic_salad
melee	9848	Dagda Smasher	德阿格德阿粉碎	ok	ok
melee	9849	Tonto Seele	特歐恩特歐瑟艾勒	bad	phonetic_salad
melee	9850	Seelegeon	斯艾艾勒艾格艾歐	bad	phonetic_salad
melee	9851	7B26・リシアン・ナトゥア	7B26・爾伊斯哈伊阿恩・娜圖阿	bad	phonetic_salad
melee	9852	7C26・ナトゥアクリーク	7C26・娜圖阿庫里庫	ok	ok
melee	9853	7D26・シュニット・ラムズ	7D26・斯哈烏恩伊恩特歐・拉穆祖	bad	phonetic_salad
melee	9854	7E26・クリミナシュニット	7E26・克烏爾伊姆伊恩阿	bad	phonetic_salad
melee	9855	7F26・ロクァー・ヴィント	7F26・爾歐克瓦阿・維伊恩特歐	bad	phonetic_salad
melee	9856	8026・ヴィントマリウス	8026・維伊恩特歐姆阿爾	bad	phonetic_salad
melee	9857	Cartel Eisen	克阿爾特艾勒艾伊斯艾恩	bad	phonetic_salad
melee	9858	Eisenburg	鍛鋼堡壘	ok	ok
melee	9859	8326・コドラ・シュトゥルム	8326・科多拉・修烏圖魯穆	ok	ok
melee	9860	8426・シュトゥルムアロマ	8426・修烏圖魯穆阿羅瑪	ok	ok
melee	9861	8526・セリス・トリトス	8526・瑟里蘇・托里托蘇	ok	ok
melee	9862	8626・セリス・ラーグル	8626・瑟里蘇・拉古魯	ok	ok
melee	9863	8726・ネイズ・ドーン	8726・涅伊祖・德歐恩	ok	ok
melee	9864	8826・ネイズ・ソリア	8826・涅伊祖・索里阿	ok	ok
melee	9865	8926・ゴーグ・ガル	8926・戈古・加魯	ok	ok
melee	9866	8A26・ゴーグ・ゲンス	8A26・戈古・格艾恩斯烏	ok	ok
melee	9867	8B26・ファコヴェス・ライン	8B26・法科維蘇・爾阿伊恩	ok	ok
melee	9868	8C26・ファコヴェス・マリス	8C26・法科維蘇・瑪里蘇	ok	ok
melee	9869	8D26・ズニアン・ヌーム	8D26・茲烏恩伊阿恩・努穆	bad	phonetic_salad
melee	9870	8E26・ズニアン・ロング	8E26・茲烏恩伊阿恩・羅恩烏	bad	phonetic_salad
melee	9871	8F26・ヴォトク・ドリル	8F26・沃托庫・多里魯	ok	ok
melee	9872	9026・ヴォトク・ラングル	9026・沃托庫・拉恩烏魯	ok	ok
melee	9873	9126・グラザーセント	9126・格烏爾阿茲阿斯艾	bad	phonetic_salad
melee	9874	9226・セントレイディ	9226・斯艾恩特歐爾艾伊	bad	phonetic_salad
melee	9875	Oruvaja	歐魯瓦雅	ok	ok
melee	9876	Junglyph	杰烏恩格勒伊普哈	bad	phonetic_salad
melee	9877	Paralifatos	普阿爾阿勒伊夫阿	bad	phonetic_salad
melee	9878	9626・カーノルバラリス	9626・可諾魯巴拉里蘇	ok	ok
melee	9879	9726・エクタンパーロ	9726・艾克烏特阿恩普阿	bad	phonetic_salad
melee	9880	9826・パーロレクレイア	9826・波洛雷克雷亞	ok	ok
melee	9881	9926・ハイエスラスカー	9926・哈伊艾蘇拉蘇可	ok	ok
melee	9882	9A26・ラスカグロワール	9A26・拉蘇可古羅瓦魯	ok	ok
melee	9883	9B26・クレシュタードロ	9B26・庫雷修烏塔多羅	ok	ok
melee	9884	9C26・ダルドロディアン	9C26・德阿爾烏德歐爾歐	bad	phonetic_salad
melee	9885	9D26・ズモス・キュニック	9D26・祖莫蘇・克伊烏恩伊恩克烏	bad	phonetic_salad
melee	9886	9E26・ラビナ・ポルカ	9E26・拉比娜・波魯可	ok	ok
melee	9887	"Azure Lightedge ""Wa"""	蒼勒伊格哈特艾德格	bad	phonetic_salad
melee	9888	"Gilded Lightedge ""Wa"""	格伊勒德艾德勒伊格哈特艾德格	bad	phonetic_salad
melee	9889	Dio Spirit	迪奧霊	ok	ok
melee	9890	Dio Spirit Σ	迪歐靈Σ	ok	ok
melee	9891	Dio Spirit Ω	迪歐靈Ω	ok	ok
melee	9892	Thunder Destroyer	雷破壊	ok	ok
melee	9893	Thunder Destroyers+	雷德艾斯特爾歐伊艾＋	bad	phonetic_salad
melee	9894	Earth Sword	天雷破剣	ok	ok
melee	9895	Earth Sword+	天雷破剣＋	ok	ok
melee	9896	Dilek Magisword Cinder	德伊勒艾克姆阿格伊斯瓦歐爾克伊恩德艾爾	bad	phonetic_salad
melee	9897	Dilek Magisword Ember	德伊勒艾克姆阿格伊斯瓦歐爾艾姆布艾爾	bad	phonetic_salad
melee	9898	Dilek Magisword Thunder	雷德伊勒艾克姆阿格伊斯瓦歐爾	bad	phonetic_salad
melee	9899	Dilek Magisword Rise	德伊勒艾克姆阿格伊斯瓦歐爾昇	bad	phonetic_salad
melee	9900	"FireDrgnSwrd""Awakening"""	火竜黑鍵盤阿瓦凱尼恩	ok	ok
melee	9901	"PoisnDrgnSwrd""Awakening"""	竜普歐伊斯恩黑鍵盤阿瓦凱尼恩	bad	phonetic_salad
melee	9902	"ThunderSwrd""Awakening"""	雷斬刀【覺醒】	ok	ok
melee	9903	"DragonKiller""Awakening"""	竜殺阿瓦凱尼恩	ok	ok
melee	9904	"ThunderSwrd""Awakening"""	雷斬刀【覺醒】	ok	ok
melee	9905	"DragonKiller""Awakening"""	竜殺阿瓦凱尼恩	ok	ok
melee	9906	B226・ユーラ・シャンカール	B226・尤拉・斯哈阿恩克阿爾烏	bad	phonetic_salad
melee	9907	B326・レム・シャンカール	B326・雷穆・斯哈阿恩克阿爾烏	bad	phonetic_salad
melee	9908	Septa Come	斯艾普特阿科梅	ok	ok
melee	9909	Septa Gump	愚者權杖	ok	ok
melee	9910	Mercu Light	姆艾爾克烏輕	ok	ok
melee	9911	Mercu Ghost	姆艾爾克烏幽靈	ok	ok
melee	9912	B826・コメス・アイリス	B826・科梅蘇・阿伊里蘇	ok	ok
melee	9913	B926・ティーダ・アイリス	B926・提達・阿伊里蘇	ok	ok
melee	9914	BA26・ヤイロミガース	BA26・雅伊羅米加蘇	ok	ok
melee	9915	BB26・ヤイロタスクス	BB26・雅伊羅塔蘇庫蘇	ok	ok
melee	9916	BC26・マルティヌス	ＢＣ26・提努蘇	ok	ok
melee	9917	BD26・マルティード	BD26・提多	ok	ok
melee	9918	Nicata Elmundo	尼可塔艾勒姆烏恩德歐	bad	phonetic_salad
melee	9919	BF26・ニカータエルゼ	BF26・尼可塔艾魯澤	ok	ok
melee	9920	C026・センヴィ・トーレ	C026・斯艾恩維伊・托雷	ok	ok
melee	9921	C126・センヴィ・パール	C126・森維・珍珠	ok	ok
melee	9922	Laksverge	勒阿克斯維艾爾格	bad	phonetic_salad
melee	9923	Tartberge	陽炎波形剣	ok	ok
melee	9924	Mistiltact	姆伊斯特伊勒特阿	bad	phonetic_salad
melee	9925	Mistilmutte	姆伊斯特伊勒姆烏	bad	phonetic_salad
melee	9926	Laevatact	勒阿艾維阿特阿克	bad	phonetic_salad
melee	9927	Laevamutte	勒阿艾維阿姆烏特	bad	phonetic_salad
melee	9928	Knarr Apicia	毒焔雙刃・奔馳	ok	ok
melee	9929	Knarr Amur	毒焔雙刃・聖者	ok	ok
melee	9930	CA26・コーグ・ディーガ	CA26・科古・迪加	ok	ok
melee	9931	CB26・コーグ・コーガ	CB26・科古・科加	ok	ok
melee	9932	CC26・カウロ・ロッシィ	CC26・可烏羅・爾歐爾斯哈伊伊	bad	phonetic_salad
melee	9933	CD26・カウロ・ミィケス	CD26・可烏羅・米伊凱蘇	ok	ok
melee	9934	CE26・テッド・エルミス	CE26・特艾特德歐・艾魯米蘇	bad	phonetic_salad
melee	9935	Dath Aramis	達斯阿爾阿姆伊斯	bad	phonetic_salad
melee	9936	D026・ウルフェフタチオ	D026・烏魯菲芙塔奇伊歐	ok	ok
melee	9937	D126・ウルモフタチオ	D126・烏魯莫芙塔奇伊歐	ok	ok
melee	9938	D226・アプケリウス	D226・阿普凱里烏蘇	ok	ok
melee	9939	D326・アプケラトリス	D326・阿普凱拉托里蘇	ok	ok
melee	9940	D426・アレムピーリ	D426・阿雷穆皮里	ok	ok
melee	9941	D526・アレムウェール	D526・阿雷穆韋魯	ok	ok
melee	9942	D626・ヨーク・シャリリ	D626・約庫・修阿里里	ok	ok
melee	9943	Yok Shapur	伊歐克斯哈阿普烏爾	bad	phonetic_salad
melee	9944	Eclair Duomo	艾克勒阿伊爾杜歐莫	bad	phonetic_salad
melee	9945	D926・エクレール・ショウル	D926・艾庫雷魯・修歐烏魯	ok	ok
melee	9946	Vapor Duomo	維阿普歐爾杜歐莫	bad	phonetic_salad
melee	9947	DB26・ヴェイパー・ショウル	DB26・毒蛇・魂	ok	ok
melee	9948	Binding Felyne Claws α	球紋章艾露爪α	ok	ok
melee	9949	Fiery Melynx Claws α	菲艾里奇猫爪α	ok	ok
melee	9950	Minas Chute	萬人狙撃	ok	ok
melee	9951	DF26・ミナス・サスティナ	DF26・米娜蘇・薩蘇提娜	ok	ok
melee	9952	E026・キスタ・ハムナプ	E026・奇蘇塔・哈穆娜普	ok	ok
melee	9953	E126・キスタ・レッコ	E126・奇蘇塔・爾艾爾克歐	ok	ok
melee	9954	E226・ダクティ・ラウル	E226・達庫提・拉烏魯	ok	ok
melee	9955	E326・ダクティ・リリル	E326・達庫提・里里魯	ok	ok
melee	9956	E426・ダイア・シアス	E426・達伊阿・修伊阿蘇	ok	ok
melee	9957	E526・ドッグ・シアス	E526・德歐德格烏・修伊阿蘇	bad	phonetic_salad
melee	9958	E626・ナベイルリューシュ	E626・娜貝伊魯里烏修烏	ok	ok
melee	9959	E726・ナベイルアーツ	E726・恩阿布艾伊爾烏阿	bad	phonetic_salad
melee	9960	E826・イコクアリオス	E826・伊科庫阿里歐蘇	ok	ok
melee	9961	E926・イジェッタアリオス	E926・伊吉艾艾塔阿里歐	ok	ok
melee	9962	Magnus	姆阿格恩烏斯	ok	ok
melee	9963	EB26・モグヌモグ	EB26・莫古努莫古	ok	ok
melee	9964	EC26・ヴォタ・ツィビテ	EC26・沃塔・特斯烏伊布伊特艾	bad	phonetic_salad
melee	9965	ED26・ヴォタ・ツィーク	ED26・沃塔・特斯烏伊克烏	bad	phonetic_salad
melee	9966	EE26・ラスタータスキム	EE26・拉蘇塔塔蘇奇穆	ok	ok
melee	9967	EF26・シュテルンバスタ	EF26・斯哈烏特艾爾烏恩	bad	phonetic_salad
melee	9968	Pika Scimitar	皮可斯克伊姆伊特阿爾	bad	phonetic_salad
melee	9969	Raia Scimitar	豎琴彎刀	ok	ok
melee	9970	F226・エヴィローディ	F226・艾維羅迪	ok	ok
melee	9971	F326・エヴィサディーヌ	F326・艾維薩迪努	ok	ok
melee	9972	F426・フォティローディ	F426・佛提羅迪	ok	ok
melee	9973	F526・フォティサディーヌ	F526・佛提薩迪努	ok	ok
melee	9974	F626・グロムプレジット	F626・格烏普烏爾艾杰伊	bad	phonetic_salad
melee	9975	F726・グロムウェール	F726・古韋魯	ok	ok
melee	9976	F826・パライズプレジット	F826・普阿爾阿伊茲烏普	bad	phonetic_salad
melee	9977	F926・パライズウェール	F926・麻痺壁	ok	ok
melee	9978	FA26・リオ・グラデド	FA26・里歐・古拉德多	ok	ok
melee	9979	FB26・リオ・グライア	FB26・里歐・古拉伊阿	ok	ok
melee	9980	FC26・ルシア・ソル	FC26・魯修伊阿・索魯	ok	ok
melee	9981	FD26・ルシア・メル	FD26・魯修伊阿・梅魯	ok	ok
melee	9982	FE26・ユーフォ・シブミティ	FE26・尤佛・修伊布米提	ok	ok
melee	9983	FF26・ユーフォ・シェルブス	FF26・尤佛・修伊艾魯布蘇	ok	ok
melee	9984	0027・フローラ・アフロディ	0027・芙羅拉・阿芙羅迪	ok	ok
melee	9985	0127・トークン・アフロディ	0127・特歐克烏恩・阿芙羅迪	bad	phonetic_salad
melee	9986	0227・トリムアリノス	0227・托里穆阿里諾蘇	ok	ok
melee	9987	0327・ミシュキンアリノス	0327・米修烏奇娜里諾蘇	ok	ok
melee	9988	0427・フェブルアビオルス	0427・菲阿比歐魯蘇	ok	ok
melee	9989	0527・フェブルアンダント	0527・夫艾阿恩德阿恩特	bad	phonetic_salad
melee	9990	Schiffvelgr	斯克哈伊夫夫維艾	bad	phonetic_salad
melee	9991	Rhifvelgr	爾哈伊夫維艾勒格	bad	phonetic_salad
melee	9992	0827・ガネス・フォール	0827・加涅蘇・佛魯	ok	ok
melee	9993	0927・ガネス・レザード	0927・加涅蘇・雷扎多	ok	ok
melee	9994	0A27・イディア・マギタ	0A27・伊迪阿・瑪吉塔	ok	ok
melee	9995	0B27・イディア・マレイド	0B27・伊迪阿・瑪雷伊多	ok	ok
melee	9996	0C27・トリウム・レス	0C27・托里烏穆・雷蘇	ok	ok
melee	9997	0D27・トリウム・ラーダ	0D27・托里烏穆・拉達	ok	ok
melee	9998	0E27・ディード・クロス	0E27・迪多・SU	ok	ok
melee	9999	0F27・ディス・クロス	0F27・迪蘇・SU	ok	ok
melee	10000	1027・アルテシローマ	1027・阿魯特修伊羅瑪	bad	phonetic_salad
melee	10001	1127・シロマメギサ	1127・修伊羅瑪梅吉薩	ok	ok
melee	10002	1227・アレニオス	1227・阿雷尼歐蘇	ok	ok
melee	10003	1327・アルグニオス	1327・阿魯古尼歐蘇	ok	ok
melee	10004	Paralyzing Smasher	普阿爾阿勒伊茲伊粉碎	bad	phonetic_salad
melee	10005	Paralyzing Grandhammer	普阿爾阿勒伊茲伊大大錘	bad	phonetic_salad
melee	10006	Reve Smasher	雷維粉碎	ok	ok
melee	10007	Reve Grandhammer	雷維大大錘	ok	ok
melee	10008	1827・ベリムアローム	1827・貝里穆阿羅穆	ok	ok
melee	10009	1927・ベリムクリケッタ	1927・布艾爾伊姆烏克烏	bad	phonetic_salad
melee	10010	1A27・キーム・アレイド	1A27・奇穆・阿雷伊多	ok	ok
melee	10011	1B27・キーム・カルザグマ	1B27・奇穆・可魯扎古瑪	ok	ok
melee	10012	Anteka Bufera	雪鹿暴雪笛	ok	ok
melee	10013	Anteka Forata	雪鹿佛拉塔	ok	ok
melee	10014	1E27・リネルヴ	1E27・里涅魯芙	ok	ok
melee	10015	1F27・ミオネルヴァ	1F27・米歐涅魯瓦	ok	ok
melee	10016	2027・オリエイター	2027・歐里艾伊塔	ok	ok
melee	10017	2127・ディオレイター	2127・迪歐雷伊塔	ok	ok
melee	10018	Girino Mezzo Pianio	吉里諾梅茲佐皮阿尼歐	ok	ok
melee	10019	Tonalita Mezzo Piano	托娜利塔梅茲佐皮阿諾	ok	ok
melee	10020	2427・テトゥーレカイム	2427・特圖雷可伊穆	ok	ok
melee	10021	2527・ザトゥーレグリッサ	2527・茲阿特烏爾伊爾斯	bad	phonetic_salad
melee	10022	2627・モナケッター	2627・姆歐恩阿克艾克特	bad	phonetic_salad
melee	10023	2727・モナルザンビオッソ	2727・姆歐恩阿爾烏茲阿	bad	phonetic_salad
melee	10024	2827・ルバドプラット	2827・爾烏布阿德歐普烏	bad	phonetic_salad
melee	10025	2927・ルガドバレイド	2927・魯加多巴雷伊多	ok	ok
melee	10026	2A27・ナゲロカレイド	2A27・娜格羅可雷伊多	ok	ok
melee	10027	2B27・ヤゲロカゲリオ	2B27・雅格羅可格里歐	ok	ok
melee	10028	2C27・ブランド・アゲステ	2C27・布烏爾阿恩德歐・阿格蘇特	bad	phonetic_salad
melee	10029	2D27・ブランド・エクレシオ	2D27・布烏爾阿恩德歐・艾庫雷修伊歐	bad	phonetic_salad
melee	10030	2E27・バレア・ボリア	2E27・巴雷阿・波里阿	ok	ok
melee	10031	2F27・バレア・マジウム	2F27・巴雷阿・瑪吉烏穆	ok	ok
melee	10032	Anemone Soid	阿涅莫涅斯歐伊德	bad	phonetic_salad
melee	10033	3127・アネモ・カレウド	3127・阿涅莫・可雷烏多	ok	ok
melee	10034	Doreus Eunos	德歐爾艾烏斯艾烏恩歐斯	bad	phonetic_salad
melee	10035	3327・アルロット・ユーノス	3327・阿爾烏爾歐爾特歐・尤諾蘇	bad	phonetic_salad
melee	10036	3427・フォルカスネイド	3427・佛魯可蘇涅伊多	ok	ok
melee	10037	3527・フォルカケルネイダ	3527・佛魯可凱魯涅伊達	ok	ok
melee	10038	3627・ノエンエリアス	3627・諾艾涅里阿蘇	ok	ok
melee	10039	3727・ノエンシャルカス	3727・恩歐艾恩克阿斯烏	bad	phonetic_salad
melee	10040	Tante Kaleido	特阿恩特艾可勒伊多	bad	phonetic_salad
melee	10041	3927・タンテサルザード	3927・特阿恩特艾斯阿爾	bad	phonetic_salad
melee	10042	3A27・オルスィ・メルスィ	3A27・歐魯蘇伊・梅魯蘇伊	ok	ok
melee	10043	3B27・オルスィ・エスケート	3B27・歐魯蘇伊・艾蘇凱托	ok	ok
melee	10044	3C27・ティル・ドラグーン	3C27・提魯・德歐爾阿格烏恩	bad	phonetic_salad
melee	10045	3D27・ティル・ライトニング	3D27・提魯・拉伊托尼恩烏	ok	ok
melee	10046	3E27・リモン・シャンカール	3E27・爾伊姆歐恩・斯哈阿恩克阿爾烏	bad	phonetic_salad
melee	10047	Septa Faust	斯艾普特阿法烏斯	bad	phonetic_salad
melee	10048	Mercu Roman	姆艾爾克烏爾歐姆阿恩	bad	phonetic_salad
melee	10049	4127・ヒューズ・アイリス	4127・哈伊烏茲烏・阿伊里蘇	bad	phonetic_salad
melee	10050	4227・ヤイロルーチェ	4227・雅伊羅魯奇伊艾	ok	ok
melee	10051	4327・マルティアーズ	4327・提阿祖	ok	ok
melee	10052	4427・ニカータエルプティ	4427・尼可塔艾魯普提	ok	ok
melee	10053	4527・センヴィ・モード	4527・斯艾恩維伊・莫多	ok	ok
melee	10054	Retberge	紅炎波形剣	ok	ok
melee	10055	Mistilamia	米斯伊拉米阿	ok	ok
melee	10056	Laevalamia	拉艾瓦拉米阿	ok	ok
melee	10057	Knarr Amrida	毒焔雙刃・無敵	ok	ok
melee	10058	4A27・コーグ・ブーマ	4A27・科古・布瑪	ok	ok
melee	10059	4B27・カウロ・ハミィ	4B27・可烏羅・哈米伊	ok	ok
melee	10060	4C27・ブレイド・エルミス	4C27・布雷伊多・艾魯米蘇	ok	ok
melee	10061	4D27・ウルガルドフタチオ	4D27・烏魯加魯多芙塔奇	ok	ok
melee	10062	4E27・アプケルージュ	4E27・阿普凱魯朱	ok	ok
melee	10063	4F27・アレムアリーナ	4F27・阿雷穆阿里娜	ok	ok
melee	10064	5027・ヨーク・フィアニタ	5027・約庫・尼塔	ok	ok
melee	10065	5127・エクレール・ファウム	5127・艾庫雷魯・法烏穆	ok	ok
melee	10066	5227・ヴェイパー・ファウム	5227・毒蛇・煙	ok	ok
melee	10067	Binding Felyne Claws α+	球紋章艾露爪α＋	ok	ok
melee	10068	Fiery Melynx Claws α+	菲艾里奇猫爪α＋	ok	ok
melee	10069	5527・ミナス・ティアーナ	5527・米娜蘇・提阿娜	ok	ok
melee	10070	5627・キスタ・アルブム	5627・奇蘇塔・阿魯布穆	ok	ok
melee	10071	5727・ダクティ・リアーナ	5727・達庫提・里阿娜	ok	ok
melee	10072	Komodo Sias	科莫多斯伊阿斯	ok	ok
melee	10073	5927・ナベイルディゲル	5927・娜貝伊魯迪格魯	ok	ok
melee	10074	5A27・アリオスプルミア	5A27・阿里歐蘇普魯米阿	ok	ok
melee	10075	5B27・モグヌモッギア	5B27・姆歐格烏恩烏姆歐	bad	phonetic_salad
melee	10076	5C27・ヴォタ・ツィンディル	5C27・沃塔・特斯烏伊恩德伊爾	bad	phonetic_salad
melee	10077	5D27・ラスタートローネ	5D27・拉蘇塔托羅涅	ok	ok
melee	10078	5E27・シュテルンゲッタ	5E27・斯哈烏特艾爾烏恩	bad	phonetic_salad
melee	10079	Mule Scimitar	穆勒斯克伊姆伊特阿爾	bad	phonetic_salad
melee	10080	6027・エヴィユラール	6027・艾維尤拉魯	ok	ok
melee	10081	6127・フォティメゼグリア	6127・佛提梅澤古里阿	ok	ok
melee	10082	6227・グロムヴォード	6227・古沃多	ok	ok
melee	10083	6327・パライズヴォード	6327・麻痺詞	ok	ok
melee	10084	Rio Granda	里歐格爾阿恩德阿	bad	phonetic_salad
melee	10085	6527・ルシア・ダル	6527・魯修伊阿・達魯	ok	ok
melee	10086	6627・ユーフォ・シュミット	6627・尤佛・斯哈烏姆伊姆特歐	bad	phonetic_salad
melee	10087	Magus Aphrodi	姆阿格烏斯阿菲羅迪	bad	phonetic_salad
melee	10088	6827・ホンディアリノス	6827・哈歐恩爾伊恩歐斯	bad	phonetic_salad
melee	10089	6927・フェブルアリアール	6927・菲阿里阿魯	ok	ok
melee	10090	Zicrevelgr	茲伊克爾艾維艾勒	bad	phonetic_salad
melee	10091	6B27・ガネス・グラード	6B27・加涅蘇・古拉多	ok	ok
melee	10092	6C27・イディア・マテジオ	6C27・伊迪阿・瑪特吉歐	ok	ok
melee	10093	6D27・トリウム・アルダ	6D27・托里烏穆・阿魯達	ok	ok
melee	10094	6E27・ヴァド・クロス	6E27・瓦多・SU	ok	ok
melee	10095	6F27・シロマメグド	6F27・修伊羅瑪梅古多	ok	ok
melee	10096	7027・アレドムニオス	7027・阿雷多穆尼歐蘇	ok	ok
melee	10097	Paralyzing Greathammer	普阿爾阿勒伊茲伊大大錘	bad	phonetic_salad
melee	10098	Reve Greathammer	雷維大大錘	ok	ok
melee	10099	7327・ベリムマルゴッド	7327・布艾爾伊姆烏格歐	bad	phonetic_salad
melee	10100	7427・キーム・カルゼイド	7427・奇穆・可魯澤伊多	ok	ok
melee	10101	Anteka Lafaga	雪鹿拉法加	ok	ok
melee	10102	7627・レミオガルヴァ	7627・雷米歐加魯瓦	ok	ok
melee	10103	7727・アディオシュレイター	7727・阿迪歐修烏雷伊塔	ok	ok
melee	10104	Girino Forte	吉里諾強音	ok	ok
melee	10105	Tonalita Forte	托娜利塔強音	ok	ok
melee	10106	7A27・ガトゥーレメイスィン	7A27・格阿特烏爾艾姆艾	bad	phonetic_salad
melee	10107	7B27・モナレイドアスター	7B27・莫娜雷伊多阿蘇塔	ok	ok
melee	10108	7C27・ルゲドバリアード	7C27・魯格多巴里阿多	ok	ok
melee	10109	7D27・ヤゲルカグリット	7D27・伊阿格艾爾烏克阿	bad	phonetic_salad
melee	10110	Brand Siegen	刻蝕・紫晶	ok	ok
melee	10111	7F27・バレア・ズレイデン	7F27・巴雷阿・茲烏爾艾伊德艾恩	bad	phonetic_salad
melee	10112	8027・アネモ・カルネッド	8027・阿涅莫・克阿爾烏恩艾恩德	bad	phonetic_salad
melee	10113	8127・シグロット・ユーノス	8127・斯哈伊格烏爾歐爾・尤諾蘇	bad	phonetic_salad
melee	10114	8227・フォルカルセルーダ	8227・佛魯可魯瑟魯達	ok	ok
melee	10115	8327・ノエンシュトレウス	8327・恩歐艾恩斯哈烏特	bad	phonetic_salad
melee	10116	8427・タンテガルメイド	8427・特阿恩特艾格阿爾	bad	phonetic_salad
melee	10117	8527・オルスィ・エセマーノ	8527・歐魯蘇伊・艾瑟瑪諾	ok	ok
melee	10118	8627・ディド・ドラグーン	8627・迪多・德歐爾阿格烏恩	bad	phonetic_salad
melee	10119	8727・ディド・ライトニング	8727・迪多・拉伊托尼恩烏	ok	ok
melee	10120	Rebellion Ⅵ	叛逆Ⅵ	ok	ok
melee	10121	Rebellion Kai Ⅵ	叛逆改Ⅵ	ok	ok
melee	10122	Bio Ribosome	流浪紫里波索梅	ok	ok
melee	10123	Bio Inspiration	流浪紫伊恩斯普伊爾阿特	ok	ok
melee	10124	Genesis Biochemistry	創世比歐奇艾米斯里	ok	ok
melee	10125	Biostatistics	布伊歐斯特阿特伊	bad	phonetic_salad
melee	10126	"Six Claw Flow ""Warmarch"""	六爪流	ok	ok
melee	10127	"Six Claw Flow ""Hadean"""	六爪流冥府	ok	ok
melee	10128	"Itto-ryu ""Warmarch"""	一刀竜	ok	ok
melee	10129	"Itto-ryu ""Hadean"""	竜一刀冥府	ok	ok
melee	10130	"Dual Spear ""Heaven α"""	"雙矛,窄 UI 引號
」,天α」"	ok	ok
melee	10131	"Dual Spear""Extinction α"""	雙矛艾克斯特伊恩克特α	ok	ok
melee	10132	"CrossLance""Heaven α"""	長槍十字【天α】	ok	ok
melee	10133	"CrossLance""Extinction α"""	十槍艾克斯特伊恩克特α	bad	phonetic_salad
melee	10134	Miku Key Sextet	未來鍵斯艾克斯特艾特	bad	phonetic_salad
melee	10135	Hatsune Key Sextet	初音鍵斯艾克斯特艾特	bad	phonetic_salad
melee	10136	Miku Sextet	未來擴音機・六重奏	ok	ok
melee	10137	Hatsune Sextet Vocals	初音斯艾克斯特艾特歌聲	bad	phonetic_salad
melee	10138	9A27・ヴォルトデモリション	9A27・維歐爾烏特歐德艾	bad	phonetic_salad
melee	10139	9B27・タイダルゼニス	9B27・塔伊達魯澤尼蘇	ok	ok
melee	10140	9C27・パラグラソーン	9C27・普阿爾阿格烏爾阿	bad	phonetic_salad
melee	10141	9D27・パイロモルターレ	9D27・莫魯塔雷	ok	ok
melee	10142	Ancient Modeler	古代姆歐德艾勒艾爾	bad	phonetic_salad
melee	10143	Surreal Rouge	斯烏爾爾艾阿勒拉瓦里	bad	phonetic_salad
melee	10144	Dreiklang	德爾艾伊克勒阿恩	bad	phonetic_salad
melee	10145	A127・レガーリメン	A127・爾艾格阿爾伊姆艾	bad	phonetic_salad
melee	10146	A227・ビュルテイル	A227・布伊烏爾烏特艾伊	bad	phonetic_salad
melee	10147	A327・アールタング	A327・阿魯塔恩烏	ok	ok
melee	10148	Sword of Prom. Victory Ⅵ	誓約勝利之剣Ⅵ	ok	ok
melee	10149	Golden Victory Sword VI	黄金征服拉剣Ⅵ	ok	ok
melee	10150	Gan Jiang/Mo Ye VI	干將／莫邪Ⅵ	ok	ok
melee	10151	Nameless Dagger VI	無名短剣Ⅵ	ok	ok
melee	10152	Nameless Dagger [Blk]VI	無名短剣Ⅵ	ok	ok
melee	10153	Sword of Rupture, Ea VI	乖離Ｅａ剣Ⅵ	ok	ok
melee	10154	Swrd.Rupture Ea [Blk] VI	剣破裂東黑Ⅵ	ok	ok
melee	10155	Baru Bloodcourage	噬血竜布勒歐歐德克歐烏	bad	phonetic_salad
melee	10156	Baru Bloodhero	噬血竜布勒歐歐德哈艾爾	bad	phonetic_salad
melee	10157	Baru Bloodoath	噬血竜布歐歐多阿斯	bad	phonetic_salad
melee	10158	Baru Bloodeclipse	噬血竜布勒歐歐德艾克勒	bad	phonetic_salad
melee	10159	Baru Bloodpeace	噬血竜布勒歐歐德普艾阿	bad	phonetic_salad
melee	10160	Baru Bloodalchemy	噬血竜布勒歐歐德阿勒克	bad	phonetic_salad
melee	10161	Baru Blooddiabolism	噬血竜布勒歐歐德德伊阿	bad	phonetic_salad
melee	10162	Baru Bloodhunger	噬血竜布勒歐歐德哈烏恩	bad	phonetic_salad
melee	10163	Baru Bloodserpent	噬血竜布勒歐歐德斯艾爾	bad	phonetic_salad
melee	10164	Baru Bloodgalleon	噬血竜布勒歐歐德格阿勒	bad	phonetic_salad
melee	10165	Baru Bloodcraving	噬血竜布勒歐歐德克爾阿	bad	phonetic_salad
melee	10166	Baru Bloodgaze	噬血竜布勒歐歐德格阿茲	bad	phonetic_salad
melee	10167	Baru Bloodstare	噬血竜布勒歐歐德斯特阿	bad	phonetic_salad
melee	10168	Baru Blodsucker	噬血竜布勒歐德斯烏克克	bad	phonetic_salad
melee	10169	Baru Bloodminerva	噬血竜布勒歐歐德姆伊恩	bad	phonetic_salad
melee	10170	Baru Bloodhook	噬血竜布勒歐歐德哈歐歐	bad	phonetic_salad
melee	10171	Baru Bloodbehemoth	噬血竜布勒歐歐德布艾哈	bad	phonetic_salad
melee	10172	Baru Bloodchemism	噬血竜布勒歐歐德克哈艾	bad	phonetic_salad
melee	10173	Baru Bloodgiant	噬血竜布勒歐歐德格伊阿	bad	phonetic_salad
melee	10174	Baru Bloodcoloss	噬血竜布勒歐歐德克歐勒	bad	phonetic_salad
melee	10175	Leeching Daggers	勒艾奇伊恩短刃	ok	ok
melee	10176	Blooddrinking Daggers	布勒歐歐德德爾伊短刃	bad	phonetic_salad
melee	10177	Para Bloodeating Daggers	麻痺噬血短刃	ok	ok
melee	10178	ToxicBloodeating Daggers	毒噬血短刃	ok	ok
melee	10179	Leeching Katana	吸血刀	ok	ok
melee	10180	Blooddrinking Katana	噬血刀	ok	ok
melee	10181	Para Bloodeating Katana	噬血痺刀	ok	ok
melee	10182	Toxic Bloodeating Katana	噬血毒刀	ok	ok
melee	10183	Leeching Lance	吸血長槍	ok	ok
melee	10184	Blooddrinking Lance	噬血長槍	ok	ok
melee	10185	Para Bloodeating Lance	噬血痺長槍	ok	ok
melee	10186	Toxic Bloodeating Lance	噬血毒長槍	ok	ok
melee	10187	Leeching Whistle	勒艾奇伊恩笛	ok	ok
melee	10188	Blooddrinking Whistle	布勒歐歐德德爾伊笛	bad	phonetic_salad
melee	10189	Para Bloodeating Whistle	麻痺噬血笛	ok	ok
melee	10190	ToxicBloodeating Whistle	毒噬血笛	ok	ok
melee	10191	CF27・コーレサイド	CF27・科雷薩伊多	ok	ok
melee	10192	Koresarusu	科雷薩魯蘇	ok	ok
melee	10193	Koresagado	科雷薩加多	ok	ok
melee	10194	Koresanatosu	科雷薩娜托蘇	ok	ok
melee	10195	Koresangudo	科雷薩恩烏多	ok	ok
melee	10196	D427・コーレジャンド	D427・克歐爾艾杰阿恩德	bad	phonetic_salad
melee	10197	Korezyasuto	科雷茲雅蘇托	ok	ok
melee	10198	Korezyugu	科雷茲尤古	ok	ok
melee	10199	Korezyagaru	科雷茲雅加魯	ok	ok
melee	10200	Korezyugeibu	科雷茲尤格伊布	ok	ok
melee	10201	D927・コーレアグナ	D927・科雷阿古娜	ok	ok
melee	10202	Koreagasu	科雷阿加蘇	ok	ok
melee	10203	Koreageina	科雷阿格伊娜	ok	ok
melee	10204	Koreagiusu	科雷阿吉烏蘇	ok	ok
melee	10205	Koreagutexiusu	科雷阿古特克斯伊	bad	phonetic_salad
melee	10206	DE27・コーレマシル	DE27・科雷瑪修伊魯	ok	ok
melee	10207	Koremasuto	科雷瑪蘇托	ok	ok
melee	10208	Koremasedo	科雷瑪瑟多	ok	ok
melee	10209	Koremazendo	克歐爾艾姆阿茲艾	bad	phonetic_salad
melee	10210	Koremagunato	科雷瑪古娜托	ok	ok
melee	10211	E327・コーレエクサ	E327・科雷艾庫薩	ok	ok
melee	10212	Koregisu	科雷吉蘇	ok	ok
melee	10213	Koremitto	克歐爾艾姆伊特特	bad	phonetic_salad
melee	10214	Korenein	克歐爾艾恩艾伊恩	bad	phonetic_salad
melee	10215	Korerudonia	科雷魯多尼阿	ok	ok
melee	10216	E827・コーレゲノア	E827・科雷格諾阿	ok	ok
melee	10217	Koregesuta	科雷格蘇塔	ok	ok
melee	10218	Koregeito	科雷格伊托	ok	ok
melee	10219	Koregeruda	科雷格魯達	ok	ok
melee	10220	Koregerudexia	科雷格魯德克斯伊	bad	phonetic_salad
melee	10221	ED27・コーレダグド	ED27・科雷達古多	ok	ok
melee	10222	Koredaito	科雷達伊托	ok	ok
melee	10223	Koredameido	科雷達梅伊多	ok	ok
melee	10224	Koredagein	克歐爾艾德阿格艾	bad	phonetic_salad
melee	10225	Koredasukeido	科雷達蘇凱伊多	ok	ok
melee	10226	F227・コーレスゼア	F227・科雷蘇澤阿	ok	ok
melee	10227	Koresudohu	科雷蘇多胡	ok	ok
melee	10228	Koresuredo	科雷蘇雷多	ok	ok
melee	10229	Koresumeruda	科雷蘇梅魯達	ok	ok
melee	10230	Koresukareigu	科雷蘇可雷伊古	ok	ok
melee	10231	Baru Blooddemon	噬血竜布勒歐歐德德艾姆	bad	phonetic_salad
melee	10232	Baru Bloodiris	噬血竜布勒歐歐德伊爾伊	bad	phonetic_salad
melee	10233	Baru Bloodbath	噬血竜布勒歐歐德布阿特	bad	phonetic_salad
melee	10234	Baru Final Bloodsong	噬血竜決勝布勒歐歐德斯歐恩	bad	phonetic_salad
melee	10235	"Taikun GS ""Iris"""	多殼蟹大剣【鳶尾】	ok	ok
melee	10236	"TruDancThndrPole""Gospel"""	雷特烏德阿恩克柱格歐斯普艾勒	bad	phonetic_salad
melee	10237	FD27・真冥雷獄槍【瑠璃鶲】	FD27・真冥雷獄槍【瑠璃鶲】	ok	ok
melee	10238	Nebula Legacy	星雲遺	ok	ok
melee	10239	"MahouRaijinFlut""Thunder"""	雷瑪霍烏爾阿伊杰伊恩夫勒烏特	bad	phonetic_salad
melee	10240	"SkyWolf Gunlance""Mirage"""	銃槍空狼米拉格	ok	ok
melee	10241	0128・天狼極烈剣【月朔】	0128・天狼極烈剣【月朔】	ok	ok
melee	10242	Dodonga Rudra	多多恩阿魯德阿	ok	ok
melee	10243	Ninth Fury Lance	長槍恩伊恩特哈狂	bad	phonetic_salad
melee	10244	"Gogomoa Sword""Empty Sky"""	跳緋獣剣空空	ok	ok
melee	10245	0528・ドドンガ・リューシ	0528・多多恩阿・里烏修伊	ok	ok
melee	10246	0628・ドドンガ・エフダチ	0628・多多恩阿・艾芙達奇伊	ok	ok
melee	10247	0728・ドドンガ・ドンサマ	0728・多多恩阿・德歐恩斯阿姆阿	bad	phonetic_salad
melee	10248	0828・ギップル	0828・格伊格普烏爾烏	bad	phonetic_salad
melee	10249	0928・シャイプル	0928・修阿伊普魯	ok	ok
melee	10250	0A28・ヴァイプル	0A28・瓦伊普魯	ok	ok
melee	10251	0B28・ミルルプール	0B28・米魯魯普魯	ok	ok
melee	10252	0C28・ライガプール	0C28・拉伊加普魯	ok	ok
melee	10253	0D28・プールセダン	0D28・普烏爾烏斯艾德阿	bad	phonetic_salad
melee	10254	0E28・プールアーク	0E28・普魯阿庫	ok	ok
melee	10255	0F28・モォーギル	0F28・莫歐吉魯	ok	ok
melee	10256	1028・バンギル	1028・巴恩伊魯	ok	ok
melee	10257	1128・ジギル	1128・吉吉魯	ok	ok
melee	10258	1228・メルギル	1228・梅魯吉魯	ok	ok
melee	10259	1328・ラッドギル	1328・爾阿爾德歐格伊爾	bad	phonetic_salad
melee	10260	1428・ギルメドン	1428・格伊爾烏姆艾德歐	bad	phonetic_salad
melee	10261	1528・ギルニギル	1528・吉魯尼吉魯	ok	ok
melee	10262	1628・スカイシエル	1628・蘇可伊修伊艾魯	ok	ok
melee	10263	1728・スカイカムエル	1728・蘇可伊可穆艾魯	ok	ok
melee	10264	1828・スカイヘームル	1828・蘇可伊赫穆魯	ok	ok
melee	10265	1928・スカイダングス	1928・蘇可伊達恩烏蘇	ok	ok
melee	10266	1A28・スカイアカシュ	1A28・蘇可伊阿可修烏	ok	ok
melee	10267	1B28・フィルマメンタム	1B28・夫伊爾烏姆阿姆艾	bad	phonetic_salad
melee	10268	1C28・メンタアネモス	1C28・姆艾恩特阿阿恩艾	bad	phonetic_salad
melee	10269	1D28・シャルーエスパス	1D28・夏魯埃斯波斯	ok	ok
melee	10270	1E28・シャルーアエレオ	1E28・阿艾雷歐	ok	ok
melee	10271	1F28・シャルーロクーム	1F28・羅庫穆	ok	ok
melee	10272	2028・シャルースレイン	2028・斯烏爾艾伊恩	bad	phonetic_salad
melee	10273	2128・シャルーコンジエン	2128・克歐恩杰伊艾恩	bad	phonetic_salad
melee	10274	2228・スタシアヴァルムト	2228・蘇塔修伊阿瓦魯穆	ok	ok
melee	10275	2328・インフェスヴァルム	2328・伊恩夫艾斯烏維阿	bad	phonetic_salad
melee	10276	Rose Charmant	薔克哈阿爾姆阿恩特	bad	phonetic_salad
melee	10277	Rose Cynthia	薔克伊恩特哈伊阿	bad	phonetic_salad
melee	10278	ダミー	假	ok	skip_empty_dummy
melee	10279	Rose Superior	薔斯烏普艾爾伊歐爾	bad	phonetic_salad
melee	10280	Rose Monarch	薔薇君主	ok	ok
melee	10281	Faith Rose	法伊斯薔薇	ok	ok
melee	10282	Grace Rose	恩寵薔薇	ok	ok
melee	10283	2B28・ロザ・クルール	2B28・羅扎・庫魯魯	ok	ok
melee	10284	Rose Perfeto	薔普艾爾夫艾特歐	bad	phonetic_salad
melee	10285	ダミー	假	ok	skip_empty_dummy
melee	10286	Rose Prima	薔薇第一	ok	ok
melee	10287	Rose Rihanna	薔爾伊哈阿恩恩阿	bad	phonetic_salad
melee	10288	Ritter Rose	爾伊特特艾爾薔	ok	ok
melee	10289	Edel Rose	艾德艾勒薔	ok	ok
melee	10290	Viole En Garde	維歐勒EN格阿爾德艾	bad	phonetic_salad
melee	10291	Viole Marche	維歐勒姆阿爾克哈艾	bad	phonetic_salad
melee	10292	ダミー	假	ok	skip_empty_dummy
melee	10293	3528・ヴィオレファンデヴ	3528・爾艾夫阿恩德艾維	bad	phonetic_salad
melee	10294	Viole Bon Avant	維歐勒布歐恩阿維阿恩特	bad	phonetic_salad
melee	10295	3728・ヴィオレボンナリエ	3728・爾艾布歐恩恩阿爾	bad	phonetic_salad
melee	10296	Epee Primaire	至高剣士	ok	ok
melee	10297	Blanc En Garde	聲急証EN格阿爾德艾	bad	phonetic_salad
melee	10298	Blanc Marche	聲急証姆阿爾克哈艾	bad	phonetic_salad
melee	10299	ダミー	假	ok	skip_empty_dummy
melee	10300	3C28・ブランファンデヴ	3C28・布烏爾阿恩夫阿恩	bad	phonetic_salad
melee	10301	Blanc Bon Avant	聲急証布歐恩阿維阿恩特	bad	phonetic_salad
melee	10302	3E28・ブランボンナリエ	3E28・布烏爾阿恩布歐恩	bad	phonetic_salad
melee	10303	Epest Maxima	艾佩斯瑪克斯伊瑪	bad	phonetic_salad
melee	10304	Pike Fiaro	槍菲阿羅	ok	ok
melee	10305	4128・アルーシェフィアロ	4128・阿魯修伊艾羅	ok	ok
melee	10306	ダミー	假	ok	skip_empty_dummy
melee	10307	4328・アセガイフィアロ	4328・阿瑟加伊羅	ok	ok
melee	10308	4428・サリッサフィアロ	4428・斯阿爾伊爾斯阿爾	bad	phonetic_salad
melee	10309	4528・ピルムフィアロ	4528・皮魯穆羅	ok	ok
melee	10310	4628・ランシストプリマーレ	4628・爾阿恩斯哈伊斯烏	bad	phonetic_salad
melee	10311	4728・パイクバイソー	4728・派克野牛	ok	ok
melee	10312	4828・アルーシェバイソー	4828・阿魯修伊艾巴伊索	ok	ok
melee	10313	ダミー	假	ok	skip_empty_dummy
melee	10314	4A28・アセガイバイソー	4A28・阿瑟加伊巴伊索	ok	ok
melee	10315	4B28・サリッサバイソー	4B28・斯阿爾伊爾斯阿布	bad	phonetic_salad
melee	10316	4C28・ピルムバイソー	4C28・皮魯穆巴伊索	ok	ok
melee	10317	4D28・ランシストマキシマ	4D28・爾阿恩斯哈伊斯烏	bad	phonetic_salad
melee	10318	4E28・マム＝スリサズ	4E28・瑪穆＝蘇里薩祖	ok	ok
melee	10319	4F28・グログ＝スリサズ	4F28・古羅古＝蘇里薩祖	ok	ok
melee	10320	5028・ワム＝ハガラズ	5028・瓦穆＝哈加拉祖	ok	ok
melee	10321	5128・ウルナ＝ハガラズ	5128・烏魯娜＝哈加拉祖	ok	ok
melee	10322	5228・エラシオ＝ウィアド	5228・艾拉修伊歐＝威阿多	bad	phonetic_salad
melee	10323	5328・ケイサス＝ウィアド	5328・凱伊薩蘇＝威阿多	ok	ok
melee	10324	5428・フルメ＝イングワ	5428・芙魯梅＝伊恩烏瓦	ok	ok
melee	10325	5528・カタラク＝イングワ	5528・可塔拉庫＝伊恩烏瓦	ok	ok
melee	10326	Licht Waltz	勒伊克哈特円舞曲	bad	phonetic_salad
melee	10327	Licht Rite	勒伊克哈特里特	ok	ok
melee	10328	Licht Flake	勒伊克哈特弗阿凱	bad	phonetic_salad
melee	10329	Nacht Waltz	恩阿克哈特円舞曲	bad	phonetic_salad
melee	10330	Nacht Rite	古火竜騎士剣	ok	ok
melee	10331	Nacht Flake	恩阿克哈特弗阿凱	bad	phonetic_salad
melee	10332	Licht Noichzat	勒伊克哈特恩歐伊克哈茲阿特	bad	phonetic_salad
melee	10333	Lichten Nact	勒伊克哈特艾恩恩阿克特	bad	phonetic_salad
melee	10334	Lichten Schnitz	勒伊克哈特艾恩斯克哈恩伊特茲	bad	phonetic_salad
melee	10335	Nacht Noichzat	恩阿克哈特恩歐伊克哈茲阿特	bad	phonetic_salad
melee	10336	Nacht Tarnat	恩阿克哈特特阿爾恩阿特	bad	phonetic_salad
melee	10337	Nacht Schnitz	恩阿克哈特斯克哈恩伊特茲	bad	phonetic_salad
melee	10338	"Gold Neko ""Bind"""	金猫	ok	ok
melee	10339	"Gold Neko ""Shackle"""	金猫	ok	ok
melee	10340	"Gold Neko ""Bound"""	金猫	ok	ok
melee	10341	"Silver Neko ""Drama"""	銀猫戲劇	ok	ok
melee	10342	"Silver Neko ""Theatre"""	銀猫	ok	ok
melee	10343	"Silver Neko ""Show"""	銀猫	ok	ok
melee	10344	6828・ブリザードダンブル	6828・布烏爾伊茲阿德歐	bad	phonetic_salad
melee	10345	Blizz Batic	布伊茲茲布阿特伊克	bad	phonetic_salad
melee	10346	Blizz Acrobat	布伊茲茲阿克爾歐布阿特	bad	phonetic_salad
melee	10347	6B28・ジャイアントダンブル	6B28・杰阿伊阿恩特歐德	bad	phonetic_salad
melee	10348	Gigant Batic	極巨碎敵剣	ok	ok
melee	10349	Gigant Acrobat	格伊格阿恩特阿克爾歐布阿特	bad	phonetic_salad
melee	10350	Ice Palace	冰宮殿	ok	ok
melee	10351	6F28・ロアールアイシア	6F28・羅阿魯阿伊修伊阿	bad	phonetic_salad
melee	10352	7028・パイルアイシア	7028・派爾艾西亞	ok	ok
melee	10353	Sleep Palace	睡眠宮殿	ok	ok
melee	10354	7228・ロアールスリピア	7228・羅阿魯蘇里皮阿	ok	ok
melee	10355	7328・パイルスリピア	7328・派爾斯里皮亞	ok	ok
melee	10356	7428・ブリッツデュエル	7428・布烏爾伊爾特斯烏	bad	phonetic_salad
melee	10357	7528・ブリッツディライト	7528・布烏爾伊爾特斯烏	bad	phonetic_salad
melee	10358	7628・ヘイルデュエル	7628・赫伊魯杜艾魯	ok	ok
melee	10359	7728・ヘイルディライト	7728・赫伊魯托	ok	ok
melee	10360	7828・フロストセーバー	7828・芙羅蘇托瑟巴	ok	ok
melee	10361	7928・フロストギャザード	7928・夫烏爾歐斯烏特歐	bad	phonetic_salad
melee	10362	7A28・スリープセーバー	7A28・蘇里普瑟巴	ok	ok
melee	10363	7B28・スリープギャザード	7B28・蘇里雅扎多	ok	ok
melee	10364	7C28・リベラルディーネ	7C28・里貝拉魯迪涅	ok	ok
melee	10365	7D28・リベラルダレオン	7D28・爾伊布艾爾阿爾烏	bad	phonetic_salad
melee	10366	7E28・イデアルモラル	7E28・伊德阿魯莫拉魯	ok	ok
melee	10367	7F28・イデアルダーレ	7F28・伊德阿魯達雷	ok	ok
melee	10368	8028・オーディファクト	8028・歐迪法庫托	ok	ok
melee	10369	8128・オーディブランツ	8128・歐德伊布烏爾阿恩	bad	phonetic_salad
melee	10370	8228・アレマフィード	8228・阿雷瑪菲多	ok	ok
melee	10371	8328・アレマルド	8328・阿雷多	ok	ok
melee	10372	Krieg Gald	克爾伊艾格格阿勒德	bad	phonetic_salad
melee	10373	Krieg Bond	克爾伊艾格絆	ok	ok
melee	10374	Krieg Vie	軍神雙剣	ok	ok
melee	10375	Valle Marsyas	維阿勒勒艾姆阿爾斯伊阿斯	bad	phonetic_salad
melee	10376	Nocturne Marsyas	恩歐克特烏爾恩艾姆阿爾斯伊阿斯	bad	phonetic_salad
melee	10377	Classic Marsyas	克勒阿斯斯伊克姆阿爾斯伊阿斯	bad	phonetic_salad
melee	10378	8A28・ツインピスタ	8A28・特斯烏伊恩普伊斯	bad	phonetic_salad
melee	10379	8B28・ツインスパーダ	8B28・特斯烏伊恩斯烏普	bad	phonetic_salad
melee	10380	8C28・アイスフェスタ	8C28・阿伊蘇菲蘇塔	ok	ok
melee	10381	8D28・アイスレイク	8D28・阿伊蘇雷伊庫	ok	ok
melee	10382	Heat Pride	烈焔預言	ok	ok
melee	10383	8F28・ヒートラウム	8F28・希托拉烏穆	ok	ok
melee	10384	Marsh Pride	湿普伊德	ok	ok
melee	10385	9128・マーシュラウム	9128・瑪修烏拉烏穆	ok	ok
melee	10386	Electro Tribe	艾勒艾克特爾歐族	bad	phonetic_salad
melee	10387	Electro Native	艾勒艾克特爾歐原	bad	phonetic_salad
melee	10388	Primal Tribe	原始族	ok	ok
melee	10389	Primal Native	原始原	ok	ok
melee	10390	"WrkshpTwinBlades""Flame"""	瓦爾克斯哈普球紋章刃焔	ok	ok
melee	10391	"WrkshpTwinBlades""Burn"""	瓦爾克斯哈普球紋章刃焼	bad	phonetic_salad
melee	10392	"WrkshpTwinBlades""Scorch"""	瓦爾克斯哈普球紋章刃斯克歐爾克哈	bad	phonetic_salad
melee	10393	"WrkshpTwinBlades""Rain"""	瓦爾克斯哈普球紋章刃【雨】	bad	phonetic_salad
melee	10394	"WrkShpTwinBlades""Storm"""	瓦爾克斯哈普球紋章刃風暴	bad	phonetic_salad
melee	10395	"WrkshpTwinBlades""Rainbw"""	瓦爾克斯哈普球紋章刃爾阿伊恩布瓦	bad	phonetic_salad
melee	10396	Faceta Wecht	打撃面容之剣	ok	ok
melee	10397	Battle Facetas	戦夫阿克艾特阿斯	bad	phonetic_salad
melee	10398	Suraldo Facetas	斯烏爾阿勒德歐夫阿克艾特阿斯	bad	phonetic_salad
melee	10399	Canolevo Duane	可諾勒沃杜阿涅	ok	ok
melee	10400	Mariescano Leb	姆阿爾伊艾斯克阿勒艾布	bad	phonetic_salad
melee	10401	Proecano Leb	普歐艾可諾勒艾布	bad	phonetic_salad
melee	10402	Basileus Filia	布阿斯伊勒艾烏斯菲利阿	bad	phonetic_salad
melee	10403	Regis Basileus	爾艾格伊斯布阿斯伊勒艾烏斯	bad	phonetic_salad
melee	10404	Allision Basileus	阿勒勒伊斯伊歐恩布阿斯伊勒艾烏斯	bad	phonetic_salad
melee	10405	Aura Croix	気終極征	ok	ok
melee	10406	Spiniclowald	斯普伊恩伊克勒歐	bad	phonetic_salad
melee	10407	Spiniculagra	斯普伊恩伊克烏勒	bad	phonetic_salad
melee	10408	Idea Triminie	理想・四季	ok	ok
melee	10409	Ele Jaidia	属雅伊迪阿	ok	ok
melee	10410	Ete Nordias	艾特恩歐爾德伊阿斯	bad	phonetic_salad
melee	10411	Dread Max	極致光華	ok	ok
melee	10412	Celestial Regis	克艾勒艾斯特伊阿爾艾格伊斯	bad	phonetic_salad
melee	10413	Dregg Starts	不滅光輝	ok	ok
melee	10414	Deadly Sworya	致死斯歐里阿	ok	ok
melee	10415	Durenworth	德烏爾艾恩瓦歐爾	bad	phonetic_salad
melee	10416	Quinoduleterre	奎烏伊恩歐德烏勒	bad	phonetic_salad
melee	10417	Carnelian Blaze	克阿爾恩艾勒伊阿炎	bad	phonetic_salad
melee	10418	Camilia Nyde	可米利阿恩伊德艾	bad	phonetic_salad
melee	10419	Camilia Ares	可米利阿阿爾艾斯	bad	phonetic_salad
melee	10420	Seraphion	斯艾爾阿普哈伊歐	bad	phonetic_salad
melee	10421	Cross Seraph	十瑟拉菲	ok	ok
melee	10422	Sharak Seraph	銀輝天使剣	ok	ok
melee	10423	Hawk Wake	覺醒飛鷹	ok	ok
melee	10424	Faloculus	夫阿勒歐克烏勒烏	bad	phonetic_salad
melee	10425	Aguilacolus	阿格烏伊勒阿克歐	bad	phonetic_salad
melee	10426	Outlaw Gunlance	銃槍歐烏特勒阿瓦	ok	ok
melee	10427	Illegal Cannon	伊勒勒艾格阿勒加農砲	bad	phonetic_salad
melee	10428	Brigandine Days	布爾伊格阿恩德伊日	bad	phonetic_salad
melee	10429	Almatein	阿勒姆阿特艾伊恩	bad	phonetic_salad
melee	10430	Spestein	尖晶石	ok	ok
melee	10431	Dementoid	德艾姆艾恩特歐伊	bad	phonetic_salad
melee	10432	Rembrandt Hard	刺針堅牢	ok	ok
melee	10433	Zenas Blood	茲艾恩阿斯血	ok	ok
melee	10434	Karon Blood	克阿爾歐恩血	ok	ok
melee	10435	Sanguis Red	鮮血・紅	ok	ok
melee	10436	Twin Eltia	球紋章艾勒特伊阿	bad	phonetic_salad
melee	10437	Deep Eltia	深艾勒特伊阿	ok	ok
melee	10438	Vermillion Soare	朱紅索阿雷	ok	ok
melee	10439	Geryon Dorta	格艾爾伊歐恩德歐爾特阿	bad	phonetic_salad
melee	10440	Red Hesperide	深邃朱銀剣	ok	ok
melee	10441	Crystal Muss	晶姆烏斯斯	ok	ok
melee	10442	Alberc Merio	阿勒布艾爾克梅里歐	bad	phonetic_salad
melee	10443	Lemor Merio	勒艾姆歐爾梅里歐	bad	phonetic_salad
melee	10444	CC28・ヴェルムズガンランス	CC28・維艾爾烏姆烏茲烏	bad	phonetic_salad
melee	10445	CD28・ゲルメズキャノン	CD28・格艾爾烏姆艾茲烏	bad	phonetic_salad
melee	10446	CE28・ターゲズキャノン	CE28・特阿格艾茲烏克伊	bad	phonetic_salad
melee	10447	CF28・ポミグラード・ボム	CF28・波米古拉多・波穆	ok	ok
melee	10448	D028・グラボニルス	D028・古拉波蘇	ok	ok
melee	10449	D128・グラボアンブル	D128・格烏爾阿布歐阿恩	bad	phonetic_salad
melee	10450	Sechzehn Klinge	斯艾克哈茲艾哈恩刃	bad	phonetic_salad
melee	10451	D328・ダウンヴェーテ	D328・德阿烏恩維艾特艾	bad	phonetic_salad
melee	10452	D428・ダウンゼレイド	D428・德阿烏恩茲艾爾艾	bad	phonetic_salad
melee	10453	Storm Fortuna	風暴夫歐爾特烏恩阿	bad	phonetic_salad
melee	10454	Tormentous	特歐爾姆艾恩特歐	bad	phonetic_salad
melee	10455	D728・ケイモンシーン	D728・克艾伊姆歐恩斯哈	bad	phonetic_salad
melee	10456	Smash Back	打後	ok	ok
melee	10457	D928・イェレンストライク	D928・伊艾爾艾恩斯烏特	bad	phonetic_salad
melee	10458	Mono Impact	莫諾伊姆普阿克特	bad	phonetic_salad
melee	10459	DB28・トランス・ソディア	DB28・特歐爾阿恩斯烏・SO	bad	phonetic_salad
melee	10460	DC28・グラントスウォラ	DC28・格烏爾阿恩特歐斯	bad	phonetic_salad
melee	10461	DD28・グラントアントレム	DD28・格烏爾阿恩特歐阿	bad	phonetic_salad
melee	10462	DE28・デザート・ピサン	DE28・德扎托・普伊斯阿恩	bad	phonetic_salad
melee	10463	DF28・ディザビータ	DF28・迪扎比塔	ok	ok
melee	10464	E028・ディザペンドラ	E028・德伊茲阿普艾恩德	bad	phonetic_salad
melee	10465	E128・ヴィスヴェウス	E128・維蘇維烏蘇	ok	ok
melee	10466	E228・ヴィスヴォール	E228・維蘇沃魯	ok	ok
melee	10467	E328・ヴィスアグザマン	E328・維伊斯烏阿格烏茲	bad	phonetic_salad
melee	10468	E428・カイツ・ロンド	E428・克阿伊特斯烏・爾歐恩德歐	bad	phonetic_salad
melee	10469	E528・クルック・ロンド	E528・克烏爾烏爾克烏・爾歐恩德歐	bad	phonetic_salad
melee	10470	E628・クルバ・ロンド	E628・庫魯巴・爾歐恩德歐	ok	ok
melee	10471	Mass Serenade	塊瑟雷娜德	ok	ok
melee	10472	E828・リネア・セレナーデ	E828・里涅阿・瑟雷娜德	ok	ok
melee	10473	E928・ピエザ・セレナーデ	E928・皮艾扎・瑟雷娜德	ok	ok
melee	10474	EA28・プレル・ノクターン	EA28・普雷魯・恩歐克烏特阿恩	bad	phonetic_salad
melee	10475	EB28・アンテル・ノクターン	EB28・阿恩特艾爾烏・恩歐克烏特阿恩	bad	phonetic_salad
melee	10476	EC28・ニクテル・ノクターン	EC28・尼庫特魯・恩歐克烏特阿恩	bad	phonetic_salad
melee	10477	ED28・ディオレル・ソナタ	ED28・迪歐雷魯・索娜塔	ok	ok
melee	10478	EE28・オーラー・ソナタ	EE28・歐拉・索娜塔	ok	ok
melee	10479	EF28・ドランマ・ソナタ	EF28・德歐爾阿恩姆阿・索娜塔	bad	phonetic_salad
melee	10480	F028・タネリア・ダージュ	F028・塔涅里阿・達朱	ok	ok
melee	10481	F128・ドラユン・ダージュ	F128・德歐爾阿伊烏恩・達朱	bad	phonetic_salad
melee	10482	F228・ケシュート・ダージュ	F228・凱修烏托・達朱	ok	ok
melee	10483	Strel Concerto	斯特爾艾勒克歐恩克艾爾特歐	bad	phonetic_salad
melee	10484	Lupis Concerto	勒烏普伊斯克歐恩克艾爾特歐	bad	phonetic_salad
melee	10485	Traines Concerto	特爾阿伊恩艾斯克歐恩克艾爾特歐	bad	phonetic_salad
melee	10486	F628・リヨン・ウィドール	F628・爾伊伊歐恩・威多魯	ok	ok
melee	10487	F728・モート・ウィドール	F728・莫托・威多魯	ok	ok
melee	10488	F828・メレー・ウィドール	F828・梅雷・威多魯	ok	ok
melee	10489	F928・アマナ・パルティ	F928・天・波爾蒂	ok	ok
melee	10490	FA28・ラドロ・パルティ	FA28・拉德羅・波爾蒂	ok	ok
melee	10491	FB28・ディーラ・パルティ	FB28・經銷・波爾蒂	ok	ok
melee	10492	FC28・シエノ・ボロディン	FC28・修伊艾諾・布歐爾歐德伊恩	bad	phonetic_salad
melee	10493	FD28・アルシノ・ボロディン	FD28・阿魯修伊諾・布歐爾歐德伊恩	bad	phonetic_salad
melee	10494	FE28・エンテールボロディン	FE28・艾恩特艾爾烏布歐	bad	phonetic_salad
melee	10495	FF28・ヒアエノ・パディナ	FF28・希埃諾・波迪納	ok	ok
melee	10496	0029・アピディ・パディナ	0029・阿皮迪・波迪納	ok	ok
melee	10497	0129・モエリー・パディナ	0129・莫埃里・波迪納	ok	ok
melee	10498	0229・フォージン・プロコ	0229・夫歐杰伊恩・普羅科	bad	phonetic_salad
melee	10499	0329・アルジ・プロコ	0329・阿魯吉・普羅科	ok	ok
melee	10500	0429・リーレン・プロコ	0429・爾伊爾艾恩・普羅科	bad	phonetic_salad
melee	10501	0529・シフル・グラズノ	0529・修伊芙魯・古拉祖諾	ok	ok
melee	10502	0629・シルビ・グラズノ	0629・修伊魯比・古拉祖諾	ok	ok
melee	10503	0729・フィスキ・グラズノ	0729・菲蘇奇・古拉祖諾	ok	ok
melee	10504	0829・パルル・ヘリング	0829・波魯魯・赫林	ok	ok
melee	10505	0929・パルル・レクエルド	0929・波魯魯・雷奎爾德	ok	ok
melee	10506	0A29・パルブニックル	0A29・普阿爾烏布烏恩伊	bad	phonetic_salad
melee	10507	0B29・ライプ・ラキュイユ	0B29・拉伊普・爾阿克伊烏伊伊烏	bad	phonetic_salad
melee	10508	0C29・ライプ・エンツァ	0C29・拉伊普・艾恩特斯烏阿	bad	phonetic_salad
melee	10509	0D29・カレンタライブス	0D29・克阿爾艾恩特阿爾	bad	phonetic_salad
melee	10510	0E29・スピ・セリクシ	0E29・蘇皮・瑟里庫修伊	ok	ok
melee	10511	0F29・スピ・エヴォリュス	0F29・蘇皮・艾沃里烏蘇	ok	ok
melee	10512	1029・ジュガスピール	1029・朱加蘇皮魯	ok	ok
melee	10513	1129・ビオ・ベルヒ	1129・比歐・貝魯希	ok	ok
melee	10514	1229・ビオ・ベラハ	1229・比歐・貝拉哈	ok	ok
melee	10515	1329・ビオグラテーラ	1329・比歐古拉特拉	ok	ok
melee	10516	1429・ブラ・フォリア	1429・布拉・佛里阿	ok	ok
melee	10517	1529・ブラ・ファリウム	1529・布拉・法里烏穆	ok	ok
melee	10518	1629・ブラスプリカー	1629・布拉蘇普里可	ok	ok
melee	10519	Vitara Siren	人魚紅鶴號角	ok	ok
melee	10520	Vitara Trumpet	深沈紅鶴號角	ok	ok
melee	10521	Vitara Whistle	維塔拉笛	ok	ok
melee	10522	1A29・ノモス・ザック	1A29・諾莫蘇・扎茲庫	ok	ok
melee	10523	1B29・ノモス・ミューズ	1B29・諾莫蘇・姆伊烏茲烏	ok	ok
melee	10524	1C29・ガルニノートゥル	1C29・加魯尼諾圖魯	ok	ok
melee	10525	1D29・ロワ・コンターレ	1D29・羅瓦・克歐恩特阿爾艾	bad	phonetic_salad
melee	10526	1E29・ロワ・レーレン	1E29・羅瓦・爾艾爾艾恩	bad	phonetic_salad
melee	10527	1F29・ロブルワカース	1F29・羅瓦可蘇	ok	ok
melee	10528	2029・フィオス・プラーヴァ	2029・菲歐蘇・普拉瓦	ok	ok
melee	10529	2129・バオルト・プラーヴァ	2129・巴歐魯托・普拉瓦	ok	ok
melee	10530	2229・プリヴィアレシュタ	2229・普里雷修烏塔	ok	ok
melee	10531	2329・レゲス・トロニア	2329・雷格蘇・托羅尼阿	ok	ok
melee	10532	2429・レゲス・エイク	2429・雷格蘇・艾伊庫	ok	ok
melee	10533	2529・ラルカエンク	2529・爾阿爾烏克阿艾恩	bad	phonetic_salad
melee	10534	2629・レッジ・トゥイーク	2629・爾艾爾杰伊・圖伊庫	ok	ok
melee	10535	2729・レッジ・フォロン	2729・爾艾爾杰伊・夫歐爾歐恩	bad	phonetic_salad
melee	10536	2829・レジコルナーザ	2829・雷吉科魯娜扎	ok	ok
melee	10537	2929・デレク・ヤレヴァ	2929・德雷庫・雅雷瓦	ok	ok
melee	10538	2A29・デレク・レヴォネ	2A29・德雷庫・雷沃涅	ok	ok
melee	10539	2B29・デーレルザック	2B29・德雷魯扎茲庫	ok	ok
melee	10540	Pizza Peel Ⅱ	披薩板Ⅱ	ok	ok
melee	10541	Pizza Peel Ⅲ	披薩板Ⅲ	ok	ok
melee	10542	Pizza Peel Ⅳ	披薩板Ⅳ	ok	ok
melee	10543	Pizza Peel Ⅴ	披薩板Ⅴ	ok	ok
melee	10544	Pizza Peel Ⅵ	披薩板Ⅵ	ok	ok
melee	10545	3129・メディゴルミーデ	3129・梅迪戈魯米德	ok	ok
melee	10546	3229・メディゴルミデリ	3229・梅迪戈魯米德里	ok	ok
melee	10547	3329・メディゴルミデル	3329・梅迪戈魯米德魯	ok	ok
melee	10548	3429・メディゴルデラミス	3429・梅迪戈魯德拉米蘇	ok	ok
melee	10549	3529・メディゴルラルゴン	3529・姆艾德伊格歐爾烏	bad	phonetic_salad
melee	10550	3629・メディゴルグラギス	3629・梅迪戈魯古拉吉蘇	ok	ok
melee	10551	3729・ルウリー・ツーペルム	3729・魯烏里・特斯烏普艾爾烏姆	bad	phonetic_salad
melee	10552	3829・ラウリー・ツーペルム	3829・拉烏里・特斯烏普艾爾烏姆	bad	phonetic_salad
melee	10553	3929・リュシン・ツーペルム	3929・爾伊烏斯哈伊恩・特斯烏普艾爾烏姆	bad	phonetic_salad
melee	10554	El Melphatis	EL姆艾勒普哈阿特伊	bad	phonetic_salad
melee	10555	3B29・エルッキファティス	3B29・艾爾烏爾克伊夫阿	bad	phonetic_salad
melee	10556	3C29・エルシーンファティス	3C29・艾爾烏斯哈伊恩夫	bad	phonetic_salad
melee	10557	3D29・イーデントレード	3D29・伊德艾恩特歐爾艾	bad	phonetic_salad
melee	10558	3E29・イーデンスクアルト	3E29・伊德艾恩斯烏克烏	bad	phonetic_salad
melee	10559	3F29・イーデンスロペスド	3F29・伊德艾恩斯烏爾歐	bad	phonetic_salad
melee	10560	4029・イードラロドルド	4029・伊多拉羅多魯多	ok	ok
melee	10561	4129・イードラスタンダー	4129・伊德歐爾阿斯烏特	bad	phonetic_salad
melee	10562	4229・イードラインレイ	4229・伊德歐爾阿伊恩爾	bad	phonetic_salad
melee	10563	4329・オスタドグラード	4329・歐蘇塔多古拉多	ok	ok
melee	10564	4429・オスタビリオランス	4429・歐斯烏特阿布伊爾	bad	phonetic_salad
melee	10565	4529・オスピルドローランス	4529・歐斯烏普伊爾烏德	bad	phonetic_salad
melee	10566	4629・ヘラドンガトロン	4629・哈艾爾阿德歐恩格	bad	phonetic_salad
melee	10567	4729・ヘラエリオドロット	4729・哈艾爾阿艾爾伊歐	bad	phonetic_salad
melee	10568	4829・ヘラクラルケス	4829・赫拉庫拉魯凱蘇	ok	ok
melee	10569	4929・グラニターラ	4929・古拉尼塔拉	ok	ok
melee	10570	4A29・グラニヴォラーレ	4A29・古拉尼沃拉雷	ok	ok
melee	10571	4B29・グラニペテスト	4B29・古拉尼佩特蘇托	ok	ok
melee	10572	4C29・グランヴォッタ	4C29・格烏爾阿恩維歐維	bad	phonetic_salad
melee	10573	4D29・グランズブラード	4D29・格烏爾阿恩茲烏布	bad	phonetic_salad
melee	10574	4E29・グランズペガゼル	4E29・格烏爾阿恩茲烏普	bad	phonetic_salad
melee	10575	4F29・サイクロシス・ガント	4F29・薩伊修伊蘇・格阿恩特歐	bad	phonetic_salad
melee	10576	5029・サイクロシス・ガンテ	5029・薩伊修伊蘇・格阿恩特艾	bad	phonetic_salad
melee	10577	5129・サイクロシス・ガンズ	5129・薩伊修伊蘇・格阿恩茲烏	bad	phonetic_salad
melee	10578	5229・デボラサイクロシス	5229・德波拉薩伊修伊蘇	ok	ok
melee	10579	5329・モズガサイクロシス	5329・莫祖加薩伊修伊蘇	ok	ok
melee	10580	Neo Cyclosis	新克伊克勒歐斯伊斯	bad	phonetic_salad
melee	10581	ダミー	假	ok	skip_empty_dummy
melee	10582	ダミー	假	ok	skip_empty_dummy
melee	10583	ダミー	假	ok	skip_empty_dummy
melee	10584	ダミー	假	ok	skip_empty_dummy
melee	10585	ダミー	假	ok	skip_empty_dummy
melee	10586	ダミー	假	ok	skip_empty_dummy
melee	10587	ダミー	假	ok	skip_empty_dummy
melee	10588	Gorgon Bride	格歐爾格歐恩布伊德	bad	phonetic_salad
melee	10589	5D29・エルヴィンヴィード	5D29・艾爾烏維伊恩維伊	bad	phonetic_salad
melee	10590	5E29・アドット・クヴィダラ	5E29・阿德歐德特歐・庫維達拉	bad	phonetic_salad
melee	10591	5F29・ヘル・レ・ラーゼ	5F29・赫魯・RE・拉澤	ok	ok
melee	10592	6029・グレイダスルランガ	6029・古雷伊達蘇魯拉恩	ok	ok
melee	10593	6129・タイダンドグライズ	6129・特阿伊德阿恩德歐	bad	phonetic_salad
melee	10594	Drag Impaler	引里法磁	ok	ok
melee	10595	Grand Duelist	大杜艾利斯	ok	ok
melee	10596	Tormineio Edge	特歐爾姆伊恩艾伊端	bad	phonetic_salad
melee	10597	Northern Wind	恩歐爾特哈艾爾恩風	bad	phonetic_salad
melee	10598	Thundering Dancer	雷霆舞者	ok	ok
melee	10599	Ruined Emperor	爾烏伊恩艾德帝	ok	ok
melee	10600	"Decor Sword ""Proof"""	装飾剣證	ok	ok
melee	10601	"Decor Sword ""Illusion"""	装飾剣幻	ok	ok
melee	10602	Noxious Miasma	恩歐克斯伊歐烏斯瘴気	bad	phonetic_salad
melee	10603	Sadism	斯阿德伊斯姆	ok	ok
melee	10604	Pyroclasm	普伊爾歐克勒阿斯	bad	phonetic_salad
melee	10605	Tidal Cascade	特伊德阿勒克阿斯克阿德艾	bad	phonetic_salad
melee	10606	Elfen Star	艾勒夫艾恩星	ok	ok
melee	10607	Schwarzthrum	黑色暗窟	ok	ok
melee	10608	Death from Above	死夫爾歐姆阿波維	bad	phonetic_salad
melee	10609	Overpower	歐維艾爾普歐瓦艾	bad	phonetic_salad
melee	10610	7229・ナギュレイダー	7229・恩阿格伊烏爾艾伊	bad	phonetic_salad
melee	10611	7329・オルカヒムン	7329・歐爾烏克阿哈伊姆	bad	phonetic_salad
melee	10612	ダミー	假	ok	skip_empty_dummy
melee	10613	ダミー	假	ok	skip_empty_dummy
melee	10614	ダミー	假	ok	skip_empty_dummy
melee	10615	ダミー	假	ok	skip_empty_dummy
melee	10616	ダミー	假	ok	skip_empty_dummy
melee	10617	ダミー	假	ok	skip_empty_dummy
melee	10618	ダミー	假	ok	skip_empty_dummy
melee	10619	ダミー	假	ok	skip_empty_dummy
melee	10620	ダミー	假	ok	skip_empty_dummy
melee	10621	ダミー	假	ok	skip_empty_dummy
melee	10622	ダミー	假	ok	skip_empty_dummy
melee	10623	ダミー	假	ok	skip_empty_dummy
melee	10624	ダミー	假	ok	skip_empty_dummy
melee	10625	ダミー	假	ok	skip_empty_dummy
melee	10626	ダミー	假	ok	skip_empty_dummy
melee	10627	ダミー	假	ok	skip_empty_dummy
melee	10628	ダミー	假	ok	skip_empty_dummy
melee	10629	ダミー	假	ok	skip_empty_dummy
melee	10630	ダミー	假	ok	skip_empty_dummy
melee	10631	ダミー	假	ok	skip_empty_dummy
melee	10632	ダミー	假	ok	skip_empty_dummy
melee	10633	ダミー	假	ok	skip_empty_dummy
melee	10634	ダミー	假	ok	skip_empty_dummy
melee	10635	ダミー	假	ok	skip_empty_dummy
melee	10636	ダミー	假	ok	skip_empty_dummy
melee	10637	ダミー	假	ok	skip_empty_dummy
melee	10638	ダミー	假	ok	skip_empty_dummy
melee	10639	ダミー	假	ok	skip_empty_dummy
melee	10640	ダミー	假	ok	skip_empty_dummy
melee	10641	ダミー	假	ok	skip_empty_dummy
melee	10642	ダミー	假	ok	skip_empty_dummy
melee	10643	ダミー	假	ok	skip_empty_dummy
melee	10644	ダミー	假	ok	skip_empty_dummy
melee	10645	ダミー	假	ok	skip_empty_dummy
melee	10646	ダミー	假	ok	skip_empty_dummy
melee	10647	ダミー	假	ok	skip_empty_dummy
melee	10648	ダミー	假	ok	skip_empty_dummy
melee	10649	ダミー	假	ok	skip_empty_dummy
melee	10650	ダミー	假	ok	skip_empty_dummy
melee	10651	ダミー	假	ok	skip_empty_dummy
melee	10652	ダミー	假	ok	skip_empty_dummy
melee	10653	ダミー	假	ok	skip_empty_dummy
melee	10654	ダミー	假	ok	skip_empty_dummy
melee	10655	ダミー	假	ok	skip_empty_dummy
melee	10656	ダミー	假	ok	skip_empty_dummy
melee	10657	ダミー	假	ok	skip_empty_dummy
melee	10658	ダミー	假	ok	skip_empty_dummy
melee	10659	ダミー	假	ok	skip_empty_dummy
melee	10660	ダミー	假	ok	skip_empty_dummy
melee	10661	ダミー	假	ok	skip_empty_dummy
melee	10662	ダミー	假	ok	skip_empty_dummy
melee	10663	ダミー	假	ok	skip_empty_dummy
melee	10664	ダミー	假	ok	skip_empty_dummy
melee	10665	ダミー	假	ok	skip_empty_dummy
melee	10666	ダミー	假	ok	skip_empty_dummy
melee	10667	ダミー	假	ok	skip_empty_dummy
melee	10668	ダミー	假	ok	skip_empty_dummy
melee	10669	ダミー	假	ok	skip_empty_dummy
melee	10670	ダミー	假	ok	skip_empty_dummy
melee	10671	ダミー	假	ok	skip_empty_dummy
melee	10672	ダミー	假	ok	skip_empty_dummy
melee	10673	ダミー	假	ok	skip_empty_dummy
melee	10674	ダミー	假	ok	skip_empty_dummy
melee	10675	ダミー	假	ok	skip_empty_dummy
melee	10676	ダミー	假	ok	skip_empty_dummy
melee	10677	ダミー	假	ok	skip_empty_dummy
melee	10678	ダミー	假	ok	skip_empty_dummy
melee	10679	ダミー	假	ok	skip_empty_dummy
melee	10680	ダミー	假	ok	skip_empty_dummy
melee	10681	ダミー	假	ok	skip_empty_dummy
melee	10682	ダミー	假	ok	skip_empty_dummy
melee	10683	ダミー	假	ok	skip_empty_dummy
melee	10684	ダミー	假	ok	skip_empty_dummy
melee	10685	ダミー	假	ok	skip_empty_dummy
melee	10686	ダミー	假	ok	skip_empty_dummy
melee	10687	ダミー	假	ok	skip_empty_dummy
melee	10688	ダミー	假	ok	skip_empty_dummy
melee	10689	ダミー	假	ok	skip_empty_dummy
melee	10690	ダミー	假	ok	skip_empty_dummy
melee	10691	ダミー	假	ok	skip_empty_dummy
melee	10692	ダミー	假	ok	skip_empty_dummy
melee	10693	ダミー	假	ok	skip_empty_dummy
melee	10694	ダミー	假	ok	skip_empty_dummy
melee	10695	ダミー	假	ok	skip_empty_dummy
melee	10696	ダミー	假	ok	skip_empty_dummy
melee	10697	ダミー	假	ok	skip_empty_dummy
melee	10698	ダミー	假	ok	skip_empty_dummy
melee	10699	ダミー	假	ok	skip_empty_dummy
melee	10700	ダミー	假	ok	skip_empty_dummy
melee	10701	ダミー	假	ok	skip_empty_dummy
melee	10702	ダミー	假	ok	skip_empty_dummy
melee	10703	ダミー	假	ok	skip_empty_dummy
melee	10704	ダミー	假	ok	skip_empty_dummy
melee	10705	ダミー	假	ok	skip_empty_dummy
melee	10706	ダミー	假	ok	skip_empty_dummy
melee	10707	ダミー	假	ok	skip_empty_dummy
melee	10708	ダミー	假	ok	skip_empty_dummy
melee	10709	ダミー	假	ok	skip_empty_dummy
melee	10710	ダミー	假	ok	skip_empty_dummy
melee	10711	ダミー	假	ok	skip_empty_dummy
melee	10712	ダミー	假	ok	skip_empty_dummy
melee	10713	ダミー	假	ok	skip_empty_dummy
melee	10714	ダミー	假	ok	skip_empty_dummy
melee	10715	ダミー	假	ok	skip_empty_dummy
melee	10716	ダミー	假	ok	skip_empty_dummy
melee	10717	ダミー	假	ok	skip_empty_dummy
melee	10718	ダミー	假	ok	skip_empty_dummy
melee	10719	ダミー	假	ok	skip_empty_dummy
melee	10720	ダミー	假	ok	skip_empty_dummy
melee	10721	ダミー	假	ok	skip_empty_dummy
melee	10722	ダミー	假	ok	skip_empty_dummy
melee	10723	ダミー	假	ok	skip_empty_dummy
melee	10724	ダミー	假	ok	skip_empty_dummy
melee	10725	ダミー	假	ok	skip_empty_dummy
melee	10726	ダミー	假	ok	skip_empty_dummy
melee	10727	ダミー	假	ok	skip_empty_dummy
melee	10728	ダミー	假	ok	skip_empty_dummy
melee	10729	ダミー	假	ok	skip_empty_dummy
melee	10730	ダミー	假	ok	skip_empty_dummy
melee	10731	ダミー	假	ok	skip_empty_dummy
melee	10732	ダミー	假	ok	skip_empty_dummy
melee	10733	ダミー	假	ok	skip_empty_dummy
melee	10734	ダミー	假	ok	skip_empty_dummy
melee	10735	ダミー	假	ok	skip_empty_dummy
melee	10736	ダミー	假	ok	skip_empty_dummy
melee	10737	ダミー	假	ok	skip_empty_dummy
melee	10738	ダミー	假	ok	skip_empty_dummy
melee	10739	ダミー	假	ok	skip_empty_dummy
melee	10740	ダミー	假	ok	skip_empty_dummy
melee	10741	ダミー	假	ok	skip_empty_dummy
melee	10742	ダミー	假	ok	skip_empty_dummy
melee	10743	ダミー	假	ok	skip_empty_dummy
melee	10744	ダミー	假	ok	skip_empty_dummy
melee	10745	ダミー	假	ok	skip_empty_dummy
melee	10746	ダミー	假	ok	skip_empty_dummy
melee	10747	ダミー	假	ok	skip_empty_dummy
melee	10748	ダミー	假	ok	skip_empty_dummy
melee	10749	ダミー	假	ok	skip_empty_dummy
melee	10750	ダミー	假	ok	skip_empty_dummy
melee	10751	ダミー	假	ok	skip_empty_dummy
melee	10752	ダミー	假	ok	skip_empty_dummy
melee	10753	ダミー	假	ok	skip_empty_dummy
melee	10754	ダミー	假	ok	skip_empty_dummy
melee	10755	ダミー	假	ok	skip_empty_dummy
melee	10756	ダミー	假	ok	skip_empty_dummy
melee	10757	ダミー	假	ok	skip_empty_dummy
melee	10758	ダミー	假	ok	skip_empty_dummy
melee	10759	ダミー	假	ok	skip_empty_dummy
melee	10760	ダミー	假	ok	skip_empty_dummy
melee	10761	ダミー	假	ok	skip_empty_dummy
melee	10762	ダミー	假	ok	skip_empty_dummy
melee	10763	ダミー	假	ok	skip_empty_dummy
melee	10764	ダミー	假	ok	skip_empty_dummy
melee	10765	ダミー	假	ok	skip_empty_dummy
melee	10766	ダミー	假	ok	skip_empty_dummy
melee	10767	ダミー	假	ok	skip_empty_dummy
melee	10768	ダミー	假	ok	skip_empty_dummy
melee	10769	ダミー	假	ok	skip_empty_dummy
melee	10770	ダミー	假	ok	skip_empty_dummy
melee	10771	ダミー	假	ok	skip_empty_dummy
melee	10772	ダミー	假	ok	skip_empty_dummy
melee	10773	ダミー	假	ok	skip_empty_dummy
melee	10774	ダミー	假	ok	skip_empty_dummy
melee	10775	ダミー	假	ok	skip_empty_dummy
melee	10776	ダミー	假	ok	skip_empty_dummy
melee	10777	ダミー	假	ok	skip_empty_dummy
melee	10778	ダミー	假	ok	skip_empty_dummy
melee	10779	ダミー	假	ok	skip_empty_dummy
melee	10780	ダミー	假	ok	skip_empty_dummy
melee	10781	ダミー	假	ok	skip_empty_dummy
melee	10782	ダミー	假	ok	skip_empty_dummy
melee	10783	ダミー	假	ok	skip_empty_dummy
melee	10784	ダミー	假	ok	skip_empty_dummy
melee	10785	ダミー	假	ok	skip_empty_dummy
melee	10786	ダミー	假	ok	skip_empty_dummy
melee	10787	ダミー	假	ok	skip_empty_dummy
melee	10788	ダミー	假	ok	skip_empty_dummy
melee	10789	ダミー	假	ok	skip_empty_dummy
melee	10790	ダミー	假	ok	skip_empty_dummy
melee	10791	ダミー	假	ok	skip_empty_dummy
melee	10792	ダミー	假	ok	skip_empty_dummy
melee	10793	ダミー	假	ok	skip_empty_dummy
melee	10794	ダミー	假	ok	skip_empty_dummy
melee	10795	ダミー	假	ok	skip_empty_dummy
melee	10796	ダミー	假	ok	skip_empty_dummy
melee	10797	ダミー	假	ok	skip_empty_dummy
melee	10798	ダミー	假	ok	skip_empty_dummy
melee	10799	ダミー	假	ok	skip_empty_dummy
melee	10800	ダミー	假	ok	skip_empty_dummy
melee	10801	ダミー	假	ok	skip_empty_dummy
melee	10802	ダミー	假	ok	skip_empty_dummy
melee	10803	ダミー	假	ok	skip_empty_dummy
melee	10804	ダミー	假	ok	skip_empty_dummy
melee	10805	ダミー	假	ok	skip_empty_dummy
melee	10806	ダミー	假	ok	skip_empty_dummy
melee	10807	ダミー	假	ok	skip_empty_dummy
melee	10808	ダミー	假	ok	skip_empty_dummy
melee	10809	ダミー	假	ok	skip_empty_dummy
melee	10810	ダミー	假	ok	skip_empty_dummy
melee	10811	ダミー	假	ok	skip_empty_dummy
melee	10812	ダミー	假	ok	skip_empty_dummy
melee	10813	ダミー	假	ok	skip_empty_dummy
melee	10814	ダミー	假	ok	skip_empty_dummy
melee	10815	ダミー	假	ok	skip_empty_dummy
melee	10816	ダミー	假	ok	skip_empty_dummy
melee	10817	ダミー	假	ok	skip_empty_dummy
melee	10818	ダミー	假	ok	skip_empty_dummy
melee	10819	ダミー	假	ok	skip_empty_dummy
melee	10820	ダミー	假	ok	skip_empty_dummy
melee	10821	ダミー	假	ok	skip_empty_dummy
melee	10822	ダミー	假	ok	skip_empty_dummy
melee	10823	ダミー	假	ok	skip_empty_dummy
melee	10824	ダミー	假	ok	skip_empty_dummy
melee	10825	ダミー	假	ok	skip_empty_dummy
melee	10826	ダミー	假	ok	skip_empty_dummy
melee	10827	ダミー	假	ok	skip_empty_dummy
melee	10828	ダミー	假	ok	skip_empty_dummy
melee	10829	ダミー	假	ok	skip_empty_dummy
melee	10830	ダミー	假	ok	skip_empty_dummy
melee	10831	ダミー	假	ok	skip_empty_dummy
melee	10832	ダミー	假	ok	skip_empty_dummy
melee	10833	ダミー	假	ok	skip_empty_dummy
melee	10834	ダミー	假	ok	skip_empty_dummy
melee	10835	ダミー	假	ok	skip_empty_dummy
melee	10836	ダミー	假	ok	skip_empty_dummy
melee	10837	ダミー	假	ok	skip_empty_dummy
melee	10838	ダミー	假	ok	skip_empty_dummy
melee	10839	ダミー	假	ok	skip_empty_dummy
melee	10840	ダミー	假	ok	skip_empty_dummy
melee	10841	ダミー	假	ok	skip_empty_dummy
melee	10842	ダミー	假	ok	skip_empty_dummy
melee	10843	ダミー	假	ok	skip_empty_dummy
melee	10844	ダミー	假	ok	skip_empty_dummy
melee	10845	ダミー	假	ok	skip_empty_dummy
melee	10846	ダミー	假	ok	skip_empty_dummy
melee	10847	ダミー	假	ok	skip_empty_dummy
melee	10848	ダミー	假	ok	skip_empty_dummy
melee	10849	ダミー	假	ok	skip_empty_dummy
melee	10850	ダミー	假	ok	skip_empty_dummy
melee	10851	ダミー	假	ok	skip_empty_dummy
melee	10852	ダミー	假	ok	skip_empty_dummy
melee	10853	ダミー	假	ok	skip_empty_dummy
melee	10854	ダミー	假	ok	skip_empty_dummy
melee	10855	ダミー	假	ok	skip_empty_dummy
melee	10856	ダミー	假	ok	skip_empty_dummy
melee	10857	ダミー	假	ok	skip_empty_dummy
melee	10858	ダミー	假	ok	skip_empty_dummy
melee	10859	ダミー	假	ok	skip_empty_dummy
melee	10860	ダミー	假	ok	skip_empty_dummy
melee	10861	ダミー	假	ok	skip_empty_dummy
melee	10862	ダミー	假	ok	skip_empty_dummy
melee	10863	ダミー	假	ok	skip_empty_dummy
melee	10864	ダミー	假	ok	skip_empty_dummy
melee	10865	ダミー	假	ok	skip_empty_dummy
melee	10866	ダミー	假	ok	skip_empty_dummy
melee	10867	ダミー	假	ok	skip_empty_dummy
melee	10868	ダミー	假	ok	skip_empty_dummy
melee	10869	ダミー	假	ok	skip_empty_dummy
melee	10870	ダミー	假	ok	skip_empty_dummy
melee	10871	ダミー	假	ok	skip_empty_dummy
melee	10872	ダミー	假	ok	skip_empty_dummy
melee	10873	ダミー	假	ok	skip_empty_dummy
melee	10874	ダミー	假	ok	skip_empty_dummy
melee	10875	ダミー	假	ok	skip_empty_dummy
melee	10876	ダミー	假	ok	skip_empty_dummy
melee	10877	ダミー	假	ok	skip_empty_dummy
melee	10878	ダミー	假	ok	skip_empty_dummy
melee	10879	ダミー	假	ok	skip_empty_dummy
melee	10880	ダミー	假	ok	skip_empty_dummy
melee	10881	ダミー	假	ok	skip_empty_dummy
melee	10882	ダミー	假	ok	skip_empty_dummy
melee	10883	ダミー	假	ok	skip_empty_dummy
melee	10884	ダミー	假	ok	skip_empty_dummy
melee	10885	ダミー	假	ok	skip_empty_dummy
melee	10886	ダミー	假	ok	skip_empty_dummy
melee	10887	ダミー	假	ok	skip_empty_dummy
melee	10888	ダミー	假	ok	skip_empty_dummy
melee	10889	ダミー	假	ok	skip_empty_dummy
melee	10890	ダミー	假	ok	skip_empty_dummy
melee	10891	ダミー	假	ok	skip_empty_dummy
melee	10892	ダミー	假	ok	skip_empty_dummy
melee	10893	ダミー	假	ok	skip_empty_dummy
melee	10894	ダミー	假	ok	skip_empty_dummy
melee	10895	ダミー	假	ok	skip_empty_dummy
melee	10896	ダミー	假	ok	skip_empty_dummy
melee	10897	ダミー	假	ok	skip_empty_dummy
melee	10898	ダミー	假	ok	skip_empty_dummy
melee	10899	ダミー	假	ok	skip_empty_dummy
melee	10900	ダミー	假	ok	skip_empty_dummy
melee	10901	ダミー	假	ok	skip_empty_dummy
melee	10902	ダミー	假	ok	skip_empty_dummy
melee	10903	ダミー	假	ok	skip_empty_dummy
melee	10904	ダミー	假	ok	skip_empty_dummy
melee	10905	ダミー	假	ok	skip_empty_dummy
melee	10906	ダミー	假	ok	skip_empty_dummy
melee	10907	ダミー	假	ok	skip_empty_dummy
melee	10908	ダミー	假	ok	skip_empty_dummy
melee	10909	ダミー	假	ok	skip_empty_dummy
melee	10910	ダミー	假	ok	skip_empty_dummy
melee	10911	ダミー	假	ok	skip_empty_dummy
melee	10912	ダミー	假	ok	skip_empty_dummy
melee	10913	ダミー	假	ok	skip_empty_dummy
melee	10914	ダミー	假	ok	skip_empty_dummy
melee	10915	ダミー	假	ok	skip_empty_dummy
melee	10916	ダミー	假	ok	skip_empty_dummy
melee	10917	ダミー	假	ok	skip_empty_dummy
melee	10918	ダミー	假	ok	skip_empty_dummy
melee	10919	ダミー	假	ok	skip_empty_dummy
melee	10920	ダミー	假	ok	skip_empty_dummy
melee	10921	ダミー	假	ok	skip_empty_dummy
melee	10922	ダミー	假	ok	skip_empty_dummy
melee	10923	ダミー	假	ok	skip_empty_dummy
melee	10924	ダミー	假	ok	skip_empty_dummy
melee	10925	ダミー	假	ok	skip_empty_dummy
melee	10926	ダミー	假	ok	skip_empty_dummy
melee	10927	ダミー	假	ok	skip_empty_dummy
melee	10928	ダミー	假	ok	skip_empty_dummy
melee	10929	ダミー	假	ok	skip_empty_dummy
melee	10930	ダミー	假	ok	skip_empty_dummy
melee	10931	ダミー	假	ok	skip_empty_dummy
melee	10932	ダミー	假	ok	skip_empty_dummy
melee	10933	ダミー	假	ok	skip_empty_dummy
melee	10934	ダミー	假	ok	skip_empty_dummy
melee	10935	ダミー	假	ok	skip_empty_dummy
melee	10936	ダミー	假	ok	skip_empty_dummy
melee	10937	ダミー	假	ok	skip_empty_dummy
melee	10938	ダミー	假	ok	skip_empty_dummy
melee	10939	ダミー	假	ok	skip_empty_dummy
melee	10940	ダミー	假	ok	skip_empty_dummy
melee	10941	ダミー	假	ok	skip_empty_dummy
melee	10942	ダミー	假	ok	skip_empty_dummy
melee	10943	ダミー	假	ok	skip_empty_dummy
melee	10944	ダミー	假	ok	skip_empty_dummy
melee	10945	ダミー	假	ok	skip_empty_dummy
melee	10946	ダミー	假	ok	skip_empty_dummy
melee	10947	ダミー	假	ok	skip_empty_dummy
melee	10948	ダミー	假	ok	skip_empty_dummy
melee	10949	ダミー	假	ok	skip_empty_dummy
melee	10950	ダミー	假	ok	skip_empty_dummy
melee	10951	ダミー	假	ok	skip_empty_dummy
melee	10952	ダミー	假	ok	skip_empty_dummy
melee	10953	ダミー	假	ok	skip_empty_dummy
melee	10954	ダミー	假	ok	skip_empty_dummy
melee	10955	ダミー	假	ok	skip_empty_dummy
melee	10956	ダミー	假	ok	skip_empty_dummy
melee	10957	ダミー	假	ok	skip_empty_dummy
melee	10958	ダミー	假	ok	skip_empty_dummy
melee	10959	ダミー	假	ok	skip_empty_dummy
melee	10960	ダミー	假	ok	skip_empty_dummy
melee	10961	ダミー	假	ok	skip_empty_dummy
melee	10962	ダミー	假	ok	skip_empty_dummy
melee	10963	ダミー	假	ok	skip_empty_dummy
melee	10964	ダミー	假	ok	skip_empty_dummy
melee	10965	ダミー	假	ok	skip_empty_dummy
melee	10966	ダミー	假	ok	skip_empty_dummy
melee	10967	ダミー	假	ok	skip_empty_dummy
melee	10968	ダミー	假	ok	skip_empty_dummy
melee	10969	ダミー	假	ok	skip_empty_dummy
melee	10970	ダミー	假	ok	skip_empty_dummy
melee	10971	ダミー	假	ok	skip_empty_dummy
melee	10972	ダミー	假	ok	skip_empty_dummy
melee	10973	ダミー	假	ok	skip_empty_dummy
melee	10974	ダミー	假	ok	skip_empty_dummy
melee	10975	ダミー	假	ok	skip_empty_dummy
melee	10976	ダミー	假	ok	skip_empty_dummy
melee	10977	ダミー	假	ok	skip_empty_dummy
melee	10978	ダミー	假	ok	skip_empty_dummy
melee	10979	ダミー	假	ok	skip_empty_dummy
melee	10980	ダミー	假	ok	skip_empty_dummy
melee	10981	ダミー	假	ok	skip_empty_dummy
melee	10982	ダミー	假	ok	skip_empty_dummy
melee	10983	ダミー	假	ok	skip_empty_dummy
melee	10984	ダミー	假	ok	skip_empty_dummy
melee	10985	ダミー	假	ok	skip_empty_dummy
melee	10986	ダミー	假	ok	skip_empty_dummy
melee	10987	ダミー	假	ok	skip_empty_dummy
melee	10988	ダミー	假	ok	skip_empty_dummy
melee	10989	ダミー	假	ok	skip_empty_dummy
melee	10990	ダミー	假	ok	skip_empty_dummy
melee	10991	ダミー	假	ok	skip_empty_dummy
melee	10992	ダミー	假	ok	skip_empty_dummy
melee	10993	ダミー	假	ok	skip_empty_dummy
melee	10994	ダミー	假	ok	skip_empty_dummy
melee	10995	ダミー	假	ok	skip_empty_dummy
melee	10996	ダミー	假	ok	skip_empty_dummy
melee	10997	ダミー	假	ok	skip_empty_dummy
melee	10998	ダミー	假	ok	skip_empty_dummy
melee	10999	ダミー	假	ok	skip_empty_dummy
melee	11000	ダミー	假	ok	skip_empty_dummy
melee	11001	ダミー	假	ok	skip_empty_dummy
melee	11002	ダミー	假	ok	skip_empty_dummy
melee	11003	ダミー	假	ok	skip_empty_dummy
melee	11004	ダミー	假	ok	skip_empty_dummy
melee	11005	ダミー	假	ok	skip_empty_dummy
melee	11006	ダミー	假	ok	skip_empty_dummy
melee	11007	ダミー	假	ok	skip_empty_dummy
melee	11008	ダミー	假	ok	skip_empty_dummy
melee	11009	ダミー	假	ok	skip_empty_dummy
melee	11010	ダミー	假	ok	skip_empty_dummy
melee	11011	ダミー	假	ok	skip_empty_dummy
melee	11012	ダミー	假	ok	skip_empty_dummy
melee	11013	ダミー	假	ok	skip_empty_dummy
melee	11014	ダミー	假	ok	skip_empty_dummy
melee	11015	ダミー	假	ok	skip_empty_dummy
melee	11016	ダミー	假	ok	skip_empty_dummy
melee	11017	ダミー	假	ok	skip_empty_dummy
melee	11018	ダミー	假	ok	skip_empty_dummy
melee	11019	ダミー	假	ok	skip_empty_dummy
melee	11020	ダミー	假	ok	skip_empty_dummy
melee	11021	ダミー	假	ok	skip_empty_dummy
melee	11022	ダミー	假	ok	skip_empty_dummy
melee	11023	ダミー	假	ok	skip_empty_dummy
melee	11024	ダミー	假	ok	skip_empty_dummy
melee	11025	ダミー	假	ok	skip_empty_dummy
melee	11026	ダミー	假	ok	skip_empty_dummy
melee	11027	ダミー	假	ok	skip_empty_dummy
melee	11028	ダミー	假	ok	skip_empty_dummy
melee	11029	ダミー	假	ok	skip_empty_dummy
melee	11030	ダミー	假	ok	skip_empty_dummy
melee	11031	ダミー	假	ok	skip_empty_dummy
melee	11032	ダミー	假	ok	skip_empty_dummy
melee	11033	ダミー	假	ok	skip_empty_dummy
melee	11034	ダミー	假	ok	skip_empty_dummy
melee	11035	ダミー	假	ok	skip_empty_dummy
melee	11036	ダミー	假	ok	skip_empty_dummy
melee	11037	ダミー	假	ok	skip_empty_dummy
melee	11038	ダミー	假	ok	skip_empty_dummy
melee	11039	ダミー	假	ok	skip_empty_dummy
melee	11040	ダミー	假	ok	skip_empty_dummy
melee	11041	ダミー	假	ok	skip_empty_dummy
melee	11042	ダミー	假	ok	skip_empty_dummy
melee	11043	ダミー	假	ok	skip_empty_dummy
melee	11044	ダミー	假	ok	skip_empty_dummy
melee	11045	ダミー	假	ok	skip_empty_dummy
melee	11046	ダミー	假	ok	skip_empty_dummy
melee	11047	ダミー	假	ok	skip_empty_dummy
melee	11048	ダミー	假	ok	skip_empty_dummy
melee	11049	ダミー	假	ok	skip_empty_dummy
melee	11050	ダミー	假	ok	skip_empty_dummy
melee	11051	ダミー	假	ok	skip_empty_dummy
melee	11052	ダミー	假	ok	skip_empty_dummy
melee	11053	ダミー	假	ok	skip_empty_dummy
melee	11054	ダミー	假	ok	skip_empty_dummy
melee	11055	ダミー	假	ok	skip_empty_dummy
melee	11056	ダミー	假	ok	skip_empty_dummy
melee	11057	ダミー	假	ok	skip_empty_dummy
melee	11058	ダミー	假	ok	skip_empty_dummy
melee	11059	ダミー	假	ok	skip_empty_dummy
melee	11060	ダミー	假	ok	skip_empty_dummy
melee	11061	ダミー	假	ok	skip_empty_dummy
melee	11062	ダミー	假	ok	skip_empty_dummy
melee	11063	ダミー	假	ok	skip_empty_dummy
melee	11064	ダミー	假	ok	skip_empty_dummy
melee	11065	ダミー	假	ok	skip_empty_dummy
melee	11066	ダミー	假	ok	skip_empty_dummy
melee	11067	ダミー	假	ok	skip_empty_dummy
melee	11068	ダミー	假	ok	skip_empty_dummy
melee	11069	ダミー	假	ok	skip_empty_dummy
melee	11070	ダミー	假	ok	skip_empty_dummy
melee	11071	ダミー	假	ok	skip_empty_dummy
melee	11072	ダミー	假	ok	skip_empty_dummy
melee	11073	ダミー	假	ok	skip_empty_dummy
melee	11074	ダミー	假	ok	skip_empty_dummy
melee	11075	ダミー	假	ok	skip_empty_dummy
melee	11076	ダミー	假	ok	skip_empty_dummy
melee	11077	ダミー	假	ok	skip_empty_dummy
melee	11078	ダミー	假	ok	skip_empty_dummy
melee	11079	ダミー	假	ok	skip_empty_dummy
melee	11080	ダミー	假	ok	skip_empty_dummy
melee	11081	ダミー	假	ok	skip_empty_dummy
melee	11082	ダミー	假	ok	skip_empty_dummy
melee	11083	ダミー	假	ok	skip_empty_dummy
melee	11084	ダミー	假	ok	skip_empty_dummy
melee	11085	ダミー	假	ok	skip_empty_dummy
melee	11086	ダミー	假	ok	skip_empty_dummy
melee	11087	ダミー	假	ok	skip_empty_dummy
melee	11088	ダミー	假	ok	skip_empty_dummy
melee	11089	ダミー	假	ok	skip_empty_dummy
melee	11090	ダミー	假	ok	skip_empty_dummy
melee	11091	ダミー	假	ok	skip_empty_dummy
melee	11092	ダミー	假	ok	skip_empty_dummy
melee	11093	ダミー	假	ok	skip_empty_dummy
melee	11094	ダミー	假	ok	skip_empty_dummy
melee	11095	ダミー	假	ok	skip_empty_dummy
melee	11096	ダミー	假	ok	skip_empty_dummy
melee	11097	ダミー	假	ok	skip_empty_dummy
melee	11098	ダミー	假	ok	skip_empty_dummy
melee	11099	ダミー	假	ok	skip_empty_dummy
melee	11100	ダミー	假	ok	skip_empty_dummy
melee	11101	ダミー	假	ok	skip_empty_dummy
melee	11102	ダミー	假	ok	skip_empty_dummy
melee	11103	ダミー	假	ok	skip_empty_dummy
melee	11104	ダミー	假	ok	skip_empty_dummy
melee	11105	ダミー	假	ok	skip_empty_dummy
melee	11106	ダミー	假	ok	skip_empty_dummy
melee	11107	ダミー	假	ok	skip_empty_dummy
melee	11108	ダミー	假	ok	skip_empty_dummy
melee	11109	ダミー	假	ok	skip_empty_dummy
melee	11110	ダミー	假	ok	skip_empty_dummy
melee	11111	ダミー	假	ok	skip_empty_dummy
melee	11112	ダミー	假	ok	skip_empty_dummy
melee	11113	ダミー	假	ok	skip_empty_dummy
melee	11114	ダミー	假	ok	skip_empty_dummy
melee	11115	ダミー	假	ok	skip_empty_dummy
melee	11116	ダミー	假	ok	skip_empty_dummy
melee	11117	ダミー	假	ok	skip_empty_dummy
melee	11118	ダミー	假	ok	skip_empty_dummy
melee	11119	ダミー	假	ok	skip_empty_dummy
melee	11120	ダミー	假	ok	skip_empty_dummy
melee	11121	ダミー	假	ok	skip_empty_dummy
melee	11122	ダミー	假	ok	skip_empty_dummy
melee	11123	ダミー	假	ok	skip_empty_dummy
melee	11124	ダミー	假	ok	skip_empty_dummy
melee	11125	ダミー	假	ok	skip_empty_dummy
melee	11126	ダミー	假	ok	skip_empty_dummy
melee	11127	ダミー	假	ok	skip_empty_dummy
melee	11128	ダミー	假	ok	skip_empty_dummy
melee	11129	ダミー	假	ok	skip_empty_dummy
melee	11130	ダミー	假	ok	skip_empty_dummy
melee	11131	ダミー	假	ok	skip_empty_dummy
melee	11132	ダミー	假	ok	skip_empty_dummy
melee	11133	ダミー	假	ok	skip_empty_dummy
melee	11134	ダミー	假	ok	skip_empty_dummy
melee	11135	ダミー	假	ok	skip_empty_dummy
melee	11136	ダミー	假	ok	skip_empty_dummy
melee	11137	ダミー	假	ok	skip_empty_dummy
melee	11138	ダミー	假	ok	skip_empty_dummy
melee	11139	ダミー	假	ok	skip_empty_dummy
melee	11140	ダミー	假	ok	skip_empty_dummy
melee	11141	ダミー	假	ok	skip_empty_dummy
melee	11142	ダミー	假	ok	skip_empty_dummy
melee	11143	ダミー	假	ok	skip_empty_dummy
melee	11144	ダミー	假	ok	skip_empty_dummy
melee	11145	ダミー	假	ok	skip_empty_dummy
melee	11146	ダミー	假	ok	skip_empty_dummy
melee	11147	ダミー	假	ok	skip_empty_dummy
melee	11148	ダミー	假	ok	skip_empty_dummy
melee	11149	ダミー	假	ok	skip_empty_dummy
melee	11150	ダミー	假	ok	skip_empty_dummy
melee	11151	ダミー	假	ok	skip_empty_dummy
melee	11152	ダミー	假	ok	skip_empty_dummy
melee	11153	ダミー	假	ok	skip_empty_dummy
melee	11154	ダミー	假	ok	skip_empty_dummy
melee	11155	ダミー	假	ok	skip_empty_dummy
melee	11156	ダミー	假	ok	skip_empty_dummy
melee	11157	ダミー	假	ok	skip_empty_dummy
melee	11158	ダミー	假	ok	skip_empty_dummy
melee	11159	ダミー	假	ok	skip_empty_dummy
melee	11160	ダミー	假	ok	skip_empty_dummy
melee	11161	ダミー	假	ok	skip_empty_dummy
melee	11162	ダミー	假	ok	skip_empty_dummy
melee	11163	ダミー	假	ok	skip_empty_dummy
melee	11164	ダミー	假	ok	skip_empty_dummy
melee	11165	ダミー	假	ok	skip_empty_dummy
melee	11166	ダミー	假	ok	skip_empty_dummy
melee	11167	ダミー	假	ok	skip_empty_dummy
melee	11168	ダミー	假	ok	skip_empty_dummy
melee	11169	ダミー	假	ok	skip_empty_dummy
melee	11170	ダミー	假	ok	skip_empty_dummy
melee	11171	ダミー	假	ok	skip_empty_dummy
melee	11172	ダミー	假	ok	skip_empty_dummy
melee	11173	ダミー	假	ok	skip_empty_dummy
melee	11174	ダミー	假	ok	skip_empty_dummy
melee	11175	ダミー	假	ok	skip_empty_dummy
melee	11176	ダミー	假	ok	skip_empty_dummy
melee	11177	ダミー	假	ok	skip_empty_dummy
melee	11178	ダミー	假	ok	skip_empty_dummy
melee	11179	ダミー	假	ok	skip_empty_dummy
melee	11180	ダミー	假	ok	skip_empty_dummy
melee	11181	ダミー	假	ok	skip_empty_dummy
melee	11182	ダミー	假	ok	skip_empty_dummy
melee	11183	ダミー	假	ok	skip_empty_dummy
melee	11184	ダミー	假	ok	skip_empty_dummy
melee	11185	ダミー	假	ok	skip_empty_dummy
melee	11186	ダミー	假	ok	skip_empty_dummy
melee	11187	ダミー	假	ok	skip_empty_dummy
melee	11188	ダミー	假	ok	skip_empty_dummy
melee	11189	ダミー	假	ok	skip_empty_dummy
melee	11190	ダミー	假	ok	skip_empty_dummy
melee	11191	ダミー	假	ok	skip_empty_dummy
melee	11192	ダミー	假	ok	skip_empty_dummy
melee	11193	ダミー	假	ok	skip_empty_dummy
melee	11194	ダミー	假	ok	skip_empty_dummy
melee	11195	ダミー	假	ok	skip_empty_dummy
melee	11196	ダミー	假	ok	skip_empty_dummy
melee	11197	ダミー	假	ok	skip_empty_dummy
melee	11198	ダミー	假	ok	skip_empty_dummy
melee	11199	ダミー	假	ok	skip_empty_dummy
melee	11200	ダミー	假	ok	skip_empty_dummy
melee	11201	ダミー	假	ok	skip_empty_dummy
melee	11202	ダミー	假	ok	skip_empty_dummy
melee	11203	ダミー	假	ok	skip_empty_dummy
melee	11204	ダミー	假	ok	skip_empty_dummy
melee	11205	ダミー	假	ok	skip_empty_dummy
melee	11206	ダミー	假	ok	skip_empty_dummy
melee	11207	ダミー	假	ok	skip_empty_dummy
melee	11208	ダミー	假	ok	skip_empty_dummy
melee	11209	ダミー	假	ok	skip_empty_dummy
melee	11210	ダミー	假	ok	skip_empty_dummy
melee	11211	ダミー	假	ok	skip_empty_dummy
melee	11212	ダミー	假	ok	skip_empty_dummy
melee	11213	ダミー	假	ok	skip_empty_dummy
melee	11214	ダミー	假	ok	skip_empty_dummy
melee	11215	ダミー	假	ok	skip_empty_dummy
melee	11216	ダミー	假	ok	skip_empty_dummy
melee	11217	ダミー	假	ok	skip_empty_dummy
melee	11218	ダミー	假	ok	skip_empty_dummy
melee	11219	ダミー	假	ok	skip_empty_dummy
melee	11220	ダミー	假	ok	skip_empty_dummy
melee	11221	ダミー	假	ok	skip_empty_dummy
melee	11222	ダミー	假	ok	skip_empty_dummy
melee	11223	ダミー	假	ok	skip_empty_dummy
melee	11224	ダミー	假	ok	skip_empty_dummy
melee	11225	ダミー	假	ok	skip_empty_dummy
melee	11226	ダミー	假	ok	skip_empty_dummy
melee	11227	ダミー	假	ok	skip_empty_dummy
melee	11228	ダミー	假	ok	skip_empty_dummy
melee	11229	ダミー	假	ok	skip_empty_dummy
melee	11230	ダミー	假	ok	skip_empty_dummy
melee	11231	ダミー	假	ok	skip_empty_dummy
melee	11232	ダミー	假	ok	skip_empty_dummy
melee	11233	ダミー	假	ok	skip_empty_dummy
melee	11234	ダミー	假	ok	skip_empty_dummy
melee	11235	ダミー	假	ok	skip_empty_dummy
melee	11236	ダミー	假	ok	skip_empty_dummy
melee	11237	ダミー	假	ok	skip_empty_dummy
melee	11238	ダミー	假	ok	skip_empty_dummy
melee	11239	ダミー	假	ok	skip_empty_dummy
melee	11240	ダミー	假	ok	skip_empty_dummy
melee	11241	ダミー	假	ok	skip_empty_dummy
melee	11242	EA2B・コーレティーラ	EA2B・科雷提拉	ok	ok
melee	11243	EB2B・コーレクラウフィー	EB2B・科雷庫拉烏菲	ok	ok
melee	11244	Final Judgment	決勝審判	ok	ok
melee	11245	Waste's End	荒地末日	ok	ok
melee	11246	DemonKingJudgment	惡魔王審判	ok	ok
melee	11247	Judgment Warrior	審判戦士	ok	ok
melee	11248	Judgment Lord	審判領主	ok	ok
melee	11249	F12B・オルゴルドグラウム	F12B・歐魯戈魯多古拉烏	ok	ok
melee	11250	Stone Lotus Sword	石蓮剣	ok	ok
melee	11251	F32B・ルペルスディーア	F32B・魯佩魯蘇迪阿	ok	ok
melee	11252	F42B・フェッツディーア	F42B・夫艾夫特斯烏德伊	bad	phonetic_salad
melee	11253	F52B・カリブロディーア	F52B・可里布羅迪阿	ok	ok
melee	11254	F62B・クプリィアディーア	F62B・庫普里伊阿迪阿	ok	ok
melee	11255	F72B・ルディルスディーア	F72B・魯迪魯蘇迪阿	ok	ok
melee	11256	F82B・アウルグラウム	F82B・阿烏魯古拉烏穆	ok	ok
melee	11257	Stone Lotus Tears	石蓮涙	ok	ok
melee	11258	FA2B・グェンビーシャンド	FA2B・格烏艾恩布伊斯哈	bad	phonetic_salad
melee	11259	FB2B・グェンビージュエイド	FB2B・格烏艾恩布伊杰烏	bad	phonetic_salad
melee	11260	Faial Vishna	夫阿伊阿勒維修娜	bad	phonetic_salad
melee	11261	Faial Guraish	夫阿伊阿勒古拉伊修	bad	phonetic_salad
melee	11262	FE2B・オハイ・ハンダー	FE2B・歐哈伊・哈阿恩德阿	bad	phonetic_salad
melee	11263	FF2B・オハイ・ディブレ	FF2B・歐哈伊・迪布雷	ok	ok
melee	11264	002C・インデ・ハンダー	002C・伊恩德艾・哈阿恩德阿	bad	phonetic_salad
melee	11265	012C・インデ・ディブレ	012C・伊恩德艾・迪布雷	ok	ok
melee	11266	022C・オヴィ・ロバルク	022C・歐維・羅巴魯庫	ok	ok
melee	11267	032C・オヴィ・ランケール	032C・歐維・爾阿恩克艾爾烏	bad	phonetic_salad
melee	11268	042C・ウィル・ロバルク	042C・威魯・羅巴魯庫	ok	ok
melee	11269	052C・ウィル・ランケール	052C・威魯・爾阿恩克艾爾烏	bad	phonetic_salad
melee	11270	Elegant Cannon	優雅加農砲	ok	ok
melee	11271	Azurite Cannon	阿祖里特加農砲	ok	ok
melee	11272	Azurite Stream	青艷純水	ok	ok
melee	11273	Splendirose	斯普勒艾恩德伊爾	bad	phonetic_salad
melee	11274	Scarlet Rose	緋薔薇	ok	ok
melee	11275	Scarlet Plume	緋之羽	ok	ok
melee	11276	Noblese Viola	諾布艾瑟維歐拉	ok	ok
melee	11277	Purple Viola	紫維歐拉	ok	ok
melee	11278	Purple Schwein	紫斯克哈瓦艾伊恩	bad	phonetic_salad
melee	11279	Kingdom Flawless	国無瑕	ok	ok
melee	11280	Dignity Flawless	德伊格恩伊特伊無瑕	bad	phonetic_salad
melee	11281	Crime Flawless	克伊梅無瑕	ok	ok
melee	11282	Khezu Ejector	奇怪竜艾杰艾克特歐爾	bad	phonetic_salad
melee	11283	Khezu Indead	致命電竜	ok	ok
melee	11284	Khezu Sundead	日歿電竜	ok	ok
melee	11285	"True DragonKiller ""Fate"""	竜真殺宿命	ok	ok
melee	11286	"WyvernKing Sword ""Slay"""	討伐飛竜王剣	ok	ok
melee	11287	"WyvernKing Sword""Behead"""	飛竜王剣布艾哈艾阿德	bad	phonetic_salad
melee	11288	182C・サラディトライアンフ	182C・斯阿爾阿德伊特歐	bad	phonetic_salad
melee	11289	192C・サラマディオーネ	192C・薩拉瑪迪歐涅	ok	ok
melee	11290	Undia Requiem	烏恩德伊阿鎮魂	ok	ok
melee	11291	Undine	水精女神	ok	ok
melee	11292	Mjolnir	姆杰歐勒恩伊爾	ok	ok
melee	11293	True Mjolnir	真姆杰歐勒恩伊爾	bad	phonetic_salad
melee	11294	Jormungard	杰歐爾姆烏恩格阿	bad	phonetic_salad
melee	11295	1F2C・ヨルムンマレウス	1F2C・伊歐爾烏姆烏恩姆	bad	phonetic_salad
melee	11296	202C・ドーンハラディ	202C・德歐恩哈阿爾阿德	bad	phonetic_salad
melee	11297	Dawn Helper	黎明哈艾勒普艾爾	bad	phonetic_salad
melee	11298	222C・リカーヴハラディ	222C・里可芙哈拉迪	ok	ok
melee	11299	Recave Helper	雷可維哈艾勒普艾爾	bad	phonetic_salad
melee	11300	Cataclysm Soul	克阿特阿克勒伊斯魂	bad	phonetic_salad
melee	11301	Cataclysm Brave	克阿特阿克勒伊斯勇	bad	phonetic_salad
melee	11302	Cadence Soul	克阿德艾恩克艾魂	bad	phonetic_salad
melee	11303	Cadence Brave	節拍之勇	ok	ok
melee	11304	Mikuniguro	米庫尼古羅	ok	ok
melee	11305	Black Cloud	黒雲	ok	ok
melee	11306	Taishaku Kurige	帝釋栗毛	ok	ok
melee	11307	Shigure Kogarasumaru	修伊古雷科加拉蘇瑪魯	ok	ok
melee	11308	Suirain Kogarasumaru	斯烏伊爾阿伊恩科加拉蘇瑪魯	bad	phonetic_salad
melee	11309	Ruiyu Kogarasumaru	魯伊尤科加拉蘇瑪魯	ok	ok
melee	11310	"Kusanagi Sword ""Heaven"""	庫薩娜吉剣【天】	ok	ok
melee	11311	"Kusanagi Sword ""TruSlsh"""	庫薩娜吉剣特烏斯修	bad	phonetic_salad
melee	11312	"Kusanagi Sword ""Nirvana"""	庫薩娜吉剣恩伊爾維阿恩阿	bad	phonetic_salad
melee	11313	"Keen Spider ""Yin Yang"""	克艾艾恩蛛陰陽	ok	ok
melee	11314	"Keen Spider ""Moon Slash"""	克艾艾恩蛛月斬	ok	ok
melee	11315	"Keen Spider ""Hades"""	克艾艾恩蛛哈阿德艾斯	bad	phonetic_salad
melee	11316	342C・スリートフィスカル	342C・蘇里托菲蘇可魯	ok	ok
melee	11317	Glacon Fiscal	格勒阿克歐恩夫伊斯克阿勒	bad	phonetic_salad
melee	11318	Tormenta Fiscal	特歐爾姆艾恩特阿夫伊斯克阿勒	bad	phonetic_salad
melee	11319	Bloom Fiscal	花財務	ok	ok
melee	11320	Uragaan Fiscal	爆錘竜財務	ok	ok
melee	11321	Typho Fiscal	特伊普哈歐夫伊斯克阿勒	bad	phonetic_salad
melee	11322	Aqua Rival	水敵	ok	ok
melee	11323	Aqua Oracle	水神諭	ok	ok
melee	11324	Aqua Nemesis	水恩艾姆艾斯伊斯	bad	phonetic_salad
melee	11325	3D2C・グロムアルビデル	3D2C・古阿魯比德魯	ok	ok
melee	11326	Chrome Oracle	鍍神諭	ok	ok
melee	11327	Chrome Nemesis	鍍恩艾姆艾斯伊斯	bad	phonetic_salad
melee	11328	El Espadachin	EL艾斯普阿德阿克哈	bad	phonetic_salad
melee	11329	El Duelo	EL杜艾洛	ok	ok
melee	11330	El Ganador	EL格阿恩阿德歐爾	bad	phonetic_salad
melee	11331	El Campeon	EL克阿姆普艾歐恩	bad	phonetic_salad
melee	11332	El Azana	EL阿扎娜	ok	ok
melee	11333	El Triunfo	EL特爾伊烏恩夫歐	bad	phonetic_salad
melee	11334	462C・ドライ・ゲイド	462C・多拉伊・格伊多	ok	ok
melee	11335	472C・フィーア・ゲイド	472C・菲阿・格伊多	ok	ok
melee	11336	482C・ソワレ・バーン	482C・索瓦雷・布阿恩	ok	ok
melee	11337	492C・クレプス・バーン	492C・庫雷普蘇・布阿恩	ok	ok
melee	11338	4A2C・ミラー・アリスト	4A2C・米拉・阿里蘇托	ok	ok
melee	11339	4B2C・ミラー・ギリアス	4B2C・米拉・吉里阿蘇	ok	ok
melee	11340	Ein Chainsaw	艾恩克哈阿伊恩斯阿瓦	bad	phonetic_salad
melee	11341	Ein Bladesaw	艾恩布勒阿德艾斯阿瓦	bad	phonetic_salad
melee	11342	Weisse Lanze	瓦艾伊斯斯艾槍	ok	ok
melee	11343	4F2C・ピスレート・ランシス	4F2C・皮蘇雷托・爾阿恩斯哈伊斯烏	bad	phonetic_salad
melee	11344	502C・シェイド・メリッシュ	502C・修伊艾伊多・姆艾爾伊爾斯哈烏	bad	phonetic_salad
melee	11345	512C・クエイト・メリッシュ	512C・庫艾伊托・姆艾爾伊爾斯哈烏	bad	phonetic_salad
melee	11346	Roi Agrio	羅伊阿格伊歐	ok	ok
melee	11347	Roi Egus	羅伊艾格烏斯	ok	ok
melee	11348	Tier Melisati	層梅利薩提	ok	ok
melee	11349	552C・ティエ・リヴェルリ	552C・提艾・里維魯里	ok	ok
melee	11350	562C・アト・ディロストル	562C・阿托・迪羅蘇托魯	ok	ok
melee	11351	572C・アト・ベイガルド	572C・阿托・貝伊加魯多	ok	ok
melee	11352	Leche Calharias	勒奇艾克阿勒哈阿爾伊阿	bad	phonetic_salad
melee	11353	Leche Ordia	勒奇艾歐爾德伊阿	bad	phonetic_salad
melee	11354	Berry Griphon	莓格爾伊普哈歐恩	bad	phonetic_salad
melee	11355	5B2C・ベリエ・ゲルベェス	5B2C・貝里艾・格魯貝艾蘇	ok	ok
melee	11356	5C2C・アタ・リノクェース	5C2C・阿塔・里諾庫艾蘇	ok	ok
melee	11357	5D2C・アタ・エレヴァン	5D2C・阿塔・艾爾艾維阿恩	bad	phonetic_salad
melee	11358	Giroa Glaria	吉羅阿格阿里阿	ok	ok
melee	11359	Giroa Gantereira	吉羅阿格阿恩特艾爾艾伊	bad	phonetic_salad
melee	11360	Rove Glaria	羅維格阿里阿	ok	ok
melee	11361	Rove Gantereira	羅維格阿恩特艾爾艾伊	bad	phonetic_salad
melee	11362	Sierra Sword	斯伊艾爾爾阿剣	ok	ok
melee	11363	Sierra Blade	斯伊艾爾爾阿刃	ok	ok
melee	11364	ダミー	假	ok	skip_empty_dummy
melee	11365	Sierra Buster	銅鋸破壞者	ok	ok
melee	11366	Sierra Claymore	斯伊艾爾爾阿闊剣	bad	phonetic_salad
melee	11367	Sierra Soldier	斯伊艾爾爾阿斯歐勒德伊艾爾	bad	phonetic_salad
melee	11368	682C・プエルラ・ディエイラ	682C・普艾魯拉・迪艾伊拉	bad	phonetic_salad
melee	11369	Sega Sword	瑟加剣	ok	ok
melee	11370	Sega Blade	瑟加刃	ok	ok
melee	11371	ダミー	假	ok	skip_empty_dummy
melee	11372	Sega Buster	金鋸破壞者	ok	ok
melee	11373	Sega Claymore	瑟加闊剣	ok	ok
melee	11374	Sega Master	瑟加大師	ok	ok
melee	11375	6F2C・セリエル・ディエイラ	6F2C・瑟里艾魯・迪艾伊拉	ok	ok
melee	11376	Rex Ⅰ	王者Ⅰ	ok	ok
melee	11377	Rex Ⅱ	王者Ⅱ	ok	ok
melee	11378	Rex Ⅲ	王者Ⅲ	ok	ok
melee	11379	Rex Ⅳ	王者Ⅳ	ok	ok
melee	11380	All Rex	全可雷托	ok	ok
melee	11381	Rex Justice	可雷托正義	ok	ok
melee	11382	Mensura Ⅰ	尺度Ⅰ	ok	ok
melee	11383	Mensura Ⅱ	尺度Ⅱ	ok	ok
melee	11384	Mensura Ⅲ	尺度Ⅲ	ok	ok
melee	11385	Mensura Ⅳ	尺度Ⅳ	ok	ok
melee	11386	Mensura Tiger	尺規・猛虎	ok	ok
melee	11387	Mensura Zahn	尺規・英勇	ok	ok
melee	11388	Meritum Ⅰ	功績Ⅰ	ok	ok
melee	11389	Meritum Ⅱ	功績Ⅱ	ok	ok
melee	11390	Meritum Ⅲ	功績Ⅲ	ok	ok
melee	11391	Meritum Ⅳ	功績Ⅳ	ok	ok
melee	11392	Meritum Bear	勳功・武勇	ok	ok
melee	11393	Meritum Fagan	勳功・黄竜	ok	ok
melee	11394	Santo Rei Ⅰ	聖王Ⅰ	ok	ok
melee	11395	Santo Rei Ⅱ	聖王Ⅱ	ok	ok
melee	11396	Santo Rei Ⅲ	聖王Ⅲ	ok	ok
melee	11397	Santo Rei Ⅳ	聖王Ⅳ	ok	ok
melee	11398	Santo Rei Blue	斯阿恩特歐明球紋青	bad	phonetic_salad
melee	11399	Santo Rei Inno	斯阿恩特歐明球紋伊恩恩歐	bad	phonetic_salad
melee	11400	Plumbum Ⅰ	鉛Ⅰ	ok	ok
melee	11401	Plumbum Ⅱ	鉛Ⅱ	ok	ok
melee	11402	Plumbum Ⅲ	鉛Ⅲ	ok	ok
melee	11403	Plumbum Ⅳ	鉛Ⅳ	ok	ok
melee	11404	Plumbum Penna	普勒烏姆布烏姆普艾恩恩阿	bad	phonetic_salad
melee	11405	Plumbum Alara	普勒烏姆布烏姆阿拉拉	bad	phonetic_salad
melee	11406	8E2C・スクリィルⅠ	8E2C・蘇庫里伊魯	ok	ok
melee	11407	8F2C・スクリィルⅡ	8F2C・蘇庫里伊魯	ok	ok
melee	11408	902C・スクリィルⅢ	902C・蘇庫里伊魯	ok	ok
melee	11409	912C・スクリィルⅣ	912C・蘇庫里伊魯	ok	ok
melee	11410	922C・スクリィル・スィヤ	922C・蘇庫里伊魯・蘇伊雅	ok	ok
melee	11411	932C・スクリィル・ソクエ	932C・蘇庫里伊魯・索庫艾	ok	ok
melee	11412	Justice Croix	正義終極征	ok	ok
melee	11413	Sakura Croix	桜終極征	ok	ok
melee	11414	962C・チェースチクレースト	962C・克哈伊艾斯烏克哈	bad	phonetic_salad
melee	11415	972C・スラヴァークレースト	972C・蘇拉瓦庫雷蘇托	ok	ok
melee	11416	982C・ナオススタヴロス	982C・娜歐蘇蘇塔芙羅蘇	ok	ok
melee	11417	992C・カタフィスタヴロス	992C・可塔菲蘇塔芙羅蘇	ok	ok
melee	11418	9A2C・ジャンドウシズジア	9A2C・杰阿恩德歐烏斯哈	bad	phonetic_salad
melee	11419	9B2C・ダレンシズジア	9B2C・德阿爾艾恩斯哈伊	bad	phonetic_salad
melee	11420	9C2C・ビクサークロイツ	9C2C・布伊克烏斯阿伊特	bad	phonetic_salad
melee	11421	9D2C・デールクロイツ	9D2C・德艾爾烏伊特斯烏	bad	phonetic_salad
melee	11422	Gold Mace	戈魯德鎚	ok	ok
melee	11423	Gold Trophy	金獎杯	ok	ok
melee	11424	Gold Ceremony	金媒研磨	ok	ok
melee	11425	Gold Festi	金祭	ok	ok
melee	11426	ダミー	假	ok	skip_empty_dummy
melee	11427	Silver Mace	銀鎚	ok	ok
melee	11428	Silver Trophy	銀獎杯	ok	ok
melee	11429	Silver Ceremony	銀媒研磨	ok	ok
melee	11430	Silver Festi	銀祭	ok	ok
melee	11431	ダミー	假	ok	skip_empty_dummy
melee	11432	Bronze Mace	青銅鎚	ok	ok
melee	11433	Bronze Trophy	青銅獎杯	ok	ok
melee	11434	Bronze Ceremony	青銅媒研磨	ok	ok
melee	11435	Bronze Festi	青銅祭	ok	ok
melee	11436	ダミー	假	ok	skip_empty_dummy
melee	11437	Guar Guar Guuku Ⅰ	瓜瓜古克Ⅰ	ok	ok
melee	11438	Guar Guar Guuku Ⅱ	瓜瓜古克Ⅱ	ok	ok
melee	11439	ダミー	假	ok	skip_empty_dummy
melee	11440	Guar Guar Guuku Ⅲ	瓜瓜古克Ⅲ	ok	ok
melee	11441	Guar Guar Guuku Ⅳ	瓜瓜古克Ⅳ	ok	ok
melee	11442	Wah Wah Guuku Ⅰ	哇哇古克Ⅰ	ok	ok
melee	11443	Wah Wah Guuku Ⅱ	哇哇古克Ⅱ	ok	ok
melee	11444	ダミー	假	ok	skip_empty_dummy
melee	11445	Wah Wah Guuku Ⅲ	哇哇古克Ⅲ	ok	ok
melee	11446	Wah Wah Guuku Ⅳ	哇哇古克Ⅳ	ok	ok
melee	11447	Gah Gah Guuku Ⅰ	加加古克Ⅰ	ok	ok
melee	11448	Gah Gah Guuku Ⅱ	加加古克Ⅱ	ok	ok
melee	11449	ダミー	假	ok	skip_empty_dummy
melee	11450	Gah Gah Guuku Ⅲ	加加古克Ⅲ	ok	ok
melee	11451	Gah Gah Guuku Ⅳ	加加古克Ⅳ	ok	ok
melee	11452	Twin Prince Swords	球紋章王子斯瓦歐爾德斯	bad	phonetic_salad
melee	11453	Twin King Swords	球紋章王斯瓦歐爾德斯	bad	phonetic_salad
melee	11454	Twin Emperor Swords	球紋章帝斯瓦歐爾德斯	bad	phonetic_salad
melee	11455	Twin Emperor Swords+	球紋章帝斯瓦歐爾德斯＋	bad	phonetic_salad
melee	11456	Twin Monarch Swords	球紋章君主斯瓦歐爾德斯	bad	phonetic_salad
melee	11457	White Bride Bell	白布伊德鐘	ok	ok
melee	11458	Shine Bride Bell	輝布伊德鐘	ok	ok
melee	11459	Happy Bride Bell	幸布伊德鐘	ok	ok
melee	11460	Star Light Bell	星光鈴	ok	ok
melee	11461	Breath Light Bell	息光鈴	ok	ok
melee	11462	Tempest Sword	暴風剣	ok	ok
melee	11463	"Tempest Sword ""Beauty"""	暴風剣美	ok	ok
melee	11464	"Tempest Sword ""StarSky"""	暴風剣星空	ok	ok
melee	11465	"Tempest Sword ""StarWind"""	暴風剣星風	ok	ok
melee	11466	"Tempest Sword ""MilkyWay"""	暴風剣姆伊勒克伊法	bad	phonetic_salad
melee	11467	Grayble G Knife	格爾阿伊布勒艾Ｇ刀	bad	phonetic_salad
melee	11468	Grayble G Dagger	格爾阿伊布勒艾Ｇ短剣	bad	type_phonetic
melee	11469	Grayble G Rush	格爾阿伊布勒艾Ｇ突進	bad	phonetic_salad
melee	11470	Grayble G Valley	格爾阿伊布勒艾Ｇ谷	bad	phonetic_salad
melee	11471	Grayble G Brave	格爾阿伊布勒艾Ｇ勇	bad	phonetic_salad
melee	11472	Absolute Sword	絶対剣	ok	ok
melee	11473	Absolute Blade	絶対刃	ok	ok
melee	11474	Absolute Breaker	絶対破壞	ok	ok
melee	11475	D32C・アブスロウパッキア	D32C・阿布烏斯烏爾歐烏	bad	phonetic_salad
melee	11476	D42C・アブスロウガッドロン	D42C・阿布烏斯烏爾歐烏	bad	phonetic_salad
melee	11477	Tone Griffon	音格爾伊夫夫歐恩	bad	phonetic_salad
melee	11478	Music Griffon	音樂格爾伊夫夫歐恩	bad	phonetic_salad
melee	11479	D72C・レコーシュゼール	D72C・雷科修烏澤魯	ok	ok
melee	11480	D82C・シェルビシュゼール	D82C・修伊艾魯比修烏澤	ok	ok
melee	11481	D92C・アムートエルゼン	D92C・阿姆烏特歐艾爾烏	bad	phonetic_salad
melee	11482	Ioldi	伊歐勒德伊	ok	ok
melee	11483	DB2C・イオルディ・アッキ	DB2C・伊歐魯迪・阿阿奇	ok	ok
melee	11484	DC2C・イオルディ・クラオ	DC2C・伊歐魯迪・庫拉歐	ok	ok
melee	11485	DD2C・フォード・ワース	DD2C・佛多・瓦蘇	ok	ok
melee	11486	DE2C・アブマリィ	DE2C・阿布瑪里伊	ok	ok
melee	11487	DF2C・アブマリィ・アッキ	DF2C・阿布瑪里伊・阿阿奇	ok	ok
melee	11488	E02C・アブマリィ・クラオ	E02C・阿布瑪里伊・庫拉歐	ok	ok
melee	11489	E12C・レッダ・ヴォワ	E12C・爾艾爾德阿・沃瓦	bad	phonetic_salad
melee	11490	E22C・ウェロニア	E22C・韋羅尼阿	ok	ok
melee	11491	E32C・ウェロニア・アッキ	E32C・韋羅尼阿・阿阿奇	ok	ok
melee	11492	E42C・ウェロニア・クラオ	E42C・韋羅尼阿・庫拉歐	ok	ok
melee	11493	E52C・エルギナオ	E52C・艾魯吉娜歐	ok	ok
melee	11494	E62C・エルギナオ・アッキ	E62C・艾魯吉娜歐・阿阿奇	ok	ok
melee	11495	E72C・エルギナオ・クラオ	E72C・艾魯吉娜歐・庫拉歐	ok	ok
melee	11496	E82C・オーイベル	E82C・歐伊貝魯	ok	ok
melee	11497	E92C・オーイベル・アッキ	E92C・歐伊貝魯・阿阿奇	ok	ok
melee	11498	EA2C・オーイベル・クラオ	EA2C・歐伊貝魯・庫拉歐	ok	ok
melee	11499	EB2C・ハーガウン	EB2C・哈阿格阿烏恩	bad	phonetic_salad
melee	11500	EC2C・ハーガウン・アッキ	EC2C・哈阿格阿烏恩・阿阿奇	bad	phonetic_salad
melee	11501	ED2C・ハーガウン・クラオ	ED2C・哈阿格阿烏恩・庫拉歐	bad	phonetic_salad
melee	11502	EE2C・パーオル・クオ	EE2C・波奧爾・奎奧	ok	ok
melee	11503	EF2C・ファリング・ライオ	EF2C・法里恩烏・拉伊歐	ok	ok
melee	11504	Furoru Palasa	弗羅魯・波拉薩	ok	ok
melee	11505	Furoru Paralyze	弗洛麻	ok	ok
melee	11506	Furoru Regia	弗洛雷吉阿	ok	ok
melee	11507	Furoru Aroma	弗洛里法磁	ok	ok
melee	11508	Furuo Incense	芙魯歐香	ok	ok
melee	11509	Purple Cloud Furoru Pick	紫雲弗洛証明球	ok	ok
melee	11510	Furoru Sommeil	弗洛斯歐姆姆艾伊勒	bad	phonetic_salad
melee	11511	Furoru Somnus	弗洛斯歐姆恩烏斯	bad	phonetic_salad
melee	11512	Furoru Quelide	弗洛奎艾利德	ok	ok
melee	11513	Furoruz Azalea	芙羅魯茲阿扎勒阿	bad	phonetic_salad
melee	11514	Furoru Roden	弗洛爾歐德艾恩	ok	ok
melee	11515	Butterfly Furoru Buster	蝶弗洛破壞	ok	ok
melee	11516	Furoru Sonus	弗洛斯歐恩烏斯	ok	ok
melee	11517	FD2C・フロルソニード	FD2C・芙羅魯索尼多	ok	ok
melee	11518	Furoru Nanna	弗洛恩阿恩恩阿	ok	ok
melee	11519	Furoru Rhythm	弗洛節奏	ok	ok
melee	11520	Furoro Camellia	芙羅羅磁化抑	ok	ok
melee	11521	Lotus Furoru Whistle	蓮弗洛笛	ok	ok
melee	11522	Fuoru Greif	芙歐魯格爾艾伊夫	bad	phonetic_salad
melee	11523	Furoru Epidos	弗洛艾普伊德歐斯	bad	phonetic_salad
melee	11524	Furoru Carda	弗洛克阿爾德阿	ok	ok
melee	11525	Furoru Laurel	弗洛勒阿烏爾艾勒	bad	phonetic_salad
melee	11526	Furoru Aranus	弗洛阿爾阿恩烏斯	bad	phonetic_salad
melee	11527	Blue Moon Furoru Spear	青月弗洛槍	ok	ok
melee	11528	Cinnabar Furoru Tonfa	朱弗洛穿刺棍	ok	ok
melee	11529	Crimsn Twinbane Twilight	克爾伊姆斯恩特瓦伊恩布阿恩艾拉比納	bad	phonetic_salad
melee	11530	Crimson Fatalis Rapture	紅黑竜歡悅	ok	ok
melee	11531	0B2D・トラグ・イザーム	0B2D・托拉古・伊扎穆	ok	ok
melee	11532	0C2D・ルレードシーレ	0C2D・魯雷多修伊雷	ok	ok
melee	11533	0D2D・ルレードルター	0D2D・魯雷多魯塔	ok	ok
melee	11534	0E2D・シャロンアンテーラ	0E2D・斯哈阿爾歐恩阿恩	bad	phonetic_salad
melee	11535	0F2D・シャロンビアッハ	0F2D・斯哈阿爾歐恩布伊	bad	phonetic_salad
melee	11536	102D・ルヴァンバラディア	102D・爾烏維阿恩布阿爾	bad	phonetic_salad
melee	11537	112D・ルレードカーダ	112D・魯雷多可達	ok	ok
melee	11538	122D・ルレードスラット	122D・爾烏爾艾德歐斯烏	bad	phonetic_salad
melee	11539	132D・シャロンティナー	132D・斯哈阿爾歐恩特伊	bad	phonetic_salad
melee	11540	142D・シャロンナギヤ	142D・斯哈阿爾歐恩恩阿	bad	phonetic_salad
melee	11541	152D・ルヴァングラマサ	152D・魯拉瑪薩	ok	ok
melee	11542	162D・ルレードリカペルン	162D・爾烏爾艾德歐爾伊	bad	phonetic_salad
melee	11543	172D・ルレードシャープレ	172D・魯雷多修阿普雷	ok	ok
melee	11544	182D・シャロンパスピエ	182D・斯哈阿爾歐恩普阿	bad	phonetic_salad
melee	11545	192D・シャロンパッサカリア	192D・斯哈阿爾歐恩普阿	bad	phonetic_salad
melee	11546	1A2D・ルヴァンハーメルド	1A2D・爾烏維阿恩哈阿姆	bad	phonetic_salad
melee	11547	1B2D・ルレードジューレ	1B2D・魯雷多朱雷	ok	ok
melee	11548	1C2D・ルレードグランバー	1C2D・爾烏爾艾德歐格烏	bad	phonetic_salad
melee	11549	1D2D・シャロンスプリオ	1D2D・斯哈阿爾歐恩斯烏	bad	phonetic_salad
melee	11550	1E2D・シャロンブラッガル	1E2D・斯哈阿爾歐恩布烏	bad	phonetic_salad
melee	11551	1F2D・ルヴァンガーロンド	1F2D・爾烏維阿恩格阿爾	bad	phonetic_salad
melee	11552	202D・ヴォーラファレッド	202D・維歐爾阿夫阿爾艾	bad	phonetic_salad
melee	11553	Dio Petra	迪奧佩特阿	ok	ok
melee	11554	Dio Herz	迪奧哈艾爾茲	ok	ok
melee	11555	Dio Minure	迪奧米努雷	ok	ok
melee	11556	Dio Mineral	迪奧姆伊恩艾爾阿勒	bad	phonetic_salad
melee	11557	Dio Titan	迪奧巨神	ok	ok
melee	11558	Dio Lect	迪奧勒艾克特	ok	ok
melee	11559	Dio Stova	迪奧斯歐瓦	ok	ok
melee	11560	Dio Tanz	迪奧特阿恩茲	ok	ok
melee	11561	Dio Current	迪奧流	ok	ok
melee	11562	Dio Astral	迪奧星辰	ok	ok
melee	11563	Dio Duro	迪奧杜羅	ok	ok
melee	11564	Dio Cylt	迪奧克伊勒特	ok	ok
melee	11565	Dio Defense	迪奧防	ok	ok
melee	11566	Dio Adifeza	迪奧阿迪菲扎	ok	ok
melee	11567	2F2D・ディルアレグナブル	2F2D・迪魯阿娜	ok	ok
melee	11568	Dio Donner	迪奧德歐恩恩艾爾	bad	phonetic_salad
melee	11569	Dio Tone	迪奧音	ok	ok
melee	11570	Dio Ahudur	迪奧阿哈烏德烏爾	bad	phonetic_salad
melee	11571	Dio Dundel	迪奧德烏恩德艾勒	bad	phonetic_salad
melee	11572	Dio Accordion	迪奧阿克克歐爾德伊歐	bad	phonetic_salad
melee	11573	"Fury Hammer ""Waves"""	怒髮大錘【波】	ok	ok
melee	11574	Goru Arugo Dart	戈魯阿魯戈德阿爾特	bad	phonetic_salad
melee	11575	Somu Arugo Dart	索穆阿魯戈德阿爾特	bad	phonetic_salad
melee	11576	Goru Arugo Avale	戈魯阿魯戈阿瓦勒	bad	phonetic_salad
melee	11577	Somu Arugo Avale	索穆阿魯戈阿瓦勒	bad	phonetic_salad
melee	11578	ダミー	假	ok	skip_empty_dummy
melee	11579	"Fury Pair ""Disturbed"""	狂對	ok	ok
melee	11580	3C2D・幻雷獄笛【天太鼓】	3C2D・幻雷獄笛【天太鼓】	ok	ok
melee	11581	Jebia Shotel	灰晶蠍斯哈歐特艾勒	bad	phonetic_salad
melee	11582	ダミー	假	ok	skip_empty_dummy
melee	11583	Kut-Ku Jember	怪鳥珍貝	ok	ok
melee	11584	Shira Anchor	抑制螺錨	ok	ok
melee	11585	Venham Seeker	維艾恩哈阿姆斯艾艾克艾爾	bad	phonetic_salad
melee	11586	Pen Jaro	筆雅羅	ok	ok
melee	11587	432D・ローカグランゼン	432D・爾歐克阿格烏爾阿	bad	phonetic_salad
melee	11588	Hedge Bunker	樹籬堡壘銃	ok	ok
melee	11589	Flaming Rathalos Tonfa	火竜炎穿刺棍	ok	ok
melee	11590	"Burstwolf Tonfa ""Show"""	爆狼穿竜棍斯哈歐瓦	bad	type_phonetic
melee	11591	472D・ロカパルツァー	472D・爾歐克阿普阿爾烏	bad	phonetic_salad
melee	11592	Frostmist Tonfa	霜霧穿竜棍	ok	ok
melee	11593	492D・ローゼンドレウザ	492D・爾歐茲艾恩德歐爾	bad	phonetic_salad
melee	11594	"Sawhorn Tonfa ""Fin"""	鋸角穿刺棍之鰭	ok	ok
melee	11595	4B2D・ヴァシム・フワァール	4B2D・瓦修伊穆・芙瓦阿魯	ok	ok
melee	11596	EmperorThunderpole Tonfa	穿竜棍帝特哈烏恩德艾爾普	bad	type_phonetic
melee	11597	Heavenly Tonfas	天翔穿竜棍	ok	ok
melee	11598	4E2D・ダードブロウバル	4E2D・達多布羅烏巴魯	ok	ok
melee	11599	4F2D・熾ス罪凍ル咎ヲ纏シ杭	4F2D・熾SU罪凍RU咎WO纏修伊杭	ok	ok
melee	11600	Blood-Sucking Clubs	血斯烏克克伊恩格克勒烏布斯	bad	phonetic_salad
melee	11601	"UltimateThndr""GoldDrake"""	雷究極金德阿凱	ok	ok
melee	11602	"Zeru Wings ""Shine"""	澤魯翼輝	ok	ok
melee	11603	"Zeru Wings ""Luster"""	澤魯翼勒烏斯特艾爾	bad	phonetic_salad
melee	11604	"Royal Wolf Tonfa ""Azuma"""	王室狼穿刺棍阿祖瑪	ok	ok
melee	11605	Tita Libre	泰坦利布艾	ok	ok
melee	11606	Fatalis Tonfa	黑竜穿竜棍	ok	ok
melee	11607	Crimson Demon Tonfa	深紅惡魔穿刺棍	ok	ok
melee	11608	ダミー	假	ok	skip_empty_dummy
melee	11609	ダミー	假	ok	skip_empty_dummy
melee	11610	"Wolven Fang ""Dragon"""	竜瓦歐勒維艾恩牙	bad	phonetic_salad
melee	11611	5B2D・王狼双牙【比叡】	5B2D・王狼双牙【比叡】	ok	ok
melee	11612	5C2D・王狼剛剣【月華】	5C2D・王狼剛剣【月華】	ok	ok
melee	11613	Izanagi	ⅠＺNＧⅠ	ok	ok
melee	11614	Unkai Hammer	大錘烏恩克阿伊	ok	ok
melee	11615	5F2D・王狼大笛【夜霧】	5F2D・王狼大笛【夜霧】	ok	ok
melee	11616	ダミー	假	ok	skip_empty_dummy
melee	11617	Tenga Gunlance	銃槍特恩阿	ok	ok
melee	11618	Jebia Phalange	灰晶蠍菲阿拉恩艾	bad	phonetic_salad
melee	11619	Jebia Talons	灰晶蠍特阿勒歐恩斯	bad	phonetic_salad
melee	11620	Jebia Tearers	灰晶蠍萬毒	ok	ok
melee	11621	Jebia Scissors	灰晶蠍剪刀	ok	ok
melee	11622	662D・ジェビアフェクス	662D・吉艾比阿菲庫蘇	ok	ok
melee	11623	Jebia Katzbalger	灰晶蠍克阿特茲布阿勒格	bad	phonetic_salad
melee	11624	Jebia Sharp	灰晶蠍鋭	ok	ok
melee	11625	Jebia Big Bang	灰晶蠍大爆	ok	ok
melee	11626	ダミー	假	ok	skip_empty_dummy
melee	11627	Jebia Partisan	灰晶蠍闊頭槍	ok	ok
melee	11628	"Silver Raths ""Sun"""	銀爾阿特哈斯【日】	bad	phonetic_salad
melee	11629	Wrathpipe Requiem	瓦爾阿特哈普伊普鎮魂	bad	phonetic_salad
melee	11630	"Sun Rath Gunlance ""Heat"""	火竜日銃槍耐暑	ok	ok
melee	11631	Crimson Ruiner Sword	深紅毀剣	ok	ok
melee	11632	Crimson Obliberator	深紅歐布勒伊布艾爾阿	bad	phonetic_salad
melee	11633	Crimson Ruiner Gunlance	銃槍深紅毀	ok	ok
melee	11634	Blue Meteor Impact	青流星衝撃	ok	ok
melee	11635	732D・突貫ドドドランク	732D・突貫德歐德歐德歐爾阿	bad	phonetic_salad
melee	11636	Rote Reue	輪唱雷烏艾	ok	ok
melee	11637	Partner Knife	夥伴刀	ok	ok
melee	11638	Partner Dagger	夥伴短剣	ok	ok
melee	11639	772D・ロートマハト	772D・羅托瑪哈托	ok	ok
melee	11640	Partner Cutters	戦友雙剣	ok	ok
melee	11641	Partner Slicers	伴切	ok	ok
melee	11642	Roter Dank	爾歐特艾爾德阿恩克	bad	phonetic_salad
melee	11643	Partner Sword	夥伴剣	ok	ok
melee	11644	Partner Schwert	戦友大剣	ok	ok
melee	11645	Rotes Guete	爾歐特艾斯古艾特	bad	phonetic_salad
melee	11646	Partner Edge	夥伴刃	ok	ok
melee	11647	Partner Blade	夥伴刃	ok	ok
melee	11648	Roter Zorn	爾歐特艾爾茲歐爾恩	bad	phonetic_salad
melee	11649	Partner Mace	夥伴鎚	ok	ok
melee	11650	Partner Hammer	夥伴大錘	ok	ok
melee	11651	Rote Schemen	輪唱斯克哈艾姆艾恩	bad	phonetic_salad
melee	11652	Partner Trumpet	戦友小號	ok	ok
melee	11653	Partner Wind	伴風	ok	ok
melee	11654	Rotes Genie	爾歐特艾斯格尼艾	bad	phonetic_salad
melee	11655	Partner Lance	夥伴長槍	ok	ok
melee	11656	Partner Spear	夥伴槍	ok	ok
melee	11657	Rot Ehrlich	腐艾哈爾勒伊克哈	bad	phonetic_salad
melee	11658	Partner Gunlance	夥伴銃槍	ok	ok
melee	11659	Partner Cannon	夥伴加農砲	ok	ok
melee	11660	Caravan Sharp Sword	商隊鋭剣	ok	ok
melee	11661	Caravan Sharp Sword Ⅱ	商隊鋭剣Ⅱ	ok	ok
melee	11662	Caravan Sharp Sword Ⅲ	商隊鋭剣Ⅲ	ok	ok
melee	11663	Caravan Katana Ⅱ	商隊刀Ⅱ	ok	ok
melee	11664	Caravan Katana Ⅲ	商隊刀Ⅲ	ok	ok
melee	11665	Caravan Pike Ⅱ	商隊槍Ⅱ	ok	ok
melee	11666	Caravan Pike Ⅲ	商隊槍Ⅲ	ok	ok
melee	11667	Caravan Sledge	商隊大錘	ok	ok
melee	11668	Caravan Sledge Ⅱ	商隊大錘Ⅱ	ok	ok
melee	11669	Caravan Sledge Ⅲ	商隊大錘Ⅲ	ok	ok
melee	11670	Excalibur G	王者之剣【Ｇ】	ok	ok
melee	11671	972D・ルヴェーロベルス	972D・魯維羅貝魯蘇	ok	ok
melee	11672	982D・ルヴェーウェルギス	982D・魯維韋魯吉蘇	ok	ok
melee	11673	Steel Snake Ⅵ	鋼之蛇Ⅵ	ok	ok
melee	11674	Steel Snake Ⅶ	鋼之蛇Ⅶ	ok	ok
melee	11675	Steel Snake Ⅷ	鋼之蛇Ⅷ	ok	ok
melee	11676	Steel Lizard Ⅵ	鋼之蜥蜴Ⅵ	ok	ok
melee	11677	Steel Lizard Ⅶ	鋼之蜥蜴Ⅶ	ok	ok
melee	11678	Steel Lizard Ⅷ	鋼之蜥蜴Ⅷ	ok	ok
melee	11679	Rubino Rhinos Ⅵ	紅玉之犀Ⅵ	ok	ok
melee	11680	Rubino Rhinos Ⅶ	紅玉之犀Ⅶ	ok	ok
melee	11681	Rubino Rhinos Ⅷ	紅玉之犀Ⅷ	ok	ok
melee	11682	Rubino Bison Ⅵ	紅玉之野牛Ⅵ	ok	ok
melee	11683	Rubino Bison Ⅶ	紅玉之野牛Ⅶ	ok	ok
melee	11684	Rubino Bison Ⅷ	紅玉之野牛Ⅷ	ok	ok
melee	11685	Rubino Hawk Ⅵ	紅玉之鷹Ⅵ	ok	ok
melee	11686	Rubino Hawk Ⅶ	紅玉之鷹Ⅶ	ok	ok
melee	11687	Rubino Hawk Ⅷ	紅玉之鷹Ⅷ	ok	ok
melee	11688	A82D・サフォケイリィノス	A82D・薩佛凱伊里伊諾蘇	ok	ok
melee	11689	A92D・ヒョノバラズフィ	A92D・哈伊歐恩歐布阿爾	bad	phonetic_salad
melee	11690	AA2D・ヒョノスィエラ	AA2D・哈伊歐恩歐斯烏伊	bad	phonetic_salad
melee	11691	"Nyatar ""Song"""	恩伊阿特阿爾歌	ok	ok
melee	11692	"Nyanyatar ""Thought"""	恩伊阿恩伊阿特阿特哈歐烏格哈特	bad	phonetic_salad
melee	11693	"Nyanyatar ""Illusion"""	恩伊阿恩伊阿特阿幻	bad	phonetic_salad
melee	11694	AE2D・エンデアルシュナ	AE2D・艾恩德艾阿爾烏斯	bad	phonetic_salad
melee	11695	AF2D・ラグエデエグリシア	AF2D・拉古艾德艾古里修	ok	ok
melee	11696	B02D・ラグエデデュナーメイ	B02D・拉古艾德杜娜梅伊	ok	ok
melee	11697	B12D・リヴェラシューレ	B12D・里維拉修烏雷	ok	ok
melee	11698	B22D・ヴレイアシュー	B22D・伊阿修烏	ok	ok
melee	11699	B32D・ヴレイフェアディ	B32D・伊菲阿迪	ok	ok
melee	11700	B42D・オレイオハスタ	B42D・歐雷伊歐哈蘇塔	ok	ok
melee	11701	B52D・オレイオランケーラ	B52D・歐爾艾伊歐爾阿恩	bad	phonetic_salad
melee	11702	B62D・ロベルチアランケーラ	B62D・爾歐布艾爾烏克哈	bad	phonetic_salad
melee	11703	B72D・妖刀・舞雷乃刹	B72D・妖刀・舞雷乃刹	ok	ok
melee	11704	B82D・魔刀・舞雷乃鬼	B82D・魔刀・舞雷乃鬼	ok	ok
melee	11705	B92D・魔刀・舞雷乃修羅	B92D・魔刀・舞雷乃修羅	ok	ok
melee	11706	Aurora Thorn	極光刺	ok	ok
melee	11707	BB2D・ソルオクヴィアソーン	BB2D・斯歐爾烏歐克烏斯	bad	phonetic_salad
melee	11708	BC2D・アクラニーベル	ＢＣ2D・阿庫拉尼貝魯	ok	ok
melee	11709	BD2D・アクラツヴァーナ	BD2D・阿克烏爾阿特斯烏	bad	phonetic_salad
melee	11710	BE2D・アクラヴァントアナー	BE2D・阿克烏爾阿維阿恩	bad	phonetic_salad
melee	11711	Arthurvalser	阿爾特哈烏爾維阿	bad	phonetic_salad
melee	11712	Perzoolaga	普艾爾茲歐歐勒阿	bad	phonetic_salad
melee	11713	C12D・エクセリオスヘレス	C12D・艾庫瑟里歐蘇赫雷	ok	ok
melee	11714	Empress Skyblade	女帝空刃	ok	ok
melee	11715	Empress Firmablade	女帝夫伊爾姆阿布勒阿	bad	phonetic_salad
melee	11716	Empress Heavenblade	女帝天刃	ok	ok
melee	11717	Empty Crack Ⅰ	空裂Ⅰ	ok	ok
melee	11718	Empty Crack Ⅱ	空裂Ⅱ	ok	ok
melee	11719	Empty Crack Ⅲ	空裂Ⅲ	ok	ok
melee	11720	Empty Crack Ⅳ	空裂Ⅳ	ok	ok
melee	11721	Empty Crack Ⅴ	空裂Ⅴ	ok	ok
melee	11722	Empty Crack Ⅵ	空裂Ⅵ	ok	ok
melee	11723	Azure Wyvern Whirl Ⅰ	蒼飛竜旋Ⅰ	ok	ok
melee	11724	Azure Wyvern Whirl Ⅱ	蒼飛竜旋Ⅱ	ok	ok
melee	11725	Azure Wyvern Whirl Ⅲ	蒼飛竜旋Ⅲ	ok	ok
melee	11726	Azure Wyvern Whirl Ⅳ	蒼飛竜旋Ⅳ	ok	ok
melee	11727	Azure Wyvern Whirl Ⅴ	蒼飛竜旋Ⅴ	ok	ok
melee	11728	Azure Wyvern Whirl Ⅵ	蒼飛竜旋Ⅵ	ok	ok
melee	11729	Ultrahard Steel Blade Ⅰ	超硬質刃Ⅰ	ok	ok
melee	11730	Ultrahard Steel Blade Ⅱ	超硬質刃Ⅱ	ok	ok
melee	11731	Ultrahard Steel Blade Ⅲ	超硬質刃Ⅲ	ok	ok
melee	11732	Ultrahard Steel Blade Ⅳ	超硬質刃Ⅳ	ok	ok
melee	11733	Ultrahard Steel Blade Ⅴ	超硬質刃Ⅴ	ok	ok
melee	11734	Ultrahard Steel Blade Ⅵ	超硬質刃Ⅵ	ok	ok
melee	11735	Snap Blade Ⅰ	斯納普刃Ⅰ	ok	ok
melee	11736	Snap Blade Ⅱ	斯納普刃Ⅱ	ok	ok
melee	11737	Snap Blade Ⅲ	斯納普刃Ⅲ	ok	ok
melee	11738	Snap Blade Ⅳ	斯納普刃Ⅳ	ok	ok
melee	11739	Snap Blade Ⅴ	斯納普刃Ⅴ	ok	ok
melee	11740	Snap Blade Ⅵ	斯納普刃Ⅵ	ok	ok
melee	11741	SurveyCorps HalfBlade Ⅰ	調査兵団半刃刀身Ⅰ	ok	ok
melee	11742	SurveyCorps HalfBlade Ⅱ	調査兵団半刃刀身Ⅱ	ok	ok
melee	11743	SurveyCorps HalfBlade Ⅲ	調査兵団半刃刀身Ⅲ	ok	ok
melee	11744	SurveyCorps HalfBlade Ⅳ	調査兵団半刃刀身Ⅳ	ok	ok
melee	11745	SurveyCorps HalfBlade Ⅴ	調査兵団半刃刀身Ⅴ	ok	ok
melee	11746	SurveyCorps HalfBlade Ⅵ	調査兵団半刃刀身Ⅵ	ok	ok
melee	11747	GarrisonCorps HalfBlad Ⅰ	駐屯兵団半刃刀身Ⅰ	ok	ok
melee	11748	GarrisonCorps HalfBlad Ⅱ	駐屯兵団半刃刀身Ⅱ	ok	ok
melee	11749	GarrisonCorps HalfBlad Ⅲ	駐屯兵団半刃刀身Ⅲ	ok	ok
melee	11750	GarrisonCorps HalfBlad Ⅳ	駐屯兵団半刃刀身Ⅳ	ok	ok
melee	11751	GarrisonCorps HalfBlad Ⅴ	駐屯兵団半刃刀身Ⅴ	ok	ok
melee	11752	GarrisonCorps HalfBlad Ⅵ	駐屯兵団半刃刀身Ⅵ	ok	ok
melee	11753	Thermae Romae Ⅱ	特哈艾爾姆阿艾羅瑪艾Ⅱ	bad	phonetic_salad
melee	11754	Thermae Romae G	特哈艾爾姆阿艾羅瑪艾Ｇ	bad	phonetic_salad
melee	11755	Guar Guar Guuku Ⅴ	瓜瓜古克Ⅴ	ok	ok
melee	11756	Guar Guar Guuku Ⅵ	瓜瓜古克Ⅵ	ok	ok
melee	11757	Wah Wah Guuku Ⅴ	哇哇古克Ⅴ	ok	ok
melee	11758	Wah Wah Guuku Ⅵ	哇哇古克Ⅵ	ok	ok
melee	11759	Gah Gah Guuku Ⅴ	加加古克Ⅴ	ok	ok
melee	11760	Gah Gah Guuku Ⅵ	加加古克Ⅵ	ok	ok
melee	11761	"Heroic Proof ""Act One"""	爾霧野證	ok	ok
melee	11762	"Heroic Proof ""Act Two"""	爾霧野證	ok	ok
melee	11763	"Heroic Proof ""Act Three"""	爾霧野證	ok	ok
melee	11764	"Heroic Proof ""Act Four"""	爾霧野證	ok	ok
melee	11765	"Heroic Proof ""G"""	爾霧野證Ｇ	ok	ok
melee	11766	"Heroic Proof ""GG"""	爾霧野證	ok	ok
melee	11767	Prototype Model	試作型	ok	ok
melee	11768	ダミー	假	ok	skip_empty_dummy
melee	11769	Fazel Garuda	歌聲急迦樓羅	ok	ok
melee	11770	Fazel Garmagna	歌聲急格阿爾姆阿格恩阿	bad	phonetic_salad
melee	11771	FB2D・ロット・アムド	FB2D・爾歐爾特歐・阿穆多	bad	phonetic_salad
melee	11772	FC2D・ロット・アムガロン	FC2D・爾歐爾特歐・阿姆烏格阿爾歐恩	bad	phonetic_salad
melee	11773	FD2D・アルム・ゼイグ	FD2D・阿魯穆・澤伊古	ok	ok
melee	11774	FE2D・アルム・ゼイガルド	FE2D・阿魯穆・澤伊加魯多	ok	ok
melee	11775	FF2D・プラド・アグル	FF2D・普拉多・阿古魯	ok	ok
melee	11776	002E・プラド・アグレイダ	002E・普拉多・阿古雷伊達	ok	ok
melee	11777	012E・トルム・アード	012E・托魯穆・阿多	ok	ok
melee	11778	022E・トルム・アーグナー	022E・托魯穆・阿古娜	ok	ok
melee	11779	032E・ビオラ・ヴァイト	032E・比歐拉・瓦伊托	ok	ok
melee	11780	042E・ビオラ・ヴァズード	042E・比歐拉・瓦祖多	ok	ok
melee	11781	052E・サン・ヘティマ	052E・斯阿恩・赫提瑪	ok	ok
melee	11782	062E・サン・ヘティマ【育】	062E・斯阿恩・赫提瑪育	ok	ok
melee	11783	072E・サン・ヘティマ【伸】	072E・斯阿恩・赫提瑪伸	ok	ok
melee	11784	082E・サン・ヘティマ【放】	082E・斯阿恩・赫提瑪放	ok	ok
melee	11785	King of Summer	王夏	ok	ok
melee	11786	Moon Clouds	月瓦里艾	ok	ok
melee	11787	"Moon Clouds ""New Moon"""	月瓦里艾新月	ok	ok
melee	11788	"Moon Clouds ""Eclipse"""	月瓦里艾日【蝕】	ok	ok
melee	11789	"Moon Clouds ""Long Night"""	月瓦里艾長夜	ok	ok
melee	11790	"Moon Clouds ""Full Moon"""	月瓦里艾滿月	ok	ok
melee	11791	Pepper Gunlance	銃槍椒	ok	ok
melee	11792	"Pepper Gunlance ""Mild"""	銃槍椒姆伊勒德	ok	ok
melee	11793	"Pepper Gunlance ""Spicy"""	銃槍椒鎧沸血	ok	ok
melee	11794	"Pepper Gunlance ""Hot"""	銃槍椒熱	ok	ok
melee	11795	"Pepper Gunlance ""Fiery"""	銃槍椒菲艾里	ok	ok
melee	11796	"Pepper Gunlance ""∞"""	"胡椒銃槍,窄 UI 引號
」,∞」"	ok	ok
melee	11797	Som Edge	索姆端	ok	ok
melee	11798	Som Spada	索姆斯普阿德阿	ok	ok
melee	11799	Som Xipos	斯歐姆克斯伊普歐斯	bad	phonetic_salad
melee	11800	Som Gloom	斯歐姆格勒歐歐姆	bad	phonetic_salad
melee	11801	Som Paradise	斯歐姆樂園	ok	ok
melee	11802	Prototype Icebolt Edge	試作伊克艾布歐勒特端	bad	phonetic_salad
melee	11803	Official Icebolt Edge	歐夫夫伊克伊阿勒伊克艾布歐勒特端	bad	phonetic_salad
melee	11804	"Icebolt Edge ""Water"""	水伊克艾布歐勒特端	bad	phonetic_salad
melee	11805	"Icebolt Edge ""Flow"""	伊克艾布歐勒特端流	bad	phonetic_salad
melee	11806	"Icebolt Edge ""Frigid"""	伊克艾布歐勒特端夫爾伊格伊德	bad	phonetic_salad
melee	11807	Prototype Hammer	試作大錘	ok	ok
melee	11808	Official Hammer	大錘歐夫夫伊克伊阿勒	bad	phonetic_salad
melee	11809	212E・最新型激光鎚【穿突】	212E・最新型激光鎚【穿突】	ok	ok
melee	11810	222E・最新型激光鎚【穿衝】	222E・最新型激光鎚【穿衝】	ok	ok
melee	11811	232E・至上激光鎚【穿孔】	232E・至上激光鎚【穿孔】	ok	ok
melee	11812	242E・黒鉄製機械重槍	242E・黒鉄製機械重槍	ok	ok
melee	11813	252E・黒鉄製機械重槍改	252E・黒鉄製機械重槍改	ok	ok
melee	11814	262E・ディアンアルバ	262E・娜魯巴	ok	ok
melee	11815	272E・ディアンロンヒ	272E・恩爾歐恩哈伊	bad	phonetic_salad
melee	11816	282E・シュトルニグレド	282E・修烏托魯尼古雷多	ok	ok
melee	11817	Furoru Stoff	弗洛斯特歐夫夫	ok	ok
melee	11818	Furoru Pulfer	弗洛普烏勒夫艾爾	bad	phonetic_salad
melee	11819	Furoru Antras	弗洛阿恩特爾阿斯	bad	phonetic_salad
melee	11820	Furoru Fatal	弗洛致命	ok	ok
melee	11821	Furoru Gungir	弗洛格烏恩格伊爾	bad	phonetic_salad
melee	11822	Amoranth Furoru Blades	阿姆歐爾阿恩特哈弗洛刃	bad	phonetic_salad
melee	11823	Furoru Rento	弗洛爾艾恩特歐	ok	ok
melee	11824	Furoru Glide	弗洛格伊德	ok	ok
melee	11825	312E・フロルスルーア	312E・芙羅魯蘇魯阿	ok	ok
melee	11826	Furoru Grave	弗洛墓	ok	ok
melee	11827	Furoru Ardum	弗洛阿爾德烏姆	ok	ok
melee	11828	Lilac Furoru Slash	丁香弗洛斬	ok	ok
melee	11829	Furoru Pesante	弗洛普艾斯阿恩特艾	bad	phonetic_salad
melee	11830	Furoru Faro	弗洛法羅	ok	ok
melee	11831	Furoru Attack	弗洛攻撃	ok	ok
melee	11832	Furoru Schwinger	弗洛斯克哈瓦伊恩格艾	bad	phonetic_salad
melee	11833	Furoru Blunt	弗洛鈍器	ok	ok
melee	11834	Scarlet Furoru Hammer	大錘緋弗洛	ok	ok
melee	11835	Furoru Rangea	弗洛拉恩艾阿	ok	ok
melee	11836	Furoru Glass	弗洛玻璃	ok	ok
melee	11837	Furoru Aftermath	弗洛阿夫特艾爾姆阿特	bad	phonetic_salad
melee	11838	Furoru Spear	弗洛槍	ok	ok
melee	11839	Furoru Venom	毒弗洛	ok	ok
melee	11840	"Furoru Gunlance ""Jade"""	銃槍弗洛翠	ok	ok
melee	11841	Sukula Mortare	蘇庫拉姆歐爾特阿爾艾	bad	phonetic_salad
melee	11842	422E・テポストイグラー	422E・特波蘇托伊古拉	ok	ok
melee	11843	Thorn Pile	刺皮勒	ok	ok
melee	11844	Quelling Stake	奎烏艾勒勒伊恩格斯阿凱	bad	phonetic_salad
melee	11845	Feather Cortello	羽克歐爾特艾勒勒歐	bad	phonetic_salad
melee	11846	Hypnoc Coma Hammer	眠鳥昏睡大錘	ok	ok
melee	11847	Feather Concert	羽克歐恩克艾爾特	bad	phonetic_salad
melee	11848	Hemocyte Concert	哈艾姆歐克伊特艾克歐恩克艾爾特	bad	phonetic_salad
melee	11849	Ruby Scythe	紅寶石鎌	ok	ok
melee	11850	Blut Blos	角竜布勒烏特	ok	ok
melee	11851	Perle Guller	珠格烏勒勒艾爾	ok	ok
melee	11852	"WhiteEspinasLS""FireGold"""	棘白竜太刀火金	ok	ok
melee	11853	Mormortalle	姆歐爾姆歐爾特阿	bad	phonetic_salad
melee	11854	Gunpeer Mortar	格烏恩普艾艾爾臼	bad	phonetic_salad
melee	11855	"Beta Knife ""Qing"" Ⅲ"	β刀奎伊恩格Ⅲ	ok	ok
melee	11856	"Beta Knife ""Armour"" Ⅲ"	β刀鎧Ⅲ	ok	ok
melee	11857	High Double Beta Ⅲ	高雙βⅢ	ok	ok
melee	11858	ダミー	假	ok	skip_empty_dummy
melee	11859	Romu Gunla	明球紋格烏恩勒阿	bad	phonetic_salad
melee	11860	Romu Glew	明球紋格勒艾瓦	ok	ok
melee	11861	"Beta Knife ""Qing"""	β刀	ok	ok
melee	11862	"Beta Knife ""Qing"" Ⅱ"	β刀奎伊恩格Ⅱ	ok	ok
melee	11863	"Beta Knife ""Qing"" Ⅳ"	β刀奎伊恩格Ⅳ	ok	ok
melee	11864	"Beta Knife ""Qing"" Ⅴ"	β刀奎伊恩格Ⅴ	ok	ok
melee	11865	"ExBeta ""Air"""	前測之剣【宙】	ok	ok
melee	11866	"Beta Knife ""Armour"""	β刀鎧	ok	ok
melee	11867	"Beta Knife ""Armour"" Ⅱ"	β刀鎧Ⅱ	ok	ok
melee	11868	"Beta Knife ""Armour"" Ⅳ"	β刀鎧Ⅳ	ok	ok
melee	11869	"Beta Knife ""Armour"" Ⅴ"	β刀鎧Ⅴ	ok	ok
melee	11870	"ExBeta ""Cloudy"""	前測之剣【濁】	ok	ok
melee	11871	High Double Beta	高雙β	ok	ok
melee	11872	High Double Beta Ⅱ	高雙βⅡ	ok	ok
melee	11873	High Double Beta Ⅳ	高雙βⅣ	ok	ok
melee	11874	High Double Beta Ⅴ	高雙βⅤ	ok	ok
melee	11875	High Ecre Beta	高階前測雙刀	ok	ok
melee	11876	Golddust Wind Twins	金塵風雙子	ok	ok
melee	11877	Golddust Twister Twins	金塵特瓦伊斯特艾爾雙子	ok	ok
melee	11878	Golddust Cyclone Twins	金塵旋雙子	ok	ok
melee	11879	Golddust Typhoon Twins	金塵特伊普哈歐歐恩雙子	ok	ok
melee	11880	Golddust Storm Twins	金塵風暴雙子	ok	ok
melee	11881	Golddust Windbreak Blade	金塵瓦伊恩德布爾艾阿刃	ok	ok
melee	11882	Golddust Whirlwind Blade	金塵瓦哈伊爾勒瓦伊恩刃	ok	ok
melee	11883	Golddust Hurricane Blade	金塵颶刃	ok	ok
melee	11884	Golddust Tornado Blade	金塵竜巻刃	ok	ok
melee	11885	Golddust Gale Blade	金塵加勒刃	ok	ok
melee	11886	Golddust Windroar Spear	金塵瓦伊恩德爾歐阿爾槍	ok	ok
melee	11887	Golddust Twister Spear	金塵特瓦伊斯特艾爾矛	ok	ok
melee	11888	Golddust Stormhowl Spear	金塵斯特歐爾姆哈歐瓦槍	ok	ok
melee	11889	Golddust Typhoon Spear	金塵特伊普哈歐歐恩矛	ok	ok
melee	11890	Golddust Stormroar Spear	金塵斯特歐爾姆爾歐阿槍	ok	ok
melee	11891	Golddust Breeze Hammer	大錘金塵布艾艾澤	ok	ok
melee	11892	Golddust Cyclone Hammer	大錘金塵旋	ok	ok
melee	11893	Golddust Stormweight H.	金塵斯特歐爾姆瓦艾伊H	bad	phonetic_salad
melee	11894	Golddust Typhooon Hammer	大錘金塵特伊普哈歐歐歐恩	bad	phonetic_salad
melee	11895	Golddust Tempest Hammer	大錘金塵暴風	ok	ok
melee	11896	782E・ネグルドリピス	782E・涅古魯多里皮蘇	ok	ok
melee	11897	792E・ネグルドヴァンタ	792E・恩艾格烏爾烏德歐	bad	phonetic_salad
melee	11898	7A2E・ネグルドヴァントル	7A2E・恩艾格烏爾烏德歐	bad	phonetic_salad
melee	11899	7B2E・ネグルドゲネリス	7B2E・涅古魯多格涅里蘇	ok	ok
melee	11900	7C2E・ネグルドイングネス	7C2E・涅古魯多伊恩烏涅	ok	ok
melee	11901	Graceful Nirvana Sword	章觸媒恩伊爾維阿恩阿剣	bad	phonetic_salad
melee	11902	7E2E・ネグルドアーダ	7E2E・涅古魯多阿達	ok	ok
melee	11903	7F2E・ネグルドグレイフ	7F2E・涅古魯多古雷伊芙	ok	ok
melee	11904	802E・ネグルドバイラル	802E・涅古魯多巴伊拉魯	ok	ok
melee	11905	812E・ネグルドテンラム	812E・恩艾格烏爾烏德歐	bad	phonetic_salad
melee	11906	822E・ネグルドエークタル	822E・涅古魯多艾庫塔魯	ok	ok
melee	11907	Graceful Crest Twins	紋章章觸媒雙子	ok	ok
melee	11908	842E・ネグルドペカド	842E・涅古魯多佩可多	ok	ok
melee	11909	852E・ネグルドリード	852E・涅古魯多里多	ok	ok
melee	11910	862E・ネグルドティーブ	862E・涅古魯多提布	ok	ok
melee	11911	872E・ネグルドチェイル	872E・涅古魯多奇伊艾伊	ok	ok
melee	11912	882E・ネグルドズイード	882E・涅古魯多祖伊多	ok	ok
melee	11913	Graceful Silver Blade	章觸媒銀刃	ok	ok
melee	11914	8A2E・ネグルドアパル	8A2E・内格魯德阿波爾	ok	ok
melee	11915	8B2E・ネグルドパータ	8B2E・内格魯德波塔	ok	ok
melee	11916	8C2E・ネグルドプロティ	8C2E・涅古魯多普羅提	ok	ok
melee	11917	8D2E・ネグルドエルピス	8D2E・涅古魯多艾魯皮蘇	ok	ok
melee	11918	8E2E・ネグルドバムブーク	8E2E・涅古魯多巴穆布庫	ok	ok
melee	11919	Graceful Speckled GLance	章觸媒斑Ｇ長槍	ok	ok
melee	11920	902E・ネグルドネビア	902E・涅古魯多涅比阿	ok	ok
melee	11921	912E・ネグルドフォッグ	912E・恩艾格烏爾烏德歐	bad	phonetic_salad
melee	11922	922E・ネグルドフィオン	922E・恩艾格烏爾烏德歐	bad	phonetic_salad
melee	11923	932E・ネグルドプルファイ	932E・涅古魯多普魯法伊	ok	ok
melee	11924	942E・ネグルドクロケラス	942E・涅古魯多凱拉蘇	ok	ok
melee	11925	Graceful Redwood Whistle	章觸媒爾艾德瓦歐歐德笛	bad	phonetic_salad
melee	11926	962E・ノーベルシーレ	962E・諾貝魯修伊雷	ok	ok
melee	11927	972E・ノーベルルター	972E・諾貝魯魯塔	ok	ok
melee	11928	982E・ゲイオンアンテーラ	982E・格艾伊歐恩阿恩特	bad	phonetic_salad
melee	11929	992E・ゲイオンビアッハ	992E・格艾伊歐恩布伊阿	bad	phonetic_salad
melee	11930	9A2E・プレザンバラディア	9A2E・普烏爾艾茲阿恩布	bad	phonetic_salad
melee	11931	9B2E・ノーベルカーダ	9B2E・諾貝魯可達	ok	ok
melee	11932	9C2E・ノーベルスラット	9C2E・恩歐布艾爾烏斯烏	bad	phonetic_salad
melee	11933	9D2E・ゲイオンティナー	9D2E・格艾伊歐恩特伊恩	bad	phonetic_salad
melee	11934	9E2E・ゲイオンナギヤ	9E2E・格艾伊歐恩恩阿格	bad	phonetic_salad
melee	11935	9F2E・プレザングラマサ	9F2E・普雷扎恩烏拉瑪薩	ok	ok
melee	11936	A02E・ノーベルジューレ	A02E・諾貝魯朱雷	ok	ok
melee	11937	A12E・ノーベルグランバー	A12E・恩歐布艾爾烏格烏	bad	phonetic_salad
melee	11938	A22E・ゲイオンスプリオ	A22E・格艾伊歐恩斯烏普	bad	phonetic_salad
melee	11939	A32E・ゲイオンブラッガル	A32E・格艾伊歐恩布烏爾	bad	phonetic_salad
melee	11940	A42E・プレザンガーロンド	A42E・普烏爾艾茲阿恩格	bad	phonetic_salad
melee	11941	A52E・ノーベルリカペルン	A52E・恩歐布艾爾烏爾伊	bad	phonetic_salad
melee	11942	A62E・ノーベルシャープレ	A62E・諾貝魯修阿普雷	ok	ok
melee	11943	A72E・ゲイオンパスピエ	A72E・格艾伊歐恩普阿斯	bad	phonetic_salad
melee	11944	A82E・ゲイオンパッサカリア	A82E・格艾伊歐恩普阿普	bad	phonetic_salad
melee	11945	A92E・プレザンハーメルド	A92E・普烏爾艾茲阿恩哈	bad	phonetic_salad
melee	11946	AA2E・シュトルムファレッド	AA2E・斯哈烏特歐爾烏姆	bad	phonetic_salad
melee	11947	AB2E・ブルーノエスター	AB2E・諾艾蘇塔	ok	ok
melee	11948	AC2E・ガルセカステート	AC2E・加魯瑟可蘇特托	ok	ok
melee	11949	AD2E・アウインエスターグ	AD2E・阿烏伊涅蘇塔古	ok	ok
melee	11950	AE2E・イナイカステーグ	AE2E・伊娜伊可蘇特古	ok	ok
melee	11951	AF2E・チェレンエスタード	AF2E・奇伊艾雷涅蘇塔多	ok	ok
melee	11952	B02E・トルムカステード	B02E・托魯穆可蘇特多	ok	ok
melee	11953	B12E・ラウスエスターヴ	B12E・拉烏蘇艾蘇塔芙	ok	ok
melee	11954	B22E・ザミルカステーヴ	B22E・扎米魯可蘇特芙	ok	ok
melee	11955	B32E・グフルエスターダ	B32E・古芙魯艾蘇塔達	ok	ok
melee	11956	B42E・カンプカステーダ	B42E・克阿恩普烏克阿斯	bad	phonetic_salad
melee	11957	B52E・ヴェイラエスターゼ	B52E・維伊拉艾蘇塔澤	ok	ok
melee	11958	B62E・リドルカステーゼ	B62E・里多魯可蘇特澤	ok	ok
melee	11959	Silver Moon	銀月	ok	ok
melee	11960	Trifoliate Silver Moon	特伊佛利阿特銀月	bad	phonetic_salad
melee	11961	Orchid Silver Moon	蘭銀月	ok	ok
melee	11962	Hazy Silver Moon	朦朧銀月	ok	ok
melee	11963	Waterlily Silver Moon	瓦阿特艾爾勒伊勒銀月	bad	phonetic_salad
melee	11964	Phalaenopsi Silver Moon	普哈阿勒阿艾恩歐銀月	bad	phonetic_salad
melee	11965	Lysimachia Silver Moon	勒伊斯伊姆阿克哈銀月	bad	phonetic_salad
melee	11966	BE2E・散華	BE2E・散華	ok	ok
melee	11967	BF2E・散華【皐月】	BF2E・散華【皐月】	ok	ok
melee	11968	C02E・散華【牡丹】	C02E・散華【牡丹】	ok	ok
melee	11969	C12E・散華【雪椿】	C12E・散華【雪椿】	ok	ok
melee	11970	C22E・散華【姫檜扇】	C22E・散華【姫檜扇】	ok	ok
melee	11971	C32E・散華【紅枝垂】	C32E・散華【紅枝垂】	ok	ok
melee	11972	C42E・散華【牡丹一華】	C42E・散華【牡丹一華】	ok	ok
melee	11973	Cranium Sting	聲急証斯伊恩	ok	ok
melee	11974	Cranium Basher	天王猛襲者	ok	ok
melee	11975	Wicked Sting	妖巫雙撃棍	ok	ok
melee	11976	Wicked Sheek	妖巫媚惑者	ok	ok
melee	11977	C92E・デン・カメント	C92E・德艾恩・克阿姆艾恩特歐	bad	phonetic_salad
melee	11978	CA2E・ネプルス・デーン	CA2E・涅普魯蘇・德艾恩	ok	ok
melee	11979	CB2E・デン・フィナント	CB2E・德艾恩・夫伊恩阿恩特歐	bad	phonetic_salad
melee	11980	CC2E・プルート・デーン	CC2E・普魯托・德艾恩	ok	ok
melee	11981	Lille Sema	勒伊勒勒艾瑟瑪	ok	ok
melee	11982	Lille Kaeri	勒伊勒勒艾可艾里	bad	phonetic_salad
melee	11983	ダミー	假	ok	skip_empty_dummy
melee	11984	Lille Sigurun	勒伊勒勒艾斯伊格烏爾烏恩	bad	phonetic_salad
melee	11985	Lille Galilei	勒伊勒勒艾加利勒伊	bad	phonetic_salad
melee	11986	Lille Comet	勒伊勒勒艾彗星	ok	ok
melee	11987	Lille Mercury	勒伊勒勒艾姆艾爾克烏爾伊	bad	phonetic_salad
melee	11988	Mele Sema	梅勒瑟瑪	ok	ok
melee	11989	Mele Kaeri	梅勒可艾里	ok	ok
melee	11990	ダミー	假	ok	skip_empty_dummy
melee	11991	Mele Sigurun	梅勒斯伊格烏爾烏恩	bad	phonetic_salad
melee	11992	Mele Galilei	梅勒加利勒伊	ok	ok
melee	11993	Mele Comet	梅勒彗星	ok	ok
melee	11994	Mele Mercury	梅勒姆艾爾克烏爾伊	bad	phonetic_salad
melee	11995	Apist Seek	阿皮斯斯艾艾克	ok	ok
melee	11996	Apist Oak	阿皮斯橡	ok	ok
melee	11997	ダミー	假	ok	skip_empty_dummy
melee	11998	Apist Eve	麗魚・依文	ok	ok
melee	11999	DF2E・アピスト・ギーク	DF2E・阿皮蘇托・吉庫	ok	ok
melee	12000	E02E・アルフ＝カンプ	E02E・阿魯芙＝克阿恩普烏	bad	phonetic_salad
melee	12001	E12E・アルフ＝ハウフル	E12E・阿魯芙＝哈烏芙魯	ok	ok
melee	12002	Glamour Seek	格勒阿姆歐烏爾斯艾艾克	bad	phonetic_salad
melee	12003	Glamour Oak	格勒阿姆歐烏爾橡	bad	phonetic_salad
melee	12004	ダミー	假	ok	skip_empty_dummy
melee	12005	Glamour Eve	格勒阿姆歐烏爾艾維	bad	phonetic_salad
melee	12006	E62E・グラマ・ギーク	E62E・古拉瑪・吉庫	ok	ok
melee	12007	E72E・シス＝カンプ	E72E・修伊蘇＝克阿恩普烏	bad	phonetic_salad
melee	12008	E82E・シス＝ハウフル	E82E・修伊蘇＝哈烏芙魯	ok	ok
melee	12009	Fire Wind Shear	風切・火	ok	ok
melee	12010	Fire Cloud Longsword	火雲長剣	ok	ok
melee	12011	ダミー	假	ok	skip_empty_dummy
melee	12012	Autumn Water Fire	水秋火	ok	ok
melee	12013	ED2E・桐一文字・火	ED2E・桐一文字・火	ok	ok
melee	12014	Red Lotus Fire	火赤蓮	ok	ok
melee	12015	Red Lotus Ⅱ Fire	火赤蓮Ⅱ	ok	ok
melee	12016	Wind Shear Dark	風切・闇	ok	ok
melee	12017	Dark Cloud Longsword	闇雲長剣	ok	ok
melee	12018	ダミー	假	ok	skip_empty_dummy
melee	12019	Autumn Water Dark	水秋闇	ok	ok
melee	12020	F42E・桐一文字・闇	F42E・桐一文字・闇	ok	ok
melee	12021	Red Lotus Dark	赤蓮暗	ok	ok
melee	12022	Red Lotus Ⅱ Dark	赤蓮Ⅱ暗	ok	ok
melee	12023	"Dragon Katana ""Dragon"" Ⅰ"	竜刀【竜】Ⅰ	ok	ok
melee	12024	"Dragon Katana ""Dragon"" Ⅱ"	竜刀【竜】Ⅱ	ok	ok
melee	12025	ダミー	假	ok	skip_empty_dummy
melee	12026	"Dragon Katana ""Dragon"" Ⅲ"	竜刀【竜】Ⅲ	ok	ok
melee	12027	"Dragon Katana ""Dragon"" Ⅳ"	竜刀【竜】Ⅳ	ok	ok
melee	12028	"Dragon Katana ""Dragon"" Ⅴ"	竜刀【竜】Ⅴ	ok	ok
melee	12029	"Dragon Katana ""Dragon"" Ⅵ"	竜刀【竜】Ⅵ	ok	ok
melee	12030	"Dragon Katana ""Flame"" Ⅰ"	竜刀【炎】Ⅰ	ok	ok
melee	12031	"Dragon Katana ""Flame"" Ⅱ"	竜刀【炎】Ⅱ	ok	ok
melee	12032	ダミー	假	ok	skip_empty_dummy
melee	12033	"Dragon Katana ""Flame"" Ⅲ"	竜刀【炎】Ⅲ	ok	ok
melee	12034	"Dragon Katana ""Flame"" Ⅳ"	竜刀【炎】Ⅳ	ok	ok
melee	12035	"Dragon Katana ""Flame"" Ⅴ"	竜刀【炎】Ⅴ	ok	ok
melee	12036	"Dragon Katana ""Flame"" Ⅵ"	竜刀【炎】Ⅵ	ok	ok
melee	12037	"Engetsuto ""Thunder"" Ⅰ"	雷艾恩格艾特斯烏特Ⅰ	bad	phonetic_salad
melee	12038	"Engetsuto ""Thunder"" Ⅱ"	雷艾恩格艾特斯烏特Ⅱ	bad	phonetic_salad
melee	12039	ダミー	假	ok	skip_empty_dummy
melee	12040	"Engetsu ""Thunder"" Ⅲ"	雷円月Ⅲ	ok	ok
melee	12041	"Engetsu ""Thunder"" Ⅳ"	雷円月Ⅳ	ok	ok
melee	12042	"Engetsu ""Thunder"" Ⅴ"	雷円月Ⅴ	ok	ok
melee	12043	"Engetsu ""Thunder"" Ⅵ"	雷円月Ⅵ	ok	ok
melee	12044	"Engetsu ""Fire"" Ⅰ"	火円月Ⅰ	ok	ok
melee	12045	"Engetsu ""Fire"" Ⅱ"	火円月Ⅱ	ok	ok
melee	12046	ダミー	假	ok	skip_empty_dummy
melee	12047	"Engetsu ""Fire"" Ⅲ"	火円月Ⅲ	ok	ok
melee	12048	"Engetsu ""Fire"" Ⅳ"	火円月Ⅳ	ok	ok
melee	12049	"Engetsu ""Fire"" Ⅴ"	火円月Ⅴ	ok	ok
melee	12050	"Engetsu ""Fire"" Ⅵ"	火円月Ⅵ	ok	ok
melee	12051	Chandelier Ⅰ	吊燈Ⅰ	ok	ok
melee	12052	Chandelier Ⅱ	吊燈Ⅱ	ok	ok
melee	12053	Chandelier Ⅲ	吊燈Ⅲ	ok	ok
melee	12054	Chandelier Ⅳ	吊燈Ⅳ	ok	ok
melee	12055	Chandelier Soiree	托吉阿索伊雷艾	ok	ok
melee	12056	Chandelier Matin	托吉阿姆阿特伊恩	bad	phonetic_salad
melee	12057	Hausente Ⅰ	家鴨Ⅰ	ok	ok
melee	12058	Hausente Ⅱ	家鴨Ⅱ	ok	ok
melee	12059	Hausente Ⅲ	家鴨Ⅲ	ok	ok
melee	12060	Hausente Ⅳ	家鴨Ⅳ	ok	ok
melee	12061	Hausentchen	天鵝・晴	ok	ok
melee	12062	Hausenten Glanz	哈阿烏斯艾恩特艾格勒阿恩茲	bad	phonetic_salad
melee	12063	Jungfrau Ⅰ	少女Ⅰ	ok	ok
melee	12064	Jungfrau Ⅱ	少女Ⅱ	ok	ok
melee	12065	Jungfrau Ⅲ	少女Ⅲ	ok	ok
melee	12066	Jungfrau Ⅳ	少女Ⅳ	ok	ok
melee	12067	Seejungfrau	海之少女	ok	ok
melee	12068	Meerjungfrau	深海少女	ok	ok
melee	12069	Fuerstin Ⅰ	公主Ⅰ	ok	ok
melee	12070	Fuerstin Ⅱ	公主Ⅱ	ok	ok
melee	12071	Fuerstin Ⅲ	公主Ⅲ	ok	ok
melee	12072	Fuerstin Ⅳ	公主Ⅳ	ok	ok
melee	12073	Apfel	阿普夫艾勒	ok	ok
melee	12074	Schneewittchen	白雪公主	ok	ok
melee	12075	Schwein Ⅰ	豬Ⅰ	ok	ok
melee	12076	Schwein Ⅱ	豬Ⅱ	ok	ok
melee	12077	Schwein Ⅲ	豬Ⅲ	ok	ok
melee	12078	Schwein Ⅳ	豬Ⅳ	ok	ok
melee	12079	Zwei Schweinchen	兩隻小豬	ok	ok
melee	12080	Drei Schweichen	三隻小豬	ok	ok
melee	12081	Frosch Ⅰ	夫爾歐斯克哈Ⅰ	ok	ok
melee	12082	Frosch ⅠⅠ	夫爾歐斯克哈	ok	ok
melee	12083	Frosch ⅠⅠⅠ	夫爾歐斯克哈	ok	ok
melee	12084	Frosch Ⅳ	夫爾歐斯克哈Ⅳ	ok	ok
melee	12085	Frosch Gesang	夫爾歐斯克哈格薩恩	bad	phonetic_salad
melee	12086	Froschprinz	夫爾歐斯克哈普爾	bad	phonetic_salad
melee	12087	Ordinis Ⅰ	秩序Ⅰ	ok	ok
melee	12088	Ordinis Ⅱ	秩序Ⅱ	ok	ok
melee	12089	Ordinis Ⅲ	秩序Ⅲ	ok	ok
melee	12090	Ordinis Ⅳ	秩序Ⅳ	ok	ok
melee	12091	Ordinis Mira	歐爾德伊恩伊斯米拉	bad	phonetic_salad
melee	12092	Ordinis Velas	歐爾德伊恩伊斯維艾勒阿斯	bad	phonetic_salad
melee	12093	Contraris Ⅰ	相反Ⅰ	ok	ok
melee	12094	Contraris Ⅱ	相反Ⅱ	ok	ok
melee	12095	Contraris Ⅲ	相反Ⅲ	ok	ok
melee	12096	Contraris Ⅳ	相反Ⅳ	ok	ok
melee	12097	Contraris Bonas	克歐恩特爾阿爾伊布歐恩阿斯	bad	phonetic_salad
melee	12098	Contraris Animo	克歐恩特爾阿爾伊阿尼莫	bad	phonetic_salad
melee	12099	432F・アートレータⅠ	432F・阿托雷塔	ok	ok
melee	12100	442F・アートレータⅡ	442F・阿托雷塔	ok	ok
melee	12101	452F・アートレータⅢ	452F・阿托雷塔	ok	ok
melee	12102	462F・アートレータⅣ	462F・阿托雷塔	ok	ok
melee	12103	472F・アートレータ・ビア	472F・阿托雷塔・比阿	ok	ok
melee	12104	482F・アートレータ・ファガ	482F・阿托雷塔・法加	ok	ok
melee	12105	Levitas Ⅰ	輕盈Ⅰ	ok	ok
melee	12106	Levitas Ⅱ	輕盈Ⅱ	ok	ok
melee	12107	Levitas Ⅲ	輕盈Ⅲ	ok	ok
melee	12108	Levitas Ⅳ	輕盈Ⅳ	ok	ok
melee	12109	Levitas Pull	勒艾維伊特阿斯引	bad	phonetic_salad
melee	12110	Levitas Inno	勒艾維伊特阿斯伊恩恩歐	bad	phonetic_salad
melee	12111	Scribe Ⅰ	書記Ⅰ	ok	ok
melee	12112	Scribe Ⅱ	書記Ⅱ	ok	ok
melee	12113	Scribe Ⅲ	書記Ⅲ	ok	ok
melee	12114	Scribe Ⅳ	書記Ⅳ	ok	ok
melee	12115	Scribe Penna	水色撃銃・羽	ok	ok
melee	12116	Scribe Alara	斯克爾伊布艾阿拉拉	bad	phonetic_salad
melee	12117	Pacus Ⅰ	巴庫斯Ⅰ	ok	ok
melee	12118	Pacus Ⅱ	巴庫斯Ⅱ	ok	ok
melee	12119	Pacus Ⅲ	巴庫斯Ⅲ	ok	ok
melee	12120	Pacus Ⅳ	巴庫斯Ⅳ	ok	ok
melee	12121	Pacus Siya	普阿克烏斯西雅	ok	ok
melee	12122	Pacus Sokue	普阿克烏斯索庫艾	bad	phonetic_salad
melee	12123	"Croix Rouge ""Un"""	終極征拉瓦里	ok	ok
melee	12124	"Croix Rouge ""Deux"""	終極征拉瓦里	ok	ok
melee	12125	"Croix Rouge ""Trois"""	終極征拉瓦里	ok	ok
melee	12126	"Croix Rouge ""Quatre"""	終極征拉瓦里	ok	ok
melee	12127	"Croix Rouge ""Cinq"""	終極征拉瓦里	ok	ok
melee	12128	"Croix Bleu ""Un"""	終極征布艾烏	ok	ok
melee	12129	"Croix Bleu ""Deux"""	終極征布艾烏德烏克斯	bad	phonetic_salad
melee	12130	"Croix Bleu ""Trois"""	終極征布艾烏特爾歐伊斯	bad	phonetic_salad
melee	12131	"Croix Bleu ""Quatre"""	終極征布艾烏奎阿特艾	bad	phonetic_salad
melee	12132	"Croix Bleu ""Cinq"""	終極征布艾烏克伊恩奎	bad	phonetic_salad
melee	12133	"Croix Vert ""Un"""	終極征維艾爾特	ok	ok
melee	12134	"Croix Vert ""Deux"""	終極征維艾爾特德烏克斯	bad	phonetic_salad
melee	12135	"Croix Vert ""Trois"""	終極征維艾爾特特爾歐伊斯	bad	phonetic_salad
melee	12136	"Croix Vert ""Quatre"""	終極征維艾爾特奎阿特艾	bad	phonetic_salad
melee	12137	"Croix Vert ""Cinq"""	終極征維艾爾特克伊恩奎	bad	phonetic_salad
melee	12138	"Croix Jaune ""Un"""	終極征雅烏涅	ok	ok
melee	12139	"Croix Jaune ""Deux"""	終極征雅烏涅德烏克斯	bad	phonetic_salad
melee	12140	"Croix Jaune ""Trois"""	終極征雅烏涅特爾歐伊斯	bad	phonetic_salad
melee	12141	"Croix Jaune ""Quatre"""	終極征雅烏涅奎阿特艾	ok	ok
melee	12142	"Croix Jaune ""Cinq"""	終極征雅烏涅克伊恩奎	ok	ok
melee	12143	"Croix Violet ""Un"""	終極征紫	ok	ok
melee	12144	"Croix Violet ""Deux"""	終極征紫	ok	ok
melee	12145	"Croix Violet ""Trois"""	終極征紫	ok	ok
melee	12146	"Croix Violet ""Quatre"""	終極征紫	ok	ok
melee	12147	"Croix Violet ""Cinq"""	終極征紫	ok	ok
melee	12148	"Croix Ciel ""Un"""	終極征天	ok	ok
melee	12149	"Croix Ciel ""Deux"""	終極征天	ok	ok
melee	12150	"Croix Ciel ""Trois"""	終極征天	ok	ok
melee	12151	"Croix Ciel ""Quatre"""	終極征天	ok	ok
melee	12152	"Croix Ciel ""Cinq"""	終極征天	ok	ok
melee	12153	"Croix Blanc ""Un"""	終極征聲急証	ok	ok
melee	12154	"Croix Blanc ""Deux"""	終極征聲急証	ok	ok
melee	12155	"Croix Blanc ""Trois"""	終極征聲急証	ok	ok
melee	12156	"Croix Blanc ""Quatre"""	終極征聲急証	ok	ok
melee	12157	"Croix Blanc ""Cinq"""	終極征聲急証	ok	ok
melee	12158	"Croix Noir ""Un"""	終極征恩歐伊爾	ok	ok
melee	12159	"Croix Noir ""Deux"""	終極征恩歐伊爾德烏克斯	bad	phonetic_salad
melee	12160	"Croix Noir ""Trois"""	終極征恩歐伊爾特爾歐伊斯	bad	phonetic_salad
melee	12161	"Croix Noir ""Quatre"""	終極征恩歐伊爾奎阿特艾	bad	phonetic_salad
melee	12162	"Croix Noir ""Cinq"""	終極征恩歐伊爾克伊恩奎	bad	phonetic_salad
melee	12163	832F・ロトクロツ・アイ	832F・羅托・AI	ok	ok
melee	12164	842F・ロトクロツ・ヴァイ	842F・羅托・瓦伊	ok	ok
melee	12165	852F・ロトクロツ・ライ	852F・羅托・拉伊	ok	ok
melee	12166	862F・ロトクロツ・フィア	862F・羅托・菲亞	ok	ok
melee	12167	872F・ロトクロツ・フュン	872F・羅托・夫烏伊烏恩	bad	phonetic_salad
melee	12168	882F・ブラウクロツ・アイ	882F・布拉烏・AI	ok	ok
melee	12169	892F・ブラウクロツ・ヴァイ	892F・布拉烏・瓦伊	ok	ok
melee	12170	8A2F・ブラウクロツ・ライ	8A2F・布拉烏・拉伊	ok	ok
melee	12171	8B2F・ブラウクロツ・フィア	8B2F・布拉烏・菲亞	ok	ok
melee	12172	8C2F・ブラウクロツ・フュン	8C2F・布拉烏・夫烏伊烏恩	bad	phonetic_salad
melee	12173	8D2F・グリュクロツ・アイ	8D2F・古里烏・AI	ok	ok
melee	12174	8E2F・グリュクロツ・ヴァイ	8E2F・古里烏・瓦伊	ok	ok
melee	12175	8F2F・グリュクロツ・ライ	8F2F・古里烏・拉伊	ok	ok
melee	12176	902F・グリュクロツ・フィア	902F・古里烏・菲亞	ok	ok
melee	12177	912F・グリュクロツ・フュン	912F・古里烏・夫烏伊烏恩	bad	phonetic_salad
melee	12178	922F・ゲルブクロツ・アイ	922F・格魯布・AI	ok	ok
melee	12179	932F・ゲルブクロツ・ヴァイ	932F・格魯布・瓦伊	ok	ok
melee	12180	942F・ゲルブクロツ・ライ	942F・格魯布・拉伊	ok	ok
melee	12181	952F・ゲルブクロツ・フィア	952F・格魯布・菲亞	ok	ok
melee	12182	962F・ゲルブクロツ・フュン	962F・格魯布・夫烏伊烏恩	bad	phonetic_salad
melee	12183	972F・リーラクロツ・アイ	972F・里拉・AI	ok	ok
melee	12184	982F・リーラクロツ・ヴァイ	982F・里拉・瓦伊	ok	ok
melee	12185	992F・リーラクロツ・ライ	992F・里拉・拉伊	ok	ok
melee	12186	9A2F・リーラクロツ・フィア	9A2F・里拉・菲亞	ok	ok
melee	12187	9B2F・リーラクロツ・フュン	9B2F・里拉・夫烏伊烏恩	bad	phonetic_salad
melee	12188	9C2F・ヒメルクロツ・アイ	9C2F・希梅魯・AI	ok	ok
melee	12189	9D2F・ヒメルクロツ・ヴァイ	9D2F・希梅魯・瓦伊	ok	ok
melee	12190	9E2F・ヒメルクロツ・ライ	9E2F・希梅魯・拉伊	ok	ok
melee	12191	9F2F・ヒメルクロツ・フィア	9F2F・希梅魯・菲亞	ok	ok
melee	12192	A02F・ヒメルクロツ・フュン	A02F・希梅魯・夫烏伊烏恩	ok	ok
melee	12193	A12F・シュネクロツ・アイ	A12F・修烏涅・AI	ok	ok
melee	12194	A22F・シュネクロツ・ヴァイ	A22F・修烏涅・瓦伊	ok	ok
melee	12195	A32F・シュネクロツ・ライ	A32F・修烏涅・拉伊	ok	ok
melee	12196	A42F・シュネクロツ・フィア	A42F・修烏涅・菲亞	ok	ok
melee	12197	A52F・シュネクロツ・フュン	A52F・修烏涅・夫烏伊烏恩	bad	phonetic_salad
melee	12198	A62F・ヴァルクロツ・アイ	A62F・瓦魯・AI	ok	ok
melee	12199	A72F・ヴァルクロツ・ヴァイ	A72F・瓦魯・瓦伊	ok	ok
melee	12200	A82F・ヴァルクロツ・ライ	A82F・瓦魯・拉伊	ok	ok
melee	12201	A92F・ヴァルクロツ・フィア	A92F・瓦魯・菲亞	ok	ok
melee	12202	AA2F・ヴァルクロツ・フュン	AA2F・瓦魯・夫烏伊烏恩	bad	phonetic_salad
melee	12203	AB2F・ジョニーカルテット	AB2F・杰歐恩伊克阿爾烏	bad	phonetic_salad
melee	12204	AC2F・ヒルディス	AC2F・希魯迪蘇	ok	ok
melee	12205	AD2F・ヒルディスプラン	AD2F・哈伊爾烏德伊斯烏	bad	phonetic_salad
melee	12206	AE2F・ヒルディスエテ	AE2F・希魯迪蘇艾特	ok	ok
melee	12207	AF2F・ヒルディストンヌ	AF2F・哈伊爾烏德伊斯烏	bad	phonetic_salad
melee	12208	B02F・ヒルディスイヴェ	B02F・希魯迪蘇伊維	ok	ok
melee	12209	B12F・ヒルディスジュ	B12F・希魯迪蘇朱	ok	ok
melee	12210	B22F・ヒルディスニール	B22F・希魯迪蘇尼魯	ok	ok
melee	12211	Ruida	深邃	ok	ok
melee	12212	Ruida Plan	ＲＵIＤ轟竜鎧	ok	ok
melee	12213	Ruidaete	深邃・夏	ok	ok
melee	12214	B62F・ルイダトンヌ	B62F・爾烏伊德阿特歐恩	bad	phonetic_salad
melee	12215	B72F・ルイダイヴェ	B72F・魯伊達伊維	ok	ok
melee	12216	B82F・ルイダジュ	B82F・魯伊達朱	ok	ok
melee	12217	B92F・ルイダニール	B92F・魯伊達尼魯	ok	ok
melee	12218	BA2F・フォレルー	BA2F・佛雷魯	ok	ok
melee	12219	BB2F・フォレルート	BB2F・佛雷魯托	ok	ok
melee	12220	BC2F・ソンブルー	ＢＣ2F・斯歐恩	ok	ok
melee	12221	BD2F・ソンブルート	BD2F・斯歐恩特歐	bad	phonetic_salad
melee	12222	Nebula Iris	星雲姆努波	ok	ok
melee	12223	BF2F・弩岩烈槍【地獄突】	BF2F・弩岩烈槍【地獄突】	ok	ok
melee	12224	C02F・弩岩烈大剣【閃何断】	C02F・弩岩烈大剣【閃何断】	ok	ok
melee	12225	"CarvedDrgnBlade""Flash"""	竜克阿爾維艾德刃閃	ok	ok
melee	12226	C22F・弩岩烈槌【極塵砕】	C22F・弩岩烈槌【極塵砕】	ok	ok
melee	12227	C32F・弩岩烈笛【激調打】	C32F・弩岩烈笛【激調打】	ok	ok
melee	12228	C42F・弩岩烈銃槍【流放撃】	C42F・弩岩烈銃槍【流放撃】	ok	ok
melee	12229	Zmos Paryze	茲莫斯・麻痺	ok	ok
melee	12230	Zmos Paralyse	茲姆歐斯普阿爾阿勒伊斯艾	bad	phonetic_salad
melee	12231	Rubino Snake Ⅶ	紅寶石蛇Ⅶ	ok	ok
melee	12232	Rubino Snake Ⅷ	紅寶石蛇Ⅷ	ok	ok
melee	12233	Rubino Snake Ⅸ	紅寶石蛇Ⅸ	ok	ok
melee	12234	True Aurora Sword G-TUNE	真極光剣Ｇ圖涅	ok	ok
melee	12235	Rage Surprise	激怒怒痺猛竜錘	ok	ok
melee	12236	Dilek Magisword Hellfire	德伊勒艾克姆阿格伊斯瓦歐爾獄火	bad	phonetic_salad
melee	12237	Dilek Magisword Storm	德伊勒艾克姆阿格伊斯瓦歐爾風暴	bad	phonetic_salad
melee	12238	Thunder Destroyers+ Ⅱ	雷殲滅者＋Ⅱ	ok	ok
melee	12239	Earth Sword+ Ⅱ	天雷破剣Ⅱ＋	ok	ok
melee	12240	D02F・サエウム	D02F・薩艾烏穆	ok	ok
melee	12241	D12F・ゲザングヴァルド	D12F・格扎恩烏瓦魯多	ok	ok
melee	12242	D22F・オクタオルタネイト	D22F・歐庫塔歐魯塔涅伊	ok	ok
melee	12243	D32F・オクタレイキング	D32F・歐庫塔雷伊奇恩烏	ok	ok
melee	12244	Van Beezulbub	維阿恩布艾艾茲烏勒布烏	bad	phonetic_salad
melee	12245	Devil Beezulbub	惡魔布艾艾茲烏勒布烏	bad	phonetic_salad
melee	12246	D62F・イティ・レドンド	D62F・伊提・爾艾德歐恩德歐	bad	phonetic_salad
melee	12247	Navar Rama	風吹・枝幹	ok	ok
melee	12248	D82F・スクロ・ラルジュ	D82F・SU・拉魯朱	ok	ok
melee	12249	D92F・レド・デルガダ	D92F・雷多・德魯加達	ok	ok
melee	12250	DA2F・イグ・レスティ	DA2F・伊古・雷蘇提	ok	ok
melee	12251	Ibo Rovine	伊波羅維涅	ok	ok
melee	12252	DC2F・ドネス・レドンド	DC2F・多涅蘇・爾艾德歐恩德歐	bad	phonetic_salad
melee	12253	Glyph Rama	字形拉瑪	ok	ok
melee	12254	Leschen Large	勒艾斯克哈艾恩大	bad	phonetic_salad
melee	12255	Thunderboom Delgada	特哈烏恩德艾爾布德艾勒格阿德阿	bad	phonetic_salad
melee	12256	E02F・リス・レスティ	E02F・里蘇・雷蘇提	ok	ok
melee	12257	Reaper Rovine	爾艾阿普艾爾羅維涅	bad	phonetic_salad
melee	12258	Penta Superest	普艾恩特阿蘇佩雷斯	bad	phonetic_salad
melee	12259	Hexa Superest	暮色・六光	ok	ok
melee	12260	Septa Superest	斯艾普特阿蘇佩雷斯	bad	phonetic_salad
melee	12261	E52F・マツリノキガイ【粋】	E52F・姆阿特斯烏爾伊恩粋	bad	phonetic_salad
melee	12262	E62F・天耀朧剣【真月】	E62F・天耀朧剣【真月】	ok	ok
melee	12263	Moon Crater	月克爾阿特艾爾	ok	ok
melee	12264	"Moonlit View ""Fragrance"""	姆歐歐恩勒伊特維伊艾瓦瓦里艾	bad	phonetic_salad
melee	12265	Caravan Fissure	商隊裂	ok	ok
melee	12266	Caravan Fissure Ⅱ	商隊裂Ⅱ	ok	ok
melee	12267	Caravan Fissure Ⅲ	商隊裂Ⅲ	ok	ok
melee	12268	Caravan Buster	商隊破壞	ok	ok
melee	12269	Caravan Buster Ⅱ	商隊破壞Ⅱ	ok	ok
melee	12270	Caravan Buster Ⅲ	商隊破壞Ⅲ	ok	ok
melee	12271	Caravan Fife	商隊橫笛	ok	ok
melee	12272	Caravan Fife Ⅱ	商隊橫笛Ⅱ	ok	ok
melee	12273	Caravan Fife Ⅲ	商隊橫笛Ⅲ	ok	ok
melee	12274	Caravan Blastspear	商隊爆槍	ok	ok
melee	12275	Caravan Blastspear Ⅱ	商隊爆槍Ⅱ	ok	ok
melee	12276	Caravan Blastspear Ⅲ	商隊爆槍Ⅲ	ok	ok
melee	12277	Ganga Ganga	兇殘竜剣・剛加	ok	ok
melee	12278	Ganga Ganko	加恩阿格阿恩克歐	bad	phonetic_salad
melee	12279	Ganga Gangan	兇殘竜剣・剛槓	ok	ok
melee	12280	Flame Katana	火炎刀	ok	ok
melee	12281	Extinction Katana	艾克斯特伊恩克特刀	bad	type_phonetic
melee	12282	"ExtinctionKatana ""Death"""	艾克斯特伊恩克特刀【死】	bad	phonetic_salad
melee	12283	Waterlily Rain S. Lance	瓦阿特艾爾勒伊勒雨S槍	bad	phonetic_salad
melee	12284	Nipalensis Rain S. Lance	長槍恩伊普阿勒艾恩斯雨S	bad	phonetic_salad
melee	12285	Digitalis Rain S. Lance	長槍德伊格伊特阿勒伊雨S	bad	phonetic_salad
melee	12286	Fang Merman Y	牙姆艾爾姆阿恩Ｙ	bad	phonetic_salad
melee	12287	Fang Merman Z	牙人魚【Ｚ】	ok	ok
melee	12288	Fang Merman X	牙人魚Ⅹ	ok	ok
melee	12289	Severe Crucifix	十字小太刀・烈	ok	ok
melee	12290	Destruction Crucifix	德艾斯特爾烏克特克烏西菲克斯	bad	phonetic_salad
melee	12291	End Crucifix	十字小太刀・末	ok	ok
melee	12292	Ex Square Blade	EX方刃	ok	ok
melee	12293	Square Moon Blade	方月刃	ok	ok
melee	12294	Square Demise Blade	方終焉刃	ok	ok
melee	12295	0730・ジャルキ・ブラッシュ	0730・雅魯奇・布烏爾阿爾斯哈烏	bad	phonetic_salad
melee	12296	0830・ジャルキ・プレッシャ	0830・雅魯奇・普烏爾艾爾斯哈阿	bad	phonetic_salad
melee	12297	0930・ジャルキ・クラッシャ	0930・雅魯奇・克烏爾阿爾斯哈阿	bad	phonetic_salad
melee	12298	"Muse's Song ""Joy"""	繆思女神之歌【悅喜】	ok	ok
melee	12299	"Muse's Song ""Comedy"""	繆思女神之歌【喜劇】	ok	ok
melee	12300	"Muse's Song ""Madness"""	繆思女神之歌【狂喜】	ok	ok
melee	12301	Ceris Escar	瑟莉絲・艾斯可	ok	ok
melee	12302	Ceris Seru	瑟莉絲・塞魯	ok	ok
melee	12303	Ceris Fern	塞里斯蕨	ok	ok
melee	12304	Ceris Arla	克艾爾伊斯阿爾勒阿	bad	phonetic_salad
melee	12305	Ceris Monet	克艾爾伊斯姆歐恩艾特	bad	phonetic_salad
melee	12306	Ceris Coda	克艾爾伊斯科達	ok	ok
melee	12307	Ceris Rook	塞里斯城堡	ok	ok
melee	12308	Ceris Vulcan	塞里斯火山	ok	ok
melee	12309	Ceris Isam	瑟莉絲・伊薩姆	ok	ok
melee	12310	Double Convict Dragons	双克歐恩維伊克特德爾阿格歐恩斯	bad	phonetic_salad
melee	12311	Double Flaming Physalis	雙炎酸漿	ok	ok
melee	12312	Double Flashing Thunder	雷雙閃	ok	ok
melee	12313	Double Chaos Poison	毒雙混沌	ok	ok
melee	12314	Double Frozen Ice	雙凍結氷	ok	ok
melee	12315	Layla Tonfa	穿竜棍勒阿伊勒阿	ok	ok
melee	12316	Layla Fire Tonfa	火勒阿伊勒阿穿竜棍	ok	ok
melee	12317	Layla Water Tonfa	水勒阿伊勒阿穿竜棍	ok	ok
melee	12318	Layla Thunder Tonfa	雷勒阿伊勒阿穿竜棍	ok	ok
melee	12319	Layla Ice Tonfa	冰勒阿伊勒阿穿竜棍	ok	ok
melee	12320	Layla Dragon Tonfa	竜勒阿伊勒阿穿竜棍	ok	ok
melee	12321	Golddust Gale Tonfa	穿竜棍金塵加勒	ok	ok
melee	12322	Golddust Stormflight T.	金塵斯特歐爾姆夫勒伊T	bad	phonetic_salad
melee	12323	Toro Plush Ⅰ	托羅布偶Ⅰ	ok	ok
melee	12324	Toro Plush Ⅱ	托羅布偶Ⅱ	ok	ok
melee	12325	Toro Plush Ⅲ	托羅布偶Ⅲ	ok	ok
melee	12326	Toro Plush Ⅳ	托羅布偶Ⅳ	ok	ok
melee	12327	Toro Plush Ⅴ	托羅布偶Ⅴ	ok	ok
melee	12328	Toro Plush Ⅵ	托羅布偶Ⅵ	ok	ok
melee	12329	Kuro Plush Ⅰ	庫羅布偶Ⅰ	ok	ok
melee	12330	Kuro Plush Ⅱ	庫羅布偶Ⅱ	ok	ok
melee	12331	Kuro Plush Ⅲ	庫羅布偶Ⅲ	ok	ok
melee	12332	Kuro Plush Ⅳ	庫羅布偶Ⅳ	ok	ok
melee	12333	Kuro Plush Ⅴ	庫羅布偶Ⅴ	ok	ok
melee	12334	Kuro Plush Ⅵ	庫羅布偶Ⅵ	ok	ok
melee	12335	ToroKuro Box Ⅰ	多羅庫洛箱Ⅰ	ok	ok
melee	12336	ToroKuro Box Ⅱ	多羅庫洛箱Ⅱ	ok	ok
melee	12337	ToroKuro Box Ⅲ	多羅庫洛箱Ⅲ	ok	ok
melee	12338	ToroKuro Box Ⅳ	多羅庫洛箱Ⅳ	ok	ok
melee	12339	ToruKuro Box Ⅴ	托魯爾霧野箱Ⅴ	ok	ok
melee	12340	ToroKuro Box Ⅵ	多羅庫洛箱Ⅵ	ok	ok
melee	12341	ToroKuro Max Ⅰ	托羅庫羅極Ⅰ	ok	ok
melee	12342	ToroKuro Max Ⅱ	托羅庫羅極Ⅱ	ok	ok
melee	12343	ToroKuro Max Ⅲ	托羅庫羅極Ⅲ	ok	ok
melee	12344	ToroKuro Max Ⅳ	托羅庫羅極Ⅳ	ok	ok
melee	12345	ToroKuro Max Ⅴ	托羅庫羅極Ⅴ	ok	ok
melee	12346	ToroKuro Max Ⅵ	托羅庫羅極Ⅵ	ok	ok
melee	12347	Crimson Pact	深紅未來迪	ok	ok
melee	12348	Crimson Tide	深紅潮	ok	ok
melee	12349	Ｄｕｓｔｉｎ	Ｄｕｓｔｉｎ	ok	ok
melee	12350	ダミー	假	ok	skip_empty_dummy
melee	12351	ダミー	假	ok	skip_empty_dummy
melee	12352	ダミー	假	ok	skip_empty_dummy
melee	12353	ダミー	假	ok	skip_empty_dummy
melee	12354	ダミー	假	ok	skip_empty_dummy
melee	12355	ダミー	假	ok	skip_empty_dummy
melee	12356	ダミー	假	ok	skip_empty_dummy
melee	12357	ダミー	假	ok	skip_empty_dummy
melee	12358	ダミー	假	ok	skip_empty_dummy
melee	12359	ダミー	假	ok	skip_empty_dummy
melee	12360	ダミー	假	ok	skip_empty_dummy
melee	12361	ダミー	假	ok	skip_empty_dummy
melee	12362	ダミー	假	ok	skip_empty_dummy
melee	12363	ダミー	假	ok	skip_empty_dummy
melee	12364	ダミー	假	ok	skip_empty_dummy
melee	12365	Hypno Mecha Z	眠梅奇阿Ｚ	ok	ok
melee	12366	Skilled Power Saws	斯克伊勒勒艾德力斯阿瓦斯	bad	phonetic_salad
melee	12367	Timeless Battle	特伊姆艾勒艾斯斯戦	bad	phonetic_salad
melee	12368	"ReinforcdElecSwrd""Melt"""	爾艾伊恩夫歐爾克艾勒艾克黑鍵盤溶	bad	phonetic_salad
melee	12369	"Dragstriker ""Epic"""	德爾阿格斯特爾伊史詩	bad	phonetic_salad
melee	12370	"Roundabout ""Bow Wow"""	弓爾歐烏恩德阿布歐瓦歐瓦	bad	type_phonetic
melee	12371	5330・アバーブニャキオーン	5330・阿布阿布烏恩伊阿	bad	phonetic_salad
melee	12372	Silver Burnout	銀布烏爾恩歐烏特	bad	phonetic_salad
melee	12373	God's Eternal Strife	神之永紛爭	ok	ok
melee	12374	Bombing Blade	布歐姆布伊恩格刃	bad	phonetic_salad
melee	12375	Master Sabers	大師軍刀	ok	ok
melee	12376	Basa Universe	巴薩宇宙	ok	ok
melee	12377	5930・対龍抹殺用大鎖鋸	5930・対竜抹殺用大鎖鋸	ok	ok
melee	12378	Brilla Espada	布爾伊勒勒阿艾斯普阿德阿	bad	phonetic_salad
melee	12379	Golden Edge	黄金刃	ok	ok
melee	12380	Divine Drgn Sword	竜神剣	ok	ok
melee	12381	Kushala's Burst	鋼竜之爆	ok	ok
melee	12382	Devastating Blos Spear	角竜德瓦斯阿提恩槍	ok	ok
melee	12383	Fortres Gunlance	銃槍夫歐爾特爾艾斯	ok	ok
melee	12384	Phalanx Mega	普哈阿勒阿恩克斯超	bad	phonetic_salad
melee	12385	"BlackArmour Hammer ""α"""	大錘黑鎧【α】	ok	ok
melee	12386	Crackdown	克爾阿克克德歐瓦	bad	phonetic_salad
melee	12387	"Gagaku Pipe ""Houou"""	雅樂笛【笙】	ok	ok
melee	12388	Cha Cha Lantern	奇阿奇阿勒阿恩特艾爾恩	bad	phonetic_salad
melee	12389	ダミー	假	ok	skip_empty_dummy
melee	12390	ダミー	假	ok	skip_empty_dummy
melee	12391	ダミー	假	ok	skip_empty_dummy
melee	12392	ダミー	假	ok	skip_empty_dummy
melee	12393	ダミー	假	ok	skip_empty_dummy
melee	12394	ダミー	假	ok	skip_empty_dummy
melee	12395	ダミー	假	ok	skip_empty_dummy
melee	12396	ダミー	假	ok	skip_empty_dummy
melee	12397	ダミー	假	ok	skip_empty_dummy
melee	12398	ダミー	假	ok	skip_empty_dummy
melee	12399	ダミー	假	ok	skip_empty_dummy
melee	12400	ダミー	假	ok	skip_empty_dummy
melee	12401	ダミー	假	ok	skip_empty_dummy
melee	12402	ダミー	假	ok	skip_empty_dummy
melee	12403	ダミー	假	ok	skip_empty_dummy
melee	12404	ダミー	假	ok	skip_empty_dummy
melee	12405	ダミー	假	ok	skip_empty_dummy
melee	12406	ダミー	假	ok	skip_empty_dummy
melee	12407	ダミー	假	ok	skip_empty_dummy
melee	12408	ダミー	假	ok	skip_empty_dummy
melee	12409	ダミー	假	ok	skip_empty_dummy
melee	12410	ダミー	假	ok	skip_empty_dummy
melee	12411	ダミー	假	ok	skip_empty_dummy
melee	12412	ダミー	假	ok	skip_empty_dummy
melee	12413	ダミー	假	ok	skip_empty_dummy
melee	12414	ダミー	假	ok	skip_empty_dummy
melee	12415	ダミー	假	ok	skip_empty_dummy
melee	12416	ダミー	假	ok	skip_empty_dummy
melee	12417	wi956	ＷＩ956	ok	ok
melee	12418	wi957	ＷＩ957	ok	ok
melee	12419	8330・wi958	8330・ＷＩ958	ok	ok
melee	12420	8430・wi959	8430・ＷＩ959	ok	ok
melee	12421	ダミー	假	ok	skip_empty_dummy
melee	12422	ダミー	假	ok	skip_empty_dummy
melee	12423	ダミー	假	ok	skip_empty_dummy
melee	12424	ダミー	假	ok	skip_empty_dummy
melee	12425	ダミー	假	ok	skip_empty_dummy
melee	12426	ダミー	假	ok	skip_empty_dummy
melee	12427	ダミー	假	ok	skip_empty_dummy
melee	12428	ダミー	假	ok	skip_empty_dummy
melee	12429	ダミー	假	ok	skip_empty_dummy
melee	12430	ダミー	假	ok	skip_empty_dummy
melee	12431	ダミー	假	ok	skip_empty_dummy
melee	12432	ダミー	假	ok	skip_empty_dummy
melee	12433	ダミー	假	ok	skip_empty_dummy
melee	12434	ダミー	假	ok	skip_empty_dummy
melee	12435	ダミー	假	ok	skip_empty_dummy
melee	12436	ダミー	假	ok	skip_empty_dummy
melee	12437	ダミー	假	ok	skip_empty_dummy
melee	12438	ダミー	假	ok	skip_empty_dummy
melee	12439	ダミー	假	ok	skip_empty_dummy
melee	12440	ダミー	假	ok	skip_empty_dummy
melee	12441	ダミー	假	ok	skip_empty_dummy
melee	12442	ダミー	假	ok	skip_empty_dummy
melee	12443	ダミー	假	ok	skip_empty_dummy
melee	12444	ダミー	假	ok	skip_empty_dummy
melee	12445	ダミー	假	ok	skip_empty_dummy
melee	12446	ダミー	假	ok	skip_empty_dummy
melee	12447	ダミー	假	ok	skip_empty_dummy
melee	12448	ダミー	假	ok	skip_empty_dummy
melee	12449	ダミー	假	ok	skip_empty_dummy
melee	12450	Caduceus	雙蛇杖	ok	ok
melee	12451	D?fi	挑戦	ok	ok
melee	12452	D?fi Courage	ＤFI勇気	ok	ok
melee	12453	D?fi Fierit?	挑戦・榮耀	ok	ok
melee	12454	D?fi Jouissance	ＤFI杰歐烏伊斯斯阿恩	bad	phonetic_salad
melee	12455	D?fi Passion	ＤFI情熱	ok	ok
melee	12456	D?fi False	挑戦・力量	ok	ok
melee	12457	D?fi Ideale	ＤFI伊德阿勒	ok	ok
melee	12458	AA30・ヴィーゾフ	AA30・維佐芙	ok	ok
melee	12459	AB30・ヴィーゾフ・ソーン	AB30・維佐芙・斯歐恩	ok	ok
melee	12460	AC30・ヴィーゾフ・ミェチタ	AC30・維佐芙・米艾奇伊塔	ok	ok
melee	12461	AD30・ヴィーゾフ・シィーラ	AD30・維佐芙・修伊伊拉	ok	ok
melee	12462	AE30・ヴィーゾフ・ウーム	AE30・維佐芙・烏穆	ok	ok
melee	12463	AF30・ヴィーゾフ・ドゥシャ	AF30・維佐芙・多烏修阿	ok	ok
melee	12464	B030・ヴィーゾフ・ヴォリャ	B030・維佐芙・沃里阿	ok	ok
melee	12465	B130・ライゼ	B130・拉伊澤	ok	ok
melee	12466	B230・ライゼ・ムーティヒ	B230・拉伊澤・穆提希	ok	ok
melee	12467	B330・ライゼ・ヘフティヒ	B330・拉伊澤・赫芙提希	ok	ok
melee	12468	B430・ライゼ・ブレンネン	B430・拉伊澤・布烏爾艾恩恩艾恩	bad	phonetic_salad
melee	12469	B530・ライゼ・フライハイト	B530・拉伊澤・芙拉伊哈伊托	bad	phonetic_salad
melee	12470	B630・ライゼ・ヴァルム	B630・拉伊澤・瓦魯穆	ok	ok
melee	12471	B730・ライゼ・オイサースト	B730・拉伊澤・歐伊薩蘇托	ok	ok
melee	12472	B830・ヴィアッジョ	B830・維亞焦	ok	ok
melee	12473	B930・ヴィアッジョ・ジョヤ	B930・JO・喬雅	ok	ok
melee	12474	BA30・ヴィアッジョ・サペレ	BA30・JO・薩佩雷	ok	ok
melee	12475	BB30・ヴィアッジョ・クオレ	BB30・JO・庫歐雷	ok	ok
melee	12476	BC30・ヴィアッジョ・リデレ	ＢＣ30・JO・里德雷	ok	ok
melee	12477	BD30・ヴィアッジョ・クリジ	BD30・JO・庫里吉	ok	ok
melee	12478	BE30・ヴィアッジョ・モンド	BE30・JO・姆歐恩德歐	ok	ok
melee	12479	Flowers	夫勒歐瓦艾爾斯	bad	phonetic_salad
melee	12480	"Flowers ""Tulips"""	夫勒歐瓦艾爾斯	bad	phonetic_salad
melee	12481	"Flowers ""Clovers"""	夫勒歐瓦艾爾斯	bad	phonetic_salad
melee	12482	"Flowers ""Dandilions"""	夫勒歐瓦艾爾斯	bad	phonetic_salad
melee	12483	"Flowers ""Sakura"""	夫勒歐瓦艾爾斯桜	bad	phonetic_salad
melee	12484	"Flowers ""Peonies"""	夫勒歐瓦艾爾斯	bad	phonetic_salad
melee	12485	Wisteria Leaf	威斯艾里阿之葉	ok	ok
melee	12486	"Wisteria Leaf ""WhitLeaf"""	威斯艾里阿葉	ok	ok
melee	12487	"Wisteria Leaf ""Clover"""	威斯艾里阿葉	ok	ok
melee	12488	"Wisteria Leaf""Chrysanth"""	威斯艾里阿葉克哈爾伊斯阿恩特	bad	phonetic_salad
melee	12489	"Wisteria Leaf ""Cosmos"""	威斯艾里阿葉克歐斯姆歐斯	bad	phonetic_salad
melee	12490	"Wisteria Leaf ""Peony"""	威斯艾里阿葉普艾歐恩伊	bad	phonetic_salad
melee	12491	Lorelei Liebe	納桃毛利艾貝	ok	ok
melee	12492	Lorelei Mut	納桃毛姆烏特	ok	ok
melee	12493	Lorelei Neid	納桃毛恩艾伊德	ok	ok
melee	12494	Lorelei Hass	納桃毛哈阿斯斯	ok	ok
melee	12495	Lorelei Reue	納桃毛雷烏艾	ok	ok
melee	12496	Lorelei Hexe	納桃毛赫克斯艾	ok	ok
melee	12497	Manzana	姆阿恩茲阿恩阿	ok	ok
melee	12498	Manzana Rojo	姆阿恩茲阿恩阿羅喬	bad	phonetic_salad
melee	12499	Manzana Illucion	姆阿恩茲阿恩阿伊勒勒烏克伊歐恩	bad	phonetic_salad
melee	12500	Manzana Fuego	姆阿恩茲阿恩阿芙艾戈	bad	phonetic_salad
melee	12501	D530・マンサナ・リアマ	D530・曼薩納・里阿瑪	ok	ok
melee	12502	Manzana Reso	姆阿恩茲阿恩阿雷索	bad	phonetic_salad
melee	12503	Glueck Rod Ⅰ	幸運杖Ⅰ	ok	ok
melee	12504	Glueck Rod Ⅱ	幸運杖Ⅱ	ok	ok
melee	12505	"Key to Secrets ""East"""	調秘伝東	ok	ok
melee	12506	Glueck Rod Ⅲ	幸運杖Ⅲ	ok	ok
melee	12507	Glueck Rod Ⅳ	幸運杖Ⅳ	ok	ok
melee	12508	Fisher Rod	夫伊斯哈艾爾棒	ok	ok
melee	12509	Creation Rod	克爾艾阿特伊歐恩棒	bad	phonetic_salad
melee	12510	DE30・ゼンプレーテⅠ	DE30・茲艾恩普烏爾艾特	bad	phonetic_salad
melee	12511	DF30・ゼンプレーテⅡ	DF30・茲艾恩普烏爾艾特	bad	phonetic_salad
melee	12512	"Key to Secrets ""North"""	調秘伝鐵初音	ok	ok
melee	12513	E130・ゼンプレーテⅢ	E130・茲艾恩普烏爾艾特	bad	phonetic_salad
melee	12514	E230・ゼンプレーテⅣ	E230・茲艾恩普烏爾艾特	bad	phonetic_salad
melee	12515	Milo Evangel	米洛艾維阿恩格艾勒	bad	phonetic_salad
melee	12516	Milo Incane	米洛伊恩克阿恩艾	bad	phonetic_salad
melee	12517	Stab Ⅰ	杖Ⅰ	ok	ok
melee	12518	Stab Ⅱ	杖Ⅱ	ok	ok
melee	12519	"Key to Secrets ""West"""	調秘伝西	ok	ok
melee	12520	Stab Ⅲ	杖Ⅲ	ok	ok
melee	12521	Stab Ⅳ	杖Ⅳ	ok	ok
melee	12522	EA30・レイシエーチ	EA30・雷伊修伊艾奇伊	bad	phonetic_salad
melee	12523	EB30・レイシワールト	EB30・雷伊修伊瓦魯托	ok	ok
melee	12524	String Ⅰ	弦Ⅰ	ok	ok
melee	12525	String Ⅱ	弦Ⅱ	ok	ok
melee	12526	"Key to Secrets ""South"""	調秘伝毛毒怪	ok	ok
melee	12527	String Ⅲ	弦Ⅲ	ok	ok
melee	12528	String Ⅳ	弦Ⅳ	ok	ok
melee	12529	F130・ストルグス	F130・蘇托魯古蘇	ok	ok
melee	12530	F230・ストルヌム	F230・蘇托魯努穆	ok	ok
melee	12531	Rotoro Ⅰ	羅托羅Ⅰ	ok	ok
melee	12532	Rotoro Ⅱ	羅托羅Ⅱ	ok	ok
melee	12533	"Key to Secrets ""Heaven"""	調秘伝【天】	ok	ok
melee	12534	Rotoro Ⅲ	羅托羅Ⅲ	ok	ok
melee	12535	Rotoro Ⅳ	羅托羅Ⅳ	ok	ok
melee	12536	F830・ルーロース	F830・魯羅蘇	ok	ok
melee	12537	F930・ハルバルーロース	F930・哈魯巴魯羅蘇	ok	ok
melee	12538	FA30・ユチドリⅠ	FA30・尤奇伊多里	ok	ok
melee	12539	FB30・ユチドリⅡ	FB30・尤奇伊多里	ok	ok
melee	12540	ダミー	假	ok	skip_empty_dummy
melee	12541	FD30・ユチドリⅢ	FD30・尤奇伊多里	ok	ok
melee	12542	FE30・ユチドリⅣ	FE30・尤奇伊多里	ok	ok
melee	12543	FF30・テソロトゥール	FF30・特索羅圖魯	ok	ok
melee	12544	0031・ボムルトゥール	0031・波穆魯圖魯	ok	ok
melee	12545	Safir Snake Ⅵ	藍寶石蛇Ⅵ	ok	ok
melee	12546	Safir Snake Ⅶ	藍寶石蛇Ⅶ	ok	ok
melee	12547	Safir Snake Ⅷ	藍寶石蛇Ⅷ	ok	ok
melee	12548	0431・オーロワマヒート	0431・歐羅瓦瑪希托	ok	ok
melee	12549	0531・オーロワマヒヴェリ	0531・歐羅瓦瑪希維里	ok	ok
melee	12550	Goldite	格歐勒德伊特艾	ok	ok
melee	12551	Gold Herz	金哈艾爾茲	ok	ok
melee	12552	0831・ラダールマヒート	0831・拉達魯瑪希托	ok	ok
melee	12553	0931・オーロワドペルタ	0931・歐羅瓦多佩魯塔	ok	ok
melee	12554	0A31・オーロワファルテ	0A31・歐羅瓦法魯特	ok	ok
melee	12555	Gold Bild	金布伊勒德	ok	ok
melee	12556	Gold Freude	金夫爾艾烏德艾	ok	ok
melee	12557	0D31・ラダールドペルタ	0D31・拉達魯多佩魯塔	ok	ok
melee	12558	Oro Messer	歐羅姆艾斯斯艾爾	bad	phonetic_salad
melee	12559	Oro Flamberge	歐羅夫勒阿姆布艾爾格	bad	phonetic_salad
melee	12560	Gold Hymne	金哈伊姆恩艾	ok	ok
melee	12561	Gold Geist	金格伊斯	ok	ok
melee	12562	1231・ラダールメッサ	1231・爾阿德阿爾烏姆艾	bad	phonetic_salad
melee	12563	1331・オーロワレヴィエ	1331・歐羅瓦雷	ok	ok
melee	12564	1431・オーロワリエーズ	1431・歐羅瓦里艾祖	ok	ok
melee	12565	Gold Trank	金特爾阿恩克	ok	ok
melee	12566	Gold Mut	金姆烏特	ok	ok
melee	12567	1731・ラダールレヴィエ	1731・拉達魯雷	ok	ok
melee	12568	1831・オーロワアーヴ	1831・歐羅瓦阿芙	ok	ok
melee	12569	1931・オーロワアルベ	1931・歐羅瓦阿魯貝	ok	ok
melee	12570	Gold Hart	金哈阿爾特	ok	ok
melee	12571	Gold Wille	金瓦伊勒勒艾	ok	ok
melee	12572	1C31・ラダールアーヴ	1C31・拉達魯阿芙	ok	ok
melee	12573	Oro Horn	歐羅之角	bad	type_phonetic
melee	12574	Oro Roar	歐羅轟鳴	ok	ok
melee	12575	Golde Edel	格歐勒德艾艾德艾勒	bad	phonetic_salad
melee	12576	Gold Chor	金克哈歐爾	ok	ok
melee	12577	2131・ラダールホーン	2131・爾阿德阿爾烏哈歐	bad	phonetic_salad
melee	12578	2231・オーロワカピール	2231・歐羅瓦可皮魯	ok	ok
melee	12579	2331・オーロワカピサ	2331・歐羅瓦可皮薩	ok	ok
melee	12580	Gold Engel	金艾恩格艾勒	ok	ok
melee	12581	Gold Ideal	金伊德艾阿勒	ok	ok
melee	12582	2631・ラダールカピール	2631・拉達魯可皮魯	ok	ok
melee	12583	2731・オーロワエンブス	2731・歐爾歐瓦阿艾恩布	bad	phonetic_salad
melee	12584	2831・オーロワエンベスト	2831・歐爾歐瓦阿艾恩布	bad	phonetic_salad
melee	12585	Gold Wueste	金瓦烏艾斯特艾	ok	ok
melee	12586	Gold Brut	金布爾烏特	ok	ok
melee	12587	2B31・ラダールエンブス	2B31・爾阿德阿爾烏艾恩	bad	phonetic_salad
melee	12588	2C31・ラダールファーティ	2C31・拉達魯法提	ok	ok
melee	12589	Caravan Strike Ⅰ	旅團斯里凱Ⅰ	ok	ok
melee	12590	Caravan Strike Ⅱ	旅團斯里凱Ⅱ	ok	ok
melee	12591	Battledore Saber	羽子板剣	ok	ok
melee	12592	"Battledore Saber ""Water"""	水羽子板剣	ok	ok
melee	12593	"Battledore Saber ""Frost"""	羽子板剣霜	ok	ok
melee	12594	"Battledore Saber ""Deep"""	羽子板剣深	ok	ok
melee	12595	"Battledore Saber ""Ocean"""	羽子板剣洋	ok	ok
melee	12596	3431・シュガード・ロール	3431・修烏加多・羅魯	ok	ok
melee	12597	3531・シュガード・エール	3531・修烏加多・艾魯	ok	ok
melee	12598	3631・シュガード・スタイル	3631・修烏加多・蘇塔伊魯	ok	ok
melee	12599	3731・シュガード・ガール	3731・修烏加多・加魯	ok	ok
melee	12600	3831・シュガード・スマイル	3831・修烏加多・蘇瑪伊魯	ok	ok
melee	12601	Peach Lamp	桃灯	ok	ok
melee	12602	"Peach Lamp ""Spring"""	桃灯彈簧	ok	ok
melee	12603	"Peach Lamp ""Light"""	桃灯【光】	ok	ok
melee	12604	"Peach Lamp ""Sun"""	桃灯【日】	ok	ok
melee	12605	"Peach Lamp ""Clarity"""	桃灯	ok	ok
melee	12606	Sakura Season	桜音未來	ok	ok
melee	12607	"Sakura Season ""In 3"""	桜音未來３	ok	ok
melee	12608	"Sakura Season ""In 5"""	桜音未來５	ok	ok
melee	12609	"Sakura Season ""In 8"""	桜音未來８	ok	ok
melee	12610	"Sakura Season ""Blooming"""	桜音未來開花	ok	ok
melee	12611	White Neko Punch	白猫拳	ok	ok
melee	12612	White Neko Smash	白猫打	ok	ok
melee	12613	Silver Neko Swing	銀猫斯伊恩	ok	ok
melee	12614	Silver Neko Chopping	銀猫克哈歐普普伊恩格	bad	phonetic_salad
melee	12615	Black Neko Fluffy	黒猫蓬松	ok	ok
melee	12616	Black Neko Awesome	黑猫阿韋索梅	ok	ok
melee	12617	4931・あかねこなっくる	4931・	ok	ok
melee	12618	Red Neko Cunning	赤猫克烏恩恩伊恩格	bad	phonetic_salad
melee	12619	4B31・あくねこなっくる	4B31・	ok	ok
melee	12620	4C31・あくねこすとれーと	4C31・惡猫街	ok	ok
melee	12621	Golden Neko Victory	黄金猫征服拉	ok	ok
melee	12622	4E31・ネーラーナラーマⅠ	4E31・涅拉娜拉瑪	ok	ok
melee	12623	4F31・ネーラーナラーマⅡ	4F31・涅拉娜拉瑪	ok	ok
melee	12624	5031・ネーラーナラーマ改	5031・涅拉娜拉瑪改	ok	ok
melee	12625	5131・ネーラーナラーマ真	5131・涅拉娜拉瑪真	ok	ok
melee	12626	5231・ネーラーナラーマＸ	5231・涅拉娜拉瑪Ｘ	ok	ok
melee	12627	5331・クリエースト	5331・庫里艾蘇托	ok	ok
melee	12628	5431・クリエースト・ドゥオ	5431・庫里艾蘇托・多烏歐	ok	ok
melee	12629	5531・クリエースト・セプテ	5531・庫里艾蘇托・瑟普特	ok	ok
melee	12630	5631・クリエースト・デケム	5631・庫里艾蘇托・德凱穆	ok	ok
melee	12631	5731・クリエースト・エンデ	5731・庫里艾蘇托・艾恩德艾	ok	ok
melee	12632	5831・クルス	5831・庫魯蘇	ok	ok
melee	12633	5931・クルス・セット	5931・庫魯蘇・瑟斯歐	ok	ok
melee	12634	5A31・クルス・ヌフ	5A31・庫魯蘇・努芙	ok	ok
melee	12635	5B31・クルス・オンズ	5B31・庫魯蘇・歐恩茲烏	ok	ok
melee	12636	5C31・クルス・ファン	5C31・庫魯蘇・夫阿恩	ok	ok
melee	12637	5D31・リースティ	5D31・里斯蒂	ok	ok
melee	12638	5E31・リースティ・トレイ	5E31・TI・托雷伊	ok	ok
melee	12639	5F31・リースティ・オプト	5F31・TI・歐普托	ok	ok
melee	12640	6031・リースティ・ノウア	6031・TI・諾烏阿	ok	ok
melee	12641	6131・リースティ・エーツ	6131・TI・艾特斯烏	ok	ok
melee	12642	6231・デルスール	6231・德魯蘇魯	ok	ok
melee	12643	6331・デルスール・イルミ	6331・德魯蘇魯・伊魯米	ok	ok
melee	12644	6431・デルスール・クルク	6431・德魯蘇魯・庫魯庫	ok	ok
melee	12645	6531・デルスール・エッリ	6531・德魯蘇魯・艾艾里	ok	ok
melee	12646	6631・デルスール・フィニス	6631・德魯蘇魯・菲尼蘇	ok	ok
melee	12647	6731・トリヘス	6731・托里赫斯	ok	ok
melee	12648	6831・トリヘス・サクス	6831・托里赫斯・薩庫蘇	ok	ok
melee	12649	6931・トリヘス・ネイン	6931・托里赫斯・恩艾伊恩	ok	ok
melee	12650	6A31・トリヘス・トワル	6A31・托里赫斯・托瓦魯	ok	ok
melee	12651	6B31・トリヘス・テロス	6B31・托里赫斯・特羅蘇	ok	ok
melee	12652	Lux	恩流浪	ok	ok
melee	12653	Lux Tizu	恩流浪提祖	ok	ok
melee	12654	Lux Fusu	恩流浪芙蘇	ok	ok
melee	12655	Lux Hamints	恩流浪哈阿姆伊恩特斯	bad	phonetic_salad
melee	12656	Lux Ein	恩流浪艾恩	ok	ok
melee	12657	7131・ズュート	7131・祖尤托	ok	ok
melee	12658	7231・ズュート・ハイ	7231・祖尤托・哈伊	ok	ok
melee	12659	7331・ズュート・ターム	7331・祖尤托・塔穆	ok	ok
melee	12660	7431・ズュート・チャム	7431・祖尤托・奇阿穆	ok	ok
melee	12661	7531・ズュート・パウ	7531・祖特・波烏	ok	ok
melee	12662	True Light Sword G Glow	真光剣Ｇ輝光	ok	ok
melee	12663	7731・オルガアルマトラ	7731・歐魯加阿魯瑪托拉	ok	ok
melee	12664	Demon's Hell	惡魔煉獄	ok	ok
melee	12665	Viper Devil	蝮惡魔	ok	ok
melee	12666	7A31・セーヴェルミェーチ	7A31・瑟維魯米艾奇伊	ok	ok
melee	12667	Gold Crest Ⅵ	金紋章Ⅵ	ok	ok
melee	12668	Silver Crest Ⅵ	銀紋章Ⅵ	ok	ok
melee	12669	Bronze Crest Ⅵ	銅紋章Ⅵ	ok	ok
melee	12670	7E31・ロワドスレイフ	7E31・羅瓦多蘇雷伊芙	ok	ok
melee	12671	Gold Shrine	金社	ok	ok
melee	12672	Silver Shrine	銀社	ok	ok
melee	12673	Bronze Shrine	青銅社	ok	ok
melee	12674	Gold Tier Ⅴ	金初音未Ⅴ	ok	ok
melee	12675	Silver Tier Ⅴ	銀初音未Ⅴ	ok	ok
melee	12676	Bronze Tier Ⅴ	青銅初音未Ⅴ	ok	ok
melee	12677	8531・ウォルヴェンナイツ	8531・瓦歐爾烏維艾恩恩	bad	phonetic_salad
melee	12678	Zilva Anthem	茲伊勒維阿阿恩特哈艾姆	bad	phonetic_salad
melee	12679	Heroic Death	爾霧野死	ok	ok
melee	12680	Dirtfree	無垢	ok	ok
melee	12681	Sen! Golden Lion Impact	閃！金獅衝撃	ok	ok
melee	12682	Zilva Return	席爾瓦歸還	ok	ok
melee	12683	Suction Lance	長槍斯烏克特伊歐恩	bad	phonetic_salad
melee	12684	Trinity Force	特爾伊恩伊特伊力	bad	phonetic_salad
melee	12685	Virus	病毒	ok	ok
melee	12686	Demon Heart	惡魔心	ok	ok
melee	12687	Hate Bleeder	憎布勒艾艾德艾爾	bad	phonetic_salad
melee	12688	Blood Drunk	血毒怪轟	ok	ok
melee	12689	Skull Collector	顱克歐勒勒艾克特歐	bad	phonetic_salad
melee	12690	Phantom Opera	幻影歐佩拉	ok	ok
melee	12691	Angel of Death	阿恩格艾勒死	ok	ok
melee	12692	Enemy Within	敵瓦伊特哈伊恩	ok	ok
melee	12693	Necropolis	恩艾克爾歐普歐勒	bad	phonetic_salad
melee	12694	Crystal Glimmer Hammer	大錘結晶微光	ok	ok
melee	12695	Crystal Shimmer Hammer	大錘晶斯哈伊姆姆艾爾	bad	phonetic_salad
melee	12696	Crystal Light Hammer	大錘結晶光	ok	ok
melee	12697	Crystal Dazzle Hammer	大錘結晶達茲茲勒	ok	ok
melee	12698	Brilliant Crystal Hammer	大錘比納桃結晶	ok	ok
melee	12699	Crystal Glimmer G.Lance	結晶微光Ｇ長槍	ok	ok
melee	12700	Crystal Shimmer G.Lance	銃槍晶斯哈伊姆姆艾爾	ok	ok
melee	12701	Crystal Light G.Lance	結晶光Ｇ長槍	ok	ok
melee	12702	Crystal Dazzle G.Lance	結晶達茲茲勒Ｇ長槍	ok	ok
melee	12703	BrilliantCrystal G.Lance	比納桃結晶Ｇ長槍	ok	ok
melee	12704	Dazzling Greatsword	眩目大剣	ok	ok
melee	12705	Elegy Empress Blade	艾勒艾格伊女帝刃	bad	phonetic_salad
melee	12706	Grief Empress Blade	比納桃女帝刃	ok	ok
melee	12707	Pity Empress Blade	普伊特伊女帝刃	ok	ok
melee	12708	Love Empress Blade	愛女帝刃	ok	ok
melee	12709	Endless Empress Blade	艾恩德勒艾斯斯女帝刃	bad	phonetic_salad
melee	12710	Breaking Empress Hammer	大錘布艾阿奇恩女帝	ok	ok
melee	12711	Intense Empress Hammer	大錘伊恩特艾恩斯艾女帝	bad	phonetic_salad
melee	12712	Flourish Empress Hammer	大錘繁榮女帝	ok	ok
melee	12713	Rising Empress Hammer	大錘里西恩女帝	ok	ok
melee	12714	Purity Empress Hammer	大錘純潔女帝	ok	ok
melee	12715	AB31・艶妃剣【仮初】	AB31・艶妃剣【仮初】	ok	ok
melee	12716	"Empress Daggers ""Virtue"""	女帝短刃美德	ok	ok
melee	12717	"Empress Lance ""Stellar"""	長槍女帝斯特艾勒勒阿爾	bad	phonetic_salad
melee	12718	Bell Sound Twins	鈴音雙子	ok	ok
melee	12719	AF31・バレナフェール	AF31・巴雷娜菲魯	ok	ok
melee	12720	B031・バレナラーメ	B031・巴雷娜拉梅	ok	ok
melee	12721	B131・バレナルジェ	B131・巴雷娜魯吉艾	ok	ok
melee	12722	B231・バレナオロロ	B231・巴雷娜歐羅羅	ok	ok
melee	12723	B331・バレナプラティ	B331・巴雷娜普拉提	ok	ok
melee	12724	God's Sound Greatsword	神之音大剣	ok	ok
melee	12725	B531・バレナルッシェ	B531・布阿爾艾恩阿爾烏	bad	phonetic_salad
melee	12726	B631・バレナウーメ	B631・巴雷娜烏梅	ok	ok
melee	12727	B731・バレナラゴラ	B731・巴雷娜拉戈拉	ok	ok
melee	12728	B831・バレナエスト	B831・巴雷娜艾蘇托	ok	ok
melee	12729	B931・バレナマーレ	B931・巴雷娜瑪雷	ok	ok
melee	12730	Wind Sound Flute	風音笛	ok	ok
melee	12731	BB31・バレナストル	BB31・巴雷娜蘇托魯	ok	ok
melee	12732	BC31・バレナパルティ	ＢＣ31・巴雷納波爾蒂	ok	ok
melee	12733	BD31・バレナコーロ	BD31・巴雷娜科羅	ok	ok
melee	12734	BE31・バレナペッツォ	BE31・布阿爾艾恩阿普艾	bad	phonetic_salad
melee	12735	BF31・バレナコンチェルト	BF31・布阿爾艾恩阿克歐	bad	phonetic_salad
melee	12736	Pure Sound Gunlance	銃槍純音	ok	ok
melee	12737	C131・バレナレイド	C131・巴雷娜雷伊多	ok	ok
melee	12738	C231・バレナエルデュ	C231・巴雷娜艾魯杜	ok	ok
melee	12739	C331・バレナクオラル	C331・巴雷娜庫歐拉魯	ok	ok
melee	12740	C431・バレナリベリオ	C431・巴雷娜里貝里歐	ok	ok
melee	12741	C531・バレナリーテ	C531・巴雷娜里特	ok	ok
melee	12742	C631・創音棍【玉音】	C631・創音棍【玉音】	ok	ok
melee	12743	C731・バシリスヴォンターデ	C731・布阿斯哈伊爾伊斯	bad	phonetic_salad
melee	12744	"Beryl Axes ""Cauterize"""	布艾爾伊勒阿克斯艾斯可烏特里澤	bad	phonetic_salad
melee	12745	Astragalus Recorder	阿斯特爾阿格阿勒爾艾克歐爾德艾爾	bad	phonetic_salad
melee	12746	Azure Wing Ciel Piercer	蒼翼克伊艾勒普伊艾爾克艾爾	bad	phonetic_salad
melee	12747	Azure Wyvern Gunlance	銃槍蒼飛竜	ok	ok
melee	12748	ダミー	假	ok	skip_empty_dummy
melee	12749	Rashine	天穿激流	ok	ok
melee	12750	Rashine Ruth	天穿激流葬	ok	ok
melee	12751	Shershine	破天雷響	ok	ok
melee	12752	Shershine Ruth	破天雷響衝	ok	ok
melee	12753	Stracle	斯拉克艾	ok	ok
melee	12754	Stracle Sky	斯拉克艾空	ok	ok
melee	12755	Stracle Shine	斯拉克艾輝	ok	ok
melee	12756	Stracle Star	斯拉克艾星	ok	ok
melee	12757	Stracle Sun	斯拉克艾日	ok	ok
melee	12758	Sracle Cosmos	斯爾阿克勒艾克歐斯姆歐斯	bad	phonetic_salad
melee	12759	Stracle Milkyway	斯拉克艾姆伊勒克伊瓦阿伊	bad	phonetic_salad
melee	12760	Riacle	里阿克艾	ok	ok
melee	12761	Riacle Sky	里阿克艾空	ok	ok
melee	12762	Riacle Shine	里阿克艾輝	ok	ok
melee	12763	Riacle Star	里阿克艾星	ok	ok
melee	12764	Riacle Sun	里阿克艾日	ok	ok
melee	12765	Riacle Cosmos	里阿克艾克歐斯姆歐斯	bad	phonetic_salad
melee	12766	Riacles Milkyay	爾伊阿克勒艾斯姆伊勒克伊阿伊	bad	phonetic_salad
melee	12767	Cendrillion Ⅰ	仙杜瑞拉Ⅰ	ok	ok
melee	12768	Cendrillion Ⅱ	仙杜瑞拉Ⅱ	ok	ok
melee	12769	Cendrillion Ⅲ	仙杜瑞拉Ⅲ	ok	ok
melee	12770	Cendrillion Ⅳ	仙杜瑞拉Ⅳ	ok	ok
melee	12771	Cendrillion Soiree	克艾恩德爾伊勒勒索伊雷艾	bad	phonetic_salad
melee	12772	Cendrillion Matin	克艾恩德爾伊勒勒姆阿特伊恩	bad	phonetic_salad
melee	12773	E531・カナールⅠ	E531・可娜魯	ok	ok
melee	12774	E631・カナールⅡ	E631・可娜魯	ok	ok
melee	12775	E731・カナールⅢ	E731・可娜魯	ok	ok
melee	12776	E831・カナールⅣ	E831・可娜魯	ok	ok
melee	12777	E931・カナール・シャルム	E931・可娜魯・MU	ok	ok
melee	12778	EA31・カナール・デコール	EA31・可娜魯・德科魯	ok	ok
melee	12779	Sirene Ⅰ	人魚Ⅰ	ok	ok
melee	12780	Sirene Ⅱ	人魚Ⅱ	ok	ok
melee	12781	Sirene Ⅲ	人魚Ⅲ	ok	ok
melee	12782	Sirene Ⅳ	人魚Ⅳ	ok	ok
melee	12783	Sirene Chagrineuse	人魚・悲歌	ok	ok
melee	12784	Sirene ?mu	人魚・憎恨	ok	ok
melee	12785	Neige Ⅰ	雪Ⅰ	ok	ok
melee	12786	Neige Ⅱ	雪Ⅱ	ok	ok
melee	12787	Neige Ⅲ	雪Ⅲ	ok	ok
melee	12788	Neige Ⅳ	雪Ⅳ	ok	ok
melee	12789	AmPoisone	AM波伊索涅	ok	ok
melee	12790	Blanc Chene	聲急証奇艾涅	ok	ok
melee	12791	Cochon Ⅰ	豬Ⅰ	ok	ok
melee	12792	Cochon Ⅱ	豬Ⅱ	ok	ok
melee	12793	Cochon Ⅲ	豬Ⅲ	ok	ok
melee	12794	Cochon Ⅳ	豬Ⅳ	ok	ok
melee	12795	Deux Cochons	德烏克斯克歐克哈歐恩斯	bad	phonetic_salad
melee	12796	Trois Cochons	特爾歐伊斯克歐克哈歐恩斯	bad	phonetic_salad
melee	12797	Grenouille Ⅰ	蛙Ⅰ	ok	ok
melee	12798	Grenouille Ⅱ	蛙Ⅱ	ok	ok
melee	12799	Grenouille Ⅲ	蛙Ⅲ	ok	ok
melee	12800	Grenouille Ⅳ	蛙Ⅳ	ok	ok
melee	12801	Grenouille Chante	格爾艾恩歐烏伊勒克哈阿恩特艾	bad	phonetic_salad
melee	12802	Grenouille Prince	格爾艾恩歐烏伊勒王子	bad	phonetic_salad
melee	12803	Menti Sword	門蒂剣	ok	ok
melee	12804	Menti Edge	門蒂刃	ok	ok
melee	12805	Menti Breaker	受選薄刃	ok	ok
melee	12806	Menti Blade	門蒂刃	ok	ok
melee	12807	Menti Crusher	姆艾恩特伊碎	ok	ok
melee	12808	Menti Polka	姆艾恩特伊水玉	ok	ok
melee	12809	Menti Lance	門蒂長槍	ok	ok
melee	12810	Menti Cannon	門蒂加農砲	ok	ok
melee	12811	Menti Pair	門提雙剣	ok	ok
melee	12812	ダミー	假	ok	skip_empty_dummy
melee	12813	"HellfireSword ""Flame"""	獄火剣焔	ok	ok
melee	12814	"HellfireSword ""Flower"""	獄火剣【花】	ok	ok
melee	12815	"HellfireSword ""Shining"""	獄火剣輝耀	ok	ok
melee	12816	"HellfireSword ""Dazzling"""	獄火剣眩目	ok	ok
melee	12817	"HellfireSword ""Dawn"""	獄火剣黎明	ok	ok
melee	12818	"HellfireBuster ""Pearl"""	獄火破珠	ok	ok
melee	12819	"HellfireBuster ""Gem"""	獄火破寶	ok	ok
melee	12820	"HellfireBuster ""Prince"""	獄火破王子	ok	ok
melee	12821	"HellfireBuster ""Saint"""	獄火破聖	ok	ok
melee	12822	"HellfireBuster ""Tiger"""	獄火破虎	ok	ok
melee	12823	"HellfireHammer ""Blaze"""	大錘獄火炎	ok	ok
melee	12824	"HellfireHammer ""Scarlet"""	大錘獄火【緋】	ok	ok
melee	12825	"HellfireHammer ""Sun"""	大錘獄火【日】	ok	ok
melee	12826	"HellfireHammer ""SolFlar"""	大錘哈艾勒勒夫伊爾艾日輪夫勒阿爾	bad	phonetic_salad
melee	12827	1B32・炎角鎚【飛輪】	1B32・炎角鎚【飛輪】	ok	ok
melee	12828	"Hellfire Lance ""Pierce"""	獄火槍穿	ok	ok
melee	12829	"Hellfire Lance ""Dolphin"""	獄火槍德歐勒普哈伊恩	bad	phonetic_salad
melee	12830	"Hellfire Lance ""Phoenix"""	獄火槍鳳凰	ok	ok
melee	12831	"Hellfire Lance ""Cactus"""	獄火槍仙人掌	ok	ok
melee	12832	2032・炎角槍【覇王樹】	2032・炎角槍【覇王樹】	ok	ok
melee	12833	2132・真緋猛太刀【玉響】	2132・真緋猛太刀【玉響】	ok	ok
melee	12834	"TruBloodredLance ""Elder"""	長槍特烏布勒歐歐德爾艾德古竜	bad	phonetic_salad
melee	12835	"TruBloodredGun ""Alone"""	特烏布勒歐歐德爾艾德銃阿洛涅	bad	phonetic_salad
melee	12836	"TruScarlet Mallet""Years"""	特烏緋鎚年	ok	ok
melee	12837	Acute Edge	鋭刃	ok	ok
melee	12838	Anorupatisu Jaw	暴鋸竜顎	ok	ok
melee	12839	Shantien Gunlance	天翔竜銃槍	ok	ok
melee	12840	2832・凍レタ運命熾ス槍	2832・凍雷塔運命熾SU槍	ok	ok
melee	12841	2932・ダードアスワド	2932・達多阿蘇瓦多	ok	ok
melee	12842	Teostra's Glitterblade	炎王烈大剣【煌冥】	ok	ok
melee	12843	Teostra's Lunatic Blade	炎王烈刀【極狂熱】	ok	ok
melee	12844	Teostra's Universe Blade	炎王烈剣【太虚】	ok	ok
melee	12845	Daora's Conquista	征服者・鋼竜	ok	ok
melee	12846	Teostra's Darkness	炎王烈鎚【黑闇】	ok	ok
melee	12847	Seductive Empress Pipe	斯艾德烏克特伊維女帝管	bad	phonetic_salad
melee	12848	3032・緋猛烈笛【謹上再拝】	3032・緋猛烈笛【謹上再拝】	ok	ok
melee	12849	3132・カルディア	3132・可爾迪亞	ok	ok
melee	12850	3232・カルディアブレイブ	3232・布雷伊布	ok	ok
melee	12851	3332・カルディアクラッシュ	3332・克烏爾阿爾斯哈烏	bad	phonetic_salad
melee	12852	3432・カルディアデュエル	3432・杜艾魯	ok	ok
melee	12853	3532・スペランツァ	3532・斯烏普艾爾阿恩特	bad	phonetic_salad
melee	12854	3632・シックザール	3632・斯哈伊斯克烏茲阿	bad	phonetic_salad
melee	12855	3732・ムニミィ	3732・穆尼米伊	ok	ok
melee	12856	3832・ムニミィブレイブ	3832・伊布雷伊布	ok	ok
melee	12857	3932・ムニミィクラッシュ	3932・伊克烏爾阿爾斯哈	bad	phonetic_salad
melee	12858	3A32・ムニミィデュエル	3A32・伊杜艾魯	ok	ok
melee	12859	3B32・ノスタルギニア	3B32・諾蘇塔魯吉尼阿	ok	ok
melee	12860	3C32・ファタリテート	3C32・法塔里特托	ok	ok
melee	12861	3D32・メガロマメロディ	3D32・梅加羅瑪梅羅迪	ok	ok
melee	12862	3E32・リカーメロディ	3E32・里可梅羅迪	ok	ok
melee	12863	3F32・ラズルーカメロディ	3F32・拉祖魯可梅羅迪	ok	ok
melee	12864	4032・リユニメロディ	4032・里尤尼梅羅迪	ok	ok
melee	12865	4132・グラーティア	4132・古拉提阿	ok	ok
melee	12866	4232・ペリペティア	4232・佩里佩提阿	ok	ok
melee	12867	4332・メガロマハーモニー	4332・梅加羅瑪哈莫尼	ok	ok
melee	12868	4432・リカーハーモニー	4432・里可哈莫尼	ok	ok
melee	12869	4532・ラズルーカハーモニー	4532・拉祖魯可哈莫尼	ok	ok
melee	12870	4632・リユニハーモニー	4632・里尤尼哈莫尼	ok	ok
melee	12871	4732・ソムニウム	4732・索穆尼烏穆	ok	ok
melee	12872	4832・パンタシア	4832・普阿恩特阿斯哈伊	bad	phonetic_salad
melee	12873	4932・ヴィレマヒート	4932・維雷瑪希托	ok	ok
melee	12874	4A32・ヴィレマヒヴェリ	4A32・維雷瑪希維里	ok	ok
melee	12875	4B32・ルストアイト	4B32・魯蘇托阿伊托	ok	ok
melee	12876	4C32・ルストヘルツ	4C32・爾烏斯烏特歐哈艾	bad	phonetic_salad
melee	12877	4D32・ヘルトマヒート	4D32・赫魯托瑪希托	ok	ok
melee	12878	4E32・ヴィレメッサ	4E32・維伊爾艾姆艾姆斯	bad	phonetic_salad
melee	12879	4F32・ヴィレフランベク	4F32・維伊爾艾夫烏爾阿	bad	phonetic_salad
melee	12880	5032・ルストヘレバド	5032・魯蘇托赫雷巴多	ok	ok
melee	12881	5132・ルストガイスト	5132・魯蘇托加伊蘇托	ok	ok
melee	12882	5232・ヘルトメッサ	5232・哈艾爾烏特歐姆艾	bad	phonetic_salad
melee	12883	5332・ヴィレアーヴ	5332・維雷阿芙	ok	ok
melee	12884	5432・ヴィレアルベ	5432・維雷阿魯貝	ok	ok
melee	12885	5532・ルストハルト	5532・魯蘇托哈魯托	ok	ok
melee	12886	5632・ルストヴィレ	5632・魯蘇托維雷	ok	ok
melee	12887	5732・ヘルトアーヴ	5732・赫魯托阿芙	ok	ok
melee	12888	5832・ヴィレカピール	5832・維雷可皮魯	ok	ok
melee	12889	5932・ヴィレカピサ	5932・維雷可皮薩	ok	ok
melee	12890	5A32・ルストナーゲル	5A32・魯蘇托娜格魯	ok	ok
melee	12891	5B32・ルストイデアル	5B32・魯蘇托伊德阿魯	ok	ok
melee	12892	5C32・ヘルトカピール	5C32・赫魯托可皮魯	ok	ok
melee	12893	5D32・ヘルトファーティ	5D32・赫魯托法提	ok	ok
melee	12894	Beta Knife Monochrome Ⅲ	β單色刀Ⅲ	ok	ok
melee	12895	Elegant Empress Katana	優雅女帝刀	ok	ok
melee	12896	6032・エリモスリーデル	6032・艾里莫蘇里德魯	ok	ok
melee	12897	6132・エリモスムナール	6132・艾里莫蘇穆娜魯	ok	ok
melee	12898	6232・翠水竜刀ヒュドール	6232・翠水竜刀哈伊烏德歐爾烏	ok	ok
melee	12899	6332・翠水竜槌エスプーマ	6332・翠水竜槌艾蘇普瑪	ok	ok
melee	12900	"True Scarlet Club""Frost"""	真緋棍霜	ok	ok
melee	12901	Shira Mokomoko	抑制螺莫科莫科	ok	ok
melee	12902	Iridescent Silver Sword	伊爾伊德艾斯克艾銀剣	bad	phonetic_salad
melee	12903	Starlight Silver Sword	星光銀剣	ok	ok
melee	12904	Celestial Silver Sword	克艾勒艾斯特伊阿銀剣	bad	phonetic_salad
melee	12905	Nebula Silver Sword	星雲銀剣	ok	ok
melee	12906	6A32・司銀烈剣【碇星】	6A32・司銀烈剣【碇星】	ok	ok
melee	12907	Pleiades Silver Sword	普勒艾伊阿德艾斯銀剣	bad	phonetic_salad
melee	12908	Silver Bay Sword	銀布阿伊剣	ok	ok
melee	12909	Snowfall Silver Katana	斯恩歐瓦夫阿勒勒銀刀	bad	type_phonetic
melee	12910	6E32・司銀獄刀【真雪】	6E32・司銀獄刀【真雪】	ok	ok
melee	12911	Soft Snow Silver Katana	軟雪銀刀	ok	ok
melee	12912	Reflective Silver Katana	爾艾夫勒艾克特伊銀刀	bad	type_phonetic
melee	12913	Snowflake Silver Katana	斯恩歐瓦夫勒阿克銀刀	bad	type_phonetic
melee	12914	Snowmoon Silver Katana	斯恩歐瓦姆歐歐恩銀刀	bad	type_phonetic
melee	12915	Silver Ridge Katana	銀嶺刀	ok	ok
melee	12916	Moon Silver Hammer	大錘月銀	ok	ok
melee	12917	Evening Silver Hammer	大錘艾維尼恩銀	ok	ok
melee	12918	Fullmoon Silver Hammer	大錘夫烏勒勒姆歐歐恩銀	ok	ok
melee	12919	Newmoon Silver Hammer	大錘恩艾瓦姆歐歐恩銀	ok	ok
melee	12920	Crescent Silver Hammer	大錘克爾艾斯克艾恩特銀	ok	ok
melee	12921	Heavenly Moon Silver H.	天上月銀H	ok	ok
melee	12922	Silver Malice Hammer	大錘銀悪意	ok	ok
melee	12923	Cloudy Silver Lance	長槍克勒歐烏德伊銀	ok	ok
melee	12924	Cumulus Silver Lance	長槍克烏姆烏勒烏斯銀	ok	ok
melee	12925	Daybreak Silver Lance	長槍德阿伊布爾艾阿克銀	ok	ok
melee	12926	Cirrus Silver Lance	長槍克伊爾爾烏斯銀	ok	ok
melee	12927	Stratus Silver Lance	長槍斯特爾阿特烏斯銀	ok	ok
melee	12928	Blessed Silver Lance	長槍祝福銀	ok	ok
melee	12929	Silver Milkyway Lance	長槍銀姆伊勒克伊瓦阿伊	ok	ok
melee	12930	Watermoon Fortress Twins	瓦阿特艾爾姆歐歐要塞特瓦伊恩斯	bad	phonetic_salad
melee	12931	Tidal Fortress Twins	特伊德阿勒要塞雙子	bad	phonetic_salad
melee	12932	Watersky Fortress Twins	瓦阿特艾爾斯克伊要塞特瓦伊恩斯	bad	phonetic_salad
melee	12933	1000-Waters Fort Twins	１０００瓦阿特艾爾斯要塞特瓦伊恩斯	bad	phonetic_salad
melee	12934	Flooded Fortress Twins	夫勒歐歐德艾德要塞特瓦伊恩斯	bad	phonetic_salad
melee	12935	SwimmingLeavesFort Twins	斯瓦伊姆姆伊恩格葉要塞特瓦伊恩斯	bad	phonetic_salad
melee	12936	Water Chrysan Fort Flute	水克哈爾伊斯阿恩要塞笛	ok	ok
melee	12937	Waterlily Fort Flute	瓦阿特艾爾勒伊勒要塞笛	bad	phonetic_salad
melee	12938	Water-Willow Fort Flute	水柳要塞笛	ok	ok
melee	12939	Primrose Fort Flute	普爾伊姆爾歐斯艾要塞笛	bad	phonetic_salad
melee	12940	Shallow Sand Fort Flute	斯哈阿勒勒歐瓦砂要塞笛	bad	phonetic_salad
melee	12941	Waterginko Fort Flute	瓦阿特艾爾格伊恩要塞笛	bad	phonetic_salad
melee	12942	Ocean Fortress Tonfa	穿竜棍洋要塞	ok	ok
melee	12943	Wave Fortress Tonfa	穿竜棍波要塞	ok	ok
melee	12944	500-Waves Fortress Tonfa	穿竜棍５００瓦阿維艾斯要塞	ok	ok
melee	12945	9132・覇皇大剣ガカムトルム	9132・覇皇大剣GA	ok	ok
melee	12946	Baru Bloodemma	噬血竜布勒歐歐德艾姆姆	bad	phonetic_salad
melee	12947	Baru Bloodwing	噬血竜布歐歐德伊恩	bad	phonetic_salad
melee	12948	9432・バル・アマル	9432・巴魯・阿瑪魯	ok	ok
melee	12949	9532・バル・クレマチス	9532・巴魯・庫雷瑪奇伊蘇	ok	ok
melee	12950	Baru Bloodtitan	噬血竜布勒歐歐德特伊特	bad	phonetic_salad
melee	12951	9732・バル・アフェクタル	9732・巴魯・阿菲庫塔魯	ok	ok
melee	12952	Baru Bloodfear	噬血竜布勒歐歐德夫艾阿	bad	phonetic_salad
melee	12953	Baru Bloodrain	噬血竜布勒歐歐德爾阿伊	bad	phonetic_salad
melee	12954	9A32・ドドドンガ・クーペ	9A32・多多多恩阿・庫佩	ok	ok
melee	12955	9B32・ドドドンガ・ゴクダチ	9B32・多多多恩阿・戈庫達奇伊	ok	ok
melee	12956	9C32・ドドドンガ・エデッセ	9C32・多多多恩阿・艾德艾德斯艾	bad	phonetic_salad
melee	12957	9D32・ドドドンガ・ドンペラ	9D32・多多多恩阿・德歐恩普艾爾阿	bad	phonetic_salad
melee	12958	Lightingbolt Apparition	勒伊格哈特伊恩格阿普普阿爾伊特伊	bad	phonetic_salad
melee	12959	9F32・幻雷始笛【大天太鼓】	9F32・幻雷始笛【大天太鼓】	ok	ok
melee	12960	"Bind Mace ""Emperor"""	布伊恩德鎚帝	ok	ok
melee	12961	Raise Strike	レイズストライク	ok	ok
melee	12962	Void Helix	維歐伊德赫利克斯	bad	phonetic_salad
melee	12963	ダミー	假	ok	skip_empty_dummy
melee	12964	ダミー	假	ok	skip_empty_dummy
melee	12965	ダミー	假	ok	skip_empty_dummy
melee	12966	ダミー	假	ok	skip_empty_dummy
melee	12967	Romeille Noct	爾歐姆艾伊勒勒艾恩歐克特	bad	phonetic_salad
melee	12968	Nonno Noct	恩歐恩恩歐恩歐克特	bad	phonetic_salad
melee	12969	A932・リリープ・ノック	A932・里里普・恩歐恩克烏	bad	phonetic_salad
melee	12970	Chevalier	騎士	ok	ok
melee	12971	Chevalier Perico	克哈艾維阿勒伊艾佩里科	bad	phonetic_salad
melee	12972	Chevalier Paloma	騎士・波羅瑪	ok	ok
melee	12973	Chevalier Cisne	騎士天鵝	ok	ok
melee	12974	Chevalier Milan	克哈艾維阿勒伊艾姆伊勒阿恩	bad	phonetic_salad
melee	12975	General	格艾恩艾爾阿勒	ok	ok
melee	12976	B032・カイザルヴァッフェ	B032・克阿伊茲阿爾烏維	bad	phonetic_salad
melee	12977	Knight	騎士	ok	ok
melee	12978	B232・ルイーツァリ・ペリコ	B232・爾烏伊特斯烏阿爾・佩里科	bad	phonetic_salad
melee	12979	B332・ルイーツァリ・パロマ	B332・路易莎里・波羅瑪	ok	ok
melee	12980	B432・ルイーツァリ・シスネ	B432・爾烏伊特斯烏阿爾・修伊蘇涅	bad	phonetic_salad
melee	12981	B532・ルイーツァリ・ミラノ	B532・爾烏伊特斯烏阿爾・米拉諾	bad	phonetic_salad
melee	12982	Officer	歐夫夫伊克艾爾	ok	ok
melee	12983	B732・イムペラアルージェ	B732・伊穆佩拉阿魯吉艾	ok	ok
melee	12984	B832・レイアルマ	B832・雷伊阿魯瑪	ok	ok
melee	12985	B932・レイアルマ・クーパ	B932・雷阿爾瑪・庫波	ok	ok
melee	12986	BA32・レイアルマ・シルバ	BA32・雷伊阿魯瑪・修伊魯巴	ok	ok
melee	12987	BB32・レイアルマ・ゴルド	BB32・雷伊阿魯瑪・戈魯多	ok	ok
melee	12988	BC32・レイアルマ・ダイア	ＢＣ32・雷伊阿魯瑪・達伊阿	ok	ok
melee	12989	Herrschaft	哈艾爾爾斯克哈阿	bad	phonetic_salad
melee	12990	Autocracy	阿烏特歐克爾阿克	bad	phonetic_salad
melee	12991	Campione	克阿姆普伊歐恩艾	bad	phonetic_salad
melee	12992	Campione Cooper	克阿姆普伊歐恩艾克歐歐普艾爾	bad	phonetic_salad
melee	12993	Campione Silver	克阿姆普伊歐恩艾銀	bad	phonetic_salad
melee	12994	Campione Gordes	克阿姆普伊歐恩艾格歐爾德艾斯	bad	phonetic_salad
melee	12995	Campione Dia	克阿姆普伊歐恩艾迪亞	bad	phonetic_salad
melee	12996	Eremos	艾爾艾姆歐斯	ok	ok
melee	12997	Pace	パーチェ	ok	ok
melee	12998	Maru Shell	終極征之殻	ok	ok
melee	12999	Maru Lagosta	終極征拉戈斯阿	ok	ok
melee	13000	Maru Krabbe	マール・クラッベ	ok	ok
melee	13001	Maru Polyps	終極征普歐勒伊普斯	bad	phonetic_salad
melee	13002	Delfine	德艾勒夫伊恩艾	ok	ok
melee	13003	CB32・エポラール	CB32・艾波拉魯	ok	ok
melee	13004	Thalassa Shell	托吉阿之殻	ok	ok
melee	13005	Thalassa Lagosta	托吉阿拉戈斯阿	ok	ok
melee	13006	Thalassa Krabbe	托吉阿克爾阿布布艾	bad	phonetic_salad
melee	13007	Thalassa Polyps	托吉阿普歐勒伊普斯	bad	phonetic_salad
melee	13008	Golfino	格歐勒夫伊恩歐	ok	ok
melee	13009	Penguino	佩恩烏伊諾	ok	ok
melee	13010	Marinero	征服拉	ok	ok
melee	13011	D332・マリネロ・クロール	D332・馬里内羅・RU	ok	ok
melee	13012	Marinero Stroke	征服拉斯羅凱	ok	ok
melee	13013	Marinero Butterfly	征服拉蝶	ok	ok
melee	13014	Playa	普勒阿伊阿	ok	ok
melee	13015	Lumi Soleil	魯米斯歐勒艾伊勒	bad	phonetic_salad
melee	13016	D832・マテロト	D832・馬特羅托	ok	ok
melee	13017	D932・マテロト・クロール	D932・馬特羅托・RU	ok	ok
melee	13018	DA32・マテロト・ストローク	DA32・馬特羅托・蘇托羅庫	ok	ok
melee	13019	DB32・マテロト・バタフライ	DB32・馬特羅托・巴塔芙拉伊	ok	ok
melee	13020	Oceano	歐瑟阿諾	ok	ok
melee	13021	Luce Lunar	魯瑟月	ok	ok
melee	13022	Rovino	羅維諾	ok	ok
melee	13023	Rovinioro	羅維尼歐羅	ok	ok
melee	13024	Diamandy	德伊阿姆阿恩德伊	bad	phonetic_salad
melee	13025	Diaperla	德伊阿普艾爾勒阿	bad	phonetic_salad
melee	13026	Azoth Sword I	阿佐特剣Ⅰ	ok	ok
melee	13027	Azoth Sword II	阿佐特剣Ⅱ	ok	ok
melee	13028	Azoth Sword III	阿佐特剣Ⅲ	ok	ok
melee	13029	Azoth Sword IV	阿佐特剣Ⅳ	ok	ok
melee	13030	Azoth Sword V	阿佐特剣Ⅴ	ok	ok
melee	13031	Azoth Sword VI	阿佐特剣Ⅵ	ok	ok
melee	13032	"Azoth Sword ""Blue"" I"	阿佐特剣【蒼】Ⅰ	ok	ok
melee	13033	"Azoth Sword ""Blue"" II"	阿佐特剣【蒼】Ⅱ	ok	ok
melee	13034	"Azoth Sword ""Blue"" III"	阿佐特剣【蒼】Ⅲ	ok	ok
melee	13035	"Azoth Sword ""Blue"" IV"	阿佐特剣【蒼】Ⅳ	ok	ok
melee	13036	"Azoth Sword ""Blue"" V"	阿佐特剣【蒼】Ⅴ	ok	ok
melee	13037	"Azoth Sword ""Blue"" VI"	阿佐特剣【蒼】Ⅵ	ok	ok
melee	13038	Gae Bolg I	蓋博爾格Ⅰ	ok	ok
melee	13039	Gae Bolg II	蓋博爾格Ⅱ	ok	ok
melee	13040	Gae Bolg III	蓋博爾格Ⅲ	ok	ok
melee	13041	Gae Bolg IV	蓋博爾格Ⅳ	ok	ok
melee	13042	Gae Bolg V	蓋博爾格Ⅴ	ok	ok
melee	13043	Gae Bolg VI	蓋博爾格Ⅵ	ok	ok
melee	13044	"Gae Bolg ""Black"" I"	蓋博爾格【黑】Ⅰ	ok	ok
melee	13045	"Gae Bolg ""Black"" II"	蓋博爾格【黑】Ⅱ	ok	ok
melee	13046	"Gae Bolg ""Black"" III"	蓋博爾格【黑】Ⅲ	ok	ok
melee	13047	"Gae Bolg ""Black"" IV"	蓋博爾格【黑】Ⅳ	ok	ok
melee	13048	"Gae Bolg ""Black"" V"	蓋博爾格【黑】Ⅴ	ok	ok
melee	13049	"Gae Bolg ""Black"" VI"	蓋博爾格【黑】Ⅵ	ok	ok
melee	13050	Twin Clawnyas Ⅰ	雙爪猫Ⅰ	ok	ok
melee	13051	Twin Clawnyas Ⅱ	雙爪猫Ⅱ	ok	ok
melee	13052	Twin Clawnyas Ⅲ	雙爪猫Ⅲ	ok	ok
melee	13053	Twin Clawnyas Ⅳ	雙爪猫Ⅳ	ok	ok
melee	13054	FE32・ツインプレッニャー	FE32・特斯烏伊恩普烏爾	bad	phonetic_salad
melee	13055	FF32・ツインスマッニャー	FF32・特斯烏伊恩斯烏姆	bad	phonetic_salad
melee	13056	0033・ガルバポプラ	0033・加魯巴波普拉	ok	ok
melee	13057	Beta Knife Monochrome	β單色刀	ok	ok
melee	13058	Beta Knife Monochrome Ⅱ	β單色刀Ⅱ	ok	ok
melee	13059	Beta Knife Monochrome Ⅳ	β單色刀Ⅳ	ok	ok
melee	13060	Beta Knife Monochrome Ⅴ	β單色刀Ⅴ	ok	ok
melee	13061	Beta Knife Monochrome Ⅵ	β單色刀Ⅵ	ok	ok
melee	13062	Big Katanya Ⅰ	大猫太刀Ⅰ	ok	ok
melee	13063	Big Katanya Ⅱ	大猫太刀Ⅱ	ok	ok
melee	13064	Big Katanya Ⅲ	大猫太刀Ⅲ	ok	ok
melee	13065	Big Katanya Ⅳ	大猫太刀Ⅳ	ok	ok
melee	13066	0A33・ビックアタッニャー	0A33・布伊布克烏阿特阿	bad	phonetic_salad
melee	13067	0B33・ビックシェーニャー	0B33・布伊布克烏斯哈伊	bad	phonetic_salad
melee	13068	ダミー	假	ok	skip_empty_dummy
melee	13069	ダミー	假	ok	skip_empty_dummy
melee	13070	ダミー	假	ok	skip_empty_dummy
melee	13071	ダミー	假	ok	skip_empty_dummy
melee	13072	ダミー	假	ok	skip_empty_dummy
melee	13073	ダミー	假	ok	skip_empty_dummy
melee	13074	1233・ギリギリニャーⅠ	1233・格伊爾伊格伊爾伊	bad	phonetic_salad
melee	13075	1333・ギリギリニャーⅡ	1333・格伊爾伊格伊爾伊	bad	phonetic_salad
melee	13076	1433・ギリギリニャーⅢ	1433・格伊爾伊格伊爾伊	bad	phonetic_salad
melee	13077	1533・ギリギリニャーⅣ	1533・格伊爾伊格伊爾伊	bad	phonetic_salad
melee	13078	1633・ギリソーニャー	1633・格伊爾伊斯歐恩伊	bad	phonetic_salad
melee	13079	1733・ギリッシュニャー	1733・格伊爾伊爾斯哈烏	bad	phonetic_salad
melee	13080	ダミー	假	ok	skip_empty_dummy
melee	13081	ダミー	假	ok	skip_empty_dummy
melee	13082	ダミー	假	ok	skip_empty_dummy
melee	13083	ダミー	假	ok	skip_empty_dummy
melee	13084	ダミー	假	ok	skip_empty_dummy
melee	13085	ダミー	假	ok	skip_empty_dummy
melee	13086	1E33・グルドリニャーⅠ	1E33・格烏爾烏德歐爾伊	bad	phonetic_salad
melee	13087	1F33・グルドリニャーⅡ	1F33・格烏爾烏德歐爾伊	bad	phonetic_salad
melee	13088	2033・グルドリニャーⅢ	2033・格烏爾烏德歐爾伊	bad	phonetic_salad
melee	13089	2133・グルドリニャーⅣ	2133・格烏爾烏德歐爾伊	bad	phonetic_salad
melee	13090	2233・グルブレニャー	2233・格烏爾烏布烏爾艾	bad	phonetic_salad
melee	13091	2333・グルディニャー	2333・格烏爾烏德伊恩伊	bad	phonetic_salad
melee	13092	ダミー	假	ok	skip_empty_dummy
melee	13093	ダミー	假	ok	skip_empty_dummy
melee	13094	ダミー	假	ok	skip_empty_dummy
melee	13095	ダミー	假	ok	skip_empty_dummy
melee	13096	ダミー	假	ok	skip_empty_dummy
melee	13097	ダミー	假	ok	skip_empty_dummy
melee	13098	2A33・ドルルスキューニャ	2A33・德歐爾烏爾烏斯烏	bad	phonetic_salad
melee	13099	2B33・ドルルターニャ―	2B33・德歐爾烏爾烏特阿	bad	phonetic_salad
melee	13100	ダミー	假	ok	skip_empty_dummy
melee	13101	ダミー	假	ok	skip_empty_dummy
melee	13102	ダミー	假	ok	skip_empty_dummy
melee	13103	ダミー	假	ok	skip_empty_dummy
melee	13104	ダミー	假	ok	skip_empty_dummy
melee	13105	ダミー	假	ok	skip_empty_dummy
melee	13106	ダミー	假	ok	skip_empty_dummy
melee	13107	Law and Equality	勒阿瓦艾奎烏阿勒伊特伊	bad	phonetic_salad
melee	13108	ダミー	假	ok	skip_empty_dummy
melee	13109	ダミー	假	ok	skip_empty_dummy
melee	13110	ダミー	假	ok	skip_empty_dummy
melee	13111	ダミー	假	ok	skip_empty_dummy
melee	13112	ダミー	假	ok	skip_empty_dummy
melee	13113	Law and Authority	勒阿瓦阿烏特哈歐爾伊特	bad	phonetic_salad
melee	13114	Law and Punishment	勒阿瓦普烏恩伊斯哈姆艾	bad	phonetic_salad
melee	13115	Rejection Roll	爾艾杰艾克特伊歐転	bad	phonetic_salad
melee	13116	War Eternal	戦永	ok	ok
melee	13117	Dead Night Warrior	德艾阿德夜戦士	ok	ok
melee	13118	Downfall	德歐瓦恩夫阿勒勒	bad	phonetic_salad
melee	13119	Dimension Zero	德伊姆艾恩斯伊歐零	bad	phonetic_salad
melee	13120	Delerium Veil	德艾勒艾爾伊烏姆紗	bad	phonetic_salad
melee	13121	Eternal Glory	永栄光	ok	ok
melee	13122	Against the Wind	阿格阿伊恩斯特風	bad	phonetic_salad
melee	13123	Better Off Dead	布艾特特艾爾歐夫夫德艾阿德	bad	phonetic_salad
melee	13124	Follow the Reaper	夫歐勒勒歐瓦爾艾阿普艾爾	bad	phonetic_salad
melee	13125	Hearts on Fire	火心	ok	ok
melee	13126	Ode to Joy	歐德喜	ok	ok
melee	13127	Over the Wall	歐維艾爾壁	ok	ok
melee	13128	Dead End	デッドエンド	ok	ok
melee	13129	Black Sheep	黑斯哈艾艾普	ok	ok
melee	13130	ダミー	假	ok	skip_empty_dummy
melee	13131	ダミー	假	ok	skip_empty_dummy
melee	13132	ダミー	假	ok	skip_empty_dummy
melee	13133	ダミー	假	ok	skip_empty_dummy
melee	13134	ダミー	假	ok	skip_empty_dummy
melee	13135	ダミー	假	ok	skip_empty_dummy
melee	13136	Thunder Ball Hammer Ⅰ	雷球大錘Ⅰ	ok	ok
melee	13137	Thunder Ball Hammer Ⅱ	雷球大錘Ⅱ	ok	ok
melee	13138	ダミー	假	ok	skip_empty_dummy
melee	13139	Thunder Ball Hammer Ⅲ	雷球大錘Ⅲ	ok	ok
melee	13140	Thunder Ball Hammer Ⅳ	雷球大錘Ⅳ	ok	ok
melee	13141	Thunder Ball Hammer Ⅴ	雷球大錘Ⅴ	ok	ok
melee	13142	Thunder Ball Hammer Ⅵ	雷球大錘Ⅵ	ok	ok
melee	13143	Dragon Ball Hammer Ⅰ	極竜球大錘Ⅰ	ok	ok
melee	13144	Dragon Ball Hammer Ⅱ	極竜球大錘Ⅱ	ok	ok
melee	13145	ダミー	假	ok	skip_empty_dummy
melee	13146	Dragon Ball Hammer Ⅲ	極竜球大錘Ⅲ	ok	ok
melee	13147	Dragon Ball Hammer Ⅳ	極竜球大錘Ⅳ	ok	ok
melee	13148	Dragon Ball Hammer Ⅴ	極竜球大錘Ⅴ	ok	ok
melee	13149	Dragon Ball Hammer Ⅵ	極竜球大錘Ⅵ	ok	ok
melee	13150	Dragon Ball Hammer+ Ⅰ	極竜球大錘Ⅰ＋	ok	ok
melee	13151	Dragon Ball Hammer+ Ⅱ	極竜球大錘Ⅱ＋	ok	ok
melee	13152	ダミー	假	ok	skip_empty_dummy
melee	13153	Dragon Ball Hammer+ Ⅲ	極竜球大錘Ⅲ＋	ok	ok
melee	13154	Dragon Ball Hammer+ Ⅳ	極竜球大錘Ⅳ＋	ok	ok
melee	13155	Dragon Ball Hammer+ Ⅴ	極竜球大錘Ⅴ＋	ok	ok
melee	13156	Dragon Ball Hammer+ Ⅵ	極竜球大錘Ⅵ＋	ok	ok
melee	13157	6533・ガルバソフィ	6533・加魯巴索菲	ok	ok
melee	13158	Garuba Vent	金塵竜ヴァン	ok	ok
melee	13159	Garuba Vento	金塵維艾恩特歐	ok	ok
melee	13160	Garuba Gust	金塵古斯	ok	ok
melee	13161	Garubanado	加魯巴娜多	ok	ok
melee	13162	Garuba Storm	金塵嵐	ok	ok
melee	13163	Pi Chara Gouk	PI奇阿拉格歐烏克	bad	phonetic_salad
melee	13164	Pi Chara Gouk Play	PI奇阿拉格歐烏克遊	bad	phonetic_salad
melee	13165	Pi Chara Gouk Ease	PI奇阿拉格歐烏克艾阿瑟	bad	phonetic_salad
melee	13166	Pi Chara Gouk Joy	PI奇阿拉格歐烏克喜	bad	phonetic_salad
melee	13167	Festival Gouk Fun	祭格歐烏克楽	ok	ok
melee	13168	7033・フィアーエスク	7033・艾蘇庫	ok	ok
melee	13169	Fear Morte	恐姆歐爾特艾	ok	ok
melee	13170	7233・フィアーステルク	7233・蘇特魯庫	ok	ok
melee	13171	7333・フィアーエスタ	7333・艾蘇塔	ok	ok
melee	13172	7433・スペクタル＝バウラ	7433・蘇佩庫塔魯＝巴烏拉	ok	ok
melee	13173	"WhiteWhite ""Wan Wan"""	白白	ok	ok
melee	13174	"WhiteWhite ""Gao Gao"""	白白	ok	ok
melee	13175	7733・しろしろ【クゥーン】	7733・克烏烏恩	ok	ok
melee	13176	"WhiteWhite ""Lick Lick"""	白白	ok	ok
melee	13177	"WhiteWhite ""Bow Wow"""	白白	ok	ok
melee	13178	Kisho Puppet	奇修歐普烏普普艾特	bad	phonetic_salad
melee	13179	Kisho Replica	奇修歐複刻	ok	ok
melee	13180	Snooze Artifact	斯恩歐歐茲艾神器	bad	phonetic_salad
melee	13181	Rest Artifact	安眠アーティ真實	ok	ok
melee	13182	Sleep Artifact	睡眠神器	ok	ok
melee	13183	7F33・エヘクトルリーズ	7F33・艾赫庫托魯里祖	ok	ok
melee	13184	8033・エヘクトルグラウ	8033・艾赫庫托魯古拉烏	ok	ok
melee	13185	8133・エヘクトルワール	8133・艾赫庫托魯瓦魯	ok	ok
melee	13186	8233・エヘクトルワスター	8233・艾赫庫托魯瓦蘇塔	ok	ok
melee	13187	8333・ネーロデスティ	8333・涅羅德蘇提	ok	ok
melee	13188	8433・バレンティ	8433・布阿爾艾恩特伊	bad	phonetic_salad
melee	13189	8533・キーンバレンティ	8533・克伊恩布阿爾艾恩	bad	phonetic_salad
melee	13190	8633・バレンティ＝テリオ	8633・布阿爾艾恩特伊＝特里歐	bad	phonetic_salad
melee	13191	8733・バレンティ＝アルテ	8733・布阿爾艾恩特伊＝阿魯特	bad	phonetic_salad
melee	13192	8833・フォルティジャルム	8833・佛魯提雅魯穆	ok	ok
melee	13193	8933・バルザガポワニール	8933・巴魯扎加波瓦尼魯	ok	ok
melee	13194	8A33・バルザガキジャル	8A33・巴魯扎加奇雅魯	ok	ok
melee	13195	8B33・リートスドルフ	8B33・里托蘇多魯芙	ok	ok
melee	13196	8C33・リートスヴェーク	8C33・里托蘇維庫	ok	ok
melee	13197	8D33・ツーファルポワニール	8D33・特斯烏夫阿爾烏普	bad	phonetic_salad
melee	13198	8E33・バルザガキリッター	8E33・布阿爾烏茲阿格阿	bad	phonetic_salad
melee	13199	8F33・バルザガティオー	8F33・巴魯扎加提歐	ok	ok
melee	13200	9033・リートスゲーネン	9033・爾伊特歐斯烏格艾	bad	phonetic_salad
melee	13201	9133・リートスゲスライ	9133・里托蘇格蘇拉伊	ok	ok
melee	13202	9233・ツーファルキリッター	9233・特斯烏夫阿爾烏克	bad	phonetic_salad
melee	13203	9333・バルザガペリファー	9333・巴魯扎加佩里法	ok	ok
melee	13204	9433・バルザガファーニャ	9433・布阿爾烏茲阿格阿	bad	phonetic_salad
melee	13205	9533・リートスヴンシュ	9533・爾伊特歐斯烏維烏	bad	phonetic_salad
melee	13206	9633・リートスグリュク	9633・里托蘇古里烏庫	ok	ok
melee	13207	9733・ツーファルペリファー	9733・特斯烏夫阿爾烏普	bad	phonetic_salad
melee	13208	9833・ツーファルヴィゴーレ	9833・特斯烏夫阿爾烏維	bad	phonetic_salad
melee	13209	9933・グロスヴォーレ	9933・古羅蘇沃雷	ok	ok
melee	13210	9A33・リーラリクシス	9A33・里拉里庫修伊蘇	ok	ok
melee	13211	9B33・デスターウィオラ	9B33・德蘇塔威歐拉	ok	ok
melee	13212	9C33・ブラウバンカー	9C33・布烏爾阿烏布阿恩	bad	phonetic_salad
melee	13213	9D33・ペイルエスター	9D33・佩伊魯艾蘇塔	ok	ok
melee	13214	9E33・オーロアルム	9E33・歐羅阿魯穆	ok	ok
melee	13215	9F33・ゴルディアンクラーク	9F33・格歐爾烏恩克烏爾	bad	phonetic_salad
melee	13216	A033・メランルーブラ	A033・姆艾爾阿恩爾烏布	bad	phonetic_salad
melee	13217	A133・ノワルディート	A133・諾瓦魯迪托	ok	ok
melee	13218	A233・ロートブレイカー	A233・羅托布雷伊可	ok	ok
melee	13219	A333・クリムゾンステーク	A333・緋紅牛排	ok	ok
melee	13220	A433・スミス＝デュオ	A433・蘇米蘇＝杜歐	ok	ok
melee	13221	A533・シュテルケロッドⅠ	A533・斯哈烏特艾爾烏克	bad	phonetic_salad
melee	13222	A633・シュテルケロッドⅡ	A633・斯哈烏特艾爾烏克	bad	phonetic_salad
melee	13223	A733・シュテルケロッドⅢ	A733・斯哈烏特艾爾烏克	bad	phonetic_salad
melee	13224	A833・シュテルケロッドⅣ	A833・斯哈烏特艾爾烏克	bad	phonetic_salad
melee	13225	A933・オツェアロッド	A933・歐特斯烏艾阿爾歐	bad	phonetic_salad
melee	13226	AA33・シフファーロッド	AA33・斯哈伊夫烏夫阿爾	bad	phonetic_salad
melee	13227	AB33・ザイチュンⅠ	AB33・茲阿伊克哈烏恩	bad	phonetic_salad
melee	13228	AC33・ザイチュンⅡ	AC33・茲阿伊克哈烏恩	bad	phonetic_salad
melee	13229	AD33・ザイチュンⅢ	AD33・茲阿伊克哈烏恩	bad	phonetic_salad
melee	13230	AE33・ザイチュンⅣ	AE33・茲阿伊克哈烏恩	bad	phonetic_salad
melee	13231	AF33・シャクバンジェ	AF33・斯哈阿克烏布阿恩	bad	phonetic_salad
melee	13232	B033・シャクインカーネ	B033・斯哈阿克烏伊恩克	bad	phonetic_salad
melee	13233	B133・レーベンタープⅠ	B133・爾艾布艾恩特阿普	bad	phonetic_salad
melee	13234	B233・レーベンタープⅡ	B233・爾艾布艾恩特阿普	bad	phonetic_salad
melee	13235	B333・レーベンタープⅢ	B333・爾艾布艾恩特阿普	bad	phonetic_salad
melee	13236	B433・レーベンタープⅣ	B433・爾艾布艾恩特阿普	bad	phonetic_salad
melee	13237	B533・ソルエーチ	B533・索魯艾奇伊	ok	ok
melee	13238	B633・ソルワールト	B633・索魯瓦魯托	ok	ok
melee	13239	B733・カシームⅠ	B733・可修伊穆	ok	ok
melee	13240	B833・カシームⅡ	B833・可修伊穆	ok	ok
melee	13241	B933・カシームⅢ	B933・可修伊穆	ok	ok
melee	13242	BA33・カシームⅣ	BA33・可修伊穆	ok	ok
melee	13243	BB33・レクディー	BB33・雷庫迪	ok	ok
melee	13244	BC33・シンフォディー	ＢＣ33・斯哈伊恩夫歐德伊	bad	phonetic_salad
melee	13245	BD33・カノーランツェⅠ	BD33・克阿恩歐爾阿恩特	bad	phonetic_salad
melee	13246	BE33・カノーランツェⅡ	BE33・克阿恩歐爾阿恩特	bad	phonetic_salad
melee	13247	BF33・カノーランツェⅢ	BF33・克阿恩歐爾阿恩特	bad	phonetic_salad
melee	13248	C033・カノーランツェⅣ	C033・克阿恩歐爾阿恩特	bad	phonetic_salad
melee	13249	C133・フェリチターシ	C133・菲里奇伊塔修伊	ok	ok
melee	13250	C233・ビヤンネートル	C233・布伊伊阿恩恩艾特	bad	phonetic_salad
melee	13251	C333・サラドリⅠ	C333・薩拉多里	ok	ok
melee	13252	C433・サラドリⅡ	C433・薩拉多里	ok	ok
melee	13253	C533・サラドリⅢ	C533・薩拉多里	ok	ok
melee	13254	C633・サラドリⅣ	C633・薩拉多里	ok	ok
melee	13255	C733・シャッツトゥール	C733・修阿斯蘇圖魯	ok	ok
melee	13256	C833・スィサトゥール	C833・蘇伊薩圖魯	ok	ok
melee	13257	C933・ラドゥ・ロクス	C933・拉多烏・羅庫蘇	ok	ok
melee	13258	CA33・ラドゥ・ランヴォ	CA33・拉多烏・爾阿恩維歐	bad	phonetic_salad
melee	13259	CB33・フェーリ・ヒルス	CB33・菲里・希魯蘇	ok	ok
melee	13260	CC33・ラエティ・ヒルス	CC33・拉艾提・希魯蘇	ok	ok
melee	13261	Death Scream	死叫	ok	ok
melee	13262	Fatal Tap	致命特阿普	ok	ok
melee	13263	Chaotic Crow	混沌克爾歐瓦	ok	ok
melee	13264	Foreigner	夫歐爾艾伊格恩艾	bad	phonetic_salad
melee	13265	Thunderstorm Apparition	特哈烏恩德艾爾斯阿普普阿爾伊特伊	bad	phonetic_salad
melee	13266	Green Plesioth Spear	水竜緑槍	ok	ok
melee	13267	Green Plesi Gunlance	水竜緑銃槍	ok	ok
melee	13268	D433・覇皇刀ザンカムトルム	D433・覇皇刀茲阿恩	ok	ok
melee	13269	Special Akantor Rippers	霸竜特爾伊普普艾爾斯	bad	phonetic_salad
melee	13270	Vicello Nulo	維伊克艾勒勒歐努洛	bad	phonetic_salad
melee	13271	Vicello Uno	維伊克艾勒勒歐烏諾	bad	phonetic_salad
melee	13272	Vicello Du	維伊克艾勒勒歐	ok	ok
melee	13273	Strange Scarecrow	奇斯克阿爾艾克爾歐	bad	phonetic_salad
melee	13274	Strange Scarecrow Friend	奇斯克阿爾艾克爾歐友	bad	phonetic_salad
melee	13275	Strange Scarecrow Partnr	奇斯克阿爾艾克爾歐普阿爾特恩爾	bad	phonetic_salad
melee	13276	Shark Prince	シャークプリンス	ok	ok
melee	13277	Shark King	SHＲｋｋINＧ	ok	ok
melee	13278	Shark Kaiser	シャーク帝王	ok	ok
melee	13279	DF33・黒角ジュバール	DF33・黒角朱巴魯	ok	ok
melee	13280	E033・黒角アシュワロ	E033・黒角阿修烏瓦羅	bad	phonetic_salad
melee	13281	E133・黒角トゥーフェリ	E133・黒角圖菲里	ok	ok
melee	13282	"Fury Hammer ""Anger"""	怒髮大錘【怒】	ok	ok
melee	13283	"Fury Hammer ""Wrath"""	怒髮大錘【憤】	ok	ok
melee	13284	"Fury Hammer ""Rage"""	怒髮大錘【怒火】	ok	ok
melee	13285	"Fury Hammer ""Violent"""	怒髮大錘【狂】	ok	ok
melee	13286	"Fury Hammer ""Resentment"""	怒髮大錘【怨】	ok	ok
melee	13287	"Fury Hammer""Indignation"""	怒髮大錘【義憤】	ok	ok
melee	13288	Ex Fury Hammer Zorn	大錘ＥＸ狂茲歐爾恩	ok	ok
melee	13289	"Fury Lance ""Zeal"""	怒髮長槍【熱誠】	ok	ok
melee	13290	"Fury Lance ""Passion"""	怒髮長槍【情熱】	ok	ok
melee	13291	"Fury Lance ""Earnest"""	怒髮長槍【真摯】	ok	ok
melee	13292	"Fury Lance ""Enthusiasm"""	怒髮長槍【熱意】	ok	ok
melee	13293	"Fury Lance ""Eager"""	怒髮長槍【急切】	ok	ok
melee	13294	"Fury Lance ""Ardent"""	怒髮長槍【熾熱】	ok	ok
melee	13295	Ex Fury Lance Grief	憤怒EX長槍比納桃	ok	ok
melee	13296	"Fury Lance ""Hate"""	怒髮長槍【憎】	ok	ok
melee	13297	"Fury Gunlance ""Malice"""	怒髮銃槍【惡意】	ok	ok
melee	13298	"Fury Gunlance ""Deadly"""	怒髮銃槍【致命】	ok	ok
melee	13299	"Fury Gunlance ""Venom"""	怒髮銃槍【毒液】	ok	ok
melee	13300	"Fury Gunlance ""Furious"""	怒髮銃槍【狂怒】	ok	ok
melee	13301	"Fury Gunlance ""Toxic"""	怒髮銃槍【毒】	ok	ok
melee	13302	Ex Fury Gunlance Suimos	銃槍ＥＸ狂斯烏伊姆歐斯	ok	ok
melee	13303	Hitze Waffe	哈伊特茲艾瓦阿夫夫艾	bad	phonetic_salad
melee	13304	Bombe Klinge	布歐姆布艾刃	ok	ok
melee	13305	Torpedo Waffe	魚雷瓦阿夫夫艾	ok	ok
melee	13306	Kugel Waffe	克烏格艾勒瓦阿夫夫艾	bad	phonetic_salad
melee	13307	FB33・白一角ソリュドム	FB33・白一角索里烏多穆	ok	ok
melee	13308	White Corner Wafer	白角瓦阿夫艾爾	ok	ok
melee	13309	Whitepoint Asper	瓦哈伊特艾普歐伊阿斯普艾爾	bad	phonetic_salad
melee	13310	From Hell	夫爾歐姆地獄	ok	ok
melee	13311	Mask of Sanity	面斯阿恩伊特伊	ok	ok
melee	13312	Break The Chains	砕黑鍵盤	ok	ok
melee	13313	Never World	不世	ok	ok
melee	13314	Painkiller	普阿伊恩克伊勒勒	bad	phonetic_salad
melee	13315	Six Spender	六磅炮	ok	ok
melee	13316	Heretic Anthem	哈艾爾艾特伊克阿恩特哈艾姆	bad	phonetic_salad
melee	13317	Eagle Heart	艾阿格艾心	ok	ok
melee	13318	Karma	ｋＲM	ok	ok
melee	13319	Silent Scream	証明球叫	ok	ok
melee	13320	Living Undead	利維恩烏恩德艾阿德	bad	phonetic_salad
melee	13321	Diabolical	德伊阿布歐勒伊克	bad	phonetic_salad
melee	13322	Renegade	叛徒	ok	ok
melee	13323	Star Fall	星落	ok	ok
melee	13324	0C34・ヴィレドペルタ	0C34・維雷多佩魯塔	ok	ok
melee	13325	0D34・ヴィレファルテ	0D34・維雷法魯特	ok	ok
melee	13326	0E34・ルストアフスト	0E34・魯蘇托阿芙蘇托	ok	ok
melee	13327	0F34・ルストフロイデ	0F34・魯蘇托芙羅伊德	ok	ok
melee	13328	1034・ヘルトドペルタ	1034・赫魯托多佩魯塔	ok	ok
melee	13329	1134・ヴィレレヴィエ	1134・維雷雷	ok	ok
melee	13330	1234・ヴィレリエーズ	1234・維雷里艾祖	ok	ok
melee	13331	1334・ルストランケ	1334・爾烏斯烏特歐爾阿	bad	phonetic_salad
melee	13332	1434・ルストムート	1434・魯蘇托穆托	ok	ok
melee	13333	1534・ヘルトレヴィエ	1534・赫魯托雷	ok	ok
melee	13334	1634・ヴィレホーン	1634・維伊爾艾哈歐恩	bad	phonetic_salad
melee	13335	1734・ヴィレキール	1734・維雷奇魯	ok	ok
melee	13336	1834・ルストエーデル	1834・魯蘇托艾德魯	ok	ok
melee	13337	1934・ルストクーア	1934・魯蘇托庫阿	ok	ok
melee	13338	1A34・ヘルトホーン	1A34・哈艾爾烏特歐哈歐	bad	phonetic_salad
melee	13339	1B34・ヴィレエンブス	1B34・維伊爾艾艾恩布烏	bad	phonetic_salad
melee	13340	1C34・ヴィレエンベスト	1C34・維伊爾艾艾恩布艾	bad	phonetic_salad
melee	13341	1D34・ルストヴュステ	1D34・魯蘇托芙尤蘇特	ok	ok
melee	13342	1E34・ルストブルート	1E34・魯蘇托托	ok	ok
melee	13343	1F34・ヘルトエンブス	1F34・哈艾爾烏特歐艾恩	bad	phonetic_salad
melee	13344	White Wisdom	白智慧	ok	ok
melee	13345	Calm White Wisdom	靜白智慧	ok	ok
melee	13346	Departing White Wisdom	德艾普阿爾特伊恩白智慧	bad	phonetic_salad
melee	13347	Encouraging White Wisdom	艾恩克歐烏爾阿格白智慧	bad	phonetic_salad
melee	13348	Soaring White Wisdom	索阿里恩白智慧	ok	ok
melee	13349	Strange Kings	奇鈿終極	ok	ok
melee	13350	Strange Spiked Kings	奇尖刺鈿終極	ok	ok
melee	13351	Strange Piercing King	奇貫通王	ok	ok
melee	13352	Strange Breaking Kings	奇王雙【崩裂】	ok	ok
melee	13353	Strange Secret Kings	奇秘鈿終極	ok	ok
melee	13354	White-White House	白白霍烏瑟	ok	ok
melee	13355	White-White Maison	白白姆阿伊斯歐恩	ok	ok
melee	13356	Black-Black House	黑黑霍烏瑟	ok	ok
melee	13357	Black-Black Maison	黑黑姆阿伊斯歐恩	ok	ok
melee	13358	Maverick House	姆阿維艾爾伊克克家	bad	phonetic_salad
melee	13359	Maverick Maison	姆阿維艾爾伊克克姆阿伊斯歐恩	bad	phonetic_salad
melee	13360	Gold Secure	金瑟庫雷	ok	ok
melee	13361	Gold Solid	金堅	ok	ok
melee	13362	Silver Secure	銀瑟庫雷	ok	ok
melee	13363	Silver Solid	銀堅	ok	ok
melee	13364	Bronze Secure	青銅瑟庫雷	ok	ok
melee	13365	Bronze Solid	青銅堅	ok	ok
melee	13366	Galatine	加拉提涅	ok	ok
melee	13367	Holy Galatine	聖加拉提涅	ok	ok
melee	13368	3834・ラテジア	3834・拉特吉阿	ok	ok
melee	13369	3934・ラテアタック	3934・爾阿特艾阿特阿特	bad	phonetic_salad
melee	13370	3A34・ラテアサルト	3A34・拉特阿薩魯托	ok	ok
melee	13371	3B34・ラテブレイク	3B34・拉特布雷伊庫	ok	ok
melee	13372	3C34・ラテヴィクトリー	3C34・拉特維庫托里	ok	ok
melee	13373	3D34・レ・ミリタリス	3D34・RE・米里塔里蘇	ok	ok
melee	13374	3E34・レ・カタプシス	3E34・RE・可塔普修伊蘇	ok	ok
melee	13375	3F34・エトトラ	3F34・艾托托拉	ok	ok
melee	13376	4034・エトアタック	4034・艾特歐阿特阿特克	bad	phonetic_salad
melee	13377	4134・エトアサルト	4134・艾托阿薩魯托	ok	ok
melee	13378	4234・エトブレイク	4234・艾托布雷伊庫	ok	ok
melee	13379	4334・エトヴィクトリー	4334・艾托維庫托里	ok	ok
melee	13380	4434・ノ・シェンタ	4434・NO・斯哈伊艾恩特阿	bad	phonetic_salad
melee	13381	4534・ノ・ネサンス	4534・NO・恩艾斯阿恩斯烏	bad	phonetic_salad
melee	13382	4634・ポレミカ	4634・波雷米可	ok	ok
melee	13383	4734・ドミカ	4734・多米可	ok	ok
melee	13384	4834・アルテス	4834・阿魯特蘇	ok	ok
melee	13385	4934・リヴォル	4934・里沃魯	ok	ok
melee	13386	Frozen Fate One	凍結宿命一	ok	ok
melee	13387	Frozen Fate Two	凍結宿命二	ok	ok
melee	13388	Frozen Fate Three	凍結宿命三	ok	ok
melee	13389	Frozen Fate Four	凍結宿命四	ok	ok
melee	13390	Frozen Fate Five	凍結宿命五	ok	ok
melee	13391	Frozen Fate Six	凍結宿命六	ok	ok
melee	13392	Frozen Fate Neo	凍結宿命新	ok	ok
melee	13393	Frozen Karma One	凍結ｋＲM一	ok	ok
melee	13394	Frozen Karma Two	凍結ｋＲM二	ok	ok
melee	13395	Frozen Karma Three	凍結ｋＲM三	ok	ok
melee	13396	Frozen Karma Four	凍結ｋＲM四	ok	ok
melee	13397	Frozen Karma Five	凍結ｋＲM五	ok	ok
melee	13398	Frozen Karma Six	凍結ｋＲM六	ok	ok
melee	13399	Frozen Karma Neo	凍結ｋＲM新	ok	ok
melee	13400	Frozen Demise One	凍結終焉一	ok	ok
melee	13401	Frozen Demise Two	凍結終焉二	ok	ok
melee	13402	Frozen Demise Three	凍結終焉三	ok	ok
melee	13403	Frozen Demise Four	凍結終焉四	ok	ok
melee	13404	Frozen Demise Five	凍結終焉五	ok	ok
melee	13405	Frozen Demise Six	凍結終焉六	ok	ok
melee	13406	Frozen Demise Neo	凍結終焉新	ok	ok
melee	13407	Frozen End One	凍結終一	ok	ok
melee	13408	Frozen End Two	凍結終二	ok	ok
melee	13409	Frozen End Three	凍結終三	ok	ok
melee	13410	Frozen End Four	凍結終四	ok	ok
melee	13411	Frozen End Five	凍結終五	ok	ok
melee	13412	Frozen End Six	凍結終六	ok	ok
melee	13413	Frozen End Neo	凍結終新	ok	ok
melee	13414	Lance of Longinus I	朗基努斯長槍Ⅰ	ok	ok
melee	13415	Lance of Longinus II	朗基努斯長槍Ⅱ	ok	ok
melee	13416	Lance of Longinus III	朗基努斯長槍Ⅲ	ok	ok
melee	13417	Lance of Longinus IV	朗基努斯長槍Ⅳ	ok	ok
melee	13418	Lance of Longinus V	朗基努斯長槍Ⅴ	ok	ok
melee	13419	Lance of Longinus VI	朗基努斯長槍Ⅵ	ok	ok
melee	13420	Progressive Knife I	高震動粒子刀Ⅰ	ok	ok
melee	13421	Progressive Knife II	高震動粒子刀Ⅱ	ok	ok
melee	13422	Progressive Knife III	高震動粒子刀Ⅲ	ok	ok
melee	13423	Progressive Knife IV	高震動粒子刀Ⅳ	ok	ok
melee	13424	Progressive Knife V	高震動粒子刀Ⅴ	ok	ok
melee	13425	Progressive Knife VI	高震動粒子刀Ⅵ	ok	ok
melee	13426	Counter Sword I	反撃剣Ⅰ	ok	ok
melee	13427	Counter Sword II	反撃剣Ⅱ	ok	ok
melee	13428	Counter Sword III	反撃剣Ⅲ	ok	ok
melee	13429	Counter Sword IV	反撃剣Ⅳ	ok	ok
melee	13430	Counter Sword V	反撃剣Ⅴ	ok	ok
melee	13431	Counter Sword VI	反撃剣Ⅵ	ok	ok
melee	13432	7834・セクタンデュオゼーレ	7834・斯艾克烏特阿恩德	bad	phonetic_salad
melee	13433	7934・セクタンデュオフルス	7934・斯艾克烏特阿恩德	bad	phonetic_salad
melee	13434	7A34・グローセスベルク	7A34・古羅瑟蘇貝魯庫	ok	ok
melee	13435	7B34・メッサーシュトラーセ	7B34・姆艾姆斯阿斯哈烏	bad	phonetic_salad
melee	13436	Brutal Trace	布爾烏特阿勒特阿瑟	bad	phonetic_salad
melee	13437	Holy Anger	聖尾虎皮	ok	ok
melee	13438	Dreadnought Talon	德爾艾阿德恩歐烏之爪	bad	phonetic_salad
melee	13439	Distortet Roar	德伊斯特歐爾特艾轟鳴	bad	phonetic_salad
melee	13440	Blau Cross Ⅰ	藍十字Ⅰ	ok	ok
melee	13441	Blau Cross Ⅱ	藍十字Ⅱ	ok	ok
melee	13442	Blau Cross Ⅲ	藍十字Ⅲ	ok	ok
melee	13443	Blau Cross Ⅳ	藍十字Ⅳ	ok	ok
melee	13444	Blau Cross Ⅴ	藍十字Ⅴ	ok	ok
melee	13445	8534・アスプクロッソⅠ	8534・阿斯烏普烏普斯歐	bad	phonetic_salad
melee	13446	8634・アスプクロッソⅡ	8634・阿斯烏普烏普斯歐	bad	phonetic_salad
melee	13447	8734・アスプクロッソⅢ	8734・阿斯烏普烏普斯歐	bad	phonetic_salad
melee	13448	8834・アスプクロッソⅣ	8834・阿斯烏普烏普斯歐	bad	phonetic_salad
melee	13449	8934・アスプクロッソⅤ	8934・阿斯烏普烏普斯歐	bad	phonetic_salad
melee	13450	Grau Cross Ⅰ	灰十字Ⅰ	ok	ok
melee	13451	Grau Cross Ⅱ	灰十字Ⅱ	ok	ok
melee	13452	Grau Cross Ⅲ	灰十字Ⅲ	ok	ok
melee	13453	Grau Cross Ⅳ	灰十字Ⅳ	ok	ok
melee	13454	Grau Cross Ⅴ	灰十字Ⅴ	ok	ok
melee	13455	Mauve Cross Ⅰ	淡紫十字Ⅰ	ok	ok
melee	13456	Mauve Cross Ⅱ	淡紫十字Ⅱ	ok	ok
melee	13457	Mauve Cross Ⅲ	淡紫十字Ⅲ	ok	ok
melee	13458	Mauve Cross Ⅳ	淡紫十字Ⅳ	ok	ok
melee	13459	Mauve Cross Ⅴ	淡紫十字Ⅴ	ok	ok
melee	13460	9434・モーヴクロッソⅠ	9434・姆歐維烏維斯歐	bad	phonetic_salad
melee	13461	9534・モーヴクロッソⅡ	9534・姆歐維烏維斯歐	bad	phonetic_salad
melee	13462	9634・モーヴクロッソⅢ	9634・姆歐維烏維斯歐	bad	phonetic_salad
melee	13463	9734・モーヴクロッソⅣ	9734・姆歐維烏維斯歐	bad	phonetic_salad
melee	13464	9834・モーヴクロッソⅤ	9834・姆歐維烏維斯歐	bad	phonetic_salad
melee	13465	Rosa Cross Ⅰ	薔薇十字Ⅰ	ok	ok
melee	13466	Rosa Cross Ⅱ	薔薇十字Ⅱ	ok	ok
melee	13467	Rosa Cross Ⅲ	薔薇十字Ⅲ	ok	ok
melee	13468	Rosa Cross Ⅳ	薔薇十字Ⅳ	ok	ok
melee	13469	Rosa Cross Ⅴ	薔薇十字Ⅴ	ok	ok
melee	13470	9E34・コキノクロッソⅠ	9E34・克歐克伊恩歐恩斯	bad	phonetic_salad
melee	13471	9F34・コキノクロッソⅡ	9F34・克歐克伊恩歐恩斯	bad	phonetic_salad
melee	13472	A034・コキノクロッソⅢ	A034・克歐克伊恩歐恩斯	bad	phonetic_salad
melee	13473	A134・コキノクロッソⅣ	A134・克歐克伊恩歐恩斯	bad	phonetic_salad
melee	13474	A234・コキノクロッソⅤ	A234・克歐克伊恩歐恩斯	bad	phonetic_salad
melee	13475	A334・ラシノクロッソⅠ	A334・爾阿斯哈伊恩歐恩	bad	phonetic_salad
melee	13476	A434・ラシノクロッソⅡ	A434・爾阿斯哈伊恩歐恩	bad	phonetic_salad
melee	13477	A534・ラシノクロッソⅢ	A534・爾阿斯哈伊恩歐恩	bad	phonetic_salad
melee	13478	A634・ラシノクロッソⅣ	A634・爾阿斯哈伊恩歐恩	bad	phonetic_salad
melee	13479	A734・ラシノクロッソⅤ	A734・爾阿斯哈伊恩歐恩	bad	phonetic_salad
melee	13480	A834・ヴィニエクロッソンⅠ	A834・維伊恩伊艾艾斯歐	bad	phonetic_salad
melee	13481	A934・ヴィニエクロッソンⅡ	A934・維伊恩伊艾艾斯歐	bad	phonetic_salad
melee	13482	AA34・ヴィニエクロッソンⅢ	AA34・維伊恩伊艾艾斯歐	bad	phonetic_salad
melee	13483	AB34・ヴィニエクロッソンⅣ	AB34・維伊恩伊艾艾斯歐	bad	phonetic_salad
melee	13484	AC34・ヴィニエクロッソンⅤ	AC34・維伊恩伊艾艾斯歐	bad	phonetic_salad
melee	13485	Holy Excalibur	聖艾克斯克阿勒伊布	bad	phonetic_salad
melee	13486	Holy Caduceus	聖雙蛇杖	ok	ok
melee	13487	"Dragonreaper ""Absolute"""	德爾阿格歐恩爾艾絶対	bad	phonetic_salad
melee	13488	Echtes Magma	エヒートマグマ	ok	ok
melee	13489	"Nyakucho ""Song"""	恩伊阿克烏克哈歐歌	bad	phonetic_salad
melee	13490	B234・パティチア	B234・波蒂奇亞	ok	ok
melee	13491	Burstwolf Blades α	爆狼刃α	ok	ok
melee	13492	Punky Crash α	普烏恩克伊克阿修α	bad	phonetic_salad
melee	13493	OfficerThunderpole Spear	歐夫夫伊克艾爾特哈烏恩德艾爾普矛	bad	phonetic_salad
melee	13494	B634・改ダードピティレ	B634・改達多皮提雷	ok	ok
melee	13495	Master Odyssey	大師奧德賽	ok	ok
melee	13496	Snow Queen	雪女王	ok	ok
melee	13497	"Muse's Song ""Rejoice"""	磨尾虎之歌	ok	ok
melee	13498	BA34・ロートフォマロ	BA34・羅托佛瑪羅	ok	ok
melee	13499	Far Goer	遠格歐艾爾	ok	ok
melee	13500	BC34・奇王刀【神舞】	ＢＣ34・奇王刀【神舞】	ok	ok
melee	13501	Sturm Machete	暴風斫刀	ok	ok
melee	13502	Sturm Messer	暴風刀	ok	ok
melee	13503	BF34・シュトルムカピール	BF34・修烏托魯穆可皮魯	ok	ok
melee	13504	Stormave	斯特歐爾姆阿維艾	bad	phonetic_salad
melee	13505	Felyoshka	夫艾勒伊歐斯哈克	bad	phonetic_salad
melee	13506	Felicitous Felyoshka	夫艾勒伊克伊特歐夫艾勒伊歐斯哈克	bad	phonetic_salad
melee	13507	Fortuitous Felyoshka	夫歐爾特烏伊特歐夫艾勒伊歐斯哈克	bad	phonetic_salad
melee	13508	ダミー	假	ok	skip_empty_dummy
melee	13509	Usurper's Firebolt	王剣シツライ	ok	ok
melee	13510	Despot's Crookbolt	王牙剣【折雷】	ok	ok
melee	13511	Oppressor's Bounty	真・王牙剣【天賦】	ok	ok
melee	13512	Usurper's Fulgur	王双刃ハタタカミ	ok	ok
melee	13513	Despot's Blitz	王牙双刃【土雷】	ok	ok
melee	13514	Oppressor's Miracle	真・王牙双刃【天業】	ok	ok
melee	13515	Usurper's Storm	王大剣フウライ	ok	ok
melee	13516	Despot's Blackstorm	王牙大剣【黒雷】	ok	ok
melee	13517	Oppressor's Forger	真・王牙大剣【一天】	ok	ok
melee	13518	Usurper's Boltslicer	王刀ライキリ	ok	ok
melee	13519	Despot's Boltbreaker	王牙刀【伏雷】	ok	ok
melee	13520	Oppressor's Law	真・王牙刀【天威】	ok	ok
melee	13521	Usurper' Thunder	王鎚カミナリ	ok	ok
melee	13522	Despot's Crackle	王牙鎚【大雷】	ok	ok
melee	13523	Oppressor`s Sway	歐普普爾艾斯斯歐斯瓦阿伊	bad	phonetic_salad
melee	13524	Usurper's Howl	王琴トドロキ	ok	ok
melee	13525	Despot's Thunderclap	王牙琴【鳴雷】	ok	ok
melee	13526	Oppressor's Boon	真・王牙琴【天禄】	ok	ok
melee	13527	Usurper's Coming	王槍テンライ	ok	ok
melee	13528	Despot's Cacophony	王牙槍【若雷】	ok	ok
melee	13529	Oppressor's Genesis	真・王牙槍【天衝】	ok	ok
melee	13530	Usurper's Roar	王銃槍ゴウライ	ok	ok
melee	13531	Despot's Phlogiston	王牙銃槍【火雷】	ok	ok
melee	13532	Oppressor's Skyfall	真・王牙銃槍【震天】	ok	ok
melee	13533	Despot's Tusks	王牙棍【雷公】	ok	ok
melee	13534	Oppressor's Tusks	真・王牙棍【天涯】	ok	ok
melee	13535	Pop Corn	普歐普玉	ok	ok
melee	13536	Large Pop Corn	大普歐普玉	ok	ok
melee	13537	Pop Corn Cannon	普歐普玉砲	ok	ok
melee	13538	Gaiasp	姆努波	ok	ok
melee	13539	Mother Gaiarch	姆歐特哈艾爾格阿伊阿爾克哈	bad	phonetic_salad
melee	13540	Gaia Horizon	加伊阿哈歐爾伊茲歐恩	bad	phonetic_salad
melee	13541	Chuku Chuku	ＣHＵｋＵＣHＵｋＵ	ok	ok
melee	13542	Wagga Wagga	WＧＧWＧＧ	ok	ok
melee	13543	Gimble Gyre	格伊姆布勒艾渦	ok	ok
melee	13544	"FloatingPeakSwrd ""Base"""	浮游峰黑鍵盤基	ok	ok
melee	13545	"FloatingPeakSwrd ""Peak"""	浮游峰黑鍵盤峰	ok	ok
melee	13546	"FloatingPeakSwrd ""Crest"""	紋章浮游峰黑鍵盤	ok	ok
melee	13547	"FloatingPeakSwrd ""Alp"""	浮游峰黑鍵盤	ok	ok
melee	13548	"FloatingPeakSwrd ""Hill"""	浮游峰黑鍵盤丘	ok	ok
melee	13549	"FloatingPeakSwrd ""Top"""	浮游峰黑鍵盤頂	ok	ok
melee	13550	"FloatingPeakPipe ""Red"""	浮游峰管【赤】	ok	ok
melee	13551	"FloatingPeakPipe ""Blood"""	浮游峰管之血	ok	ok
melee	13552	"FloatingPeakPipe ""Rose"""	浮游峰管薔	ok	ok
melee	13553	"FloatingPeakPipe ""Rust"""	浮游峰管錆	ok	ok
melee	13554	"FloatingPeakPipe ""Rouge"""	浮游峰管拉瓦里	ok	ok
melee	13555	"FloatingPeakPipe ""Ruby"""	浮游峰管紅	ok	ok
melee	13556	"Yama Kurai Axe ""Autumn"""	浮峰竜斧秋	ok	ok
melee	13557	"Yama Kurai Axe ""Amber"""	浮峰竜斧【琥珀】	ok	ok
melee	13558	"Yama Kurai Axe ""Rust"""	浮峰竜斧錆	ok	ok
melee	13559	"Yama Kurai Axe ""Ochre"""	浮峰竜斧歐奇雷	ok	ok
melee	13560	"Yama Kurai Axe ""Tiger"""	浮峰竜斧虎	ok	ok
melee	13561	"Yama Kurai Axe ""Gold"""	浮峰竜斧【金】	ok	ok
melee	13562	Furoru Orbit	弗洛歐爾布伊特	ok	ok
melee	13563	FB34・ネグルドシュラ	FB34・涅古魯多修烏拉	ok	ok
melee	13564	"Gogomoa Sword ""Hollow"""	跳緋獣剣空	ok	ok
melee	13565	FD34・弩岩始剣【閃滅斬】	FD34・弩岩始剣【閃滅斬】	ok	ok
melee	13566	FE34・ネグルドエオニオ	FE34・涅古魯多艾歐尼歐	ok	ok
melee	13567	"Fury Pair ""Affection"""	狂對	ok	ok
melee	13568	0035・バレナピリア	0035・巴雷娜皮里阿	ok	ok
melee	13569	0135・弩岩始大剣【滅何断】	0135・弩岩始大剣【滅何断】	ok	ok
melee	13570	0235・バレナオノス	0235・巴雷娜歐諾蘇	ok	ok
melee	13571	"Royal Shelledge ""Iron"""	鐵皇家斯哈艾勒勒艾德格	bad	phonetic_salad
melee	13572	"Royal Shelledge ""Steel"""	皇家斯哈艾勒勒艾德格鋼	bad	phonetic_salad
melee	13573	0535・浮岳烈槌【流星群】	0535・浮岳烈槌【流星群】	ok	ok
melee	13574	0635・浮岳始槌【星雲団】	0635・浮岳始槌【星雲団】	ok	ok
melee	13575	"Fury Hammer ""Tsunami"""	怒髮大錘【津波】	ok	ok
melee	13576	0835・弩岩始槌【絶塵砕】	0835・弩岩始槌【絶塵砕】	ok	ok
melee	13577	0935・フロルルディ	0935・芙羅魯魯迪	ok	ok
melee	13578	0A35・緋猛始笛【激奏打】	0A35・緋猛始笛【激奏打】	ok	ok
melee	13579	0B35・弩岩始笛【激奏打】	0B35・弩岩始笛【激奏打】	ok	ok
melee	13580	0C35・フロルハーディ	0C35・芙羅魯哈迪	ok	ok
melee	13581	0D35・バレナフォニア	0D35・巴雷娜佛尼阿	ok	ok
melee	13582	0E35・怒髪始閃槍【神無月】	0E35・怒髪始閃槍【神無月】	ok	ok
melee	13583	0F35・弩岩始槍【煉獄突】	0F35・弩岩始槍【煉獄突】	ok	ok
melee	13584	Furoru Zweto	弗洛茲韋托	ok	ok
melee	13585	1135・バレナマルチャ	1135・巴雷娜奇阿	ok	ok
melee	13586	1235・弩岩始銃槍【激放撃】	1235・弩岩始銃槍【激放撃】	ok	ok
melee	13587	1335・フロルベネノ	1335・芙羅魯貝涅諾	ok	ok
melee	13588	1435・ネグルドリュミル	1435・涅古魯多里烏米魯	ok	ok
melee	13589	Heavenly Shantien Sword	天翔竜天上剣	ok	ok
melee	13590	Spike Coupe+	刺科烏佩＋	ok	ok
melee	13591	Shira Cruzanna+	抑制螺克爾烏茲阿恩恩阿＋	bad	phonetic_salad
melee	13592	1835・改ダードグラオ	1835・改達多古拉歐	ok	ok
melee	13593	1935・改凍テツク時ヲ熾獣槍	1935・改凍特艾特斯烏克烏時WO熾獣槍	ok	ok
melee	13594	Beserk Sword	布艾斯艾爾克剣	ok	ok
melee	13595	Anguish	阿恩烏伊修	ok	ok
melee	13596	Nero Anguish	涅羅阿恩烏伊修	ok	ok
melee	13597	Cruel Pain	沸血吼痛	ok	ok
melee	13598	Calamity Pain	努波奇痛	ok	ok
melee	13599	Nero Calamity	涅羅努波奇	ok	ok
melee	13600	Double Fury Blades	双狂刃	ok	ok
melee	13601	Last Predator	最普爾艾德阿特歐爾	bad	phonetic_salad
melee	13602	Nero Wrath	涅羅怒	ok	ok
melee	13603	Chaos Hammer	大錘混沌	ok	ok
melee	13604	Chaos Lash	混沌睫	ok	ok
melee	13605	Nero Chaos	涅羅混沌	ok	ok
melee	13606	Sorrow Heavy Spear	研磨尾重槍	ok	ok
melee	13607	Atrocious Tower	阿特爾歐克伊歐烏塔	bad	phonetic_salad
melee	13608	Nero Atrocious	涅羅阿特爾歐克伊歐烏	bad	phonetic_salad
melee	13609	Hatred Gunlance	銃槍哈阿特爾艾德	ok	ok
melee	13610	Insatiable Gunlance	銃槍伊恩斯阿特伊阿布	ok	ok
melee	13611	Nero Greed	涅羅聲急証	ok	ok
melee	13612	Robbed Hope	爾歐布布艾德望	ok	ok
melee	13613	Nero Despair	涅羅德艾斯普阿伊爾	bad	phonetic_salad
melee	13614	Dios Edge	碎竜刃	ok	ok
melee	13615	Blast Sword	爆破剣	ok	ok
melee	13616	Lightbreak Sword	碎光剣	ok	ok
melee	13617	Dios Slicer	迪奧斬撃	ok	ok
melee	13618	Twin Blast Blades	爆破球紋章刃	ok	ok
melee	13619	Lightbreak Twins	勒伊格哈特布爾艾雙子	bad	phonetic_salad
melee	13620	Dios Blade	碎竜刃	ok	ok
melee	13621	Blast Greatsword	爆破大剣	ok	ok
melee	13622	Lightbreak Blade	碎光刃	ok	ok
melee	13623	Dios Sword	碎竜剣	ok	ok
melee	13624	Blast Edge	爆破刃	ok	ok
melee	13625	Lightbreak Edge	碎光刃	ok	ok
melee	13626	Dios Smasher	迪奧粉碎	ok	ok
melee	13627	Blast Smasher	爆破粉碎	ok	ok
melee	13628	Lightbreak Hammer	碎光大錘	ok	ok
melee	13629	Dios Bell	迪奧鈴	ok	ok
melee	13630	Blast Bell	爆破鈴	ok	ok
melee	13631	Lightbreak Hieroglyph	勒伊格哈特布爾艾哈伊艾爾歐格勒伊	bad	phonetic_salad
melee	13632	Diostinger	迪奧刺	ok	ok
melee	13633	Blast Spear	爆破槍	ok	ok
melee	13634	Lightbreak Spear	碎光槍	ok	ok
melee	13635	Dios Buster	迪奧破壞	ok	ok
melee	13636	Blast Buster	爆破破壞	ok	ok
melee	13637	Lightbreak Buster	勒伊格哈特布爾艾破	bad	phonetic_salad
melee	13638	Blast Destroyers	爆破德艾斯特爾歐伊艾	bad	phonetic_salad
melee	13639	Lightbreak Destroyers	勒伊格哈特布爾艾德艾斯特爾歐伊艾	bad	phonetic_salad
melee	13640	Shantien Greatsword+	天翔竜大剣＋	ok	ok
melee	13641	4935・改天熾シ凍土ニ咲ク刃	4935・改天熾修伊凍土NI咲KU刃	ok	ok
melee	13642	Anorupatisu Longhorn+	暴鋸竜勒歐恩格哈歐爾恩＋	bad	phonetic_salad
melee	13643	Fatalis Gunlance+	黑竜銃槍＋	ok	ok
melee	13644	Bon Jaro+	布歐恩雅羅＋	ok	ok
melee	13645	Red's Lips	赤勒伊普斯	ok	ok
melee	13646	Burn Awaiting	ＢＵＲNWⅠTⅠNＧ	ok	ok
melee	13647	"Magma Blade ""Flame"""	岩漿刃【炎】	ok	ok
melee	13648	Crimson Art	深紅阿爾特	ok	ok
melee	13649	5135・ブリエ・シュエ	5135・布里艾・修烏艾	bad	phonetic_salad
melee	13650	5235・ブリエ・ロンデ	5235・布里艾・爾歐恩德艾	bad	phonetic_salad
melee	13651	5335・ブリエ・ミラ	5335・布里艾・米拉	ok	ok
melee	13652	5435・ブリエ・エグル	5435・布里艾・艾古魯	ok	ok
melee	13653	5535・ブリエ・ペレラ	5535・布里艾・佩雷拉	ok	ok
melee	13654	5635・ブリエ・フォコン	5635・布里艾・夫歐克歐恩	bad	phonetic_salad
melee	13655	"Torid Sword ""Exile"""	照雷鳥剣艾克斯伊勒	bad	phonetic_salad
melee	13656	5835・ブリエ・リッド	5835・布里艾・爾伊爾德歐	bad	phonetic_salad
melee	13657	5935・ブリエ・フルー	5935・布里艾・芙魯	ok	ok
melee	13658	5A35・ブリエ・ヴァーグ	5A35・布里艾・瓦古	ok	ok
melee	13659	5B35・ブリエ・トルブ	5B35・布里艾・托魯布	ok	ok
melee	13660	5C35・ブリエ・トラン	5C35・布里艾・特歐爾阿恩	bad	phonetic_salad
melee	13661	5D35・ブリエ・サージ	5D35・布里艾・薩吉	ok	ok
melee	13662	"Torid Katana ""Revolt"""	照雷鳥刀爾艾維歐勒特	bad	type_phonetic
melee	13663	5F35・ブリエ・カーム	5F35・布里艾・可穆	ok	ok
melee	13664	6035・ブリエ・ブリーズ	6035・布里艾・布里祖	ok	ok
melee	13665	6135・ブリエ・ヴァン	6135・布里艾・維阿恩	ok	ok
melee	13666	6235・ブリエ・クード	6235・布里艾・庫多	ok	ok
melee	13667	6335・ブリエ・ラファール	6335・布里艾・拉法魯	ok	ok
melee	13668	6435・ブリエ・テンペ	6435・布里艾・特艾恩普艾	bad	phonetic_salad
melee	13669	"Torid Lance ""Crusade"""	照雷鳥長槍克烏薩德	ok	ok
melee	13670	6635・ブリエ・シーニュ	6635・布里艾・斯哈伊恩伊烏	bad	phonetic_salad
melee	13671	6735・ブリエ・エロン	6735・布里艾・艾爾歐恩	bad	phonetic_salad
melee	13672	6835・ブリエ・イービス	6835・布里艾・伊比蘇	ok	ok
melee	13673	"Torid Tonfa ""Rebellion"""	照雷鳥穿竜棍叛逆	ok	ok
melee	13674	6A35・カクトスドレング	6A35・可庫托蘇多雷恩烏	ok	ok
melee	13675	Kaktus Genie	仙人掌精靈	ok	ok
melee	13676	Ever Sleeper	艾維艾爾斯勒艾艾普艾爾	bad	phonetic_salad
melee	13677	Narco Camela	恩阿爾克歐可梅拉	bad	phonetic_salad
melee	13678	White Wing	白之翼	ok	ok
melee	13679	Cryo Cross	克約十	ok	ok
melee	13680	Grey Brume	灰布烏梅	ok	ok
melee	13681	Bran Bhavani	ＢＲNＢHＶNI	ok	ok
melee	13682	Blizzarioths	布勒伊茲茲阿爾伊	bad	phonetic_salad
melee	13683	Blizzarioths+	布勒伊茲茲阿爾伊＋	bad	phonetic_salad
melee	13684	Raider's Icecarvers	凍刻みブリザレイド	ok	ok
melee	13685	Icicle Fang	冰柱之牙	ok	ok
melee	13686	Icicle Fang+	冰柱之牙＋	ok	ok
melee	13687	Paladire	聖騎	ok	ok
melee	13688	Bariguiro	巴里古伊羅	ok	ok
melee	13689	Algiguiro	阿勒格伊格烏伊爾	bad	phonetic_salad
melee	13690	Frigiguiro	夫爾伊格伊格烏伊	bad	phonetic_salad
melee	13691	Tusk Lance	牙長槍	ok	ok
melee	13692	Tusk Lance+	牙長槍＋	ok	ok
melee	13693	Sabertooth	斯阿布艾爾特歐歐	bad	phonetic_salad
melee	13694	Frostellar	夫爾歐斯特艾勒勒	bad	phonetic_salad
melee	13695	Frost Galaxia	霜加拉克斯伊阿	ok	ok
melee	13696	Anorupatisu Teeth+	暴鋸竜歯＋	ok	ok
melee	13697	Frost Mist Twins+	霜霧雙子＋	ok	ok
melee	13698	Burstwolf Flute+	爆狼笛＋	ok	ok
melee	13699	Crimson Demon Tonfa+	深紅惡魔穿刺棍＋	ok	ok
melee	13700	8435・ダガダイアⅠ	8435・達加達伊阿	ok	ok
melee	13701	8535・ダガダイアⅡ	8535・達加達伊阿	ok	ok
melee	13702	8635・ダガダイアⅢ	8635・達加達伊阿	ok	ok
melee	13703	8735・ダガダイアⅣ	8735・達加達伊阿	ok	ok
melee	13704	8835・ダガローゼン	8835・德阿格阿爾歐茲艾	bad	phonetic_salad
melee	13705	8935・ダガロイアル	8935・達加羅伊阿魯	ok	ok
melee	13706	8A35・スペランスⅠ	8A35・斯烏普艾爾阿恩斯	bad	phonetic_salad
melee	13707	8B35・スペランスⅡ	8B35・斯烏普艾爾阿恩斯	bad	phonetic_salad
melee	13708	8C35・スペランスⅢ	8C35・斯烏普艾爾阿恩斯	bad	phonetic_salad
melee	13709	8D35・スペランスⅣ	8D35・斯烏普艾爾阿恩斯	bad	phonetic_salad
melee	13710	8E35・スペディス	8E35・蘇佩迪蘇	ok	ok
melee	13711	8F35・スペリアルホープ	8F35・蘇佩里阿魯霍普	ok	ok
melee	13712	9035・クロリズミルⅠ	9035・里祖米魯	ok	ok
melee	13713	9135・クロリズミルⅡ	9135・里祖米魯	ok	ok
melee	13714	9235・クロリズミルⅢ	9235・里祖米魯	ok	ok
melee	13715	9335・クロリズミルⅣ	9335・里祖米魯	ok	ok
melee	13716	9435・クロクロハピネ	9435・哈皮涅	ok	ok
melee	13717	9535・クロクロラクス	9535・拉庫蘇	ok	ok
melee	13718	Jester	小丑	ok	ok
melee	13719	Jester's Crown	小丑之王冠	ok	ok
melee	13720	Vulcanis	維烏勒克阿恩伊斯	bad	phonetic_salad
melee	13721	Vulcamagnon	維烏勒克阿姆阿格	bad	phonetic_salad
melee	13722	Vulcatastrophe	維烏勒克阿特阿斯	bad	phonetic_salad
melee	13723	Windeater	呑風	ok	ok
melee	13724	Soniceater	斯歐恩伊克艾阿特	bad	phonetic_salad
melee	13725	Zephyr	茲艾普哈伊爾	ok	ok
melee	13726	Zephyr Zero	茲艾普哈伊爾零	ok	ok
melee	13727	Fresh Hairblade	新鮮毛刃	ok	ok
melee	13728	Premium Hairblade	特別毛刃	ok	ok
melee	13729	A135・オスクリ・エペ	A135・歐蘇庫里・艾佩	ok	ok
melee	13730	A235・オスクリ・スパーダ	A235・奧斯克里・斯巴達	ok	ok
melee	13731	A335・オスクリ・エスパダ	A335・奧斯克里・埃斯巴達	ok	ok
melee	13732	A435・オスクリ・セイフ	A435・歐蘇庫里・瑟伊芙	ok	ok
melee	13733	A535・オスクリ・イスパダ	A535・奧斯克里・伊斯巴達	ok	ok
melee	13734	A635・オスタルティブ	A635・歐蘇塔魯提布	ok	ok
melee	13735	A735・オスティティア	A735・歐蘇提提阿	ok	ok
melee	13736	A835・ルスクリ・エペ	A835・魯蘇庫里・艾佩	ok	ok
melee	13737	A935・ルスクリ・スパーダ	A935・魯斯克里・斯巴達	ok	ok
melee	13738	AA35・ルスクリ・エスパダ	AA35・魯斯克里・埃斯巴達	ok	ok
melee	13739	AB35・ルスクリ・セイフ	AB35・魯蘇庫里・瑟伊芙	ok	ok
melee	13740	AC35・ルスクリ・イスパダ	AC35・魯斯克里・伊斯巴達	ok	ok
melee	13741	AD35・ルスタルティブ	AD35・魯蘇塔魯提布	ok	ok
melee	13742	AE35・ルスティティア	AE35・魯蘇提提阿	ok	ok
melee	13743	AF35・ベギア	AF35・貝吉阿	ok	ok
melee	13744	B035・ベギア・メガロ	B035・貝吉阿・梅加羅	ok	ok
melee	13745	B135・バレンティア	B135・布阿爾艾恩特伊阿	bad	phonetic_salad
melee	13746	B235・バレンティア・メガロ	B235・布阿爾艾恩特伊阿・梅加羅	bad	phonetic_salad
melee	13747	"Toshigami ""1st Ceremony"""	托修伊加米第一式	ok	ok
melee	13748	"Toshigami ""2nd Ceremony"""	托修伊加米第二式	ok	ok
melee	13749	"Toshigami ""3rd Ceremony"""	托修伊加米第三式	ok	ok
melee	13750	"Toshigami ""4th Ceremony"""	托修伊加米四式	ok	ok
melee	13751	"Toshigami ""5th Ceremony"""	托修伊加米	ok	ok
melee	13752	"Toshigami ""Mai Ceremony"""	托修伊加米	ok	ok
melee	13753	"Toshigami ""Spring Dance"""	托修伊加米泉舞	ok	ok
melee	13754	BA35・玉響神楽【壱式】	BA35・玉響神楽【壱式】	ok	ok
melee	13755	BB35・玉響神楽【弐式】	BB35・玉響神楽【弐式】	ok	ok
melee	13756	BC35・玉響神楽【参式】	ＢＣ35・玉響神楽【参式】	ok	ok
melee	13757	BD35・玉響神楽【肆式】	BD35・玉響神楽【肆式】	ok	ok
melee	13758	BE35・玉響神楽【伍式】	BE35・玉響神楽【伍式】	ok	ok
melee	13759	BF35・玉響神楽【舞式】	BF35・玉響神楽【舞式】	ok	ok
melee	13760	C035・玉響神楽【春ノ舞】	C035・玉響神楽春NO舞	ok	ok
melee	13761	Cassius Spear Ⅰ	可西烏斯槍Ⅰ	ok	ok
melee	13762	Cassius Spear Ⅱ	可西烏斯槍Ⅱ	ok	ok
melee	13763	Cassius Spear Ⅲ	可西烏斯槍Ⅲ	ok	ok
melee	13764	Cassius Spear Ⅳ	可西烏斯槍Ⅳ	ok	ok
melee	13765	Cassius Spear Ⅴ	可西烏斯槍Ⅴ	ok	ok
melee	13766	Cassius Spear Ⅵ	可西烏斯槍Ⅵ	ok	ok
melee	13767	Thunder Spear Ⅰ	雷槍Ⅰ	ok	ok
melee	13768	Thunder Spear Ⅱ	雷槍Ⅱ	ok	ok
melee	13769	Thunder Spear Ⅲ	雷槍Ⅲ	ok	ok
melee	13770	Thunder Spear Ⅳ	雷槍Ⅳ	ok	ok
melee	13771	Thunder Spear Ⅴ	雷槍Ⅴ	ok	ok
melee	13772	Thunder Spear Ⅵ	雷槍Ⅵ	ok	ok
melee	13773	N 2 Missile Ⅰ	N2飛彈Ⅰ	ok	ok
melee	13774	N 2 Missile Ⅱ	N2飛彈Ⅱ	ok	ok
melee	13775	N 2 Missile Ⅲ	N2飛彈Ⅲ	ok	ok
melee	13776	N 2 Missile Ⅳ	N2飛彈Ⅳ	ok	ok
melee	13777	N 2 Missile Ⅴ	N2飛彈Ⅴ	ok	ok
melee	13778	N 2 Missile Ⅵ	N2飛彈Ⅵ	ok	ok
melee	13779	Azure Baron Ⅰ	蒼男爵Ⅰ	ok	ok
melee	13780	Azure Baron Ⅱ	蒼男爵Ⅱ	ok	ok
melee	13781	Azure Baron Ⅲ	蒼男爵Ⅲ	ok	ok
melee	13782	Azure Baron Ⅵ	蒼男爵Ⅵ	ok	ok
melee	13783	Baron Wolke	男爵瓦歐勒克艾	ok	ok
melee	13784	ダミー	假	ok	skip_empty_dummy
melee	13785	Weisser Baron Ⅰ	白男爵Ⅰ	ok	ok
melee	13786	Weisser Baron Ⅱ	白男爵Ⅱ	ok	ok
melee	13787	Weisser Baron Ⅲ	白男爵Ⅲ	ok	ok
melee	13788	Weisser Baron Ⅳ	白男爵Ⅳ	ok	ok
melee	13789	DD35・プラサバロン	DD35・普烏爾阿斯阿布阿	bad	phonetic_salad
melee	13790	ダミー	假	ok	skip_empty_dummy
melee	13791	Verde Baron Ⅰ	緑男爵Ⅰ	ok	ok
melee	13792	Verde Baron Ⅱ	緑男爵Ⅱ	ok	ok
melee	13793	Verde Baron Ⅲ	緑男爵Ⅲ	ok	ok
melee	13794	Verde Baron Ⅳ	緑男爵Ⅳ	ok	ok
melee	13795	E335・オアシバロン	E335・歐阿斯哈伊布阿爾	bad	phonetic_salad
melee	13796	ダミー	假	ok	skip_empty_dummy
melee	13797	Black Baron Ⅰ	黑男爵Ⅰ	ok	ok
melee	13798	Black Baron Ⅱ	黑男爵Ⅱ	ok	ok
melee	13799	Black Baron Ⅲ	黑男爵Ⅲ	ok	ok
melee	13800	ダミー	假	ok	skip_empty_dummy
melee	13801	ダミー	假	ok	skip_empty_dummy
melee	13802	ダミー	假	ok	skip_empty_dummy
melee	13803	ダミー	假	ok	skip_empty_dummy
melee	13804	ダミー	假	ok	skip_empty_dummy
melee	13805	ダミー	假	ok	skip_empty_dummy
melee	13806	ダミー	假	ok	skip_empty_dummy
melee	13807	ダミー	假	ok	skip_empty_dummy
melee	13808	ダミー	假	ok	skip_empty_dummy
melee	13809	ダミー	假	ok	skip_empty_dummy
melee	13810	ダミー	假	ok	skip_empty_dummy
melee	13811	ダミー	假	ok	skip_empty_dummy
melee	13812	ダミー	假	ok	skip_empty_dummy
melee	13813	ダミー	假	ok	skip_empty_dummy
melee	13814	ダミー	假	ok	skip_empty_dummy
melee	13815	ダミー	假	ok	skip_empty_dummy
melee	13816	ダミー	假	ok	skip_empty_dummy
melee	13817	ダミー	假	ok	skip_empty_dummy
melee	13818	ダミー	假	ok	skip_empty_dummy
melee	13819	ダミー	假	ok	skip_empty_dummy
melee	13820	ダミー	假	ok	skip_empty_dummy
melee	13821	ダミー	假	ok	skip_empty_dummy
melee	13822	ダミー	假	ok	skip_empty_dummy
melee	13823	ダミー	假	ok	skip_empty_dummy
melee	13824	ダミー	假	ok	skip_empty_dummy
melee	13825	ダミー	假	ok	skip_empty_dummy
melee	13826	ダミー	假	ok	skip_empty_dummy
melee	13827	ダミー	假	ok	skip_empty_dummy
melee	13828	ダミー	假	ok	skip_empty_dummy
melee	13829	ダミー	假	ok	skip_empty_dummy
melee	13830	ダミー	假	ok	skip_empty_dummy
melee	13831	ダミー	假	ok	skip_empty_dummy
melee	13832	ダミー	假	ok	skip_empty_dummy
melee	13833	ダミー	假	ok	skip_empty_dummy
melee	13834	ダミー	假	ok	skip_empty_dummy
melee	13835	ダミー	假	ok	skip_empty_dummy
melee	13836	ダミー	假	ok	skip_empty_dummy
melee	13837	ダミー	假	ok	skip_empty_dummy
melee	13838	ダミー	假	ok	skip_empty_dummy
melee	13839	ダミー	假	ok	skip_empty_dummy
melee	13840	ダミー	假	ok	skip_empty_dummy
melee	13841	ダミー	假	ok	skip_empty_dummy
melee	13842	ダミー	假	ok	skip_empty_dummy
melee	13843	ダミー	假	ok	skip_empty_dummy
melee	13844	ダミー	假	ok	skip_empty_dummy
melee	13845	ダミー	假	ok	skip_empty_dummy
melee	13846	ダミー	假	ok	skip_empty_dummy
melee	13847	ダミー	假	ok	skip_empty_dummy
melee	13848	ダミー	假	ok	skip_empty_dummy
melee	13849	ダミー	假	ok	skip_empty_dummy
melee	13850	ダミー	假	ok	skip_empty_dummy
melee	13851	ダミー	假	ok	skip_empty_dummy
melee	13852	ダミー	假	ok	skip_empty_dummy
melee	13853	ダミー	假	ok	skip_empty_dummy
melee	13854	ダミー	假	ok	skip_empty_dummy
melee	13855	ダミー	假	ok	skip_empty_dummy
melee	13856	ダミー	假	ok	skip_empty_dummy
melee	13857	ダミー	假	ok	skip_empty_dummy
melee	13858	ダミー	假	ok	skip_empty_dummy
melee	13859	ダミー	假	ok	skip_empty_dummy
melee	13860	ダミー	假	ok	skip_empty_dummy
melee	13861	ダミー	假	ok	skip_empty_dummy
melee	13862	ダミー	假	ok	skip_empty_dummy
melee	13863	ダミー	假	ok	skip_empty_dummy
melee	13864	ダミー	假	ok	skip_empty_dummy
melee	13865	ダミー	假	ok	skip_empty_dummy
melee	13866	ダミー	假	ok	skip_empty_dummy
melee	13867	ダミー	假	ok	skip_empty_dummy
melee	13868	ダミー	假	ok	skip_empty_dummy
melee	13869	ダミー	假	ok	skip_empty_dummy
melee	13870	ダミー	假	ok	skip_empty_dummy
melee	13871	ダミー	假	ok	skip_empty_dummy
melee	13872	ダミー	假	ok	skip_empty_dummy
melee	13873	ダミー	假	ok	skip_empty_dummy
melee	13874	ダミー	假	ok	skip_empty_dummy
melee	13875	ダミー	假	ok	skip_empty_dummy
melee	13876	ダミー	假	ok	skip_empty_dummy
melee	13877	ダミー	假	ok	skip_empty_dummy
melee	13878	ダミー	假	ok	skip_empty_dummy
melee	13879	ダミー	假	ok	skip_empty_dummy
melee	13880	ダミー	假	ok	skip_empty_dummy
melee	13881	ダミー	假	ok	skip_empty_dummy
melee	13882	ダミー	假	ok	skip_empty_dummy
melee	13883	ダミー	假	ok	skip_empty_dummy
melee	13884	ダミー	假	ok	skip_empty_dummy
melee	13885	ダミー	假	ok	skip_empty_dummy
melee	13886	ダミー	假	ok	skip_empty_dummy
melee	13887	ダミー	假	ok	skip_empty_dummy
melee	13888	ダミー	假	ok	skip_empty_dummy
melee	13889	ダミー	假	ok	skip_empty_dummy
melee	13890	ダミー	假	ok	skip_empty_dummy
melee	13891	ダミー	假	ok	skip_empty_dummy
melee	13892	ダミー	假	ok	skip_empty_dummy
melee	13893	ダミー	假	ok	skip_empty_dummy
melee	13894	ダミー	假	ok	skip_empty_dummy
melee	13895	ダミー	假	ok	skip_empty_dummy
melee	13896	ダミー	假	ok	skip_empty_dummy
melee	13897	ダミー	假	ok	skip_empty_dummy
melee	13898	ダミー	假	ok	skip_empty_dummy
melee	13899	ダミー	假	ok	skip_empty_dummy
melee	13900	ダミー	假	ok	skip_empty_dummy
melee	13901	ダミー	假	ok	skip_empty_dummy
melee	13902	ダミー	假	ok	skip_empty_dummy
melee	13903	ダミー	假	ok	skip_empty_dummy
melee	13904	ダミー	假	ok	skip_empty_dummy
melee	13905	ダミー	假	ok	skip_empty_dummy
melee	13906	ダミー	假	ok	skip_empty_dummy
melee	13907	ダミー	假	ok	skip_empty_dummy
melee	13908	ダミー	假	ok	skip_empty_dummy
melee	13909	ダミー	假	ok	skip_empty_dummy
melee	13910	ダミー	假	ok	skip_empty_dummy
melee	13911	ダミー	假	ok	skip_empty_dummy
melee	13912	ダミー	假	ok	skip_empty_dummy
melee	13913	ダミー	假	ok	skip_empty_dummy
melee	13914	ダミー	假	ok	skip_empty_dummy
melee	13915	ダミー	假	ok	skip_empty_dummy
melee	13916	ダミー	假	ok	skip_empty_dummy
melee	13917	ダミー	假	ok	skip_empty_dummy
melee	13918	ダミー	假	ok	skip_empty_dummy
melee	13919	ダミー	假	ok	skip_empty_dummy
melee	13920	ダミー	假	ok	skip_empty_dummy
melee	13921	ダミー	假	ok	skip_empty_dummy
melee	13922	ダミー	假	ok	skip_empty_dummy
melee	13923	ダミー	假	ok	skip_empty_dummy
melee	13924	ダミー	假	ok	skip_empty_dummy
melee	13925	ダミー	假	ok	skip_empty_dummy
melee	13926	ダミー	假	ok	skip_empty_dummy
melee	13927	ダミー	假	ok	skip_empty_dummy
melee	13928	ダミー	假	ok	skip_empty_dummy
melee	13929	ダミー	假	ok	skip_empty_dummy
melee	13930	ダミー	假	ok	skip_empty_dummy
melee	13931	ダミー	假	ok	skip_empty_dummy
melee	13932	ダミー	假	ok	skip_empty_dummy
melee	13933	ダミー	假	ok	skip_empty_dummy
melee	13934	ダミー	假	ok	skip_empty_dummy
melee	13935	ダミー	假	ok	skip_empty_dummy
melee	13936	ダミー	假	ok	skip_empty_dummy
melee	13937	ダミー	假	ok	skip_empty_dummy
melee	13938	ダミー	假	ok	skip_empty_dummy
melee	13939	ダミー	假	ok	skip_empty_dummy
melee	13940	ダミー	假	ok	skip_empty_dummy
melee	13941	ダミー	假	ok	skip_empty_dummy
melee	13942	ダミー	假	ok	skip_empty_dummy
melee	13943	ダミー	假	ok	skip_empty_dummy
melee	13944	ダミー	假	ok	skip_empty_dummy
melee	13945	ダミー	假	ok	skip_empty_dummy
melee	13946	ダミー	假	ok	skip_empty_dummy
melee	13947	ダミー	假	ok	skip_empty_dummy
melee	13948	ダミー	假	ok	skip_empty_dummy
melee	13949	ダミー	假	ok	skip_empty_dummy
melee	13950	ダミー	假	ok	skip_empty_dummy
melee	13951	ダミー	假	ok	skip_empty_dummy
melee	13952	ダミー	假	ok	skip_empty_dummy
melee	13953	ダミー	假	ok	skip_empty_dummy
melee	13954	ダミー	假	ok	skip_empty_dummy
melee	13955	ダミー	假	ok	skip_empty_dummy
melee	13956	ダミー	假	ok	skip_empty_dummy
melee	13957	ダミー	假	ok	skip_empty_dummy
melee	13958	ダミー	假	ok	skip_empty_dummy
melee	13959	ダミー	假	ok	skip_empty_dummy
melee	13960	ダミー	假	ok	skip_empty_dummy
melee	13961	ダミー	假	ok	skip_empty_dummy
melee	13962	ダミー	假	ok	skip_empty_dummy
melee	13963	ダミー	假	ok	skip_empty_dummy
melee	13964	ダミー	假	ok	skip_empty_dummy
melee	13965	ダミー	假	ok	skip_empty_dummy
melee	13966	ダミー	假	ok	skip_empty_dummy
melee	13967	ダミー	假	ok	skip_empty_dummy
melee	13968	ダミー	假	ok	skip_empty_dummy
melee	13969	ダミー	假	ok	skip_empty_dummy
melee	13970	ダミー	假	ok	skip_empty_dummy
melee	13971	ダミー	假	ok	skip_empty_dummy
melee	13972	ダミー	假	ok	skip_empty_dummy
melee	13973	ダミー	假	ok	skip_empty_dummy
melee	13974	ダミー	假	ok	skip_empty_dummy
melee	13975	ダミー	假	ok	skip_empty_dummy
melee	13976	ダミー	假	ok	skip_empty_dummy
melee	13977	ダミー	假	ok	skip_empty_dummy
melee	13978	ダミー	假	ok	skip_empty_dummy
melee	13979	ダミー	假	ok	skip_empty_dummy
melee	13980	ダミー	假	ok	skip_empty_dummy
melee	13981	ダミー	假	ok	skip_empty_dummy
melee	13982	ダミー	假	ok	skip_empty_dummy
melee	13983	ダミー	假	ok	skip_empty_dummy
melee	13984	ダミー	假	ok	skip_empty_dummy
melee	13985	ダミー	假	ok	skip_empty_dummy
melee	13986	ダミー	假	ok	skip_empty_dummy
melee	13987	ダミー	假	ok	skip_empty_dummy
melee	13988	ダミー	假	ok	skip_empty_dummy
melee	13989	ダミー	假	ok	skip_empty_dummy
melee	13990	ダミー	假	ok	skip_empty_dummy
melee	13991	ダミー	假	ok	skip_empty_dummy
melee	13992	ダミー	假	ok	skip_empty_dummy
melee	13993	ダミー	假	ok	skip_empty_dummy
melee	13994	ダミー	假	ok	skip_empty_dummy
melee	13995	ダミー	假	ok	skip_empty_dummy
melee	13996	ダミー	假	ok	skip_empty_dummy
melee	13997	ダミー	假	ok	skip_empty_dummy
melee	13998	ダミー	假	ok	skip_empty_dummy
melee	13999	ダミー	假	ok	skip_empty_dummy
melee	14000	ダミー	假	ok	skip_empty_dummy
melee	14001	Black Baron Ⅳ	黑男爵Ⅳ	ok	ok
melee	14002	B236・スコタディバロン	B236・斯烏克歐特阿德伊	bad	phonetic_salad
melee	14003	ダミー	假	ok	skip_empty_dummy
melee	14004	Zuse Baron Ⅰ	紫男爵Ⅰ	ok	ok
melee	14005	Zuse Baron Ⅱ	紫男爵Ⅱ	ok	ok
melee	14006	Zuse Baron Ⅲ	紫男爵Ⅲ	ok	ok
melee	14007	Zuse Baron Ⅳ	紫男爵Ⅳ	ok	ok
melee	14008	B836・ザハラバロン	B836・茲阿哈阿爾阿布阿	bad	phonetic_salad
melee	14009	ダミー	假	ok	skip_empty_dummy
melee	14010	Rose Baron Ⅰ	薔薇男爵Ⅰ	ok	ok
melee	14011	Rose Baron Ⅱ	薔薇男爵Ⅱ	ok	ok
melee	14012	Rose Baron Ⅲ	薔薇男爵Ⅲ	ok	ok
melee	14013	Rose Baron Ⅳ	薔薇男爵Ⅳ	ok	ok
melee	14014	Madonna Baron	姆阿德歐恩恩阿男爵	bad	phonetic_salad
melee	14015	ダミー	假	ok	skip_empty_dummy
melee	14016	Red Baron Ⅰ	紅男爵Ⅰ	ok	ok
melee	14017	Red Baron Ⅱ	紅男爵Ⅱ	ok	ok
melee	14018	Red Baron Ⅲ	紅男爵Ⅲ	ok	ok
melee	14019	Red Baron Ⅳ	紅男爵Ⅳ	ok	ok
melee	14020	Foshin Baron	夫歐斯哈伊恩男爵	bad	phonetic_salad
melee	14021	ダミー	假	ok	skip_empty_dummy
melee	14022	C636・アクダルバロンⅠ	C636・阿克烏德阿爾烏布	bad	phonetic_salad
melee	14023	C736・アクダルバロンⅡ	C736・阿克烏德阿爾烏布	bad	phonetic_salad
melee	14024	C836・アクダルバロンⅢ	C836・阿克烏德阿爾烏布	bad	phonetic_salad
melee	14025	C936・アクダルバロンⅣ	C936・阿克烏德阿爾烏布	bad	phonetic_salad
melee	14026	CA36・コリナバロン	CA36・克歐爾伊恩阿布阿	bad	phonetic_salad
melee	14027	ダミー	假	ok	skip_empty_dummy
melee	14028	Ice Baron Ⅰ	冰男爵Ⅰ	ok	ok
melee	14029	Ice Baron Ⅱ	冰男爵Ⅱ	ok	ok
melee	14030	Ice Baron Ⅲ	冰男爵Ⅲ	ok	ok
melee	14031	Ice Baron Ⅳ	冰男爵Ⅳ	ok	ok
melee	14032	Lago Baron	拉戈男爵	ok	ok
melee	14033	ダミー	假	ok	skip_empty_dummy
melee	14034	Parone Sword Ⅰ	巴羅内剣Ⅰ	ok	ok
melee	14035	Parone Sword Ⅱ	巴羅内剣Ⅱ	ok	ok
melee	14036	Parone Sword Ⅲ	巴羅内剣Ⅲ	ok	ok
melee	14037	Parone Epee	波羅涅艾佩艾	ok	ok
melee	14038	Parone Duals Ⅰ	拍隆雙Ⅰ	ok	ok
melee	14039	Parone Duals Ⅱ	拍隆雙Ⅱ	ok	ok
melee	14040	Parone Duals Ⅲ	拍隆雙Ⅲ	ok	ok
melee	14041	Parone Daggers	波羅涅德阿格格艾爾斯	bad	phonetic_salad
melee	14042	Parone Blade Ⅰ	巴羅内刃Ⅰ	ok	ok
melee	14043	Parone Blade Ⅱ	巴羅内刃Ⅱ	ok	ok
melee	14044	Parone Blade Ⅲ	巴羅内刃Ⅲ	ok	ok
melee	14045	Parone Greatsword	巴羅内大剣	ok	ok
melee	14046	Parone Katana Ⅰ	巴羅内刀Ⅰ	ok	ok
melee	14047	Parone Katana Ⅱ	巴羅内刀Ⅱ	ok	ok
melee	14048	Parone Katana Ⅲ	巴羅内刀Ⅲ	ok	ok
melee	14049	Parone Uchigatana	波羅涅烏奇伊加塔娜	ok	ok
melee	14050	Parone Hammer Ⅰ	巴羅内大錘Ⅰ	ok	ok
melee	14051	Parone Hammer Ⅱ	巴羅内大錘Ⅱ	ok	ok
melee	14052	Parone Hammer Ⅲ	巴羅内大錘Ⅲ	ok	ok
melee	14053	Parone Mallet	巴羅内鎚	ok	ok
melee	14054	Parone Pipe Ⅰ	拍隆笛Ⅰ	ok	ok
melee	14055	Parone Pipe Ⅱ	拍隆笛Ⅱ	ok	ok
melee	14056	Parone Pipe Ⅲ	拍隆笛Ⅲ	ok	ok
melee	14057	Parone Whistle	波羅涅笛	ok	ok
melee	14058	Parone Lance Ⅰ	巴羅内長槍Ⅰ	ok	ok
melee	14059	Parone Lance Ⅱ	巴羅内長槍Ⅱ	ok	ok
melee	14060	Parone Lance Ⅲ	巴羅内長槍Ⅲ	ok	ok
melee	14061	Parone Spear	巴羅内槍	ok	ok
melee	14062	Parone Gun Spear Ⅰ	巴羅内槍Ⅰ	ok	ok
melee	14063	Parone Gun Spear Ⅱ	巴羅内槍Ⅱ	ok	ok
melee	14064	Parone Gun Spear Ⅲ	巴羅内槍Ⅲ	ok	ok
melee	14065	Parone Gunlance	巴羅内銃槍	ok	ok
melee	14066	Parone Tonfa	巴羅内穿竜棍	ok	ok
melee	14067	F336・ガウニャメリー	F336・格阿烏恩伊阿姆艾	bad	phonetic_salad
melee	14068	F436・ガウニャメリック	F436・格阿烏恩伊阿姆艾	bad	phonetic_salad
melee	14069	F536・ガウニャメリックス	F536・格阿烏恩伊阿姆艾	bad	phonetic_salad
melee	14070	F636・ガウニャメリグマー	F636・格阿烏恩伊阿姆艾	bad	phonetic_salad
melee	14071	F736・ガウニャメリグマス	F736・格阿烏恩伊阿姆艾	bad	phonetic_salad
melee	14072	Battledore Whistle	羽子板笛	ok	ok
melee	14073	"BattledoreWhistle ""Lick"""	羽子板笛	ok	ok
melee	14074	"BattledoreWhistle ""Bite"""	羽子板笛比特	ok	ok
melee	14075	"BattledoreWhistle ""Suck"""	羽子板笛	ok	ok
melee	14076	"BtldoreWhstl ""Pleasure"""	布特勒德歐爾艾瓦哈斯特勒普勒艾阿斯烏爾艾	bad	phonetic_salad
melee	14077	Charmant Sucre	克哈阿爾姆阿恩特蘇克艾	bad	phonetic_salad
melee	14078	FE36・シャルマンドゥー	FE36・姆阿恩德歐烏	bad	phonetic_salad
melee	14079	FF36・シャルマンドーセ	FF36・姆阿恩德歐斯艾	bad	phonetic_salad
melee	14080	0037・シャルマンドゥルセ	0037・姆阿恩德歐烏爾烏	bad	phonetic_salad
melee	14081	Charmant Dolce	克哈阿爾姆阿恩特德歐勒克艾	bad	phonetic_salad
melee	14082	Byo Blade	布伊歐刃	ok	ok
melee	14083	Colored Byo Blade	色布伊歐刃	ok	ok
melee	14084	Decorated Byo Blade	德艾克歐爾阿特艾布伊歐刃	bad	phonetic_salad
melee	14085	Delightful Byo Blade	德艾勒伊格哈特夫布伊歐刃	bad	phonetic_salad
melee	14086	Praised Byo Blade	普爾阿伊斯艾德布伊歐刃	bad	phonetic_salad
melee	14087	Sweets Flame	斯瓦艾艾特斯焔	ok	ok
melee	14088	Sweets Flame+	斯瓦艾艾特斯焔＋	bad	phonetic_salad
melee	14089	Sweets Blaze	斯瓦艾艾特斯炎	ok	ok
melee	14090	Sweets Blaze+	斯瓦艾艾特斯炎＋	bad	phonetic_salad
melee	14091	Sweets Inferno	斯瓦艾艾特斯煉獄	bad	phonetic_salad
melee	14092	0C37・ヘクサークスフ	0C37・赫庫薩庫蘇芙	ok	ok
melee	14093	0D37・ヘクサーシフォス	0D37・赫庫薩修伊佛蘇	ok	ok
melee	14094	Grunhilde	格爾烏恩哈伊勒德	bad	phonetic_salad
melee	14095	Grunbert	緑伯特	ok	ok
melee	14096	1037・ゾイレクスフ	1037・佐伊雷庫蘇芙	ok	ok
melee	14097	1137・ヘクサーマルト	1137・赫庫薩托	ok	ok
melee	14098	1237・ヘクサーマテリヨ	1237・赫庫薩瑪特里約	ok	ok
melee	14099	1337・グリューンブラット	1337・格烏爾伊烏恩布烏	bad	phonetic_salad
melee	14100	1437・グリューンシュタム	1437・格烏爾伊烏恩斯哈	bad	phonetic_salad
melee	14101	1537・ゾイレマルト	1537・佐伊雷托	ok	ok
melee	14102	1637・ヘクサーファーブラ	1637・赫庫薩法布拉	ok	ok
melee	14103	1737・ヘクサープエリーリス	1737・赫庫薩普艾里里蘇	ok	ok
melee	14104	1837・グリューンブリュケ	1837・格烏爾伊烏恩布烏	bad	phonetic_salad
melee	14105	1937・グリューンカナール	1937・格烏爾伊烏恩克阿	bad	phonetic_salad
melee	14106	1A37・ゾイレファーブラ	1A37・佐伊雷法布拉	ok	ok
melee	14107	1B37・ヘクサーメタリエ	1B37・赫庫薩梅塔里艾	ok	ok
melee	14108	1C37・ヘクサーメテリノ	1C37・赫庫薩梅特里諾	ok	ok
melee	14109	1D37・グリューンヴェステ	1D37・格烏爾伊烏恩維艾	bad	phonetic_salad
melee	14110	1E37・グリューンタール	1E37・格烏爾伊烏恩特阿	bad	phonetic_salad
melee	14111	1F37・ゾイレメタリエ	1F37・佐伊雷梅塔里艾	ok	ok
melee	14112	2037・ヘクサーオプグナー	2037・赫庫薩歐普古娜	ok	ok
melee	14113	2137・ヘクサーグナティオ	2137・赫庫薩古娜提歐	ok	ok
melee	14114	2237・グリューントーア	2237・格烏爾伊烏恩特歐	bad	phonetic_salad
melee	14115	2337・グリューンテューア	2337・格烏爾伊烏恩特艾	bad	phonetic_salad
melee	14116	2437・ゾイレオプグナー	2437・佐伊雷歐普古娜	ok	ok
melee	14117	2537・クリーママルト	2537・庫里瑪托	ok	ok
melee	14118	2637・クリーマクスフ	2637・庫里瑪庫蘇芙	ok	ok
melee	14119	2737・クリーマメタリエ	2737・庫里瑪梅塔里艾	ok	ok
melee	14120	2837・クリーマポワニール	2837・庫里瑪波瓦尼魯	ok	ok
melee	14121	2937・クリーマキリッター	2937・克烏爾伊姆阿克伊	bad	phonetic_salad
melee	14122	2A37・クリーマペリファー	2A37・庫里瑪佩里法	ok	ok
melee	14123	2B37・クリーマファーブラ	2B37・庫里瑪法布拉	ok	ok
melee	14124	2C37・クリーマオプグナー	2C37・庫里瑪歐普古娜	ok	ok
melee	14125	2D37・クリーマヴィゴーレ	2D37・庫里瑪維戈雷	ok	ok
melee	14126	2E37・ウルキーフローレス	2E37・烏魯奇芙羅雷蘇	ok	ok
melee	14127	2F37・ドラグスパイラル	2F37・竜螺旋	ok	ok
melee	14128	"Flashlight ""Verdure"""	夫勒阿斯哈勒伊格維艾爾德烏爾艾	bad	phonetic_salad
melee	14129	3137・光閃【早緑】	3137・光閃【早緑】	ok	ok
melee	14130	3237・光閃【若緑】	3237・光閃【若緑】	ok	ok
melee	14131	3337・光閃【萌緑】	3337・光閃【萌緑】	ok	ok
melee	14132	3437・光閃【映緑】	3437・光閃【映緑】	ok	ok
melee	14133	3537・光閃【深緑】	3537・光閃【深緑】	ok	ok
melee	14134	Crim Saber	緋軍刀	ok	ok
melee	14135	Vlad Saber	維勒阿德剣	ok	ok
melee	14136	Scarlet Saber	緋剣	ok	ok
melee	14137	Static Lightflash	斯特阿特伊克勒伊格哈特夫勒阿	bad	phonetic_salad
melee	14138	Flow Lightflash	流勒伊格哈特夫勒阿	bad	phonetic_salad
melee	14139	Lucid Lightflash	勒烏克伊德勒伊格哈特夫勒阿	bad	phonetic_salad
melee	14140	Clear Lightflash	透勒伊格哈特夫勒阿	bad	phonetic_salad
melee	14141	Emerald Lightflash	翠勒伊格哈特夫勒阿	bad	phonetic_salad
melee	14142	Azure Lightflash	蒼勒伊格哈特夫勒阿	bad	phonetic_salad
melee	14143	Azure Heaven Lightflash	蒼天勒伊格哈特夫勒阿	bad	phonetic_salad
melee	14144	Bright Saber	輝剣	ok	ok
melee	14145	Lightning Saber	雷剣	ok	ok
melee	14146	Brilliant Saber	比納桃剣	ok	ok
melee	14147	Black Shinesaber	黑斯哈伊恩艾斯阿布	bad	phonetic_salad
melee	14148	Dark Shinesaber	暗ノ光刀	ok	ok
melee	14149	Shadow Shinesaber	影斯哈伊恩艾斯阿布	bad	phonetic_salad
melee	14150	Gloom Shinesaber	格勒歐歐姆斯哈伊恩艾斯阿布	bad	phonetic_salad
melee	14151	Darkness Shinesaber	闇斯哈伊恩艾斯阿布	bad	phonetic_salad
melee	14152	Shade Shinesaber	冥闇ノ光刀	ok	ok
melee	14153	Magi Victoria	瑪吉維伊克特歐爾伊阿	bad	phonetic_salad
melee	14154	Magi Sacure	瑪傑・薩居爾	ok	ok
melee	14155	Magi Pieta	瑪傑・皮耶塔	ok	ok
melee	14156	Magi Riches	瑪傑・富饒	ok	ok
melee	14157	Magi Dunk	MＧIＤＵNｋ	ok	ok
melee	14158	Magi Oniro	瑪吉歐尼羅	ok	ok
melee	14159	Magi Corozan	瑪吉克歐爾歐茲阿恩	bad	phonetic_salad
melee	14160	Magi Verita	瑪傑・維里塔	ok	ok
melee	14161	Magi Pluto	瑪吉普勒烏特歐	ok	ok
melee	14162	Raw Victoria	生維伊克特歐爾伊阿	bad	phonetic_salad
melee	14163	Raw Riches	素・富饒	ok	ok
melee	14164	Raw Pieta	素・皮耶塔	ok	ok
melee	14165	Raw Dank	ＲWＤNｋ	ok	ok
melee	14166	Raw Oneiro	生歐涅伊羅	ok	ok
melee	14167	Raw Corazon	生克歐爾阿茲歐恩	bad	phonetic_salad
melee	14168	"Shesha Sword ""Flash"""	舍沙剣【閃光】	ok	ok
melee	14169	"Shesha Sword ""Shine"""	舍沙剣【光輝】	ok	ok
melee	14170	"Shesha Sword ""Glory"""	舍沙剣【栄光】	ok	ok
melee	14171	"Shesha Sword ""Clear"""	舍沙剣【透】	ok	ok
melee	14172	"Shesha Pair ""Flash"""	舍沙對閃	ok	ok
melee	14173	"Shesha Pair ""Shine"""	舍沙對輝	ok	ok
melee	14174	"Shesha Pair ""Glory"""	舍沙對【栄光】	ok	ok
melee	14175	"Shesha Pair ""Clear"""	舍沙對【透】	ok	ok
melee	14176	"Shesha Blade ""Flash"""	舍沙刃【閃光】	ok	ok
melee	14177	"Shesha Blade ""Shine"""	舍沙刃【光輝】	ok	ok
melee	14178	"Shesha Blade ""Glory"""	舍沙刃【栄光】	ok	ok
melee	14179	"Shesha Blade ""Clear"""	舍沙刃【透】	ok	ok
melee	14180	"Shesha Katana ""Flash"""	舍沙刀【閃光】	ok	ok
melee	14181	"Shesha Katana ""Shine"""	舍沙刀【光輝】	ok	ok
melee	14182	"Shesha Katana ""Glory"""	舍沙刀【栄光】	ok	ok
melee	14183	"Shesha Katana ""Clear"""	舍沙刀【透】	ok	ok
melee	14184	"Shesha Crusher ""Flash"""	舍沙粉碎【閃光】	ok	ok
melee	14185	"Shesha Crusher ""Shine"""	舍沙粉碎【光輝】	ok	ok
melee	14186	"Shesha Crusher ""Glory"""	舍沙粉碎【栄光】	ok	ok
melee	14187	"Shesha Crusher ""Clear"""	舍沙粉碎【透】	ok	ok
melee	14188	"Shesha Horn ""Flash"""	舍沙角【閃光】	ok	ok
melee	14189	"Shesha Horn ""Shine"""	舍沙角【光輝】	ok	ok
melee	14190	"Shesha Horn ""Glory"""	舍沙角【栄光】	ok	ok
melee	14191	"Shesha Horn ""Clear"""	舍沙角【透】	ok	ok
melee	14192	"Shesha Spear ""Flash"""	舍沙槍【閃光】	ok	ok
melee	14193	"Shesha Spear ""Shine"""	舍沙槍【光輝】	ok	ok
melee	14194	"Shesha Spear ""Glory"""	舍沙槍【栄光】	ok	ok
melee	14195	"Shesha Spear ""Clear"""	舍沙槍【透】	ok	ok
melee	14196	"Shesha Blast ""Flash"""	爆破舍沙【閃光】	ok	ok
melee	14197	"Shesha Blast ""Shine"""	爆破舍沙【光輝】	ok	ok
melee	14198	"Shesha Blast ""Glory"""	爆破舍沙【栄光】	ok	ok
melee	14199	"Shesha Blast ""Clear"""	爆破舍沙【透】	ok	ok
melee	14200	Ophion Tonfa	俄菲翁穿竜棍	ok	ok
melee	14201	"Shesha Tonfa ""Flash"""	舍沙穿刺棍【閃光】	ok	ok
melee	14202	"Shesha Tonfa ""Shine"""	舍沙穿刺棍【光輝】	ok	ok
melee	14203	"Shesha Tonfa ""Glory"""	舍沙穿刺棍【栄光】	ok	ok
melee	14204	"Shesha Tonfa ""Clear"""	舍沙穿刺棍【透】	ok	ok
melee	14205	Nepa Savage Icecutter	涅拍荒冰切	ok	ok
melee	14206	Nepa Berserk Icecutter	涅拍狂冰切	ok	ok
melee	14207	Nepa Savage Boltcutter	尼波螺鈿終斷線鉗	bad	raden_end
melee	14208	Nepa Berserk Boltcutter	尼波狂斷線鉗	ok	ok
melee	14209	Leo Savage Aquasword	獅螺鈿終水剣	bad	raden_end
melee	14210	Leo Berserk Aquasword	獅狂水剣	ok	ok
melee	14211	Leo Savage Flamesword	獅螺鈿終焔剣	bad	raden_end
melee	14212	Leo Berserk Flamesword	獅狂焔剣	ok	ok
melee	14213	Purge Savage Frostsword	淨螺鈿終霜剣	bad	raden_end
melee	14214	Purge Berserk Frostsword	淨狂霜剣	ok	ok
melee	14215	Purge Savage Boltsword	淨螺鈿終雷剣	bad	raden_end
melee	14216	Purge Berserk Boltsword	淨狂雷剣	ok	ok
melee	14217	Wealth Savage Frostpair	富螺鈿終霜對	bad	raden_end
melee	14218	Wealth Berserk Frostpair	富狂霜對	ok	ok
melee	14219	Wealth Savage Boltpair	富螺鈿終雷對	bad	raden_end
melee	14220	Wealth Berserk Boltpair	富狂雷對	ok	ok
melee	14221	Pisces Savage Aquapair	雙魚螺鈿終阿奎烏阿普阿伊爾	bad	raden_end
melee	14222	Pisces Berserk Aquapair	雙魚狂阿奎烏阿普阿伊爾	bad	phonetic_salad
melee	14223	Pisces Savage Flameduo	雙魚螺鈿終弗阿梅杜歐	bad	raden_end
melee	14224	Pisces Berserk Flameduo	雙魚狂弗阿梅杜歐	bad	phonetic_salad
melee	14225	Dream Savage Frostpair	夢螺鈿終霜對	bad	raden_end
melee	14226	Dream Berserk Frostpair	夢狂霜對	ok	ok
melee	14227	Dream Savage Boltpair	夢螺鈿終雷對	bad	raden_end
melee	14228	Dream Berserk Boltpair	夢狂雷對	ok	ok
melee	14229	Libra Savage Frostblade	天秤螺鈿終霜刃	bad	raden_end
melee	14230	Libra Berserk Frostblade	天秤狂霜刃	ok	ok
melee	14231	Libra Savage Boltblade	天秤螺鈿終雷刃	bad	raden_end
melee	14232	Libra Berserk Boltblade	天秤狂雷刃	ok	ok
melee	14233	Polar Savage Aquablade	極地螺鈿終水刃	bad	raden_end
melee	14234	Polar Berserk Aquablade	極地狂水刃	ok	ok
melee	14235	Polar Savage Flameblade	極地螺鈿終焔刃	bad	raden_end
melee	14236	Polar Berserk Flameblade	極地狂焔刃	ok	ok
melee	14237	Naga Savage Frostslicer	竜螺鈿終夫爾歐斯特斯勒伊	bad	raden_end
melee	14238	Naga Berserk Frostslicer	竜狂夫爾歐斯特斯勒伊	bad	phonetic_salad
melee	14239	Naga Savage Boltslicer	竜螺鈿終布歐勒特斯勒伊克	bad	raden_end
melee	14240	Naga Berserk Boltslicer	竜狂布歐勒特斯勒伊克	bad	phonetic_salad
melee	14241	Repel Savage Aquaslash	排斥螺鈿終阿奎阿斯阿修	bad	raden_end
melee	14242	Repel Berserk Aquaslash	排斥狂阿奎阿斯阿修	bad	phonetic_salad
melee	14243	Repel Savage Flameslash	排斥螺鈿終弗阿梅斯阿修	bad	raden_end
melee	14244	Repel Berserk Flameslash	排斥狂弗阿梅斯阿修	bad	phonetic_salad
melee	14245	Aquarius Savage Aquapot	水瓶螺鈿終阿奎烏阿普歐特	bad	raden_end
melee	14246	Aquarius Berserk Aquapot	水瓶狂阿奎烏阿普歐特	bad	phonetic_salad
melee	14247	Aquarius Savage Firepot	水瓶螺鈿終夫伊爾艾普歐特	bad	raden_end
melee	14248	Aquarius Berserk Firepot	水瓶狂夫伊爾艾普歐特	bad	phonetic_salad
melee	14249	Collide Savage Icebeat	衝螺鈿終伊克艾布艾阿特	bad	raden_end
melee	14250	Collide Berserk Icebeat	衝狂伊克艾布艾阿特	bad	phonetic_salad
melee	14251	Collide Savage Boltbeat	衝螺鈿終布歐勒特布艾阿特	bad	raden_end
melee	14252	Collide Berserk Boltbeat	衝狂布歐勒特布艾阿特	bad	phonetic_salad
melee	14253	Maiden Savage Aquaharp	姆阿伊德艾恩螺鈿終阿奎烏阿哈阿爾普	bad	raden_end
melee	14254	Maiden Berserk Aquaharp	姆阿伊德艾恩狂阿奎烏阿哈阿爾普	bad	phonetic_salad
melee	14255	Maiden Savage Fireharp	少女荒火豎琴	ok	ok
melee	14256	Maiden Berserk Fireharp	少女狂火豎琴	ok	ok
melee	14257	Chime Savage Icehorn	風鈴螺鈿終伊克艾哈歐爾恩	bad	raden_end
melee	14258	Chime Berserk Icehorn	風鈴狂伊克艾哈歐爾恩	bad	phonetic_salad
melee	14259	Chime Savage Bolthorn	風鈴螺鈿終布歐勒特哈歐爾恩	bad	raden_end
melee	14260	Chime Berserk Bolthorn	風鈴狂布歐勒特哈歐爾恩	bad	phonetic_salad
melee	14261	Aries Savage Frostspike	白羊螺鈿終霜刺	bad	raden_end
melee	14262	Aries Berserk Frostspike	白羊狂霜刺	ok	ok
melee	14263	Aries Savage Boltspike	白羊螺鈿終雷尖槍	bad	raden_end
melee	14264	Aries Berserk Boltspike	白羊狂雷尖槍	ok	ok
melee	14265	Enki Savage Aquaspear	恩奇螺鈿終水矛	bad	raden_end
melee	14266	Enki Berserk Aquaspear	恩奇狂水矛	ok	ok
melee	14267	Enki Savage Flamespear	恩奇螺鈿終焔矛	bad	raden_end
melee	14268	Enki Berserk Flamespear	恩奇狂焔矛	ok	ok
melee	14269	Taurus Savage Frostshot	金牛螺鈿終夫爾歐斯特斯哈歐	bad	raden_end
melee	14270	Taurus Berserk Frostshot	金牛狂夫爾歐斯特斯哈歐	bad	phonetic_salad
melee	14271	Taurus Savage Boltshot	金牛螺鈿終雷彈	bad	raden_end
melee	14272	Taurus Berserk Boltshot	金牛狂雷彈	ok	ok
melee	14273	Winged Savage Aquablast	翼螺鈿終阿奎阿布阿斯	bad	raden_end
melee	14274	Winged Berserk Aquablast	翼狂阿奎阿布阿斯	bad	phonetic_salad
melee	14275	Winged Savage Fireblast	翼螺鈿終菲雷布阿斯	bad	raden_end
melee	14276	Winged Berserk Fireblast	翼狂菲雷布阿斯	ok	ok
melee	14277	"Espinas Saber ""Laquer"""	棘竜剣	ok	ok
melee	14278	C637・棘茶ノ太刀【苧環】	C637・棘茶NO太刀苧環	ok	ok
melee	14279	C737・棘白ノ太刀【天火】	C737・棘白NO太刀天火	ok	ok
melee	14280	C837・オルガアルクス	C837・歐魯加阿魯庫蘇	ok	ok
melee	14281	Morte Assassin	姆歐爾特艾刺客	ok	ok
melee	14282	Demon's Chaos	惡魔之混沌	ok	ok
melee	14283	"Ophion Tonfa ""Flash"""	俄菲翁穿竜棍【閃光】	ok	ok
melee	14284	"Ophion Tonfa ""Shine"""	俄菲翁穿竜棍【光輝】	ok	ok
melee	14285	"Ophion Tonfa ""Glory"""	俄菲翁穿竜棍【栄光】	ok	ok
melee	14286	War Dragon's Cone	竜戦之錐	ok	ok
melee	14287	CF37・私の恐怖大剣・起	CF37・私之恐怖大剣・起	ok	ok
melee	14288	D037・私の恐怖大剣・承	D037・私之恐怖大剣・承	ok	ok
melee	14289	D137・私の恐怖大剣・転	D137・私之恐怖大剣・転	ok	ok
melee	14290	D237・私の恐怖大剣・結	D237・私之恐怖大剣・結	ok	ok
melee	14291	D337・私の恐怖大剣	D337・私之恐怖大剣	ok	ok
melee	14292	Crimsonedge	克爾伊姆斯歐恩艾	bad	phonetic_salad
melee	14293	"Crimsonedge ""Blaze"""	克爾伊姆斯歐恩艾炎	bad	phonetic_salad
melee	14294	"Crimsonedge ""Flame"""	克爾伊姆斯歐恩艾焔	bad	phonetic_salad
melee	14295	"Crimsonedge ""Pyre"""	克爾伊姆斯歐恩艾	bad	phonetic_salad
melee	14296	"Crimsonedge ""Inferno"""	克爾伊姆斯歐恩艾煉獄	bad	phonetic_salad
melee	14297	ダミー	假	ok	skip_empty_dummy
melee	14298	ダミー	假	ok	skip_empty_dummy
melee	14299	ダミー	假	ok	skip_empty_dummy
melee	14300	DC37・至極冥雷刀【人来鳥】	DC37・至極冥雷刀【人来鳥】	ok	ok
melee	14301	DD37・至極冥雷剣【雷鶏】	DD37・至極冥雷剣【雷鶏】	ok	ok
melee	14302	DE37・至極冥雷大剣【春鳥】	DE37・至極冥雷大剣【春鳥】	ok	ok
melee	14303	DF37・至極冥雷笛【百千鳥】	DF37・至極冥雷笛【百千鳥】	ok	ok
melee	14304	E037・エペダイアⅠ	E037・艾佩達伊阿	ok	ok
melee	14305	E137・エペダイアⅡ	E137・艾佩達伊阿	ok	ok
melee	14306	E237・エペダイアⅢ	E237・艾佩達伊阿	ok	ok
melee	14307	E337・エペダイアⅣ	E337・艾佩達伊阿	ok	ok
melee	14308	E437・ペペローゼン	E437・普艾普艾爾歐茲艾	bad	phonetic_salad
melee	14309	Pepper Royale	椒羅雅勒	ok	ok
melee	14310	Azulance Ⅰ	藍槍Ⅰ	ok	ok
melee	14311	Azulance Ⅱ	藍槍Ⅱ	ok	ok
melee	14312	Azulance Ⅲ	藍槍Ⅲ	ok	ok
melee	14313	Azulance Ⅳ	藍槍Ⅳ	ok	ok
melee	14314	EA37・アズディス	EA37・阿祖迪蘇	ok	ok
melee	14315	Azuria Hope	阿祖里阿望	ok	ok
melee	14316	EC37・ミツミルⅠ	EC37・姆伊特斯烏姆伊爾	bad	phonetic_salad
melee	14317	ED37・ミツミルⅡ	ED37・姆伊特斯烏姆伊爾	bad	phonetic_salad
melee	14318	EE37・ミツミルⅢ	EE37・姆伊特斯烏姆伊爾	bad	phonetic_salad
melee	14319	EF37・ミツミルⅣ	EF37・姆伊特斯烏姆伊爾	bad	phonetic_salad
melee	14320	F037・ミツミルハピネ	F037・姆伊特斯烏姆伊爾	bad	phonetic_salad
melee	14321	F137・ミツミルラックス	F137・姆伊特斯烏姆伊爾	bad	phonetic_salad
melee	14322	F237・ピエリエット	F237・皮艾里艾艾托	ok	ok
melee	14323	F337・ピエリエットクラウン	F337・普伊艾爾伊艾艾特	bad	phonetic_salad
melee	14324	Prairie Desert	草原・沙漠	ok	ok
melee	14325	Prairie Wueste	草原・荒原	ok	ok
melee	14326	F637・パラリル・シャモ	F637・波拉利爾・沙莫	ok	ok
melee	14327	Prairie Erde	草原・大地	ok	ok
melee	14328	Papara Guts	波波拉氣力	ok	ok
melee	14329	Papara Fool	波波拉夫歐歐勒	ok	ok
melee	14330	Desierto Desert	德艾斯伊艾爾特歐砂	bad	phonetic_salad
melee	14331	Desierto Wueste	德艾斯伊艾爾特歐瓦烏艾斯特艾	bad	phonetic_salad
melee	14332	FC37・デシルト・シャモ	FC37・德修伊魯托・修阿莫	ok	ok
melee	14333	Desierto Erde	德艾斯伊艾爾特歐艾爾德艾	bad	phonetic_salad
melee	14334	Sasaru Guts	SSＲＵＧＵTS	ok	ok
melee	14335	Sasaru Fool	薩薩魯夫歐歐勒	ok	ok
melee	14336	0038・連面鎚	0038・連面鎚	ok	ok
melee	14337	0138・連面鎚【分離】	0138・連面鎚【分離】	ok	ok
melee	14338	0238・連面鎚【分割】	0238・連面鎚【分割】	ok	ok
melee	14339	0338・連面鎚【分断】	0338・連面鎚【分断】	ok	ok
melee	14340	0438・連面鎚【分裂】	0438・連面鎚【分裂】	ok	ok
melee	14341	Hail Monarch Saber	雹君主剣	ok	ok
melee	14342	Freezing Monarch Saber	冰君主剣	ok	ok
melee	14343	Rime Monarch Saber	里梅君主剣	ok	ok
melee	14344	Icecrystal Monarch Saber	伊克艾克爾伊斯特君主剣	bad	phonetic_salad
melee	14345	Frozen Sea Monarch Saber	凍結海君主剣	ok	ok
melee	14346	Permafrost MOnarch Saber	永久凍土君主剣	ok	ok
melee	14347	Frostrain Monarch Blade	夫爾歐斯特爾阿伊君主刃	bad	phonetic_salad
melee	14348	Powdersnow Monarch Blade	普歐瓦德艾爾斯恩君主刃	bad	phonetic_salad
melee	14349	Snowfront Monarch Blade	斯恩歐瓦夫爾歐恩君主刃	bad	phonetic_salad
melee	14350	Snowfall Monarch Blade	斯恩歐瓦夫阿勒勒君主刃	bad	phonetic_salad
melee	14351	Whiteout Monarch Blade	瓦哈伊特艾歐烏特君主刃	bad	phonetic_salad
melee	14352	Rime Monarch Blade	里梅君主刃	ok	ok
melee	14353	Frostpeak Monarch Hammer	大錘夫爾歐斯特普艾阿君主	bad	phonetic_salad
melee	14354	Glacial Monarch Hammer	大錘氷河君主	ok	ok
melee	14355	Snowdust Monarch Hammer	大錘斯恩歐瓦德烏斯特君主	bad	phonetic_salad
melee	14356	Iceberg Monarch Hammer	大錘冰山君主	ok	ok
melee	14357	Winter Monarch Blade	冬君主刃	ok	ok
melee	14358	Frozen Monarch Hammer	大錘凍結君主	ok	ok
melee	14359	Koresakotadexi	科雷薩科塔德克斯	ok	ok
melee	14360	Korezyuzeru	科雷茲尤澤魯	ok	ok
melee	14361	Korearikoro	科雷阿里科羅	ok	ok
melee	14362	Koremasyutto	克歐爾艾姆阿斯伊	bad	phonetic_salad
melee	14363	Koredatixeni	科雷達提克斯艾尼	ok	ok
melee	14364	Koresubiasu	科雷蘇比阿蘇	ok	ok
melee	14365	Korezaramu	科雷扎拉穆	ok	ok
melee	14366	Koregemunota	科雷格穆諾塔	ok	ok
melee	14367	1F38・コーレクラトモーフ	1F38・科雷庫拉托莫芙	ok	ok
melee	14368	Daora's Genesis	竜之創世	ok	ok
melee	14369	Daora's Welt	崩竜瓦艾勒特	ok	ok
melee	14370	Clairison Daora	崩竜克勒阿伊爾伊斯歐	bad	phonetic_salad
melee	14371	ダミー	假	ok	skip_empty_dummy
melee	14372	Kut-Ku Cockerel	庫庫克歐克克艾爾艾勒	bad	phonetic_salad
melee	14373	2538・クックツヴァル	2538・特斯烏維阿爾烏	bad	phonetic_salad
melee	14374	Coocoo Monstros	科歐科歐姆歐恩斯特爾歐斯	bad	phonetic_salad
melee	14375	Ruby Sandsea	紅斯阿恩德斯艾阿	bad	phonetic_salad
melee	14376	Scarlet Sandsea	緋斯阿恩德斯艾阿	bad	phonetic_salad
melee	14377	Red Madder Sandsea	紅茜沙海	ok	ok
melee	14378	Deep Scarlet Sandsea	深緋斯阿恩德斯艾阿	bad	phonetic_salad
melee	14379	Vermillion Sandsea	朱紅斯阿恩德斯艾阿	bad	phonetic_salad
melee	14380	Mahagony Sandsea	姆阿哈阿格歐恩伊斯阿恩德斯艾阿	bad	phonetic_salad
melee	14381	Giga Club	超巨棍	ok	ok
melee	14382	Giga Crusher	超巨粉碎	ok	ok
melee	14383	Mighty Gigantreon	姆伊格哈特伊格伊格阿恩特爾艾	bad	phonetic_salad
melee	14384	Brazenwall	布爾阿茲艾恩瓦阿	bad	phonetic_salad
melee	14385	Crimsonwall	克爾伊姆斯歐恩瓦	bad	phonetic_salad
melee	14386	Crimsonwall Zenith	極位克爾伊姆斯歐恩瓦	bad	phonetic_salad
melee	14387	Diapason	德伊阿普阿斯歐恩	bad	phonetic_salad
melee	14388	Crimsonfork	克爾伊姆斯歐恩夫	bad	phonetic_salad
melee	14389	Crimsonfork Zenith	極位克爾伊姆斯歐恩夫	bad	phonetic_salad
melee	14390	Brazenclout	布爾阿茲艾恩克勒	bad	phonetic_salad
melee	14391	Crimsonclout	克爾伊姆斯歐恩克	bad	phonetic_salad
melee	14392	Gigas Hammer	大錘格伊格阿斯	ok	ok
melee	14393	Brazengaita	黄銅蓋塔	ok	ok
melee	14394	Gigas Gaita	ＧⅠＧSＧⅠT	ok	ok
melee	14395	Archgigas Gaita	ＲＣHＧIＧSＧIT	ok	ok
melee	14396	3C38・金棍オデス	3C38・金棍歐德蘇	ok	ok
melee	14397	3D38・金砕棍グラン・オデス	3D38・金砕棍格烏爾阿恩・歐德蘇	bad	phonetic_salad
melee	14398	3E38・改トラグ・セール	3E38・改托拉古・瑟魯	ok	ok
melee	14399	3F38・改トラグ・アーラ	3F38・改托拉古・阿拉	ok	ok
melee	14400	4038・改トラグ・ヴァルカン	4038・改托拉古・維阿爾烏克阿恩	bad	phonetic_salad
melee	14401	4138・改トラグ・メーネ	4138・改托拉古・梅涅	ok	ok
melee	14402	4238・改トラグ・コーダ	4238・改托拉古・科達	ok	ok
melee	14403	4338・幻影ノ霞払イシ片手剣	4338・幻影NO霞払伊修伊片手剣	ok	ok
melee	14404	4438・屈強ナ鋼ヲ粉砕ス双剣	4438・屈強NA鋼WO粉砕SU双剣	ok	ok
melee	14405	4538・屈強ナ鋼ヲ粉砕ス大剣	4538・屈強NA鋼WO粉砕SU大剣	ok	ok
melee	14406	4638・猛炎ヲ迎エ撃ツ太刀	4638・猛炎迎撃太刀	ok	ok
melee	14407	4738・猛炎ヲ迎エ撃ツ鎚	4738・猛炎迎撃大錘	ok	ok
melee	14408	4838・屈強ナ鋼ヲ粉砕ス笛	4838・屈強NA鋼WO粉砕SU笛	ok	ok
melee	14409	4938・猛炎ヲ迎エ撃ツ槍	4938・猛炎迎撃長槍	ok	ok
melee	14410	4A38・幻影ノ霞払イシ銃槍	4A38・幻影NO霞払伊修伊銃槍	ok	ok
melee	14411	4B38・幻影ノ霞払イシ穿龍棍	4B38・幻影NO霞払伊修伊穿竜棍	ok	ok
melee	14412	Pure Victoria	純維伊克特歐爾伊阿	bad	phonetic_salad
melee	14413	Pure Riches	純・富饒	ok	ok
melee	14414	Pure Pieta	純・皮耶塔	ok	ok
melee	14415	Pure Dank	純・丹克	ok	ok
melee	14416	Pure Oneiro	純歐涅伊羅	ok	ok
melee	14417	Pure Corazon	純克歐爾阿茲歐恩	bad	phonetic_salad
melee	14418	Raw Sacure	素・薩居爾	ok	ok
melee	14419	Raw Verita	素・維里塔	ok	ok
melee	14420	Pure Pluto	純普勒烏特歐	ok	ok
melee	14421	Usurpers Downpour	烏斯烏爾普艾爾斯德歐瓦恩普歐烏爾	bad	phonetic_salad
melee	14422	Despots Cloudburst	德艾斯普歐特斯克勒歐烏德布烏爾	bad	phonetic_salad
melee	14423	Tyrannos	特伊爾阿恩恩歐斯	bad	phonetic_salad
melee	14424	Saligia Enderaxe	薩利吉阿艾恩德艾爾阿克斯	bad	phonetic_salad
melee	14425	Amber Slash	琥珀斬	ok	ok
melee	14426	Giga Galefrost	超巨格阿勒艾夫爾歐斯	bad	phonetic_salad
melee	14427	Motor Burst	馬達爆	ok	ok
melee	14428	Gigant Burst	ＧIＧNTＢＵＲST	ok	ok
melee	14429	ダミー	假	ok	skip_empty_dummy
melee	14430	Prototype Switch-Axe	試作斬撃斧	ok	ok
melee	14431	ダミー	假	ok	skip_empty_dummy
melee	14432	ダミー	假	ok	skip_empty_dummy
melee	14433	Steel Crushing Axe	鋼証明球斧	ok	ok
melee	14434	Phantom Haze Axe	幻影恩流浪斧	ok	ok
melee	14435	Intense Flame Axe	伊恩特艾恩斯艾焔斧	bad	type_phonetic
melee	14436	Annihilation Axe	凍薙斧	ok	ok
melee	14437	Mimital Tonfa	鐵初音穿刺棍	ok	ok
melee	14438	Neo Mimital Tonfa	新鐵初音穿刺棍	ok	ok
melee	14439	Duve Axe	杜維斧	ok	ok
melee	14440	Duve Axe Neo	杜維斧新	ok	ok
melee	14441	Shinshu Tonfa	穿竜棍斯哈伊恩斯哈烏	bad	type_phonetic
melee	14442	Neo Shinshu Tonfa	穿竜棍新斯哈伊恩斯哈烏	bad	type_phonetic
melee	14443	Feather Axe	羽斧	ok	ok
melee	14444	Feather Axe Neo	羽斧新	ok	ok
melee	14445	Hidden Edge	隱密刃	ok	ok
melee	14446	Flash In The Night	閃光夜	ok	ok
melee	14447	Avidya Edge	無明刃	ok	ok
melee	14448	Hidden Daggers	希杜加	ok	ok
melee	14449	Night Wings	夜之翼	ok	ok
melee	14450	Avidya Blades	阿維伊德伊阿刃	ok	ok
melee	14451	Hidden Blade	隱密刃	ok	ok
melee	14452	Dark of Night	闇夜	ok	ok
melee	14453	Avidya Greatsword	無明大剣	ok	ok
melee	14454	Hidden Saber	隠剣	ok	ok
melee	14455	Deepest Night	德艾佩斯夜	ok	ok
melee	14456	Avidya Saber	阿維伊德伊阿剣	ok	ok
melee	14457	Hidden Breaker	隠破壞	ok	ok
melee	14458	Night Eternal	夜永	ok	ok
melee	14459	Avidya Breaker	阿維伊德伊阿破	ok	ok
melee	14460	Hidden Tone	隠音	ok	ok
melee	14461	Cry In The Night	哭夜	ok	ok
melee	14462	Avydia Harmonic	阿維伊德伊阿和音	bad	phonetic_salad
melee	14463	Hidden Stinger	隠刺	ok	ok
melee	14464	Night Rains Black	夜爾阿伊恩斯黑	ok	ok
melee	14465	Avidya Lance	無明長槍	ok	ok
melee	14466	Hidden Gunlance	隱密銃槍	ok	ok
melee	14467	Fading Night	法迪恩夜	ok	ok
melee	14468	Avidya Gunlance	無明銃槍	ok	ok
melee	14469	Hidden Axe	隱密斧	ok	ok
melee	14470	Avidya Axe	無明斧	ok	ok
melee	14471	Hidden Tonfa	隱密穿竜棍	ok	ok
melee	14472	Avidya Tonfa	無明穿竜棍	ok	ok
melee	14473	Imperial Twins	帝国雙子	ok	ok
melee	14474	Imperial King Twins	帝国王雙子	ok	ok
melee	14475	Imperial Leader Twins	帝国勒艾阿德艾爾特瓦伊恩斯	bad	phonetic_salad
melee	14476	Imperial Dictator Twins	帝国德伊克特阿特歐爾雙子	bad	phonetic_salad
melee	14477	Imperial Conquest Twins	帝国征服雙子	ok	ok
melee	14478	Imperial Dominator Twins	帝国德歐姆伊恩阿特歐特瓦伊恩斯	bad	phonetic_salad
melee	14479	Imperial Emperor Twins	帝国帝雙子	ok	ok
melee	14480	Imperial Katana	帝国刀	ok	ok
melee	14481	Imperial Assault Katana	帝国強襲刀	ok	ok
melee	14482	ImperialOnslaught Katana	帝国猛攻刀	ok	ok
melee	14483	Imperial Kamikaze Katana	帝国可米可澤刀	ok	ok
melee	14484	Imperial Invasion Katana	帝国伊恩維阿斯伊歐恩刀	bad	type_phonetic
melee	14485	Imperial War Katana	帝国戦刀	ok	ok
melee	14486	Imperial Dynasty Katana	帝国德伊恩阿斯特伊刀	bad	type_phonetic
melee	14487	Imperial Hammer	帝国大錘	ok	ok
melee	14488	Imperial Commandment? H.	帝国克歐姆姆阿恩德姆H	bad	phonetic_salad
melee	14489	Imperial Outbreak Hammer	大錘帝国歐烏特布爾艾阿克	bad	phonetic_salad
melee	14490	Imperial Destruction H.	帝国德艾斯特爾烏克特H	bad	phonetic_salad
melee	14491	Imperial Defeat Hammer	大錘帝国德艾夫艾阿特	bad	phonetic_salad
melee	14492	Imperial Crusher Hammer	大錘帝国粉碎	ok	ok
melee	14493	Imperial King Hammer	大錘帝国王	ok	ok
melee	14494	Steel Current Ⅰ	鋼流Ⅰ	ok	ok
melee	14495	Steel Current Ⅱ	鋼流Ⅱ	ok	ok
melee	14496	Steel Current Ⅲ	鋼流Ⅲ	ok	ok
melee	14497	Steel Current Ⅳ	鋼流Ⅳ	ok	ok
melee	14498	Steel Current Ⅴ	鋼流Ⅴ	ok	ok
melee	14499	Steel Current Ⅵ	鋼流Ⅵ	ok	ok
melee	14500	A438・限定ジャン剣Ⅰ	A438・限定杰阿恩剣	ok	ok
melee	14501	A538・限定ジャン剣Ⅱ	A538・限定杰阿恩剣	ok	ok
melee	14502	A638・限定ジャン剣Ⅲ	A638・限定杰阿恩剣	ok	ok
melee	14503	A738・限定ジャン剣Ⅳ	A738・限定杰阿恩剣	ok	ok
melee	14504	A838・限定ジャン剣Ⅴ	A838・限定杰阿恩剣	ok	ok
melee	14505	A938・限定ジャン剣Ⅵ	A938・限定杰阿恩剣	ok	ok
melee	14506	ダミー	假	ok	skip_empty_dummy
melee	14507	ダミー	假	ok	skip_empty_dummy
melee	14508	ダミー	假	ok	skip_empty_dummy
melee	14509	ダミー	假	ok	skip_empty_dummy
melee	14510	Lillie	勒伊勒勒伊艾	ok	ok
melee	14511	Lillie Grace	勒伊勒勒伊艾恩寵	bad	phonetic_salad
melee	14512	Margaris Ⅰ	瑪嘉莉絲Ⅰ	ok	ok
melee	14513	Margaris Ⅱ	瑪嘉莉絲Ⅱ	ok	ok
melee	14514	Margaris Ⅲ	瑪嘉莉絲Ⅲ	ok	ok
melee	14515	Margaris Ⅳ	瑪嘉莉絲Ⅳ	ok	ok
melee	14516	Margaris Bonino	姆阿爾格阿爾伊斯波尼諾	bad	phonetic_salad
melee	14517	B538・マルガリス・メイニョ	B538・加里蘇・姆艾伊恩伊歐	bad	phonetic_salad
melee	14518	Cheryl Ⅰ	雪莉Ⅰ	ok	ok
melee	14519	Cheryl Ⅱ	雪莉Ⅱ	ok	ok
melee	14520	Cheryl Ⅲ	雪莉Ⅲ	ok	ok
melee	14521	Cheryl Ⅳ	雪莉Ⅳ	ok	ok
melee	14522	Cheryl Bud	克哈艾爾伊勒芽	ok	ok
melee	14523	Cheryl Blossom	克哈艾爾伊勒布勒歐斯斯歐姆	bad	phonetic_salad
melee	14524	Rose	薔薇	ok	ok
melee	14525	Rose Partfait	薔普阿爾特夫阿伊特	bad	phonetic_salad
melee	14526	ダミー	假	ok	skip_empty_dummy
melee	14527	ダミー	假	ok	skip_empty_dummy
melee	14528	ダミー	假	ok	skip_empty_dummy
melee	14529	ダミー	假	ok	skip_empty_dummy
melee	14530	ダミー	假	ok	skip_empty_dummy
melee	14531	ダミー	假	ok	skip_empty_dummy
melee	14532	ダミー	假	ok	skip_empty_dummy
melee	14533	ダミー	假	ok	skip_empty_dummy
melee	14534	ダミー	假	ok	skip_empty_dummy
melee	14535	ダミー	假	ok	skip_empty_dummy
melee	14536	ダミー	假	ok	skip_empty_dummy
melee	14537	ダミー	假	ok	skip_empty_dummy
melee	14538	ダミー	假	ok	skip_empty_dummy
melee	14539	ダミー	假	ok	skip_empty_dummy
melee	14540	ダミー	假	ok	skip_empty_dummy
melee	14541	ダミー	假	ok	skip_empty_dummy
melee	14542	ダミー	假	ok	skip_empty_dummy
melee	14543	ダミー	假	ok	skip_empty_dummy
melee	14544	Candle Edge	燭刃	ok	ok
melee	14545	Candle Dream	燭夢	ok	ok
melee	14546	Candle Ideal	燭伊德艾阿勒	ok	ok
melee	14547	Candle Happiness	燭哈阿普普伊恩艾斯	bad	phonetic_salad
melee	14548	D438・華火槍	D438・華火槍	ok	ok
melee	14549	D538・華火槍【寸玉】	D538・華火槍【寸玉】	ok	ok
melee	14550	D638・華火槍【尺玉】	D638・華火槍【尺玉】	ok	ok
melee	14551	ダミー	假	ok	skip_empty_dummy
melee	14552	ダミー	假	ok	skip_empty_dummy
melee	14553	D938・ルレードホォン	D938・爾烏爾艾德歐哈歐	bad	phonetic_salad
melee	14554	DA38・ルレードグアン	DA38・爾烏爾艾德歐格烏	bad	phonetic_salad
melee	14555	DB38・シャロンホワフア	DB38・斯哈阿爾歐恩哈歐	bad	phonetic_salad
melee	14556	DC38・シャロンファグアン	DC38・斯哈阿爾歐恩夫阿	bad	phonetic_salad
melee	14557	DD38・ルヴァンホォン	DD38・爾烏維阿恩哈歐歐	bad	phonetic_salad
melee	14558	DE38・ルレードフウァンジン	DE38・爾烏爾艾德歐夫烏	bad	phonetic_salad
melee	14559	DF38・ルレードリグァン	DF38・爾烏爾艾德歐爾伊	bad	phonetic_salad
melee	14560	E038・シャロンシャン	E038・斯哈阿爾歐恩斯哈	bad	phonetic_salad
melee	14561	E138・シャロンヤンエン	E138・斯哈阿爾歐恩伊阿	bad	phonetic_salad
melee	14562	E238・ルヴァンフオファ	E238・爾烏維阿恩夫烏歐	bad	phonetic_salad
melee	14563	E338・ルレードユンチ	E338・爾烏爾艾德歐伊烏	bad	phonetic_salad
melee	14564	E438・ルレードミンユン	E438・爾烏爾艾德歐姆伊	bad	phonetic_salad
melee	14565	E538・シャロンチホン	E538・斯哈阿爾歐恩克哈	bad	phonetic_salad
melee	14566	E638・シャロンホンスー	E638・斯哈阿爾歐恩哈歐	bad	phonetic_salad
melee	14567	E738・ルヴァンホンソオ	E738・爾烏維阿恩哈歐恩	bad	phonetic_salad
melee	14568	E838・ルレードスウミン	E838・爾烏爾艾德歐斯烏	bad	phonetic_salad
melee	14569	E938・ルレードゲミン	E938・爾烏爾艾德歐格艾	bad	phonetic_salad
melee	14570	EA38・シャロンションリ	EA38・斯哈阿爾歐恩斯哈	bad	phonetic_salad
melee	14571	EB38・シャロンゴンジ	EB38・斯哈阿爾歐恩格歐	bad	phonetic_salad
melee	14572	EC38・ルヴァントゥポ	EC38・爾烏維阿恩特烏普	bad	phonetic_salad
melee	14573	ED38・ルヴァンジペイ	ED38・爾烏維阿恩杰伊普	bad	phonetic_salad
melee	14574	ダミー	假	ok	skip_empty_dummy
melee	14575	ダミー	假	ok	skip_empty_dummy
melee	14576	F038・ランツェブルノⅠ	F038・爾阿恩特斯烏艾恩	bad	phonetic_salad
melee	14577	F138・ランツェブルノⅡ	F138・爾阿恩特斯烏艾恩	bad	phonetic_salad
melee	14578	F238・ランツェブルノⅢ	F238・爾阿恩特斯烏艾恩	bad	phonetic_salad
melee	14579	F338・ランツェブルノⅣ	F338・爾阿恩特斯烏艾恩	bad	phonetic_salad
melee	14580	F438・ランツェブルノートス	F438・爾阿恩特斯烏艾恩	bad	phonetic_salad
melee	14581	F538・ランツェアンカⅠ	F538・爾阿恩特斯烏艾阿	bad	phonetic_salad
melee	14582	F638・ランツェアンカⅡ	F638・爾阿恩特斯烏艾阿	bad	phonetic_salad
melee	14583	F738・ランツェアンカⅢ	F738・爾阿恩特斯烏艾阿	bad	phonetic_salad
melee	14584	F838・ランツェアンカⅣ	F838・爾阿恩特斯烏艾阿	bad	phonetic_salad
melee	14585	F938・ランツェアンカートス	F938・爾阿恩特斯烏艾阿	bad	phonetic_salad
melee	14586	FA38・ランツェアランⅠ	FA38・爾阿恩特斯烏艾阿	bad	phonetic_salad
melee	14587	FB38・ランツェアランⅡ	FB38・爾阿恩特斯烏艾阿	bad	phonetic_salad
melee	14588	FC38・ランツェアランⅢ	FC38・爾阿恩特斯烏艾阿	bad	phonetic_salad
melee	14589	FD38・ランツェアランⅣ	FD38・爾阿恩特斯烏艾阿	bad	phonetic_salad
melee	14590	FE38・ランツェアランテーゼ	FE38・爾阿恩特斯烏艾阿	bad	phonetic_salad
melee	14591	FF38・ランツェネラⅠ	FF38・爾阿恩特斯烏艾恩	bad	phonetic_salad
melee	14592	0039・ランツェネラⅡ	0039・爾阿恩特斯烏艾恩	bad	phonetic_salad
melee	14593	0139・ランツェネラⅢ	0139・爾阿恩特斯烏艾恩	bad	phonetic_salad
melee	14594	0239・ランツェネラⅣ	0239・爾阿恩特斯烏艾恩	bad	phonetic_salad
melee	14595	0339・ランツェネラートス	0339・爾阿恩特斯烏艾恩	bad	phonetic_salad
melee	14596	0439・ランツェモーヴⅠ	0439・爾阿恩特斯烏艾姆	bad	phonetic_salad
melee	14597	0539・ランツェモーヴⅡ	0539・爾阿恩特斯烏艾姆	bad	phonetic_salad
melee	14598	0639・ランツェモーヴⅢ	0639・爾阿恩特斯烏艾姆	bad	phonetic_salad
melee	14599	0739・ランツェモーヴⅣ	0739・爾阿恩特斯烏艾姆	bad	phonetic_salad
melee	14600	0839・ランツェモーヴトス	0839・爾阿恩特斯烏艾姆	bad	phonetic_salad
melee	14601	0939・ランツェジャロⅠ	0939・爾阿恩特斯烏艾杰	bad	phonetic_salad
melee	14602	0A39・ランツェジャロⅡ	0A39・爾阿恩特斯烏艾杰	bad	phonetic_salad
melee	14603	0B39・ランツェジャロⅢ	0B39・爾阿恩特斯烏艾杰	bad	phonetic_salad
melee	14604	0C39・ランツェジャロⅣ	0C39・爾阿恩特斯烏艾杰	bad	phonetic_salad
melee	14605	0D39・ランツェジャロートス	0D39・爾阿恩特斯烏艾杰	bad	phonetic_salad
melee	14606	0E39・ランツェロロソⅠ	0E39・爾阿恩特斯烏艾爾	bad	phonetic_salad
melee	14607	0F39・ランツェロロソⅡ	0F39・爾阿恩特斯烏艾爾	bad	phonetic_salad
melee	14608	1039・ランツェロロソⅢ	1039・爾阿恩特斯烏艾爾	bad	phonetic_salad
melee	14609	1139・ランツェロロソⅣ	1139・爾阿恩特斯烏艾爾	bad	phonetic_salad
melee	14610	1239・ランツェロロソートス	1239・爾阿恩特斯烏艾爾	bad	phonetic_salad
melee	14611	1339・ランツェヴァッジⅠ	1339・爾阿恩特斯烏艾維	bad	phonetic_salad
melee	14612	1439・ランツェヴァッジⅡ	1439・爾阿恩特斯烏艾維	bad	phonetic_salad
melee	14613	1539・ランツェヴァッジⅢ	1539・爾阿恩特斯烏艾維	bad	phonetic_salad
melee	14614	1639・ランツェヴァッジⅣ	1639・爾阿恩特斯烏艾維	bad	phonetic_salad
melee	14615	1739・ランツェヴァッジトス	1739・爾阿恩特斯烏艾維	bad	phonetic_salad
melee	14616	1839・ランツェアスルⅠ	1839・爾阿恩特斯烏艾阿	bad	phonetic_salad
melee	14617	1939・ランツェアスルⅡ	1939・爾阿恩特斯烏艾阿	bad	phonetic_salad
melee	14618	1A39・ランツェアスルⅢ	1A39・爾阿恩特斯烏艾阿	bad	phonetic_salad
melee	14619	1B39・ランツェアスルⅣ	1B39・爾阿恩特斯烏艾阿	bad	phonetic_salad
melee	14620	1C39・ランツェアスルートス	1C39・爾阿恩特斯烏艾阿	bad	phonetic_salad
melee	14621	1D39・ハートロングホーンⅠ	1D39・哈阿特歐爾歐恩格	bad	phonetic_salad
melee	14622	1E39・ハートロングホーンⅡ	1E39・哈阿特歐爾歐恩格	bad	phonetic_salad
melee	14623	1F39・ハートロングホーンⅢ	1F39・哈阿特歐爾歐恩格	bad	phonetic_salad
melee	14624	2039・改トラグ・エスカー	2039・改托拉古・艾蘇可	ok	ok
melee	14625	2139・改トラグ・フェーン	2139・改托拉古・夫艾恩	ok	ok
melee	14626	2239・改トラグ・ローク	2239・改托拉古・羅庫	ok	ok
melee	14627	2339・改トラグ・イザーム	2339・改托拉古・伊扎穆	ok	ok
melee	14628	ダミー	假	ok	skip_empty_dummy
melee	14629	Emperor Blade	皇帝刃	ok	ok
melee	14630	Teostra's Krone	炎王竜克爾歐恩艾	ok	ok
melee	14631	Teostra's Explosion	炎王竜艾克斯普勒歐斯伊	ok	ok
melee	14632	Nebula Garth	星雲格阿爾特哈	ok	ok
melee	14633	Nebula Growl	星雲格爾歐瓦勒	ok	ok
melee	14634	Nebula Gema	星雲格瑪	ok	ok
melee	14635	Cursed Ocarina	詛咒陶笛	ok	ok
melee	14636	Nebula Brule	星雲布烏勒	ok	ok
melee	14637	Daora's Meteri	崩竜梅特里	ok	ok
melee	14638	Daora's Pagos	崩竜普阿格歐斯	ok	ok
melee	14639	Daora's Jebin	崩竜杰艾布伊恩	ok	ok
melee	14640	Daora's Freelen	崩竜夫爾艾艾勒艾恩	bad	phonetic_salad
melee	14641	Alchemia	阿勒克哈艾姆伊阿	bad	phonetic_salad
melee	14642	Fallen Hollow	夫阿勒勒艾恩空	ok	ok
melee	14643	3339・ヴォトムアクアム	3339・沃托穆阿庫阿穆	ok	ok
melee	14644	Rubino Lizard Ⅵ	紅玉之蜥蜴Ⅵ	ok	ok
melee	14645	Rubino Lizard Ⅶ	紅玉之蜥蜴Ⅶ	ok	ok
melee	14646	Rubino Lizard Ⅷ	紅玉之蜥蜴Ⅷ	ok	ok
melee	14647	Rubino Swallow Ⅶ	紅寶石燕Ⅶ	ok	ok
melee	14648	Rubino Swallow Ⅷ	紅寶石燕Ⅷ	ok	ok
melee	14649	Rubino Swallow Ⅸ	紅寶石燕Ⅸ	ok	ok
melee	14650	Rubino Shark Ⅵ	紅玉之鯊Ⅵ	ok	ok
melee	14651	Rubino Shark Ⅶ	紅玉之鯊Ⅶ	ok	ok
melee	14652	Rubino Shark Ⅷ	紅玉之鯊Ⅷ	ok	ok
melee	14653	Rubino Acris Ⅶ	紅玉阿克里斯Ⅶ	ok	ok
melee	14654	Rubino Acris Ⅷ	紅玉阿克里斯Ⅷ	ok	ok
melee	14655	Rubino Acris Ⅸ	紅玉阿克里斯Ⅸ	ok	ok
melee	14656	Rubino Sepia Ⅵ	紅玉之烏賊Ⅵ	ok	ok
melee	14657	Rubino Sepia Ⅶ	紅玉之烏賊Ⅶ	ok	ok
melee	14658	Rubino Sepia Ⅷ	紅玉之烏賊Ⅷ	ok	ok
melee	14659	4339・カダルツァイト	4339・特斯烏阿伊特歐	bad	phonetic_salad
melee	14660	Type 32 Machine Lance β	32式機械長槍β	ok	ok
melee	14661	4539・ランツェブルノッス	4539・爾阿恩特斯烏艾恩	bad	phonetic_salad
melee	14662	4639・ランツェアンカロッロ	4639・爾阿恩特斯烏艾阿	bad	phonetic_salad
melee	14663	4739・ランツェアランテッテ	4739・爾阿恩特斯烏艾阿	bad	phonetic_salad
melee	14664	4839・ランツェネラウリオ	4839・爾阿恩特斯烏艾恩	bad	phonetic_salad
melee	14665	4939・ランツェモーヴルン	4939・爾阿恩特斯烏艾姆	bad	phonetic_salad
melee	14666	4A39・ランツェジャロッロ	4A39・爾阿恩特斯烏艾杰	bad	phonetic_salad
melee	14667	4B39・ランツェロロソトトス	4B39・爾阿恩特斯烏艾爾	bad	phonetic_salad
melee	14668	4C39・ランツェヴァッジトノ	4C39・爾阿恩特斯烏艾維	bad	phonetic_salad
melee	14669	4D39・ランツェアスルール	4D39・爾阿恩特斯烏艾阿	bad	phonetic_salad
melee	14670	Dios Axe	碎竜斧	ok	ok
melee	14671	Brisant Demolisher	布爾伊斯阿恩特德艾姆歐勒伊斯哈	bad	phonetic_salad
melee	14672	Imperial Righteous Axe	帝国爾伊格哈特艾歐烏斧	bad	phonetic_salad
melee	14673	Imperial Justice Axe	帝国正義斧	ok	ok
melee	14674	Imperial Duty Axe	帝国德烏特伊斧	ok	ok
melee	14675	Imperial Holy Saint Axe	帝国聖聖斧	ok	ok
melee	14676	Rough Edge	粗刃	ok	ok
melee	14677	Grim Cat	ＧＲIMＣT	ok	ok
melee	14678	Axe Semper Tyrannis	斧斯艾姆普艾爾特伊爾阿恩恩伊斯	bad	type_phonetic
melee	14679	Axe of Thanatos	斧特哈阿恩阿特歐斯	bad	type_phonetic
melee	14680	Finslash	夫伊恩斯勒阿斯哈	bad	phonetic_salad
melee	14681	Griors Landmaker	格爾伊歐爾斯勒阿恩德姆阿克艾	bad	phonetic_salad
melee	14682	Azure Straybloom	蒼斯特爾阿伊布勒歐	bad	phonetic_salad
melee	14683	Explosive Wolf	爆狼	ok	ok
melee	14684	Wild Shell	野之殻	ok	ok
melee	14685	Bloodthirsty Axe	布勒歐歐德特哈伊斧	bad	phonetic_salad
melee	14686	Extreme Thunder Axe	雷極斧	ok	ok
melee	14687	Dazzling Centurio	眩目克艾恩特烏爾伊歐	bad	phonetic_salad
melee	14688	6039・王狼剣斧【雲霞】	6039・王狼剣斧【雲霞】	ok	ok
melee	14689	6139・ジエロ・テュレイラ	6139・吉艾羅・特尤雷伊拉	ok	ok
melee	14690	6239・至極冥雷斧【秦吉了】	6239・至極冥雷斧【秦吉了】	ok	ok
melee	14691	Dark Shadow	闇影	ok	ok
melee	14692	Deep Shadow	深影	ok	ok
melee	14693	Mysterious Shadow	極征服影	ok	ok
melee	14694	Jebia Baoshin	灰晶蠍布阿歐斯哈伊恩	bad	phonetic_salad
melee	14695	6739・ローゼンアカンタ	6739・爾歐茲艾恩阿克阿	bad	phonetic_salad
melee	14696	6839・フェザーツェクリ	6839・夫艾茲阿特斯烏艾	bad	phonetic_salad
melee	14697	Ophion Axe	俄菲翁斧	ok	ok
melee	14698	"Ophion Axe ""Flash"""	俄菲翁斧【閃光】	ok	ok
melee	14699	"Ophion Axe ""Shine"""	俄菲翁斧【光輝】	ok	ok
melee	14700	"Ophion Axe ""Glory"""	俄菲翁斧【栄光】	ok	ok
melee	14701	"Shesha Axe ""Flash"""	舍沙斧【閃光】	ok	ok
melee	14702	"Shesha Axe ""Shine"""	舍沙斧【光輝】	ok	ok
melee	14703	"Shesha Axe ""Glory"""	舍沙斧【栄光】	ok	ok
melee	14704	"Shesha Axe ""Clear"""	舍沙斧【透】	ok	ok
melee	14705	Despair Frostaxe	德艾斯普阿伊爾夫爾歐斯特阿克斯	bad	phonetic_salad
melee	14706	Despair Fierce Frostaxe	德艾斯普阿伊爾猛夫爾歐斯特阿克斯	bad	phonetic_salad
melee	14707	Despair Violent Frostaxe	德艾斯普阿伊爾凶暴夫爾歐斯特阿克斯	bad	phonetic_salad
melee	14708	Despair Savage Frostaxe	德艾斯普阿伊爾螺鈿終夫爾歐斯特阿克斯	bad	raden_end
melee	14709	Despair Berserk Frostaxe	德艾斯普阿伊爾狂夫爾歐斯特阿克斯	bad	phonetic_salad
melee	14710	Void Icetonfa	維歐伊德冰穿竜棍	ok	ok
melee	14711	Void Fierce Rimetonfa	維歐伊德猛爾伊姆艾特歐恩夫	bad	phonetic_salad
melee	14712	Void Violent Rimetonfa	維歐伊德凶暴爾伊姆艾特歐恩夫	bad	phonetic_salad
melee	14713	Void Savage Rimetonfa	維歐伊德螺鈿終爾伊姆艾特歐恩夫	bad	raden_end
melee	14714	Void Berserk Rimetonfa	維歐伊德狂爾伊姆艾特歐恩夫	bad	phonetic_salad
melee	14715	Stigma Rimeblade	斯特伊格姆阿里梅布阿德	bad	phonetic_salad
melee	14716	Stigma Fierce Rimeblade	斯特伊格姆阿猛里梅布阿德	bad	phonetic_salad
melee	14717	Stigma Violent Rimeblade	斯特伊格姆阿凶暴里梅布阿德	bad	phonetic_salad
melee	14718	Stigma Savage Rimeblade	斯特伊格姆阿螺鈿終里梅布阿德	bad	raden_end
melee	14719	Stigma Berserk Rimeblade	斯特伊格姆阿狂里梅布阿德	bad	phonetic_salad
melee	14720	Glint Frostpike	閃霜尖槍	ok	ok
melee	14721	Glint Fierce Frostpike	閃猛霜尖槍	ok	ok
melee	14722	Glint Violent Frostpike	閃凶暴霜尖槍	ok	ok
melee	14723	Glint Savage Frostpike	閃螺鈿終霜尖槍	bad	raden_end
melee	14724	Glint Berserk Frostpike	閃狂霜尖槍	ok	ok
melee	14725	8539・軽量型剣斧ライツ	8539・軽量型剣斧爾阿伊特斯烏	ok	ok
melee	14726	8639・軽量型剣斧ライツ改	8639・軽量型剣斧爾阿伊特斯烏改	ok	ok
melee	14727	ダミー	假	ok	skip_empty_dummy
melee	14728	ダミー	假	ok	skip_empty_dummy
melee	14729	Caravan Axe I	商隊斧Ⅰ	ok	ok
melee	14730	Caravan Axe II	商隊斧Ⅱ	ok	ok
melee	14731	ダミー	假	ok	skip_empty_dummy
melee	14732	ダミー	假	ok	skip_empty_dummy
melee	14733	ダミー	假	ok	skip_empty_dummy
melee	14734	ダミー	假	ok	skip_empty_dummy
melee	14735	Volja Irapto	沃爾加伊爾阿普特歐	bad	phonetic_salad
melee	14736	Volja Elupe	沃爾加艾魯佩	ok	ok
melee	14737	Volja Aos	沃爾加阿歐斯	ok	ok
melee	14738	Volja Eclectic	沃爾加艾克勒艾克特伊克	bad	phonetic_salad
melee	14739	Volja Krater	沃爾加克爾阿特艾爾	bad	phonetic_salad
melee	14740	Volja Isvell	沃爾加伊斯維艾勒勒	bad	phonetic_salad
melee	14741	Volja Ignik	沃爾加伊格恩伊克	bad	phonetic_salad
melee	14742	Volja Capnor	沃爾加克阿普恩歐爾	bad	phonetic_salad
melee	14743	Volja Nanard	沃爾加恩阿恩阿爾德	bad	phonetic_salad
melee	14744	Volja Fotil	沃爾加夫歐特伊勒	bad	phonetic_salad
melee	14745	Volja Charolais	沃爾加克哈阿爾歐勒阿伊	bad	phonetic_salad
melee	14746	Volja Celclara	沃爾加克艾勒克勒阿爾阿	bad	phonetic_salad
melee	14747	Volja Carmeli	沃爾加克阿爾姆艾勒伊	bad	phonetic_salad
melee	14748	Volga Vaguro	熔岩竜瓦古羅	ok	ok
melee	14749	Volja Torufi	沃爾加托魯菲	ok	ok
melee	14750	Volja Punikes	沃爾加普烏恩伊克艾斯	bad	phonetic_salad
melee	14751	Volja Dungis	沃爾加德烏恩格伊斯	bad	phonetic_salad
melee	14752	Volja Kindi	沃爾加克伊恩德伊	bad	phonetic_salad
melee	14753	Volja Ilteva	沃爾加伊勒特艾維阿	bad	phonetic_salad
melee	14754	Volja Fukon	沃爾加夫烏克歐恩	bad	phonetic_salad
melee	14755	Volja Ifune	沃爾加伊芙涅	ok	ok
melee	14756	Volja Tenak	沃爾加特艾恩阿克	bad	phonetic_salad
melee	14757	Volja Pisma	沃爾加普伊斯姆阿	bad	phonetic_salad
melee	14758	Volja Kapal	沃爾加克阿普阿勒	bad	phonetic_salad
melee	14759	A739・ソルエルキリッター	A739・斯歐爾烏艾爾烏克	bad	phonetic_salad
melee	14760	A839・ソルエルティオー	A839・索魯艾魯提歐	ok	ok
melee	14761	A939・シュヴァルツゲーネン	A939・斯哈烏維阿爾烏特	bad	phonetic_salad
melee	14762	AA39・ゲヴィッタキリッター	AA39・格艾維伊維特阿克	bad	phonetic_salad
melee	14763	AB39・ソルエルペリファー	AB39・索魯艾魯佩里法	ok	ok
melee	14764	AC39・ソルエルファーニャ	AC39・斯歐爾烏艾爾烏夫	bad	phonetic_salad
melee	14765	AD39・シュヴァルツヴンシュ	AD39・斯哈烏維阿爾烏特	bad	phonetic_salad
melee	14766	AE39・ゲヴィッタペリファー	AE39・格艾維伊維特阿普	bad	phonetic_salad
melee	14767	AF39・ゲヴィッタヴィゴーレ	AF39・格艾維伊維特阿維	ok	ok
melee	14768	Margarita I	瑪格麗特Ⅰ	ok	ok
melee	14769	Margarita II	瑪格麗特Ⅱ	ok	ok
melee	14770	Margarita III	瑪格麗特Ⅲ	ok	ok
melee	14771	Margarita IV	瑪格麗特Ⅳ	ok	ok
melee	14772	Margarita Bonino	姆阿爾格阿爾伊特波尼諾	bad	phonetic_salad
melee	14773	B539・マーガリタ・メイニョ	B539・瑪加里塔・姆艾伊恩伊歐	ok	ok
melee	14774	B639・スリジエⅠ	B639・蘇里吉艾	ok	ok
melee	14775	B739・スリジエⅡ	B739・蘇里吉艾	ok	ok
melee	14776	B839・スリジエⅢ	B839・蘇里吉艾	ok	ok
melee	14777	B939・スリジエⅣ	B939・蘇里吉艾	ok	ok
melee	14778	BA39・スリジエ・ブロト	BA39・蘇里吉艾・布羅托	ok	ok
melee	14779	BB39・スリジエ・ブロッサム	BB39・蘇里吉艾・布烏爾歐爾斯阿姆	bad	phonetic_salad
melee	14780	Rouge	拉瓦里	ok	ok
melee	14781	Rouge Parfait	拉瓦里普阿爾夫阿伊特	bad	phonetic_salad
melee	14782	Eurier	尤莉耶	ok	ok
melee	14783	Eurier Grace	尤莉耶・優雅	ok	ok
melee	14784	Despair Boltaxe	德艾斯普阿伊爾布歐勒特阿克斯艾	bad	phonetic_salad
melee	14785	Despair Fierce Boltaxe	德艾斯普阿伊爾猛布歐勒特阿克斯艾	bad	phonetic_salad
melee	14786	Despair Violent Boltaxe	德艾斯普阿伊爾凶暴布歐勒特阿克斯艾	bad	phonetic_salad
melee	14787	Despair Savage Boltaxe	德艾斯普阿伊爾螺鈿終布歐勒特阿克斯艾	bad	raden_end
melee	14788	Despair Berserk Boltaxe	德艾斯普阿伊爾狂布歐勒特阿克斯艾	bad	phonetic_salad
melee	14789	Void Stormtonfa	維歐伊德斯特歐爾姆特歐恩	bad	phonetic_salad
melee	14790	Void Fierce Stormtonfa	維歐伊德猛斯特歐爾姆特歐恩	bad	phonetic_salad
melee	14791	Void Violent Stormtonfa	維歐伊德凶暴斯特歐爾姆特歐恩	bad	phonetic_salad
melee	14792	Void Savage Stormtonfa	維歐伊德螺鈿終斯特歐爾姆特歐恩	bad	raden_end
melee	14793	Void Berserk Stormtonfa	維歐伊德狂斯特歐爾姆特歐恩	bad	phonetic_salad
melee	14794	Stigma Boltblade	斯特伊格姆阿雷刃	ok	ok
melee	14795	Stigma Fierce Boltblade	斯特伊格姆阿猛雷刃	ok	ok
melee	14796	Stigma Violent Boltblade	斯特伊格姆阿凶暴雷刃	ok	ok
melee	14797	Stigma Savage Boltblade	斯特伊格姆阿螺鈿終雷刃	bad	raden_end
melee	14798	Stigma Berserk Boltblade	斯特伊格姆阿狂雷刃	ok	ok
melee	14799	Glint Stormpike	閃風暴尖槍	ok	ok
melee	14800	Glint Fierce Stormpike	閃猛風暴尖槍	ok	ok
melee	14801	Glint Violent Stormpike	閃凶暴風暴尖槍	ok	ok
melee	14802	Glint Savage Stormpike	閃螺鈿終風暴尖槍	bad	raden_end
melee	14803	Glint Berserk Stormpike	閃狂風暴尖槍	ok	ok
melee	14804	Emperor Ice Blade	皇帝氷刃	ok	ok
melee	14805	Emperor Ice Blade+	皇帝氷刃＋	ok	ok
melee	14806	Ice Dance Emperor Blade	冰舞皇帝刃	ok	ok
melee	14807	Ice Attack Emperor Blade	冰攻撃皇帝刃	ok	ok
melee	14808	Ice Age Empereor Blade	冰齢艾姆普艾爾艾歐爾刃	ok	ok
melee	14809	Emperor Ice King Blade	王皇冰刃	ok	ok
melee	14810	Emperor Ice King Blade+	王皇冰刃＋	ok	ok
melee	14811	ExEmperor Ice King Blade	冰ＥＸ帝王刃	ok	ok
melee	14812	Dark Ice Blade	闇氷刃	ok	ok
melee	14813	Dark Ice Blade+	闇氷刃＋	ok	ok
melee	14814	Dark Arrogance Ice Blade	冰闇阿爾爾歐格阿恩克刃	ok	ok
melee	14815	Dark Violence Ice Blade	闇暴力氷刃	ok	ok
melee	14816	Dark Ice King Blade	王冥冰刃	ok	ok
melee	14817	Dark Ice King Blade+	王冥冰刃＋	ok	ok
melee	14818	Emperor Ice King Axe	王皇冰斧	ok	ok
melee	14819	Emperor Ice King Axe+	王皇冰斧＋	ok	ok
melee	14820	Dark Ice King Axe	王冥冰斧	ok	ok
melee	14821	Dark Ice King Axe+	王冥冰斧＋	ok	ok
melee	14822	Teostra's Shine Skyblade	炎王竜之光輝空刃	ok	ok
melee	14823	Teostra's Fanatic Blade	炎王竜夫阿恩阿特伊克刃	ok	ok
melee	14824	Teostra's Unbound Blade	炎王竜之解放刃	ok	ok
melee	14825	Teostra's Ex Darkness	炎王始鎚【極闇】	ok	ok
melee	14826	Furoru's Agnois	弗洛阿格恩歐伊斯	bad	phonetic_salad
melee	14827	EB39・フロル＝マロア	EB39・芙羅魯＝瑪羅阿	ok	ok
melee	14828	EC39・フロル＝ナフィサ	EC39・芙羅魯＝娜菲薩	ok	ok
melee	14829	"HellfireBuster ""Rooster"""	獄火破雄鳥	ok	ok
melee	14830	"HellfireSwrd""Iridescent"""	哈艾勒勒夫伊爾艾黑鍵盤伊爾伊德艾斯克艾	bad	phonetic_salad
melee	14831	"HellfireHmmer""Lightfall"""	哈艾勒勒夫伊爾艾哈姆姆艾爾勒伊格哈特夫阿勒	bad	phonetic_salad
melee	14832	F039・炎角始槍【真覇王樹】	F039・炎角始槍【真覇王樹】	ok	ok
melee	14833	1st Felyne Challenger	第一艾露挑戦	ok	ok
melee	14834	2nd Felyne Challenger	第二艾露挑戦	ok	ok
melee	14835	ダミー	假	ok	skip_empty_dummy
melee	14836	3rd Felyne Challenger	第三艾露挑戦	ok	ok
melee	14837	4th Felyne Challenger	四艾露挑戦	ok	ok
melee	14838	5th Felyne Challenger	五週年艾露克哈阿勒勒艾恩格	bad	phonetic_salad
melee	14839	True Felyne Challenger	真艾露挑戦	ok	ok
melee	14840	1st Melynx Challenger	第一奇猫挑戦	ok	ok
melee	14841	2nd Melynx Challenger	第二奇猫挑戦	ok	ok
melee	14842	ダミー	假	ok	skip_empty_dummy
melee	14843	3rd Melynx Challenger	第三奇猫挑戦	ok	ok
melee	14844	4th Melynx Challenger	四奇猫挑戦	ok	ok
melee	14845	5th Melynx Challenger	五週年奇猫克哈阿勒勒艾恩格	bad	phonetic_salad
melee	14846	True Melynx Challenger	真奇猫挑戦	ok	ok
melee	14847	Excited Felyne	艾克斯克伊特艾德艾露	bad	phonetic_salad
melee	14848	Super Excited Felyne	超艾克斯克伊特艾德艾露	bad	phonetic_salad
melee	14849	Excited Melynx	艾克斯克伊特艾德奇猫	bad	phonetic_salad
melee	14850	Super Excited Melynx	超艾克斯克伊特艾德奇猫	bad	phonetic_salad
melee	14851	Black Charaxt	黑克哈阿爾阿克斯特	bad	phonetic_salad
melee	14852	Black Fierce Charaxt	黑猛克哈阿爾阿克斯特	bad	phonetic_salad
melee	14853	Black Violent Charaxt	黑凶暴克哈阿爾阿克斯特	bad	phonetic_salad
melee	14854	Black Savage Charaxt	黑螺鈿終克哈阿爾阿克斯特	bad	raden_end
melee	14855	Black Berserk Charaxt	黑狂克哈阿爾阿克斯特	bad	phonetic_salad
melee	14856	Mania Flameclub	狂焔棍	ok	ok
melee	14857	Mania Fierce Flameclub	狂猛焔棍	ok	ok
melee	14858	Mania Violent Flameclub	狂凶暴焔棍	ok	ok
melee	14859	Mania Savage Flameclub	狂螺鈿終焔棍	bad	raden_end
melee	14860	Mania Berserk Flameclub	狂狂焔棍	ok	ok
melee	14861	Deceit Heatmaul	欺瞞熱鎚	ok	ok
melee	14862	Deceit Fierce Heatmaul	欺瞞猛熱鎚	ok	ok
melee	14863	Deceit Violent Heatmaul	欺瞞凶暴熱鎚	ok	ok
melee	14864	Deceit Savage Heatmaul	欺瞞螺鈿終熱鎚	bad	raden_end
melee	14865	Deceit Berserk Heatmaul	欺瞞狂熱鎚	ok	ok
melee	14866	Allure Heatlance	誘熱長槍	ok	ok
melee	14867	Allure Fierce Heatlance	誘猛熱長槍	ok	ok
melee	14868	Allure Violent Heatlance	誘凶暴熱長槍	ok	ok
melee	14869	Allure Savage Heatlance	誘螺鈿終熱長槍	bad	raden_end
melee	14870	Allure Berserk Heatlance	誘狂熱長槍	ok	ok
melee	14871	"Raijin Tonfa ""Vision"""	穿竜棍爾阿伊杰伊恩維伊斯伊歐恩	bad	type_phonetic
melee	14872	"Raijin Twins ""Illusion"""	爾阿伊杰伊恩雙子幻	bad	phonetic_salad
melee	14873	"Phantasma ""Mystic"""	普哈阿恩特阿斯姆姆伊斯特伊克	bad	phonetic_salad
melee	14874	"Raijin Gunlance""Vision"""	銃槍爾阿伊杰伊恩維伊斯伊歐恩	ok	ok
melee	14875	"Phantasmbreak ""Trance"""	普哈阿恩特阿斯姆特爾阿恩克艾	bad	phonetic_salad
melee	14876	1C3A・ブルエール＝アーラ	1C3A・艾魯＝阿拉	ok	ok
melee	14877	1D3A・ルルエール＝アーラ	1D3A・魯魯艾魯＝阿拉	ok	ok
melee	14878	1E3A・フルゴール＝アーラ	1E3A・芙魯戈魯＝阿拉	ok	ok
melee	14879	1F3A・グラミール＝アーラ	1F3A・古拉米魯＝阿拉	ok	ok
melee	14880	203A・ランヴォール＝アーラ	203A・爾阿恩維歐爾烏＝阿拉	bad	phonetic_salad
melee	14881	Brimstren Drakescale	布爾伊姆斯特爾艾德爾阿克艾斯克阿	bad	phonetic_salad
melee	14882	Brimstren Drakescale+	布爾伊姆斯特爾艾德爾阿克艾斯克阿＋	bad	phonetic_salad
melee	14883	Stygian Luxuria	斯特伊格伊阿恩魯克斯烏里阿	bad	phonetic_salad
melee	14884	Brimstren Drakeclaws	布爾伊姆斯特爾艾德爾阿克艾克勒阿	bad	phonetic_salad
melee	14885	Brimstren Drakeclaws+	布爾伊姆斯特爾艾德爾阿克艾克勒阿＋	bad	phonetic_salad
melee	14886	Stygian Superbia	斯特伊格伊阿恩斯烏普艾爾布伊阿	bad	phonetic_salad
melee	14887	Brimstren Drakepride	布爾伊姆斯特爾艾德阿凱普伊德	bad	phonetic_salad
melee	14888	Brimstren Drakepride+	布爾伊姆斯特爾艾德阿凱普伊德＋	bad	phonetic_salad
melee	14889	Stygian Acedia	斯特伊格伊阿恩阿瑟迪阿	bad	phonetic_salad
melee	14890	Brimsten Drakebone	布爾伊姆斯特艾恩德阿凱波涅	bad	phonetic_salad
melee	14891	Stygian Gula	斯特伊格伊阿恩古拉	bad	phonetic_salad
melee	14892	True Stygian Gula	真斯特伊格伊阿恩古拉	bad	phonetic_salad
melee	14893	Brimstren Drakemaw	布爾伊姆斯特爾艾德爾阿克艾姆阿瓦	bad	phonetic_salad
melee	14894	Brimstren Drakemaw α	布爾伊姆斯特爾艾德爾阿克艾姆阿瓦α	bad	phonetic_salad
melee	14895	Stygian Industria	斯特伊格伊阿恩伊恩德烏斯特爾伊	bad	phonetic_salad
melee	14896	Brimstren Drakesong	布爾伊姆斯特爾艾德阿凱索恩	bad	phonetic_salad
melee	14897	Brimstren Drakesong α	布爾伊姆斯特爾艾德阿凱索恩α	bad	phonetic_salad
melee	14898	Stygian Tristitia	斯特伊格伊阿恩特伊斯伊提阿	bad	phonetic_salad
melee	14899	Brimstren Draketail	布爾伊姆斯特爾艾德爾阿克艾特阿伊	bad	phonetic_salad
melee	14900	Brimstren Draketail α	布爾伊姆斯特爾艾德爾阿克艾特阿伊α	bad	phonetic_salad
melee	14901	Stygian Ira	冥伊拉	ok	ok
melee	14902	Brimstren Drakeblood	布爾伊姆斯特爾艾德爾阿克艾布勒歐	bad	phonetic_salad
melee	14903	Brimstren Drakeblood α	布爾伊姆斯特爾艾德爾阿克艾布勒歐α	bad	phonetic_salad
melee	14904	Stygian Avaritia	斯特伊格伊阿恩阿瓦里提阿	bad	phonetic_salad
melee	14905	Brimstren Drakefang	布爾伊姆斯特爾艾德阿凱法恩	bad	phonetic_salad
melee	14906	Stygian Vanagloria	斯特伊格伊阿恩瓦娜格歐里阿	bad	phonetic_salad
melee	14907	3B3A・獄棍リュウカイ	3B3A・獄棍里烏烏可伊	ok	ok
melee	14908	3C3A・狼牙棍【滅獄】	3C3A・狼牙棍【滅獄】	ok	ok
melee	14909	3D3A・アマレロットⅠ	3D3A・阿姆阿爾艾爾歐爾	bad	phonetic_salad
melee	14910	3E3A・アマレロットⅡ	3E3A・阿姆阿爾艾爾歐爾	bad	phonetic_salad
melee	14911	3F3A・アマレロットⅢ	3F3A・阿姆阿爾艾爾歐爾	bad	phonetic_salad
melee	14912	403A・アマレロットⅣ	403A・阿姆阿爾艾爾歐爾	bad	phonetic_salad
melee	14913	413A・アマレロット・ノア	413A・阿姆阿爾艾爾歐爾・諾阿	bad	phonetic_salad
melee	14914	423A・アマレロット・トワ	423A・阿姆阿爾艾爾歐爾・托瓦	bad	phonetic_salad
melee	14915	433A・ラランジャットⅠ	433A・爾阿爾阿恩杰阿杰	bad	phonetic_salad
melee	14916	443A・ラランジャットⅡ	443A・爾阿爾阿恩杰阿杰	bad	phonetic_salad
melee	14917	453A・ラランジャットⅢ	453A・爾阿爾阿恩杰阿杰	bad	phonetic_salad
melee	14918	463A・ラランジャットⅣ	463A・爾阿爾阿恩杰阿杰	bad	phonetic_salad
melee	14919	473A・ラランジャット・ノア	473A・爾阿爾阿恩杰阿杰・諾阿	bad	phonetic_salad
melee	14920	483A・ラランジャット・トワ	483A・爾阿爾阿恩杰阿杰・托瓦	bad	phonetic_salad
melee	14921	Zwart Scimitar Ⅰ	黑彎刀Ⅰ	ok	ok
melee	14922	Zwart Scimitar Ⅱ	黑彎刀Ⅱ	ok	ok
melee	14923	Zwart Scimitar Ⅲ	黑彎刀Ⅲ	ok	ok
melee	14924	Zwart Scimitar Ⅳ	黑彎刀Ⅳ	ok	ok
melee	14925	Zwart Scimitar Noah	茲瓦阿爾特彎刀恩歐阿哈	bad	phonetic_salad
melee	14926	Zwart Scimitar Toi	茲瓦阿爾特彎刀托伊	bad	phonetic_salad
melee	14927	4F3A・ポイニークットⅠ	4F3A・普歐伊恩伊克烏克	bad	phonetic_salad
melee	14928	503A・ポイニークットⅡ	503A・普歐伊恩伊克烏克	bad	phonetic_salad
melee	14929	513A・ポイニークットⅢ	513A・普歐伊恩伊克烏克	bad	phonetic_salad
melee	14930	523A・ポイニークットⅣ	523A・普歐伊恩伊克烏克	bad	phonetic_salad
melee	14931	533A・ポイニークット・ノア	533A・普歐伊恩伊克烏克・諾阿	bad	phonetic_salad
melee	14932	543A・ポイニークット・トワ	543A・普歐伊恩伊克烏克・托瓦	bad	phonetic_salad
melee	14933	553A・ルーフスットⅠ	553A・魯芙蘇斯歐	ok	ok
melee	14934	563A・ルーフスットⅡ	563A・魯芙蘇斯歐	ok	ok
melee	14935	573A・ルーフスットⅢ	573A・魯芙蘇斯歐	ok	ok
melee	14936	583A・ルーフスットⅣ	583A・魯芙蘇斯歐	ok	ok
melee	14937	593A・ルーフスット・ノア	593A・魯芙蘇斯歐・諾阿	ok	ok
melee	14938	5A3A・ルーフスット・トワ	5A3A・魯芙蘇斯歐・托瓦	ok	ok
melee	14939	Schnitt Ⅰ	切割Ⅰ	ok	ok
melee	14940	Schnitt Ⅱ	切割Ⅱ	ok	ok
melee	14941	Schnitt Ⅲ	切割Ⅲ	ok	ok
melee	14942	Schnitt Ⅳ	切割Ⅳ	ok	ok
melee	14943	Schnitt Noah	斯克哈恩伊特特恩歐阿哈	bad	phonetic_salad
melee	14944	Schnitt Toi	斯克哈恩伊特特托伊	bad	phonetic_salad
melee	14945	613A・ウィリディットⅠ	613A・瓦伊爾伊德伊德特	bad	phonetic_salad
melee	14946	623A・ウィリディットⅡ	623A・瓦伊爾伊德伊德特	bad	phonetic_salad
melee	14947	633A・ウィリディットⅢ	633A・瓦伊爾伊德伊德特	bad	phonetic_salad
melee	14948	643A・ウィリディットⅣ	643A・瓦伊爾伊德伊德特	bad	phonetic_salad
melee	14949	653A・ウィリディット・ノア	653A・瓦伊爾伊德伊德特・諾阿	bad	phonetic_salad
melee	14950	663A・ウィリディット・トワ	663A・瓦伊爾伊德伊德特・托瓦	bad	phonetic_salad
melee	14951	673A・アルブスットⅠ	673A・阿魯布蘇斯歐	ok	ok
melee	14952	683A・アルブスットⅡ	683A・阿魯布蘇斯歐	ok	ok
melee	14953	693A・アルブスットⅢ	693A・阿魯布蘇斯歐	ok	ok
melee	14954	6A3A・アルブスットⅣ	6A3A・阿魯布蘇斯歐	ok	ok
melee	14955	6B3A・アルブスット・ノア	6B3A・阿魯布蘇斯歐・諾阿	ok	ok
melee	14956	6C3A・アルブスット・トワ	6C3A・阿魯布蘇斯歐・托瓦	ok	ok
melee	14957	Schwitt Ⅰ	舒維特Ⅰ	ok	ok
melee	14958	Schwitt Ⅱ	舒維特Ⅱ	ok	ok
melee	14959	Schwitt Ⅲ	舒維特Ⅲ	ok	ok
melee	14960	Schwitt Ⅳ	舒維特Ⅳ	ok	ok
melee	14961	Schwitt Noah	斯克哈瓦伊特特恩歐阿哈	bad	phonetic_salad
melee	14962	Schwitt Toi	斯克哈瓦伊特特托伊	bad	phonetic_salad
melee	14963	Rubino Ende Ⅰ	紅玉艾恩德艾Ⅰ	ok	ok
melee	14964	Rubino Ende Ⅱ	紅玉艾恩德艾Ⅱ	ok	ok
melee	14965	Steel Ende Ⅰ	鋼艾恩德艾Ⅰ	ok	ok
melee	14966	Steel Ende Ⅱ	鋼艾恩德艾Ⅱ	ok	ok
melee	14967	Parone Axe	巴羅内斧	ok	ok
melee	14968	ダミー	假	ok	skip_empty_dummy
melee	14969	ダミー	假	ok	skip_empty_dummy
melee	14970	Levanjanf	勒艾維阿恩杰阿恩	bad	phonetic_salad
melee	14971	ダミー	假	ok	skip_empty_dummy
melee	14972	ダミー	假	ok	skip_empty_dummy
melee	14973	ダミー	假	ok	skip_empty_dummy
melee	14974	ダミー	假	ok	skip_empty_dummy
melee	14975	ダミー	假	ok	skip_empty_dummy
melee	14976	ダミー	假	ok	skip_empty_dummy
melee	14977	ダミー	假	ok	skip_empty_dummy
melee	14978	ダミー	假	ok	skip_empty_dummy
melee	14979	ダミー	假	ok	skip_empty_dummy
melee	14980	ダミー	假	ok	skip_empty_dummy
melee	14981	ダミー	假	ok	skip_empty_dummy
melee	14982	ダミー	假	ok	skip_empty_dummy
melee	14983	ダミー	假	ok	skip_empty_dummy
melee	14984	ダミー	假	ok	skip_empty_dummy
melee	14985	ダミー	假	ok	skip_empty_dummy
melee	14986	ダミー	假	ok	skip_empty_dummy
melee	14987	ダミー	假	ok	skip_empty_dummy
melee	14988	ダミー	假	ok	skip_empty_dummy
melee	14989	ダミー	假	ok	skip_empty_dummy
melee	14990	ダミー	假	ok	skip_empty_dummy
melee	14991	ダミー	假	ok	skip_empty_dummy
melee	14992	Low Grati	低格阿提	ok	ok
melee	14993	Pure Grati	純・格拉蒂	ok	ok
melee	14994	Magi Grati	MＧⅠＧＲTⅠ	ok	ok
melee	14995	Illusion Greatsword	幻大剣	ok	ok
melee	14996	Illusion Whistle	幻笛	ok	ok
melee	14997	Ilulusion Spear	伊勒烏勒烏斯伊歐槍	bad	phonetic_salad
melee	14998	Magnetic Field Katana	磁場刀	ok	ok
melee	14999	Magnetic Field Hammer	磁場大錘	ok	ok
melee	15000	Magnetic Field Tonfa	磁場穿竜棍	ok	ok
melee	15001	Chachabu Airou	奇阿奇阿布阿伊羅烏	bad	phonetic_salad
melee	15002	ダミー	假	ok	skip_empty_dummy
melee	15003	"Beta Knife ""2016"""	β刀２０１６	ok	ok
melee	15004	Schwan	斯克哈瓦阿恩	ok	ok
melee	15005	ダミー	假	ok	skip_empty_dummy
melee	15006	Song Spinning Axe	歌斯普伊恩恩伊恩格斧	bad	type_phonetic
melee	15007	"Wailaxe ""Soundbloom"""	瓦伊拉克斯艾斯歐烏恩德布勒歐	bad	phonetic_salad
melee	15008	"Wailaxe ""Lightbloom"""	瓦伊拉克斯艾勒伊格哈特布勒歐	bad	phonetic_salad
melee	15009	"Wailaxe ""Icebloom"""	瓦伊拉克斯艾伊克艾布勒歐歐姆	bad	phonetic_salad
melee	15010	Ruler's Descent	爾烏勒艾爾德艾斯克艾恩特	bad	phonetic_salad
melee	15011	ダミー	假	ok	skip_empty_dummy
melee	15012	Pezzeno	佩茲澤諾	ok	ok
melee	15013	Kridal-Aura	克爾伊德阿勒気	ok	ok
melee	15014	ダミー	假	ok	skip_empty_dummy
melee	15015	ダミー	假	ok	skip_empty_dummy
melee	15016	"Moonlight ""New Moon"""	月光新月	ok	ok
melee	15017	"Moonlight ""Crescent"""	月光	ok	ok
melee	15018	"Moonlight ""Full Moon"""	月光滿月	ok	ok
melee	15019	Merry Christmas Wood	姆艾爾爾伊聖誕木	bad	phonetic_salad
melee	15020	Merry Christmas Tree	姆艾爾爾伊聖誕木	bad	phonetic_salad
melee	15021	Merry Christmas Star	姆艾爾爾伊聖誕星	bad	phonetic_salad
melee	15022	Ultimate Log Mallet Ⅰ	最終兵器・原木鎚Ⅰ	ok	ok
melee	15023	Ultimate Log Mallet Ⅱ	最終兵器・原木鎚Ⅱ	ok	ok
melee	15024	Ultimate Log Mallet Ⅲ	最終兵器・原木鎚Ⅲ	ok	ok
melee	15025	Ultimate Log Mallet Ⅳ	最終兵器・原木鎚Ⅳ	ok	ok
melee	15026	Ultimate Log Mallet Ⅴ	最終兵器・原木鎚Ⅴ	ok	ok
melee	15027	Ultimate Log Mallet Ⅵ	最終兵器・原木鎚Ⅵ	ok	ok
melee	15028	Wicked Iron Twinfans Ⅰ	邪鐵雙扇Ⅰ	ok	ok
melee	15029	Wicked Iron Twinfans Ⅱ	邪鐵雙扇Ⅱ	ok	ok
melee	15030	Wicked Iron Twinfans Ⅲ	邪鐵雙扇Ⅲ	ok	ok
melee	15031	Wicked Iron Twinfans Ⅳ	邪鐵雙扇Ⅳ	ok	ok
melee	15032	Wicked Iron Twinfans Ⅴ	邪鐵雙扇Ⅴ	ok	ok
melee	15033	Wicked Iron Twinfans Ⅵ	邪鐵雙扇Ⅵ	ok	ok
melee	15034	All-Purpose Wood Log Ⅰ	萬用原木Ⅰ	ok	ok
melee	15035	All-Purpose Wood Log Ⅱ	萬用原木Ⅱ	ok	ok
melee	15036	All-Purpose Wood Log Ⅲ	萬用原木Ⅲ	ok	ok
melee	15037	All-Purpose Wood Log Ⅳ	萬用原木Ⅳ	ok	ok
melee	15038	All-Purpose Wood Log Ⅴ	萬用原木Ⅴ	ok	ok
melee	15039	All-Purpose Wood Log Ⅵ	萬用原木Ⅵ	ok	ok
melee	15040	Ultimate Log Mallet Ⅰ	最終兵器・原木鎚Ⅰ	ok	ok
melee	15041	Ultimate Log Mallet Ⅱ	最終兵器・原木鎚Ⅱ	ok	ok
melee	15042	Ultimate Log Mallet Ⅲ	最終兵器・原木鎚Ⅲ	ok	ok
melee	15043	Ultimate Log Mallet Ⅳ	最終兵器・原木鎚Ⅳ	ok	ok
melee	15044	Ultimate Log Mallet Ⅴ	最終兵器・原木鎚Ⅴ	ok	ok
melee	15045	Ultimate Log Mallet Ⅵ	最終兵器・原木鎚Ⅵ	ok	ok
melee	15046	C63A・ダブルクラッニャーⅠ	C63A・德阿克烏爾阿爾恩	bad	phonetic_salad
melee	15047	C73A・ダブルクラッニャーⅡ	C73A・德阿克烏爾阿爾恩	bad	phonetic_salad
melee	15048	C83A・ダブルクラッニャーⅢ	C83A・德阿克烏爾阿爾恩	bad	phonetic_salad
melee	15049	C93A・ダブルクラッニャーⅣ	C93A・德阿克烏爾阿爾恩	bad	phonetic_salad
melee	15050	CA3A・ダブルプレッニャー	CA3A・德阿普烏爾艾爾恩	bad	phonetic_salad
melee	15051	CB3A・ダブルスマッニャー	CB3A・德阿斯烏姆阿姆恩	bad	phonetic_salad
melee	15052	Huge Katanya Ⅰ	巨猫太刀Ⅰ	ok	ok
melee	15053	Huge Katanya Ⅱ	巨猫太刀Ⅱ	ok	ok
melee	15054	Huge Katanya Ⅲ	巨猫太刀Ⅲ	ok	ok
melee	15055	Huge Katanya Ⅳ	巨猫太刀Ⅳ	ok	ok
melee	15056	D03A・ヒュージアタッニャー	D03A・哈伊烏杰伊阿特阿	bad	phonetic_salad
melee	15057	D13A・ヒュージシェーニャー	D13A・哈伊烏杰伊斯哈伊	bad	phonetic_salad
melee	15058	D23A・グリグリニャーⅠ	D23A・格烏爾伊格烏爾伊	bad	phonetic_salad
melee	15059	D33A・グリグリニャーⅡ	D33A・格烏爾伊格烏爾伊	bad	phonetic_salad
melee	15060	D43A・グリグリニャーⅢ	D43A・格烏爾伊格烏爾伊	bad	phonetic_salad
melee	15061	D53A・グリグリニャーⅣ	D53A・格烏爾伊格烏爾伊	bad	phonetic_salad
melee	15062	D63A・グリソーニャー	D63A・格烏爾伊斯歐恩伊	bad	phonetic_salad
melee	15063	D73A・グリッシュニャー	D73A・格烏爾伊爾斯哈烏	bad	phonetic_salad
melee	15064	D83A・ブルドリニャーⅠ	D83A・德歐爾伊恩伊阿	bad	phonetic_salad
melee	15065	D93A・ブルドリニャーⅡ	D93A・德歐爾伊恩伊阿	bad	phonetic_salad
melee	15066	DA3A・ブルドリニャーⅢ	DA3A・德歐爾伊恩伊阿	bad	phonetic_salad
melee	15067	DB3A・ブルドリニャーⅣ	DB3A・德歐爾伊恩伊阿	bad	phonetic_salad
melee	15068	DC3A・ブルブレニャー	DC3A・布烏爾艾恩伊阿	bad	phonetic_salad
melee	15069	DD3A・ブルディニャー	DD3A・德伊恩伊阿	bad	phonetic_salad
melee	15070	Gyururusukyunya	格伊烏爾烏爾烏斯	bad	phonetic_salad
melee	15071	DF3A・ギュルルターニャ―	DF3A・格伊烏爾烏爾烏特	bad	phonetic_salad
melee	15072	Inferno Horn Axe	業火角斧	ok	ok
melee	15073	Flamedance Horn Axe	夫勒阿姆艾德阿恩角斧	bad	type_phonetic
melee	15074	Flamewaltz Horn Axe	夫勒阿姆艾瓦阿勒角斧	bad	type_phonetic
melee	15075	Ceris Fern+	塞里斯蕨＋	ok	ok
melee	15076	Ceris Seru+	瑟莉絲・塞魯・改	ok	ok
melee	15077	Ceris Monet+	克艾爾伊斯姆歐恩艾特＋	bad	phonetic_salad
melee	15078	Ceris Coda+	克艾爾伊斯科達＋	bad	phonetic_salad
melee	15079	Ceris Arla+	克艾爾伊斯阿爾勒阿＋	bad	phonetic_salad
melee	15080	E83A・ヴォーラアックス	E83A・沃拉阿阿庫蘇	ok	ok
melee	15081	Dainsleif	德阿伊恩斯勒艾伊	bad	phonetic_salad
melee	15082	Cursed Sword Dainsleif	咒剣德阿伊恩斯勒艾伊	bad	phonetic_salad
melee	15083	ダミー	假	ok	skip_empty_dummy
melee	15084	"Flaming Axe ""Crush"""	炎斧破碎	ok	ok
melee	15085	"Lightning Axe ""Ruler"""	閃電斧【支配者】	ok	ok
melee	15086	"Paralyzing Axe ""Special"""	普阿爾阿勒伊茲伊斧特	bad	type_phonetic
melee	15087	"Freezing Axe ""Faint"""	冰斧夫阿伊恩特	bad	type_phonetic
melee	15088	"Dragon Axe ""Servant"""	竜斧【従僕】	ok	ok
melee	15089	Chloe Axe	克洛伊斧	bad	type_phonetic
melee	15090	"Chloe Axe ""Fire"""	火克洛伊斧	bad	type_phonetic
melee	15091	"Chloe Axe ""Water"""	水克洛伊斧	bad	type_phonetic
melee	15092	"Chloe Axe ""Thunder"""	雷克洛伊斧	bad	type_phonetic
melee	15093	"Chloe Axe ""Ice"""	冰克洛伊斧	bad	type_phonetic
melee	15094	"Chloe Axe ""Dragon"""	竜克洛伊斧	bad	type_phonetic
melee	15095	Thorncrown Rosendorn	特哈歐爾恩克爾歐爾歐斯艾恩德歐爾	bad	phonetic_salad
melee	15096	Thorncrown Rosenstachel	特哈歐爾恩克爾歐爾歐斯艾恩斯特阿	bad	phonetic_salad
melee	15097	Thorncrown Rosennadel	特哈歐爾恩克爾歐爾歐斯艾恩恩阿德	bad	phonetic_salad
melee	15098	Thorncrown Rosenspitze	特哈歐爾恩克爾歐爾歐斯艾恩斯普伊	bad	phonetic_salad
melee	15099	Thornshroud Rosenklinge	特哈歐爾恩斯哈爾爾歐斯艾恩克勒伊	bad	phonetic_salad
melee	15100	Thornshroud Rosenkrone	特哈歐爾恩斯哈爾爾歐斯艾恩克爾歐	bad	phonetic_salad
melee	15101	Thornshroud Rosenturm	特哈歐爾恩斯哈爾爾歐斯艾恩特烏爾	bad	phonetic_salad
melee	15102	Thornshroud Rosenkranz	特哈歐爾恩斯哈爾爾歐斯艾恩克爾阿	bad	phonetic_salad
melee	15103	Thornedge Rosensamba	特哈歐爾恩艾德格爾歐斯艾恩斯阿姆	bad	phonetic_salad
melee	15104	Thornedge Rosenwalzer	特哈歐爾恩艾德格爾歐斯艾恩瓦阿勒	bad	phonetic_salad
melee	15105	Thornedge Rosentanz	特哈歐爾恩艾德格爾歐斯艾恩特阿恩	bad	phonetic_salad
melee	15106	Thornedge Rosentango	特哈歐爾恩艾德格爾歐斯艾恩特阿恩	bad	phonetic_salad
melee	15107	Thornflute Rosenglanz	特哈歐爾恩夫勒烏爾歐斯艾恩格勒阿	bad	phonetic_salad
melee	15108	Thornflute Rosenmelodie	特哈歐爾恩夫勒烏爾歐斯艾恩姆艾勒	bad	phonetic_salad
melee	15109	Thornflute Rosenmusik	特哈歐爾恩夫勒烏爾歐斯艾恩姆烏斯	bad	phonetic_salad
melee	15110	Thornflute Rosenlied	特哈歐爾恩夫勒烏爾歐斯艾恩勒伊艾	bad	phonetic_salad
melee	15111	Thornspike Rosenpikser	特哈歐爾恩斯普伊爾歐斯艾恩普伊克	bad	phonetic_salad
melee	15112	Thornspike Rosenblitz	特哈歐爾恩斯普伊爾歐斯艾恩布勒伊	bad	phonetic_salad
melee	15113	Thornspike Rosentugend	特哈歐爾恩斯普伊爾歐斯艾恩特烏格	bad	phonetic_salad
melee	15114	Thornspike Rosensinn	特哈歐爾恩斯普伊爾歐斯艾恩斯伊恩	bad	phonetic_salad
melee	15115	Thorntusk Rosenfall	特哈歐爾恩特烏斯爾歐斯艾恩夫阿勒	bad	phonetic_salad
melee	15116	Thorntusk Rosenblatt	特哈歐爾恩特烏斯爾歐斯艾恩布勒阿	bad	phonetic_salad
melee	15117	Thorntusk Rosenspiel	特哈歐爾恩特烏斯爾歐斯艾恩斯普伊	bad	phonetic_salad
melee	15118	Thorntusk Rosenzorn	特哈歐爾恩特烏斯爾歐斯艾恩茲歐爾	bad	phonetic_salad
melee	15119	Feather Carrier	羽載	ok	ok
melee	15120	Feather Cut	羽切	ok	ok
melee	15121	Feather Crow	羽克爾歐瓦	ok	ok
melee	15122	Feather Bassari	羽裂	ok	ok
melee	15123	Feather Sleeper	羽斯勒艾艾普艾爾	bad	phonetic_salad
melee	15124	Feather Doze	羽多澤	ok	ok
melee	15125	Feather Dream	羽夢	ok	ok
melee	15126	Feather Eternity	羽艾特艾爾恩伊特伊	bad	phonetic_salad
melee	15127	Feather Freaky	羽夫爾艾阿克伊	ok	ok
melee	15128	Feather Trip	羽旅	ok	ok
melee	15129	Feather Flow	羽流	ok	ok
melee	15130	Feather Comet	羽彗星	ok	ok
melee	15131	Feather Dreamer	羽夢者	ok	ok
melee	15132	Feather Dusk	羽霧野泰	ok	ok
melee	15133	Feather Shadow	羽影	ok	ok
melee	15134	Feather Nights	羽恩伊格哈特斯	bad	phonetic_salad
melee	15135	Feather Tricky	羽特爾伊克克伊	ok	ok
melee	15136	Feather Light	羽光	ok	ok
melee	15137	Feather Illusion	羽幻	ok	ok
melee	15138	Feather Magic	羽魔術	ok	ok
melee	15139	Feather Sweeper	羽掃除	ok	ok
melee	15140	Feather Guts	羽氣力	ok	ok
melee	15141	Feather Envoy	羽艾恩維歐伊	ok	ok
melee	15142	Feather Trend	羽潮流	ok	ok
melee	15143	Stormblade	嵐刃	ok	ok
melee	15144	"Stormblade ""Lightning"""	"嵐刃,窄 UI 引號
」,雷」"	ok	ok
melee	15145	"Stormblade ""Rumble"""	"風暴刃,窄 UI 引號
」,爾烏姆布勒艾」"	ok	ok
melee	15146	"Stormblade ""Thunder"""	"嵐刃,窄 UI 引號
」,雷」"	ok	ok
melee	15147	Stormedge	斯特歐爾姆艾德格	bad	phonetic_salad
melee	15148	"Stormedge ""Rend"""	斯特歐爾姆艾德格	bad	phonetic_salad
melee	15149	"Stormedge ""Break"""	斯特歐爾姆艾德格折	bad	phonetic_salad
melee	15150	"Stormedge ""Divide"""	斯特歐爾姆艾德格	bad	phonetic_salad
melee	15151	Stormgear	斯特歐爾姆格艾阿	bad	phonetic_salad
melee	15152	"Stormgear ""Pierce"""	斯特歐爾姆格艾阿穿	bad	phonetic_salad
melee	15153	"Stormgear ""Dance"""	斯特歐爾姆格艾阿【舞】	bad	phonetic_salad
melee	15154	"Stormgear ""Flow"""	斯特歐爾姆格艾阿流	bad	phonetic_salad
melee	15155	"Aegismauls ""Astaespa"""	阿艾格伊斯姆阿烏	bad	phonetic_salad
melee	15156	"Aegismauls ""Astaepe"""	阿艾格伊斯姆阿烏	bad	phonetic_salad
melee	15157	"Aegismauls ""Astaspas"""	阿艾格伊斯姆阿烏	bad	phonetic_salad
melee	15158	"Aegismauls ""Astazumo"""	阿艾格伊斯姆阿烏	bad	phonetic_salad
melee	15159	"Aegishorn ""Astamelody"""	阿艾格伊斯哈歐爾	bad	phonetic_salad
melee	15160	"Aegishorn ""Astasong"""	阿艾格伊斯哈歐爾	bad	phonetic_salad
melee	15161	"Aegishorn ""Astasing"""	阿艾格伊斯哈歐爾	bad	phonetic_salad
melee	15162	"Aegishorn ""Astadiva"""	阿艾格伊斯哈歐爾	bad	phonetic_salad
melee	15163	"Aegisaxe ""Astaxe"""	阿艾吉薩克斯艾阿斯阿克斯艾	bad	phonetic_salad
melee	15164	"Aegisaxe ""Astacle"""	阿艾吉薩克斯艾阿斯阿克艾	bad	phonetic_salad
melee	15165	"Aegisaxe ""Astaracha"""	阿艾吉薩克斯艾阿斯阿拉奇阿	bad	phonetic_salad
melee	15166	"Aegisaxe ""Astamasha"""	阿艾吉薩克斯艾阿斯阿瑪修阿	bad	phonetic_salad
melee	15167	Deceit Aquamaul	欺瞞水鎚	ok	ok
melee	15168	Deceit Fierce Aquamaul	欺瞞猛水鎚	ok	ok
melee	15169	Deceit Violent Aquamaul	欺瞞凶暴水鎚	ok	ok
melee	15170	Deceit Savage Aquamaul	欺瞞螺鈿終水鎚	bad	raden_end
melee	15171	Deceit Berserk Aquamaul	欺瞞狂水鎚	ok	ok
melee	15172	Allure Aqualance	誘水長槍	ok	ok
melee	15173	Allure Fierce Aqualance	誘猛水長槍	ok	ok
melee	15174	Allure Violent Aqualance	誘凶暴水長槍	ok	ok
melee	15175	Allure Savage Aqualance	誘螺鈿終水長槍	bad	raden_end
melee	15176	Allure Berserk Aqualance	誘狂水長槍	ok	ok
melee	15177	Black Flowaxt	黑夫勒歐瓦阿克斯特	bad	phonetic_salad
melee	15178	Black Fierce Flowaxt	黑猛夫勒歐瓦阿克斯特	bad	phonetic_salad
melee	15179	Black Violent Flowaxt	黑凶暴夫勒歐瓦阿克斯特	bad	phonetic_salad
melee	15180	Black Savage Flowaxt	黑螺鈿終夫勒歐瓦阿克斯特	bad	raden_end
melee	15181	Black Berserk Flowaxt	黑狂夫勒歐瓦阿克斯特	bad	phonetic_salad
melee	15182	Mania Flowclub	狂流棍	ok	ok
melee	15183	Mania Fierce Flowclub	狂猛流棍	ok	ok
melee	15184	Mania Violent Flowclub	狂凶暴流棍	ok	ok
melee	15185	Mania Savage Flowclub	狂螺鈿終流棍	bad	raden_end
melee	15186	Mania Berserk Flowclub	狂狂流棍	ok	ok
melee	15187	Caress Charsword	克阿爾艾斯斯克哈阿爾斯瓦歐爾	bad	phonetic_salad
melee	15188	Caress Fierce Charsword	克阿爾艾斯斯猛克哈阿爾斯瓦歐爾	bad	phonetic_salad
melee	15189	Caress Savage Charsword	克阿爾艾斯斯螺鈿終克哈阿爾斯瓦歐爾	bad	raden_end
melee	15190	ダミー	假	ok	skip_empty_dummy
melee	15191	ダミー	假	ok	skip_empty_dummy
melee	15192	Lustre Charpair	魯斯雷克哈阿爾普阿伊爾	bad	phonetic_salad
melee	15193	Lustre Fierce Charpair	魯斯雷猛克哈阿爾普阿伊爾	bad	phonetic_salad
melee	15194	Lustre Savage Charpair	魯斯雷螺鈿終克哈阿爾普阿伊爾	bad	raden_end
melee	15195	ダミー	假	ok	skip_empty_dummy
melee	15196	ダミー	假	ok	skip_empty_dummy
melee	15197	Crush Flameblade	破碎炎刃	ok	ok
melee	15198	Crush Fierce Flameblade	破碎猛炎刃	ok	ok
melee	15199	Crush Savage Flameblade	破碎螺鈿終炎刃	bad	raden_end
melee	15200	ダミー	假	ok	skip_empty_dummy
melee	15201	ダミー	假	ok	skip_empty_dummy
melee	15202	Flight Heatedge	夫勒伊格哈特哈艾阿特艾德格艾	bad	phonetic_salad
melee	15203	Flight Fierce Heatedge	夫勒伊格哈特猛哈艾阿特艾德格艾	bad	phonetic_salad
melee	15204	Flight Violent Heatedge	夫勒伊格哈特凶暴哈艾阿特艾德格艾	bad	phonetic_salad
melee	15205	ダミー	假	ok	skip_empty_dummy
melee	15206	ダミー	假	ok	skip_empty_dummy
melee	15207	Blaze Heatmaul	炎熱鎚	ok	ok
melee	15208	Blaze Fierce Heatmaul	炎猛熱鎚	ok	ok
melee	15209	Blaze Violent Heatmaul	炎凶暴熱鎚	ok	ok
melee	15210	ダミー	假	ok	skip_empty_dummy
melee	15211	ダミー	假	ok	skip_empty_dummy
melee	15212	Depth Flamepike	深焔尖槍	ok	ok
melee	15213	Depth Fierce Flamepike	深猛焔尖槍	ok	ok
melee	15214	Depth Violent Flamepike	深凶暴焔尖槍	ok	ok
melee	15215	ダミー	假	ok	skip_empty_dummy
melee	15216	ダミー	假	ok	skip_empty_dummy
melee	15217	Francisca	FＲNＣⅠSＣ	ok	ok
melee	15218	Battle Axe Francisca	戦斧FＲNＣⅠSＣ	ok	ok
melee	15219	Mavlov	姆阿維勒歐維	ok	ok
melee	15220	Mavlov Duo	姆阿維勒歐維雙	ok	ok
melee	15221	Mavlov Tria	姆阿維勒歐維特伊阿	bad	phonetic_salad
melee	15222	Mavlov Quatro	姆阿維勒歐維奎阿特歐	bad	phonetic_salad
melee	15223	Mavlov Quin	姆阿維勒歐維奎烏伊恩	bad	phonetic_salad
melee	15224	Mavlov Prop	姆阿維勒歐維普爾歐普	bad	phonetic_salad
melee	15225	Mavlov Gene	姆阿維勒歐維格涅	bad	phonetic_salad
melee	15226	Rozovi	羅佐維	ok	ok
melee	15227	Rozovi Duo	羅佐維雙	ok	ok
melee	15228	Rozovi Tria	羅佐維特伊阿	ok	ok
melee	15229	Rozovi Quatro	羅佐維奎阿特歐	ok	ok
melee	15230	Rozovi Quin	羅佐維奎烏伊恩	ok	ok
melee	15231	Rozovi Prop	羅佐維普爾歐普	ok	ok
melee	15232	Rozovi Gene	羅佐維格涅	ok	ok
melee	15233	Terrain	地形	ok	ok
melee	15234	Ette Terrain	艾特・地勢	ok	ok
melee	15235	Solitude	索利圖德	ok	ok
melee	15236	Ette Solitude	艾特特艾索利圖德	bad	phonetic_salad
melee	15237	"Composer Bite ""Intro"""	作曲比特序	ok	ok
melee	15238	"Composer Bite ""Chorus"""	作曲比特合唱	ok	ok
melee	15239	"Composer Bite ""Encore"""	作曲比特安可	ok	ok
melee	15240	"Composer Pair ""Intro"""	作曲對序	ok	ok
melee	15241	"Composer Pair ""Chorus"""	作曲對合唱	ok	ok
melee	15242	"Composer Pair ""Encore"""	作曲對安可	ok	ok
melee	15243	"Composer Blade ""Intro"""	作曲刃序	ok	ok
melee	15244	"Composer Blade""Chorus"""	作曲刃合唱	ok	ok
melee	15245	"Composer Blade""Encore"""	作曲刃安可	ok	ok
melee	15246	"Composer Edge ""Intro"""	作曲刃序	ok	ok
melee	15247	"Composer Edge ""Chorus"""	作曲刃合唱	ok	ok
melee	15248	"Composer Edge ""Encore"""	作曲刃安可	ok	ok
melee	15249	"Composer Mace ""Intro"""	作曲鎚序	ok	ok
melee	15250	"Composer Mace ""Chorus"""	作曲鎚合唱	ok	ok
melee	15251	"Composer Mace ""Encore"""	作曲鎚安可	ok	ok
melee	15252	"Composer Harp ""Intro"""	作曲哈阿爾普序	ok	ok
melee	15253	"Composer Harp ""Chorus"""	作曲哈阿爾普合唱	bad	phonetic_salad
melee	15254	"Composer Harp ""Encore"""	作曲哈阿爾普安可	bad	phonetic_salad
melee	15255	"Composer Spire ""Intro"""	作曲斯普伊爾艾序	bad	phonetic_salad
melee	15256	"Composer Spire""Chorus"""	作曲斯普伊爾艾合唱	bad	phonetic_salad
melee	15257	"Composer Spire""Encore"""	作曲斯普伊爾艾安可	bad	phonetic_salad
melee	15258	"Composer Cannon ""Intro"""	作曲加農砲序	ok	ok
melee	15259	"Composer Cannon ""Chorus"""	作曲加農砲合唱	ok	ok
melee	15260	"Composer Cannon ""Encore"""	作曲加農砲安可	ok	ok
melee	15261	"Composer Tonfa ""Solo"""	作曲穿刺棍索洛	ok	ok
melee	15262	"Composer Axe ""Solo"""	作曲斧索洛	ok	ok
melee	15263	Tio Tio	托吉阿托吉阿	ok	ok
melee	15264	Zio Zio	怪轟竜怪轟竜	ok	ok
melee	15265	Dahlia	德阿哈勒伊阿	ok	ok
melee	15266	Crimson	深紅	ok	ok
melee	15267	Voloracle	沃洛拉克艾	ok	ok
melee	15268	Akantor Passway	霸竜普阿斯斯瓦阿伊	bad	phonetic_salad
melee	15269	"Beta Knife ""Light"""	β刀輕	ok	ok
melee	15270	"Beta Knife ""Light"" Ⅱ"	β刀輕Ⅱ	ok	ok
melee	15271	"Beta Knife ""Light"" Ⅲ"	β刀輕Ⅲ	ok	ok
melee	15272	"Beta Knife ""Light"" Ⅳ"	β刀輕Ⅳ	ok	ok
melee	15273	"Beta Knife ""Light"" Ⅴ"	β刀輕Ⅴ	ok	ok
melee	15274	"Ex Beta ""Bright"""	ＥＸβ輝	ok	ok
melee	15275	ダミー	假	ok	skip_empty_dummy
melee	15276	ダミー	假	ok	skip_empty_dummy
melee	15277	ダミー	假	ok	skip_empty_dummy
melee	15278	ダミー	假	ok	skip_empty_dummy
melee	15279	ダミー	假	ok	skip_empty_dummy
melee	15280	Jager-Ankh	獵人安可	ok	ok
melee	15281	Sucher-Ankh	探求者安可	ok	ok
melee	15282	Sieger-Ankh	勝者安可	ok	ok
melee	15283	Fledderklauen	夫勒艾德德艾爾克	bad	phonetic_salad
melee	15284	Hungerklauen	哈烏恩格艾爾克勒	bad	phonetic_salad
melee	15285	Aasklauen	阿阿斯克勒阿烏艾	bad	phonetic_salad
melee	15286	Schattenscholz	斯克哈阿特特艾恩	bad	phonetic_salad
melee	15287	Dusterstolz	德烏斯特艾爾斯特	bad	phonetic_salad
melee	15288	Verhangnisstolz	維艾爾哈阿恩格恩	bad	phonetic_salad
melee	15289	Stahlfakt	斯特阿哈勒夫阿克	bad	phonetic_salad
melee	15290	Stahltrecht	斯特阿哈勒特爾艾	bad	phonetic_salad
melee	15291	Stahlurteil	斯特阿哈勒烏爾特	bad	phonetic_salad
melee	15292	Wuchtblick	瓦烏克哈特布勒伊	bad	phonetic_salad
melee	15293	Grimmblick	格爾伊姆姆布勒伊	bad	phonetic_salad
melee	15294	Achtungsblick	阿克哈特烏恩格斯	bad	phonetic_salad
melee	15295	Kummerklang	克烏姆姆艾爾克勒	bad	phonetic_salad
melee	15296	Gramklang	格爾阿姆克勒阿恩	bad	phonetic_salad
melee	15297	Trauerklang	特爾阿烏艾爾克勒	bad	phonetic_salad
melee	15298	Eiferschild	艾伊夫艾爾斯克哈	bad	phonetic_salad
melee	15299	Fieberschild	夫伊艾布艾爾斯克	bad	phonetic_salad
melee	15300	Zornesschild	茲歐爾恩艾斯斯克	bad	phonetic_salad
melee	15301	Tyrannenarm	特伊爾阿恩恩艾恩	bad	phonetic_salad
melee	15302	Verraterarm	叛徒臂	ok	ok
melee	15303	Hochmutsarm	哈歐克哈姆烏特斯	bad	phonetic_salad
melee	15304	Elendsflug	艾勒艾恩德斯夫勒	bad	phonetic_salad
melee	15305	Dunkelsflug	德烏恩克艾勒斯夫	bad	phonetic_salad
melee	15306	Eisenleib	艾伊斯艾恩勒艾伊	bad	phonetic_salad
melee	15307	Eisenherz	鐵心	ok	ok
melee	15308	Zena Wasser	裂水竜瓦阿斯斯艾爾	ok	ok
melee	15309	Zena Natur	裂水竜恩阿特烏爾	bad	phonetic_salad
melee	15310	Zena Neroshwi	裂水竜涅羅修威	ok	ok
melee	15311	"Flamedirks ""Soleil"""	夫勒阿姆艾德伊爾斯歐勒艾伊勒	bad	phonetic_salad
melee	15312	"Flamedirks ""Shams"""	夫勒阿姆艾德伊爾	bad	phonetic_salad
melee	15313	"Flamedirks ""Taian"""	夫勒阿姆艾德伊爾	bad	phonetic_salad
melee	15314	"Flamedirks ""Reflare"""	夫勒阿姆艾德伊爾	bad	phonetic_salad
melee	15315	"Flameclub ""Anatoria"""	夫勒阿姆艾克勒烏阿娜托里阿	bad	phonetic_salad
melee	15316	"Flameclub ""Joule"""	夫勒阿姆艾克勒烏喬烏勒	bad	phonetic_salad
melee	15317	"Flameclub ""Thian"""	夫勒阿姆艾克勒烏特哈伊阿恩	bad	phonetic_salad
melee	15318	"Flameclub ""Leoshar"""	夫勒阿姆艾克勒烏勒艾歐斯哈阿爾	bad	phonetic_salad
melee	15319	"Flameglance ""Yaftalk"""	夫勒阿姆艾格勒阿	bad	phonetic_salad
melee	15320	"Flameglance ""Fotier"""	夫勒阿姆艾格勒阿	bad	phonetic_salad
melee	15321	"Flameglance ""Feiska"""	夫勒阿姆艾格勒阿	bad	phonetic_salad
melee	15322	"Flameglance ""Leofolga"""	夫勒阿姆艾格勒阿	bad	phonetic_salad
melee	15323	Vrage Blizzard	維爾阿格艾吹雪	ok	ok
melee	15324	Vrage Frostbite	維爾阿格艾夫爾歐斯特布伊特	bad	phonetic_salad
melee	15325	Vrage Snow	維爾阿格艾雪	ok	ok
melee	15326	Dovrane Whitepeak	德歐維爾阿恩艾瓦哈伊特艾普艾阿	bad	phonetic_salad
melee	15327	Vrage Nightshade	維爾阿格艾恩伊格哈特斯哈阿	bad	phonetic_salad
melee	15328	Vrage Nova	維爾阿格艾新星	ok	ok
melee	15329	Vrage Crag	弗拉格岩壁	ok	ok
melee	15330	Dovrane Loftypeak	德歐維爾阿恩艾勒歐夫特伊普艾阿	bad	phonetic_salad
melee	15331	Braj Hyono	布爾阿杰哈伊歐恩歐	bad	phonetic_salad
melee	15332	Braj Ravina	ＢＲJＲＶIN	ok	ok
melee	15333	Braj Grell	布爾阿杰格爾艾勒勒	bad	phonetic_salad
melee	15334	"Blango ""Blanc"""	雪獅子聲急証	ok	ok
melee	15335	Ceris Escar+	瑟莉絲・艾斯可・改	ok	ok
melee	15336	Ceris Vulcan+	塞里斯火山＋	ok	ok
melee	15337	Ceris Rook+	塞里斯城堡＋	ok	ok
melee	15338	Ceris Isam+	瑟莉絲・伊薩姆・改	ok	ok
melee	15339	Destan	德艾斯特阿恩	ok	ok
melee	15340	Destan Mira	德艾斯特阿恩米拉	bad	phonetic_salad
melee	15341	Destan Kadal	德艾斯特阿恩克阿德阿勒	bad	phonetic_salad
melee	15342	Destan Sumin	德艾斯特阿恩斯烏姆伊恩	bad	phonetic_salad
melee	15343	Destan Saar	德艾斯特阿恩斯阿阿爾	bad	phonetic_salad
melee	15344	Destan More	德艾斯特阿恩莫雷	bad	phonetic_salad
melee	15345	Destan Most	德艾斯特阿恩莫斯	bad	phonetic_salad
melee	15346	Evai	艾瓦伊	ok	ok
melee	15347	Evai Mira	艾瓦伊・米拉	ok	ok
melee	15348	Evai Kadal	艾瓦伊克阿德阿勒	bad	phonetic_salad
melee	15349	Evai Sumin	艾瓦伊・蘇敏	ok	ok
melee	15350	Evai Saar	艾瓦伊・札爾	ok	ok
melee	15351	Evai More	艾瓦伊莫雷	ok	ok
melee	15352	Evai Most	艾瓦伊莫斯	ok	ok
melee	15353	Skopel	斯克歐普艾勒	ok	ok
melee	15354	Skopel Tilla	斯克歐普艾勒特伊勒勒阿	bad	phonetic_salad
melee	15355	Parton	普阿爾特歐恩	ok	ok
melee	15356	Parton Tilla	普阿爾特歐恩特伊勒勒阿	bad	phonetic_salad
melee	15357	ToroKuru Box Ⅶ	魚庫魯箱Ⅶ	ok	ok
melee	15358	ToroKuro Max Ⅶ	托羅庫羅極Ⅶ	ok	ok
melee	15359	Toro Plush Ⅶ	托羅布偶Ⅶ	ok	ok
melee	15360	Kuro Plush Ⅶ	庫羅布偶Ⅶ	ok	ok
melee	15361	Miku Septet	ミクホン・七重奏	ok	ok
melee	15362	Hatsune Septet Vocals	初音斯艾普特艾特歌聲	bad	phonetic_salad
melee	15363	Miku Key Octet	未來鍵歐克特艾特	bad	phonetic_salad
melee	15364	Hatsune Key Octet	初音鍵歐克特艾特	bad	phonetic_salad
melee	15365	ExEmperor Ice King Blade	冰ＥＸ帝王刃	ok	ok
melee	15366	Ex Dark Ice King Blade	EX闇氷王刃	ok	ok
melee	15367	Ex Eperor Ice Axe	冰ＥＸ艾普艾爾歐爾斧	ok	ok
melee	15368	Ex Dark Ice King Axe	EX闇氷王斧	ok	ok
melee	15369	Vola Axt	沃拉斧	ok	ok
melee	15370	Vola Axt+	沃拉斧＋	ok	ok
melee	15371	True Vola Axt	真沃拉斧	ok	ok
melee	15372	Alvora Axt	阿勒維歐爾阿斧	ok	ok
melee	15373	Vola Epee	沃拉刺剣	ok	ok
melee	15374	Vola Epee+	沃拉刺剣＋	ok	ok
melee	15375	True Vola Epee	真沃拉刺剣	ok	ok
melee	15376	Alvora Epee	阿勒維歐爾阿刺剣	bad	phonetic_salad
melee	15377	Vola Twins	沃拉雙子	ok	ok
melee	15378	Vola Twins+	沃拉雙子＋	ok	ok
melee	15379	True Vola Twins	真沃拉雙子	ok	ok
melee	15380	Alvora Twins	阿勒維歐爾阿雙子	bad	phonetic_salad
melee	15381	Vola Alma	沃拉球紋章	ok	ok
melee	15382	Vola Alma+	沃拉球紋章＋	ok	ok
melee	15383	True Vola ALma	真沃拉球紋章	ok	ok
melee	15384	Alvora Alma	阿勒維歐爾阿球紋章	bad	phonetic_salad
melee	15385	Vola Klinge	沃拉刃	ok	ok
melee	15386	Vola Klinge+	沃拉刃＋	ok	ok
melee	15387	True Vola Klinge	真沃拉刃	ok	ok
melee	15388	Alvora Klinge	阿勒維歐爾阿刃	ok	ok
melee	15389	Vola Marteau	沃拉姆阿爾特艾阿烏	bad	phonetic_salad
melee	15390	Vola Marteau+	沃拉姆阿爾特艾阿烏＋	bad	phonetic_salad
melee	15391	True Vola Marteau	真沃拉姆阿爾特艾阿烏	bad	phonetic_salad
melee	15392	Alvora Marteau	阿勒維歐爾阿姆阿爾特艾阿烏	bad	phonetic_salad
melee	15393	Vola Rapper	沃拉饒舌	ok	ok
melee	15394	Vola Rapper+	沃拉饒舌＋	ok	ok
melee	15395	True Vola Rapper	真沃拉饒舌	ok	ok
melee	15396	Alvora Rapper	阿勒維歐爾阿饒舌	bad	phonetic_salad
melee	15397	Vola Lanze	沃拉槍	ok	ok
melee	15398	Vola Lanze+	沃拉槍＋	ok	ok
melee	15399	True Vola Lanze	真沃拉槍	ok	ok
melee	15400	Alvora Lanze	阿勒維歐爾阿槍	ok	ok
melee	15401	Vola Lancia	沃拉槍	ok	ok
melee	15402	Vola Lancia+	沃拉槍＋	ok	ok
melee	15403	True Vola Lancia	真沃拉槍	ok	ok
melee	15404	Alvola Lancia	阿勒維歐勒阿槍	ok	ok
melee	15405	Vola Tonfa	沃拉穿竜棍	ok	ok
melee	15406	Vola Tonfa+	沃拉穿竜棍＋	ok	ok
melee	15407	True Vola Tonfa	真・沃拉穿竜棍	ok	ok
melee	15408	Alvora Tonfa	沃拉改穿竜棍	ok	ok
melee	15409	Angeles	阿恩格艾勒艾斯	ok	ok
melee	15410	"Twin Battledore ""Luster"""	球紋章羽子板	ok	ok
melee	15411	333C・羽子板ハンマー【駁】	333C・羽子板哈阿恩姆阿駁	ok	ok
melee	15412	Happiness Heart	哈阿普普伊恩艾斯心	bad	phonetic_salad
melee	15413	Starry Sky Tact Ⅰ	星空指揮棒Ⅰ	ok	ok
melee	15414	Starry Sky Tact Ⅱ	星空指揮棒Ⅱ	ok	ok
melee	15415	Starry Sky Tact Ⅲ	星空指揮棒Ⅲ	ok	ok
melee	15416	Starry Sky Tact Ⅳ	星空指揮棒Ⅳ	ok	ok
melee	15417	Starry Sky Tact Ⅴ	星空指揮棒Ⅴ	ok	ok
melee	15418	Starry Sky Tact Ⅵ	星空指揮棒Ⅵ	ok	ok
melee	15419	Night Sky Tact Ⅰ	夜空指揮棒Ⅰ	ok	ok
melee	15420	Night Sky Tact Ⅱ	夜空指揮棒Ⅱ	ok	ok
melee	15421	Night Sky Tact Ⅲ	夜空指揮棒Ⅲ	ok	ok
melee	15422	Night Sky Tact Ⅳ	夜空指揮棒Ⅳ	ok	ok
melee	15423	Night Sky Tact Ⅴ	夜空指揮棒Ⅴ	ok	ok
melee	15424	Night Sky Tact Ⅵ	夜空指揮棒Ⅵ	ok	ok
melee	15425	Regina・Uno	雷吉娜烏諾	ok	ok
melee	15426	Regina・Dos	雷吉娜德歐斯	ok	ok
melee	15427	Regina・Tres	女王・三	ok	ok
melee	15428	Regina・Regina	雷吉娜雷吉娜	ok	ok
melee	15429	Zion Edge	茲伊歐恩端	ok	ok
melee	15430	"Zion Edge ""Form"""	茲伊歐恩端形	ok	ok
melee	15431	"Zion Edge ""Break"""	茲伊歐恩端折	ok	ok
melee	15432	"Zion Edge ""Truth"""	茲伊歐恩端特烏斯	bad	phonetic_salad
melee	15433	Gravios Hammer	鎧竜大錘	ok	ok
melee	15434	Gravios Hammer α	鎧竜大錘α	ok	ok
melee	15435	Gravios Commandment	鎧竜克歐姆姆阿恩德姆	bad	phonetic_salad
melee	15436	Gravios Pinnacle	鎧竜普伊恩恩阿克勒艾	bad	phonetic_salad
melee	15437	Torag・Canso	特歐爾阿格克阿恩斯歐	bad	phonetic_salad
melee	15438	Torag・Canso+	特歐爾阿格克阿恩斯歐＋	bad	phonetic_salad
melee	15439	Serisui・Canso	瑟里蘇伊克阿恩斯歐	bad	phonetic_salad
melee	15440	Serisui・Canso+	瑟里蘇伊克阿恩斯歐＋	bad	phonetic_salad
melee	15441	ダミー	假	ok	skip_empty_dummy
melee	15442	ダミー	假	ok	skip_empty_dummy
melee	15443	Blazing Peak Blade	迎撃猛炎刃	ok	ok
melee	15444	Blazing Peak Mallet	迎撃猛炎鎚	ok	ok
melee	15445	Blazing Peak Lance	迎撃猛炎長槍	ok	ok
melee	15446	Blazing Peak Axe	迎撃猛炎斧	ok	ok
melee	15447	Vashim Alma	瓦希姆球紋章	ok	ok
melee	15448	Vashim Philo	瓦希姆菲伊洛	ok	ok
melee	15449	Vashim Safe	瓦希姆薩菲	ok	ok
melee	15450	Vashim Gian	瓦希姆格伊阿恩	ok	ok
melee	15451	Vashim Epee	尾晶蠍細剣	ok	ok
melee	15452	Vashim Ramina	瓦希姆拉米娜	ok	ok
melee	15453	Vashim Waffe	瓦希姆瓦阿夫夫艾	bad	phonetic_salad
melee	15454	Vashim Asleja	瓦希姆阿斯艾雅	ok	ok
melee	15455	Vashim Flauto	瓦希姆弗阿烏托	ok	ok
melee	15456	Vashim Sifure	尾晶蠍・西弗爾	ok	ok
melee	15457	Vashim Pete	尾晶蠍・皮特	ok	ok
melee	15458	Vashim Conze	瓦希姆克歐恩茲艾	bad	phonetic_salad
melee	15459	Vashim Lancer	瓦希姆勒阿恩克艾爾	bad	phonetic_salad
melee	15460	Vashim Halvan	瓦希姆哈阿勒維阿恩	bad	phonetic_salad
melee	15461	Vashim Ronhi	瓦希姆爾歐恩哈伊	bad	phonetic_salad
melee	15462	Vashim Yopi	瓦希姆約皮	ok	ok
melee	15463	Vashim Gemu	尾晶蠍・傑穆	ok	ok
melee	15464	Vashim Genma	尾晶蠍・幻魔	ok	ok
melee	15465	Vashim Sfer	瓦希姆斯夫艾爾	ok	ok
melee	15466	Vashim Vaoyu	瓦希姆瓦歐尤	ok	ok
melee	15467	Vashim Zelki	瓦希姆茲艾勒克伊	bad	phonetic_salad
melee	15468	Vashim Tapol	瓦希姆特阿普歐勒	bad	phonetic_salad
melee	15469	Vashim Machado	瓦希姆瑪奇阿多	ok	ok
melee	15470	Vashim Sucre	尾晶蠍・蔗糖	ok	ok
melee	15471	Deathroad Clear	死路透	ok	ok
melee	15472	Deathroad Halo	死路哈洛	ok	ok
melee	15473	Deathroad Halcyon	德艾阿特哈爾歐阿哈阿勒克伊歐恩	bad	phonetic_salad
melee	15474	Deathsign Bask	德艾阿特哈斯伊格布阿斯克	bad	phonetic_salad
melee	15475	Deathroad Gale	死路加勒	ok	ok
melee	15476	Deathroad Crusade	德艾阿特哈爾歐阿克烏薩德	bad	phonetic_salad
melee	15477	Deathroad Conquest	死路征服	ok	ok
melee	15478	Deathsign Domination	德艾阿特哈斯伊格德歐姆伊恩阿特伊	bad	phonetic_salad
melee	15479	Deathroad Sorrow	死路研磨尾	ok	ok
melee	15480	Deathroad Ruin	死路毀	ok	ok
melee	15481	Deathroad Decimation	德艾阿特哈爾歐阿德艾克伊姆阿特伊	bad	phonetic_salad
melee	15482	Deathsign Downfall	德艾阿特哈斯伊格德歐瓦恩夫阿勒勒	bad	phonetic_salad
melee	15483	Deathroad Might	德艾阿特哈爾歐阿姆伊格哈特	bad	phonetic_salad
melee	15484	Deathroad Force	死路力	ok	ok
melee	15485	Deathroad Rule	死路規則	ok	ok
melee	15486	Deathsign Dominion	德艾阿特哈斯伊格德歐姆伊恩伊歐恩	bad	phonetic_salad
melee	15487	Deathroad Faith	死路法伊斯	ok	ok
melee	15488	Deathroad Noblese	德艾阿特哈爾歐阿諾布艾瑟	bad	phonetic_salad
melee	15489	Deathroad Praise	死路讃美	ok	ok
melee	15490	Deathsign Revere	德艾阿特哈斯伊格雷維雷	ok	ok
melee	15491	Deathroad Deceit	死路欺瞞	ok	ok
melee	15492	Deathroad Envy	德艾阿特哈爾歐阿艾恩維伊	bad	phonetic_salad
melee	15493	Deathroad Vain	死路維阿伊恩	ok	ok
melee	15494	Deathsign Union	德艾阿特哈斯伊格烏恩伊歐恩	bad	phonetic_salad
melee	15495	Covet Flowsword	克歐維艾特夫勒歐瓦斯瓦歐爾	bad	phonetic_salad
melee	15496	Covet Fierce Flowsword	克歐維艾特猛夫勒歐瓦斯瓦歐爾	bad	phonetic_salad
melee	15497	Covet Savage Flowsword	克歐維艾特螺鈿終夫勒歐瓦斯瓦歐爾	bad	raden_end
melee	15498	Lustre Flowpair	魯斯雷夫勒歐瓦普阿伊爾	bad	phonetic_salad
melee	15499	Lustre Fierce Flowpair	魯斯雷猛夫勒歐瓦普阿伊爾	bad	phonetic_salad
melee	15500	Lustre Savage Flowpair	魯斯雷螺鈿終夫勒歐瓦普阿伊爾	bad	raden_end
melee	15501	Crush Flowblade	砕流刃	ok	ok
melee	15502	Crush Fierce Flowblade	砕猛流刃	ok	ok
melee	15503	Crush Savage Flowblade	砕螺鈿終流刃	bad	raden_end
melee	15504	Flight Flowedge	夫勒伊格哈特夫勒歐瓦艾德格艾	bad	phonetic_salad
melee	15505	Flight Fierce Flowedge	夫勒伊格哈特猛夫勒歐瓦艾德格艾	bad	phonetic_salad
melee	15506	Flight Savage Flowedge	夫勒伊格哈特螺鈿終夫勒歐瓦艾德格艾	bad	raden_end
melee	15507	Purify Aquamaul	普烏爾伊夫伊水鎚	bad	phonetic_salad
melee	15508	Purify Fierce Aquamaul	普烏爾伊夫伊猛水鎚	ok	ok
melee	15509	Purify Savage Aquamaul	普烏爾伊夫伊螺鈿終水鎚	bad	raden_end
melee	15510	Depth Flowpike	深流尖槍	ok	ok
melee	15511	Depth Fierce Flowpike	深猛流尖槍	ok	ok
melee	15512	Depth Savage Flowpike	深螺鈿終流尖槍	bad	raden_end
melee	15513	Infinity Hina Fes	無限希娜夫艾斯	bad	phonetic_salad
melee	15514	9A3C・アイシンアムール	9A3C・阿伊修伊娜穆魯	bad	phonetic_salad
melee	15515	"Cat Hand ""Super Thief"""	猫手超盜賊	ok	ok
melee	15516	Ex Aurora G-TUNE Blade	ＥＸ極光Ｇ圖涅刃	ok	ok
melee	15517	Rage Rage Suprise	激怒怒怒スパライズ	ok	ok
melee	15518	9E3C・ペイセイ・クール	9E3C・佩伊瑟伊・庫魯	ok	ok
melee	15519	9F3C・ペイセイ・ソークール	9F3C・佩伊瑟伊・索庫魯	ok	ok
melee	15520	Arthurslayer	阿爾特哈烏爾斯勒	bad	phonetic_salad
melee	15521	Beastlord Ⅰ	百獣剣王Ⅰ	ok	ok
melee	15522	Beastlord Ⅱ	百獣剣王Ⅱ	ok	ok
melee	15523	Beastlord Ⅲ	百獣剣王Ⅲ	ok	ok
melee	15524	Beast Lord Ⅳ	獣領主Ⅳ	ok	ok
melee	15525	Beast Lord Ⅴ	獣領主Ⅴ	ok	ok
melee	15526	Beastlord Ⅵ	百獣剣王Ⅵ	ok	ok
melee	15527	Ice Sword Ⅰ	冰剣Ⅰ	ok	ok
melee	15528	Ice Sword Ⅱ	冰剣Ⅱ	ok	ok
melee	15529	Ice Sword Ⅲ	冰剣Ⅲ	ok	ok
melee	15530	Ice Sword Ⅳ	冰剣Ⅳ	ok	ok
melee	15531	Ice Sword Ⅴ	冰剣Ⅴ	ok	ok
melee	15532	Ice Sword Ⅵ	冰剣Ⅵ	ok	ok
melee	15533	Left Handed Sword Ⅰ	左手剣Ⅰ	ok	ok
melee	15534	Left Handed Sword Ⅱ	左手剣Ⅱ	ok	ok
melee	15535	Left Handed Sword Ⅲ	左手剣Ⅲ	ok	ok
melee	15536	Left Handed Sword Ⅳ	左手剣Ⅳ	ok	ok
melee	15537	Left Handed Sword Ⅴ	左手剣Ⅴ	ok	ok
melee	15538	Left Handed Sword Ⅵ	左手剣Ⅵ	ok	ok
melee	15539	Old Katana	舊刀	ok	ok
melee	15540	Old Katana +1	古刀＋1	ok	ok
melee	15541	Old Katana +2	古刀＋2	ok	ok
melee	15542	Old Katana +3	古刀＋3	ok	ok
melee	15543	Old Katana +4	古刀＋4	ok	ok
melee	15544	Old Katana +5	古刀＋5	ok	ok
melee	15545	Old Katana +6	古刀＋6	ok	ok
melee	15546	Old Katana +7	古刀＋7	ok	ok
melee	15547	Demon Katana	惡魔刀	ok	ok
melee	15548	BC3C・暴乱ヲ鎮圧ス天雷剣	ＢＣ3C・暴乱WO鎮圧SU天雷剣	ok	ok
melee	15549	BD3C・暴乱ヲ鎮圧ス天雷鎚	BD3C・暴乱WO鎮圧SU天雷鎚	ok	ok
melee	15550	BE3C・暴乱ヲ鎮圧ス天雷斧	BE3C・暴乱WO鎮圧SU天雷斧	ok	ok
melee	15551	Virtuous Contract I	白之契約Ⅰ	ok	ok
melee	15552	Virtuous Contract II	白之契約Ⅱ	ok	ok
melee	15553	Virtuous Contract III	白之契約Ⅲ	ok	ok
melee	15554	Virtuous Contract IV	白之契約Ⅳ	ok	ok
melee	15555	Virtuous Contract V	白之契約Ⅴ	ok	ok
melee	15556	Virtuous Contract VI	白之契約Ⅵ	ok	ok
melee	15557	ダミー	假	ok	skip_empty_dummy
melee	15558	ダミー	假	ok	skip_empty_dummy
melee	15559	ダミー	假	ok	skip_empty_dummy
melee	15560	ダミー	假	ok	skip_empty_dummy
melee	15561	White Sorrow Ⅰ	白研磨尾Ⅰ	ok	ok
melee	15562	White Sorrow Ⅱ	白研磨尾Ⅱ	ok	ok
melee	15563	Le Detecteur	德艾特艾克特艾烏	bad	phonetic_salad
melee	15564	La Verite	維里特	ok	ok
melee	15565	Le Lemier	勒艾姆伊艾爾	ok	ok
melee	15566	Les Apotres	勒艾斯阿普歐特爾艾斯	bad	phonetic_salad
melee	15567	Le Paradis	普阿爾阿德伊斯	ok	ok
melee	15568	Le Shangrila	修阿恩里拉	ok	ok
melee	15569	L'Apotheose	Ｌ阿波斯艾歐瑟	ok	ok
melee	15570	L'Eclat	Ｌ艾克勒阿特	ok	ok
melee	15571	L'Origine	Ｌ歐里吉涅	ok	ok
melee	15572	La Justiciere	朱斯伊西艾雷	ok	ok
melee	15573	La Loi	洛伊	ok	ok
melee	15574	Le Decalogue	德可洛古艾	ok	ok
melee	15575	Le Jugement	杰烏格艾姆艾恩特	bad	phonetic_salad
melee	15576	La Naissance	恩阿伊斯斯阿恩克	bad	phonetic_salad
melee	15577	La Terre	特艾爾爾艾	ok	ok
melee	15578	La Sepulture	斯艾普烏勒特烏爾	bad	phonetic_salad
melee	15579	La Joie	喬伊艾	ok	ok
melee	15580	Le Gregorien	格爾艾格歐爾伊艾	bad	phonetic_salad
melee	15581	L'Egide	Ｌ艾吉德	ok	ok
melee	15582	Le Sage	薩格	ok	ok
melee	15583	Le Paladin	聖騎士	ok	ok
melee	15584	L'Onde	Ｌ歐恩德艾	ok	ok
melee	15585	Le Mur	姆烏爾	ok	ok
melee	15586	La Forteresse	夫歐爾特艾爾艾斯	bad	phonetic_salad
melee	15587	La Guillotine	格烏伊勒勒歐特伊	bad	phonetic_salad
melee	15588	La Conclusion	克歐恩克勒烏斯伊	bad	phonetic_salad
melee	15589	Le Scintillement	斯克伊恩特伊勒勒	bad	phonetic_salad
melee	15590	Le Rayon	爾阿伊歐恩	ok	ok
melee	15591	Hyuji Nadell	冰狐竜恩阿德艾勒勒	ok	ok
melee	15592	Hyuji Ago	冰狐竜阿戈	ok	ok
melee	15593	Hyuji Perone	冰狐竜佩羅涅	ok	ok
melee	15594	Hyuhyuji Igura	哈伊烏哈伊烏杰伊伊古拉	bad	phonetic_salad
melee	15595	Hyuji Dexyuru	冰狐竜德克斯尤魯	ok	ok
melee	15596	Hyuji Dexuro	冰狐竜德克斯烏羅	ok	ok
melee	15597	Hyuji Sukuriro	冰狐竜蘇庫里羅	ok	ok
melee	15598	Hyuhyuji Adama	哈伊烏哈伊烏杰伊阿達瑪	bad	phonetic_salad
melee	15599	Hyuji Kapata	休治・可波塔	ok	ok
melee	15600	Hyuji Aparu	休治・阿波魯	ok	ok
melee	15601	Hyuji Buwaru	冰狐竜布瓦魯	ok	ok
melee	15602	Hyuhyuji Puroto	哈伊烏哈伊烏杰伊普羅托	bad	phonetic_salad
melee	15603	Hyuji Toronpe	冰狐竜特歐爾歐恩普艾	ok	ok
melee	15604	Hyuji Keimon	冰狐竜克艾伊姆歐恩	ok	ok
melee	15605	Hyuji Tarunada	冰狐竜塔魯娜達	ok	ok
melee	15606	Hyuyuji Vuxin	哈伊烏伊烏杰伊維烏克斯伊恩	bad	phonetic_salad
melee	15607	Freezing Mist	冰霧	ok	ok
melee	15608	Shocking Mist	斯哈歐克克伊恩格霧	bad	phonetic_salad
melee	15609	Lingering Mist	利恩艾里恩霧	ok	ok
melee	15610	Ferocious Froststorm	凶暴夫爾歐斯特斯特歐	bad	phonetic_salad
melee	15611	Winter Mist	冬霧	ok	ok
melee	15612	Piercing Mist	貫通霧	ok	ok
melee	15613	Chilling Mist	克哈伊勒勒伊恩格霧	bad	phonetic_salad
melee	15614	Icy Froststorm	氷夫爾歐斯特斯特歐	bad	phonetic_salad
melee	15615	Pulsing Mist	脈霧	ok	ok
melee	15616	Soaking Mist	索阿奇恩霧	ok	ok
melee	15617	Harmful Mist	哈阿爾姆夫烏勒霧	bad	phonetic_salad
melee	15618	Freezing Froststorm	冰夫爾歐斯特斯特歐	bad	phonetic_salad
melee	15619	Snowy Mist	斯恩歐瓦伊霧	ok	ok
melee	15620	Subzero Mist	斯烏布茲艾爾歐霧	bad	phonetic_salad
melee	15621	Crystal Mist	結晶霧	ok	ok
melee	15622	Iceberg Frostorm	冰山夫爾歐斯特歐爾姆	bad	phonetic_salad
melee	15623	Blizzard Mist	吹雪霧	ok	ok
melee	15624	Avalanche Mist	雪崩霧	ok	ok
melee	15625	Hailstorm Mist	哈阿伊勒斯特歐爾霧	bad	phonetic_salad
melee	15626	Hailing Froststorm	哈伊利恩夫爾歐斯特斯特歐	bad	phonetic_salad
melee	15627	Sleet Mist	斯勒艾艾特霧	ok	ok
melee	15628	Icy Mist	氷霧	ok	ok
melee	15629	Snowdrop Mist	斯恩歐瓦德爾歐普霧	bad	phonetic_salad
melee	15630	Drifting Froststorm	德爾伊夫特伊恩格夫爾歐斯特斯特歐	bad	phonetic_salad
melee	15631	Guan Plush Ⅰ	帝征竜玩偶Ⅰ	ok	ok
melee	15632	Guan Plush Ⅱ	帝征竜玩偶Ⅱ	ok	ok
melee	15633	Guan Plush Ⅲ	帝征竜玩偶Ⅲ	ok	ok
melee	15634	Guan Plush Ⅳ	帝征竜玩偶Ⅳ	ok	ok
melee	15635	Guan Plush Ⅴ	帝征竜玩偶Ⅴ	ok	ok
melee	15636	Guan Plush Ⅵ	帝征竜玩偶Ⅵ	ok	ok
melee	15637	Abi Plush Ⅰ	獰竜玩偶Ⅰ	ok	ok
melee	15638	Abi Plush Ⅱ	獰竜玩偶Ⅱ	ok	ok
melee	15639	Abi Plush Ⅲ	獰竜玩偶Ⅲ	ok	ok
melee	15640	Abi Plush Ⅳ	獰竜玩偶Ⅳ	ok	ok
melee	15641	Abi Plush Ⅴ	獰竜玩偶Ⅴ	ok	ok
melee	15642	Abi Plush Ⅵ	獰竜玩偶Ⅵ	ok	ok
melee	15643	Poboru Plush Ⅰ	創音竜玩偶Ⅰ	ok	ok
melee	15644	Poboru Plush Ⅱ	創音竜玩偶Ⅱ	ok	ok
melee	15645	Poboru Plush Ⅲ	創音竜玩偶Ⅲ	ok	ok
melee	15646	Poboru Plush Ⅳ	創音竜玩偶Ⅳ	ok	ok
melee	15647	Poboru Plush Ⅴ	創音竜玩偶Ⅴ	ok	ok
melee	15648	Poboru Plush Ⅵ	創音竜玩偶Ⅵ	ok	ok
melee	15649	ダミー	假	ok	skip_empty_dummy
melee	15650	Paria Plush Ⅰ	呑竜絨Ⅰ	ok	ok
melee	15651	Paria Plush Ⅱ	呑竜絨Ⅱ	ok	ok
melee	15652	ダミー	假	ok	skip_empty_dummy
melee	15653	Gogomoa Plush I	跳緋獣絨Ⅰ	ok	ok
melee	15654	Gogomoa Plush II	跳緋獣絨Ⅱ	ok	ok
melee	15655	Khezu Baby	奇怪竜幼	ok	ok
melee	15656	Munching Khezu Baby	電竜姆烏恩克哈伊恩格幼	bad	phonetic_salad
melee	15657	Chomping Khezu Baby	電竜克哈歐姆普伊恩格幼	bad	phonetic_salad
melee	15658	Guzzling Khezu Baby	電竜古茲茲利恩幼	ok	ok
melee	15659	Gulping Khezu Baby	電竜格烏勒普伊恩格幼	bad	phonetic_salad
melee	15660	Red Khezu Baby	電竜赤幼	ok	ok
melee	15661	Munching R.Khezu Baby	咀嚼・紅怪鳥寶寶	ok	ok
melee	15662	Chomping R.Khezu Baby	咬・紅怪鳥寶寶	ok	ok
melee	15663	Guzzling R.Khezu Baby	狂飲・紅怪鳥寶寶	ok	ok
melee	15664	Gulping R.Khezu Baby	呑嚥・紅怪鳥寶寶	ok	ok
melee	15665	Zenith Khezu Baby	極位電竜幼	ok	ok
melee	15666	Munching Z.Khezu Baby	咀嚼・紫怪鳥寶寶	ok	ok
melee	15667	Chomping Z.Khezu Baby	咬・紫怪鳥寶寶	ok	ok
melee	15668	Guzzling Z.Khezu Baby	狂飲・紫怪鳥寶寶	ok	ok
melee	15669	Gulping Z.Khezu Baby	呑嚥・紫怪鳥寶寶	ok	ok
melee	15670	Radiant Glitter Duals	輝煌竜鎧沸	ok	ok
melee	15671	Radiant Glitter Whistle	輝煌笛	ok	ok
melee	15672	Radiant Glitter G.Lance	輝煌Ｇ長槍	ok	ok
melee	15673	FLaming Fuel Greatsword	炎燃料大剣	ok	ok
melee	15674	Flaming Fuel Hammer	大錘炎燃料	ok	ok
melee	15675	Flaming Fuel Lance	長槍炎燃料	ok	ok
melee	15676	"Prayer Sword ""Prelude"""	祈願剣普艾魯德	ok	ok
melee	15677	"Prayer Sword ""Interlude"""	祈願剣伊恩特艾爾勒烏德	bad	phonetic_salad
melee	15678	"Prayer Sword ""Finale"""	祈願剣菲娜勒	ok	ok
melee	15679	"Prayer Duals ""Prelude"""	祈願竜鎧沸普艾魯德	ok	ok
melee	15680	"Prayer Duals ""Interlude"""	祈願竜鎧沸	ok	ok
melee	15681	"Prayer Duals ""Finale"""	祈願竜鎧沸菲娜勒	ok	ok
melee	15682	"Prayer Blade ""Prelude"""	祈願刃普艾魯德	ok	ok
melee	15683	"Prayer Blade ""Interlude"""	祈願刃伊恩特艾爾勒烏德	bad	phonetic_salad
melee	15684	"Prayer Blade ""Finale"""	祈願刃菲娜勒	ok	ok
melee	15685	"Prayer Edge ""Prelude"""	祈願刃普艾魯德	ok	ok
melee	15686	"Prayer Edge ""Interlude"""	祈願刃	ok	ok
melee	15687	"Prayer Edge ""Finale"""	祈願刃菲娜勒	ok	ok
melee	15688	"Prayer Beat ""Prelude"""	祈願拍普艾魯德	ok	ok
melee	15689	"Prayer Beat ""Interlude"""	祈願拍	ok	ok
melee	15690	"Prayer Beat ""Finale"""	祈願拍菲娜勒	ok	ok
melee	15691	"Prayer Horn ""Prelude"""	祈願角普艾魯德	ok	ok
melee	15692	"Prayer Horn ""Interlude"""	祈願角	ok	ok
melee	15693	"Prayer Horn ""Finale"""	祈願角菲娜勒	ok	ok
melee	15694	"Prayer Lance ""Prelude"""	長槍祈願普艾魯德	ok	ok
melee	15695	"Prayer Lance ""Interlude"""	祈願槍伊恩特艾爾勒烏德	bad	phonetic_salad
melee	15696	"Prayer Lance ""Finale"""	長槍祈願菲娜勒	ok	ok
melee	15697	"Prayer Shot ""Prelude"""	祈願彈普艾魯德	ok	ok
melee	15698	"Prayer Shot ""Interlude"""	祈願彈	ok	ok
melee	15699	"Prayer Shot ""Finale"""	祈願彈菲娜勒	ok	ok
melee	15700	"Prayer Tonfas ""Solo"""	祈願特歐恩夫阿斯索洛	bad	phonetic_salad
melee	15701	"Prayer Switchaxe ""Solo"""	"祈願斬撃斧斧,窄 UI 引號
」,索洛」"	ok	ok
melee	15702	Azura Epee	蒼藍細剣	ok	ok
melee	15703	Azura Epee+	蒼藍細剣・改	ok	ok
melee	15704	True Azura Epee	真蒼藍細剣	ok	ok
melee	15705	Azure Epee	蒼細剣	ok	ok
melee	15706	Azura Klinge	蒼刃	ok	ok
melee	15707	Azura Klinge+	蒼刃＋	ok	ok
melee	15708	True Azura Klinge	真蒼刃	ok	ok
melee	15709	Azure Klinge	蒼刃	ok	ok
melee	15710	Azura Rapper	蒼藍雙剣	ok	ok
melee	15711	Azura Rapper+	蒼藍雙剣・改	ok	ok
melee	15712	True Azura Rapper	真蒼藍雙剣	ok	ok
melee	15713	Azure Rapper	蒼雙剣	ok	ok
melee	15714	Azura Lanze	蒼槍	ok	ok
melee	15715	Azura Lanze+	蒼槍＋	ok	ok
melee	15716	True Azura Lanze	真蒼槍	ok	ok
melee	15717	Azure Lanze	蒼槍	ok	ok
melee	15718	Azura Axt	ＺＵＲⅩT	ok	ok
melee	15719	Azura Axt+	ＺＵＲⅩT＋	ok	ok
melee	15720	True Azura Axt	真蒼藍斧	ok	ok
melee	15721	Azure Axt	蒼斧	ok	ok
melee	15722	"Sakura Season ""Blossom"""	桜音未來	ok	ok
melee	15723	Twin Monarch Swords+	球紋章君主斯瓦歐爾德斯＋	bad	phonetic_salad
melee	15724	Life Light Bell	命光鈴	ok	ok
melee	15725	Mido Buster Atefa	溟竜破阿特法	ok	ok
melee	15726	Mido Buster Engineer	溟竜破艾恩格伊恩艾艾爾	bad	phonetic_salad
melee	15727	Mido Buster Tenacity	溟竜破特艾恩阿克伊特伊	bad	phonetic_salad
melee	15728	"Mido Buster ""Toushi"""	溟竜破壞	ok	ok
melee	15729	Mido Reaper Potenza	溟竜爾艾阿普艾爾普歐特艾恩茲阿	bad	phonetic_salad
melee	15730	Mido Reaper Ambition	溟竜爾艾阿普艾爾阿姆布伊特伊歐恩	bad	phonetic_salad
melee	15731	Mido Reaper Vitesse	溟竜爾艾阿普艾爾維伊特艾斯斯艾	bad	phonetic_salad
melee	15732	"Mido Reaper ""Eii"""	溟竜死神	ok	ok
melee	15733	Mido Guitar Khiva	溟竜終極征克哈伊維阿	ok	ok
melee	15734	Mido Guitar Aron	溟竜終極征阿爾歐恩	ok	ok
melee	15735	Mido Gutar Solito	溟竜格烏特阿爾索利托	bad	phonetic_salad
melee	15736	"Mido Guitar ""Shiki"""	溟竜終極征	ok	ok
melee	15737	Mido Spear Fame	溟竜槍法梅	ok	ok
melee	15738	Mido Spear Honoured	溟竜槍哈歐恩歐烏爾艾德	ok	ok
melee	15739	Mido Spear Glorious	溟竜槍格勒歐爾伊歐烏斯	ok	ok
melee	15740	"Mido Spear ""Homare"""	溟竜槍霍瑪雷	ok	ok
melee	15741	Mido Tonfa Sieger	溟竜穿竜棍斯伊艾格艾爾	ok	ok
melee	15742	Mido Tonfa Fuzz	穿竜棍溟竜芙茲茲	ok	ok
melee	15743	Mido Tonfa Sika	穿竜棍溟竜西可	ok	ok
melee	15744	"Mido Tonfa ""Chill"""	穿竜棍溟竜克哈伊勒勒	ok	ok
melee	15745	Eternal Beginning	永恆布艾格伊恩恩伊恩	bad	phonetic_salad
melee	15746	Eternal Beginning+	永恆布艾格伊恩恩伊恩＋	bad	phonetic_salad
melee	15747	Eternal Genesis	永創世	ok	ok
melee	15748	Eternal Genesis+	永創世＋	ok	ok
melee	15749	Eternal Origin	永根源	ok	ok
melee	15750	Eternal Origin+	永根源＋	ok	ok
melee	15751	Eternal Pioneer	永先駆	ok	ok
melee	15752	Eternal Pioneer+	永先駆＋	ok	ok
melee	15753	893D・ミラアルヒコ	893D・米拉阿魯希科	ok	ok
melee	15754	8A3D・ミラアルヒコ改	8A3D・米拉阿魯希科改	ok	ok
melee	15755	Eternal Creation	永恆克爾艾阿特伊歐恩	bad	phonetic_salad
melee	15756	Eternal Creation+	永恆克爾艾阿特伊歐恩＋	bad	phonetic_salad
melee	15757	Ruler Guan Plush Ⅰ	極帝征竜玩偶Ⅰ	ok	ok
melee	15758	Ruler Guan Plush Ⅱ	極帝征竜玩偶Ⅱ	ok	ok
melee	15759	Ruler Guan Plush Ⅲ	極帝征竜玩偶Ⅲ	ok	ok
melee	15760	Ruler Guan Plush Ⅳ	極帝征竜玩偶Ⅳ	ok	ok
melee	15761	Ruler Guan Plush Ⅴ	極帝征竜玩偶Ⅴ	ok	ok
melee	15762	Ruler Guan Plush Ⅵ	極帝征竜玩偶Ⅵ	ok	ok
melee	15763	Gia Plush Ⅰ	冰獰竜玩偶Ⅰ	ok	ok
melee	15764	Gia Plush Ⅱ	冰獰竜玩偶Ⅱ	ok	ok
melee	15765	Gia Plush Ⅲ	冰獰竜玩偶Ⅲ	ok	ok
melee	15766	Gia Plush Ⅳ	冰獰竜玩偶Ⅳ	ok	ok
melee	15767	Gia Plush Ⅴ	冰獰竜玩偶Ⅴ	ok	ok
melee	15768	Gia Plush Ⅵ	冰獰竜玩偶Ⅵ	ok	ok
melee	15769	White Poboru Plush Ⅰ	白創音竜玩偶Ⅰ	ok	ok
melee	15770	White Poboru Plush Ⅱ	白創音竜玩偶Ⅱ	ok	ok
melee	15771	White Poboru Plush Ⅲ	白創音竜玩偶Ⅲ	ok	ok
melee	15772	White Poboru Plush Ⅳ	白創音竜玩偶Ⅳ	ok	ok
melee	15773	White Poboru Plush Ⅴ	白創音竜玩偶Ⅴ	ok	ok
melee	15774	White Poboru Plush Ⅵ	白創音竜玩偶Ⅵ	ok	ok
melee	15775	Supremacy Paria Plush Ⅰ	斯烏普爾艾姆阿克呑竜絨Ⅰ	bad	phonetic_salad
melee	15776	Supremacy Paria Plush Ⅱ	斯烏普爾艾姆阿克呑竜絨Ⅱ	bad	phonetic_salad
melee	15777	Absolute Gogo Plush Ⅰ	絶対拉瓦里絨Ⅰ	ok	ok
melee	15778	Absolute Gogo Plush Ⅱ	絶対拉瓦里絨Ⅱ	ok	ok
melee	15779	Seraphim Frostedge Ⅰ	熾凍蒼聖之剣Ⅰ	ok	ok
melee	15780	Seraphim Frostedge Ⅱ	熾凍蒼聖之剣Ⅱ	ok	ok
melee	15781	Seraphim Frostedge Ⅲ	熾凍蒼聖之剣Ⅲ	ok	ok
melee	15782	Seraphim Frostedge Ⅳ	熾凍蒼聖之剣Ⅳ	ok	ok
melee	15783	Seraphim Frostedge Ⅴ	熾凍蒼聖之剣Ⅴ	ok	ok
melee	15784	Seraphim Frostedge Ⅵ	熾凍蒼聖之剣Ⅵ	ok	ok
melee	15785	Seraphim Frostedge Ⅶ	熾凍蒼聖之剣Ⅶ	ok	ok
melee	15786	Sacred Red Blazedance Ⅰ	聖紅炎舞Ⅰ	ok	ok
melee	15787	Sacred Red Blazedance Ⅱ	聖紅炎舞Ⅱ	ok	ok
melee	15788	Sacred Red Blazedance Ⅲ	聖紅炎舞Ⅲ	ok	ok
melee	15789	Sacred Red Blazedance Ⅳ	聖紅炎舞Ⅳ	ok	ok
melee	15790	Sacred Red Blazedance Ⅴ	聖紅炎舞Ⅴ	ok	ok
melee	15791	Sacred Red Blazedance Ⅵ	聖紅炎舞Ⅵ	ok	ok
melee	15792	Sacred Red Blazedance Ⅶ	聖紅炎舞Ⅶ	ok	ok
melee	15793	Sacred Dark Blackflame Ⅰ	聖暗黑焔Ⅰ	ok	ok
melee	15794	Sacred Dark Blackflame Ⅱ	聖暗黑焔Ⅱ	ok	ok
melee	15795	Sacred Dark Blackflame Ⅲ	聖暗黑焔Ⅲ	ok	ok
melee	15796	Sacred Dark Blackflame Ⅳ	聖暗黑焔Ⅳ	ok	ok
melee	15797	Sacred Dark Blackflame Ⅴ	聖暗黑焔Ⅴ	ok	ok
melee	15798	Sacred Dark Blackflame Ⅵ	聖暗黑焔Ⅵ	ok	ok
melee	15799	Sacred Dark Blackflame Ⅶ	聖暗黑焔Ⅶ	ok	ok
melee	15800	Red Crimson Demon Ⅰ	紅魔Ⅰ	ok	ok
melee	15801	Red Crimson Demon Ⅱ	紅魔Ⅱ	ok	ok
melee	15802	Red Crimson Demon Ⅲ	紅魔Ⅲ	ok	ok
melee	15803	Red Crimson Demon Ⅳ	紅魔Ⅳ	ok	ok
melee	15804	Red Crimson Demon Ⅴ	紅魔Ⅴ	ok	ok
melee	15805	Red Crimson Demon Ⅵ	紅魔Ⅵ	ok	ok
melee	15806	Red Crimson Demon Ⅶ	紅魔Ⅶ	ok	ok
melee	15807	Sacred Golden Light Ⅰ	聖金光Ⅰ	ok	ok
melee	15808	Sacred Golden Light Ⅱ	聖金光Ⅱ	ok	ok
melee	15809	Sacred Golden Light Ⅲ	聖金光Ⅲ	ok	ok
melee	15810	Sacred Golden Light Ⅳ	聖金光Ⅳ	ok	ok
melee	15811	Sacred Golden Light Ⅴ	聖金光Ⅴ	ok	ok
melee	15812	Sacred Golden Light Ⅵ	聖金光Ⅵ	ok	ok
melee	15813	Sacred Golden Light Ⅶ	聖金光Ⅶ	ok	ok
melee	15814	Sacred Carnation Horn Ⅰ	聖康乃馨角Ⅰ	ok	ok
melee	15815	Sacred Carnation Horn Ⅱ	聖康乃馨角Ⅱ	ok	ok
melee	15816	Sacred Carnation Horn Ⅲ	聖康乃馨角Ⅲ	ok	ok
melee	15817	Sacred Carnation Horn Ⅳ	聖康乃馨角Ⅳ	ok	ok
melee	15818	Sacred Carnation Horn Ⅴ	聖康乃馨角Ⅴ	ok	ok
melee	15819	Sacred Carnation Horn Ⅵ	聖康乃馨角Ⅵ	ok	ok
melee	15820	Sacred Carnation Horn Ⅶ	聖康乃馨角Ⅶ	ok	ok
melee	15821	Sacred Soarpillar Ⅰ	聖天翔Ⅰ	ok	ok
melee	15822	Sacred Soarpillar Ⅱ	聖天翔Ⅱ	ok	ok
melee	15823	Sacred Soarpillar Ⅲ	聖天翔Ⅲ	ok	ok
melee	15824	Sacred Soarpillar Ⅳ	聖天翔Ⅳ	ok	ok
melee	15825	Sacred Soarpillar Ⅴ	聖天翔Ⅴ	ok	ok
melee	15826	Sacred Soarpillar Ⅵ	聖天翔Ⅵ	ok	ok
melee	15827	Sacred Soarpillar Ⅶ	聖天翔Ⅶ	ok	ok
melee	15828	Sacred Dark Nightfall Ⅰ	聖暗夜幕Ⅰ	ok	ok
melee	15829	Sacred Dark Nightfall Ⅱ	聖暗夜幕Ⅱ	ok	ok
melee	15830	Sacred Dark Nightfall Ⅲ	聖暗夜幕Ⅲ	ok	ok
melee	15831	Sacred Dark Nightfall Ⅳ	聖暗夜幕Ⅳ	ok	ok
melee	15832	Sacred Dark Nightfall Ⅴ	聖暗夜幕Ⅴ	ok	ok
melee	15833	Sacred Dark Nightfall Ⅵ	聖暗夜幕Ⅵ	ok	ok
melee	15834	Sacred Dark Nightfall Ⅶ	聖暗夜幕Ⅶ	ok	ok
melee	15835	Sacred White Boltarm Ⅰ	聖白布歐勒特阿爾姆Ⅰ	bad	phonetic_salad
melee	15836	Sacred White Boltarm Ⅱ	聖白布歐勒特阿爾姆Ⅱ	bad	phonetic_salad
melee	15837	Sacred Violet Melody Ⅰ	聖紫旋律Ⅰ	ok	ok
melee	15838	Sacred Violet Melody Ⅱ	聖紫旋律Ⅱ	ok	ok
melee	15839	Solemn Eyes Sword	炯眼肅靜剣	ok	ok
melee	15840	Solemn Eyes Katana	炯眼肅靜刀	ok	ok
melee	15841	Solemn Eyes Tonfa	炯眼肅靜穿竜棍	ok	ok
melee	15842	Goldwing Blade Ⅰ	黄金翼刃Ⅰ	ok	ok
melee	15843	Goldwing Blade Ⅱ	黄金翼刃Ⅱ	ok	ok
melee	15844	Goldwing Blade Ⅲ	黄金翼刃Ⅲ	ok	ok
melee	15845	Goldwing Blade Ⅳ	黄金翼刃Ⅳ	ok	ok
melee	15846	Victory Goldwing Blade	征服拉格歐勒德瓦伊恩格刃	bad	phonetic_salad
melee	15847	Festi Souls Blade	祭斯歐烏勒斯刃	ok	ok
melee	15848	Festi Souls+	祭斯歐烏勒斯＋	ok	ok
melee	15849	Festi Souls Ex	祭斯歐烏勒斯ＥＸ	bad	phonetic_salad
melee	15850	True Festi Souls	真祭斯歐烏勒斯	ok	ok
melee	15851	Absolute Festi Souls	絶対祭斯歐烏勒斯	bad	phonetic_salad
melee	15852	Azura Twin	蒼球紋章	ok	ok
melee	15853	Azura Twin+	蒼球紋章＋	ok	ok
melee	15854	True Azura Twin	真蒼球紋章	ok	ok
melee	15855	Azure Twin	蒼球紋章	ok	ok
melee	15856	Azura Marteau	蒼藍錘	ok	ok
melee	15857	Azura Marteau+	蒼藍錘・改	ok	ok
melee	15858	True Azura Marteau	真蒼藍錘	ok	ok
melee	15859	Azure Marteau	蒼錘	ok	ok
melee	15860	Azura Alma	蒼球紋章	ok	ok
melee	15861	Azura Alma+	蒼球紋章＋	ok	ok
melee	15862	True Azura Alma	真蒼球紋章	ok	ok
melee	15863	Azure Alma	蒼球紋章	ok	ok
melee	15864	Azura Lancia	蒼槍	ok	ok
melee	15865	Azura Lancia+	蒼槍＋	ok	ok
melee	15866	True Azura Lancia	真蒼槍	ok	ok
melee	15867	Azure Lancia	蒼槍	ok	ok
melee	15868	Azura Tonfa	穿竜棍蒼	ok	ok
melee	15869	Azura Tonfa+	穿竜棍蒼＋	ok	ok
melee	15870	True Azura Tonfa	穿竜棍真蒼	ok	ok
melee	15871	Azure Tonfa	蒼穿刺棍	ok	ok
melee	15872	Burning Zero Dragon Horn	灼零竜角	ok	ok
melee	15873	Burning Zero Dragon Duo	竜燃燒零雙	ok	ok
melee	15874	Burning Zero Dragon Ken	竜燃燒零克艾恩	ok	ok
melee	15875	Burning Zero Dragon Gun	灼零竜銃	ok	ok
melee	15876	Burning Zero Dragon Axe	灼零竜斧	ok	ok
melee	15877	10th Anniversary Cake Ⅰ	十周年蛋菓Ⅰ	ok	ok
melee	15878	10th Anniversary Cake Ⅱ	十周年蛋菓Ⅱ	ok	ok
melee	15879	10th Anniversary Cake Ⅲ	十周年蛋菓Ⅲ	ok	ok
melee	15880	10th Anniversary Cake Ⅳ	十周年蛋菓Ⅳ	ok	ok
melee	15881	10th Anniversary Cake Ⅴ	十周年蛋菓Ⅴ	ok	ok
melee	15882	Sleeping Halk Ⅰ	熟睡霍爾克Ⅰ	ok	ok
melee	15883	Sleeping Halk Ⅱ	熟睡霍爾克Ⅱ	ok	ok
melee	15884	Sleeping Halk Ⅲ	熟睡霍爾克Ⅲ	ok	ok
melee	15885	Sleeping Halk Ⅳ	熟睡霍爾克Ⅳ	ok	ok
melee	15886	Sleeping Halk Ⅴ	熟睡霍爾克Ⅴ	ok	ok
melee	15887	Goldsilver Fish Sticks	格歐勒德斯伊勒維魚奇可雷	bad	phonetic_salad
melee	15888	Goldsilver Fish Sticks α	格歐勒德斯伊勒維魚奇可雷α	bad	phonetic_salad
melee	15889	Goldsilver Fish Sticks β	金銀魚棒β	ok	ok
melee	15890	Goldsilver Fish Sticks Ω	格歐勒德斯伊勒維魚奇可雷Ω	bad	phonetic_salad
melee	15891	Hurray Chloe	哈烏爾爾阿伊奇洛艾	bad	phonetic_salad
melee	15892	Anniversary Chloe Ⅰ	十週年克羅伊Ⅰ	ok	ok
melee	15893	Anniversary Chloe Ⅱ	十週年克羅伊Ⅱ	ok	ok
melee	15894	Anniversary Chloe Ⅲ	十週年克羅伊Ⅲ	ok	ok
melee	15895	Laevamajia	拉艾瓦瑪吉阿	ok	ok
melee	15896	Mistilmajia	姆伊斯特伊勒姆阿	bad	phonetic_salad
melee	15897	Tonairevelgr	特歐恩阿伊爾艾維	bad	phonetic_salad
melee	15898	Binding Felyne Claws EX	球紋章艾露爪ＥＸ	ok	ok
melee	15899	Fiery Melynx Claws EX	菲艾里奇猫爪ＥＸ	ok	ok
melee	15900	Girino Accent	吉里諾阿克克艾恩特	bad	phonetic_salad
melee	15901	Tonalita Accent	托娜利塔阿克克艾恩特	bad	phonetic_salad
melee	15902	Emperor of Summer	皇帝夏	ok	ok
melee	15903	ダミー	假	ok	skip_empty_dummy
melee	15904	Ex Magnetic Field Blade	極磁場刃	ok	ok
melee	15905	Ex Magnetic Field Hammer	極磁場大錘	ok	ok
melee	15906	Ex Magnetic Field Lance	極磁場長槍	ok	ok
melee	15907	Ruko Twins Orugorudo	庫特瓦伊恩斯歐魯戈魯多	bad	phonetic_salad
melee	15908	Ruko Twins Zoroto	庫特瓦伊恩斯佐羅托	bad	phonetic_salad
melee	15909	Ruko Twins Aurumu	庫特瓦伊恩斯阿烏魯穆	bad	phonetic_salad
melee	15910	Light Ruko Twins Jiin	輕庫特瓦伊恩斯杰伊伊恩	bad	phonetic_salad
melee	15911	Ruko Whistle Trueno	庫笛特烏艾諾	ok	ok
melee	15912	Ruko Whistle Guom	庫笛格烏歐姆	ok	ok
melee	15913	Ruko Whistle Raad	庫笛爾阿阿德	ok	ok
melee	15914	Light Ruko Horn Barakyu	輕庫角布阿爾阿克伊烏	bad	type_phonetic
melee	15915	Ruko Tonfa Ranho	穿竜棍庫爾阿恩哈歐	bad	type_phonetic
melee	15916	Ruko Tonfa Dien	穿竜棍庫德伊艾恩	bad	type_phonetic
melee	15917	Ruko Tonfa Futera	穿竜棍庫芙特拉	bad	type_phonetic
melee	15918	Light Ruko Tonfa Erun	穿竜棍輕庫艾爾烏恩	bad	type_phonetic
melee	15919	Ruko Axe Relambago	庫斧爾艾勒阿姆布阿格	bad	type_phonetic
melee	15920	Ruko Axe Tonit	庫斧特歐恩伊特	ok	ok
melee	15921	Ruko Axe Rambon	庫斧爾阿姆布歐恩	bad	type_phonetic
melee	15922	Light Ruko Axe Helan	輕庫斧哈艾勒阿恩	bad	type_phonetic
melee	15923	Ganofulz	格阿恩歐夫烏勒茲	bad	phonetic_salad
melee	15924	Ganosteno	加諾斯艾諾	ok	ok
melee	15925	Ganocosta	加諾科斯阿	ok	ok
melee	15926	Ganocean	格阿恩歐克艾阿恩	bad	phonetic_salad
melee	15927	Ganotalon	格阿恩歐特阿勒歐	bad	phonetic_salad
melee	15928	Ganogala	加諾加拉	ok	ok
melee	15929	Ganosale	加諾薩勒	ok	ok
melee	15930	Ganonnich	格阿恩歐恩恩伊克	bad	phonetic_salad
melee	15931	Ganoescama	格阿恩歐艾斯克阿	bad	phonetic_salad
melee	15932	Ganoreepi	加諾雷艾皮	ok	ok
melee	15933	Ganoshuppe	格阿恩歐斯哈烏普	bad	phonetic_salad
melee	15934	Ganonzairu	格阿恩歐恩茲阿伊	bad	phonetic_salad
melee	15935	Ganofloat	格阿恩歐夫勒歐阿	bad	phonetic_salad
melee	15936	Ganospalen	格阿恩歐斯普阿勒	bad	phonetic_salad
melee	15937	Ganogarejja	格阿恩歐格阿爾艾	bad	phonetic_salad
melee	15938	Ganontoreiben	格阿恩歐恩特歐爾	bad	phonetic_salad
melee	15939	Ganoharpoon	格阿恩歐哈阿爾普	bad	phonetic_salad
melee	15940	Ganopolybius	格阿恩歐普歐勒伊	bad	phonetic_salad
melee	15941	Ganotemple	格阿恩歐特艾姆普	bad	phonetic_salad
melee	15942	Ganotoggle	格阿恩歐特歐格格	bad	phonetic_salad
melee	15943	Ganoline	加諾利涅	ok	ok
melee	15944	Ganoscale	格阿恩歐斯克阿勒	bad	phonetic_salad
melee	15945	Ganocherish	加諾奇艾里修	ok	ok
melee	15946	Ganochief	格阿恩歐克哈伊艾	bad	phonetic_salad
melee	15947	Rubersaber	緋軍刀	ok	ok
melee	15948	Rubersaber+	ルベルセイフ・改	ok	ok
melee	15949	True Rubersaber	ルベルセイフ・真	ok	ok
melee	15950	Terra Rubersaber	大地緋軍刀	ok	ok
melee	15951	Ruberdouble	爾烏布艾爾德歐烏	bad	phonetic_salad
melee	15952	Ruberdouble+	爾烏布艾爾德歐烏＋	bad	phonetic_salad
melee	15953	True Roberdouble	真爾歐布艾爾德歐烏	bad	phonetic_salad
melee	15954	Terra Ruberdouble	特艾爾爾阿爾烏布艾爾德歐烏	bad	phonetic_salad
melee	15955	Rubergian	緋護	ok	ok
melee	15956	Rubergian+	ルベルジアン・改	ok	ok
melee	15957	True Rubergian	ルベルジアン・真	ok	ok
melee	15958	Terra Rubergian	大地緋護	ok	ok
melee	15959	Ruberlamina	爾烏布艾爾勒阿姆	bad	phonetic_salad
melee	15960	Ruberlamina+	爾烏布艾爾勒阿姆＋	bad	phonetic_salad
melee	15961	True Ruberlamina	真爾烏布艾爾勒阿姆	bad	phonetic_salad
melee	15962	Terra Ruberlamina	特艾爾爾阿爾烏布艾爾勒阿姆	bad	phonetic_salad
melee	15963	Ruberchuy	爾烏布艾爾克哈烏	bad	phonetic_salad
melee	15964	Ruberchuy+	爾烏布艾爾克哈烏＋	bad	phonetic_salad
melee	15965	True Ruberchuy	真爾烏布艾爾克哈烏	bad	phonetic_salad
melee	15966	Terra Ruberchuy	特艾爾爾阿爾烏布艾爾克哈烏	bad	phonetic_salad
melee	15967	Ruberflute	爾烏布艾爾夫勒烏	bad	phonetic_salad
melee	15968	Ruberflute+	爾烏布艾爾夫勒烏＋	bad	phonetic_salad
melee	15969	True Ruberflute	真爾烏布艾爾夫勒烏	bad	phonetic_salad
melee	15970	Terra Ruberflute	特艾爾爾阿爾烏布艾爾夫勒烏	bad	phonetic_salad
melee	15971	Rubehalbard	爾烏布艾哈阿勒布	bad	phonetic_salad
melee	15972	Rubehalbard+	爾烏布艾哈阿勒布＋	bad	phonetic_salad
melee	15973	True Ruberhalbard	真爾烏布艾爾哈阿勒	bad	phonetic_salad
melee	15974	Terra Ruberhalbard	特艾爾爾阿爾烏布艾爾哈阿勒	bad	phonetic_salad
melee	15975	Rubelauncher	爾烏布艾勒阿烏恩	bad	phonetic_salad
melee	15976	Rubelauncher+	爾烏布艾勒阿烏恩＋	bad	phonetic_salad
melee	15977	True Rubelauncher	真爾烏布艾勒阿烏恩	bad	phonetic_salad
melee	15978	Terra Rubelauncher	特艾爾爾阿爾烏布艾勒阿烏恩	bad	phonetic_salad
melee	15979	Ruber-Tsukuri	緋造	ok	ok
melee	15980	Ruber-Tsukuri+	ルベルツェクリ・改	ok	ok
melee	15981	True Ruber-Tsukuri	ルベルツェクリ・真	ok	ok
melee	15982	Terra Ruber-Tsukuri	大地緋造	ok	ok
melee	15983	Ruberguardian	緋守護	ok	ok
melee	15984	Ruberguardian+	ルベルグルダン・改	ok	ok
melee	15985	True Ruberguardian	ルベルグルダン・真	ok	ok
melee	15986	Terra Ruberguardian	大地緋守護	ok	ok
melee	15987	ダミー	假	ok	skip_empty_dummy
melee	15988	ダミー	假	ok	skip_empty_dummy
melee	15989	ダミー	假	ok	skip_empty_dummy
melee	15990	ダミー	假	ok	skip_empty_dummy
melee	15991	ダミー	假	ok	skip_empty_dummy
melee	15992	783E・使用禁止	783E・禁止使用	ok	ok
melee	15993	783E・使用禁止	783E・禁止使用	ok	ok
melee	15994	783E・使用禁止	783E・禁止使用	ok	ok
melee	15995	783E・使用禁止	783E・禁止使用	ok	ok
melee	15996	783E・使用禁止	783E・禁止使用	ok	ok
melee	15997	783E・使用禁止	783E・禁止使用	ok	ok
melee	15998	783E・使用禁止	783E・禁止使用	ok	ok
melee	15999	783E・使用禁止	783E・禁止使用	ok	ok
melee	16000	783E・使用禁止	783E・禁止使用	ok	ok
melee	16001	783E・使用禁止	783E・禁止使用	ok	ok
melee	16002	"Proof of Hero ""Ｚ"""	證迪拉瓦	ok	ok
melee	16003	Ex Aurora G-TUNE Radius	ＥＸ極光Ｇ圖涅終極征	ok	ok
melee	16004	Mammoth Frost	巨象霜	ok	ok
melee	16005	Mammoth Hail	巨象雹	ok	ok
melee	16006	Furious Frost	狂霜	ok	ok
melee	16007	Furious Hail	狂雹	ok	ok
melee	16008	Stiff Folly	硬愚	ok	ok
melee	16009	Stiff Loco	硬洛科	ok	ok
melee	16010	Grave Folly	墓愚	ok	ok
melee	16011	Grave Loco	墓洛科	ok	ok
melee	16012	Wonder Cute	奇可愛	ok	ok
melee	16013	Wonder Princess	奇公主	ok	ok
melee	16014	Wonder Tale	瓦歐恩德艾爾塔勒	bad	phonetic_salad
melee	16015	Fairy Cute	妖精可愛	ok	ok
melee	16016	Fairy Princess	妖精公主	ok	ok
melee	16017	Fairytale	法伊里塔勒	ok	ok
melee	16018	Pretty Crown	普爾艾特特伊之冠	bad	phonetic_salad
melee	16019	Pretty White	普爾艾特特伊白	ok	ok
melee	16020	Pretty Pretty	普爾艾特特伊普爾艾特特伊	bad	phonetic_salad
melee	16021	953E・ラスティクローズ	953E・拉蘇提祖	ok	ok
melee	16022	963E・ラスティシマシマ	963E・拉蘇提修伊瑪修伊	ok	ok
melee	16023	973E・ラスティラスティ	973E・拉蘇提拉蘇提	ok	ok
melee	16024	983E・エスティアダーラ	983E・艾蘇提阿達拉	ok	ok
melee	16025	993E・エスティゼンイ	993E・艾蘇提澤尼	ok	ok
melee	16026	9A3E・エンドゥアダーラ	9A3E・艾恩德歐烏阿德阿	bad	phonetic_salad
melee	16027	9B3E・エンドゥゼンイ	9B3E・艾恩德歐烏茲艾恩	bad	phonetic_salad
melee	16028	9C3E・エスタラタルド	9C3E・艾蘇塔拉塔魯多	ok	ok
melee	16029	9D3E・エスタラホクム	9D3E・艾蘇塔拉霍庫穆	ok	ok
melee	16030	9E3E・エンデュタルド	9E3E・艾恩德烏特阿爾烏	bad	phonetic_salad
melee	16031	9F3E・エンデュホクム	9F3E・艾恩德烏哈歐克烏	bad	phonetic_salad
melee	16032	A03E・天耀朧剣【満月】	A03E・天耀朧剣【満月】	ok	ok
melee	16033	Guile Blade	狡智刃	ok	ok
melee	16034	Flame's Origin Ⅰ	原初之火Ⅰ	ok	ok
melee	16035	Flame's Origin Ⅱ	原初之火Ⅱ	ok	ok
melee	16036	Flame's Origin Ⅲ	原初之火Ⅲ	ok	ok
melee	16037	Flame's Origin Ⅳ	原初之火Ⅳ	ok	ok
melee	16038	Flame's Origin Ⅴ	原初之火Ⅴ	ok	ok
melee	16039	Flame's Origin Ⅵ	原初之火Ⅵ	ok	ok
melee	16040	TumbledWheel to VictoryⅠ	特烏姆布勒艾德輪征服拉Ⅰ	bad	phonetic_salad
melee	16041	TumbledWheel to VictoryⅡ	特烏姆布勒艾德輪征服拉Ⅱ	bad	phonetic_salad
melee	16042	TumbledWheel to VictoryⅢ	特烏姆布勒艾德輪征服拉Ⅲ	bad	phonetic_salad
melee	16043	TumbledWheel to VictoryⅣ	特烏姆布勒艾德輪征服拉Ⅳ	bad	phonetic_salad
melee	16044	TumbledWheel to VictoryⅤ	特烏姆布勒艾德輪征服拉Ⅴ	bad	phonetic_salad
melee	16045	TumbledWheel to VictoryⅥ	特烏姆布勒艾德輪征服拉Ⅵ	bad	phonetic_salad
melee	16046	Sword of Prom. Victory Ⅶ	誓約勝利之剣Ⅶ	ok	ok
melee	16047	Golden Victory Sword Ⅶ	黄金征服拉剣Ⅶ	ok	ok
melee	16048	Kanshou and Bakuya Ⅶ	干將莫邪Ⅶ	ok	ok
melee	16049	Divergence Airsword Ⅶ	德伊維艾爾格艾恩阿伊爾斯瓦歐爾德Ⅶ	bad	phonetic_salad
melee	16050	Blck Divergence Sword Ⅶ	黑德伊維艾爾格艾恩剣Ⅶ	bad	phonetic_salad
melee	16051	Nameless Dagger Ⅶ	無名短剣Ⅶ	ok	ok
melee	16052	Black Nameless Dagger Ⅶ	黑無名短剣Ⅶ	ok	ok
melee	16053	Azoth Sword Ⅶ	阿佐特剣Ⅶ	ok	ok
melee	16054	Blue Azoth Sword Ⅶ	青阿佐特剣Ⅶ	ok	ok
melee	16055	Gae Bolg Ⅶ	蓋博爾格Ⅶ	ok	ok
melee	16056	"Gae Bolg ""Black"" Ⅶ"	蓋博爾格【黑】Ⅶ	ok	ok
melee	16057	Manzana Orar	姆阿恩茲阿恩阿歐爾阿爾	bad	phonetic_salad
melee	16058	Lorelei Richt	納桃毛爾伊克哈特	bad	phonetic_salad
melee	16059	Brutalizer	布爾烏特阿勒伊茲	bad	phonetic_salad
melee	16060	Sacred Anger	聖尾虎皮	ok	ok
melee	16061	Dreadnought Rogue	德爾艾阿德恩歐烏羅古艾	bad	phonetic_salad
melee	16062	Invader	侵略	ok	ok
melee	16063	Rashine Sol	拉希涅・索爾	ok	ok
melee	16064	Shellshine Sol	斯哈艾勒勒斯哈伊日輪	bad	phonetic_salad
melee	16065	Stracle Nova	斯拉克艾新星	ok	ok
melee	16066	Riacle Nova	里阿克艾新星	ok	ok
melee	16067	Tio Tio	托吉阿托吉阿	ok	ok
melee	16068	Zuio Zuio	祖伊歐祖伊歐	ok	ok
melee	16069	Ominous Treausre	歐姆伊恩歐烏斯特爾艾阿烏斯爾艾	bad	phonetic_salad
melee	16070	Heavenly Gale	天上加勒	ok	ok
melee	16071	Heaven and Earth	天地	ok	ok
melee	16072	Stormwind Fans	斯特歐爾姆瓦伊恩夫阿恩斯	bad	phonetic_salad
melee	16073	Heavenwind Fans	哈艾阿維艾恩瓦伊夫阿恩斯	bad	phonetic_salad
melee	16074	Taixu Fans	塔伊克斯烏夫阿恩斯	bad	phonetic_salad
melee	16075	Roilcloud Sword	爾歐伊勒克勒歐烏剣	bad	phonetic_salad
melee	16076	Heavenly Sunshine	天上斯烏恩斯哈伊恩艾	bad	phonetic_salad
melee	16077	Astalis Sword	阿斯特阿勒伊斯剣	bad	phonetic_salad
melee	16078	Ominous Spring	歐姆伊恩歐烏斯泉	bad	phonetic_salad
melee	16079	Heavenly Clearing	天上克艾阿里恩	ok	ok
melee	16080	Empyrean Eve	艾姆普伊爾艾阿恩艾維	bad	phonetic_salad
melee	16081	Incubus Hammer	大錘伊恩克烏布烏斯	bad	phonetic_salad
melee	16082	Imminent Dawn	天嵐ノ鏡【旺陽】	ok	ok
melee	16083	Heaven Render	太虚ノ鏡【動天】	ok	ok
melee	16084	Autumn Lute	秋魯特	ok	ok
melee	16085	Harvest Lute	収魯特	ok	ok
melee	16086	Equinox Lute	艾奎伊諾克斯魯特	bad	phonetic_salad
melee	16087	Ominous Cloud	歐姆伊恩歐烏斯雲	bad	phonetic_salad
melee	16088	Heavenly Insight	天上伊恩斯伊格哈特	bad	phonetic_salad
melee	16089	Raging Heavens	太虚ノ矛【衝天】	ok	ok
melee	16090	Ominous Monsoon	歐姆伊恩歐烏斯姆歐恩斯歐歐恩	bad	phonetic_salad
melee	16091	Heavenly Dusk	天上霧野泰	ok	ok
melee	16092	Celestial Gunlance	銃槍克艾勒艾斯特伊阿	ok	ok
melee	16093	Ominous Cloudburst	歐姆伊恩歐烏斯克勒歐烏德布烏爾	bad	phonetic_salad
melee	16094	Taixu Heavens	太虚ノ棍【蒼天】	ok	ok
melee	16095	Cloudburst Axe	克勒歐烏德布烏爾斧	bad	type_phonetic
melee	16096	Welkin Deluge	瓦艾勒克伊恩德魯格	bad	phonetic_salad
melee	16097	"Inagami Duo ""Kazahana"""	雅翁竜雙	ok	ok
melee	16098	"Inagami Duo ""Petals"""	雅翁竜雙花瓣	ok	ok
melee	16099	"Inagami Duo ""Waning"""	雅翁竜雙	ok	ok
melee	16100	"Inagami Duo ""Thriving"""	雅翁竜雙	ok	ok
melee	16101	"Inagami Edge ""Heather"""	雅翁竜刃石楠	ok	ok
melee	16102	"Inagami Edge ""Gazania"""	雅翁竜刃	ok	ok
melee	16103	"Inagami Edge ""Campanula"""	雅翁竜刃	ok	ok
melee	16104	"Inagami Edge ""Briar"""	雅翁竜刃	ok	ok
melee	16105	"Inagami Pike ""Camellia"""	雅翁竜槍磁化抑	ok	ok
melee	16106	"Inagami Pike ""Adorn"""	雅翁竜槍阿德歐爾恩	ok	ok
melee	16107	"Inagami Pike ""Vibrance"""	雅翁竜槍維伊布爾阿恩克艾	bad	phonetic_salad
melee	16108	"Inagami Pike ""Chrysanth"""	雅翁竜槍克哈爾伊斯阿恩特	bad	phonetic_salad
melee	16109	"Inagami Tonfa ""Canna"""	雅翁竜穿竜棍克阿恩恩阿	bad	type_phonetic
melee	16110	"Inagami Tonfa ""Guzmania"""	雅翁竜穿竜棍古茲瑪尼阿	ok	ok
melee	16111	"Inagami Tonfa ""Foxglove"""	雅翁竜穿竜棍佛克斯格歐維	bad	type_phonetic
melee	16112	"Inagami Tonfa ""Zephyr"""	雅翁竜穿竜棍茲艾普哈伊爾	ok	ok
melee	16113	"Musical Sword ""Prelude"""	牙血鐵剣普艾魯德	ok	ok
melee	16114	"Musical Sword ""Chorus"""	牙血鐵剣合唱	ok	ok
melee	16115	"Musical Sword ""Encore"""	牙血鐵剣安可	ok	ok
melee	16116	"Musical Pair ""Prelude"""	牙血鐵對普艾魯德	ok	ok
melee	16117	"Musical Pair ""Chorus"""	牙血鐵對合唱	ok	ok
melee	16118	"Musical Pair ""Encore"""	牙血鐵對安可	ok	ok
melee	16119	"Musical Blade ""Prelude"""	牙血鐵刃普艾魯德	ok	ok
melee	16120	"Musical Blade ""Chorus"""	牙血鐵刃合唱	ok	ok
melee	16121	"Musical Blade ""Encore"""	牙血鐵刃安可	ok	ok
melee	16122	"Musical Katana ""Prelude"""	牙血鐵刀普艾魯德	ok	ok
melee	16123	"Musical Katana ""Chorus"""	牙血鐵刀合唱	ok	ok
melee	16124	"Musical Katana ""Encore"""	牙血鐵刀安可	ok	ok
melee	16125	"Musical Mace ""Prelude"""	牙血鐵鎚普艾魯德	ok	ok
melee	16126	"Musical Mace ""Chorus"""	牙血鐵鎚合唱	ok	ok
melee	16127	"Musical Mace ""Encore"""	牙血鐵鎚安可	ok	ok
melee	16128	"Musical Lance ""Prelude"""	長槍牙血鐵普艾魯德	ok	ok
melee	16129	"Musical Lance ""Chorus"""	長槍牙血鐵合唱	ok	ok
melee	16130	"Musical Lance ""Encore"""	長槍牙血鐵安可	ok	ok
melee	16131	Renka Sword	蓮華剣	ok	ok
melee	16132	"Renka Sword ""Pine"""	蓮華剣【松】	ok	ok
melee	16133	"Renka Sword ""Pinus"""	蓮華剣【松】	ok	ok
melee	16134	"Renka Sword ""Butterfly"""	蓮華剣【蝶】	ok	ok
melee	16135	Renka Edge	蓮華刃	ok	ok
melee	16136	"Renka Edge ""Sakura"""	蓮華刃【櫻】	ok	ok
melee	16137	"Renka Edge ""Prunus"""	蓮華刃【櫻】	ok	ok
melee	16138	"Renka Edge ""Polarize"""	蓮華刃【偏光】	ok	ok
melee	16139	Renka Flute	連歌笛	ok	ok
melee	16140	"Renka Flute ""Wisteria"""	連歌笛	ok	ok
melee	16141	"Renka Flute ""Floribunda"""	連歌笛	ok	ok
melee	16142	"Renka Flute ""Bell Light"""	連歌笛鈴光	ok	ok
melee	16143	Renka Spear	蓮華槍	ok	ok
melee	16144	"Renka Spear ""Iris"""	蓮華槍【鳶尾】	ok	ok
melee	16145	"Renka Spear ""Calamus"""	蓮華槍【菖蒲】	ok	ok
melee	16146	"Renka Spear ""Lightdrain"""	蓮華槍【吸光】	ok	ok
melee	16147	Renka Tonfa	蓮華穿竜棍	ok	ok
melee	16148	"Renka Tonfa ""Peony"""	蓮華穿竜棍【牡丹】	ok	ok
melee	16149	"Renk Tonfa ""Paeonia"""	"連克穿竜棍,窄 UI 引號
」,牡丹」"	ok	ok
melee	16150	"Renka Tonfa ""Gemlight"""	蓮華穿竜棍【宝光】	ok	ok
melee	16151	Renka Axe	蓮華斧	ok	ok
melee	16152	"Renka Axe ""Clover"""	蓮華斧【三葉】	ok	ok
melee	16153	"Renka Axe ""Lespedeza"""	蓮華斧【萩】	ok	ok
melee	16154	"Renka Axe ""Halo"""	蓮華斧【光環】	ok	ok
melee	16155	Ravina Epee	拉維納細剣	ok	ok
melee	16156	Ravina Epee+	ラヴィナエペ・改	ok	ok
melee	16157	True Ravina Epee	ラヴィナエペ・真	ok	ok
melee	16158	Final Ravina Epee	決勝拉維娜刺剣	ok	ok
melee	16159	Ravina Klinge	拉維娜刃	ok	ok
melee	16160	Ravina Klinge+	拉維娜刃＋	ok	ok
melee	16161	True Ravina Klinge	真拉維娜刃	ok	ok
melee	16162	Final Ravina Klinge	決勝拉維娜刃	ok	ok
melee	16163	Ravina Marter	拉維納錘	ok	ok
melee	16164	Ravina Marter+	ラヴィナマルトー・改	ok	ok
melee	16165	True Ravina Marter	ラヴィナマルトー・真	ok	ok
melee	16166	Final Ravina Marter	決勝拉維娜姆阿爾特艾爾	bad	phonetic_salad
melee	16167	Ravina Lanze	拉維娜槍	ok	ok
melee	16168	Ravina Lanze+	拉維娜槍＋	ok	ok
melee	16169	True Ravina Lanze	真拉維娜槍	ok	ok
melee	16170	Final Ravina Lanze	決勝拉維娜槍	ok	ok
melee	16171	Ravina Axt	拉維娜斧	ok	ok
melee	16172	Ravina Axt+	拉維娜斧＋	ok	ok
melee	16173	True Ravina Axt	ラヴィナアクスト・真	ok	ok
melee	16174	Final Ravina Axt	決勝拉維娜斧	ok	ok
melee	16175	New Year Decor Lance	長槍新年装飾	ok	ok
melee	16176	Charming Chocolate	魅惑巧克力	ok	ok
melee	16177	Phantasmal Greatsword Ⅰ	幻想大剣Ⅰ	ok	ok
melee	16178	Phantasmal Greatsword Ⅱ	幻想大剣Ⅱ	ok	ok
melee	16179	Phantasmal Greatsword Ⅲ	幻想大剣Ⅲ	ok	ok
melee	16180	Phantasmal Greatsword Ⅳ	幻想大剣Ⅳ	ok	ok
melee	16181	Phantasmal Greatsword Ⅴ	幻想大剣Ⅴ	ok	ok
melee	16182	Phantasmal Greatsword Ⅵ	幻想大剣Ⅵ	ok	ok
melee	16183	Twelfth Paladin Sword Ⅰ	十二勇士剣Ⅰ	ok	ok
melee	16184	Twelfth Paladin Sword Ⅱ	十二勇士剣Ⅱ	ok	ok
melee	16185	Twelfth Paladin Sword Ⅲ	十二勇士剣Ⅲ	ok	ok
melee	16186	Twelfth Paladin Sword Ⅳ	十二勇士剣Ⅳ	ok	ok
melee	16187	Twelfth Paladin Sword Ⅴ	十二勇士剣Ⅴ	ok	ok
melee	16188	Twelfth Paladin Sword Ⅵ	十二勇士剣Ⅵ	ok	ok
melee	16189	Radiant Royal Sword Ⅰ	燦然輝王剣Ⅰ	ok	ok
melee	16190	Radiant Royal Sword Ⅱ	燦然輝王剣Ⅱ	ok	ok
melee	16191	Radiant Royal Sword Ⅲ	燦然輝王剣Ⅲ	ok	ok
melee	16192	Radiant Royal Sword Ⅳ	燦然輝王剣Ⅳ	ok	ok
melee	16193	Radiant Royal Sword Ⅴ	燦然輝王剣Ⅴ	ok	ok
melee	16194	Radiant Royal Sword Ⅵ	燦然輝王剣Ⅵ	ok	ok
melee	16195	Flag of the Saint Ⅰ	聖女之御旗Ⅰ	ok	ok
melee	16196	Flag of the Saint Ⅱ	聖女之御旗Ⅱ	ok	ok
melee	16197	Flag of the Saint Ⅲ	聖女之御旗Ⅲ	ok	ok
melee	16198	Flag of the Saint Ⅳ	聖女之御旗Ⅳ	ok	ok
melee	16199	Flag of the Saint Ⅴ	聖女之御旗Ⅴ	ok	ok
melee	16200	Flag of the Saint Ⅵ	聖女之御旗Ⅵ	ok	ok
melee	16201	SurveyCorps HalfBlade Ⅶ	調査兵団半刃刀身Ⅶ	ok	ok
melee	16202	GarrisonCorps HalfBlad Ⅶ	駐屯兵団半刃刀身Ⅶ	ok	ok
melee	16203	Ultrahard Steel Blade Ⅶ	超硬質刃Ⅶ	ok	ok
melee	16204	Snap Blade Ⅶ	斯納普刃Ⅶ	ok	ok
melee	16205	Frozen Fate Polar	凍結宿命極地	ok	ok
melee	16206	Frozen Karma Polar	凍結ｋＲM極地	ok	ok
melee	16207	Frozen Demise Polar	凍結終焉極地	ok	ok
melee	16208	Frozen End Polar	凍結終極地	ok	ok
melee	16209	"Toshigami ""Final Dance"""	托修伊加米決勝舞	ok	ok
melee	16210	523F・玉響神楽【終ノ舞】	523F・玉響神楽終NO舞	ok	ok
melee	16211	"Torid Sword ""Exploit"""	照雷鳥剣弱點特效	ok	ok
melee	16212	"Torid Sword ""Plunder"""	照雷鳥剣掠奪	ok	ok
melee	16213	"Torid Sword ""Calamity"""	照雷鳥剣努波奇	ok	ok
melee	16214	"Torid Sword ""Oppression"""	照雷鳥剣歐普普爾艾斯斯伊	bad	phonetic_salad
melee	16215	"Torid Blade ""Waste"""	照雷鳥刃瓦斯艾	ok	ok
melee	16216	"Torid Blade ""Dust"""	照雷鳥刃塵	ok	ok
melee	16217	"Torid Blade ""Core"""	照雷鳥刃核	ok	ok
melee	16218	"Torid Blade ""Geocentric"""	照雷鳥刃格艾歐克艾恩特爾	bad	phonetic_salad
melee	16219	"Torid Lance ""Walls"""	照雷鳥長槍瓦阿勒勒斯	ok	ok
melee	16220	"Torid Lance ""Ruin"""	照雷鳥長槍毀	ok	ok
melee	16221	"Torid Lance ""Palace"""	照雷鳥長槍宮殿	ok	ok
melee	16222	"Torid Lance ""Tomb"""	照雷鳥長槍特歐姆布	ok	ok
melee	16223	"Torid Gunlance ""Island"""	照雷鳥銃槍島	ok	ok
melee	16224	"Torid Gunlance ""Tides"""	照雷鳥銃槍特伊德艾斯	ok	ok
melee	16225	"Torid Gunlance ""Gravel"""	照雷鳥銃槍砂礫	ok	ok
melee	16226	"Torid Gunlance ""Debris"""	照雷鳥銃槍殘骸	ok	ok
melee	16227	"Torid Horn ""Dulcet"""	照雷鳥角	ok	ok
melee	16228	"Torid Horn ""Lively"""	照雷鳥角	ok	ok
melee	16229	"Torid Horn ""Melodic"""	照雷鳥角	ok	ok
melee	16230	"Torid Horn ""Hymn"""	照雷鳥角聖歌	ok	ok
melee	16231	"Dark Sword ""Ixobrychus"""	暗剣【伊索】	ok	ok
melee	16232	"Dark Sword ""Platalea"""	暗剣【琵鷺】	ok	ok
melee	16233	"Dark Sword ""Nycticorax"""	暗剣【夜鷺】	ok	ok
melee	16234	"Dark Sword ""Egretta"""	暗剣【白鷺】	ok	ok
melee	16235	"Dark Edge ""Paradoxornis"""	暗刃【鴉雀】	ok	ok
melee	16236	"Dark Edge ""Emberiza"""	暗刃【鵐】	ok	ok
melee	16237	"Dark Edge ""Parus"""	暗刃【山雀】	ok	ok
melee	16238	"Dark Edge ""Bombycilla"""	暗刃【連雀】	ok	ok
melee	16239	"Dark Gun ""Ptyonoprogne"""	暗銃【岩燕】	ok	ok
melee	16240	"Dark Gun ""Apus"""	暗銃【雨燕】	ok	ok
melee	16241	"Dark Gun ""Hydrobates"""	暗銃【海燕】	ok	ok
melee	16242	"Dark Gun ""Hirundo"""	暗銃【燕】	ok	ok
melee	16243	"Dark Beat ""Lagopus"""	闇拍	ok	ok
melee	16244	"Dark Beat ""Fratercula"""	闇拍	ok	ok
melee	16245	"Dark Beat ""Calonectris"""	闇拍	ok	ok
melee	16246	"Dark Beat ""Ramphastos"""	闇拍	ok	ok
melee	16247	"Dark Axe ""Corvus"""	暗斧【鴉】	ok	ok
melee	16248	"Dark Axe ""Corax"""	暗斧【渡鴉】	ok	ok
melee	16249	"Dark Axe ""Corone"""	暗斧【小嘴鴉】	ok	ok
melee	16250	"Dark Axe ""Macrorhynchos"""	暗斧【大嘴】	ok	ok
melee	16251	Ravina Twins	拉維娜雙子	ok	ok
melee	16252	Ravina Twins+	拉維娜雙子＋	ok	ok
melee	16253	True Ravina Twins	真拉維娜雙子	ok	ok
melee	16254	Final Ravina Twins	決勝拉維娜雙子	ok	ok
melee	16255	Ravina Alma	拉維娜球紋章	ok	ok
melee	16256	Ravina Alma+	拉維娜球紋章＋	ok	ok
melee	16257	True Ravina Alma	真拉維娜球紋章	ok	ok
melee	16258	Final Ravina Alma	決勝拉維娜球紋章	ok	ok
melee	16259	Ravina Rapper	拉維納雙剣	ok	ok
melee	16260	Ravina Rapper+	ラヴィナラッパー・改	ok	ok
melee	16261	True Ravina Rapper	ラヴィナラッパー・真	ok	ok
melee	16262	Final Ravina Rapper	決勝拉維娜饒舌	ok	ok
melee	16263	Ravina Lancia	拉維娜槍	ok	ok
melee	16264	Ravina Lancia+	拉維娜槍＋	ok	ok
melee	16265	True Ravina Lancia	真拉維娜槍	ok	ok
melee	16266	Final Ravina Lancia	決勝拉維娜槍	ok	ok
melee	16267	Ravina Tonfa	拉維娜穿竜棍	ok	ok
melee	16268	Rafina Tonfa+	穿竜棍拉菲娜＋	ok	ok
melee	16269	True Ravina Tonfa	真拉維娜穿竜棍	ok	ok
melee	16270	Final Ravina Tonfa	最終拉維娜穿竜棍	ok	ok
melee	16271	"Nature's Beauty ""Day"""	娜圖雷之美	ok	ok
melee	16272	"Nature's Beauty ""Night"""	娜圖雷之美【夜】	ok	ok
melee	16273	Renka Twins	連歌雙子	ok	ok
melee	16274	"Renka Twins ""Maple"""	連歌雙子【楓】	ok	ok
melee	16275	"Renka Twins ""Japonicum"""	連歌雙子	ok	ok
melee	16276	"Renka Twins""White Light"""	連歌雙子【白光】	ok	ok
melee	16277	Renka Blade	蓮華刃	ok	ok
melee	16278	"Renka Blade ""Willow"""	蓮華刃【柳】	ok	ok
melee	16279	"Renka Blade ""Salix"""	蓮華刃【柳】	ok	ok
melee	16280	"Renka Blade ""Refraction"""	蓮華刃【折射】	ok	ok
melee	16281	Renka Hammer	蓮華大錘	ok	ok
melee	16282	"Renka Hammer ""Paulownia"""	蓮華大錘【桐】	ok	ok
melee	16283	"Renka Hammer ""Foxglove"""	蓮華大錘【毛地黄】	ok	ok
melee	16284	"Renka Hammer ""Echo"""	蓮華大錘【回響】	ok	ok
melee	16285	Renka Shot	連歌弾	ok	ok
melee	16286	"Renka Shot ""Narcissus"""	連歌弾水仙	ok	ok
melee	16287	"Renka Shot ""Poeticus"""	連歌彈	ok	ok
melee	16288	"Renka Shot""Lightscatter"""	連歌彈勒伊格哈特斯克阿	bad	phonetic_salad
melee	16289	"Recital Sword ""Prelude"""	獨奏剣普艾魯德	ok	ok
melee	16290	"Recital Sword ""Chorus"""	獨奏剣合唱	ok	ok
melee	16291	"Recital Sword ""Encore"""	獨奏剣安可	ok	ok
melee	16292	"Recital Blade ""Prelude"""	獨奏刃普艾魯德	ok	ok
melee	16293	"Recital Blade ""Chorus"""	獨奏刃合唱	ok	ok
melee	16294	"Recital Blade ""Encore"""	獨奏刃安可	ok	ok
melee	16295	"Recital Mace ""Prelude"""	獨奏鎚普艾魯德	ok	ok
melee	16296	"Recital Mace ""Chorus"""	獨奏鎚合唱	ok	ok
melee	16297	"Recital Mace ""Encore"""	獨奏鎚安可	ok	ok
melee	16298	"Recital Lance ""Prelude"""	獨奏槍普艾魯德	ok	ok
melee	16299	"Recital Lance ""Chorus"""	獨奏槍合唱	ok	ok
melee	16300	"Recital Lance ""Encore"""	獨奏槍安可	ok	ok
melee	16301	"Recital Tonfa ""Solo"""	穿竜棍獨奏索洛	ok	ok
melee	16302	Flower Drum Bun	花德爾烏姆布烏恩	bad	phonetic_salad
melee	16303	"Recital Duo ""Prelude"""	獨奏雙普艾魯德	ok	ok
melee	16304	"Recital Duo ""Chorus"""	獨奏雙合唱	ok	ok
melee	16305	"Recital Duo ""Encore"""	獨奏雙安可	ok	ok
melee	16306	"Recital Katana ""Prelude"""	獨奏刀普艾魯德	ok	ok
melee	16307	"Recital Katana ""Chorus"""	獨奏刀合唱	ok	ok
melee	16308	"Recital Katana ""Encore"""	獨奏刀安可	ok	ok
melee	16309	"Recital Horn ""Prelude"""	獨奏角普艾魯德	ok	ok
melee	16310	"Recital Horn ""Chorus"""	獨奏角合唱	ok	ok
melee	16311	"Recital Horn ""Encore"""	獨奏角安可	ok	ok
melee	16312	"Recital Cannon ""Prelude"""	獨奏砲普艾魯德	ok	ok
melee	16313	"Recital Cannon ""Chorus"""	獨奏砲合唱	ok	ok
melee	16314	"Recital Cannon ""Encore"""	獨奏砲安可	ok	ok
melee	16315	ダミー	假	ok	skip_empty_dummy
melee	16316	ダミー	假	ok	skip_empty_dummy
melee	16317	"Recital Axe ""Solo"""	獨奏斧索洛	ok	ok
melee	16318	"Rage Blade ""Heated"""	怒刃哈艾阿特艾德	bad	phonetic_salad
melee	16319	"Rage Blade ""Fevered"""	怒刃夫艾維艾爾艾德	bad	phonetic_salad
melee	16320	"Rage Blade ""Smelter"""	怒刃斯姆艾勒特艾爾	bad	phonetic_salad
melee	16321	"Wrath Blade ""Anger"""	怒刃尾虎皮	ok	ok
melee	16322	"Rage Hammer ""Roar"""	大錘激昂咆哮	ok	ok
melee	16323	"Rage Hammer ""Fury"""	大錘激昂憤怒	ok	ok
melee	16324	"Rage Hammer ""Madness"""	大錘怒姆阿德恩艾斯斯	bad	phonetic_salad
melee	16325	"Wrath Axe ""Colere"""	怒斧科勒雷	ok	ok
melee	16326	"Rage Tonfa ""Odd"""	激昂穿刺棍奇	ok	ok
melee	16327	"Rage Tonfa ""Abnormal"""	穿竜棍怒阿布恩歐爾姆阿勒	bad	type_phonetic
melee	16328	"Rage Tonfa ""Strange"""	激昂穿刺棍奇	ok	ok
melee	16329	"Wrath Tonfa ""Thumos"""	穿竜棍怒特哈烏姆歐斯	bad	type_phonetic
melee	16330	"Rage Axe ""Pit"""	怒斧坑	ok	ok
melee	16331	"Rage Axe ""Crater"""	怒斧克爾阿特艾爾	bad	type_phonetic
melee	16332	"Rage Axe ""Ravine"""	怒斧拉維涅	ok	ok
melee	16333	"Wrath Axe ""Fennu"""	怒斧夫艾恩恩烏	ok	ok
melee	16334	Naab Sword	恩阿阿布剣	ok	ok
melee	16335	Feral Fangs	鈿終極爾霧野	ok	ok
melee	16336	Naab Rebellion	恩阿阿布叛逆	ok	ok
melee	16337	Zakun Twins	茲阿克烏恩特瓦伊恩斯	bad	phonetic_salad
melee	16338	Terrible Twins	特艾爾爾伊布勒艾特瓦伊恩斯	bad	phonetic_salad
melee	16339	Zakun Rebellion	茲阿克烏恩叛逆	ok	ok
melee	16340	Cheda Blade	奇艾達刃	ok	ok
melee	16341	Impudent Cheda	叛断刀アルザバル	ok	ok
melee	16342	Cheda Rebellion	奇艾達叛逆	ok	ok
melee	16343	Khanga Edge	坎加刃	ok	ok
melee	16344	Khanga Brink	ｋHNＧＢＲINｋ	ok	ok
melee	16345	Khanga Rebellion	克哈阿恩格阿叛逆	bad	phonetic_salad
melee	16346	Matraca Hammer	大錘瑪特阿可	ok	ok
melee	16347	Argyl Hammer	大錘阿爾格伊勒	ok	ok
melee	16348	Argyl Rebellion	阿爾格伊勒叛逆	ok	ok
melee	16349	Vadya Muse	維阿德伊阿磨尾虎	bad	phonetic_salad
melee	16350	Allysyl Muse	阿勒勒伊斯伊勒磨尾虎	bad	phonetic_salad
melee	16351	Allysyl Rebellion	阿勒勒伊斯伊勒叛逆	bad	phonetic_salad
melee	16352	Harbah Lance	長槍哈阿爾布阿哈	bad	phonetic_salad
melee	16353	Turbulent Lance	長槍特烏爾布烏勒艾恩	bad	phonetic_salad
melee	16354	Harbah Rebellion	哈阿爾布阿哈叛逆	bad	phonetic_salad
melee	16355	Jaya Gunlance	銃槍雅雅	ok	ok
melee	16356	Riotous Gunlance	銃槍爾伊歐特歐烏斯	ok	ok
melee	16357	Jaya Rebellion	雅雅叛逆	ok	ok
melee	16358	Guran Defiance	叛棍アルグラン	ok	ok
melee	16359	Guran Rebellion	格烏爾阿恩叛逆	ok	ok
melee	16360	Baran Defiance	叛伐斧アルダバラン	ok	ok
melee	16361	Baran Rebellion	布阿爾阿恩叛逆	ok	ok
melee	16362	Divine Excalibur	神艾克斯克阿勒伊布	bad	phonetic_salad
melee	16363	Kusanagi-no-Tsurugi	庫薩娜吉之特斯烏爾烏格伊	bad	phonetic_salad
melee	16364	Rare Kusanagi-no-Tsurugi	稀庫薩娜吉之特斯烏爾烏格伊	bad	phonetic_salad
melee	16365	True Kusanagi-no-Tsurugi	真庫薩娜吉之特斯烏爾烏格伊	bad	phonetic_salad
melee	16366	ダミー	假	ok	skip_empty_dummy
melee	16367	ダミー	假	ok	skip_empty_dummy
melee	16368	ダミー	假	ok	skip_empty_dummy
melee	16369	ダミー	假	ok	skip_empty_dummy
melee	16370	ダミー	假	ok	skip_empty_dummy
melee	16371	Elzeacta	艾勒茲艾阿克特阿	bad	phonetic_salad
melee	16372	Elzegwen	艾勒茲艾格瓦艾恩	bad	phonetic_salad
melee	16373	ダミー	假	ok	skip_empty_dummy
melee	16374	ダミー	假	ok	skip_empty_dummy
melee	16375	ダミー	假	ok	skip_empty_dummy
melee	16376	ダミー	假	ok	skip_empty_dummy
melee	16377	Dua Zwilling	雙茲瓦伊勒勒伊恩格	bad	phonetic_salad
melee	16378	Dua Zwilling+	雙茲瓦伊勒勒伊恩格＋	bad	phonetic_salad
melee	16379	True Dua Zwilling	真雙茲瓦伊勒勒伊恩格	ok	ok
melee	16380	Esdua Zwilling	艾斯德烏阿茲瓦伊勒勒伊恩格	bad	phonetic_salad
melee	16381	ダミー	假	ok	skip_empty_dummy
melee	16382	ダミー	假	ok	skip_empty_dummy
melee	16383	ダミー	假	ok	skip_empty_dummy
melee	16384	ダミー	假	ok	skip_empty_dummy
melee	16385	Dua Faust	ＤＵFＵST	ok	ok
melee	16386	Dua Faust+	ＤＵFＵST＋	ok	ok
melee	16387	True Dua Faust	デュアファウスト・真	ok	ok
melee	16388	Esdua Faust	真雙拳	ok	ok
melee	16389	ダミー	假	ok	skip_empty_dummy
melee	16390	歌・救世狂	歌・救世狂	ok	ok
melee	16391	歌・救世狂徒	歌・救世狂徒	ok	ok
melee	16392	歌・救世狂徒【奏祈】	歌・救世狂徒【奏祈】	ok	ok
melee	16393	Dua Beil	雙布艾伊勒	ok	ok
melee	16394	Dua Beil+	雙布艾伊勒＋	ok	ok
melee	16395	True Dua Beil	真雙布艾伊勒	ok	ok
melee	16396	Esdua Beil	艾斯德烏阿布艾伊勒	bad	phonetic_salad
melee	16397	"Resolute Sword ""New"""	剛毅剣新	ok	ok
melee	16398	"Resolute Sword ""Lunge"""	剛毅剣魯恩艾	ok	ok
melee	16399	"Resolute Sword ""Faith"""	剛毅剣法伊斯	ok	ok
melee	16400	"Resolute Sword ""Heart"""	剛毅剣【心】	ok	ok
melee	16401	"Resolute Sword ""Truth"""	剛毅剣特烏斯	ok	ok
melee	16402	"Resolute Sword ""Divine"""	剛毅剣【神】	ok	ok
melee	16403	"Resolute Pair ""New"""	剛毅對新	ok	ok
melee	16404	"Resolute Pair ""Lunge"""	剛毅對魯恩艾	ok	ok
melee	16405	"Resolute Pair ""Faith"""	剛毅對法伊斯	ok	ok
melee	16406	"Resolute Pair ""Heart"""	剛毅對【心】	ok	ok
melee	16407	"Resolute Pair ""Truth"""	剛毅對特烏斯	ok	ok
melee	16408	"Resolute Pair ""Divine"""	剛毅對【神】	ok	ok
melee	16409	"Resolute Blade ""New"""	剛毅刃新	ok	ok
melee	16410	"Resolute Blade ""Lunge"""	剛毅刃魯恩艾	ok	ok
melee	16411	"Resolute Blade ""Faith"""	剛毅刃法伊斯	ok	ok
melee	16412	"Resolute Blade ""Heart"""	剛毅刃【心】	ok	ok
melee	16413	"Resolute Blade ""Truth"""	剛毅刃特烏斯	ok	ok
melee	16414	"Resolute Blade ""Divine"""	剛毅刃【神】	ok	ok
melee	16415	"Resolute Katana ""New"""	剛毅刀新	ok	ok
melee	16416	"Resolute Katana ""Lunge"""	剛毅刀魯恩艾	bad	type_phonetic
melee	16417	"Resolute Katana ""Faith"""	剛毅刀法伊斯	ok	ok
melee	16418	"Resolute Katana ""Heart"""	剛毅刀【心】	ok	ok
melee	16419	"Resolute Katana ""Truth"""	剛毅刀特烏斯	bad	type_phonetic
melee	16420	"Resolute Katana ""Divine"""	剛毅刀【神】	ok	ok
melee	16421	"Resolute Hammer ""New"""	大錘剛毅新	ok	ok
melee	16422	"Resolute Hammer ""Lunge"""	大錘剛毅魯恩艾	ok	ok
melee	16423	"Resolute Hammer ""Faith"""	大錘剛毅法伊斯	ok	ok
melee	16424	"Resolute Hammer ""Heart"""	大錘剛毅【心】	ok	ok
melee	16425	"Resolute Hammer ""Truth"""	大錘剛毅特烏斯	ok	ok
melee	16426	"Resolute Hammer ""Divine"""	大錘剛毅【神】	ok	ok
melee	16427	"Resolute Horn ""New"""	剛毅角新	ok	ok
melee	16428	"Resolute Horn ""Lunge"""	剛毅角魯恩艾	bad	type_phonetic
melee	16429	"Resolute Horn ""Faith"""	剛毅角法伊斯	ok	ok
melee	16430	"Resolute Horn ""Heart"""	剛毅角【心】	ok	ok
melee	16431	"Resolute Horn ""Truth"""	剛毅角特烏斯	ok	ok
melee	16432	"Resolute Horn ""Divine"""	剛毅角【神】	ok	ok
melee	16433	"Resolute Lance ""New"""	長槍剛毅新	ok	ok
melee	16434	"Resolute Lance ""Lunge"""	長槍剛毅魯恩艾	ok	ok
melee	16435	"Resolute Lance ""Faith"""	長槍剛毅法伊斯	ok	ok
melee	16436	"Resolute Lance ""Heart"""	長槍剛毅【心】	ok	ok
melee	16437	"Resolute Lance ""Truth"""	長槍剛毅特烏斯	ok	ok
melee	16438	"Resolute Lance ""Divine"""	長槍剛毅【神】	ok	ok
melee	16439	"Resolute Cannon ""New"""	剛毅加農砲新	ok	ok
melee	16440	"Resolute Cannon ""Lunge"""	剛毅加農砲魯恩艾	ok	ok
melee	16441	"Resolute Cannon ""Faith"""	剛毅加農砲法伊斯	ok	ok
melee	16442	"Resolute Cannon ""Heart"""	剛毅加農砲【心】	ok	ok
melee	16443	"Resolute Cannon ""Truth"""	剛毅加農砲特烏斯	ok	ok
melee	16444	"Resolute Cannon ""Divine"""	剛毅加農砲【神】	ok	ok
melee	16445	"Resolute Tonfa ""Heart"""	剛毅穿刺棍【心】	ok	ok
melee	16446	"Resolute Tonfa ""Truth"""	剛毅穿刺棍特烏斯	bad	type_phonetic
melee	16447	"Resolute Tonfa ""Divine"""	剛毅穿刺棍【神】	ok	ok
melee	16448	"Resolute Axe ""Heart"""	剛毅斧【心】	ok	ok
melee	16449	"Resolute Axe ""Truth"""	剛毅斧特烏斯	bad	type_phonetic
melee	16450	"Resolute Axe ""God"""	剛毅斧【神】	ok	ok
melee	16451	Dressed Mochi	德爾艾斯斯艾德餅	bad	phonetic_salad
melee	16452	Dressed Mochi Stack	德爾艾斯斯艾德餅積	bad	phonetic_salad
melee	16453	Dressed Mochi Skewer	德爾艾斯斯艾德餅斯克艾瓦艾爾	bad	phonetic_salad
melee	16454	Dressed Mochi Mountain	德爾艾斯斯艾德餅山	bad	phonetic_salad
melee	16455	Dressed Giant Mochi	德爾艾斯斯艾德巨大餅	bad	phonetic_salad
melee	16456	Dressed Enourmous Mochi	德爾艾斯斯艾德艾恩歐烏爾姆歐烏餅	bad	phonetic_salad
melee	16457	"Guuku Sword ""Entrance"""	愚空剣艾恩特爾阿恩克艾	bad	phonetic_salad
melee	16458	"Guuku Sword ""Greeting"""	愚空剣格艾艾提恩	bad	phonetic_salad
melee	16459	"Guuku Sword ""Introduce"""	愚空剣伊恩特爾歐德烏克	bad	phonetic_salad
melee	16460	"Guuku Sword ""Cheers!"""	"古古剣,窄 UI 引號
」,乾杯！」"	ok	ok
melee	16461	"Guuku Sword ""Katana"""	愚空剣刀	ok	ok
melee	16462	Sword Guukwwawwa!	剣・古古哇哇！	ok	ok
melee	16463	Wish of Princess Sasa	願公主沙沙	ok	ok
melee	16464	5040・ササ姫さまの極み	5040・薩薩姫極	ok	ok
melee	16465	"Rondo Duo ""Base"""	輪旋雙基	ok	ok
melee	16466	"Rondo Duo ""Mountain"""	輪旋雙山	ok	ok
melee	16467	"Rondo Duo ""Summit"""	輪旋雙頂	ok	ok
melee	16468	"Rondo Duo ""Sagiyama"""	輪旋雙	ok	ok
melee	16469	"Rondo Blade ""Walls"""	輪旋曲刃【城壁】	ok	ok
melee	16470	"Rondo Blade ""Moat"""	輪旋曲刃【堀】	ok	ok
melee	16471	"Rondo Blade ""Trench"""	輪旋曲刃【塹壕】	ok	ok
melee	16472	"Rondo Blade ""Home"""	輪旋曲刃【故郷】	ok	ok
melee	16473	"Rondo Mace ""Xuanwu"""	輪旋曲鎚【玄武】	ok	ok
melee	16474	"Rondo Mace ""Brand"""	輪旋曲鎚【銘】	ok	ok
melee	16475	"Rondo Mace ""Vaisravana"""	輪旋曲鎚【毘沙門】	ok	ok
melee	16476	"Rondo Mace ""Yamato"""	輪旋曲鎚【大和】	ok	ok
melee	16477	"Rondo Cannon ""Iron"""	輪旋曲加農砲【鉄】	ok	ok
melee	16478	"Rondo Cannon ""Triple"""	輪旋曲加農砲【三重】	ok	ok
melee	16479	"Rondo Cannon ""Devas"""	輪旋曲加農砲【天部】	ok	ok
melee	16480	"Rondo Cannon ""Target"""	輪旋曲加農砲【標的】	ok	ok
melee	16481	"Rondo Tonfa ""Portcullis"""	輪旋曲穿竜棍【吊閘】	ok	ok
melee	16482	"Rondo Tonfa ""Toranomon"""	輪旋曲穿竜棍【虎之門】	ok	ok
melee	16483	"Rondo Tonfa ""Sakuramon"""	輪旋曲穿竜棍【櫻門】	ok	ok
melee	16484	"Rondo Tonfa ""Ogura"""	輪旋曲穿竜棍【小倉】	ok	ok
melee	16485	"Rondo Axe ""Vanguard"""	輪旋曲斧【先鋒】	ok	ok
melee	16486	"Rondo Axe ""Second"""	輪旋曲斧【次席】	ok	ok
melee	16487	"Rondo Axe ""Spearhead"""	輪旋曲斧【矛頭】	ok	ok
melee	16488	"Rondo Axe ""Kasai"""	輪旋曲斧【火災】	ok	ok
melee	16489	Dragon Scale Sword Ⅰ	竜鱗剣Ⅰ	ok	ok
melee	16490	Dragon Scale Sword Ⅱ	竜鱗剣Ⅱ	ok	ok
melee	16491	Dragon Scale Sword Ⅲ	竜鱗剣Ⅲ	ok	ok
melee	16492	Dragon Scale Sword Ⅳ	竜鱗剣Ⅳ	ok	ok
melee	16493	Dragon Scale Sword Ⅴ	竜鱗剣Ⅴ	ok	ok
melee	16494	Dragon Scale Sword Ⅵ	竜鱗剣Ⅵ	ok	ok
melee	16495	Aunus' Scythe Ⅰ	阿烏納斯鎌Ⅰ	ok	ok
melee	16496	Aunus' Scythe Ⅱ	阿烏納斯鎌Ⅱ	ok	ok
melee	16497	Aunus' Scythe Ⅲ	阿烏納斯鎌Ⅲ	ok	ok
melee	16498	Aunus' Scythe Ⅳ	阿烏納斯鎌Ⅳ	ok	ok
melee	16499	Aunus' Scythe Ⅴ	阿烏納斯鎌Ⅴ	ok	ok
melee	16500	Aunus' Scythe Ⅵ	阿烏納斯鎌Ⅵ	ok	ok
melee	16501	Golden Bat Ⅰ	黄金球棒Ⅰ	ok	ok
melee	16502	Golden Bat Ⅱ	黄金球棒Ⅱ	ok	ok
melee	16503	Golden Bat Ⅲ	黄金球棒Ⅲ	ok	ok
melee	16504	Golden Bat Ⅳ	黄金球棒Ⅳ	ok	ok
melee	16505	Golden Bat Ⅴ	黄金球棒Ⅴ	ok	ok
melee	16506	Golden Bat Ⅵ	黄金球棒Ⅵ	ok	ok
melee	16507	Wyvern Spear Gae Bulg Ⅰ	飛竜蓋伯爾格槍Ⅰ	ok	ok
melee	16508	Wyvern Spear Gae Bulg Ⅱ	飛竜蓋伯爾格槍Ⅱ	ok	ok
melee	16509	Wyvern Spear Gae Bulg Ⅲ	飛竜蓋伯爾格槍Ⅲ	ok	ok
melee	16510	Wyvern Spear Gae Bulg Ⅳ	飛竜蓋伯爾格槍Ⅳ	ok	ok
melee	16511	Wyvern Spear Gae Bulg Ⅴ	飛竜蓋伯爾格槍Ⅴ	ok	ok
melee	16512	Wyvern Spear Gae Bulg Ⅵ	飛竜蓋伯爾格槍Ⅵ	ok	ok
melee	16513	"Apophis Sword ""Flash"""	阿佩普剣【閃光】	ok	ok
melee	16514	"Apophis Sword ""Shine"""	阿佩普剣【光輝】	ok	ok
melee	16515	"Apophis Sword ""Glory"""	阿佩普剣【栄光】	ok	ok
melee	16516	"Apophis Sword ""Clear"""	阿佩普剣【透】	ok	ok
melee	16517	"Apophis Pair ""Flash"""	阿佩普對閃	ok	ok
melee	16518	"Apophis Pair ""Shine"""	阿佩普對輝	ok	ok
melee	16519	"Apophis Pair ""Glory"""	阿佩普對【栄光】	ok	ok
melee	16520	"Apophis Pair ""Clear"""	阿佩普對【透】	ok	ok
melee	16521	"Apophis Blade ""Flash"""	阿佩普刃【閃光】	ok	ok
melee	16522	"Apophis Blade ""Shine"""	阿佩普刃【光輝】	ok	ok
melee	16523	"Apophis Blade ""Glory"""	阿佩普刃【栄光】	ok	ok
melee	16524	"Apophis Blade ""Clear"""	阿佩普刃【透】	ok	ok
melee	16525	"Apophis Katana ""Flash"""	阿佩普刀【閃光】	bad	type_phonetic
melee	16526	"Apophis Katana ""Shine"""	阿佩普刀【光輝】	bad	type_phonetic
melee	16527	"Apophis Katana ""Glory"""	阿佩普刀【栄光】	bad	type_phonetic
melee	16528	"Apophis Katana ""Clear"""	阿佩普刀【透】	bad	type_phonetic
melee	16529	"Apophis Crusher ""Flash"""	阿佩普粉碎【閃光】	ok	ok
melee	16530	"Apophis Crusher ""Shine"""	阿佩普粉碎【光輝】	ok	ok
melee	16531	"Apophis Crusher ""Glory"""	阿佩普粉碎【栄光】	ok	ok
melee	16532	"Apophis Crusher ""Clear"""	阿佩普粉碎【透】	ok	ok
melee	16533	"Apophis Horn ""Flash"""	阿佩普角【閃光】	ok	ok
melee	16534	"Apophis Horn ""Shine"""	阿佩普角【光輝】	ok	ok
melee	16535	"Apophis Horn ""Glory"""	阿佩普角【栄光】	ok	ok
melee	16536	"Apophis Horn ""Clear"""	阿佩普角【透】	ok	ok
melee	16537	"Apophis Spear ""Flash"""	阿佩普槍【閃光】	ok	ok
melee	16538	"Apophis Spear ""Shine"""	阿佩普槍【光輝】	ok	ok
melee	16539	"Apophis Spear ""Glory"""	阿佩普槍【栄光】	ok	ok
melee	16540	"Apophis Spear ""Clear"""	阿佩普槍【透】	ok	ok
melee	16541	"Apophis Blast ""Flash"""	爆破阿佩普【閃光】	ok	ok
melee	16542	"Apophis Blast ""Shine"""	爆破阿佩普【光輝】	ok	ok
melee	16543	"Apophis Blast ""Glory"""	爆破阿佩普【栄光】	ok	ok
melee	16544	"Apophis Blast ""Clear"""	爆破阿佩普【透】	ok	ok
melee	16545	"Apophis Tonfa ""Flash"""	阿佩普穿刺棍【閃光】	ok	ok
melee	16546	"Apophis Tonfa ""Shine"""	阿佩普穿刺棍【光輝】	ok	ok
melee	16547	"Apophis Tonfa ""Glory"""	阿佩普穿刺棍【栄光】	ok	ok
melee	16548	"Apophis Tonfa ""Clear"""	阿佩普穿刺棍【透】	ok	ok
melee	16549	"Apophis Axe ""Flash"""	阿佩普斧【閃光】	bad	type_phonetic
melee	16550	"Apophis Axe ""Shine"""	阿佩普斧【光輝】	bad	type_phonetic
melee	16551	"Apophis Axe ""Glory"""	阿佩普斧【栄光】	bad	type_phonetic
melee	16552	"Apophis Axe ""Clear"""	阿佩普斧【透】	bad	type_phonetic
melee	16553	"Nepa Icecutter ""Flash"""	涅拍冰切【閃】【Flash】	ok	ok
melee	16554	"Nepa Icecutter ""Shine"""	涅拍冰切【耀】【Shine】	ok	ok
melee	16555	"Nepa Boltcutter ""Flash"""	尼波斷線鉗閃	ok	ok
melee	16556	"Nepa Boltcutter ""Shine"""	尼波斷線鉗輝	ok	ok
melee	16557	"Wealth Frostpair ""Flash"""	富霜對閃	ok	ok
melee	16558	"Wealth Frostpair ""Shine"""	富霜對輝	ok	ok
melee	16559	"Wealth Boltpair ""Flash"""	富雷對閃	ok	ok
melee	16560	"Wealth Boltpair ""Shine"""	富雷對輝	ok	ok
melee	16561	"Libra Frostblade ""Flash"""	"天秤霜刃,窄 UI 引號
」,閃」"	ok	ok
melee	16562	"Libra Frostblade ""Shine"""	"天秤霜刃,窄 UI 引號
」,輝」"	ok	ok
melee	16563	"Libra Boltblade ""Flash"""	天秤雷刃閃	ok	ok
melee	16564	"Libra Boltblade ""Shine"""	天秤雷刃輝	ok	ok
melee	16565	"Naga Frostslicer ""Flash"""	竜夫爾歐斯特斯勒伊閃	bad	phonetic_salad
melee	16566	"Naga Frostslicer ""Shine"""	竜夫爾歐斯特斯勒伊輝	bad	phonetic_salad
melee	16567	"Naga Boltslicer ""Flash"""	竜布歐勒特斯勒伊克閃	bad	phonetic_salad
melee	16568	"Naga Boltslicer ""Shine"""	竜布歐勒特斯勒伊克輝	bad	phonetic_salad
melee	16569	"Aries Frostspike ""Flash"""	白羊霜刺閃	ok	ok
melee	16570	"Aries Frostspike ""Shine"""	白羊霜刺輝	ok	ok
melee	16571	"Aries Boltspike ""Flash"""	"白羊雷尖槍,窄 UI 引號
」,閃」"	ok	ok
melee	16572	"Aries Boltspike ""Shine"""	"白羊雷尖槍,窄 UI 引號
」,輝」"	ok	ok
melee	16573	"Taurus Frostshot ""Flash"""	金牛夫爾歐斯特斯哈歐閃	bad	phonetic_salad
melee	16574	"Taurus Frostshot ""Shine"""	金牛夫爾歐斯特斯哈歐輝	bad	phonetic_salad
melee	16575	"Taurus Boltshot ""Flash"""	金牛雷彈閃	ok	ok
melee	16576	"Taurus Boltshot ""Shine"""	金牛雷彈輝	ok	ok
melee	16577	"Leo Aquasword ""Flash"""	"獅水剣,窄 UI 引號
」,閃」"	ok	ok
melee	16578	"Leo Aquasword ""Shine"""	"獅水剣,窄 UI 引號
」,輝」"	ok	ok
melee	16579	"Leo Flamesword ""Flash"""	"獅焔剣,窄 UI 引號
」,閃」"	ok	ok
melee	16580	"Leo Flamesword ""Shine"""	"獅焔剣,窄 UI 引號
」,輝」"	ok	ok
melee	16581	"Pisces Aquapair ""Flash"""	雙魚阿奎烏阿普阿伊爾閃	bad	phonetic_salad
melee	16582	"Pisces Aquapair ""Shine"""	雙魚阿奎烏阿普阿伊爾輝	bad	phonetic_salad
melee	16583	"Pisces Flameduo ""Flash"""	雙魚弗阿梅杜歐閃	bad	phonetic_salad
melee	16584	"Pisces Flameduo ""Shine"""	雙魚弗阿梅杜歐輝	bad	phonetic_salad
melee	16585	"Polar Aquablade ""Flash"""	"極地水刃,窄 UI 引號
」,閃」"	ok	ok
melee	16586	"Polar Aquablade ""Shine"""	"極地水刃,窄 UI 引號
」,輝」"	ok	ok
melee	16587	"Polar Flameblade ""Flash"""	"極地焔刃,窄 UI 引號
」,閃」"	ok	ok
melee	16588	"Polar Flameblade ""Shine"""	"極地焔刃,窄 UI 引號
」,輝」"	ok	ok
melee	16589	"Aquarius Aquapot ""Flash"""	水瓶阿奎烏阿普歐特閃	bad	phonetic_salad
melee	16590	"Aquarius Aquapot ""Shine"""	水瓶阿奎烏阿普歐特輝	bad	phonetic_salad
melee	16591	"Aquarius Firepot ""Flash"""	水瓶夫伊爾艾普歐特閃	bad	phonetic_salad
melee	16592	"Aquarius Firepot ""Shine"""	水瓶夫伊爾艾普歐特輝	bad	phonetic_salad
melee	16593	"Maiden Aquaharp ""Flash"""	姆阿伊德艾恩阿奎烏阿哈阿爾普閃	bad	phonetic_salad
melee	16594	"Maiden Aquaharp ""Shine"""	姆阿伊德艾恩阿奎烏阿哈阿爾普輝	bad	phonetic_salad
melee	16595	"Maiden Fireharp ""Flash"""	少女火豎琴【閃】【Flash】	ok	ok
melee	16596	"Maiden Fireharp ""Shine"""	少女火豎琴【耀】【Shine】	ok	ok
melee	16597	"Enki Aquaspear ""Flash"""	"恩奇水矛,窄 UI 引號
」,閃光」"	ok	ok
melee	16598	"Enki Aquaspear ""Shine"""	"恩奇水矛,窄 UI 引號
」,光輝」"	ok	ok
melee	16599	"Enki Flamespear ""Flash"""	"恩奇焔矛,窄 UI 引號
」,閃光」"	ok	ok
melee	16600	"Enki Flamespear ""Shine"""	"恩奇焔矛,窄 UI 引號
」,光輝」"	ok	ok
melee	16601	"Purge Frostsword ""Flash"""	"淨霜剣,窄 UI 引號
」,閃」"	ok	ok
melee	16602	"Purge Frostsword ""Shine"""	"淨霜剣,窄 UI 引號
」,輝」"	ok	ok
melee	16603	"Purge Boltsword ""Flash"""	"淨雷剣,窄 UI 引號
」,閃」"	ok	ok
melee	16604	"Purge Boltsword ""Shine"""	"淨雷剣,窄 UI 引號
」,輝」"	ok	ok
melee	16605	"Dream Frostpair ""Flash"""	夢霜對閃	ok	ok
melee	16606	"Dream Frostpair ""Shine"""	夢霜對輝	ok	ok
melee	16607	"Dream Boltpair ""Flash"""	夢雷對閃	ok	ok
melee	16608	"Dream Boltpair ""Shine"""	夢雷對輝	ok	ok
melee	16609	"Repel Aquaslash ""Flash"""	排斥阿奎阿斯阿修閃	bad	phonetic_salad
melee	16610	"Repel Aquaslash ""Shine"""	排斥阿奎阿斯阿修輝	bad	phonetic_salad
melee	16611	"Repel Flameslash ""Flash"""	排斥弗阿梅斯阿修閃	bad	phonetic_salad
melee	16612	"Repel Flameslash ""Shine"""	排斥弗阿梅斯阿修輝	bad	phonetic_salad
melee	16613	"Collide Icebeat ""Flash"""	衝伊克艾布艾阿特閃	bad	phonetic_salad
melee	16614	"Collide Icebeat ""Shine"""	衝伊克艾布艾阿特輝	bad	phonetic_salad
melee	16615	"Collide Boltbeat ""Flash"""	衝布歐勒特布艾阿特閃	bad	phonetic_salad
melee	16616	"Collide Boltbeat ""Shine"""	衝布歐勒特布艾阿特輝	bad	phonetic_salad
melee	16617	"Chime Icehorn ""Flash"""	風鈴伊克艾哈歐爾恩閃	bad	phonetic_salad
melee	16618	"Chime Icehorn ""Shine"""	風鈴伊克艾哈歐爾恩輝	bad	phonetic_salad
melee	16619	"Chime Bolthorn ""Flash"""	風鈴布歐勒特哈歐爾恩閃	bad	phonetic_salad
melee	16620	"Chime Bolthorn ""Shine"""	風鈴布歐勒特哈歐爾恩輝	bad	phonetic_salad
melee	16621	"Winged Aquablast ""Flash"""	翼阿奎阿布阿斯閃	bad	phonetic_salad
melee	16622	"Winged Aquablast ""Shine"""	翼阿奎阿布阿斯輝	bad	phonetic_salad
melee	16623	"Winged Fireblast ""Flash"""	翼菲雷布阿斯閃	ok	ok
melee	16624	"Winged Fireblast ""Shine"""	翼菲雷布阿斯輝	ok	ok
melee	16625	Skull Stormsword	頭骨嵐剣	ok	ok
melee	16626	Skull Fierce Stormsword	頭骨猛嵐剣	ok	ok
melee	16627	Skull Savage Stormsword	頭骨螺鈿終嵐剣	bad	raden_end
melee	16628	"Skull Stormsword ""Glory"""	"頭骨嵐剣,窄 UI 引號
」,栄光」"	ok	ok
melee	16629	Skull Stormpair	顱斯特歐爾姆普阿伊	bad	phonetic_salad
melee	16630	Skull Fierce Stormpair	顱猛斯特歐爾姆普阿伊	bad	phonetic_salad
melee	16631	Skull Savage Stormpair	顱螺鈿終斯特歐爾姆普阿伊	bad	raden_end
melee	16632	"Skull Stormpair ""Glory"""	顱斯特歐爾姆普阿伊【栄光】	bad	phonetic_salad
melee	16633	Skull Stormblade	頭骨嵐刃	ok	ok
melee	16634	Skull Fierce Stormblade	頭骨猛嵐刃	ok	ok
melee	16635	Skull Savage Stormblade	頭骨螺鈿終嵐刃	bad	raden_end
melee	16636	"Skull Stormblade ""Glory"""	"頭骨嵐刃,窄 UI 引號
」,栄光」"	ok	ok
melee	16637	Skull Stormslash	顱斯特歐爾姆斯勒阿	bad	phonetic_salad
melee	16638	Skull Fierce Stormslash	顱猛斯特歐爾姆斯勒阿	bad	phonetic_salad
melee	16639	Skull Savage Stormslash	顱螺鈿終斯特歐爾姆斯勒阿	bad	raden_end
melee	16640	"Skull Stormslash ""Glory"""	顱斯特歐爾姆斯勒阿【栄光】	bad	phonetic_salad
melee	16641	Skull Stormlance	頭骨嵐長槍	ok	ok
melee	16642	Skull Fierce Stormlance	頭骨猛嵐長槍	ok	ok
melee	16643	Skull Savage Stormlance	頭骨螺鈿終嵐長槍	bad	raden_end
melee	16644	"Skull Stormlance ""Glory"""	"頭骨嵐長槍,窄 UI 引號
」,栄光」"	ok	ok
melee	16645	Skull Stormsmash	顱斯特歐爾姆斯姆阿	bad	phonetic_salad
melee	16646	Skull Fierce Stormsmash	顱猛斯特歐爾姆斯姆阿	bad	phonetic_salad
melee	16647	Skull Savage Stormsmash	顱螺鈿終斯特歐爾姆斯姆阿	bad	raden_end
melee	16648	"Skull Stormsmash ""Glory"""	顱斯特歐爾姆斯姆阿【栄光】	bad	phonetic_salad
melee	16649	Skull Frostsword	頭骨霜剣	ok	ok
melee	16650	Skull Fierce Frostsword	頭骨猛霜剣	ok	ok
melee	16651	Skull Savage Frostsword	頭骨螺鈿終霜剣	bad	raden_end
melee	16652	"Skull Frostsword ""Glory"""	"頭骨霜剣,窄 UI 引號
」,栄光」"	ok	ok
melee	16653	Skull Frostpair	顱霜對	ok	ok
melee	16654	Skull Fierce Frostpair	顱猛霜對	ok	ok
melee	16655	Skull Savage Frostpair	顱螺鈿終霜對	bad	raden_end
melee	16656	"Skull Frostpair ""Glory"""	顱霜對【栄光】	ok	ok
melee	16657	Skull Frostblade	頭骨霜刃	ok	ok
melee	16658	Skull Fierce Frostblade	頭骨猛霜刃	ok	ok
melee	16659	Skull Savage Frostblade	頭骨螺鈿終霜刃	bad	raden_end
melee	16660	"Skull Frostblade ""Glory"""	"頭骨霜刃,窄 UI 引號
」,栄光」"	ok	ok
melee	16661	Skull Frostslash	顱夫爾歐斯特斯勒阿	bad	phonetic_salad
melee	16662	Skull Fierce Frostslash	顱猛夫爾歐斯特斯勒阿	bad	phonetic_salad
melee	16663	Skull Savage Frostslash	顱螺鈿終夫爾歐斯特斯勒阿	bad	raden_end
melee	16664	"Skull Frostslash ""Glory"""	顱夫爾歐斯特斯勒阿【栄光】	bad	phonetic_salad
melee	16665	Skull Frostlance	頭骨霜長槍	ok	ok
melee	16666	Skull Fierce Frostlance	頭骨猛霜長槍	ok	ok
melee	16667	Skull Savage Frostlance	頭骨螺鈿終霜長槍	bad	raden_end
melee	16668	"Skull Frostlance ""Glory"""	"頭骨霜長槍,窄 UI 引號
」,栄光」"	ok	ok
melee	16669	Skull Frostsmash	顱夫爾歐斯特斯姆阿	bad	phonetic_salad
melee	16670	Skull Fierce Frostsmash	顱猛夫爾歐斯特斯姆阿	bad	phonetic_salad
melee	16671	Skull Savage Frostsmash	顱螺鈿終夫爾歐斯特斯姆阿	bad	raden_end
melee	16672	"Skull Frostsmash ""Glory"""	顱夫爾歐斯特斯姆阿【栄光】	bad	phonetic_salad
melee	16673	"Anoru Twin ""Wish"""	氷狐竜球紋章【願】	ok	ok
melee	16674	"Anoru Twin ""Aries"""	氷狐竜球紋章	ok	ok
melee	16675	"Anoru Twin ""Scherp"""	氷狐竜球紋章	ok	ok
melee	16676	"Anoru Twin ""Douleur"""	氷狐竜球紋章	ok	ok
melee	16677	"Anoru Edge ""Souhait"""	氷狐竜刃	ok	ok
melee	16678	"Anoru Edge ""Fortune"""	氷狐竜刃幸運	ok	ok
melee	16679	"Anoru Edge ""Skarp"""	氷狐竜刃	ok	ok
melee	16680	"Anoru Edge ""Pain"""	氷狐竜刃	ok	ok
melee	16681	"Anoru Lance ""Once"""	長槍氷狐竜歐恩克艾	ok	ok
melee	16682	"Anoru Lance ""Wunsch"""	長槍氷狐竜瓦烏恩斯克哈	ok	ok
melee	16683	"Anoru Lance ""Sharp"""	氷狐竜長槍鋭	ok	ok
melee	16684	"Anoru Lance ""Dolor"""	長槍氷狐竜德歐勒歐爾	ok	ok
melee	16685	"Anoru Shot ""Onskar"""	氷狐竜彈	ok	ok
melee	16686	"Anoru Shot ""Drop"""	氷狐竜彈	ok	ok
melee	16687	"Anoru Shot ""Matalim"""	氷狐竜彈	ok	ok
melee	16688	"Anoru Shot ""Schmerz"""	氷狐竜彈	ok	ok
melee	16689	"Anoru Horn ""Dilek"""	氷狐竜角	ok	ok
melee	16690	"Anoru Horn ""Force"""	氷狐竜角力	ok	ok
melee	16691	"Anoru Horn ""Ostar"""	氷狐竜角	ok	ok
melee	16692	"Anoru Horn ""Bolka"""	氷狐竜角	ok	ok
melee	16693	"Anoru Tonfa ""Deseo"""	穿竜棍氷狐竜德瑟歐	bad	type_phonetic
melee	16694	"Anoru Tonfa ""Wave"""	氷狐竜穿刺棍瓦維	ok	ok
melee	16695	"Anoru Tonfa ""Afiado"""	穿竜棍氷狐竜阿菲阿多	ok	ok
melee	16696	"Anoru Tonfa ""Agony"""	氷狐竜穿竜棍阿格歐恩伊	bad	type_phonetic
melee	16697	Zamuzalista	扎穆扎利斯阿	ok	ok
melee	16698	Zamuzaramuza	ＺMＵＺＲMＵＺ	ok	ok
melee	16699	Dua Messer	雙刀	ok	ok
melee	16700	Dua Messer+	デュアメッサー・改	ok	ok
melee	16701	True Dua Messer	デュアメッサー・真	ok	ok
melee	16702	Esdua Messer	真雙刀	ok	ok
melee	16703	Dua Riese	雙巨剣	ok	ok
melee	16704	Dua Riese+	デュアリーゼ・改	ok	ok
melee	16705	True Dua Riese	デュアリーゼ・真	ok	ok
melee	16706	Esdua Riese	真雙巨剣	ok	ok
melee	16707	Dua Schwert	雙剣	ok	ok
melee	16708	Dua Schwert+	デュアシュベルト・改	ok	ok
melee	16709	True Dua Schwert	デュアシュベルト・真	ok	ok
melee	16710	Esdua Schwert	真雙剣	ok	ok
melee	16711	Dua Hexatonic	雙哈艾克斯阿特歐恩	bad	phonetic_salad
melee	16712	Dua Hexatonic+	雙哈艾克斯阿特歐恩＋	bad	phonetic_salad
melee	16713	True Dua Hexatonic	真雙哈艾克斯阿特歐恩	ok	ok
melee	16714	Esdua Hexatonic	艾斯德烏阿哈艾克斯阿特歐恩	bad	phonetic_salad
melee	16715	Dua Spies	雙槍	ok	ok
melee	16716	Dua Spies+	デュアシュピース・改	ok	ok
melee	16717	True Dua Spies	デュアシュピース・真	ok	ok
melee	16718	Esdua Spies	真雙槍	ok	ok
melee	16719	Dua Kanone	雙可諾涅	ok	ok
melee	16720	Dua Kanone+	雙可諾涅＋	ok	ok
melee	16721	True Dua Kanone	真雙可諾涅	ok	ok
melee	16722	Esdua Kanone	艾斯德烏阿可諾涅	bad	phonetic_salad
melee	16723	Dua Arm	雙腕	ok	ok
melee	16724	Dua Arm+	雙腕＋	ok	ok
melee	16725	True Dua Arm	真雙腕	ok	ok
melee	16726	Esdua Arm	真雙臂甲剣	ok	ok
melee	16727	"Melody Sword ""Prelude"""	旋律剣普艾魯德	ok	ok
melee	16728	"Melody Sword ""Chorus"""	旋律剣合唱	ok	ok
melee	16729	"Melody Sword ""Encore"""	旋律剣安可	ok	ok
melee	16730	"Melody Duo ""Prelude"""	旋律雙普艾魯德	ok	ok
melee	16731	"Melody Duo ""Chorus"""	旋律雙合唱	ok	ok
melee	16732	"Melody Duo ""Encore"""	旋律雙安可	ok	ok
melee	16733	"Melody Blade ""Prelude"""	旋律刃普艾魯德	ok	ok
melee	16734	"Melody Blade ""Chorus"""	旋律刃合唱	ok	ok
melee	16735	"Melody Blade ""Encore"""	旋律刃安可	ok	ok
melee	16736	"Melody Katana ""Prelude"""	旋律刀普艾魯德	ok	ok
melee	16737	"Melody Katana ""Chorus"""	旋律刀合唱	ok	ok
melee	16738	"Melody Katana ""Encore"""	旋律刀安可	ok	ok
melee	16739	"Melody Mace ""Prelude"""	旋律鎚普艾魯德	ok	ok
melee	16740	"Melody Mace ""Chorus"""	旋律鎚合唱	ok	ok
melee	16741	"Melody Mace ""Encore"""	旋律鎚安可	ok	ok
melee	16742	"Melody Horn ""Prelude"""	旋律角普艾魯德	ok	ok
melee	16743	"Melody Horn ""Chorus"""	旋律角合唱	ok	ok
melee	16744	"Melody Horn ""Encore"""	旋律角安可	ok	ok
melee	16745	"Melody Lance ""Prelude"""	長槍旋律普艾魯德	ok	ok
melee	16746	"Melody Lance ""Chorus"""	長槍旋律合唱	ok	ok
melee	16747	"Melody Lance ""Encore"""	長槍旋律安可	ok	ok
melee	16748	"Melody Cannon ""Prelude"""	旋律加農砲普艾魯德	ok	ok
melee	16749	"Melody Cannon ""Chorus"""	旋律加農砲合唱	ok	ok
melee	16750	"Melody Cannon ""Encore"""	旋律加農砲安可	ok	ok
melee	16751	ダミー	假	ok	skip_empty_dummy
melee	16752	ダミー	假	ok	skip_empty_dummy
melee	16753	"Melody Tonfa ""Solo"""	旋律穿刺棍索洛	ok	ok
melee	16754	Bonny Fireworks	布歐恩恩伊花火	ok	ok
melee	16755	"Bonny Fireworks ""Pretty"""	布歐恩恩伊花火普爾艾特特伊	bad	phonetic_salad
melee	16756	"Bonny Fireworks ""Flash"""	布歐恩恩伊花火閃	bad	phonetic_salad
melee	16757	"Bonny Fireworks ""Dance"""	布歐恩恩伊花火【舞】	bad	phonetic_salad
melee	16758	"Bonny Fireworks ""Serene"""	布歐恩恩伊花火	ok	ok
melee	16759	ダミー	假	ok	skip_empty_dummy
melee	16760	ダミー	假	ok	skip_empty_dummy
melee	16761	ダミー	假	ok	skip_empty_dummy
melee	16762	ダミー	假	ok	skip_empty_dummy
melee	16763	"Rondo Sword ""Torches"""	輪旋曲剣【炬火】	ok	ok
melee	16764	"Rondo Sword ""Shores"""	輪旋曲剣【岸】	ok	ok
melee	16765	"Rondo Sword ""Remnants"""	輪旋曲剣【残影】	ok	ok
melee	16766	"Rondo Sword ""Swan"""	輪旋曲剣【白鳥】	ok	ok
melee	16767	"Rondo Katana ""Saruishi"""	輪旋曲刀【猿石】	ok	ok
melee	16768	"Rondo Katana ""Drought"""	輪旋曲刀【旱】	ok	ok
melee	16769	"Rondo Katana ""Heartland"""	輪旋曲刀【腹地】	ok	ok
melee	16770	"Rondo Katana ""Flamestep"""	輪旋曲刀【炎歩】	ok	ok
melee	16771	"Rondo Horn ""Catch"""	輪旋曲角【捕獲】	ok	ok
melee	16772	"Rondo Horn ""Kuzumari"""	輪旋曲角【葛張】	ok	ok
melee	16773	"Rondo Horn ""Granary"""	輪旋曲角【穀倉】	ok	ok
melee	16774	"Rondo Horn ""Veil"""	輪旋曲角【帷】	ok	ok
melee	16775	"Rondo Lance ""Salt"""	輪旋曲長槍【塩】	ok	ok
melee	16776	"Rondo Lance ""Dock"""	輪旋曲長槍【船塢】	ok	ok
melee	16777	"Rondo Lance ""Spotlight"""	輪旋曲長槍【聚光】	ok	ok
melee	16778	"Rondo Lance ""Vane"""	輪旋曲長槍【風向】	ok	ok
melee	16779	New Shakalaka Airou I	新奇面族艾路Ⅰ	ok	ok
melee	16780	New Shakalaka Airou II	新奇面族艾路Ⅱ	ok	ok
melee	16781	New Shakalaka Airou III	新奇面族艾路Ⅲ	ok	ok
melee	16782	True Shakalaka Airou	奇面族真阿伊羅烏	bad	phonetic_salad
melee	16783	Alkimia's Revival	阿勒克伊姆伊阿之復活	bad	phonetic_salad
melee	16784	Alkimia's Story	阿勒克伊姆伊阿之話	bad	phonetic_salad
melee	16785	Alkimia's Proof	阿勒克伊姆伊阿之證	bad	phonetic_salad
melee	16786	Alkimia's Truth	阿勒克伊姆伊阿之特烏斯	bad	phonetic_salad
melee	16787	"Stigma Rimeblade ""Flash"""	斯特伊格姆阿里梅布阿德閃	bad	phonetic_salad
melee	16788	"Stigma Rimeblade ""Shine"""	斯特伊格姆阿里梅布阿德輝	bad	phonetic_salad
melee	16789	"Stigma Boltblade ""Flash"""	斯特伊格姆阿雷刃閃	ok	ok
melee	16790	"Stigma Boltblade ""Shine"""	斯特伊格姆阿雷刃輝	ok	ok
melee	16791	"Glint Frostpike ""Flash"""	"閃霜尖槍,窄 UI 引號
」,閃」"	ok	ok
melee	16792	"Glint Frostpike ""Shine"""	"閃霜尖槍,窄 UI 引號
」,輝」"	ok	ok
melee	16793	"Glint Stormpike ""Flash"""	"閃風暴尖槍,窄 UI 引號
」,閃」"	ok	ok
melee	16794	"Glint Stormpike ""Shine"""	"閃風暴尖槍,窄 UI 引號
」,輝」"	ok	ok
melee	16795	"Void Rimetonfa ""Flash"""	維歐伊德爾伊姆艾特歐恩夫閃	bad	phonetic_salad
melee	16796	"Void Rimetonfa ""Shine"""	維歐伊德爾伊姆艾特歐恩夫輝	bad	phonetic_salad
melee	16797	"Void Stormtonfa ""Flash"""	維歐伊德斯特歐爾姆特歐恩閃	bad	phonetic_salad
melee	16798	"Void Stormtonfa ""Shine"""	維歐伊德斯特歐爾姆特歐恩輝	bad	phonetic_salad
melee	16799	"Despair Frostaxe ""Flash"""	德艾斯普阿伊爾夫爾歐斯特阿克斯閃	bad	phonetic_salad
melee	16800	"Despair Frostaxe ""Shine"""	德艾斯普阿伊爾夫爾歐斯特阿克斯輝	bad	phonetic_salad
melee	16801	"Despair Boltaxe ""Flash"""	德艾斯普阿伊爾布歐勒特阿克斯艾閃	bad	phonetic_salad
melee	16802	"Despair Boltaxe ""Shine"""	德艾斯普阿伊爾布歐勒特阿克斯艾輝	bad	phonetic_salad
melee	16803	"Deceit Heatmaul ""Flash"""	欺瞞熱鎚閃	ok	ok
melee	16804	"Deceit Heatmaul ""Shine"""	欺瞞熱鎚輝	ok	ok
melee	16805	"Deceit Aquamaul ""Flash"""	欺瞞水鎚閃	ok	ok
melee	16806	"Deceit Aquamaul ""Shine"""	欺瞞水鎚輝	ok	ok
melee	16807	"Allure Heatlance ""Flash"""	"誘熱長槍,窄 UI 引號
」,閃」"	ok	ok
melee	16808	"Allure Heatlance ""Shine"""	"誘熱長槍,窄 UI 引號
」,輝」"	ok	ok
melee	16809	"Allure Aqualance ""Flash"""	"誘水長槍,窄 UI 引號
」,閃」"	ok	ok
melee	16810	"Allure Aqualance ""Shine"""	"誘水長槍,窄 UI 引號
」,輝」"	ok	ok
melee	16811	"Mania Flameclub ""Flash"""	"狂焔棍,窄 UI 引號
」,閃」"	ok	ok
melee	16812	"Mania Flameclub ""Shine"""	"狂焔棍,窄 UI 引號
」,輝」"	ok	ok
melee	16813	"Mania Flowclub ""Flash"""	"狂流棍,窄 UI 引號
」,閃」"	ok	ok
melee	16814	"Mania Flowclub ""Shine"""	"狂流棍,窄 UI 引號
」,輝」"	ok	ok
melee	16815	"Black Charaxt ""Flash"""	黑克哈阿爾阿克斯特閃	bad	phonetic_salad
melee	16816	"Black Charaxt ""Shine"""	黑克哈阿爾阿克斯特輝	bad	phonetic_salad
melee	16817	"Black Flowaxt ""Flash"""	黑夫勒歐瓦阿克斯特閃	bad	phonetic_salad
melee	16818	"Black Flowaxt ""Shine"""	黑夫勒歐瓦阿克斯特輝	bad	phonetic_salad
melee	16819	"Caress Charsword ""Glory"""	克阿爾艾斯斯克哈阿爾斯瓦歐爾【栄光】	bad	phonetic_salad
melee	16820	"Covet Flowsword ""Glory"""	克歐維艾特夫勒歐瓦斯瓦歐爾【栄光】	bad	phonetic_salad
melee	16821	"Lustre Charpair ""Glory"""	魯斯雷克哈阿爾普阿伊爾【栄光】	bad	phonetic_salad
melee	16822	"Lustre Flowpair ""Glory"""	魯斯雷夫勒歐瓦普阿伊爾【栄光】	bad	phonetic_salad
melee	16823	"Crush Flameblade ""Glory"""	"破碎炎刃,窄 UI 引號
」,栄光」"	ok	ok
melee	16824	"Crush Flowblade ""Glory"""	"砕流刃,窄 UI 引號
」,栄光」"	ok	ok
melee	16825	"Flight Heatedge ""Glory"""	夫勒伊格哈特哈艾阿特艾德格艾【栄光】	bad	phonetic_salad
melee	16826	"Flight Flowedge ""Glory"""	夫勒伊格哈特夫勒歐瓦艾德格艾【栄光】	bad	phonetic_salad
melee	16827	"Blaze Heatmaul ""Glory"""	炎熱鎚【栄光】	ok	ok
melee	16828	"Purify Aquamaul ""Glory"""	普烏爾伊夫伊水鎚【栄光】	bad	phonetic_salad
melee	16829	"Depth Flamepike ""Glory"""	"深焔尖槍,窄 UI 引號
」,栄光」"	ok	ok
melee	16830	"Depth Flowpike ""Glory"""	"深流尖槍,窄 UI 引號
」,栄光」"	ok	ok
melee	16831	Kasa-bake Sword	可薩巴凱剣	ok	ok
melee	16832	"Kasa-bake Sword ""Ghost"""	可薩巴凱剣【幽靈】	ok	ok
melee	16833	"Kasa-bake Sword ""Spirit"""	可薩巴凱剣靈	ok	ok
melee	16834	"Kasa-bake Sword ""Demon"""	可薩巴凱剣魔	ok	ok
melee	16835	"Kasa-bake Sword ""Parade"""	"傘怪剣,窄 UI 引號
」,遊行」"	ok	ok
melee	16836	Sea Bream Blade	海布爾艾阿姆刃	ok	ok
melee	16837	"Sea Bream Blade ""Stamp"""	海布爾艾阿姆刃印	bad	phonetic_salad
melee	16838	"Sea Bream Blade ""Catch"""	海布爾艾阿姆刃捕	bad	phonetic_salad
melee	16839	"Sea Bream Blade ""Haul"""	海布爾艾阿姆刃哈阿烏勒	bad	phonetic_salad
melee	16840	"Sea Bream Blade ""Gain"""	海布爾艾阿姆刃格阿伊恩	bad	phonetic_salad
melee	16841	Snow Memory Ⅰ	雪之記憶Ⅰ	ok	ok
melee	16842	Snow Memory Ⅱ	雪之記憶Ⅱ	ok	ok
melee	16843	Snow Memory Ⅲ	雪之記憶Ⅲ	ok	ok
melee	16844	Snow Memory Ⅳ	雪之記憶Ⅳ	ok	ok
melee	16845	Snow Memory Ⅴ	雪之記憶Ⅴ	ok	ok
melee	16846	ダミー	假	ok	skip_empty_dummy
melee	16847	Brachy Feeling	碎竜菲艾利恩	ok	ok
melee	16848	"Brachy Feeling ""Rupture"""	碎竜菲艾利恩	ok	ok
melee	16849	"Brachy Feeling ""Burst"""	碎竜菲艾利恩爆	ok	ok
melee	16850	"Brachy Feeling ""Blast"""	碎竜菲艾利恩爆破	ok	ok
melee	16851	Eryu Raira	艾里烏拉伊拉	ok	ok
melee	16852	Eryu Rai	艾里烏拉伊	ok	ok
melee	16853	Eryu Kamu	竜神	ok	ok
melee	16854	Eryu Rizuri	艾里烏里祖里	ok	ok
melee	16855	Eryu Xiria	艾里烏克斯伊里阿	bad	phonetic_salad
melee	16856	Eryu Hurimu	艾里烏胡里穆	ok	ok
melee	16857	Eryu Hurittu	艾里烏哈烏爾伊特特烏	bad	phonetic_salad
melee	16858	Eryu Sizare	艾里烏西扎雷	ok	ok
melee	16859	Eryu Xinzisu	艾里烏克斯伊恩茲伊斯烏	bad	phonetic_salad
melee	16860	Eryu Keisu	艾里烏凱伊蘇	ok	ok
melee	16861	Eryu Kei	艾里烏凱伊	ok	ok
melee	16862	Eryu Nesu	艾里烏涅蘇	ok	ok
melee	16863	Eryu Reben	艾里烏爾艾布艾恩	bad	phonetic_salad
melee	16864	Eryu Xonbaru	艾里烏克斯歐恩布阿爾烏	bad	phonetic_salad
melee	16865	Eryu Aria	竜詠	ok	ok
melee	16866	Eryu Ariene	艾里烏阿里艾涅	ok	ok
melee	16867	Eryu Purizuma	艾里烏普里祖瑪	ok	ok
melee	16868	Eryu Xeruzu	艾里烏克斯艾魯祖	bad	phonetic_salad
melee	16869	Eryu Orahu	艾里烏歐拉胡	ok	ok
melee	16870	Eryu Gurinte	艾里烏格烏爾伊恩特艾	bad	phonetic_salad
melee	16871	Sacred Worlds	聖界	ok	ok
melee	16872	Raven Heart	渡鴉心	ok	ok
melee	16873	Warship Chaos	瓦阿爾斯哈伊普混沌	bad	phonetic_salad
melee	16874	Widdershins	逆時	ok	ok
melee	16875	Down to the Devil	德歐瓦恩惡魔	ok	ok
melee	16876	March of Mephisto	姆阿爾克哈梅菲伊斯歐	bad	phonetic_salad
melee	16877	Angel's Cry	阿恩格艾勒哭	ok	ok
melee	16878	Sign of the Winner	鎧沸血勝者	ok	ok
melee	16879	Crownless	克爾歐瓦恩勒艾斯	bad	phonetic_salad
melee	16880	Blue Blood	青之血	ok	ok
melee	16881	Phantom Divine	幻影神	ok	ok
melee	16882	Pumpkin Is Pawsome	南瓜IS普阿瓦斯歐姆艾	bad	phonetic_salad
melee	16883	Sweets are Pawsome	斯瓦艾艾特斯阿雷普阿瓦斯歐姆艾	bad	phonetic_salad
melee	16884	Mischief is Pawsome	悪戯IS普阿瓦斯歐姆艾	bad	phonetic_salad
melee	16885	Happy Meowoween	幸姆艾歐瓦歐瓦艾艾	bad	phonetic_salad
melee	16886	Just Meat Ⅰ	焼肉Ⅰ	ok	ok
melee	16887	Just Meat Ⅱ	焼肉Ⅱ	ok	ok
melee	16888	Just Meat Ⅲ	焼肉Ⅲ	ok	ok
melee	16889	Just Meat Nya!	就是肉尼亞！	ok	ok
melee	16890	Wicked Blade Dainsleif	邪刃德阿伊恩斯勒艾伊	bad	phonetic_salad
melee	16891	Minio・Iru	米尼歐伊魯	ok	ok
melee	16892	Minio・Azari	米尼歐阿扎里	ok	ok
melee	16893	Minio・Sata	米尼歐薩塔	ok	ok
melee	16894	Minio・Shizuri	米尼歐修伊祖里	ok	ok
melee	16895	Minio・Riin	米尼歐爾伊伊恩	ok	ok
melee	16896	Minio・Henza	米尼歐哈艾恩茲阿	bad	phonetic_salad
melee	16897	Chroma Epee	彩色刺剣	ok	ok
melee	16898	Chroma Epee+	彩色刺剣＋	ok	ok
melee	16899	True Chroma Epee	真彩色刺剣	ok	ok
melee	16900	Final Chroma Epee	決勝彩色刺剣	ok	ok
melee	16901	Chroma Twin	彩色球紋章	ok	ok
melee	16902	Chroma Twin+	彩色球紋章＋	ok	ok
melee	16903	True Chroma Twin	真彩色球紋章	ok	ok
melee	16904	Final Chroma Twin	決勝彩色球紋章	ok	ok
melee	16905	Chroma Klinge	彩色刃	ok	ok
melee	16906	Chroma Klinge+	彩色刃＋	ok	ok
melee	16907	True Chroma Klinge	真彩色刃	ok	ok
melee	16908	Final Chroma Klinge	決勝彩色刃	ok	ok
melee	16909	Chroma Pillar	彩色柱	ok	ok
melee	16910	Chroma Pillar+	彩色柱＋	ok	ok
melee	16911	True Chroma Pillar	真彩色柱	ok	ok
melee	16912	Final Chroma Pillar	決勝彩色柱	ok	ok
melee	16913	"Attending Sword ""Wake"""	阿特特艾恩德伊恩剣瓦凱	bad	phonetic_salad
melee	16914	"Attending Sword ""Hear"""	阿特特艾恩德伊恩剣哈艾阿爾	bad	phonetic_salad
melee	16915	"Attending Sword ""Rotate"""	阿特特艾恩德伊恩剣羅塔特	bad	phonetic_salad
melee	16916	"Attending Sword ""Bind"""	阿特特艾恩德伊恩剣布伊恩德	bad	phonetic_salad
melee	16917	Evil Eve Blade・ Otami	惡艾維刃歐塔米	ok	ok
melee	16918	Evil Eve Blade Danesue	惡艾維刃達涅蘇艾	ok	ok
melee	16919	Evil Eve Blade Regakena	惡艾維刃雷加凱娜	ok	ok
melee	16920	Evil Eve Blade Kaiti	惡艾維刃可伊提	ok	ok
melee	16921	Dio・Gunia	迪奧古尼阿	ok	ok
melee	16922	Dio・Dingo	迪奧迪恩歐	ok	ok
melee	16923	Dio・Baigas	迪奧布阿伊格阿斯	bad	phonetic_salad
melee	16924	Dio・Virgis	迪奧維伊爾格伊斯	bad	phonetic_salad
melee	16925	Ophion Pillar	俄菲翁柱	ok	ok
melee	16926	"Ophion Pillar ""Flash"""	俄菲翁柱閃	ok	ok
melee	16927	"Ophion Pillar ""Shine"""	俄菲翁柱輝	ok	ok
melee	16928	"Ophion Pillar ""Glory"""	俄菲翁柱【栄光】	ok	ok
melee	16929	"Shesha Pillar ""Flash"""	舍沙柱閃	ok	ok
melee	16930	"Shesha Pillar ""Shine"""	舍沙柱輝	ok	ok
melee	16931	"Shesha Pillar ""Glory"""	舍沙柱【栄光】	ok	ok
melee	16932	"Shesha Pillar ""Clear"""	舍沙柱【透】	ok	ok
melee	16933	"Apophis Pillar ""Flash"""	阿佩普柱閃	ok	ok
melee	16934	"Apophis Pillar ""Shine"""	阿佩普柱輝	ok	ok
melee	16935	"Apophis Pillar ""Glory"""	阿佩普柱【栄光】	ok	ok
melee	16936	"Apophis Pillar ""Clear"""	阿佩普柱【透】	ok	ok
melee	16937	Bramble Spike Rozenade	布爾阿姆布勒艾刺羅澤娜德	bad	phonetic_salad
melee	16938	Bramble Spike Rozenrita	布爾阿姆布勒艾刺爾歐茲艾恩爾伊特	bad	phonetic_salad
melee	16939	Bramble Spike Rozenmere	布爾阿姆布勒艾刺爾歐茲艾恩姆艾爾	bad	phonetic_salad
melee	16940	Bramble Spike Rozenmag	布爾阿姆布勒艾刺爾歐茲艾恩姆阿格	bad	phonetic_salad
melee	16941	Hyuji・Magna	冰狐竜姆阿格恩阿	ok	ok
melee	16942	Hyuji・Nadal	冰狐竜恩阿德阿勒	ok	ok
melee	16943	Hyuji・Dulu	冰狐竜杜魯	ok	ok
melee	16944	Hyuhyuji・Pillar	哈伊烏哈伊烏杰伊柱	bad	phonetic_salad
melee	16945	"Mido Spike ""Frenzy"""	溟竜刺夫爾艾恩茲伊	ok	ok
melee	16946	"Mido Spike ""Etincelle"""	溟竜刺艾特伊恩克艾勒勒	ok	ok
melee	16947	"Mido Spike ""Scintilla"""	溟竜刺斯克伊恩特伊勒勒	ok	ok
melee	16948	"Mido Spike ""Sen"""	溟竜刺斯艾恩	ok	ok
melee	16949	Magnetic Mist	磁気霧	ok	ok
melee	16950	Tearing Mist	裂霧	ok	ok
melee	16951	Flowing Mist	里艾翼霧	ok	ok
melee	16952	Chilling Froststorm	克哈伊勒勒伊恩格夫爾歐斯特斯特歐	bad	phonetic_salad
melee	16953	"Ruko Spike ""Baglio"""	庫刺巴格伊歐	ok	ok
melee	16954	"Ruko Spike ""Own"""	庫刺歐瓦恩	ok	ok
melee	16955	"Ruko Spike ""Incru"""	庫刺伊恩克爾烏	ok	ok
melee	16956	"Light Ruko Spike ""Shisa"""	輕庫刺修伊薩	ok	ok
melee	16957	"Inagami Spike ""Silane"""	雅翁竜刺西拉涅	ok	ok
melee	16958	"Inagami Spike ""Shakuna"""	雅翁竜刺修阿庫娜	ok	ok
melee	16959	"Inagami Spike ""Orphan"""	雅翁竜刺歐爾普哈阿恩	ok	ok
melee	16960	"Inagami Spike ""Frigion"""	雅翁竜刺夫爾伊格伊歐恩	ok	ok
melee	16961	"Torid Pillar ""Wise"""	照雷鳥柱	ok	ok
melee	16962	"Torid Pillar ""Phrase"""	照雷鳥柱	ok	ok
melee	16963	"Torid Pillar ""Allies"""	照雷鳥柱	ok	ok
melee	16964	"Torid Pillar ""Uzi"""	照雷鳥柱	ok	ok
melee	16965	"Anoru Pillar ""Kalim"""	氷狐竜柱	ok	ok
melee	16966	"Anoru Pillar ""Fool"""	氷狐竜柱	ok	ok
melee	16967	"Anoru Pillar ""Dagusu"""	氷狐竜柱	ok	ok
melee	16968	"Anoru Pillar ""Wandemu"""	氷狐竜柱	ok	ok
melee	16969	Wish Master	願鍵盤歌	ok	ok
melee	16970	Heading North	赫阿迪恩鐵初音	ok	ok
melee	16971	Parting Guuku	PＲTINＧＧＵＵｋＵ	ok	ok
melee	16972	Parting Guuku Quack!	離別・古古呱！	ok	ok
melee	16973	Splitting Guuku	斯普勒伊特特伊恩愚空	bad	phonetic_salad
melee	16974	Splitting Guuku Quack!	分裂・古古呱！	ok	ok
melee	16975	Proto Spike : α	原型尖刺：α	ok	ok
melee	16976	Proto Spike : β	原型尖刺：β	ok	ok
melee	16977	Harine Ira	哈里涅伊拉	ok	ok
melee	16978	Harine Izari	哈利涅・伊扎里	ok	ok
melee	16979	Harine Shita	哈利涅・希塔	ok	ok
melee	16980	Harina Shizari	哈里娜修伊扎里	ok	ok
melee	16981	Harine Ruun	哈利涅・盧恩	ok	ok
melee	16982	Harine Herijii	哈利涅・赫里吉	ok	ok
melee	16983	"Attending Sword ""Last"""	阿特特艾恩德伊恩剣最	bad	phonetic_salad
melee	16984	Evil Eye Greatsword	惡眼大剣	ok	ok
melee	16985	Diosc	德伊歐斯克	ok	ok
melee	16986	Graham Spike	葛拉漢尖刺	ok	ok
melee	16987	"Graham Spike ""Fire"""	葛拉漢尖刺【火】	ok	ok
melee	16988	"Graham Spike ""Water"""	葛拉漢尖刺【水】	ok	ok
melee	16989	"Graham Spike ""Lightning"""	葛拉漢尖刺【閃電】	ok	ok
melee	16990	"Graham Spike ""Ice"""	葛拉漢尖刺【氷】	ok	ok
melee	16991	"Graham Spike ""Dragon"""	葛拉漢尖刺【竜】	ok	ok
melee	16992	Machnika・Glanze	瑪奇尼可格勒阿恩茲艾	bad	phonetic_salad
melee	16993	Maihime Kaougi Ⅰ	舞姫歌扇Ⅰ	ok	ok
melee	16994	Maihime Kaougi Ⅱ	舞姫歌扇Ⅱ	ok	ok
melee	16995	Maihime Kaougi Ⅲ	舞姫歌扇Ⅲ	ok	ok
melee	16996	Maihime Kaougi Ⅳ	舞姫歌扇Ⅳ	ok	ok
melee	16997	Maihime Kaougi Ⅴ	舞姫歌扇Ⅴ	ok	ok
melee	16998	Maihime Kaougi Ⅵ	舞姫歌扇Ⅵ	ok	ok
melee	16999	Soul Eater Ⅰ	噬魂Ⅰ	ok	ok
melee	17000	Soul Eater Ⅱ	噬魂Ⅱ	ok	ok
melee	17001	Soul Eater Ⅲ	噬魂Ⅲ	ok	ok
melee	17002	Soul Eater Ⅳ	噬魂Ⅳ	ok	ok
melee	17003	Soul Eater Ⅴ	噬魂Ⅴ	ok	ok
melee	17004	Soul Eater Ⅵ	噬魂Ⅵ	ok	ok
melee	17005	Ideal Strieder Ⅰ	理想斯特雷達Ⅰ	ok	ok
melee	17006	Ideal Strieder Ⅱ	理想斯特雷達Ⅱ	ok	ok
melee	17007	Ideal Strieder Ⅲ	理想斯特雷達Ⅲ	ok	ok
melee	17008	Ideal Strieder Ⅳ	理想斯特雷達Ⅳ	ok	ok
melee	17009	Ideal Strieder Ⅴ	理想斯特雷達Ⅴ	ok	ok
melee	17010	Ideal Strieder Ⅵ	理想斯特雷達Ⅵ	ok	ok
melee	17011	Bloodless Cleaver Estee	布勒歐歐德勒艾斯斬刀艾斯艾艾	bad	phonetic_salad
melee	17012	Bloodless Cleaver Emp	布勒歐歐德勒艾斯斬刀艾姆普	bad	phonetic_salad
melee	17013	Bloodless Cleaver Erus	布勒歐歐德勒艾斯斬刀艾爾烏斯	bad	phonetic_salad
melee	17014	Bloodless Cleaver Endo	布勒歐歐德勒艾斯斬刀艾恩德歐	bad	phonetic_salad
melee	17015	Bloodless Impact Marija	布勒歐歐德勒艾斯伊姆普阿克特瑪里雅	bad	phonetic_salad
melee	17016	Bloodless Impact Mars	布勒歐歐德勒艾斯伊姆普阿克特姆阿爾斯	bad	phonetic_salad
melee	17017	Bloodless Impact Marin	無血衝撃牙血鐵	ok	ok
melee	17018	Bloodless Impact Makadu	布勒歐歐德勒艾斯伊姆普阿克特瑪可杜	bad	phonetic_salad
melee	17019	Bloodless Tonfa Sain	穿竜棍布勒歐歐德勒艾斯斯阿伊恩	bad	type_phonetic
melee	17020	Bloodless Tonfa Sairu	穿竜棍布勒歐歐德勒艾斯薩伊魯	bad	type_phonetic
melee	17021	Bloodless Tonfa Sakura	穿竜棍無血桜	ok	ok
melee	17022	Bloodless Tonfa Said	穿竜棍無血斯阿伊德	ok	ok
melee	17023	Bloodless Axe Babel	無血斧巴別	ok	ok
melee	17024	Bloodless Axe Basra	布勒歐歐德勒艾斯斧布阿斯爾阿	bad	type_phonetic
melee	17025	Bloodless Axe Badon	布勒歐歐德勒艾斯斧布阿德歐恩	bad	type_phonetic
melee	17026	Bloodless Axe Baridu	布勒歐歐德勒艾斯斧巴里杜	bad	type_phonetic
melee	17027	"Magma Sword ""Opal"""	岩漿剣蛋白石	ok	ok
melee	17028	"Magma Sword ""Arget"	熔岩剣阿爾格艾特	bad	phonetic_salad
melee	17029	"Magma Sword ""Cornell"""	熔岩剣克歐爾恩艾勒勒	bad	phonetic_salad
melee	17030	"Magma Sword ""Preniht"""	熔岩剣普爾艾恩伊哈特	bad	phonetic_salad
melee	17031	"Magma Duo ""Hizi"""	岩漿雙	ok	ok
melee	17032	"Magma Duo ""Nefrit"""	岩漿雙	ok	ok
melee	17033	"Magma Duo ""Munst"""	岩漿雙	ok	ok
melee	17034	"Magma Duo ""Agate"""	岩漿雙	ok	ok
melee	17035	"Magma Slicer ""Fensu"""	岩漿斬撃	ok	ok
melee	17036	"Magma Slicer ""Saphire"""	岩漿斬撃薩菲伊雷	ok	ok
melee	17037	"Magma Slicer ""Furora"""	岩漿斬撃	ok	ok
melee	17038	"Magma Slicer ""Morgana"""	岩漿斬撃	ok	ok
melee	17039	"Magma Spear ""Zircon"""	岩漿槍証明球	ok	ok
melee	17040	"Magma Spear ""Gwon"""	熔岩槍格瓦歐恩	ok	ok
melee	17041	"Magma Spear ""Labradorit"""	熔岩槍勒阿布爾阿德歐爾	bad	phonetic_salad
melee	17042	"Magma Spear ""Obsidian"""	岩漿槍黒曜石	ok	ok
melee	17043	"Magma Buster ""Chalced"""	岩漿破壞	ok	ok
melee	17044	"Magma Buster ""Onyx"""	岩漿破壞	ok	ok
melee	17045	"Magma Buster ""Crystal"""	岩漿破壞結晶	ok	ok
melee	17046	"Magma Buster ""Diamond"""	岩漿破壞金剛石	ok	ok
melee	17047	"Magma Axe ""Cosmo"""	熔岩斧克歐斯姆歐	bad	type_phonetic
melee	17048	"Magma Axe ""Amethy"""	熔岩斧阿姆艾特哈伊	bad	type_phonetic
melee	17049	"Magma Axe ""Emerald"""	岩漿斧緑寶石	ok	ok
melee	17050	"Magma Axe ""Andras"""	熔岩斧阿恩德爾阿斯	bad	type_phonetic
melee	17051	Goggling Guuku Ⅰ	圓目古古鴨Ⅰ	ok	ok
melee	17052	Goggling Guuku Ⅱ	圓目古古鴨Ⅱ	ok	ok
melee	17053	Goggling Guuku Ⅲ	圓目古古鴨Ⅲ	ok	ok
melee	17054	Goggling Guuku Ⅳ	圓目古古鴨Ⅳ	ok	ok
melee	17055	Goggling Guuku Ⅵ	圓目古古鴨Ⅵ	ok	ok
melee	17056	Goggling Guuku Ⅶ	圓目古古鴨Ⅶ	ok	ok
melee	17057	Noisy Guuku I	喧鬧古古鴨Ⅰ	ok	ok
melee	17058	Noisy Guuku II	喧鬧古古鴨Ⅱ	ok	ok
melee	17059	Noisy Guuku III	喧鬧古古鴨Ⅲ	ok	ok
melee	17060	Noisy Guuku IV	喧鬧古古鴨Ⅳ	ok	ok
melee	17061	Noisy Guuku VI	喧鬧古古鴨Ⅵ	ok	ok
melee	17062	Noisy Guuku VII	喧鬧古古鴨Ⅶ	ok	ok
melee	17063	Love Love Guuku I	愛愛古古鴨Ⅰ	ok	ok
melee	17064	Love Love Guuku II	愛愛古古鴨Ⅱ	ok	ok
melee	17065	Love Love Guuku III	愛愛古古鴨Ⅲ	ok	ok
melee	17066	Love Love Guuku IV	愛愛古古鴨Ⅳ	ok	ok
melee	17067	Love Love Guuku VI	愛愛古古鴨Ⅵ	ok	ok
melee	17068	Love Love Guuku VII	愛愛古古鴨Ⅶ	ok	ok
melee	17069	Gao Gao Guuku Ⅰ	嗷嗷古古鴨Ⅰ	ok	ok
melee	17070	Gao Gao Guuku Ⅱ	嗷嗷古古鴨Ⅱ	ok	ok
melee	17071	Gao Gao Guuku Ⅲ	嗷嗷古古鴨Ⅲ	ok	ok
melee	17072	Gao Gao Guuku Ⅳ	嗷嗷古古鴨Ⅳ	ok	ok
melee	17073	Gao Gao Guuku Ⅵ	嗷嗷古古鴨Ⅵ	ok	ok
melee	17074	Gao Gao Guuku Ⅶ	嗷嗷古古鴨Ⅶ	ok	ok
melee	17075	Gia Gia Guuku Ⅰ	呀呀古古鴨Ⅰ	ok	ok
melee	17076	Gia Gia Guuku Ⅱ	呀呀古古鴨Ⅱ	ok	ok
melee	17077	Gia Gia Guuku Ⅲ	呀呀古古鴨Ⅲ	ok	ok
melee	17078	Gia Gia Guuku Ⅳ	呀呀古古鴨Ⅳ	ok	ok
melee	17079	Gia Gia Guuku Ⅵ	呀呀古古鴨Ⅵ	ok	ok
melee	17080	Gia Gia Guuku Ⅶ	呀呀古古鴨Ⅶ	ok	ok
melee	17081	Hya Hya Guuku Ⅰ	嚇嚇古古鴨Ⅰ	ok	ok
melee	17082	Hya Hya Guuku Ⅱ	嚇嚇古古鴨Ⅱ	ok	ok
melee	17083	Hya Hya Guuku Ⅲ	嚇嚇古古鴨Ⅲ	ok	ok
melee	17084	Hya Hya Guuku Ⅳ	嚇嚇古古鴨Ⅳ	ok	ok
melee	17085	Hya Hya Guuku Ⅵ	嚇嚇古古鴨Ⅵ	ok	ok
melee	17086	Hya Hya Guuku Ⅶ	嚇嚇古古鴨Ⅶ	ok	ok
melee	17087	Kuak Kuak Guuku Ⅰ	呱呱古古鴨Ⅰ	ok	ok
melee	17088	Kuak Kuak Guuku Ⅱ	呱呱古古鴨Ⅱ	ok	ok
melee	17089	Kuak Kuak Guuku Ⅲ	呱呱古古鴨Ⅲ	ok	ok
melee	17090	Kuak Kuak Guuku Ⅳ	呱呱古古鴨Ⅳ	ok	ok
melee	17091	Kuak Kuak Guuku Ⅵ	呱呱古古鴨Ⅵ	ok	ok
melee	17092	Kuak Kuak Guuku Ⅶ	呱呱古古鴨Ⅶ	ok	ok
melee	17093	Scarecrow Ⅰ	斯克阿爾艾克爾歐Ⅰ	bad	phonetic_salad
melee	17094	Scarecrow ⅠⅠ	斯克阿爾艾克爾歐	bad	phonetic_salad
melee	17095	Scarecrow ⅠⅠⅠ	斯克阿爾艾克爾歐	bad	phonetic_salad
melee	17096	Scarecrow ⅠⅤ	斯克阿爾艾克爾歐	bad	phonetic_salad
melee	17097	Scarecrow ⅤⅠ	斯克阿爾艾克爾歐	bad	phonetic_salad
melee	17098	Scarecrow ⅤⅠⅠ	斯克阿爾艾克爾歐	bad	phonetic_salad
melee	17099	Kyo Kyo Guuku Ⅰ	咯咯古古鴨Ⅰ	ok	ok
melee	17100	Kyo Kyo Guuku Ⅱ	咯咯古古鴨Ⅱ	ok	ok
melee	17101	Kyo Kyo Guuku Ⅲ	咯咯古古鴨Ⅲ	ok	ok
melee	17102	Kyo Kyo Guuku Ⅳ	咯咯古古鴨Ⅳ	ok	ok
melee	17103	Kyo Kyo Guuku Ⅵ	咯咯古古鴨Ⅵ	ok	ok
melee	17104	Kyo Kyo Guuku Ⅶ	咯咯古古鴨Ⅶ	ok	ok
melee	17105	Kaa Kaa Guuku Ⅰ	喀喀古古鴨Ⅰ	ok	ok
melee	17106	Kaa Kaa Guuku Ⅱ	喀喀古古鴨Ⅱ	ok	ok
melee	17107	Kaa Kaa Guuku Ⅲ	喀喀古古鴨Ⅲ	ok	ok
melee	17108	Kaa Kaa Guuku Ⅳ	喀喀古古鴨Ⅳ	ok	ok
melee	17109	Kaa Kaa Guuku Ⅵ	喀喀古古鴨Ⅵ	ok	ok
melee	17110	Kaa Kaa Guuku Ⅶ	喀喀古古鴨Ⅶ	ok	ok
melee	17111	Pai Pai Guuku Ⅰ	嗚嗚古古鴨Ⅰ	ok	ok
melee	17112	Pai Pai Guuku Ⅱ	嗚嗚古古鴨Ⅱ	ok	ok
melee	17113	Pai Pai Guuku Ⅲ	嗚嗚古古鴨Ⅲ	ok	ok
melee	17114	Pai Pai Guuku Ⅳ	嗚嗚古古鴨Ⅳ	ok	ok
melee	17115	Pai Pai Guuku Ⅵ	嗚嗚古古鴨Ⅵ	ok	ok
melee	17116	Pai Pai Guuku Ⅶ	嗚嗚古古鴨Ⅶ	ok	ok
melee	17117	Golden Guuku Ⅰ	黄金古古鴨Ⅰ	ok	ok
melee	17118	Golden Guuku Ⅱ	黄金古古鴨Ⅱ	ok	ok
melee	17119	Golden Guuku Ⅲ	黄金古古鴨Ⅲ	ok	ok
melee	17120	Golden Guuku Ⅳ	黄金古古鴨Ⅳ	ok	ok
melee	17121	Golden Guuku Ⅵ	黄金古古鴨Ⅵ	ok	ok
melee	17122	Golden Guuku Ⅶ	黄金古古鴨Ⅶ	ok	ok
melee	17123	Silver Guuku Ⅰ	銀古古鴨Ⅰ	ok	ok
melee	17124	Silver Guuku Ⅱ	銀古古鴨Ⅱ	ok	ok
melee	17125	Silver Guuku Ⅲ	銀古古鴨Ⅲ	ok	ok
melee	17126	Silver Guuku Ⅳ	銀古古鴨Ⅳ	ok	ok
melee	17127	Silver Guuku Ⅵ	銀古古鴨Ⅵ	ok	ok
melee	17128	Silver Guuku Ⅶ	銀古古鴨Ⅶ	ok	ok
melee	17129	Bronze Guuku Ⅰ	青銅古古鴨Ⅰ	ok	ok
melee	17130	Bronze Guuku Ⅱ	青銅古古鴨Ⅱ	ok	ok
melee	17131	Bronze Guuku Ⅲ	青銅古古鴨Ⅲ	ok	ok
melee	17132	Bronze Guuku Ⅳ	青銅古古鴨Ⅳ	ok	ok
melee	17133	Bronze Guuku Ⅵ	青銅古古鴨Ⅵ	ok	ok
melee	17134	Bronze Guuku Ⅶ	青銅古古鴨Ⅶ	ok	ok
melee	17135	Guar Guar Guuku Ⅶ	瓜瓜古克Ⅶ	ok	ok
melee	17136	Wah Wah Guuku Ⅶ	哇哇古克Ⅶ	ok	ok
melee	17137	Gah Gah Guuku Ⅶ	加加古克Ⅶ	ok	ok
melee	17138	Santa De Guuku Ⅰ	聖誕古古鴨Ⅰ	ok	ok
melee	17139	Santa De Guuku Ⅱ	聖誕古古鴨Ⅱ	ok	ok
melee	17140	Santa De Guuku Ⅲ	聖誕古古鴨Ⅲ	ok	ok
melee	17141	Santa De Guuku Ⅳ	聖誕古古鴨Ⅳ	ok	ok
melee	17142	Santa De Guuku Ⅴ	聖誕古古鴨Ⅴ	ok	ok
melee	17143	"Epoch Spike ""Sunrise"""	艾波奇刺日出	ok	ok
melee	17144	"Epoch Spike ""Sunlight"""	艾波奇刺陽光	ok	ok
melee	17145	"Epoch Spike ""Clear Sky"""	艾波奇刺透空	ok	ok
melee	17146	"Epoch Spike ""Amaterasu"""	艾波奇刺阿瑪特拉蘇	ok	ok
melee	17147	Divine Caduceus	零杭カドゥケウス	ok	ok
melee	17148	Chroma Alma	彩色球紋章	ok	ok
melee	17149	Chroma Alma+	彩色球紋章＋	ok	ok
melee	17150	True Chroma Alma	真彩色球紋章	ok	ok
melee	17151	Final Chroma Alma	決勝彩色球紋章	ok	ok
melee	17152	Chroma Marteau	彩色姆阿爾特艾阿烏	bad	phonetic_salad
melee	17153	Chroma Marteau+	彩色姆阿爾特艾阿烏＋	bad	phonetic_salad
melee	17154	True Chroma Marteau	真彩色姆阿爾特艾阿烏	bad	phonetic_salad
melee	17155	Final Chroma Marteau	決勝彩色姆阿爾特艾阿烏	bad	phonetic_salad
melee	17156	Chroma Rapper	彩色饒舌	ok	ok
melee	17157	Chroma Rapper+	彩色饒舌＋	ok	ok
melee	17158	True Chroma Rapper	真彩色饒舌	ok	ok
melee	17159	Final Chroma Rapper	決勝彩色饒舌	ok	ok
melee	17160	Chroma Lanze	彩色槍	ok	ok
melee	17161	Chroma Lanze+	彩色槍＋	ok	ok
melee	17162	True Chroma Lanze	真彩色槍	ok	ok
melee	17163	Final Chroma Lanze	決勝彩色槍	ok	ok
melee	17164	Chroma Lancia	彩色槍	ok	ok
melee	17165	Chroma Lancia+	彩色槍＋	ok	ok
melee	17166	True Chroma Lancia	真彩色槍	ok	ok
melee	17167	Final Chroma Lancia	決勝彩色槍	ok	ok
melee	17168	Chroma Tonfa	炫彩穿竜棍	ok	ok
melee	17169	Chroma Tonfa+	炫彩穿竜棍＋	ok	ok
melee	17170	True Chroma Tonfa	真・炫彩穿竜棍	ok	ok
melee	17171	Final Chroma Tonfa	終炫彩穿竜棍	ok	ok
melee	17172	Chroma Axt	彩色斧	ok	ok
melee	17173	Chroma Axt+	彩色斧＋	ok	ok
melee	17174	True Chroma Axt	真彩色斧	ok	ok
melee	17175	Final Chroma Axt	決勝彩色斧	ok	ok
melee	17176	Erupe Burukku Ⅰ	艾露培黑茶髦Ⅰ	ok	ok
melee	17177	Erupe Burukku Ⅱ	艾露培黑茶髦Ⅱ	ok	ok
melee	17178	Erupe Burukku Ⅲ	艾露培黑茶髦Ⅲ	ok	ok
melee	17179	Erupe Burukku Ⅳ	艾露培黑茶髦Ⅳ	ok	ok
melee	17180	Erupe Burukku Ⅴ	艾露培黑茶髦Ⅴ	ok	ok
melee	17181	"Lapis Gleam ""Aku"""	青金急証明	ok	ok
melee	17182	"Lapis Gleam ""Tanoku"""	青金急証明	ok	ok
melee	17183	"Lapis Gleam ""Noisuto"""	青金急証明	ok	ok
melee	17184	"Lapis Gleam ""Xirein"""	青金急証明	ok	ok
melee	17185	"Lapis Gleam ""Xiregyura"""	青金急証明	ok	ok
melee	17186	Coiling Ravi Ⅰ	纏繞大巖竜Ⅰ	ok	ok
melee	17187	Coiling Ravi Ⅱ	纏繞大巖竜Ⅱ	ok	ok
melee	17188	Coiling Ravi Ⅲ	纏繞大巖竜Ⅲ	ok	ok
melee	17189	Coiling Ravi Ⅳ	纏繞大巖竜Ⅳ	ok	ok
melee	17190	Coiling Ravi Ⅴ	纏繞大巖竜Ⅴ	ok	ok
melee	17191	Varusa Soul Ⅰ	炎角竜魂Ⅰ	ok	ok
melee	17192	Varusa Soul Ⅱ	炎角竜魂Ⅱ	ok	ok
melee	17193	Varusa Soul Ⅲ	炎角竜魂Ⅲ	ok	ok
melee	17194	Varusa Soul Ⅳ	炎角竜魂Ⅳ	ok	ok
melee	17195	Varusa Soul Ⅴ	炎角竜魂Ⅴ	ok	ok
melee	17196	Guanzorumu Gunlance	帝征竜銃槍	ok	ok
melee	17197	Dragon Emperor Shot Ⅰ	征帝竜銃槍Ⅰ	ok	ok
melee	17198	Dragon Emperor Shot Ⅱ	征帝竜銃槍Ⅱ	ok	ok
melee	17199	Dragon Emperor Shot Ⅲ	征帝竜銃槍Ⅲ	ok	ok
melee	17200	Dragon Emperor Shot Ⅳ	征帝竜銃槍Ⅳ	ok	ok
melee	17201	Lolo & Ray Adventure Ⅰ	赤青鬥獣Ⅰ	ok	ok
melee	17202	Lolo & Ray Adventure Ⅱ	赤青鬥獣Ⅱ	ok	ok
melee	17203	Lolo & Ray Adventure Ⅲ	赤青鬥獣Ⅲ	ok	ok
melee	17204	Lolo & Ray Conclusion	洛洛光線克歐恩克勒烏斯伊	bad	phonetic_salad
melee	17205	Unknown Encounter	未知艾恩克歐烏恩特艾	bad	phonetic_salad
melee	17206	Unknown Friendship	未知友情	ok	ok
melee	17207	Unknown Struggle	未知斯特爾烏格格勒艾	bad	phonetic_salad
melee	17208	Unknown Creation	未知克爾艾阿特伊歐恩	bad	phonetic_salad
melee	17209	Graham Spike Ⅰ	葛拉漢尖刺Ⅰ	ok	ok
melee	17210	Graham Spike Ⅱ	葛拉漢尖刺Ⅱ	ok	ok
melee	17211	Graham Spike Ⅲ	葛拉漢尖刺Ⅲ	ok	ok
melee	17212	Graham Spike Ⅳ	葛拉漢尖刺Ⅳ	ok	ok
melee	17213	Graham Spike Ⅴ	葛拉漢尖刺Ⅴ	ok	ok
melee	17214	Divine Galatine	神加拉提涅	ok	ok
melee	17215	Supreme Axe Francisca	覇斧フランシスカ	ok	ok
melee	17216	Lethe Sword	忘川剣	ok	ok
melee	17217	"Lethe Sword ""Anarchy"""	忘川剣【無序】	ok	ok
melee	17218	"Lethe Sword ""Wish"""	忘川剣【願】	ok	ok
melee	17219	"Lethe Sword ""Ashura"""	忘川剣【阿修羅】	ok	ok
melee	17220	Lethe Duals	忘川竜鎧沸	ok	ok
melee	17221	"Lethe Duals ""Anarchy"""	忘川竜鎧沸	ok	ok
melee	17222	"Lethe Duals ""Wish"""	忘川竜鎧沸【願】	ok	ok
melee	17223	"Lethe Duals ""Mahakala"""	忘川竜鎧沸	ok	ok
melee	17224	Lethe Blade	忘川刃	ok	ok
melee	17225	"Lethe Blade ""Anarchy"""	忘川刃【無序】	ok	ok
melee	17226	"Lethe Blade ""Wish"""	忘川刃【願】	ok	ok
melee	17227	"Lethe Blade ""Tsukuyomi"""	忘川刃【月讀】	ok	ok
melee	17228	Lethe Katana	忘川刀	ok	ok
melee	17229	"Lethe Katana ""Anarchy"""	忘川刀【無序】	ok	ok
melee	17230	"Lethe Katana ""Wish"""	忘川刀【願】	ok	ok
melee	17231	"Lethe Katana ""Yatokami"""	忘川刀【八俣神】	ok	ok
melee	17232	Lethe Hammer	忘川大錘	ok	ok
melee	17233	"Lethe Hammer ""Anarchy"""	忘川大錘【無序】	ok	ok
melee	17234	"Lethe Hammer ""Wish"""	忘川大錘【願】	ok	ok
melee	17235	"Lethe Hammer ""Skanda"""	忘川大錘【韋駄】	ok	ok
melee	17236	Lethe Horn	忘川角	ok	ok
melee	17237	"Lethe Horn ""Anarchy"""	忘川角【無序】	ok	ok
melee	17238	"Lethe Horn ""Wish"""	忘川角【願】	ok	ok
melee	17239	"Lethe Horn ""Ebisu"""	忘川角【惠比寿】	ok	ok
melee	17240	Lethe Lance	忘川長槍	ok	ok
melee	17241	"Lethe Lance ""Anarchy"""	忘川長槍【無序】	ok	ok
melee	17242	"Lethe Lance ""Wish"""	忘川長槍【願】	ok	ok
melee	17243	"Lethe Lance ""Vaisravana"""	忘川長槍【毘沙門】	ok	ok
melee	17244	Lethe Gun	忘川銃	ok	ok
melee	17245	"Lethe Gun ""Anarchy"""	忘川銃【無序】	ok	ok
melee	17246	"Lethe Gun ""Wish"""	忘川銃【願】	ok	ok
melee	17247	"Lethe Gun ""Tsukumogami"""	忘川銃【付喪神】	ok	ok
melee	17248	Lethe Tonfa	忘川穿竜棍	ok	ok
melee	17249	"Lethe Tonfa ""Anarchy"""	忘川穿竜棍【無序】	ok	ok
melee	17250	"Lethe Tonfa ""Wish"""	忘川穿竜棍【願】	ok	ok
melee	17251	"Lethe Tonfa ""Okuninushi"""	忘川穿竜棍【大国主】	ok	ok
melee	17252	Lethe Axe	忘川斧	ok	ok
melee	17253	"Lethe Axe ""Anarchy"""	忘川斧【無序】	ok	ok
melee	17254	"Lethe Axe ""Desire"""	忘川斧【願望】	ok	ok
melee	17255	"Lethe Axe ""Budai"""	忘川斧【布袋】	ok	ok
melee	17256	Renka Spike	連歌之棘	ok	ok
melee	17257	"Renka Spike ""Horse"""	連歌棘研磨尾	ok	ok
melee	17258	"Renka Spike ""Stallion"""	連歌刺斯特阿勒勒伊歐恩	bad	phonetic_salad
melee	17259	"Renka Spike ""Dissipate"""	連歌刺德伊斯斯伊普阿特	bad	phonetic_salad
melee	17260	"Enrapture Sword ""Intro"""	狂喜剣序	ok	ok
melee	17261	"Enrapture Sword ""Chorus"""	狂喜剣合唱	ok	ok
melee	17262	"Enrapture Sword ""Encore"""	狂喜剣安可	ok	ok
melee	17263	"Enrapture Duo ""Intro"""	狂喜雙序	ok	ok
melee	17264	"Enrapture Duo ""Chorus"""	狂喜雙合唱	ok	ok
melee	17265	"Enrapture Duo ""Encore"""	狂喜雙安可	ok	ok
melee	17266	"Enrapture Blade ""Intro"""	狂喜刃序	ok	ok
melee	17267	"Enrapture Blade ""Chorus"""	狂喜刃合唱	ok	ok
melee	17268	"Enrapture Blade ""Encore"""	狂喜刃安可	ok	ok
melee	17269	"Enrapture Edge ""Intro"""	狂喜刃序	ok	ok
melee	17270	"Enrapture Edge ""Chorus"""	狂喜刃合唱	ok	ok
melee	17271	"Enrapture Edge ""Encore"""	狂喜刃安可	ok	ok
melee	17272	"Enrapture Bash ""Intro"""	狂喜猛撃序	ok	ok
melee	17273	"Enrapture Bash ""Chorus"""	狂喜猛撃合唱	ok	ok
melee	17274	"Enrapture Bash ""Encore"""	狂喜猛撃安可	ok	ok
melee	17275	"Enrapture Horn ""Intro"""	狂喜角序	ok	ok
melee	17276	"Enrapture Horn ""Chorus"""	狂喜角合唱	ok	ok
melee	17277	"Enrapture Horn ""Encore"""	狂喜角安可	ok	ok
melee	17278	"Enrapture Lance ""Intro"""	長槍狂喜序	ok	ok
melee	17279	"Enrapture Lance ""Chorus"""	長槍狂喜合唱	ok	ok
melee	17280	"Enrapture Lance ""Encore"""	長槍狂喜安可	ok	ok
melee	17281	"Enrapture Shot ""Intro"""	狂喜彈序	ok	ok
melee	17282	"Enrapture Shot ""Chorus"""	狂喜彈合唱	ok	ok
melee	17283	"Enrapture Shot ""Encore"""	狂喜彈安可	ok	ok
melee	17284	"Enrapture Tonfa ""Solo"""	狂喜穿刺棍索洛	ok	ok
melee	17285	"Enrapture Axt ""Solo"""	狂喜斧索洛	ok	ok
melee	17286	"Utatsunagi Spike ""Solo"""	烏特阿特斯烏恩阿刺索洛	bad	phonetic_salad
melee	17287	Poet Epee	詩人刺剣	ok	ok
melee	17288	Poet Epee+	詩人刺剣＋	ok	ok
melee	17289	True Poet Epee	真詩人刺剣	ok	ok
melee	17290	Poetry Epee	詩刺剣	ok	ok
melee	17291	Poet Twin	詩人球紋章	ok	ok
melee	17292	Poet Twin+	詩人球紋章＋	ok	ok
melee	17293	True Poet Twin	真詩人球紋章	ok	ok
melee	17294	Poetry Twin	詩球紋章	ok	ok
melee	17295	Poet Arma	詩人轟竜鎧	ok	ok
melee	17296	Poet Arma+	詩人轟竜鎧＋	ok	ok
melee	17297	True Poet Arma	真詩人轟竜鎧	ok	ok
melee	17298	Poetry Arma	詩轟竜鎧	ok	ok
melee	17299	Poet Klinge	詩人刃	ok	ok
melee	17300	Poet Klinge+	詩人刃＋	ok	ok
melee	17301	True Poet Klinge	真詩人刃	ok	ok
melee	17302	Poetry Klinge	詩刃	ok	ok
melee	17303	Poet Marteau	詩人姆阿爾特艾阿烏	bad	phonetic_salad
melee	17304	Poet Marteau+	詩人姆阿爾特艾阿烏＋	bad	phonetic_salad
melee	17305	True Poet Marteau	真詩人姆阿爾特艾阿烏	bad	phonetic_salad
melee	17306	Poetry Marteau	詩姆阿爾特艾阿烏	bad	phonetic_salad
melee	17307	Poet Rapper	詩人饒舌	ok	ok
melee	17308	Poet Rapper+	詩人饒舌＋	ok	ok
melee	17309	True Poet Rapper	真詩人饒舌	ok	ok
melee	17310	Poetry Rapper	詩饒舌	ok	ok
melee	17311	Poet Lanze	詩人槍	ok	ok
melee	17312	Poet Lanze+	詩人槍＋	ok	ok
melee	17313	True Poet Lanze	真詩人槍	ok	ok
melee	17314	Poetry Lanze	詩槍	ok	ok
melee	17315	Poet Lancia	詩人槍	ok	ok
melee	17316	Poet Lancia+	詩人槍＋	ok	ok
melee	17317	True Poet Lancia	真詩人槍	ok	ok
melee	17318	Poetry Lancia	詩槍	ok	ok
melee	17319	Poet Tonfa	詩人穿竜棍	ok	ok
melee	17320	Poet Tonfa+	詩人穿竜棍＋	ok	ok
melee	17321	True Poet Tonfa	真・詩人穿竜棍	ok	ok
melee	17322	Poetry Tonfa	詩歌穿竜棍	ok	ok
melee	17323	Poet Axt	詩人斧	ok	ok
melee	17324	Poet Axt+	詩人斧＋	ok	ok
melee	17325	True Poet Axt	真詩人斧	ok	ok
melee	17326	Poetry Axt	詩斧	ok	ok
melee	17327	Poet Pillar	詩人柱	ok	ok
melee	17328	Poet Pillar+	詩人柱＋	ok	ok
melee	17329	True Poet Pillar	真詩人柱	ok	ok
melee	17330	Poetry Pillar	詩柱	ok	ok
melee	17331	Magi Lean	瑪吉勒艾阿恩	ok	ok
melee	17332	Magi Ein	瑪吉艾恩	ok	ok
melee	17333	Magi Spike	瑪吉之棘	ok	ok
melee	17334	Magi Lange	瑪吉拉恩艾	ok	ok
melee	17335	Magi Eclipse	瑪吉蝕	ok	ok
melee	17336	Magi Rizil	瑪吉爾伊茲伊勒	ok	ok
melee	17337	Magi Khan	瑪吉克哈阿恩	ok	ok
melee	17338	Magi Soin	瑪吉斯歐伊恩	ok	ok
melee	17339	Magi Scarab	MＧISＣＲＢ	ok	ok
melee	17340	Magi Hieroglyph	瑪吉哈伊艾爾歐格勒伊	bad	phonetic_salad
melee	17341	Magi Sculis	瑪吉斯克烏勒伊斯	bad	phonetic_salad
melee	17342	Magi Crow	瑪吉克爾歐瓦	ok	ok
melee	17343	Magi Death	瑪吉死	ok	ok
melee	17344	Magi Guin	MＧⅠＧＵⅠN	ok	ok
melee	17345	Magi Brakuri	MＧIＢＲｋＵＲI	ok	ok
melee	17346	Magi Brathus	MＧⅠＢＲTHＵS	ok	ok
melee	17347	Magi Infi	瑪吉伊恩夫伊	ok	ok
melee	17348	Magi Nagering	瑪傑・納格林	ok	ok
melee	17349	Magi Gold	瑪吉金	ok	ok
melee	17350	Magi Rain	瑪吉雨	ok	ok
melee	17351	Magi Steam	瑪吉蒸汽	ok	ok
melee	17352	Magi Middle	瑪吉中	ok	ok
melee	17353	Magi Yotos	瑪吉伊歐特歐斯	ok	ok
melee	17354	Magi Cloud	瑪吉雲	ok	ok
melee	17355	Magi Orn	瑪吉金	ok	ok
melee	17356	Magi Goin	瑪吉格歐伊恩	ok	ok
melee	17357	Magi Trooper	瑪吉特爾歐歐普艾爾	bad	phonetic_salad
melee	17358	Magi Arhus	MＧⅠＲHＵS	ok	ok
melee	17359	Magi Maerol	瑪吉姆阿艾爾歐勒	bad	phonetic_salad
melee	17360	Magi Mj?lnir	瑪吉MJ勒恩伊爾	bad	phonetic_salad
melee	17361	Magi Hoon	瑪吉哈歐歐恩	ok	ok
melee	17362	Magi Rai	MＧⅠＲⅠ	ok	ok
melee	17363	Magi Sutachi	瑪吉蘇塔奇伊	ok	ok
melee	17364	Magi Rikunir	MＧIＲIｋＵNIＲ	ok	ok
melee	17365	Magi Tetri	瑪傑・泰特來	ok	ok
melee	17366	Magi Cystrum	瑪吉克伊斯特爾烏姆	bad	phonetic_salad
melee	17367	Magi Soon	瑪吉斯歐歐恩	ok	ok
melee	17368	Magi Quinn	瑪吉奎烏伊恩恩	ok	ok
melee	17369	Magi Haluse	瑪吉哈魯瑟	ok	ok
melee	17370	Magi Tocris	瑪吉特歐克爾伊斯	bad	phonetic_salad
melee	17371	Magi Unruly	瑪吉烏恩爾烏勒伊	bad	phonetic_salad
melee	17372	Magi Trishula	瑪吉特伊修烏拉	ok	ok
melee	17373	Magi Thorn	瑪吉刺	ok	ok
melee	17374	Magi Hein	瑪傑・海因	ok	ok
melee	17375	Magi Break	瑪吉砕	ok	ok
melee	17376	Magi Ladybug	瑪吉勒阿德伊布烏格	bad	phonetic_salad
melee	17377	Magi Whirl	瑪吉瓦哈伊爾勒	ok	ok
melee	17378	Magi Regalia	瑪吉雷加利阿	ok	ok
melee	17379	ダミー	假	ok	skip_empty_dummy
melee	17380	ダミー	假	ok	skip_empty_dummy
melee	17381	ダミー	假	ok	skip_empty_dummy
melee	17382	ダミー	假	ok	skip_empty_dummy
melee	17383	Magi Bumble	瑪吉布烏姆布勒艾	bad	phonetic_salad
melee	17384	Magi Pile Bunker	瑪吉堆布烏恩克艾爾	bad	phonetic_salad
melee	17385	ダミー	假	ok	skip_empty_dummy
melee	17386	ダミー	假	ok	skip_empty_dummy
melee	17387	ダミー	假	ok	skip_empty_dummy
melee	17388	ダミー	假	ok	skip_empty_dummy
melee	17389	Magi Ranger	瑪傑・遊侠	ok	ok
melee	17390	Magi Parashu	魔法・波拉修	ok	ok
melee	17391	ダミー	假	ok	skip_empty_dummy
melee	17392	ダミー	假	ok	skip_empty_dummy
melee	17393	ダミー	假	ok	skip_empty_dummy
melee	17394	ダミー	假	ok	skip_empty_dummy
melee	17395	Magi Prayer	瑪吉祈願	ok	ok
melee	17396	Magi Ohan	瑪吉歐哈阿恩	ok	ok
melee	17397	Gray Lean	灰勒艾阿恩	ok	ok
melee	17398	Gray Ein	灰艾恩	ok	ok
melee	17399	Gray Spike	灰之棘	ok	ok
melee	17400	Gray Ranjeri	灰爾阿恩杰艾爾伊	bad	phonetic_salad
melee	17401	Gray Eclipse	灰日蝕	ok	ok
melee	17402	Gray Rizil	灰爾伊茲伊勒	ok	ok
melee	17403	Gray Khan	灰克哈阿恩	ok	ok
melee	17404	Gray Soin	灰斯歐伊恩	ok	ok
melee	17405	Gray Scarab	灰斯克阿爾阿布	ok	ok
melee	17406	Gray Hieroglyph	灰哈伊艾爾歐格勒伊	bad	phonetic_salad
melee	17407	Gray Sculis	灰斯克烏勒伊斯	ok	ok
melee	17408	Gray Curve	灰克烏爾維艾	ok	ok
melee	17409	Gray True	灰真	ok	ok
melee	17410	Gray Guin	灰格烏伊恩	ok	ok
melee	17411	Gray Brakuri	灰布阿庫里	ok	ok
melee	17412	Gray Brathus	灰布爾阿特哈烏斯	bad	phonetic_salad
melee	17413	Gray Infinite	灰伊恩夫伊恩伊特艾	bad	phonetic_salad
melee	17414	Gray Revatein	灰爾艾維阿特艾伊恩	bad	phonetic_salad
melee	17415	Gray Gold	灰金	ok	ok
melee	17416	Gray Rain	灰雨	ok	ok
melee	17417	Gray Steam	灰蒸汽	ok	ok
melee	17418	Gray Samidoru	灰薩米多魯	ok	ok
melee	17419	Gray Yotos	灰伊歐特歐斯	ok	ok
melee	17420	Gray Cloud	灰雲	ok	ok
melee	17421	Gray Orn	灰金	ok	ok
melee	17422	Gray Goin	灰格歐伊恩	ok	ok
melee	17423	Gray Trooper	灰特爾歐歐普艾爾	bad	phonetic_salad
melee	17424	Gray Arhus	灰阿爾哈烏斯	ok	ok
melee	17425	Gray Maerol	灰姆阿艾爾歐勒	ok	ok
melee	17426	Gray Law	灰勒阿瓦	ok	ok
melee	17427	Gray Hoon	灰哈歐歐恩	ok	ok
melee	17428	Gray Line	灰行	ok	ok
melee	17429	Gray Sutachi	灰蘇塔奇伊	ok	ok
melee	17430	Gray Rikunir	灰爾伊克烏恩伊爾	bad	phonetic_salad
melee	17431	Gray Tetry	灰特艾特爾伊	ok	ok
melee	17432	Gray Lira	灰利拉	ok	ok
melee	17433	Gray Soon	灰斯歐歐恩	ok	ok
melee	17434	Gray Quinn	灰奎烏伊恩恩	ok	ok
melee	17435	Gray Harose	灰哈羅瑟	ok	ok
melee	17436	Gray Tocris	灰特歐克爾伊斯	ok	ok
melee	17437	Gray Bleiha	灰布艾伊哈	ok	ok
melee	17438	Gray Triaina	灰特伊阿伊娜	ok	ok
melee	17439	Gray Thorn	灰刺	ok	ok
melee	17440	Gray Hein	灰哈艾伊恩	ok	ok
melee	17441	Gray Break	灰砕	ok	ok
melee	17442	Gray Ladybug	灰勒阿德伊布烏格	bad	phonetic_salad
melee	17443	Gray Whatroz	灰瓦哈阿特爾歐茲	bad	phonetic_salad
melee	17444	Gray Weas	灰瓦艾阿斯	ok	ok
melee	17445	ダミー	假	ok	skip_empty_dummy
melee	17446	ダミー	假	ok	skip_empty_dummy
melee	17447	ダミー	假	ok	skip_empty_dummy
melee	17448	ダミー	假	ok	skip_empty_dummy
melee	17449	Gray Bumble	灰布烏姆布勒艾	ok	ok
melee	17450	Gray Pile Bunk	灰堆布烏恩克	ok	ok
melee	17451	ダミー	假	ok	skip_empty_dummy
melee	17452	ダミー	假	ok	skip_empty_dummy
melee	17453	ダミー	假	ok	skip_empty_dummy
melee	17454	ダミー	假	ok	skip_empty_dummy
melee	17455	Gray Ranger	灰爾阿恩格艾爾	ok	ok
melee	17456	Gray Chak	灰野泰里	ok	ok
melee	17457	ダミー	假	ok	skip_empty_dummy
melee	17458	ダミー	假	ok	skip_empty_dummy
melee	17459	ダミー	假	ok	skip_empty_dummy
melee	17460	ダミー	假	ok	skip_empty_dummy
melee	17461	Gray Praia	灰普阿伊阿	ok	ok
melee	17462	Gray Lia Fail	灰利阿敗	ok	ok
melee	17463	Layer Edge	多殼刃	ok	ok
melee	17464	"Layer Edge ""Bellflower"""	多殼刃【桔梗】	ok	ok
melee	17465	"Layer Edge ""Ashitaba"""	多殼刃【明日葉】	ok	ok
melee	17466	"Layer Edge ""Crapemyrtle"""	多殼刃【百日紅】	ok	ok
melee	17467	Layer Hammer	多殼大錘	ok	ok
melee	17468	"Layer Hammer ""Magnolia"""	多殼大錘【木蓮】	ok	ok
melee	17469	"Layer Hammer ""Oleander"""	多殼大錘【夾竹桃】	ok	ok
melee	17470	"Layer Hammer ""Camellia"""	多殼大錘【椿】	ok	ok
melee	17471	Layer Tonfa	多殼穿竜棍	ok	ok
melee	17472	"Layer Tonfa ""Snowball"""	多殼穿竜棍【雪球】	ok	ok
melee	17473	"Layer Tonfa ""Bluecrown"""	多殼穿竜棍【蒼冠】	ok	ok
melee	17474	"Layer Tonfa ""Klamath"""	多殼穿竜棍【克拉瑪斯】	ok	ok
melee	17475	Layer Axe	多殼斧	ok	ok
melee	17476	"Layer Axe ""Primrose"""	多殼斧【櫻草】	ok	ok
melee	17477	"Layer Axe ""Spiderwort"""	多殼斧【紫露草】	ok	ok
melee	17478	"Layer Axe ""Dragonstail"""	多殼斧【竜尾】	ok	ok
melee	17479	Layer Spike	層刺	ok	ok
melee	17480	"Layer Spike ""Snapdragon"""	層刺斯恩阿普德爾阿格	bad	phonetic_salad
melee	17481	"Layer Spike ""Marigold"""	層刺姆阿爾伊格歐勒德	bad	phonetic_salad
melee	17482	"Layer Spike ""Hanamizuki"""	層刺哈娜米祖奇	ok	ok
melee	17483	"Harudo Sword ""Silver"""	金華竜剣【銀】	ok	ok
melee	17484	"Harudo Sword ""Metal"""	金華竜剣金属	ok	ok
melee	17485	"Harudo Sword ""Platinum"""	金華竜剣白金	ok	ok
melee	17486	"Harudo Sword ""Crystal"""	金華竜剣結晶	ok	ok
melee	17487	"Harudo Duals ""Jin"""	金華竜竜鎧沸壬	ok	ok
melee	17488	"Harudo Duals ""Serieburo"""	金華竜竜鎧沸	ok	ok
melee	17489	"Harudo Duals ""Metarumu"""	金華竜竜鎧沸	ok	ok
melee	17490	"Harudo Duals ""Kuryusuta"""	金華竜竜鎧沸	ok	ok
melee	17491	"Harudo Blade ""Rarujan"""	金華竜刃爾阿爾烏杰阿恩	ok	ok
melee	17492	"Harudo Blade ""Mirionu"""	金華竜刃米里歐努	ok	ok
melee	17493	"Harudo Blade ""Haku"""	金華竜刃哈庫	ok	ok
melee	17494	"Harudo Blade ""Argyros"""	金華竜刃阿爾格伊爾歐斯	ok	ok
melee	17495	"Harudo Spear ""Asimi"""	金華竜槍阿西米	ok	ok
melee	17496	"Harudo Spear ""Metoxu"""	金華竜槍梅托克斯烏	ok	ok
melee	17497	"Harudo Spear ""Risashion"""	金華竜槍爾伊斯阿斯哈伊歐	ok	ok
melee	17498	"Harudo Spear ""Sudoraba"""	金華竜槍蘇多拉巴	ok	ok
melee	17499	"Harudo Blast ""Tarusu"""	金華竜爆破	ok	ok
melee	17500	"Harudo Blast ""Shiriburo"""	金華竜爆破	ok	ok
melee	17501	"Harudo Blast ""Norisosu"""	金華竜爆破	ok	ok
melee	17502	"Harudo Blast ""Zervelle """	金華竜爆破	ok	ok
melee	17503	"Harudo Horn ""Fuxidda"""	金華竜角	ok	ok
melee	17504	"Harudo Horn ""Shidavuros"""	金華竜角	ok	ok
melee	17505	"Harudo Horn ""Arujixen"""	金華竜角	ok	ok
melee	17506	"Harudo Horn ""Nogure"""	金華竜角	ok	ok
melee	17507	"Harudo Spike ""Shirogane"""	金華竜刺修伊羅加涅	ok	ok
melee	17508	"Harudo Spike ""Deruna"""	金華竜刺德魯娜	ok	ok
melee	17509	"Harudo Spike ""Serinos"""	金華竜刺斯艾爾伊恩歐斯	ok	ok
melee	17510	"Harudo Spike ""Emandaro"""	金華竜刺艾姆阿恩德阿爾歐	ok	ok
melee	17511	Demon Flamespike	魔焔尖槍	ok	ok
melee	17512	Demon Fierce Flamespike	魔猛焔尖槍	ok	ok
melee	17513	Demon Violent Flamespike	魔凶暴焔尖槍	ok	ok
melee	17514	Demon Berserk Flamespike	魔狂焔尖槍	ok	ok
melee	17515	Demon Savage Flamespike	魔螺鈿終焔尖槍	bad	raden_end
melee	17516	"Demon Flamespike ""Flash"""	"魔焔尖槍,窄 UI 引號
」,閃」"	ok	ok
melee	17517	"Demon Flamespike ""Shine"""	"魔焔尖槍,窄 UI 引號
」,輝」"	ok	ok
melee	17518	Demon Aquaspike	魔阿奎烏阿斯普伊克	bad	phonetic_salad
melee	17519	Demon Fierce Aquaspike	魔猛阿奎烏阿斯普伊克	bad	phonetic_salad
melee	17520	Demon Violent Aquaspike	魔凶暴阿奎烏阿斯普伊克	bad	phonetic_salad
melee	17521	Demon Berserk Aquaspike	魔狂阿奎烏阿斯普伊克	bad	phonetic_salad
melee	17522	Demon Savage Aquaspike	魔螺鈿終阿奎烏阿斯普伊克	bad	raden_end
melee	17523	"Demon Aquaspike ""Flash"""	魔阿奎烏阿斯普伊克閃	bad	phonetic_salad
melee	17524	"Demon Aquaspike ""Shine"""	魔阿奎烏阿斯普伊克輝	bad	phonetic_salad
melee	17525	Demon Stormspike	惡魔嵐尖槍	ok	ok
melee	17526	Demon Fierce Stormspike	惡魔猛嵐尖槍	ok	ok
melee	17527	Demon Violent Stormspike	惡魔凶暴嵐尖槍	ok	ok
melee	17528	Demon Berserk Stormspike	惡魔狂嵐尖槍	ok	ok
melee	17529	Demon Savage Stormspike	惡魔螺鈿終嵐尖槍	bad	raden_end
melee	17530	"Demon Stormspike ""Flash"""	"惡魔嵐尖槍,窄 UI 引號
」,閃光」"	ok	ok
melee	17531	"Demon Stormspike ""Shine"""	"惡魔嵐尖槍,窄 UI 引號
」,光輝」"	ok	ok
melee	17532	Demon Frostspike	魔霜刺	ok	ok
melee	17533	Demon Fierce Frostspike	魔猛霜刺	ok	ok
melee	17534	Demon Violent Frostspike	魔凶暴霜刺	ok	ok
melee	17535	Demon Berserk Frostspike	魔狂霜刺	ok	ok
melee	17536	Demon Savage Frostspike	魔螺鈿終霜刺	bad	raden_end
melee	17537	"Demon Frostspike ""Flash"""	魔霜刺閃	ok	ok
melee	17538	"Demon Frostspike ""Shine"""	魔霜刺輝	ok	ok
melee	17539	Death Roll	死阿爾布	ok	ok
melee	17540	Heroes Return	哈艾爾歐艾斯歸還	bad	phonetic_salad
melee	17541	Demon Desire	惡魔德西雷	ok	ok
melee	17542	Lovely Felyne Ⅰ	可愛艾路猫Ⅰ	ok	ok
melee	17543	Lovely Felyne Ⅱ	可愛艾路猫Ⅱ	ok	ok
melee	17544	Lovely Felyne Ⅲ	可愛艾路猫Ⅲ	ok	ok
melee	17545	Lovely Felyne Ⅳ	可愛艾路猫Ⅳ	ok	ok
melee	17546	Lovely Felyne Ⅴ	可愛艾路猫Ⅴ	ok	ok
melee	17547	Decorative Guku	德科拉提維古庫	ok	ok
melee	17548	Decorative Gukuku	德科拉提維古庫庫	ok	ok
melee	17549	Decorative Gukukuwa	德科拉提維古庫庫瓦	ok	ok
melee	17550	Decorative Gukukuwawa	德科拉提維古庫庫瓦瓦	ok	ok
melee	17551	Biscuit Cream Ⅰ	餅乾乳霜Ⅰ	ok	ok
melee	17552	Biscuit Cream Ⅱ	餅乾乳霜Ⅱ	ok	ok
melee	17553	Biscuit Cream Ⅲ	餅乾乳霜Ⅲ	ok	ok
melee	17554	Biscuit Cream Ⅳ	餅乾乳霜Ⅳ	ok	ok
melee	17555	Sakura Lance Ⅰ	櫻長槍Ⅰ	ok	ok
melee	17556	Sakura Lance Ⅱ	櫻長槍Ⅱ	ok	ok
melee	17557	Sakura Lance Ⅲ	櫻長槍Ⅲ	ok	ok
melee	17558	Sakura Lance Ⅳ	櫻長槍Ⅳ	ok	ok
melee	17559	Sakura Lance Ⅴ	櫻長槍Ⅴ	ok	ok
melee	17560	Volnoborin Ⅰ	鯉幟Ⅰ	ok	ok
melee	17561	Volnoborin Ⅱ	鯉幟Ⅱ	ok	ok
melee	17562	Volnoborin Ⅲ	鯉幟Ⅲ	ok	ok
melee	17563	Volnoborin Ⅳ	鯉幟Ⅳ	ok	ok
melee	17564	Candle Truth	燭特烏斯	ok	ok
melee	17565	Candle Flame	燭炎	ok	ok
melee	17566	Candle Devils	燭德艾維伊勒斯	ok	ok
melee	17567	Gold Cat Emperor	金猫皇帝	ok	ok
ranged	0	Nothing Equipped	未裝備	ok	ok
ranged	1	Cross Bowgun	十字弩槍	ok	ok
ranged	2	Cross Bowgun+	十字弩槍＋	ok	ok
ranged	3	Hornet Gun	黄蜂銃	ok	ok
ranged	4	Valkyrie Fire	火女武神	ok	ok
ranged	5	Spartacus Fire	火斯巴達	ok	ok
ranged	6	Shotgun (Azure)	散彈槍蒼	ok	ok
ranged	7	Shotgun (Green)	散彈槍緑	ok	ok
ranged	8	Shotgun (Blood)	散彈槍之血	ok	ok
ranged	9	Maelstrom	大渦	ok	ok
ranged	10	Desert Storm	砂漠嵐	ok	ok
ranged	11	Grenade Launcher	榴彈發射器	ok	ok
ranged	12	Titan Launcher	巨神發射器	ok	ok
ranged	13	Arbalest	弩機	ok	ok
ranged	14	Arbalest+	弩機＋	ok	ok
ranged	15	Tankmage	戦車法師	ok	ok
ranged	16	Rapidcaster	速射	ok	ok
ranged	17	Quickcaster	快射	ok	ok
ranged	18	Meteor Cannon	流星加農砲	ok	ok
ranged	19	Blue Kut-Ku Cannon	青怪鳥加農砲	ok	ok
ranged	20	Raven Heirloom	渡鴉傳家	ok	ok
ranged	21	Lao-Shan Lung Cannon	竜老山加農砲	ok	ok
ranged	22	Injection Gun	注射銃	ok	ok
ranged	23	Last Needle	拉斯針	ok	ok
ranged	24	Demonlock	魔封	ok	ok
ranged	25	Shotgun (White)	散彈槍白	ok	ok
ranged	26	Gravios Roar	鎧竜咆哮	ok	ok
ranged	27	Mega Kut-Ku Cannon	巨大庫庫加農砲	ok	ok
ranged	28	S.Cross Bowgun	S十字弩	ok	ok
ranged	29	Valkyrie Heart	女武神心	ok	ok
ranged	30	Valkyrie Blaze	女武神炎	ok	ok
ranged	31	Valkyrie Heart+	女武神心＋	ok	ok
ranged	32	Gold Valkyrie	金女武神	ok	ok
ranged	33	Spartacus Soul	斯巴達魂	ok	ok
ranged	34	Spartacus Blaze	斯巴達炎	ok	ok
ranged	35	Spartacus Soul+	斯巴達魂＋	ok	ok
ranged	36	Silver Spartacus	銀斯巴達	ok	ok
ranged	37	Crimson Blue	深紅青	ok	ok
ranged	38	Azure Sakura	蒼桜	ok	ok
ranged	39	Uranos Grenade	烏爾阿恩歐斯榴彈	bad	phonetic_salad
ranged	40	Supreme Azure Sakura	至高蒼桜	ok	ok
ranged	41	Profusion	普爾歐夫烏斯伊歐	bad	phonetic_salad
ranged	42	Aqua Blade Shower	水刃斯哈歐瓦艾爾	bad	phonetic_salad
ranged	43	Green Blade Shower	緑刃斯哈歐瓦艾爾	bad	phonetic_salad
ranged	44	Crimson Blade Shower	深紅刃斯哈歐瓦艾爾	bad	phonetic_salad
ranged	45	Bullet Storm	弾嵐	ok	ok
ranged	46	Maelstrom+	大渦＋	ok	ok
ranged	47	Sandfall	斯阿恩德夫阿勒勒	bad	phonetic_salad
ranged	48	Desert Tempest	砂漠暴風	ok	ok
ranged	49	Sandfall+	斯阿恩德夫阿勒勒＋	bad	phonetic_salad
ranged	50	Grenade Launcher+	榴彈發射器＋	ok	ok
ranged	51	Titan Launcher+	巨神發射器＋	ok	ok
ranged	52	Chronos Grenade	克哈爾歐恩歐斯榴彈	bad	phonetic_salad
ranged	53	Kut-Ku Anger	怪鳥尾虎皮	ok	ok
ranged	54	Kut-Ku Rage	怪鳥激昂	ok	ok
ranged	55	Black Belt Bowgun	黑帶弩槍	ok	ok
ranged	56	Expert Bowgun	達人弩槍	ok	ok
ranged	57	Island of the Gods	伊斯勒阿恩德格歐德斯	bad	phonetic_salad
ranged	58	Dark Parasol	闇陽傘	ok	ok
ranged	59	Angel Parasol	阿恩格艾勒陽傘	ok	ok
ranged	60	Sakura Parasol	桜陽傘	ok	ok
ranged	61	S.Arbalest	S弩機	ok	ok
ranged	62	Tankmage+	戦車法師＋	ok	ok
ranged	63	Bastionmage	布阿斯特伊歐恩姆	bad	phonetic_salad
ranged	64	Quickcaster+	快射＋	ok	ok
ranged	65	Duelcaster	德烏艾勒克阿斯特	bad	phonetic_salad
ranged	66	Duelcaster+	德烏艾勒克阿斯特＋	bad	phonetic_salad
ranged	67	Monodevilcaster	姆歐恩歐德艾維伊	bad	phonetic_salad
ranged	68	Monodevilcaster+	姆歐恩歐德艾維伊＋	bad	phonetic_salad
ranged	69	Meteor Buster	流星破壞	ok	ok
ranged	70	Vor Cannon	維歐爾加農砲	ok	ok
ranged	71	Destiny's Hand	命運日月弩	ok	ok
ranged	72	Mega Kut-Ku Cannon	巨大庫庫加農砲	ok	ok
ranged	73	Supreme Lao-Shan Cannon	至高老山加農砲	ok	ok
ranged	74	Emperor Lao-Shan Cannon	帝老山加農砲	ok	ok
ranged	75	Honeycomber	哈歐恩艾伊克歐姆	bad	phonetic_salad
ranged	76	Gravios Howl	鎧竜哈歐瓦勒	ok	ok
ranged	77	Golden Lion	黄金勒伊歐恩	ok	ok
ranged	78	Hunter Bow III	獵人弓Ⅲ	ok	ok
ranged	79	Wild Bow III	狂野弓Ⅲ	ok	ok
ranged	80	Power Wild Bow II	威力狂野弓Ⅱ	ok	ok
ranged	81	Queen Blaster II	女王爆破Ⅱ	ok	ok
ranged	82	Heart Shot Bow II	心射弓Ⅱ	ok	ok
ranged	83	Prominence Bow II	日珥弓Ⅱ	ok	ok
ranged	84	Sonic Bow III	音速弓Ⅲ	ok	ok
ranged	85	Blos Horn Bow II	角竜角弓Ⅱ	ok	ok
ranged	86	Dragon Bow【Landslide】	竜弓山崩	ok	ok
ranged	87	Courageous Hope II	勇氣希望Ⅱ	ok	ok
ranged	88	Dragon Bow【Sunflower】	竜弓斯烏恩夫勒歐瓦艾	bad	phonetic_salad
ranged	89	Annihilation Bow I	凍薙弓Ⅰ	ok	ok
ranged	90	Victory＆Glory Bow	弓征服拉栄光	ok	ok
ranged	91	Blessed Lamp	祝福灯	ok	ok
ranged	92	Raven Do	渡鴉DO	ok	ok
ranged	93	Tail String	尾弦	ok	ok
ranged	94	Rajang Barrage	金獅子彈幕	ok	ok
ranged	95	Fire Wrath	火怒	ok	ok
ranged	96	Lobster Gun	勒歐布斯特艾爾銃	bad	phonetic_salad
ranged	97	Jade Storm	翡翠嵐	ok	ok
ranged	98	Daora's Delphinidae	鋼竜堅弩	ok	ok
ranged	99	Wolf Heirloom	狼傳家	ok	ok
ranged	100	Buster Crab	破壞蟹	ok	ok
ranged	101	Gaoren's Fire	要塞火力	ok	ok
ranged	102	Rock Eater	岩石竜鎧沸	ok	ok
ranged	103	Jade Tempest	翠暴風	ok	ok
ranged	104	King Lobster Gun	王勒歐布斯特艾爾銃	bad	phonetic_salad
ranged	105	Wolf Do	鬥【狼】	ok	ok
ranged	106	Dragon Bow【Full Moon】	竜弓滿月	ok	ok
ranged	107	Power Hunter Bow II	威力獵人弓Ⅱ	ok	ok
ranged	108	Hunter Bow I	獵人弓Ⅰ	ok	ok
ranged	109	Hunter Bow II	獵人弓Ⅱ	ok	ok
ranged	110	Wild Bow I	狂野弓Ⅰ	ok	ok
ranged	111	Wild Bow II	狂野弓Ⅱ	ok	ok
ranged	112	Power Wild Bow I	威力狂野弓Ⅰ	ok	ok
ranged	113	Queen Blaster I	女王爆破Ⅰ	ok	ok
ranged	114	Heart Shot Bow I	心射弓Ⅰ	ok	ok
ranged	115	Prominence Bow I	日珥弓Ⅰ	ok	ok
ranged	116	Sonic Bow I	音速弓Ⅰ	ok	ok
ranged	117	Sonic Bow II	音速弓Ⅱ	ok	ok
ranged	118	Blos Horn Bow I	角竜角弓I	ok	ok
ranged	119	"Dragon Bow ""Uprising"""	竜弓【蜂起】	ok	ok
ranged	120	Courageous Hope I	勇氣希望Ⅰ	ok	ok
ranged	121	Power Hunter Bow I	威力獵人弓Ⅰ	ok	ok
ranged	122	Dragon Head	竜之頭	ok	ok
ranged	123	Magic Lamp	姆阿格伊克灯	ok	ok
ranged	124	Real=Daora	崩竜真	ok	ok
ranged	125	Earth Eater	地竜鎧沸	ok	ok
ranged	126	Heavy Buster Crab	重破壞蟹	ok	ok
ranged	127	Daora's Grande	鋼竜重弩	ok	ok
ranged	128	Wing Bow I	翼弓Ⅰ	ok	ok
ranged	129	Wing Bow II	翼弓Ⅱ	ok	ok
ranged	130	Wing Bow III	翼弓Ⅲ	ok	ok
ranged	131	Nix Farbow Ⅰ	尼克斯法弓Ⅰ	ok	ok
ranged	132	Nix Farbow ⅠⅠ	尼克斯法弓ⅠⅠ	ok	ok
ranged	133	Icehide Bow	弓伊瑟希德	ok	ok
ranged	134	Kut-Ku Bow Ⅰ	怪鳥弓Ⅰ	ok	ok
ranged	135	Kut-Ku Bow Ⅱ	怪鳥弓Ⅱ	ok	ok
ranged	136	Kut-Ku Bow Ⅲ	怪鳥弓Ⅲ	ok	ok
ranged	137	Blue Kut-Ku Bow	青怪鳥弓	ok	ok
ranged	138	Heartless Bandage	哈艾阿爾特勒艾斯包帯	bad	phonetic_salad
ranged	139	Power Sand	力量砂	ok	ok
ranged	140	Pressurized Plesioth	水竜普爾艾斯斯烏爾伊	bad	phonetic_salad
ranged	141	Stinger	斯特伊恩格艾爾	ok	ok
ranged	142	Icethrower	伊克艾特哈爾歐瓦	bad	phonetic_salad
ranged	143	Quick Bow	弓盤歌聲	ok	ok
ranged	144	Khezu Bow	奇怪竜弓	ok	ok
ranged	145	Oobasami Ⅰ	大鋏Ⅰ	ok	ok
ranged	146	Oobasami Ⅱ	大鋏Ⅱ	ok	ok
ranged	147	Oobasami Ⅲ	大鋏Ⅲ	ok	ok
ranged	148	Oobasami Ⅳ	大鋏Ⅳ	ok	ok
ranged	149	ダミー（ＬＢ）	(dummy)	ok	skip_empty_dummy
ranged	150	Felyne Ragdoll	艾路猫爾阿格德歐勒勒	bad	phonetic_salad
ranged	151	Melynx Ragdoll	梅拉路爾阿格德歐勒勒	bad	phonetic_salad
ranged	152	Felyne Helldoll	艾路猫哈艾勒勒德歐勒勒	bad	phonetic_salad
ranged	153	Melynx Helldoll	梅拉路哈艾勒勒德歐勒勒	bad	phonetic_salad
ranged	154	Tail Catapult	尾克阿特阿普烏勒特	bad	phonetic_salad
ranged	155	Peach Parasol	桃陽傘	ok	ok
ranged	156	Ladybug Cannon	勒阿德伊布烏格加農砲	bad	phonetic_salad
ranged	157	Lunastra's Azul Cannon	炎妃蒼藍加農	ok	ok
ranged	158	Teostra's Artillery	炎皇大砲	ok	ok
ranged	159	Seven Stars	七斯特阿爾斯	ok	ok
ranged	160	Hunter Bow Ⅳ	獵人弓Ⅳ	ok	ok
ranged	161	Wild Bow Ⅳ	狂野弓Ⅳ	ok	ok
ranged	162	Power Hunter Bow Ⅲ	威力獵人弓Ⅲ	ok	ok
ranged	163	Queen Blaster Ⅲ	女王爆破Ⅲ	ok	ok
ranged	164	Prominence Bow Ⅲ	日珥弓Ⅲ	ok	ok
ranged	165	Teostra's Flames	灼炎巨砲	ok	ok
ranged	166	Tigrex Tank	轟竜特阿恩克	ok	ok
ranged	167	Tigrex Wargun	轟竜瓦阿爾格烏恩	bad	phonetic_salad
ranged	168	Tigrex Howl	轟竜哈歐瓦勒	ok	ok
ranged	169	ダミー(ＨＢ)	(dummy)	ok	skip_empty_dummy
ranged	170	Tigrex Skull	轟竜之頭骨	ok	ok
ranged	171	Tigre Arrow Ⅰ	轟竜矢Ⅰ	ok	ok
ranged	172	Tigre Arrow Ⅱ	轟竜矢Ⅱ	ok	ok
ranged	173	Bow of the Wind God	弓風神	ok	ok
ranged	174	Sonic Bow Ⅳ	音速弓Ⅳ	ok	ok
ranged	175	Expert Bowgun+	達人弩槍＋	ok	ok
ranged	176	Brilliant Bow	弓比納桃	ok	ok
ranged	177	Steel Raven Ⅰ	鋼之渡鴉Ⅰ	ok	ok
ranged	178	Eos Mash	里艾恩瑪修	ok	ok
ranged	179	Steel Raven Ⅱ	鋼之渡鴉Ⅱ	ok	ok
ranged	180	Steel Raven Ⅲ	鋼之渡鴉Ⅲ	ok	ok
ranged	181	Heaven Lao-Shan Cannon	天老山加農砲	ok	ok
ranged	182	Earth Lao-Shan Cannon	地老山加農砲	ok	ok
ranged	183	Sonic Bow Ⅴ	音速弓Ⅴ	ok	ok
ranged	184	Mackerel V	姆阿克克艾爾艾勒Ｖ	bad	phonetic_salad
ranged	185	Power Wild Bow Ⅲ	威力狂野弓Ⅲ	ok	ok
ranged	186	White Cradle	白克爾阿德勒艾	ok	ok
ranged	187	White Crescent	白克爾艾斯克艾恩特	bad	phonetic_salad
ranged	188	Rosen Kugel	薔薇克烏格艾勒	ok	ok
ranged	189	Rosen Waffe	薔薇瓦阿夫夫艾	ok	ok
ranged	190	Rosen Prima	薔薇第一	ok	ok
ranged	191	Rosen Gewehr	薔薇格艾瓦艾哈爾	bad	phonetic_salad
ranged	192	Rosen Jaeger	薔薇杰阿艾格艾爾	bad	phonetic_salad
ranged	193	Rosen Siegen	薔薇斯伊艾格艾恩	bad	phonetic_salad
ranged	194	Rosen Bogen	弓薔薇	ok	ok
ranged	195	Rosen Rakete	薔薇拉凱特	ok	ok
ranged	196	Rosen Sichel	薔薇斯伊克哈艾勒	bad	phonetic_salad
ranged	197	Lava Blaster	熔岩爆裂	ok	ok
ranged	198	Iron Fire Gun	鐵火銃	ok	ok
ranged	199	"Torrent Bow ""Umibozu"""	弓激流烏米波祖	ok	ok
ranged	200	"Stream Bow ""Mermaid"""	弓流姆艾爾姆阿伊德	bad	phonetic_salad
ranged	201	Khezu Bow Ⅱ	奇怪竜弓Ⅱ	ok	ok
ranged	202	Khezu Bow Ⅲ	奇怪竜弓Ⅲ	ok	ok
ranged	203	Mantle Eater SP	姆阿恩特勒艾竜鎧沸SP	bad	phonetic_salad
ranged	204	Moon Buster SP	月破壞SP	ok	ok
ranged	205	Bustercanse SP	布烏斯特艾爾克阿SP	bad	phonetic_salad
ranged	206	Crossbow Monster Gun SP	十字弩魔物銃SP	ok	ok
ranged	207	Snail SP	蝸牛ＳＰ	ok	ok
ranged	208	Haunted Crossbow SP	哈阿烏恩特艾德十字弩SP	bad	phonetic_salad
ranged	209	Kernel Bowgun SP	克艾爾恩艾勒弩SP	bad	phonetic_salad
ranged	210	Green Parasol SP	緑陽傘SP	ok	ok
ranged	211	Kaiden Bowgun	皆傳弩槍	ok	ok
ranged	212	Blue Kut-Ku Coin Bow	怪鳥青硬幣弓	ok	ok
ranged	213	Power Hunter Bow IV	威力獵人弓Ⅳ	ok	ok
ranged	214	"Dragon Bow ""Eclipse"""	竜弓【蝕】	ok	ok
ranged	215	Plesioth Subillo	水竜斯烏布伊勒勒歐	ok	ok
ranged	216	Lunastra's Azul Missile	炎妃重弩	ok	ok
ranged	217	Baston Blaster	布阿斯特歐恩爆裂	bad	phonetic_salad
ranged	218	Kantharos Rifle	克阿恩特哈阿爾歐里弗艾	bad	type_phonetic
ranged	219	Magical Lamp	姆阿格伊克阿勒灯	bad	phonetic_salad
ranged	220	Rajang Cannon	金獅子加農砲	ok	ok
ranged	221	Gastraphetes SP	格阿斯特爾阿普哈SP	bad	phonetic_salad
ranged	222	Pink Needle SP	粉針ＳＰ	ok	ok
ranged	223	Armored Dragon Gun SP	竜阿爾姆歐爾艾德銃SP	ok	ok
ranged	224	Lobster Gun SP	勒歐布斯特艾爾銃SP	bad	phonetic_salad
ranged	225	Cannon Bowgun SP	加農砲弩SP	ok	ok
ranged	226	Kinnekoju SP	克伊恩恩艾克歐杰SP	bad	phonetic_salad
ranged	227	Rapid Bow	弓爾阿普伊德	ok	ok
ranged	228	Steel Raven Ⅳ	鋼之渡鴉Ⅳ	ok	ok
ranged	229	Steel Puffer Ⅰ	鋼之河豚Ⅰ	ok	ok
ranged	230	Steel Puffer Ⅱ	鋼之河豚Ⅱ	ok	ok
ranged	231	Steel Puffer Ⅲ	鋼之河豚Ⅲ	ok	ok
ranged	232	Steel Puffer Ⅳ	鋼之河豚Ⅳ	ok	ok
ranged	233	Metal Frame	金属夫爾阿姆艾	ok	ok
ranged	234	Ice Storm	冰嵐	ok	ok
ranged	235	Mighty Cast	姆伊格哈特伊可斯	bad	phonetic_salad
ranged	236	Kaktus Kugel	仙人掌克烏格艾勒	bad	phonetic_salad
ranged	237	Kaktus Waffe	仙人掌瓦阿夫夫艾	bad	phonetic_salad
ranged	238	Sleeping Beast	斯艾艾皮恩獣	ok	ok
ranged	239	Shotgun (Sun)	散彈槍日	ok	ok
ranged	240	Shotgun (Shadow)	散彈槍影	ok	ok
ranged	241	Kaktus Gewehr	仙人掌格艾瓦艾哈爾	bad	phonetic_salad
ranged	242	Kaktus Jaeger	仙人掌杰阿艾格艾爾	bad	phonetic_salad
ranged	243	Black Block bow	弓黒塊	ok	ok
ranged	244	Black Block Broken Bow	弓黒塊破損	ok	ok
ranged	245	Khezu Bow Ⅳ	奇怪竜弓Ⅳ	ok	ok
ranged	246	Mackerel Ⅵ	鯖Ⅵ	ok	ok
ranged	247	Sonic Bow Ⅵ	音速弓Ⅵ	ok	ok
ranged	248	Kaktus Bogen	弓仙人掌	ok	ok
ranged	249	Kaktus Rakete	仙人掌拉凱特	ok	ok
ranged	250	Crimson Devil SP	深紅惡魔ＳＰ	ok	ok
ranged	251	Plesioth Crasher	水竜克爾阿斯哈艾爾	ok	ok
ranged	252	Black Soul SP	黒魂ＳＰ	ok	ok
ranged	253	Squall Bullets SP	斯奎烏阿勒勒毒怪轟SP	ok	ok
ranged	254	Lio Storm	利歐風暴	ok	ok
ranged	255	Vashimu Gun	尾晶蠍銃	ok	ok
ranged	256	Vashimu Fire	尾晶蠍火	ok	ok
ranged	257	Lavafish Gun	拉瓦菲修銃	ok	ok
ranged	258	Gia Smash	吉阿斯姆阿斯哈	ok	ok
ranged	259	Kautschuk	克阿烏特斯克哈烏	bad	phonetic_salad
ranged	260	Elastikautschuk	艾勒阿斯特伊克阿	bad	phonetic_salad
ranged	261	Khezu Bow V	奇怪竜弓Ⅴ	ok	ok
ranged	262	Queen Blaster IV	女王爆破Ⅳ	ok	ok
ranged	263	Raging Ladybug Gun SP	拉吉恩勒阿德伊布烏格銃SP	bad	phonetic_salad
ranged	264	Rex Blaster SP	可雷托爆裂SP	ok	ok
ranged	265	Kut-Ku Roar	怪鳥咆哮	ok	ok
ranged	266	Lyra Rex SP	勒伊爾阿可雷托SP	ok	ok
ranged	267	Primakaktus	普爾伊姆阿克阿克	bad	phonetic_salad
ranged	268	Rubino Splash	紅玉斯普勒阿斯哈	bad	phonetic_salad
ranged	269	Kaktus Siegen	仙人掌斯伊艾格艾恩	bad	phonetic_salad
ranged	270	Jebia Gun	灰晶蠍銃	ok	ok
ranged	271	Jebia Fire	灰晶蠍火	ok	ok
ranged	272	Wild Fungus	野菌	ok	ok
ranged	273	Steel Killi Ⅰ	鋼基利Ⅰ	ok	ok
ranged	274	Steel Killi Ⅱ	鋼基利Ⅱ	ok	ok
ranged	275	Steel Killi Ⅳ	鋼基利Ⅳ	ok	ok
ranged	276	Steel Killi Ⅳ	鋼基利Ⅳ	ok	ok
ranged	277	VLS-0233	維勒斯０２３３	ok	ok
ranged	278	Kaktus Sichel	仙人掌斯伊克哈艾勒	bad	phonetic_salad
ranged	279	Daora's Cisne Ⅰ	崩竜天鵝Ⅰ	ok	ok
ranged	280	Daora's Cisne Ⅱ	崩竜天鵝Ⅱ	ok	ok
ranged	281	Prominence Bow IV	日珥弓Ⅳ	ok	ok
ranged	282	Tigre Arrow III	轟竜矢Ⅲ	ok	ok
ranged	283	Daora's Argen SP	崩竜之銀白SP	ok	ok
ranged	284	Lava Tyrant SP	熔岩特伊爾阿恩特SP	bad	phonetic_salad
ranged	285	Living Lamp SP	利維恩灯SP	ok	ok
ranged	286	Rajang Soul SP	金獅子魂ＳＰ	ok	ok
ranged	287	Heavy Bowgun	重弩	ok	ok
ranged	288	Light Bowgun	輕弩	ok	ok
ranged	289	Bow	弓	ok	ok
ranged	290	Hawk Thunderdance Hbg	重弩哈阿瓦克雷舞	ok	ok
ranged	291	Buzzard Thndrdance Hbg	重弩布烏茲茲阿爾德特哈恩德爾德阿恩	bad	phonetic_salad
ranged	292	Falcon Thunderdance Hbg	重弩夫阿勒克歐恩雷舞	ok	ok
ranged	293	Stork Thunderdance Bow	弓斯特歐爾克雷舞	ok	ok
ranged	294	Crane Thunderdance Bow	弓鶴雷舞	ok	ok
ranged	295	Flamingo Thunder Bow	雷弗阿米恩歐弓	ok	ok
ranged	296	Daora's Vale	風暴之神鋼竜弩	ok	ok
ranged	297	Caravan Gun I	商隊銃Ⅰ	ok	ok
ranged	298	Caravan Gun II	商隊銃Ⅱ	ok	ok
ranged	299	Caravan Gun III	商隊銃Ⅲ	ok	ok
ranged	300	ダミー(弓)	假(弓)	ok	skip_empty_dummy
ranged	301	True Thrush Darkbolt Gun	真斯魯修闇雷銃	ok	ok
ranged	302	True Dove Darkbolt Gun	真多維闇雷銃	ok	ok
ranged	303	True Hawk Darkbolt Gun	真哈阿瓦克闇雷銃	ok	ok
ranged	304	True Falcon Darkbolt Gun	真夫阿勒克歐恩闇雷銃	ok	ok
ranged	305	Dondon Void	德歐恩德歐恩維歐伊德	bad	phonetic_salad
ranged	306	Brillant Flash Hbg	重弩布爾伊勒勒阿恩特閃光	bad	phonetic_salad
ranged	307	Daora's Avan	先鋒鋼竜	ok	ok
ranged	308	"Felyne Bow ""Large Stamp"""	艾路猫弓大印	ok	ok
ranged	309	"Melynx Bow ""Cat Fool"""	梅拉路弓猫夫歐歐勒	bad	phonetic_salad
ranged	310	God's Majesty	神威	ok	ok
ranged	311	"God's Majesty ""Dream"""	神威【幻】	ok	ok
ranged	312	"God's Majesty ""Vision"""	神威【幻魔】	ok	ok
ranged	313	"God's Majesty ""Illusion"""	神威【幻魔王】	ok	ok
ranged	314	God's Palace	神居	ok	ok
ranged	315	"God's Palace ""Dream"""	神居【幻】	ok	ok
ranged	316	"God's Palace ""Vision"""	神居【幻魔】	ok	ok
ranged	317	"God's Palace ""Illusion"""	神居【幻魔王】	ok	ok
ranged	318	Warm Prick	暖普爾伊克克	ok	ok
ranged	319	Warm Thorn	暖刺	ok	ok
ranged	320	Warm Pin	暖針	ok	ok
ranged	321	Warm Needle	暖針	ok	ok
ranged	322	Warm Stinger	暖斯特伊恩格艾爾	bad	phonetic_salad
ranged	323	Ham Prick	哈阿姆普爾伊克克	bad	phonetic_salad
ranged	324	Ham Thorn	哈阿姆刺	ok	ok
ranged	325	Ham Pin	哈阿姆針	ok	ok
ranged	326	Ham Needle	哈阿姆針	ok	ok
ranged	327	Ham Stringer	哈阿姆斯特爾伊恩格艾爾	bad	phonetic_salad
ranged	328	ダミー(弓)	假(弓)	ok	skip_empty_dummy
ranged	329	ダミー(弓)	假(弓)	ok	skip_empty_dummy
ranged	330	ダミー(弓)	假(弓)	ok	skip_empty_dummy
ranged	331	ダミー(弓)	假(弓)	ok	skip_empty_dummy
ranged	332	ダミー(弓)	假(弓)	ok	skip_empty_dummy
ranged	333	ダミー(弓)	假(弓)	ok	skip_empty_dummy
ranged	334	ダミー(弓)	假(弓)	ok	skip_empty_dummy
ranged	335	ダミー(弓)	假(弓)	ok	skip_empty_dummy
ranged	336	ダミー(弓)	假(弓)	ok	skip_empty_dummy
ranged	337	ダミー(弓)	假(弓)	ok	skip_empty_dummy
ranged	338	ダミー(弓)	假(弓)	ok	skip_empty_dummy
ranged	339	ダミー(弓)	假(弓)	ok	skip_empty_dummy
ranged	340	ダミー(弓)	假(弓)	ok	skip_empty_dummy
ranged	341	ダミー(弓)	假(弓)	ok	skip_empty_dummy
ranged	342	ダミー(弓)	假(弓)	ok	skip_empty_dummy
ranged	343	ダミー(弓)	假(弓)	ok	skip_empty_dummy
ranged	344	ダミー(弓)	假(弓)	ok	skip_empty_dummy
ranged	345	ダミー(弓)	假(弓)	ok	skip_empty_dummy
ranged	346	ダミー(弓)	假(弓)	ok	skip_empty_dummy
ranged	347	ダミー(弓)	假(弓)	ok	skip_empty_dummy
ranged	348	ダミー(弓)	假(弓)	ok	skip_empty_dummy
ranged	349	ダミー(弓)	假(弓)	ok	skip_empty_dummy
ranged	350	Moss Scissors SPⅠ	永久苔剪【ＳＰ】Ⅰ	ok	ok
ranged	351	Moss Scissors SPⅡ	永久苔剪【ＳＰ】Ⅱ	ok	ok
ranged	352	Moss Scissors SPⅢ	永久苔剪【ＳＰ】Ⅲ	ok	ok
ranged	353	Moss Scissors SPⅣ	永久苔剪【ＳＰ】Ⅳ	ok	ok
ranged	354	Moss Scissors SPⅤ	永久苔剪【ＳＰ】Ⅴ	ok	ok
ranged	355	Moss Scissors SPⅥ	永久苔剪【ＳＰ】Ⅵ	ok	ok
ranged	356	Moss Scissors SPⅦ	永久苔剪【ＳＰ】Ⅶ	ok	ok
ranged	357	Mauve Blaster SPⅠ	深紫【ＳＰ】Ⅰ	ok	ok
ranged	358	Mauve Blaster SPⅡ	深紫【ＳＰ】Ⅱ	ok	ok
ranged	359	Mauve Blaster SPⅢ	深紫【ＳＰ】Ⅲ	ok	ok
ranged	360	Mauve Blaster SPⅣ	深紫【ＳＰ】Ⅳ	ok	ok
ranged	361	Mauve Blaster SPⅤ	深紫【ＳＰ】Ⅴ	ok	ok
ranged	362	Mauve Blaster SPⅥ	深紫【ＳＰ】Ⅵ	ok	ok
ranged	363	Mauve Blaster SPⅦ	深紫【ＳＰ】Ⅶ	ok	ok
ranged	364	P.Master Bow SPⅠ	P大師弓【ＳＰ】Ⅰ	ok	ok
ranged	365	P.Master Bow SPⅡ	P大師弓【ＳＰ】Ⅱ	ok	ok
ranged	366	P.Master Bow SPⅢ	P大師弓【ＳＰ】Ⅲ	ok	ok
ranged	367	P.Master Bow SPⅣ	P大師弓【ＳＰ】Ⅳ	ok	ok
ranged	368	P.Master Bow SPⅤ	P大師弓【ＳＰ】Ⅴ	ok	ok
ranged	369	P.Master Bow SPⅥ	P大師弓【ＳＰ】Ⅵ	ok	ok
ranged	370	P.Master Bow SPⅦ	P大師弓【ＳＰ】Ⅶ	ok	ok
ranged	371	Dark Full Bow SPⅠ	暗滿弓【ＳＰ】Ⅰ	ok	ok
ranged	372	Dark Full Bow SPⅡ	暗滿弓【ＳＰ】Ⅱ	ok	ok
ranged	373	Dark Full Bow SPⅢ	暗滿弓【ＳＰ】Ⅲ	ok	ok
ranged	374	Dark Full Bow SPⅣ	暗滿弓【ＳＰ】Ⅳ	ok	ok
ranged	375	Dark Full Bow SPⅤ	暗滿弓【ＳＰ】Ⅴ	ok	ok
ranged	376	Dark Full Bow SPⅥ	暗滿弓【ＳＰ】Ⅵ	ok	ok
ranged	377	Dark Full Bow SPⅦ	暗滿弓【ＳＰ】Ⅶ	ok	ok
ranged	378	Long Horn Bow SPⅠ	角竜弓角【ＳＰ】Ⅰ	ok	ok
ranged	379	Long Horn Bow SPⅡ	角竜弓角【ＳＰ】Ⅱ	ok	ok
ranged	380	Long Horn Bow SPⅢ	角竜弓角【ＳＰ】Ⅲ	ok	ok
ranged	381	Long Horn Bow SPⅣ	角竜弓角【ＳＰ】Ⅳ	ok	ok
ranged	382	Long Horn Bow SPⅤ	角竜弓角【ＳＰ】Ⅴ	ok	ok
ranged	383	Long Horn Bow SPⅥ	角竜弓角【ＳＰ】Ⅵ	ok	ok
ranged	384	Long Horn Bow SPⅦ	角竜弓角【ＳＰ】Ⅶ	ok	ok
ranged	385	Freezon Bow SPⅠ	凍氣弓【ＳＰ】Ⅰ	ok	ok
ranged	386	Freezon Bow SPⅡ	凍氣弓【ＳＰ】Ⅱ	ok	ok
ranged	387	Freezon Bow SPⅢ	凍氣弓【ＳＰ】Ⅲ	ok	ok
ranged	388	Freezon Bow SPⅣ	凍氣弓【ＳＰ】Ⅳ	ok	ok
ranged	389	Freezon Bow SPⅤ	凍氣弓【ＳＰ】Ⅴ	ok	ok
ranged	390	Freezon Bow SPⅥ	凍氣弓【ＳＰ】Ⅵ	ok	ok
ranged	391	Freezon Bow SPⅦ	凍氣弓【ＳＰ】Ⅶ	ok	ok
ranged	392	Dragonsoul Bow SPⅠ	竜魂弓【ＳＰ】Ⅰ	ok	ok
ranged	393	Dragonsoul Bow SPⅡ	竜魂弓【ＳＰ】Ⅱ	ok	ok
ranged	394	Dragonsoul Bow SPⅢ	竜魂弓【ＳＰ】Ⅲ	ok	ok
ranged	395	Dragonsoul Bow SPⅣ	竜魂弓【ＳＰ】Ⅳ	ok	ok
ranged	396	Dragonsoul Bow SPⅤ	竜魂弓【ＳＰ】Ⅴ	ok	ok
ranged	397	Dragonsoul Bow SPⅥ	竜魂弓【ＳＰ】Ⅵ	ok	ok
ranged	398	Dragonsoul Bow SPⅦ	竜魂弓【ＳＰ】Ⅶ	ok	ok
ranged	399	Flame Beat SP Ⅰ	炎拍【ＳＰ】Ⅰ	ok	ok
ranged	400	Flame Beat SP Ⅱ	炎拍【ＳＰ】Ⅱ	ok	ok
ranged	401	Flame Beat SP Ⅲ	炎拍【ＳＰ】Ⅲ	ok	ok
ranged	402	Flame Beat SP Ⅳ	炎拍【ＳＰ】Ⅳ	ok	ok
ranged	403	Flame Beat SP Ⅴ	炎拍【ＳＰ】Ⅴ	ok	ok
ranged	404	Flame Beat SP Ⅵ	炎拍【ＳＰ】Ⅵ	ok	ok
ranged	405	Flame Beat SP Ⅶ	炎拍【ＳＰ】Ⅶ	ok	ok
ranged	406	Aqua Feather SP Ⅰ	水之羽【ＳＰ】Ⅰ	ok	ok
ranged	407	Aqua Feather SP Ⅱ	水之羽【ＳＰ】Ⅱ	ok	ok
ranged	408	Aqua Feather SP Ⅲ	水之羽【ＳＰ】Ⅲ	ok	ok
ranged	409	Aqua Feather SP Ⅳ	水之羽【ＳＰ】Ⅳ	ok	ok
ranged	410	Aqua Feather SP Ⅴ	水之羽【ＳＰ】Ⅴ	ok	ok
ranged	411	Aqua Feather SP Ⅵ	水之羽【ＳＰ】Ⅵ	ok	ok
ranged	412	Aqua Feather SP Ⅶ	水之羽【ＳＰ】Ⅶ	ok	ok
ranged	413	Black Swan Gift SPⅠ	黑天鵝贈【ＳＰ】Ⅰ	ok	ok
ranged	414	Black Swan Gift SPⅡ	黑天鵝贈【ＳＰ】Ⅱ	ok	ok
ranged	415	Black Swan Gift SPⅢ	黑天鵝贈【ＳＰ】Ⅲ	ok	ok
ranged	416	Black Swan Gift SPⅣ	黑天鵝贈【ＳＰ】Ⅳ	ok	ok
ranged	417	Black Swan Gift SPⅤ	黑天鵝贈【ＳＰ】Ⅴ	ok	ok
ranged	418	Black Swan Gift SPⅥ	黑天鵝贈【ＳＰ】Ⅵ	ok	ok
ranged	419	Black Swan Gift SPⅦ	黑天鵝贈【ＳＰ】Ⅶ	ok	ok
ranged	420	Still Water Bow SPⅠ	靜水弓【ＳＰ】Ⅰ	ok	ok
ranged	421	Still Water Bow SPⅡ	靜水弓【ＳＰ】Ⅱ	ok	ok
ranged	422	Still Water Bow SPⅢ	靜水弓【ＳＰ】Ⅲ	ok	ok
ranged	423	Still Water Bow SPⅣ	靜水弓【ＳＰ】Ⅳ	ok	ok
ranged	424	Still Water Bow SPⅤ	靜水弓【ＳＰ】Ⅴ	ok	ok
ranged	425	Still Water Bow SPⅥ	靜水弓【ＳＰ】Ⅵ	ok	ok
ranged	426	Still Water Bow SPⅦ	靜水弓【ＳＰ】Ⅶ	ok	ok
ranged	427	Tigre Stream SPⅠ	轟竜水【ＳＰ】Ⅰ	ok	ok
ranged	428	Tigre Stream SPⅡ	轟竜水【ＳＰ】Ⅱ	ok	ok
ranged	429	Tigre Stream SPⅢ	轟竜水【ＳＰ】Ⅲ	ok	ok
ranged	430	Tigre Stream SPⅣ	轟竜水【ＳＰ】Ⅳ	ok	ok
ranged	431	Tigre Stream SPⅤ	轟竜水【ＳＰ】Ⅴ	ok	ok
ranged	432	Tigre Stream SPⅥ	轟竜水【ＳＰ】Ⅵ	ok	ok
ranged	433	Tigre Stream SPⅦ	轟竜水【ＳＰ】Ⅶ	ok	ok
ranged	434	Generator SPⅠ	發電【ＳＰ】Ⅰ	ok	ok
ranged	435	Generator SPⅡ	發電【ＳＰ】Ⅱ	ok	ok
ranged	436	Generator SPⅢ	發電【ＳＰ】Ⅲ	ok	ok
ranged	437	Generator SPⅣ	發電【ＳＰ】Ⅳ	ok	ok
ranged	438	Generator SPⅤ	發電【ＳＰ】Ⅴ	ok	ok
ranged	439	Generator SPⅥ	發電【ＳＰ】Ⅵ	ok	ok
ranged	440	Generator SPⅦ	發電【ＳＰ】Ⅶ	ok	ok
ranged	441	Black Bogen SPⅠ	黑弓【ＳＰ】Ⅰ	ok	ok
ranged	442	Black Bogen SPⅡ	黑弓【ＳＰ】Ⅱ	ok	ok
ranged	443	Black Bogen SPⅢ	黑弓【ＳＰ】Ⅲ	ok	ok
ranged	444	Black Bogen SPⅣ	黑弓【ＳＰ】Ⅳ	ok	ok
ranged	445	Black Bogen SPⅤ	黑弓【ＳＰ】Ⅴ	ok	ok
ranged	446	Black Bogen SPⅥ	黑弓【ＳＰ】Ⅵ	ok	ok
ranged	447	Black Bogen SPⅦ	黑弓【ＳＰ】Ⅶ	ok	ok
ranged	448	Dragon Landslide Bow SPⅠ	竜陸崩弓【ＳＰ】Ⅰ	ok	ok
ranged	449	Dragon Landslide Bow SPⅡ	竜陸崩弓【ＳＰ】Ⅱ	ok	ok
ranged	450	Dragon Landslide Bow SPⅢ	竜陸崩弓【ＳＰ】Ⅲ	ok	ok
ranged	451	Dragon Landslide Bow SPⅣ	竜陸崩弓【ＳＰ】Ⅳ	ok	ok
ranged	452	Dragon Landslide Bow SPⅤ	竜陸崩弓【ＳＰ】Ⅴ	ok	ok
ranged	453	Dragon Landslide Bow SPⅥ	竜陸崩弓【ＳＰ】Ⅵ	ok	ok
ranged	454	Dragon Landslide Bow SPⅦ	竜陸崩弓【ＳＰ】Ⅶ	ok	ok
ranged	455	Phoenix Roar SPⅠ	鳳凰吼【ＳＰ】Ⅰ	ok	ok
ranged	456	Phoenix Roar SPⅡ	鳳凰吼【ＳＰ】Ⅱ	ok	ok
ranged	457	Phoenix Roar SPⅢ	鳳凰吼【ＳＰ】Ⅲ	ok	ok
ranged	458	Phoenix Roar SPⅣ	鳳凰吼【ＳＰ】Ⅳ	ok	ok
ranged	459	Phoenix Roar SPⅤ	鳳凰吼【ＳＰ】Ⅴ	ok	ok
ranged	460	Phoenix Roar SPⅥ	鳳凰吼【ＳＰ】Ⅵ	ok	ok
ranged	461	Phoenix Roar SPⅦ	鳳凰吼【ＳＰ】Ⅶ	ok	ok
ranged	462	"Drgn God Bow""Eclipse""SPⅠ"	竜神弓蝕SPⅠ	ok	ok
ranged	463	"Drgn God Bow""Eclipse""SPⅡ"	竜神弓蝕SPⅡ	ok	ok
ranged	464	"Drgn God Bow""Eclipse""SPⅢ"	竜神弓蝕SPⅢ	ok	ok
ranged	465	"Drgn God Bow""Eclipse""SPⅣ"	竜神弓蝕SPⅣ	ok	ok
ranged	466	"Drgn God Bow""Eclipse""SPⅤ"	竜神弓蝕SPⅤ	ok	ok
ranged	467	"Drgn God Bow""Eclipse""SPⅥ"	竜神弓蝕SPⅥ	ok	ok
ranged	468	"Drgn God Bow""Eclipse""SPⅦ"	竜神弓蝕SPⅦ	ok	ok
ranged	469	Berg Shooter SPⅠ	山射手【ＳＰ】Ⅰ	ok	ok
ranged	470	Berg Shooter SPⅡ	山射手【ＳＰ】Ⅱ	ok	ok
ranged	471	Berg Shooter SPⅢ	山射手【ＳＰ】Ⅲ	ok	ok
ranged	472	Berg Shooter SPⅣ	山射手【ＳＰ】Ⅳ	ok	ok
ranged	473	Berg Shooter SPⅤ	山射手【ＳＰ】Ⅴ	ok	ok
ranged	474	Berg Shooter SPⅥ	山射手【ＳＰ】Ⅵ	ok	ok
ranged	475	Berg Shooter SPⅦ	山射手【ＳＰ】Ⅶ	ok	ok
ranged	476	Cancer Bow SPⅠ	巨蟹弓【ＳＰ】Ⅰ	ok	ok
ranged	477	Cancer Bow SPⅡ	巨蟹弓【ＳＰ】Ⅱ	ok	ok
ranged	478	Cancer Bow SPⅢ	巨蟹弓【ＳＰ】Ⅲ	ok	ok
ranged	479	Cancer Bow SPⅣ	巨蟹弓【ＳＰ】Ⅳ	ok	ok
ranged	480	Cancer Bow SPⅤ	巨蟹弓【ＳＰ】Ⅴ	ok	ok
ranged	481	Cancer Bow SPⅥ	巨蟹弓【ＳＰ】Ⅵ	ok	ok
ranged	482	Cancer Bow SPⅦ	巨蟹弓【ＳＰ】Ⅶ	ok	ok
ranged	483	Jade Bow SPⅠ	翡翠弓【ＳＰ】Ⅰ	ok	ok
ranged	484	Jade Bow SPⅡ	翡翠弓【ＳＰ】Ⅱ	ok	ok
ranged	485	Jade Bow SPⅢ	翡翠弓【ＳＰ】Ⅲ	ok	ok
ranged	486	Jade Bow SPⅣ	翡翠弓【ＳＰ】Ⅳ	ok	ok
ranged	487	Jade Bow SPⅤ	翡翠弓【ＳＰ】Ⅴ	ok	ok
ranged	488	Jade Bow SPⅥ	翡翠弓【ＳＰ】Ⅵ	ok	ok
ranged	489	Jade Bow SPⅦ	翡翠弓【ＳＰ】Ⅶ	ok	ok
ranged	490	ダミー(弓)	假(弓)	ok	skip_empty_dummy
ranged	491	ダミー(弓)	假(弓)	ok	skip_empty_dummy
ranged	492	ダミー(弓)	假(弓)	ok	skip_empty_dummy
ranged	493	ダミー(弓)	假(弓)	ok	skip_empty_dummy
ranged	494	Bow	弓	ok	ok
ranged	495	Bow	弓	ok	ok
ranged	496	Light Bowgun	輕弩	ok	ok
ranged	497	Light Bowgun	輕弩	ok	ok
ranged	498	Heavy Bowgun	重弩	ok	ok
ranged	499	Bow	弓	ok	ok
ranged	500	ダミー(弓)	假(弓)	ok	skip_empty_dummy
ranged	501	ダミー(弓)	假(弓)	ok	skip_empty_dummy
ranged	502	ダミー(弓)	假(弓)	ok	skip_empty_dummy
ranged	503	ダミー(弓)	假(弓)	ok	skip_empty_dummy
ranged	504	ダミー(弓)	假(弓)	ok	skip_empty_dummy
ranged	505	ダミー(弓)	假(弓)	ok	skip_empty_dummy
ranged	506	ダミー(弓)	假(弓)	ok	skip_empty_dummy
ranged	507	ダミー(弓)	假(弓)	ok	skip_empty_dummy
ranged	508	ダミー(弓)	假(弓)	ok	skip_empty_dummy
ranged	509	ダミー(弓)	假(弓)	ok	skip_empty_dummy
ranged	510	ダミー(弓)	假(弓)	ok	skip_empty_dummy
ranged	511	ダミー(弓)	假(弓)	ok	skip_empty_dummy
ranged	512	ダミー(弓)	假(弓)	ok	skip_empty_dummy
ranged	513	ダミー(弓)	假(弓)	ok	skip_empty_dummy
ranged	514	ダミー(弓)	假(弓)	ok	skip_empty_dummy
ranged	515	ダミー(弓)	假(弓)	ok	skip_empty_dummy
ranged	516	ダミー(弓)	假(弓)	ok	skip_empty_dummy
ranged	517	ダミー(弓)	假(弓)	ok	skip_empty_dummy
ranged	518	ダミー(弓)	假(弓)	ok	skip_empty_dummy
ranged	519	ダミー(弓)	假(弓)	ok	skip_empty_dummy
ranged	520	ダミー(弓)	假(弓)	ok	skip_empty_dummy
ranged	521	ダミー(弓)	假(弓)	ok	skip_empty_dummy
ranged	522	ダミー(弓)	假(弓)	ok	skip_empty_dummy
ranged	523	ダミー(弓)	假(弓)	ok	skip_empty_dummy
ranged	524	ダミー(弓)	假(弓)	ok	skip_empty_dummy
ranged	525	ダミー(弓)	假(弓)	ok	skip_empty_dummy
ranged	526	ダミー(弓)	假(弓)	ok	skip_empty_dummy
ranged	527	ダミー(弓)	假(弓)	ok	skip_empty_dummy
ranged	528	ダミー(弓)	假(弓)	ok	skip_empty_dummy
ranged	529	ダミー(弓)	假(弓)	ok	skip_empty_dummy
ranged	530	ダミー(弓)	假(弓)	ok	skip_empty_dummy
ranged	531	ダミー(弓)	假(弓)	ok	skip_empty_dummy
ranged	532	ダミー(弓)	假(弓)	ok	skip_empty_dummy
ranged	533	ダミー(弓)	假(弓)	ok	skip_empty_dummy
ranged	534	ダミー(弓)	假(弓)	ok	skip_empty_dummy
ranged	535	ダミー(弓)	假(弓)	ok	skip_empty_dummy
ranged	536	ダミー(弓)	假(弓)	ok	skip_empty_dummy
ranged	537	ダミー(弓)	假(弓)	ok	skip_empty_dummy
ranged	538	ダミー(弓)	假(弓)	ok	skip_empty_dummy
ranged	539	ダミー(弓)	假(弓)	ok	skip_empty_dummy
ranged	540	ダミー(弓)	假(弓)	ok	skip_empty_dummy
ranged	541	ダミー(弓)	假(弓)	ok	skip_empty_dummy
ranged	542	ダミー(弓)	假(弓)	ok	skip_empty_dummy
ranged	543	ダミー(弓)	假(弓)	ok	skip_empty_dummy
ranged	544	ダミー(弓)	假(弓)	ok	skip_empty_dummy
ranged	545	ダミー(弓)	假(弓)	ok	skip_empty_dummy
ranged	546	ダミー(弓)	假(弓)	ok	skip_empty_dummy
ranged	547	ダミー(弓)	假(弓)	ok	skip_empty_dummy
ranged	548	ダミー(弓)	假(弓)	ok	skip_empty_dummy
ranged	549	ダミー(弓)	假(弓)	ok	skip_empty_dummy
ranged	550	ダミー(弓)	假(弓)	ok	skip_empty_dummy
ranged	551	ダミー(弓)	假(弓)	ok	skip_empty_dummy
ranged	552	ダミー(弓)	假(弓)	ok	skip_empty_dummy
ranged	553	ダミー(弓)	假(弓)	ok	skip_empty_dummy
ranged	554	ダミー(弓)	假(弓)	ok	skip_empty_dummy
ranged	555	ダミー(弓)	假(弓)	ok	skip_empty_dummy
ranged	556	ダミー(弓)	假(弓)	ok	skip_empty_dummy
ranged	557	ダミー(弓)	假(弓)	ok	skip_empty_dummy
ranged	558	ダミー(弓)	假(弓)	ok	skip_empty_dummy
ranged	559	ダミー(弓)	假(弓)	ok	skip_empty_dummy
ranged	560	ダミー(弓)	假(弓)	ok	skip_empty_dummy
ranged	561	ダミー(弓)	假(弓)	ok	skip_empty_dummy
ranged	562	ダミー(弓)	假(弓)	ok	skip_empty_dummy
ranged	563	ダミー(弓)	假(弓)	ok	skip_empty_dummy
ranged	564	ダミー(弓)	假(弓)	ok	skip_empty_dummy
ranged	565	ダミー(弓)	假(弓)	ok	skip_empty_dummy
ranged	566	ダミー(弓)	假(弓)	ok	skip_empty_dummy
ranged	567	ダミー(弓)	假(弓)	ok	skip_empty_dummy
ranged	568	ダミー(弓)	假(弓)	ok	skip_empty_dummy
ranged	569	ダミー(弓)	假(弓)	ok	skip_empty_dummy
ranged	570	ダミー(弓)	假(弓)	ok	skip_empty_dummy
ranged	571	ダミー(弓)	假(弓)	ok	skip_empty_dummy
ranged	572	ダミー(弓)	假(弓)	ok	skip_empty_dummy
ranged	573	ダミー(弓)	假(弓)	ok	skip_empty_dummy
ranged	574	ダミー(弓)	假(弓)	ok	skip_empty_dummy
ranged	575	ダミー(弓)	假(弓)	ok	skip_empty_dummy
ranged	576	ダミー(弓)	假(弓)	ok	skip_empty_dummy
ranged	577	ダミー(弓)	假(弓)	ok	skip_empty_dummy
ranged	578	ダミー(弓)	假(弓)	ok	skip_empty_dummy
ranged	579	ダミー(弓)	假(弓)	ok	skip_empty_dummy
ranged	580	ダミー(弓)	假(弓)	ok	skip_empty_dummy
ranged	581	ダミー(弓)	假(弓)	ok	skip_empty_dummy
ranged	582	ダミー(弓)	假(弓)	ok	skip_empty_dummy
ranged	583	ダミー(弓)	假(弓)	ok	skip_empty_dummy
ranged	584	ダミー(弓)	假(弓)	ok	skip_empty_dummy
ranged	585	ダミー(弓)	假(弓)	ok	skip_empty_dummy
ranged	586	ダミー(弓)	假(弓)	ok	skip_empty_dummy
ranged	587	ダミー(弓)	假(弓)	ok	skip_empty_dummy
ranged	588	ダミー(弓)	假(弓)	ok	skip_empty_dummy
ranged	589	ダミー(弓)	假(弓)	ok	skip_empty_dummy
ranged	590	ダミー(弓)	假(弓)	ok	skip_empty_dummy
ranged	591	ダミー(弓)	假(弓)	ok	skip_empty_dummy
ranged	592	ダミー(弓)	假(弓)	ok	skip_empty_dummy
ranged	593	ダミー(弓)	假(弓)	ok	skip_empty_dummy
ranged	594	ダミー(弓)	假(弓)	ok	skip_empty_dummy
ranged	595	ダミー(弓)	假(弓)	ok	skip_empty_dummy
ranged	596	ダミー(弓)	假(弓)	ok	skip_empty_dummy
ranged	597	ダミー(弓)	假(弓)	ok	skip_empty_dummy
ranged	598	ダミー(弓)	假(弓)	ok	skip_empty_dummy
ranged	599	ダミー(弓)	假(弓)	ok	skip_empty_dummy
ranged	600	ダミー(弓)	假(弓)	ok	skip_empty_dummy
ranged	601	ダミー(弓)	假(弓)	ok	skip_empty_dummy
ranged	602	ダミー(弓)	假(弓)	ok	skip_empty_dummy
ranged	603	ダミー(弓)	假(弓)	ok	skip_empty_dummy
ranged	604	ダミー(弓)	假(弓)	ok	skip_empty_dummy
ranged	605	ダミー(弓)	假(弓)	ok	skip_empty_dummy
ranged	606	ダミー(弓)	假(弓)	ok	skip_empty_dummy
ranged	607	ダミー(弓)	假(弓)	ok	skip_empty_dummy
ranged	608	ダミー(弓)	假(弓)	ok	skip_empty_dummy
ranged	609	ダミー(弓)	假(弓)	ok	skip_empty_dummy
ranged	610	ダミー(弓)	假(弓)	ok	skip_empty_dummy
ranged	611	ダミー(弓)	假(弓)	ok	skip_empty_dummy
ranged	612	ダミー(弓)	假(弓)	ok	skip_empty_dummy
ranged	613	ダミー(弓)	假(弓)	ok	skip_empty_dummy
ranged	614	ダミー(弓)	假(弓)	ok	skip_empty_dummy
ranged	615	ダミー(弓)	假(弓)	ok	skip_empty_dummy
ranged	616	ダミー(弓)	假(弓)	ok	skip_empty_dummy
ranged	617	ダミー(弓)	假(弓)	ok	skip_empty_dummy
ranged	618	ダミー(弓)	假(弓)	ok	skip_empty_dummy
ranged	619	ダミー(弓)	假(弓)	ok	skip_empty_dummy
ranged	620	ダミー(弓)	假(弓)	ok	skip_empty_dummy
ranged	621	ダミー(弓)	假(弓)	ok	skip_empty_dummy
ranged	622	ダミー(弓)	假(弓)	ok	skip_empty_dummy
ranged	623	ダミー(弓)	假(弓)	ok	skip_empty_dummy
ranged	624	ダミー(弓)	假(弓)	ok	skip_empty_dummy
ranged	625	ダミー(弓)	假(弓)	ok	skip_empty_dummy
ranged	626	ダミー(弓)	假(弓)	ok	skip_empty_dummy
ranged	627	ダミー(弓)	假(弓)	ok	skip_empty_dummy
ranged	628	ダミー(弓)	假(弓)	ok	skip_empty_dummy
ranged	629	ダミー(弓)	假(弓)	ok	skip_empty_dummy
ranged	630	ダミー(弓)	假(弓)	ok	skip_empty_dummy
ranged	631	ダミー(弓)	假(弓)	ok	skip_empty_dummy
ranged	632	ダミー(弓)	假(弓)	ok	skip_empty_dummy
ranged	633	ダミー(弓)	假(弓)	ok	skip_empty_dummy
ranged	634	ダミー(弓)	假(弓)	ok	skip_empty_dummy
ranged	635	ダミー(弓)	假(弓)	ok	skip_empty_dummy
ranged	636	ダミー(弓)	假(弓)	ok	skip_empty_dummy
ranged	637	ダミー(弓)	假(弓)	ok	skip_empty_dummy
ranged	638	ダミー(弓)	假(弓)	ok	skip_empty_dummy
ranged	639	ダミー(弓)	假(弓)	ok	skip_empty_dummy
ranged	640	ダミー(弓)	假(弓)	ok	skip_empty_dummy
ranged	641	ダミー(弓)	假(弓)	ok	skip_empty_dummy
ranged	642	ダミー(弓)	假(弓)	ok	skip_empty_dummy
ranged	643	ダミー(弓)	假(弓)	ok	skip_empty_dummy
ranged	644	ダミー(弓)	假(弓)	ok	skip_empty_dummy
ranged	645	ダミー(弓)	假(弓)	ok	skip_empty_dummy
ranged	646	ダミー(弓)	假(弓)	ok	skip_empty_dummy
ranged	647	ダミー(弓)	假(弓)	ok	skip_empty_dummy
ranged	648	ダミー(弓)	假(弓)	ok	skip_empty_dummy
ranged	649	ダミー(弓)	假(弓)	ok	skip_empty_dummy
ranged	650	Parachan Bow Ⅰ	巴拉仔弓Ⅰ	ok	ok
ranged	651	Parachan Bow Ⅱ	巴拉仔弓Ⅱ	ok	ok
ranged	652	Parachan Bow Ⅲ	巴拉仔弓Ⅲ	ok	ok
ranged	653	Solid Carbine	堅可賓	ok	ok
ranged	654	Solid Carbine+	堅可賓＋	ok	ok
ranged	655	Matter Carbine	姆阿特特艾爾可賓	bad	type_phonetic
ranged	656	Liquid Carbine	液可賓	ok	ok
ranged	657	Liquid Carbine+	液可賓＋	ok	ok
ranged	658	Element Carbine	属性可賓	ok	ok
ranged	659	Natra Death	娜特阿死	ok	ok
ranged	660	Detoss Arkham	德艾特歐斯斯阿爾克哈阿姆	bad	phonetic_salad
ranged	661	Chaos Army	混沌阿爾姆伊	ok	ok
ranged	662	Sonic Bow VII	音速弓Ⅶ	ok	ok
ranged	663	"Dragon God Bow ""Zhulong"""	竜神弓茲胡洛恩	ok	ok
ranged	664	Power Wild Bow IV	威力狂野弓Ⅳ	ok	ok
ranged	665	Saphire RavenⅠ	薩菲伊雷渡鴉Ⅰ	ok	ok
ranged	666	Saphire Raven Ⅱ	藍寶鴉Ⅱ	ok	ok
ranged	667	Saphire Raven Ⅲ	藍寶鴉Ⅲ	ok	ok
ranged	668	Saphire Raven Ⅳ	藍寶鴉Ⅳ	ok	ok
ranged	669	Titan Flame SP	巨神焔SP	ok	ok
ranged	670	Teostra's Flame SP	炎王竜之炎ＳＰ	ok	ok
ranged	671	Sky's Isle SP	空之伊斯艾SP	ok	ok
ranged	672	Metal Blaze SP	金属炎ＳＰ	ok	ok
ranged	673	VLS-0052	維勒斯００５２	ok	ok
ranged	674	VLS-7305	維勒斯７３０５	ok	ok
ranged	675	Herald Thunderdance Bow	弓哈艾爾阿勒德雷舞	ok	ok
ranged	676	Fire Tempest SP	火暴風SP	ok	ok
ranged	677	B・Parasol SP	Ｂ陽傘SP	ok	ok
ranged	678	Vashimu Cannon	尾晶蠍加農砲	ok	ok
ranged	679	Vashimu Launcher	尾晶蠍發射器	ok	ok
ranged	680	Coral Striker	珊瑚打撃	ok	ok
ranged	681	Jasper Striker	碧玉打撃	ok	ok
ranged	682	Lapiz Striker	拉皮茲打撃	ok	ok
ranged	683	Sapphir Puffer Ⅰ	藍寶河豚Ⅰ	ok	ok
ranged	684	Sapphir Puffer Ⅱ	藍寶河豚Ⅱ	ok	ok
ranged	685	Sapphir Puffer Ⅲ	藍寶河豚Ⅲ	ok	ok
ranged	686	Luna Rainbow Cannon SP	月神虹加農砲SP	ok	ok
ranged	687	Noble Chivalry	貴族克哈伊維阿勒爾伊	bad	phonetic_salad
ranged	688	Melor Chivalry	姆艾勒歐爾克哈伊維阿勒爾伊	bad	phonetic_salad
ranged	689	Luna's Bostesso	炎妃呵欠弩	ok	ok
ranged	690	Luna's Vulcano	炎妃火山弩	ok	ok
ranged	691	Luna's Ganard	炎妃勝利弩	ok	ok
ranged	692	"Meat Gun ""Rare"""	肉銃稀有	ok	ok
ranged	693	"Meat Gun ""Medium"""	肉銃中	ok	ok
ranged	694	"Meat Gun ""Well Done"""	肉銃瓦艾勒勒完成	bad	phonetic_salad
ranged	695	Kugel Squale	克烏格艾勒史誇爾	bad	phonetic_salad
ranged	696	Kugel Katze	猫克烏格艾勒	ok	ok
ranged	697	Kugel Volpe	克烏格艾勒狐	ok	ok
ranged	698	Steel Bow	弓鋼	ok	ok
ranged	699	Steel Bow・Armor Piercer	弓鋼鎧普伊艾爾克艾爾	ok	ok
ranged	700	Steel Bow・Rock Piercer	弓鋼岩普伊艾爾克艾爾	ok	ok
ranged	701	Light Liebe	光利艾貝	ok	ok
ranged	702	Middle Liebe	姆伊德德勒艾利艾貝	bad	phonetic_salad
ranged	703	Deep Liebe	深利艾貝	ok	ok
ranged	704	True Liebe	真利艾貝	ok	ok
ranged	705	Red Cat Gun SP	茜猫銃【ＳＰ】	ok	ok
ranged	706	Don Shower	堂斯哈歐瓦艾爾	bad	phonetic_salad
ranged	707	Don Splash	堂斯普勒阿斯哈	ok	ok
ranged	708	Dondon Cannon	德歐恩德歐恩加農砲	bad	phonetic_salad
ranged	709	Flow Sweezy	夫勒歐瓦斯瓦艾艾茲伊	bad	phonetic_salad
ranged	710	Gerda Sweezy	格艾爾德阿斯瓦艾艾茲伊	bad	phonetic_salad
ranged	711	Loisa Sweezy	洛伊薩斯瓦艾艾茲伊	bad	phonetic_salad
ranged	712	Nyan Nyan Gun	恩伊阿恩恩伊阿恩銃	bad	phonetic_salad
ranged	713	Nyan Nyan Fire	火恩伊阿恩恩伊阿恩	bad	phonetic_salad
ranged	714	Phantom Thunderbreak Bow	弓幻影特哈烏恩德艾爾布	bad	phonetic_salad
ranged	715	Phantom Thunderstorm Bow	弓幻影特哈烏恩德艾爾斯	bad	phonetic_salad
ranged	716	Daimyo Warbow Ⅶ	大名盾蟹戦弓Ⅶ	ok	ok
ranged	717	True Blue Kut-Ku Bow	怪鳥真青弓	ok	ok
ranged	718	Rubino Raven Ⅰ	紅玉之渡鴉Ⅰ	ok	ok
ranged	719	Rubino Raven Ⅱ	紅玉之渡鴉Ⅱ	ok	ok
ranged	720	Rubino Raven Ⅲ	紅玉之渡鴉Ⅲ	ok	ok
ranged	721	Rubino Raven Ⅳ	紅玉之渡鴉Ⅳ	ok	ok
ranged	722	Remobra Plush	翼蛇竜普勒烏斯哈	bad	phonetic_salad
ranged	723	Remombra Strike	爾艾姆歐姆布爾阿斯里凱	bad	phonetic_salad
ranged	724	Sufendrit	斯烏夫艾恩德爾伊	bad	phonetic_salad
ranged	725	Chalcendrit	克哈阿勒克艾恩德	bad	phonetic_salad
ranged	726	Garnetdrit	格阿爾恩艾特德爾	bad	phonetic_salad
ranged	727	Azul Blaster SP	青爆裂SP	ok	ok
ranged	728	Teo's Baretta	焔皇髮飾	ok	ok
ranged	729	Dual Paralyze	雙普阿爾阿勒伊茲艾	bad	phonetic_salad
ranged	730	Lava Paralyze	熔岩普阿爾阿勒伊茲艾	bad	phonetic_salad
ranged	731	Needleant	恩艾艾德勒艾阿恩	bad	phonetic_salad
ranged	732	Duel Poison	毒德烏艾勒	ok	ok
ranged	733	Lava Poison	毒熔岩	ok	ok
ranged	734	Needlewasp	恩艾艾德勒艾瓦阿	bad	phonetic_salad
ranged	735	Dark Cat Gun	闇猫銃	ok	ok
ranged	736	Red Cat Gun	茜猫銃	ok	ok
ranged	737	Red Cat Grenade Launcher	赤猫榴彈發射器	ok	ok
ranged	738	Saphir Killy Ⅰ	藍寶石基利Ⅰ	ok	ok
ranged	739	Saphir Killy Ⅱ	藍寶石基利Ⅱ	ok	ok
ranged	740	Saphir Killy Ⅲ	藍寶石基利Ⅲ	ok	ok
ranged	741	Crimson Parasol SP	深紅陽傘SP	ok	ok
ranged	742	Don Bow	呑竜弓	ok	ok
ranged	743	Don Missile	堂姆伊斯斯伊勒艾	bad	phonetic_salad
ranged	744	Dodon Arch	德歐德歐恩強撃	ok	ok
ranged	745	Dodon Crescent	德歐德歐恩克爾艾斯克艾恩特	bad	phonetic_salad
ranged	746	Pawpad Shooter	普阿瓦普阿德射手	bad	phonetic_salad
ranged	747	Pawpad Blaster	普阿瓦普阿德爆裂	bad	phonetic_salad
ranged	748	Felyne Bow	艾路猫弓	ok	ok
ranged	749	"Felyne Bow ""Koban"""	艾路猫弓克歐布阿恩	bad	phonetic_salad
ranged	750	Tail Shooter	尾射手	ok	ok
ranged	751	Tail Blaster	尾爆裂	ok	ok
ranged	752	Melynx Bow	梅拉路弓	ok	ok
ranged	753	"Melynx Bow ""Cat Veil"""	梅拉路弓猫維艾伊勒	ok	ok
ranged	754	Carmine Bow Ⅰ	朱紅弓Ⅰ	ok	ok
ranged	755	Carmine Bow Ⅱ	朱紅弓Ⅱ	ok	ok
ranged	756	Carmine Bow Ⅲ	朱紅弓Ⅲ	ok	ok
ranged	757	Crimson Bow	深紅弓	ok	ok
ranged	758	Perlenkugel	普艾爾勒艾恩克烏	bad	phonetic_salad
ranged	759	Perle Prima	普艾爾勒艾第一	ok	ok
ranged	760	Perlengewehr	普艾爾勒艾恩格艾	bad	phonetic_salad
ranged	761	Perlen Sieg	普艾爾勒艾恩斯伊艾格	bad	phonetic_salad
ranged	762	Perlenbogen	普艾爾勒艾恩布歐	bad	phonetic_salad
ranged	763	Perlenrakete	普艾爾勒艾恩爾阿	bad	phonetic_salad
ranged	764	Perlen Sichel	普艾爾勒艾恩斯伊克哈艾勒	bad	phonetic_salad
ranged	765	Great Dragon Gun	竜偉大銃	ok	ok
ranged	766	Nebula Globes	星雲格勒歐布艾斯	bad	phonetic_salad
ranged	767	Rubino Puffer Ⅳ	紅玉河豚Ⅳ	ok	ok
ranged	768	Rubino Puffer Ⅰ	紅玉河豚Ⅰ	ok	ok
ranged	769	Rubino Puffer Ⅱ	紅玉河豚Ⅱ	ok	ok
ranged	770	Rubino Puffer Ⅲ	紅玉河豚Ⅲ	ok	ok
ranged	771	Steel Puffer Ⅴ	鋼之河豚Ⅴ	ok	ok
ranged	772	"Fanged Wolf Gun ""Gust"""	夫阿恩格艾德狼銃古斯	bad	phonetic_salad
ranged	773	"Fanged Wolf Gun ""Gale"""	夫阿恩格艾德狼銃加勒	bad	phonetic_salad
ranged	774	"Sky Wolf Gun""Big Dipper"""	空狼銃大德伊普普艾爾	bad	phonetic_salad
ranged	775	Filan Set	夫伊勒阿恩套	ok	ok
ranged	776	Eames Set	艾阿姆艾斯套	ok	ok
ranged	777	Vinz Set	維伊恩茲套	ok	ok
ranged	778	Purfa Set	普烏爾夫阿套	ok	ok
ranged	779	"Fanged Wolf Gun""Blossom"""	夫阿恩格艾德狼銃布勒歐斯斯歐姆	bad	phonetic_salad
ranged	780	"Fanged Wolf Gun ""Sakura"""	夫阿恩格艾德狼銃桜	bad	phonetic_salad
ranged	781	"Sky Wolf Gun ""Rainfall"""	空狼銃爾阿伊恩夫阿勒勒	bad	phonetic_salad
ranged	782	"Sky Wolf Gun ""Monsoon"""	空狼銃姆歐恩斯歐歐恩	bad	phonetic_salad
ranged	783	Annihilation Bow II	凍薙弓Ⅱ	ok	ok
ranged	784	Khezu Bow VI	奇怪竜弓Ⅵ	ok	ok
ranged	785	Lunar Bale	月巴勒	ok	ok
ranged	786	Lunar Zien	月茲伊艾恩	ok	ok
ranged	787	Lunar View	月維伊艾瓦	ok	ok
ranged	788	Lunar Vedere	月維德雷	ok	ok
ranged	789	Rojo Kerze	羅喬克艾爾茲艾	ok	ok
ranged	790	Rojo Flamme	羅喬火焔	ok	ok
ranged	791	Rojo Gluhen	羅喬格勒烏哈艾恩	bad	phonetic_salad
ranged	792	Rouge Vulcan	拉瓦里火山	ok	ok
ranged	793	Albu Bow	弓阿勒布烏	ok	ok
ranged	794	Album Bow	弓阿勒布烏姆	ok	ok
ranged	795	Albuin Bow	弓阿勒布烏伊恩	ok	ok
ranged	796	Albumagi Bow	弓阿勒布烏姆阿格伊	bad	phonetic_salad
ranged	797	Cherny Bow	弓克哈艾爾恩伊	ok	ok
ranged	798	Great Cherny Bow	弓大克哈艾爾恩伊	bad	phonetic_salad
ranged	799	Royal Cherny Bow	弓王室克哈艾爾恩伊	bad	phonetic_salad
ranged	800	Supreme Cherny Bow	弓至高克哈艾爾恩伊	bad	phonetic_salad
ranged	801	Aquila Bow	弓阿奎伊拉	ok	ok
ranged	802	Aquila Bow+	弓阿奎伊拉＋	ok	ok
ranged	803	"Aquila Bow ""Cosmic"""	弓阿奎伊拉克歐斯姆伊克	bad	phonetic_salad
ranged	804	"Aquila Bow ""Comet"""	弓阿奎伊拉彗星	ok	ok
ranged	805	Soul Star I	魂星Ⅰ	ok	ok
ranged	806	Soul Star II	魂星Ⅱ	ok	ok
ranged	807	Soul Star III	魂星Ⅲ	ok	ok
ranged	808	Soul Planetes	魂普勒阿恩艾特艾斯	bad	phonetic_salad
ranged	809	Steel Raven Ⅴ	鋼之渡鴉Ⅴ	ok	ok
ranged	810	Melanin Shooter SP	姆艾勒阿恩伊恩射手SP	bad	phonetic_salad
ranged	811	Blood Bandage SP	血包帯ＳＰ	ok	ok
ranged	812	Star Bow	弓星	ok	ok
ranged	813	Star Bow+	弓星＋	ok	ok
ranged	814	"Star Bow ""Cosmic"""	弓星克歐斯姆伊克	bad	phonetic_salad
ranged	815	"Star Bow ""Comet"""	弓星彗星	ok	ok
ranged	816	"Fanged Wolf Hbg ""Haze"""	重弩夫阿恩格艾德狼恩流浪	ok	ok
ranged	817	"Fanged Wolf Hbg ""Frost"""	重弩夫阿恩格艾德狼霜	ok	ok
ranged	818	"Sirius Hbg ""Blizzard"""	重弩斯伊爾伊烏斯【吹雪】	bad	phonetic_salad
ranged	819	Gourd Bow Mk1	弓葫蘆Mk１	ok	ok
ranged	820	Gourd Bow Mk1+	弓葫蘆Mk１＋	ok	ok
ranged	821	Gourd Bow Mk1 Adv.	弓葫蘆Mk１改良	ok	ok
ranged	822	Gourd Bow Mk2	弓葫蘆Mk２	ok	ok
ranged	823	Gourd Bow Mk2+	弓葫蘆Mk２＋	ok	ok
ranged	824	Gourd Bow Mk2 Adv.	弓葫蘆Mk２改良	ok	ok
ranged	825	Deuce Solo	德烏瑟索洛	ok	ok
ranged	826	Deuce Trio	德烏瑟特伊歐	ok	ok
ranged	827	Deuce Quint	德烏瑟奎烏伊恩特	bad	phonetic_salad
ranged	828	Floating Peak Gun	浮游普艾阿克銃	ok	ok
ranged	829	Eques Bowgun	騎士弩槍	ok	ok
ranged	830	Eques Fakir	未來迪夫阿克伊爾	bad	phonetic_salad
ranged	831	Weissgerade	瓦艾伊斯斯格艾爾	bad	phonetic_salad
ranged	832	Strega Bowgun	魔女弩槍	ok	ok
ranged	833	Strega Fakir	魔女夫阿克伊爾	ok	ok
ranged	834	Schwarzgerade	斯克哈瓦阿爾茲格	bad	phonetic_salad
ranged	835	Woodpecker Thunder Lbg	雷瓦歐歐德普艾克克輕弩	ok	ok
ranged	836	Albatross Thunder Lbg	雷阿勒布阿特爾歐斯輕弩	ok	ok
ranged	837	True Canary Thunder Lbg	雷真可娜里輕弩	ok	ok
ranged	838	Flamme Com	火焔克歐姆	ok	ok
ranged	839	Flamme Rem	火焔爾艾姆	ok	ok
ranged	840	Flamme Flamme	火焔火焔	ok	ok
ranged	841	Rubino Killi Ⅰ	紅玉基利Ⅰ	ok	ok
ranged	842	Rubino Killi Ⅱ	紅玉基利Ⅱ	ok	ok
ranged	843	Rubino Killi Ⅲ	紅玉基利Ⅲ	ok	ok
ranged	844	Rubino Killi Ⅳ	紅玉基利Ⅳ	ok	ok
ranged	845	Ophion Bow	俄菲翁弓	ok	ok
ranged	846	"Ophion Bow ""Flash"""	俄菲翁弓【閃光】	ok	ok
ranged	847	"Ophion Bow ""Shine"""	俄菲翁弓【光輝】	ok	ok
ranged	848	"Ophion Bow ""Glory"""	俄菲翁弓【栄光】	ok	ok
ranged	849	Luna's Temptation	炎妃弓【誘惑】	ok	ok
ranged	850	Luna's Coquetry	炎妃弓【媚態】	ok	ok
ranged	851	Flash Bow	弓閃光	ok	ok
ranged	852	Courageous Hope III	勇氣希望Ⅲ	ok	ok
ranged	853	Forte Bow I	強力弓Ⅰ	ok	ok
ranged	854	Forte Bow II	強力弓Ⅱ	ok	ok
ranged	855	Forte Bow III	強力弓Ⅲ	ok	ok
ranged	856	Forte Rada	強音拉達	ok	ok
ranged	857	Asta's Third	美神三號	ok	ok
ranged	858	Asta's Second	美神二號	ok	ok
ranged	859	Asta's First	美神一號	ok	ok
ranged	860	Sirius Dragoon	斯伊爾伊烏斯竜騎	bad	phonetic_salad
ranged	861	Magni's Third	力神三號	ok	ok
ranged	862	Magni's Second	力神二號	ok	ok
ranged	863	Magni's First	力神一號	ok	ok
ranged	864	Sirius Tempest	斯伊爾伊烏斯暴風	bad	phonetic_salad
ranged	865	Rubino Raven Ⅴ	紅玉之渡鴉Ⅴ	ok	ok
ranged	866	Fast Caster SP	法斯克阿斯特艾爾SP	bad	phonetic_salad
ranged	867	Gold Umbrella SP	金烏姆布爾艾勒勒阿SP	bad	phonetic_salad
ranged	868	Caravan HBG Ⅰ	商隊重弩Ⅰ	ok	ok
ranged	869	Caravan HBG Ⅱ	商隊重弩Ⅱ	ok	ok
ranged	870	Caravan HBG Ⅲ	商隊重弩Ⅲ	ok	ok
ranged	871	Caravan Bow Ⅰ	商隊弓Ⅰ	ok	ok
ranged	872	Caravan Bow Ⅱ	商隊弓Ⅱ	ok	ok
ranged	873	Caravan Bow Ⅲ	商隊弓Ⅲ	ok	ok
ranged	874	Caravan Bow Ⅳ	商隊弓Ⅳ	ok	ok
ranged	875	Caravan Bow Ⅴ	商隊弓Ⅴ	ok	ok
ranged	876	Caravan Bow Ⅵ	商隊弓Ⅵ	ok	ok
ranged	877	Giant Star Shellking Hbg	重弩巨大星斯哈艾勒勒克伊恩	bad	phonetic_salad
ranged	878	Eques Cannon	騎士加農砲	ok	ok
ranged	879	Eques Launcher	騎士發射器	ok	ok
ranged	880	Weisse Wiese	瓦艾伊斯斯艾威艾瑟	bad	phonetic_salad
ranged	881	Strega Cannon	魔女加農砲	ok	ok
ranged	882	Strega Launcher	魔女發射器	ok	ok
ranged	883	Schwarze Wiese	斯克哈瓦阿爾茲艾威艾瑟	bad	phonetic_salad
ranged	884	Radiant Sun Bowgun	輝日弩	ok	ok
ranged	885	Radiant Sun Bowgun	輝日弩	ok	ok
ranged	886	Radiant Sun Star Shot	輝日星弾	ok	ok
ranged	887	Blos Shot	角竜弾	ok	ok
ranged	888	Blos Sphera	角竜斯普哈艾爾阿	bad	phonetic_salad
ranged	889	Blos Absolute	角竜絶対	ok	ok
ranged	890	Weiss Splash	懷斯斯普勒阿斯哈	bad	phonetic_salad
ranged	891	Weiss Rondo	懷斯爾歐恩德歐	ok	ok
ranged	892	Weiss Flood	懷斯夫勒歐歐德	bad	phonetic_salad
ranged	893	Tank Bishop	特阿恩克布伊斯哈歐普	bad	phonetic_salad
ranged	894	Bastion Bishop	布阿斯特伊歐恩布伊斯哈歐普	bad	phonetic_salad
ranged	895	Fort Bishop	要塞布伊斯哈歐普	bad	phonetic_salad
ranged	896	Tank Witch	特阿恩克瓦伊特克哈	bad	phonetic_salad
ranged	897	Bastion Witch	布阿斯特伊歐恩瓦伊特克哈	bad	phonetic_salad
ranged	898	Fort Witch	要塞瓦伊特克哈	ok	ok
ranged	899	Volpe Fletcher	狐夫勒艾特克哈艾爾	bad	phonetic_salad
ranged	900	Volpe Missile	狐姆伊斯斯伊勒艾	bad	phonetic_salad
ranged	901	Volpe Arc	狐阿爾克	ok	ok
ranged	902	Forte Ranpo	強音爾阿恩普歐	ok	ok
ranged	903	Forte Crescente	強音克爾艾斯克艾恩特	bad	phonetic_salad
ranged	904	Spark Crane	斯普阿爾克鶴	ok	ok
ranged	905	Fire Crane	火鶴	ok	ok
ranged	906	Flame Crane	焔鶴	ok	ok
ranged	907	Berg Crane	山鶴	ok	ok
ranged	908	Arma Crane	轟竜鎧鶴	ok	ok
ranged	909	Silt Crane	斯伊勒特鶴	ok	ok
ranged	910	Chariot Crane	克哈阿爾伊歐特鶴	bad	phonetic_salad
ranged	911	Castra Crane	可斯拉鶴	ok	ok
ranged	912	Ryufu Ⅰ	留弗Ⅰ	ok	ok
ranged	913	Ryufu Ⅱ	留弗Ⅱ	ok	ok
ranged	914	Ryufu Ⅲ	留弗Ⅲ	ok	ok
ranged	915	Ryufu Encha	竜風艾恩克哈阿	ok	ok
ranged	916	Citrine Raven Ⅰ	黄水晶渡鴉Ⅰ	ok	ok
ranged	917	Citrine Raven Ⅱ	黄水晶渡鴉Ⅱ	ok	ok
ranged	918	Citrine Raven Ⅲ	黄水晶渡鴉Ⅲ	ok	ok
ranged	919	Citrine Raven Ⅳ	黄水晶渡鴉Ⅳ	ok	ok
ranged	920	Citrine Raven Ⅴ	黄水晶渡鴉Ⅴ	ok	ok
ranged	921	Hawk Darkbolt Gun	哈阿瓦克闇雷銃	ok	ok
ranged	922	True Falcon Darkbolt Gun	真夫阿勒克歐恩闇雷銃	ok	ok
ranged	923	Anteka Current	雪鹿克烏爾爾艾恩特	bad	phonetic_salad
ranged	924	Anteka Assault	雪鹿強襲	ok	ok
ranged	925	Anteka Rider	雪鹿騎手	ok	ok
ranged	926	Cardo Cannon	加爾多加農砲	ok	ok
ranged	927	Cardo Launcher	加爾多發射器	ok	ok
ranged	928	Rotwiese	羅特伊艾瑟	ok	ok
ranged	929	Golden Cat Gun Mk1	金猫銃Mk１	ok	ok
ranged	930	Golden Cat Gun Mk2	金猫銃Mk２	ok	ok
ranged	931	Golden Cat Gun Mk3	金猫銃Mk３	ok	ok
ranged	932	Silver Cat Gun Mk1	銀猫銃Mk１	ok	ok
ranged	933	Silver Cat Gun Mk2	銀猫銃Mk２	ok	ok
ranged	934	Silver Cat Gun Mk3	銀猫銃Mk３	ok	ok
ranged	935	"EBX ""Core"""	艾布克斯核	ok	ok
ranged	936	"EBX ""Pro"""	艾布克斯普歐	ok	ok
ranged	937	"EBX ""Elite"""	艾布克斯艾利特	ok	ok
ranged	938	Citrine Puffer Ⅰ	黄水晶河豚Ⅰ	ok	ok
ranged	939	Citrine Puffer Ⅱ	黄水晶河豚Ⅱ	ok	ok
ranged	940	Citrine Puffer Ⅲ	黄水晶河豚Ⅲ	ok	ok
ranged	941	Citrine Puffer Ⅳ	黄水晶河豚Ⅳ	ok	ok
ranged	942	Albatros Darkbolt Gun	阿勒布阿特爾歐斯闇雷銃	ok	ok
ranged	943	True Canary Darkbolt Gun	真可娜里闇雷銃	ok	ok
ranged	944	Cardo Bowgun	加爾多弩槍	ok	ok
ranged	945	Cardo Felchia	可多夫艾勒克哈伊阿	bad	phonetic_salad
ranged	946	Rote Gerade	輪唱格拉德	ok	ok
ranged	947	Heat Stock	熱槍托	ok	ok
ranged	948	Blaze Stock	炎槍托	ok	ok
ranged	949	Flare Stock	輝槍托	ok	ok
ranged	950	Rip Stock	裂槍托	ok	ok
ranged	951	Schwer Stock	斯克哈瓦艾爾槍托	bad	phonetic_salad
ranged	952	Rogue Stock	羅古艾槍托	ok	ok
ranged	953	Chrysos I	克哈爾伊斯歐斯I	bad	phonetic_salad
ranged	954	Chrysos II	克哈爾伊斯歐斯Ⅱ	bad	phonetic_salad
ranged	955	Chrysos Graya	克哈爾伊斯歐斯格阿雅	bad	phonetic_salad
ranged	956	Vipio Darkbolt Bow	弓維皮歐闇雷	ok	ok
ranged	957	Crane Darkbolt Bow	弓鶴闇雷	ok	ok
ranged	958	True Flamingo Darkbolt B	真弗阿米恩歐闇雷Ｂ	ok	ok
ranged	959	True Shokaku DarkboltBow	弓真修歐可庫闇雷	ok	ok
ranged	960	Nebula Ark	星雲阿爾克	ok	ok
ranged	961	Nebula Harp	星雲哈阿爾普	ok	ok
ranged	962	Furon Cherry Ⅰ	奇怪竜櫻Ⅰ	ok	ok
ranged	963	Furon Cherry Ⅱ	奇怪竜櫻Ⅱ	ok	ok
ranged	964	Furon Cherry Ⅲ	奇怪竜櫻Ⅲ	ok	ok
ranged	965	Furon Blossom	夫烏爾歐恩布勒歐斯斯歐姆	bad	phonetic_salad
ranged	966	Eques Bow	騎士弓	ok	ok
ranged	967	Eques Rook	未來迪城堡	ok	ok
ranged	968	Eques Arc	未來迪阿爾克	ok	ok
ranged	969	Weiss Mystel	懷斯姆伊斯特艾勒	bad	phonetic_salad
ranged	970	Strega Bow	魔女弓	ok	ok
ranged	971	Streag Rook	斯特爾艾阿格城堡	bad	phonetic_salad
ranged	972	Strega Ark	魔女阿爾克	ok	ok
ranged	973	Schwarz Mistel	斯克哈瓦阿爾茲姆伊斯特艾勒	bad	phonetic_salad
ranged	974	Clockwork Bow	弓克勒歐克克瓦歐爾	bad	phonetic_salad
ranged	975	Clockwork Bow+	弓克勒歐克克瓦歐爾＋	bad	phonetic_salad
ranged	976	New Clockwork Bow	弓新克勒歐克克瓦歐爾	bad	phonetic_salad
ranged	977	Super Clockwork Bow	弓超克勒歐克克瓦歐爾	bad	phonetic_salad
ranged	978	Crimson Fang	深紅之牙	ok	ok
ranged	979	Crimson Tusk	深紅化抑制	ok	ok
ranged	980	Crimson Horn	深紅角	ok	ok
ranged	981	Crimson Avenger	深紅阿維艾恩格艾爾	bad	phonetic_salad
ranged	982	Torment Fang	折磨之牙	ok	ok
ranged	983	Torment Tusk	折磨化抑制	ok	ok
ranged	984	Torment Horn	折磨之角	ok	ok
ranged	985	Torment Avenger	折磨阿維艾恩格艾爾	bad	phonetic_salad
ranged	986	Blos I	角竜Ⅰ	ok	ok
ranged	987	Blos II	角竜Ⅱ	ok	ok
ranged	988	Blos III	角竜Ⅲ	ok	ok
ranged	989	Fierce Blos	角竜猛	ok	ok
ranged	990	Volpe Strada	狐斯拉達	ok	ok
ranged	991	Volpe Labyrinth	狐勒阿布伊爾伊恩特	bad	phonetic_salad
ranged	992	Forte La Torre	強音特歐爾爾艾	ok	ok
ranged	993	Anteka Pulse	雪鹿普烏勒斯艾	ok	ok
ranged	994	Anteka Breath	雪鹿息	ok	ok
ranged	995	Anteka Ambition	雪鹿阿姆布伊特伊歐恩	bad	phonetic_salad
ranged	996	Slug Launcher	蛞蝓發射器	ok	ok
ranged	997	Nade Launcher	娜德發射器	ok	ok
ranged	998	Ulti Launcher	終極發射器	ok	ok
ranged	999	Lizard Mortar	蜥蜴臼	ok	ok
ranged	1000	Scale Mortar	鱗臼	ok	ok
ranged	1001	Drago Mortar	德阿戈臼	ok	ok
ranged	1002	Mel Dean	姆艾勒德艾阿恩	ok	ok
ranged	1003	Melissa Dean	姆艾勒伊斯斯阿德艾阿恩	bad	phonetic_salad
ranged	1004	Melody Dean	旋律德艾阿恩	ok	ok
ranged	1005	Fury Lbg	怒髮輕弩	ok	ok
ranged	1006	"Fury Lbg ""Seabreeze"""	怒髮輕弩【海風】	ok	ok
ranged	1007	"Fury Lbg ""Seagull"""	怒髮輕弩【海鴎】	ok	ok
ranged	1008	Today's Cat Ten	教官猫槍	ok	ok
ranged	1009	Today's Cat Ho	教官猫砲	ok	ok
ranged	1010	Today's Cat San	教官猫傘	ok	ok
ranged	1011	Forse Ferro	夫歐爾斯艾夫艾爾爾歐	bad	phonetic_salad
ranged	1012	Forse Acciaco	夫歐爾斯艾阿克克伊阿克歐	bad	phonetic_salad
ranged	1013	Forse Oro	夫歐爾斯艾歐羅	ok	ok
ranged	1014	Citrine Killi Ⅰ	黄水晶基利Ⅰ	ok	ok
ranged	1015	Citrine Killi Ⅱ	黄水晶基利Ⅱ	ok	ok
ranged	1016	Citrine Killi Ⅲ	黄水晶基利Ⅲ	ok	ok
ranged	1017	Citrine Killi Ⅳ	黄水晶基利Ⅳ	ok	ok
ranged	1018	Steel Shellking Bow	弓鋼斯哈艾勒勒克伊恩	ok	ok
ranged	1019	Iron Wall Shellking Bow	鐵壁斯哈艾勒勒克伊恩弓	ok	ok
ranged	1020	Amicus Arc Ⅰ	夥伴弓Ⅰ	ok	ok
ranged	1021	Amicus Arc Ⅱ	夥伴弓Ⅱ	ok	ok
ranged	1022	Amicus Arc Ⅲ	夥伴弓Ⅲ	ok	ok
ranged	1023	Amicus Arc Ⅳ	夥伴弓Ⅳ	ok	ok
ranged	1024	Dodonga Eclipse	多多恩阿蝕	ok	ok
ranged	1025	Nebula Missile	星雲姆伊斯斯伊勒艾	bad	phonetic_salad
ranged	1026	Plesioth Berg	水竜氷山	ok	ok
ranged	1027	Plesioth Line	水竜行	ok	ok
ranged	1028	0404・ガノスミンティ	0404・水竜明蒂	ok	ok
ranged	1029	Initial Roar	伊恩伊特伊阿勒轟鳴	bad	phonetic_salad
ranged	1030	Grime Roar	格伊梅轟鳴	ok	ok
ranged	1031	Rising Roar	里西恩轟鳴	ok	ok
ranged	1032	Fury Hbg	怒髮重弩	ok	ok
ranged	1033	"Fury Hbg ""Pieridae"""	怒髮重弩【粉蝶】	ok	ok
ranged	1034	"Fury Hbg ""White Dew"""	怒髮重弩【白露】	ok	ok
ranged	1035	Desert Ruler	砂漠爾烏勒艾爾	ok	ok
ranged	1036	Desert Ruler+	砂漠爾烏勒艾爾＋	bad	phonetic_salad
ranged	1037	Diablos Cannon	角竜加農砲	ok	ok
ranged	1038	Black Ruler	黑爾烏勒艾爾	ok	ok
ranged	1039	Black Ruler+	黑爾烏勒艾爾＋	ok	ok
ranged	1040	Black Diablos Cannon	角竜黑加農砲	ok	ok
ranged	1041	Rotdune	爾歐特德烏恩艾	ok	ok
ranged	1042	1204・ヤクゥイ・ディンゴ	1204・雅庫伊・丁戈	ok	ok
ranged	1043	1304・ヤクゥイ・モルティ	1304・雅庫伊・莫爾蒂	ok	ok
ranged	1044	1404・ヤクゥイ・マンデル	1404・雅庫伊・曼德爾	ok	ok
ranged	1045	Brute Jaeger	布烏特杰阿艾格艾爾	bad	phonetic_salad
ranged	1046	Brute Gewehr	布烏特格艾瓦艾哈爾	bad	phonetic_salad
ranged	1047	Brute Siegen	布烏特斯伊艾格艾恩	bad	phonetic_salad
ranged	1048	Garugun	格阿爾烏格烏恩	ok	ok
ranged	1049	Garuga Gun	黑狼鳥銃	ok	ok
ranged	1050	Garuga Gun Neo	黑狼鳥銃新	ok	ok
ranged	1051	Volpe Breeze	狐布艾艾澤	ok	ok
ranged	1052	Volpe Tempesta	狐特艾姆普艾斯特阿	bad	phonetic_salad
ranged	1053	Forte Tornado	強音竜巻	ok	ok
ranged	1054	Rote Linie	輪唱利尼艾	ok	ok
ranged	1055	Reino Rifle	雷伊諾里弗艾	bad	type_phonetic
ranged	1056	Republica Rifle	雷普布伊可里弗艾	bad	type_phonetic
ranged	1057	Federation Rifle	夫艾德艾爾阿特伊里弗艾	bad	type_phonetic
ranged	1058	Baron Launcher	布阿爾歐恩發射器	bad	phonetic_salad
ranged	1059	Conde Launcher	克歐恩德艾發射器	bad	phonetic_salad
ranged	1060	Marquis Launcher	姆阿爾奎烏伊斯發射器	bad	phonetic_salad
ranged	1061	Teo's Flame	炎王之焔	ok	ok
ranged	1062	Teo's Inferno	炎王之業火	ok	ok
ranged	1063	Feather Bow	羽弓	ok	ok
ranged	1064	Feather Hood	兜帽之羽	ok	ok
ranged	1065	Feather Crow	羽克爾歐瓦	ok	ok
ranged	1066	Feather Crescent	羽克爾艾斯克艾恩特	bad	phonetic_salad
ranged	1067	2B04・グリテベール	2B04・格里特貝爾	ok	ok
ranged	1068	2C04・グリテニーシュ	2C04・格里特尼修	ok	ok
ranged	1069	2D04・グリテマフィン	2D04・格里特瑪芬	ok	ok
ranged	1070	2E04・グリテレーツェル	2E04・格里特雷策爾	ok	ok
ranged	1071	Shock Stroke	斯哈歐克克斯羅凱	bad	phonetic_salad
ranged	1072	Bolt Stroke	雷斯羅凱	ok	ok
ranged	1073	Thunder Stroke	雷斯羅凱	ok	ok
ranged	1074	Storm Striker	風暴打撃	ok	ok
ranged	1075	Lizard Stroke	蜥蜴斯羅凱	ok	ok
ranged	1076	Drake Stroke	德阿凱斯羅凱	ok	ok
ranged	1077	Wyvern Stroke	飛竜斯羅凱	ok	ok
ranged	1078	Dragon Striker	竜打撃	ok	ok
ranged	1079	Fire Rook	火城堡	ok	ok
ranged	1080	Flaming Rook	炎城堡	ok	ok
ranged	1081	Blazing Rook	熾城堡	ok	ok
ranged	1082	Flare Rook	輝城堡	ok	ok
ranged	1083	Ice Rook	冰城堡	ok	ok
ranged	1084	Icicle Rook	冰柱城堡	ok	ok
ranged	1085	Frost Rook	霜城堡	ok	ok
ranged	1086	Freezing Rook	冰城堡	ok	ok
ranged	1087	Sparking Rook	斯普阿爾克伊恩格城堡	bad	phonetic_salad
ranged	1088	Plasma Rook	普勒阿斯姆阿城堡	bad	phonetic_salad
ranged	1089	Thunder Rook	雷城堡	ok	ok
ranged	1090	Lightning Rook	雷城堡	ok	ok
ranged	1091	Cardo Bow	加爾多弓	ok	ok
ranged	1092	Cardo Rook	可多城堡	ok	ok
ranged	1093	Cardo Arc	可多阿爾克	ok	ok
ranged	1094	Rote Mistel	輪唱姆伊斯特艾勒	bad	phonetic_salad
ranged	1095	Rotes Kapitel	爾歐特艾斯克阿普伊特艾勒	bad	phonetic_salad
ranged	1096	Amethyst Raven Ⅰ	紫水晶渡鴉Ⅰ	ok	ok
ranged	1097	Amethyst Raven Ⅱ	紫水晶渡鴉Ⅱ	ok	ok
ranged	1098	Amethyst Raven Ⅲ	紫水晶渡鴉Ⅲ	ok	ok
ranged	1099	Amethyst Raven Ⅳ	紫水晶渡鴉Ⅳ	ok	ok
ranged	1100	Amethyst Raven Ⅴ	紫水晶渡鴉Ⅴ	ok	ok
ranged	1101	Suez Ⅰ	斯耶茲Ⅰ	ok	ok
ranged	1102	Suez Ⅱ	斯耶茲Ⅱ	ok	ok
ranged	1103	Suez Ⅲ	斯耶茲Ⅲ	ok	ok
ranged	1104	Suez Shilka	蘇艾茲斯哈伊勒克阿	bad	phonetic_salad
ranged	1105	Teo's Blaze	炎王之炎	ok	ok
ranged	1106	Luna's Dread	炎妃重弩【愛執】	ok	ok
ranged	1107	Hate Horn	哈特之角	bad	type_phonetic
ranged	1108	Fury Horn	怒髮角	ok	ok
ranged	1109	Rampage Horn	爾阿姆普阿格艾角	bad	type_phonetic
ranged	1110	Eques Squall	未來迪斯奎烏阿勒勒	bad	phonetic_salad
ranged	1111	Eques Nephthis	未來迪恩艾普哈特哈伊斯	bad	phonetic_salad
ranged	1112	Weisser Krater	瓦艾伊斯斯艾爾克爾阿特艾爾	bad	phonetic_salad
ranged	1113	Strega Squall	魔女斯奎烏阿勒勒	bad	phonetic_salad
ranged	1114	Strega Pephtis	魔女普艾普哈特伊斯	bad	phonetic_salad
ranged	1115	Schwarzer Krater	斯克哈瓦阿爾茲艾克爾阿特艾爾	bad	phonetic_salad
ranged	1116	Amethyst Puffer Ⅰ	紫水晶河豚Ⅰ	ok	ok
ranged	1117	Amethyst Puffer Ⅱ	紫水晶河豚Ⅱ	ok	ok
ranged	1118	Amethyst Puffer Ⅲ	紫水晶河豚Ⅲ	ok	ok
ranged	1119	Amethyst Puffer Ⅳ	紫水晶河豚Ⅳ	ok	ok
ranged	1120	Azuma Rifle	阿祖瑪里弗艾	bad	type_phonetic
ranged	1121	Azuma Derifle	阿祖瑪德里弗艾	bad	phonetic_salad
ranged	1122	6204・バーティ・クェンネル	6204・巴爾蒂・肯内爾	ok	ok
ranged	1123	Azuma Rose	阿祖瑪薔薇	ok	ok
ranged	1124	Azuma Derose	阿祖瑪德羅瑟	ok	ok
ranged	1125	6504・キヴァラ・クェンネル	6504・基瓦拉・肯内爾	ok	ok
ranged	1126	Ruko's Imbell	沐雨之翼	ok	ok
ranged	1127	Ruko's Flugel	閃電之翼	ok	ok
ranged	1128	Niger's Flugel	暗黑閃電	ok	ok
ranged	1129	Reus Yell	爾艾烏斯叫	ok	ok
ranged	1130	Reus Howl	爾艾烏斯哈歐瓦勒	bad	phonetic_salad
ranged	1131	Reus Roar	爾艾烏斯轟鳴	ok	ok
ranged	1132	VLS-7507	維勒斯７５０７	ok	ok
ranged	1133	Himeka Battler	希梅可布阿特特勒艾爾	bad	phonetic_salad
ranged	1134	6E04・ヒメカ・ボドゥラ	6E04・姫佳・博杜拉	ok	ok
ranged	1135	6F04・ヒメカ・マドゥラ	6F04・姫佳・馬杜拉	ok	ok
ranged	1136	Fury Bow	怒髮弓	ok	ok
ranged	1137	"Fury Bow ""Night Fog"""	怒髮弓【夜霧】	ok	ok
ranged	1138	"Fury Bow ""Ice Rain"""	怒髮弓【氷雨】	ok	ok
ranged	1139	"Fury Bow ""Blizzard"""	怒髮弓【吹雪】	ok	ok
ranged	1140	"Fury Bow ""Winter"""	怒髮弓【冬】	ok	ok
ranged	1141	Breath Scissor	息之鋏	ok	ok
ranged	1142	Sigh Scissor	斯伊格哈鋏	ok	ok
ranged	1143	Gasp Scissor	格阿斯普鋏	ok	ok
ranged	1144	Choke Scissor	奇歐凱之鋏	ok	ok
ranged	1145	Tonil Ⅰ	托尼爾Ⅰ	ok	ok
ranged	1146	Tonil Ⅱ	托尼爾Ⅱ	ok	ok
ranged	1147	Tonil Ⅲ	托尼爾Ⅲ	ok	ok
ranged	1148	Destonil	德艾斯特歐恩伊勒	bad	phonetic_salad
ranged	1149	Mk2 Heavy Bowgun	Mk２重弩	ok	ok
ranged	1150	Mk3 Heavy Bowgun	Mk３重弩	ok	ok
ranged	1151	Mk4 Heavy Bowgun	Mk４重弩	ok	ok
ranged	1152	Kusha's Rera	鋼竜疾風	ok	ok
ranged	1153	Kusha's Ibe	鋼竜冰雹	ok	ok
ranged	1154	Kusha's Pesos	鋼竜雪雨	ok	ok
ranged	1155	Cardo Squall	可多斯奎烏阿勒勒	bad	phonetic_salad
ranged	1156	Cardo Peftis	可多普艾夫特伊斯	bad	phonetic_salad
ranged	1157	Rotkrater	爾歐特克爾阿特艾	bad	phonetic_salad
ranged	1158	Rote Krone	輪唱克爾歐恩艾	ok	ok
ranged	1159	Mina Rios	米娜爾伊歐斯	ok	ok
ranged	1160	Mina Octo	米娜歐克特歐	ok	ok
ranged	1161	Mina Maios	米娜姆阿伊歐斯	ok	ok
ranged	1162	Lovely Gun	可愛銃	ok	ok
ranged	1163	Lovely Assault	可愛強襲	ok	ok
ranged	1164	Lovely Splash	可愛斯普勒阿斯哈	bad	phonetic_salad
ranged	1165	Baby Gun	布阿布伊銃	ok	ok
ranged	1166	Baby Assault	布阿布伊強襲	ok	ok
ranged	1167	Baby Blaster	布阿布伊爆裂	ok	ok
ranged	1168	Amethyst Killi Ⅰ	紫水晶基利Ⅰ	ok	ok
ranged	1169	Amethyst Killi Ⅱ	紫水晶基利Ⅱ	ok	ok
ranged	1170	Amethyst Killi Ⅲ	紫水晶基利Ⅲ	ok	ok
ranged	1171	Amethyst Killi Ⅳ	紫水晶基利Ⅳ	ok	ok
ranged	1172	Eques Story	未來迪斯歐里	ok	ok
ranged	1173	Eques Law	未來迪勒阿瓦	ok	ok
ranged	1174	Eques Strada	未來迪斯拉達	ok	ok
ranged	1175	Weissglanz	瓦艾伊斯斯格勒阿	bad	phonetic_salad
ranged	1176	Weissstern	瓦艾伊斯斯斯特艾	bad	phonetic_salad
ranged	1177	Strega's Story	魔女荒漠	ok	ok
ranged	1178	Strega's Law	魔女音節	ok	ok
ranged	1179	Strega Strada	魔女斯拉達	ok	ok
ranged	1180	Schwarzglanz	斯克哈瓦阿爾茲格	bad	phonetic_salad
ranged	1181	Schwarzstern	斯克哈瓦阿爾茲斯	bad	phonetic_salad
ranged	1182	Flash Shadow Bow	弓閃光影	ok	ok
ranged	1183	"Flash Shadow Bow ""Quick"""	弓閃光影盤歌聲	ok	ok
ranged	1184	"Flash Shadow Bow ""Swift"""	弓閃光影斯瓦伊夫特	bad	phonetic_salad
ranged	1185	"Flash Shadow Bow ""Blink"""	弓閃光影布勒伊恩克	bad	phonetic_salad
ranged	1186	Indigo Bow	弓藍	ok	ok
ranged	1187	"Indigo Bow ""Blue"""	弓藍青	ok	ok
ranged	1188	"Indigo Bow ""Navy"""	弓藍紺	ok	ok
ranged	1189	"Indigo Bow ""Quiet"""	弓藍奎烏伊艾特	ok	ok
ranged	1190	Drizzle Bow	弓德伊茲茲勒	ok	ok
ranged	1191	"Drizzle Bow ""Drop"""	弓德伊茲茲勒德爾歐普	bad	phonetic_salad
ranged	1192	"Drizzle Bow ""Mist"""	弓德伊茲茲勒霧	ok	ok
ranged	1193	"Drizzle Bow ""Cloud"""	弓德伊茲茲勒雲	ok	ok
ranged	1194	Scarlet Bow	緋紅弓	ok	ok
ranged	1195	"Scarlet Bow ""Crimson"""	緋紅弓【深紅】	ok	ok
ranged	1196	"Scarlet Bow ""Vermillion"""	緋紅弓【朱】	ok	ok
ranged	1197	"Scarlet Bow ""Flame"""	緋紅弓【炎】	ok	ok
ranged	1198	Thunderclap Bow	弓特哈烏恩德艾爾克	bad	phonetic_salad
ranged	1199	"Thndrclap Bow""Lightning"""	弓特哈恩德爾克勒阿雷	ok	ok
ranged	1200	"Thunderclap Bow ""Bolt"""	弓特哈烏恩德艾爾克雷	ok	ok
ranged	1201	"Thunderclap Bow ""Glint"""	弓特哈烏恩德艾爾克格勒伊恩特	bad	phonetic_salad
ranged	1202	Black Bow	黑弓	ok	ok
ranged	1203	"Black Bow ""Evening"""	黑弓【夕】	ok	ok
ranged	1204	"Black Bow ""Night"""	黑弓【夜】	ok	ok
ranged	1205	"Black Bow ""Eternity"""	黑弓【永遠】	ok	ok
ranged	1206	Enki Frostbow	恩奇霜弓	ok	ok
ranged	1207	Enki Fierce Frostbow	恩奇猛霜弓	ok	ok
ranged	1208	Enki Violent Frostbow	恩奇凶暴霜弓	ok	ok
ranged	1209	Prototype Workshop Bow	弓試作工房	ok	ok
ranged	1210	Official Workshop Bow	弓歐夫夫伊克伊阿勒工房	bad	phonetic_salad
ranged	1211	Official Workshop Bow+	弓歐夫夫伊克伊阿勒工房＋	bad	phonetic_salad
ranged	1212	Factory Chief Longbow	夫阿克特歐爾伊克哈伊艾夫勒歐恩格布歐瓦	bad	phonetic_salad
ranged	1213	W.Prototype Workshop Bow	W試作工房弓	ok	ok
ranged	1214	W.Official Wokshop Bow	W歐夫夫伊克伊阿勒工房弓	bad	phonetic_salad
ranged	1215	W.Official Wokshop Bow+	W歐夫夫伊克伊阿勒工房弓＋	bad	phonetic_salad
ranged	1216	"FctoryChiefLongbow""Rain"""	夫克特歐爾伊克哈伊艾夫勒歐恩格布歐瓦【雨】	bad	phonetic_salad
ranged	1217	Weiskapitel	瓦艾伊斯克阿普伊	bad	phonetic_salad
ranged	1218	Schwarzkapitel	斯克哈瓦阿爾茲克	bad	phonetic_salad
ranged	1219	Amicus Arc Ⅴ	夥伴弓Ⅴ	ok	ok
ranged	1220	C404・相互ラグマ式放雷弓	C404・相互拉格瑪式放雷弓	ok	ok
ranged	1221	Argen Cannon	阿爾根加農砲	ok	ok
ranged	1222	Argen Launcher	阿爾根發射器	ok	ok
ranged	1223	Zilvawiese	茲伊勒維阿瓦伊艾	bad	phonetic_salad
ranged	1224	Zilvadune	茲伊勒維阿德烏恩	bad	phonetic_salad
ranged	1225	Argen Bowgun	阿爾根弩槍	ok	ok
ranged	1226	CA04・アルゲンフェキア	CA04・阿爾根菲基亞	ok	ok
ranged	1227	Zilvagerade	茲伊勒維阿格艾爾	bad	phonetic_salad
ranged	1228	Zilvalinie	茲伊勒維阿勒伊恩	bad	phonetic_salad
ranged	1229	Argen Bow	阿爾根弓	ok	ok
ranged	1230	Argen Rook	銀白城堡	ok	ok
ranged	1231	Zilvamist	茲伊勒維阿姆伊斯	bad	phonetic_salad
ranged	1232	Zilvakapitel	茲伊勒維阿克阿普	bad	phonetic_salad
ranged	1233	Power Stinger	力量斯特伊恩格艾爾	bad	phonetic_salad
ranged	1234	Wild Stinger	野斯特伊恩格艾爾	bad	phonetic_salad
ranged	1235	Fatal Stinker	致命斯特伊恩克艾爾	bad	phonetic_salad
ranged	1236	Kut-Ku Firebird	庫庫夫伊爾艾布伊爾德	bad	phonetic_salad
ranged	1237	Kut-Ku Viper	庫庫維伊普艾爾	ok	ok
ranged	1238	D604・クックソルトティス	D604・庫克索爾提斯	ok	ok
ranged	1239	Heartless Satan	哈艾阿爾特勒艾斯斯阿特阿恩	bad	phonetic_salad
ranged	1240	Heartless Blaze	哈艾阿爾特勒艾斯炎	bad	phonetic_salad
ranged	1241	Heartless Luxus	哈艾阿爾特勒艾斯勒烏克斯烏斯	bad	phonetic_salad
ranged	1242	Queen Blaster	女王爆破	ok	ok
ranged	1243	Queen's Melody	竜捲風飛炎弓	ok	ok
ranged	1244	Queen's Rhapsody	飛炎弓狂風	ok	ok
ranged	1245	Queen's Blitz	雷光飛炎弓	ok	ok
ranged	1246	Quiet Plesioth Bow	水竜奎烏伊艾特弓	ok	ok
ranged	1247	Motion Plesioth Bow	水竜動作弓	ok	ok
ranged	1248	Violent Plesioth Bow	水竜凶暴弓	ok	ok
ranged	1249	Ferocious Plesioth Bow	水竜凶暴弓	ok	ok
ranged	1250	Ruko's Lumen	流明之翼	ok	ok
ranged	1251	Ruko's Tenebra	闇暗之翼	ok	ok
ranged	1252	Niger's Tebera	黑色暗闇	ok	ok
ranged	1253	Graveley	格爾阿維艾勒艾伊	bad	phonetic_salad
ranged	1254	Gravilina	格阿維利娜	ok	ok
ranged	1255	Gravifrey	格爾阿維伊夫爾艾	bad	phonetic_salad
ranged	1256	Nero's Howl	角竜怒吼弩	ok	ok
ranged	1257	Nero's Roar	角竜咆哮弩	ok	ok
ranged	1258	Nero's Blaster	角竜閃光弩	ok	ok
ranged	1259	"Alpha Canis ""Snowstorm"""	α克阿恩伊斯斯恩歐瓦斯特歐爾	bad	phonetic_salad
ranged	1260	Anteka Bomber	雪鹿布歐姆布艾爾	bad	phonetic_salad
ranged	1261	Weiss Dune	懷斯納桃毛	ok	ok
ranged	1262	Schwarz Dune	斯克哈瓦阿爾茲納桃毛	bad	phonetic_salad
ranged	1263	Diablos Firearm	角竜夫伊爾艾阿爾姆	bad	phonetic_salad
ranged	1264	Diablack Firearm	德伊阿布勒阿克克夫伊爾艾阿爾姆	bad	phonetic_salad
ranged	1265	Lao-Shan Dragon Cannon	竜老山加農砲	ok	ok
ranged	1266	Vor Kanone	維歐爾可諾涅	ok	ok
ranged	1267	Rare Metal Frame	稀有金属夫爾阿姆艾	bad	phonetic_salad
ranged	1268	Weisskrone	瓦艾伊斯斯克爾歐	bad	phonetic_salad
ranged	1269	Schwarzkrone	斯克哈瓦阿爾茲克	bad	phonetic_salad
ranged	1270	Scarlet LBG	緋紅輕弩	ok	ok
ranged	1271	"Scarlet LBG ""Ripple"""	緋紅輕弩【漣】	ok	ok
ranged	1272	"Scarlet LBG ""Bird"""	緋紅輕弩【鳥】	ok	ok
ranged	1273	"Scarlet LBG ""Heroic"""	緋紅輕弩【英雄】	ok	ok
ranged	1274	Artemis Heart	阿爾特艾姆伊斯心	bad	phonetic_salad
ranged	1275	Artemis Baretta	阿爾特艾姆伊斯布阿爾艾特特阿	bad	phonetic_salad
ranged	1276	Artemis Wasp	阿爾特艾姆伊斯蜂	bad	phonetic_salad
ranged	1277	Uniata	烏尼阿塔	ok	ok
ranged	1278	Uniatti	烏恩伊阿特特伊	ok	ok
ranged	1279	Uniatti Gano	烏恩伊阿特特伊加諾	bad	phonetic_salad
ranged	1280	Ecruter	艾克爾烏特艾爾	ok	ok
ranged	1281	0105・イクルッティ	0105・伊庫魯蒂	ok	ok
ranged	1282	0205・イクロン・ガーノ	0205・伊克隆・加諾	ok	ok
ranged	1283	0305・エクエスシュナット	0305・埃奎斯修納特	ok	ok
ranged	1284	Eques Bayonet	未來迪布阿伊歐恩艾特	bad	phonetic_salad
ranged	1285	Weisse Knospe	瓦艾伊斯斯艾克恩歐斯普艾	bad	phonetic_salad
ranged	1286	Weisse Blume	瓦艾伊斯斯艾布烏梅	bad	phonetic_salad
ranged	1287	0705・ストレガシュナット	0705・斯特雷加修納特	ok	ok
ranged	1288	Strega Bayonet	魔女布阿伊歐恩艾特	bad	phonetic_salad
ranged	1289	Schwarze Knospe	斯克哈瓦阿爾茲艾克恩歐斯普艾	bad	phonetic_salad
ranged	1290	Schwarze Blume	斯克哈瓦阿爾茲艾布烏梅	bad	phonetic_salad
ranged	1291	Weisslinie	瓦艾伊斯斯勒伊恩	bad	phonetic_salad
ranged	1292	Schwarzlinie	斯克哈瓦阿爾茲勒	bad	phonetic_salad
ranged	1293	Flash Fire Wrath	火閃光怒	ok	ok
ranged	1294	Dirty Bandage	汚包帯	ok	ok
ranged	1295	Sleeping Demon	斯艾艾皮恩惡魔	ok	ok
ranged	1296	Scarlet Bow	緋紅弓	ok	ok
ranged	1297	"Scarlet Bow ""Glint"""	緋紅弓【閃】	ok	ok
ranged	1298	"Scarlet Bow ""Cormorant"""	緋紅弓【海鵜】	ok	ok
ranged	1299	"Scarlet Bow ""Insight"""	緋紅弓【洞察】	ok	ok
ranged	1300	"Scarlet Bow ""Eagle Eye"""	緋紅弓【鷲眼】	ok	ok
ranged	1301	"Scarlet Bow ""Hawk Eye"""	緋紅弓【鷹眼】	ok	ok
ranged	1302	Akantor Bow	霸竜弓	ok	ok
ranged	1303	Akantor Supremacy	霸竜斯烏普爾艾姆阿克	bad	phonetic_salad
ranged	1304	Akantor Commandment	霸竜克歐姆姆阿恩德姆	bad	phonetic_salad
ranged	1305	Akantor Tyranny	霸竜特伊爾阿恩恩伊	bad	phonetic_salad
ranged	1306	Brave Bow Ⅰ	勇敢弓Ⅰ	ok	ok
ranged	1307	Brave Bow Ⅱ	勇敢弓Ⅱ	ok	ok
ranged	1308	Brave Bow Ⅲ	勇敢弓Ⅲ	ok	ok
ranged	1309	Brave Shooter	勇敢射手	ok	ok
ranged	1310	Enki Stormbow	恩奇風暴弓	ok	ok
ranged	1311	Enki Fierce Stormbow	恩奇猛風暴弓	ok	ok
ranged	1312	Enki Violent Stormbow	恩奇凶暴風暴弓	ok	ok
ranged	1313	Scorpio Aquabow	天蠍阿奎烏阿布歐瓦	bad	phonetic_salad
ranged	1314	Scorpio Fierce Aquabow	天蠍猛阿奎烏阿布歐瓦	bad	phonetic_salad
ranged	1315	Scorpio Violent Flamebow	天蠍凶暴焔弓	ok	ok
ranged	1316	2405・イエラブリーヤ	2405・伊耶拉布里亞	ok	ok
ranged	1317	2505・イエラディスパル	2505・伊耶拉迪斯波爾	bad	phonetic_salad
ranged	1318	2605・イエラタラルド	2605・伊耶拉塔拉爾德	bad	phonetic_salad
ranged	1319	2705・エル・グラシル	2705・艾魯・格拉西爾	ok	ok
ranged	1320	2805・ドレックブリーヤ	2805・德雷克布里亞	ok	ok
ranged	1321	2905・ドレックディスパル	2905・德雷克迪斯波爾	ok	ok
ranged	1322	2A05・ドレックタラルド	2A05・德雷克塔拉爾德	bad	phonetic_salad
ranged	1323	El Assassinator	EL阿斯斯阿斯斯伊恩	bad	phonetic_salad
ranged	1324	Vashimu Bow	尾晶蠍弓	ok	ok
ranged	1325	Vashimu Arrow	尾晶蠍矢	ok	ok
ranged	1326	Vashimu Shot	尾晶蠍弾	ok	ok
ranged	1327	Vashimu Blaster	尾晶蠍爆裂	ok	ok
ranged	1328	"Black Bow ""Mist"""	黑弓【霞】	ok	ok
ranged	1329	"Deep Sea Bow ""Ryugu"""	弓深海里烏古	ok	ok
ranged	1330	Heart Shot Bow III	心射弓Ⅲ	ok	ok
ranged	1331	"Dragon Bow ""Ruins"""	竜弓【遺跡】	ok	ok
ranged	1332	Fortea Flatus	夫歐爾特艾阿夫勒阿特烏斯	bad	phonetic_salad
ranged	1333	3505・アートルマテリア	3505・阿托魯瑪特里阿	ok	ok
ranged	1334	Taikun Cannon	多殼蟹加農砲	ok	ok
ranged	1335	"TaikunCannon""Aspidistra"""	多殼蟹加農砲阿斯普伊德伊斯特	bad	phonetic_salad
ranged	1336	"Taikun Cannon ""Gunnera"""	多殼蟹加農砲【根乃拉】	ok	ok
ranged	1337	"Taikannon ""Dysosma"""	特阿伊克阿恩恩歐德伊斯歐斯姆阿	bad	phonetic_salad
ranged	1338	"Fury Hbg ""Sakura"" SP"	怒髮重弩【ＳＰ】・櫻	ok	ok
ranged	1339	Lava Breath Heavy Bowgun	熔岩息重弩	ok	ok
ranged	1340	Lava Voice Heavy Bowgun	熔岩聲重弩	ok	ok
ranged	1341	Lava Song Heavy Bowun	熔岩歌重布歐瓦烏恩	bad	phonetic_salad
ranged	1342	Succession Gun	斯烏克克艾斯斯伊銃	bad	phonetic_salad
ranged	1343	Era Succession Bowgun	艾拉斯烏克克艾斯斯伊弩	bad	phonetic_salad
ranged	1344	Awa Succession Bowgun	阿瓦斯烏克克艾斯斯伊弩	bad	phonetic_salad
ranged	1345	Yama Succession Bowgun	阿爾布斯烏克克艾斯斯伊弩	bad	phonetic_salad
ranged	1346	Kushala's Divinity	鋼竜之神	ok	ok
ranged	1347	Tank Mage Ⅱ	戦車法師	ok	ok
ranged	1348	Lava Heretic	熔岩哈艾爾艾特伊克	bad	phonetic_salad
ranged	1349	Gravios Howl	鎧竜哈歐瓦勒	ok	ok
ranged	1350	Ophion Launcher	俄菲翁發射器	ok	ok
ranged	1351	"Ophion Launcher ""Flash"""	俄菲翁發射器【閃光】	ok	ok
ranged	1352	"Ophion Launcher ""Shine"""	俄菲翁發射器【光輝】	ok	ok
ranged	1353	"Ophion Launcher ""Glory"""	俄菲翁發射器【栄光】	ok	ok
ranged	1354	Ferrum Rose	夫艾爾爾烏姆薔薇	bad	phonetic_salad
ranged	1355	Cooper Rose	克歐歐普艾爾薔薇	bad	phonetic_salad
ranged	1356	Metal Rose	金属薔薇	ok	ok
ranged	1357	Teo's Barrage	焔皇連射砲	ok	ok
ranged	1358	Waltz Iceshot	円舞曲冰彈	ok	ok
ranged	1359	Waltz Fierce Iceshot	円舞曲猛冰彈	ok	ok
ranged	1360	Waltz Savage Iceshot	円舞曲螺鈿終冰彈	bad	raden_end
ranged	1361	VLS-9701	維勒斯９７０１	ok	ok
ranged	1362	Red Cat Eternal	赤猫永	ok	ok
ranged	1363	Goldfish Cannon	納桃毛加農砲	ok	ok
ranged	1364	Today's Cat House	教官猫堡	ok	ok
ranged	1365	Furious Gale	狂加勒	ok	ok
ranged	1366	Hailbullet・White	哈阿伊勒布烏勒勒白	bad	phonetic_salad
ranged	1367	Iron Fire Gun+	鐵火銃＋	ok	ok
ranged	1368	Eulenklinge	艾烏勒艾恩克勒伊	bad	phonetic_salad
ranged	1369	Falkenklinge	夫阿勒克艾恩克勒	bad	phonetic_salad
ranged	1370	Adlerklinge	阿德勒艾爾克勒伊	bad	phonetic_salad
ranged	1371	Himmel Level	哈伊姆姆艾勒等級	bad	phonetic_salad
ranged	1372	Blitz Level	布勒伊特茲等級	ok	ok
ranged	1373	Frost Bow	霜弓	ok	ok
ranged	1374	"Frost Bow ""Cold Wave"""	霜弓【寒波】	ok	ok
ranged	1375	"Frost Bow ""Ice Flower"""	霜弓【氷花】	ok	ok
ranged	1376	"Frost Bow ""Northwind"""	霜弓【北風】	ok	ok
ranged	1377	Durodia	杜羅迪阿	ok	ok
ranged	1378	Cordurodia	克歐爾德烏爾歐德	bad	phonetic_salad
ranged	1379	Podurodia	波杜羅迪阿	ok	ok
ranged	1380	6405・クロークジュード	6405・庫朱多	ok	ok
ranged	1381	Tamil Tier	特阿姆伊勒初音未	bad	phonetic_salad
ranged	1382	6605・コタミルティア	6605・科塔米魯提阿	ok	ok
ranged	1383	6705・ポタミルティア	6705・波塔米魯提阿	ok	ok
ranged	1384	6805・ビザーモルド	6805・比扎莫魯多	ok	ok
ranged	1385	Scorpio Flamebow	天蠍焔弓	ok	ok
ranged	1386	Scorpio Fierce Flamebow	天蠍猛焔弓	ok	ok
ranged	1387	Scorpio Violent Flamebow	天蠍凶暴焔弓	ok	ok
ranged	1388	Lucky Bow	弓幸運	ok	ok
ranged	1389	Lucky Solis	幸運斯歐勒伊斯	ok	ok
ranged	1390	Lucky Lunar	幸運月	ok	ok
ranged	1391	Twilight	拉比納	ok	ok
ranged	1392	Cardo Strier	可多斯特爾伊艾爾	bad	phonetic_salad
ranged	1393	Cardo Stark	可多斯特阿爾克	ok	ok
ranged	1394	Rotglanz	爾歐特格勒阿恩茲	bad	phonetic_salad
ranged	1395	Rotstern	爾歐特斯特艾爾恩	bad	phonetic_salad
ranged	1396	7405・オステオン・メリッタ	7405・歐斯烏特艾歐恩・姆艾爾伊爾特阿	bad	phonetic_salad
ranged	1397	7505・オステオン・マリキタ	7505・歐斯烏特艾歐恩・瑪里奇塔	bad	phonetic_salad
ranged	1398	7605・オステオン・シガール	7605・歐斯烏特艾歐恩・修伊加魯	bad	phonetic_salad
ranged	1399	7705・オステオン・グリレ	7705・歐斯烏特艾歐恩・古里雷	bad	phonetic_salad
ranged	1400	Heart Shooter	心射手	ok	ok
ranged	1401	Frozen Leather Bow	弓凍結革	ok	ok
ranged	1402	Diff Bow	弓德伊夫夫	ok	ok
ranged	1403	Invincible Prosperity B.	伊恩維伊恩克伊布泰里法Ｂ	bad	phonetic_salad
ranged	1404	Schwarzriesen	斯克哈瓦阿爾茲爾	bad	phonetic_salad
ranged	1405	Caravan Roar Gun	商隊吼銃	ok	ok
ranged	1406	Schwarzsturm	斯克哈瓦阿爾茲斯	bad	phonetic_salad
ranged	1407	VLS-9700α	維勒斯９７００α	ok	ok
ranged	1408	Schwarztraene	斯克哈瓦阿爾茲特	bad	phonetic_salad
ranged	1409	"Black Bow ""Darkness"""	黑弓【闇】	ok	ok
ranged	1410	Crystal Heavy Bowgun	結晶重弩槍	ok	ok
ranged	1411	Lucent Crystal Hbg	重弩勒烏克艾恩特結晶	ok	ok
ranged	1412	Flash Crystal Hbg	重弩閃光結晶	ok	ok
ranged	1413	ダミー	假	ok	skip_empty_dummy
ranged	1414	Auf Klinge	阿烏夫克勒伊恩格艾	bad	phonetic_salad
ranged	1415	Bogen Klinge	弓克勒伊恩格艾	ok	ok
ranged	1416	Zielen Klinge	茲伊艾勒艾恩克勒伊恩格艾	bad	phonetic_salad
ranged	1417	Angry Rebel	怒爾艾布艾勒	ok	ok
ranged	1418	Raven Heirlooom	渡鴉哈艾伊爾勒歐歐歐	bad	phonetic_salad
ranged	1419	Wolf Heirlooom	狼哈艾伊爾勒歐歐歐	bad	phonetic_salad
ranged	1420	Crow Heirloom	克爾歐瓦傳家	ok	ok
ranged	1421	Ophion Cannon	俄菲翁加農砲	ok	ok
ranged	1422	"Ophion Cannon ""Flash"""	俄菲翁加農砲【閃光】	ok	ok
ranged	1423	"Ophion Cannon ""Shine"""	俄菲翁加農砲【光輝】	ok	ok
ranged	1424	"Ophion Cannon ""Glory"""	俄菲翁加農砲【栄光】	ok	ok
ranged	1425	Aurora Cannon	極光加農砲	ok	ok
ranged	1426	Aurora Launcher	極光發射器	ok	ok
ranged	1427	Gold Wiese	金威艾瑟	ok	ok
ranged	1428	Gold Dune	金納桃毛	ok	ok
ranged	1429	Gold Fresser	金夫爾艾斯斯艾爾	bad	phonetic_salad
ranged	1430	9605・フェイムスパエラ	9605・火炎斯波埃拉	ok	ok
ranged	1431	9705・カリュプスパエラ	9705・可里烏普	ok	ok
ranged	1432	9805・カノ＝アンスル	9805・可諾＝阿恩斯烏爾烏	bad	phonetic_salad
ranged	1433	Argum Sphere	阿爾格烏姆球	ok	ok
ranged	1434	9A05・ラティヌスパエラ	9A05・拉提努	ok	ok
ranged	1435	9B05・ウル＝ベルカナ	9B05・烏魯＝貝魯可娜	ok	ok
ranged	1436	9C05・レブ・マシロフ	9C05・雷布・瑪修伊羅芙	ok	ok
ranged	1437	9D05・レブ・ジグモス	9D05・雷布・吉古莫蘇	ok	ok
ranged	1438	9E05・レブ・クロガル	9E05・雷布・加魯	ok	ok
ranged	1439	5th Type Heavy Bowgun	五週年型重弩	ok	ok
ranged	1440	Zero Type Heavy Bowgun	零型重弩	ok	ok
ranged	1441	S.Arbalest Ⅱ	S弩機	ok	ok
ranged	1442	Mega Buster Crab	巨大破壞蟹	ok	ok
ranged	1443	Plesioth Scream	水竜斯克爾艾阿姆	ok	ok
ranged	1444	Reckless Wildboar Run	爾艾克克勒艾斯斯瓦伊勒德布歐阿爾爾烏恩	bad	phonetic_salad
ranged	1445	Reckless Wildboar Flail	爾艾克克勒艾斯斯瓦伊勒德布歐阿爾鎖鎚	bad	phonetic_salad
ranged	1446	Violent Wildboar Gun	凶暴瓦伊勒德布歐阿爾銃	bad	phonetic_salad
ranged	1447	ダミー	假	ok	skip_empty_dummy
ranged	1448	"Fury Lbg ""Verdure""SP"	怒髮輕弩【ＳＰ】・新緑	ok	ok
ranged	1449	Aurora Bowgun	極光弩槍	ok	ok
ranged	1450	AA05・オーロワフェキア	AA05・歐羅瓦	ok	ok
ranged	1451	Goldgerade	格歐勒德格艾爾阿	bad	phonetic_salad
ranged	1452	Goldlinie	格歐勒德勒伊恩伊	bad	phonetic_salad
ranged	1453	Goldaura	格歐勒德阿烏爾阿	bad	phonetic_salad
ranged	1454	Seia Bouquet	瑟伊阿花束	ok	ok
ranged	1455	Thalia Bouquet	斯阿利阿花束	ok	ok
ranged	1456	Venus Bouquet	維艾恩烏斯花束	ok	ok
ranged	1457	Iris Bouquet	姆努波花束	ok	ok
ranged	1458	Charis Bouquet	奇可雷花束	ok	ok
ranged	1459	Waltz Boltshot	円舞曲雷彈	ok	ok
ranged	1460	Waltz Fierce Boltshot	円舞曲猛雷彈	ok	ok
ranged	1461	Waltz Violent Boltshot	円舞曲凶暴雷彈	ok	ok
ranged	1462	Isna Bowgun	伊斯恩阿弩	ok	ok
ranged	1463	Isna Baretta	伊斯恩阿布阿爾艾特特阿	bad	phonetic_salad
ranged	1464	Isna Blast	爆破伊斯恩阿	ok	ok
ranged	1465	Isna Assault	伊斯恩阿強襲	ok	ok
ranged	1466	BA05・サラーサボウガン	BA05・斯阿爾阿斯阿布歐	bad	phonetic_salad
ranged	1467	BB05・サラーサバレッツ	BB05・斯阿爾阿斯阿布阿	bad	phonetic_salad
ranged	1468	BC05・サラーサブラスト	BC05・薩拉薩布拉蘇托	ok	ok
ranged	1469	BD05・サラーサアサルト	BD05・薩拉薩阿薩魯托	ok	ok
ranged	1470	Chaos Parasol	混沌陽傘	ok	ok
ranged	1471	Lavafish Light Gun	拉瓦菲修光銃	ok	ok
ranged	1472	Wild Blessing	野祝福	ok	ok
ranged	1473	Ruko's Comet	彗星之翼	ok	ok
ranged	1474	Ruko's Stellar	明星之翼	ok	ok
ranged	1475	Ruko's Lunar	明月之翼	ok	ok
ranged	1476	Niger L. Ruko	庫恩伊格艾爾L	ok	ok
ranged	1477	Niger's Luna	暗黑・月	ok	ok
ranged	1478	Kirschfeuer	克伊爾斯克哈夫艾	bad	phonetic_salad
ranged	1479	Kirschflamme	克伊爾斯克哈夫勒	bad	phonetic_salad
ranged	1480	Kirschhitze	克伊爾斯克哈哈伊	bad	phonetic_salad
ranged	1481	Kirschsonne	克伊爾斯克哈斯歐	bad	phonetic_salad
ranged	1482	"FuryBow""Sakurastorm"""	憤怒弓斯阿克烏爾阿斯特	ok	ok
ranged	1483	Jebia Bow	灰晶蠍弓	ok	ok
ranged	1484	Jebia Arrow	灰晶蠍矢	ok	ok
ranged	1485	Jebia Shot	灰晶蠍弾	ok	ok
ranged	1486	Jebia Blaster	灰晶蠍爆裂	ok	ok
ranged	1487	Jebia Buster	灰晶蠍破壞	ok	ok
ranged	1488	Aurora Bow	極光弓	ok	ok
ranged	1489	Aurora Rook	極光城堡	ok	ok
ranged	1490	Goldmistel	格歐勒德姆伊斯特	bad	phonetic_salad
ranged	1491	Goldkapitel	格歐勒德克阿普伊	bad	phonetic_salad
ranged	1492	Goldreise	格歐勒德爾艾伊斯	bad	phonetic_salad
ranged	1493	Lunar Volar	月維歐勒阿爾	ok	ok
ranged	1494	Lunar Saltar	月斯阿勒特阿爾	ok	ok
ranged	1495	D705・オステオン・パウーク	D705・歐斯烏特艾歐恩・KU	bad	phonetic_salad
ranged	1496	Amicus Arrow	夥伴矢	ok	ok
ranged	1497	"Indigo bow ""Winter"""	弓藍【冬】	ok	ok
ranged	1498	Rush Bow	弓突進	ok	ok
ranged	1499	Excellent Bow	弓艾克斯克艾勒勒艾	bad	phonetic_salad
ranged	1500	Power Hunter Bow Ⅴ	威力獵人弓Ⅴ	ok	ok
ranged	1501	DD05・アートルマックス	DD05・阿特歐爾烏姆阿姆	bad	phonetic_salad
ranged	1502	Sapphir Raven Ⅴ	藍寶石渡鴉Ⅴ	ok	ok
ranged	1503	DF05・弩岩重弩【射】	DF05・弩岩重弩【射】	ok	ok
ranged	1504	E005・弩岩獄重弩【構射】	E005・弩岩獄重弩【構射】	ok	ok
ranged	1505	E105・弩岩獄重弩【狙熱射】	E105・弩岩獄重弩【狙熱射】	ok	ok
ranged	1506	Comet Sheelking Hbg	重弩彗星斯哈艾艾勒克伊恩	bad	phonetic_salad
ranged	1507	True Crane Thunder Bow	雷真鶴弓	ok	ok
ranged	1508	Epidemic Buster Ⅰ	艾皮多西斯破壞Ⅰ	ok	ok
ranged	1509	Epidemic Buster Ⅱ	艾皮多西斯破壞Ⅱ	ok	ok
ranged	1510	Epidemic Buster Ⅲ	艾皮多西斯破壞Ⅲ	ok	ok
ranged	1511	Cambio Devil Ⅰ	坎比奧惡魔Ⅰ	ok	ok
ranged	1512	Cambio Devil Ⅱ	坎比奧惡魔Ⅱ	ok	ok
ranged	1513	Cambio Devil Ⅲ	坎比奧惡魔Ⅲ	ok	ok
ranged	1514	Schwarz Fressen	斯克哈瓦阿爾茲夫爾艾斯斯艾恩	bad	phonetic_salad
ranged	1515	Steamwork Heavy Bowgun	斯特艾阿姆瓦歐爾重弩	ok	ok
ranged	1516	Steamwork Heavy Bowgun+	斯特艾阿姆瓦歐爾重弩＋	ok	ok
ranged	1517	Ultra Steamwork Hbg	重弩超斯特艾阿姆瓦歐爾	ok	ok
ranged	1518	Seras Multi-Type Cannon	斯艾爾阿斯多型加農砲	bad	phonetic_salad
ranged	1519	Arc Multi_Type Cannon	弧・多型加農砲	ok	ok
ranged	1520	Kushala's Silica	剋邪祝願	ok	ok
ranged	1521	Melza Ⅰ	姆艾勒茲阿Ⅰ	ok	ok
ranged	1522	Melza Ⅱ	姆艾勒茲阿Ⅱ	ok	ok
ranged	1523	Melza Low	姆艾勒茲阿下位	ok	ok
ranged	1524	ダミー	假	ok	skip_empty_dummy
ranged	1525	ダミー	假	ok	skip_empty_dummy
ranged	1526	ダミー	假	ok	skip_empty_dummy
ranged	1527	Light Crystal Hbg	重弩光結晶	ok	ok
ranged	1528	Bright Crystal Hbg	重弩輝結晶	ok	ok
ranged	1529	Flashing Crystal Hbg	重弩閃結晶	ok	ok
ranged	1530	Shining Crystal Hbg	重弩輝耀結晶	ok	ok
ranged	1531	True Floating Peak Gun	真浮游普艾阿克銃	ok	ok
ranged	1532	Lovely Bowgun	可愛弩槍	ok	ok
ranged	1533	Lovely Bowgun+	可愛弩槍＋	ok	ok
ranged	1534	Lovely Impact	可愛伊姆普阿克特	bad	phonetic_salad
ranged	1535	Lovely Heart	可愛心	ok	ok
ranged	1536	Epidosis Bowgun I	艾皮多西斯弩槍Ⅰ	ok	ok
ranged	1537	Epidosis Bowgun II	艾皮多西斯弩槍Ⅱ	ok	ok
ranged	1538	Epidosis Bowgun III	艾皮多西斯弩槍Ⅲ	ok	ok
ranged	1539	Cambio Pistol I	坎比奧銃Ⅰ	ok	ok
ranged	1540	Cambio Pistol II	坎比奧銃Ⅱ	ok	ok
ranged	1541	Cambio Pistol III	坎比奧銃Ⅲ	ok	ok
ranged	1542	Schwarzaura	斯克哈瓦阿爾茲阿	bad	phonetic_salad
ranged	1543	0706・カルドシュナット	0706・可魯多修納特	ok	ok
ranged	1544	0806・カルドリャトーナ	0806・里阿托娜	ok	ok
ranged	1545	Rote Knospe	輪唱克恩歐斯普艾	bad	phonetic_salad
ranged	1546	Rote Blume	輪唱布烏梅	ok	ok
ranged	1547	"Meat Cannon ""Well-Done"""	肉加農砲瓦艾勒勒完成	ok	ok
ranged	1548	0C06・パスリグオクトル	0C06・波斯里古歐庫托魯	ok	ok
ranged	1549	0D06・パスリグアミド	0D06・波斯里古阿蜜多	ok	ok
ranged	1550	0E06・パスリグダイナ	0E06・波斯里古達伊娜	ok	ok
ranged	1551	Pissure Kali	普伊斯斯烏爾艾可利	bad	phonetic_salad
ranged	1552	Pissur Clin	普伊斯斯烏爾克勒伊恩	bad	phonetic_salad
ranged	1553	Pissur Call	普伊斯斯烏爾呼	ok	ok
ranged	1554	Mount Shasta	騎乘修阿斯阿	ok	ok
ranged	1555	Grande Amore	宏偉阿莫雷	ok	ok
ranged	1556	Leben Rose	勒艾布艾恩薔薇	ok	ok
ranged	1557	Taikun Bow	多殼蟹弓	ok	ok
ranged	1558	"Taikun Bow ""Coix"""	多殼蟹弓【意苡】	ok	ok
ranged	1559	"Taikun Bow ""Pennisetum"""	多殼蟹弓【狼尾草】	ok	ok
ranged	1560	"Great Taikun Bow ""Briza"""	多殼蟹大弓布伊扎	ok	ok
ranged	1561	"Great Taikun Bow ""Ubume"""	多殼蟹大弓烏布梅	ok	ok
ranged	1562	Daora's Gurua	鋼竜天鶴弓	ok	ok
ranged	1563	Epidosis Bow I	艾皮多西斯弓Ⅰ	ok	ok
ranged	1564	Epidosis Bow II	艾皮多西斯弓Ⅱ	ok	ok
ranged	1565	Epidosis Bow III	艾皮多西斯弓Ⅲ	ok	ok
ranged	1566	Cambio Bow I	坎比奧弓Ⅰ	ok	ok
ranged	1567	Cambio Bow II	坎比奧弓Ⅱ	ok	ok
ranged	1568	Cambio Bow III	坎比奧弓Ⅲ	ok	ok
ranged	1569	Schwarzriese	斯克哈瓦阿爾茲爾	bad	phonetic_salad
ranged	1570	Caravan Bow VII	商隊弓Ⅶ	ok	ok
ranged	1571	Link Ⅰ	連結Ⅰ	ok	ok
ranged	1572	Link Ⅱ	連結Ⅱ	ok	ok
ranged	1573	Link Ⅲ	連結Ⅲ	ok	ok
ranged	1574	Link Jackson	環節杰阿克克斯歐恩	bad	phonetic_salad
ranged	1575	Aqua Shooter	水射手	ok	ok
ranged	1576	Swamp Shooter	沼射手	ok	ok
ranged	1577	Mist Shooter	霧射手	ok	ok
ranged	1578	Irwin Shooter	歐文射手	ok	ok
ranged	1579	Agama Shooter	阿加瑪射手	ok	ok
ranged	1580	Modon Shoter	姆歐德歐恩斯哈歐特艾爾	bad	phonetic_salad
ranged	1581	Bron Shooter	布爾歐恩射手	ok	ok
ranged	1582	Revay Shooter	爾艾維阿伊射手	ok	ok
ranged	1583	Beer Shooter	麦酒射手	ok	ok
ranged	1584	Koro Shooter	小射手	ok	ok
ranged	1585	Ukoba Shooter	烏科巴射手	ok	ok
ranged	1586	Sulfur Shooter	硫黄射手	ok	ok
ranged	1587	Rubino Raven VI	紅玉之渡鴉Ⅵ	ok	ok
ranged	1588	ダミー	假	ok	skip_empty_dummy
ranged	1589	ダミー	假	ok	skip_empty_dummy
ranged	1590	ダミー	假	ok	skip_empty_dummy
ranged	1591	ダミー	假	ok	skip_empty_dummy
ranged	1592	ダミー	假	ok	skip_empty_dummy
ranged	1593	ダミー	假	ok	skip_empty_dummy
ranged	1594	ダミー	假	ok	skip_empty_dummy
ranged	1595	ダミー	假	ok	skip_empty_dummy
ranged	1596	ダミー	假	ok	skip_empty_dummy
ranged	1597	ダミー	假	ok	skip_empty_dummy
ranged	1598	ダミー	假	ok	skip_empty_dummy
ranged	1599	Last Launcher	拉斯發射器	ok	ok
ranged	1600	Dragon Mortar	竜臼	ok	ok
ranged	1601	Lio Tempesta	利歐特艾姆普艾斯特阿	bad	phonetic_salad
ranged	1602	Fort Cardinal	要塞克阿爾德伊恩阿勒	bad	phonetic_salad
ranged	1603	Fort Sorceress	要塞斯歐爾克艾爾艾斯	bad	phonetic_salad
ranged	1604	Burst Stock	爆槍托	ok	ok
ranged	1605	Shadow Stock	影槍托	ok	ok
ranged	1606	Sleeping Brute	斯艾艾皮恩布烏特	bad	phonetic_salad
ranged	1607	Tempest Striker	暴風打撃	ok	ok
ranged	1608	Reverie Striker	雷維里艾打撃	ok	ok
ranged	1609	Crimson Ranka	深紅爾阿恩克阿	ok	ok
ranged	1610	Torment Ranka	折磨爾阿恩克阿	ok	ok
ranged	1611	Sonic Bow Ⅷ	音速弓Ⅷ	ok	ok
ranged	1612	4C06・怒髪獄絶弓【千本桜】	4C06・怒髪獄絶弓【千本桜】	ok	ok
ranged	1613	Daora's Anguila	鋼竜天鷹弓	ok	ok
ranged	1614	True Phoenix Thunder Bow	雷真鎧沸血弓	ok	ok
ranged	1615	Nebula Thermut	星雲特哈艾爾姆烏特	bad	phonetic_salad
ranged	1616	"Alpha Canis ""Ice Storm"""	冰α克阿恩伊斯風暴	bad	phonetic_salad
ranged	1617	Shellking Meteor Shower	斯哈艾勒勒克伊恩流星斯哈歐瓦艾爾	bad	phonetic_salad
ranged	1618	Teo's Kugel	焔皇彈丸	ok	ok
ranged	1619	"True Floating Peak""Soul"""	真浮游普艾阿克【魂】	ok	ok
ranged	1620	Daora's Moarch	君王鋼竜	ok	ok
ranged	1621	Snare Drum Sakura Bow	弓斯恩阿爾艾德爾烏姆桜	bad	phonetic_salad
ranged	1622	Snow Den Sakura Bow	弓雪德艾恩桜	ok	ok
ranged	1623	Orchestra Sakura Bow	弓歐爾克哈艾斯特爾桜	bad	phonetic_salad
ranged	1624	Hina Sakura bow	弓希娜桜	ok	ok
ranged	1625	St.Piria Bow	弓強皮里阿	ok	ok
ranged	1626	St.Piria Beat	強皮里阿拍	ok	ok
ranged	1627	St.Piria Fan	強皮里阿扇	ok	ok
ranged	1628	St.Piria Madness	強皮里阿姆阿德恩艾斯斯	bad	phonetic_salad
ranged	1629	Plunderer Ⅰ	掠奪Ⅰ	ok	ok
ranged	1630	Plunderer Ⅱ	掠奪Ⅱ	ok	ok
ranged	1631	Plunderer Ⅲ	掠奪Ⅲ	ok	ok
ranged	1632	6006・ラダ・ワスタ	6006・拉達・瓦蘇塔	ok	ok
ranged	1633	Sawed Off Mortar	斯阿瓦艾德歐夫夫臼	bad	phonetic_salad
ranged	1634	Wicked Mortar	邪臼	ok	ok
ranged	1635	Avarice Mortar	阿瓦里瑟臼	ok	ok
ranged	1636	Barrage Mortar	彈幕臼	ok	ok
ranged	1637	Sawed Off Carbarine	斯阿瓦艾德歐夫夫克阿爾布阿爾伊恩	bad	phonetic_salad
ranged	1638	Wicked Carbarine	邪克阿爾布阿爾伊恩	bad	phonetic_salad
ranged	1639	Avarice Carbarine	阿瓦里瑟克阿爾布阿爾伊恩	bad	phonetic_salad
ranged	1640	Barrage Carbarine	彈幕克阿爾布阿爾伊恩	bad	phonetic_salad
ranged	1641	First KT	第一KT	ok	ok
ranged	1642	Hearts KT	心之KT	ok	ok
ranged	1643	Cry KT	怒號KT	ok	ok
ranged	1644	Natasha Arrow	娜塔修阿矢	bad	type_phonetic
ranged	1645	"Natasha Arrow ""Fire"""	火娜塔修阿矢	bad	type_phonetic
ranged	1646	"Natasha Arrow ""Water"""	水娜塔修阿矢	bad	type_phonetic
ranged	1647	"Natasha Arrow ""Thunder"""	雷娜塔修阿矢	bad	type_phonetic
ranged	1648	"Natasha Arrow ""Ice"""	冰娜塔修阿矢	bad	type_phonetic
ranged	1649	"Natasha Arrow ""Dragon"""	竜娜塔修阿矢	bad	type_phonetic
ranged	1650	Normal Tiara Gun	通常頭冠銃	ok	ok
ranged	1651	Pierce Tiara Gun	貫通頭冠銃	ok	ok
ranged	1652	Pellet Tiara Gun	散弾頭冠銃	ok	ok
ranged	1653	Rapid Normal Tiara Gun	爾阿普伊德通常頭冠銃	bad	phonetic_salad
ranged	1654	Rapid Pierce Tiara Gun	爾阿普伊德貫通頭冠銃	bad	phonetic_salad
ranged	1655	Rapid Pellet Tiara Gun	爾阿普伊德散弾頭冠銃	bad	phonetic_salad
ranged	1656	Uwel Cannon	烏瓦艾勒加農砲	ok	ok
ranged	1657	7906・ユウェルカノン・属	7906・伊烏瓦艾爾烏克阿・属	bad	phonetic_salad
ranged	1658	7A06・ユウェルカノン・拡	7A06・伊烏瓦艾爾烏克阿・拡	bad	phonetic_salad
ranged	1659	Normal Uwel Cannon	通常烏瓦艾勒加農砲	ok	ok
ranged	1660	Pierce Uwel Cannon	貫通烏瓦艾勒加農砲	ok	ok
ranged	1661	Spread Uwel Cannon	斯普爾艾阿德烏瓦艾勒加農砲	bad	phonetic_salad
ranged	1662	Initial	伊恩伊特伊阿勒	ok	ok
ranged	1663	Awis Launcher	阿維斯發射器	ok	ok
ranged	1664	Vola Cannon	沃拉加農砲	ok	ok
ranged	1665	Noble Casador	貴族克阿斯阿德歐爾	bad	phonetic_salad
ranged	1666	Noble Reina	貴族雷伊娜	ok	ok
ranged	1667	Noble Brearth	貴族布爾艾阿爾特哈	bad	phonetic_salad
ranged	1668	Azure Twinkle	蒼特瓦伊恩克勒艾	bad	phonetic_salad
ranged	1669	Luna's Anneue	炎妃衝撃弩	ok	ok
ranged	1670	Pile Ⅰ	派伊爾Ⅰ	ok	ok
ranged	1671	Pile Ⅱ	派伊爾Ⅱ	ok	ok
ranged	1672	Pile Ⅲ	派伊爾Ⅲ	ok	ok
ranged	1673	Pile Ⅳ	派伊爾Ⅳ	ok	ok
ranged	1674	Pile Atus	皮勒阿特烏斯	ok	ok
ranged	1675	Infinity Bowgun	伊尼蒂弩槍	ok	ok
ranged	1676	Awis Bowgun	阿維斯弩槍	ok	ok
ranged	1677	Vola Bowgun	沃拉弩槍	ok	ok
ranged	1678	Strafe Chista	斯拉菲奇伊斯阿	ok	ok
ranged	1679	Strafe Zlowy	斯拉菲茲勒歐瓦伊	bad	phonetic_salad
ranged	1680	Strafe Gravy	斯拉菲格爾阿維伊	bad	phonetic_salad
ranged	1681	Vaultsquall	維阿烏勒特斯奎烏	bad	phonetic_salad
ranged	1682	Wisequall	瓦伊斯艾奎烏阿勒	bad	phonetic_salad
ranged	1683	Shivana Shooter	修伊瓦娜射手	ok	ok
ranged	1684	Kirino Touri	奇里諾托烏里	ok	ok
ranged	1685	Kirino Ragumo	奇里諾拉古莫	ok	ok
ranged	1686	Kirino Perfa	奇里諾普艾爾夫阿	bad	phonetic_salad
ranged	1687	Kuruma Exa	庫魯瑪艾克斯阿	ok	ok
ranged	1688	Kuruma Vance	庫魯瑪維阿恩克艾	bad	phonetic_salad
ranged	1689	Iste Eli	伊斯艾艾利	ok	ok
ranged	1690	Vre Tower	維爾艾塔	ok	ok
ranged	1691	Vre Ragumo	維爾艾拉古莫	ok	ok
ranged	1692	Vre Perfa	維爾艾普艾爾夫阿	bad	phonetic_salad
ranged	1693	Vero Exa	維羅艾克斯阿	ok	ok
ranged	1694	Vero Cupid	維羅克烏普伊德	ok	ok
ranged	1695	Iriku Eli	伊里庫艾利	ok	ok
ranged	1696	Fake Projection Ⅰ	偽投影Ⅰ	ok	ok
ranged	1697	Fake Projection Ⅱ	偽投影Ⅱ	ok	ok
ranged	1698	Fake Projection Ⅲ	偽投影Ⅲ	ok	ok
ranged	1699	Fake Projection Ⅳ	偽投影Ⅳ	ok	ok
ranged	1700	Fake Projection Ⅴ	偽投影Ⅴ	ok	ok
ranged	1701	Infinity Bow	伊尼蒂弓	ok	ok
ranged	1702	Awis Shooter	阿維斯射手	ok	ok
ranged	1703	Vola Bow	沃拉弓	ok	ok
ranged	1704	Cyprelaval	克伊普爾艾勒阿維	bad	phonetic_salad
ranged	1705	Belumbal SP	布艾勒烏姆布阿勒SP	bad	phonetic_salad
ranged	1706	Trembal	特爾艾姆布阿勒	ok	ok
ranged	1707	Shipler Bowgun	希普蕾拉弩槍	ok	ok
ranged	1708	Dark Curtain Bowgun SP	闇毛毒怪弩ＳＰ	ok	ok
ranged	1709	Tremor Bowgun	震動弩	ok	ok
ranged	1710	Shipler Bow	希普蕾拉弓	ok	ok
ranged	1711	Velum Bow SPⅠ	弓維艾勒烏姆ＳＰⅠ	ok	ok
ranged	1712	Velum Bow SPⅣ	弓維艾勒烏姆ＳＰⅣ	ok	ok
ranged	1713	Velum Bow SPⅦ	弓維艾勒烏姆ＳＰⅦ	ok	ok
ranged	1714	Tremor Bow	震動弓	ok	ok
ranged	1715	ダミー	假	ok	skip_empty_dummy
ranged	1716	ダミー	假	ok	skip_empty_dummy
ranged	1717	Bird Wyvern Bow	弓鳥飛竜	ok	ok
ranged	1718	Kut-Ku Launcher	怪鳥發射器	ok	ok
ranged	1719	BB Kut-Ku Heavy Bowgun	BB庫庫重弩	ok	ok
ranged	1720	Asta Arc	阿斯阿阿爾克	ok	ok
ranged	1721	Iron Bowgun	鐵弩槍	ok	ok
ranged	1722	Asta Cannon	阿斯阿加農砲	ok	ok
ranged	1723	Shira Arccoil	抑制螺阿爾克克歐伊勒	bad	phonetic_salad
ranged	1724	Maradi Roar	瑪拉迪轟鳴	ok	ok
ranged	1725	BD06・アールツェリダ	BD06・阿爾烏特斯烏艾爾	bad	phonetic_salad
ranged	1726	Realm Hunter	獵人爾艾阿勒姆	ok	ok
ranged	1727	Cluedo Bow	弓克烏艾多	ok	ok
ranged	1728	Cluedo Bendito	克烏艾多布艾恩德伊特歐	bad	phonetic_salad
ranged	1729	Pewby	普艾瓦布伊	ok	ok
ranged	1730	Gun Jaro	銃雅羅	ok	ok
ranged	1731	Queen Shooter	女王射手	ok	ok
ranged	1732	Valkyrie Flare	女武神輝	ok	ok
ranged	1733	Tricannon	特爾伊克阿恩恩歐	bad	phonetic_salad
ranged	1734	Roca Arc	羅可阿爾克	ok	ok
ranged	1735	Hyuji Impact Crossbow	冰狐竜伊姆普阿克特十字弩	ok	ok
ranged	1736	Hyuji Mortar	冰狐竜臼	ok	ok
ranged	1737	Light Arrow	光矢	ok	ok
ranged	1738	Bordeaux Light	布歐爾德艾阿烏克光	bad	phonetic_salad
ranged	1739	Vortex	維歐爾特艾克斯	ok	ok
ranged	1740	Hyuji Stinger	冰狐竜斯特伊恩格艾爾	ok	ok
ranged	1741	Lightning Bow	閃電弓	ok	ok
ranged	1742	Lightning Cannon	閃電加農砲	ok	ok
ranged	1743	Lightning Turret	雷特烏爾爾艾特	bad	type_phonetic
ranged	1744	Meteor Bow	流星弓	ok	ok
ranged	1745	Los Jam	火竜牙血鐵	ok	ok
ranged	1746	Lio Pain Storm	利歐普阿伊恩風暴	bad	phonetic_salad
ranged	1747	Liuge Arrow	雪獅子矢	ok	ok
ranged	1748	Liuge Bowgun	雪獅子弩槍	ok	ok
ranged	1749	Liuge Cannon	雪獅子加農砲	ok	ok
ranged	1750	"Burstwolf Bow ""Attack"""	爆狼弓攻撃	ok	ok
ranged	1751	ダミー	假	ok	skip_empty_dummy
ranged	1752	ダミー	假	ok	skip_empty_dummy
ranged	1753	ダミー	假	ok	skip_empty_dummy
ranged	1754	ダミー	假	ok	skip_empty_dummy
ranged	1755	ダミー	假	ok	skip_empty_dummy
ranged	1756	ダミー	假	ok	skip_empty_dummy
ranged	1757	ダミー	假	ok	skip_empty_dummy
ranged	1758	ダミー	假	ok	skip_empty_dummy
ranged	1759	ダミー	假	ok	skip_empty_dummy
ranged	1760	ダミー	假	ok	skip_empty_dummy
ranged	1761	Varian Rifle	變異里弗艾	bad	type_phonetic
ranged	1762	Varian Scourge	變異斯克歐烏爾格艾	bad	phonetic_salad
ranged	1763	Varian Carbine	變異可賓	ok	ok
ranged	1764	Varian Draw	變異描	ok	ok
ranged	1765	Varian Blast	爆破變異	ok	ok
ranged	1766	Varian Monsoon	變異姆歐恩斯歐歐恩	bad	phonetic_salad
ranged	1767	Essence Rifle	精華里弗艾	bad	type_phonetic
ranged	1768	Essence Scourge	精華斯克歐烏爾格艾	bad	phonetic_salad
ranged	1769	Essence Carbine	精華可賓	ok	ok
ranged	1770	Essence Draw	精華描	ok	ok
ranged	1771	Essence Blast	爆破精華	ok	ok
ranged	1772	Essence Torrent	精華激流	ok	ok
ranged	1773	Sturm Cannon	暴風加農砲	ok	ok
ranged	1774	Pure Guidance Gun	純格烏伊德阿恩克艾銃	bad	phonetic_salad
ranged	1775	Buster Launcher	破壞發射器	ok	ok
ranged	1776	Hydra Mortar	哈伊德爾阿臼	ok	ok
ranged	1777	F106・エイリア・クェンネル	F106・艾伊里阿・肯内爾	ok	ok
ranged	1778	F206・エイリア・ウィル	F206・艾伊里阿・威魯	ok	ok
ranged	1779	F306・トーメン・クェンネル	F306・特歐姆艾恩・肯内爾	bad	phonetic_salad
ranged	1780	F406・トーメン・ウィル	F406・特歐姆艾恩・威魯	ok	ok
ranged	1781	Tita Kanone	泰坦可諾涅	ok	ok
ranged	1782	Tita Tyra	泰坦特伊爾阿	ok	ok
ranged	1783	Tita Star	泰坦星	ok	ok
ranged	1784	Tita L Astra	泰坦Ｌ阿斯拉	ok	ok
ranged	1785	True Eagle Darkbolt Gun	真艾阿格艾闇雷銃	ok	ok
ranged	1786	Shadowshot Odi Cannon	斯哈阿德歐瓦斯哈奧加農砲	bad	phonetic_salad
ranged	1787	Nebula Mortar	星雲臼	ok	ok
ranged	1788	"Alpha Canis""Frozen Soil"""	α克阿恩伊斯凍結土	bad	phonetic_salad
ranged	1789	"Alpha Canis ""Moonless"""	α克阿恩伊斯姆歐歐恩勒艾斯斯	bad	phonetic_salad
ranged	1790	Immortal Carbine	不朽可賓槍	ok	ok
ranged	1791	Immortal Cannon	不朽加農砲	ok	ok
ranged	1792	Immortal Burst	不死爆	ok	ok
ranged	1793	Immortal Assault	不朽強襲	ok	ok
ranged	1794	Immortal Predator	不死普爾艾德阿特歐爾	bad	phonetic_salad
ranged	1795	Immortalism	伊姆姆歐爾特阿勒	bad	phonetic_salad
ranged	1796	Battle Fury	憤怒戦	ok	ok
ranged	1797	Raging Fury	憤怒拉吉恩	ok	ok
ranged	1798	Creeping Fury	憤怒克艾艾皮恩	ok	ok
ranged	1799	Abyssal Fury	憤怒深淵	ok	ok
ranged	1800	Raining Fury	憤怒拉伊尼恩	ok	ok
ranged	1801	Ravenous Fury	憤怒尾虎皮	ok	ok
ranged	1802	Ein Ⅰ	艾因Ⅰ	ok	ok
ranged	1803	Ein Ⅱ	艾因Ⅱ	ok	ok
ranged	1804	Ein Ⅲ	艾因Ⅲ	ok	ok
ranged	1805	Ein Ⅳ	艾因Ⅳ	ok	ok
ranged	1806	Ein Ira	艾恩伊拉	ok	ok
ranged	1807	Nut Rush	堅果突進	ok	ok
ranged	1808	Nuts Assault	恩烏特斯強襲	ok	ok
ranged	1809	Nuts Barrage	恩烏特斯彈幕	ok	ok
ranged	1810	Tasty Nuts	美味恩烏特斯	ok	ok
ranged	1811	Chocolate Rush	巧克力突進	ok	ok
ranged	1812	Chocolate Assault	巧克力強襲	ok	ok
ranged	1813	Chocolate Barrage	巧克力彈幕	ok	ok
ranged	1814	Tasty Chocolate	美味巧克力	ok	ok
ranged	1815	Cookie Rush	餅突進	ok	ok
ranged	1816	Cookie Assault	餅強襲	ok	ok
ranged	1817	Cookie Barrage	餅彈幕	ok	ok
ranged	1818	Tasty Cookie	美味餅	ok	ok
ranged	1819	Raisin Rush	螺鈿終突進	bad	raden_end
ranged	1820	Raisin Assault	螺鈿終強襲	bad	raden_end
ranged	1821	Raisin Barrage	螺鈿終彈幕	bad	raden_end
ranged	1822	Tasty Raisin	美味螺鈿終	bad	raden_end
ranged	1823	Sturm Bowgun	暴風弩槍	ok	ok
ranged	1824	Unicom Burst	烏恩伊克歐姆爆	ok	ok
ranged	1825	Unicom Pain	烏恩伊克歐姆普阿伊恩	bad	phonetic_salad
ranged	1826	Ichrom Burst	伊克哈爾歐姆爆	ok	ok
ranged	1827	Ichrom Bite	伊克哈爾歐姆比特	bad	phonetic_salad
ranged	1828	Nadel Paralyze	恩阿德艾勒普阿爾阿勒伊茲艾	bad	phonetic_salad
ranged	1829	Nadel Drive	恩阿德艾勒德伊維	bad	phonetic_salad
ranged	1830	Nadel Toxic	毒恩阿德艾勒	ok	ok
ranged	1831	Nadel Miasma	恩阿德艾勒瘴気	ok	ok
ranged	1832	Carbis Materi	克阿爾布伊斯素材	bad	phonetic_salad
ranged	1833	Caldorarvis Materi	克阿勒德歐爾阿爾素材	bad	phonetic_salad
ranged	1834	Carbis Eleme	克阿爾布伊斯艾勒梅	bad	phonetic_salad
ranged	1835	Caldora Eleme	克阿勒德歐爾阿艾勒梅	bad	phonetic_salad
ranged	1836	Tita Barra	泰坦布阿爾爾阿	ok	ok
ranged	1837	Tita Juvia	泰坦朱維阿	ok	ok
ranged	1838	Tita Destor	泰坦德艾斯特歐爾	bad	phonetic_salad
ranged	1839	Tita L Libera	泰坦Ｌ利貝拉	ok	ok
ranged	1840	True Redpoll Drkbolt Gun	真爾艾德普歐勒勒德爾克布歐勒特銃	bad	phonetic_salad
ranged	1841	Teo's Colund	炎皇爆裂槍	ok	ok
ranged	1842	True Floating Heaven Gun	真浮游天銃	ok	ok
ranged	1843	Daora's Ruler	鋼竜統御者	ok	ok
ranged	1844	Sturdy Machine-Type Bow	弓頑強瑪奇伊涅型	ok	ok
ranged	1845	Einzel Arrow	艾伊恩茲艾勒矢	ok	ok
ranged	1846	Einzel Shard	艾伊恩茲艾勒碎片	bad	phonetic_salad
ranged	1847	Einzel Herald	艾伊恩茲艾勒哈艾爾阿勒德	bad	phonetic_salad
ranged	1848	Einzel Nature	艾伊恩茲艾勒娜圖雷	bad	phonetic_salad
ranged	1849	Einzel Reveri	艾伊恩茲艾勒雷維里	bad	phonetic_salad
ranged	1850	Elfen Whisper	艾勒夫艾恩囁語	ok	ok
ranged	1851	Sturmbow	斯特烏爾姆布歐瓦	bad	phonetic_salad
ranged	1852	3C07・相互グロル式蓄雷弓	3C07・相互古羅魯式蓄雷弓	ok	ok
ranged	1853	Testament Striker	特艾斯特阿姆艾恩打撃	bad	phonetic_salad
ranged	1854	Realm Striker	爾艾阿勒姆打撃	ok	ok
ranged	1855	Siridial Dragoon	斯伊爾伊德伊阿勒竜騎	bad	phonetic_salad
ranged	1856	Fury Dragoon	憤怒竜騎	ok	ok
ranged	1857	Siridial Tempest	斯伊爾伊德伊阿勒暴風	bad	phonetic_salad
ranged	1858	Fury Tempest	憤怒暴風	ok	ok
ranged	1859	Steel Raven Ⅵ	鋼之渡鴉Ⅵ	ok	ok
ranged	1860	Tita Ruda	泰坦魯達	ok	ok
ranged	1861	Tita Soldier	泰坦斯歐勒德伊艾爾	bad	phonetic_salad
ranged	1862	Tita Ducha	泰坦杜奇阿	ok	ok
ranged	1863	Tita L. Arc	泰坦L弧弓	ok	ok
ranged	1864	Dodonga Note	多多恩阿音符	ok	ok
ranged	1865	"Fury Bow ""Blossom"""	怒髮弓【華】	ok	ok
ranged	1866	Daora's Anguilon	翔鷹鋼竜弓	ok	ok
ranged	1867	True Pheonix Dance Bow	弓真菲艾歐尼克斯舞	ok	ok
ranged	1868	Tita Despeed	泰坦德艾斯普艾艾德	bad	phonetic_salad
ranged	1869	Gravios Felsen	鎧竜夫艾勒斯艾恩	bad	phonetic_salad
ranged	1870	Despot's Boom	德艾斯普歐特之布歐歐姆	bad	phonetic_salad
ranged	1871	Metal Acid	金属酸	ok	ok
ranged	1872	Melt Cannon	姆艾勒特加農砲	ok	ok
ranged	1873	Rosen Dasein	薔薇德阿斯艾伊恩	bad	phonetic_salad
ranged	1874	Thunderstorm	特哈烏恩德艾爾斯	bad	phonetic_salad
ranged	1875	Saw-Tooth Blaster	斯阿瓦齒爆裂	ok	ok
ranged	1876	Galvalist	格阿勒維阿勒伊斯	bad	phonetic_salad
ranged	1877	Vashimu Mortar	尾晶蠍臼	ok	ok
ranged	1878	Barbarian Cannon	蠻族加農砲	ok	ok
ranged	1879	5707・ネヴェアンカーネ	5707・恩艾維艾阿恩克阿	bad	phonetic_salad
ranged	1880	Negative Thunderpole Gun	涅加提維特哈烏恩德艾爾普銃	bad	phonetic_salad
ranged	1881	Tita Hurricane	泰坦哈烏爾爾伊克阿恩	bad	phonetic_salad
ranged	1882	Shantien Gun	天翔竜銃	ok	ok
ranged	1883	Artsbal	阿爾特斯布阿勒	ok	ok
ranged	1884	Despot's Fire	火德艾斯普歐特	bad	phonetic_salad
ranged	1885	Prayerfall	普爾阿伊艾爾夫阿	bad	phonetic_salad
ranged	1886	Frostmist Gun	霜霧銃	ok	ok
ranged	1887	Melting Blow	姆艾勒特伊恩格布勒歐瓦	bad	phonetic_salad
ranged	1888	Rosen Gerissen	薔薇格艾爾伊斯斯艾恩	bad	phonetic_salad
ranged	1889	Ten-Thousand Volts	十特哈歐烏斯阿恩德維歐勒特斯	bad	phonetic_salad
ranged	1890	Garuga Howl	黑狼鳥哈歐瓦勒	ok	ok
ranged	1891	Vashimu Schwanz	尾晶蠍斯克哈瓦阿恩茲	bad	phonetic_salad
ranged	1892	Barbarian Gun	蠻族銃	ok	ok
ranged	1893	6507・ネヴェアドロル	6507・涅維阿多羅魯	ok	ok
ranged	1894	Tita Bestie	泰坦貝斯伊艾	ok	ok
ranged	1895	Earl Felsen	艾阿爾勒夫艾勒斯艾恩	bad	phonetic_salad
ranged	1896	Despot's Archer	德艾斯普歐特之阿爾克哈艾爾	bad	phonetic_salad
ranged	1897	Pariaruta	波里阿魯塔	ok	ok
ranged	1898	Molten Dragon Bow	竜努波奇弓	ok	ok
ranged	1899	Rosen Nachweis	薔薇恩阿克哈瓦艾伊斯	bad	phonetic_salad
ranged	1900	Lion's Claw Bow	弓勒伊歐恩之爪	ok	ok
ranged	1901	Bright Night	輝夜	ok	ok
ranged	1902	6E07・ヴェアレイター	6E07・維阿雷伊塔	ok	ok
ranged	1903	Barbarian Bow	蠻族弓	ok	ok
ranged	1904	Neve Argen	涅維銀白	ok	ok
ranged	1905	Frozen Calamity Bow	弓凍結努波奇	ok	ok
ranged	1906	Steel Razor Bow	弓鋼爾阿茲歐爾	ok	ok
ranged	1907	"Star Eagle Bow ""Galaxy"""	弓星艾阿格艾格阿勒阿克斯伊	bad	phonetic_salad
ranged	1908	"Star Eagle Bow""Nightsky"""	弓星艾阿格艾恩伊格哈特斯克伊	bad	phonetic_salad
ranged	1909	"Hoshikin Bow ""Galaxy"""	弓哈歐斯哈伊克伊恩格阿勒阿克斯伊	bad	phonetic_salad
ranged	1910	"Hoshikin Bow""Nightsky"""	弓哈歐斯哈伊克伊恩恩伊格哈特斯克伊	bad	phonetic_salad
ranged	1911	ダミー	假	ok	skip_empty_dummy
ranged	1912	ダミー	假	ok	skip_empty_dummy
ranged	1913	ダミー	假	ok	skip_empty_dummy
ranged	1914	ダミー	假	ok	skip_empty_dummy
ranged	1915	ダミー	假	ok	skip_empty_dummy
ranged	1916	ダミー	假	ok	skip_empty_dummy
ranged	1917	ダミー	假	ok	skip_empty_dummy
ranged	1918	ダミー	假	ok	skip_empty_dummy
ranged	1919	ダミー	假	ok	skip_empty_dummy
ranged	1920	ダミー	假	ok	skip_empty_dummy
ranged	1921	ダミー	假	ok	skip_empty_dummy
ranged	1922	ダミー	假	ok	skip_empty_dummy
ranged	1923	ダミー	假	ok	skip_empty_dummy
ranged	1924	ダミー	假	ok	skip_empty_dummy
ranged	1925	ダミー	假	ok	skip_empty_dummy
ranged	1926	ダミー	假	ok	skip_empty_dummy
ranged	1927	ダミー	假	ok	skip_empty_dummy
ranged	1928	ダミー	假	ok	skip_empty_dummy
ranged	1929	ダミー	假	ok	skip_empty_dummy
ranged	1930	ダミー	假	ok	skip_empty_dummy
ranged	1931	ダミー	假	ok	skip_empty_dummy
ranged	1932	ダミー	假	ok	skip_empty_dummy
ranged	1933	ダミー	假	ok	skip_empty_dummy
ranged	1934	ダミー	假	ok	skip_empty_dummy
ranged	1935	ダミー	假	ok	skip_empty_dummy
ranged	1936	ダミー	假	ok	skip_empty_dummy
ranged	1937	ダミー	假	ok	skip_empty_dummy
ranged	1938	ダミー	假	ok	skip_empty_dummy
ranged	1939	ダミー	假	ok	skip_empty_dummy
ranged	1940	ダミー	假	ok	skip_empty_dummy
ranged	1941	ダミー	假	ok	skip_empty_dummy
ranged	1942	ダミー	假	ok	skip_empty_dummy
ranged	1943	ダミー	假	ok	skip_empty_dummy
ranged	1944	ダミー	假	ok	skip_empty_dummy
ranged	1945	ダミー	假	ok	skip_empty_dummy
ranged	1946	ダミー	假	ok	skip_empty_dummy
ranged	1947	ダミー	假	ok	skip_empty_dummy
ranged	1948	ダミー	假	ok	skip_empty_dummy
ranged	1949	ダミー	假	ok	skip_empty_dummy
ranged	1950	ダミー	假	ok	skip_empty_dummy
ranged	1951	ダミー	假	ok	skip_empty_dummy
ranged	1952	ダミー	假	ok	skip_empty_dummy
ranged	1953	ダミー	假	ok	skip_empty_dummy
ranged	1954	ダミー	假	ok	skip_empty_dummy
ranged	1955	ダミー	假	ok	skip_empty_dummy
ranged	1956	ダミー	假	ok	skip_empty_dummy
ranged	1957	ダミー	假	ok	skip_empty_dummy
ranged	1958	ダミー	假	ok	skip_empty_dummy
ranged	1959	ダミー	假	ok	skip_empty_dummy
ranged	1960	ダミー	假	ok	skip_empty_dummy
ranged	1961	ダミー	假	ok	skip_empty_dummy
ranged	1962	ダミー	假	ok	skip_empty_dummy
ranged	1963	ダミー	假	ok	skip_empty_dummy
ranged	1964	ダミー	假	ok	skip_empty_dummy
ranged	1965	ダミー	假	ok	skip_empty_dummy
ranged	1966	ダミー	假	ok	skip_empty_dummy
ranged	1967	ダミー	假	ok	skip_empty_dummy
ranged	1968	Black Bow	黑弓	ok	ok
ranged	1969	Croix Bogen	弓終極征	ok	ok
ranged	1970	Croix Arch	終極征強撃	ok	ok
ranged	1971	Croix Arc	終極征阿爾克	ok	ok
ranged	1972	Croix Spark	終極征斯普阿爾克	bad	phonetic_salad
ranged	1973	Schadenberg	斯克哈阿德艾恩布	bad	phonetic_salad
ranged	1974	Yuen Bow	弓伊烏艾恩	ok	ok
ranged	1975	Yuen Bogen	弓伊烏艾恩	ok	ok
ranged	1976	Yuen Arch	伊烏艾恩強撃	ok	ok
ranged	1977	Yuen Arc	伊烏艾恩阿爾克	ok	ok
ranged	1978	Yuen Spark	伊烏艾恩斯普阿爾克	bad	phonetic_salad
ranged	1979	Voldenberg	維歐勒德艾恩布艾	bad	phonetic_salad
ranged	1980	BC07・ゲネアレギルング	BC07・格涅阿恩烏	ok	ok
ranged	1981	BD07・ケラスレギルング	BD07・凱拉蘇恩烏	ok	ok
ranged	1982	BE07・プテラレギルング	BE07・普特拉恩烏	bad	phonetic_salad
ranged	1983	BF07・ケルコスレギルング	BF07・凱蘇恩烏	ok	ok
ranged	1984	C007・カルデアレギルング	C007・可魯德阿恩烏	ok	ok
ranged	1985	C107・レギアージュミデン	C107・爾艾格伊阿杰烏姆	bad	phonetic_salad
ranged	1986	C207・ゲネアドーレ	C207・格涅阿	ok	ok
ranged	1987	C307・ケラスドーレ	C307・凱拉蘇	ok	ok
ranged	1988	C407・プテラドーレ	C407・普特拉	ok	ok
ranged	1989	C507・ケルコスドーレ	C507・凱蘇	ok	ok
ranged	1990	C607・カルデアドーレ	C607・可魯德阿	ok	ok
ranged	1991	C707・ドレアージュミデン	C707・德歐爾艾阿杰烏姆	bad	phonetic_salad
ranged	1992	Golden Feather Moon God	黄金羽月神	ok	ok
ranged	1993	Golden Feather Clarity	黄金羽克勒阿爾伊特伊	bad	phonetic_salad
ranged	1994	Golden Feather Purity	黄金羽純潔	ok	ok
ranged	1995	Golden Feather Moonlight	黄金羽月光	ok	ok
ranged	1996	Golden Feather Evil Bust	黄金羽惡布斯	ok	ok
ranged	1997	Ryucoin Sectia	爾伊烏克歐伊恩斯艾克特伊阿	bad	phonetic_salad
ranged	1998	Golden Feather Sun	黄金羽日	ok	ok
ranged	1999	Golden Feather Sunlight	黄金羽陽光	ok	ok
ranged	2000	Golden Feather Ares	黄金羽阿爾艾斯	ok	ok
ranged	2001	Golden Feather Blaze	黄金羽炎	ok	ok
ranged	2002	Golden Feather Wildfire	黄金羽瓦伊勒德夫伊爾艾	bad	phonetic_salad
ranged	2003	Hematoin Sectia	哈艾姆阿特歐伊恩斯艾克特伊阿	bad	phonetic_salad
ranged	2004	D407・ポリカスパルト	D407・波里可斯波魯托	ok	ok
ranged	2005	D507・ポリバルラークシン	D507・普歐爾伊布阿爾烏	bad	phonetic_salad
ranged	2006	D607・ポリバルーベントゥダ	D607・普歐爾伊布阿爾烏	bad	phonetic_salad
ranged	2007	D707・ポリバルーライネド	D707・波里巴魯拉伊涅多	ok	ok
ranged	2008	D807・アグスティバルトロン	D807・阿格烏斯烏特伊布	bad	phonetic_salad
ranged	2009	D907・トワルフプリック	D907・特歐瓦阿爾烏夫烏	bad	phonetic_salad
ranged	2010	DA07・トワルフアントラー	DA07・特歐瓦阿爾烏夫烏	bad	phonetic_salad
ranged	2011	DB07・トワルフエインガル	DB07・托瓦魯芙艾伊恩阿	ok	ok
ranged	2012	DC07・トワルフゾルン	DC07・特歐瓦阿爾烏夫烏	bad	phonetic_salad
ranged	2013	DD07・ハイデンツヴェルフ	DD07・哈阿伊德艾恩特斯	bad	phonetic_salad
ranged	2014	DE07・デオギスジン	DE07・杰伊恩	ok	ok
ranged	2015	DF07・デオギスエギア	DF07・艾吉阿	ok	ok
ranged	2016	E007・デオギスアゴル	E007・阿戈魯	ok	ok
ranged	2017	E107・デオギスアキュス	E107・阿克伊烏斯烏	bad	phonetic_salad
ranged	2018	E207・ヴァシラツヴェルフ	E207・維阿斯哈伊爾阿特	bad	phonetic_salad
ranged	2019	Twin Saints Nidhoggr Ⅰ	雙聖器尼德霍格Ⅰ	ok	ok
ranged	2020	Twin Saints Nidhoggr Ⅱ	雙聖器尼德霍格Ⅱ	ok	ok
ranged	2021	Twin Saints Nidhoggr Ⅲ	雙聖器尼德霍格Ⅲ	ok	ok
ranged	2022	Twin Saints Nidhoggr Ⅳ	雙聖器尼德霍格Ⅳ	ok	ok
ranged	2023	Twin Saints Nidhoggr Ⅴ	雙聖器尼德霍格Ⅴ	ok	ok
ranged	2024	Nidhoggr Snake Bow Ⅰ	蛇尼德霍格弓Ⅰ	ok	ok
ranged	2025	Nidhoggr Snake Bow Ⅱ	蛇尼德霍格弓Ⅱ	ok	ok
ranged	2026	Nidhoggr Snake Bow Ⅲ	蛇尼德霍格弓Ⅲ	ok	ok
ranged	2027	Nidhoggr Snake Bow Ⅳ	蛇尼德霍格弓Ⅳ	ok	ok
ranged	2028	Nidhoggr Snake Bow Ⅴ	蛇尼德霍格弓Ⅴ	ok	ok
ranged	2029	Jealousy Ⅰ	嫉妬Ⅰ	ok	ok
ranged	2030	Jealousy Ⅱ	嫉妬Ⅱ	ok	ok
ranged	2031	Jealousy Ⅲ	嫉妬Ⅲ	ok	ok
ranged	2032	Jealousy Ⅳ	嫉妬Ⅳ	ok	ok
ranged	2033	Jealousy Ⅴ	嫉妬Ⅴ	ok	ok
ranged	2034	Epidemic Ⅰ	瘟疫Ⅰ	ok	ok
ranged	2035	Epidemic Ⅱ	瘟疫Ⅱ	ok	ok
ranged	2036	Epidemic Ⅲ	瘟疫Ⅲ	ok	ok
ranged	2037	Epidemic Ⅳ	瘟疫Ⅳ	ok	ok
ranged	2038	Epidemic Ⅴ	瘟疫Ⅴ	ok	ok
ranged	2039	Knuckle KG Viper	克恩烏克克勒艾KG維伊普艾爾	bad	phonetic_salad
ranged	2040	Knuckle KG Proxy	克恩烏克克勒艾KG普爾歐克斯伊	bad	phonetic_salad
ranged	2041	Knuckle KG Maxima	克恩烏克克勒艾KG瑪克斯伊瑪	bad	phonetic_salad
ranged	2042	Knuckle Mauser	克恩烏克克勒艾姆阿烏斯艾爾	bad	phonetic_salad
ranged	2043	Knuckle Salver	克恩烏克克勒艾斯阿勒維艾爾	bad	phonetic_salad
ranged	2044	FC07・アスカールカルデ	FC07・阿蘇可魯可魯德	ok	ok
ranged	2045	FD07・アスカールホルム	FD07・阿蘇可魯霍魯穆	ok	ok
ranged	2046	FE07・アスカールヘナンテ	FE07・阿斯烏克阿爾烏哈	bad	phonetic_salad
ranged	2047	FF07・アスカールゲーテ	FF07・阿蘇可魯格特	ok	ok
ranged	2048	0008・アスカールダムド	0008・阿蘇可魯達穆多	ok	ok
ranged	2049	Orion Bazooka	歐爾伊歐恩巴佐歐可	bad	phonetic_salad
ranged	2050	Orion Casper	歐爾伊歐恩克阿斯普艾爾	bad	phonetic_salad
ranged	2051	Orion Christel	歐爾伊歐恩克哈爾伊斯特艾勒	bad	phonetic_salad
ranged	2052	0408・ミンタギューヘキサ	0408・姆伊恩特阿格伊烏	bad	phonetic_salad
ranged	2053	0508・ミンタギュープラッタ	0508・姆伊恩特阿格伊烏	bad	phonetic_salad
ranged	2054	0608・ミンタギューマルター	0608・姆伊恩特阿格伊烏	bad	phonetic_salad
ranged	2055	0708・ミンタギューロミル	0708・姆伊恩特阿格伊烏	bad	phonetic_salad
ranged	2056	0808・ミンタギューミロード	0808・姆伊恩特阿格伊烏	bad	phonetic_salad
ranged	2057	0908・アスレーゼシグマ	0908・阿蘇雷澤修伊古瑪	ok	ok
ranged	2058	0A08・アスレーゼグライド	0A08・阿蘇雷澤古拉伊多	ok	ok
ranged	2059	0B08・アスレーゼマイリー	0B08・阿蘇雷澤瑪伊里	ok	ok
ranged	2060	0C08・アスレーゼゼクス	0C08・阿蘇雷澤澤庫蘇	ok	ok
ranged	2061	0D08・アスレーゼデーテ	0D08・阿蘇雷澤德特	ok	ok
ranged	2062	0E08・ジュピレットグリッド	0E08・杰烏普伊爾艾爾特	bad	phonetic_salad
ranged	2063	0F08・ジュピレットパラス	0F08・杰烏普伊爾艾爾特	bad	phonetic_salad
ranged	2064	1008・ジュピレットジュリー	1008・杰烏普伊爾艾爾特	bad	phonetic_salad
ranged	2065	1108・ジュピレットジェノマ	1108・杰烏普伊爾艾爾特	bad	phonetic_salad
ranged	2066	1208・ジュピレットジェリア	1208・杰烏普伊爾艾爾特	bad	phonetic_salad
ranged	2067	Wreath Bow	弓環	ok	ok
ranged	2068	Awreath Bow	弓阿瓦爾艾阿特哈	bad	phonetic_salad
ranged	2069	Tsuwreath Bow	弓特斯烏瓦爾艾阿特	bad	phonetic_salad
ranged	2070	Dowreath Bow	弓德歐瓦爾艾阿特哈	bad	phonetic_salad
ranged	2071	Filwreath Bow	弓夫伊勒瓦爾艾阿特	bad	phonetic_salad
ranged	2072	Adret Wreath Bow	弓阿德爾艾特環	ok	ok
ranged	2073	1908・ヴォーラシュナット	1908・沃拉	ok	ok
ranged	2074	Vola Squall	沃拉斯奎烏阿勒勒	bad	phonetic_salad
ranged	2075	Vola Strier	沃拉斯特爾伊艾爾	bad	phonetic_salad
ranged	2076	Noble Alert	貴族阿勒艾爾特	ok	ok
ranged	2077	Noble Alcaide	貴族阿勒克阿伊德艾	bad	phonetic_salad
ranged	2078	Noble Arcuda	貴族阿爾克烏德阿	bad	phonetic_salad
ranged	2079	1F08・アスールエヘルシト	1F08・阿蘇魯艾赫魯修伊	ok	ok
ranged	2080	Lovely Mind	可愛心	ok	ok
ranged	2081	Lovely Order	可愛秩序	ok	ok
ranged	2082	Anteka Storm	雪鹿嵐	ok	ok
ranged	2083	Anteka Tempest	雪鹿暴風	ok	ok
ranged	2084	Heart Sniper	心姆努波	ok	ok
ranged	2085	Critical Heart	会心心	ok	ok
ranged	2086	Vashimu Hope	尾晶蠍希望	ok	ok
ranged	2087	Vashimu Freedom	尾晶蠍夫爾艾艾德歐姆	bad	phonetic_salad
ranged	2088	Dusk	霧野泰	ok	ok
ranged	2089	Lucky Dawn	幸運暁	ok	ok
ranged	2090	Aroma Sakura Spirit Bow	弓里法磁桜霊	ok	ok
ranged	2091	Grace Sakura Spirit Bow	弓恩寵桜霊	ok	ok
ranged	2092	"Zeru Scream ""Light"""	澤魯叫輕	ok	ok
ranged	2093	"Zeru Scream ""Gleam"""	澤魯叫急証明	ok	ok
ranged	2094	"Zeru Scream ""Dazzle"""	澤魯叫達茲茲勒	ok	ok
ranged	2095	"Zeru Scream ""Shine"""	澤魯叫輝	ok	ok
ranged	2096	"Zeru Scream ""Luster"""	澤魯叫勒烏斯特艾爾	bad	phonetic_salad
ranged	2097	"Zeru Murmur ""Light"""	澤魯姆烏爾姆烏爾輕	bad	phonetic_salad
ranged	2098	"Zeru Murmur ""Gleam"""	澤魯姆烏爾姆烏爾急証明	bad	phonetic_salad
ranged	2099	"Zeru Murmur ""Dazzle"""	澤魯姆烏爾姆烏爾達茲茲勒	bad	phonetic_salad
ranged	2100	"Zeru Murmur ""Shine"""	澤魯姆烏爾姆烏爾輝	bad	phonetic_salad
ranged	2101	"Zeru Murmur ""Luster"""	澤魯姆烏爾姆烏爾勒烏斯特艾爾	bad	phonetic_salad
ranged	2102	"Zeru Archer ""Light"""	澤魯阿爾克哈艾爾輕	bad	phonetic_salad
ranged	2103	"Zeru Archer ""Gleam"""	澤魯阿爾克哈艾爾急証明	bad	phonetic_salad
ranged	2104	"Zeru Archer ""Dazzle"""	澤魯阿爾克哈艾爾達茲茲勒	bad	phonetic_salad
ranged	2105	"Zeru Archer ""Shine"""	澤魯阿爾克哈艾爾輝	bad	phonetic_salad
ranged	2106	"Zeru Archer ""Luster"""	澤魯阿爾克哈艾爾勒烏斯特艾爾	bad	phonetic_salad
ranged	2107	3B08・バル・オッジ	3B08・巴魯・歐歐吉	ok	ok
ranged	2108	Baru Bloodease	噬血竜布歐歐德阿瑟	bad	phonetic_salad
ranged	2109	Baru Bloodurn	噬血竜布勒歐歐德烏爾恩	bad	phonetic_salad
ranged	2110	Baru Bloodvessel	噬血竜布勒歐歐德維艾斯	bad	phonetic_salad
ranged	2111	Baru Bloodglitter	噬血竜布勒歐歐德格勒伊	bad	phonetic_salad
ranged	2112	Baru Bloodpower	噬血竜布勒歐歐德普歐瓦	bad	phonetic_salad
ranged	2113	Baru Bloodgrace	噬血竜布勒歐歐德格爾阿	bad	phonetic_salad
ranged	2114	Baru Bloodpure	噬血竜布勒歐歐德普烏爾	bad	phonetic_salad
ranged	2115	Gendrome Parks	黄速竜王普阿爾克斯	bad	phonetic_salad
ranged	2116	Iodrome Parks	紅速竜王普阿爾克斯	bad	phonetic_salad
ranged	2117	Sablefall	斯阿布勒艾夫阿勒	bad	phonetic_salad
ranged	2118	4608・パワーサブール	4608・波瓦薩布魯	ok	ok
ranged	2119	Blos Fear Bow	角竜音未來弓	ok	ok
ranged	2120	Plesioth Stream	水竜流	ok	ok
ranged	2121	Ex Crane Thndrdance Bow	弓ＥＸ鶴特哈恩德爾德阿恩	bad	phonetic_salad
ranged	2122	Gravios Explosion Bowgun	鎧竜艾克斯普勒歐斯伊弩	ok	ok
ranged	2123	Bloodeating Artillery	噬血阿爾特伊勒勒艾爾	bad	phonetic_salad
ranged	2124	Blooddrinking Cannon	噬血加農砲	ok	ok
ranged	2125	Para Bloodeating Bow	噬血痺弓	ok	ok
ranged	2126	Toxic Bloodeating Cannon	噬血毒加農砲	ok	ok
ranged	2127	Collapse＆Extinction Bow	弓克歐勒勒阿普斯艾艾克斯特伊恩克特	bad	phonetic_salad
ranged	2128	5008・トラグ・ベック	5008・托拉古・布艾布克烏	bad	phonetic_salad
ranged	2129	5108・トラグ・ロアー	5108・托拉古・羅阿	ok	ok
ranged	2130	5208・トラグ・コール	5208・托拉古・科魯	ok	ok
ranged	2131	Ti amo Blanc	TI阿莫聲急証	ok	ok
ranged	2132	Adamas White	阿德阿姆阿斯白	ok	ok
ranged	2133	Burea Sweezy	布雷阿斯瓦艾艾茲伊	bad	phonetic_salad
ranged	2134	Sweezy Mana	斯瓦艾艾茲伊瑪娜	bad	phonetic_salad
ranged	2135	Purfa Set	普烏爾夫阿套	ok	ok
ranged	2136	Zafra Set	茲阿夫爾阿套	ok	ok
ranged	2137	Flamme Radium	火焔爾阿德伊烏姆	bad	phonetic_salad
ranged	2138	Flamme Larma	火焔勒阿爾姆阿	ok	ok
ranged	2139	Suez Urga	蘇艾茲烏爾格阿	ok	ok
ranged	2140	Suez Arch	蘇艾茲強撃	ok	ok
ranged	2141	Maltonil	姆阿勒特歐恩伊勒	bad	phonetic_salad
ranged	2142	Tonil Harasue	特歐恩伊勒哈拉蘇艾	bad	phonetic_salad
ranged	2143	"God's Majesty ""2.Coming"""	神威【再臨】	ok	ok
ranged	2144	"God's Palace""2.Coming"""	神居【再臨】	ok	ok
ranged	2145	6108・メラワン・ディーン	6108・姆艾爾阿瓦阿恩・德伊恩	bad	phonetic_salad
ranged	2146	6208・ディンナティメラス	6208・德伊恩恩阿特伊姆	bad	phonetic_salad
ranged	2147	6308・ヤクゥイ・ナルハル	6308・雅庫伊・娜魯哈魯	ok	ok
ranged	2148	6408・テオスヤクゥイウス	6408・特歐蘇烏蘇	ok	ok
ranged	2149	6508・業弩壱式【円満】	6508・業弩壱式【円満】	ok	ok
ranged	2150	6608・業弩壱式【千成】	6608・業弩壱式【千成】	ok	ok
ranged	2151	6708・業弩弐式【円満】	6708・業弩弐式【円満】	ok	ok
ranged	2152	6808・業弩弐式【千成】	6808・業弩弐式【千成】	ok	ok
ranged	2153	Chrysos Fetal	克哈爾伊斯歐斯夫艾特阿勒	bad	phonetic_salad
ranged	2154	Ochrysos Magam	歐克哈爾伊斯歐斯姆阿格阿姆	bad	phonetic_salad
ranged	2155	6B08・ソス・ラムロ	6B08・索蘇・拉穆羅	ok	ok
ranged	2156	6C08・ミラーソスグート	6C08・米拉索蘇古托	ok	ok
ranged	2157	6D08・ヒメカ・デンドゥラ	6D08・姫佳・德艾恩德歐烏爾阿	bad	phonetic_salad
ranged	2158	6E08・ヒメカ・レジナドゥラ	6E08・姫佳・雷吉娜多烏拉	ok	ok
ranged	2159	Mina Bytes	米娜布伊特艾斯	ok	ok
ranged	2160	Mina Forne	米娜夫歐爾恩艾	ok	ok
ranged	2161	Professional Rifle	普爾歐夫艾斯斯伊里弗艾	bad	type_phonetic
ranged	2162	7208・レプティクテライフル	7208・爾艾普烏特伊克烏	bad	phonetic_salad
ranged	2163	Itasis Launcher	霧野泰發射器	ok	ok
ranged	2164	Epigaus Launcher	艾普伊格阿烏斯發射器	bad	phonetic_salad
ranged	2165	Ryufu Entra	竜風艾恩特爾阿	ok	ok
ranged	2166	Ryufu Corinal	竜風克歐爾伊恩阿勒	bad	phonetic_salad
ranged	2167	Hallucination Blos	角竜哈阿勒勒烏克伊恩	bad	phonetic_salad
ranged	2168	Illusion Blos	角竜幻	ok	ok
ranged	2169	7908・クロークジュディル	7908・庫朱迪魯	ok	ok
ranged	2170	7A08・クロークロディア	7A08・庫羅庫羅迪阿	ok	ok
ranged	2171	7B08・バドーモルド	7B08・巴多莫魯多	ok	ok
ranged	2172	7C08・モルドグランデ	7C08・姆歐爾烏德歐格烏	bad	phonetic_salad
ranged	2173	"Felyne Bow ""Cat Stamp"""	艾路猫弓猫印	ok	ok
ranged	2174	"Melynx Bow ""Cat Face"""	梅拉路弓猫法瑟	ok	ok
ranged	2175	Prox Crane	普歐克斯鶴	ok	ok
ranged	2176	8008・ヒーシュライアー	8008・希修烏拉伊阿	ok	ok
ranged	2177	Pramia Crane	普阿米阿鶴	ok	ok
ranged	2178	Kali Schreier	可利斯克哈爾艾伊艾爾	bad	phonetic_salad
ranged	2179	Ryufu Margie	竜風姆阿爾格伊艾	bad	phonetic_salad
ranged	2180	Writhe Blos	角竜瓦爾伊特哈艾	bad	phonetic_salad
ranged	2181	8508・クロークルブラン	8508・克烏爾烏布烏爾阿	bad	phonetic_salad
ranged	2182	8608・モルドセジョン	8608・姆歐爾烏德歐斯艾	bad	phonetic_salad
ranged	2183	"Felyne Bow ""Golden Cat"""	艾路猫弓黄金猫	ok	ok
ranged	2184	"Melynx Bow""Treasure Cat"""	梅拉路弓寶物猫	ok	ok
ranged	2185	8908・フォースシュライアー	8908・佛蘇修烏拉伊阿	bad	phonetic_salad
ranged	2186	Mirage Schreier	米拉格斯克哈爾艾伊艾爾	bad	phonetic_salad
ranged	2187	8B08・ハイディンティメラ	8B08・哈阿伊德伊恩特伊	bad	phonetic_salad
ranged	2188	8C08・マウヤクゥイラーグ	8C08・瑪烏拉古	ok	ok
ranged	2189	8D08・業弩壱式【繁栄】	8D08・業弩壱式【繁栄】	ok	ok
ranged	2190	8E08・業弩弐式【繁栄】	8E08・業弩弐式【繁栄】	ok	ok
ranged	2191	Mika Chrysoshia	米可奇里索修伊阿	ok	ok
ranged	2192	9008・ミラソスグリンマー	9008・姆伊爾阿斯歐斯烏	bad	phonetic_salad
ranged	2193	9108・ヒメカ・マイカドゥラ	9108・姫佳・瑪伊可多烏拉	ok	ok
ranged	2194	Mina Maruanoff	米娜姆阿爾烏阿恩歐夫	bad	phonetic_salad
ranged	2195	Loyalty Rifle	勒歐伊阿勒特伊里弗艾	bad	type_phonetic
ranged	2196	Agelos Launcher	阿格艾勒歐斯發射器	bad	phonetic_salad
ranged	2197	Jealousy Ⅵ	嫉妬Ⅵ	ok	ok
ranged	2198	Epidemic Ⅵ	瘟疫Ⅵ	ok	ok
ranged	2199	Nadel Klueger	恩阿德艾勒克勒烏艾格艾爾	bad	phonetic_salad
ranged	2200	Nadel Rook	恩阿德艾勒城堡	ok	ok
ranged	2201	9908・エイリア・ルジオ	9908・艾伊里阿・魯吉歐	ok	ok
ranged	2202	9A08・トーメン・ルジオ	9A08・特歐姆艾恩・魯吉歐	bad	phonetic_salad
ranged	2203	Fake Projection Ⅵ	偽投影Ⅵ	ok	ok
ranged	2204	Baru Bloodattack	噬血竜布勒歐歐德阿特特	bad	phonetic_salad
ranged	2205	Baru Blooddesire	噬血竜布勒歐歐德德艾斯	bad	phonetic_salad
ranged	2206	Baru Blodimpulse	噬血竜布勒歐德伊姆普烏	bad	phonetic_salad
ranged	2207	Baru Bloodcrime	噬血竜布勒歐歐德克爾伊	bad	phonetic_salad
ranged	2208	Baru Bloodjack	噬血竜布勒歐歐德杰阿克	bad	phonetic_salad
ranged	2209	Bloodeating Gun	噬血銃	ok	ok
ranged	2210	Blooddrinking Gun	噬血銃	ok	ok
ranged	2211	Para Bloodeating Gun	噬血痺銃	ok	ok
ranged	2212	Toxic Bloodeating Gun	噬血毒銃	ok	ok
ranged	2213	Bloodeating Bow	弓噬血	ok	ok
ranged	2214	Blooddrinking Bow	噬血弓	ok	ok
ranged	2215	Para Bloodeating Bow	噬血痺弓	ok	ok
ranged	2216	Toxic Bloodeating Bow	噬血毒弓	ok	ok
ranged	2217	Core Summit	核斯烏姆姆伊特	ok	ok
ranged	2218	Core Burg	核布烏爾格	ok	ok
ranged	2219	AB08・コーレバザルマ	AB08・科雷巴扎魯瑪	ok	ok
ranged	2220	AC08・コーレバグレス	AC08・科雷巴古雷蘇	ok	ok
ranged	2221	Core War	核戦	ok	ok
ranged	2222	AE08・コーレガイト	AE08・科雷加伊托	ok	ok
ranged	2223	AF08・コーレガネス	AF08・科雷加涅蘇	ok	ok
ranged	2224	B008・コーレガネオス	B008・科雷加涅歐蘇	ok	ok
ranged	2225	B108・コーレガストム	B108・科雷加蘇托穆	ok	ok
ranged	2226	B208・コーレガンドロフ	B208・克歐爾艾格阿恩德	bad	phonetic_salad
ranged	2227	B308・コーレリグト	B308・科雷里古托	ok	ok
ranged	2228	B408・コーレリスド	B408・科雷里蘇多	ok	ok
ranged	2229	B508・コーレリザード	B508・科雷里扎多	ok	ok
ranged	2230	B608・コーレリグネイド	B608・科雷里古涅伊多	ok	ok
ranged	2231	B708・コーレリシュラード	B708・科雷里修烏拉多	ok	ok
ranged	2232	Baru Bloodcrane	噬血竜布勒歐歐德克爾阿	bad	phonetic_salad
ranged	2233	B908・バル・ノート	B908・巴魯・諾托	ok	ok
ranged	2234	True Sparrow DarkboltGun	真斯普阿爾爾歐瓦闇雷銃	ok	ok
ranged	2235	True Osprey Darkbolt Gun	真歐斯普爾艾伊闇雷銃	ok	ok
ranged	2236	True Feng Darkbolt Bow	弓真菲恩闇雷	ok	ok
ranged	2237	Daora's Frigate	鋼竜巡防者	ok	ok
ranged	2238	Dodonga Force	多多恩阿力	ok	ok
ranged	2239	BF08・パラージゼスカル	BF08・波拉吉	ok	ok
ranged	2240	C008・フィートゼスカル	C008・菲托	ok	ok
ranged	2241	C108・ディマトゼスカル	C108・迪瑪托	ok	ok
ranged	2242	C208・アレドゼスカル	C208・阿雷多	ok	ok
ranged	2243	C308・マザドゼスカル	C308・瑪扎多	ok	ok
ranged	2244	C408・グラドゼスカル	C408・古拉多	ok	ok
ranged	2245	C508・バズドゼスカル	C508・巴祖多	ok	ok
ranged	2246	C608・パラージフェジカ	C608・波拉吉	ok	ok
ranged	2247	C708・フィートフェジカ	C708・菲托	ok	ok
ranged	2248	C808・ディマトフェジカ	C808・迪瑪托	ok	ok
ranged	2249	C908・アレドフェジカ	C908・阿雷多	ok	ok
ranged	2250	CA08・マザドフェジカ	CA08・瑪扎多	ok	ok
ranged	2251	CB08・グラドフェジカ	CB08・古拉多	ok	ok
ranged	2252	CC08・バズドフェジカ	CC08・巴祖多	ok	ok
ranged	2253	CD08・パートルショット	CD08・波托魯翔托	ok	ok
ranged	2254	CE08・サフィールショット	CE08・薩菲魯修歐斯歐	ok	ok
ranged	2255	ダミー	假	ok	skip_empty_dummy
ranged	2256	Ruby Shot	紅寶石弾	ok	ok
ranged	2257	Opal Shot	蛋白石弾	ok	ok
ranged	2258	D208・ディル・メレーナ	D208・迪魯・梅雷娜	ok	ok
ranged	2259	D308・レーヴ・ティアーナ	D308・雷芙・提阿娜	ok	ok
ranged	2260	April Shot	阿普爾伊勒彈	ok	ok
ranged	2261	May Shot	姆阿伊彈	ok	ok
ranged	2262	ダミー	假	ok	skip_empty_dummy
ranged	2263	December Shot	德艾克艾姆布艾爾彈	bad	phonetic_salad
ranged	2264	June Shot	朱涅彈	ok	ok
ranged	2265	D908・ディル・シェーン	D908・迪魯・斯哈伊艾恩	ok	ok
ranged	2266	DA08・ベル・ティアーナ	DA08・貝魯・提阿娜	ok	ok
ranged	2267	DB08・カエラ＝アンスル	DB08・可艾拉＝阿恩斯烏爾烏	bad	phonetic_salad
ranged	2268	DC08・ジル＝アンスル	DC08・吉魯＝阿恩斯烏爾烏	bad	phonetic_salad
ranged	2269	DD08・テツギ＝ベルカナ	DD08・特艾特斯烏格伊＝貝魯可娜	bad	phonetic_salad
ranged	2270	DE08・ドル＝ベルカナ	DE08・多魯＝貝魯可娜	ok	ok
ranged	2271	Gold Cat Gun Mk4	金猫銃Mk４	ok	ok
ranged	2272	Gold Cat Gun Mk5	金猫銃Mk５	ok	ok
ranged	2273	Gold Cat Gun Mk6	金猫銃Mk６	ok	ok
ranged	2274	Silver Cat Gun Mk4	銀猫銃Mk４	ok	ok
ranged	2275	Silver Cat Gun Mk5	銀猫銃Mk５	ok	ok
ranged	2276	Silver Cat Gun Mk6	銀猫銃Mk６	ok	ok
ranged	2277	Arcus Cardinal	阿爾克烏斯克阿爾德伊恩阿勒	bad	phonetic_salad
ranged	2278	Puerta Cardinal	普烏艾爾特阿克阿爾德伊恩阿勒	bad	phonetic_salad
ranged	2279	Arcus Sorceress	阿爾克烏斯斯歐爾克艾爾艾斯	bad	phonetic_salad
ranged	2280	Puerta Sorceress	普烏艾爾特阿斯歐爾克艾爾艾斯	bad	phonetic_salad
ranged	2281	Suedkugel	斯烏艾德克烏格艾	bad	phonetic_salad
ranged	2282	Westkugel	瓦艾斯特克烏格艾	bad	phonetic_salad
ranged	2283	Meridiankugel	姆艾爾伊德伊阿恩	bad	phonetic_salad
ranged	2284	Isna Aria	伊斯恩阿詠	ok	ok
ranged	2285	Isna Bank	伊斯恩阿岸	ok	ok
ranged	2286	Sarah Aria	斯阿爾阿哈詠	ok	ok
ranged	2287	Sarah Bank	斯阿爾阿哈岸	ok	ok
ranged	2288	Warm Largo	暖勒阿爾格歐	ok	ok
ranged	2289	Warm Form	暖形態	ok	ok
ranged	2290	Harm Bow	弓哈阿爾姆	ok	ok
ranged	2291	Harm Form	哈阿爾姆形態	ok	ok
ranged	2292	Factory Chief Longbow L.	夫阿克特歐爾伊克哈伊艾夫勒歐恩格布歐瓦L	bad	phonetic_salad
ranged	2293	New FactoryChiefLongbow	新夫阿克特歐爾伊克哈伊艾夫勒歐恩格布歐瓦	bad	phonetic_salad
ranged	2294	Shrp FactoryChiefLongbow	斬位夫阿克特歐爾伊克哈伊艾夫勒歐恩格布歐瓦	bad	phonetic_salad
ranged	2295	"CarpntrFctoryLngbw""Rain"""	克阿爾普恩特爾夫克特歐爾伊勒恩格布瓦【雨】	bad	phonetic_salad
ranged	2296	"New FctoryLongbow ""Rain"""	新夫克特歐爾伊勒歐恩格布歐瓦【雨】	bad	phonetic_salad
ranged	2297	"Shrp FctoryLngbow ""Rain"""	斬位夫克特歐爾伊勒恩格布歐瓦【雨】	bad	phonetic_salad
ranged	2298	Allyl Striker	阿勒勒伊勒打撃	ok	ok
ranged	2299	Strival Cannon	斯特爾伊維阿勒加農砲	bad	phonetic_salad
ranged	2300	FC08・フラゴールバルカン	FC08・夫烏爾阿格歐爾烏	bad	phonetic_salad
ranged	2301	Verbaldrit	維艾爾布阿勒德爾	bad	phonetic_salad
ranged	2302	Dry Auto Cannon	乾自動加農砲	ok	ok
ranged	2303	Air Auto Cannon	空自動加農砲	ok	ok
ranged	2304	0009・クルムズクリムゾン	0009・庫魯姆茲緋紅	ok	ok
ranged	2305	Le Rouge Crimson	拉瓦里深紅	ok	ok
ranged	2306	0209・ラウドナクリムゾン	0209・勞德納緋紅	ok	ok
ranged	2307	Soulpterxy	斯歐烏勒普特艾爾	bad	phonetic_salad
ranged	2308	Soul Asham	魂阿斯哈阿姆	ok	ok
ranged	2309	0509・タイヤンアッシャム	0509・塔伊雅娜阿修阿穆	ok	ok
ranged	2310	Deuce Sanque	德烏瑟斯阿恩奎烏艾	bad	phonetic_salad
ranged	2311	Deuce Cebucis	德烏瑟克艾布烏克伊斯	bad	phonetic_salad
ranged	2312	Deuce Nufite	德烏瑟努菲特	ok	ok
ranged	2313	Brilliant Sun Star Shot	比納桃日星弾	ok	ok
ranged	2314	0A09・バスハープ・イゾア	0A09・巴蘇哈普・伊佐阿	ok	ok
ranged	2315	0B09・バスハープ・アイーナ	0B09・巴蘇哈普・阿伊娜	ok	ok
ranged	2316	0C09・レブ・ベルタム	0C09・雷布・MU	ok	ok
ranged	2317	0D09・シルターレブール	0D09・修伊魯塔雷布魯	ok	ok
ranged	2318	0E09・トラヴァーレブール	0E09・托拉瓦雷布魯	ok	ok
ranged	2319	Melza High	姆艾勒茲阿上位	ok	ok
ranged	2320	1009・メロルザハイト	1009・梅羅魯扎哈伊托	ok	ok
ranged	2321	1109・メロルハイエスタ	1109・梅羅魯哈伊艾蘇塔	ok	ok
ranged	2322	Barbaroi Hades	布阿爾布阿爾歐伊哈阿德艾斯	bad	phonetic_salad
ranged	2323	Barbaroi Leeden	布阿爾布阿爾歐伊勒艾艾德艾恩	bad	phonetic_salad
ranged	2324	Barbaroi Lamis	布阿爾布阿爾歐伊勒阿姆伊斯	bad	phonetic_salad
ranged	2325	Barbaroi Orgas	布阿爾布阿爾歐伊歐爾格阿斯	bad	phonetic_salad
ranged	2326	Barbaroi Deramis	布阿爾布阿爾歐伊德艾爾阿姆伊斯	bad	phonetic_salad
ranged	2327	Barbaroi Belmund	布阿爾布阿爾歐伊布艾勒姆烏恩德	bad	phonetic_salad
ranged	2328	ダミー	假	ok	skip_empty_dummy
ranged	2329	ダミー	假	ok	skip_empty_dummy
ranged	2330	1A09・ベネウルスバルトロン	1A09・布艾恩艾烏爾烏斯	bad	phonetic_salad
ranged	2331	Relic Matter	遺物姆阿特特艾爾	bad	phonetic_salad
ranged	2332	Relic Element	属性遺物	ok	ok
ranged	2333	Unicom Tooth	烏恩伊克歐姆齒	ok	ok
ranged	2334	Ichrome Whisper	一色囁語	ok	ok
ranged	2335	Mega Death Launcher	巨大死發射器	ok	ok
ranged	2336	Echidna Mortar	艾克哈伊德恩阿臼	bad	phonetic_salad
ranged	2337	Lotus Dragoon	勒歐特烏斯竜騎	ok	ok
ranged	2338	Lotus Tempest	勒歐特烏斯暴風	ok	ok
ranged	2339	Tomb Striker	特歐姆布打撃	ok	ok
ranged	2340	Paranoia Striker	妄想強撃弩	ok	ok
ranged	2341	"Star Eagle Bow ""Aurora"""	弓星艾阿格艾極光	ok	ok
ranged	2342	"Hoshikin Bow ""Aurora"""	弓哈歐斯哈伊克伊恩極光	ok	ok
ranged	2343	ダミー	假	ok	skip_empty_dummy
ranged	2344	ダミー	假	ok	skip_empty_dummy
ranged	2345	ダミー	假	ok	skip_empty_dummy
ranged	2346	ダミー	假	ok	skip_empty_dummy
ranged	2347	ダミー	假	ok	skip_empty_dummy
ranged	2348	ダミー	假	ok	skip_empty_dummy
ranged	2349	ダミー	假	ok	skip_empty_dummy
ranged	2350	ダミー	假	ok	skip_empty_dummy
ranged	2351	ダミー	假	ok	skip_empty_dummy
ranged	2352	ダミー	假	ok	skip_empty_dummy
ranged	2353	ダミー	假	ok	skip_empty_dummy
ranged	2354	ダミー	假	ok	skip_empty_dummy
ranged	2355	ダミー	假	ok	skip_empty_dummy
ranged	2356	ダミー	假	ok	skip_empty_dummy
ranged	2357	ダミー	假	ok	skip_empty_dummy
ranged	2358	ダミー	假	ok	skip_empty_dummy
ranged	2359	ダミー	假	ok	skip_empty_dummy
ranged	2360	ダミー	假	ok	skip_empty_dummy
ranged	2361	ダミー	假	ok	skip_empty_dummy
ranged	2362	ダミー	假	ok	skip_empty_dummy
ranged	2363	ダミー	假	ok	skip_empty_dummy
ranged	2364	ダミー	假	ok	skip_empty_dummy
ranged	2365	ダミー	假	ok	skip_empty_dummy
ranged	2366	ダミー	假	ok	skip_empty_dummy
ranged	2367	ダミー	假	ok	skip_empty_dummy
ranged	2368	ダミー	假	ok	skip_empty_dummy
ranged	2369	ダミー	假	ok	skip_empty_dummy
ranged	2370	ダミー	假	ok	skip_empty_dummy
ranged	2371	ダミー	假	ok	skip_empty_dummy
ranged	2372	ダミー	假	ok	skip_empty_dummy
ranged	2373	ダミー	假	ok	skip_empty_dummy
ranged	2374	ダミー	假	ok	skip_empty_dummy
ranged	2375	ダミー	假	ok	skip_empty_dummy
ranged	2376	ダミー	假	ok	skip_empty_dummy
ranged	2377	ダミー	假	ok	skip_empty_dummy
ranged	2378	ダミー	假	ok	skip_empty_dummy
ranged	2379	ダミー	假	ok	skip_empty_dummy
ranged	2380	ダミー	假	ok	skip_empty_dummy
ranged	2381	ダミー	假	ok	skip_empty_dummy
ranged	2382	ダミー	假	ok	skip_empty_dummy
ranged	2383	ダミー	假	ok	skip_empty_dummy
ranged	2384	ダミー	假	ok	skip_empty_dummy
ranged	2385	ダミー	假	ok	skip_empty_dummy
ranged	2386	ダミー	假	ok	skip_empty_dummy
ranged	2387	ダミー	假	ok	skip_empty_dummy
ranged	2388	ダミー	假	ok	skip_empty_dummy
ranged	2389	ダミー	假	ok	skip_empty_dummy
ranged	2390	ダミー	假	ok	skip_empty_dummy
ranged	2391	ダミー	假	ok	skip_empty_dummy
ranged	2392	ダミー	假	ok	skip_empty_dummy
ranged	2393	ダミー	假	ok	skip_empty_dummy
ranged	2394	ダミー	假	ok	skip_empty_dummy
ranged	2395	ダミー	假	ok	skip_empty_dummy
ranged	2396	ダミー	假	ok	skip_empty_dummy
ranged	2397	ダミー	假	ok	skip_empty_dummy
ranged	2398	ダミー	假	ok	skip_empty_dummy
ranged	2399	ダミー	假	ok	skip_empty_dummy
ranged	2400	ダミー	假	ok	skip_empty_dummy
ranged	2401	ダミー	假	ok	skip_empty_dummy
ranged	2402	ダミー	假	ok	skip_empty_dummy
ranged	2403	ダミー	假	ok	skip_empty_dummy
ranged	2404	ダミー	假	ok	skip_empty_dummy
ranged	2405	ダミー	假	ok	skip_empty_dummy
ranged	2406	ダミー	假	ok	skip_empty_dummy
ranged	2407	ダミー	假	ok	skip_empty_dummy
ranged	2408	ダミー	假	ok	skip_empty_dummy
ranged	2409	ダミー	假	ok	skip_empty_dummy
ranged	2410	ダミー	假	ok	skip_empty_dummy
ranged	2411	ダミー	假	ok	skip_empty_dummy
ranged	2412	ダミー	假	ok	skip_empty_dummy
ranged	2413	ダミー	假	ok	skip_empty_dummy
ranged	2414	ダミー	假	ok	skip_empty_dummy
ranged	2415	ダミー	假	ok	skip_empty_dummy
ranged	2416	ダミー	假	ok	skip_empty_dummy
ranged	2417	ダミー	假	ok	skip_empty_dummy
ranged	2418	ダミー	假	ok	skip_empty_dummy
ranged	2419	ダミー	假	ok	skip_empty_dummy
ranged	2420	ダミー	假	ok	skip_empty_dummy
ranged	2421	ダミー	假	ok	skip_empty_dummy
ranged	2422	ダミー	假	ok	skip_empty_dummy
ranged	2423	ダミー	假	ok	skip_empty_dummy
ranged	2424	ダミー	假	ok	skip_empty_dummy
ranged	2425	ダミー	假	ok	skip_empty_dummy
ranged	2426	ダミー	假	ok	skip_empty_dummy
ranged	2427	ダミー	假	ok	skip_empty_dummy
ranged	2428	ダミー	假	ok	skip_empty_dummy
ranged	2429	ダミー	假	ok	skip_empty_dummy
ranged	2430	ダミー	假	ok	skip_empty_dummy
ranged	2431	ダミー	假	ok	skip_empty_dummy
ranged	2432	ダミー	假	ok	skip_empty_dummy
ranged	2433	ダミー	假	ok	skip_empty_dummy
ranged	2434	ダミー	假	ok	skip_empty_dummy
ranged	2435	ダミー	假	ok	skip_empty_dummy
ranged	2436	ダミー	假	ok	skip_empty_dummy
ranged	2437	ダミー	假	ok	skip_empty_dummy
ranged	2438	ダミー	假	ok	skip_empty_dummy
ranged	2439	ダミー	假	ok	skip_empty_dummy
ranged	2440	ダミー	假	ok	skip_empty_dummy
ranged	2441	ダミー	假	ok	skip_empty_dummy
ranged	2442	ダミー	假	ok	skip_empty_dummy
ranged	2443	ダミー	假	ok	skip_empty_dummy
ranged	2444	ダミー	假	ok	skip_empty_dummy
ranged	2445	ダミー	假	ok	skip_empty_dummy
ranged	2446	ダミー	假	ok	skip_empty_dummy
ranged	2447	ダミー	假	ok	skip_empty_dummy
ranged	2448	ダミー	假	ok	skip_empty_dummy
ranged	2449	ダミー	假	ok	skip_empty_dummy
ranged	2450	ダミー	假	ok	skip_empty_dummy
ranged	2451	ダミー	假	ok	skip_empty_dummy
ranged	2452	ダミー	假	ok	skip_empty_dummy
ranged	2453	ダミー	假	ok	skip_empty_dummy
ranged	2454	ダミー	假	ok	skip_empty_dummy
ranged	2455	ダミー	假	ok	skip_empty_dummy
ranged	2456	ダミー	假	ok	skip_empty_dummy
ranged	2457	ダミー	假	ok	skip_empty_dummy
ranged	2458	ダミー	假	ok	skip_empty_dummy
ranged	2459	ダミー	假	ok	skip_empty_dummy
ranged	2460	ダミー	假	ok	skip_empty_dummy
ranged	2461	ダミー	假	ok	skip_empty_dummy
ranged	2462	ダミー	假	ok	skip_empty_dummy
ranged	2463	ダミー	假	ok	skip_empty_dummy
ranged	2464	ダミー	假	ok	skip_empty_dummy
ranged	2465	ダミー	假	ok	skip_empty_dummy
ranged	2466	ダミー	假	ok	skip_empty_dummy
ranged	2467	ダミー	假	ok	skip_empty_dummy
ranged	2468	ダミー	假	ok	skip_empty_dummy
ranged	2469	ダミー	假	ok	skip_empty_dummy
ranged	2470	ダミー	假	ok	skip_empty_dummy
ranged	2471	ダミー	假	ok	skip_empty_dummy
ranged	2472	ダミー	假	ok	skip_empty_dummy
ranged	2473	ダミー	假	ok	skip_empty_dummy
ranged	2474	ダミー	假	ok	skip_empty_dummy
ranged	2475	ダミー	假	ok	skip_empty_dummy
ranged	2476	ダミー	假	ok	skip_empty_dummy
ranged	2477	ダミー	假	ok	skip_empty_dummy
ranged	2478	ダミー	假	ok	skip_empty_dummy
ranged	2479	ダミー	假	ok	skip_empty_dummy
ranged	2480	ダミー	假	ok	skip_empty_dummy
ranged	2481	ダミー	假	ok	skip_empty_dummy
ranged	2482	ダミー	假	ok	skip_empty_dummy
ranged	2483	Barrow Carbine	布阿爾爾歐瓦可賓	bad	type_phonetic
ranged	2484	Virus Carbine	維伊爾烏斯可賓	bad	type_phonetic
ranged	2485	Kind Carbine	優可賓	ok	ok
ranged	2486	Mercury Carbine	姆艾爾克烏爾伊可賓	bad	type_phonetic
ranged	2487	Dunellis Carbine	德烏恩艾勒勒伊斯可賓	bad	type_phonetic
ranged	2488	Rhodes Guardia	爾哈歐德艾斯格烏阿爾德伊阿	bad	phonetic_salad
ranged	2489	B909・モルアディガルディア	B909・莫魯阿迪加魯	ok	ok
ranged	2490	Polar Carbine	普歐勒阿爾可賓	bad	type_phonetic
ranged	2491	Farga Carbine	夫阿爾格阿可賓	bad	type_phonetic
ranged	2492	Neish Carbine	涅伊修可賓	bad	type_phonetic
ranged	2493	Paracarti Carbine	普阿爾阿克阿爾特可賓	bad	type_phonetic
ranged	2494	Genevi Carbine	格涅維可賓	ok	ok
ranged	2495	Les Guardia	勒艾斯格烏阿爾德伊阿	bad	phonetic_salad
ranged	2496	Gouache Guardia	戈烏阿奇艾格烏阿爾德伊阿	bad	phonetic_salad
ranged	2497	Pasrigo Papilo	波斯里戈・波皮洛	ok	ok
ranged	2498	Pasrigo Slopia	普阿斯爾伊格歐斯歐皮阿	bad	phonetic_salad
ranged	2499	Pissure Apis	普伊斯斯烏爾艾阿普伊斯	bad	phonetic_salad
ranged	2500	Pissure Hipiz	普伊斯斯烏爾艾希皮茲	bad	phonetic_salad
ranged	2501	Volcano Stock	火山槍托	ok	ok
ranged	2502	Eruption Stock	艾爾烏普特伊歐恩槍托	bad	phonetic_salad
ranged	2503	Downpour Stock	德歐瓦恩普歐烏爾槍托	bad	phonetic_salad
ranged	2504	C809・イノンダシオストック	C809・伊恩歐恩德阿斯哈	bad	phonetic_salad
ranged	2505	Impure Mortar	伊姆普烏爾艾臼	bad	phonetic_salad
ranged	2506	CA09・プティオモルタル	CA09・普提歐莫魯塔魯	ok	ok
ranged	2507	Impure Carbine	伊姆普烏爾艾可賓	bad	type_phonetic
ranged	2508	CC09・プティオカルバリン	CC09・普烏特伊歐克阿爾	bad	phonetic_salad
ranged	2509	El Tirador	EL特伊爾阿德歐爾	bad	phonetic_salad
ranged	2510	Le Majest	瑪傑斯	ok	ok
ranged	2511	Le Glorioso	格歐里歐索	ok	ok
ranged	2512	El Cazador	EL克阿茲阿德歐爾	bad	phonetic_salad
ranged	2513	El Salvador	EL斯阿勒維阿德歐爾	bad	phonetic_salad
ranged	2514	D209・オーレ・オノーレル	D209・歐雷・歐諾雷魯	ok	ok
ranged	2515	Link Willia	環節瓦伊勒勒伊阿	bad	phonetic_salad
ranged	2516	Link Mihaie	環節米哈伊艾	ok	ok
ranged	2517	D509・ラダ・イェラキ	D509・拉達・伊艾拉奇	ok	ok
ranged	2518	D609・ラダ・アトウェス	D609・拉達・阿托韋蘇	ok	ok
ranged	2519	D709・ノデル・フュジ	D709・諾徳爾・芙尤吉	ok	ok
ranged	2520	D809・ノデル・ゲベル	D809・諾徳爾・格貝魯	ok	ok
ranged	2521	ダミー	假	ok	skip_empty_dummy
ranged	2522	DA09・ノデル・エンフィ	DA09・諾徳爾・艾恩夫伊	ok	ok
ranged	2523	DB09・ノデル・スナイドル	DB09・諾徳爾・蘇娜伊多魯	ok	ok
ranged	2524	DC09・ルエニー・スペンサ	DC09・魯艾尼・斯烏普艾恩斯阿	bad	phonetic_salad
ranged	2525	DD09・ルエニー・エクレル	DD09・魯艾尼・艾庫雷魯	ok	ok
ranged	2526	DE09・クラン・フュジ	DE09・克烏爾阿恩・芙尤吉	ok	ok
ranged	2527	DF09・クラン・ゲベル	DF09・克烏爾阿恩・格貝魯	bad	phonetic_salad
ranged	2528	ダミー	假	ok	skip_empty_dummy
ranged	2529	E109・クラン・エンフィ	E109・克烏爾阿恩・艾恩夫伊	bad	phonetic_salad
ranged	2530	E209・クラン・スナイドル	E209・克烏爾阿恩・蘇娜伊多魯	bad	phonetic_salad
ranged	2531	E309・クリスチア・スペンサ	E309・奇伊阿・斯烏普艾恩斯阿	bad	phonetic_salad
ranged	2532	E409・クリスチア・エクレル	E409・奇伊阿・艾庫雷魯	ok	ok
ranged	2533	Machina Bow I	機械弓Ⅰ	ok	ok
ranged	2534	Machina Bow Ⅱ	機械弓Ⅱ	ok	ok
ranged	2535	Machina Bow Ⅲ	機械弓Ⅲ	ok	ok
ranged	2536	Machina Bow Ⅳ	機械弓Ⅳ	ok	ok
ranged	2537	Comb Machina Bow	弓里法磁瑪奇伊娜	ok	ok
ranged	2538	Palea Machina Bow	波麗亞・機械弓	ok	ok
ranged	2539	Shan Luminare	山魯米娜雷	ok	ok
ranged	2540	Shan Porth	山普歐爾特哈	ok	ok
ranged	2541	Shan Dour	山德歐烏爾	ok	ok
ranged	2542	Shan Glitter	煌	ok	ok
ranged	2543	Shan Glitzer	山格勒伊特茲艾爾	bad	phonetic_salad
ranged	2544	Shan Humble	山哈烏姆布勒艾	ok	ok
ranged	2545	Shan Missile	山姆伊斯斯伊勒艾	bad	phonetic_salad
ranged	2546	White Cat Barrel Mk1	白猫桶Mk１	ok	ok
ranged	2547	White Cat Barrel Mk2	白猫桶Mk２	ok	ok
ranged	2548	White Cat Barrel Mk3	白猫桶Mk３	ok	ok
ranged	2549	Black Cat Barrel Mk1	黑猫桶Mk１	ok	ok
ranged	2550	Black Cat Barrel Mk2	黑猫桶Mk２	ok	ok
ranged	2551	Black Cat Barrel Mk3	黑猫桶Mk３	ok	ok
ranged	2552	Red Cat Tar Cannon	赤猫焦油加農砲	ok	ok
ranged	2553	Red Cat Heavy Tar Cannon	赤猫重焦油加農砲	ok	ok
ranged	2554	Red Cat Huge Tar Cannon	赤猫巨大焦油加農砲	ok	ok
ranged	2555	Red Cat Great Tar Cannon	赤猫大焦油加農砲	ok	ok
ranged	2556	Red Cat Grand Tar Cannon	赤猫格爾阿恩德焦油加農砲	bad	phonetic_salad
ranged	2557	Evil Cat Tar Cannon	惡猫焦油加農砲	ok	ok
ranged	2558	EvilCat Heavy Tar Cannon	惡猫重焦油加農砲	ok	ok
ranged	2559	Evil Cat Huge Tar Cannon	惡猫巨大焦油加農砲	ok	ok
ranged	2560	EvilCat Great Tar Cannon	惡猫大焦油加農砲	ok	ok
ranged	2561	EvilCat Grand Tar Cannon	惡猫格爾阿恩德焦油加農砲	bad	phonetic_salad
ranged	2562	Golden Cat Cannon	黄金猫加農砲	ok	ok
ranged	2563	Golden Cat Caster	黄金猫克阿斯特艾爾	bad	phonetic_salad
ranged	2564	Golden Cat Launcher	黄金猫發射器	ok	ok
ranged	2565	Golden Cat Buster	黄金猫破壞	ok	ok
ranged	2566	Golden Cat Champion	黄金猫冠軍	ok	ok
ranged	2567	Silver Cat Nyannon	銀猫恩伊阿恩恩歐恩	bad	phonetic_salad
ranged	2568	Silver Cat Nyaster	銀猫恩伊阿斯特艾爾	bad	phonetic_salad
ranged	2569	Silver Cat Nyauncher	銀猫恩伊阿烏恩克哈艾	bad	phonetic_salad
ranged	2570	Silver Cat Nyaster	銀猫恩伊阿斯特艾爾	bad	phonetic_salad
ranged	2571	Furoru Flamme	弗洛火焔	ok	ok
ranged	2572	Furoru Premia	弗洛普艾米阿	ok	ok
ranged	2573	Furoru Tanz	弗洛特阿恩茲	ok	ok
ranged	2574	Furoru Tira	弗洛提拉	ok	ok
ranged	2575	0F0A・フロルダティフィス	0F0A・芙羅魯達提菲蘇	ok	ok
ranged	2576	Pearl Furoru Arch	珍珠弗洛強撃	ok	ok
ranged	2577	Crimson Destiny Shoulder	深紅命運斯哈歐烏勒德艾爾	bad	phonetic_salad
ranged	2578	120A・銀火竜重砲【冥王】	120A・銀火竜重砲【冥王】	ok	ok
ranged	2579	130A・ルレードフシール	130A・魯雷多芙修伊魯	ok	ok
ranged	2580	140A・ルレードオルファー	140A・魯雷多歐魯法	ok	ok
ranged	2581	150A・シャロンバーメット	150A・斯哈阿爾歐恩布阿	bad	phonetic_salad
ranged	2582	160A・シャロンフランピア	160A・斯哈阿爾歐恩夫烏	bad	phonetic_salad
ranged	2583	170A・ルヴァンガンブラー	170A・爾烏維阿恩格阿恩	bad	phonetic_salad
ranged	2584	180A・ルレードファイア	180A・魯雷多法伊阿	ok	ok
ranged	2585	190A・ルレードガロード	190A・魯雷多加羅多	ok	ok
ranged	2586	1A0A・シャロンバワード	1A0A・斯哈阿爾歐恩布阿	bad	phonetic_salad
ranged	2587	1B0A・シャロンベルガル	1B0A・斯哈阿爾歐恩布艾	bad	phonetic_salad
ranged	2588	1C0A・ルヴァンブラッサー	1C0A・爾烏維阿恩布烏爾	bad	phonetic_salad
ranged	2589	1D0A・ルレードワゾー	1D0A・魯雷多瓦佐	ok	ok
ranged	2590	1E0A・ルレードモワーノ	1E0A・魯雷多莫瓦諾	ok	ok
ranged	2591	1F0A・シャロンイロンデル	1F0A・斯哈阿爾歐恩伊爾	bad	phonetic_salad
ranged	2592	200A・シャロンフォコン	200A・斯哈阿爾歐恩夫歐	bad	phonetic_salad
ranged	2593	210A・ルヴァンエグディラ	210A・魯瓦涅古迪拉	ok	ok
ranged	2594	Dio Nimbus	迪奧努波奇	ok	ok
ranged	2595	Dio Groza	迪奧格歐扎	ok	ok
ranged	2596	Dio Gewitter	迪奧格艾瓦伊特特艾爾	bad	phonetic_salad
ranged	2597	Dio Tormenta	迪奧特歐爾姆艾恩特阿	bad	phonetic_salad
ranged	2598	Dio Flumine	迪奧弗烏米涅	ok	ok
ranged	2599	Dio Atizmo	迪奧阿提茲莫	ok	ok
ranged	2600	Dio Calamity	迪奧努波奇	ok	ok
ranged	2601	Dio Brachial	迪奧布爾阿克哈伊阿勒	bad	phonetic_salad
ranged	2602	Dio Absolute	迪奧絶対	ok	ok
ranged	2603	Dio Annihilate	迪奧阿恩恩伊哈伊勒阿	bad	phonetic_salad
ranged	2604	"Alpha Canis ""Avalanche"""	α克阿恩伊斯雪崩	bad	phonetic_salad
ranged	2605	"Royal Wolf Gun""Kamikaze"""	王室狼銃可米可澤	ok	ok
ranged	2606	"Royal Wolf Hbg ""Icicle"""	重弩王室狼冰柱	ok	ok
ranged	2607	"Royal Wolf Bow ""Orchid"""	弓王室狼歐爾克哈伊德	bad	phonetic_salad
ranged	2608	Jebia Flare	灰晶蠍輝	ok	ok
ranged	2609	310A・ジェビアフェテース	310A・吉艾比阿菲特蘇	ok	ok
ranged	2610	Silver Heaven King Gun	銀天王銃	ok	ok
ranged	2611	Crimson Ruiner Recurve	深紅爾烏伊恩艾爾爾艾克烏爾維艾	bad	phonetic_salad
ranged	2612	Fierce Pierce Bowgun	猛貫通弩	ok	ok
ranged	2613	Rote Aura	輪唱気	ok	ok
ranged	2614	Partner Bowgun	夥伴弩槍	ok	ok
ranged	2615	Partner Trigger	普阿爾特恩艾爾特爾伊格格艾爾	bad	phonetic_salad
ranged	2616	Rotfresser	爾歐特夫爾艾斯斯	bad	phonetic_salad
ranged	2617	Partner Cannon	夥伴加農砲	ok	ok
ranged	2618	Partner Launcher	夥伴發射器	ok	ok
ranged	2619	Rote Reise	輪唱雷伊瑟	ok	ok
ranged	2620	Partner Bow	夥伴弓	ok	ok
ranged	2621	Partner Rook	普阿爾特恩艾爾城堡	bad	phonetic_salad
ranged	2622	Steel Puffer Ⅵ	鋼之河豚Ⅵ	ok	ok
ranged	2623	Steel Puffer Ⅶ	鋼之河豚Ⅶ	ok	ok
ranged	2624	Steel Puffer Ⅷ	鋼之河豚Ⅷ	ok	ok
ranged	2625	R.O.S.Ⅰ	羅斯Ⅰ	ok	ok
ranged	2626	R.O.S.Ⅱ	羅斯Ⅱ	ok	ok
ranged	2627	R.O.S.Ⅲ	羅斯Ⅲ	ok	ok
ranged	2628	R.O.S.Ⅳ	羅斯Ⅳ	ok	ok
ranged	2629	R.O.S.Ⅴ	羅斯Ⅴ	ok	ok
ranged	2630	R.O.S.Ⅵ	羅斯Ⅵ	ok	ok
ranged	2631	Starlight mkⅢ・Ⅰ	星光mkⅢⅠ	ok	ok
ranged	2632	Starlight mkⅢ・Ⅱ	星光mkⅢⅡ	ok	ok
ranged	2633	Starlight mkⅢ・Ⅲ	星光mkⅢⅢ	ok	ok
ranged	2634	Starlight mkⅢ・Ⅳ	星光mkⅢⅣ	ok	ok
ranged	2635	Starlight mkⅢ・Ⅴ	星光mkⅢⅤ	ok	ok
ranged	2636	Starlight mkⅢ・Ⅵ	星光mkⅢⅥ	ok	ok
ranged	2637	ダミー	假	ok	skip_empty_dummy
ranged	2638	ダミー	假	ok	skip_empty_dummy
ranged	2639	ダミー	假	ok	skip_empty_dummy
ranged	2640	ダミー	假	ok	skip_empty_dummy
ranged	2641	ダミー	假	ok	skip_empty_dummy
ranged	2642	ダミー	假	ok	skip_empty_dummy
ranged	2643	ダミー	假	ok	skip_empty_dummy
ranged	2644	ダミー	假	ok	skip_empty_dummy
ranged	2645	ダミー	假	ok	skip_empty_dummy
ranged	2646	ダミー	假	ok	skip_empty_dummy
ranged	2647	ダミー	假	ok	skip_empty_dummy
ranged	2648	ダミー	假	ok	skip_empty_dummy
ranged	2649	ダミー	假	ok	skip_empty_dummy
ranged	2650	5A0A・シュメルナッソ	5A0A・斯哈烏姆艾爾烏恩	bad	phonetic_salad
ranged	2651	5B0A・シュメーリオ	5B0A・修烏梅里歐	ok	ok
ranged	2652	5C0A・シュメドルフィア	5C0A・修烏梅多魯	ok	ok
ranged	2653	5D0A・シュメラフィウム	5D0A・修烏梅拉菲烏穆	ok	ok
ranged	2654	5E0A・ペタルデレーヴ	5E0A・佩塔魯德雷芙	ok	ok
ranged	2655	GLS-0075	格勒斯００７５	ok	ok
ranged	2656	GLS-0422	格勒斯０４２２	ok	ok
ranged	2657	GLS-7601	格勒斯７６０１	ok	ok
ranged	2658	GLS-7600β	ＧＬＳ7600β	ok	ok
ranged	2659	GLS-9800Σ	ＧＬＳ9800Σ	ok	ok
ranged	2660	Furoru Pistol	弗洛普伊斯特歐勒	bad	phonetic_salad
ranged	2661	Furoru Prayer	弗洛祈願	ok	ok
ranged	2662	Furoru Bayonet	弗洛布阿伊歐恩艾特	bad	phonetic_salad
ranged	2663	Furoru Pistria	弗洛皮斯里阿	ok	ok
ranged	2664	Furoru Revolver	弗洛爾艾維歐勒維艾爾	bad	phonetic_salad
ranged	2665	Fennel Furoru Revolver	夫艾恩恩艾勒弗洛爾艾維歐勒維艾爾	bad	phonetic_salad
ranged	2666	Furoru Ametra	弗洛阿梅特阿	ok	ok
ranged	2667	Furoru Mitry	弗洛姆伊特爾伊	ok	ok
ranged	2668	Furoru Torice	弗洛托里瑟	ok	ok
ranged	2669	Furoru Siege	弗洛西艾格	ok	ok
ranged	2670	Furoru Shitio	弗洛修伊提歐	ok	ok
ranged	2671	Orchid Fururo Rifle	歐爾克哈伊德芙魯羅里弗艾	bad	type_phonetic
ranged	2672	Fusir Eigler	夫烏斯伊爾艾伊格勒艾爾	bad	phonetic_salad
ranged	2673	Love Parasol	愛陽傘	ok	ok
ranged	2674	Furon Brute	夫烏爾歐恩布烏特	bad	phonetic_salad
ranged	2675	Brave Horn	勇敢角	ok	ok
ranged	2676	Golddust Storm Hbg	重弩格歐勒德德烏斯特風暴	bad	phonetic_salad
ranged	2677	Golddust Thunder Hbg	雷格歐勒德德烏斯特重弩	ok	ok
ranged	2678	Golddust Tornado Hbg	重弩格歐勒德德烏斯特竜巻	ok	ok
ranged	2679	Golddust Thunderroar Hbg	重弩格歐勒德德烏斯特特哈烏恩德艾爾爾	bad	phonetic_salad
ranged	2680	Golddust Tempest Hbg	重弩格歐勒德德烏斯特暴風	bad	phonetic_salad
ranged	2681	ダミー	假	ok	skip_empty_dummy
ranged	2682	ダミー	假	ok	skip_empty_dummy
ranged	2683	ダミー	假	ok	skip_empty_dummy
ranged	2684	ダミー	假	ok	skip_empty_dummy
ranged	2685	ダミー	假	ok	skip_empty_dummy
ranged	2686	7E0A・ネグルドカウス	7E0A・涅古魯多可烏蘇	ok	ok
ranged	2687	7F0A・ネグルドハース	7F0A・涅古魯多哈蘇	ok	ok
ranged	2688	800A・ネグルドヴェロス	800A・涅古魯多維羅蘇	ok	ok
ranged	2689	810A・ネグルドサギッタ	810A・恩艾格烏爾烏德歐	bad	phonetic_salad
ranged	2690	820A・ネグルドルークソン	820A・恩艾格烏爾烏德歐	bad	phonetic_salad
ranged	2691	830A・雅翁弓【姫淡】	830A・雅翁弓【姫淡】	ok	ok
ranged	2692	Nobelf Seal	恩歐布艾勒夫封印	bad	phonetic_salad
ranged	2693	Nobelf Olfer	恩歐布艾勒夫歐勒夫艾爾	bad	phonetic_salad
ranged	2694	860A・ゲイオンバーメット	860A・格艾伊歐恩布阿姆	bad	phonetic_salad
ranged	2695	870A・ゲイオンフランピア	870A・格艾伊歐恩夫烏爾	bad	phonetic_salad
ranged	2696	880A・プレザンガンブラー	880A・普烏爾艾茲阿恩格	bad	phonetic_salad
ranged	2697	Noble Fire	火貴族	ok	ok
ranged	2698	8A0A・ノーベルガロード	8A0A・諾貝魯加羅多	ok	ok
ranged	2699	8B0A・ゲイオンバワード	8B0A・格艾伊歐恩布阿瓦	bad	phonetic_salad
ranged	2700	8C0A・ゲイオンベルガル	8C0A・格艾伊歐恩布艾爾	bad	phonetic_salad
ranged	2701	8D0A・プレザンブラッサー	8D0A・普烏爾艾茲阿恩布	bad	phonetic_salad
ranged	2702	8E0A・ノーベルワゾー	8E0A・諾貝魯瓦佐	ok	ok
ranged	2703	8F0A・ノーベルモワーノ	8F0A・諾貝魯莫瓦諾	ok	ok
ranged	2704	900A・ゲイオンイロンデル	900A・格艾伊歐恩伊爾歐	bad	phonetic_salad
ranged	2705	910A・ゲイオンフォコン	910A・格艾伊歐恩夫歐克	bad	phonetic_salad
ranged	2706	920A・プレザンエグディラ	920A・普雷扎涅古迪拉	ok	ok
ranged	2707	Bubble Shade	泡沫影	ok	ok
ranged	2708	"Bubble Shade ""Love"""	泡沫影愛	ok	ok
ranged	2709	"Bubble Shade ""Heartless"""	泡沫影哈艾阿爾特勒艾斯	bad	phonetic_salad
ranged	2710	"Bubble Shade ""Crying"""	泡沫影克伊恩	ok	ok
ranged	2711	"Bubble Shade ""Sorrow"""	泡沫影研磨尾	ok	ok
ranged	2712	"Bubble Shade ""Offset"""	泡沫影歐夫夫斯艾特	bad	phonetic_salad
ranged	2713	"Bubble Shade ""Date"""	泡沫影達特	ok	ok
ranged	2714	Red Rain	赤雨	ok	ok
ranged	2715	"Red Rain ""Lively"""	赤雨勒伊維艾勒伊	bad	phonetic_salad
ranged	2716	"Red Rain ""Caper"""	赤雨克阿普艾爾	ok	ok
ranged	2717	"Red Rain ""Soft"""	赤雨軟	ok	ok
ranged	2718	"Red Rain ""Sneak"""	赤雨斯恩艾阿克	ok	ok
ranged	2719	"Red Rain ""Blinding"""	赤雨布勒伊恩德伊恩格	bad	phonetic_salad
ranged	2720	"Red Rain ""Clear Moon"""	赤雨透月	ok	ok
ranged	2721	Prima Shooter・Fire	火第一射手	ok	ok
ranged	2722	Hydro Arc・Fire	火努波奇阿爾克	ok	ok
ranged	2723	ダミー	假	ok	skip_empty_dummy
ranged	2724	Suzaku Fire Bow	火蘇扎庫弓	ok	ok
ranged	2725	Crescent Fire Bow	火克爾艾斯克艾恩特弓	bad	phonetic_salad
ranged	2726	Principal Purity・Fire	火普爾伊恩克伊普阿純潔	bad	phonetic_salad
ranged	2727	Principal Purity Ⅱ Fire	火普爾伊恩克伊普阿純潔Ⅱ	bad	phonetic_salad
ranged	2728	Prima Shooter・Darkness	第一射手德阿爾克恩艾斯斯	bad	phonetic_salad
ranged	2729	Hydro Arc・Darkness	努波奇阿爾克德阿爾克恩艾斯斯	bad	phonetic_salad
ranged	2730	ダミー	假	ok	skip_empty_dummy
ranged	2731	Dark Suzaku Bow	弓闇蘇扎庫	ok	ok
ranged	2732	Crescent Darkness Bow	弓克爾艾斯克艾恩特德阿爾克恩艾斯斯	bad	phonetic_salad
ranged	2733	Principal Purity・Dark	普爾伊恩克伊普阿純潔闇	bad	phonetic_salad
ranged	2734	Principal Purity Ⅱ Dark	普爾伊恩克伊普阿純潔Ⅱ闇	bad	phonetic_salad
ranged	2735	Wolf Ⅰ	狼Ⅰ	ok	ok
ranged	2736	Wolf Ⅱ	狼Ⅱ	ok	ok
ranged	2737	Wolf Ⅲ	狼Ⅲ	ok	ok
ranged	2738	Wolf Ⅳ	狼Ⅳ	ok	ok
ranged	2739	Wolfsmagen	瓦歐勒夫斯姆阿格	bad	phonetic_salad
ranged	2740	Rotkaeppchen	爾歐特克阿艾普普	bad	phonetic_salad
ranged	2741	Technik Bow Ⅰ	技術弓Ⅰ	ok	ok
ranged	2742	Technik Bow Ⅱ	技術弓Ⅱ	ok	ok
ranged	2743	Technik Bow Ⅲ	技術弓Ⅲ	ok	ok
ranged	2744	Technik Bow Ⅳ	技術弓Ⅳ	ok	ok
ranged	2745	Kombo Technik Bow	弓克歐姆布歐特艾克哈恩伊克	bad	type_phonetic
ranged	2746	Parier Technik Bow	弓普阿爾伊艾爾特艾克哈恩伊克	bad	phonetic_salad
ranged	2747	BB0A・プテリュクス	BB0A・普特	ok	ok
ranged	2748	BC0A・プテリュクス・クポス	BC0A・普特・庫波蘇	ok	ok
ranged	2749	BD0A・プテリュクス・カロス	BD0A・普特・可羅蘇	ok	ok
ranged	2750	BE0A・プテリュクス・エウカ	BE0A・普特・艾烏可	ok	ok
ranged	2751	BF0A・プテリュクス・サギニ	BF0A・普特・薩吉尼	ok	ok
ranged	2752	C00A・プテリュクス・アステ	C00A・普特・阿蘇特	ok	ok
ranged	2753	Asha	阿修阿	ok	ok
ranged	2754	C20A・マーシャプラン	C20A・姆阿斯哈阿普烏爾	bad	phonetic_salad
ranged	2755	C30A・マーシャエテ	C30A・瑪修阿艾特	ok	ok
ranged	2756	C40A・マーシャトンヌ	C40A・姆阿斯哈阿特歐恩	bad	phonetic_salad
ranged	2757	C50A・マーシャイヴェ	C50A・瑪修阿伊維	ok	ok
ranged	2758	C60A・マーシャジュ	C60A・瑪修阿朱	ok	ok
ranged	2759	C70A・マーシャニール	C70A・瑪修阿尼魯	ok	ok
ranged	2760	C80A・フォスター	C80A・佛蘇塔	ok	ok
ranged	2761	C90A・フォスタープラン	C90A・夫歐斯烏特阿普烏	bad	phonetic_salad
ranged	2762	CA0A・フォスターエテ	CA0A・佛蘇塔艾特	ok	ok
ranged	2763	CB0A・フォスタートンヌ	CB0A・夫歐斯烏特阿特歐	bad	phonetic_salad
ranged	2764	CC0A・フォスターイヴェ	CC0A・佛蘇塔伊維	ok	ok
ranged	2765	CD0A・フォスタージュ	CD0A・佛蘇塔朱	ok	ok
ranged	2766	CE0A・フォスターニール	CE0A・佛蘇塔尼魯	ok	ok
ranged	2767	Shadowpierce Odi Cannon	斯哈阿德歐瓦普伊奧加農砲	bad	phonetic_salad
ranged	2768	Nebula Artilery	星雲阿爾特伊勒艾爾伊	bad	phonetic_salad
ranged	2769	D10A・エピヌ・アルク	D10A・艾皮努・阿魯庫	ok	ok
ranged	2770	D20A・スピーナ・アルク	D20A・蘇皮娜・阿魯庫	ok	ok
ranged	2771	Pile Auro	皮勒阿烏羅	ok	ok
ranged	2772	Ein Argento	艾恩阿爾格艾恩特歐	bad	phonetic_salad
ranged	2773	Typeless Heavy Bowgun	特伊普艾勒艾斯斯重弩	ok	ok
ranged	2774	Lunar Eclipse	月日蝕	ok	ok
ranged	2775	Caravan Flash Gun	商隊閃銃	ok	ok
ranged	2776	Caravan Flash Gun Ⅱ	商隊閃銃Ⅱ	ok	ok
ranged	2777	Caravan Flash Gun Ⅲ	商隊閃銃Ⅲ	ok	ok
ranged	2778	ダミー	假	ok	skip_empty_dummy
ranged	2779	Caravan Roar Gun Ⅱ	商隊吼銃Ⅱ	ok	ok
ranged	2780	Caravan Roar Gun Ⅲ	商隊吼銃Ⅲ	ok	ok
ranged	2781	Caravan Sun Bow	商隊日弓	ok	ok
ranged	2782	Caravan Sun Bow Ⅱ	商隊日弓Ⅱ	ok	ok
ranged	2783	Caravan Sun Bow Ⅲ	商隊日弓Ⅲ	ok	ok
ranged	2784	Black Cat Barrel Mk4	黑猫桶Mk４	ok	ok
ranged	2785	Black Cat Barrel Mk5	黑猫桶Mk５	ok	ok
ranged	2786	Black Cat Barrel Mk6	黑猫桶Mk６	ok	ok
ranged	2787	Albur Bow	弓阿勒布烏爾	ok	ok
ranged	2788	Albun Bow	弓阿勒布烏恩	ok	ok
ranged	2789	Alulu Bow	弓阿魯魯	ok	ok
ranged	2790	E60A・セリスィ・ベック	E60A・瑟里蘇伊・布艾布克烏	bad	phonetic_salad
ranged	2791	E70A・セリスィ・ロアー	E70A・瑟里蘇伊・羅阿	ok	ok
ranged	2792	E80A・セリスィ・コール	E80A・瑟里蘇伊・科魯	ok	ok
ranged	2793	Abyssal Felyne	艾路猫深淵	ok	ok
ranged	2794	EA0A・覇導砲・裏刃素	EA0A・覇導砲・裡刃素	ok	ok
ranged	2795	Rapid Dragon Head	竜爾阿普伊德頭	ok	ok
ranged	2796	VLS-9700β	ＶＬＳ9700β	ok	ok
ranged	2797	Silverwaffe	斯伊勒維艾爾瓦阿	bad	phonetic_salad
ranged	2798	EE0A・アルジャンルー	EE0A・阿爾烏杰阿恩爾烏	bad	phonetic_salad
ranged	2799	Diablos Artillery	角竜阿爾特伊勒勒艾爾	bad	phonetic_salad
ranged	2800	F00A・相互スチマ式放雷弓	F00A・相互蘇奇伊瑪式放雷弓	ok	ok
ranged	2801	F10A・コンレガアルクス	F10A・克歐恩爾艾格阿阿	bad	phonetic_salad
ranged	2802	ダミー	假	ok	skip_empty_dummy
ranged	2803	ダミー	假	ok	skip_empty_dummy
ranged	2804	ダミー	假	ok	skip_empty_dummy
ranged	2805	ダミー	假	ok	skip_empty_dummy
ranged	2806	ダミー	假	ok	skip_empty_dummy
ranged	2807	ダミー	假	ok	skip_empty_dummy
ranged	2808	ダミー	假	ok	skip_empty_dummy
ranged	2809	ダミー	假	ok	skip_empty_dummy
ranged	2810	Dazzling Crystal Hbg	重弩眩目結晶	ok	ok
ranged	2811	Flashing Crystal Hbg	重弩閃結晶	ok	ok
ranged	2812	FC0A・創音弓【仙楽】	FC0A・創音弓【仙楽】	ok	ok
ranged	2813	FD0A・バレナロヴェ	FD0A・巴雷娜羅維	ok	ok
ranged	2814	FE0A・バレナランポ	FE0A・巴雷波	ok	ok
ranged	2815	FF0A・バレナバレーノ	FF0A・巴雷娜巴雷諾	ok	ok
ranged	2816	000B・バレナローチェ	000B・巴雷娜羅奇伊艾	ok	ok
ranged	2817	010B・バレナテンペ	010B・布阿爾艾恩阿特艾	bad	phonetic_salad
ranged	2818	"Heart Valkyrie ""Chief"""	心女武神克哈伊艾夫	bad	phonetic_salad
ranged	2819	Heart Stealer Bow	弓心斯特艾阿勒艾爾	bad	phonetic_salad
ranged	2820	Spartacus Soul Neo	斯巴達魂新	ok	ok
ranged	2821	050B・ラグリッター	050B・爾阿格烏爾伊爾特	bad	phonetic_salad
ranged	2822	060B・ラグリッター・ブトス	060B・爾阿格烏爾伊爾特・布托蘇	bad	phonetic_salad
ranged	2823	070B・ラグリッター・プロス	070B・爾阿格烏爾伊爾特・普羅蘇	bad	phonetic_salad
ranged	2824	080B・ラグリッター・リプス	080B・爾阿格烏爾伊爾特・里普蘇	bad	phonetic_salad
ranged	2825	090B・ラグリッター・ダスク	090B・爾阿格烏爾伊爾特・達蘇庫	bad	phonetic_salad
ranged	2826	0A0B・ラグリッター・ソラシ	0A0B・爾阿格烏爾伊爾特・索拉修伊	bad	phonetic_salad
ranged	2827	0B0B・ラグリッター・ケイオ	0B0B・爾阿格烏爾伊爾特・凱伊歐	bad	phonetic_salad
ranged	2828	0C0B・ザウリッター	0C0B・茲阿烏爾伊爾特阿	bad	phonetic_salad
ranged	2829	0D0B・ザウリッター・ブトス	0D0B・茲阿烏爾伊爾特阿・布托蘇	bad	phonetic_salad
ranged	2830	0E0B・ザウリッター・プロス	0E0B・茲阿烏爾伊爾特阿・普羅蘇	bad	phonetic_salad
ranged	2831	0F0B・ザウリッター・リプス	0F0B・茲阿烏爾伊爾特阿・里普蘇	bad	phonetic_salad
ranged	2832	100B・ザウリッター・ダスク	100B・茲阿烏爾伊爾特阿・達蘇庫	bad	phonetic_salad
ranged	2833	110B・ザウリッター・ソラシ	110B・茲阿烏爾伊爾特阿・索拉修伊	bad	phonetic_salad
ranged	2834	120B・ザウリッター・ケイオ	120B・茲阿烏爾伊爾特阿・凱伊歐	bad	phonetic_salad
ranged	2835	Lobo Ⅰ	魯布托Ⅰ	ok	ok
ranged	2836	Lobo Ⅱ	魯布托Ⅱ	ok	ok
ranged	2837	Lobo Ⅲ	魯布托Ⅲ	ok	ok
ranged	2838	Lobo Ⅳ	魯布托Ⅳ	ok	ok
ranged	2839	Evil Lobo	惡洛波	ok	ok
ranged	2840	Dangerous Lobo	球紋章洛波	ok	ok
ranged	2841	190B・ケット	190B・克艾克特歐	bad	phonetic_salad
ranged	2842	1A0B・ケット・リベルテ	1A0B・克艾克特歐・里貝魯特	bad	phonetic_salad
ranged	2843	1B0B・ケット・オダシュー	1B0B・克艾克特歐・歐達修烏	bad	phonetic_salad
ranged	2844	1C0B・ケット・コネサンス	1C0B・克艾克特歐・克歐恩艾斯阿恩斯	bad	phonetic_salad
ranged	2845	1D0B・ケット・シャンス	1D0B・克艾克特歐・斯哈阿恩斯烏	bad	phonetic_salad
ranged	2846	1E0B・ケット・クロワサンス	1E0B・克艾克特歐・斯阿恩斯烏	bad	phonetic_salad
ranged	2847	1F0B・ケット・デクヴェルト	1F0B・克艾克特歐・德庫維魯托	ok	ok
ranged	2848	200B・ポーイスク	200B・波伊蘇庫	ok	ok
ranged	2849	210B・ポーイスク・ロースト	210B・波伊蘇庫・羅蘇托	ok	ok
ranged	2850	220B・ポーイスク・ジャジダ	220B・波伊蘇庫・雅吉達	ok	ok
ranged	2851	230B・ポーイスク・パミャチ	230B・波伊蘇庫・普阿姆伊阿克哈伊	bad	phonetic_salad
ranged	2852	240B・ポーイスク・チェスチ	240B・波伊蘇庫・奇伊艾蘇奇伊	ok	ok
ranged	2853	250B・ポーイスク・スラヴァ	250B・波伊蘇庫・蘇拉瓦	ok	ok
ranged	2854	260B・ポーイスク・ウーズィ	260B・波伊蘇庫・烏祖伊	ok	ok
ranged	2855	Flower Feast Bow	弓花菲阿斯	ok	ok
ranged	2856	280B・花宴弓【寒椿】	280B・花宴弓【寒椿】	ok	ok
ranged	2857	290B・花宴弓【唐綿】	290B・花宴弓【唐綿】	ok	ok
ranged	2858	2A0B・花宴弓【山丹花】	2A0B・花宴弓【山丹花】	ok	ok
ranged	2859	2B0B・花宴弓【花麒麟】	2B0B・花宴弓【花麒麟】	ok	ok
ranged	2860	2C0B・花宴弓【桜蓼】	2C0B・花宴弓【桜蓼】	ok	ok
ranged	2861	2D0B・藤袴弓	2D0B・藤袴弓	ok	ok
ranged	2862	2E0B・藤袴弓【寒椿】	2E0B・藤袴弓【寒椿】	ok	ok
ranged	2863	2F0B・藤袴弓【唐綿】	2F0B・藤袴弓【唐綿】	ok	ok
ranged	2864	300B・藤袴弓【山丹花】	300B・藤袴弓【山丹花】	ok	ok
ranged	2865	310B・藤袴弓【花麒麟】	310B・藤袴弓【花麒麟】	ok	ok
ranged	2866	320B・藤袴弓【桜蓼】	320B・藤袴弓【桜蓼】	ok	ok
ranged	2867	Fatal Magia	致命瑪吉阿	ok	ok
ranged	2868	Fatal Assaut	致命阿斯斯阿烏特	bad	phonetic_salad
ranged	2869	Fatal Briscola	致命布爾伊斯克歐勒阿	bad	phonetic_salad
ranged	2870	Fatal Miracle	致命奇跡	ok	ok
ranged	2871	Fatal Oracle	致命神諭	ok	ok
ranged	2872	380B・ファータ・ネメジ	380B・法塔・涅梅吉	ok	ok
ranged	2873	Fleur	芙蕾爾	ok	ok
ranged	2874	Fleur Minion	芙蕾爾姆伊恩伊歐恩	bad	phonetic_salad
ranged	2875	3B0B・フルーリール	3B0B・芙魯里魯	ok	ok
ranged	2876	Fleur Eclat	芙蕾爾艾克勒阿特	bad	phonetic_salad
ranged	2877	Fleur Gloire	芙蕾爾格歐伊雷	ok	ok
ranged	2878	Fleur Amour	芙蕾爾阿姆歐烏爾	bad	phonetic_salad
ranged	2879	3F0B・オレズバールⅠ	3F0B・歐雷祖巴魯	ok	ok
ranged	2880	400B・オレズバールⅡ	400B・歐雷祖巴魯	ok	ok
ranged	2881	ダミー	假	ok	skip_empty_dummy
ranged	2882	420B・オレズバールⅢ	420B・歐雷祖巴魯	ok	ok
ranged	2883	430B・オレズバールⅣ	430B・歐雷祖巴魯	ok	ok
ranged	2884	440B・アリシ・ペザード	440B・阿里修伊・佩扎多	ok	ok
ranged	2885	450B・アリシ・ヴェアラル	450B・阿里修伊・維阿拉魯	ok	ok
ranged	2886	Steel Raven Ⅶ	鋼之渡鴉Ⅶ	ok	ok
ranged	2887	Steel Raven Ⅷ	鋼之渡鴉Ⅷ	ok	ok
ranged	2888	480B・オーロワスコール	480B・歐羅瓦蘇科魯	ok	ok
ranged	2889	490B・オーロワペフティス	490B・歐羅瓦佩芙提蘇	ok	ok
ranged	2890	4A0B・ゴルトグローネ	4A0B・戈魯托古羅涅	ok	ok
ranged	2891	4B0B・ゴルトニーゼン	4B0B・格歐爾烏特歐恩伊	bad	phonetic_salad
ranged	2892	4C0B・ラダールスコール	4C0B・拉達魯蘇科魯	ok	ok
ranged	2893	4D0B・オーロワシュナット	4D0B・歐羅瓦	ok	ok
ranged	2894	4E0B・オーロワリャトーナ	4E0B・歐羅瓦里阿托娜	bad	phonetic_salad
ranged	2895	4F0B・ゴルトブルーメ	4F0B・戈魯托梅	ok	ok
ranged	2896	500B・ゴルトトラオム	500B・戈魯托托拉歐穆	ok	ok
ranged	2897	510B・ラダールシュナット	510B・拉達魯	ok	ok
ranged	2898	520B・オーロワストリエ	520B・歐羅瓦蘇托里艾	ok	ok
ranged	2899	530B・オーロワスローク	530B・歐羅瓦蘇羅庫	ok	ok
ranged	2900	Goldstern	格歐勒德斯特艾爾	bad	phonetic_salad
ranged	2901	Goldtraene	格歐勒德特爾阿艾	bad	phonetic_salad
ranged	2902	560B・ラダールストリエ	560B・拉達魯蘇托里艾	ok	ok
ranged	2903	570B・レガーロアモ	570B・雷加羅阿莫	ok	ok
ranged	2904	580B・レガーロアモ・コミ	580B・雷加羅阿莫・科米	ok	ok
ranged	2905	590B・レガーロアモ・プリ	590B・雷加羅阿莫・普里	ok	ok
ranged	2906	5A0B・レガーロアモ・エテ	5A0B・雷加羅阿莫・艾特	ok	ok
ranged	2907	5B0B・レガーロアモ・シエ	5B0B・雷加羅阿莫・修伊艾	ok	ok
ranged	2908	Mentiarrow	姆艾恩特伊阿爾爾	bad	phonetic_salad
ranged	2909	Mentigun	姆艾恩特伊格烏恩	bad	phonetic_salad
ranged	2910	Menticannon	姆艾恩特伊克阿恩	bad	phonetic_salad
ranged	2911	ダミー	假	ok	skip_empty_dummy
ranged	2912	ダミー	假	ok	skip_empty_dummy
ranged	2913	Torrent Shooter	激流射手	ok	ok
ranged	2914	Kushala's Storm	鋼竜之嵐	ok	ok
ranged	2915	Celebrity	克艾勒艾布爾伊特	bad	phonetic_salad
ranged	2916	War Heart	戦心	ok	ok
ranged	2917	Metal Avenger	金属阿維艾恩格艾爾	bad	phonetic_salad
ranged	2918	660B・ノヴァエラ	660B・諾瓦艾拉	ok	ok
ranged	2919	670B・シェオル	670B・修伊艾歐魯	ok	ok
ranged	2920	Steel Raven Ⅸ	鋼之渡鴉Ⅸ	ok	ok
ranged	2921	ダミー	假	ok	skip_empty_dummy
ranged	2922	6A0B・炎角重砲【葦牙】	6A0B・炎角重砲【葦牙】	ok	ok
ranged	2923	6B0B・炎角重砲【瑞枝】	6B0B・炎角重砲【瑞枝】	ok	ok
ranged	2924	6C0B・炎角重砲【青糸】	6C0B・炎角重砲【青糸】	ok	ok
ranged	2925	6D0B・炎角重砲【蘖】	6D0B・炎角重砲【蘖】	ok	ok
ranged	2926	6E0B・炎角重砲【花筏】	6E0B・炎角重砲【花筏】	ok	ok
ranged	2927	6F0B・炎角弓【赤秀】	6F0B・炎角弓【赤秀】	ok	ok
ranged	2928	700B・炎角弓【枸杞】	700B・炎角弓【枸杞】	ok	ok
ranged	2929	710B・炎角弓【山茱萸】	710B・炎角弓【山茱萸】	ok	ok
ranged	2930	720B・炎角弓【花水木】	720B・炎角弓【花水木】	ok	ok
ranged	2931	730B・炎角弓【爆蘭】	730B・炎角弓【爆蘭】	ok	ok
ranged	2932	Milu Jaro	米魯雅羅	ok	ok
ranged	2933	Teostra's Fury	炎王怒焔	ok	ok
ranged	2934	Daora's Purgatory	煉獄鋼弓	ok	ok
ranged	2935	770B・ヴィレストリエ	770B・維雷蘇托里艾	ok	ok
ranged	2936	780B・ヴィレスローク	780B・維雷蘇羅庫	ok	ok
ranged	2937	790B・ルストシュテル	790B・魯蘇托修烏特魯	ok	ok
ranged	2938	7A0B・ルストトレーネ	7A0B・魯蘇托托雷涅	ok	ok
ranged	2939	7B0B・ヘルトストリエ	7B0B・赫魯托蘇托里艾	ok	ok
ranged	2940	7C0B・鎧兜弓	7C0B・鎧兜弓	ok	ok
ranged	2941	7D0B・鎧兜弓【菖蒲】	7D0B・鎧兜弓【菖蒲】	ok	ok
ranged	2942	7E0B・鎧兜弓【皐月】	7E0B・鎧兜弓【皐月】	ok	ok
ranged	2943	7F0B・鎧兜弓【柏】	7F0B・鎧兜弓【柏】	ok	ok
ranged	2944	800B・鎧兜弓【尚武】	800B・鎧兜弓【尚武】	ok	ok
ranged	2945	"Burstwolf Cannon""Takeru"""	爆狼加農砲塔凱魯	ok	ok
ranged	2946	Watervale Fortress Bow	弓瓦阿特艾爾維阿勒夫歐爾特爾艾斯斯	bad	phonetic_salad
ranged	2947	Waterfall Fortress Bow	弓瓦阿特艾爾夫阿勒夫歐爾特爾艾斯斯	bad	phonetic_salad
ranged	2948	Fountain Fortress Bow	弓夫歐烏恩特阿伊恩夫歐爾特爾艾斯斯	bad	phonetic_salad
ranged	2949	Cascade Fortress Bow	弓克阿斯克阿德艾夫歐爾特爾艾斯斯	bad	phonetic_salad
ranged	2950	Torrent Fortress Bow	弓激流夫歐爾特爾艾斯斯	ok	ok
ranged	2951	Abyssal Fortress Bow	弓深淵夫歐爾特爾艾斯斯	bad	phonetic_salad
ranged	2952	880B・バル・フェリータ	880B・巴魯・菲里塔	ok	ok
ranged	2953	890B・バル・キクノス	890B・巴魯・奇庫諾蘇	ok	ok
ranged	2954	8A0B・バル・ハウフ	8A0B・巴魯・哈烏芙	ok	ok
ranged	2955	Dododonga Badr	多多多恩阿巴德	ok	ok
ranged	2956	Blue Dream Bow	弓青夢	ok	ok
ranged	2957	8D0B・ヴィンチトーレ	8D0B・維伊恩克哈伊特歐	bad	phonetic_salad
ranged	2958	8E0B・ヴィンチ・フォーコ	8E0B・維伊恩克哈伊・佛科	ok	ok
ranged	2959	8F0B・ヴィンチ・フィアン	8F0B・維伊恩克哈伊・夫伊阿恩	bad	phonetic_salad
ranged	2960	900B・ヴィンチ・ヴルカノ	900B・維伊恩克哈伊・芙魯可諾	ok	ok
ranged	2961	910B・ヴィンチ・ツィオネ	910B・維伊恩克哈伊・特斯烏伊歐恩艾	bad	phonetic_salad
ranged	2962	920B・カタクテスィ	920B・可塔庫特蘇伊	ok	ok
ranged	2963	930B・アエテルタニス	930B・阿艾特魯塔尼蘇	ok	ok
ranged	2964	Victor	勝者	ok	ok
ranged	2965	Victor Fuocu	維伊克特歐爾芙歐庫	bad	phonetic_salad
ranged	2966	960B・ウィクトル・フィアン	960B・威庫托魯・夫伊阿恩	ok	ok
ranged	2967	Victor Vulcano	維伊克特歐爾維烏勒克阿恩歐	bad	phonetic_salad
ranged	2968	Victot Zione	維伊克特歐特茲歐涅	bad	phonetic_salad
ranged	2969	Conquet	克歐恩奎烏艾特	ok	ok
ranged	2970	Inzino	伊恩茲伊恩歐	ok	ok
ranged	2971	9B0B・ヴィリロス	9B0B・維里羅蘇	ok	ok
ranged	2972	9C0B・ヴィリロス・ブリリオ	9C0B・維里羅蘇・布里里歐	ok	ok
ranged	2973	9D0B・ヴィリロス・リント	9D0B・維里羅蘇・爾伊恩特歐	bad	phonetic_salad
ranged	2974	9E0B・ヴィリロス・ランツ	9E0B・維里羅蘇・爾阿恩特斯烏	bad	phonetic_salad
ranged	2975	9F0B・トゥパース	9F0B・圖波斯	ok	ok
ranged	2976	A00B・ザフィーア	A00B・扎菲阿	ok	ok
ranged	2977	Oniche	壁龕	ok	ok
ranged	2978	A20B・オニチェ・ブリリオ	A20B・歐尼奇伊艾・布里里歐	ok	ok
ranged	2979	A30B・オニチェ・リント	A30B・歐尼奇伊艾・爾伊恩特歐	bad	phonetic_salad
ranged	2980	A40B・オニチェ・ランツ	A40B・歐尼奇伊艾・爾阿恩特斯烏	bad	phonetic_salad
ranged	2981	Manaitio	瑪娜伊提歐	ok	ok
ranged	2982	Spirune	斯普伊爾烏恩艾	ok	ok
ranged	2983	ダミー	假	ok	skip_empty_dummy
ranged	2984	ダミー	假	ok	skip_empty_dummy
ranged	2985	ダミー	假	ok	skip_empty_dummy
ranged	2986	ダミー	假	ok	skip_empty_dummy
ranged	2987	ダミー	假	ok	skip_empty_dummy
ranged	2988	Solemn Law	厳粛勒阿瓦	ok	ok
ranged	2989	ダミー	假	ok	skip_empty_dummy
ranged	2990	ダミー	假	ok	skip_empty_dummy
ranged	2991	ダミー	假	ok	skip_empty_dummy
ranged	2992	ダミー	假	ok	skip_empty_dummy
ranged	2993	ダミー	假	ok	skip_empty_dummy
ranged	2994	B20B・ロウ・メイルダ	B20B・羅烏・梅伊魯達	ok	ok
ranged	2995	ダミー	假	ok	skip_empty_dummy
ranged	2996	ダミー	假	ok	skip_empty_dummy
ranged	2997	ダミー	假	ok	skip_empty_dummy
ranged	2998	ダミー	假	ok	skip_empty_dummy
ranged	2999	ダミー	假	ok	skip_empty_dummy
ranged	3000	B80B・ロウ・ジュスト	B80B・羅烏・朱蘇托	ok	ok
ranged	3001	ダミー	假	ok	skip_empty_dummy
ranged	3002	ダミー	假	ok	skip_empty_dummy
ranged	3003	Evil Eyes	惡艾伊艾斯	ok	ok
ranged	3004	Dominus Ⅰ	德歐姆伊恩烏斯Ⅰ	bad	phonetic_salad
ranged	3005	Dominus ⅠⅠ	德歐姆伊恩烏斯ⅠⅠ	bad	phonetic_salad
ranged	3006	Dominus Ⅲ	德歐姆伊恩烏斯Ⅲ	bad	phonetic_salad
ranged	3007	Sanctus Dominus	斯阿恩克特烏斯德歐姆伊恩烏斯	bad	phonetic_salad
ranged	3008	Shen Dominus	霞竜德歐姆伊恩烏斯	bad	phonetic_salad
ranged	3009	Koenig Ⅰ	王Ⅰ	ok	ok
ranged	3010	Koenig Ⅱ	王Ⅱ	ok	ok
ranged	3011	Koenig Ⅲ	王Ⅲ	ok	ok
ranged	3012	Weisskoenig	瓦艾伊斯斯克歐艾	bad	phonetic_salad
ranged	3013	Steinkoenig	斯特艾伊恩克歐艾	bad	phonetic_salad
ranged	3014	Koenigin Ⅰ	女王Ⅰ	ok	ok
ranged	3015	Koenigin Ⅱ	女王Ⅱ	ok	ok
ranged	3016	Koenigin Ⅲ	女王Ⅲ	ok	ok
ranged	3017	Schwarzkoenigin	斯克哈瓦阿爾茲克	bad	phonetic_salad
ranged	3018	Nachtkoenigin	恩阿克哈特克歐艾	bad	phonetic_salad
ranged	3019	Lineage Ⅰ	血脈Ⅰ	ok	ok
ranged	3020	Lineage Ⅱ	血脈Ⅱ	ok	ok
ranged	3021	Lineage Ⅲ	血脈Ⅲ	ok	ok
ranged	3022	High Lineage	上位利涅阿格	ok	ok
ranged	3023	Ancient Lineage	古代利涅阿格	ok	ok
ranged	3024	Regina Ⅰ	女王Ⅰ	ok	ok
ranged	3025	Regina Ⅱ	女王Ⅱ	ok	ok
ranged	3026	Regina Ⅲ	女王Ⅲ	ok	ok
ranged	3027	Adel Regina	阿德艾勒雷吉娜	ok	ok
ranged	3028	Earl Regina	艾阿爾勒雷吉娜	ok	ok
ranged	3029	Prince Ⅰ	王子Ⅰ	ok	ok
ranged	3030	Prince Ⅱ	王子Ⅱ	ok	ok
ranged	3031	Prince Ⅲ	王子Ⅲ	ok	ok
ranged	3032	Pius Prince	普伊烏斯王子	ok	ok
ranged	3033	Amber Prince	琥珀王子	ok	ok
ranged	3034	Sovereign Ⅰ	君主Ⅰ	ok	ok
ranged	3035	Sovereign Ⅱ	君主Ⅱ	ok	ok
ranged	3036	Sovereign Ⅲ	君主Ⅲ	ok	ok
ranged	3037	Royal Souvereign	王室斯歐烏維艾爾艾伊	bad	phonetic_salad
ranged	3038	Imperium	伊姆普艾爾伊烏姆	bad	phonetic_salad
ranged	3039	Regalia Ⅰ	王權Ⅰ	ok	ok
ranged	3040	Regalia Ⅱ	王權Ⅱ	ok	ok
ranged	3041	Regalia Ⅲ	王權Ⅲ	ok	ok
ranged	3042	Dinar Regalia	德伊恩阿爾雷加利阿	bad	phonetic_salad
ranged	3043	Hiroz Regalia	希羅茲雷加利阿	ok	ok
ranged	3044	Noblesse Ⅰ	貴族Ⅰ	ok	ok
ranged	3045	Noblesse Ⅱ	貴族Ⅱ	ok	ok
ranged	3046	Noblesse Ⅲ	貴族Ⅲ	ok	ok
ranged	3047	Nobless Rose	恩歐布勒艾斯斯薔薇	bad	phonetic_salad
ranged	3048	Noblesse Oblige	恩歐布勒艾斯斯艾歐布伊格	bad	phonetic_salad
ranged	3049	E90B・レーサルリング	E90B・雷薩魯里恩烏	ok	ok
ranged	3050	EA0B・フラールリング	EA0B・芙拉魯里恩烏	ok	ok
ranged	3051	EB0B・エーテルリング	EB0B・艾特魯里恩烏	ok	ok
ranged	3052	EC0B・セグターリング	EC0B・瑟古塔里恩烏	ok	ok
ranged	3053	ED0B・フリューゲルリング	ED0B・芙里烏格魯里恩烏	ok	ok
ranged	3054	Heavens Bridge	哈艾阿維艾恩斯橋	bad	phonetic_salad
ranged	3055	Moonlight Heavens Bridge	月光哈艾阿維艾恩斯橋	bad	phonetic_salad
ranged	3056	Devotion Heavens Bridge	德艾維歐特伊歐恩哈艾阿維艾恩斯橋	bad	phonetic_salad
ranged	3057	Soothing Heavens Bridge	索歐斯伊恩哈艾阿維艾恩斯橋	bad	phonetic_salad
ranged	3058	Eternal Heavens Bridge	永哈艾阿維艾恩斯橋	bad	phonetic_salad
ranged	3059	F30B・ウルキースリング	F30B・烏魯奇蘇里恩烏	ok	ok
ranged	3060	F40B・ウルキーシューター	F40B・烏魯奇修烏塔	ok	ok
ranged	3061	F50B・ウルキーブルーム	F50B・烏魯奇穆	ok	ok
ranged	3062	F60B・ウルキーブーケ	F60B・烏魯奇布凱	ok	ok
ranged	3063	F70B・スナイプウルキー	F70B・蘇娜伊普烏魯奇	ok	ok
ranged	3064	F80B・ホート・アークス	F80B・霍托・阿庫蘇	ok	ok
ranged	3065	F90B・ルベール・アークス	F90B・RU・阿庫蘇	ok	ok
ranged	3066	FA0B・アークスロアー	FA0B・阿庫蘇羅阿	ok	ok
ranged	3067	FB0B・アークスルード	FB0B・阿庫蘇魯多	ok	ok
ranged	3068	FC0B・シェーンエスカル	FC0B・修伊艾涅蘇可魯	ok	ok
ranged	3069	FD0B・バルザガディエス	FD0B・巴魯扎加迪艾蘇	ok	ok
ranged	3070	FE0B・バルザガティシー	FE0B・巴魯扎加提修伊	ok	ok
ranged	3071	FF0B・リートスマスケ	FF0B・里托蘇瑪蘇凱	ok	ok
ranged	3072	000C・リートスケッテ	000C・爾伊特歐斯烏克艾	bad	phonetic_salad
ranged	3073	010C・ツーファルディエス	010C・特斯烏夫阿爾烏德	bad	phonetic_salad
ranged	3074	020C・バルザガクレアティ	020C・巴魯扎加庫雷阿提	ok	ok
ranged	3075	030C・バルザガティビダー	030C・巴魯扎加提比達	ok	ok
ranged	3076	040C・リートスゲッツェ	040C・爾伊特歐斯烏格艾	bad	phonetic_salad
ranged	3077	050C・リートスヴァイゼ	050C・里托蘇瓦伊澤	ok	ok
ranged	3078	060C・ツーファルクレアティ	060C・特斯烏夫阿爾烏克	bad	phonetic_salad
ranged	3079	070C・バルザガヴィミラ	070C・巴魯扎加維米拉	ok	ok
ranged	3080	080C・バルザガミラニエ	080C・巴魯扎加米拉尼艾	ok	ok
ranged	3081	090C・リートスザオバー	090C・里托蘇扎歐巴	ok	ok
ranged	3082	0A0C・リートスグーテ	0A0C・里托蘇古特	ok	ok
ranged	3083	0B0C・ツーファルヴィミラ	0B0C・特斯烏夫阿爾烏維	bad	phonetic_salad
ranged	3084	0C0C・パタリャバールⅠ	0C0C・波塔里亞巴魯	ok	ok
ranged	3085	0D0C・パタリャバールⅡ	0D0C・波塔里亞巴魯	ok	ok
ranged	3086	0E0C・パタリャバールⅢ	0E0C・波塔里亞巴魯	ok	ok
ranged	3087	0F0C・パタリャバールⅣ	0F0C・波塔里亞巴魯	ok	ok
ranged	3088	100C・バリエ・ペザード	100C・巴里艾・佩扎多	ok	ok
ranged	3089	110C・バリエ・ヴェアラル	110C・巴里艾・維阿拉魯	ok	ok
ranged	3090	Iste Coletti	伊斯艾克歐勒艾特特伊	bad	phonetic_salad
ranged	3091	130C・イリク・エレッティ	130C・伊里庫・艾爾艾爾特伊	bad	phonetic_salad
ranged	3092	Varian Tempest	變異暴風	ok	ok
ranged	3093	Essensce Schwalbe	艾斯斯艾恩斯克艾斯克哈瓦阿勒布艾	bad	phonetic_salad
ranged	3094	Akantor Mutilator	霸竜姆烏特伊勒阿特歐	bad	phonetic_salad
ranged	3095	170C・眩晶弓クリニョタン	170C・眩晶弓克烏爾伊恩伊歐特	bad	phonetic_salad
ranged	3096	180C・吹吹茶釜	180C・吹吹茶釜	ok	ok
ranged	3097	190C・吹吹チャガンマン	190C・吹吹克哈阿格阿恩姆阿	bad	phonetic_salad
ranged	3098	Black Horn Ifurio	黑角伊芙里歐	bad	type_phonetic
ranged	3099	1B0C・怒貌弓【変化】	1B0C・怒貌弓【変化】	ok	ok
ranged	3100	1C0C・怒貌獄弓【変貌】	1C0C・怒貌獄弓【変貌】	ok	ok
ranged	3101	1D0C・怒貌獄弓【一変】	1D0C・怒貌獄弓【一変】	ok	ok
ranged	3102	1E0C・怒貌獄弓【二面】	1E0C・怒貌獄弓【二面】	ok	ok
ranged	3103	1F0C・怒貌烈弓【本性】	1F0C・怒貌烈弓【本性】	ok	ok
ranged	3104	200C・怒貌始弓【真性】	200C・怒貌始弓【真性】	ok	ok
ranged	3105	210C・極怒貌弓ジーラ	210C・極怒貌弓吉拉	ok	ok
ranged	3106	White Ones Shout	白歐恩艾斯喊	ok	ok
ranged	3107	230C・ヴィレスコール	230C・維雷蘇科魯	ok	ok
ranged	3108	240C・ヴィレペフティス	240C・維雷佩芙提蘇	ok	ok
ranged	3109	250C・ルストグローネ	250C・魯蘇托古羅涅	ok	ok
ranged	3110	260C・ルストニーゼン	260C・爾烏斯烏特歐恩伊	bad	phonetic_salad
ranged	3111	270C・ヘルトスコール	270C・赫魯托蘇科魯	ok	ok
ranged	3112	280C・ヴィレシュナット	280C・維雷	ok	ok
ranged	3113	290C・ヴィレリャトーナ	290C・維雷里阿托娜	ok	ok
ranged	3114	2A0C・ルストブルーメ	2A0C・魯蘇托梅	ok	ok
ranged	3115	2B0C・ルストトラオム	2B0C・魯蘇托托拉歐穆	ok	ok
ranged	3116	2C0C・ヘルトシュナット	2C0C・赫魯托	ok	ok
ranged	3117	2D0C・エフディスト	2D0C・艾芙迪蘇托	ok	ok
ranged	3118	2E0C・エフトロール	2E0C・艾芙托羅魯	ok	ok
ranged	3119	2F0C・エフエスト	2F0C・艾芙艾蘇托	ok	ok
ranged	3120	300C・エフミーラ	300C・艾芙米拉	ok	ok
ranged	3121	310C・エフドミノ	310C・艾芙多米諾	ok	ok
ranged	3122	320C・ユーバー	320C・尤巴	ok	ok
ranged	3123	330C・ユファル	330C・尤法魯	ok	ok
ranged	3124	340C・スルディスト	340C・蘇魯迪蘇托	ok	ok
ranged	3125	350C・スルトロール	350C・蘇魯托羅魯	ok	ok
ranged	3126	360C・スルエスト	360C・蘇魯艾蘇托	ok	ok
ranged	3127	370C・スルミーラ	370C・蘇魯米拉	ok	ok
ranged	3128	380C・スルドミノ	380C・蘇魯多米諾	ok	ok
ranged	3129	390C・プラル	390C・普拉魯	ok	ok
ranged	3130	3A0C・ラルーフィ	3A0C・拉魯菲	ok	ok
ranged	3131	Frozen Embers Bow One	弓凍結餘燼一	ok	ok
ranged	3132	Frozen Embers Bow Two	弓凍結餘燼二	ok	ok
ranged	3133	Frozen Embers Bow Three	弓凍結餘燼三	ok	ok
ranged	3134	Frozen Embers Bow Four	弓凍結餘燼四	ok	ok
ranged	3135	Frozen Embers Bow Five	弓凍結餘燼五	ok	ok
ranged	3136	Frozen Embers Bow Six	弓凍結餘燼六	ok	ok
ranged	3137	Frozen Embers Bow Neo	弓凍結餘燼新	ok	ok
ranged	3138	Burning Frost Bow One	弓燃燒霜一	ok	ok
ranged	3139	Burning Frost Bow Two	弓燃燒霜二	ok	ok
ranged	3140	Burning Frost Bow Three	弓燃燒霜三	ok	ok
ranged	3141	Burning Frost Bow Four	弓燃燒霜四	ok	ok
ranged	3142	Burning Frost Bow Five	弓燃燒霜五	ok	ok
ranged	3143	Burning Frost Bow Six	弓燃燒霜六	ok	ok
ranged	3144	Burning Frost Bow Neo	弓燃燒霜新	ok	ok
ranged	3145	Positron Rifle Ⅰ	陽電子歩槍Ⅰ	ok	ok
ranged	3146	Positron Rifle Ⅱ	陽電子歩槍Ⅱ	ok	ok
ranged	3147	Positron Rifle Ⅲ	陽電子歩槍Ⅲ	ok	ok
ranged	3148	Positron Rifle Ⅳ	陽電子歩槍Ⅳ	ok	ok
ranged	3149	Positron Rifle Ⅴ	陽電子歩槍Ⅴ	ok	ok
ranged	3150	Positron Rifle Ⅵ	陽電子歩槍Ⅵ	ok	ok
ranged	3151	Runein Sectia	爾烏恩艾伊恩斯艾克特伊阿	bad	phonetic_salad
ranged	3152	Irisen Sectia	伊爾伊斯艾恩斯艾克特伊阿	bad	phonetic_salad
ranged	3153	Immortal Pain	不死普阿伊恩	ok	ok
ranged	3154	Demon's Fury	憤怒惡魔	ok	ok
ranged	3155	Frostmist Gun+	霜霧銃＋	ok	ok
ranged	3156	Burstwolf Bow+	爆狼弓＋	ok	ok
ranged	3157	550C・シュトルムシュナット	550C・修烏托魯穆	ok	ok
ranged	3158	Storm Strier	風暴斯特爾伊艾爾	bad	phonetic_salad
ranged	3159	570C・王弩ライカン	570C・王弩爾阿伊克阿恩	bad	phonetic_salad
ranged	3160	580C・真・王牙弩【天鼓】	580C・真・王牙弩【天鼓】	ok	ok
ranged	3161	Ogun Ride	歐格烏恩里德	ok	ok
ranged	3162	5A0C・真・王牙砲【天機】	5A0C・真・王牙砲【天機】	ok	ok
ranged	3163	5B0C・王弓エンライ	5B0C・王弓艾恩爾阿伊	bad	phonetic_salad
ranged	3164	5C0C・王牙弓【稚雷】	5C0C・王牙弓【稚雷】	ok	ok
ranged	3165	5D0C・真・王牙弓【天命】	5D0C・真・王牙弓【天命】	ok	ok
ranged	3166	Arca Raptora	法磁化爾阿普特歐爾阿	bad	phonetic_salad
ranged	3167	Amnis	阿姆恩伊斯	ok	ok
ranged	3168	Fluctus	夫勒烏克特烏斯	bad	phonetic_salad
ranged	3169	Floating Meadows Bow	弓浮游草原	ok	ok
ranged	3170	Floating Plains Bow	弓浮游普勒阿伊恩斯	bad	phonetic_salad
ranged	3171	Floating Hills Bow	弓浮游哈伊勒勒斯	bad	phonetic_salad
ranged	3172	Floating Highlands Bow	弓浮游高地	ok	ok
ranged	3173	Floating Mount Bow	騎乘浮游弓	ok	ok
ranged	3174	Floating Mountain Bow	弓浮游山	ok	ok
ranged	3175	True Floating Rage Gun	真浮游激昂銃	ok	ok
ranged	3176	True Floating Vigor Gun	真浮游努波奇銃	ok	ok
ranged	3177	Nebula Cannon	星雲加農砲	ok	ok
ranged	3178	Disscharge Odi Cannon	德伊斯斯克哈阿爾奧加農砲	bad	phonetic_salad
ranged	3179	6B0C・ネグルドスパーチ	6B0C・斯波奇	ok	ok
ranged	3180	"Angryhair Bow ""Bloom"""	弓阿恩格爾伊哈阿伊花	bad	phonetic_salad
ranged	3181	"Angryhair Bow""Flowering"""	弓阿恩格爾伊哈阿伊弗歐韋里恩	bad	phonetic_salad
ranged	3182	6E0C・バレナジャンナ	6E0C・布阿爾艾恩阿杰阿	bad	phonetic_salad
ranged	3183	Scowl Thunderpole Gun	斯克歐瓦勒特哈烏恩德艾爾普銃	bad	phonetic_salad
ranged	3184	Evil Machine	惡瑪奇伊涅	ok	ok
ranged	3185	"Diregun ""Dementia"""	德伊爾艾格烏恩德艾姆艾恩特伊阿	bad	phonetic_salad
ranged	3186	Dios Blast	爆破迪奧	ok	ok
ranged	3187	Lightbreak Ballista	勒伊格哈特布爾艾床弩	bad	phonetic_salad
ranged	3188	Dios Cannon	碎竜加農砲	ok	ok
ranged	3189	Lightbreak Cannon	碎光加農砲	ok	ok
ranged	3190	Dios Arrow	碎竜矢	ok	ok
ranged	3191	Exploding Arrow	艾克斯普勒歐德伊矢	bad	phonetic_salad
ranged	3192	Lightbreak Arrow	碎光矢	ok	ok
ranged	3193	Shira Arccoil+	抑制螺阿爾克克歐伊勒＋	bad	phonetic_salad
ranged	3194	Kaktus Rose	仙人掌薔薇	ok	ok
ranged	3195	Rosen Gerissen	薔薇格艾爾伊斯斯艾恩	bad	phonetic_salad
ranged	3196	7C0C・ホワイトムームー	7C0C・霍瓦伊托穆穆	ok	ok
ranged	3197	Tabula Blizzara	塔布拉布伊茲扎拉	bad	phonetic_salad
ranged	3198	ダミー	假	ok	skip_empty_dummy
ranged	3199	Diamond Crest	紋章金剛石	ok	ok
ranged	3200	Ice Crest	冰紋章	ok	ok
ranged	3201	Edelweiss	艾德艾勒瓦艾伊斯	bad	phonetic_salad
ranged	3202	Amber Arc Valanga	琥珀阿爾克瓦拉恩阿	bad	phonetic_salad
ranged	3203	Hyuji Needle+	冰狐竜針＋	ok	ok
ranged	3204	840C・改銀火竜重砲【冥帝】	840C・改銀火竜重砲【冥帝】	ok	ok
ranged	3205	Heart Hit Ⅰ	心撃Ⅰ	ok	ok
ranged	3206	Heart Hit Ⅱ	心撃Ⅱ	ok	ok
ranged	3207	Heart Hit Ⅲ	心撃Ⅲ	ok	ok
ranged	3208	Heart Hit Ⅳ	心撃Ⅳ	ok	ok
ranged	3209	890C・ハティエルン	890C・哈阿特伊艾爾烏恩	bad	phonetic_salad
ranged	3210	8A0C・ハティエルクイーン	8A0C・哈阿特伊艾爾烏克	bad	phonetic_salad
ranged	3211	Bloom Star	花星	ok	ok
ranged	3212	Meteor	流星	ok	ok
ranged	3213	Lycophos No	螢光	ok	ok
ranged	3214	Lycophos Doh	螢光德歐哈	ok	ok
ranged	3215	Lycophos To	螢光	ok	ok
ranged	3216	Lycophos Ku	螢光庫	ok	ok
ranged	3217	Lycophos Shi	螢光士	ok	ok
ranged	3218	Lycophos Twin	螢光球紋章	ok	ok
ranged	3219	Lycophos Garashia	螢光加拉修伊阿	ok	ok
ranged	3220	Giorno No	喬諾	ok	ok
ranged	3221	Giorno Doh	喬諾德歐哈	ok	ok
ranged	3222	Giorno To	喬諾	ok	ok
ranged	3223	Giorno Ku	喬諾庫	ok	ok
ranged	3224	Giorno Shi	喬諾士	ok	ok
ranged	3225	Giorno Twin	喬諾球紋章	ok	ok
ranged	3226	Giorno Garashia	喬諾加拉修伊阿	ok	ok
ranged	3227	Electromagnetic Bowgun Ⅰ	超電磁弩槍Ⅰ	ok	ok
ranged	3228	Electromagnetic Bowgun Ⅱ	超電磁弩槍Ⅱ	ok	ok
ranged	3229	Electromagnetic Bowgun Ⅲ	超電磁弩槍Ⅲ	ok	ok
ranged	3230	Electromagnetic Bowgun Ⅳ	超電磁弩槍Ⅳ	ok	ok
ranged	3231	Electromagnetic Bowgun Ⅴ	超電磁弩槍Ⅴ	ok	ok
ranged	3232	Electromagnetic Bowgun Ⅵ	超電磁弩槍Ⅵ	ok	ok
ranged	3233	A10C・パローネ重砲Ⅰ	A10C・波羅内重砲Ⅰ	ok	ok
ranged	3234	A20C・パローネ重砲Ⅱ	A20C・波羅内重砲Ⅱ	ok	ok
ranged	3235	A30C・パローネ重砲Ⅲ	A30C・波羅内重砲Ⅲ	ok	ok
ranged	3236	A40C・パローネ轟砲	A40C・波羅内轟砲	ok	ok
ranged	3237	A50C・パローネガンⅠ	A50C・格阿恩	ok	ok
ranged	3238	A60C・パローネガンⅡ	A60C・格阿恩	ok	ok
ranged	3239	A70C・パローネガンⅢ	A70C・格阿恩	ok	ok
ranged	3240	A80C・パローネ閃銃	A80C・波羅内閃銃	ok	ok
ranged	3241	A90C・パローネボウⅠ	A90C・波烏	ok	ok
ranged	3242	AA0C・パローネボウⅡ	AA0C・波烏	ok	ok
ranged	3243	AB0C・パローネボウⅢ	AB0C・波烏	ok	ok
ranged	3244	AC0C・パローネ燦弓	AC0C・波羅内燦弓	ok	ok
ranged	3245	AD0C・クリーマディエス	AD0C・庫里瑪迪艾蘇	ok	ok
ranged	3246	AE0C・クリーマクレアティ	AE0C・庫里瑪庫雷阿提	ok	ok
ranged	3247	AF0C・クリーマヴィミラ	AF0C・庫里瑪維米拉	ok	ok
ranged	3248	Magi Solenne	瑪吉斯歐勒艾恩恩艾	bad	phonetic_salad
ranged	3249	Magi Meiruda	瑪吉梅伊魯達	ok	ok
ranged	3250	Magi Justo	瑪吉朱斯歐	ok	ok
ranged	3251	"Shesha Launcher ""Flash"""	舍沙發射器【閃光】	ok	ok
ranged	3252	"Shesha Launcher ""Shine"""	舍沙發射器【光輝】	ok	ok
ranged	3253	"Shesha Launcher ""Glory"""	舍沙發射器【栄光】	ok	ok
ranged	3254	"Shesha Launcher ""Clear"""	舍沙發射器【透】	ok	ok
ranged	3255	"Shesha Cannon ""Flash"""	舍沙加農砲【閃光】	ok	ok
ranged	3256	"Shesha Cannon ""Shine"""	舍沙加農砲【光輝】	ok	ok
ranged	3257	"Shesha Cannon ""Glory"""	舍沙加農砲【栄光】	ok	ok
ranged	3258	"Shesha Cannon ""Clear"""	舍沙加農砲【透】	ok	ok
ranged	3259	"Shesha Bow ""Flash"""	弓舍沙【閃光】	ok	ok
ranged	3260	"Shesha Bow ""Shine"""	弓舍沙【光輝】	ok	ok
ranged	3261	"Shesha Bow ""Glory"""	弓舍沙【栄光】	ok	ok
ranged	3262	"Shesha Bow ""Clear"""	弓舍沙【透】	ok	ok
ranged	3263	Waltz Savage Iceshot	円舞曲螺鈿終冰彈	bad	raden_end
ranged	3264	Waltz Berserk Iceshot	円舞曲狂冰彈	ok	ok
ranged	3265	Waltz Savage Boltshot	円舞曲螺鈿終雷彈	bad	raden_end
ranged	3266	Waltz Berserk Boltshot	円舞曲狂雷彈	ok	ok
ranged	3267	Enki Savage Frostbow	恩奇螺鈿終霜弓	bad	raden_end
ranged	3268	Enki Berserk Frostbow	恩奇狂霜弓	ok	ok
ranged	3269	Enki Savage Stormbow	恩奇螺鈿終風暴弓	bad	raden_end
ranged	3270	Enki Berserk Stormbow	恩奇狂風暴弓	ok	ok
ranged	3271	Scorpio Savage Aquabow	天蠍螺鈿終阿奎烏阿布歐瓦	bad	raden_end
ranged	3272	Scorpio Berserk Aquabow	天蠍狂阿奎烏阿布歐瓦	bad	phonetic_salad
ranged	3273	Scorpio Savage Flamebow	天蠍螺鈿終焔弓	bad	raden_end
ranged	3274	Scorpio Berserk Flamebow	天蠍狂焔弓	ok	ok
ranged	3275	ダミー	假	ok	skip_empty_dummy
ranged	3276	ダミー	假	ok	skip_empty_dummy
ranged	3277	ダミー	假	ok	skip_empty_dummy
ranged	3278	Warbler Darkbolt Bow	弓瓦阿爾布勒艾爾闇雷	ok	ok
ranged	3279	Cutie I	可愛Ⅰ	ok	ok
ranged	3280	Cutie II	可愛Ⅱ	ok	ok
ranged	3281	Cutie III	可愛Ⅲ	ok	ok
ranged	3282	Cutie IV	可愛Ⅳ	ok	ok
ranged	3283	Affection	阿夫夫艾克特伊歐	bad	phonetic_salad
ranged	3284	Cutie Queen	庫提艾女王	ok	ok
ranged	3285	D50C・トドル・デザト	D50C・托多魯・德扎托	ok	ok
ranged	3286	D60C・トドル・ヴュスト	D60C・托多魯・芙尤蘇托	ok	ok
ranged	3287	D70C・トドル・シャモ	D70C・托多魯・修阿莫	ok	ok
ranged	3288	D80C・トドル・エーデ	D80C・托多魯・艾德	ok	ok
ranged	3289	D90C・トドル・レフィナ	D90C・托多魯・雷菲娜	ok	ok
ranged	3290	DA0C・トドル・エスプレン	DA0C・托多魯・艾斯烏普烏爾艾恩	bad	phonetic_salad
ranged	3291	Minest Desert	米涅斯砂漠	ok	ok
ranged	3292	Minest Wueste	米涅斯瓦烏艾斯特艾	bad	phonetic_salad
ranged	3293	DD0C・ミネスト・シャモ	DD0C・米涅蘇托・修阿莫	ok	ok
ranged	3294	Minest Erde	米涅斯艾爾德艾	ok	ok
ranged	3295	DF0C・ミネスト・レフィナ	DF0C・米涅蘇托・雷菲娜	ok	ok
ranged	3296	E00C・ミネスト・エスプレン	E00C・米涅蘇托・艾斯烏普烏爾艾恩	bad	phonetic_salad
ranged	3297	Cherry Blossom Bow	弓比納桃布勒歐斯斯歐姆	bad	phonetic_salad
ranged	3298	Shaking Cherry Blossoms	修阿奇恩比納桃布勒歐斯斯歐姆斯	bad	phonetic_salad
ranged	3299	Dancing Cherry Blossoms	舞比納桃布勒歐斯斯歐姆斯	bad	phonetic_salad
ranged	3300	Falling Cherry Blossoms	墜比納桃布勒歐斯斯歐姆斯	bad	phonetic_salad
ranged	3301	Shining Cherry Blossoms	輝耀比納桃布勒歐斯斯歐姆斯	bad	phonetic_salad
ranged	3302	Snowcrown Monarch Gun	斯恩歐瓦克爾歐瓦君主銃	bad	phonetic_salad
ranged	3303	Frostcrystal Monarch Gun	夫爾歐斯特克爾伊君主銃	bad	phonetic_salad
ranged	3304	Hoarfrost Monarch Gun	哈歐阿爾夫爾歐斯君主銃	bad	phonetic_salad
ranged	3305	Blizzard Monarch Gun	吹雪君主銃	ok	ok
ranged	3306	Avalanche Monarch Gun	雪崩君主銃	ok	ok
ranged	3307	Snowstorm Monarch Gun	斯恩歐瓦斯特歐爾君主銃	bad	phonetic_salad
ranged	3308	Core Divider	核德伊維伊德艾爾	bad	phonetic_salad
ranged	3309	Core Glaze	核格阿澤	ok	ok
ranged	3310	EE0C・コーレリィン	EE0C・克歐爾艾爾伊伊恩	bad	phonetic_salad
ranged	3311	Daora's General	崩竜之格艾恩艾爾阿勒	bad	phonetic_salad
ranged	3312	Blue Kut-Ku Cannon+	青怪鳥加農砲＋	ok	ok
ranged	3313	Desert Afumar	砂漠阿夫烏姆阿爾	bad	phonetic_salad
ranged	3314	Vulcannon	維烏勒克阿恩恩歐	bad	phonetic_salad
ranged	3315	ダミー	假	ok	skip_empty_dummy
ranged	3316	Vulmagnum	維烏勒姆阿格恩烏	bad	phonetic_salad
ranged	3317	F50C・改トラグ・コール	F50C・改托拉古・科魯	ok	ok
ranged	3318	Daora's Almatol	崩竜之阿勒姆阿特歐勒	bad	phonetic_salad
ranged	3319	Brazencord	布爾阿茲艾恩克歐	bad	phonetic_salad
ranged	3320	Gigacles	格伊格阿克勒艾斯	bad	phonetic_salad
ranged	3321	Gigantomachy	格伊格阿恩特歐姆	bad	phonetic_salad
ranged	3322	FA0C・猛炎ヲ迎エ撃ツ重弩	FA0C・猛炎迎撃重弩	ok	ok
ranged	3323	FB0C・屈強ナ鋼ヲ粉砕ス軽弩	FB0C・屈強NA鋼WO粉砕SU軽弩	ok	ok
ranged	3324	FC0C・幻影ノ霞払イシ弓	FC0C・幻影NO霞払伊修伊弓	ok	ok
ranged	3325	Pure Solemn	純厳粛	ok	ok
ranged	3326	FE0C・ピュレ・メイルダ	FE0C・普伊烏爾艾・梅伊魯達	bad	phonetic_salad
ranged	3327	Pure Just	純朱斯	ok	ok
ranged	3328	Machino	機械	ok	ok
ranged	3329	Machino Neo	機械新	ok	ok
ranged	3330	Machino Neu	機械涅烏	ok	ok
ranged	3331	Machino Novo	機械諾沃	ok	ok
ranged	3332	Machino Nuevo	機械努艾沃	ok	ok
ranged	3333	Machino Real	機械真	ok	ok
ranged	3334	Neo Machino Real	新機械真	ok	ok
ranged	3335	070D・イレク	070D・伊雷庫	ok	ok
ranged	3336	080D・イレク・ネオ	080D・伊雷庫・涅歐	ok	ok
ranged	3337	090D・イレク・ノイ	090D・伊雷庫・諾伊	ok	ok
ranged	3338	0A0D・イレク・ノウム	0A0D・伊雷庫・諾烏穆	ok	ok
ranged	3339	0B0D・イレク・ヌヴォ	0B0D・伊雷庫・努沃	ok	ok
ranged	3340	0C0D・イレクロリアル	0C0D・伊雷里阿魯	ok	ok
ranged	3341	0D0D・ネオイレクロリアル	0D0D・涅歐伊雷里阿魯	ok	ok
ranged	3342	Hidden Gaze	隠加澤	ok	ok
ranged	3343	Night Owl	夜歐瓦勒	ok	ok
ranged	3344	Hidden Sniper	隠姆努波	ok	ok
ranged	3345	Black Night	黒夜	ok	ok
ranged	3346	Hidden Bow	隱密弓	ok	ok
ranged	3347	Night Flight	夜夫勒伊格哈特	bad	phonetic_salad
ranged	3348	Avidya Bow	無明弓	ok	ok
ranged	3349	Imperial Cannon	帝国加農砲	ok	ok
ranged	3350	Imperial Grace Cannon	帝国恩寵加農砲	ok	ok
ranged	3351	Imperial Dignity Cannon	帝国德伊格恩伊特伊加農砲	bad	phonetic_salad
ranged	3352	Imperial Majesty Cannon	帝国姆阿杰艾斯特伊加農砲	bad	phonetic_salad
ranged	3353	Imperial Presence Cannon	帝国普爾艾斯艾恩克艾加農砲	bad	phonetic_salad
ranged	3354	Imperial Sanctity Cannon	帝国斯阿恩克特伊特伊加農砲	bad	phonetic_salad
ranged	3355	Imperial Guardian Cannon	帝国守護加農砲	ok	ok
ranged	3356	Imperial Bow	帝国弓	ok	ok
ranged	3357	Imperial Authority Bow	弓帝国阿烏特哈歐爾伊特	bad	phonetic_salad
ranged	3358	Imperial Power Bow	弓帝国力量	ok	ok
ranged	3359	Imperial Influence Bow	弓帝国伊恩夫勒烏艾恩克	bad	phonetic_salad
ranged	3360	Imperial Faith Bow	弓帝国法伊斯	ok	ok
ranged	3361	Imperial Courage Bow	弓帝国勇気	ok	ok
ranged	3362	Imperial 100-Kings Bow	弓帝国百鈿終極	ok	ok
ranged	3363	Tulpe Ⅰ	郁金香Ⅰ	ok	ok
ranged	3364	Tulpe Ⅱ	郁金香Ⅱ	ok	ok
ranged	3365	Tulpe Ⅲ	郁金香Ⅲ	ok	ok
ranged	3366	Tulpe Ⅳ	郁金香Ⅳ	ok	ok
ranged	3367	Luxury Tulip	豪華特烏勒伊普	ok	ok
ranged	3368	280D・トゥルペ・ルスオ	280D・圖魯佩・魯蘇歐	ok	ok
ranged	3369	ダミー	假	ok	skip_empty_dummy
ranged	3370	ダミー	假	ok	skip_empty_dummy
ranged	3371	ダミー	假	ok	skip_empty_dummy
ranged	3372	ダミー	假	ok	skip_empty_dummy
ranged	3373	ダミー	假	ok	skip_empty_dummy
ranged	3374	ダミー	假	ok	skip_empty_dummy
ranged	3375	ダミー	假	ok	skip_empty_dummy
ranged	3376	ダミー	假	ok	skip_empty_dummy
ranged	3377	ダミー	假	ok	skip_empty_dummy
ranged	3378	ダミー	假	ok	skip_empty_dummy
ranged	3379	ダミー	假	ok	skip_empty_dummy
ranged	3380	ダミー	假	ok	skip_empty_dummy
ranged	3381	ダミー	假	ok	skip_empty_dummy
ranged	3382	ダミー	假	ok	skip_empty_dummy
ranged	3383	Galaxy Bridge	格阿勒阿克斯伊橋	bad	phonetic_salad
ranged	3384	Starlight Bridge	星光橋	ok	ok
ranged	3385	Stardust Bridge	斯特阿爾德烏斯特橋	bad	phonetic_salad
ranged	3386	3A0D・ハセルヴォルⅠ	3A0D・哈瑟魯沃魯	ok	ok
ranged	3387	3B0D・ハセルヴォルⅡ	3B0D・哈瑟魯沃魯	ok	ok
ranged	3388	3C0D・ハセルヴォルⅢ	3C0D・哈瑟魯沃魯	ok	ok
ranged	3389	3D0D・ハセルヴォルⅣ	3D0D・哈瑟魯沃魯	ok	ok
ranged	3390	3E0D・ハセルヴォルⅤ	3E0D・哈瑟魯沃魯	ok	ok
ranged	3391	3F0D・ハセルヴォルⅥ	3F0D・哈瑟魯沃魯	ok	ok
ranged	3392	Patchin Guuku Ⅰ	彈弓古古鴨Ⅰ	ok	ok
ranged	3393	Patchin Guuku Ⅱ	彈弓古古鴨Ⅱ	ok	ok
ranged	3394	Patchin Guuku Ⅲ	彈弓古古鴨Ⅲ	ok	ok
ranged	3395	430D・ハルド・プラタ	430D・哈魯多・普拉塔	ok	ok
ranged	3396	440D・ハルド・ズィルバ	440D・哈魯多・祖伊魯巴	ok	ok
ranged	3397	450D・ハルド・アルジャン	450D・哈魯多・阿爾烏杰阿恩	bad	phonetic_salad
ranged	3398	460D・ハルド・アスミ	460D・哈魯多・阿蘇米	ok	ok
ranged	3399	470D・ハルド・アルゲン	470D・哈魯多・阿爾根	ok	ok
ranged	3400	ダミー	假	ok	skip_empty_dummy
ranged	3401	ダミー	假	ok	skip_empty_dummy
ranged	3402	ダミー	假	ok	skip_empty_dummy
ranged	3403	ダミー	假	ok	skip_empty_dummy
ranged	3404	ダミー	假	ok	skip_empty_dummy
ranged	3405	ダミー	假	ok	skip_empty_dummy
ranged	3406	ダミー	假	ok	skip_empty_dummy
ranged	3407	ダミー	假	ok	skip_empty_dummy
ranged	3408	ダミー	假	ok	skip_empty_dummy
ranged	3409	ダミー	假	ok	skip_empty_dummy
ranged	3410	ダミー	假	ok	skip_empty_dummy
ranged	3411	ダミー	假	ok	skip_empty_dummy
ranged	3412	ダミー	假	ok	skip_empty_dummy
ranged	3413	ダミー	假	ok	skip_empty_dummy
ranged	3414	ダミー	假	ok	skip_empty_dummy
ranged	3415	ダミー	假	ok	skip_empty_dummy
ranged	3416	ダミー	假	ok	skip_empty_dummy
ranged	3417	ダミー	假	ok	skip_empty_dummy
ranged	3418	ダミー	假	ok	skip_empty_dummy
ranged	3419	ダミー	假	ok	skip_empty_dummy
ranged	3420	ダミー	假	ok	skip_empty_dummy
ranged	3421	ダミー	假	ok	skip_empty_dummy
ranged	3422	ダミー	假	ok	skip_empty_dummy
ranged	3423	ダミー	假	ok	skip_empty_dummy
ranged	3424	ダミー	假	ok	skip_empty_dummy
ranged	3425	ダミー	假	ok	skip_empty_dummy
ranged	3426	ダミー	假	ok	skip_empty_dummy
ranged	3427	ダミー	假	ok	skip_empty_dummy
ranged	3428	ダミー	假	ok	skip_empty_dummy
ranged	3429	ダミー	假	ok	skip_empty_dummy
ranged	3430	ダミー	假	ok	skip_empty_dummy
ranged	3431	ダミー	假	ok	skip_empty_dummy
ranged	3432	ダミー	假	ok	skip_empty_dummy
ranged	3433	ダミー	假	ok	skip_empty_dummy
ranged	3434	ダミー	假	ok	skip_empty_dummy
ranged	3435	ダミー	假	ok	skip_empty_dummy
ranged	3436	ダミー	假	ok	skip_empty_dummy
ranged	3437	ダミー	假	ok	skip_empty_dummy
ranged	3438	ダミー	假	ok	skip_empty_dummy
ranged	3439	ダミー	假	ok	skip_empty_dummy
ranged	3440	ダミー	假	ok	skip_empty_dummy
ranged	3441	ダミー	假	ok	skip_empty_dummy
ranged	3442	ダミー	假	ok	skip_empty_dummy
ranged	3443	ダミー	假	ok	skip_empty_dummy
ranged	3444	ダミー	假	ok	skip_empty_dummy
ranged	3445	ダミー	假	ok	skip_empty_dummy
ranged	3446	ダミー	假	ok	skip_empty_dummy
ranged	3447	ダミー	假	ok	skip_empty_dummy
ranged	3448	ダミー	假	ok	skip_empty_dummy
ranged	3449	ダミー	假	ok	skip_empty_dummy
ranged	3450	ダミー	假	ok	skip_empty_dummy
ranged	3451	ダミー	假	ok	skip_empty_dummy
ranged	3452	ダミー	假	ok	skip_empty_dummy
ranged	3453	ダミー	假	ok	skip_empty_dummy
ranged	3454	ダミー	假	ok	skip_empty_dummy
ranged	3455	ダミー	假	ok	skip_empty_dummy
ranged	3456	ダミー	假	ok	skip_empty_dummy
ranged	3457	ダミー	假	ok	skip_empty_dummy
ranged	3458	ダミー	假	ok	skip_empty_dummy
ranged	3459	ダミー	假	ok	skip_empty_dummy
ranged	3460	ダミー	假	ok	skip_empty_dummy
ranged	3461	ダミー	假	ok	skip_empty_dummy
ranged	3462	ダミー	假	ok	skip_empty_dummy
ranged	3463	ダミー	假	ok	skip_empty_dummy
ranged	3464	ダミー	假	ok	skip_empty_dummy
ranged	3465	ダミー	假	ok	skip_empty_dummy
ranged	3466	ダミー	假	ok	skip_empty_dummy
ranged	3467	ダミー	假	ok	skip_empty_dummy
ranged	3468	ダミー	假	ok	skip_empty_dummy
ranged	3469	ダミー	假	ok	skip_empty_dummy
ranged	3470	ダミー	假	ok	skip_empty_dummy
ranged	3471	ダミー	假	ok	skip_empty_dummy
ranged	3472	ダミー	假	ok	skip_empty_dummy
ranged	3473	ダミー	假	ok	skip_empty_dummy
ranged	3474	ダミー	假	ok	skip_empty_dummy
ranged	3475	ダミー	假	ok	skip_empty_dummy
ranged	3476	ダミー	假	ok	skip_empty_dummy
ranged	3477	ダミー	假	ok	skip_empty_dummy
ranged	3478	ダミー	假	ok	skip_empty_dummy
ranged	3479	ダミー	假	ok	skip_empty_dummy
ranged	3480	ダミー	假	ok	skip_empty_dummy
ranged	3481	ダミー	假	ok	skip_empty_dummy
ranged	3482	ダミー	假	ok	skip_empty_dummy
ranged	3483	ダミー	假	ok	skip_empty_dummy
ranged	3484	ダミー	假	ok	skip_empty_dummy
ranged	3485	ダミー	假	ok	skip_empty_dummy
ranged	3486	ダミー	假	ok	skip_empty_dummy
ranged	3487	ダミー	假	ok	skip_empty_dummy
ranged	3488	ダミー	假	ok	skip_empty_dummy
ranged	3489	ダミー	假	ok	skip_empty_dummy
ranged	3490	ダミー	假	ok	skip_empty_dummy
ranged	3491	ダミー	假	ok	skip_empty_dummy
ranged	3492	ダミー	假	ok	skip_empty_dummy
ranged	3493	ダミー	假	ok	skip_empty_dummy
ranged	3494	ダミー	假	ok	skip_empty_dummy
ranged	3495	ダミー	假	ok	skip_empty_dummy
ranged	3496	ダミー	假	ok	skip_empty_dummy
ranged	3497	ダミー	假	ok	skip_empty_dummy
ranged	3498	ダミー	假	ok	skip_empty_dummy
ranged	3499	ダミー	假	ok	skip_empty_dummy
ranged	3500	ダミー	假	ok	skip_empty_dummy
ranged	3501	AD0D・ハルド・メタレイア	AD0D・哈魯多・梅塔雷伊阿	ok	ok
ranged	3502	AE0D・ハルド・メタレノン	AE0D・哈魯多・姆艾特阿爾艾恩歐	bad	phonetic_salad
ranged	3503	AF0D・改トラグ・ベック	AF0D・改托拉古・布艾布克烏	bad	phonetic_salad
ranged	3504	B00D・改トラグ・ロアー	B00D・改托拉古・羅阿	ok	ok
ranged	3505	Teostra's Cannon	炎王竜之加農砲	ok	ok
ranged	3506	Miracle Lamp	奇跡灯	ok	ok
ranged	3507	Daora's Conheral	崩竜之克歐恩哈艾爾阿勒	bad	phonetic_salad
ranged	3508	Rubino Killi Ⅴ	紅玉基利Ⅴ	ok	ok
ranged	3509	Rubino Killi Ⅵ	紅玉基利Ⅵ	ok	ok
ranged	3510	Rubino Puffer Ⅴ	紅玉河豚Ⅴ	ok	ok
ranged	3511	Rubino Puffer Ⅵ	紅玉河豚Ⅵ	ok	ok
ranged	3512	"Meat Cannon ""Well-DoneG"""	肉加農砲瓦艾勒勒完成Ｇ	ok	ok
ranged	3513	Jebia Pierce	灰晶蠍貫通	ok	ok
ranged	3514	Rubino Raven Ⅶ	紅玉之渡鴉Ⅶ	ok	ok
ranged	3515	Rubino Raven Ⅷ	紅玉之渡鴉Ⅷ	ok	ok
ranged	3516	Rubino Raven Ⅸ	紅玉之渡鴉Ⅸ	ok	ok
ranged	3517	Ruinate Frostbow	毀滅霜弓	ok	ok
ranged	3518	Ruinate Fierce Frostbow	毀滅猛霜弓	ok	ok
ranged	3519	Ruinate Violent Frostbow	毀滅凶暴霜弓	ok	ok
ranged	3520	Ruinate Savage Frostbow	毀滅螺鈿終霜弓	bad	raden_end
ranged	3521	Ruinate Berserk Frostbow	毀滅狂霜弓	ok	ok
ranged	3522	ダミー	假	ok	skip_empty_dummy
ranged	3523	ダミー	假	ok	skip_empty_dummy
ranged	3524	ダミー	假	ok	skip_empty_dummy
ranged	3525	ダミー	假	ok	skip_empty_dummy
ranged	3526	ダミー	假	ok	skip_empty_dummy
ranged	3527	ダミー	假	ok	skip_empty_dummy
ranged	3528	ダミー	假	ok	skip_empty_dummy
ranged	3529	ダミー	假	ok	skip_empty_dummy
ranged	3530	Volja Charla	維歐勒杰阿克哈阿爾勒阿	bad	phonetic_salad
ranged	3531	Volja Ecal	維歐勒杰阿艾克阿勒	bad	phonetic_salad
ranged	3532	Volja Alicos	維歐勒杰阿阿勒伊克歐斯	bad	phonetic_salad
ranged	3533	Volja Bermeli	維歐勒杰阿布艾爾姆艾勒伊	bad	phonetic_salad
ranged	3534	Volja Rubicon	維歐勒杰阿爾烏布伊克歐恩	bad	phonetic_salad
ranged	3535	Volja Lemaze	維歐勒杰阿勒瑪澤	bad	phonetic_salad
ranged	3536	D00D・ソルエルディエス	D00D・索魯艾魯迪艾蘇	ok	ok
ranged	3537	D10D・ソルエルティシー	D10D・索魯艾魯提修伊	ok	ok
ranged	3538	D20D・シュヴァルツマスケ	D20D・斯哈烏維阿爾烏特	bad	phonetic_salad
ranged	3539	D30D・ゲヴィッタディエス	D30D・格艾維伊維特阿德	bad	phonetic_salad
ranged	3540	D40D・ソルエルクレアティ	D40D・索魯艾魯庫雷阿提	ok	ok
ranged	3541	D50D・ソルエルティビダー	D50D・索魯艾魯提比達	ok	ok
ranged	3542	D60D・シュヴァルツゲッツェ	D60D・斯哈烏維阿爾烏特	bad	phonetic_salad
ranged	3543	D70D・ゲヴィッタクレアティ	D70D・格艾維伊維特阿克	bad	phonetic_salad
ranged	3544	D80D・ソルエルヴィミラ	D80D・索魯艾魯維米拉	ok	ok
ranged	3545	D90D・ソルエルミラニエ	D90D・索魯艾魯米拉尼艾	ok	ok
ranged	3546	DA0D・シュヴァルツザオバー	DA0D・斯哈烏維阿爾烏特	bad	phonetic_salad
ranged	3547	DB0D・ゲヴィッタヴィミラ	DB0D・格艾維伊維特阿維	ok	ok
ranged	3548	Tulip Ⅰ	鬱金香Ⅰ	ok	ok
ranged	3549	Tulip Ⅱ	鬱金香Ⅱ	ok	ok
ranged	3550	Tulip Ⅲ	鬱金香Ⅲ	ok	ok
ranged	3551	Tulip Ⅳ	鬱金香Ⅳ	ok	ok
ranged	3552	Luxury Tulip	豪華特烏勒伊普	ok	ok
ranged	3553	E10D・チュリペ・ルスオ	E10D・奇烏里佩・魯蘇歐	ok	ok
ranged	3554	ダミー	假	ok	skip_empty_dummy
ranged	3555	ダミー	假	ok	skip_empty_dummy
ranged	3556	ダミー	假	ok	skip_empty_dummy
ranged	3557	ダミー	假	ok	skip_empty_dummy
ranged	3558	ダミー	假	ok	skip_empty_dummy
ranged	3559	Ruinate Stormbow	毀滅風暴弓	ok	ok
ranged	3560	Ruinate Fierce Stormbow	毀滅猛風暴弓	ok	ok
ranged	3561	Ruinate Violent Stormbow	毀滅凶暴風暴弓	ok	ok
ranged	3562	Ruinate Savage Stormbow	毀滅螺鈿終風暴弓	bad	raden_end
ranged	3563	Ruinate Berserk Stormbow	毀滅狂風暴弓	ok	ok
ranged	3564	Ice Emperor	冰皇帝	ok	ok
ranged	3565	Ice Emperor+	冰皇帝＋	ok	ok
ranged	3566	"Ice Emperor ""Hailstorm"""	冰帝哈阿伊勒斯特歐爾	bad	phonetic_salad
ranged	3567	"Ice Emperor ""Avalanche"""	冰帝雪崩	ok	ok
ranged	3568	"Ice Emperor ""Ice Age"""	冰皇帝氷齡	ok	ok
ranged	3569	Ice Monarch	冰君主	ok	ok
ranged	3570	Ice Monarch+	冰君主＋	ok	ok
ranged	3571	Dark Ice Rifle	冰闇里弗艾	bad	type_phonetic
ranged	3572	Dark Ice Rifle+	冰闇里弗艾＋	bad	type_phonetic
ranged	3573	"Dark Ice Rifle ""Cruelty"""	冰闇里弗艾克爾烏艾勒特伊	bad	type_phonetic
ranged	3574	"Dark Ice Rifle ""Violent"""	冰闇里弗艾凶暴	bad	type_phonetic
ranged	3575	"Dark Ice Rifle ""Tyranny"""	冰闇里弗艾特伊爾阿恩恩伊	bad	type_phonetic
ranged	3576	Dark Ice King Rifle	冰闇王里弗艾	bad	type_phonetic
ranged	3577	Dark Ice King Rifle+	冰闇王里弗艾＋	bad	type_phonetic
ranged	3578	Teostra's Galich	炎王竜之加利奇	ok	ok
ranged	3579	Furoru's Pistari	弗洛之皮斯阿里	ok	ok
ranged	3580	Furoru's Jolly	弗洛之杰歐勒勒伊	bad	phonetic_salad
ranged	3581	FD0D・フロル＝ブルーチャ	FD0D・芙羅魯＝奇阿	ok	ok
ranged	3582	FE0D・炎角始重砲【舞花筏】	FE0D・炎角始重砲【舞花筏】	ok	ok
ranged	3583	FF0D・炎角始弓【金糸梅】	FF0D・炎角始弓【金糸梅】	ok	ok
ranged	3584	Gourmeow No.1	格歐烏爾姆艾歐瓦吉阿爾	bad	phonetic_salad
ranged	3585	Gourmeow No.2	格歐烏爾姆艾歐瓦証明球	bad	phonetic_salad
ranged	3586	Gourmeow No.3	格歐烏爾姆艾歐瓦制螺鈿	bad	phonetic_salad
ranged	3587	Gourmeow No.4	美食猫・四號	ok	ok
ranged	3588	Gourmeow No.5	美食猫・五號	ok	ok
ranged	3589	Super Gourmeow	超格歐烏爾姆艾歐瓦	bad	phonetic_salad
ranged	3590	Gourmemeow No.1	格歐烏爾姆艾姆艾吉阿爾	bad	phonetic_salad
ranged	3591	Gourmemeow No.2	格歐烏爾姆艾姆艾証明球	bad	phonetic_salad
ranged	3592	Gourmemeow No.3	格歐烏爾姆艾姆艾制螺鈿	bad	phonetic_salad
ranged	3593	Gourmemeow No.4	美食猫猫・四號	ok	ok
ranged	3594	Gourmemeow No.5	美食猫猫・五號	ok	ok
ranged	3595	Super Gourmemeow	超格歐烏爾姆艾姆艾	bad	phonetic_salad
ranged	3596	ダミー	假	ok	skip_empty_dummy
ranged	3597	ダミー	假	ok	skip_empty_dummy
ranged	3598	Bolero Heatshot	波勒羅熱彈	ok	ok
ranged	3599	Bolero Fierce Heatshot	波勒羅猛熱彈	ok	ok
ranged	3600	Bolero Violent Heatshot	波勒羅凶暴熱彈	ok	ok
ranged	3601	Bolero Savage Heatshot	波勒羅螺鈿終熱彈	bad	raden_end
ranged	3602	Bolero Berserk Heatshot	波勒羅狂熱彈	ok	ok
ranged	3603	ダミー	假	ok	skip_empty_dummy
ranged	3604	ダミー	假	ok	skip_empty_dummy
ranged	3605	ダミー	假	ok	skip_empty_dummy
ranged	3606	ダミー	假	ok	skip_empty_dummy
ranged	3607	ダミー	假	ok	skip_empty_dummy
ranged	3608	"Raijin Bow ""Transform"""	弓爾阿伊杰伊恩特爾阿恩斯夫歐爾	bad	phonetic_salad
ranged	3609	Ruko's Folur	嵐竜之夫歐勒烏爾	bad	phonetic_salad
ranged	3610	Brimstren Drakekiss	布爾伊姆斯特爾艾德爾阿克艾克伊斯	bad	phonetic_salad
ranged	3611	Stygian Invidia	斯特伊格伊阿恩伊恩維伊德伊阿	bad	phonetic_salad
ranged	3612	Brimstren Drakenouth	布爾伊姆斯特爾艾德阿凱諾烏斯	bad	phonetic_salad
ranged	3613	Stygian Humilitas	斯特伊格伊阿恩哈烏姆伊勒伊特阿	bad	phonetic_salad
ranged	3614	Brimstren Drakesight	布爾伊姆斯特爾艾德爾阿克艾斯伊格	bad	phonetic_salad
ranged	3615	Stygian Patientia	斯特伊格伊阿恩普阿特伊艾恩特伊	bad	phonetic_salad
ranged	3616	True Stygian Patientia	真斯特伊格伊阿恩普阿特伊艾恩特伊	bad	phonetic_salad
ranged	3617	210E・幻想ヲ破リシ軽弩	210E・幻想WO破里修伊軽弩	ok	ok
ranged	3618	220E・磁界ノ王ヲ征ス弓	220E・磁界NO王WO征SU弓	ok	ok
ranged	3619	230E・絡繰式・新天地号	230E・絡繰式・新天地号	ok	ok
ranged	3620	240E・絡繰式・新天地号改	240E・絡繰式・新天地号改	ok	ok
ranged	3621	250E・絡繰式・真天地号	250E・絡繰式・真天地号	ok	ok
ranged	3622	Black Felyne	艾路猫黒	ok	ok
ranged	3623	Dark Felyne	艾路猫闇	ok	ok
ranged	3624	Nightmare Felyne	恩伊格哈特姆阿爾夫艾勒伊恩艾	bad	phonetic_salad
ranged	3625	290E・改セリスィ・ロアー	290E・改瑟里蘇伊・羅阿	ok	ok
ranged	3626	Lightning Gun	閃電銃	ok	ok
ranged	3627	"Lightning Gun ""Shoot"""	閃電銃【芽】	ok	ok
ranged	3628	"Lightning Gun ""Strike"""	閃電銃【撃】	ok	ok
ranged	3629	"Lightning Gun ""Burst"""	閃電銃【爆發】	ok	ok
ranged	3630	Lightning Cannon	閃電加農砲	ok	ok
ranged	3631	"Lightning Cannon ""Light"""	閃電加農砲【光】	ok	ok
ranged	3632	"Lightning Cannon ""Heat"""	閃電加農砲【熱】	ok	ok
ranged	3633	310E・絶雷振重砲【抉抉】	310E・絶雷振重砲【抉抉】	ok	ok
ranged	3634	Lightning Bow	閃電弓	ok	ok
ranged	3635	"Lightning Bow ""Other"""	閃電弓【他】	ok	ok
ranged	3636	"Lightning Bow ""Riot"""	閃電弓【暴乱】	ok	ok
ranged	3637	"Lightning Bow ""Lunatic"""	閃電弓【狂月】	ok	ok
ranged	3638	360E・盾蟹軽弩アスタヴィテ	360E・盾蟹軽弩阿蘇塔維特	ok	ok
ranged	3639	370E・盾蟹軽弩アスタベロシ	370E・盾蟹軽弩阿蘇塔貝羅修伊	ok	ok
ranged	3640	380E・盾蟹軽弩アスタヴェロ	380E・盾蟹軽弩阿蘇塔維羅	ok	ok
ranged	3641	390E・盾蟹軽弩アスタソルア	390E・盾蟹軽弩阿蘇塔索魯阿	ok	ok
ranged	3642	3A0E・盾蟹重弩アスタフォル	3A0E・盾蟹重弩阿蘇塔佛魯	ok	ok
ranged	3643	3B0E・盾蟹重弩アスタフエル	3B0E・盾蟹重弩阿蘇塔芙艾魯	ok	ok
ranged	3644	3C0E・盾蟹重弩アスタストレ	3C0E・盾蟹重弩阿蘇塔蘇托雷	ok	ok
ranged	3645	3D0E・盾蟹重弩アスタポテン	3D0E・盾蟹重弩阿斯烏特阿普歐特	ok	ok
ranged	3646	3E0E・盾蟹弓アスタアルコ	3E0E・盾蟹弓阿蘇塔阿	ok	ok
ranged	3647	3F0E・盾蟹弓アスタルーク	3F0E・盾蟹弓阿蘇塔魯庫	ok	ok
ranged	3648	400E・盾蟹弓アスタカウス	400E・盾蟹弓阿蘇塔可烏蘇	ok	ok
ranged	3649	410E・盾蟹弓アスタトクソ	410E・盾蟹弓阿蘇塔托庫索	ok	ok
ranged	3650	Bolero Aquashot	波勒羅水彈	ok	ok
ranged	3651	Bolero Fierce Aquashot	波勒羅猛水彈	ok	ok
ranged	3652	Bolero Violent Aquashot	波勒羅凶暴水彈	ok	ok
ranged	3653	Bolero Savage Aquashot	波勒羅螺鈿終水彈	bad	raden_end
ranged	3654	Bolero Berserk Aquashot	波勒羅狂水彈	ok	ok
ranged	3655	Pretto	普爾艾特特歐	ok	ok
ranged	3656	480E・プレット・イスナン	480E・普烏爾艾爾特歐・伊斯烏恩阿恩	bad	phonetic_salad
ranged	3657	490E・プレット・サラサ	490E・普烏爾艾爾特歐・薩拉薩	bad	phonetic_salad
ranged	3658	4A0E・プレット・アルヴァ	4A0E・普烏爾艾爾特歐・阿魯瓦	bad	phonetic_salad
ranged	3659	4B0E・プレット・カムサ	4B0E・普烏爾艾爾特歐・可穆薩	bad	phonetic_salad
ranged	3660	4C0E・アン・プレット	4C0E・AN・普烏爾艾爾特歐	bad	phonetic_salad
ranged	3661	4D0E・イン・プレット	4D0E・IN・普烏爾艾爾特歐	bad	phonetic_salad
ranged	3662	4E0E・ネキュロ	4E0E・恩艾克伊烏爾歐	bad	phonetic_salad
ranged	3663	4F0E・ネキュロ・イスナン	4F0E・恩艾克伊烏爾歐・伊斯烏恩阿恩	bad	phonetic_salad
ranged	3664	500E・ネキュロ・サラサ	500E・恩艾克伊烏爾歐・薩拉薩	bad	phonetic_salad
ranged	3665	510E・ネキュロ・アルヴァ	510E・恩艾克伊烏爾歐・阿魯瓦	bad	phonetic_salad
ranged	3666	520E・ネキュロ・カムサ	520E・恩艾克伊烏爾歐・可穆薩	bad	phonetic_salad
ranged	3667	530E・アン・ネキュロ	530E・AN・恩艾克伊烏爾歐	bad	phonetic_salad
ranged	3668	540E・イン・ネキュロ	540E・IN・恩艾克伊烏爾歐	bad	phonetic_salad
ranged	3669	"Composer Shot ""Intro"""	作曲彈序	ok	ok
ranged	3670	"Composer Shot ""Chorus"""	作曲彈合唱	ok	ok
ranged	3671	"Composer Shot ""Encore"""	作曲彈艾恩克歐爾艾	bad	phonetic_salad
ranged	3672	"Composer Rifle ""Intro"""	作曲里弗艾序	bad	type_phonetic
ranged	3673	"Composer Rifle ""Chorus"""	作曲里弗艾合唱	bad	type_phonetic
ranged	3674	"Composer Rifle ""Encore"""	作曲里弗艾艾恩克歐爾艾	bad	type_phonetic
ranged	3675	"Composer Arch ""Intro"""	作曲強撃序	ok	ok
ranged	3676	"Composer Arch ""Chorus"""	作曲強撃合唱	ok	ok
ranged	3677	"Composer Arch ""Encore"""	作曲強撃艾恩克歐爾艾	bad	phonetic_salad
ranged	3678	ダミー	假	ok	skip_empty_dummy
ranged	3679	ダミー	假	ok	skip_empty_dummy
ranged	3680	ダミー	假	ok	skip_empty_dummy
ranged	3681	ダミー	假	ok	skip_empty_dummy
ranged	3682	ダミー	假	ok	skip_empty_dummy
ranged	3683	ダミー	假	ok	skip_empty_dummy
ranged	3684	ダミー	假	ok	skip_empty_dummy
ranged	3685	Ray of Weiss	懷斯光線	ok	ok
ranged	3686	660E・レイofシャンバラ	660E・雷伊of斯哈阿恩布阿爾阿	bad	phonetic_salad
ranged	3687	Trigger of Hazard	特爾伊格格艾爾哈阿茲阿爾德	bad	phonetic_salad
ranged	3688	Trigger of Peril	特爾伊格格艾爾普艾爾伊勒	bad	phonetic_salad
ranged	3689	Vision of Lost	維伊斯伊歐恩失	ok	ok
ranged	3690	Vision of Despair	維伊斯伊歐恩德艾斯普阿伊爾	bad	phonetic_salad
ranged	3691	Vision of Vanish	維伊斯伊歐恩瓦尼修	bad	phonetic_salad
ranged	3692	Zena Altar	裂水竜阿勒特阿爾	ok	ok
ranged	3693	6D0E・火竜猛軽弩リーミン	6D0E・火竜猛軽弩爾伊姆伊恩	ok	ok
ranged	3694	6E0E・火竜猛軽弩アマネセル	6E0E・火竜猛軽弩阿瑪涅瑟魯	ok	ok
ranged	3695	6F0E・火竜猛軽弩リツウ	6F0E・火竜猛軽弩爾伊特斯烏烏	ok	ok
ranged	3696	700E・火竜猛軽弩リオフラム	700E・火竜猛軽弩里歐芙拉穆	ok	ok
ranged	3697	710E・火竜猛重弩サバハ	710E・火竜猛重弩薩巴哈	ok	ok
ranged	3698	720E・火竜猛重弩ディエース	720E・火竜猛重弩迪艾蘇	ok	ok
ranged	3699	730E・火竜猛重弩リグアン	730E・火竜猛重弩爾伊格烏阿恩	ok	ok
ranged	3700	740E・火竜猛重弩リオサン	740E・火竜猛重弩爾伊歐斯阿恩	ok	ok
ranged	3701	750E・火竜猛弓サンライト	750E・火竜猛弓斯阿恩爾阿伊特歐	ok	ok
ranged	3702	760E・火竜猛弓ガリェチ	760E・火竜猛弓加里艾奇伊	ok	ok
ranged	3703	770E・火竜猛弓プラミャ	770E・火竜猛弓普烏爾阿姆伊阿	ok	ok
ranged	3704	780E・火竜猛弓リオバーン	780E・火竜猛弓爾伊歐布阿恩	ok	ok
ranged	3705	790E・ブラージュグラニゾ	790E・布拉朱古拉尼佐	ok	ok
ranged	3706	7A0E・ブラージュゲヴィ	7A0E・布拉朱格維	ok	ok
ranged	3707	7B0E・ブラージュトルメン	7B0E・布烏爾阿杰烏恩	bad	phonetic_salad
ranged	3708	7C0E・ドドブラン・ヴーノ	7C0E・德歐德歐布烏爾阿・芙諾	bad	phonetic_salad
ranged	3709	7D0E・ブラージュニエペ	7D0E・布拉朱尼艾佩	ok	ok
ranged	3710	7E0E・ブラージュヘイル	7E0E・布拉朱赫伊魯	ok	ok
ranged	3711	7F0E・ブラージュヴァラン	7F0E・布烏爾阿杰烏維阿	bad	phonetic_salad
ranged	3712	800E・ドドブラン・シャン	800E・德歐德歐布烏爾阿・斯哈阿恩	bad	phonetic_salad
ranged	3713	810E・ブラージュメチエ	810E・布拉朱梅奇伊艾	ok	ok
ranged	3714	820E・ブラージュシアン	820E・布烏爾阿杰烏斯哈	bad	phonetic_salad
ranged	3715	830E・ブラージュザウバ	830E・布拉朱扎烏巴	ok	ok
ranged	3716	840E・ドドブラン・ガラー	840E・德歐德歐布烏爾阿・加拉	bad	phonetic_salad
ranged	3717	850E・改セリスィ・ベック	850E・改瑟里蘇伊・布艾布克烏	ok	ok
ranged	3718	860E・改セリスィ・コール	860E・改瑟里蘇伊・科魯	ok	ok
ranged	3719	Delight	悅	ok	ok
ranged	3720	Delight Sorude	悅索魯德	ok	ok
ranged	3721	Delight Tajau	悅塔雅烏	ok	ok
ranged	3722	Delight Vigor	悅努波奇	ok	ok
ranged	3723	Delight Spirit	悅霊	ok	ok
ranged	3724	Delight Sun	悅日	ok	ok
ranged	3725	Delight Shin	悅申	ok	ok
ranged	3726	Isty	伊絲	ok	ok
ranged	3727	Isty Sorude	伊絲索魯德	ok	ok
ranged	3728	Isty Tajau	伊絲塔雅烏	ok	ok
ranged	3729	Isty Vigor	伊絲努波奇	ok	ok
ranged	3730	Isty Spirit	伊絲霊	ok	ok
ranged	3731	Isty Sun	伊絲日	ok	ok
ranged	3732	Isty Shin	伊絲申	ok	ok
ranged	3733	Ice Monarch Neo	冰君主新	ok	ok
ranged	3734	Dark Ice King Rifle Neo	冰闇王里弗艾新	bad	type_phonetic
ranged	3735	Vola Assault	沃拉強襲	ok	ok
ranged	3736	Vola Assault+	沃拉強襲＋	ok	ok
ranged	3737	True Vola Assault	真・沃拉強襲	ok	ok
ranged	3738	Alvora Assault	沃拉改強襲	ok	ok
ranged	3739	Vola Launcher	沃拉發射器	ok	ok
ranged	3740	Vola Launcher+	沃拉發射器＋	ok	ok
ranged	3741	True Vola Launcher	真・沃拉發射器	ok	ok
ranged	3742	Alvora Launcher	沃拉改發射器	ok	ok
ranged	3743	Vola Arrow	沃拉矢	ok	ok
ranged	3744	Vola Arrow+	沃拉矢＋	ok	ok
ranged	3745	True Vola Arrow	真・沃拉矢	ok	ok
ranged	3746	Alvola Arrow	阿勒維歐勒阿矢	bad	type_phonetic
ranged	3747	Lovely Charm	可愛護符	ok	ok
ranged	3748	Starry Sky Bow Ⅰ	星空弓Ⅰ	ok	ok
ranged	3749	Starry Sky Bow Ⅱ	星空弓Ⅱ	ok	ok
ranged	3750	Starry Sky Bow Ⅲ	星空弓Ⅲ	ok	ok
ranged	3751	Starry Sky Bow Ⅳ	星空弓Ⅳ	ok	ok
ranged	3752	Starry Sky Bow Ⅴ	星空弓Ⅴ	ok	ok
ranged	3753	Starry Sky Bow Ⅵ	星空弓Ⅵ	ok	ok
ranged	3754	Night Sky Bow Ⅰ	夜空弓Ⅰ	ok	ok
ranged	3755	Night Sky Bow Ⅱ	夜空弓Ⅱ	ok	ok
ranged	3756	Night Sky Bow Ⅲ	夜空弓Ⅲ	ok	ok
ranged	3757	Night Sky Bow Ⅳ	夜空弓Ⅳ	ok	ok
ranged	3758	Night Sky Bow Ⅴ	夜空弓Ⅴ	ok	ok
ranged	3759	Night Sky Bow Ⅵ	夜空弓Ⅵ	ok	ok
ranged	3760	Wisebourne	瓦伊斯艾布歐烏爾	bad	phonetic_salad
ranged	3761	Wisedrill	瓦伊斯艾德爾伊勒	bad	phonetic_salad
ranged	3762	Wisemetal	瓦伊斯艾姆艾特阿	bad	phonetic_salad
ranged	3763	B30E・ヴィッツリバーン	B30E・維伊維特斯烏爾伊	bad	phonetic_salad
ranged	3764	ダミー	假	ok	skip_empty_dummy
ranged	3765	ダミー	假	ok	skip_empty_dummy
ranged	3766	Festival Sakura Bow	弓祭典桜	ok	ok
ranged	3767	Grim Reaper I	死神Ⅰ	ok	ok
ranged	3768	Grim Reaper II	死神Ⅱ	ok	ok
ranged	3769	Grim Reaper III	死神Ⅲ	ok	ok
ranged	3770	Grim Reaper IV	死神Ⅳ	ok	ok
ranged	3771	Grim Reaper V	死神Ⅴ	ok	ok
ranged	3772	Grim Reaper VI	死神Ⅵ	ok	ok
ranged	3773	BD0E・暴乱ヲ鎮圧ス天雷弓	BD0E・暴乱WO鎮圧SU天雷弓	ok	ok
ranged	3774	Le Lumiere	魯米艾雷	ok	ok
ranged	3775	Le Vertu	維艾爾特烏	ok	ok
ranged	3776	Le Desastre	德薩斯雷	ok	ok
ranged	3777	Le Deluge	德魯格	ok	ok
ranged	3778	Le Ravisseur	爾阿維伊斯斯艾烏	bad	phonetic_salad
ranged	3779	Le Desir	德艾斯伊爾	ok	ok
ranged	3780	L'Innocence	Ｌ伊恩恩歐克艾恩克	bad	phonetic_salad
ranged	3781	Hyuji Ushi	冰狐竜烏修伊	ok	ok
ranged	3782	Hyuji Agulhas	冰狐竜阿格烏勒哈阿斯	ok	ok
ranged	3783	Hyuji Aiguille	冰狐竜阿伊格烏伊勒勒艾	ok	ok
ranged	3784	Hyuhyuji Ruto	哈伊烏哈伊烏杰伊魯托	bad	phonetic_salad
ranged	3785	Hyuji Ramla	冰狐竜爾阿姆勒阿	ok	ok
ranged	3786	Hyuji Foreo	冰狐竜佛雷歐	ok	ok
ranged	3787	Hyuji Daore	冰狐竜達歐雷	ok	ok
ranged	3788	Hyuhyuji Ramina	哈伊烏哈伊烏杰伊拉米娜	bad	phonetic_salad
ranged	3789	Brilliant Bow	弓比納桃	ok	ok
ranged	3790	Flames and Fuel	夫勒阿姆艾斯燃料	bad	phonetic_salad
ranged	3791	"Prayer Shot ""Intro"""	祈願弾序	ok	ok
ranged	3792	"Prayer Shot ""Chorus"""	祈願彈合唱	ok	ok
ranged	3793	"Prayer Shot ""Finale"""	祈願彈菲娜勒	ok	ok
ranged	3794	"Prayer Rifle ""Intro"""	祈願里弗艾序	bad	type_phonetic
ranged	3795	"Prayer Rifle ""Chorus"""	祈願里弗艾合唱	bad	type_phonetic
ranged	3796	"Prayer Rifle ""Finale"""	祈願里弗艾菲娜勒	bad	type_phonetic
ranged	3797	"Prayer Arch ""Intro"""	祈願強撃序	ok	ok
ranged	3798	"Prayer Arch ""Chorus"""	祈願強撃合唱	ok	ok
ranged	3799	"Prayer Arch ""Chorus"""	祈願強撃合唱	ok	ok
ranged	3800	Azure Gun Bullet	蒼銃弾	ok	ok
ranged	3801	D90E・ルラキガンブラー	D90E・爾烏爾阿克伊格阿	bad	phonetic_salad
ranged	3802	DA0E・ガルボイガンブラー	DA0E・格阿爾烏布歐伊格	bad	phonetic_salad
ranged	3803	DB0E・ニリィガンブラー	DB0E・恩伊爾伊伊格阿恩	bad	phonetic_salad
ranged	3804	Remnant Frostgun	殘響霜銃	ok	ok
ranged	3805	Remnant Fierce Frostgun	殘響猛霜銃	ok	ok
ranged	3806	Remnant Violent Frostgun	殘響凶暴霜銃	ok	ok
ranged	3807	Remnant Savage Frostgun	殘響螺鈿終霜銃	bad	raden_end
ranged	3808	Remnant Berserk Frostgun	殘響狂霜銃	ok	ok
ranged	3809	Remnant Boltgun	殘響雷銃	ok	ok
ranged	3810	Remnant Fierce Boltgun	殘響猛雷銃	ok	ok
ranged	3811	Remnant Violent Boltgun	殘響凶暴雷銃	ok	ok
ranged	3812	Remnant Savage Boltgun	殘響螺鈿終雷銃	bad	raden_end
ranged	3813	Remnant Berserk Boltgun	殘響狂雷銃	ok	ok
ranged	3814	Chaos Flamegun	混沌焔銃	ok	ok
ranged	3815	Chaos Fierce Flamegun	混沌猛焔銃	ok	ok
ranged	3816	Chaos Violent Flamegun	混沌凶暴焔銃	ok	ok
ranged	3817	Chaos Savage Flamegun	混沌螺鈿終焔銃	bad	raden_end
ranged	3818	Chaos Berserk Flamegun	混沌狂焔銃	ok	ok
ranged	3819	Chaos Aquagun	混沌水銃	ok	ok
ranged	3820	Chaos Fierce Aquagun	混沌猛水銃	ok	ok
ranged	3821	Chaos Violent Aquagun	混沌凶暴水銃	ok	ok
ranged	3822	Chaos Savage Aquagun	混沌螺鈿終水銃	bad	raden_end
ranged	3823	Chaos Berserk Aquagun	混沌狂水銃	ok	ok
ranged	3824	Nebula Bridge	星雲橋	ok	ok
ranged	3825	Ex Burstwolf Lbg Bestin	爆狼ＥＸ輕弩布艾斯特伊恩	bad	phonetic_salad
ranged	3826	Ex Burstwolf Lbg Washu	爆狼ＥＸ輕弩瓦修烏	ok	ok
ranged	3827	Ex Burstwolf Lbg Kuteno	爆狼ＥＸ輕弩庫特諾	ok	ok
ranged	3828	"Ex Burstwolf Lbg""Himmel"""	爆狼ＥＸ輕弩哈伊姆姆艾勒	bad	phonetic_salad
ranged	3829	Sacred Falling Sun Ⅰ	聖落陽Ⅰ	ok	ok
ranged	3830	Sacred Falling Sun Ⅱ	聖落陽Ⅱ	ok	ok
ranged	3831	Sacred Falling Sun Ⅲ	聖落陽Ⅲ	ok	ok
ranged	3832	Sacred Falling Sun Ⅳ	聖落陽Ⅳ	ok	ok
ranged	3833	Sacred Falling Sun Ⅴ	聖落陽Ⅴ	ok	ok
ranged	3834	Sacred Falling Sun Ⅵ	聖落陽Ⅵ	ok	ok
ranged	3835	Sacred Falling Sun Ⅶ	聖落陽Ⅶ	ok	ok
ranged	3836	Sacred Crumbling Earth Ⅰ	聖崩土Ⅰ	ok	ok
ranged	3837	Sacred Crumbling Earth Ⅱ	聖崩土Ⅱ	ok	ok
ranged	3838	Sacred Crumbling Earth Ⅲ	聖崩土Ⅲ	ok	ok
ranged	3839	Sacred Crumbling Earth Ⅳ	聖崩土Ⅳ	ok	ok
ranged	3840	Sacred Crumbling Earth Ⅴ	聖崩土Ⅴ	ok	ok
ranged	3841	Sacred Crumbling Earth Ⅵ	聖崩土Ⅵ	ok	ok
ranged	3842	Sacred Crumbling Earth Ⅶ	聖崩土Ⅶ	ok	ok
ranged	3843	Sacred Night Windvoice Ⅰ	聖夜風聲Ⅰ	ok	ok
ranged	3844	Sacred Night Windvoice Ⅱ	聖夜風聲Ⅱ	ok	ok
ranged	3845	Sacred Night Windvoice Ⅲ	聖夜風聲Ⅲ	ok	ok
ranged	3846	Sacred Night Windvoice Ⅳ	聖夜風聲Ⅳ	ok	ok
ranged	3847	Sacred Night Windvoice Ⅴ	聖夜風聲Ⅴ	ok	ok
ranged	3848	Sacred Night Windvoice Ⅵ	聖夜風聲Ⅵ	ok	ok
ranged	3849	Sacred Night Windvoice Ⅶ	聖夜風聲Ⅶ	ok	ok
ranged	3850	Solemn Eyes Cannon	炯眼肅靜加農砲	ok	ok
ranged	3851	0B0F・アズラクブラッサー	0B0F・阿茲烏爾阿克烏布	bad	phonetic_salad
ranged	3852	0C0F・ルラキブラッサー	0C0F・爾烏爾阿克伊布烏	bad	phonetic_salad
ranged	3853	0D0F・ガルボイブラッサー	0D0F・格阿爾烏布歐伊布	bad	phonetic_salad
ranged	3854	0E0F・ニリィブラッサー	0E0F・恩伊爾伊伊布烏爾	bad	phonetic_salad
ranged	3855	0F0F・アズラクエグディラ	0F0F・阿祖拉庫艾古迪拉	ok	ok
ranged	3856	100F・ルラキエグディラ	100F・魯拉奇艾古迪拉	ok	ok
ranged	3857	110F・ガルボイエグディラ	110F・加魯波伊艾古迪拉	ok	ok
ranged	3858	120F・ニリィエグディラ	120F・尼里伊艾古迪拉	ok	ok
ranged	3859	130F・灼零エルゼアロー	130F・灼零艾魯澤阿羅	ok	ok
ranged	3860	Elzelion Guuku Ⅰ	灼零竜古古鴨Ⅰ	ok	ok
ranged	3861	Elzelion Guuku Ⅱ	灼零竜古古鴨Ⅱ	ok	ok
ranged	3862	Elzelion Guuku Ⅲ	灼零竜古古鴨Ⅲ	ok	ok
ranged	3863	Elzelion Guuku Ⅳ	灼零竜古古鴨Ⅳ	ok	ok
ranged	3864	Elze Guuku Kuak Kuak	灼零竜愚空克烏阿克克烏阿克	bad	phonetic_salad
ranged	3865	Felyne Bow・Nya	艾路猫弓恩伊阿	ok	ok
ranged	3866	Melynx Bow・Nya	梅拉路弓恩伊阿	ok	ok
ranged	3867	ダミー	假	ok	skip_empty_dummy
ranged	3868	1C0F・磁界ヲ滅ボス弓	1C0F・磁界WO滅波蘇弓	ok	ok
ranged	3869	"Ruko Hbg ""Saetta"""	嵐竜重弩斯阿艾特特阿	ok	ok
ranged	3870	"Ruko Hbg ""Saika"""	嵐竜重弩薩伊可	ok	ok
ranged	3871	"Ruko Hbg ""Raio"""	嵐竜重弩拉伊歐	ok	ok
ranged	3872	"Light Ruko Hbg ""Morunya"""	嵐竜光重弩姆歐爾烏恩伊阿	ok	ok
ranged	3873	"Ruko Bow ""Ekure"""	嵐竜弓艾庫雷	ok	ok
ranged	3874	"Ruko Bow ""Robon"""	嵐竜弓爾歐布歐恩	bad	type_phonetic
ranged	3875	"Ruko Bow ""Fulgur"""	嵐竜弓夫烏勒格烏爾	ok	ok
ranged	3876	"Light Ruko Bow ""Teravu"""	嵐竜光弓特拉芙	ok	ok
ranged	3877	Ruberbaru	爾烏布艾爾布阿爾	bad	phonetic_salad
ranged	3878	Ruberbaru+	爾烏布艾爾布阿爾＋	bad	phonetic_salad
ranged	3879	True Ruberbaru	真爾烏布艾爾布阿爾	bad	phonetic_salad
ranged	3880	Terra Ruberfusier	特艾爾爾阿爾烏布艾爾夫烏斯	bad	phonetic_salad
ranged	3881	Ruberfusier	爾烏布艾爾夫烏斯	bad	phonetic_salad
ranged	3882	Ruberfusier+	爾烏布艾爾夫烏斯＋	bad	phonetic_salad
ranged	3883	True Ruberfusier	真爾烏布艾爾夫烏斯	bad	phonetic_salad
ranged	3884	Terra Ruberfusier	特艾爾爾阿爾烏布艾爾夫烏斯	bad	phonetic_salad
ranged	3885	Ruberarc	爾烏布艾爾阿爾克	bad	phonetic_salad
ranged	3886	Ruberarc+	爾烏布艾爾阿爾克＋	bad	phonetic_salad
ranged	3887	True Ruberarc	真爾烏布艾爾阿爾克	bad	phonetic_salad
ranged	3888	Terra Ruberarc	特艾爾爾阿爾烏布艾爾阿爾克	bad	phonetic_salad
ranged	3889	Crimson Halve	深紅哈阿勒維艾	ok	ok
ranged	3890	Crimson Saura	深紅薩烏拉	ok	ok
ranged	3891	Torment Halve	折磨哈阿勒維艾	ok	ok
ranged	3892	Torment Saura	折磨薩烏拉	ok	ok
ranged	3893	Lovely Attack	可愛攻撃	ok	ok
ranged	3894	Lovely Body	可愛体	ok	ok
ranged	3895	Lovely Poogie	可愛波歐吉艾	ok	ok
ranged	3896	Baby Attack	布阿布伊攻撃	ok	ok
ranged	3897	Baby Body	布阿布伊体	ok	ok
ranged	3898	Baby Poogie	布阿布伊波歐吉艾	bad	phonetic_salad
ranged	3899	Fake Projection Ⅶ	偽投影Ⅶ	ok	ok
ranged	3900	Fatal Lumen	致命勒烏姆艾恩	ok	ok
ranged	3901	Fleur Lumier	芙蕾爾勒烏姆伊艾爾	bad	phonetic_salad
ranged	3902	Immortal Sorrow	不死研磨尾	ok	ok
ranged	3903	Storm Fury	憤怒嵐	ok	ok
ranged	3904	400F・ラグリッター・パトス	400F・爾阿格烏爾伊爾特・波托斯	bad	phonetic_salad
ranged	3905	410F・ザウリッター・パトス	410F・茲阿烏爾伊爾特阿・波托斯	bad	phonetic_salad
ranged	3906	Wicked Needle	邪針	ok	ok
ranged	3907	Needle Phalanx	針普哈阿勒阿恩克斯	bad	phonetic_salad
ranged	3908	Ill Omen	伊勒勒歐姆艾恩	ok	ok
ranged	3909	Endless Sky	艾恩德勒艾斯斯空	bad	phonetic_salad
ranged	3910	Tempest Nightbow	暴風恩伊格哈特布歐瓦	bad	phonetic_salad
ranged	3911	Heavenly Storm	天上嵐	ok	ok
ranged	3912	Unlimited Daybreak	烏恩勒伊姆伊特艾德阿伊布爾艾阿克	bad	phonetic_salad
ranged	3913	"Inagami Gun ""Thistle"""	雅翁竜銃斯伊斯勒	ok	ok
ranged	3914	"Inagami Gun ""Nephila"""	雅翁竜銃涅菲伊拉	ok	ok
ranged	3915	"Inagami Gun ""Namanade"""	雅翁竜銃娜瑪娜德	ok	ok
ranged	3916	"Inagami Gun ""Roberis"""	雅翁竜銃爾歐布艾爾伊斯	ok	ok
ranged	3917	"Inagami Cannon ""Nazuna"""	雅翁竜加農砲娜祖娜	ok	ok
ranged	3918	"Inagami Cannon ""Biosa"""	雅翁竜加農砲比歐薩	ok	ok
ranged	3919	"Inagami Cannon ""Balsio"""	雅翁竜加農砲布阿勒斯伊歐	bad	phonetic_salad
ranged	3920	"Inagami Cannon""Planatas"""	雅翁竜加農砲普勒阿恩阿特阿斯	bad	phonetic_salad
ranged	3921	Renka Cannon	蓮華加農砲	ok	ok
ranged	3922	"Renka Cannon""Miscanthus"""	蓮華加農砲【芒】	ok	ok
ranged	3923	"Renka Cannon ""Sinensis"""	蓮華加農砲【華】	ok	ok
ranged	3924	540F・煉華ノ弩【杵光】	540F・煉華NO弩杵光	ok	ok
ranged	3925	Renka Bow	蓮華弓	ok	ok
ranged	3926	"Renka Bow ""Chrysanth"""	蓮華弓【菊】	ok	ok
ranged	3927	"Renka Bow ""Morifolium"""	蓮華弓【菊華】	ok	ok
ranged	3928	580F・煉華ノ弓【風光】	580F・煉華NO弓風光	ok	ok
ranged	3929	ダミー	假	ok	skip_empty_dummy
ranged	3930	ダミー	假	ok	skip_empty_dummy
ranged	3931	Ravina Assault	拉維娜強襲	ok	ok
ranged	3932	Ravina Assault+	拉維娜強襲＋	ok	ok
ranged	3933	True Ravina Assault	真拉維娜強襲	ok	ok
ranged	3934	Final Ravina Assault	最終拉維娜強襲	ok	ok
ranged	3935	Ravina Burst	拉維娜爆	ok	ok
ranged	3936	Ravina Burst+	拉維娜爆＋	ok	ok
ranged	3937	True Ravina Burst	真拉維娜爆	ok	ok
ranged	3938	Final Ravina Burst	決勝拉維娜爆	ok	ok
ranged	3939	630F・ソーブリオリースボウ	630F・索布里歐波烏	ok	ok
ranged	3940	Frozen Embers Bow Polar	弓凍結餘燼普歐勒阿爾	bad	phonetic_salad
ranged	3941	Burning Frost Bow Polar	弓燃燒霜普歐勒阿爾	bad	phonetic_salad
ranged	3942	"Torid Bow ""Eyes"""	照雷鳥弓艾伊艾斯	ok	ok
ranged	3943	"Torid Bow ""Skyes"""	照雷鳥弓斯克伊艾斯	ok	ok
ranged	3944	"Torid Bow ""Heaven"""	照雷鳥弓【天】	ok	ok
ranged	3945	"Torid Bow ""Funi"""	照雷鳥弓芙尼	ok	ok
ranged	3946	"Dark Launcher ""Saxicola"""	暗發射器【石通】	ok	ok
ranged	3947	"Dark Launcher ""Ficedula"""	暗發射器【鶲】	ok	ok
ranged	3948	"Dark Launcher ""Auroreus"""	暗發射器【紅脅】	ok	ok
ranged	3949	"Dark Launcher ""Tarsiger"""	暗發射器【歌通】	ok	ok
ranged	3950	Ravina Arrow	拉維娜矢	ok	ok
ranged	3951	Ravina Arrow+	拉維娜矢＋	ok	ok
ranged	3952	True Ravina Arrow	真拉維娜矢	ok	ok
ranged	3953	Final Ravina Arrow	最終拉維娜矢	ok	ok
ranged	3954	Renka Gun	蓮華銃	ok	ok
ranged	3955	"Renka Gun ""Petasites"""	蓮華銃【蜂斗葉】	ok	ok
ranged	3956	"Renka Gun ""Milvus"""	蓮華銃【鳶】	ok	ok
ranged	3957	750F・煉華ノ軽弩【香光】	750F・煉華NO軽弩香光	ok	ok
ranged	3958	760F・歌詠ノ軽弩【前奏】	760F・歌詠NO軽弩前奏	ok	ok
ranged	3959	770F・歌詠ノ軽弩【中奏】	770F・歌詠NO軽弩中奏	ok	ok
ranged	3960	780F・歌詠ノ軽弩【後奏】	780F・歌詠NO軽弩後奏	ok	ok
ranged	3961	790F・歌詠ノ弓【前奏】	790F・歌詠NO弓前奏	ok	ok
ranged	3962	7A0F・歌詠ノ弓【中奏】	7A0F・歌詠NO弓中奏	ok	ok
ranged	3963	7B0F・歌詠ノ弓【後奏】	7B0F・歌詠NO弓後奏	ok	ok
ranged	3964	7C0F・レガーロアモ・ドウ	7C0F・雷加羅阿莫・多烏	ok	ok
ranged	3965	7D0F・歌詠ノ重弩【前奏】	7D0F・歌詠NO重弩前奏	ok	ok
ranged	3966	7E0F・歌詠ノ重弩【中奏】	7E0F・歌詠NO重弩中奏	ok	ok
ranged	3967	7F0F・歌詠ノ重弩【後奏】	7F0F・歌詠NO重弩後奏	ok	ok
ranged	3968	"Rage Launcher ""Man"""	激昂發射器姆阿恩	ok	ok
ranged	3969	"Rage Launcher ""Heart"""	激昂發射器【心】	ok	ok
ranged	3970	"Rage Launcher ""All"""	激昂發射器全	ok	ok
ranged	3971	"Wrath Launcher ""Rage"""	怒發射器激昂	ok	ok
ranged	3972	"Rage Bow ""Phenomenon"""	弓激昂普哈艾恩歐姆艾恩	bad	phonetic_salad
ranged	3973	"Rage Bow ""Appeareance"""	弓激昂阿普普艾阿爾艾阿	bad	phonetic_salad
ranged	3974	"Rage Bow ""Facade"""	弓激昂法可德	ok	ok
ranged	3975	"Wrath Launcher ""Henshia"""	怒發射器哈艾恩斯哈伊阿	bad	phonetic_salad
ranged	3976	Rasasa Bowgun	拉薩薩弩	ok	ok
ranged	3977	ダミー	假	ok	skip_empty_dummy
ranged	3978	Rasasa Rebellion	拉薩薩爾艾布艾勒勒伊歐	bad	phonetic_salad
ranged	3979	Sayyad Cannon	斯阿伊伊阿德加農砲	bad	phonetic_salad
ranged	3980	ダミー	假	ok	skip_empty_dummy
ranged	3981	Sayyad Rebellion	斯阿伊伊阿德爾艾布艾勒勒伊歐	bad	phonetic_salad
ranged	3982	Shalya Bow	弓斯哈阿勒伊阿	ok	ok
ranged	3983	Insurgent Bow	弓伊恩斯烏爾格艾恩	bad	phonetic_salad
ranged	3984	Shalya Rebellion	斯哈阿勒伊阿爾艾布艾勒勒伊歐	bad	phonetic_salad
ranged	3985	ダミー	假	ok	skip_empty_dummy
ranged	3986	ダミー	假	ok	skip_empty_dummy
ranged	3987	ダミー	假	ok	skip_empty_dummy
ranged	3988	ダミー	假	ok	skip_empty_dummy
ranged	3989	Dua Bowgun	雙弩	ok	ok
ranged	3990	Dua Bowgun+	雙弩＋	ok	ok
ranged	3991	True Dua Bowgun	真雙弩	ok	ok
ranged	3992	Esdua Bowgun	艾斯德烏阿弩	ok	ok
ranged	3993	"Resolute Shot ""New"""	剛毅彈新	ok	ok
ranged	3994	"Resolute Shot ""Lunge"""	剛毅彈魯恩艾	ok	ok
ranged	3995	"Resolute Shot ""Faith"""	剛毅彈法伊斯	ok	ok
ranged	3996	"Resolute Shot ""Heart"""	剛毅彈【心】	ok	ok
ranged	3997	"Resolute Shot ""Truth"""	剛毅彈特烏斯	ok	ok
ranged	3998	"Resolute Shot ""Divine"""	剛毅彈【神】	ok	ok
ranged	3999	"Resolute Rifle ""New"""	剛毅里弗艾新	bad	type_phonetic
ranged	4000	"Resolute Rifle ""Lunge"""	剛毅里弗艾魯恩艾	bad	type_phonetic
ranged	4001	"Resolute Rifle ""Faith"""	剛毅里弗艾法伊斯	bad	type_phonetic
ranged	4002	"Resolute Rifle ""Heart"""	剛毅里弗艾【心】	bad	type_phonetic
ranged	4003	"Resolute Rifle ""Truth"""	剛毅里弗艾特烏斯	bad	type_phonetic
ranged	4004	"Resolute Rifle ""Divine"""	剛毅里弗艾【神】	bad	type_phonetic
ranged	4005	"Resolute Arch ""New"""	剛毅強撃新	ok	ok
ranged	4006	"Resolute Arch ""Lunge"""	剛毅強撃魯恩艾	ok	ok
ranged	4007	"Resolute Arch ""Faith"""	剛毅強撃法伊斯	ok	ok
ranged	4008	"Resolute Arch ""Heart"""	剛毅強撃【心】	ok	ok
ranged	4009	"Resolute Arch ""Truth"""	剛毅強撃特烏斯	ok	ok
ranged	4010	"Resolute Arch ""Divine"""	剛毅強撃【神】	ok	ok
ranged	4011	AB0F・煉舞ノ弩【長池】	AB0F・煉舞NO弩長池	ok	ok
ranged	4012	AC0F・煉舞ノ弩【滝寺】	AC0F・煉舞NO弩滝寺	ok	ok
ranged	4013	AD0F・煉舞ノ弩【番屋】	AD0F・煉舞NO弩番屋	ok	ok
ranged	4014	AE0F・煉舞ノ弩【春日】	AE0F・煉舞NO弩春日	ok	ok
ranged	4015	"Apophis Launcher ""Flash"""	阿佩普發射器【閃光】	ok	ok
ranged	4016	"Apophis Launcher ""Shine"""	阿佩普發射器【光輝】	ok	ok
ranged	4017	"Apophis Launcher ""Glory"""	阿佩普發射器【栄光】	ok	ok
ranged	4018	"Apophis Launcher ""Clear"""	阿佩普發射器【透】	ok	ok
ranged	4019	"Apophis Cannon ""Flash"""	阿佩普加農砲【閃光】	ok	ok
ranged	4020	"Apophis Cannon ""Shine"""	阿佩普加農砲【光輝】	ok	ok
ranged	4021	"Apophis Cannon ""Glory"""	阿佩普加農砲【栄光】	ok	ok
ranged	4022	"Apophis Cannon ""Clear"""	阿佩普加農砲【透】	ok	ok
ranged	4023	"Apophis Bow ""Flash"""	弓阿佩普【閃光】	ok	ok
ranged	4024	"Apophis Bow ""Shine"""	弓阿佩普【光輝】	ok	ok
ranged	4025	"Apophis Bow ""Glory"""	弓阿佩普【栄光】	ok	ok
ranged	4026	"Apophis Bow ""Clear"""	弓阿佩普【透】	ok	ok
ranged	4027	"Enki Frostbow ""Flash"""	恩奇霜弓【閃光】	ok	ok
ranged	4028	"Enki Frostbow ""Shine"""	恩奇霜弓【光輝】	ok	ok
ranged	4029	"Enki Stormbow ""Flash"""	恩奇風暴弓【閃光】	ok	ok
ranged	4030	"Enki Stormbow ""Shine"""	恩奇風暴弓【光輝】	ok	ok
ranged	4031	"Scorpio Aquabow ""Flash"""	天蠍阿奎烏阿布歐瓦【閃光】	bad	phonetic_salad
ranged	4032	"Scorpio Aquabow ""Shine"""	天蠍阿奎烏阿布歐瓦【光輝】	bad	phonetic_salad
ranged	4033	"Scorpio Flamebow ""Flash"""	天蠍焔弓【閃光】	ok	ok
ranged	4034	"Scorpio Flamebow ""Shine"""	天蠍焔弓【光輝】	ok	ok
ranged	4035	"Waltz Iceshot ""Flash"""	円舞曲冰彈【閃光】	ok	ok
ranged	4036	"Waltz Iceshot ""Shine"""	円舞曲冰彈【光輝】	ok	ok
ranged	4037	"Waltz Boltshot ""Flash"""	円舞曲雷彈【閃光】	ok	ok
ranged	4038	"Waltz Boltshot ""Shine"""	円舞曲雷彈【光輝】	ok	ok
ranged	4039	Dua Gewehr	雙格艾瓦艾哈爾	ok	ok
ranged	4040	Dua Gewehr+	雙格艾瓦艾哈爾＋	bad	phonetic_salad
ranged	4041	True Dua Gewehr	真雙格艾瓦艾哈爾	ok	ok
ranged	4042	Esdua Gewehr	艾斯德烏阿格艾瓦艾哈爾	bad	phonetic_salad
ranged	4043	Dua Rakete	雙拉凱特	ok	ok
ranged	4044	Dua Rakete+	雙拉凱特＋	ok	ok
ranged	4045	True Dua Rakete	真雙拉凱特	ok	ok
ranged	4046	Esdua Rakete	艾斯德烏阿拉凱特	bad	phonetic_salad
ranged	4047	"Melody Arch ""Prelude"""	旋律強撃普艾魯德	ok	ok
ranged	4048	"Melody Arch ""Chorus"""	旋律強撃合唱	ok	ok
ranged	4049	"Melody Arch ""Encore"""	旋律強撃艾恩克歐爾艾	bad	phonetic_salad
ranged	4050	Lunar Plague	月普勒阿格烏艾	ok	ok
ranged	4051	Luna Varo	月神瓦羅	ok	ok
ranged	4052	Luna Taurus	月神特阿烏爾烏斯	bad	phonetic_salad
ranged	4053	Luna Luminous	月神勒烏姆伊恩歐烏斯	bad	phonetic_salad
ranged	4054	D60F・煉舞ノ軽弩【鹿縞】	D60F・煉舞NO軽弩鹿縞	ok	ok
ranged	4055	D70F・煉舞ノ軽弩【沼瑞】	D70F・煉舞NO軽弩沼瑞	ok	ok
ranged	4056	D80F・煉舞ノ軽弩【曲凛】	D80F・煉舞NO軽弩曲凛	ok	ok
ranged	4057	D90F・煉舞ノ軽弩【佐倉】	D90F・煉舞NO軽弩佐倉	ok	ok
ranged	4058	DA0F・煉舞ノ弓【浦登】	DA0F・煉舞NO弓浦登	ok	ok
ranged	4059	DB0F・煉舞ノ弓【関原】	DB0F・煉舞NO弓関原	ok	ok
ranged	4060	DC0F・煉舞ノ弓【稲葉】	DC0F・煉舞NO弓稲葉	ok	ok
ranged	4061	DD0F・煉舞ノ弓【桐山】	DD0F・煉舞NO弓桐山	ok	ok
ranged	4062	"Ruinate Frostbow ""Flash"""	毀滅霜弓【閃光】	ok	ok
ranged	4063	"Ruinate Frostbow ""Shine"""	毀滅霜弓【光輝】	ok	ok
ranged	4064	"Ruinate Stormbow ""Flash"""	毀滅風暴弓【閃光】	ok	ok
ranged	4065	"Ruinate Stormbow ""Shine"""	毀滅風暴弓【光輝】	ok	ok
ranged	4066	"Bolero Heatshot ""Flash"""	波勒羅熱彈【閃光】	ok	ok
ranged	4067	"Bolero Heatshot ""Shine"""	波勒羅熱彈【光輝】	ok	ok
ranged	4068	"Bolero Aquashot ""Flash"""	波勒羅水彈【閃光】	ok	ok
ranged	4069	"Bolero Aquashot ""Shine"""	波勒羅水彈【光輝】	ok	ok
ranged	4070	"Remnant Frostgun ""Flash"""	殘響霜銃【閃光】	ok	ok
ranged	4071	"Remnant Frostgun ""Shine"""	殘響霜銃【光輝】	ok	ok
ranged	4072	"Remnant Boltgun ""Flash"""	殘響雷銃【閃光】	ok	ok
ranged	4073	"Remnant Boltgun ""Shine"""	殘響雷銃【光輝】	ok	ok
ranged	4074	"Chaos Flamegun ""Flash"""	混沌焔銃【閃光】	ok	ok
ranged	4075	"Chaos Flamegun ""Shine"""	混沌焔銃【光輝】	ok	ok
ranged	4076	"Chaos Aquagun ""Flash"""	混沌水銃【閃光】	ok	ok
ranged	4077	"Chaos Aquagun ""Shine"""	混沌水銃【光輝】	ok	ok
ranged	4078	Yellow Banana	黄來迪拉	ok	ok
ranged	4079	Yellow Banaana	黄巴娜阿娜	ok	ok
ranged	4080	Yellow Banaanu	黄巴娜阿努	ok	ok
ranged	4081	Yellow Banaane	黄巴娜阿涅	ok	ok
ranged	4082	Yellow Banaanas	黄布阿恩阿阿恩阿斯	bad	phonetic_salad
ranged	4083	F30F・エリュー・フィン	F30F・艾里烏・夫伊恩	bad	phonetic_salad
ranged	4084	F40F・エリュー・クインス	F40F・艾里烏・克烏伊恩斯烏	bad	phonetic_salad
ranged	4085	F50F・エリュー・ペーロペ	F50F・艾里烏・佩羅佩	ok	ok
ranged	4086	F60F・エリュー・ヴィーナス	F60F・艾里烏・維娜蘇	ok	ok
ranged	4087	Liberty	勒伊布艾爾特伊	ok	ok
ranged	4088	Euphoria	陶酔	ok	ok
ranged	4089	Web Elegy	網艾勒艾格伊	ok	ok
ranged	4090	Minio・High	米尼歐上位	ok	ok
ranged	4091	Minio・Moon	米尼歐月	ok	ok
ranged	4092	Minio・Toray	米尼歐特歐爾阿伊	bad	phonetic_salad
ranged	4093	Minio・Glass	米尼歐玻璃	ok	ok
ranged	4094	Minio・Keef	米尼歐克艾艾夫	ok	ok
ranged	4095	Minio・Rozuro	米尼歐羅祖羅	ok	ok
ranged	4096	Harine・Ray	哈里涅光線	ok	ok
ranged	4097	Harine・Sun	哈里涅日	ok	ok
ranged	4098	Harine・Aru	哈里涅阿魯	ok	ok
ranged	4099	Harine・Garlia	哈里涅格阿爾勒伊阿	bad	phonetic_salad
ranged	4100	Harine・Kouf	哈里涅克歐烏夫	ok	ok
ranged	4101	Harine・Rosara	哈里涅羅薩拉	ok	ok
ranged	4102	Thousand Enemy Tank Ⅱ	千敵坦克Ⅱ	ok	ok
ranged	4103	Thousand Enemy Tank Ⅲ	千敵坦克Ⅲ	ok	ok
ranged	4104	Thousand Enemy Tank Ⅳ	千敵坦克Ⅳ	ok	ok
ranged	4105	Thousand Enemy Tank Ⅴ	千敵坦克Ⅴ	ok	ok
ranged	4106	Thousand Enemy Tank Ⅰ	千敵坦克Ⅰ	ok	ok
ranged	4107	Goru Cannon Ⅰ	戈爾加諾斯加農砲Ⅰ	ok	ok
ranged	4108	Goru Cannon Ⅱ	戈爾加諾斯加農砲Ⅱ	ok	ok
ranged	4109	Goru Cannon Ⅲ	戈爾加諾斯加農砲Ⅲ	ok	ok
ranged	4110	"Goru Cannon ""Zero"""	戈爾加諾斯加農砲【零】	ok	ok
ranged	4111	Aru Cannon Ⅰ	阿爾加諾斯加農砲Ⅰ	ok	ok
ranged	4112	Aru Cannon Ⅱ	阿爾加諾斯加農砲Ⅱ	ok	ok
ranged	4113	Aru Cannon Ⅲ	阿爾加諾斯加農砲Ⅲ	ok	ok
ranged	4114	"Aru Cannon ""Zero"""	阿爾加諾斯加農砲【零】	ok	ok
ranged	4115	Barrel Rapidcannon Ⅰ	槍管速射加農Ⅰ	ok	ok
ranged	4116	Barrel Rapidcannon Ⅱ	槍管速射加農Ⅱ	ok	ok
ranged	4117	Barrel Rapidcannon Ⅲ	槍管速射加農Ⅲ	ok	ok
ranged	4118	Barrel Rapidcannon Ⅳ	槍管速射加農Ⅳ	ok	ok
ranged	4119	Barrel Rapidcannon Ⅴ	槍管速射加農Ⅴ	ok	ok
ranged	4120	Barrel Rapidcannon Ⅵ	槍管速射加農Ⅵ	ok	ok
ranged	4121	"Bloodeating Gun ""Spice"""	噬血銃香辛料	ok	ok
ranged	4122	"Bloodeating Gun ""Sweet"""	噬血銃甘	ok	ok
ranged	4123	"Bloodeating Gun ""Suflan"""	噬血銃斯烏夫勒阿恩	bad	phonetic_salad
ranged	4124	"Bloodeating Gun ""Sukado"""	噬血銃蘇可多	ok	ok
ranged	4125	"Bloodeating Hbg ""Karma"""	重弩噬血克阿爾姆阿	ok	ok
ranged	4126	"Bloodeating Hbg ""Calie"""	重弩噬血可利艾	ok	ok
ranged	4127	"BloodeatingHbg""Caligula"""	重弩噬血可利古拉	ok	ok
ranged	4128	"Bloodeating Hbg ""Karado"""	重弩噬血可拉多	ok	ok
ranged	4129	Chroma Assault	炫彩強襲	ok	ok
ranged	4130	Chroma Assault+	炫彩強襲＋	ok	ok
ranged	4131	True Chroma Assault	真・炫彩強襲	ok	ok
ranged	4132	Final Chroma Assault	終炫彩強襲	ok	ok
ranged	4133	Chroma Launcher	炫彩發射器	ok	ok
ranged	4134	Chroma Launcher+	炫彩發射器＋	ok	ok
ranged	4135	True Chroma Launcher	真・炫彩發射器	ok	ok
ranged	4136	Final Chroma Launcher	終炫彩發射器	ok	ok
ranged	4137	Chroma Arrow	炫彩矢	ok	ok
ranged	4138	Chroma Arrow+	炫彩矢＋	ok	ok
ranged	4139	True Chroma Arrow	真・炫彩矢	ok	ok
ranged	4140	Final Chroma Arrow	終炫彩矢	ok	ok
ranged	4141	2D10・ペプトコス	2D10・佩普托科蘇	ok	ok
ranged	4142	2E10・ペプトコス・タミエル	2E10・佩普托科蘇・塔米艾魯	ok	ok
ranged	4143	2F10・ペプトコス・アンバー	2F10・佩普托科蘇・阿恩布阿	ok	ok
ranged	4144	3010・ペプトコス・ソフィア	3010・佩普托科蘇・SO	ok	ok
ranged	4145	3110・ペプトコス・アゲロス	3110・佩普托科蘇・阿格羅斯	ok	ok
ranged	4146	Lethe Rifle	忘川里弗艾	bad	type_phonetic
ranged	4147	"Lethe Rifle ""Anarchy"""	忘川里弗艾阿恩阿爾克哈伊	bad	type_phonetic
ranged	4148	"Lethe Rifle ""Desire"""	忘川里弗艾德西雷	bad	type_phonetic
ranged	4149	"Lethe Rifle ""Jurojin"""	忘川里弗艾杰烏爾歐杰伊恩	bad	type_phonetic
ranged	4150	Lethe Cannon	忘川加農砲	ok	ok
ranged	4151	"Lethe Cannon ""Anarchy"""	忘川加農砲【無序】	ok	ok
ranged	4152	"Lethe Cannon ""Desire"""	忘川加農砲【願望】	ok	ok
ranged	4153	"Lethe Cannon ""Marici"""	忘川加農砲【摩利支】	ok	ok
ranged	4154	Lethe Arrow	忘川矢	ok	ok
ranged	4155	"Lethe Arrow ""Anarchy"""	忘川矢【無序】	ok	ok
ranged	4156	"Lethe Arrow ""Desire"""	忘川矢【願望】	ok	ok
ranged	4157	"Lethe Arrow ""Fukurokuju"""	忘川矢【福禄寿】	ok	ok
ranged	4158	"Enrapture Gun ""Intro"""	狂喜銃序	ok	ok
ranged	4159	"Enrapture Gun ""Chorus"""	狂喜銃合唱	ok	ok
ranged	4160	"Enrapture Gun ""Encore"""	狂喜銃艾恩克歐爾艾	bad	phonetic_salad
ranged	4161	"Enrapture Rifle ""Intro"""	狂喜里弗艾序	bad	type_phonetic
ranged	4162	"Enrapture Rifle ""Chorus"""	狂喜里弗艾合唱	bad	type_phonetic
ranged	4163	"Enrapture Rifle ""Encore"""	狂喜里弗艾艾恩克歐爾艾	bad	type_phonetic
ranged	4164	"Enrapture Arch ""Intro"""	狂喜強撃序	ok	ok
ranged	4165	"Enrapture Arch ""Intro"""	狂喜強撃序	ok	ok
ranged	4166	"Enrapture Arch ""Intro"""	狂喜強撃序	ok	ok
ranged	4167	Poet Assault	詩人強襲	ok	ok
ranged	4168	Poet Assault+	詩人強襲＋	ok	ok
ranged	4169	True Poet Assault	真・詩人強襲	ok	ok
ranged	4170	Poetry Assault	詩歌強襲	ok	ok
ranged	4171	Poet Launcher	詩人發射器	ok	ok
ranged	4172	Poet Launcher+	詩人發射器＋	ok	ok
ranged	4173	True Poet Launcher	真・詩人發射器	ok	ok
ranged	4174	Poetry Launcher	詩歌發射器	ok	ok
ranged	4175	Poet Arrow	詩人矢	ok	ok
ranged	4176	Poet Arrow+	詩人矢＋	ok	ok
ranged	4177	True Poet Arrow	真・詩人矢	ok	ok
ranged	4178	Poetry Arrow	詩歌矢	ok	ok
ranged	4179	Maje・Sun	魔導日	ok	ok
ranged	4180	Maje・Mine	魔導米涅	ok	ok
ranged	4181	Maje・Toggle	魔導特歐格格勒艾	bad	phonetic_salad
ranged	4182	Maje・Puleia	魔導普勒伊阿	ok	ok
ranged	4183	Maje・Scorpio	魔導天蠍	ok	ok
ranged	4184	Maje・Thyrsus	魔導特哈伊爾斯烏斯	bad	phonetic_salad
ranged	4185	Maje・Moon	魔導月	ok	ok
ranged	4186	Maje・Hein	魔導哈艾伊恩	ok	ok
ranged	4187	Maje・Blaze	魔導炎	ok	ok
ranged	4188	Maje・Trista	魔導特伊斯阿	ok	ok
ranged	4189	Maje・Gracano	魔導格阿可諾	ok	ok
ranged	4190	Maje・Ceraunus	魔導克艾爾阿烏恩烏斯	bad	phonetic_salad
ranged	4191	Maje・Horn	魔導之角	ok	ok
ranged	4192	Maje・Cane	魔導可涅	ok	ok
ranged	4193	Maje・Freyol	魔導夫爾艾伊歐勒	bad	phonetic_salad
ranged	4194	Maje・Sfera	魔導斯夫艾爾阿	ok	ok
ranged	4195	Maje・Gauhara	魔導加烏哈拉	ok	ok
ranged	4196	Maje・Misteltein	魔導姆伊斯特艾勒特艾	bad	phonetic_salad
ranged	4197	Gray・Sun	灰日	ok	ok
ranged	4198	Gray・Mine	灰米涅	ok	ok
ranged	4199	Gray・Toggle	灰特歐格格勒艾	ok	ok
ranged	4200	Gray・Puleia	灰普勒伊阿	ok	ok
ranged	4201	Gray・Scorpio	灰天蠍	ok	ok
ranged	4202	Gray・Lyceum	灰勒伊克艾烏姆	ok	ok
ranged	4203	Gray・Moon	灰月	ok	ok
ranged	4204	Gray・Hein	灰哈艾伊恩	ok	ok
ranged	4205	Gray・Blaze	灰炎	ok	ok
ranged	4206	Gray・Trista	灰特伊斯阿	ok	ok
ranged	4207	Gray・Gracano	灰格阿可諾	ok	ok
ranged	4208	Gray・Vajra	灰維阿杰爾阿	ok	ok
ranged	4209	Gray・Horn	灰之角	ok	ok
ranged	4210	Gray・Cane	灰可涅	ok	ok
ranged	4211	Gray・Freyol	灰夫爾艾伊歐勒	ok	ok
ranged	4212	Gray・Sfera	灰斯夫艾爾阿	ok	ok
ranged	4213	Gray・Gauhara	灰加烏哈拉	ok	ok
ranged	4214	Gray・Pashupata	格雷・波舒波塔	ok	ok
ranged	4215	True Taicannon	真特阿伊克阿恩恩歐	bad	phonetic_salad
ranged	4216	True Taicannon・Satsuki	真特阿伊克阿恩恩歐斯阿特斯烏克伊	bad	phonetic_salad
ranged	4217	True Taicannon・Consolida	真特阿伊克阿恩恩歐克歐恩斯歐勒伊德	bad	phonetic_salad
ranged	4218	True Taicannon・Hyacinth	真特阿伊克阿恩恩歐哈伊阿克伊恩特哈	bad	phonetic_salad
ranged	4219	True Taikun Bow	多殼蟹真弓	ok	ok
ranged	4220	True Taikun Bow・Pasque	多殼蟹真弓普阿斯奎烏艾	ok	ok
ranged	4221	True Taikun Bow・Makhmali	多殼蟹真弓姆阿克哈姆阿勒伊	bad	phonetic_salad
ranged	4222	True Taikun Bow・Marigold	多殼蟹真弓姆阿爾伊格歐勒德	bad	phonetic_salad
